{"command": ["/usr/bin/python3.14", "/home/x/deco/gamma/projects/enwiki9/tools/run_with_resource_guard_v3.py", "--limit-kib", "1048576", "--official-decimal-limit-kib", "1048576", "--limit-mode", "tree", "--cgroup-path", "/sys/fs/cgroup/user.slice/user-1000.slice/user@1000.service/app.slice/gamma-enwiki9-20260907T153225Z_61daf1a29b", "--cgroup-memory-max-bytes", "1073741824", "--temporary-disk-limit-bytes", "268435456", "--phase-marker-path", "/home/x/deco/gamma/projects/enwiki9/run_logs/adaptive/20260907T153225Z_61daf1a29b.resources/phases.jsonl", "--max-logical-cpus", "1", "--guard-json", "/home/x/deco/gamma/projects/enwiki9/run_logs/adaptive/20260907T153225Z_61daf1a29b.resources/guard.json", "--label", "20260907T153225Z_61daf1a29b", "--phase", "diagnostic", "--scratch-path", "/home/x/deco/gamma/projects/enwiki9/results/fx2_causal_preceding_wrt250k_q0_v1", "--scratch-path", "/home/x/deco/gamma/projects/enwiki9/results/fx2_causal_preceding_wrt250k_q0_v1_controller_tmp/gamma-enwiki9-20260907T153225Z_61daf1a29b-djgfkwv_/fx2_causal_preceding_wrt250k_q0_v1", "--scratch-path", "/home/x/deco/gamma/projects/enwiki9/run_logs/adaptive/20260907T153225Z_61daf1a29b.log", "--scratch-path", "/home/x/deco/gamma/projects/enwiki9/run_logs/adaptive/20260907T153225Z_61daf1a29b.resources", "--", "/usr/bin/taskset", "--cpu-list", "2", "/bin/sh", "-c", "printf '%s\\n' '{\"phase\":\"diagnostic\",\"event\":\"worker_start\",\"detail\":\"operational envelope only; no codec phase credit\"}' >> \"$GAMMA_RESOURCE_PHASE_MARKERS\" || exit 125; exec \"$@\"", "enwiki9-discovery-envelope", "/usr/bin/python3.14", "/home/x/deco/gamma/projects/enwiki9/tools/fx2_causal_field_preceding_gate_v2.py"], "job": {"candidate_id": "fx2_causal_preceding_wrt250k_q0_v1", "candidate_revision": {"path": "operations/adaptive/candidate-revisions/fx2_causal_preceding_wrt250k_q0_v1/20260907T153212293859Z_4afc40448e6b.json", "sha256": "sha256:1567a9174e90edf48cfd5e682a60017414d3aea550219f4c1b9626e89b5295bb"}, "candidate_tree_sha256": "sha256:4afc40448e6b4f1cefbedf9e3efd5f4c41af34442ba98eee7041a0c4376bb312", "execution_guard": {"path": "tools/run_with_resource_guard_v3.py", "sha256": "sha256:044147f7ffe6922ea8dafd52fc3d4426077b20958adbcd421245ad41adcfc1e4"}, "execution_mode": "discovery", "execution_resources": {"boot_id": "3ce46712-27bc-4199-8e48-e2b3d23926cb", "budget": {"cgroup_parent": "/sys/fs/cgroup/user.slice/user-1000.slice/user@1000.service/app.slice", "cpus": [2], "memory_bytes": 1073741824, "scratch_bytes": 268435456, "swap_bytes": 0, "wall_seconds": 900}, "cgroup_inode": 245199, "cgroup_path": "/sys/fs/cgroup/user.slice/user-1000.slice/user@1000.service/app.slice/gamma-enwiki9-20260907T153225Z_61daf1a29b", "cpu_enforcement": "taskset-and-sampled-affinity-guard", "groups": [{"created": true, "inode": 245199, "kernel_cpuset": false, "memory_bytes": 1073741824, "path": "/sys/fs/cgroup/user.slice/user-1000.slice/user@1000.service/app.slice/gamma-enwiki9-20260907T153225Z_61daf1a29b"}], "guard_command_sha256": "abde84ef018024f8dd25e6c7e3d07301deadd7d945eb2120fe6d3b0b5131607c", "guard_path": "run_logs/adaptive/20260907T153225Z_61daf1a29b.resources/guard.json", "missing_diagnostics": ["kernel cpuset controller is not delegated; taskset assignment and existing affinity guard remain active"], "timing_authority": "diagnostic"}, "experiment": {"path": "operations/adaptive/experiments/fx2_causal_preceding_wrt250k_q0_v1.json", "sha256": "sha256:fcfa667d4048e1a75a681844918ce2398ba4a94c0280550d87a5d50c825980d5"}, "gate_size": 250000, "held": false, "held_at": "2026-09-07T15:32:34+00:00", "hold_history": [{"at": "2026-09-07T15:32:34+00:00", "held": true, "reason": "Publish exact claim, candidate revision and held queue before fresh canonical admission and the six-arm corpus comparison."}, {"at": "2026-09-07T15:34:17+00:00", "held": false, "reason": "Source and contract e1a048203 plus exact ownership and held queue b520befe45000654b62638bc4ba7bdf00105abf4 published;214 references match local and origin bytes. Fresh admission reports no live or unknown jobs,CPU2 idle and76093046784 available RAM. Execute only the frozen six-arm opening250KB gate."}], "job_id": "20260907T153225Z_61daf1a29b", "priority": 909, "proposal": {"path": "operations/adaptive/proposals/developed/080_fx2_causal_preceding_wrt250k_q0_v1.json", "sha256": "sha256:50f9073d8817efb42226a7f9312f8789797f196d05993b118e149bf2bfb78868"}, "proposal_id": "fx2_causal_preceding_wrt250k_q0_v1", "purpose": "diagnostic", "released_at": "2026-09-07T15:34:17+00:00", "resource_budget": {"cgroup_parent": "/sys/fs/cgroup/user.slice/user-1000.slice/user@1000.service/app.slice", "cpus": [2], "memory_bytes": 1073741824, "scratch_bytes": 268435456, "swap_bytes": 0, "wall_seconds": 900}, "runner": {"path": "tools/fx2_causal_field_preceding_gate_v2.py", "sha256": "sha256:45fdf46247353a9c7889f9e216da4e5e204b133d6d8d89583252a0d3b7f6e29c"}, "schema": "gamma.enwiki9.adaptive-job.v3", "scratch_directories": ["results/fx2_causal_preceding_wrt250k_q0_v1"], "started_at": "2026-09-07T15:34:17+00:00", "state": "running", "submitted_at": "2026-09-07T15:32:25+00:00", "tags": ["preceding-field"], "timing_authority": "diagnostic", "tool": "tools/fx2_causal_field_preceding_gate_v2.py", "tool_args": []}}
{"artifact_index_diagnostics": {"bytes": 209, "path": "results/fx2_causal_preceding_wrt250k_q0_v1/artifact-index-diagnostics.json", "sha256": "8edcbf3e0100aa544f7d88ce370c5369452e789eadd5fe1d65875aa36590e0b5"}, "artifacts": {"bytes": 27992, "path": "results/fx2_causal_preceding_wrt250k_q0_v1/artifacts.json", "sha256": "0a274dedf77a29f5329ebacbe9df221643ea7e17148c211e59223465e861f535"}, "candidate_id": "fx2_causal_preceding_wrt250k_q0_v1", "child_closure_ok": true, "commands": [{"accepted_returncodes": [0], "command": ["/usr/bin/timeout", "--signal=TERM", "--kill-after=2", "180", "/usr/bin/python3.14", "-B", "/home/x/deco/gamma/projects/enwiki9/tools/fx2_causal_field_preceding_replay_v1.py", "encode", "/home/x/deco/gamma/projects/enwiki9/results/fx2_causal_preceding_wrt250k_q0_v1/work/modeled.bin", "/home/x/deco/gamma/projects/enwiki9/results/fx2_causal_preceding_wrt250k_q0_v1/work/P-encode.bin", "--sync", "/home/x/deco/gamma/projects/enwiki9/results/fx2_causal_preceding_wrt250k_q0_v1/work/P-encode.sync", "--q16", "/home/x/deco/gamma/projects/enwiki9/results/fx2_causal_preceding_wrt250k_q0_v1/work/q16.bin", "--dictionary", "/home/x/deco/gamma/projects/enwiki9/results/fx2_causal_preceding_wrt250k_q0_v1/work/dictionary.bin", "--arm", "P", "--prefix", "47465631070003d0908000024eaae8160400ffffff0301fc0ff9feffff07ffffffffffffffffffffffffffffffff", "--raw-bytes", "250000", "--raw-sha256", "665fc689441b68462d88f82dc33212abe9c4824be095d03a556c9b55a2829fd3"], "elapsed_cap_seconds": 180, "elapsed_seconds": 3.705351487034932, "environment": {"MKL_NUM_THREADS": "1", "OMP_NUM_THREADS": "1", "OPENBLAS_NUM_THREADS": "1", "PYTHONHASHSEED": "0"}, "launch_error": null, "missing_diagnostics": [], "phase": "P-encode", "returncode": 0, "system_cpu_seconds": 0.018841, "timing_authority": "shared-host diagnostic", "user_cpu_seconds": 3.580725}, {"accepted_returncodes": [0], "command": ["/usr/bin/timeout", "--signal=TERM", "--kill-after=2", "180", "/usr/bin/python3.14", "-B", "/home/x/deco/gamma/projects/enwiki9/tools/fx2_causal_field_preceding_replay_v1.py", "decode", "/home/x/deco/gamma/projects/enwiki9/results/fx2_causal_preceding_wrt250k_q0_v1/work/P-encode.bin", "/home/x/deco/gamma/projects/enwiki9/results/fx2_causal_preceding_wrt250k_q0_v1/work/P-decode.bin", "--sync", "/home/x/deco/gamma/projects/enwiki9/results/fx2_causal_preceding_wrt250k_q0_v1/work/P-decode.sync", "--q16", "/home/x/deco/gamma/projects/enwiki9/results/fx2_causal_preceding_wrt250k_q0_v1/work/q16.bin", "--dictionary", "/home/x/deco/gamma/projects/enwiki9/results/fx2_causal_preceding_wrt250k_q0_v1/work/dictionary.bin", "--arm", "P", "--prefix", "47465631070003d0908000024eaae8160400ffffff0301fc0ff9feffff07ffffffffffffffffffffffffffffffff", "--raw-bytes", "250000", "--raw-sha256", "665fc689441b68462d88f82dc33212abe9c4824be095d03a556c9b55a2829fd3"], "elapsed_cap_seconds": 180, "elapsed_seconds": 4.205627103103325, "environment": {"MKL_NUM_THREADS": "1", "OMP_NUM_THREADS": "1", "OPENBLAS_NUM_THREADS": "1", "PYTHONHASHSEED": "0"}, "launch_error": null, "missing_diagnostics": [], "phase": "P-decode", "returncode": 0, "system_cpu_seconds": 0.009634, "timing_authority": "shared-host diagnostic", "user_cpu_seconds": 4.110565}, {"accepted_returncodes": [0], "command": ["/usr/bin/timeout", "--signal=TERM", "--kill-after=2", "180", "/usr/bin/python3.14", "-B", "/home/x/deco/gamma/projects/enwiki9/tools/fx2_causal_field_preceding_replay_v1.py", "repeat", "/home/x/deco/gamma/projects/enwiki9/results/fx2_causal_preceding_wrt250k_q0_v1/work/modeled.bin", "/home/x/deco/gamma/projects/enwiki9/results/fx2_causal_preceding_wrt250k_q0_v1/work/P-repeat.bin", "--sync", "/home/x/deco/gamma/projects/enwiki9/results/fx2_causal_preceding_wrt250k_q0_v1/work/P-repeat.sync", "--q16", "/home/x/deco/gamma/projects/enwiki9/results/fx2_causal_preceding_wrt250k_q0_v1/work/q16.bin", "--dictionary", "/home/x/deco/gamma/projects/enwiki9/results/fx2_causal_preceding_wrt250k_q0_v1/work/dictionary.bin", "--arm", "P", "--prefix", "47465631070003d0908000024eaae8160400ffffff0301fc0ff9feffff07ffffffffffffffffffffffffffffffff", "--raw-bytes", "250000", "--raw-sha256", "665fc689441b68462d88f82dc33212abe9c4824be095d03a556c9b55a2829fd3"], "elapsed_cap_seconds": 180, "elapsed_seconds": 3.705713452072814, "environment": {"MKL_NUM_THREADS": "1", "OMP_NUM_THREADS": "1", "OPENBLAS_NUM_THREADS": "1", "PYTHONHASHSEED": "0"}, "launch_error": null, "missing_diagnostics": [], "phase": "P-repeat", "returncode": 0, "system_cpu_seconds": 0.011622, "timing_authority": "shared-host diagnostic", "user_cpu_seconds": 3.6108519999999995}, {"accepted_returncodes": [0], "command": ["/usr/bin/timeout", "--signal=TERM", "--kill-after=2", "180", "/usr/bin/python3.14", "-B", "/home/x/deco/gamma/projects/enwiki9/tools/fx2_causal_field_preceding_replay_v1.py", "encode", "/home/x/deco/gamma/projects/enwiki9/results/fx2_causal_preceding_wrt250k_q0_v1/work/modeled.bin", "/home/x/deco/gamma/projects/enwiki9/results/fx2_causal_preceding_wrt250k_q0_v1/work/K-encode.bin", "--sync", "/home/x/deco/gamma/projects/enwiki9/results/fx2_causal_preceding_wrt250k_q0_v1/work/K-encode.sync", "--q16", "/home/x/deco/gamma/projects/enwiki9/results/fx2_causal_preceding_wrt250k_q0_v1/work/q16.bin", "--dictionary", "/home/x/deco/gamma/projects/enwiki9/results/fx2_causal_preceding_wrt250k_q0_v1/work/dictionary.bin", "--arm", "K", "--prefix", "47465631070003d0908000024eaae8160400ffffff0301fc0ff9feffff07ffffffffffffffffffffffffffffffff", "--raw-bytes", "250000", "--raw-sha256", "665fc689441b68462d88f82dc33212abe9c4824be095d03a556c9b55a2829fd3"], "elapsed_cap_seconds": 180, "elapsed_seconds": 3.9051557830534875, "environment": {"MKL_NUM_THREADS": "1", "OMP_NUM_THREADS": "1", "OPENBLAS_NUM_THREADS": "1", "PYTHONHASHSEED": "0"}, "launch_error": null, "missing_diagnostics": [], "phase": "K-encode", "returncode": 0, "system_cpu_seconds": 0.012655, "timing_authority": "shared-host diagnostic", "user_cpu_seconds": 3.8014980000000005}, {"accepted_returncodes": [0], "command": ["/usr/bin/timeout", "--signal=TERM", "--kill-after=2", "180", "/usr/bin/python3.14", "-B", "/home/x/deco/gamma/projects/enwiki9/tools/fx2_causal_field_preceding_replay_v1.py", "decode", "/home/x/deco/gamma/projects/enwiki9/results/fx2_causal_preceding_wrt250k_q0_v1/work/K-encode.bin", "/home/x/deco/gamma/projects/enwiki9/results/fx2_causal_preceding_wrt250k_q0_v1/work/K-decode.bin", "--sync", "/home/x/deco/gamma/projects/enwiki9/results/fx2_causal_preceding_wrt250k_q0_v1/work/K-decode.sync", "--q16", "/home/x/deco/gamma/projects/enwiki9/results/fx2_causal_preceding_wrt250k_q0_v1/work/q16.bin", "--dictionary", "/home/x/deco/gamma/projects/enwiki9/results/fx2_causal_preceding_wrt250k_q0_v1/work/dictionary.bin", "--arm", "K", "--prefix", "47465631070003d0908000024eaae8160400ffffff0301fc0ff9feffff07ffffffffffffffffffffffffffffffff", "--raw-bytes", "250000", "--raw-sha256", "665fc689441b68462d88f82dc33212abe9c4824be095d03a556c9b55a2829fd3"], "elapsed_cap_seconds": 180, "elapsed_seconds": 4.406034183921292, "environment": {"MKL_NUM_THREADS": "1", "OMP_NUM_THREADS": "1", "OPENBLAS_NUM_THREADS": "1", "PYTHONHASHSEED": "0"}, "launch_error": null, "missing_diagnostics": [], "phase": "K-decode", "returncode": 0, "system_cpu_seconds": 0.011187999999999997, "timing_authority": "shared-host diagnostic", "user_cpu_seconds": 4.335931999999998}, {"accepted_returncodes": [0], "command": ["/usr/bin/timeout", "--signal=TERM", "--kill-after=2", "180", "/usr/bin/python3.14", "-B", "/home/x/deco/gamma/projects/enwiki9/tools/fx2_causal_field_preceding_replay_v1.py", "repeat", "/home/x/deco/gamma/projects/enwiki9/results/fx2_causal_preceding_wrt250k_q0_v1/work/modeled.bin", "/home/x/deco/gamma/projects/enwiki9/results/fx2_causal_preceding_wrt250k_q0_v1/work/K-repeat.bin", "--sync", "/home/x/deco/gamma/projects/enwiki9/results/fx2_causal_preceding_wrt250k_q0_v1/work/K-repeat.sync", "--q16", "/home/x/deco/gamma/projects/enwiki9/results/fx2_causal_preceding_wrt250k_q0_v1/work/q16.bin", "--dictionary", "/home/x/deco/gamma/projects/enwiki9/results/fx2_causal_preceding_wrt250k_q0_v1/work/dictionary.bin", "--arm", "K", "--prefix", "47465631070003d0908000024eaae8160400ffffff0301fc0ff9feffff07ffffffffffffffffffffffffffffffff", "--raw-bytes", "250000", "--raw-sha256", "665fc689441b68462d88f82dc33212abe9c4824be095d03a556c9b55a2829fd3"], "elapsed_cap_seconds": 180, "elapsed_seconds": 4.005462499102578, "environment": {"MKL_NUM_THREADS": "1", "OMP_NUM_THREADS": "1", "OPENBLAS_NUM_THREADS": "1", "PYTHONHASHSEED": "0"}, "launch_error": null, "missing_diagnostics": [], "phase": "K-repeat", "returncode": 0, "system_cpu_seconds": 0.015446000000000001, "timing_authority": "shared-host diagnostic", "user_cpu_seconds": 3.9262700000000024}, {"accepted_returncodes": [0], "command": ["/usr/bin/timeout", "--signal=TERM", "--kill-after=2", "180", "/usr/bin/python3.14", "-B", "/home/x/deco/gamma/projects/enwiki9/tools/fx2_causal_field_preceding_replay_v1.py", "encode", "/home/x/deco/gamma/projects/enwiki9/results/fx2_causal_preceding_wrt250k_q0_v1/work/modeled.bin", "/home/x/deco/gamma/projects/enwiki9/results/fx2_causal_preceding_wrt250k_q0_v1/work/T-encode.bin", "--sync", "/home/x/deco/gamma/projects/enwiki9/results/fx2_causal_preceding_wrt250k_q0_v1/work/T-encode.sync", "--q16", "/home/x/deco/gamma/projects/enwiki9/results/fx2_causal_preceding_wrt250k_q0_v1/work/q16.bin", "--dictionary", "/home/x/deco/gamma/projects/enwiki9/results/fx2_causal_preceding_wrt250k_q0_v1/work/dictionary.bin", "--arm", "T", "--prefix", "47465631070003d0908000024eaae8160400ffffff0301fc0ff9feffff07ffffffffffffffffffffffffffffffff", "--raw-bytes", "250000", "--raw-sha256", "665fc689441b68462d88f82dc33212abe9c4824be095d03a556c9b55a2829fd3"], "elapsed_cap_seconds": 180, "elapsed_seconds": 3.904992761090398, "environment": {"MKL_NUM_THREADS": "1", "OMP_NUM_THREADS": "1", "OPENBLAS_NUM_THREADS": "1", "PYTHONHASHSEED": "0"}, "launch_error": null, "missing_diagnostics": [], "phase": "T-encode", "returncode": 0, "system_cpu_seconds": 0.010411000000000004, "timing_authority": "shared-host diagnostic", "user_cpu_seconds": 3.8653399999999998}, {"accepted_returncodes": [0], "command": ["/usr/bin/timeout", "--signal=TERM", "--kill-after=2", "180", "/usr/bin/python3.14", "-B", "/home/x/deco/gamma/projects/enwiki9/tools/fx2_causal_field_preceding_replay_v1.py", "decode", "/home/x/deco/gamma/projects/enwiki9/results/fx2_causal_preceding_wrt250k_q0_v1/work/T-encode.bin", "/home/x/deco/gamma/projects/enwiki9/results/fx2_causal_preceding_wrt250k_q0_v1/work/T-decode.bin", "--sync", "/home/x/deco/gamma/projects/enwiki9/results/fx2_causal_preceding_wrt250k_q0_v1/work/T-decode.sync", "--q16", "/home/x/deco/gamma/projects/enwiki9/results/fx2_causal_preceding_wrt250k_q0_v1/work/q16.bin", "--dictionary", "/home/x/deco/gamma/projects/enwiki9/results/fx2_causal_preceding_wrt250k_q0_v1/work/dictionary.bin", "--arm", "T", "--prefix", "47465631070003d0908000024eaae8160400ffffff0301fc0ff9feffff07ffffffffffffffffffffffffffffffff", "--raw-bytes", "250000", "--raw-sha256", "665fc689441b68462d88f82dc33212abe9c4824be095d03a556c9b55a2829fd3"], "elapsed_cap_seconds": 180, "elapsed_seconds": 4.5060737889725715, "environment": {"MKL_NUM_THREADS": "1", "OMP_NUM_THREADS": "1", "OPENBLAS_NUM_THREADS": "1", "PYTHONHASHSEED": "0"}, "launch_error": null, "missing_diagnostics": [], "phase": "T-decode", "returncode": 0, "system_cpu_seconds": 0.012573999999999988, "timing_authority": "shared-host diagnostic", "user_cpu_seconds": 4.408982999999999}, {"accepted_returncodes": [0], "command": ["/usr/bin/timeout", "--signal=TERM", "--kill-after=2", "180", "/usr/bin/python3.14", "-B", "/home/x/deco/gamma/projects/enwiki9/tools/fx2_causal_field_preceding_replay_v1.py", "repeat", "/home/x/deco/gamma/projects/enwiki9/results/fx2_causal_preceding_wrt250k_q0_v1/work/modeled.bin", "/home/x/deco/gamma/projects/enwiki9/results/fx2_causal_preceding_wrt250k_q0_v1/work/T-repeat.bin", "--sync", "/home/x/deco/gamma/projects/enwiki9/results/fx2_causal_preceding_wrt250k_q0_v1/work/T-repeat.sync", "--q16", "/home/x/deco/gamma/projects/enwiki9/results/fx2_causal_preceding_wrt250k_q0_v1/work/q16.bin", "--dictionary", "/home/x/deco/gamma/projects/enwiki9/results/fx2_causal_preceding_wrt250k_q0_v1/work/dictionary.bin", "--arm", "T", "--prefix", "47465631070003d0908000024eaae8160400ffffff0301fc0ff9feffff07ffffffffffffffffffffffffffffffff", "--raw-bytes", "250000", "--raw-sha256", "665fc689441b68462d88f82dc33212abe9c4824be095d03a556c9b55a2829fd3"], "elapsed_cap_seconds": 180, "elapsed_seconds": 3.9077986672054976, "environment": {"MKL_NUM_THREADS": "1", "OMP_NUM_THREADS": "1", "OPENBLAS_NUM_THREADS": "1", "PYTHONHASHSEED": "0"}, "launch_error": null, "missing_diagnostics": [], "phase": "T-repeat", "returncode": 0, "system_cpu_seconds": 0.010011000000000006, "timing_authority": "shared-host diagnostic", "user_cpu_seconds": 3.8184270000000033}, {"accepted_returncodes": [0], "command": ["/usr/bin/timeout", "--signal=TERM", "--kill-after=2", "180", "/usr/bin/python3.14", "-B", "/home/x/deco/gamma/projects/enwiki9/tools/fx2_causal_field_preceding_replay_v1.py", "encode", "/home/x/deco/gamma/projects/enwiki9/results/fx2_causal_preceding_wrt250k_q0_v1/work/modeled.bin", "/home/x/deco/gamma/projects/enwiki9/results/fx2_causal_preceding_wrt250k_q0_v1/work/O-encode.bin", "--sync", "/home/x/deco/gamma/projects/enwiki9/results/fx2_causal_preceding_wrt250k_q0_v1/work/O-encode.sync", "--q16", "/home/x/deco/gamma/projects/enwiki9/results/fx2_causal_preceding_wrt250k_q0_v1/work/q16.bin", "--dictionary", "/home/x/deco/gamma/projects/enwiki9/results/fx2_causal_preceding_wrt250k_q0_v1/work/dictionary.bin", "--arm", "O", "--prefix", "47465631070003d0908000024eaae8160400ffffff0301fc0ff9feffff07ffffffffffffffffffffffffffffffff", "--raw-bytes", "250000", "--raw-sha256", "665fc689441b68462d88f82dc33212abe9c4824be095d03a556c9b55a2829fd3"], "elapsed_cap_seconds": 180, "elapsed_seconds": 3.805664014071226, "environment": {"MKL_NUM_THREADS": "1", "OMP_NUM_THREADS": "1", "OPENBLAS_NUM_THREADS": "1", "PYTHONHASHSEED": "0"}, "launch_error": null, "missing_diagnostics": [], "phase": "O-encode", "returncode": 0, "system_cpu_seconds": 0.013585, "timing_authority": "shared-host diagnostic", "user_cpu_seconds": 3.7442259999999976}, {"accepted_returncodes": [0], "command": ["/usr/bin/timeout", "--signal=TERM", "--kill-after=2", "180", "/usr/bin/python3.14", "-B", "/home/x/deco/gamma/projects/enwiki9/tools/fx2_causal_field_preceding_replay_v1.py", "decode", "/home/x/deco/gamma/projects/enwiki9/results/fx2_causal_preceding_wrt250k_q0_v1/work/O-encode.bin", "/home/x/deco/gamma/projects/enwiki9/results/fx2_causal_preceding_wrt250k_q0_v1/work/O-decode.bin", "--sync", "/home/x/deco/gamma/projects/enwiki9/results/fx2_causal_preceding_wrt250k_q0_v1/work/O-decode.sync", "--q16", "/home/x/deco/gamma/projects/enwiki9/results/fx2_causal_preceding_wrt250k_q0_v1/work/q16.bin", "--dictionary", "/home/x/deco/gamma/projects/enwiki9/results/fx2_causal_preceding_wrt250k_q0_v1/work/dictionary.bin", "--arm", "O", "--prefix", "47465631070003d0908000024eaae8160400ffffff0301fc0ff9feffff07ffffffffffffffffffffffffffffffff", "--raw-bytes", "250000", "--raw-sha256", "665fc689441b68462d88f82dc33212abe9c4824be095d03a556c9b55a2829fd3"], "elapsed_cap_seconds": 180, "elapsed_seconds": 4.305532964877784, "environment": {"MKL_NUM_THREADS": "1", "OMP_NUM_THREADS": "1", "OPENBLAS_NUM_THREADS": "1", "PYTHONHASHSEED": "0"}, "launch_error": null, "missing_diagnostics": [], "phase": "O-decode", "returncode": 0, "system_cpu_seconds": 0.015720000000000012, "timing_authority": "shared-host diagnostic", "user_cpu_seconds": 4.2316999999999965}, {"accepted_returncodes": [0], "command": ["/usr/bin/timeout", "--signal=TERM", "--kill-after=2", "180", "/usr/bin/python3.14", "-B", "/home/x/deco/gamma/projects/enwiki9/tools/fx2_causal_field_preceding_replay_v1.py", "repeat", "/home/x/deco/gamma/projects/enwiki9/results/fx2_causal_preceding_wrt250k_q0_v1/work/modeled.bin", "/home/x/deco/gamma/projects/enwiki9/results/fx2_causal_preceding_wrt250k_q0_v1/work/O-repeat.bin", "--sync", "/home/x/deco/gamma/projects/enwiki9/results/fx2_causal_preceding_wrt250k_q0_v1/work/O-repeat.sync", "--q16", "/home/x/deco/gamma/projects/enwiki9/results/fx2_causal_preceding_wrt250k_q0_v1/work/q16.bin", "--dictionary", "/home/x/deco/gamma/projects/enwiki9/results/fx2_causal_preceding_wrt250k_q0_v1/work/dictionary.bin", "--arm", "O", "--prefix", "47465631070003d0908000024eaae8160400ffffff0301fc0ff9feffff07ffffffffffffffffffffffffffffffff", "--raw-bytes", "250000", "--raw-sha256", "665fc689441b68462d88f82dc33212abe9c4824be095d03a556c9b55a2829fd3"], "elapsed_cap_seconds": 180, "elapsed_seconds": 3.9050490241497755, "environment": {"MKL_NUM_THREADS": "1", "OMP_NUM_THREADS": "1", "OPENBLAS_NUM_THREADS": "1", "PYTHONHASHSEED": "0"}, "launch_error": null, "missing_diagnostics": [], "phase": "O-repeat", "returncode": 0, "system_cpu_seconds": 0.010340999999999989, "timing_authority": "shared-host diagnostic", "user_cpu_seconds": 3.8265890000000056}, {"accepted_returncodes": [0], "command": ["/usr/bin/timeout", "--signal=TERM", "--kill-after=2", "180", "/usr/bin/python3.14", "-B", "/home/x/deco/gamma/projects/enwiki9/tools/fx2_causal_field_preceding_replay_v1.py", "encode", "/home/x/deco/gamma/projects/enwiki9/results/fx2_causal_preceding_wrt250k_q0_v1/work/modeled.bin", "/home/x/deco/gamma/projects/enwiki9/results/fx2_causal_preceding_wrt250k_q0_v1/work/R-encode.bin", "--sync", "/home/x/deco/gamma/projects/enwiki9/results/fx2_causal_preceding_wrt250k_q0_v1/work/R-encode.sync", "--q16", "/home/x/deco/gamma/projects/enwiki9/results/fx2_causal_preceding_wrt250k_q0_v1/work/q16.bin", "--dictionary", "/home/x/deco/gamma/projects/enwiki9/results/fx2_causal_preceding_wrt250k_q0_v1/work/dictionary.bin", "--arm", "R", "--prefix", "47465631070003d0908000024eaae8160400ffffff0301fc0ff9feffff07ffffffffffffffffffffffffffffffff", "--raw-bytes", "250000", "--raw-sha256", "665fc689441b68462d88f82dc33212abe9c4824be095d03a556c9b55a2829fd3"], "elapsed_cap_seconds": 180, "elapsed_seconds": 4.005555504001677, "environment": {"MKL_NUM_THREADS": "1", "OMP_NUM_THREADS": "1", "OPENBLAS_NUM_THREADS": "1", "PYTHONHASHSEED": "0"}, "launch_error": null, "missing_diagnostics": [], "phase": "R-encode", "returncode": 0, "system_cpu_seconds": 0.007998000000000005, "timing_authority": "shared-host diagnostic", "user_cpu_seconds": 3.8786409999999947}, {"accepted_returncodes": [0], "command": ["/usr/bin/timeout", "--signal=TERM", "--kill-after=2", "180", "/usr/bin/python3.14", "-B", "/home/x/deco/gamma/projects/enwiki9/tools/fx2_causal_field_preceding_replay_v1.py", "decode", "/home/x/deco/gamma/projects/enwiki9/results/fx2_causal_preceding_wrt250k_q0_v1/work/R-encode.bin", "/home/x/deco/gamma/projects/enwiki9/results/fx2_causal_preceding_wrt250k_q0_v1/work/R-decode.bin", "--sync", "/home/x/deco/gamma/projects/enwiki9/results/fx2_causal_preceding_wrt250k_q0_v1/work/R-decode.sync", "--q16", "/home/x/deco/gamma/projects/enwiki9/results/fx2_causal_preceding_wrt250k_q0_v1/work/q16.bin", "--dictionary", "/home/x/deco/gamma/projects/enwiki9/results/fx2_causal_preceding_wrt250k_q0_v1/work/dictionary.bin", "--arm", "R", "--prefix", "47465631070003d0908000024eaae8160400ffffff0301fc0ff9feffff07ffffffffffffffffffffffffffffffff", "--raw-bytes", "250000", "--raw-sha256", "665fc689441b68462d88f82dc33212abe9c4824be095d03a556c9b55a2829fd3"], "elapsed_cap_seconds": 180, "elapsed_seconds": 4.606119268806651, "environment": {"MKL_NUM_THREADS": "1", "OMP_NUM_THREADS": "1", "OPENBLAS_NUM_THREADS": "1", "PYTHONHASHSEED": "0"}, "launch_error": null, "missing_diagnostics": [], "phase": "R-decode", "returncode": 0, "system_cpu_seconds": 0.008644999999999986, "timing_authority": "shared-host diagnostic", "user_cpu_seconds": 4.518687}, {"accepted_returncodes": [0], "command": ["/usr/bin/timeout", "--signal=TERM", "--kill-after=2", "180", "/usr/bin/python3.14", "-B", "/home/x/deco/gamma/projects/enwiki9/tools/fx2_causal_field_preceding_replay_v1.py", "repeat", "/home/x/deco/gamma/projects/enwiki9/results/fx2_causal_preceding_wrt250k_q0_v1/work/modeled.bin", "/home/x/deco/gamma/projects/enwiki9/results/fx2_causal_preceding_wrt250k_q0_v1/work/R-repeat.bin", "--sync", "/home/x/deco/gamma/projects/enwiki9/results/fx2_causal_preceding_wrt250k_q0_v1/work/R-repeat.sync", "--q16", "/home/x/deco/gamma/projects/enwiki9/results/fx2_causal_preceding_wrt250k_q0_v1/work/q16.bin", "--dictionary", "/home/x/deco/gamma/projects/enwiki9/results/fx2_causal_preceding_wrt250k_q0_v1/work/dictionary.bin", "--arm", "R", "--prefix", "47465631070003d0908000024eaae8160400ffffff0301fc0ff9feffff07ffffffffffffffffffffffffffffffff", "--raw-bytes", "250000", "--raw-sha256", "665fc689441b68462d88f82dc33212abe9c4824be095d03a556c9b55a2829fd3"], "elapsed_cap_seconds": 180, "elapsed_seconds": 4.005105413030833, "environment": {"MKL_NUM_THREADS": "1", "OMP_NUM_THREADS": "1", "OPENBLAS_NUM_THREADS": "1", "PYTHONHASHSEED": "0"}, "launch_error": null, "missing_diagnostics": [], "phase": "R-repeat", "returncode": 0, "system_cpu_seconds": 0.016306000000000015, "timing_authority": "shared-host diagnostic", "user_cpu_seconds": 3.8815500000000043}, {"accepted_returncodes": [0], "command": ["/usr/bin/timeout", "--signal=TERM", "--kill-after=2", "180", "/usr/bin/python3.14", "-B", "/home/x/deco/gamma/projects/enwiki9/tools/fx2_causal_field_preceding_replay_v1.py", "encode", "/home/x/deco/gamma/projects/enwiki9/results/fx2_causal_preceding_wrt250k_q0_v1/work/modeled.bin", "/home/x/deco/gamma/projects/enwiki9/results/fx2_causal_preceding_wrt250k_q0_v1/work/S-encode.bin", "--sync", "/home/x/deco/gamma/projects/enwiki9/results/fx2_causal_preceding_wrt250k_q0_v1/work/S-encode.sync", "--q16", "/home/x/deco/gamma/projects/enwiki9/results/fx2_causal_preceding_wrt250k_q0_v1/work/q16.bin", "--dictionary", "/home/x/deco/gamma/projects/enwiki9/results/fx2_causal_preceding_wrt250k_q0_v1/work/dictionary.bin", "--arm", "S", "--prefix", "47465631070003d0908000024eaae8160400ffffff0301fc0ff9feffff07ffffffffffffffffffffffffffffffff", "--raw-bytes", "250000", "--raw-sha256", "665fc689441b68462d88f82dc33212abe9c4824be095d03a556c9b55a2829fd3"], "elapsed_cap_seconds": 180, "elapsed_seconds": 4.00526200607419, "environment": {"MKL_NUM_THREADS": "1", "OMP_NUM_THREADS": "1", "OPENBLAS_NUM_THREADS": "1", "PYTHONHASHSEED": "0"}, "launch_error": null, "missing_diagnostics": [], "phase": "S-encode", "returncode": 0, "system_cpu_seconds": 0.014678999999999998, "timing_authority": "shared-host diagnostic", "user_cpu_seconds": 3.9252809999999982}, {"accepted_returncodes": [0], "command": ["/usr/bin/timeout", "--signal=TERM", "--kill-after=2", "180", "/usr/bin/python3.14", "-B", "/home/x/deco/gamma/projects/enwiki9/tools/fx2_causal_field_preceding_replay_v1.py", "decode", "/home/x/deco/gamma/projects/enwiki9/results/fx2_causal_preceding_wrt250k_q0_v1/work/S-encode.bin", "/home/x/deco/gamma/projects/enwiki9/results/fx2_causal_preceding_wrt250k_q0_v1/work/S-decode.bin", "--sync", "/home/x/deco/gamma/projects/enwiki9/results/fx2_causal_preceding_wrt250k_q0_v1/work/S-decode.sync", "--q16", "/home/x/deco/gamma/projects/enwiki9/results/fx2_causal_preceding_wrt250k_q0_v1/work/q16.bin", "--dictionary", "/home/x/deco/gamma/projects/enwiki9/results/fx2_causal_preceding_wrt250k_q0_v1/work/dictionary.bin", "--arm", "S", "--prefix", "47465631070003d0908000024eaae8160400ffffff0301fc0ff9feffff07ffffffffffffffffffffffffffffffff", "--raw-bytes", "250000", "--raw-sha256", "665fc689441b68462d88f82dc33212abe9c4824be095d03a556c9b55a2829fd3"], "elapsed_cap_seconds": 180, "elapsed_seconds": 4.406476275995374, "environment": {"MKL_NUM_THREADS": "1", "OMP_NUM_THREADS": "1", "OPENBLAS_NUM_THREADS": "1", "PYTHONHASHSEED": "0"}, "launch_error": null, "missing_diagnostics": [], "phase": "S-decode", "returncode": 0, "system_cpu_seconds": 0.01772499999999999, "timing_authority": "shared-host diagnostic", "user_cpu_seconds": 4.333590999999998}, {"accepted_returncodes": [0], "command": ["/usr/bin/timeout", "--signal=TERM", "--kill-after=2", "180", "/usr/bin/python3.14", "-B", "/home/x/deco/gamma/projects/enwiki9/tools/fx2_causal_field_preceding_replay_v1.py", "repeat", "/home/x/deco/gamma/projects/enwiki9/results/fx2_causal_preceding_wrt250k_q0_v1/work/modeled.bin", "/home/x/deco/gamma/projects/enwiki9/results/fx2_causal_preceding_wrt250k_q0_v1/work/S-repeat.bin", "--sync", "/home/x/deco/gamma/projects/enwiki9/results/fx2_causal_preceding_wrt250k_q0_v1/work/S-repeat.sync", "--q16", "/home/x/deco/gamma/projects/enwiki9/results/fx2_causal_preceding_wrt250k_q0_v1/work/q16.bin", "--dictionary", "/home/x/deco/gamma/projects/enwiki9/results/fx2_causal_preceding_wrt250k_q0_v1/work/dictionary.bin", "--arm", "S", "--prefix", "47465631070003d0908000024eaae8160400ffffff0301fc0ff9feffff07ffffffffffffffffffffffffffffffff", "--raw-bytes", "250000", "--raw-sha256", "665fc689441b68462d88f82dc33212abe9c4824be095d03a556c9b55a2829fd3"], "elapsed_cap_seconds": 180, "elapsed_seconds": 3.906031852820888, "environment": {"MKL_NUM_THREADS": "1", "OMP_NUM_THREADS": "1", "OPENBLAS_NUM_THREADS": "1", "PYTHONHASHSEED": "0"}, "launch_error": null, "missing_diagnostics": [], "phase": "S-repeat", "returncode": 0, "system_cpu_seconds": 0.013622999999999996, "timing_authority": "shared-host diagnostic", "user_cpu_seconds": 3.839334000000008}], "comparison": {"bytes": 27463, "path": "results/fx2_causal_preceding_wrt250k_q0_v1/comparison.json", "sha256": "05630340a8dea849759a79aea393557b85db6680dd6d3b1fc9785374b16ab0ab"}, "complete_package_bytes": null, "continuous_guard_decision": "pending canonical outer guard closure", "elapsed_stop_authority": {"child_phase_seconds": 180, "diagnostic_guard_wall_may_be_null": true, "native_gate_aggregate_seconds": 900, "outer_lab_seconds": 900}, "experiment": {"path": "operations/adaptive/experiments/fx2_causal_preceding_wrt250k_q0_v1.json", "sha256": "sha256:fcfa667d4048e1a75a681844918ce2398ba4a94c0280550d87a5d50c825980d5"}, "failure_class": "failed_causal_controls", "full_corpus_score_bytes": null, "larger_gate_authorized": false, "objective_credit_bytes": 0, "outer_controller_admission": {"binding_kind": "observed prospective direct parent of frozen guard", "boot_id": "3ce46712-27bc-4199-8e48-e2b3d23926cb", "command": ["/usr/bin/python3.14", "/home/x/deco/gamma/projects/enwiki9/tools/enwiki9_lab.py", "run", "--candidate", "fx2_causal_preceding_wrt250k_q0_v1", "--max-workers", "1", "--min-free-mib", "16384", "--max-load", "24"], "command_sha256": "5f03daf00667211f6f1ccff00d0b72c09ae6a250674fecea5680573440562f6b", "controller_source": {"id": "frozen-input-202", "path": "tools/enwiki9_lab.py", "sha256": "sha256:dfe3ec344ddb35863af7f8055e63e89c45fccff0811220f72183ff7862c57b09"}, "cwd": "/home/x/deco/gamma/projects/enwiki9", "guard_pid": 2158810, "guard_proc_start_ticks": 189139588, "guard_wall_limit_may_be_null": true, "job_id": "20260907T153225Z_61daf1a29b", "job_wall_budget_seconds": 900, "parent_pid": 2643307, "pid": 2158553, "proc_start_ticks": 189139523, "python_executable": {"bytes": 7481192, "path": "/usr/bin/python3.14", "sha256": "b8d8288faefdd300201f43fcf00f6f539a27218eeed3a3dff5ab10b9c4c99700"}, "qualification_authority": false, "timer_owner": "enwiki9_lab.wait_for_budgeted_worker"}, "schema": "gamma.enwiki9.fx2-causal-preceding-stage.v1", "status": "passed"}
{
  "resource_guard": {
    "cgroup": {
      "inode": 245199,
      "joined_before_exec": true,
      "memory_max_bytes": 1073741824,
      "memory_max_rounding_bytes": 0,
      "memory_peak_reset": true,
      "path": "/sys/fs/cgroup/user.slice/user-1000.slice/user@1000.service/app.slice/gamma-enwiki9-20260907T153225Z_61daf1a29b",
      "previous_memory_max": "1073741824",
      "requested_memory_max_bytes": 1073741824
    },
    "cgroup_events": {
      "baseline": {
        "high": 0,
        "low": 0,
        "max": 0,
        "oom": 0,
        "oom_group_kill": 0,
        "oom_kill": 0,
        "sock_throttled": 0
      },
      "delta": {
        "high": 0,
        "low": 0,
        "max": 0,
        "oom": 0,
        "oom_group_kill": 0,
        "oom_kill": 0,
        "sock_throttled": 0
      },
      "final": {
        "high": 0,
        "low": 0,
        "max": 0,
        "oom": 0,
        "oom_group_kill": 0,
        "oom_kill": 0,
        "sock_throttled": 0
      }
    },
    "command": [
      "/usr/bin/taskset",
      "--cpu-list",
      "2",
      "/bin/sh",
      "-c",
      "printf '%s\\n' '{\"phase\":\"diagnostic\",\"event\":\"worker_start\",\"detail\":\"operational envelope only; no codec phase credit\"}' >> \"$GAMMA_RESOURCE_PHASE_MARKERS\" || exit 125; exec \"$@\"",
      "enwiki9-discovery-envelope",
      "/usr/bin/python3.14",
      "/home/x/deco/gamma/projects/enwiki9/tools/fx2_causal_field_preceding_gate_v2.py"
    ],
    "command_sha256": "1c4f73a31d49da6df115d229f46558fe8f6f63962da5ea6ed6d9008b1b5d0bcf",
    "elapsed_s": 76.3389,
    "geekbench5_single_core_score": null,
    "guards": {
      "cgroup_memory_guard_exceeded": false,
      "logical_cpu_guard_exceeded": false,
      "measurement_incomplete": false,
      "official_decimal_memory_exceeded": false,
      "phase_marker_invalid": false,
      "rss_guard_exceeded": false,
      "temporary_disk_guard_exceeded": false,
      "wall_time_guard_exceeded": false
    },
    "label": "20260907T153225Z_61daf1a29b",
    "latest_sample": {
      "allowed_cpu_union": [],
      "cgroup_current_bytes": 99287040,
      "elapsed_s": 76.3368,
      "max_single_rss_kib": 0,
      "persistent_status_misses": [],
      "processes": [],
      "scratch_allocated_bytes": 95461376,
      "scratch_file_count": 157,
      "scratch_logical_bytes": 95041874,
      "scratch_race_count": 0,
      "tree_live_threads": 0,
      "tree_rss_kib": 0,
      "tree_runnable_threads": 0
    },
    "limit_kib": 1048576,
    "limit_mode": "tree",
    "max_logical_cpus": 1,
    "measurements": {
      "affinity_complete": true,
      "cgroup_v2_complete": true,
      "per_process_vmhwm_sampled": true,
      "phase_markers_complete": true,
      "process_tree_rss_complete": true,
      "scratch_logical_and_allocated_complete": true,
      "smaps_rollup_complete": true
    },
    "objective": {
      "corpusBytes": 1000000000,
      "corpusSha256": "159b85351e5f76e60cbe32e04c677847a9ecba3adc79addab6f4c6c7aa3744bc",
      "objectiveDigest": "sha256:16badfa6c1a53b47bcc12b089fdd9c21f7405ea56a84344d60c28d2252da8288",
      "objectiveId": "gamma-enwiki9-hutter-99m-v2",
      "objectivePath": "contracts/research/v2/objective-contract.json",
      "targetScoreBytes": 99000000
    },
    "official_decimal_limit_kib": 1048576,
    "peak_process_vmhwm": {
      "comm": "python3.14",
      "observed_elapsed_s": 50.2188,
      "pid": 2158836,
      "start_ticks": 189139597,
      "vmhwm_kib": 65912
    },
    "peak_sample": {
      "allowed_cpu_union": [
        2
      ],
      "cgroup_current_bytes": 122224640,
      "elapsed_s": 50.2188,
      "max_single_rss_kib": 65912,
      "persistent_status_misses": [],
      "processes": [
        {
          "allowed_cpus": [
            2
          ],
          "comm": "python3.14",
          "live_threads": 1,
          "pid": 2158836,
          "rss_kib": 65912,
          "runnable_threads": 0,
          "start_ticks": 189139597,
          "vmhwm_kib": 65912
        }
      ],
      "scratch_allocated_bytes": 64856064,
      "scratch_file_count": 112,
      "scratch_logical_bytes": 64546035,
      "scratch_race_count": 0,
      "tree_live_threads": 1,
      "tree_rss_kib": 65912,
      "tree_runnable_threads": 0
    },
    "peak_tree_sample": {
      "allowed_cpu_union": [
        2
      ],
      "cgroup_current_bytes": 88551424,
      "elapsed_s": 12.0622,
      "max_single_rss_kib": 61196,
      "persistent_status_misses": [],
      "processes": [
        {
          "allowed_cpus": [
            2
          ],
          "comm": "python3.14",
          "live_threads": 1,
          "pid": 2158836,
          "rss_kib": 61196,
          "runnable_threads": 0,
          "start_ticks": 189139597,
          "vmhwm_kib": 61196
        },
        {
          "allowed_cpus": [
            2
          ],
          "comm": "timeout",
          "live_threads": 1,
          "pid": 2161790,
          "rss_kib": 7916,
          "runnable_threads": 0,
          "start_ticks": 189140453,
          "vmhwm_kib": 7916
        },
        {
          "allowed_cpus": [
            2
          ],
          "comm": "python3.14",
          "live_threads": 1,
          "pid": 2161791,
          "rss_kib": 33912,
          "runnable_threads": 1,
          "start_ticks": 189140454,
          "vmhwm_kib": 33912
        }
      ],
      "scratch_allocated_bytes": 13934592,
      "scratch_file_count": 45,
      "scratch_logical_bytes": 13801764,
      "scratch_race_count": 0,
      "tree_live_threads": 3,
      "tree_rss_kib": 103024,
      "tree_runnable_threads": 1
    },
    "peaks": {
      "cgroup_memory_peak_bytes": 171331584,
      "max_observed_process_vmhwm_kib": 65912,
      "max_sampled_allowed_cpu_count": 1,
      "max_sampled_cgroup_current_bytes": 165720064,
      "max_sampled_scratch_allocated_bytes": 95461376,
      "max_sampled_scratch_logical_bytes": 95041874,
      "max_sampled_single_rss_kib": 65912,
      "max_sampled_tree_live_threads": 3,
      "max_sampled_tree_rss_kib": 103024,
      "max_sampled_tree_runnable_threads": 1
    },
    "phase": "diagnostic",
    "phase_marker_path": "/home/x/deco/gamma/projects/enwiki9/run_logs/adaptive/20260907T153225Z_61daf1a29b.resources/phases.jsonl",
    "phase_markers": [
      {
        "detail": "operational envelope only; no codec phase credit",
        "event": "worker_start",
        "observed_elapsed_s": 0.0226,
        "phase": "diagnostic",
        "source_line": 1
      },
      {
        "detail": null,
        "event": "start",
        "observed_elapsed_s": 0.5236,
        "phase": "P-encode",
        "source_line": 2
      },
      {
        "detail": null,
        "event": "end",
        "observed_elapsed_s": 4.5375,
        "phase": "P-encode",
        "source_line": 3
      },
      {
        "detail": null,
        "event": "start",
        "observed_elapsed_s": 4.5375,
        "phase": "P-decode",
        "source_line": 4
      },
      {
        "detail": null,
        "event": "end",
        "observed_elapsed_s": 8.5491,
        "phase": "P-decode",
        "source_line": 5
      },
      {
        "detail": null,
        "event": "start",
        "observed_elapsed_s": 9.0513,
        "phase": "P-repeat",
        "source_line": 6
      },
      {
        "detail": null,
        "event": "end",
        "observed_elapsed_s": 12.5636,
        "phase": "P-repeat",
        "source_line": 7
      },
      {
        "detail": null,
        "event": "start",
        "observed_elapsed_s": 12.5636,
        "phase": "K-encode",
        "source_line": 8
      },
      {
        "detail": null,
        "event": "end",
        "observed_elapsed_s": 16.5801,
        "phase": "K-encode",
        "source_line": 9
      },
      {
        "detail": null,
        "event": "start",
        "observed_elapsed_s": 16.5801,
        "phase": "K-decode",
        "source_line": 10
      },
      {
        "detail": null,
        "event": "end",
        "observed_elapsed_s": 21.0959,
        "phase": "K-decode",
        "source_line": 11
      },
      {
        "detail": null,
        "event": "start",
        "observed_elapsed_s": 21.0959,
        "phase": "K-repeat",
        "source_line": 12
      },
      {
        "detail": null,
        "event": "end",
        "observed_elapsed_s": 25.113,
        "phase": "K-repeat",
        "source_line": 13
      },
      {
        "detail": null,
        "event": "start",
        "observed_elapsed_s": 25.6158,
        "phase": "T-encode",
        "source_line": 14
      },
      {
        "detail": null,
        "event": "end",
        "observed_elapsed_s": 29.1302,
        "phase": "T-encode",
        "source_line": 15
      },
      {
        "detail": null,
        "event": "start",
        "observed_elapsed_s": 29.6322,
        "phase": "T-decode",
        "source_line": 16
      },
      {
        "detail": null,
        "event": "end",
        "observed_elapsed_s": 34.1516,
        "phase": "T-decode",
        "source_line": 17
      },
      {
        "detail": null,
        "event": "start",
        "observed_elapsed_s": 34.1516,
        "phase": "T-repeat",
        "source_line": 18
      },
      {
        "detail": null,
        "event": "end",
        "observed_elapsed_s": 38.1679,
        "phase": "T-repeat",
        "source_line": 19
      },
      {
        "detail": null,
        "event": "start",
        "observed_elapsed_s": 38.1679,
        "phase": "O-encode",
        "source_line": 20
      },
      {
        "detail": null,
        "event": "end",
        "observed_elapsed_s": 42.1841,
        "phase": "O-encode",
        "source_line": 21
      },
      {
        "detail": null,
        "event": "start",
        "observed_elapsed_s": 42.1841,
        "phase": "O-decode",
        "source_line": 22
      },
      {
        "detail": null,
        "event": "end",
        "observed_elapsed_s": 46.1991,
        "phase": "O-decode",
        "source_line": 23
      },
      {
        "detail": null,
        "event": "start",
        "observed_elapsed_s": 46.7025,
        "phase": "O-repeat",
        "source_line": 24
      },
      {
        "detail": null,
        "event": "end",
        "observed_elapsed_s": 50.2188,
        "phase": "O-repeat",
        "source_line": 25
      },
      {
        "detail": null,
        "event": "start",
        "observed_elapsed_s": 50.7216,
        "phase": "R-encode",
        "source_line": 26
      },
      {
        "detail": null,
        "event": "end",
        "observed_elapsed_s": 54.7392,
        "phase": "R-encode",
        "source_line": 27
      },
      {
        "detail": null,
        "event": "start",
        "observed_elapsed_s": 54.7392,
        "phase": "R-decode",
        "source_line": 28
      },
      {
        "detail": null,
        "event": "end",
        "observed_elapsed_s": 59.2589,
        "phase": "R-decode",
        "source_line": 29
      },
      {
        "detail": null,
        "event": "start",
        "observed_elapsed_s": 59.2589,
        "phase": "R-repeat",
        "source_line": 30
      },
      {
        "detail": null,
        "event": "end",
        "observed_elapsed_s": 63.2767,
        "phase": "R-repeat",
        "source_line": 31
      },
      {
        "detail": null,
        "event": "start",
        "observed_elapsed_s": 63.7793,
        "phase": "S-encode",
        "source_line": 32
      },
      {
        "detail": null,
        "event": "end",
        "observed_elapsed_s": 67.7978,
        "phase": "S-encode",
        "source_line": 33
      },
      {
        "detail": null,
        "event": "start",
        "observed_elapsed_s": 67.7978,
        "phase": "S-decode",
        "source_line": 34
      },
      {
        "detail": null,
        "event": "end",
        "observed_elapsed_s": 72.3177,
        "phase": "S-decode",
        "source_line": 35
      },
      {
        "detail": null,
        "event": "start",
        "observed_elapsed_s": 72.3177,
        "phase": "S-repeat",
        "source_line": 36
      },
      {
        "detail": null,
        "event": "end",
        "observed_elapsed_s": 76.3368,
        "phase": "S-repeat",
        "source_line": 37
      }
    ],
    "returncode": 0,
    "sample_count": 153,
    "sample_interval_seconds": 0.5,
    "schema": "gamma.enwiki9.resource-guard-receipt.v3",
    "scratch_paths": [
      "/home/x/deco/gamma/projects/enwiki9/results/fx2_causal_preceding_wrt250k_q0_v1",
      "/home/x/deco/gamma/projects/enwiki9/results/fx2_causal_preceding_wrt250k_q0_v1_controller_tmp/gamma-enwiki9-20260907T153225Z_61daf1a29b-djgfkwv_/fx2_causal_preceding_wrt250k_q0_v1",
      "/home/x/deco/gamma/projects/enwiki9/run_logs/adaptive/20260907T153225Z_61daf1a29b.log",
      "/home/x/deco/gamma/projects/enwiki9/run_logs/adaptive/20260907T153225Z_61daf1a29b.resources"
    ],
    "smaps_rollup_checkpoints": [
      {
        "elapsed_s": 0.0226,
        "processes": [
          {
            "pid": 2158836,
            "rollup_kib": {
              "AnonHugePages": 0,
              "Anonymous": 1164,
              "FilePmdMapped": 0,
              "KSM": 0,
              "LazyFree": 0,
              "Locked": 0,
              "Private_Clean": 44,
              "Private_Dirty": 1164,
              "Private_Hugetlb": 0,
              "Pss": 1627,
              "Pss_Anon": 1164,
              "Pss_Dirty": 1164,
              "Pss_File": 463,
              "Pss_Shmem": 0,
              "Referenced": 5148,
              "Rss": 5148,
              "Shared_Clean": 3940,
              "Shared_Dirty": 0,
              "Shared_Hugetlb": 0,
              "ShmemPmdMapped": 0,
              "Swap": 0,
              "SwapPss": 0
            },
            "start_ticks": 189139597
          }
        ],
        "reason": "initial+phase_marker+rss_growth",
        "tree_rss_kib": 4092
      },
      {
        "elapsed_s": 0.5236,
        "processes": [
          {
            "pid": 2158836,
            "rollup_kib": {
              "AnonHugePages": 0,
              "Anonymous": 37732,
              "FilePmdMapped": 0,
              "KSM": 0,
              "LazyFree": 0,
              "Locked": 0,
              "Private_Clean": 20,
              "Private_Dirty": 37732,
              "Private_Hugetlb": 0,
              "Pss": 39610,
              "Pss_Anon": 37732,
              "Pss_Dirty": 37732,
              "Pss_File": 1878,
              "Pss_Shmem": 0,
              "Referenced": 51616,
              "Rss": 51616,
              "Shared_Clean": 13864,
              "Shared_Dirty": 0,
              "Shared_Hugetlb": 0,
              "ShmemPmdMapped": 0,
              "Swap": 0,
              "SwapPss": 0
            },
            "start_ticks": 189139597
          },
          {
            "pid": 2158947,
            "rollup_kib": {
              "AnonHugePages": 0,
              "Anonymous": 1260,
              "FilePmdMapped": 0,
              "KSM": 0,
              "LazyFree": 0,
              "Locked": 0,
              "Private_Clean": 244,
              "Private_Dirty": 1260,
              "Private_Hugetlb": 0,
              "Pss": 3338,
              "Pss_Anon": 1260,
              "Pss_Dirty": 1260,
              "Pss_File": 2078,
              "Pss_Shmem": 0,
              "Referenced": 7732,
              "Rss": 7732,
              "Shared_Clean": 6228,
              "Shared_Dirty": 0,
              "Shared_Hugetlb": 0,
              "ShmemPmdMapped": 0,
              "Swap": 0,
              "SwapPss": 0
            },
            "start_ticks": 189139639
          },
          {
            "pid": 2158948,
            "rollup_kib": {
              "AnonHugePages": 0,
              "Anonymous": 16184,
              "FilePmdMapped": 0,
              "KSM": 0,
              "LazyFree": 0,
              "Locked": 0,
              "Private_Clean": 12,
              "Private_Dirty": 16184,
              "Private_Hugetlb": 0,
              "Pss": 17654,
              "Pss_Anon": 16184,
              "Pss_Dirty": 16184,
              "Pss_File": 1470,
              "Pss_Shmem": 0,
              "Referenced": 28636,
              "Rss": 28636,
              "Shared_Clean": 12440,
              "Shared_Dirty": 0,
              "Shared_Hugetlb": 0,
              "ShmemPmdMapped": 0,
              "Swap": 0,
              "SwapPss": 0
            },
            "start_ticks": 189139639
          }
        ],
        "reason": "phase_marker",
        "tree_rss_kib": 87984
      },
      {
        "elapsed_s": 4.5375,
        "processes": [
          {
            "pid": 2158836,
            "rollup_kib": {
              "AnonHugePages": 0,
              "Anonymous": 42460,
              "FilePmdMapped": 0,
              "KSM": 0,
              "LazyFree": 0,
              "Locked": 0,
              "Private_Clean": 20,
              "Private_Dirty": 42460,
              "Private_Hugetlb": 0,
              "Pss": 44326,
              "Pss_Anon": 42460,
              "Pss_Dirty": 42460,
              "Pss_File": 1866,
              "Pss_Shmem": 0,
              "Referenced": 56344,
              "Rss": 56344,
              "Shared_Clean": 13864,
              "Shared_Dirty": 0,
              "Shared_Hugetlb": 0,
              "ShmemPmdMapped": 0,
              "Swap": 0,
              "SwapPss": 0
            },
            "start_ticks": 189139597
          },
          {
            "pid": 2159995,
            "rollup_kib": {
              "AnonHugePages": 0,
              "Anonymous": 1260,
              "FilePmdMapped": 0,
              "KSM": 0,
              "LazyFree": 0,
              "Locked": 0,
              "Private_Clean": 176,
              "Private_Dirty": 1260,
              "Private_Hugetlb": 0,
              "Pss": 3225,
              "Pss_Anon": 1260,
              "Pss_Dirty": 1260,
              "Pss_File": 1965,
              "Pss_Shmem": 0,
              "Referenced": 7620,
              "Rss": 7620,
              "Shared_Clean": 6184,
              "Shared_Dirty": 0,
              "Shared_Hugetlb": 0,
              "ShmemPmdMapped": 0,
              "Swap": 0,
              "SwapPss": 0
            },
            "start_ticks": 189140021
          },
          {
            "pid": 2159996,
            "rollup_kib": {
              "AnonHugePages": 0,
              "Anonymous": 16348,
              "FilePmdMapped": 0,
              "KSM": 0,
              "LazyFree": 0,
              "Locked": 0,
              "Private_Clean": 12,
              "Private_Dirty": 16348,
              "Private_Hugetlb": 0,
              "Pss": 17793,
              "Pss_Anon": 16348,
              "Pss_Dirty": 16348,
              "Pss_File": 1445,
              "Pss_Shmem": 0,
              "Referenced": 28808,
              "Rss": 28808,
              "Shared_Clean": 12448,
              "Shared_Dirty": 0,
              "Shared_Hugetlb": 0,
              "ShmemPmdMapped": 0,
              "Swap": 0,
              "SwapPss": 0
            },
            "start_ticks": 189140022
          }
        ],
        "reason": "phase_marker",
        "tree_rss_kib": 92768
      },
      {
        "elapsed_s": 8.5491,
        "processes": [
          {
            "pid": 2158836,
            "rollup_kib": {
              "AnonHugePages": 0,
              "Anonymous": 47312,
              "FilePmdMapped": 0,
              "KSM": 0,
              "LazyFree": 0,
              "Locked": 0,
              "Private_Clean": 56,
              "Private_Dirty": 47312,
              "Private_Hugetlb": 0,
              "Pss": 49565,
              "Pss_Anon": 47312,
              "Pss_Dirty": 47312,
              "Pss_File": 2253,
              "Pss_Shmem": 0,
              "Referenced": 61196,
              "Rss": 61196,
              "Shared_Clean": 13828,
              "Shared_Dirty": 0,
              "Shared_Hugetlb": 0,
              "ShmemPmdMapped": 0,
              "Swap": 0,
              "SwapPss": 0
            },
            "start_ticks": 189139597
          }
        ],
        "reason": "phase_marker",
        "tree_rss_kib": 61196
      },
      {
        "elapsed_s": 9.0513,
        "processes": [
          {
            "pid": 2158836,
            "rollup_kib": {
              "AnonHugePages": 0,
              "Anonymous": 47312,
              "FilePmdMapped": 0,
              "KSM": 0,
              "LazyFree": 0,
              "Locked": 0,
              "Private_Clean": 20,
              "Private_Dirty": 47312,
              "Private_Hugetlb": 0,
              "Pss": 49191,
              "Pss_Anon": 47312,
              "Pss_Dirty": 47312,
              "Pss_File": 1879,
              "Pss_Shmem": 0,
              "Referenced": 61196,
              "Rss": 61196,
              "Shared_Clean": 13864,
              "Shared_Dirty": 0,
              "Shared_Hugetlb": 0,
              "ShmemPmdMapped": 0,
              "Swap": 0,
              "SwapPss": 0
            },
            "start_ticks": 189139597
          },
          {
            "pid": 2161790,
            "rollup_kib": {
              "AnonHugePages": 0,
              "Anonymous": 1260,
              "FilePmdMapped": 0,
              "KSM": 0,
              "LazyFree": 0,
              "Locked": 0,
              "Private_Clean": 3844,
              "Private_Dirty": 1260,
              "Private_Hugetlb": 0,
              "Pss": 5188,
              "Pss_Anon": 1260,
              "Pss_Dirty": 1260,
              "Pss_File": 3928,
              "Pss_Shmem": 0,
              "Referenced": 7916,
              "Rss": 7916,
              "Shared_Clean": 2812,
              "Shared_Dirty": 0,
              "Shared_Hugetlb": 0,
              "ShmemPmdMapped": 0,
              "Swap": 0,
              "SwapPss": 0
            },
            "start_ticks": 189140453
          },
          {
            "pid": 2161791,
            "rollup_kib": {
              "AnonHugePages": 0,
              "Anonymous": 16752,
              "FilePmdMapped": 0,
              "KSM": 0,
              "LazyFree": 0,
              "Locked": 0,
              "Private_Clean": 28,
              "Private_Dirty": 16752,
              "Private_Hugetlb": 0,
              "Pss": 18229,
              "Pss_Anon": 16752,
              "Pss_Dirty": 16752,
              "Pss_File": 1477,
              "Pss_Shmem": 0,
              "Referenced": 29208,
              "Rss": 29208,
              "Shared_Clean": 12428,
              "Shared_Dirty": 0,
              "Shared_Hugetlb": 0,
              "ShmemPmdMapped": 0,
              "Swap": 0,
              "SwapPss": 0
            },
            "start_ticks": 189140454
          }
        ],
        "reason": "phase_marker",
        "tree_rss_kib": 98316
      },
      {
        "elapsed_s": 12.5636,
        "processes": [
          {
            "pid": 2158836,
            "rollup_kib": {
              "AnonHugePages": 0,
              "Anonymous": 37868,
              "FilePmdMapped": 0,
              "KSM": 0,
              "LazyFree": 0,
              "Locked": 0,
              "Private_Clean": 20,
              "Private_Dirty": 37868,
              "Private_Hugetlb": 0,
              "Pss": 39761,
              "Pss_Anon": 37868,
              "Pss_Dirty": 37868,
              "Pss_File": 1893,
              "Pss_Shmem": 0,
              "Referenced": 51752,
              "Rss": 51752,
              "Shared_Clean": 13864,
              "Shared_Dirty": 0,
              "Shared_Hugetlb": 0,
              "ShmemPmdMapped": 0,
              "Swap": 0,
              "SwapPss": 0
            },
            "start_ticks": 189139597
          },
          {
            "pid": 2162835,
            "rollup_kib": {
              "AnonHugePages": 0,
              "Anonymous": 1264,
              "FilePmdMapped": 0,
              "KSM": 0,
              "LazyFree": 0,
              "Locked": 0,
              "Private_Clean": 596,
              "Private_Dirty": 1264,
              "Private_Hugetlb": 0,
              "Pss": 3514,
              "Pss_Anon": 1264,
              "Pss_Dirty": 1264,
              "Pss_File": 2250,
              "Pss_Shmem": 0,
              "Referenced": 7732,
              "Rss": 7732,
              "Shared_Clean": 5872,
              "Shared_Dirty": 0,
              "Shared_Hugetlb": 0,
              "ShmemPmdMapped": 0,
              "Swap": 0,
              "SwapPss": 0
            },
            "start_ticks": 189140842
          },
          {
            "pid": 2162836,
            "rollup_kib": {
              "AnonHugePages": 0,
              "Anonymous": 16176,
              "FilePmdMapped": 0,
              "KSM": 0,
              "LazyFree": 0,
              "Locked": 0,
              "Private_Clean": 12,
              "Private_Dirty": 16176,
              "Private_Hugetlb": 0,
              "Pss": 17658,
              "Pss_Anon": 16176,
              "Pss_Dirty": 16176,
              "Pss_File": 1482,
              "Pss_Shmem": 0,
              "Referenced": 28616,
              "Rss": 28616,
              "Shared_Clean": 12428,
              "Shared_Dirty": 0,
              "Shared_Hugetlb": 0,
              "ShmemPmdMapped": 0,
              "Swap": 0,
              "SwapPss": 0
            },
            "start_ticks": 189140842
          }
        ],
        "reason": "phase_marker",
        "tree_rss_kib": 88100
      },
      {
        "elapsed_s": 16.5801,
        "processes": [
          {
            "pid": 2158836,
            "rollup_kib": {
              "AnonHugePages": 0,
              "Anonymous": 42332,
              "FilePmdMapped": 0,
              "KSM": 0,
              "LazyFree": 0,
              "Locked": 0,
              "Private_Clean": 20,
              "Private_Dirty": 42332,
              "Private_Hugetlb": 0,
              "Pss": 44199,
              "Pss_Anon": 42332,
              "Pss_Dirty": 42332,
              "Pss_File": 1867,
              "Pss_Shmem": 0,
              "Referenced": 56216,
              "Rss": 56216,
              "Shared_Clean": 13864,
              "Shared_Dirty": 0,
              "Shared_Hugetlb": 0,
              "ShmemPmdMapped": 0,
              "Swap": 0,
              "SwapPss": 0
            },
            "start_ticks": 189139597
          },
          {
            "pid": 2163881,
            "rollup_kib": {
              "AnonHugePages": 0,
              "Anonymous": 1260,
              "FilePmdMapped": 0,
              "KSM": 0,
              "LazyFree": 0,
              "Locked": 0,
              "Private_Clean": 3764,
              "Private_Dirty": 1260,
              "Private_Hugetlb": 0,
              "Pss": 5098,
              "Pss_Anon": 1260,
              "Pss_Dirty": 1260,
              "Pss_File": 3838,
              "Pss_Shmem": 0,
              "Referenced": 7776,
              "Rss": 7776,
              "Shared_Clean": 2752,
              "Shared_Dirty": 0,
              "Shared_Hugetlb": 0,
              "ShmemPmdMapped": 0,
              "Swap": 0,
              "SwapPss": 0
            },
            "start_ticks": 189141244
          },
          {
            "pid": 2163882,
            "rollup_kib": {
              "AnonHugePages": 0,
              "Anonymous": 16068,
              "FilePmdMapped": 0,
              "KSM": 0,
              "LazyFree": 0,
              "Locked": 0,
              "Private_Clean": 12,
              "Private_Dirty": 16068,
              "Private_Hugetlb": 0,
              "Pss": 17518,
              "Pss_Anon": 16068,
              "Pss_Dirty": 16068,
              "Pss_File": 1450,
              "Pss_Shmem": 0,
              "Referenced": 28528,
              "Rss": 28528,
              "Shared_Clean": 12448,
              "Shared_Dirty": 0,
              "Shared_Hugetlb": 0,
              "ShmemPmdMapped": 0,
              "Swap": 0,
              "SwapPss": 0
            },
            "start_ticks": 189141244
          }
        ],
        "reason": "phase_marker",
        "tree_rss_kib": 92520
      },
      {
        "elapsed_s": 21.0959,
        "processes": [
          {
            "pid": 2158836,
            "rollup_kib": {
              "AnonHugePages": 0,
              "Anonymous": 47304,
              "FilePmdMapped": 0,
              "KSM": 0,
              "LazyFree": 0,
              "Locked": 0,
              "Private_Clean": 20,
              "Private_Dirty": 47304,
              "Private_Hugetlb": 0,
              "Pss": 49176,
              "Pss_Anon": 47304,
              "Pss_Dirty": 47304,
              "Pss_File": 1872,
              "Pss_Shmem": 0,
              "Referenced": 61188,
              "Rss": 61188,
              "Shared_Clean": 13864,
              "Shared_Dirty": 0,
              "Shared_Hugetlb": 0,
              "ShmemPmdMapped": 0,
              "Swap": 0,
              "SwapPss": 0
            },
            "start_ticks": 189139597
          },
          {
            "pid": 2165054,
            "rollup_kib": {
              "AnonHugePages": 0,
              "Anonymous": 1260,
              "FilePmdMapped": 0,
              "KSM": 0,
              "LazyFree": 0,
              "Locked": 0,
              "Private_Clean": 384,
              "Private_Dirty": 1260,
              "Private_Hugetlb": 0,
              "Pss": 3350,
              "Pss_Anon": 1260,
              "Pss_Dirty": 1260,
              "Pss_File": 2090,
              "Pss_Shmem": 0,
              "Referenced": 7600,
              "Rss": 7600,
              "Shared_Clean": 5956,
              "Shared_Dirty": 0,
              "Shared_Hugetlb": 0,
              "ShmemPmdMapped": 0,
              "Swap": 0,
              "SwapPss": 0
            },
            "start_ticks": 189141696
          },
          {
            "pid": 2165056,
            "rollup_kib": {
              "AnonHugePages": 0,
              "Anonymous": 16176,
              "FilePmdMapped": 0,
              "KSM": 0,
              "LazyFree": 0,
              "Locked": 0,
              "Private_Clean": 12,
              "Private_Dirty": 16176,
              "Private_Hugetlb": 0,
              "Pss": 17635,
              "Pss_Anon": 16176,
              "Pss_Dirty": 16176,
              "Pss_File": 1459,
              "Pss_Shmem": 0,
              "Referenced": 28608,
              "Rss": 28608,
              "Shared_Clean": 12420,
              "Shared_Dirty": 0,
              "Shared_Hugetlb": 0,
              "ShmemPmdMapped": 0,
              "Swap": 0,
              "SwapPss": 0
            },
            "start_ticks": 189141696
          }
        ],
        "reason": "phase_marker",
        "tree_rss_kib": 97396
      },
      {
        "elapsed_s": 25.113,
        "processes": [
          {
            "pid": 2158836,
            "rollup_kib": {
              "AnonHugePages": 0,
              "Anonymous": 37236,
              "FilePmdMapped": 0,
              "KSM": 0,
              "LazyFree": 0,
              "Locked": 0,
              "Private_Clean": 56,
              "Private_Dirty": 37236,
              "Private_Hugetlb": 0,
              "Pss": 39462,
              "Pss_Anon": 37236,
              "Pss_Dirty": 37236,
              "Pss_File": 2226,
              "Pss_Shmem": 0,
              "Referenced": 51120,
              "Rss": 51120,
              "Shared_Clean": 13828,
              "Shared_Dirty": 0,
              "Shared_Hugetlb": 0,
              "ShmemPmdMapped": 0,
              "Swap": 0,
              "SwapPss": 0
            },
            "start_ticks": 189139597
          }
        ],
        "reason": "phase_marker",
        "tree_rss_kib": 51120
      },
      {
        "elapsed_s": 25.6158,
        "processes": [
          {
            "pid": 2158836,
            "rollup_kib": {
              "AnonHugePages": 0,
              "Anonymous": 37608,
              "FilePmdMapped": 0,
              "KSM": 0,
              "LazyFree": 0,
              "Locked": 0,
              "Private_Clean": 20,
              "Private_Dirty": 37608,
              "Private_Hugetlb": 0,
              "Pss": 39478,
              "Pss_Anon": 37608,
              "Pss_Dirty": 37608,
              "Pss_File": 1870,
              "Pss_Shmem": 0,
              "Referenced": 51492,
              "Rss": 51492,
              "Shared_Clean": 13864,
              "Shared_Dirty": 0,
              "Shared_Hugetlb": 0,
              "ShmemPmdMapped": 0,
              "Swap": 0,
              "SwapPss": 0
            },
            "start_ticks": 189139597
          },
          {
            "pid": 2166233,
            "rollup_kib": {
              "AnonHugePages": 0,
              "Anonymous": 1256,
              "FilePmdMapped": 0,
              "KSM": 0,
              "LazyFree": 0,
              "Locked": 0,
              "Private_Clean": 424,
              "Private_Dirty": 1256,
              "Private_Hugetlb": 0,
              "Pss": 3379,
              "Pss_Anon": 1256,
              "Pss_Dirty": 1256,
              "Pss_File": 2123,
              "Pss_Shmem": 0,
              "Referenced": 7684,
              "Rss": 7684,
              "Shared_Clean": 6004,
              "Shared_Dirty": 0,
              "Shared_Hugetlb": 0,
              "ShmemPmdMapped": 0,
              "Swap": 0,
              "SwapPss": 0
            },
            "start_ticks": 189142113
          },
          {
            "pid": 2166234,
            "rollup_kib": {
              "AnonHugePages": 0,
              "Anonymous": 16668,
              "FilePmdMapped": 0,
              "KSM": 0,
              "LazyFree": 0,
              "Locked": 0,
              "Private_Clean": 20,
              "Private_Dirty": 16668,
              "Private_Hugetlb": 0,
              "Pss": 18142,
              "Pss_Anon": 16668,
              "Pss_Dirty": 16668,
              "Pss_File": 1474,
              "Pss_Shmem": 0,
              "Referenced": 29128,
              "Rss": 29128,
              "Shared_Clean": 12440,
              "Shared_Dirty": 0,
              "Shared_Hugetlb": 0,
              "ShmemPmdMapped": 0,
              "Swap": 0,
              "SwapPss": 0
            },
            "start_ticks": 189142113
          }
        ],
        "reason": "phase_marker",
        "tree_rss_kib": 88300
      },
      {
        "elapsed_s": 29.1302,
        "processes": [
          {
            "pid": 2158836,
            "rollup_kib": {
              "AnonHugePages": 0,
              "Anonymous": 37608,
              "FilePmdMapped": 0,
              "KSM": 0,
              "LazyFree": 0,
              "Locked": 0,
              "Private_Clean": 56,
              "Private_Dirty": 37608,
              "Private_Hugetlb": 0,
              "Pss": 39873,
              "Pss_Anon": 37608,
              "Pss_Dirty": 37608,
              "Pss_File": 2265,
              "Pss_Shmem": 0,
              "Referenced": 51492,
              "Rss": 51492,
              "Shared_Clean": 13828,
              "Shared_Dirty": 0,
              "Shared_Hugetlb": 0,
              "ShmemPmdMapped": 0,
              "Swap": 0,
              "SwapPss": 0
            },
            "start_ticks": 189139597
          }
        ],
        "reason": "phase_marker",
        "tree_rss_kib": 51492
      },
      {
        "elapsed_s": 29.6322,
        "processes": [
          {
            "pid": 2158836,
            "rollup_kib": {
              "AnonHugePages": 0,
              "Anonymous": 42332,
              "FilePmdMapped": 0,
              "KSM": 0,
              "LazyFree": 0,
              "Locked": 0,
              "Private_Clean": 20,
              "Private_Dirty": 42332,
              "Private_Hugetlb": 0,
              "Pss": 44211,
              "Pss_Anon": 42332,
              "Pss_Dirty": 42332,
              "Pss_File": 1879,
              "Pss_Shmem": 0,
              "Referenced": 56216,
              "Rss": 56216,
              "Shared_Clean": 13864,
              "Shared_Dirty": 0,
              "Shared_Hugetlb": 0,
              "ShmemPmdMapped": 0,
              "Swap": 0,
              "SwapPss": 0
            },
            "start_ticks": 189139597
          },
          {
            "pid": 2167321,
            "rollup_kib": {
              "AnonHugePages": 0,
              "Anonymous": 1260,
              "FilePmdMapped": 0,
              "KSM": 0,
              "LazyFree": 0,
              "Locked": 0,
              "Private_Clean": 620,
              "Private_Dirty": 1260,
              "Private_Hugetlb": 0,
              "Pss": 3517,
              "Pss_Anon": 1260,
              "Pss_Dirty": 1260,
              "Pss_File": 2257,
              "Pss_Shmem": 0,
              "Referenced": 7728,
              "Rss": 7728,
              "Shared_Clean": 5848,
              "Shared_Dirty": 0,
              "Shared_Hugetlb": 0,
              "ShmemPmdMapped": 0,
              "Swap": 0,
              "SwapPss": 0
            },
            "start_ticks": 189142515
          },
          {
            "pid": 2167322,
            "rollup_kib": {
              "AnonHugePages": 0,
              "Anonymous": 16504,
              "FilePmdMapped": 0,
              "KSM": 0,
              "LazyFree": 0,
              "Locked": 0,
              "Private_Clean": 12,
              "Private_Dirty": 16504,
              "Private_Hugetlb": 0,
              "Pss": 17979,
              "Pss_Anon": 16504,
              "Pss_Dirty": 16504,
              "Pss_File": 1475,
              "Pss_Shmem": 0,
              "Referenced": 28908,
              "Rss": 28908,
              "Shared_Clean": 12392,
              "Shared_Dirty": 0,
              "Shared_Hugetlb": 0,
              "ShmemPmdMapped": 0,
              "Swap": 0,
              "SwapPss": 0
            },
            "start_ticks": 189142515
          }
        ],
        "reason": "phase_marker",
        "tree_rss_kib": 92852
      },
      {
        "elapsed_s": 34.1516,
        "processes": [
          {
            "pid": 2158836,
            "rollup_kib": {
              "AnonHugePages": 0,
              "Anonymous": 47304,
              "FilePmdMapped": 0,
              "KSM": 0,
              "LazyFree": 0,
              "Locked": 0,
              "Private_Clean": 20,
              "Private_Dirty": 47304,
              "Private_Hugetlb": 0,
              "Pss": 49194,
              "Pss_Anon": 47304,
              "Pss_Dirty": 47304,
              "Pss_File": 1890,
              "Pss_Shmem": 0,
              "Referenced": 61188,
              "Rss": 61188,
              "Shared_Clean": 13864,
              "Shared_Dirty": 0,
              "Shared_Hugetlb": 0,
              "ShmemPmdMapped": 0,
              "Swap": 0,
              "SwapPss": 0
            },
            "start_ticks": 189139597
          },
          {
            "pid": 2168547,
            "rollup_kib": {
              "AnonHugePages": 0,
              "Anonymous": 1256,
              "FilePmdMapped": 0,
              "KSM": 0,
              "LazyFree": 0,
              "Locked": 0,
              "Private_Clean": 544,
              "Private_Dirty": 1256,
              "Private_Hugetlb": 0,
              "Pss": 3438,
              "Pss_Anon": 1256,
              "Pss_Dirty": 1256,
              "Pss_File": 2182,
              "Pss_Shmem": 0,
              "Referenced": 7648,
              "Rss": 7648,
              "Shared_Clean": 5848,
              "Shared_Dirty": 0,
              "Shared_Hugetlb": 0,
              "ShmemPmdMapped": 0,
              "Swap": 0,
              "SwapPss": 0
            },
            "start_ticks": 189142977
          },
          {
            "pid": 2168549,
            "rollup_kib": {
              "AnonHugePages": 0,
              "Anonymous": 16556,
              "FilePmdMapped": 0,
              "KSM": 0,
              "LazyFree": 0,
              "Locked": 0,
              "Private_Clean": 12,
              "Private_Dirty": 16556,
              "Private_Hugetlb": 0,
              "Pss": 18019,
              "Pss_Anon": 16556,
              "Pss_Dirty": 16556,
              "Pss_File": 1463,
              "Pss_Shmem": 0,
              "Referenced": 29016,
              "Rss": 29016,
              "Shared_Clean": 12448,
              "Shared_Dirty": 0,
              "Shared_Hugetlb": 0,
              "ShmemPmdMapped": 0,
              "Swap": 0,
              "SwapPss": 0
            },
            "start_ticks": 189142978
          }
        ],
        "reason": "phase_marker",
        "tree_rss_kib": 97852
      },
      {
        "elapsed_s": 38.1679,
        "processes": [
          {
            "pid": 2158836,
            "rollup_kib": {
              "AnonHugePages": 0,
              "Anonymous": 37608,
              "FilePmdMapped": 0,
              "KSM": 0,
              "LazyFree": 0,
              "Locked": 0,
              "Private_Clean": 20,
              "Private_Dirty": 37608,
              "Private_Hugetlb": 0,
              "Pss": 39475,
              "Pss_Anon": 37608,
              "Pss_Dirty": 37608,
              "Pss_File": 1867,
              "Pss_Shmem": 0,
              "Referenced": 51492,
              "Rss": 51492,
              "Shared_Clean": 13864,
              "Shared_Dirty": 0,
              "Shared_Hugetlb": 0,
              "ShmemPmdMapped": 0,
              "Swap": 0,
              "SwapPss": 0
            },
            "start_ticks": 189139597
          },
          {
            "pid": 2169577,
            "rollup_kib": {
              "AnonHugePages": 0,
              "Anonymous": 1260,
              "FilePmdMapped": 0,
              "KSM": 0,
              "LazyFree": 0,
              "Locked": 0,
              "Private_Clean": 3728,
              "Private_Dirty": 1260,
              "Private_Hugetlb": 0,
              "Pss": 5060,
              "Pss_Anon": 1260,
              "Pss_Dirty": 1260,
              "Pss_File": 3800,
              "Pss_Shmem": 0,
              "Referenced": 7712,
              "Rss": 7712,
              "Shared_Clean": 2724,
              "Shared_Dirty": 0,
              "Shared_Hugetlb": 0,
              "ShmemPmdMapped": 0,
              "Swap": 0,
              "SwapPss": 0
            },
            "start_ticks": 189143386
          },
          {
            "pid": 2169578,
            "rollup_kib": {
              "AnonHugePages": 0,
              "Anonymous": 16476,
              "FilePmdMapped": 0,
              "KSM": 0,
              "LazyFree": 0,
              "Locked": 0,
              "Private_Clean": 12,
              "Private_Dirty": 16476,
              "Private_Hugetlb": 0,
              "Pss": 17937,
              "Pss_Anon": 16476,
              "Pss_Dirty": 16476,
              "Pss_File": 1461,
              "Pss_Shmem": 0,
              "Referenced": 28928,
              "Rss": 28928,
              "Shared_Clean": 12440,
              "Shared_Dirty": 0,
              "Shared_Hugetlb": 0,
              "ShmemPmdMapped": 0,
              "Swap": 0,
              "SwapPss": 0
            },
            "start_ticks": 189143386
          }
        ],
        "reason": "phase_marker",
        "tree_rss_kib": 88132
      },
      {
        "elapsed_s": 42.1841,
        "processes": [
          {
            "pid": 2158836,
            "rollup_kib": {
              "AnonHugePages": 0,
              "Anonymous": 42332,
              "FilePmdMapped": 0,
              "KSM": 0,
              "LazyFree": 0,
              "Locked": 0,
              "Private_Clean": 20,
              "Private_Dirty": 42332,
              "Private_Hugetlb": 0,
              "Pss": 44213,
              "Pss_Anon": 42332,
              "Pss_Dirty": 42332,
              "Pss_File": 1881,
              "Pss_Shmem": 0,
              "Referenced": 56216,
              "Rss": 56216,
              "Shared_Clean": 13864,
              "Shared_Dirty": 0,
              "Shared_Hugetlb": 0,
              "ShmemPmdMapped": 0,
              "Swap": 0,
              "SwapPss": 0
            },
            "start_ticks": 189139597
          },
          {
            "pid": 2170920,
            "rollup_kib": {
              "AnonHugePages": 0,
              "Anonymous": 1260,
              "FilePmdMapped": 0,
              "KSM": 0,
              "LazyFree": 0,
              "Locked": 0,
              "Private_Clean": 64,
              "Private_Dirty": 1260,
              "Private_Hugetlb": 0,
              "Pss": 3279,
              "Pss_Anon": 1260,
              "Pss_Dirty": 1260,
              "Pss_File": 2019,
              "Pss_Shmem": 0,
              "Referenced": 7828,
              "Rss": 7828,
              "Shared_Clean": 6504,
              "Shared_Dirty": 0,
              "Shared_Hugetlb": 0,
              "ShmemPmdMapped": 0,
              "Swap": 0,
              "SwapPss": 0
            },
            "start_ticks": 189143778
          },
          {
            "pid": 2170921,
            "rollup_kib": {
              "AnonHugePages": 0,
              "Anonymous": 16440,
              "FilePmdMapped": 0,
              "KSM": 0,
              "LazyFree": 0,
              "Locked": 0,
              "Private_Clean": 12,
              "Private_Dirty": 16440,
              "Private_Hugetlb": 0,
              "Pss": 17898,
              "Pss_Anon": 16440,
              "Pss_Dirty": 16440,
              "Pss_File": 1458,
              "Pss_Shmem": 0,
              "Referenced": 28904,
              "Rss": 28904,
              "Shared_Clean": 12452,
              "Shared_Dirty": 0,
              "Shared_Hugetlb": 0,
              "ShmemPmdMapped": 0,
              "Swap": 0,
              "SwapPss": 0
            },
            "start_ticks": 189143778
          }
        ],
        "reason": "phase_marker",
        "tree_rss_kib": 92944
      },
      {
        "elapsed_s": 46.1991,
        "processes": [
          {
            "pid": 2158836,
            "rollup_kib": {
              "AnonHugePages": 0,
              "Anonymous": 47304,
              "FilePmdMapped": 0,
              "KSM": 0,
              "LazyFree": 0,
              "Locked": 0,
              "Private_Clean": 56,
              "Private_Dirty": 47304,
              "Private_Hugetlb": 0,
              "Pss": 49530,
              "Pss_Anon": 47304,
              "Pss_Dirty": 47304,
              "Pss_File": 2226,
              "Pss_Shmem": 0,
              "Referenced": 61188,
              "Rss": 61188,
              "Shared_Clean": 13828,
              "Shared_Dirty": 0,
              "Shared_Hugetlb": 0,
              "ShmemPmdMapped": 0,
              "Swap": 0,
              "SwapPss": 0
            },
            "start_ticks": 189139597
          }
        ],
        "reason": "phase_marker",
        "tree_rss_kib": 61188
      },
      {
        "elapsed_s": 46.7025,
        "processes": [
          {
            "pid": 2158836,
            "rollup_kib": {
              "AnonHugePages": 0,
              "Anonymous": 47304,
              "FilePmdMapped": 0,
              "KSM": 0,
              "LazyFree": 0,
              "Locked": 0,
              "Private_Clean": 20,
              "Private_Dirty": 47304,
              "Private_Hugetlb": 0,
              "Pss": 49177,
              "Pss_Anon": 47304,
              "Pss_Dirty": 47304,
              "Pss_File": 1873,
              "Pss_Shmem": 0,
              "Referenced": 61188,
              "Rss": 61188,
              "Shared_Clean": 13864,
              "Shared_Dirty": 0,
              "Shared_Hugetlb": 0,
              "ShmemPmdMapped": 0,
              "Swap": 0,
              "SwapPss": 0
            },
            "start_ticks": 189139597
          },
          {
            "pid": 2172154,
            "rollup_kib": {
              "AnonHugePages": 0,
              "Anonymous": 1260,
              "FilePmdMapped": 0,
              "KSM": 0,
              "LazyFree": 0,
              "Locked": 0,
              "Private_Clean": 112,
              "Private_Dirty": 1260,
              "Private_Hugetlb": 0,
              "Pss": 3267,
              "Pss_Anon": 1260,
              "Pss_Dirty": 1260,
              "Pss_File": 2007,
              "Pss_Shmem": 0,
              "Referenced": 7688,
              "Rss": 7688,
              "Shared_Clean": 6316,
              "Shared_Dirty": 0,
              "Shared_Hugetlb": 0,
              "ShmemPmdMapped": 0,
              "Swap": 0,
              "SwapPss": 0
            },
            "start_ticks": 189144220
          },
          {
            "pid": 2172155,
            "rollup_kib": {
              "AnonHugePages": 0,
              "Anonymous": 16720,
              "FilePmdMapped": 0,
              "KSM": 0,
              "LazyFree": 0,
              "Locked": 0,
              "Private_Clean": 12,
              "Private_Dirty": 16720,
              "Private_Hugetlb": 0,
              "Pss": 18176,
              "Pss_Anon": 16720,
              "Pss_Dirty": 16720,
              "Pss_File": 1456,
              "Pss_Shmem": 0,
              "Referenced": 29200,
              "Rss": 29200,
              "Shared_Clean": 12468,
              "Shared_Dirty": 0,
              "Shared_Hugetlb": 0,
              "ShmemPmdMapped": 0,
              "Swap": 0,
              "SwapPss": 0
            },
            "start_ticks": 189144220
          }
        ],
        "reason": "phase_marker",
        "tree_rss_kib": 98072
      },
      {
        "elapsed_s": 50.2188,
        "processes": [
          {
            "pid": 2158836,
            "rollup_kib": {
              "AnonHugePages": 0,
              "Anonymous": 52028,
              "FilePmdMapped": 0,
              "KSM": 0,
              "LazyFree": 0,
              "Locked": 0,
              "Private_Clean": 56,
              "Private_Dirty": 52028,
              "Private_Hugetlb": 0,
              "Pss": 54267,
              "Pss_Anon": 52028,
              "Pss_Dirty": 52028,
              "Pss_File": 2239,
              "Pss_Shmem": 0,
              "Referenced": 65912,
              "Rss": 65912,
              "Shared_Clean": 13828,
              "Shared_Dirty": 0,
              "Shared_Hugetlb": 0,
              "ShmemPmdMapped": 0,
              "Swap": 0,
              "SwapPss": 0
            },
            "start_ticks": 189139597
          }
        ],
        "reason": "phase_marker",
        "tree_rss_kib": 65912
      },
      {
        "elapsed_s": 50.7216,
        "processes": [
          {
            "pid": 2158836,
            "rollup_kib": {
              "AnonHugePages": 0,
              "Anonymous": 37608,
              "FilePmdMapped": 0,
              "KSM": 0,
              "LazyFree": 0,
              "Locked": 0,
              "Private_Clean": 20,
              "Private_Dirty": 37608,
              "Private_Hugetlb": 0,
              "Pss": 39485,
              "Pss_Anon": 37608,
              "Pss_Dirty": 37608,
              "Pss_File": 1877,
              "Pss_Shmem": 0,
              "Referenced": 51492,
              "Rss": 51492,
              "Shared_Clean": 13864,
              "Shared_Dirty": 0,
              "Shared_Hugetlb": 0,
              "ShmemPmdMapped": 0,
              "Swap": 0,
              "SwapPss": 0
            },
            "start_ticks": 189139597
          },
          {
            "pid": 2173261,
            "rollup_kib": {
              "AnonHugePages": 0,
              "Anonymous": 1260,
              "FilePmdMapped": 0,
              "KSM": 0,
              "LazyFree": 0,
              "Locked": 0,
              "Private_Clean": 3524,
              "Private_Dirty": 1260,
              "Private_Hugetlb": 0,
              "Pss": 4853,
              "Pss_Anon": 1260,
              "Pss_Dirty": 1260,
              "Pss_File": 3593,
              "Pss_Shmem": 0,
              "Referenced": 7492,
              "Rss": 7492,
              "Shared_Clean": 2708,
              "Shared_Dirty": 0,
              "Shared_Hugetlb": 0,
              "ShmemPmdMapped": 0,
              "Swap": 0,
              "SwapPss": 0
            },
            "start_ticks": 189144627
          },
          {
            "pid": 2173262,
            "rollup_kib": {
              "AnonHugePages": 0,
              "Anonymous": 16652,
              "FilePmdMapped": 0,
              "KSM": 0,
              "LazyFree": 0,
              "Locked": 0,
              "Private_Clean": 12,
              "Private_Dirty": 16652,
              "Private_Hugetlb": 0,
              "Pss": 18102,
              "Pss_Anon": 16652,
              "Pss_Dirty": 16652,
              "Pss_File": 1450,
              "Pss_Shmem": 0,
              "Referenced": 29088,
              "Rss": 29088,
              "Shared_Clean": 12424,
              "Shared_Dirty": 0,
              "Shared_Hugetlb": 0,
              "ShmemPmdMapped": 0,
              "Swap": 0,
              "SwapPss": 0
            },
            "start_ticks": 189144627
          }
        ],
        "reason": "phase_marker",
        "tree_rss_kib": 88072
      },
      {
        "elapsed_s": 54.7392,
        "processes": [
          {
            "pid": 2158836,
            "rollup_kib": {
              "AnonHugePages": 0,
              "Anonymous": 42332,
              "FilePmdMapped": 0,
              "KSM": 0,
              "LazyFree": 0,
              "Locked": 0,
              "Private_Clean": 20,
              "Private_Dirty": 42332,
              "Private_Hugetlb": 0,
              "Pss": 44198,
              "Pss_Anon": 42332,
              "Pss_Dirty": 42332,
              "Pss_File": 1866,
              "Pss_Shmem": 0,
              "Referenced": 56216,
              "Rss": 56216,
              "Shared_Clean": 13864,
              "Shared_Dirty": 0,
              "Shared_Hugetlb": 0,
              "ShmemPmdMapped": 0,
              "Swap": 0,
              "SwapPss": 0
            },
            "start_ticks": 189139597
          },
          {
            "pid": 2174357,
            "rollup_kib": {
              "AnonHugePages": 0,
              "Anonymous": 1260,
              "FilePmdMapped": 0,
              "KSM": 0,
              "LazyFree": 0,
              "Locked": 0,
              "Private_Clean": 360,
              "Private_Dirty": 1260,
              "Private_Hugetlb": 0,
              "Pss": 3314,
              "Pss_Anon": 1260,
              "Pss_Dirty": 1260,
              "Pss_File": 2054,
              "Pss_Shmem": 0,
              "Referenced": 7624,
              "Rss": 7624,
              "Shared_Clean": 6004,
              "Shared_Dirty": 0,
              "Shared_Hugetlb": 0,
              "ShmemPmdMapped": 0,
              "Swap": 0,
              "SwapPss": 0
            },
            "start_ticks": 189145039
          },
          {
            "pid": 2174358,
            "rollup_kib": {
              "AnonHugePages": 0,
              "Anonymous": 16352,
              "FilePmdMapped": 0,
              "KSM": 0,
              "LazyFree": 0,
              "Locked": 0,
              "Private_Clean": 12,
              "Private_Dirty": 16352,
              "Private_Hugetlb": 0,
              "Pss": 17791,
              "Pss_Anon": 16352,
              "Pss_Dirty": 16352,
              "Pss_File": 1439,
              "Pss_Shmem": 0,
              "Referenced": 28804,
              "Rss": 28804,
              "Shared_Clean": 12440,
              "Shared_Dirty": 0,
              "Shared_Hugetlb": 0,
              "ShmemPmdMapped": 0,
              "Swap": 0,
              "SwapPss": 0
            },
            "start_ticks": 189145040
          }
        ],
        "reason": "phase_marker",
        "tree_rss_kib": 92640
      },
      {
        "elapsed_s": 59.2589,
        "processes": [
          {
            "pid": 2158836,
            "rollup_kib": {
              "AnonHugePages": 0,
              "Anonymous": 47304,
              "FilePmdMapped": 0,
              "KSM": 0,
              "LazyFree": 0,
              "Locked": 0,
              "Private_Clean": 20,
              "Private_Dirty": 47304,
              "Private_Hugetlb": 0,
              "Pss": 49145,
              "Pss_Anon": 47304,
              "Pss_Dirty": 47304,
              "Pss_File": 1841,
              "Pss_Shmem": 0,
              "Referenced": 61188,
              "Rss": 61188,
              "Shared_Clean": 13864,
              "Shared_Dirty": 0,
              "Shared_Hugetlb": 0,
              "ShmemPmdMapped": 0,
              "Swap": 0,
              "SwapPss": 0
            },
            "start_ticks": 189139597
          },
          {
            "pid": 2175566,
            "rollup_kib": {
              "AnonHugePages": 0,
              "Anonymous": 1260,
              "FilePmdMapped": 0,
              "KSM": 0,
              "LazyFree": 0,
              "Locked": 0,
              "Private_Clean": 532,
              "Private_Dirty": 1260,
              "Private_Hugetlb": 0,
              "Pss": 3398,
              "Pss_Anon": 1260,
              "Pss_Dirty": 1260,
              "Pss_File": 2138,
              "Pss_Shmem": 0,
              "Referenced": 7596,
              "Rss": 7596,
              "Shared_Clean": 5804,
              "Shared_Dirty": 0,
              "Shared_Hugetlb": 0,
              "ShmemPmdMapped": 0,
              "Swap": 0,
              "SwapPss": 0
            },
            "start_ticks": 189145511
          },
          {
            "pid": 2175567,
            "rollup_kib": {
              "AnonHugePages": 0,
              "Anonymous": 16176,
              "FilePmdMapped": 0,
              "KSM": 0,
              "LazyFree": 0,
              "Locked": 0,
              "Private_Clean": 12,
              "Private_Dirty": 16176,
              "Private_Hugetlb": 0,
              "Pss": 17598,
              "Pss_Anon": 16176,
              "Pss_Dirty": 16176,
              "Pss_File": 1422,
              "Pss_Shmem": 0,
              "Referenced": 28644,
              "Rss": 28644,
              "Shared_Clean": 12456,
              "Shared_Dirty": 0,
              "Shared_Hugetlb": 0,
              "ShmemPmdMapped": 0,
              "Swap": 0,
              "SwapPss": 0
            },
            "start_ticks": 189145512
          }
        ],
        "reason": "phase_marker",
        "tree_rss_kib": 97428
      },
      {
        "elapsed_s": 63.2767,
        "processes": [
          {
            "pid": 2158836,
            "rollup_kib": {
              "AnonHugePages": 0,
              "Anonymous": 37608,
              "FilePmdMapped": 0,
              "KSM": 0,
              "LazyFree": 0,
              "Locked": 0,
              "Private_Clean": 56,
              "Private_Dirty": 37608,
              "Private_Hugetlb": 0,
              "Pss": 39841,
              "Pss_Anon": 37608,
              "Pss_Dirty": 37608,
              "Pss_File": 2233,
              "Pss_Shmem": 0,
              "Referenced": 51492,
              "Rss": 51492,
              "Shared_Clean": 13828,
              "Shared_Dirty": 0,
              "Shared_Hugetlb": 0,
              "ShmemPmdMapped": 0,
              "Swap": 0,
              "SwapPss": 0
            },
            "start_ticks": 189139597
          }
        ],
        "reason": "phase_marker",
        "tree_rss_kib": 51492
      },
      {
        "elapsed_s": 63.7793,
        "processes": [
          {
            "pid": 2158836,
            "rollup_kib": {
              "AnonHugePages": 0,
              "Anonymous": 37608,
              "FilePmdMapped": 0,
              "KSM": 0,
              "LazyFree": 0,
              "Locked": 0,
              "Private_Clean": 20,
              "Private_Dirty": 37608,
              "Private_Hugetlb": 0,
              "Pss": 39478,
              "Pss_Anon": 37608,
              "Pss_Dirty": 37608,
              "Pss_File": 1870,
              "Pss_Shmem": 0,
              "Referenced": 51492,
              "Rss": 51492,
              "Shared_Clean": 13864,
              "Shared_Dirty": 0,
              "Shared_Hugetlb": 0,
              "ShmemPmdMapped": 0,
              "Swap": 0,
              "SwapPss": 0
            },
            "start_ticks": 189139597
          },
          {
            "pid": 2177092,
            "rollup_kib": {
              "AnonHugePages": 0,
              "Anonymous": 1260,
              "FilePmdMapped": 0,
              "KSM": 0,
              "LazyFree": 0,
              "Locked": 0,
              "Private_Clean": 3684,
              "Private_Dirty": 1260,
              "Private_Hugetlb": 0,
              "Pss": 5019,
              "Pss_Anon": 1260,
              "Pss_Dirty": 1260,
              "Pss_File": 3759,
              "Pss_Shmem": 0,
              "Referenced": 7700,
              "Rss": 7700,
              "Shared_Clean": 2756,
              "Shared_Dirty": 0,
              "Shared_Hugetlb": 0,
              "ShmemPmdMapped": 0,
              "Swap": 0,
              "SwapPss": 0
            },
            "start_ticks": 189145929
          },
          {
            "pid": 2177093,
            "rollup_kib": {
              "AnonHugePages": 0,
              "Anonymous": 16680,
              "FilePmdMapped": 0,
              "KSM": 0,
              "LazyFree": 0,
              "Locked": 0,
              "Private_Clean": 24,
              "Private_Dirty": 16680,
              "Private_Hugetlb": 0,
              "Pss": 18133,
              "Pss_Anon": 16680,
              "Pss_Dirty": 16680,
              "Pss_File": 1453,
              "Pss_Shmem": 0,
              "Referenced": 29072,
              "Rss": 29072,
              "Shared_Clean": 12368,
              "Shared_Dirty": 0,
              "Shared_Hugetlb": 0,
              "ShmemPmdMapped": 0,
              "Swap": 0,
              "SwapPss": 0
            },
            "start_ticks": 189145929
          }
        ],
        "reason": "phase_marker",
        "tree_rss_kib": 88264
      },
      {
        "elapsed_s": 67.7978,
        "processes": [
          {
            "pid": 2158836,
            "rollup_kib": {
              "AnonHugePages": 0,
              "Anonymous": 42332,
              "FilePmdMapped": 0,
              "KSM": 0,
              "LazyFree": 0,
              "Locked": 0,
              "Private_Clean": 20,
              "Private_Dirty": 42332,
              "Private_Hugetlb": 0,
              "Pss": 44219,
              "Pss_Anon": 42332,
              "Pss_Dirty": 42332,
              "Pss_File": 1887,
              "Pss_Shmem": 0,
              "Referenced": 56216,
              "Rss": 56216,
              "Shared_Clean": 13864,
              "Shared_Dirty": 0,
              "Shared_Hugetlb": 0,
              "ShmemPmdMapped": 0,
              "Swap": 0,
              "SwapPss": 0
            },
            "start_ticks": 189139597
          },
          {
            "pid": 2178178,
            "rollup_kib": {
              "AnonHugePages": 0,
              "Anonymous": 1260,
              "FilePmdMapped": 0,
              "KSM": 0,
              "LazyFree": 0,
              "Locked": 0,
              "Private_Clean": 632,
              "Private_Dirty": 1260,
              "Private_Hugetlb": 0,
              "Pss": 3530,
              "Pss_Anon": 1260,
              "Pss_Dirty": 1260,
              "Pss_File": 2270,
              "Pss_Shmem": 0,
              "Referenced": 7748,
              "Rss": 7748,
              "Shared_Clean": 5856,
              "Shared_Dirty": 0,
              "Shared_Hugetlb": 0,
              "ShmemPmdMapped": 0,
              "Swap": 0,
              "SwapPss": 0
            },
            "start_ticks": 189146341
          },
          {
            "pid": 2178179,
            "rollup_kib": {
              "AnonHugePages": 0,
              "Anonymous": 16404,
              "FilePmdMapped": 0,
              "KSM": 0,
              "LazyFree": 0,
              "Locked": 0,
              "Private_Clean": 12,
              "Private_Dirty": 16404,
              "Private_Hugetlb": 0,
              "Pss": 17864,
              "Pss_Anon": 16404,
              "Pss_Dirty": 16404,
              "Pss_File": 1460,
              "Pss_Shmem": 0,
              "Referenced": 28812,
              "Rss": 28812,
              "Shared_Clean": 12396,
              "Shared_Dirty": 0,
              "Shared_Hugetlb": 0,
              "ShmemPmdMapped": 0,
              "Swap": 0,
              "SwapPss": 0
            },
            "start_ticks": 189146341
          }
        ],
        "reason": "phase_marker",
        "tree_rss_kib": 92776
      },
      {
        "elapsed_s": 72.3177,
        "processes": [
          {
            "pid": 2158836,
            "rollup_kib": {
              "AnonHugePages": 0,
              "Anonymous": 47304,
              "FilePmdMapped": 0,
              "KSM": 0,
              "LazyFree": 0,
              "Locked": 0,
              "Private_Clean": 20,
              "Private_Dirty": 47304,
              "Private_Hugetlb": 0,
              "Pss": 49180,
              "Pss_Anon": 47304,
              "Pss_Dirty": 47304,
              "Pss_File": 1876,
              "Pss_Shmem": 0,
              "Referenced": 61188,
              "Rss": 61188,
              "Shared_Clean": 13864,
              "Shared_Dirty": 0,
              "Shared_Hugetlb": 0,
              "ShmemPmdMapped": 0,
              "Swap": 0,
              "SwapPss": 0
            },
            "start_ticks": 189139597
          },
          {
            "pid": 2179335,
            "rollup_kib": {
              "AnonHugePages": 0,
              "Anonymous": 1260,
              "FilePmdMapped": 0,
              "KSM": 0,
              "LazyFree": 0,
              "Locked": 0,
              "Private_Clean": 208,
              "Private_Dirty": 1260,
              "Private_Hugetlb": 0,
              "Pss": 3242,
              "Pss_Anon": 1260,
              "Pss_Dirty": 1260,
              "Pss_File": 1982,
              "Pss_Shmem": 0,
              "Referenced": 7600,
              "Rss": 7600,
              "Shared_Clean": 6132,
              "Shared_Dirty": 0,
              "Shared_Hugetlb": 0,
              "ShmemPmdMapped": 0,
              "Swap": 0,
              "SwapPss": 0
            },
            "start_ticks": 189146793
          },
          {
            "pid": 2179336,
            "rollup_kib": {
              "AnonHugePages": 0,
              "Anonymous": 16564,
              "FilePmdMapped": 0,
              "KSM": 0,
              "LazyFree": 0,
              "Locked": 0,
              "Private_Clean": 12,
              "Private_Dirty": 16564,
              "Private_Hugetlb": 0,
              "Pss": 18015,
              "Pss_Anon": 16564,
              "Pss_Dirty": 16564,
              "Pss_File": 1451,
              "Pss_Shmem": 0,
              "Referenced": 29032,
              "Rss": 29032,
              "Shared_Clean": 12456,
              "Shared_Dirty": 0,
              "Shared_Hugetlb": 0,
              "ShmemPmdMapped": 0,
              "Swap": 0,
              "SwapPss": 0
            },
            "start_ticks": 189146794
          }
        ],
        "reason": "phase_marker",
        "tree_rss_kib": 97816
      },
      {
        "elapsed_s": 76.3368,
        "processes": [],
        "reason": "phase_marker+terminal",
        "tree_rss_kib": 0
      }
    ],
    "status": "complete",
    "temporary_disk_limit_bytes": 268435456,
    "wall_time_limit_seconds": null
  }
}
