{"command": ["/usr/bin/python3", "/home/x/deco/gamma/projects/enwiki9/tools/run_with_resource_guard_v3.py", "--limit-kib", "9765624", "--official-decimal-limit-kib", "9765624", "--limit-mode", "tree", "--cgroup-path", "/sys/fs/cgroup/user.slice/user-1000.slice/user@1000.service/app.slice/gamma-enwiki9-20260916T011139Z_5242a9a620", "--cgroup-memory-max-bytes", "9999998976", "--temporary-disk-limit-bytes", "20000000000", "--phase-marker-path", "/home/x/deco/gamma/projects/enwiki9/run_logs/adaptive/20260916T011139Z_5242a9a620.resources/phases.jsonl", "--max-logical-cpus", "1", "--guard-json", "/home/x/deco/gamma/projects/enwiki9/run_logs/adaptive/20260916T011139Z_5242a9a620.resources/guard.json", "--label", "20260916T011139Z_5242a9a620", "--phase", "diagnostic", "--scratch-path", "/home/x/deco/gamma/projects/enwiki9/results/fx2_value_feedback250k_v1", "--scratch-path", "/home/x/deco/gamma/projects/enwiki9/run_logs/adaptive/20260916T011139Z_5242a9a620.log", "--scratch-path", "/home/x/deco/gamma/projects/enwiki9/run_logs/adaptive/20260916T011139Z_5242a9a620.resources", "--scratch-path", "/tmp/gamma-enwiki9-20260916T011139Z_5242a9a620-u6o_5tld/fx2_value_feedback250k_v1", "--", "/usr/bin/taskset", "--cpu-list", "2", "/bin/sh", "-c", "printf '%s\\n' '{\"phase\":\"diagnostic\",\"event\":\"worker_start\",\"detail\":\"operational envelope only; no codec phase credit\"}' >> \"$GAMMA_RESOURCE_PHASE_MARKERS\" || exit 125; exec \"$@\"", "enwiki9-discovery-envelope", "/usr/bin/python3", "/home/x/deco/gamma/projects/enwiki9/tools/fx2_value_feedback250k_v1.py"], "job": {"candidate_id": "fx2_value_feedback250k_v1", "candidate_revision": {"path": "operations/adaptive/candidate-revisions/fx2_value_feedback250k_v1/20260916T011139438833Z_ad935d920e8e.json", "sha256": "sha256:b9386b482305d9c38b972b637fd08f1af79484de356c17f98944c0ce9c23b236"}, "candidate_tree_sha256": "sha256:ad935d920e8ee9e30ef67261cb808529c2c60be62f2469987ed7518ec4396abb", "execution_guard": {"path": "tools/run_with_resource_guard_v3.py", "sha256": "sha256:044147f7ffe6922ea8dafd52fc3d4426077b20958adbcd421245ad41adcfc1e4"}, "execution_mode": "discovery", "execution_resources": {"boot_id": "3ce46712-27bc-4199-8e48-e2b3d23926cb", "budget": {"cgroup_parent": "/sys/fs/cgroup/user.slice/user-1000.slice/user@1000.service/app.slice", "cpus": [2], "memory_bytes": 9999998976, "scratch_bytes": 20000000000, "swap_bytes": 0, "wall_seconds": 7200}, "cgroup_inode": 337839, "cgroup_path": "/sys/fs/cgroup/user.slice/user-1000.slice/user@1000.service/app.slice/gamma-enwiki9-20260916T011139Z_5242a9a620", "cpu_enforcement": "taskset-and-sampled-affinity-guard", "groups": [{"created": true, "inode": 337839, "kernel_cpuset": false, "memory_bytes": 9999998976, "path": "/sys/fs/cgroup/user.slice/user-1000.slice/user@1000.service/app.slice/gamma-enwiki9-20260916T011139Z_5242a9a620"}], "guard_command_sha256": "ad396edd24b10d0fab6f9035dd9e95511622d99a996e1d5fa0936cdbda90f5c7", "guard_path": "run_logs/adaptive/20260916T011139Z_5242a9a620.resources/guard.json", "missing_diagnostics": ["kernel cpuset controller is not delegated; taskset assignment and existing affinity guard remain active"], "timing_authority": "diagnostic"}, "experiment": {"path": "operations/adaptive/experiments/fx2_value_feedback250k_v1.json", "sha256": "sha256:dd1915eb0afb5f08424f1599fe0acd52264cd925966d553c55d496f58e84fd63"}, "gate_size": 250000, "held": false, "held_at": "2026-09-16T01:11:40+00:00", "hold_history": [{"at": "2026-09-16T01:11:40+00:00", "held": true, "reason": "Publish frozen source/ownership and pass fresh resource admission. CPU2 and16GB scratch remain reserved by live fx2_trim_scale10m_v1; no concurrent launch."}, {"at": "2026-09-16T02:33:31+00:00", "held": false, "reason": "Fresh source/resource admission in fx2_value_feedback250k_admission_20260916.json; 10M trimming terminal and independently audited; execute only frozen value-feedback comparison."}], "job_id": "20260916T011139Z_5242a9a620", "priority": 80, "proposal": {"path": "operations/adaptive/proposals/developed/949_fx2_value_feedback250k_v1.json", "sha256": "sha256:36692f95a021c3c152d42a67769256f5202ff02abf0d683d406f389913abdd7b"}, "proposal_id": "fx2_value_feedback250k_v1", "purpose": "diagnostic", "released_at": "2026-09-16T02:33:31+00:00", "resource_budget": {"cgroup_parent": "/sys/fs/cgroup/user.slice/user-1000.slice/user@1000.service/app.slice", "cpus": [2], "memory_bytes": 9999998976, "scratch_bytes": 20000000000, "swap_bytes": 0, "wall_seconds": 7200}, "runner": {"path": "tools/fx2_value_feedback250k_v1.py", "sha256": "sha256:d63ef9bc3af37105a2e4dfa3a95eee43347815a3e0e6643174321ae6aa08a38e"}, "schema": "gamma.enwiki9.adaptive-job.v3", "scratch_directories": ["results/fx2_value_feedback250k_v1"], "started_at": "2026-09-16T02:33:39+00:00", "state": "running", "submitted_at": "2026-09-16T01:11:39+00:00", "tags": [], "timing_authority": "diagnostic", "tool": "tools/fx2_value_feedback250k_v1.py", "tool_args": []}}
{"status": "passed", "g_P": -9, "g_S": -5, "scientific_verdict": "This fixed feedback realization does not pass the native parent/control archive and component-ceiling comparison."}
{
  "resource_guard": {
    "cgroup": {
      "inode": 337839,
      "joined_before_exec": true,
      "memory_max_bytes": 9999998976,
      "memory_max_rounding_bytes": 0,
      "memory_peak_reset": true,
      "path": "/sys/fs/cgroup/user.slice/user-1000.slice/user@1000.service/app.slice/gamma-enwiki9-20260916T011139Z_5242a9a620",
      "previous_memory_max": "9999998976",
      "requested_memory_max_bytes": 9999998976
    },
    "cgroup_events": {
      "baseline": {
        "high": 0,
        "low": 0,
        "max": 0,
        "oom": 0,
        "oom_group_kill": 0,
        "oom_kill": 0,
        "sock_throttled": 0
      },
      "delta": {
        "high": 0,
        "low": 0,
        "max": 0,
        "oom": 0,
        "oom_group_kill": 0,
        "oom_kill": 0,
        "sock_throttled": 0
      },
      "final": {
        "high": 0,
        "low": 0,
        "max": 0,
        "oom": 0,
        "oom_group_kill": 0,
        "oom_kill": 0,
        "sock_throttled": 0
      }
    },
    "command": [
      "/usr/bin/taskset",
      "--cpu-list",
      "2",
      "/bin/sh",
      "-c",
      "printf '%s\\n' '{\"phase\":\"diagnostic\",\"event\":\"worker_start\",\"detail\":\"operational envelope only; no codec phase credit\"}' >> \"$GAMMA_RESOURCE_PHASE_MARKERS\" || exit 125; exec \"$@\"",
      "enwiki9-discovery-envelope",
      "/usr/bin/python3",
      "/home/x/deco/gamma/projects/enwiki9/tools/fx2_value_feedback250k_v1.py"
    ],
    "command_sha256": "cd91e7783cb2dd8e2f00d2b729cce2092bb7daf406be6cfa203ed58ee66cad01",
    "elapsed_s": 996.6531,
    "geekbench5_single_core_score": null,
    "guards": {
      "cgroup_memory_guard_exceeded": false,
      "logical_cpu_guard_exceeded": false,
      "measurement_incomplete": false,
      "official_decimal_memory_exceeded": false,
      "phase_marker_invalid": false,
      "rss_guard_exceeded": false,
      "temporary_disk_guard_exceeded": false,
      "wall_time_guard_exceeded": false
    },
    "label": "20260916T011139Z_5242a9a620",
    "latest_sample": {
      "allowed_cpu_union": [],
      "cgroup_current_bytes": 1192681472,
      "elapsed_s": 996.6493,
      "max_single_rss_kib": 0,
      "persistent_status_misses": [],
      "processes": [],
      "scratch_allocated_bytes": 1158701056,
      "scratch_file_count": 475,
      "scratch_logical_bytes": 1157330529,
      "scratch_race_count": 0,
      "tree_live_threads": 0,
      "tree_rss_kib": 0,
      "tree_runnable_threads": 0
    },
    "limit_kib": 9765624,
    "limit_mode": "tree",
    "max_logical_cpus": 1,
    "measurements": {
      "affinity_complete": true,
      "cgroup_v2_complete": true,
      "per_process_vmhwm_sampled": true,
      "phase_markers_complete": true,
      "process_tree_rss_complete": true,
      "scratch_logical_and_allocated_complete": true,
      "smaps_rollup_complete": true
    },
    "objective": {
      "corpusBytes": 1000000000,
      "corpusSha256": "159b85351e5f76e60cbe32e04c677847a9ecba3adc79addab6f4c6c7aa3744bc",
      "objectiveDigest": "sha256:e91ff20e92c3cac8acb0cbe5c79fc8e8a3b427d7e151245c8eecc52b1c32fa00",
      "objectiveId": "gamma-enwiki9-hutter-90m-v3",
      "objectivePath": "contracts/research/v3/objective-contract.json",
      "targetScoreBytes": 90000000
    },
    "official_decimal_limit_kib": 9765624,
    "peak_process_vmhwm": {
      "comm": "delivery-D",
      "observed_elapsed_s": 584.8854,
      "pid": 752869,
      "start_ticks": 262270543,
      "vmhwm_kib": 5655132
    },
    "peak_sample": {
      "allowed_cpu_union": [
        2
      ],
      "cgroup_current_bytes": 7862894592,
      "elapsed_s": 981.9994,
      "max_single_rss_kib": 5650492,
      "persistent_status_misses": [],
      "processes": [
        {
          "allowed_cpus": [
            2
          ],
          "comm": "python3",
          "live_threads": 1,
          "pid": 650990,
          "rss_kib": 54300,
          "runnable_threads": 0,
          "start_ticks": 262215739,
          "vmhwm_kib": 111364
        },
        {
          "allowed_cpus": [
            2
          ],
          "comm": "timeout",
          "live_threads": 1,
          "pid": 824066,
          "rss_kib": 7736,
          "runnable_threads": 0,
          "start_ticks": 262310146,
          "vmhwm_kib": 7736
        },
        {
          "allowed_cpus": [
            2
          ],
          "comm": "observed-S",
          "live_threads": 1,
          "pid": 824068,
          "rss_kib": 5650492,
          "runnable_threads": 1,
          "start_ticks": 262310146,
          "vmhwm_kib": 5650492
        }
      ],
      "scratch_allocated_bytes": 1969995776,
      "scratch_file_count": 429,
      "scratch_logical_bytes": 16645568010,
      "scratch_race_count": 0,
      "tree_live_threads": 3,
      "tree_rss_kib": 5712528,
      "tree_runnable_threads": 1
    },
    "peak_tree_sample": {
      "allowed_cpu_union": [
        2
      ],
      "cgroup_current_bytes": 7114833920,
      "elapsed_s": 681.1684,
      "max_single_rss_kib": 5650336,
      "persistent_status_misses": [],
      "processes": [
        {
          "allowed_cpus": [
            2
          ],
          "comm": "python3",
          "live_threads": 1,
          "pid": 650990,
          "rss_kib": 56928,
          "runnable_threads": 0,
          "start_ticks": 262215739,
          "vmhwm_kib": 111364
        },
        {
          "allowed_cpus": [
            2
          ],
          "comm": "timeout",
          "live_threads": 1,
          "pid": 770043,
          "rss_kib": 7852,
          "runnable_threads": 0,
          "start_ticks": 262280084,
          "vmhwm_kib": 7852
        },
        {
          "allowed_cpus": [
            2
          ],
          "comm": "observed-D",
          "live_threads": 1,
          "pid": 770045,
          "rss_kib": 5650336,
          "runnable_threads": 1,
          "start_ticks": 262280084,
          "vmhwm_kib": 5650336
        }
      ],
      "scratch_allocated_bytes": 1240621056,
      "scratch_file_count": 328,
      "scratch_logical_bytes": 15916467180,
      "scratch_race_count": 0,
      "tree_live_threads": 3,
      "tree_rss_kib": 5715116,
      "tree_runnable_threads": 1
    },
    "peaks": {
      "cgroup_memory_peak_bytes": 7863681024,
      "max_observed_process_vmhwm_kib": 5655132,
      "max_sampled_allowed_cpu_count": 1,
      "max_sampled_cgroup_current_bytes": 7862894592,
      "max_sampled_scratch_allocated_bytes": 2203054080,
      "max_sampled_scratch_logical_bytes": 16645568010,
      "max_sampled_single_rss_kib": 5650492,
      "max_sampled_tree_live_threads": 5,
      "max_sampled_tree_rss_kib": 5715116,
      "max_sampled_tree_runnable_threads": 2
    },
    "phase": "diagnostic",
    "phase_marker_path": "/home/x/deco/gamma/projects/enwiki9/run_logs/adaptive/20260916T011139Z_5242a9a620.resources/phases.jsonl",
    "phase_markers": [
      {
        "detail": "operational envelope only; no codec phase credit",
        "event": "worker_start",
        "observed_elapsed_s": 0.0225,
        "phase": "diagnostic",
        "source_line": 1
      },
      {
        "detail": null,
        "event": "start",
        "observed_elapsed_s": 0.5234,
        "phase": "P-compile",
        "source_line": 2
      },
      {
        "detail": null,
        "event": "end",
        "observed_elapsed_s": 13.6024,
        "phase": "P-compile",
        "source_line": 3
      },
      {
        "detail": null,
        "event": "start",
        "observed_elapsed_s": 13.6024,
        "phase": "P-clean-repeat",
        "source_line": 4
      },
      {
        "detail": null,
        "event": "end",
        "observed_elapsed_s": 13.6024,
        "phase": "P-clean-repeat",
        "source_line": 5
      },
      {
        "detail": null,
        "event": "start",
        "observed_elapsed_s": 13.6024,
        "phase": "P-compile-repeat",
        "source_line": 6
      },
      {
        "detail": null,
        "event": "end",
        "observed_elapsed_s": 26.6708,
        "phase": "P-compile-repeat",
        "source_line": 7
      },
      {
        "detail": null,
        "event": "start",
        "observed_elapsed_s": 26.6708,
        "phase": "P-preprocess",
        "source_line": 8
      },
      {
        "detail": null,
        "event": "end",
        "observed_elapsed_s": 26.6708,
        "phase": "P-preprocess",
        "source_line": 9
      },
      {
        "detail": null,
        "event": "start",
        "observed_elapsed_s": 27.1734,
        "phase": "P-clean-encode",
        "source_line": 10
      },
      {
        "detail": null,
        "event": "end",
        "observed_elapsed_s": 63.3724,
        "phase": "P-clean-encode",
        "source_line": 11
      },
      {
        "detail": null,
        "event": "start",
        "observed_elapsed_s": 63.3724,
        "phase": "P-clean-decode",
        "source_line": 12
      },
      {
        "detail": null,
        "event": "end",
        "observed_elapsed_s": 99.0742,
        "phase": "P-clean-decode",
        "source_line": 13
      },
      {
        "detail": null,
        "event": "start",
        "observed_elapsed_s": 99.0742,
        "phase": "P-clean-observer",
        "source_line": 14
      },
      {
        "detail": null,
        "event": "end",
        "observed_elapsed_s": 99.5774,
        "phase": "P-clean-observer",
        "source_line": 15
      },
      {
        "detail": null,
        "event": "start",
        "observed_elapsed_s": 99.5774,
        "phase": "P-compile-observer",
        "source_line": 16
      },
      {
        "detail": null,
        "event": "end",
        "observed_elapsed_s": 112.6654,
        "phase": "P-compile-observer",
        "source_line": 17
      },
      {
        "detail": null,
        "event": "start",
        "observed_elapsed_s": 112.6654,
        "phase": "P-encode",
        "source_line": 18
      },
      {
        "detail": null,
        "event": "end",
        "observed_elapsed_s": 150.8934,
        "phase": "P-encode",
        "source_line": 19
      },
      {
        "detail": null,
        "event": "start",
        "observed_elapsed_s": 150.8934,
        "phase": "P-decode",
        "source_line": 20
      },
      {
        "detail": null,
        "event": "end",
        "observed_elapsed_s": 189.1053,
        "phase": "P-decode",
        "source_line": 21
      },
      {
        "detail": null,
        "event": "start",
        "observed_elapsed_s": 189.1053,
        "phase": "P-repeat",
        "source_line": 22
      },
      {
        "detail": null,
        "event": "end",
        "observed_elapsed_s": 228.3664,
        "phase": "P-repeat",
        "source_line": 23
      },
      {
        "detail": null,
        "event": "start",
        "observed_elapsed_s": 228.8704,
        "phase": "K-clean-source",
        "source_line": 24
      },
      {
        "detail": null,
        "event": "end",
        "observed_elapsed_s": 228.8704,
        "phase": "K-clean-source",
        "source_line": 25
      },
      {
        "detail": null,
        "event": "start",
        "observed_elapsed_s": 228.8704,
        "phase": "K-compile",
        "source_line": 26
      },
      {
        "detail": null,
        "event": "end",
        "observed_elapsed_s": 241.9564,
        "phase": "K-compile",
        "source_line": 27
      },
      {
        "detail": null,
        "event": "start",
        "observed_elapsed_s": 241.9564,
        "phase": "K-clean-repeat",
        "source_line": 28
      },
      {
        "detail": null,
        "event": "end",
        "observed_elapsed_s": 241.9564,
        "phase": "K-clean-repeat",
        "source_line": 29
      },
      {
        "detail": null,
        "event": "start",
        "observed_elapsed_s": 241.9564,
        "phase": "K-compile-repeat",
        "source_line": 30
      },
      {
        "detail": null,
        "event": "end",
        "observed_elapsed_s": 255.5614,
        "phase": "K-compile-repeat",
        "source_line": 31
      },
      {
        "detail": null,
        "event": "start",
        "observed_elapsed_s": 255.5614,
        "phase": "K-clean-encode",
        "source_line": 32
      },
      {
        "detail": null,
        "event": "end",
        "observed_elapsed_s": 292.8164,
        "phase": "K-clean-encode",
        "source_line": 33
      },
      {
        "detail": null,
        "event": "start",
        "observed_elapsed_s": 292.8164,
        "phase": "K-clean-decode",
        "source_line": 34
      },
      {
        "detail": null,
        "event": "end",
        "observed_elapsed_s": 330.0774,
        "phase": "K-clean-decode",
        "source_line": 35
      },
      {
        "detail": null,
        "event": "start",
        "observed_elapsed_s": 330.0774,
        "phase": "K-clean-observer",
        "source_line": 36
      },
      {
        "detail": null,
        "event": "end",
        "observed_elapsed_s": 330.0774,
        "phase": "K-clean-observer",
        "source_line": 37
      },
      {
        "detail": null,
        "event": "start",
        "observed_elapsed_s": 330.0774,
        "phase": "K-compile-observer",
        "source_line": 38
      },
      {
        "detail": null,
        "event": "end",
        "observed_elapsed_s": 343.1694,
        "phase": "K-compile-observer",
        "source_line": 39
      },
      {
        "detail": null,
        "event": "start",
        "observed_elapsed_s": 343.1694,
        "phase": "K-encode",
        "source_line": 40
      },
      {
        "detail": null,
        "event": "end",
        "observed_elapsed_s": 381.4404,
        "phase": "K-encode",
        "source_line": 41
      },
      {
        "detail": null,
        "event": "start",
        "observed_elapsed_s": 387.9764,
        "phase": "K-decode",
        "source_line": 42
      },
      {
        "detail": null,
        "event": "end",
        "observed_elapsed_s": 426.2574,
        "phase": "K-decode",
        "source_line": 43
      },
      {
        "detail": null,
        "event": "start",
        "observed_elapsed_s": 432.7964,
        "phase": "K-repeat",
        "source_line": 44
      },
      {
        "detail": null,
        "event": "end",
        "observed_elapsed_s": 471.0704,
        "phase": "K-repeat",
        "source_line": 45
      },
      {
        "detail": null,
        "event": "start",
        "observed_elapsed_s": 484.6654,
        "phase": "D-clean-source",
        "source_line": 46
      },
      {
        "detail": null,
        "event": "end",
        "observed_elapsed_s": 484.6654,
        "phase": "D-clean-source",
        "source_line": 47
      },
      {
        "detail": null,
        "event": "start",
        "observed_elapsed_s": 484.6654,
        "phase": "D-compile",
        "source_line": 48
      },
      {
        "detail": null,
        "event": "end",
        "observed_elapsed_s": 497.7624,
        "phase": "D-compile",
        "source_line": 49
      },
      {
        "detail": null,
        "event": "start",
        "observed_elapsed_s": 497.7624,
        "phase": "D-clean-repeat",
        "source_line": 50
      },
      {
        "detail": null,
        "event": "end",
        "observed_elapsed_s": 497.7624,
        "phase": "D-clean-repeat",
        "source_line": 51
      },
      {
        "detail": null,
        "event": "start",
        "observed_elapsed_s": 497.7624,
        "phase": "D-compile-repeat",
        "source_line": 52
      },
      {
        "detail": null,
        "event": "end",
        "observed_elapsed_s": 510.8644,
        "phase": "D-compile-repeat",
        "source_line": 53
      },
      {
        "detail": null,
        "event": "start",
        "observed_elapsed_s": 510.8644,
        "phase": "D-clean-encode",
        "source_line": 54
      },
      {
        "detail": null,
        "event": "end",
        "observed_elapsed_s": 548.1239,
        "phase": "D-clean-encode",
        "source_line": 55
      },
      {
        "detail": null,
        "event": "start",
        "observed_elapsed_s": 548.1239,
        "phase": "D-clean-decode",
        "source_line": 56
      },
      {
        "detail": null,
        "event": "end",
        "observed_elapsed_s": 585.8924,
        "phase": "D-clean-decode",
        "source_line": 57
      },
      {
        "detail": null,
        "event": "start",
        "observed_elapsed_s": 585.8924,
        "phase": "D-clean-observer",
        "source_line": 58
      },
      {
        "detail": null,
        "event": "end",
        "observed_elapsed_s": 585.8924,
        "phase": "D-clean-observer",
        "source_line": 59
      },
      {
        "detail": null,
        "event": "start",
        "observed_elapsed_s": 585.8924,
        "phase": "D-compile-observer",
        "source_line": 60
      },
      {
        "detail": null,
        "event": "end",
        "observed_elapsed_s": 599.0374,
        "phase": "D-compile-observer",
        "source_line": 61
      },
      {
        "detail": null,
        "event": "start",
        "observed_elapsed_s": 599.0374,
        "phase": "D-encode",
        "source_line": 62
      },
      {
        "detail": null,
        "event": "end",
        "observed_elapsed_s": 637.3423,
        "phase": "D-encode",
        "source_line": 63
      },
      {
        "detail": null,
        "event": "start",
        "observed_elapsed_s": 643.8863,
        "phase": "D-decode",
        "source_line": 64
      },
      {
        "detail": null,
        "event": "end",
        "observed_elapsed_s": 682.1743,
        "phase": "D-decode",
        "source_line": 65
      },
      {
        "detail": null,
        "event": "start",
        "observed_elapsed_s": 688.7254,
        "phase": "D-repeat",
        "source_line": 66
      },
      {
        "detail": null,
        "event": "end",
        "observed_elapsed_s": 726.5634,
        "phase": "D-repeat",
        "source_line": 67
      },
      {
        "detail": null,
        "event": "start",
        "observed_elapsed_s": 740.1744,
        "phase": "S-clean-source",
        "source_line": 68
      },
      {
        "detail": null,
        "event": "end",
        "observed_elapsed_s": 740.1744,
        "phase": "S-clean-source",
        "source_line": 69
      },
      {
        "detail": null,
        "event": "start",
        "observed_elapsed_s": 740.1744,
        "phase": "S-compile",
        "source_line": 70
      },
      {
        "detail": null,
        "event": "end",
        "observed_elapsed_s": 753.3324,
        "phase": "S-compile",
        "source_line": 71
      },
      {
        "detail": null,
        "event": "start",
        "observed_elapsed_s": 753.3324,
        "phase": "S-clean-repeat",
        "source_line": 72
      },
      {
        "detail": null,
        "event": "end",
        "observed_elapsed_s": 753.3324,
        "phase": "S-clean-repeat",
        "source_line": 73
      },
      {
        "detail": null,
        "event": "start",
        "observed_elapsed_s": 753.3324,
        "phase": "S-compile-repeat",
        "source_line": 74
      },
      {
        "detail": null,
        "event": "end",
        "observed_elapsed_s": 766.4898,
        "phase": "S-compile-repeat",
        "source_line": 75
      },
      {
        "detail": null,
        "event": "start",
        "observed_elapsed_s": 766.4898,
        "phase": "S-clean-encode",
        "source_line": 76
      },
      {
        "detail": null,
        "event": "end",
        "observed_elapsed_s": 803.9205,
        "phase": "S-clean-encode",
        "source_line": 77
      },
      {
        "detail": null,
        "event": "start",
        "observed_elapsed_s": 803.9205,
        "phase": "S-clean-decode",
        "source_line": 78
      },
      {
        "detail": null,
        "event": "end",
        "observed_elapsed_s": 841.3526,
        "phase": "S-clean-decode",
        "source_line": 79
      },
      {
        "detail": null,
        "event": "start",
        "observed_elapsed_s": 841.3526,
        "phase": "S-clean-observer",
        "source_line": 80
      },
      {
        "detail": null,
        "event": "end",
        "observed_elapsed_s": 841.3526,
        "phase": "S-clean-observer",
        "source_line": 81
      },
      {
        "detail": null,
        "event": "start",
        "observed_elapsed_s": 841.3526,
        "phase": "S-compile-observer",
        "source_line": 82
      },
      {
        "detail": null,
        "event": "end",
        "observed_elapsed_s": 854.5184,
        "phase": "S-compile-observer",
        "source_line": 83
      },
      {
        "detail": null,
        "event": "start",
        "observed_elapsed_s": 854.5184,
        "phase": "S-encode",
        "source_line": 84
      },
      {
        "detail": null,
        "event": "end",
        "observed_elapsed_s": 892.4757,
        "phase": "S-encode",
        "source_line": 85
      },
      {
        "detail": null,
        "event": "start",
        "observed_elapsed_s": 899.0274,
        "phase": "S-decode",
        "source_line": 86
      },
      {
        "detail": null,
        "event": "end",
        "observed_elapsed_s": 937.4837,
        "phase": "S-decode",
        "source_line": 87
      },
      {
        "detail": null,
        "event": "start",
        "observed_elapsed_s": 944.5457,
        "phase": "S-repeat",
        "source_line": 88
      },
      {
        "detail": null,
        "event": "end",
        "observed_elapsed_s": 983.0134,
        "phase": "S-repeat",
        "source_line": 89
      }
    ],
    "returncode": 0,
    "sample_count": 1976,
    "sample_interval_seconds": 0.5,
    "schema": "gamma.enwiki9.resource-guard-receipt.v3",
    "scratch_paths": [
      "/home/x/deco/gamma/projects/enwiki9/results/fx2_value_feedback250k_v1",
      "/home/x/deco/gamma/projects/enwiki9/run_logs/adaptive/20260916T011139Z_5242a9a620.log",
      "/home/x/deco/gamma/projects/enwiki9/run_logs/adaptive/20260916T011139Z_5242a9a620.resources",
      "/tmp/gamma-enwiki9-20260916T011139Z_5242a9a620-u6o_5tld/fx2_value_feedback250k_v1"
    ],
    "smaps_rollup_checkpoints": [
      {
        "elapsed_s": 0.0225,
        "processes": [
          {
            "pid": 650990,
            "rollup_kib": {
              "AnonHugePages": 0,
              "Anonymous": 4588,
              "FilePmdMapped": 0,
              "KSM": 0,
              "LazyFree": 0,
              "Locked": 0,
              "Private_Clean": 24,
              "Private_Dirty": 4588,
              "Private_Hugetlb": 0,
              "Pss": 6213,
              "Pss_Anon": 4588,
              "Pss_Dirty": 4588,
              "Pss_File": 1625,
              "Pss_Shmem": 0,
              "Referenced": 11320,
              "Rss": 11320,
              "Shared_Clean": 6708,
              "Shared_Dirty": 0,
              "Shared_Hugetlb": 0,
              "ShmemPmdMapped": 0,
              "Swap": 0,
              "SwapPss": 0
            },
            "start_ticks": 262215739
          }
        ],
        "reason": "initial+phase_marker+rss_growth",
        "tree_rss_kib": 11320
      },
      {
        "elapsed_s": 0.5234,
        "processes": [
          {
            "pid": 650990,
            "rollup_kib": {
              "AnonHugePages": 0,
              "Anonymous": 41340,
              "FilePmdMapped": 0,
              "KSM": 0,
              "LazyFree": 0,
              "Locked": 0,
              "Private_Clean": 92,
              "Private_Dirty": 41340,
              "Private_Hugetlb": 0,
              "Pss": 44098,
              "Pss_Anon": 41340,
              "Pss_Dirty": 41340,
              "Pss_File": 2758,
              "Pss_Shmem": 0,
              "Referenced": 53816,
              "Rss": 53816,
              "Shared_Clean": 12384,
              "Shared_Dirty": 0,
              "Shared_Hugetlb": 0,
              "ShmemPmdMapped": 0,
              "Swap": 0,
              "SwapPss": 0
            },
            "start_ticks": 262215739
          },
          {
            "pid": 651056,
            "rollup_kib": {
              "AnonHugePages": 0,
              "Anonymous": 1244,
              "FilePmdMapped": 0,
              "KSM": 0,
              "LazyFree": 0,
              "Locked": 0,
              "Private_Clean": 420,
              "Private_Dirty": 1244,
              "Private_Hugetlb": 0,
              "Pss": 3501,
              "Pss_Anon": 1244,
              "Pss_Dirty": 1244,
              "Pss_File": 2257,
              "Pss_Shmem": 0,
              "Referenced": 7732,
              "Rss": 7732,
              "Shared_Clean": 6068,
              "Shared_Dirty": 0,
              "Shared_Hugetlb": 0,
              "ShmemPmdMapped": 0,
              "Swap": 0,
              "SwapPss": 0
            },
            "start_ticks": 262215769
          },
          {
            "pid": 651057,
            "rollup_kib": {
              "AnonHugePages": 0,
              "Anonymous": 384,
              "FilePmdMapped": 0,
              "KSM": 0,
              "LazyFree": 0,
              "Locked": 0,
              "Private_Clean": 276,
              "Private_Dirty": 384,
              "Private_Hugetlb": 0,
              "Pss": 770,
              "Pss_Anon": 384,
              "Pss_Dirty": 384,
              "Pss_File": 386,
              "Pss_Shmem": 0,
              "Referenced": 2624,
              "Rss": 2624,
              "Shared_Clean": 1964,
              "Shared_Dirty": 0,
              "Shared_Hugetlb": 0,
              "ShmemPmdMapped": 0,
              "Swap": 0,
              "SwapPss": 0
            },
            "start_ticks": 262215769
          },
          {
            "pid": 651059,
            "rollup_kib": {
              "AnonHugePages": 0,
              "Anonymous": 280,
              "FilePmdMapped": 0,
              "KSM": 0,
              "LazyFree": 0,
              "Locked": 0,
              "Private_Clean": 1004,
              "Private_Dirty": 280,
              "Private_Hugetlb": 0,
              "Pss": 1385,
              "Pss_Anon": 280,
              "Pss_Dirty": 280,
              "Pss_File": 1105,
              "Pss_Shmem": 0,
              "Referenced": 3128,
              "Rss": 3128,
              "Shared_Clean": 1844,
              "Shared_Dirty": 0,
              "Shared_Hugetlb": 0,
              "ShmemPmdMapped": 0,
              "Swap": 0,
              "SwapPss": 0
            },
            "start_ticks": 262215769
          },
          {
            "pid": 651060,
            "rollup_kib": {
              "AnonHugePages": 0,
              "Anonymous": 117724,
              "FilePmdMapped": 0,
              "KSM": 0,
              "LazyFree": 0,
              "Locked": 0,
              "Private_Clean": 15364,
              "Private_Dirty": 117724,
              "Private_Hugetlb": 0,
              "Pss": 133346,
              "Pss_Anon": 117724,
              "Pss_Dirty": 117724,
              "Pss_File": 15622,
              "Pss_Shmem": 0,
              "Referenced": 135948,
              "Rss": 135948,
              "Shared_Clean": 2860,
              "Shared_Dirty": 0,
              "Shared_Hugetlb": 0,
              "ShmemPmdMapped": 0,
              "Swap": 0,
              "SwapPss": 0
            },
            "start_ticks": 262215769
          }
        ],
        "reason": "phase_marker",
        "tree_rss_kib": 203248
      },
      {
        "elapsed_s": 13.6024,
        "processes": [
          {
            "pid": 650990,
            "rollup_kib": {
              "AnonHugePages": 0,
              "Anonymous": 41340,
              "FilePmdMapped": 0,
              "KSM": 0,
              "LazyFree": 0,
              "Locked": 0,
              "Private_Clean": 92,
              "Private_Dirty": 41340,
              "Private_Hugetlb": 0,
              "Pss": 44157,
              "Pss_Anon": 41340,
              "Pss_Dirty": 41340,
              "Pss_File": 2817,
              "Pss_Shmem": 0,
              "Referenced": 53944,
              "Rss": 53944,
              "Shared_Clean": 12512,
              "Shared_Dirty": 0,
              "Shared_Hugetlb": 0,
              "ShmemPmdMapped": 0,
              "Swap": 0,
              "SwapPss": 0
            },
            "start_ticks": 262215739
          },
          {
            "pid": 653610,
            "rollup_kib": {
              "AnonHugePages": 0,
              "Anonymous": 1248,
              "FilePmdMapped": 0,
              "KSM": 0,
              "LazyFree": 0,
              "Locked": 0,
              "Private_Clean": 624,
              "Private_Dirty": 1248,
              "Private_Hugetlb": 0,
              "Pss": 3643,
              "Pss_Anon": 1248,
              "Pss_Dirty": 1248,
              "Pss_File": 2395,
              "Pss_Shmem": 0,
              "Referenced": 7828,
              "Rss": 7828,
              "Shared_Clean": 5956,
              "Shared_Dirty": 0,
              "Shared_Hugetlb": 0,
              "ShmemPmdMapped": 0,
              "Swap": 0,
              "SwapPss": 0
            },
            "start_ticks": 262217082
          },
          {
            "pid": 653611,
            "rollup_kib": {
              "AnonHugePages": 0,
              "Anonymous": 380,
              "FilePmdMapped": 0,
              "KSM": 0,
              "LazyFree": 0,
              "Locked": 0,
              "Private_Clean": 276,
              "Private_Dirty": 380,
              "Private_Hugetlb": 0,
              "Pss": 775,
              "Pss_Anon": 380,
              "Pss_Dirty": 380,
              "Pss_File": 395,
              "Pss_Shmem": 0,
              "Referenced": 2620,
              "Rss": 2620,
              "Shared_Clean": 1964,
              "Shared_Dirty": 0,
              "Shared_Hugetlb": 0,
              "ShmemPmdMapped": 0,
              "Swap": 0,
              "SwapPss": 0
            },
            "start_ticks": 262217082
          },
          {
            "pid": 653613,
            "rollup_kib": {
              "AnonHugePages": 0,
              "Anonymous": 280,
              "FilePmdMapped": 0,
              "KSM": 0,
              "LazyFree": 0,
              "Locked": 0,
              "Private_Clean": 1004,
              "Private_Dirty": 280,
              "Private_Hugetlb": 0,
              "Pss": 1394,
              "Pss_Anon": 280,
              "Pss_Dirty": 280,
              "Pss_File": 1114,
              "Pss_Shmem": 0,
              "Referenced": 3124,
              "Rss": 3124,
              "Shared_Clean": 1840,
              "Shared_Dirty": 0,
              "Shared_Hugetlb": 0,
              "ShmemPmdMapped": 0,
              "Swap": 0,
              "SwapPss": 0
            },
            "start_ticks": 262217082
          },
          {
            "pid": 653614,
            "rollup_kib": {
              "AnonHugePages": 0,
              "Anonymous": 95964,
              "FilePmdMapped": 0,
              "KSM": 0,
              "LazyFree": 0,
              "Locked": 0,
              "Private_Clean": 15096,
              "Private_Dirty": 95964,
              "Private_Hugetlb": 0,
              "Pss": 111351,
              "Pss_Anon": 95964,
              "Pss_Dirty": 95964,
              "Pss_File": 15387,
              "Pss_Shmem": 0,
              "Referenced": 114024,
              "Rss": 114024,
              "Shared_Clean": 2964,
              "Shared_Dirty": 0,
              "Shared_Hugetlb": 0,
              "ShmemPmdMapped": 0,
              "Swap": 0,
              "SwapPss": 0
            },
            "start_ticks": 262217082
          }
        ],
        "reason": "phase_marker",
        "tree_rss_kib": 181540
      },
      {
        "elapsed_s": 26.6708,
        "processes": [
          {
            "pid": 650990,
            "rollup_kib": {
              "AnonHugePages": 0,
              "Anonymous": 41344,
              "FilePmdMapped": 0,
              "KSM": 0,
              "LazyFree": 0,
              "Locked": 0,
              "Private_Clean": 92,
              "Private_Dirty": 41344,
              "Private_Hugetlb": 0,
              "Pss": 44233,
              "Pss_Anon": 41344,
              "Pss_Dirty": 41344,
              "Pss_File": 2889,
              "Pss_Shmem": 0,
              "Referenced": 53944,
              "Rss": 53944,
              "Shared_Clean": 12508,
              "Shared_Dirty": 0,
              "Shared_Hugetlb": 0,
              "ShmemPmdMapped": 0,
              "Swap": 0,
              "SwapPss": 0
            },
            "start_ticks": 262215739
          }
        ],
        "reason": "phase_marker",
        "tree_rss_kib": 53944
      },
      {
        "elapsed_s": 27.1734,
        "processes": [
          {
            "pid": 650990,
            "rollup_kib": {
              "AnonHugePages": 0,
              "Anonymous": 41344,
              "FilePmdMapped": 0,
              "KSM": 0,
              "LazyFree": 0,
              "Locked": 0,
              "Private_Clean": 92,
              "Private_Dirty": 41344,
              "Private_Hugetlb": 0,
              "Pss": 44170,
              "Pss_Anon": 41344,
              "Pss_Dirty": 41344,
              "Pss_File": 2826,
              "Pss_Shmem": 0,
              "Referenced": 53944,
              "Rss": 53944,
              "Shared_Clean": 12508,
              "Shared_Dirty": 0,
              "Shared_Hugetlb": 0,
              "ShmemPmdMapped": 0,
              "Swap": 0,
              "SwapPss": 0
            },
            "start_ticks": 262215739
          },
          {
            "pid": 656268,
            "rollup_kib": {
              "AnonHugePages": 0,
              "Anonymous": 1244,
              "FilePmdMapped": 0,
              "KSM": 0,
              "LazyFree": 0,
              "Locked": 0,
              "Private_Clean": 3532,
              "Private_Dirty": 1244,
              "Private_Hugetlb": 0,
              "Pss": 4992,
              "Pss_Anon": 1244,
              "Pss_Dirty": 1244,
              "Pss_File": 3748,
              "Pss_Shmem": 0,
              "Referenced": 7528,
              "Rss": 7528,
              "Shared_Clean": 2752,
              "Shared_Dirty": 0,
              "Shared_Hugetlb": 0,
              "ShmemPmdMapped": 0,
              "Swap": 0,
              "SwapPss": 0
            },
            "start_ticks": 262218407
          },
          {
            "pid": 656269,
            "rollup_kib": {
              "AnonHugePages": 18432,
              "Anonymous": 1634112,
              "FilePmdMapped": 0,
              "KSM": 0,
              "LazyFree": 0,
              "Locked": 0,
              "Private_Clean": 84,
              "Private_Dirty": 1634540,
              "Private_Hugetlb": 0,
              "Pss": 1635098,
              "Pss_Anon": 1634112,
              "Pss_Dirty": 1634540,
              "Pss_File": 986,
              "Pss_Shmem": 0,
              "Referenced": 1638656,
              "Rss": 1638656,
              "Shared_Clean": 4032,
              "Shared_Dirty": 0,
              "Shared_Hugetlb": 0,
              "ShmemPmdMapped": 0,
              "Swap": 0,
              "SwapPss": 0
            },
            "start_ticks": 262218407
          }
        ],
        "reason": "phase_marker+rss_growth",
        "tree_rss_kib": 1678216
      },
      {
        "elapsed_s": 27.702,
        "processes": [
          {
            "pid": 650990,
            "rollup_kib": {
              "AnonHugePages": 0,
              "Anonymous": 41344,
              "FilePmdMapped": 0,
              "KSM": 0,
              "LazyFree": 0,
              "Locked": 0,
              "Private_Clean": 92,
              "Private_Dirty": 41344,
              "Private_Hugetlb": 0,
              "Pss": 44169,
              "Pss_Anon": 41344,
              "Pss_Dirty": 41344,
              "Pss_File": 2825,
              "Pss_Shmem": 0,
              "Referenced": 53944,
              "Rss": 53944,
              "Shared_Clean": 12508,
              "Shared_Dirty": 0,
              "Shared_Hugetlb": 0,
              "ShmemPmdMapped": 0,
              "Swap": 0,
              "SwapPss": 0
            },
            "start_ticks": 262215739
          },
          {
            "pid": 656268,
            "rollup_kib": {
              "AnonHugePages": 0,
              "Anonymous": 1244,
              "FilePmdMapped": 0,
              "KSM": 0,
              "LazyFree": 0,
              "Locked": 0,
              "Private_Clean": 3532,
              "Private_Dirty": 1244,
              "Private_Hugetlb": 0,
              "Pss": 4991,
              "Pss_Anon": 1244,
              "Pss_Dirty": 1244,
              "Pss_File": 3747,
              "Pss_Shmem": 0,
              "Referenced": 7528,
              "Rss": 7528,
              "Shared_Clean": 2752,
              "Shared_Dirty": 0,
              "Shared_Hugetlb": 0,
              "ShmemPmdMapped": 0,
              "Swap": 0,
              "SwapPss": 0
            },
            "start_ticks": 262218407
          },
          {
            "pid": 656269,
            "rollup_kib": {
              "AnonHugePages": 18432,
              "Anonymous": 2669440,
              "FilePmdMapped": 0,
              "KSM": 0,
              "LazyFree": 0,
              "Locked": 0,
              "Private_Clean": 140,
              "Private_Dirty": 2669868,
              "Private_Hugetlb": 0,
              "Pss": 2670505,
              "Pss_Anon": 2669440,
              "Pss_Dirty": 2669868,
              "Pss_File": 1065,
              "Pss_Shmem": 0,
              "Referenced": 2674176,
              "Rss": 2674176,
              "Shared_Clean": 4168,
              "Shared_Dirty": 0,
              "Shared_Hugetlb": 0,
              "ShmemPmdMapped": 0,
              "Swap": 0,
              "SwapPss": 0
            },
            "start_ticks": 262218407
          }
        ],
        "reason": "rss_growth",
        "tree_rss_kib": 2715944
      },
      {
        "elapsed_s": 28.29,
        "processes": [
          {
            "pid": 650990,
            "rollup_kib": {
              "AnonHugePages": 0,
              "Anonymous": 41344,
              "FilePmdMapped": 0,
              "KSM": 0,
              "LazyFree": 0,
              "Locked": 0,
              "Private_Clean": 92,
              "Private_Dirty": 41344,
              "Private_Hugetlb": 0,
              "Pss": 44178,
              "Pss_Anon": 41344,
              "Pss_Dirty": 41344,
              "Pss_File": 2834,
              "Pss_Shmem": 0,
              "Referenced": 53944,
              "Rss": 53944,
              "Shared_Clean": 12508,
              "Shared_Dirty": 0,
              "Shared_Hugetlb": 0,
              "ShmemPmdMapped": 0,
              "Swap": 0,
              "SwapPss": 0
            },
            "start_ticks": 262215739
          },
          {
            "pid": 656268,
            "rollup_kib": {
              "AnonHugePages": 0,
              "Anonymous": 1244,
              "FilePmdMapped": 0,
              "KSM": 0,
              "LazyFree": 0,
              "Locked": 0,
              "Private_Clean": 3532,
              "Private_Dirty": 1244,
              "Private_Hugetlb": 0,
              "Pss": 5001,
              "Pss_Anon": 1244,
              "Pss_Dirty": 1244,
              "Pss_File": 3757,
              "Pss_Shmem": 0,
              "Referenced": 7528,
              "Rss": 7528,
              "Shared_Clean": 2752,
              "Shared_Dirty": 0,
              "Shared_Hugetlb": 0,
              "ShmemPmdMapped": 0,
              "Swap": 0,
              "SwapPss": 0
            },
            "start_ticks": 262218407
          },
          {
            "pid": 656269,
            "rollup_kib": {
              "AnonHugePages": 18432,
              "Anonymous": 3310488,
              "FilePmdMapped": 0,
              "KSM": 0,
              "LazyFree": 0,
              "Locked": 0,
              "Private_Clean": 140,
              "Private_Dirty": 3310916,
              "Private_Hugetlb": 0,
              "Pss": 3311540,
              "Pss_Anon": 3310488,
              "Pss_Dirty": 3310916,
              "Pss_File": 1052,
              "Pss_Shmem": 0,
              "Referenced": 3315224,
              "Rss": 3315224,
              "Shared_Clean": 4168,
              "Shared_Dirty": 0,
              "Shared_Hugetlb": 0,
              "ShmemPmdMapped": 0,
              "Swap": 0,
              "SwapPss": 0
            },
            "start_ticks": 262218407
          }
        ],
        "reason": "rss_growth",
        "tree_rss_kib": 3361196
      },
      {
        "elapsed_s": 28.8929,
        "processes": [
          {
            "pid": 650990,
            "rollup_kib": {
              "AnonHugePages": 0,
              "Anonymous": 41344,
              "FilePmdMapped": 0,
              "KSM": 0,
              "LazyFree": 0,
              "Locked": 0,
              "Private_Clean": 92,
              "Private_Dirty": 41344,
              "Private_Hugetlb": 0,
              "Pss": 44160,
              "Pss_Anon": 41344,
              "Pss_Dirty": 41344,
              "Pss_File": 2816,
              "Pss_Shmem": 0,
              "Referenced": 53944,
              "Rss": 53944,
              "Shared_Clean": 12508,
              "Shared_Dirty": 0,
              "Shared_Hugetlb": 0,
              "ShmemPmdMapped": 0,
              "Swap": 0,
              "SwapPss": 0
            },
            "start_ticks": 262215739
          },
          {
            "pid": 656268,
            "rollup_kib": {
              "AnonHugePages": 0,
              "Anonymous": 1244,
              "FilePmdMapped": 0,
              "KSM": 0,
              "LazyFree": 0,
              "Locked": 0,
              "Private_Clean": 116,
              "Private_Dirty": 1244,
              "Private_Hugetlb": 0,
              "Pss": 3275,
              "Pss_Anon": 1244,
              "Pss_Dirty": 1244,
              "Pss_File": 2031,
              "Pss_Shmem": 0,
              "Referenced": 7528,
              "Rss": 7528,
              "Shared_Clean": 6168,
              "Shared_Dirty": 0,
              "Shared_Hugetlb": 0,
              "ShmemPmdMapped": 0,
              "Swap": 0,
              "SwapPss": 0
            },
            "start_ticks": 262218407
          },
          {
            "pid": 656269,
            "rollup_kib": {
              "AnonHugePages": 18432,
              "Anonymous": 3728492,
              "FilePmdMapped": 0,
              "KSM": 0,
              "LazyFree": 0,
              "Locked": 0,
              "Private_Clean": 140,
              "Private_Dirty": 3728920,
              "Private_Hugetlb": 0,
              "Pss": 3729544,
              "Pss_Anon": 3728492,
              "Pss_Dirty": 3728920,
              "Pss_File": 1052,
              "Pss_Shmem": 0,
              "Referenced": 3733228,
              "Rss": 3733228,
              "Shared_Clean": 4168,
              "Shared_Dirty": 0,
              "Shared_Hugetlb": 0,
              "ShmemPmdMapped": 0,
              "Swap": 0,
              "SwapPss": 0
            },
            "start_ticks": 262218407
          }
        ],
        "reason": "rss_growth",
        "tree_rss_kib": 3781352
      },
      {
        "elapsed_s": 29.5098,
        "processes": [
          {
            "pid": 650990,
            "rollup_kib": {
              "AnonHugePages": 0,
              "Anonymous": 41344,
              "FilePmdMapped": 0,
              "KSM": 0,
              "LazyFree": 0,
              "Locked": 0,
              "Private_Clean": 92,
              "Private_Dirty": 41344,
              "Private_Hugetlb": 0,
              "Pss": 44166,
              "Pss_Anon": 41344,
              "Pss_Dirty": 41344,
              "Pss_File": 2822,
              "Pss_Shmem": 0,
              "Referenced": 53944,
              "Rss": 53944,
              "Shared_Clean": 12508,
              "Shared_Dirty": 0,
              "Shared_Hugetlb": 0,
              "ShmemPmdMapped": 0,
              "Swap": 0,
              "SwapPss": 0
            },
            "start_ticks": 262215739
          },
          {
            "pid": 656268,
            "rollup_kib": {
              "AnonHugePages": 0,
              "Anonymous": 1244,
              "FilePmdMapped": 0,
              "KSM": 0,
              "LazyFree": 0,
              "Locked": 0,
              "Private_Clean": 292,
              "Private_Dirty": 1244,
              "Private_Hugetlb": 0,
              "Pss": 3363,
              "Pss_Anon": 1244,
              "Pss_Dirty": 1244,
              "Pss_File": 2119,
              "Pss_Shmem": 0,
              "Referenced": 7528,
              "Rss": 7528,
              "Shared_Clean": 5992,
              "Shared_Dirty": 0,
              "Shared_Hugetlb": 0,
              "ShmemPmdMapped": 0,
              "Swap": 0,
              "SwapPss": 0
            },
            "start_ticks": 262218407
          },
          {
            "pid": 656269,
            "rollup_kib": {
              "AnonHugePages": 18432,
              "Anonymous": 4021696,
              "FilePmdMapped": 0,
              "KSM": 0,
              "LazyFree": 0,
              "Locked": 0,
              "Private_Clean": 140,
              "Private_Dirty": 4022124,
              "Private_Hugetlb": 0,
              "Pss": 4022748,
              "Pss_Anon": 4021696,
              "Pss_Dirty": 4022124,
              "Pss_File": 1052,
              "Pss_Shmem": 0,
              "Referenced": 4026432,
              "Rss": 4026432,
              "Shared_Clean": 4168,
              "Shared_Dirty": 0,
              "Shared_Hugetlb": 0,
              "ShmemPmdMapped": 0,
              "Swap": 0,
              "SwapPss": 0
            },
            "start_ticks": 262218407
          }
        ],
        "reason": "rss_growth",
        "tree_rss_kib": 4078408
      },
      {
        "elapsed_s": 30.6355,
        "processes": [
          {
            "pid": 650990,
            "rollup_kib": {
              "AnonHugePages": 0,
              "Anonymous": 41344,
              "FilePmdMapped": 0,
              "KSM": 0,
              "LazyFree": 0,
              "Locked": 0,
              "Private_Clean": 92,
              "Private_Dirty": 41344,
              "Private_Hugetlb": 0,
              "Pss": 44178,
              "Pss_Anon": 41344,
              "Pss_Dirty": 41344,
              "Pss_File": 2834,
              "Pss_Shmem": 0,
              "Referenced": 53944,
              "Rss": 53944,
              "Shared_Clean": 12508,
              "Shared_Dirty": 0,
              "Shared_Hugetlb": 0,
              "ShmemPmdMapped": 0,
              "Swap": 0,
              "SwapPss": 0
            },
            "start_ticks": 262215739
          },
          {
            "pid": 656268,
            "rollup_kib": {
              "AnonHugePages": 0,
              "Anonymous": 1244,
              "FilePmdMapped": 0,
              "KSM": 0,
              "LazyFree": 0,
              "Locked": 0,
              "Private_Clean": 3532,
              "Private_Dirty": 1244,
              "Private_Hugetlb": 0,
              "Pss": 5001,
              "Pss_Anon": 1244,
              "Pss_Dirty": 1244,
              "Pss_File": 3757,
              "Pss_Shmem": 0,
              "Referenced": 7528,
              "Rss": 7528,
              "Shared_Clean": 2752,
              "Shared_Dirty": 0,
              "Shared_Hugetlb": 0,
              "ShmemPmdMapped": 0,
              "Swap": 0,
              "SwapPss": 0
            },
            "start_ticks": 262218407
          },
          {
            "pid": 656269,
            "rollup_kib": {
              "AnonHugePages": 18432,
              "Anonymous": 4348708,
              "FilePmdMapped": 0,
              "KSM": 0,
              "LazyFree": 0,
              "Locked": 0,
              "Private_Clean": 140,
              "Private_Dirty": 4349136,
              "Private_Hugetlb": 0,
              "Pss": 4349771,
              "Pss_Anon": 4348708,
              "Pss_Dirty": 4349136,
              "Pss_File": 1063,
              "Pss_Shmem": 0,
              "Referenced": 4353444,
              "Rss": 4353444,
              "Shared_Clean": 4168,
              "Shared_Dirty": 0,
              "Shared_Hugetlb": 0,
              "ShmemPmdMapped": 0,
              "Swap": 0,
              "SwapPss": 0
            },
            "start_ticks": 262218407
          }
        ],
        "reason": "rss_growth",
        "tree_rss_kib": 4408952
      },
      {
        "elapsed_s": 32.2704,
        "processes": [
          {
            "pid": 650990,
            "rollup_kib": {
              "AnonHugePages": 0,
              "Anonymous": 41344,
              "FilePmdMapped": 0,
              "KSM": 0,
              "LazyFree": 0,
              "Locked": 0,
              "Private_Clean": 92,
              "Private_Dirty": 41344,
              "Private_Hugetlb": 0,
              "Pss": 44160,
              "Pss_Anon": 41344,
              "Pss_Dirty": 41344,
              "Pss_File": 2816,
              "Pss_Shmem": 0,
              "Referenced": 53944,
              "Rss": 53944,
              "Shared_Clean": 12508,
              "Shared_Dirty": 0,
              "Shared_Hugetlb": 0,
              "ShmemPmdMapped": 0,
              "Swap": 0,
              "SwapPss": 0
            },
            "start_ticks": 262215739
          },
          {
            "pid": 656268,
            "rollup_kib": {
              "AnonHugePages": 0,
              "Anonymous": 1244,
              "FilePmdMapped": 0,
              "KSM": 0,
              "LazyFree": 0,
              "Locked": 0,
              "Private_Clean": 416,
              "Private_Dirty": 1244,
              "Private_Hugetlb": 0,
              "Pss": 3425,
              "Pss_Anon": 1244,
              "Pss_Dirty": 1244,
              "Pss_File": 2181,
              "Pss_Shmem": 0,
              "Referenced": 7528,
              "Rss": 7528,
              "Shared_Clean": 5868,
              "Shared_Dirty": 0,
              "Shared_Hugetlb": 0,
              "ShmemPmdMapped": 0,
              "Swap": 0,
              "SwapPss": 0
            },
            "start_ticks": 262218407
          },
          {
            "pid": 656269,
            "rollup_kib": {
              "AnonHugePages": 18432,
              "Anonymous": 4618880,
              "FilePmdMapped": 0,
              "KSM": 0,
              "LazyFree": 0,
              "Locked": 0,
              "Private_Clean": 140,
              "Private_Dirty": 4619308,
              "Private_Hugetlb": 0,
              "Pss": 4619932,
              "Pss_Anon": 4618880,
              "Pss_Dirty": 4619308,
              "Pss_File": 1052,
              "Pss_Shmem": 0,
              "Referenced": 4623616,
              "Rss": 4623616,
              "Shared_Clean": 4168,
              "Shared_Dirty": 0,
              "Shared_Hugetlb": 0,
              "ShmemPmdMapped": 0,
              "Swap": 0,
              "SwapPss": 0
            },
            "start_ticks": 262218407
          }
        ],
        "reason": "rss_growth",
        "tree_rss_kib": 4682552
      },
      {
        "elapsed_s": 36.4232,
        "processes": [
          {
            "pid": 650990,
            "rollup_kib": {
              "AnonHugePages": 0,
              "Anonymous": 41344,
              "FilePmdMapped": 0,
              "KSM": 0,
              "LazyFree": 0,
              "Locked": 0,
              "Private_Clean": 92,
              "Private_Dirty": 41344,
              "Private_Hugetlb": 0,
              "Pss": 44160,
              "Pss_Anon": 41344,
              "Pss_Dirty": 41344,
              "Pss_File": 2816,
              "Pss_Shmem": 0,
              "Referenced": 53944,
              "Rss": 53944,
              "Shared_Clean": 12508,
              "Shared_Dirty": 0,
              "Shared_Hugetlb": 0,
              "ShmemPmdMapped": 0,
              "Swap": 0,
              "SwapPss": 0
            },
            "start_ticks": 262215739
          },
          {
            "pid": 656268,
            "rollup_kib": {
              "AnonHugePages": 0,
              "Anonymous": 1244,
              "FilePmdMapped": 0,
              "KSM": 0,
              "LazyFree": 0,
              "Locked": 0,
              "Private_Clean": 328,
              "Private_Dirty": 1244,
              "Private_Hugetlb": 0,
              "Pss": 3382,
              "Pss_Anon": 1244,
              "Pss_Dirty": 1244,
              "Pss_File": 2138,
              "Pss_Shmem": 0,
              "Referenced": 7528,
              "Rss": 7528,
              "Shared_Clean": 5956,
              "Shared_Dirty": 0,
              "Shared_Hugetlb": 0,
              "ShmemPmdMapped": 0,
              "Swap": 0,
              "SwapPss": 0
            },
            "start_ticks": 262218407
          },
          {
            "pid": 656269,
            "rollup_kib": {
              "AnonHugePages": 18432,
              "Anonymous": 4942420,
              "FilePmdMapped": 0,
              "KSM": 0,
              "LazyFree": 0,
              "Locked": 0,
              "Private_Clean": 140,
              "Private_Dirty": 4942940,
              "Private_Hugetlb": 0,
              "Pss": 4943565,
              "Pss_Anon": 4942420,
              "Pss_Dirty": 4942940,
              "Pss_File": 1145,
              "Pss_Shmem": 0,
              "Referenced": 4947248,
              "Rss": 4947248,
              "Shared_Clean": 4168,
              "Shared_Dirty": 0,
              "Shared_Hugetlb": 0,
              "ShmemPmdMapped": 0,
              "Swap": 0,
              "SwapPss": 0
            },
            "start_ticks": 262218407
          }
        ],
        "reason": "rss_growth",
        "tree_rss_kib": 5008624
      },
      {
        "elapsed_s": 38.5124,
        "processes": [
          {
            "pid": 650990,
            "rollup_kib": {
              "AnonHugePages": 0,
              "Anonymous": 41344,
              "FilePmdMapped": 0,
              "KSM": 0,
              "LazyFree": 0,
              "Locked": 0,
              "Private_Clean": 92,
              "Private_Dirty": 41344,
              "Private_Hugetlb": 0,
              "Pss": 44165,
              "Pss_Anon": 41344,
              "Pss_Dirty": 41344,
              "Pss_File": 2821,
              "Pss_Shmem": 0,
              "Referenced": 53944,
              "Rss": 53944,
              "Shared_Clean": 12508,
              "Shared_Dirty": 0,
              "Shared_Hugetlb": 0,
              "ShmemPmdMapped": 0,
              "Swap": 0,
              "SwapPss": 0
            },
            "start_ticks": 262215739
          },
          {
            "pid": 656268,
            "rollup_kib": {
              "AnonHugePages": 0,
              "Anonymous": 1244,
              "FilePmdMapped": 0,
              "KSM": 0,
              "LazyFree": 0,
              "Locked": 0,
              "Private_Clean": 328,
              "Private_Dirty": 1244,
              "Private_Hugetlb": 0,
              "Pss": 3381,
              "Pss_Anon": 1244,
              "Pss_Dirty": 1244,
              "Pss_File": 2137,
              "Pss_Shmem": 0,
              "Referenced": 7528,
              "Rss": 7528,
              "Shared_Clean": 5956,
              "Shared_Dirty": 0,
              "Shared_Hugetlb": 0,
              "ShmemPmdMapped": 0,
              "Swap": 0,
              "SwapPss": 0
            },
            "start_ticks": 262218407
          },
          {
            "pid": 656269,
            "rollup_kib": {
              "AnonHugePages": 18432,
              "Anonymous": 5216668,
              "FilePmdMapped": 0,
              "KSM": 0,
              "LazyFree": 0,
              "Locked": 0,
              "Private_Clean": 140,
              "Private_Dirty": 5217416,
              "Private_Hugetlb": 0,
              "Pss": 5218045,
              "Pss_Anon": 5216668,
              "Pss_Dirty": 5217416,
              "Pss_File": 1377,
              "Pss_Shmem": 0,
              "Referenced": 5221724,
              "Rss": 5221724,
              "Shared_Clean": 4168,
              "Shared_Dirty": 0,
              "Shared_Hugetlb": 0,
              "ShmemPmdMapped": 0,
              "Swap": 0,
              "SwapPss": 0
            },
            "start_ticks": 262218407
          }
        ],
        "reason": "rss_growth",
        "tree_rss_kib": 5282828
      },
      {
        "elapsed_s": 46.1414,
        "processes": [
          {
            "pid": 650990,
            "rollup_kib": {
              "AnonHugePages": 0,
              "Anonymous": 41344,
              "FilePmdMapped": 0,
              "KSM": 0,
              "LazyFree": 0,
              "Locked": 0,
              "Private_Clean": 92,
              "Private_Dirty": 41344,
              "Private_Hugetlb": 0,
              "Pss": 44178,
              "Pss_Anon": 41344,
              "Pss_Dirty": 41344,
              "Pss_File": 2834,
              "Pss_Shmem": 0,
              "Referenced": 53944,
              "Rss": 53944,
              "Shared_Clean": 12508,
              "Shared_Dirty": 0,
              "Shared_Hugetlb": 0,
              "ShmemPmdMapped": 0,
              "Swap": 0,
              "SwapPss": 0
            },
            "start_ticks": 262215739
          },
          {
            "pid": 656268,
            "rollup_kib": {
              "AnonHugePages": 0,
              "Anonymous": 1244,
              "FilePmdMapped": 0,
              "KSM": 0,
              "LazyFree": 0,
              "Locked": 0,
              "Private_Clean": 3532,
              "Private_Dirty": 1244,
              "Private_Hugetlb": 0,
              "Pss": 5001,
              "Pss_Anon": 1244,
              "Pss_Dirty": 1244,
              "Pss_File": 3757,
              "Pss_Shmem": 0,
              "Referenced": 7528,
              "Rss": 7528,
              "Shared_Clean": 2752,
              "Shared_Dirty": 0,
              "Shared_Hugetlb": 0,
              "ShmemPmdMapped": 0,
              "Swap": 0,
              "SwapPss": 0
            },
            "start_ticks": 262218407
          },
          {
            "pid": 656269,
            "rollup_kib": {
              "AnonHugePages": 18432,
              "Anonymous": 5480860,
              "FilePmdMapped": 0,
              "KSM": 0,
              "LazyFree": 0,
              "Locked": 0,
              "Private_Clean": 148,
              "Private_Dirty": 5482488,
              "Private_Hugetlb": 0,
              "Pss": 5483120,
              "Pss_Anon": 5480860,
              "Pss_Dirty": 5482488,
              "Pss_File": 2260,
              "Pss_Shmem": 0,
              "Referenced": 5486804,
              "Rss": 5486804,
              "Shared_Clean": 4168,
              "Shared_Dirty": 0,
              "Shared_Hugetlb": 0,
              "ShmemPmdMapped": 0,
              "Swap": 0,
              "SwapPss": 0
            },
            "start_ticks": 262218407
          }
        ],
        "reason": "rss_growth",
        "tree_rss_kib": 5547932
      },
      {
        "elapsed_s": 63.3724,
        "processes": [
          {
            "pid": 650990,
            "rollup_kib": {
              "AnonHugePages": 0,
              "Anonymous": 41344,
              "FilePmdMapped": 0,
              "KSM": 0,
              "LazyFree": 0,
              "Locked": 0,
              "Private_Clean": 92,
              "Private_Dirty": 41344,
              "Private_Hugetlb": 0,
              "Pss": 44180,
              "Pss_Anon": 41344,
              "Pss_Dirty": 41344,
              "Pss_File": 2836,
              "Pss_Shmem": 0,
              "Referenced": 53944,
              "Rss": 53944,
              "Shared_Clean": 12508,
              "Shared_Dirty": 0,
              "Shared_Hugetlb": 0,
              "ShmemPmdMapped": 0,
              "Swap": 0,
              "SwapPss": 0
            },
            "start_ticks": 262215739
          },
          {
            "pid": 663214,
            "rollup_kib": {
              "AnonHugePages": 0,
              "Anonymous": 1248,
              "FilePmdMapped": 0,
              "KSM": 0,
              "LazyFree": 0,
              "Locked": 0,
              "Private_Clean": 3620,
              "Private_Dirty": 1248,
              "Private_Hugetlb": 0,
              "Pss": 5085,
              "Pss_Anon": 1248,
              "Pss_Dirty": 1248,
              "Pss_File": 3837,
              "Pss_Shmem": 0,
              "Referenced": 7616,
              "Rss": 7616,
              "Shared_Clean": 2748,
              "Shared_Dirty": 0,
              "Shared_Hugetlb": 0,
              "ShmemPmdMapped": 0,
              "Swap": 0,
              "SwapPss": 0
            },
            "start_ticks": 262222063
          },
          {
            "pid": 663215,
            "rollup_kib": {
              "AnonHugePages": 0,
              "Anonymous": 748388,
              "FilePmdMapped": 0,
              "KSM": 0,
              "LazyFree": 0,
              "Locked": 0,
              "Private_Clean": 268,
              "Private_Dirty": 748388,
              "Private_Hugetlb": 0,
              "Pss": 749123,
              "Pss_Anon": 748388,
              "Pss_Dirty": 748388,
              "Pss_File": 735,
              "Pss_Shmem": 0,
              "Referenced": 752572,
              "Rss": 752572,
              "Shared_Clean": 3916,
              "Shared_Dirty": 0,
              "Shared_Hugetlb": 0,
              "ShmemPmdMapped": 0,
              "Swap": 0,
              "SwapPss": 0
            },
            "start_ticks": 262222063
          }
        ],
        "reason": "phase_marker",
        "tree_rss_kib": 794888
      },
      {
        "elapsed_s": 99.0742,
        "processes": [
          {
            "pid": 650990,
            "rollup_kib": {
              "AnonHugePages": 0,
              "Anonymous": 41344,
              "FilePmdMapped": 0,
              "KSM": 0,
              "LazyFree": 0,
              "Locked": 0,
              "Private_Clean": 92,
              "Private_Dirty": 41344,
              "Private_Hugetlb": 0,
              "Pss": 44192,
              "Pss_Anon": 41344,
              "Pss_Dirty": 41344,
              "Pss_File": 2848,
              "Pss_Shmem": 0,
              "Referenced": 53944,
              "Rss": 53944,
              "Shared_Clean": 12508,
              "Shared_Dirty": 0,
              "Shared_Hugetlb": 0,
              "ShmemPmdMapped": 0,
              "Swap": 0,
              "SwapPss": 0
            },
            "start_ticks": 262215739
          },
          {
            "pid": 669587,
            "rollup_kib": {
              "AnonHugePages": 0,
              "Anonymous": 1244,
              "FilePmdMapped": 0,
              "KSM": 0,
              "LazyFree": 0,
              "Locked": 0,
              "Private_Clean": 908,
              "Private_Dirty": 1244,
              "Private_Hugetlb": 0,
              "Pss": 3727,
              "Pss_Anon": 1244,
              "Pss_Dirty": 1244,
              "Pss_File": 2483,
              "Pss_Shmem": 0,
              "Referenced": 7604,
              "Rss": 7604,
              "Shared_Clean": 5452,
              "Shared_Dirty": 0,
              "Shared_Hugetlb": 0,
              "ShmemPmdMapped": 0,
              "Swap": 0,
              "SwapPss": 0
            },
            "start_ticks": 262225640
          }
        ],
        "reason": "phase_marker",
        "tree_rss_kib": 61548
      },
      {
        "elapsed_s": 99.5774,
        "processes": [
          {
            "pid": 650990,
            "rollup_kib": {
              "AnonHugePages": 0,
              "Anonymous": 41348,
              "FilePmdMapped": 0,
              "KSM": 0,
              "LazyFree": 0,
              "Locked": 0,
              "Private_Clean": 92,
              "Private_Dirty": 41348,
              "Private_Hugetlb": 0,
              "Pss": 44168,
              "Pss_Anon": 41348,
              "Pss_Dirty": 41348,
              "Pss_File": 2820,
              "Pss_Shmem": 0,
              "Referenced": 53948,
              "Rss": 53948,
              "Shared_Clean": 12508,
              "Shared_Dirty": 0,
              "Shared_Hugetlb": 0,
              "ShmemPmdMapped": 0,
              "Swap": 0,
              "SwapPss": 0
            },
            "start_ticks": 262215739
          },
          {
            "pid": 669616,
            "rollup_kib": {
              "AnonHugePages": 0,
              "Anonymous": 1244,
              "FilePmdMapped": 0,
              "KSM": 0,
              "LazyFree": 0,
              "Locked": 0,
              "Private_Clean": 3680,
              "Private_Dirty": 1244,
              "Private_Hugetlb": 0,
              "Pss": 5129,
              "Pss_Anon": 1244,
              "Pss_Dirty": 1244,
              "Pss_File": 3885,
              "Pss_Shmem": 0,
              "Referenced": 7704,
              "Rss": 7704,
              "Shared_Clean": 2780,
              "Shared_Dirty": 0,
              "Shared_Hugetlb": 0,
              "ShmemPmdMapped": 0,
              "Swap": 0,
              "SwapPss": 0
            },
            "start_ticks": 262225651
          },
          {
            "pid": 669617,
            "rollup_kib": {
              "AnonHugePages": 0,
              "Anonymous": 388,
              "FilePmdMapped": 0,
              "KSM": 0,
              "LazyFree": 0,
              "Locked": 0,
              "Private_Clean": 276,
              "Private_Dirty": 388,
              "Private_Hugetlb": 0,
              "Pss": 785,
              "Pss_Anon": 388,
              "Pss_Dirty": 388,
              "Pss_File": 397,
              "Pss_Shmem": 0,
              "Referenced": 2628,
              "Rss": 2628,
              "Shared_Clean": 1964,
              "Shared_Dirty": 0,
              "Shared_Hugetlb": 0,
              "ShmemPmdMapped": 0,
              "Swap": 0,
              "SwapPss": 0
            },
            "start_ticks": 262225651
          },
          {
            "pid": 669619,
            "rollup_kib": {
              "AnonHugePages": 0,
              "Anonymous": 284,
              "FilePmdMapped": 0,
              "KSM": 0,
              "LazyFree": 0,
              "Locked": 0,
              "Private_Clean": 1004,
              "Private_Dirty": 284,
              "Private_Hugetlb": 0,
              "Pss": 1398,
              "Pss_Anon": 284,
              "Pss_Dirty": 284,
              "Pss_File": 1114,
              "Pss_Shmem": 0,
              "Referenced": 3132,
              "Rss": 3132,
              "Shared_Clean": 1844,
              "Shared_Dirty": 0,
              "Shared_Hugetlb": 0,
              "ShmemPmdMapped": 0,
              "Swap": 0,
              "SwapPss": 0
            },
            "start_ticks": 262225651
          },
          {
            "pid": 669681,
            "rollup_kib": {
              "AnonHugePages": 0,
              "Anonymous": 73144,
              "FilePmdMapped": 0,
              "KSM": 0,
              "LazyFree": 0,
              "Locked": 0,
              "Private_Clean": 14772,
              "Private_Dirty": 73144,
              "Private_Hugetlb": 0,
              "Pss": 88206,
              "Pss_Anon": 73144,
              "Pss_Dirty": 73144,
              "Pss_File": 15062,
              "Pss_Shmem": 0,
              "Referenced": 90888,
              "Rss": 90888,
              "Shared_Clean": 2972,
              "Shared_Dirty": 0,
              "Shared_Hugetlb": 0,
              "ShmemPmdMapped": 0,
              "Swap": 0,
              "SwapPss": 0
            },
            "start_ticks": 262225685
          }
        ],
        "reason": "phase_marker",
        "tree_rss_kib": 158300
      },
      {
        "elapsed_s": 112.6654,
        "processes": [
          {
            "pid": 650990,
            "rollup_kib": {
              "AnonHugePages": 0,
              "Anonymous": 41348,
              "FilePmdMapped": 0,
              "KSM": 0,
              "LazyFree": 0,
              "Locked": 0,
              "Private_Clean": 32,
              "Private_Dirty": 41348,
              "Private_Hugetlb": 0,
              "Pss": 43258,
              "Pss_Anon": 41348,
              "Pss_Dirty": 41348,
              "Pss_File": 1910,
              "Pss_Shmem": 0,
              "Referenced": 53948,
              "Rss": 53948,
              "Shared_Clean": 12568,
              "Shared_Dirty": 0,
              "Shared_Hugetlb": 0,
              "ShmemPmdMapped": 0,
              "Swap": 0,
              "SwapPss": 0
            },
            "start_ticks": 262215739
          },
          {
            "pid": 672288,
            "rollup_kib": {
              "AnonHugePages": 0,
              "Anonymous": 1248,
              "FilePmdMapped": 0,
              "KSM": 0,
              "LazyFree": 0,
              "Locked": 0,
              "Private_Clean": 2636,
              "Private_Dirty": 1248,
              "Private_Hugetlb": 0,
              "Pss": 4570,
              "Pss_Anon": 1248,
              "Pss_Dirty": 1248,
              "Pss_File": 3322,
              "Pss_Shmem": 0,
              "Referenced": 7680,
              "Rss": 7680,
              "Shared_Clean": 3796,
              "Shared_Dirty": 0,
              "Shared_Hugetlb": 0,
              "ShmemPmdMapped": 0,
              "Swap": 0,
              "SwapPss": 0
            },
            "start_ticks": 262226983
          },
          {
            "pid": 672289,
            "rollup_kib": {
              "AnonHugePages": 0,
              "Anonymous": 1155084,
              "FilePmdMapped": 0,
              "KSM": 0,
              "LazyFree": 0,
              "Locked": 0,
              "Private_Clean": 44,
              "Private_Dirty": 1155400,
              "Private_Hugetlb": 0,
              "Pss": 1155892,
              "Pss_Anon": 1155084,
              "Pss_Dirty": 1155400,
              "Pss_File": 808,
              "Pss_Shmem": 0,
              "Referenced": 1159508,
              "Rss": 1159508,
              "Shared_Clean": 4064,
              "Shared_Dirty": 0,
              "Shared_Hugetlb": 0,
              "ShmemPmdMapped": 0,
              "Swap": 0,
              "SwapPss": 0
            },
            "start_ticks": 262226983
          }
        ],
        "reason": "phase_marker",
        "tree_rss_kib": 1221136
      },
      {
        "elapsed_s": 150.8934,
        "processes": [
          {
            "pid": 650990,
            "rollup_kib": {
              "AnonHugePages": 0,
              "Anonymous": 41348,
              "FilePmdMapped": 0,
              "KSM": 0,
              "LazyFree": 0,
              "Locked": 0,
              "Private_Clean": 48,
              "Private_Dirty": 41348,
              "Private_Hugetlb": 0,
              "Pss": 43037,
              "Pss_Anon": 41348,
              "Pss_Dirty": 41348,
              "Pss_File": 1689,
              "Pss_Shmem": 0,
              "Referenced": 53948,
              "Rss": 53948,
              "Shared_Clean": 12552,
              "Shared_Dirty": 0,
              "Shared_Hugetlb": 0,
              "ShmemPmdMapped": 0,
              "Swap": 0,
              "SwapPss": 0
            },
            "start_ticks": 262215739
          },
          {
            "pid": 679492,
            "rollup_kib": {
              "AnonHugePages": 0,
              "Anonymous": 1124,
              "FilePmdMapped": 0,
              "KSM": 0,
              "LazyFree": 0,
              "Locked": 0,
              "Private_Clean": 232,
              "Private_Dirty": 1124,
              "Private_Hugetlb": 0,
              "Pss": 2789,
              "Pss_Anon": 1124,
              "Pss_Dirty": 1124,
              "Pss_File": 1665,
              "Pss_Shmem": 0,
              "Referenced": 6432,
              "Rss": 6432,
              "Shared_Clean": 5076,
              "Shared_Dirty": 0,
              "Shared_Hugetlb": 0,
              "ShmemPmdMapped": 0,
              "Swap": 0,
              "SwapPss": 0
            },
            "start_ticks": 262230828
          }
        ],
        "reason": "phase_marker",
        "tree_rss_kib": 60380
      },
      {
        "elapsed_s": 189.1053,
        "processes": [
          {
            "pid": 650990,
            "rollup_kib": {
              "AnonHugePages": 0,
              "Anonymous": 41352,
              "FilePmdMapped": 0,
              "KSM": 0,
              "LazyFree": 0,
              "Locked": 0,
              "Private_Clean": 48,
              "Private_Dirty": 41352,
              "Private_Hugetlb": 0,
              "Pss": 43022,
              "Pss_Anon": 41352,
              "Pss_Dirty": 41352,
              "Pss_File": 1670,
              "Pss_Shmem": 0,
              "Referenced": 53952,
              "Rss": 53952,
              "Shared_Clean": 12552,
              "Shared_Dirty": 0,
              "Shared_Hugetlb": 0,
              "ShmemPmdMapped": 0,
              "Swap": 0,
              "SwapPss": 0
            },
            "start_ticks": 262215739
          },
          {
            "pid": 686539,
            "rollup_kib": {
              "AnonHugePages": 0,
              "Anonymous": 1252,
              "FilePmdMapped": 0,
              "KSM": 0,
              "LazyFree": 0,
              "Locked": 0,
              "Private_Clean": 544,
              "Private_Dirty": 1252,
              "Private_Hugetlb": 0,
              "Pss": 3515,
              "Pss_Anon": 1252,
              "Pss_Dirty": 1252,
              "Pss_File": 2263,
              "Pss_Shmem": 0,
              "Referenced": 7660,
              "Rss": 7660,
              "Shared_Clean": 5864,
              "Shared_Dirty": 0,
              "Shared_Hugetlb": 0,
              "ShmemPmdMapped": 0,
              "Swap": 0,
              "SwapPss": 0
            },
            "start_ticks": 262234635
          },
          {
            "pid": 686540,
            "rollup_kib": {
              "AnonHugePages": 0,
              "Anonymous": 754032,
              "FilePmdMapped": 0,
              "KSM": 0,
              "LazyFree": 0,
              "Locked": 0,
              "Private_Clean": 312,
              "Private_Dirty": 754032,
              "Private_Hugetlb": 0,
              "Pss": 754779,
              "Pss_Anon": 754032,
              "Pss_Dirty": 754032,
              "Pss_File": 747,
              "Pss_Shmem": 0,
              "Referenced": 758408,
              "Rss": 758408,
              "Shared_Clean": 4064,
              "Shared_Dirty": 0,
              "Shared_Hugetlb": 0,
              "ShmemPmdMapped": 0,
              "Swap": 0,
              "SwapPss": 0
            },
            "start_ticks": 262234635
          }
        ],
        "reason": "phase_marker",
        "tree_rss_kib": 820020
      },
      {
        "elapsed_s": 228.3664,
        "processes": [
          {
            "pid": 650990,
            "rollup_kib": {
              "AnonHugePages": 0,
              "Anonymous": 41356,
              "FilePmdMapped": 0,
              "KSM": 0,
              "LazyFree": 0,
              "Locked": 0,
              "Private_Clean": 48,
              "Private_Dirty": 41356,
              "Private_Hugetlb": 0,
              "Pss": 43067,
              "Pss_Anon": 41356,
              "Pss_Dirty": 41356,
              "Pss_File": 1711,
              "Pss_Shmem": 0,
              "Referenced": 53956,
              "Rss": 53956,
              "Shared_Clean": 12552,
              "Shared_Dirty": 0,
              "Shared_Hugetlb": 0,
              "ShmemPmdMapped": 0,
              "Swap": 0,
              "SwapPss": 0
            },
            "start_ticks": 262215739
          }
        ],
        "reason": "phase_marker",
        "tree_rss_kib": 53956
      },
      {
        "elapsed_s": 228.8704,
        "processes": [
          {
            "pid": 650990,
            "rollup_kib": {
              "AnonHugePages": 0,
              "Anonymous": 41564,
              "FilePmdMapped": 0,
              "KSM": 0,
              "LazyFree": 0,
              "Locked": 0,
              "Private_Clean": 48,
              "Private_Dirty": 41564,
              "Private_Hugetlb": 0,
              "Pss": 43231,
              "Pss_Anon": 41564,
              "Pss_Dirty": 41564,
              "Pss_File": 1667,
              "Pss_Shmem": 0,
              "Referenced": 54164,
              "Rss": 54164,
              "Shared_Clean": 12552,
              "Shared_Dirty": 0,
              "Shared_Hugetlb": 0,
              "ShmemPmdMapped": 0,
              "Swap": 0,
              "SwapPss": 0
            },
            "start_ticks": 262215739
          },
          {
            "pid": 693806,
            "rollup_kib": {
              "AnonHugePages": 0,
              "Anonymous": 1244,
              "FilePmdMapped": 0,
              "KSM": 0,
              "LazyFree": 0,
              "Locked": 0,
              "Private_Clean": 416,
              "Private_Dirty": 1244,
              "Private_Hugetlb": 0,
              "Pss": 3469,
              "Pss_Anon": 1244,
              "Pss_Dirty": 1244,
              "Pss_File": 2225,
              "Pss_Shmem": 0,
              "Referenced": 7748,
              "Rss": 7748,
              "Shared_Clean": 6088,
              "Shared_Dirty": 0,
              "Shared_Hugetlb": 0,
              "ShmemPmdMapped": 0,
              "Swap": 0,
              "SwapPss": 0
            },
            "start_ticks": 262238593
          },
          {
            "pid": 693807,
            "rollup_kib": {
              "AnonHugePages": 0,
              "Anonymous": 388,
              "FilePmdMapped": 0,
              "KSM": 0,
              "LazyFree": 0,
              "Locked": 0,
              "Private_Clean": 276,
              "Private_Dirty": 388,
              "Private_Hugetlb": 0,
              "Pss": 766,
              "Pss_Anon": 388,
              "Pss_Dirty": 388,
              "Pss_File": 378,
              "Pss_Shmem": 0,
              "Referenced": 2628,
              "Rss": 2628,
              "Shared_Clean": 1964,
              "Shared_Dirty": 0,
              "Shared_Hugetlb": 0,
              "ShmemPmdMapped": 0,
              "Swap": 0,
              "SwapPss": 0
            },
            "start_ticks": 262238594
          },
          {
            "pid": 693810,
            "rollup_kib": {
              "AnonHugePages": 0,
              "Anonymous": 284,
              "FilePmdMapped": 0,
              "KSM": 0,
              "LazyFree": 0,
              "Locked": 0,
              "Private_Clean": 1004,
              "Private_Dirty": 284,
              "Private_Hugetlb": 0,
              "Pss": 1382,
              "Pss_Anon": 284,
              "Pss_Dirty": 284,
              "Pss_File": 1098,
              "Pss_Shmem": 0,
              "Referenced": 3132,
              "Rss": 3132,
              "Shared_Clean": 1844,
              "Shared_Dirty": 0,
              "Shared_Hugetlb": 0,
              "ShmemPmdMapped": 0,
              "Swap": 0,
              "SwapPss": 0
            },
            "start_ticks": 262238594
          }
        ],
        "reason": "phase_marker",
        "tree_rss_kib": 67672
      },
      {
        "elapsed_s": 241.9564,
        "processes": [
          {
            "pid": 650990,
            "rollup_kib": {
              "AnonHugePages": 0,
              "Anonymous": 41564,
              "FilePmdMapped": 0,
              "KSM": 0,
              "LazyFree": 0,
              "Locked": 0,
              "Private_Clean": 60,
              "Private_Dirty": 41564,
              "Private_Hugetlb": 0,
              "Pss": 43524,
              "Pss_Anon": 41564,
              "Pss_Dirty": 41564,
              "Pss_File": 1960,
              "Pss_Shmem": 0,
              "Referenced": 54164,
              "Rss": 54164,
              "Shared_Clean": 12540,
              "Shared_Dirty": 0,
              "Shared_Hugetlb": 0,
              "ShmemPmdMapped": 0,
              "Swap": 0,
              "SwapPss": 0
            },
            "start_ticks": 262215739
          },
          {
            "pid": 696271,
            "rollup_kib": {
              "AnonHugePages": 0,
              "Anonymous": 1252,
              "FilePmdMapped": 0,
              "KSM": 0,
              "LazyFree": 0,
              "Locked": 0,
              "Private_Clean": 344,
              "Private_Dirty": 1252,
              "Private_Hugetlb": 0,
              "Pss": 3439,
              "Pss_Anon": 1252,
              "Pss_Dirty": 1252,
              "Pss_File": 2187,
              "Pss_Shmem": 0,
              "Referenced": 7684,
              "Rss": 7684,
              "Shared_Clean": 6088,
              "Shared_Dirty": 0,
              "Shared_Hugetlb": 0,
              "ShmemPmdMapped": 0,
              "Swap": 0,
              "SwapPss": 0
            },
            "start_ticks": 262239927
          },
          {
            "pid": 696272,
            "rollup_kib": {
              "AnonHugePages": 0,
              "Anonymous": 384,
              "FilePmdMapped": 0,
              "KSM": 0,
              "LazyFree": 0,
              "Locked": 0,
              "Private_Clean": 276,
              "Private_Dirty": 384,
              "Private_Hugetlb": 0,
              "Pss": 767,
              "Pss_Anon": 384,
              "Pss_Dirty": 384,
              "Pss_File": 383,
              "Pss_Shmem": 0,
              "Referenced": 2624,
              "Rss": 2624,
              "Shared_Clean": 1964,
              "Shared_Dirty": 0,
              "Shared_Hugetlb": 0,
              "ShmemPmdMapped": 0,
              "Swap": 0,
              "SwapPss": 0
            },
            "start_ticks": 262239927
          },
          {
            "pid": 696274,
            "rollup_kib": {
              "AnonHugePages": 0,
              "Anonymous": 280,
              "FilePmdMapped": 0,
              "KSM": 0,
              "LazyFree": 0,
              "Locked": 0,
              "Private_Clean": 1004,
              "Private_Dirty": 280,
              "Private_Hugetlb": 0,
              "Pss": 1383,
              "Pss_Anon": 280,
              "Pss_Dirty": 280,
              "Pss_File": 1103,
              "Pss_Shmem": 0,
              "Referenced": 3128,
              "Rss": 3128,
              "Shared_Clean": 1844,
              "Shared_Dirty": 0,
              "Shared_Hugetlb": 0,
              "ShmemPmdMapped": 0,
              "Swap": 0,
              "SwapPss": 0
            },
            "start_ticks": 262239927
          },
          {
            "pid": 696275,
            "rollup_kib": {
              "AnonHugePages": 0,
              "Anonymous": 54320,
              "FilePmdMapped": 0,
              "KSM": 0,
              "LazyFree": 0,
              "Locked": 0,
              "Private_Clean": 13716,
              "Private_Dirty": 54320,
              "Private_Hugetlb": 0,
              "Pss": 68307,
              "Pss_Anon": 54320,
              "Pss_Dirty": 54320,
              "Pss_File": 13987,
              "Pss_Shmem": 0,
              "Referenced": 71008,
              "Rss": 71008,
              "Shared_Clean": 2972,
              "Shared_Dirty": 0,
              "Shared_Hugetlb": 0,
              "ShmemPmdMapped": 0,
              "Swap": 0,
              "SwapPss": 0
            },
            "start_ticks": 262239927
          }
        ],
        "reason": "phase_marker",
        "tree_rss_kib": 138608
      },
      {
        "elapsed_s": 255.5614,
        "processes": [
          {
            "pid": 650990,
            "rollup_kib": {
              "AnonHugePages": 0,
              "Anonymous": 41564,
              "FilePmdMapped": 0,
              "KSM": 0,
              "LazyFree": 0,
              "Locked": 0,
              "Private_Clean": 92,
              "Private_Dirty": 41564,
              "Private_Hugetlb": 0,
              "Pss": 44387,
              "Pss_Anon": 41564,
              "Pss_Dirty": 41564,
              "Pss_File": 2823,
              "Pss_Shmem": 0,
              "Referenced": 54164,
              "Rss": 54164,
              "Shared_Clean": 12508,
              "Shared_Dirty": 0,
              "Shared_Hugetlb": 0,
              "ShmemPmdMapped": 0,
              "Swap": 0,
              "SwapPss": 0
            },
            "start_ticks": 262215739
          },
          {
            "pid": 698814,
            "rollup_kib": {
              "AnonHugePages": 0,
              "Anonymous": 1244,
              "FilePmdMapped": 0,
              "KSM": 0,
              "LazyFree": 0,
              "Locked": 0,
              "Private_Clean": 424,
              "Private_Dirty": 1244,
              "Private_Hugetlb": 0,
              "Pss": 3441,
              "Pss_Anon": 1244,
              "Pss_Dirty": 1244,
              "Pss_File": 2197,
              "Pss_Shmem": 0,
              "Referenced": 7588,
              "Rss": 7588,
              "Shared_Clean": 5920,
              "Shared_Dirty": 0,
              "Shared_Hugetlb": 0,
              "ShmemPmdMapped": 0,
              "Swap": 0,
              "SwapPss": 0
            },
            "start_ticks": 262241249
          },
          {
            "pid": 698815,
            "rollup_kib": {
              "AnonHugePages": 18432,
              "Anonymous": 1355560,
              "FilePmdMapped": 0,
              "KSM": 0,
              "LazyFree": 0,
              "Locked": 0,
              "Private_Clean": 44,
              "Private_Dirty": 1355988,
              "Private_Hugetlb": 0,
              "Pss": 1356510,
              "Pss_Anon": 1355560,
              "Pss_Dirty": 1355988,
              "Pss_File": 950,
              "Pss_Shmem": 0,
              "Referenced": 1360096,
              "Rss": 1360096,
              "Shared_Clean": 4064,
              "Shared_Dirty": 0,
              "Shared_Hugetlb": 0,
              "ShmemPmdMapped": 0,
              "Swap": 0,
              "SwapPss": 0
            },
            "start_ticks": 262241249
          }
        ],
        "reason": "phase_marker",
        "tree_rss_kib": 1421848
      },
      {
        "elapsed_s": 292.8164,
        "processes": [
          {
            "pid": 650990,
            "rollup_kib": {
              "AnonHugePages": 0,
              "Anonymous": 41564,
              "FilePmdMapped": 0,
              "KSM": 0,
              "LazyFree": 0,
              "Locked": 0,
              "Private_Clean": 92,
              "Private_Dirty": 41564,
              "Private_Hugetlb": 0,
              "Pss": 44210,
              "Pss_Anon": 41564,
              "Pss_Dirty": 41564,
              "Pss_File": 2646,
              "Pss_Shmem": 0,
              "Referenced": 54164,
              "Rss": 54164,
              "Shared_Clean": 12508,
              "Shared_Dirty": 0,
              "Shared_Hugetlb": 0,
              "ShmemPmdMapped": 0,
              "Swap": 0,
              "SwapPss": 0
            },
            "start_ticks": 262215739
          },
          {
            "pid": 706381,
            "rollup_kib": {
              "AnonHugePages": 0,
              "Anonymous": 1252,
              "FilePmdMapped": 0,
              "KSM": 0,
              "LazyFree": 0,
              "Locked": 0,
              "Private_Clean": 416,
              "Private_Dirty": 1252,
              "Private_Hugetlb": 0,
              "Pss": 3481,
              "Pss_Anon": 1252,
              "Pss_Dirty": 1252,
              "Pss_File": 2229,
              "Pss_Shmem": 0,
              "Referenced": 7740,
              "Rss": 7740,
              "Shared_Clean": 6072,
              "Shared_Dirty": 0,
              "Shared_Hugetlb": 0,
              "ShmemPmdMapped": 0,
              "Swap": 0,
              "SwapPss": 0
            },
            "start_ticks": 262244994
          },
          {
            "pid": 706382,
            "rollup_kib": {
              "AnonHugePages": 0,
              "Anonymous": 1157400,
              "FilePmdMapped": 0,
              "KSM": 0,
              "LazyFree": 0,
              "Locked": 0,
              "Private_Clean": 292,
              "Private_Dirty": 1157400,
              "Private_Hugetlb": 0,
              "Pss": 1158095,
              "Pss_Anon": 1157400,
              "Pss_Dirty": 1157400,
              "Pss_File": 695,
              "Pss_Shmem": 0,
              "Referenced": 1161608,
              "Rss": 1161608,
              "Shared_Clean": 3916,
              "Shared_Dirty": 0,
              "Shared_Hugetlb": 0,
              "ShmemPmdMapped": 0,
              "Swap": 0,
              "SwapPss": 0
            },
            "start_ticks": 262244994
          }
        ],
        "reason": "phase_marker",
        "tree_rss_kib": 1223512
      },
      {
        "elapsed_s": 330.0774,
        "processes": [
          {
            "pid": 650990,
            "rollup_kib": {
              "AnonHugePages": 0,
              "Anonymous": 41564,
              "FilePmdMapped": 0,
              "KSM": 0,
              "LazyFree": 0,
              "Locked": 0,
              "Private_Clean": 92,
              "Private_Dirty": 41564,
              "Private_Hugetlb": 0,
              "Pss": 44392,
              "Pss_Anon": 41564,
              "Pss_Dirty": 41564,
              "Pss_File": 2828,
              "Pss_Shmem": 0,
              "Referenced": 54164,
              "Rss": 54164,
              "Shared_Clean": 12508,
              "Shared_Dirty": 0,
              "Shared_Hugetlb": 0,
              "ShmemPmdMapped": 0,
              "Swap": 0,
              "SwapPss": 0
            },
            "start_ticks": 262215739
          },
          {
            "pid": 713286,
            "rollup_kib": {
              "AnonHugePages": 0,
              "Anonymous": 1248,
              "FilePmdMapped": 0,
              "KSM": 0,
              "LazyFree": 0,
              "Locked": 0,
              "Private_Clean": 3612,
              "Private_Dirty": 1248,
              "Private_Hugetlb": 0,
              "Pss": 5081,
              "Pss_Anon": 1248,
              "Pss_Dirty": 1248,
              "Pss_File": 3833,
              "Pss_Shmem": 0,
              "Referenced": 7672,
              "Rss": 7672,
              "Shared_Clean": 2812,
              "Shared_Dirty": 0,
              "Shared_Hugetlb": 0,
              "ShmemPmdMapped": 0,
              "Swap": 0,
              "SwapPss": 0
            },
            "start_ticks": 262248720
          },
          {
            "pid": 713287,
            "rollup_kib": {
              "AnonHugePages": 0,
              "Anonymous": 388,
              "FilePmdMapped": 0,
              "KSM": 0,
              "LazyFree": 0,
              "Locked": 0,
              "Private_Clean": 276,
              "Private_Dirty": 388,
              "Private_Hugetlb": 0,
              "Pss": 791,
              "Pss_Anon": 388,
              "Pss_Dirty": 388,
              "Pss_File": 403,
              "Pss_Shmem": 0,
              "Referenced": 2628,
              "Rss": 2628,
              "Shared_Clean": 1964,
              "Shared_Dirty": 0,
              "Shared_Hugetlb": 0,
              "ShmemPmdMapped": 0,
              "Swap": 0,
              "SwapPss": 0
            },
            "start_ticks": 262248720
          },
          {
            "pid": 713289,
            "rollup_kib": {
              "AnonHugePages": 0,
              "Anonymous": 280,
              "FilePmdMapped": 0,
              "KSM": 0,
              "LazyFree": 0,
              "Locked": 0,
              "Private_Clean": 1004,
              "Private_Dirty": 280,
              "Private_Hugetlb": 0,
              "Pss": 1401,
              "Pss_Anon": 280,
              "Pss_Dirty": 280,
              "Pss_File": 1121,
              "Pss_Shmem": 0,
              "Referenced": 3128,
              "Rss": 3128,
              "Shared_Clean": 1844,
              "Shared_Dirty": 0,
              "Shared_Hugetlb": 0,
              "ShmemPmdMapped": 0,
              "Swap": 0,
              "SwapPss": 0
            },
            "start_ticks": 262248720
          },
          {
            "pid": 713290,
            "rollup_kib": {
              "AnonHugePages": 0,
              "Anonymous": 135476,
              "FilePmdMapped": 0,
              "KSM": 0,
              "LazyFree": 0,
              "Locked": 0,
              "Private_Clean": 15848,
              "Private_Dirty": 135476,
              "Private_Hugetlb": 0,
              "Pss": 151651,
              "Pss_Anon": 135476,
              "Pss_Dirty": 135476,
              "Pss_File": 16175,
              "Pss_Shmem": 0,
              "Referenced": 154316,
              "Rss": 154316,
              "Shared_Clean": 2992,
              "Shared_Dirty": 0,
              "Shared_Hugetlb": 0,
              "ShmemPmdMapped": 0,
              "Swap": 0,
              "SwapPss": 0
            },
            "start_ticks": 262248720
          }
        ],
        "reason": "phase_marker",
        "tree_rss_kib": 221884
      },
      {
        "elapsed_s": 343.1694,
        "processes": [
          {
            "pid": 650990,
            "rollup_kib": {
              "AnonHugePages": 0,
              "Anonymous": 41564,
              "FilePmdMapped": 0,
              "KSM": 0,
              "LazyFree": 0,
              "Locked": 0,
              "Private_Clean": 92,
              "Private_Dirty": 41564,
              "Private_Hugetlb": 0,
              "Pss": 44370,
              "Pss_Anon": 41564,
              "Pss_Dirty": 41564,
              "Pss_File": 2806,
              "Pss_Shmem": 0,
              "Referenced": 54164,
              "Rss": 54164,
              "Shared_Clean": 12508,
              "Shared_Dirty": 0,
              "Shared_Hugetlb": 0,
              "ShmemPmdMapped": 0,
              "Swap": 0,
              "SwapPss": 0
            },
            "start_ticks": 262215739
          },
          {
            "pid": 715681,
            "rollup_kib": {
              "AnonHugePages": 0,
              "Anonymous": 1244,
              "FilePmdMapped": 0,
              "KSM": 0,
              "LazyFree": 0,
              "Locked": 0,
              "Private_Clean": 116,
              "Private_Dirty": 1244,
              "Private_Hugetlb": 0,
              "Pss": 3331,
              "Pss_Anon": 1244,
              "Pss_Dirty": 1244,
              "Pss_File": 2087,
              "Pss_Shmem": 0,
              "Referenced": 7684,
              "Rss": 7684,
              "Shared_Clean": 6324,
              "Shared_Dirty": 0,
              "Shared_Hugetlb": 0,
              "ShmemPmdMapped": 0,
              "Swap": 0,
              "SwapPss": 0
            },
            "start_ticks": 262250033
          },
          {
            "pid": 715683,
            "rollup_kib": {
              "AnonHugePages": 0,
              "Anonymous": 1155128,
              "FilePmdMapped": 0,
              "KSM": 0,
              "LazyFree": 0,
              "Locked": 0,
              "Private_Clean": 44,
              "Private_Dirty": 1155428,
              "Private_Hugetlb": 0,
              "Pss": 1155971,
              "Pss_Anon": 1155128,
              "Pss_Dirty": 1155428,
              "Pss_File": 843,
              "Pss_Shmem": 0,
              "Referenced": 1159596,
              "Rss": 1159596,
              "Shared_Clean": 4124,
              "Shared_Dirty": 0,
              "Shared_Hugetlb": 0,
              "ShmemPmdMapped": 0,
              "Swap": 0,
              "SwapPss": 0
            },
            "start_ticks": 262250033
          }
        ],
        "reason": "phase_marker",
        "tree_rss_kib": 1221444
      },
      {
        "elapsed_s": 381.4404,
        "processes": [
          {
            "pid": 650990,
            "rollup_kib": {
              "AnonHugePages": 0,
              "Anonymous": 41564,
              "FilePmdMapped": 0,
              "KSM": 0,
              "LazyFree": 0,
              "Locked": 0,
              "Private_Clean": 92,
              "Private_Dirty": 41564,
              "Private_Hugetlb": 0,
              "Pss": 44474,
              "Pss_Anon": 41564,
              "Pss_Dirty": 41564,
              "Pss_File": 2910,
              "Pss_Shmem": 0,
              "Referenced": 54228,
              "Rss": 54228,
              "Shared_Clean": 12572,
              "Shared_Dirty": 0,
              "Shared_Hugetlb": 0,
              "ShmemPmdMapped": 0,
              "Swap": 0,
              "SwapPss": 0
            },
            "start_ticks": 262215739
          }
        ],
        "reason": "phase_marker",
        "tree_rss_kib": 54228
      },
      {
        "elapsed_s": 387.9764,
        "processes": [
          {
            "pid": 650990,
            "rollup_kib": {
              "AnonHugePages": 0,
              "Anonymous": 41564,
              "FilePmdMapped": 0,
              "KSM": 0,
              "LazyFree": 0,
              "Locked": 0,
              "Private_Clean": 92,
              "Private_Dirty": 41564,
              "Private_Hugetlb": 0,
              "Pss": 44400,
              "Pss_Anon": 41564,
              "Pss_Dirty": 41564,
              "Pss_File": 2836,
              "Pss_Shmem": 0,
              "Referenced": 54228,
              "Rss": 54228,
              "Shared_Clean": 12572,
              "Shared_Dirty": 0,
              "Shared_Hugetlb": 0,
              "ShmemPmdMapped": 0,
              "Swap": 0,
              "SwapPss": 0
            },
            "start_ticks": 262215739
          },
          {
            "pid": 723743,
            "rollup_kib": {
              "AnonHugePages": 0,
              "Anonymous": 1244,
              "FilePmdMapped": 0,
              "KSM": 0,
              "LazyFree": 0,
              "Locked": 0,
              "Private_Clean": 548,
              "Private_Dirty": 1244,
              "Private_Hugetlb": 0,
              "Pss": 3619,
              "Pss_Anon": 1244,
              "Pss_Dirty": 1244,
              "Pss_File": 2375,
              "Pss_Shmem": 0,
              "Referenced": 7776,
              "Rss": 7776,
              "Shared_Clean": 5984,
              "Shared_Dirty": 0,
              "Shared_Hugetlb": 0,
              "ShmemPmdMapped": 0,
              "Swap": 0,
              "SwapPss": 0
            },
            "start_ticks": 262254504
          },
          {
            "pid": 723744,
            "rollup_kib": {
              "AnonHugePages": 0,
              "Anonymous": 1172344,
              "FilePmdMapped": 0,
              "KSM": 0,
              "LazyFree": 0,
              "Locked": 0,
              "Private_Clean": 416,
              "Private_Dirty": 1172344,
              "Private_Hugetlb": 0,
              "Pss": 1173231,
              "Pss_Anon": 1172344,
              "Pss_Dirty": 1172344,
              "Pss_File": 887,
              "Pss_Shmem": 0,
              "Referenced": 1176660,
              "Rss": 1176660,
              "Shared_Clean": 3900,
              "Shared_Dirty": 0,
              "Shared_Hugetlb": 0,
              "ShmemPmdMapped": 0,
              "Swap": 0,
              "SwapPss": 0
            },
            "start_ticks": 262254504
          }
        ],
        "reason": "phase_marker",
        "tree_rss_kib": 1238664
      },
      {
        "elapsed_s": 426.2574,
        "processes": [
          {
            "pid": 650990,
            "rollup_kib": {
              "AnonHugePages": 0,
              "Anonymous": 41564,
              "FilePmdMapped": 0,
              "KSM": 0,
              "LazyFree": 0,
              "Locked": 0,
              "Private_Clean": 92,
              "Private_Dirty": 41564,
              "Private_Hugetlb": 0,
              "Pss": 44450,
              "Pss_Anon": 41564,
              "Pss_Dirty": 41564,
              "Pss_File": 2886,
              "Pss_Shmem": 0,
              "Referenced": 54228,
              "Rss": 54228,
              "Shared_Clean": 12572,
              "Shared_Dirty": 0,
              "Shared_Hugetlb": 0,
              "ShmemPmdMapped": 0,
              "Swap": 0,
              "SwapPss": 0
            },
            "start_ticks": 262215739
          }
        ],
        "reason": "phase_marker",
        "tree_rss_kib": 54228
      },
      {
        "elapsed_s": 432.7964,
        "processes": [
          {
            "pid": 650990,
            "rollup_kib": {
              "AnonHugePages": 0,
              "Anonymous": 41564,
              "FilePmdMapped": 0,
              "KSM": 0,
              "LazyFree": 0,
              "Locked": 0,
              "Private_Clean": 92,
              "Private_Dirty": 41564,
              "Private_Hugetlb": 0,
              "Pss": 44415,
              "Pss_Anon": 41564,
              "Pss_Dirty": 41564,
              "Pss_File": 2851,
              "Pss_Shmem": 0,
              "Referenced": 54228,
              "Rss": 54228,
              "Shared_Clean": 12572,
              "Shared_Dirty": 0,
              "Shared_Hugetlb": 0,
              "ShmemPmdMapped": 0,
              "Swap": 0,
              "SwapPss": 0
            },
            "start_ticks": 262215739
          },
          {
            "pid": 731764,
            "rollup_kib": {
              "AnonHugePages": 0,
              "Anonymous": 1244,
              "FilePmdMapped": 0,
              "KSM": 0,
              "LazyFree": 0,
              "Locked": 0,
              "Private_Clean": 3904,
              "Private_Dirty": 1244,
              "Private_Hugetlb": 0,
              "Pss": 5382,
              "Pss_Anon": 1244,
              "Pss_Dirty": 1244,
              "Pss_File": 4138,
              "Pss_Shmem": 0,
              "Referenced": 7928,
              "Rss": 7928,
              "Shared_Clean": 2780,
              "Shared_Dirty": 0,
              "Shared_Hugetlb": 0,
              "ShmemPmdMapped": 0,
              "Swap": 0,
              "SwapPss": 0
            },
            "start_ticks": 262258997
          },
          {
            "pid": 731765,
            "rollup_kib": {
              "AnonHugePages": 0,
              "Anonymous": 1135052,
              "FilePmdMapped": 0,
              "KSM": 0,
              "LazyFree": 0,
              "Locked": 0,
              "Private_Clean": 344,
              "Private_Dirty": 1135052,
              "Private_Hugetlb": 0,
              "Pss": 1135874,
              "Pss_Anon": 1135052,
              "Pss_Dirty": 1135052,
              "Pss_File": 822,
              "Pss_Shmem": 0,
              "Referenced": 1139456,
              "Rss": 1139456,
              "Shared_Clean": 4060,
              "Shared_Dirty": 0,
              "Shared_Hugetlb": 0,
              "ShmemPmdMapped": 0,
              "Swap": 0,
              "SwapPss": 0
            },
            "start_ticks": 262258997
          }
        ],
        "reason": "phase_marker",
        "tree_rss_kib": 1201612
      },
      {
        "elapsed_s": 471.0704,
        "processes": [
          {
            "pid": 650990,
            "rollup_kib": {
              "AnonHugePages": 0,
              "Anonymous": 41564,
              "FilePmdMapped": 0,
              "KSM": 0,
              "LazyFree": 0,
              "Locked": 0,
              "Private_Clean": 92,
              "Private_Dirty": 41564,
              "Private_Hugetlb": 0,
              "Pss": 44449,
              "Pss_Anon": 41564,
              "Pss_Dirty": 41564,
              "Pss_File": 2885,
              "Pss_Shmem": 0,
              "Referenced": 54228,
              "Rss": 54228,
              "Shared_Clean": 12572,
              "Shared_Dirty": 0,
              "Shared_Hugetlb": 0,
              "ShmemPmdMapped": 0,
              "Swap": 0,
              "SwapPss": 0
            },
            "start_ticks": 262215739
          }
        ],
        "reason": "phase_marker",
        "tree_rss_kib": 54228
      },
      {
        "elapsed_s": 484.6654,
        "processes": [
          {
            "pid": 650990,
            "rollup_kib": {
              "AnonHugePages": 0,
              "Anonymous": 44264,
              "FilePmdMapped": 0,
              "KSM": 0,
              "LazyFree": 0,
              "Locked": 0,
              "Private_Clean": 92,
              "Private_Dirty": 44264,
              "Private_Hugetlb": 0,
              "Pss": 47112,
              "Pss_Anon": 44264,
              "Pss_Dirty": 44264,
              "Pss_File": 2848,
              "Pss_Shmem": 0,
              "Referenced": 56928,
              "Rss": 56928,
              "Shared_Clean": 12572,
              "Shared_Dirty": 0,
              "Shared_Hugetlb": 0,
              "ShmemPmdMapped": 0,
              "Swap": 0,
              "SwapPss": 0
            },
            "start_ticks": 262215739
          },
          {
            "pid": 741116,
            "rollup_kib": {
              "AnonHugePages": 0,
              "Anonymous": 1252,
              "FilePmdMapped": 0,
              "KSM": 0,
              "LazyFree": 0,
              "Locked": 0,
              "Private_Clean": 3548,
              "Private_Dirty": 1252,
              "Private_Hugetlb": 0,
              "Pss": 5012,
              "Pss_Anon": 1252,
              "Pss_Dirty": 1252,
              "Pss_File": 3760,
              "Pss_Shmem": 0,
              "Referenced": 7568,
              "Rss": 7568,
              "Shared_Clean": 2768,
              "Shared_Dirty": 0,
              "Shared_Hugetlb": 0,
              "ShmemPmdMapped": 0,
              "Swap": 0,
              "SwapPss": 0
            },
            "start_ticks": 262264180
          },
          {
            "pid": 741117,
            "rollup_kib": {
              "AnonHugePages": 0,
              "Anonymous": 388,
              "FilePmdMapped": 0,
              "KSM": 0,
              "LazyFree": 0,
              "Locked": 0,
              "Private_Clean": 276,
              "Private_Dirty": 388,
              "Private_Hugetlb": 0,
              "Pss": 785,
              "Pss_Anon": 388,
              "Pss_Dirty": 388,
              "Pss_File": 397,
              "Pss_Shmem": 0,
              "Referenced": 2628,
              "Rss": 2628,
              "Shared_Clean": 1964,
              "Shared_Dirty": 0,
              "Shared_Hugetlb": 0,
              "ShmemPmdMapped": 0,
              "Swap": 0,
              "SwapPss": 0
            },
            "start_ticks": 262264180
          },
          {
            "pid": 741119,
            "rollup_kib": {
              "AnonHugePages": 0,
              "Anonymous": 276,
              "FilePmdMapped": 0,
              "KSM": 0,
              "LazyFree": 0,
              "Locked": 0,
              "Private_Clean": 1004,
              "Private_Dirty": 276,
              "Private_Hugetlb": 0,
              "Pss": 1390,
              "Pss_Anon": 276,
              "Pss_Dirty": 276,
              "Pss_File": 1114,
              "Pss_Shmem": 0,
              "Referenced": 3124,
              "Rss": 3124,
              "Shared_Clean": 1844,
              "Shared_Dirty": 0,
              "Shared_Hugetlb": 0,
              "ShmemPmdMapped": 0,
              "Swap": 0,
              "SwapPss": 0
            },
            "start_ticks": 262264181
          },
          {
            "pid": 741120,
            "rollup_kib": {
              "AnonHugePages": 0,
              "Anonymous": 132336,
              "FilePmdMapped": 0,
              "KSM": 0,
              "LazyFree": 0,
              "Locked": 0,
              "Private_Clean": 15400,
              "Private_Dirty": 132336,
              "Private_Hugetlb": 0,
              "Pss": 148023,
              "Pss_Anon": 132336,
              "Pss_Dirty": 132336,
              "Pss_File": 15687,
              "Pss_Shmem": 0,
              "Referenced": 150668,
              "Rss": 150668,
              "Shared_Clean": 2932,
              "Shared_Dirty": 0,
              "Shared_Hugetlb": 0,
              "ShmemPmdMapped": 0,
              "Swap": 0,
              "SwapPss": 0
            },
            "start_ticks": 262264181
          }
        ],
        "reason": "phase_marker",
        "tree_rss_kib": 220576
      },
      {
        "elapsed_s": 497.7624,
        "processes": [
          {
            "pid": 650990,
            "rollup_kib": {
              "AnonHugePages": 0,
              "Anonymous": 44264,
              "FilePmdMapped": 0,
              "KSM": 0,
              "LazyFree": 0,
              "Locked": 0,
              "Private_Clean": 92,
              "Private_Dirty": 44264,
              "Private_Hugetlb": 0,
              "Pss": 47101,
              "Pss_Anon": 44264,
              "Pss_Dirty": 44264,
              "Pss_File": 2837,
              "Pss_Shmem": 0,
              "Referenced": 56928,
              "Rss": 56928,
              "Shared_Clean": 12572,
              "Shared_Dirty": 0,
              "Shared_Hugetlb": 0,
              "ShmemPmdMapped": 0,
              "Swap": 0,
              "SwapPss": 0
            },
            "start_ticks": 262215739
          },
          {
            "pid": 743562,
            "rollup_kib": {
              "AnonHugePages": 0,
              "Anonymous": 1248,
              "FilePmdMapped": 0,
              "KSM": 0,
              "LazyFree": 0,
              "Locked": 0,
              "Private_Clean": 536,
              "Private_Dirty": 1248,
              "Private_Hugetlb": 0,
              "Pss": 3598,
              "Pss_Anon": 1248,
              "Pss_Dirty": 1248,
              "Pss_File": 2350,
              "Pss_Shmem": 0,
              "Referenced": 7788,
              "Rss": 7788,
              "Shared_Clean": 6004,
              "Shared_Dirty": 0,
              "Shared_Hugetlb": 0,
              "ShmemPmdMapped": 0,
              "Swap": 0,
              "SwapPss": 0
            },
            "start_ticks": 262265505
          },
          {
            "pid": 743564,
            "rollup_kib": {
              "AnonHugePages": 0,
              "Anonymous": 384,
              "FilePmdMapped": 0,
              "KSM": 0,
              "LazyFree": 0,
              "Locked": 0,
              "Private_Clean": 276,
              "Private_Dirty": 384,
              "Private_Hugetlb": 0,
              "Pss": 779,
              "Pss_Anon": 384,
              "Pss_Dirty": 384,
              "Pss_File": 395,
              "Pss_Shmem": 0,
              "Referenced": 2624,
              "Rss": 2624,
              "Shared_Clean": 1964,
              "Shared_Dirty": 0,
              "Shared_Hugetlb": 0,
              "ShmemPmdMapped": 0,
              "Swap": 0,
              "SwapPss": 0
            },
            "start_ticks": 262265505
          },
          {
            "pid": 743567,
            "rollup_kib": {
              "AnonHugePages": 0,
              "Anonymous": 280,
              "FilePmdMapped": 0,
              "KSM": 0,
              "LazyFree": 0,
              "Locked": 0,
              "Private_Clean": 1004,
              "Private_Dirty": 280,
              "Private_Hugetlb": 0,
              "Pss": 1394,
              "Pss_Anon": 280,
              "Pss_Dirty": 280,
              "Pss_File": 1114,
              "Pss_Shmem": 0,
              "Referenced": 3128,
              "Rss": 3128,
              "Shared_Clean": 1844,
              "Shared_Dirty": 0,
              "Shared_Hugetlb": 0,
              "ShmemPmdMapped": 0,
              "Swap": 0,
              "SwapPss": 0
            },
            "start_ticks": 262265505
          },
          {
            "pid": 743568,
            "rollup_kib": {
              "AnonHugePages": 0,
              "Anonymous": 65164,
              "FilePmdMapped": 0,
              "KSM": 0,
              "LazyFree": 0,
              "Locked": 0,
              "Private_Clean": 14500,
              "Private_Dirty": 65164,
              "Private_Hugetlb": 0,
              "Pss": 79959,
              "Pss_Anon": 65164,
              "Pss_Dirty": 65164,
              "Pss_File": 14795,
              "Pss_Shmem": 0,
              "Referenced": 82648,
              "Rss": 82648,
              "Shared_Clean": 2984,
              "Shared_Dirty": 0,
              "Shared_Hugetlb": 0,
              "ShmemPmdMapped": 0,
              "Swap": 0,
              "SwapPss": 0
            },
            "start_ticks": 262265505
          }
        ],
        "reason": "phase_marker",
        "tree_rss_kib": 151572
      },
      {
        "elapsed_s": 510.8644,
        "processes": [
          {
            "pid": 650990,
            "rollup_kib": {
              "AnonHugePages": 0,
              "Anonymous": 44264,
              "FilePmdMapped": 0,
              "KSM": 0,
              "LazyFree": 0,
              "Locked": 0,
              "Private_Clean": 92,
              "Private_Dirty": 44264,
              "Private_Hugetlb": 0,
              "Pss": 47099,
              "Pss_Anon": 44264,
              "Pss_Dirty": 44264,
              "Pss_File": 2835,
              "Pss_Shmem": 0,
              "Referenced": 56928,
              "Rss": 56928,
              "Shared_Clean": 12572,
              "Shared_Dirty": 0,
              "Shared_Hugetlb": 0,
              "ShmemPmdMapped": 0,
              "Swap": 0,
              "SwapPss": 0
            },
            "start_ticks": 262215739
          },
          {
            "pid": 745966,
            "rollup_kib": {
              "AnonHugePages": 0,
              "Anonymous": 1252,
              "FilePmdMapped": 0,
              "KSM": 0,
              "LazyFree": 0,
              "Locked": 0,
              "Private_Clean": 112,
              "Private_Dirty": 1252,
              "Private_Hugetlb": 0,
              "Pss": 3337,
              "Pss_Anon": 1252,
              "Pss_Dirty": 1252,
              "Pss_File": 2085,
              "Pss_Shmem": 0,
              "Referenced": 7692,
              "Rss": 7692,
              "Shared_Clean": 6328,
              "Shared_Dirty": 0,
              "Shared_Hugetlb": 0,
              "ShmemPmdMapped": 0,
              "Swap": 0,
              "SwapPss": 0
            },
            "start_ticks": 262266817
          },
          {
            "pid": 745967,
            "rollup_kib": {
              "AnonHugePages": 0,
              "Anonymous": 434384,
              "FilePmdMapped": 0,
              "KSM": 0,
              "LazyFree": 0,
              "Locked": 0,
              "Private_Clean": 44,
              "Private_Dirty": 434652,
              "Private_Hugetlb": 0,
              "Pss": 435174,
              "Pss_Anon": 434384,
              "Pss_Dirty": 434652,
              "Pss_File": 790,
              "Pss_Shmem": 0,
              "Referenced": 438760,
              "Rss": 438760,
              "Shared_Clean": 4064,
              "Shared_Dirty": 0,
              "Shared_Hugetlb": 0,
              "ShmemPmdMapped": 0,
              "Swap": 0,
              "SwapPss": 0
            },
            "start_ticks": 262266817
          }
        ],
        "reason": "phase_marker",
        "tree_rss_kib": 503380
      },
      {
        "elapsed_s": 548.1239,
        "processes": [
          {
            "pid": 650990,
            "rollup_kib": {
              "AnonHugePages": 0,
              "Anonymous": 44264,
              "FilePmdMapped": 0,
              "KSM": 0,
              "LazyFree": 0,
              "Locked": 0,
              "Private_Clean": 92,
              "Private_Dirty": 44264,
              "Private_Hugetlb": 0,
              "Pss": 47100,
              "Pss_Anon": 44264,
              "Pss_Dirty": 44264,
              "Pss_File": 2836,
              "Pss_Shmem": 0,
              "Referenced": 56928,
              "Rss": 56928,
              "Shared_Clean": 12572,
              "Shared_Dirty": 0,
              "Shared_Hugetlb": 0,
              "ShmemPmdMapped": 0,
              "Swap": 0,
              "SwapPss": 0
            },
            "start_ticks": 262215739
          },
          {
            "pid": 752868,
            "rollup_kib": {
              "AnonHugePages": 0,
              "Anonymous": 1244,
              "FilePmdMapped": 0,
              "KSM": 0,
              "LazyFree": 0,
              "Locked": 0,
              "Private_Clean": 116,
              "Private_Dirty": 1244,
              "Private_Hugetlb": 0,
              "Pss": 3325,
              "Pss_Anon": 1244,
              "Pss_Dirty": 1244,
              "Pss_File": 2081,
              "Pss_Shmem": 0,
              "Referenced": 7636,
              "Rss": 7636,
              "Shared_Clean": 6276,
              "Shared_Dirty": 0,
              "Shared_Hugetlb": 0,
              "ShmemPmdMapped": 0,
              "Swap": 0,
              "SwapPss": 0
            },
            "start_ticks": 262270543
          },
          {
            "pid": 752869,
            "rollup_kib": {
              "AnonHugePages": 0,
              "Anonymous": 436584,
              "FilePmdMapped": 0,
              "KSM": 0,
              "LazyFree": 0,
              "Locked": 0,
              "Private_Clean": 268,
              "Private_Dirty": 436584,
              "Private_Hugetlb": 0,
              "Pss": 437318,
              "Pss_Anon": 436584,
              "Pss_Dirty": 436584,
              "Pss_File": 734,
              "Pss_Shmem": 0,
              "Referenced": 440768,
              "Rss": 440768,
              "Shared_Clean": 3916,
              "Shared_Dirty": 0,
              "Shared_Hugetlb": 0,
              "ShmemPmdMapped": 0,
              "Swap": 0,
              "SwapPss": 0
            },
            "start_ticks": 262270543
          }
        ],
        "reason": "phase_marker",
        "tree_rss_kib": 505332
      },
      {
        "elapsed_s": 585.8924,
        "processes": [
          {
            "pid": 650990,
            "rollup_kib": {
              "AnonHugePages": 0,
              "Anonymous": 44264,
              "FilePmdMapped": 0,
              "KSM": 0,
              "LazyFree": 0,
              "Locked": 0,
              "Private_Clean": 92,
              "Private_Dirty": 44264,
              "Private_Hugetlb": 0,
              "Pss": 47100,
              "Pss_Anon": 44264,
              "Pss_Dirty": 44264,
              "Pss_File": 2836,
              "Pss_Shmem": 0,
              "Referenced": 56928,
              "Rss": 56928,
              "Shared_Clean": 12572,
              "Shared_Dirty": 0,
              "Shared_Hugetlb": 0,
              "ShmemPmdMapped": 0,
              "Swap": 0,
              "SwapPss": 0
            },
            "start_ticks": 262215739
          },
          {
            "pid": 759633,
            "rollup_kib": {
              "AnonHugePages": 0,
              "Anonymous": 1252,
              "FilePmdMapped": 0,
              "KSM": 0,
              "LazyFree": 0,
              "Locked": 0,
              "Private_Clean": 484,
              "Private_Dirty": 1252,
              "Private_Hugetlb": 0,
              "Pss": 3553,
              "Pss_Anon": 1252,
              "Pss_Dirty": 1252,
              "Pss_File": 2301,
              "Pss_Shmem": 0,
              "Referenced": 7788,
              "Rss": 7788,
              "Shared_Clean": 6052,
              "Shared_Dirty": 0,
              "Shared_Hugetlb": 0,
              "ShmemPmdMapped": 0,
              "Swap": 0,
              "SwapPss": 0
            },
            "start_ticks": 262274290
          },
          {
            "pid": 759634,
            "rollup_kib": {
              "AnonHugePages": 0,
              "Anonymous": 384,
              "FilePmdMapped": 0,
              "KSM": 0,
              "LazyFree": 0,
              "Locked": 0,
              "Private_Clean": 276,
              "Private_Dirty": 384,
              "Private_Hugetlb": 0,
              "Pss": 779,
              "Pss_Anon": 384,
              "Pss_Dirty": 384,
              "Pss_File": 395,
              "Pss_Shmem": 0,
              "Referenced": 2624,
              "Rss": 2624,
              "Shared_Clean": 1964,
              "Shared_Dirty": 0,
              "Shared_Hugetlb": 0,
              "ShmemPmdMapped": 0,
              "Swap": 0,
              "SwapPss": 0
            },
            "start_ticks": 262274291
          },
          {
            "pid": 759636,
            "rollup_kib": {
              "AnonHugePages": 0,
              "Anonymous": 284,
              "FilePmdMapped": 0,
              "KSM": 0,
              "LazyFree": 0,
              "Locked": 0,
              "Private_Clean": 1004,
              "Private_Dirty": 284,
              "Private_Hugetlb": 0,
              "Pss": 1398,
              "Pss_Anon": 284,
              "Pss_Dirty": 284,
              "Pss_File": 1114,
              "Pss_Shmem": 0,
              "Referenced": 3132,
              "Rss": 3132,
              "Shared_Clean": 1844,
              "Shared_Dirty": 0,
              "Shared_Hugetlb": 0,
              "ShmemPmdMapped": 0,
              "Swap": 0,
              "SwapPss": 0
            },
            "start_ticks": 262274291
          },
          {
            "pid": 759699,
            "rollup_kib": {
              "AnonHugePages": 0,
              "Anonymous": 37564,
              "FilePmdMapped": 0,
              "KSM": 0,
              "LazyFree": 0,
              "Locked": 0,
              "Private_Clean": 6924,
              "Private_Dirty": 37564,
              "Private_Hugetlb": 0,
              "Pss": 44780,
              "Pss_Anon": 37564,
              "Pss_Dirty": 37564,
              "Pss_File": 7216,
              "Pss_Shmem": 0,
              "Referenced": 47472,
              "Rss": 47472,
              "Shared_Clean": 2984,
              "Shared_Dirty": 0,
              "Shared_Hugetlb": 0,
              "ShmemPmdMapped": 0,
              "Swap": 0,
              "SwapPss": 0
            },
            "start_ticks": 262274324
          }
        ],
        "reason": "phase_marker",
        "tree_rss_kib": 116412
      },
      {
        "elapsed_s": 599.0374,
        "processes": [
          {
            "pid": 650990,
            "rollup_kib": {
              "AnonHugePages": 0,
              "Anonymous": 44264,
              "FilePmdMapped": 0,
              "KSM": 0,
              "LazyFree": 0,
              "Locked": 0,
              "Private_Clean": 92,
              "Private_Dirty": 44264,
              "Private_Hugetlb": 0,
              "Pss": 47096,
              "Pss_Anon": 44264,
              "Pss_Dirty": 44264,
              "Pss_File": 2832,
              "Pss_Shmem": 0,
              "Referenced": 56928,
              "Rss": 56928,
              "Shared_Clean": 12572,
              "Shared_Dirty": 0,
              "Shared_Hugetlb": 0,
              "ShmemPmdMapped": 0,
              "Swap": 0,
              "SwapPss": 0
            },
            "start_ticks": 262215739
          },
          {
            "pid": 762045,
            "rollup_kib": {
              "AnonHugePages": 0,
              "Anonymous": 1248,
              "FilePmdMapped": 0,
              "KSM": 0,
              "LazyFree": 0,
              "Locked": 0,
              "Private_Clean": 3768,
              "Private_Dirty": 1248,
              "Private_Hugetlb": 0,
              "Pss": 5243,
              "Pss_Anon": 1248,
              "Pss_Dirty": 1248,
              "Pss_File": 3995,
              "Pss_Shmem": 0,
              "Referenced": 7804,
              "Rss": 7804,
              "Shared_Clean": 2788,
              "Shared_Dirty": 0,
              "Shared_Hugetlb": 0,
              "ShmemPmdMapped": 0,
              "Swap": 0,
              "SwapPss": 0
            },
            "start_ticks": 262275603
          },
          {
            "pid": 762047,
            "rollup_kib": {
              "AnonHugePages": 0,
              "Anonymous": 1192264,
              "FilePmdMapped": 0,
              "KSM": 0,
              "LazyFree": 0,
              "Locked": 0,
              "Private_Clean": 56,
              "Private_Dirty": 1192600,
              "Private_Hugetlb": 0,
              "Pss": 1193152,
              "Pss_Anon": 1192264,
              "Pss_Dirty": 1192600,
              "Pss_File": 888,
              "Pss_Shmem": 0,
              "Referenced": 1196776,
              "Rss": 1196776,
              "Shared_Clean": 4120,
              "Shared_Dirty": 0,
              "Shared_Hugetlb": 0,
              "ShmemPmdMapped": 0,
              "Swap": 0,
              "SwapPss": 0
            },
            "start_ticks": 262275604
          }
        ],
        "reason": "phase_marker",
        "tree_rss_kib": 1261508
      },
      {
        "elapsed_s": 637.3423,
        "processes": [
          {
            "pid": 650990,
            "rollup_kib": {
              "AnonHugePages": 0,
              "Anonymous": 44264,
              "FilePmdMapped": 0,
              "KSM": 0,
              "LazyFree": 0,
              "Locked": 0,
              "Private_Clean": 92,
              "Private_Dirty": 44264,
              "Private_Hugetlb": 0,
              "Pss": 47150,
              "Pss_Anon": 44264,
              "Pss_Dirty": 44264,
              "Pss_File": 2886,
              "Pss_Shmem": 0,
              "Referenced": 56928,
              "Rss": 56928,
              "Shared_Clean": 12572,
              "Shared_Dirty": 0,
              "Shared_Hugetlb": 0,
              "ShmemPmdMapped": 0,
              "Swap": 0,
              "SwapPss": 0
            },
            "start_ticks": 262215739
          }
        ],
        "reason": "phase_marker",
        "tree_rss_kib": 56928
      },
      {
        "elapsed_s": 643.8863,
        "processes": [
          {
            "pid": 650990,
            "rollup_kib": {
              "AnonHugePages": 0,
              "Anonymous": 44264,
              "FilePmdMapped": 0,
              "KSM": 0,
              "LazyFree": 0,
              "Locked": 0,
              "Private_Clean": 92,
              "Private_Dirty": 44264,
              "Private_Hugetlb": 0,
              "Pss": 47105,
              "Pss_Anon": 44264,
              "Pss_Dirty": 44264,
              "Pss_File": 2841,
              "Pss_Shmem": 0,
              "Referenced": 56928,
              "Rss": 56928,
              "Shared_Clean": 12572,
              "Shared_Dirty": 0,
              "Shared_Hugetlb": 0,
              "ShmemPmdMapped": 0,
              "Swap": 0,
              "SwapPss": 0
            },
            "start_ticks": 262215739
          },
          {
            "pid": 770043,
            "rollup_kib": {
              "AnonHugePages": 0,
              "Anonymous": 1252,
              "FilePmdMapped": 0,
              "KSM": 0,
              "LazyFree": 0,
              "Locked": 0,
              "Private_Clean": 556,
              "Private_Dirty": 1252,
              "Private_Hugetlb": 0,
              "Pss": 3661,
              "Pss_Anon": 1252,
              "Pss_Dirty": 1252,
              "Pss_File": 2409,
              "Pss_Shmem": 0,
              "Referenced": 7852,
              "Rss": 7852,
              "Shared_Clean": 6044,
              "Shared_Dirty": 0,
              "Shared_Hugetlb": 0,
              "ShmemPmdMapped": 0,
              "Swap": 0,
              "SwapPss": 0
            },
            "start_ticks": 262280084
          },
          {
            "pid": 770045,
            "rollup_kib": {
              "AnonHugePages": 18432,
              "Anonymous": 1180672,
              "FilePmdMapped": 0,
              "KSM": 0,
              "LazyFree": 0,
              "Locked": 0,
              "Private_Clean": 404,
              "Private_Dirty": 1180672,
              "Private_Hugetlb": 0,
              "Pss": 1181540,
              "Pss_Anon": 1180672,
              "Pss_Dirty": 1180672,
              "Pss_File": 868,
              "Pss_Shmem": 0,
              "Referenced": 1184936,
              "Rss": 1184936,
              "Shared_Clean": 3860,
              "Shared_Dirty": 0,
              "Shared_Hugetlb": 0,
              "ShmemPmdMapped": 0,
              "Swap": 0,
              "SwapPss": 0
            },
            "start_ticks": 262280084
          }
        ],
        "reason": "phase_marker",
        "tree_rss_kib": 1249716
      },
      {
        "elapsed_s": 682.1743,
        "processes": [
          {
            "pid": 650990,
            "rollup_kib": {
              "AnonHugePages": 0,
              "Anonymous": 44264,
              "FilePmdMapped": 0,
              "KSM": 0,
              "LazyFree": 0,
              "Locked": 0,
              "Private_Clean": 92,
              "Private_Dirty": 44264,
              "Private_Hugetlb": 0,
              "Pss": 47149,
              "Pss_Anon": 44264,
              "Pss_Dirty": 44264,
              "Pss_File": 2885,
              "Pss_Shmem": 0,
              "Referenced": 56928,
              "Rss": 56928,
              "Shared_Clean": 12572,
              "Shared_Dirty": 0,
              "Shared_Hugetlb": 0,
              "ShmemPmdMapped": 0,
              "Swap": 0,
              "SwapPss": 0
            },
            "start_ticks": 262215739
          }
        ],
        "reason": "phase_marker",
        "tree_rss_kib": 56928
      },
      {
        "elapsed_s": 688.7254,
        "processes": [
          {
            "pid": 650990,
            "rollup_kib": {
              "AnonHugePages": 0,
              "Anonymous": 44264,
              "FilePmdMapped": 0,
              "KSM": 0,
              "LazyFree": 0,
              "Locked": 0,
              "Private_Clean": 92,
              "Private_Dirty": 44264,
              "Private_Hugetlb": 0,
              "Pss": 47104,
              "Pss_Anon": 44264,
              "Pss_Dirty": 44264,
              "Pss_File": 2840,
              "Pss_Shmem": 0,
              "Referenced": 56928,
              "Rss": 56928,
              "Shared_Clean": 12572,
              "Shared_Dirty": 0,
              "Shared_Hugetlb": 0,
              "ShmemPmdMapped": 0,
              "Swap": 0,
              "SwapPss": 0
            },
            "start_ticks": 262215739
          },
          {
            "pid": 778271,
            "rollup_kib": {
              "AnonHugePages": 0,
              "Anonymous": 1248,
              "FilePmdMapped": 0,
              "KSM": 0,
              "LazyFree": 0,
              "Locked": 0,
              "Private_Clean": 552,
              "Private_Dirty": 1248,
              "Private_Hugetlb": 0,
              "Pss": 3626,
              "Pss_Anon": 1248,
              "Pss_Dirty": 1248,
              "Pss_File": 2378,
              "Pss_Shmem": 0,
              "Referenced": 7764,
              "Rss": 7764,
              "Shared_Clean": 5964,
              "Shared_Dirty": 0,
              "Shared_Hugetlb": 0,
              "ShmemPmdMapped": 0,
              "Swap": 0,
              "SwapPss": 0
            },
            "start_ticks": 262284572
          },
          {
            "pid": 778272,
            "rollup_kib": {
              "AnonHugePages": 0,
              "Anonymous": 1192272,
              "FilePmdMapped": 0,
              "KSM": 0,
              "LazyFree": 0,
              "Locked": 0,
              "Private_Clean": 436,
              "Private_Dirty": 1192272,
              "Private_Hugetlb": 0,
              "Pss": 1193178,
              "Pss_Anon": 1192272,
              "Pss_Dirty": 1192272,
              "Pss_File": 906,
              "Pss_Shmem": 0,
              "Referenced": 1196720,
              "Rss": 1196720,
              "Shared_Clean": 4012,
              "Shared_Dirty": 0,
              "Shared_Hugetlb": 0,
              "ShmemPmdMapped": 0,
              "Swap": 0,
              "SwapPss": 0
            },
            "start_ticks": 262284572
          }
        ],
        "reason": "phase_marker",
        "tree_rss_kib": 1261412
      },
      {
        "elapsed_s": 726.5634,
        "processes": [
          {
            "pid": 650990,
            "rollup_kib": {
              "AnonHugePages": 0,
              "Anonymous": 44264,
              "FilePmdMapped": 0,
              "KSM": 0,
              "LazyFree": 0,
              "Locked": 0,
              "Private_Clean": 92,
              "Private_Dirty": 44264,
              "Private_Hugetlb": 0,
              "Pss": 47174,
              "Pss_Anon": 44264,
              "Pss_Dirty": 44264,
              "Pss_File": 2910,
              "Pss_Shmem": 0,
              "Referenced": 56928,
              "Rss": 56928,
              "Shared_Clean": 12572,
              "Shared_Dirty": 0,
              "Shared_Hugetlb": 0,
              "ShmemPmdMapped": 0,
              "Swap": 0,
              "SwapPss": 0
            },
            "start_ticks": 262215739
          }
        ],
        "reason": "phase_marker",
        "tree_rss_kib": 56928
      },
      {
        "elapsed_s": 740.1744,
        "processes": [
          {
            "pid": 650990,
            "rollup_kib": {
              "AnonHugePages": 0,
              "Anonymous": 41636,
              "FilePmdMapped": 0,
              "KSM": 0,
              "LazyFree": 0,
              "Locked": 0,
              "Private_Clean": 92,
              "Private_Dirty": 41636,
              "Private_Hugetlb": 0,
              "Pss": 44473,
              "Pss_Anon": 41636,
              "Pss_Dirty": 41636,
              "Pss_File": 2837,
              "Pss_Shmem": 0,
              "Referenced": 54300,
              "Rss": 54300,
              "Shared_Clean": 12572,
              "Shared_Dirty": 0,
              "Shared_Hugetlb": 0,
              "ShmemPmdMapped": 0,
              "Swap": 0,
              "SwapPss": 0
            },
            "start_ticks": 262215739
          },
          {
            "pid": 787600,
            "rollup_kib": {
              "AnonHugePages": 0,
              "Anonymous": 1248,
              "FilePmdMapped": 0,
              "KSM": 0,
              "LazyFree": 0,
              "Locked": 0,
              "Private_Clean": 64,
              "Private_Dirty": 1248,
              "Private_Hugetlb": 0,
              "Pss": 3404,
              "Pss_Anon": 1248,
              "Pss_Dirty": 1248,
              "Pss_File": 2156,
              "Pss_Shmem": 0,
              "Referenced": 7908,
              "Rss": 7908,
              "Shared_Clean": 6596,
              "Shared_Dirty": 0,
              "Shared_Hugetlb": 0,
              "ShmemPmdMapped": 0,
              "Swap": 0,
              "SwapPss": 0
            },
            "start_ticks": 262289734
          },
          {
            "pid": 787601,
            "rollup_kib": {
              "AnonHugePages": 0,
              "Anonymous": 380,
              "FilePmdMapped": 0,
              "KSM": 0,
              "LazyFree": 0,
              "Locked": 0,
              "Private_Clean": 276,
              "Private_Dirty": 380,
              "Private_Hugetlb": 0,
              "Pss": 775,
              "Pss_Anon": 380,
              "Pss_Dirty": 380,
              "Pss_File": 395,
              "Pss_Shmem": 0,
              "Referenced": 2620,
              "Rss": 2620,
              "Shared_Clean": 1964,
              "Shared_Dirty": 0,
              "Shared_Hugetlb": 0,
              "ShmemPmdMapped": 0,
              "Swap": 0,
              "SwapPss": 0
            },
            "start_ticks": 262289734
          },
          {
            "pid": 787603,
            "rollup_kib": {
              "AnonHugePages": 0,
              "Anonymous": 280,
              "FilePmdMapped": 0,
              "KSM": 0,
              "LazyFree": 0,
              "Locked": 0,
              "Private_Clean": 1004,
              "Private_Dirty": 280,
              "Private_Hugetlb": 0,
              "Pss": 1394,
              "Pss_Anon": 280,
              "Pss_Dirty": 280,
              "Pss_File": 1114,
              "Pss_Shmem": 0,
              "Referenced": 3128,
              "Rss": 3128,
              "Shared_Clean": 1844,
              "Shared_Dirty": 0,
              "Shared_Hugetlb": 0,
              "ShmemPmdMapped": 0,
              "Swap": 0,
              "SwapPss": 0
            },
            "start_ticks": 262289734
          },
          {
            "pid": 787604,
            "rollup_kib": {
              "AnonHugePages": 0,
              "Anonymous": 120808,
              "FilePmdMapped": 0,
              "KSM": 0,
              "LazyFree": 0,
              "Locked": 0,
              "Private_Clean": 15384,
              "Private_Dirty": 120808,
              "Private_Hugetlb": 0,
              "Pss": 136495,
              "Pss_Anon": 120808,
              "Pss_Dirty": 120808,
              "Pss_File": 15687,
              "Pss_Shmem": 0,
              "Referenced": 139120,
              "Rss": 139120,
              "Shared_Clean": 2928,
              "Shared_Dirty": 0,
              "Shared_Hugetlb": 0,
              "ShmemPmdMapped": 0,
              "Swap": 0,
              "SwapPss": 0
            },
            "start_ticks": 262289734
          }
        ],
        "reason": "phase_marker",
        "tree_rss_kib": 205644
      },
      {
        "elapsed_s": 753.3324,
        "processes": [
          {
            "pid": 650990,
            "rollup_kib": {
              "AnonHugePages": 0,
              "Anonymous": 41636,
              "FilePmdMapped": 0,
              "KSM": 0,
              "LazyFree": 0,
              "Locked": 0,
              "Private_Clean": 92,
              "Private_Dirty": 41636,
              "Private_Hugetlb": 0,
              "Pss": 44481,
              "Pss_Anon": 41636,
              "Pss_Dirty": 41636,
              "Pss_File": 2845,
              "Pss_Shmem": 0,
              "Referenced": 54300,
              "Rss": 54300,
              "Shared_Clean": 12572,
              "Shared_Dirty": 0,
              "Shared_Hugetlb": 0,
              "ShmemPmdMapped": 0,
              "Swap": 0,
              "SwapPss": 0
            },
            "start_ticks": 262215739
          },
          {
            "pid": 790055,
            "rollup_kib": {
              "AnonHugePages": 0,
              "Anonymous": 1244,
              "FilePmdMapped": 0,
              "KSM": 0,
              "LazyFree": 0,
              "Locked": 0,
              "Private_Clean": 3844,
              "Private_Dirty": 1244,
              "Private_Hugetlb": 0,
              "Pss": 5298,
              "Pss_Anon": 1244,
              "Pss_Dirty": 1244,
              "Pss_File": 4054,
              "Pss_Shmem": 0,
              "Referenced": 7876,
              "Rss": 7876,
              "Shared_Clean": 2788,
              "Shared_Dirty": 0,
              "Shared_Hugetlb": 0,
              "ShmemPmdMapped": 0,
              "Swap": 0,
              "SwapPss": 0
            },
            "start_ticks": 262291058
          },
          {
            "pid": 790056,
            "rollup_kib": {
              "AnonHugePages": 0,
              "Anonymous": 384,
              "FilePmdMapped": 0,
              "KSM": 0,
              "LazyFree": 0,
              "Locked": 0,
              "Private_Clean": 276,
              "Private_Dirty": 384,
              "Private_Hugetlb": 0,
              "Pss": 781,
              "Pss_Anon": 384,
              "Pss_Dirty": 384,
              "Pss_File": 397,
              "Pss_Shmem": 0,
              "Referenced": 2624,
              "Rss": 2624,
              "Shared_Clean": 1964,
              "Shared_Dirty": 0,
              "Shared_Hugetlb": 0,
              "ShmemPmdMapped": 0,
              "Swap": 0,
              "SwapPss": 0
            },
            "start_ticks": 262291058
          },
          {
            "pid": 790058,
            "rollup_kib": {
              "AnonHugePages": 0,
              "Anonymous": 280,
              "FilePmdMapped": 0,
              "KSM": 0,
              "LazyFree": 0,
              "Locked": 0,
              "Private_Clean": 1004,
              "Private_Dirty": 280,
              "Private_Hugetlb": 0,
              "Pss": 1394,
              "Pss_Anon": 280,
              "Pss_Dirty": 280,
              "Pss_File": 1114,
              "Pss_Shmem": 0,
              "Referenced": 3128,
              "Rss": 3128,
              "Shared_Clean": 1844,
              "Shared_Dirty": 0,
              "Shared_Hugetlb": 0,
              "ShmemPmdMapped": 0,
              "Swap": 0,
              "SwapPss": 0
            },
            "start_ticks": 262291058
          },
          {
            "pid": 790059,
            "rollup_kib": {
              "AnonHugePages": 0,
              "Anonymous": 84444,
              "FilePmdMapped": 0,
              "KSM": 0,
              "LazyFree": 0,
              "Locked": 0,
              "Private_Clean": 15024,
              "Private_Dirty": 84444,
              "Private_Hugetlb": 0,
              "Pss": 99757,
              "Pss_Anon": 84444,
              "Pss_Dirty": 84444,
              "Pss_File": 15313,
              "Pss_Shmem": 0,
              "Referenced": 102416,
              "Rss": 102416,
              "Shared_Clean": 2948,
              "Shared_Dirty": 0,
              "Shared_Hugetlb": 0,
              "ShmemPmdMapped": 0,
              "Swap": 0,
              "SwapPss": 0
            },
            "start_ticks": 262291058
          }
        ],
        "reason": "phase_marker",
        "tree_rss_kib": 168312
      },
      {
        "elapsed_s": 766.4898,
        "processes": [
          {
            "pid": 650990,
            "rollup_kib": {
              "AnonHugePages": 0,
              "Anonymous": 41636,
              "FilePmdMapped": 0,
              "KSM": 0,
              "LazyFree": 0,
              "Locked": 0,
              "Private_Clean": 92,
              "Private_Dirty": 41636,
              "Private_Hugetlb": 0,
              "Pss": 44475,
              "Pss_Anon": 41636,
              "Pss_Dirty": 41636,
              "Pss_File": 2839,
              "Pss_Shmem": 0,
              "Referenced": 54300,
              "Rss": 54300,
              "Shared_Clean": 12572,
              "Shared_Dirty": 0,
              "Shared_Hugetlb": 0,
              "ShmemPmdMapped": 0,
              "Swap": 0,
              "SwapPss": 0
            },
            "start_ticks": 262215739
          },
          {
            "pid": 792472,
            "rollup_kib": {
              "AnonHugePages": 0,
              "Anonymous": 1244,
              "FilePmdMapped": 0,
              "KSM": 0,
              "LazyFree": 0,
              "Locked": 0,
              "Private_Clean": 312,
              "Private_Dirty": 1244,
              "Private_Hugetlb": 0,
              "Pss": 3489,
              "Pss_Anon": 1244,
              "Pss_Dirty": 1244,
              "Pss_File": 2245,
              "Pss_Shmem": 0,
              "Referenced": 7760,
              "Rss": 7760,
              "Shared_Clean": 6204,
              "Shared_Dirty": 0,
              "Shared_Hugetlb": 0,
              "ShmemPmdMapped": 0,
              "Swap": 0,
              "SwapPss": 0
            },
            "start_ticks": 262292370
          },
          {
            "pid": 792474,
            "rollup_kib": {
              "AnonHugePages": 0,
              "Anonymous": 968380,
              "FilePmdMapped": 0,
              "KSM": 0,
              "LazyFree": 0,
              "Locked": 0,
              "Private_Clean": 68,
              "Private_Dirty": 968652,
              "Private_Hugetlb": 0,
              "Pss": 969197,
              "Pss_Anon": 968380,
              "Pss_Dirty": 968652,
              "Pss_File": 817,
              "Pss_Shmem": 0,
              "Referenced": 972736,
              "Rss": 972736,
              "Shared_Clean": 4016,
              "Shared_Dirty": 0,
              "Shared_Hugetlb": 0,
              "ShmemPmdMapped": 0,
              "Swap": 0,
              "SwapPss": 0
            },
            "start_ticks": 262292370
          }
        ],
        "reason": "phase_marker",
        "tree_rss_kib": 1034796
      },
      {
        "elapsed_s": 803.9205,
        "processes": [
          {
            "pid": 650990,
            "rollup_kib": {
              "AnonHugePages": 0,
              "Anonymous": 41636,
              "FilePmdMapped": 0,
              "KSM": 0,
              "LazyFree": 0,
              "Locked": 0,
              "Private_Clean": 92,
              "Private_Dirty": 41636,
              "Private_Hugetlb": 0,
              "Pss": 44488,
              "Pss_Anon": 41636,
              "Pss_Dirty": 41636,
              "Pss_File": 2852,
              "Pss_Shmem": 0,
              "Referenced": 54300,
              "Rss": 54300,
              "Shared_Clean": 12572,
              "Shared_Dirty": 0,
              "Shared_Hugetlb": 0,
              "ShmemPmdMapped": 0,
              "Swap": 0,
              "SwapPss": 0
            },
            "start_ticks": 262215739
          },
          {
            "pid": 799068,
            "rollup_kib": {
              "AnonHugePages": 0,
              "Anonymous": 1244,
              "FilePmdMapped": 0,
              "KSM": 0,
              "LazyFree": 0,
              "Locked": 0,
              "Private_Clean": 384,
              "Private_Dirty": 1244,
              "Private_Hugetlb": 0,
              "Pss": 3572,
              "Pss_Anon": 1244,
              "Pss_Dirty": 1244,
              "Pss_File": 2328,
              "Pss_Shmem": 0,
              "Referenced": 7868,
              "Rss": 7868,
              "Shared_Clean": 6240,
              "Shared_Dirty": 0,
              "Shared_Hugetlb": 0,
              "ShmemPmdMapped": 0,
              "Swap": 0,
              "SwapPss": 0
            },
            "start_ticks": 262296106
          },
          {
            "pid": 799069,
            "rollup_kib": {
              "AnonHugePages": 0,
              "Anonymous": 1156428,
              "FilePmdMapped": 0,
              "KSM": 0,
              "LazyFree": 0,
              "Locked": 0,
              "Private_Clean": 404,
              "Private_Dirty": 1156428,
              "Private_Hugetlb": 0,
              "Pss": 1157295,
              "Pss_Anon": 1156428,
              "Pss_Dirty": 1156428,
              "Pss_File": 867,
              "Pss_Shmem": 0,
              "Referenced": 1160716,
              "Rss": 1160716,
              "Shared_Clean": 3884,
              "Shared_Dirty": 0,
              "Shared_Hugetlb": 0,
              "ShmemPmdMapped": 0,
              "Swap": 0,
              "SwapPss": 0
            },
            "start_ticks": 262296106
          }
        ],
        "reason": "phase_marker",
        "tree_rss_kib": 1222656
      },
      {
        "elapsed_s": 841.3526,
        "processes": [
          {
            "pid": 650990,
            "rollup_kib": {
              "AnonHugePages": 0,
              "Anonymous": 41636,
              "FilePmdMapped": 0,
              "KSM": 0,
              "LazyFree": 0,
              "Locked": 0,
              "Private_Clean": 92,
              "Private_Dirty": 41636,
              "Private_Hugetlb": 0,
              "Pss": 44483,
              "Pss_Anon": 41636,
              "Pss_Dirty": 41636,
              "Pss_File": 2847,
              "Pss_Shmem": 0,
              "Referenced": 54300,
              "Rss": 54300,
              "Shared_Clean": 12572,
              "Shared_Dirty": 0,
              "Shared_Hugetlb": 0,
              "ShmemPmdMapped": 0,
              "Swap": 0,
              "SwapPss": 0
            },
            "start_ticks": 262215739
          },
          {
            "pid": 805788,
            "rollup_kib": {
              "AnonHugePages": 0,
              "Anonymous": 1248,
              "FilePmdMapped": 0,
              "KSM": 0,
              "LazyFree": 0,
              "Locked": 0,
              "Private_Clean": 3728,
              "Private_Dirty": 1248,
              "Private_Hugetlb": 0,
              "Pss": 5194,
              "Pss_Anon": 1248,
              "Pss_Dirty": 1248,
              "Pss_File": 3946,
              "Pss_Shmem": 0,
              "Referenced": 7764,
              "Rss": 7764,
              "Shared_Clean": 2788,
              "Shared_Dirty": 0,
              "Shared_Hugetlb": 0,
              "ShmemPmdMapped": 0,
              "Swap": 0,
              "SwapPss": 0
            },
            "start_ticks": 262299843
          },
          {
            "pid": 805789,
            "rollup_kib": {
              "AnonHugePages": 0,
              "Anonymous": 384,
              "FilePmdMapped": 0,
              "KSM": 0,
              "LazyFree": 0,
              "Locked": 0,
              "Private_Clean": 276,
              "Private_Dirty": 384,
              "Private_Hugetlb": 0,
              "Pss": 787,
              "Pss_Anon": 384,
              "Pss_Dirty": 384,
              "Pss_File": 403,
              "Pss_Shmem": 0,
              "Referenced": 2624,
              "Rss": 2624,
              "Shared_Clean": 1964,
              "Shared_Dirty": 0,
              "Shared_Hugetlb": 0,
              "ShmemPmdMapped": 0,
              "Swap": 0,
              "SwapPss": 0
            },
            "start_ticks": 262299843
          },
          {
            "pid": 805791,
            "rollup_kib": {
              "AnonHugePages": 0,
              "Anonymous": 284,
              "FilePmdMapped": 0,
              "KSM": 0,
              "LazyFree": 0,
              "Locked": 0,
              "Private_Clean": 1004,
              "Private_Dirty": 284,
              "Private_Hugetlb": 0,
              "Pss": 1405,
              "Pss_Anon": 284,
              "Pss_Dirty": 284,
              "Pss_File": 1121,
              "Pss_Shmem": 0,
              "Referenced": 3132,
              "Rss": 3132,
              "Shared_Clean": 1844,
              "Shared_Dirty": 0,
              "Shared_Hugetlb": 0,
              "ShmemPmdMapped": 0,
              "Swap": 0,
              "SwapPss": 0
            },
            "start_ticks": 262299843
          },
          {
            "pid": 805792,
            "rollup_kib": {
              "AnonHugePages": 0,
              "Anonymous": 140364,
              "FilePmdMapped": 0,
              "KSM": 0,
              "LazyFree": 0,
              "Locked": 0,
              "Private_Clean": 24484,
              "Private_Dirty": 140364,
              "Private_Hugetlb": 0,
              "Pss": 165155,
              "Pss_Anon": 140364,
              "Pss_Dirty": 140364,
              "Pss_File": 24791,
              "Pss_Shmem": 0,
              "Referenced": 167856,
              "Rss": 167856,
              "Shared_Clean": 3008,
              "Shared_Dirty": 0,
              "Shared_Hugetlb": 0,
              "ShmemPmdMapped": 0,
              "Swap": 0,
              "SwapPss": 0
            },
            "start_ticks": 262299843
          }
        ],
        "reason": "phase_marker",
        "tree_rss_kib": 235576
      },
      {
        "elapsed_s": 854.5184,
        "processes": [
          {
            "pid": 650990,
            "rollup_kib": {
              "AnonHugePages": 0,
              "Anonymous": 41636,
              "FilePmdMapped": 0,
              "KSM": 0,
              "LazyFree": 0,
              "Locked": 0,
              "Private_Clean": 92,
              "Private_Dirty": 41636,
              "Private_Hugetlb": 0,
              "Pss": 44474,
              "Pss_Anon": 41636,
              "Pss_Dirty": 41636,
              "Pss_File": 2838,
              "Pss_Shmem": 0,
              "Referenced": 54300,
              "Rss": 54300,
              "Shared_Clean": 12572,
              "Shared_Dirty": 0,
              "Shared_Hugetlb": 0,
              "ShmemPmdMapped": 0,
              "Swap": 0,
              "SwapPss": 0
            },
            "start_ticks": 262215739
          },
          {
            "pid": 808199,
            "rollup_kib": {
              "AnonHugePages": 0,
              "Anonymous": 1244,
              "FilePmdMapped": 0,
              "KSM": 0,
              "LazyFree": 0,
              "Locked": 0,
              "Private_Clean": 264,
              "Private_Dirty": 1244,
              "Private_Hugetlb": 0,
              "Pss": 3361,
              "Pss_Anon": 1244,
              "Pss_Dirty": 1244,
              "Pss_File": 2117,
              "Pss_Shmem": 0,
              "Referenced": 7592,
              "Rss": 7592,
              "Shared_Clean": 6084,
              "Shared_Dirty": 0,
              "Shared_Hugetlb": 0,
              "ShmemPmdMapped": 0,
              "Swap": 0,
              "SwapPss": 0
            },
            "start_ticks": 262301155
          },
          {
            "pid": 808200,
            "rollup_kib": {
              "AnonHugePages": 0,
              "Anonymous": 1175876,
              "FilePmdMapped": 0,
              "KSM": 0,
              "LazyFree": 0,
              "Locked": 0,
              "Private_Clean": 44,
              "Private_Dirty": 1176172,
              "Private_Hugetlb": 0,
              "Pss": 1176693,
              "Pss_Anon": 1175876,
              "Pss_Dirty": 1176172,
              "Pss_File": 817,
              "Pss_Shmem": 0,
              "Referenced": 1180280,
              "Rss": 1180280,
              "Shared_Clean": 4064,
              "Shared_Dirty": 0,
              "Shared_Hugetlb": 0,
              "ShmemPmdMapped": 0,
              "Swap": 0,
              "SwapPss": 0
            },
            "start_ticks": 262301155
          }
        ],
        "reason": "phase_marker",
        "tree_rss_kib": 1242172
      },
      {
        "elapsed_s": 892.4757,
        "processes": [
          {
            "pid": 650990,
            "rollup_kib": {
              "AnonHugePages": 0,
              "Anonymous": 41636,
              "FilePmdMapped": 0,
              "KSM": 0,
              "LazyFree": 0,
              "Locked": 0,
              "Private_Clean": 92,
              "Private_Dirty": 41636,
              "Private_Hugetlb": 0,
              "Pss": 44522,
              "Pss_Anon": 41636,
              "Pss_Dirty": 41636,
              "Pss_File": 2886,
              "Pss_Shmem": 0,
              "Referenced": 54300,
              "Rss": 54300,
              "Shared_Clean": 12572,
              "Shared_Dirty": 0,
              "Shared_Hugetlb": 0,
              "ShmemPmdMapped": 0,
              "Swap": 0,
              "SwapPss": 0
            },
            "start_ticks": 262215739
          }
        ],
        "reason": "phase_marker",
        "tree_rss_kib": 54300
      },
      {
        "elapsed_s": 899.0274,
        "processes": [
          {
            "pid": 650990,
            "rollup_kib": {
              "AnonHugePages": 0,
              "Anonymous": 41636,
              "FilePmdMapped": 0,
              "KSM": 0,
              "LazyFree": 0,
              "Locked": 0,
              "Private_Clean": 92,
              "Private_Dirty": 41636,
              "Private_Hugetlb": 0,
              "Pss": 44474,
              "Pss_Anon": 41636,
              "Pss_Dirty": 41636,
              "Pss_File": 2838,
              "Pss_Shmem": 0,
              "Referenced": 54300,
              "Rss": 54300,
              "Shared_Clean": 12572,
              "Shared_Dirty": 0,
              "Shared_Hugetlb": 0,
              "ShmemPmdMapped": 0,
              "Swap": 0,
              "SwapPss": 0
            },
            "start_ticks": 262215739
          },
          {
            "pid": 816037,
            "rollup_kib": {
              "AnonHugePages": 0,
              "Anonymous": 1244,
              "FilePmdMapped": 0,
              "KSM": 0,
              "LazyFree": 0,
              "Locked": 0,
              "Private_Clean": 520,
              "Private_Dirty": 1244,
              "Private_Hugetlb": 0,
              "Pss": 3525,
              "Pss_Anon": 1244,
              "Pss_Dirty": 1244,
              "Pss_File": 2281,
              "Pss_Shmem": 0,
              "Referenced": 7636,
              "Rss": 7636,
              "Shared_Clean": 5872,
              "Shared_Dirty": 0,
              "Shared_Hugetlb": 0,
              "ShmemPmdMapped": 0,
              "Swap": 0,
              "SwapPss": 0
            },
            "start_ticks": 262305635
          },
          {
            "pid": 816038,
            "rollup_kib": {
              "AnonHugePages": 0,
              "Anonymous": 408300,
              "FilePmdMapped": 0,
              "KSM": 0,
              "LazyFree": 0,
              "Locked": 0,
              "Private_Clean": 256,
              "Private_Dirty": 408300,
              "Private_Hugetlb": 0,
              "Pss": 409013,
              "Pss_Anon": 408300,
              "Pss_Dirty": 408300,
              "Pss_File": 713,
              "Pss_Shmem": 0,
              "Referenced": 412420,
              "Rss": 412420,
              "Shared_Clean": 3864,
              "Shared_Dirty": 0,
              "Shared_Hugetlb": 0,
              "ShmemPmdMapped": 0,
              "Swap": 0,
              "SwapPss": 0
            },
            "start_ticks": 262305635
          }
        ],
        "reason": "phase_marker",
        "tree_rss_kib": 430644
      },
      {
        "elapsed_s": 937.4837,
        "processes": [
          {
            "pid": 650990,
            "rollup_kib": {
              "AnonHugePages": 0,
              "Anonymous": 41636,
              "FilePmdMapped": 0,
              "KSM": 0,
              "LazyFree": 0,
              "Locked": 0,
              "Private_Clean": 92,
              "Private_Dirty": 41636,
              "Private_Hugetlb": 0,
              "Pss": 44522,
              "Pss_Anon": 41636,
              "Pss_Dirty": 41636,
              "Pss_File": 2886,
              "Pss_Shmem": 0,
              "Referenced": 54300,
              "Rss": 54300,
              "Shared_Clean": 12572,
              "Shared_Dirty": 0,
              "Shared_Hugetlb": 0,
              "ShmemPmdMapped": 0,
              "Swap": 0,
              "SwapPss": 0
            },
            "start_ticks": 262215739
          }
        ],
        "reason": "phase_marker",
        "tree_rss_kib": 54300
      },
      {
        "elapsed_s": 944.5457,
        "processes": [
          {
            "pid": 650990,
            "rollup_kib": {
              "AnonHugePages": 0,
              "Anonymous": 41636,
              "FilePmdMapped": 0,
              "KSM": 0,
              "LazyFree": 0,
              "Locked": 0,
              "Private_Clean": 92,
              "Private_Dirty": 41636,
              "Private_Hugetlb": 0,
              "Pss": 44480,
              "Pss_Anon": 41636,
              "Pss_Dirty": 41636,
              "Pss_File": 2844,
              "Pss_Shmem": 0,
              "Referenced": 54300,
              "Rss": 54300,
              "Shared_Clean": 12572,
              "Shared_Dirty": 0,
              "Shared_Hugetlb": 0,
              "ShmemPmdMapped": 0,
              "Swap": 0,
              "SwapPss": 0
            },
            "start_ticks": 262215739
          },
          {
            "pid": 824066,
            "rollup_kib": {
              "AnonHugePages": 0,
              "Anonymous": 1244,
              "FilePmdMapped": 0,
              "KSM": 0,
              "LazyFree": 0,
              "Locked": 0,
              "Private_Clean": 128,
              "Private_Dirty": 1244,
              "Private_Hugetlb": 0,
              "Pss": 3379,
              "Pss_Anon": 1244,
              "Pss_Dirty": 1244,
              "Pss_File": 2135,
              "Pss_Shmem": 0,
              "Referenced": 7736,
              "Rss": 7736,
              "Shared_Clean": 6364,
              "Shared_Dirty": 0,
              "Shared_Hugetlb": 0,
              "ShmemPmdMapped": 0,
              "Swap": 0,
              "SwapPss": 0
            },
            "start_ticks": 262310146
          },
          {
            "pid": 824068,
            "rollup_kib": {
              "AnonHugePages": 18432,
              "Anonymous": 1329896,
              "FilePmdMapped": 0,
              "KSM": 0,
              "LazyFree": 0,
              "Locked": 0,
              "Private_Clean": 456,
              "Private_Dirty": 1329904,
              "Private_Hugetlb": 0,
              "Pss": 1330839,
              "Pss_Anon": 1329896,
              "Pss_Dirty": 1329904,
              "Pss_File": 943,
              "Pss_Shmem": 0,
              "Referenced": 1334424,
              "Rss": 1334424,
              "Shared_Clean": 4064,
              "Shared_Dirty": 0,
              "Shared_Hugetlb": 0,
              "ShmemPmdMapped": 0,
              "Swap": 0,
              "SwapPss": 0
            },
            "start_ticks": 262310146
          }
        ],
        "reason": "phase_marker",
        "tree_rss_kib": 1396460
      },
      {
        "elapsed_s": 983.0134,
        "processes": [
          {
            "pid": 650990,
            "rollup_kib": {
              "AnonHugePages": 0,
              "Anonymous": 41636,
              "FilePmdMapped": 0,
              "KSM": 0,
              "LazyFree": 0,
              "Locked": 0,
              "Private_Clean": 92,
              "Private_Dirty": 41636,
              "Private_Hugetlb": 0,
              "Pss": 44527,
              "Pss_Anon": 41636,
              "Pss_Dirty": 41636,
              "Pss_File": 2891,
              "Pss_Shmem": 0,
              "Referenced": 54300,
              "Rss": 54300,
              "Shared_Clean": 12572,
              "Shared_Dirty": 0,
              "Shared_Hugetlb": 0,
              "ShmemPmdMapped": 0,
              "Swap": 0,
              "SwapPss": 0
            },
            "start_ticks": 262215739
          }
        ],
        "reason": "phase_marker",
        "tree_rss_kib": 54300
      },
      {
        "elapsed_s": 996.6493,
        "processes": [],
        "reason": "terminal",
        "tree_rss_kib": 0
      }
    ],
    "status": "complete",
    "temporary_disk_limit_bytes": 20000000000,
    "wall_time_limit_seconds": null
  }
}
