{"command": ["/usr/bin/python3", "/home/x/deco/gamma/projects/enwiki9/tools/run_with_resource_guard_v3.py", "--limit-kib", "9765624", "--official-decimal-limit-kib", "9765624", "--limit-mode", "tree", "--cgroup-path", "/sys/fs/cgroup/user.slice/user-1000.slice/user@1000.service/app.slice/gamma-enwiki9-20260909T102756Z_82a65eed5d", "--cgroup-memory-max-bytes", "9999998976", "--temporary-disk-limit-bytes", "32000000000", "--phase-marker-path", "/home/x/deco/gamma/projects/enwiki9/run_logs/adaptive/20260909T102756Z_82a65eed5d.resources/phases.jsonl", "--max-logical-cpus", "1", "--guard-json", "/home/x/deco/gamma/projects/enwiki9/run_logs/adaptive/20260909T102756Z_82a65eed5d.resources/guard.json", "--label", "20260909T102756Z_82a65eed5d", "--phase", "diagnostic", "--scratch-path", "/home/x/deco/gamma/projects/enwiki9/results/fx2_xml_word_opening250k_q0_v1", "--scratch-path", "/home/x/deco/gamma/projects/enwiki9/run_logs/adaptive/20260909T102756Z_82a65eed5d.log", "--scratch-path", "/home/x/deco/gamma/projects/enwiki9/run_logs/adaptive/20260909T102756Z_82a65eed5d.resources", "--scratch-path", "/tmp/gamma-enwiki9-20260909T102756Z_82a65eed5d-1lvdl_jx/fx2_xml_word_opening250k_q0_v1", "--", "/usr/bin/taskset", "--cpu-list", "2", "/bin/sh", "-c", "printf '%s\\n' '{\"phase\":\"diagnostic\",\"event\":\"worker_start\",\"detail\":\"operational envelope only; no codec phase credit\"}' >> \"$GAMMA_RESOURCE_PHASE_MARKERS\" || exit 125; exec \"$@\"", "enwiki9-discovery-envelope", "/usr/bin/python3", "/home/x/deco/gamma/projects/enwiki9/tools/fx2_xml_word_opening250k_q0_v1.py"], "job": {"candidate_id": "fx2_xml_word_opening250k_q0_v1", "candidate_revision": {"path": "operations/adaptive/candidate-revisions/fx2_xml_word_opening250k_q0_v1/20260909T102755824810Z_9209ab9e4593.json", "sha256": "sha256:23fe04aef1e90862f59e64eb805f20fa2afca456bcd3a2631418ee3f90889d19"}, "candidate_tree_sha256": "sha256:9209ab9e45935190171cc2b1d1ed6d209104aac6c788d4e8c0149bf11f630a7c", "execution_guard": {"path": "tools/run_with_resource_guard_v3.py", "sha256": "sha256:044147f7ffe6922ea8dafd52fc3d4426077b20958adbcd421245ad41adcfc1e4"}, "execution_mode": "discovery", "execution_resources": {"boot_id": "3ce46712-27bc-4199-8e48-e2b3d23926cb", "budget": {"cgroup_parent": "/sys/fs/cgroup/user.slice/user-1000.slice/user@1000.service/app.slice", "cpus": [2], "memory_bytes": 9999998976, "scratch_bytes": 32000000000, "swap_bytes": 0, "wall_seconds": 1800}, "cgroup_inode": 269346, "cgroup_path": "/sys/fs/cgroup/user.slice/user-1000.slice/user@1000.service/app.slice/gamma-enwiki9-20260909T102756Z_82a65eed5d", "cpu_enforcement": "taskset-and-sampled-affinity-guard", "groups": [{"created": true, "inode": 269346, "kernel_cpuset": false, "memory_bytes": 9999998976, "path": "/sys/fs/cgroup/user.slice/user-1000.slice/user@1000.service/app.slice/gamma-enwiki9-20260909T102756Z_82a65eed5d"}], "guard_command_sha256": "e94c874f4bad6b13c449cc9b35aa48ff6a9a514f89641bb1e00e9c2c5ea4983d", "guard_path": "run_logs/adaptive/20260909T102756Z_82a65eed5d.resources/guard.json", "missing_diagnostics": ["kernel cpuset controller is not delegated; taskset assignment and existing affinity guard remain active"], "timing_authority": "diagnostic"}, "experiment": {"path": "operations/adaptive/experiments/fx2_xml_word_opening250k_q0_v1.json", "sha256": "sha256:6a4615a6ea9f378c9ed5db06d47a24b682d60fcc4316b469521e15a89b187e94"}, "gate_size": 250000, "held": false, "held_at": "2026-09-09T10:28:38+00:00", "hold_history": [{"at": "2026-09-09T10:28:38+00:00", "held": true, "reason": "Frozen source and ownership require remote publication verification and fresh resource admission."}, {"at": "2026-09-09T10:31:21+00:00", "held": false, "reason": "Published f4d14aeeb with352 verified Git input blobs; fresh resource admission and independent review pass."}], "job_id": "20260909T102756Z_82a65eed5d", "priority": 909, "proposal": {"path": "operations/adaptive/proposals/developed/899_fx2_xml_word_opening250k_q0_v1.json", "sha256": "sha256:5b6806c91f5f73f3a8b70f07465b95df236c1b6820eec4571c4b900822d13216"}, "proposal_id": "fx2_xml_word_opening250k_q0_v1", "purpose": "diagnostic", "released_at": "2026-09-09T10:31:21+00:00", "resource_budget": {"cgroup_parent": "/sys/fs/cgroup/user.slice/user-1000.slice/user@1000.service/app.slice", "cpus": [2], "memory_bytes": 9999998976, "scratch_bytes": 32000000000, "swap_bytes": 0, "wall_seconds": 1800}, "runner": {"path": "tools/fx2_xml_word_opening250k_q0_v1.py", "sha256": "sha256:fb159b6aacb823b683b47aa60e1a8a2f2a8d6dd546c086d7e1d527a3c08ea471"}, "schema": "gamma.enwiki9.adaptive-job.v3", "scratch_directories": ["results/fx2_xml_word_opening250k_q0_v1"], "started_at": "2026-09-09T10:31:21+00:00", "state": "running", "submitted_at": "2026-09-09T10:27:56+00:00", "tags": [], "timing_authority": "diagnostic", "tool": "tools/fx2_xml_word_opening250k_q0_v1.py", "tool_args": []}}
{"schema": "gamma.enwiki9.native-xml-word-stage.v1", "candidate_id": "fx2_xml_word_opening250k_q0_v1", "experiment": {"path": "operations/adaptive/experiments/fx2_xml_word_opening250k_q0_v1.json", "sha256": "sha256:6a4615a6ea9f378c9ed5db06d47a24b682d60fcc4316b469521e15a89b187e94"}, "objective_credit_bytes": 0, "complete_package_bytes": null, "full_corpus_score_bytes": null, "larger_gate_authorized": false, "guard_authority": "canonical outer guard; final closure pending", "correctness_pass": true, "raw_bytes": 250000, "modeled_bytes": 151210, "raw_offset": 0, "arms": {"P": {"result": {"path": "results/fx2_xml_word_opening250k_q0_v1/P/result.json", "bytes": 81613, "sha256": "9189546817ee4b11ef9937d0561245a41623ed807bf8c635a04181b7ca3a5e70"}, "archive_bytes": 33429, "native_raw_inverse": true, "exact_repeat": true, "exact_same_arm_coder": true, "xml_observer_checked": false}, "K": {"result": {"path": "results/fx2_xml_word_opening250k_q0_v1/K/result.json", "bytes": 81612, "sha256": "5c10ecbaa5c332f1b72fd48b8a20d49c4940da02227f42a942638a51f5a9b620"}, "archive_bytes": 33429, "native_raw_inverse": true, "exact_repeat": true, "exact_same_arm_coder": true, "xml_observer_checked": true}, "D": {"result": {"path": "results/fx2_xml_word_opening250k_q0_v1/D/result.json", "bytes": 81613, "sha256": "bcebc8e856c55c77651d7bd2d880a89aab8868b59b1e97ee72de93c47592b183"}, "archive_bytes": 33429, "native_raw_inverse": true, "exact_repeat": true, "exact_same_arm_coder": true, "xml_observer_checked": true}, "S": {"result": {"path": "results/fx2_xml_word_opening250k_q0_v1/S/result.json", "bytes": 81613, "sha256": "31dc7856332f4e1dd3e214c042f7988bd7412800920faee497a91bd63e4db705"}, "archive_bytes": 33429, "native_raw_inverse": true, "exact_repeat": true, "exact_same_arm_coder": true, "xml_observer_checked": true}}, "archive_bytes": {"P": 33429, "K": 33429, "D": 33429, "S": 33429}, "control_aliases": {"G": "K"}, "parent_and_bookkeeping_match_retained": true, "shared_xml_state": {"records": 151212, "shared_observer_ring_parent_context_equal": true, "contingency_current_by_delayed": [[5919, 390, 558, 568, 135, 439, 8902], [375, 16, 65, 96, 17, 15, 681], [781, 42, 95, 120, 45, 72, 1337], [869, 0, 93, 91, 35, 65, 1466], [260, 0, 19, 20, 7, 3, 473], [520, 12, 82, 59, 3, 25, 1071], [12283, 805, 1580, 1665, 540, 1153, 107343]], "disagreements": 37714, "current_maps_to_multiple_delayed": true, "delayed_maps_to_multiple_current": true, "delayed_field_active": true, "control_adequate": true}, "compile_processes": 0, "source_delta_bytes": 17401, "binary_delta_bytes": 20480, "added_local_component_bytes": 37901, "native_binary": {"path": "results/fx2_xml_word_opening250k_q0_v1/work/native/cmix", "bytes": 504328, "sha256": "7d7861caa4c3c6f47aa85c2c7062a0b2b602271347a24fa566064241faedf90b"}, "archive_saving_bytes": 0, "control_margin_bytes": 0, "treatment_beats_all_controls": false, "control_adequate": true, "local_package_budget_pass": true, "diagnostic_local_net_bytes": -37901, "scientific_verdict": "hold_fixed_realization", "status": "passed", "terminal_cleanup": {"schema": "gamma.enwiki9.fx2-transient-cleanup.v1", "path": "results/fx2_xml_word_opening250k_q0_v1/work/native/ppm.temp", "role": "transient PPM scratch, not a mandatory codec artifact", "content_hashed": false, "child_closure_verified": true, "before": null, "after": null, "removed": false, "residual_present": false, "cleanup_complete": true, "no_residual_before_cleanup": true, "missing_diagnostics": [], "status": "absent"}, "child_closure_ok": true, "commands": [{"phase": "preprocess", "command": ["/usr/bin/timeout", "--signal=TERM", "--kill-after=2", "180", "/home/x/deco/gamma/projects/enwiki9/results/fx2_xml_word_opening250k_q0_v1/work/native/cmix", "-s", "dictionary/english.dic", "population.raw", "population.stored"], "environment": {}, "returncode": 0, "accepted_returncodes": [0], "elapsed_seconds": 0.10236553917638958, "elapsed_cap_seconds": 180, "user_cpu_seconds": 0.007968, "system_cpu_seconds": 0.002787, "missing_diagnostics": [], "timing_authority": "shared-host diagnostic", "launch_error": null}, {"phase": "P-encode", "command": ["/usr/bin/timeout", "--signal=TERM", "--kill-after=2", "180", "/home/x/deco/gamma/projects/enwiki9/results/fx2_xml_word_opening250k_q0_v1/work/native/cmix", "-c", "dictionary/english.dic", "/home/x/deco/gamma/projects/enwiki9/results/fx2_xml_word_opening250k_q0_v1/work/native/P-encode.raw", "/home/x/deco/gamma/projects/enwiki9/results/fx2_xml_word_opening250k_q0_v1/work/native/P-encode.cmix", "--transformer", "models/6m-q4-fp32.tfwc2"], "environment": {"GAMMA_FX2_XML_ARM": "P", "GAMMA_FX2_CODER_TRACE": "/home/x/deco/gamma/projects/enwiki9/results/fx2_xml_word_opening250k_q0_v1/work/native/P-encode.coder"}, "returncode": 0, "accepted_returncodes": [0], "elapsed_seconds": 36.636981066083536, "elapsed_cap_seconds": 180, "user_cpu_seconds": 33.953852000000005, "system_cpu_seconds": 1.7578859999999998, "missing_diagnostics": [], "timing_authority": "shared-host diagnostic", "launch_error": null}, {"phase": "P-decode", "command": ["/usr/bin/timeout", "--signal=TERM", "--kill-after=2", "180", "/home/x/deco/gamma/projects/enwiki9/results/fx2_xml_word_opening250k_q0_v1/work/native/cmix", "-d", "dictionary/english.dic", "/home/x/deco/gamma/projects/enwiki9/results/fx2_xml_word_opening250k_q0_v1/work/native/P-decode.cmix", "/home/x/deco/gamma/projects/enwiki9/results/fx2_xml_word_opening250k_q0_v1/work/native/P-decode.raw", "--transformer", "models/6m-q4-fp32.tfwc2"], "environment": {"GAMMA_FX2_XML_ARM": "P", "GAMMA_FX2_CODER_TRACE": "/home/x/deco/gamma/projects/enwiki9/results/fx2_xml_word_opening250k_q0_v1/work/native/P-decode.coder"}, "returncode": 0, "accepted_returncodes": [0], "elapsed_seconds": 35.939978213980794, "elapsed_cap_seconds": 180, "user_cpu_seconds": 33.847431, "system_cpu_seconds": 1.768194, "missing_diagnostics": [], "timing_authority": "shared-host diagnostic", "launch_error": null}, {"phase": "P-repeat", "command": ["/usr/bin/timeout", "--signal=TERM", "--kill-after=2", "180", "/home/x/deco/gamma/projects/enwiki9/results/fx2_xml_word_opening250k_q0_v1/work/native/cmix", "-c", "dictionary/english.dic", "/home/x/deco/gamma/projects/enwiki9/results/fx2_xml_word_opening250k_q0_v1/work/native/P-decode.raw", "/home/x/deco/gamma/projects/enwiki9/results/fx2_xml_word_opening250k_q0_v1/work/native/P-repeat.cmix", "--transformer", "models/6m-q4-fp32.tfwc2"], "environment": {"GAMMA_FX2_XML_ARM": "P", "GAMMA_FX2_CODER_TRACE": "/home/x/deco/gamma/projects/enwiki9/results/fx2_xml_word_opening250k_q0_v1/work/native/P-repeat.coder"}, "returncode": 0, "accepted_returncodes": [0], "elapsed_seconds": 35.93439539312385, "elapsed_cap_seconds": 180, "user_cpu_seconds": 33.827484, "system_cpu_seconds": 1.8454259999999998, "missing_diagnostics": [], "timing_authority": "shared-host diagnostic", "launch_error": null}, {"phase": "K-encode", "command": ["/usr/bin/timeout", "--signal=TERM", "--kill-after=2", "180", "/home/x/deco/gamma/projects/enwiki9/results/fx2_xml_word_opening250k_q0_v1/work/native/cmix", "-c", "dictionary/english.dic", "/home/x/deco/gamma/projects/enwiki9/results/fx2_xml_word_opening250k_q0_v1/work/native/K-encode.raw", "/home/x/deco/gamma/projects/enwiki9/results/fx2_xml_word_opening250k_q0_v1/work/native/K-encode.cmix", "--transformer", "models/6m-q4-fp32.tfwc2"], "environment": {"GAMMA_FX2_XML_ARM": "K", "GAMMA_FX2_CODER_TRACE": "/home/x/deco/gamma/projects/enwiki9/results/fx2_xml_word_opening250k_q0_v1/work/native/K-encode.coder", "GAMMA_FX2_XML_TRACE": "/home/x/deco/gamma/projects/enwiki9/results/fx2_xml_word_opening250k_q0_v1/work/native/K-encode.xml", "GAMMA_FX2_XML_RAW": "/home/x/deco/gamma/projects/enwiki9/results/fx2_xml_word_opening250k_q0_v1/work/native/K-encode.observed.raw"}, "returncode": 0, "accepted_returncodes": [0], "elapsed_seconds": 36.63541951589286, "elapsed_cap_seconds": 180, "user_cpu_seconds": 34.322221, "system_cpu_seconds": 2.038266, "missing_diagnostics": [], "timing_authority": "shared-host diagnostic", "launch_error": null}, {"phase": "K-decode", "command": ["/usr/bin/timeout", "--signal=TERM", "--kill-after=2", "180", "/home/x/deco/gamma/projects/enwiki9/results/fx2_xml_word_opening250k_q0_v1/work/native/cmix", "-d", "dictionary/english.dic", "/home/x/deco/gamma/projects/enwiki9/results/fx2_xml_word_opening250k_q0_v1/work/native/K-decode.cmix", "/home/x/deco/gamma/projects/enwiki9/results/fx2_xml_word_opening250k_q0_v1/work/native/K-decode.raw", "--transformer", "models/6m-q4-fp32.tfwc2"], "environment": {"GAMMA_FX2_XML_ARM": "K", "GAMMA_FX2_CODER_TRACE": "/home/x/deco/gamma/projects/enwiki9/results/fx2_xml_word_opening250k_q0_v1/work/native/K-decode.coder", "GAMMA_FX2_XML_TRACE": "/home/x/deco/gamma/projects/enwiki9/results/fx2_xml_word_opening250k_q0_v1/work/native/K-decode.xml", "GAMMA_FX2_XML_RAW": "/home/x/deco/gamma/projects/enwiki9/results/fx2_xml_word_opening250k_q0_v1/work/native/K-decode.observed.raw"}, "returncode": 0, "accepted_returncodes": [0], "elapsed_seconds": 36.436462545068935, "elapsed_cap_seconds": 180, "user_cpu_seconds": 34.13318100000001, "system_cpu_seconds": 2.000743, "missing_diagnostics": [], "timing_authority": "shared-host diagnostic", "launch_error": null}, {"phase": "K-repeat", "command": ["/usr/bin/timeout", "--signal=TERM", "--kill-after=2", "180", "/home/x/deco/gamma/projects/enwiki9/results/fx2_xml_word_opening250k_q0_v1/work/native/cmix", "-c", "dictionary/english.dic", "/home/x/deco/gamma/projects/enwiki9/results/fx2_xml_word_opening250k_q0_v1/work/native/K-decode.raw", "/home/x/deco/gamma/projects/enwiki9/results/fx2_xml_word_opening250k_q0_v1/work/native/K-repeat.cmix", "--transformer", "models/6m-q4-fp32.tfwc2"], "environment": {"GAMMA_FX2_XML_ARM": "K", "GAMMA_FX2_CODER_TRACE": "/home/x/deco/gamma/projects/enwiki9/results/fx2_xml_word_opening250k_q0_v1/work/native/K-repeat.coder", "GAMMA_FX2_XML_TRACE": "/home/x/deco/gamma/projects/enwiki9/results/fx2_xml_word_opening250k_q0_v1/work/native/K-repeat.xml", "GAMMA_FX2_XML_RAW": "/home/x/deco/gamma/projects/enwiki9/results/fx2_xml_word_opening250k_q0_v1/work/native/K-repeat.observed.raw"}, "returncode": 0, "accepted_returncodes": [0], "elapsed_seconds": 36.53605236997828, "elapsed_cap_seconds": 180, "user_cpu_seconds": 34.14380699999998, "system_cpu_seconds": 2.064387, "missing_diagnostics": [], "timing_authority": "shared-host diagnostic", "launch_error": null}, {"phase": "D-encode", "command": ["/usr/bin/timeout", "--signal=TERM", "--kill-after=2", "180", "/home/x/deco/gamma/projects/enwiki9/results/fx2_xml_word_opening250k_q0_v1/work/native/cmix", "-c", "dictionary/english.dic", "/home/x/deco/gamma/projects/enwiki9/results/fx2_xml_word_opening250k_q0_v1/work/native/D-encode.raw", "/home/x/deco/gamma/projects/enwiki9/results/fx2_xml_word_opening250k_q0_v1/work/native/D-encode.cmix", "--transformer", "models/6m-q4-fp32.tfwc2"], "environment": {"GAMMA_FX2_XML_ARM": "D", "GAMMA_FX2_CODER_TRACE": "/home/x/deco/gamma/projects/enwiki9/results/fx2_xml_word_opening250k_q0_v1/work/native/D-encode.coder", "GAMMA_FX2_XML_TRACE": "/home/x/deco/gamma/projects/enwiki9/results/fx2_xml_word_opening250k_q0_v1/work/native/D-encode.xml", "GAMMA_FX2_XML_RAW": "/home/x/deco/gamma/projects/enwiki9/results/fx2_xml_word_opening250k_q0_v1/work/native/D-encode.observed.raw"}, "returncode": 0, "accepted_returncodes": [0], "elapsed_seconds": 36.535343362018466, "elapsed_cap_seconds": 180, "user_cpu_seconds": 34.11466900000002, "system_cpu_seconds": 2.0663660000000004, "missing_diagnostics": [], "timing_authority": "shared-host diagnostic", "launch_error": null}, {"phase": "D-decode", "command": ["/usr/bin/timeout", "--signal=TERM", "--kill-after=2", "180", "/home/x/deco/gamma/projects/enwiki9/results/fx2_xml_word_opening250k_q0_v1/work/native/cmix", "-d", "dictionary/english.dic", "/home/x/deco/gamma/projects/enwiki9/results/fx2_xml_word_opening250k_q0_v1/work/native/D-decode.cmix", "/home/x/deco/gamma/projects/enwiki9/results/fx2_xml_word_opening250k_q0_v1/work/native/D-decode.raw", "--transformer", "models/6m-q4-fp32.tfwc2"], "environment": {"GAMMA_FX2_XML_ARM": "D", "GAMMA_FX2_CODER_TRACE": "/home/x/deco/gamma/projects/enwiki9/results/fx2_xml_word_opening250k_q0_v1/work/native/D-decode.coder", "GAMMA_FX2_XML_TRACE": "/home/x/deco/gamma/projects/enwiki9/results/fx2_xml_word_opening250k_q0_v1/work/native/D-decode.xml", "GAMMA_FX2_XML_RAW": "/home/x/deco/gamma/projects/enwiki9/results/fx2_xml_word_opening250k_q0_v1/work/native/D-decode.observed.raw"}, "returncode": 0, "accepted_returncodes": [0], "elapsed_seconds": 36.437319870106876, "elapsed_cap_seconds": 180, "user_cpu_seconds": 34.03794399999998, "system_cpu_seconds": 2.077197, "missing_diagnostics": [], "timing_authority": "shared-host diagnostic", "launch_error": null}, {"phase": "D-repeat", "command": ["/usr/bin/timeout", "--signal=TERM", "--kill-after=2", "180", "/home/x/deco/gamma/projects/enwiki9/results/fx2_xml_word_opening250k_q0_v1/work/native/cmix", "-c", "dictionary/english.dic", "/home/x/deco/gamma/projects/enwiki9/results/fx2_xml_word_opening250k_q0_v1/work/native/D-decode.raw", "/home/x/deco/gamma/projects/enwiki9/results/fx2_xml_word_opening250k_q0_v1/work/native/D-repeat.cmix", "--transformer", "models/6m-q4-fp32.tfwc2"], "environment": {"GAMMA_FX2_XML_ARM": "D", "GAMMA_FX2_CODER_TRACE": "/home/x/deco/gamma/projects/enwiki9/results/fx2_xml_word_opening250k_q0_v1/work/native/D-repeat.coder", "GAMMA_FX2_XML_TRACE": "/home/x/deco/gamma/projects/enwiki9/results/fx2_xml_word_opening250k_q0_v1/work/native/D-repeat.xml", "GAMMA_FX2_XML_RAW": "/home/x/deco/gamma/projects/enwiki9/results/fx2_xml_word_opening250k_q0_v1/work/native/D-repeat.observed.raw"}, "returncode": 0, "accepted_returncodes": [0], "elapsed_seconds": 36.54303798801266, "elapsed_cap_seconds": 180, "user_cpu_seconds": 34.098603000000026, "system_cpu_seconds": 2.1013530000000014, "missing_diagnostics": [], "timing_authority": "shared-host diagnostic", "launch_error": null}, {"phase": "S-encode", "command": ["/usr/bin/timeout", "--signal=TERM", "--kill-after=2", "180", "/home/x/deco/gamma/projects/enwiki9/results/fx2_xml_word_opening250k_q0_v1/work/native/cmix", "-c", "dictionary/english.dic", "/home/x/deco/gamma/projects/enwiki9/results/fx2_xml_word_opening250k_q0_v1/work/native/S-encode.raw", "/home/x/deco/gamma/projects/enwiki9/results/fx2_xml_word_opening250k_q0_v1/work/native/S-encode.cmix", "--transformer", "models/6m-q4-fp32.tfwc2"], "environment": {"GAMMA_FX2_XML_ARM": "S", "GAMMA_FX2_CODER_TRACE": "/home/x/deco/gamma/projects/enwiki9/results/fx2_xml_word_opening250k_q0_v1/work/native/S-encode.coder", "GAMMA_FX2_XML_TRACE": "/home/x/deco/gamma/projects/enwiki9/results/fx2_xml_word_opening250k_q0_v1/work/native/S-encode.xml", "GAMMA_FX2_XML_RAW": "/home/x/deco/gamma/projects/enwiki9/results/fx2_xml_word_opening250k_q0_v1/work/native/S-encode.observed.raw"}, "returncode": 0, "accepted_returncodes": [0], "elapsed_seconds": 36.537204324034974, "elapsed_cap_seconds": 180, "user_cpu_seconds": 34.100414, "system_cpu_seconds": 2.1091479999999976, "missing_diagnostics": [], "timing_authority": "shared-host diagnostic", "launch_error": null}, {"phase": "S-decode", "command": ["/usr/bin/timeout", "--signal=TERM", "--kill-after=2", "180", "/home/x/deco/gamma/projects/enwiki9/results/fx2_xml_word_opening250k_q0_v1/work/native/cmix", "-d", "dictionary/english.dic", "/home/x/deco/gamma/projects/enwiki9/results/fx2_xml_word_opening250k_q0_v1/work/native/S-decode.cmix", "/home/x/deco/gamma/projects/enwiki9/results/fx2_xml_word_opening250k_q0_v1/work/native/S-decode.raw", "--transformer", "models/6m-q4-fp32.tfwc2"], "environment": {"GAMMA_FX2_XML_ARM": "S", "GAMMA_FX2_CODER_TRACE": "/home/x/deco/gamma/projects/enwiki9/results/fx2_xml_word_opening250k_q0_v1/work/native/S-decode.coder", "GAMMA_FX2_XML_TRACE": "/home/x/deco/gamma/projects/enwiki9/results/fx2_xml_word_opening250k_q0_v1/work/native/S-decode.xml", "GAMMA_FX2_XML_RAW": "/home/x/deco/gamma/projects/enwiki9/results/fx2_xml_word_opening250k_q0_v1/work/native/S-decode.observed.raw"}, "returncode": 0, "accepted_returncodes": [0], "elapsed_seconds": 36.44469237909652, "elapsed_cap_seconds": 180, "user_cpu_seconds": 34.03674699999999, "system_cpu_seconds": 2.1194450000000025, "missing_diagnostics": [], "timing_authority": "shared-host diagnostic", "launch_error": null}, {"phase": "S-repeat", "command": ["/usr/bin/timeout", "--signal=TERM", "--kill-after=2", "180", "/home/x/deco/gamma/projects/enwiki9/results/fx2_xml_word_opening250k_q0_v1/work/native/cmix", "-c", "dictionary/english.dic", "/home/x/deco/gamma/projects/enwiki9/results/fx2_xml_word_opening250k_q0_v1/work/native/S-decode.raw", "/home/x/deco/gamma/projects/enwiki9/results/fx2_xml_word_opening250k_q0_v1/work/native/S-repeat.cmix", "--transformer", "models/6m-q4-fp32.tfwc2"], "environment": {"GAMMA_FX2_XML_ARM": "S", "GAMMA_FX2_CODER_TRACE": "/home/x/deco/gamma/projects/enwiki9/results/fx2_xml_word_opening250k_q0_v1/work/native/S-repeat.coder", "GAMMA_FX2_XML_TRACE": "/home/x/deco/gamma/projects/enwiki9/results/fx2_xml_word_opening250k_q0_v1/work/native/S-repeat.xml", "GAMMA_FX2_XML_RAW": "/home/x/deco/gamma/projects/enwiki9/results/fx2_xml_word_opening250k_q0_v1/work/native/S-repeat.observed.raw"}, "returncode": 0, "accepted_returncodes": [0], "elapsed_seconds": 36.63747251802124, "elapsed_cap_seconds": 180, "user_cpu_seconds": 34.183209999999974, "system_cpu_seconds": 2.105542, "missing_diagnostics": [], "timing_authority": "shared-host diagnostic", "launch_error": null}], "artifact_index_exclusions": [{"path": "results/fx2_xml_word_opening250k_q0_v1/work/native/ppm.temp", "reason": "PPM transient; metadata cleanup only, never hashed"}], "artifact_index_complete": true, "artifacts": {"path": "results/fx2_xml_word_opening250k_q0_v1/artifacts.json", "bytes": 53926, "sha256": "628929ddbaaf3ebfe323027373e6d88d955ee6f86b99b507e866797223bdd493"}}
{
  "resource_guard": {
    "cgroup": {
      "inode": 269346,
      "joined_before_exec": true,
      "memory_max_bytes": 9999998976,
      "memory_max_rounding_bytes": 0,
      "memory_peak_reset": true,
      "path": "/sys/fs/cgroup/user.slice/user-1000.slice/user@1000.service/app.slice/gamma-enwiki9-20260909T102756Z_82a65eed5d",
      "previous_memory_max": "9999998976",
      "requested_memory_max_bytes": 9999998976
    },
    "cgroup_events": {
      "baseline": {
        "high": 0,
        "low": 0,
        "max": 0,
        "oom": 0,
        "oom_group_kill": 0,
        "oom_kill": 0,
        "sock_throttled": 0
      },
      "delta": {
        "high": 0,
        "low": 0,
        "max": 0,
        "oom": 0,
        "oom_group_kill": 0,
        "oom_kill": 0,
        "sock_throttled": 0
      },
      "final": {
        "high": 0,
        "low": 0,
        "max": 0,
        "oom": 0,
        "oom_group_kill": 0,
        "oom_kill": 0,
        "sock_throttled": 0
      }
    },
    "command": [
      "/usr/bin/taskset",
      "--cpu-list",
      "2",
      "/bin/sh",
      "-c",
      "printf '%s\\n' '{\"phase\":\"diagnostic\",\"event\":\"worker_start\",\"detail\":\"operational envelope only; no codec phase credit\"}' >> \"$GAMMA_RESOURCE_PHASE_MARKERS\" || exit 125; exec \"$@\"",
      "enwiki9-discovery-envelope",
      "/usr/bin/python3",
      "/home/x/deco/gamma/projects/enwiki9/tools/fx2_xml_word_opening250k_q0_v1.py"
    ],
    "command_sha256": "7246e8e654569fe910e4914a981c8601929947a63fe0ddaac85321176674d796",
    "elapsed_s": 452.6202,
    "geekbench5_single_core_score": null,
    "guards": {
      "cgroup_memory_guard_exceeded": false,
      "logical_cpu_guard_exceeded": false,
      "measurement_incomplete": false,
      "official_decimal_memory_exceeded": false,
      "phase_marker_invalid": false,
      "rss_guard_exceeded": false,
      "temporary_disk_guard_exceeded": false,
      "wall_time_guard_exceeded": false
    },
    "label": "20260909T102756Z_82a65eed5d",
    "latest_sample": {
      "allowed_cpu_union": [],
      "cgroup_current_bytes": 24944640,
      "elapsed_s": 452.6176,
      "max_single_rss_kib": 0,
      "persistent_status_misses": [],
      "processes": [],
      "scratch_allocated_bytes": 6169030656,
      "scratch_file_count": 271,
      "scratch_logical_bytes": 6168132738,
      "scratch_race_count": 0,
      "tree_live_threads": 0,
      "tree_rss_kib": 0,
      "tree_runnable_threads": 0
    },
    "limit_kib": 9765624,
    "limit_mode": "tree",
    "max_logical_cpus": 1,
    "measurements": {
      "affinity_complete": true,
      "cgroup_v2_complete": true,
      "per_process_vmhwm_sampled": true,
      "phase_markers_complete": true,
      "process_tree_rss_complete": true,
      "scratch_logical_and_allocated_complete": true,
      "smaps_rollup_complete": true
    },
    "objective": {
      "corpusBytes": 1000000000,
      "corpusSha256": "159b85351e5f76e60cbe32e04c677847a9ecba3adc79addab6f4c6c7aa3744bc",
      "objectiveDigest": "sha256:e91ff20e92c3cac8acb0cbe5c79fc8e8a3b427d7e151245c8eecc52b1c32fa00",
      "objectiveId": "gamma-enwiki9-hutter-90m-v3",
      "objectivePath": "contracts/research/v3/objective-contract.json",
      "targetScoreBytes": 90000000
    },
    "official_decimal_limit_kib": 9765624,
    "peak_process_vmhwm": {
      "comm": "cmix",
      "observed_elapsed_s": 406.2868,
      "pid": 1404223,
      "start_ticks": 204639047,
      "vmhwm_kib": 5656572
    },
    "peak_sample": {
      "allowed_cpu_union": [
        2
      ],
      "cgroup_current_bytes": 6574731264,
      "elapsed_s": 369.5178,
      "max_single_rss_kib": 5652048,
      "persistent_status_misses": [],
      "processes": [
        {
          "allowed_cpus": [
            2
          ],
          "comm": "python3",
          "live_threads": 1,
          "pid": 1338229,
          "rss_kib": 77808,
          "runnable_threads": 0,
          "start_ticks": 204602013,
          "vmhwm_kib": 80340
        },
        {
          "allowed_cpus": [
            2
          ],
          "comm": "timeout",
          "live_threads": 1,
          "pid": 1397646,
          "rss_kib": 7592,
          "runnable_threads": 0,
          "start_ticks": 204635373,
          "vmhwm_kib": 7592
        },
        {
          "allowed_cpus": [
            2
          ],
          "comm": "cmix",
          "live_threads": 1,
          "pid": 1397647,
          "rss_kib": 5652048,
          "runnable_threads": 1,
          "start_ticks": 204635373,
          "vmhwm_kib": 5652048
        }
      ],
      "scratch_allocated_bytes": 4825645056,
      "scratch_file_count": 245,
      "scratch_logical_bytes": 19501692195,
      "scratch_race_count": 0,
      "tree_live_threads": 3,
      "tree_rss_kib": 5737448,
      "tree_runnable_threads": 1
    },
    "peak_tree_sample": {
      "allowed_cpu_union": [
        2
      ],
      "cgroup_current_bytes": 6570266624,
      "elapsed_s": 330.7428,
      "max_single_rss_kib": 5651628,
      "persistent_status_misses": [],
      "processes": [
        {
          "allowed_cpus": [
            2
          ],
          "comm": "python3",
          "live_threads": 1,
          "pid": 1338229,
          "rss_kib": 78168,
          "runnable_threads": 0,
          "start_ticks": 204602013,
          "vmhwm_kib": 80340
        },
        {
          "allowed_cpus": [
            2
          ],
          "comm": "timeout",
          "live_threads": 1,
          "pid": 1390889,
          "rss_kib": 7772,
          "runnable_threads": 0,
          "start_ticks": 204631504,
          "vmhwm_kib": 7772
        },
        {
          "allowed_cpus": [
            2
          ],
          "comm": "cmix",
          "live_threads": 1,
          "pid": 1390890,
          "rss_kib": 5651628,
          "runnable_threads": 1,
          "start_ticks": 204631504,
          "vmhwm_kib": 5651628
        }
      ],
      "scratch_allocated_bytes": 4149719040,
      "scratch_file_count": 231,
      "scratch_logical_bytes": 18825818920,
      "scratch_race_count": 0,
      "tree_live_threads": 3,
      "tree_rss_kib": 5737568,
      "tree_runnable_threads": 1
    },
    "peaks": {
      "cgroup_memory_peak_bytes": 6582378496,
      "max_observed_process_vmhwm_kib": 5656572,
      "max_sampled_allowed_cpu_count": 1,
      "max_sampled_cgroup_current_bytes": 6574731264,
      "max_sampled_scratch_allocated_bytes": 6169030656,
      "max_sampled_scratch_logical_bytes": 20836693271,
      "max_sampled_single_rss_kib": 5652048,
      "max_sampled_tree_live_threads": 3,
      "max_sampled_tree_rss_kib": 5737568,
      "max_sampled_tree_runnable_threads": 2
    },
    "phase": "diagnostic",
    "phase_marker_path": "/home/x/deco/gamma/projects/enwiki9/run_logs/adaptive/20260909T102756Z_82a65eed5d.resources/phases.jsonl",
    "phase_markers": [
      {
        "detail": "operational envelope only; no codec phase credit",
        "event": "worker_start",
        "observed_elapsed_s": 0.0329,
        "phase": "diagnostic",
        "source_line": 1
      },
      {
        "detail": null,
        "event": "start",
        "observed_elapsed_s": 0.5339,
        "phase": "preprocess",
        "source_line": 2
      },
      {
        "detail": null,
        "event": "end",
        "observed_elapsed_s": 0.5339,
        "phase": "preprocess",
        "source_line": 3
      },
      {
        "detail": null,
        "event": "start",
        "observed_elapsed_s": 0.5339,
        "phase": "P-encode",
        "source_line": 4
      },
      {
        "detail": null,
        "event": "end",
        "observed_elapsed_s": 37.3656,
        "phase": "P-encode",
        "source_line": 5
      },
      {
        "detail": null,
        "event": "start",
        "observed_elapsed_s": 37.3656,
        "phase": "P-decode",
        "source_line": 6
      },
      {
        "detail": null,
        "event": "end",
        "observed_elapsed_s": 73.5529,
        "phase": "P-decode",
        "source_line": 7
      },
      {
        "detail": null,
        "event": "start",
        "observed_elapsed_s": 73.5529,
        "phase": "P-repeat",
        "source_line": 8
      },
      {
        "detail": null,
        "event": "end",
        "observed_elapsed_s": 109.2387,
        "phase": "P-repeat",
        "source_line": 9
      },
      {
        "detail": null,
        "event": "start",
        "observed_elapsed_s": 109.7419,
        "phase": "K-encode",
        "source_line": 10
      },
      {
        "detail": null,
        "event": "end",
        "observed_elapsed_s": 146.4828,
        "phase": "K-encode",
        "source_line": 11
      },
      {
        "detail": null,
        "event": "start",
        "observed_elapsed_s": 146.4828,
        "phase": "K-decode",
        "source_line": 12
      },
      {
        "detail": null,
        "event": "end",
        "observed_elapsed_s": 182.6908,
        "phase": "K-decode",
        "source_line": 13
      },
      {
        "detail": null,
        "event": "start",
        "observed_elapsed_s": 183.198,
        "phase": "K-repeat",
        "source_line": 14
      },
      {
        "detail": null,
        "event": "end",
        "observed_elapsed_s": 219.4568,
        "phase": "K-repeat",
        "source_line": 15
      },
      {
        "detail": null,
        "event": "start",
        "observed_elapsed_s": 221.9729,
        "phase": "D-encode",
        "source_line": 16
      },
      {
        "detail": null,
        "event": "end",
        "observed_elapsed_s": 258.232,
        "phase": "D-encode",
        "source_line": 17
      },
      {
        "detail": null,
        "event": "start",
        "observed_elapsed_s": 258.7385,
        "phase": "D-decode",
        "source_line": 18
      },
      {
        "detail": null,
        "event": "end",
        "observed_elapsed_s": 294.997,
        "phase": "D-decode",
        "source_line": 19
      },
      {
        "detail": null,
        "event": "start",
        "observed_elapsed_s": 294.997,
        "phase": "D-repeat",
        "source_line": 20
      },
      {
        "detail": null,
        "event": "end",
        "observed_elapsed_s": 331.7514,
        "phase": "D-repeat",
        "source_line": 21
      },
      {
        "detail": null,
        "event": "start",
        "observed_elapsed_s": 333.7648,
        "phase": "S-encode",
        "source_line": 22
      },
      {
        "detail": null,
        "event": "end",
        "observed_elapsed_s": 370.5248,
        "phase": "S-encode",
        "source_line": 23
      },
      {
        "detail": null,
        "event": "start",
        "observed_elapsed_s": 370.5248,
        "phase": "S-decode",
        "source_line": 24
      },
      {
        "detail": null,
        "event": "end",
        "observed_elapsed_s": 407.2929,
        "phase": "S-decode",
        "source_line": 25
      },
      {
        "detail": null,
        "event": "start",
        "observed_elapsed_s": 407.2929,
        "phase": "S-repeat",
        "source_line": 26
      },
      {
        "detail": null,
        "event": "end",
        "observed_elapsed_s": 444.0705,
        "phase": "S-repeat",
        "source_line": 27
      }
    ],
    "returncode": 0,
    "sample_count": 898,
    "sample_interval_seconds": 0.5,
    "schema": "gamma.enwiki9.resource-guard-receipt.v3",
    "scratch_paths": [
      "/home/x/deco/gamma/projects/enwiki9/results/fx2_xml_word_opening250k_q0_v1",
      "/home/x/deco/gamma/projects/enwiki9/run_logs/adaptive/20260909T102756Z_82a65eed5d.log",
      "/home/x/deco/gamma/projects/enwiki9/run_logs/adaptive/20260909T102756Z_82a65eed5d.resources",
      "/tmp/gamma-enwiki9-20260909T102756Z_82a65eed5d-1lvdl_jx/fx2_xml_word_opening250k_q0_v1"
    ],
    "smaps_rollup_checkpoints": [
      {
        "elapsed_s": 0.0329,
        "processes": [
          {
            "pid": 1338229,
            "rollup_kib": {
              "AnonHugePages": 0,
              "Anonymous": 5344,
              "FilePmdMapped": 0,
              "KSM": 0,
              "LazyFree": 0,
              "Locked": 0,
              "Private_Clean": 56,
              "Private_Dirty": 5344,
              "Private_Hugetlb": 0,
              "Pss": 6707,
              "Pss_Anon": 5344,
              "Pss_Dirty": 5344,
              "Pss_File": 1363,
              "Pss_Shmem": 0,
              "Referenced": 12112,
              "Rss": 12112,
              "Shared_Clean": 6712,
              "Shared_Dirty": 0,
              "Shared_Hugetlb": 0,
              "ShmemPmdMapped": 0,
              "Swap": 0,
              "SwapPss": 0
            },
            "start_ticks": 204602013
          }
        ],
        "reason": "initial+phase_marker+rss_growth",
        "tree_rss_kib": 12112
      },
      {
        "elapsed_s": 0.5339,
        "processes": [
          {
            "pid": 1338229,
            "rollup_kib": {
              "AnonHugePages": 0,
              "Anonymous": 63960,
              "FilePmdMapped": 0,
              "KSM": 0,
              "LazyFree": 0,
              "Locked": 0,
              "Private_Clean": 168,
              "Private_Dirty": 63960,
              "Private_Hugetlb": 0,
              "Pss": 67193,
              "Pss_Anon": 63960,
              "Pss_Dirty": 63960,
              "Pss_File": 3233,
              "Pss_Shmem": 0,
              "Referenced": 77680,
              "Rss": 77680,
              "Shared_Clean": 13552,
              "Shared_Dirty": 0,
              "Shared_Hugetlb": 0,
              "ShmemPmdMapped": 0,
              "Swap": 0,
              "SwapPss": 0
            },
            "start_ticks": 204602013
          },
          {
            "pid": 1338338,
            "rollup_kib": {
              "AnonHugePages": 0,
              "Anonymous": 1248,
              "FilePmdMapped": 0,
              "KSM": 0,
              "LazyFree": 0,
              "Locked": 0,
              "Private_Clean": 3620,
              "Private_Dirty": 1248,
              "Private_Hugetlb": 0,
              "Pss": 4995,
              "Pss_Anon": 1248,
              "Pss_Dirty": 1248,
              "Pss_File": 3747,
              "Pss_Shmem": 0,
              "Referenced": 7600,
              "Rss": 7600,
              "Shared_Clean": 2732,
              "Shared_Dirty": 0,
              "Shared_Hugetlb": 0,
              "ShmemPmdMapped": 0,
              "Swap": 0,
              "SwapPss": 0
            },
            "start_ticks": 204602056
          },
          {
            "pid": 1338339,
            "rollup_kib": {
              "AnonHugePages": 0,
              "Anonymous": 527448,
              "FilePmdMapped": 0,
              "KSM": 0,
              "LazyFree": 0,
              "Locked": 0,
              "Private_Clean": 12,
              "Private_Dirty": 527760,
              "Private_Hugetlb": 0,
              "Pss": 528498,
              "Pss_Anon": 527448,
              "Pss_Dirty": 527760,
              "Pss_File": 1050,
              "Pss_Shmem": 0,
              "Referenced": 531876,
              "Rss": 531876,
              "Shared_Clean": 4104,
              "Shared_Dirty": 0,
              "Shared_Hugetlb": 0,
              "ShmemPmdMapped": 0,
              "Swap": 0,
              "SwapPss": 0
            },
            "start_ticks": 204602056
          }
        ],
        "reason": "phase_marker+rss_growth",
        "tree_rss_kib": 617156
      },
      {
        "elapsed_s": 1.0544,
        "processes": [
          {
            "pid": 1338229,
            "rollup_kib": {
              "AnonHugePages": 0,
              "Anonymous": 63960,
              "FilePmdMapped": 0,
              "KSM": 0,
              "LazyFree": 0,
              "Locked": 0,
              "Private_Clean": 168,
              "Private_Dirty": 63960,
              "Private_Hugetlb": 0,
              "Pss": 67187,
              "Pss_Anon": 63960,
              "Pss_Dirty": 63960,
              "Pss_File": 3227,
              "Pss_Shmem": 0,
              "Referenced": 77680,
              "Rss": 77680,
              "Shared_Clean": 13552,
              "Shared_Dirty": 0,
              "Shared_Hugetlb": 0,
              "ShmemPmdMapped": 0,
              "Swap": 0,
              "SwapPss": 0
            },
            "start_ticks": 204602013
          },
          {
            "pid": 1338338,
            "rollup_kib": {
              "AnonHugePages": 0,
              "Anonymous": 1248,
              "FilePmdMapped": 0,
              "KSM": 0,
              "LazyFree": 0,
              "Locked": 0,
              "Private_Clean": 532,
              "Private_Dirty": 1248,
              "Private_Hugetlb": 0,
              "Pss": 3439,
              "Pss_Anon": 1248,
              "Pss_Dirty": 1248,
              "Pss_File": 2191,
              "Pss_Shmem": 0,
              "Referenced": 7600,
              "Rss": 7600,
              "Shared_Clean": 5820,
              "Shared_Dirty": 0,
              "Shared_Hugetlb": 0,
              "ShmemPmdMapped": 0,
              "Swap": 0,
              "SwapPss": 0
            },
            "start_ticks": 204602056
          },
          {
            "pid": 1338339,
            "rollup_kib": {
              "AnonHugePages": 18432,
              "Anonymous": 1932648,
              "FilePmdMapped": 0,
              "KSM": 0,
              "LazyFree": 0,
              "Locked": 0,
              "Private_Clean": 12,
              "Private_Dirty": 1933140,
              "Private_Hugetlb": 0,
              "Pss": 1933897,
              "Pss_Anon": 1932648,
              "Pss_Dirty": 1933140,
              "Pss_File": 1249,
              "Pss_Shmem": 0,
              "Referenced": 1937448,
              "Rss": 1937448,
              "Shared_Clean": 4296,
              "Shared_Dirty": 0,
              "Shared_Hugetlb": 0,
              "ShmemPmdMapped": 0,
              "Swap": 0,
              "SwapPss": 0
            },
            "start_ticks": 204602056
          }
        ],
        "reason": "rss_growth",
        "tree_rss_kib": 2004712
      },
      {
        "elapsed_s": 1.622,
        "processes": [
          {
            "pid": 1338229,
            "rollup_kib": {
              "AnonHugePages": 0,
              "Anonymous": 63960,
              "FilePmdMapped": 0,
              "KSM": 0,
              "LazyFree": 0,
              "Locked": 0,
              "Private_Clean": 168,
              "Private_Dirty": 63960,
              "Private_Hugetlb": 0,
              "Pss": 67188,
              "Pss_Anon": 63960,
              "Pss_Dirty": 63960,
              "Pss_File": 3228,
              "Pss_Shmem": 0,
              "Referenced": 77680,
              "Rss": 77680,
              "Shared_Clean": 13552,
              "Shared_Dirty": 0,
              "Shared_Hugetlb": 0,
              "ShmemPmdMapped": 0,
              "Swap": 0,
              "SwapPss": 0
            },
            "start_ticks": 204602013
          },
          {
            "pid": 1338338,
            "rollup_kib": {
              "AnonHugePages": 0,
              "Anonymous": 1248,
              "FilePmdMapped": 0,
              "KSM": 0,
              "LazyFree": 0,
              "Locked": 0,
              "Private_Clean": 532,
              "Private_Dirty": 1248,
              "Private_Hugetlb": 0,
              "Pss": 3439,
              "Pss_Anon": 1248,
              "Pss_Dirty": 1248,
              "Pss_File": 2191,
              "Pss_Shmem": 0,
              "Referenced": 7600,
              "Rss": 7600,
              "Shared_Clean": 5820,
              "Shared_Dirty": 0,
              "Shared_Hugetlb": 0,
              "ShmemPmdMapped": 0,
              "Swap": 0,
              "SwapPss": 0
            },
            "start_ticks": 204602056
          },
          {
            "pid": 1338339,
            "rollup_kib": {
              "AnonHugePages": 18432,
              "Anonymous": 2854488,
              "FilePmdMapped": 0,
              "KSM": 0,
              "LazyFree": 0,
              "Locked": 0,
              "Private_Clean": 12,
              "Private_Dirty": 2854980,
              "Private_Hugetlb": 0,
              "Pss": 2855737,
              "Pss_Anon": 2854488,
              "Pss_Dirty": 2854980,
              "Pss_File": 1249,
              "Pss_Shmem": 0,
              "Referenced": 2859288,
              "Rss": 2859288,
              "Shared_Clean": 4296,
              "Shared_Dirty": 0,
              "Shared_Hugetlb": 0,
              "ShmemPmdMapped": 0,
              "Swap": 0,
              "SwapPss": 0
            },
            "start_ticks": 204602056
          }
        ],
        "reason": "rss_growth",
        "tree_rss_kib": 2924720
      },
      {
        "elapsed_s": 2.2209,
        "processes": [
          {
            "pid": 1338229,
            "rollup_kib": {
              "AnonHugePages": 0,
              "Anonymous": 63960,
              "FilePmdMapped": 0,
              "KSM": 0,
              "LazyFree": 0,
              "Locked": 0,
              "Private_Clean": 168,
              "Private_Dirty": 63960,
              "Private_Hugetlb": 0,
              "Pss": 67189,
              "Pss_Anon": 63960,
              "Pss_Dirty": 63960,
              "Pss_File": 3229,
              "Pss_Shmem": 0,
              "Referenced": 77680,
              "Rss": 77680,
              "Shared_Clean": 13552,
              "Shared_Dirty": 0,
              "Shared_Hugetlb": 0,
              "ShmemPmdMapped": 0,
              "Swap": 0,
              "SwapPss": 0
            },
            "start_ticks": 204602013
          },
          {
            "pid": 1338338,
            "rollup_kib": {
              "AnonHugePages": 0,
              "Anonymous": 1248,
              "FilePmdMapped": 0,
              "KSM": 0,
              "LazyFree": 0,
              "Locked": 0,
              "Private_Clean": 248,
              "Private_Dirty": 1248,
              "Private_Hugetlb": 0,
              "Pss": 3298,
              "Pss_Anon": 1248,
              "Pss_Dirty": 1248,
              "Pss_File": 2050,
              "Pss_Shmem": 0,
              "Referenced": 7600,
              "Rss": 7600,
              "Shared_Clean": 6104,
              "Shared_Dirty": 0,
              "Shared_Hugetlb": 0,
              "ShmemPmdMapped": 0,
              "Swap": 0,
              "SwapPss": 0
            },
            "start_ticks": 204602056
          },
          {
            "pid": 1338339,
            "rollup_kib": {
              "AnonHugePages": 18432,
              "Anonymous": 3434664,
              "FilePmdMapped": 0,
              "KSM": 0,
              "LazyFree": 0,
              "Locked": 0,
              "Private_Clean": 12,
              "Private_Dirty": 3435156,
              "Private_Hugetlb": 0,
              "Pss": 3435911,
              "Pss_Anon": 3434664,
              "Pss_Dirty": 3435156,
              "Pss_File": 1247,
              "Pss_Shmem": 0,
              "Referenced": 3439464,
              "Rss": 3439464,
              "Shared_Clean": 4296,
              "Shared_Dirty": 0,
              "Shared_Hugetlb": 0,
              "ShmemPmdMapped": 0,
              "Swap": 0,
              "SwapPss": 0
            },
            "start_ticks": 204602056
          }
        ],
        "reason": "rss_growth",
        "tree_rss_kib": 3508000
      },
      {
        "elapsed_s": 2.8368,
        "processes": [
          {
            "pid": 1338229,
            "rollup_kib": {
              "AnonHugePages": 0,
              "Anonymous": 63960,
              "FilePmdMapped": 0,
              "KSM": 0,
              "LazyFree": 0,
              "Locked": 0,
              "Private_Clean": 168,
              "Private_Dirty": 63960,
              "Private_Hugetlb": 0,
              "Pss": 67189,
              "Pss_Anon": 63960,
              "Pss_Dirty": 63960,
              "Pss_File": 3229,
              "Pss_Shmem": 0,
              "Referenced": 77680,
              "Rss": 77680,
              "Shared_Clean": 13552,
              "Shared_Dirty": 0,
              "Shared_Hugetlb": 0,
              "ShmemPmdMapped": 0,
              "Swap": 0,
              "SwapPss": 0
            },
            "start_ticks": 204602013
          },
          {
            "pid": 1338338,
            "rollup_kib": {
              "AnonHugePages": 0,
              "Anonymous": 1248,
              "FilePmdMapped": 0,
              "KSM": 0,
              "LazyFree": 0,
              "Locked": 0,
              "Private_Clean": 484,
              "Private_Dirty": 1248,
              "Private_Hugetlb": 0,
              "Pss": 3415,
              "Pss_Anon": 1248,
              "Pss_Dirty": 1248,
              "Pss_File": 2167,
              "Pss_Shmem": 0,
              "Referenced": 7600,
              "Rss": 7600,
              "Shared_Clean": 5868,
              "Shared_Dirty": 0,
              "Shared_Hugetlb": 0,
              "ShmemPmdMapped": 0,
              "Swap": 0,
              "SwapPss": 0
            },
            "start_ticks": 204602056
          },
          {
            "pid": 1338339,
            "rollup_kib": {
              "AnonHugePages": 18432,
              "Anonymous": 3826116,
              "FilePmdMapped": 0,
              "KSM": 0,
              "LazyFree": 0,
              "Locked": 0,
              "Private_Clean": 12,
              "Private_Dirty": 3826608,
              "Private_Hugetlb": 0,
              "Pss": 3827365,
              "Pss_Anon": 3826116,
              "Pss_Dirty": 3826608,
              "Pss_File": 1249,
              "Pss_Shmem": 0,
              "Referenced": 3830916,
              "Rss": 3830916,
              "Shared_Clean": 4296,
              "Shared_Dirty": 0,
              "Shared_Hugetlb": 0,
              "ShmemPmdMapped": 0,
              "Swap": 0,
              "SwapPss": 0
            },
            "start_ticks": 204602056
          }
        ],
        "reason": "rss_growth",
        "tree_rss_kib": 3904148
      },
      {
        "elapsed_s": 3.4629,
        "processes": [
          {
            "pid": 1338229,
            "rollup_kib": {
              "AnonHugePages": 0,
              "Anonymous": 63960,
              "FilePmdMapped": 0,
              "KSM": 0,
              "LazyFree": 0,
              "Locked": 0,
              "Private_Clean": 168,
              "Private_Dirty": 63960,
              "Private_Hugetlb": 0,
              "Pss": 67189,
              "Pss_Anon": 63960,
              "Pss_Dirty": 63960,
              "Pss_File": 3229,
              "Pss_Shmem": 0,
              "Referenced": 77680,
              "Rss": 77680,
              "Shared_Clean": 13552,
              "Shared_Dirty": 0,
              "Shared_Hugetlb": 0,
              "ShmemPmdMapped": 0,
              "Swap": 0,
              "SwapPss": 0
            },
            "start_ticks": 204602013
          },
          {
            "pid": 1338338,
            "rollup_kib": {
              "AnonHugePages": 0,
              "Anonymous": 1248,
              "FilePmdMapped": 0,
              "KSM": 0,
              "LazyFree": 0,
              "Locked": 0,
              "Private_Clean": 248,
              "Private_Dirty": 1248,
              "Private_Hugetlb": 0,
              "Pss": 3297,
              "Pss_Anon": 1248,
              "Pss_Dirty": 1248,
              "Pss_File": 2049,
              "Pss_Shmem": 0,
              "Referenced": 7600,
              "Rss": 7600,
              "Shared_Clean": 6104,
              "Shared_Dirty": 0,
              "Shared_Hugetlb": 0,
              "ShmemPmdMapped": 0,
              "Swap": 0,
              "SwapPss": 0
            },
            "start_ticks": 204602056
          },
          {
            "pid": 1338339,
            "rollup_kib": {
              "AnonHugePages": 18432,
              "Anonymous": 4093348,
              "FilePmdMapped": 0,
              "KSM": 0,
              "LazyFree": 0,
              "Locked": 0,
              "Private_Clean": 12,
              "Private_Dirty": 4093840,
              "Private_Hugetlb": 0,
              "Pss": 4094597,
              "Pss_Anon": 4093348,
              "Pss_Dirty": 4093840,
              "Pss_File": 1249,
              "Pss_Shmem": 0,
              "Referenced": 4098148,
              "Rss": 4098148,
              "Shared_Clean": 4296,
              "Shared_Dirty": 0,
              "Shared_Hugetlb": 0,
              "ShmemPmdMapped": 0,
              "Swap": 0,
              "SwapPss": 0
            },
            "start_ticks": 204602056
          }
        ],
        "reason": "rss_growth",
        "tree_rss_kib": 4173968
      },
      {
        "elapsed_s": 4.5969,
        "processes": [
          {
            "pid": 1338229,
            "rollup_kib": {
              "AnonHugePages": 0,
              "Anonymous": 63960,
              "FilePmdMapped": 0,
              "KSM": 0,
              "LazyFree": 0,
              "Locked": 0,
              "Private_Clean": 168,
              "Private_Dirty": 63960,
              "Private_Hugetlb": 0,
              "Pss": 67189,
              "Pss_Anon": 63960,
              "Pss_Dirty": 63960,
              "Pss_File": 3229,
              "Pss_Shmem": 0,
              "Referenced": 77680,
              "Rss": 77680,
              "Shared_Clean": 13552,
              "Shared_Dirty": 0,
              "Shared_Hugetlb": 0,
              "ShmemPmdMapped": 0,
              "Swap": 0,
              "SwapPss": 0
            },
            "start_ticks": 204602013
          },
          {
            "pid": 1338338,
            "rollup_kib": {
              "AnonHugePages": 0,
              "Anonymous": 1248,
              "FilePmdMapped": 0,
              "KSM": 0,
              "LazyFree": 0,
              "Locked": 0,
              "Private_Clean": 564,
              "Private_Dirty": 1248,
              "Private_Hugetlb": 0,
              "Pss": 3457,
              "Pss_Anon": 1248,
              "Pss_Dirty": 1248,
              "Pss_File": 2209,
              "Pss_Shmem": 0,
              "Referenced": 7600,
              "Rss": 7600,
              "Shared_Clean": 5788,
              "Shared_Dirty": 0,
              "Shared_Hugetlb": 0,
              "ShmemPmdMapped": 0,
              "Swap": 0,
              "SwapPss": 0
            },
            "start_ticks": 204602056
          },
          {
            "pid": 1338339,
            "rollup_kib": {
              "AnonHugePages": 18432,
              "Anonymous": 4393440,
              "FilePmdMapped": 0,
              "KSM": 0,
              "LazyFree": 0,
              "Locked": 0,
              "Private_Clean": 12,
              "Private_Dirty": 4393932,
              "Private_Hugetlb": 0,
              "Pss": 4394687,
              "Pss_Anon": 4393440,
              "Pss_Dirty": 4393932,
              "Pss_File": 1247,
              "Pss_Shmem": 0,
              "Referenced": 4398240,
              "Rss": 4398240,
              "Shared_Clean": 4296,
              "Shared_Dirty": 0,
              "Shared_Hugetlb": 0,
              "ShmemPmdMapped": 0,
              "Swap": 0,
              "SwapPss": 0
            },
            "start_ticks": 204602056
          }
        ],
        "reason": "rss_growth",
        "tree_rss_kib": 4477416
      },
      {
        "elapsed_s": 6.7428,
        "processes": [
          {
            "pid": 1338229,
            "rollup_kib": {
              "AnonHugePages": 0,
              "Anonymous": 63960,
              "FilePmdMapped": 0,
              "KSM": 0,
              "LazyFree": 0,
              "Locked": 0,
              "Private_Clean": 168,
              "Private_Dirty": 63960,
              "Private_Hugetlb": 0,
              "Pss": 67189,
              "Pss_Anon": 63960,
              "Pss_Dirty": 63960,
              "Pss_File": 3229,
              "Pss_Shmem": 0,
              "Referenced": 77680,
              "Rss": 77680,
              "Shared_Clean": 13552,
              "Shared_Dirty": 0,
              "Shared_Hugetlb": 0,
              "ShmemPmdMapped": 0,
              "Swap": 0,
              "SwapPss": 0
            },
            "start_ticks": 204602013
          },
          {
            "pid": 1338338,
            "rollup_kib": {
              "AnonHugePages": 0,
              "Anonymous": 1248,
              "FilePmdMapped": 0,
              "KSM": 0,
              "LazyFree": 0,
              "Locked": 0,
              "Private_Clean": 532,
              "Private_Dirty": 1248,
              "Private_Hugetlb": 0,
              "Pss": 3439,
              "Pss_Anon": 1248,
              "Pss_Dirty": 1248,
              "Pss_File": 2191,
              "Pss_Shmem": 0,
              "Referenced": 7600,
              "Rss": 7600,
              "Shared_Clean": 5820,
              "Shared_Dirty": 0,
              "Shared_Hugetlb": 0,
              "ShmemPmdMapped": 0,
              "Swap": 0,
              "SwapPss": 0
            },
            "start_ticks": 204602056
          },
          {
            "pid": 1338339,
            "rollup_kib": {
              "AnonHugePages": 18432,
              "Anonymous": 4683396,
              "FilePmdMapped": 0,
              "KSM": 0,
              "LazyFree": 0,
              "Locked": 0,
              "Private_Clean": 12,
              "Private_Dirty": 4683888,
              "Private_Hugetlb": 0,
              "Pss": 4684644,
              "Pss_Anon": 4683396,
              "Pss_Dirty": 4683888,
              "Pss_File": 1248,
              "Pss_Shmem": 0,
              "Referenced": 4688196,
              "Rss": 4688196,
              "Shared_Clean": 4296,
              "Shared_Dirty": 0,
              "Shared_Hugetlb": 0,
              "ShmemPmdMapped": 0,
              "Swap": 0,
              "SwapPss": 0
            },
            "start_ticks": 204602056
          }
        ],
        "reason": "rss_growth",
        "tree_rss_kib": 4770940
      },
      {
        "elapsed_s": 10.4019,
        "processes": [
          {
            "pid": 1338229,
            "rollup_kib": {
              "AnonHugePages": 0,
              "Anonymous": 63960,
              "FilePmdMapped": 0,
              "KSM": 0,
              "LazyFree": 0,
              "Locked": 0,
              "Private_Clean": 168,
              "Private_Dirty": 63960,
              "Private_Hugetlb": 0,
              "Pss": 67189,
              "Pss_Anon": 63960,
              "Pss_Dirty": 63960,
              "Pss_File": 3229,
              "Pss_Shmem": 0,
              "Referenced": 77680,
              "Rss": 77680,
              "Shared_Clean": 13552,
              "Shared_Dirty": 0,
              "Shared_Hugetlb": 0,
              "ShmemPmdMapped": 0,
              "Swap": 0,
              "SwapPss": 0
            },
            "start_ticks": 204602013
          },
          {
            "pid": 1338338,
            "rollup_kib": {
              "AnonHugePages": 0,
              "Anonymous": 1248,
              "FilePmdMapped": 0,
              "KSM": 0,
              "LazyFree": 0,
              "Locked": 0,
              "Private_Clean": 288,
              "Private_Dirty": 1248,
              "Private_Hugetlb": 0,
              "Pss": 3318,
              "Pss_Anon": 1248,
              "Pss_Dirty": 1248,
              "Pss_File": 2070,
              "Pss_Shmem": 0,
              "Referenced": 7600,
              "Rss": 7600,
              "Shared_Clean": 6064,
              "Shared_Dirty": 0,
              "Shared_Hugetlb": 0,
              "ShmemPmdMapped": 0,
              "Swap": 0,
              "SwapPss": 0
            },
            "start_ticks": 204602056
          },
          {
            "pid": 1338339,
            "rollup_kib": {
              "AnonHugePages": 18432,
              "Anonymous": 5013852,
              "FilePmdMapped": 0,
              "KSM": 0,
              "LazyFree": 0,
              "Locked": 0,
              "Private_Clean": 12,
              "Private_Dirty": 5014472,
              "Private_Hugetlb": 0,
              "Pss": 5015228,
              "Pss_Anon": 5013852,
              "Pss_Dirty": 5014472,
              "Pss_File": 1376,
              "Pss_Shmem": 0,
              "Referenced": 5018780,
              "Rss": 5018780,
              "Shared_Clean": 4296,
              "Shared_Dirty": 0,
              "Shared_Hugetlb": 0,
              "ShmemPmdMapped": 0,
              "Swap": 0,
              "SwapPss": 0
            },
            "start_ticks": 204602056
          }
        ],
        "reason": "rss_growth",
        "tree_rss_kib": 5103876
      },
      {
        "elapsed_s": 13.4948,
        "processes": [
          {
            "pid": 1338229,
            "rollup_kib": {
              "AnonHugePages": 0,
              "Anonymous": 63960,
              "FilePmdMapped": 0,
              "KSM": 0,
              "LazyFree": 0,
              "Locked": 0,
              "Private_Clean": 168,
              "Private_Dirty": 63960,
              "Private_Hugetlb": 0,
              "Pss": 67189,
              "Pss_Anon": 63960,
              "Pss_Dirty": 63960,
              "Pss_File": 3229,
              "Pss_Shmem": 0,
              "Referenced": 77680,
              "Rss": 77680,
              "Shared_Clean": 13552,
              "Shared_Dirty": 0,
              "Shared_Hugetlb": 0,
              "ShmemPmdMapped": 0,
              "Swap": 0,
              "SwapPss": 0
            },
            "start_ticks": 204602013
          },
          {
            "pid": 1338338,
            "rollup_kib": {
              "AnonHugePages": 0,
              "Anonymous": 1248,
              "FilePmdMapped": 0,
              "KSM": 0,
              "LazyFree": 0,
              "Locked": 0,
              "Private_Clean": 288,
              "Private_Dirty": 1248,
              "Private_Hugetlb": 0,
              "Pss": 3318,
              "Pss_Anon": 1248,
              "Pss_Dirty": 1248,
              "Pss_File": 2070,
              "Pss_Shmem": 0,
              "Referenced": 7600,
              "Rss": 7600,
              "Shared_Clean": 6064,
              "Shared_Dirty": 0,
              "Shared_Hugetlb": 0,
              "ShmemPmdMapped": 0,
              "Swap": 0,
              "SwapPss": 0
            },
            "start_ticks": 204602056
          },
          {
            "pid": 1338339,
            "rollup_kib": {
              "AnonHugePages": 18432,
              "Anonymous": 5292084,
              "FilePmdMapped": 0,
              "KSM": 0,
              "LazyFree": 0,
              "Locked": 0,
              "Private_Clean": 64,
              "Private_Dirty": 5293028,
              "Private_Hugetlb": 0,
              "Pss": 5293837,
              "Pss_Anon": 5292084,
              "Pss_Dirty": 5293028,
              "Pss_File": 1753,
              "Pss_Shmem": 0,
              "Referenced": 5297388,
              "Rss": 5297388,
              "Shared_Clean": 4296,
              "Shared_Dirty": 0,
              "Shared_Hugetlb": 0,
              "ShmemPmdMapped": 0,
              "Swap": 0,
              "SwapPss": 0
            },
            "start_ticks": 204602056
          }
        ],
        "reason": "rss_growth",
        "tree_rss_kib": 5382276
      },
      {
        "elapsed_s": 24.6457,
        "processes": [
          {
            "pid": 1338229,
            "rollup_kib": {
              "AnonHugePages": 0,
              "Anonymous": 63960,
              "FilePmdMapped": 0,
              "KSM": 0,
              "LazyFree": 0,
              "Locked": 0,
              "Private_Clean": 168,
              "Private_Dirty": 63960,
              "Private_Hugetlb": 0,
              "Pss": 67188,
              "Pss_Anon": 63960,
              "Pss_Dirty": 63960,
              "Pss_File": 3228,
              "Pss_Shmem": 0,
              "Referenced": 77680,
              "Rss": 77680,
              "Shared_Clean": 13552,
              "Shared_Dirty": 0,
              "Shared_Hugetlb": 0,
              "ShmemPmdMapped": 0,
              "Swap": 0,
              "SwapPss": 0
            },
            "start_ticks": 204602013
          },
          {
            "pid": 1338338,
            "rollup_kib": {
              "AnonHugePages": 0,
              "Anonymous": 1248,
              "FilePmdMapped": 0,
              "KSM": 0,
              "LazyFree": 0,
              "Locked": 0,
              "Private_Clean": 3620,
              "Private_Dirty": 1248,
              "Private_Hugetlb": 0,
              "Pss": 4995,
              "Pss_Anon": 1248,
              "Pss_Dirty": 1248,
              "Pss_File": 3747,
              "Pss_Shmem": 0,
              "Referenced": 7600,
              "Rss": 7600,
              "Shared_Clean": 2732,
              "Shared_Dirty": 0,
              "Shared_Hugetlb": 0,
              "ShmemPmdMapped": 0,
              "Swap": 0,
              "SwapPss": 0
            },
            "start_ticks": 204602056
          },
          {
            "pid": 1338339,
            "rollup_kib": {
              "AnonHugePages": 18432,
              "Anonymous": 5554872,
              "FilePmdMapped": 0,
              "KSM": 0,
              "LazyFree": 0,
              "Locked": 0,
              "Private_Clean": 68,
              "Private_Dirty": 5557212,
              "Private_Hugetlb": 0,
              "Pss": 5558024,
              "Pss_Anon": 5554872,
              "Pss_Dirty": 5557212,
              "Pss_File": 3152,
              "Pss_Shmem": 0,
              "Referenced": 5561576,
              "Rss": 5561576,
              "Shared_Clean": 4296,
              "Shared_Dirty": 0,
              "Shared_Hugetlb": 0,
              "ShmemPmdMapped": 0,
              "Swap": 0,
              "SwapPss": 0
            },
            "start_ticks": 204602056
          }
        ],
        "reason": "rss_growth",
        "tree_rss_kib": 5646824
      },
      {
        "elapsed_s": 37.3656,
        "processes": [
          {
            "pid": 1338229,
            "rollup_kib": {
              "AnonHugePages": 0,
              "Anonymous": 64432,
              "FilePmdMapped": 0,
              "KSM": 0,
              "LazyFree": 0,
              "Locked": 0,
              "Private_Clean": 164,
              "Private_Dirty": 64432,
              "Private_Hugetlb": 0,
              "Pss": 67677,
              "Pss_Anon": 64432,
              "Pss_Dirty": 64432,
              "Pss_File": 3245,
              "Pss_Shmem": 0,
              "Referenced": 78216,
              "Rss": 78216,
              "Shared_Clean": 13620,
              "Shared_Dirty": 0,
              "Shared_Hugetlb": 0,
              "ShmemPmdMapped": 0,
              "Swap": 0,
              "SwapPss": 0
            },
            "start_ticks": 204602013
          },
          {
            "pid": 1344858,
            "rollup_kib": {
              "AnonHugePages": 0,
              "Anonymous": 1248,
              "FilePmdMapped": 0,
              "KSM": 0,
              "LazyFree": 0,
              "Locked": 0,
              "Private_Clean": 364,
              "Private_Dirty": 1248,
              "Private_Hugetlb": 0,
              "Pss": 3404,
              "Pss_Anon": 1248,
              "Pss_Dirty": 1248,
              "Pss_File": 2156,
              "Pss_Shmem": 0,
              "Referenced": 7688,
              "Rss": 7688,
              "Shared_Clean": 6076,
              "Shared_Dirty": 0,
              "Shared_Hugetlb": 0,
              "ShmemPmdMapped": 0,
              "Swap": 0,
              "SwapPss": 0
            },
            "start_ticks": 204605725
          },
          {
            "pid": 1344859,
            "rollup_kib": {
              "AnonHugePages": 0,
              "Anonymous": 1155636,
              "FilePmdMapped": 0,
              "KSM": 0,
              "LazyFree": 0,
              "Locked": 0,
              "Private_Clean": 356,
              "Private_Dirty": 1155636,
              "Private_Hugetlb": 0,
              "Pss": 1156696,
              "Pss_Anon": 1155636,
              "Pss_Dirty": 1155636,
              "Pss_File": 1060,
              "Pss_Shmem": 0,
              "Referenced": 1159920,
              "Rss": 1159920,
              "Shared_Clean": 3928,
              "Shared_Dirty": 0,
              "Shared_Hugetlb": 0,
              "ShmemPmdMapped": 0,
              "Swap": 0,
              "SwapPss": 0
            },
            "start_ticks": 204605725
          }
        ],
        "reason": "phase_marker",
        "tree_rss_kib": 1245824
      },
      {
        "elapsed_s": 73.5529,
        "processes": [
          {
            "pid": 1338229,
            "rollup_kib": {
              "AnonHugePages": 0,
              "Anonymous": 64432,
              "FilePmdMapped": 0,
              "KSM": 0,
              "LazyFree": 0,
              "Locked": 0,
              "Private_Clean": 152,
              "Private_Dirty": 64432,
              "Private_Hugetlb": 0,
              "Pss": 67674,
              "Pss_Anon": 64432,
              "Pss_Dirty": 64432,
              "Pss_File": 3242,
              "Pss_Shmem": 0,
              "Referenced": 78216,
              "Rss": 78216,
              "Shared_Clean": 13632,
              "Shared_Dirty": 0,
              "Shared_Hugetlb": 0,
              "ShmemPmdMapped": 0,
              "Swap": 0,
              "SwapPss": 0
            },
            "start_ticks": 204602013
          },
          {
            "pid": 1351376,
            "rollup_kib": {
              "AnonHugePages": 0,
              "Anonymous": 1248,
              "FilePmdMapped": 0,
              "KSM": 0,
              "LazyFree": 0,
              "Locked": 0,
              "Private_Clean": 520,
              "Private_Dirty": 1248,
              "Private_Hugetlb": 0,
              "Pss": 3459,
              "Pss_Anon": 1248,
              "Pss_Dirty": 1248,
              "Pss_File": 2211,
              "Pss_Shmem": 0,
              "Referenced": 7624,
              "Rss": 7624,
              "Shared_Clean": 5856,
              "Shared_Dirty": 0,
              "Shared_Hugetlb": 0,
              "ShmemPmdMapped": 0,
              "Swap": 0,
              "SwapPss": 0
            },
            "start_ticks": 204609324
          },
          {
            "pid": 1351378,
            "rollup_kib": {
              "AnonHugePages": 16384,
              "Anonymous": 1205688,
              "FilePmdMapped": 0,
              "KSM": 0,
              "LazyFree": 0,
              "Locked": 0,
              "Private_Clean": 396,
              "Private_Dirty": 1205688,
              "Private_Hugetlb": 0,
              "Pss": 1206792,
              "Pss_Anon": 1205688,
              "Pss_Dirty": 1205688,
              "Pss_File": 1104,
              "Pss_Shmem": 0,
              "Referenced": 1210104,
              "Rss": 1210104,
              "Shared_Clean": 4020,
              "Shared_Dirty": 0,
              "Shared_Hugetlb": 0,
              "ShmemPmdMapped": 0,
              "Swap": 0,
              "SwapPss": 0
            },
            "start_ticks": 204609324
          }
        ],
        "reason": "phase_marker",
        "tree_rss_kib": 1295944
      },
      {
        "elapsed_s": 109.2387,
        "processes": [
          {
            "pid": 1338229,
            "rollup_kib": {
              "AnonHugePages": 0,
              "Anonymous": 64692,
              "FilePmdMapped": 0,
              "KSM": 0,
              "LazyFree": 0,
              "Locked": 0,
              "Private_Clean": 168,
              "Private_Dirty": 64692,
              "Private_Hugetlb": 0,
              "Pss": 67998,
              "Pss_Anon": 64692,
              "Pss_Dirty": 64692,
              "Pss_File": 3306,
              "Pss_Shmem": 0,
              "Referenced": 78540,
              "Rss": 78540,
              "Shared_Clean": 13680,
              "Shared_Dirty": 0,
              "Shared_Hugetlb": 0,
              "ShmemPmdMapped": 0,
              "Swap": 0,
              "SwapPss": 0
            },
            "start_ticks": 204602013
          }
        ],
        "reason": "phase_marker",
        "tree_rss_kib": 78540
      },
      {
        "elapsed_s": 109.7419,
        "processes": [
          {
            "pid": 1338229,
            "rollup_kib": {
              "AnonHugePages": 0,
              "Anonymous": 64692,
              "FilePmdMapped": 0,
              "KSM": 0,
              "LazyFree": 0,
              "Locked": 0,
              "Private_Clean": 168,
              "Private_Dirty": 64692,
              "Private_Hugetlb": 0,
              "Pss": 67973,
              "Pss_Anon": 64692,
              "Pss_Dirty": 64692,
              "Pss_File": 3281,
              "Pss_Shmem": 0,
              "Referenced": 78540,
              "Rss": 78540,
              "Shared_Clean": 13680,
              "Shared_Dirty": 0,
              "Shared_Hugetlb": 0,
              "ShmemPmdMapped": 0,
              "Swap": 0,
              "SwapPss": 0
            },
            "start_ticks": 204602013
          },
          {
            "pid": 1357829,
            "rollup_kib": {
              "AnonHugePages": 0,
              "Anonymous": 1244,
              "FilePmdMapped": 0,
              "KSM": 0,
              "LazyFree": 0,
              "Locked": 0,
              "Private_Clean": 112,
              "Private_Dirty": 1244,
              "Private_Hugetlb": 0,
              "Pss": 3227,
              "Pss_Anon": 1244,
              "Pss_Dirty": 1244,
              "Pss_File": 1983,
              "Pss_Shmem": 0,
              "Referenced": 7612,
              "Rss": 7612,
              "Shared_Clean": 6256,
              "Shared_Dirty": 0,
              "Shared_Hugetlb": 0,
              "ShmemPmdMapped": 0,
              "Swap": 0,
              "SwapPss": 0
            },
            "start_ticks": 204612953
          },
          {
            "pid": 1357831,
            "rollup_kib": {
              "AnonHugePages": 0,
              "Anonymous": 1175880,
              "FilePmdMapped": 0,
              "KSM": 0,
              "LazyFree": 0,
              "Locked": 0,
              "Private_Clean": 344,
              "Private_Dirty": 1175880,
              "Private_Hugetlb": 0,
              "Pss": 1176954,
              "Pss_Anon": 1175880,
              "Pss_Dirty": 1175880,
              "Pss_File": 1074,
              "Pss_Shmem": 0,
              "Referenced": 1180328,
              "Rss": 1180328,
              "Shared_Clean": 4104,
              "Shared_Dirty": 0,
              "Shared_Hugetlb": 0,
              "ShmemPmdMapped": 0,
              "Swap": 0,
              "SwapPss": 0
            },
            "start_ticks": 204612954
          }
        ],
        "reason": "phase_marker",
        "tree_rss_kib": 1266480
      },
      {
        "elapsed_s": 146.4828,
        "processes": [
          {
            "pid": 1338229,
            "rollup_kib": {
              "AnonHugePages": 0,
              "Anonymous": 64692,
              "FilePmdMapped": 0,
              "KSM": 0,
              "LazyFree": 0,
              "Locked": 0,
              "Private_Clean": 164,
              "Private_Dirty": 64692,
              "Private_Hugetlb": 0,
              "Pss": 67974,
              "Pss_Anon": 64692,
              "Pss_Dirty": 64692,
              "Pss_File": 3282,
              "Pss_Shmem": 0,
              "Referenced": 78540,
              "Rss": 78540,
              "Shared_Clean": 13684,
              "Shared_Dirty": 0,
              "Shared_Hugetlb": 0,
              "ShmemPmdMapped": 0,
              "Swap": 0,
              "SwapPss": 0
            },
            "start_ticks": 204602013
          },
          {
            "pid": 1364544,
            "rollup_kib": {
              "AnonHugePages": 0,
              "Anonymous": 1248,
              "FilePmdMapped": 0,
              "KSM": 0,
              "LazyFree": 0,
              "Locked": 0,
              "Private_Clean": 3768,
              "Private_Dirty": 1248,
              "Private_Hugetlb": 0,
              "Pss": 5138,
              "Pss_Anon": 1248,
              "Pss_Dirty": 1248,
              "Pss_File": 3890,
              "Pss_Shmem": 0,
              "Referenced": 7724,
              "Rss": 7724,
              "Shared_Clean": 2708,
              "Shared_Dirty": 0,
              "Shared_Hugetlb": 0,
              "ShmemPmdMapped": 0,
              "Swap": 0,
              "SwapPss": 0
            },
            "start_ticks": 204616630
          },
          {
            "pid": 1364545,
            "rollup_kib": {
              "AnonHugePages": 0,
              "Anonymous": 1159132,
              "FilePmdMapped": 0,
              "KSM": 0,
              "LazyFree": 0,
              "Locked": 0,
              "Private_Clean": 380,
              "Private_Dirty": 1159132,
              "Private_Hugetlb": 0,
              "Pss": 1160214,
              "Pss_Anon": 1159132,
              "Pss_Dirty": 1159132,
              "Pss_File": 1082,
              "Pss_Shmem": 0,
              "Referenced": 1163432,
              "Rss": 1163432,
              "Shared_Clean": 3920,
              "Shared_Dirty": 0,
              "Shared_Hugetlb": 0,
              "ShmemPmdMapped": 0,
              "Swap": 0,
              "SwapPss": 0
            },
            "start_ticks": 204616630
          }
        ],
        "reason": "phase_marker",
        "tree_rss_kib": 1249696
      },
      {
        "elapsed_s": 182.6908,
        "processes": [
          {
            "pid": 1338229,
            "rollup_kib": {
              "AnonHugePages": 0,
              "Anonymous": 64692,
              "FilePmdMapped": 0,
              "KSM": 0,
              "LazyFree": 0,
              "Locked": 0,
              "Private_Clean": 168,
              "Private_Dirty": 64692,
              "Private_Hugetlb": 0,
              "Pss": 67998,
              "Pss_Anon": 64692,
              "Pss_Dirty": 64692,
              "Pss_File": 3306,
              "Pss_Shmem": 0,
              "Referenced": 78540,
              "Rss": 78540,
              "Shared_Clean": 13680,
              "Shared_Dirty": 0,
              "Shared_Hugetlb": 0,
              "ShmemPmdMapped": 0,
              "Swap": 0,
              "SwapPss": 0
            },
            "start_ticks": 204602013
          }
        ],
        "reason": "phase_marker",
        "tree_rss_kib": 78540
      },
      {
        "elapsed_s": 183.198,
        "processes": [
          {
            "pid": 1338229,
            "rollup_kib": {
              "AnonHugePages": 0,
              "Anonymous": 64692,
              "FilePmdMapped": 0,
              "KSM": 0,
              "LazyFree": 0,
              "Locked": 0,
              "Private_Clean": 168,
              "Private_Dirty": 64692,
              "Private_Hugetlb": 0,
              "Pss": 67977,
              "Pss_Anon": 64692,
              "Pss_Dirty": 64692,
              "Pss_File": 3285,
              "Pss_Shmem": 0,
              "Referenced": 78540,
              "Rss": 78540,
              "Shared_Clean": 13680,
              "Shared_Dirty": 0,
              "Shared_Hugetlb": 0,
              "ShmemPmdMapped": 0,
              "Swap": 0,
              "SwapPss": 0
            },
            "start_ticks": 204602013
          },
          {
            "pid": 1370965,
            "rollup_kib": {
              "AnonHugePages": 0,
              "Anonymous": 1252,
              "FilePmdMapped": 0,
              "KSM": 0,
              "LazyFree": 0,
              "Locked": 0,
              "Private_Clean": 336,
              "Private_Dirty": 1252,
              "Private_Hugetlb": 0,
              "Pss": 3397,
              "Pss_Anon": 1252,
              "Pss_Dirty": 1252,
              "Pss_File": 2145,
              "Pss_Shmem": 0,
              "Referenced": 7728,
              "Rss": 7728,
              "Shared_Clean": 6140,
              "Shared_Dirty": 0,
              "Shared_Hugetlb": 0,
              "ShmemPmdMapped": 0,
              "Swap": 0,
              "SwapPss": 0
            },
            "start_ticks": 204620293
          },
          {
            "pid": 1370966,
            "rollup_kib": {
              "AnonHugePages": 0,
              "Anonymous": 1192268,
              "FilePmdMapped": 0,
              "KSM": 0,
              "LazyFree": 0,
              "Locked": 0,
              "Private_Clean": 388,
              "Private_Dirty": 1192268,
              "Private_Hugetlb": 0,
              "Pss": 1193352,
              "Pss_Anon": 1192268,
              "Pss_Dirty": 1192268,
              "Pss_File": 1084,
              "Pss_Shmem": 0,
              "Referenced": 1196700,
              "Rss": 1196700,
              "Shared_Clean": 4044,
              "Shared_Dirty": 0,
              "Shared_Hugetlb": 0,
              "ShmemPmdMapped": 0,
              "Swap": 0,
              "SwapPss": 0
            },
            "start_ticks": 204620293
          }
        ],
        "reason": "phase_marker",
        "tree_rss_kib": 1282968
      },
      {
        "elapsed_s": 219.4568,
        "processes": [
          {
            "pid": 1338229,
            "rollup_kib": {
              "AnonHugePages": 0,
              "Anonymous": 64692,
              "FilePmdMapped": 0,
              "KSM": 0,
              "LazyFree": 0,
              "Locked": 0,
              "Private_Clean": 168,
              "Private_Dirty": 64692,
              "Private_Hugetlb": 0,
              "Pss": 67998,
              "Pss_Anon": 64692,
              "Pss_Dirty": 64692,
              "Pss_File": 3306,
              "Pss_Shmem": 0,
              "Referenced": 78540,
              "Rss": 78540,
              "Shared_Clean": 13680,
              "Shared_Dirty": 0,
              "Shared_Hugetlb": 0,
              "ShmemPmdMapped": 0,
              "Swap": 0,
              "SwapPss": 0
            },
            "start_ticks": 204602013
          }
        ],
        "reason": "phase_marker",
        "tree_rss_kib": 78540
      },
      {
        "elapsed_s": 221.9729,
        "processes": [
          {
            "pid": 1338229,
            "rollup_kib": {
              "AnonHugePages": 0,
              "Anonymous": 63964,
              "FilePmdMapped": 0,
              "KSM": 0,
              "LazyFree": 0,
              "Locked": 0,
              "Private_Clean": 168,
              "Private_Dirty": 63964,
              "Private_Hugetlb": 0,
              "Pss": 67250,
              "Pss_Anon": 63964,
              "Pss_Dirty": 63964,
              "Pss_File": 3286,
              "Pss_Shmem": 0,
              "Referenced": 77812,
              "Rss": 77812,
              "Shared_Clean": 13680,
              "Shared_Dirty": 0,
              "Shared_Hugetlb": 0,
              "ShmemPmdMapped": 0,
              "Swap": 0,
              "SwapPss": 0
            },
            "start_ticks": 204602013
          },
          {
            "pid": 1377883,
            "rollup_kib": {
              "AnonHugePages": 0,
              "Anonymous": 1248,
              "FilePmdMapped": 0,
              "KSM": 0,
              "LazyFree": 0,
              "Locked": 0,
              "Private_Clean": 432,
              "Private_Dirty": 1248,
              "Private_Hugetlb": 0,
              "Pss": 3417,
              "Pss_Anon": 1248,
              "Pss_Dirty": 1248,
              "Pss_File": 2169,
              "Pss_Shmem": 0,
              "Referenced": 7640,
              "Rss": 7640,
              "Shared_Clean": 5960,
              "Shared_Dirty": 0,
              "Shared_Hugetlb": 0,
              "ShmemPmdMapped": 0,
              "Swap": 0,
              "SwapPss": 0
            },
            "start_ticks": 204624167
          },
          {
            "pid": 1377884,
            "rollup_kib": {
              "AnonHugePages": 16384,
              "Anonymous": 1202016,
              "FilePmdMapped": 0,
              "KSM": 0,
              "LazyFree": 0,
              "Locked": 0,
              "Private_Clean": 388,
              "Private_Dirty": 1202016,
              "Private_Hugetlb": 0,
              "Pss": 1203102,
              "Pss_Anon": 1202016,
              "Pss_Dirty": 1202016,
              "Pss_File": 1086,
              "Pss_Shmem": 0,
              "Referenced": 1206448,
              "Rss": 1206448,
              "Shared_Clean": 4044,
              "Shared_Dirty": 0,
              "Shared_Hugetlb": 0,
              "ShmemPmdMapped": 0,
              "Swap": 0,
              "SwapPss": 0
            },
            "start_ticks": 204624167
          }
        ],
        "reason": "phase_marker",
        "tree_rss_kib": 1276000
      },
      {
        "elapsed_s": 258.232,
        "processes": [
          {
            "pid": 1338229,
            "rollup_kib": {
              "AnonHugePages": 0,
              "Anonymous": 63964,
              "FilePmdMapped": 0,
              "KSM": 0,
              "LazyFree": 0,
              "Locked": 0,
              "Private_Clean": 168,
              "Private_Dirty": 63964,
              "Private_Hugetlb": 0,
              "Pss": 67270,
              "Pss_Anon": 63964,
              "Pss_Dirty": 63964,
              "Pss_File": 3306,
              "Pss_Shmem": 0,
              "Referenced": 77812,
              "Rss": 77812,
              "Shared_Clean": 13680,
              "Shared_Dirty": 0,
              "Shared_Hugetlb": 0,
              "ShmemPmdMapped": 0,
              "Swap": 0,
              "SwapPss": 0
            },
            "start_ticks": 204602013
          }
        ],
        "reason": "phase_marker",
        "tree_rss_kib": 77812
      },
      {
        "elapsed_s": 258.7385,
        "processes": [
          {
            "pid": 1338229,
            "rollup_kib": {
              "AnonHugePages": 0,
              "Anonymous": 64320,
              "FilePmdMapped": 0,
              "KSM": 0,
              "LazyFree": 0,
              "Locked": 0,
              "Private_Clean": 168,
              "Private_Dirty": 64320,
              "Private_Hugetlb": 0,
              "Pss": 67608,
              "Pss_Anon": 64320,
              "Pss_Dirty": 64320,
              "Pss_File": 3288,
              "Pss_Shmem": 0,
              "Referenced": 78168,
              "Rss": 78168,
              "Shared_Clean": 13680,
              "Shared_Dirty": 0,
              "Shared_Hugetlb": 0,
              "ShmemPmdMapped": 0,
              "Swap": 0,
              "SwapPss": 0
            },
            "start_ticks": 204602013
          },
          {
            "pid": 1384296,
            "rollup_kib": {
              "AnonHugePages": 0,
              "Anonymous": 1248,
              "FilePmdMapped": 0,
              "KSM": 0,
              "LazyFree": 0,
              "Locked": 0,
              "Private_Clean": 3764,
              "Private_Dirty": 1248,
              "Private_Hugetlb": 0,
              "Pss": 5130,
              "Pss_Anon": 1248,
              "Pss_Dirty": 1248,
              "Pss_File": 3882,
              "Pss_Shmem": 0,
              "Referenced": 7732,
              "Rss": 7732,
              "Shared_Clean": 2720,
              "Shared_Dirty": 0,
              "Shared_Hugetlb": 0,
              "ShmemPmdMapped": 0,
              "Swap": 0,
              "SwapPss": 0
            },
            "start_ticks": 204627842
          },
          {
            "pid": 1384297,
            "rollup_kib": {
              "AnonHugePages": 18432,
              "Anonymous": 1253588,
              "FilePmdMapped": 0,
              "KSM": 0,
              "LazyFree": 0,
              "Locked": 0,
              "Private_Clean": 424,
              "Private_Dirty": 1253588,
              "Private_Hugetlb": 0,
              "Pss": 1254692,
              "Pss_Anon": 1253588,
              "Pss_Dirty": 1253588,
              "Pss_File": 1104,
              "Pss_Shmem": 0,
              "Referenced": 1257868,
              "Rss": 1257868,
              "Shared_Clean": 3856,
              "Shared_Dirty": 0,
              "Shared_Hugetlb": 0,
              "ShmemPmdMapped": 0,
              "Swap": 0,
              "SwapPss": 0
            },
            "start_ticks": 204627842
          }
        ],
        "reason": "phase_marker",
        "tree_rss_kib": 1343768
      },
      {
        "elapsed_s": 294.997,
        "processes": [
          {
            "pid": 1338229,
            "rollup_kib": {
              "AnonHugePages": 0,
              "Anonymous": 64320,
              "FilePmdMapped": 0,
              "KSM": 0,
              "LazyFree": 0,
              "Locked": 0,
              "Private_Clean": 168,
              "Private_Dirty": 64320,
              "Private_Hugetlb": 0,
              "Pss": 67606,
              "Pss_Anon": 64320,
              "Pss_Dirty": 64320,
              "Pss_File": 3286,
              "Pss_Shmem": 0,
              "Referenced": 78168,
              "Rss": 78168,
              "Shared_Clean": 13680,
              "Shared_Dirty": 0,
              "Shared_Hugetlb": 0,
              "ShmemPmdMapped": 0,
              "Swap": 0,
              "SwapPss": 0
            },
            "start_ticks": 204602013
          },
          {
            "pid": 1390889,
            "rollup_kib": {
              "AnonHugePages": 0,
              "Anonymous": 1252,
              "FilePmdMapped": 0,
              "KSM": 0,
              "LazyFree": 0,
              "Locked": 0,
              "Private_Clean": 3764,
              "Private_Dirty": 1252,
              "Private_Hugetlb": 0,
              "Pss": 5141,
              "Pss_Anon": 1252,
              "Pss_Dirty": 1252,
              "Pss_File": 3889,
              "Pss_Shmem": 0,
              "Referenced": 7772,
              "Rss": 7772,
              "Shared_Clean": 2756,
              "Shared_Dirty": 0,
              "Shared_Hugetlb": 0,
              "ShmemPmdMapped": 0,
              "Swap": 0,
              "SwapPss": 0
            },
            "start_ticks": 204631504
          },
          {
            "pid": 1390890,
            "rollup_kib": {
              "AnonHugePages": 0,
              "Anonymous": 434388,
              "FilePmdMapped": 0,
              "KSM": 0,
              "LazyFree": 0,
              "Locked": 0,
              "Private_Clean": 316,
              "Private_Dirty": 434388,
              "Private_Hugetlb": 0,
              "Pss": 435401,
              "Pss_Anon": 434388,
              "Pss_Dirty": 434388,
              "Pss_File": 1013,
              "Pss_Shmem": 0,
              "Referenced": 438744,
              "Rss": 438744,
              "Shared_Clean": 4040,
              "Shared_Dirty": 0,
              "Shared_Hugetlb": 0,
              "ShmemPmdMapped": 0,
              "Swap": 0,
              "SwapPss": 0
            },
            "start_ticks": 204631504
          }
        ],
        "reason": "phase_marker",
        "tree_rss_kib": 524684
      },
      {
        "elapsed_s": 331.7514,
        "processes": [
          {
            "pid": 1338229,
            "rollup_kib": {
              "AnonHugePages": 0,
              "Anonymous": 66536,
              "FilePmdMapped": 0,
              "KSM": 0,
              "LazyFree": 0,
              "Locked": 0,
              "Private_Clean": 168,
              "Private_Dirty": 66536,
              "Private_Hugetlb": 0,
              "Pss": 69842,
              "Pss_Anon": 66536,
              "Pss_Dirty": 66536,
              "Pss_File": 3306,
              "Pss_Shmem": 0,
              "Referenced": 80384,
              "Rss": 80384,
              "Shared_Clean": 13680,
              "Shared_Dirty": 0,
              "Shared_Hugetlb": 0,
              "ShmemPmdMapped": 0,
              "Swap": 0,
              "SwapPss": 0
            },
            "start_ticks": 204602013
          }
        ],
        "reason": "phase_marker",
        "tree_rss_kib": 80384
      },
      {
        "elapsed_s": 333.7648,
        "processes": [
          {
            "pid": 1338229,
            "rollup_kib": {
              "AnonHugePages": 0,
              "Anonymous": 63960,
              "FilePmdMapped": 0,
              "KSM": 0,
              "LazyFree": 0,
              "Locked": 0,
              "Private_Clean": 168,
              "Private_Dirty": 63960,
              "Private_Hugetlb": 0,
              "Pss": 67246,
              "Pss_Anon": 63960,
              "Pss_Dirty": 63960,
              "Pss_File": 3286,
              "Pss_Shmem": 0,
              "Referenced": 77808,
              "Rss": 77808,
              "Shared_Clean": 13680,
              "Shared_Dirty": 0,
              "Shared_Hugetlb": 0,
              "ShmemPmdMapped": 0,
              "Swap": 0,
              "SwapPss": 0
            },
            "start_ticks": 204602013
          },
          {
            "pid": 1397646,
            "rollup_kib": {
              "AnonHugePages": 0,
              "Anonymous": 1244,
              "FilePmdMapped": 0,
              "KSM": 0,
              "LazyFree": 0,
              "Locked": 0,
              "Private_Clean": 116,
              "Private_Dirty": 1244,
              "Private_Hugetlb": 0,
              "Pss": 3220,
              "Pss_Anon": 1244,
              "Pss_Dirty": 1244,
              "Pss_File": 1976,
              "Pss_Shmem": 0,
              "Referenced": 7592,
              "Rss": 7592,
              "Shared_Clean": 6232,
              "Shared_Dirty": 0,
              "Shared_Hugetlb": 0,
              "ShmemPmdMapped": 0,
              "Swap": 0,
              "SwapPss": 0
            },
            "start_ticks": 204635373
          },
          {
            "pid": 1397647,
            "rollup_kib": {
              "AnonHugePages": 0,
              "Anonymous": 907532,
              "FilePmdMapped": 0,
              "KSM": 0,
              "LazyFree": 0,
              "Locked": 0,
              "Private_Clean": 356,
              "Private_Dirty": 907532,
              "Private_Hugetlb": 0,
              "Pss": 908588,
              "Pss_Anon": 907532,
              "Pss_Dirty": 907532,
              "Pss_File": 1056,
              "Pss_Shmem": 0,
              "Referenced": 911932,
              "Rss": 911932,
              "Shared_Clean": 4044,
              "Shared_Dirty": 0,
              "Shared_Hugetlb": 0,
              "ShmemPmdMapped": 0,
              "Swap": 0,
              "SwapPss": 0
            },
            "start_ticks": 204635373
          }
        ],
        "reason": "phase_marker",
        "tree_rss_kib": 983520
      },
      {
        "elapsed_s": 370.5248,
        "processes": [
          {
            "pid": 1338229,
            "rollup_kib": {
              "AnonHugePages": 0,
              "Anonymous": 64316,
              "FilePmdMapped": 0,
              "KSM": 0,
              "LazyFree": 0,
              "Locked": 0,
              "Private_Clean": 164,
              "Private_Dirty": 64316,
              "Private_Hugetlb": 0,
              "Pss": 67597,
              "Pss_Anon": 64316,
              "Pss_Dirty": 64316,
              "Pss_File": 3281,
              "Pss_Shmem": 0,
              "Referenced": 78164,
              "Rss": 78164,
              "Shared_Clean": 13684,
              "Shared_Dirty": 0,
              "Shared_Hugetlb": 0,
              "ShmemPmdMapped": 0,
              "Swap": 0,
              "SwapPss": 0
            },
            "start_ticks": 204602013
          },
          {
            "pid": 1404222,
            "rollup_kib": {
              "AnonHugePages": 0,
              "Anonymous": 1244,
              "FilePmdMapped": 0,
              "KSM": 0,
              "LazyFree": 0,
              "Locked": 0,
              "Private_Clean": 108,
              "Private_Dirty": 1244,
              "Private_Hugetlb": 0,
              "Pss": 3336,
              "Pss_Anon": 1244,
              "Pss_Dirty": 1244,
              "Pss_File": 2092,
              "Pss_Shmem": 0,
              "Referenced": 7808,
              "Rss": 7808,
              "Shared_Clean": 6456,
              "Shared_Dirty": 0,
              "Shared_Hugetlb": 0,
              "ShmemPmdMapped": 0,
              "Swap": 0,
              "SwapPss": 0
            },
            "start_ticks": 204639047
          },
          {
            "pid": 1404223,
            "rollup_kib": {
              "AnonHugePages": 0,
              "Anonymous": 1047768,
              "FilePmdMapped": 0,
              "KSM": 0,
              "LazyFree": 0,
              "Locked": 0,
              "Private_Clean": 348,
              "Private_Dirty": 1047768,
              "Private_Hugetlb": 0,
              "Pss": 1048806,
              "Pss_Anon": 1047768,
              "Pss_Dirty": 1047768,
              "Pss_File": 1038,
              "Pss_Shmem": 0,
              "Referenced": 1051996,
              "Rss": 1051996,
              "Shared_Clean": 3880,
              "Shared_Dirty": 0,
              "Shared_Hugetlb": 0,
              "ShmemPmdMapped": 0,
              "Swap": 0,
              "SwapPss": 0
            },
            "start_ticks": 204639047
          }
        ],
        "reason": "phase_marker",
        "tree_rss_kib": 1119864
      },
      {
        "elapsed_s": 407.2929,
        "processes": [
          {
            "pid": 1338229,
            "rollup_kib": {
              "AnonHugePages": 0,
              "Anonymous": 64316,
              "FilePmdMapped": 0,
              "KSM": 0,
              "LazyFree": 0,
              "Locked": 0,
              "Private_Clean": 168,
              "Private_Dirty": 64316,
              "Private_Hugetlb": 0,
              "Pss": 67601,
              "Pss_Anon": 64316,
              "Pss_Dirty": 64316,
              "Pss_File": 3285,
              "Pss_Shmem": 0,
              "Referenced": 78164,
              "Rss": 78164,
              "Shared_Clean": 13680,
              "Shared_Dirty": 0,
              "Shared_Hugetlb": 0,
              "ShmemPmdMapped": 0,
              "Swap": 0,
              "SwapPss": 0
            },
            "start_ticks": 204602013
          },
          {
            "pid": 1410715,
            "rollup_kib": {
              "AnonHugePages": 0,
              "Anonymous": 1248,
              "FilePmdMapped": 0,
              "KSM": 0,
              "LazyFree": 0,
              "Locked": 0,
              "Private_Clean": 484,
              "Private_Dirty": 1248,
              "Private_Hugetlb": 0,
              "Pss": 3414,
              "Pss_Anon": 1248,
              "Pss_Dirty": 1248,
              "Pss_File": 2166,
              "Pss_Shmem": 0,
              "Referenced": 7624,
              "Rss": 7624,
              "Shared_Clean": 5892,
              "Shared_Dirty": 0,
              "Shared_Hugetlb": 0,
              "ShmemPmdMapped": 0,
              "Swap": 0,
              "SwapPss": 0
            },
            "start_ticks": 204642710
          },
          {
            "pid": 1410716,
            "rollup_kib": {
              "AnonHugePages": 0,
              "Anonymous": 1163300,
              "FilePmdMapped": 0,
              "KSM": 0,
              "LazyFree": 0,
              "Locked": 0,
              "Private_Clean": 400,
              "Private_Dirty": 1163300,
              "Private_Hugetlb": 0,
              "Pss": 1164400,
              "Pss_Anon": 1163300,
              "Pss_Dirty": 1163300,
              "Pss_File": 1100,
              "Pss_Shmem": 0,
              "Referenced": 1167744,
              "Rss": 1167744,
              "Shared_Clean": 4044,
              "Shared_Dirty": 0,
              "Shared_Hugetlb": 0,
              "ShmemPmdMapped": 0,
              "Swap": 0,
              "SwapPss": 0
            },
            "start_ticks": 204642710
          }
        ],
        "reason": "phase_marker",
        "tree_rss_kib": 1249684
      },
      {
        "elapsed_s": 444.0705,
        "processes": [
          {
            "pid": 1338229,
            "rollup_kib": {
              "AnonHugePages": 0,
              "Anonymous": 66536,
              "FilePmdMapped": 0,
              "KSM": 0,
              "LazyFree": 0,
              "Locked": 0,
              "Private_Clean": 168,
              "Private_Dirty": 66536,
              "Private_Hugetlb": 0,
              "Pss": 69842,
              "Pss_Anon": 66536,
              "Pss_Dirty": 66536,
              "Pss_File": 3306,
              "Pss_Shmem": 0,
              "Referenced": 80384,
              "Rss": 80384,
              "Shared_Clean": 13680,
              "Shared_Dirty": 0,
              "Shared_Hugetlb": 0,
              "ShmemPmdMapped": 0,
              "Swap": 0,
              "SwapPss": 0
            },
            "start_ticks": 204602013
          }
        ],
        "reason": "phase_marker",
        "tree_rss_kib": 80384
      },
      {
        "elapsed_s": 452.6176,
        "processes": [],
        "reason": "terminal",
        "tree_rss_kib": 0
      }
    ],
    "status": "complete",
    "temporary_disk_limit_bytes": 32000000000,
    "wall_time_limit_seconds": null
  }
}
