0.00 0
0.01 52
0.02 85
0.03 123
0.04 146
0.05 180
0.06 209
0.07 227
0.08 251
0.09 276
0.10 292
0.11 306
0.12 320
0.13 339
0.14 359
0.15 383
0.16 401
0.17 425
0.18 440
0.19 463
0.20 485
0.21 512
0.22 537
0.23 555
0.24 576
0.25 601
0.26 626
0.27 649
0.28 673
0.29 691
0.30 716
0.31 742
0.32 763
0.33 785
0.34 807
0.35 825
0.36 844
0.37 862
0.38 882
0.39 901
0.40 915
0.41 932
0.42 954
0.43 976
0.44 989
0.45 999
0.46 1015
0.47 1029
0.48 1046
0.50 1061
0.51 1076
0.52 1095
0.53 1110
0.54 1128
0.55 1147
0.56 1163
0.57 1186
0.58 1207
0.59 1230
0.60 1251
0.61 1267
0.62 1291
0.63 1312
0.64 1335
0.65 1348
0.66 1367
0.67 1383
0.68 1404
0.69 1425
0.70 1444
0.71 1466
0.72 1488
0.73 1513
0.74 1538
0.75 1559
0.76 1578
0.77 1601
0.78 1618
0.79 1641
0.80 1663
0.81 1684
0.82 1702
0.83 1728
0.84 1749
0.85 1768
0.86 1789
0.87 1810
0.88 1828
0.89 1855
0.90 1870
0.91 1895
0.92 1908
0.93 1928
0.94 1948
0.95 1967
0.96 1979
0.97 2003
0.98 2021
0.99 2035
1.00 2056
1.01 2080
1.02 2100
1.03 2118
1.04 2138
1.05 2157
1.06 2177
1.07 2198
1.08 2220
1.09 2244
1.10 2265
1.11 2283
1.12 2301
1.13 2323
1.14 2337
1.15 2359
1.16 2378
1.17 2392
1.18 2412
1.19 2428
1.20 2452
1.21 2476
1.22 2496
1.23 2517
1.24 2532
1.25 2548
1.26 2563
1.27 2585
1.28 2607
1.29 2631
1.30 2648
1.31 2668
1.32 2697
1.33 2726
1.34 2748
1.35 2766
1.36 2784
1.37 2805
1.38 2830
1.39 2847
1.40 2870
1.41 2891
1.42 2905
1.43 2926
1.44 2935
1.45 2955
1.46 2968
1.47 2985
1.49 3011
1.50 3035
1.51 3062
1.52 3088
1.53 3109
1.54 3129
1.55 3152
1.56 3175
1.57 3190
1.58 3207
1.59 3232
1.60 3253
1.61 3275
1.62 3293
1.63 3310
1.64 3326
1.65 3340
1.66 3345
1.67 3353
1.68 3376
1.69 3395
1.70 3415
1.71 3438
1.72 3464
1.73 3484
1.74 3499
1.75 3515
1.76 3527
1.77 3547
1.78 3561
1.79 3585
1.80 3602
1.81 3621
1.82 3636
1.83 3653
1.84 3671
1.85 3690
1.86 3705
1.87 3723
1.88 3737
1.89 3765
1.90 3786
1.91 3808
1.92 3822
1.93 3845
1.94 3855
1.95 3865
1.96 3881
1.97 3888
1.98 3899
1.99 3918
2.00 3930
2.01 3946
2.02 3963
2.03 3984
2.04 4005
2.05 4024
2.06 4045
2.07 4069
2.08 4088
2.09 4109
2.10 4129
2.11 4148
2.12 4170
2.13 4183
2.14 4202
2.15 4221
2.16 4239
2.17 4265
2.18 4281
2.19 4299
2.20 4321
2.21 4330
2.22 4341
2.23 4350
2.24 4362
2.25 4371
2.26 4404
2.27 4406
2.28 4424
2.29 4444
2.30 4469
2.31 4490
2.32 4511
2.33 4533
2.34 4555
2.35 4570
2.36 4593
2.37 4615
2.38 4634
2.39 4653
2.40 4667
2.41 4682
2.42 4695
2.43 4712
2.44 4724
2.45 4735
2.47 4742
2.48 4748
2.49 4760
2.50 4772
2.51 4789
2.52 4800
2.53 4809
2.54 4824
2.55 4837
2.56 4841
2.57 4842
2.58 4851
2.59 4858
2.60 4868
2.61 4873
2.62 4883
2.63 4891
2.64 4909
2.65 4916
2.66 4932
2.67 4951
2.68 4967
2.69 4985
2.70 5004
2.71 5020
2.72 5029
2.73 5048
2.74 5065
2.75 5082
2.76 5096
2.77 5116
2.78 5132
2.79 5151
2.80 5170
2.81 5187
2.82 5214
2.83 5232
2.84 5255
2.85 5267
2.86 5288
2.87 5295
2.88 5301
2.89 5306
2.90 5315
2.91 5323
2.92 5339
2.93 5361
2.94 5375
2.95 5392
2.96 5410
2.97 5433
2.98 5454
2.99 5483
3.00 5508
3.01 5520
3.02 5535
3.03 5553
3.04 5572
3.05 5591
3.06 5612
3.07 5632
3.08 5654
3.09 5676
3.10 5693
3.11 5712
3.12 5732
3.13 5751
3.14 5772
3.15 5788
3.16 5810
3.17 5827
3.18 5847
3.19 5868
3.20 5889
3.21 5911
3.22 5938
3.23 5956
3.24 5972
3.25 5991
3.26 6009
3.27 6023
3.28 6039
3.29 6067
3.30 6087
3.31 6103
3.32 6119
3.33 6137
3.34 6151
3.35 6171
3.36 6191
3.37 6208
3.38 6228
3.39 6242
3.40 6257
3.41 6280
3.42 6300
3.43 6311
3.44 6329
3.46 6353
3.47 6374
3.48 6395
3.49 6418
3.50 6432
3.51 6456
3.52 6471
3.53 6487
3.54 6511
3.55 6527
3.56 6541
3.57 6553
3.58 6557
3.59 6564
3.60 6571
3.61 6577
3.62 6587
3.63 6594
3.64 6600
3.65 6607
3.66 6610
3.67 6614
3.68 6623
3.69 6628
3.70 6636
3.71 6643
3.72 6647
3.73 6655
3.74 6661
3.75 6670
3.76 6676
3.77 6684
3.78 6689
3.79 6694
3.80 6703
3.81 6712
3.82 6721
3.83 6744
3.84 6768
3.85 6789
3.86 6813
3.87 6833
3.88 6848
3.89 6863
3.90 6882
3.91 6903
3.92 6926
3.93 6944
3.94 6963
3.95 6978
3.96 6996
3.97 7014
3.98 7034
3.99 7055
4.00 7076
4.01 7095
4.02 7118
4.03 7141
4.04 7160
4.05 7180
4.06 7198
4.07 7217
4.08 7237
4.09 7251
4.10 7265
4.11 7290
4.12 7318
4.13 7343
4.14 7366
4.15 7386
4.16 7403
4.17 7422
4.18 7442
4.19 7464
4.20 7477
4.21 7493
4.22 7506
4.23 7521
4.24 7545
4.25 7557
4.26 7570
4.27 7586
4.28 7605
4.29 7620
4.30 7630
4.31 7648
4.32 7653
4.33 7664
4.34 7672
4.35 7677
4.36 7686
4.37 7697
4.38 7709
4.39 7731
4.40 7745
4.41 7754
4.42 7766
4.44 7779
4.45 7793
4.46 7809
4.47 7831
4.48 7845
4.49 7864
4.50 7882
4.51 7895
4.52 7913
4.53 7933
4.54 7945
4.55 7951
4.56 7956
4.57 7961
4.58 7971
4.59 7991
4.60 7999
4.61 8016
4.62 8031
4.63 8048
4.64 8069
4.65 8087
4.66 8103
4.67 8126
4.68 8142
4.69 8157
4.70 8174
4.71 8191
4.72 8205
4.73 8221
4.74 8241
4.75 8256
4.76 8278
4.77 8302
4.78 8317
4.79 8336
4.80 8359
4.81 8377
4.82 8392
4.83 8411
4.84 8433
4.85 8450
4.86 8466
4.87 8485
4.88 8507
4.89 8528
4.90 8542
4.91 8559
4.92 8574
4.93 8591
4.94 8604
4.95 8627
4.96 8648
4.97 8669
4.98 8690
4.99 8707
5.00 8726
5.01 8740
5.02 8756
5.03 8774
5.04 8796
5.05 8813
5.06 8832
5.07 8851
5.08 8871
5.09 8895
5.10 8914
5.11 8939
5.12 8960
5.13 8979
5.14 9001
5.15 9015
5.16 9038
5.17 9055
5.18 9072
5.19 9099
5.20 9123
5.21 9143
5.22 9158
5.23 9176
5.24 9196
5.25 9215
5.26 9232
5.27 9258
5.28 9278
5.29 9297
5.30 9312
5.31 9335
5.32 9353
5.33 9375
5.34 9393
5.35 9414
5.36 9436
5.37 9455
5.38 9475
5.39 9488
5.40 9511
5.42 9533
5.43 9553
5.44 9572
5.45 9593
5.46 9615
5.47 9632
5.48 9654
5.49 9674
5.50 9692
5.51 9711
5.52 9730
5.53 9755
5.54 9777
5.55 9791
5.56 9807
5.57 9827
5.58 9845
5.59 9855
5.60 9871
5.61 9885
5.62 9909
5.63 9933
5.64 9948
5.65 9973
5.66 9990
5.67 10009
5.68 10030
5.69 10049
5.70 10064
5.71 10077
5.72 10094
5.73 10111
5.74 10122
5.75 10141
5.76 10157
5.77 10167
5.78 10181
5.79 10200
5.80 10220
5.81 10245
5.82 10261
5.83 10279
5.84 10295
5.85 10316
5.86 10337
5.87 10358
5.88 10379
5.89 10397
5.90 10415
5.91 10431
5.92 10452
5.93 10474
5.94 10496
5.95 10518
5.96 10539
5.97 10560
5.98 10579
5.99 10593
6.00 10610
6.01 10625
6.02 10639
6.03 10653
6.04 10671
6.05 10686
6.06 10704
6.07 10726
6.08 10742
6.09 10756
6.10 10770
6.11 10785
6.12 10802
6.13 10821
6.14 10831
6.15 10850
6.16 10862
6.17 10881
6.18 10898
6.19 10912
6.20 10929
6.21 10942
6.22 10953
6.23 10973
6.24 10996
6.25 11021
6.26 11042
6.27 11072
6.28 11091
6.29 11107
6.30 11126
6.31 11149
6.32 11173
6.33 11200
6.34 11218
6.35 11241
6.36 11261
6.37 11277
6.38 11294
6.39 11314
6.41 11336
6.42 11360
6.43 11377
6.44 11403
6.45 11426
6.46 11442
6.47 11463
6.48 11481
6.49 11501
6.50 11516
6.51 11532
6.52 11547
6.53 11568
6.54 11587
6.55 11612
6.56 11627
6.57 11648
6.58 11662
6.59 11685
6.60 11710
6.61 11727
6.62 11745
6.63 11770
6.64 11787
6.65 11799
6.66 11826
6.67 11840
6.68 11857
6.69 11874
6.70 11884
6.71 11901
6.72 11915
6.73 11929
6.74 11943
6.75 11959
6.76 11980
6.77 12000
6.78 12028
6.79 12049
6.80 12068
6.81 12076
6.82 12097
6.83 12120
6.84 12141
6.85 12160
6.86 12180
6.87 12204
6.88 12222
6.89 12240
6.90 12260
6.91 12276
6.92 12295
6.93 12313
6.94 12340
6.95 12352
6.96 12366
6.97 12387
6.98 12405
6.99 12427
7.00 12444
7.01 12459
7.02 12479
7.03 12490
7.04 12512
7.05 12526
7.06 12542
7.07 12560
7.08 12576
7.09 12594
7.10 12617
7.11 12635
7.12 12651
7.13 12662
7.14 12680
7.15 12695
7.16 12717
7.17 12740
7.18 12759
7.19 12780
7.20 12798
7.21 12820
7.22 12838
7.23 12857
7.24 12875
7.25 12881
7.26 12908
7.27 12934
7.28 12950
7.29 12968
7.30 12989
7.31 13009
7.32 13033
7.33 13060
7.34 13081
7.35 13105
7.36 13123
7.37 13137
7.39 13147
7.40 13153
7.41 13162
7.42 13166
7.43 13177
7.44 13195
7.45 13211
7.46 13225
7.47 13238
7.48 13246
7.49 13263
7.50 13266
7.51 13274
7.52 13283
7.53 13294
7.54 13308
7.55 13331
7.56 13350
7.57 13371
7.58 13391
7.59 13411
7.60 13433
7.61 13456
7.62 13476
7.63 13491
7.64 13512
7.65 13529
7.66 13554
7.67 13572
7.68 13590
7.69 13609
7.70 13624
7.71 13641
7.72 13657
7.73 13671
7.74 13691
7.75 13707
7.76 13723
7.77 13741
7.78 13759
7.79 13774
7.80 13792
7.81 13810
7.82 13830
7.83 13845
7.84 13855
7.85 13869
7.86 13883
7.87 13904
7.88 13922
7.89 13944
7.90 13962
7.91 13978
7.92 13996
7.93 14010
7.94 14021
7.95 14035
7.96 14052
7.97 14069
7.98 14087
7.99 14108
8.00 14129
8.01 14143
8.02 14163
8.03 14178
8.04 14190
8.05 14200
8.06 14204
8.07 14213
8.08 14223
8.09 14241
8.10 14252
8.11 14274
8.12 14292
8.13 14314
8.14 14333
8.15 14352
8.16 14372
8.17 14391
8.18 14409
8.19 14433
8.20 14448
8.21 14462
8.22 14476
8.23 14492
8.24 14504
8.25 14524
8.26 14552
8.27 14579
8.28 14591
8.29 14613
8.30 14626
8.31 14632
8.32 14645
8.33 14650
8.34 14657
8.35 14668
8.36 14681
8.38 14706
8.39 14725
8.40 14742
8.41 14756
8.42 14779
8.43 14788
8.44 14801
8.45 14812
8.46 14829
8.47 14843
8.48 14866
8.49 14881
8.50 14889
8.51 14901
8.52 14912
8.53 14923
8.54 14936
8.55 14946
8.56 14955
8.57 14966
8.58 14975
8.59 14986
8.60 14999
8.61 15010
8.62 15024
8.63 15037
8.64 15045
8.65 15057
8.66 15069
8.67 15081
8.68 15096
8.69 15105
8.70 15113
8.71 15122
8.72 15132
8.73 15145
8.74 15159
8.75 15171
8.76 15181
8.77 15193
8.78 15197
8.79 15207
8.80 15217
8.81 15229
8.82 15241
8.83 15253
8.84 15260
8.85 15266
8.86 15273
8.87 15281
8.88 15287
8.89 15294
8.90 15303
8.91 15309
8.92 15324
8.93 15340
8.94 15362
8.95 15379
8.96 15395
8.97 15404
8.98 15409
8.99 15416
9.00 15423
9.01 15439
9.02 15454
9.03 15462
9.04 15483
9.05 15505
9.06 15527
9.07 15547
9.08 15565
9.09 15586
9.10 15606
9.11 15628
9.12 15650
9.13 15673
9.14 15695
9.15 15714
9.16 15733
9.17 15754
9.18 15774
9.19 15793
9.20 15814
9.21 15825
9.22 15835
9.23 15841
9.24 15850
9.25 15857
9.26 15873
9.27 15882
9.28 15893
9.29 15902
9.30 15915
9.31 15929
9.32 15942
9.33 15958
9.34 15964
9.36 15969
9.37 15986
9.38 16001
9.39 16015
9.40 16034
9.41 16055
9.42 16070
9.43 16086
9.44 16099
9.45 16116
9.46 16132
9.47 16146
9.48 16158
9.49 16171
9.50 16189
9.51 16206
9.52 16224
9.53 16238
9.54 16257
9.55 16279
9.56 16298
9.57 16316
9.58 16339
9.59 16357
9.60 16375
9.61 16393
9.62 16411
9.63 16428
9.64 16451
9.65 16471
9.66 16482
9.67 16498
9.68 16509
9.69 16513
9.70 16532
9.71 16555
9.72 16567
9.73 16578
9.74 16580
9.75 16585
9.76 16590
9.77 16600
9.78 16602
9.79 16613
9.80 16628
9.81 16640
9.82 16662
9.83 16683
9.84 16702
9.85 16725
9.86 16744
9.87 16760
9.88 16773
9.89 16795
9.90 16811
9.91 16831
9.92 16839
9.93 16845
9.94 16854
9.95 16873
9.96 16886
9.97 16908
9.98 16925
9.99 16941
10.00 16965
10.01 16981
10.02 17004
10.03 17025
10.04 17036
10.05 17053
10.06 17076
10.07 17093
10.08 17118
10.09 17143
10.10 17165
10.11 17181
10.12 17200
10.13 17220
10.14 17234
10.15 17253
10.16 17276
10.17 17295
10.18 17314
10.19 17336
10.20 17361
10.21 17375
10.22 17384
10.23 17395
10.24 17406
10.25 17417
10.26 17432
10.27 17443
10.28 17454
10.29 17463
10.30 17473
10.31 17482
10.32 17493
10.33 17499
10.35 17511
10.36 17519
10.37 17533
10.38 17545
10.39 17553
10.40 17569
10.41 17579
10.42 17593
10.43 17602
10.44 17612
10.45 17624
10.46 17637
10.47 17645
10.48 17656
10.49 17668
10.50 17677
10.51 17686
10.52 17701
10.53 17713
10.54 17724
10.55 17739
10.56 17751
10.57 17755
10.58 17774
10.59 17797
10.60 17816
10.61 17841
10.62 17859
10.63 17875
10.64 17887
10.65 17894
10.66 17905
10.67 17920
10.68 17930
10.69 17937
10.70 17944
10.71 17953
10.72 17968
10.73 17985
10.74 18007
10.75 18024
10.76 18035
10.77 18048
10.78 18057
10.79 18071
10.80 18075
10.81 18090
10.82 18108
10.83 18127
10.84 18140
10.85 18161
10.86 18173
10.87 18179
10.88 18184
10.89 18191
10.90 18197
10.91 18200
10.92 18204
10.93 18208
10.94 18208
10.95 18210
10.96 18213
10.97 18220
10.98 18228
10.99 18239
11.00 18247
11.01 18264
11.02 18288
11.03 18308
11.04 18327
11.05 18349
11.06 18371
11.07 18390
11.08 18409
11.09 18429
11.10 18446
11.11 18462
11.12 18485
11.13 18504
11.14 18526
11.15 18545
11.16 18567
11.17 18593
11.18 18609
11.19 18635
11.20 18655
11.21 18670
11.22 18689
11.23 18708
11.24 18729
11.25 18751
11.26 18778
11.27 18804
11.28 18823
11.29 18845
11.30 18872
11.31 18890
11.33 18906
11.34 18913
11.35 18918
11.36 18925
11.37 18936
11.38 18940
11.39 18943
11.40 18947
11.41 18952
11.42 18959
11.43 18963
11.44 18976
11.45 18990
11.46 19007
11.47 19024
11.48 19047
11.49 19069
11.50 19087
11.51 19112
11.52 19133
11.53 19157
11.54 19185
11.55 19199
11.56 19206
11.57 19225
11.58 19238
11.59 19250
11.60 19268
11.61 19275
11.62 19280
11.63 19290
11.64 19295
11.65 19298
11.66 19306
11.67 19310
11.68 19322
11.69 19334
11.70 19350
11.71 19371
11.72 19380
11.73 19398
11.74 19410
11.75 19419
11.76 19432
11.77 19450
11.78 19463
11.79 19476
11.80 19484
11.81 19504
11.82 19522
11.83 19540
11.84 19554
11.85 19569
11.86 19585
11.87 19600
11.88 19617
11.89 19640
11.90 19658
11.91 19676
11.92 19689
11.93 19703
11.94 19714
11.95 19728
11.96 19739
11.97 19751
11.98 19763
11.99 19775
12.00 19795
12.01 19812
12.02 19834
12.03 19857
12.04 19874
12.05 19887
12.06 19901
12.07 19919
12.08 19931
12.09 19942
12.10 19957
12.11 19965
12.12 19971
12.13 19977
12.14 19983
12.15 19994
12.16 19999
12.17 20011
12.18 20030
12.19 20042
12.20 20061
12.21 20077
12.22 20095
12.23 20107
12.24 20117
12.25 20134
12.26 20151
12.27 20176
12.28 20191
12.29 20207
12.30 20226
12.32 20241
12.33 20257
12.34 20270
12.35 20283
12.36 20299
12.37 20311
12.38 20322
12.39 20330
12.40 20342
12.41 20355
12.42 20367
12.43 20392
12.44 20413
12.45 20420
12.46 20431
12.47 20436
12.48 20443
12.49 20454
12.50 20464
12.51 20483
12.52 20504
12.53 20516
12.54 20542
12.55 20558
12.56 20587
12.57 20606
12.58 20618
12.59 20630
12.60 20648
12.61 20672
12.62 20699
12.63 20710
12.64 20728
12.65 20746
12.66 20756
12.67 20770
12.68 20789
12.69 20804
12.70 20827
12.71 20849
12.72 20863
12.73 20883
12.74 20900
12.75 20921
12.76 20936
12.77 20954
12.78 20964
12.79 20983
12.80 21005
12.81 21020
12.82 21040
12.83 21057
12.84 21067
12.85 21088
12.86 21105
12.87 21125
12.88 21136
12.89 21151
12.90 21164
12.91 21169
12.92 21186
12.93 21201
12.94 21222
12.95 21242
12.96 21258
12.97 21271
12.98 21283
12.99 21305
13.00 21320
13.01 21336
13.02 21350
13.03 21369
13.04 21382
13.05 21401
13.06 21427
13.07 21446
13.08 21467
13.09 21491
13.10 21498
13.11 21510
13.12 21533
13.13 21549
13.14 21561
13.15 21573
13.16 21582
13.17 21592
13.18 21618
13.19 21630
13.20 21647
13.21 21661
13.22 21671
13.23 21681
13.24 21689
13.25 21698
13.26 21702
13.27 21706
13.28 21708
13.30 21716
13.31 21721
13.32 21727
13.33 21734
13.34 21740
13.35 21749
13.36 21753
13.37 21763
13.38 21780
13.39 21794
13.40 21805
13.41 21821
13.42 21843
13.43 21860
13.44 21882
13.45 21903
13.46 21926
13.47 21945
13.48 21965
13.49 21982
13.50 22000
13.51 22015
13.52 22028
13.53 22045
13.54 22064
13.55 22082
13.56 22095
13.57 22113
13.58 22127
13.59 22148
13.60 22167
13.61 22183
13.62 22211
13.63 22228
13.64 22247
13.65 22265
13.66 22281
13.67 22302
13.68 22316
13.69 22334
13.70 22346
13.71 22367
13.72 22379
13.73 22391
13.74 22404
13.75 22420
13.76 22433
13.77 22450
13.78 22464
13.79 22482
13.80 22497
13.81 22506
13.82 22512
13.83 22516
13.84 22524
13.85 22532
13.86 22553
13.87 22571
13.88 22590
13.89 22607
13.90 22612
13.91 22617
13.92 22624
13.93 22636
13.94 22649
13.95 22668
13.96 22687
13.97 22704
13.98 22725
13.99 22743
14.00 22763
14.01 22783
14.02 22804
14.03 22820
14.04 22833
14.05 22848
14.06 22851
14.07 22868
14.08 22876
14.09 22883
14.10 22893
14.11 22903
14.12 22915
14.13 22930
14.14 22946
14.15 22965
14.16 22981
14.17 22994
14.18 23024
14.19 23039
14.20 23040
14.21 23046
14.22 23053
14.23 23058
14.24 23063
14.25 23066
14.26 23072
14.27 23086
14.29 23094
14.30 23100
14.31 23111
14.32 23124
14.33 23130
14.34 23133
14.35 23139
14.36 23140
14.37 23141
14.38 23150
14.39 23155
14.40 23166
14.41 23173
14.42 23186
14.43 23188
14.44 23190
14.45 23196
14.46 23204
14.47 23208
14.48 23209
14.49 23215
14.50 23219
14.51 23226
14.52 23243
14.53 23254
14.54 23258
14.55 23261
14.56 23266
14.57 23274
14.58 23278
14.59 23289
14.60 23300
14.61 23320
14.62 23334
14.63 23353
14.64 23364
14.65 23385
14.66 23401
14.67 23418
14.68 23430
14.69 23444
14.70 23464
14.71 23478
14.72 23495
14.73 23507
14.74 23521
14.75 23529
14.76 23536
14.77 23549
14.78 23562
14.79 23576
14.80 23597
14.81 23612
14.82 23626
14.83 23642
14.84 23659
14.85 23683
14.86 23702
14.87 23723
14.88 23746
14.89 23768
14.90 23785
14.91 23810
14.92 23829
14.93 23852
14.94 23877
14.95 23895
14.96 23916
14.97 23934
14.98 23960
14.99 23979
15.00 24003
15.01 24028
15.02 24052
15.03 24071
15.04 24093
15.05 24112
15.06 24135
15.07 24155
15.08 24178
15.09 24196
15.10 24212
15.11 24230
15.12 24247
15.13 24268
15.14 24291
15.15 24311
15.16 24327
15.17 24345
15.18 24366
15.19 24382
15.20 24401
15.21 24424
15.22 24441
15.23 24467
15.24 24485
15.25 24509
15.27 24528
15.28 24548
15.29 24563
15.30 24584
15.31 24602
15.32 24624
15.33 24644
15.34 24665
15.35 24683
15.36 24706
15.37 24727
15.38 24750
15.39 24763
15.40 24779
15.41 24798
15.42 24817
15.43 24834
15.44 24853
15.45 24867
15.46 24887
15.47 24901
15.48 24912
15.49 24927
15.50 24936
15.51 24943
15.52 24950
15.53 24957
15.54 24971
15.55 24976
15.56 24987
15.57 24998
15.58 25004
15.59 25016
15.60 25041
15.61 25058
15.62 25073
15.63 25084
15.64 25101
15.65 25116
15.66 25123
15.67 25127
15.68 25132
15.69 25137
15.70 25141
15.71 25153
15.72 25176
15.73 25187
15.74 25201
15.75 25210
15.76 25218
15.77 25234
15.78 25243
15.79 25261
15.80 25279
15.81 25293
15.82 25308
15.83 25316
15.84 25333
15.85 25344
15.86 25347
15.87 25351
15.88 25355
15.89 25356
15.90 25362
15.91 25368
15.92 25376
15.93 25383
15.94 25397
15.95 25415
15.96 25425
15.97 25442
15.98 25458
15.99 25471
16.00 25488
16.01 25501
16.02 25518
16.03 25531
16.04 25535
16.05 25539
16.06 25543
16.07 25553
16.08 25555
16.09 25558
16.10 25562
16.11 25562
16.12 25574
16.13 25577
16.14 25590
16.15 25598
16.16 25616
16.17 25625
16.18 25636
16.19 25649
16.20 25662
16.21 25680
16.22 25690
16.23 25692
16.25 25695
16.26 25697
16.27 25700
16.28 25702
16.29 25710
16.30 25720
16.31 25725
16.32 25727
16.33 25730
16.34 25734
16.35 25735
16.36 25740
16.37 25750
16.38 25770
16.39 25785
16.40 25802
16.41 25825
16.42 25827
16.43 25829
16.44 25833
16.45 25834
16.46 25841
16.47 25850
16.48 25869
16.49 25880
16.50 25886
16.51 25904
16.52 25910
16.53 25912
16.54 25916
16.55 25917
16.56 25922
16.57 25934
16.58 25947
16.59 25953
16.60 25958
16.61 25976
16.62 26000
16.63 26022
16.64 26027
16.65 26033
16.66 26038
16.67 26039
16.68 26039
16.69 26040
16.70 26046
16.71 26065
16.72 26073
16.73 26082
16.74 26086
16.75 26087
16.76 26093
16.77 26096
16.78 26104
16.79 26110
16.80 26115
16.81 26118
16.82 26127
16.83 26153
16.84 26171
16.85 26184
16.86 26194
16.87 26199
16.88 26201
16.89 26209
16.90 26214
16.91 26221
16.92 26222
16.93 26227
16.94 26227
16.95 26233
16.96 26245
16.97 26250
16.98 26260
16.99 26271
17.00 26282
17.01 26292
17.02 26309
17.03 26325
17.04 26335
17.05 26353
17.06 26368
17.07 26386
17.08 26404
17.09 26426
17.10 26442
17.11 26458
17.12 26476
17.13 26495
17.14 26512
17.15 26531
17.16 26546
17.17 26564
17.18 26576
17.19 26598
17.20 26619
17.21 26637
17.22 26655
17.24 26675
17.25 26690
17.26 26714
17.27 26734
17.28 26750
17.29 26768
17.30 26789
17.31 26801
17.32 26803
17.33 26807
17.34 26808
17.35 26808
17.36 26816
17.37 26820
17.38 26835
17.39 26852
17.40 26864
17.41 26877
17.42 26895
17.43 26899
17.44 26900
17.45 26906
17.46 26914
17.47 26917
17.48 26922
17.49 26929
17.50 26940
17.51 26961
17.52 26975
17.53 26988
17.54 26992
17.55 26995
17.56 26999
17.57 27000
17.58 27001
17.59 27002
17.60 27004
17.61 27009
17.62 27016
17.63 27021
17.64 27042
17.65 27053
17.66 27074
17.67 27079
17.68 27085
17.69 27088
17.70 27097
17.71 27099
17.72 27107
17.73 27108
17.74 27111
17.75 27112
17.76 27112
17.77 27120
17.78 27124
17.79 27131
17.80 27142
17.81 27150
17.82 27167
17.83 27179
17.84 27189
17.85 27208
17.86 27224
17.87 27243
17.88 27261
17.89 27282
17.90 27298
17.91 27317
17.92 27335
17.93 27353
17.94 27372
17.95 27392
17.96 27406
17.97 27425
17.98 27441
17.99 27461
18.00 27476
18.01 27492
18.02 27507
18.03 27528
18.04 27550
18.05 27568
18.06 27590
18.07 27610
18.08 27630
18.09 27646
18.10 27662
18.11 27682
18.12 27696
18.13 27718
18.14 27738
18.15 27760
18.16 27779
18.17 27797
18.18 27815
18.19 27832
18.20 27847
18.22 27866
18.23 27884
18.24 27904
18.25 27923
18.26 27944
18.27 27968
18.28 27990
18.29 28006
18.30 28024
18.31 28049
18.32 28067
18.33 28088
18.34 28104
18.35 28124
18.36 28142
18.37 28158
18.38 28173
18.39 28189
18.40 28204
18.41 28224
18.42 28240
18.43 28266
18.44 28288
18.45 28298
18.46 28306
18.47 28312
18.48 28315
18.49 28320
18.50 28323
18.51 28341
18.52 28362
18.53 28379
18.54 28404
18.55 28422
18.56 28439
18.57 28458
18.58 28481
18.59 28498
18.60 28515
18.61 28534
18.62 28550
18.63 28575
18.64 28599
18.65 28620
18.66 28636
18.67 28643
18.68 28665
18.69 28683
18.70 28691
18.71 28705
18.72 28712
18.73 28718
18.74 28723
18.75 28725
18.76 28725
18.77 28725
18.78 28726
18.79 28727
18.80 28732
18.81 28736
18.82 28738
18.83 28753
18.84 28758
18.85 28770
18.86 28785
18.87 28790
18.88 28794
18.89 28796
18.90 28796
18.91 28798
18.92 28803
18.93 28803
18.94 28811
18.95 28820
18.96 28822
18.97 28828
18.98 28845
18.99 28859
19.00 28865
19.01 28873
19.02 28879
19.03 28895
19.04 28908
19.05 28915
19.06 28919
19.07 28922
19.08 28923
19.09 28923
19.10 28936
19.11 28936
19.12 28948
19.13 28962
19.14 28973
19.15 28993
19.16 29010
19.17 29020
19.18 29037
19.19 29051
19.21 29060
19.22 29069
19.23 29074
19.24 29083
19.25 29091
19.26 29106
19.27 29118
19.28 29124
19.29 29132
19.30 29146
19.31 29155
19.32 29168
19.33 29185
19.34 29192
19.35 29201
19.36 29212
19.37 29224
19.38 29230
19.39 29233
19.40 29245
19.41 29252
19.42 29260
19.43 29265
19.44 29271
19.45 29284
19.46 29301
19.47 29313
19.48 29332
19.49 29341
19.50 29352
19.51 29362
19.52 29375
19.53 29390
19.54 29398
19.55 29405
19.56 29413
19.57 29423
19.58 29433
19.59 29449
19.60 29455
19.61 29463
19.62 29474
19.63 29479
19.64 29496
19.65 29508
19.66 29527
19.67 29548
19.68 29564
19.69 29580
19.70 29595
19.71 29610
19.72 29623
19.73 29628
19.74 29631
19.75 29642
19.76 29645
19.77 29662
19.78 29683
19.79 29701
19.80 29716
19.81 29733
19.82 29752
19.83 29767
19.84 29788
19.85 29805
19.86 29824
19.87 29840
19.88 29860
19.89 29871
19.90 29887
19.91 29905
19.92 29921
19.93 29947
19.94 29968
19.95 29987
19.96 30007
19.97 30022
19.98 30035
19.99 30048
20.00 30066
20.01 30088
20.02 30102
20.03 30116
20.04 30132
20.05 30149
20.06 30166
20.07 30183
20.08 30205
20.09 30230
20.10 30247
20.11 30259
20.12 30273
20.13 30294
20.14 30317
20.15 30332
20.16 30347
20.17 30368
20.19 30384
20.20 30401
20.21 30421
20.22 30432
20.23 30438
20.24 30447
20.25 30450
20.26 30452
20.27 30459
20.28 30469
20.29 30473
20.30 30477
20.31 30485
20.32 30491
20.33 30498
20.34 30506
20.35 30512
20.36 30520
20.37 30540
20.38 30551
20.39 30558
20.40 30576
20.41 30596
20.42 30613
20.43 30633
20.44 30656
20.45 30684
20.46 30699
20.47 30710
20.48 30726
20.49 30744
20.50 30761
20.51 30773
20.52 30789
20.53 30796
20.54 30815
20.55 30829
20.56 30839
20.57 30856
20.58 30871
20.59 30884
20.60 30899
20.61 30910
20.62 30928
20.63 30946
20.64 30958
20.65 30984
20.66 31003
20.67 31016
20.68 31032
20.69 31044
20.70 31058
20.71 31074
20.72 31093
20.73 31114
20.74 31134
20.75 31147
20.76 31168
20.77 31182
20.78 31204
20.79 31218
20.80 31226
20.81 31244
20.82 31257
20.83 31278
20.84 31288
20.85 31289
20.86 31289
20.87 31290
20.88 31304
20.89 31319
20.90 31338
20.91 31360
20.92 31377
20.93 31394
20.94 31413
20.95 31432
20.96 31443
20.97 31459
20.98 31462
20.99 31464
21.00 31470
21.01 31478
21.02 31484
21.03 31490
21.04 31505
21.05 31521
21.06 31524
21.07 31530
21.08 31537
21.09 31545
21.10 31552
21.11 31555
21.12 31557
21.13 31568
21.14 31576
21.15 31584
21.16 31591
21.18 31594
21.19 31601
21.20 31609
21.21 31612
21.22 31615
21.23 31620
21.24 31622
21.25 31623
21.26 31624
21.27 31628
21.28 31633
21.29 31635
21.30 31639
21.31 31645
21.32 31650
21.33 31659
21.34 31661
21.35 31670
21.36 31692
21.37 31707
21.38 31720
21.39 31726
21.40 31728
21.41 31736
21.42 31743
21.43 31744
21.44 31754
21.45 31757
21.46 31758
21.47 31762
21.48 31765
21.49 31771
21.50 31772
21.51 31773
21.52 31773
21.53 31777
21.54 31777
21.55 31779
21.56 31779
21.57 31779
21.58 31781
21.59 31783
21.60 31784
21.61 31784
21.62 31785
21.63 31791
21.64 31799
21.65 31803
21.66 31819
21.67 31837
21.68 31850
21.69 31858
21.70 31869
21.71 31878
21.72 31887
21.73 31896
21.74 31902
21.75 31905
21.76 31912
21.77 31921
21.78 31942
21.79 31959
21.80 31975
21.81 31994
21.82 32015
21.83 32031
21.84 32039
21.85 32047
21.86 32061
21.87 32071
21.88 32075
21.89 32082
21.90 32090
21.91 32091
21.92 32097
21.93 32103
21.94 32111
21.95 32123
21.96 32142
21.97 32164
21.98 32170
21.99 32178
22.00 32182
22.01 32183
22.02 32186
22.03 32191
22.04 32195
22.05 32204
22.06 32211
22.07 32220
22.08 32237
22.09 32260
22.10 32283
22.11 32308
22.12 32313
22.13 32314
22.14 32317
22.16 32318
22.17 32318
22.18 32326
22.19 32328
22.20 32329
22.21 32332
22.22 32335
22.23 32341
22.24 32345
22.25 32348
22.26 32355
22.27 32370
22.28 32380
22.29 32401
22.30 32423
22.31 32444
22.32 32457
22.33 32485
22.34 32507
22.35 32527
22.36 32539
22.37 32550
22.38 32554
22.39 32562
22.40 32565
22.41 32571
22.42 32583
22.43 32589
22.44 32604
22.45 32617
22.46 32629
22.47 32647
22.48 32665
22.49 32685
22.50 32702
22.51 32716
22.52 32735
22.53 32752
22.54 32768
22.55 32785
22.56 32800
22.57 32816
22.58 32841
22.59 32858
22.60 32873
22.61 32889
22.62 32907
22.63 32927
22.64 32943
22.65 32956
22.66 32975
22.67 32995
22.68 33011
22.69 33029
22.70 33048
22.71 33068
22.72 33084
22.73 33103
22.74 33124
22.75 33148
22.76 33166
22.77 33189
22.78 33205
22.79 33221
22.80 33239
22.81 33251
22.82 33268
22.83 33287
22.84 33300
22.85 33314
22.86 33326
22.87 33342
22.88 33361
22.89 33382
22.90 33403
22.91 33420
22.92 33443
22.93 33462
22.94 33485
22.95 33499
22.96 33523
22.97 33535
22.98 33551
22.99 33570
23.00 33595
23.01 33611
23.02 33626
23.03 33647
23.04 33669
23.05 33686
23.06 33706
23.07 33729
23.08 33751
23.09 33772
23.10 33793
23.11 33810
23.12 33825
23.13 33847
23.15 33868
23.16 33883
23.17 33899
23.18 33915
23.19 33936
23.20 33953
23.21 33972
23.22 33992
23.23 34015
23.24 34035
23.25 34055
23.26 34075
23.27 34094
23.28 34114
23.29 34130
23.30 34140
23.31 34158
23.32 34183
23.33 34205
23.34 34225
23.35 34238
23.36 34256
23.37 34277
23.38 34298
23.39 34311
23.40 34330
23.41 34343
23.42 34359
23.43 34379
23.44 34395
23.45 34410
23.46 34423
23.47 34439
23.48 34460
23.49 34479
23.50 34495
23.51 34508
23.52 34522
23.53 34546
23.54 34565
23.55 34581
23.56 34593
23.57 34608
23.58 34629
23.59 34644
23.60 34661
23.61 34682
23.62 34694
23.63 34707
23.64 34715
23.65 34725
23.66 34732
23.67 34741
23.68 34754
23.69 34766
23.70 34771
23.71 34776
23.72 34784
23.73 34789
23.74 34793
23.75 34794
23.76 34798
23.77 34800
23.78 34807
23.79 34810
23.80 34815
23.81 34822
23.82 34827
23.83 34835
23.84 34851
23.85 34865
23.86 34878
23.87 34894
23.88 34917
23.89 34940
23.90 34962
23.91 34978
23.92 34994
23.93 35011
23.94 35027
23.95 35043
23.96 35053
23.97 35064
23.98 35071
23.99 35084
24.00 35103
24.01 35122
24.02 35136
24.03 35155
24.04 35171
24.05 35189
24.06 35196
24.07 35208
24.08 35220
24.09 35238
24.10 35252
24.11 35265
24.13 35285
24.14 35290
24.15 35299
24.16 35305
24.17 35309
24.18 35316
24.19 35324
24.20 35331
24.21 35336
24.22 35342
24.23 35348
24.24 35354
24.25 35356
24.26 35360
24.27 35363
24.28 35368
24.29 35373
24.30 35375
24.31 35376
24.32 35380
24.33 35387
24.34 35394
24.35 35400
24.36 35407
24.37 35421
24.38 35434
24.39 35453
24.40 35472
24.41 35493
24.42 35515
24.43 35539
24.44 35557
24.45 35577
24.46 35598
24.47 35611
24.48 35625
24.49 35638
24.50 35653
24.51 35666
24.52 35690
24.53 35704
24.54 35715
24.55 35722
24.56 35742
24.57 35767
24.58 35778
24.59 35788
24.60 35794
24.61 35798
24.62 35804
24.63 35808
24.64 35811
24.65 35813
24.66 35816
24.67 35822
24.68 35823
24.69 35827
24.70 35829
24.71 35830
24.72 35837
24.73 35844
24.74 35847
24.75 35853
24.76 35858
24.77 35878
24.78 35885
24.79 35891
24.80 35898
24.81 35906
24.82 35913
24.83 35926
24.84 35943
24.85 35951
24.86 35955
24.87 35965
24.88 35971
24.89 35985
24.90 35993
24.91 36003
24.92 36005
24.93 36013
24.94 36021
24.95 36035
24.96 36049
24.97 36063
24.98 36072
24.99 36087
25.00 36103
25.01 36116
25.02 36128
25.03 36135
25.04 36144
25.05 36157
25.06 36168
25.07 36175
25.08 36182
25.09 36190
25.11 36196
25.12 36203
25.13 36207
25.14 36215
25.15 36232
25.16 36252
25.17 36261
25.18 36272
25.19 36282
25.20 36292
25.21 36304
25.22 36309
25.23 36310
25.24 36313
25.25 36320
25.26 36331
25.27 36341
25.28 36344
25.29 36351
25.30 36360
25.31 36363
25.32 36368
25.33 36376
25.34 36378
25.35 36385
25.36 36397
25.37 36398
25.38 36405
25.39 36411
25.40 36412
25.41 36418
25.42 36425
25.43 36428
25.44 36432
25.45 36446
25.46 36448
25.47 36449
25.48 36459
25.49 36468
25.50 36470
25.51 36475
25.52 36484
25.53 36486
25.54 36492
25.55 36495
25.56 36498
25.57 36506
25.58 36513
25.59 36514
25.60 36518
25.61 36525
25.62 36528
25.63 36534
25.64 36540
25.65 36542
25.66 36548
25.67 36553
25.68 36555
25.69 36562
25.70 36568
25.71 36570
25.72 36577
25.73 36582
25.74 36584
25.75 36590
25.76 36600
25.77 36601
25.78 36610
25.79 36621
25.80 36623
25.81 36624
25.82 36638
25.83 36644
25.84 36645
25.85 36655
25.86 36661
25.87 36662
25.88 36670
25.89 36676
25.90 36678
25.91 36684
25.92 36691
25.93 36693
25.94 36704
25.95 36714
25.96 36716
25.97 36728
25.98 36742
25.99 36751
26.00 36762
26.01 36783
26.02 36799
26.03 36806
26.04 36826
26.05 36838
26.06 36858
26.07 36860
26.08 36864
26.10 36870
26.11 36875
26.12 36877
26.13 36889
26.14 36909
26.15 36924
26.16 36925
26.17 36925
26.18 36926
26.19 36926
26.20 36926
26.21 36926
26.22 36927
26.23 36932
26.24 36941
26.25 36943
26.26 36948
26.27 36957
26.28 36957
26.29 36964
26.30 36969
26.31 36971
26.32 36977
26.33 36992
26.34 36994
26.35 36998
26.36 37004
26.37 37005
26.38 37010
26.39 37025
26.40 37027
26.41 37028
26.42 37040
26.43 37048
26.44 37049
26.45 37053
26.46 37060
26.47 37062
26.48 37070
26.49 37081
26.50 37083
26.51 37085
26.52 37098
26.53 37100
26.54 37101
26.55 37109
26.56 37112
26.57 37112
26.58 37129
26.59 37133
26.60 37134
26.61 37143
26.62 37149
26.63 37150
26.64 37161
26.65 37167
26.66 37170
26.67 37174
26.68 37182
26.69 37183
26.70 37187
26.71 37197
26.72 37199
26.73 37200
26.74 37210
26.75 37212
26.76 37213
26.77 37216
26.78 37222
26.79 37223
26.80 37228
26.81 37236
26.82 37237
26.83 37250
26.84 37266
26.85 37270
26.86 37271
26.87 37278
26.88 37282
26.89 37286
26.90 37295
26.91 37298
26.92 37300
26.93 37304
26.94 37311
26.95 37311
26.96 37311
26.97 37311
26.98 37329
26.99 37346
27.00 37366
27.01 37381
27.02 37394
27.03 37410
27.04 37413
27.05 37414
27.06 37416
27.08 37416
27.09 37416
27.10 37417
27.11 37425
27.12 37431
27.13 37434
27.14 37444
27.15 37461
27.16 37474
27.17 37498
27.18 37519
27.19 37542
27.20 37561
27.21 37584
27.22 37605
27.23 37612
27.24 37612
27.25 37612
27.26 37612
27.27 37612
27.28 37612
27.29 37612
27.30 37612
27.31 37625
27.32 37628
27.33 37628
27.34 37640
27.35 37641
27.36 37641
27.37 37651
27.38 37653
27.39 37653
27.40 37661
27.41 37663
27.42 37664
27.43 37672
27.44 37674
27.45 37675
27.46 37687
27.47 37689
27.48 37689
27.49 37698
27.50 37706
27.51 37706
27.52 37712
27.53 37718
27.54 37719
27.55 37725
27.56 37733
27.57 37734
27.58 37738
27.59 37743
27.60 37744
27.61 37752
27.62 37760
27.63 37762
27.64 37764
27.65 37767
27.66 37769
27.67 37771
27.68 37785
27.69 37786
27.70 37787
27.71 37797
27.72 37807
27.73 37808
27.74 37815
27.75 37821
27.76 37821
27.77 37825
27.78 37835
27.79 37836
27.80 37842
27.81 37847
27.82 37848
27.83 37856
27.84 37863
27.85 37863
27.86 37869
27.87 37884
27.88 37886
27.89 37886
27.90 37902
27.91 37903
27.92 37904
27.93 37912
27.94 37918
27.95 37920
27.96 37927
27.97 37939
27.98 37940
27.99 37941
28.00 37954
28.01 37955
28.02 37960
28.03 37961
28.04 37980
28.05 37988
28.07 37989
28.08 37989
28.09 37990
28.10 37990
28.11 37991
28.12 37996
28.13 38002
28.14 38012
28.15 38012
28.16 38017
28.17 38034
28.18 38038
28.19 38038
28.20 38039
28.21 38039
28.22 38039
28.23 38039
28.24 38039
28.25 38039
28.26 38047
28.27 38049
28.28 38050
28.29 38058
28.30 38060
28.31 38061
28.32 38078
28.33 38088
28.34 38088
28.35 38095
28.36 38106
28.37 38107
28.38 38115
28.39 38121
28.40 38123
28.41 38129
28.42 38137
28.43 38139
28.44 38143
28.45 38149
28.46 38150
28.47 38155
28.48 38164
28.49 38166
28.50 38171
28.51 38184
28.52 38185
28.53 38186
28.54 38197
28.55 38202
28.56 38204
28.57 38209
28.58 38217
28.59 38218
28.60 38227
28.61 38236
28.62 38237
28.63 38239
28.64 38245
28.65 38246
28.66 38253
28.67 38264
28.68 38266
28.69 38266
28.70 38281
28.71 38285
28.72 38285
28.73 38290
28.74 38294
28.75 38294
28.76 38297
28.77 38305
28.78 38306
28.79 38310
28.80 38315
28.81 38316
28.82 38322
28.83 38328
28.84 38329
28.85 38333
28.86 38338
28.87 38339
28.88 38343
28.89 38352
28.90 38353
28.91 38355
28.92 38357
28.93 38359
28.94 38361
28.95 38368
28.96 38368
28.97 38372
28.98 38372
28.99 38373
29.00 38373
29.01 38373
29.02 38374
29.03 38374
29.05 38378
29.06 38381
29.07 38384
29.08 38384
29.09 38391
29.10 38391
29.11 38392
29.12 38392
29.13 38393
29.14 38396
29.15 38407
29.16 38419
29.17 38427
29.18 38449
29.19 38464
29.20 38474
29.21 38491
29.22 38508
29.23 38525
29.24 38549
29.25 38554
29.26 38561
29.27 38570
29.28 38585
29.29 38604
29.30 38620
29.31 38629
29.32 38636
29.33 38642
29.34 38649
29.35 38655
29.36 38672
29.37 38681
29.38 38696
29.39 38709
29.40 38717
29.41 38725
29.42 38750
29.43 38769
29.44 38781
29.45 38791
29.46 38805
29.47 38814
29.48 38826
29.49 38840
29.50 38847
29.51 38859
29.52 38871
29.53 38886
29.54 38903
29.55 38919
29.56 38939
29.57 38957
29.58 38970
29.59 38984
29.60 38999
29.61 39011
29.62 39025
29.63 39034
29.64 39042
29.65 39062
29.66 39087
29.67 39100
29.68 39120
29.69 39137
29.70 39158
29.71 39175
29.72 39187
29.73 39207
29.74 39224
29.75 39230
29.76 39247
29.77 39261
29.78 39277
29.79 39298
29.80 39317
29.81 39338
29.82 39355
29.83 39364
29.84 39374
29.85 39382
29.86 39394
29.87 39414
29.88 39434
29.89 39453
29.90 39476
29.91 39498
29.92 39516
29.93 39534
29.94 39551
29.95 39571
29.96 39587
29.97 39601
29.98 39618
29.99 39635
30.00 39656
30.01 39678
30.02 39696
30.04 39714
30.05 39732
30.06 39752
30.07 39767
30.08 39785
30.09 39802
30.10 39818
30.11 39833
30.12 39852
30.13 39873
30.14 39888
30.15 39911
30.16 39931
30.17 39945
30.18 39960
30.19 39977
30.20 39993
30.21 40008
30.22 40028
30.23 40042
30.24 40057
30.25 40077
30.26 40091
30.27 40108
30.28 40125
30.29 40140
30.30 40160
30.31 40177
30.32 40197
30.33 40216
30.34 40232
30.35 40251
30.36 40264
30.37 40279
30.38 40297
30.39 40323
30.40 40347
30.41 40365
30.42 40383
30.43 40403
30.44 40426
30.45 40449
30.46 40465
30.47 40480
30.48 40496
30.49 40515
30.50 40530
30.51 40552
30.52 40571
30.53 40595
30.54 40613
30.55 40636
30.56 40657
30.57 40677
30.58 40697
30.59 40716
30.60 40731
30.61 40745
30.62 40762
30.63 40784
30.64 40794
30.65 40810
30.66 40826
30.67 40843
30.68 40860
30.69 40874
30.70 40899
30.71 40919
30.72 40936
30.73 40956
30.74 40973
30.75 40990
30.76 41008
30.77 41032
30.78 41053
30.79 41065
30.80 41081
30.81 41097
30.82 41108
30.83 41121
30.84 41143
30.85 41156
30.86 41169
30.87 41183
30.88 41201
30.89 41221
30.90 41239
30.91 41261
30.92 41282
30.93 41295
30.94 41313
30.95 41331
30.96 41346
30.97 41357
30.98 41374
30.99 41384
31.00 41392
31.02 41403
31.03 41414
31.04 41432
31.05 41445
31.06 41456
31.07 41464
31.08 41479
31.09 41495
31.10 41519
31.11 41533
31.12 41552
31.13 41568
31.14 41589
31.15 41603
31.16 41615
31.17 41635
31.18 41649
31.19 41659
31.20 41671
31.21 41678
31.22 41692
31.23 41709
31.24 41724
31.25 41737
31.26 41748
31.27 41767
31.28 41784
31.29 41804
31.30 41820
31.31 41835
31.32 41848
31.33 41872
31.34 41891
31.35 41907
31.36 41924
31.37 41941
31.38 41957
31.39 41971
31.40 41991
31.41 42003
31.42 42019
31.43 42033
31.44 42047
31.45 42063
31.46 42077
31.47 42094
31.48 42109
31.49 42127
31.50 42141
31.51 42158
31.52 42176
31.53 42193
31.54 42208
31.55 42226
31.56 42243
31.57 42253
31.58 42271
31.59 42289
31.60 42310
31.61 42331
31.62 42345
31.63 42365
31.64 42382
31.65 42398
31.66 42412
31.67 42424
31.68 42427
31.69 42446
31.70 42462
31.71 42490
31.72 42501
31.73 42507
31.74 42513
31.75 42516
31.76 42522
31.77 42527
31.78 42548
31.79 42552
31.80 42556
31.81 42564
31.82 42570
31.83 42580
31.84 42583
31.85 42588
31.86 42595
31.87 42600
31.88 42604
31.89 42606
31.90 42613
31.91 42617
31.92 42620
31.93 42629
31.94 42639
31.95 42645
31.96 42650
31.97 42655
31.98 42661
31.99 42664
32.01 42669
32.02 42672
32.03 42677
32.04 42686
32.05 42701
32.06 42713
32.07 42722
32.08 42727
32.09 42732
32.10 42740
32.11 42747
32.12 42753
32.13 42765
32.14 42778
32.15 42793
32.16 42803
32.17 42814
32.18 42828
32.19 42835
32.20 42854
32.21 42872
32.22 42892
32.23 42907
32.24 42921
32.25 42932
32.26 42945
32.27 42966
32.28 42991
32.29 43010
32.30 43018
32.31 43024
32.32 43027
32.33 43032
32.34 43037
32.35 43050
32.36 43052
32.37 43057
32.38 43057
32.39 43057
32.40 43061
32.41 43061
32.42 43065
32.43 43067
32.44 43068
32.45 43081
32.46 43085
32.47 43087
32.48 43096
32.49 43103
32.50 43112
32.51 43117
32.52 43120
32.53 43138
32.54 43157
32.55 43176
32.56 43182
32.57 43197
32.58 43211
32.59 43222
32.60 43236
32.61 43242
32.62 43246
32.63 43248
32.64 43248
32.65 43253
32.66 43257
32.67 43262
32.68 43271
32.69 43272
32.70 43278
32.71 43281
32.72 43290
32.73 43290
32.74 43296
32.75 43305
32.76 43310
32.77 43321
32.78 43335
32.79 43352
32.80 43372
32.81 43394
32.82 43418
32.83 43440
32.84 43456
32.85 43474
32.86 43495
32.87 43516
32.88 43537
32.89 43558
32.90 43577
32.91 43598
32.92 43605
32.93 43625
32.94 43647
32.95 43660
32.96 43664
32.97 43669
32.99 43675
33.00 43684
33.01 43692
33.02 43706
33.03 43723
33.04 43734
33.05 43755
33.06 43772
33.07 43790
33.08 43811
33.09 43823
33.10 43834
33.11 43851
33.12 43868
33.13 43883
33.14 43898
33.15 43913
33.16 43930
33.17 43941
33.18 43956
33.19 43968
33.20 43985
33.21 44000
33.22 44010
33.23 44016
33.24 44021
33.25 44027
33.26 44035
33.27 44040
33.28 44046
33.29 44050
33.30 44054
33.31 44059
33.32 44065
33.33 44072
33.34 44080
33.35 44083
33.36 44103
33.37 44107
33.38 44120
33.39 44132
33.40 44147
33.41 44162
33.42 44171
33.43 44184
33.44 44195
33.45 44208
33.46 44224
33.47 44237
33.48 44258
33.49 44273
33.50 44288
33.51 44309
33.52 44311
33.53 44315
33.54 44317
33.55 44323
33.56 44325
33.57 44325
33.58 44326
33.59 44328
33.60 44330
33.61 44333
33.62 44336
33.63 44340
33.64 44356
33.65 44366
33.66 44386
33.67 44398
33.68 44415
33.69 44431
33.70 44454
33.71 44468
33.72 44480
33.73 44492
33.74 44513
33.75 44530
33.76 44542
33.77 44559
33.78 44568
33.79 44575
33.80 44578
33.81 44586
33.82 44591
33.83 44598
33.84 44603
33.85 44617
33.86 44636
33.87 44665
33.88 44682
33.89 44703
33.90 44721
33.91 44737
33.92 44750
33.93 44771
33.94 44785
33.95 44805
33.97 44826
33.98 44841
33.99 44859
34.00 44873
34.01 44892
34.02 44903
34.03 44923
34.04 44949
34.05 44966
34.06 44989
34.07 45016
34.08 45036
34.09 45055
34.10 45077
34.11 45098
34.12 45117
34.13 45136
34.14 45150
34.15 45171
34.16 45186
34.17 45205
34.18 45220
34.19 45238
34.20 45256
34.21 45277
34.22 45291
34.23 45309
34.24 45329
34.25 45348
34.26 45370
34.27 45389
34.28 45412
34.29 45430
34.30 45447
34.31 45465
34.32 45484
34.33 45504
34.34 45522
34.35 45540
34.36 45559
34.37 45576
34.38 45590
34.39 45609
34.40 45635
34.41 45654
34.42 45673
34.43 45689
34.44 45708
34.45 45728
34.46 45747
34.47 45762
34.48 45780
34.49 45796
34.50 45822
34.51 45837
34.52 45862
34.53 45874
34.54 45883
34.55 45896
34.56 45911
34.57 45934
34.58 45946
34.59 45964
34.60 45979
34.61 45995
34.62 46014
34.63 46034
34.64 46049
34.65 46060
34.66 46078
34.67 46103
34.68 46125
34.69 46146
34.70 46167
34.71 46188
34.72 46203
34.73 46223
34.74 46247
34.75 46264
34.76 46286
34.77 46306
34.78 46328
34.79 46346
34.80 46366
34.81 46385
34.82 46401
34.83 46424
34.84 46437
34.85 46455
34.86 46480
34.87 46504
34.88 46521
34.89 46538
34.90 46560
34.91 46585
34.92 46599
34.93 46618
34.94 46632
34.96 46650
34.97 46660
34.98 46669
34.99 46680
35.00 46689
35.01 46692
35.02 46696
35.03 46698
35.04 46700
35.05 46704
35.06 46706
35.07 46707
35.08 46707
35.09 46708
35.10 46709
35.11 46713
35.12 46717
35.13 46718
35.14 46725
35.15 46728
35.16 46733
35.17 46745
35.18 46757
35.19 46768
35.20 46773
35.21 46783
35.22 46788
35.23 46795
35.24 46804
35.25 46809
35.26 46815
35.27 46823
35.28 46828
35.29 46835
35.30 46849
35.31 46858
35.32 46870
35.33 46888
35.34 46909
35.35 46926
35.36 46941
35.37 46956
35.38 46969
35.39 46984
35.40 46998
35.41 47006
35.42 47024
35.43 47041
35.44 47059
35.45 47081
35.46 47099
35.47 47121
35.48 47141
35.49 47160
35.50 47180
35.51 47203
35.52 47227
35.53 47245
35.54 47264
35.55 47285
35.56 47303
35.57 47324
35.58 47341
35.59 47360
35.60 47378
35.61 47397
35.62 47420
35.63 47444
35.64 47463
35.65 47484
35.66 47500
35.67 47519
35.68 47539
35.69 47560
35.70 47581
35.71 47597
35.72 47612
35.73 47629
35.74 47654
35.75 47677
35.76 47697
35.77 47718
35.78 47737
35.79 47757
35.80 47782
35.81 47800
35.82 47818
35.83 47831
35.84 47850
35.85 47868
35.86 47892
35.87 47910
35.88 47929
35.89 47945
35.90 47962
35.91 47981
35.92 47998
35.94 48018
35.95 48032
35.96 48043
35.97 48063
35.98 48083
35.99 48097
36.00 48117
36.01 48131
36.02 48150
36.03 48169
36.04 48184
36.05 48197
36.06 48215
36.07 48233
36.08 48249
36.09 48273
36.10 48293
36.11 48308
36.12 48333
36.13 48352
36.14 48372
36.15 48391
36.16 48405
36.17 48422
36.18 48439
36.19 48458
36.20 48471
36.21 48487
36.22 48508
36.23 48525
36.24 48541
36.25 48557
36.26 48573
36.27 48589
36.28 48601
36.29 48614
36.30 48627
36.31 48645
36.32 48664
36.33 48682
36.34 48697
36.35 48715
36.36 48734
36.37 48750
36.38 48770
36.39 48786
36.40 48803
36.41 48820
36.42 48837
36.43 48853
36.44 48870
36.45 48882
36.46 48896
36.47 48915
36.48 48928
36.49 48944
36.50 48958
36.51 48970
36.52 48983
36.53 48996
36.54 49013
36.55 49027
36.56 49042
36.57 49055
36.58 49077
36.59 49088
36.60 49110
36.61 49127
36.62 49144
36.63 49161
36.64 49178
36.65 49197
36.66 49210
36.67 49224
36.68 49233
36.69 49247
36.70 49261
36.71 49275
36.72 49291
36.73 49310
36.74 49331
36.75 49353
36.76 49371
36.77 49391
36.78 49404
36.79 49421
36.80 49437
36.81 49454
36.82 49473
36.83 49493
36.84 49512
36.85 49535
36.86 49561
36.87 49583
36.88 49596
36.89 49614
36.90 49638
36.91 49655
36.93 49676
36.94 49694
36.95 49713
36.96 49729
36.97 49745
36.98 49758
36.99 49776
37.00 49789
37.01 49809
37.02 49822
37.03 49835
37.04 49848
37.05 49865
37.06 49880
37.07 49897
37.08 49911
37.09 49927
37.10 49947
37.11 49961
37.12 49982
37.13 49995
37.14 50009
37.15 50026
37.16 50043
37.17 50059
37.18 50077
37.19 50090
37.20 50107
37.21 50122
37.22 50134
37.23 50152
37.24 50166
37.25 50182
37.26 50198
37.27 50213
37.28 50227
37.29 50245
37.30 50259
37.31 50277
37.32 50292
37.33 50307
37.34 50324
37.35 50339
37.36 50349
37.37 50368
37.38 50384
37.39 50402
37.40 50422
37.41 50433
37.42 50449
37.43 50470
37.44 50487
37.45 50506
37.46 50520
37.47 50538
37.48 50553
37.49 50568
37.50 50584
37.51 50596
37.52 50611
37.53 50627
37.54 50650
37.55 50666
37.56 50683
37.57 50697
37.58 50714
37.59 50723
37.60 50725
37.61 50729
37.62 50741
37.63 50743
37.64 50750
37.65 50760
37.66 50765
37.67 50771
37.68 50776
37.69 50784
37.70 50787
37.71 50797
37.72 50814
37.73 50829
37.74 50850
37.75 50875
37.76 50896
37.77 50916
37.78 50938
37.79 50957
37.80 50978
37.81 50988
37.82 50992
37.83 50999
37.84 51007
37.85 51028
37.86 51040
37.87 51054
37.88 51074
37.89 51086
37.91 51097
37.92 51107
37.93 51122
37.94 51137
37.95 51150
37.96 51161
37.97 51182
37.98 51196
37.99 51218
38.00 51229
38.01 51247
38.02 51258
38.03 51269
38.04 51278
38.05 51295
38.06 51307
38.07 51319
38.08 51333
38.09 51349
38.10 51368
38.11 51390
38.12 51413
38.13 51431
38.14 51450
38.15 51467
38.16 51481
38.17 51494
38.18 51505
38.19 51516
38.20 51534
38.21 51547
38.22 51565
38.23 51587
38.24 51598
38.25 51613
38.26 51627
38.27 51646
38.28 51664
38.29 51683
38.30 51703
38.31 51726
38.32 51744
38.33 51762
38.34 51778
38.35 51789
38.36 51808
38.37 51825
38.38 51834
38.39 51848
38.40 51864
38.41 51879
38.42 51893
38.43 51908
38.44 51928
38.45 51949
38.46 51969
38.47 51985
38.48 52000
38.49 52023
38.50 52043
38.51 52063
38.52 52079
38.53 52092
38.54 52110
38.55 52124
38.56 52144
38.57 52164
38.58 52180
38.59 52197
38.60 52209
38.61 52227
38.62 52239
38.63 52249
38.64 52261
38.65 52282
38.66 52291
38.67 52299
38.68 52302
38.69 52314
38.70 52318
38.71 52322
38.72 52330
38.73 52334
38.74 52338
38.75 52358
38.76 52367
38.77 52372
38.78 52381
38.79 52391
38.80 52393
38.81 52406
38.82 52415
38.83 52423
38.84 52433
38.85 52444
38.86 52448
38.87 52456
38.88 52472
38.90 52480
38.91 52497
38.92 52506
38.93 52513
38.94 52528
38.95 52553
38.96 52561
38.97 52578
38.98 52596
38.99 52607
39.00 52625
39.01 52635
39.02 52647
39.03 52657
39.04 52675
39.05 52693
39.06 52711
39.07 52727
39.08 52740
39.09 52755
39.10 52764
39.11 52770
39.12 52773
39.13 52778
39.14 52780
39.15 52790
39.16 52803
39.17 52817
39.18 52827
39.19 52843
39.20 52861
39.21 52867
39.22 52877
39.23 52887
39.24 52902
39.25 52924
39.26 52938
39.27 52955
39.28 52967
39.29 52983
39.30 52997
39.31 53010
39.32 53026
39.33 53052
39.34 53066
39.35 53089
39.36 53105
39.37 53122
39.38 53147
39.39 53162
39.40 53174
39.41 53179
39.42 53182
39.43 53186
39.44 53191
39.45 53194
39.46 53197
39.47 53199
39.48 53202
39.49 53209
39.50 53217
39.51 53232
39.52 53235
39.53 53238
39.54 53240
39.55 53248
39.56 53256
39.57 53260
39.58 53275
39.59 53290
39.60 53307
39.61 53320
39.62 53332
39.63 53351
39.64 53371
39.65 53385
39.66 53400
39.67 53415
39.68 53427
39.69 53432
39.70 53441
39.71 53443
39.72 53449
39.73 53453
39.74 53461
39.75 53465
39.76 53477
39.77 53497
39.78 53516
39.79 53535
39.80 53554
39.81 53570
39.82 53585
39.83 53596
39.84 53612
39.85 53631
39.86 53656
39.88 53676
39.89 53696
39.90 53709
39.91 53725
39.92 53740
39.93 53754
39.94 53777
39.95 53793
39.96 53805
39.97 53815
39.98 53818
39.99 53825
40.00 53839
40.01 53849
40.02 53862
40.03 53881
40.04 53892
40.05 53901
40.06 53917
40.07 53929
40.08 53948
40.09 53960
40.10 53977
40.11 53995
40.12 54010
40.13 54029
40.14 54047
40.15 54064
40.16 54083
40.17 54100
40.18 54118
40.19 54129
40.20 54150
40.21 54169
40.22 54187
40.23 54207
40.24 54231
40.25 54246
40.26 54259
40.27 54272
40.28 54285
40.29 54295
40.30 54313
40.31 54331
40.32 54344
40.33 54360
40.34 54381
40.35 54404
40.36 54427
40.37 54444
40.38 54462
40.39 54482
40.40 54499
40.41 54522
40.42 54540
40.43 54551
40.44 54570
40.45 54595
40.46 54614
40.47 54629
40.48 54645
40.49 54656
40.50 54674
40.51 54683
40.52 54695
40.53 54708
40.54 54719
40.55 54737
40.56 54747
40.57 54755
40.58 54770
40.59 54781
40.60 54793
40.61 54803
40.62 54810
40.63 54825
40.64 54836
40.65 54846
40.66 54857
40.67 54869
40.68 54878
40.69 54888
40.70 54903
40.71 54921
40.72 54940
40.73 54945
40.74 54948
40.75 54954
40.76 54958
40.77 54965
40.78 54977
40.79 54990
40.80 55008
40.81 55021
40.82 55042
40.83 55060
40.84 55079
40.85 55089
40.87 55109
40.88 55123
40.89 55145
40.90 55164
40.91 55190
40.92 55208
40.93 55229
40.94 55249
40.95 55256
40.96 55275
40.97 55295
40.98 55306
40.99 55320
41.00 55323
41.01 55337
41.02 55354
41.03 55363
41.04 55367
41.05 55376
41.06 55382
41.07 55389
41.08 55396
41.09 55401
41.10 55414
41.11 55437
41.12 55452
41.13 55471
41.14 55484
41.15 55499
41.16 55512
41.17 55528
41.18 55551
41.19 55566
41.20 55584
41.21 55601
41.22 55615
41.23 55632
41.24 55644
41.25 55658
41.26 55676
41.27 55696
41.28 55708
41.29 55733
41.30 55750
41.31 55767
41.32 55785
41.33 55804
41.34 55826
41.35 55846
41.36 55860
41.37 55868
41.38 55882
41.39 55903
41.40 55905
41.41 55909
41.42 55916
41.43 55918
41.44 55920
41.45 55921
41.46 55926
41.47 55933
41.48 55938
41.49 55953
41.50 55973
41.51 55993
41.52 56011
41.53 56027
41.54 56044
41.55 56057
41.56 56076
41.57 56091
41.58 56102
41.59 56118
41.60 56141
41.61 56159
41.62 56177
41.63 56185
41.64 56194
41.65 56212
41.66 56218
41.67 56231
41.68 56253
41.69 56273
41.70 56287
41.71 56311
41.72 56330
41.73 56351
41.74 56369
41.75 56382
41.76 56391
41.77 56397
41.78 56406
41.79 56412
41.80 56417
41.81 56429
41.82 56437
41.83 56446
41.85 56453
41.86 56462
41.87 56474
41.88 56481
41.89 56490
41.90 56499
41.91 56517
41.92 56538
41.93 56553
41.94 56568
41.95 56577
41.96 56591
41.97 56604
41.98 56622
41.99 56639
42.00 56656
42.01 56669
42.02 56685
42.03 56695
42.04 56712
42.05 56728
42.06 56736
42.07 56755
42.08 56771
42.09 56788
42.10 56811
42.11 56827
42.12 56843
42.13 56852
42.14 56865
42.15 56875
42.16 56892
42.17 56909
42.18 56929
42.19 56943
42.20 56965
42.21 56985
42.22 57001
42.23 57012
42.24 57021
42.25 57040
42.26 57062
42.27 57089
42.28 57113
42.29 57128
42.30 57145
42.31 57167
42.32 57182
42.33 57204
42.34 57222
42.35 57237
42.36 57259
42.37 57280
42.38 57293
42.39 57310
42.40 57327
42.41 57352
42.42 57372
42.43 57386
42.44 57403
42.45 57424
42.46 57445
42.47 57472
42.48 57496
42.49 57516
42.50 57529
42.51 57545
42.52 57569
42.53 57590
42.54 57608
42.55 57626
42.56 57644
42.57 57661
42.58 57679
42.59 57696
42.60 57722
42.61 57743
42.62 57764
42.63 57780
42.64 57793
42.65 57813
42.66 57821
42.67 57835
42.68 57855
42.69 57875
42.70 57892
42.71 57907
42.72 57928
42.73 57942
42.74 57961
42.75 57978
42.76 57992
42.77 58010
42.78 58028
42.79 58042
42.80 58057
42.81 58076
42.82 58090
42.84 58109
42.85 58121
42.86 58140
42.87 58172
42.88 58188
42.89 58206
42.90 58223
42.91 58244
42.92 58262
42.93 58274
42.94 58289
42.95 58303
42.96 58324
42.97 58340
42.98 58361
42.99 58381
43.00 58398
43.01 58436
43.02 58447
43.03 58475
43.04 58499
43.05 58522
43.06 58543
43.07 58550
43.08 58562
43.09 58573
43.10 58583
43.11 58592
43.12 58605
43.13 58625
43.14 58636
43.15 58641
43.16 58647
43.17 58650
43.18 58658
43.19 58665
43.20 58667
43.21 58672
43.22 58676
43.23 58683
43.24 58687
43.25 58691
43.26 58695
43.27 58699
43.28 58701
43.29 58703
43.30 58709
43.31 58714
43.32 58721
43.33 58727
43.34 58731
43.35 58736
43.36 58746
43.37 58757
43.38 58766
43.39 58770
43.40 58779
43.41 58789
43.42 58803
43.43 58813
43.44 58825
43.45 58845
43.46 58867
43.47 58882
43.48 58893
43.49 58905
43.50 58919
43.51 58924
43.52 58940
43.53 58957
43.54 58970
43.55 58983
43.56 58987
43.57 58989
43.58 59004
43.59 59016
43.60 59035
43.61 59041
43.62 59045
43.63 59051
43.64 59058
43.65 59066
43.66 59082
43.67 59102
43.68 59119
43.69 59136
43.70 59156
43.71 59172
43.72 59192
43.73 59211
43.74 59228
43.75 59240
43.76 59254
43.77 59265
43.78 59271
43.79 59275
43.80 59277
43.82 59284
43.83 59285
43.84 59289
43.85 59291
43.86 59292
43.87 59296
43.88 59301
43.89 59307
43.90 59313
43.91 59323
43.92 59330
43.93 59348
43.94 59362
43.95 59377
43.96 59396
43.97 59412
43.98 59432
43.99 59451
44.00 59470
44.01 59489
44.02 59503
44.03 59523
44.04 59542
44.05 59560
44.06 59579
44.07 59597
44.08 59624
44.09 59646
44.10 59664
44.11 59682
44.12 59703
44.13 59723
44.14 59743
44.15 59763
44.16 59783
44.17 59806
44.18 59824
44.19 59838
44.20 59851
44.21 59870
44.22 59876
44.23 59892
44.24 59904
44.25 59919
44.26 59926
44.27 59932
44.28 59934
44.29 59938
44.30 59938
44.31 59943
44.32 59945
44.33 59946
44.34 59947
44.35 59951
44.36 59957
44.37 59966
44.38 59970
44.39 59985
44.40 59998
44.41 60009
44.42 60025
44.43 60048
44.44 60073
44.45 60095
44.46 60121
44.47 60139
44.48 60154
44.49 60173
44.50 60188
44.51 60207
44.52 60223
44.53 60239
44.54 60252
44.55 60272
44.56 60281
44.57 60297
44.58 60320
44.59 60347
44.60 60366
44.61 60388
44.62 60407
44.63 60421
44.64 60440
44.65 60461
44.66 60479
44.67 60498
44.68 60516
44.69 60532
44.70 60552
44.71 60570
44.72 60585
44.73 60602
44.74 60615
44.75 60638
44.76 60657
44.77 60671
44.78 60690
44.80 60704
44.81 60721
44.82 60741
44.83 60763
44.84 60780
44.85 60797
44.86 60809
44.87 60821
44.88 60840
44.89 60860
44.90 60876
44.91 60896
44.92 60917
44.93 60934
44.94 60959
44.95 60981
44.96 60997
44.97 61014
44.98 61025
44.99 61037
45.00 61056
45.01 61076
45.02 61093
45.03 61114
45.04 61129
45.05 61150
45.06 61169
45.07 61188
45.08 61207
45.09 61228
45.10 61242
45.11 61260
45.12 61275
45.13 61293
45.14 61307
45.15 61321
45.16 61341
45.17 61358
45.18 61377
45.19 61389
45.20 61406
45.21 61425
45.22 61444
45.23 61461
45.24 61479
45.25 61496
45.26 61514
45.27 61530
45.28 61549
45.29 61562
45.30 61578
45.31 61595
45.32 61610
45.33 61626
45.34 61648
45.35 61672
45.36 61687
45.37 61704
45.38 61723
45.39 61737
45.40 61756
45.41 61775
45.42 61792
45.43 61810
45.44 61826
45.45 61836
45.46 61848
45.47 61858
45.48 61880
45.49 61892
45.50 61905
45.51 61919
45.52 61934
45.53 61951
45.54 61965
45.55 61985
45.56 62004
45.57 62017
45.58 62035
45.59 62047
45.60 62063
45.61 62086
45.62 62101
45.63 62112
45.64 62128
45.65 62140
45.66 62153
45.67 62167
45.68 62184
45.69 62203
45.70 62218
45.71 62233
45.72 62246
45.73 62263
45.74 62275
45.75 62294
45.76 62309
45.77 62321
45.79 62329
45.80 62340
45.81 62351
45.82 62369
45.83 62388
45.84 62403
45.85 62421
45.86 62432
45.87 62447
45.88 62463
45.89 62475
45.90 62490
45.91 62508
45.92 62525
45.93 62545
45.94 62572
45.95 62587
45.96 62602
45.97 62621
45.98 62632
45.99 62653
46.00 62672
46.01 62691
46.02 62707
46.03 62722
46.04 62739
46.05 62758
46.06 62777
46.07 62788
46.08 62806
46.09 62820
46.10 62830
46.11 62850
46.12 62871
46.13 62887
46.14 62904
46.15 62928
46.16 62944
46.17 62961
46.18 62982
46.19 63002
46.20 63020
46.21 63033
46.22 63042
46.23 63048
46.24 63067
46.25 63087
46.26 63103
46.27 63119
46.28 63133
46.29 63153
46.30 63166
46.31 63188
46.32 63204
46.33 63227
46.34 63245
46.35 63261
46.36 63279
46.37 63299
46.38 63312
46.39 63327
46.40 63350
46.41 63367
46.42 63385
46.43 63403
46.44 63419
46.45 63427
46.46 63450
46.47 63462
46.48 63465
46.49 63474
46.50 63477
46.51 63484
46.52 63500
46.53 63513
46.54 63527
46.55 63541
46.56 63548
46.57 63560
46.58 63575
46.59 63592
46.60 63609
46.61 63632
46.62 63649
46.63 63668
46.64 63685
46.65 63702
46.66 63722
46.67 63746
46.68 63761
46.69 63774
46.70 63791
46.71 63803
46.72 63819
46.73 63834
46.74 63854
46.75 63875
46.77 63893
46.78 63906
46.79 63922
46.80 63933
46.81 63952
46.82 63965
46.83 63981
46.84 63998
46.85 64016
46.86 64028
46.87 64045
46.88 64060
46.89 64073
46.90 64091
46.91 64097
46.92 64105
46.93 64119
46.94 64129
46.95 64137
46.96 64145
46.97 64160
46.98 64179
46.99 64196
47.00 64220
47.01 64240
47.02 64260
47.03 64274
47.04 64287
47.05 64303
47.06 64317
47.07 64331
47.08 64343
47.09 64362
47.10 64372
47.11 64395
47.12 64414
47.13 64425
47.14 64438
47.15 64452
47.16 64463
47.17 64470
47.18 64478
47.19 64485
47.20 64496
47.21 64501
47.22 64505
47.23 64508
47.24 64511
47.25 64516
47.26 64521
47.27 64528
47.28 64533
47.29 64534
47.30 64538
47.31 64544
47.32 64550
47.33 64553
47.34 64555
47.35 64560
47.36 64563
47.37 64568
47.38 64573
47.39 64579
47.40 64593
47.41 64603
47.42 64610
47.43 64617
47.44 64627
47.45 64634
47.46 64653
47.47 64670
47.48 64678
47.49 64682
47.50 64686
47.51 64688
47.52 64699
47.53 64704
47.54 64710
47.55 64714
47.56 64721
47.57 64727
47.58 64733
47.59 64747
47.60 64763
47.61 64784
47.62 64796
47.63 64819
47.64 64842
47.65 64861
47.66 64874
47.67 64894
47.68 64913
47.69 64931
47.70 64952
47.71 64973
47.72 64992
47.73 65020
47.74 65044
47.76 65062
47.77 65091
47.78 65108
47.79 65128
47.80 65147
47.81 65173
47.82 65191
47.83 65217
47.84 65236
47.85 65250
47.86 65269
47.87 65284
47.88 65303
47.89 65319
47.90 65342
47.91 65355
47.92 65364
47.93 65386
47.94 65406
47.95 65423
47.96 65441
47.97 65458
47.98 65477
47.99 65493
48.00 65508
48.01 65528
48.02 65551
48.03 65577
48.04 65601
48.05 65624
48.06 65641
48.07 65659
48.08 65679
48.09 65701
48.10 65717
48.11 65735
48.12 65753
48.13 65768
48.14 65779
48.15 65794
48.16 65811
48.17 65822
48.18 65841
48.19 65854
48.20 65871
48.21 65887
48.22 65907
48.23 65931
48.24 65952
48.25 65969
48.26 65986
48.27 66004
48.28 66021
48.29 66036
48.30 66058
48.31 66084
48.32 66099
48.33 66118
48.34 66136
48.35 66152
48.36 66163
48.37 66184
48.38 66204
48.39 66225
48.40 66244
48.41 66259
48.42 66274
48.43 66291
48.44 66307
48.45 66317
48.46 66337
48.47 66354
48.48 66374
48.49 66398
48.50 66414
48.51 66432
48.52 66455
48.53 66476
48.54 66499
48.55 66513
48.56 66527
48.57 66545
48.58 66561
48.59 66577
48.60 66594
48.61 66607
48.62 66626
48.63 66649
48.64 66665
48.65 66676
48.66 66688
48.67 66708
48.68 66725
48.69 66741
48.70 66765
48.71 66788
48.72 66801
48.74 66816
48.75 66831
48.76 66852
48.77 66872
48.78 66886
48.79 66903
48.80 66923
48.81 66939
48.82 66952
48.83 66965
48.84 66984
48.85 67004
48.86 67024
48.87 67032
48.88 67046
48.89 67065
48.90 67081
48.91 67100
48.92 67114
48.93 67142
48.94 67159
48.95 67178
48.96 67191
48.97 67209
48.98 67221
48.99 67240
49.00 67259
49.01 67280
49.02 67301
49.03 67319
49.04 67337
49.05 67359
49.06 67380
49.07 67406
49.08 67419
49.09 67436
49.10 67449
49.11 67466
49.12 67491
49.13 67509
49.14 67522
49.15 67533
49.16 67548
49.17 67563
49.18 67571
49.19 67590
49.20 67608
49.21 67618
49.22 67638
49.23 67648
49.24 67668
49.25 67672
49.26 67677
49.27 67685
49.28 67687
49.29 67698
49.30 67718
49.31 67733
49.32 67752
49.33 67769
49.34 67783
49.35 67795
49.36 67814
49.37 67833
49.38 67846
49.39 67859
49.40 67869
49.41 67881
49.42 67898
49.43 67911
49.44 67920
49.45 67934
49.46 67952
49.47 67973
49.48 67986
49.49 67993
49.50 68004
49.51 68011
49.52 68014
49.53 68021
49.54 68026
49.55 68042
49.56 68060
49.57 68082
49.58 68093
49.59 68103
49.60 68115
49.61 68132
49.62 68146
49.63 68157
49.64 68174
49.65 68189
49.66 68201
49.67 68218
49.68 68229
49.69 68248
49.70 68266
49.71 68277
49.73 68286
49.74 68293
49.75 68304
49.76 68308
49.77 68317
49.78 68325
49.79 68335
49.80 68344
49.81 68356
49.82 68367
49.83 68380
49.84 68384
49.85 68397
49.86 68412
49.87 68418
49.88 68429
49.89 68437
49.90 68446
49.91 68456
49.92 68464
49.93 68471
49.94 68479
49.95 68489
49.96 68501
49.97 68515
49.98 68524
49.99 68533
50.00 68535
50.01 68539
50.02 68550
50.03 68552
50.04 68555
50.05 68562
50.06 68573
50.07 68581
50.08 68591
50.09 68601
50.10 68611
50.11 68620
50.12 68633
50.13 68641
50.14 68653
50.15 68672
50.16 68680
50.17 68688
50.18 68691
50.19 68695
50.20 68701
50.21 68710
50.22 68715
50.23 68721
50.24 68728
50.25 68750
50.26 68765
50.27 68787
50.28 68808
50.29 68829
50.30 68849
50.31 68863
50.32 68870
50.33 68876
50.34 68885
50.35 68893
50.36 68896
50.37 68902
50.38 68907
50.39 68914
50.40 68918
50.41 68926
50.42 68938
50.43 68957
50.44 68970
50.45 68984
50.46 69003
50.47 69015
50.48 69024
50.49 69043
50.50 69061
50.51 69072
50.52 69086
50.53 69106
50.54 69125
50.55 69144
50.56 69166
50.57 69179
50.58 69195
50.59 69221
50.60 69232
50.61 69245
50.62 69265
50.63 69281
50.64 69296
50.65 69305
50.66 69322
50.67 69344
50.68 69357
50.69 69378
50.71 69390
50.72 69403
50.73 69423
50.74 69439
50.75 69456
50.76 69471
50.77 69493
50.78 69507
50.79 69518
50.80 69536
50.81 69543
50.82 69555
50.83 69570
50.84 69580
50.85 69589
50.86 69608
50.87 69622
50.88 69626
50.89 69633
50.90 69649
50.91 69667
50.92 69686
50.93 69707
50.94 69722
50.95 69747
50.96 69759
50.97 69775
50.98 69781
50.99 69785
51.00 69790
51.01 69792
51.02 69800
51.03 69804
51.04 69812
51.05 69825
51.06 69844
51.07 69860
51.08 69881
51.09 69898
51.10 69921
51.11 69942
51.12 69965
51.13 69980
51.14 69994
51.15 70018
51.16 70044
51.17 70062
51.18 70082
51.19 70105
51.20 70129
51.21 70148
51.22 70169
51.23 70190
51.24 70205
51.25 70224
51.26 70235
51.27 70252
51.28 70269
51.29 70289
51.30 70307
51.31 70332
51.32 70357
51.33 70371
51.34 70386
51.35 70408
51.36 70421
51.37 70441
51.38 70445
51.39 70448
51.40 70452
51.41 70456
51.42 70457
51.43 70462
51.44 70464
51.45 70466
51.46 70471
51.47 70476
51.48 70481
51.49 70485
51.50 70492
51.51 70498
51.52 70504
51.53 70510
51.54 70522
51.55 70554
51.56 70573
51.57 70601
51.58 70617
51.59 70622
51.60 70628
51.61 70652
51.62 70676
51.63 70700
51.64 70712
51.65 70725
51.66 70736
51.67 70747
51.68 70756
51.70 70778
51.71 70798
51.72 70814
51.73 70829
51.74 70847
51.75 70865
51.76 70868
51.77 70868
51.78 70869
51.79 70879
51.80 70898
51.81 70917
51.82 70934
51.83 70956
51.84 70971
51.85 70997
51.86 71019
51.87 71034
51.88 71051
51.89 71064
51.90 71079
51.91 71098
51.92 71112
51.93 71131
51.94 71150
51.95 71171
51.96 71187
51.97 71207
51.98 71229
51.99 71247
52.00 71262
52.01 71275
52.02 71290
52.03 71306
52.04 71326
52.05 71345
52.06 71355
52.07 71377
52.08 71399
52.09 71422
52.10 71442
52.11 71463
52.12 71481
52.13 71499
52.14 71519
52.15 71540
52.16 71559
52.17 71575
52.18 71594
52.19 71611
52.20 71628
52.21 71646
52.22 71662
52.23 71678
52.24 71694
52.25 71716
52.26 71731
52.27 71756
52.28 71779
52.29 71801
52.30 71821
52.31 71841
52.32 71862
52.33 71880
52.34 71897
52.35 71918
52.36 71936
52.37 71958
52.38 71980
52.39 71998
52.40 72019
52.41 72038
52.42 72055
52.43 72072
52.44 72092
52.45 72109
52.46 72124
52.47 72142
52.48 72152
52.49 72177
52.50 72196
52.51 72218
52.52 72235
52.53 72252
52.54 72271
52.55 72292
52.56 72310
52.57 72329
52.58 72349
52.59 72368
52.60 72389
52.61 72407
52.62 72428
52.63 72446
52.64 72464
52.65 72485
52.66 72500
52.68 72522
52.69 72540
52.70 72555
52.71 72584
52.72 72605
52.73 72626
52.74 72640
52.75 72658
52.76 72674
52.77 72695
52.78 72710
52.79 72730
52.80 72747
52.81 72758
52.82 72771
52.83 72784
52.84 72800
52.85 72815
52.86 72834
52.87 72855
52.88 72876
52.89 72892
52.90 72910
52.91 72936
52.92 72950
52.93 72973
52.94 72991
52.95 73009
52.96 73027
52.97 73052
52.98 73070
52.99 73091
53.00 73112
53.01 73137
53.02 73152
53.03 73173
53.04 73188
53.05 73202
53.06 73228
53.07 73244
53.08 73269
53.09 73290
53.10 73311
53.11 73331
53.12 73353
53.13 73376
53.14 73396
53.15 73420
53.16 73439
53.17 73453
53.18 73468
53.19 73483
53.20 73500
53.21 73517
53.22 73528
53.23 73552
53.24 73571
53.25 73587
53.26 73605
53.27 73624
53.28 73643
53.29 73661
53.30 73681
53.31 73700
53.32 73723
53.33 73741
53.34 73767
53.35 73791
53.36 73801
53.37 73804
53.38 73806
53.39 73814
53.40 73820
53.41 73826
53.42 73831
53.43 73837
53.44 73849
53.45 73861
53.46 73874
53.47 73884
53.48 73892
53.49 73901
53.50 73910
53.51 73918
53.52 73924
53.53 73934
53.54 73946
53.55 73950
53.56 73961
53.57 73971
53.58 73987
53.59 74001
53.60 74026
53.61 74044
53.62 74056
53.63 74072
53.64 74093
53.66 74112
53.67 74130
53.68 74149
53.69 74174
53.70 74191
53.71 74209
53.72 74229
53.73 74245
53.74 74260
53.75 74276
53.76 74293
53.77 74309
53.78 74328
53.79 74342
53.80 74353
53.81 74367
53.82 74387
53.83 74401
53.84 74418
53.85 74435
53.86 74457
53.87 74476
53.88 74496
53.89 74512
53.90 74523
53.91 74540
53.92 74562
53.93 74578
53.94 74599
53.95 74610
53.96 74626
53.97 74642
53.98 74662
53.99 74677
54.00 74691
54.01 74711
54.02 74729
54.03 74749
54.04 74769
54.05 74790
54.06 74807
54.07 74818
54.08 74831
54.09 74853
54.10 74871
54.11 74889
54.12 74908
54.13 74925
54.14 74944
54.15 74954
54.16 74972
54.17 74990
54.18 75005
54.19 75025
54.20 75043
54.21 75065
54.22 75081
54.23 75091
54.24 75111
54.25 75129
54.26 75149
54.27 75167
54.28 75180
54.29 75197
54.30 75217
54.31 75239
54.32 75257
54.33 75275
54.34 75294
54.35 75314
54.36 75335
54.37 75352
54.38 75369
54.39 75384
54.40 75403
54.41 75417
54.42 75442
54.43 75456
54.44 75476
54.45 75499
54.46 75514
54.47 75523
54.48 75543
54.49 75562
54.50 75584
54.51 75602
54.52 75619
54.53 75638
54.54 75654
54.55 75669
54.56 75686
54.57 75700
54.58 75714
54.59 75733
54.60 75752
54.61 75771
54.62 75787
54.63 75798
54.65 75807
54.66 75823
54.67 75844
54.68 75861
54.69 75880
54.70 75896
54.71 75915
54.72 75933
54.73 75949
54.74 75963
54.75 75980
54.76 75998
54.77 76016
54.78 76021
54.79 76045
54.80 76061
54.81 76082
54.82 76095
54.83 76112
54.84 76126
54.85 76146
54.86 76162
54.87 76180
54.88 76199
54.89 76215
54.90 76232
54.91 76251
54.92 76266
54.93 76282
54.94 76297
54.95 76315
54.96 76331
54.97 76344
54.98 76361
54.99 76382
55.00 76402
55.01 76415
55.02 76429
55.03 76442
55.04 76460
55.05 76477
55.06 76489
55.07 76508
55.08 76526
55.09 76546
55.10 76566
55.11 76581
55.12 76600
55.13 76607
55.14 76620
55.15 76639
55.16 76658
55.17 76673
55.18 76685
55.19 76708
55.20 76728
55.21 76746
55.22 76767
55.23 76789
55.24 76805
55.25 76818
55.26 76832
55.27 76854
55.28 76869
55.29 76887
55.30 76900
55.31 76918
55.32 76935
55.33 76952
55.34 76969
55.35 76994
55.36 77008
55.37 77028
55.38 77045
55.39 77065
55.40 77079
55.41 77096
55.42 77114
55.43 77130
55.44 77147
55.45 77166
55.46 77183
55.47 77197
55.48 77211
55.49 77227
55.50 77248
55.51 77262
55.52 77279
55.53 77297
55.54 77310
55.55 77323
55.56 77339
55.57 77359
55.58 77376
55.59 77389
55.60 77400
55.61 77417
55.63 77436
55.64 77448
55.65 77471
55.66 77488
55.67 77507
55.68 77528
55.69 77549
55.70 77569
55.71 77590
55.72 77608
55.73 77626
55.74 77644
55.75 77660
55.76 77674
55.77 77693
55.78 77715
55.79 77737
55.80 77759
55.81 77782
55.82 77803
55.83 77822
55.84 77838
55.85 77858
55.86 77880
55.87 77898
55.88 77909
55.89 77927
55.90 77941
55.91 77962
55.92 77984
55.93 78003
55.94 78020
55.95 78034
55.96 78048
55.97 78063
55.98 78081
55.99 78101
56.00 78118
56.01 78127
56.02 78142
56.03 78161
56.04 78178
56.05 78198
56.06 78219
56.07 78234
56.08 78255
56.09 78273
56.10 78290
56.11 78310
56.12 78322
56.13 78344
56.14 78356
56.15 78370
56.16 78387
56.17 78403
56.18 78420
56.19 78434
56.20 78451
56.21 78463
56.22 78478
56.23 78498
56.24 78513
56.25 78524
56.26 78540
56.27 78554
56.28 78571
56.29 78592
56.30 78613
56.31 78628
56.32 78645
56.33 78652
56.34 78667
56.35 78678
56.36 78694
56.37 78715
56.38 78727
56.39 78743
56.40 78756
56.41 78769
56.42 78787
56.43 78791
56.44 78815
56.45 78833
56.46 78846
56.47 78862
56.48 78882
56.49 78900
56.50 78917
56.51 78933
56.52 78946
56.53 78962
56.54 78976
56.55 78991
56.56 79012
56.57 79032
56.58 79048
56.59 79064
56.60 79082
56.62 79106
56.63 79123
56.64 79138
56.65 79156
56.66 79170
56.67 79187
56.68 79208
56.69 79226
56.70 79243
56.71 79258
56.72 79274
56.73 79297
56.74 79320
56.75 79337
56.76 79353
56.77 79365
56.78 79383
56.79 79398
56.80 79412
56.81 79432
56.82 79453
56.83 79471
56.84 79491
56.85 79513
56.86 79527
56.87 79546
56.88 79561
56.89 79582
56.90 79594
56.91 79615
56.92 79635
56.93 79646
56.94 79659
56.95 79672
56.96 79684
56.97 79702
56.98 79718
56.99 79733
57.00 79746
57.01 79761
57.02 79770
57.03 79779
57.04 79791
57.05 79805
57.06 79824
57.07 79839
57.08 79854
57.09 79871
57.10 79888
57.11 79904
57.12 79926
57.13 79945
57.14 79959
57.15 79973
57.16 79992
57.17 80012
57.18 80031
57.19 80053
57.20 80074
57.21 80093
57.22 80115
57.23 80135
57.24 80151
57.25 80167
57.26 80184
57.27 80205
57.28 80221
57.29 80241
57.30 80259
57.31 80283
57.32 80298
57.33 80319
57.34 80340
57.35 80351
57.36 80369
57.37 80386
57.38 80399
57.39 80415
57.40 80436
57.41 80452
57.42 80471
57.43 80491
57.44 80511
57.45 80529
57.46 80542
57.47 80555
57.48 80566
57.49 80580
57.50 80597
57.51 80615
57.52 80632
57.53 80645
57.54 80655
57.55 80670
57.56 80686
57.57 80703
57.58 80720
57.60 80737
57.61 80753
57.62 80769
57.63 80789
57.64 80802
57.65 80821
57.66 80840
57.67 80856
57.68 80862
57.69 80870
57.70 80880
57.71 80892
57.72 80902
57.73 80917
57.74 80933
57.75 80949
57.76 80965
57.77 80980
57.78 80999
57.79 81016
57.80 81032
57.81 81053
57.82 81075
57.83 81091
57.84 81109
57.85 81121
57.86 81134
57.87 81150
57.88 81166
57.89 81185
57.90 81201
57.91 81212
57.92 81228
57.93 81248
57.94 81261
57.95 81271
57.96 81283
57.97 81300
57.98 81316
57.99 81331
58.00 81348
58.01 81366
58.02 81382
58.03 81393
58.04 81410
58.05 81423
58.06 81429
58.07 81444
58.08 81464
58.09 81482
58.10 81499
58.11 81510
58.12 81531
58.13 81550
58.14 81576
58.15 81592
58.16 81605
58.17 81626
58.18 81635
58.19 81647
58.20 81663
58.21 81677
58.22 81696
58.23 81712
58.24 81725
58.25 81734
58.26 81749
58.27 81766
58.28 81784
58.29 81793
58.30 81811
58.31 81825
58.32 81840
58.33 81854
58.34 81867
58.35 81887
58.36 81904
58.37 81917
58.38 81932
58.39 81944
58.40 81957
58.41 81969
58.42 81979
58.43 81992
58.44 82004
58.45 82019
58.46 82033
58.47 82047
58.48 82052
58.49 82064
58.50 82078
58.51 82091
58.52 82106
58.53 82118
58.54 82136
58.55 82153
58.56 82171
58.57 82183
58.59 82196
58.60 82204
58.61 82222
58.62 82237
58.63 82261
58.64 82275
58.65 82285
58.66 82296
58.67 82309
58.68 82330
58.69 82347
58.70 82366
58.71 82379
58.72 82392
58.73 82399
58.74 82404
58.75 82408
58.76 82424
58.77 82437
58.78 82440
58.79 82451
58.80 82459
58.81 82470
58.82 82483
58.83 82496
58.84 82519
58.85 82536
58.86 82556
58.87 82581
58.88 82602
58.89 82622
58.90 82641
58.91 82657
58.92 82673
58.93 82691
58.94 82704
58.95 82718
58.96 82733
58.97 82743
58.98 82760
58.99 82771
59.00 82787
59.01 82807
59.02 82820
59.03 82842
59.04 82863
59.05 82884
59.06 82905
59.07 82921
59.08 82938
59.09 82958
59.10 82972
59.11 82992
59.12 83010
59.13 83025
59.14 83044
59.15 83059
59.16 83075
59.17 83088
59.18 83103
59.19 83124
59.20 83144
59.21 83165
59.22 83186
59.23 83201
59.24 83215
59.25 83233
59.26 83255
59.27 83272
59.28 83296
59.29 83314
59.30 83328
59.31 83340
59.32 83361
59.33 83376
59.34 83395
59.35 83416
59.36 83440
59.37 83454
59.38 83468
59.39 83477
59.40 83493
59.41 83509
59.42 83520
59.43 83532
59.44 83550
59.45 83565
59.46 83580
59.47 83597
59.48 83600
59.49 83615
59.50 83628
59.51 83647
59.52 83672
59.53 83688
59.54 83704
59.55 83720
59.57 83734
59.58 83749
59.59 83767
59.60 83780
59.61 83796
59.62 83817
59.63 83835
59.64 83860
59.65 83880
59.66 83891
59.67 83905
59.68 83921
59.69 83939
59.70 83963
59.71 83983
59.72 84002
59.73 84016
59.74 84033
59.75 84053
59.76 84068
59.77 84078
59.78 84099
59.79 84114
59.80 84132
59.81 84143
59.82 84162
59.83 84180
59.84 84190
59.85 84196
59.86 84212
59.87 84221
59.88 84236
59.89 84259
59.90 84275
59.91 84290
59.92 84306
59.93 84317
59.94 84339
59.95 84361
59.96 84381
59.97 84395
59.98 84414
59.99 84424
60.00 84445
60.01 84459
60.02 84478
60.03 84496
60.04 84505
60.05 84516
60.06 84533
60.07 84549
60.08 84568
60.09 84576
60.10 84583
60.11 84589
60.12 84600
60.13 84612
60.14 84625
60.15 84642
60.16 84660
60.17 84679
60.18 84694
60.19 84710
60.20 84723
60.21 84744
60.22 84756
60.23 84781
60.24 84793
60.25 84803
60.26 84829
60.27 84849
60.28 84867
60.29 84887
60.30 84905
60.31 84916
60.32 84934
60.33 84940
60.34 84945
60.35 84951
60.36 84956
60.37 84962
60.38 84968
60.39 84982
60.40 84983
60.41 84986
60.42 84992
60.43 84999
60.44 85014
60.45 85020
60.46 85033
60.47 85040
60.48 85055
60.49 85065
60.50 85079
60.51 85095
60.52 85110
60.53 85122
60.54 85128
60.56 85135
60.57 85141
60.58 85147
60.59 85155
60.60 85159
60.61 85172
60.62 85180
60.63 85195
60.64 85205
60.65 85213
60.66 85233
60.67 85248
60.68 85266
60.69 85282
60.70 85295
60.71 85310
60.72 85320
60.73 85330
60.74 85335
60.75 85340
60.76 85350
60.77 85356
60.78 85367
60.79 85386
60.80 85400
60.81 85416
60.82 85432
60.83 85444
60.84 85460
60.85 85476
60.86 85492
60.87 85506
60.88 85525
60.89 85547
60.90 85566
60.91 85577
60.92 85587
60.93 85591
60.94 85594
60.95 85600
60.96 85609
60.97 85614
60.98 85626
60.99 85640
61.00 85654
61.01 85666
61.02 85675
61.03 85691
61.04 85705
61.05 85720
61.06 85731
61.07 85739
61.08 85755
61.09 85771
61.10 85795
61.11 85813
61.12 85829
61.13 85843
61.14 85855
61.15 85872
61.16 85888
61.17 85897
61.18 85913
61.19 85934
61.20 85950
61.21 85974
61.22 85996
61.23 86020
61.24 86033
61.25 86050
61.26 86064
61.27 86081
61.28 86096
61.29 86115
61.30 86132
61.31 86150
61.32 86164
61.33 86170
61.34 86178
61.35 86189
61.36 86201
61.37 86210
61.38 86215
61.39 86222
61.40 86230
61.41 86240
61.42 86262
61.43 86266
61.44 86279
61.45 86296
61.46 86310
61.47 86330
61.48 86350
61.49 86369
61.50 86384
61.51 86400
61.52 86415
61.54 86424
61.55 86429
61.56 86434
61.57 86451
61.58 86459
61.59 86464
61.60 86465
61.61 86467
61.62 86467
61.63 86476
61.64 86478
61.65 86481
61.66 86481
61.67 86492
61.68 86510
61.69 86523
61.70 86532
61.71 86546
61.72 86567
61.73 86578
61.74 86597
61.75 86615
61.76 86628
61.77 86638
61.78 86641
61.79 86646
61.80 86653
61.81 86665
61.82 86678
61.83 86696
61.84 86711
61.85 86723
61.86 86737
61.87 86756
61.88 86769
61.89 86789
61.90 86800
61.91 86816
61.92 86834
61.93 86850
61.94 86867
61.95 86884
61.96 86904
61.97 86921
61.98 86942
61.99 86962
62.00 86984
62.01 86997
62.02 87009
62.03 87027
62.04 87044
62.05 87068
62.06 87084
62.07 87097
62.08 87112
62.09 87128
62.10 87147
62.11 87162
62.12 87177
62.13 87193
62.14 87208
62.15 87221
62.16 87231
62.17 87243
62.18 87243
62.19 87250
62.20 87251
62.21 87258
62.22 87277
62.23 87291
62.24 87304
62.25 87323
62.26 87340
62.27 87350
62.28 87369
62.29 87384
62.30 87407
62.31 87421
62.32 87441
62.33 87451
62.34 87466
62.35 87476
62.36 87486
62.37 87502
62.38 87505
62.39 87509
62.40 87514
62.41 87516
62.42 87524
62.43 87530
62.44 87538
62.45 87549
62.46 87558
62.47 87567
62.48 87580
62.49 87604
62.50 87628
62.52 87641
62.53 87644
62.54 87648
62.55 87652
62.56 87655
62.57 87656
62.58 87662
62.59 87671
62.60 87676
62.61 87677
62.62 87677
62.63 87677
62.64 87677
62.65 87677
62.66 87677
62.67 87681
62.68 87691
62.69 87692
62.70 87695
62.71 87705
62.72 87706
62.73 87707
62.74 87719
62.75 87720
62.76 87721
62.77 87735
62.78 87742
62.79 87743
62.80 87749
62.81 87756
62.82 87757
62.83 87762
62.84 87780
62.85 87782
62.86 87782
62.87 87793
62.88 87799
62.89 87801
62.90 87804
62.91 87809
62.92 87809
62.93 87815
62.94 87827
62.95 87828
62.96 87830
62.97 87832
62.98 87835
62.99 87839
63.00 87853
63.01 87859
63.02 87859
63.03 87868
63.04 87874
63.05 87876
63.06 87881
63.07 87885
63.08 87886
63.09 87889
63.10 87897
63.11 87898
63.12 87905
63.13 87910
63.14 87911
63.15 87916
63.16 87926
63.17 87928
63.18 87932
63.19 87941
63.20 87942
63.21 87946
63.22 87954
63.23 87955
63.24 87959
63.25 87965
63.26 87966
63.27 87970
63.28 87985
63.29 87990
63.30 87991
63.31 87998
63.32 88003
63.33 88004
63.34 88011
63.35 88019
63.36 88021
63.37 88022
63.38 88032
63.39 88032
63.40 88032
63.41 88032
63.42 88033
63.43 88033
63.44 88034
63.45 88035
63.46 88035
63.47 88036
63.48 88039
63.49 88043
63.51 88043
63.52 88044
63.53 88052
63.54 88067
63.55 88087
63.56 88105
63.57 88120
63.58 88134
63.59 88134
63.60 88135
63.61 88135
63.62 88135
63.63 88135
63.64 88135
63.65 88135
63.66 88146
63.67 88152
63.68 88153
63.69 88155
63.70 88157
63.71 88159
63.72 88162
63.73 88167
63.74 88168
63.75 88179
63.76 88190
63.77 88192
63.78 88198
63.79 88211
63.80 88212
63.81 88212
63.82 88223
63.83 88224
63.84 88224
63.85 88239
63.86 88243
63.87 88243
63.88 88254
63.89 88258
63.90 88260
63.91 88264
63.92 88271
63.93 88273
63.94 88287
63.95 88292
63.96 88293
63.97 88299
63.98 88308
63.99 88309
64.00 88310
64.01 88325
64.02 88326
64.03 88327
64.04 88331
64.05 88333
64.06 88333
64.07 88342
64.08 88350
64.09 88352
64.10 88356
64.11 88359
64.12 88360
64.13 88371
64.14 88389
64.15 88391
64.16 88391
64.17 88402
64.18 88403
64.19 88404
64.20 88416
64.21 88418
64.22 88419
64.23 88428
64.24 88430
64.25 88430
64.26 88438
64.27 88448
64.28 88450
64.29 88451
64.30 88460
64.31 88460
64.32 88460
64.33 88471
64.34 88471
64.35 88471
64.36 88472
64.37 88474
64.38 88478
64.39 88478
64.40 88480
64.41 88484
64.42 88490
64.43 88497
64.44 88507
64.45 88520
64.46 88534
64.47 88549
64.49 88566
64.50 88593
64.51 88612
64.52 88622
64.53 88634
64.54 88650
64.55 88667
64.56 88686
64.57 88700
64.58 88703
64.59 88705
64.60 88709
64.61 88720
64.62 88724
64.63 88725
64.64 88730
64.65 88743
64.66 88751
64.67 88751
64.68 88751
64.69 88751
64.70 88751
64.71 88751
64.72 88751
64.73 88753
64.74 88760
64.75 88762
64.76 88766
64.77 88775
64.78 88776
64.79 88778
64.80 88790
64.81 88791
64.82 88791
64.83 88809
64.84 88810
64.85 88810
64.86 88820
64.87 88825
64.88 88826
64.89 88830
64.90 88842
64.91 88843
64.92 88845
64.93 88849
64.94 88851
64.95 88858
64.96 88862
64.97 88863
64.98 88867
64.99 88877
65.00 88878
65.01 88883
65.02 88894
65.03 88895
65.04 88895
65.05 88911
65.06 88917
65.07 88918
65.08 88931
65.09 88943
65.10 88951
65.11 88953
65.12 88955
65.13 88958
65.14 88959
65.15 88963
65.16 88975
65.17 88976
65.18 88984
65.19 88990
65.20 88992
65.21 88998
65.22 89006
65.23 89007
65.24 89011
65.25 89023
65.26 89025
65.27 89026
65.28 89036
65.29 89037
65.30 89038
65.31 89046
65.32 89047
65.33 89049
65.34 89056
65.35 89056
65.36 89056
65.37 89057
65.38 89066
65.39 89087
65.40 89108
65.41 89129
65.42 89146
65.43 89161
65.44 89161
65.45 89161
65.46 89162
65.48 89163
65.49 89163
65.50 89166
65.51 89170
65.52 89177
65.53 89179
65.54 89182
65.55 89182
65.56 89185
65.57 89186
65.58 89188
65.59 89192
65.60 89194
65.61 89198
65.62 89203
65.63 89209
65.64 89213
65.65 89220
65.66 89223
65.67 89232
65.68 89235
65.69 89244
65.70 89249
65.71 89258
65.72 89275
65.73 89303
65.74 89326
65.75 89350
65.76 89367
65.77 89383
65.78 89404
65.79 89428
65.80 89431
65.81 89437
65.82 89442
65.83 89459
65.84 89470
65.85 89491
65.86 89506
65.87 89509
65.88 89513
65.89 89519
65.90 89526
65.91 89528
65.92 89535
65.93 89540
65.94 89545
65.95 89564
65.96 89577
65.97 89580
65.98 89588
65.99 89592
66.00 89596
66.01 89616
66.02 89636
66.03 89656
66.04 89660
66.05 89665
66.06 89672
66.07 89677
66.08 89689
66.09 89700
66.10 89710
66.11 89724
66.12 89742
66.13 89761
66.14 89779
66.15 89795
66.16 89816
66.17 89838
66.18 89854
66.19 89871
66.20 89887
66.21 89894
66.22 89899
66.23 89907
66.24 89913
66.25 89918
66.26 89928
66.27 89941
66.28 89961
66.29 89974
66.30 89993
66.31 90016
66.32 90035
66.33 90051
66.34 90071
66.35 90088
66.36 90103
66.37 90118
66.38 90135
66.39 90158
66.40 90179
66.41 90194
66.42 90211
66.43 90233
66.44 90249
66.46 90269
66.47 90294
66.48 90312
66.49 90332
66.50 90351
66.51 90370
66.52 90396
66.53 90417
66.54 90438
66.55 90460
66.56 90477
66.57 90502
66.58 90520
66.59 90532
66.60 90555
66.61 90575
66.62 90592
66.63 90614
66.64 90636
66.65 90651
66.66 90671
66.67 90686
66.68 90696
66.69 90716
66.70 90742
66.71 90760
66.72 90780
66.73 90791
66.74 90808
66.75 90829
66.76 90855
66.77 90875
66.78 90890
66.79 90910
66.80 90925
66.81 90938
66.82 90952
66.83 90964
66.84 90979
66.85 90992
66.86 91013
66.87 91025
66.88 91037
66.89 91051
66.90 91053
66.91 91067
66.92 91075
66.93 91080
66.94 91083
66.95 91091
66.96 91107
66.97 91127
66.98 91146
66.99 91167
67.00 91180
67.01 91194
67.02 91212
67.03 91233
67.04 91247
67.05 91273
67.06 91287
67.07 91303
67.08 91312
67.09 91324
67.10 91329
67.11 91333
67.12 91340
67.13 91343
67.14 91358
67.15 91382
67.16 91400
67.17 91407
67.18 91412
67.19 91419
67.20 91425
67.21 91438
67.22 91458
67.23 91477
67.24 91492
67.25 91505
67.26 91513
67.27 91515
67.28 91522
67.29 91527
67.30 91544
67.31 91550
67.32 91556
67.33 91562
67.34 91572
67.35 91577
67.36 91598
67.37 91623
67.38 91642
67.39 91661
67.40 91677
67.41 91693
67.42 91709
67.43 91728
67.45 91744
67.46 91762
67.47 91783
67.48 91800
67.49 91822
67.50 91839
67.51 91858
67.52 91874
67.53 91892
67.54 91904
67.55 91925
67.56 91943
67.57 91967
67.58 91987
67.59 92008
67.60 92026
67.61 92040
67.62 92055
67.63 92062
67.64 92073
67.65 92082
67.66 92089
67.67 92094
67.68 92104
67.69 92117
67.70 92131
67.71 92142
67.72 92156
67.73 92166
67.74 92182
67.75 92202
67.76 92220
67.77 92236
67.78 92249
67.79 92258
67.80 92261
67.81 92265
67.82 92278
67.83 92281
67.84 92287
67.85 92291
67.86 92296
67.87 92299
67.88 92303
67.89 92306
67.90 92311
67.91 92313
67.92 92317
67.93 92321
67.94 92330
67.95 92332
67.96 92337
67.97 92342
67.98 92352
67.99 92355
68.00 92363
68.01 92372
68.02 92386
68.03 92400
68.04 92413
68.05 92429
68.06 92442
68.07 92462
68.08 92479
68.09 92498
68.10 92516
68.11 92531
68.12 92547
68.13 92559
68.14 92571
68.15 92593
68.16 92613
68.17 92638
68.18 92658
68.19 92680
68.20 92695
68.21 92713
68.22 92734
68.23 92749
68.24 92767
68.25 92781
68.26 92798
68.27 92812
68.28 92823
68.29 92842
68.30 92860
68.31 92877
68.32 92894
68.33 92913
68.34 92933
68.35 92947
68.36 92968
68.37 92993
68.38 93017
68.39 93042
68.40 93059
68.41 93075
68.43 93098
68.44 93120
68.45 93137
68.46 93152
68.47 93170
68.48 93186
68.49 93204
68.50 93221
68.51 93238
68.52 93259
68.53 93280
68.54 93295
68.55 93306
68.56 93322
68.57 93329
68.58 93346
68.59 93362
68.60 93366
68.61 93372
68.62 93378
68.63 93380
68.64 93399
68.65 93417
68.66 93434
68.67 93457
68.68 93478
68.69 93493
68.70 93514
68.71 93533
68.72 93551
68.73 93569
68.74 93592
68.75 93610
68.76 93629
68.77 93648
68.78 93666
68.79 93680
68.80 93699
68.81 93717
68.82 93739
68.83 93756
68.84 93778
68.85 93796
68.86 93811
68.87 93833
68.88 93852
68.89 93873
68.90 93890
68.91 93908
68.92 93927
68.93 93946
68.94 93965
68.95 93985
68.96 94005
68.97 94027
68.98 94050
68.99 94068
69.00 94083
69.01 94100
69.02 94120
69.03 94138
69.04 94159
69.05 94173
69.06 94197
69.07 94216
69.08 94229
69.09 94247
69.10 94269
69.11 94291
69.12 94312
69.13 94337
69.14 94359
69.15 94383
69.16 94403
69.17 94426
69.18 94437
69.19 94461
69.20 94479
69.21 94500
69.22 94518
69.23 94541
69.24 94563
69.25 94580
69.26 94600
69.27 94623
69.28 94643
69.29 94660
69.30 94679
69.31 94697
69.32 94713
69.33 94727
69.34 94743
69.35 94762
69.36 94779
69.37 94800
69.38 94817
69.39 94839
69.40 94854
69.42 94877
69.43 94894
69.44 94916
69.45 94937
69.46 94955
69.47 94979
69.48 94997
69.49 95017
69.50 95034
69.51 95060
69.52 95082
69.53 95102
69.54 95128
69.55 95154
69.56 95179
69.57 95197
69.58 95217
69.59 95235
69.60 95254
69.61 95270
69.62 95292
69.63 95312
69.64 95328
69.65 95341
69.66 95358
69.67 95377
69.68 95397
69.69 95411
69.70 95425
69.71 95442
69.72 95461
69.73 95484
69.74 95498
69.75 95511
69.76 95530
69.77 95543
69.78 95559
69.79 95574
69.80 95589
69.81 95612
69.82 95629
69.83 95653
69.84 95665
69.85 95683
69.86 95695
69.87 95717
69.88 95739
69.89 95756
69.90 95771
69.91 95782
69.92 95796
69.93 95818
69.94 95835
69.95 95839
69.96 95844
69.97 95853
69.98 95858
69.99 95861
70.00 95869
70.01 95873
70.02 95881
70.03 95892
70.04 95907
70.05 95931
70.06 95946
70.07 95965
70.08 95981
70.09 95997
70.10 96009
70.11 96023
70.12 96038
70.13 96054
70.14 96068
70.15 96088
70.16 96094
70.17 96109
70.18 96128
70.19 96148
70.20 96166
70.21 96181
70.22 96195
70.23 96210
70.24 96228
70.25 96246
70.26 96260
70.27 96275
70.28 96289
70.29 96304
70.30 96322
70.31 96343
70.32 96360
70.33 96374
70.34 96398
70.35 96417
70.36 96436
70.37 96455
70.38 96477
70.40 96494
70.41 96508
70.42 96534
70.43 96554
70.44 96571
70.45 96591
70.46 96609
70.47 96626
70.48 96646
70.49 96661
70.50 96676
70.51 96694
70.52 96711
70.53 96728
70.54 96750
70.55 96770
70.56 96792
70.57 96809
70.58 96828
70.59 96843
70.60 96857
70.61 96873
70.62 96893
70.63 96912
70.64 96924
70.65 96937
70.66 96945
70.67 96959
70.68 96977
70.69 96986
70.70 96994
70.71 96998
70.72 97006
70.73 97011
70.74 97016
70.75 97024
70.76 97031
70.77 97039
70.78 97063
70.79 97074
70.80 97091
70.81 97111
70.82 97132
70.83 97150
70.84 97176
70.85 97193
70.86 97208
70.87 97227
70.88 97246
70.89 97264
70.90 97283
70.91 97296
70.92 97312
70.93 97325
70.94 97345
70.95 97360
70.96 97371
70.97 97391
70.98 97409
70.99 97431
71.00 97450
71.01 97468
71.02 97486
71.03 97500
71.04 97523
71.05 97540
71.06 97559
71.07 97573
71.08 97592
71.09 97605
71.10 97624
71.11 97628
71.12 97640
71.13 97653
71.14 97658
71.15 97664
71.16 97672
71.17 97683
71.18 97699
71.19 97718
71.20 97731
71.21 97748
71.22 97758
71.23 97779
71.24 97798
71.25 97820
71.26 97837
71.27 97855
71.28 97871
71.29 97888
71.30 97899
71.31 97913
71.32 97928
71.33 97944
71.34 97961
71.35 97980
71.36 97998
71.37 98018
71.39 98035
71.40 98054
71.41 98069
71.42 98090
71.43 98115
71.44 98136
71.45 98151
71.46 98170
71.47 98183
71.48 98197
71.49 98221
71.50 98248
71.51 98273
71.52 98294
71.53 98313
71.54 98330
71.55 98350
71.56 98368
71.57 98387
71.58 98408
71.59 98425
71.60 98447
71.61 98472
71.62 98494
71.63 98513
71.64 98532
71.65 98551
71.66 98568
71.67 98584
71.68 98604
71.69 98627
71.70 98650
71.71 98673
71.72 98690
71.73 98708
71.74 98729
71.75 98739
71.76 98751
71.77 98763
71.78 98786
71.79 98803
71.80 98821
71.81 98826
71.82 98833
71.83 98839
71.84 98843
71.85 98853
71.86 98869
71.87 98880
71.88 98900
71.89 98919
71.90 98941
71.91 98962
71.92 98972
71.93 98975
71.94 98984
71.95 98988
71.96 98996
71.97 99005
71.98 99020
71.99 99035
72.00 99059
72.01 99079
72.02 99097
72.03 99111
72.04 99126
72.05 99146
72.06 99163
72.07 99187
72.08 99213
72.09 99230
72.10 99249
72.11 99272
72.12 99296
72.13 99315
72.14 99326
72.15 99341
72.16 99349
72.17 99363
72.18 99384
72.19 99409
72.20 99420
72.21 99436
72.22 99453
72.23 99460
72.24 99473
72.25 99487
72.26 99497
72.27 99501
72.28 99509
72.29 99513
72.30 99522
72.31 99532
72.32 99547
72.33 99564
72.34 99568
72.35 99581
72.37 99590
72.38 99602
72.39 99612
72.40 99624
72.41 99635
72.42 99643
72.43 99653
72.44 99666
72.45 99679
72.46 99693
72.47 99712
72.48 99725
72.49 99740
72.50 99750
72.51 99763
72.52 99778
72.53 99785
72.54 99790
72.55 99798
72.56 99800
72.57 99804
72.58 99812
72.59 99814
72.60 99820
72.61 99824
72.62 99831
72.63 99844
72.64 99863
72.65 99880
72.66 99905
72.67 99929
72.68 99954
72.69 99980
72.70 99994
72.71 100012
72.72 100026
72.73 100048
72.74 100061
72.75 100073
72.76 100089
72.77 100098
72.78 100103
72.79 100112
72.80 100116
72.81 100123
72.82 100129
72.83 100134
72.84 100141
72.85 100143
72.86 100149
72.87 100151
72.88 100156
72.89 100175
72.90 100185
72.91 100204
72.92 100218
72.93 100232
72.94 100254
72.95 100272
72.96 100284
72.97 100300
72.98 100313
72.99 100332
73.00 100346
73.01 100366
73.02 100379
73.03 100391
73.04 100407
73.05 100426
73.06 100446
73.07 100457
73.08 100476
73.09 100496
73.10 100506
73.11 100522
73.12 100538
73.13 100557
73.14 100573
73.15 100592
73.16 100607
73.17 100630
73.18 100651
73.19 100665
73.20 100685
73.21 100702
73.22 100715
73.23 100734
73.24 100748
73.25 100768
73.26 100785
73.27 100806
73.28 100821
73.29 100848
73.30 100866
73.31 100883
73.32 100903
73.33 100920
73.35 100940
73.36 100957
73.37 100977
73.38 100997
73.39 101015
73.40 101039
73.41 101055
73.42 101082
73.43 101103
73.44 101125
73.45 101146
73.46 101161
73.47 101181
73.48 101198
73.49 101220
73.50 101237
73.51 101252
73.52 101269
73.53 101292
73.54 101311
73.55 101332
73.56 101347
73.57 101359
73.58 101371
73.59 101388
73.60 101405
73.61 101422
73.62 101436
73.63 101451
73.64 101471
73.65 101487
73.66 101503
73.67 101526
73.68 101548
73.69 101576
73.70 101598
73.71 101617
73.72 101636
73.73 101654
73.74 101662
73.75 101675
73.76 101695
73.77 101710
73.78 101716
73.79 101721
73.80 101732
73.81 101740
73.82 101745
73.83 101750
73.84 101753
73.85 101761
73.86 101768
73.87 101789
73.88 101810
73.89 101830
73.90 101853
73.91 101874
73.92 101891
73.93 101895
73.94 101899
73.95 101905
73.96 101909
73.97 101911
73.98 101916
73.99 101922
74.00 101937
74.01 101948
74.02 101957
74.03 101973
74.04 101988
74.05 102006
74.06 102019
74.07 102035
74.08 102050
74.09 102063
74.10 102083
74.11 102098
74.12 102110
74.13 102125
74.14 102148
74.15 102161
74.16 102178
74.17 102191
74.18 102209
74.19 102226
74.20 102238
74.21 102255
74.22 102270
74.23 102280
74.24 102299
74.25 102312
74.26 102328
74.27 102347
74.28 102356
74.29 102370
74.30 102387
74.31 102402
74.32 102416
74.34 102432
74.35 102445
74.36 102458
74.37 102473
74.38 102481
74.39 102502
74.40 102508
74.41 102520
74.42 102532
74.43 102546
74.44 102561
74.45 102578
74.46 102588
74.47 102605
74.48 102621
74.49 102637
74.50 102657
74.51 102674
74.52 102691
74.53 102704
74.54 102723
74.55 102737
74.56 102754
74.57 102768
74.58 102780
74.59 102794
74.60 102807
74.61 102818
74.62 102836
74.63 102850
74.64 102861
74.65 102874
74.66 102896
74.67 102917
74.68 102931
74.69 102935
74.70 102942
74.71 102947
74.72 102954
74.73 102962
74.74 102982
74.75 103001
74.76 103028
74.77 103057
74.78 103078
74.79 103092
74.80 103102
74.81 103104
74.82 103109
74.83 103117
74.84 103121
74.85 103126
74.86 103141
74.87 103157
74.88 103174
74.89 103189
74.90 103206
74.91 103221
74.92 103238
74.93 103253
74.94 103271
74.95 103292
74.96 103305
74.97 103321
74.98 103335
74.99 103350
75.00 103364
75.01 103378
75.02 103391
75.03 103410
75.04 103428
75.05 103439
75.06 103449
75.07 103460
75.08 103471
75.09 103485
75.10 103492
75.11 103500
75.12 103514
75.13 103538
75.14 103551
75.15 103569
75.16 103580
75.17 103585
75.18 103597
75.19 103619
75.20 103636
75.21 103646
75.22 103652
75.23 103658
75.24 103665
75.25 103669
75.26 103678
75.27 103688
75.28 103709
75.29 103727
75.30 103742
75.32 103756
75.33 103771
75.34 103790
75.35 103810
75.36 103825
75.37 103841
75.38 103853
75.39 103865
75.40 103878
75.41 103891
75.42 103903
75.43 103913
75.44 103914
75.45 103918
75.46 103921
75.47 103926
75.48 103931
75.49 103933
75.50 103936
75.51 103937
75.52 103942
75.53 103942
75.54 103948
75.55 103951
75.56 103961
75.57 103965
75.58 103977
75.59 103998
75.60 104001
75.61 104005
75.62 104010
75.63 104018
75.64 104030
75.65 104046
75.66 104062
75.67 104081
75.68 104100
75.69 104117
75.70 104138
75.71 104159
75.72 104179
75.73 104196
75.74 104211
75.75 104218
75.76 104225
75.77 104235
75.78 104256
75.79 104268
75.80 104277
75.81 104282
75.82 104288
75.83 104294
75.84 104298
75.85 104306
75.86 104319
75.87 104335
75.88 104353
75.89 104371
75.90 104386
75.91 104399
75.92 104415
75.93 104429
75.94 104449
75.95 104467
75.96 104484
75.97 104497
75.98 104506
75.99 104519
76.00 104534
76.01 104547
76.02 104561
76.03 104573
76.04 104587
76.05 104592
76.06 104594
76.07 104598
76.08 104605
76.09 104611
76.10 104616
76.11 104620
76.12 104625
76.13 104632
76.14 104640
76.15 104651
76.16 104663
76.17 104677
76.18 104692
76.19 104709
76.20 104722
76.21 104737
76.22 104755
76.23 104766
76.24 104785
76.25 104797
76.26 104816
76.27 104830
76.28 104849
76.29 104865
76.31 104880
76.32 104896
76.33 104913
76.34 104929
76.35 104943
76.36 104966
76.37 104978
76.38 104998
76.39 105013
76.40 105036
76.41 105056
76.42 105073
76.43 105091
76.44 105107
76.45 105119
76.46 105133
76.47 105145
76.48 105157
76.49 105173
76.50 105186
76.51 105203
76.52 105216
76.53 105225
76.54 105237
76.55 105244
76.56 105252
76.57 105258
76.58 105265
76.59 105273
76.60 105285
76.61 105294
76.62 105303
76.63 105312
76.64 105326
76.65 105336
76.66 105343
76.67 105350
76.68 105368
76.69 105376
76.70 105379
76.71 105380
76.72 105385
76.73 105389
76.74 105396
76.75 105401
76.76 105407
76.77 105428
76.78 105441
76.79 105455
76.80 105465
76.81 105475
76.82 105484
76.83 105501
76.84 105520
76.85 105539
76.86 105556
76.87 105574
76.88 105597
76.89 105615
76.90 105631
76.91 105650
76.92 105669
76.93 105686
76.94 105702
76.95 105716
76.96 105725
76.97 105742
76.98 105759
76.99 105782
77.00 105803
77.01 105819
77.02 105829
77.03 105840
77.04 105855
77.05 105872
77.06 105881
77.07 105885
77.08 105888
77.09 105893
77.10 105899
77.11 105906
77.12 105907
77.13 105911
77.14 105917
77.15 105925
77.16 105937
77.17 105945
77.18 105954
77.19 105963
77.20 105976
77.21 105992
77.22 106005
77.23 106025
77.24 106037
77.25 106061
77.26 106073
77.27 106084
77.29 106098
77.30 106105
77.31 106114
77.32 106118
77.33 106124
77.34 106129
77.35 106150
77.36 106159
77.37 106163
77.38 106167
77.39 106168
77.40 106169
77.41 106176
77.42 106185
77.43 106191
77.44 106195
77.45 106202
77.46 106213
77.47 106222
77.48 106233
77.49 106239
77.50 106252
77.51 106262
77.52 106269
77.53 106282
77.54 106300
77.55 106313
77.56 106325
77.57 106328
77.58 106346
77.59 106355
77.60 106367
77.61 106370
77.62 106374
77.63 106377
77.64 106382
77.65 106385
77.66 106390
77.67 106393
77.68 106410
77.69 106420
77.70 106424
77.71 106429
77.72 106446
77.73 106453
77.74 106466
77.75 106478
77.76 106489
77.77 106504
77.78 106512
77.79 106526
77.80 106546
77.81 106565
77.82 106576
77.83 106580
77.84 106587
77.85 106593
77.86 106601
77.87 106607
77.88 106610
77.89 106617
77.90 106619
77.91 106620
77.92 106621
77.93 106629
77.94 106637
77.95 106641
77.96 106653
77.97 106657
77.98 106663
77.99 106675
78.00 106685
78.01 106697
78.02 106702
78.03 106707
78.04 106710
78.05 106715
78.06 106719
78.07 106720
78.08 106727
78.09 106735
78.10 106754
78.11 106778
78.12 106800
78.13 106814
78.14 106825
78.15 106842
78.16 106856
78.17 106870
78.18 106879
78.19 106898
78.20 106913
78.21 106933
78.22 106941
78.23 106954
78.24 106962
78.25 106972
78.26 106996
78.28 107016
78.29 107038
78.30 107041
78.31 107046
78.32 107055
78.33 107059
78.34 107065
78.35 107072
78.36 107076
78.37 107083
78.38 107091
78.39 107103
78.40 107119
78.41 107134
78.42 107146
78.43 107158
78.44 107166
78.45 107183
78.46 107195
78.47 107205
78.48 107215
78.49 107228
78.50 107242
78.51 107258
78.52 107283
78.53 107293
78.54 107318
78.55 107330
78.56 107351
78.57 107367
78.58 107392
78.59 107402
78.60 107422
78.61 107434
78.62 107447
78.63 107454
78.64 107470
78.65 107484
78.66 107497
78.67 107507
78.68 107509
78.69 107516
78.70 107523
78.71 107528
78.72 107547
78.73 107562
78.74 107584
78.75 107603
78.76 107620
78.77 107631
78.78 107650
78.79 107666
78.80 107680
78.81 107703
78.82 107717
78.83 107725
78.84 107728
78.85 107731
78.86 107738
78.87 107743
78.88 107745
78.89 107749
78.90 107755
78.91 107759
78.92 107768
78.93 107773
78.94 107778
78.95 107783
78.96 107793
78.97 107797
78.98 107806
78.99 107815
79.00 107840
79.01 107855
79.02 107867
79.03 107878
79.04 107887
79.05 107891
79.06 107905
79.07 107910
79.08 107918
79.09 107937
79.10 107948
79.11 107962
79.12 107977
79.13 107993
79.14 108013
79.15 108031
79.16 108055
79.17 108070
79.18 108082
79.19 108094
79.20 108113
79.21 108132
79.22 108155
79.23 108162
79.24 108172
79.26 108190
79.27 108200
79.28 108208
79.29 108213
79.30 108220
79.31 108224
79.32 108226
79.33 108230
79.34 108246
79.35 108253
79.36 108261
79.37 108269
79.38 108284
79.39 108306
79.40 108323
79.41 108340
79.42 108357
79.43 108370
79.44 108383
79.45 108407
79.46 108425
79.47 108439
79.48 108460
79.49 108479
79.50 108504
79.51 108526
79.52 108546
79.53 108564
79.54 108575
79.55 108593
79.56 108616
79.57 108636
79.58 108655
79.59 108672
79.60 108688
79.61 108707
79.62 108723
79.63 108739
79.64 108760
79.65 108784
79.66 108798
79.67 108824
79.68 108840
79.69 108846
79.70 108847
79.71 108851
79.72 108854
79.73 108855
79.74 108860
79.75 108862
79.76 108863
79.77 108866
79.78 108866
79.79 108870
79.80 108876
79.81 108887
79.82 108898
79.83 108907
79.84 108923
79.85 108947
79.86 108972
79.87 108990
79.88 109011
79.89 109035
79.90 109052
79.91 109071
79.92 109087
79.93 109105
79.94 109122
79.95 109136
79.96 109152
79.97 109174
79.98 109186
79.99 109199
80.00 109216
80.01 109237
80.02 109256
80.03 109269
80.04 109287
80.05 109311
80.06 109328
80.07 109342
80.08 109358
80.09 109376
80.10 109389
80.11 109405
80.12 109424
80.13 109443
80.14 109460
80.15 109475
80.16 109493
80.17 109502
80.18 109514
80.19 109537
80.20 109554
80.21 109574
80.22 109594
80.23 109614
80.25 109630
80.26 109643
80.27 109667
80.28 109685
80.29 109704
80.30 109719
80.31 109736
80.32 109748
80.33 109765
80.34 109786
80.35 109804
80.36 109822
80.37 109840
80.38 109858
80.39 109871
80.40 109888
80.41 109905
80.42 109920
80.43 109934
80.44 109946
80.45 109963
80.46 109977
80.47 109992
80.48 110016
80.49 110034
80.50 110053
80.51 110072
80.52 110088
80.53 110109
80.54 110126
80.55 110141
80.56 110160
80.57 110177
80.58 110191
80.59 110209
80.60 110226
80.61 110239
80.62 110247
80.63 110257
80.64 110270
80.65 110286
80.66 110307
80.67 110324
80.68 110338
80.69 110349
80.70 110366
80.71 110380
80.72 110397
80.73 110416
80.74 110431
80.75 110444
80.76 110458
80.77 110489
80.78 110503
80.79 110519
80.80 110533
80.81 110549
80.82 110572
80.83 110587
80.84 110603
80.85 110621
80.86 110642
80.87 110660
80.88 110679
80.89 110688
80.90 110711
80.91 110729
80.92 110743
80.93 110759
80.94 110769
80.95 110787
80.96 110790
80.97 110794
80.98 110796
80.99 110796
81.00 110797
81.01 110802
81.02 110807
81.03 110809
81.04 110813
81.05 110816
81.06 110832
81.07 110846
81.08 110859
81.09 110872
81.10 110884
81.11 110900
81.12 110922
81.13 110927
81.14 110941
81.15 110956
81.16 110973
81.17 110978
81.18 110985
81.19 110995
81.20 111000
81.21 111009
81.23 111016
81.24 111017
81.25 111020
81.26 111021
81.27 111025
81.28 111027
81.29 111028
81.30 111030
81.31 111033
81.32 111034
81.33 111038
81.34 111038
81.35 111050
81.36 111050
81.37 111053
81.38 111059
81.39 111065
81.40 111081
81.41 111101
81.42 111123
81.43 111142
81.44 111161
81.45 111180
81.46 111197
81.47 111214
81.48 111233
81.49 111260
81.50 111279
81.51 111295
81.52 111311
81.53 111323
81.54 111334
81.55 111339
81.56 111345
81.57 111351
81.58 111355
81.59 111374
81.60 111388
81.61 111397
81.62 111418
81.63 111432
81.64 111445
81.65 111465
81.66 111481
81.67 111501
81.68 111518
81.69 111534
81.70 111549
81.71 111569
81.72 111588
81.73 111607
81.74 111623
81.75 111638
81.76 111656
81.77 111668
81.78 111679
81.79 111686
81.80 111690
81.81 111694
81.82 111698
81.83 111700
81.84 111701
81.85 111704
81.86 111708
81.87 111710
81.88 111717
81.89 111724
81.90 111727
81.91 111729
81.92 111742
81.93 111755
81.94 111775
81.95 111794
81.96 111810
81.97 111828
81.98 111835
81.99 111850
82.00 111869
82.01 111882
82.02 111890
82.03 111901
82.04 111907
82.05 111920
82.06 111926
82.07 111936
82.08 111945
82.09 111949
82.10 111956
82.11 111961
82.12 111969
82.13 111980
82.14 111994
82.15 112008
82.16 112027
82.17 112035
82.18 112052
82.19 112061
82.21 112073
82.22 112085
82.23 112096
82.24 112104
82.25 112115
82.26 112131
82.27 112139
82.28 112153
82.29 112164
82.30 112175
82.31 112186
82.32 112196
82.33 112210
82.34 112224
82.35 112235
82.36 112246
82.37 112254
82.38 112267
82.39 112279
82.40 112289
82.41 112295
82.42 112308
82.43 112320
82.44 112334
82.45 112343
82.46 112357
82.47 112375
82.48 112388
82.49 112395
82.50 112405
82.51 112416
82.52 112430
82.53 112439
82.54 112447
82.55 112467
82.56 112477
82.57 112489
82.58 112495
82.59 112503
82.60 112515
82.61 112521
82.62 112537
82.63 112539
82.64 112549
82.65 112559
82.66 112569
82.67 112582
82.68 112589
82.69 112592
82.70 112600
82.71 112608
82.72 112623
82.73 112633
82.74 112642
82.75 112652
82.76 112654
82.77 112662
82.78 112673
82.79 112687
82.80 112693
82.81 112705
82.82 112714
82.83 112721
82.84 112732
82.85 112740
82.86 112748
82.87 112762
82.88 112776
82.89 112786
82.90 112802
82.91 112810
82.92 112821
82.93 112826
82.94 112829
82.95 112833
82.96 112839
82.97 112850
82.98 112855
82.99 112862
83.00 112874
83.01 112888
83.02 112899
83.03 112908
83.04 112923
83.05 112932
83.06 112934
83.07 112944
83.08 112948
83.09 112958
83.10 112964
83.11 112973
83.12 112981
83.13 112991
83.14 113006
83.15 113013
83.16 113023
83.17 113036
83.18 113044
83.20 113047
83.21 113051
83.22 113057
83.23 113062
83.24 113066
83.25 113067
83.26 113082
83.27 113089
83.28 113097
83.29 113106
83.30 113115
83.31 113120
83.32 113136
83.33 113156
83.34 113160
83.35 113167
83.36 113178
83.37 113185
83.38 113191
83.39 113204
83.40 113214
83.41 113215
83.42 113225
83.43 113230
83.44 113233
83.45 113242
83.46 113247
83.47 113248
83.48 113256
83.49 113264
83.50 113273
83.51 113280
83.52 113283
83.53 113285
83.54 113292
83.55 113302
83.56 113306
83.57 113316
83.58 113321
83.59 113332
83.60 113340
83.61 113350
83.62 113356
83.63 113368
83.64 113372
83.65 113379
83.66 113385
83.67 113396
83.68 113401
83.69 113415
83.70 113419
83.71 113428
83.72 113437
83.73 113440
83.74 113449
83.75 113460
83.76 113465
83.77 113473
83.78 113491
83.79 113494
83.80 113503
83.81 113505
83.82 113509
83.83 113515
83.84 113522
83.85 113529
83.86 113538
83.87 113547
83.88 113563
83.89 113567
83.90 113572
83.91 113587
83.92 113592
83.93 113600
83.94 113601
83.95 113604
83.96 113607
83.97 113610
83.98 113618
83.99 113618
84.00 113623
84.01 113632
84.02 113648
84.03 113659
84.04 113662
84.05 113666
84.06 113675
84.07 113680
84.08 113684
84.09 113685
84.10 113692
84.11 113704
84.12 113705
84.13 113713
84.14 113723
84.15 113732
84.16 113737
84.18 113751
84.19 113752
84.20 113760
84.21 113766
84.22 113772
84.23 113777
84.24 113790
84.25 113803
84.26 113820
84.27 113832
84.28 113850
84.29 113872
84.30 113889
84.31 113909
84.32 113930
84.33 113943
84.34 113962
84.35 113977
84.36 113985
84.37 113991
84.38 113995
84.39 113999
84.40 114003
84.41 114005
84.42 114014
84.43 114016
84.44 114017
84.45 114030
84.46 114038
84.47 114050
84.48 114055
84.49 114064
84.50 114067
84.51 114071
84.52 114079
84.53 114092
84.54 114108
84.55 114112
84.56 114121
84.57 114132
84.58 114148
84.59 114165
84.60 114174
84.61 114180
84.62 114193
84.63 114204
84.64 114205
84.65 114222
84.66 114234
84.67 114247
84.68 114248
84.69 114257
84.70 114262
84.71 114268
84.72 114281
84.73 114295
84.74 114300
84.75 114301
84.76 114307
84.77 114315
84.78 114321
84.79 114327
84.80 114329
84.81 114334
84.82 114343
84.83 114350
84.84 114355
84.85 114359
84.86 114364
84.87 114372
84.88 114380
84.89 114382
84.90 114393
84.91 114398
84.92 114401
84.93 114411
84.94 114427
84.95 114431
84.96 114438
84.97 114440
84.98 114446
84.99 114457
85.00 114464
85.01 114479
85.02 114484
85.03 114490
85.04 114494
85.05 114500
85.06 114504
85.07 114505
85.08 114511
85.09 114523
85.10 114532
85.11 114535
85.12 114548
85.13 114554
85.14 114562
85.15 114572
85.17 114575
85.18 114584
85.19 114586
85.20 114588
85.21 114590
85.22 114595
85.23 114602
85.24 114603
85.25 114616
85.26 114618
85.27 114619
85.28 114621
85.29 114626
85.30 114635
85.31 114636
85.32 114642
85.33 114642
85.34 114650
85.35 114650
85.36 114660
85.37 114662
85.38 114671
85.39 114679
85.40 114691
85.41 114701
85.42 114713
85.43 114728
85.44 114733
85.45 114734
85.46 114739
85.47 114743
85.48 114749
85.49 114751
85.50 114751
85.51 114751
85.52 114762
85.53 114776
85.54 114806
85.55 114817
85.56 114824
85.57 114827
85.58 114834
85.59 114842
85.60 114846
85.61 114852
85.62 114856
85.63 114856
85.64 114858
85.65 114858
85.66 114861
85.67 114862
85.68 114866
85.69 114889
85.70 114900
85.71 114903
85.72 114917
85.73 114927
85.74 114946
85.75 114961
85.76 114977
85.77 114994
85.78 115004
85.79 115017
85.80 115034
85.81 115051
85.82 115069
85.83 115080
85.84 115094
85.85 115114
85.86 115130
85.87 115146
85.88 115163
85.89 115187
85.90 115209
85.91 115228
85.92 115252
85.93 115276
85.94 115291
85.95 115308
85.96 115325
85.97 115343
85.98 115358
85.99 115377
86.00 115384
86.01 115394
86.02 115403
86.03 115417
86.04 115438
86.05 115454
86.06 115478
86.07 115494
86.08 115504
86.09 115508
86.10 115509
86.11 115520
86.12 115521
86.13 115525
86.15 115525
86.16 115528
86.17 115530
86.18 115536
86.19 115545
86.20 115548
86.21 115549
86.22 115549
86.23 115549
86.24 115555
86.25 115555
86.26 115555
86.27 115561
86.28 115564
86.29 115564
86.30 115568
86.31 115570
86.32 115574
86.33 115581
86.34 115584
86.35 115585
86.36 115588
86.37 115589
86.38 115589
86.39 115596
86.40 115617
86.41 115631
86.42 115644
86.43 115660
86.44 115677
86.45 115693
86.46 115717
86.47 115737
86.48 115767
86.49 115772
86.50 115782
86.51 115800
86.52 115808
86.53 115812
86.54 115818
86.55 115838
86.56 115859
86.57 115872
86.58 115881
86.59 115892
86.60 115910
86.61 115928
86.62 115939
86.63 115957
86.64 115972
86.65 115993
86.66 116009
86.67 116027
86.68 116048
86.69 116070
86.70 116087
86.71 116099
86.72 116112
86.73 116134
86.74 116149
86.75 116162
86.76 116178
86.77 116202
86.78 116220
86.79 116237
86.80 116251
86.81 116256
86.82 116264
86.83 116271
86.84 116283
86.85 116299
86.86 116314
86.87 116333
86.88 116355
86.89 116373
86.90 116388
86.91 116400
86.92 116412
86.93 116418
86.94 116444
86.95 116459
86.96 116469
86.97 116477
86.98 116480
86.99 116483
87.00 116488
87.01 116495
87.02 116496
87.03 116496
87.04 116496
87.05 116497
87.06 116499
87.07 116522
87.08 116540
87.09 116548
87.10 116552
87.11 116554
87.12 116555
87.14 116560
87.15 116563
87.16 116566
87.17 116571
87.18 116579
87.19 116582
87.20 116582
87.21 116586
87.22 116586
87.23 116589
87.24 116600
87.25 116612
87.26 116629
87.27 116642
87.28 116660
87.29 116681
87.30 116702
87.31 116719
87.32 116734
87.33 116749
87.34 116757
87.35 116776
87.36 116787
87.37 116807
87.38 116819
87.39 116833
87.40 116844
87.41 116861
87.42 116883
87.43 116904
87.44 116924
87.45 116939
87.46 116964
87.47 116982
87.48 116997
87.49 117016
87.50 117029
87.51 117037
87.52 117047
87.53 117067
87.54 117083
87.55 117095
87.56 117113
87.57 117135
87.58 117151
87.59 117172
87.60 117196
87.61 117207
87.62 117220
87.63 117226
87.64 117228
87.65 117231
87.66 117237
87.67 117246
87.68 117250
87.69 117256
87.70 117259
87.71 117274
87.72 117281
87.73 117288
87.74 117303
87.75 117315
87.76 117320
87.77 117323
87.78 117329
87.79 117339
87.80 117354
87.81 117366
87.82 117373
87.83 117385
87.84 117392
87.85 117408
87.86 117419
87.87 117430
87.88 117441
87.89 117447
87.90 117455
87.91 117462
87.92 117472
87.93 117488
87.94 117496
87.95 117509
87.96 117515
87.97 117524
87.98 117531
87.99 117533
88.00 117544
88.01 117559
88.02 117578
88.03 117589
88.04 117596
88.05 117608
88.06 117623
88.07 117639
88.08 117655
88.09 117662
88.10 117676
88.12 117687
88.13 117698
88.14 117699
88.15 117706
88.16 117712
88.17 117722
88.18 117724
88.19 117739
88.20 117750
88.21 117761
88.22 117774
88.23 117786
88.24 117792
88.25 117810
88.26 117822
88.27 117833
88.28 117837
88.29 117841
88.30 117841
88.31 117841
88.32 117843
88.33 117843
88.34 117845
88.35 117849
88.36 117862
88.37 117871
88.38 117891
88.39 117896
88.40 117910
88.41 117914
88.42 117919
88.43 117927
88.44 117928
88.45 117936
88.46 117951
88.47 117953
88.48 117954
88.49 117959
88.50 117967
88.51 117972
88.52 117974
88.53 117983
88.54 117983
88.55 117994
88.56 118004
88.57 118014
88.58 118024
88.59 118027
88.60 118037
88.61 118049
88.62 118057
88.63 118069
88.64 118086
88.65 118092
88.66 118104
88.67 118108
88.68 118113
88.69 118126
88.70 118141
88.71 118147
88.72 118153
88.73 118165
88.74 118170
88.75 118178
88.76 118184
88.77 118198
88.78 118207
88.79 118218
88.80 118230
88.81 118241
88.82 118249
88.83 118256
88.84 118269
88.85 118276
88.86 118289
88.87 118297
88.88 118307
88.89 118317
88.90 118331
88.91 118347
88.92 118364
88.93 118370
88.94 118387
88.95 118396
88.96 118406
88.97 118424
88.98 118431
88.99 118439
89.00 118440
89.01 118451
89.02 118461
89.03 118473
89.04 118479
89.05 118491
89.06 118495
89.07 118504
89.08 118506
89.09 118523
89.11 118531
89.12 118537
89.13 118551
89.14 118557
89.15 118581
89.16 118597
89.17 118608
89.18 118618
89.19 118634
89.20 118650
89.21 118665
89.22 118673
89.23 118683
89.24 118698
89.25 118707
89.26 118714
89.27 118727
89.28 118740
89.29 118751
89.30 118763
89.31 118771
89.32 118786
89.33 118796
89.34 118810
89.35 118818
89.36 118826
89.37 118841
89.38 118860
89.39 118870
89.40 118881
89.41 118888
89.42 118895
89.43 118906
89.44 118915
89.45 118925
89.46 118926
89.47 118934
89.48 118944
89.49 118954
89.50 118956
89.51 118963
89.52 118966
89.53 118976
89.54 118991
89.55 118996
89.56 118999
89.57 119000
89.58 119010
89.59 119013
89.60 119020
89.61 119023
89.62 119033
89.63 119036
89.64 119044
89.65 119050
89.66 119056
89.67 119059
89.68 119069
89.69 119070
89.70 119074
89.71 119076
89.72 119078
89.73 119084
89.74 119086
89.75 119092
89.76 119112
89.77 119116
89.78 119118
89.79 119122
89.80 119125
89.81 119135
89.82 119140
89.83 119146
89.84 119149
89.85 119160
89.86 119162
89.87 119172
89.88 119183
89.89 119187
89.90 119211
89.91 119229
89.92 119246
89.93 119254
89.94 119266
89.95 119273
89.96 119282
89.97 119294
89.98 119303
89.99 119311
90.00 119322
90.01 119332
90.02 119334
90.03 119347
90.04 119354
90.05 119361
90.06 119367
90.07 119371
90.09 119383
90.10 119389
90.11 119398
90.12 119401
90.13 119409
90.14 119411
90.15 119416
90.16 119431
90.17 119442
90.18 119450
90.19 119462
90.20 119466
90.21 119472
90.22 119477
90.23 119480
90.24 119493
90.25 119507
90.26 119518
90.27 119525
90.28 119535
90.29 119544
90.30 119551
90.31 119562
90.32 119565
90.33 119569
90.34 119572
90.35 119579
90.36 119587
90.37 119587
90.38 119587
90.39 119587
90.40 119591
90.41 119602
90.42 119621
90.43 119625
90.44 119626
90.45 119630
90.46 119638
90.47 119641
90.48 119644
90.49 119645
90.50 119645
90.51 119651
90.52 119651
90.53 119652
90.54 119653
90.55 119658
90.56 119674
90.57 119683
90.58 119693
90.59 119703
90.60 119724
90.61 119737
90.62 119746
90.63 119769
90.64 119788
90.65 119802
90.66 119813
90.67 119822
90.68 119834
90.69 119845
90.70 119854
90.71 119860
90.72 119864
90.73 119879
90.74 119893
90.75 119909
90.76 119933
90.77 119952
90.78 119969
90.79 119974
90.80 119991
90.81 120006
90.82 120010
90.83 120031
90.84 120048
90.85 120062
90.86 120075
90.87 120081
90.88 120086
90.89 120103
90.90 120122
90.91 120142
90.92 120162
90.93 120181
90.94 120202
90.95 120218
90.96 120241
90.97 120252
90.98 120264
90.99 120272
91.00 120278
91.01 120284
91.02 120294
91.03 120297
91.04 120300
91.05 120307
91.06 120309
91.08 120312
91.09 120317
91.10 120324
91.11 120334
91.12 120340
91.13 120357
91.14 120378
91.15 120394
91.16 120411
91.17 120430
91.18 120451
91.19 120472
91.20 120491
91.21 120513
91.22 120534
91.23 120551
91.24 120570
91.25 120586
91.26 120603
91.27 120618
91.28 120632
91.29 120653
91.30 120668
91.31 120687
91.32 120700
91.33 120717
91.34 120734
91.35 120748
91.36 120766
91.37 120783
91.38 120801
91.39 120820
91.40 120828
91.41 120834
91.42 120837
91.43 120842
91.44 120848
91.45 120868
91.46 120881
91.47 120891
91.48 120905
91.49 120920
91.50 120933
91.51 120948
91.52 120962
91.53 120977
91.54 120986
91.55 121004
91.56 121016
91.57 121036
91.58 121049
91.59 121058
91.60 121070
91.61 121080
91.62 121088
91.63 121094
91.64 121107
91.65 121118
91.66 121136
91.67 121151
91.68 121168
91.69 121176
91.70 121183
91.71 121186
91.72 121192
91.73 121205
91.74 121219
91.75 121236
91.76 121251
91.77 121267
91.78 121284
91.79 121301
91.80 121318
91.81 121337
91.82 121346
91.83 121362
91.84 121380
91.85 121396
91.86 121418
91.87 121435
91.88 121460
91.89 121483
91.90 121498
91.91 121518
91.92 121532
91.93 121548
91.94 121563
91.95 121577
91.96 121586
91.97 121600
91.98 121610
91.99 121621
92.00 121624
92.01 121628
92.02 121631
92.03 121634
92.04 121640
92.06 121643
92.07 121645
92.08 121651
92.09 121657
92.10 121662
92.11 121675
92.12 121693
92.13 121714
92.14 121732
92.15 121750
92.16 121766
92.17 121780
92.18 121800
92.19 121820
92.20 121837
92.21 121860
92.22 121880
92.23 121900
92.24 121919
92.25 121938
92.26 121956
92.27 121977
92.28 121993
92.29 122011
92.30 122028
92.31 122050
92.32 122069
92.33 122092
92.34 122109
92.35 122126
92.36 122144
92.37 122162
92.38 122177
92.39 122191
92.40 122205
92.41 122220
92.42 122235
92.43 122250
92.44 122264
92.45 122280
92.46 122296
92.47 122317
92.48 122333
92.49 122348
92.50 122370
92.51 122378
92.52 122392
92.53 122407
92.54 122435
92.55 122456
92.56 122472
92.57 122492
92.58 122504
92.59 122507
92.60 122511
92.61 122515
92.62 122515
92.63 122525
92.64 122544
92.65 122554
92.66 122566
92.67 122584
92.68 122597
92.69 122615
92.70 122622
92.71 122636
92.72 122652
92.73 122662
92.74 122669
92.75 122676
92.76 122678
92.77 122684
92.78 122689
92.79 122691
92.80 122698
92.81 122703
92.82 122709
92.83 122721
92.84 122742
92.85 122763
92.86 122781
92.87 122806
92.88 122829
92.89 122846
92.90 122869
92.91 122889
92.92 122910
92.93 122928
92.94 122931
92.95 122938
92.96 122943
92.97 122949
92.98 122953
92.99 122961
93.00 122969
93.01 122976
93.02 122980
93.04 123006
93.05 123022
93.06 123035
93.07 123053
93.08 123068
93.09 123084
93.10 123109
93.11 123135
93.12 123156
93.13 123179
93.14 123198
93.15 123215
93.16 123231
93.17 123250
93.18 123260
93.19 123269
93.20 123285
93.21 123307
93.22 123324
93.23 123333
93.24 123340
93.25 123354
93.26 123366
93.27 123376
93.28 123395
93.29 123406
93.30 123413
93.31 123420
93.32 123426
93.33 123432
93.34 123443
93.35 123447
93.36 123449
93.37 123453
93.38 123465
93.39 123469
93.40 123472
93.41 123479
93.42 123485
93.43 123489
93.44 123495
93.45 123503
93.46 123512
93.47 123515
93.48 123521
93.49 123525
93.50 123530
93.51 123533
93.52 123537
93.53 123542
93.54 123546
93.55 123547
93.56 123548
93.57 123556
93.58 123559
93.59 123560
93.60 123575
93.61 123588
93.62 123611
93.63 123622
93.64 123631
93.65 123646
93.66 123661
93.67 123680
93.68 123685
93.69 123689
93.70 123695
93.71 123703
93.72 123717
93.73 123728
93.74 123742
93.75 123749
93.76 123758
93.77 123773
93.78 123789
93.79 123798
93.80 123810
93.81 123822
93.82 123837
93.83 123853
93.84 123863
93.85 123879
93.86 123893
93.87 123903
93.88 123908
93.89 123918
93.90 123918
93.91 123928
93.92 123936
93.93 123947
93.94 123961
93.95 123971
93.96 123977
93.97 123984
93.98 123991
93.99 124000
94.00 124009
94.01 124017
94.03 124025
94.04 124029
94.05 124034
94.06 124038
94.07 124046
94.08 124055
94.09 124065
94.10 124076
94.11 124079
94.12 124091
94.13 124093
94.14 124099
94.15 124107
94.16 124119
94.17 124129
94.18 124138
94.19 124150
94.20 124170
94.21 124188
94.22 124194
94.23 124203
94.24 124216
94.25 124227
94.26 124238
94.27 124243
94.28 124249
94.29 124253
94.30 124255
94.31 124258
94.32 124258
94.33 124262
94.34 124266
94.35 124273
94.36 124280
94.37 124287
94.38 124290
94.39 124297
94.40 124301
94.41 124308
94.42 124321
94.43 124339
94.44 124352
94.45 124370
94.46 124379
94.47 124385
94.48 124393
94.49 124398
94.50 124404
94.51 124413
94.52 124418
94.53 124427
94.54 124443
94.55 124457
94.56 124472
94.57 124495
94.58 124506
94.59 124510
94.60 124520
94.61 124526
94.62 124537
94.63 124548
94.64 124568
94.65 124586
94.66 124595
94.67 124608
94.68 124613
94.69 124616
94.70 124622
94.71 124632
94.72 124635
94.73 124636
94.74 124640
94.75 124644
94.76 124649
94.77 124652
94.78 124655
94.79 124658
94.80 124659
94.81 124664
94.82 124666
94.83 124667
94.84 124671
94.85 124677
94.86 124684
94.87 124688
94.88 124689
94.89 124690
94.90 124691
94.91 124697
94.92 124702
94.93 124704
94.94 124706
94.95 124707
94.96 124709
94.97 124711
94.98 124715
94.99 124720
95.01 124724
95.02 124724
95.03 124724
95.04 124724
95.05 124728
95.06 124735
95.07 124751
95.08 124763
95.09 124771
95.10 124773
95.11 124776
95.12 124780
95.13 124780
95.14 124787
95.15 124792
95.16 124799
95.17 124811
95.18 124826
95.19 124841
95.20 124857
95.21 124869
95.22 124878
95.23 124887
95.24 124898
95.25 124913
95.26 124931
95.27 124950
95.28 124961
95.29 124986
95.30 124996
95.31 125014
95.32 125030
95.33 125042
95.34 125059
95.35 125075
95.36 125093
95.37 125102
95.38 125114
95.39 125124
95.40 125143
95.41 125155
95.42 125168
95.43 125182
95.44 125196
95.45 125209
95.46 125223
95.47 125236
95.48 125252
95.49 125265
95.50 125276
95.51 125289
95.52 125301
95.53 125317
95.54 125323
95.55 125331
95.56 125348
95.57 125361
95.58 125370
95.59 125377
95.60 125390
95.61 125404
95.62 125417
95.63 125434
95.64 125453
95.65 125470
95.66 125485
95.67 125498
95.68 125513
95.69 125521
95.70 125541
95.71 125558
95.72 125573
95.73 125593
95.74 125611
95.75 125628
95.76 125641
95.77 125655
95.78 125667
95.79 125684
95.80 125698
95.81 125711
95.82 125726
95.83 125740
95.84 125754
95.85 125774
95.86 125787
95.87 125799
95.88 125817
95.89 125830
95.90 125845
95.91 125860
95.92 125878
95.93 125894
95.94 125909
95.95 125921
95.96 125932
95.97 125943
95.98 125963
96.00 125979
96.01 125990
96.02 126003
96.03 126022
96.04 126035
96.05 126048
96.06 126056
96.07 126071
96.08 126082
96.09 126095
96.10 126111
96.11 126130
96.12 126145
96.13 126155
96.14 126167
96.15 126170
96.16 126180
96.17 126183
96.18 126194
96.19 126208
96.20 126218
96.21 126227
96.22 126241
96.23 126257
96.24 126272
96.25 126289
96.26 126298
96.27 126314
96.28 126321
96.29 126336
96.30 126342
96.31 126356
96.32 126362
96.33 126368
96.34 126380
96.35 126393
96.36 126405
96.37 126418
96.38 126429
96.39 126441
96.40 126449
96.41 126464
96.42 126471
96.43 126476
96.44 126484
96.45 126490
96.46 126497
96.47 126503
96.48 126508
96.49 126523
96.50 126535
96.51 126546
96.52 126554
96.53 126568
96.54 126583
96.55 126592
96.56 126600
96.57 126613
96.58 126629
96.59 126647
96.60 126660
96.61 126674
96.62 126688
96.63 126702
96.64 126719
96.65 126737
96.66 126753
96.67 126768
96.68 126785
96.69 126799
96.70 126814
96.71 126831
96.72 126844
96.73 126858
96.74 126870
96.75 126882
96.76 126899
96.77 126913
96.78 126920
96.79 126933
96.80 126947
96.81 126959
96.82 126973
96.83 126982
96.84 126995
96.85 127007
96.86 127015
96.87 127025
96.88 127033
96.89 127045
96.90 127056
96.91 127064
96.92 127079
96.93 127091
96.94 127097
96.95 127115
96.96 127125
96.98 127135
96.99 127158
97.00 127175
97.01 127187
97.02 127200
97.03 127208
97.04 127215
97.05 127229
97.06 127231
97.07 127238
97.08 127251
97.09 127256
97.10 127267
97.11 127283
97.12 127290
97.13 127309
97.14 127317
97.15 127324
97.16 127336
97.17 127357
97.18 127372
97.19 127381
97.20 127389
97.21 127396
97.22 127401
97.23 127415
97.24 127423
97.25 127432
97.26 127443
97.27 127447
97.28 127456
97.29 127467
97.30 127472
97.31 127476
97.32 127480
97.33 127482
97.34 127489
97.35 127506
97.36 127528
97.37 127538
97.38 127551
97.39 127566
97.40 127580
97.41 127593
97.42 127607
97.43 127623
97.44 127639
97.45 127650
97.46 127662
97.47 127674
97.48 127685
97.49 127703
97.50 127722
97.51 127733
97.52 127741
97.53 127762
97.54 127774
97.55 127791
97.56 127818
97.57 127848
97.58 127865
97.59 127877
97.60 127896
97.61 127918
97.62 127931
97.63 127947
97.64 127960
97.65 127968
97.66 127980
97.67 127992
97.68 128011
97.69 128020
97.70 128032
97.71 128040
97.72 128044
97.73 128048
97.74 128052
97.75 128066
97.76 128077
97.77 128086
97.78 128092
97.79 128094
97.80 128101
97.81 128105
97.82 128111
97.83 128117
97.84 128129
97.85 128144
97.86 128164
97.87 128186
97.88 128205
97.89 128223
97.90 128245
97.91 128261
97.92 128268
97.93 128280
97.94 128296
97.95 128309
97.97 128315
97.98 128318
97.99 128326
98.00 128330
98.01 128340
98.02 128354
98.03 128366
98.04 128379
98.05 128392
98.06 128408
98.07 128426
98.08 128443
98.09 128469
98.10 128489
98.11 128491
98.12 128492
98.13 128500
98.14 128500
98.15 128501
98.16 128502
98.17 128503
98.18 128503
98.19 128504
98.20 128507
98.21 128508
98.22 128508
98.23 128516
98.24 128516
98.25 128517
98.26 128518
98.27 128519
98.28 128520
98.29 128524
98.30 128540
98.31 128549
98.32 128551
98.33 128555
98.34 128561
98.35 128569
98.36 128575
98.37 128595
98.38 128611
98.39 128620
98.40 128623
98.41 128632
98.42 128635
98.43 128661
98.44 128675
98.45 128698
98.46 128710
98.47 128725
98.48 128736
98.49 128752
98.50 128769
98.51 128782
98.52 128802
98.53 128819
98.54 128842
98.55 128855
98.56 128868
98.57 128883
98.58 128900
98.59 128917
98.60 128930
98.61 128944
98.62 128962
98.63 128981
98.64 128994
98.65 129014
98.66 129030
98.67 129044
98.68 129059
98.69 129081
98.70 129098
98.71 129116
98.72 129137
98.73 129155
98.74 129173
98.75 129191
98.76 129207
98.77 129223
98.78 129244
98.79 129262
98.80 129274
98.81 129288
98.82 129306
98.83 129316
98.84 129333
98.85 129350
98.86 129359
98.87 129364
98.88 129366
98.89 129370
98.90 129373
98.91 129376
98.92 129379
98.93 129392
98.95 129401
98.96 129407
98.97 129419
98.98 129434
98.99 129445
99.00 129458
99.01 129471
99.02 129480
99.03 129501
99.04 129517
99.05 129532
99.06 129550
99.07 129569
99.08 129604
99.09 129632
99.10 129655
99.11 129670
99.12 129684
99.13 129696
99.14 129714
99.15 129730
99.16 129747
99.17 129762
99.18 129781
99.19 129800
99.20 129814
99.21 129832
99.22 129854
99.23 129870
99.24 129885
99.25 129902
99.26 129919
99.27 129937
99.28 129959
99.29 129975
99.30 129988
99.31 130006
99.32 130028
99.33 130044
99.34 130064
99.35 130077
99.36 130093
99.37 130112
99.38 130127
99.39 130146
99.40 130161
99.41 130179
99.42 130194
99.43 130205
99.44 130221
99.45 130236
99.46 130252
99.47 130274
99.48 130290
99.49 130304
99.50 130318
99.51 130338
99.52 130359
99.53 130377
99.54 130395
99.55 130411
99.56 130428
99.57 130443
99.58 130456
99.59 130470
99.60 130487
99.61 130508
99.62 130532
99.63 130551
99.64 130565
99.65 130584
99.66 130605
99.67 130624
99.68 130649
99.69 130671
99.70 130701
99.71 130718
99.72 130733
99.73 130747
99.74 130759
99.75 130773
99.76 130785
99.77 130802
99.78 130822
99.79 130836
99.80 130851
99.81 130863
99.82 130877
99.83 130897
99.84 130917
99.85 130939
99.86 130955
99.87 130970
99.88 130987
99.89 131008
99.90 131024
99.91 131036
99.92 131052
99.94 131071
99.95 131085
99.96 131100
99.97 131125
99.98 131150
99.99 131165
100.00 131183
