0.00 0
0.01 16
0.02 30
0.03 41
0.04 51
0.05 63
0.06 72
0.07 74
0.08 76
0.10 79
0.11 89
0.12 99
0.13 106
0.14 111
0.15 118
0.16 126
0.17 131
0.18 139
0.19 147
0.20 151
0.21 158
0.22 161
0.23 163
0.24 164
0.25 168
0.26 169
0.28 171
0.29 174
0.30 174
0.31 176
0.32 177
0.33 178
0.34 178
0.35 180
0.36 180
0.37 182
0.38 183
0.39 183
0.40 185
0.41 186
0.42 186
0.43 186
0.44 188
0.45 189
0.47 189
0.48 189
0.49 191
0.50 191
0.51 192
0.52 192
0.53 193
0.54 193
0.55 194
0.56 195
0.57 198
0.58 199
0.59 199
0.60 204
0.61 207
0.62 212
0.63 217
0.65 218
0.66 225
0.67 230
0.68 240
0.69 243
0.70 247
0.71 253
0.72 257
0.73 259
0.74 263
0.75 274
0.76 276
0.77 279
0.78 283
0.79 285
0.80 287
0.81 289
0.83 293
0.84 297
0.85 302
0.86 302
0.87 306
0.88 308
0.89 310
0.90 313
0.91 319
0.92 331
0.93 335
0.94 337
0.95 341
0.96 342
0.97 344
0.98 344
0.99 349
1.01 350
1.02 350
1.03 352
1.04 354
1.05 356
1.06 357
1.07 357
1.08 357
1.09 357
1.10 357
1.11 357
1.12 361
1.13 364
1.14 364
1.15 364
1.16 366
1.17 366
1.19 366
1.20 366
1.21 371
1.22 372
1.23 373
1.24 377
1.25 379
1.26 385
1.27 385
1.28 389
1.29 394
1.30 395
1.31 396
1.32 399
1.33 399
1.34 402
1.35 403
1.36 403
1.38 407
1.39 409
1.40 409
1.41 411
1.42 411
1.43 417
1.44 418
1.45 418
1.46 423
1.47 425
1.48 426
1.49 426
1.50 430
1.51 430
1.52 430
1.53 431
1.54 431
1.56 432
1.57 433
1.58 435
1.59 435
1.60 436
1.61 438
1.62 441
1.63 441
1.64 447
1.65 448
1.66 450
1.67 450
1.68 452
1.69 452
1.70 456
1.71 456
1.72 456
1.74 459
1.75 460
1.76 461
1.77 465
1.78 467
1.79 471
1.80 471
1.81 477
1.82 481
1.83 483
1.84 484
1.85 484
1.86 491
1.87 499
1.88 500
1.89 503
1.90 508
1.92 515
1.93 524
1.94 531
1.95 537
1.96 543
1.97 550
1.98 552
1.99 555
2.00 564
2.01 572
2.02 578
2.03 582
2.04 591
2.05 598
2.06 603
2.07 612
2.08 619
2.10 628
2.11 636
2.12 641
2.13 648
2.14 653
2.15 658
2.16 663
2.17 669
2.18 674
2.19 680
2.20 688
2.21 690
2.22 697
2.23 700
2.24 710
2.25 713
2.26 714
2.27 716
2.29 719
2.30 719
2.31 719
2.32 720
2.33 722
2.34 731
2.35 736
2.36 740
2.37 745
2.38 751
2.39 756
2.40 761
2.41 764
2.42 771
2.43 777
2.44 783
2.45 785
2.47 791
2.48 794
2.49 801
2.50 804
2.51 808
2.52 814
2.53 821
2.54 824
2.55 830
2.56 836
2.57 841
2.58 848
2.59 853
2.60 858
2.61 863
2.62 869
2.63 874
2.65 879
2.66 884
2.67 889
2.68 893
2.69 897
2.70 905
2.71 910
2.72 917
2.73 922
2.74 925
2.75 932
2.76 938
2.77 943
2.78 948
2.79 954
2.80 957
2.81 959
2.83 962
2.84 968
2.85 972
2.86 976
2.87 981
2.88 986
2.89 994
2.90 1001
2.91 1008
2.92 1013
2.93 1015
2.94 1017
2.95 1023
2.96 1025
2.97 1033
2.98 1041
2.99 1045
3.01 1048
3.02 1049
3.03 1054
3.04 1061
3.05 1064
3.06 1069
3.07 1074
3.08 1080
3.09 1085
3.10 1090
3.11 1091
3.12 1095
3.13 1100
3.14 1105
3.15 1110
3.16 1117
3.17 1122
3.18 1126
3.20 1133
3.21 1141
3.22 1146
3.23 1148
3.24 1149
3.25 1151
3.26 1154
3.27 1159
3.28 1164
3.29 1167
3.30 1168
3.31 1175
3.32 1181
3.33 1186
3.34 1191
3.35 1195
3.36 1198
3.38 1204
3.39 1206
3.40 1207
3.41 1214
3.42 1221
3.43 1227
3.44 1231
3.45 1236
3.46 1242
3.47 1246
3.48 1251
3.49 1254
3.50 1260
3.51 1267
3.52 1272
3.53 1275
3.54 1281
3.56 1285
3.57 1289
3.58 1293
3.59 1299
3.60 1303
3.61 1308
3.62 1312
3.63 1316
3.64 1322
3.65 1326
3.66 1333
3.67 1339
3.68 1348
3.69 1353
3.70 1355
3.71 1357
3.72 1359
3.74 1363
3.75 1365
3.76 1371
3.77 1376
3.78 1380
3.79 1381
3.80 1390
3.81 1393
3.82 1395
3.83 1402
3.84 1404
3.85 1408
3.86 1411
3.87 1412
3.88 1418
3.89 1424
3.90 1428
3.92 1430
3.93 1432
3.94 1437
3.95 1441
3.96 1446
3.97 1453
3.98 1460
3.99 1462
4.00 1465
4.01 1466
4.02 1472
4.03 1481
4.04 1489
4.05 1492
4.06 1497
4.07 1504
4.08 1509
4.09 1514
4.11 1519
4.12 1524
4.13 1532
4.14 1539
4.15 1542
4.16 1549
4.17 1553
4.18 1558
4.19 1563
4.20 1567
4.21 1571
4.22 1578
4.23 1582
4.24 1588
4.25 1589
4.26 1592
4.27 1596
4.29 1602
4.30 1610
4.31 1618
4.32 1626
4.33 1630
4.34 1632
4.35 1636
4.36 1639
4.37 1643
4.38 1647
4.39 1650
4.40 1655
4.41 1658
4.42 1663
4.43 1669
4.44 1674
4.45 1680
4.47 1683
4.48 1688
4.49 1694
4.50 1698
4.51 1701
4.52 1707
4.53 1711
4.54 1716
4.55 1720
4.56 1726
4.57 1728
4.58 1731
4.59 1735
4.60 1737
4.61 1740
4.62 1746
4.63 1750
4.65 1753
4.66 1756
4.67 1761
4.68 1766
4.69 1769
4.70 1774
4.71 1778
4.72 1785
4.73 1791
4.74 1796
4.75 1800
4.76 1808
4.77 1815
4.78 1819
4.79 1822
4.80 1825
4.81 1828
4.83 1832
4.84 1838
4.85 1845
4.86 1851
4.87 1854
4.88 1855
4.89 1856
4.90 1858
4.91 1864
4.92 1872
4.93 1878
4.94 1884
4.95 1889
4.96 1892
4.97 1897
4.98 1905
4.99 1911
5.00 1915
5.02 1922
5.03 1928
5.04 1933
5.05 1939
5.06 1944
5.07 1949
5.08 1957
5.09 1963
5.10 1968
5.11 1971
5.12 1975
5.13 1981
5.14 1985
5.15 1990
5.16 1993
5.17 1998
5.18 2001
5.20 2008
5.21 2010
5.22 2015
5.23 2016
5.24 2021
5.25 2027
5.26 2028
5.27 2030
5.28 2035
5.29 2039
5.30 2045
5.31 2050
5.32 2056
5.33 2061
5.34 2064
5.35 2071
5.36 2077
5.38 2082
5.39 2087
5.40 2091
5.41 2096
5.42 2101
5.43 2108
5.44 2114
5.45 2120
5.46 2128
5.47 2132
5.48 2138
5.49 2145
5.50 2147
5.51 2151
5.52 2156
5.53 2162
5.54 2167
5.56 2170
5.57 2174
5.58 2179
5.59 2183
5.60 2188
5.61 2195
5.62 2199
5.63 2205
5.64 2209
5.65 2211
5.66 2213
5.67 2214
5.68 2215
5.69 2218
5.70 2222
5.71 2228
5.72 2233
5.74 2239
5.75 2243
5.76 2250
5.77 2255
5.78 2259
5.79 2262
5.80 2267
5.81 2275
5.82 2281
5.83 2284
5.84 2286
5.85 2294
5.86 2297
5.87 2301
5.88 2304
5.89 2311
5.90 2316
5.91 2319
5.93 2322
5.94 2324
5.95 2330
5.96 2335
5.97 2338
5.98 2346
5.99 2350
6.00 2353
6.01 2358
6.02 2361
6.03 2365
6.04 2369
6.05 2372
6.06 2375
6.07 2379
6.08 2382
6.09 2386
6.11 2390
6.12 2395
6.13 2400
6.14 2405
6.15 2408
6.16 2414
6.17 2418
6.18 2422
6.19 2427
6.20 2432
6.21 2434
6.22 2438
6.23 2442
6.24 2447
6.25 2451
6.26 2456
6.27 2461
6.29 2465
6.30 2468
6.31 2473
6.32 2478
6.33 2481
6.34 2484
6.35 2485
6.36 2485
6.37 2489
6.38 2494
6.39 2498
6.40 2503
6.41 2507
6.42 2511
6.43 2518
6.44 2523
6.45 2528
6.47 2532
6.48 2539
6.49 2542
6.50 2547
6.51 2554
6.52 2559
6.53 2564
6.54 2568
6.55 2573
6.56 2578
6.57 2581
6.58 2586
6.59 2590
6.60 2595
6.61 2599
6.62 2603
6.63 2604
6.65 2612
6.66 2615
6.67 2618
6.68 2624
6.69 2628
6.70 2632
6.71 2633
6.72 2637
6.73 2643
6.74 2650
6.75 2656
6.76 2663
6.77 2670
6.78 2675
6.79 2678
6.80 2682
6.81 2689
6.82 2694
6.84 2698
6.85 2704
6.86 2708
6.87 2714
6.88 2716
6.89 2721
6.90 2725
6.91 2728
6.92 2733
6.93 2738
6.94 2744
6.95 2749
6.96 2754
6.97 2761
6.98 2767
6.99 2772
7.00 2776
7.02 2781
7.03 2785
7.04 2789
7.05 2795
7.06 2800
7.07 2805
7.08 2811
7.09 2814
7.10 2815
7.11 2818
7.12 2822
7.13 2830
7.14 2834
7.15 2837
7.16 2839
7.17 2846
7.18 2851
7.20 2857
7.21 2858
7.22 2862
7.23 2866
7.24 2872
7.25 2875
7.26 2880
7.27 2883
7.28 2886
7.29 2891
7.30 2898
7.31 2907
7.32 2911
7.33 2914
7.34 2917
7.35 2919
7.36 2922
7.38 2926
7.39 2930
7.40 2933
7.41 2937
7.42 2942
7.43 2946
7.44 2951
7.45 2955
7.46 2962
7.47 2970
7.48 2977
7.49 2984
7.50 2988
7.51 2994
7.52 2997
7.53 2999
7.54 3003
7.56 3011
7.57 3014
7.58 3017
7.59 3020
7.60 3029
7.61 3035
7.62 3044
7.63 3051
7.64 3057
7.65 3061
7.66 3064
7.67 3067
7.68 3070
7.69 3072
7.70 3075
7.71 3080
7.72 3085
7.73 3090
7.75 3095
7.76 3099
7.77 3106
7.78 3112
7.79 3115
7.80 3119
7.81 3124
7.82 3130
7.83 3134
7.84 3141
7.85 3147
7.86 3154
7.87 3155
7.88 3159
7.89 3164
7.90 3169
7.91 3175
7.93 3180
7.94 3185
7.95 3191
7.96 3197
7.97 3203
7.98 3210
7.99 3215
8.00 3221
8.01 3226
8.02 3230
8.03 3235
8.04 3237
8.05 3245
8.06 3250
8.07 3256
8.08 3267
8.09 3270
8.11 3275
8.12 3277
8.13 3278
8.14 3285
8.15 3291
8.16 3295
8.17 3298
8.18 3303
8.19 3305
8.20 3308
8.21 3314
8.22 3318
8.23 3324
8.24 3328
8.25 3331
8.26 3335
8.27 3342
8.29 3347
8.30 3351
8.31 3357
8.32 3361
8.33 3365
8.34 3369
8.35 3374
8.36 3376
8.37 3380
8.38 3381
8.39 3386
8.40 3392
8.41 3399
8.42 3405
8.43 3409
8.44 3414
8.45 3421
8.47 3428
8.48 3437
8.49 3442
8.50 3446
8.51 3450
8.52 3455
8.53 3458
8.54 3464
8.55 3468
8.56 3472
8.57 3479
8.58 3483
8.59 3489
8.60 3492
8.61 3496
8.62 3500
8.63 3509
8.64 3513
8.66 3519
8.67 3523
8.68 3528
8.69 3533
8.70 3536
8.71 3539
8.72 3543
8.73 3547
8.74 3550
8.75 3556
8.76 3560
8.77 3564
8.78 3569
8.79 3574
8.80 3577
8.81 3581
8.82 3583
8.84 3587
8.85 3590
8.86 3594
8.87 3602
8.88 3605
8.89 3610
8.90 3615
8.91 3619
8.92 3622
8.93 3626
8.94 3629
8.95 3636
8.96 3641
8.97 3648
8.98 3654
8.99 3660
9.00 3663
9.02 3670
9.03 3675
9.04 3679
9.05 3684
9.06 3687
9.07 3689
9.08 3694
9.09 3696
9.10 3703
9.11 3706
9.12 3712
9.13 3716
9.14 3717
9.15 3721
9.16 3727
9.17 3731
9.18 3735
9.20 3737
9.21 3740
9.22 3743
9.23 3747
9.24 3750
9.25 3754
9.26 3759
9.27 3763
9.28 3768
9.29 3773
9.30 3777
9.31 3780
9.32 3786
9.33 3793
9.34 3798
9.35 3803
9.36 3811
9.38 3819
9.39 3821
9.40 3826
9.41 3833
9.42 3840
9.43 3847
9.44 3853
9.45 3858
9.46 3866
9.47 3869
9.48 3871
9.49 3875
9.50 3880
9.51 3886
9.52 3889
9.53 3893
9.54 3896
9.55 3898
9.57 3901
9.58 3906
9.59 3910
9.60 3912
9.61 3914
9.62 3917
9.63 3919
9.64 3924
9.65 3928
9.66 3932
9.67 3935
9.68 3940
9.69 3946
9.70 3950
9.71 3954
9.72 3961
9.73 3966
9.75 3970
9.76 3973
9.77 3977
9.78 3979
9.79 3983
9.80 3985
9.81 3991
9.82 3996
9.83 4001
9.84 4005
9.85 4009
9.86 4011
9.87 4011
9.88 4014
9.89 4018
9.90 4023
9.91 4027
9.93 4032
9.94 4039
9.95 4044
9.96 4046
9.97 4050
9.98 4052
9.99 4057
10.00 4062
10.01 4066
10.02 4070
10.03 4074
10.04 4078
10.05 4084
10.06 4089
10.07 4096
10.08 4100
10.09 4105
10.11 4110
10.12 4116
10.13 4121
10.14 4123
10.15 4128
10.16 4133
10.17 4137
10.18 4139
10.19 4141
10.20 4141
10.21 4146
10.22 4150
10.23 4154
10.24 4159
10.25 4163
10.26 4168
10.27 4173
10.29 4177
10.30 4181
10.31 4186
10.32 4189
10.33 4194
10.34 4198
10.35 4204
10.36 4208
10.37 4211
10.38 4213
10.39 4218
10.40 4223
10.41 4230
10.42 4234
10.43 4241
10.44 4245
10.45 4247
10.46 4251
10.48 4257
10.49 4262
10.50 4265
10.51 4271
10.52 4275
10.53 4279
10.54 4284
10.55 4289
10.56 4293
10.57 4299
10.58 4302
10.59 4305
10.60 4310
10.61 4314
10.62 4318
10.63 4326
10.64 4331
10.66 4335
10.67 4338
10.68 4343
10.69 4346
10.70 4350
10.71 4356
10.72 4359
10.73 4362
10.74 4366
10.75 4372
10.76 4379
10.77 4381
10.78 4386
10.79 4392
10.80 4395
10.81 4402
10.82 4406
10.84 4411
10.85 4414
10.86 4418
10.87 4421
10.88 4426
10.89 4430
10.90 4434
10.91 4442
10.92 4447
10.93 4452
10.94 4455
10.95 4458
10.96 4462
10.97 4465
10.98 4470
10.99 4473
11.00 4476
11.02 4480
11.03 4484
11.04 4486
11.05 4487
11.06 4492
11.07 4497
11.08 4501
11.09 4505
11.10 4508
11.11 4511
11.12 4517
11.13 4524
11.14 4528
11.15 4530
11.16 4535
11.17 4541
11.18 4543
11.20 4547
11.21 4552
11.22 4558
11.23 4565
11.24 4570
11.25 4575
11.26 4583
11.27 4589
11.28 4593
11.29 4599
11.30 4602
11.31 4606
11.32 4612
11.33 4615
11.34 4619
11.35 4623
11.36 4629
11.37 4632
11.39 4637
11.40 4642
11.41 4647
11.42 4651
11.43 4658
11.44 4666
11.45 4675
11.46 4682
11.47 4686
11.48 4689
11.49 4694
11.50 4701
11.51 4706
11.52 4712
11.53 4715
11.54 4718
11.55 4724
11.57 4729
11.58 4733
11.59 4738
11.60 4740
11.61 4744
11.62 4751
11.63 4754
11.64 4761
11.65 4767
11.66 4773
11.67 4777
11.68 4781
11.69 4785
11.70 4792
11.71 4797
11.72 4800
11.73 4804
11.75 4810
11.76 4813
11.77 4820
11.78 4826
11.79 4831
11.80 4836
11.81 4844
11.82 4849
11.83 4853
11.84 4856
11.85 4860
11.86 4862
11.87 4867
11.88 4873
11.89 4876
11.90 4879
11.91 4882
11.93 4888
11.94 4893
11.95 4899
11.96 4902
11.97 4905
11.98 4908
11.99 4914
12.00 4916
12.01 4917
12.02 4922
12.03 4925
12.04 4928
12.05 4930
12.06 4933
12.07 4935
12.08 4936
12.09 4940
12.11 4944
12.12 4949
12.13 4957
12.14 4962
12.15 4968
12.16 4974
12.17 4979
12.18 4983
12.19 4986
12.20 4988
12.21 4991
12.22 4996
12.23 5003
12.24 5007
12.25 5011
12.26 5017
12.27 5022
12.28 5027
12.30 5029
12.31 5034
12.32 5039
12.33 5046
12.34 5050
12.35 5054
12.36 5055
12.37 5058
12.38 5063
12.39 5068
12.40 5073
12.41 5078
12.42 5082
12.43 5088
12.44 5095
12.45 5098
12.46 5104
12.48 5109
12.49 5113
12.50 5117
12.51 5123
12.52 5129
12.53 5134
12.54 5141
12.55 5148
12.56 5152
12.57 5158
12.58 5165
12.59 5169
12.60 5176
12.61 5181
12.62 5189
12.63 5193
12.64 5198
12.66 5205
12.67 5211
12.68 5220
12.69 5224
12.70 5230
12.71 5237
12.72 5244
12.73 5249
12.74 5253
12.75 5256
12.76 5260
12.77 5266
12.78 5269
12.79 5272
12.80 5280
12.81 5284
12.82 5289
12.84 5296
12.85 5300
12.86 5302
12.87 5309
12.88 5313
12.89 5316
12.90 5320
12.91 5323
12.92 5327
12.93 5329
12.94 5335
12.95 5340
12.96 5342
12.97 5348
12.98 5352
12.99 5358
13.00 5364
13.02 5367
13.03 5372
13.04 5375
13.05 5379
13.06 5381
13.07 5385
13.08 5389
13.09 5393
13.10 5398
13.11 5402
13.12 5406
13.13 5411
13.14 5416
13.15 5421
13.16 5423
13.17 5429
13.18 5434
13.19 5438
13.21 5442
13.22 5445
13.23 5448
13.24 5453
13.25 5458
13.26 5462
13.27 5469
13.28 5473
13.29 5478
13.30 5481
13.31 5484
13.32 5487
13.33 5491
13.34 5495
13.35 5500
13.36 5505
13.37 5511
13.39 5515
13.40 5522
13.41 5527
13.42 5533
13.43 5537
13.44 5542
13.45 5544
13.46 5548
13.47 5552
13.48 5553
13.49 5558
13.50 5563
13.51 5568
13.52 5573
13.53 5579
13.54 5581
13.55 5586
13.57 5588
13.58 5591
13.59 5595
13.60 5601
13.61 5604
13.62 5610
13.63 5614
13.64 5620
13.65 5625
13.66 5630
13.67 5636
13.68 5640
13.69 5646
13.70 5651
13.71 5656
13.72 5662
13.73 5667
13.75 5671
13.76 5678
13.77 5681
13.78 5684
13.79 5688
13.80 5691
13.81 5696
13.82 5700
13.83 5704
13.84 5707
13.85 5711
13.86 5714
13.87 5723
13.88 5727
13.89 5732
13.90 5735
13.91 5739
13.93 5747
13.94 5753
13.95 5758
13.96 5763
13.97 5767
13.98 5773
13.99 5775
14.00 5777
14.01 5779
14.02 5783
14.03 5784
14.04 5787
14.05 5789
14.06 5794
14.07 5799
14.08 5803
14.09 5807
14.10 5811
14.12 5813
14.13 5817
14.14 5821
14.15 5823
14.16 5826
14.17 5828
14.18 5833
14.19 5839
14.20 5843
14.21 5848
14.22 5850
14.23 5856
14.24 5860
14.25 5865
14.26 5871
14.27 5877
14.28 5882
14.30 5888
14.31 5893
14.32 5897
14.33 5901
14.34 5905
14.35 5908
14.36 5914
14.37 5915
14.38 5922
14.39 5926
14.40 5931
14.41 5937
14.42 5942
14.43 5944
14.44 5949
14.45 5954
14.46 5959
14.48 5959
14.49 5962
14.50 5969
14.51 5977
14.52 5982
14.53 5986
14.54 5991
14.55 5996
14.56 6004
14.57 6010
14.58 6014
14.59 6017
14.60 6021
14.61 6022
14.62 6027
14.63 6029
14.64 6031
14.66 6033
14.67 6037
14.68 6045
14.69 6048
14.70 6053
14.71 6060
14.72 6065
14.73 6074
14.74 6080
14.75 6085
14.76 6088
14.77 6093
14.78 6097
14.79 6103
14.80 6108
14.81 6113
14.82 6120
14.83 6125
14.85 6132
14.86 6137
14.87 6142
14.88 6149
14.89 6152
14.90 6156
14.91 6158
14.92 6161
14.93 6164
14.94 6166
14.95 6171
14.96 6176
14.97 6178
14.98 6179
14.99 6182
15.00 6189
15.01 6192
15.03 6194
15.04 6200
15.05 6204
15.06 6208
15.07 6209
15.08 6212
15.09 6215
15.10 6220
15.11 6226
15.12 6228
15.13 6232
15.14 6234
15.15 6243
15.16 6247
15.17 6252
15.18 6258
15.19 6262
15.21 6265
15.22 6270
15.23 6274
15.24 6278
15.25 6284
15.26 6288
15.27 6292
15.28 6295
15.29 6300
15.30 6306
15.31 6309
15.32 6313
15.33 6318
15.34 6323
15.35 6328
15.36 6334
15.37 6337
15.39 6342
15.40 6345
15.41 6349
15.42 6355
15.43 6358
15.44 6363
15.45 6368
15.46 6372
15.47 6380
15.48 6385
15.49 6390
15.50 6395
15.51 6397
15.52 6401
15.53 6406
15.54 6410
15.55 6414
15.57 6419
15.58 6424
15.59 6427
15.60 6434
15.61 6438
15.62 6443
15.63 6447
15.64 6452
15.65 6458
15.66 6462
15.67 6468
15.68 6470
15.69 6474
15.70 6478
15.71 6482
15.72 6487
15.73 6491
15.74 6496
15.76 6500
15.77 6506
15.78 6510
15.79 6515
15.80 6520
15.81 6527
15.82 6532
15.83 6539
15.84 6542
15.85 6547
15.86 6551
15.87 6556
15.88 6559
15.89 6564
15.90 6569
15.91 6576
15.92 6582
15.94 6588
15.95 6593
15.96 6596
15.97 6600
15.98 6607
15.99 6612
16.00 6617
16.01 6621
16.02 6624
16.03 6626
16.04 6629
16.05 6634
16.06 6642
16.07 6643
16.08 6648
16.09 6650
16.10 6652
16.12 6655
16.13 6662
16.14 6666
16.15 6669
16.16 6673
16.17 6675
16.18 6677
16.19 6682
16.20 6687
16.21 6691
16.22 6697
16.23 6700
16.24 6704
16.25 6710
16.26 6713
16.27 6718
16.28 6721
16.30 6724
16.31 6729
16.32 6733
16.33 6737
16.34 6739
16.35 6743
16.36 6749
16.37 6754
16.38 6758
16.39 6763
16.40 6767
16.41 6772
16.42 6776
16.43 6783
16.44 6789
16.45 6796
16.46 6798
16.48 6799
16.49 6803
16.50 6808
16.51 6813
16.52 6819
16.53 6823
16.54 6823
16.55 6829
16.56 6831
16.57 6834
16.58 6836
16.59 6838
16.60 6841
16.61 6846
16.62 6852
16.63 6857
16.64 6862
16.65 6868
16.67 6875
16.68 6881
16.69 6887
16.70 6891
16.71 6897
16.72 6901
16.73 6906
16.74 6910
16.75 6915
16.76 6918
16.77 6922
16.78 6926
16.79 6931
16.80 6936
16.81 6941
16.82 6941
16.83 6947
16.85 6949
16.86 6952
16.87 6958
16.88 6963
16.89 6967
16.90 6972
16.91 6978
16.92 6984
16.93 6989
16.94 6994
16.95 6996
16.96 7001
16.97 7003
16.98 7010
16.99 7012
17.00 7018
17.01 7024
17.03 7027
17.04 7029
17.05 7034
17.06 7037
17.07 7041
17.08 7047
17.09 7052
17.10 7056
17.11 7062
17.12 7065
17.13 7072
17.14 7075
17.15 7084
17.16 7088
17.17 7094
17.18 7099
17.19 7105
17.21 7111
17.22 7116
17.23 7120
17.24 7125
17.25 7132
17.26 7137
17.27 7140
17.28 7145
17.29 7149
17.30 7153
17.31 7158
17.32 7164
17.33 7172
17.34 7177
17.35 7182
17.36 7186
17.37 7189
17.39 7196
17.40 7199
17.41 7201
17.42 7206
17.43 7213
17.44 7217
17.45 7221
17.46 7227
17.47 7232
17.48 7236
17.49 7240
17.50 7243
17.51 7247
17.52 7251
17.53 7254
17.54 7259
17.55 7265
17.56 7270
17.58 7274
17.59 7279
17.60 7288
17.61 7293
17.62 7296
17.63 7299
17.64 7305
17.65 7310
17.66 7314
17.67 7318
17.68 7321
17.69 7325
17.70 7331
17.71 7335
17.72 7342
17.73 7348
17.74 7353
17.76 7358
17.77 7361
17.78 7364
17.79 7368
17.80 7375
17.81 7380
17.82 7384
17.83 7389
17.84 7394
17.85 7397
17.86 7401
17.87 7403
17.88 7407
17.89 7413
17.90 7418
17.91 7421
17.92 7423
17.94 7429
17.95 7432
17.96 7436
17.97 7439
17.98 7444
17.99 7447
18.00 7451
18.01 7457
18.02 7461
18.03 7467
18.04 7469
18.05 7473
18.06 7476
18.07 7481
18.08 7484
18.09 7490
18.10 7494
18.12 7498
18.13 7502
18.14 7508
18.15 7511
18.16 7518
18.17 7523
18.18 7531
18.19 7539
18.20 7544
18.21 7548
18.22 7552
18.23 7558
18.24 7561
18.25 7567
18.26 7571
18.27 7575
18.28 7580
18.30 7585
18.31 7591
18.32 7598
18.33 7605
18.34 7611
18.35 7614
18.36 7621
18.37 7625
18.38 7627
18.39 7632
18.40 7641
18.41 7647
18.42 7651
18.43 7657
18.44 7663
18.45 7666
18.46 7671
18.47 7678
18.49 7685
18.50 7689
18.51 7694
18.52 7700
18.53 7708
18.54 7710
18.55 7715
18.56 7723
18.57 7729
18.58 7737
18.59 7742
18.60 7743
18.61 7748
18.62 7754
18.63 7756
18.64 7757
18.65 7763
18.67 7766
18.68 7771
18.69 7774
18.70 7778
18.71 7781
18.72 7787
18.73 7791
18.74 7794
18.75 7799
18.76 7805
18.77 7810
18.78 7815
18.79 7818
18.80 7820
18.81 7826
18.82 7834
18.83 7837
18.85 7838
18.86 7842
18.87 7846
18.88 7850
18.89 7855
18.90 7859
18.91 7865
18.92 7870
18.93 7874
18.94 7877
18.95 7886
18.96 7892
18.97 7898
18.98 7899
18.99 7902
19.00 7905
19.01 7909
19.03 7914
19.04 7919
19.05 7922
19.06 7927
19.07 7931
19.08 7932
19.09 7935
19.10 7940
19.11 7942
19.12 7943
19.13 7947
19.14 7951
19.15 7955
19.16 7963
19.17 7967
19.18 7973
19.19 7977
19.21 7980
19.22 7984
19.23 7990
19.24 7994
19.25 8000
19.26 8006
19.27 8010
19.28 8017
19.29 8019
19.30 8025
19.31 8030
19.32 8034
19.33 8039
19.34 8045
19.35 8053
19.36 8059
19.37 8064
19.38 8067
19.40 8070
19.41 8073
19.42 8076
19.43 8080
19.44 8082
19.45 8086
19.46 8089
19.47 8096
19.48 8103
19.49 8108
19.50 8113
19.51 8118
19.52 8123
19.53 8128
19.54 8133
19.55 8139
19.56 8148
19.58 8155
19.59 8159
19.60 8165
19.61 8170
19.62 8175
19.63 8182
19.64 8188
19.65 8194
19.66 8199
19.67 8203
19.68 8207
19.69 8208
19.70 8209
19.71 8215
19.72 8216
19.73 8219
19.74 8223
19.76 8231
19.77 8234
19.78 8240
19.79 8243
19.80 8247
19.81 8252
19.82 8255
19.83 8259
19.84 8264
19.85 8267
19.86 8271
19.87 8274
19.88 8280
19.89 8285
19.90 8288
19.91 8291
19.92 8293
19.94 8297
19.95 8299
19.96 8303
19.97 8308
19.98 8309
19.99 8312
20.00 8314
20.01 8318
20.02 8320
20.03 8324
20.04 8327
20.05 8331
20.06 8335
20.07 8342
20.08 8347
20.09 8349
20.10 8355
20.12 8359
20.13 8362
20.14 8368
20.15 8372
20.16 8374
20.17 8380
20.18 8386
20.19 8393
20.20 8401
20.21 8405
20.22 8407
20.23 8408
20.24 8410
20.25 8415
20.26 8417
20.27 8418
20.28 8422
20.29 8425
20.31 8430
20.32 8436
20.33 8444
20.34 8448
20.35 8454
20.36 8458
20.37 8462
20.38 8467
20.39 8470
20.40 8478
20.41 8484
20.42 8492
20.43 8494
20.44 8501
20.45 8507
20.46 8516
20.47 8518
20.49 8522
20.50 8527
20.51 8532
20.52 8535
20.53 8537
20.54 8546
20.55 8549
20.56 8554
20.57 8557
20.58 8559
20.59 8563
20.60 8566
20.61 8567
20.62 8568
20.63 8571
20.64 8575
20.65 8579
20.67 8585
20.68 8590
20.69 8595
20.70 8600
20.71 8607
20.72 8612
20.73 8617
20.74 8621
20.75 8626
20.76 8626
20.77 8633
20.78 8638
20.79 8641
20.80 8645
20.81 8646
20.82 8652
20.83 8658
20.85 8661
20.86 8663
20.87 8670
20.88 8674
20.89 8681
20.90 8687
20.91 8691
20.92 8694
20.93 8700
20.94 8704
20.95 8708
20.96 8715
20.97 8721
20.98 8725
20.99 8729
21.00 8731
21.01 8732
21.03 8734
21.04 8736
21.05 8742
21.06 8747
21.07 8751
21.08 8751
21.09 8754
21.10 8759
21.11 8761
21.12 8763
21.13 8769
21.14 8772
21.15 8776
21.16 8782
21.17 8784
21.18 8788
21.19 8796
21.20 8801
21.22 8807
21.23 8812
21.24 8818
21.25 8822
21.26 8825
21.27 8830
21.28 8835
21.29 8839
21.30 8845
21.31 8850
21.32 8854
21.33 8860
21.34 8867
21.35 8871
21.36 8876
21.37 8881
21.38 8885
21.40 8892
21.41 8894
21.42 8901
21.43 8906
21.44 8913
21.45 8916
21.46 8920
21.47 8927
21.48 8933
21.49 8937
21.50 8942
21.51 8945
21.52 8949
21.53 8954
21.54 8959
21.55 8963
21.56 8970
21.58 8975
21.59 8979
21.60 8985
21.61 8990
21.62 8996
21.63 9001
21.64 9006
21.65 9009
21.66 9011
21.67 9015
21.68 9019
21.69 9025
21.70 9028
21.71 9032
21.72 9036
21.73 9043
21.74 9046
21.76 9049
21.77 9055
21.78 9062
21.79 9070
21.80 9074
21.81 9080
21.82 9085
21.83 9089
21.84 9094
21.85 9098
21.86 9099
21.87 9102
21.88 9105
21.89 9106
21.90 9108
21.91 9111
21.92 9113
21.94 9115
21.95 9119
21.96 9119
21.97 9123
21.98 9126
21.99 9130
22.00 9133
22.01 9137
22.02 9139
22.03 9140
22.04 9142
22.05 9148
22.06 9150
22.07 9154
22.08 9158
22.09 9160
22.10 9164
22.11 9167
22.13 9171
22.14 9175
22.15 9178
22.16 9179
22.17 9183
22.18 9184
22.19 9189
22.20 9193
22.21 9198
22.22 9203
22.23 9205
22.24 9208
22.25 9210
22.26 9214
22.27 9216
22.28 9221
22.29 9222
22.31 9225
22.32 9228
22.33 9230
22.34 9238
22.35 9243
22.36 9248
22.37 9251
22.38 9252
22.39 9255
22.40 9257
22.41 9257
22.42 9259
22.43 9262
22.44 9264
22.45 9265
22.46 9266
22.47 9271
22.49 9274
22.50 9275
22.51 9275
22.52 9277
22.53 9282
22.54 9286
22.55 9287
22.56 9289
22.57 9292
22.58 9294
22.59 9297
22.60 9298
22.61 9301
22.62 9303
22.63 9311
22.64 9314
22.65 9314
22.67 9315
22.68 9317
22.69 9324
22.70 9327
22.71 9332
22.72 9333
22.73 9334
22.74 9337
22.75 9339
22.76 9345
22.77 9353
22.78 9356
22.79 9361
22.80 9366
22.81 9372
22.82 9377
22.83 9383
22.85 9393
22.86 9401
22.87 9406
22.88 9409
22.89 9411
22.90 9413
22.91 9422
22.92 9427
22.93 9429
22.94 9434
22.95 9440
22.96 9445
22.97 9447
22.98 9454
22.99 9457
23.00 9458
23.01 9463
23.02 9467
23.04 9471
23.05 9472
23.06 9477
23.07 9481
23.08 9483
23.09 9484
23.10 9492
23.11 9495
23.12 9501
23.13 9504
23.14 9511
23.15 9515
23.16 9522
23.17 9526
23.18 9529
23.19 9530
23.20 9533
23.22 9539
23.23 9543
23.24 9547
23.25 9552
23.26 9559
23.27 9565
23.28 9567
23.29 9573
23.30 9578
23.31 9581
23.32 9584
23.33 9589
23.34 9592
23.35 9594
23.36 9599
23.37 9606
23.38 9611
23.40 9618
23.41 9623
23.42 9628
23.43 9634
23.44 9641
23.45 9647
23.46 9651
23.47 9658
23.48 9663
23.49 9668
23.50 9670
23.51 9676
23.52 9680
23.53 9682
23.54 9687
23.55 9694
23.56 9698
23.58 9706
23.59 9714
23.60 9719
23.61 9722
23.62 9727
23.63 9729
23.64 9733
23.65 9736
23.66 9738
23.67 9741
23.68 9743
23.69 9745
23.70 9747
23.71 9749
23.72 9753
23.73 9758
23.74 9762
23.76 9763
23.77 9767
23.78 9768
23.79 9775
23.80 9779
23.81 9781
23.82 9784
23.83 9788
23.84 9797
23.85 9801
23.86 9807
23.87 9812
23.88 9817
23.89 9824
23.90 9828
23.91 9831
23.92 9833
23.93 9835
23.95 9836
23.96 9838
23.97 9839
23.98 9841
23.99 9843
24.00 9843
24.01 9847
24.02 9850
24.03 9851
24.04 9853
24.05 9856
24.06 9856
24.07 9856
24.08 9858
24.09 9863
24.10 9867
24.11 9869
24.13 9871
24.14 9873
24.15 9877
24.16 9883
24.17 9887
24.18 9895
24.19 9900
24.20 9908
24.21 9916
24.22 9920
24.23 9920
24.24 9921
24.25 9924
24.26 9926
24.27 9926
24.28 9928
24.29 9931
24.31 9934
24.32 9934
24.33 9939
24.34 9940
24.35 9942
24.36 9942
24.37 9944
24.38 9947
24.39 9947
24.40 9948
24.41 9949
24.42 9949
24.43 9951
24.44 9952
24.45 9952
24.46 9953
24.47 9953
24.49 9954
24.50 9955
24.51 9955
24.52 9956
24.53 9956
24.54 9956
24.55 9956
24.56 9956
24.57 9957
24.58 9957
24.59 9957
24.60 9958
24.61 9959
24.62 9960
24.63 9960
24.64 9962
24.65 9965
24.67 9967
24.68 9967
24.69 9972
24.70 9974
24.71 9975
24.72 9975
24.73 9977
24.74 9977
24.75 9977
24.76 9978
24.77 9978
24.78 9978
24.79 9980
24.80 9981
24.81 9981
24.82 9982
24.83 9983
24.84 9987
24.86 9987
24.87 9989
24.88 9993
24.89 9995
24.90 9995
24.91 9997
24.92 9997
24.93 9998
24.94 9999
24.95 9999
24.96 9999
24.97 10000
24.98 10001
24.99 10001
25.00 10002
25.01 10004
25.02 10006
25.04 10006
25.05 10007
25.06 10007
25.07 10007
25.08 10007
25.09 10010
25.10 10011
25.11 10011
25.12 10011
25.13 10012
25.14 10012
25.15 10015
25.16 10016
25.17 10016
25.18 10016
25.19 10017
25.20 10020
25.22 10022
25.23 10022
25.24 10022
25.25 10022
25.26 10022
25.27 10022
25.28 10023
25.29 10025
25.30 10025
25.31 10025
25.32 10025
25.33 10025
25.34 10025
25.35 10027
25.36 10028
25.37 10029
25.38 10030
25.40 10031
25.41 10033
25.42 10033
25.43 10033
25.44 10033
25.45 10033
25.46 10033
25.47 10035
25.48 10044
25.49 10044
25.50 10044
25.51 10045
25.52 10045
25.53 10045
25.54 10050
25.55 10051
25.56 10051
25.58 10051
25.59 10051
25.60 10052
25.61 10053
25.62 10053
25.63 10054
25.64 10054
25.65 10054
25.66 10054
25.67 10057
25.68 10059
25.69 10059
25.70 10059
25.71 10059
25.72 10059
25.73 10059
25.74 10063
25.75 10065
25.77 10065
25.78 10065
25.79 10066
25.80 10066
25.81 10067
25.82 10067
25.83 10067
25.84 10067
25.85 10067
25.86 10067
25.87 10067
25.88 10069
25.89 10069
25.90 10069
25.91 10074
25.92 10075
25.93 10075
25.95 10076
25.96 10076
25.97 10078
25.98 10079
25.99 10079
26.00 10079
26.01 10079
26.02 10079
26.03 10079
26.04 10080
26.05 10080
26.06 10080
26.07 10081
26.08 10081
26.09 10082
26.10 10086
26.11 10088
26.13 10088
26.14 10088
26.15 10088
26.16 10088
26.17 10088
26.18 10089
26.19 10089
26.20 10089
26.21 10089
26.22 10089
26.23 10089
26.24 10090
26.25 10090
26.26 10090
26.27 10092
26.28 10092
26.29 10094
26.31 10097
26.32 10099
26.33 10101
26.34 10101
26.35 10107
26.36 10109
26.37 10112
26.38 10113
26.39 10119
26.40 10121
26.41 10121
26.42 10129
26.43 10135
26.44 10142
26.45 10148
26.46 10152
26.47 10158
26.49 10166
26.50 10172
26.51 10180
26.52 10185
26.53 10191
26.54 10196
26.55 10204
26.56 10213
26.57 10219
26.58 10228
26.59 10233
26.60 10238
26.61 10241
26.62 10246
26.63 10252
26.64 10259
26.65 10265
26.66 10269
26.68 10272
26.69 10275
26.70 10281
26.71 10290
26.72 10293
26.73 10300
26.74 10304
26.75 10310
26.76 10316
26.77 10322
26.78 10326
26.79 10333
26.80 10338
26.81 10341
26.82 10346
26.83 10356
26.84 10361
26.86 10366
26.87 10371
26.88 10373
26.89 10378
26.90 10381
26.91 10386
26.92 10391
26.93 10395
26.94 10399
26.95 10405
26.96 10410
26.97 10415
26.98 10421
26.99 10424
27.00 10428
27.01 10433
27.02 10437
27.04 10443
27.05 10449
27.06 10454
27.07 10461
27.08 10466
27.09 10472
27.10 10476
27.11 10480
27.12 10484
27.13 10491
27.14 10494
27.15 10496
27.16 10501
27.17 10507
27.18 10512
27.19 10517
27.20 10523
27.22 10527
27.23 10532
27.24 10537
27.25 10542
27.26 10548
27.27 10553
27.28 10559
27.29 10564
27.30 10569
27.31 10572
27.32 10577
27.33 10584
27.34 10589
27.35 10594
27.36 10597
27.37 10605
27.38 10609
27.40 10612
27.41 10616
27.42 10617
27.43 10621
27.44 10622
27.45 10624
27.46 10629
27.47 10633
27.48 10638
27.49 10642
27.50 10646
27.51 10648
27.52 10654
27.53 10656
27.54 10659
27.55 10663
27.56 10665
27.57 10670
27.59 10675
27.60 10681
27.61 10689
27.62 10694
27.63 10697
27.64 10700
27.65 10703
27.66 10706
27.67 10712
27.68 10717
27.69 10723
27.70 10724
27.71 10730
27.72 10735
27.73 10740
27.74 10744
27.75 10748
27.77 10751
27.78 10757
27.79 10764
27.80 10769
27.81 10773
27.82 10777
27.83 10779
27.84 10781
27.85 10782
27.86 10783
27.87 10790
27.88 10793
27.89 10798
27.90 10801
27.91 10805
27.92 10810
27.93 10813
27.95 10818
27.96 10822
27.97 10826
27.98 10830
27.99 10832
28.00 10835
28.01 10842
28.02 10850
28.03 10855
28.04 10857
28.05 10864
28.06 10866
28.07 10872
28.08 10875
28.09 10880
28.10 10886
28.11 10893
28.13 10898
28.14 10901
28.15 10907
28.16 10911
28.17 10915
28.18 10920
28.19 10926
28.20 10930
28.21 10937
28.22 10942
28.23 10946
28.24 10953
28.25 10958
28.26 10960
28.27 10963
28.28 10966
28.29 10969
28.31 10973
28.32 10978
28.33 10982
28.34 10984
28.35 10989
28.36 10990
28.37 10995
28.38 10998
28.39 11002
28.40 11005
28.41 11005
28.42 11007
28.43 11009
28.44 11012
28.45 11017
28.46 11020
28.47 11026
28.48 11031
28.50 11034
28.51 11039
28.52 11043
28.53 11045
28.54 11051
28.55 11055
28.56 11060
28.57 11064
28.58 11068
28.59 11071
28.60 11076
28.61 11083
28.62 11088
28.63 11092
28.64 11095
28.65 11099
28.66 11102
28.68 11104
28.69 11107
28.70 11113
28.71 11116
28.72 11123
28.73 11130
28.74 11137
28.75 11144
28.76 11151
28.77 11155
28.78 11160
28.79 11166
28.80 11172
28.81 11180
28.82 11184
28.83 11187
28.84 11193
28.86 11199
28.87 11203
28.88 11205
28.89 11209
28.90 11215
28.91 11221
28.92 11225
28.93 11233
28.94 11239
28.95 11246
28.96 11252
28.97 11258
28.98 11262
28.99 11266
29.00 11269
29.01 11275
29.02 11280
29.04 11283
29.05 11291
29.06 11295
29.07 11300
29.08 11306
29.09 11311
29.10 11313
29.11 11317
29.12 11323
29.13 11325
29.14 11329
29.15 11336
29.16 11342
29.17 11346
29.18 11352
29.19 11356
29.20 11360
29.21 11364
29.23 11373
29.24 11379
29.25 11384
29.26 11390
29.27 11397
29.28 11402
29.29 11406
29.30 11413
29.31 11417
29.32 11421
29.33 11425
29.34 11430
29.35 11436
29.36 11442
29.37 11448
29.38 11451
29.39 11455
29.41 11458
29.42 11463
29.43 11465
29.44 11471
29.45 11476
29.46 11482
29.47 11486
29.48 11489
29.49 11497
29.50 11503
29.51 11507
29.52 11511
29.53 11518
29.54 11524
29.55 11529
29.56 11532
29.57 11538
29.59 11542
29.60 11549
29.61 11553
29.62 11560
29.63 11563
29.64 11569
29.65 11574
29.66 11581
29.67 11588
29.68 11594
29.69 11601
29.70 11607
29.71 11611
29.72 11617
29.73 11622
29.74 11629
29.75 11636
29.77 11642
29.78 11648
29.79 11652
29.80 11658
29.81 11662
29.82 11665
29.83 11671
29.84 11677
29.85 11681
29.86 11686
29.87 11687
29.88 11692
29.89 11697
29.90 11705
29.91 11707
29.92 11713
29.93 11717
29.95 11722
29.96 11727
29.97 11730
29.98 11734
29.99 11739
30.00 11744
30.01 11747
30.02 11751
30.03 11758
30.04 11762
30.05 11765
30.06 11769
30.07 11773
30.08 11778
30.09 11786
30.10 11791
30.11 11796
30.12 11802
30.14 11810
30.15 11813
30.16 11817
30.17 11823
30.18 11829
30.19 11834
30.20 11838
30.21 11843
30.22 11850
30.23 11854
30.24 11859
30.25 11863
30.26 11871
30.27 11875
30.28 11880
30.29 11885
30.30 11892
30.32 11896
30.33 11900
30.34 11905
30.35 11910
30.36 11915
30.37 11921
30.38 11925
30.39 11929
30.40 11936
30.41 11943
30.42 11948
30.43 11954
30.44 11959
30.45 11964
30.46 11970
30.47 11975
30.48 11979
30.50 11983
30.51 11990
30.52 11995
30.53 11998
30.54 12002
30.55 12008
30.56 12014
30.57 12020
30.58 12026
30.59 12033
30.60 12039
30.61 12044
30.62 12046
30.63 12052
30.64 12057
30.65 12062
30.66 12067
30.68 12071
30.69 12078
30.70 12083
30.71 12088
30.72 12092
30.73 12097
30.74 12101
30.75 12105
30.76 12111
30.77 12117
30.78 12123
30.79 12128
30.80 12135
30.81 12140
30.82 12143
30.83 12151
30.84 12155
30.86 12158
30.87 12164
30.88 12170
30.89 12175
30.90 12179
30.91 12184
30.92 12188
30.93 12192
30.94 12198
30.95 12201
30.96 12207
30.97 12211
30.98 12215
30.99 12221
31.00 12225
31.01 12226
31.02 12230
31.03 12234
31.05 12237
31.06 12240
31.07 12244
31.08 12249
31.09 12254
31.10 12261
31.11 12266
31.12 12268
31.13 12274
31.14 12278
31.15 12286
31.16 12291
31.17 12296
31.18 12299
31.19 12304
31.20 12310
31.21 12316
31.23 12320
31.24 12325
31.25 12327
31.26 12332
31.27 12334
31.28 12338
31.29 12343
31.30 12347
31.31 12353
31.32 12357
31.33 12363
31.34 12369
31.35 12374
31.36 12377
31.37 12379
31.38 12383
31.39 12388
31.41 12391
31.42 12397
31.43 12401
31.44 12402
31.45 12408
31.46 12415
31.47 12421
31.48 12426
31.49 12430
31.50 12434
31.51 12440
31.52 12444
31.53 12447
31.54 12455
31.55 12461
31.56 12468
31.57 12475
31.59 12480
31.60 12486
31.61 12491
31.62 12497
31.63 12503
31.64 12507
31.65 12511
31.66 12518
31.67 12524
31.68 12529
31.69 12538
31.70 12544
31.71 12548
31.72 12553
31.73 12557
31.74 12560
31.75 12565
31.77 12568
31.78 12575
31.79 12581
31.80 12586
31.81 12591
31.82 12598
31.83 12602
31.84 12607
31.85 12613
31.86 12618
31.87 12623
31.88 12628
31.89 12631
31.90 12635
31.91 12638
31.92 12642
31.93 12647
31.94 12651
31.96 12657
31.97 12662
31.98 12665
31.99 12670
32.00 12674
32.01 12677
32.02 12684
32.03 12691
32.04 12697
32.05 12702
32.06 12708
32.07 12713
32.08 12717
32.09 12721
32.10 12724
32.11 12730
32.12 12735
32.14 12742
32.15 12747
32.16 12751
32.17 12758
32.18 12761
32.19 12764
32.20 12769
32.21 12772
32.22 12778
32.23 12783
32.24 12785
32.25 12790
32.26 12795
32.27 12800
32.28 12806
32.29 12810
32.30 12816
32.32 12821
32.33 12825
32.34 12830
32.35 12833
32.36 12838
32.37 12842
32.38 12848
32.39 12853
32.40 12859
32.41 12863
32.42 12868
32.43 12874
32.44 12878
32.45 12883
32.46 12887
32.47 12891
32.48 12896
32.50 12900
32.51 12902
32.52 12905
32.53 12908
32.54 12912
32.55 12913
32.56 12922
32.57 12927
32.58 12930
32.59 12935
32.60 12941
32.61 12944
32.62 12949
32.63 12952
32.64 12957
32.65 12960
32.66 12966
32.68 12970
32.69 12974
32.70 12978
32.71 12983
32.72 12988
32.73 12992
32.74 12997
32.75 13003
32.76 13008
32.77 13013
32.78 13018
32.79 13022
32.80 13029
32.81 13035
32.82 13040
32.83 13046
32.84 13053
32.85 13059
32.87 13062
32.88 13068
32.89 13072
32.90 13076
32.91 13081
32.92 13081
32.93 13082
32.94 13087
32.95 13094
32.96 13098
32.97 13101
32.98 13105
32.99 13112
33.00 13118
33.01 13121
33.02 13126
33.03 13132
33.05 13138
33.06 13143
33.07 13148
33.08 13153
33.09 13159
33.10 13165
33.11 13171
33.12 13175
33.13 13180
33.14 13185
33.15 13189
33.16 13193
33.17 13198
33.18 13199
33.19 13202
33.20 13207
33.21 13214
33.23 13219
33.24 13224
33.25 13229
33.26 13234
33.27 13237
33.28 13242
33.29 13247
33.30 13251
33.31 13255
33.32 13262
33.33 13266
33.34 13271
33.35 13274
33.36 13276
33.37 13277
33.38 13284
33.39 13288
33.41 13295
33.42 13301
33.43 13308
33.44 13313
33.45 13319
33.46 13324
33.47 13330
33.48 13334
33.49 13341
33.50 13346
33.51 13350
33.52 13353
33.53 13357
33.54 13361
33.55 13365
33.56 13367
33.57 13375
33.59 13381
33.60 13385
33.61 13391
33.62 13393
33.63 13396
33.64 13401
33.65 13404
33.66 13410
33.67 13415
33.68 13420
33.69 13422
33.70 13427
33.71 13433
33.72 13438
33.73 13443
33.74 13445
33.75 13450
33.76 13453
33.78 13460
33.79 13465
33.80 13470
33.81 13475
33.82 13481
33.83 13484
33.84 13490
33.85 13495
33.86 13499
33.87 13506
33.88 13513
33.89 13519
33.90 13522
33.91 13526
33.92 13530
33.93 13532
33.94 13532
33.96 13536
33.97 13542
33.98 13546
33.99 13551
34.00 13555
34.01 13558
34.02 13564
34.03 13570
34.04 13574
34.05 13579
34.06 13584
34.07 13591
34.08 13596
34.09 13602
34.10 13607
34.11 13611
34.12 13616
34.14 13621
34.15 13624
34.16 13627
34.17 13631
34.18 13635
34.19 13640
34.20 13644
34.21 13649
34.22 13655
34.23 13660
34.24 13661
34.25 13664
34.26 13668
34.27 13672
34.28 13677
34.29 13682
34.30 13686
34.32 13690
34.33 13694
34.34 13700
34.35 13705
34.36 13711
34.37 13718
34.38 13721
34.39 13724
34.40 13726
34.41 13731
34.42 13735
34.43 13739
34.44 13740
34.45 13740
34.46 13744
34.47 13750
34.48 13751
34.50 13754
34.51 13759
34.52 13766
34.53 13769
34.54 13769
34.55 13769
34.56 13769
34.57 13769
34.58 13769
34.59 13776
34.60 13782
34.61 13784
34.62 13791
34.63 13795
34.64 13798
34.65 13803
34.66 13807
34.67 13810
34.69 13815
34.70 13819
34.71 13822
34.72 13827
34.73 13829
34.74 13833
34.75 13836
34.76 13841
34.77 13844
34.78 13848
34.79 13853
34.80 13856
34.81 13858
34.82 13864
34.83 13869
34.84 13875
34.85 13881
34.87 13885
34.88 13892
34.89 13898
34.90 13904
34.91 13909
34.92 13913
34.93 13919
34.94 13921
34.95 13924
34.96 13929
34.97 13932
34.98 13936
34.99 13941
35.00 13944
35.01 13948
35.02 13950
35.03 13956
35.05 13960
35.06 13963
35.07 13964
35.08 13968
35.09 13972
35.10 13977
35.11 13979
35.12 13980
35.13 13984
35.14 13988
35.15 13993
35.16 13998
35.17 14004
35.18 14008
35.19 14012
35.20 14018
35.21 14024
35.23 14032
35.24 14036
35.25 14040
35.26 14045
35.27 14049
35.28 14055
35.29 14061
35.30 14065
35.31 14068
35.32 14072
35.33 14074
35.34 14080
35.35 14085
35.36 14089
35.37 14092
35.38 14096
35.39 14100
35.41 14104
35.42 14109
35.43 14111
35.44 14114
35.45 14120
35.46 14123
35.47 14128
35.48 14131
35.49 14135
35.50 14138
35.51 14146
35.52 14149
35.53 14153
35.54 14157
35.55 14160
35.56 14168
35.57 14173
35.58 14180
35.60 14184
35.61 14189
35.62 14195
35.63 14198
35.64 14201
35.65 14207
35.66 14212
35.67 14216
35.68 14222
35.69 14226
35.70 14231
35.71 14233
35.72 14236
35.73 14243
35.74 14248
35.75 14251
35.76 14258
35.78 14261
35.79 14267
35.80 14273
35.81 14277
35.82 14282
35.83 14288
35.84 14291
35.85 14297
35.86 14302
35.87 14309
35.88 14315
35.89 14319
35.90 14324
35.91 14328
35.92 14332
35.93 14337
35.94 14343
35.96 14347
35.97 14353
35.98 14357
35.99 14366
36.00 14370
36.01 14373
36.02 14376
36.03 14381
36.04 14385
36.05 14391
36.06 14397
36.07 14401
36.08 14405
36.09 14408
36.10 14413
36.11 14420
36.12 14425
36.14 14430
36.15 14434
36.16 14440
36.17 14447
36.18 14453
36.19 14459
36.20 14465
36.21 14470
36.22 14475
36.23 14479
36.24 14482
36.25 14487
36.26 14490
36.27 14494
36.28 14500
36.29 14506
36.30 14512
36.32 14518
36.33 14520
36.34 14526
36.35 14531
36.36 14535
36.37 14540
36.38 14541
36.39 14547
36.40 14553
36.41 14556
36.42 14561
36.43 14565
36.44 14571
36.45 14577
36.46 14582
36.47 14586
36.48 14592
36.49 14595
36.51 14601
36.52 14606
36.53 14609
36.54 14610
36.55 14615
36.56 14617
36.57 14621
36.58 14625
36.59 14629
36.60 14634
36.61 14640
36.62 14643
36.63 14649
36.64 14653
36.65 14657
36.66 14659
36.67 14661
36.69 14664
36.70 14669
36.71 14671
36.72 14679
36.73 14682
36.74 14686
36.75 14693
36.76 14697
36.77 14699
36.78 14705
36.79 14708
36.80 14713
36.81 14717
36.82 14723
36.83 14728
36.84 14731
36.85 14731
36.87 14739
36.88 14746
36.89 14749
36.90 14753
36.91 14757
36.92 14763
36.93 14770
36.94 14781
36.95 14784
36.96 14786
36.97 14792
36.98 14795
36.99 14799
37.00 14804
37.01 14808
37.02 14812
37.03 14816
37.05 14822
37.06 14826
37.07 14831
37.08 14837
37.09 14841
37.10 14845
37.11 14849
37.12 14854
37.13 14860
37.14 14865
37.15 14870
37.16 14872
37.17 14875
37.18 14880
37.19 14886
37.20 14889
37.21 14892
37.23 14897
37.24 14901
37.25 14905
37.26 14909
37.27 14914
37.28 14918
37.29 14922
37.30 14923
37.31 14926
37.32 14931
37.33 14937
37.34 14941
37.35 14944
37.36 14948
37.37 14951
37.38 14955
37.39 14960
37.40 14964
37.42 14969
37.43 14972
37.44 14976
37.45 14978
37.46 14983
37.47 14988
37.48 14994
37.49 14997
37.50 15000
37.51 15004
37.52 15008
37.53 15013
37.54 15020
37.55 15027
37.56 15032
37.57 15036
37.58 15043
37.60 15047
37.61 15053
37.62 15059
37.63 15065
37.64 15069
37.65 15074
37.66 15078
37.67 15083
37.68 15085
37.69 15090
37.70 15096
37.71 15101
37.72 15105
37.73 15109
37.74 15115
37.75 15119
37.76 15123
37.78 15127
37.79 15131
37.80 15136
37.81 15138
37.82 15142
37.83 15151
37.84 15159
37.85 15164
37.86 15171
37.87 15175
37.88 15178
37.89 15183
37.90 15187
37.91 15188
37.92 15194
37.93 15198
37.94 15201
37.96 15205
37.97 15212
37.98 15217
37.99 15223
38.00 15229
38.01 15234
38.02 15237
38.03 15242
38.04 15245
38.05 15250
38.06 15254
38.07 15259
38.08 15263
38.09 15270
38.10 15277
38.11 15279
38.12 15285
38.14 15290
38.15 15296
38.16 15302
38.17 15307
38.18 15313
38.19 15317
38.20 15321
38.21 15327
38.22 15333
38.23 15338
38.24 15342
38.25 15343
38.26 15346
38.27 15349
38.28 15352
38.29 15354
38.30 15360
38.31 15364
38.33 15367
38.34 15372
38.35 15377
38.36 15379
38.37 15381
38.38 15386
38.39 15393
38.40 15397
38.41 15401
38.42 15406
38.43 15410
38.44 15413
38.45 15420
38.46 15427
38.47 15431
38.48 15437
38.49 15440
38.51 15441
38.52 15445
38.53 15451
38.54 15456
38.55 15462
38.56 15466
38.57 15468
38.58 15471
38.59 15473
38.60 15477
38.61 15478
38.62 15481
38.63 15481
38.64 15489
38.65 15492
38.66 15494
38.67 15497
38.69 15502
38.70 15503
38.71 15504
38.72 15511
38.73 15517
38.74 15521
38.75 15524
38.76 15530
38.77 15535
38.78 15541
38.79 15548
38.80 15553
38.81 15558
38.82 15562
38.83 15568
38.84 15572
38.85 15577
38.87 15582
38.88 15585
38.89 15589
38.90 15592
38.91 15596
38.92 15599
38.93 15602
38.94 15609
38.95 15613
38.96 15619
38.97 15621
38.98 15625
38.99 15630
39.00 15633
39.01 15640
39.02 15646
39.03 15652
39.05 15655
39.06 15659
39.07 15664
39.08 15665
39.09 15669
39.10 15670
39.11 15676
39.12 15678
39.13 15678
39.14 15680
39.15 15684
39.16 15690
39.17 15697
39.18 15702
39.19 15708
39.20 15712
39.21 15717
39.22 15722
39.24 15727
39.25 15734
39.26 15737
39.27 15742
39.28 15747
39.29 15751
39.30 15755
39.31 15760
39.32 15764
39.33 15770
39.34 15773
39.35 15776
39.36 15777
39.37 15779
39.38 15779
39.39 15782
39.40 15787
39.42 15793
39.43 15797
39.44 15801
39.45 15806
39.46 15811
39.47 15815
39.48 15819
39.49 15822
39.50 15822
39.51 15826
39.52 15830
39.53 15835
39.54 15840
39.55 15845
39.56 15847
39.57 15851
39.58 15856
39.60 15858
39.61 15861
39.62 15864
39.63 15868
39.64 15871
39.65 15874
39.66 15880
39.67 15884
39.68 15887
39.69 15890
39.70 15892
39.71 15896
39.72 15900
39.73 15904
39.74 15905
39.75 15910
39.76 15914
39.78 15916
39.79 15919
39.80 15923
39.81 15924
39.82 15926
39.83 15929
39.84 15932
39.85 15933
39.86 15935
39.87 15943
39.88 15948
39.89 15956
39.90 15962
39.91 15963
39.92 15964
39.93 15966
39.94 15968
39.96 15974
39.97 15980
39.98 15984
39.99 15987
40.00 15993
40.01 15997
40.02 16000
40.03 16001
40.04 16004
40.05 16007
40.06 16007
40.07 16014
40.08 16018
40.09 16019
40.10 16022
40.11 16027
40.12 16029
40.13 16034
40.15 16036
40.16 16040
40.17 16044
40.18 16050
40.19 16055
40.20 16059
40.21 16065
40.22 16069
40.23 16077
40.24 16078
40.25 16085
40.26 16091
40.27 16096
40.28 16103
40.29 16107
40.30 16109
40.31 16112
40.33 16115
40.34 16120
40.35 16121
40.36 16122
40.37 16123
40.38 16128
40.39 16135
40.40 16140
40.41 16145
40.42 16150
40.43 16158
40.44 16163
40.45 16163
40.46 16163
40.47 16165
40.48 16169
40.49 16174
40.51 16178
40.52 16184
40.53 16193
40.54 16196
40.55 16196
40.56 16201
40.57 16205
40.58 16212
40.59 16218
40.60 16222
40.61 16224
40.62 16227
40.63 16233
40.64 16235
40.65 16238
40.66 16240
40.67 16245
40.69 16247
40.70 16249
40.71 16251
40.72 16253
40.73 16259
40.74 16260
40.75 16266
40.76 16269
40.77 16274
40.78 16279
40.79 16284
40.80 16289
40.81 16290
40.82 16295
40.83 16302
40.84 16308
40.85 16316
40.87 16323
40.88 16332
40.89 16339
40.90 16340
40.91 16344
40.92 16350
40.93 16356
40.94 16360
40.95 16362
40.96 16365
40.97 16369
40.98 16371
40.99 16374
41.00 16379
41.01 16379
41.02 16379
41.03 16379
41.04 16382
41.06 16385
41.07 16391
41.08 16395
41.09 16403
41.10 16409
41.11 16415
41.12 16420
41.13 16422
41.14 16422
41.15 16422
41.16 16426
41.17 16426
41.18 16433
41.19 16440
41.20 16443
41.21 16446
41.22 16449
41.24 16454
41.25 16458
41.26 16460
41.27 16464
41.28 16466
41.29 16472
41.30 16477
41.31 16483
41.32 16486
41.33 16487
41.34 16489
41.35 16492
41.36 16494
41.37 16495
41.38 16498
41.39 16501
41.40 16502
41.42 16504
41.43 16508
41.44 16512
41.45 16517
41.46 16523
41.47 16523
41.48 16523
41.49 16525
41.50 16529
41.51 16529
41.52 16529
41.53 16530
41.54 16530
41.55 16532
41.56 16535
41.57 16541
41.58 16544
41.60 16547
41.61 16548
41.62 16549
41.63 16556
41.64 16558
41.65 16558
41.66 16566
41.67 16571
41.68 16572
41.69 16574
41.70 16574
41.71 16576
41.72 16576
41.73 16580
41.74 16582
41.75 16584
41.76 16591
41.78 16594
41.79 16595
41.80 16595
41.81 16596
41.82 16598
41.83 16600
41.84 16604
41.85 16607
41.86 16607
41.87 16608
41.88 16608
41.89 16609
41.90 16612
41.91 16612
41.92 16616
41.93 16616
41.94 16616
41.95 16618
41.97 16620
41.98 16621
41.99 16626
42.00 16634
42.01 16634
42.02 16634
42.03 16635
42.04 16636
42.05 16637
42.06 16642
42.07 16649
42.08 16650
42.09 16650
42.10 16651
42.11 16651
42.12 16655
42.13 16656
42.15 16656
42.16 16657
42.17 16660
42.18 16660
42.19 16662
42.20 16669
42.21 16676
42.22 16680
42.23 16683
42.24 16687
42.25 16689
42.26 16692
42.27 16699
42.28 16701
42.29 16707
42.30 16712
42.31 16719
42.33 16722
42.34 16729
42.35 16734
42.36 16739
42.37 16743
42.38 16751
42.39 16757
42.40 16761
42.41 16765
42.42 16770
42.43 16774
42.44 16781
42.45 16788
42.46 16791
42.47 16798
42.48 16803
42.49 16807
42.51 16812
42.52 16814
42.53 16820
42.54 16824
42.55 16828
42.56 16831
42.57 16834
42.58 16841
42.59 16846
42.60 16850
42.61 16856
42.62 16859
42.63 16863
42.64 16864
42.65 16867
42.66 16873
42.67 16877
42.69 16879
42.70 16883
42.71 16884
42.72 16890
42.73 16894
42.74 16899
42.75 16903
42.76 16905
42.77 16916
42.78 16921
42.79 16925
42.80 16931
42.81 16933
42.82 16935
42.83 16941
42.84 16943
42.85 16947
42.86 16952
42.88 16954
42.89 16959
42.90 16961
42.91 16966
42.92 16970
42.93 16976
42.94 16978
42.95 16984
42.96 16986
42.97 16988
42.98 16990
42.99 16993
43.00 16996
43.01 17002
43.02 17005
43.03 17009
43.04 17012
43.06 17015
43.07 17020
43.08 17023
43.09 17024
43.10 17031
43.11 17035
43.12 17040
43.13 17042
43.14 17044
43.15 17049
43.16 17052
43.17 17056
43.18 17064
43.19 17067
43.20 17071
43.21 17077
43.22 17083
43.24 17085
43.25 17086
43.26 17090
43.27 17095
43.28 17097
43.29 17099
43.30 17102
43.31 17108
43.32 17110
43.33 17113
43.34 17118
43.35 17121
43.36 17123
43.37 17128
43.38 17133
43.39 17138
43.40 17140
43.42 17144
43.43 17149
43.44 17152
43.45 17156
43.46 17158
43.47 17167
43.48 17172
43.49 17174
43.50 17175
43.51 17180
43.52 17180
43.53 17186
43.54 17193
43.55 17195
43.56 17202
43.57 17204
43.58 17208
43.60 17210
43.61 17213
43.62 17215
43.63 17219
43.64 17225
43.65 17230
43.66 17233
43.67 17236
43.68 17239
43.69 17243
43.70 17245
43.71 17251
43.72 17254
43.73 17255
43.74 17256
43.75 17257
43.76 17262
43.77 17264
43.79 17266
43.80 17270
43.81 17271
43.82 17273
43.83 17275
43.84 17282
43.85 17283
43.86 17289
43.87 17296
43.88 17298
43.89 17300
43.90 17304
43.91 17309
43.92 17312
43.93 17313
43.94 17314
43.95 17315
43.97 17320
43.98 17322
43.99 17324
44.00 17327
44.01 17329
44.02 17333
44.03 17333
44.04 17334
44.05 17334
44.06 17336
44.07 17338
44.08 17340
44.09 17340
44.10 17342
44.11 17343
44.12 17344
44.13 17344
44.15 17344
44.16 17344
44.17 17344
44.18 17345
44.19 17345
44.20 17345
44.21 17345
44.22 17345
44.23 17345
44.24 17345
44.25 17345
44.26 17348
44.27 17350
44.28 17350
44.29 17351
44.30 17352
44.31 17352
44.33 17352
44.34 17353
44.35 17353
44.36 17353
44.37 17353
44.38 17353
44.39 17354
44.40 17354
44.41 17354
44.42 17354
44.43 17354
44.44 17354
44.45 17354
44.46 17356
44.47 17356
44.48 17356
44.49 17357
44.50 17358
44.52 17359
44.53 17359
44.54 17359
44.55 17360
44.56 17360
44.57 17360
44.58 17360
44.59 17360
44.60 17360
44.61 17361
44.62 17361
44.63 17361
44.64 17364
44.65 17368
44.66 17370
44.67 17370
44.68 17370
44.70 17372
44.71 17375
44.72 17375
44.73 17378
44.74 17380
44.75 17382
44.76 17382
44.77 17383
44.78 17385
44.79 17385
44.80 17385
44.81 17386
44.82 17389
44.83 17390
44.84 17390
44.85 17391
44.86 17391
44.88 17392
44.89 17392
44.90 17392
44.91 17392
44.92 17392
44.93 17392
44.94 17392
44.95 17392
44.96 17393
44.97 17393
44.98 17393
44.99 17396
45.00 17396
45.01 17397
45.02 17397
45.03 17397
45.04 17399
45.06 17399
45.07 17399
45.08 17399
45.09 17399
45.10 17399
45.11 17399
45.12 17400
45.13 17400
45.14 17400
45.15 17400
45.16 17400
45.17 17400
45.18 17402
45.19 17403
45.20 17403
45.21 17403
45.22 17404
45.24 17405
45.25 17405
45.26 17405
45.27 17405
45.28 17405
45.29 17405
45.30 17405
45.31 17406
45.32 17406
45.33 17406
45.34 17406
45.35 17406
45.36 17406
45.37 17410
45.38 17411
45.39 17412
45.40 17412
45.41 17413
45.43 17413
45.44 17413
45.45 17413
45.46 17413
45.47 17413
45.48 17413
45.49 17413
45.50 17413
45.51 17415
45.52 17417
45.53 17417
45.54 17418
45.55 17419
45.56 17419
45.57 17422
45.58 17423
45.59 17426
45.61 17428
45.62 17428
45.63 17435
45.64 17435
45.65 17437
45.66 17441
45.67 17442
45.68 17447
45.69 17451
45.70 17457
45.71 17462
45.72 17469
45.73 17474
45.74 17478
45.75 17483
45.76 17486
45.77 17490
45.79 17498
45.80 17504
45.81 17507
45.82 17510
45.83 17514
45.84 17519
45.85 17527
45.86 17531
45.87 17536
45.88 17540
45.89 17544
45.90 17546
45.91 17549
45.92 17552
45.93 17556
45.94 17562
45.95 17571
45.97 17575
45.98 17579
45.99 17581
46.00 17585
46.01 17590
46.02 17595
46.03 17603
46.04 17607
46.05 17613
46.06 17618
46.07 17622
46.08 17628
46.09 17633
46.10 17636
46.11 17639
46.12 17646
46.13 17651
46.15 17657
46.16 17662
46.17 17666
46.18 17669
46.19 17675
46.20 17681
46.21 17684
46.22 17687
46.23 17691
46.24 17696
46.25 17699
46.26 17704
46.27 17708
46.28 17710
46.29 17715
46.30 17717
46.31 17722
46.32 17729
46.34 17736
46.35 17742
46.36 17746
46.37 17749
46.38 17753
46.39 17759
46.40 17763
46.41 17768
46.42 17773
46.43 17779
46.44 17785
46.45 17790
46.46 17797
46.47 17804
46.48 17810
46.49 17815
46.50 17820
46.52 17825
46.53 17828
46.54 17831
46.55 17836
46.56 17840
46.57 17846
46.58 17850
46.59 17855
46.60 17859
46.61 17864
46.62 17873
46.63 17879
46.64 17885
46.65 17890
46.66 17894
46.67 17898
46.68 17900
46.70 17902
46.71 17907
46.72 17911
46.73 17915
46.74 17919
46.75 17925
46.76 17929
46.77 17936
46.78 17939
46.79 17942
46.80 17945
46.81 17947
46.82 17953
46.83 17957
46.84 17964
46.85 17969
46.86 17975
46.88 17978
46.89 17983
46.90 17988
46.91 17992
46.92 17999
46.93 18004
46.94 18008
46.95 18013
46.96 18017
46.97 18024
46.98 18030
46.99 18034
47.00 18039
47.01 18044
47.02 18049
47.03 18055
47.04 18059
47.06 18062
47.07 18065
47.08 18070
47.09 18074
47.10 18079
47.11 18083
47.12 18086
47.13 18094
47.14 18098
47.15 18104
47.16 18106
47.17 18107
47.18 18113
47.19 18117
47.20 18123
47.21 18128
47.22 18132
47.23 18135
47.25 18140
47.26 18144
47.27 18147
47.28 18151
47.29 18155
47.30 18157
47.31 18163
47.32 18169
47.33 18174
47.34 18176
47.35 18181
47.36 18188
47.37 18191
47.38 18196
47.39 18200
47.40 18205
47.41 18213
47.43 18218
47.44 18220
47.45 18223
47.46 18229
47.47 18232
47.48 18238
47.49 18244
47.50 18251
47.51 18255
47.52 18261
47.53 18266
47.54 18270
47.55 18276
47.56 18281
47.57 18287
47.58 18291
47.59 18296
47.61 18304
47.62 18308
47.63 18316
47.64 18321
47.65 18325
47.66 18332
47.67 18338
47.68 18346
47.69 18358
47.70 18367
47.71 18375
47.72 18383
47.73 18389
47.74 18392
47.75 18395
47.76 18398
47.77 18404
47.79 18410
47.80 18416
47.81 18420
47.82 18426
47.83 18428
47.84 18432
47.85 18436
47.86 18444
47.87 18451
47.88 18455
47.89 18460
47.90 18465
47.91 18468
47.92 18470
47.93 18472
47.94 18476
47.95 18480
47.97 18484
47.98 18488
47.99 18494
48.00 18499
48.01 18504
48.02 18508
48.03 18513
48.04 18517
48.05 18521
48.06 18527
48.07 18528
48.08 18533
48.09 18539
48.10 18543
48.11 18545
48.12 18549
48.13 18554
48.14 18558
48.16 18565
48.17 18568
48.18 18574
48.19 18578
48.20 18583
48.21 18587
48.22 18592
48.23 18599
48.24 18604
48.25 18610
48.26 18614
48.27 18619
48.28 18624
48.29 18630
48.30 18637
48.31 18642
48.32 18649
48.34 18650
48.35 18654
48.36 18659
48.37 18666
48.38 18671
48.39 18676
48.40 18680
48.41 18684
48.42 18689
48.43 18697
48.44 18703
48.45 18707
48.46 18714
48.47 18723
48.48 18729
48.49 18733
48.50 18738
48.52 18742
48.53 18745
48.54 18751
48.55 18757
48.56 18762
48.57 18771
48.58 18778
48.59 18786
48.60 18791
48.61 18794
48.62 18795
48.63 18800
48.64 18804
48.65 18809
48.66 18810
48.67 18811
48.68 18813
48.70 18813
48.71 18815
48.72 18819
48.73 18821
48.74 18824
48.75 18829
48.76 18831
48.77 18834
48.78 18836
48.79 18837
48.80 18837
48.81 18838
48.82 18842
48.83 18842
48.84 18844
48.85 18847
48.86 18850
48.88 18854
48.89 18856
48.90 18857
48.91 18859
48.92 18861
48.93 18867
48.94 18872
48.95 18873
48.96 18876
48.97 18878
48.98 18878
48.99 18879
49.00 18881
49.01 18881
49.02 18882
49.03 18882
49.04 18882
49.05 18883
49.07 18884
49.08 18885
49.09 18885
49.10 18885
49.11 18885
49.12 18891
49.13 18892
49.14 18892
49.15 18893
49.16 18893
49.17 18895
49.18 18895
49.19 18895
49.20 18895
49.21 18895
49.22 18895
49.23 18895
49.25 18897
49.26 18898
49.27 18898
49.28 18898
49.29 18898
49.30 18898
49.31 18898
49.32 18904
49.33 18906
49.34 18906
49.35 18910
49.36 18910
49.37 18913
49.38 18914
49.39 18914
49.40 18917
49.41 18920
49.43 18920
49.44 18925
49.45 18925
49.46 18925
49.47 18929
49.48 18929
49.49 18929
49.50 18929
49.51 18932
49.52 18934
49.53 18934
49.54 18937
49.55 18938
49.56 18942
49.57 18942
49.58 18944
49.59 18946
49.61 18949
49.62 18949
49.63 18949
49.64 18954
49.65 18963
49.66 18965
49.67 18967
49.68 18971
49.69 18975
49.70 18975
49.71 18978
49.72 18982
49.73 18985
49.74 18986
49.75 18993
49.76 19002
49.77 19004
49.79 19006
49.80 19007
49.81 19013
49.82 19014
49.83 19017
49.84 19018
49.85 19018
49.86 19020
49.87 19024
49.88 19025
49.89 19028
49.90 19032
49.91 19034
49.92 19038
49.93 19040
49.94 19044
49.95 19049
49.96 19055
49.98 19058
49.99 19062
50.00 19065
50.01 19069
50.02 19075
50.03 19076
50.04 19079
50.05 19083
50.06 19086
50.07 19091
50.08 19096
50.09 19103
50.10 19107
50.11 19111
50.12 19115
50.13 19120
50.14 19127
50.16 19128
50.17 19134
50.18 19144
50.19 19148
50.20 19152
50.21 19155
50.22 19158
50.23 19162
50.24 19165
50.25 19169
50.26 19171
50.27 19174
50.28 19178
50.29 19184
50.30 19191
50.31 19196
50.32 19199
50.34 19202
50.35 19209
50.36 19214
50.37 19218
50.38 19222
50.39 19225
50.40 19227
50.41 19235
50.42 19237
50.43 19239
50.44 19245
50.45 19252
50.46 19257
50.47 19260
50.48 19266
50.49 19269
50.50 19273
50.52 19277
50.53 19281
50.54 19286
50.55 19294
50.56 19301
50.57 19309
50.58 19312
50.59 19317
50.60 19319
50.61 19324
50.62 19328
50.63 19334
50.64 19339
50.65 19343
50.66 19350
50.67 19354
50.68 19359
50.70 19364
50.71 19369
50.72 19374
50.73 19382
50.74 19387
50.75 19392
50.76 19394
50.77 19400
50.78 19404
50.79 19411
50.80 19417
50.81 19423
50.82 19428
50.83 19430
50.84 19434
50.85 19439
50.86 19442
50.87 19444
50.89 19448
50.90 19451
50.91 19456
50.92 19461
50.93 19464
50.94 19467
50.95 19469
50.96 19472
50.97 19481
50.98 19488
50.99 19492
51.00 19495
51.01 19500
51.02 19503
51.03 19510
51.04 19515
51.05 19518
51.07 19524
51.08 19526
51.09 19529
51.10 19533
51.11 19535
51.12 19538
51.13 19541
51.14 19544
51.15 19553
51.16 19559
51.17 19565
51.18 19571
51.19 19577
51.20 19584
51.21 19588
51.22 19590
51.23 19593
51.25 19597
51.26 19598
51.27 19600
51.28 19601
51.29 19605
51.30 19609
51.31 19618
51.32 19620
51.33 19624
51.34 19624
51.35 19628
51.36 19632
51.37 19632
51.38 19633
51.39 19636
51.40 19643
51.41 19646
51.43 19650
51.44 19655
51.45 19658
51.46 19661
51.47 19662
51.48 19666
51.49 19669
51.50 19672
51.51 19676
51.52 19678
51.53 19682
51.54 19687
51.55 19690
51.56 19692
51.57 19698
51.58 19702
51.59 19707
51.61 19711
51.62 19714
51.63 19718
51.64 19722
51.65 19725
51.66 19729
51.67 19731
51.68 19733
51.69 19738
51.70 19740
51.71 19742
51.72 19746
51.73 19750
51.74 19751
51.75 19756
51.76 19761
51.77 19765
51.78 19769
51.80 19771
51.81 19775
51.82 19779
51.83 19783
51.84 19786
51.85 19789
51.86 19793
51.87 19794
51.88 19799
51.89 19804
51.90 19810
51.91 19814
51.92 19817
51.93 19820
51.94 19826
51.95 19831
51.96 19834
51.98 19838
51.99 19844
52.00 19852
52.01 19859
52.02 19866
52.03 19868
52.04 19868
52.05 19872
52.06 19875
52.07 19878
52.08 19882
52.09 19886
52.10 19889
52.11 19895
52.12 19899
52.13 19906
52.14 19909
52.16 19910
52.17 19912
52.18 19915
52.19 19917
52.20 19922
52.21 19928
52.22 19929
52.23 19935
52.24 19937
52.25 19940
52.26 19943
52.27 19947
52.28 19948
52.29 19950
52.30 19952
52.31 19956
52.32 19958
52.34 19962
52.35 19964
52.36 19964
52.37 19966
52.38 19972
52.39 19976
52.40 19983
52.41 19990
52.42 19994
52.43 20000
52.44 20003
52.45 20008
52.46 20011
52.47 20014
52.48 20015
52.49 20016
52.50 20020
52.52 20023
52.53 20025
52.54 20026
52.55 20030
52.56 20033
52.57 20033
52.58 20037
52.59 20039
52.60 20042
52.61 20045
52.62 20046
52.63 20049
52.64 20054
52.65 20058
52.66 20064
52.67 20066
52.68 20070
52.69 20076
52.71 20080
52.72 20084
52.73 20090
52.74 20092
52.75 20092
52.76 20093
52.77 20098
52.78 20099
52.79 20103
52.80 20106
52.81 20109
52.82 20116
52.83 20121
52.84 20126
52.85 20129
52.86 20137
52.87 20143
52.89 20151
52.90 20156
52.91 20162
52.92 20168
52.93 20173
52.94 20177
52.95 20182
52.96 20187
52.97 20190
52.98 20193
52.99 20196
53.00 20202
53.01 20207
53.02 20211
53.03 20214
53.04 20218
53.05 20222
53.07 20224
53.08 20228
53.09 20234
53.10 20239
53.11 20243
53.12 20249
53.13 20255
53.14 20260
53.15 20264
53.16 20268
53.17 20269
53.18 20276
53.19 20279
53.20 20283
53.21 20291
53.22 20296
53.23 20299
53.25 20303
53.26 20309
53.27 20315
53.28 20316
53.29 20324
53.30 20326
53.31 20328
53.32 20331
53.33 20335
53.34 20338
53.35 20341
53.36 20341
53.37 20346
53.38 20348
53.39 20350
53.40 20350
53.41 20350
53.43 20350
53.44 20352
53.45 20359
53.46 20361
53.47 20363
53.48 20364
53.49 20366
53.50 20367
53.51 20373
53.52 20376
53.53 20377
53.54 20379
53.55 20383
53.56 20387
53.57 20390
53.58 20394
53.59 20397
53.60 20402
53.62 20406
53.63 20409
53.64 20410
53.65 20415
53.66 20417
53.67 20424
53.68 20429
53.69 20432
53.70 20439
53.71 20439
53.72 20443
53.73 20447
53.74 20451
53.75 20452
53.76 20457
53.77 20462
53.78 20468
53.80 20474
53.81 20477
53.82 20479
53.83 20485
53.84 20488
53.85 20494
53.86 20499
53.87 20502
53.88 20504
53.89 20504
53.90 20505
53.91 20506
53.92 20514
53.93 20517
53.94 20520
53.95 20522
53.96 20526
53.98 20527
53.99 20528
54.00 20529
54.01 20529
54.02 20530
54.03 20535
54.04 20535
54.05 20538
54.06 20539
54.07 20542
54.08 20544
54.09 20547
54.10 20551
54.11 20553
54.12 20554
54.13 20558
54.14 20559
54.16 20559
54.17 20561
54.18 20563
54.19 20564
54.20 20565
54.21 20565
54.22 20567
54.23 20568
54.24 20568
54.25 20570
54.26 20571
54.27 20572
54.28 20572
54.29 20574
54.30 20575
54.31 20580
54.32 20581
54.34 20581
54.35 20582
54.36 20582
54.37 20585
54.38 20591
54.39 20592
54.40 20593
54.41 20595
54.42 20598
54.43 20600
54.44 20600
54.45 20601
54.46 20602
54.47 20602
54.48 20602
54.49 20602
54.50 20602
54.51 20602
54.53 20602
54.54 20602
54.55 20602
54.56 20605
54.57 20605
54.58 20605
54.59 20609
54.60 20610
54.61 20610
54.62 20611
54.63 20612
54.64 20612
54.65 20612
54.66 20612
54.67 20612
54.68 20612
54.69 20612
54.71 20612
54.72 20612
54.73 20614
54.74 20614
54.75 20614
54.76 20618
54.77 20619
54.78 20619
54.79 20619
54.80 20620
54.81 20620
54.82 20620
54.83 20620
54.84 20620
54.85 20620
54.86 20620
54.87 20620
54.89 20620
54.90 20622
54.91 20622
54.92 20622
54.93 20626
54.94 20627
54.95 20627
54.96 20627
54.97 20627
54.98 20628
54.99 20629
55.00 20629
55.01 20629
55.02 20629
55.03 20629
55.04 20629
55.05 20630
55.07 20631
55.08 20631
55.09 20631
55.10 20631
55.11 20631
55.12 20633
55.13 20634
55.14 20634
55.15 20634
55.16 20635
55.17 20635
55.18 20635
55.19 20635
55.20 20635
55.21 20635
55.22 20635
55.23 20635
55.25 20635
55.26 20637
55.27 20637
55.28 20637
55.29 20640
55.30 20642
55.31 20642
55.32 20642
55.33 20643
55.34 20645
55.35 20647
55.36 20647
55.37 20650
55.38 20652
55.39 20652
55.40 20652
55.41 20656
55.42 20657
55.44 20657
55.45 20658
55.46 20658
55.47 20658
55.48 20662
55.49 20663
55.50 20663
55.51 20664
55.52 20664
55.53 20667
55.54 20667
55.55 20669
55.56 20669
55.57 20669
55.58 20669
55.59 20672
55.60 20672
55.62 20675
55.63 20675
55.64 20675
55.65 20677
55.66 20679
55.67 20679
55.68 20679
55.69 20679
55.70 20680
55.71 20680
55.72 20680
55.73 20680
55.74 20680
55.75 20680
55.76 20680
55.77 20680
55.78 20683
55.80 20683
55.81 20683
55.82 20686
55.83 20686
55.84 20686
55.85 20688
55.86 20688
55.87 20688
55.88 20688
55.89 20688
55.90 20688
55.91 20688
55.92 20688
55.93 20688
55.94 20688
55.95 20689
55.96 20689
55.98 20689
55.99 20693
56.00 20694
56.01 20694
56.02 20695
56.03 20695
56.04 20699
56.05 20699
56.06 20699
56.07 20700
56.08 20700
56.09 20700
56.10 20705
56.11 20712
56.12 20717
56.13 20722
56.14 20728
56.16 20734
56.17 20734
56.18 20734
56.19 20736
56.20 20736
56.21 20736
56.22 20740
56.23 20741
56.24 20741
56.25 20742
56.26 20742
56.27 20742
56.28 20742
56.29 20742
56.30 20742
56.31 20742
56.32 20742
56.33 20743
56.35 20743
56.36 20744
56.37 20744
56.38 20744
56.39 20748
56.40 20748
56.41 20748
56.42 20751
56.43 20751
56.44 20754
56.45 20754
56.46 20754
56.47 20755
56.48 20755
56.49 20755
56.50 20757
56.51 20757
56.53 20757
56.54 20759
56.55 20759
56.56 20759
56.57 20759
56.58 20762
56.59 20763
56.60 20763
56.61 20763
56.62 20764
56.63 20768
56.64 20768
56.65 20769
56.66 20772
56.67 20774
56.68 20775
56.69 20775
56.71 20777
56.72 20778
56.73 20778
56.74 20778
56.75 20778
56.76 20778
56.77 20778
56.78 20781
56.79 20782
56.80 20782
56.81 20782
56.82 20782
56.83 20786
56.84 20786
56.85 20786
56.86 20787
56.87 20787
56.89 20787
56.90 20787
56.91 20789
56.92 20789
56.93 20791
56.94 20791
56.95 20791
56.96 20791
56.97 20799
56.98 20800
56.99 20800
57.00 20800
57.01 20801
57.02 20803
57.03 20804
57.04 20804
57.05 20805
57.07 20805
57.08 20805
57.09 20805
57.10 20806
57.11 20806
57.12 20806
57.13 20806
57.14 20806
57.15 20806
57.16 20806
57.17 20809
57.18 20810
57.19 20810
57.20 20810
57.21 20810
57.22 20812
57.23 20813
57.24 20813
57.26 20814
57.27 20814
57.28 20814
57.29 20814
57.30 20816
57.31 20816
57.32 20816
57.33 20817
57.34 20817
57.35 20817
57.36 20819
57.37 20820
57.38 20820
57.39 20820
57.40 20820
57.41 20824
57.42 20825
57.44 20825
57.45 20825
57.46 20825
57.47 20825
57.48 20825
57.49 20825
57.50 20826
57.51 20826
57.52 20826
57.53 20826
57.54 20826
57.55 20826
57.56 20830
57.57 20832
57.58 20832
57.59 20835
57.60 20835
57.62 20839
57.63 20840
57.64 20840
57.65 20843
57.66 20846
57.67 20846
57.68 20846
57.69 20850
57.70 20852
57.71 20852
57.72 20853
57.73 20853
57.74 20853
57.75 20857
57.76 20858
57.77 20859
57.78 20859
57.80 20860
57.81 20860
57.82 20860
57.83 20860
57.84 20860
57.85 20860
57.86 20860
57.87 20861
57.88 20861
57.89 20861
57.90 20862
57.91 20862
57.92 20862
57.93 20865
57.94 20866
57.95 20866
57.96 20867
57.98 20867
57.99 20867
58.00 20867
58.01 20867
58.02 20867
58.03 20867
58.04 20867
58.05 20867
58.06 20867
58.07 20870
58.08 20870
58.09 20870
58.10 20875
58.11 20876
58.12 20876
58.13 20877
58.14 20877
58.15 20877
58.17 20877
58.18 20877
58.19 20877
58.20 20877
58.21 20877
58.22 20877
58.23 20877
58.24 20878
58.25 20878
58.26 20878
58.27 20882
58.28 20884
58.29 20885
58.30 20885
58.31 20885
58.32 20885
58.33 20886
58.35 20886
58.36 20886
58.37 20886
58.38 20886
58.39 20886
58.40 20886
58.41 20886
58.42 20888
58.43 20888
58.44 20888
58.45 20891
58.46 20892
58.47 20892
58.48 20895
58.49 20895
58.50 20899
58.51 20900
58.53 20900
58.54 20908
58.55 20908
58.56 20910
58.57 20910
58.58 20916
58.59 20923
58.60 20924
58.61 20924
58.62 20928
58.63 20930
58.64 20930
58.65 20932
58.66 20934
58.67 20934
58.68 20935
58.69 20935
58.71 20935
58.72 20935
58.73 20935
58.74 20935
58.75 20935
58.76 20935
58.77 20935
58.78 20935
58.79 20935
58.80 20936
58.81 20936
58.82 20937
58.83 20941
58.84 20942
58.85 20942
58.86 20943
58.87 20944
58.88 20947
58.90 20947
58.91 20948
58.92 20951
58.93 20953
58.94 20953
58.95 20954
58.96 20954
58.97 20956
58.98 20956
58.99 20956
59.00 20956
59.01 20960
59.02 20961
59.03 20961
59.04 20962
59.05 20962
59.06 20962
59.08 20962
59.09 20962
59.10 20962
59.11 20962
59.12 20962
59.13 20962
59.14 20962
59.15 20965
59.16 20965
59.17 20965
59.18 20969
59.19 20969
59.20 20969
59.21 20969
59.22 20969
59.23 20973
59.24 20974
59.26 20974
59.27 20975
59.28 20975
59.29 20975
59.30 20975
59.31 20976
59.32 20976
59.33 20976
59.34 20976
59.35 20976
59.36 20978
59.37 20981
59.38 20982
59.39 20982
59.40 20984
59.41 20985
59.42 20985
59.44 20985
59.45 20985
59.46 20985
59.47 20985
59.48 20985
59.49 20985
59.50 20985
59.51 20986
59.52 20986
59.53 20986
59.54 20989
59.55 20990
59.56 20990
59.57 20990
59.58 20991
59.59 20991
59.60 20991
59.62 20991
59.63 20991
59.64 20991
59.65 20991
59.66 20991
59.67 20991
59.68 20992
59.69 20992
59.70 20992
59.71 20996
59.72 20997
59.73 20997
59.74 20997
59.75 20998
59.76 20998
59.77 20998
59.78 20998
59.79 20998
59.81 20998
59.82 20998
59.83 20998
59.84 20998
59.85 20998
59.86 20999
59.87 20999
59.88 20999
59.89 21003
59.90 21004
59.91 21004
59.92 21004
59.93 21004
59.94 21004
59.95 21004
59.96 21004
59.97 21004
59.99 21004
60.00 21004
60.01 21004
60.02 21004
60.03 21006
60.04 21006
60.05 21006
60.06 21011
60.07 21011
60.08 21011
60.09 21012
60.10 21012
60.11 21016
60.12 21016
60.13 21016
60.14 21021
60.15 21022
60.17 21022
60.18 21026
60.19 21026
60.20 21027
60.21 21028
60.22 21028
60.23 21028
60.24 21034
60.25 21035
60.26 21036
60.27 21037
60.28 21040
60.29 21041
60.30 21044
60.31 21044
60.32 21048
60.33 21049
60.35 21051
60.36 21052
60.37 21053
60.38 21053
60.39 21053
60.40 21054
60.41 21054
60.42 21054
60.43 21065
60.44 21070
60.45 21071
60.46 21071
60.47 21074
60.48 21074
60.49 21078
60.50 21078
60.51 21078
60.53 21081
60.54 21083
60.55 21083
60.56 21083
60.57 21085
60.58 21085
60.59 21087
60.60 21087
60.61 21087
60.62 21090
60.63 21091
60.64 21092
60.65 21092
60.66 21092
60.67 21095
60.68 21096
60.69 21096
60.70 21101
60.72 21102
60.73 21104
60.74 21104
60.75 21105
60.76 21106
60.77 21106
60.78 21106
60.79 21106
60.80 21106
60.81 21111
60.82 21111
60.83 21111
60.84 21112
60.85 21112
60.86 21113
60.87 21114
60.88 21114
60.90 21115
60.91 21115
60.92 21115
60.93 21115
60.94 21117
60.95 21119
60.96 21119
60.97 21119
60.98 21119
60.99 21119
61.00 21123
61.01 21123
61.02 21124
61.03 21124
61.04 21125
61.05 21125
61.06 21125
61.08 21125
61.09 21125
61.10 21125
61.11 21125
61.12 21125
61.13 21125
61.14 21126
61.15 21126
61.16 21126
61.17 21126
61.18 21130
61.19 21130
61.20 21131
61.21 21135
61.22 21135
61.23 21138
61.24 21138
61.26 21141
61.27 21144
61.28 21146
61.29 21146
61.30 21148
61.31 21148
61.32 21148
61.33 21148
61.34 21148
61.35 21150
61.36 21153
61.37 21154
61.38 21154
61.39 21155
61.40 21156
61.41 21160
61.42 21160
61.44 21161
61.45 21163
61.46 21165
61.47 21165
61.48 21166
61.49 21166
61.50 21166
61.51 21169
61.52 21169
61.53 21169
61.54 21172
61.55 21172
61.56 21172
61.57 21176
61.58 21176
61.59 21179
61.60 21180
61.61 21180
61.63 21182
61.64 21185
61.65 21185
61.66 21185
61.67 21191
61.68 21198
61.69 21204
61.70 21204
61.71 21205
61.72 21207
61.73 21207
61.74 21207
61.75 21211
61.76 21212
61.77 21212
61.78 21213
61.79 21213
61.81 21213
61.82 21213
61.83 21213
61.84 21213
61.85 21213
61.86 21213
61.87 21213
61.88 21213
61.89 21213
61.90 21213
61.91 21213
61.92 21218
61.93 21218
61.94 21219
61.95 21219
61.96 21219
61.97 21219
61.99 21219
62.00 21219
62.01 21219
62.02 21219
62.03 21219
62.04 21219
62.05 21219
62.06 21220
62.07 21220
62.08 21220
62.09 21220
62.10 21224
62.11 21224
62.12 21224
62.13 21225
62.14 21225
62.15 21225
62.17 21225
62.18 21225
62.19 21225
62.20 21225
62.21 21225
62.22 21225
62.23 21225
62.24 21225
62.25 21225
62.26 21225
62.27 21229
62.28 21230
62.29 21230
62.30 21233
62.31 21233
62.32 21238
62.33 21238
62.35 21238
62.36 21241
62.37 21242
62.38 21242
62.39 21244
62.40 21246
62.41 21246
62.42 21246
62.43 21248
62.44 21248
62.45 21248
62.46 21248
62.47 21253
62.48 21253
62.49 21253
62.50 21254
62.51 21254
62.52 21254
62.54 21254
62.55 21254
62.56 21254
62.57 21254
62.58 21254
62.59 21254
62.60 21254
62.61 21255
62.62 21255
62.63 21255
62.64 21257
62.65 21258
62.66 21259
62.67 21259
62.68 21259
62.69 21259
62.70 21259
62.72 21259
62.73 21259
62.74 21259
62.75 21259
62.76 21259
62.77 21259
62.78 21259
62.79 21261
62.80 21261
62.81 21262
62.82 21263
62.83 21264
62.84 21264
62.85 21265
62.86 21266
62.87 21266
62.88 21266
62.90 21268
62.91 21271
62.92 21273
62.93 21273
62.94 21275
62.95 21275
62.96 21276
62.97 21279
62.98 21279
62.99 21279
63.00 21280
63.01 21281
63.02 21281
63.03 21281
63.04 21281
63.05 21285
63.06 21285
63.08 21285
63.09 21286
63.10 21286
63.11 21286
63.12 21287
63.13 21288
63.14 21289
63.15 21289
63.16 21290
63.17 21291
63.18 21291
63.19 21291
63.20 21292
63.21 21292
63.22 21294
63.23 21294
63.24 21294
63.26 21294
63.27 21294
63.28 21294
63.29 21295
63.30 21295
63.31 21296
63.32 21296
63.33 21296
63.34 21296
63.35 21296
63.36 21296
63.37 21296
63.38 21297
63.39 21297
63.40 21297
63.41 21298
63.42 21299
63.43 21299
63.45 21300
63.46 21300
63.47 21300
63.48 21300
63.49 21300
63.50 21300
63.51 21300
63.52 21300
63.53 21300
63.54 21300
63.55 21300
63.56 21304
63.57 21305
63.58 21305
63.59 21305
63.60 21306
63.61 21308
63.63 21311
63.64 21311
63.65 21315
63.66 21319
63.67 21319
63.68 21324
63.69 21330
63.70 21338
63.71 21340
63.72 21340
63.73 21342
63.74 21342
63.75 21342
63.76 21342
63.77 21345
63.78 21345
63.79 21345
63.81 21346
63.82 21347
63.83 21349
63.84 21349
63.85 21351
63.86 21353
63.87 21355
63.88 21355
63.89 21355
63.90 21358
63.91 21358
63.92 21359
63.93 21359
63.94 21359
63.95 21362
63.96 21363
63.97 21363
63.99 21364
64.00 21364
64.01 21365
64.02 21366
64.03 21366
64.04 21367
64.05 21367
64.06 21367
64.07 21367
64.08 21367
64.09 21367
64.10 21367
64.11 21371
64.12 21371
64.13 21371
64.14 21373
64.15 21374
64.17 21374
64.18 21377
64.19 21377
64.20 21380
64.21 21380
64.22 21382
64.23 21385
64.24 21388
64.25 21388
64.26 21388
64.27 21393
64.28 21401
64.29 21409
64.30 21412
64.31 21412
64.32 21420
64.33 21425
64.34 21428
64.36 21430
64.37 21433
64.38 21435
64.39 21439
64.40 21444
64.41 21447
64.42 21450
64.43 21455
64.44 21460
64.45 21464
64.46 21470
64.47 21476
64.48 21482
64.49 21487
64.50 21487
64.51 21493
64.52 21498
64.54 21505
64.55 21507
64.56 21510
64.57 21511
64.58 21512
64.59 21513
64.60 21513
64.61 21515
64.62 21518
64.63 21521
64.64 21523
64.65 21524
64.66 21525
64.67 21526
64.68 21527
64.69 21528
64.70 21530
64.72 21530
64.73 21530
64.74 21536
64.75 21538
64.76 21542
64.77 21546
64.78 21552
64.79 21556
64.80 21559
64.81 21563
64.82 21566
64.83 21571
64.84 21574
64.85 21577
64.86 21580
64.87 21586
64.88 21590
64.90 21594
64.91 21598
64.92 21604
64.93 21610
64.94 21614
64.95 21616
64.96 21622
64.97 21624
64.98 21631
64.99 21634
65.00 21639
65.01 21643
65.02 21649
65.03 21655
65.04 21660
65.05 21664
65.06 21668
65.08 21672
65.09 21677
65.10 21680
65.11 21684
65.12 21688
65.13 21691
65.14 21694
65.15 21697
65.16 21701
65.17 21702
65.18 21707
65.19 21713
65.20 21718
65.21 21723
65.22 21729
65.23 21733
65.24 21739
65.25 21745
65.27 21748
65.28 21753
65.29 21757
65.30 21763
65.31 21769
65.32 21774
65.33 21779
65.34 21784
65.35 21788
65.36 21792
65.37 21796
65.38 21799
65.39 21804
65.40 21804
65.41 21805
65.42 21805
65.43 21805
65.45 21809
65.46 21809
65.47 21812
65.48 21813
65.49 21814
65.50 21814
65.51 21814
65.52 21822
65.53 21824
65.54 21824
65.55 21826
65.56 21827
65.57 21827
65.58 21829
65.59 21829
65.60 21830
65.61 21830
65.63 21832
65.64 21832
65.65 21832
65.66 21835
65.67 21836
65.68 21839
65.69 21844
65.70 21853
65.71 21859
65.72 21864
65.73 21868
65.74 21870
65.75 21873
65.76 21880
65.77 21885
65.78 21891
65.79 21896
65.81 21899
65.82 21905
65.83 21909
65.84 21912
65.85 21914
65.86 21917
65.87 21917
65.88 21920
65.89 21920
65.90 21923
65.91 21925
65.92 21928
65.93 21933
65.94 21940
65.95 21942
65.96 21945
65.97 21948
65.99 21951
66.00 21956
66.01 21962
66.02 21965
66.03 21973
66.04 21981
66.05 21987
66.06 21990
66.07 21991
66.08 21991
66.09 21991
66.10 21994
66.11 21999
66.12 22006
66.13 22010
66.14 22012
66.15 22018
66.16 22022
66.18 22028
66.19 22034
66.20 22038
66.21 22043
66.22 22049
66.23 22050
66.24 22053
66.25 22057
66.26 22059
66.27 22061
66.28 22063
66.29 22069
66.30 22073
66.31 22077
66.32 22084
66.33 22087
66.34 22088
66.36 22090
66.37 22090
66.38 22096
66.39 22100
66.40 22103
66.41 22107
66.42 22110
66.43 22115
66.44 22119
66.45 22122
66.46 22125
66.47 22127
66.48 22131
66.49 22138
66.50 22145
66.51 22149
66.52 22156
66.54 22159
66.55 22165
66.56 22173
66.57 22178
66.58 22180
66.59 22186
66.60 22190
66.61 22194
66.62 22196
66.63 22204
66.64 22206
66.65 22210
66.66 22213
66.67 22216
66.68 22218
66.69 22220
66.70 22224
66.72 22227
66.73 22236
66.74 22242
66.75 22246
66.76 22253
66.77 22260
66.78 22265
66.79 22268
66.80 22272
66.81 22279
66.82 22286
66.83 22291
66.84 22297
66.85 22304
66.86 22311
66.87 22314
66.88 22318
66.90 22325
66.91 22328
66.92 22333
66.93 22337
66.94 22339
66.95 22343
66.96 22348
66.97 22353
66.98 22358
66.99 22361
67.00 22363
67.01 22366
67.02 22372
67.03 22375
67.04 22379
67.05 22381
67.06 22384
67.07 22389
67.09 22391
67.10 22393
67.11 22401
67.12 22405
67.13 22407
67.14 22408
67.15 22413
67.16 22416
67.17 22420
67.18 22424
67.19 22431
67.20 22437
67.21 22442
67.22 22444
67.23 22451
67.24 22458
67.25 22463
67.27 22469
67.28 22472
67.29 22476
67.30 22478
67.31 22481
67.32 22485
67.33 22487
67.34 22489
67.35 22492
67.36 22497
67.37 22500
67.38 22502
67.39 22506
67.40 22511
67.41 22515
67.42 22516
67.43 22520
67.45 22527
67.46 22532
67.47 22534
67.48 22540
67.49 22544
67.50 22546
67.51 22548
67.52 22551
67.53 22556
67.54 22562
67.55 22567
67.56 22570
67.57 22578
67.58 22579
67.59 22582
67.60 22588
67.61 22590
67.63 22593
67.64 22599
67.65 22606
67.66 22612
67.67 22615
67.68 22618
67.69 22625
67.70 22629
67.71 22635
67.72 22640
67.73 22644
67.74 22648
67.75 22650
67.76 22654
67.77 22656
67.78 22658
67.79 22660
67.81 22663
67.82 22667
67.83 22672
67.84 22678
67.85 22682
67.86 22686
67.87 22688
67.88 22689
67.89 22696
67.90 22700
67.91 22705
67.92 22710
67.93 22713
67.94 22720
67.95 22724
67.96 22726
67.97 22728
67.98 22733
68.00 22739
68.01 22742
68.02 22746
68.03 22750
68.04 22756
68.05 22762
68.06 22770
68.07 22775
68.08 22780
68.09 22786
68.10 22790
68.11 22796
68.12 22799
68.13 22803
68.14 22810
68.15 22811
68.16 22814
68.18 22817
68.19 22821
68.20 22823
68.21 22826
68.22 22831
68.23 22834
68.24 22836
68.25 22840
68.26 22844
68.27 22849
68.28 22853
68.29 22858
68.30 22861
68.31 22861
68.32 22866
68.33 22871
68.34 22872
68.36 22873
68.37 22876
68.38 22879
68.39 22886
68.40 22891
68.41 22897
68.42 22902
68.43 22907
68.44 22909
68.45 22911
68.46 22917
68.47 22922
68.48 22925
68.49 22929
68.50 22933
68.51 22936
68.52 22939
68.54 22943
68.55 22946
68.56 22948
68.57 22952
68.58 22956
68.59 22960
68.60 22965
68.61 22969
68.62 22973
68.63 22976
68.64 22980
68.65 22987
68.66 22992
68.67 22998
68.68 23000
68.69 23005
68.70 23007
68.72 23008
68.73 23013
68.74 23017
68.75 23020
68.76 23024
68.77 23029
68.78 23037
68.79 23042
68.80 23045
68.81 23049
68.82 23055
68.83 23058
68.84 23060
68.85 23064
68.86 23071
68.87 23074
68.88 23078
68.89 23079
68.91 23080
68.92 23083
68.93 23085
68.94 23087
68.95 23095
68.96 23099
68.97 23102
68.98 23107
68.99 23112
69.00 23116
69.01 23123
69.02 23124
69.03 23127
69.04 23129
69.05 23130
69.06 23130
69.07 23130
69.09 23131
69.10 23132
69.11 23132
69.12 23133
69.13 23134
69.14 23135
69.15 23136
69.16 23137
69.17 23138
69.18 23138
69.19 23139
69.20 23139
69.21 23140
69.22 23143
69.23 23145
69.24 23149
69.25 23150
69.27 23152
69.28 23155
69.29 23157
69.30 23160
69.31 23161
69.32 23162
69.33 23164
69.34 23165
69.35 23167
69.36 23167
69.37 23167
69.38 23170
69.39 23170
69.40 23170
69.41 23171
69.42 23172
69.43 23172
69.45 23172
69.46 23173
69.47 23173
69.48 23173
69.49 23173
69.50 23173
69.51 23173
69.52 23174
69.53 23174
69.54 23174
69.55 23177
69.56 23178
69.57 23178
69.58 23179
69.59 23179
69.60 23181
69.61 23181
69.63 23181
69.64 23182
69.65 23182
69.66 23182
69.67 23182
69.68 23183
69.69 23183
69.70 23183
69.71 23183
69.72 23183
69.73 23183
69.74 23186
69.75 23187
69.76 23187
69.77 23188
69.78 23188
69.79 23189
69.80 23190
69.82 23190
69.83 23190
69.84 23190
69.85 23190
69.86 23190
69.87 23191
69.88 23191
69.89 23191
69.90 23191
69.91 23191
69.92 23191
69.93 23195
69.94 23200
69.95 23200
69.96 23200
69.97 23201
69.98 23201
70.00 23203
70.01 23203
70.02 23203
70.03 23203
70.04 23203
70.05 23203
70.06 23203
70.07 23207
70.08 23207
70.09 23207
70.10 23207
70.11 23207
70.12 23207
70.13 23213
70.14 23213
70.15 23213
70.16 23213
70.18 23213
70.19 23215
70.20 23216
70.21 23216
70.22 23217
70.23 23217
70.24 23217
70.25 23218
70.26 23218
70.27 23218
70.28 23220
70.29 23221
70.30 23221
70.31 23225
70.32 23227
70.33 23227
70.34 23227
70.36 23227
70.37 23227
70.38 23227
70.39 23227
70.40 23228
70.41 23228
70.42 23228
70.43 23228
70.44 23228
70.45 23230
70.46 23231
70.47 23231
70.48 23234
70.49 23235
70.50 23235
70.51 23235
70.52 23235
70.54 23238
70.55 23239
70.56 23239
70.57 23245
70.58 23245
70.59 23246
70.60 23246
70.61 23247
70.62 23249
70.63 23249
70.64 23249
70.65 23251
70.66 23252
70.67 23252
70.68 23255
70.69 23255
70.70 23257
70.71 23258
70.73 23258
70.74 23264
70.75 23265
70.76 23267
70.77 23267
70.78 23273
70.79 23273
70.80 23276
70.81 23280
70.82 23282
70.83 23291
70.84 23299
70.85 23303
70.86 23309
70.87 23311
70.88 23312
70.89 23314
70.91 23315
70.92 23317
70.93 23322
70.94 23323
70.95 23324
70.96 23327
70.97 23328
70.98 23332
70.99 23333
71.00 23337
71.01 23341
71.02 23350
71.03 23356
71.04 23360
71.05 23361
71.06 23364
71.07 23367
71.09 23369
71.10 23371
71.11 23374
71.12 23375
71.13 23378
71.14 23382
71.15 23382
71.16 23383
71.17 23388
71.18 23390
71.19 23391
71.20 23393
71.21 23400
71.22 23403
71.23 23406
71.24 23410
71.25 23415
71.27 23416
71.28 23420
71.29 23425
71.30 23426
71.31 23428
71.32 23430
71.33 23433
71.34 23436
71.35 23440
71.36 23444
71.37 23446
71.38 23451
71.39 23452
71.40 23454
71.41 23458
71.42 23460
71.43 23460
71.45 23462
71.46 23465
71.47 23470
71.48 23472
71.49 23473
71.50 23476
71.51 23479
71.52 23481
71.53 23482
71.54 23485
71.55 23487
71.56 23489
71.57 23492
71.58 23495
71.59 23497
71.60 23505
71.61 23509
71.62 23511
71.64 23516
71.65 23517
71.66 23520
71.67 23522
71.68 23523
71.69 23529
71.70 23530
71.71 23533
71.72 23536
71.73 23542
71.74 23547
71.75 23549
71.76 23552
71.77 23553
71.78 23557
71.79 23560
71.80 23564
71.82 23565
71.83 23572
71.84 23579
71.85 23582
71.86 23590
71.87 23593
71.88 23596
71.89 23597
71.90 23598
71.91 23606
71.92 23609
71.93 23615
71.94 23617
71.95 23621
71.96 23629
71.97 23637
71.98 23639
72.00 23641
72.01 23644
72.02 23650
72.03 23651
72.04 23652
72.05 23654
72.06 23657
72.07 23657
72.08 23659
72.09 23661
72.10 23665
72.11 23665
72.12 23666
72.13 23667
72.14 23673
72.15 23673
72.16 23675
72.18 23677
72.19 23685
72.20 23686
72.21 23686
72.22 23687
72.23 23689
72.24 23695
72.25 23699
72.26 23700
72.27 23703
72.28 23705
72.29 23707
72.30 23710
72.31 23710
72.32 23713
72.33 23714
72.34 23718
72.36 23723
72.37 23728
72.38 23731
72.39 23733
72.40 23739
72.41 23742
72.42 23743
72.43 23746
72.44 23751
72.45 23753
72.46 23759
72.47 23762
72.48 23769
72.49 23773
72.50 23778
72.51 23782
72.52 23788
72.53 23793
72.55 23797
72.56 23800
72.57 23803
72.58 23806
72.59 23810
72.60 23814
72.61 23818
72.62 23824
72.63 23828
72.64 23831
72.65 23832
72.66 23834
72.67 23835
72.68 23837
72.69 23840
72.70 23842
72.71 23843
72.73 23845
72.74 23851
72.75 23859
72.76 23865
72.77 23871
72.78 23873
72.79 23877
72.80 23878
72.81 23881
72.82 23885
72.83 23886
72.84 23889
72.85 23893
72.86 23894
72.87 23899
72.88 23904
72.89 23907
72.91 23911
72.92 23913
72.93 23914
72.94 23918
72.95 23920
72.96 23923
72.97 23927
72.98 23929
72.99 23933
73.00 23936
73.01 23936
73.02 23942
73.03 23945
73.04 23951
73.05 23953
73.06 23955
73.07 23958
73.09 23959
73.10 23960
73.11 23964
73.12 23966
73.13 23972
73.14 23976
73.15 23980
73.16 23985
73.17 23987
73.18 23991
73.19 23994
73.20 24000
73.21 24003
73.22 24007
73.23 24011
73.24 24019
73.25 24022
73.26 24026
73.28 24032
73.29 24038
73.30 24045
73.31 24051
73.32 24057
73.33 24065
73.34 24067
73.35 24070
73.36 24072
73.37 24072
73.38 24077
73.39 24079
73.40 24083
73.41 24085
73.42 24087
73.43 24091
73.44 24093
73.46 24095
73.47 24096
73.48 24099
73.49 24104
73.50 24105
73.51 24108
73.52 24112
73.53 24116
73.54 24120
73.55 24123
73.56 24127
73.57 24131
73.58 24133
73.59 24141
73.60 24145
73.61 24148
73.62 24156
73.64 24163
73.65 24167
73.66 24170
73.67 24174
73.68 24179
73.69 24183
73.70 24184
73.71 24188
73.72 24193
73.73 24197
73.74 24199
73.75 24203
73.76 24210
73.77 24213
73.78 24216
73.79 24220
73.80 24226
73.82 24230
73.83 24234
73.84 24237
73.85 24242
73.86 24245
73.87 24248
73.88 24249
73.89 24251
73.90 24256
73.91 24259
73.92 24263
73.93 24270
73.94 24271
73.95 24276
73.96 24279
73.97 24283
73.98 24287
74.00 24290
74.01 24292
74.02 24297
74.03 24300
74.04 24303
74.05 24306
74.06 24309
74.07 24314
74.08 24316
74.09 24319
74.10 24322
74.11 24326
74.12 24331
74.13 24336
74.14 24341
74.15 24346
74.16 24350
74.17 24353
74.19 24356
74.20 24359
74.21 24361
74.22 24365
74.23 24370
74.24 24377
74.25 24380
74.26 24383
74.27 24387
74.28 24390
74.29 24394
74.30 24400
74.31 24404
74.32 24408
74.33 24415
74.34 24420
74.35 24424
74.37 24428
74.38 24434
74.39 24436
74.40 24440
74.41 24444
74.42 24449
74.43 24456
74.44 24459
74.45 24463
74.46 24465
74.47 24469
74.48 24472
74.49 24478
74.50 24481
74.51 24484
74.52 24486
74.53 24489
74.55 24490
74.56 24490
74.57 24500
74.58 24505
74.59 24505
74.60 24507
74.61 24511
74.62 24513
74.63 24516
74.64 24517
74.65 24519
74.66 24524
74.67 24529
74.68 24529
74.69 24533
74.70 24537
74.71 24541
74.73 24543
74.74 24547
74.75 24552
74.76 24558
74.77 24561
74.78 24563
74.79 24566
74.80 24569
74.81 24571
74.82 24577
74.83 24580
74.84 24583
74.85 24586
74.86 24588
74.87 24594
74.88 24601
74.89 24608
74.91 24613
74.92 24620
74.93 24622
74.94 24628
74.95 24628
74.96 24633
74.97 24638
74.98 24643
74.99 24647
75.00 24652
75.01 24656
75.02 24660
75.03 24663
75.04 24665
75.05 24667
75.06 24671
75.07 24674
75.08 24676
75.10 24681
75.11 24684
75.12 24688
75.13 24693
75.14 24696
75.15 24699
75.16 24703
75.17 24708
75.18 24713
75.19 24718
75.20 24721
75.21 24725
75.22 24730
75.23 24734
75.24 24736
75.25 24740
75.26 24745
75.28 24746
75.29 24751
75.30 24754
75.31 24759
75.32 24763
75.33 24765
75.34 24771
75.35 24775
75.36 24777
75.37 24781
75.38 24784
75.39 24789
75.40 24793
75.41 24796
75.42 24798
75.43 24802
75.44 24807
75.46 24810
75.47 24814
75.48 24816
75.49 24820
75.50 24821
75.51 24827
75.52 24832
75.53 24836
75.54 24838
75.55 24841
75.56 24845
75.57 24849
75.58 24853
75.59 24855
75.60 24858
75.61 24861
75.62 24863
75.64 24867
75.65 24870
75.66 24870
75.67 24874
75.68 24878
75.69 24882
75.70 24888
75.71 24889
75.72 24894
75.73 24895
75.74 24898
75.75 24903
75.76 24905
75.77 24908
75.78 24912
75.79 24913
75.80 24916
75.82 24919
75.83 24919
75.84 24920
75.85 24920
75.86 24922
75.87 24922
75.88 24923
75.89 24925
75.90 24925
75.91 24925
75.92 24925
75.93 24929
75.94 24929
75.95 24929
75.96 24931
75.97 24932
75.98 24932
75.99 24932
76.01 24934
76.02 24934
76.03 24934
76.04 24934
76.05 24938
76.06 24938
76.07 24938
76.08 24939
76.09 24940
76.10 24940
76.11 24940
76.12 24944
76.13 24944
76.14 24944
76.15 24944
76.16 24946
76.17 24946
76.19 24947
76.20 24947
76.21 24949
76.22 24949
76.23 24950
76.24 24952
76.25 24953
76.26 24953
76.27 24953
76.28 24955
76.29 24955
76.30 24955
76.31 24955
76.32 24958
76.33 24958
76.34 24958
76.35 24958
76.37 24961
76.38 24961
76.39 24961
76.40 24963
76.41 24964
76.42 24964
76.43 24964
76.44 24966
76.45 24966
76.46 24966
76.47 24966
76.48 24969
76.49 24969
76.50 24969
76.51 24969
76.52 24972
76.53 24972
76.55 24972
76.56 24973
76.57 24974
76.58 24977
76.59 24979
76.60 24980
76.61 24981
76.62 24988
76.63 24991
76.64 24994
76.65 24998
76.66 25001
76.67 25007
76.68 25011
76.69 25014
76.70 25019
76.71 25024
76.73 25029
76.74 25035
76.75 25038
76.76 25043
76.77 25048
76.78 25052
76.79 25055
76.80 25058
76.81 25061
76.82 25065
76.83 25070
76.84 25074
76.85 25078
76.86 25085
76.87 25089
76.88 25091
76.89 25092
76.90 25097
76.92 25101
76.93 25105
76.94 25112
76.95 25120
76.96 25123
76.97 25127
76.98 25131
76.99 25132
77.00 25133
77.01 25135
77.02 25136
77.03 25138
77.04 25139
77.05 25140
77.06 25141
77.07 25146
77.08 25147
77.10 25148
77.11 25150
77.12 25154
77.13 25157
77.14 25159
77.15 25163
77.16 25165
77.17 25167
77.18 25169
77.19 25172
77.20 25177
77.21 25181
77.22 25185
77.23 25187
77.24 25188
77.25 25189
77.26 25191
77.28 25196
77.29 25200
77.30 25204
77.31 25207
77.32 25209
77.33 25212
77.34 25215
77.35 25220
77.36 25221
77.37 25223
77.38 25224
77.39 25225
77.40 25226
77.41 25227
77.42 25229
77.43 25230
77.44 25232
77.46 25232
77.47 25233
77.48 25233
77.49 25234
77.50 25235
77.51 25235
77.52 25238
77.53 25241
77.54 25241
77.55 25243
77.56 25247
77.57 25250
77.58 25255
77.59 25256
77.60 25259
77.61 25261
77.62 25265
77.64 25272
77.65 25276
77.66 25279
77.67 25282
77.68 25283
77.69 25285
77.70 25287
77.71 25289
77.72 25293
77.73 25296
77.74 25298
77.75 25299
77.76 25303
77.77 25307
77.78 25310
77.79 25310
77.80 25315
77.81 25318
77.83 25318
77.84 25320
77.85 25320
77.86 25323
77.87 25326
77.88 25331
77.89 25333
77.90 25336
77.91 25339
77.92 25340
77.93 25344
77.94 25347
77.95 25349
77.96 25351
77.97 25354
77.98 25356
77.99 25359
78.01 25361
78.02 25362
78.03 25364
78.04 25367
78.05 25369
78.06 25372
78.07 25376
78.08 25377
78.09 25378
78.10 25382
78.11 25383
78.12 25388
78.13 25389
78.14 25390
78.15 25395
78.16 25397
78.17 25401
78.19 25402
78.20 25404
78.21 25407
78.22 25407
78.23 25409
78.24 25410
78.25 25411
78.26 25413
78.27 25416
78.28 25418
78.29 25419
78.30 25420
78.31 25421
78.32 25423
78.33 25427
78.34 25432
78.35 25436
78.37 25441
78.38 25446
78.39 25448
78.40 25454
78.41 25458
78.42 25460
78.43 25463
78.44 25464
78.45 25468
78.46 25469
78.47 25472
78.48 25477
78.49 25480
78.50 25486
78.51 25488
78.52 25492
78.53 25498
78.55 25502
78.56 25507
78.57 25511
78.58 25515
78.59 25518
78.60 25524
78.61 25527
78.62 25534
78.63 25537
78.64 25540
78.65 25547
78.66 25553
78.67 25557
78.68 25560
78.69 25569
78.70 25575
78.71 25578
78.72 25582
78.74 25585
78.75 25588
78.76 25590
78.77 25594
78.78 25598
78.79 25603
78.80 25607
78.81 25611
78.82 25613
78.83 25616
78.84 25618
78.85 25618
78.86 25624
78.87 25628
78.88 25631
78.89 25635
78.90 25639
78.92 25642
78.93 25648
78.94 25653
78.95 25657
78.96 25659
78.97 25663
78.98 25669
78.99 25671
79.00 25676
79.01 25678
79.02 25680
79.03 25682
79.04 25685
79.05 25687
79.06 25689
79.07 25692
79.08 25697
79.10 25700
79.11 25703
79.12 25706
79.13 25707
79.14 25709
79.15 25712
79.16 25714
79.17 25718
79.18 25722
79.19 25727
79.20 25731
79.21 25732
79.22 25734
79.23 25739
79.24 25745
79.25 25749
79.26 25751
79.28 25755
79.29 25765
79.30 25769
79.31 25772
79.32 25772
79.33 25779
79.34 25783
79.35 25788
79.36 25790
79.37 25795
79.38 25803
79.39 25805
79.40 25811
79.41 25815
79.42 25819
79.43 25823
79.44 25829
79.46 25835
79.47 25838
79.48 25843
79.49 25849
79.50 25852
79.51 25858
79.52 25860
79.53 25863
79.54 25865
79.55 25870
79.56 25872
79.57 25875
79.58 25877
79.59 25878
79.60 25879
79.61 25881
79.62 25882
79.63 25882
79.65 25883
79.66 25884
79.67 25889
79.68 25890
79.69 25890
79.70 25891
79.71 25893
79.72 25894
79.73 25895
79.74 25900
79.75 25904
79.76 25905
79.77 25905
79.78 25906
79.79 25907
79.80 25908
79.81 25909
79.83 25911
79.84 25912
79.85 25914
79.86 25916
79.87 25918
79.88 25918
79.89 25921
79.90 25924
79.91 25931
79.92 25933
79.93 25933
79.94 25934
79.95 25937
79.96 25937
79.97 25938
79.98 25938
79.99 25940
80.01 25944
80.02 25944
80.03 25946
80.04 25948
80.05 25951
80.06 25953
80.07 25953
80.08 25954
80.09 25954
80.10 25955
80.11 25955
80.12 25957
80.13 25957
80.14 25958
80.15 25958
80.16 25958
80.17 25958
80.19 25960
80.20 25961
80.21 25964
80.22 25966
80.23 25968
80.24 25970
80.25 25971
80.26 25971
80.27 25971
80.28 25972
80.29 25974
80.30 25979
80.31 25979
80.32 25979
80.33 25982
80.34 25983
80.35 25984
80.37 25984
80.38 25985
80.39 25985
80.40 25985
80.41 25985
80.42 25985
80.43 25985
80.44 25985
80.45 25985
80.46 25985
80.47 25987
80.48 25987
80.49 25987
80.50 25990
80.51 25991
80.52 25991
80.53 25993
80.54 25993
80.56 25996
80.57 25997
80.58 25997
80.59 26002
80.60 26003
80.61 26005
80.62 26005
80.63 26006
80.64 26011
80.65 26012
80.66 26015
80.67 26016
80.68 26018
80.69 26023
80.70 26025
80.71 26027
80.72 26033
80.74 26040
80.75 26043
80.76 26051
80.77 26057
80.78 26060
80.79 26066
80.80 26071
80.81 26077
80.82 26083
80.83 26086
80.84 26090
80.85 26094
80.86 26100
80.87 26104
80.88 26108
80.89 26111
80.90 26115
80.92 26117
80.93 26121
80.94 26125
80.95 26129
80.96 26134
80.97 26138
80.98 26141
80.99 26144
81.00 26148
81.01 26151
81.02 26154
81.03 26157
81.04 26159
81.05 26162
81.06 26165
81.07 26169
81.08 26175
81.10 26177
81.11 26181
81.12 26183
81.13 26186
81.14 26190
81.15 26196
81.16 26202
81.17 26209
81.18 26213
81.19 26220
81.20 26226
81.21 26233
81.22 26238
81.23 26243
81.24 26247
81.25 26253
81.26 26260
81.28 26264
81.29 26273
81.30 26277
81.31 26281
81.32 26284
81.33 26288
81.34 26293
81.35 26297
81.36 26301
81.37 26306
81.38 26311
81.39 26313
81.40 26317
81.41 26321
81.42 26327
81.43 26334
81.44 26338
81.45 26342
81.47 26344
81.48 26348
81.49 26351
81.50 26353
81.51 26357
81.52 26361
81.53 26364
81.54 26370
81.55 26378
81.56 26381
81.57 26384
81.58 26388
81.59 26395
81.60 26400
81.61 26403
81.62 26408
81.63 26413
81.65 26417
81.66 26422
81.67 26428
81.68 26431
81.69 26438
81.70 26444
81.71 26448
81.72 26453
81.73 26458
81.74 26463
81.75 26470
81.76 26473
81.77 26479
81.78 26482
81.79 26489
81.80 26493
81.81 26496
81.83 26499
81.84 26500
81.85 26506
81.86 26513
81.87 26517
81.88 26520
81.89 26523
81.90 26528
81.91 26531
81.92 26539
81.93 26543
81.94 26548
81.95 26551
81.96 26558
81.97 26563
81.98 26566
81.99 26570
82.01 26573
82.02 26577
82.03 26581
82.04 26587
82.05 26591
82.06 26597
82.07 26603
82.08 26607
82.09 26612
82.10 26617
82.11 26620
82.12 26626
82.13 26631
82.14 26636
82.15 26640
82.16 26644
82.17 26649
82.19 26654
82.20 26660
82.21 26663
82.22 26669
82.23 26674
82.24 26678
82.25 26685
82.26 26688
82.27 26692
82.28 26696
82.29 26702
82.30 26705
82.31 26708
82.32 26711
82.33 26714
82.34 26719
82.35 26723
82.36 26726
82.38 26728
82.39 26732
82.40 26739
82.41 26743
82.42 26750
82.43 26752
82.44 26759
82.45 26763
82.46 26767
82.47 26772
82.48 26776
82.49 26778
82.50 26784
82.51 26788
82.52 26791
82.53 26796
82.54 26800
82.56 26804
82.57 26810
82.58 26813
82.59 26817
82.60 26820
82.61 26824
82.62 26828
82.63 26832
82.64 26836
82.65 26837
82.66 26841
82.67 26847
82.68 26850
82.69 26853
82.70 26854
82.71 26854
82.72 26857
82.74 26859
82.75 26865
82.76 26870
82.77 26874
82.78 26881
82.79 26886
82.80 26888
82.81 26892
82.82 26895
82.83 26897
82.84 26902
82.85 26908
82.86 26912
82.87 26917
82.88 26921
82.89 26925
82.90 26932
82.92 26938
82.93 26943
82.94 26947
82.95 26949
82.96 26954
82.97 26960
82.98 26964
82.99 26970
83.00 26974
83.01 26977
83.02 26983
83.03 26992
83.04 26997
83.05 27002
83.06 27007
83.07 27011
83.08 27017
83.10 27021
83.11 27025
83.12 27029
83.13 27034
83.14 27040
83.15 27042
83.16 27050
83.17 27054
83.18 27058
83.19 27063
83.20 27068
83.21 27072
83.22 27076
83.23 27080
83.24 27086
83.25 27090
83.26 27092
83.27 27099
83.29 27102
83.30 27104
83.31 27111
83.32 27114
83.33 27119
83.34 27124
83.35 27128
83.36 27135
83.37 27140
83.38 27147
83.39 27152
83.40 27157
83.41 27163
83.42 27168
83.43 27171
83.44 27176
83.45 27179
83.47 27184
83.48 27188
83.49 27194
83.50 27197
83.51 27201
83.52 27204
83.53 27208
83.54 27211
83.55 27214
83.56 27218
83.57 27221
83.58 27226
83.59 27230
83.60 27232
83.61 27236
83.62 27239
83.63 27244
83.65 27248
83.66 27252
83.67 27256
83.68 27261
83.69 27266
83.70 27271
83.71 27274
83.72 27280
83.73 27286
83.74 27290
83.75 27296
83.76 27301
83.77 27305
83.78 27307
83.79 27311
83.80 27316
83.81 27319
83.83 27322
83.84 27325
83.85 27328
83.86 27333
83.87 27334
83.88 27340
83.89 27342
83.90 27346
83.91 27349
83.92 27353
83.93 27355
83.94 27361
83.95 27367
83.96 27372
83.97 27377
83.98 27382
83.99 27388
84.01 27393
84.02 27398
84.03 27402
84.04 27404
84.05 27410
84.06 27413
84.07 27417
84.08 27421
84.09 27424
84.10 27428
84.11 27431
84.12 27435
84.13 27439
84.14 27443
84.15 27448
84.16 27451
84.17 27453
84.18 27458
84.20 27461
84.21 27465
84.22 27471
84.23 27475
84.24 27482
84.25 27488
84.26 27495
84.27 27500
84.28 27506
84.29 27510
84.30 27514
84.31 27519
84.32 27524
84.33 27528
84.34 27533
84.35 27536
84.36 27541
84.38 27545
84.39 27551
84.40 27554
84.41 27558
84.42 27561
84.43 27565
84.44 27570
84.45 27574
84.46 27578
84.47 27582
84.48 27587
84.49 27591
84.50 27594
84.51 27598
84.52 27605
84.53 27610
84.54 27616
84.56 27621
84.57 27627
84.58 27631
84.59 27636
84.60 27640
84.61 27643
84.62 27645
84.63 27650
84.64 27654
84.65 27657
84.66 27663
84.67 27668
84.68 27670
84.69 27675
84.70 27678
84.71 27685
84.72 27686
84.74 27690
84.75 27696
84.76 27703
84.77 27708
84.78 27712
84.79 27715
84.80 27720
84.81 27724
84.82 27730
84.83 27734
84.84 27740
84.85 27745
84.86 27746
84.87 27750
84.88 27755
84.89 27758
84.90 27762
84.92 27768
84.93 27773
84.94 27777
84.95 27783
84.96 27789
84.97 27794
84.98 27795
84.99 27800
85.00 27802
85.01 27804
85.02 27808
85.03 27811
85.04 27813
85.05 27820
85.06 27827
85.07 27832
85.08 27836
85.09 27839
85.11 27844
85.12 27850
85.13 27853
85.14 27854
85.15 27861
85.16 27864
85.17 27869
85.18 27874
85.19 27878
85.20 27883
85.21 27889
85.22 27891
85.23 27894
85.24 27895
85.25 27899
85.26 27903
85.27 27909
85.29 27913
85.30 27917
85.31 27923
85.32 27928
85.33 27932
85.34 27935
85.35 27940
85.36 27944
85.37 27950
85.38 27956
85.39 27960
85.40 27964
85.41 27967
85.42 27972
85.43 27978
85.44 27981
85.45 27987
85.47 27993
85.48 27997
85.49 28002
85.50 28008
85.51 28013
85.52 28020
85.53 28022
85.54 28029
85.55 28033
85.56 28038
85.57 28043
85.58 28046
85.59 28050
85.60 28052
85.61 28056
85.62 28058
85.63 28063
85.65 28065
85.66 28068
85.67 28073
85.68 28079
85.69 28084
85.70 28088
85.71 28094
85.72 28102
85.73 28107
85.74 28110
85.75 28116
85.76 28119
85.77 28122
85.78 28128
85.79 28132
85.80 28136
85.81 28139
85.83 28144
85.84 28148
85.85 28153
85.86 28156
85.87 28159
85.88 28164
85.89 28169
85.90 28171
85.91 28177
85.92 28180
85.93 28183
85.94 28188
85.95 28191
85.96 28196
85.97 28200
85.98 28203
85.99 28207
86.00 28210
86.02 28212
86.03 28218
86.04 28225
86.05 28230
86.06 28235
86.07 28239
86.08 28243
86.09 28247
86.10 28251
86.11 28253
86.12 28257
86.13 28264
86.14 28267
86.15 28271
86.16 28275
86.17 28281
86.18 28285
86.20 28289
86.21 28295
86.22 28299
86.23 28302
86.24 28305
86.25 28308
86.26 28314
86.27 28319
86.28 28324
86.29 28329
86.30 28333
86.31 28338
86.32 28343
86.33 28346
86.34 28352
86.35 28359
86.36 28366
86.38 28372
86.39 28375
86.40 28379
86.41 28382
86.42 28388
86.43 28392
86.44 28398
86.45 28404
86.46 28408
86.47 28413
86.48 28417
86.49 28421
86.50 28425
86.51 28428
86.52 28432
86.53 28439
86.54 28440
86.56 28446
86.57 28450
86.58 28454
86.59 28459
86.60 28463
86.61 28470
86.62 28476
86.63 28479
86.64 28482
86.65 28486
86.66 28492
86.67 28495
86.68 28502
86.69 28506
86.70 28510
86.71 28515
86.72 28519
86.74 28526
86.75 28530
86.76 28535
86.77 28540
86.78 28546
86.79 28551
86.80 28557
86.81 28561
86.82 28564
86.83 28568
86.84 28573
86.85 28576
86.86 28582
86.87 28584
86.88 28587
86.89 28589
86.90 28592
86.91 28593
86.93 28598
86.94 28603
86.95 28607
86.96 28610
86.97 28613
86.98 28616
86.99 28620
87.00 28624
87.01 28628
87.02 28630
87.03 28634
87.04 28636
87.05 28641
87.06 28649
87.07 28651
87.08 28654
87.09 28655
87.11 28657
87.12 28664
87.13 28670
87.14 28675
87.15 28681
87.16 28687
87.17 28690
87.18 28694
87.19 28700
87.20 28705
87.21 28712
87.22 28718
87.23 28721
87.24 28726
87.25 28731
87.26 28732
87.27 28734
87.29 28741
87.30 28742
87.31 28746
87.32 28748
87.33 28750
87.34 28756
87.35 28759
87.36 28762
87.37 28767
87.38 28772
87.39 28776
87.40 28778
87.41 28781
87.42 28785
87.43 28790
87.44 28795
87.45 28801
87.47 28805
87.48 28809
87.49 28813
87.50 28814
87.51 28819
87.52 28823
87.53 28826
87.54 28829
87.55 28829
87.56 28834
87.57 28838
87.58 28840
87.59 28844
87.60 28848
87.61 28851
87.62 28856
87.63 28858
87.64 28862
87.66 28865
87.67 28866
87.68 28869
87.69 28872
87.70 28877
87.71 28878
87.72 28879
87.73 28880
87.74 28886
87.75 28887
87.76 28890
87.77 28894
87.78 28898
87.79 28903
87.80 28904
87.81 28909
87.82 28912
87.84 28913
87.85 28915
87.86 28919
87.87 28922
87.88 28927
87.89 28927
87.90 28928
87.91 28934
87.92 28939
87.93 28943
87.94 28943
87.95 28944
87.96 28950
87.97 28956
87.98 28961
87.99 28964
88.00 28968
88.02 28973
88.03 28977
88.04 28977
88.05 28979
88.06 28981
88.07 28985
88.08 28986
88.09 28987
88.10 28987
88.11 28988
88.12 28991
88.13 28992
88.14 28994
88.15 28998
88.16 29004
88.17 29008
88.18 29014
88.20 29016
88.21 29021
88.22 29025
88.23 29029
88.24 29030
88.25 29032
88.26 29034
88.27 29036
88.28 29041
88.29 29045
88.30 29049
88.31 29051
88.32 29057
88.33 29058
88.34 29061
88.35 29066
88.36 29067
88.38 29069
88.39 29074
88.40 29077
88.41 29080
88.42 29084
88.43 29086
88.44 29090
88.45 29092
88.46 29096
88.47 29097
88.48 29100
88.49 29107
88.50 29112
88.51 29118
88.52 29122
88.53 29126
88.54 29130
88.55 29137
88.57 29143
88.58 29149
88.59 29152
88.60 29158
88.61 29159
88.62 29164
88.63 29169
88.64 29173
88.65 29175
88.66 29181
88.67 29184
88.68 29186
88.69 29192
88.70 29194
88.71 29201
88.72 29207
88.73 29210
88.75 29215
88.76 29217
88.77 29224
88.78 29230
88.79 29234
88.80 29236
88.81 29241
88.82 29244
88.83 29249
88.84 29254
88.85 29259
88.86 29264
88.87 29269
88.88 29274
88.89 29278
88.90 29281
88.91 29284
88.93 29289
88.94 29294
88.95 29298
88.96 29300
88.97 29305
88.98 29307
88.99 29311
89.00 29316
89.01 29320
89.02 29324
89.03 29330
89.04 29332
89.05 29336
89.06 29341
89.07 29345
89.08 29348
89.09 29356
89.11 29364
89.12 29370
89.13 29376
89.14 29381
89.15 29386
89.16 29387
89.17 29389
89.18 29395
89.19 29400
89.20 29402
89.21 29405
89.22 29409
89.23 29414
89.24 29417
89.25 29417
89.26 29422
89.27 29425
89.29 29430
89.30 29434
89.31 29441
89.32 29443
89.33 29445
89.34 29447
89.35 29452
89.36 29454
89.37 29455
89.38 29457
89.39 29459
89.40 29461
89.41 29463
89.42 29465
89.43 29467
89.44 29470
89.45 29470
89.46 29471
89.48 29476
89.49 29479
89.50 29481
89.51 29481
89.52 29483
89.53 29486
89.54 29487
89.55 29488
89.56 29490
89.57 29490
89.58 29493
89.59 29496
89.60 29498
89.61 29502
89.62 29502
89.63 29502
89.64 29503
89.66 29504
89.67 29506
89.68 29507
89.69 29508
89.70 29508
89.71 29509
89.72 29511
89.73 29515
89.74 29515
89.75 29515
89.76 29518
89.77 29518
89.78 29518
89.79 29520
89.80 29520
89.81 29521
89.82 29521
89.84 29521
89.85 29521
89.86 29521
89.87 29521
89.88 29521
89.89 29521
89.90 29522
89.91 29522
89.92 29522
89.93 29526
89.94 29526
89.95 29526
89.96 29529
89.97 29529
89.98 29531
89.99 29532
90.00 29532
90.02 29534
90.03 29537
90.04 29537
90.05 29537
90.06 29538
90.07 29543
90.08 29545
90.09 29547
90.10 29547
90.11 29549
90.12 29549
90.13 29550
90.14 29551
90.15 29552
90.16 29556
90.17 29559
90.18 29562
90.20 29570
90.21 29574
90.22 29579
90.23 29580
90.24 29582
90.25 29583
90.26 29586
90.27 29588
90.28 29590
90.29 29592
90.30 29594
90.31 29599
90.32 29603
90.33 29603
90.34 29604
90.35 29604
90.36 29608
90.37 29609
90.39 29612
90.40 29613
90.41 29615
90.42 29619
90.43 29621
90.44 29625
90.45 29627
90.46 29628
90.47 29628
90.48 29629
90.49 29630
90.50 29633
90.51 29639
90.52 29642
90.53 29646
90.54 29652
90.55 29654
90.57 29656
90.58 29657
90.59 29659
90.60 29662
90.61 29663
90.62 29668
90.63 29674
90.64 29675
90.65 29679
90.66 29687
90.67 29694
90.68 29699
90.69 29706
90.70 29710
90.71 29715
90.72 29718
90.73 29724
90.75 29726
90.76 29729
90.77 29733
90.78 29737
90.79 29740
90.80 29743
90.81 29746
90.82 29752
90.83 29757
90.84 29759
90.85 29764
90.86 29767
90.87 29768
90.88 29771
90.89 29778
90.90 29781
90.91 29785
90.93 29789
90.94 29792
90.95 29795
90.96 29797
90.97 29800
90.98 29804
90.99 29808
91.00 29809
91.01 29813
91.02 29817
91.03 29823
91.04 29831
91.05 29836
91.06 29841
91.07 29847
91.08 29851
91.09 29854
91.11 29860
91.12 29863
91.13 29868
91.14 29872
91.15 29877
91.16 29885
91.17 29887
91.18 29893
91.19 29897
91.20 29898
91.21 29901
91.22 29905
91.23 29911
91.24 29916
91.25 29921
91.26 29925
91.27 29930
91.28 29935
91.30 29938
91.31 29943
91.32 29946
91.33 29946
91.34 29949
91.35 29954
91.36 29959
91.37 29964
91.38 29970
91.39 29976
91.40 29981
91.41 29988
91.42 29992
91.43 29996
91.44 29999
91.45 30002
91.46 30006
91.48 30012
91.49 30016
91.50 30022
91.51 30024
91.52 30029
91.53 30033
91.54 30035
91.55 30037
91.56 30041
91.57 30044
91.58 30049
91.59 30053
91.60 30058
91.61 30063
91.62 30066
91.63 30069
91.64 30071
91.66 30077
91.67 30082
91.68 30086
91.69 30090
91.70 30095
91.71 30097
91.72 30103
91.73 30109
91.74 30114
91.75 30118
91.76 30120
91.77 30126
91.78 30130
91.79 30135
91.80 30141
91.81 30142
91.82 30147
91.84 30151
91.85 30158
91.86 30161
91.87 30164
91.88 30166
91.89 30168
91.90 30171
91.91 30175
91.92 30177
91.93 30181
91.94 30185
91.95 30192
91.96 30197
91.97 30203
91.98 30209
91.99 30215
92.00 30221
92.02 30226
92.03 30230
92.04 30234
92.05 30240
92.06 30245
92.07 30247
92.08 30253
92.09 30258
92.10 30262
92.11 30266
92.12 30270
92.13 30275
92.14 30282
92.15 30288
92.16 30292
92.17 30296
92.18 30297
92.19 30300
92.21 30301
92.22 30303
92.23 30306
92.24 30310
92.25 30315
92.26 30322
92.27 30326
92.28 30328
92.29 30332
92.30 30335
92.31 30337
92.32 30339
92.33 30345
92.34 30349
92.35 30356
92.36 30357
92.37 30359
92.39 30362
92.40 30366
92.41 30369
92.42 30375
92.43 30378
92.44 30383
92.45 30387
92.46 30393
92.47 30397
92.48 30404
92.49 30410
92.50 30414
92.51 30418
92.52 30422
92.53 30428
92.54 30430
92.55 30435
92.57 30437
92.58 30441
92.59 30449
92.60 30453
92.61 30458
92.62 30462
92.63 30466
92.64 30470
92.65 30473
92.66 30478
92.67 30482
92.68 30487
92.69 30492
92.70 30497
92.71 30504
92.72 30509
92.73 30515
92.75 30520
92.76 30524
92.77 30530
92.78 30534
92.79 30538
92.80 30541
92.81 30545
92.82 30546
92.83 30551
92.84 30554
92.85 30559
92.86 30564
92.87 30567
92.88 30571
92.89 30573
92.90 30577
92.91 30581
92.93 30586
92.94 30590
92.95 30597
92.96 30598
92.97 30598
92.98 30602
92.99 30607
93.00 30613
93.01 30617
93.02 30621
93.03 30625
93.04 30631
93.05 30634
93.06 30641
93.07 30647
93.08 30650
93.09 30652
93.10 30655
93.12 30658
93.13 30664
93.14 30669
93.15 30673
93.16 30676
93.17 30678
93.18 30683
93.19 30686
93.20 30692
93.21 30695
93.22 30698
93.23 30703
93.24 30706
93.25 30711
93.26 30716
93.27 30719
93.28 30723
93.30 30727
93.31 30732
93.32 30737
93.33 30741
93.34 30746
93.35 30750
93.36 30755
93.37 30759
93.38 30764
93.39 30770
93.40 30774
93.41 30777
93.42 30779
93.43 30785
93.44 30789
93.45 30792
93.46 30796
93.48 30800
93.49 30805
93.50 30811
93.51 30817
93.52 30820
93.53 30824
93.54 30827
93.55 30827
93.56 30831
93.57 30834
93.58 30835
93.59 30840
93.60 30843
93.61 30850
93.62 30855
93.63 30858
93.64 30861
93.66 30863
93.67 30869
93.68 30872
93.69 30874
93.70 30876
93.71 30878
93.72 30882
93.73 30888
93.74 30893
93.75 30896
93.76 30898
93.77 30902
93.78 30906
93.79 30913
93.80 30918
93.81 30924
93.82 30930
93.84 30935
93.85 30940
93.86 30943
93.87 30948
93.88 30952
93.89 30957
93.90 30966
93.91 30972
93.92 30978
93.93 30982
93.94 30988
93.95 30995
93.96 30999
93.97 31006
93.98 31013
93.99 31018
94.00 31023
94.01 31028
94.03 31032
94.04 31037
94.05 31039
94.06 31042
94.07 31044
94.08 31046
94.09 31049
94.10 31053
94.11 31057
94.12 31059
94.13 31060
94.14 31063
94.15 31070
94.16 31074
94.17 31077
94.18 31085
94.19 31089
94.21 31095
94.22 31099
94.23 31102
94.24 31105
94.25 31110
94.26 31113
94.27 31117
94.28 31121
94.29 31126
94.30 31131
94.31 31136
94.32 31141
94.33 31144
94.34 31150
94.35 31155
94.36 31160
94.37 31166
94.39 31172
94.40 31179
94.41 31183
94.42 31187
94.43 31190
94.44 31194
94.45 31197
94.46 31201
94.47 31202
94.48 31205
94.49 31207
94.50 31211
94.51 31215
94.52 31216
94.53 31220
94.54 31226
94.55 31230
94.57 31235
94.58 31238
94.59 31242
94.60 31243
94.61 31246
94.62 31250
94.63 31252
94.64 31256
94.65 31259
94.66 31262
94.67 31265
94.68 31271
94.69 31274
94.70 31281
94.71 31285
94.72 31290
94.73 31294
94.75 31298
94.76 31303
94.77 31307
94.78 31311
94.79 31317
94.80 31322
94.81 31327
94.82 31334
94.83 31338
94.84 31341
94.85 31343
94.86 31349
94.87 31352
94.88 31356
94.89 31360
94.90 31362
94.91 31366
94.92 31372
94.94 31373
94.95 31375
94.96 31377
94.97 31383
94.98 31386
94.99 31391
95.00 31395
95.01 31399
95.02 31406
95.03 31411
95.04 31417
95.05 31421
95.06 31426
95.07 31431
95.08 31438
95.09 31443
95.10 31448
95.12 31452
95.13 31456
95.14 31459
95.15 31463
95.16 31469
95.17 31473
95.18 31476
95.19 31478
95.20 31479
95.21 31481
95.22 31483
95.23 31485
95.24 31489
95.25 31491
95.26 31493
95.27 31497
95.28 31499
95.30 31503
95.31 31506
95.32 31507
95.33 31508
95.34 31509
95.35 31510
95.36 31511
95.37 31513
95.38 31514
95.39 31516
95.40 31516
95.41 31518
95.42 31519
95.43 31521
95.44 31525
95.45 31525
95.46 31527
95.48 31528
95.49 31529
95.50 31531
95.51 31538
95.52 31540
95.53 31545
95.54 31546
95.55 31552
95.56 31556
95.57 31558
95.58 31560
95.59 31563
95.60 31570
95.61 31572
95.62 31576
95.63 31579
95.64 31582
95.66 31590
95.67 31593
95.68 31597
95.69 31601
95.70 31604
95.71 31607
95.72 31609
95.73 31610
95.74 31611
95.75 31615
95.76 31620
95.77 31624
95.78 31628
95.79 31634
95.80 31638
95.81 31641
95.82 31644
95.83 31649
95.85 31654
95.86 31658
95.87 31661
95.88 31665
95.89 31670
95.90 31676
95.91 31683
95.92 31686
95.93 31690
95.94 31695
95.95 31698
95.96 31699
95.97 31704
95.98 31708
95.99 31714
96.00 31717
96.01 31723
96.03 31729
96.04 31733
96.05 31738
96.06 31742
96.07 31747
96.08 31753
96.09 31758
96.10 31764
96.11 31769
96.12 31774
96.13 31776
96.14 31783
96.15 31786
96.16 31790
96.17 31792
96.18 31799
96.19 31804
96.21 31809
96.22 31813
96.23 31818
96.24 31821
96.25 31824
96.26 31829
96.27 31835
96.28 31841
96.29 31845
96.30 31849
96.31 31854
96.32 31861
96.33 31865
96.34 31872
96.35 31875
96.36 31879
96.37 31883
96.39 31888
96.40 31894
96.41 31899
96.42 31902
96.43 31905
96.44 31910
96.45 31913
96.46 31916
96.47 31920
96.48 31924
96.49 31927
96.50 31931
96.51 31935
96.52 31937
96.53 31940
96.54 31944
96.55 31947
96.57 31952
96.58 31954
96.59 31959
96.60 31962
96.61 31967
96.62 31971
96.63 31974
96.64 31979
96.65 31983
96.66 31986
96.67 31992
96.68 31996
96.69 31998
96.70 32004
96.71 32008
96.72 32014
96.73 32020
96.74 32026
96.76 32032
96.77 32037
96.78 32042
96.79 32047
96.80 32053
96.81 32059
96.82 32063
96.83 32067
96.84 32070
96.85 32073
96.86 32078
96.87 32084
96.88 32087
96.89 32091
96.90 32095
96.91 32099
96.92 32103
96.94 32106
96.95 32111
96.96 32117
96.97 32120
96.98 32123
96.99 32128
97.00 32132
97.01 32137
97.02 32143
97.03 32147
97.04 32150
97.05 32152
97.06 32155
97.07 32158
97.08 32163
97.09 32170
97.10 32175
97.12 32179
97.13 32184
97.14 32189
97.15 32191
97.16 32196
97.17 32200
97.18 32204
97.19 32209
97.20 32214
97.21 32220
97.22 32224
97.23 32227
97.24 32232
97.25 32235
97.26 32238
97.27 32243
97.28 32248
97.30 32251
97.31 32255
97.32 32258
97.33 32264
97.34 32270
97.35 32274
97.36 32278
97.37 32280
97.38 32283
97.39 32287
97.40 32293
97.41 32298
97.42 32301
97.43 32308
97.44 32314
97.45 32320
97.46 32323
97.48 32327
97.49 32329
97.50 32333
97.51 32336
97.52 32340
97.53 32346
97.54 32349
97.55 32353
97.56 32361
97.57 32366
97.58 32370
97.59 32374
97.60 32378
97.61 32380
97.62 32386
97.63 32392
97.64 32396
97.65 32400
97.67 32406
97.68 32412
97.69 32417
97.70 32420
97.71 32425
97.72 32429
97.73 32433
97.74 32438
97.75 32440
97.76 32445
97.77 32450
97.78 32453
97.79 32458
97.80 32463
97.81 32468
97.82 32475
97.83 32479
97.85 32487
97.86 32491
97.87 32496
97.88 32501
97.89 32505
97.90 32509
97.91 32512
97.92 32516
97.93 32524
97.94 32528
97.95 32533
97.96 32536
97.97 32542
97.98 32546
97.99 32550
98.00 32551
98.01 32552
98.03 32552
98.04 32559
98.05 32563
98.06 32567
98.07 32573
98.08 32577
98.09 32585
98.10 32592
98.11 32598
98.12 32604
98.13 32609
98.14 32615
98.15 32619
98.16 32624
98.17 32629
98.18 32635
98.19 32640
98.21 32646
98.22 32651
98.23 32656
98.24 32660
98.25 32663
98.26 32664
98.27 32667
98.28 32671
98.29 32674
98.30 32677
98.31 32682
98.32 32686
98.33 32690
98.34 32693
98.35 32698
98.36 32701
98.37 32706
98.39 32709
98.40 32716
98.41 32722
98.42 32724
98.43 32725
98.44 32725
98.45 32733
98.46 32736
98.47 32741
98.48 32744
98.49 32748
98.50 32752
98.51 32759
98.52 32765
98.53 32770
98.54 32775
98.55 32780
98.56 32788
98.58 32793
98.59 32796
98.60 32799
98.61 32802
98.62 32805
98.63 32810
98.64 32816
98.65 32821
98.66 32825
98.67 32827
98.68 32828
98.69 32830
98.70 32836
98.71 32840
98.72 32845
98.73 32847
98.74 32851
98.76 32855
98.77 32856
98.78 32857
98.79 32860
98.80 32866
98.81 32870
98.82 32875
98.83 32879
98.84 32885
98.85 32891
98.86 32896
98.87 32901
98.88 32905
98.89 32910
98.90 32912
98.91 32915
98.92 32917
98.94 32920
98.95 32923
98.96 32928
98.97 32933
98.98 32938
98.99 32944
99.00 32947
99.01 32950
99.02 32954
99.03 32960
99.04 32965
99.05 32967
99.06 32974
99.07 32979
99.08 32984
99.09 32990
99.10 32997
99.12 32999
99.13 33001
99.14 33004
99.15 33008
99.16 33010
99.17 33011
99.18 33017
99.19 33022
99.20 33026
99.21 33030
99.22 33035
99.23 33041
99.24 33044
99.25 33050
99.26 33051
99.27 33055
99.28 33058
99.30 33062
99.31 33066
99.32 33071
99.33 33072
99.34 33077
99.35 33080
99.36 33082
99.37 33084
99.38 33088
99.39 33095
99.40 33100
99.41 33105
99.42 33109
99.43 33114
99.44 33117
99.45 33119
99.46 33123
99.47 33123
99.49 33126
99.50 33130
99.51 33135
99.52 33139
99.53 33141
99.54 33144
99.55 33151
99.56 33155
99.57 33160
99.58 33167
99.59 33172
99.60 33176
99.61 33181
99.62 33183
99.63 33187
99.64 33191
99.65 33195
99.67 33200
99.68 33204
99.69 33210
99.70 33215
99.71 33221
99.72 33226
99.73 33231
99.74 33234
99.75 33238
99.76 33243
99.77 33250
99.78 33252
99.79 33256
99.80 33261
99.81 33265
99.82 33270
99.83 33274
99.85 33279
99.86 33283
99.87 33287
99.88 33293
99.89 33296
99.90 33299
99.91 33304
99.92 33307
99.93 33311
99.94 33317
99.95 33322
99.96 33327
99.97 33334
99.98 33340
99.99 33346
