0.00 0
0.01 15
0.02 25
0.03 35
0.04 41
0.05 52
0.06 55
0.07 61
0.08 64
0.09 67
0.10 72
0.11 76
0.12 88
0.13 97
0.14 107
0.15 115
0.16 122
0.17 129
0.18 135
0.19 147
0.20 153
0.21 155
0.23 160
0.24 173
0.25 179
0.26 184
0.27 192
0.28 202
0.29 208
0.30 212
0.31 218
0.32 226
0.33 231
0.34 234
0.35 236
0.36 240
0.37 243
0.38 245
0.39 248
0.40 253
0.41 256
0.42 261
0.43 263
0.44 268
0.45 272
0.46 277
0.47 282
0.48 285
0.49 287
0.50 294
0.51 297
0.52 299
0.53 302
0.54 306
0.55 312
0.56 316
0.57 319
0.58 320
0.59 322
0.60 322
0.61 325
0.62 325
0.63 329
0.64 330
0.66 332
0.67 334
0.68 339
0.69 344
0.70 347
0.71 348
0.72 351
0.73 351
0.74 356
0.75 359
0.76 363
0.77 371
0.78 377
0.79 382
0.80 389
0.81 394
0.82 397
0.83 402
0.84 407
0.85 412
0.86 416
0.87 420
0.88 422
0.89 426
0.90 428
0.91 432
0.92 435
0.93 437
0.94 439
0.95 440
0.96 443
0.97 448
0.98 451
0.99 454
1.00 459
1.01 463
1.02 469
1.03 470
1.04 474
1.05 476
1.06 482
1.07 487
1.08 489
1.10 493
1.11 496
1.12 501
1.13 506
1.14 508
1.15 510
1.16 514
1.17 517
1.18 524
1.19 533
1.20 538
1.21 541
1.22 544
1.23 548
1.24 551
1.25 556
1.26 562
1.27 565
1.28 566
1.29 569
1.30 573
1.31 580
1.32 584
1.33 584
1.34 590
1.35 592
1.36 594
1.37 597
1.38 597
1.39 598
1.40 600
1.41 601
1.42 601
1.43 601
1.44 604
1.45 608
1.46 610
1.47 613
1.48 618
1.49 621
1.50 624
1.51 634
1.53 641
1.54 649
1.55 654
1.56 655
1.57 656
1.58 656
1.59 657
1.60 663
1.61 665
1.62 667
1.63 671
1.64 675
1.65 675
1.66 675
1.67 676
1.68 677
1.69 678
1.70 678
1.71 678
1.72 678
1.73 679
1.74 683
1.75 683
1.76 683
1.77 683
1.78 684
1.79 686
1.80 686
1.81 688
1.82 690
1.83 690
1.84 691
1.85 692
1.86 693
1.87 693
1.88 695
1.89 695
1.90 697
1.91 697
1.92 697
1.93 698
1.94 698
1.95 699
1.97 699
1.98 702
1.99 702
2.00 703
2.01 705
2.02 705
2.03 705
2.04 705
2.05 705
2.06 705
2.07 707
2.08 707
2.09 708
2.10 708
2.11 709
2.12 709
2.13 710
2.14 712
2.15 713
2.16 713
2.17 713
2.18 713
2.19 713
2.20 714
2.21 715
2.22 715
2.23 716
2.24 718
2.25 718
2.26 720
2.27 720
2.28 720
2.29 720
2.30 721
2.31 721
2.32 721
2.33 721
2.34 724
2.35 724
2.36 726
2.37 727
2.38 729
2.39 729
2.41 731
2.42 732
2.43 732
2.44 732
2.45 734
2.46 734
2.47 735
2.48 735
2.49 740
2.50 741
2.51 742
2.52 744
2.53 754
2.54 759
2.55 763
2.56 769
2.57 772
2.58 775
2.59 776
2.60 776
2.61 777
2.62 777
2.63 777
2.64 781
2.65 782
2.66 784
2.67 785
2.68 790
2.69 794
2.70 797
2.71 797
2.72 798
2.73 798
2.74 798
2.75 801
2.76 801
2.77 802
2.78 802
2.79 802
2.80 802
2.81 802
2.82 804
2.84 804
2.85 804
2.86 804
2.87 804
2.88 808
2.89 809
2.90 812
2.91 815
2.92 819
2.93 819
2.94 819
2.95 820
2.96 820
2.97 820
2.98 820
2.99 820
3.00 820
3.01 821
3.02 821
3.03 821
3.04 821
3.05 821
3.06 822
3.07 822
3.08 823
3.09 824
3.10 825
3.11 825
3.12 826
3.13 827
3.14 827
3.15 827
3.16 829
3.17 829
3.18 830
3.19 830
3.20 831
3.21 831
3.22 831
3.23 831
3.24 831
3.25 831
3.26 831
3.28 831
3.29 831
3.30 832
3.31 832
3.32 832
3.33 832
3.34 832
3.35 832
3.36 832
3.37 834
3.38 834
3.39 834
3.40 835
3.41 836
3.42 836
3.43 837
3.44 837
3.45 838
3.46 838
3.47 838
3.48 839
3.49 839
3.50 839
3.51 840
3.52 841
3.53 842
3.54 843
3.55 844
3.56 844
3.57 844
3.58 845
3.59 846
3.60 846
3.61 847
3.62 847
3.63 847
3.64 848
3.65 849
3.66 849
3.67 851
3.68 851
3.69 851
3.71 854
3.72 855
3.73 855
3.74 855
3.75 856
3.76 857
3.77 857
3.78 857
3.79 857
3.80 858
3.81 860
3.82 860
3.83 860
3.84 861
3.85 861
3.86 861
3.87 863
3.88 865
3.89 867
3.90 867
3.91 870
3.92 871
3.93 875
3.94 875
3.95 876
3.96 876
3.97 876
3.98 876
3.99 876
4.00 876
4.01 876
4.02 876
4.03 876
4.04 876
4.05 878
4.06 878
4.07 878
4.08 879
4.09 879
4.10 880
4.11 882
4.12 884
4.13 887
4.15 889
4.16 889
4.17 889
4.18 890
4.19 891
4.20 892
4.21 892
4.22 892
4.23 892
4.24 892
4.25 892
4.26 892
4.27 892
4.28 892
4.29 894
4.30 894
4.31 895
4.32 896
4.33 896
4.34 897
4.35 898
4.36 899
4.37 899
4.38 899
4.39 901
4.40 901
4.41 902
4.42 902
4.43 902
4.44 902
4.45 902
4.46 902
4.47 902
4.48 902
4.49 902
4.50 903
4.51 903
4.52 903
4.53 904
4.54 904
4.55 904
4.56 904
4.58 904
4.59 904
4.60 905
4.61 905
4.62 906
4.63 906
4.64 907
4.65 907
4.66 909
4.67 909
4.68 909
4.69 909
4.70 909
4.71 910
4.72 910
4.73 910
4.74 911
4.75 912
4.76 913
4.77 914
4.78 914
4.79 914
4.80 914
4.81 914
4.82 915
4.83 915
4.84 915
4.85 915
4.86 915
4.87 918
4.88 919
4.89 919
4.90 919
4.91 920
4.92 920
4.93 923
4.94 924
4.95 924
4.96 924
4.97 925
4.98 926
4.99 926
5.00 926
5.02 926
5.03 927
5.04 928
5.05 928
5.06 928
5.07 929
5.08 929
5.09 930
5.10 930
5.11 936
5.12 936
5.13 938
5.14 940
5.15 941
5.16 944
5.17 946
5.18 946
5.19 946
5.20 946
5.21 946
5.22 946
5.23 946
5.24 946
5.25 946
5.26 948
5.27 948
5.28 948
5.29 950
5.30 950
5.31 950
5.32 951
5.33 951
5.34 951
5.35 954
5.36 955
5.37 957
5.38 960
5.39 962
5.40 962
5.41 962
5.42 963
5.43 963
5.44 964
5.46 964
5.47 964
5.48 964
5.49 964
5.50 964
5.51 964
5.52 964
5.53 965
5.54 966
5.55 966
5.56 967
5.57 968
5.58 968
5.59 968
5.60 969
5.61 970
5.62 970
5.63 971
5.64 971
5.65 972
5.66 972
5.67 972
5.68 973
5.69 973
5.70 973
5.71 973
5.72 973
5.73 973
5.74 973
5.75 973
5.76 973
5.77 973
5.78 973
5.79 973
5.80 973
5.81 973
5.82 973
5.83 973
5.84 974
5.85 974
5.86 974
5.87 976
5.89 976
5.90 977
5.91 977
5.92 977
5.93 979
5.94 979
5.95 979
5.96 979
5.97 980
5.98 980
5.99 981
6.00 982
6.01 983
6.02 983
6.03 984
6.04 984
6.05 984
6.06 984
6.07 985
6.08 985
6.09 985
6.10 985
6.11 987
6.12 987
6.13 988
6.14 988
6.15 991
6.16 991
6.17 991
6.18 993
6.19 994
6.20 994
6.21 994
6.22 996
6.23 996
6.24 996
6.25 996
6.26 999
6.27 1000
6.28 1000
6.29 1000
6.30 1001
6.31 1002
6.33 1002
6.34 1002
6.35 1003
6.36 1005
6.37 1006
6.38 1006
6.39 1010
6.40 1011
6.41 1015
6.42 1015
6.43 1015
6.44 1015
6.45 1015
6.46 1015
6.47 1015
6.48 1015
6.49 1015
6.50 1016
6.51 1016
6.52 1016
6.53 1018
6.54 1018
6.55 1018
6.56 1018
6.57 1018
6.58 1020
6.59 1021
6.60 1022
6.61 1027
6.62 1028
6.63 1028
6.64 1028
6.65 1029
6.66 1029
6.67 1029
6.68 1029
6.69 1029
6.70 1029
6.71 1029
6.72 1029
6.73 1029
6.74 1029
6.76 1030
6.77 1031
6.78 1031
6.79 1032
6.80 1033
6.81 1033
6.82 1034
6.83 1035
6.84 1036
6.85 1036
6.86 1037
6.87 1037
6.88 1038
6.89 1038
6.90 1038
6.91 1038
6.92 1038
6.93 1039
6.94 1039
6.95 1039
6.96 1039
6.97 1039
6.98 1039
6.99 1039
7.00 1039
7.01 1040
7.02 1040
7.03 1040
7.04 1040
7.05 1040
7.06 1040
7.07 1041
7.08 1041
7.09 1041
7.10 1042
7.11 1042
7.12 1043
7.13 1044
7.14 1044
7.15 1044
7.16 1044
7.17 1044
7.18 1045
7.20 1046
7.21 1046
7.22 1046
7.23 1048
7.24 1048
7.25 1049
7.26 1049
7.27 1049
7.28 1049
7.29 1049
7.30 1051
7.31 1051
7.32 1052
7.33 1052
7.34 1053
7.35 1053
7.36 1054
7.37 1054
7.38 1057
7.39 1057
7.40 1057
7.41 1060
7.42 1061
7.43 1061
7.44 1061
7.45 1062
7.46 1063
7.47 1063
7.48 1063
7.49 1063
7.50 1064
7.51 1064
7.52 1064
7.53 1064
7.54 1066
7.55 1066
7.56 1066
7.57 1070
7.58 1072
7.59 1072
7.60 1072
7.61 1075
7.63 1075
7.64 1078
7.65 1078
7.66 1078
7.67 1078
7.68 1078
7.69 1078
7.70 1078
7.71 1078
7.72 1078
7.73 1078
7.74 1078
7.75 1078
7.76 1078
7.77 1082
7.78 1083
7.79 1084
7.80 1084
7.81 1084
7.82 1084
7.83 1084
7.84 1084
7.85 1084
7.86 1085
7.87 1087
7.88 1090
7.89 1092
7.90 1095
7.91 1095
7.92 1095
7.93 1095
7.94 1096
7.95 1097
7.96 1097
7.97 1097
7.98 1097
7.99 1097
8.00 1097
8.01 1097
8.02 1097
8.03 1098
8.04 1098
8.05 1098
8.07 1098
8.08 1099
8.09 1101
8.10 1101
8.11 1101
8.12 1102
8.13 1103
8.14 1103
8.15 1104
8.16 1105
8.17 1105
8.18 1106
8.19 1106
8.20 1107
8.21 1107
8.22 1108
8.23 1108
8.24 1108
8.25 1109
8.26 1109
8.27 1110
8.28 1110
8.29 1111
8.30 1111
8.31 1111
8.32 1112
8.33 1112
8.34 1112
8.35 1112
8.36 1112
8.37 1112
8.38 1112
8.39 1113
8.40 1114
8.41 1114
8.42 1115
8.43 1115
8.44 1115
8.45 1116
8.46 1116
8.47 1116
8.48 1116
8.49 1116
8.51 1118
8.52 1118
8.53 1118
8.54 1119
8.55 1119
8.56 1120
8.57 1121
8.58 1121
8.59 1121
8.60 1121
8.61 1121
8.62 1122
8.63 1122
8.64 1123
8.65 1123
8.66 1125
8.67 1125
8.68 1126
8.69 1127
8.70 1129
8.71 1129
8.72 1130
8.73 1131
8.74 1132
8.75 1132
8.76 1133
8.77 1133
8.78 1134
8.79 1134
8.80 1136
8.81 1137
8.82 1140
8.83 1142
8.84 1149
8.85 1155
8.86 1157
8.87 1161
8.88 1171
8.89 1175
8.90 1179
8.91 1187
8.92 1189
8.94 1193
8.95 1199
8.96 1202
8.97 1207
8.98 1210
8.99 1212
9.00 1216
9.01 1217
9.02 1218
9.03 1219
9.04 1221
9.05 1224
9.06 1230
9.07 1231
9.08 1232
9.09 1237
9.10 1240
9.11 1240
9.12 1241
9.13 1243
9.14 1249
9.15 1260
9.16 1264
9.17 1265
9.18 1269
9.19 1272
9.20 1277
9.21 1283
9.22 1290
9.23 1298
9.24 1305
9.25 1309
9.26 1312
9.27 1315
9.28 1322
9.29 1329
9.30 1336
9.31 1342
9.32 1346
9.33 1351
9.34 1353
9.35 1358
9.36 1365
9.38 1369
9.39 1375
9.40 1381
9.41 1385
9.42 1389
9.43 1392
9.44 1400
9.45 1406
9.46 1409
9.47 1414
9.48 1416
9.49 1423
9.50 1424
9.51 1429
9.52 1436
9.53 1442
9.54 1447
9.55 1455
9.56 1460
9.57 1465
9.58 1466
9.59 1466
9.60 1468
9.61 1468
9.62 1468
9.63 1468
9.64 1469
9.65 1469
9.66 1469
9.67 1474
9.68 1475
9.69 1475
9.70 1477
9.71 1479
9.72 1480
9.73 1482
9.74 1482
9.75 1482
9.76 1482
9.77 1482
9.78 1482
9.79 1482
9.81 1491
9.82 1494
9.83 1498
9.84 1502
9.85 1504
9.86 1512
9.87 1514
9.88 1519
9.89 1522
9.90 1526
9.91 1529
9.92 1529
9.93 1531
9.94 1537
9.95 1539
9.96 1540
9.97 1544
9.98 1546
9.99 1553
10.00 1556
10.01 1559
10.02 1562
10.03 1562
10.04 1562
10.05 1562
10.06 1562
10.07 1564
10.08 1565
10.09 1565
10.10 1566
10.11 1566
10.12 1567
10.13 1570
10.14 1570
10.15 1572
10.16 1575
10.17 1578
10.18 1578
10.19 1578
10.20 1579
10.21 1580
10.22 1580
10.23 1580
10.25 1580
10.26 1580
10.27 1580
10.28 1580
10.29 1580
10.30 1580
10.31 1580
10.32 1582
10.33 1583
10.34 1583
10.35 1584
10.36 1584
10.37 1586
10.38 1586
10.39 1587
10.40 1588
10.41 1588
10.42 1590
10.43 1590
10.44 1591
10.45 1591
10.46 1592
10.47 1592
10.48 1592
10.49 1592
10.50 1592
10.51 1592
10.52 1592
10.53 1593
10.54 1593
10.55 1594
10.56 1595
10.57 1595
10.58 1595
10.59 1595
10.60 1595
10.61 1595
10.62 1595
10.63 1596
10.64 1597
10.65 1597
10.66 1597
10.68 1597
10.69 1598
10.70 1599
10.71 1599
10.72 1600
10.73 1600
10.74 1600
10.75 1600
10.76 1602
10.77 1602
10.78 1602
10.79 1603
10.80 1604
10.81 1604
10.82 1605
10.83 1605
10.84 1605
10.85 1605
10.86 1607
10.87 1607
10.88 1608
10.89 1608
10.90 1609
10.91 1609
10.92 1611
10.93 1611
10.94 1614
10.95 1614
10.96 1614
10.97 1616
10.98 1617
10.99 1617
11.00 1617
11.01 1617
11.02 1619
11.03 1619
11.04 1619
11.05 1619
11.06 1621
11.07 1622
11.08 1622
11.09 1622
11.10 1623
11.12 1623
11.13 1623
11.14 1625
11.15 1629
11.16 1629
11.17 1629
11.18 1633
11.19 1635
11.20 1640
11.21 1640
11.22 1643
11.23 1643
11.24 1646
11.25 1647
11.26 1656
11.27 1663
11.28 1668
11.29 1677
11.30 1684
11.31 1684
11.32 1684
11.33 1684
11.34 1686
11.35 1689
11.36 1689
11.37 1689
11.38 1693
11.39 1694
11.40 1701
11.41 1702
11.42 1704
11.43 1708
11.44 1712
11.45 1717
11.46 1719
11.47 1723
11.48 1727
11.49 1732
11.50 1738
11.51 1740
11.52 1744
11.53 1745
11.54 1745
11.56 1745
11.57 1745
11.58 1746
11.59 1747
11.60 1749
11.61 1751
11.62 1754
11.63 1757
11.64 1757
11.65 1757
11.66 1757
11.67 1758
11.68 1759
11.69 1759
11.70 1759
11.71 1759
11.72 1759
11.73 1759
11.74 1759
11.75 1759
11.76 1759
11.77 1761
11.78 1761
11.79 1761
11.80 1762
11.81 1763
11.82 1764
11.83 1764
11.84 1765
11.85 1766
11.86 1766
11.87 1767
11.88 1767
11.89 1767
11.90 1767
11.91 1767
11.92 1767
11.93 1767
11.94 1769
11.95 1769
11.96 1769
11.97 1769
11.99 1770
12.00 1770
12.01 1770
12.02 1771
12.03 1771
12.04 1771
12.05 1771
12.06 1771
12.07 1771
12.08 1772
12.09 1772
12.10 1773
12.11 1773
12.12 1774
12.13 1774
12.14 1775
12.15 1775
12.16 1776
12.17 1776
12.18 1776
12.19 1777
12.20 1777
12.21 1777
12.22 1777
12.23 1778
12.24 1779
12.25 1780
12.26 1781
12.27 1781
12.28 1781
12.29 1781
12.30 1782
12.31 1782
12.32 1782
12.33 1783
12.34 1783
12.35 1785
12.36 1786
12.37 1787
12.38 1788
12.39 1789
12.40 1789
12.41 1792
12.43 1792
12.44 1792
12.45 1792
12.46 1792
12.47 1793
12.48 1793
12.49 1793
12.50 1797
12.51 1802
12.52 1804
12.53 1807
12.54 1810
12.55 1813
12.56 1817
12.57 1817
12.58 1822
12.59 1823
12.60 1826
12.61 1829
12.62 1829
12.63 1832
12.64 1835
12.65 1836
12.66 1838
12.67 1841
12.68 1841
12.69 1841
12.70 1842
12.71 1844
12.72 1844
12.73 1844
12.74 1845
12.75 1846
12.76 1847
12.77 1847
12.78 1850
12.79 1851
12.80 1856
12.81 1856
12.82 1857
12.83 1861
12.84 1864
12.86 1865
12.87 1871
12.88 1878
12.89 1879
12.90 1880
12.91 1880
12.92 1880
12.93 1880
12.94 1880
12.95 1880
12.96 1884
12.97 1884
12.98 1884
12.99 1884
13.00 1884
13.01 1884
13.02 1884
13.03 1884
13.04 1884
13.05 1885
13.06 1885
13.07 1892
13.08 1895
13.09 1897
13.10 1903
13.11 1911
13.12 1914
13.13 1919
13.14 1924
13.15 1929
13.16 1933
13.17 1937
13.18 1939
13.19 1942
13.20 1945
13.21 1946
13.22 1949
13.23 1950
13.24 1958
13.25 1964
13.26 1968
13.27 1972
13.28 1974
13.30 1978
13.31 1983
13.32 1988
13.33 1994
13.34 1999
13.35 2005
13.36 2009
13.37 2013
13.38 2020
13.39 2024
13.40 2029
13.41 2031
13.42 2034
13.43 2041
13.44 2043
13.45 2048
13.46 2051
13.47 2054
13.48 2058
13.49 2063
13.50 2065
13.51 2066
13.52 2070
13.53 2076
13.54 2079
13.55 2085
13.56 2088
13.57 2095
13.58 2101
13.59 2106
13.60 2111
13.61 2116
13.62 2120
13.63 2123
13.64 2128
13.65 2135
13.66 2139
13.67 2141
13.68 2143
13.69 2147
13.70 2152
13.71 2159
13.73 2160
13.74 2160
13.75 2160
13.76 2160
13.77 2160
13.78 2163
13.79 2164
13.80 2165
13.81 2168
13.82 2171
13.83 2171
13.84 2171
13.85 2172
13.86 2172
13.87 2173
13.88 2173
13.89 2173
13.90 2173
13.91 2173
13.92 2173
13.93 2173
13.94 2173
13.95 2175
13.96 2176
13.97 2178
13.98 2178
13.99 2180
14.00 2181
14.01 2181
14.02 2182
14.03 2183
14.04 2184
14.05 2184
14.06 2185
14.07 2185
14.08 2186
14.09 2186
14.10 2186
14.11 2186
14.12 2186
14.13 2187
14.14 2187
14.15 2188
14.17 2188
14.18 2189
14.19 2189
14.20 2190
14.21 2190
14.22 2191
14.23 2191
14.24 2191
14.25 2191
14.26 2191
14.27 2191
14.28 2191
14.29 2191
14.30 2192
14.31 2194
14.32 2194
14.33 2195
14.34 2195
14.35 2195
14.36 2196
14.37 2196
14.38 2196
14.39 2196
14.40 2197
14.41 2197
14.42 2197
14.43 2198
14.44 2198
14.45 2199
14.46 2199
14.47 2199
14.48 2199
14.49 2199
14.50 2200
14.51 2200
14.52 2200
14.53 2200
14.54 2202
14.55 2203
14.56 2204
14.57 2204
14.58 2208
14.59 2208
14.61 2208
14.62 2210
14.63 2211
14.64 2211
14.65 2211
14.66 2212
14.67 2212
14.68 2212
14.69 2213
14.70 2215
14.71 2217
14.72 2217
14.73 2217
14.74 2219
14.75 2219
14.76 2220
14.77 2220
14.78 2224
14.79 2229
14.80 2233
14.81 2239
14.82 2246
14.83 2250
14.84 2254
14.85 2259
14.86 2263
14.87 2266
14.88 2269
14.89 2270
14.90 2275
14.91 2277
14.92 2280
14.93 2281
14.94 2281
14.95 2283
14.96 2283
14.97 2283
14.98 2283
14.99 2283
15.00 2283
15.01 2283
15.02 2285
15.04 2286
15.05 2287
15.06 2287
15.07 2291
15.08 2292
15.09 2295
15.10 2295
15.11 2298
15.12 2302
15.13 2305
15.14 2306
15.15 2307
15.16 2307
15.17 2308
15.18 2309
15.19 2312
15.20 2314
15.21 2320
15.22 2321
15.23 2323
15.24 2323
15.25 2325
15.26 2325
15.27 2325
15.28 2326
15.29 2327
15.30 2329
15.31 2332
15.32 2334
15.33 2334
15.34 2334
15.35 2334
15.36 2334
15.37 2334
15.38 2334
15.39 2334
15.40 2334
15.41 2334
15.42 2335
15.43 2335
15.44 2335
15.45 2335
15.46 2335
15.48 2335
15.49 2337
15.50 2340
15.51 2342
15.52 2346
15.53 2346
15.54 2346
15.55 2346
15.56 2347
15.57 2348
15.58 2348
15.59 2349
15.60 2350
15.61 2350
15.62 2351
15.63 2351
15.64 2351
15.65 2353
15.66 2353
15.67 2353
15.68 2353
15.69 2354
15.70 2354
15.71 2355
15.72 2356
15.73 2357
15.74 2357
15.75 2357
15.76 2359
15.77 2360
15.78 2360
15.79 2361
15.80 2361
15.81 2363
15.82 2363
15.83 2363
15.84 2363
15.85 2363
15.86 2364
15.87 2364
15.88 2364
15.89 2364
15.91 2364
15.92 2364
15.93 2364
15.94 2366
15.95 2366
15.96 2366
15.97 2366
15.98 2366
15.99 2366
16.00 2367
16.01 2367
16.02 2368
16.03 2368
16.04 2369
16.05 2369
16.06 2370
16.07 2370
16.08 2371
16.09 2371
16.10 2371
16.11 2372
16.12 2372
16.13 2372
16.14 2373
16.15 2374
16.16 2375
16.17 2376
16.18 2376
16.19 2376
16.20 2376
16.21 2377
16.22 2378
16.23 2379
16.24 2379
16.25 2379
16.26 2379
16.27 2381
16.28 2381
16.29 2383
16.30 2384
16.31 2385
16.32 2385
16.33 2386
16.35 2388
16.36 2388
16.37 2388
16.38 2389
16.39 2389
16.40 2390
16.41 2390
16.42 2393
16.43 2398
16.44 2399
16.45 2399
16.46 2400
16.47 2400
16.48 2400
16.49 2400
16.50 2400
16.51 2402
16.52 2402
16.53 2403
16.54 2403
16.55 2405
16.56 2405
16.57 2409
16.58 2410
16.59 2413
16.60 2413
16.61 2415
16.62 2419
16.63 2421
16.64 2422
16.65 2427
16.66 2427
16.67 2427
16.68 2428
16.69 2428
16.70 2429
16.71 2429
16.72 2429
16.73 2430
16.74 2431
16.75 2432
16.76 2432
16.78 2432
16.79 2432
16.80 2432
16.81 2432
16.82 2432
16.83 2432
16.84 2432
16.85 2432
16.86 2432
16.87 2432
16.88 2432
16.89 2432
16.90 2432
16.91 2434
16.92 2434
16.93 2436
16.94 2439
16.95 2441
16.96 2441
16.97 2441
16.98 2441
16.99 2441
17.00 2443
17.01 2443
17.02 2443
17.03 2443
17.04 2444
17.05 2444
17.06 2444
17.07 2444
17.08 2444
17.09 2446
17.10 2446
17.11 2447
17.12 2448
17.13 2449
17.14 2450
17.15 2450
17.16 2451
17.17 2452
17.18 2452
17.19 2453
17.20 2453
17.22 2454
17.23 2454
17.24 2454
17.25 2454
17.26 2455
17.27 2455
17.28 2455
17.29 2455
17.30 2455
17.31 2455
17.32 2455
17.33 2456
17.34 2457
17.35 2457
17.36 2457
17.37 2457
17.38 2457
17.39 2457
17.40 2458
17.41 2458
17.42 2459
17.43 2459
17.44 2459
17.45 2459
17.46 2461
17.47 2461
17.48 2461
17.49 2461
17.50 2461
17.51 2461
17.52 2462
17.53 2462
17.54 2463
17.55 2463
17.56 2464
17.57 2465
17.58 2465
17.59 2465
17.60 2465
17.61 2465
17.62 2466
17.63 2466
17.65 2467
17.66 2467
17.67 2467
17.68 2468
17.69 2469
17.70 2470
17.71 2472
17.72 2474
17.73 2474
17.74 2476
17.75 2477
17.76 2477
17.77 2477
17.78 2478
17.79 2479
17.80 2479
17.81 2479
17.82 2479
17.83 2480
17.84 2480
17.85 2481
17.86 2482
17.87 2484
17.88 2486
17.89 2490
17.90 2492
17.91 2492
17.92 2494
17.93 2495
17.94 2495
17.95 2498
17.96 2501
17.97 2502
17.98 2503
17.99 2504
18.00 2504
18.01 2504
18.02 2504
18.03 2504
18.04 2504
18.05 2505
18.06 2506
18.07 2507
18.09 2507
18.10 2511
18.11 2512
18.12 2516
18.13 2516
18.14 2520
18.15 2520
18.16 2522
18.17 2524
18.18 2532
18.19 2537
18.20 2541
18.21 2541
18.22 2541
18.23 2542
18.24 2542
18.25 2542
18.26 2542
18.27 2542
18.28 2545
18.29 2545
18.30 2545
18.31 2545
18.32 2545
18.33 2545
18.34 2545
18.35 2545
18.36 2545
18.37 2545
18.38 2545
18.39 2545
18.40 2545
18.41 2545
18.42 2545
18.43 2547
18.44 2547
18.45 2549
18.46 2554
18.47 2555
18.48 2555
18.49 2555
18.50 2556
18.51 2556
18.53 2556
18.54 2557
18.55 2557
18.56 2557
18.57 2557
18.58 2557
18.59 2557
18.60 2557
18.61 2557
18.62 2559
18.63 2559
18.64 2560
18.65 2560
18.66 2561
18.67 2562
18.68 2562
18.69 2563
18.70 2564
18.71 2564
18.72 2566
18.73 2566
18.74 2567
18.75 2567
18.76 2568
18.77 2568
18.78 2569
18.79 2569
18.80 2569
18.81 2569
18.82 2569
18.83 2570
18.84 2570
18.85 2571
18.86 2571
18.87 2571
18.88 2571
18.89 2571
18.90 2571
18.91 2571
18.92 2572
18.93 2572
18.94 2573
18.96 2573
18.97 2574
18.98 2574
18.99 2575
19.00 2575
19.01 2576
19.02 2576
19.03 2576
19.04 2576
19.05 2576
19.06 2576
19.07 2577
19.08 2578
19.09 2579
19.10 2579
19.11 2579
19.12 2580
19.13 2580
19.14 2580
19.15 2580
19.16 2580
19.17 2581
19.18 2581
19.19 2581
19.20 2583
19.21 2583
19.22 2585
19.23 2587
19.24 2588
19.25 2588
19.26 2591
19.27 2592
19.28 2592
19.29 2592
19.30 2593
19.31 2593
19.32 2593
19.33 2593
19.34 2595
19.35 2596
19.36 2596
19.37 2596
19.38 2603
19.40 2604
19.41 2604
19.42 2605
19.43 2605
19.44 2608
19.45 2610
19.46 2611
19.47 2616
19.48 2620
19.49 2620
19.50 2625
19.51 2626
19.52 2629
19.53 2631
19.54 2635
19.55 2637
19.56 2638
19.57 2638
19.58 2638
19.59 2640
19.60 2641
19.61 2643
19.62 2644
19.63 2645
19.64 2646
19.65 2646
19.66 2647
19.67 2647
19.68 2647
19.69 2647
19.70 2650
19.71 2651
19.72 2653
19.73 2653
19.74 2656
19.75 2657
19.76 2659
19.77 2659
19.78 2660
19.79 2660
19.80 2660
19.81 2660
19.83 2660
19.84 2661
19.85 2661
19.86 2661
19.87 2661
19.88 2662
19.89 2665
19.90 2667
19.91 2672
19.92 2673
19.93 2673
19.94 2673
19.95 2673
19.96 2673
19.97 2673
19.98 2673
19.99 2673
20.00 2673
20.01 2673
20.02 2673
20.03 2673
20.04 2673
20.05 2673
20.06 2673
20.07 2675
20.08 2676
20.09 2678
20.10 2680
20.11 2683
20.12 2683
20.13 2683
20.14 2683
20.15 2684
20.16 2684
20.17 2684
20.18 2685
20.19 2686
20.20 2686
20.21 2687
20.22 2687
20.23 2688
20.24 2688
20.25 2688
20.27 2688
20.28 2688
20.29 2690
20.30 2690
20.31 2691
20.32 2692
20.33 2693
20.34 2693
20.35 2694
20.36 2695
20.37 2696
20.38 2696
20.39 2697
20.40 2697
20.41 2698
20.42 2698
20.43 2698
20.44 2698
20.45 2698
20.46 2698
20.47 2698
20.48 2698
20.49 2698
20.50 2698
20.51 2698
20.52 2700
20.53 2700
20.54 2700
20.55 2700
20.56 2700
20.57 2700
20.58 2700
20.59 2701
20.60 2701
20.61 2702
20.62 2702
20.63 2703
20.64 2703
20.65 2704
20.66 2704
20.67 2705
20.68 2705
20.70 2705
20.71 2706
20.72 2707
20.73 2707
20.74 2707
20.75 2708
20.76 2709
20.77 2710
20.78 2710
20.79 2710
20.80 2710
20.81 2710
20.82 2712
20.83 2712
20.84 2712
20.85 2712
20.86 2712
20.87 2714
20.88 2714
20.89 2715
20.90 2717
20.91 2718
20.92 2718
20.93 2721
20.94 2722
20.95 2722
20.96 2722
20.97 2722
20.98 2722
20.99 2722
21.00 2722
21.01 2724
21.02 2724
21.03 2724
21.04 2724
21.05 2725
21.06 2725
21.07 2725
21.08 2725
21.09 2726
21.10 2727
21.11 2727
21.12 2728
21.14 2728
21.15 2729
21.16 2729
21.17 2732
21.18 2732
21.19 2735
21.20 2735
21.21 2736
21.22 2736
21.23 2736
21.24 2736
21.25 2741
21.26 2743
21.27 2743
21.28 2743
21.29 2743
21.30 2743
21.31 2743
21.32 2743
21.33 2743
21.34 2746
21.35 2746
21.36 2746
21.37 2746
21.38 2746
21.39 2746
21.40 2746
21.41 2746
21.42 2746
21.43 2746
21.44 2746
21.45 2747
21.46 2753
21.47 2758
21.48 2766
21.49 2768
21.50 2771
21.51 2773
21.52 2774
21.53 2777
21.54 2783
21.55 2784
21.56 2790
21.58 2792
21.59 2797
21.60 2804
21.61 2807
21.62 2809
21.63 2811
21.64 2813
21.65 2818
21.66 2825
21.67 2830
21.68 2832
21.69 2833
21.70 2833
21.71 2833
21.72 2833
21.73 2834
21.74 2835
21.75 2836
21.76 2840
21.77 2841
21.78 2841
21.79 2841
21.80 2842
21.81 2842
21.82 2842
21.83 2843
21.84 2843
21.85 2843
21.86 2843
21.87 2843
21.88 2843
21.89 2844
21.90 2844
21.91 2844
21.92 2844
21.93 2845
21.94 2847
21.95 2847
21.96 2848
21.97 2849
21.98 2849
21.99 2850
22.01 2851
22.02 2852
22.03 2852
22.04 2853
22.05 2853
22.06 2853
22.07 2853
22.08 2853
22.09 2854
22.10 2854
22.11 2854
22.12 2854
22.13 2854
22.14 2854
22.15 2855
22.16 2855
22.17 2855
22.18 2856
22.19 2857
22.20 2857
22.21 2857
22.22 2857
22.23 2857
22.24 2857
22.25 2857
22.26 2858
22.27 2858
22.28 2859
22.29 2859
22.30 2860
22.31 2861
22.32 2861
22.33 2861
22.34 2861
22.35 2861
22.36 2862
22.37 2862
22.38 2862
22.39 2863
22.40 2863
22.41 2864
22.42 2865
22.43 2865
22.45 2865
22.46 2866
22.47 2866
22.48 2866
22.49 2866
22.50 2867
22.51 2867
22.52 2869
22.53 2869
22.54 2871
22.55 2872
22.56 2874
22.57 2874
22.58 2875
22.59 2877
22.60 2877
22.61 2877
22.62 2878
22.63 2878
22.64 2879
22.65 2879
22.66 2880
22.67 2881
22.68 2881
22.69 2881
22.70 2881
22.71 2881
22.72 2883
22.73 2883
22.74 2887
22.75 2888
22.76 2888
22.77 2888
22.78 2888
22.79 2889
22.80 2890
22.81 2893
22.82 2893
22.83 2893
22.84 2894
22.85 2894
22.86 2894
22.88 2894
22.89 2894
22.90 2894
22.91 2898
22.92 2898
22.93 2898
22.94 2899
22.95 2901
22.96 2902
22.97 2903
22.98 2903
22.99 2904
23.00 2904
23.01 2904
23.02 2904
23.03 2904
23.04 2904
23.05 2904
23.06 2904
23.07 2904
23.08 2904
23.09 2905
23.10 2907
23.11 2907
23.12 2907
23.13 2907
23.14 2907
23.15 2907
23.16 2907
23.17 2907
23.18 2907
23.19 2907
23.20 2908
23.21 2913
23.22 2920
23.23 2924
23.24 2928
23.25 2931
23.26 2935
23.27 2938
23.28 2939
23.29 2940
23.30 2940
23.32 2944
23.33 2946
23.34 2952
23.35 2953
23.36 2953
23.37 2953
23.38 2953
23.39 2953
23.40 2954
23.41 2954
23.42 2956
23.43 2959
23.44 2961
23.45 2961
23.46 2961
23.47 2962
23.48 2962
23.49 2962
23.50 2962
23.51 2963
23.52 2963
23.53 2963
23.54 2963
23.55 2963
23.56 2964
23.57 2965
23.58 2965
23.59 2965
23.60 2965
23.61 2967
23.62 2967
23.63 2968
23.64 2969
23.65 2969
23.66 2970
23.67 2970
23.68 2971
23.69 2971
23.70 2972
23.71 2973
23.72 2973
23.73 2973
23.75 2973
23.76 2973
23.77 2973
23.78 2973
23.79 2973
23.80 2973
23.81 2973
23.82 2973
23.83 2973
23.84 2973
23.85 2974
23.86 2974
23.87 2974
23.88 2974
23.89 2974
23.90 2974
23.91 2974
23.92 2976
23.93 2976
23.94 2976
23.95 2976
23.96 2977
23.97 2977
23.98 2978
23.99 2978
24.00 2979
24.01 2979
24.02 2979
24.03 2979
24.04 2980
24.05 2980
24.06 2980
24.07 2981
24.08 2982
24.09 2983
24.10 2983
24.11 2983
24.12 2983
24.13 2983
24.14 2984
24.15 2984
24.16 2985
24.17 2985
24.19 2986
24.20 2987
24.21 2988
24.22 2988
24.23 2991
24.24 2992
24.25 2992
24.26 2994
24.27 2995
24.28 2995
24.29 2995
24.30 2996
24.31 2997
24.32 2997
24.33 3000
24.34 3006
24.35 3007
24.36 3007
24.37 3007
24.38 3007
24.39 3009
24.40 3009
24.41 3009
24.42 3009
24.43 3009
24.44 3010
24.45 3010
24.46 3010
24.47 3014
24.48 3014
24.49 3015
24.50 3017
24.51 3017
24.52 3020
24.53 3021
24.54 3021
24.55 3021
24.56 3021
24.57 3021
24.58 3021
24.59 3021
24.60 3021
24.61 3021
24.63 3023
24.64 3023
24.65 3023
24.66 3023
24.67 3025
24.68 3025
24.69 3025
24.70 3025
24.71 3025
24.72 3025
24.73 3025
24.74 3025
24.75 3025
24.76 3027
24.77 3028
24.78 3030
24.79 3033
24.80 3035
24.81 3035
24.82 3035
24.83 3035
24.84 3036
24.85 3036
24.86 3036
24.87 3036
24.88 3036
24.89 3036
24.90 3036
24.91 3036
24.92 3036
24.93 3036
24.94 3038
24.95 3038
24.96 3038
24.97 3039
24.98 3040
24.99 3041
25.00 3041
25.01 3042
25.02 3042
25.03 3042
25.04 3044
25.06 3044
25.07 3045
25.08 3045
25.09 3045
25.10 3045
25.11 3046
25.12 3046
25.13 3046
25.14 3046
25.15 3046
25.16 3046
25.17 3046
25.18 3046
25.19 3047
25.20 3047
25.21 3047
25.22 3047
25.23 3047
25.24 3047
25.25 3048
25.26 3048
25.27 3049
25.28 3049
25.29 3050
25.30 3050
25.31 3051
25.32 3051
25.33 3051
25.34 3051
25.35 3051
25.36 3051
25.37 3051
25.38 3053
25.39 3053
25.40 3054
25.41 3055
25.42 3055
25.43 3055
25.44 3056
25.45 3056
25.46 3056
25.47 3057
25.48 3057
25.50 3057
25.51 3058
25.52 3058
25.53 3059
25.54 3060
25.55 3060
25.56 3062
25.57 3064
25.58 3064
25.59 3066
25.60 3067
25.61 3067
25.62 3067
25.63 3068
25.64 3068
25.65 3069
25.66 3069
25.67 3069
25.68 3069
25.69 3069
25.70 3069
25.71 3070
25.72 3070
25.73 3070
25.74 3071
25.75 3071
25.76 3071
25.77 3071
25.78 3073
25.79 3077
25.80 3077
25.81 3077
25.82 3079
25.83 3080
25.84 3082
25.85 3082
25.86 3082
25.87 3082
25.88 3082
25.89 3082
25.90 3082
25.91 3082
25.93 3082
25.94 3082
25.95 3082
25.96 3082
25.97 3082
25.98 3082
25.99 3084
26.00 3084
26.01 3084
26.02 3084
26.03 3084
26.04 3084
26.05 3087
26.06 3089
26.07 3090
26.08 3094
26.09 3094
26.10 3094
26.11 3094
26.12 3095
26.13 3095
26.14 3095
26.15 3095
26.16 3095
26.17 3095
26.18 3095
26.19 3095
26.20 3095
26.21 3095
26.22 3096
26.23 3096
26.24 3096
26.25 3099
26.26 3100
26.27 3101
26.28 3101
26.29 3102
26.30 3103
26.31 3103
26.32 3105
26.33 3105
26.34 3106
26.35 3106
26.37 3106
26.38 3106
26.39 3106
26.40 3108
26.41 3108
26.42 3108
26.43 3108
26.44 3108
26.45 3108
26.46 3109
26.47 3109
26.48 3110
26.49 3110
26.50 3110
26.51 3110
26.52 3110
26.53 3111
26.54 3111
26.55 3111
26.56 3111
26.57 3113
26.58 3113
26.59 3113
26.60 3114
26.61 3114
26.62 3114
26.63 3114
26.64 3114
26.65 3116
26.66 3116
26.67 3116
26.68 3116
26.69 3117
26.70 3118
26.71 3119
26.72 3119
26.73 3119
26.74 3120
26.75 3120
26.76 3120
26.77 3120
26.78 3121
26.80 3121
26.81 3123
26.82 3123
26.83 3124
26.84 3125
26.85 3127
26.86 3127
26.87 3127
26.88 3130
26.89 3130
26.90 3130
26.91 3131
26.92 3131
26.93 3132
26.94 3132
26.95 3132
26.96 3132
26.97 3132
26.98 3132
26.99 3133
27.00 3135
27.01 3135
27.02 3135
27.03 3135
27.04 3135
27.05 3135
27.06 3135
27.07 3141
27.08 3141
27.09 3142
27.10 3145
27.11 3145
27.12 3148
27.13 3149
27.14 3149
27.15 3154
27.16 3156
27.17 3157
27.18 3158
27.19 3162
27.20 3162
27.21 3162
27.22 3163
27.24 3164
27.25 3165
27.26 3166
27.27 3166
27.28 3168
27.29 3169
27.30 3169
27.31 3169
27.32 3171
27.33 3171
27.34 3171
27.35 3171
27.36 3171
27.37 3172
27.38 3174
27.39 3175
27.40 3178
27.41 3180
27.42 3180
27.43 3180
27.44 3180
27.45 3182
27.46 3182
27.47 3182
27.48 3183
27.49 3183
27.50 3183
27.51 3184
27.52 3185
27.53 3185
27.54 3186
27.55 3191
27.56 3196
27.57 3198
27.58 3202
27.59 3207
27.60 3213
27.61 3219
27.62 3225
27.63 3230
27.64 3239
27.65 3244
27.66 3252
27.68 3259
27.69 3264
27.70 3271
27.71 3276
27.72 3280
27.73 3282
27.74 3286
27.75 3291
27.76 3296
27.77 3301
27.78 3303
27.79 3310
27.80 3317
27.81 3321
27.82 3326
27.83 3331
27.84 3336
27.85 3338
27.86 3343
27.87 3348
27.88 3350
27.89 3353
27.90 3356
27.91 3360
27.92 3362
27.93 3369
27.94 3373
27.95 3379
27.96 3382
27.97 3388
27.98 3391
27.99 3393
28.00 3399
28.01 3404
28.02 3409
28.03 3413
28.04 3415
28.05 3418
28.06 3421
28.07 3426
28.08 3429
28.09 3433
28.11 3436
28.12 3441
28.13 3445
28.14 3449
28.15 3453
28.16 3456
28.17 3459
28.18 3463
28.19 3470
28.20 3474
28.21 3477
28.22 3481
28.23 3483
28.24 3484
28.25 3490
28.26 3496
28.27 3502
28.28 3506
28.29 3510
28.30 3515
28.31 3520
28.32 3526
28.33 3528
28.34 3534
28.35 3539
28.36 3542
28.37 3546
28.38 3548
28.39 3551
28.40 3555
28.41 3561
28.42 3566
28.43 3569
28.44 3571
28.45 3575
28.46 3578
28.47 3582
28.48 3584
28.49 3588
28.50 3593
28.51 3597
28.52 3600
28.53 3604
28.55 3609
28.56 3614
28.57 3617
28.58 3622
28.59 3627
28.60 3630
28.61 3632
28.62 3638
28.63 3645
28.64 3650
28.65 3654
28.66 3659
28.67 3664
28.68 3668
28.69 3671
28.70 3676
28.71 3680
28.72 3685
28.73 3687
28.74 3692
28.75 3699
28.76 3708
28.77 3713
28.78 3721
28.79 3725
28.80 3727
28.81 3731
28.82 3737
28.83 3745
28.84 3751
28.85 3754
28.86 3757
28.87 3760
28.88 3763
28.89 3766
28.90 3771
28.91 3774
28.92 3782
28.93 3788
28.94 3792
28.95 3798
28.96 3802
28.98 3808
28.99 3815
29.00 3818
29.01 3820
29.02 3825
29.03 3830
29.04 3835
29.05 3837
29.06 3840
29.07 3842
29.08 3842
29.09 3844
29.10 3848
29.11 3849
29.12 3853
29.13 3855
29.14 3859
29.15 3862
29.16 3864
29.17 3866
29.18 3868
29.19 3868
29.20 3869
29.21 3869
29.22 3873
29.23 3876
29.24 3881
29.25 3886
29.26 3892
29.27 3897
29.28 3901
29.29 3901
29.30 3901
29.31 3902
29.32 3905
29.33 3905
29.34 3905
29.35 3907
29.36 3908
29.37 3910
29.38 3910
29.39 3911
29.40 3912
29.42 3912
29.43 3914
29.44 3914
29.45 3915
29.46 3915
29.47 3916
29.48 3916
29.49 3916
29.50 3917
29.51 3917
29.52 3918
29.53 3918
29.54 3919
29.55 3919
29.56 3921
29.57 3922
29.58 3922
29.59 3922
29.60 3922
29.61 3922
29.62 3922
29.63 3923
29.64 3923
29.65 3924
29.66 3924
29.67 3924
29.68 3924
29.69 3925
29.70 3926
29.71 3926
29.72 3926
29.73 3926
29.74 3926
29.75 3927
29.76 3928
29.77 3928
29.78 3928
29.79 3929
29.80 3929
29.81 3930
29.82 3930
29.83 3930
29.85 3930
29.86 3930
29.87 3931
29.88 3931
29.89 3932
29.90 3932
29.91 3933
29.92 3933
29.93 3936
29.94 3937
29.95 3938
29.96 3938
29.97 3941
29.98 3942
29.99 3942
30.00 3942
30.01 3943
30.02 3943
30.03 3944
30.04 3944
30.05 3946
30.06 3949
30.07 3950
30.08 3956
30.09 3959
30.10 3962
30.11 3967
30.12 3972
30.13 3973
30.14 3976
30.15 3980
30.16 3986
30.17 3993
30.18 3998
30.19 4005
30.20 4011
30.21 4015
30.22 4020
30.23 4025
30.24 4029
30.25 4033
30.26 4037
30.27 4039
30.29 4041
30.30 4045
30.31 4046
30.32 4047
30.33 4049
30.34 4049
30.35 4049
30.36 4050
30.37 4050
30.38 4050
30.39 4052
30.40 4052
30.41 4053
30.42 4053
30.43 4057
30.44 4058
30.45 4061
30.46 4061
30.47 4066
30.48 4067
30.49 4069
30.50 4070
30.51 4072
30.52 4074
30.53 4074
30.54 4074
30.55 4075
30.56 4075
30.57 4075
30.58 4075
30.59 4077
30.60 4081
30.61 4085
30.62 4089
30.63 4094
30.64 4096
30.65 4097
30.66 4100
30.67 4107
30.68 4112
30.69 4118
30.70 4122
30.71 4126
30.73 4133
30.74 4137
30.75 4142
30.76 4147
30.77 4154
30.78 4162
30.79 4165
30.80 4165
30.81 4165
30.82 4165
30.83 4165
30.84 4166
30.85 4170
30.86 4175
30.87 4180
30.88 4185
30.89 4185
30.90 4185
30.91 4185
30.92 4185
30.93 4185
30.94 4187
30.95 4187
30.96 4189
30.97 4192
30.98 4194
30.99 4194
31.00 4194
31.01 4196
31.02 4196
31.03 4197
31.04 4197
31.05 4197
31.06 4197
31.07 4199
31.08 4199
31.09 4199
31.10 4199
31.11 4199
31.12 4201
31.13 4201
31.14 4201
31.16 4202
31.17 4204
31.18 4205
31.19 4205
31.20 4206
31.21 4207
31.22 4207
31.23 4209
31.24 4209
31.25 4211
31.26 4211
31.27 4212
31.28 4212
31.29 4212
31.30 4213
31.31 4213
31.32 4214
31.33 4214
31.34 4215
31.35 4215
31.36 4217
31.37 4218
31.38 4218
31.39 4218
31.40 4218
31.41 4218
31.42 4218
31.43 4219
31.44 4219
31.45 4220
31.46 4220
31.47 4220
31.48 4220
31.49 4221
31.50 4222
31.51 4222
31.52 4222
31.53 4222
31.54 4222
31.55 4223
31.56 4227
31.57 4230
31.58 4230
31.60 4231
31.61 4232
31.62 4232
31.63 4232
31.64 4233
31.65 4233
31.66 4234
31.67 4234
31.68 4234
31.69 4234
31.70 4235
31.71 4236
31.72 4237
31.73 4238
31.74 4241
31.75 4241
31.76 4242
31.77 4243
31.78 4244
31.79 4244
31.80 4244
31.81 4244
31.82 4246
31.83 4246
31.84 4248
31.85 4248
31.86 4248
31.87 4249
31.88 4250
31.89 4250
31.90 4252
31.91 4253
31.92 4255
31.93 4255
31.94 4255
31.95 4258
31.96 4258
31.97 4259
31.98 4259
31.99 4263
32.00 4263
32.01 4266
32.03 4266
32.04 4266
32.05 4266
32.06 4266
32.07 4266
32.08 4266
32.09 4266
32.10 4266
32.11 4267
32.12 4267
32.13 4267
32.14 4269
32.15 4269
32.16 4269
32.17 4269
32.18 4269
32.19 4269
32.20 4271
32.21 4272
32.22 4274
32.23 4277
32.24 4277
32.25 4277
32.26 4277
32.27 4277
32.28 4278
32.29 4278
32.30 4278
32.31 4278
32.32 4278
32.33 4278
32.34 4278
32.35 4278
32.36 4278
32.37 4279
32.38 4280
32.39 4280
32.40 4281
32.41 4281
32.42 4282
32.43 4283
32.44 4284
32.45 4285
32.47 4285
32.48 4286
32.49 4286
32.50 4287
32.51 4287
32.52 4287
32.53 4287
32.54 4287
32.55 4288
32.56 4288
32.57 4288
32.58 4288
32.59 4288
32.60 4288
32.61 4289
32.62 4289
32.63 4289
32.64 4289
32.65 4289
32.66 4289
32.67 4289
32.68 4290
32.69 4290
32.70 4291
32.71 4291
32.72 4292
32.73 4292
32.74 4293
32.75 4293
32.76 4294
32.77 4294
32.78 4294
32.79 4294
32.80 4295
32.81 4295
32.82 4295
32.83 4297
32.84 4297
32.85 4298
32.86 4298
32.87 4299
32.88 4299
32.90 4299
32.91 4300
32.92 4300
32.93 4300
32.94 4301
32.95 4301
32.96 4302
32.97 4302
32.98 4302
32.99 4304
33.00 4306
33.01 4306
33.02 4308
33.03 4309
33.04 4309
33.05 4309
33.06 4310
33.07 4311
33.08 4311
33.09 4311
33.10 4311
33.11 4312
33.12 4313
33.13 4313
33.14 4313
33.15 4313
33.16 4313
33.17 4313
33.18 4313
33.19 4317
33.20 4319
33.21 4319
33.22 4322
33.23 4322
33.24 4325
33.25 4325
33.26 4325
33.27 4325
33.28 4325
33.29 4325
33.30 4325
33.31 4325
33.32 4325
33.34 4326
33.35 4326
33.36 4326
33.37 4326
33.38 4328
33.39 4328
33.40 4328
33.41 4328
33.42 4328
33.43 4329
33.44 4330
33.45 4331
33.46 4334
33.47 4336
33.48 4336
33.49 4336
33.50 4336
33.51 4338
33.52 4338
33.53 4338
33.54 4338
33.55 4338
33.56 4339
33.57 4340
33.58 4340
33.59 4340
33.60 4340
33.61 4341
33.62 4342
33.63 4342
33.64 4343
33.65 4344
33.66 4345
33.67 4345
33.68 4347
33.69 4347
33.70 4347
33.71 4349
33.72 4349
33.73 4351
33.74 4351
33.75 4351
33.77 4352
33.78 4352
33.79 4353
33.80 4353
33.81 4353
33.82 4353
33.83 4355
33.84 4355
33.85 4356
33.86 4357
33.87 4357
33.88 4357
33.89 4357
33.90 4357
33.91 4357
33.92 4357
33.93 4358
33.94 4358
33.95 4359
33.96 4360
33.97 4360
33.98 4360
33.99 4361
34.00 4361
34.01 4362
34.02 4362
34.03 4362
34.04 4362
34.05 4363
34.06 4363
34.07 4363
34.08 4364
34.09 4364
34.10 4365
34.11 4365
34.12 4365
34.13 4366
34.14 4366
34.15 4366
34.16 4366
34.17 4367
34.18 4367
34.19 4369
34.21 4369
34.22 4370
34.23 4371
34.24 4374
34.25 4374
34.26 4374
34.27 4376
34.28 4376
34.29 4376
34.30 4377
34.31 4377
34.32 4378
34.33 4378
34.34 4378
34.35 4378
34.36 4379
34.37 4380
34.38 4380
34.39 4380
34.40 4380
34.41 4380
34.42 4380
34.43 4382
34.44 4383
34.45 4384
34.46 4384
34.47 4387
34.48 4390
34.49 4392
34.50 4392
34.51 4397
34.52 4399
34.53 4400
34.54 4400
34.55 4400
34.56 4401
34.57 4401
34.58 4406
34.59 4411
34.60 4415
34.61 4420
34.62 4424
34.63 4424
34.65 4424
34.66 4426
34.67 4426
34.68 4426
34.69 4426
34.70 4426
34.71 4427
34.72 4428
34.73 4430
34.74 4430
34.75 4434
34.76 4436
34.77 4437
34.78 4440
34.79 4441
34.80 4441
34.81 4441
34.82 4442
34.83 4442
34.84 4443
34.85 4443
34.86 4443
34.87 4443
34.88 4443
34.89 4443
34.90 4443
34.91 4443
34.92 4443
34.93 4445
34.94 4445
34.95 4445
34.96 4446
34.97 4447
34.98 4448
34.99 4449
35.00 4450
35.01 4450
35.02 4450
35.03 4451
35.04 4451
35.05 4452
35.06 4452
35.08 4452
35.09 4452
35.10 4452
35.11 4452
35.12 4453
35.13 4453
35.14 4453
35.15 4453
35.16 4453
35.17 4454
35.18 4455
35.19 4455
35.20 4455
35.21 4455
35.22 4455
35.23 4455
35.24 4456
35.25 4456
35.26 4456
35.27 4457
35.28 4457
35.29 4458
35.30 4459
35.31 4459
35.32 4460
35.33 4460
35.34 4460
35.35 4460
35.36 4461
35.37 4461
35.38 4461
35.39 4462
35.40 4463
35.41 4464
35.42 4464
35.43 4464
35.44 4464
35.45 4464
35.46 4465
35.47 4465
35.48 4466
35.49 4466
35.50 4466
35.52 4467
35.53 4469
35.54 4469
35.55 4471
35.56 4471
35.57 4471
35.58 4474
35.59 4475
35.60 4475
35.61 4475
35.62 4476
35.63 4476
35.64 4477
35.65 4477
35.66 4477
35.67 4477
35.68 4477
35.69 4477
35.70 4478
35.71 4479
35.72 4479
35.73 4482
35.74 4483
35.75 4483
35.76 4483
35.77 4486
35.78 4486
35.79 4487
35.80 4489
35.81 4490
35.82 4491
35.83 4493
35.84 4493
35.85 4493
35.86 4493
35.87 4493
35.88 4493
35.89 4493
35.90 4493
35.91 4494
35.92 4495
35.93 4495
35.95 4495
35.96 4496
35.97 4496
35.98 4496
35.99 4496
36.00 4496
36.01 4499
36.02 4499
36.03 4500
36.04 4503
36.05 4506
36.06 4506
36.07 4506
36.08 4506
36.09 4506
36.10 4507
36.11 4507
36.12 4507
36.13 4507
36.14 4507
36.15 4507
36.16 4507
36.17 4507
36.18 4507
36.19 4509
36.20 4509
36.21 4510
36.22 4510
36.23 4511
36.24 4512
36.25 4513
36.26 4514
36.27 4514
36.28 4514
36.29 4516
36.30 4516
36.31 4517
36.32 4517
36.33 4517
36.34 4517
36.35 4518
36.36 4518
36.37 4518
36.39 4518
36.40 4518
36.41 4518
36.42 4518
36.43 4519
36.44 4520
36.45 4520
36.46 4520
36.47 4520
36.48 4520
36.49 4520
36.50 4521
36.51 4521
36.52 4522
36.53 4522
36.54 4522
36.55 4523
36.56 4524
36.57 4524
36.58 4525
36.59 4525
36.60 4525
36.61 4526
36.62 4526
36.63 4526
36.64 4527
36.65 4528
36.66 4529
36.67 4530
36.68 4530
36.69 4530
36.70 4530
36.71 4530
36.72 4531
36.73 4531
36.74 4532
36.75 4532
36.76 4532
36.77 4534
36.78 4535
36.79 4535
36.80 4537
36.82 4538
36.83 4538
36.84 4540
36.85 4541
36.86 4541
36.87 4541
36.88 4542
36.89 4542
36.90 4542
36.91 4542
36.92 4543
36.93 4543
36.94 4544
36.95 4544
36.96 4545
36.97 4545
36.98 4545
36.99 4545
37.00 4546
37.01 4548
37.02 4548
37.03 4548
37.04 4552
37.05 4553
37.06 4556
37.07 4556
37.08 4560
37.09 4562
37.10 4564
37.11 4564
37.12 4569
37.13 4570
37.14 4570
37.15 4570
37.16 4571
37.17 4571
37.18 4571
37.19 4573
37.20 4574
37.21 4574
37.22 4574
37.23 4575
37.24 4576
37.26 4576
37.27 4577
37.28 4581
37.29 4581
37.30 4581
37.31 4581
37.32 4583
37.33 4583
37.34 4583
37.35 4583
37.36 4583
37.37 4583
37.38 4584
37.39 4584
37.40 4584
37.41 4584
37.42 4586
37.43 4587
37.44 4587
37.45 4587
37.46 4588
37.47 4589
37.48 4590
37.49 4591
37.50 4592
37.51 4592
37.52 4593
37.53 4593
37.54 4594
37.55 4594
37.56 4594
37.57 4595
37.58 4595
37.59 4596
37.60 4596
37.61 4596
37.62 4596
37.63 4596
37.64 4596
37.65 4597
37.66 4597
37.67 4597
37.68 4597
37.70 4597
37.71 4597
37.72 4597
37.73 4597
37.74 4599
37.75 4599
37.76 4600
37.77 4600
37.78 4600
37.79 4601
37.80 4602
37.81 4602
37.82 4602
37.83 4602
37.84 4602
37.85 4603
37.86 4604
37.87 4604
37.88 4605
37.89 4606
37.90 4606
37.91 4607
37.92 4607
37.93 4607
37.94 4607
37.95 4607
37.96 4608
37.97 4608
37.98 4609
37.99 4609
38.00 4611
38.01 4611
38.02 4613
38.03 4613
38.04 4616
38.05 4616
38.06 4617
38.07 4619
38.08 4620
38.09 4620
38.10 4620
38.11 4621
38.13 4622
38.14 4622
38.15 4624
38.16 4628
38.17 4634
38.18 4639
38.19 4641
38.20 4642
38.21 4643
38.22 4643
38.23 4644
38.24 4644
38.25 4644
38.26 4644
38.27 4644
38.28 4644
38.29 4648
38.30 4649
38.31 4649
38.32 4652
38.33 4652
38.34 4655
38.35 4656
38.36 4656
38.37 4656
38.38 4656
38.39 4656
38.40 4657
38.41 4657
38.42 4657
38.43 4660
38.44 4665
38.45 4671
38.46 4675
38.47 4677
38.48 4677
38.49 4678
38.50 4678
38.51 4678
38.52 4678
38.53 4678
38.54 4678
38.55 4680
38.57 4682
38.58 4685
38.59 4688
38.60 4688
38.61 4688
38.62 4688
38.63 4688
38.64 4689
38.65 4689
38.66 4689
38.67 4689
38.68 4689
38.69 4689
38.70 4689
38.71 4689
38.72 4689
38.73 4690
38.74 4690
38.75 4690
38.76 4691
38.77 4693
38.78 4694
38.79 4694
38.80 4695
38.81 4695
38.82 4695
38.83 4697
38.84 4697
38.85 4698
38.86 4698
38.87 4699
38.88 4699
38.89 4699
38.90 4699
38.91 4699
38.92 4699
38.93 4699
38.94 4700
38.95 4700
38.96 4701
38.97 4701
38.98 4701
39.00 4701
39.01 4701
39.02 4701
39.03 4701
39.04 4702
39.05 4702
39.06 4703
39.07 4703
39.08 4704
39.09 4704
39.10 4704
39.11 4705
39.12 4705
39.13 4705
39.14 4705
39.15 4705
39.16 4706
39.17 4707
39.18 4707
39.19 4708
39.20 4709
39.21 4709
39.22 4710
39.23 4711
39.24 4711
39.25 4711
39.26 4711
39.27 4711
39.28 4711
39.29 4713
39.30 4713
39.31 4715
39.32 4715
39.33 4716
39.34 4718
39.35 4718
39.36 4718
39.37 4720
39.38 4721
39.39 4722
39.40 4722
39.41 4723
39.42 4723
39.44 4724
39.45 4724
39.46 4724
39.47 4724
39.48 4725
39.49 4725
39.50 4725
39.51 4725
39.52 4725
39.53 4725
39.54 4725
39.55 4727
39.56 4727
39.57 4728
39.58 4730
39.59 4731
39.60 4734
39.61 4735
39.62 4735
39.63 4745
39.64 4748
39.65 4750
39.66 4750
39.67 4751
39.68 4751
39.69 4751
39.70 4751
39.71 4751
39.72 4752
39.73 4753
39.74 4753
39.75 4753
39.76 4756
39.77 4762
39.78 4766
39.79 4770
39.80 4774
39.81 4785
39.82 4788
39.83 4791
39.84 4791
39.85 4791
39.87 4798
39.88 4798
39.89 4798
39.90 4798
39.91 4798
39.92 4799
39.93 4801
39.94 4802
39.95 4804
39.96 4807
39.97 4807
39.98 4807
39.99 4808
40.00 4808
40.01 4809
40.02 4809
40.03 4809
40.04 4809
40.05 4809
40.06 4809
40.07 4809
40.08 4809
40.09 4809
40.10 4810
40.11 4811
40.12 4811
40.13 4812
40.14 4813
40.15 4814
40.16 4814
40.17 4815
40.18 4816
40.19 4816
40.20 4817
40.21 4817
40.22 4819
40.23 4819
40.24 4824
40.25 4824
40.26 4825
40.27 4825
40.28 4826
40.29 4826
40.31 4826
40.32 4826
40.33 4826
40.34 4827
40.35 4827
40.36 4828
40.37 4829
40.38 4829
40.39 4829
40.40 4829
40.41 4829
40.42 4836
40.43 4839
40.44 4840
40.45 4840
40.46 4841
40.47 4841
40.48 4842
40.49 4842
40.50 4842
40.51 4843
40.52 4844
40.53 4844
40.54 4844
40.55 4844
40.56 4844
40.57 4845
40.58 4845
40.59 4846
40.60 4846
40.61 4847
40.62 4847
40.63 4847
40.64 4847
40.65 4848
40.66 4848
40.67 4849
40.68 4849
40.69 4850
40.70 4850
40.71 4852
40.72 4852
40.73 4854
40.75 4855
40.76 4857
40.77 4857
40.78 4858
40.79 4859
40.80 4860
40.81 4860
40.82 4861
40.83 4861
40.84 4862
40.85 4862
40.86 4862
40.87 4862
40.88 4863
40.89 4864
40.90 4864
40.91 4864
40.92 4864
40.93 4864
40.94 4864
40.95 4868
40.96 4868
40.97 4868
40.98 4870
40.99 4871
41.00 4873
41.01 4874
41.02 4874
41.03 4875
41.04 4875
41.05 4875
41.06 4875
41.07 4875
41.08 4875
41.09 4875
41.10 4875
41.11 4875
41.12 4875
41.13 4876
41.14 4876
41.15 4876
41.16 4876
41.18 4876
41.19 4879
41.20 4879
41.21 4881
41.22 4883
41.23 4885
41.24 4885
41.25 4885
41.26 4887
41.27 4887
41.28 4887
41.29 4887
41.30 4887
41.31 4887
41.32 4887
41.33 4887
41.34 4887
41.35 4887
41.36 4888
41.37 4889
41.38 4889
41.39 4891
41.40 4891
41.41 4892
41.42 4892
41.43 4894
41.44 4894
41.45 4895
41.46 4895
41.47 4896
41.48 4896
41.49 4896
41.50 4896
41.51 4897
41.52 4897
41.53 4898
41.54 4898
41.55 4898
41.56 4898
41.57 4898
41.58 4898
41.59 4898
41.60 4898
41.62 4899
41.63 4899
41.64 4899
41.65 4899
41.66 4899
41.67 4899
41.68 4900
41.69 4900
41.70 4900
41.71 4900
41.72 4901
41.73 4901
41.74 4902
41.75 4902
41.76 4903
41.77 4903
41.78 4903
41.79 4903
41.80 4904
41.81 4904
41.82 4904
41.83 4905
41.84 4906
41.85 4907
41.86 4908
41.87 4908
41.88 4908
41.89 4908
41.90 4909
41.91 4909
41.92 4909
41.93 4909
41.94 4909
41.95 4911
41.96 4912
41.97 4912
41.98 4914
41.99 4915
42.00 4915
42.01 4916
42.02 4918
42.03 4918
42.05 4918
42.06 4918
42.07 4919
42.08 4920
42.09 4920
42.10 4920
42.11 4921
42.12 4921
42.13 4921
42.14 4921
42.15 4921
42.16 4921
42.17 4921
42.18 4921
42.19 4924
42.20 4924
42.21 4924
42.22 4927
42.23 4927
42.24 4931
42.25 4931
42.26 4939
42.27 4943
42.28 4945
42.29 4947
42.30 4947
42.31 4947
42.32 4947
42.33 4948
42.34 4954
42.35 4958
42.36 4963
42.37 4968
42.38 4973
42.39 4976
42.40 4979
42.41 4983
42.42 4985
42.43 4993
42.44 4997
42.45 5003
42.46 5005
42.47 5013
42.49 5020
42.50 5023
42.51 5023
42.52 5028
42.53 5035
42.54 5039
42.55 5042
42.56 5045
42.57 5051
42.58 5053
42.59 5054
42.60 5054
42.61 5054
42.62 5054
42.63 5054
42.64 5056
42.65 5056
42.66 5058
42.67 5060
42.68 5062
42.69 5062
42.70 5062
42.71 5064
42.72 5064
42.73 5064
42.74 5064
42.75 5064
42.76 5064
42.77 5064
42.78 5064
42.79 5064
42.80 5064
42.81 5065
42.82 5066
42.83 5066
42.84 5067
42.85 5068
42.86 5069
42.87 5069
42.88 5072
42.89 5073
42.90 5073
42.92 5073
42.93 5075
42.94 5075
42.95 5076
42.96 5076
42.97 5076
42.98 5076
42.99 5077
43.00 5077
43.01 5077
43.02 5077
43.03 5077
43.04 5077
43.05 5077
43.06 5077
43.07 5078
43.08 5078
43.09 5079
43.10 5079
43.11 5079
43.12 5079
43.13 5079
43.14 5079
43.15 5080
43.16 5080
43.17 5080
43.18 5081
43.19 5081
43.20 5081
43.21 5082
43.22 5082
43.23 5083
43.24 5083
43.25 5083
43.26 5084
43.27 5085
43.28 5085
43.29 5086
43.30 5086
43.31 5087
43.32 5088
43.33 5088
43.34 5088
43.36 5089
43.37 5089
43.38 5089
43.39 5089
43.40 5090
43.41 5090
43.42 5092
43.43 5092
43.44 5093
43.45 5093
43.46 5096
43.47 5096
43.48 5096
43.49 5099
43.50 5100
43.51 5100
43.52 5100
43.53 5101
43.54 5102
43.55 5102
43.56 5102
43.57 5102
43.58 5102
43.59 5105
43.60 5111
43.61 5115
43.62 5117
43.63 5117
43.64 5117
43.65 5117
43.66 5117
43.67 5117
43.68 5121
43.69 5123
43.70 5124
43.71 5124
43.72 5127
43.73 5128
43.74 5130
43.75 5130
43.76 5134
43.77 5135
43.78 5137
43.80 5138
43.81 5144
43.82 5144
43.83 5144
43.84 5147
43.85 5150
43.86 5151
43.87 5152
43.88 5152
43.89 5152
43.90 5152
43.91 5152
43.92 5153
43.93 5154
43.94 5156
43.95 5158
43.96 5161
43.97 5161
43.98 5161
43.99 5164
44.00 5165
44.01 5165
44.02 5165
44.03 5165
44.04 5165
44.05 5165
44.06 5165
44.07 5165
44.08 5165
44.09 5165
44.10 5167
44.11 5168
44.12 5168
44.13 5170
44.14 5171
44.15 5172
44.16 5172
44.17 5173
44.18 5173
44.19 5174
44.20 5174
44.21 5174
44.23 5175
44.24 5175
44.25 5175
44.26 5175
44.27 5176
44.28 5176
44.29 5176
44.30 5176
44.31 5176
44.32 5176
44.33 5176
44.34 5176
44.35 5176
44.36 5178
44.37 5179
44.38 5179
44.39 5179
44.40 5179
44.41 5179
44.42 5179
44.43 5180
44.44 5180
44.45 5181
44.46 5181
44.47 5182
44.48 5183
44.49 5184
44.50 5184
44.51 5184
44.52 5184
44.53 5184
44.54 5185
44.55 5185
44.56 5185
44.57 5186
44.58 5187
44.59 5188
44.60 5188
44.61 5188
44.62 5188
44.63 5188
44.64 5188
44.65 5189
44.67 5189
44.68 5189
44.69 5190
44.70 5190
44.71 5192
44.72 5192
44.73 5194
44.74 5195
44.75 5196
44.76 5196
44.77 5198
44.78 5200
44.79 5200
44.80 5200
44.81 5202
44.82 5202
44.83 5203
44.84 5203
44.85 5203
44.86 5203
44.87 5203
44.88 5204
44.89 5204
44.90 5206
44.91 5206
44.92 5206
44.93 5208
44.94 5209
44.95 5209
44.96 5209
44.97 5212
44.98 5214
44.99 5217
45.00 5217
45.01 5222
45.02 5222
45.03 5224
45.04 5225
45.05 5229
45.06 5229
45.07 5229
45.08 5230
45.10 5230
45.11 5230
45.12 5230
45.13 5231
45.14 5231
45.15 5231
45.16 5231
45.17 5231
45.18 5231
45.19 5233
45.20 5233
45.21 5234
45.22 5237
45.23 5240
45.24 5240
45.25 5240
45.26 5240
45.27 5240
45.28 5241
45.29 5241
45.30 5241
45.31 5241
45.32 5241
45.33 5241
45.34 5241
45.35 5241
45.36 5241
45.37 5242
45.38 5242
45.39 5243
45.40 5244
45.41 5244
45.42 5244
45.43 5245
45.44 5246
45.45 5246
45.46 5247
45.47 5248
45.48 5248
45.49 5248
45.50 5248
45.51 5248
45.52 5248
45.54 5248
45.55 5248
45.56 5248
45.57 5248
45.58 5248
45.59 5248
45.60 5248
45.61 5249
45.62 5249
45.63 5249
45.64 5249
45.65 5249
45.66 5249
45.67 5249
45.68 5249
45.69 5251
45.70 5251
45.71 5251
45.72 5251
45.73 5252
45.74 5252
45.75 5253
45.76 5254
45.77 5254
45.78 5254
45.79 5254
45.80 5254
45.81 5255
45.82 5256
45.83 5257
45.84 5257
45.85 5258
45.86 5259
45.87 5260
45.88 5260
45.89 5260
45.90 5260
45.91 5260
45.92 5262
45.93 5262
45.94 5263
45.95 5263
45.97 5265
45.98 5265
45.99 5265
46.00 5267
46.01 5268
46.02 5268
46.03 5270
46.04 5271
46.05 5272
46.06 5272
46.07 5274
46.08 5274
46.09 5275
46.10 5275
46.11 5277
46.12 5278
46.13 5284
46.14 5288
46.15 5290
46.16 5292
46.17 5296
46.18 5299
46.19 5302
46.20 5306
46.21 5311
46.22 5316
46.23 5322
46.24 5327
46.25 5327
46.26 5328
46.27 5328
46.28 5328
46.29 5328
46.30 5329
46.31 5329
46.32 5329
46.33 5329
46.34 5331
46.35 5332
46.36 5332
46.37 5335
46.38 5335
46.39 5336
46.41 5337
46.42 5337
46.43 5337
46.44 5337
46.45 5337
46.46 5337
46.47 5337
46.48 5338
46.49 5339
46.50 5339
46.51 5339
46.52 5341
46.53 5341
46.54 5341
46.55 5341
46.56 5341
46.57 5343
46.58 5344
46.59 5345
46.60 5349
46.61 5352
46.62 5352
46.63 5352
46.64 5352
46.65 5352
46.66 5353
46.67 5353
46.68 5353
46.69 5353
46.70 5353
46.71 5353
46.72 5353
46.73 5353
46.74 5353
46.75 5354
46.76 5354
46.77 5356
46.78 5356
46.79 5357
46.80 5358
46.81 5359
46.82 5360
46.84 5360
46.85 5360
46.86 5361
46.87 5362
46.88 5363
46.89 5363
46.90 5366
46.91 5367
46.92 5368
46.93 5368
46.94 5369
46.95 5369
46.96 5370
46.97 5370
46.98 5371
46.99 5372
47.00 5372
47.01 5372
47.02 5372
47.03 5372
47.04 5373
47.05 5374
47.06 5374
47.07 5375
47.08 5375
47.09 5376
47.10 5377
47.11 5378
47.12 5378
47.13 5378
47.14 5378
47.15 5379
47.16 5379
47.17 5380
47.18 5380
47.19 5381
47.20 5381
47.21 5382
47.22 5384
47.23 5385
47.24 5385
47.25 5387
47.26 5388
47.28 5389
47.29 5389
47.30 5390
47.31 5390
47.32 5391
47.33 5391
47.34 5391
47.35 5391
47.36 5393
47.37 5393
47.38 5393
47.39 5393
47.40 5394
47.41 5394
47.42 5394
47.43 5398
47.44 5399
47.45 5399
47.46 5402
47.47 5402
47.48 5405
47.49 5405
47.50 5405
47.51 5405
47.52 5406
47.53 5406
47.54 5406
47.55 5406
47.56 5406
47.57 5406
47.58 5406
47.59 5406
47.60 5408
47.61 5409
47.62 5409
47.63 5409
47.64 5410
47.65 5414
47.66 5418
47.67 5423
47.68 5426
47.69 5431
47.70 5433
47.72 5433
47.73 5433
47.74 5433
47.75 5433
47.76 5434
47.77 5435
47.78 5436
47.79 5440
47.80 5442
47.81 5442
47.82 5442
47.83 5443
47.84 5443
47.85 5443
47.86 5443
47.87 5443
47.88 5443
47.89 5443
47.90 5443
47.91 5443
47.92 5443
47.93 5443
47.94 5445
47.95 5445
47.96 5446
47.97 5447
47.98 5448
47.99 5449
48.00 5449
48.01 5450
48.02 5451
48.03 5451
48.04 5452
48.05 5452
48.06 5454
48.07 5454
48.08 5454
48.09 5454
48.10 5455
48.11 5455
48.12 5455
48.13 5455
48.15 5456
48.16 5456
48.17 5456
48.18 5457
48.19 5457
48.20 5457
48.21 5459
48.22 5459
48.23 5459
48.24 5459
48.25 5459
48.26 5459
48.27 5460
48.28 5460
48.29 5461
48.30 5461
48.31 5461
48.32 5462
48.33 5462
48.34 5462
48.35 5463
48.36 5463
48.37 5463
48.38 5464
48.39 5464
48.40 5464
48.41 5464
48.42 5464
48.43 5466
48.44 5466
48.45 5466
48.46 5466
48.47 5466
48.48 5467
48.49 5468
48.50 5468
48.51 5469
48.52 5469
48.53 5469
48.54 5471
48.55 5472
48.56 5472
48.57 5474
48.59 5475
48.60 5475
48.61 5478
48.62 5478
48.63 5478
48.64 5478
48.65 5479
48.66 5480
48.67 5480
48.68 5480
48.69 5482
48.70 5484
48.71 5486
48.72 5487
48.73 5488
48.74 5488
48.75 5488
48.76 5489
48.77 5489
48.78 5489
48.79 5489
48.80 5490
48.81 5494
48.82 5494
48.83 5495
48.84 5496
48.85 5497
48.86 5499
48.87 5499
48.88 5499
48.89 5500
48.90 5500
48.91 5500
48.92 5500
48.93 5500
48.94 5500
48.95 5500
48.96 5502
48.97 5502
48.98 5502
48.99 5503
49.00 5503
49.02 5503
49.03 5503
49.04 5503
49.05 5503
49.06 5504
49.07 5505
49.08 5506
49.09 5509
49.10 5511
49.11 5511
49.12 5511
49.13 5512
49.14 5512
49.15 5512
49.16 5512
49.17 5512
49.18 5512
49.19 5512
49.20 5512
49.21 5512
49.22 5512
49.23 5512
49.24 5513
49.25 5513
49.26 5514
49.27 5515
49.28 5515
49.29 5516
49.30 5517
49.31 5518
49.32 5518
49.33 5518
49.34 5519
49.35 5519
49.36 5520
49.37 5520
49.38 5520
49.39 5521
49.40 5521
49.41 5521
49.42 5521
49.43 5521
49.44 5521
49.46 5521
49.47 5521
49.48 5521
49.49 5522
49.50 5522
49.51 5522
49.52 5522
49.53 5522
49.54 5522
49.55 5522
49.56 5523
49.57 5523
49.58 5523
49.59 5523
49.60 5524
49.61 5524
49.62 5525
49.63 5525
49.64 5527
49.65 5527
49.66 5527
49.67 5527
49.68 5527
49.69 5527
49.70 5528
49.71 5529
49.72 5529
49.73 5529
49.74 5531
49.75 5531
49.76 5531
49.77 5532
49.78 5532
49.79 5532
49.80 5532
49.81 5534
49.82 5534
49.83 5535
49.84 5535
49.85 5536
49.86 5537
49.87 5538
49.89 5538
49.90 5539
49.91 5541
49.92 5541
49.93 5541
49.94 5542
49.95 5542
49.96 5544
49.97 5544
49.98 5544
49.99 5544
50.00 5546
50.01 5546
50.02 5547
50.03 5547
50.04 5547
50.05 5547
50.06 5547
50.07 5550
50.08 5552
50.09 5553
50.10 5553
50.11 5556
50.12 5556
50.13 5560
50.14 5560
50.15 5561
50.16 5563
50.17 5566
50.18 5566
50.19 5568
50.20 5576
50.21 5580
50.22 5580
50.23 5580
50.24 5580
50.25 5581
50.26 5581
50.27 5581
50.28 5583
50.29 5583
50.30 5584
50.31 5584
50.33 5585
50.34 5589
50.35 5593
50.36 5597
50.37 5601
50.38 5604
50.39 5611
50.40 5619
50.41 5623
50.42 5627
50.43 5630
50.44 5636
50.45 5638
50.46 5640
50.47 5643
50.48 5649
50.49 5654
50.50 5656
50.51 5658
50.52 5661
50.53 5663
50.54 5668
50.55 5671
50.56 5678
50.57 5683
50.58 5686
50.59 5691
50.60 5695
50.61 5704
50.62 5708
50.63 5713
50.64 5720
50.65 5724
50.66 5730
50.67 5736
50.68 5740
50.69 5746
50.70 5749
50.71 5753
50.72 5759
50.73 5766
50.74 5769
50.75 5771
50.77 5771
50.78 5771
50.79 5771
50.80 5771
50.81 5771
50.82 5773
50.83 5773
50.84 5775
50.85 5777
50.86 5780
50.87 5780
50.88 5780
50.89 5781
50.90 5781
50.91 5782
50.92 5782
50.93 5782
50.94 5782
50.95 5782
50.96 5782
50.97 5782
50.98 5782
50.99 5783
51.00 5785
51.01 5785
51.02 5786
51.03 5787
51.04 5787
51.05 5788
51.06 5789
51.07 5790
51.08 5790
51.09 5790
51.10 5791
51.11 5792
51.12 5793
51.13 5793
51.14 5793
51.15 5793
51.16 5793
51.17 5793
51.18 5794
51.20 5794
51.21 5794
51.22 5794
51.23 5795
51.24 5795
51.25 5796
51.26 5796
51.27 5797
51.28 5797
51.29 5797
51.30 5797
51.31 5797
51.32 5797
51.33 5798
51.34 5798
51.35 5798
51.36 5799
51.37 5799
51.38 5800
51.39 5801
51.40 5801
51.41 5802
51.42 5802
51.43 5802
51.44 5802
51.45 5802
51.46 5802
51.47 5803
51.48 5803
51.49 5804
51.50 5805
51.51 5805
51.52 5805
51.53 5805
51.54 5805
51.55 5806
51.56 5806
51.57 5807
51.58 5807
51.59 5809
51.60 5809
51.61 5810
51.62 5811
51.64 5813
51.65 5813
51.66 5813
51.67 5815
51.68 5816
51.69 5816
51.70 5816
51.71 5817
51.72 5818
51.73 5818
51.74 5818
51.75 5818
51.76 5819
51.77 5819
51.78 5819
51.79 5820
51.80 5822
51.81 5822
51.82 5822
51.83 5823
51.84 5826
51.85 5826
51.86 5826
51.87 5829
51.88 5829
51.89 5832
51.90 5832
51.91 5832
51.92 5832
51.93 5832
51.94 5832
51.95 5832
51.96 5832
51.97 5832
51.98 5834
51.99 5834
52.00 5834
52.01 5836
52.02 5836
52.03 5836
52.04 5836
52.05 5836
52.07 5836
52.08 5838
52.09 5838
52.10 5840
52.11 5843
52.12 5845
52.13 5845
52.14 5845
52.15 5845
52.16 5845
52.17 5846
52.18 5846
52.19 5846
52.20 5846
52.21 5846
52.22 5846
52.23 5846
52.24 5846
52.25 5847
52.26 5848
52.27 5848
52.28 5849
52.29 5850
52.30 5850
52.31 5851
52.32 5852
52.33 5853
52.34 5853
52.35 5854
52.36 5854
52.37 5855
52.38 5856
52.39 5856
52.40 5856
52.41 5856
52.42 5856
52.43 5856
52.44 5856
52.45 5856
52.46 5856
52.47 5856
52.48 5857
52.49 5857
52.51 5859
52.52 5860
52.53 5860
52.54 5860
52.55 5860
52.56 5860
52.57 5860
52.58 5861
52.59 5861
52.60 5862
52.61 5862
52.62 5863
52.63 5863
52.64 5863
52.65 5864
52.66 5865
52.67 5865
52.68 5865
52.69 5865
52.70 5866
52.71 5866
52.72 5867
52.73 5867
52.74 5868
52.75 5868
52.76 5868
52.77 5868
52.78 5869
52.79 5869
52.80 5870
52.81 5871
52.82 5871
52.83 5872
52.84 5872
52.85 5873
52.86 5873
52.87 5876
52.88 5877
52.89 5879
52.90 5879
52.91 5880
52.92 5882
52.94 5882
52.95 5882
52.96 5883
52.97 5883
52.98 5883
52.99 5884
53.00 5884
53.01 5884
53.02 5884
53.03 5884
53.04 5885
53.05 5886
53.06 5886
53.07 5886
53.08 5886
53.09 5887
53.10 5888
53.11 5888
53.12 5891
53.13 5891
53.14 5894
53.15 5894
53.16 5897
53.17 5901
53.18 5903
53.19 5903
53.20 5904
53.21 5904
53.22 5904
53.23 5905
53.24 5907
53.25 5912
53.26 5916
53.27 5921
53.28 5922
53.29 5922
53.30 5926
53.31 5929
53.32 5933
53.33 5933
53.34 5933
53.35 5933
53.36 5939
53.38 5945
53.39 5952
53.40 5955
53.41 5962
53.42 5969
53.43 5974
53.44 5980
53.45 5989
53.46 5993
53.47 6001
53.48 6007
53.49 6012
53.50 6017
53.51 6023
53.52 6027
53.53 6033
53.54 6039
53.55 6044
53.56 6049
53.57 6052
53.58 6058
53.59 6062
53.60 6066
53.61 6070
53.62 6073
53.63 6080
53.64 6084
53.65 6093
53.66 6099
53.67 6102
53.68 6107
53.69 6110
53.70 6115
53.71 6121
53.72 6126
53.73 6130
53.74 6135
53.75 6137
53.76 6141
53.77 6148
53.78 6153
53.79 6156
53.80 6158
53.82 6163
53.83 6165
53.84 6171
53.85 6175
53.86 6179
53.87 6180
53.88 6180
53.89 6180
53.90 6180
53.91 6181
53.92 6183
53.93 6185
53.94 6187
53.95 6190
53.96 6190
53.97 6190
53.98 6190
53.99 6192
54.00 6192
54.01 6192
54.02 6193
54.03 6194
54.04 6194
54.05 6195
54.06 6195
54.07 6195
54.08 6197
54.09 6201
54.10 6206
54.11 6212
54.12 6214
54.13 6219
54.14 6224
54.15 6227
54.16 6232
54.17 6234
54.18 6239
54.19 6243
54.20 6246
54.21 6252
54.22 6255
54.23 6256
54.25 6256
54.26 6257
54.27 6259
54.28 6260
54.29 6260
54.30 6261
54.31 6262
54.32 6263
54.33 6263
54.34 6265
54.35 6265
54.36 6265
54.37 6267
54.38 6267
54.39 6268
54.40 6268
54.41 6268
54.42 6268
54.43 6269
54.44 6269
54.45 6269
54.46 6270
54.47 6270
54.48 6270
54.49 6270
54.50 6271
54.51 6271
54.52 6272
54.53 6274
54.54 6274
54.55 6274
54.56 6274
54.57 6274
54.58 6274
54.59 6274
54.60 6274
54.61 6275
54.62 6275
54.63 6276
54.64 6276
54.65 6276
54.66 6277
54.67 6278
54.69 6278
54.70 6278
54.71 6278
54.72 6278
54.73 6279
54.74 6279
54.75 6280
54.76 6280
54.77 6281
54.78 6282
54.79 6282
54.80 6282
54.81 6282
54.82 6282
54.83 6283
54.84 6283
54.85 6283
54.86 6283
54.87 6285
54.88 6285
54.89 6287
54.90 6288
54.91 6291
54.92 6291
54.93 6292
54.94 6293
54.95 6293
54.96 6293
54.97 6294
54.98 6294
54.99 6295
55.00 6295
55.01 6297
55.02 6298
55.03 6298
55.04 6298
55.05 6298
55.06 6298
55.07 6298
55.08 6298
55.09 6298
55.10 6298
55.12 6298
55.13 6298
55.14 6298
55.15 6298
55.16 6298
55.17 6298
55.18 6298
55.19 6298
55.20 6298
55.21 6298
55.22 6298
55.23 6298
55.24 6298
55.25 6298
55.26 6298
55.27 6298
55.28 6298
55.29 6298
55.30 6299
55.31 6299
55.32 6299
55.33 6299
55.34 6299
55.35 6299
55.36 6299
55.37 6299
55.38 6299
55.39 6303
55.40 6303
55.41 6303
55.42 6303
55.43 6303
55.44 6303
55.45 6303
55.46 6303
55.47 6303
55.48 6303
55.49 6303
55.50 6303
55.51 6303
55.52 6306
55.53 6310
55.54 6311
55.56 6316
55.57 6323
55.58 6327
55.59 6330
55.60 6336
55.61 6341
55.62 6344
55.63 6347
55.64 6349
55.65 6357
55.66 6364
55.67 6370
55.68 6375
55.69 6380
55.70 6384
55.71 6389
55.72 6393
55.73 6399
55.74 6401
55.75 6401
55.76 6401
55.77 6402
55.78 6402
55.79 6403
55.80 6406
55.81 6413
55.82 6416
55.83 6417
55.84 6420
55.85 6421
55.86 6421
55.87 6421
55.88 6421
55.89 6425
55.90 6425
55.91 6425
55.92 6428
55.93 6428
55.94 6431
55.95 6432
55.96 6434
55.97 6438
55.99 6438
56.00 6440
56.01 6440
56.02 6440
56.03 6440
56.04 6440
56.05 6441
56.06 6441
56.07 6442
56.08 6443
56.09 6443
56.10 6443
56.11 6443
56.12 6443
56.13 6444
56.14 6446
56.15 6448
56.16 6451
56.17 6451
56.18 6451
56.19 6451
56.20 6452
56.21 6452
56.22 6452
56.23 6452
56.24 6452
56.25 6452
56.26 6452
56.27 6452
56.28 6452
56.29 6452
56.30 6454
56.31 6454
56.32 6454
56.33 6455
56.34 6455
56.35 6456
56.36 6457
56.37 6457
56.38 6457
56.39 6457
56.40 6458
56.41 6459
56.43 6460
56.44 6460
56.45 6460
56.46 6460
56.47 6461
56.48 6461
56.49 6461
56.50 6461
56.51 6461
56.52 6461
56.53 6461
56.54 6461
56.55 6461
56.56 6461
56.57 6461
56.58 6461
56.59 6461
56.60 6461
56.61 6461
56.62 6462
56.63 6462
56.64 6463
56.65 6463
56.66 6464
56.67 6464
56.68 6465
56.69 6465
56.70 6466
56.71 6466
56.72 6466
56.73 6466
56.74 6467
56.75 6467
56.76 6467
56.77 6467
56.78 6468
56.79 6469
56.80 6470
56.81 6470
56.82 6470
56.83 6471
56.84 6471
56.85 6471
56.87 6471
56.88 6472
56.89 6472
56.90 6474
56.91 6474
56.92 6475
56.93 6476
56.94 6478
56.95 6478
56.96 6478
56.97 6480
56.98 6481
56.99 6481
57.00 6482
57.01 6482
57.02 6483
57.03 6483
57.04 6483
57.05 6483
57.06 6483
57.07 6484
57.08 6484
57.09 6484
57.10 6484
57.11 6484
57.12 6484
57.13 6488
57.14 6488
57.15 6488
57.16 6489
57.17 6491
57.18 6492
57.19 6493
57.20 6493
57.21 6494
57.22 6494
57.23 6494
57.24 6494
57.25 6494
57.26 6494
57.27 6494
57.28 6495
57.30 6495
57.31 6495
57.32 6497
57.33 6497
57.34 6497
57.35 6497
57.36 6497
57.37 6498
57.38 6499
57.39 6501
57.40 6503
57.41 6507
57.42 6507
57.43 6507
57.44 6507
57.45 6507
57.46 6508
57.47 6508
57.48 6508
57.49 6508
57.50 6510
57.51 6510
57.52 6510
57.53 6510
57.54 6510
57.55 6510
57.56 6510
57.57 6512
57.58 6513
57.59 6514
57.60 6514
57.61 6515
57.62 6515
57.63 6515
57.64 6515
57.65 6518
57.66 6518
57.67 6519
57.68 6519
57.69 6519
57.70 6519
57.71 6521
57.72 6521
57.74 6521
57.75 6521
57.76 6521
57.77 6521
57.78 6521
57.79 6522
57.80 6523
57.81 6523
57.82 6523
57.83 6523
57.84 6523
57.85 6523
57.86 6524
57.87 6524
57.88 6525
57.89 6526
57.90 6526
57.91 6527
57.92 6528
57.93 6528
57.94 6529
57.95 6529
57.96 6529
57.97 6529
57.98 6529
57.99 6529
58.00 6530
58.01 6530
58.02 6531
58.03 6532
58.04 6533
58.05 6533
58.06 6533
58.07 6533
58.08 6534
58.09 6534
58.10 6534
58.11 6534
58.12 6535
58.13 6536
58.14 6537
58.15 6537
58.17 6539
58.18 6539
58.19 6539
58.20 6542
58.21 6543
58.22 6543
58.23 6543
58.24 6543
58.25 6544
58.26 6544
58.27 6544
58.28 6544
58.29 6546
58.30 6546
58.31 6546
58.32 6547
58.33 6547
58.34 6547
58.35 6547
58.36 6548
58.37 6550
58.38 6550
58.39 6550
58.40 6552
58.41 6552
58.42 6556
58.43 6556
58.44 6556
58.45 6556
58.46 6556
58.47 6556
58.48 6556
58.49 6556
58.50 6556
58.51 6557
58.52 6557
58.53 6557
58.54 6558
58.55 6558
58.56 6558
58.57 6558
58.58 6558
58.59 6560
58.61 6561
58.62 6562
58.63 6566
58.64 6567
58.65 6567
58.66 6567
58.67 6567
58.68 6567
58.69 6567
58.70 6567
58.71 6567
58.72 6567
58.73 6568
58.74 6568
58.75 6568
58.76 6568
58.77 6570
58.78 6571
58.79 6571
58.80 6572
58.81 6572
58.82 6574
58.83 6574
58.84 6575
58.85 6576
58.86 6576
58.87 6578
58.88 6578
58.89 6579
58.90 6579
58.91 6579
58.92 6579
58.93 6580
58.94 6580
58.95 6581
58.96 6581
58.97 6581
58.98 6581
58.99 6581
59.00 6582
59.01 6582
59.02 6584
59.04 6585
59.05 6585
59.06 6585
59.07 6585
59.08 6585
59.09 6585
59.10 6586
59.11 6586
59.12 6587
59.13 6587
59.14 6588
59.15 6588
59.16 6589
59.17 6589
59.18 6590
59.19 6590
59.20 6590
59.21 6590
59.22 6590
59.23 6590
59.24 6591
59.25 6591
59.26 6592
59.27 6592
59.28 6593
59.29 6593
59.30 6593
59.31 6593
59.32 6594
59.33 6594
59.34 6594
59.35 6595
59.36 6595
59.37 6596
59.38 6597
59.39 6598
59.40 6600
59.41 6601
59.42 6601
59.43 6603
59.44 6604
59.45 6604
59.46 6604
59.48 6605
59.49 6606
59.50 6606
59.51 6606
59.52 6606
59.53 6607
59.54 6608
59.55 6608
59.56 6608
59.57 6609
59.58 6609
59.59 6609
59.60 6610
59.61 6612
59.62 6612
59.63 6612
59.64 6615
59.65 6615
59.66 6617
59.67 6617
59.68 6617
59.69 6617
59.70 6617
59.71 6617
59.72 6617
59.73 6617
59.74 6618
59.75 6618
59.76 6618
59.77 6618
59.78 6620
59.79 6620
59.80 6621
59.81 6621
59.82 6621
59.83 6621
59.84 6621
59.85 6621
59.86 6621
59.87 6623
59.88 6623
59.89 6625
59.90 6630
59.92 6630
59.93 6630
59.94 6630
59.95 6630
59.96 6630
59.97 6631
59.98 6631
59.99 6631
60.00 6631
60.01 6631
60.02 6631
60.03 6631
60.04 6631
60.05 6632
60.06 6632
60.07 6632
60.08 6634
60.09 6635
60.10 6635
60.11 6635
60.12 6636
60.13 6638
60.14 6638
60.15 6639
60.16 6639
60.17 6640
60.18 6640
60.19 6641
60.20 6641
60.21 6641
60.22 6641
60.23 6641
60.24 6641
60.25 6641
60.26 6641
60.27 6641
60.28 6642
60.29 6642
60.30 6643
60.31 6644
60.32 6644
60.33 6644
60.35 6644
60.36 6644
60.37 6644
60.38 6644
60.39 6644
60.40 6645
60.41 6645
60.42 6646
60.43 6646
60.44 6647
60.45 6647
60.46 6648
60.47 6648
60.48 6648
60.49 6650
60.50 6650
60.51 6650
60.52 6651
60.53 6652
60.54 6653
60.55 6654
60.56 6654
60.57 6654
60.58 6654
60.59 6655
60.60 6656
60.61 6656
60.62 6656
60.63 6656
60.64 6656
60.65 6659
60.66 6659
60.67 6661
60.68 6662
60.69 6663
60.70 6663
60.71 6665
60.72 6666
60.73 6667
60.74 6667
60.75 6668
60.76 6668
60.77 6669
60.79 6669
60.80 6669
60.81 6669
60.82 6670
60.83 6670
60.84 6670
60.85 6671
60.86 6671
60.87 6671
60.88 6671
60.89 6673
60.90 6674
60.91 6674
60.92 6677
60.93 6677
60.94 6680
60.95 6680
60.96 6680
60.97 6680
60.98 6680
60.99 6680
61.00 6680
61.01 6680
61.02 6680
61.03 6680
61.04 6680
61.05 6680
61.06 6682
61.07 6682
61.08 6682
61.09 6682
61.10 6682
61.11 6683
61.12 6683
61.13 6685
61.14 6689
61.15 6690
61.16 6690
61.17 6690
61.18 6691
61.19 6691
61.20 6692
61.22 6692
61.23 6692
61.24 6692
61.25 6692
61.26 6692
61.27 6692
61.28 6692
61.29 6692
61.30 6692
61.31 6692
61.32 6694
61.33 6695
61.34 6696
61.35 6696
61.36 6696
61.37 6698
61.38 6698
61.39 6699
61.40 6699
61.41 6699
61.42 6699
61.43 6699
61.44 6699
61.45 6699
61.46 6699
61.47 6700
61.48 6700
61.49 6700
61.50 6700
61.51 6700
61.52 6700
61.53 6700
61.54 6700
61.55 6700
61.56 6700
61.57 6700
61.58 6700
61.59 6700
61.60 6700
61.61 6701
61.62 6701
61.63 6702
61.64 6702
61.66 6703
61.67 6704
61.68 6705
61.69 6705
61.70 6706
61.71 6706
61.72 6706
61.73 6706
61.74 6707
61.75 6707
61.76 6708
61.77 6709
61.78 6709
61.79 6711
61.80 6711
61.81 6711
61.82 6711
61.83 6713
61.84 6715
61.85 6715
61.86 6715
61.87 6716
61.88 6716
61.89 6717
61.90 6718
61.91 6718
61.92 6720
61.93 6720
61.94 6720
61.95 6723
61.96 6724
61.97 6724
61.98 6724
61.99 6724
62.00 6725
62.01 6725
62.02 6725
62.03 6725
62.04 6726
62.05 6726
62.06 6727
62.07 6727
62.09 6727
62.10 6727
62.11 6727
62.12 6729
62.13 6729
62.14 6730
62.15 6730
62.16 6732
62.17 6733
62.18 6734
62.19 6734
62.20 6734
62.21 6734
62.22 6734
62.23 6734
62.24 6734
62.25 6734
62.26 6736
62.27 6737
62.28 6737
62.29 6737
62.30 6738
62.31 6738
62.32 6738
62.33 6738
62.34 6738
62.35 6738
62.36 6738
62.37 6739
62.38 6741
62.39 6743
62.40 6744
62.41 6749
62.42 6749
62.43 6749
62.44 6749
62.45 6749
62.46 6749
62.47 6750
62.48 6750
62.49 6750
62.50 6750
62.51 6750
62.53 6750
62.54 6750
62.55 6750
62.56 6751
62.57 6752
62.58 6752
62.59 6753
62.60 6754
62.61 6754
62.62 6755
62.63 6756
62.64 6757
62.65 6757
62.66 6759
62.67 6759
62.68 6760
62.69 6760
62.70 6760
62.71 6760
62.72 6761
62.73 6761
62.74 6761
62.75 6762
62.76 6762
62.77 6762
62.78 6762
62.79 6762
62.80 6762
62.81 6763
62.82 6764
62.83 6764
62.84 6764
62.85 6764
62.86 6764
62.87 6764
62.88 6765
62.89 6765
62.90 6766
62.91 6766
62.92 6767
62.93 6767
62.94 6768
62.96 6768
62.97 6768
62.98 6768
62.99 6768
63.00 6770
63.01 6770
63.02 6770
63.03 6771
63.04 6772
63.05 6772
63.06 6774
63.07 6774
63.08 6774
63.09 6774
63.10 6775
63.11 6775
63.12 6776
63.13 6776
63.14 6776
63.15 6776
63.16 6778
63.17 6778
63.18 6779
63.19 6781
63.20 6782
63.21 6782
63.22 6784
63.23 6786
63.24 6786
63.25 6786
63.26 6787
63.27 6787
63.28 6788
63.29 6788
63.30 6788
63.31 6788
63.32 6790
63.33 6790
63.34 6790
63.35 6790
63.36 6791
63.37 6791
63.38 6791
63.40 6793
63.41 6793
63.42 6793
63.43 6796
63.44 6796
63.45 6799
63.46 6799
63.47 6799
63.48 6799
63.49 6799
63.50 6799
63.51 6799
63.52 6799
63.53 6799
63.54 6799
63.55 6799
63.56 6799
63.57 6801
63.58 6801
63.59 6801
63.60 6801
63.61 6802
63.62 6803
63.63 6806
63.64 6808
63.65 6812
63.66 6812
63.67 6812
63.68 6812
63.69 6812
63.70 6812
63.71 6812
63.72 6812
63.73 6812
63.74 6812
63.75 6812
63.76 6812
63.77 6812
63.78 6812
63.79 6813
63.80 6813
63.81 6813
63.82 6814
63.84 6815
63.85 6816
63.86 6817
63.87 6817
63.88 6818
63.89 6818
63.90 6820
63.91 6820
63.92 6821
63.93 6821
63.94 6821
63.95 6821
63.96 6822
63.97 6822
63.98 6822
63.99 6822
64.00 6822
64.01 6822
64.02 6822
64.03 6823
64.04 6823
64.05 6824
64.06 6825
64.07 6825
64.08 6825
64.09 6825
64.10 6825
64.11 6825
64.12 6826
64.13 6826
64.14 6827
64.15 6828
64.16 6828
64.17 6829
64.18 6830
64.19 6830
64.20 6830
64.21 6830
64.22 6830
64.23 6831
64.24 6831
64.25 6831
64.27 6832
64.28 6833
64.29 6834
64.30 6835
64.31 6835
64.32 6835
64.33 6835
64.34 6835
64.35 6836
64.36 6836
64.37 6837
64.38 6837
64.39 6838
64.40 6838
64.41 6840
64.42 6840
64.43 6841
64.44 6842
64.45 6842
64.46 6845
64.47 6846
64.48 6846
64.49 6846
64.50 6847
64.51 6847
64.52 6847
64.53 6847
64.54 6847
64.55 6848
64.56 6848
64.57 6848
64.58 6848
64.59 6848
64.60 6848
64.61 6848
64.62 6853
64.63 6853
64.64 6853
64.65 6855
64.66 6855
64.67 6857
64.68 6857
64.69 6857
64.71 6858
64.72 6858
64.73 6858
64.74 6858
64.75 6858
64.76 6858
64.77 6860
64.78 6860
64.79 6860
64.80 6863
64.81 6865
64.82 6871
64.83 6874
64.84 6880
64.85 6882
64.86 6887
64.87 6890
64.88 6890
64.89 6890
64.90 6890
64.91 6890
64.92 6892
64.93 6892
64.94 6893
64.95 6898
64.96 6898
64.97 6898
64.98 6898
64.99 6899
65.00 6899
65.01 6901
65.02 6901
65.03 6902
65.04 6902
65.05 6902
65.06 6903
65.07 6903
65.08 6904
65.09 6904
65.10 6904
65.11 6904
65.12 6905
65.14 6906
65.15 6906
65.16 6907
65.17 6907
65.18 6909
65.19 6909
65.20 6909
65.21 6911
65.22 6911
65.23 6912
65.24 6912
65.25 6914
65.26 6914
65.27 6914
65.28 6914
65.29 6915
65.30 6915
65.31 6915
65.32 6915
65.33 6915
65.34 6915
65.35 6915
65.36 6915
65.37 6915
65.38 6916
65.39 6917
65.40 6917
65.41 6917
65.42 6917
65.43 6917
65.44 6917
65.45 6918
65.46 6918
65.47 6919
65.48 6919
65.49 6919
65.50 6920
65.51 6921
65.52 6921
65.53 6922
65.54 6922
65.55 6922
65.56 6922
65.58 6923
65.59 6923
65.60 6924
65.61 6924
65.62 6925
65.63 6925
65.64 6925
65.65 6925
65.66 6925
65.67 6926
65.68 6927
65.69 6927
65.70 6927
65.71 6928
65.72 6928
65.73 6929
65.74 6931
65.75 6931
65.76 6932
65.77 6934
65.78 6934
65.79 6936
65.80 6937
65.81 6937
65.82 6937
65.83 6939
65.84 6939
65.85 6939
65.86 6939
65.87 6939
65.88 6939
65.89 6941
65.90 6941
65.91 6942
65.92 6942
65.93 6942
65.94 6942
65.95 6944
65.96 6945
65.97 6945
65.98 6945
65.99 6947
66.01 6947
66.02 6950
66.03 6950
66.04 6950
66.05 6950
66.06 6950
66.07 6950
66.08 6950
66.09 6950
66.10 6950
66.11 6950
66.12 6950
66.13 6950
66.14 6952
66.15 6952
66.16 6952
66.17 6952
66.18 6952
66.19 6954
66.20 6955
66.21 6956
66.22 6961
66.23 6961
66.24 6961
66.25 6961
66.26 6962
66.27 6962
66.28 6962
66.29 6962
66.30 6962
66.31 6962
66.32 6962
66.33 6962
66.34 6962
66.35 6962
66.36 6963
66.37 6964
66.38 6964
66.39 6965
66.40 6966
66.41 6967
66.42 6967
66.43 6967
66.45 6968
66.46 6968
66.47 6969
66.48 6969
66.49 6970
66.50 6970
66.51 6970
66.52 6970
66.53 6970
66.54 6970
66.55 6971
66.56 6971
66.57 6971
66.58 6971
66.59 6971
66.60 6972
66.61 6972
66.62 6973
66.63 6973
66.64 6973
66.65 6973
66.66 6973
66.67 6973
66.68 6973
66.69 6974
66.70 6974
66.71 6975
66.72 6976
66.73 6976
66.74 6977
66.75 6977
66.76 6977
66.77 6978
66.78 6978
66.79 6978
66.80 6979
66.81 6979
66.82 6979
66.83 6980
66.84 6981
66.85 6981
66.86 6982
66.87 6983
66.89 6983
66.90 6983
66.91 6983
66.92 6984
66.93 6984
66.94 6985
66.95 6985
66.96 6985
66.97 6986
66.98 6986
66.99 6986
67.00 6989
67.01 6989
67.02 6989
67.03 6992
67.04 6993
67.05 6993
67.06 6993
67.07 6994
67.08 6995
67.09 6995
67.10 6995
67.11 6995
67.12 6995
67.13 6995
67.14 6995
67.15 6995
67.16 6996
67.17 6996
67.18 6996
67.19 6999
67.20 6999
67.21 7000
67.22 7000
67.23 7003
67.24 7003
67.25 7006
67.26 7006
67.27 7007
67.28 7007
67.29 7007
67.30 7007
67.32 7011
67.33 7018
67.34 7018
67.35 7018
67.36 7021
67.37 7021
67.38 7022
67.39 7025
67.40 7032
67.41 7041
67.42 7046
67.43 7049
67.44 7049
67.45 7052
67.46 7052
67.47 7052
67.48 7052
67.49 7053
67.50 7056
67.51 7058
67.52 7060
67.53 7062
67.54 7066
67.55 7070
67.56 7071
67.57 7077
67.58 7082
67.59 7087
67.60 7095
67.61 7099
67.62 7104
67.63 7107
67.64 7113
67.65 7119
67.66 7123
67.67 7127
67.68 7128
67.69 7130
67.70 7137
67.71 7142
67.72 7147
67.73 7150
67.74 7153
67.76 7156
67.77 7161
67.78 7164
67.79 7168
67.80 7173
67.81 7175
67.82 7178
67.83 7182
67.84 7186
67.85 7192
67.86 7197
67.87 7199
67.88 7202
67.89 7208
67.90 7214
67.91 7219
67.92 7222
67.93 7229
67.94 7235
67.95 7240
67.96 7244
67.97 7249
67.98 7250
67.99 7252
68.00 7255
68.01 7256
68.02 7259
68.03 7263
68.04 7267
68.05 7274
68.06 7277
68.07 7279
68.08 7282
68.09 7287
68.10 7293
68.11 7297
68.12 7300
68.13 7305
68.14 7311
68.15 7314
68.16 7314
68.17 7314
68.19 7314
68.20 7314
68.21 7314
68.22 7316
68.23 7317
68.24 7320
68.25 7323
68.26 7326
68.27 7328
68.28 7328
68.29 7328
68.30 7329
68.31 7330
68.32 7330
68.33 7330
68.34 7331
68.35 7332
68.36 7332
68.37 7332
68.38 7332
68.39 7332
68.40 7335
68.41 7338
68.42 7343
68.43 7347
68.44 7355
68.45 7360
68.46 7360
68.47 7360
68.48 7361
68.49 7363
68.50 7365
68.51 7365
68.52 7366
68.53 7367
68.54 7367
68.55 7368
68.56 7369
68.57 7370
68.58 7370
68.59 7370
68.60 7371
68.61 7372
68.63 7372
68.64 7372
68.65 7372
68.66 7373
68.67 7373
68.68 7373
68.69 7374
68.70 7374
68.71 7374
68.72 7374
68.73 7375
68.74 7375
68.75 7376
68.76 7377
68.77 7377
68.78 7377
68.79 7377
68.80 7377
68.81 7377
68.82 7378
68.83 7378
68.84 7379
68.85 7379
68.86 7380
68.87 7380
68.88 7380
68.89 7381
68.90 7381
68.91 7382
68.92 7382
68.93 7382
68.94 7382
68.95 7382
68.96 7382
68.97 7383
68.98 7383
68.99 7384
69.00 7384
69.01 7385
69.02 7385
69.03 7385
69.04 7385
69.06 7386
69.07 7386
69.08 7387
69.09 7387
69.10 7388
69.11 7388
69.12 7389
69.13 7391
69.14 7393
69.15 7393
69.16 7394
69.17 7396
69.18 7396
69.19 7396
69.20 7397
69.21 7397
69.22 7398
69.23 7398
69.24 7401
69.25 7402
69.26 7404
69.27 7407
69.28 7414
69.29 7418
69.30 7418
69.31 7422
69.32 7425
69.33 7428
69.34 7433
69.35 7438
69.36 7444
69.37 7453
69.38 7457
69.39 7462
69.40 7467
69.41 7472
69.42 7476
69.43 7482
69.44 7486
69.45 7493
69.46 7500
69.47 7503
69.48 7507
69.50 7511
69.51 7516
69.52 7522
69.53 7525
69.54 7530
69.55 7536
69.56 7543
69.57 7548
69.58 7556
69.59 7561
69.60 7567
69.61 7570
69.62 7577
69.63 7583
69.64 7587
69.65 7591
69.66 7596
69.67 7601
69.68 7608
69.69 7612
69.70 7616
69.71 7622
69.72 7627
69.73 7631
69.74 7636
69.75 7638
69.76 7642
69.77 7647
69.78 7647
69.79 7647
69.80 7647
69.81 7648
69.82 7648
69.83 7648
69.84 7648
69.85 7648
69.86 7648
69.87 7653
69.88 7654
69.89 7654
69.90 7654
69.91 7657
69.92 7660
69.94 7662
69.95 7662
69.96 7665
69.97 7667
69.98 7668
69.99 7669
70.00 7674
70.01 7682
70.02 7685
70.03 7690
70.04 7691
70.05 7698
70.06 7698
70.07 7698
70.08 7698
70.09 7699
70.10 7699
70.11 7699
70.12 7700
70.13 7700
70.14 7700
70.15 7700
70.16 7701
70.17 7701
70.18 7701
70.19 7703
70.20 7704
70.21 7705
70.22 7708
70.23 7708
70.24 7708
70.25 7708
70.26 7709
70.27 7710
70.28 7710
70.29 7710
70.30 7710
70.31 7710
70.32 7710
70.33 7710
70.34 7710
70.35 7710
70.37 7710
70.38 7711
70.39 7711
70.40 7713
70.41 7714
70.42 7714
70.43 7714
70.44 7716
70.45 7717
70.46 7717
70.47 7718
70.48 7718
70.49 7719
70.50 7720
70.51 7720
70.52 7720
70.53 7720
70.54 7720
70.55 7720
70.56 7720
70.57 7720
70.58 7720
70.59 7720
70.60 7720
70.61 7720
70.62 7721
70.63 7722
70.64 7722
70.65 7722
70.66 7722
70.67 7722
70.68 7722
70.69 7723
70.70 7723
70.71 7724
70.72 7724
70.73 7724
70.74 7725
70.75 7725
70.76 7725
70.77 7726
70.78 7726
70.79 7726
70.81 7726
70.82 7727
70.83 7727
70.84 7727
70.85 7728
70.86 7730
70.87 7730
70.88 7730
70.89 7730
70.90 7730
70.91 7730
70.92 7732
70.93 7732
70.94 7732
70.95 7732
70.96 7732
70.97 7734
70.98 7735
70.99 7736
71.00 7737
71.01 7738
71.02 7738
71.03 7740
71.04 7741
71.05 7741
71.06 7741
71.07 7742
71.08 7742
71.09 7743
71.10 7743
71.11 7743
71.12 7745
71.13 7745
71.14 7745
71.15 7745
71.16 7745
71.17 7745
71.18 7745
71.19 7745
71.20 7749
71.21 7749
71.22 7749
71.24 7750
71.25 7751
71.26 7753
71.27 7755
71.28 7755
71.29 7755
71.30 7755
71.31 7755
71.32 7755
71.33 7755
71.34 7755
71.35 7755
71.36 7755
71.37 7755
71.38 7755
71.39 7756
71.40 7756
71.41 7756
71.42 7757
71.43 7757
71.44 7759
71.45 7760
71.46 7762
71.47 7765
71.48 7765
71.49 7765
71.50 7765
71.51 7765
71.52 7766
71.53 7766
71.54 7766
71.55 7766
71.56 7766
71.57 7766
71.58 7766
71.59 7766
71.60 7766
71.61 7767
71.62 7768
71.63 7768
71.64 7769
71.65 7770
71.66 7771
71.68 7771
71.69 7772
71.70 7772
71.71 7772
71.72 7773
71.73 7773
71.74 7773
71.75 7773
71.76 7773
71.77 7773
71.78 7773
71.79 7773
71.80 7773
71.81 7773
71.82 7773
71.83 7773
71.84 7773
71.85 7773
71.86 7773
71.87 7774
71.88 7774
71.89 7774
71.90 7774
71.91 7774
71.92 7774
71.93 7774
71.94 7775
71.95 7775
71.96 7776
71.97 7777
71.98 7777
71.99 7778
72.00 7778
72.01 7778
72.02 7779
72.03 7779
72.04 7779
72.05 7779
72.06 7780
72.07 7780
72.08 7781
72.09 7781
72.11 7782
72.12 7783
72.13 7784
72.14 7784
72.15 7784
72.16 7784
72.17 7785
72.18 7785
72.19 7786
72.20 7786
72.21 7786
72.22 7787
72.23 7787
72.24 7787
72.25 7789
72.26 7789
72.27 7789
72.28 7792
72.29 7793
72.30 7793
72.31 7793
72.32 7793
72.33 7794
72.34 7794
72.35 7794
72.36 7794
72.37 7795
72.38 7795
72.39 7795
72.40 7795
72.41 7795
72.42 7795
72.43 7795
72.44 7798
72.45 7798
72.46 7798
72.47 7798
72.48 7801
72.49 7801
72.50 7803
72.51 7803
72.52 7803
72.53 7803
72.55 7803
72.56 7803
72.57 7803
72.58 7803
72.59 7803
72.60 7804
72.61 7804
72.62 7804
72.63 7804
72.64 7805
72.65 7805
72.66 7806
72.67 7806
72.68 7806
72.69 7806
72.70 7807
72.71 7807
72.72 7808
72.73 7813
72.74 7814
72.75 7814
72.76 7814
72.77 7815
72.78 7815
72.79 7815
72.80 7815
72.81 7815
72.82 7815
72.83 7817
72.84 7817
72.85 7817
72.86 7817
72.87 7818
72.88 7818
72.89 7818
72.90 7819
72.91 7820
72.92 7821
72.93 7821
72.94 7822
72.95 7823
72.96 7823
72.97 7824
72.99 7824
73.00 7825
73.01 7825
73.02 7825
73.03 7825
73.04 7826
73.05 7826
73.06 7826
73.07 7826
73.08 7826
73.09 7826
73.10 7826
73.11 7826
73.12 7826
73.13 7828
73.14 7828
73.15 7828
73.16 7828
73.17 7828
73.18 7828
73.19 7828
73.20 7829
73.21 7829
73.22 7830
73.23 7830
73.24 7830
73.25 7831
73.26 7832
73.27 7832
73.28 7833
73.29 7833
73.30 7833
73.31 7834
73.32 7834
73.33 7834
73.34 7835
73.35 7835
73.36 7836
73.37 7837
73.38 7837
73.39 7837
73.40 7837
73.42 7837
73.43 7838
73.44 7838
73.45 7838
73.46 7839
73.47 7839
73.48 7840
73.49 7841
73.50 7842
73.51 7844
73.52 7846
73.53 7846
73.54 7848
73.55 7849
73.56 7849
73.57 7849
73.58 7850
73.59 7850
73.60 7851
73.61 7851
73.62 7851
73.63 7851
73.64 7852
73.65 7852
73.66 7852
73.67 7852
73.68 7852
73.69 7852
73.70 7852
73.71 7856
73.72 7856
73.73 7856
73.74 7856
73.75 7858
73.76 7859
73.77 7861
73.78 7861
73.79 7861
73.80 7861
73.81 7861
73.82 7861
73.83 7861
73.84 7861
73.86 7861
73.87 7861
73.88 7862
73.89 7862
73.90 7864
73.91 7864
73.92 7864
73.93 7865
73.94 7866
73.95 7867
73.96 7871
73.97 7871
73.98 7871
73.99 7871
74.00 7872
74.01 7872
74.02 7872
74.03 7872
74.04 7872
74.05 7872
74.06 7872
74.07 7872
74.08 7872
74.09 7872
74.10 7875
74.11 7876
74.12 7876
74.13 7877
74.14 7878
74.15 7878
74.16 7878
74.17 7880
74.18 7881
74.19 7881
74.20 7882
74.21 7882
74.22 7882
74.23 7882
74.24 7882
74.25 7882
74.26 7882
74.27 7882
74.29 7882
74.30 7882
74.31 7883
74.32 7884
74.33 7884
74.34 7884
74.35 7884
74.36 7884
74.37 7884
74.38 7884
74.39 7884
74.40 7884
74.41 7884
74.42 7884
74.43 7886
74.44 7886
74.45 7886
74.46 7886
74.47 7887
74.48 7887
74.49 7889
74.50 7889
74.51 7890
74.52 7890
74.53 7890
74.54 7890
74.55 7891
74.56 7891
74.57 7891
74.58 7892
74.59 7893
74.60 7894
74.61 7894
74.62 7894
74.63 7894
74.64 7894
74.65 7895
74.66 7895
74.67 7896
74.68 7897
74.69 7897
74.70 7898
74.71 7899
74.73 7899
74.74 7900
74.75 7901
74.76 7901
74.77 7903
74.78 7904
74.79 7904
74.80 7904
74.81 7905
74.82 7905
74.83 7906
74.84 7906
74.85 7906
74.86 7907
74.87 7908
74.88 7908
74.89 7908
74.90 7908
74.91 7908
74.92 7908
74.93 7908
74.94 7911
74.95 7911
74.96 7913
74.97 7915
74.98 7915
74.99 7917
75.00 7918
75.01 7918
75.02 7918
75.03 7918
75.04 7918
75.05 7918
75.06 7918
75.07 7918
75.08 7918
75.09 7918
75.10 7918
75.11 7918
75.12 7920
75.13 7920
75.14 7920
75.16 7920
75.17 7920
75.18 7921
75.19 7921
75.20 7922
75.21 7924
75.22 7927
75.23 7927
75.24 7927
75.25 7928
75.26 7928
75.27 7929
75.28 7929
75.29 7929
75.30 7929
75.31 7929
75.32 7929
75.33 7929
75.34 7929
75.35 7929
75.36 7930
75.37 7930
75.38 7931
75.39 7932
75.40 7932
75.41 7933
75.42 7934
75.43 7935
75.44 7935
75.45 7935
75.46 7936
75.47 7936
75.48 7936
75.49 7936
75.50 7936
75.51 7937
75.52 7937
75.53 7937
75.54 7937
75.55 7937
75.56 7937
75.57 7937
75.58 7937
75.60 7937
75.61 7938
75.62 7939
75.63 7939
75.64 7939
75.65 7939
75.66 7939
75.67 7939
75.68 7940
75.69 7940
75.70 7941
75.71 7941
75.72 7941
75.73 7942
75.74 7942
75.75 7943
75.76 7944
75.77 7944
75.78 7944
75.79 7944
75.80 7944
75.81 7944
75.82 7945
75.83 7946
75.84 7946
75.85 7947
75.86 7948
75.87 7948
75.88 7948
75.89 7949
75.90 7949
75.91 7950
75.92 7950
75.93 7951
75.94 7951
75.95 7952
75.96 7952
75.97 7953
75.98 7955
75.99 7956
76.00 7956
76.01 7958
76.02 7959
76.04 7959
76.05 7959
76.06 7960
76.07 7960
76.08 7962
76.09 7962
76.10 7962
76.11 7962
76.12 7963
76.13 7963
76.14 7963
76.15 7963
76.16 7963
76.17 7963
76.18 7963
76.19 7965
76.20 7965
76.21 7966
76.22 7967
76.23 7970
76.24 7973
76.25 7975
76.26 7975
76.27 7980
76.28 7980
76.29 7982
76.30 7982
76.31 7988
76.32 7994
76.33 7995
76.34 7995
76.35 7995
76.36 7997
76.37 7997
76.38 7997
76.39 7999
76.40 8002
76.41 8009
76.42 8009
76.43 8010
76.44 8010
76.45 8010
76.47 8010
76.48 8010
76.49 8010
76.50 8012
76.51 8012
76.52 8013
76.53 8017
76.54 8019
76.55 8019
76.56 8019
76.57 8020
76.58 8020
76.59 8021
76.60 8021
76.61 8021
76.62 8021
76.63 8021
76.64 8021
76.65 8021
76.66 8021
76.67 8021
76.68 8023
76.69 8023
76.70 8023
76.71 8024
76.72 8024
76.73 8025
76.74 8026
76.75 8026
76.76 8026
76.77 8028
76.78 8028
76.79 8028
76.80 8028
76.81 8028
76.82 8028
76.83 8028
76.84 8028
76.85 8028
76.86 8028
76.87 8028
76.88 8028
76.89 8028
76.91 8028
76.92 8028
76.93 8028
76.94 8029
76.95 8029
76.96 8029
76.97 8029
76.98 8029
76.99 8029
77.00 8030
77.01 8030
77.02 8031
77.03 8031
77.04 8032
77.05 8032
77.06 8032
77.07 8032
77.08 8034
77.09 8034
77.10 8034
77.11 8034
77.12 8035
77.13 8035
77.14 8035
77.15 8036
77.16 8037
77.17 8038
77.18 8038
77.19 8039
77.20 8039
77.21 8039
77.22 8039
77.23 8039
77.24 8039
77.25 8041
77.26 8041
77.27 8042
77.28 8043
77.29 8044
77.30 8045
77.31 8046
77.32 8046
77.34 8049
77.35 8050
77.36 8051
77.37 8051
77.38 8052
77.39 8052
77.40 8053
77.41 8053
77.42 8053
77.43 8053
77.44 8054
77.45 8054
77.46 8054
77.47 8055
77.48 8055
77.49 8056
77.50 8058
77.51 8059
77.52 8059
77.53 8062
77.54 8062
77.55 8064
77.56 8064
77.57 8064
77.58 8064
77.59 8064
77.60 8064
77.61 8064
77.62 8064
77.63 8064
77.64 8064
77.65 8064
77.66 8064
77.67 8066
77.68 8066
77.69 8067
77.70 8067
77.71 8067
77.72 8067
77.73 8067
77.74 8067
77.75 8067
77.76 8068
77.78 8069
77.79 8070
77.80 8074
77.81 8075
77.82 8075
77.83 8075
77.84 8076
77.85 8076
77.86 8077
77.87 8077
77.88 8077
77.89 8077
77.90 8077
77.91 8077
77.92 8077
77.93 8077
77.94 8077
77.95 8078
77.96 8078
77.97 8079
77.98 8080
77.99 8080
78.00 8080
78.01 8082
78.02 8082
78.03 8082
78.04 8083
78.05 8083
78.06 8084
78.07 8084
78.08 8084
78.09 8084
78.10 8084
78.11 8084
78.12 8084
78.13 8084
78.14 8084
78.15 8084
78.16 8084
78.17 8084
78.18 8084
78.19 8085
78.21 8085
78.22 8085
78.23 8085
78.24 8085
78.25 8085
78.26 8085
78.27 8087
78.28 8087
78.29 8089
78.30 8089
78.31 8089
78.32 8090
78.33 8091
78.34 8091
78.35 8092
78.36 8092
78.37 8092
78.38 8093
78.39 8093
78.40 8093
78.41 8094
78.42 8096
78.43 8097
78.44 8097
78.45 8098
78.46 8098
78.47 8098
78.48 8098
78.49 8100
78.50 8100
78.51 8100
78.52 8100
78.53 8100
78.54 8103
78.55 8104
78.56 8104
78.57 8105
78.58 8105
78.59 8105
78.60 8108
78.61 8109
78.62 8109
78.63 8109
78.65 8110
78.66 8111
78.67 8111
78.68 8111
78.69 8111
78.70 8112
78.71 8112
78.72 8112
78.73 8112
78.74 8113
78.75 8113
78.76 8113
78.77 8114
78.78 8115
78.79 8116
78.80 8116
78.81 8119
78.82 8120
78.83 8122
78.84 8122
78.85 8127
78.86 8128
78.87 8129
78.88 8130
78.89 8130
78.90 8133
78.91 8133
78.92 8134
78.93 8134
78.94 8134
78.95 8134
78.96 8135
78.97 8135
78.98 8135
78.99 8136
79.00 8140
79.01 8140
79.02 8142
79.03 8142
79.04 8145
79.05 8146
79.06 8147
79.08 8151
79.09 8153
79.10 8153
79.11 8153
79.12 8153
79.13 8153
79.14 8153
79.15 8153
79.16 8154
79.17 8154
79.18 8155
79.19 8155
79.20 8155
79.21 8155
79.22 8156
79.23 8157
79.24 8157
79.25 8158
79.26 8159
79.27 8160
79.28 8160
79.29 8161
79.30 8162
79.31 8162
79.32 8164
79.33 8164
79.34 8165
79.35 8165
79.36 8165
79.37 8165
79.38 8165
79.39 8165
79.40 8167
79.41 8167
79.42 8167
79.43 8167
79.44 8167
79.45 8168
79.46 8168
79.47 8168
79.48 8169
79.49 8169
79.50 8169
79.52 8169
79.53 8169
79.54 8169
79.55 8170
79.56 8170
79.57 8171
79.58 8171
79.59 8172
79.60 8173
79.61 8173
79.62 8173
79.63 8174
79.64 8174
79.65 8174
79.66 8175
79.67 8175
79.68 8175
79.69 8176
79.70 8177
79.71 8178
79.72 8178
79.73 8178
79.74 8178
79.75 8178
79.76 8179
79.77 8180
79.78 8180
79.79 8181
79.80 8181
79.81 8181
79.82 8183
79.83 8184
79.84 8185
79.85 8185
79.86 8186
79.87 8186
79.88 8189
79.89 8190
79.90 8190
79.91 8190
79.92 8190
79.93 8191
79.94 8191
79.96 8191
79.97 8191
79.98 8192
79.99 8193
80.00 8194
80.01 8195
80.02 8195
80.03 8195
80.04 8197
80.05 8197
80.06 8198
80.07 8198
80.08 8201
80.09 8202
80.10 8204
80.11 8204
80.12 8209
80.13 8211
80.14 8211
80.15 8212
80.16 8215
80.17 8215
80.18 8215
80.19 8216
80.20 8216
80.21 8216
80.22 8216
80.23 8218
80.24 8221
80.25 8225
80.26 8228
80.27 8235
80.28 8242
80.29 8245
80.30 8250
80.31 8253
80.32 8259
80.33 8261
80.34 8264
80.35 8269
80.36 8272
80.37 8274
80.39 8280
80.40 8283
80.41 8289
80.42 8292
80.43 8295
80.44 8300
80.45 8304
80.46 8311
80.47 8315
80.48 8320
80.49 8328
80.50 8334
80.51 8338
80.52 8343
80.53 8350
80.54 8355
80.55 8362
80.56 8367
80.57 8372
80.58 8378
80.59 8385
80.60 8387
80.61 8394
80.62 8399
80.63 8405
80.64 8411
80.65 8418
80.66 8422
80.67 8426
80.68 8430
80.69 8434
80.70 8436
80.71 8436
80.72 8437
80.73 8438
80.74 8440
80.75 8443
80.76 8445
80.77 8445
80.78 8445
80.79 8445
80.80 8446
80.81 8446
80.83 8446
80.84 8446
80.85 8446
80.86 8446
80.87 8446
80.88 8446
80.89 8446
80.90 8448
80.91 8449
80.92 8450
80.93 8450
80.94 8451
80.95 8453
80.96 8453
80.97 8453
80.98 8455
80.99 8456
81.00 8456
81.01 8457
81.02 8457
81.03 8458
81.04 8458
81.05 8458
81.06 8458
81.07 8458
81.08 8458
81.09 8458
81.10 8459
81.11 8459
81.12 8459
81.13 8459
81.14 8460
81.15 8460
81.16 8461
81.17 8462
81.18 8462
81.19 8462
81.20 8462
81.21 8462
81.22 8462
81.23 8463
81.24 8463
81.26 8464
81.27 8464
81.28 8465
81.29 8465
81.30 8466
81.31 8466
81.32 8468
81.33 8468
81.34 8468
81.35 8469
81.36 8469
81.37 8469
81.38 8470
81.39 8470
81.40 8472
81.41 8472
81.42 8472
81.43 8473
81.44 8473
81.45 8473
81.46 8474
81.47 8474
81.48 8474
81.49 8475
81.50 8475
81.51 8477
81.52 8477
81.53 8478
81.54 8480
81.55 8481
81.56 8481
81.57 8483
81.58 8484
81.59 8484
81.60 8484
81.61 8485
81.62 8486
81.63 8486
81.64 8486
81.65 8486
81.66 8487
81.67 8488
81.68 8488
81.70 8488
81.71 8489
81.72 8489
81.73 8489
81.74 8490
81.75 8492
81.76 8492
81.77 8492
81.78 8495
81.79 8495
81.80 8498
81.81 8498
81.82 8499
81.83 8499
81.84 8500
81.85 8500
81.86 8500
81.87 8500
81.88 8500
81.89 8500
81.90 8500
81.91 8500
81.92 8500
81.93 8500
81.94 8500
81.95 8500
81.96 8500
81.97 8502
81.98 8502
81.99 8503
82.00 8503
82.01 8505
82.02 8507
82.03 8510
82.04 8510
82.05 8510
82.06 8511
82.07 8511
82.08 8511
82.09 8511
82.10 8511
82.11 8511
82.13 8511
82.14 8511
82.15 8511
82.16 8511
82.17 8511
82.18 8513
82.19 8513
82.20 8515
82.21 8516
82.22 8517
82.23 8517
82.24 8518
82.25 8519
82.26 8519
82.27 8519
82.28 8521
82.29 8521
82.30 8522
82.31 8523
82.32 8523
82.33 8523
82.34 8524
82.35 8525
82.36 8525
82.37 8525
82.38 8525
82.39 8525
82.40 8525
82.41 8525
82.42 8527
82.43 8527
82.44 8527
82.45 8527
82.46 8527
82.47 8527
82.48 8528
82.49 8528
82.50 8529
82.51 8529
82.52 8529
82.53 8530
82.54 8531
82.55 8531
82.57 8532
82.58 8532
82.59 8532
82.60 8532
82.61 8533
82.62 8533
82.63 8534
82.64 8535
82.65 8536
82.66 8537
82.67 8538
82.68 8538
82.69 8538
82.70 8538
82.71 8539
82.72 8539
82.73 8539
82.74 8540
82.75 8540
82.76 8542
82.77 8543
82.78 8543
82.79 8545
82.80 8546
82.81 8546
82.82 8548
82.83 8548
82.84 8548
82.85 8548
82.86 8548
82.87 8548
82.88 8548
82.89 8548
82.90 8548
82.91 8548
82.92 8549
82.93 8549
82.94 8549
82.95 8550
82.96 8550
82.97 8550
82.98 8553
82.99 8557
83.01 8557
83.02 8557
83.03 8559
83.04 8559
83.05 8561
83.06 8561
83.07 8562
83.08 8562
83.09 8562
83.10 8562
83.11 8562
83.12 8562
83.13 8562
83.14 8562
83.15 8562
83.16 8562
83.17 8562
83.18 8562
83.19 8562
83.20 8562
83.21 8562
83.22 8562
83.23 8564
83.24 8564
83.25 8565
83.26 8566
83.27 8568
83.28 8570
83.29 8573
83.30 8573
83.31 8573
83.32 8573
83.33 8574
83.34 8574
83.35 8574
83.36 8574
83.37 8574
83.38 8574
83.39 8574
83.40 8574
83.41 8574
83.42 8574
83.44 8576
83.45 8577
83.46 8577
83.47 8578
83.48 8579
83.49 8580
83.50 8580
83.51 8581
83.52 8583
83.53 8583
83.54 8584
83.55 8584
83.56 8585
83.57 8585
83.58 8585
83.59 8585
83.60 8585
83.61 8585
83.62 8586
83.63 8587
83.64 8587
83.65 8587
83.66 8587
83.67 8587
83.68 8587
83.69 8588
83.70 8588
83.71 8588
83.72 8588
83.73 8588
83.74 8588
83.75 8588
83.76 8590
83.77 8590
83.78 8590
83.79 8590
83.80 8591
83.81 8591
83.82 8592
83.83 8592
83.84 8593
83.85 8593
83.86 8593
83.88 8593
83.89 8594
83.90 8594
83.91 8594
83.92 8595
83.93 8596
83.94 8597
83.95 8598
83.96 8598
83.97 8598
83.98 8598
83.99 8599
84.00 8599
84.01 8599
84.02 8599
84.03 8599
84.04 8602
84.05 8603
84.06 8603
84.07 8605
84.08 8606
84.09 8606
84.10 8608
84.11 8609
84.12 8609
84.13 8609
84.14 8609
84.15 8609
84.16 8609
84.17 8609
84.18 8609
84.19 8610
84.20 8610
84.21 8611
84.22 8611
84.23 8611
84.24 8611
84.25 8611
84.26 8611
84.27 8615
84.28 8615
84.29 8615
84.31 8616
84.32 8617
84.33 8618
84.34 8620
84.35 8620
84.36 8620
84.37 8620
84.38 8620
84.39 8620
84.40 8620
84.41 8620
84.42 8620
84.43 8621
84.44 8621
84.45 8621
84.46 8621
84.47 8622
84.48 8622
84.49 8623
84.50 8623
84.51 8625
84.52 8628
84.53 8630
84.54 8630
84.55 8630
84.56 8631
84.57 8631
84.58 8631
84.59 8631
84.60 8631
84.61 8631
84.62 8631
84.63 8631
84.64 8631
84.65 8631
84.66 8631
84.67 8633
84.68 8633
84.69 8633
84.70 8634
84.71 8636
84.72 8637
84.73 8637
84.75 8639
84.76 8640
84.77 8640
84.78 8642
84.79 8642
84.80 8642
84.81 8642
84.82 8642
84.83 8642
84.84 8643
84.85 8643
84.86 8644
84.87 8644
84.88 8644
84.89 8644
84.90 8644
84.91 8645
84.92 8645
84.93 8646
84.94 8648
84.95 8648
84.96 8648
84.97 8648
84.98 8648
84.99 8648
85.00 8648
85.01 8648
85.02 8650
85.03 8650
85.04 8650
85.05 8651
85.06 8652
85.07 8652
85.08 8652
85.09 8652
85.10 8652
85.11 8653
85.12 8654
85.13 8654
85.14 8654
85.15 8655
85.16 8656
85.18 8657
85.19 8658
85.20 8658
85.21 8658
85.22 8658
85.23 8658
85.24 8658
85.25 8660
85.26 8660
85.27 8660
85.28 8661
85.29 8662
85.30 8662
85.31 8664
85.32 8665
85.33 8665
85.34 8667
85.35 8668
85.36 8668
85.37 8668
85.38 8668
85.39 8669
85.40 8669
85.41 8669
85.42 8669
85.43 8669
85.44 8669
85.45 8669
85.46 8669
85.47 8670
85.48 8671
85.49 8671
85.50 8671
85.51 8674
85.52 8674
85.53 8675
85.54 8676
85.55 8677
85.56 8679
85.57 8681
85.58 8681
85.59 8681
85.60 8681
85.62 8681
85.63 8682
85.64 8682
85.65 8682
85.66 8682
85.67 8682
85.68 8682
85.69 8682
85.70 8682
85.71 8682
85.72 8682
85.73 8682
85.74 8682
85.75 8684
85.76 8684
85.77 8684
85.78 8686
85.79 8687
85.80 8689
85.81 8692
85.82 8692
85.83 8692
85.84 8692
85.85 8692
85.86 8692
85.87 8692
85.88 8692
85.89 8692
85.90 8692
85.91 8692
85.92 8693
85.93 8693
85.94 8693
85.95 8694
85.96 8695
85.97 8695
85.98 8696
85.99 8697
86.00 8698
86.01 8698
86.02 8699
86.03 8701
86.04 8701
86.06 8702
86.07 8702
86.08 8703
86.09 8703
86.10 8703
86.11 8703
86.12 8703
86.13 8703
86.14 8703
86.15 8703
86.16 8703
86.17 8703
86.18 8703
86.19 8704
86.20 8704
86.21 8705
86.22 8705
86.23 8705
86.24 8705
86.25 8705
86.26 8705
86.27 8705
86.28 8706
86.29 8706
86.30 8707
86.31 8707
86.32 8708
86.33 8708
86.34 8709
86.35 8709
86.36 8710
86.37 8710
86.38 8710
86.39 8710
86.40 8710
86.41 8711
86.42 8711
86.43 8712
86.44 8713
86.45 8713
86.46 8714
86.47 8714
86.49 8714
86.50 8715
86.51 8716
86.52 8716
86.53 8716
86.54 8716
86.55 8716
86.56 8717
86.57 8718
86.58 8719
86.59 8721
86.60 8722
86.61 8722
86.62 8724
86.63 8725
86.64 8725
86.65 8725
86.66 8725
86.67 8726
86.68 8726
86.69 8726
86.70 8726
86.71 8726
86.72 8727
86.73 8727
86.74 8727
86.75 8727
86.76 8727
86.77 8727
86.78 8727
86.79 8730
86.80 8730
86.81 8730
86.82 8730
86.83 8732
86.84 8732
86.85 8734
86.86 8734
86.87 8734
86.88 8734
86.89 8734
86.90 8734
86.91 8734
86.93 8734
86.94 8734
86.95 8734
86.96 8734
86.97 8734
86.98 8734
86.99 8734
87.00 8734
87.01 8734
87.02 8734
87.03 8736
87.04 8736
87.05 8736
87.06 8737
87.07 8738
87.08 8741
87.09 8744
87.10 8744
87.11 8744
87.12 8744
87.13 8745
87.14 8745
87.15 8745
87.16 8745
87.17 8745
87.18 8745
87.19 8745
87.20 8745
87.21 8745
87.22 8745
87.23 8746
87.24 8746
87.25 8747
87.26 8748
87.27 8750
87.28 8751
87.29 8751
87.30 8752
87.31 8753
87.32 8753
87.33 8754
87.34 8754
87.36 8754
87.37 8754
87.38 8754
87.39 8754
87.40 8754
87.41 8754
87.42 8755
87.43 8755
87.44 8755
87.45 8755
87.46 8755
87.47 8755
87.48 8755
87.49 8756
87.50 8757
87.51 8757
87.52 8757
87.53 8757
87.54 8757
87.55 8757
87.56 8758
87.57 8758
87.58 8759
87.59 8759
87.60 8760
87.61 8761
87.62 8761
87.63 8761
87.64 8762
87.65 8762
87.66 8762
87.67 8762
87.68 8763
87.69 8763
87.70 8765
87.71 8765
87.72 8766
87.73 8767
87.74 8767
87.75 8767
87.76 8767
87.77 8767
87.78 8768
87.80 8768
87.81 8769
87.82 8769
87.83 8771
87.84 8772
87.85 8774
87.86 8774
87.87 8776
87.88 8777
87.89 8777
87.90 8779
87.91 8779
87.92 8779
87.93 8779
87.94 8779
87.95 8779
87.96 8779
87.97 8779
87.98 8779
87.99 8780
88.00 8780
88.01 8780
88.02 8780
88.03 8780
88.04 8781
88.05 8781
88.06 8783
88.07 8786
88.08 8786
88.09 8788
88.10 8789
88.11 8790
88.12 8791
88.13 8792
88.14 8792
88.15 8792
88.16 8792
88.17 8792
88.18 8792
88.19 8792
88.20 8792
88.21 8792
88.23 8792
88.24 8792
88.25 8792
88.26 8794
88.27 8794
88.28 8794
88.29 8795
88.30 8796
88.31 8798
88.32 8802
88.33 8802
88.34 8802
88.35 8802
88.36 8802
88.37 8803
88.38 8803
88.39 8803
88.40 8803
88.41 8803
88.42 8803
88.43 8803
88.44 8803
88.45 8803
88.46 8804
88.47 8805
88.48 8805
88.49 8806
88.50 8807
88.51 8807
88.52 8808
88.53 8810
88.54 8811
88.55 8811
88.56 8812
88.57 8813
88.58 8814
88.59 8814
88.60 8814
88.61 8814
88.62 8814
88.63 8814
88.64 8814
88.65 8814
88.67 8814
88.68 8814
88.69 8814
88.70 8814
88.71 8814
88.72 8816
88.73 8817
88.74 8817
88.75 8817
88.76 8817
88.77 8817
88.78 8817
88.79 8818
88.80 8818
88.81 8819
88.82 8819
88.83 8820
88.84 8820
88.85 8821
88.86 8821
88.87 8822
88.88 8822
88.89 8822
88.90 8822
88.91 8822
88.92 8823
88.93 8824
88.94 8824
88.95 8825
88.96 8826
88.97 8826
88.98 8827
88.99 8827
89.00 8827
89.01 8828
89.02 8829
89.03 8829
89.04 8829
89.05 8829
89.06 8831
89.07 8831
89.08 8832
89.09 8833
89.11 8835
89.12 8835
89.13 8837
89.14 8838
89.15 8838
89.16 8838
89.17 8838
89.18 8838
89.19 8838
89.20 8838
89.21 8838
89.22 8839
89.23 8839
89.24 8839
89.25 8839
89.26 8840
89.27 8840
89.28 8840
89.29 8840
89.30 8844
89.31 8844
89.32 8845
89.33 8845
89.34 8847
89.35 8848
89.36 8850
89.37 8850
89.38 8850
89.39 8850
89.40 8850
89.41 8850
89.42 8850
89.43 8850
89.44 8850
89.45 8850
89.46 8850
89.47 8850
89.48 8851
89.49 8851
89.50 8851
89.51 8853
89.52 8854
89.54 8856
89.55 8858
89.56 8858
89.57 8858
89.58 8858
89.59 8859
89.60 8859
89.61 8859
89.62 8859
89.63 8859
89.64 8859
89.65 8859
89.66 8859
89.67 8859
89.68 8859
89.69 8861
89.70 8861
89.71 8861
89.72 8863
89.73 8865
89.74 8866
89.75 8866
89.76 8867
89.77 8869
89.78 8869
89.79 8870
89.80 8870
89.81 8871
89.82 8871
89.83 8871
89.84 8871
89.85 8872
89.86 8872
89.87 8872
89.88 8872
89.89 8872
89.90 8872
89.91 8872
89.92 8873
89.93 8873
89.94 8874
89.95 8875
89.96 8875
89.98 8875
89.99 8875
90.00 8875
90.01 8875
90.02 8876
90.03 8876
90.04 8877
90.05 8877
90.06 8877
90.07 8878
90.08 8879
90.09 8879
90.10 8880
90.11 8880
90.12 8880
90.13 8881
90.14 8881
90.15 8882
90.16 8883
90.17 8884
90.18 8884
90.19 8885
90.20 8885
90.21 8886
90.22 8886
90.23 8886
90.24 8887
90.25 8887
90.26 8887
90.27 8888
90.28 8888
90.29 8890
90.30 8890
90.31 8891
90.32 8892
90.33 8893
90.34 8893
90.35 8895
90.36 8897
90.37 8897
90.38 8897
90.39 8898
90.41 8899
90.42 8899
90.43 8899
90.44 8899
90.45 8899
90.46 8900
90.47 8900
90.48 8900
90.49 8900
90.50 8900
90.51 8900
90.52 8900
90.53 8903
90.54 8904
90.55 8904
90.56 8906
90.57 8906
90.58 8911
90.59 8911
90.60 8912
90.61 8915
90.62 8918
90.63 8918
90.64 8924
90.65 8929
90.66 8932
90.67 8937
90.68 8941
90.69 8941
90.70 8941
90.71 8941
90.72 8941
90.73 8941
90.74 8941
90.75 8942
90.76 8942
90.77 8944
90.78 8944
90.79 8945
90.80 8949
90.81 8950
90.82 8950
90.83 8950
90.85 8951
90.86 8951
90.87 8951
90.88 8951
90.89 8951
90.90 8951
90.91 8951
90.92 8951
90.93 8951
90.94 8951
90.95 8952
90.96 8953
90.97 8953
90.98 8955
90.99 8956
91.00 8956
91.01 8957
91.02 8958
91.03 8959
91.04 8960
91.05 8960
91.06 8961
91.07 8961
91.08 8961
91.09 8961
91.10 8961
91.11 8961
91.12 8961
91.13 8961
91.14 8961
91.15 8961
91.16 8961
91.17 8961
91.18 8962
91.19 8962
91.20 8962
91.21 8962
91.22 8962
91.23 8962
91.24 8962
91.25 8962
91.26 8962
91.28 8962
91.29 8963
91.30 8963
91.31 8964
91.32 8964
91.33 8964
91.34 8965
91.35 8966
91.36 8966
91.37 8967
91.38 8967
91.39 8967
91.40 8967
91.41 8968
91.42 8968
91.43 8968
91.44 8969
91.45 8970
91.46 8971
91.47 8972
91.48 8972
91.49 8972
91.50 8972
91.51 8974
91.52 8974
91.53 8974
91.54 8974
91.55 8976
91.56 8976
91.57 8976
91.58 8978
91.59 8978
91.60 8978
91.61 8979
91.62 8981
91.63 8981
91.64 8981
91.65 8981
91.66 8981
91.67 8982
91.68 8982
91.69 8982
91.70 8982
91.72 8983
91.73 8983
91.74 8983
91.75 8983
91.76 8983
91.77 8984
91.78 8991
91.79 8991
91.80 8991
91.81 8992
91.82 8994
91.83 8994
91.84 8996
91.85 8996
91.86 8996
91.87 8996
91.88 8996
91.89 8996
91.90 8996
91.91 8996
91.92 8996
91.93 8996
91.94 8996
91.95 8996
91.96 8996
91.97 8997
91.98 8997
91.99 8997
92.00 8997
92.01 8999
92.02 8999
92.03 8999
92.04 9000
92.05 9000
92.06 9001
92.07 9005
92.08 9006
92.09 9006
92.10 9006
92.11 9006
92.12 9006
92.13 9007
92.14 9007
92.16 9007
92.17 9007
92.18 9007
92.19 9007
92.20 9007
92.21 9007
92.22 9007
92.23 9009
92.24 9009
92.25 9010
92.26 9012
92.27 9012
92.28 9013
92.29 9014
92.30 9016
92.31 9016
92.32 9016
92.33 9017
92.34 9017
92.35 9018
92.36 9018
92.37 9018
92.38 9018
92.39 9018
92.40 9018
92.41 9020
92.42 9020
92.43 9020
92.44 9020
92.45 9020
92.46 9020
92.47 9020
92.48 9021
92.49 9021
92.50 9021
92.51 9021
92.52 9021
92.53 9021
92.54 9022
92.55 9022
92.56 9023
92.57 9023
92.59 9024
92.60 9024
92.61 9025
92.62 9025
92.63 9025
92.64 9025
92.65 9025
92.66 9027
92.67 9027
92.68 9027
92.69 9028
92.70 9029
92.71 9030
92.72 9030
92.73 9030
92.74 9030
92.75 9030
92.76 9032
92.77 9033
92.78 9033
92.79 9033
92.80 9033
92.81 9033
92.82 9036
92.83 9036
92.84 9038
92.85 9039
92.86 9040
92.87 9040
92.88 9042
92.89 9044
92.90 9044
92.91 9044
92.92 9045
92.93 9045
92.94 9045
92.95 9045
92.96 9045
92.97 9045
92.98 9045
92.99 9045
93.00 9045
93.01 9046
93.03 9046
93.04 9046
93.05 9046
93.06 9048
93.07 9052
93.08 9052
93.09 9052
93.10 9054
93.11 9054
93.12 9056
93.13 9056
93.14 9057
93.15 9057
93.16 9057
93.17 9057
93.18 9057
93.19 9057
93.20 9057
93.21 9057
93.22 9057
93.23 9057
93.24 9057
93.25 9057
93.26 9057
93.27 9057
93.28 9057
93.29 9057
93.30 9061
93.31 9061
93.32 9061
93.33 9062
93.34 9063
93.35 9065
93.36 9068
93.37 9068
93.38 9068
93.39 9068
93.40 9068
93.41 9069
93.42 9069
93.43 9069
93.44 9069
93.46 9069
93.47 9069
93.48 9069
93.49 9069
93.50 9069
93.51 9069
93.52 9070
93.53 9070
93.54 9072
93.55 9074
93.56 9074
93.57 9074
93.58 9075
93.59 9077
93.60 9077
93.61 9078
93.62 9078
93.63 9079
93.64 9079
93.65 9079
93.66 9079
93.67 9080
93.68 9080
93.69 9080
93.70 9081
93.71 9081
93.72 9081
93.73 9081
93.74 9082
93.75 9082
93.76 9082
93.77 9084
93.78 9084
93.79 9084
93.80 9084
93.81 9084
93.82 9084
93.83 9085
93.84 9085
93.85 9086
93.86 9086
93.87 9086
93.88 9086
93.90 9088
93.91 9088
93.92 9088
93.93 9088
93.94 9088
93.95 9089
93.96 9090
93.97 9090
93.98 9091
93.99 9091
94.00 9093
94.01 9093
94.02 9094
94.03 9094
94.04 9094
94.05 9094
94.06 9095
94.07 9095
94.08 9095
94.09 9096
94.10 9096
94.11 9098
94.12 9098
94.13 9099
94.14 9100
94.15 9102
94.16 9102
94.17 9104
94.18 9104
94.19 9104
94.20 9104
94.21 9104
94.22 9104
94.23 9104
94.24 9104
94.25 9104
94.26 9105
94.27 9105
94.28 9105
94.29 9105
94.30 9105
94.31 9105
94.33 9106
94.34 9106
94.35 9106
94.36 9107
94.37 9107
94.38 9107
94.39 9108
94.40 9109
94.41 9110
94.42 9110
94.43 9110
94.44 9110
94.45 9110
94.46 9110
94.47 9110
94.48 9110
94.49 9110
94.50 9110
94.51 9110
94.52 9110
94.53 9110
94.54 9110
94.55 9110
94.56 9110
94.57 9110
94.58 9110
94.59 9112
94.60 9112
94.61 9112
94.62 9113
94.63 9115
94.64 9117
94.65 9119
94.66 9119
94.67 9119
94.68 9119
94.69 9120
94.70 9120
94.71 9120
94.72 9120
94.73 9120
94.74 9120
94.75 9120
94.77 9120
94.78 9120
94.79 9120
94.80 9121
94.81 9122
94.82 9122
94.83 9124
94.84 9126
94.85 9126
94.86 9126
94.87 9127
94.88 9129
94.89 9129
94.90 9130
94.91 9130
94.92 9130
94.93 9130
94.94 9130
94.95 9130
94.96 9130
94.97 9130
94.98 9130
94.99 9130
95.00 9130
95.01 9130
95.02 9130
95.03 9130
95.04 9130
95.05 9130
95.06 9131
95.07 9131
95.08 9131
95.09 9131
95.10 9131
95.11 9131
95.12 9132
95.13 9132
95.14 9133
95.15 9133
95.16 9134
95.17 9135
95.18 9135
95.20 9136
95.21 9137
95.22 9137
95.23 9137
95.24 9137
95.25 9138
95.26 9138
95.27 9139
95.28 9140
95.29 9140
95.30 9142
95.31 9142
95.32 9142
95.33 9142
95.34 9142
95.35 9143
95.36 9143
95.37 9144
95.38 9144
95.39 9144
95.40 9146
95.41 9148
95.42 9148
95.43 9150
95.44 9151
95.45 9151
95.46 9154
95.47 9155
95.48 9155
95.49 9155
95.50 9156
95.51 9157
95.52 9157
95.53 9157
95.54 9157
95.55 9158
95.56 9158
95.57 9158
95.58 9158
95.59 9158
95.60 9159
95.61 9159
95.62 9159
95.64 9164
95.65 9165
95.66 9166
95.67 9166
95.68 9167
95.69 9171
95.70 9172
95.71 9172
95.72 9176
95.73 9178
95.74 9178
95.75 9182
95.76 9184
95.77 9184
95.78 9190
95.79 9191
95.80 9191
95.81 9194
95.82 9195
95.83 9196
95.84 9196
95.85 9200
95.86 9201
95.87 9204
95.88 9204
95.89 9208
95.90 9208
95.91 9211
95.92 9213
95.93 9216
95.94 9221
95.95 9224
95.96 9224
95.97 9224
95.98 9226
95.99 9227
96.00 9227
96.01 9228
96.02 9229
96.03 9233
96.04 9236
96.05 9240
96.06 9240
96.08 9245
96.09 9247
96.10 9251
96.11 9253
96.12 9256
96.13 9256
96.14 9258
96.15 9258
96.16 9259
96.17 9259
96.18 9260
96.19 9263
96.20 9265
96.21 9265
96.22 9265
96.23 9266
96.24 9266
96.25 9267
96.26 9267
96.27 9267
96.28 9267
96.29 9267
96.30 9267
96.31 9267
96.32 9267
96.33 9267
96.34 9269
96.35 9270
96.36 9270
96.37 9271
96.38 9273
96.39 9273
96.40 9274
96.41 9276
96.42 9277
96.43 9277
96.44 9277
96.45 9279
96.46 9279
96.47 9280
96.48 9280
96.49 9280
96.51 9280
96.52 9281
96.53 9281
96.54 9282
96.55 9282
96.56 9283
96.57 9283
96.58 9284
96.59 9284
96.60 9284
96.61 9285
96.62 9286
96.63 9286
96.64 9286
96.65 9286
96.66 9286
96.67 9286
96.68 9287
96.69 9287
96.70 9288
96.71 9288
96.72 9288
96.73 9289
96.74 9290
96.75 9290
96.76 9290
96.77 9290
96.78 9290
96.79 9291
96.80 9292
96.81 9292
96.82 9293
96.83 9293
96.84 9294
96.85 9295
96.86 9295
96.87 9295
96.88 9295
96.89 9296
96.90 9296
96.91 9296
96.92 9297
96.93 9297
96.95 9297
96.96 9299
96.97 9300
96.98 9300
96.99 9302
97.00 9304
97.01 9304
97.02 9306
97.03 9306
97.04 9306
97.05 9306
97.06 9306
97.07 9308
97.08 9308
97.09 9308
97.10 9308
97.11 9308
97.12 9308
97.13 9308
97.14 9311
97.15 9313
97.16 9313
97.17 9315
97.18 9315
97.19 9315
97.20 9315
97.21 9318
97.22 9318
97.23 9320
97.24 9320
97.25 9321
97.26 9321
97.27 9321
97.28 9321
97.29 9321
97.30 9321
97.31 9321
97.32 9321
97.33 9321
97.34 9321
97.35 9323
97.36 9323
97.38 9324
97.39 9325
97.40 9326
97.41 9330
97.42 9330
97.43 9330
97.44 9330
97.45 9330
97.46 9330
97.47 9330
97.48 9330
97.49 9330
97.50 9330
97.51 9331
97.52 9331
97.53 9331
97.54 9331
97.55 9331
97.56 9331
97.57 9331
97.58 9334
97.59 9335
97.60 9336
97.61 9336
97.62 9337
97.63 9338
97.64 9338
97.65 9340
97.66 9340
97.67 9340
97.68 9340
97.69 9340
97.70 9340
97.71 9341
97.72 9341
97.73 9341
97.74 9341
97.75 9341
97.76 9341
97.77 9341
97.78 9341
97.79 9341
97.80 9342
97.82 9342
97.83 9342
97.84 9342
97.85 9342
97.86 9342
97.87 9342
97.88 9343
97.89 9343
97.90 9344
97.91 9344
97.92 9345
97.93 9345
97.94 9347
97.95 9347
97.96 9347
97.97 9347
97.98 9347
97.99 9348
98.00 9349
98.01 9349
98.02 9349
98.03 9350
98.04 9351
98.05 9352
98.06 9353
98.07 9353
98.08 9353
98.09 9353
98.10 9354
98.11 9354
98.12 9355
98.13 9355
98.14 9355
98.15 9356
98.16 9357
98.17 9357
98.18 9358
98.19 9359
98.20 9359
98.21 9362
98.22 9363
98.23 9363
98.25 9363
98.26 9364
98.27 9365
98.28 9365
98.29 9365
98.30 9365
98.31 9366
98.32 9366
98.33 9366
98.34 9366
98.35 9367
98.36 9367
98.37 9367
98.38 9371
98.39 9371
98.40 9371
98.41 9371
98.42 9374
98.43 9374
98.44 9376
98.45 9376
98.46 9376
98.47 9376
98.48 9376
98.49 9376
98.50 9376
98.51 9376
98.52 9376
98.53 9376
98.54 9376
98.55 9376
98.56 9376
98.57 9376
98.58 9377
98.59 9377
98.60 9377
98.61 9377
98.62 9378
98.63 9378
98.64 9378
98.65 9379
98.66 9380
98.67 9381
98.69 9385
98.70 9385
98.71 9385
98.72 9385
98.73 9385
98.74 9385
98.75 9385
98.76 9385
98.77 9385
98.78 9385
98.79 9385
98.80 9385
98.81 9385
98.82 9385
98.83 9386
98.84 9386
98.85 9386
98.86 9388
98.87 9389
98.88 9390
98.89 9391
98.90 9391
98.91 9393
98.92 9393
98.93 9394
98.94 9394
98.95 9394
98.96 9394
98.97 9394
98.98 9394
98.99 9395
99.00 9395
99.01 9395
99.02 9395
99.03 9395
99.04 9395
99.05 9395
99.06 9395
99.07 9395
99.08 9395
99.09 9396
99.10 9396
99.11 9396
99.13 9396
99.14 9396
99.15 9396
99.16 9397
99.17 9397
99.18 9398
99.19 9398
99.20 9398
99.21 9398
99.22 9400
99.23 9401
99.24 9401
99.25 9401
99.26 9401
99.27 9402
99.28 9402
99.29 9403
99.30 9404
99.31 9404
99.32 9405
99.33 9406
99.34 9406
99.35 9407
99.36 9407
99.37 9407
99.38 9408
99.39 9408
99.40 9408
99.41 9409
99.42 9409
99.43 9411
99.44 9411
99.45 9412
99.46 9413
99.47 9414
99.48 9414
99.49 9416
99.50 9418
99.51 9418
99.52 9418
99.53 9418
99.54 9418
99.56 9419
99.57 9419
99.58 9419
99.59 9420
99.60 9420
99.61 9420
99.62 9420
99.63 9421
99.64 9421
99.65 9423
99.66 9425
99.67 9426
99.68 9426
99.69 9429
99.70 9429
99.71 9431
99.72 9431
99.73 9431
99.74 9431
99.75 9431
99.76 9431
99.77 9431
99.78 9431
99.79 9431
99.80 9431
99.81 9431
99.82 9431
99.83 9431
99.84 9433
99.85 9433
99.86 9434
99.87 9434
99.88 9435
99.89 9438
99.90 9440
99.91 9440
99.92 9440
99.93 9440
99.94 9440
99.95 9441
99.96 9441
99.97 9441
99.98 9441
100.00 9441
