0.00 0
0.01 16
0.02 31
0.03 44
0.04 53
0.05 66
0.06 75
0.07 77
0.08 80
0.10 83
0.11 93
0.12 103
0.13 109
0.14 115
0.15 122
0.16 130
0.17 137
0.18 144
0.19 152
0.20 156
0.21 163
0.22 166
0.23 168
0.24 169
0.25 173
0.26 174
0.28 177
0.29 179
0.30 179
0.31 182
0.32 182
0.33 183
0.34 183
0.35 185
0.36 185
0.37 187
0.38 188
0.39 188
0.40 190
0.41 190
0.42 191
0.43 191
0.44 193
0.45 193
0.47 194
0.48 194
0.49 196
0.50 196
0.51 197
0.52 197
0.53 198
0.54 198
0.55 198
0.56 200
0.57 203
0.58 203
0.59 204
0.60 209
0.61 212
0.62 218
0.63 222
0.65 223
0.66 230
0.67 235
0.68 244
0.69 247
0.70 251
0.71 258
0.72 261
0.73 264
0.74 269
0.75 278
0.76 282
0.77 284
0.78 288
0.79 290
0.80 292
0.81 294
0.83 298
0.84 302
0.85 306
0.86 306
0.87 310
0.88 312
0.89 314
0.90 318
0.91 324
0.92 336
0.93 340
0.94 342
0.95 347
0.96 348
0.97 349
0.98 349
0.99 353
1.01 355
1.02 355
1.03 357
1.04 358
1.05 361
1.06 361
1.07 361
1.08 362
1.09 362
1.10 362
1.11 362
1.12 366
1.13 368
1.14 368
1.15 368
1.16 371
1.17 371
1.19 371
1.20 371
1.21 376
1.22 378
1.23 378
1.24 382
1.25 384
1.26 389
1.27 389
1.28 393
1.29 398
1.30 399
1.31 401
1.32 403
1.33 403
1.34 407
1.35 407
1.36 407
1.38 412
1.39 413
1.40 413
1.41 415
1.42 415
1.43 421
1.44 422
1.45 422
1.46 427
1.47 429
1.48 430
1.49 430
1.50 434
1.51 434
1.52 434
1.53 436
1.54 436
1.56 436
1.57 437
1.58 439
1.59 439
1.60 440
1.61 442
1.62 446
1.63 446
1.64 451
1.65 451
1.66 453
1.67 454
1.68 455
1.69 455
1.70 460
1.71 460
1.72 460
1.74 463
1.75 464
1.76 465
1.77 469
1.78 471
1.79 475
1.80 475
1.81 481
1.82 484
1.83 487
1.84 488
1.85 488
1.86 495
1.87 503
1.88 503
1.89 507
1.90 512
1.92 519
1.93 528
1.94 535
1.95 541
1.96 547
1.97 555
1.98 556
1.99 560
2.00 569
2.01 576
2.02 582
2.03 586
2.04 595
2.05 603
2.06 607
2.07 617
2.08 624
2.10 633
2.11 641
2.12 646
2.13 653
2.14 658
2.15 663
2.16 669
2.17 675
2.18 680
2.19 685
2.20 693
2.21 696
2.22 702
2.23 706
2.24 716
2.25 719
2.26 720
2.27 722
2.29 724
2.30 725
2.31 725
2.32 725
2.33 728
2.34 737
2.35 741
2.36 746
2.37 752
2.38 757
2.39 761
2.40 767
2.41 770
2.42 778
2.43 783
2.44 789
2.45 791
2.47 797
2.48 800
2.49 807
2.50 809
2.51 814
2.52 820
2.53 827
2.54 830
2.55 836
2.56 842
2.57 847
2.58 853
2.59 858
2.60 863
2.61 869
2.62 876
2.63 880
2.65 886
2.66 890
2.67 895
2.68 900
2.69 905
2.70 911
2.71 916
2.72 924
2.73 928
2.74 931
2.75 938
2.76 945
2.77 949
2.78 955
2.79 961
2.80 964
2.81 965
2.83 969
2.84 975
2.85 979
2.86 984
2.87 989
2.88 993
2.89 1001
2.90 1009
2.91 1016
2.92 1021
2.93 1022
2.94 1025
2.95 1031
2.96 1034
2.97 1041
2.98 1048
2.99 1053
3.01 1056
3.02 1058
3.03 1064
3.04 1071
3.05 1074
3.06 1079
3.07 1084
3.08 1090
3.09 1096
3.10 1100
3.11 1102
3.12 1105
3.13 1111
3.14 1117
3.15 1121
3.16 1128
3.17 1134
3.18 1138
3.20 1146
3.21 1153
3.22 1158
3.23 1160
3.24 1161
3.25 1163
3.26 1167
3.27 1172
3.28 1176
3.29 1180
3.30 1181
3.31 1189
3.32 1196
3.33 1200
3.34 1205
3.35 1210
3.36 1213
3.38 1219
3.39 1220
3.40 1222
3.41 1228
3.42 1237
3.43 1242
3.44 1246
3.45 1252
3.46 1258
3.47 1262
3.48 1267
3.49 1269
3.50 1275
3.51 1282
3.52 1288
3.53 1291
3.54 1296
3.56 1299
3.57 1305
3.58 1310
3.59 1315
3.60 1319
3.61 1323
3.62 1328
3.63 1332
3.64 1338
3.65 1342
3.66 1349
3.67 1355
3.68 1365
3.69 1370
3.70 1371
3.71 1372
3.72 1376
3.74 1379
3.75 1382
3.76 1388
3.77 1394
3.78 1397
3.79 1398
3.80 1406
3.81 1410
3.82 1412
3.83 1420
3.84 1421
3.85 1426
3.86 1429
3.87 1430
3.88 1436
3.89 1441
3.90 1446
3.92 1447
3.93 1450
3.94 1455
3.95 1458
3.96 1464
3.97 1471
3.98 1478
3.99 1481
4.00 1484
4.01 1484
4.02 1491
4.03 1500
4.04 1508
4.05 1511
4.06 1517
4.07 1523
4.08 1529
4.09 1534
4.11 1538
4.12 1543
4.13 1552
4.14 1560
4.15 1563
4.16 1569
4.17 1573
4.18 1578
4.19 1582
4.20 1587
4.21 1591
4.22 1598
4.23 1602
4.24 1608
4.25 1609
4.26 1612
4.27 1617
4.29 1622
4.30 1630
4.31 1638
4.32 1647
4.33 1650
4.34 1653
4.35 1656
4.36 1660
4.37 1664
4.38 1668
4.39 1671
4.40 1675
4.41 1679
4.42 1684
4.43 1690
4.44 1694
4.45 1702
4.47 1706
4.48 1711
4.49 1716
4.50 1720
4.51 1723
4.52 1729
4.53 1734
4.54 1740
4.55 1744
4.56 1749
4.57 1752
4.58 1755
4.59 1759
4.60 1761
4.61 1766
4.62 1771
4.63 1774
4.65 1779
4.66 1781
4.67 1786
4.68 1792
4.69 1795
4.70 1801
4.71 1803
4.72 1811
4.73 1817
4.74 1822
4.75 1826
4.76 1833
4.77 1841
4.78 1845
4.79 1849
4.80 1851
4.81 1853
4.83 1858
4.84 1864
4.85 1870
4.86 1875
4.87 1879
4.88 1881
4.89 1882
4.90 1884
4.91 1890
4.92 1897
4.93 1904
4.94 1910
4.95 1915
4.96 1918
4.97 1924
4.98 1931
4.99 1937
5.00 1943
5.02 1949
5.03 1956
5.04 1962
5.05 1966
5.06 1971
5.07 1976
5.08 1985
5.09 1991
5.10 1996
5.11 2000
5.12 2004
5.13 2010
5.14 2014
5.15 2018
5.16 2021
5.17 2026
5.18 2030
5.20 2036
5.21 2039
5.22 2043
5.23 2044
5.24 2050
5.25 2056
5.26 2057
5.27 2059
5.28 2064
5.29 2069
5.30 2075
5.31 2080
5.32 2086
5.33 2091
5.34 2096
5.35 2102
5.36 2108
5.38 2113
5.39 2117
5.40 2122
5.41 2127
5.42 2133
5.43 2140
5.44 2145
5.45 2152
5.46 2159
5.47 2164
5.48 2170
5.49 2176
5.50 2178
5.51 2183
5.52 2188
5.53 2193
5.54 2199
5.56 2201
5.57 2205
5.58 2209
5.59 2215
5.60 2219
5.61 2226
5.62 2231
5.63 2237
5.64 2240
5.65 2243
5.66 2245
5.67 2247
5.68 2248
5.69 2251
5.70 2256
5.71 2261
5.72 2267
5.74 2273
5.75 2277
5.76 2284
5.77 2289
5.78 2294
5.79 2298
5.80 2301
5.81 2310
5.82 2315
5.83 2319
5.84 2321
5.85 2328
5.86 2331
5.87 2335
5.88 2338
5.89 2346
5.90 2350
5.91 2354
5.93 2357
5.94 2360
5.95 2364
5.96 2371
5.97 2374
5.98 2381
5.99 2386
6.00 2388
6.01 2394
6.02 2398
6.03 2402
6.04 2406
6.05 2409
6.06 2413
6.07 2417
6.08 2420
6.09 2424
6.11 2428
6.12 2433
6.13 2437
6.14 2443
6.15 2447
6.16 2453
6.17 2458
6.18 2462
6.19 2467
6.20 2472
6.21 2474
6.22 2478
6.23 2482
6.24 2487
6.25 2491
6.26 2497
6.27 2503
6.29 2507
6.30 2510
6.31 2515
6.32 2520
6.33 2523
6.34 2526
6.35 2527
6.36 2527
6.37 2531
6.38 2536
6.39 2540
6.40 2545
6.41 2550
6.42 2553
6.43 2560
6.44 2565
6.45 2570
6.47 2575
6.48 2581
6.49 2584
6.50 2589
6.51 2596
6.52 2601
6.53 2606
6.54 2610
6.55 2616
6.56 2620
6.57 2624
6.58 2628
6.59 2632
6.60 2637
6.61 2641
6.62 2645
6.63 2646
6.65 2654
6.66 2657
6.67 2660
6.68 2667
6.69 2670
6.70 2674
6.71 2675
6.72 2679
6.73 2686
6.74 2692
6.75 2699
6.76 2706
6.77 2712
6.78 2717
6.79 2721
6.80 2726
6.81 2732
6.82 2738
6.84 2741
6.85 2747
6.86 2752
6.87 2758
6.88 2760
6.89 2764
6.90 2768
6.91 2772
6.92 2776
6.93 2782
6.94 2789
6.95 2794
6.96 2799
6.97 2806
6.98 2811
6.99 2816
7.00 2820
7.02 2826
7.03 2829
7.04 2833
7.05 2839
7.06 2845
7.07 2851
7.08 2856
7.09 2859
7.10 2860
7.11 2863
7.12 2868
7.13 2875
7.14 2879
7.15 2882
7.16 2884
7.17 2892
7.18 2898
7.20 2902
7.21 2904
7.22 2908
7.23 2912
7.24 2919
7.25 2922
7.26 2928
7.27 2931
7.28 2935
7.29 2940
7.30 2947
7.31 2957
7.32 2961
7.33 2964
7.34 2967
7.35 2969
7.36 2972
7.38 2975
7.39 2979
7.40 2983
7.41 2986
7.42 2992
7.43 2996
7.44 3001
7.45 3005
7.46 3012
7.47 3019
7.48 3027
7.49 3033
7.50 3039
7.51 3044
7.52 3047
7.53 3049
7.54 3054
7.56 3062
7.57 3066
7.58 3069
7.59 3072
7.60 3081
7.61 3087
7.62 3096
7.63 3102
7.64 3109
7.65 3113
7.66 3116
7.67 3120
7.68 3122
7.69 3125
7.70 3129
7.71 3133
7.72 3139
7.73 3143
7.75 3148
7.76 3152
7.77 3159
7.78 3165
7.79 3169
7.80 3173
7.81 3178
7.82 3184
7.83 3189
7.84 3195
7.85 3201
7.86 3208
7.87 3209
7.88 3213
7.89 3218
7.90 3223
7.91 3230
7.93 3234
7.94 3239
7.95 3246
7.96 3252
7.97 3257
7.98 3265
7.99 3270
8.00 3276
8.01 3280
8.02 3285
8.03 3290
8.04 3292
8.05 3300
8.06 3306
8.07 3312
8.08 3322
8.09 3326
8.11 3331
8.12 3333
8.13 3333
8.14 3340
8.15 3345
8.16 3350
8.17 3354
8.18 3359
8.19 3362
8.20 3365
8.21 3370
8.22 3374
8.23 3381
8.24 3386
8.25 3388
8.26 3393
8.27 3400
8.29 3404
8.30 3409
8.31 3416
8.32 3420
8.33 3424
8.34 3428
8.35 3433
8.36 3435
8.37 3439
8.38 3440
8.39 3445
8.40 3451
8.41 3458
8.42 3464
8.43 3468
8.44 3473
8.45 3480
8.47 3487
8.48 3496
8.49 3501
8.50 3504
8.51 3510
8.52 3514
8.53 3517
8.54 3522
8.55 3527
8.56 3532
8.57 3538
8.58 3543
8.59 3548
8.60 3552
8.61 3556
8.62 3560
8.63 3568
8.64 3572
8.66 3578
8.67 3583
8.68 3587
8.69 3593
8.70 3595
8.71 3598
8.72 3602
8.73 3606
8.74 3609
8.75 3615
8.76 3619
8.77 3624
8.78 3629
8.79 3634
8.80 3638
8.81 3642
8.82 3644
8.84 3647
8.85 3651
8.86 3655
8.87 3663
8.88 3667
8.89 3671
8.90 3676
8.91 3681
8.92 3683
8.93 3687
8.94 3691
8.95 3697
8.96 3702
8.97 3709
8.98 3715
8.99 3721
9.00 3725
9.02 3732
9.03 3737
9.04 3741
9.05 3746
9.06 3749
9.07 3751
9.08 3757
9.09 3759
9.10 3765
9.11 3770
9.12 3775
9.13 3779
9.14 3781
9.15 3785
9.16 3791
9.17 3795
9.18 3799
9.20 3801
9.21 3804
9.22 3807
9.23 3812
9.24 3815
9.25 3818
9.26 3825
9.27 3829
9.28 3834
9.29 3839
9.30 3843
9.31 3847
9.32 3852
9.33 3859
9.34 3864
9.35 3870
9.36 3878
9.38 3886
9.39 3888
9.40 3893
9.41 3901
9.42 3908
9.43 3915
9.44 3921
9.45 3927
9.46 3934
9.47 3937
9.48 3939
9.49 3943
9.50 3949
9.51 3956
9.52 3958
9.53 3962
9.54 3965
9.55 3967
9.57 3971
9.58 3976
9.59 3980
9.60 3982
9.61 3985
9.62 3988
9.63 3990
9.64 3994
9.65 3999
9.66 4002
9.67 4005
9.68 4012
9.69 4017
9.70 4022
9.71 4025
9.72 4033
9.73 4038
9.75 4043
9.76 4045
9.77 4048
9.78 4051
9.79 4054
9.80 4058
9.81 4063
9.82 4068
9.83 4072
9.84 4077
9.85 4080
9.86 4083
9.87 4083
9.88 4086
9.89 4090
9.90 4095
9.91 4099
9.93 4104
9.94 4110
9.95 4115
9.96 4118
9.97 4122
9.98 4126
9.99 4130
10.00 4134
10.01 4138
10.02 4143
10.03 4146
10.04 4151
10.05 4157
10.06 4161
10.07 4168
10.08 4172
10.09 4177
10.11 4182
10.12 4189
10.13 4193
10.14 4196
10.15 4202
10.16 4206
10.17 4210
10.18 4212
10.19 4214
10.20 4215
10.21 4219
10.22 4223
10.23 4228
10.24 4233
10.25 4237
10.26 4242
10.27 4247
10.29 4251
10.30 4256
10.31 4261
10.32 4264
10.33 4269
10.34 4274
10.35 4281
10.36 4284
10.37 4286
10.38 4290
10.39 4294
10.40 4300
10.41 4308
10.42 4312
10.43 4319
10.44 4323
10.45 4325
10.46 4329
10.48 4335
10.49 4340
10.50 4343
10.51 4349
10.52 4353
10.53 4357
10.54 4362
10.55 4368
10.56 4371
10.57 4378
10.58 4381
10.59 4384
10.60 4389
10.61 4393
10.62 4398
10.63 4405
10.64 4410
10.66 4414
10.67 4418
10.68 4421
10.69 4425
10.70 4428
10.71 4435
10.72 4437
10.73 4441
10.74 4446
10.75 4452
10.76 4458
10.77 4460
10.78 4465
10.79 4470
10.80 4473
10.81 4480
10.82 4485
10.84 4489
10.85 4492
10.86 4496
10.87 4500
10.88 4505
10.89 4509
10.90 4513
10.91 4521
10.92 4527
10.93 4531
10.94 4535
10.95 4537
10.96 4541
10.97 4544
10.98 4550
10.99 4552
11.00 4556
11.02 4561
11.03 4564
11.04 4567
11.05 4568
11.06 4573
11.07 4577
11.08 4582
11.09 4586
11.10 4590
11.11 4593
11.12 4599
11.13 4606
11.14 4610
11.15 4611
11.16 4617
11.17 4623
11.18 4625
11.20 4629
11.21 4634
11.22 4641
11.23 4647
11.24 4653
11.25 4657
11.26 4665
11.27 4671
11.28 4676
11.29 4682
11.30 4685
11.31 4690
11.32 4696
11.33 4699
11.34 4703
11.35 4707
11.36 4712
11.37 4716
11.39 4720
11.40 4726
11.41 4731
11.42 4734
11.43 4742
11.44 4750
11.45 4759
11.46 4767
11.47 4771
11.48 4774
11.49 4780
11.50 4786
11.51 4791
11.52 4797
11.53 4800
11.54 4803
11.55 4810
11.57 4814
11.58 4819
11.59 4823
11.60 4825
11.61 4830
11.62 4837
11.63 4841
11.64 4847
11.65 4852
11.66 4858
11.67 4863
11.68 4867
11.69 4871
11.70 4878
11.71 4883
11.72 4886
11.73 4891
11.75 4897
11.76 4900
11.77 4907
11.78 4912
11.79 4917
11.80 4923
11.81 4932
11.82 4937
11.83 4940
11.84 4943
11.85 4947
11.86 4949
11.87 4955
11.88 4960
11.89 4963
11.90 4966
11.91 4970
11.93 4976
11.94 4981
11.95 4986
11.96 4990
11.97 4994
11.98 4996
11.99 5002
12.00 5004
12.01 5006
12.02 5011
12.03 5014
12.04 5017
12.05 5018
12.06 5022
12.07 5024
12.08 5024
12.09 5029
12.11 5034
12.12 5039
12.13 5046
12.14 5051
12.15 5058
12.16 5064
12.17 5068
12.18 5073
12.19 5076
12.20 5078
12.21 5081
12.22 5087
12.23 5093
12.24 5098
12.25 5101
12.26 5107
12.27 5113
12.28 5117
12.30 5120
12.31 5125
12.32 5130
12.33 5136
12.34 5142
12.35 5146
12.36 5147
12.37 5150
12.38 5155
12.39 5160
12.40 5166
12.41 5171
12.42 5174
12.43 5181
12.44 5188
12.45 5192
12.46 5197
12.48 5203
12.49 5207
12.50 5212
12.51 5218
12.52 5224
12.53 5229
12.54 5235
12.55 5242
12.56 5247
12.57 5253
12.58 5260
12.59 5264
12.60 5271
12.61 5276
12.62 5284
12.63 5288
12.64 5294
12.66 5300
12.67 5307
12.68 5315
12.69 5320
12.70 5326
12.71 5333
12.72 5340
12.73 5345
12.74 5348
12.75 5352
12.76 5356
12.77 5362
12.78 5365
12.79 5367
12.80 5375
12.81 5380
12.82 5385
12.84 5391
12.85 5396
12.86 5400
12.87 5406
12.88 5411
12.89 5414
12.90 5418
12.91 5421
12.92 5424
12.93 5427
12.94 5434
12.95 5439
12.96 5442
12.97 5447
12.98 5452
12.99 5458
13.00 5463
13.02 5467
13.03 5472
13.04 5476
13.05 5479
13.06 5483
13.07 5487
13.08 5490
13.09 5495
13.10 5501
13.11 5504
13.12 5508
13.13 5513
13.14 5519
13.15 5524
13.16 5527
13.17 5532
13.18 5538
13.19 5542
13.21 5546
13.22 5549
13.23 5553
13.24 5558
13.25 5562
13.26 5567
13.27 5574
13.28 5578
13.29 5583
13.30 5587
13.31 5590
13.32 5593
13.33 5597
13.34 5602
13.35 5606
13.36 5612
13.37 5617
13.39 5622
13.40 5628
13.41 5633
13.42 5639
13.43 5643
13.44 5648
13.45 5650
13.46 5654
13.47 5659
13.48 5660
13.49 5665
13.50 5670
13.51 5675
13.52 5680
13.53 5687
13.54 5689
13.55 5693
13.57 5695
13.58 5699
13.59 5702
13.60 5709
13.61 5712
13.62 5717
13.63 5722
13.64 5728
13.65 5732
13.66 5737
13.67 5744
13.68 5748
13.69 5754
13.70 5759
13.71 5764
13.72 5771
13.73 5776
13.75 5781
13.76 5787
13.77 5790
13.78 5793
13.79 5797
13.80 5800
13.81 5806
13.82 5809
13.83 5813
13.84 5817
13.85 5821
13.86 5824
13.87 5833
13.88 5838
13.89 5843
13.90 5846
13.91 5850
13.93 5858
13.94 5863
13.95 5869
13.96 5874
13.97 5878
13.98 5883
13.99 5885
14.00 5887
14.01 5890
14.02 5894
14.03 5894
14.04 5898
14.05 5898
14.06 5904
14.07 5910
14.08 5915
14.09 5918
14.10 5922
14.12 5924
14.13 5929
14.14 5932
14.15 5935
14.16 5937
14.17 5940
14.18 5944
14.19 5950
14.20 5954
14.21 5959
14.22 5962
14.23 5969
14.24 5971
14.25 5977
14.26 5984
14.27 5989
14.28 5994
14.30 6000
14.31 6005
14.32 6010
14.33 6014
14.34 6018
14.35 6021
14.36 6026
14.37 6028
14.38 6034
14.39 6040
14.40 6044
14.41 6050
14.42 6055
14.43 6057
14.44 6061
14.45 6066
14.46 6071
14.48 6073
14.49 6075
14.50 6082
14.51 6090
14.52 6094
14.53 6099
14.54 6103
14.55 6109
14.56 6117
14.57 6124
14.58 6128
14.59 6131
14.60 6135
14.61 6136
14.62 6140
14.63 6143
14.64 6145
14.66 6148
14.67 6152
14.68 6159
14.69 6163
14.70 6168
14.71 6175
14.72 6180
14.73 6189
14.74 6195
14.75 6200
14.76 6203
14.77 6207
14.78 6211
14.79 6218
14.80 6223
14.81 6228
14.82 6235
14.83 6240
14.85 6248
14.86 6253
14.87 6257
14.88 6265
14.89 6269
14.90 6273
14.91 6275
14.92 6277
14.93 6281
14.94 6284
14.95 6288
14.96 6293
14.97 6295
14.98 6296
14.99 6299
15.00 6307
15.01 6309
15.03 6311
15.04 6317
15.05 6321
15.06 6326
15.07 6327
15.08 6330
15.09 6334
15.10 6338
15.11 6344
15.12 6347
15.13 6351
15.14 6353
15.15 6362
15.16 6366
15.17 6372
15.18 6378
15.19 6382
15.21 6385
15.22 6390
15.23 6394
15.24 6398
15.25 6403
15.26 6408
15.27 6412
15.28 6415
15.29 6420
15.30 6426
15.31 6430
15.32 6434
15.33 6439
15.34 6445
15.35 6449
15.36 6454
15.37 6458
15.39 6463
15.40 6467
15.41 6470
15.42 6477
15.43 6481
15.44 6485
15.45 6489
15.46 6494
15.47 6503
15.48 6508
15.49 6513
15.50 6519
15.51 6520
15.52 6524
15.53 6529
15.54 6533
15.55 6538
15.57 6542
15.58 6547
15.59 6551
15.60 6557
15.61 6562
15.62 6566
15.63 6570
15.64 6576
15.65 6582
15.66 6586
15.67 6592
15.68 6595
15.69 6599
15.70 6603
15.71 6607
15.72 6612
15.73 6616
15.74 6621
15.76 6626
15.77 6632
15.78 6636
15.79 6641
15.80 6646
15.81 6653
15.82 6657
15.83 6664
15.84 6668
15.85 6673
15.86 6678
15.87 6682
15.88 6686
15.89 6692
15.90 6695
15.91 6703
15.92 6709
15.94 6716
15.95 6721
15.96 6724
15.97 6729
15.98 6736
15.99 6741
16.00 6746
16.01 6750
16.02 6753
16.03 6755
16.04 6759
16.05 6763
16.06 6771
16.07 6772
16.08 6777
16.09 6780
16.10 6781
16.12 6785
16.13 6792
16.14 6795
16.15 6799
16.16 6803
16.17 6805
16.18 6807
16.19 6812
16.20 6817
16.21 6823
16.22 6829
16.23 6832
16.24 6837
16.25 6842
16.26 6846
16.27 6851
16.28 6855
16.30 6859
16.31 6863
16.32 6867
16.33 6871
16.34 6873
16.35 6877
16.36 6883
16.37 6889
16.38 6892
16.39 6896
16.40 6901
16.41 6906
16.42 6910
16.43 6917
16.44 6923
16.45 6930
16.46 6932
16.48 6934
16.49 6938
16.50 6943
16.51 6948
16.52 6954
16.53 6958
16.54 6959
16.55 6964
16.56 6967
16.57 6969
16.58 6973
16.59 6973
16.60 6976
16.61 6982
16.62 6988
16.63 6993
16.64 6998
16.65 7004
16.67 7012
16.68 7018
16.69 7023
16.70 7027
16.71 7034
16.72 7038
16.73 7043
16.74 7046
16.75 7051
16.76 7053
16.77 7057
16.78 7062
16.79 7068
16.80 7073
16.81 7077
16.82 7078
16.83 7084
16.85 7086
16.86 7089
16.87 7095
16.88 7100
16.89 7105
16.90 7110
16.91 7115
16.92 7122
16.93 7126
16.94 7132
16.95 7134
16.96 7140
16.97 7142
16.98 7149
16.99 7152
17.00 7158
17.01 7163
17.03 7167
17.04 7170
17.05 7174
17.06 7176
17.07 7180
17.08 7187
17.09 7192
17.10 7195
17.11 7201
17.12 7205
17.13 7212
17.14 7216
17.15 7223
17.16 7227
17.17 7233
17.18 7239
17.19 7246
17.21 7251
17.22 7256
17.23 7260
17.24 7265
17.25 7273
17.26 7278
17.27 7281
17.28 7285
17.29 7290
17.30 7293
17.31 7298
17.32 7305
17.33 7313
17.34 7318
17.35 7323
17.36 7327
17.37 7329
17.39 7337
17.40 7340
17.41 7343
17.42 7348
17.43 7355
17.44 7360
17.45 7363
17.46 7370
17.47 7374
17.48 7379
17.49 7383
17.50 7386
17.51 7391
17.52 7394
17.53 7397
17.54 7403
17.55 7408
17.56 7414
17.58 7417
17.59 7422
17.60 7431
17.61 7435
17.62 7440
17.63 7443
17.64 7448
17.65 7454
17.66 7458
17.67 7461
17.68 7465
17.69 7468
17.70 7475
17.71 7480
17.72 7486
17.73 7492
17.74 7498
17.76 7503
17.77 7506
17.78 7509
17.79 7513
17.80 7521
17.81 7525
17.82 7530
17.83 7534
17.84 7540
17.85 7543
17.86 7547
17.87 7550
17.88 7555
17.89 7561
17.90 7566
17.91 7568
17.92 7571
17.94 7577
17.95 7580
17.96 7584
17.97 7588
17.98 7593
17.99 7596
18.00 7599
18.01 7605
18.02 7610
18.03 7615
18.04 7618
18.05 7622
18.06 7624
18.07 7630
18.08 7633
18.09 7639
18.10 7642
18.12 7647
18.13 7651
18.14 7658
18.15 7661
18.16 7667
18.17 7673
18.18 7681
18.19 7689
18.20 7694
18.21 7698
18.22 7703
18.23 7709
18.24 7712
18.25 7718
18.26 7722
18.27 7726
18.28 7731
18.30 7736
18.31 7742
18.32 7749
18.33 7756
18.34 7762
18.35 7767
18.36 7773
18.37 7778
18.38 7781
18.39 7785
18.40 7795
18.41 7802
18.42 7806
18.43 7813
18.44 7819
18.45 7823
18.46 7828
18.47 7835
18.49 7841
18.50 7846
18.51 7849
18.52 7857
18.53 7865
18.54 7867
18.55 7872
18.56 7880
18.57 7887
18.58 7894
18.59 7899
18.60 7900
18.61 7905
18.62 7911
18.63 7913
18.64 7916
18.65 7921
18.67 7924
18.68 7929
18.69 7933
18.70 7937
18.71 7940
18.72 7945
18.73 7949
18.74 7953
18.75 7958
18.76 7963
18.77 7969
18.78 7974
18.79 7978
18.80 7979
18.81 7985
18.82 7994
18.83 7998
18.85 7999
18.86 8003
18.87 8007
18.88 8011
18.89 8016
18.90 8020
18.91 8026
18.92 8032
18.93 8036
18.94 8039
18.95 8048
18.96 8054
18.97 8060
18.98 8061
18.99 8064
19.00 8067
19.01 8072
19.03 8075
19.04 8081
19.05 8085
19.06 8090
19.07 8094
19.08 8095
19.09 8098
19.10 8104
19.11 8107
19.12 8108
19.13 8112
19.14 8117
19.15 8120
19.16 8128
19.17 8132
19.18 8138
19.19 8142
19.21 8145
19.22 8150
19.23 8156
19.24 8160
19.25 8165
19.26 8171
19.27 8177
19.28 8184
19.29 8186
19.30 8191
19.31 8196
19.32 8201
19.33 8206
19.34 8213
19.35 8221
19.36 8226
19.37 8231
19.38 8235
19.40 8239
19.41 8242
19.42 8245
19.43 8248
19.44 8251
19.45 8255
19.46 8259
19.47 8265
19.48 8273
19.49 8278
19.50 8282
19.51 8287
19.52 8293
19.53 8297
19.54 8302
19.55 8309
19.56 8318
19.58 8325
19.59 8330
19.60 8336
19.61 8341
19.62 8347
19.63 8354
19.64 8360
19.65 8366
19.66 8370
19.67 8375
19.68 8378
19.69 8379
19.70 8380
19.71 8386
19.72 8387
19.73 8391
19.74 8395
19.76 8403
19.77 8406
19.78 8413
19.79 8416
19.80 8420
19.81 8425
19.82 8428
19.83 8431
19.84 8436
19.85 8441
19.86 8444
19.87 8448
19.88 8454
19.89 8459
19.90 8462
19.91 8465
19.92 8467
19.94 8470
19.95 8472
19.96 8477
19.97 8481
19.98 8482
19.99 8485
20.00 8488
20.01 8491
20.02 8494
20.03 8498
20.04 8501
20.05 8504
20.06 8509
20.07 8516
20.08 8521
20.09 8523
20.10 8529
20.12 8533
20.13 8537
20.14 8542
20.15 8546
20.16 8549
20.17 8555
20.18 8561
20.19 8568
20.20 8576
20.21 8579
20.22 8582
20.23 8584
20.24 8585
20.25 8590
20.26 8593
20.27 8593
20.28 8597
20.29 8600
20.31 8605
20.32 8611
20.33 8619
20.34 8624
20.35 8629
20.36 8633
20.37 8637
20.38 8642
20.39 8646
20.40 8654
20.41 8660
20.42 8666
20.43 8669
20.44 8676
20.45 8681
20.46 8691
20.47 8693
20.49 8697
20.50 8702
20.51 8706
20.52 8710
20.53 8712
20.54 8720
20.55 8724
20.56 8729
20.57 8732
20.58 8734
20.59 8738
20.60 8741
20.61 8741
20.62 8743
20.63 8746
20.64 8750
20.65 8754
20.67 8760
20.68 8765
20.69 8771
20.70 8775
20.71 8782
20.72 8788
20.73 8793
20.74 8797
20.75 8802
20.76 8802
20.77 8808
20.78 8814
20.79 8816
20.80 8820
20.81 8822
20.82 8828
20.83 8834
20.85 8837
20.86 8839
20.87 8846
20.88 8850
20.89 8856
20.90 8863
20.91 8867
20.92 8871
20.93 8876
20.94 8881
20.95 8886
20.96 8892
20.97 8898
20.98 8902
20.99 8906
21.00 8908
21.01 8910
21.03 8912
21.04 8913
21.05 8920
21.06 8925
21.07 8929
21.08 8929
21.09 8933
21.10 8938
21.11 8940
21.12 8941
21.13 8948
21.14 8950
21.15 8955
21.16 8961
21.17 8964
21.18 8967
21.19 8976
21.20 8981
21.22 8987
21.23 8992
21.24 8998
21.25 9002
21.26 9005
21.27 9010
21.28 9015
21.29 9020
21.30 9026
21.31 9031
21.32 9035
21.33 9041
21.34 9048
21.35 9052
21.36 9058
21.37 9063
21.38 9067
21.40 9074
21.41 9076
21.42 9083
21.43 9088
21.44 9095
21.45 9099
21.46 9102
21.47 9109
21.48 9115
21.49 9119
21.50 9124
21.51 9128
21.52 9132
21.53 9137
21.54 9142
21.55 9146
21.56 9153
21.58 9158
21.59 9162
21.60 9169
21.61 9173
21.62 9180
21.63 9185
21.64 9190
21.65 9193
21.66 9196
21.67 9199
21.68 9205
21.69 9209
21.70 9213
21.71 9218
21.72 9222
21.73 9229
21.74 9232
21.76 9235
21.77 9240
21.78 9247
21.79 9256
21.80 9260
21.81 9266
21.82 9271
21.83 9274
21.84 9279
21.85 9284
21.86 9285
21.87 9288
21.88 9291
21.89 9292
21.90 9295
21.91 9299
21.92 9300
21.94 9302
21.95 9306
21.96 9307
21.97 9311
21.98 9314
21.99 9317
22.00 9320
22.01 9325
22.02 9327
22.03 9329
22.04 9330
22.05 9336
22.06 9339
22.07 9342
22.08 9347
22.09 9349
22.10 9353
22.11 9356
22.13 9361
22.14 9364
22.15 9367
22.16 9369
22.17 9372
22.18 9373
22.19 9379
22.20 9382
22.21 9388
22.22 9393
22.23 9396
22.24 9400
22.25 9401
22.26 9405
22.27 9408
22.28 9413
22.29 9414
22.31 9417
22.32 9420
22.33 9422
22.34 9429
22.35 9434
22.36 9439
22.37 9443
22.38 9444
22.39 9447
22.40 9449
22.41 9449
22.42 9453
22.43 9456
22.44 9457
22.45 9458
22.46 9459
22.47 9465
22.49 9467
22.50 9469
22.51 9469
22.52 9472
22.53 9476
22.54 9480
22.55 9481
22.56 9484
22.57 9487
22.58 9488
22.59 9492
22.60 9493
22.61 9496
22.62 9497
22.63 9506
22.64 9508
22.65 9510
22.67 9510
22.68 9512
22.69 9519
22.70 9522
22.71 9526
22.72 9528
22.73 9529
22.74 9531
22.75 9534
22.76 9540
22.77 9548
22.78 9551
22.79 9556
22.80 9561
22.81 9567
22.82 9572
22.83 9578
22.85 9589
22.86 9596
22.87 9601
22.88 9605
22.89 9607
22.90 9610
22.91 9618
22.92 9623
22.93 9625
22.94 9631
22.95 9637
22.96 9642
22.97 9645
22.98 9652
22.99 9654
23.00 9655
23.01 9660
23.02 9664
23.04 9668
23.05 9670
23.06 9674
23.07 9679
23.08 9681
23.09 9683
23.10 9691
23.11 9693
23.12 9699
23.13 9703
23.14 9710
23.15 9714
23.16 9721
23.17 9725
23.18 9729
23.19 9730
23.20 9733
23.22 9738
23.23 9742
23.24 9747
23.25 9752
23.26 9759
23.27 9765
23.28 9767
23.29 9774
23.30 9779
23.31 9781
23.32 9785
23.33 9790
23.34 9793
23.35 9795
23.36 9800
23.37 9807
23.38 9813
23.40 9820
23.41 9826
23.42 9831
23.43 9836
23.44 9843
23.45 9849
23.46 9854
23.47 9861
23.48 9866
23.49 9871
23.50 9873
23.51 9879
23.52 9883
23.53 9885
23.54 9891
23.55 9898
23.56 9903
23.58 9910
23.59 9917
23.60 9922
23.61 9925
23.62 9931
23.63 9933
23.64 9938
23.65 9941
23.66 9943
23.67 9947
23.68 9949
23.69 9950
23.70 9952
23.71 9955
23.72 9959
23.73 9964
23.74 9968
23.76 9970
23.77 9974
23.78 9974
23.79 9981
23.80 9985
23.81 9988
23.82 9991
23.83 9995
23.84 10004
23.85 10008
23.86 10015
23.87 10019
23.88 10024
23.89 10031
23.90 10034
23.91 10037
23.92 10040
23.93 10042
23.95 10043
23.96 10045
23.97 10046
23.98 10048
23.99 10051
24.00 10051
24.01 10055
24.02 10058
24.03 10059
24.04 10060
24.05 10064
24.06 10064
24.07 10065
24.08 10066
24.09 10072
24.10 10075
24.11 10078
24.13 10079
24.14 10082
24.15 10085
24.16 10091
24.17 10095
24.18 10102
24.19 10108
24.20 10116
24.21 10124
24.22 10128
24.23 10128
24.24 10128
24.25 10132
24.26 10133
24.27 10134
24.28 10135
24.29 10138
24.31 10142
24.32 10142
24.33 10146
24.34 10147
24.35 10149
24.36 10149
24.37 10152
24.38 10154
24.39 10154
24.40 10155
24.41 10155
24.42 10155
24.43 10158
24.44 10159
24.45 10160
24.46 10160
24.47 10160
24.49 10161
24.50 10161
24.51 10162
24.52 10163
24.53 10163
24.54 10163
24.55 10163
24.56 10163
24.57 10164
24.58 10164
24.59 10164
24.60 10164
24.61 10165
24.62 10166
24.63 10166
24.64 10169
24.65 10171
24.67 10173
24.68 10173
24.69 10178
24.70 10180
24.71 10181
24.72 10181
24.73 10183
24.74 10183
24.75 10184
24.76 10185
24.77 10185
24.78 10185
24.79 10187
24.80 10188
24.81 10188
24.82 10189
24.83 10189
24.84 10193
24.86 10193
24.87 10195
24.88 10198
24.89 10200
24.90 10200
24.91 10203
24.92 10203
24.93 10203
24.94 10204
24.95 10204
24.96 10204
24.97 10205
24.98 10207
24.99 10207
25.00 10208
25.01 10209
25.02 10211
25.04 10211
25.05 10213
25.06 10213
25.07 10213
25.08 10213
25.09 10215
25.10 10216
25.11 10216
25.12 10217
25.13 10217
25.14 10217
25.15 10220
25.16 10221
25.17 10221
25.18 10221
25.19 10222
25.20 10224
25.22 10226
25.23 10226
25.24 10227
25.25 10227
25.26 10227
25.27 10227
25.28 10229
25.29 10230
25.30 10230
25.31 10230
25.32 10230
25.33 10230
25.34 10230
25.35 10232
25.36 10233
25.37 10233
25.38 10234
25.40 10235
25.41 10238
25.42 10238
25.43 10238
25.44 10238
25.45 10238
25.46 10238
25.47 10239
25.48 10249
25.49 10249
25.50 10249
25.51 10249
25.52 10249
25.53 10249
25.54 10254
25.55 10255
25.56 10255
25.58 10255
25.59 10255
25.60 10257
25.61 10257
25.62 10257
25.63 10258
25.64 10258
25.65 10258
25.66 10258
25.67 10261
25.68 10262
25.69 10262
25.70 10262
25.71 10262
25.72 10262
25.73 10262
25.74 10268
25.75 10269
25.77 10269
25.78 10269
25.79 10269
25.80 10271
25.81 10271
25.82 10271
25.83 10271
25.84 10271
25.85 10271
25.86 10271
25.87 10271
25.88 10274
25.89 10274
25.90 10274
25.91 10278
25.92 10279
25.93 10279
25.95 10279
25.96 10279
25.97 10282
25.98 10282
25.99 10282
26.00 10283
26.01 10283
26.02 10283
26.03 10283
26.04 10283
26.05 10283
26.06 10283
26.07 10284
26.08 10284
26.09 10285
26.10 10290
26.11 10291
26.13 10291
26.14 10291
26.15 10292
26.16 10292
26.17 10292
26.18 10292
26.19 10292
26.20 10292
26.21 10292
26.22 10292
26.23 10292
26.24 10293
26.25 10293
26.26 10293
26.27 10295
26.28 10296
26.29 10298
26.31 10300
26.32 10302
26.33 10304
26.34 10304
26.35 10310
26.36 10313
26.37 10316
26.38 10316
26.39 10322
26.40 10325
26.41 10325
26.42 10332
26.43 10338
26.44 10345
26.45 10351
26.46 10355
26.47 10361
26.49 10369
26.50 10376
26.51 10383
26.52 10389
26.53 10395
26.54 10400
26.55 10408
26.56 10417
26.57 10424
26.58 10432
26.59 10437
26.60 10442
26.61 10445
26.62 10450
26.63 10456
26.64 10464
26.65 10469
26.66 10473
26.68 10476
26.69 10480
26.70 10486
26.71 10494
26.72 10498
26.73 10504
26.74 10509
26.75 10514
26.76 10522
26.77 10527
26.78 10532
26.79 10538
26.80 10542
26.81 10546
26.82 10550
26.83 10560
26.84 10566
26.86 10570
26.87 10575
26.88 10578
26.89 10583
26.90 10585
26.91 10591
26.92 10595
26.93 10600
26.94 10604
26.95 10610
26.96 10615
26.97 10620
26.98 10625
26.99 10628
27.00 10632
27.01 10638
27.02 10642
27.04 10648
27.05 10654
27.06 10659
27.07 10666
27.08 10671
27.09 10676
27.10 10681
27.11 10685
27.12 10690
27.13 10696
27.14 10699
27.15 10702
27.16 10706
27.17 10712
27.18 10717
27.19 10723
27.20 10729
27.22 10733
27.23 10738
27.24 10742
27.25 10748
27.26 10753
27.27 10758
27.28 10764
27.29 10769
27.30 10774
27.31 10778
27.32 10782
27.33 10789
27.34 10794
27.35 10799
27.36 10802
27.37 10809
27.38 10815
27.40 10818
27.41 10822
27.42 10824
27.43 10827
27.44 10828
27.45 10830
27.46 10834
27.47 10839
27.48 10844
27.49 10848
27.50 10851
27.51 10854
27.52 10860
27.53 10862
27.54 10865
27.55 10869
27.56 10872
27.57 10876
27.59 10881
27.60 10887
27.61 10894
27.62 10899
27.63 10903
27.64 10906
27.65 10909
27.66 10912
27.67 10918
27.68 10924
27.69 10930
27.70 10931
27.71 10937
27.72 10943
27.73 10948
27.74 10952
27.75 10956
27.77 10960
27.78 10965
27.79 10972
27.80 10976
27.81 10980
27.82 10984
27.83 10987
27.84 10989
27.85 10991
27.86 10991
27.87 10999
27.88 11002
27.89 11007
27.90 11010
27.91 11015
27.92 11019
27.93 11023
27.95 11028
27.96 11032
27.97 11037
27.98 11041
27.99 11042
28.00 11045
28.01 11052
28.02 11060
28.03 11065
28.04 11068
28.05 11074
28.06 11077
28.07 11083
28.08 11086
28.09 11091
28.10 11098
28.11 11104
28.13 11110
28.14 11114
28.15 11120
28.16 11124
28.17 11128
28.18 11132
28.19 11139
28.20 11144
28.21 11150
28.22 11155
28.23 11159
28.24 11166
28.25 11171
28.26 11174
28.27 11176
28.28 11180
28.29 11183
28.31 11187
28.32 11192
28.33 11196
28.34 11198
28.35 11202
28.36 11204
28.37 11210
28.38 11212
28.39 11216
28.40 11219
28.41 11219
28.42 11221
28.43 11222
28.44 11225
28.45 11230
28.46 11233
28.47 11239
28.48 11245
28.50 11248
28.51 11253
28.52 11257
28.53 11259
28.54 11265
28.55 11270
28.56 11274
28.57 11278
28.58 11283
28.59 11286
28.60 11291
28.61 11298
28.62 11303
28.63 11307
28.64 11310
28.65 11314
28.66 11317
28.68 11320
28.69 11323
28.70 11329
28.71 11332
28.72 11340
28.73 11347
28.74 11353
28.75 11361
28.76 11368
28.77 11372
28.78 11377
28.79 11383
28.80 11390
28.81 11398
28.82 11401
28.83 11406
28.84 11411
28.86 11417
28.87 11420
28.88 11423
28.89 11427
28.90 11433
28.91 11439
28.92 11444
28.93 11452
28.94 11458
28.95 11465
28.96 11471
28.97 11477
28.98 11481
28.99 11485
29.00 11488
29.01 11495
29.02 11500
29.04 11503
29.05 11511
29.06 11515
29.07 11520
29.08 11527
29.09 11531
29.10 11534
29.11 11538
29.12 11544
29.13 11546
29.14 11551
29.15 11556
29.16 11563
29.17 11568
29.18 11574
29.19 11578
29.20 11582
29.21 11586
29.23 11596
29.24 11602
29.25 11608
29.26 11613
29.27 11620
29.28 11625
29.29 11629
29.30 11637
29.31 11641
29.32 11645
29.33 11649
29.34 11653
29.35 11659
29.36 11666
29.37 11672
29.38 11675
29.39 11678
29.41 11682
29.42 11687
29.43 11689
29.44 11695
29.45 11699
29.46 11706
29.47 11710
29.48 11713
29.49 11721
29.50 11726
29.51 11730
29.52 11735
29.53 11742
29.54 11748
29.55 11753
29.56 11755
29.57 11762
29.59 11766
29.60 11773
29.61 11777
29.62 11784
29.63 11787
29.64 11794
29.65 11799
29.66 11805
29.67 11811
29.68 11818
29.69 11825
29.70 11830
29.71 11836
29.72 11842
29.73 11847
29.74 11855
29.75 11861
29.77 11868
29.78 11874
29.79 11879
29.80 11884
29.81 11889
29.82 11892
29.83 11898
29.84 11905
29.85 11909
29.86 11915
29.87 11917
29.88 11922
29.89 11926
29.90 11934
29.91 11937
29.92 11942
29.93 11946
29.95 11950
29.96 11955
29.97 11959
29.98 11963
29.99 11969
30.00 11974
30.01 11977
30.02 11981
30.03 11987
30.04 11991
30.05 11995
30.06 11998
30.07 12002
30.08 12008
30.09 12015
30.10 12021
30.11 12026
30.12 12032
30.14 12039
30.15 12043
30.16 12047
30.17 12053
30.18 12059
30.19 12064
30.20 12069
30.21 12073
30.22 12080
30.23 12084
30.24 12090
30.25 12093
30.26 12101
30.27 12105
30.28 12110
30.29 12115
30.30 12122
30.32 12126
30.33 12130
30.34 12136
30.35 12141
30.36 12146
30.37 12152
30.38 12156
30.39 12160
30.40 12167
30.41 12175
30.42 12179
30.43 12186
30.44 12190
30.45 12196
30.46 12202
30.47 12206
30.48 12211
30.50 12214
30.51 12222
30.52 12226
30.53 12230
30.54 12235
30.55 12240
30.56 12247
30.57 12253
30.58 12259
30.59 12266
30.60 12272
30.61 12277
30.62 12279
30.63 12286
30.64 12291
30.65 12295
30.66 12300
30.68 12304
30.69 12311
30.70 12316
30.71 12321
30.72 12325
30.73 12330
30.74 12334
30.75 12338
30.76 12344
30.77 12350
30.78 12356
30.79 12362
30.80 12368
30.81 12372
30.82 12375
30.83 12383
30.84 12388
30.86 12392
30.87 12396
30.88 12402
30.89 12407
30.90 12412
30.91 12417
30.92 12420
30.93 12425
30.94 12430
30.95 12434
30.96 12440
30.97 12443
30.98 12447
30.99 12454
31.00 12458
31.01 12460
31.02 12463
31.03 12467
31.05 12470
31.06 12474
31.07 12478
31.08 12483
31.09 12489
31.10 12496
31.11 12501
31.12 12503
31.13 12509
31.14 12514
31.15 12520
31.16 12526
31.17 12531
31.18 12534
31.19 12539
31.20 12545
31.21 12551
31.23 12555
31.24 12559
31.25 12562
31.26 12566
31.27 12569
31.28 12573
31.29 12578
31.30 12582
31.31 12587
31.32 12592
31.33 12598
31.34 12605
31.35 12610
31.36 12612
31.37 12614
31.38 12619
31.39 12623
31.41 12626
31.42 12633
31.43 12637
31.44 12639
31.45 12645
31.46 12651
31.47 12658
31.48 12663
31.49 12666
31.50 12671
31.51 12676
31.52 12680
31.53 12685
31.54 12692
31.55 12699
31.56 12705
31.57 12712
31.59 12718
31.60 12724
31.61 12728
31.62 12735
31.63 12740
31.64 12744
31.65 12748
31.66 12756
31.67 12761
31.68 12767
31.69 12776
31.70 12782
31.71 12786
31.72 12792
31.73 12796
31.74 12799
31.75 12805
31.77 12807
31.78 12813
31.79 12820
31.80 12824
31.81 12830
31.82 12836
31.83 12842
31.84 12846
31.85 12853
31.86 12857
31.87 12862
31.88 12867
31.89 12870
31.90 12874
31.91 12878
31.92 12882
31.93 12887
31.94 12891
31.96 12897
31.97 12902
31.98 12905
31.99 12910
32.00 12914
32.01 12918
32.02 12925
32.03 12932
32.04 12938
32.05 12944
32.06 12950
32.07 12954
32.08 12959
32.09 12963
32.10 12967
32.11 12972
32.12 12978
32.14 12984
32.15 12991
32.16 12994
32.17 13001
32.18 13004
32.19 13007
32.20 13013
32.21 13016
32.22 13022
32.23 13026
32.24 13029
32.25 13034
32.26 13039
32.27 13044
32.28 13050
32.29 13055
32.30 13061
32.32 13066
32.33 13069
32.34 13074
32.35 13078
32.36 13083
32.37 13088
32.38 13092
32.39 13099
32.40 13105
32.41 13109
32.42 13114
32.43 13120
32.44 13125
32.45 13130
32.46 13135
32.47 13138
32.48 13143
32.50 13147
32.51 13149
32.52 13152
32.53 13155
32.54 13159
32.55 13162
32.56 13170
32.57 13175
32.58 13178
32.59 13183
32.60 13188
32.61 13192
32.62 13197
32.63 13200
32.64 13205
32.65 13208
32.66 13215
32.68 13218
32.69 13222
32.70 13226
32.71 13230
32.72 13236
32.73 13241
32.74 13245
32.75 13251
32.76 13256
32.77 13261
32.78 13266
32.79 13271
32.80 13278
32.81 13284
32.82 13289
32.83 13295
32.84 13303
32.85 13309
32.87 13312
32.88 13318
32.89 13323
32.90 13326
32.91 13332
32.92 13332
32.93 13333
32.94 13339
32.95 13346
32.96 13350
32.97 13354
32.98 13357
32.99 13365
33.00 13371
33.01 13374
33.02 13379
33.03 13385
33.05 13391
33.06 13397
33.07 13401
33.08 13407
33.09 13413
33.10 13418
33.11 13425
33.12 13429
33.13 13434
33.14 13440
33.15 13443
33.16 13447
33.17 13452
33.18 13453
33.19 13458
33.20 13463
33.21 13469
33.23 13474
33.24 13479
33.25 13484
33.26 13489
33.27 13493
33.28 13498
33.29 13503
33.30 13507
33.31 13511
33.32 13518
33.33 13523
33.34 13529
33.35 13531
33.36 13534
33.37 13535
33.38 13542
33.39 13546
33.41 13554
33.42 13559
33.43 13567
33.44 13572
33.45 13577
33.46 13582
33.47 13589
33.48 13593
33.49 13600
33.50 13606
33.51 13609
33.52 13612
33.53 13617
33.54 13620
33.55 13624
33.56 13627
33.57 13636
33.59 13642
33.60 13646
33.61 13653
33.62 13654
33.63 13657
33.64 13661
33.65 13665
33.66 13672
33.67 13677
33.68 13682
33.69 13684
33.70 13689
33.71 13695
33.72 13701
33.73 13706
33.74 13708
33.75 13712
33.76 13716
33.78 13722
33.79 13728
33.80 13733
33.81 13738
33.82 13744
33.83 13748
33.84 13753
33.85 13758
33.86 13762
33.87 13768
33.88 13776
33.89 13780
33.90 13785
33.91 13789
33.92 13794
33.93 13795
33.94 13796
33.96 13800
33.97 13806
33.98 13810
33.99 13814
34.00 13819
34.01 13822
34.02 13828
34.03 13834
34.04 13839
34.05 13843
34.06 13848
34.07 13855
34.08 13860
34.09 13867
34.10 13871
34.11 13876
34.12 13881
34.14 13886
34.15 13889
34.16 13893
34.17 13896
34.18 13901
34.19 13906
34.20 13910
34.21 13916
34.22 13921
34.23 13926
34.24 13928
34.25 13931
34.26 13934
34.27 13939
34.28 13944
34.29 13950
34.30 13954
34.32 13958
34.33 13962
34.34 13968
34.35 13973
34.36 13979
34.37 13986
34.38 13989
34.39 13993
34.40 13995
34.41 14000
34.42 14004
34.43 14007
34.44 14008
34.45 14008
34.46 14011
34.47 14017
34.48 14019
34.50 14021
34.51 14026
34.52 14034
34.53 14036
34.54 14036
34.55 14036
34.56 14037
34.57 14037
34.58 14037
34.59 14043
34.60 14050
34.61 14052
34.62 14059
34.63 14063
34.64 14067
34.65 14072
34.66 14076
34.67 14078
34.69 14083
34.70 14087
34.71 14090
34.72 14096
34.73 14097
34.74 14102
34.75 14105
34.76 14109
34.77 14113
34.78 14117
34.79 14121
34.80 14124
34.81 14126
34.82 14131
34.83 14137
34.84 14143
34.85 14148
34.87 14153
34.88 14160
34.89 14166
34.90 14171
34.91 14177
34.92 14181
34.93 14187
34.94 14189
34.95 14191
34.96 14196
34.97 14199
34.98 14204
34.99 14209
35.00 14213
35.01 14216
35.02 14218
35.03 14224
35.05 14229
35.06 14232
35.07 14232
35.08 14238
35.09 14241
35.10 14246
35.11 14248
35.12 14250
35.13 14254
35.14 14259
35.15 14264
35.16 14268
35.17 14274
35.18 14279
35.19 14282
35.20 14289
35.21 14296
35.23 14303
35.24 14307
35.25 14312
35.26 14317
35.27 14322
35.28 14327
35.29 14332
35.30 14338
35.31 14341
35.32 14345
35.33 14347
35.34 14353
35.35 14359
35.36 14362
35.37 14365
35.38 14369
35.39 14374
35.41 14378
35.42 14384
35.43 14386
35.44 14389
35.45 14395
35.46 14399
35.47 14403
35.48 14407
35.49 14411
35.50 14415
35.51 14422
35.52 14425
35.53 14430
35.54 14433
35.55 14438
35.56 14445
35.57 14450
35.58 14457
35.60 14462
35.61 14467
35.62 14473
35.63 14476
35.64 14479
35.65 14486
35.66 14490
35.67 14494
35.68 14501
35.69 14505
35.70 14509
35.71 14511
35.72 14515
35.73 14522
35.74 14527
35.75 14530
35.76 14537
35.78 14540
35.79 14546
35.80 14552
35.81 14557
35.82 14562
35.83 14566
35.84 14571
35.85 14576
35.86 14582
35.87 14588
35.88 14594
35.89 14599
35.90 14604
35.91 14609
35.92 14612
35.93 14617
35.94 14624
35.96 14628
35.97 14633
35.98 14637
35.99 14646
36.00 14650
36.01 14653
36.02 14655
36.03 14661
36.04 14665
36.05 14670
36.06 14676
36.07 14680
36.08 14685
36.09 14688
36.10 14693
36.11 14700
36.12 14705
36.14 14710
36.15 14714
36.16 14721
36.17 14728
36.18 14734
36.19 14739
36.20 14745
36.21 14750
36.22 14755
36.23 14759
36.24 14762
36.25 14767
36.26 14770
36.27 14775
36.28 14781
36.29 14786
36.30 14794
36.32 14799
36.33 14801
36.34 14808
36.35 14812
36.36 14815
36.37 14820
36.38 14822
36.39 14828
36.40 14833
36.41 14837
36.42 14841
36.43 14846
36.44 14852
36.45 14859
36.46 14863
36.47 14867
36.48 14872
36.49 14877
36.51 14883
36.52 14887
36.53 14890
36.54 14892
36.55 14897
36.56 14899
36.57 14903
36.58 14907
36.59 14912
36.60 14917
36.61 14924
36.62 14926
36.63 14932
36.64 14937
36.65 14941
36.66 14943
36.67 14945
36.69 14949
36.70 14953
36.71 14956
36.72 14963
36.73 14967
36.74 14971
36.75 14979
36.76 14982
36.77 14985
36.78 14990
36.79 14994
36.80 14999
36.81 15003
36.82 15009
36.83 15014
36.84 15018
36.85 15019
36.87 15026
36.88 15032
36.89 15036
36.90 15040
36.91 15044
36.92 15049
36.93 15057
36.94 15066
36.95 15071
36.96 15073
36.97 15079
36.98 15082
36.99 15086
37.00 15091
37.01 15096
37.02 15099
37.03 15104
37.05 15110
37.06 15114
37.07 15119
37.08 15125
37.09 15130
37.10 15134
37.11 15137
37.12 15143
37.13 15149
37.14 15154
37.15 15159
37.16 15161
37.17 15164
37.18 15170
37.19 15175
37.20 15178
37.21 15180
37.23 15186
37.24 15190
37.25 15194
37.26 15199
37.27 15203
37.28 15207
37.29 15212
37.30 15213
37.31 15217
37.32 15221
37.33 15228
37.34 15230
37.35 15235
37.36 15239
37.37 15242
37.38 15245
37.39 15250
37.40 15254
37.42 15260
37.43 15263
37.44 15267
37.45 15269
37.46 15274
37.47 15279
37.48 15285
37.49 15288
37.50 15291
37.51 15295
37.52 15299
37.53 15304
37.54 15311
37.55 15318
37.56 15324
37.57 15328
37.58 15335
37.60 15339
37.61 15345
37.62 15351
37.63 15357
37.64 15360
37.65 15366
37.66 15370
37.67 15376
37.68 15378
37.69 15383
37.70 15390
37.71 15394
37.72 15399
37.73 15402
37.74 15407
37.75 15412
37.76 15416
37.78 15420
37.79 15425
37.80 15429
37.81 15432
37.82 15436
37.83 15445
37.84 15452
37.85 15457
37.86 15465
37.87 15469
37.88 15471
37.89 15477
37.90 15480
37.91 15481
37.92 15487
37.93 15491
37.94 15495
37.96 15499
37.97 15506
37.98 15511
37.99 15516
38.00 15524
38.01 15529
38.02 15533
38.03 15537
38.04 15540
38.05 15545
38.06 15549
38.07 15554
38.08 15559
38.09 15565
38.10 15572
38.11 15574
38.12 15580
38.14 15585
38.15 15591
38.16 15597
38.17 15602
38.18 15608
38.19 15612
38.20 15615
38.21 15622
38.22 15628
38.23 15632
38.24 15637
38.25 15638
38.26 15641
38.27 15644
38.28 15647
38.29 15650
38.30 15655
38.31 15659
38.33 15663
38.34 15668
38.35 15672
38.36 15675
38.37 15678
38.38 15682
38.39 15689
38.40 15693
38.41 15698
38.42 15703
38.43 15706
38.44 15709
38.45 15717
38.46 15723
38.47 15728
38.48 15734
38.49 15737
38.51 15738
38.52 15742
38.53 15748
38.54 15753
38.55 15759
38.56 15763
38.57 15765
38.58 15768
38.59 15770
38.60 15775
38.61 15775
38.62 15778
38.63 15779
38.64 15787
38.65 15790
38.66 15792
38.67 15795
38.69 15800
38.70 15801
38.71 15803
38.72 15809
38.73 15816
38.74 15820
38.75 15824
38.76 15829
38.77 15835
38.78 15841
38.79 15848
38.80 15853
38.81 15858
38.82 15863
38.83 15869
38.84 15873
38.85 15878
38.87 15883
38.88 15887
38.89 15891
38.90 15893
38.91 15898
38.92 15902
38.93 15906
38.94 15912
38.95 15916
38.96 15922
38.97 15924
38.98 15928
38.99 15934
39.00 15938
39.01 15944
39.02 15951
39.03 15956
39.05 15960
39.06 15963
39.07 15969
39.08 15970
39.09 15974
39.10 15975
39.11 15981
39.12 15983
39.13 15984
39.14 15985
39.15 15990
39.16 15996
39.17 16003
39.18 16008
39.19 16014
39.20 16020
39.21 16025
39.22 16031
39.24 16035
39.25 16043
39.26 16046
39.27 16051
39.28 16055
39.29 16059
39.30 16064
39.31 16069
39.32 16074
39.33 16079
39.34 16084
39.35 16087
39.36 16088
39.37 16089
39.38 16089
39.39 16092
39.40 16097
39.42 16103
39.43 16106
39.44 16110
39.45 16115
39.46 16121
39.47 16124
39.48 16128
39.49 16131
39.50 16131
39.51 16135
39.52 16140
39.53 16144
39.54 16149
39.55 16154
39.56 16155
39.57 16159
39.58 16164
39.60 16165
39.61 16170
39.62 16174
39.63 16177
39.64 16181
39.65 16184
39.66 16190
39.67 16194
39.68 16197
39.69 16200
39.70 16203
39.71 16207
39.72 16210
39.73 16214
39.74 16217
39.75 16222
39.76 16226
39.78 16227
39.79 16230
39.80 16234
39.81 16235
39.82 16238
39.83 16241
39.84 16243
39.85 16245
39.86 16246
39.87 16256
39.88 16260
39.89 16269
39.90 16275
39.91 16276
39.92 16276
39.93 16279
39.94 16280
39.96 16287
39.97 16294
39.98 16297
39.99 16301
40.00 16307
40.01 16310
40.02 16314
40.03 16315
40.04 16317
40.05 16320
40.06 16321
40.07 16328
40.08 16332
40.09 16333
40.10 16337
40.11 16341
40.12 16343
40.13 16348
40.15 16350
40.16 16354
40.17 16358
40.18 16364
40.19 16370
40.20 16374
40.21 16380
40.22 16384
40.23 16392
40.24 16393
40.25 16401
40.26 16406
40.27 16412
40.28 16419
40.29 16423
40.30 16425
40.31 16428
40.33 16432
40.34 16436
40.35 16438
40.36 16439
40.37 16440
40.38 16445
40.39 16453
40.40 16458
40.41 16463
40.42 16468
40.43 16477
40.44 16482
40.45 16482
40.46 16482
40.47 16484
40.48 16488
40.49 16492
40.51 16497
40.52 16504
40.53 16513
40.54 16516
40.55 16516
40.56 16521
40.57 16525
40.58 16531
40.59 16538
40.60 16542
40.61 16545
40.62 16547
40.63 16554
40.64 16556
40.65 16559
40.66 16561
40.67 16566
40.69 16568
40.70 16570
40.71 16572
40.72 16575
40.73 16580
40.74 16581
40.75 16587
40.76 16590
40.77 16595
40.78 16600
40.79 16604
40.80 16607
40.81 16610
40.82 16615
40.83 16622
40.84 16628
40.85 16636
40.87 16644
40.88 16651
40.89 16659
40.90 16660
40.91 16665
40.92 16670
40.93 16677
40.94 16681
40.95 16683
40.96 16686
40.97 16690
40.98 16692
40.99 16695
41.00 16699
41.01 16699
41.02 16699
41.03 16699
41.04 16703
41.06 16707
41.07 16712
41.08 16716
41.09 16725
41.10 16731
41.11 16737
41.12 16742
41.13 16745
41.14 16745
41.15 16745
41.16 16749
41.17 16749
41.18 16756
41.19 16763
41.20 16767
41.21 16770
41.22 16772
41.24 16777
41.25 16780
41.26 16784
41.27 16787
41.28 16789
41.29 16795
41.30 16800
41.31 16805
41.32 16808
41.33 16810
41.34 16811
41.35 16815
41.36 16817
41.37 16818
41.38 16822
41.39 16824
41.40 16826
41.42 16827
41.43 16832
41.44 16836
41.45 16841
41.46 16846
41.47 16847
41.48 16847
41.49 16848
41.50 16853
41.51 16854
41.52 16854
41.53 16855
41.54 16855
41.55 16856
41.56 16860
41.57 16865
41.58 16868
41.60 16871
41.61 16872
41.62 16875
41.63 16883
41.64 16884
41.65 16885
41.66 16893
41.67 16898
41.68 16898
41.69 16901
41.70 16901
41.71 16903
41.72 16903
41.73 16907
41.74 16910
41.75 16911
41.76 16918
41.78 16922
41.79 16922
41.80 16922
41.81 16923
41.82 16926
41.83 16927
41.84 16931
41.85 16934
41.86 16934
41.87 16935
41.88 16935
41.89 16937
41.90 16940
41.91 16941
41.92 16945
41.93 16945
41.94 16945
41.95 16946
41.97 16948
41.98 16950
41.99 16955
42.00 16963
42.01 16963
42.02 16963
42.03 16964
42.04 16966
42.05 16966
42.06 16970
42.07 16978
42.08 16979
42.09 16979
42.10 16980
42.11 16980
42.12 16984
42.13 16986
42.15 16986
42.16 16987
42.17 16989
42.18 16990
42.19 16992
42.20 16999
42.21 17006
42.22 17010
42.23 17013
42.24 17018
42.25 17020
42.26 17024
42.27 17029
42.28 17033
42.29 17039
42.30 17043
42.31 17050
42.33 17053
42.34 17061
42.35 17066
42.36 17071
42.37 17076
42.38 17083
42.39 17089
42.40 17093
42.41 17096
42.42 17103
42.43 17106
42.44 17114
42.45 17120
42.46 17123
42.47 17131
42.48 17136
42.49 17140
42.51 17145
42.52 17148
42.53 17152
42.54 17157
42.55 17161
42.56 17164
42.57 17167
42.58 17174
42.59 17179
42.60 17183
42.61 17189
42.62 17193
42.63 17197
42.64 17198
42.65 17201
42.66 17208
42.67 17212
42.69 17214
42.70 17218
42.71 17219
42.72 17226
42.73 17229
42.74 17235
42.75 17240
42.76 17241
42.77 17252
42.78 17258
42.79 17262
42.80 17268
42.81 17270
42.82 17273
42.83 17279
42.84 17282
42.85 17286
42.86 17291
42.88 17292
42.89 17297
42.90 17300
42.91 17305
42.92 17309
42.93 17315
42.94 17317
42.95 17323
42.96 17326
42.97 17328
42.98 17330
42.99 17333
43.00 17337
43.01 17344
43.02 17345
43.03 17349
43.04 17352
43.06 17355
43.07 17361
43.08 17364
43.09 17366
43.10 17372
43.11 17377
43.12 17382
43.13 17384
43.14 17386
43.15 17390
43.16 17393
43.17 17397
43.18 17405
43.19 17409
43.20 17413
43.21 17419
43.22 17424
43.24 17426
43.25 17427
43.26 17432
43.27 17436
43.28 17438
43.29 17440
43.30 17443
43.31 17450
43.32 17452
43.33 17455
43.34 17461
43.35 17463
43.36 17465
43.37 17471
43.38 17475
43.39 17480
43.40 17483
43.42 17487
43.43 17493
43.44 17496
43.45 17499
43.46 17501
43.47 17510
43.48 17515
43.49 17517
43.50 17518
43.51 17522
43.52 17523
43.53 17529
43.54 17536
43.55 17539
43.56 17545
43.57 17547
43.58 17551
43.60 17554
43.61 17556
43.62 17558
43.63 17563
43.64 17569
43.65 17574
43.66 17576
43.67 17579
43.68 17582
43.69 17587
43.70 17589
43.71 17594
43.72 17597
43.73 17599
43.74 17601
43.75 17602
43.76 17606
43.77 17609
43.79 17611
43.80 17614
43.81 17616
43.82 17617
43.83 17620
43.84 17626
43.85 17628
43.86 17634
43.87 17642
43.88 17643
43.89 17644
43.90 17649
43.91 17655
43.92 17657
43.93 17658
43.94 17660
43.95 17661
43.97 17666
43.98 17667
43.99 17670
44.00 17673
44.01 17674
44.02 17679
44.03 17679
44.04 17680
44.05 17680
44.06 17681
44.07 17683
44.08 17685
44.09 17685
44.10 17686
44.11 17687
44.12 17689
44.13 17689
44.15 17690
44.16 17690
44.17 17690
44.18 17690
44.19 17690
44.20 17691
44.21 17691
44.22 17691
44.23 17691
44.24 17691
44.25 17691
44.26 17693
44.27 17695
44.28 17695
44.29 17695
44.30 17696
44.31 17697
44.33 17697
44.34 17698
44.35 17698
44.36 17698
44.37 17698
44.38 17698
44.39 17698
44.40 17698
44.41 17698
44.42 17698
44.43 17698
44.44 17698
44.45 17699
44.46 17700
44.47 17700
44.48 17701
44.49 17701
44.50 17703
44.52 17704
44.53 17704
44.54 17704
44.55 17704
44.56 17704
44.57 17704
44.58 17705
44.59 17705
44.60 17705
44.61 17705
44.62 17705
44.63 17705
44.64 17708
44.65 17712
44.66 17714
44.67 17714
44.68 17714
44.70 17716
44.71 17719
44.72 17719
44.73 17721
44.74 17724
44.75 17726
44.76 17726
44.77 17726
44.78 17728
44.79 17729
44.80 17729
44.81 17730
44.82 17732
44.83 17734
44.84 17734
44.85 17735
44.86 17735
44.88 17735
44.89 17735
44.90 17736
44.91 17736
44.92 17736
44.93 17736
44.94 17736
44.95 17736
44.96 17736
44.97 17736
44.98 17736
44.99 17739
45.00 17740
45.01 17740
45.02 17740
45.03 17740
45.04 17742
45.06 17742
45.07 17742
45.08 17742
45.09 17742
45.10 17742
45.11 17742
45.12 17744
45.13 17744
45.14 17744
45.15 17744
45.16 17744
45.17 17744
45.18 17745
45.19 17746
45.20 17746
45.21 17746
45.22 17747
45.24 17748
45.25 17748
45.26 17748
45.27 17748
45.28 17748
45.29 17748
45.30 17748
45.31 17749
45.32 17749
45.33 17749
45.34 17749
45.35 17749
45.36 17749
45.37 17753
45.38 17755
45.39 17755
45.40 17755
45.41 17756
45.43 17756
45.44 17756
45.45 17756
45.46 17756
45.47 17756
45.48 17756
45.49 17756
45.50 17756
45.51 17759
45.52 17759
45.53 17759
45.54 17762
45.55 17762
45.56 17762
45.57 17766
45.58 17766
45.59 17770
45.61 17770
45.62 17771
45.63 17779
45.64 17779
45.65 17780
45.66 17784
45.67 17785
45.68 17790
45.69 17794
45.70 17799
45.71 17805
45.72 17812
45.73 17817
45.74 17821
45.75 17826
45.76 17829
45.77 17833
45.79 17841
45.80 17846
45.81 17851
45.82 17853
45.83 17857
45.84 17862
45.85 17870
45.86 17874
45.87 17880
45.88 17884
45.89 17887
45.90 17889
45.91 17892
45.92 17895
45.93 17899
45.94 17906
45.95 17914
45.97 17917
45.98 17921
45.99 17924
46.00 17929
46.01 17933
46.02 17939
46.03 17947
46.04 17950
46.05 17956
46.06 17961
46.07 17965
46.08 17971
46.09 17976
46.10 17979
46.11 17982
46.12 17989
46.13 17995
46.15 18000
46.16 18005
46.17 18009
46.18 18012
46.19 18018
46.20 18025
46.21 18027
46.22 18030
46.23 18035
46.24 18039
46.25 18043
46.26 18048
46.27 18051
46.28 18053
46.29 18059
46.30 18061
46.31 18066
46.32 18073
46.34 18080
46.35 18085
46.36 18090
46.37 18093
46.38 18097
46.39 18102
46.40 18106
46.41 18112
46.42 18117
46.43 18124
46.44 18129
46.45 18134
46.46 18141
46.47 18147
46.48 18154
46.49 18158
46.50 18164
46.52 18168
46.53 18172
46.54 18175
46.55 18179
46.56 18184
46.57 18189
46.58 18194
46.59 18199
46.60 18203
46.61 18207
46.62 18216
46.63 18222
46.64 18228
46.65 18233
46.66 18237
46.67 18241
46.68 18243
46.70 18245
46.71 18250
46.72 18254
46.73 18258
46.74 18263
46.75 18268
46.76 18273
46.77 18280
46.78 18283
46.79 18287
46.80 18290
46.81 18292
46.82 18297
46.83 18302
46.84 18308
46.85 18314
46.86 18321
46.88 18323
46.89 18329
46.90 18333
46.91 18338
46.92 18344
46.93 18350
46.94 18353
46.95 18358
46.96 18362
46.97 18368
46.98 18374
46.99 18379
47.00 18383
47.01 18389
47.02 18394
47.03 18400
47.04 18404
47.06 18407
47.07 18411
47.08 18415
47.09 18420
47.10 18425
47.11 18429
47.12 18432
47.13 18440
47.14 18444
47.15 18449
47.16 18452
47.17 18453
47.18 18459
47.19 18463
47.20 18469
47.21 18474
47.22 18478
47.23 18481
47.25 18485
47.26 18489
47.27 18492
47.28 18496
47.29 18500
47.30 18503
47.31 18509
47.32 18513
47.33 18518
47.34 18521
47.35 18526
47.36 18533
47.37 18536
47.38 18541
47.39 18545
47.40 18550
47.41 18558
47.43 18563
47.44 18565
47.45 18568
47.46 18574
47.47 18577
47.48 18584
47.49 18590
47.50 18596
47.51 18600
47.52 18606
47.53 18611
47.54 18615
47.55 18621
47.56 18626
47.57 18632
47.58 18637
47.59 18642
47.61 18649
47.62 18654
47.63 18662
47.64 18667
47.65 18671
47.66 18678
47.67 18684
47.68 18692
47.69 18704
47.70 18714
47.71 18722
47.72 18731
47.73 18737
47.74 18740
47.75 18742
47.76 18745
47.77 18751
47.79 18757
47.80 18764
47.81 18768
47.82 18773
47.83 18776
47.84 18780
47.85 18785
47.86 18792
47.87 18799
47.88 18802
47.89 18808
47.90 18813
47.91 18816
47.92 18817
47.93 18820
47.94 18825
47.95 18829
47.97 18833
47.98 18837
47.99 18843
48.00 18848
48.01 18854
48.02 18858
48.03 18862
48.04 18867
48.05 18870
48.06 18876
48.07 18878
48.08 18884
48.09 18889
48.10 18894
48.11 18896
48.12 18899
48.13 18904
48.14 18909
48.16 18916
48.17 18918
48.18 18925
48.19 18928
48.20 18933
48.21 18938
48.22 18942
48.23 18950
48.24 18954
48.25 18961
48.26 18964
48.27 18970
48.28 18974
48.29 18981
48.30 18988
48.31 18993
48.32 19000
48.34 19002
48.35 19006
48.36 19011
48.37 19019
48.38 19024
48.39 19029
48.40 19034
48.41 19038
48.42 19044
48.43 19051
48.44 19057
48.45 19061
48.46 19068
48.47 19078
48.48 19083
48.49 19087
48.50 19092
48.52 19097
48.53 19100
48.54 19106
48.55 19112
48.56 19117
48.57 19126
48.58 19134
48.59 19142
48.60 19146
48.61 19150
48.62 19150
48.63 19155
48.64 19159
48.65 19164
48.66 19165
48.67 19167
48.68 19169
48.70 19169
48.71 19171
48.72 19174
48.73 19176
48.74 19180
48.75 19184
48.76 19186
48.77 19190
48.78 19191
48.79 19192
48.80 19193
48.81 19194
48.82 19198
48.83 19198
48.84 19200
48.85 19203
48.86 19207
48.88 19210
48.89 19213
48.90 19214
48.91 19217
48.92 19218
48.93 19225
48.94 19230
48.95 19232
48.96 19234
48.97 19236
48.98 19237
48.99 19237
49.00 19239
49.01 19240
49.02 19240
49.03 19241
49.04 19241
49.05 19242
49.07 19244
49.08 19244
49.09 19245
49.10 19245
49.11 19245
49.12 19251
49.13 19252
49.14 19252
49.15 19253
49.16 19253
49.17 19254
49.18 19254
49.19 19254
49.20 19255
49.21 19255
49.22 19255
49.23 19255
49.25 19256
49.26 19258
49.27 19258
49.28 19258
49.29 19258
49.30 19258
49.31 19258
49.32 19264
49.33 19265
49.34 19265
49.35 19269
49.36 19269
49.37 19272
49.38 19273
49.39 19273
49.40 19276
49.41 19279
49.43 19279
49.44 19284
49.45 19284
49.46 19284
49.47 19287
49.48 19288
49.49 19288
49.50 19288
49.51 19291
49.52 19293
49.53 19293
49.54 19296
49.55 19297
49.56 19301
49.57 19301
49.58 19302
49.59 19305
49.61 19307
49.62 19307
49.63 19308
49.64 19313
49.65 19322
49.66 19324
49.67 19327
49.68 19329
49.69 19334
49.70 19334
49.71 19336
49.72 19341
49.73 19343
49.74 19345
49.75 19353
49.76 19361
49.77 19363
49.79 19365
49.80 19366
49.81 19372
49.82 19374
49.83 19376
49.84 19377
49.85 19377
49.86 19379
49.87 19383
49.88 19384
49.89 19386
49.90 19391
49.91 19394
49.92 19397
49.93 19399
49.94 19403
49.95 19408
49.96 19414
49.98 19417
49.99 19421
50.00 19424
50.01 19428
50.02 19433
50.03 19435
50.04 19438
50.05 19442
50.06 19445
50.07 19450
50.08 19455
50.09 19462
50.10 19466
50.11 19470
50.12 19475
50.13 19479
50.14 19486
50.16 19487
50.17 19493
50.18 19503
50.19 19508
50.20 19511
50.21 19514
50.22 19517
50.23 19521
50.24 19525
50.25 19528
50.26 19530
50.27 19534
50.28 19538
50.29 19543
50.30 19550
50.31 19555
50.32 19558
50.34 19561
50.35 19568
50.36 19573
50.37 19578
50.38 19581
50.39 19584
50.40 19586
50.41 19594
50.42 19596
50.43 19598
50.44 19604
50.45 19610
50.46 19615
50.47 19619
50.48 19624
50.49 19628
50.50 19631
50.52 19636
50.53 19640
50.54 19645
50.55 19653
50.56 19660
50.57 19668
50.58 19671
50.59 19676
50.60 19677
50.61 19683
50.62 19687
50.63 19693
50.64 19698
50.65 19702
50.66 19709
50.67 19714
50.68 19719
50.70 19725
50.71 19729
50.72 19734
50.73 19742
50.74 19748
50.75 19752
50.76 19755
50.77 19760
50.78 19765
50.79 19771
50.80 19777
50.81 19783
50.82 19788
50.83 19791
50.84 19796
50.85 19801
50.86 19803
50.87 19806
50.89 19810
50.90 19813
50.91 19818
50.92 19823
50.93 19825
50.94 19829
50.95 19831
50.96 19834
50.97 19843
50.98 19849
50.99 19853
51.00 19856
51.01 19861
51.02 19864
51.03 19870
51.04 19876
51.05 19880
51.07 19885
51.08 19887
51.09 19891
51.10 19894
51.11 19896
51.12 19899
51.13 19902
51.14 19906
51.15 19914
51.16 19921
51.17 19927
51.18 19934
51.19 19940
51.20 19947
51.21 19951
51.22 19953
51.23 19955
51.25 19960
51.26 19962
51.27 19964
51.28 19965
51.29 19969
51.30 19973
51.31 19981
51.32 19984
51.33 19988
51.34 19988
51.35 19992
51.36 19996
51.37 19997
51.38 19998
51.39 20001
51.40 20008
51.41 20011
51.43 20015
51.44 20019
51.45 20024
51.46 20026
51.47 20028
51.48 20031
51.49 20034
51.50 20038
51.51 20042
51.52 20044
51.53 20048
51.54 20053
51.55 20056
51.56 20058
51.57 20064
51.58 20068
51.59 20074
51.61 20078
51.62 20081
51.63 20085
51.64 20090
51.65 20093
51.66 20097
51.67 20099
51.68 20102
51.69 20105
51.70 20109
51.71 20111
51.72 20115
51.73 20118
51.74 20120
51.75 20124
51.76 20129
51.77 20134
51.78 20138
51.80 20140
51.81 20144
51.82 20148
51.83 20151
51.84 20155
51.85 20157
51.86 20162
51.87 20163
51.88 20168
51.89 20173
51.90 20180
51.91 20184
51.92 20187
51.93 20190
51.94 20196
51.95 20201
51.96 20205
51.98 20208
51.99 20214
52.00 20222
52.01 20230
52.02 20236
52.03 20239
52.04 20239
52.05 20242
52.06 20246
52.07 20249
52.08 20252
52.09 20258
52.10 20261
52.11 20267
52.12 20272
52.13 20278
52.14 20281
52.16 20283
52.17 20284
52.18 20288
52.19 20290
52.20 20295
52.21 20301
52.22 20301
52.23 20307
52.24 20309
52.25 20313
52.26 20316
52.27 20319
52.28 20320
52.29 20323
52.30 20325
52.31 20329
52.32 20331
52.34 20334
52.35 20336
52.36 20336
52.37 20338
52.38 20344
52.39 20349
52.40 20356
52.41 20363
52.42 20367
52.43 20373
52.44 20376
52.45 20381
52.46 20384
52.47 20388
52.48 20388
52.49 20389
52.50 20393
52.52 20397
52.53 20399
52.54 20400
52.55 20404
52.56 20407
52.57 20408
52.58 20412
52.59 20413
52.60 20417
52.61 20419
52.62 20420
52.63 20424
52.64 20429
52.65 20433
52.66 20440
52.67 20442
52.68 20446
52.69 20452
52.71 20457
52.72 20462
52.73 20467
52.74 20470
52.75 20470
52.76 20471
52.77 20476
52.78 20477
52.79 20481
52.80 20484
52.81 20487
52.82 20494
52.83 20499
52.84 20504
52.85 20508
52.86 20515
52.87 20521
52.89 20529
52.90 20534
52.91 20540
52.92 20547
52.93 20553
52.94 20557
52.95 20562
52.96 20567
52.97 20570
52.98 20573
52.99 20577
53.00 20582
53.01 20588
53.02 20591
53.03 20595
53.04 20599
53.05 20603
53.07 20604
53.08 20609
53.09 20614
53.10 20620
53.11 20624
53.12 20630
53.13 20637
53.14 20642
53.15 20646
53.16 20650
53.17 20652
53.18 20658
53.19 20663
53.20 20666
53.21 20674
53.22 20679
53.23 20682
53.25 20686
53.26 20692
53.27 20697
53.28 20699
53.29 20707
53.30 20709
53.31 20710
53.32 20715
53.33 20718
53.34 20721
53.35 20724
53.36 20724
53.37 20729
53.38 20731
53.39 20733
53.40 20733
53.41 20733
53.43 20733
53.44 20735
53.45 20743
53.46 20744
53.47 20746
53.48 20747
53.49 20750
53.50 20751
53.51 20757
53.52 20760
53.53 20760
53.54 20763
53.55 20767
53.56 20770
53.57 20773
53.58 20777
53.59 20781
53.60 20785
53.62 20790
53.63 20793
53.64 20793
53.65 20798
53.66 20801
53.67 20808
53.68 20813
53.69 20817
53.70 20824
53.71 20824
53.72 20828
53.73 20832
53.74 20836
53.75 20838
53.76 20842
53.77 20848
53.78 20854
53.80 20860
53.81 20862
53.82 20865
53.83 20870
53.84 20874
53.85 20880
53.86 20885
53.87 20888
53.88 20890
53.89 20890
53.90 20891
53.91 20893
53.92 20899
53.93 20903
53.94 20906
53.95 20908
53.96 20911
53.98 20913
53.99 20914
54.00 20915
54.01 20915
54.02 20916
54.03 20921
54.04 20921
54.05 20924
54.06 20925
54.07 20928
54.08 20930
54.09 20933
54.10 20937
54.11 20938
54.12 20940
54.13 20944
54.14 20946
54.16 20946
54.17 20948
54.18 20950
54.19 20952
54.20 20952
54.21 20954
54.22 20956
54.23 20957
54.24 20957
54.25 20959
54.26 20960
54.27 20961
54.28 20961
54.29 20963
54.30 20965
54.31 20970
54.32 20970
54.34 20970
54.35 20971
54.36 20972
54.37 20974
54.38 20980
54.39 20983
54.40 20983
54.41 20985
54.42 20988
54.43 20990
54.44 20990
54.45 20991
54.46 20991
54.47 20992
54.48 20992
54.49 20992
54.50 20992
54.51 20992
54.53 20992
54.54 20992
54.55 20992
54.56 20994
54.57 20994
54.58 20995
54.59 20999
54.60 21000
54.61 21000
54.62 21001
54.63 21001
54.64 21001
54.65 21001
54.66 21001
54.67 21001
54.68 21001
54.69 21001
54.71 21001
54.72 21001
54.73 21003
54.74 21003
54.75 21003
54.76 21007
54.77 21007
54.78 21007
54.79 21009
54.80 21009
54.81 21009
54.82 21009
54.83 21009
54.84 21009
54.85 21009
54.86 21009
54.87 21009
54.89 21009
54.90 21010
54.91 21010
54.92 21010
54.93 21015
54.94 21016
54.95 21016
54.96 21016
54.97 21016
54.98 21017
54.99 21018
55.00 21018
55.01 21018
55.02 21018
55.03 21018
55.04 21018
55.05 21019
55.07 21020
55.08 21020
55.09 21020
55.10 21020
55.11 21020
55.12 21023
55.13 21023
55.14 21023
55.15 21023
55.16 21024
55.17 21024
55.18 21024
55.19 21024
55.20 21024
55.21 21024
55.22 21024
55.23 21024
55.25 21024
55.26 21026
55.27 21026
55.28 21026
55.29 21030
55.30 21031
55.31 21032
55.32 21032
55.33 21032
55.34 21035
55.35 21036
55.36 21036
55.37 21039
55.38 21041
55.39 21041
55.40 21042
55.41 21045
55.42 21046
55.44 21046
55.45 21047
55.46 21047
55.47 21047
55.48 21050
55.49 21052
55.50 21052
55.51 21052
55.52 21053
55.53 21055
55.54 21055
55.55 21057
55.56 21057
55.57 21057
55.58 21057
55.59 21061
55.60 21061
55.62 21063
55.63 21064
55.64 21064
55.65 21066
55.66 21067
55.67 21067
55.68 21068
55.69 21068
55.70 21068
55.71 21068
55.72 21068
55.73 21068
55.74 21068
55.75 21068
55.76 21068
55.77 21068
55.78 21071
55.80 21071
55.81 21071
55.82 21074
55.83 21074
55.84 21074
55.85 21076
55.86 21076
55.87 21076
55.88 21076
55.89 21076
55.90 21076
55.91 21076
55.92 21076
55.93 21077
55.94 21077
55.95 21077
55.96 21077
55.98 21077
55.99 21082
56.00 21082
56.01 21082
56.02 21083
56.03 21083
56.04 21087
56.05 21087
56.06 21087
56.07 21088
56.08 21088
56.09 21088
56.10 21094
56.11 21100
56.12 21105
56.13 21110
56.14 21115
56.16 21122
56.17 21123
56.18 21123
56.19 21124
56.20 21124
56.21 21124
56.22 21129
56.23 21129
56.24 21129
56.25 21130
56.26 21130
56.27 21130
56.28 21130
56.29 21130
56.30 21130
56.31 21130
56.32 21130
56.33 21130
56.35 21131
56.36 21133
56.37 21133
56.38 21133
56.39 21135
56.40 21136
56.41 21136
56.42 21139
56.43 21140
56.44 21142
56.45 21142
56.46 21142
56.47 21142
56.48 21143
56.49 21143
56.50 21145
56.51 21145
56.53 21145
56.54 21147
56.55 21147
56.56 21147
56.57 21147
56.58 21150
56.59 21151
56.60 21151
56.61 21152
56.62 21152
56.63 21156
56.64 21156
56.65 21156
56.66 21161
56.67 21163
56.68 21163
56.69 21163
56.71 21165
56.72 21166
56.73 21166
56.74 21166
56.75 21166
56.76 21166
56.77 21166
56.78 21169
56.79 21169
56.80 21169
56.81 21170
56.82 21170
56.83 21174
56.84 21174
56.85 21174
56.86 21175
56.87 21175
56.89 21175
56.90 21175
56.91 21177
56.92 21177
56.93 21178
56.94 21179
56.95 21179
56.96 21179
56.97 21187
56.98 21188
56.99 21188
57.00 21188
57.01 21188
57.02 21191
57.03 21192
57.04 21192
57.05 21192
57.07 21192
57.08 21192
57.09 21192
57.10 21193
57.11 21194
57.12 21194
57.13 21194
57.14 21194
57.15 21194
57.16 21194
57.17 21196
57.18 21197
57.19 21197
57.20 21197
57.21 21197
57.22 21199
57.23 21200
57.24 21200
57.26 21201
57.27 21201
57.28 21201
57.29 21201
57.30 21203
57.31 21203
57.32 21203
57.33 21204
57.34 21204
57.35 21204
57.36 21206
57.37 21207
57.38 21207
57.39 21207
57.40 21207
57.41 21211
57.42 21211
57.44 21211
57.45 21211
57.46 21211
57.47 21211
57.48 21211
57.49 21212
57.50 21212
57.51 21212
57.52 21212
57.53 21212
57.54 21212
57.55 21212
57.56 21216
57.57 21218
57.58 21218
57.59 21222
57.60 21222
57.62 21225
57.63 21226
57.64 21226
57.65 21229
57.66 21232
57.67 21232
57.68 21232
57.69 21236
57.70 21239
57.71 21239
57.72 21239
57.73 21239
57.74 21239
57.75 21243
57.76 21244
57.77 21245
57.78 21245
57.80 21246
57.81 21246
57.82 21246
57.83 21246
57.84 21246
57.85 21246
57.86 21246
57.87 21247
57.88 21247
57.89 21247
57.90 21248
57.91 21248
57.92 21248
57.93 21251
57.94 21253
57.95 21253
57.96 21253
57.98 21253
57.99 21254
58.00 21254
58.01 21254
58.02 21254
58.03 21254
58.04 21254
58.05 21254
58.06 21254
58.07 21256
58.08 21256
58.09 21256
58.10 21261
58.11 21262
58.12 21262
58.13 21263
58.14 21263
58.15 21263
58.17 21263
58.18 21263
58.19 21263
58.20 21263
58.21 21263
58.22 21263
58.23 21263
58.24 21263
58.25 21263
58.26 21263
58.27 21267
58.28 21269
58.29 21270
58.30 21270
58.31 21271
58.32 21271
58.33 21271
58.35 21271
58.36 21271
58.37 21271
58.38 21271
58.39 21271
58.40 21271
58.41 21271
58.42 21274
58.43 21274
58.44 21274
58.45 21276
58.46 21277
58.47 21277
58.48 21281
58.49 21281
58.50 21284
58.51 21285
58.53 21285
58.54 21293
58.55 21293
58.56 21295
58.57 21296
58.58 21301
58.59 21308
58.60 21310
58.61 21310
58.62 21313
58.63 21315
58.64 21315
58.65 21318
58.66 21319
58.67 21319
58.68 21320
58.69 21320
58.71 21320
58.72 21320
58.73 21320
58.74 21320
58.75 21320
58.76 21320
58.77 21320
58.78 21320
58.79 21320
58.80 21321
58.81 21321
58.82 21322
58.83 21326
58.84 21327
58.85 21327
58.86 21327
58.87 21329
58.88 21332
58.90 21332
58.91 21334
58.92 21336
58.93 21338
58.94 21338
58.95 21339
58.96 21339
58.97 21341
58.98 21342
58.99 21342
59.00 21342
59.01 21346
59.02 21346
59.03 21346
59.04 21346
59.05 21346
59.06 21346
59.08 21346
59.09 21346
59.10 21346
59.11 21346
59.12 21346
59.13 21346
59.14 21346
59.15 21350
59.16 21350
59.17 21350
59.18 21354
59.19 21354
59.20 21354
59.21 21354
59.22 21354
59.23 21358
59.24 21359
59.26 21359
59.27 21360
59.28 21360
59.29 21360
59.30 21360
59.31 21361
59.32 21361
59.33 21361
59.34 21361
59.35 21361
59.36 21363
59.37 21366
59.38 21367
59.39 21367
59.40 21369
59.41 21370
59.42 21370
59.44 21370
59.45 21370
59.46 21370
59.47 21370
59.48 21370
59.49 21370
59.50 21370
59.51 21370
59.52 21370
59.53 21370
59.54 21374
59.55 21375
59.56 21375
59.57 21376
59.58 21376
59.59 21376
59.60 21376
59.62 21376
59.63 21376
59.64 21376
59.65 21376
59.66 21376
59.67 21376
59.68 21377
59.69 21377
59.70 21377
59.71 21381
59.72 21382
59.73 21382
59.74 21382
59.75 21382
59.76 21383
59.77 21383
59.78 21383
59.79 21383
59.81 21383
59.82 21383
59.83 21383
59.84 21383
59.85 21383
59.86 21383
59.87 21383
59.88 21383
59.89 21388
59.90 21388
59.91 21388
59.92 21389
59.93 21389
59.94 21389
59.95 21389
59.96 21389
59.97 21389
59.99 21389
60.00 21389
60.01 21389
60.02 21389
60.03 21391
60.04 21391
60.05 21391
60.06 21395
60.07 21396
60.08 21396
60.09 21396
60.10 21396
60.11 21400
60.12 21400
60.13 21400
60.14 21404
60.15 21406
60.17 21406
60.18 21410
60.19 21411
60.20 21411
60.21 21412
60.22 21412
60.23 21412
60.24 21417
60.25 21419
60.26 21420
60.27 21421
60.28 21423
60.29 21425
60.30 21428
60.31 21428
60.32 21432
60.33 21432
60.35 21435
60.36 21436
60.37 21436
60.38 21436
60.39 21437
60.40 21438
60.41 21438
60.42 21438
60.43 21448
60.44 21454
60.45 21455
60.46 21455
60.47 21458
60.48 21458
60.49 21462
60.50 21462
60.51 21462
60.53 21464
60.54 21466
60.55 21466
60.56 21466
60.57 21469
60.58 21469
60.59 21471
60.60 21471
60.61 21471
60.62 21474
60.63 21475
60.64 21475
60.65 21476
60.66 21476
60.67 21478
60.68 21480
60.69 21480
60.70 21485
60.72 21485
60.73 21488
60.74 21488
60.75 21488
60.76 21491
60.77 21491
60.78 21491
60.79 21491
60.80 21491
60.81 21494
60.82 21495
60.83 21495
60.84 21496
60.85 21496
60.86 21497
60.87 21498
60.88 21498
60.90 21499
60.91 21499
60.92 21499
60.93 21499
60.94 21500
60.95 21502
60.96 21502
60.97 21502
60.98 21502
60.99 21502
61.00 21506
61.01 21506
61.02 21507
61.03 21507
61.04 21508
61.05 21508
61.06 21508
61.08 21508
61.09 21508
61.10 21508
61.11 21508
61.12 21508
61.13 21508
61.14 21508
61.15 21509
61.16 21509
61.17 21509
61.18 21513
61.19 21514
61.20 21514
61.21 21518
61.22 21519
61.23 21521
61.24 21521
61.26 21524
61.27 21527
61.28 21529
61.29 21529
61.30 21531
61.31 21531
61.32 21531
61.33 21532
61.34 21532
61.35 21533
61.36 21536
61.37 21537
61.38 21537
61.39 21538
61.40 21539
61.41 21542
61.42 21542
61.44 21544
61.45 21546
61.46 21548
61.47 21548
61.48 21549
61.49 21549
61.50 21549
61.51 21552
61.52 21552
61.53 21552
61.54 21554
61.55 21555
61.56 21555
61.57 21559
61.58 21559
61.59 21562
61.60 21563
61.61 21563
61.63 21566
61.64 21568
61.65 21568
61.66 21568
61.67 21572
61.68 21580
61.69 21586
61.70 21587
61.71 21587
61.72 21590
61.73 21590
61.74 21590
61.75 21594
61.76 21595
61.77 21595
61.78 21596
61.79 21596
61.81 21596
61.82 21596
61.83 21596
61.84 21596
61.85 21596
61.86 21596
61.87 21596
61.88 21596
61.89 21596
61.90 21596
61.91 21596
61.92 21601
61.93 21601
61.94 21601
61.95 21601
61.96 21602
61.97 21602
61.99 21602
62.00 21602
62.01 21602
62.02 21602
62.03 21602
62.04 21602
62.05 21602
62.06 21602
62.07 21602
62.08 21602
62.09 21602
62.10 21606
62.11 21607
62.12 21607
62.13 21607
62.14 21607
62.15 21607
62.17 21607
62.18 21607
62.19 21607
62.20 21607
62.21 21607
62.22 21607
62.23 21607
62.24 21608
62.25 21608
62.26 21608
62.27 21611
62.28 21612
62.29 21612
62.30 21615
62.31 21616
62.32 21620
62.33 21620
62.35 21620
62.36 21623
62.37 21625
62.38 21625
62.39 21626
62.40 21628
62.41 21628
62.42 21628
62.43 21630
62.44 21630
62.45 21630
62.46 21630
62.47 21635
62.48 21635
62.49 21635
62.50 21636
62.51 21636
62.52 21636
62.54 21636
62.55 21636
62.56 21636
62.57 21636
62.58 21636
62.59 21636
62.60 21636
62.61 21637
62.62 21637
62.63 21637
62.64 21639
62.65 21640
62.66 21641
62.67 21641
62.68 21641
62.69 21642
62.70 21642
62.72 21642
62.73 21642
62.74 21642
62.75 21642
62.76 21642
62.77 21642
62.78 21642
62.79 21643
62.80 21643
62.81 21644
62.82 21645
62.83 21646
62.84 21646
62.85 21648
62.86 21648
62.87 21648
62.88 21648
62.90 21650
62.91 21653
62.92 21655
62.93 21655
62.94 21657
62.95 21657
62.96 21658
62.97 21661
62.98 21661
62.99 21661
63.00 21662
63.01 21663
63.02 21663
63.03 21663
63.04 21664
63.05 21667
63.06 21667
63.08 21667
63.09 21668
63.10 21668
63.11 21668
63.12 21669
63.13 21670
63.14 21671
63.15 21671
63.16 21671
63.17 21673
63.18 21673
63.19 21673
63.20 21673
63.21 21673
63.22 21676
63.23 21676
63.24 21676
63.26 21676
63.27 21676
63.28 21676
63.29 21677
63.30 21677
63.31 21678
63.32 21678
63.33 21678
63.34 21678
63.35 21678
63.36 21678
63.37 21678
63.38 21679
63.39 21679
63.40 21679
63.41 21680
63.42 21681
63.43 21681
63.45 21681
63.46 21681
63.47 21681
63.48 21681
63.49 21681
63.50 21682
63.51 21682
63.52 21682
63.53 21682
63.54 21682
63.55 21682
63.56 21685
63.57 21686
63.58 21687
63.59 21687
63.60 21687
63.61 21689
63.63 21692
63.64 21692
63.65 21696
63.66 21700
63.67 21700
63.68 21706
63.69 21711
63.70 21719
63.71 21722
63.72 21722
63.73 21723
63.74 21723
63.75 21723
63.76 21723
63.77 21726
63.78 21727
63.79 21727
63.81 21727
63.82 21728
63.83 21731
63.84 21731
63.85 21733
63.86 21734
63.87 21736
63.88 21736
63.89 21736
63.90 21739
63.91 21739
63.92 21740
63.93 21740
63.94 21740
63.95 21744
63.96 21745
63.97 21745
63.99 21745
64.00 21745
64.01 21747
64.02 21747
64.03 21747
64.04 21748
64.05 21748
64.06 21748
64.07 21748
64.08 21748
64.09 21748
64.10 21748
64.11 21752
64.12 21752
64.13 21752
64.14 21754
64.15 21755
64.17 21755
64.18 21758
64.19 21759
64.20 21762
64.21 21762
64.22 21763
64.23 21766
64.24 21769
64.25 21769
64.26 21769
64.27 21774
64.28 21782
64.29 21790
64.30 21794
64.31 21794
64.32 21802
64.33 21807
64.34 21810
64.36 21812
64.37 21814
64.38 21818
64.39 21821
64.40 21826
64.41 21829
64.42 21832
64.43 21837
64.44 21842
64.45 21846
64.46 21852
64.47 21858
64.48 21863
64.49 21869
64.50 21870
64.51 21875
64.52 21880
64.54 21887
64.55 21889
64.56 21892
64.57 21893
64.58 21894
64.59 21895
64.60 21896
64.61 21897
64.62 21900
64.63 21903
64.64 21905
64.65 21906
64.66 21906
64.67 21908
64.68 21909
64.69 21909
64.70 21912
64.72 21912
64.73 21912
64.74 21918
64.75 21920
64.76 21923
64.77 21928
64.78 21933
64.79 21938
64.80 21941
64.81 21945
64.82 21948
64.83 21953
64.84 21956
64.85 21959
64.86 21962
64.87 21967
64.88 21972
64.90 21975
64.91 21980
64.92 21986
64.93 21991
64.94 21996
64.95 21998
64.96 22004
64.97 22006
64.98 22013
64.99 22016
65.00 22020
65.01 22025
65.02 22031
65.03 22037
65.04 22041
65.05 22046
65.06 22051
65.08 22054
65.09 22059
65.10 22062
65.11 22066
65.12 22069
65.13 22073
65.14 22076
65.15 22079
65.16 22082
65.17 22083
65.18 22088
65.19 22093
65.20 22099
65.21 22103
65.22 22109
65.23 22114
65.24 22119
65.25 22126
65.27 22129
65.28 22134
65.29 22138
65.30 22144
65.31 22150
65.32 22155
65.33 22160
65.34 22165
65.35 22169
65.36 22174
65.37 22178
65.38 22181
65.39 22186
65.40 22186
65.41 22186
65.42 22187
65.43 22187
65.45 22190
65.46 22190
65.47 22192
65.48 22195
65.49 22195
65.50 22196
65.51 22197
65.52 22204
65.53 22206
65.54 22206
65.55 22209
65.56 22209
65.57 22209
65.58 22212
65.59 22212
65.60 22212
65.61 22212
65.63 22215
65.64 22215
65.65 22215
65.66 22218
65.67 22219
65.68 22223
65.69 22228
65.70 22237
65.71 22243
65.72 22248
65.73 22252
65.74 22254
65.75 22258
65.76 22266
65.77 22270
65.78 22276
65.79 22281
65.81 22286
65.82 22291
65.83 22295
65.84 22297
65.85 22301
65.86 22303
65.87 22303
65.88 22307
65.89 22307
65.90 22310
65.91 22313
65.92 22315
65.93 22320
65.94 22327
65.95 22330
65.96 22333
65.97 22336
65.99 22339
66.00 22345
66.01 22351
66.02 22354
66.03 22362
66.04 22370
66.05 22376
66.06 22379
66.07 22380
66.08 22380
66.09 22380
66.10 22384
66.11 22388
66.12 22395
66.13 22399
66.14 22402
66.15 22409
66.16 22413
66.18 22419
66.19 22425
66.20 22429
66.21 22435
66.22 22441
66.23 22441
66.24 22445
66.25 22449
66.26 22452
66.27 22454
66.28 22457
66.29 22463
66.30 22467
66.31 22472
66.32 22478
66.33 22481
66.34 22482
66.36 22484
66.37 22484
66.38 22490
66.39 22494
66.40 22499
66.41 22502
66.42 22505
66.43 22511
66.44 22516
66.45 22518
66.46 22521
66.47 22523
66.48 22528
66.49 22535
66.50 22542
66.51 22547
66.52 22553
66.54 22557
66.55 22563
66.56 22572
66.57 22577
66.58 22579
66.59 22586
66.60 22590
66.61 22593
66.62 22596
66.63 22604
66.64 22607
66.65 22610
66.66 22614
66.67 22617
66.68 22619
66.69 22622
66.70 22626
66.72 22629
66.73 22638
66.74 22644
66.75 22649
66.76 22656
66.77 22662
66.78 22667
66.79 22672
66.80 22676
66.81 22682
66.82 22691
66.83 22696
66.84 22702
66.85 22710
66.86 22716
66.87 22719
66.88 22724
66.90 22731
66.91 22734
66.92 22739
66.93 22743
66.94 22746
66.95 22750
66.96 22756
66.97 22760
66.98 22766
66.99 22769
67.00 22771
67.01 22774
67.02 22780
67.03 22784
67.04 22788
67.05 22790
67.06 22794
67.07 22798
67.09 22802
67.10 22803
67.11 22811
67.12 22815
67.13 22817
67.14 22819
67.15 22825
67.16 22828
67.17 22831
67.18 22835
67.19 22843
67.20 22848
67.21 22853
67.22 22855
67.23 22863
67.24 22871
67.25 22876
67.27 22882
67.28 22886
67.29 22890
67.30 22892
67.31 22895
67.32 22899
67.33 22902
67.34 22904
67.35 22906
67.36 22912
67.37 22915
67.38 22917
67.39 22920
67.40 22926
67.41 22930
67.42 22931
67.43 22935
67.45 22943
67.46 22947
67.47 22950
67.48 22956
67.49 22960
67.50 22962
67.51 22965
67.52 22967
67.53 22971
67.54 22978
67.55 22984
67.56 22986
67.57 22995
67.58 22997
67.59 22999
67.60 23005
67.61 23007
67.63 23010
67.64 23016
67.65 23024
67.66 23029
67.67 23032
67.68 23036
67.69 23042
67.70 23047
67.71 23053
67.72 23057
67.73 23061
67.74 23066
67.75 23069
67.76 23073
67.77 23075
67.78 23077
67.79 23079
67.81 23083
67.82 23087
67.83 23093
67.84 23099
67.85 23103
67.86 23107
67.87 23110
67.88 23111
67.89 23117
67.90 23122
67.91 23126
67.92 23131
67.93 23135
67.94 23141
67.95 23146
67.96 23147
67.97 23149
67.98 23154
68.00 23161
68.01 23164
68.02 23168
68.03 23172
68.04 23178
68.05 23184
68.06 23192
68.07 23197
68.08 23203
68.09 23208
68.10 23211
68.11 23218
68.12 23221
68.13 23226
68.14 23232
68.15 23234
68.16 23237
68.18 23238
68.19 23242
68.20 23246
68.21 23248
68.22 23252
68.23 23256
68.24 23259
68.25 23263
68.26 23267
68.27 23272
68.28 23276
68.29 23280
68.30 23282
68.31 23283
68.32 23288
68.33 23293
68.34 23295
68.36 23296
68.37 23299
68.38 23301
68.39 23309
68.40 23314
68.41 23321
68.42 23326
68.43 23331
68.44 23334
68.45 23336
68.46 23341
68.47 23347
68.48 23350
68.49 23354
68.50 23358
68.51 23362
68.52 23365
68.54 23369
68.55 23371
68.56 23374
68.57 23378
68.58 23383
68.59 23386
68.60 23391
68.61 23395
68.62 23399
68.63 23402
68.64 23406
68.65 23413
68.66 23418
68.67 23423
68.68 23426
68.69 23431
68.70 23433
68.72 23435
68.73 23439
68.74 23443
68.75 23446
68.76 23450
68.77 23456
68.78 23464
68.79 23468
68.80 23473
68.81 23477
68.82 23483
68.83 23485
68.84 23487
68.85 23492
68.86 23498
68.87 23501
68.88 23505
68.89 23507
68.91 23507
68.92 23511
68.93 23513
68.94 23514
68.95 23523
68.96 23527
68.97 23531
68.98 23536
68.99 23540
69.00 23544
69.01 23550
69.02 23551
69.03 23554
69.04 23557
69.05 23558
69.06 23558
69.07 23558
69.09 23559
69.10 23559
69.11 23560
69.12 23561
69.13 23562
69.14 23563
69.15 23564
69.16 23566
69.17 23567
69.18 23567
69.19 23568
69.20 23568
69.21 23569
69.22 23571
69.23 23574
69.24 23577
69.25 23579
69.27 23581
69.28 23584
69.29 23586
69.30 23589
69.31 23590
69.32 23590
69.33 23593
69.34 23594
69.35 23596
69.36 23596
69.37 23596
69.38 23599
69.39 23599
69.40 23599
69.41 23600
69.42 23601
69.43 23601
69.45 23601
69.46 23602
69.47 23602
69.48 23602
69.49 23602
69.50 23602
69.51 23602
69.52 23603
69.53 23603
69.54 23603
69.55 23606
69.56 23607
69.57 23607
69.58 23608
69.59 23608
69.60 23610
69.61 23610
69.63 23610
69.64 23611
69.65 23611
69.66 23611
69.67 23611
69.68 23612
69.69 23612
69.70 23612
69.71 23612
69.72 23612
69.73 23612
69.74 23615
69.75 23616
69.76 23616
69.77 23617
69.78 23617
69.79 23618
69.80 23618
69.82 23618
69.83 23619
69.84 23619
69.85 23619
69.86 23619
69.87 23619
69.88 23619
69.89 23620
69.90 23620
69.91 23620
69.92 23620
69.93 23624
69.94 23628
69.95 23629
69.96 23629
69.97 23630
69.98 23630
70.00 23631
70.01 23631
70.02 23631
70.03 23631
70.04 23632
70.05 23632
70.06 23632
70.07 23635
70.08 23636
70.09 23636
70.10 23636
70.11 23636
70.12 23636
70.13 23641
70.14 23641
70.15 23641
70.16 23642
70.18 23642
70.19 23643
70.20 23645
70.21 23645
70.22 23646
70.23 23646
70.24 23646
70.25 23647
70.26 23647
70.27 23647
70.28 23649
70.29 23650
70.30 23650
70.31 23654
70.32 23655
70.33 23655
70.34 23655
70.36 23656
70.37 23656
70.38 23656
70.39 23656
70.40 23656
70.41 23656
70.42 23656
70.43 23656
70.44 23656
70.45 23659
70.46 23660
70.47 23660
70.48 23662
70.49 23663
70.50 23664
70.51 23664
70.52 23664
70.54 23666
70.55 23667
70.56 23667
70.57 23673
70.58 23674
70.59 23675
70.60 23675
70.61 23675
70.62 23677
70.63 23677
70.64 23677
70.65 23679
70.66 23680
70.67 23680
70.68 23683
70.69 23683
70.70 23686
70.71 23686
70.73 23687
70.74 23693
70.75 23693
70.76 23695
70.77 23695
70.78 23701
70.79 23701
70.80 23704
70.81 23708
70.82 23710
70.83 23719
70.84 23728
70.85 23731
70.86 23736
70.87 23739
70.88 23741
70.89 23742
70.91 23743
70.92 23745
70.93 23749
70.94 23751
70.95 23752
70.96 23755
70.97 23756
70.98 23760
70.99 23762
71.00 23765
71.01 23770
71.02 23778
71.03 23784
71.04 23787
71.05 23789
71.06 23792
71.07 23796
71.09 23798
71.10 23799
71.11 23802
71.12 23804
71.13 23806
71.14 23810
71.15 23811
71.16 23812
71.17 23817
71.18 23819
71.19 23820
71.20 23822
71.21 23828
71.22 23831
71.23 23835
71.24 23839
71.25 23843
71.27 23844
71.28 23849
71.29 23854
71.30 23855
71.31 23857
71.32 23859
71.33 23861
71.34 23864
71.35 23869
71.36 23873
71.37 23874
71.38 23880
71.39 23881
71.40 23883
71.41 23886
71.42 23888
71.43 23889
71.45 23891
71.46 23893
71.47 23899
71.48 23900
71.49 23902
71.50 23904
71.51 23909
71.52 23910
71.53 23911
71.54 23915
71.55 23917
71.56 23919
71.57 23922
71.58 23924
71.59 23927
71.60 23935
71.61 23939
71.62 23941
71.64 23946
71.65 23946
71.66 23949
71.67 23952
71.68 23953
71.69 23959
71.70 23959
71.71 23963
71.72 23966
71.73 23972
71.74 23977
71.75 23980
71.76 23983
71.77 23985
71.78 23988
71.79 23991
71.80 23995
71.82 23997
71.83 24005
71.84 24012
71.85 24015
71.86 24023
71.87 24026
71.88 24029
71.89 24031
71.90 24031
71.91 24038
71.92 24042
71.93 24048
71.94 24050
71.95 24055
71.96 24063
71.97 24071
71.98 24074
72.00 24076
72.01 24079
72.02 24085
72.03 24086
72.04 24086
72.05 24090
72.06 24092
72.07 24092
72.08 24095
72.09 24097
72.10 24100
72.11 24100
72.12 24101
72.13 24102
72.14 24109
72.15 24109
72.16 24111
72.18 24114
72.19 24121
72.20 24122
72.21 24122
72.22 24124
72.23 24126
72.24 24131
72.25 24136
72.26 24138
72.27 24139
72.28 24143
72.29 24144
72.30 24147
72.31 24148
72.32 24151
72.33 24152
72.34 24156
72.36 24160
72.37 24165
72.38 24169
72.39 24171
72.40 24177
72.41 24179
72.42 24182
72.43 24184
72.44 24188
72.45 24191
72.46 24197
72.47 24200
72.48 24207
72.49 24211
72.50 24216
72.51 24220
72.52 24227
72.53 24232
72.55 24236
72.56 24239
72.57 24242
72.58 24245
72.59 24249
72.60 24252
72.61 24257
72.62 24264
72.63 24268
72.64 24271
72.65 24273
72.66 24276
72.67 24276
72.68 24279
72.69 24282
72.70 24284
72.71 24285
72.73 24288
72.74 24294
72.75 24301
72.76 24307
72.77 24314
72.78 24316
72.79 24320
72.80 24322
72.81 24325
72.82 24328
72.83 24329
72.84 24332
72.85 24336
72.86 24338
72.87 24342
72.88 24347
72.89 24350
72.91 24355
72.92 24357
72.93 24358
72.94 24362
72.95 24364
72.96 24367
72.97 24371
72.98 24374
72.99 24378
73.00 24379
73.01 24380
73.02 24386
73.03 24390
73.04 24395
73.05 24397
73.06 24399
73.07 24402
73.09 24403
73.10 24404
73.11 24409
73.12 24411
73.13 24417
73.14 24421
73.15 24425
73.16 24431
73.17 24434
73.18 24438
73.19 24440
73.20 24447
73.21 24450
73.22 24455
73.23 24459
73.24 24466
73.25 24470
73.26 24474
73.28 24480
73.29 24486
73.30 24493
73.31 24499
73.32 24506
73.33 24513
73.34 24516
73.35 24519
73.36 24521
73.37 24521
73.38 24526
73.39 24528
73.40 24534
73.41 24535
73.42 24537
73.43 24542
73.44 24545
73.46 24546
73.47 24548
73.48 24551
73.49 24556
73.50 24556
73.51 24560
73.52 24564
73.53 24569
73.54 24572
73.55 24575
73.56 24578
73.57 24582
73.58 24585
73.59 24592
73.60 24597
73.61 24600
73.62 24608
73.64 24616
73.65 24620
73.66 24623
73.67 24627
73.68 24632
73.69 24636
73.70 24637
73.71 24642
73.72 24647
73.73 24650
73.74 24652
73.75 24656
73.76 24663
73.77 24667
73.78 24669
73.79 24674
73.80 24681
73.82 24685
73.83 24688
73.84 24692
73.85 24696
73.86 24700
73.87 24704
73.88 24704
73.89 24707
73.90 24711
73.91 24716
73.92 24719
73.93 24726
73.94 24728
73.95 24733
73.96 24736
73.97 24741
73.98 24744
74.00 24748
74.01 24750
74.02 24754
74.03 24757
74.04 24760
74.05 24764
74.06 24767
74.07 24772
74.08 24775
74.09 24777
74.10 24780
74.11 24785
74.12 24790
74.13 24795
74.14 24800
74.15 24804
74.16 24808
74.17 24811
74.19 24815
74.20 24818
74.21 24820
74.22 24824
74.23 24830
74.24 24836
74.25 24839
74.26 24842
74.27 24846
74.28 24850
74.29 24854
74.30 24860
74.31 24864
74.32 24868
74.33 24875
74.34 24880
74.35 24885
74.37 24890
74.38 24895
74.39 24898
74.40 24901
74.41 24905
74.42 24910
74.43 24917
74.44 24920
74.45 24924
74.46 24927
74.47 24929
74.48 24933
74.49 24940
74.50 24944
74.51 24946
74.52 24949
74.53 24952
74.55 24953
74.56 24953
74.57 24964
74.58 24968
74.59 24968
74.60 24970
74.61 24974
74.62 24977
74.63 24980
74.64 24980
74.65 24983
74.66 24989
74.67 24993
74.68 24994
74.69 24997
74.70 25001
74.71 25005
74.73 25008
74.74 25012
74.75 25018
74.76 25024
74.77 25026
74.78 25029
74.79 25031
74.80 25034
74.81 25036
74.82 25041
74.83 25046
74.84 25049
74.85 25052
74.86 25054
74.87 25060
74.88 25067
74.89 25073
74.91 25079
74.92 25085
74.93 25088
74.94 25094
74.95 25095
74.96 25099
74.97 25104
74.98 25109
74.99 25113
75.00 25118
75.01 25123
75.02 25127
75.03 25130
75.04 25132
75.05 25134
75.06 25138
75.07 25142
75.08 25144
75.10 25149
75.11 25153
75.12 25158
75.13 25162
75.14 25166
75.15 25168
75.16 25172
75.17 25178
75.18 25182
75.19 25189
75.20 25192
75.21 25196
75.22 25201
75.23 25206
75.24 25208
75.25 25212
75.26 25217
75.28 25219
75.29 25224
75.30 25227
75.31 25232
75.32 25236
75.33 25239
75.34 25246
75.35 25249
75.36 25252
75.37 25256
75.38 25259
75.39 25264
75.40 25267
75.41 25271
75.42 25273
75.43 25277
75.44 25282
75.46 25285
75.47 25289
75.48 25291
75.49 25296
75.50 25297
75.51 25304
75.52 25309
75.53 25312
75.54 25314
75.55 25318
75.56 25321
75.57 25324
75.58 25329
75.59 25331
75.60 25334
75.61 25337
75.62 25339
75.64 25343
75.65 25346
75.66 25346
75.67 25349
75.68 25352
75.69 25357
75.70 25363
75.71 25364
75.72 25370
75.73 25371
75.74 25374
75.75 25379
75.76 25380
75.77 25383
75.78 25388
75.79 25389
75.80 25391
75.82 25394
75.83 25394
75.84 25396
75.85 25396
75.86 25398
75.87 25399
75.88 25399
75.89 25402
75.90 25402
75.91 25402
75.92 25402
75.93 25406
75.94 25406
75.95 25406
75.96 25408
75.97 25409
75.98 25409
75.99 25409
76.01 25412
76.02 25412
76.03 25412
76.04 25412
76.05 25415
76.06 25415
76.07 25415
76.08 25417
76.09 25418
76.10 25418
76.11 25418
76.12 25421
76.13 25421
76.14 25421
76.15 25421
76.16 25424
76.17 25424
76.19 25425
76.20 25425
76.21 25428
76.22 25428
76.23 25428
76.24 25430
76.25 25431
76.26 25431
76.27 25431
76.28 25434
76.29 25434
76.30 25434
76.31 25434
76.32 25437
76.33 25437
76.34 25437
76.35 25438
76.37 25440
76.38 25440
76.39 25440
76.40 25442
76.41 25443
76.42 25443
76.43 25443
76.44 25446
76.45 25446
76.46 25446
76.47 25446
76.48 25449
76.49 25449
76.50 25449
76.51 25449
76.52 25451
76.53 25451
76.55 25451
76.56 25454
76.57 25454
76.58 25457
76.59 25460
76.60 25460
76.61 25461
76.62 25469
76.63 25471
76.64 25475
76.65 25479
76.66 25483
76.67 25488
76.68 25492
76.69 25495
76.70 25501
76.71 25506
76.73 25511
76.74 25518
76.75 25521
76.76 25526
76.77 25531
76.78 25535
76.79 25538
76.80 25542
76.81 25546
76.82 25550
76.83 25555
76.84 25559
76.85 25563
76.86 25570
76.87 25572
76.88 25576
76.89 25577
76.90 25582
76.92 25586
76.93 25591
76.94 25598
76.95 25606
76.96 25610
76.97 25614
76.98 25618
76.99 25619
77.00 25622
77.01 25623
77.02 25624
77.03 25626
77.04 25628
77.05 25629
77.06 25630
77.07 25635
77.08 25635
77.10 25637
77.11 25639
77.12 25642
77.13 25646
77.14 25647
77.15 25651
77.16 25654
77.17 25657
77.18 25659
77.19 25662
77.20 25667
77.21 25671
77.22 25676
77.23 25678
77.24 25680
77.25 25681
77.26 25683
77.28 25689
77.29 25693
77.30 25696
77.31 25700
77.32 25702
77.33 25705
77.34 25709
77.35 25712
77.36 25715
77.37 25717
77.38 25718
77.39 25719
77.40 25720
77.41 25720
77.42 25724
77.43 25724
77.44 25726
77.46 25726
77.47 25727
77.48 25728
77.49 25729
77.50 25729
77.51 25729
77.52 25733
77.53 25736
77.54 25737
77.55 25739
77.56 25742
77.57 25746
77.58 25751
77.59 25752
77.60 25754
77.61 25757
77.62 25760
77.64 25768
77.65 25772
77.66 25775
77.67 25778
77.68 25779
77.69 25781
77.70 25783
77.71 25785
77.72 25789
77.73 25792
77.74 25795
77.75 25796
77.76 25800
77.77 25804
77.78 25807
77.79 25808
77.80 25813
77.81 25815
77.83 25816
77.84 25817
77.85 25818
77.86 25821
77.87 25824
77.88 25830
77.89 25832
77.90 25835
77.91 25838
77.92 25839
77.93 25843
77.94 25846
77.95 25848
77.96 25851
77.97 25854
77.98 25854
77.99 25858
78.01 25861
78.02 25862
78.03 25866
78.04 25868
78.05 25870
78.06 25873
78.07 25877
78.08 25878
78.09 25880
78.10 25884
78.11 25885
78.12 25890
78.13 25892
78.14 25892
78.15 25898
78.16 25900
78.17 25904
78.19 25905
78.20 25906
78.21 25910
78.22 25911
78.23 25913
78.24 25913
78.25 25914
78.26 25917
78.27 25920
78.28 25922
78.29 25923
78.30 25924
78.31 25925
78.32 25928
78.33 25932
78.34 25936
78.35 25940
78.37 25946
78.38 25952
78.39 25954
78.40 25959
78.41 25964
78.42 25967
78.43 25969
78.44 25970
78.45 25974
78.46 25975
78.47 25979
78.48 25984
78.49 25986
78.50 25993
78.51 25996
78.52 26000
78.53 26007
78.55 26010
78.56 26015
78.57 26019
78.58 26024
78.59 26028
78.60 26033
78.61 26036
78.62 26043
78.63 26046
78.64 26050
78.65 26056
78.66 26062
78.67 26066
78.68 26070
78.69 26079
78.70 26086
78.71 26088
78.72 26093
78.74 26095
78.75 26099
78.76 26101
78.77 26105
78.78 26109
78.79 26114
78.80 26118
78.81 26122
78.82 26125
78.83 26127
78.84 26129
78.85 26129
78.86 26136
78.87 26139
78.88 26143
78.89 26147
78.90 26150
78.92 26154
78.93 26161
78.94 26165
78.95 26171
78.96 26173
78.97 26176
78.98 26182
78.99 26185
79.00 26190
79.01 26191
79.02 26193
79.03 26196
79.04 26198
79.05 26201
79.06 26204
79.07 26207
79.08 26212
79.10 26215
79.11 26218
79.12 26222
79.13 26223
79.14 26225
79.15 26228
79.16 26231
79.17 26235
79.18 26239
79.19 26244
79.20 26248
79.21 26250
79.22 26252
79.23 26257
79.24 26264
79.25 26267
79.26 26270
79.28 26275
79.29 26284
79.30 26289
79.31 26292
79.32 26293
79.33 26300
79.34 26303
79.35 26308
79.36 26310
79.37 26315
79.38 26322
79.39 26325
79.40 26331
79.41 26336
79.42 26339
79.43 26343
79.44 26349
79.46 26355
79.47 26359
79.48 26364
79.49 26370
79.50 26372
79.51 26378
79.52 26381
79.53 26383
79.54 26386
79.55 26390
79.56 26392
79.57 26395
79.58 26397
79.59 26398
79.60 26399
79.61 26402
79.62 26403
79.63 26403
79.65 26405
79.66 26405
79.67 26411
79.68 26411
79.69 26412
79.70 26413
79.71 26414
79.72 26416
79.73 26417
79.74 26422
79.75 26426
79.76 26427
79.77 26427
79.78 26427
79.79 26429
79.80 26431
79.81 26432
79.83 26434
79.84 26435
79.85 26437
79.86 26439
79.87 26441
79.88 26442
79.89 26445
79.90 26448
79.91 26455
79.92 26457
79.93 26457
79.94 26458
79.95 26460
79.96 26460
79.97 26461
79.98 26461
79.99 26463
80.01 26467
80.02 26467
80.03 26470
80.04 26471
80.05 26474
80.06 26477
80.07 26477
80.08 26478
80.09 26478
80.10 26479
80.11 26479
80.12 26481
80.13 26481
80.14 26482
80.15 26482
80.16 26482
80.17 26483
80.19 26484
80.20 26485
80.21 26489
80.22 26490
80.23 26492
80.24 26495
80.25 26495
80.26 26495
80.27 26496
80.28 26496
80.29 26499
80.30 26504
80.31 26504
80.32 26504
80.33 26507
80.34 26507
80.35 26508
80.37 26508
80.38 26509
80.39 26510
80.40 26510
80.41 26510
80.42 26510
80.43 26510
80.44 26510
80.45 26510
80.46 26510
80.47 26512
80.48 26512
80.49 26512
80.50 26514
80.51 26515
80.52 26515
80.53 26518
80.54 26518
80.56 26521
80.57 26521
80.58 26521
80.59 26527
80.60 26527
80.61 26529
80.62 26530
80.63 26530
80.64 26535
80.65 26537
80.66 26539
80.67 26541
80.68 26542
80.69 26547
80.70 26550
80.71 26552
80.72 26558
80.74 26565
80.75 26568
80.76 26575
80.77 26581
80.78 26584
80.79 26591
80.80 26595
80.81 26602
80.82 26608
80.83 26611
80.84 26614
80.85 26619
80.86 26625
80.87 26629
80.88 26632
80.89 26636
80.90 26640
80.92 26642
80.93 26645
80.94 26650
80.95 26654
80.96 26659
80.97 26663
80.98 26665
80.99 26669
81.00 26673
81.01 26676
81.02 26679
81.03 26682
81.04 26684
81.05 26687
81.06 26690
81.07 26694
81.08 26700
81.10 26702
81.11 26706
81.12 26708
81.13 26711
81.14 26715
81.15 26721
81.16 26728
81.17 26734
81.18 26739
81.19 26745
81.20 26751
81.21 26758
81.22 26764
81.23 26769
81.24 26772
81.25 26779
81.26 26785
81.28 26790
81.29 26798
81.30 26802
81.31 26806
81.32 26809
81.33 26814
81.34 26818
81.35 26822
81.36 26826
81.37 26832
81.38 26836
81.39 26838
81.40 26842
81.41 26847
81.42 26853
81.43 26860
81.44 26863
81.45 26867
81.47 26869
81.48 26874
81.49 26877
81.50 26879
81.51 26883
81.52 26887
81.53 26889
81.54 26895
81.55 26903
81.56 26907
81.57 26910
81.58 26913
81.59 26921
81.60 26925
81.61 26929
81.62 26934
81.63 26938
81.65 26943
81.66 26947
81.67 26953
81.68 26956
81.69 26963
81.70 26970
81.71 26975
81.72 26980
81.73 26984
81.74 26989
81.75 26996
81.76 26999
81.77 27005
81.78 27008
81.79 27015
81.80 27019
81.81 27022
81.83 27025
81.84 27027
81.85 27033
81.86 27040
81.87 27044
81.88 27048
81.89 27052
81.90 27056
81.91 27060
81.92 27067
81.93 27072
81.94 27077
81.95 27079
81.96 27087
81.97 27092
81.98 27095
81.99 27099
82.01 27102
82.02 27106
82.03 27110
82.04 27117
82.05 27120
82.06 27127
82.07 27132
82.08 27137
82.09 27143
82.10 27148
82.11 27151
82.12 27156
82.13 27161
82.14 27166
82.15 27171
82.16 27174
82.17 27180
82.19 27185
82.20 27192
82.21 27194
82.22 27200
82.23 27205
82.24 27209
82.25 27216
82.26 27220
82.27 27224
82.28 27228
82.29 27234
82.30 27237
82.31 27241
82.32 27244
82.33 27246
82.34 27252
82.35 27256
82.36 27260
82.38 27262
82.39 27267
82.40 27274
82.41 27278
82.42 27285
82.43 27287
82.44 27294
82.45 27298
82.46 27303
82.47 27308
82.48 27311
82.49 27314
82.50 27320
82.51 27324
82.52 27327
82.53 27332
82.54 27336
82.56 27341
82.57 27347
82.58 27350
82.59 27354
82.60 27358
82.61 27362
82.62 27366
82.63 27370
82.64 27374
82.65 27375
82.66 27380
82.67 27385
82.68 27389
82.69 27392
82.70 27394
82.71 27394
82.72 27397
82.74 27398
82.75 27405
82.76 27409
82.77 27414
82.78 27420
82.79 27426
82.80 27428
82.81 27432
82.82 27435
82.83 27437
82.84 27442
82.85 27448
82.86 27452
82.87 27457
82.88 27462
82.89 27465
82.90 27471
82.92 27478
82.93 27483
82.94 27487
82.95 27489
82.96 27495
82.97 27500
82.98 27505
82.99 27511
83.00 27515
83.01 27518
83.02 27525
83.03 27534
83.04 27539
83.05 27544
83.06 27549
83.07 27553
83.08 27559
83.10 27563
83.11 27567
83.12 27572
83.13 27576
83.14 27582
83.15 27585
83.16 27592
83.17 27597
83.18 27601
83.19 27606
83.20 27611
83.21 27615
83.22 27620
83.23 27624
83.24 27630
83.25 27635
83.26 27636
83.27 27643
83.29 27645
83.30 27648
83.31 27654
83.32 27657
83.33 27663
83.34 27668
83.35 27672
83.36 27680
83.37 27683
83.38 27691
83.39 27696
83.40 27701
83.41 27707
83.42 27712
83.43 27716
83.44 27721
83.45 27723
83.47 27729
83.48 27734
83.49 27738
83.50 27741
83.51 27746
83.52 27749
83.53 27754
83.54 27757
83.55 27760
83.56 27764
83.57 27768
83.58 27773
83.59 27776
83.60 27779
83.61 27782
83.62 27785
83.63 27791
83.65 27795
83.66 27798
83.67 27803
83.68 27807
83.69 27812
83.70 27817
83.71 27820
83.72 27826
83.73 27832
83.74 27836
83.75 27842
83.76 27847
83.77 27851
83.78 27853
83.79 27857
83.80 27862
83.81 27866
83.83 27869
83.84 27872
83.85 27875
83.86 27880
83.87 27883
83.88 27888
83.89 27890
83.90 27894
83.91 27898
83.92 27901
83.93 27904
83.94 27909
83.95 27914
83.96 27920
83.97 27924
83.98 27930
83.99 27935
84.01 27941
84.02 27945
84.03 27950
84.04 27953
84.05 27958
84.06 27961
84.07 27965
84.08 27968
84.09 27972
84.10 27976
84.11 27980
84.12 27984
84.13 27987
84.14 27992
84.15 27996
84.16 27999
84.17 28002
84.18 28006
84.20 28009
84.21 28014
84.22 28019
84.23 28024
84.24 28030
84.25 28036
84.26 28043
84.27 28048
84.28 28053
84.29 28058
84.30 28061
84.31 28067
84.32 28072
84.33 28075
84.34 28080
84.35 28084
84.36 28089
84.38 28093
84.39 28099
84.40 28102
84.41 28106
84.42 28109
84.43 28113
84.44 28118
84.45 28122
84.46 28127
84.47 28130
84.48 28136
84.49 28140
84.50 28143
84.51 28147
84.52 28154
84.53 28159
84.54 28165
84.56 28170
84.57 28177
84.58 28180
84.59 28185
84.60 28190
84.61 28192
84.62 28195
84.63 28199
84.64 28203
84.65 28206
84.66 28212
84.67 28217
84.68 28220
84.69 28225
84.70 28228
84.71 28234
84.72 28235
84.74 28239
84.75 28245
84.76 28252
84.77 28257
84.78 28261
84.79 28264
84.80 28269
84.81 28274
84.82 28280
84.83 28284
84.84 28289
84.85 28294
84.86 28296
84.87 28299
84.88 28305
84.89 28308
84.90 28311
84.92 28318
84.93 28322
84.94 28327
84.95 28333
84.96 28339
84.97 28344
84.98 28345
84.99 28350
85.00 28352
85.01 28354
85.02 28358
85.03 28361
85.04 28363
85.05 28371
85.06 28378
85.07 28383
85.08 28387
85.09 28391
85.11 28396
85.12 28402
85.13 28406
85.14 28407
85.15 28413
85.16 28417
85.17 28422
85.18 28426
85.19 28430
85.20 28436
85.21 28442
85.22 28444
85.23 28446
85.24 28448
85.25 28452
85.26 28457
85.27 28462
85.29 28466
85.30 28470
85.31 28475
85.32 28479
85.33 28484
85.34 28488
85.35 28493
85.36 28497
85.37 28503
85.38 28509
85.39 28513
85.40 28517
85.41 28520
85.42 28526
85.43 28532
85.44 28535
85.45 28541
85.47 28547
85.48 28551
85.49 28557
85.50 28562
85.51 28568
85.52 28574
85.53 28577
85.54 28584
85.55 28588
85.56 28593
85.57 28597
85.58 28601
85.59 28605
85.60 28608
85.61 28612
85.62 28613
85.63 28619
85.65 28621
85.66 28623
85.67 28629
85.68 28635
85.69 28640
85.70 28646
85.71 28650
85.72 28659
85.73 28663
85.74 28666
85.75 28673
85.76 28676
85.77 28679
85.78 28684
85.79 28688
85.80 28692
85.81 28696
85.83 28701
85.84 28704
85.85 28710
85.86 28713
85.87 28716
85.88 28721
85.89 28726
85.90 28729
85.91 28735
85.92 28738
85.93 28741
85.94 28746
85.95 28750
85.96 28755
85.97 28759
85.98 28762
85.99 28766
86.00 28769
86.02 28772
86.03 28779
86.04 28786
86.05 28791
86.06 28796
86.07 28800
86.08 28804
86.09 28809
86.10 28812
86.11 28815
86.12 28818
86.13 28825
86.14 28829
86.15 28833
86.16 28837
86.17 28842
86.18 28847
86.20 28851
86.21 28856
86.22 28860
86.23 28864
86.24 28866
86.25 28870
86.26 28876
86.27 28880
86.28 28887
86.29 28892
86.30 28895
86.31 28900
86.32 28905
86.33 28908
86.34 28915
86.35 28922
86.36 28929
86.38 28935
86.39 28939
86.40 28942
86.41 28945
86.42 28950
86.43 28955
86.44 28961
86.45 28967
86.46 28971
86.47 28975
86.48 28980
86.49 28984
86.50 28988
86.51 28991
86.52 28996
86.53 29002
86.54 29002
86.56 29008
86.57 29012
86.58 29016
86.59 29022
86.60 29026
86.61 29032
86.62 29038
86.63 29041
86.64 29044
86.65 29048
86.66 29054
86.67 29056
86.68 29063
86.69 29068
86.70 29072
86.71 29076
86.72 29081
86.74 29088
86.75 29091
86.76 29097
86.77 29101
86.78 29107
86.79 29113
86.80 29118
86.81 29123
86.82 29126
86.83 29130
86.84 29135
86.85 29138
86.86 29144
86.87 29146
86.88 29149
86.89 29151
86.90 29154
86.91 29155
86.93 29160
86.94 29165
86.95 29170
86.96 29172
86.97 29176
86.98 29179
86.99 29183
87.00 29187
87.01 29191
87.02 29193
87.03 29197
87.04 29199
87.05 29205
87.06 29212
87.07 29215
87.08 29217
87.09 29218
87.11 29221
87.12 29228
87.13 29233
87.14 29239
87.15 29244
87.16 29250
87.17 29254
87.18 29258
87.19 29264
87.20 29268
87.21 29275
87.22 29281
87.23 29284
87.24 29289
87.25 29295
87.26 29295
87.27 29298
87.29 29305
87.30 29306
87.31 29311
87.32 29314
87.33 29316
87.34 29322
87.35 29326
87.36 29329
87.37 29334
87.38 29338
87.39 29343
87.40 29345
87.41 29348
87.42 29352
87.43 29358
87.44 29362
87.45 29368
87.47 29372
87.48 29377
87.49 29381
87.50 29383
87.51 29387
87.52 29392
87.53 29395
87.54 29398
87.55 29399
87.56 29403
87.57 29408
87.58 29410
87.59 29414
87.60 29418
87.61 29422
87.62 29426
87.63 29428
87.64 29433
87.66 29435
87.67 29437
87.68 29441
87.69 29444
87.70 29449
87.71 29449
87.72 29451
87.73 29453
87.74 29459
87.75 29459
87.76 29463
87.77 29466
87.78 29471
87.79 29476
87.80 29478
87.81 29483
87.82 29486
87.84 29487
87.85 29489
87.86 29493
87.87 29497
87.88 29501
87.89 29501
87.90 29503
87.91 29510
87.92 29515
87.93 29519
87.94 29519
87.95 29520
87.96 29527
87.97 29532
87.98 29538
87.99 29542
88.00 29545
88.02 29551
88.03 29555
88.04 29556
88.05 29558
88.06 29559
88.07 29564
88.08 29564
88.09 29566
88.10 29566
88.11 29567
88.12 29570
88.13 29571
88.14 29573
88.15 29578
88.16 29584
88.17 29588
88.18 29595
88.20 29596
88.21 29602
88.22 29607
88.23 29610
88.24 29611
88.25 29614
88.26 29615
88.27 29618
88.28 29622
88.29 29627
88.30 29630
88.31 29633
88.32 29639
88.33 29641
88.34 29644
88.35 29649
88.36 29650
88.38 29652
88.39 29657
88.40 29662
88.41 29664
88.42 29669
88.43 29671
88.44 29675
88.45 29678
88.46 29682
88.47 29684
88.48 29687
88.49 29693
88.50 29698
88.51 29705
88.52 29709
88.53 29713
88.54 29717
88.55 29724
88.57 29730
88.58 29735
88.59 29739
88.60 29744
88.61 29747
88.62 29751
88.63 29757
88.64 29761
88.65 29763
88.66 29769
88.67 29773
88.68 29775
88.69 29781
88.70 29784
88.71 29791
88.72 29797
88.73 29800
88.75 29805
88.76 29807
88.77 29814
88.78 29820
88.79 29824
88.80 29826
88.81 29830
88.82 29835
88.83 29840
88.84 29845
88.85 29850
88.86 29855
88.87 29860
88.88 29865
88.89 29870
88.90 29873
88.91 29876
88.93 29881
88.94 29886
88.95 29889
88.96 29891
88.97 29897
88.98 29900
88.99 29904
89.00 29909
89.01 29913
89.02 29918
89.03 29923
89.04 29926
89.05 29929
89.06 29934
89.07 29938
89.08 29941
89.09 29948
89.11 29956
89.12 29963
89.13 29969
89.14 29973
89.15 29978
89.16 29980
89.17 29983
89.18 29988
89.19 29994
89.20 29995
89.21 29998
89.22 30003
89.23 30007
89.24 30009
89.25 30010
89.26 30015
89.27 30018
89.29 30023
89.30 30027
89.31 30034
89.32 30036
89.33 30038
89.34 30040
89.35 30045
89.36 30047
89.37 30048
89.38 30050
89.39 30052
89.40 30054
89.41 30055
89.42 30058
89.43 30060
89.44 30062
89.45 30063
89.46 30064
89.48 30068
89.49 30072
89.50 30074
89.51 30075
89.52 30077
89.53 30079
89.54 30081
89.55 30082
89.56 30084
89.57 30084
89.58 30087
89.59 30090
89.60 30092
89.61 30096
89.62 30096
89.63 30097
89.64 30098
89.66 30099
89.67 30101
89.68 30102
89.69 30103
89.70 30104
89.71 30105
89.72 30107
89.73 30111
89.74 30111
89.75 30111
89.76 30114
89.77 30115
89.78 30115
89.79 30116
89.80 30116
89.81 30116
89.82 30116
89.84 30116
89.85 30116
89.86 30116
89.87 30117
89.88 30117
89.89 30117
89.90 30117
89.91 30117
89.92 30117
89.93 30121
89.94 30121
89.95 30121
89.96 30125
89.97 30125
89.98 30126
89.99 30127
90.00 30127
90.02 30130
90.03 30132
90.04 30132
90.05 30132
90.06 30133
90.07 30139
90.08 30141
90.09 30142
90.10 30142
90.11 30143
90.12 30143
90.13 30145
90.14 30146
90.15 30147
90.16 30150
90.17 30154
90.18 30157
90.20 30165
90.21 30169
90.22 30174
90.23 30175
90.24 30177
90.25 30178
90.26 30181
90.27 30183
90.28 30185
90.29 30187
90.30 30190
90.31 30194
90.32 30198
90.33 30198
90.34 30199
90.35 30200
90.36 30204
90.37 30205
90.39 30207
90.40 30208
90.41 30210
90.42 30214
90.43 30217
90.44 30221
90.45 30223
90.46 30224
90.47 30224
90.48 30224
90.49 30226
90.50 30228
90.51 30234
90.52 30237
90.53 30241
90.54 30247
90.55 30250
90.57 30251
90.58 30252
90.59 30254
90.60 30257
90.61 30259
90.62 30263
90.63 30269
90.64 30270
90.65 30274
90.66 30282
90.67 30289
90.68 30295
90.69 30302
90.70 30306
90.71 30311
90.72 30314
90.73 30320
90.75 30322
90.76 30325
90.77 30329
90.78 30333
90.79 30337
90.80 30339
90.81 30342
90.82 30348
90.83 30353
90.84 30356
90.85 30361
90.86 30363
90.87 30365
90.88 30368
90.89 30374
90.90 30378
90.91 30382
90.93 30385
90.94 30389
90.95 30392
90.96 30393
90.97 30396
90.98 30401
90.99 30405
91.00 30406
91.01 30409
91.02 30413
91.03 30420
91.04 30428
91.05 30433
91.06 30438
91.07 30444
91.08 30448
91.09 30451
91.11 30457
91.12 30461
91.13 30465
91.14 30470
91.15 30475
91.16 30483
91.17 30486
91.18 30491
91.19 30495
91.20 30496
91.21 30499
91.22 30504
91.23 30510
91.24 30515
91.25 30520
91.26 30524
91.27 30529
91.28 30534
91.30 30538
91.31 30543
91.32 30545
91.33 30546
91.34 30549
91.35 30554
91.36 30560
91.37 30565
91.38 30571
91.39 30577
91.40 30582
91.41 30591
91.42 30595
91.43 30599
91.44 30602
91.45 30606
91.46 30610
91.48 30616
91.49 30620
91.50 30626
91.51 30629
91.52 30633
91.53 30637
91.54 30639
91.55 30641
91.56 30644
91.57 30648
91.58 30653
91.59 30658
91.60 30663
91.61 30667
91.62 30670
91.63 30673
91.64 30676
91.66 30682
91.67 30687
91.68 30691
91.69 30695
91.70 30699
91.71 30702
91.72 30708
91.73 30714
91.74 30720
91.75 30723
91.76 30726
91.77 30732
91.78 30736
91.79 30742
91.80 30748
91.81 30749
91.82 30754
91.84 30759
91.85 30765
91.86 30769
91.87 30773
91.88 30775
91.89 30778
91.90 30781
91.91 30784
91.92 30787
91.93 30790
91.94 30795
91.95 30802
91.96 30806
91.97 30812
91.98 30819
91.99 30825
92.00 30831
92.02 30835
92.03 30839
92.04 30843
92.05 30850
92.06 30854
92.07 30857
92.08 30862
92.09 30868
92.10 30872
92.11 30876
92.12 30880
92.13 30886
92.14 30891
92.15 30897
92.16 30901
92.17 30904
92.18 30905
92.19 30908
92.21 30910
92.22 30912
92.23 30916
92.24 30920
92.25 30926
92.26 30932
92.27 30937
92.28 30939
92.29 30942
92.30 30946
92.31 30948
92.32 30950
92.33 30956
92.34 30961
92.35 30967
92.36 30969
92.37 30971
92.39 30974
92.40 30977
92.41 30981
92.42 30987
92.43 30991
92.44 30995
92.45 31000
92.46 31005
92.47 31009
92.48 31016
92.49 31022
92.50 31026
92.51 31030
92.52 31034
92.53 31040
92.54 31043
92.55 31048
92.57 31050
92.58 31054
92.59 31062
92.60 31066
92.61 31071
92.62 31076
92.63 31080
92.64 31084
92.65 31087
92.66 31091
92.67 31096
92.68 31101
92.69 31106
92.70 31112
92.71 31118
92.72 31124
92.73 31130
92.75 31135
92.76 31139
92.77 31145
92.78 31149
92.79 31153
92.80 31156
92.81 31161
92.82 31162
92.83 31167
92.84 31170
92.85 31175
92.86 31179
92.87 31183
92.88 31187
92.89 31188
92.90 31192
92.91 31196
92.93 31201
92.94 31205
92.95 31212
92.96 31215
92.97 31215
92.98 31218
92.99 31223
93.00 31228
93.01 31233
93.02 31235
93.03 31240
93.04 31246
93.05 31249
93.06 31256
93.07 31262
93.08 31265
93.09 31268
93.10 31269
93.12 31273
93.13 31279
93.14 31284
93.15 31288
93.16 31290
93.17 31293
93.18 31298
93.19 31301
93.20 31307
93.21 31311
93.22 31314
93.23 31320
93.24 31323
93.25 31328
93.26 31332
93.27 31336
93.28 31340
93.30 31345
93.31 31349
93.32 31354
93.33 31359
93.34 31363
93.35 31367
93.36 31373
93.37 31377
93.38 31382
93.39 31388
93.40 31392
93.41 31394
93.42 31397
93.43 31403
93.44 31408
93.45 31410
93.46 31415
93.48 31418
93.49 31424
93.50 31430
93.51 31436
93.52 31439
93.53 31442
93.54 31445
93.55 31446
93.56 31449
93.57 31453
93.58 31454
93.59 31458
93.60 31462
93.61 31468
93.62 31474
93.63 31476
93.64 31480
93.66 31482
93.67 31488
93.68 31491
93.69 31493
93.70 31495
93.71 31497
93.72 31502
93.73 31508
93.74 31513
93.75 31516
93.76 31519
93.77 31523
93.78 31527
93.79 31534
93.80 31538
93.81 31544
93.82 31550
93.84 31555
93.85 31560
93.86 31564
93.87 31570
93.88 31573
93.89 31579
93.90 31587
93.91 31594
93.92 31600
93.93 31605
93.94 31611
93.95 31617
93.96 31622
93.97 31628
93.98 31635
93.99 31640
94.00 31645
94.01 31650
94.03 31654
94.04 31659
94.05 31662
94.06 31664
94.07 31666
94.08 31668
94.09 31672
94.10 31675
94.11 31679
94.12 31682
94.13 31682
94.14 31686
94.15 31693
94.16 31696
94.17 31701
94.18 31707
94.19 31712
94.21 31718
94.22 31722
94.23 31725
94.24 31729
94.25 31734
94.26 31736
94.27 31740
94.28 31745
94.29 31750
94.30 31754
94.31 31760
94.32 31764
94.33 31768
94.34 31773
94.35 31779
94.36 31783
94.37 31789
94.39 31795
94.40 31802
94.41 31807
94.42 31812
94.43 31815
94.44 31819
94.45 31822
94.46 31825
94.47 31827
94.48 31830
94.49 31832
94.50 31836
94.51 31840
94.52 31843
94.53 31846
94.54 31852
94.55 31855
94.57 31860
94.58 31864
94.59 31868
94.60 31869
94.61 31872
94.62 31875
94.63 31878
94.64 31881
94.65 31884
94.66 31887
94.67 31891
94.68 31896
94.69 31899
94.70 31906
94.71 31910
94.72 31916
94.73 31920
94.75 31923
94.76 31929
94.77 31933
94.78 31937
94.79 31944
94.80 31948
94.81 31955
94.82 31961
94.83 31966
94.84 31970
94.85 31971
94.86 31977
94.87 31981
94.88 31985
94.89 31990
94.90 31992
94.91 31996
94.92 32001
94.94 32003
94.95 32004
94.96 32007
94.97 32012
94.98 32016
94.99 32020
95.00 32025
95.01 32028
95.02 32036
95.03 32041
95.04 32047
95.05 32052
95.06 32057
95.07 32062
95.08 32069
95.09 32074
95.10 32078
95.12 32082
95.13 32086
95.14 32089
95.15 32092
95.16 32099
95.17 32104
95.18 32106
95.19 32109
95.20 32110
95.21 32112
95.22 32114
95.23 32116
95.24 32120
95.25 32123
95.26 32125
95.27 32130
95.28 32132
95.30 32135
95.31 32138
95.32 32139
95.33 32141
95.34 32142
95.35 32143
95.36 32144
95.37 32146
95.38 32147
95.39 32149
95.40 32149
95.41 32150
95.42 32152
95.43 32154
95.44 32158
95.45 32159
95.46 32160
95.48 32161
95.49 32162
95.50 32165
95.51 32173
95.52 32176
95.53 32180
95.54 32182
95.55 32187
95.56 32191
95.57 32194
95.58 32196
95.59 32199
95.60 32206
95.61 32208
95.62 32211
95.63 32215
95.64 32219
95.66 32226
95.67 32229
95.68 32233
95.69 32237
95.70 32240
95.71 32242
95.72 32244
95.73 32246
95.74 32246
95.75 32250
95.76 32255
95.77 32259
95.78 32263
95.79 32269
95.80 32273
95.81 32276
95.82 32280
95.83 32284
95.85 32290
95.86 32293
95.87 32297
95.88 32300
95.89 32306
95.90 32312
95.91 32318
95.92 32322
95.93 32326
95.94 32331
95.95 32334
95.96 32336
95.97 32341
95.98 32345
95.99 32351
96.00 32354
96.01 32360
96.03 32365
96.04 32371
96.05 32375
96.06 32379
96.07 32384
96.08 32390
96.09 32395
96.10 32400
96.11 32406
96.12 32409
96.13 32412
96.14 32419
96.15 32423
96.16 32427
96.17 32429
96.18 32436
96.19 32441
96.21 32446
96.22 32450
96.23 32456
96.24 32458
96.25 32462
96.26 32467
96.27 32473
96.28 32479
96.29 32483
96.30 32487
96.31 32493
96.32 32499
96.33 32504
96.34 32511
96.35 32513
96.36 32518
96.37 32523
96.39 32527
96.40 32532
96.41 32537
96.42 32541
96.43 32544
96.44 32549
96.45 32552
96.46 32555
96.47 32559
96.48 32564
96.49 32567
96.50 32571
96.51 32575
96.52 32577
96.53 32580
96.54 32584
96.55 32587
96.57 32592
96.58 32594
96.59 32599
96.60 32603
96.61 32607
96.62 32611
96.63 32614
96.64 32619
96.65 32622
96.66 32626
96.67 32632
96.68 32637
96.69 32638
96.70 32644
96.71 32649
96.72 32655
96.73 32662
96.74 32667
96.76 32672
96.77 32677
96.78 32682
96.79 32687
96.80 32693
96.81 32699
96.82 32703
96.83 32708
96.84 32712
96.85 32714
96.86 32719
96.87 32725
96.88 32728
96.89 32732
96.90 32736
96.91 32740
96.92 32744
96.94 32748
96.95 32752
96.96 32759
96.97 32761
96.98 32765
96.99 32770
97.00 32774
97.01 32778
97.02 32785
97.03 32787
97.04 32792
97.05 32793
97.06 32797
97.07 32800
97.08 32805
97.09 32812
97.10 32817
97.12 32821
97.13 32826
97.14 32831
97.15 32834
97.16 32839
97.17 32843
97.18 32847
97.19 32852
97.20 32857
97.21 32862
97.22 32867
97.23 32870
97.24 32875
97.25 32880
97.26 32883
97.27 32888
97.28 32892
97.30 32896
97.31 32899
97.32 32903
97.33 32908
97.34 32914
97.35 32918
97.36 32922
97.37 32925
97.38 32927
97.39 32932
97.40 32937
97.41 32941
97.42 32945
97.43 32952
97.44 32957
97.45 32965
97.46 32968
97.48 32972
97.49 32974
97.50 32978
97.51 32982
97.52 32986
97.53 32992
97.54 32996
97.55 33000
97.56 33008
97.57 33013
97.58 33016
97.59 33020
97.60 33025
97.61 33027
97.62 33033
97.63 33040
97.64 33044
97.65 33048
97.67 33054
97.68 33060
97.69 33065
97.70 33068
97.71 33074
97.72 33078
97.73 33082
97.74 33087
97.75 33090
97.76 33094
97.77 33099
97.78 33101
97.79 33107
97.80 33112
97.81 33117
97.82 33124
97.83 33128
97.85 33136
97.86 33140
97.87 33145
97.88 33150
97.89 33154
97.90 33158
97.91 33161
97.92 33164
97.93 33172
97.94 33177
97.95 33182
97.96 33185
97.97 33191
97.98 33195
97.99 33199
98.00 33200
98.01 33202
98.03 33202
98.04 33210
98.05 33214
98.06 33218
98.07 33224
98.08 33228
98.09 33236
98.10 33243
98.11 33250
98.12 33255
98.13 33261
98.14 33267
98.15 33271
98.16 33277
98.17 33282
98.18 33287
98.19 33292
98.21 33299
98.22 33303
98.23 33309
98.24 33313
98.25 33316
98.26 33317
98.27 33320
98.28 33324
98.29 33327
98.30 33330
98.31 33334
98.32 33338
98.33 33343
98.34 33346
98.35 33351
98.36 33354
98.37 33358
98.39 33362
98.40 33368
98.41 33375
98.42 33377
98.43 33378
98.44 33378
98.45 33386
98.46 33389
98.47 33394
98.48 33398
98.49 33402
98.50 33406
98.51 33412
98.52 33419
98.53 33424
98.54 33430
98.55 33433
98.56 33443
98.58 33447
98.59 33450
98.60 33453
98.61 33456
98.62 33459
98.63 33463
98.64 33469
98.65 33474
98.66 33478
98.67 33480
98.68 33482
98.69 33484
98.70 33489
98.71 33492
98.72 33497
98.73 33500
98.74 33504
98.76 33508
98.77 33508
98.78 33510
98.79 33513
98.80 33519
98.81 33523
98.82 33529
98.83 33532
98.84 33538
98.85 33544
98.86 33549
98.87 33555
98.88 33560
98.89 33564
98.90 33567
98.91 33570
98.92 33573
98.94 33577
98.95 33579
98.96 33585
98.97 33590
98.98 33596
98.99 33600
99.00 33604
99.01 33608
99.02 33611
99.03 33617
99.04 33623
99.05 33625
99.06 33631
99.07 33636
99.08 33641
99.09 33648
99.10 33655
99.12 33657
99.13 33659
99.14 33663
99.15 33668
99.16 33670
99.17 33672
99.18 33678
99.19 33682
99.20 33687
99.21 33691
99.22 33696
99.23 33702
99.24 33706
99.25 33712
99.26 33712
99.27 33717
99.28 33721
99.30 33724
99.31 33729
99.32 33734
99.33 33735
99.34 33740
99.35 33743
99.36 33745
99.37 33748
99.38 33751
99.39 33758
99.40 33763
99.41 33767
99.42 33772
99.43 33777
99.44 33780
99.45 33782
99.46 33786
99.47 33788
99.49 33790
99.50 33794
99.51 33799
99.52 33803
99.53 33805
99.54 33808
99.55 33815
99.56 33818
99.57 33825
99.58 33832
99.59 33836
99.60 33841
99.61 33845
99.62 33848
99.63 33852
99.64 33855
99.65 33859
99.67 33865
99.68 33868
99.69 33873
99.70 33879
99.71 33884
99.72 33889
99.73 33894
99.74 33898
99.75 33902
99.76 33907
99.77 33914
99.78 33917
99.79 33920
99.80 33926
99.81 33930
99.82 33935
99.83 33939
99.85 33944
99.86 33947
99.87 33951
99.88 33957
99.89 33960
99.90 33963
99.91 33968
99.92 33972
99.93 33976
99.94 33982
99.95 33987
99.96 33992
99.97 33999
99.98 34006
99.99 34011
