0.00 1
0.01 48
0.02 87
0.03 126
0.04 159
0.05 197
0.06 233
0.07 268
0.08 300
0.09 337
0.10 373
0.11 403
0.12 434
0.13 469
0.14 500
0.15 532
0.16 566
0.17 603
0.18 635
0.19 667
0.20 698
0.21 732
0.22 764
0.23 799
0.24 835
0.25 872
0.26 904
0.27 938
0.28 970
0.29 1002
0.30 1033
0.31 1067
0.32 1101
0.33 1135
0.34 1164
0.35 1197
0.36 1232
0.37 1272
0.38 1309
0.39 1345
0.40 1384
0.41 1419
0.42 1452
0.43 1488
0.44 1522
0.45 1558
0.46 1594
0.47 1634
0.48 1670
0.49 1705
0.50 1740
0.51 1773
0.52 1806
0.53 1839
0.54 1873
0.55 1908
0.56 1940
0.57 1975
0.58 2006
0.59 2036
0.60 2068
0.61 2101
0.62 2139
0.63 2174
0.64 2211
0.65 2251
0.66 2281
0.67 2314
0.68 2349
0.69 2391
0.70 2424
0.71 2459
0.72 2494
0.73 2527
0.74 2563
0.75 2595
0.76 2628
0.77 2663
0.78 2695
0.79 2728
0.80 2762
0.81 2803
0.82 2840
0.83 2875
0.84 2909
0.85 2943
0.86 2980
0.87 3012
0.88 3048
0.89 3081
0.90 3114
0.91 3153
0.92 3193
0.93 3228
0.94 3266
0.95 3301
0.96 3333
0.97 3370
0.98 3400
0.99 3433
1.00 3469
1.01 3501
1.02 3534
1.03 3568
1.04 3607
1.05 3644
1.06 3675
1.08 3707
1.09 3760
1.10 3797
1.11 3836
1.12 3878
1.13 3913
1.14 3945
1.15 3983
1.16 4016
1.17 4053
1.18 4091
1.19 4126
1.20 4163
1.21 4209
1.22 4247
1.23 4285
1.24 4325
1.25 4364
1.26 4401
1.27 4438
1.28 4477
1.29 4525
1.30 4558
1.31 4595
1.32 4634
1.33 4672
1.34 4711
1.35 4755
1.36 4793
1.37 4830
1.38 4871
1.39 4914
1.40 4951
1.41 4987
1.42 5022
1.43 5065
1.44 5106
1.45 5147
1.46 5190
1.47 5228
1.48 5271
1.49 5310
1.50 5350
1.51 5396
1.52 5434
1.53 5474
1.54 5522
1.55 5575
1.56 5620
1.57 5669
1.58 5713
1.59 5755
1.60 5804
1.61 5854
1.62 5903
1.63 5956
1.64 6004
1.65 6052
1.66 6098
1.67 6145
1.68 6196
1.69 6243
1.70 6282
1.71 6333
1.72 6379
1.73 6423
1.74 6470
1.75 6517
1.76 6563
1.77 6611
1.78 6658
1.79 6705
1.80 6754
1.81 6801
1.82 6846
1.83 6898
1.84 6949
1.85 6994
1.86 7040
1.87 7090
1.88 7140
1.89 7186
1.90 7235
1.91 7282
1.92 7327
1.93 7376
1.94 7422
1.95 7468
1.96 7512
1.97 7561
1.98 7607
1.99 7650
2.00 7696
2.01 7745
2.02 7792
2.03 7837
2.04 7884
2.05 7928
2.06 7974
2.07 8018
2.08 8061
2.09 8108
2.10 8152
2.11 8195
2.12 8238
2.13 8286
2.14 8323
2.15 8367
2.16 8406
2.17 8445
2.18 8485
2.19 8526
2.20 8567
2.21 8607
2.22 8649
2.23 8692
2.24 8739
2.25 8784
2.26 8829
2.27 8871
2.28 8918
2.29 8963
2.30 9007
2.31 9045
2.32 9089
2.33 9132
2.34 9181
2.35 9227
2.36 9279
2.37 9327
2.38 9373
2.39 9421
2.40 9468
2.41 9515
2.42 9564
2.43 9611
2.44 9660
2.45 9709
2.46 9754
2.47 9798
2.48 9842
2.49 9889
2.50 9935
2.51 9978
2.52 10020
2.53 10063
2.54 10107
2.55 10152
2.56 10196
2.57 10237
2.58 10285
2.59 10334
2.60 10379
2.61 10421
2.62 10466
2.63 10513
2.64 10556
2.65 10598
2.66 10643
2.67 10688
2.68 10731
2.69 10773
2.70 10815
2.71 10857
2.72 10901
2.73 10947
2.74 10990
2.75 11036
2.76 11079
2.77 11122
2.78 11169
2.79 11217
2.80 11265
2.81 11311
2.82 11353
2.83 11395
2.84 11442
2.85 11491
2.86 11534
2.87 11580
2.88 11630
2.89 11674
2.90 11717
2.91 11760
2.92 11807
2.93 11856
2.94 11902
2.95 11945
2.96 11993
2.97 12042
2.98 12090
2.99 12130
3.00 12177
3.01 12225
3.02 12274
3.03 12316
3.04 12362
3.05 12409
3.06 12456
3.07 12500
3.08 12544
3.09 12591
3.10 12638
3.11 12682
3.12 12725
3.13 12773
3.14 12819
3.15 12864
3.16 12912
3.17 12962
3.18 13009
3.19 13054
3.20 13099
3.22 13145
3.23 13191
3.24 13236
3.25 13279
3.26 13322
3.27 13367
3.28 13414
3.29 13457
3.30 13498
3.31 13543
3.32 13593
3.33 13638
3.34 13684
3.35 13727
3.36 13771
3.37 13819
3.38 13863
3.39 13906
3.40 13947
3.41 13991
3.42 14039
3.43 14081
3.44 14123
3.45 14168
3.46 14217
3.47 14259
3.48 14303
3.49 14353
3.50 14397
3.51 14441
3.52 14489
3.53 14535
3.54 14578
3.55 14627
3.56 14675
3.57 14720
3.58 14764
3.59 14811
3.60 14862
3.61 14907
3.62 14951
3.63 14995
3.64 15041
3.65 15086
3.66 15127
3.67 15167
3.68 15210
3.69 15258
3.70 15301
3.71 15343
3.72 15388
3.73 15434
3.74 15476
3.75 15518
3.76 15559
3.77 15605
3.78 15649
3.79 15691
3.80 15734
3.81 15773
3.82 15821
3.83 15863
3.84 15903
3.85 15946
3.86 15987
3.87 16033
3.88 16079
3.89 16124
3.90 16169
3.91 16217
3.92 16266
3.93 16313
3.94 16356
3.95 16398
3.96 16446
3.97 16491
3.98 16536
3.99 16581
4.00 16623
4.01 16665
4.02 16711
4.03 16753
4.04 16796
4.05 16845
4.06 16893
4.07 16939
4.08 16981
4.09 17025
4.10 17067
4.11 17116
4.12 17165
4.13 17211
4.14 17256
4.15 17300
4.16 17341
4.17 17391
4.18 17440
4.19 17483
4.20 17526
4.21 17567
4.22 17615
4.23 17660
4.24 17702
4.25 17745
4.26 17790
4.27 17837
4.28 17883
4.29 17925
4.30 17978
4.31 18023
4.32 18066
4.33 18111
4.34 18154
4.35 18199
4.36 18247
4.37 18292
4.38 18334
4.39 18376
4.40 18422
4.41 18469
4.42 18517
4.43 18561
4.44 18603
4.45 18646
4.46 18686
4.47 18731
4.48 18776
4.49 18822
4.50 18869
4.51 18913
4.52 18956
4.53 18999
4.54 19041
4.55 19081
4.56 19129
4.57 19170
4.58 19212
4.59 19258
4.60 19305
4.61 19346
4.62 19388
4.63 19434
4.64 19477
4.65 19517
4.66 19561
4.67 19609
4.68 19652
4.69 19695
4.70 19735
4.71 19775
4.72 19818
4.73 19859
4.74 19907
4.75 19953
4.76 19993
4.77 20032
4.78 20074
4.79 20119
4.80 20162
4.81 20204
4.82 20249
4.83 20298
4.84 20341
4.85 20381
4.86 20422
4.87 20467
4.88 20508
4.89 20550
4.90 20595
4.91 20638
4.92 20681
4.93 20727
4.94 20771
4.95 20813
4.96 20859
4.97 20902
4.98 20946
4.99 20990
5.00 21035
5.01 21080
5.02 21123
5.03 21169
5.04 21217
5.05 21257
5.06 21296
5.07 21338
5.08 21383
5.09 21424
5.10 21469
5.11 21511
5.12 21556
5.13 21608
5.14 21653
5.15 21695
5.16 21737
5.17 21783
5.18 21827
5.19 21870
5.20 21915
5.21 21960
5.22 21999
5.23 22045
5.24 22090
5.25 22132
5.26 22176
5.27 22222
5.28 22265
5.29 22308
5.30 22353
5.31 22393
5.32 22438
5.33 22480
5.34 22525
5.35 22574
5.37 22618
5.38 22659
5.39 22700
5.40 22740
5.41 22782
5.42 22833
5.43 22879
5.44 22923
5.45 22968
5.46 23018
5.47 23060
5.48 23101
5.49 23138
5.50 23175
5.51 23215
5.52 23259
5.53 23301
5.54 23347
5.55 23392
5.56 23434
5.57 23482
5.58 23528
5.59 23572
5.60 23616
5.61 23659
5.62 23701
5.63 23748
5.64 23789
5.65 23830
5.66 23874
5.67 23917
5.68 23961
5.69 24003
5.70 24048
5.71 24091
5.72 24130
5.73 24173
5.74 24218
5.75 24261
5.76 24304
5.77 24350
5.78 24393
5.79 24437
5.80 24481
5.81 24526
5.82 24570
5.83 24614
5.84 24660
5.85 24701
5.86 24745
5.87 24793
5.88 24838
5.89 24883
5.90 24925
5.91 24974
5.92 25020
5.93 25065
5.94 25107
5.95 25152
5.96 25198
5.97 25243
5.98 25286
5.99 25330
6.00 25377
6.01 25422
6.02 25465
6.03 25509
6.04 25558
6.05 25607
6.06 25654
6.07 25697
6.08 25745
6.09 25791
6.10 25835
6.11 25877
6.12 25924
6.13 25967
6.14 26009
6.15 26056
6.16 26102
6.17 26143
6.18 26184
6.19 26226
6.20 26274
6.21 26314
6.22 26356
6.23 26397
6.24 26441
6.25 26482
6.26 26529
6.27 26571
6.28 26614
6.29 26658
6.30 26706
6.31 26752
6.32 26795
6.33 26843
6.34 26892
6.35 26936
6.36 26977
6.37 27028
6.38 27072
6.39 27113
6.40 27154
6.41 27198
6.42 27247
6.43 27290
6.44 27328
6.45 27370
6.46 27410
6.47 27455
6.48 27502
6.49 27548
6.50 27589
6.51 27632
6.52 27678
6.53 27725
6.54 27772
6.55 27814
6.56 27858
6.57 27905
6.58 27948
6.59 27990
6.60 28039
6.61 28084
6.62 28123
6.63 28162
6.64 28202
6.65 28242
6.66 28281
6.67 28322
6.68 28365
6.69 28411
6.70 28456
6.71 28501
6.72 28549
6.73 28593
6.74 28637
6.75 28680
6.76 28726
6.77 28768
6.78 28811
6.79 28852
6.80 28895
6.81 28945
6.82 28993
6.83 29039
6.84 29083
6.85 29126
6.86 29169
6.87 29217
6.88 29266
6.89 29311
6.90 29354
6.91 29402
6.92 29448
6.93 29492
6.94 29537
6.95 29584
6.96 29628
6.97 29674
6.98 29718
6.99 29762
7.00 29810
7.01 29855
7.02 29897
7.03 29944
7.04 29990
7.05 30035
7.06 30077
7.07 30121
7.08 30166
7.09 30207
7.10 30251
7.11 30295
7.12 30335
7.13 30378
7.14 30419
7.15 30459
7.16 30499
7.17 30541
7.18 30582
7.19 30625
7.20 30668
7.21 30715
7.22 30758
7.23 30798
7.24 30843
7.25 30884
7.26 30926
7.27 30972
7.28 31016
7.29 31059
7.30 31105
7.31 31155
7.32 31196
7.33 31239
7.34 31284
7.35 31327
7.36 31369
7.37 31411
7.38 31458
7.39 31504
7.40 31549
7.41 31592
7.42 31636
7.43 31682
7.44 31731
7.45 31776
7.46 31819
7.47 31864
7.48 31910
7.49 31956
7.51 31999
7.52 32046
7.53 32094
7.54 32139
7.55 32181
7.56 32227
7.57 32271
7.58 32313
7.59 32356
7.60 32396
7.61 32443
7.62 32489
7.63 32533
7.64 32575
7.65 32618
7.66 32665
7.67 32707
7.68 32748
7.69 32792
7.70 32839
7.71 32887
7.72 32930
7.73 32972
7.74 33019
7.75 33060
7.76 33103
7.77 33150
7.78 33195
7.79 33237
7.80 33286
7.81 33336
7.82 33383
7.83 33427
7.84 33476
7.85 33521
7.86 33563
7.87 33612
7.88 33659
7.89 33705
7.90 33746
7.91 33789
7.92 33828
7.93 33877
7.94 33926
7.95 33971
7.96 34013
7.97 34058
7.98 34106
7.99 34148
8.00 34196
8.01 34248
8.02 34289
8.03 34334
8.04 34383
8.05 34431
8.06 34477
8.07 34522
8.08 34563
8.09 34606
8.10 34648
8.11 34690
8.12 34736
8.13 34780
8.14 34823
8.15 34864
8.16 34906
8.17 34955
8.18 35003
8.19 35050
8.20 35093
8.21 35135
8.22 35183
8.23 35231
8.24 35274
8.25 35316
8.26 35364
8.27 35406
8.28 35450
8.29 35498
8.30 35541
8.31 35585
8.32 35632
8.33 35674
8.34 35717
8.35 35763
8.36 35812
8.37 35857
8.38 35899
8.39 35940
8.40 35987
8.41 36036
8.42 36080
8.43 36124
8.44 36166
8.45 36216
8.46 36261
8.47 36308
8.48 36352
8.49 36401
8.50 36449
8.51 36495
8.52 36535
8.53 36579
8.54 36620
8.55 36667
8.56 36713
8.57 36753
8.58 36800
8.59 36843
8.60 36884
8.61 36927
8.62 36974
8.63 37019
8.64 37063
8.65 37107
8.66 37154
8.67 37197
8.68 37242
8.69 37286
8.70 37328
8.71 37378
8.72 37426
8.73 37472
8.74 37513
8.75 37556
8.76 37601
8.77 37647
8.78 37690
8.79 37732
8.80 37775
8.81 37823
8.82 37864
8.83 37906
8.84 37948
8.85 37996
8.86 38041
8.87 38082
8.88 38128
8.89 38175
8.90 38218
8.91 38260
8.92 38307
8.93 38350
8.94 38393
8.95 38434
8.96 38481
8.97 38523
8.98 38563
8.99 38607
9.00 38651
9.01 38694
9.02 38737
9.03 38779
9.04 38818
9.05 38867
9.06 38909
9.07 38951
9.08 38999
9.09 39041
9.10 39083
9.11 39124
9.12 39169
9.13 39213
9.14 39256
9.15 39302
9.16 39344
9.17 39385
9.18 39427
9.19 39474
9.20 39518
9.21 39566
9.22 39608
9.23 39651
9.24 39694
9.25 39737
9.26 39781
9.27 39828
9.28 39872
9.29 39915
9.30 39962
9.31 40007
9.32 40051
9.33 40095
9.34 40141
9.35 40183
9.36 40223
9.37 40268
9.38 40309
9.39 40351
9.40 40397
9.41 40445
9.42 40490
9.43 40530
9.44 40572
9.45 40618
9.46 40664
9.47 40707
9.48 40751
9.49 40796
9.50 40839
9.51 40880
9.52 40921
9.53 40963
9.54 41007
9.55 41048
9.56 41089
9.57 41136
9.58 41179
9.59 41221
9.60 41270
9.61 41313
9.62 41355
9.63 41399
9.65 41443
9.66 41490
9.67 41535
9.68 41578
9.69 41619
9.70 41669
9.71 41714
9.72 41756
9.73 41796
9.74 41838
9.75 41883
9.76 41928
9.77 41970
9.78 42017
9.79 42059
9.80 42101
9.81 42148
9.82 42195
9.83 42242
9.84 42284
9.85 42325
9.86 42372
9.87 42417
9.88 42458
9.89 42500
9.90 42541
9.91 42588
9.92 42631
9.93 42673
9.94 42718
9.95 42763
9.96 42808
9.97 42848
9.98 42886
9.99 42925
10.00 42969
10.01 43016
10.02 43063
10.03 43111
10.04 43153
10.05 43199
10.06 43244
10.07 43290
10.08 43332
10.09 43378
10.10 43418
10.11 43462
10.12 43503
10.13 43549
10.14 43595
10.15 43640
10.16 43681
10.17 43723
10.18 43764
10.19 43809
10.20 43859
10.21 43905
10.22 43951
10.23 43991
10.24 44032
10.25 44074
10.26 44118
10.27 44165
10.28 44207
10.29 44250
10.30 44290
10.31 44333
10.32 44379
10.33 44428
10.34 44470
10.35 44513
10.36 44560
10.37 44604
10.38 44645
10.39 44686
10.40 44730
10.41 44778
10.42 44826
10.43 44871
10.44 44916
10.45 44958
10.46 45005
10.47 45051
10.48 45097
10.49 45139
10.50 45185
10.51 45228
10.52 45274
10.53 45320
10.54 45366
10.55 45408
10.56 45451
10.57 45498
10.58 45543
10.59 45586
10.60 45630
10.61 45676
10.62 45718
10.63 45759
10.64 45802
10.65 45849
10.66 45889
10.67 45929
10.68 45976
10.69 46019
10.70 46059
10.71 46105
10.72 46150
10.73 46193
10.74 46241
10.75 46284
10.76 46328
10.77 46369
10.78 46414
10.79 46461
10.80 46504
10.81 46546
10.82 46588
10.83 46631
10.84 46680
10.85 46724
10.86 46770
10.87 46810
10.88 46857
10.89 46902
10.90 46943
10.91 46990
10.92 47033
10.93 47077
10.94 47120
10.95 47164
10.96 47209
10.97 47251
10.98 47296
10.99 47342
11.00 47387
11.01 47429
11.02 47475
11.03 47519
11.04 47561
11.05 47601
11.06 47646
11.07 47694
11.08 47737
11.09 47782
11.10 47824
11.11 47870
11.12 47915
11.13 47960
11.14 48006
11.15 48051
11.16 48097
11.17 48137
11.18 48182
11.19 48225
11.20 48272
11.21 48314
11.22 48360
11.23 48402
11.24 48447
11.25 48490
11.26 48537
11.27 48583
11.28 48623
11.29 48669
11.30 48715
11.31 48756
11.32 48800
11.33 48848
11.34 48891
11.35 48933
11.36 48975
11.37 49020
11.38 49066
11.39 49107
11.40 49150
11.41 49195
11.42 49239
11.43 49285
11.44 49329
11.45 49373
11.46 49416
11.47 49455
11.48 49500
11.49 49546
11.50 49587
11.51 49631
11.52 49676
11.53 49721
11.54 49763
11.55 49811
11.56 49859
11.57 49903
11.58 49944
11.59 49986
11.60 50028
11.61 50075
11.62 50120
11.63 50169
11.64 50211
11.65 50257
11.66 50301
11.67 50349
11.68 50393
11.69 50434
11.70 50481
11.71 50523
11.72 50567
11.73 50613
11.74 50657
11.75 50698
11.76 50739
11.77 50783
11.78 50825
11.80 50867
11.81 50915
11.82 50957
11.83 50997
11.84 51043
11.85 51087
11.86 51130
11.87 51176
11.88 51221
11.89 51263
11.90 51305
11.91 51352
11.92 51396
11.93 51438
11.94 51483
11.95 51530
11.96 51570
11.97 51612
11.98 51659
11.99 51703
12.00 51750
12.01 51792
12.02 51839
12.03 51885
12.04 51928
12.05 51972
12.06 52018
12.07 52059
12.08 52105
12.09 52147
12.10 52190
12.11 52237
12.12 52280
12.13 52323
12.14 52365
12.15 52412
12.16 52459
12.17 52501
12.18 52545
12.19 52589
12.20 52636
12.21 52678
12.22 52721
12.23 52766
12.24 52817
12.25 52862
12.26 52903
12.27 52946
12.28 52991
12.29 53035
12.30 53081
12.31 53122
12.32 53163
12.33 53206
12.34 53249
12.35 53294
12.36 53342
12.37 53389
12.38 53431
12.39 53475
12.40 53521
12.41 53566
12.42 53609
12.43 53652
12.44 53699
12.45 53743
12.46 53785
12.47 53829
12.48 53873
12.49 53917
12.50 53959
12.51 54007
12.52 54050
12.53 54094
12.54 54137
12.55 54180
12.56 54227
12.57 54274
12.58 54317
12.59 54358
12.60 54406
12.61 54451
12.62 54493
12.63 54535
12.64 54576
12.65 54620
12.66 54666
12.67 54710
12.68 54759
12.69 54802
12.70 54843
12.71 54886
12.72 54933
12.73 54979
12.74 55020
12.75 55064
12.76 55105
12.77 55152
12.78 55193
12.79 55233
12.80 55278
12.81 55318
12.82 55359
12.83 55406
12.84 55450
12.85 55491
12.86 55537
12.87 55581
12.88 55624
12.89 55670
12.90 55713
12.91 55753
12.92 55796
12.93 55843
12.94 55888
12.95 55931
12.96 55971
12.97 56022
12.98 56067
12.99 56114
13.00 56155
13.01 56197
13.02 56243
13.03 56289
13.04 56331
13.05 56375
13.06 56420
13.07 56463
13.08 56509
13.09 56555
13.10 56600
13.11 56641
13.12 56688
13.13 56737
13.14 56779
13.15 56824
13.16 56870
13.17 56912
13.18 56954
13.19 56996
13.20 57042
13.21 57087
13.22 57127
13.23 57171
13.24 57215
13.25 57257
13.26 57299
13.27 57344
13.28 57390
13.29 57431
13.30 57473
13.31 57521
13.32 57569
13.33 57614
13.34 57658
13.35 57704
13.36 57752
13.37 57797
13.38 57838
13.39 57881
13.40 57926
13.41 57971
13.42 58015
13.43 58055
13.44 58099
13.45 58149
13.46 58192
13.47 58231
13.48 58271
13.49 58319
13.50 58363
13.51 58404
13.52 58445
13.53 58492
13.54 58539
13.55 58582
13.56 58626
13.57 58667
13.58 58715
13.59 58762
13.60 58807
13.61 58853
13.62 58893
13.63 58934
13.64 58981
13.65 59026
13.66 59069
13.67 59114
13.68 59157
13.69 59202
13.70 59244
13.71 59290
13.72 59336
13.73 59377
13.74 59419
13.75 59464
13.76 59506
13.77 59552
13.78 59595
13.79 59638
13.80 59679
13.81 59724
13.82 59768
13.83 59811
13.84 59852
13.85 59897
13.86 59944
13.87 59990
13.88 60036
13.89 60076
13.90 60119
13.91 60167
13.92 60211
13.94 60254
13.95 60299
13.96 60342
13.97 60388
13.98 60429
13.99 60468
14.00 60509
14.01 60555
14.02 60596
14.03 60638
14.04 60685
14.05 60728
14.06 60773
14.07 60816
14.08 60859
14.09 60903
14.10 60943
14.11 60990
14.12 61034
14.13 61077
14.14 61116
14.15 61159
14.16 61201
14.17 61247
14.18 61296
14.19 61341
14.20 61384
14.21 61430
14.22 61471
14.23 61512
14.24 61555
14.25 61597
14.26 61640
14.27 61682
14.28 61725
14.29 61770
14.30 61817
14.31 61856
14.32 61900
14.33 61947
14.34 61988
14.35 62031
14.36 62074
14.37 62119
14.38 62163
14.39 62211
14.40 62254
14.41 62295
14.42 62337
14.43 62377
14.44 62423
14.45 62470
14.46 62512
14.47 62554
14.48 62596
14.49 62643
14.50 62689
14.51 62730
14.52 62773
14.53 62820
14.54 62864
14.55 62906
14.56 62952
14.57 63001
14.58 63046
14.59 63090
14.60 63132
14.61 63174
14.62 63220
14.63 63266
14.64 63311
14.65 63355
14.66 63396
14.67 63444
14.68 63488
14.69 63529
14.70 63571
14.71 63620
14.72 63666
14.73 63707
14.74 63753
14.75 63799
14.76 63841
14.77 63887
14.78 63933
14.79 63976
14.80 64018
14.81 64062
14.82 64108
14.83 64151
14.84 64192
14.85 64236
14.86 64279
14.87 64323
14.88 64365
14.89 64411
14.90 64454
14.91 64494
14.92 64538
14.93 64586
14.94 64630
14.95 64671
14.96 64712
14.97 64750
14.98 64797
14.99 64842
15.00 64884
15.01 64927
15.02 64971
15.03 65013
15.04 65056
15.05 65103
15.06 65148
15.07 65189
15.08 65234
15.09 65281
15.10 65325
15.11 65367
15.12 65412
15.13 65461
15.14 65503
15.15 65544
15.16 65587
15.17 65627
15.18 65669
15.19 65710
15.20 65755
15.21 65800
15.22 65842
15.23 65890
15.24 65933
15.25 65979
15.26 66020
15.27 66063
15.28 66105
15.29 66150
15.30 66194
15.31 66237
15.32 66277
15.33 66321
15.34 66371
15.35 66419
15.36 66463
15.37 66504
15.38 66548
15.39 66594
15.40 66640
15.41 66684
15.42 66727
15.43 66772
15.44 66821
15.45 66866
15.46 66910
15.47 66954
15.48 66999
15.49 67040
15.50 67084
15.51 67126
15.52 67172
15.53 67218
15.54 67259
15.55 67299
15.56 67340
15.57 67386
15.58 67432
15.59 67477
15.60 67519
15.61 67561
15.62 67607
15.63 67651
15.64 67697
15.65 67737
15.66 67778
15.67 67822
15.68 67870
15.69 67915
15.70 67961
15.71 68003
15.72 68045
15.73 68092
15.74 68134
15.75 68175
15.76 68219
15.77 68265
15.78 68309
15.79 68351
15.80 68395
15.81 68440
15.82 68481
15.83 68526
15.84 68566
15.85 68610
15.86 68655
15.87 68695
15.88 68736
15.89 68780
15.90 68825
15.91 68865
15.92 68910
15.93 68953
15.94 68994
15.95 69035
15.96 69081
15.97 69129
15.98 69171
15.99 69214
16.00 69257
16.01 69302
16.02 69348
16.03 69392
16.04 69437
16.05 69484
16.06 69528
16.08 69570
16.09 69616
16.10 69660
16.11 69704
16.12 69747
16.13 69791
16.14 69840
16.15 69884
16.16 69926
16.17 69968
16.18 70011
16.19 70057
16.20 70100
16.21 70143
16.22 70183
16.23 70227
16.24 70271
16.25 70314
16.26 70360
16.27 70399
16.28 70443
16.29 70488
16.30 70529
16.31 70574
16.32 70615
16.33 70657
16.34 70703
16.35 70746
16.36 70790
16.37 70831
16.38 70877
16.39 70918
16.40 70964
16.41 71012
16.42 71060
16.43 71105
16.44 71150
16.45 71197
16.46 71236
16.47 71277
16.48 71322
16.49 71363
16.50 71405
16.51 71446
16.52 71493
16.53 71538
16.54 71582
16.55 71626
16.56 71670
16.57 71712
16.58 71753
16.59 71796
16.60 71837
16.61 71879
16.62 71920
16.63 71963
16.64 72011
16.65 72055
16.66 72097
16.67 72141
16.68 72185
16.69 72226
16.70 72269
16.71 72317
16.72 72362
16.73 72404
16.74 72449
16.75 72495
16.76 72537
16.77 72583
16.78 72627
16.79 72672
16.80 72713
16.81 72758
16.82 72803
16.83 72846
16.84 72888
16.85 72934
16.86 72979
16.87 73027
16.88 73071
16.89 73111
16.90 73160
16.91 73204
16.92 73247
16.93 73289
16.94 73334
16.95 73383
16.96 73428
16.97 73470
16.98 73512
16.99 73559
17.00 73602
17.01 73643
17.02 73684
17.03 73729
17.04 73775
17.05 73819
17.06 73862
17.07 73910
17.08 73958
17.09 74004
17.10 74047
17.11 74093
17.12 74140
17.13 74187
17.14 74231
17.15 74279
17.16 74326
17.17 74373
17.18 74417
17.19 74463
17.20 74509
17.21 74557
17.22 74602
17.23 74643
17.24 74685
17.25 74730
17.26 74776
17.27 74823
17.28 74863
17.29 74906
17.30 74951
17.31 74994
17.32 75037
17.33 75083
17.34 75127
17.35 75168
17.36 75213
17.37 75259
17.38 75306
17.39 75353
17.40 75397
17.41 75438
17.42 75483
17.43 75529
17.44 75573
17.45 75618
17.46 75661
17.47 75706
17.48 75750
17.49 75793
17.50 75837
17.51 75882
17.52 75927
17.53 75972
17.54 76014
17.55 76058
17.56 76101
17.57 76145
17.58 76187
17.59 76233
17.60 76278
17.61 76322
17.62 76365
17.63 76407
17.64 76451
17.65 76495
17.66 76539
17.67 76584
17.68 76625
17.69 76670
17.70 76715
17.71 76760
17.72 76803
17.73 76845
17.74 76889
17.75 76934
17.76 76975
17.77 77014
17.78 77061
17.79 77104
17.80 77147
17.81 77189
17.82 77231
17.83 77278
17.84 77321
17.85 77363
17.86 77405
17.87 77450
17.88 77494
17.89 77537
17.90 77577
17.91 77622
17.92 77661
17.93 77708
17.94 77754
17.95 77799
17.96 77843
17.97 77889
17.98 77931
17.99 77974
18.00 78018
18.01 78061
18.02 78102
18.03 78149
18.04 78193
18.05 78235
18.06 78280
18.07 78327
18.08 78369
18.09 78413
18.10 78458
18.11 78503
18.12 78545
18.13 78591
18.14 78632
18.15 78676
18.16 78723
18.17 78767
18.18 78811
18.19 78854
18.20 78897
18.21 78938
18.23 78984
18.24 79028
18.25 79073
18.26 79119
18.27 79162
18.28 79204
18.29 79245
18.30 79290
18.31 79333
18.32 79377
18.33 79421
18.34 79468
18.35 79510
18.36 79552
18.37 79597
18.38 79642
18.39 79687
18.40 79728
18.41 79772
18.42 79818
18.43 79863
18.44 79906
18.45 79948
18.46 79989
18.47 80033
18.48 80081
18.49 80125
18.50 80169
18.51 80211
18.52 80255
18.53 80301
18.54 80344
18.55 80384
18.56 80424
18.57 80469
18.58 80515
18.59 80563
18.60 80606
18.61 80648
18.62 80691
18.63 80737
18.64 80780
18.65 80823
18.66 80870
18.67 80913
18.68 80957
18.69 80998
18.70 81039
18.71 81085
18.72 81127
18.73 81173
18.74 81215
18.75 81255
18.76 81302
18.77 81350
18.78 81392
18.79 81433
18.80 81474
18.81 81519
18.82 81569
18.83 81615
18.84 81660
18.85 81701
18.86 81742
18.87 81788
18.88 81832
18.89 81879
18.90 81921
18.91 81962
18.92 82002
18.93 82047
18.94 82090
18.95 82133
18.96 82178
18.97 82221
18.98 82264
18.99 82311
19.00 82355
19.01 82397
19.02 82439
19.03 82480
19.04 82524
19.05 82570
19.06 82617
19.07 82659
19.08 82702
19.09 82744
19.10 82785
19.11 82823
19.12 82869
19.13 82913
19.14 82957
19.15 83000
19.16 83042
19.17 83083
19.18 83127
19.19 83173
19.20 83214
19.21 83262
19.22 83305
19.23 83346
19.24 83388
19.25 83435
19.26 83480
19.27 83524
19.28 83568
19.29 83611
19.30 83660
19.31 83707
19.32 83749
19.33 83790
19.34 83835
19.35 83877
19.36 83919
19.37 83968
19.38 84012
19.39 84055
19.40 84096
19.41 84142
19.42 84187
19.43 84232
19.44 84273
19.45 84318
19.46 84361
19.47 84403
19.48 84447
19.49 84493
19.50 84538
19.51 84582
19.52 84621
19.53 84667
19.54 84712
19.55 84756
19.56 84798
19.57 84840
19.58 84885
19.59 84930
19.60 84974
19.61 85018
19.62 85060
19.63 85106
19.64 85152
19.65 85197
19.66 85238
19.67 85278
19.68 85320
19.69 85366
19.70 85410
19.71 85451
19.72 85494
19.73 85535
19.74 85577
19.75 85618
19.76 85664
19.77 85712
19.78 85757
19.79 85800
19.80 85841
19.81 85887
19.82 85928
19.83 85975
19.84 86015
19.85 86055
19.86 86101
19.87 86140
19.88 86182
19.89 86224
19.90 86266
19.91 86311
19.92 86354
19.93 86395
19.94 86436
19.95 86481
19.96 86525
19.97 86566
19.98 86609
19.99 86657
20.00 86702
20.01 86749
20.02 86791
20.03 86829
20.04 86873
20.05 86919
20.06 86962
20.07 87004
20.08 87047
20.09 87091
20.10 87136
20.11 87176
20.12 87217
20.13 87264
20.14 87307
20.15 87353
20.16 87393
20.17 87432
20.18 87477
20.19 87521
20.20 87561
20.21 87605
20.22 87649
20.23 87694
20.24 87737
20.25 87777
20.26 87819
20.27 87864
20.28 87907
20.29 87950
20.30 87993
20.31 88038
20.32 88082
20.33 88122
20.34 88164
20.35 88204
20.37 88247
20.38 88297
20.39 88340
20.40 88382
20.41 88423
20.42 88466
20.43 88509
20.44 88550
20.45 88593
20.46 88637
20.47 88678
20.48 88721
20.49 88768
20.50 88814
20.51 88856
20.52 88894
20.53 88938
20.54 88981
20.55 89024
20.56 89067
20.57 89113
20.58 89157
20.59 89199
20.60 89241
20.61 89286
20.62 89326
20.63 89367
20.64 89413
20.65 89458
20.66 89499
20.67 89540
20.68 89579
20.69 89625
20.70 89667
20.71 89709
20.72 89751
20.73 89794
20.74 89837
20.75 89881
20.76 89923
20.77 89964
20.78 90011
20.79 90052
20.80 90092
20.81 90136
20.82 90179
20.83 90222
20.84 90265
20.85 90311
20.86 90359
20.87 90401
20.88 90442
20.89 90485
20.90 90528
20.91 90574
20.92 90614
20.93 90656
20.94 90699
20.95 90740
20.96 90780
20.97 90822
20.98 90862
20.99 90904
21.00 90946
21.01 90986
21.02 91027
21.03 91071
21.04 91117
21.05 91159
21.06 91197
21.07 91238
21.08 91281
21.09 91322
21.10 91362
21.11 91404
21.12 91444
21.13 91487
21.14 91528
21.15 91575
21.16 91615
21.17 91658
21.18 91700
21.19 91745
21.20 91786
21.21 91829
21.22 91869
21.23 91910
21.24 91957
21.25 92005
21.26 92048
21.27 92088
21.28 92130
21.29 92177
21.30 92217
21.31 92257
21.32 92297
21.33 92340
21.34 92381
21.35 92422
21.36 92468
21.37 92512
21.38 92553
21.39 92594
21.40 92636
21.41 92682
21.42 92723
21.43 92769
21.44 92810
21.45 92850
21.46 92896
21.47 92938
21.48 92980
21.49 93023
21.50 93068
21.51 93110
21.52 93151
21.53 93196
21.54 93236
21.55 93278
21.56 93323
21.57 93366
21.58 93408
21.59 93450
21.60 93491
21.61 93537
21.62 93584
21.63 93628
21.64 93672
21.65 93712
21.66 93756
21.67 93800
21.68 93843
21.69 93883
21.70 93926
21.71 93973
21.72 94017
21.73 94061
21.74 94101
21.75 94142
21.76 94185
21.77 94230
21.78 94274
21.79 94321
21.80 94364
21.81 94406
21.82 94446
21.83 94491
21.84 94539
21.85 94582
21.86 94625
21.87 94669
21.88 94715
21.89 94759
21.90 94804
21.91 94849
21.92 94894
21.93 94938
21.94 94981
21.95 95024
21.96 95070
21.97 95109
21.98 95148
21.99 95193
22.00 95236
22.01 95276
22.02 95322
22.03 95363
22.04 95405
22.05 95447
22.06 95493
22.07 95535
22.08 95580
22.09 95622
22.10 95664
22.11 95707
22.12 95753
22.13 95794
22.14 95835
22.15 95881
22.16 95925
22.17 95970
22.18 96013
22.19 96055
22.20 96102
22.21 96147
22.22 96192
22.23 96236
22.24 96280
22.25 96325
22.26 96371
22.27 96413
22.28 96459
22.29 96504
22.30 96550
22.31 96596
22.32 96636
22.33 96677
22.34 96719
22.35 96760
22.36 96805
22.37 96848
22.38 96889
22.39 96931
22.40 96973
22.41 97020
22.42 97062
22.43 97109
22.44 97154
22.45 97195
22.46 97236
22.47 97283
22.48 97329
22.49 97373
22.51 97416
22.52 97457
22.53 97499
22.54 97539
22.55 97579
22.56 97624
22.57 97665
22.58 97707
22.59 97752
22.60 97795
22.61 97837
22.62 97878
22.63 97922
22.64 97965
22.65 98007
22.66 98055
22.67 98096
22.68 98138
22.69 98180
22.70 98225
22.71 98272
22.72 98317
22.73 98357
22.74 98398
22.75 98439
22.76 98487
22.77 98531
22.78 98571
22.79 98616
22.80 98657
22.81 98700
22.82 98745
22.83 98788
22.84 98829
22.85 98869
22.86 98912
22.87 98956
22.88 98997
22.89 99039
22.90 99080
22.91 99125
22.92 99169
22.93 99210
22.94 99250
22.95 99293
22.96 99333
22.97 99376
22.98 99418
22.99 99463
23.00 99504
23.01 99548
23.02 99594
23.03 99636
23.04 99678
23.05 99718
23.06 99759
23.07 99804
23.08 99849
23.09 99892
23.10 99939
23.11 99983
23.12 100025
23.13 100066
23.14 100107
23.15 100150
23.16 100190
23.17 100236
23.18 100283
23.19 100330
23.20 100378
23.21 100422
23.22 100463
23.23 100505
23.24 100546
23.25 100589
23.26 100635
23.27 100680
23.28 100725
23.29 100764
23.30 100806
23.31 100852
23.32 100893
23.33 100938
23.34 100980
23.35 101025
23.36 101069
23.37 101109
23.38 101148
23.39 101194
23.40 101241
23.41 101289
23.42 101336
23.43 101382
23.44 101423
23.45 101467
23.46 101509
23.47 101549
23.48 101591
23.49 101636
23.50 101677
23.51 101719
23.52 101760
23.53 101808
23.54 101853
23.55 101894
23.56 101935
23.57 101975
23.58 102019
23.59 102065
23.60 102111
23.61 102152
23.62 102198
23.63 102238
23.64 102279
23.65 102320
23.66 102361
23.67 102403
23.68 102447
23.69 102487
23.70 102529
23.71 102569
23.72 102611
23.73 102652
23.74 102696
23.75 102738
23.76 102779
23.77 102822
23.78 102864
23.79 102905
23.80 102951
23.81 102996
23.82 103035
23.83 103075
23.84 103121
23.85 103168
23.86 103210
23.87 103253
23.88 103296
23.89 103339
23.90 103380
23.91 103427
23.92 103471
23.93 103513
23.94 103556
23.95 103606
23.96 103650
23.97 103692
23.98 103733
23.99 103778
24.00 103823
24.01 103866
24.02 103907
24.03 103949
24.04 103994
24.05 104040
24.06 104084
24.07 104125
24.08 104166
24.09 104207
24.10 104249
24.11 104297
24.12 104337
24.13 104382
24.14 104423
24.15 104463
24.16 104505
24.17 104547
24.18 104591
24.19 104634
24.20 104677
24.21 104722
24.22 104761
24.23 104808
24.24 104853
24.25 104898
24.26 104942
24.27 104987
24.28 105026
24.29 105067
24.30 105110
24.31 105156
24.32 105199
24.33 105241
24.34 105281
24.35 105323
24.36 105367
24.37 105410
24.38 105452
24.39 105492
24.40 105533
24.41 105578
24.42 105624
24.43 105665
24.44 105706
24.45 105746
24.46 105790
24.47 105837
24.48 105883
24.49 105924
24.50 105963
24.51 106004
24.52 106046
24.53 106092
24.54 106136
24.55 106178
24.56 106220
24.57 106260
24.58 106300
24.59 106339
24.60 106385
24.61 106429
24.62 106468
24.63 106510
24.65 106552
24.66 106593
24.67 106633
24.68 106676
24.69 106723
24.70 106768
24.71 106812
24.72 106852
24.73 106894
24.74 106938
24.75 106985
24.76 107027
24.77 107066
24.78 107107
24.79 107150
24.80 107190
24.81 107231
24.82 107272
24.83 107313
24.84 107354
24.85 107398
24.86 107443
24.87 107483
24.88 107524
24.89 107564
24.90 107605
24.91 107651
24.92 107697
24.93 107738
24.94 107779
24.95 107820
24.96 107860
24.97 107905
24.98 107945
24.99 107987
25.00 108029
25.01 108077
25.02 108120
25.03 108159
25.04 108198
25.05 108236
25.06 108280
25.07 108321
25.08 108360
25.09 108400
25.10 108440
25.11 108480
25.12 108521
25.13 108560
25.14 108602
25.15 108644
25.16 108689
25.17 108733
25.18 108770
25.19 108811
25.20 108852
25.21 108898
25.22 108940
25.23 108980
25.24 109021
25.25 109064
25.26 109104
25.27 109151
25.28 109197
25.29 109239
25.30 109278
25.31 109317
25.32 109358
25.33 109407
25.34 109452
25.35 109493
25.36 109532
25.37 109574
25.38 109617
25.39 109664
25.40 109712
25.41 109755
25.42 109799
25.43 109838
25.44 109879
25.45 109927
25.46 109972
25.47 110018
25.48 110063
25.49 110104
25.50 110145
25.51 110186
25.52 110231
25.53 110276
25.54 110322
25.55 110361
25.56 110403
25.57 110445
25.58 110487
25.59 110534
25.60 110581
25.61 110624
25.62 110665
25.63 110705
25.64 110746
25.65 110793
25.66 110841
25.67 110885
25.68 110926
25.69 110968
25.70 111009
25.71 111050
25.72 111091
25.73 111137
25.74 111184
25.75 111227
25.76 111268
25.77 111308
25.78 111351
25.79 111402
25.80 111446
25.81 111487
25.82 111529
25.83 111571
25.84 111612
25.85 111657
25.86 111701
25.87 111743
25.88 111785
25.89 111824
25.90 111864
25.91 111912
25.92 111961
25.93 112006
25.94 112046
25.95 112088
25.96 112129
25.97 112172
25.98 112217
25.99 112261
26.00 112305
26.01 112347
26.02 112386
26.03 112427
26.04 112471
26.05 112518
26.06 112558
26.07 112600
26.08 112641
26.09 112688
26.10 112731
26.11 112774
26.12 112815
26.13 112855
26.14 112897
26.15 112944
26.16 112988
26.17 113029
26.18 113071
26.19 113115
26.20 113159
26.21 113205
26.22 113246
26.23 113285
26.24 113327
26.25 113369
26.26 113417
26.27 113462
26.28 113501
26.29 113539
26.30 113580
26.31 113622
26.32 113669
26.33 113713
26.34 113755
26.35 113795
26.36 113838
26.37 113880
26.38 113924
26.39 113967
26.40 114012
26.41 114055
26.42 114097
26.43 114138
26.44 114186
26.45 114229
26.46 114269
26.47 114310
26.48 114354
26.49 114394
26.50 114435
26.51 114478
26.52 114524
26.53 114567
26.54 114606
26.55 114647
26.56 114687
26.57 114733
26.58 114777
26.59 114817
26.60 114858
26.61 114900
26.62 114942
26.63 114987
26.64 115030
26.65 115074
26.66 115117
26.67 115158
26.68 115202
26.69 115243
26.70 115287
26.71 115329
26.72 115370
26.73 115411
26.74 115451
26.75 115495
26.76 115538
26.77 115581
26.78 115620
26.80 115666
26.81 115713
26.82 115758
26.83 115800
26.84 115841
26.85 115884
26.86 115932
26.87 115981
26.88 116024
26.89 116062
26.90 116102
26.91 116142
26.92 116188
26.93 116234
26.94 116278
26.95 116323
26.96 116363
26.97 116405
26.98 116450
26.99 116494
27.00 116538
27.01 116583
27.02 116622
27.03 116663
27.04 116709
27.05 116751
27.06 116794
27.07 116837
27.08 116880
27.09 116925
27.10 116969
27.11 117015
27.12 117055
27.13 117099
27.14 117144
27.15 117191
27.16 117236
27.17 117277
27.18 117316
27.19 117360
27.20 117410
27.21 117453
27.22 117495
27.23 117536
27.24 117579
27.25 117627
27.26 117670
27.27 117717
27.28 117757
27.29 117796
27.30 117837
27.31 117883
27.32 117926
27.33 117973
27.34 118011
27.35 118057
27.36 118102
27.37 118145
27.38 118190
27.39 118230
27.40 118268
27.41 118311
27.42 118354
27.43 118395
27.44 118436
27.45 118476
27.46 118516
27.47 118563
27.48 118606
27.49 118644
27.50 118687
27.51 118727
27.52 118770
27.53 118817
27.54 118859
27.55 118900
27.56 118940
27.57 118978
27.58 119022
27.59 119066
27.60 119107
27.61 119149
27.62 119194
27.63 119238
27.64 119279
27.65 119320
27.66 119361
27.67 119404
27.68 119450
27.69 119494
27.70 119535
27.71 119573
27.72 119618
27.73 119663
27.74 119708
27.75 119753
27.76 119793
27.77 119835
27.78 119880
27.79 119923
27.80 119962
27.81 120002
27.82 120046
27.83 120090
27.84 120129
27.85 120170
27.86 120215
27.87 120256
27.88 120296
27.89 120337
27.90 120381
27.91 120422
27.92 120463
27.93 120502
27.94 120546
27.95 120590
27.96 120635
27.97 120677
27.98 120717
27.99 120760
28.00 120804
28.01 120846
28.02 120885
28.03 120929
28.04 120973
28.05 121017
28.06 121061
28.07 121106
28.08 121146
28.09 121193
28.10 121237
28.11 121276
28.12 121317
28.13 121359
28.14 121399
28.15 121443
28.16 121488
28.17 121531
28.18 121572
28.19 121619
28.20 121666
28.21 121713
28.22 121758
28.23 121802
28.24 121846
28.25 121888
28.26 121933
28.27 121978
28.28 122020
28.29 122063
28.30 122103
28.31 122149
28.32 122195
28.33 122239
28.34 122284
28.35 122331
28.36 122374
28.37 122417
28.38 122457
28.39 122501
28.40 122546
28.41 122589
28.42 122636
28.43 122677
28.44 122720
28.45 122764
28.46 122807
28.47 122851
28.48 122892
28.49 122934
28.50 122976
28.51 123020
28.52 123063
28.53 123109
28.54 123148
28.55 123190
28.56 123233
28.57 123278
28.58 123321
28.59 123364
28.60 123406
28.61 123447
28.62 123493
28.63 123539
28.64 123583
28.65 123624
28.66 123664
28.67 123707
28.68 123751
28.69 123796
28.70 123837
28.71 123882
28.72 123926
28.73 123967
28.74 124011
28.75 124056
28.76 124099
28.77 124139
28.78 124181
28.79 124226
28.80 124269
28.81 124310
28.82 124350
28.83 124399
28.84 124442
28.85 124483
28.86 124523
28.87 124563
28.88 124607
28.89 124653
28.90 124695
28.91 124736
28.92 124780
28.94 124826
28.95 124870
28.96 124912
28.97 124952
28.98 124991
28.99 125032
29.00 125076
29.01 125122
29.02 125165
29.03 125205
29.04 125245
29.05 125290
29.06 125337
29.07 125380
29.08 125427
29.09 125469
29.10 125509
29.11 125549
29.12 125592
29.13 125634
29.14 125678
29.15 125719
29.16 125758
29.17 125799
29.18 125842
29.19 125884
29.20 125925
29.21 125973
29.22 126016
29.23 126054
29.24 126097
29.25 126139
29.26 126180
29.27 126220
29.28 126267
29.29 126313
29.30 126355
29.31 126396
29.32 126437
29.33 126478
29.34 126521
29.35 126566
29.36 126609
29.37 126648
29.38 126691
29.39 126733
29.40 126779
29.41 126819
29.42 126861
29.43 126900
29.44 126940
29.45 126985
29.46 127031
29.47 127071
29.48 127110
29.49 127153
29.50 127198
29.51 127245
29.52 127291
29.53 127334
29.54 127375
29.55 127420
29.56 127463
29.57 127506
29.58 127548
29.59 127589
29.60 127630
29.61 127674
29.62 127715
29.63 127756
29.64 127797
29.65 127837
29.66 127880
29.67 127921
29.68 127961
29.69 128003
29.70 128046
29.71 128088
29.72 128132
29.73 128175
29.74 128219
29.75 128259
29.76 128301
29.77 128341
29.78 128385
29.79 128423
29.80 128464
29.81 128503
29.82 128545
29.83 128584
29.84 128628
29.85 128670
29.86 128713
29.87 128758
29.88 128800
29.89 128842
29.90 128880
29.91 128919
29.92 128959
29.93 129003
29.94 129044
29.95 129085
29.96 129125
29.97 129169
29.98 129214
29.99 129260
30.00 129301
30.01 129342
30.02 129383
30.03 129426
30.04 129473
30.05 129520
30.06 129561
30.07 129600
30.08 129642
30.09 129681
30.10 129726
30.11 129771
30.12 129814
30.13 129854
30.14 129894
30.15 129942
30.16 129988
30.17 130032
30.18 130072
30.19 130113
30.20 130154
30.21 130193
30.22 130237
30.23 130280
30.24 130321
30.25 130362
30.26 130405
30.27 130451
30.28 130493
30.29 130534
30.30 130573
30.31 130613
30.32 130657
30.33 130702
30.34 130746
30.35 130789
30.36 130831
30.37 130879
30.38 130924
30.39 130967
30.40 131008
30.41 131050
30.42 131092
30.43 131140
30.44 131184
30.45 131226
30.46 131266
30.47 131309
30.48 131351
30.49 131394
30.50 131434
30.51 131478
30.52 131520
30.53 131561
30.54 131607
30.55 131649
30.56 131689
30.57 131732
30.58 131772
30.59 131813
30.60 131853
30.61 131895
30.62 131938
30.63 131976
30.64 132017
30.65 132059
30.66 132104
30.67 132145
30.68 132185
30.69 132225
30.70 132262
30.71 132302
30.72 132344
30.73 132383
30.74 132422
30.75 132462
30.76 132502
30.77 132541
30.78 132581
30.79 132621
30.80 132667
30.81 132707
30.82 132746
30.83 132789
30.84 132831
30.85 132874
30.86 132916
30.87 132956
30.88 132997
30.89 133034
30.90 133076
30.91 133117
30.92 133157
30.93 133197
30.94 133237
30.95 133277
30.96 133318
30.97 133360
30.98 133403
30.99 133445
31.00 133491
31.01 133535
31.02 133575
31.03 133615
31.04 133655
31.05 133696
31.06 133742
31.08 133785
31.09 133823
31.10 133862
31.11 133903
31.12 133945
31.13 133990
31.14 134031
31.15 134069
31.16 134110
31.17 134150
31.18 134190
31.19 134235
31.20 134280
31.21 134322
31.22 134363
31.23 134402
31.24 134446
31.25 134490
31.26 134531
31.27 134571
31.28 134615
31.29 134655
31.30 134697
31.31 134739
31.32 134782
31.33 134820
31.34 134859
31.35 134905
31.36 134951
31.37 134996
31.38 135040
31.39 135080
31.40 135125
31.41 135171
31.42 135211
31.43 135252
31.44 135294
31.45 135337
31.46 135382
31.47 135431
31.48 135471
31.49 135513
31.50 135551
31.51 135597
31.52 135638
31.53 135677
31.54 135719
31.55 135763
31.56 135807
31.57 135851
31.58 135899
31.59 135940
31.60 135982
31.61 136022
31.62 136064
31.63 136109
31.64 136154
31.65 136196
31.66 136241
31.67 136286
31.68 136328
31.69 136370
31.70 136412
31.71 136455
31.72 136499
31.73 136541
31.74 136585
31.75 136627
31.76 136669
31.77 136709
31.78 136753
31.79 136798
31.80 136838
31.81 136885
31.82 136929
31.83 136971
31.84 137013
31.85 137052
31.86 137096
31.87 137140
31.88 137183
31.89 137226
31.90 137271
31.91 137316
31.92 137357
31.93 137399
31.94 137436
31.95 137477
31.96 137518
31.97 137562
31.98 137605
31.99 137651
32.00 137693
32.01 137733
32.02 137772
32.03 137817
32.04 137861
32.05 137902
32.06 137943
32.07 137984
32.08 138029
32.09 138072
32.10 138115
32.11 138157
32.12 138196
32.13 138238
32.14 138277
32.15 138321
32.16 138368
32.17 138411
32.18 138450
32.19 138491
32.20 138536
32.21 138578
32.22 138619
32.23 138658
32.24 138704
32.25 138745
32.26 138784
32.27 138826
32.28 138871
32.29 138916
32.30 138958
32.31 138997
32.32 139037
32.33 139078
32.34 139123
32.35 139167
32.36 139207
32.37 139250
32.38 139292
32.39 139330
32.40 139372
32.41 139416
32.42 139459
32.43 139502
32.44 139542
32.45 139582
32.46 139625
32.47 139670
32.48 139715
32.49 139755
32.50 139796
32.51 139841
32.52 139885
32.53 139925
32.54 139965
32.55 140007
32.56 140051
32.57 140092
32.58 140132
32.59 140177
32.60 140221
32.61 140265
32.62 140307
32.63 140347
32.64 140393
32.65 140434
32.66 140475
32.67 140515
32.68 140561
32.69 140603
32.70 140644
32.71 140688
32.72 140735
32.73 140778
32.74 140820
32.75 140861
32.76 140904
32.77 140946
32.78 140986
32.79 141030
32.80 141077
32.81 141118
32.82 141158
32.83 141200
32.84 141242
32.85 141287
32.86 141328
32.87 141369
32.88 141407
32.89 141453
32.90 141497
32.91 141538
32.92 141579
32.93 141624
32.94 141668
32.95 141711
32.96 141751
32.97 141792
32.98 141835
32.99 141877
33.00 141919
33.01 141960
33.02 142001
33.03 142046
33.04 142088
33.05 142131
33.06 142170
33.07 142209
33.08 142254
33.09 142296
33.10 142341
33.11 142385
33.12 142425
33.13 142469
33.14 142510
33.15 142558
33.16 142597
33.17 142640
33.18 142681
33.19 142726
33.20 142766
33.21 142808
33.23 142849
33.24 142890
33.25 142933
33.26 142978
33.27 143017
33.28 143061
33.29 143104
33.30 143145
33.31 143185
33.32 143230
33.33 143275
33.34 143314
33.35 143357
33.36 143402
33.37 143449
33.38 143492
33.39 143535
33.40 143574
33.41 143613
33.42 143655
33.43 143701
33.44 143744
33.45 143789
33.46 143830
33.47 143870
33.48 143912
33.49 143955
33.50 143998
33.51 144039
33.52 144079
33.53 144125
33.54 144170
33.55 144212
33.56 144253
33.57 144295
33.58 144334
33.59 144375
33.60 144416
33.61 144464
33.62 144505
33.63 144545
33.64 144585
33.65 144625
33.66 144669
33.67 144709
33.68 144750
33.69 144796
33.70 144837
33.71 144879
33.72 144923
33.73 144965
33.74 145010
33.75 145053
33.76 145097
33.77 145142
33.78 145184
33.79 145225
33.80 145271
33.81 145315
33.82 145356
33.83 145397
33.84 145438
33.85 145481
33.86 145525
33.87 145569
33.88 145610
33.89 145651
33.90 145693
33.91 145735
33.92 145778
33.93 145819
33.94 145861
33.95 145900
33.96 145945
33.97 145986
33.98 146026
33.99 146065
34.00 146105
34.01 146148
34.02 146192
34.03 146232
34.04 146275
34.05 146315
34.06 146359
34.07 146403
34.08 146443
34.09 146485
34.10 146532
34.11 146575
34.12 146614
34.13 146653
34.14 146697
34.15 146738
34.16 146777
34.17 146818
34.18 146858
34.19 146902
34.20 146943
34.21 146987
34.22 147026
34.23 147067
34.24 147108
34.25 147151
34.26 147195
34.27 147236
34.28 147280
34.29 147321
34.30 147361
34.31 147399
34.32 147442
34.33 147487
34.34 147527
34.35 147567
34.36 147607
34.37 147653
34.38 147695
34.39 147735
34.40 147777
34.41 147821
34.42 147861
34.43 147900
34.44 147944
34.45 147986
34.46 148028
34.47 148070
34.48 148108
34.49 148150
34.50 148195
34.51 148236
34.52 148280
34.53 148322
34.54 148362
34.55 148408
34.56 148452
34.57 148496
34.58 148538
34.59 148577
34.60 148616
34.61 148659
34.62 148703
34.63 148749
34.64 148789
34.65 148831
34.66 148876
34.67 148915
34.68 148956
34.69 148998
34.70 149045
34.71 149088
34.72 149128
34.73 149171
34.74 149211
34.75 149253
34.76 149297
34.77 149341
34.78 149382
34.79 149421
34.80 149464
34.81 149509
34.82 149551
34.83 149592
34.84 149633
34.85 149671
34.86 149714
34.87 149756
34.88 149797
34.89 149837
34.90 149881
34.91 149926
34.92 149963
34.93 150004
34.94 150047
34.95 150088
34.96 150128
34.97 150168
34.98 150214
34.99 150255
35.00 150294
35.01 150336
35.02 150378
35.03 150425
35.04 150466
35.05 150506
35.06 150546
35.07 150585
35.08 150630
35.09 150674
35.10 150718
35.11 150759
35.12 150799
35.13 150840
35.14 150886
35.15 150927
35.16 150968
35.17 151011
35.18 151055
35.19 151096
35.20 151141
35.21 151182
35.22 151223
35.23 151262
35.24 151308
35.25 151350
35.26 151393
35.27 151432
35.28 151475
35.29 151517
35.30 151561
35.31 151601
35.32 151641
35.33 151686
35.34 151731
35.35 151771
35.37 151813
35.38 151855
35.39 151895
35.40 151935
35.41 151982
35.42 152023
35.43 152063
35.44 152103
35.45 152147
35.46 152190
35.47 152232
35.48 152273
35.49 152313
35.50 152351
35.51 152390
35.52 152434
35.53 152476
35.54 152513
35.55 152555
35.56 152594
35.57 152635
35.58 152677
35.59 152718
35.60 152758
35.61 152798
35.62 152841
35.63 152884
35.64 152927
35.65 152969
35.66 153007
35.67 153049
35.68 153095
35.69 153139
35.70 153181
35.71 153223
35.72 153264
35.73 153306
35.74 153348
35.75 153396
35.76 153439
35.77 153480
35.78 153521
35.79 153561
35.80 153610
35.81 153655
35.82 153696
35.83 153736
35.84 153776
35.85 153815
35.86 153857
35.87 153897
35.88 153938
35.89 153979
35.90 154018
35.91 154057
35.92 154097
35.93 154143
35.94 154188
35.95 154231
35.96 154271
35.97 154310
35.98 154354
35.99 154398
36.00 154439
36.01 154479
36.02 154520
36.03 154559
36.04 154604
36.05 154650
36.06 154690
36.07 154729
36.08 154770
36.09 154811
36.10 154855
36.11 154896
36.12 154935
36.13 154983
36.14 155023
36.15 155062
36.16 155100
36.17 155141
36.18 155184
36.19 155227
36.20 155268
36.21 155309
36.22 155351
36.23 155396
36.24 155442
36.25 155486
36.26 155527
36.27 155568
36.28 155611
36.29 155654
36.30 155698
36.31 155737
36.32 155777
36.33 155817
36.34 155865
36.35 155908
36.36 155952
36.37 155990
36.38 156030
36.39 156071
36.40 156112
36.41 156152
36.42 156191
36.43 156234
36.44 156279
36.45 156320
36.46 156361
36.47 156407
36.48 156447
36.49 156487
36.50 156526
36.51 156569
36.52 156615
36.53 156658
36.54 156703
36.55 156742
36.56 156787
36.57 156830
36.58 156870
36.59 156912
36.60 156961
36.61 157002
36.62 157046
36.63 157087
36.64 157133
36.65 157177
36.66 157218
36.67 157258
36.68 157298
36.69 157338
36.70 157381
36.71 157425
36.72 157464
36.73 157503
36.74 157544
36.75 157585
36.76 157624
36.77 157663
36.78 157704
36.79 157745
36.80 157785
36.81 157826
36.82 157868
36.83 157910
36.84 157950
36.85 157993
36.86 158034
36.87 158073
36.88 158115
36.89 158154
36.90 158194
36.91 158236
36.92 158282
36.93 158323
36.94 158365
36.95 158409
36.96 158450
36.97 158490
36.98 158531
36.99 158573
37.00 158618
37.01 158657
37.02 158697
37.03 158736
37.04 158776
37.05 158822
37.06 158864
37.07 158904
37.08 158945
37.09 158987
37.10 159026
37.11 159076
37.12 159118
37.13 159158
37.14 159197
37.15 159238
37.16 159281
37.17 159327
37.18 159369
37.19 159408
37.20 159447
37.21 159489
37.22 159536
37.23 159580
37.24 159621
37.25 159666
37.26 159711
37.27 159754
37.28 159795
37.29 159840
37.30 159887
37.31 159926
37.32 159967
37.33 160013
37.34 160055
37.35 160096
37.36 160142
37.37 160187
37.38 160228
37.39 160267
37.40 160309
37.41 160353
37.42 160397
37.43 160436
37.44 160478
37.45 160525
37.46 160572
37.47 160611
37.48 160655
37.49 160697
37.51 160742
37.52 160785
37.53 160827
37.54 160872
37.55 160915
37.56 160954
37.57 160992
37.58 161032
37.59 161070
37.60 161113
37.61 161156
37.62 161195
37.63 161234
37.64 161273
37.65 161317
37.66 161359
37.67 161398
37.68 161438
37.69 161478
37.70 161522
37.71 161567
37.72 161608
37.73 161657
37.74 161696
37.75 161738
37.76 161777
37.77 161818
37.78 161863
37.79 161906
37.80 161952
37.81 161990
37.82 162032
37.83 162071
37.84 162114
37.85 162158
37.86 162200
37.87 162243
37.88 162289
37.89 162330
37.90 162380
37.91 162426
37.92 162466
37.93 162510
37.94 162551
37.95 162594
37.96 162633
37.97 162675
37.98 162719
37.99 162761
38.00 162800
38.01 162840
38.02 162884
38.03 162927
38.04 162968
38.05 163008
38.06 163051
38.07 163094
38.08 163134
38.09 163175
38.10 163214
38.11 163258
38.12 163305
38.13 163348
38.14 163388
38.15 163427
38.16 163467
38.17 163510
38.18 163553
38.19 163596
38.20 163635
38.21 163677
38.22 163724
38.23 163767
38.24 163812
38.25 163854
38.26 163895
38.27 163934
38.28 163975
38.29 164018
38.30 164062
38.31 164106
38.32 164146
38.33 164185
38.34 164224
38.35 164263
38.36 164309
38.37 164350
38.38 164393
38.39 164435
38.40 164475
38.41 164519
38.42 164563
38.43 164605
38.44 164644
38.45 164685
38.46 164727
38.47 164770
38.48 164810
38.49 164853
38.50 164893
38.51 164937
38.52 164978
38.53 165018
38.54 165060
38.55 165104
38.56 165144
38.57 165183
38.58 165224
38.59 165266
38.60 165310
38.61 165351
38.62 165394
38.63 165439
38.64 165481
38.65 165523
38.66 165564
38.67 165602
38.68 165645
38.69 165687
38.70 165733
38.71 165771
38.72 165812
38.73 165854
38.74 165894
38.75 165938
38.76 165978
38.77 166020
38.78 166060
38.79 166108
38.80 166148
38.81 166191
38.82 166230
38.83 166269
38.84 166312
38.85 166354
38.86 166397
38.87 166438
38.88 166479
38.89 166523
38.90 166569
38.91 166612
38.92 166652
38.93 166697
38.94 166740
38.95 166782
38.96 166823
38.97 166868
38.98 166911
38.99 166953
39.00 166992
39.01 167031
39.02 167072
39.03 167115
39.04 167156
39.05 167198
39.06 167241
39.07 167285
39.08 167324
39.09 167367
39.10 167409
39.11 167450
39.12 167494
39.13 167537
39.14 167578
39.15 167624
39.16 167671
39.17 167710
39.18 167754
39.19 167797
39.20 167841
39.21 167879
39.22 167924
39.23 167968
39.24 168012
39.25 168055
39.26 168096
39.27 168141
39.28 168183
39.29 168228
39.30 168271
39.31 168312
39.32 168353
39.33 168395
39.34 168435
39.35 168477
39.36 168521
39.37 168563
39.38 168602
39.39 168640
39.40 168680
39.41 168721
39.42 168763
39.43 168805
39.44 168847
39.45 168890
39.46 168928
39.47 168967
39.48 169007
39.49 169055
39.50 169098
39.51 169142
39.52 169184
39.53 169222
39.54 169261
39.55 169303
39.56 169345
39.57 169384
39.58 169424
39.59 169463
39.60 169502
39.61 169547
39.62 169588
39.63 169627
39.64 169667
39.66 169711
39.67 169754
39.68 169794
39.69 169834
39.70 169876
39.71 169920
39.72 169964
39.73 170005
39.74 170045
39.75 170082
39.76 170128
39.77 170167
39.78 170207
39.79 170245
39.80 170285
39.81 170330
39.82 170373
39.83 170416
39.84 170456
39.85 170502
39.86 170544
39.87 170587
39.88 170632
39.89 170676
39.90 170720
39.91 170763
39.92 170805
39.93 170849
39.94 170892
39.95 170933
39.96 170973
39.97 171019
39.98 171065
39.99 171109
40.00 171151
40.01 171190
40.02 171236
40.03 171281
40.04 171321
40.05 171365
40.06 171405
40.07 171445
40.08 171484
40.09 171531
40.10 171576
40.11 171616
40.12 171653
40.13 171697
40.14 171741
40.15 171784
40.16 171826
40.17 171875
40.18 171920
40.19 171967
40.20 172012
40.21 172052
40.22 172094
40.23 172134
40.24 172177
40.25 172218
40.26 172259
40.27 172300
40.28 172343
40.29 172385
40.30 172424
40.31 172463
40.32 172508
40.33 172552
40.34 172592
40.35 172634
40.36 172681
40.37 172723
40.38 172766
40.39 172808
40.40 172850
40.41 172895
40.42 172940
40.43 172983
40.44 173028
40.45 173070
40.46 173112
40.47 173155
40.48 173198
40.49 173238
40.50 173280
40.51 173324
40.52 173368
40.53 173416
40.54 173459
40.55 173498
40.56 173541
40.57 173587
40.58 173634
40.59 173678
40.60 173723
40.61 173768
40.62 173810
40.63 173852
40.64 173895
40.65 173937
40.66 173980
40.67 174026
40.68 174073
40.69 174118
40.70 174163
40.71 174209
40.72 174253
40.73 174298
40.74 174342
40.75 174384
40.76 174430
40.77 174470
40.78 174515
40.79 174559
40.80 174604
40.81 174652
40.82 174698
40.83 174744
40.84 174791
40.85 174837
40.86 174883
40.87 174930
40.88 174974
40.89 175016
40.90 175060
40.91 175105
40.92 175149
40.93 175192
40.94 175241
40.95 175287
40.96 175332
40.97 175377
40.98 175422
40.99 175469
41.00 175516
41.01 175561
41.02 175606
41.03 175651
41.04 175695
41.05 175742
41.06 175788
41.07 175834
41.08 175877
41.09 175921
41.10 175965
41.11 176013
41.12 176060
41.13 176103
41.14 176149
41.15 176196
41.16 176238
41.17 176286
41.18 176328
41.19 176375
41.20 176419
41.21 176462
41.22 176506
41.23 176550
41.24 176594
41.25 176639
41.26 176681
41.27 176725
41.28 176768
41.29 176811
41.30 176856
41.31 176900
41.32 176944
41.33 176987
41.34 177028
41.35 177069
41.36 177112
41.37 177153
41.38 177196
41.39 177234
41.40 177277
41.41 177322
41.42 177364
41.43 177406
41.44 177448
41.45 177490
41.46 177532
41.47 177582
41.48 177621
41.49 177660
41.50 177704
41.51 177749
41.52 177791
41.53 177837
41.54 177879
41.55 177919
41.56 177967
41.57 178011
41.58 178055
41.59 178096
41.60 178135
41.61 178173
41.62 178216
41.63 178259
41.64 178303
41.65 178342
41.66 178386
41.67 178430
41.68 178475
41.69 178516
41.70 178557
41.71 178598
41.72 178637
41.73 178676
41.74 178720
41.75 178766
41.76 178809
41.77 178849
41.78 178886
41.80 178927
41.81 178970
41.82 179011
41.83 179051
41.84 179094
41.85 179137
41.86 179183
41.87 179222
41.88 179266
41.89 179309
41.90 179351
41.91 179393
41.92 179437
41.93 179479
41.94 179523
41.95 179560
41.96 179600
41.97 179641
41.98 179680
41.99 179717
42.00 179756
42.01 179799
42.02 179840
42.03 179879
42.04 179923
42.05 179962
42.06 180002
42.07 180043
42.08 180082
42.09 180121
42.10 180161
42.11 180201
42.12 180241
42.13 180280
42.14 180321
42.15 180359
42.16 180401
42.17 180444
42.18 180486
42.19 180527
42.20 180565
42.21 180605
42.22 180648
42.23 180690
42.24 180731
42.25 180771
42.26 180816
42.27 180859
42.28 180900
42.29 180941
42.30 180983
42.31 181021
42.32 181060
42.33 181101
42.34 181142
42.35 181188
42.36 181227
42.37 181268
42.38 181308
42.39 181347
42.40 181392
42.41 181436
42.42 181481
42.43 181522
42.44 181561
42.45 181603
42.46 181644
42.47 181683
42.48 181724
42.49 181767
42.50 181807
42.51 181849
42.52 181890
42.53 181934
42.54 181978
42.55 182016
42.56 182058
42.57 182098
42.58 182137
42.59 182181
42.60 182224
42.61 182265
42.62 182306
42.63 182347
42.64 182386
42.65 182430
42.66 182473
42.67 182513
42.68 182554
42.69 182599
42.70 182640
42.71 182678
42.72 182720
42.73 182764
42.74 182803
42.75 182843
42.76 182882
42.77 182925
42.78 182977
42.79 183019
42.80 183062
42.81 183106
42.82 183148
42.83 183190
42.84 183232
42.85 183272
42.86 183314
42.87 183353
42.88 183394
42.89 183438
42.90 183478
42.91 183518
42.92 183562
42.93 183606
42.94 183645
42.95 183683
42.96 183725
42.97 183767
42.98 183808
42.99 183849
43.00 183887
43.01 183929
43.02 183972
43.03 184015
43.04 184057
43.05 184100
43.06 184138
43.07 184177
43.08 184222
43.09 184269
43.10 184314
43.11 184355
43.12 184396
43.13 184436
43.14 184476
43.15 184518
43.16 184557
43.17 184596
43.18 184641
43.19 184682
43.20 184724
43.21 184765
43.22 184802
43.23 184846
43.24 184888
43.25 184929
43.26 184968
43.27 185008
43.28 185049
43.29 185095
43.30 185136
43.31 185174
43.32 185214
43.33 185254
43.34 185293
43.35 185340
43.36 185383
43.37 185422
43.38 185461
43.39 185501
43.40 185546
43.41 185588
43.42 185627
43.43 185667
43.44 185706
43.45 185751
43.46 185795
43.47 185837
43.48 185879
43.49 185922
43.50 185965
43.51 186005
43.52 186044
43.53 186087
43.54 186130
43.55 186173
43.56 186211
43.57 186254
43.58 186302
43.59 186349
43.60 186393
43.61 186438
43.62 186479
43.63 186519
43.64 186560
43.65 186599
43.66 186637
43.67 186681
43.68 186720
43.69 186761
43.70 186801
43.71 186842
43.72 186886
43.73 186931
43.74 186971
43.75 187010
43.76 187050
43.77 187090
43.78 187129
43.79 187174
43.80 187216
43.81 187254
43.82 187298
43.83 187335
43.84 187376
43.85 187414
43.86 187453
43.87 187497
43.88 187538
43.89 187578
43.90 187622
43.91 187667
43.92 187708
43.94 187751
43.95 187790
43.96 187830
43.97 187875
43.98 187915
43.99 187953
44.00 187991
44.01 188030
44.02 188069
44.03 188113
44.04 188157
44.05 188198
44.06 188239
44.07 188283
44.08 188323
44.09 188363
44.10 188406
44.11 188448
44.12 188487
44.13 188527
44.14 188568
44.15 188610
44.16 188650
44.17 188694
44.18 188741
44.19 188789
44.20 188837
44.21 188887
44.22 188926
44.23 188966
44.24 189005
44.25 189044
44.26 189086
44.27 189133
44.28 189173
44.29 189215
44.30 189259
44.31 189306
44.32 189353
44.33 189400
44.34 189442
44.35 189482
44.36 189526
44.37 189569
44.38 189608
44.39 189648
44.40 189692
44.41 189732
44.42 189773
44.43 189814
44.44 189853
44.45 189897
44.46 189939
44.47 189983
44.48 190024
44.49 190066
44.50 190104
44.51 190143
44.52 190182
44.53 190227
44.54 190271
44.55 190313
44.56 190356
44.57 190395
44.58 190433
44.59 190471
44.60 190508
44.61 190547
44.62 190586
44.63 190627
44.64 190666
44.65 190706
44.66 190745
44.67 190790
44.68 190831
44.69 190870
44.70 190909
44.71 190953
44.72 191000
44.73 191045
44.74 191086
44.75 191124
44.76 191164
44.77 191212
44.78 191257
44.79 191301
44.80 191340
44.81 191379
44.82 191420
44.83 191463
44.84 191507
44.85 191550
44.86 191587
44.87 191631
44.88 191670
44.89 191711
44.90 191751
44.91 191790
44.92 191830
44.93 191870
44.94 191916
44.95 191961
44.96 192000
44.97 192039
44.98 192077
44.99 192115
45.00 192161
45.01 192204
45.02 192247
45.03 192289
45.04 192331
45.05 192377
45.06 192420
45.07 192461
45.08 192501
45.09 192542
45.10 192584
45.11 192623
45.12 192661
45.13 192704
45.14 192742
45.15 192780
45.16 192823
45.17 192865
45.18 192905
45.19 192945
45.20 192984
45.21 193027
45.22 193067
45.23 193106
45.24 193146
45.25 193192
45.26 193235
45.27 193275
45.28 193314
45.29 193353
45.30 193396
45.31 193436
45.32 193475
45.33 193514
45.34 193553
45.35 193595
45.36 193637
45.37 193676
45.38 193715
45.39 193759
45.40 193801
45.41 193841
45.42 193880
45.43 193923
45.44 193965
45.45 194007
45.46 194047
45.47 194088
45.48 194132
45.49 194174
45.50 194212
45.51 194253
45.52 194297
45.53 194340
45.54 194382
45.55 194425
45.56 194463
45.57 194507
45.58 194552
45.59 194599
45.60 194644
45.61 194688
45.62 194726
45.63 194764
45.64 194803
45.65 194848
45.66 194891
45.67 194934
45.68 194976
45.69 195017
45.70 195056
45.71 195097
45.72 195143
45.73 195188
45.74 195230
45.75 195268
45.76 195306
45.77 195346
45.78 195390
45.79 195435
45.80 195479
45.81 195518
45.82 195555
45.83 195596
45.84 195637
45.85 195679
45.86 195720
45.87 195760
45.88 195801
45.89 195840
45.90 195880
45.91 195921
45.92 195968
45.93 196011
45.94 196054
45.95 196092
45.96 196134
45.97 196173
45.98 196214
45.99 196254
46.00 196294
46.01 196335
46.02 196376
46.03 196420
46.04 196462
46.05 196503
46.06 196542
46.08 196587
46.09 196627
46.10 196667
46.11 196704
46.12 196744
46.13 196784
46.14 196824
46.15 196863
46.16 196901
46.17 196939
46.18 196982
46.19 197024
46.20 197064
46.21 197102
46.22 197143
46.23 197188
46.24 197231
46.25 197271
46.26 197311
46.27 197353
46.28 197396
46.29 197438
46.30 197484
46.31 197524
46.32 197562
46.33 197605
46.34 197649
46.35 197693
46.36 197735
46.37 197774
46.38 197817
46.39 197859
46.40 197900
46.41 197939
46.42 197982
46.43 198024
46.44 198063
46.45 198102
46.46 198142
46.47 198186
46.48 198228
46.49 198272
46.50 198309
46.51 198348
46.52 198391
46.53 198434
46.54 198474
46.55 198513
46.56 198553
46.57 198596
46.58 198641
46.59 198684
46.60 198726
46.61 198763
46.62 198801
46.63 198840
46.64 198883
46.65 198925
46.66 198970
46.67 199007
46.68 199046
46.69 199089
46.70 199134
46.71 199176
46.72 199215
46.73 199259
46.74 199303
46.75 199347
46.76 199390
46.77 199428
46.78 199466
46.79 199505
46.80 199548
46.81 199593
46.82 199637
46.83 199680
46.84 199720
46.85 199761
46.86 199802
46.87 199843
46.88 199886
46.89 199929
46.90 199969
46.91 200009
46.92 200054
46.93 200097
46.94 200137
46.95 200176
46.96 200213
46.97 200254
46.98 200299
46.99 200344
47.00 200388
47.01 200429
47.02 200468
47.03 200508
47.04 200554
47.05 200597
47.06 200634
47.07 200674
47.08 200717
47.09 200758
47.10 200796
47.11 200837
47.12 200880
47.13 200919
47.14 200963
47.15 201001
47.16 201039
47.17 201080
47.18 201122
47.19 201160
47.20 201201
47.21 201240
47.22 201282
47.23 201325
47.24 201364
47.25 201404
47.26 201441
47.27 201485
47.28 201527
47.29 201567
47.30 201606
47.31 201646
47.32 201686
47.33 201727
47.34 201767
47.35 201809
47.36 201848
47.37 201890
47.38 201932
47.39 201971
47.40 202009
47.41 202053
47.42 202095
47.43 202135
47.44 202179
47.45 202219
47.46 202258
47.47 202303
47.48 202346
47.49 202387
47.50 202429
47.51 202468
47.52 202511
47.53 202556
47.54 202596
47.55 202638
47.56 202677
47.57 202716
47.58 202755
47.59 202793
47.60 202837
47.61 202880
47.62 202917
47.63 202955
47.64 202994
47.65 203038
47.66 203080
47.67 203120
47.68 203159
47.69 203199
47.70 203243
47.71 203283
47.72 203322
47.73 203358
47.74 203399
47.75 203438
47.76 203476
47.77 203514
47.78 203558
47.79 203601
47.80 203641
47.81 203678
47.82 203717
47.83 203760
47.84 203803
47.85 203849
47.86 203889
47.87 203928
47.88 203968
47.89 204012
47.90 204053
47.91 204090
47.92 204133
47.93 204176
47.94 204214
47.95 204252
47.96 204295
47.97 204337
47.98 204374
47.99 204417
48.00 204457
48.01 204502
48.02 204541
48.03 204579
48.04 204621
48.05 204660
48.06 204699
48.07 204740
48.08 204780
48.09 204824
48.10 204868
48.11 204909
48.12 204949
48.13 204988
48.14 205026
48.15 205066
48.16 205106
48.17 205148
48.18 205188
48.19 205227
48.20 205266
48.21 205311
48.23 205354
48.24 205395
48.25 205435
48.26 205475
48.27 205514
48.28 205556
48.29 205599
48.30 205640
48.31 205685
48.32 205724
48.33 205763
48.34 205804
48.35 205843
48.36 205883
48.37 205922
48.38 205963
48.39 206005
48.40 206045
48.41 206082
48.42 206121
48.43 206159
48.44 206197
48.45 206244
48.46 206284
48.47 206319
48.48 206359
48.49 206399
48.50 206438
48.51 206477
48.52 206520
48.53 206562
48.54 206602
48.55 206642
48.56 206681
48.57 206722
48.58 206764
48.59 206803
48.60 206844
48.61 206883
48.62 206920
48.63 206962
48.64 207005
48.65 207043
48.66 207083
48.67 207121
48.68 207164
48.69 207208
48.70 207246
48.71 207284
48.72 207326
48.73 207373
48.74 207412
48.75 207449
48.76 207488
48.77 207533
48.78 207576
48.79 207619
48.80 207658
48.81 207696
48.82 207735
48.83 207779
48.84 207820
48.85 207857
48.86 207902
48.87 207946
48.88 207984
48.89 208022
48.90 208061
48.91 208102
48.92 208150
48.93 208194
48.94 208233
48.95 208273
48.96 208311
48.97 208350
48.98 208391
48.99 208435
49.00 208475
49.01 208515
49.02 208553
49.03 208596
49.04 208634
49.05 208673
49.06 208712
49.07 208753
49.08 208796
49.09 208835
49.10 208872
49.11 208911
49.12 208951
49.13 208993
49.14 209033
49.15 209072
49.16 209111
49.17 209151
49.18 209195
49.19 209242
49.20 209281
49.21 209321
49.22 209366
49.23 209409
49.24 209451
49.25 209496
49.26 209536
49.27 209578
49.28 209621
49.29 209659
49.30 209699
49.31 209738
49.32 209779
49.33 209822
49.34 209862
49.35 209901
49.36 209940
49.37 209987
49.38 210031
49.39 210069
49.40 210109
49.41 210147
49.42 210190
49.43 210233
49.44 210272
49.45 210310
49.46 210352
49.47 210394
49.48 210434
49.49 210473
49.50 210514
49.51 210559
49.52 210597
49.53 210636
49.54 210674
49.55 210719
49.56 210758
49.57 210796
49.58 210835
49.59 210880
49.60 210917
49.61 210955
49.62 210998
49.63 211038
49.64 211078
49.65 211123
49.66 211165
49.67 211201
49.68 211240
49.69 211278
49.70 211318
49.71 211360
49.72 211400
49.73 211441
49.74 211483
49.75 211523
49.76 211562
49.77 211607
49.78 211648
49.79 211685
49.80 211725
49.81 211766
49.82 211812
49.83 211853
49.84 211894
49.85 211932
49.86 211972
49.87 212012
49.88 212058
49.89 212100
49.90 212138
49.91 212183
49.92 212225
49.93 212264
49.94 212306
49.95 212348
49.96 212387
49.97 212428
49.98 212468
49.99 212506
50.00 212550
50.01 212590
50.02 212630
50.03 212670
50.04 212711
50.05 212760
50.06 212803
50.07 212843
50.08 212885
50.09 212928
50.10 212969
50.11 213008
50.12 213046
50.13 213090
50.14 213137
50.15 213183
50.16 213223
50.17 213262
50.18 213299
50.19 213345
50.20 213390
50.21 213430
50.22 213470
50.23 213509
50.24 213549
50.25 213592
50.26 213636
50.27 213676
50.28 213717
50.29 213758
50.30 213802
50.31 213847
50.32 213888
50.33 213927
50.34 213970
50.35 214014
50.37 214056
50.38 214094
50.39 214138
50.40 214181
50.41 214219
50.42 214261
50.43 214299
50.44 214344
50.45 214388
50.46 214427
50.47 214467
50.48 214514
50.49 214557
50.50 214601
50.51 214642
50.52 214680
50.53 214725
50.54 214769
50.55 214810
50.56 214853
50.57 214894
50.58 214937
50.59 214977
50.60 215021
50.61 215063
50.62 215103
50.63 215146
50.64 215186
50.65 215228
50.66 215271
50.67 215311
50.68 215352
50.69 215399
50.70 215439
50.71 215483
50.72 215520
50.73 215562
50.74 215604
50.75 215644
50.76 215687
50.77 215730
50.78 215772
50.79 215814
50.80 215856
50.81 215899
50.82 215940
50.83 215982
50.84 216026
50.85 216063
50.86 216101
50.87 216144
50.88 216184
50.89 216224
50.90 216263
50.91 216306
50.92 216352
50.93 216391
50.94 216430
50.95 216471
50.96 216514
50.97 216555
50.98 216592
50.99 216632
51.00 216676
51.01 216720
51.02 216758
51.03 216797
51.04 216839
51.05 216882
51.06 216922
51.07 216964
51.08 217007
51.09 217049
51.10 217093
51.11 217136
51.12 217180
51.13 217224
51.14 217266
51.15 217309
51.16 217349
51.17 217385
51.18 217427
51.19 217469
51.20 217514
51.21 217557
51.22 217600
51.23 217640
51.24 217685
51.25 217729
51.26 217768
51.27 217808
51.28 217847
51.29 217887
51.30 217931
51.31 217970
51.32 218009
51.33 218046
51.34 218088
51.35 218134
51.36 218174
51.37 218215
51.38 218253
51.39 218291
51.40 218332
51.41 218370
51.42 218408
51.43 218448
51.44 218487
51.45 218526
51.46 218566
51.47 218605
51.48 218642
51.49 218680
51.50 218720
51.51 218761
51.52 218799
51.53 218838
51.54 218878
51.55 218914
51.56 218954
51.57 218990
51.58 219029
51.59 219068
51.60 219107
51.61 219145
51.62 219188
51.63 219228
51.64 219266
51.65 219304
51.66 219344
51.67 219381
51.68 219422
51.69 219466
51.70 219506
51.71 219546
51.72 219587
51.73 219626
51.74 219664
51.75 219701
51.76 219741
51.77 219784
51.78 219825
51.79 219864
51.80 219902
51.81 219945
51.82 219983
51.83 220024
51.84 220065
51.85 220102
51.86 220144
51.87 220185
51.88 220224
51.89 220265
51.90 220304
51.91 220345
51.92 220383
51.93 220426
51.94 220469
51.95 220510
51.96 220549
51.97 220590
51.98 220629
51.99 220670
52.00 220708
52.01 220749
52.02 220788
52.03 220828
52.04 220868
52.05 220912
52.06 220953
52.07 220998
52.08 221040
52.09 221082
52.10 221124
52.11 221165
52.12 221214
52.13 221254
52.14 221293
52.15 221329
52.16 221369
52.17 221407
52.18 221446
52.19 221490
52.20 221529
52.21 221569
52.22 221609
52.23 221645
52.24 221684
52.25 221728
52.26 221770
52.27 221810
52.28 221847
52.29 221886
52.30 221928
52.31 221978
52.32 222024
52.33 222067
52.34 222114
52.35 222153
52.36 222198
52.37 222237
52.38 222275
52.39 222314
52.40 222354
52.41 222393
52.42 222435
52.43 222476
52.44 222520
52.45 222562
52.46 222599
52.47 222639
52.48 222681
52.49 222722
52.51 222765
52.52 222802
52.53 222841
52.54 222878
52.55 222921
52.56 222960
52.57 222998
52.58 223035
52.59 223075
52.60 223116
52.61 223161
52.62 223200
52.63 223238
52.64 223278
52.65 223321
52.66 223361
52.67 223397
52.68 223435
52.69 223480
52.70 223523
52.71 223565
52.72 223604
52.73 223642
52.74 223689
52.75 223730
52.76 223771
52.77 223810
52.78 223848
52.79 223891
52.80 223932
52.81 223974
52.82 224012
52.83 224052
52.84 224090
52.85 224129
52.86 224170
52.87 224214
52.88 224254
52.89 224290
52.90 224328
52.91 224365
52.92 224403
52.93 224445
52.94 224485
52.95 224522
52.96 224558
52.97 224599
52.98 224642
52.99 224685
53.00 224728
53.01 224768
53.02 224807
53.03 224845
53.04 224889
53.05 224931
53.06 224972
53.07 225014
53.08 225053
53.09 225092
53.10 225132
53.11 225175
53.12 225215
53.13 225252
53.14 225292
53.15 225330
53.16 225368
53.17 225405
53.18 225444
53.19 225484
53.20 225523
53.21 225563
53.22 225600
53.23 225638
53.24 225681
53.25 225723
53.26 225762
53.27 225802
53.28 225839
53.29 225880
53.30 225924
53.31 225962
53.32 226003
53.33 226046
53.34 226089
53.35 226128
53.36 226167
53.37 226206
53.38 226247
53.39 226290
53.40 226332
53.41 226374
53.42 226413
53.43 226455
53.44 226496
53.45 226535
53.46 226578
53.47 226620
53.48 226662
53.49 226702
53.50 226745
53.51 226786
53.52 226824
53.53 226863
53.54 226907
53.55 226949
53.56 226986
53.57 227024
53.58 227070
53.59 227112
53.60 227152
53.61 227194
53.62 227238
53.63 227283
53.64 227323
53.65 227368
53.66 227410
53.67 227452
53.68 227494
53.69 227538
53.70 227581
53.71 227622
53.72 227660
53.73 227700
53.74 227744
53.75 227787
53.76 227827
53.77 227868
53.78 227910
53.79 227950
53.80 227991
53.81 228032
53.82 228074
53.83 228117
53.84 228162
53.85 228200
53.86 228242
53.87 228285
53.88 228326
53.89 228367
53.90 228408
53.91 228452
53.92 228496
53.93 228537
53.94 228580
53.95 228623
53.96 228667
53.97 228707
53.98 228750
53.99 228793
54.00 228831
54.01 228871
54.02 228915
54.03 228958
54.04 229002
54.05 229045
54.06 229087
54.07 229126
54.08 229174
54.09 229214
54.10 229258
54.11 229298
54.12 229338
54.13 229380
54.14 229430
54.15 229472
54.16 229511
54.17 229552
54.18 229594
54.19 229636
54.20 229681
54.21 229722
54.22 229765
54.23 229808
54.24 229847
54.25 229891
54.26 229931
54.27 229972
54.28 230015
54.29 230055
54.30 230094
54.31 230138
54.32 230179
54.33 230222
54.34 230263
54.35 230302
54.36 230344
54.37 230391
54.38 230432
54.39 230474
54.40 230513
54.41 230554
54.42 230597
54.43 230639
54.44 230682
54.45 230728
54.46 230772
54.47 230811
54.48 230856
54.49 230897
54.50 230936
54.51 230983
54.52 231023
54.53 231064
54.54 231110
54.55 231152
54.56 231189
54.57 231228
54.58 231274
54.59 231318
54.60 231359
54.61 231396
54.62 231438
54.63 231478
54.64 231522
54.66 231559
54.67 231600
54.68 231640
54.69 231679
54.70 231722
54.71 231761
54.72 231798
54.73 231840
54.74 231881
54.75 231922
54.76 231964
54.77 232007
54.78 232050
54.79 232090
54.80 232138
54.81 232179
54.82 232217
54.83 232256
54.84 232296
54.85 232341
54.86 232380
54.87 232423
54.88 232463
54.89 232508
54.90 232550
54.91 232590
54.92 232631
54.93 232674
54.94 232714
54.95 232759
54.96 232804
54.97 232844
54.98 232886
54.99 232929
55.00 232972
55.01 233013
55.02 233051
55.03 233096
55.04 233135
55.05 233179
55.06 233221
55.07 233262
55.08 233302
55.09 233346
55.10 233385
55.11 233426
55.12 233466
55.13 233511
55.14 233553
55.15 233592
55.16 233633
55.17 233677
55.18 233718
55.19 233758
55.20 233796
55.21 233836
55.22 233878
55.23 233917
55.24 233955
55.25 233994
55.26 234033
55.27 234077
55.28 234116
55.29 234154
55.30 234196
55.31 234238
55.32 234281
55.33 234320
55.34 234358
55.35 234396
55.36 234436
55.37 234476
55.38 234521
55.39 234560
55.40 234599
55.41 234639
55.42 234678
55.43 234717
55.44 234756
55.45 234793
55.46 234831
55.47 234870
55.48 234910
55.49 234946
55.50 234988
55.51 235030
55.52 235071
55.53 235109
55.54 235153
55.55 235195
55.56 235234
55.57 235275
55.58 235315
55.59 235359
55.60 235399
55.61 235435
55.62 235478
55.63 235521
55.64 235561
55.65 235600
55.66 235642
55.67 235681
55.68 235721
55.69 235758
55.70 235798
55.71 235841
55.72 235880
55.73 235917
55.74 235953
55.75 235996
55.76 236039
55.77 236077
55.78 236115
55.79 236153
55.80 236195
55.81 236237
55.82 236278
55.83 236318
55.84 236357
55.85 236402
55.86 236450
55.87 236493
55.88 236537
55.89 236587
55.90 236642
55.91 236692
55.92 236739
55.93 236788
55.94 236834
55.95 236878
55.96 236924
55.97 236973
55.98 237018
55.99 237068
56.00 237109
56.01 237152
56.02 237199
56.03 237242
56.04 237287
56.05 237330
56.06 237372
56.07 237415
56.08 237454
56.09 237494
56.10 237534
56.11 237574
56.12 237616
56.13 237653
56.14 237690
56.15 237728
56.16 237769
56.17 237807
56.18 237845
56.19 237883
56.20 237922
56.21 237961
56.22 237999
56.23 238039
56.24 238083
56.25 238123
56.26 238161
56.27 238203
56.28 238245
56.29 238286
56.30 238325
56.31 238366
56.32 238404
56.33 238446
56.34 238488
56.35 238528
56.36 238565
56.37 238606
56.38 238643
56.39 238680
56.40 238720
56.41 238759
56.42 238800
56.43 238842
56.44 238880
56.45 238931
56.46 238976
56.47 239017
56.48 239058
56.49 239098
56.50 239138
56.51 239178
56.52 239221
56.53 239263
56.54 239302
56.55 239344
56.56 239388
56.57 239432
56.58 239474
56.59 239514
56.60 239556
56.61 239601
56.62 239639
56.63 239679
56.64 239716
56.65 239757
56.66 239800
56.67 239838
56.68 239877
56.69 239920
56.70 239964
56.71 240004
56.72 240048
56.73 240089
56.74 240130
56.75 240171
56.76 240217
56.77 240259
56.78 240303
56.80 240343
56.81 240381
56.82 240424
56.83 240466
56.84 240506
56.85 240548
56.86 240587
56.87 240629
56.88 240671
56.89 240708
56.90 240747
56.91 240786
56.92 240830
56.93 240869
56.94 240909
56.95 240947
56.96 240986
56.97 241024
56.98 241067
56.99 241109
57.00 241150
57.01 241193
57.02 241235
57.03 241276
57.04 241314
57.05 241356
57.06 241396
57.07 241434
57.08 241475
57.09 241520
57.10 241562
57.11 241599
57.12 241638
57.13 241677
57.14 241715
57.15 241752
57.16 241796
57.17 241837
57.18 241875
57.19 241921
57.20 241963
57.21 242003
57.22 242046
57.23 242091
57.24 242133
57.25 242174
57.26 242215
57.27 242252
57.28 242290
57.29 242331
57.30 242370
57.31 242409
57.32 242448
57.33 242487
57.34 242531
57.35 242571
57.36 242609
57.37 242650
57.38 242688
57.39 242729
57.40 242770
57.41 242810
57.42 242847
57.43 242884
57.44 242920
57.45 242957
57.46 242997
57.47 243037
57.48 243079
57.49 243117
57.50 243156
57.51 243198
57.52 243237
57.53 243278
57.54 243318
57.55 243361
57.56 243399
57.57 243437
57.58 243479
57.59 243523
57.60 243567
57.61 243606
57.62 243645
57.63 243682
57.64 243725
57.65 243767
57.66 243806
57.67 243845
57.68 243886
57.69 243924
57.70 243964
57.71 244005
57.72 244043
57.73 244082
57.74 244121
57.75 244164
57.76 244207
57.77 244246
57.78 244285
57.79 244321
57.80 244363
57.81 244406
57.82 244446
57.83 244487
57.84 244528
57.85 244568
57.86 244611
57.87 244648
57.88 244688
57.89 244729
57.90 244765
57.91 244805
57.92 244845
57.93 244883
57.94 244922
57.95 244962
57.96 245006
57.97 245045
57.98 245082
57.99 245124
58.00 245165
58.01 245205
58.02 245242
58.03 245281
58.04 245321
58.05 245364
58.06 245404
58.07 245445
58.08 245482
58.09 245519
58.10 245563
58.11 245604
58.12 245640
58.13 245679
58.14 245716
58.15 245757
58.16 245802
58.17 245840
58.18 245878
58.19 245916
58.20 245955
58.21 245992
58.22 246034
58.23 246075
58.24 246112
58.25 246153
58.26 246192
58.27 246231
58.28 246270
58.29 246307
58.30 246345
58.31 246389
58.32 246429
58.33 246471
58.34 246509
58.35 246550
58.36 246590
58.37 246628
58.38 246667
58.39 246705
58.40 246745
58.41 246784
58.42 246823
58.43 246866
58.44 246904
58.45 246941
58.46 246981
58.47 247021
58.48 247062
58.49 247100
58.50 247140
58.51 247178
58.52 247217
58.53 247258
58.54 247297
58.55 247336
58.56 247376
58.57 247415
58.58 247454
58.59 247493
58.60 247535
58.61 247576
58.62 247613
58.63 247650
58.64 247687
58.65 247724
58.66 247765
58.67 247807
58.68 247846
58.69 247883
58.70 247919
58.71 247956
58.72 247997
58.73 248033
58.74 248072
58.75 248110
58.76 248150
58.77 248193
58.78 248230
58.79 248267
58.80 248309
58.81 248352
58.82 248391
58.83 248429
58.84 248469
58.85 248508
58.86 248548
58.87 248587
58.88 248625
58.89 248664
58.90 248707
58.91 248745
58.92 248783
58.94 248821
58.95 248859
58.96 248899
58.97 248937
58.98 248984
58.99 249025
59.00 249070
59.01 249108
59.02 249148
59.03 249187
59.04 249225
59.05 249262
59.06 249305
59.07 249344
59.08 249381
59.09 249418
59.10 249457
59.11 249495
59.12 249533
59.13 249567
59.14 249605
59.15 249643
59.16 249684
59.17 249723
59.18 249761
59.19 249798
59.20 249836
59.21 249875
59.22 249912
59.23 249951
59.24 249995
59.25 250040
59.26 250083
59.27 250121
59.28 250166
59.29 250208
59.30 250247
59.31 250287
59.32 250327
59.33 250366
59.34 250405
59.35 250442
59.36 250482
59.37 250527
59.38 250572
59.39 250614
59.40 250656
59.41 250694
59.42 250735
59.43 250779
59.44 250823
59.45 250863
59.46 250901
59.47 250939
59.48 250979
59.49 251017
59.50 251056
59.51 251095
59.52 251134
59.53 251171
59.54 251209
59.55 251248
59.56 251290
59.57 251326
59.58 251364
59.59 251402
59.60 251444
59.61 251483
59.62 251523
59.63 251560
59.64 251598
59.65 251638
59.66 251678
59.67 251716
59.68 251754
59.69 251792
59.70 251831
59.71 251875
59.72 251915
59.73 251953
59.74 251993
59.75 252032
59.76 252071
59.77 252114
59.78 252154
59.79 252193
59.80 252232
59.81 252272
59.82 252310
59.83 252355
59.84 252396
59.85 252436
59.86 252472
59.87 252512
59.88 252554
59.89 252592
59.90 252630
59.91 252674
59.92 252713
59.93 252753
59.94 252794
59.95 252835
59.96 252874
59.97 252910
59.98 252950
59.99 252987
60.00 253029
60.01 253073
60.02 253112
60.03 253148
60.04 253188
60.05 253230
60.06 253271
60.07 253311
60.08 253347
60.09 253391
60.10 253432
60.11 253473
60.12 253510
60.13 253548
60.14 253593
60.15 253636
60.16 253681
60.17 253724
60.18 253767
60.19 253804
60.20 253848
60.21 253893
60.22 253936
60.23 253976
60.24 254012
60.25 254052
60.26 254099
60.27 254145
60.28 254183
60.29 254221
60.30 254262
60.31 254305
60.32 254343
60.33 254381
60.34 254426
60.35 254468
60.36 254508
60.37 254553
60.38 254596
60.39 254638
60.40 254678
60.41 254720
60.42 254761
60.43 254805
60.44 254848
60.45 254887
60.46 254931
60.47 254974
60.48 255017
60.49 255056
60.50 255094
60.51 255133
60.52 255178
60.53 255223
60.54 255264
60.55 255303
60.56 255341
60.57 255387
60.58 255428
60.59 255469
60.60 255512
60.61 255558
60.62 255599
60.63 255637
60.64 255676
60.65 255714
60.66 255756
60.67 255795
60.68 255837
60.69 255876
60.70 255916
60.71 255955
60.72 255999
60.73 256039
60.74 256078
60.75 256117
60.76 256161
60.77 256203
60.78 256241
60.79 256280
60.80 256320
60.81 256363
60.82 256402
60.83 256442
60.84 256481
60.85 256520
60.86 256564
60.87 256600
60.88 256640
60.89 256679
60.90 256720
60.91 256757
60.92 256795
60.93 256837
60.94 256877
60.95 256920
60.96 256957
60.97 256995
60.98 257037
60.99 257079
61.00 257119
61.01 257158
61.02 257195
61.03 257237
61.04 257275
61.05 257314
61.06 257356
61.07 257395
61.09 257434
61.10 257483
61.11 257529
61.12 257568
61.13 257611
61.14 257655
61.15 257695
61.16 257733
61.17 257777
61.18 257821
61.19 257870
61.20 257915
61.21 257960
61.22 258009
61.23 258049
61.24 258093
61.25 258137
61.26 258184
61.27 258227
61.28 258266
61.29 258308
61.30 258350
61.31 258394
61.32 258437
61.33 258476
61.34 258514
61.35 258554
61.36 258595
61.37 258634
61.38 258671
61.39 258714
61.40 258754
61.41 258794
61.42 258835
61.43 258875
61.44 258914
61.45 258954
61.46 258993
61.47 259031
61.48 259070
61.49 259108
61.50 259146
61.51 259183
61.52 259220
61.53 259260
61.54 259300
61.55 259339
61.56 259376
61.57 259413
61.58 259452
61.59 259491
61.60 259530
61.61 259570
61.62 259605
61.63 259644
61.64 259684
61.65 259726
61.66 259764
61.67 259803
61.68 259844
61.69 259882
61.70 259920
61.71 259957
61.72 259998
61.73 260042
61.74 260081
61.75 260120
61.76 260158
61.77 260195
61.78 260236
61.79 260279
61.80 260320
61.81 260360
61.82 260410
61.83 260451
61.84 260491
61.85 260532
61.86 260572
61.87 260610
61.88 260650
61.89 260689
61.90 260727
61.91 260775
61.92 260821
61.93 260869
61.94 260911
61.95 260948
61.96 260986
61.97 261030
61.98 261071
61.99 261112
62.00 261150
62.01 261192
62.02 261229
62.03 261265
62.04 261305
62.05 261348
62.06 261388
62.07 261425
62.08 261466
62.09 261507
62.10 261544
62.11 261583
62.12 261619
62.13 261659
62.14 261698
62.15 261740
62.16 261777
62.17 261816
62.18 261857
62.19 261896
62.20 261935
62.21 261979
62.22 262019
62.23 262055
62.24 262095
62.25 262134
62.26 262174
62.27 262212
62.28 262255
62.29 262294
62.30 262331
62.31 262368
62.32 262409
62.33 262450
62.34 262488
62.35 262526
62.36 262561
62.37 262599
62.38 262641
62.39 262684
62.40 262723
62.41 262760
62.42 262799
62.43 262839
62.44 262879
62.45 262917
62.46 262953
62.47 262995
62.48 263037
62.49 263072
62.50 263111
62.51 263154
62.52 263198
62.53 263242
62.54 263292
62.55 263338
62.56 263388
62.57 263439
62.58 263489
62.59 263539
62.60 263591
62.61 263639
62.62 263687
62.63 263736
62.64 263775
62.65 263822
62.66 263868
62.67 263910
62.68 263945
62.69 263986
62.70 264025
62.71 264064
62.72 264102
62.73 264136
62.74 264176
62.75 264229
62.76 264268
62.77 264306
62.78 264343
62.79 264382
62.80 264423
62.81 264474
62.82 264531
62.83 264583
62.84 264633
62.85 264679
62.86 264726
62.87 264780
62.88 264836
62.89 264882
62.90 264924
62.91 264974
62.92 265028
62.93 265078
62.94 265132
62.95 265181
62.96 265223
62.97 265264
62.98 265302
62.99 265342
63.00 265384
63.01 265425
63.02 265467
63.03 265506
63.04 265549
63.05 265588
63.06 265630
63.07 265670
63.08 265710
63.09 265751
63.10 265790
63.11 265832
63.12 265867
63.13 265906
63.14 265944
63.15 265983
63.16 266022
63.17 266059
63.18 266096
63.19 266130
63.20 266169
63.21 266205
63.23 266240
63.24 266277
63.25 266314
63.26 266348
63.27 266383
63.28 266421
63.29 266456
63.30 266495
63.31 266539
63.32 266581
63.33 266620
63.34 266670
63.35 266712
63.36 266750
63.37 266794
63.38 266842
63.39 266882
63.40 266926
63.41 266970
63.42 267017
63.43 267064
63.44 267108
63.45 267151
63.46 267193
63.47 267239
63.48 267283
63.49 267324
63.50 267368
63.51 267411
63.52 267452
63.53 267495
63.54 267535
63.55 267574
63.56 267615
63.57 267654
63.58 267694
63.59 267734
63.60 267771
63.61 267809
63.62 267847
63.63 267887
63.64 267928
63.65 267970
63.66 268009
63.67 268056
63.68 268096
63.69 268142
63.70 268189
63.71 268234
63.72 268278
63.73 268324
63.74 268368
63.75 268413
63.76 268455
63.77 268498
63.78 268541
63.79 268582
63.80 268625
63.81 268668
63.82 268711
63.83 268749
63.84 268790
63.85 268828
63.86 268868
63.87 268906
63.88 268945
63.89 268982
63.90 269018
63.91 269056
63.92 269094
63.93 269132
63.94 269171
63.95 269206
63.96 269242
63.97 269277
63.98 269313
63.99 269350
64.00 269389
64.01 269437
64.02 269479
64.03 269518
64.04 269554
64.05 269592
64.06 269629
64.07 269665
64.08 269707
64.09 269749
64.10 269792
64.11 269832
64.12 269871
64.13 269910
64.14 269950
64.15 269990
64.16 270028
64.17 270073
64.18 270114
64.19 270153
64.20 270190
64.21 270231
64.22 270269
64.23 270306
64.24 270345
64.25 270385
64.26 270425
64.27 270464
64.28 270501
64.29 270541
64.30 270581
64.31 270620
64.32 270660
64.33 270699
64.34 270741
64.35 270780
64.36 270821
64.37 270859
64.38 270899
64.39 270939
64.40 270977
64.41 271017
64.42 271056
64.43 271094
64.44 271132
64.45 271171
64.46 271210
64.47 271248
64.48 271289
64.49 271328
64.50 271368
64.51 271409
64.52 271448
64.53 271488
64.54 271525
64.55 271565
64.56 271603
64.57 271639
64.58 271678
64.59 271716
64.60 271752
64.61 271787
64.62 271824
64.63 271863
64.64 271901
64.65 271937
64.66 271975
64.67 272015
64.68 272053
64.69 272092
64.70 272132
64.71 272172
64.72 272209
64.73 272249
64.74 272287
64.75 272332
64.76 272371
64.77 272408
64.78 272449
64.79 272494
64.80 272533
64.81 272571
64.82 272611
64.83 272655
64.84 272693
64.85 272729
64.86 272769
64.87 272811
64.88 272850
64.89 272889
64.90 272932
64.91 272971
64.92 273007
64.93 273043
64.94 273086
64.95 273124
64.96 273164
64.97 273200
64.98 273235
64.99 273273
65.00 273315
65.01 273356
65.02 273400
65.03 273436
65.04 273473
65.05 273510
65.06 273550
65.07 273592
65.08 273630
65.09 273671
65.10 273707
65.11 273750
65.12 273788
65.13 273823
65.14 273860
65.15 273902
65.16 273938
65.17 273976
65.18 274013
65.19 274052
65.20 274096
65.21 274136
65.22 274173
65.23 274209
65.24 274243
65.25 274282
65.26 274318
65.27 274355
65.28 274390
65.29 274430
65.30 274476
65.31 274516
65.32 274554
65.33 274592
65.34 274632
65.35 274669
65.37 274704
65.38 274744
65.39 274784
65.40 274828
65.41 274867
65.42 274907
65.43 274946
65.44 274989
65.45 275028
65.46 275068
65.47 275108
65.48 275145
65.49 275185
65.50 275224
65.51 275264
65.52 275303
65.53 275346
65.54 275384
65.55 275424
65.56 275467
65.57 275506
65.58 275547
65.59 275585
65.60 275626
65.61 275664
65.62 275705
65.63 275744
65.64 275782
65.65 275820
65.66 275857
65.67 275897
65.68 275936
65.69 275978
65.70 276017
65.71 276054
65.72 276093
65.73 276129
65.74 276167
65.75 276205
65.76 276247
65.77 276289
65.78 276329
65.79 276367
65.80 276400
65.81 276440
65.82 276477
65.83 276515
65.84 276556
65.85 276597
65.86 276635
65.87 276671
65.88 276709
65.89 276745
65.90 276784
65.91 276825
65.92 276864
65.93 276905
65.94 276947
65.95 276990
65.96 277034
65.97 277077
65.98 277114
65.99 277155
66.00 277199
66.01 277248
66.02 277290
66.03 277334
66.04 277378
66.05 277420
66.06 277465
66.07 277510
66.08 277553
66.09 277600
66.10 277642
66.11 277679
66.12 277719
66.13 277758
66.14 277797
66.15 277837
66.16 277878
66.17 277928
66.18 277975
66.19 278016
66.20 278057
66.21 278096
66.22 278142
66.23 278185
66.24 278227
66.25 278268
66.26 278306
66.27 278346
66.28 278387
66.29 278429
66.30 278471
66.31 278511
66.32 278552
66.33 278591
66.34 278634
66.35 278672
66.36 278713
66.37 278750
66.38 278793
66.39 278833
66.40 278878
66.41 278924
66.42 278969
66.43 279009
66.44 279051
66.45 279091
66.46 279132
66.47 279174
66.48 279218
66.49 279259
66.50 279300
66.51 279349
66.52 279390
66.53 279428
66.54 279467
66.55 279506
66.56 279549
66.57 279588
66.58 279625
66.59 279664
66.60 279709
66.61 279755
66.62 279800
66.63 279842
66.64 279888
66.65 279936
66.66 279981
66.67 280024
66.68 280068
66.69 280110
66.70 280153
66.71 280196
66.72 280240
66.73 280285
66.74 280327
66.75 280372
66.76 280416
66.77 280459
66.78 280503
66.79 280547
66.80 280591
66.81 280631
66.82 280671
66.83 280710
66.84 280746
66.85 280782
66.86 280821
66.87 280859
66.88 280898
66.89 280935
66.90 280973
66.91 281012
66.92 281055
66.93 281096
66.94 281145
66.95 281194
66.96 281240
66.97 281285
66.98 281331
66.99 281377
67.00 281424
67.01 281470
67.02 281514
67.03 281564
67.04 281612
67.05 281657
67.06 281702
67.07 281746
67.08 281792
67.09 281836
67.10 281877
67.11 281919
67.12 281961
67.13 282004
67.14 282044
67.15 282086
67.16 282127
67.17 282168
67.18 282209
67.19 282246
67.20 282288
67.21 282331
67.22 282372
67.23 282411
67.24 282452
67.25 282490
67.26 282531
67.27 282569
67.28 282608
67.29 282647
67.30 282684
67.31 282723
67.32 282760
67.33 282799
67.34 282837
67.35 282876
67.36 282913
67.37 282949
67.38 282986
67.39 283022
67.40 283058
67.41 283111
67.42 283161
67.43 283208
67.44 283254
67.45 283300
67.46 283343
67.47 283387
67.48 283428
67.49 283474
67.51 283514
67.52 283557
67.53 283600
67.54 283643
67.55 283689
67.56 283731
67.57 283773
67.58 283814
67.59 283857
67.60 283901
67.61 283946
67.62 283988
67.63 284031
67.64 284075
67.65 284119
67.66 284163
67.67 284205
67.68 284249
67.69 284294
67.70 284336
67.71 284378
67.72 284420
67.73 284463
67.74 284503
67.75 284541
67.76 284578
67.77 284617
67.78 284655
67.79 284697
67.80 284734
67.81 284771
67.82 284810
67.83 284847
67.84 284888
67.85 284928
67.86 284967
67.87 285002
67.88 285038
67.89 285077
67.90 285116
67.91 285155
67.92 285193
67.93 285228
67.94 285264
67.95 285306
67.96 285344
67.97 285380
67.98 285418
67.99 285457
68.00 285493
68.01 285531
68.02 285578
68.03 285631
68.04 285684
68.05 285725
68.06 285767
68.07 285816
68.08 285866
68.09 285918
68.10 285969
68.11 286016
68.12 286069
68.13 286119
68.14 286168
68.15 286216
68.16 286264
68.17 286311
68.18 286359
68.19 286406
68.20 286456
68.21 286502
68.22 286549
68.23 286598
68.24 286648
68.25 286700
68.26 286750
68.27 286799
68.28 286846
68.29 286893
68.30 286944
68.31 286996
68.32 287046
68.33 287097
68.34 287145
68.35 287193
68.36 287242
68.37 287290
68.38 287341
68.39 287392
68.40 287439
68.41 287487
68.42 287532
68.43 287577
68.44 287624
68.45 287671
68.46 287721
68.47 287770
68.48 287821
68.49 287869
68.50 287918
68.51 287967
68.52 288012
68.53 288061
68.54 288111
68.55 288158
68.56 288202
68.57 288247
68.58 288288
68.59 288330
68.60 288371
68.61 288411
68.62 288454
68.63 288493
68.64 288531
68.65 288571
68.66 288610
68.67 288649
68.68 288688
68.69 288729
68.70 288775
68.71 288819
68.72 288862
68.73 288908
68.74 288951
68.75 288993
68.76 289038
68.77 289082
68.78 289127
68.79 289171
68.80 289215
68.81 289256
68.82 289297
68.83 289337
68.84 289380
68.85 289419
68.86 289459
68.87 289507
68.88 289555
68.89 289603
68.90 289649
68.91 289694
68.92 289739
68.93 289785
68.94 289831
68.95 289876
68.96 289922
68.97 289966
68.98 290007
68.99 290048
69.00 290096
69.01 290142
69.02 290185
69.03 290231
69.04 290277
69.05 290321
69.06 290366
69.07 290412
69.08 290456
69.09 290501
69.10 290548
69.11 290593
69.12 290640
69.13 290691
69.14 290741
69.15 290786
69.16 290832
69.17 290874
69.18 290916
69.19 290959
69.20 291005
69.21 291048
69.22 291094
69.23 291139
69.24 291180
69.25 291224
69.26 291265
69.27 291306
69.28 291352
69.29 291396
69.30 291439
69.31 291479
69.32 291518
69.33 291558
69.34 291598
69.35 291637
69.36 291677
69.37 291714
69.38 291751
69.39 291788
69.40 291824
69.41 291867
69.42 291909
69.43 291950
69.44 291993
69.45 292038
69.46 292081
69.47 292128
69.48 292176
69.49 292218
69.50 292257
69.51 292302
69.52 292346
69.53 292390
69.54 292436
69.55 292480
69.56 292526
69.57 292575
69.58 292616
69.59 292659
69.60 292704
69.61 292751
69.62 292798
69.63 292844
69.64 292886
69.66 292926
69.67 292970
69.68 293011
69.69 293054
69.70 293106
69.71 293157
69.72 293213
69.73 293264
69.74 293314
69.75 293366
69.76 293413
69.77 293463
69.78 293510
69.79 293556
69.80 293602
69.81 293648
69.82 293691
69.83 293734
69.84 293778
69.85 293821
69.86 293864
69.87 293905
69.88 293946
69.89 293988
69.90 294029
69.91 294072
69.92 294109
69.93 294152
69.94 294192
69.95 294233
69.96 294272
69.97 294320
69.98 294370
69.99 294417
70.00 294460
70.01 294507
70.02 294553
70.03 294595
70.04 294639
70.05 294685
70.06 294730
70.07 294772
70.08 294817
70.09 294858
70.10 294899
70.11 294940
70.12 294984
70.13 295024
70.14 295063
70.15 295102
70.16 295139
70.17 295185
70.18 295236
70.19 295283
70.20 295329
70.21 295378
70.22 295426
70.23 295476
70.24 295526
70.25 295573
70.26 295622
70.27 295670
70.28 295722
70.29 295773
70.30 295818
70.31 295863
70.32 295912
70.33 295962
70.34 296011
70.35 296053
70.36 296097
70.37 296146
70.38 296196
70.39 296249
70.40 296304
70.41 296356
70.42 296406
70.43 296452
70.44 296500
70.45 296548
70.46 296596
70.47 296645
70.48 296693
70.49 296743
70.50 296794
70.51 296844
70.52 296895
70.53 296944
70.54 296994
70.55 297043
70.56 297092
70.57 297143
70.58 297191
70.59 297241
70.60 297290
70.61 297341
70.62 297390
70.63 297441
70.64 297492
70.65 297541
70.66 297589
70.67 297640
70.68 297687
70.69 297732
70.70 297774
70.71 297821
70.72 297867
70.73 297912
70.74 297955
70.75 297998
70.76 298039
70.77 298079
70.78 298120
70.79 298162
70.80 298210
70.81 298260
70.82 298307
70.83 298358
70.84 298409
70.85 298460
70.86 298508
70.87 298558
70.88 298606
70.89 298655
70.90 298706
70.91 298754
70.92 298801
70.93 298853
70.94 298901
70.95 298949
70.96 298995
70.97 299040
70.98 299090
70.99 299139
71.00 299184
71.01 299234
71.02 299284
71.03 299332
71.04 299378
71.05 299426
71.06 299475
71.07 299525
71.08 299574
71.09 299621
71.10 299670
71.11 299717
71.12 299763
71.13 299809
71.14 299857
71.15 299904
71.16 299953
71.17 300000
71.18 300045
71.19 300093
71.20 300140
71.21 300185
71.22 300232
71.23 300279
71.24 300323
71.25 300368
71.26 300413
71.27 300459
71.28 300503
71.29 300546
71.30 300590
71.31 300634
71.32 300679
71.33 300721
71.34 300763
71.35 300807
71.36 300851
71.37 300896
71.38 300941
71.39 300982
71.40 301024
71.41 301065
71.42 301104
71.43 301148
71.44 301193
71.45 301231
71.46 301271
71.47 301318
71.48 301363
71.49 301410
71.50 301456
71.51 301501
71.52 301542
71.53 301585
71.54 301625
71.55 301665
71.56 301707
71.57 301746
71.58 301788
71.59 301833
71.60 301880
71.61 301923
71.62 301969
71.63 302007
71.64 302050
71.65 302091
71.66 302130
71.67 302174
71.68 302218
71.69 302262
71.70 302305
71.71 302346
71.72 302387
71.73 302430
71.74 302468
71.75 302510
71.76 302551
71.77 302594
71.78 302638
71.80 302683
71.81 302725
71.82 302768
71.83 302816
71.84 302863
71.85 302911
71.86 302958
71.87 303003
71.88 303050
71.89 303094
71.90 303137
71.91 303180
71.92 303222
71.93 303266
71.94 303309
71.95 303352
71.96 303394
71.97 303434
71.98 303476
71.99 303518
72.00 303563
72.01 303606
72.02 303647
72.03 303689
72.04 303730
72.05 303770
72.06 303808
72.07 303846
72.08 303885
72.09 303926
72.10 303972
72.11 304009
72.12 304049
72.13 304094
72.14 304139
72.15 304187
72.16 304234
72.17 304282
72.18 304330
72.19 304376
72.20 304424
72.21 304471
72.22 304515
72.23 304557
72.24 304602
72.25 304644
72.26 304685
72.27 304726
72.28 304768
72.29 304808
72.30 304855
72.31 304901
72.32 304948
72.33 304992
72.34 305036
72.35 305083
72.36 305129
72.37 305169
72.38 305213
72.39 305260
72.40 305301
72.41 305342
72.42 305386
72.43 305426
72.44 305469
72.45 305510
72.46 305548
72.47 305587
72.48 305632
72.49 305676
72.50 305716
72.51 305754
72.52 305792
72.53 305833
72.54 305878
72.55 305922
72.56 305967
72.57 306008
72.58 306048
72.59 306089
72.60 306130
72.61 306170
72.62 306210
72.63 306249
72.64 306288
72.65 306320
72.66 306356
72.67 306392
72.68 306432
72.69 306476
72.70 306519
72.71 306560
72.72 306601
72.73 306640
72.74 306684
72.75 306728
72.76 306772
72.77 306820
72.78 306869
72.79 306917
72.80 306959
72.81 307002
72.82 307044
72.83 307091
72.84 307133
72.85 307173
72.86 307211
72.87 307251
72.88 307290
72.89 307330
72.90 307370
72.91 307413
72.92 307457
72.93 307503
72.94 307540
72.95 307579
72.96 307620
72.97 307659
72.98 307709
72.99 307758
73.00 307804
73.01 307851
73.02 307896
73.03 307944
73.04 307988
73.05 308031
73.06 308075
73.07 308118
73.08 308163
73.09 308206
73.10 308246
73.11 308285
73.12 308324
73.13 308367
73.14 308411
73.15 308459
73.16 308508
73.17 308555
73.18 308604
73.19 308655
73.20 308705
73.21 308755
73.22 308806
73.23 308851
73.24 308897
73.25 308945
73.26 308993
73.27 309039
73.28 309083
73.29 309130
73.30 309174
73.31 309218
73.32 309264
73.33 309308
73.34 309348
73.35 309392
73.36 309435
73.37 309483
73.38 309528
73.39 309570
73.40 309608
73.41 309649
73.42 309693
73.43 309739
73.44 309783
73.45 309828
73.46 309873
73.47 309919
73.48 309964
73.49 310007
73.50 310049
73.51 310089
73.52 310132
73.53 310174
73.54 310214
73.55 310253
73.56 310297
73.57 310338
73.58 310380
73.59 310419
73.60 310459
73.61 310496
73.62 310533
73.63 310569
73.64 310607
73.65 310647
73.66 310682
73.67 310721
73.68 310757
73.69 310791
73.70 310833
73.71 310875
73.72 310916
73.73 310957
73.74 310997
73.75 311043
73.76 311099
73.77 311151
73.78 311198
73.79 311249
73.80 311302
73.81 311351
73.82 311402
73.83 311453
73.84 311505
73.85 311555
73.86 311603
73.87 311652
73.88 311700
73.89 311749
73.90 311797
73.91 311845
73.92 311892
73.94 311939
73.95 311989
73.96 312034
73.97 312079
73.98 312124
73.99 312171
74.00 312215
74.01 312260
74.02 312303
74.03 312345
74.04 312387
74.05 312432
74.06 312473
74.07 312515
74.08 312559
74.09 312604
74.10 312650
74.11 312695
74.12 312740
74.13 312785
74.14 312834
74.15 312882
74.16 312928
74.17 312974
74.18 313014
74.19 313055
74.20 313101
74.21 313145
74.22 313191
74.23 313236
74.24 313284
74.25 313326
74.26 313370
74.27 313412
74.28 313452
74.29 313492
74.30 313534
74.31 313578
74.32 313618
74.33 313658
74.34 313700
74.35 313742
74.36 313782
74.37 313832
74.38 313880
74.39 313927
74.40 313972
74.41 314018
74.42 314062
74.43 314101
74.44 314142
74.45 314185
74.46 314222
74.47 314259
74.48 314303
74.49 314346
74.50 314384
74.51 314425
74.52 314463
74.53 314504
74.54 314551
74.55 314601
74.56 314647
74.57 314696
74.58 314743
74.59 314786
74.60 314833
74.61 314876
74.62 314921
74.63 314963
74.64 315005
74.65 315042
74.66 315082
74.67 315121
74.68 315158
74.69 315195
74.70 315234
74.71 315278
74.72 315316
74.73 315355
74.74 315391
74.75 315426
74.76 315463
74.77 315502
74.78 315539
74.79 315575
74.80 315608
74.81 315643
74.82 315680
74.83 315723
74.84 315763
74.85 315805
74.86 315854
74.87 315902
74.88 315954
74.89 316003
74.90 316049
74.91 316102
74.92 316155
74.93 316205
74.94 316258
74.95 316311
74.96 316362
74.97 316415
74.98 316467
74.99 316518
75.00 316573
75.01 316624
75.02 316674
75.03 316723
75.04 316776
75.05 316828
75.06 316876
75.07 316925
75.08 316978
75.09 317030
75.10 317080
75.11 317129
75.12 317177
75.13 317226
75.14 317275
75.15 317325
75.16 317375
75.17 317420
75.18 317468
75.19 317517
75.20 317565
75.21 317611
75.22 317658
75.23 317705
75.24 317749
75.25 317796
75.26 317844
75.27 317891
75.28 317936
75.29 317980
75.30 318028
75.31 318076
75.32 318120
75.33 318165
75.34 318206
75.35 318249
75.36 318292
75.37 318341
75.38 318384
75.39 318428
75.40 318470
75.41 318510
75.42 318554
75.43 318596
75.44 318641
75.45 318681
75.46 318721
75.47 318760
75.48 318802
75.49 318844
75.50 318884
75.51 318925
75.52 318964
75.53 319000
75.54 319038
75.55 319076
75.56 319113
75.57 319154
75.58 319194
75.59 319236
75.60 319272
75.61 319307
75.62 319347
75.63 319395
75.64 319437
75.65 319483
75.66 319534
75.67 319586
75.68 319637
75.69 319686
75.70 319733
75.71 319776
75.72 319824
75.73 319868
75.74 319917
75.75 319965
75.76 320013
75.77 320057
75.78 320103
75.79 320147
75.80 320192
75.81 320237
75.82 320281
75.83 320324
75.84 320367
75.85 320409
75.86 320449
75.87 320491
75.88 320531
75.89 320574
75.90 320616
75.91 320656
75.92 320698
75.93 320738
75.94 320777
75.95 320820
75.96 320862
75.97 320904
75.98 320944
75.99 320982
76.00 321021
76.01 321061
76.02 321104
76.03 321140
76.04 321177
76.05 321213
76.06 321252
76.07 321290
76.09 321330
76.10 321368
76.11 321406
76.12 321445
76.13 321481
76.14 321517
76.15 321554
76.16 321596
76.17 321631
76.18 321669
76.19 321706
76.20 321752
76.21 321790
76.22 321825
76.23 321859
76.24 321905
76.25 321959
76.26 322002
76.27 322044
76.28 322087
76.29 322135
76.30 322185
76.31 322223
76.32 322264
76.33 322314
76.34 322365
76.35 322405
76.36 322455
76.37 322505
76.38 322551
76.39 322601
76.40 322650
76.41 322699
76.42 322747
76.43 322796
76.44 322845
76.45 322895
76.46 322943
76.47 322988
76.48 323036
76.49 323084
76.50 323132
76.51 323181
76.52 323226
76.53 323271
76.54 323319
76.55 323361
76.56 323409
76.57 323457
76.58 323508
76.59 323552
76.60 323600
76.61 323644
76.62 323688
76.63 323732
76.64 323779
76.65 323826
76.66 323873
76.67 323917
76.68 323961
76.69 324007
76.70 324054
76.71 324099
76.72 324144
76.73 324188
76.74 324235
76.75 324280
76.76 324322
76.77 324369
76.78 324417
76.79 324466
76.80 324512
76.81 324561
76.82 324609
76.83 324655
76.84 324700
76.85 324745
76.86 324791
76.87 324838
76.88 324885
76.89 324930
76.90 324977
76.91 325019
76.92 325060
76.93 325104
76.94 325151
76.95 325192
76.96 325234
76.97 325280
76.98 325323
76.99 325367
77.00 325409
77.01 325455
77.02 325500
77.03 325548
77.04 325596
77.05 325641
77.06 325681
77.07 325721
77.08 325761
77.09 325806
77.10 325848
77.11 325892
77.12 325935
77.13 325978
77.14 326022
77.15 326073
77.16 326121
77.17 326166
77.18 326210
77.19 326255
77.20 326302
77.21 326350
77.22 326395
77.23 326439
77.24 326481
77.25 326524
77.26 326569
77.27 326613
77.28 326655
77.29 326698
77.30 326738
77.31 326783
77.32 326825
77.33 326870
77.34 326914
77.35 326956
77.36 326996
77.37 327038
77.38 327080
77.39 327122
77.40 327164
77.41 327207
77.42 327246
77.43 327286
77.44 327328
77.45 327365
77.46 327406
77.47 327445
77.48 327484
77.49 327520
77.50 327562
77.51 327599
77.52 327638
77.53 327675
77.54 327711
77.55 327746
77.56 327786
77.57 327825
77.58 327872
77.59 327917
77.60 327966
77.61 328015
77.62 328067
77.63 328118
77.64 328167
77.65 328215
77.66 328263
77.67 328309
77.68 328356
77.69 328402
77.70 328452
77.71 328498
77.72 328549
77.73 328597
77.74 328646
77.75 328693
77.76 328741
77.77 328789
77.78 328835
77.79 328879
77.80 328923
77.81 328969
77.82 329013
77.83 329060
77.84 329104
77.85 329147
77.86 329190
77.87 329230
77.88 329273
77.89 329314
77.90 329355
77.91 329402
77.92 329448
77.93 329494
77.94 329537
77.95 329582
77.96 329627
77.97 329669
77.98 329711
77.99 329753
78.00 329798
78.01 329842
78.02 329885
78.03 329926
78.04 329970
78.05 330014
78.06 330055
78.07 330100
78.08 330144
78.09 330188
78.10 330230
78.11 330272
78.12 330317
78.13 330358
78.14 330398
78.15 330442
78.16 330484
78.17 330528
78.18 330569
78.19 330612
78.20 330652
78.21 330692
78.23 330733
78.24 330774
78.25 330813
78.26 330851
78.27 330890
78.28 330928
78.29 330966
78.30 331006
78.31 331046
78.32 331086
78.33 331124
78.34 331162
78.35 331200
78.36 331236
78.37 331279
78.38 331314
78.39 331352
78.40 331391
78.41 331432
78.42 331471
78.43 331505
78.44 331543
78.45 331579
78.46 331619
78.47 331652
78.48 331692
78.49 331728
78.50 331766
78.51 331802
78.52 331846
78.53 331887
78.54 331926
78.55 331964
78.56 332000
78.57 332042
78.58 332082
78.59 332122
78.60 332160
78.61 332195
78.62 332234
78.63 332283
78.64 332331
78.65 332373
78.66 332414
78.67 332462
78.68 332507
78.69 332554
78.70 332601
78.71 332648
78.72 332694
78.73 332740
78.74 332787
78.75 332830
78.76 332875
78.77 332921
78.78 332965
78.79 333008
78.80 333054
78.81 333098
78.82 333143
78.83 333188
78.84 333232
78.85 333276
78.86 333319
78.87 333361
78.88 333405
78.89 333446
78.90 333488
78.91 333528
78.92 333568
78.93 333612
78.94 333654
78.95 333692
78.96 333733
78.97 333776
78.98 333818
78.99 333856
79.00 333896
79.01 333937
79.02 333977
79.03 334016
79.04 334055
79.05 334095
79.06 334136
79.07 334178
79.08 334217
79.09 334265
79.10 334315
79.11 334355
79.12 334396
79.13 334441
79.14 334486
79.15 334527
79.16 334571
79.17 334612
79.18 334654
79.19 334701
79.20 334746
79.21 334790
79.22 334836
79.23 334882
79.24 334930
79.25 334979
79.26 335027
79.27 335069
79.28 335114
79.29 335157
79.30 335204
79.31 335251
79.32 335298
79.33 335347
79.34 335393
79.35 335436
79.36 335487
79.37 335533
79.38 335574
79.39 335623
79.40 335671
79.41 335722
79.42 335766
79.43 335806
79.44 335848
79.45 335896
79.46 335947
79.47 335995
79.48 336044
79.49 336088
79.50 336127
79.51 336165
79.52 336207
79.53 336253
79.54 336303
79.55 336345
79.56 336385
79.57 336424
79.58 336465
79.59 336510
79.60 336556
79.61 336595
79.62 336636
79.63 336683
79.64 336728
79.65 336776
79.66 336822
79.67 336867
79.68 336914
79.69 336954
79.70 336992
79.71 337038
79.72 337085
79.73 337133
79.74 337180
79.75 337223
79.76 337269
79.77 337315
79.78 337361
79.79 337404
79.80 337450
79.81 337493
79.82 337533
79.83 337576
79.84 337624
79.85 337670
79.86 337713
79.87 337757
79.88 337796
79.89 337841
79.90 337882
79.91 337926
79.92 337970
79.93 338010
79.94 338054
79.95 338097
79.96 338140
79.97 338183
79.98 338220
79.99 338264
80.00 338309
80.01 338353
80.02 338394
80.03 338436
80.04 338479
80.05 338521
80.06 338565
80.07 338603
80.08 338645
80.09 338685
80.10 338725
80.11 338764
80.12 338805
80.13 338845
80.14 338887
80.15 338923
80.16 338964
80.17 339005
80.18 339044
80.19 339084
80.20 339121
80.21 339164
80.22 339201
80.23 339242
80.24 339280
80.25 339318
80.26 339359
80.27 339403
80.28 339451
80.29 339501
80.30 339548
80.31 339591
80.32 339636
80.33 339682
80.34 339728
80.35 339775
80.37 339815
80.38 339856
80.39 339899
80.40 339941
80.41 339982
80.42 340028
80.43 340068
80.44 340109
80.45 340148
80.46 340192
80.47 340231
80.48 340273
80.49 340317
80.50 340360
80.51 340398
80.52 340439
80.53 340478
80.54 340518
80.55 340557
80.56 340597
80.57 340639
80.58 340675
80.59 340715
80.60 340761
80.61 340805
80.62 340849
80.63 340889
80.64 340930
80.65 340972
80.66 341018
80.67 341062
80.68 341106
80.69 341146
80.70 341188
80.71 341230
80.72 341271
80.73 341310
80.74 341352
80.75 341399
80.76 341438
80.77 341478
80.78 341520
80.79 341559
80.80 341601
80.81 341643
80.82 341682
80.83 341725
80.84 341766
80.85 341802
80.86 341844
80.87 341886
80.88 341924
80.89 341965
80.90 342003
80.91 342042
80.92 342078
80.93 342119
80.94 342165
80.95 342209
80.96 342250
80.97 342289
80.98 342331
80.99 342375
81.00 342417
81.01 342463
81.02 342504
81.03 342548
81.04 342591
81.05 342637
81.06 342684
81.07 342724
81.08 342767
81.09 342812
81.10 342852
81.11 342897
81.12 342939
81.13 342981
81.14 343029
81.15 343077
81.16 343118
81.17 343163
81.18 343210
81.19 343258
81.20 343304
81.21 343350
81.22 343395
81.23 343431
81.24 343470
81.25 343514
81.26 343559
81.27 343600
81.28 343642
81.29 343690
81.30 343730
81.31 343769
81.32 343811
81.33 343852
81.34 343896
81.35 343937
81.36 343974
81.37 344015
81.38 344055
81.39 344094
81.40 344135
81.41 344173
81.42 344208
81.43 344245
81.44 344280
81.45 344327
81.46 344371
81.47 344413
81.48 344454
81.49 344498
81.50 344547
81.51 344595
81.52 344637
81.53 344684
81.54 344733
81.55 344782
81.56 344825
81.57 344866
81.58 344914
81.59 344963
81.60 345008
81.61 345050
81.62 345097
81.63 345144
81.64 345192
81.65 345238
81.66 345285
81.67 345329
81.68 345376
81.69 345423
81.70 345469
81.71 345513
81.72 345555
81.73 345598
81.74 345646
81.75 345691
81.76 345739
81.77 345783
81.78 345825
81.79 345870
81.80 345914
81.81 345959
81.82 345999
81.83 346042
81.84 346087
81.85 346133
81.86 346179
81.87 346223
81.88 346262
81.89 346306
81.90 346347
81.91 346389
81.92 346432
81.93 346471
81.94 346512
81.95 346552
81.96 346596
81.97 346638
81.98 346676
81.99 346717
82.00 346761
82.01 346805
82.02 346850
82.03 346892
82.04 346932
82.05 346972
82.06 347013
82.07 347060
82.08 347104
82.09 347146
82.10 347184
82.11 347223
82.12 347265
82.13 347308
82.14 347344
82.15 347381
82.16 347421
82.17 347466
82.18 347505
82.19 347546
82.20 347590
82.21 347631
82.22 347675
82.23 347719
82.24 347757
82.25 347802
82.26 347848
82.27 347892
82.28 347933
82.29 347968
82.30 348009
82.31 348052
82.32 348087
82.33 348126
82.34 348167
82.35 348210
82.36 348252
82.37 348291
82.38 348331
82.39 348370
82.40 348413
82.41 348452
82.42 348495
82.43 348543
82.44 348587
82.45 348631
82.46 348674
82.47 348719
82.48 348765
82.49 348812
82.50 348857
82.52 348897
82.53 348940
82.54 348984
82.55 349024
82.56 349062
82.57 349105
82.58 349148
82.59 349190
82.60 349230
82.61 349277
82.62 349323
82.63 349367
82.64 349414
82.65 349456
82.66 349502
82.67 349547
82.68 349594
82.69 349638
82.70 349681
82.71 349723
82.72 349767
82.73 349811
82.74 349854
82.75 349897
82.76 349943
82.77 349987
82.78 350028
82.79 350072
82.80 350118
82.81 350161
82.82 350205
82.83 350251
82.84 350299
82.85 350347
82.86 350391
82.87 350431
82.88 350472
82.89 350515
82.90 350556
82.91 350597
82.92 350635
82.93 350675
82.94 350715
82.95 350754
82.96 350797
82.97 350833
82.98 350871
82.99 350913
83.00 350952
83.01 350995
83.02 351036
83.03 351077
83.04 351116
83.05 351159
83.06 351201
83.07 351244
83.08 351282
83.09 351320
83.10 351361
83.11 351402
83.12 351442
83.13 351481
83.14 351522
83.15 351561
83.16 351602
83.17 351638
83.18 351678
83.19 351721
83.20 351762
83.21 351800
83.22 351836
83.23 351872
83.24 351912
83.25 351951
83.26 351990
83.27 352032
83.28 352068
83.29 352104
83.30 352144
83.31 352185
83.32 352220
83.33 352257
83.34 352294
83.35 352332
83.36 352372
83.37 352406
83.38 352441
83.39 352476
83.40 352514
83.41 352552
83.42 352587
83.43 352620
83.44 352658
83.45 352694
83.46 352735
83.47 352770
83.48 352805
83.49 352839
83.50 352876
83.51 352914
83.52 352950
83.53 352992
83.54 353025
83.55 353057
83.56 353090
83.57 353128
83.58 353165
83.59 353197
83.60 353232
83.61 353268
83.62 353308
83.63 353340
83.64 353372
83.65 353411
83.66 353443
83.67 353474
83.68 353514
83.69 353558
83.70 353598
83.71 353632
83.72 353673
83.73 353714
83.74 353754
83.75 353791
83.76 353836
83.77 353883
83.78 353921
83.79 353962
83.80 354003
83.81 354040
83.82 354079
83.83 354119
83.84 354160
83.85 354203
83.86 354244
83.87 354285
83.88 354325
83.89 354367
83.90 354408
83.91 354451
83.92 354491
83.93 354529
83.94 354571
83.95 354612
83.96 354654
83.97 354696
83.98 354736
83.99 354775
84.00 354816
84.01 354857
84.02 354900
84.03 354940
84.04 354978
84.05 355016
84.06 355058
84.07 355097
84.08 355135
84.09 355175
84.10 355211
84.11 355253
84.12 355294
84.13 355330
84.14 355367
84.15 355402
84.16 355437
84.17 355479
84.18 355515
84.19 355552
84.20 355591
84.21 355635
84.22 355673
84.23 355711
84.24 355751
84.25 355788
84.26 355825
84.27 355864
84.28 355903
84.29 355940
84.30 355973
84.31 356011
84.32 356050
84.33 356091
84.34 356124
84.35 356160
84.36 356196
84.37 356232
84.38 356270
84.39 356312
84.40 356354
84.41 356388
84.42 356423
84.43 356455
84.44 356489
84.45 356524
84.46 356561
84.47 356598
84.48 356631
84.49 356670
84.50 356708
84.51 356744
84.52 356779
84.53 356813
84.54 356849
84.55 356886
84.56 356920
84.57 356955
84.58 356990
84.59 357019
84.60 357057
84.61 357093
84.62 357131
84.63 357166
84.64 357198
84.66 357231
84.67 357266
84.68 357301
84.69 357337
84.70 357386
84.71 357439
84.72 357492
84.73 357541
84.74 357595
84.75 357646
84.76 357698
84.77 357748
84.78 357803
84.79 357853
84.80 357900
84.81 357949
84.82 357998
84.83 358050
84.84 358102
84.85 358151
84.86 358202
84.87 358254
84.88 358303
84.89 358354
84.90 358402
84.91 358453
84.92 358501
84.93 358549
84.94 358599
84.95 358649
84.96 358697
84.97 358744
84.98 358795
84.99 358842
85.00 358889
85.01 358937
85.02 358986
85.03 359031
85.04 359077
85.05 359127
85.06 359175
85.07 359224
85.08 359273
85.09 359321
85.10 359370
85.11 359419
85.12 359467
85.13 359512
85.14 359561
85.15 359612
85.16 359661
85.17 359709
85.18 359756
85.19 359804
85.20 359850
85.21 359898
85.22 359942
85.23 359989
85.24 360038
85.25 360087
85.26 360133
85.27 360179
85.28 360225
85.29 360272
85.30 360320
85.31 360367
85.32 360413
85.33 360457
85.34 360502
85.35 360550
85.36 360596
85.37 360644
85.38 360689
85.39 360738
85.40 360784
85.41 360828
85.42 360873
85.43 360923
85.44 360969
85.45 361013
85.46 361056
85.47 361103
85.48 361151
85.49 361198
85.50 361242
85.51 361288
85.52 361332
85.53 361379
85.54 361427
85.55 361469
85.56 361514
85.57 361562
85.58 361608
85.59 361655
85.60 361698
85.61 361746
85.62 361794
85.63 361838
85.64 361883
85.65 361926
85.66 361970
85.67 362016
85.68 362062
85.69 362104
85.70 362147
85.71 362194
85.72 362238
85.73 362282
85.74 362327
85.75 362371
85.76 362417
85.77 362460
85.78 362504
85.79 362544
85.80 362583
85.81 362628
85.82 362670
85.83 362716
85.84 362759
85.85 362800
85.86 362842
85.87 362886
85.88 362931
85.89 362973
85.90 363016
85.91 363060
85.92 363103
85.93 363145
85.94 363186
85.95 363227
85.96 363272
85.97 363315
85.98 363357
85.99 363399
86.00 363442
86.01 363486
86.02 363529
86.03 363571
86.04 363611
86.05 363652
86.06 363693
86.07 363734
86.08 363776
86.09 363817
86.10 363856
86.11 363900
86.12 363946
86.13 363985
86.14 364025
86.15 364066
86.16 364108
86.17 364149
86.18 364189
86.19 364228
86.20 364272
86.21 364312
86.22 364356
86.23 364398
86.24 364438
86.25 364477
86.26 364518
86.27 364555
86.28 364597
86.29 364639
86.30 364676
86.31 364714
86.32 364759
86.33 364801
86.34 364847
86.35 364893
86.36 364937
86.37 364983
86.38 365027
86.39 365071
86.40 365118
86.41 365164
86.42 365209
86.43 365250
86.44 365294
86.45 365339
86.46 365385
86.47 365429
86.48 365473
86.49 365516
86.50 365560
86.51 365603
86.52 365647
86.53 365690
86.54 365732
86.55 365773
86.56 365815
86.57 365861
86.58 365902
86.59 365944
86.60 365987
86.61 366026
86.62 366068
86.63 366108
86.64 366150
86.65 366189
86.66 366234
86.67 366273
86.68 366313
86.69 366353
86.70 366393
86.71 366429
86.72 366473
86.73 366519
86.74 366563
86.75 366605
86.76 366645
86.77 366688
86.78 366731
86.80 366775
86.81 366817
86.82 366859
86.83 366902
86.84 366941
86.85 366981
86.86 367021
86.87 367059
86.88 367097
86.89 367135
86.90 367178
86.91 367218
86.92 367257
86.93 367294
86.94 367333
86.95 367371
86.96 367409
86.97 367449
86.98 367490
86.99 367530
87.00 367567
87.01 367603
87.02 367642
87.03 367678
87.04 367723
87.05 367759
87.06 367794
87.07 367833
87.08 367869
87.09 367910
87.10 367952
87.11 367990
87.12 368030
87.13 368069
87.14 368106
87.15 368145
87.16 368184
87.17 368221
87.18 368260
87.19 368297
87.20 368336
87.21 368373
87.22 368413
87.23 368450
87.24 368487
87.25 368526
87.26 368566
87.27 368606
87.28 368645
87.29 368683
87.30 368725
87.31 368768
87.32 368809
87.33 368845
87.34 368882
87.35 368918
87.36 368957
87.37 368993
87.38 369030
87.39 369066
87.40 369104
87.41 369142
87.42 369182
87.43 369221
87.44 369259
87.45 369300
87.46 369337
87.47 369376
87.48 369414
87.49 369451
87.50 369487
87.51 369525
87.52 369562
87.53 369600
87.54 369641
87.55 369683
87.56 369719
87.57 369755
87.58 369792
87.59 369829
87.60 369866
87.61 369905
87.62 369943
87.63 369979
87.64 370017
87.65 370055
87.66 370093
87.67 370131
87.68 370170
87.69 370207
87.70 370242
87.71 370281
87.72 370320
87.73 370356
87.74 370396
87.75 370435
87.76 370472
87.77 370511
87.78 370549
87.79 370587
87.80 370624
87.81 370665
87.82 370703
87.83 370740
87.84 370780
87.85 370819
87.86 370857
87.87 370896
87.88 370935
87.89 370976
87.90 371017
87.91 371059
87.92 371101
87.93 371142
87.94 371181
87.95 371217
87.96 371255
87.97 371293
87.98 371333
87.99 371371
88.00 371408
88.01 371446
88.02 371485
88.03 371526
88.04 371565
88.05 371603
88.06 371642
88.07 371681
88.08 371719
88.09 371756
88.10 371797
88.11 371834
88.12 371871
88.13 371910
88.14 371949
88.15 371986
88.16 372023
88.17 372061
88.18 372101
88.19 372142
88.20 372183
88.21 372219
88.22 372257
88.23 372294
88.24 372333
88.25 372370
88.26 372407
88.27 372452
88.28 372494
88.29 372533
88.30 372572
88.31 372611
88.32 372648
88.33 372688
88.34 372728
88.35 372766
88.36 372802
88.37 372840
88.38 372877
88.39 372915
88.40 372955
88.41 372993
88.42 373032
88.43 373069
88.44 373108
88.45 373146
88.46 373185
88.47 373226
88.48 373267
88.49 373308
88.50 373351
88.51 373392
88.52 373432
88.53 373472
88.54 373509
88.55 373546
88.56 373586
88.57 373624
88.58 373663
88.59 373702
88.60 373739
88.61 373778
88.62 373817
88.63 373855
88.64 373895
88.65 373933
88.66 373974
88.67 374012
88.68 374048
88.69 374088
88.70 374127
88.71 374168
88.72 374205
88.73 374241
88.74 374278
88.75 374317
88.76 374356
88.77 374394
88.78 374433
88.79 374471
88.80 374506
88.81 374549
88.82 374586
88.83 374623
88.84 374660
88.85 374703
88.86 374742
88.87 374780
88.88 374817
88.89 374855
88.90 374894
88.91 374930
88.92 374970
88.94 375009
88.95 375047
88.96 375085
88.97 375122
88.98 375160
88.99 375199
89.00 375236
89.01 375277
89.02 375314
89.03 375354
89.04 375392
89.05 375429
89.06 375470
89.07 375507
89.08 375543
89.09 375582
89.10 375625
89.11 375662
89.12 375703
89.13 375742
89.14 375777
89.15 375815
89.16 375855
89.17 375899
89.18 375937
89.19 375976
89.20 376014
89.21 376050
89.22 376089
89.23 376125
89.24 376161
89.25 376198
89.26 376236
89.27 376275
89.28 376312
89.29 376353
89.30 376391
89.31 376427
89.32 376468
89.33 376506
89.34 376545
89.35 376585
89.36 376623
89.37 376662
89.38 376699
89.39 376735
89.40 376773
89.41 376813
89.42 376853
89.43 376891
89.44 376928
89.45 376966
89.46 377002
89.47 377041
89.48 377083
89.49 377124
89.50 377166
89.51 377205
89.52 377242
89.53 377278
89.54 377317
89.55 377354
89.56 377394
89.57 377433
89.58 377472
89.59 377509
89.60 377547
89.61 377583
89.62 377620
89.63 377659
89.64 377695
89.65 377733
89.66 377769
89.67 377806
89.68 377843
89.69 377882
89.70 377919
89.71 377955
89.72 377992
89.73 378031
89.74 378068
89.75 378106
89.76 378143
89.77 378184
89.78 378226
89.79 378267
89.80 378307
89.81 378349
89.82 378392
89.83 378430
89.84 378475
89.85 378516
89.86 378550
89.87 378595
89.88 378635
89.89 378672
89.90 378710
89.91 378748
89.92 378787
89.93 378825
89.94 378863
89.95 378900
89.96 378937
89.97 378977
89.98 379016
89.99 379054
90.00 379092
90.01 379131
90.02 379171
90.03 379207
90.04 379245
90.05 379281
90.06 379319
90.07 379360
90.08 379399
90.09 379438
90.10 379479
90.11 379517
90.12 379557
90.13 379596
90.14 379634
90.15 379669
90.16 379708
90.17 379746
90.18 379783
90.19 379822
90.20 379862
90.21 379901
90.22 379938
90.23 379972
90.24 380010
90.25 380048
90.26 380090
90.27 380127
90.28 380164
90.29 380200
90.30 380239
90.31 380279
90.32 380319
90.33 380356
90.34 380392
90.35 380428
90.36 380467
90.37 380504
90.38 380544
90.39 380585
90.40 380624
90.41 380660
90.42 380697
90.43 380734
90.44 380774
90.45 380818
90.46 380855
90.47 380890
90.48 380926
90.49 380963
90.50 381001
90.51 381041
90.52 381078
90.53 381116
90.54 381152
90.55 381190
90.56 381228
90.57 381271
90.58 381309
90.59 381345
90.60 381382
90.61 381421
90.62 381458
90.63 381497
90.64 381536
90.65 381573
90.66 381611
90.67 381648
90.68 381689
90.69 381725
90.70 381760
90.71 381798
90.72 381834
90.73 381873
90.74 381911
90.75 381947
90.76 381982
90.77 382018
90.78 382057
90.79 382097
90.80 382134
90.81 382172
90.82 382212
90.83 382250
90.84 382290
90.85 382326
90.86 382360
90.87 382398
90.88 382434
90.89 382469
90.90 382507
90.91 382547
90.92 382587
90.93 382624
90.94 382662
90.95 382697
90.96 382736
90.97 382774
90.98 382809
90.99 382848
91.00 382884
91.01 382921
91.02 382958
91.03 382994
91.04 383033
91.05 383070
91.06 383106
91.07 383144
91.09 383185
91.10 383227
91.11 383267
91.12 383305
91.13 383343
91.14 383380
91.15 383417
91.16 383455
91.17 383497
91.18 383534
91.19 383573
91.20 383611
91.21 383648
91.22 383685
91.23 383724
91.24 383762
91.25 383799
91.26 383837
91.27 383877
91.28 383917
91.29 383955
91.30 383992
91.31 384031
91.32 384070
91.33 384107
91.34 384143
91.35 384181
91.36 384216
91.37 384253
91.38 384289
91.39 384325
91.40 384360
91.41 384398
91.42 384437
91.43 384478
91.44 384514
91.45 384552
91.46 384589
91.47 384626
91.48 384662
91.49 384702
91.50 384741
91.51 384777
91.52 384813
91.53 384849
91.54 384888
91.55 384931
91.56 384967
91.57 385004
91.58 385040
91.59 385080
91.60 385117
91.61 385154
91.62 385192
91.63 385226
91.64 385263
91.65 385302
91.66 385339
91.67 385376
91.68 385413
91.69 385452
91.70 385488
91.71 385527
91.72 385569
91.73 385605
91.74 385643
91.75 385681
91.76 385719
91.77 385758
91.78 385796
91.79 385832
91.80 385870
91.81 385908
91.82 385944
91.83 385980
91.84 386019
91.85 386059
91.86 386094
91.87 386132
91.88 386170
91.89 386205
91.90 386243
91.91 386282
91.92 386318
91.93 386354
91.94 386393
91.95 386433
91.96 386470
91.97 386508
91.98 386547
91.99 386587
92.00 386623
92.01 386661
92.02 386698
92.03 386736
92.04 386772
92.05 386811
92.06 386847
92.07 386883
92.08 386921
92.09 386957
92.10 386992
92.11 387030
92.12 387065
92.13 387103
92.14 387143
92.15 387185
92.16 387229
92.17 387271
92.18 387313
92.19 387356
92.20 387395
92.21 387435
92.22 387475
92.23 387512
92.24 387550
92.25 387586
92.26 387622
92.27 387658
92.28 387696
92.29 387734
92.30 387773
92.31 387810
92.32 387846
92.33 387880
92.34 387917
92.35 387954
92.36 387991
92.37 388031
92.38 388070
92.39 388107
92.40 388147
92.41 388187
92.42 388223
92.43 388261
92.44 388301
92.45 388338
92.46 388374
92.47 388415
92.48 388453
92.49 388490
92.50 388526
92.51 388563
92.52 388601
92.53 388638
92.54 388674
92.55 388711
92.56 388747
92.57 388783
92.58 388822
92.59 388859
92.60 388896
92.61 388931
92.62 388968
92.63 389005
92.64 389048
92.65 389088
92.66 389125
92.67 389163
92.68 389199
92.69 389236
92.70 389275
92.71 389313
92.72 389351
92.73 389388
92.74 389428
92.75 389466
92.76 389505
92.77 389543
92.78 389584
92.79 389622
92.80 389659
92.81 389701
92.82 389745
92.83 389786
92.84 389830
92.85 389875
92.86 389919
92.87 389958
92.88 389997
92.89 390037
92.90 390073
92.91 390113
92.92 390148
92.93 390187
92.94 390228
92.95 390267
92.96 390303
92.97 390341
92.98 390376
92.99 390414
93.00 390451
93.01 390484
93.02 390523
93.03 390558
93.04 390597
93.05 390635
93.06 390675
93.07 390715
93.08 390751
93.09 390790
93.10 390827
93.11 390863
93.12 390899
93.13 390935
93.14 390973
93.15 391011
93.16 391048
93.17 391083
93.18 391120
93.19 391157
93.20 391194
93.21 391234
93.23 391269
93.24 391305
93.25 391342
93.26 391381
93.27 391418
93.28 391455
93.29 391490
93.30 391529
93.31 391565
93.32 391606
93.33 391642
93.34 391679
93.35 391713
93.36 391752
93.37 391788
93.38 391823
93.39 391859
93.40 391895
93.41 391932
93.42 391970
93.43 392008
93.44 392044
93.45 392081
93.46 392118
93.47 392154
93.48 392191
93.49 392226
93.50 392261
93.51 392297
93.52 392333
93.53 392372
93.54 392410
93.55 392448
93.56 392484
93.57 392523
93.58 392557
93.59 392592
93.60 392631
93.61 392670
93.62 392707
93.63 392746
93.64 392785
93.65 392822
93.66 392861
93.67 392898
93.68 392935
93.69 392971
93.70 393007
93.71 393045
93.72 393084
93.73 393123
93.74 393163
93.75 393202
93.76 393240
93.77 393276
93.78 393312
93.79 393350
93.80 393388
93.81 393426
93.82 393463
93.83 393502
93.84 393540
93.85 393577
93.86 393615
93.87 393654
93.88 393692
93.89 393729
93.90 393770
93.91 393809
93.92 393843
93.93 393883
93.94 393919
93.95 393960
93.96 393999
93.97 394037
93.98 394076
93.99 394117
94.00 394158
94.01 394197
94.02 394236
94.03 394273
94.04 394311
94.05 394351
94.06 394391
94.07 394430
94.08 394469
94.09 394508
94.10 394545
94.11 394589
94.12 394630
94.13 394670
94.14 394709
94.15 394749
94.16 394793
94.17 394836
94.18 394879
94.19 394920
94.20 394959
94.21 394999
94.22 395039
94.23 395081
94.24 395122
94.25 395161
94.26 395197
94.27 395237
94.28 395274
94.29 395314
94.30 395350
94.31 395389
94.32 395425
94.33 395463
94.34 395500
94.35 395538
94.36 395578
94.37 395620
94.38 395657
94.39 395694
94.40 395734
94.41 395770
94.42 395809
94.43 395847
94.44 395884
94.45 395923
94.46 395957
94.47 395995
94.48 396034
94.49 396074
94.50 396114
94.51 396154
94.52 396191
94.53 396228
94.54 396265
94.55 396301
94.56 396337
94.57 396373
94.58 396409
94.59 396447
94.60 396485
94.61 396522
94.62 396561
94.63 396598
94.64 396632
94.65 396671
94.66 396711
94.67 396751
94.68 396792
94.69 396835
94.70 396879
94.71 396921
94.72 396964
94.73 397003
94.74 397041
94.75 397077
94.76 397112
94.77 397148
94.78 397185
94.79 397222
94.80 397257
94.81 397296
94.82 397339
94.83 397380
94.84 397417
94.85 397453
94.86 397492
94.87 397529
94.88 397565
94.89 397602
94.90 397639
94.91 397677
94.92 397714
94.93 397751
94.94 397786
94.95 397819
94.96 397856
94.97 397893
94.98 397937
94.99 397977
95.00 398014
95.01 398052
95.02 398093
95.03 398134
95.04 398176
95.05 398214
95.06 398250
95.07 398289
95.08 398328
95.09 398366
95.10 398405
95.11 398440
95.12 398474
95.13 398509
95.14 398544
95.15 398579
95.16 398614
95.17 398651
95.18 398690
95.19 398726
95.20 398762
95.21 398798
95.22 398835
95.23 398872
95.24 398908
95.25 398944
95.26 398978
95.27 399016
95.28 399052
95.29 399089
95.30 399123
95.31 399159
95.32 399192
95.33 399229
95.34 399265
95.35 399299
95.37 399335
95.38 399371
95.39 399408
95.40 399446
95.41 399485
95.42 399520
95.43 399559
95.44 399595
95.45 399635
95.46 399674
95.47 399712
95.48 399752
95.49 399789
95.50 399827
95.51 399868
95.52 399908
95.53 399948
95.54 399987
95.55 400025
95.56 400064
95.57 400104
95.58 400144
95.59 400183
95.60 400224
95.61 400265
95.62 400304
95.63 400342
95.64 400380
95.65 400418
95.66 400459
95.67 400499
95.68 400539
95.69 400579
95.70 400619
95.71 400657
95.72 400698
95.73 400740
95.74 400778
95.75 400816
95.76 400858
95.77 400898
95.78 400938
95.79 400975
95.80 401014
95.81 401052
95.82 401090
95.83 401128
95.84 401167
95.85 401205
95.86 401246
95.87 401283
95.88 401323
95.89 401361
95.90 401405
95.91 401441
95.92 401477
95.93 401519
95.94 401558
95.95 401595
95.96 401630
95.97 401671
95.98 401710
95.99 401753
96.00 401789
96.01 401826
96.02 401869
96.03 401903
96.04 401941
96.05 401979
96.06 402021
96.07 402060
96.08 402101
96.09 402141
96.10 402180
96.11 402219
96.12 402260
96.13 402300
96.14 402338
96.15 402379
96.16 402417
96.17 402456
96.18 402496
96.19 402533
96.20 402574
96.21 402615
96.22 402653
96.23 402694
96.24 402731
96.25 402772
96.26 402808
96.27 402844
96.28 402882
96.29 402919
96.30 402962
96.31 402999
96.32 403036
96.33 403076
96.34 403113
96.35 403148
96.36 403188
96.37 403223
96.38 403263
96.39 403297
96.40 403335
96.41 403373
96.42 403412
96.43 403454
96.44 403493
96.45 403530
96.46 403570
96.47 403609
96.48 403645
96.49 403689
96.50 403727
96.51 403764
96.52 403802
96.53 403840
96.54 403873
96.55 403908
96.56 403948
96.57 403987
96.58 404027
96.59 404064
96.60 404101
96.61 404140
96.62 404184
96.63 404224
96.64 404263
96.65 404302
96.66 404342
96.67 404380
96.68 404418
96.69 404458
96.70 404495
96.71 404533
96.72 404571
96.73 404609
96.74 404648
96.75 404685
96.76 404723
96.77 404762
96.78 404799
96.79 404839
96.80 404880
96.81 404919
96.82 404956
96.83 404995
96.84 405032
96.85 405069
96.86 405108
96.87 405147
96.88 405186
96.89 405223
96.90 405260
96.91 405300
96.92 405340
96.93 405378
96.94 405416
96.95 405452
96.96 405493
96.97 405534
96.98 405572
96.99 405613
97.00 405652
97.01 405691
97.02 405728
97.03 405768
97.04 405808
97.05 405845
97.06 405881
97.07 405919
97.08 405958
97.09 405998
97.10 406037
97.11 406074
97.12 406113
97.13 406148
97.14 406189
97.15 406227
97.16 406265
97.17 406304
97.18 406343
97.19 406385
97.20 406423
97.21 406460
97.22 406499
97.23 406537
97.24 406575
97.25 406614
97.26 406653
97.27 406694
97.28 406733
97.29 406771
97.30 406807
97.31 406846
97.32 406883
97.33 406922
97.34 406961
97.35 407001
97.36 407039
97.37 407080
97.38 407117
97.39 407157
97.40 407197
97.41 407236
97.42 407275
97.43 407313
97.44 407355
97.45 407395
97.46 407439
97.47 407477
97.48 407517
97.49 407554
97.50 407591
97.52 407628
97.53 407665
97.54 407702
97.55 407740
97.56 407783
97.57 407820
97.58 407859
97.59 407894
97.60 407931
97.61 407969
97.62 408007
97.63 408044
97.64 408079
97.65 408118
97.66 408155
97.67 408193
97.68 408230
97.69 408266
97.70 408306
97.71 408342
97.72 408377
97.73 408416
97.74 408456
97.75 408493
97.76 408533
97.77 408570
97.78 408605
97.79 408645
97.80 408682
97.81 408717
97.82 408754
97.83 408791
97.84 408826
97.85 408863
97.86 408899
97.87 408936
97.88 408971
97.89 409010
97.90 409047
97.91 409084
97.92 409118
97.93 409154
97.94 409191
97.95 409231
97.96 409270
97.97 409309
97.98 409348
97.99 409385
98.00 409425
98.01 409461
98.02 409500
98.03 409537
98.04 409575
98.05 409615
98.06 409654
98.07 409693
98.08 409731
98.09 409769
98.10 409806
98.11 409843
98.12 409881
98.13 409921
98.14 409959
98.15 409996
98.16 410034
98.17 410072
98.18 410108
98.19 410147
98.20 410184
98.21 410223
98.22 410259
98.23 410299
98.24 410337
98.25 410380
98.26 410422
98.27 410460
98.28 410499
98.29 410540
98.30 410578
98.31 410616
98.32 410653
98.33 410691
98.34 410730
98.35 410768
98.36 410803
98.37 410842
98.38 410880
98.39 410920
98.40 410959
98.41 411000
98.42 411041
98.43 411078
98.44 411119
98.45 411157
98.46 411196
98.47 411233
98.48 411269
98.49 411307
98.50 411343
98.51 411380
98.52 411418
98.53 411456
98.54 411494
98.55 411533
98.56 411572
98.57 411609
98.58 411646
98.59 411684
98.60 411722
98.61 411759
98.62 411799
98.63 411837
98.64 411881
98.65 411919
98.66 411958
98.67 411997
98.68 412036
98.69 412074
98.70 412112
98.71 412150
98.72 412191
98.73 412226
98.74 412268
98.75 412305
98.76 412344
98.77 412381
98.78 412419
98.79 412453
98.80 412494
98.81 412534
98.82 412571
98.83 412610
98.84 412648
98.85 412685
98.86 412724
98.87 412761
98.88 412800
98.89 412837
98.90 412876
98.91 412916
98.92 412953
98.93 412988
98.94 413027
98.95 413067
98.96 413106
98.97 413141
98.98 413180
98.99 413221
99.00 413261
99.01 413299
99.02 413334
99.03 413376
99.04 413415
99.05 413451
99.06 413489
99.07 413530
99.08 413567
99.09 413604
99.10 413642
99.11 413678
99.12 413719
99.13 413754
99.14 413788
99.15 413830
99.16 413866
99.17 413901
99.18 413939
99.19 413976
99.20 414016
99.21 414053
99.22 414091
99.23 414128
99.24 414163
99.25 414206
99.26 414244
99.27 414291
99.28 414329
99.29 414369
99.30 414405
99.31 414442
99.32 414481
99.33 414519
99.34 414554
99.35 414593
99.36 414630
99.37 414671
99.38 414719
99.39 414767
99.40 414817
99.41 414868
99.42 414913
99.43 414959
99.44 415005
99.45 415050
99.46 415095
99.47 415140
99.48 415182
99.49 415223
99.50 415268
99.51 415312
99.52 415355
99.53 415395
99.54 415438
99.55 415480
99.56 415523
99.57 415565
99.58 415606
99.59 415646
99.60 415686
99.61 415728
99.62 415765
99.63 415804
99.64 415841
99.66 415882
99.67 415920
99.68 415960
99.69 416000
99.70 416037
99.71 416074
99.72 416113
99.73 416153
99.74 416194
99.75 416234
99.76 416275
99.77 416318
99.78 416360
99.79 416400
99.80 416440
99.81 416481
99.82 416524
99.83 416572
99.84 416620
99.85 416669
99.86 416717
99.87 416765
99.88 416804
99.89 416842
99.90 416880
99.91 416919
99.92 416957
99.93 416997
99.94 417038
99.95 417076
99.96 417114
99.97 417151
99.98 417189
99.99 417232
100.00 417270
