0.00 0
0.01 16
0.02 30
0.03 42
0.04 51
0.05 62
0.06 73
0.07 75
0.08 77
0.10 81
0.11 92
0.12 102
0.13 109
0.14 114
0.15 121
0.16 129
0.17 135
0.18 143
0.19 152
0.20 157
0.21 164
0.22 167
0.23 169
0.24 171
0.25 176
0.26 177
0.28 179
0.29 181
0.30 181
0.31 184
0.32 184
0.33 185
0.34 185
0.35 186
0.36 186
0.37 187
0.38 187
0.39 187
0.40 188
0.41 188
0.42 188
0.43 189
0.44 193
0.45 193
0.47 194
0.48 194
0.49 197
0.50 197
0.51 198
0.52 198
0.53 199
0.54 199
0.55 199
0.56 201
0.57 203
0.58 205
0.59 205
0.60 211
0.61 215
0.62 222
0.63 226
0.65 228
0.66 235
0.67 240
0.68 250
0.69 254
0.70 258
0.71 264
0.72 268
0.73 271
0.74 276
0.75 288
0.76 291
0.77 294
0.78 297
0.79 300
0.80 302
0.81 304
0.83 307
0.84 311
0.85 316
0.86 316
0.87 320
0.88 322
0.89 324
0.90 328
0.91 334
0.92 347
0.93 353
0.94 355
0.95 359
0.96 361
0.97 362
0.98 362
0.99 365
1.01 367
1.02 367
1.03 370
1.04 371
1.05 373
1.06 373
1.07 373
1.08 374
1.09 374
1.10 374
1.11 374
1.12 378
1.13 381
1.14 381
1.15 381
1.16 384
1.17 384
1.19 384
1.20 384
1.21 389
1.22 390
1.23 390
1.24 394
1.25 396
1.26 401
1.27 402
1.28 406
1.29 413
1.30 413
1.31 416
1.32 418
1.33 418
1.34 422
1.35 423
1.36 423
1.38 427
1.39 429
1.40 430
1.41 431
1.42 431
1.43 437
1.44 438
1.45 438
1.46 442
1.47 445
1.48 446
1.49 446
1.50 450
1.51 451
1.52 451
1.53 454
1.54 454
1.56 454
1.57 456
1.58 457
1.59 457
1.60 458
1.61 461
1.62 464
1.63 464
1.64 469
1.65 469
1.66 471
1.67 472
1.68 474
1.69 474
1.70 479
1.71 479
1.72 479
1.74 482
1.75 483
1.76 484
1.77 488
1.78 490
1.79 495
1.80 495
1.81 500
1.82 504
1.83 507
1.84 507
1.85 507
1.86 514
1.87 524
1.88 524
1.89 529
1.90 535
1.92 542
1.93 551
1.94 557
1.95 563
1.96 570
1.97 578
1.98 580
1.99 586
2.00 597
2.01 605
2.02 612
2.03 617
2.04 626
2.05 633
2.06 639
2.07 642
2.08 645
2.10 650
2.11 653
2.12 654
2.13 655
2.14 656
2.15 657
2.16 664
2.17 669
2.18 674
2.19 680
2.20 689
2.21 693
2.22 701
2.23 706
2.24 717
2.25 719
2.26 721
2.27 723
2.29 726
2.30 726
2.31 726
2.32 726
2.33 731
2.34 742
2.35 748
2.36 753
2.37 759
2.38 767
2.39 772
2.40 781
2.41 787
2.42 793
2.43 801
2.44 807
2.45 809
2.47 816
2.48 821
2.49 828
2.50 832
2.51 837
2.52 845
2.53 853
2.54 856
2.55 864
2.56 871
2.57 878
2.58 884
2.59 890
2.60 895
2.61 903
2.62 910
2.63 914
2.65 920
2.66 926
2.67 933
2.68 939
2.69 945
2.70 951
2.71 958
2.72 966
2.73 971
2.74 975
2.75 981
2.76 987
2.77 990
2.78 997
2.79 1003
2.80 1007
2.81 1009
2.83 1013
2.84 1021
2.85 1026
2.86 1031
2.87 1038
2.88 1044
2.89 1054
2.90 1062
2.91 1071
2.92 1078
2.93 1080
2.94 1083
2.95 1090
2.96 1094
2.97 1102
2.98 1110
2.99 1115
3.01 1119
3.02 1121
3.03 1127
3.04 1138
3.05 1142
3.06 1148
3.07 1154
3.08 1160
3.09 1166
3.10 1171
3.11 1173
3.12 1178
3.13 1184
3.14 1191
3.15 1196
3.16 1205
3.17 1210
3.18 1216
3.20 1224
3.21 1232
3.22 1239
3.23 1240
3.24 1242
3.25 1244
3.26 1248
3.27 1253
3.28 1259
3.29 1263
3.30 1265
3.31 1273
3.32 1281
3.33 1286
3.34 1292
3.35 1297
3.36 1302
3.38 1311
3.39 1313
3.40 1314
3.41 1321
3.42 1329
3.43 1336
3.44 1340
3.45 1347
3.46 1355
3.47 1361
3.48 1366
3.49 1369
3.50 1374
3.51 1382
3.52 1388
3.53 1393
3.54 1399
3.56 1403
3.57 1407
3.58 1414
3.59 1420
3.60 1425
3.61 1431
3.62 1436
3.63 1440
3.64 1447
3.65 1454
3.66 1462
3.67 1471
3.68 1481
3.69 1487
3.70 1487
3.71 1490
3.72 1493
3.74 1498
3.75 1501
3.76 1507
3.77 1512
3.78 1517
3.79 1518
3.80 1527
3.81 1529
3.82 1531
3.83 1539
3.84 1541
3.85 1546
3.86 1550
3.87 1551
3.88 1558
3.89 1565
3.90 1570
3.92 1572
3.93 1575
3.94 1580
3.95 1586
3.96 1593
3.97 1603
3.98 1611
3.99 1615
4.00 1618
4.01 1619
4.02 1628
4.03 1639
4.04 1649
4.05 1655
4.06 1662
4.07 1669
4.08 1676
4.09 1682
4.11 1687
4.12 1694
4.13 1701
4.14 1711
4.15 1714
4.16 1721
4.17 1725
4.18 1729
4.19 1735
4.20 1741
4.21 1745
4.22 1754
4.23 1758
4.24 1764
4.25 1766
4.26 1770
4.27 1775
4.29 1781
4.30 1790
4.31 1798
4.32 1806
4.33 1810
4.34 1815
4.35 1820
4.36 1825
4.37 1831
4.38 1835
4.39 1838
4.40 1845
4.41 1851
4.42 1857
4.43 1865
4.44 1870
4.45 1877
4.47 1882
4.48 1887
4.49 1892
4.50 1897
4.51 1900
4.52 1908
4.53 1911
4.54 1917
4.55 1922
4.56 1928
4.57 1932
4.58 1937
4.59 1941
4.60 1945
4.61 1950
4.62 1955
4.63 1959
4.65 1964
4.66 1967
4.67 1974
4.68 1979
4.69 1983
4.70 1990
4.71 1993
4.72 2001
4.73 2009
4.74 2014
4.75 2019
4.76 2027
4.77 2035
4.78 2041
4.79 2043
4.80 2045
4.81 2047
4.83 2052
4.84 2059
4.85 2066
4.86 2072
4.87 2076
4.88 2077
4.89 2079
4.90 2080
4.91 2087
4.92 2096
4.93 2102
4.94 2110
4.95 2117
4.96 2121
4.97 2127
4.98 2136
4.99 2143
5.00 2150
5.02 2157
5.03 2164
5.04 2170
5.05 2176
5.06 2183
5.07 2190
5.08 2198
5.09 2207
5.10 2213
5.11 2218
5.12 2223
5.13 2230
5.14 2236
5.15 2241
5.16 2245
5.17 2251
5.18 2255
5.20 2262
5.21 2266
5.22 2273
5.23 2275
5.24 2282
5.25 2289
5.26 2291
5.27 2293
5.28 2299
5.29 2303
5.30 2309
5.31 2316
5.32 2324
5.33 2330
5.34 2336
5.35 2344
5.36 2350
5.38 2357
5.39 2362
5.40 2369
5.41 2374
5.42 2381
5.43 2390
5.44 2396
5.45 2404
5.46 2412
5.47 2419
5.48 2427
5.49 2434
5.50 2436
5.51 2443
5.52 2449
5.53 2456
5.54 2463
5.56 2467
5.57 2473
5.58 2479
5.59 2486
5.60 2491
5.61 2500
5.62 2506
5.63 2512
5.64 2517
5.65 2520
5.66 2522
5.67 2524
5.68 2525
5.69 2528
5.70 2534
5.71 2540
5.72 2547
5.74 2554
5.75 2560
5.76 2568
5.77 2576
5.78 2581
5.79 2587
5.80 2591
5.81 2599
5.82 2606
5.83 2609
5.84 2613
5.85 2620
5.86 2623
5.87 2628
5.88 2633
5.89 2641
5.90 2648
5.91 2654
5.93 2657
5.94 2660
5.95 2667
5.96 2674
5.97 2678
5.98 2687
5.99 2692
6.00 2696
6.01 2703
6.02 2706
6.03 2712
6.04 2716
6.05 2719
6.06 2723
6.07 2729
6.08 2734
6.09 2738
6.11 2742
6.12 2748
6.13 2754
6.14 2760
6.15 2765
6.16 2772
6.17 2776
6.18 2781
6.19 2787
6.20 2793
6.21 2795
6.22 2800
6.23 2806
6.24 2812
6.25 2816
6.26 2822
6.27 2830
6.29 2834
6.30 2838
6.31 2841
6.32 2845
6.33 2847
6.34 2850
6.35 2851
6.36 2851
6.37 2855
6.38 2861
6.39 2865
6.40 2872
6.41 2878
6.42 2885
6.43 2893
6.44 2900
6.45 2907
6.47 2911
6.48 2918
6.49 2922
6.50 2927
6.51 2934
6.52 2942
6.53 2947
6.54 2951
6.55 2959
6.56 2964
6.57 2968
6.58 2974
6.59 2978
6.60 2983
6.61 2987
6.62 2993
6.63 2994
6.65 3002
6.66 3006
6.67 3010
6.68 3018
6.69 3024
6.70 3029
6.71 3029
6.72 3035
6.73 3043
6.74 3050
6.75 3057
6.76 3066
6.77 3072
6.78 3077
6.79 3082
6.80 3088
6.81 3095
6.82 3101
6.84 3106
6.85 3112
6.86 3118
6.87 3125
6.88 3128
6.89 3133
6.90 3138
6.91 3143
6.92 3150
6.93 3156
6.94 3163
6.95 3168
6.96 3173
6.97 3182
6.98 3189
6.99 3195
7.00 3199
7.02 3206
7.03 3211
7.04 3215
7.05 3223
7.06 3231
7.07 3237
7.08 3245
7.09 3247
7.10 3248
7.11 3250
7.12 3254
7.13 3262
7.14 3267
7.15 3270
7.16 3272
7.17 3279
7.18 3285
7.20 3291
7.21 3295
7.22 3299
7.23 3305
7.24 3313
7.25 3317
7.26 3323
7.27 3328
7.28 3333
7.29 3338
7.30 3346
7.31 3358
7.32 3363
7.33 3367
7.34 3371
7.35 3372
7.36 3374
7.38 3379
7.39 3385
7.40 3388
7.41 3393
7.42 3399
7.43 3404
7.44 3412
7.45 3417
7.46 3425
7.47 3433
7.48 3441
7.49 3449
7.50 3455
7.51 3461
7.52 3465
7.53 3467
7.54 3472
7.56 3480
7.57 3487
7.58 3489
7.59 3494
7.60 3503
7.61 3510
7.62 3519
7.63 3528
7.64 3536
7.65 3541
7.66 3544
7.67 3548
7.68 3550
7.69 3553
7.70 3559
7.71 3564
7.72 3571
7.73 3576
7.75 3581
7.76 3585
7.77 3593
7.78 3600
7.79 3604
7.80 3609
7.81 3615
7.82 3622
7.83 3627
7.84 3634
7.85 3640
7.86 3647
7.87 3649
7.88 3655
7.89 3661
7.90 3669
7.91 3677
7.93 3684
7.94 3689
7.95 3697
7.96 3703
7.97 3709
7.98 3717
7.99 3723
8.00 3730
8.01 3736
8.02 3742
8.03 3748
8.04 3751
8.05 3759
8.06 3766
8.07 3771
8.08 3783
8.09 3789
8.11 3793
8.12 3795
8.13 3796
8.14 3802
8.15 3806
8.16 3811
8.17 3814
8.18 3820
8.19 3822
8.20 3826
8.21 3833
8.22 3839
8.23 3847
8.24 3853
8.25 3856
8.26 3861
8.27 3868
8.29 3875
8.30 3880
8.31 3886
8.32 3891
8.33 3897
8.34 3903
8.35 3907
8.36 3912
8.37 3918
8.38 3921
8.39 3927
8.40 3933
8.41 3940
8.42 3947
8.43 3952
8.44 3958
8.45 3965
8.47 3973
8.48 3982
8.49 3987
8.50 3990
8.51 3996
8.52 4002
8.53 4004
8.54 4010
8.55 4016
8.56 4021
8.57 4028
8.58 4033
8.59 4039
8.60 4045
8.61 4050
8.62 4053
8.63 4063
8.64 4068
8.66 4075
8.67 4081
8.68 4086
8.69 4092
8.70 4095
8.71 4099
8.72 4104
8.73 4110
8.74 4114
8.75 4120
8.76 4124
8.77 4129
8.78 4135
8.79 4142
8.80 4146
8.81 4150
8.82 4153
8.84 4156
8.85 4162
8.86 4169
8.87 4178
8.88 4183
8.89 4188
8.90 4193
8.91 4197
8.92 4202
8.93 4207
8.94 4212
8.95 4220
8.96 4227
8.97 4235
8.98 4242
8.99 4248
9.00 4252
9.02 4261
9.03 4267
9.04 4272
9.05 4280
9.06 4283
9.07 4286
9.08 4293
9.09 4296
9.10 4304
9.11 4309
9.12 4314
9.13 4319
9.14 4322
9.15 4327
9.16 4332
9.17 4337
9.18 4342
9.20 4345
9.21 4349
9.22 4354
9.23 4359
9.24 4364
9.25 4369
9.26 4375
9.27 4380
9.28 4385
9.29 4391
9.30 4397
9.31 4401
9.32 4409
9.33 4416
9.34 4423
9.35 4429
9.36 4438
9.38 4447
9.39 4450
9.40 4456
9.41 4465
9.42 4473
9.43 4483
9.44 4489
9.45 4495
9.46 4503
9.47 4508
9.48 4511
9.49 4515
9.50 4521
9.51 4530
9.52 4534
9.53 4539
9.54 4542
9.55 4545
9.57 4549
9.58 4555
9.59 4561
9.60 4564
9.61 4567
9.62 4572
9.63 4576
9.64 4582
9.65 4588
9.66 4593
9.67 4597
9.68 4602
9.69 4609
9.70 4614
9.71 4617
9.72 4625
9.73 4631
9.75 4635
9.76 4638
9.77 4643
9.78 4646
9.79 4650
9.80 4654
9.81 4661
9.82 4668
9.83 4673
9.84 4679
9.85 4682
9.86 4686
9.87 4686
9.88 4689
9.89 4693
9.90 4700
9.91 4705
9.93 4712
9.94 4719
9.95 4725
9.96 4729
9.97 4735
9.98 4738
9.99 4743
10.00 4747
10.01 4751
10.02 4757
10.03 4761
10.04 4766
10.05 4772
10.06 4778
10.07 4786
10.08 4790
10.09 4797
10.11 4803
10.12 4809
10.13 4814
10.14 4817
10.15 4824
10.16 4829
10.17 4833
10.18 4835
10.19 4838
10.20 4839
10.21 4844
10.22 4848
10.23 4853
10.24 4859
10.25 4865
10.26 4871
10.27 4877
10.29 4882
10.30 4888
10.31 4894
10.32 4897
10.33 4903
10.34 4910
10.35 4918
10.36 4922
10.37 4925
10.38 4929
10.39 4934
10.40 4940
10.41 4951
10.42 4956
10.43 4962
10.44 4967
10.45 4970
10.46 4974
10.48 4982
10.49 4988
10.50 4993
10.51 5001
10.52 5007
10.53 5012
10.54 5017
10.55 5024
10.56 5030
10.57 5037
10.58 5040
10.59 5044
10.60 5049
10.61 5054
10.62 5060
10.63 5069
10.64 5076
10.66 5081
10.67 5085
10.68 5089
10.69 5093
10.70 5095
10.71 5102
10.72 5106
10.73 5111
10.74 5115
10.75 5123
10.76 5129
10.77 5132
10.78 5137
10.79 5142
10.80 5146
10.81 5154
10.82 5160
10.84 5164
10.85 5169
10.86 5174
10.87 5178
10.88 5185
10.89 5190
10.90 5195
10.91 5204
10.92 5210
10.93 5216
10.94 5221
10.95 5223
10.96 5229
10.97 5232
10.98 5238
10.99 5241
11.00 5247
11.02 5252
11.03 5258
11.04 5261
11.05 5262
11.06 5267
11.07 5273
11.08 5277
11.09 5281
11.10 5286
11.11 5290
11.12 5297
11.13 5305
11.14 5312
11.15 5313
11.16 5319
11.17 5327
11.18 5331
11.20 5336
11.21 5343
11.22 5350
11.23 5356
11.24 5364
11.25 5370
11.26 5379
11.27 5386
11.28 5393
11.29 5400
11.30 5403
11.31 5410
11.32 5417
11.33 5421
11.34 5426
11.35 5432
11.36 5437
11.37 5442
11.39 5446
11.40 5453
11.41 5460
11.42 5465
11.43 5474
11.44 5482
11.45 5492
11.46 5501
11.47 5505
11.48 5508
11.49 5514
11.50 5521
11.51 5528
11.52 5535
11.53 5538
11.54 5542
11.55 5549
11.57 5556
11.58 5561
11.59 5567
11.60 5570
11.61 5575
11.62 5582
11.63 5587
11.64 5594
11.65 5600
11.66 5608
11.67 5613
11.68 5618
11.69 5624
11.70 5632
11.71 5638
11.72 5643
11.73 5649
11.75 5655
11.76 5660
11.77 5668
11.78 5675
11.79 5681
11.80 5688
11.81 5695
11.82 5701
11.83 5706
11.84 5711
11.85 5716
11.86 5720
11.87 5726
11.88 5731
11.89 5734
11.90 5738
11.91 5742
11.93 5749
11.94 5756
11.95 5763
11.96 5766
11.97 5772
11.98 5777
11.99 5782
12.00 5786
12.01 5787
12.02 5793
12.03 5797
12.04 5800
12.05 5802
12.06 5806
12.07 5808
12.08 5810
12.09 5814
12.11 5820
12.12 5827
12.13 5834
12.14 5839
12.15 5846
12.16 5853
12.17 5858
12.18 5864
12.19 5868
12.20 5870
12.21 5873
12.22 5879
12.23 5886
12.24 5891
12.25 5897
12.26 5904
12.27 5910
12.28 5914
12.30 5918
12.31 5923
12.32 5929
12.33 5935
12.34 5941
12.35 5946
12.36 5947
12.37 5952
12.38 5956
12.39 5963
12.40 5969
12.41 5975
12.42 5979
12.43 5985
12.44 5994
12.45 5999
12.46 6004
12.48 6010
12.49 6014
12.50 6019
12.51 6027
12.52 6032
12.53 6037
12.54 6044
12.55 6053
12.56 6060
12.57 6066
12.58 6073
12.59 6079
12.60 6086
12.61 6092
12.62 6100
12.63 6104
12.64 6111
12.66 6119
12.67 6127
12.68 6136
12.69 6141
12.70 6148
12.71 6155
12.72 6163
12.73 6168
12.74 6172
12.75 6176
12.76 6180
12.77 6188
12.78 6192
12.79 6197
12.80 6204
12.81 6210
12.82 6215
12.84 6222
12.85 6227
12.86 6231
12.87 6238
12.88 6243
12.89 6246
12.90 6251
12.91 6254
12.92 6258
12.93 6261
12.94 6267
12.95 6271
12.96 6274
12.97 6282
12.98 6286
12.99 6294
13.00 6300
13.02 6302
13.03 6309
13.04 6314
13.05 6318
13.06 6323
13.07 6328
13.08 6332
13.09 6338
13.10 6345
13.11 6350
13.12 6354
13.13 6357
13.14 6364
13.15 6370
13.16 6374
13.17 6381
13.18 6386
13.19 6391
13.21 6395
13.22 6399
13.23 6404
13.24 6410
13.25 6415
13.26 6421
13.27 6429
13.28 6435
13.29 6441
13.30 6446
13.31 6448
13.32 6454
13.33 6459
13.34 6464
13.35 6469
13.36 6475
13.37 6480
13.39 6485
13.40 6492
13.41 6498
13.42 6505
13.43 6509
13.44 6514
13.45 6516
13.46 6521
13.47 6527
13.48 6528
13.49 6534
13.50 6540
13.51 6546
13.52 6552
13.53 6560
13.54 6563
13.55 6568
13.57 6571
13.58 6575
13.59 6580
13.60 6587
13.61 6590
13.62 6596
13.63 6603
13.64 6612
13.65 6618
13.66 6625
13.67 6633
13.68 6637
13.69 6645
13.70 6651
13.71 6656
13.72 6664
13.73 6670
13.75 6676
13.76 6683
13.77 6685
13.78 6687
13.79 6692
13.80 6696
13.81 6702
13.82 6705
13.83 6710
13.84 6714
13.85 6719
13.86 6722
13.87 6732
13.88 6736
13.89 6742
13.90 6746
13.91 6751
13.93 6761
13.94 6766
13.95 6774
13.96 6778
13.97 6781
13.98 6787
13.99 6790
14.00 6792
14.01 6795
14.02 6800
14.03 6800
14.04 6805
14.05 6807
14.06 6812
14.07 6818
14.08 6822
14.09 6827
14.10 6831
14.12 6835
14.13 6840
14.14 6844
14.15 6849
14.16 6851
14.17 6853
14.18 6859
14.19 6865
14.20 6869
14.21 6875
14.22 6878
14.23 6886
14.24 6889
14.25 6895
14.26 6902
14.27 6909
14.28 6914
14.30 6921
14.31 6927
14.32 6932
14.33 6937
14.34 6942
14.35 6945
14.36 6951
14.37 6953
14.38 6960
14.39 6967
14.40 6973
14.41 6979
14.42 6986
14.43 6989
14.44 6995
14.45 7001
14.46 7006
14.48 7007
14.49 7009
14.50 7016
14.51 7025
14.52 7030
14.53 7035
14.54 7042
14.55 7049
14.56 7058
14.57 7066
14.58 7073
14.59 7077
14.60 7082
14.61 7083
14.62 7088
14.63 7089
14.64 7091
14.66 7093
14.67 7098
14.68 7106
14.69 7110
14.70 7116
14.71 7123
14.72 7130
14.73 7139
14.74 7146
14.75 7154
14.76 7157
14.77 7163
14.78 7167
14.79 7174
14.80 7179
14.81 7186
14.82 7193
14.83 7200
14.85 7207
14.86 7213
14.87 7219
14.88 7228
14.89 7233
14.90 7240
14.91 7242
14.92 7245
14.93 7250
14.94 7254
14.95 7260
14.96 7267
14.97 7270
14.98 7272
14.99 7275
15.00 7282
15.01 7286
15.03 7288
15.04 7294
15.05 7300
15.06 7304
15.07 7306
15.08 7309
15.09 7313
15.10 7318
15.11 7324
15.12 7327
15.13 7331
15.14 7335
15.15 7343
15.16 7347
15.17 7354
15.18 7362
15.19 7368
15.21 7372
15.22 7377
15.23 7381
15.24 7386
15.25 7393
15.26 7398
15.27 7403
15.28 7406
15.29 7412
15.30 7417
15.31 7421
15.32 7425
15.33 7430
15.34 7436
15.35 7443
15.36 7449
15.37 7453
15.39 7458
15.40 7465
15.41 7470
15.42 7476
15.43 7481
15.44 7486
15.45 7492
15.46 7497
15.47 7505
15.48 7509
15.49 7516
15.50 7521
15.51 7523
15.52 7528
15.53 7534
15.54 7539
15.55 7545
15.57 7550
15.58 7557
15.59 7562
15.60 7567
15.61 7572
15.62 7577
15.63 7582
15.64 7588
15.65 7596
15.66 7602
15.67 7608
15.68 7610
15.69 7616
15.70 7621
15.71 7625
15.72 7631
15.73 7635
15.74 7641
15.76 7647
15.77 7655
15.78 7660
15.79 7665
15.80 7671
15.81 7678
15.82 7683
15.83 7691
15.84 7694
15.85 7701
15.86 7706
15.87 7712
15.88 7716
15.89 7721
15.90 7727
15.91 7735
15.92 7742
15.94 7749
15.95 7755
15.96 7759
15.97 7764
15.98 7772
15.99 7778
16.00 7783
16.01 7789
16.02 7792
16.03 7794
16.04 7799
16.05 7805
16.06 7811
16.07 7812
16.08 7817
16.09 7820
16.10 7822
16.12 7826
16.13 7832
16.14 7836
16.15 7840
16.16 7844
16.17 7847
16.18 7849
16.19 7855
16.20 7861
16.21 7867
16.22 7875
16.23 7880
16.24 7885
16.25 7891
16.26 7896
16.27 7903
16.28 7907
16.30 7913
16.31 7918
16.32 7923
16.33 7928
16.34 7929
16.35 7934
16.36 7940
16.37 7948
16.38 7954
16.39 7959
16.40 7965
16.41 7972
16.42 7978
16.43 7987
16.44 7995
16.45 8002
16.46 8005
16.48 8007
16.49 8012
16.50 8017
16.51 8023
16.52 8031
16.53 8036
16.54 8037
16.55 8042
16.56 8046
16.57 8049
16.58 8053
16.59 8056
16.60 8059
16.61 8065
16.62 8070
16.63 8076
16.64 8081
16.65 8089
16.67 8097
16.68 8104
16.69 8110
16.70 8115
16.71 8122
16.72 8127
16.73 8132
16.74 8137
16.75 8143
16.76 8146
16.77 8151
16.78 8156
16.79 8162
16.80 8167
16.81 8171
16.82 8172
16.83 8178
16.85 8182
16.86 8185
16.87 8192
16.88 8197
16.89 8203
16.90 8209
16.91 8215
16.92 8223
16.93 8228
16.94 8235
16.95 8238
16.96 8244
16.97 8246
16.98 8255
16.99 8258
17.00 8265
17.01 8274
17.03 8277
17.04 8281
17.05 8287
17.06 8290
17.07 8296
17.08 8303
17.09 8308
17.10 8314
17.11 8320
17.12 8326
17.13 8332
17.14 8337
17.15 8345
17.16 8350
17.17 8357
17.18 8364
17.19 8371
17.21 8378
17.22 8384
17.23 8389
17.24 8394
17.25 8404
17.26 8411
17.27 8415
17.28 8419
17.29 8425
17.30 8429
17.31 8436
17.32 8443
17.33 8450
17.34 8456
17.35 8462
17.36 8467
17.37 8471
17.39 8478
17.40 8483
17.41 8486
17.42 8492
17.43 8500
17.44 8505
17.45 8509
17.46 8515
17.47 8520
17.48 8525
17.49 8530
17.50 8533
17.51 8539
17.52 8542
17.53 8546
17.54 8552
17.55 8558
17.56 8566
17.58 8569
17.59 8575
17.60 8584
17.61 8589
17.62 8594
17.63 8598
17.64 8603
17.65 8610
17.66 8616
17.67 8620
17.68 8624
17.69 8629
17.70 8635
17.71 8641
17.72 8649
17.73 8656
17.74 8662
17.76 8668
17.77 8671
17.78 8675
17.79 8681
17.80 8689
17.81 8694
17.82 8699
17.83 8705
17.84 8711
17.85 8715
17.86 8720
17.87 8723
17.88 8729
17.89 8736
17.90 8742
17.91 8746
17.92 8750
17.94 8756
17.95 8759
17.96 8763
17.97 8768
17.98 8774
17.99 8778
18.00 8783
18.01 8790
18.02 8795
18.03 8800
18.04 8804
18.05 8809
18.06 8812
18.07 8818
18.08 8823
18.09 8830
18.10 8834
18.12 8839
18.13 8844
18.14 8852
18.15 8855
18.16 8862
18.17 8868
18.18 8877
18.19 8886
18.20 8892
18.21 8898
18.22 8902
18.23 8908
18.24 8913
18.25 8920
18.26 8926
18.27 8931
18.28 8936
18.30 8943
18.31 8950
18.32 8957
18.33 8965
18.34 8973
18.35 8977
18.36 8985
18.37 8990
18.38 8994
18.39 8998
18.40 9010
18.41 9018
18.42 9025
18.43 9031
18.44 9039
18.45 9044
18.46 9051
18.47 9059
18.49 9065
18.50 9070
18.51 9075
18.52 9083
18.53 9091
18.54 9093
18.55 9097
18.56 9107
18.57 9114
18.58 9122
18.59 9127
18.60 9128
18.61 9132
18.62 9138
18.63 9141
18.64 9144
18.65 9151
18.67 9154
18.68 9159
18.69 9164
18.70 9170
18.71 9173
18.72 9179
18.73 9184
18.74 9188
18.75 9195
18.76 9202
18.77 9209
18.78 9214
18.79 9219
18.80 9219
18.81 9227
18.82 9235
18.83 9239
18.85 9241
18.86 9244
18.87 9248
18.88 9253
18.89 9258
18.90 9261
18.91 9268
18.92 9276
18.93 9280
18.94 9283
18.95 9292
18.96 9298
18.97 9305
18.98 9307
18.99 9311
19.00 9314
19.01 9320
19.03 9325
19.04 9330
19.05 9335
19.06 9341
19.07 9346
19.08 9346
19.09 9350
19.10 9357
19.11 9360
19.12 9361
19.13 9366
19.14 9371
19.15 9375
19.16 9384
19.17 9387
19.18 9394
19.19 9399
19.21 9402
19.22 9407
19.23 9414
19.24 9419
19.25 9425
19.26 9433
19.27 9438
19.28 9445
19.29 9449
19.30 9453
19.31 9458
19.32 9464
19.33 9469
19.34 9476
19.35 9484
19.36 9491
19.37 9497
19.38 9502
19.40 9506
19.41 9510
19.42 9514
19.43 9518
19.44 9523
19.45 9528
19.46 9533
19.47 9539
19.48 9546
19.49 9552
19.50 9558
19.51 9564
19.52 9570
19.53 9576
19.54 9581
19.55 9589
19.56 9598
19.58 9606
19.59 9612
19.60 9618
19.61 9625
19.62 9633
19.63 9641
19.64 9648
19.65 9655
19.66 9661
19.67 9666
19.68 9670
19.69 9671
19.70 9673
19.71 9679
19.72 9680
19.73 9685
19.74 9689
19.76 9698
19.77 9703
19.78 9710
19.79 9717
19.80 9722
19.81 9727
19.82 9731
19.83 9736
19.84 9741
19.85 9745
19.86 9750
19.87 9755
19.88 9762
19.89 9768
19.90 9771
19.91 9773
19.92 9775
19.94 9779
19.95 9781
19.96 9786
19.97 9792
19.98 9793
19.99 9796
20.00 9802
20.01 9805
20.02 9808
20.03 9812
20.04 9815
20.05 9819
20.06 9824
20.07 9834
20.08 9838
20.09 9841
20.10 9848
20.12 9853
20.13 9856
20.14 9863
20.15 9867
20.16 9870
20.17 9878
20.18 9884
20.19 9892
20.20 9900
20.21 9903
20.22 9906
20.23 9908
20.24 9910
20.25 9915
20.26 9918
20.27 9918
20.28 9922
20.29 9927
20.31 9932
20.32 9938
20.33 9946
20.34 9951
20.35 9957
20.36 9962
20.37 9968
20.38 9974
20.39 9979
20.40 9989
20.41 9995
20.42 10003
20.43 10005
20.44 10014
20.45 10019
20.46 10029
20.47 10032
20.49 10036
20.50 10040
20.51 10045
20.52 10049
20.53 10050
20.54 10060
20.55 10064
20.56 10069
20.57 10072
20.58 10074
20.59 10080
20.60 10083
20.61 10084
20.62 10085
20.63 10090
20.64 10094
20.65 10100
20.67 10105
20.68 10112
20.69 10119
20.70 10126
20.71 10132
20.72 10138
20.73 10144
20.74 10148
20.75 10154
20.76 10154
20.77 10161
20.78 10167
20.79 10169
20.80 10174
20.81 10177
20.82 10184
20.83 10191
20.85 10194
20.86 10198
20.87 10205
20.88 10210
20.89 10218
20.90 10225
20.91 10231
20.92 10235
20.93 10241
20.94 10248
20.95 10253
20.96 10259
20.97 10267
20.98 10273
20.99 10278
21.00 10282
21.01 10283
21.03 10285
21.04 10286
21.05 10292
21.06 10298
21.07 10302
21.08 10303
21.09 10307
21.10 10312
21.11 10314
21.12 10316
21.13 10323
21.14 10326
21.15 10333
21.16 10339
21.17 10343
21.18 10347
21.19 10355
21.20 10360
21.22 10368
21.23 10374
21.24 10381
21.25 10384
21.26 10388
21.27 10395
21.28 10402
21.29 10408
21.30 10416
21.31 10422
21.32 10427
21.33 10434
21.34 10441
21.35 10446
21.36 10451
21.37 10456
21.38 10461
21.40 10468
21.41 10472
21.42 10480
21.43 10485
21.44 10493
21.45 10499
21.46 10503
21.47 10511
21.48 10518
21.49 10524
21.50 10529
21.51 10532
21.52 10538
21.53 10543
21.54 10549
21.55 10553
21.56 10562
21.58 10567
21.59 10572
21.60 10579
21.61 10585
21.62 10591
21.63 10598
21.64 10603
21.65 10607
21.66 10610
21.67 10617
21.68 10623
21.69 10628
21.70 10632
21.71 10637
21.72 10643
21.73 10651
21.74 10655
21.76 10660
21.77 10666
21.78 10674
21.79 10682
21.80 10688
21.81 10696
21.82 10702
21.83 10707
21.84 10713
21.85 10717
21.86 10720
21.87 10723
21.88 10726
21.89 10728
21.90 10731
21.91 10734
21.92 10736
21.94 10740
21.95 10744
21.96 10745
21.97 10748
21.98 10752
21.99 10755
22.00 10758
22.01 10764
22.02 10768
22.03 10769
22.04 10771
22.05 10778
22.06 10782
22.07 10787
22.08 10792
22.09 10795
22.10 10801
22.11 10804
22.13 10809
22.14 10812
22.15 10814
22.16 10816
22.17 10821
22.18 10822
22.19 10828
22.20 10832
22.21 10839
22.22 10844
22.23 10847
22.24 10852
22.25 10854
22.26 10858
22.27 10864
22.28 10870
22.29 10873
22.31 10876
22.32 10879
22.33 10882
22.34 10889
22.35 10896
22.36 10901
22.37 10906
22.38 10908
22.39 10911
22.40 10914
22.41 10914
22.42 10918
22.43 10922
22.44 10923
22.45 10924
22.46 10924
22.47 10931
22.49 10934
22.50 10936
22.51 10936
22.52 10938
22.53 10944
22.54 10948
22.55 10949
22.56 10951
22.57 10956
22.58 10957
22.59 10961
22.60 10962
22.61 10965
22.62 10967
22.63 10976
22.64 10979
22.65 10980
22.67 10981
22.68 10983
22.69 10991
22.70 10995
22.71 11000
22.72 11001
22.73 11002
22.74 11005
22.75 11008
22.76 11013
22.77 11022
22.78 11025
22.79 11029
22.80 11035
22.81 11042
22.82 11049
22.83 11056
22.85 11067
22.86 11076
22.87 11081
22.88 11084
22.89 11088
22.90 11090
22.91 11098
22.92 11104
22.93 11106
22.94 11112
22.95 11118
22.96 11124
22.97 11127
22.98 11134
22.99 11137
23.00 11139
23.01 11144
23.02 11149
23.04 11154
23.05 11157
23.06 11163
23.07 11167
23.08 11170
23.09 11173
23.10 11181
23.11 11185
23.12 11191
23.13 11196
23.14 11203
23.15 11208
23.16 11215
23.17 11220
23.18 11223
23.19 11225
23.20 11228
23.22 11234
23.23 11238
23.24 11244
23.25 11251
23.26 11259
23.27 11266
23.28 11268
23.29 11276
23.30 11281
23.31 11285
23.32 11288
23.33 11294
23.34 11297
23.35 11300
23.36 11305
23.37 11314
23.38 11320
23.40 11328
23.41 11336
23.42 11340
23.43 11347
23.44 11355
23.45 11363
23.46 11369
23.47 11376
23.48 11382
23.49 11387
23.50 11389
23.51 11396
23.52 11399
23.53 11401
23.54 11407
23.55 11414
23.56 11418
23.58 11427
23.59 11434
23.60 11438
23.61 11441
23.62 11447
23.63 11450
23.64 11454
23.65 11458
23.66 11460
23.67 11464
23.68 11466
23.69 11468
23.70 11470
23.71 11473
23.72 11477
23.73 11481
23.74 11485
23.76 11487
23.77 11491
23.78 11492
23.79 11498
23.80 11502
23.81 11505
23.82 11509
23.83 11513
23.84 11521
23.85 11526
23.86 11533
23.87 11537
23.88 11543
23.89 11548
23.90 11553
23.91 11555
23.92 11558
23.93 11560
23.95 11562
23.96 11563
23.97 11565
23.98 11567
23.99 11570
24.00 11570
24.01 11573
24.02 11577
24.03 11578
24.04 11580
24.05 11584
24.06 11584
24.07 11585
24.08 11587
24.09 11592
24.10 11596
24.11 11598
24.13 11600
24.14 11602
24.15 11607
24.16 11613
24.17 11616
24.18 11622
24.19 11628
24.20 11638
24.21 11646
24.22 11651
24.23 11651
24.24 11651
24.25 11655
24.26 11657
24.27 11657
24.28 11658
24.29 11660
24.31 11663
24.32 11663
24.33 11668
24.34 11669
24.35 11670
24.36 11671
24.37 11674
24.38 11677
24.39 11677
24.40 11678
24.41 11679
24.42 11679
24.43 11681
24.44 11682
24.45 11682
24.46 11683
24.47 11683
24.49 11684
24.50 11684
24.51 11684
24.52 11685
24.53 11685
24.54 11685
24.55 11685
24.56 11685
24.57 11686
24.58 11687
24.59 11687
24.60 11687
24.61 11689
24.62 11690
24.63 11690
24.64 11692
24.65 11693
24.67 11695
24.68 11695
24.69 11699
24.70 11701
24.71 11702
24.72 11702
24.73 11706
24.74 11706
24.75 11706
24.76 11708
24.77 11708
24.78 11708
24.79 11710
24.80 11711
24.81 11711
24.82 11711
24.83 11712
24.84 11716
24.86 11716
24.87 11718
24.88 11721
24.89 11722
24.90 11722
24.91 11725
24.92 11725
24.93 11726
24.94 11726
24.95 11726
24.96 11726
24.97 11728
24.98 11729
24.99 11729
25.00 11730
25.01 11731
25.02 11734
25.04 11734
25.05 11735
25.06 11735
25.07 11735
25.08 11735
25.09 11738
25.10 11739
25.11 11739
25.12 11741
25.13 11741
25.14 11741
25.15 11745
25.16 11745
25.17 11745
25.18 11745
25.19 11745
25.20 11749
25.22 11750
25.23 11750
25.24 11751
25.25 11751
25.26 11751
25.27 11751
25.28 11752
25.29 11754
25.30 11754
25.31 11754
25.32 11754
25.33 11754
25.34 11754
25.35 11757
25.36 11758
25.37 11758
25.38 11759
25.40 11760
25.41 11763
25.42 11763
25.43 11763
25.44 11763
25.45 11763
25.46 11763
25.47 11764
25.48 11774
25.49 11775
25.50 11775
25.51 11776
25.52 11776
25.53 11776
25.54 11780
25.55 11781
25.56 11781
25.58 11781
25.59 11781
25.60 11783
25.61 11784
25.62 11784
25.63 11784
25.64 11784
25.65 11784
25.66 11784
25.67 11787
25.68 11789
25.69 11789
25.70 11789
25.71 11789
25.72 11789
25.73 11789
25.74 11795
25.75 11796
25.77 11796
25.78 11796
25.79 11796
25.80 11797
25.81 11797
25.82 11797
25.83 11798
25.84 11798
25.85 11798
25.86 11798
25.87 11798
25.88 11800
25.89 11800
25.90 11800
25.91 11805
25.92 11806
25.93 11806
25.95 11806
25.96 11806
25.97 11808
25.98 11809
25.99 11809
26.00 11810
26.01 11810
26.02 11810
26.03 11810
26.04 11810
26.05 11810
26.06 11810
26.07 11812
26.08 11812
26.09 11813
26.10 11817
26.11 11819
26.13 11819
26.14 11819
26.15 11820
26.16 11820
26.17 11820
26.18 11820
26.19 11820
26.20 11820
26.21 11820
26.22 11820
26.23 11820
26.24 11820
26.25 11820
26.26 11820
26.27 11823
26.28 11823
26.29 11826
26.31 11828
26.32 11830
26.33 11832
26.34 11832
26.35 11838
26.36 11841
26.37 11844
26.38 11844
26.39 11851
26.40 11855
26.41 11855
26.42 11863
26.43 11870
26.44 11879
26.45 11886
26.46 11892
26.47 11899
26.49 11908
26.50 11914
26.51 11923
26.52 11931
26.53 11938
26.54 11944
26.55 11951
26.56 11962
26.57 11970
26.58 11978
26.59 11983
26.60 11990
26.61 11991
26.62 11992
26.63 11994
26.64 11995
26.65 11996
26.66 11996
26.68 11998
26.69 11998
26.70 12007
26.71 12016
26.72 12022
26.73 12029
26.74 12035
26.75 12040
26.76 12050
26.77 12057
26.78 12062
26.79 12069
26.80 12074
26.81 12080
26.82 12086
26.83 12096
26.84 12102
26.86 12109
26.87 12113
26.88 12117
26.89 12124
26.90 12127
26.91 12133
26.92 12140
26.93 12144
26.94 12149
26.95 12156
26.96 12162
26.97 12168
26.98 12174
26.99 12178
27.00 12183
27.01 12191
27.02 12197
27.04 12202
27.05 12208
27.06 12213
27.07 12219
27.08 12226
27.09 12233
27.10 12237
27.11 12243
27.12 12247
27.13 12254
27.14 12258
27.15 12262
27.16 12267
27.17 12274
27.18 12278
27.19 12285
27.20 12293
27.22 12299
27.23 12305
27.24 12310
27.25 12316
27.26 12322
27.27 12329
27.28 12335
27.29 12342
27.30 12347
27.31 12353
27.32 12358
27.33 12364
27.34 12369
27.35 12374
27.36 12377
27.37 12386
27.38 12392
27.40 12395
27.41 12399
27.42 12403
27.43 12408
27.44 12410
27.45 12413
27.46 12420
27.47 12426
27.48 12433
27.49 12437
27.50 12443
27.51 12447
27.52 12451
27.53 12454
27.54 12459
27.55 12465
27.56 12469
27.57 12474
27.59 12481
27.60 12487
27.61 12496
27.62 12502
27.63 12508
27.64 12512
27.65 12514
27.66 12518
27.67 12524
27.68 12530
27.69 12537
27.70 12540
27.71 12546
27.72 12553
27.73 12558
27.74 12563
27.75 12570
27.77 12574
27.78 12581
27.79 12588
27.80 12593
27.81 12598
27.82 12603
27.83 12607
27.84 12609
27.85 12613
27.86 12614
27.87 12622
27.88 12626
27.89 12632
27.90 12636
27.91 12643
27.92 12649
27.93 12655
27.95 12660
27.96 12666
27.97 12672
27.98 12677
27.99 12679
28.00 12683
28.01 12693
28.02 12701
28.03 12707
28.04 12710
28.05 12716
28.06 12720
28.07 12726
28.08 12731
28.09 12737
28.10 12743
28.11 12751
28.13 12756
28.14 12760
28.15 12767
28.16 12772
28.17 12777
28.18 12782
28.19 12789
28.20 12794
28.21 12802
28.22 12808
28.23 12813
28.24 12820
28.25 12825
28.26 12830
28.27 12834
28.28 12838
28.29 12842
28.31 12847
28.32 12852
28.33 12858
28.34 12861
28.35 12866
28.36 12870
28.37 12877
28.38 12880
28.39 12885
28.40 12888
28.41 12888
28.42 12891
28.43 12894
28.44 12900
28.45 12905
28.46 12909
28.47 12917
28.48 12923
28.50 12928
28.51 12934
28.52 12938
28.53 12942
28.54 12949
28.55 12954
28.56 12960
28.57 12965
28.58 12971
28.59 12974
28.60 12980
28.61 12987
28.62 12994
28.63 13000
28.64 13004
28.65 13009
28.66 13013
28.68 13016
28.69 13020
28.70 13027
28.71 13030
28.72 13038
28.73 13046
28.74 13054
28.75 13062
28.76 13069
28.77 13075
28.78 13082
28.79 13088
28.80 13096
28.81 13105
28.82 13109
28.83 13114
28.84 13122
28.86 13128
28.87 13134
28.88 13138
28.89 13143
28.90 13150
28.91 13156
28.92 13163
28.93 13171
28.94 13178
28.95 13186
28.96 13194
28.97 13200
28.98 13205
28.99 13212
29.00 13216
29.01 13222
29.02 13229
29.04 13234
29.05 13242
29.06 13247
29.07 13252
29.08 13260
29.09 13266
29.10 13268
29.11 13272
29.12 13277
29.13 13280
29.14 13286
29.15 13291
29.16 13300
29.17 13306
29.18 13313
29.19 13317
29.20 13323
29.21 13327
29.23 13337
29.24 13344
29.25 13350
29.26 13356
29.27 13363
29.28 13370
29.29 13375
29.30 13383
29.31 13388
29.32 13394
29.33 13398
29.34 13403
29.35 13409
29.36 13418
29.37 13425
29.38 13429
29.39 13434
29.41 13438
29.42 13442
29.43 13447
29.44 13452
29.45 13458
29.46 13466
29.47 13472
29.48 13476
29.49 13483
29.50 13491
29.51 13496
29.52 13500
29.53 13508
29.54 13514
29.55 13522
29.56 13525
29.57 13532
29.59 13536
29.60 13544
29.61 13551
29.62 13557
29.63 13562
29.64 13569
29.65 13574
29.66 13583
29.67 13591
29.68 13597
29.69 13605
29.70 13611
29.71 13617
29.72 13624
29.73 13631
29.74 13638
29.75 13645
29.77 13652
29.78 13659
29.79 13664
29.80 13670
29.81 13675
29.82 13680
29.83 13686
29.84 13694
29.85 13699
29.86 13705
29.87 13708
29.88 13714
29.89 13720
29.90 13728
29.91 13731
29.92 13736
29.93 13742
29.95 13747
29.96 13754
29.97 13758
29.98 13762
29.99 13768
30.00 13774
30.01 13779
30.02 13783
30.03 13790
30.04 13795
30.05 13799
30.06 13803
30.07 13806
30.08 13814
30.09 13823
30.10 13829
30.11 13834
30.12 13842
30.14 13850
30.15 13857
30.16 13862
30.17 13869
30.18 13876
30.19 13882
30.20 13887
30.21 13894
30.22 13901
30.23 13908
30.24 13915
30.25 13919
30.26 13926
30.27 13931
30.28 13937
30.29 13944
30.30 13952
30.32 13956
30.33 13962
30.34 13968
30.35 13974
30.36 13982
30.37 13988
30.38 13993
30.39 13999
30.40 14007
30.41 14015
30.42 14020
30.43 14028
30.44 14034
30.45 14040
30.46 14047
30.47 14052
30.48 14058
30.50 14062
30.51 14072
30.52 14078
30.53 14083
30.54 14089
30.55 14096
30.56 14104
30.57 14110
30.58 14116
30.59 14123
30.60 14129
30.61 14136
30.62 14139
30.63 14146
30.64 14152
30.65 14158
30.66 14164
30.68 14169
30.69 14176
30.70 14183
30.71 14188
30.72 14192
30.73 14197
30.74 14201
30.75 14207
30.76 14213
30.77 14220
30.78 14228
30.79 14235
30.80 14242
30.81 14247
30.82 14250
30.83 14258
30.84 14263
30.86 14267
30.87 14273
30.88 14280
30.89 14285
30.90 14291
30.91 14297
30.92 14300
30.93 14305
30.94 14313
30.95 14317
30.96 14324
30.97 14329
30.98 14333
30.99 14340
31.00 14346
31.01 14348
31.02 14352
31.03 14357
31.05 14360
31.06 14364
31.07 14371
31.08 14377
31.09 14385
31.10 14391
31.11 14396
31.12 14399
31.13 14406
31.14 14411
31.15 14418
31.16 14424
31.17 14430
31.18 14434
31.19 14440
31.20 14447
31.21 14454
31.23 14459
31.24 14465
31.25 14468
31.26 14472
31.27 14475
31.28 14481
31.29 14487
31.30 14494
31.31 14500
31.32 14506
31.33 14513
31.34 14521
31.35 14527
31.36 14531
31.37 14534
31.38 14539
31.39 14544
31.41 14548
31.42 14556
31.43 14561
31.44 14563
31.45 14570
31.46 14578
31.47 14584
31.48 14591
31.49 14595
31.50 14600
31.51 14607
31.52 14611
31.53 14617
31.54 14625
31.55 14633
31.56 14640
31.57 14648
31.59 14656
31.60 14663
31.61 14669
31.62 14677
31.63 14684
31.64 14689
31.65 14694
31.66 14702
31.67 14707
31.68 14713
31.69 14721
31.70 14729
31.71 14735
31.72 14741
31.73 14746
31.74 14750
31.75 14757
31.77 14760
31.78 14769
31.79 14775
31.80 14780
31.81 14787
31.82 14794
31.83 14799
31.84 14804
31.85 14812
31.86 14816
31.87 14823
31.88 14828
31.89 14832
31.90 14836
31.91 14841
31.92 14845
31.93 14851
31.94 14857
31.96 14863
31.97 14870
31.98 14874
31.99 14879
32.00 14884
32.01 14889
32.02 14899
32.03 14907
32.04 14913
32.05 14919
32.06 14925
32.07 14931
32.08 14937
32.09 14942
32.10 14947
32.11 14954
32.12 14962
32.14 14968
32.15 14974
32.16 14979
32.17 14987
32.18 14991
32.19 14995
32.20 15001
32.21 15006
32.22 15013
32.23 15018
32.24 15022
32.25 15026
32.26 15033
32.27 15039
32.28 15046
32.29 15050
32.30 15057
32.32 15063
32.33 15068
32.34 15074
32.35 15079
32.36 15086
32.37 15092
32.38 15098
32.39 15104
32.40 15111
32.41 15115
32.42 15121
32.43 15127
32.44 15132
32.45 15138
32.46 15143
32.47 15147
32.48 15152
32.50 15158
32.51 15160
32.52 15163
32.53 15169
32.54 15174
32.55 15179
32.56 15187
32.57 15193
32.58 15196
32.59 15202
32.60 15209
32.61 15213
32.62 15219
32.63 15224
32.64 15229
32.65 15232
32.66 15239
32.68 15242
32.69 15247
32.70 15252
32.71 15258
32.72 15263
32.73 15269
32.74 15274
32.75 15281
32.76 15287
32.77 15293
32.78 15299
32.79 15304
32.80 15312
32.81 15319
32.82 15325
32.83 15333
32.84 15342
32.85 15349
32.87 15353
32.88 15360
32.89 15366
32.90 15370
32.91 15376
32.92 15376
32.93 15378
32.94 15386
32.95 15394
32.96 15398
32.97 15403
32.98 15408
32.99 15415
33.00 15421
33.01 15425
33.02 15430
33.03 15436
33.05 15444
33.06 15450
33.07 15456
33.08 15463
33.09 15470
33.10 15476
33.11 15482
33.12 15487
33.13 15493
33.14 15500
33.15 15505
33.16 15510
33.17 15516
33.18 15518
33.19 15522
33.20 15528
33.21 15535
33.23 15541
33.24 15547
33.25 15552
33.26 15559
33.27 15562
33.28 15568
33.29 15574
33.30 15578
33.31 15583
33.32 15591
33.33 15596
33.34 15602
33.35 15604
33.36 15608
33.37 15609
33.38 15615
33.39 15620
33.41 15628
33.42 15633
33.43 15641
33.44 15647
33.45 15652
33.46 15658
33.47 15666
33.48 15671
33.49 15678
33.50 15683
33.51 15687
33.52 15692
33.53 15696
33.54 15700
33.55 15703
33.56 15706
33.57 15716
33.59 15723
33.60 15727
33.61 15734
33.62 15736
33.63 15739
33.64 15743
33.65 15747
33.66 15754
33.67 15761
33.68 15767
33.69 15770
33.70 15776
33.71 15783
33.72 15789
33.73 15796
33.74 15798
33.75 15803
33.76 15808
33.78 15814
33.79 15819
33.80 15826
33.81 15832
33.82 15839
33.83 15843
33.84 15849
33.85 15855
33.86 15861
33.87 15869
33.88 15875
33.89 15881
33.90 15886
33.91 15891
33.92 15896
33.93 15898
33.94 15900
33.96 15904
33.97 15910
33.98 15915
33.99 15922
34.00 15926
34.01 15929
34.02 15937
34.03 15944
34.04 15949
34.05 15955
34.06 15961
34.07 15970
34.08 15976
34.09 15983
34.10 15989
34.11 15994
34.12 16000
34.14 16005
34.15 16009
34.16 16014
34.17 16019
34.18 16024
34.19 16030
34.20 16036
34.21 16041
34.22 16048
34.23 16053
34.24 16055
34.25 16059
34.26 16064
34.27 16069
34.28 16075
34.29 16081
34.30 16086
34.32 16091
34.33 16097
34.34 16104
34.35 16108
34.36 16116
34.37 16122
34.38 16126
34.39 16129
34.40 16131
34.41 16136
34.42 16141
34.43 16144
34.44 16146
34.45 16146
34.46 16149
34.47 16155
34.48 16158
34.50 16163
34.51 16169
34.52 16176
34.53 16179
34.54 16180
34.55 16180
34.56 16180
34.57 16180
34.58 16180
34.59 16186
34.60 16193
34.61 16196
34.62 16203
34.63 16207
34.64 16213
34.65 16218
34.66 16224
34.67 16227
34.69 16233
34.70 16240
34.71 16243
34.72 16248
34.73 16250
34.74 16255
34.75 16259
34.76 16264
34.77 16269
34.78 16274
34.79 16279
34.80 16283
34.81 16286
34.82 16293
34.83 16299
34.84 16305
34.85 16311
34.87 16316
34.88 16324
34.89 16331
34.90 16337
34.91 16344
34.92 16349
34.93 16355
34.94 16359
34.95 16362
34.96 16366
34.97 16371
34.98 16377
34.99 16382
35.00 16387
35.01 16390
35.02 16394
35.03 16401
35.05 16407
35.06 16411
35.07 16413
35.08 16418
35.09 16423
35.10 16429
35.11 16432
35.12 16434
35.13 16438
35.14 16444
35.15 16450
35.16 16455
35.17 16463
35.18 16469
35.19 16473
35.20 16480
35.21 16488
35.23 16497
35.24 16502
35.25 16508
35.26 16514
35.27 16519
35.28 16525
35.29 16531
35.30 16535
35.31 16539
35.32 16543
35.33 16546
35.34 16552
35.35 16558
35.36 16564
35.37 16567
35.38 16573
35.39 16579
35.41 16584
35.42 16589
35.43 16593
35.44 16598
35.45 16605
35.46 16609
35.47 16615
35.48 16620
35.49 16625
35.50 16629
35.51 16638
35.52 16640
35.53 16645
35.54 16650
35.55 16655
35.56 16664
35.57 16669
35.58 16677
35.60 16683
35.61 16688
35.62 16696
35.63 16700
35.64 16704
35.65 16711
35.66 16718
35.67 16723
35.68 16731
35.69 16737
35.70 16743
35.71 16748
35.72 16755
35.73 16760
35.74 16766
35.75 16770
35.76 16779
35.78 16783
35.79 16791
35.80 16800
35.81 16806
35.82 16813
35.83 16819
35.84 16824
35.85 16831
35.86 16837
35.87 16844
35.88 16851
35.89 16857
35.90 16862
35.91 16866
35.92 16870
35.93 16877
35.94 16884
35.96 16889
35.97 16895
35.98 16899
35.99 16909
36.00 16913
36.01 16916
36.02 16920
36.03 16926
36.04 16931
36.05 16937
36.06 16944
36.07 16950
36.08 16955
36.09 16960
36.10 16965
36.11 16972
36.12 16977
36.14 16982
36.15 16989
36.16 16996
36.17 17003
36.18 17009
36.19 17016
36.20 17022
36.21 17027
36.22 17034
36.23 17037
36.24 17042
36.25 17048
36.26 17052
36.27 17057
36.28 17064
36.29 17070
36.30 17079
36.32 17086
36.33 17090
36.34 17097
36.35 17102
36.36 17108
36.37 17114
36.38 17116
36.39 17123
36.40 17130
36.41 17133
36.42 17139
36.43 17145
36.44 17151
36.45 17159
36.46 17163
36.47 17168
36.48 17175
36.49 17179
36.51 17187
36.52 17193
36.53 17197
36.54 17199
36.55 17205
36.56 17208
36.57 17213
36.58 17217
36.59 17224
36.60 17230
36.61 17236
36.62 17241
36.63 17248
36.64 17254
36.65 17258
36.66 17261
36.67 17263
36.69 17267
36.70 17273
36.71 17275
36.72 17283
36.73 17287
36.74 17291
36.75 17300
36.76 17304
36.77 17308
36.78 17314
36.79 17318
36.80 17323
36.81 17327
36.82 17333
36.83 17340
36.84 17343
36.85 17345
36.87 17353
36.88 17359
36.89 17364
36.90 17369
36.91 17374
36.92 17380
36.93 17387
36.94 17398
36.95 17403
36.96 17407
36.97 17414
36.98 17418
36.99 17423
37.00 17430
37.01 17435
37.02 17440
37.03 17445
37.05 17451
37.06 17455
37.07 17462
37.08 17468
37.09 17474
37.10 17478
37.11 17482
37.12 17488
37.13 17495
37.14 17501
37.15 17506
37.16 17509
37.17 17513
37.18 17520
37.19 17526
37.20 17529
37.21 17531
37.23 17538
37.24 17542
37.25 17546
37.26 17552
37.27 17558
37.28 17563
37.29 17569
37.30 17570
37.31 17575
37.32 17580
37.33 17587
37.34 17591
37.35 17596
37.36 17600
37.37 17603
37.38 17608
37.39 17613
37.40 17618
37.42 17624
37.43 17628
37.44 17632
37.45 17634
37.46 17639
37.47 17645
37.48 17652
37.49 17656
37.50 17661
37.51 17666
37.52 17672
37.53 17677
37.54 17685
37.55 17693
37.56 17699
37.57 17703
37.58 17711
37.60 17716
37.61 17724
37.62 17731
37.63 17737
37.64 17741
37.65 17745
37.66 17749
37.67 17754
37.68 17757
37.69 17762
37.70 17769
37.71 17774
37.72 17778
37.73 17783
37.74 17789
37.75 17795
37.76 17798
37.78 17803
37.79 17808
37.80 17812
37.81 17815
37.82 17819
37.83 17826
37.84 17837
37.85 17844
37.86 17850
37.87 17854
37.88 17858
37.89 17865
37.90 17869
37.91 17870
37.92 17876
37.93 17881
37.94 17886
37.96 17891
37.97 17899
37.98 17905
37.99 17912
38.00 17920
38.01 17926
38.02 17932
38.03 17936
38.04 17939
38.05 17944
38.06 17950
38.07 17955
38.08 17961
38.09 17968
38.10 17976
38.11 17978
38.12 17985
38.14 17992
38.15 17999
38.16 18005
38.17 18011
38.18 18018
38.19 18023
38.20 18028
38.21 18035
38.22 18043
38.23 18047
38.24 18052
38.25 18055
38.26 18059
38.27 18063
38.28 18067
38.29 18071
38.30 18077
38.31 18081
38.33 18086
38.34 18091
38.35 18097
38.36 18099
38.37 18103
38.38 18108
38.39 18114
38.40 18120
38.41 18125
38.42 18131
38.43 18136
38.44 18140
38.45 18148
38.46 18154
38.47 18159
38.48 18166
38.49 18171
38.51 18172
38.52 18177
38.53 18184
38.54 18189
38.55 18195
38.56 18199
38.57 18201
38.58 18205
38.59 18209
38.60 18213
38.61 18215
38.62 18218
38.63 18219
38.64 18227
38.65 18230
38.66 18234
38.67 18239
38.69 18245
38.70 18247
38.71 18248
38.72 18255
38.73 18262
38.74 18267
38.75 18272
38.76 18278
38.77 18284
38.78 18292
38.79 18300
38.80 18307
38.81 18313
38.82 18319
38.83 18324
38.84 18331
38.85 18337
38.87 18342
38.88 18346
38.89 18350
38.90 18353
38.91 18357
38.92 18362
38.93 18366
38.94 18372
38.95 18376
38.96 18382
38.97 18385
38.98 18390
38.99 18396
39.00 18401
39.01 18407
39.02 18416
39.03 18421
39.05 18424
39.06 18428
39.07 18433
39.08 18435
39.09 18439
39.10 18441
39.11 18447
39.12 18450
39.13 18451
39.14 18453
39.15 18459
39.16 18466
39.17 18474
39.18 18479
39.19 18486
39.20 18491
39.21 18496
39.22 18503
39.24 18509
39.25 18517
39.26 18520
39.27 18525
39.28 18531
39.29 18536
39.30 18541
39.31 18547
39.32 18552
39.33 18558
39.34 18563
39.35 18567
39.36 18569
39.37 18570
39.38 18571
39.39 18574
39.40 18579
39.42 18586
39.43 18590
39.44 18597
39.45 18601
39.46 18607
39.47 18611
39.48 18615
39.49 18619
39.50 18620
39.51 18625
39.52 18630
39.53 18635
39.54 18639
39.55 18645
39.56 18647
39.57 18653
39.58 18659
39.60 18662
39.61 18665
39.62 18670
39.63 18675
39.64 18679
39.65 18683
39.66 18689
39.67 18693
39.68 18696
39.69 18700
39.70 18702
39.71 18706
39.72 18711
39.73 18715
39.74 18719
39.75 18723
39.76 18728
39.78 18730
39.79 18733
39.80 18737
39.81 18740
39.82 18744
39.83 18747
39.84 18751
39.85 18753
39.86 18755
39.87 18764
39.88 18769
39.89 18779
39.90 18787
39.91 18789
39.92 18791
39.93 18794
39.94 18798
39.96 18805
39.97 18814
39.98 18820
39.99 18825
40.00 18831
40.01 18836
40.02 18841
40.03 18843
40.04 18848
40.05 18856
40.06 18857
40.07 18865
40.08 18870
40.09 18872
40.10 18877
40.11 18882
40.12 18885
40.13 18890
40.15 18892
40.16 18898
40.17 18902
40.18 18909
40.19 18915
40.20 18921
40.21 18927
40.22 18932
40.23 18941
40.24 18945
40.25 18952
40.26 18958
40.27 18964
40.28 18971
40.29 18976
40.30 18978
40.31 18982
40.33 18987
40.34 18992
40.35 18995
40.36 18997
40.37 18998
40.38 19004
40.39 19011
40.40 19017
40.41 19024
40.42 19028
40.43 19037
40.44 19043
40.45 19043
40.46 19044
40.47 19046
40.48 19051
40.49 19056
40.51 19060
40.52 19067
40.53 19076
40.54 19080
40.55 19081
40.56 19087
40.57 19092
40.58 19098
40.59 19105
40.60 19110
40.61 19114
40.62 19117
40.63 19124
40.64 19127
40.65 19130
40.66 19133
40.67 19138
40.69 19141
40.70 19143
40.71 19147
40.72 19150
40.73 19158
40.74 19159
40.75 19166
40.76 19170
40.77 19176
40.78 19182
40.79 19186
40.80 19192
40.81 19195
40.82 19200
40.83 19206
40.84 19213
40.85 19223
40.87 19231
40.88 19240
40.89 19249
40.90 19251
40.91 19256
40.92 19263
40.93 19271
40.94 19274
40.95 19278
40.96 19281
40.97 19285
40.98 19287
40.99 19292
41.00 19298
41.01 19298
41.02 19298
41.03 19298
41.04 19300
41.06 19304
41.07 19312
41.08 19316
41.09 19324
41.10 19333
41.11 19340
41.12 19347
41.13 19350
41.14 19351
41.15 19351
41.16 19355
41.17 19356
41.18 19363
41.19 19371
41.20 19375
41.21 19379
41.22 19382
41.24 19387
41.25 19391
41.26 19395
41.27 19399
41.28 19402
41.29 19410
41.30 19417
41.31 19422
41.32 19427
41.33 19428
41.34 19430
41.35 19434
41.36 19436
41.37 19437
41.38 19442
41.39 19446
41.40 19448
41.42 19450
41.43 19456
41.44 19459
41.45 19466
41.46 19470
41.47 19471
41.48 19471
41.49 19472
41.50 19478
41.51 19478
41.52 19478
41.53 19480
41.54 19480
41.55 19482
41.56 19484
41.57 19490
41.58 19493
41.60 19497
41.61 19499
41.62 19502
41.63 19510
41.64 19513
41.65 19513
41.66 19521
41.67 19526
41.68 19528
41.69 19532
41.70 19532
41.71 19534
41.72 19534
41.73 19538
41.74 19541
41.75 19544
41.76 19553
41.78 19558
41.79 19558
41.80 19559
41.81 19560
41.82 19562
41.83 19564
41.84 19567
41.85 19571
41.86 19571
41.87 19572
41.88 19572
41.89 19574
41.90 19577
41.91 19578
41.92 19582
41.93 19583
41.94 19583
41.95 19584
41.97 19587
41.98 19589
41.99 19594
42.00 19602
42.01 19602
42.02 19602
42.03 19603
42.04 19605
42.05 19605
42.06 19610
42.07 19617
42.08 19618
42.09 19618
42.10 19619
42.11 19619
42.12 19624
42.13 19624
42.15 19625
42.16 19627
42.17 19630
42.18 19631
42.19 19633
42.20 19639
42.21 19647
42.22 19651
42.23 19655
42.24 19660
42.25 19663
42.26 19666
42.27 19673
42.28 19677
42.29 19684
42.30 19690
42.31 19697
42.33 19701
42.34 19708
42.35 19714
42.36 19721
42.37 19727
42.38 19735
42.39 19742
42.40 19747
42.41 19752
42.42 19758
42.43 19762
42.44 19771
42.45 19777
42.46 19780
42.47 19787
42.48 19794
42.49 19798
42.51 19805
42.52 19808
42.53 19814
42.54 19821
42.55 19826
42.56 19830
42.57 19833
42.58 19841
42.59 19848
42.60 19852
42.61 19858
42.62 19862
42.63 19867
42.64 19868
42.65 19871
42.66 19878
42.67 19883
42.69 19884
42.70 19889
42.71 19891
42.72 19898
42.73 19903
42.74 19910
42.75 19914
42.76 19916
42.77 19927
42.78 19934
42.79 19940
42.80 19946
42.81 19949
42.82 19953
42.83 19960
42.84 19964
42.85 19968
42.86 19975
42.88 19977
42.89 19982
42.90 19986
42.91 19992
42.92 19996
42.93 20003
42.94 20006
42.95 20012
42.96 20015
42.97 20017
42.98 20020
42.99 20023
43.00 20027
43.01 20034
43.02 20037
43.03 20041
43.04 20045
43.06 20048
43.07 20055
43.08 20058
43.09 20060
43.10 20068
43.11 20073
43.12 20079
43.13 20081
43.14 20084
43.15 20090
43.16 20094
43.17 20097
43.18 20106
43.19 20110
43.20 20115
43.21 20123
43.22 20129
43.24 20131
43.25 20132
43.26 20139
43.27 20144
43.28 20147
43.29 20149
43.30 20153
43.31 20161
43.32 20165
43.33 20169
43.34 20175
43.35 20180
43.36 20183
43.37 20188
43.38 20193
43.39 20200
43.40 20203
43.42 20207
43.43 20213
43.44 20217
43.45 20222
43.46 20224
43.47 20233
43.48 20240
43.49 20243
43.50 20243
43.51 20249
43.52 20250
43.53 20256
43.54 20264
43.55 20267
43.56 20274
43.57 20276
43.58 20281
43.60 20283
43.61 20286
43.62 20288
43.63 20293
43.64 20300
43.65 20305
43.66 20308
43.67 20311
43.68 20314
43.69 20319
43.70 20321
43.71 20326
43.72 20329
43.73 20331
43.74 20333
43.75 20334
43.76 20339
43.77 20342
43.79 20343
43.80 20346
43.81 20348
43.82 20349
43.83 20352
43.84 20359
43.85 20360
43.86 20368
43.87 20377
43.88 20378
43.89 20380
43.90 20385
43.91 20392
43.92 20394
43.93 20395
43.94 20397
43.95 20399
43.97 20404
43.98 20406
43.99 20409
44.00 20411
44.01 20413
44.02 20417
44.03 20418
44.04 20419
44.05 20420
44.06 20421
44.07 20423
44.08 20424
44.09 20424
44.10 20426
44.11 20427
44.12 20428
44.13 20428
44.15 20428
44.16 20428
44.17 20428
44.18 20428
44.19 20428
44.20 20430
44.21 20430
44.22 20430
44.23 20430
44.24 20430
44.25 20430
44.26 20431
44.27 20432
44.28 20432
44.29 20433
44.30 20434
44.31 20435
44.33 20435
44.34 20435
44.35 20435
44.36 20435
44.37 20435
44.38 20435
44.39 20436
44.40 20436
44.41 20436
44.42 20436
44.43 20436
44.44 20436
44.45 20437
44.46 20438
44.47 20438
44.48 20439
44.49 20439
44.50 20440
44.52 20441
44.53 20441
44.54 20441
44.55 20441
44.56 20441
44.57 20441
44.58 20442
44.59 20442
44.60 20442
44.61 20442
44.62 20442
44.63 20442
44.64 20446
44.65 20450
44.66 20451
44.67 20451
44.68 20452
44.70 20453
44.71 20455
44.72 20455
44.73 20459
44.74 20462
44.75 20463
44.76 20463
44.77 20464
44.78 20466
44.79 20468
44.80 20468
44.81 20469
44.82 20471
44.83 20472
44.84 20472
44.85 20473
44.86 20474
44.88 20474
44.89 20474
44.90 20474
44.91 20474
44.92 20474
44.93 20474
44.94 20474
44.95 20474
44.96 20475
44.97 20475
44.98 20475
44.99 20477
45.00 20478
45.01 20478
45.02 20478
45.03 20478
45.04 20480
45.06 20480
45.07 20480
45.08 20480
45.09 20480
45.10 20480
45.11 20480
45.12 20482
45.13 20482
45.14 20482
45.15 20482
45.16 20482
45.17 20482
45.18 20483
45.19 20483
45.20 20483
45.21 20484
45.22 20484
45.24 20485
45.25 20485
45.26 20486
45.27 20486
45.28 20486
45.29 20486
45.30 20486
45.31 20487
45.32 20487
45.33 20487
45.34 20487
45.35 20487
45.36 20487
45.37 20490
45.38 20491
45.39 20492
45.40 20492
45.41 20493
45.43 20493
45.44 20493
45.45 20493
45.46 20493
45.47 20493
45.48 20493
45.49 20493
45.50 20493
45.51 20495
45.52 20495
45.53 20495
45.54 20498
45.55 20498
45.56 20498
45.57 20503
45.58 20503
45.59 20506
45.61 20507
45.62 20507
45.63 20515
45.64 20515
45.65 20516
45.66 20521
45.67 20523
45.68 20528
45.69 20533
45.70 20540
45.71 20547
45.72 20555
45.73 20561
45.74 20565
45.75 20570
45.76 20574
45.77 20579
45.79 20588
45.80 20595
45.81 20599
45.82 20602
45.83 20607
45.84 20614
45.85 20622
45.86 20628
45.87 20634
45.88 20638
45.89 20639
45.90 20639
45.91 20641
45.92 20642
45.93 20643
45.94 20645
45.95 20647
45.97 20648
45.98 20655
45.99 20658
46.00 20664
46.01 20670
46.02 20676
46.03 20685
46.04 20690
46.05 20696
46.06 20701
46.07 20706
46.08 20713
46.09 20720
46.10 20723
46.11 20727
46.12 20735
46.13 20742
46.15 20748
46.16 20754
46.17 20760
46.18 20763
46.19 20771
46.20 20778
46.21 20781
46.22 20785
46.23 20790
46.24 20794
46.25 20799
46.26 20806
46.27 20811
46.28 20814
46.29 20820
46.30 20823
46.31 20830
46.32 20838
46.34 20845
46.35 20854
46.36 20860
46.37 20864
46.38 20869
46.39 20876
46.40 20883
46.41 20889
46.42 20894
46.43 20900
46.44 20906
46.45 20912
46.46 20919
46.47 20927
46.48 20934
46.49 20942
46.50 20947
46.52 20954
46.53 20958
46.54 20960
46.55 20966
46.56 20972
46.57 20977
46.58 20983
46.59 20989
46.60 20994
46.61 20999
46.62 21009
46.63 21016
46.64 21023
46.65 21028
46.66 21034
46.67 21040
46.68 21043
46.70 21045
46.71 21052
46.72 21057
46.73 21060
46.74 21067
46.75 21074
46.76 21079
46.77 21086
46.78 21092
46.79 21095
46.80 21098
46.81 21100
46.82 21107
46.83 21114
46.84 21122
46.85 21128
46.86 21135
46.88 21139
46.89 21146
46.90 21151
46.91 21156
46.92 21162
46.93 21169
46.94 21173
46.95 21179
46.96 21185
46.97 21191
46.98 21198
46.99 21203
47.00 21209
47.01 21217
47.02 21222
47.03 21228
47.04 21232
47.06 21237
47.07 21241
47.08 21246
47.09 21251
47.10 21257
47.11 21263
47.12 21267
47.13 21276
47.14 21282
47.15 21288
47.16 21291
47.17 21294
47.18 21301
47.19 21305
47.20 21313
47.21 21318
47.22 21323
47.23 21327
47.25 21333
47.26 21337
47.27 21342
47.28 21347
47.29 21352
47.30 21356
47.31 21362
47.32 21368
47.33 21372
47.34 21376
47.35 21382
47.36 21389
47.37 21394
47.38 21400
47.39 21405
47.40 21411
47.41 21419
47.43 21426
47.44 21428
47.45 21432
47.46 21439
47.47 21443
47.48 21451
47.49 21459
47.50 21466
47.51 21471
47.52 21478
47.53 21484
47.54 21489
47.55 21495
47.56 21501
47.57 21508
47.58 21514
47.59 21519
47.61 21527
47.62 21534
47.63 21542
47.64 21548
47.65 21552
47.66 21562
47.67 21569
47.68 21578
47.69 21591
47.70 21602
47.71 21612
47.72 21622
47.73 21630
47.74 21633
47.75 21636
47.76 21639
47.77 21645
47.79 21652
47.80 21658
47.81 21664
47.82 21670
47.83 21673
47.84 21677
47.85 21683
47.86 21691
47.87 21698
47.88 21702
47.89 21709
47.90 21715
47.91 21719
47.92 21721
47.93 21724
47.94 21729
47.95 21736
47.97 21740
47.98 21746
47.99 21752
48.00 21758
48.01 21765
48.02 21770
48.03 21776
48.04 21783
48.05 21788
48.06 21794
48.07 21797
48.08 21803
48.09 21810
48.10 21814
48.11 21818
48.12 21822
48.13 21828
48.14 21833
48.16 21839
48.17 21842
48.18 21848
48.19 21852
48.20 21859
48.21 21864
48.22 21868
48.23 21876
48.24 21883
48.25 21890
48.26 21894
48.27 21901
48.28 21908
48.29 21917
48.30 21923
48.31 21929
48.32 21937
48.34 21940
48.35 21945
48.36 21950
48.37 21958
48.38 21964
48.39 21969
48.40 21974
48.41 21980
48.42 21987
48.43 21996
48.44 22002
48.45 22006
48.46 22013
48.47 22024
48.48 22032
48.49 22036
48.50 22040
48.52 22047
48.53 22050
48.54 22056
48.55 22062
48.56 22068
48.57 22077
48.58 22086
48.59 22096
48.60 22101
48.61 22105
48.62 22106
48.63 22110
48.64 22115
48.65 22120
48.66 22121
48.67 22124
48.68 22126
48.70 22126
48.71 22129
48.72 22133
48.73 22136
48.74 22140
48.75 22144
48.76 22146
48.77 22150
48.78 22151
48.79 22151
48.80 22152
48.81 22153
48.82 22158
48.83 22158
48.84 22161
48.85 22164
48.86 22168
48.88 22172
48.89 22174
48.90 22175
48.91 22178
48.92 22181
48.93 22188
48.94 22195
48.95 22197
48.96 22199
48.97 22201
48.98 22203
48.99 22203
49.00 22205
49.01 22206
49.02 22207
49.03 22207
49.04 22207
49.05 22208
49.07 22210
49.08 22211
49.09 22211
49.10 22211
49.11 22211
49.12 22219
49.13 22220
49.14 22220
49.15 22221
49.16 22221
49.17 22222
49.18 22222
49.19 22222
49.20 22223
49.21 22223
49.22 22223
49.23 22223
49.25 22225
49.26 22227
49.27 22227
49.28 22227
49.29 22227
49.30 22227
49.31 22227
49.32 22233
49.33 22234
49.34 22234
49.35 22238
49.36 22238
49.37 22241
49.38 22242
49.39 22242
49.40 22246
49.41 22249
49.43 22249
49.44 22253
49.45 22254
49.46 22254
49.47 22259
49.48 22260
49.49 22260
49.50 22260
49.51 22264
49.52 22265
49.53 22265
49.54 22269
49.55 22270
49.56 22273
49.57 22273
49.58 22275
49.59 22277
49.61 22280
49.62 22280
49.63 22280
49.64 22288
49.65 22298
49.66 22300
49.67 22306
49.68 22310
49.69 22316
49.70 22316
49.71 22319
49.72 22325
49.73 22329
49.74 22331
49.75 22339
49.76 22347
49.77 22351
49.79 22355
49.80 22356
49.81 22363
49.82 22367
49.83 22369
49.84 22370
49.85 22370
49.86 22372
49.87 22376
49.88 22378
49.89 22381
49.90 22386
49.91 22388
49.92 22392
49.93 22394
49.94 22398
49.95 22404
49.96 22411
49.98 22415
49.99 22421
50.00 22424
50.01 22429
50.02 22434
50.03 22435
50.04 22440
50.05 22444
50.06 22450
50.07 22455
50.08 22462
50.09 22470
50.10 22475
50.11 22479
50.12 22485
50.13 22491
50.14 22497
50.16 22499
50.17 22506
50.18 22517
50.19 22522
50.20 22527
50.21 22531
50.22 22536
50.23 22541
50.24 22547
50.25 22552
50.26 22555
50.27 22561
50.28 22568
50.29 22575
50.30 22585
50.31 22590
50.32 22593
50.34 22598
50.35 22607
50.36 22613
50.37 22619
50.38 22625
50.39 22629
50.40 22631
50.41 22639
50.42 22642
50.43 22644
50.44 22652
50.45 22659
50.46 22664
50.47 22668
50.48 22675
50.49 22681
50.50 22685
50.52 22690
50.53 22694
50.54 22700
50.55 22709
50.56 22717
50.57 22727
50.58 22731
50.59 22738
50.60 22741
50.61 22748
50.62 22753
50.63 22760
50.64 22766
50.65 22772
50.66 22780
50.67 22786
50.68 22793
50.70 22798
50.71 22803
50.72 22810
50.73 22818
50.74 22825
50.75 22831
50.76 22834
50.77 22841
50.78 22847
50.79 22855
50.80 22862
50.81 22869
50.82 22875
50.83 22880
50.84 22885
50.85 22892
50.86 22896
50.87 22898
50.89 22905
50.90 22909
50.91 22916
50.92 22921
50.93 22925
50.94 22929
50.95 22932
50.96 22936
50.97 22944
50.98 22952
50.99 22958
51.00 22960
51.01 22968
51.02 22973
51.03 22983
51.04 22989
51.05 22995
51.07 23001
51.08 23005
51.09 23009
51.10 23013
51.11 23015
51.12 23020
51.13 23023
51.14 23027
51.15 23035
51.16 23042
51.17 23050
51.18 23057
51.19 23061
51.20 23068
51.21 23073
51.22 23076
51.23 23079
51.25 23085
51.26 23087
51.27 23091
51.28 23092
51.29 23098
51.30 23102
51.31 23111
51.32 23114
51.33 23118
51.34 23118
51.35 23122
51.36 23126
51.37 23127
51.38 23128
51.39 23131
51.40 23140
51.41 23144
51.43 23148
51.44 23152
51.45 23157
51.46 23161
51.47 23163
51.48 23167
51.49 23172
51.50 23176
51.51 23181
51.52 23186
51.53 23190
51.54 23196
51.55 23201
51.56 23202
51.57 23209
51.58 23214
51.59 23220
51.61 23224
51.62 23229
51.63 23232
51.64 23238
51.65 23242
51.66 23247
51.67 23251
51.68 23254
51.69 23259
51.70 23262
51.71 23264
51.72 23268
51.73 23274
51.74 23276
51.75 23282
51.76 23288
51.77 23294
51.78 23298
51.80 23301
51.81 23306
51.82 23311
51.83 23315
51.84 23318
51.85 23322
51.86 23326
51.87 23328
51.88 23334
51.89 23340
51.90 23346
51.91 23352
51.92 23356
51.93 23361
51.94 23369
51.95 23374
51.96 23379
51.98 23384
51.99 23390
52.00 23399
52.01 23408
52.02 23415
52.03 23418
52.04 23418
52.05 23422
52.06 23427
52.07 23430
52.08 23436
52.09 23443
52.10 23447
52.11 23454
52.12 23459
52.13 23465
52.14 23470
52.16 23472
52.17 23474
52.18 23479
52.19 23482
52.20 23488
52.21 23495
52.22 23496
52.23 23501
52.24 23504
52.25 23507
52.26 23511
52.27 23516
52.28 23517
52.29 23519
52.30 23522
52.31 23526
52.32 23528
52.34 23531
52.35 23534
52.36 23534
52.37 23537
52.38 23544
52.39 23548
52.40 23554
52.41 23562
52.42 23566
52.43 23574
52.44 23577
52.45 23582
52.46 23585
52.47 23591
52.48 23592
52.49 23595
52.50 23600
52.52 23604
52.53 23606
52.54 23609
52.55 23614
52.56 23617
52.57 23619
52.58 23623
52.59 23626
52.60 23630
52.61 23634
52.62 23635
52.63 23638
52.64 23643
52.65 23648
52.66 23654
52.67 23656
52.68 23662
52.69 23670
52.71 23674
52.72 23679
52.73 23685
52.74 23688
52.75 23688
52.76 23689
52.77 23695
52.78 23698
52.79 23702
52.80 23707
52.81 23709
52.82 23716
52.83 23720
52.84 23725
52.85 23730
52.86 23737
52.87 23743
52.89 23750
52.90 23756
52.91 23764
52.92 23772
52.93 23779
52.94 23785
52.95 23791
52.96 23799
52.97 23802
52.98 23807
52.99 23812
53.00 23818
53.01 23825
53.02 23829
53.03 23834
53.04 23840
53.05 23844
53.07 23847
53.08 23852
53.09 23857
53.10 23864
53.11 23869
53.12 23877
53.13 23884
53.14 23891
53.15 23895
53.16 23900
53.17 23902
53.18 23910
53.19 23917
53.20 23921
53.21 23929
53.22 23933
53.23 23936
53.25 23941
53.26 23948
53.27 23956
53.28 23959
53.29 23966
53.30 23969
53.31 23971
53.32 23976
53.33 23980
53.34 23983
53.35 23986
53.36 23988
53.37 23992
53.38 23994
53.39 23996
53.40 23996
53.41 23997
53.43 23997
53.44 23999
53.45 24007
53.46 24009
53.47 24012
53.48 24013
53.49 24016
53.50 24017
53.51 24024
53.52 24028
53.53 24029
53.54 24033
53.55 24037
53.56 24041
53.57 24044
53.58 24050
53.59 24054
53.60 24059
53.62 24063
53.63 24067
53.64 24067
53.65 24073
53.66 24075
53.67 24082
53.68 24087
53.69 24092
53.70 24100
53.71 24101
53.72 24105
53.73 24109
53.74 24115
53.75 24117
53.76 24123
53.77 24128
53.78 24136
53.80 24142
53.81 24145
53.82 24149
53.83 24154
53.84 24159
53.85 24166
53.86 24173
53.87 24176
53.88 24179
53.89 24180
53.90 24181
53.91 24183
53.92 24190
53.93 24194
53.94 24196
53.95 24199
53.96 24203
53.98 24206
53.99 24206
54.00 24207
54.01 24208
54.02 24208
54.03 24213
54.04 24214
54.05 24219
54.06 24220
54.07 24223
54.08 24226
54.09 24229
54.10 24233
54.11 24235
54.12 24237
54.13 24242
54.14 24244
54.16 24244
54.17 24247
54.18 24249
54.19 24251
54.20 24252
54.21 24253
54.22 24256
54.23 24256
54.24 24257
54.25 24260
54.26 24260
54.27 24262
54.28 24263
54.29 24264
54.30 24265
54.31 24271
54.32 24272
54.34 24272
54.35 24273
54.36 24273
54.37 24277
54.38 24283
54.39 24284
54.40 24284
54.41 24287
54.42 24290
54.43 24291
54.44 24291
54.45 24292
54.46 24293
54.47 24293
54.48 24293
54.49 24293
54.50 24293
54.51 24293
54.53 24293
54.54 24293
54.55 24293
54.56 24296
54.57 24296
54.58 24296
54.59 24300
54.60 24302
54.61 24302
54.62 24302
54.63 24302
54.64 24302
54.65 24302
54.66 24302
54.67 24302
54.68 24302
54.69 24302
54.71 24302
54.72 24302
54.73 24305
54.74 24305
54.75 24305
54.76 24309
54.77 24309
54.78 24309
54.79 24311
54.80 24311
54.81 24311
54.82 24311
54.83 24311
54.84 24311
54.85 24311
54.86 24311
54.87 24311
54.89 24311
54.90 24313
54.91 24313
54.92 24313
54.93 24317
54.94 24318
54.95 24318
54.96 24318
54.97 24318
54.98 24319
54.99 24320
55.00 24320
55.01 24320
55.02 24320
55.03 24320
55.04 24320
55.05 24322
55.07 24323
55.08 24323
55.09 24323
55.10 24323
55.11 24323
55.12 24325
55.13 24326
55.14 24326
55.15 24326
55.16 24326
55.17 24326
55.18 24326
55.19 24326
55.20 24326
55.21 24326
55.22 24326
55.23 24326
55.25 24326
55.26 24329
55.27 24329
55.28 24329
55.29 24332
55.30 24335
55.31 24335
55.32 24335
55.33 24336
55.34 24338
55.35 24339
55.36 24339
55.37 24342
55.38 24344
55.39 24344
55.40 24344
55.41 24348
55.42 24350
55.44 24350
55.45 24351
55.46 24351
55.47 24351
55.48 24355
55.49 24356
55.50 24356
55.51 24357
55.52 24358
55.53 24361
55.54 24361
55.55 24362
55.56 24362
55.57 24362
55.58 24362
55.59 24366
55.60 24366
55.62 24368
55.63 24368
55.64 24368
55.65 24371
55.66 24372
55.67 24372
55.68 24372
55.69 24372
55.70 24373
55.71 24373
55.72 24373
55.73 24373
55.74 24373
55.75 24373
55.76 24373
55.77 24373
55.78 24376
55.80 24376
55.81 24376
55.82 24379
55.83 24379
55.84 24379
55.85 24381
55.86 24381
55.87 24381
55.88 24381
55.89 24381
55.90 24381
55.91 24381
55.92 24381
55.93 24381
55.94 24381
55.95 24383
55.96 24383
55.98 24383
55.99 24387
56.00 24388
56.01 24388
56.02 24389
56.03 24389
56.04 24393
56.05 24393
56.06 24393
56.07 24393
56.08 24393
56.09 24393
56.10 24400
56.11 24407
56.12 24413
56.13 24419
56.14 24426
56.16 24434
56.17 24435
56.18 24435
56.19 24436
56.20 24436
56.21 24436
56.22 24441
56.23 24442
56.24 24442
56.25 24443
56.26 24443
56.27 24443
56.28 24443
56.29 24443
56.30 24443
56.31 24443
56.32 24443
56.33 24443
56.35 24443
56.36 24445
56.37 24445
56.38 24445
56.39 24449
56.40 24449
56.41 24449
56.42 24452
56.43 24452
56.44 24455
56.45 24455
56.46 24455
56.47 24455
56.48 24456
56.49 24456
56.50 24458
56.51 24458
56.53 24458
56.54 24460
56.55 24461
56.56 24461
56.57 24461
56.58 24463
56.59 24464
56.60 24464
56.61 24464
56.62 24466
56.63 24469
56.64 24469
56.65 24470
56.66 24474
56.67 24476
56.68 24476
56.69 24476
56.71 24478
56.72 24479
56.73 24479
56.74 24480
56.75 24480
56.76 24480
56.77 24480
56.78 24482
56.79 24482
56.80 24482
56.81 24483
56.82 24483
56.83 24486
56.84 24486
56.85 24487
56.86 24487
56.87 24487
56.89 24487
56.90 24487
56.91 24489
56.92 24489
56.93 24491
56.94 24491
56.95 24491
56.96 24491
56.97 24499
56.98 24500
56.99 24500
57.00 24501
57.01 24501
57.02 24503
57.03 24504
57.04 24504
57.05 24504
57.07 24504
57.08 24504
57.09 24504
57.10 24505
57.11 24506
57.12 24506
57.13 24506
57.14 24506
57.15 24506
57.16 24506
57.17 24508
57.18 24508
57.19 24508
57.20 24509
57.21 24509
57.22 24511
57.23 24512
57.24 24512
57.26 24512
57.27 24512
57.28 24512
57.29 24512
57.30 24513
57.31 24513
57.32 24514
57.33 24515
57.34 24515
57.35 24515
57.36 24516
57.37 24516
57.38 24516
57.39 24518
57.40 24518
57.41 24521
57.42 24522
57.44 24522
57.45 24522
57.46 24522
57.47 24522
57.48 24522
57.49 24522
57.50 24523
57.51 24523
57.52 24523
57.53 24523
57.54 24523
57.55 24523
57.56 24527
57.57 24530
57.58 24530
57.59 24533
57.60 24533
57.62 24536
57.63 24538
57.64 24538
57.65 24540
57.66 24543
57.67 24543
57.68 24544
57.69 24547
57.70 24550
57.71 24550
57.72 24551
57.73 24551
57.74 24551
57.75 24556
57.76 24557
57.77 24558
57.78 24558
57.80 24559
57.81 24559
57.82 24559
57.83 24559
57.84 24559
57.85 24559
57.86 24559
57.87 24560
57.88 24560
57.89 24561
57.90 24562
57.91 24562
57.92 24562
57.93 24565
57.94 24566
57.95 24566
57.96 24567
57.98 24567
57.99 24567
58.00 24567
58.01 24567
58.02 24567
58.03 24567
58.04 24567
58.05 24567
58.06 24567
58.07 24570
58.08 24570
58.09 24570
58.10 24575
58.11 24576
58.12 24576
58.13 24576
58.14 24576
58.15 24576
58.17 24576
58.18 24576
58.19 24576
58.20 24576
58.21 24576
58.22 24576
58.23 24576
58.24 24577
58.25 24577
58.26 24577
58.27 24581
58.28 24583
58.29 24584
58.30 24584
58.31 24585
58.32 24585
58.33 24585
58.35 24585
58.36 24585
58.37 24585
58.38 24585
58.39 24585
58.40 24585
58.41 24585
58.42 24589
58.43 24589
58.44 24589
58.45 24591
58.46 24592
58.47 24592
58.48 24595
58.49 24596
58.50 24599
58.51 24600
58.53 24600
58.54 24608
58.55 24608
58.56 24611
58.57 24611
58.58 24617
58.59 24625
58.60 24627
58.61 24627
58.62 24630
58.63 24633
58.64 24633
58.65 24635
58.66 24637
58.67 24637
58.68 24638
58.69 24638
58.71 24638
58.72 24638
58.73 24638
58.74 24638
58.75 24638
58.76 24638
58.77 24638
58.78 24638
58.79 24638
58.80 24639
58.81 24639
58.82 24641
58.83 24645
58.84 24647
58.85 24647
58.86 24647
58.87 24648
58.88 24651
58.90 24651
58.91 24652
58.92 24655
58.93 24657
58.94 24657
58.95 24659
58.96 24659
58.97 24660
58.98 24661
58.99 24661
59.00 24661
59.01 24665
59.02 24665
59.03 24665
59.04 24665
59.05 24665
59.06 24666
59.08 24666
59.09 24666
59.10 24666
59.11 24666
59.12 24666
59.13 24667
59.14 24667
59.15 24669
59.16 24669
59.17 24669
59.18 24673
59.19 24674
59.20 24674
59.21 24674
59.22 24674
59.23 24678
59.24 24678
59.26 24679
59.27 24679
59.28 24679
59.29 24679
59.30 24680
59.31 24680
59.32 24680
59.33 24680
59.34 24680
59.35 24680
59.36 24683
59.37 24685
59.38 24686
59.39 24686
59.40 24688
59.41 24689
59.42 24689
59.44 24689
59.45 24689
59.46 24689
59.47 24689
59.48 24689
59.49 24689
59.50 24689
59.51 24690
59.52 24690
59.53 24690
59.54 24693
59.55 24694
59.56 24694
59.57 24695
59.58 24695
59.59 24695
59.60 24695
59.62 24695
59.63 24695
59.64 24695
59.65 24695
59.66 24695
59.67 24695
59.68 24696
59.69 24696
59.70 24696
59.71 24701
59.72 24701
59.73 24701
59.74 24701
59.75 24702
59.76 24702
59.77 24702
59.78 24702
59.79 24702
59.81 24702
59.82 24702
59.83 24702
59.84 24702
59.85 24703
59.86 24704
59.87 24704
59.88 24704
59.89 24708
59.90 24708
59.91 24708
59.92 24709
59.93 24709
59.94 24709
59.95 24709
59.96 24709
59.97 24709
59.99 24709
60.00 24709
60.01 24709
60.02 24709
60.03 24711
60.04 24711
60.05 24711
60.06 24716
60.07 24716
60.08 24716
60.09 24717
60.10 24717
60.11 24720
60.12 24720
60.13 24720
60.14 24725
60.15 24726
60.17 24726
60.18 24730
60.19 24732
60.20 24732
60.21 24733
60.22 24733
60.23 24733
60.24 24739
60.25 24742
60.26 24742
60.27 24743
60.28 24746
60.29 24747
60.30 24750
60.31 24750
60.32 24755
60.33 24755
60.35 24758
60.36 24758
60.37 24759
60.38 24759
60.39 24760
60.40 24761
60.41 24761
60.42 24761
60.43 24771
60.44 24777
60.45 24777
60.46 24777
60.47 24781
60.48 24781
60.49 24784
60.50 24784
60.51 24784
60.53 24787
60.54 24789
60.55 24789
60.56 24789
60.57 24792
60.58 24792
60.59 24794
60.60 24794
60.61 24794
60.62 24797
60.63 24798
60.64 24798
60.65 24798
60.66 24799
60.67 24801
60.68 24803
60.69 24803
60.70 24808
60.72 24808
60.73 24810
60.74 24811
60.75 24811
60.76 24814
60.77 24814
60.78 24814
60.79 24814
60.80 24814
60.81 24818
60.82 24819
60.83 24819
60.84 24819
60.85 24819
60.86 24821
60.87 24822
60.88 24822
60.90 24823
60.91 24823
60.92 24823
60.93 24823
60.94 24824
60.95 24827
60.96 24827
60.97 24827
60.98 24827
60.99 24827
61.00 24831
61.01 24831
61.02 24832
61.03 24832
61.04 24833
61.05 24834
61.06 24834
61.08 24834
61.09 24834
61.10 24834
61.11 24834
61.12 24834
61.13 24834
61.14 24834
61.15 24835
61.16 24835
61.17 24835
61.18 24840
61.19 24840
61.20 24841
61.21 24844
61.22 24845
61.23 24847
61.24 24847
61.26 24850
61.27 24853
61.28 24855
61.29 24856
61.30 24857
61.31 24857
61.32 24858
61.33 24858
61.34 24858
61.35 24859
61.36 24863
61.37 24864
61.38 24864
61.39 24865
61.40 24866
61.41 24869
61.42 24869
61.44 24871
61.45 24873
61.46 24875
61.47 24875
61.48 24875
61.49 24875
61.50 24876
61.51 24880
61.52 24880
61.53 24880
61.54 24883
61.55 24884
61.56 24884
61.57 24888
61.58 24888
61.59 24890
61.60 24891
61.61 24891
61.63 24894
61.64 24896
61.65 24896
61.66 24896
61.67 24903
61.68 24912
61.69 24920
61.70 24921
61.71 24921
61.72 24925
61.73 24925
61.74 24925
61.75 24929
61.76 24930
61.77 24930
61.78 24931
61.79 24931
61.81 24931
61.82 24931
61.83 24931
61.84 24931
61.85 24931
61.86 24931
61.87 24931
61.88 24931
61.89 24932
61.90 24932
61.91 24932
61.92 24937
61.93 24937
61.94 24937
61.95 24937
61.96 24938
61.97 24938
61.99 24938
62.00 24938
62.01 24938
62.02 24938
62.03 24938
62.04 24938
62.05 24938
62.06 24939
62.07 24940
62.08 24940
62.09 24940
62.10 24944
62.11 24945
62.12 24945
62.13 24945
62.14 24945
62.15 24945
62.17 24945
62.18 24945
62.19 24945
62.20 24945
62.21 24945
62.22 24945
62.23 24945
62.24 24947
62.25 24947
62.26 24947
62.27 24950
62.28 24951
62.29 24951
62.30 24954
62.31 24954
62.32 24958
62.33 24958
62.35 24958
62.36 24962
62.37 24963
62.38 24963
62.39 24964
62.40 24967
62.41 24967
62.42 24967
62.43 24970
62.44 24970
62.45 24970
62.46 24970
62.47 24975
62.48 24975
62.49 24975
62.50 24976
62.51 24976
62.52 24976
62.54 24976
62.55 24976
62.56 24976
62.57 24976
62.58 24976
62.59 24976
62.60 24976
62.61 24977
62.62 24977
62.63 24977
62.64 24979
62.65 24980
62.66 24981
62.67 24982
62.68 24982
62.69 24982
62.70 24982
62.72 24982
62.73 24982
62.74 24982
62.75 24982
62.76 24982
62.77 24982
62.78 24982
62.79 24983
62.80 24983
62.81 24984
62.82 24986
62.83 24987
62.84 24987
62.85 24988
62.86 24988
62.87 24988
62.88 24988
62.90 24991
62.91 24993
62.92 24995
62.93 24995
62.94 24998
62.95 24998
62.96 24998
62.97 25000
62.98 25000
62.99 25001
63.00 25002
63.01 25003
63.02 25003
63.03 25003
63.04 25003
63.05 25007
63.06 25007
63.08 25007
63.09 25008
63.10 25008
63.11 25008
63.12 25009
63.13 25010
63.14 25011
63.15 25011
63.16 25011
63.17 25013
63.18 25013
63.19 25013
63.20 25014
63.21 25014
63.22 25016
63.23 25016
63.24 25016
63.26 25016
63.27 25016
63.28 25016
63.29 25017
63.30 25018
63.31 25018
63.32 25018
63.33 25018
63.34 25018
63.35 25018
63.36 25018
63.37 25019
63.38 25019
63.39 25019
63.40 25020
63.41 25020
63.42 25022
63.43 25022
63.45 25022
63.46 25022
63.47 25022
63.48 25022
63.49 25022
63.50 25023
63.51 25023
63.52 25023
63.53 25023
63.54 25023
63.55 25023
63.56 25026
63.57 25027
63.58 25028
63.59 25028
63.60 25029
63.61 25031
63.63 25033
63.64 25033
63.65 25037
63.66 25041
63.67 25041
63.68 25049
63.69 25057
63.70 25065
63.71 25069
63.72 25069
63.73 25071
63.74 25071
63.75 25071
63.76 25071
63.77 25074
63.78 25075
63.79 25075
63.81 25075
63.82 25077
63.83 25079
63.84 25079
63.85 25081
63.86 25083
63.87 25084
63.88 25084
63.89 25084
63.90 25088
63.91 25088
63.92 25089
63.93 25089
63.94 25089
63.95 25093
63.96 25094
63.97 25094
63.99 25094
64.00 25094
64.01 25096
64.02 25097
64.03 25097
64.04 25097
64.05 25097
64.06 25097
64.07 25097
64.08 25098
64.09 25098
64.10 25098
64.11 25104
64.12 25105
64.13 25105
64.14 25106
64.15 25107
64.17 25107
64.18 25110
64.19 25110
64.20 25114
64.21 25114
64.22 25115
64.23 25118
64.24 25122
64.25 25122
64.26 25122
64.27 25127
64.28 25137
64.29 25147
64.30 25150
64.31 25150
64.32 25158
64.33 25164
64.34 25169
64.36 25172
64.37 25177
64.38 25182
64.39 25187
64.40 25194
64.41 25198
64.42 25201
64.43 25208
64.44 25212
64.45 25219
64.46 25226
64.47 25232
64.48 25237
64.49 25243
64.50 25244
64.51 25250
64.52 25257
64.54 25263
64.55 25266
64.56 25271
64.57 25273
64.58 25274
64.59 25276
64.60 25276
64.61 25279
64.62 25282
64.63 25285
64.64 25288
64.65 25289
64.66 25290
64.67 25293
64.68 25294
64.69 25294
64.70 25297
64.72 25298
64.73 25298
64.74 25304
64.75 25307
64.76 25311
64.77 25318
64.78 25324
64.79 25330
64.80 25333
64.81 25337
64.82 25342
64.83 25346
64.84 25349
64.85 25353
64.86 25357
64.87 25364
64.88 25369
64.90 25374
64.91 25381
64.92 25389
64.93 25396
64.94 25402
64.95 25404
64.96 25410
64.97 25414
64.98 25419
64.99 25423
65.00 25429
65.01 25434
65.02 25440
65.03 25448
65.04 25454
65.05 25460
65.06 25466
65.08 25470
65.09 25475
65.10 25480
65.11 25486
65.12 25490
65.13 25496
65.14 25500
65.15 25502
65.16 25507
65.17 25509
65.18 25514
65.19 25521
65.20 25528
65.21 25535
65.22 25542
65.23 25549
65.24 25556
65.25 25564
65.27 25568
65.28 25572
65.29 25579
65.30 25585
65.31 25593
65.32 25600
65.33 25606
65.34 25611
65.35 25616
65.36 25621
65.37 25626
65.38 25630
65.39 25636
65.40 25636
65.41 25636
65.42 25636
65.43 25636
65.45 25640
65.46 25640
65.47 25644
65.48 25646
65.49 25646
65.50 25647
65.51 25647
65.52 25654
65.53 25657
65.54 25657
65.55 25660
65.56 25661
65.57 25662
65.58 25664
65.59 25664
65.60 25665
65.61 25665
65.63 25668
65.64 25668
65.65 25668
65.66 25671
65.67 25672
65.68 25675
65.69 25681
65.70 25692
65.71 25700
65.72 25706
65.73 25711
65.74 25714
65.75 25720
65.76 25727
65.77 25733
65.78 25740
65.79 25747
65.81 25752
65.82 25757
65.83 25762
65.84 25767
65.85 25771
65.86 25772
65.87 25773
65.88 25777
65.89 25777
65.90 25781
65.91 25785
65.92 25788
65.93 25794
65.94 25801
65.95 25805
65.96 25809
65.97 25812
65.99 25815
66.00 25822
66.01 25826
66.02 25832
66.03 25840
66.04 25849
66.05 25855
66.06 25859
66.07 25860
66.08 25860
66.09 25860
66.10 25865
66.11 25870
66.12 25879
66.13 25884
66.14 25888
66.15 25894
66.16 25900
66.18 25907
66.19 25914
66.20 25919
66.21 25924
66.22 25930
66.23 25931
66.24 25935
66.25 25940
66.26 25944
66.27 25947
66.28 25950
66.29 25957
66.30 25962
66.31 25967
66.32 25973
66.33 25975
66.34 25977
66.36 25979
66.37 25979
66.38 25986
66.39 25991
66.40 25997
66.41 26002
66.42 26005
66.43 26010
66.44 26015
66.45 26020
66.46 26024
66.47 26026
66.48 26033
66.49 26041
66.50 26048
66.51 26054
66.52 26061
66.54 26067
66.55 26073
66.56 26082
66.57 26089
66.58 26092
66.59 26099
66.60 26104
66.61 26109
66.62 26112
66.63 26120
66.64 26123
66.65 26128
66.66 26132
66.67 26136
66.68 26139
66.69 26141
66.70 26144
66.72 26149
66.73 26158
66.74 26164
66.75 26169
66.76 26177
66.77 26185
66.78 26192
66.79 26196
66.80 26202
66.81 26209
66.82 26215
66.83 26221
66.84 26227
66.85 26235
66.86 26241
66.87 26246
66.88 26250
66.90 26257
66.91 26260
66.92 26265
66.93 26270
66.94 26271
66.95 26275
66.96 26281
66.97 26286
66.98 26293
66.99 26298
67.00 26301
67.01 26305
67.02 26311
67.03 26316
67.04 26321
67.05 26323
67.06 26328
67.07 26334
67.09 26338
67.10 26341
67.11 26349
67.12 26354
67.13 26357
67.14 26359
67.15 26364
67.16 26368
67.17 26371
67.18 26376
67.19 26383
67.20 26389
67.21 26396
67.22 26400
67.23 26408
67.24 26417
67.25 26422
67.27 26430
67.28 26435
67.29 26439
67.30 26441
67.31 26446
67.32 26450
67.33 26453
67.34 26455
67.35 26459
67.36 26465
67.37 26469
67.38 26472
67.39 26476
67.40 26483
67.41 26487
67.42 26490
67.43 26496
67.45 26504
67.46 26509
67.47 26511
67.48 26519
67.49 26524
67.50 26526
67.51 26529
67.52 26531
67.53 26536
67.54 26544
67.55 26551
67.56 26554
67.57 26562
67.58 26565
67.59 26568
67.60 26575
67.61 26578
67.63 26582
67.64 26590
67.65 26598
67.66 26604
67.67 26607
67.68 26612
67.69 26618
67.70 26623
67.71 26630
67.72 26636
67.73 26640
67.74 26645
67.75 26649
67.76 26652
67.77 26655
67.78 26657
67.79 26660
67.81 26664
67.82 26670
67.83 26676
67.84 26683
67.85 26688
67.86 26692
67.87 26695
67.88 26696
67.89 26703
67.90 26708
67.91 26713
67.92 26719
67.93 26723
67.94 26731
67.95 26735
67.96 26738
67.97 26741
67.98 26747
68.00 26754
68.01 26758
68.02 26764
68.03 26768
68.04 26775
68.05 26781
68.06 26788
68.07 26794
68.08 26800
68.09 26806
68.10 26809
68.11 26816
68.12 26822
68.13 26827
68.14 26834
68.15 26836
68.16 26839
68.18 26841
68.19 26847
68.20 26850
68.21 26853
68.22 26859
68.23 26863
68.24 26866
68.25 26870
68.26 26875
68.27 26881
68.28 26884
68.29 26889
68.30 26892
68.31 26893
68.32 26899
68.33 26905
68.34 26906
68.36 26907
68.37 26909
68.38 26914
68.39 26922
68.40 26929
68.41 26937
68.42 26943
68.43 26950
68.44 26952
68.45 26955
68.46 26961
68.47 26968
68.48 26972
68.49 26977
68.50 26981
68.51 26985
68.52 26989
68.54 26993
68.55 26997
68.56 27000
68.57 27005
68.58 27010
68.59 27015
68.60 27022
68.61 27026
68.62 27030
68.63 27034
68.64 27038
68.65 27045
68.66 27051
68.67 27057
68.68 27061
68.69 27066
68.70 27068
68.72 27071
68.73 27076
68.74 27082
68.75 27086
68.76 27089
68.77 27096
68.78 27105
68.79 27110
68.80 27115
68.81 27119
68.82 27126
68.83 27128
68.84 27130
68.85 27135
68.86 27140
68.87 27143
68.88 27147
68.89 27149
68.91 27149
68.92 27154
68.93 27156
68.94 27157
68.95 27165
68.96 27170
68.97 27174
68.98 27179
68.99 27184
69.00 27187
69.01 27194
69.02 27197
69.03 27201
69.04 27204
69.05 27204
69.06 27205
69.07 27205
69.09 27206
69.10 27207
69.11 27207
69.12 27208
69.13 27209
69.14 27210
69.15 27211
69.16 27214
69.17 27214
69.18 27215
69.19 27216
69.20 27216
69.21 27216
69.22 27219
69.23 27222
69.24 27226
69.25 27227
69.27 27229
69.28 27232
69.29 27235
69.30 27238
69.31 27239
69.32 27240
69.33 27242
69.34 27244
69.35 27245
69.36 27245
69.37 27245
69.38 27249
69.39 27249
69.40 27249
69.41 27249
69.42 27251
69.43 27251
69.45 27251
69.46 27251
69.47 27251
69.48 27251
69.49 27251
69.50 27251
69.51 27251
69.52 27253
69.53 27253
69.54 27253
69.55 27255
69.56 27256
69.57 27256
69.58 27257
69.59 27257
69.60 27259
69.61 27259
69.63 27259
69.64 27260
69.65 27260
69.66 27260
69.67 27260
69.68 27261
69.69 27262
69.70 27262
69.71 27262
69.72 27262
69.73 27262
69.74 27265
69.75 27266
69.76 27266
69.77 27266
69.78 27266
69.79 27267
69.80 27268
69.82 27268
69.83 27269
69.84 27269
69.85 27269
69.86 27269
69.87 27269
69.88 27269
69.89 27269
69.90 27270
69.91 27270
69.92 27270
69.93 27273
69.94 27278
69.95 27278
69.96 27278
69.97 27279
69.98 27279
70.00 27281
70.01 27281
70.02 27281
70.03 27281
70.04 27281
70.05 27281
70.06 27281
70.07 27285
70.08 27285
70.09 27285
70.10 27285
70.11 27285
70.12 27285
70.13 27291
70.14 27291
70.15 27291
70.16 27292
70.18 27292
70.19 27294
70.20 27295
70.21 27295
70.22 27296
70.23 27296
70.24 27296
70.25 27297
70.26 27297
70.27 27297
70.28 27301
70.29 27301
70.30 27301
70.31 27305
70.32 27306
70.33 27306
70.34 27306
70.36 27307
70.37 27307
70.38 27307
70.39 27307
70.40 27307
70.41 27307
70.42 27307
70.43 27307
70.44 27307
70.45 27310
70.46 27310
70.47 27310
70.48 27313
70.49 27314
70.50 27314
70.51 27314
70.52 27314
70.54 27316
70.55 27318
70.56 27318
70.57 27324
70.58 27325
70.59 27325
70.60 27325
70.61 27326
70.62 27327
70.63 27328
70.64 27328
70.65 27330
70.66 27331
70.67 27331
70.68 27335
70.69 27335
70.70 27337
70.71 27338
70.73 27338
70.74 27345
70.75 27345
70.76 27348
70.77 27348
70.78 27354
70.79 27354
70.80 27357
70.81 27362
70.82 27364
70.83 27374
70.84 27384
70.85 27387
70.86 27393
70.87 27396
70.88 27399
70.89 27400
70.91 27402
70.92 27407
70.93 27412
70.94 27413
70.95 27415
70.96 27421
70.97 27423
70.98 27428
70.99 27432
71.00 27436
71.01 27443
71.02 27452
71.03 27458
71.04 27463
71.05 27466
71.06 27469
71.07 27474
71.09 27475
71.10 27478
71.11 27481
71.12 27484
71.13 27488
71.14 27492
71.15 27493
71.16 27495
71.17 27501
71.18 27505
71.19 27507
71.20 27511
71.21 27519
71.22 27523
71.23 27528
71.24 27533
71.25 27537
71.27 27539
71.28 27545
71.29 27552
71.30 27554
71.31 27556
71.32 27559
71.33 27562
71.34 27565
71.35 27571
71.36 27575
71.37 27578
71.38 27582
71.39 27585
71.40 27588
71.41 27592
71.42 27594
71.43 27595
71.45 27597
71.46 27601
71.47 27607
71.48 27609
71.49 27611
71.50 27615
71.51 27619
71.52 27622
71.53 27623
71.54 27627
71.55 27629
71.56 27632
71.57 27635
71.58 27639
71.59 27643
71.60 27652
71.61 27657
71.62 27660
71.64 27667
71.65 27670
71.66 27674
71.67 27679
71.68 27681
71.69 27689
71.70 27691
71.71 27695
71.72 27699
71.73 27705
71.74 27713
71.75 27716
71.76 27720
71.77 27721
71.78 27726
71.79 27730
71.80 27734
71.82 27738
71.83 27746
71.84 27753
71.85 27758
71.86 27766
71.87 27770
71.88 27772
71.89 27774
71.90 27775
71.91 27783
71.92 27786
71.93 27792
71.94 27795
71.95 27801
71.96 27809
71.97 27818
71.98 27821
72.00 27824
72.01 27829
72.02 27834
72.03 27835
72.04 27835
72.05 27839
72.06 27841
72.07 27841
72.08 27845
72.09 27848
72.10 27851
72.11 27852
72.12 27853
72.13 27855
72.14 27862
72.15 27862
72.16 27865
72.18 27867
72.19 27876
72.20 27877
72.21 27877
72.22 27880
72.23 27882
72.24 27889
72.25 27893
72.26 27895
72.27 27897
72.28 27899
72.29 27901
72.30 27905
72.31 27906
72.32 27911
72.33 27912
72.34 27916
72.36 27920
72.37 27926
72.38 27932
72.39 27934
72.40 27940
72.41 27944
72.42 27948
72.43 27951
72.44 27955
72.45 27958
72.46 27964
72.47 27970
72.48 27977
72.49 27983
72.50 27990
72.51 27997
72.52 28004
72.53 28011
72.55 28016
72.56 28022
72.57 28027
72.58 28031
72.59 28035
72.60 28039
72.61 28043
72.62 28049
72.63 28053
72.64 28057
72.65 28059
72.66 28062
72.67 28063
72.68 28065
72.69 28070
72.70 28072
72.71 28073
72.73 28077
72.74 28085
72.75 28092
72.76 28100
72.77 28108
72.78 28111
72.79 28116
72.80 28118
72.81 28122
72.82 28127
72.83 28129
72.84 28132
72.85 28136
72.86 28138
72.87 28143
72.88 28148
72.89 28154
72.91 28159
72.92 28163
72.93 28163
72.94 28168
72.95 28172
72.96 28176
72.97 28180
72.98 28183
72.99 28187
73.00 28190
73.01 28191
73.02 28197
73.03 28200
73.04 28206
73.05 28209
73.06 28211
73.07 28215
73.09 28216
73.10 28218
73.11 28224
73.12 28227
73.13 28234
73.14 28239
73.15 28244
73.16 28251
73.17 28255
73.18 28260
73.19 28263
73.20 28270
73.21 28274
73.22 28280
73.23 28286
73.24 28294
73.25 28298
73.26 28303
73.28 28309
73.29 28316
73.30 28323
73.31 28330
73.32 28336
73.33 28344
73.34 28347
73.35 28351
73.36 28354
73.37 28354
73.38 28359
73.39 28363
73.40 28370
73.41 28372
73.42 28375
73.43 28380
73.44 28384
73.46 28386
73.47 28389
73.48 28392
73.49 28398
73.50 28398
73.51 28403
73.52 28408
73.53 28414
73.54 28419
73.55 28422
73.56 28427
73.57 28432
73.58 28439
73.59 28446
73.60 28452
73.61 28457
73.62 28465
73.64 28473
73.65 28479
73.66 28482
73.67 28487
73.68 28493
73.69 28498
73.70 28499
73.71 28504
73.72 28510
73.73 28515
73.74 28520
73.75 28524
73.76 28532
73.77 28536
73.78 28539
73.79 28546
73.80 28553
73.82 28558
73.83 28561
73.84 28567
73.85 28573
73.86 28576
73.87 28579
73.88 28580
73.89 28583
73.90 28588
73.91 28592
73.92 28596
73.93 28603
73.94 28605
73.95 28610
73.96 28614
73.97 28620
73.98 28625
74.00 28629
74.01 28631
74.02 28636
74.03 28640
74.04 28645
74.05 28649
74.06 28654
74.07 28660
74.08 28665
74.09 28667
74.10 28672
74.11 28677
74.12 28682
74.13 28689
74.14 28696
74.15 28703
74.16 28709
74.17 28712
74.19 28716
74.20 28721
74.21 28726
74.22 28731
74.23 28738
74.24 28744
74.25 28747
74.26 28750
74.27 28755
74.28 28759
74.29 28762
74.30 28771
74.31 28774
74.32 28778
74.33 28786
74.34 28792
74.35 28797
74.37 28803
74.38 28811
74.39 28815
74.40 28819
74.41 28825
74.42 28830
74.43 28837
74.44 28843
74.45 28850
74.46 28853
74.47 28855
74.48 28859
74.49 28867
74.50 28872
74.51 28876
74.52 28880
74.53 28884
74.55 28886
74.56 28887
74.57 28898
74.58 28903
74.59 28903
74.60 28906
74.61 28911
74.62 28913
74.63 28918
74.64 28919
74.65 28922
74.66 28929
74.67 28933
74.68 28934
74.69 28937
74.70 28942
74.71 28947
74.73 28949
74.74 28955
74.75 28961
74.76 28968
74.77 28970
74.78 28973
74.79 28976
74.80 28982
74.81 28985
74.82 28992
74.83 28998
74.84 29002
74.85 29005
74.86 29008
74.87 29015
74.88 29022
74.89 29029
74.91 29034
74.92 29040
74.93 29044
74.94 29050
74.95 29051
74.96 29054
74.97 29061
74.98 29067
74.99 29072
75.00 29079
75.01 29085
75.02 29089
75.03 29093
75.04 29096
75.05 29098
75.06 29103
75.07 29106
75.08 29109
75.10 29115
75.11 29119
75.12 29126
75.13 29132
75.14 29137
75.15 29141
75.16 29147
75.17 29153
75.18 29158
75.19 29165
75.20 29168
75.21 29172
75.22 29178
75.23 29183
75.24 29186
75.25 29189
75.26 29195
75.28 29197
75.29 29202
75.30 29206
75.31 29214
75.32 29219
75.33 29222
75.34 29229
75.35 29233
75.36 29236
75.37 29242
75.38 29245
75.39 29250
75.40 29254
75.41 29260
75.42 29263
75.43 29266
75.44 29272
75.46 29276
75.47 29281
75.48 29285
75.49 29291
75.50 29294
75.51 29301
75.52 29306
75.53 29310
75.54 29312
75.55 29317
75.56 29321
75.57 29327
75.58 29332
75.59 29335
75.60 29340
75.61 29342
75.62 29344
75.64 29347
75.65 29350
75.66 29350
75.67 29354
75.68 29359
75.69 29363
75.70 29371
75.71 29371
75.72 29377
75.73 29380
75.74 29382
75.75 29389
75.76 29391
75.77 29395
75.78 29399
75.79 29400
75.80 29403
75.82 29408
75.83 29408
75.84 29409
75.85 29409
75.86 29412
75.87 29413
75.88 29413
75.89 29416
75.90 29417
75.91 29417
75.92 29417
75.93 29421
75.94 29421
75.95 29422
75.96 29423
75.97 29425
75.98 29425
75.99 29425
76.01 29428
76.02 29428
76.03 29428
76.04 29428
76.05 29431
76.06 29431
76.07 29431
76.08 29433
76.09 29434
76.10 29434
76.11 29434
76.12 29437
76.13 29437
76.14 29438
76.15 29438
76.16 29441
76.17 29441
76.19 29442
76.20 29443
76.21 29445
76.22 29445
76.23 29446
76.24 29448
76.25 29449
76.26 29449
76.27 29449
76.28 29452
76.29 29452
76.30 29453
76.31 29453
76.32 29456
76.33 29456
76.34 29456
76.35 29456
76.37 29459
76.38 29459
76.39 29459
76.40 29462
76.41 29462
76.42 29463
76.43 29463
76.44 29465
76.45 29465
76.46 29465
76.47 29465
76.48 29468
76.49 29468
76.50 29468
76.51 29469
76.52 29471
76.53 29471
76.55 29471
76.56 29474
76.57 29475
76.58 29477
76.59 29481
76.60 29482
76.61 29484
76.62 29491
76.63 29495
76.64 29499
76.65 29505
76.66 29510
76.67 29516
76.68 29521
76.69 29525
76.70 29531
76.71 29536
76.73 29542
76.74 29549
76.75 29553
76.76 29560
76.77 29566
76.78 29571
76.79 29575
76.80 29579
76.81 29584
76.82 29588
76.83 29594
76.84 29600
76.85 29605
76.86 29612
76.87 29616
76.88 29619
76.89 29621
76.90 29627
76.92 29632
76.93 29636
76.94 29645
76.95 29653
76.96 29658
76.97 29661
76.98 29666
76.99 29667
77.00 29670
77.01 29671
77.02 29673
77.03 29675
77.04 29678
77.05 29679
77.06 29679
77.07 29685
77.08 29685
77.10 29687
77.11 29690
77.12 29693
77.13 29697
77.14 29698
77.15 29703
77.16 29705
77.17 29708
77.18 29710
77.19 29714
77.20 29720
77.21 29726
77.22 29730
77.23 29734
77.24 29735
77.25 29737
77.26 29739
77.28 29745
77.29 29750
77.30 29757
77.31 29760
77.32 29763
77.33 29766
77.34 29772
77.35 29778
77.36 29780
77.37 29783
77.38 29784
77.39 29786
77.40 29787
77.41 29789
77.42 29791
77.43 29792
77.44 29795
77.46 29795
77.47 29796
77.48 29796
77.49 29798
77.50 29800
77.51 29800
77.52 29803
77.53 29806
77.54 29807
77.55 29810
77.56 29814
77.57 29818
77.58 29824
77.59 29828
77.60 29830
77.61 29833
77.62 29836
77.64 29844
77.65 29850
77.66 29853
77.67 29856
77.68 29857
77.69 29859
77.70 29861
77.71 29865
77.72 29869
77.73 29873
77.74 29876
77.75 29878
77.76 29882
77.77 29886
77.78 29890
77.79 29891
77.80 29898
77.81 29901
77.83 29901
77.84 29903
77.85 29904
77.86 29907
77.87 29910
77.88 29916
77.89 29920
77.90 29923
77.91 29926
77.92 29928
77.93 29932
77.94 29935
77.95 29937
77.96 29941
77.97 29944
77.98 29945
77.99 29950
78.01 29953
78.02 29954
78.03 29957
78.04 29960
78.05 29962
78.06 29965
78.07 29970
78.08 29973
78.09 29975
78.10 29979
78.11 29980
78.12 29986
78.13 29988
78.14 29988
78.15 29993
78.16 29996
78.17 30001
78.19 30003
78.20 30003
78.21 30008
78.22 30008
78.23 30011
78.24 30012
78.25 30014
78.26 30015
78.27 30019
78.28 30022
78.29 30023
78.30 30024
78.31 30025
78.32 30029
78.33 30033
78.34 30039
78.35 30043
78.37 30049
78.38 30056
78.39 30058
78.40 30063
78.41 30070
78.42 30074
78.43 30077
78.44 30079
78.45 30082
78.46 30085
78.47 30089
78.48 30094
78.49 30097
78.50 30103
78.51 30106
78.52 30109
78.53 30117
78.55 30122
78.56 30127
78.57 30131
78.58 30136
78.59 30141
78.60 30147
78.61 30151
78.62 30158
78.63 30161
78.64 30165
78.65 30173
78.66 30179
78.67 30184
78.68 30188
78.69 30198
78.70 30205
78.71 30208
78.72 30213
78.74 30216
78.75 30220
78.76 30223
78.77 30228
78.78 30232
78.79 30237
78.80 30243
78.81 30248
78.82 30251
78.83 30255
78.84 30257
78.85 30257
78.86 30264
78.87 30268
78.88 30272
78.89 30277
78.90 30282
78.92 30286
78.93 30292
78.94 30298
78.95 30304
78.96 30306
78.97 30310
78.98 30316
78.99 30319
79.00 30326
79.01 30328
79.02 30331
79.03 30334
79.04 30337
79.05 30341
79.06 30344
79.07 30349
79.08 30355
79.10 30357
79.11 30360
79.12 30366
79.13 30369
79.14 30371
79.15 30374
79.16 30377
79.17 30382
79.18 30386
79.19 30391
79.20 30395
79.21 30397
79.22 30400
79.23 30405
79.24 30412
79.25 30416
79.26 30420
79.28 30424
79.29 30434
79.30 30438
79.31 30442
79.32 30444
79.33 30451
79.34 30454
79.35 30462
79.36 30467
79.37 30471
79.38 30477
79.39 30480
79.40 30485
79.41 30491
79.42 30496
79.43 30502
79.44 30509
79.46 30517
79.47 30522
79.48 30530
79.49 30535
79.50 30538
79.51 30545
79.52 30547
79.53 30549
79.54 30555
79.55 30558
79.56 30560
79.57 30563
79.58 30565
79.59 30566
79.60 30568
79.61 30570
79.62 30571
79.63 30572
79.65 30573
79.66 30574
79.67 30581
79.68 30582
79.69 30582
79.70 30585
79.71 30586
79.72 30588
79.73 30589
79.74 30595
79.75 30599
79.76 30600
79.77 30601
79.78 30601
79.79 30602
79.80 30605
79.81 30606
79.83 30608
79.84 30610
79.85 30613
79.86 30614
79.87 30616
79.88 30617
79.89 30620
79.90 30622
79.91 30629
79.92 30630
79.93 30631
79.94 30632
79.95 30634
79.96 30634
79.97 30635
79.98 30635
79.99 30636
80.01 30641
80.02 30641
80.03 30644
80.04 30646
80.05 30650
80.06 30652
80.07 30652
80.08 30652
80.09 30653
80.10 30654
80.11 30654
80.12 30656
80.13 30656
80.14 30656
80.15 30656
80.16 30657
80.17 30657
80.19 30659
80.20 30661
80.21 30664
80.22 30665
80.23 30667
80.24 30670
80.25 30671
80.26 30671
80.27 30671
80.28 30672
80.29 30674
80.30 30679
80.31 30680
80.32 30680
80.33 30683
80.34 30684
80.35 30684
80.37 30684
80.38 30686
80.39 30686
80.40 30686
80.41 30686
80.42 30686
80.43 30686
80.44 30686
80.45 30686
80.46 30686
80.47 30687
80.48 30687
80.49 30687
80.50 30690
80.51 30691
80.52 30691
80.53 30694
80.54 30694
80.56 30697
80.57 30697
80.58 30697
80.59 30703
80.60 30704
80.61 30706
80.62 30706
80.63 30707
80.64 30713
80.65 30716
80.66 30718
80.67 30722
80.68 30726
80.69 30732
80.70 30734
80.71 30738
80.72 30746
80.74 30753
80.75 30758
80.76 30765
80.77 30771
80.78 30775
80.79 30784
80.80 30789
80.81 30798
80.82 30804
80.83 30808
80.84 30814
80.85 30818
80.86 30825
80.87 30829
80.88 30833
80.89 30837
80.90 30842
80.92 30846
80.93 30850
80.94 30856
80.95 30862
80.96 30868
80.97 30872
80.98 30875
80.99 30879
81.00 30882
81.01 30886
81.02 30890
81.03 30893
81.04 30895
81.05 30898
81.06 30901
81.07 30905
81.08 30911
81.10 30914
81.11 30918
81.12 30921
81.13 30924
81.14 30929
81.15 30937
81.16 30945
81.17 30953
81.18 30959
81.19 30967
81.20 30974
81.21 30982
81.22 30989
81.23 30996
81.24 31000
81.25 31008
81.26 31017
81.28 31021
81.29 31030
81.30 31035
81.31 31040
81.32 31045
81.33 31050
81.34 31056
81.35 31060
81.36 31066
81.37 31073
81.38 31078
81.39 31081
81.40 31086
81.41 31092
81.42 31098
81.43 31105
81.44 31109
81.45 31115
81.47 31118
81.48 31123
81.49 31126
81.50 31129
81.51 31133
81.52 31137
81.53 31141
81.54 31145
81.55 31155
81.56 31159
81.57 31163
81.58 31167
81.59 31175
81.60 31180
81.61 31185
81.62 31191
81.63 31198
81.65 31201
81.66 31206
81.67 31214
81.68 31218
81.69 31225
81.70 31232
81.71 31239
81.72 31245
81.73 31251
81.74 31257
81.75 31265
81.76 31271
81.77 31276
81.78 31281
81.79 31287
81.80 31292
81.81 31296
81.83 31300
81.84 31304
81.85 31311
81.86 31319
81.87 31323
81.88 31328
81.89 31332
81.90 31337
81.91 31342
81.92 31352
81.93 31357
81.94 31363
81.95 31367
81.96 31375
81.97 31383
81.98 31386
81.99 31392
82.01 31396
82.02 31402
82.03 31407
82.04 31413
82.05 31418
82.06 31426
82.07 31433
82.08 31439
82.09 31446
82.10 31452
82.11 31456
82.12 31462
82.13 31468
82.14 31475
82.15 31480
82.16 31484
82.17 31491
82.19 31497
82.20 31505
82.21 31507
82.22 31515
82.23 31521
82.24 31527
82.25 31534
82.26 31539
82.27 31544
82.28 31549
82.29 31555
82.30 31559
82.31 31563
82.32 31567
82.33 31570
82.34 31576
82.35 31582
82.36 31585
82.38 31590
82.39 31595
82.40 31603
82.41 31609
82.42 31616
82.43 31619
82.44 31626
82.45 31632
82.46 31638
82.47 31645
82.48 31649
82.49 31655
82.50 31661
82.51 31666
82.52 31670
82.53 31677
82.54 31682
82.56 31688
82.57 31696
82.58 31700
82.59 31703
82.60 31707
82.61 31713
82.62 31717
82.63 31722
82.64 31727
82.65 31727
82.66 31733
82.67 31740
82.68 31744
82.69 31748
82.70 31750
82.71 31752
82.72 31755
82.74 31757
82.75 31764
82.76 31769
82.77 31775
82.78 31782
82.79 31789
82.80 31791
82.81 31796
82.82 31800
82.83 31801
82.84 31807
82.85 31812
82.86 31818
82.87 31823
82.88 31830
82.89 31834
82.90 31842
82.92 31849
82.93 31854
82.94 31859
82.95 31861
82.96 31869
82.97 31874
82.98 31878
82.99 31887
83.00 31893
83.01 31897
83.02 31904
83.03 31913
83.04 31918
83.05 31924
83.06 31930
83.07 31935
83.08 31943
83.10 31950
83.11 31954
83.12 31960
83.13 31966
83.14 31974
83.15 31976
83.16 31982
83.17 31988
83.18 31991
83.19 31997
83.20 32003
83.21 32010
83.22 32015
83.23 32020
83.24 32027
83.25 32033
83.26 32035
83.27 32042
83.29 32045
83.30 32047
83.31 32054
83.32 32058
83.33 32065
83.34 32071
83.35 32077
83.36 32084
83.37 32090
83.38 32098
83.39 32104
83.40 32110
83.41 32116
83.42 32121
83.43 32126
83.44 32132
83.45 32135
83.47 32141
83.48 32147
83.49 32152
83.50 32158
83.51 32163
83.52 32167
83.53 32173
83.54 32176
83.55 32180
83.56 32185
83.57 32191
83.58 32197
83.59 32201
83.60 32204
83.61 32210
83.62 32214
83.63 32220
83.65 32226
83.66 32230
83.67 32236
83.68 32242
83.69 32249
83.70 32255
83.71 32257
83.72 32264
83.73 32271
83.74 32276
83.75 32283
83.76 32289
83.77 32294
83.78 32298
83.79 32302
83.80 32308
83.81 32311
83.83 32315
83.84 32320
83.85 32324
83.86 32331
83.87 32334
83.88 32340
83.89 32344
83.90 32349
83.91 32353
83.92 32358
83.93 32363
83.94 32368
83.95 32375
83.96 32382
83.97 32387
83.98 32394
83.99 32400
84.01 32406
84.02 32411
84.03 32415
84.04 32420
84.05 32425
84.06 32429
84.07 32434
84.08 32440
84.09 32444
84.10 32451
84.11 32457
84.12 32462
84.13 32466
84.14 32473
84.15 32478
84.16 32483
84.17 32486
84.18 32491
84.20 32495
84.21 32500
84.22 32507
84.23 32512
84.24 32519
84.25 32525
84.26 32533
84.27 32540
84.28 32546
84.29 32551
84.30 32556
84.31 32563
84.32 32568
84.33 32573
84.34 32579
84.35 32585
84.36 32591
84.38 32597
84.39 32604
84.40 32609
84.41 32613
84.42 32619
84.43 32624
84.44 32629
84.45 32634
84.46 32638
84.47 32642
84.48 32649
84.49 32655
84.50 32658
84.51 32663
84.52 32671
84.53 32676
84.54 32684
84.56 32690
84.57 32697
84.58 32701
84.59 32708
84.60 32713
84.61 32715
84.62 32718
84.63 32724
84.64 32729
84.65 32733
84.66 32739
84.67 32745
84.68 32748
84.69 32754
84.70 32758
84.71 32766
84.72 32768
84.74 32773
84.75 32779
84.76 32787
84.77 32793
84.78 32798
84.79 32802
84.80 32808
84.81 32814
84.82 32822
84.83 32827
84.84 32833
84.85 32838
84.86 32841
84.87 32845
84.88 32851
84.89 32854
84.90 32858
84.92 32865
84.93 32873
84.94 32879
84.95 32886
84.96 32893
84.97 32899
84.98 32901
84.99 32906
85.00 32908
85.01 32910
85.02 32916
85.03 32920
85.04 32922
85.05 32932
85.06 32938
85.07 32944
85.08 32949
85.09 32953
85.11 32960
85.12 32967
85.13 32971
85.14 32972
85.15 32979
85.16 32982
85.17 32988
85.18 32994
85.19 33001
85.20 33007
85.21 33013
85.22 33017
85.23 33020
85.24 33022
85.25 33026
85.26 33031
85.27 33037
85.29 33042
85.30 33048
85.31 33054
85.32 33060
85.33 33066
85.34 33070
85.35 33075
85.36 33079
85.37 33085
85.38 33093
85.39 33098
85.40 33102
85.41 33106
85.42 33113
85.43 33120
85.44 33125
85.45 33131
85.47 33138
85.48 33143
85.49 33148
85.50 33155
85.51 33162
85.52 33169
85.53 33173
85.54 33180
85.55 33185
85.56 33191
85.57 33196
85.58 33201
85.59 33205
85.60 33208
85.61 33213
85.62 33215
85.63 33221
85.65 33224
85.66 33228
85.67 33234
85.68 33240
85.69 33245
85.70 33252
85.71 33258
85.72 33267
85.73 33272
85.74 33278
85.75 33285
85.76 33291
85.77 33295
85.78 33300
85.79 33306
85.80 33311
85.81 33316
85.83 33321
85.84 33325
85.85 33332
85.86 33336
85.87 33340
85.88 33345
85.89 33352
85.90 33356
85.91 33361
85.92 33365
85.93 33369
85.94 33375
85.95 33380
85.96 33385
85.97 33390
85.98 33394
85.99 33399
86.00 33403
86.02 33407
86.03 33414
86.04 33422
86.05 33428
86.06 33434
86.07 33439
86.08 33442
86.09 33449
86.10 33453
86.11 33457
86.12 33462
86.13 33469
86.14 33473
86.15 33478
86.16 33483
86.17 33490
86.18 33495
86.20 33499
86.21 33505
86.22 33509
86.23 33513
86.24 33517
86.25 33521
86.26 33529
86.27 33535
86.28 33541
86.29 33547
86.30 33552
86.31 33558
86.32 33564
86.33 33567
86.34 33574
86.35 33581
86.36 33589
86.38 33595
86.39 33600
86.40 33604
86.41 33608
86.42 33614
86.43 33619
86.44 33626
86.45 33632
86.46 33638
86.47 33644
86.48 33649
86.49 33655
86.50 33660
86.51 33663
86.52 33668
86.53 33673
86.54 33674
86.56 33681
86.57 33687
86.58 33691
86.59 33698
86.60 33702
86.61 33708
86.62 33716
86.63 33720
86.64 33723
86.65 33729
86.66 33736
86.67 33738
86.68 33745
86.69 33750
86.70 33756
86.71 33761
86.72 33765
86.74 33771
86.75 33774
86.76 33782
86.77 33789
86.78 33795
86.79 33802
86.80 33809
86.81 33815
86.82 33819
86.83 33823
86.84 33830
86.85 33833
86.86 33839
86.87 33842
86.88 33846
86.89 33848
86.90 33853
86.91 33854
86.93 33859
86.94 33865
86.95 33871
86.96 33874
86.97 33878
86.98 33881
86.99 33883
87.00 33889
87.01 33894
87.02 33898
87.03 33903
87.04 33906
87.05 33912
87.06 33919
87.07 33922
87.08 33924
87.09 33924
87.11 33927
87.12 33934
87.13 33940
87.14 33946
87.15 33953
87.16 33959
87.17 33964
87.18 33970
87.19 33977
87.20 33982
87.21 33990
87.22 33996
87.23 34000
87.24 34005
87.25 34011
87.26 34012
87.27 34015
87.29 34023
87.30 34025
87.31 34031
87.32 34033
87.33 34035
87.34 34042
87.35 34045
87.36 34048
87.37 34054
87.38 34059
87.39 34065
87.40 34067
87.41 34071
87.42 34075
87.43 34081
87.44 34087
87.45 34093
87.47 34097
87.48 34103
87.49 34108
87.50 34111
87.51 34115
87.52 34120
87.53 34124
87.54 34127
87.55 34129
87.56 34133
87.57 34138
87.58 34140
87.59 34145
87.60 34151
87.61 34156
87.62 34161
87.63 34163
87.64 34168
87.66 34172
87.67 34173
87.68 34177
87.69 34181
87.70 34186
87.71 34187
87.72 34188
87.73 34191
87.74 34196
87.75 34197
87.76 34201
87.77 34206
87.78 34211
87.79 34217
87.80 34218
87.81 34224
87.82 34228
87.84 34230
87.85 34232
87.86 34237
87.87 34242
87.88 34247
87.89 34247
87.90 34249
87.91 34256
87.92 34262
87.93 34266
87.94 34267
87.95 34268
87.96 34275
87.97 34281
87.98 34287
87.99 34291
88.00 34294
88.02 34300
88.03 34306
88.04 34306
88.05 34309
88.06 34311
88.07 34315
88.08 34317
88.09 34318
88.10 34318
88.11 34319
88.12 34323
88.13 34324
88.14 34326
88.15 34331
88.16 34336
88.17 34341
88.18 34349
88.20 34351
88.21 34356
88.22 34362
88.23 34367
88.24 34369
88.25 34372
88.26 34373
88.27 34376
88.28 34381
88.29 34388
88.30 34390
88.31 34395
88.32 34405
88.33 34407
88.34 34410
88.35 34415
88.36 34417
88.38 34420
88.39 34426
88.40 34432
88.41 34435
88.42 34439
88.43 34441
88.44 34447
88.45 34449
88.46 34453
88.47 34455
88.48 34460
88.49 34466
88.50 34472
88.51 34479
88.52 34484
88.53 34488
88.54 34494
88.55 34500
88.57 34507
88.58 34513
88.59 34519
88.60 34526
88.61 34528
88.62 34534
88.63 34541
88.64 34546
88.65 34549
88.66 34557
88.67 34563
88.68 34564
88.69 34570
88.70 34575
88.71 34582
88.72 34589
88.73 34593
88.75 34600
88.76 34602
88.77 34609
88.78 34615
88.79 34620
88.80 34622
88.81 34626
88.82 34630
88.83 34636
88.84 34644
88.85 34651
88.86 34657
88.87 34664
88.88 34671
88.89 34677
88.90 34681
88.91 34685
88.93 34691
88.94 34697
88.95 34702
88.96 34706
88.97 34712
88.98 34714
88.99 34719
89.00 34725
89.01 34730
89.02 34734
89.03 34739
89.04 34742
89.05 34746
89.06 34753
89.07 34757
89.08 34761
89.09 34768
89.11 34777
89.12 34783
89.13 34790
89.14 34796
89.15 34803
89.16 34805
89.17 34807
89.18 34813
89.19 34819
89.20 34821
89.21 34824
89.22 34829
89.23 34834
89.24 34838
89.25 34839
89.26 34844
89.27 34848
89.29 34853
89.30 34859
89.31 34865
89.32 34867
89.33 34869
89.34 34871
89.35 34877
89.36 34879
89.37 34880
89.38 34882
89.39 34885
89.40 34886
89.41 34888
89.42 34892
89.43 34895
89.44 34897
89.45 34898
89.46 34899
89.48 34904
89.49 34907
89.50 34911
89.51 34912
89.52 34915
89.53 34917
89.54 34919
89.55 34921
89.56 34923
89.57 34924
89.58 34927
89.59 34930
89.60 34932
89.61 34938
89.62 34938
89.63 34939
89.64 34942
89.66 34943
89.67 34946
89.68 34946
89.69 34947
89.70 34949
89.71 34950
89.72 34952
89.73 34957
89.74 34957
89.75 34957
89.76 34960
89.77 34961
89.78 34961
89.79 34962
89.80 34962
89.81 34962
89.82 34962
89.84 34962
89.85 34962
89.86 34962
89.87 34962
89.88 34962
89.89 34962
89.90 34964
89.91 34964
89.92 34964
89.93 34967
89.94 34968
89.95 34968
89.96 34971
89.97 34971
89.98 34973
89.99 34974
90.00 34974
90.02 34976
90.03 34978
90.04 34978
90.05 34978
90.06 34979
90.07 34985
90.08 34987
90.09 34990
90.10 34992
90.11 34993
90.12 34993
90.13 34993
90.14 34996
90.15 34997
90.16 35003
90.17 35006
90.18 35011
90.20 35020
90.21 35028
90.22 35035
90.23 35038
90.24 35040
90.25 35043
90.26 35049
90.27 35052
90.28 35055
90.29 35059
90.30 35063
90.31 35067
90.32 35073
90.33 35073
90.34 35075
90.35 35076
90.36 35081
90.37 35084
90.39 35088
90.40 35089
90.41 35091
90.42 35096
90.43 35100
90.44 35103
90.45 35106
90.46 35107
90.47 35109
90.48 35109
90.49 35112
90.50 35115
90.51 35123
90.52 35128
90.53 35132
90.54 35138
90.55 35142
90.57 35144
90.58 35146
90.59 35149
90.60 35151
90.61 35153
90.62 35159
90.63 35166
90.64 35168
90.65 35174
90.66 35182
90.67 35191
90.68 35198
90.69 35206
90.70 35212
90.71 35218
90.72 35223
90.73 35231
90.75 35234
90.76 35237
90.77 35244
90.78 35248
90.79 35252
90.80 35256
90.81 35260
90.82 35266
90.83 35272
90.84 35276
90.85 35283
90.86 35286
90.87 35289
90.88 35294
90.89 35301
90.90 35306
90.91 35311
90.93 35315
90.94 35319
90.95 35322
90.96 35325
90.97 35329
90.98 35335
90.99 35341
91.00 35342
91.01 35347
91.02 35351
91.03 35359
91.04 35368
91.05 35376
91.06 35382
91.07 35389
91.08 35393
91.09 35398
91.11 35405
91.12 35412
91.13 35417
91.14 35424
91.15 35430
91.16 35437
91.17 35442
91.18 35448
91.19 35455
91.20 35456
91.21 35461
91.22 35466
91.23 35474
91.24 35480
91.25 35487
91.26 35493
91.27 35498
91.28 35505
91.30 35511
91.31 35517
91.32 35521
91.33 35522
91.34 35525
91.35 35530
91.36 35537
91.37 35543
91.38 35550
91.39 35558
91.40 35565
91.41 35572
91.42 35578
91.43 35584
91.44 35590
91.45 35595
91.46 35599
91.48 35606
91.49 35611
91.50 35618
91.51 35622
91.52 35626
91.53 35631
91.54 35634
91.55 35636
91.56 35640
91.57 35644
91.58 35651
91.59 35656
91.60 35662
91.61 35668
91.62 35672
91.63 35676
91.64 35679
91.66 35685
91.67 35692
91.68 35697
91.69 35702
91.70 35707
91.71 35710
91.72 35717
91.73 35724
91.74 35730
91.75 35734
91.76 35738
91.77 35745
91.78 35752
91.79 35759
91.80 35766
91.81 35767
91.82 35773
91.84 35780
91.85 35788
91.86 35793
91.87 35798
91.88 35801
91.89 35804
91.90 35808
91.91 35812
91.92 35816
91.93 35819
91.94 35824
91.95 35830
91.96 35836
91.97 35844
91.98 35852
91.99 35858
92.00 35865
92.02 35869
92.03 35875
92.04 35879
92.05 35885
92.06 35891
92.07 35895
92.08 35900
92.09 35906
92.10 35910
92.11 35915
92.12 35920
92.13 35926
92.14 35933
92.15 35939
92.16 35942
92.17 35946
92.18 35948
92.19 35952
92.21 35954
92.22 35955
92.23 35959
92.24 35964
92.25 35973
92.26 35979
92.27 35986
92.28 35988
92.29 35992
92.30 35996
92.31 35998
92.32 36000
92.33 36005
92.34 36012
92.35 36020
92.36 36022
92.37 36024
92.39 36028
92.40 36032
92.41 36039
92.42 36045
92.43 36049
92.44 36056
92.45 36062
92.46 36069
92.47 36074
92.48 36082
92.49 36089
92.50 36094
92.51 36099
92.52 36106
92.53 36112
92.54 36115
92.55 36120
92.57 36123
92.58 36128
92.59 36137
92.60 36142
92.61 36148
92.62 36154
92.63 36159
92.64 36164
92.65 36169
92.66 36176
92.67 36181
92.68 36187
92.69 36193
92.70 36200
92.71 36207
92.72 36214
92.73 36222
92.75 36229
92.76 36235
92.77 36242
92.78 36246
92.79 36253
92.80 36256
92.81 36261
92.82 36262
92.83 36269
92.84 36275
92.85 36279
92.86 36285
92.87 36289
92.88 36294
92.89 36296
92.90 36300
92.91 36308
92.93 36313
92.94 36317
92.95 36325
92.96 36328
92.97 36329
92.98 36332
92.99 36339
93.00 36345
93.01 36350
93.02 36354
93.03 36360
93.04 36366
93.05 36369
93.06 36378
93.07 36384
93.08 36388
93.09 36391
93.10 36395
93.12 36399
93.13 36404
93.14 36410
93.15 36413
93.16 36417
93.17 36420
93.18 36424
93.19 36430
93.20 36438
93.21 36442
93.22 36448
93.23 36455
93.24 36459
93.25 36466
93.26 36472
93.27 36475
93.28 36482
93.30 36488
93.31 36493
93.32 36499
93.33 36505
93.34 36510
93.35 36514
93.36 36520
93.37 36525
93.38 36531
93.39 36536
93.40 36542
93.41 36545
93.42 36549
93.43 36557
93.44 36563
93.45 36567
93.46 36572
93.48 36578
93.49 36584
93.50 36591
93.51 36598
93.52 36600
93.53 36605
93.54 36608
93.55 36609
93.56 36614
93.57 36618
93.58 36619
93.59 36626
93.60 36630
93.61 36637
93.62 36644
93.63 36648
93.64 36651
93.66 36653
93.67 36661
93.68 36664
93.69 36666
93.70 36668
93.71 36670
93.72 36676
93.73 36684
93.74 36689
93.75 36693
93.76 36696
93.77 36702
93.78 36708
93.79 36715
93.80 36719
93.81 36728
93.82 36736
93.84 36742
93.85 36749
93.86 36754
93.87 36761
93.88 36766
93.89 36772
93.90 36780
93.91 36787
93.92 36795
93.93 36800
93.94 36807
93.95 36816
93.96 36823
93.97 36830
93.98 36837
93.99 36843
94.00 36849
94.01 36853
94.03 36857
94.04 36863
94.05 36866
94.06 36869
94.07 36872
94.08 36874
94.09 36878
94.10 36883
94.11 36887
94.12 36892
94.13 36893
94.14 36897
94.15 36903
94.16 36907
94.17 36911
94.18 36919
94.19 36925
94.21 36933
94.22 36939
94.23 36943
94.24 36949
94.25 36954
94.26 36958
94.27 36963
94.28 36969
94.29 36975
94.30 36980
94.31 36986
94.32 36992
94.33 36996
94.34 37003
94.35 37010
94.36 37015
94.37 37022
94.39 37029
94.40 37035
94.41 37041
94.42 37047
94.43 37052
94.44 37056
94.45 37061
94.46 37066
94.47 37069
94.48 37073
94.49 37076
94.50 37081
94.51 37086
94.52 37089
94.53 37095
94.54 37102
94.55 37108
94.57 37113
94.58 37117
94.59 37122
94.60 37123
94.61 37127
94.62 37130
94.63 37136
94.64 37139
94.65 37144
94.66 37148
94.67 37153
94.68 37159
94.69 37163
94.70 37169
94.71 37174
94.72 37181
94.73 37185
94.75 37189
94.76 37195
94.77 37199
94.78 37203
94.79 37211
94.80 37217
94.81 37224
94.82 37231
94.83 37236
94.84 37241
94.85 37243
94.86 37249
94.87 37253
94.88 37258
94.89 37263
94.90 37266
94.91 37270
94.92 37276
94.94 37278
94.95 37279
94.96 37283
94.97 37289
94.98 37294
94.99 37301
95.00 37306
95.01 37309
95.02 37317
95.03 37323
95.04 37331
95.05 37335
95.06 37342
95.07 37349
95.08 37359
95.09 37365
95.10 37371
95.12 37377
95.13 37380
95.14 37384
95.15 37389
95.16 37396
95.17 37402
95.18 37405
95.19 37408
95.20 37411
95.21 37414
95.22 37415
95.23 37418
95.24 37423
95.25 37427
95.26 37429
95.27 37434
95.28 37436
95.30 37440
95.31 37444
95.32 37446
95.33 37447
95.34 37448
95.35 37450
95.36 37451
95.37 37452
95.38 37454
95.39 37455
95.40 37455
95.41 37457
95.42 37460
95.43 37462
95.44 37466
95.45 37467
95.46 37468
95.48 37469
95.49 37471
95.50 37475
95.51 37483
95.52 37487
95.53 37492
95.54 37495
95.55 37501
95.56 37505
95.57 37509
95.58 37512
95.59 37515
95.60 37522
95.61 37525
95.62 37530
95.63 37533
95.64 37537
95.66 37544
95.67 37548
95.68 37551
95.69 37558
95.70 37561
95.71 37563
95.72 37568
95.73 37570
95.74 37571
95.75 37575
95.76 37580
95.77 37586
95.78 37592
95.79 37597
95.80 37603
95.81 37608
95.82 37614
95.83 37619
95.85 37624
95.86 37628
95.87 37633
95.88 37636
95.89 37642
95.90 37648
95.91 37656
95.92 37660
95.93 37665
95.94 37670
95.95 37675
95.96 37677
95.97 37682
95.98 37686
95.99 37692
96.00 37698
96.01 37702
96.03 37709
96.04 37714
96.05 37721
96.06 37725
96.07 37731
96.08 37738
96.09 37744
96.10 37749
96.11 37756
96.12 37760
96.13 37763
96.14 37772
96.15 37774
96.16 37780
96.17 37783
96.18 37791
96.19 37797
96.21 37802
96.22 37807
96.23 37815
96.24 37819
96.25 37822
96.26 37829
96.27 37837
96.28 37843
96.29 37848
96.30 37854
96.31 37860
96.32 37868
96.33 37873
96.34 37880
96.35 37885
96.36 37891
96.37 37897
96.39 37903
96.40 37908
96.41 37915
96.42 37919
96.43 37923
96.44 37929
96.45 37933
96.46 37937
96.47 37942
96.48 37948
96.49 37953
96.50 37957
96.51 37960
96.52 37961
96.53 37966
96.54 37972
96.55 37976
96.57 37983
96.58 37984
96.59 37991
96.60 37996
96.61 38001
96.62 38006
96.63 38010
96.64 38015
96.65 38019
96.66 38024
96.67 38030
96.68 38036
96.69 38038
96.70 38045
96.71 38050
96.72 38058
96.73 38065
96.74 38071
96.76 38077
96.77 38083
96.78 38089
96.79 38095
96.80 38101
96.81 38108
96.82 38113
96.83 38119
96.84 38123
96.85 38126
96.86 38134
96.87 38140
96.88 38144
96.89 38149
96.90 38155
96.91 38160
96.92 38165
96.94 38170
96.95 38176
96.96 38183
96.97 38186
96.98 38189
96.99 38195
97.00 38201
97.01 38206
97.02 38214
97.03 38218
97.04 38222
97.05 38224
97.06 38228
97.07 38231
97.08 38236
97.09 38244
97.10 38250
97.12 38255
97.13 38261
97.14 38267
97.15 38270
97.16 38277
97.17 38283
97.18 38288
97.19 38294
97.20 38301
97.21 38307
97.22 38313
97.23 38317
97.24 38323
97.25 38327
97.26 38329
97.27 38336
97.28 38342
97.30 38348
97.31 38351
97.32 38356
97.33 38363
97.34 38371
97.35 38374
97.36 38379
97.37 38384
97.38 38387
97.39 38392
97.40 38399
97.41 38405
97.42 38409
97.43 38416
97.44 38422
97.45 38430
97.46 38434
97.48 38440
97.49 38442
97.50 38446
97.51 38450
97.52 38456
97.53 38462
97.54 38467
97.55 38472
97.56 38480
97.57 38486
97.58 38490
97.59 38496
97.60 38501
97.61 38504
97.62 38512
97.63 38518
97.64 38524
97.65 38530
97.67 38536
97.68 38543
97.69 38549
97.70 38552
97.71 38558
97.72 38565
97.73 38571
97.74 38576
97.75 38580
97.76 38585
97.77 38591
97.78 38595
97.79 38600
97.80 38607
97.81 38615
97.82 38621
97.83 38626
97.85 38636
97.86 38642
97.87 38648
97.88 38655
97.89 38660
97.90 38665
97.91 38669
97.92 38673
97.93 38683
97.94 38688
97.95 38696
97.96 38700
97.97 38706
97.98 38711
97.99 38716
98.00 38718
98.01 38720
98.03 38720
98.04 38728
98.05 38733
98.06 38739
98.07 38745
98.08 38749
98.09 38757
98.10 38764
98.11 38772
98.12 38778
98.13 38785
98.14 38792
98.15 38798
98.16 38804
98.17 38811
98.18 38817
98.19 38822
98.21 38829
98.22 38836
98.23 38841
98.24 38845
98.25 38849
98.26 38851
98.27 38855
98.28 38860
98.29 38863
98.30 38867
98.31 38872
98.32 38877
98.33 38883
98.34 38887
98.35 38892
98.36 38895
98.37 38898
98.39 38905
98.40 38912
98.41 38918
98.42 38922
98.43 38924
98.44 38925
98.45 38931
98.46 38935
98.47 38942
98.48 38946
98.49 38951
98.50 38955
98.51 38962
98.52 38969
98.53 38975
98.54 38982
98.55 38987
98.56 38997
98.58 39003
98.59 39007
98.60 39011
98.61 39014
98.62 39018
98.63 39023
98.64 39030
98.65 39036
98.66 39041
98.67 39043
98.68 39046
98.69 39048
98.70 39054
98.71 39058
98.72 39063
98.73 39066
98.74 39071
98.76 39076
98.77 39076
98.78 39078
98.79 39081
98.80 39087
98.81 39093
98.82 39100
98.83 39103
98.84 39111
98.85 39117
98.86 39123
98.87 39130
98.88 39135
98.89 39140
98.90 39143
98.91 39147
98.92 39150
98.94 39154
98.95 39156
98.96 39163
98.97 39169
98.98 39175
98.99 39181
99.00 39187
99.01 39191
99.02 39196
99.03 39201
99.04 39207
99.05 39211
99.06 39217
99.07 39225
99.08 39231
99.09 39239
99.10 39246
99.12 39250
99.13 39252
99.14 39256
99.15 39261
99.16 39264
99.17 39266
99.18 39273
99.19 39279
99.20 39283
99.21 39289
99.22 39296
99.23 39303
99.24 39307
99.25 39314
99.26 39314
99.27 39320
99.28 39324
99.30 39329
99.31 39334
99.32 39339
99.33 39340
99.34 39346
99.35 39350
99.36 39353
99.37 39355
99.38 39359
99.39 39367
99.40 39373
99.41 39380
99.42 39386
99.43 39392
99.44 39396
99.45 39398
99.46 39404
99.47 39405
99.49 39409
99.50 39414
99.51 39420
99.52 39425
99.53 39428
99.54 39432
99.55 39439
99.56 39444
99.57 39451
99.58 39458
99.59 39462
99.60 39468
99.61 39473
99.62 39476
99.63 39481
99.64 39484
99.65 39490
99.67 39497
99.68 39501
99.69 39507
99.70 39513
99.71 39521
99.72 39526
99.73 39533
99.74 39537
99.75 39543
99.76 39548
99.77 39556
99.78 39560
99.79 39564
99.80 39569
99.81 39575
99.82 39580
99.83 39586
99.85 39592
99.86 39597
99.87 39603
99.88 39610
99.89 39612
99.90 39616
99.91 39622
99.92 39627
99.93 39630
99.94 39636
99.95 39642
99.96 39649
99.97 39655
99.98 39662
99.99 39668
