run_name,run_status,summary_source,timestamp_utc,updated_utc,source_langs,target_langs,pair_count,pairs_input_spec,schedule,total_steps,sft_steps,distill_steps,lambda_kd,mu_triplet,kd_temperature,margin,teacher_model_cfg,student_model_cfg,student_model_cfg_exists,resumed,resume_stage,resume_from,resume_from_exists,selected_checkpoint_exists,artifact_health,recommended_resume_from,group_label,eval_variant,eval_checkpoint,decode,decode_mode,temperature,top_p,top_k,evaluated_model,evaluated_model_exists,execution_mode,arch,adapter_name,runtime_device,dtype,model_id,model_revision,tokenizer_id,tokenizer_revision,comet_available,is_baseline,display_name,quality_tier,params,license,external_wmt13_en_es_translation_benchmark_128_bleu,external_wmt13_en_es_translation_benchmark_128_chrf,external_wmt13_en_es_translation_benchmark_128_comet,external_wmt13_en_es_translation_benchmark_128_pairs,external_wmt13_en_es_translation_benchmark_128_eval_dir,external_wmt13_en_es_translation_benchmark_128_en_es_bleu,external_wmt13_en_es_translation_benchmark_128_en_es_chrf,external_wmt13_en_es_translation_benchmark_128_en_es_comet,external_wmt13_en_es_translation_benchmark_128_en_es_sample_count,external_wmt13_en_es_translation_benchmark_128_es_en_bleu,external_wmt13_en_es_translation_benchmark_128_es_en_chrf,external_wmt13_en_es_translation_benchmark_128_es_en_comet,external_wmt13_en_es_translation_benchmark_128_es_en_sample_count,external_wmt13_en_es_translation_benchmark_128_total_sample_count,indomain_clean_merged_en_es_translation_benchmark_128_bleu,indomain_clean_merged_en_es_translation_benchmark_128_chrf,indomain_clean_merged_en_es_translation_benchmark_128_comet,indomain_clean_merged_en_es_translation_benchmark_128_pairs,indomain_clean_merged_en_es_translation_benchmark_128_eval_dir,indomain_clean_merged_en_es_translation_benchmark_128_en_es_bleu,indomain_clean_merged_en_es_translation_benchmark_128_en_es_chrf,indomain_clean_merged_en_es_translation_benchmark_128_en_es_comet,indomain_clean_merged_en_es_translation_benchmark_128_en_es_sample_count,indomain_clean_merged_en_es_translation_benchmark_128_es_en_bleu,indomain_clean_merged_en_es_translation_benchmark_128_es_en_chrf,indomain_clean_merged_en_es_translation_benchmark_128_es_en_comet,indomain_clean_merged_en_es_translation_benchmark_128_es_en_sample_count,indomain_clean_merged_en_es_translation_benchmark_128_total_sample_count,other_eval_sets,other_eval_count,external_minus_indomain_bleu
savant_student_teacher_paired_20260710,contract_only,run_contract,2026-07-10 16:58:54 UTC,2026-07-10 17:21:53 UTC,,,,"projects/distillation/translation/training_data/translate_distill_pairs.eval2_wmt13_enes_128.jsonl,projects/distillation/translation/training_data/translate_distill_pairs.eval3_indomain_clean_merged_128.jsonl",paired_eval,,,,,,,,,,,true,stage_a,projects/distillation/translation/runs/translategemma4b_es_en_gemma3_1b_stagea_goldgrid_rows1600_bf16_codexreplace05_pack06_defer_studentonly_v1/stage_a/checkpoint-004000,true,,ok,,stage_a__checkpoint-004000,stage_a,checkpoint-004000,,greedy,0.0000,1.0000,50,projects/distillation/translation/runs/translategemma4b_es_en_gemma3_1b_stagea_goldgrid_rows1600_bf16_codexreplace05_pack06_defer_studentonly_v1/stage_a/checkpoint-004000,true,causal-chat,gemma_causal_lm,translategemma,cuda,bfloat16,projects/distillation/translation/runs/translategemma4b_es_en_gemma3_1b_stagea_goldgrid_rows1600_bf16_codexreplace05_pack06_defer_studentonly_v1/stage_a/checkpoint-004000,,projects/distillation/translation/runs/translategemma4b_es_en_gemma3_1b_stagea_goldgrid_rows1600_bf16_codexreplace05_pack06_defer_studentonly_v1/stage_a/checkpoint-004000,,false,false,,,,,33.7353,59.6065,,projects/distillation/translation/training_data/translate_distill_pairs.eval2_wmt13_enes_128.jsonl,external_wmt13_128,32.3199,58.7193,,64,33.2660,60.6673,,64,128,54.4500,72.3516,,projects/distillation/translation/training_data/translate_distill_pairs.eval3_indomain_clean_merged_128.jsonl,indomain_clean_128,57.7884,73.0159,,64,50.3034,71.5408,,64,128,,0,-20.7147
savant_student_beam4_20260710,contract_only,run_contract,2026-07-10 16:56:15 UTC,2026-07-10 16:57:46 UTC,,,,projects/distillation/translation/training_data/translate_distill_pairs.eval2_wmt13_enes_128.jsonl,decode_eval,,,,,,,,,,,true,stage_a,projects/distillation/translation/runs/translategemma4b_es_en_gemma3_1b_stagea_goldgrid_rows1600_bf16_codexreplace05_pack06_defer_studentonly_v1/stage_a/checkpoint-004000,true,,ok,,stage_a__checkpoint-004000,stage_a,checkpoint-004000,,beam,0.0000,1.0000,50,projects/distillation/translation/runs/translategemma4b_es_en_gemma3_1b_stagea_goldgrid_rows1600_bf16_codexreplace05_pack06_defer_studentonly_v1/stage_a/checkpoint-004000,true,causal-chat,gemma_causal_lm,translategemma,cuda,bfloat16,projects/distillation/translation/runs/translategemma4b_es_en_gemma3_1b_stagea_goldgrid_rows1600_bf16_codexreplace05_pack06_defer_studentonly_v1/stage_a/checkpoint-004000,,projects/distillation/translation/runs/translategemma4b_es_en_gemma3_1b_stagea_goldgrid_rows1600_bf16_codexreplace05_pack06_defer_studentonly_v1/stage_a/checkpoint-004000,,false,false,,,,,33.1405,59.3544,,projects/distillation/translation/training_data/translate_distill_pairs.eval2_wmt13_enes_128.jsonl,external_wmt13_128,31.8440,58.4075,,64,32.6197,60.4875,,64,128,,,,,,,,,,,,,,,,0,
translategemma4b_es_en_gemma3_1b_stagea_goldgrid_rows1600_bf16_codexreplace05_pack06_ckpt4000_lr5e6_1k_dense250_v1,completed,train_summary,2026-07-09 21:22:27 UTC,2026-07-10 00:55:03 UTC,"en,es","en,es",1600,/home/x/deco/gamma/projects/distillation/translation/runs/translategemma4b_es_en_gemma3_1b_stagea_goldgrid_rows1600_bf16_codexreplace05_pack06_ckpt4000_lr5e6_1k_dense250_v1/inputs/train_pairs.rows1600.normalized.jsonl,A_then_B,1000,1000,0,0.0000,0.0000,1.0000,0.2000,google/translategemma-4b-it,/home/x/deco/gamma/projects/distillation/translation/runs/translategemma4b_es_en_gemma3_1b_stagea_goldgrid_rows1600_bf16_codexreplace05_pack06_defer_studentonly_v1/stage_a/checkpoint-004000,true,false,None,,,true,ok,/home/x/deco/gamma/projects/distillation/translation/runs/translategemma4b_es_en_gemma3_1b_stagea_goldgrid_rows1600_bf16_codexreplace05_pack06_ckpt4000_lr5e6_1k_dense250_v1/stage_a/checkpoint-000500,stage_a__checkpoint-001000,stage_a,checkpoint-001000,greedy,greedy,0.0000,1.0000,50,/home/x/deco/gamma/projects/distillation/translation/runs/translategemma4b_es_en_gemma3_1b_stagea_goldgrid_rows1600_bf16_codexreplace05_pack06_ckpt4000_lr5e6_1k_dense250_v1/stage_a/checkpoint-001000,true,causal-chat,gemma_causal_lm,translategemma,cuda,bfloat16,/home/x/deco/gamma/projects/distillation/translation/runs/translategemma4b_es_en_gemma3_1b_stagea_goldgrid_rows1600_bf16_codexreplace05_pack06_ckpt4000_lr5e6_1k_dense250_v1/stage_a/checkpoint-001000,,/home/x/deco/gamma/projects/distillation/translation/runs/translategemma4b_es_en_gemma3_1b_stagea_goldgrid_rows1600_bf16_codexreplace05_pack06_ckpt4000_lr5e6_1k_dense250_v1/stage_a/checkpoint-001000,,false,false,,,,,33.2540,59.6206,,/home/x/deco/gamma/projects/distillation/translation/training_data/translate_distill_pairs.eval2_wmt13_enes_128.jsonl,attempt_01_cuda,31.4720,58.5278,,64,32.6302,60.9252,,64,128,54.1300,72.2997,,/home/x/deco/gamma/projects/distillation/translation/training_data/translate_distill_pairs.eval3_indomain_clean_merged_128.jsonl,attempt_01_cuda,57.6470,73.0731,,64,49.7710,71.3566,,64,128,,0,-20.8760
translategemma4b_es_en_gemma3_1b_stagea_goldgrid_rows1600_bf16_codexreplace05_pack06_ckpt4000_lr5e6_1k_dense250_v1,completed,train_summary,2026-07-09 21:22:27 UTC,2026-07-10 00:55:03 UTC,"en,es","en,es",1600,/home/x/deco/gamma/projects/distillation/translation/runs/translategemma4b_es_en_gemma3_1b_stagea_goldgrid_rows1600_bf16_codexreplace05_pack06_ckpt4000_lr5e6_1k_dense250_v1/inputs/train_pairs.rows1600.normalized.jsonl,A_then_B,1000,1000,0,0.0000,0.0000,1.0000,0.2000,google/translategemma-4b-it,/home/x/deco/gamma/projects/distillation/translation/runs/translategemma4b_es_en_gemma3_1b_stagea_goldgrid_rows1600_bf16_codexreplace05_pack06_defer_studentonly_v1/stage_a/checkpoint-004000,true,false,None,,,true,ok,/home/x/deco/gamma/projects/distillation/translation/runs/translategemma4b_es_en_gemma3_1b_stagea_goldgrid_rows1600_bf16_codexreplace05_pack06_ckpt4000_lr5e6_1k_dense250_v1/stage_a/checkpoint-000500,stage_a__checkpoint-000750,stage_a,checkpoint-000750,greedy,greedy,0.0000,1.0000,50,/home/x/deco/gamma/projects/distillation/translation/runs/translategemma4b_es_en_gemma3_1b_stagea_goldgrid_rows1600_bf16_codexreplace05_pack06_ckpt4000_lr5e6_1k_dense250_v1/stage_a/checkpoint-000750,true,causal-chat,gemma_causal_lm,translategemma,cuda,bfloat16,/home/x/deco/gamma/projects/distillation/translation/runs/translategemma4b_es_en_gemma3_1b_stagea_goldgrid_rows1600_bf16_codexreplace05_pack06_ckpt4000_lr5e6_1k_dense250_v1/stage_a/checkpoint-000750,,/home/x/deco/gamma/projects/distillation/translation/runs/translategemma4b_es_en_gemma3_1b_stagea_goldgrid_rows1600_bf16_codexreplace05_pack06_ckpt4000_lr5e6_1k_dense250_v1/stage_a/checkpoint-000750,,false,false,,,,,33.5596,59.6652,,/home/x/deco/gamma/projects/distillation/translation/training_data/translate_distill_pairs.eval2_wmt13_enes_128.jsonl,attempt_01_cuda,31.7375,58.5848,,64,32.9128,60.9534,,64,128,54.2740,72.1731,,/home/x/deco/gamma/projects/distillation/translation/training_data/translate_distill_pairs.eval3_indomain_clean_merged_128.jsonl,attempt_01_cuda,57.7924,72.8777,,64,49.9477,71.3147,,64,128,,0,-20.7144
translategemma4b_es_en_gemma3_1b_stagea_goldgrid_rows1600_bf16_codexreplace05_pack06_ckpt4000_lr5e6_1k_dense250_v1,completed,train_summary,2026-07-09 21:22:27 UTC,2026-07-10 00:55:03 UTC,"en,es","en,es",1600,/home/x/deco/gamma/projects/distillation/translation/runs/translategemma4b_es_en_gemma3_1b_stagea_goldgrid_rows1600_bf16_codexreplace05_pack06_ckpt4000_lr5e6_1k_dense250_v1/inputs/train_pairs.rows1600.normalized.jsonl,A_then_B,1000,1000,0,0.0000,0.0000,1.0000,0.2000,google/translategemma-4b-it,/home/x/deco/gamma/projects/distillation/translation/runs/translategemma4b_es_en_gemma3_1b_stagea_goldgrid_rows1600_bf16_codexreplace05_pack06_defer_studentonly_v1/stage_a/checkpoint-004000,true,false,None,,,true,ok,/home/x/deco/gamma/projects/distillation/translation/runs/translategemma4b_es_en_gemma3_1b_stagea_goldgrid_rows1600_bf16_codexreplace05_pack06_ckpt4000_lr5e6_1k_dense250_v1/stage_a/checkpoint-000500,stage_a__checkpoint-000500,stage_a,checkpoint-000500,greedy,greedy,0.0000,1.0000,50,/home/x/deco/gamma/projects/distillation/translation/runs/translategemma4b_es_en_gemma3_1b_stagea_goldgrid_rows1600_bf16_codexreplace05_pack06_ckpt4000_lr5e6_1k_dense250_v1/stage_a/checkpoint-000500,true,causal-chat,gemma_causal_lm,translategemma,cuda,bfloat16,/home/x/deco/gamma/projects/distillation/translation/runs/translategemma4b_es_en_gemma3_1b_stagea_goldgrid_rows1600_bf16_codexreplace05_pack06_ckpt4000_lr5e6_1k_dense250_v1/stage_a/checkpoint-000500,,/home/x/deco/gamma/projects/distillation/translation/runs/translategemma4b_es_en_gemma3_1b_stagea_goldgrid_rows1600_bf16_codexreplace05_pack06_ckpt4000_lr5e6_1k_dense250_v1/stage_a/checkpoint-000500,,false,false,,,,,33.3643,59.6819,,/home/x/deco/gamma/projects/distillation/translation/training_data/translate_distill_pairs.eval2_wmt13_enes_128.jsonl,attempt_01_cuda,31.4961,58.5796,,64,32.8317,60.9962,,64,128,54.3043,72.3526,,/home/x/deco/gamma/projects/distillation/translation/training_data/translate_distill_pairs.eval3_indomain_clean_merged_128.jsonl,attempt_01_cuda,57.8858,73.1636,,64,49.8897,71.3647,,64,128,,0,-20.9400
translategemma4b_es_en_gemma3_1b_stagea_goldgrid_rows1600_bf16_codexreplace05_pack06_ckpt4000_lr5e6_1k_dense250_v1,completed,train_summary,2026-07-09 21:22:27 UTC,2026-07-10 00:55:03 UTC,"en,es","en,es",1600,/home/x/deco/gamma/projects/distillation/translation/runs/translategemma4b_es_en_gemma3_1b_stagea_goldgrid_rows1600_bf16_codexreplace05_pack06_ckpt4000_lr5e6_1k_dense250_v1/inputs/train_pairs.rows1600.normalized.jsonl,A_then_B,1000,1000,0,0.0000,0.0000,1.0000,0.2000,google/translategemma-4b-it,/home/x/deco/gamma/projects/distillation/translation/runs/translategemma4b_es_en_gemma3_1b_stagea_goldgrid_rows1600_bf16_codexreplace05_pack06_defer_studentonly_v1/stage_a/checkpoint-004000,true,false,None,,,true,ok,/home/x/deco/gamma/projects/distillation/translation/runs/translategemma4b_es_en_gemma3_1b_stagea_goldgrid_rows1600_bf16_codexreplace05_pack06_ckpt4000_lr5e6_1k_dense250_v1/stage_a/checkpoint-000500,stage_a__checkpoint-000250,stage_a,checkpoint-000250,greedy,greedy,0.0000,1.0000,50,/home/x/deco/gamma/projects/distillation/translation/runs/translategemma4b_es_en_gemma3_1b_stagea_goldgrid_rows1600_bf16_codexreplace05_pack06_ckpt4000_lr5e6_1k_dense250_v1/stage_a/checkpoint-000250,true,causal-chat,gemma_causal_lm,translategemma,cuda,bfloat16,/home/x/deco/gamma/projects/distillation/translation/runs/translategemma4b_es_en_gemma3_1b_stagea_goldgrid_rows1600_bf16_codexreplace05_pack06_ckpt4000_lr5e6_1k_dense250_v1/stage_a/checkpoint-000250,,/home/x/deco/gamma/projects/distillation/translation/runs/translategemma4b_es_en_gemma3_1b_stagea_goldgrid_rows1600_bf16_codexreplace05_pack06_ckpt4000_lr5e6_1k_dense250_v1/stage_a/checkpoint-000250,,false,false,,,,,33.6283,59.6061,,/home/x/deco/gamma/projects/distillation/translation/training_data/translate_distill_pairs.eval2_wmt13_enes_128.jsonl,attempt_01_cuda,31.9981,58.4978,,64,32.9653,60.9280,,64,128,54.2064,72.2358,,/home/x/deco/gamma/projects/distillation/translation/training_data/translate_distill_pairs.eval3_indomain_clean_merged_128.jsonl,attempt_01_cuda,58.0267,73.0413,,64,49.4952,71.2541,,64,128,,0,-20.5781
translategemma4b_es_en_gemma3_1b_stagea_goldgrid_rows1600_bf16_codexreplace05_pack06_6k_dense500_defer_studentonly_v1,completed,train_summary,2026-07-09 20:41:53 UTC,2026-07-10 00:55:02 UTC,"en,es","en,es",1600,/home/x/deco/gamma/projects/distillation/translation/runs/translategemma4b_es_en_gemma3_1b_stagea_goldgrid_rows1600_bf16_codexreplace05_pack06_6k_dense500_defer_studentonly_v1/inputs/train_pairs.rows1600.normalized.jsonl,A_then_B,6000,6000,0,0.0000,0.0000,1.0000,0.2000,google/translategemma-4b-it,google/gemma-3-1b-it,,false,None,,,true,ok,/home/x/deco/gamma/projects/distillation/translation/runs/translategemma4b_es_en_gemma3_1b_stagea_goldgrid_rows1600_bf16_codexreplace05_pack06_6k_dense500_defer_studentonly_v1/stage_a/checkpoint-005000,stage_a__checkpoint-006000,stage_a,checkpoint-006000,greedy,greedy,0.0000,1.0000,50,/home/x/deco/gamma/projects/distillation/translation/runs/translategemma4b_es_en_gemma3_1b_stagea_goldgrid_rows1600_bf16_codexreplace05_pack06_6k_dense500_defer_studentonly_v1/stage_a/checkpoint-006000,true,causal-chat,gemma_causal_lm,translategemma,cuda,bfloat16,/home/x/deco/gamma/projects/distillation/translation/runs/translategemma4b_es_en_gemma3_1b_stagea_goldgrid_rows1600_bf16_codexreplace05_pack06_6k_dense500_defer_studentonly_v1/stage_a/checkpoint-006000,,/home/x/deco/gamma/projects/distillation/translation/runs/translategemma4b_es_en_gemma3_1b_stagea_goldgrid_rows1600_bf16_codexreplace05_pack06_6k_dense500_defer_studentonly_v1/stage_a/checkpoint-006000,,false,false,,,,,32.8603,58.9197,,/home/x/deco/gamma/projects/distillation/translation/training_data/translate_distill_pairs.eval2_wmt13_enes_128.jsonl,attempt_01_cuda,31.3073,57.5483,,64,32.5458,60.5584,,64,128,54.3076,72.3743,,/home/x/deco/gamma/projects/distillation/translation/training_data/translate_distill_pairs.eval3_indomain_clean_merged_128.jsonl,attempt_01_cuda,58.8249,73.9026,,64,48.7298,70.5129,,64,128,,0,-21.4473
translategemma4b_es_en_gemma3_1b_stagea_goldgrid_rows1600_bf16_codexreplace05_pack06_6k_dense500_defer_studentonly_v1,completed,train_summary,2026-07-09 20:41:53 UTC,2026-07-10 00:55:02 UTC,"en,es","en,es",1600,/home/x/deco/gamma/projects/distillation/translation/runs/translategemma4b_es_en_gemma3_1b_stagea_goldgrid_rows1600_bf16_codexreplace05_pack06_6k_dense500_defer_studentonly_v1/inputs/train_pairs.rows1600.normalized.jsonl,A_then_B,6000,6000,0,0.0000,0.0000,1.0000,0.2000,google/translategemma-4b-it,google/gemma-3-1b-it,,false,None,,,true,ok,/home/x/deco/gamma/projects/distillation/translation/runs/translategemma4b_es_en_gemma3_1b_stagea_goldgrid_rows1600_bf16_codexreplace05_pack06_6k_dense500_defer_studentonly_v1/stage_a/checkpoint-005000,stage_a__checkpoint-005500,stage_a,checkpoint-005500,greedy,greedy,0.0000,1.0000,50,/home/x/deco/gamma/projects/distillation/translation/runs/translategemma4b_es_en_gemma3_1b_stagea_goldgrid_rows1600_bf16_codexreplace05_pack06_6k_dense500_defer_studentonly_v1/stage_a/checkpoint-005500,true,causal-chat,gemma_causal_lm,translategemma,cuda,bfloat16,/home/x/deco/gamma/projects/distillation/translation/runs/translategemma4b_es_en_gemma3_1b_stagea_goldgrid_rows1600_bf16_codexreplace05_pack06_6k_dense500_defer_studentonly_v1/stage_a/checkpoint-005500,,/home/x/deco/gamma/projects/distillation/translation/runs/translategemma4b_es_en_gemma3_1b_stagea_goldgrid_rows1600_bf16_codexreplace05_pack06_6k_dense500_defer_studentonly_v1/stage_a/checkpoint-005500,,false,false,,,,,32.9406,59.0580,,/home/x/deco/gamma/projects/distillation/translation/training_data/translate_distill_pairs.eval2_wmt13_enes_128.jsonl,attempt_01_cuda,31.4547,57.8029,,64,32.5458,60.5584,,64,128,54.8321,72.6736,,/home/x/deco/gamma/projects/distillation/translation/training_data/translate_distill_pairs.eval3_indomain_clean_merged_128.jsonl,attempt_01_cuda,58.8082,73.8908,,64,49.9100,71.1904,,64,128,,0,-21.8915
translategemma4b_es_en_gemma3_1b_stagea_goldgrid_rows1600_bf16_codexreplace05_pack06_6k_dense500_defer_studentonly_v1,completed,train_summary,2026-07-09 20:41:53 UTC,2026-07-10 00:55:02 UTC,"en,es","en,es",1600,/home/x/deco/gamma/projects/distillation/translation/runs/translategemma4b_es_en_gemma3_1b_stagea_goldgrid_rows1600_bf16_codexreplace05_pack06_6k_dense500_defer_studentonly_v1/inputs/train_pairs.rows1600.normalized.jsonl,A_then_B,6000,6000,0,0.0000,0.0000,1.0000,0.2000,google/translategemma-4b-it,google/gemma-3-1b-it,,false,None,,,true,ok,/home/x/deco/gamma/projects/distillation/translation/runs/translategemma4b_es_en_gemma3_1b_stagea_goldgrid_rows1600_bf16_codexreplace05_pack06_6k_dense500_defer_studentonly_v1/stage_a/checkpoint-005000,stage_a__checkpoint-005000,stage_a,checkpoint-005000,greedy,greedy,0.0000,1.0000,50,/home/x/deco/gamma/projects/distillation/translation/runs/translategemma4b_es_en_gemma3_1b_stagea_goldgrid_rows1600_bf16_codexreplace05_pack06_6k_dense500_defer_studentonly_v1/stage_a/checkpoint-005000,true,causal-chat,gemma_causal_lm,translategemma,cuda,bfloat16,/home/x/deco/gamma/projects/distillation/translation/runs/translategemma4b_es_en_gemma3_1b_stagea_goldgrid_rows1600_bf16_codexreplace05_pack06_6k_dense500_defer_studentonly_v1/stage_a/checkpoint-005000,,/home/x/deco/gamma/projects/distillation/translation/runs/translategemma4b_es_en_gemma3_1b_stagea_goldgrid_rows1600_bf16_codexreplace05_pack06_6k_dense500_defer_studentonly_v1/stage_a/checkpoint-005000,,false,false,,,,,32.8143,58.9496,,/home/x/deco/gamma/projects/distillation/translation/training_data/translate_distill_pairs.eval2_wmt13_enes_128.jsonl,attempt_01_cuda,31.3121,57.7195,,64,32.4138,60.4190,,64,128,54.8589,72.6597,,/home/x/deco/gamma/projects/distillation/translation/training_data/translate_distill_pairs.eval3_indomain_clean_merged_128.jsonl,attempt_01_cuda,58.7759,73.8304,,64,50.0084,71.2331,,64,128,,0,-22.0446
translategemma4b_es_en_gemma3_1b_stagea_goldgrid_rows1600_bf16_codexreplace05_pack06_6k_dense500_defer_studentonly_v1,completed,train_summary,2026-07-09 20:41:53 UTC,2026-07-10 00:55:02 UTC,"en,es","en,es",1600,/home/x/deco/gamma/projects/distillation/translation/runs/translategemma4b_es_en_gemma3_1b_stagea_goldgrid_rows1600_bf16_codexreplace05_pack06_6k_dense500_defer_studentonly_v1/inputs/train_pairs.rows1600.normalized.jsonl,A_then_B,6000,6000,0,0.0000,0.0000,1.0000,0.2000,google/translategemma-4b-it,google/gemma-3-1b-it,,false,None,,,true,ok,/home/x/deco/gamma/projects/distillation/translation/runs/translategemma4b_es_en_gemma3_1b_stagea_goldgrid_rows1600_bf16_codexreplace05_pack06_6k_dense500_defer_studentonly_v1/stage_a/checkpoint-005000,stage_a__checkpoint-004500,stage_a,checkpoint-004500,greedy,greedy,0.0000,1.0000,50,/home/x/deco/gamma/projects/distillation/translation/runs/translategemma4b_es_en_gemma3_1b_stagea_goldgrid_rows1600_bf16_codexreplace05_pack06_6k_dense500_defer_studentonly_v1/stage_a/checkpoint-004500,true,causal-chat,gemma_causal_lm,translategemma,cuda,bfloat16,/home/x/deco/gamma/projects/distillation/translation/runs/translategemma4b_es_en_gemma3_1b_stagea_goldgrid_rows1600_bf16_codexreplace05_pack06_6k_dense500_defer_studentonly_v1/stage_a/checkpoint-004500,,/home/x/deco/gamma/projects/distillation/translation/runs/translategemma4b_es_en_gemma3_1b_stagea_goldgrid_rows1600_bf16_codexreplace05_pack06_6k_dense500_defer_studentonly_v1/stage_a/checkpoint-004500,,false,false,,,,,33.1271,59.3659,,/home/x/deco/gamma/projects/distillation/translation/training_data/translate_distill_pairs.eval2_wmt13_enes_128.jsonl,attempt_01_cuda,31.9752,58.5103,,64,32.3671,60.3890,,64,128,54.4878,72.5801,,/home/x/deco/gamma/projects/distillation/translation/training_data/translate_distill_pairs.eval3_indomain_clean_merged_128.jsonl,attempt_01_cuda,58.2103,73.4763,,64,49.9014,71.4890,,64,128,,0,-21.3607
translategemma4b_es_en_gemma3_1b_stagea_goldgrid_rows1600_bf16_codexreplace05_pack06_6k_dense500_defer_studentonly_v1,completed,train_summary,2026-07-09 20:41:53 UTC,2026-07-10 00:55:02 UTC,"en,es","en,es",1600,/home/x/deco/gamma/projects/distillation/translation/runs/translategemma4b_es_en_gemma3_1b_stagea_goldgrid_rows1600_bf16_codexreplace05_pack06_6k_dense500_defer_studentonly_v1/inputs/train_pairs.rows1600.normalized.jsonl,A_then_B,6000,6000,0,0.0000,0.0000,1.0000,0.2000,google/translategemma-4b-it,google/gemma-3-1b-it,,false,None,,,true,ok,/home/x/deco/gamma/projects/distillation/translation/runs/translategemma4b_es_en_gemma3_1b_stagea_goldgrid_rows1600_bf16_codexreplace05_pack06_6k_dense500_defer_studentonly_v1/stage_a/checkpoint-005000,stage_a__checkpoint-004000,stage_a,checkpoint-004000,greedy,greedy,0.0000,1.0000,50,/home/x/deco/gamma/projects/distillation/translation/runs/translategemma4b_es_en_gemma3_1b_stagea_goldgrid_rows1600_bf16_codexreplace05_pack06_6k_dense500_defer_studentonly_v1/stage_a/checkpoint-004000,true,causal-chat,gemma_causal_lm,translategemma,cuda,bfloat16,/home/x/deco/gamma/projects/distillation/translation/runs/translategemma4b_es_en_gemma3_1b_stagea_goldgrid_rows1600_bf16_codexreplace05_pack06_6k_dense500_defer_studentonly_v1/stage_a/checkpoint-004000,,/home/x/deco/gamma/projects/distillation/translation/runs/translategemma4b_es_en_gemma3_1b_stagea_goldgrid_rows1600_bf16_codexreplace05_pack06_6k_dense500_defer_studentonly_v1/stage_a/checkpoint-004000,,false,false,,,,,32.9595,59.3363,,/home/x/deco/gamma/projects/distillation/translation/training_data/translate_distill_pairs.eval2_wmt13_enes_128.jsonl,attempt_01_cuda,31.4702,58.1722,,64,32.4967,60.7281,,64,128,54.2246,72.4098,,/home/x/deco/gamma/projects/distillation/translation/training_data/translate_distill_pairs.eval3_indomain_clean_merged_128.jsonl,attempt_01_cuda,58.2487,73.5740,,64,49.2398,70.9910,,64,128,,0,-21.2651
translategemma4b_es_en_gemma3_1b_stagea_goldgrid_rows1600_bf16_codexreplace05_pack06_6k_dense500_defer_studentonly_v1,completed,train_summary,2026-07-09 20:41:53 UTC,2026-07-10 00:55:02 UTC,"en,es","en,es",1600,/home/x/deco/gamma/projects/distillation/translation/runs/translategemma4b_es_en_gemma3_1b_stagea_goldgrid_rows1600_bf16_codexreplace05_pack06_6k_dense500_defer_studentonly_v1/inputs/train_pairs.rows1600.normalized.jsonl,A_then_B,6000,6000,0,0.0000,0.0000,1.0000,0.2000,google/translategemma-4b-it,google/gemma-3-1b-it,,false,None,,,true,ok,/home/x/deco/gamma/projects/distillation/translation/runs/translategemma4b_es_en_gemma3_1b_stagea_goldgrid_rows1600_bf16_codexreplace05_pack06_6k_dense500_defer_studentonly_v1/stage_a/checkpoint-005000,stage_a__checkpoint-003500,stage_a,checkpoint-003500,greedy,greedy,0.0000,1.0000,50,/home/x/deco/gamma/projects/distillation/translation/runs/translategemma4b_es_en_gemma3_1b_stagea_goldgrid_rows1600_bf16_codexreplace05_pack06_6k_dense500_defer_studentonly_v1/stage_a/checkpoint-003500,true,causal-chat,gemma_causal_lm,translategemma,cuda,bfloat16,/home/x/deco/gamma/projects/distillation/translation/runs/translategemma4b_es_en_gemma3_1b_stagea_goldgrid_rows1600_bf16_codexreplace05_pack06_6k_dense500_defer_studentonly_v1/stage_a/checkpoint-003500,,/home/x/deco/gamma/projects/distillation/translation/runs/translategemma4b_es_en_gemma3_1b_stagea_goldgrid_rows1600_bf16_codexreplace05_pack06_6k_dense500_defer_studentonly_v1/stage_a/checkpoint-003500,,false,false,,,,,33.2081,59.4289,,/home/x/deco/gamma/projects/distillation/translation/training_data/translate_distill_pairs.eval2_wmt13_enes_128.jsonl,attempt_01_cuda,31.8447,58.3577,,64,32.4378,60.7099,,64,128,54.1295,72.0003,,/home/x/deco/gamma/projects/distillation/translation/training_data/translate_distill_pairs.eval3_indomain_clean_merged_128.jsonl,attempt_01_cuda,59.0711,73.8321,,64,48.0109,69.7682,,64,128,,0,-20.9214
translategemma4b_es_en_gemma3_1b_stagea_goldgrid_rows1600_bf16_codexreplace05_pack06_6k_dense500_defer_studentonly_v1,completed,train_summary,2026-07-09 20:41:53 UTC,2026-07-10 00:55:02 UTC,"en,es","en,es",1600,/home/x/deco/gamma/projects/distillation/translation/runs/translategemma4b_es_en_gemma3_1b_stagea_goldgrid_rows1600_bf16_codexreplace05_pack06_6k_dense500_defer_studentonly_v1/inputs/train_pairs.rows1600.normalized.jsonl,A_then_B,6000,6000,0,0.0000,0.0000,1.0000,0.2000,google/translategemma-4b-it,google/gemma-3-1b-it,,false,None,,,true,ok,/home/x/deco/gamma/projects/distillation/translation/runs/translategemma4b_es_en_gemma3_1b_stagea_goldgrid_rows1600_bf16_codexreplace05_pack06_6k_dense500_defer_studentonly_v1/stage_a/checkpoint-005000,stage_a__checkpoint-003000,stage_a,checkpoint-003000,greedy,greedy,0.0000,1.0000,50,/home/x/deco/gamma/projects/distillation/translation/runs/translategemma4b_es_en_gemma3_1b_stagea_goldgrid_rows1600_bf16_codexreplace05_pack06_6k_dense500_defer_studentonly_v1/stage_a/checkpoint-003000,true,causal-chat,gemma_causal_lm,translategemma,cuda,bfloat16,/home/x/deco/gamma/projects/distillation/translation/runs/translategemma4b_es_en_gemma3_1b_stagea_goldgrid_rows1600_bf16_codexreplace05_pack06_6k_dense500_defer_studentonly_v1/stage_a/checkpoint-003000,,/home/x/deco/gamma/projects/distillation/translation/runs/translategemma4b_es_en_gemma3_1b_stagea_goldgrid_rows1600_bf16_codexreplace05_pack06_6k_dense500_defer_studentonly_v1/stage_a/checkpoint-003000,,false,false,,,,,33.2481,59.4567,,/home/x/deco/gamma/projects/distillation/translation/training_data/translate_distill_pairs.eval2_wmt13_enes_128.jsonl,attempt_01_cuda,31.7939,58.2836,,64,32.8087,60.8633,,64,128,54.0575,71.9575,,/home/x/deco/gamma/projects/distillation/translation/training_data/translate_distill_pairs.eval3_indomain_clean_merged_128.jsonl,attempt_01_cuda,59.4427,73.8241,,64,47.4269,69.6858,,64,128,,0,-20.8094
translategemma4b_es_en_gemma3_1b_stagea_goldgrid_rows1600_bf16_codexreplace05_pack06_6k_dense500_defer_studentonly_v1,completed,train_summary,2026-07-09 20:41:53 UTC,2026-07-10 00:55:02 UTC,"en,es","en,es",1600,/home/x/deco/gamma/projects/distillation/translation/runs/translategemma4b_es_en_gemma3_1b_stagea_goldgrid_rows1600_bf16_codexreplace05_pack06_6k_dense500_defer_studentonly_v1/inputs/train_pairs.rows1600.normalized.jsonl,A_then_B,6000,6000,0,0.0000,0.0000,1.0000,0.2000,google/translategemma-4b-it,google/gemma-3-1b-it,,false,None,,,true,ok,/home/x/deco/gamma/projects/distillation/translation/runs/translategemma4b_es_en_gemma3_1b_stagea_goldgrid_rows1600_bf16_codexreplace05_pack06_6k_dense500_defer_studentonly_v1/stage_a/checkpoint-005000,stage_a__checkpoint-002500,stage_a,checkpoint-002500,greedy,greedy,0.0000,1.0000,50,/home/x/deco/gamma/projects/distillation/translation/runs/translategemma4b_es_en_gemma3_1b_stagea_goldgrid_rows1600_bf16_codexreplace05_pack06_6k_dense500_defer_studentonly_v1/stage_a/checkpoint-002500,true,causal-chat,gemma_causal_lm,translategemma,cuda,bfloat16,/home/x/deco/gamma/projects/distillation/translation/runs/translategemma4b_es_en_gemma3_1b_stagea_goldgrid_rows1600_bf16_codexreplace05_pack06_6k_dense500_defer_studentonly_v1/stage_a/checkpoint-002500,,/home/x/deco/gamma/projects/distillation/translation/runs/translategemma4b_es_en_gemma3_1b_stagea_goldgrid_rows1600_bf16_codexreplace05_pack06_6k_dense500_defer_studentonly_v1/stage_a/checkpoint-002500,,false,false,,,,,32.4301,58.7128,,/home/x/deco/gamma/projects/distillation/translation/training_data/translate_distill_pairs.eval2_wmt13_enes_128.jsonl,attempt_01_cuda,31.7092,57.9034,,64,31.3435,59.6827,,64,128,55.5306,72.9752,,/home/x/deco/gamma/projects/distillation/translation/training_data/translate_distill_pairs.eval3_indomain_clean_merged_128.jsonl,attempt_01_cuda,59.6113,74.4307,,64,50.4002,71.1987,,64,128,,0,-23.1005
translategemma4b_es_en_gemma3_1b_stagea_goldgrid_rows1600_bf16_codexreplace05_pack06_6k_dense500_defer_studentonly_v1,completed,train_summary,2026-07-09 20:41:53 UTC,2026-07-10 00:55:02 UTC,"en,es","en,es",1600,/home/x/deco/gamma/projects/distillation/translation/runs/translategemma4b_es_en_gemma3_1b_stagea_goldgrid_rows1600_bf16_codexreplace05_pack06_6k_dense500_defer_studentonly_v1/inputs/train_pairs.rows1600.normalized.jsonl,A_then_B,6000,6000,0,0.0000,0.0000,1.0000,0.2000,google/translategemma-4b-it,google/gemma-3-1b-it,,false,None,,,true,ok,/home/x/deco/gamma/projects/distillation/translation/runs/translategemma4b_es_en_gemma3_1b_stagea_goldgrid_rows1600_bf16_codexreplace05_pack06_6k_dense500_defer_studentonly_v1/stage_a/checkpoint-005000,stage_a__checkpoint-002000,stage_a,checkpoint-002000,greedy,greedy,0.0000,1.0000,50,/home/x/deco/gamma/projects/distillation/translation/runs/translategemma4b_es_en_gemma3_1b_stagea_goldgrid_rows1600_bf16_codexreplace05_pack06_6k_dense500_defer_studentonly_v1/stage_a/checkpoint-002000,true,causal-chat,gemma_causal_lm,translategemma,cuda,bfloat16,/home/x/deco/gamma/projects/distillation/translation/runs/translategemma4b_es_en_gemma3_1b_stagea_goldgrid_rows1600_bf16_codexreplace05_pack06_6k_dense500_defer_studentonly_v1/stage_a/checkpoint-002000,,/home/x/deco/gamma/projects/distillation/translation/runs/translategemma4b_es_en_gemma3_1b_stagea_goldgrid_rows1600_bf16_codexreplace05_pack06_6k_dense500_defer_studentonly_v1/stage_a/checkpoint-002000,,false,false,,,,,32.6866,58.9851,,/home/x/deco/gamma/projects/distillation/translation/training_data/translate_distill_pairs.eval2_wmt13_enes_128.jsonl,attempt_01_cuda,31.8399,57.8850,,64,31.2574,60.2982,,64,128,53.0252,71.8856,,/home/x/deco/gamma/projects/distillation/translation/training_data/translate_distill_pairs.eval3_indomain_clean_merged_128.jsonl,attempt_01_cuda,56.0688,72.3006,,64,49.2702,71.3803,,64,128,,0,-20.3386
translategemma4b_es_en_gemma3_1b_stagea_goldgrid_rows1600_bf16_codexreplace05_pack06_6k_dense500_defer_studentonly_v1,completed,train_summary,2026-07-09 20:41:53 UTC,2026-07-10 00:55:02 UTC,"en,es","en,es",1600,/home/x/deco/gamma/projects/distillation/translation/runs/translategemma4b_es_en_gemma3_1b_stagea_goldgrid_rows1600_bf16_codexreplace05_pack06_6k_dense500_defer_studentonly_v1/inputs/train_pairs.rows1600.normalized.jsonl,A_then_B,6000,6000,0,0.0000,0.0000,1.0000,0.2000,google/translategemma-4b-it,google/gemma-3-1b-it,,false,None,,,true,ok,/home/x/deco/gamma/projects/distillation/translation/runs/translategemma4b_es_en_gemma3_1b_stagea_goldgrid_rows1600_bf16_codexreplace05_pack06_6k_dense500_defer_studentonly_v1/stage_a/checkpoint-005000,stage_a__checkpoint-001500,stage_a,checkpoint-001500,greedy,greedy,0.0000,1.0000,50,/home/x/deco/gamma/projects/distillation/translation/runs/translategemma4b_es_en_gemma3_1b_stagea_goldgrid_rows1600_bf16_codexreplace05_pack06_6k_dense500_defer_studentonly_v1/stage_a/checkpoint-001500,true,causal-chat,gemma_causal_lm,translategemma,cuda,bfloat16,/home/x/deco/gamma/projects/distillation/translation/runs/translategemma4b_es_en_gemma3_1b_stagea_goldgrid_rows1600_bf16_codexreplace05_pack06_6k_dense500_defer_studentonly_v1/stage_a/checkpoint-001500,,/home/x/deco/gamma/projects/distillation/translation/runs/translategemma4b_es_en_gemma3_1b_stagea_goldgrid_rows1600_bf16_codexreplace05_pack06_6k_dense500_defer_studentonly_v1/stage_a/checkpoint-001500,,false,false,,,,,30.7036,57.7275,,/home/x/deco/gamma/projects/distillation/translation/training_data/translate_distill_pairs.eval2_wmt13_enes_128.jsonl,attempt_01_cuda,27.9642,55.4357,,64,31.4179,60.4577,,64,128,50.5056,70.4547,,/home/x/deco/gamma/projects/distillation/translation/training_data/translate_distill_pairs.eval3_indomain_clean_merged_128.jsonl,attempt_01_cuda,50.9584,69.6026,,64,49.9543,71.4892,,64,128,,0,-19.8020
translategemma4b_es_en_gemma3_1b_stagea_goldgrid_rows1600_bf16_codexreplace05_pack06_6k_dense500_defer_studentonly_v1,completed,train_summary,2026-07-09 20:41:53 UTC,2026-07-10 00:55:02 UTC,"en,es","en,es",1600,/home/x/deco/gamma/projects/distillation/translation/runs/translategemma4b_es_en_gemma3_1b_stagea_goldgrid_rows1600_bf16_codexreplace05_pack06_6k_dense500_defer_studentonly_v1/inputs/train_pairs.rows1600.normalized.jsonl,A_then_B,6000,6000,0,0.0000,0.0000,1.0000,0.2000,google/translategemma-4b-it,google/gemma-3-1b-it,,false,None,,,true,ok,/home/x/deco/gamma/projects/distillation/translation/runs/translategemma4b_es_en_gemma3_1b_stagea_goldgrid_rows1600_bf16_codexreplace05_pack06_6k_dense500_defer_studentonly_v1/stage_a/checkpoint-005000,stage_a__checkpoint-001000,stage_a,checkpoint-001000,greedy,greedy,0.0000,1.0000,50,/home/x/deco/gamma/projects/distillation/translation/runs/translategemma4b_es_en_gemma3_1b_stagea_goldgrid_rows1600_bf16_codexreplace05_pack06_6k_dense500_defer_studentonly_v1/stage_a/checkpoint-001000,true,causal-chat,gemma_causal_lm,translategemma,cuda,bfloat16,/home/x/deco/gamma/projects/distillation/translation/runs/translategemma4b_es_en_gemma3_1b_stagea_goldgrid_rows1600_bf16_codexreplace05_pack06_6k_dense500_defer_studentonly_v1/stage_a/checkpoint-001000,,/home/x/deco/gamma/projects/distillation/translation/runs/translategemma4b_es_en_gemma3_1b_stagea_goldgrid_rows1600_bf16_codexreplace05_pack06_6k_dense500_defer_studentonly_v1/stage_a/checkpoint-001000,,false,false,,,,,30.3155,56.8079,,/home/x/deco/gamma/projects/distillation/translation/training_data/translate_distill_pairs.eval2_wmt13_enes_128.jsonl,attempt_01_cuda,28.5689,55.4439,,64,31.2068,58.4452,,64,128,48.9831,69.4374,,/home/x/deco/gamma/projects/distillation/translation/training_data/translate_distill_pairs.eval3_indomain_clean_merged_128.jsonl,attempt_01_cuda,49.1992,69.8075,,64,48.6175,68.9832,,64,128,,0,-18.6676
translategemma4b_es_en_gemma3_1b_stagea_goldgrid_rows1600_bf16_codexreplace05_pack06_6k_dense500_defer_studentonly_v1,completed,train_summary,2026-07-09 20:41:53 UTC,2026-07-10 00:55:02 UTC,"en,es","en,es",1600,/home/x/deco/gamma/projects/distillation/translation/runs/translategemma4b_es_en_gemma3_1b_stagea_goldgrid_rows1600_bf16_codexreplace05_pack06_6k_dense500_defer_studentonly_v1/inputs/train_pairs.rows1600.normalized.jsonl,A_then_B,6000,6000,0,0.0000,0.0000,1.0000,0.2000,google/translategemma-4b-it,google/gemma-3-1b-it,,false,None,,,true,ok,/home/x/deco/gamma/projects/distillation/translation/runs/translategemma4b_es_en_gemma3_1b_stagea_goldgrid_rows1600_bf16_codexreplace05_pack06_6k_dense500_defer_studentonly_v1/stage_a/checkpoint-005000,stage_a__checkpoint-000500,stage_a,checkpoint-000500,greedy,greedy,0.0000,1.0000,50,/home/x/deco/gamma/projects/distillation/translation/runs/translategemma4b_es_en_gemma3_1b_stagea_goldgrid_rows1600_bf16_codexreplace05_pack06_6k_dense500_defer_studentonly_v1/stage_a/checkpoint-000500,true,causal-chat,gemma_causal_lm,translategemma,cuda,bfloat16,/home/x/deco/gamma/projects/distillation/translation/runs/translategemma4b_es_en_gemma3_1b_stagea_goldgrid_rows1600_bf16_codexreplace05_pack06_6k_dense500_defer_studentonly_v1/stage_a/checkpoint-000500,,/home/x/deco/gamma/projects/distillation/translation/runs/translategemma4b_es_en_gemma3_1b_stagea_goldgrid_rows1600_bf16_codexreplace05_pack06_6k_dense500_defer_studentonly_v1/stage_a/checkpoint-000500,,false,false,,,,,29.7101,56.9048,,/home/x/deco/gamma/projects/distillation/translation/training_data/translate_distill_pairs.eval2_wmt13_enes_128.jsonl,attempt_01_cuda,27.5867,55.2653,,64,30.0714,58.8587,,64,128,47.2662,66.9738,,/home/x/deco/gamma/projects/distillation/translation/training_data/translate_distill_pairs.eval3_indomain_clean_merged_128.jsonl,attempt_01_cuda,49.4316,67.5273,,64,43.3335,66.3026,,64,128,,0,-17.5561
translategemma4b_es_en_gemma3_1b_stagea_goldgrid_rows1600_bf16_codexreplace05_pack06_defer_studentonly_v1,completed,train_summary,2026-07-09 19:42:53 UTC,2026-07-10 00:55:03 UTC,"en,es","en,es",1600,/home/x/deco/gamma/projects/distillation/translation/runs/translategemma4b_es_en_gemma3_1b_stagea_goldgrid_rows1600_bf16_codexreplace05_pack06_defer_studentonly_v1/inputs/train_pairs.rows1600.normalized.jsonl,A_then_B,4000,4000,0,0.0000,0.0000,1.0000,0.2000,google/translategemma-4b-it,google/gemma-3-1b-it,,false,None,,,true,ok,/home/x/deco/gamma/projects/distillation/translation/runs/translategemma4b_es_en_gemma3_1b_stagea_goldgrid_rows1600_bf16_codexreplace05_pack06_defer_studentonly_v1/stage_a/checkpoint-004000,stage_a__checkpoint-004000,stage_a,checkpoint-004000,greedy,greedy,0.0000,1.0000,50,/home/x/deco/gamma/projects/distillation/translation/runs/translategemma4b_es_en_gemma3_1b_stagea_goldgrid_rows1600_bf16_codexreplace05_pack06_defer_studentonly_v1/stage_a/checkpoint-004000,true,causal-chat,gemma_causal_lm,translategemma,cuda,bfloat16,/home/x/deco/gamma/projects/distillation/translation/runs/translategemma4b_es_en_gemma3_1b_stagea_goldgrid_rows1600_bf16_codexreplace05_pack06_defer_studentonly_v1/stage_a/checkpoint-004000,,/home/x/deco/gamma/projects/distillation/translation/runs/translategemma4b_es_en_gemma3_1b_stagea_goldgrid_rows1600_bf16_codexreplace05_pack06_defer_studentonly_v1/stage_a/checkpoint-004000,,false,false,,,,,33.7353,59.6065,,/home/x/deco/gamma/projects/distillation/translation/training_data/translate_distill_pairs.eval2_wmt13_enes_128.jsonl,attempt_01_cuda,32.3199,58.7193,,64,33.2660,60.6673,,64,128,54.4500,72.3516,,/home/x/deco/gamma/projects/distillation/translation/training_data/translate_distill_pairs.eval3_indomain_clean_merged_128.jsonl,attempt_01_cuda,57.7884,73.0159,,64,50.3034,71.5408,,64,128,,0,-20.7147
translategemma4b_es_en_gemma3_1b_stagea_goldgrid_rows1600_bf16_codexreplace05_pack06_defer_studentonly_v1,completed,train_summary,2026-07-09 19:42:53 UTC,2026-07-10 00:55:03 UTC,"en,es","en,es",1600,/home/x/deco/gamma/projects/distillation/translation/runs/translategemma4b_es_en_gemma3_1b_stagea_goldgrid_rows1600_bf16_codexreplace05_pack06_defer_studentonly_v1/inputs/train_pairs.rows1600.normalized.jsonl,A_then_B,4000,4000,0,0.0000,0.0000,1.0000,0.2000,google/translategemma-4b-it,google/gemma-3-1b-it,,false,None,,,true,ok,/home/x/deco/gamma/projects/distillation/translation/runs/translategemma4b_es_en_gemma3_1b_stagea_goldgrid_rows1600_bf16_codexreplace05_pack06_defer_studentonly_v1/stage_a/checkpoint-004000,stage_a__checkpoint-003500,stage_a,checkpoint-003500,greedy,greedy,0.0000,1.0000,50,/home/x/deco/gamma/projects/distillation/translation/runs/translategemma4b_es_en_gemma3_1b_stagea_goldgrid_rows1600_bf16_codexreplace05_pack06_defer_studentonly_v1/stage_a/checkpoint-003500,true,causal-chat,gemma_causal_lm,translategemma,cuda,bfloat16,/home/x/deco/gamma/projects/distillation/translation/runs/translategemma4b_es_en_gemma3_1b_stagea_goldgrid_rows1600_bf16_codexreplace05_pack06_defer_studentonly_v1/stage_a/checkpoint-003500,,/home/x/deco/gamma/projects/distillation/translation/runs/translategemma4b_es_en_gemma3_1b_stagea_goldgrid_rows1600_bf16_codexreplace05_pack06_defer_studentonly_v1/stage_a/checkpoint-003500,,false,false,,,,,33.4022,59.4927,,/home/x/deco/gamma/projects/distillation/translation/training_data/translate_distill_pairs.eval2_wmt13_enes_128.jsonl,attempt_01_cuda,31.7909,58.4993,,64,33.0885,60.6806,,64,128,54.6898,72.4340,,/home/x/deco/gamma/projects/distillation/translation/training_data/translate_distill_pairs.eval3_indomain_clean_merged_128.jsonl,attempt_01_cuda,58.5058,73.2931,,64,49.9555,71.3856,,64,128,,0,-21.2876
translategemma4b_es_en_gemma3_1b_stagea_goldgrid_rows1600_bf16_codexreplace05_pack06_defer_studentonly_v1,completed,train_summary,2026-07-09 19:42:53 UTC,2026-07-10 00:55:03 UTC,"en,es","en,es",1600,/home/x/deco/gamma/projects/distillation/translation/runs/translategemma4b_es_en_gemma3_1b_stagea_goldgrid_rows1600_bf16_codexreplace05_pack06_defer_studentonly_v1/inputs/train_pairs.rows1600.normalized.jsonl,A_then_B,4000,4000,0,0.0000,0.0000,1.0000,0.2000,google/translategemma-4b-it,google/gemma-3-1b-it,,false,None,,,true,ok,/home/x/deco/gamma/projects/distillation/translation/runs/translategemma4b_es_en_gemma3_1b_stagea_goldgrid_rows1600_bf16_codexreplace05_pack06_defer_studentonly_v1/stage_a/checkpoint-004000,stage_a__checkpoint-003000,stage_a,checkpoint-003000,greedy,greedy,0.0000,1.0000,50,/home/x/deco/gamma/projects/distillation/translation/runs/translategemma4b_es_en_gemma3_1b_stagea_goldgrid_rows1600_bf16_codexreplace05_pack06_defer_studentonly_v1/stage_a/checkpoint-003000,true,causal-chat,gemma_causal_lm,translategemma,cuda,bfloat16,/home/x/deco/gamma/projects/distillation/translation/runs/translategemma4b_es_en_gemma3_1b_stagea_goldgrid_rows1600_bf16_codexreplace05_pack06_defer_studentonly_v1/stage_a/checkpoint-003000,,/home/x/deco/gamma/projects/distillation/translation/runs/translategemma4b_es_en_gemma3_1b_stagea_goldgrid_rows1600_bf16_codexreplace05_pack06_defer_studentonly_v1/stage_a/checkpoint-003000,,false,false,,,,,33.2716,59.5406,,/home/x/deco/gamma/projects/distillation/translation/training_data/translate_distill_pairs.eval2_wmt13_enes_128.jsonl,attempt_01_cuda,31.7656,58.6412,,64,32.8096,60.6159,,64,128,54.5508,72.1920,,/home/x/deco/gamma/projects/distillation/translation/training_data/translate_distill_pairs.eval3_indomain_clean_merged_128.jsonl,attempt_01_cuda,57.7778,72.8114,,64,50.5528,71.4370,,64,128,,0,-21.2792
translategemma4b_es_en_gemma3_1b_stagea_goldgrid_rows1600_bf16_codexreplace05_pack06_defer_studentonly_v1,completed,train_summary,2026-07-09 19:42:53 UTC,2026-07-10 00:55:03 UTC,"en,es","en,es",1600,/home/x/deco/gamma/projects/distillation/translation/runs/translategemma4b_es_en_gemma3_1b_stagea_goldgrid_rows1600_bf16_codexreplace05_pack06_defer_studentonly_v1/inputs/train_pairs.rows1600.normalized.jsonl,A_then_B,4000,4000,0,0.0000,0.0000,1.0000,0.2000,google/translategemma-4b-it,google/gemma-3-1b-it,,false,None,,,true,ok,/home/x/deco/gamma/projects/distillation/translation/runs/translategemma4b_es_en_gemma3_1b_stagea_goldgrid_rows1600_bf16_codexreplace05_pack06_defer_studentonly_v1/stage_a/checkpoint-004000,stage_a__checkpoint-002500,stage_a,checkpoint-002500,greedy,greedy,0.0000,1.0000,50,/home/x/deco/gamma/projects/distillation/translation/runs/translategemma4b_es_en_gemma3_1b_stagea_goldgrid_rows1600_bf16_codexreplace05_pack06_defer_studentonly_v1/stage_a/checkpoint-002500,true,causal-chat,gemma_causal_lm,translategemma,cuda,bfloat16,/home/x/deco/gamma/projects/distillation/translation/runs/translategemma4b_es_en_gemma3_1b_stagea_goldgrid_rows1600_bf16_codexreplace05_pack06_defer_studentonly_v1/stage_a/checkpoint-002500,,/home/x/deco/gamma/projects/distillation/translation/runs/translategemma4b_es_en_gemma3_1b_stagea_goldgrid_rows1600_bf16_codexreplace05_pack06_defer_studentonly_v1/stage_a/checkpoint-002500,,false,false,,,,,33.0415,59.3629,,/home/x/deco/gamma/projects/distillation/translation/training_data/translate_distill_pairs.eval2_wmt13_enes_128.jsonl,attempt_01_cuda,31.3308,58.2737,,64,32.9222,60.6654,,64,128,54.3705,72.3898,,/home/x/deco/gamma/projects/distillation/translation/training_data/translate_distill_pairs.eval3_indomain_clean_merged_128.jsonl,attempt_01_cuda,57.4598,73.2195,,64,50.5095,71.3764,,64,128,,0,-21.3290
translategemma4b_es_en_gemma3_1b_stagea_goldgrid_rows1600_bf16_codexreplace05_pack06_defer_studentonly_v1,completed,train_summary,2026-07-09 19:42:53 UTC,2026-07-10 00:55:03 UTC,"en,es","en,es",1600,/home/x/deco/gamma/projects/distillation/translation/runs/translategemma4b_es_en_gemma3_1b_stagea_goldgrid_rows1600_bf16_codexreplace05_pack06_defer_studentonly_v1/inputs/train_pairs.rows1600.normalized.jsonl,A_then_B,4000,4000,0,0.0000,0.0000,1.0000,0.2000,google/translategemma-4b-it,google/gemma-3-1b-it,,false,None,,,true,ok,/home/x/deco/gamma/projects/distillation/translation/runs/translategemma4b_es_en_gemma3_1b_stagea_goldgrid_rows1600_bf16_codexreplace05_pack06_defer_studentonly_v1/stage_a/checkpoint-004000,stage_a__checkpoint-002000,stage_a,checkpoint-002000,greedy,greedy,0.0000,1.0000,50,/home/x/deco/gamma/projects/distillation/translation/runs/translategemma4b_es_en_gemma3_1b_stagea_goldgrid_rows1600_bf16_codexreplace05_pack06_defer_studentonly_v1/stage_a/checkpoint-002000,true,causal-chat,gemma_causal_lm,translategemma,cuda,bfloat16,/home/x/deco/gamma/projects/distillation/translation/runs/translategemma4b_es_en_gemma3_1b_stagea_goldgrid_rows1600_bf16_codexreplace05_pack06_defer_studentonly_v1/stage_a/checkpoint-002000,,/home/x/deco/gamma/projects/distillation/translation/runs/translategemma4b_es_en_gemma3_1b_stagea_goldgrid_rows1600_bf16_codexreplace05_pack06_defer_studentonly_v1/stage_a/checkpoint-002000,,false,false,,,,,33.0678,58.9794,,/home/x/deco/gamma/projects/distillation/translation/training_data/translate_distill_pairs.eval2_wmt13_enes_128.jsonl,attempt_01_cuda,31.7152,57.6257,,64,32.2432,60.5960,,64,128,53.1220,71.4482,,/home/x/deco/gamma/projects/distillation/translation/training_data/translate_distill_pairs.eval3_indomain_clean_merged_128.jsonl,attempt_01_cuda,56.9056,72.1672,,64,48.4645,70.5721,,64,128,,0,-20.0542
translategemma4b_es_en_gemma3_1b_stagea_goldgrid_rows1600_bf16_codexreplace05_pack06_defer_studentonly_v1,completed,train_summary,2026-07-09 19:42:53 UTC,2026-07-10 00:55:03 UTC,"en,es","en,es",1600,/home/x/deco/gamma/projects/distillation/translation/runs/translategemma4b_es_en_gemma3_1b_stagea_goldgrid_rows1600_bf16_codexreplace05_pack06_defer_studentonly_v1/inputs/train_pairs.rows1600.normalized.jsonl,A_then_B,4000,4000,0,0.0000,0.0000,1.0000,0.2000,google/translategemma-4b-it,google/gemma-3-1b-it,,false,None,,,true,ok,/home/x/deco/gamma/projects/distillation/translation/runs/translategemma4b_es_en_gemma3_1b_stagea_goldgrid_rows1600_bf16_codexreplace05_pack06_defer_studentonly_v1/stage_a/checkpoint-004000,stage_a__checkpoint-001500,stage_a,checkpoint-001500,greedy,greedy,0.0000,1.0000,50,/home/x/deco/gamma/projects/distillation/translation/runs/translategemma4b_es_en_gemma3_1b_stagea_goldgrid_rows1600_bf16_codexreplace05_pack06_defer_studentonly_v1/stage_a/checkpoint-001500,true,causal-chat,gemma_causal_lm,translategemma,cuda,bfloat16,/home/x/deco/gamma/projects/distillation/translation/runs/translategemma4b_es_en_gemma3_1b_stagea_goldgrid_rows1600_bf16_codexreplace05_pack06_defer_studentonly_v1/stage_a/checkpoint-001500,,/home/x/deco/gamma/projects/distillation/translation/runs/translategemma4b_es_en_gemma3_1b_stagea_goldgrid_rows1600_bf16_codexreplace05_pack06_defer_studentonly_v1/stage_a/checkpoint-001500,,false,false,,,,,32.6461,59.1541,,/home/x/deco/gamma/projects/distillation/translation/training_data/translate_distill_pairs.eval2_wmt13_enes_128.jsonl,attempt_01_cuda,29.7605,57.3652,,64,33.7358,61.2939,,64,128,51.5057,70.7998,,/home/x/deco/gamma/projects/distillation/translation/training_data/translate_distill_pairs.eval3_indomain_clean_merged_128.jsonl,attempt_01_cuda,52.3540,70.2251,,64,50.0287,71.4967,,64,128,,0,-18.8596
translategemma4b_es_en_gemma3_1b_stagea_goldgrid_rows1600_bf16_codexreplace05_pack06_defer_studentonly_v1,completed,train_summary,2026-07-09 19:42:53 UTC,2026-07-10 00:55:03 UTC,"en,es","en,es",1600,/home/x/deco/gamma/projects/distillation/translation/runs/translategemma4b_es_en_gemma3_1b_stagea_goldgrid_rows1600_bf16_codexreplace05_pack06_defer_studentonly_v1/inputs/train_pairs.rows1600.normalized.jsonl,A_then_B,4000,4000,0,0.0000,0.0000,1.0000,0.2000,google/translategemma-4b-it,google/gemma-3-1b-it,,false,None,,,true,ok,/home/x/deco/gamma/projects/distillation/translation/runs/translategemma4b_es_en_gemma3_1b_stagea_goldgrid_rows1600_bf16_codexreplace05_pack06_defer_studentonly_v1/stage_a/checkpoint-004000,stage_a__checkpoint-001000,stage_a,checkpoint-001000,greedy,greedy,0.0000,1.0000,50,/home/x/deco/gamma/projects/distillation/translation/runs/translategemma4b_es_en_gemma3_1b_stagea_goldgrid_rows1600_bf16_codexreplace05_pack06_defer_studentonly_v1/stage_a/checkpoint-001000,true,causal-chat,gemma_causal_lm,translategemma,cuda,bfloat16,/home/x/deco/gamma/projects/distillation/translation/runs/translategemma4b_es_en_gemma3_1b_stagea_goldgrid_rows1600_bf16_codexreplace05_pack06_defer_studentonly_v1/stage_a/checkpoint-001000,,/home/x/deco/gamma/projects/distillation/translation/runs/translategemma4b_es_en_gemma3_1b_stagea_goldgrid_rows1600_bf16_codexreplace05_pack06_defer_studentonly_v1/stage_a/checkpoint-001000,,false,false,,,,,31.6930,57.7490,,/home/x/deco/gamma/projects/distillation/translation/training_data/translate_distill_pairs.eval2_wmt13_enes_128.jsonl,attempt_01_cuda,29.3550,56.0551,,64,32.9467,59.7837,,64,128,51.7432,70.3320,,/home/x/deco/gamma/projects/distillation/translation/training_data/translate_distill_pairs.eval3_indomain_clean_merged_128.jsonl,attempt_01_cuda,53.0761,70.6723,,64,49.4333,69.9173,,64,128,,0,-20.0502
translategemma4b_es_en_gemma3_1b_stagea_goldgrid_rows1600_bf16_codexreplace05_pack06_defer_studentonly_v1,completed,train_summary,2026-07-09 19:42:53 UTC,2026-07-10 00:55:03 UTC,"en,es","en,es",1600,/home/x/deco/gamma/projects/distillation/translation/runs/translategemma4b_es_en_gemma3_1b_stagea_goldgrid_rows1600_bf16_codexreplace05_pack06_defer_studentonly_v1/inputs/train_pairs.rows1600.normalized.jsonl,A_then_B,4000,4000,0,0.0000,0.0000,1.0000,0.2000,google/translategemma-4b-it,google/gemma-3-1b-it,,false,None,,,true,ok,/home/x/deco/gamma/projects/distillation/translation/runs/translategemma4b_es_en_gemma3_1b_stagea_goldgrid_rows1600_bf16_codexreplace05_pack06_defer_studentonly_v1/stage_a/checkpoint-004000,stage_a__checkpoint-000500,stage_a,checkpoint-000500,greedy,greedy,0.0000,1.0000,50,/home/x/deco/gamma/projects/distillation/translation/runs/translategemma4b_es_en_gemma3_1b_stagea_goldgrid_rows1600_bf16_codexreplace05_pack06_defer_studentonly_v1/stage_a/checkpoint-000500,true,causal-chat,gemma_causal_lm,translategemma,cuda,bfloat16,/home/x/deco/gamma/projects/distillation/translation/runs/translategemma4b_es_en_gemma3_1b_stagea_goldgrid_rows1600_bf16_codexreplace05_pack06_defer_studentonly_v1/stage_a/checkpoint-000500,,/home/x/deco/gamma/projects/distillation/translation/runs/translategemma4b_es_en_gemma3_1b_stagea_goldgrid_rows1600_bf16_codexreplace05_pack06_defer_studentonly_v1/stage_a/checkpoint-000500,,false,false,,,,,29.5577,56.4385,,/home/x/deco/gamma/projects/distillation/translation/training_data/translate_distill_pairs.eval2_wmt13_enes_128.jsonl,attempt_01_cuda,28.1257,55.1424,,64,29.0950,57.9798,,64,128,45.9923,67.4306,,/home/x/deco/gamma/projects/distillation/translation/training_data/translate_distill_pairs.eval3_indomain_clean_merged_128.jsonl,attempt_01_cuda,49.5475,68.4686,,64,40.9543,66.1746,,64,128,,0,-16.4346
translategemma4b_es_en_gemma3_1b_stagea_goldgrid_rows1584_bf16_codexprune05_pack06_defer_studentonly_v1,completed,train_summary,2026-07-09 18:57:26 UTC,2026-07-10 00:55:00 UTC,"en,es","en,es",1584,/home/x/deco/gamma/projects/distillation/translation/runs/translategemma4b_es_en_gemma3_1b_stagea_goldgrid_rows1584_bf16_codexprune05_pack06_defer_studentonly_v1/inputs/train_pairs.rows1584.normalized.jsonl,A_then_B,4000,4000,0,0.0000,0.0000,1.0000,0.2000,google/translategemma-4b-it,google/gemma-3-1b-it,,false,None,,,true,ok,/home/x/deco/gamma/projects/distillation/translation/runs/translategemma4b_es_en_gemma3_1b_stagea_goldgrid_rows1584_bf16_codexprune05_pack06_defer_studentonly_v1/stage_a/checkpoint-004000,stage_a__checkpoint-004000,stage_a,checkpoint-004000,greedy,greedy,0.0000,1.0000,50,/home/x/deco/gamma/projects/distillation/translation/runs/translategemma4b_es_en_gemma3_1b_stagea_goldgrid_rows1584_bf16_codexprune05_pack06_defer_studentonly_v1/stage_a/checkpoint-004000,true,causal-chat,gemma_causal_lm,translategemma,cuda,bfloat16,/home/x/deco/gamma/projects/distillation/translation/runs/translategemma4b_es_en_gemma3_1b_stagea_goldgrid_rows1584_bf16_codexprune05_pack06_defer_studentonly_v1/stage_a/checkpoint-004000,,/home/x/deco/gamma/projects/distillation/translation/runs/translategemma4b_es_en_gemma3_1b_stagea_goldgrid_rows1584_bf16_codexprune05_pack06_defer_studentonly_v1/stage_a/checkpoint-004000,,false,false,,,,,32.5808,58.7607,,/home/x/deco/gamma/projects/distillation/translation/training_data/translate_distill_pairs.eval2_wmt13_enes_128.jsonl,attempt_01_cuda,31.5644,57.6211,,64,31.8426,60.1309,,64,128,53.6171,72.5355,,/home/x/deco/gamma/projects/distillation/translation/training_data/translate_distill_pairs.eval3_indomain_clean_merged_128.jsonl,attempt_01_cuda,58.6610,74.0003,,64,47.3320,70.7476,,64,128,,0,-21.0363
translategemma4b_es_en_gemma3_1b_stagea_goldgrid_rows1584_bf16_codexprune05_pack06_defer_studentonly_v1,completed,train_summary,2026-07-09 18:57:26 UTC,2026-07-10 00:55:00 UTC,"en,es","en,es",1584,/home/x/deco/gamma/projects/distillation/translation/runs/translategemma4b_es_en_gemma3_1b_stagea_goldgrid_rows1584_bf16_codexprune05_pack06_defer_studentonly_v1/inputs/train_pairs.rows1584.normalized.jsonl,A_then_B,4000,4000,0,0.0000,0.0000,1.0000,0.2000,google/translategemma-4b-it,google/gemma-3-1b-it,,false,None,,,true,ok,/home/x/deco/gamma/projects/distillation/translation/runs/translategemma4b_es_en_gemma3_1b_stagea_goldgrid_rows1584_bf16_codexprune05_pack06_defer_studentonly_v1/stage_a/checkpoint-004000,stage_a__checkpoint-003500,stage_a,checkpoint-003500,greedy,greedy,0.0000,1.0000,50,/home/x/deco/gamma/projects/distillation/translation/runs/translategemma4b_es_en_gemma3_1b_stagea_goldgrid_rows1584_bf16_codexprune05_pack06_defer_studentonly_v1/stage_a/checkpoint-003500,true,causal-chat,gemma_causal_lm,translategemma,cuda,bfloat16,/home/x/deco/gamma/projects/distillation/translation/runs/translategemma4b_es_en_gemma3_1b_stagea_goldgrid_rows1584_bf16_codexprune05_pack06_defer_studentonly_v1/stage_a/checkpoint-003500,,/home/x/deco/gamma/projects/distillation/translation/runs/translategemma4b_es_en_gemma3_1b_stagea_goldgrid_rows1584_bf16_codexprune05_pack06_defer_studentonly_v1/stage_a/checkpoint-003500,,false,false,,,,,32.8755,58.9218,,/home/x/deco/gamma/projects/distillation/translation/training_data/translate_distill_pairs.eval2_wmt13_enes_128.jsonl,attempt_01_cuda,31.8220,57.9159,,64,32.2159,60.1318,,64,128,53.8487,72.6181,,/home/x/deco/gamma/projects/distillation/translation/training_data/translate_distill_pairs.eval3_indomain_clean_merged_128.jsonl,attempt_01_cuda,59.1265,74.3426,,64,47.2708,70.5124,,64,128,,0,-20.9732
translategemma4b_es_en_gemma3_1b_stagea_goldgrid_rows1584_bf16_codexprune05_pack06_defer_studentonly_v1,completed,train_summary,2026-07-09 18:57:26 UTC,2026-07-10 00:55:00 UTC,"en,es","en,es",1584,/home/x/deco/gamma/projects/distillation/translation/runs/translategemma4b_es_en_gemma3_1b_stagea_goldgrid_rows1584_bf16_codexprune05_pack06_defer_studentonly_v1/inputs/train_pairs.rows1584.normalized.jsonl,A_then_B,4000,4000,0,0.0000,0.0000,1.0000,0.2000,google/translategemma-4b-it,google/gemma-3-1b-it,,false,None,,,true,ok,/home/x/deco/gamma/projects/distillation/translation/runs/translategemma4b_es_en_gemma3_1b_stagea_goldgrid_rows1584_bf16_codexprune05_pack06_defer_studentonly_v1/stage_a/checkpoint-004000,stage_a__checkpoint-003000,stage_a,checkpoint-003000,greedy,greedy,0.0000,1.0000,50,/home/x/deco/gamma/projects/distillation/translation/runs/translategemma4b_es_en_gemma3_1b_stagea_goldgrid_rows1584_bf16_codexprune05_pack06_defer_studentonly_v1/stage_a/checkpoint-003000,true,causal-chat,gemma_causal_lm,translategemma,cuda,bfloat16,/home/x/deco/gamma/projects/distillation/translation/runs/translategemma4b_es_en_gemma3_1b_stagea_goldgrid_rows1584_bf16_codexprune05_pack06_defer_studentonly_v1/stage_a/checkpoint-003000,,/home/x/deco/gamma/projects/distillation/translation/runs/translategemma4b_es_en_gemma3_1b_stagea_goldgrid_rows1584_bf16_codexprune05_pack06_defer_studentonly_v1/stage_a/checkpoint-003000,,false,false,,,,,32.3108,58.6206,,/home/x/deco/gamma/projects/distillation/translation/training_data/translate_distill_pairs.eval2_wmt13_enes_128.jsonl,attempt_01_cuda,31.5744,57.7569,,64,31.3486,59.6594,,64,128,54.1297,72.9128,,/home/x/deco/gamma/projects/distillation/translation/training_data/translate_distill_pairs.eval3_indomain_clean_merged_128.jsonl,attempt_01_cuda,59.4351,74.6577,,64,47.5239,70.7814,,64,128,,0,-21.8189
translategemma4b_es_en_gemma3_1b_stagea_goldgrid_rows1584_bf16_codexprune05_pack06_defer_studentonly_v1,completed,train_summary,2026-07-09 18:57:26 UTC,2026-07-10 00:55:00 UTC,"en,es","en,es",1584,/home/x/deco/gamma/projects/distillation/translation/runs/translategemma4b_es_en_gemma3_1b_stagea_goldgrid_rows1584_bf16_codexprune05_pack06_defer_studentonly_v1/inputs/train_pairs.rows1584.normalized.jsonl,A_then_B,4000,4000,0,0.0000,0.0000,1.0000,0.2000,google/translategemma-4b-it,google/gemma-3-1b-it,,false,None,,,true,ok,/home/x/deco/gamma/projects/distillation/translation/runs/translategemma4b_es_en_gemma3_1b_stagea_goldgrid_rows1584_bf16_codexprune05_pack06_defer_studentonly_v1/stage_a/checkpoint-004000,stage_a__checkpoint-002500,stage_a,checkpoint-002500,greedy,greedy,0.0000,1.0000,50,/home/x/deco/gamma/projects/distillation/translation/runs/translategemma4b_es_en_gemma3_1b_stagea_goldgrid_rows1584_bf16_codexprune05_pack06_defer_studentonly_v1/stage_a/checkpoint-002500,true,causal-chat,gemma_causal_lm,translategemma,cuda,bfloat16,/home/x/deco/gamma/projects/distillation/translation/runs/translategemma4b_es_en_gemma3_1b_stagea_goldgrid_rows1584_bf16_codexprune05_pack06_defer_studentonly_v1/stage_a/checkpoint-002500,,/home/x/deco/gamma/projects/distillation/translation/runs/translategemma4b_es_en_gemma3_1b_stagea_goldgrid_rows1584_bf16_codexprune05_pack06_defer_studentonly_v1/stage_a/checkpoint-002500,,false,false,,,,,32.1175,58.5432,,/home/x/deco/gamma/projects/distillation/translation/training_data/translate_distill_pairs.eval2_wmt13_enes_128.jsonl,attempt_01_cuda,30.9220,57.3577,,64,31.8912,59.9740,,64,128,53.6874,72.5294,,/home/x/deco/gamma/projects/distillation/translation/training_data/translate_distill_pairs.eval3_indomain_clean_merged_128.jsonl,attempt_01_cuda,58.8228,73.9149,,64,47.3413,70.8409,,64,128,,0,-21.5699
translategemma4b_es_en_gemma3_1b_stagea_goldgrid_rows1584_bf16_codexprune05_pack06_defer_studentonly_v1,completed,train_summary,2026-07-09 18:57:26 UTC,2026-07-10 00:55:00 UTC,"en,es","en,es",1584,/home/x/deco/gamma/projects/distillation/translation/runs/translategemma4b_es_en_gemma3_1b_stagea_goldgrid_rows1584_bf16_codexprune05_pack06_defer_studentonly_v1/inputs/train_pairs.rows1584.normalized.jsonl,A_then_B,4000,4000,0,0.0000,0.0000,1.0000,0.2000,google/translategemma-4b-it,google/gemma-3-1b-it,,false,None,,,true,ok,/home/x/deco/gamma/projects/distillation/translation/runs/translategemma4b_es_en_gemma3_1b_stagea_goldgrid_rows1584_bf16_codexprune05_pack06_defer_studentonly_v1/stage_a/checkpoint-004000,stage_a__checkpoint-002000,stage_a,checkpoint-002000,greedy,greedy,0.0000,1.0000,50,/home/x/deco/gamma/projects/distillation/translation/runs/translategemma4b_es_en_gemma3_1b_stagea_goldgrid_rows1584_bf16_codexprune05_pack06_defer_studentonly_v1/stage_a/checkpoint-002000,true,causal-chat,gemma_causal_lm,translategemma,cuda,bfloat16,/home/x/deco/gamma/projects/distillation/translation/runs/translategemma4b_es_en_gemma3_1b_stagea_goldgrid_rows1584_bf16_codexprune05_pack06_defer_studentonly_v1/stage_a/checkpoint-002000,,/home/x/deco/gamma/projects/distillation/translation/runs/translategemma4b_es_en_gemma3_1b_stagea_goldgrid_rows1584_bf16_codexprune05_pack06_defer_studentonly_v1/stage_a/checkpoint-002000,,false,false,,,,,32.2663,58.6402,,/home/x/deco/gamma/projects/distillation/translation/training_data/translate_distill_pairs.eval2_wmt13_enes_128.jsonl,attempt_01_cuda,31.3343,57.6823,,64,31.5762,59.7945,,64,128,53.0232,72.0849,,/home/x/deco/gamma/projects/distillation/translation/training_data/translate_distill_pairs.eval3_indomain_clean_merged_128.jsonl,attempt_01_cuda,57.4009,73.1231,,64,47.5659,70.8180,,64,128,,0,-20.7569
translategemma4b_es_en_gemma3_1b_stagea_goldgrid_rows1584_bf16_codexprune05_pack06_defer_studentonly_v1,completed,train_summary,2026-07-09 18:57:26 UTC,2026-07-10 00:55:00 UTC,"en,es","en,es",1584,/home/x/deco/gamma/projects/distillation/translation/runs/translategemma4b_es_en_gemma3_1b_stagea_goldgrid_rows1584_bf16_codexprune05_pack06_defer_studentonly_v1/inputs/train_pairs.rows1584.normalized.jsonl,A_then_B,4000,4000,0,0.0000,0.0000,1.0000,0.2000,google/translategemma-4b-it,google/gemma-3-1b-it,,false,None,,,true,ok,/home/x/deco/gamma/projects/distillation/translation/runs/translategemma4b_es_en_gemma3_1b_stagea_goldgrid_rows1584_bf16_codexprune05_pack06_defer_studentonly_v1/stage_a/checkpoint-004000,stage_a__checkpoint-001500,stage_a,checkpoint-001500,greedy,greedy,0.0000,1.0000,50,/home/x/deco/gamma/projects/distillation/translation/runs/translategemma4b_es_en_gemma3_1b_stagea_goldgrid_rows1584_bf16_codexprune05_pack06_defer_studentonly_v1/stage_a/checkpoint-001500,true,causal-chat,gemma_causal_lm,translategemma,cuda,bfloat16,/home/x/deco/gamma/projects/distillation/translation/runs/translategemma4b_es_en_gemma3_1b_stagea_goldgrid_rows1584_bf16_codexprune05_pack06_defer_studentonly_v1/stage_a/checkpoint-001500,,/home/x/deco/gamma/projects/distillation/translation/runs/translategemma4b_es_en_gemma3_1b_stagea_goldgrid_rows1584_bf16_codexprune05_pack06_defer_studentonly_v1/stage_a/checkpoint-001500,,false,false,,,,,31.9492,58.4976,,/home/x/deco/gamma/projects/distillation/translation/training_data/translate_distill_pairs.eval2_wmt13_enes_128.jsonl,attempt_01_cuda,30.3124,56.8144,,64,31.7570,60.5163,,64,128,51.4231,70.5791,,/home/x/deco/gamma/projects/distillation/translation/training_data/translate_distill_pairs.eval3_indomain_clean_merged_128.jsonl,attempt_01_cuda,54.3975,71.2008,,64,46.3555,69.8220,,64,128,,0,-19.4739
translategemma4b_es_en_gemma3_1b_stagea_goldgrid_rows1584_bf16_codexprune05_pack06_defer_studentonly_v1,completed,train_summary,2026-07-09 18:57:26 UTC,2026-07-10 00:55:00 UTC,"en,es","en,es",1584,/home/x/deco/gamma/projects/distillation/translation/runs/translategemma4b_es_en_gemma3_1b_stagea_goldgrid_rows1584_bf16_codexprune05_pack06_defer_studentonly_v1/inputs/train_pairs.rows1584.normalized.jsonl,A_then_B,4000,4000,0,0.0000,0.0000,1.0000,0.2000,google/translategemma-4b-it,google/gemma-3-1b-it,,false,None,,,true,ok,/home/x/deco/gamma/projects/distillation/translation/runs/translategemma4b_es_en_gemma3_1b_stagea_goldgrid_rows1584_bf16_codexprune05_pack06_defer_studentonly_v1/stage_a/checkpoint-004000,stage_a__checkpoint-001000,stage_a,checkpoint-001000,greedy,greedy,0.0000,1.0000,50,/home/x/deco/gamma/projects/distillation/translation/runs/translategemma4b_es_en_gemma3_1b_stagea_goldgrid_rows1584_bf16_codexprune05_pack06_defer_studentonly_v1/stage_a/checkpoint-001000,true,causal-chat,gemma_causal_lm,translategemma,cuda,bfloat16,/home/x/deco/gamma/projects/distillation/translation/runs/translategemma4b_es_en_gemma3_1b_stagea_goldgrid_rows1584_bf16_codexprune05_pack06_defer_studentonly_v1/stage_a/checkpoint-001000,,/home/x/deco/gamma/projects/distillation/translation/runs/translategemma4b_es_en_gemma3_1b_stagea_goldgrid_rows1584_bf16_codexprune05_pack06_defer_studentonly_v1/stage_a/checkpoint-001000,,false,false,,,,,31.1291,58.2586,,/home/x/deco/gamma/projects/distillation/translation/training_data/translate_distill_pairs.eval2_wmt13_enes_128.jsonl,attempt_01_cuda,29.1514,56.6697,,64,31.0425,60.1620,,64,128,51.4466,70.4557,,/home/x/deco/gamma/projects/distillation/translation/training_data/translate_distill_pairs.eval3_indomain_clean_merged_128.jsonl,attempt_01_cuda,55.0267,70.8066,,64,46.0259,70.0301,,64,128,,0,-20.3175
translategemma4b_es_en_gemma3_1b_stagea_goldgrid_rows1584_bf16_codexprune05_pack06_defer_studentonly_v1,completed,train_summary,2026-07-09 18:57:26 UTC,2026-07-10 00:55:00 UTC,"en,es","en,es",1584,/home/x/deco/gamma/projects/distillation/translation/runs/translategemma4b_es_en_gemma3_1b_stagea_goldgrid_rows1584_bf16_codexprune05_pack06_defer_studentonly_v1/inputs/train_pairs.rows1584.normalized.jsonl,A_then_B,4000,4000,0,0.0000,0.0000,1.0000,0.2000,google/translategemma-4b-it,google/gemma-3-1b-it,,false,None,,,true,ok,/home/x/deco/gamma/projects/distillation/translation/runs/translategemma4b_es_en_gemma3_1b_stagea_goldgrid_rows1584_bf16_codexprune05_pack06_defer_studentonly_v1/stage_a/checkpoint-004000,stage_a__checkpoint-000500,stage_a,checkpoint-000500,greedy,greedy,0.0000,1.0000,50,/home/x/deco/gamma/projects/distillation/translation/runs/translategemma4b_es_en_gemma3_1b_stagea_goldgrid_rows1584_bf16_codexprune05_pack06_defer_studentonly_v1/stage_a/checkpoint-000500,true,causal-chat,gemma_causal_lm,translategemma,cuda,bfloat16,/home/x/deco/gamma/projects/distillation/translation/runs/translategemma4b_es_en_gemma3_1b_stagea_goldgrid_rows1584_bf16_codexprune05_pack06_defer_studentonly_v1/stage_a/checkpoint-000500,,/home/x/deco/gamma/projects/distillation/translation/runs/translategemma4b_es_en_gemma3_1b_stagea_goldgrid_rows1584_bf16_codexprune05_pack06_defer_studentonly_v1/stage_a/checkpoint-000500,,false,false,,,,,30.8518,57.3140,,/home/x/deco/gamma/projects/distillation/translation/training_data/translate_distill_pairs.eval2_wmt13_enes_128.jsonl,attempt_01_cuda,25.5009,53.5706,,64,34.6918,61.8043,,64,128,49.4667,69.4105,,/home/x/deco/gamma/projects/distillation/translation/training_data/translate_distill_pairs.eval3_indomain_clean_merged_128.jsonl,attempt_01_cuda,49.3434,67.9390,,64,48.4710,71.1924,,64,128,,0,-18.6149
translategemma4b_es_en_gemma3_1b_stagea_goldgrid_rows1600_bf16_codexextend_pack06_replace10_6k_dense500_defer_studentonly_v1,completed,train_summary,2026-07-09 17:20:04 UTC,2026-07-10 00:55:01 UTC,"en,es","en,es",1600,/home/x/deco/gamma/projects/distillation/translation/runs/translategemma4b_es_en_gemma3_1b_stagea_goldgrid_rows1600_bf16_codexextend_pack06_replace10_6k_dense500_defer_studentonly_v1/inputs/train_pairs.rows1600.normalized.jsonl,A_then_B,6000,6000,0,0.0000,0.0000,1.0000,0.2000,google/translategemma-4b-it,google/gemma-3-1b-it,,false,None,,,true,ok,/home/x/deco/gamma/projects/distillation/translation/runs/translategemma4b_es_en_gemma3_1b_stagea_goldgrid_rows1600_bf16_codexextend_pack06_replace10_6k_dense500_defer_studentonly_v1/stage_a/checkpoint-005000,stage_a__checkpoint-006000,stage_a,checkpoint-006000,greedy,greedy,0.0000,1.0000,50,/home/x/deco/gamma/projects/distillation/translation/runs/translategemma4b_es_en_gemma3_1b_stagea_goldgrid_rows1600_bf16_codexextend_pack06_replace10_6k_dense500_defer_studentonly_v1/stage_a/checkpoint-006000,true,causal-chat,gemma_causal_lm,translategemma,cuda,bfloat16,/home/x/deco/gamma/projects/distillation/translation/runs/translategemma4b_es_en_gemma3_1b_stagea_goldgrid_rows1600_bf16_codexextend_pack06_replace10_6k_dense500_defer_studentonly_v1/stage_a/checkpoint-006000,,/home/x/deco/gamma/projects/distillation/translation/runs/translategemma4b_es_en_gemma3_1b_stagea_goldgrid_rows1600_bf16_codexextend_pack06_replace10_6k_dense500_defer_studentonly_v1/stage_a/checkpoint-006000,,false,false,,,,,32.5193,58.7139,,/home/x/deco/gamma/projects/distillation/translation/training_data/translate_distill_pairs.eval2_wmt13_enes_128.jsonl,attempt_01_cuda,30.8800,57.1903,,64,32.1225,60.5351,,64,128,55.6218,72.4497,,/home/x/deco/gamma/projects/distillation/translation/training_data/translate_distill_pairs.eval3_indomain_clean_merged_128.jsonl,attempt_01_cuda,58.5180,72.4628,,64,51.9843,72.4332,,64,128,,0,-23.1025
translategemma4b_es_en_gemma3_1b_stagea_goldgrid_rows1600_bf16_codexextend_pack06_replace10_6k_dense500_defer_studentonly_v1,completed,train_summary,2026-07-09 17:20:04 UTC,2026-07-10 00:55:01 UTC,"en,es","en,es",1600,/home/x/deco/gamma/projects/distillation/translation/runs/translategemma4b_es_en_gemma3_1b_stagea_goldgrid_rows1600_bf16_codexextend_pack06_replace10_6k_dense500_defer_studentonly_v1/inputs/train_pairs.rows1600.normalized.jsonl,A_then_B,6000,6000,0,0.0000,0.0000,1.0000,0.2000,google/translategemma-4b-it,google/gemma-3-1b-it,,false,None,,,true,ok,/home/x/deco/gamma/projects/distillation/translation/runs/translategemma4b_es_en_gemma3_1b_stagea_goldgrid_rows1600_bf16_codexextend_pack06_replace10_6k_dense500_defer_studentonly_v1/stage_a/checkpoint-005000,stage_a__checkpoint-005500,stage_a,checkpoint-005500,greedy,greedy,0.0000,1.0000,50,/home/x/deco/gamma/projects/distillation/translation/runs/translategemma4b_es_en_gemma3_1b_stagea_goldgrid_rows1600_bf16_codexextend_pack06_replace10_6k_dense500_defer_studentonly_v1/stage_a/checkpoint-005500,true,causal-chat,gemma_causal_lm,translategemma,cuda,bfloat16,/home/x/deco/gamma/projects/distillation/translation/runs/translategemma4b_es_en_gemma3_1b_stagea_goldgrid_rows1600_bf16_codexextend_pack06_replace10_6k_dense500_defer_studentonly_v1/stage_a/checkpoint-005500,,/home/x/deco/gamma/projects/distillation/translation/runs/translategemma4b_es_en_gemma3_1b_stagea_goldgrid_rows1600_bf16_codexextend_pack06_replace10_6k_dense500_defer_studentonly_v1/stage_a/checkpoint-005500,,false,false,,,,,32.6880,58.9703,,/home/x/deco/gamma/projects/distillation/translation/training_data/translate_distill_pairs.eval2_wmt13_enes_128.jsonl,attempt_01_cuda,30.9820,57.3343,,64,32.2784,60.9244,,64,128,55.3070,72.2953,,/home/x/deco/gamma/projects/distillation/translation/training_data/translate_distill_pairs.eval3_indomain_clean_merged_128.jsonl,attempt_01_cuda,58.5183,72.4505,,64,51.2682,72.1056,,64,128,,0,-22.6190
translategemma4b_es_en_gemma3_1b_stagea_goldgrid_rows1600_bf16_codexextend_pack06_replace10_6k_dense500_defer_studentonly_v1,completed,train_summary,2026-07-09 17:20:04 UTC,2026-07-10 00:55:01 UTC,"en,es","en,es",1600,/home/x/deco/gamma/projects/distillation/translation/runs/translategemma4b_es_en_gemma3_1b_stagea_goldgrid_rows1600_bf16_codexextend_pack06_replace10_6k_dense500_defer_studentonly_v1/inputs/train_pairs.rows1600.normalized.jsonl,A_then_B,6000,6000,0,0.0000,0.0000,1.0000,0.2000,google/translategemma-4b-it,google/gemma-3-1b-it,,false,None,,,true,ok,/home/x/deco/gamma/projects/distillation/translation/runs/translategemma4b_es_en_gemma3_1b_stagea_goldgrid_rows1600_bf16_codexextend_pack06_replace10_6k_dense500_defer_studentonly_v1/stage_a/checkpoint-005000,stage_a__checkpoint-005000,stage_a,checkpoint-005000,greedy,greedy,0.0000,1.0000,50,/home/x/deco/gamma/projects/distillation/translation/runs/translategemma4b_es_en_gemma3_1b_stagea_goldgrid_rows1600_bf16_codexextend_pack06_replace10_6k_dense500_defer_studentonly_v1/stage_a/checkpoint-005000,true,causal-chat,gemma_causal_lm,translategemma,cuda,bfloat16,/home/x/deco/gamma/projects/distillation/translation/runs/translategemma4b_es_en_gemma3_1b_stagea_goldgrid_rows1600_bf16_codexextend_pack06_replace10_6k_dense500_defer_studentonly_v1/stage_a/checkpoint-005000,,/home/x/deco/gamma/projects/distillation/translation/runs/translategemma4b_es_en_gemma3_1b_stagea_goldgrid_rows1600_bf16_codexextend_pack06_replace10_6k_dense500_defer_studentonly_v1/stage_a/checkpoint-005000,,false,false,,,,,32.5703,58.7503,,/home/x/deco/gamma/projects/distillation/translation/training_data/translate_distill_pairs.eval2_wmt13_enes_128.jsonl,attempt_01_cuda,30.7502,57.0273,,64,32.1524,60.8079,,64,128,55.4955,72.5089,,/home/x/deco/gamma/projects/distillation/translation/training_data/translate_distill_pairs.eval3_indomain_clean_merged_128.jsonl,attempt_01_cuda,58.5911,72.4848,,64,51.6190,72.5377,,64,128,,0,-22.9252
translategemma4b_es_en_gemma3_1b_stagea_goldgrid_rows1600_bf16_codexextend_pack06_replace10_6k_dense500_defer_studentonly_v1,completed,train_summary,2026-07-09 17:20:04 UTC,2026-07-10 00:55:01 UTC,"en,es","en,es",1600,/home/x/deco/gamma/projects/distillation/translation/runs/translategemma4b_es_en_gemma3_1b_stagea_goldgrid_rows1600_bf16_codexextend_pack06_replace10_6k_dense500_defer_studentonly_v1/inputs/train_pairs.rows1600.normalized.jsonl,A_then_B,6000,6000,0,0.0000,0.0000,1.0000,0.2000,google/translategemma-4b-it,google/gemma-3-1b-it,,false,None,,,true,ok,/home/x/deco/gamma/projects/distillation/translation/runs/translategemma4b_es_en_gemma3_1b_stagea_goldgrid_rows1600_bf16_codexextend_pack06_replace10_6k_dense500_defer_studentonly_v1/stage_a/checkpoint-005000,stage_a__checkpoint-004500,stage_a,checkpoint-004500,greedy,greedy,0.0000,1.0000,50,/home/x/deco/gamma/projects/distillation/translation/runs/translategemma4b_es_en_gemma3_1b_stagea_goldgrid_rows1600_bf16_codexextend_pack06_replace10_6k_dense500_defer_studentonly_v1/stage_a/checkpoint-004500,true,causal-chat,gemma_causal_lm,translategemma,cuda,bfloat16,/home/x/deco/gamma/projects/distillation/translation/runs/translategemma4b_es_en_gemma3_1b_stagea_goldgrid_rows1600_bf16_codexextend_pack06_replace10_6k_dense500_defer_studentonly_v1/stage_a/checkpoint-004500,,/home/x/deco/gamma/projects/distillation/translation/runs/translategemma4b_es_en_gemma3_1b_stagea_goldgrid_rows1600_bf16_codexextend_pack06_replace10_6k_dense500_defer_studentonly_v1/stage_a/checkpoint-004500,,false,false,,,,,32.6400,58.9990,,/home/x/deco/gamma/projects/distillation/translation/training_data/translate_distill_pairs.eval2_wmt13_enes_128.jsonl,attempt_01_cuda,30.6975,57.1780,,64,32.5120,61.1754,,64,128,55.2459,72.3046,,/home/x/deco/gamma/projects/distillation/translation/training_data/translate_distill_pairs.eval3_indomain_clean_merged_128.jsonl,attempt_01_cuda,58.3764,72.4252,,64,51.3138,72.1573,,64,128,,0,-22.6059
translategemma4b_es_en_gemma3_1b_stagea_goldgrid_rows1600_bf16_codexextend_pack06_replace10_6k_dense500_defer_studentonly_v1,completed,train_summary,2026-07-09 17:20:04 UTC,2026-07-10 00:55:01 UTC,"en,es","en,es",1600,/home/x/deco/gamma/projects/distillation/translation/runs/translategemma4b_es_en_gemma3_1b_stagea_goldgrid_rows1600_bf16_codexextend_pack06_replace10_6k_dense500_defer_studentonly_v1/inputs/train_pairs.rows1600.normalized.jsonl,A_then_B,6000,6000,0,0.0000,0.0000,1.0000,0.2000,google/translategemma-4b-it,google/gemma-3-1b-it,,false,None,,,true,ok,/home/x/deco/gamma/projects/distillation/translation/runs/translategemma4b_es_en_gemma3_1b_stagea_goldgrid_rows1600_bf16_codexextend_pack06_replace10_6k_dense500_defer_studentonly_v1/stage_a/checkpoint-005000,stage_a__checkpoint-004000,stage_a,checkpoint-004000,greedy,greedy,0.0000,1.0000,50,/home/x/deco/gamma/projects/distillation/translation/runs/translategemma4b_es_en_gemma3_1b_stagea_goldgrid_rows1600_bf16_codexextend_pack06_replace10_6k_dense500_defer_studentonly_v1/stage_a/checkpoint-004000,true,causal-chat,gemma_causal_lm,translategemma,cuda,bfloat16,/home/x/deco/gamma/projects/distillation/translation/runs/translategemma4b_es_en_gemma3_1b_stagea_goldgrid_rows1600_bf16_codexextend_pack06_replace10_6k_dense500_defer_studentonly_v1/stage_a/checkpoint-004000,,/home/x/deco/gamma/projects/distillation/translation/runs/translategemma4b_es_en_gemma3_1b_stagea_goldgrid_rows1600_bf16_codexextend_pack06_replace10_6k_dense500_defer_studentonly_v1/stage_a/checkpoint-004000,,false,false,,,,,32.7297,58.9897,,/home/x/deco/gamma/projects/distillation/translation/training_data/translate_distill_pairs.eval2_wmt13_enes_128.jsonl,attempt_01_cuda,30.9825,57.2858,,64,32.2096,61.0250,,64,128,55.5104,72.7095,,/home/x/deco/gamma/projects/distillation/translation/training_data/translate_distill_pairs.eval3_indomain_clean_merged_128.jsonl,attempt_01_cuda,58.7183,72.9197,,64,51.4966,72.4532,,64,128,,0,-22.7807
translategemma4b_es_en_gemma3_1b_stagea_goldgrid_rows1600_bf16_codexextend_pack06_replace10_6k_dense500_defer_studentonly_v1,completed,train_summary,2026-07-09 17:20:04 UTC,2026-07-10 00:55:01 UTC,"en,es","en,es",1600,/home/x/deco/gamma/projects/distillation/translation/runs/translategemma4b_es_en_gemma3_1b_stagea_goldgrid_rows1600_bf16_codexextend_pack06_replace10_6k_dense500_defer_studentonly_v1/inputs/train_pairs.rows1600.normalized.jsonl,A_then_B,6000,6000,0,0.0000,0.0000,1.0000,0.2000,google/translategemma-4b-it,google/gemma-3-1b-it,,false,None,,,true,ok,/home/x/deco/gamma/projects/distillation/translation/runs/translategemma4b_es_en_gemma3_1b_stagea_goldgrid_rows1600_bf16_codexextend_pack06_replace10_6k_dense500_defer_studentonly_v1/stage_a/checkpoint-005000,stage_a__checkpoint-003500,stage_a,checkpoint-003500,greedy,greedy,0.0000,1.0000,50,/home/x/deco/gamma/projects/distillation/translation/runs/translategemma4b_es_en_gemma3_1b_stagea_goldgrid_rows1600_bf16_codexextend_pack06_replace10_6k_dense500_defer_studentonly_v1/stage_a/checkpoint-003500,true,causal-chat,gemma_causal_lm,translategemma,cuda,bfloat16,/home/x/deco/gamma/projects/distillation/translation/runs/translategemma4b_es_en_gemma3_1b_stagea_goldgrid_rows1600_bf16_codexextend_pack06_replace10_6k_dense500_defer_studentonly_v1/stage_a/checkpoint-003500,,/home/x/deco/gamma/projects/distillation/translation/runs/translategemma4b_es_en_gemma3_1b_stagea_goldgrid_rows1600_bf16_codexextend_pack06_replace10_6k_dense500_defer_studentonly_v1/stage_a/checkpoint-003500,,false,false,,,,,32.3473,59.0689,,/home/x/deco/gamma/projects/distillation/translation/training_data/translate_distill_pairs.eval2_wmt13_enes_128.jsonl,attempt_01_cuda,31.0410,57.7845,,64,31.4496,60.6060,,64,128,55.4758,72.3131,,/home/x/deco/gamma/projects/distillation/translation/training_data/translate_distill_pairs.eval3_indomain_clean_merged_128.jsonl,attempt_01_cuda,58.9221,72.5413,,64,51.1476,72.0346,,64,128,,0,-23.1285
translategemma4b_es_en_gemma3_1b_stagea_goldgrid_rows1600_bf16_codexextend_pack06_replace10_6k_dense500_defer_studentonly_v1,completed,train_summary,2026-07-09 17:20:04 UTC,2026-07-10 00:55:01 UTC,"en,es","en,es",1600,/home/x/deco/gamma/projects/distillation/translation/runs/translategemma4b_es_en_gemma3_1b_stagea_goldgrid_rows1600_bf16_codexextend_pack06_replace10_6k_dense500_defer_studentonly_v1/inputs/train_pairs.rows1600.normalized.jsonl,A_then_B,6000,6000,0,0.0000,0.0000,1.0000,0.2000,google/translategemma-4b-it,google/gemma-3-1b-it,,false,None,,,true,ok,/home/x/deco/gamma/projects/distillation/translation/runs/translategemma4b_es_en_gemma3_1b_stagea_goldgrid_rows1600_bf16_codexextend_pack06_replace10_6k_dense500_defer_studentonly_v1/stage_a/checkpoint-005000,stage_a__checkpoint-003000,stage_a,checkpoint-003000,greedy,greedy,0.0000,1.0000,50,/home/x/deco/gamma/projects/distillation/translation/runs/translategemma4b_es_en_gemma3_1b_stagea_goldgrid_rows1600_bf16_codexextend_pack06_replace10_6k_dense500_defer_studentonly_v1/stage_a/checkpoint-003000,true,causal-chat,gemma_causal_lm,translategemma,cuda,bfloat16,/home/x/deco/gamma/projects/distillation/translation/runs/translategemma4b_es_en_gemma3_1b_stagea_goldgrid_rows1600_bf16_codexextend_pack06_replace10_6k_dense500_defer_studentonly_v1/stage_a/checkpoint-003000,,/home/x/deco/gamma/projects/distillation/translation/runs/translategemma4b_es_en_gemma3_1b_stagea_goldgrid_rows1600_bf16_codexextend_pack06_replace10_6k_dense500_defer_studentonly_v1/stage_a/checkpoint-003000,,false,false,,,,,31.6740,58.3601,,/home/x/deco/gamma/projects/distillation/translation/training_data/translate_distill_pairs.eval2_wmt13_enes_128.jsonl,attempt_01_cuda,30.0496,56.8469,,64,30.9641,60.1656,,64,128,56.0748,72.6944,,/home/x/deco/gamma/projects/distillation/translation/training_data/translate_distill_pairs.eval3_indomain_clean_merged_128.jsonl,attempt_01_cuda,59.2346,73.2475,,64,52.1216,72.0195,,64,128,,0,-24.4008
translategemma4b_es_en_gemma3_1b_stagea_goldgrid_rows1600_bf16_codexextend_pack06_replace10_6k_dense500_defer_studentonly_v1,completed,train_summary,2026-07-09 17:20:04 UTC,2026-07-10 00:55:01 UTC,"en,es","en,es",1600,/home/x/deco/gamma/projects/distillation/translation/runs/translategemma4b_es_en_gemma3_1b_stagea_goldgrid_rows1600_bf16_codexextend_pack06_replace10_6k_dense500_defer_studentonly_v1/inputs/train_pairs.rows1600.normalized.jsonl,A_then_B,6000,6000,0,0.0000,0.0000,1.0000,0.2000,google/translategemma-4b-it,google/gemma-3-1b-it,,false,None,,,true,ok,/home/x/deco/gamma/projects/distillation/translation/runs/translategemma4b_es_en_gemma3_1b_stagea_goldgrid_rows1600_bf16_codexextend_pack06_replace10_6k_dense500_defer_studentonly_v1/stage_a/checkpoint-005000,stage_a__checkpoint-002500,stage_a,checkpoint-002500,greedy,greedy,0.0000,1.0000,50,/home/x/deco/gamma/projects/distillation/translation/runs/translategemma4b_es_en_gemma3_1b_stagea_goldgrid_rows1600_bf16_codexextend_pack06_replace10_6k_dense500_defer_studentonly_v1/stage_a/checkpoint-002500,true,causal-chat,gemma_causal_lm,translategemma,cuda,bfloat16,/home/x/deco/gamma/projects/distillation/translation/runs/translategemma4b_es_en_gemma3_1b_stagea_goldgrid_rows1600_bf16_codexextend_pack06_replace10_6k_dense500_defer_studentonly_v1/stage_a/checkpoint-002500,,/home/x/deco/gamma/projects/distillation/translation/runs/translategemma4b_es_en_gemma3_1b_stagea_goldgrid_rows1600_bf16_codexextend_pack06_replace10_6k_dense500_defer_studentonly_v1/stage_a/checkpoint-002500,,false,false,,,,,30.8399,58.3293,,/home/x/deco/gamma/projects/distillation/translation/training_data/translate_distill_pairs.eval2_wmt13_enes_128.jsonl,attempt_01_cuda,28.9041,56.5782,,64,30.7727,60.4185,,64,128,56.2462,73.1068,,/home/x/deco/gamma/projects/distillation/translation/training_data/translate_distill_pairs.eval3_indomain_clean_merged_128.jsonl,attempt_01_cuda,59.1729,73.7385,,64,52.5443,72.3362,,64,128,,0,-25.4063
translategemma4b_es_en_gemma3_1b_stagea_goldgrid_rows1600_bf16_codexextend_pack06_replace10_6k_dense500_defer_studentonly_v1,completed,train_summary,2026-07-09 17:20:04 UTC,2026-07-10 00:55:01 UTC,"en,es","en,es",1600,/home/x/deco/gamma/projects/distillation/translation/runs/translategemma4b_es_en_gemma3_1b_stagea_goldgrid_rows1600_bf16_codexextend_pack06_replace10_6k_dense500_defer_studentonly_v1/inputs/train_pairs.rows1600.normalized.jsonl,A_then_B,6000,6000,0,0.0000,0.0000,1.0000,0.2000,google/translategemma-4b-it,google/gemma-3-1b-it,,false,None,,,true,ok,/home/x/deco/gamma/projects/distillation/translation/runs/translategemma4b_es_en_gemma3_1b_stagea_goldgrid_rows1600_bf16_codexextend_pack06_replace10_6k_dense500_defer_studentonly_v1/stage_a/checkpoint-005000,stage_a__checkpoint-002000,stage_a,checkpoint-002000,greedy,greedy,0.0000,1.0000,50,/home/x/deco/gamma/projects/distillation/translation/runs/translategemma4b_es_en_gemma3_1b_stagea_goldgrid_rows1600_bf16_codexextend_pack06_replace10_6k_dense500_defer_studentonly_v1/stage_a/checkpoint-002000,true,causal-chat,gemma_causal_lm,translategemma,cuda,bfloat16,/home/x/deco/gamma/projects/distillation/translation/runs/translategemma4b_es_en_gemma3_1b_stagea_goldgrid_rows1600_bf16_codexextend_pack06_replace10_6k_dense500_defer_studentonly_v1/stage_a/checkpoint-002000,,/home/x/deco/gamma/projects/distillation/translation/runs/translategemma4b_es_en_gemma3_1b_stagea_goldgrid_rows1600_bf16_codexextend_pack06_replace10_6k_dense500_defer_studentonly_v1/stage_a/checkpoint-002000,,false,false,,,,,31.8419,57.7906,,/home/x/deco/gamma/projects/distillation/translation/training_data/translate_distill_pairs.eval2_wmt13_enes_128.jsonl,attempt_01_cuda,30.1497,56.1551,,64,31.1803,59.7424,,64,128,52.9727,71.6270,,/home/x/deco/gamma/projects/distillation/translation/training_data/translate_distill_pairs.eval3_indomain_clean_merged_128.jsonl,attempt_01_cuda,57.3883,72.4810,,64,47.5143,70.5874,,64,128,,0,-21.1308
translategemma4b_es_en_gemma3_1b_stagea_goldgrid_rows1600_bf16_codexextend_pack06_replace10_6k_dense500_defer_studentonly_v1,completed,train_summary,2026-07-09 17:20:04 UTC,2026-07-10 00:55:01 UTC,"en,es","en,es",1600,/home/x/deco/gamma/projects/distillation/translation/runs/translategemma4b_es_en_gemma3_1b_stagea_goldgrid_rows1600_bf16_codexextend_pack06_replace10_6k_dense500_defer_studentonly_v1/inputs/train_pairs.rows1600.normalized.jsonl,A_then_B,6000,6000,0,0.0000,0.0000,1.0000,0.2000,google/translategemma-4b-it,google/gemma-3-1b-it,,false,None,,,true,ok,/home/x/deco/gamma/projects/distillation/translation/runs/translategemma4b_es_en_gemma3_1b_stagea_goldgrid_rows1600_bf16_codexextend_pack06_replace10_6k_dense500_defer_studentonly_v1/stage_a/checkpoint-005000,stage_a__checkpoint-001500,stage_a,checkpoint-001500,greedy,greedy,0.0000,1.0000,50,/home/x/deco/gamma/projects/distillation/translation/runs/translategemma4b_es_en_gemma3_1b_stagea_goldgrid_rows1600_bf16_codexextend_pack06_replace10_6k_dense500_defer_studentonly_v1/stage_a/checkpoint-001500,true,causal-chat,gemma_causal_lm,translategemma,cuda,bfloat16,/home/x/deco/gamma/projects/distillation/translation/runs/translategemma4b_es_en_gemma3_1b_stagea_goldgrid_rows1600_bf16_codexextend_pack06_replace10_6k_dense500_defer_studentonly_v1/stage_a/checkpoint-001500,,/home/x/deco/gamma/projects/distillation/translation/runs/translategemma4b_es_en_gemma3_1b_stagea_goldgrid_rows1600_bf16_codexextend_pack06_replace10_6k_dense500_defer_studentonly_v1/stage_a/checkpoint-001500,,false,false,,,,,30.0878,57.3054,,/home/x/deco/gamma/projects/distillation/translation/training_data/translate_distill_pairs.eval2_wmt13_enes_128.jsonl,attempt_01_cuda,26.9690,55.1846,,64,30.9811,59.8277,,64,128,49.4465,70.0402,,/home/x/deco/gamma/projects/distillation/translation/training_data/translate_distill_pairs.eval3_indomain_clean_merged_128.jsonl,attempt_01_cuda,52.9686,71.4612,,64,45.2443,68.3142,,64,128,,0,-19.3587
translategemma4b_es_en_gemma3_1b_stagea_goldgrid_rows1600_bf16_codexextend_pack06_replace10_6k_dense500_defer_studentonly_v1,completed,train_summary,2026-07-09 17:20:04 UTC,2026-07-10 00:55:01 UTC,"en,es","en,es",1600,/home/x/deco/gamma/projects/distillation/translation/runs/translategemma4b_es_en_gemma3_1b_stagea_goldgrid_rows1600_bf16_codexextend_pack06_replace10_6k_dense500_defer_studentonly_v1/inputs/train_pairs.rows1600.normalized.jsonl,A_then_B,6000,6000,0,0.0000,0.0000,1.0000,0.2000,google/translategemma-4b-it,google/gemma-3-1b-it,,false,None,,,true,ok,/home/x/deco/gamma/projects/distillation/translation/runs/translategemma4b_es_en_gemma3_1b_stagea_goldgrid_rows1600_bf16_codexextend_pack06_replace10_6k_dense500_defer_studentonly_v1/stage_a/checkpoint-005000,stage_a__checkpoint-001000,stage_a,checkpoint-001000,greedy,greedy,0.0000,1.0000,50,/home/x/deco/gamma/projects/distillation/translation/runs/translategemma4b_es_en_gemma3_1b_stagea_goldgrid_rows1600_bf16_codexextend_pack06_replace10_6k_dense500_defer_studentonly_v1/stage_a/checkpoint-001000,true,causal-chat,gemma_causal_lm,translategemma,cuda,bfloat16,/home/x/deco/gamma/projects/distillation/translation/runs/translategemma4b_es_en_gemma3_1b_stagea_goldgrid_rows1600_bf16_codexextend_pack06_replace10_6k_dense500_defer_studentonly_v1/stage_a/checkpoint-001000,,/home/x/deco/gamma/projects/distillation/translation/runs/translategemma4b_es_en_gemma3_1b_stagea_goldgrid_rows1600_bf16_codexextend_pack06_replace10_6k_dense500_defer_studentonly_v1/stage_a/checkpoint-001000,,false,false,,,,,30.7777,57.6916,,/home/x/deco/gamma/projects/distillation/translation/training_data/translate_distill_pairs.eval2_wmt13_enes_128.jsonl,attempt_01_cuda,28.9804,55.9539,,64,31.4013,59.7729,,64,128,52.0395,70.8523,,/home/x/deco/gamma/projects/distillation/translation/training_data/translate_distill_pairs.eval3_indomain_clean_merged_128.jsonl,attempt_01_cuda,54.8530,72.2412,,64,47.6523,69.1592,,64,128,,0,-21.2618
translategemma4b_es_en_gemma3_1b_stagea_goldgrid_rows1600_bf16_codexextend_pack06_replace10_6k_dense500_defer_studentonly_v1,completed,train_summary,2026-07-09 17:20:04 UTC,2026-07-10 00:55:01 UTC,"en,es","en,es",1600,/home/x/deco/gamma/projects/distillation/translation/runs/translategemma4b_es_en_gemma3_1b_stagea_goldgrid_rows1600_bf16_codexextend_pack06_replace10_6k_dense500_defer_studentonly_v1/inputs/train_pairs.rows1600.normalized.jsonl,A_then_B,6000,6000,0,0.0000,0.0000,1.0000,0.2000,google/translategemma-4b-it,google/gemma-3-1b-it,,false,None,,,true,ok,/home/x/deco/gamma/projects/distillation/translation/runs/translategemma4b_es_en_gemma3_1b_stagea_goldgrid_rows1600_bf16_codexextend_pack06_replace10_6k_dense500_defer_studentonly_v1/stage_a/checkpoint-005000,stage_a__checkpoint-000500,stage_a,checkpoint-000500,greedy,greedy,0.0000,1.0000,50,/home/x/deco/gamma/projects/distillation/translation/runs/translategemma4b_es_en_gemma3_1b_stagea_goldgrid_rows1600_bf16_codexextend_pack06_replace10_6k_dense500_defer_studentonly_v1/stage_a/checkpoint-000500,true,causal-chat,gemma_causal_lm,translategemma,cuda,bfloat16,/home/x/deco/gamma/projects/distillation/translation/runs/translategemma4b_es_en_gemma3_1b_stagea_goldgrid_rows1600_bf16_codexextend_pack06_replace10_6k_dense500_defer_studentonly_v1/stage_a/checkpoint-000500,,/home/x/deco/gamma/projects/distillation/translation/runs/translategemma4b_es_en_gemma3_1b_stagea_goldgrid_rows1600_bf16_codexextend_pack06_replace10_6k_dense500_defer_studentonly_v1/stage_a/checkpoint-000500,,false,false,,,,,29.1564,56.2716,,/home/x/deco/gamma/projects/distillation/translation/training_data/translate_distill_pairs.eval2_wmt13_enes_128.jsonl,attempt_01_cuda,27.1980,54.6779,,64,30.3443,58.1787,,64,128,44.8426,65.1687,,/home/x/deco/gamma/projects/distillation/translation/training_data/translate_distill_pairs.eval3_indomain_clean_merged_128.jsonl,attempt_01_cuda,47.3581,66.1219,,64,39.9487,64.0214,,64,128,,0,-15.6862
translategemma4b_es_en_gemma3_1b_stagea_goldgrid_rows1568_bf16_codexseed7_pack06_prune10_defer_studentonly_v1,completed,train_summary,2026-07-09 16:32:25 UTC,2026-07-10 00:54:59 UTC,"en,es","en,es",1568,/home/x/deco/gamma/projects/distillation/translation/runs/translategemma4b_es_en_gemma3_1b_stagea_goldgrid_rows1568_bf16_codexseed7_pack06_prune10_defer_studentonly_v1/inputs/train_pairs.rows1568.normalized.jsonl,A_then_B,4000,4000,0,0.0000,0.0000,1.0000,0.2000,google/translategemma-4b-it,google/gemma-3-1b-it,,false,None,,,true,ok,/home/x/deco/gamma/projects/distillation/translation/runs/translategemma4b_es_en_gemma3_1b_stagea_goldgrid_rows1568_bf16_codexseed7_pack06_prune10_defer_studentonly_v1/stage_a/checkpoint-003000,stage_a__checkpoint-004000,stage_a,checkpoint-004000,greedy,greedy,0.0000,1.0000,50,/home/x/deco/gamma/projects/distillation/translation/runs/translategemma4b_es_en_gemma3_1b_stagea_goldgrid_rows1568_bf16_codexseed7_pack06_prune10_defer_studentonly_v1/stage_a/checkpoint-004000,true,causal-chat,gemma_causal_lm,translategemma,cuda,bfloat16,/home/x/deco/gamma/projects/distillation/translation/runs/translategemma4b_es_en_gemma3_1b_stagea_goldgrid_rows1568_bf16_codexseed7_pack06_prune10_defer_studentonly_v1/stage_a/checkpoint-004000,,/home/x/deco/gamma/projects/distillation/translation/runs/translategemma4b_es_en_gemma3_1b_stagea_goldgrid_rows1568_bf16_codexseed7_pack06_prune10_defer_studentonly_v1/stage_a/checkpoint-004000,,false,false,,,,,31.8697,58.7989,,/home/x/deco/gamma/projects/distillation/translation/training_data/translate_distill_pairs.eval2_wmt13_enes_128.jsonl,attempt_01_cuda,29.5692,56.6485,,64,32.4721,61.3741,,64,128,53.9366,72.3539,,/home/x/deco/gamma/projects/distillation/translation/training_data/translate_distill_pairs.eval3_indomain_clean_merged_128.jsonl,attempt_01_cuda,57.5216,72.9116,,64,49.3922,71.6711,,64,128,,0,-22.0669
translategemma4b_es_en_gemma3_1b_stagea_goldgrid_rows1568_bf16_codexseed7_pack06_prune10_defer_studentonly_v1,completed,train_summary,2026-07-09 16:32:25 UTC,2026-07-10 00:54:59 UTC,"en,es","en,es",1568,/home/x/deco/gamma/projects/distillation/translation/runs/translategemma4b_es_en_gemma3_1b_stagea_goldgrid_rows1568_bf16_codexseed7_pack06_prune10_defer_studentonly_v1/inputs/train_pairs.rows1568.normalized.jsonl,A_then_B,4000,4000,0,0.0000,0.0000,1.0000,0.2000,google/translategemma-4b-it,google/gemma-3-1b-it,,false,None,,,true,ok,/home/x/deco/gamma/projects/distillation/translation/runs/translategemma4b_es_en_gemma3_1b_stagea_goldgrid_rows1568_bf16_codexseed7_pack06_prune10_defer_studentonly_v1/stage_a/checkpoint-003000,stage_a__checkpoint-003000,stage_a,checkpoint-003000,greedy,greedy,0.0000,1.0000,50,/home/x/deco/gamma/projects/distillation/translation/runs/translategemma4b_es_en_gemma3_1b_stagea_goldgrid_rows1568_bf16_codexseed7_pack06_prune10_defer_studentonly_v1/stage_a/checkpoint-003000,true,causal-chat,gemma_causal_lm,translategemma,cuda,bfloat16,/home/x/deco/gamma/projects/distillation/translation/runs/translategemma4b_es_en_gemma3_1b_stagea_goldgrid_rows1568_bf16_codexseed7_pack06_prune10_defer_studentonly_v1/stage_a/checkpoint-003000,,/home/x/deco/gamma/projects/distillation/translation/runs/translategemma4b_es_en_gemma3_1b_stagea_goldgrid_rows1568_bf16_codexseed7_pack06_prune10_defer_studentonly_v1/stage_a/checkpoint-003000,,false,false,,,,,31.8133,58.9614,,/home/x/deco/gamma/projects/distillation/translation/training_data/translate_distill_pairs.eval2_wmt13_enes_128.jsonl,attempt_01_cuda,29.7386,57.1550,,64,32.3534,61.1303,,64,128,54.4194,72.5802,,/home/x/deco/gamma/projects/distillation/translation/training_data/translate_distill_pairs.eval3_indomain_clean_merged_128.jsonl,attempt_01_cuda,57.6643,72.7810,,64,50.3213,72.3344,,64,128,,0,-22.6061
translategemma4b_es_en_gemma3_1b_stagea_goldgrid_rows1568_bf16_codexseed7_pack06_prune10_defer_studentonly_v1,completed,train_summary,2026-07-09 16:32:25 UTC,2026-07-10 00:54:59 UTC,"en,es","en,es",1568,/home/x/deco/gamma/projects/distillation/translation/runs/translategemma4b_es_en_gemma3_1b_stagea_goldgrid_rows1568_bf16_codexseed7_pack06_prune10_defer_studentonly_v1/inputs/train_pairs.rows1568.normalized.jsonl,A_then_B,4000,4000,0,0.0000,0.0000,1.0000,0.2000,google/translategemma-4b-it,google/gemma-3-1b-it,,false,None,,,true,ok,/home/x/deco/gamma/projects/distillation/translation/runs/translategemma4b_es_en_gemma3_1b_stagea_goldgrid_rows1568_bf16_codexseed7_pack06_prune10_defer_studentonly_v1/stage_a/checkpoint-003000,stage_a__checkpoint-002000,stage_a,checkpoint-002000,greedy,greedy,0.0000,1.0000,50,/home/x/deco/gamma/projects/distillation/translation/runs/translategemma4b_es_en_gemma3_1b_stagea_goldgrid_rows1568_bf16_codexseed7_pack06_prune10_defer_studentonly_v1/stage_a/checkpoint-002000,true,causal-chat,gemma_causal_lm,translategemma,cuda,bfloat16,/home/x/deco/gamma/projects/distillation/translation/runs/translategemma4b_es_en_gemma3_1b_stagea_goldgrid_rows1568_bf16_codexseed7_pack06_prune10_defer_studentonly_v1/stage_a/checkpoint-002000,,/home/x/deco/gamma/projects/distillation/translation/runs/translategemma4b_es_en_gemma3_1b_stagea_goldgrid_rows1568_bf16_codexseed7_pack06_prune10_defer_studentonly_v1/stage_a/checkpoint-002000,,false,false,,,,,31.2568,58.3241,,/home/x/deco/gamma/projects/distillation/translation/training_data/translate_distill_pairs.eval2_wmt13_enes_128.jsonl,attempt_01_cuda,30.1474,57.4307,,64,31.1202,59.3964,,64,128,54.8510,72.5965,,/home/x/deco/gamma/projects/distillation/translation/training_data/translate_distill_pairs.eval3_indomain_clean_merged_128.jsonl,attempt_01_cuda,58.4450,72.9761,,64,50.3336,72.1324,,64,128,,0,-23.5942
translategemma4b_es_en_gemma3_1b_stagea_goldgrid_rows1568_bf16_codexseed7_pack06_prune10_defer_studentonly_v1,completed,train_summary,2026-07-09 16:32:25 UTC,2026-07-10 00:54:59 UTC,"en,es","en,es",1568,/home/x/deco/gamma/projects/distillation/translation/runs/translategemma4b_es_en_gemma3_1b_stagea_goldgrid_rows1568_bf16_codexseed7_pack06_prune10_defer_studentonly_v1/inputs/train_pairs.rows1568.normalized.jsonl,A_then_B,4000,4000,0,0.0000,0.0000,1.0000,0.2000,google/translategemma-4b-it,google/gemma-3-1b-it,,false,None,,,true,ok,/home/x/deco/gamma/projects/distillation/translation/runs/translategemma4b_es_en_gemma3_1b_stagea_goldgrid_rows1568_bf16_codexseed7_pack06_prune10_defer_studentonly_v1/stage_a/checkpoint-003000,stage_a__checkpoint-001000,stage_a,checkpoint-001000,greedy,greedy,0.0000,1.0000,50,/home/x/deco/gamma/projects/distillation/translation/runs/translategemma4b_es_en_gemma3_1b_stagea_goldgrid_rows1568_bf16_codexseed7_pack06_prune10_defer_studentonly_v1/stage_a/checkpoint-001000,true,causal-chat,gemma_causal_lm,translategemma,cuda,bfloat16,/home/x/deco/gamma/projects/distillation/translation/runs/translategemma4b_es_en_gemma3_1b_stagea_goldgrid_rows1568_bf16_codexseed7_pack06_prune10_defer_studentonly_v1/stage_a/checkpoint-001000,,/home/x/deco/gamma/projects/distillation/translation/runs/translategemma4b_es_en_gemma3_1b_stagea_goldgrid_rows1568_bf16_codexseed7_pack06_prune10_defer_studentonly_v1/stage_a/checkpoint-001000,,false,false,,,,,31.5913,58.4020,,/home/x/deco/gamma/projects/distillation/translation/training_data/translate_distill_pairs.eval2_wmt13_enes_128.jsonl,attempt_01_cuda,29.7508,56.6902,,64,31.9018,60.4574,,64,128,53.3759,72.2088,,/home/x/deco/gamma/projects/distillation/translation/training_data/translate_distill_pairs.eval3_indomain_clean_merged_128.jsonl,attempt_01_cuda,55.1894,72.7280,,64,49.6395,71.5765,,64,128,,0,-21.7846
translategemma4b_es_en_gemma3_1b_stagea_goldgrid_rows1568_bf16_codexlow_pack06_random10_defer_studentonly_v1,completed,train_summary,2026-07-09 15:58:39 UTC,2026-07-10 00:54:59 UTC,"en,es","en,es",1568,/home/x/deco/gamma/projects/distillation/translation/runs/translategemma4b_es_en_gemma3_1b_stagea_goldgrid_rows1568_bf16_codexlow_pack06_random10_defer_studentonly_v1/inputs/train_pairs.rows1568.normalized.jsonl,A_then_B,4000,4000,0,0.0000,0.0000,1.0000,0.2000,google/translategemma-4b-it,google/gemma-3-1b-it,,false,None,,,true,ok,/home/x/deco/gamma/projects/distillation/translation/runs/translategemma4b_es_en_gemma3_1b_stagea_goldgrid_rows1568_bf16_codexlow_pack06_random10_defer_studentonly_v1/stage_a/checkpoint-003000,stage_a__checkpoint-004000,stage_a,checkpoint-004000,greedy,greedy,0.0000,1.0000,50,/home/x/deco/gamma/projects/distillation/translation/runs/translategemma4b_es_en_gemma3_1b_stagea_goldgrid_rows1568_bf16_codexlow_pack06_random10_defer_studentonly_v1/stage_a/checkpoint-004000,true,causal-chat,gemma_causal_lm,translategemma,cuda,bfloat16,/home/x/deco/gamma/projects/distillation/translation/runs/translategemma4b_es_en_gemma3_1b_stagea_goldgrid_rows1568_bf16_codexlow_pack06_random10_defer_studentonly_v1/stage_a/checkpoint-004000,,/home/x/deco/gamma/projects/distillation/translation/runs/translategemma4b_es_en_gemma3_1b_stagea_goldgrid_rows1568_bf16_codexlow_pack06_random10_defer_studentonly_v1/stage_a/checkpoint-004000,,false,false,,,,,32.3319,58.8561,,/home/x/deco/gamma/projects/distillation/translation/training_data/translate_distill_pairs.eval2_wmt13_enes_128.jsonl,attempt_01_cuda,30.8716,57.5522,,64,31.6800,60.4145,,64,128,53.7752,72.0253,,/home/x/deco/gamma/projects/distillation/translation/training_data/translate_distill_pairs.eval3_indomain_clean_merged_128.jsonl,attempt_01_cuda,56.9948,72.8369,,64,49.6704,71.0329,,64,128,,0,-21.4433
translategemma4b_es_en_gemma3_1b_stagea_goldgrid_rows1568_bf16_codexlow_pack06_random10_defer_studentonly_v1,completed,train_summary,2026-07-09 15:58:39 UTC,2026-07-10 00:54:59 UTC,"en,es","en,es",1568,/home/x/deco/gamma/projects/distillation/translation/runs/translategemma4b_es_en_gemma3_1b_stagea_goldgrid_rows1568_bf16_codexlow_pack06_random10_defer_studentonly_v1/inputs/train_pairs.rows1568.normalized.jsonl,A_then_B,4000,4000,0,0.0000,0.0000,1.0000,0.2000,google/translategemma-4b-it,google/gemma-3-1b-it,,false,None,,,true,ok,/home/x/deco/gamma/projects/distillation/translation/runs/translategemma4b_es_en_gemma3_1b_stagea_goldgrid_rows1568_bf16_codexlow_pack06_random10_defer_studentonly_v1/stage_a/checkpoint-003000,stage_a__checkpoint-003000,stage_a,checkpoint-003000,greedy,greedy,0.0000,1.0000,50,/home/x/deco/gamma/projects/distillation/translation/runs/translategemma4b_es_en_gemma3_1b_stagea_goldgrid_rows1568_bf16_codexlow_pack06_random10_defer_studentonly_v1/stage_a/checkpoint-003000,true,causal-chat,gemma_causal_lm,translategemma,cuda,bfloat16,/home/x/deco/gamma/projects/distillation/translation/runs/translategemma4b_es_en_gemma3_1b_stagea_goldgrid_rows1568_bf16_codexlow_pack06_random10_defer_studentonly_v1/stage_a/checkpoint-003000,,/home/x/deco/gamma/projects/distillation/translation/runs/translategemma4b_es_en_gemma3_1b_stagea_goldgrid_rows1568_bf16_codexlow_pack06_random10_defer_studentonly_v1/stage_a/checkpoint-003000,,false,false,,,,,31.6900,58.4389,,/home/x/deco/gamma/projects/distillation/translation/training_data/translate_distill_pairs.eval2_wmt13_enes_128.jsonl,attempt_01_cuda,30.0011,57.0350,,64,31.2443,60.1167,,64,128,53.6045,71.8561,,/home/x/deco/gamma/projects/distillation/translation/training_data/translate_distill_pairs.eval3_indomain_clean_merged_128.jsonl,attempt_01_cuda,56.8365,72.7181,,64,49.4547,70.8037,,64,128,,0,-21.9145
translategemma4b_es_en_gemma3_1b_stagea_goldgrid_rows1568_bf16_codexlow_pack06_random10_defer_studentonly_v1,completed,train_summary,2026-07-09 15:58:39 UTC,2026-07-10 00:54:59 UTC,"en,es","en,es",1568,/home/x/deco/gamma/projects/distillation/translation/runs/translategemma4b_es_en_gemma3_1b_stagea_goldgrid_rows1568_bf16_codexlow_pack06_random10_defer_studentonly_v1/inputs/train_pairs.rows1568.normalized.jsonl,A_then_B,4000,4000,0,0.0000,0.0000,1.0000,0.2000,google/translategemma-4b-it,google/gemma-3-1b-it,,false,None,,,true,ok,/home/x/deco/gamma/projects/distillation/translation/runs/translategemma4b_es_en_gemma3_1b_stagea_goldgrid_rows1568_bf16_codexlow_pack06_random10_defer_studentonly_v1/stage_a/checkpoint-003000,stage_a__checkpoint-002000,stage_a,checkpoint-002000,greedy,greedy,0.0000,1.0000,50,/home/x/deco/gamma/projects/distillation/translation/runs/translategemma4b_es_en_gemma3_1b_stagea_goldgrid_rows1568_bf16_codexlow_pack06_random10_defer_studentonly_v1/stage_a/checkpoint-002000,true,causal-chat,gemma_causal_lm,translategemma,cuda,bfloat16,/home/x/deco/gamma/projects/distillation/translation/runs/translategemma4b_es_en_gemma3_1b_stagea_goldgrid_rows1568_bf16_codexlow_pack06_random10_defer_studentonly_v1/stage_a/checkpoint-002000,,/home/x/deco/gamma/projects/distillation/translation/runs/translategemma4b_es_en_gemma3_1b_stagea_goldgrid_rows1568_bf16_codexlow_pack06_random10_defer_studentonly_v1/stage_a/checkpoint-002000,,false,false,,,,,31.7656,58.5804,,/home/x/deco/gamma/projects/distillation/translation/training_data/translate_distill_pairs.eval2_wmt13_enes_128.jsonl,attempt_01_cuda,30.7173,57.5438,,64,30.5421,59.8191,,64,128,54.8620,72.0181,,/home/x/deco/gamma/projects/distillation/translation/training_data/translate_distill_pairs.eval3_indomain_clean_merged_128.jsonl,attempt_01_cuda,57.4255,72.3170,,64,51.1147,71.6538,,64,128,,0,-23.0964
translategemma4b_es_en_gemma3_1b_stagea_goldgrid_rows1568_bf16_codexlow_pack06_random10_defer_studentonly_v1,completed,train_summary,2026-07-09 15:58:39 UTC,2026-07-10 00:54:59 UTC,"en,es","en,es",1568,/home/x/deco/gamma/projects/distillation/translation/runs/translategemma4b_es_en_gemma3_1b_stagea_goldgrid_rows1568_bf16_codexlow_pack06_random10_defer_studentonly_v1/inputs/train_pairs.rows1568.normalized.jsonl,A_then_B,4000,4000,0,0.0000,0.0000,1.0000,0.2000,google/translategemma-4b-it,google/gemma-3-1b-it,,false,None,,,true,ok,/home/x/deco/gamma/projects/distillation/translation/runs/translategemma4b_es_en_gemma3_1b_stagea_goldgrid_rows1568_bf16_codexlow_pack06_random10_defer_studentonly_v1/stage_a/checkpoint-003000,stage_a__checkpoint-001000,stage_a,checkpoint-001000,greedy,greedy,0.0000,1.0000,50,/home/x/deco/gamma/projects/distillation/translation/runs/translategemma4b_es_en_gemma3_1b_stagea_goldgrid_rows1568_bf16_codexlow_pack06_random10_defer_studentonly_v1/stage_a/checkpoint-001000,true,causal-chat,gemma_causal_lm,translategemma,cuda,bfloat16,/home/x/deco/gamma/projects/distillation/translation/runs/translategemma4b_es_en_gemma3_1b_stagea_goldgrid_rows1568_bf16_codexlow_pack06_random10_defer_studentonly_v1/stage_a/checkpoint-001000,,/home/x/deco/gamma/projects/distillation/translation/runs/translategemma4b_es_en_gemma3_1b_stagea_goldgrid_rows1568_bf16_codexlow_pack06_random10_defer_studentonly_v1/stage_a/checkpoint-001000,,false,false,,,,,30.9817,58.4168,,/home/x/deco/gamma/projects/distillation/translation/training_data/translate_distill_pairs.eval2_wmt13_enes_128.jsonl,attempt_01_cuda,29.6280,56.8255,,64,30.0764,60.3162,,64,128,50.7135,71.0139,,/home/x/deco/gamma/projects/distillation/translation/training_data/translate_distill_pairs.eval3_indomain_clean_merged_128.jsonl,attempt_01_cuda,55.2703,71.4337,,64,45.2670,70.5036,,64,128,,0,-19.7318
translategemma4b_es_en_gemma3_1b_stagea_goldgrid_rows1568_bf16_codexdense_pack06_prune10_seed42_500ckpts_v1,completed,train_summary,2026-07-08 22:55:01 UTC,2026-07-10 00:54:57 UTC,"en,es","en,es",1568,/home/x/deco/gamma/projects/distillation/translation/runs/translategemma4b_es_en_gemma3_1b_stagea_goldgrid_rows1568_bf16_codexdense_pack06_prune10_seed42_500ckpts_v1/inputs/train_pairs.rows1568.normalized.jsonl,A_then_B,4000,4000,0,0.0000,0.0000,1.0000,0.2000,google/translategemma-4b-it,google/gemma-3-1b-it,,false,None,,,true,ok,/home/x/deco/gamma/projects/distillation/translation/runs/translategemma4b_es_en_gemma3_1b_stagea_goldgrid_rows1568_bf16_codexdense_pack06_prune10_seed42_500ckpts_v1/stage_a/checkpoint-003000,stage_a__checkpoint-004000,stage_a,checkpoint-004000,greedy,greedy,0.0000,1.0000,50,/home/x/deco/gamma/projects/distillation/translation/runs/translategemma4b_es_en_gemma3_1b_stagea_goldgrid_rows1568_bf16_codexdense_pack06_prune10_seed42_500ckpts_v1/stage_a/checkpoint-004000,true,causal-chat,gemma_causal_lm,translategemma,cuda,bfloat16,/home/x/deco/gamma/projects/distillation/translation/runs/translategemma4b_es_en_gemma3_1b_stagea_goldgrid_rows1568_bf16_codexdense_pack06_prune10_seed42_500ckpts_v1/stage_a/checkpoint-004000,,/home/x/deco/gamma/projects/distillation/translation/runs/translategemma4b_es_en_gemma3_1b_stagea_goldgrid_rows1568_bf16_codexdense_pack06_prune10_seed42_500ckpts_v1/stage_a/checkpoint-004000,,false,false,,,,,32.0768,59.1377,,/home/x/deco/gamma/projects/distillation/translation/training_data/translate_distill_pairs.eval2_wmt13_enes_128.jsonl,attempt_01_cuda,30.9674,58.1953,,64,31.0811,60.2716,,64,128,54.8306,72.6761,,/home/x/deco/gamma/projects/distillation/translation/training_data/translate_distill_pairs.eval3_indomain_clean_merged_128.jsonl,attempt_01_cuda,59.1736,74.3390,,64,49.4577,70.6477,,64,128,,0,-22.7538
translategemma4b_es_en_gemma3_1b_stagea_goldgrid_rows1568_bf16_codexdense_pack06_prune10_seed42_500ckpts_v1,completed,train_summary,2026-07-08 22:55:01 UTC,2026-07-10 00:54:57 UTC,"en,es","en,es",1568,/home/x/deco/gamma/projects/distillation/translation/runs/translategemma4b_es_en_gemma3_1b_stagea_goldgrid_rows1568_bf16_codexdense_pack06_prune10_seed42_500ckpts_v1/inputs/train_pairs.rows1568.normalized.jsonl,A_then_B,4000,4000,0,0.0000,0.0000,1.0000,0.2000,google/translategemma-4b-it,google/gemma-3-1b-it,,false,None,,,true,ok,/home/x/deco/gamma/projects/distillation/translation/runs/translategemma4b_es_en_gemma3_1b_stagea_goldgrid_rows1568_bf16_codexdense_pack06_prune10_seed42_500ckpts_v1/stage_a/checkpoint-003000,stage_a__checkpoint-003500,stage_a,checkpoint-003500,greedy,greedy,0.0000,1.0000,50,/home/x/deco/gamma/projects/distillation/translation/runs/translategemma4b_es_en_gemma3_1b_stagea_goldgrid_rows1568_bf16_codexdense_pack06_prune10_seed42_500ckpts_v1/stage_a/checkpoint-003500,true,causal-chat,gemma_causal_lm,translategemma,cuda,bfloat16,/home/x/deco/gamma/projects/distillation/translation/runs/translategemma4b_es_en_gemma3_1b_stagea_goldgrid_rows1568_bf16_codexdense_pack06_prune10_seed42_500ckpts_v1/stage_a/checkpoint-003500,,/home/x/deco/gamma/projects/distillation/translation/runs/translategemma4b_es_en_gemma3_1b_stagea_goldgrid_rows1568_bf16_codexdense_pack06_prune10_seed42_500ckpts_v1/stage_a/checkpoint-003500,,false,false,,,,,32.4571,59.2230,,/home/x/deco/gamma/projects/distillation/translation/training_data/translate_distill_pairs.eval2_wmt13_enes_128.jsonl,attempt_01_cuda,30.7945,58.2185,,64,31.9780,60.4304,,64,128,55.2261,72.9102,,/home/x/deco/gamma/projects/distillation/translation/training_data/translate_distill_pairs.eval3_indomain_clean_merged_128.jsonl,attempt_01_cuda,59.3125,74.4262,,64,50.1724,71.0603,,64,128,,0,-22.7690
translategemma4b_es_en_gemma3_1b_stagea_goldgrid_rows1568_bf16_codexdense_pack06_prune10_seed42_500ckpts_v1,completed,train_summary,2026-07-08 22:55:01 UTC,2026-07-10 00:54:57 UTC,"en,es","en,es",1568,/home/x/deco/gamma/projects/distillation/translation/runs/translategemma4b_es_en_gemma3_1b_stagea_goldgrid_rows1568_bf16_codexdense_pack06_prune10_seed42_500ckpts_v1/inputs/train_pairs.rows1568.normalized.jsonl,A_then_B,4000,4000,0,0.0000,0.0000,1.0000,0.2000,google/translategemma-4b-it,google/gemma-3-1b-it,,false,None,,,true,ok,/home/x/deco/gamma/projects/distillation/translation/runs/translategemma4b_es_en_gemma3_1b_stagea_goldgrid_rows1568_bf16_codexdense_pack06_prune10_seed42_500ckpts_v1/stage_a/checkpoint-003000,stage_a__checkpoint-003000,stage_a,checkpoint-003000,greedy,greedy,0.0000,1.0000,50,/home/x/deco/gamma/projects/distillation/translation/runs/translategemma4b_es_en_gemma3_1b_stagea_goldgrid_rows1568_bf16_codexdense_pack06_prune10_seed42_500ckpts_v1/stage_a/checkpoint-003000,true,causal-chat,gemma_causal_lm,translategemma,cuda,bfloat16,/home/x/deco/gamma/projects/distillation/translation/runs/translategemma4b_es_en_gemma3_1b_stagea_goldgrid_rows1568_bf16_codexdense_pack06_prune10_seed42_500ckpts_v1/stage_a/checkpoint-003000,,/home/x/deco/gamma/projects/distillation/translation/runs/translategemma4b_es_en_gemma3_1b_stagea_goldgrid_rows1568_bf16_codexdense_pack06_prune10_seed42_500ckpts_v1/stage_a/checkpoint-003000,,false,false,,,,,32.9055,59.4631,,/home/x/deco/gamma/projects/distillation/translation/training_data/translate_distill_pairs.eval2_wmt13_enes_128.jsonl,attempt_01_cuda,31.4216,58.4698,,64,32.1594,60.6573,,64,128,54.8940,72.8595,,/home/x/deco/gamma/projects/distillation/translation/training_data/translate_distill_pairs.eval3_indomain_clean_merged_128.jsonl,attempt_01_cuda,58.9323,74.2510,,64,49.8307,71.1626,,64,128,,0,-21.9885
translategemma4b_es_en_gemma3_1b_stagea_goldgrid_rows1568_bf16_codexdense_pack06_prune10_seed42_500ckpts_v1,completed,train_summary,2026-07-08 22:55:01 UTC,2026-07-10 00:54:57 UTC,"en,es","en,es",1568,/home/x/deco/gamma/projects/distillation/translation/runs/translategemma4b_es_en_gemma3_1b_stagea_goldgrid_rows1568_bf16_codexdense_pack06_prune10_seed42_500ckpts_v1/inputs/train_pairs.rows1568.normalized.jsonl,A_then_B,4000,4000,0,0.0000,0.0000,1.0000,0.2000,google/translategemma-4b-it,google/gemma-3-1b-it,,false,None,,,true,ok,/home/x/deco/gamma/projects/distillation/translation/runs/translategemma4b_es_en_gemma3_1b_stagea_goldgrid_rows1568_bf16_codexdense_pack06_prune10_seed42_500ckpts_v1/stage_a/checkpoint-003000,stage_a__checkpoint-002500,stage_a,checkpoint-002500,greedy,greedy,0.0000,1.0000,50,/home/x/deco/gamma/projects/distillation/translation/runs/translategemma4b_es_en_gemma3_1b_stagea_goldgrid_rows1568_bf16_codexdense_pack06_prune10_seed42_500ckpts_v1/stage_a/checkpoint-002500,true,causal-chat,gemma_causal_lm,translategemma,cuda,bfloat16,/home/x/deco/gamma/projects/distillation/translation/runs/translategemma4b_es_en_gemma3_1b_stagea_goldgrid_rows1568_bf16_codexdense_pack06_prune10_seed42_500ckpts_v1/stage_a/checkpoint-002500,,/home/x/deco/gamma/projects/distillation/translation/runs/translategemma4b_es_en_gemma3_1b_stagea_goldgrid_rows1568_bf16_codexdense_pack06_prune10_seed42_500ckpts_v1/stage_a/checkpoint-002500,,false,false,,,,,32.6157,59.3508,,/home/x/deco/gamma/projects/distillation/translation/training_data/translate_distill_pairs.eval2_wmt13_enes_128.jsonl,attempt_01_cuda,31.5696,58.4375,,64,31.3235,60.4454,,64,128,54.5042,72.6910,,/home/x/deco/gamma/projects/distillation/translation/training_data/translate_distill_pairs.eval3_indomain_clean_merged_128.jsonl,attempt_01_cuda,59.1364,74.4207,,64,48.7275,70.5822,,64,128,,0,-21.8885
translategemma4b_es_en_gemma3_1b_stagea_goldgrid_rows1568_bf16_codexdense_pack06_prune10_seed42_500ckpts_v1,completed,train_summary,2026-07-08 22:55:01 UTC,2026-07-10 00:54:57 UTC,"en,es","en,es",1568,/home/x/deco/gamma/projects/distillation/translation/runs/translategemma4b_es_en_gemma3_1b_stagea_goldgrid_rows1568_bf16_codexdense_pack06_prune10_seed42_500ckpts_v1/inputs/train_pairs.rows1568.normalized.jsonl,A_then_B,4000,4000,0,0.0000,0.0000,1.0000,0.2000,google/translategemma-4b-it,google/gemma-3-1b-it,,false,None,,,true,ok,/home/x/deco/gamma/projects/distillation/translation/runs/translategemma4b_es_en_gemma3_1b_stagea_goldgrid_rows1568_bf16_codexdense_pack06_prune10_seed42_500ckpts_v1/stage_a/checkpoint-003000,stage_a__checkpoint-002000,stage_a,checkpoint-002000,greedy,greedy,0.0000,1.0000,50,/home/x/deco/gamma/projects/distillation/translation/runs/translategemma4b_es_en_gemma3_1b_stagea_goldgrid_rows1568_bf16_codexdense_pack06_prune10_seed42_500ckpts_v1/stage_a/checkpoint-002000,true,causal-chat,gemma_causal_lm,translategemma,cuda,bfloat16,/home/x/deco/gamma/projects/distillation/translation/runs/translategemma4b_es_en_gemma3_1b_stagea_goldgrid_rows1568_bf16_codexdense_pack06_prune10_seed42_500ckpts_v1/stage_a/checkpoint-002000,,/home/x/deco/gamma/projects/distillation/translation/runs/translategemma4b_es_en_gemma3_1b_stagea_goldgrid_rows1568_bf16_codexdense_pack06_prune10_seed42_500ckpts_v1/stage_a/checkpoint-002000,,false,false,,,,,32.1052,58.4338,,/home/x/deco/gamma/projects/distillation/translation/training_data/translate_distill_pairs.eval2_wmt13_enes_128.jsonl,attempt_01_cuda,30.7536,57.2648,,64,31.8585,59.8385,,64,128,53.1370,71.6379,,/home/x/deco/gamma/projects/distillation/translation/training_data/translate_distill_pairs.eval3_indomain_clean_merged_128.jsonl,attempt_01_cuda,54.4981,72.1035,,64,50.9554,71.0702,,64,128,,0,-21.0318
translategemma4b_es_en_gemma3_1b_stagea_goldgrid_rows1568_bf16_codexdense_pack06_prune10_seed42_500ckpts_v1,completed,train_summary,2026-07-08 22:55:01 UTC,2026-07-10 00:54:57 UTC,"en,es","en,es",1568,/home/x/deco/gamma/projects/distillation/translation/runs/translategemma4b_es_en_gemma3_1b_stagea_goldgrid_rows1568_bf16_codexdense_pack06_prune10_seed42_500ckpts_v1/inputs/train_pairs.rows1568.normalized.jsonl,A_then_B,4000,4000,0,0.0000,0.0000,1.0000,0.2000,google/translategemma-4b-it,google/gemma-3-1b-it,,false,None,,,true,ok,/home/x/deco/gamma/projects/distillation/translation/runs/translategemma4b_es_en_gemma3_1b_stagea_goldgrid_rows1568_bf16_codexdense_pack06_prune10_seed42_500ckpts_v1/stage_a/checkpoint-003000,stage_a__checkpoint-001500,stage_a,checkpoint-001500,greedy,greedy,0.0000,1.0000,50,/home/x/deco/gamma/projects/distillation/translation/runs/translategemma4b_es_en_gemma3_1b_stagea_goldgrid_rows1568_bf16_codexdense_pack06_prune10_seed42_500ckpts_v1/stage_a/checkpoint-001500,true,causal-chat,gemma_causal_lm,translategemma,cuda,bfloat16,/home/x/deco/gamma/projects/distillation/translation/runs/translategemma4b_es_en_gemma3_1b_stagea_goldgrid_rows1568_bf16_codexdense_pack06_prune10_seed42_500ckpts_v1/stage_a/checkpoint-001500,,/home/x/deco/gamma/projects/distillation/translation/runs/translategemma4b_es_en_gemma3_1b_stagea_goldgrid_rows1568_bf16_codexdense_pack06_prune10_seed42_500ckpts_v1/stage_a/checkpoint-001500,,false,false,,,,,31.9809,58.6714,,/home/x/deco/gamma/projects/distillation/translation/training_data/translate_distill_pairs.eval2_wmt13_enes_128.jsonl,attempt_01_cuda,29.3133,56.6201,,64,32.0342,61.1273,,64,128,51.4450,71.6183,,/home/x/deco/gamma/projects/distillation/translation/training_data/translate_distill_pairs.eval3_indomain_clean_merged_128.jsonl,attempt_01_cuda,52.3352,71.2935,,64,49.6115,72.0120,,64,128,,0,-19.4641
translategemma4b_es_en_gemma3_1b_stagea_goldgrid_rows1568_bf16_codexdense_pack06_prune10_seed42_500ckpts_v1,completed,train_summary,2026-07-08 22:55:01 UTC,2026-07-10 00:54:57 UTC,"en,es","en,es",1568,/home/x/deco/gamma/projects/distillation/translation/runs/translategemma4b_es_en_gemma3_1b_stagea_goldgrid_rows1568_bf16_codexdense_pack06_prune10_seed42_500ckpts_v1/inputs/train_pairs.rows1568.normalized.jsonl,A_then_B,4000,4000,0,0.0000,0.0000,1.0000,0.2000,google/translategemma-4b-it,google/gemma-3-1b-it,,false,None,,,true,ok,/home/x/deco/gamma/projects/distillation/translation/runs/translategemma4b_es_en_gemma3_1b_stagea_goldgrid_rows1568_bf16_codexdense_pack06_prune10_seed42_500ckpts_v1/stage_a/checkpoint-003000,stage_a__checkpoint-001000,stage_a,checkpoint-001000,greedy,greedy,0.0000,1.0000,50,/home/x/deco/gamma/projects/distillation/translation/runs/translategemma4b_es_en_gemma3_1b_stagea_goldgrid_rows1568_bf16_codexdense_pack06_prune10_seed42_500ckpts_v1/stage_a/checkpoint-001000,true,causal-chat,gemma_causal_lm,translategemma,cuda,bfloat16,/home/x/deco/gamma/projects/distillation/translation/runs/translategemma4b_es_en_gemma3_1b_stagea_goldgrid_rows1568_bf16_codexdense_pack06_prune10_seed42_500ckpts_v1/stage_a/checkpoint-001000,,/home/x/deco/gamma/projects/distillation/translation/runs/translategemma4b_es_en_gemma3_1b_stagea_goldgrid_rows1568_bf16_codexdense_pack06_prune10_seed42_500ckpts_v1/stage_a/checkpoint-001000,,false,false,,,,,30.8198,57.3670,,/home/x/deco/gamma/projects/distillation/translation/training_data/translate_distill_pairs.eval2_wmt13_enes_128.jsonl,attempt_01_cuda,30.1811,56.2855,,64,28.6334,58.6592,,64,128,51.0253,71.6275,,/home/x/deco/gamma/projects/distillation/translation/training_data/translate_distill_pairs.eval3_indomain_clean_merged_128.jsonl,attempt_01_cuda,54.7019,72.2594,,64,46.6088,70.8587,,64,128,,0,-20.2055
translategemma4b_es_en_gemma3_1b_stagea_goldgrid_rows1568_bf16_codexdense_pack06_prune10_seed42_500ckpts_v1,completed,train_summary,2026-07-08 22:55:01 UTC,2026-07-10 00:54:57 UTC,"en,es","en,es",1568,/home/x/deco/gamma/projects/distillation/translation/runs/translategemma4b_es_en_gemma3_1b_stagea_goldgrid_rows1568_bf16_codexdense_pack06_prune10_seed42_500ckpts_v1/inputs/train_pairs.rows1568.normalized.jsonl,A_then_B,4000,4000,0,0.0000,0.0000,1.0000,0.2000,google/translategemma-4b-it,google/gemma-3-1b-it,,false,None,,,true,ok,/home/x/deco/gamma/projects/distillation/translation/runs/translategemma4b_es_en_gemma3_1b_stagea_goldgrid_rows1568_bf16_codexdense_pack06_prune10_seed42_500ckpts_v1/stage_a/checkpoint-003000,stage_a__checkpoint-000500,stage_a,checkpoint-000500,greedy,greedy,0.0000,1.0000,50,/home/x/deco/gamma/projects/distillation/translation/runs/translategemma4b_es_en_gemma3_1b_stagea_goldgrid_rows1568_bf16_codexdense_pack06_prune10_seed42_500ckpts_v1/stage_a/checkpoint-000500,true,causal-chat,gemma_causal_lm,translategemma,cuda,bfloat16,/home/x/deco/gamma/projects/distillation/translation/runs/translategemma4b_es_en_gemma3_1b_stagea_goldgrid_rows1568_bf16_codexdense_pack06_prune10_seed42_500ckpts_v1/stage_a/checkpoint-000500,,/home/x/deco/gamma/projects/distillation/translation/runs/translategemma4b_es_en_gemma3_1b_stagea_goldgrid_rows1568_bf16_codexdense_pack06_prune10_seed42_500ckpts_v1/stage_a/checkpoint-000500,,false,false,,,,,28.8084,55.2729,,/home/x/deco/gamma/projects/distillation/translation/training_data/translate_distill_pairs.eval2_wmt13_enes_128.jsonl,attempt_01_cuda,25.7979,52.7548,,64,30.5114,58.2989,,64,128,46.0998,67.3583,,/home/x/deco/gamma/projects/distillation/translation/training_data/translate_distill_pairs.eval3_indomain_clean_merged_128.jsonl,attempt_01_cuda,47.9297,67.6441,,64,41.8991,67.0119,,64,128,,0,-17.2914
translategemma4b_es_en_gemma3_1b_stagea_goldgrid_rows1568_bf16_codexpolish_pack06_prune10_ckpt3000_lr5e6_v1,completed,train_summary,2026-07-08 22:20:03 UTC,2026-07-10 00:54:59 UTC,"en,es","en,es",1568,/home/x/deco/gamma/projects/distillation/translation/runs/translategemma4b_es_en_gemma3_1b_stagea_goldgrid_rows1568_bf16_codexpolish_pack06_prune10_ckpt3000_lr5e6_v1/inputs/train_pairs.rows1568.normalized.jsonl,A_then_B,1000,1000,0,0.0000,0.0000,1.0000,0.2000,google/translategemma-4b-it,projects/distillation/translation/runs/translategemma4b_es_en_gemma3_1b_stagea_goldgrid_rows1568_bf16_codexlow_pack06_prune10_defer_studentonly_v2/stage_a/checkpoint-003000,true,false,None,,,true,ok,/home/x/deco/gamma/projects/distillation/translation/runs/translategemma4b_es_en_gemma3_1b_stagea_goldgrid_rows1568_bf16_codexpolish_pack06_prune10_ckpt3000_lr5e6_v1/stage_a/checkpoint-000250,stage_a__checkpoint-001000,stage_a,checkpoint-001000,greedy,greedy,0.0000,1.0000,50,/home/x/deco/gamma/projects/distillation/translation/runs/translategemma4b_es_en_gemma3_1b_stagea_goldgrid_rows1568_bf16_codexpolish_pack06_prune10_ckpt3000_lr5e6_v1/stage_a/checkpoint-001000,true,causal-chat,gemma_causal_lm,translategemma,cuda,bfloat16,/home/x/deco/gamma/projects/distillation/translation/runs/translategemma4b_es_en_gemma3_1b_stagea_goldgrid_rows1568_bf16_codexpolish_pack06_prune10_ckpt3000_lr5e6_v1/stage_a/checkpoint-001000,,/home/x/deco/gamma/projects/distillation/translation/runs/translategemma4b_es_en_gemma3_1b_stagea_goldgrid_rows1568_bf16_codexpolish_pack06_prune10_ckpt3000_lr5e6_v1/stage_a/checkpoint-001000,,false,false,,,,,32.7147,59.3117,,/home/x/deco/gamma/projects/distillation/translation/training_data/translate_distill_pairs.eval2_wmt13_enes_128.jsonl,attempt_01_cuda,31.2599,58.1212,,64,31.6247,60.7375,,64,128,55.0160,72.9515,,/home/x/deco/gamma/projects/distillation/translation/training_data/translate_distill_pairs.eval3_indomain_clean_merged_128.jsonl,attempt_01_cuda,59.6533,74.5271,,64,49.3351,71.0328,,64,128,,0,-22.3013
translategemma4b_es_en_gemma3_1b_stagea_goldgrid_rows1568_bf16_codexpolish_pack06_prune10_ckpt3000_lr5e6_v1,completed,train_summary,2026-07-08 22:20:03 UTC,2026-07-10 00:54:59 UTC,"en,es","en,es",1568,/home/x/deco/gamma/projects/distillation/translation/runs/translategemma4b_es_en_gemma3_1b_stagea_goldgrid_rows1568_bf16_codexpolish_pack06_prune10_ckpt3000_lr5e6_v1/inputs/train_pairs.rows1568.normalized.jsonl,A_then_B,1000,1000,0,0.0000,0.0000,1.0000,0.2000,google/translategemma-4b-it,projects/distillation/translation/runs/translategemma4b_es_en_gemma3_1b_stagea_goldgrid_rows1568_bf16_codexlow_pack06_prune10_defer_studentonly_v2/stage_a/checkpoint-003000,true,false,None,,,true,ok,/home/x/deco/gamma/projects/distillation/translation/runs/translategemma4b_es_en_gemma3_1b_stagea_goldgrid_rows1568_bf16_codexpolish_pack06_prune10_ckpt3000_lr5e6_v1/stage_a/checkpoint-000250,stage_a__checkpoint-000750,stage_a,checkpoint-000750,greedy,greedy,0.0000,1.0000,50,/home/x/deco/gamma/projects/distillation/translation/runs/translategemma4b_es_en_gemma3_1b_stagea_goldgrid_rows1568_bf16_codexpolish_pack06_prune10_ckpt3000_lr5e6_v1/stage_a/checkpoint-000750,true,causal-chat,gemma_causal_lm,translategemma,cuda,bfloat16,/home/x/deco/gamma/projects/distillation/translation/runs/translategemma4b_es_en_gemma3_1b_stagea_goldgrid_rows1568_bf16_codexpolish_pack06_prune10_ckpt3000_lr5e6_v1/stage_a/checkpoint-000750,,/home/x/deco/gamma/projects/distillation/translation/runs/translategemma4b_es_en_gemma3_1b_stagea_goldgrid_rows1568_bf16_codexpolish_pack06_prune10_ckpt3000_lr5e6_v1/stage_a/checkpoint-000750,,false,false,,,,,32.5374,59.1869,,/home/x/deco/gamma/projects/distillation/translation/training_data/translate_distill_pairs.eval2_wmt13_enes_128.jsonl,attempt_01_cuda,31.0515,57.9317,,64,31.5682,60.6914,,64,128,54.5121,72.6505,,/home/x/deco/gamma/projects/distillation/translation/training_data/translate_distill_pairs.eval3_indomain_clean_merged_128.jsonl,attempt_01_cuda,59.0967,74.2675,,64,48.9049,70.6806,,64,128,,0,-21.9747
translategemma4b_es_en_gemma3_1b_stagea_goldgrid_rows1568_bf16_codexpolish_pack06_prune10_ckpt3000_lr5e6_v1,completed,train_summary,2026-07-08 22:20:03 UTC,2026-07-10 00:54:59 UTC,"en,es","en,es",1568,/home/x/deco/gamma/projects/distillation/translation/runs/translategemma4b_es_en_gemma3_1b_stagea_goldgrid_rows1568_bf16_codexpolish_pack06_prune10_ckpt3000_lr5e6_v1/inputs/train_pairs.rows1568.normalized.jsonl,A_then_B,1000,1000,0,0.0000,0.0000,1.0000,0.2000,google/translategemma-4b-it,projects/distillation/translation/runs/translategemma4b_es_en_gemma3_1b_stagea_goldgrid_rows1568_bf16_codexlow_pack06_prune10_defer_studentonly_v2/stage_a/checkpoint-003000,true,false,None,,,true,ok,/home/x/deco/gamma/projects/distillation/translation/runs/translategemma4b_es_en_gemma3_1b_stagea_goldgrid_rows1568_bf16_codexpolish_pack06_prune10_ckpt3000_lr5e6_v1/stage_a/checkpoint-000250,stage_a__checkpoint-000500,stage_a,checkpoint-000500,greedy,greedy,0.0000,1.0000,50,/home/x/deco/gamma/projects/distillation/translation/runs/translategemma4b_es_en_gemma3_1b_stagea_goldgrid_rows1568_bf16_codexpolish_pack06_prune10_ckpt3000_lr5e6_v1/stage_a/checkpoint-000500,true,causal-chat,gemma_causal_lm,translategemma,cuda,bfloat16,/home/x/deco/gamma/projects/distillation/translation/runs/translategemma4b_es_en_gemma3_1b_stagea_goldgrid_rows1568_bf16_codexpolish_pack06_prune10_ckpt3000_lr5e6_v1/stage_a/checkpoint-000500,,/home/x/deco/gamma/projects/distillation/translation/runs/translategemma4b_es_en_gemma3_1b_stagea_goldgrid_rows1568_bf16_codexpolish_pack06_prune10_ckpt3000_lr5e6_v1/stage_a/checkpoint-000500,,false,false,,,,,32.4609,59.2292,,/home/x/deco/gamma/projects/distillation/translation/training_data/translate_distill_pairs.eval2_wmt13_enes_128.jsonl,attempt_01_cuda,30.9523,58.0875,,64,31.4470,60.5963,,64,128,54.6283,72.7976,,/home/x/deco/gamma/projects/distillation/translation/training_data/translate_distill_pairs.eval3_indomain_clean_merged_128.jsonl,attempt_01_cuda,59.4461,74.4464,,64,48.6819,70.7890,,64,128,,0,-22.1674
translategemma4b_es_en_gemma3_1b_stagea_goldgrid_rows1568_bf16_codexpolish_pack06_prune10_ckpt3000_lr5e6_v1,completed,train_summary,2026-07-08 22:20:03 UTC,2026-07-10 00:54:59 UTC,"en,es","en,es",1568,/home/x/deco/gamma/projects/distillation/translation/runs/translategemma4b_es_en_gemma3_1b_stagea_goldgrid_rows1568_bf16_codexpolish_pack06_prune10_ckpt3000_lr5e6_v1/inputs/train_pairs.rows1568.normalized.jsonl,A_then_B,1000,1000,0,0.0000,0.0000,1.0000,0.2000,google/translategemma-4b-it,projects/distillation/translation/runs/translategemma4b_es_en_gemma3_1b_stagea_goldgrid_rows1568_bf16_codexlow_pack06_prune10_defer_studentonly_v2/stage_a/checkpoint-003000,true,false,None,,,true,ok,/home/x/deco/gamma/projects/distillation/translation/runs/translategemma4b_es_en_gemma3_1b_stagea_goldgrid_rows1568_bf16_codexpolish_pack06_prune10_ckpt3000_lr5e6_v1/stage_a/checkpoint-000250,stage_a__checkpoint-000250,stage_a,checkpoint-000250,greedy,greedy,0.0000,1.0000,50,/home/x/deco/gamma/projects/distillation/translation/runs/translategemma4b_es_en_gemma3_1b_stagea_goldgrid_rows1568_bf16_codexpolish_pack06_prune10_ckpt3000_lr5e6_v1/stage_a/checkpoint-000250,true,causal-chat,gemma_causal_lm,translategemma,cuda,bfloat16,/home/x/deco/gamma/projects/distillation/translation/runs/translategemma4b_es_en_gemma3_1b_stagea_goldgrid_rows1568_bf16_codexpolish_pack06_prune10_ckpt3000_lr5e6_v1/stage_a/checkpoint-000250,,/home/x/deco/gamma/projects/distillation/translation/runs/translategemma4b_es_en_gemma3_1b_stagea_goldgrid_rows1568_bf16_codexpolish_pack06_prune10_ckpt3000_lr5e6_v1/stage_a/checkpoint-000250,,false,false,,,,,32.5040,59.2697,,/home/x/deco/gamma/projects/distillation/translation/training_data/translate_distill_pairs.eval2_wmt13_enes_128.jsonl,attempt_01_cuda,31.1690,58.1626,,64,31.3446,60.5958,,64,128,54.8635,72.9783,,/home/x/deco/gamma/projects/distillation/translation/training_data/translate_distill_pairs.eval3_indomain_clean_merged_128.jsonl,attempt_01_cuda,59.7290,74.7073,,64,48.8977,70.8723,,64,128,,0,-22.3595
translategemma4b_es_en_gemma3_1b_stagea_goldgrid_rows1600_bf16_codexlow_pack04_replace10_defer_studentonly_v1,completed,train_summary,2026-07-08 22:02:26 UTC,2026-07-10 00:55:01 UTC,"en,es","en,es",1600,/home/x/deco/gamma/projects/distillation/translation/runs/translategemma4b_es_en_gemma3_1b_stagea_goldgrid_rows1600_bf16_codexlow_pack04_replace10_defer_studentonly_v1/inputs/train_pairs.rows1600.normalized.jsonl,A_then_B,4000,4000,0,0.0000,0.0000,1.0000,0.2000,google/translategemma-4b-it,google/gemma-3-1b-it,,false,None,,,true,ok,/home/x/deco/gamma/projects/distillation/translation/runs/translategemma4b_es_en_gemma3_1b_stagea_goldgrid_rows1600_bf16_codexlow_pack04_replace10_defer_studentonly_v1/stage_a/checkpoint-003000,stage_a__checkpoint-004000,stage_a,checkpoint-004000,greedy,greedy,0.0000,1.0000,50,/home/x/deco/gamma/projects/distillation/translation/runs/translategemma4b_es_en_gemma3_1b_stagea_goldgrid_rows1600_bf16_codexlow_pack04_replace10_defer_studentonly_v1/stage_a/checkpoint-004000,true,causal-chat,gemma_causal_lm,translategemma,cuda,bfloat16,/home/x/deco/gamma/projects/distillation/translation/runs/translategemma4b_es_en_gemma3_1b_stagea_goldgrid_rows1600_bf16_codexlow_pack04_replace10_defer_studentonly_v1/stage_a/checkpoint-004000,,/home/x/deco/gamma/projects/distillation/translation/runs/translategemma4b_es_en_gemma3_1b_stagea_goldgrid_rows1600_bf16_codexlow_pack04_replace10_defer_studentonly_v1/stage_a/checkpoint-004000,,false,false,,,,,32.5811,58.9875,,/home/x/deco/gamma/projects/distillation/translation/training_data/translate_distill_pairs.eval2_wmt13_enes_128.jsonl,attempt_01_cuda,31.8069,57.9967,,64,31.7485,60.1732,,64,128,54.0417,72.0529,,/home/x/deco/gamma/projects/distillation/translation/training_data/translate_distill_pairs.eval3_indomain_clean_merged_128.jsonl,attempt_01_cuda,57.9651,72.9581,,64,48.9321,70.9525,,64,128,,0,-21.4606
translategemma4b_es_en_gemma3_1b_stagea_goldgrid_rows1600_bf16_codexlow_pack04_replace10_defer_studentonly_v1,completed,train_summary,2026-07-08 22:02:26 UTC,2026-07-10 00:55:01 UTC,"en,es","en,es",1600,/home/x/deco/gamma/projects/distillation/translation/runs/translategemma4b_es_en_gemma3_1b_stagea_goldgrid_rows1600_bf16_codexlow_pack04_replace10_defer_studentonly_v1/inputs/train_pairs.rows1600.normalized.jsonl,A_then_B,4000,4000,0,0.0000,0.0000,1.0000,0.2000,google/translategemma-4b-it,google/gemma-3-1b-it,,false,None,,,true,ok,/home/x/deco/gamma/projects/distillation/translation/runs/translategemma4b_es_en_gemma3_1b_stagea_goldgrid_rows1600_bf16_codexlow_pack04_replace10_defer_studentonly_v1/stage_a/checkpoint-003000,stage_a__checkpoint-003000,stage_a,checkpoint-003000,greedy,greedy,0.0000,1.0000,50,/home/x/deco/gamma/projects/distillation/translation/runs/translategemma4b_es_en_gemma3_1b_stagea_goldgrid_rows1600_bf16_codexlow_pack04_replace10_defer_studentonly_v1/stage_a/checkpoint-003000,true,causal-chat,gemma_causal_lm,translategemma,cuda,bfloat16,/home/x/deco/gamma/projects/distillation/translation/runs/translategemma4b_es_en_gemma3_1b_stagea_goldgrid_rows1600_bf16_codexlow_pack04_replace10_defer_studentonly_v1/stage_a/checkpoint-003000,,/home/x/deco/gamma/projects/distillation/translation/runs/translategemma4b_es_en_gemma3_1b_stagea_goldgrid_rows1600_bf16_codexlow_pack04_replace10_defer_studentonly_v1/stage_a/checkpoint-003000,,false,false,,,,,32.2489,58.9322,,/home/x/deco/gamma/projects/distillation/translation/training_data/translate_distill_pairs.eval2_wmt13_enes_128.jsonl,attempt_01_cuda,31.1578,57.7924,,64,31.6743,60.2952,,64,128,53.8952,72.1599,,/home/x/deco/gamma/projects/distillation/translation/training_data/translate_distill_pairs.eval3_indomain_clean_merged_128.jsonl,attempt_01_cuda,58.0000,73.2225,,64,48.8079,70.8666,,64,128,,0,-21.6463
translategemma4b_es_en_gemma3_1b_stagea_goldgrid_rows1600_bf16_codexlow_pack04_replace10_defer_studentonly_v1,completed,train_summary,2026-07-08 22:02:26 UTC,2026-07-10 00:55:01 UTC,"en,es","en,es",1600,/home/x/deco/gamma/projects/distillation/translation/runs/translategemma4b_es_en_gemma3_1b_stagea_goldgrid_rows1600_bf16_codexlow_pack04_replace10_defer_studentonly_v1/inputs/train_pairs.rows1600.normalized.jsonl,A_then_B,4000,4000,0,0.0000,0.0000,1.0000,0.2000,google/translategemma-4b-it,google/gemma-3-1b-it,,false,None,,,true,ok,/home/x/deco/gamma/projects/distillation/translation/runs/translategemma4b_es_en_gemma3_1b_stagea_goldgrid_rows1600_bf16_codexlow_pack04_replace10_defer_studentonly_v1/stage_a/checkpoint-003000,stage_a__checkpoint-002000,stage_a,checkpoint-002000,greedy,greedy,0.0000,1.0000,50,/home/x/deco/gamma/projects/distillation/translation/runs/translategemma4b_es_en_gemma3_1b_stagea_goldgrid_rows1600_bf16_codexlow_pack04_replace10_defer_studentonly_v1/stage_a/checkpoint-002000,true,causal-chat,gemma_causal_lm,translategemma,cuda,bfloat16,/home/x/deco/gamma/projects/distillation/translation/runs/translategemma4b_es_en_gemma3_1b_stagea_goldgrid_rows1600_bf16_codexlow_pack04_replace10_defer_studentonly_v1/stage_a/checkpoint-002000,,/home/x/deco/gamma/projects/distillation/translation/runs/translategemma4b_es_en_gemma3_1b_stagea_goldgrid_rows1600_bf16_codexlow_pack04_replace10_defer_studentonly_v1/stage_a/checkpoint-002000,,false,false,,,,,31.8522,58.6638,,/home/x/deco/gamma/projects/distillation/translation/training_data/translate_distill_pairs.eval2_wmt13_enes_128.jsonl,attempt_01_cuda,30.8151,57.6420,,64,31.2393,59.8882,,64,128,53.3348,71.6585,,/home/x/deco/gamma/projects/distillation/translation/training_data/translate_distill_pairs.eval3_indomain_clean_merged_128.jsonl,attempt_01_cuda,58.3885,73.2136,,64,47.0733,69.7652,,64,128,,0,-21.4826
translategemma4b_es_en_gemma3_1b_stagea_goldgrid_rows1600_bf16_codexlow_pack04_replace10_defer_studentonly_v1,completed,train_summary,2026-07-08 22:02:26 UTC,2026-07-10 00:55:01 UTC,"en,es","en,es",1600,/home/x/deco/gamma/projects/distillation/translation/runs/translategemma4b_es_en_gemma3_1b_stagea_goldgrid_rows1600_bf16_codexlow_pack04_replace10_defer_studentonly_v1/inputs/train_pairs.rows1600.normalized.jsonl,A_then_B,4000,4000,0,0.0000,0.0000,1.0000,0.2000,google/translategemma-4b-it,google/gemma-3-1b-it,,false,None,,,true,ok,/home/x/deco/gamma/projects/distillation/translation/runs/translategemma4b_es_en_gemma3_1b_stagea_goldgrid_rows1600_bf16_codexlow_pack04_replace10_defer_studentonly_v1/stage_a/checkpoint-003000,stage_a__checkpoint-001000,stage_a,checkpoint-001000,greedy,greedy,0.0000,1.0000,50,/home/x/deco/gamma/projects/distillation/translation/runs/translategemma4b_es_en_gemma3_1b_stagea_goldgrid_rows1600_bf16_codexlow_pack04_replace10_defer_studentonly_v1/stage_a/checkpoint-001000,true,causal-chat,gemma_causal_lm,translategemma,cuda,bfloat16,/home/x/deco/gamma/projects/distillation/translation/runs/translategemma4b_es_en_gemma3_1b_stagea_goldgrid_rows1600_bf16_codexlow_pack04_replace10_defer_studentonly_v1/stage_a/checkpoint-001000,,/home/x/deco/gamma/projects/distillation/translation/runs/translategemma4b_es_en_gemma3_1b_stagea_goldgrid_rows1600_bf16_codexlow_pack04_replace10_defer_studentonly_v1/stage_a/checkpoint-001000,,false,false,,,,,30.8992,57.0933,,/home/x/deco/gamma/projects/distillation/translation/training_data/translate_distill_pairs.eval2_wmt13_enes_128.jsonl,attempt_01_cuda,27.8905,55.0640,,64,32.7926,59.5222,,64,128,53.4706,71.1539,,/home/x/deco/gamma/projects/distillation/translation/training_data/translate_distill_pairs.eval3_indomain_clean_merged_128.jsonl,attempt_01_cuda,54.7875,71.2272,,64,50.9741,71.0647,,64,128,,0,-22.5714
translategemma4b_es_en_gemma3_1b_stagea_goldgrid_rows1568_bf16_codexlow_pack04_random10_defer_studentonly_v1,completed,train_summary,2026-07-08 21:28:12 UTC,2026-07-10 00:54:58 UTC,"en,es","en,es",1568,/home/x/deco/gamma/projects/distillation/translation/runs/translategemma4b_es_en_gemma3_1b_stagea_goldgrid_rows1568_bf16_codexlow_pack04_random10_defer_studentonly_v1/inputs/train_pairs.rows1568.normalized.jsonl,A_then_B,4000,4000,0,0.0000,0.0000,1.0000,0.2000,google/translategemma-4b-it,google/gemma-3-1b-it,,false,None,,,true,ok,/home/x/deco/gamma/projects/distillation/translation/runs/translategemma4b_es_en_gemma3_1b_stagea_goldgrid_rows1568_bf16_codexlow_pack04_random10_defer_studentonly_v1/stage_a/checkpoint-003000,stage_a__checkpoint-004000,stage_a,checkpoint-004000,greedy,greedy,0.0000,1.0000,50,/home/x/deco/gamma/projects/distillation/translation/runs/translategemma4b_es_en_gemma3_1b_stagea_goldgrid_rows1568_bf16_codexlow_pack04_random10_defer_studentonly_v1/stage_a/checkpoint-004000,true,causal-chat,gemma_causal_lm,translategemma,cuda,bfloat16,/home/x/deco/gamma/projects/distillation/translation/runs/translategemma4b_es_en_gemma3_1b_stagea_goldgrid_rows1568_bf16_codexlow_pack04_random10_defer_studentonly_v1/stage_a/checkpoint-004000,,/home/x/deco/gamma/projects/distillation/translation/runs/translategemma4b_es_en_gemma3_1b_stagea_goldgrid_rows1568_bf16_codexlow_pack04_random10_defer_studentonly_v1/stage_a/checkpoint-004000,,false,false,,,,,32.3030,58.9223,,/home/x/deco/gamma/projects/distillation/translation/training_data/translate_distill_pairs.eval2_wmt13_enes_128.jsonl,attempt_01_cuda,30.1805,56.9980,,64,32.5376,61.2285,,64,128,55.4039,73.1358,,/home/x/deco/gamma/projects/distillation/translation/training_data/translate_distill_pairs.eval3_indomain_clean_merged_128.jsonl,attempt_01_cuda,59.2256,73.4757,,64,50.5406,72.7210,,64,128,,0,-23.1009
translategemma4b_es_en_gemma3_1b_stagea_goldgrid_rows1568_bf16_codexlow_pack04_random10_defer_studentonly_v1,completed,train_summary,2026-07-08 21:28:12 UTC,2026-07-10 00:54:58 UTC,"en,es","en,es",1568,/home/x/deco/gamma/projects/distillation/translation/runs/translategemma4b_es_en_gemma3_1b_stagea_goldgrid_rows1568_bf16_codexlow_pack04_random10_defer_studentonly_v1/inputs/train_pairs.rows1568.normalized.jsonl,A_then_B,4000,4000,0,0.0000,0.0000,1.0000,0.2000,google/translategemma-4b-it,google/gemma-3-1b-it,,false,None,,,true,ok,/home/x/deco/gamma/projects/distillation/translation/runs/translategemma4b_es_en_gemma3_1b_stagea_goldgrid_rows1568_bf16_codexlow_pack04_random10_defer_studentonly_v1/stage_a/checkpoint-003000,stage_a__checkpoint-003000,stage_a,checkpoint-003000,greedy,greedy,0.0000,1.0000,50,/home/x/deco/gamma/projects/distillation/translation/runs/translategemma4b_es_en_gemma3_1b_stagea_goldgrid_rows1568_bf16_codexlow_pack04_random10_defer_studentonly_v1/stage_a/checkpoint-003000,true,causal-chat,gemma_causal_lm,translategemma,cuda,bfloat16,/home/x/deco/gamma/projects/distillation/translation/runs/translategemma4b_es_en_gemma3_1b_stagea_goldgrid_rows1568_bf16_codexlow_pack04_random10_defer_studentonly_v1/stage_a/checkpoint-003000,,/home/x/deco/gamma/projects/distillation/translation/runs/translategemma4b_es_en_gemma3_1b_stagea_goldgrid_rows1568_bf16_codexlow_pack04_random10_defer_studentonly_v1/stage_a/checkpoint-003000,,false,false,,,,,32.1481,58.7076,,/home/x/deco/gamma/projects/distillation/translation/training_data/translate_distill_pairs.eval2_wmt13_enes_128.jsonl,attempt_01_cuda,30.2141,56.8712,,64,32.0886,60.9104,,64,128,55.5626,73.2671,,/home/x/deco/gamma/projects/distillation/translation/training_data/translate_distill_pairs.eval3_indomain_clean_merged_128.jsonl,attempt_01_cuda,59.4704,73.6680,,64,50.5799,72.7780,,64,128,,0,-23.4145
translategemma4b_es_en_gemma3_1b_stagea_goldgrid_rows1568_bf16_codexlow_pack04_random10_defer_studentonly_v1,completed,train_summary,2026-07-08 21:28:12 UTC,2026-07-10 00:54:58 UTC,"en,es","en,es",1568,/home/x/deco/gamma/projects/distillation/translation/runs/translategemma4b_es_en_gemma3_1b_stagea_goldgrid_rows1568_bf16_codexlow_pack04_random10_defer_studentonly_v1/inputs/train_pairs.rows1568.normalized.jsonl,A_then_B,4000,4000,0,0.0000,0.0000,1.0000,0.2000,google/translategemma-4b-it,google/gemma-3-1b-it,,false,None,,,true,ok,/home/x/deco/gamma/projects/distillation/translation/runs/translategemma4b_es_en_gemma3_1b_stagea_goldgrid_rows1568_bf16_codexlow_pack04_random10_defer_studentonly_v1/stage_a/checkpoint-003000,stage_a__checkpoint-002000,stage_a,checkpoint-002000,greedy,greedy,0.0000,1.0000,50,/home/x/deco/gamma/projects/distillation/translation/runs/translategemma4b_es_en_gemma3_1b_stagea_goldgrid_rows1568_bf16_codexlow_pack04_random10_defer_studentonly_v1/stage_a/checkpoint-002000,true,causal-chat,gemma_causal_lm,translategemma,cuda,bfloat16,/home/x/deco/gamma/projects/distillation/translation/runs/translategemma4b_es_en_gemma3_1b_stagea_goldgrid_rows1568_bf16_codexlow_pack04_random10_defer_studentonly_v1/stage_a/checkpoint-002000,,/home/x/deco/gamma/projects/distillation/translation/runs/translategemma4b_es_en_gemma3_1b_stagea_goldgrid_rows1568_bf16_codexlow_pack04_random10_defer_studentonly_v1/stage_a/checkpoint-002000,,false,false,,,,,32.0233,58.5229,,/home/x/deco/gamma/projects/distillation/translation/training_data/translate_distill_pairs.eval2_wmt13_enes_128.jsonl,attempt_01_cuda,30.3379,56.9415,,64,31.7956,60.4175,,64,128,55.9294,73.0533,,/home/x/deco/gamma/projects/distillation/translation/training_data/translate_distill_pairs.eval3_indomain_clean_merged_128.jsonl,attempt_01_cuda,59.5174,73.4166,,64,51.3638,72.6100,,64,128,,0,-23.9061
translategemma4b_es_en_gemma3_1b_stagea_goldgrid_rows1568_bf16_codexlow_pack04_random10_defer_studentonly_v1,completed,train_summary,2026-07-08 21:28:12 UTC,2026-07-10 00:54:58 UTC,"en,es","en,es",1568,/home/x/deco/gamma/projects/distillation/translation/runs/translategemma4b_es_en_gemma3_1b_stagea_goldgrid_rows1568_bf16_codexlow_pack04_random10_defer_studentonly_v1/inputs/train_pairs.rows1568.normalized.jsonl,A_then_B,4000,4000,0,0.0000,0.0000,1.0000,0.2000,google/translategemma-4b-it,google/gemma-3-1b-it,,false,None,,,true,ok,/home/x/deco/gamma/projects/distillation/translation/runs/translategemma4b_es_en_gemma3_1b_stagea_goldgrid_rows1568_bf16_codexlow_pack04_random10_defer_studentonly_v1/stage_a/checkpoint-003000,stage_a__checkpoint-001000,stage_a,checkpoint-001000,greedy,greedy,0.0000,1.0000,50,/home/x/deco/gamma/projects/distillation/translation/runs/translategemma4b_es_en_gemma3_1b_stagea_goldgrid_rows1568_bf16_codexlow_pack04_random10_defer_studentonly_v1/stage_a/checkpoint-001000,true,causal-chat,gemma_causal_lm,translategemma,cuda,bfloat16,/home/x/deco/gamma/projects/distillation/translation/runs/translategemma4b_es_en_gemma3_1b_stagea_goldgrid_rows1568_bf16_codexlow_pack04_random10_defer_studentonly_v1/stage_a/checkpoint-001000,,/home/x/deco/gamma/projects/distillation/translation/runs/translategemma4b_es_en_gemma3_1b_stagea_goldgrid_rows1568_bf16_codexlow_pack04_random10_defer_studentonly_v1/stage_a/checkpoint-001000,,false,false,,,,,30.8410,58.3600,,/home/x/deco/gamma/projects/distillation/translation/training_data/translate_distill_pairs.eval2_wmt13_enes_128.jsonl,attempt_01_cuda,29.0760,57.1685,,64,30.1046,59.7838,,64,128,53.6515,71.7670,,/home/x/deco/gamma/projects/distillation/translation/training_data/translate_distill_pairs.eval3_indomain_clean_merged_128.jsonl,attempt_01_cuda,55.9532,71.4780,,64,50.7311,72.1193,,64,128,,0,-22.8105
translategemma4b_es_en_gemma3_1b_stagea_goldgrid_rows1568_bf16_codexlow_pack06_prune10_defer_studentonly_v2,completed,train_summary,2026-07-08 20:53:48 UTC,2026-07-10 00:54:58 UTC,"en,es","en,es",1568,/home/x/deco/gamma/projects/distillation/translation/runs/translategemma4b_es_en_gemma3_1b_stagea_goldgrid_rows1568_bf16_codexlow_pack06_prune10_defer_studentonly_v2/inputs/train_pairs.rows1568.normalized.jsonl,A_then_B,4000,4000,0,0.0000,0.0000,1.0000,0.2000,google/translategemma-4b-it,google/gemma-3-1b-it,,false,None,,,true,ok,/home/x/deco/gamma/projects/distillation/translation/runs/translategemma4b_es_en_gemma3_1b_stagea_goldgrid_rows1568_bf16_codexlow_pack06_prune10_defer_studentonly_v2/stage_a/checkpoint-003000,stage_a__checkpoint-004000,stage_a,checkpoint-004000,greedy,greedy,0.0000,1.0000,50,/home/x/deco/gamma/projects/distillation/translation/runs/translategemma4b_es_en_gemma3_1b_stagea_goldgrid_rows1568_bf16_codexlow_pack06_prune10_defer_studentonly_v2/stage_a/checkpoint-004000,true,causal-chat,gemma_causal_lm,translategemma,cuda,bfloat16,/home/x/deco/gamma/projects/distillation/translation/runs/translategemma4b_es_en_gemma3_1b_stagea_goldgrid_rows1568_bf16_codexlow_pack06_prune10_defer_studentonly_v2/stage_a/checkpoint-004000,,/home/x/deco/gamma/projects/distillation/translation/runs/translategemma4b_es_en_gemma3_1b_stagea_goldgrid_rows1568_bf16_codexlow_pack06_prune10_defer_studentonly_v2/stage_a/checkpoint-004000,,false,false,,,,,32.0768,59.1377,,/home/x/deco/gamma/projects/distillation/translation/training_data/translate_distill_pairs.eval2_wmt13_enes_128.jsonl,attempt_01_cuda,30.9674,58.1953,,64,31.0811,60.2716,,64,128,54.8306,72.6761,,/home/x/deco/gamma/projects/distillation/translation/training_data/translate_distill_pairs.eval3_indomain_clean_merged_128.jsonl,attempt_01_cuda,59.1736,74.3390,,64,49.4577,70.6477,,64,128,,0,-22.7538
translategemma4b_es_en_gemma3_1b_stagea_goldgrid_rows1568_bf16_codexlow_pack06_prune10_defer_studentonly_v2,completed,train_summary,2026-07-08 20:53:48 UTC,2026-07-10 00:54:58 UTC,"en,es","en,es",1568,/home/x/deco/gamma/projects/distillation/translation/runs/translategemma4b_es_en_gemma3_1b_stagea_goldgrid_rows1568_bf16_codexlow_pack06_prune10_defer_studentonly_v2/inputs/train_pairs.rows1568.normalized.jsonl,A_then_B,4000,4000,0,0.0000,0.0000,1.0000,0.2000,google/translategemma-4b-it,google/gemma-3-1b-it,,false,None,,,true,ok,/home/x/deco/gamma/projects/distillation/translation/runs/translategemma4b_es_en_gemma3_1b_stagea_goldgrid_rows1568_bf16_codexlow_pack06_prune10_defer_studentonly_v2/stage_a/checkpoint-003000,stage_a__checkpoint-003000,stage_a,checkpoint-003000,greedy,greedy,0.0000,1.0000,50,/home/x/deco/gamma/projects/distillation/translation/runs/translategemma4b_es_en_gemma3_1b_stagea_goldgrid_rows1568_bf16_codexlow_pack06_prune10_defer_studentonly_v2/stage_a/checkpoint-003000,true,causal-chat,gemma_causal_lm,translategemma,cuda,bfloat16,/home/x/deco/gamma/projects/distillation/translation/runs/translategemma4b_es_en_gemma3_1b_stagea_goldgrid_rows1568_bf16_codexlow_pack06_prune10_defer_studentonly_v2/stage_a/checkpoint-003000,,/home/x/deco/gamma/projects/distillation/translation/runs/translategemma4b_es_en_gemma3_1b_stagea_goldgrid_rows1568_bf16_codexlow_pack06_prune10_defer_studentonly_v2/stage_a/checkpoint-003000,,false,false,,,,,32.9055,59.4631,,/home/x/deco/gamma/projects/distillation/translation/training_data/translate_distill_pairs.eval2_wmt13_enes_128.jsonl,attempt_01_cuda,31.4216,58.4698,,64,32.1594,60.6573,,64,128,54.8940,72.8595,,/home/x/deco/gamma/projects/distillation/translation/training_data/translate_distill_pairs.eval3_indomain_clean_merged_128.jsonl,attempt_01_cuda,58.9323,74.2510,,64,49.8307,71.1626,,64,128,,0,-21.9885
translategemma4b_es_en_gemma3_1b_stagea_goldgrid_rows1568_bf16_codexlow_pack06_prune10_defer_studentonly_v2,completed,train_summary,2026-07-08 20:53:48 UTC,2026-07-10 00:54:58 UTC,"en,es","en,es",1568,/home/x/deco/gamma/projects/distillation/translation/runs/translategemma4b_es_en_gemma3_1b_stagea_goldgrid_rows1568_bf16_codexlow_pack06_prune10_defer_studentonly_v2/inputs/train_pairs.rows1568.normalized.jsonl,A_then_B,4000,4000,0,0.0000,0.0000,1.0000,0.2000,google/translategemma-4b-it,google/gemma-3-1b-it,,false,None,,,true,ok,/home/x/deco/gamma/projects/distillation/translation/runs/translategemma4b_es_en_gemma3_1b_stagea_goldgrid_rows1568_bf16_codexlow_pack06_prune10_defer_studentonly_v2/stage_a/checkpoint-003000,stage_a__checkpoint-002000,stage_a,checkpoint-002000,greedy,greedy,0.0000,1.0000,50,/home/x/deco/gamma/projects/distillation/translation/runs/translategemma4b_es_en_gemma3_1b_stagea_goldgrid_rows1568_bf16_codexlow_pack06_prune10_defer_studentonly_v2/stage_a/checkpoint-002000,true,causal-chat,gemma_causal_lm,translategemma,cuda,bfloat16,/home/x/deco/gamma/projects/distillation/translation/runs/translategemma4b_es_en_gemma3_1b_stagea_goldgrid_rows1568_bf16_codexlow_pack06_prune10_defer_studentonly_v2/stage_a/checkpoint-002000,,/home/x/deco/gamma/projects/distillation/translation/runs/translategemma4b_es_en_gemma3_1b_stagea_goldgrid_rows1568_bf16_codexlow_pack06_prune10_defer_studentonly_v2/stage_a/checkpoint-002000,,false,false,,,,,32.1052,58.4338,,/home/x/deco/gamma/projects/distillation/translation/training_data/translate_distill_pairs.eval2_wmt13_enes_128.jsonl,attempt_01_cuda,30.7536,57.2648,,64,31.8585,59.8385,,64,128,53.1370,71.6379,,/home/x/deco/gamma/projects/distillation/translation/training_data/translate_distill_pairs.eval3_indomain_clean_merged_128.jsonl,attempt_01_cuda,54.4981,72.1035,,64,50.9554,71.0702,,64,128,,0,-21.0318
translategemma4b_es_en_gemma3_1b_stagea_goldgrid_rows1568_bf16_codexlow_pack06_prune10_defer_studentonly_v2,completed,train_summary,2026-07-08 20:53:48 UTC,2026-07-10 00:54:58 UTC,"en,es","en,es",1568,/home/x/deco/gamma/projects/distillation/translation/runs/translategemma4b_es_en_gemma3_1b_stagea_goldgrid_rows1568_bf16_codexlow_pack06_prune10_defer_studentonly_v2/inputs/train_pairs.rows1568.normalized.jsonl,A_then_B,4000,4000,0,0.0000,0.0000,1.0000,0.2000,google/translategemma-4b-it,google/gemma-3-1b-it,,false,None,,,true,ok,/home/x/deco/gamma/projects/distillation/translation/runs/translategemma4b_es_en_gemma3_1b_stagea_goldgrid_rows1568_bf16_codexlow_pack06_prune10_defer_studentonly_v2/stage_a/checkpoint-003000,stage_a__checkpoint-001000,stage_a,checkpoint-001000,greedy,greedy,0.0000,1.0000,50,/home/x/deco/gamma/projects/distillation/translation/runs/translategemma4b_es_en_gemma3_1b_stagea_goldgrid_rows1568_bf16_codexlow_pack06_prune10_defer_studentonly_v2/stage_a/checkpoint-001000,true,causal-chat,gemma_causal_lm,translategemma,cuda,bfloat16,/home/x/deco/gamma/projects/distillation/translation/runs/translategemma4b_es_en_gemma3_1b_stagea_goldgrid_rows1568_bf16_codexlow_pack06_prune10_defer_studentonly_v2/stage_a/checkpoint-001000,,/home/x/deco/gamma/projects/distillation/translation/runs/translategemma4b_es_en_gemma3_1b_stagea_goldgrid_rows1568_bf16_codexlow_pack06_prune10_defer_studentonly_v2/stage_a/checkpoint-001000,,false,false,,,,,30.8198,57.3670,,/home/x/deco/gamma/projects/distillation/translation/training_data/translate_distill_pairs.eval2_wmt13_enes_128.jsonl,attempt_01_cuda,30.1811,56.2855,,64,28.6334,58.6592,,64,128,51.0253,71.6275,,/home/x/deco/gamma/projects/distillation/translation/training_data/translate_distill_pairs.eval3_indomain_clean_merged_128.jsonl,attempt_01_cuda,54.7019,72.2594,,64,46.6088,70.8587,,64,128,,0,-20.2055
translategemma4b_es_en_gemma3_1b_stagea_goldgrid_rows1568_bf16_codexlow_pack04_prune10_studentonly_v1,completed,train_summary,2026-07-08 20:23:25 UTC,2026-07-10 00:54:58 UTC,"en,es","en,es",1568,/home/x/deco/gamma/projects/distillation/translation/runs/translategemma4b_es_en_gemma3_1b_stagea_goldgrid_rows1568_bf16_codexlow_pack04_prune10_studentonly_v1/inputs/train_pairs.rows1568.normalized.jsonl,A_then_B,4000,4000,0,0.0000,0.0000,1.0000,0.2000,google/translategemma-4b-it,google/gemma-3-1b-it,,false,None,,,true,ok,/home/x/deco/gamma/projects/distillation/translation/runs/translategemma4b_es_en_gemma3_1b_stagea_goldgrid_rows1568_bf16_codexlow_pack04_prune10_studentonly_v1/stage_a/checkpoint-003000,stage_a__checkpoint-004000,stage_a,checkpoint-004000,greedy,greedy,0.0000,1.0000,50,/home/x/deco/gamma/projects/distillation/translation/runs/translategemma4b_es_en_gemma3_1b_stagea_goldgrid_rows1568_bf16_codexlow_pack04_prune10_studentonly_v1/stage_a/checkpoint-004000,true,causal-chat,gemma_causal_lm,translategemma,cuda,bfloat16,/home/x/deco/gamma/projects/distillation/translation/runs/translategemma4b_es_en_gemma3_1b_stagea_goldgrid_rows1568_bf16_codexlow_pack04_prune10_studentonly_v1/stage_a/checkpoint-004000,,/home/x/deco/gamma/projects/distillation/translation/runs/translategemma4b_es_en_gemma3_1b_stagea_goldgrid_rows1568_bf16_codexlow_pack04_prune10_studentonly_v1/stage_a/checkpoint-004000,,false,false,,,,,32.4720,59.3062,,/home/x/deco/gamma/projects/distillation/translation/training_data/translate_distill_pairs.eval2_wmt13_enes_128.jsonl,attempt_01_cuda,30.4621,57.7655,,64,32.6656,61.1583,,64,128,54.0130,72.2760,,/home/x/deco/gamma/projects/distillation/translation/training_data/translate_distill_pairs.eval3_indomain_clean_merged_128.jsonl,attempt_01_cuda,57.9770,73.1963,,64,48.9841,71.1516,,64,128,,0,-21.5410
translategemma4b_es_en_gemma3_1b_stagea_goldgrid_rows1568_bf16_codexlow_pack04_prune10_studentonly_v1,completed,train_summary,2026-07-08 20:23:25 UTC,2026-07-10 00:54:58 UTC,"en,es","en,es",1568,/home/x/deco/gamma/projects/distillation/translation/runs/translategemma4b_es_en_gemma3_1b_stagea_goldgrid_rows1568_bf16_codexlow_pack04_prune10_studentonly_v1/inputs/train_pairs.rows1568.normalized.jsonl,A_then_B,4000,4000,0,0.0000,0.0000,1.0000,0.2000,google/translategemma-4b-it,google/gemma-3-1b-it,,false,None,,,true,ok,/home/x/deco/gamma/projects/distillation/translation/runs/translategemma4b_es_en_gemma3_1b_stagea_goldgrid_rows1568_bf16_codexlow_pack04_prune10_studentonly_v1/stage_a/checkpoint-003000,stage_a__checkpoint-003000,stage_a,checkpoint-003000,greedy,greedy,0.0000,1.0000,50,/home/x/deco/gamma/projects/distillation/translation/runs/translategemma4b_es_en_gemma3_1b_stagea_goldgrid_rows1568_bf16_codexlow_pack04_prune10_studentonly_v1/stage_a/checkpoint-003000,true,causal-chat,gemma_causal_lm,translategemma,cuda,bfloat16,/home/x/deco/gamma/projects/distillation/translation/runs/translategemma4b_es_en_gemma3_1b_stagea_goldgrid_rows1568_bf16_codexlow_pack04_prune10_studentonly_v1/stage_a/checkpoint-003000,,/home/x/deco/gamma/projects/distillation/translation/runs/translategemma4b_es_en_gemma3_1b_stagea_goldgrid_rows1568_bf16_codexlow_pack04_prune10_studentonly_v1/stage_a/checkpoint-003000,,false,false,,,,,32.0262,58.8538,,/home/x/deco/gamma/projects/distillation/translation/training_data/translate_distill_pairs.eval2_wmt13_enes_128.jsonl,attempt_01_cuda,30.0141,57.3916,,64,32.0705,60.6087,,64,128,53.8786,71.9535,,/home/x/deco/gamma/projects/distillation/translation/training_data/translate_distill_pairs.eval3_indomain_clean_merged_128.jsonl,attempt_01_cuda,57.6232,72.7184,,64,49.1566,71.0200,,64,128,,0,-21.8524
translategemma4b_es_en_gemma3_1b_stagea_goldgrid_rows1568_bf16_codexlow_pack04_prune10_studentonly_v1,completed,train_summary,2026-07-08 20:23:25 UTC,2026-07-10 00:54:58 UTC,"en,es","en,es",1568,/home/x/deco/gamma/projects/distillation/translation/runs/translategemma4b_es_en_gemma3_1b_stagea_goldgrid_rows1568_bf16_codexlow_pack04_prune10_studentonly_v1/inputs/train_pairs.rows1568.normalized.jsonl,A_then_B,4000,4000,0,0.0000,0.0000,1.0000,0.2000,google/translategemma-4b-it,google/gemma-3-1b-it,,false,None,,,true,ok,/home/x/deco/gamma/projects/distillation/translation/runs/translategemma4b_es_en_gemma3_1b_stagea_goldgrid_rows1568_bf16_codexlow_pack04_prune10_studentonly_v1/stage_a/checkpoint-003000,stage_a__checkpoint-002000,stage_a,checkpoint-002000,greedy,greedy,0.0000,1.0000,50,/home/x/deco/gamma/projects/distillation/translation/runs/translategemma4b_es_en_gemma3_1b_stagea_goldgrid_rows1568_bf16_codexlow_pack04_prune10_studentonly_v1/stage_a/checkpoint-002000,true,causal-chat,gemma_causal_lm,translategemma,cuda,bfloat16,/home/x/deco/gamma/projects/distillation/translation/runs/translategemma4b_es_en_gemma3_1b_stagea_goldgrid_rows1568_bf16_codexlow_pack04_prune10_studentonly_v1/stage_a/checkpoint-002000,,/home/x/deco/gamma/projects/distillation/translation/runs/translategemma4b_es_en_gemma3_1b_stagea_goldgrid_rows1568_bf16_codexlow_pack04_prune10_studentonly_v1/stage_a/checkpoint-002000,,false,false,,,,,31.0819,58.1075,,/home/x/deco/gamma/projects/distillation/translation/training_data/translate_distill_pairs.eval2_wmt13_enes_128.jsonl,attempt_01_cuda,29.2542,56.2741,,64,30.9579,60.3019,,64,128,54.0721,71.7052,,/home/x/deco/gamma/projects/distillation/translation/training_data/translate_distill_pairs.eval3_indomain_clean_merged_128.jsonl,attempt_01_cuda,57.6421,72.4292,,64,49.6366,70.8221,,64,128,,0,-22.9902
translategemma4b_es_en_gemma3_1b_stagea_goldgrid_rows1568_bf16_codexlow_pack04_prune10_studentonly_v1,completed,train_summary,2026-07-08 20:23:25 UTC,2026-07-10 00:54:58 UTC,"en,es","en,es",1568,/home/x/deco/gamma/projects/distillation/translation/runs/translategemma4b_es_en_gemma3_1b_stagea_goldgrid_rows1568_bf16_codexlow_pack04_prune10_studentonly_v1/inputs/train_pairs.rows1568.normalized.jsonl,A_then_B,4000,4000,0,0.0000,0.0000,1.0000,0.2000,google/translategemma-4b-it,google/gemma-3-1b-it,,false,None,,,true,ok,/home/x/deco/gamma/projects/distillation/translation/runs/translategemma4b_es_en_gemma3_1b_stagea_goldgrid_rows1568_bf16_codexlow_pack04_prune10_studentonly_v1/stage_a/checkpoint-003000,stage_a__checkpoint-001000,stage_a,checkpoint-001000,greedy,greedy,0.0000,1.0000,50,/home/x/deco/gamma/projects/distillation/translation/runs/translategemma4b_es_en_gemma3_1b_stagea_goldgrid_rows1568_bf16_codexlow_pack04_prune10_studentonly_v1/stage_a/checkpoint-001000,true,causal-chat,gemma_causal_lm,translategemma,cuda,bfloat16,/home/x/deco/gamma/projects/distillation/translation/runs/translategemma4b_es_en_gemma3_1b_stagea_goldgrid_rows1568_bf16_codexlow_pack04_prune10_studentonly_v1/stage_a/checkpoint-001000,,/home/x/deco/gamma/projects/distillation/translation/runs/translategemma4b_es_en_gemma3_1b_stagea_goldgrid_rows1568_bf16_codexlow_pack04_prune10_studentonly_v1/stage_a/checkpoint-001000,,false,false,,,,,32.0321,58.4863,,/home/x/deco/gamma/projects/distillation/translation/training_data/translate_distill_pairs.eval2_wmt13_enes_128.jsonl,attempt_01_cuda,30.7394,56.7452,,64,30.4669,60.5538,,64,128,53.7705,71.4232,,/home/x/deco/gamma/projects/distillation/translation/training_data/translate_distill_pairs.eval3_indomain_clean_merged_128.jsonl,attempt_01_cuda,58.1424,72.8235,,64,48.3359,69.7156,,64,128,,0,-21.7384
translategemma4b_es_en_gemma3_1b_stagea_goldgrid_rows1600_bf16_codexlow_pack04_replace10_studentonly_v1,completed,train_summary,2026-07-08 19:53:44 UTC,2026-07-10 00:55:01 UTC,"en,es","en,es",1600,/home/x/deco/gamma/projects/distillation/translation/runs/translategemma4b_es_en_gemma3_1b_stagea_goldgrid_rows1600_bf16_codexlow_pack04_replace10_studentonly_v1/inputs/train_pairs.rows1600.normalized.jsonl,A_then_B,4000,4000,0,0.0000,0.0000,1.0000,0.2000,google/translategemma-4b-it,google/gemma-3-1b-it,,false,None,,,true,ok,/home/x/deco/gamma/projects/distillation/translation/runs/translategemma4b_es_en_gemma3_1b_stagea_goldgrid_rows1600_bf16_codexlow_pack04_replace10_studentonly_v1/stage_a/checkpoint-003000,stage_a__checkpoint-004000,stage_a,checkpoint-004000,greedy,greedy,0.0000,1.0000,50,/home/x/deco/gamma/projects/distillation/translation/runs/translategemma4b_es_en_gemma3_1b_stagea_goldgrid_rows1600_bf16_codexlow_pack04_replace10_studentonly_v1/stage_a/checkpoint-004000,true,causal-chat,gemma_causal_lm,translategemma,cuda,bfloat16,/home/x/deco/gamma/projects/distillation/translation/runs/translategemma4b_es_en_gemma3_1b_stagea_goldgrid_rows1600_bf16_codexlow_pack04_replace10_studentonly_v1/stage_a/checkpoint-004000,,/home/x/deco/gamma/projects/distillation/translation/runs/translategemma4b_es_en_gemma3_1b_stagea_goldgrid_rows1600_bf16_codexlow_pack04_replace10_studentonly_v1/stage_a/checkpoint-004000,,false,false,,,,,32.5811,58.9875,,/home/x/deco/gamma/projects/distillation/translation/training_data/translate_distill_pairs.eval2_wmt13_enes_128.jsonl,attempt_01_cuda,31.8069,57.9967,,64,31.7485,60.1732,,64,128,54.0417,72.0529,,/home/x/deco/gamma/projects/distillation/translation/training_data/translate_distill_pairs.eval3_indomain_clean_merged_128.jsonl,attempt_01_cuda,57.9651,72.9581,,64,48.9321,70.9525,,64,128,,0,-21.4606
translategemma4b_es_en_gemma3_1b_stagea_goldgrid_rows1600_bf16_codexlow_pack04_replace10_studentonly_v1,completed,train_summary,2026-07-08 19:53:44 UTC,2026-07-10 00:55:01 UTC,"en,es","en,es",1600,/home/x/deco/gamma/projects/distillation/translation/runs/translategemma4b_es_en_gemma3_1b_stagea_goldgrid_rows1600_bf16_codexlow_pack04_replace10_studentonly_v1/inputs/train_pairs.rows1600.normalized.jsonl,A_then_B,4000,4000,0,0.0000,0.0000,1.0000,0.2000,google/translategemma-4b-it,google/gemma-3-1b-it,,false,None,,,true,ok,/home/x/deco/gamma/projects/distillation/translation/runs/translategemma4b_es_en_gemma3_1b_stagea_goldgrid_rows1600_bf16_codexlow_pack04_replace10_studentonly_v1/stage_a/checkpoint-003000,stage_a__checkpoint-003000,stage_a,checkpoint-003000,greedy,greedy,0.0000,1.0000,50,/home/x/deco/gamma/projects/distillation/translation/runs/translategemma4b_es_en_gemma3_1b_stagea_goldgrid_rows1600_bf16_codexlow_pack04_replace10_studentonly_v1/stage_a/checkpoint-003000,true,causal-chat,gemma_causal_lm,translategemma,cuda,bfloat16,/home/x/deco/gamma/projects/distillation/translation/runs/translategemma4b_es_en_gemma3_1b_stagea_goldgrid_rows1600_bf16_codexlow_pack04_replace10_studentonly_v1/stage_a/checkpoint-003000,,/home/x/deco/gamma/projects/distillation/translation/runs/translategemma4b_es_en_gemma3_1b_stagea_goldgrid_rows1600_bf16_codexlow_pack04_replace10_studentonly_v1/stage_a/checkpoint-003000,,false,false,,,,,32.2489,58.9322,,/home/x/deco/gamma/projects/distillation/translation/training_data/translate_distill_pairs.eval2_wmt13_enes_128.jsonl,attempt_01_cuda,31.1578,57.7924,,64,31.6743,60.2952,,64,128,53.8952,72.1599,,/home/x/deco/gamma/projects/distillation/translation/training_data/translate_distill_pairs.eval3_indomain_clean_merged_128.jsonl,attempt_01_cuda,58.0000,73.2225,,64,48.8079,70.8666,,64,128,,0,-21.6463
translategemma4b_es_en_gemma3_1b_stagea_goldgrid_rows1600_bf16_codexlow_pack04_replace10_studentonly_v1,completed,train_summary,2026-07-08 19:53:44 UTC,2026-07-10 00:55:01 UTC,"en,es","en,es",1600,/home/x/deco/gamma/projects/distillation/translation/runs/translategemma4b_es_en_gemma3_1b_stagea_goldgrid_rows1600_bf16_codexlow_pack04_replace10_studentonly_v1/inputs/train_pairs.rows1600.normalized.jsonl,A_then_B,4000,4000,0,0.0000,0.0000,1.0000,0.2000,google/translategemma-4b-it,google/gemma-3-1b-it,,false,None,,,true,ok,/home/x/deco/gamma/projects/distillation/translation/runs/translategemma4b_es_en_gemma3_1b_stagea_goldgrid_rows1600_bf16_codexlow_pack04_replace10_studentonly_v1/stage_a/checkpoint-003000,stage_a__checkpoint-002000,stage_a,checkpoint-002000,greedy,greedy,0.0000,1.0000,50,/home/x/deco/gamma/projects/distillation/translation/runs/translategemma4b_es_en_gemma3_1b_stagea_goldgrid_rows1600_bf16_codexlow_pack04_replace10_studentonly_v1/stage_a/checkpoint-002000,true,causal-chat,gemma_causal_lm,translategemma,cuda,bfloat16,/home/x/deco/gamma/projects/distillation/translation/runs/translategemma4b_es_en_gemma3_1b_stagea_goldgrid_rows1600_bf16_codexlow_pack04_replace10_studentonly_v1/stage_a/checkpoint-002000,,/home/x/deco/gamma/projects/distillation/translation/runs/translategemma4b_es_en_gemma3_1b_stagea_goldgrid_rows1600_bf16_codexlow_pack04_replace10_studentonly_v1/stage_a/checkpoint-002000,,false,false,,,,,31.8522,58.6638,,/home/x/deco/gamma/projects/distillation/translation/training_data/translate_distill_pairs.eval2_wmt13_enes_128.jsonl,attempt_01_cuda,30.8151,57.6420,,64,31.2393,59.8882,,64,128,53.3348,71.6585,,/home/x/deco/gamma/projects/distillation/translation/training_data/translate_distill_pairs.eval3_indomain_clean_merged_128.jsonl,attempt_01_cuda,58.3885,73.2136,,64,47.0733,69.7652,,64,128,,0,-21.4826
translategemma4b_es_en_gemma3_1b_stagea_goldgrid_rows1600_bf16_codexlow_pack04_replace10_studentonly_v1,completed,train_summary,2026-07-08 19:53:44 UTC,2026-07-10 00:55:01 UTC,"en,es","en,es",1600,/home/x/deco/gamma/projects/distillation/translation/runs/translategemma4b_es_en_gemma3_1b_stagea_goldgrid_rows1600_bf16_codexlow_pack04_replace10_studentonly_v1/inputs/train_pairs.rows1600.normalized.jsonl,A_then_B,4000,4000,0,0.0000,0.0000,1.0000,0.2000,google/translategemma-4b-it,google/gemma-3-1b-it,,false,None,,,true,ok,/home/x/deco/gamma/projects/distillation/translation/runs/translategemma4b_es_en_gemma3_1b_stagea_goldgrid_rows1600_bf16_codexlow_pack04_replace10_studentonly_v1/stage_a/checkpoint-003000,stage_a__checkpoint-001000,stage_a,checkpoint-001000,greedy,greedy,0.0000,1.0000,50,/home/x/deco/gamma/projects/distillation/translation/runs/translategemma4b_es_en_gemma3_1b_stagea_goldgrid_rows1600_bf16_codexlow_pack04_replace10_studentonly_v1/stage_a/checkpoint-001000,true,causal-chat,gemma_causal_lm,translategemma,cuda,bfloat16,/home/x/deco/gamma/projects/distillation/translation/runs/translategemma4b_es_en_gemma3_1b_stagea_goldgrid_rows1600_bf16_codexlow_pack04_replace10_studentonly_v1/stage_a/checkpoint-001000,,/home/x/deco/gamma/projects/distillation/translation/runs/translategemma4b_es_en_gemma3_1b_stagea_goldgrid_rows1600_bf16_codexlow_pack04_replace10_studentonly_v1/stage_a/checkpoint-001000,,false,false,,,,,30.8992,57.0933,,/home/x/deco/gamma/projects/distillation/translation/training_data/translate_distill_pairs.eval2_wmt13_enes_128.jsonl,attempt_01_cuda,27.8905,55.0640,,64,32.7926,59.5222,,64,128,53.4706,71.1539,,/home/x/deco/gamma/projects/distillation/translation/training_data/translate_distill_pairs.eval3_indomain_clean_merged_128.jsonl,attempt_01_cuda,54.7875,71.2272,,64,50.9741,71.0647,,64,128,,0,-22.5714
translategemma4b_es_en_gemma3_1b_stagea_goldgrid_rows1920_bf16_codexblend_pack06r10_pack08_v1,completed,train_summary,2026-07-08 02:55:10 UTC,2026-07-10 00:55:04 UTC,"en,es","en,es",1920,/home/x/deco/gamma/projects/distillation/translation/runs/translategemma4b_es_en_gemma3_1b_stagea_goldgrid_rows1920_bf16_codexblend_pack06r10_pack08_v1/inputs/train_pairs.rows1920.merged.jsonl,A_then_B,4000,4000,0,0.0000,0.0000,1.0000,0.2000,google/translategemma-4b-it,google/gemma-3-1b-it,,false,None,,,true,ok,/home/x/deco/gamma/projects/distillation/translation/runs/translategemma4b_es_en_gemma3_1b_stagea_goldgrid_rows1920_bf16_codexblend_pack06r10_pack08_v1/stage_a/checkpoint-004000,stage_a__checkpoint-004000,stage_a,checkpoint-004000,greedy,greedy,0.0000,1.0000,50,/home/x/deco/gamma/projects/distillation/translation/runs/translategemma4b_es_en_gemma3_1b_stagea_goldgrid_rows1920_bf16_codexblend_pack06r10_pack08_v1/stage_a/checkpoint-004000,true,causal-chat,gemma_causal_lm,translategemma,cuda,bfloat16,/home/x/deco/gamma/projects/distillation/translation/runs/translategemma4b_es_en_gemma3_1b_stagea_goldgrid_rows1920_bf16_codexblend_pack06r10_pack08_v1/stage_a/checkpoint-004000,,/home/x/deco/gamma/projects/distillation/translation/runs/translategemma4b_es_en_gemma3_1b_stagea_goldgrid_rows1920_bf16_codexblend_pack06r10_pack08_v1/stage_a/checkpoint-004000,,false,false,,,,,31.6237,58.6982,,/home/x/deco/gamma/projects/distillation/translation/training_data/translate_distill_pairs.eval2_wmt13_enes_128.jsonl,attempt_01_cuda,28.6143,56.5595,,64,32.6570,61.2688,,64,128,54.1449,73.2081,,/home/x/deco/gamma/projects/distillation/translation/training_data/translate_distill_pairs.eval3_indomain_clean_merged_128.jsonl,attempt_01_cuda,58.0973,74.5097,,64,49.0742,71.6198,,64,128,,0,-22.5212
translategemma4b_es_en_gemma3_1b_stagea_goldgrid_rows1920_bf16_codexblend_pack06r10_pack08_v1,completed,train_summary,2026-07-08 02:55:10 UTC,2026-07-10 00:55:04 UTC,"en,es","en,es",1920,/home/x/deco/gamma/projects/distillation/translation/runs/translategemma4b_es_en_gemma3_1b_stagea_goldgrid_rows1920_bf16_codexblend_pack06r10_pack08_v1/inputs/train_pairs.rows1920.merged.jsonl,A_then_B,4000,4000,0,0.0000,0.0000,1.0000,0.2000,google/translategemma-4b-it,google/gemma-3-1b-it,,false,None,,,true,ok,/home/x/deco/gamma/projects/distillation/translation/runs/translategemma4b_es_en_gemma3_1b_stagea_goldgrid_rows1920_bf16_codexblend_pack06r10_pack08_v1/stage_a/checkpoint-004000,stage_a__checkpoint-003000,stage_a,checkpoint-003000,greedy,greedy,0.0000,1.0000,50,/home/x/deco/gamma/projects/distillation/translation/runs/translategemma4b_es_en_gemma3_1b_stagea_goldgrid_rows1920_bf16_codexblend_pack06r10_pack08_v1/stage_a/checkpoint-003000,true,causal-chat,gemma_causal_lm,translategemma,cuda,bfloat16,/home/x/deco/gamma/projects/distillation/translation/runs/translategemma4b_es_en_gemma3_1b_stagea_goldgrid_rows1920_bf16_codexblend_pack06r10_pack08_v1/stage_a/checkpoint-003000,,/home/x/deco/gamma/projects/distillation/translation/runs/translategemma4b_es_en_gemma3_1b_stagea_goldgrid_rows1920_bf16_codexblend_pack06r10_pack08_v1/stage_a/checkpoint-003000,,false,false,,,,,31.5986,58.6758,,/home/x/deco/gamma/projects/distillation/translation/training_data/translate_distill_pairs.eval2_wmt13_enes_128.jsonl,attempt_01_cuda,28.7385,56.5508,,64,32.5889,61.2300,,64,128,53.4517,72.9742,,/home/x/deco/gamma/projects/distillation/translation/training_data/translate_distill_pairs.eval3_indomain_clean_merged_128.jsonl,attempt_01_cuda,56.9975,73.9935,,64,48.9259,71.7304,,64,128,,0,-21.8531
translategemma4b_es_en_gemma3_1b_stagea_goldgrid_rows1920_bf16_codexblend_pack06r10_pack08_v1,completed,train_summary,2026-07-08 02:55:10 UTC,2026-07-10 00:55:04 UTC,"en,es","en,es",1920,/home/x/deco/gamma/projects/distillation/translation/runs/translategemma4b_es_en_gemma3_1b_stagea_goldgrid_rows1920_bf16_codexblend_pack06r10_pack08_v1/inputs/train_pairs.rows1920.merged.jsonl,A_then_B,4000,4000,0,0.0000,0.0000,1.0000,0.2000,google/translategemma-4b-it,google/gemma-3-1b-it,,false,None,,,true,ok,/home/x/deco/gamma/projects/distillation/translation/runs/translategemma4b_es_en_gemma3_1b_stagea_goldgrid_rows1920_bf16_codexblend_pack06r10_pack08_v1/stage_a/checkpoint-004000,stage_a__checkpoint-002000,stage_a,checkpoint-002000,greedy,greedy,0.0000,1.0000,50,/home/x/deco/gamma/projects/distillation/translation/runs/translategemma4b_es_en_gemma3_1b_stagea_goldgrid_rows1920_bf16_codexblend_pack06r10_pack08_v1/stage_a/checkpoint-002000,true,causal-chat,gemma_causal_lm,translategemma,cuda,bfloat16,/home/x/deco/gamma/projects/distillation/translation/runs/translategemma4b_es_en_gemma3_1b_stagea_goldgrid_rows1920_bf16_codexblend_pack06r10_pack08_v1/stage_a/checkpoint-002000,,/home/x/deco/gamma/projects/distillation/translation/runs/translategemma4b_es_en_gemma3_1b_stagea_goldgrid_rows1920_bf16_codexblend_pack06r10_pack08_v1/stage_a/checkpoint-002000,,false,false,,,,,32.2180,58.7093,,/home/x/deco/gamma/projects/distillation/translation/training_data/translate_distill_pairs.eval2_wmt13_enes_128.jsonl,attempt_01_cuda,29.0211,56.3435,,64,33.8828,61.5583,,64,128,52.8574,72.4442,,/home/x/deco/gamma/projects/distillation/translation/training_data/translate_distill_pairs.eval3_indomain_clean_merged_128.jsonl,attempt_01_cuda,55.6862,73.4064,,64,49.1876,71.2677,,64,128,,0,-20.6394
translategemma4b_es_en_gemma3_1b_stagea_goldgrid_rows1920_bf16_codexblend_pack06r10_pack08_v1,completed,train_summary,2026-07-08 02:55:10 UTC,2026-07-10 00:55:04 UTC,"en,es","en,es",1920,/home/x/deco/gamma/projects/distillation/translation/runs/translategemma4b_es_en_gemma3_1b_stagea_goldgrid_rows1920_bf16_codexblend_pack06r10_pack08_v1/inputs/train_pairs.rows1920.merged.jsonl,A_then_B,4000,4000,0,0.0000,0.0000,1.0000,0.2000,google/translategemma-4b-it,google/gemma-3-1b-it,,false,None,,,true,ok,/home/x/deco/gamma/projects/distillation/translation/runs/translategemma4b_es_en_gemma3_1b_stagea_goldgrid_rows1920_bf16_codexblend_pack06r10_pack08_v1/stage_a/checkpoint-004000,stage_a__checkpoint-001000,stage_a,checkpoint-001000,greedy,greedy,0.0000,1.0000,50,/home/x/deco/gamma/projects/distillation/translation/runs/translategemma4b_es_en_gemma3_1b_stagea_goldgrid_rows1920_bf16_codexblend_pack06r10_pack08_v1/stage_a/checkpoint-001000,true,causal-chat,gemma_causal_lm,translategemma,cuda,bfloat16,/home/x/deco/gamma/projects/distillation/translation/runs/translategemma4b_es_en_gemma3_1b_stagea_goldgrid_rows1920_bf16_codexblend_pack06r10_pack08_v1/stage_a/checkpoint-001000,,/home/x/deco/gamma/projects/distillation/translation/runs/translategemma4b_es_en_gemma3_1b_stagea_goldgrid_rows1920_bf16_codexblend_pack06r10_pack08_v1/stage_a/checkpoint-001000,,false,false,,,,,30.5462,57.6860,,/home/x/deco/gamma/projects/distillation/translation/training_data/translate_distill_pairs.eval2_wmt13_enes_128.jsonl,attempt_01_cuda,28.3722,55.5116,,64,31.0511,60.3014,,64,128,49.2213,70.0831,,/home/x/deco/gamma/projects/distillation/translation/training_data/translate_distill_pairs.eval3_indomain_clean_merged_128.jsonl,attempt_01_cuda,50.5124,69.3151,,64,47.5762,71.0131,,64,128,,0,-18.6751
translategemma4b_es_en_gemma3_1b_stagea_goldgrid_rows1600_bf16_codexlow_pack06_replace10c_hfcacheauth_v1,completed,train_summary,2026-07-08 01:36:54 UTC,2026-07-10 00:55:02 UTC,"en,es","en,es",1600,/home/x/deco/gamma/projects/distillation/translation/training_data/frozen_best5_refine/frozen_best5.p10/pack_06/frozen_best5.pack_06.replace10.compat.jsonl,A_then_B,4000,4000,0,0.0000,0.0000,1.0000,0.2000,google/translategemma-4b-it,google/gemma-3-1b-it,,false,None,,,true,ok,/home/x/deco/gamma/projects/distillation/translation/runs/translategemma4b_es_en_gemma3_1b_stagea_goldgrid_rows1600_bf16_codexlow_pack06_replace10c_hfcacheauth_v1/stage_a/checkpoint-004000,stage_a__checkpoint-004000,stage_a,checkpoint-004000,greedy,greedy,0.0000,1.0000,50,/home/x/deco/gamma/projects/distillation/translation/runs/translategemma4b_es_en_gemma3_1b_stagea_goldgrid_rows1600_bf16_codexlow_pack06_replace10c_hfcacheauth_v1/stage_a/checkpoint-004000,true,causal-chat,gemma_causal_lm,translategemma,cuda,bfloat16,/home/x/deco/gamma/projects/distillation/translation/runs/translategemma4b_es_en_gemma3_1b_stagea_goldgrid_rows1600_bf16_codexlow_pack06_replace10c_hfcacheauth_v1/stage_a/checkpoint-004000,,/home/x/deco/gamma/projects/distillation/translation/runs/translategemma4b_es_en_gemma3_1b_stagea_goldgrid_rows1600_bf16_codexlow_pack06_replace10c_hfcacheauth_v1/stage_a/checkpoint-004000,,false,false,,,,,32.6083,58.6464,,projects/distillation/translation/training_data/translate_distill_pairs.eval2_wmt13_enes_128.jsonl,attempt_01_cuda,31.6843,57.6174,,64,31.4149,59.8744,,64,128,53.9959,72.0120,,projects/distillation/translation/training_data/translate_distill_pairs.eval3_indomain_clean_merged_128.jsonl,attempt_01_cuda,58.3754,73.0000,,64,48.5449,70.8079,,64,128,,0,-21.3876
translategemma4b_es_en_gemma3_1b_stagea_goldgrid_rows1600_bf16_codexlow_pack06_replace10c_hfcacheauth_v1,completed,train_summary,2026-07-08 01:36:54 UTC,2026-07-10 00:55:02 UTC,"en,es","en,es",1600,/home/x/deco/gamma/projects/distillation/translation/training_data/frozen_best5_refine/frozen_best5.p10/pack_06/frozen_best5.pack_06.replace10.compat.jsonl,A_then_B,4000,4000,0,0.0000,0.0000,1.0000,0.2000,google/translategemma-4b-it,google/gemma-3-1b-it,,false,None,,,true,ok,/home/x/deco/gamma/projects/distillation/translation/runs/translategemma4b_es_en_gemma3_1b_stagea_goldgrid_rows1600_bf16_codexlow_pack06_replace10c_hfcacheauth_v1/stage_a/checkpoint-004000,stage_a__checkpoint-003000,stage_a,checkpoint-003000,greedy,greedy,0.0000,1.0000,50,/home/x/deco/gamma/projects/distillation/translation/runs/translategemma4b_es_en_gemma3_1b_stagea_goldgrid_rows1600_bf16_codexlow_pack06_replace10c_hfcacheauth_v1/stage_a/checkpoint-003000,true,causal-chat,gemma_causal_lm,translategemma,cuda,bfloat16,/home/x/deco/gamma/projects/distillation/translation/runs/translategemma4b_es_en_gemma3_1b_stagea_goldgrid_rows1600_bf16_codexlow_pack06_replace10c_hfcacheauth_v1/stage_a/checkpoint-003000,,/home/x/deco/gamma/projects/distillation/translation/runs/translategemma4b_es_en_gemma3_1b_stagea_goldgrid_rows1600_bf16_codexlow_pack06_replace10c_hfcacheauth_v1/stage_a/checkpoint-003000,,false,false,,,,,32.5674,58.6616,,projects/distillation/translation/training_data/translate_distill_pairs.eval2_wmt13_enes_128.jsonl,attempt_01_cuda,31.3025,57.4245,,64,31.6642,60.1375,,64,128,54.3783,72.1257,,projects/distillation/translation/training_data/translate_distill_pairs.eval3_indomain_clean_merged_128.jsonl,attempt_01_cuda,58.9541,73.2260,,64,48.6861,70.7850,,64,128,,0,-21.8109
translategemma4b_es_en_gemma3_1b_stagea_goldgrid_rows1600_bf16_codexlow_pack06_replace10c_hfcacheauth_v1,completed,train_summary,2026-07-08 01:36:54 UTC,2026-07-10 00:55:02 UTC,"en,es","en,es",1600,/home/x/deco/gamma/projects/distillation/translation/training_data/frozen_best5_refine/frozen_best5.p10/pack_06/frozen_best5.pack_06.replace10.compat.jsonl,A_then_B,4000,4000,0,0.0000,0.0000,1.0000,0.2000,google/translategemma-4b-it,google/gemma-3-1b-it,,false,None,,,true,ok,/home/x/deco/gamma/projects/distillation/translation/runs/translategemma4b_es_en_gemma3_1b_stagea_goldgrid_rows1600_bf16_codexlow_pack06_replace10c_hfcacheauth_v1/stage_a/checkpoint-004000,stage_a__checkpoint-002000,stage_a,checkpoint-002000,greedy,greedy,0.0000,1.0000,50,/home/x/deco/gamma/projects/distillation/translation/runs/translategemma4b_es_en_gemma3_1b_stagea_goldgrid_rows1600_bf16_codexlow_pack06_replace10c_hfcacheauth_v1/stage_a/checkpoint-002000,true,causal-chat,gemma_causal_lm,translategemma,cuda,bfloat16,/home/x/deco/gamma/projects/distillation/translation/runs/translategemma4b_es_en_gemma3_1b_stagea_goldgrid_rows1600_bf16_codexlow_pack06_replace10c_hfcacheauth_v1/stage_a/checkpoint-002000,,/home/x/deco/gamma/projects/distillation/translation/runs/translategemma4b_es_en_gemma3_1b_stagea_goldgrid_rows1600_bf16_codexlow_pack06_replace10c_hfcacheauth_v1/stage_a/checkpoint-002000,,false,false,,,,,32.1507,57.9272,,projects/distillation/translation/training_data/translate_distill_pairs.eval2_wmt13_enes_128.jsonl,attempt_01_cuda,30.8294,56.3257,,64,31.2179,59.8359,,64,128,53.7327,71.7627,,projects/distillation/translation/training_data/translate_distill_pairs.eval3_indomain_clean_merged_128.jsonl,attempt_01_cuda,59.0433,73.0985,,64,47.2774,70.1394,,64,128,,0,-21.5820
translategemma4b_es_en_gemma3_1b_stagea_goldgrid_rows1600_bf16_codexlow_pack06_replace10c_hfcacheauth_v1,completed,train_summary,2026-07-08 01:36:54 UTC,2026-07-10 00:55:02 UTC,"en,es","en,es",1600,/home/x/deco/gamma/projects/distillation/translation/training_data/frozen_best5_refine/frozen_best5.p10/pack_06/frozen_best5.pack_06.replace10.compat.jsonl,A_then_B,4000,4000,0,0.0000,0.0000,1.0000,0.2000,google/translategemma-4b-it,google/gemma-3-1b-it,,false,None,,,true,ok,/home/x/deco/gamma/projects/distillation/translation/runs/translategemma4b_es_en_gemma3_1b_stagea_goldgrid_rows1600_bf16_codexlow_pack06_replace10c_hfcacheauth_v1/stage_a/checkpoint-004000,stage_a__checkpoint-001000,stage_a,checkpoint-001000,greedy,greedy,0.0000,1.0000,50,/home/x/deco/gamma/projects/distillation/translation/runs/translategemma4b_es_en_gemma3_1b_stagea_goldgrid_rows1600_bf16_codexlow_pack06_replace10c_hfcacheauth_v1/stage_a/checkpoint-001000,true,causal-chat,gemma_causal_lm,translategemma,cuda,bfloat16,/home/x/deco/gamma/projects/distillation/translation/runs/translategemma4b_es_en_gemma3_1b_stagea_goldgrid_rows1600_bf16_codexlow_pack06_replace10c_hfcacheauth_v1/stage_a/checkpoint-001000,,/home/x/deco/gamma/projects/distillation/translation/runs/translategemma4b_es_en_gemma3_1b_stagea_goldgrid_rows1600_bf16_codexlow_pack06_replace10c_hfcacheauth_v1/stage_a/checkpoint-001000,,false,false,,,,,30.7339,57.0153,,projects/distillation/translation/training_data/translate_distill_pairs.eval2_wmt13_enes_128.jsonl,attempt_01_cuda,27.9607,54.6474,,64,32.3054,59.8410,,64,128,51.1898,70.5583,,projects/distillation/translation/training_data/translate_distill_pairs.eval3_indomain_clean_merged_128.jsonl,attempt_01_cuda,53.4087,70.9337,,64,47.7078,70.1014,,64,128,,0,-20.4559
translategemma4b_es_en_gemma3_1b_stagea_goldgrid_rows1600_bf16_codexlow_pack06_replace10c_hfcacheauth_v1,completed,train_summary,2026-07-08 01:36:54 UTC,2026-07-10 00:55:02 UTC,"en,es","en,es",1600,/home/x/deco/gamma/projects/distillation/translation/training_data/frozen_best5_refine/frozen_best5.p10/pack_06/frozen_best5.pack_06.replace10.compat.jsonl,A_then_B,4000,4000,0,0.0000,0.0000,1.0000,0.2000,google/translategemma-4b-it,google/gemma-3-1b-it,,false,None,,,true,ok,/home/x/deco/gamma/projects/distillation/translation/runs/translategemma4b_es_en_gemma3_1b_stagea_goldgrid_rows1600_bf16_codexlow_pack06_replace10c_hfcacheauth_v1/stage_a/checkpoint-004000,default,,,,greedy,0.0000,1.0000,50,projects/distillation/translation/runs/translategemma4b_es_en_gemma3_1b_stagea_goldgrid_rows1600_bf16_codexlow_pack06_replace10c_hfcacheauth_v1/final,true,causal-chat,gemma_causal_lm,translategemma,cuda,bfloat16,projects/distillation/translation/runs/translategemma4b_es_en_gemma3_1b_stagea_goldgrid_rows1600_bf16_codexlow_pack06_replace10c_hfcacheauth_v1/final,,projects/distillation/translation/runs/translategemma4b_es_en_gemma3_1b_stagea_goldgrid_rows1600_bf16_codexlow_pack06_replace10c_hfcacheauth_v1/final,,false,false,,,,,32.6083,58.6464,,projects/distillation/translation/training_data/translate_distill_pairs.eval2_wmt13_enes_128.jsonl,eval2_external,31.6843,57.6174,,64,31.4149,59.8744,,64,128,53.9959,72.0120,,projects/distillation/translation/training_data/translate_distill_pairs.eval3_indomain_clean_merged_128.jsonl,eval3_indomain_clean,58.3754,73.0000,,64,48.5449,70.8079,,64,128,,0,-21.3876
translategemma4b_es_en_gemma3_1b_stagea_goldgrid_rows2240_bf16_confirm_best7,completed,train_summary,2026-03-12 18:11:46 UTC,2026-03-12 19:52:26 UTC,"en,es","en,es",2240,/home/x/deco/gamma/projects/distillation/translation/runs/translategemma4b_es_en_gemma3_1b_stagea_goldgrid_rows2240_bf16_confirm_best7/inputs/train_pairs.rows2240.merged.jsonl,A_then_B,4000,4000,0,0.0000,0.0000,1.0000,0.2000,/home/x/.cache/huggingface/hub/models--google--translategemma-4b-it/snapshots/10042cb0e6e7fdce748996a71dc3dc432a4e0c89,/home/x/.cache/huggingface/hub/models--google--gemma-3-1b-it/snapshots/dcc83ea841ab6100d6b47a070329e1ba4cf78752,false,false,None,,,false,"selected_checkpoint_missing,student_model_missing",,stage_a__checkpoint-004000,stage_a,checkpoint-004000,greedy,greedy,0.0000,1.0000,50,/home/x/deco/gamma/projects/distillation/translation/runs/translategemma4b_es_en_gemma3_1b_stagea_goldgrid_rows2240_bf16_confirm_best7/stage_a/checkpoint-004000,false,causal-chat,gemma_causal_lm,translategemma,cuda,bfloat16,/home/x/deco/gamma/projects/distillation/translation/runs/translategemma4b_es_en_gemma3_1b_stagea_goldgrid_rows2240_bf16_confirm_best7/stage_a/checkpoint-004000,,/home/x/.cache/huggingface/hub/models--google--translategemma-4b-it/snapshots/10042cb0e6e7fdce748996a71dc3dc432a4e0c89,,false,false,,,,,32.3424,59.3346,,/home/x/deco/gamma/projects/distillation/translation/training_data/translate_distill_pairs.eval2_wmt13_enes_128.jsonl,attempt_01_cuda,31.0640,57.8951,,64,31.2428,61.0563,,64,128,52.9706,70.9762,,/home/x/deco/gamma/projects/distillation/translation/training_data/translate_distill_pairs.eval3_indomain_clean_merged_128.jsonl,attempt_01_cuda,57.7905,71.6941,,64,46.9250,70.1022,,64,128,,0,-20.6282
translategemma4b_es_en_gemma3_1b_stagea_goldgrid_rows2240_bf16_confirm_best7,completed,train_summary,2026-03-12 18:11:46 UTC,2026-03-12 19:52:26 UTC,"en,es","en,es",2240,/home/x/deco/gamma/projects/distillation/translation/runs/translategemma4b_es_en_gemma3_1b_stagea_goldgrid_rows2240_bf16_confirm_best7/inputs/train_pairs.rows2240.merged.jsonl,A_then_B,4000,4000,0,0.0000,0.0000,1.0000,0.2000,/home/x/.cache/huggingface/hub/models--google--translategemma-4b-it/snapshots/10042cb0e6e7fdce748996a71dc3dc432a4e0c89,/home/x/.cache/huggingface/hub/models--google--gemma-3-1b-it/snapshots/dcc83ea841ab6100d6b47a070329e1ba4cf78752,false,false,None,,,false,"selected_checkpoint_missing,student_model_missing",,stage_a__checkpoint-002000,stage_a,checkpoint-002000,greedy,greedy,0.0000,1.0000,50,/home/x/deco/gamma/projects/distillation/translation/runs/translategemma4b_es_en_gemma3_1b_stagea_goldgrid_rows2240_bf16_confirm_best7/stage_a/checkpoint-002000,false,causal-chat,gemma_causal_lm,translategemma,cuda,bfloat16,/home/x/deco/gamma/projects/distillation/translation/runs/translategemma4b_es_en_gemma3_1b_stagea_goldgrid_rows2240_bf16_confirm_best7/stage_a/checkpoint-002000,,/home/x/.cache/huggingface/hub/models--google--translategemma-4b-it/snapshots/10042cb0e6e7fdce748996a71dc3dc432a4e0c89,,false,false,,,,,32.8224,59.4068,,/home/x/deco/gamma/projects/distillation/translation/training_data/translate_distill_pairs.eval2_wmt13_enes_128.jsonl,eval2_external__checkpoint-002000__greedy,30.9990,57.5689,,64,32.1422,61.6076,,64,128,52.5391,71.2146,,/home/x/deco/gamma/projects/distillation/translation/training_data/translate_distill_pairs.eval3_indomain_clean_merged_128.jsonl,attempt_01_cuda,58.4133,72.5629,,64,45.4174,69.5791,,64,128,,0,-19.7167
translategemma4b_es_en_gemma3_1b_stagea_goldgrid_rows1280_bf16_confirm_best4,completed,train_summary,2026-03-12 16:27:26 UTC,2026-03-12 19:52:26 UTC,"en,es","en,es",1280,/home/x/deco/gamma/projects/distillation/translation/runs/translategemma4b_es_en_gemma3_1b_stagea_goldgrid_rows1280_bf16_confirm_best4/inputs/train_pairs.rows1280.merged.jsonl,A_then_B,4000,4000,0,0.0000,0.0000,1.0000,0.2000,/home/x/.cache/huggingface/hub/models--google--translategemma-4b-it/snapshots/10042cb0e6e7fdce748996a71dc3dc432a4e0c89,/home/x/deco/gamma/projects/distillation/translation/runs/translategemma4b_es_en_gemma3_1b_stagea_goldgrid_rows1280_bf16_confirm_best4/stage_a/checkpoint-002000,false,true,stage_a,/home/x/deco/gamma/projects/distillation/translation/runs/translategemma4b_es_en_gemma3_1b_stagea_goldgrid_rows1280_bf16_confirm_best4/stage_a/checkpoint-002000,false,false,"resume_from_missing,selected_checkpoint_missing,student_model_missing",,stage_a__checkpoint-004000,stage_a,checkpoint-004000,greedy,greedy,0.0000,1.0000,50,/home/x/deco/gamma/projects/distillation/translation/runs/translategemma4b_es_en_gemma3_1b_stagea_goldgrid_rows1280_bf16_confirm_best4/stage_a/checkpoint-004000,false,causal-chat,gemma_causal_lm,translategemma,cuda,bfloat16,/home/x/deco/gamma/projects/distillation/translation/runs/translategemma4b_es_en_gemma3_1b_stagea_goldgrid_rows1280_bf16_confirm_best4/stage_a/checkpoint-004000,,/home/x/deco/gamma/projects/distillation/translation/runs/translategemma4b_es_en_gemma3_1b_stagea_goldgrid_rows1280_bf16_confirm_best4/stage_a/checkpoint-004000,,false,false,,,,,31.9541,58.5046,,projects/distillation/translation/training_data/translate_distill_pairs.eval2_wmt13_enes_128.jsonl,attempt_01_cuda,30.9676,57.3151,,64,30.7880,59.9355,,64,128,52.5660,71.3412,,projects/distillation/translation/training_data/translate_distill_pairs.eval3_indomain_clean_merged_128.jsonl,attempt_01_cuda,56.1075,71.7039,,64,48.1260,70.8980,,64,128,,0,-20.6119
translategemma4b_es_en_gemma3_1b_stagea_goldgrid_rows1280_bf16_confirm_best4,completed,train_summary,2026-03-12 16:27:26 UTC,2026-03-12 19:52:26 UTC,"en,es","en,es",1280,/home/x/deco/gamma/projects/distillation/translation/runs/translategemma4b_es_en_gemma3_1b_stagea_goldgrid_rows1280_bf16_confirm_best4/inputs/train_pairs.rows1280.merged.jsonl,A_then_B,4000,4000,0,0.0000,0.0000,1.0000,0.2000,/home/x/.cache/huggingface/hub/models--google--translategemma-4b-it/snapshots/10042cb0e6e7fdce748996a71dc3dc432a4e0c89,/home/x/deco/gamma/projects/distillation/translation/runs/translategemma4b_es_en_gemma3_1b_stagea_goldgrid_rows1280_bf16_confirm_best4/stage_a/checkpoint-002000,false,true,stage_a,/home/x/deco/gamma/projects/distillation/translation/runs/translategemma4b_es_en_gemma3_1b_stagea_goldgrid_rows1280_bf16_confirm_best4/stage_a/checkpoint-002000,false,false,"resume_from_missing,selected_checkpoint_missing,student_model_missing",,stage_a__checkpoint-002000,stage_a,checkpoint-002000,greedy,greedy,0.0000,1.0000,50,/home/x/deco/gamma/projects/distillation/translation/runs/translategemma4b_es_en_gemma3_1b_stagea_goldgrid_rows1280_bf16_confirm_best4/stage_a/checkpoint-002000,false,causal-chat,gemma_causal_lm,translategemma,cpu,float32,/home/x/deco/gamma/projects/distillation/translation/runs/translategemma4b_es_en_gemma3_1b_stagea_goldgrid_rows1280_bf16_confirm_best4/stage_a/checkpoint-002000,,/home/x/.cache/huggingface/hub/models--google--translategemma-4b-it/snapshots/10042cb0e6e7fdce748996a71dc3dc432a4e0c89,,false,false,,,,,30.6878,57.7119,,/home/x/deco/gamma/projects/distillation/translation/training_data/translate_distill_pairs.eval2_wmt13_enes_128.jsonl,attempt_06_cpu,29.9844,56.7474,,64,29.7267,58.8747,,64,128,52.6659,71.5090,,projects/distillation/translation/training_data/translate_distill_pairs.eval3_indomain_clean_merged_128.jsonl,eval3_indomain_clean__checkpoint-002000__greedy,55.0812,71.8182,,64,49.5996,71.1308,,64,128,,0,-21.9781
translategemma4b_es_en_gemma3_1b_stagea_goldgrid_rows1920_bf16_20260311T233133Z,completed,train_summary,2026-03-11 23:56:32 UTC,2026-03-12 19:52:26 UTC,"en,es","en,es",1920,/home/x/deco/gamma/projects/distillation/translation/runs/translategemma4b_es_en_gemma3_1b_stagea_goldgrid_rows1920_bf16_20260311T233133Z/inputs/train_pairs.rows1920.merged.jsonl,A_then_B,4000,4000,0,0.0000,0.0000,1.0000,0.2000,/home/x/.cache/huggingface/hub/models--google--translategemma-4b-it/snapshots/10042cb0e6e7fdce748996a71dc3dc432a4e0c89,/home/x/.cache/huggingface/hub/models--google--gemma-3-1b-it/snapshots/dcc83ea841ab6100d6b47a070329e1ba4cf78752,false,false,None,,,false,"selected_checkpoint_missing,student_model_missing",,stage_a__checkpoint-004000,stage_a,checkpoint-004000,greedy,greedy,0.0000,1.0000,50,/home/x/deco/gamma/projects/distillation/translation/runs/translategemma4b_es_en_gemma3_1b_stagea_goldgrid_rows1920_bf16_20260311T233133Z/stage_a/checkpoint-004000,false,causal-chat,gemma_causal_lm,translategemma,cuda,bfloat16,/home/x/deco/gamma/projects/distillation/translation/runs/translategemma4b_es_en_gemma3_1b_stagea_goldgrid_rows1920_bf16_20260311T233133Z/stage_a/checkpoint-004000,,/home/x/.cache/huggingface/hub/models--google--translategemma-4b-it/snapshots/10042cb0e6e7fdce748996a71dc3dc432a4e0c89,,false,false,,,,,32.4566,59.1020,,/home/x/deco/gamma/projects/distillation/translation/training_data/translate_distill_pairs.eval2_wmt13_enes_128.jsonl,eval2_external__checkpoint-004000__greedy,30.5698,57.2083,,64,32.2845,61.3776,,64,128,55.9867,73.3200,,/home/x/deco/gamma/projects/distillation/translation/training_data/translate_distill_pairs.eval3_indomain_clean_merged_128.jsonl,eval3_indomain_clean__checkpoint-004000__greedy,59.3961,73.8618,,64,51.6609,72.6596,,64,128,,0,-23.5301
translategemma4b_es_en_gemma3_1b_stagea_goldgrid_rows1920_bf16_20260311T233133Z,completed,train_summary,2026-03-11 23:56:32 UTC,2026-03-12 19:52:26 UTC,"en,es","en,es",1920,/home/x/deco/gamma/projects/distillation/translation/runs/translategemma4b_es_en_gemma3_1b_stagea_goldgrid_rows1920_bf16_20260311T233133Z/inputs/train_pairs.rows1920.merged.jsonl,A_then_B,4000,4000,0,0.0000,0.0000,1.0000,0.2000,/home/x/.cache/huggingface/hub/models--google--translategemma-4b-it/snapshots/10042cb0e6e7fdce748996a71dc3dc432a4e0c89,/home/x/.cache/huggingface/hub/models--google--gemma-3-1b-it/snapshots/dcc83ea841ab6100d6b47a070329e1ba4cf78752,false,false,None,,,false,"selected_checkpoint_missing,student_model_missing",,stage_a__checkpoint-002000,stage_a,checkpoint-002000,greedy,greedy,0.0000,1.0000,50,/home/x/deco/gamma/projects/distillation/translation/runs/translategemma4b_es_en_gemma3_1b_stagea_goldgrid_rows1920_bf16_20260311T233133Z/stage_a/checkpoint-002000,false,causal-chat,gemma_causal_lm,translategemma,cuda,bfloat16,/home/x/deco/gamma/projects/distillation/translation/runs/translategemma4b_es_en_gemma3_1b_stagea_goldgrid_rows1920_bf16_20260311T233133Z/stage_a/checkpoint-002000,,/home/x/.cache/huggingface/hub/models--google--translategemma-4b-it/snapshots/10042cb0e6e7fdce748996a71dc3dc432a4e0c89,,false,false,,,,,30.7102,58.1199,,/home/x/deco/gamma/projects/distillation/translation/training_data/translate_distill_pairs.eval2_wmt13_enes_128.jsonl,eval2_external__checkpoint-002000__greedy,28.8914,56.1040,,64,30.2399,60.5286,,64,128,55.2411,73.1199,,/home/x/deco/gamma/projects/distillation/translation/training_data/translate_distill_pairs.eval3_indomain_clean_merged_128.jsonl,eval3_indomain_clean__checkpoint-002000__greedy,58.6786,73.5046,,64,50.5984,72.6519,,64,128,,0,-24.5309
translategemma4b_es_en_gemma3_1b_stagea_goldgrid_rows1920_bf16_20260311T225020Z,completed,train_summary,2026-03-11 23:14:51 UTC,2026-03-12 19:52:26 UTC,"en,es","en,es",1920,/home/x/deco/gamma/projects/distillation/translation/runs/translategemma4b_es_en_gemma3_1b_stagea_goldgrid_rows1920_bf16_20260311T225020Z/inputs/train_pairs.rows1920.merged.jsonl,A_then_B,4000,4000,0,0.0000,0.0000,1.0000,0.2000,/home/x/.cache/huggingface/hub/models--google--translategemma-4b-it/snapshots/10042cb0e6e7fdce748996a71dc3dc432a4e0c89,/home/x/.cache/huggingface/hub/models--google--gemma-3-1b-it/snapshots/dcc83ea841ab6100d6b47a070329e1ba4cf78752,false,false,None,,,false,"selected_checkpoint_missing,student_model_missing",,stage_a__checkpoint-004000,stage_a,checkpoint-004000,greedy,greedy,0.0000,1.0000,50,/home/x/deco/gamma/projects/distillation/translation/runs/translategemma4b_es_en_gemma3_1b_stagea_goldgrid_rows1920_bf16_20260311T225020Z/stage_a/checkpoint-004000,false,causal-chat,gemma_causal_lm,translategemma,cuda,bfloat16,/home/x/deco/gamma/projects/distillation/translation/runs/translategemma4b_es_en_gemma3_1b_stagea_goldgrid_rows1920_bf16_20260311T225020Z/stage_a/checkpoint-004000,,/home/x/.cache/huggingface/hub/models--google--translategemma-4b-it/snapshots/10042cb0e6e7fdce748996a71dc3dc432a4e0c89,,false,false,,,,,31.5726,58.1760,,/home/x/deco/gamma/projects/distillation/translation/training_data/translate_distill_pairs.eval2_wmt13_enes_128.jsonl,eval2_external__checkpoint-004000__greedy,29.1479,55.3984,,64,31.3344,61.4789,,64,128,56.0758,73.9235,,/home/x/deco/gamma/projects/distillation/translation/training_data/translate_distill_pairs.eval3_indomain_clean_merged_128.jsonl,eval3_indomain_clean__checkpoint-004000__greedy,61.0280,75.3205,,64,49.9167,72.2209,,64,128,,0,-24.5032
translategemma4b_es_en_gemma3_1b_stagea_goldgrid_rows1920_bf16_20260311T225020Z,completed,train_summary,2026-03-11 23:14:51 UTC,2026-03-12 19:52:26 UTC,"en,es","en,es",1920,/home/x/deco/gamma/projects/distillation/translation/runs/translategemma4b_es_en_gemma3_1b_stagea_goldgrid_rows1920_bf16_20260311T225020Z/inputs/train_pairs.rows1920.merged.jsonl,A_then_B,4000,4000,0,0.0000,0.0000,1.0000,0.2000,/home/x/.cache/huggingface/hub/models--google--translategemma-4b-it/snapshots/10042cb0e6e7fdce748996a71dc3dc432a4e0c89,/home/x/.cache/huggingface/hub/models--google--gemma-3-1b-it/snapshots/dcc83ea841ab6100d6b47a070329e1ba4cf78752,false,false,None,,,false,"selected_checkpoint_missing,student_model_missing",,stage_a__checkpoint-002000,stage_a,checkpoint-002000,greedy,greedy,0.0000,1.0000,50,/home/x/deco/gamma/projects/distillation/translation/runs/translategemma4b_es_en_gemma3_1b_stagea_goldgrid_rows1920_bf16_20260311T225020Z/stage_a/checkpoint-002000,false,causal-chat,gemma_causal_lm,translategemma,cuda,bfloat16,/home/x/deco/gamma/projects/distillation/translation/runs/translategemma4b_es_en_gemma3_1b_stagea_goldgrid_rows1920_bf16_20260311T225020Z/stage_a/checkpoint-002000,,/home/x/.cache/huggingface/hub/models--google--translategemma-4b-it/snapshots/10042cb0e6e7fdce748996a71dc3dc432a4e0c89,,false,false,,,,,31.4076,58.2465,,/home/x/deco/gamma/projects/distillation/translation/training_data/translate_distill_pairs.eval2_wmt13_enes_128.jsonl,eval2_external__checkpoint-002000__greedy,29.9958,56.1149,,64,30.0021,60.7778,,64,128,54.6121,72.8522,,/home/x/deco/gamma/projects/distillation/translation/training_data/translate_distill_pairs.eval3_indomain_clean_merged_128.jsonl,eval3_indomain_clean__checkpoint-002000__greedy,59.4177,74.3058,,64,48.6203,71.0838,,64,128,,0,-23.2045
translategemma4b_es_en_gemma3_1b_stagea_goldgrid_rows1920_bf16_20260311T220906Z,completed,train_summary,2026-03-11 22:33:38 UTC,2026-03-12 19:52:26 UTC,"en,es","en,es",1920,/home/x/deco/gamma/projects/distillation/translation/runs/translategemma4b_es_en_gemma3_1b_stagea_goldgrid_rows1920_bf16_20260311T220906Z/inputs/train_pairs.rows1920.merged.jsonl,A_then_B,4000,4000,0,0.0000,0.0000,1.0000,0.2000,/home/x/.cache/huggingface/hub/models--google--translategemma-4b-it/snapshots/10042cb0e6e7fdce748996a71dc3dc432a4e0c89,/home/x/.cache/huggingface/hub/models--google--gemma-3-1b-it/snapshots/dcc83ea841ab6100d6b47a070329e1ba4cf78752,false,false,None,,,false,"selected_checkpoint_missing,student_model_missing",,stage_a__checkpoint-004000,stage_a,checkpoint-004000,greedy,greedy,0.0000,1.0000,50,/home/x/deco/gamma/projects/distillation/translation/runs/translategemma4b_es_en_gemma3_1b_stagea_goldgrid_rows1920_bf16_20260311T220906Z/stage_a/checkpoint-004000,false,causal-chat,gemma_causal_lm,translategemma,cuda,bfloat16,/home/x/deco/gamma/projects/distillation/translation/runs/translategemma4b_es_en_gemma3_1b_stagea_goldgrid_rows1920_bf16_20260311T220906Z/stage_a/checkpoint-004000,,/home/x/.cache/huggingface/hub/models--google--translategemma-4b-it/snapshots/10042cb0e6e7fdce748996a71dc3dc432a4e0c89,,false,false,,,,,31.3516,58.6308,,/home/x/deco/gamma/projects/distillation/translation/training_data/translate_distill_pairs.eval2_wmt13_enes_128.jsonl,eval2_external__checkpoint-004000__greedy,29.6658,56.7717,,64,30.2892,60.8496,,64,128,53.6478,72.3394,,/home/x/deco/gamma/projects/distillation/translation/training_data/translate_distill_pairs.eval3_indomain_clean_merged_128.jsonl,eval3_indomain_clean__checkpoint-004000__greedy,56.3511,71.9828,,64,50.1537,72.7705,,64,128,,0,-22.2962
translategemma4b_es_en_gemma3_1b_stagea_goldgrid_rows1920_bf16_20260311T220906Z,completed,train_summary,2026-03-11 22:33:38 UTC,2026-03-12 19:52:26 UTC,"en,es","en,es",1920,/home/x/deco/gamma/projects/distillation/translation/runs/translategemma4b_es_en_gemma3_1b_stagea_goldgrid_rows1920_bf16_20260311T220906Z/inputs/train_pairs.rows1920.merged.jsonl,A_then_B,4000,4000,0,0.0000,0.0000,1.0000,0.2000,/home/x/.cache/huggingface/hub/models--google--translategemma-4b-it/snapshots/10042cb0e6e7fdce748996a71dc3dc432a4e0c89,/home/x/.cache/huggingface/hub/models--google--gemma-3-1b-it/snapshots/dcc83ea841ab6100d6b47a070329e1ba4cf78752,false,false,None,,,false,"selected_checkpoint_missing,student_model_missing",,stage_a__checkpoint-002000,stage_a,checkpoint-002000,greedy,greedy,0.0000,1.0000,50,/home/x/deco/gamma/projects/distillation/translation/runs/translategemma4b_es_en_gemma3_1b_stagea_goldgrid_rows1920_bf16_20260311T220906Z/stage_a/checkpoint-002000,false,causal-chat,gemma_causal_lm,translategemma,cuda,bfloat16,/home/x/deco/gamma/projects/distillation/translation/runs/translategemma4b_es_en_gemma3_1b_stagea_goldgrid_rows1920_bf16_20260311T220906Z/stage_a/checkpoint-002000,,/home/x/.cache/huggingface/hub/models--google--translategemma-4b-it/snapshots/10042cb0e6e7fdce748996a71dc3dc432a4e0c89,,false,false,,,,,31.0275,58.4461,,/home/x/deco/gamma/projects/distillation/translation/training_data/translate_distill_pairs.eval2_wmt13_enes_128.jsonl,eval2_external__checkpoint-002000__greedy,29.4378,56.6298,,64,30.0363,60.6156,,64,128,52.2658,71.5889,,/home/x/deco/gamma/projects/distillation/translation/training_data/translate_distill_pairs.eval3_indomain_clean_merged_128.jsonl,eval3_indomain_clean__checkpoint-002000__greedy,54.9253,71.4883,,64,48.7538,71.7101,,64,128,,0,-21.2383
translategemma4b_es_en_gemma3_1b_stagea_goldgrid_rows1920_bf16_20260311T212756Z,completed,train_summary,2026-03-11 21:52:27 UTC,2026-03-12 19:52:26 UTC,"en,es","en,es",1920,/home/x/deco/gamma/projects/distillation/translation/runs/translategemma4b_es_en_gemma3_1b_stagea_goldgrid_rows1920_bf16_20260311T212756Z/inputs/train_pairs.rows1920.merged.jsonl,A_then_B,4000,4000,0,0.0000,0.0000,1.0000,0.2000,/home/x/.cache/huggingface/hub/models--google--translategemma-4b-it/snapshots/10042cb0e6e7fdce748996a71dc3dc432a4e0c89,/home/x/.cache/huggingface/hub/models--google--gemma-3-1b-it/snapshots/dcc83ea841ab6100d6b47a070329e1ba4cf78752,false,false,None,,,false,"selected_checkpoint_missing,student_model_missing",,stage_a__checkpoint-004000,stage_a,checkpoint-004000,greedy,greedy,0.0000,1.0000,50,/home/x/deco/gamma/projects/distillation/translation/runs/translategemma4b_es_en_gemma3_1b_stagea_goldgrid_rows1920_bf16_20260311T212756Z/stage_a/checkpoint-004000,false,causal-chat,gemma_causal_lm,translategemma,cuda,bfloat16,/home/x/deco/gamma/projects/distillation/translation/runs/translategemma4b_es_en_gemma3_1b_stagea_goldgrid_rows1920_bf16_20260311T212756Z/stage_a/checkpoint-004000,,/home/x/.cache/huggingface/hub/models--google--translategemma-4b-it/snapshots/10042cb0e6e7fdce748996a71dc3dc432a4e0c89,,false,false,,,,,32.7139,59.0468,,/home/x/deco/gamma/projects/distillation/translation/training_data/translate_distill_pairs.eval2_wmt13_enes_128.jsonl,eval2_external__checkpoint-004000__greedy,30.5262,56.9756,,64,32.9129,61.5333,,64,128,54.9631,73.1505,,/home/x/deco/gamma/projects/distillation/translation/training_data/translate_distill_pairs.eval3_indomain_clean_merged_128.jsonl,eval3_indomain_clean__checkpoint-004000__greedy,59.2049,74.5371,,64,49.5696,71.4569,,64,128,,0,-22.2492
translategemma4b_es_en_gemma3_1b_stagea_goldgrid_rows1920_bf16_20260311T212756Z,completed,train_summary,2026-03-11 21:52:27 UTC,2026-03-12 19:52:26 UTC,"en,es","en,es",1920,/home/x/deco/gamma/projects/distillation/translation/runs/translategemma4b_es_en_gemma3_1b_stagea_goldgrid_rows1920_bf16_20260311T212756Z/inputs/train_pairs.rows1920.merged.jsonl,A_then_B,4000,4000,0,0.0000,0.0000,1.0000,0.2000,/home/x/.cache/huggingface/hub/models--google--translategemma-4b-it/snapshots/10042cb0e6e7fdce748996a71dc3dc432a4e0c89,/home/x/.cache/huggingface/hub/models--google--gemma-3-1b-it/snapshots/dcc83ea841ab6100d6b47a070329e1ba4cf78752,false,false,None,,,false,"selected_checkpoint_missing,student_model_missing",,stage_a__checkpoint-002000,stage_a,checkpoint-002000,greedy,greedy,0.0000,1.0000,50,/home/x/deco/gamma/projects/distillation/translation/runs/translategemma4b_es_en_gemma3_1b_stagea_goldgrid_rows1920_bf16_20260311T212756Z/stage_a/checkpoint-002000,false,causal-chat,gemma_causal_lm,translategemma,cuda,bfloat16,/home/x/deco/gamma/projects/distillation/translation/runs/translategemma4b_es_en_gemma3_1b_stagea_goldgrid_rows1920_bf16_20260311T212756Z/stage_a/checkpoint-002000,,/home/x/.cache/huggingface/hub/models--google--translategemma-4b-it/snapshots/10042cb0e6e7fdce748996a71dc3dc432a4e0c89,,false,false,,,,,31.8692,58.4620,,/home/x/deco/gamma/projects/distillation/translation/training_data/translate_distill_pairs.eval2_wmt13_enes_128.jsonl,eval2_external__checkpoint-002000__greedy,28.9792,56.1779,,64,33.1292,61.2099,,64,128,54.9282,73.1474,,/home/x/deco/gamma/projects/distillation/translation/training_data/translate_distill_pairs.eval3_indomain_clean_merged_128.jsonl,eval3_indomain_clean__checkpoint-002000__greedy,57.4813,74.1065,,64,51.5753,71.9718,,64,128,,0,-23.0590
translategemma4b_es_en_gemma3_1b_stagea_goldgrid_rows1920_bf16_20260311T204640Z,completed,train_summary,2026-03-11 21:11:15 UTC,2026-03-12 19:52:26 UTC,"en,es","en,es",1920,/home/x/deco/gamma/projects/distillation/translation/runs/translategemma4b_es_en_gemma3_1b_stagea_goldgrid_rows1920_bf16_20260311T204640Z/inputs/train_pairs.rows1920.merged.jsonl,A_then_B,4000,4000,0,0.0000,0.0000,1.0000,0.2000,/home/x/.cache/huggingface/hub/models--google--translategemma-4b-it/snapshots/10042cb0e6e7fdce748996a71dc3dc432a4e0c89,/home/x/.cache/huggingface/hub/models--google--gemma-3-1b-it/snapshots/dcc83ea841ab6100d6b47a070329e1ba4cf78752,false,false,None,,,false,"selected_checkpoint_missing,student_model_missing",,stage_a__checkpoint-004000,stage_a,checkpoint-004000,greedy,greedy,0.0000,1.0000,50,/home/x/deco/gamma/projects/distillation/translation/runs/translategemma4b_es_en_gemma3_1b_stagea_goldgrid_rows1920_bf16_20260311T204640Z/stage_a/checkpoint-004000,false,causal-chat,gemma_causal_lm,translategemma,cuda,bfloat16,/home/x/deco/gamma/projects/distillation/translation/runs/translategemma4b_es_en_gemma3_1b_stagea_goldgrid_rows1920_bf16_20260311T204640Z/stage_a/checkpoint-004000,,/home/x/.cache/huggingface/hub/models--google--translategemma-4b-it/snapshots/10042cb0e6e7fdce748996a71dc3dc432a4e0c89,,false,false,,,,,31.1040,58.0953,,/home/x/deco/gamma/projects/distillation/translation/training_data/translate_distill_pairs.eval2_wmt13_enes_128.jsonl,eval2_external__checkpoint-004000__greedy,28.0709,55.9018,,64,32.4270,60.7282,,64,128,53.7266,73.0382,,/home/x/deco/gamma/projects/distillation/translation/training_data/translate_distill_pairs.eval3_indomain_clean_merged_128.jsonl,eval3_indomain_clean__checkpoint-004000__greedy,57.4909,74.3301,,64,48.9088,71.4605,,64,128,,0,-22.6226
translategemma4b_es_en_gemma3_1b_stagea_goldgrid_rows1920_bf16_20260311T204640Z,completed,train_summary,2026-03-11 21:11:15 UTC,2026-03-12 19:52:26 UTC,"en,es","en,es",1920,/home/x/deco/gamma/projects/distillation/translation/runs/translategemma4b_es_en_gemma3_1b_stagea_goldgrid_rows1920_bf16_20260311T204640Z/inputs/train_pairs.rows1920.merged.jsonl,A_then_B,4000,4000,0,0.0000,0.0000,1.0000,0.2000,/home/x/.cache/huggingface/hub/models--google--translategemma-4b-it/snapshots/10042cb0e6e7fdce748996a71dc3dc432a4e0c89,/home/x/.cache/huggingface/hub/models--google--gemma-3-1b-it/snapshots/dcc83ea841ab6100d6b47a070329e1ba4cf78752,false,false,None,,,false,"selected_checkpoint_missing,student_model_missing",,stage_a__checkpoint-002000,stage_a,checkpoint-002000,greedy,greedy,0.0000,1.0000,50,/home/x/deco/gamma/projects/distillation/translation/runs/translategemma4b_es_en_gemma3_1b_stagea_goldgrid_rows1920_bf16_20260311T204640Z/stage_a/checkpoint-002000,false,causal-chat,gemma_causal_lm,translategemma,cuda,bfloat16,/home/x/deco/gamma/projects/distillation/translation/runs/translategemma4b_es_en_gemma3_1b_stagea_goldgrid_rows1920_bf16_20260311T204640Z/stage_a/checkpoint-002000,,/home/x/.cache/huggingface/hub/models--google--translategemma-4b-it/snapshots/10042cb0e6e7fdce748996a71dc3dc432a4e0c89,,false,false,,,,,30.5448,58.0259,,/home/x/deco/gamma/projects/distillation/translation/training_data/translate_distill_pairs.eval2_wmt13_enes_128.jsonl,eval2_external__checkpoint-002000__greedy,27.0012,55.2596,,64,32.0091,61.3319,,64,128,53.2477,73.1307,,/home/x/deco/gamma/projects/distillation/translation/training_data/translate_distill_pairs.eval3_indomain_clean_merged_128.jsonl,eval3_indomain_clean__checkpoint-002000__greedy,57.1566,74.5187,,64,48.1374,71.4350,,64,128,,0,-22.7029
translategemma4b_es_en_gemma3_1b_stagea_goldgrid_rows1920_bf16_20260311T200534Z,completed,train_summary,2026-03-11 20:30:02 UTC,2026-03-12 19:52:26 UTC,"en,es","en,es",1920,/home/x/deco/gamma/projects/distillation/translation/runs/translategemma4b_es_en_gemma3_1b_stagea_goldgrid_rows1920_bf16_20260311T200534Z/inputs/train_pairs.rows1920.merged.jsonl,A_then_B,4000,4000,0,0.0000,0.0000,1.0000,0.2000,/home/x/.cache/huggingface/hub/models--google--translategemma-4b-it/snapshots/10042cb0e6e7fdce748996a71dc3dc432a4e0c89,/home/x/.cache/huggingface/hub/models--google--gemma-3-1b-it/snapshots/dcc83ea841ab6100d6b47a070329e1ba4cf78752,false,false,None,,,false,"selected_checkpoint_missing,student_model_missing",,stage_a__checkpoint-004000,stage_a,checkpoint-004000,greedy,greedy,0.0000,1.0000,50,/home/x/deco/gamma/projects/distillation/translation/runs/translategemma4b_es_en_gemma3_1b_stagea_goldgrid_rows1920_bf16_20260311T200534Z/stage_a/checkpoint-004000,false,causal-chat,gemma_causal_lm,translategemma,cuda,bfloat16,/home/x/deco/gamma/projects/distillation/translation/runs/translategemma4b_es_en_gemma3_1b_stagea_goldgrid_rows1920_bf16_20260311T200534Z/stage_a/checkpoint-004000,,/home/x/.cache/huggingface/hub/models--google--translategemma-4b-it/snapshots/10042cb0e6e7fdce748996a71dc3dc432a4e0c89,,false,false,,,,,31.5741,58.4624,,/home/x/deco/gamma/projects/distillation/translation/training_data/translate_distill_pairs.eval2_wmt13_enes_128.jsonl,eval2_external__checkpoint-004000__greedy,29.4329,56.2052,,64,31.6289,61.1659,,64,128,55.0938,73.2298,,/home/x/deco/gamma/projects/distillation/translation/training_data/translate_distill_pairs.eval3_indomain_clean_merged_128.jsonl,eval3_indomain_clean__checkpoint-004000__greedy,61.6227,75.4849,,64,46.8600,70.4912,,64,128,,0,-23.5197
translategemma4b_es_en_gemma3_1b_stagea_goldgrid_rows1920_bf16_20260311T200534Z,completed,train_summary,2026-03-11 20:30:02 UTC,2026-03-12 19:52:26 UTC,"en,es","en,es",1920,/home/x/deco/gamma/projects/distillation/translation/runs/translategemma4b_es_en_gemma3_1b_stagea_goldgrid_rows1920_bf16_20260311T200534Z/inputs/train_pairs.rows1920.merged.jsonl,A_then_B,4000,4000,0,0.0000,0.0000,1.0000,0.2000,/home/x/.cache/huggingface/hub/models--google--translategemma-4b-it/snapshots/10042cb0e6e7fdce748996a71dc3dc432a4e0c89,/home/x/.cache/huggingface/hub/models--google--gemma-3-1b-it/snapshots/dcc83ea841ab6100d6b47a070329e1ba4cf78752,false,false,None,,,false,"selected_checkpoint_missing,student_model_missing",,stage_a__checkpoint-002000,stage_a,checkpoint-002000,greedy,greedy,0.0000,1.0000,50,/home/x/deco/gamma/projects/distillation/translation/runs/translategemma4b_es_en_gemma3_1b_stagea_goldgrid_rows1920_bf16_20260311T200534Z/stage_a/checkpoint-002000,false,causal-chat,gemma_causal_lm,translategemma,cuda,bfloat16,/home/x/deco/gamma/projects/distillation/translation/runs/translategemma4b_es_en_gemma3_1b_stagea_goldgrid_rows1920_bf16_20260311T200534Z/stage_a/checkpoint-002000,,/home/x/.cache/huggingface/hub/models--google--translategemma-4b-it/snapshots/10042cb0e6e7fdce748996a71dc3dc432a4e0c89,,false,false,,,,,32.2113,58.5552,,/home/x/deco/gamma/projects/distillation/translation/training_data/translate_distill_pairs.eval2_wmt13_enes_128.jsonl,eval2_external__checkpoint-002000__greedy,30.2649,56.5138,,64,31.7712,60.9962,,64,128,54.3861,73.1030,,/home/x/deco/gamma/projects/distillation/translation/training_data/translate_distill_pairs.eval3_indomain_clean_merged_128.jsonl,eval3_indomain_clean__checkpoint-002000__greedy,61.2116,75.7592,,64,46.0240,69.8821,,64,128,,0,-22.1748
translategemma4b_es_en_gemma3_1b_stagea_goldgrid_rows1920_bf16_20260311T192425Z,completed,train_summary,2026-03-11 19:48:54 UTC,2026-03-12 19:52:26 UTC,"en,es","en,es",1920,/home/x/deco/gamma/projects/distillation/translation/runs/translategemma4b_es_en_gemma3_1b_stagea_goldgrid_rows1920_bf16_20260311T192425Z/inputs/train_pairs.rows1920.merged.jsonl,A_then_B,4000,4000,0,0.0000,0.0000,1.0000,0.2000,/home/x/.cache/huggingface/hub/models--google--translategemma-4b-it/snapshots/10042cb0e6e7fdce748996a71dc3dc432a4e0c89,/home/x/.cache/huggingface/hub/models--google--gemma-3-1b-it/snapshots/dcc83ea841ab6100d6b47a070329e1ba4cf78752,false,false,None,,,false,"selected_checkpoint_missing,student_model_missing",,stage_a__checkpoint-004000,stage_a,checkpoint-004000,greedy,greedy,0.0000,1.0000,50,/home/x/deco/gamma/projects/distillation/translation/runs/translategemma4b_es_en_gemma3_1b_stagea_goldgrid_rows1920_bf16_20260311T192425Z/stage_a/checkpoint-004000,false,causal-chat,gemma_causal_lm,translategemma,cuda,bfloat16,/home/x/deco/gamma/projects/distillation/translation/runs/translategemma4b_es_en_gemma3_1b_stagea_goldgrid_rows1920_bf16_20260311T192425Z/stage_a/checkpoint-004000,,/home/x/.cache/huggingface/hub/models--google--translategemma-4b-it/snapshots/10042cb0e6e7fdce748996a71dc3dc432a4e0c89,,false,false,,,,,31.4156,58.5323,,/home/x/deco/gamma/projects/distillation/translation/training_data/translate_distill_pairs.eval2_wmt13_enes_128.jsonl,eval2_external__checkpoint-004000__greedy,30.4339,57.3125,,64,30.3073,59.9958,,64,128,54.4935,73.6082,,/home/x/deco/gamma/projects/distillation/translation/training_data/translate_distill_pairs.eval3_indomain_clean_merged_128.jsonl,eval3_indomain_clean__checkpoint-004000__greedy,58.3285,74.4609,,64,49.6275,72.5666,,64,128,,0,-23.0779
translategemma4b_es_en_gemma3_1b_stagea_goldgrid_rows1920_bf16_20260311T192425Z,completed,train_summary,2026-03-11 19:48:54 UTC,2026-03-12 19:52:26 UTC,"en,es","en,es",1920,/home/x/deco/gamma/projects/distillation/translation/runs/translategemma4b_es_en_gemma3_1b_stagea_goldgrid_rows1920_bf16_20260311T192425Z/inputs/train_pairs.rows1920.merged.jsonl,A_then_B,4000,4000,0,0.0000,0.0000,1.0000,0.2000,/home/x/.cache/huggingface/hub/models--google--translategemma-4b-it/snapshots/10042cb0e6e7fdce748996a71dc3dc432a4e0c89,/home/x/.cache/huggingface/hub/models--google--gemma-3-1b-it/snapshots/dcc83ea841ab6100d6b47a070329e1ba4cf78752,false,false,None,,,false,"selected_checkpoint_missing,student_model_missing",,stage_a__checkpoint-002000,stage_a,checkpoint-002000,greedy,greedy,0.0000,1.0000,50,/home/x/deco/gamma/projects/distillation/translation/runs/translategemma4b_es_en_gemma3_1b_stagea_goldgrid_rows1920_bf16_20260311T192425Z/stage_a/checkpoint-002000,false,causal-chat,gemma_causal_lm,translategemma,cuda,bfloat16,/home/x/deco/gamma/projects/distillation/translation/runs/translategemma4b_es_en_gemma3_1b_stagea_goldgrid_rows1920_bf16_20260311T192425Z/stage_a/checkpoint-002000,,/home/x/.cache/huggingface/hub/models--google--translategemma-4b-it/snapshots/10042cb0e6e7fdce748996a71dc3dc432a4e0c89,,false,false,,,,,32.1940,58.7046,,/home/x/deco/gamma/projects/distillation/translation/training_data/translate_distill_pairs.eval2_wmt13_enes_128.jsonl,eval2_external__checkpoint-002000__greedy,31.1864,57.4452,,64,31.1354,60.2170,,64,128,52.7203,72.3615,,/home/x/deco/gamma/projects/distillation/translation/training_data/translate_distill_pairs.eval3_indomain_clean_merged_128.jsonl,eval3_indomain_clean__checkpoint-002000__greedy,56.0121,73.2183,,64,48.4331,71.3131,,64,128,,0,-20.5263
translategemma4b_es_en_gemma3_1b_stagea_goldgrid_rows1920_bf16_20260311T180127Z,completed,train_summary,2026-03-11 18:25:57 UTC,2026-03-12 19:52:26 UTC,"en,es","en,es",1920,/home/x/deco/gamma/projects/distillation/translation/runs/translategemma4b_es_en_gemma3_1b_stagea_goldgrid_rows1920_bf16_20260311T180127Z/inputs/train_pairs.rows1920.merged.jsonl,A_then_B,4000,4000,0,0.0000,0.0000,1.0000,0.2000,/home/x/.cache/huggingface/hub/models--google--translategemma-4b-it/snapshots/10042cb0e6e7fdce748996a71dc3dc432a4e0c89,/home/x/.cache/huggingface/hub/models--google--gemma-3-1b-it/snapshots/dcc83ea841ab6100d6b47a070329e1ba4cf78752,false,false,None,,,false,"selected_checkpoint_missing,student_model_missing",,stage_a__checkpoint-004000,stage_a,checkpoint-004000,greedy,greedy,0.0000,1.0000,50,/home/x/deco/gamma/projects/distillation/translation/runs/translategemma4b_es_en_gemma3_1b_stagea_goldgrid_rows1920_bf16_20260311T180127Z/stage_a/checkpoint-004000,false,causal-chat,gemma_causal_lm,translategemma,cuda,bfloat16,/home/x/deco/gamma/projects/distillation/translation/runs/translategemma4b_es_en_gemma3_1b_stagea_goldgrid_rows1920_bf16_20260311T180127Z/stage_a/checkpoint-004000,,/home/x/.cache/huggingface/hub/models--google--translategemma-4b-it/snapshots/10042cb0e6e7fdce748996a71dc3dc432a4e0c89,,false,false,,,,,32.4032,59.4588,,/home/x/deco/gamma/projects/distillation/translation/training_data/translate_distill_pairs.eval2_wmt13_enes_128.jsonl,eval2_external__checkpoint-004000__greedy,30.7028,58.2381,,64,32.2800,60.9326,,64,128,53.2763,71.9396,,/home/x/deco/gamma/projects/distillation/translation/training_data/translate_distill_pairs.eval3_indomain_clean_merged_128.jsonl,eval3_indomain_clean__checkpoint-004000__greedy,55.6093,71.5486,,64,50.2871,72.4155,,64,128,,0,-20.8731
translategemma4b_es_en_gemma3_1b_stagea_goldgrid_rows1920_bf16_20260311T180127Z,completed,train_summary,2026-03-11 18:25:57 UTC,2026-03-12 19:52:26 UTC,"en,es","en,es",1920,/home/x/deco/gamma/projects/distillation/translation/runs/translategemma4b_es_en_gemma3_1b_stagea_goldgrid_rows1920_bf16_20260311T180127Z/inputs/train_pairs.rows1920.merged.jsonl,A_then_B,4000,4000,0,0.0000,0.0000,1.0000,0.2000,/home/x/.cache/huggingface/hub/models--google--translategemma-4b-it/snapshots/10042cb0e6e7fdce748996a71dc3dc432a4e0c89,/home/x/.cache/huggingface/hub/models--google--gemma-3-1b-it/snapshots/dcc83ea841ab6100d6b47a070329e1ba4cf78752,false,false,None,,,false,"selected_checkpoint_missing,student_model_missing",,stage_a__checkpoint-002000,stage_a,checkpoint-002000,greedy,greedy,0.0000,1.0000,50,/home/x/deco/gamma/projects/distillation/translation/runs/translategemma4b_es_en_gemma3_1b_stagea_goldgrid_rows1920_bf16_20260311T180127Z/stage_a/checkpoint-002000,false,causal-chat,gemma_causal_lm,translategemma,cuda,bfloat16,/home/x/deco/gamma/projects/distillation/translation/runs/translategemma4b_es_en_gemma3_1b_stagea_goldgrid_rows1920_bf16_20260311T180127Z/stage_a/checkpoint-002000,,/home/x/.cache/huggingface/hub/models--google--translategemma-4b-it/snapshots/10042cb0e6e7fdce748996a71dc3dc432a4e0c89,,false,false,,,,,31.3512,58.9003,,/home/x/deco/gamma/projects/distillation/translation/training_data/translate_distill_pairs.eval2_wmt13_enes_128.jsonl,eval2_external__checkpoint-002000__greedy,29.9980,57.5466,,64,31.0700,60.5273,,64,128,53.3460,72.1676,,/home/x/deco/gamma/projects/distillation/translation/training_data/translate_distill_pairs.eval3_indomain_clean_merged_128.jsonl,eval3_indomain_clean__checkpoint-002000__greedy,56.4273,72.5800,,64,49.3120,71.6636,,64,128,,0,-21.9948
translategemma4b_es_en_gemma3_1b_stagea_goldgrid_rows1920_bf16_20260311T070121Z,completed,train_summary,2026-03-11 13:19:49 UTC,2026-03-12 19:52:26 UTC,"en,es","en,es",1920,/home/x/deco/gamma/projects/distillation/translation/runs/translategemma4b_es_en_gemma3_1b_stagea_goldgrid_rows1920_bf16_20260311T070121Z/inputs/train_pairs.rows1920.merged.jsonl,A_then_B,4000,4000,0,0.0000,0.0000,1.0000,0.2000,/home/x/.cache/huggingface/hub/models--google--translategemma-4b-it/snapshots/10042cb0e6e7fdce748996a71dc3dc432a4e0c89,/home/x/deco/gamma/projects/distillation/translation/runs/translategemma4b_es_en_gemma3_1b_stagea_goldgrid_rows1920_bf16_20260311T070121Z/stage_a/checkpoint-002000,false,true,stage_a,/home/x/deco/gamma/projects/distillation/translation/runs/translategemma4b_es_en_gemma3_1b_stagea_goldgrid_rows1920_bf16_20260311T070121Z/stage_a/checkpoint-002000,false,false,"resume_from_missing,selected_checkpoint_missing,student_model_missing",/home/x/deco/gamma/projects/distillation/translation/runs/translategemma4b_es_en_gemma3_1b_stagea_goldgrid_rows1920_bf16_20260311T070121Z/stage_a/checkpoint-004000,stage_a__checkpoint-004000,stage_a,checkpoint-004000,greedy,greedy,0.0000,1.0000,50,/home/x/deco/gamma/projects/distillation/translation/runs/translategemma4b_es_en_gemma3_1b_stagea_goldgrid_rows1920_bf16_20260311T070121Z/stage_a/checkpoint-004000,false,causal-chat,gemma_causal_lm,translategemma,cuda,bfloat16,/home/x/deco/gamma/projects/distillation/translation/runs/translategemma4b_es_en_gemma3_1b_stagea_goldgrid_rows1920_bf16_20260311T070121Z/stage_a/checkpoint-004000,,/home/x/.cache/huggingface/hub/models--google--translategemma-4b-it/snapshots/10042cb0e6e7fdce748996a71dc3dc432a4e0c89,,false,false,,,,,31.5262,58.4166,,/home/x/deco/gamma/projects/distillation/translation/training_data/translate_distill_pairs.eval2_wmt13_enes_128.jsonl,attempt_01_cuda,29.7361,56.9922,,64,31.4619,60.1274,,64,128,54.4294,72.6889,,/home/x/deco/gamma/projects/distillation/translation/training_data/translate_distill_pairs.eval3_indomain_clean_merged_128.jsonl,attempt_01_cuda,57.9466,72.9355,,64,49.5439,72.3888,,64,128,,0,-22.9032
translategemma4b_es_en_gemma3_1b_stagea_goldgrid_rows1920_bf16_20260311T070121Z,completed,train_summary,2026-03-11 13:19:49 UTC,2026-03-12 19:52:26 UTC,"en,es","en,es",1920,/home/x/deco/gamma/projects/distillation/translation/runs/translategemma4b_es_en_gemma3_1b_stagea_goldgrid_rows1920_bf16_20260311T070121Z/inputs/train_pairs.rows1920.merged.jsonl,A_then_B,4000,4000,0,0.0000,0.0000,1.0000,0.2000,/home/x/.cache/huggingface/hub/models--google--translategemma-4b-it/snapshots/10042cb0e6e7fdce748996a71dc3dc432a4e0c89,/home/x/deco/gamma/projects/distillation/translation/runs/translategemma4b_es_en_gemma3_1b_stagea_goldgrid_rows1920_bf16_20260311T070121Z/stage_a/checkpoint-002000,false,true,stage_a,/home/x/deco/gamma/projects/distillation/translation/runs/translategemma4b_es_en_gemma3_1b_stagea_goldgrid_rows1920_bf16_20260311T070121Z/stage_a/checkpoint-002000,false,false,"resume_from_missing,selected_checkpoint_missing,student_model_missing",/home/x/deco/gamma/projects/distillation/translation/runs/translategemma4b_es_en_gemma3_1b_stagea_goldgrid_rows1920_bf16_20260311T070121Z/stage_a/checkpoint-004000,stage_a__checkpoint-002000,stage_a,checkpoint-002000,greedy,greedy,0.0000,1.0000,50,/home/x/deco/gamma/projects/distillation/translation/runs/translategemma4b_es_en_gemma3_1b_stagea_goldgrid_rows1920_bf16_20260311T070121Z/stage_a/checkpoint-002000,false,causal-chat,gemma_causal_lm,translategemma,cpu,float32,/home/x/deco/gamma/projects/distillation/translation/runs/translategemma4b_es_en_gemma3_1b_stagea_goldgrid_rows1920_bf16_20260311T070121Z/stage_a/checkpoint-002000,,/home/x/.cache/huggingface/hub/models--google--translategemma-4b-it/snapshots/10042cb0e6e7fdce748996a71dc3dc432a4e0c89,,false,false,,,,,30.8342,58.3357,,/home/x/deco/gamma/projects/distillation/translation/training_data/translate_distill_pairs.eval2_wmt13_enes_128.jsonl,attempt_06_cpu,29.6756,56.6834,,64,29.8329,60.3174,,64,128,54.2158,72.7988,,/home/x/deco/gamma/projects/distillation/translation/training_data/translate_distill_pairs.eval3_indomain_clean_merged_128.jsonl,eval3_indomain_clean__checkpoint-002000__greedy,59.8248,74.2723,,64,46.0919,71.0150,,64,128,,0,-23.3816
translategemma4b_es_en_gemma3_1b_stagea_goldgrid_rows1920_bf16_20260311T062002Z,completed,train_summary,2026-03-11 06:44:35 UTC,2026-03-12 19:52:26 UTC,"en,es","en,es",1920,/home/x/deco/gamma/projects/distillation/translation/runs/translategemma4b_es_en_gemma3_1b_stagea_goldgrid_rows1920_bf16_20260311T062002Z/inputs/train_pairs.rows1920.merged.jsonl,A_then_B,4000,4000,0,0.0000,0.0000,1.0000,0.2000,/home/x/.cache/huggingface/hub/models--google--translategemma-4b-it/snapshots/10042cb0e6e7fdce748996a71dc3dc432a4e0c89,/home/x/.cache/huggingface/hub/models--google--gemma-3-1b-it/snapshots/dcc83ea841ab6100d6b47a070329e1ba4cf78752,false,false,None,,,false,"selected_checkpoint_missing,student_model_missing",,stage_a__checkpoint-004000,stage_a,checkpoint-004000,greedy,greedy,0.0000,1.0000,50,/home/x/deco/gamma/projects/distillation/translation/runs/translategemma4b_es_en_gemma3_1b_stagea_goldgrid_rows1920_bf16_20260311T062002Z/stage_a/checkpoint-004000,false,causal-chat,gemma_causal_lm,translategemma,cuda,bfloat16,/home/x/deco/gamma/projects/distillation/translation/runs/translategemma4b_es_en_gemma3_1b_stagea_goldgrid_rows1920_bf16_20260311T062002Z/stage_a/checkpoint-004000,,/home/x/.cache/huggingface/hub/models--google--translategemma-4b-it/snapshots/10042cb0e6e7fdce748996a71dc3dc432a4e0c89,,false,false,,,,,32.0130,58.8506,,/home/x/deco/gamma/projects/distillation/translation/training_data/translate_distill_pairs.eval2_wmt13_enes_128.jsonl,attempt_01_cuda,29.5297,56.4835,,64,33.2054,61.6992,,64,128,55.3247,73.1952,,/home/x/deco/gamma/projects/distillation/translation/training_data/translate_distill_pairs.eval3_indomain_clean_merged_128.jsonl,attempt_01_cuda,58.5515,73.6643,,64,51.2859,72.6225,,64,128,,0,-23.3117
translategemma4b_es_en_gemma3_1b_stagea_goldgrid_rows1920_bf16_20260311T062002Z,completed,train_summary,2026-03-11 06:44:35 UTC,2026-03-12 19:52:26 UTC,"en,es","en,es",1920,/home/x/deco/gamma/projects/distillation/translation/runs/translategemma4b_es_en_gemma3_1b_stagea_goldgrid_rows1920_bf16_20260311T062002Z/inputs/train_pairs.rows1920.merged.jsonl,A_then_B,4000,4000,0,0.0000,0.0000,1.0000,0.2000,/home/x/.cache/huggingface/hub/models--google--translategemma-4b-it/snapshots/10042cb0e6e7fdce748996a71dc3dc432a4e0c89,/home/x/.cache/huggingface/hub/models--google--gemma-3-1b-it/snapshots/dcc83ea841ab6100d6b47a070329e1ba4cf78752,false,false,None,,,false,"selected_checkpoint_missing,student_model_missing",,stage_a__checkpoint-002000,stage_a,checkpoint-002000,greedy,greedy,0.0000,1.0000,50,/home/x/deco/gamma/projects/distillation/translation/runs/translategemma4b_es_en_gemma3_1b_stagea_goldgrid_rows1920_bf16_20260311T062002Z/stage_a/checkpoint-002000,false,causal-chat,gemma_causal_lm,translategemma,cuda,bfloat16,/home/x/deco/gamma/projects/distillation/translation/runs/translategemma4b_es_en_gemma3_1b_stagea_goldgrid_rows1920_bf16_20260311T062002Z/stage_a/checkpoint-002000,,/home/x/.cache/huggingface/hub/models--google--translategemma-4b-it/snapshots/10042cb0e6e7fdce748996a71dc3dc432a4e0c89,,false,false,,,,,31.4556,58.5053,,/home/x/deco/gamma/projects/distillation/translation/training_data/translate_distill_pairs.eval2_wmt13_enes_128.jsonl,eval2_external__checkpoint-002000__greedy,29.0780,56.4421,,64,32.0008,60.9773,,64,128,55.0694,73.0372,,/home/x/deco/gamma/projects/distillation/translation/training_data/translate_distill_pairs.eval3_indomain_clean_merged_128.jsonl,attempt_01_cuda,58.8109,73.4875,,64,50.3841,72.4879,,64,128,,0,-23.6138
translategemma4b_es_en_gemma3_1b_stagea_goldgrid_rows1920_bf16_20260311T053842Z,completed,train_summary,2026-03-11 06:03:16 UTC,2026-03-12 19:52:26 UTC,"en,es","en,es",1920,/home/x/deco/gamma/projects/distillation/translation/runs/translategemma4b_es_en_gemma3_1b_stagea_goldgrid_rows1920_bf16_20260311T053842Z/inputs/train_pairs.rows1920.merged.jsonl,A_then_B,4000,4000,0,0.0000,0.0000,1.0000,0.2000,/home/x/.cache/huggingface/hub/models--google--translategemma-4b-it/snapshots/10042cb0e6e7fdce748996a71dc3dc432a4e0c89,/home/x/.cache/huggingface/hub/models--google--gemma-3-1b-it/snapshots/dcc83ea841ab6100d6b47a070329e1ba4cf78752,false,false,None,,,false,"selected_checkpoint_missing,student_model_missing",,stage_a__checkpoint-004000,stage_a,checkpoint-004000,greedy,greedy,0.0000,1.0000,50,/home/x/deco/gamma/projects/distillation/translation/runs/translategemma4b_es_en_gemma3_1b_stagea_goldgrid_rows1920_bf16_20260311T053842Z/stage_a/checkpoint-004000,false,causal-chat,gemma_causal_lm,translategemma,cuda,bfloat16,/home/x/deco/gamma/projects/distillation/translation/runs/translategemma4b_es_en_gemma3_1b_stagea_goldgrid_rows1920_bf16_20260311T053842Z/stage_a/checkpoint-004000,,/home/x/.cache/huggingface/hub/models--google--translategemma-4b-it/snapshots/10042cb0e6e7fdce748996a71dc3dc432a4e0c89,,false,false,,,,,30.5940,57.8509,,/home/x/deco/gamma/projects/distillation/translation/training_data/translate_distill_pairs.eval2_wmt13_enes_128.jsonl,attempt_01_cuda,29.5638,56.8125,,64,30.2585,59.1035,,64,128,54.2923,72.5946,,/home/x/deco/gamma/projects/distillation/translation/training_data/translate_distill_pairs.eval3_indomain_clean_merged_128.jsonl,attempt_01_cuda,59.1621,73.6617,,64,48.1605,71.2936,,64,128,,0,-23.6983
translategemma4b_es_en_gemma3_1b_stagea_goldgrid_rows1920_bf16_20260311T053842Z,completed,train_summary,2026-03-11 06:03:16 UTC,2026-03-12 19:52:26 UTC,"en,es","en,es",1920,/home/x/deco/gamma/projects/distillation/translation/runs/translategemma4b_es_en_gemma3_1b_stagea_goldgrid_rows1920_bf16_20260311T053842Z/inputs/train_pairs.rows1920.merged.jsonl,A_then_B,4000,4000,0,0.0000,0.0000,1.0000,0.2000,/home/x/.cache/huggingface/hub/models--google--translategemma-4b-it/snapshots/10042cb0e6e7fdce748996a71dc3dc432a4e0c89,/home/x/.cache/huggingface/hub/models--google--gemma-3-1b-it/snapshots/dcc83ea841ab6100d6b47a070329e1ba4cf78752,false,false,None,,,false,"selected_checkpoint_missing,student_model_missing",,stage_a__checkpoint-002000,stage_a,checkpoint-002000,greedy,greedy,0.0000,1.0000,50,/home/x/deco/gamma/projects/distillation/translation/runs/translategemma4b_es_en_gemma3_1b_stagea_goldgrid_rows1920_bf16_20260311T053842Z/stage_a/checkpoint-002000,false,causal-chat,gemma_causal_lm,translategemma,cuda,bfloat16,/home/x/deco/gamma/projects/distillation/translation/runs/translategemma4b_es_en_gemma3_1b_stagea_goldgrid_rows1920_bf16_20260311T053842Z/stage_a/checkpoint-002000,,/home/x/.cache/huggingface/hub/models--google--translategemma-4b-it/snapshots/10042cb0e6e7fdce748996a71dc3dc432a4e0c89,,false,false,,,,,30.5309,57.9504,,/home/x/deco/gamma/projects/distillation/translation/training_data/translate_distill_pairs.eval2_wmt13_enes_128.jsonl,attempt_01_cuda,28.8470,56.4632,,64,30.3564,59.7365,,64,128,55.0401,72.8658,,/home/x/deco/gamma/projects/distillation/translation/training_data/translate_distill_pairs.eval3_indomain_clean_merged_128.jsonl,attempt_01_cuda,57.9297,72.9346,,64,51.3234,72.7818,,64,128,,0,-24.5092
translategemma4b_es_en_gemma3_1b_stagea_goldgrid_rows1920_bf16_20260311T045717Z,completed,train_summary,2026-03-11 05:21:56 UTC,2026-03-12 19:52:26 UTC,"en,es","en,es",1920,/home/x/deco/gamma/projects/distillation/translation/runs/translategemma4b_es_en_gemma3_1b_stagea_goldgrid_rows1920_bf16_20260311T045717Z/inputs/train_pairs.rows1920.merged.jsonl,A_then_B,4000,4000,0,0.0000,0.0000,1.0000,0.2000,/home/x/.cache/huggingface/hub/models--google--translategemma-4b-it/snapshots/10042cb0e6e7fdce748996a71dc3dc432a4e0c89,/home/x/.cache/huggingface/hub/models--google--gemma-3-1b-it/snapshots/dcc83ea841ab6100d6b47a070329e1ba4cf78752,false,false,None,,,false,"selected_checkpoint_missing,student_model_missing",,stage_a__checkpoint-004000,stage_a,checkpoint-004000,greedy,greedy,0.0000,1.0000,50,/home/x/deco/gamma/projects/distillation/translation/runs/translategemma4b_es_en_gemma3_1b_stagea_goldgrid_rows1920_bf16_20260311T045717Z/stage_a/checkpoint-004000,false,causal-chat,gemma_causal_lm,translategemma,cuda,bfloat16,/home/x/deco/gamma/projects/distillation/translation/runs/translategemma4b_es_en_gemma3_1b_stagea_goldgrid_rows1920_bf16_20260311T045717Z/stage_a/checkpoint-004000,,/home/x/.cache/huggingface/hub/models--google--translategemma-4b-it/snapshots/10042cb0e6e7fdce748996a71dc3dc432a4e0c89,,false,false,,,,,29.8863,57.9190,,/home/x/deco/gamma/projects/distillation/translation/training_data/translate_distill_pairs.eval2_wmt13_enes_128.jsonl,attempt_01_cuda,28.7674,57.0749,,64,29.1441,58.9331,,64,128,54.1583,72.4966,,/home/x/deco/gamma/projects/distillation/translation/training_data/translate_distill_pairs.eval3_indomain_clean_merged_128.jsonl,attempt_01_cuda,58.5219,73.3533,,64,48.7190,71.4549,,64,128,,0,-24.2720
translategemma4b_es_en_gemma3_1b_stagea_goldgrid_rows1920_bf16_20260311T045717Z,completed,train_summary,2026-03-11 05:21:56 UTC,2026-03-12 19:52:26 UTC,"en,es","en,es",1920,/home/x/deco/gamma/projects/distillation/translation/runs/translategemma4b_es_en_gemma3_1b_stagea_goldgrid_rows1920_bf16_20260311T045717Z/inputs/train_pairs.rows1920.merged.jsonl,A_then_B,4000,4000,0,0.0000,0.0000,1.0000,0.2000,/home/x/.cache/huggingface/hub/models--google--translategemma-4b-it/snapshots/10042cb0e6e7fdce748996a71dc3dc432a4e0c89,/home/x/.cache/huggingface/hub/models--google--gemma-3-1b-it/snapshots/dcc83ea841ab6100d6b47a070329e1ba4cf78752,false,false,None,,,false,"selected_checkpoint_missing,student_model_missing",,stage_a__checkpoint-002000,stage_a,checkpoint-002000,greedy,greedy,0.0000,1.0000,50,/home/x/deco/gamma/projects/distillation/translation/runs/translategemma4b_es_en_gemma3_1b_stagea_goldgrid_rows1920_bf16_20260311T045717Z/stage_a/checkpoint-002000,false,causal-chat,gemma_causal_lm,translategemma,cuda,bfloat16,/home/x/deco/gamma/projects/distillation/translation/runs/translategemma4b_es_en_gemma3_1b_stagea_goldgrid_rows1920_bf16_20260311T045717Z/stage_a/checkpoint-002000,,/home/x/.cache/huggingface/hub/models--google--translategemma-4b-it/snapshots/10042cb0e6e7fdce748996a71dc3dc432a4e0c89,,false,false,,,,,31.3818,58.5778,,/home/x/deco/gamma/projects/distillation/translation/training_data/translate_distill_pairs.eval2_wmt13_enes_128.jsonl,attempt_01_cuda,29.7734,57.3173,,64,31.1916,60.0921,,64,128,53.3306,72.0154,,/home/x/deco/gamma/projects/distillation/translation/training_data/translate_distill_pairs.eval3_indomain_clean_merged_128.jsonl,eval3_indomain_clean__checkpoint-002000__greedy,57.4152,72.5572,,64,48.2374,71.3580,,64,128,,0,-21.9488
translategemma4b_es_en_gemma3_1b_stagea_goldgrid_rows1920_bf16_20260311T041600Z,completed,train_summary,2026-03-11 04:40:38 UTC,2026-03-12 19:52:26 UTC,"en,es","en,es",1920,/home/x/deco/gamma/projects/distillation/translation/runs/translategemma4b_es_en_gemma3_1b_stagea_goldgrid_rows1920_bf16_20260311T041600Z/inputs/train_pairs.rows1920.merged.jsonl,A_then_B,4000,4000,0,0.0000,0.0000,1.0000,0.2000,/home/x/.cache/huggingface/hub/models--google--translategemma-4b-it/snapshots/10042cb0e6e7fdce748996a71dc3dc432a4e0c89,/home/x/.cache/huggingface/hub/models--google--gemma-3-1b-it/snapshots/dcc83ea841ab6100d6b47a070329e1ba4cf78752,false,false,None,,,false,"selected_checkpoint_missing,student_model_missing",,stage_a__checkpoint-004000,stage_a,checkpoint-004000,greedy,greedy,0.0000,1.0000,50,/home/x/deco/gamma/projects/distillation/translation/runs/translategemma4b_es_en_gemma3_1b_stagea_goldgrid_rows1920_bf16_20260311T041600Z/stage_a/checkpoint-004000,false,causal-chat,gemma_causal_lm,translategemma,cuda,bfloat16,/home/x/deco/gamma/projects/distillation/translation/runs/translategemma4b_es_en_gemma3_1b_stagea_goldgrid_rows1920_bf16_20260311T041600Z/stage_a/checkpoint-004000,,/home/x/.cache/huggingface/hub/models--google--translategemma-4b-it/snapshots/10042cb0e6e7fdce748996a71dc3dc432a4e0c89,,false,false,,,,,30.9738,58.3112,,/home/x/deco/gamma/projects/distillation/translation/training_data/translate_distill_pairs.eval2_wmt13_enes_128.jsonl,attempt_01_cuda,29.0612,56.3516,,64,30.3665,60.6517,,64,128,53.6174,72.2637,,/home/x/deco/gamma/projects/distillation/translation/training_data/translate_distill_pairs.eval3_indomain_clean_merged_128.jsonl,attempt_01_cuda,58.2226,72.8856,,64,47.9919,71.5085,,64,128,,0,-22.6436
translategemma4b_es_en_gemma3_1b_stagea_goldgrid_rows1920_bf16_20260311T041600Z,completed,train_summary,2026-03-11 04:40:38 UTC,2026-03-12 19:52:26 UTC,"en,es","en,es",1920,/home/x/deco/gamma/projects/distillation/translation/runs/translategemma4b_es_en_gemma3_1b_stagea_goldgrid_rows1920_bf16_20260311T041600Z/inputs/train_pairs.rows1920.merged.jsonl,A_then_B,4000,4000,0,0.0000,0.0000,1.0000,0.2000,/home/x/.cache/huggingface/hub/models--google--translategemma-4b-it/snapshots/10042cb0e6e7fdce748996a71dc3dc432a4e0c89,/home/x/.cache/huggingface/hub/models--google--gemma-3-1b-it/snapshots/dcc83ea841ab6100d6b47a070329e1ba4cf78752,false,false,None,,,false,"selected_checkpoint_missing,student_model_missing",,stage_a__checkpoint-002000,stage_a,checkpoint-002000,greedy,greedy,0.0000,1.0000,50,/home/x/deco/gamma/projects/distillation/translation/runs/translategemma4b_es_en_gemma3_1b_stagea_goldgrid_rows1920_bf16_20260311T041600Z/stage_a/checkpoint-002000,false,causal-chat,gemma_causal_lm,translategemma,cuda,bfloat16,/home/x/deco/gamma/projects/distillation/translation/runs/translategemma4b_es_en_gemma3_1b_stagea_goldgrid_rows1920_bf16_20260311T041600Z/stage_a/checkpoint-002000,,/home/x/.cache/huggingface/hub/models--google--translategemma-4b-it/snapshots/10042cb0e6e7fdce748996a71dc3dc432a4e0c89,,false,false,,,,,30.9031,58.1549,,/home/x/deco/gamma/projects/distillation/translation/training_data/translate_distill_pairs.eval2_wmt13_enes_128.jsonl,attempt_01_cuda,28.8691,56.3251,,64,30.5028,60.3387,,64,128,54.4095,71.9534,,/home/x/deco/gamma/projects/distillation/translation/training_data/translate_distill_pairs.eval3_indomain_clean_merged_128.jsonl,eval3_indomain_clean__checkpoint-002000__greedy,57.4090,71.8026,,64,49.9650,72.1354,,64,128,,0,-23.5064
translategemma4b_es_en_gemma3_1b_stagea_goldgrid_rows1920_bf16_20260311T033442Z,completed,train_summary,2026-03-11 03:59:17 UTC,2026-03-12 19:52:26 UTC,"en,es","en,es",1920,/home/x/deco/gamma/projects/distillation/translation/runs/translategemma4b_es_en_gemma3_1b_stagea_goldgrid_rows1920_bf16_20260311T033442Z/inputs/train_pairs.rows1920.merged.jsonl,A_then_B,4000,4000,0,0.0000,0.0000,1.0000,0.2000,/home/x/.cache/huggingface/hub/models--google--translategemma-4b-it/snapshots/10042cb0e6e7fdce748996a71dc3dc432a4e0c89,/home/x/.cache/huggingface/hub/models--google--gemma-3-1b-it/snapshots/dcc83ea841ab6100d6b47a070329e1ba4cf78752,false,false,None,,,false,"selected_checkpoint_missing,student_model_missing",,stage_a__checkpoint-004000,stage_a,checkpoint-004000,greedy,greedy,0.0000,1.0000,50,/home/x/deco/gamma/projects/distillation/translation/runs/translategemma4b_es_en_gemma3_1b_stagea_goldgrid_rows1920_bf16_20260311T033442Z/stage_a/checkpoint-004000,false,causal-chat,gemma_causal_lm,translategemma,cuda,bfloat16,/home/x/deco/gamma/projects/distillation/translation/runs/translategemma4b_es_en_gemma3_1b_stagea_goldgrid_rows1920_bf16_20260311T033442Z/stage_a/checkpoint-004000,,/home/x/.cache/huggingface/hub/models--google--translategemma-4b-it/snapshots/10042cb0e6e7fdce748996a71dc3dc432a4e0c89,,false,false,,,,,31.5088,58.1516,,/home/x/deco/gamma/projects/distillation/translation/training_data/translate_distill_pairs.eval2_wmt13_enes_128.jsonl,attempt_01_cuda,30.3222,56.4553,,64,30.6798,60.1847,,64,128,54.3753,73.2525,,/home/x/deco/gamma/projects/distillation/translation/training_data/translate_distill_pairs.eval3_indomain_clean_merged_128.jsonl,attempt_01_cuda,57.6569,73.8818,,64,50.2854,72.4849,,64,128,,0,-22.8665
translategemma4b_es_en_gemma3_1b_stagea_goldgrid_rows1920_bf16_20260311T033442Z,completed,train_summary,2026-03-11 03:59:17 UTC,2026-03-12 19:52:26 UTC,"en,es","en,es",1920,/home/x/deco/gamma/projects/distillation/translation/runs/translategemma4b_es_en_gemma3_1b_stagea_goldgrid_rows1920_bf16_20260311T033442Z/inputs/train_pairs.rows1920.merged.jsonl,A_then_B,4000,4000,0,0.0000,0.0000,1.0000,0.2000,/home/x/.cache/huggingface/hub/models--google--translategemma-4b-it/snapshots/10042cb0e6e7fdce748996a71dc3dc432a4e0c89,/home/x/.cache/huggingface/hub/models--google--gemma-3-1b-it/snapshots/dcc83ea841ab6100d6b47a070329e1ba4cf78752,false,false,None,,,false,"selected_checkpoint_missing,student_model_missing",,stage_a__checkpoint-002000,stage_a,checkpoint-002000,greedy,greedy,0.0000,1.0000,50,/home/x/deco/gamma/projects/distillation/translation/runs/translategemma4b_es_en_gemma3_1b_stagea_goldgrid_rows1920_bf16_20260311T033442Z/stage_a/checkpoint-002000,false,causal-chat,gemma_causal_lm,translategemma,cuda,bfloat16,/home/x/deco/gamma/projects/distillation/translation/runs/translategemma4b_es_en_gemma3_1b_stagea_goldgrid_rows1920_bf16_20260311T033442Z/stage_a/checkpoint-002000,,/home/x/.cache/huggingface/hub/models--google--translategemma-4b-it/snapshots/10042cb0e6e7fdce748996a71dc3dc432a4e0c89,,false,false,,,,,31.0208,58.0501,,/home/x/deco/gamma/projects/distillation/translation/training_data/translate_distill_pairs.eval2_wmt13_enes_128.jsonl,attempt_01_cuda,28.8064,56.1515,,64,31.4247,60.3201,,64,128,55.5242,73.7266,,/home/x/deco/gamma/projects/distillation/translation/training_data/translate_distill_pairs.eval3_indomain_clean_merged_128.jsonl,eval3_indomain_clean__checkpoint-002000__greedy,59.5949,75.4148,,64,49.7298,71.6687,,64,128,,0,-24.5034
translategemma4b_es_en_gemma3_1b_stagea_goldgrid_rows1920_bf16_20260311T025326Z,completed,train_summary,2026-03-11 03:18:02 UTC,2026-03-12 19:52:26 UTC,"en,es","en,es",1920,/home/x/deco/gamma/projects/distillation/translation/runs/translategemma4b_es_en_gemma3_1b_stagea_goldgrid_rows1920_bf16_20260311T025326Z/inputs/train_pairs.rows1920.merged.jsonl,A_then_B,4000,4000,0,0.0000,0.0000,1.0000,0.2000,/home/x/.cache/huggingface/hub/models--google--translategemma-4b-it/snapshots/10042cb0e6e7fdce748996a71dc3dc432a4e0c89,/home/x/.cache/huggingface/hub/models--google--gemma-3-1b-it/snapshots/dcc83ea841ab6100d6b47a070329e1ba4cf78752,false,false,None,,,false,"selected_checkpoint_missing,student_model_missing",,stage_a__checkpoint-004000,stage_a,checkpoint-004000,greedy,greedy,0.0000,1.0000,50,/home/x/deco/gamma/projects/distillation/translation/runs/translategemma4b_es_en_gemma3_1b_stagea_goldgrid_rows1920_bf16_20260311T025326Z/stage_a/checkpoint-004000,false,causal-chat,gemma_causal_lm,translategemma,cuda,bfloat16,/home/x/deco/gamma/projects/distillation/translation/runs/translategemma4b_es_en_gemma3_1b_stagea_goldgrid_rows1920_bf16_20260311T025326Z/stage_a/checkpoint-004000,,/home/x/.cache/huggingface/hub/models--google--translategemma-4b-it/snapshots/10042cb0e6e7fdce748996a71dc3dc432a4e0c89,,false,false,,,,,32.4485,59.0578,,/home/x/deco/gamma/projects/distillation/translation/training_data/translate_distill_pairs.eval2_wmt13_enes_128.jsonl,attempt_01_cuda,31.3029,57.2414,,64,31.4330,61.2435,,64,128,53.0189,72.8259,,/home/x/deco/gamma/projects/distillation/translation/training_data/translate_distill_pairs.eval3_indomain_clean_merged_128.jsonl,attempt_01_cuda,57.5327,74.1410,,64,47.4276,71.2227,,64,128,,0,-20.5704
translategemma4b_es_en_gemma3_1b_stagea_goldgrid_rows1920_bf16_20260311T025326Z,completed,train_summary,2026-03-11 03:18:02 UTC,2026-03-12 19:52:26 UTC,"en,es","en,es",1920,/home/x/deco/gamma/projects/distillation/translation/runs/translategemma4b_es_en_gemma3_1b_stagea_goldgrid_rows1920_bf16_20260311T025326Z/inputs/train_pairs.rows1920.merged.jsonl,A_then_B,4000,4000,0,0.0000,0.0000,1.0000,0.2000,/home/x/.cache/huggingface/hub/models--google--translategemma-4b-it/snapshots/10042cb0e6e7fdce748996a71dc3dc432a4e0c89,/home/x/.cache/huggingface/hub/models--google--gemma-3-1b-it/snapshots/dcc83ea841ab6100d6b47a070329e1ba4cf78752,false,false,None,,,false,"selected_checkpoint_missing,student_model_missing",,stage_a__checkpoint-002000,stage_a,checkpoint-002000,greedy,greedy,0.0000,1.0000,50,/home/x/deco/gamma/projects/distillation/translation/runs/translategemma4b_es_en_gemma3_1b_stagea_goldgrid_rows1920_bf16_20260311T025326Z/stage_a/checkpoint-002000,false,causal-chat,gemma_causal_lm,translategemma,cuda,bfloat16,/home/x/deco/gamma/projects/distillation/translation/runs/translategemma4b_es_en_gemma3_1b_stagea_goldgrid_rows1920_bf16_20260311T025326Z/stage_a/checkpoint-002000,,/home/x/.cache/huggingface/hub/models--google--translategemma-4b-it/snapshots/10042cb0e6e7fdce748996a71dc3dc432a4e0c89,,false,false,,,,,31.8819,58.3776,,/home/x/deco/gamma/projects/distillation/translation/training_data/translate_distill_pairs.eval2_wmt13_enes_128.jsonl,attempt_01_cuda,29.7057,56.2695,,64,31.7987,60.8980,,64,128,53.8880,72.5125,,/home/x/deco/gamma/projects/distillation/translation/training_data/translate_distill_pairs.eval3_indomain_clean_merged_128.jsonl,attempt_01_cuda,57.9404,73.4695,,64,48.8389,71.3469,,64,128,,0,-22.0061
translategemma4b_es_en_gemma3_1b_stagea_goldgrid_rows1920_bf16_20260311T021203Z,completed,train_summary,2026-03-11 02:36:40 UTC,2026-03-12 19:52:26 UTC,"en,es","en,es",1920,/home/x/deco/gamma/projects/distillation/translation/runs/translategemma4b_es_en_gemma3_1b_stagea_goldgrid_rows1920_bf16_20260311T021203Z/inputs/train_pairs.rows1920.merged.jsonl,A_then_B,4000,4000,0,0.0000,0.0000,1.0000,0.2000,/home/x/.cache/huggingface/hub/models--google--translategemma-4b-it/snapshots/10042cb0e6e7fdce748996a71dc3dc432a4e0c89,/home/x/.cache/huggingface/hub/models--google--gemma-3-1b-it/snapshots/dcc83ea841ab6100d6b47a070329e1ba4cf78752,false,false,None,,,false,"selected_checkpoint_missing,student_model_missing",,stage_a__checkpoint-004000,stage_a,checkpoint-004000,greedy,greedy,0.0000,1.0000,50,/home/x/deco/gamma/projects/distillation/translation/runs/translategemma4b_es_en_gemma3_1b_stagea_goldgrid_rows1920_bf16_20260311T021203Z/stage_a/checkpoint-004000,false,causal-chat,gemma_causal_lm,translategemma,cuda,bfloat16,/home/x/deco/gamma/projects/distillation/translation/runs/translategemma4b_es_en_gemma3_1b_stagea_goldgrid_rows1920_bf16_20260311T021203Z/stage_a/checkpoint-004000,,/home/x/.cache/huggingface/hub/models--google--translategemma-4b-it/snapshots/10042cb0e6e7fdce748996a71dc3dc432a4e0c89,,false,false,,,,,31.2679,58.0757,,/home/x/deco/gamma/projects/distillation/translation/training_data/translate_distill_pairs.eval2_wmt13_enes_128.jsonl,attempt_01_cuda,28.9279,56.1545,,64,31.8528,60.3785,,64,128,55.0978,73.1663,,/home/x/deco/gamma/projects/distillation/translation/training_data/translate_distill_pairs.eval3_indomain_clean_merged_128.jsonl,attempt_01_cuda,59.7529,73.9859,,64,49.3284,72.1688,,64,128,,0,-23.8299
translategemma4b_es_en_gemma3_1b_stagea_goldgrid_rows1920_bf16_20260311T021203Z,completed,train_summary,2026-03-11 02:36:40 UTC,2026-03-12 19:52:26 UTC,"en,es","en,es",1920,/home/x/deco/gamma/projects/distillation/translation/runs/translategemma4b_es_en_gemma3_1b_stagea_goldgrid_rows1920_bf16_20260311T021203Z/inputs/train_pairs.rows1920.merged.jsonl,A_then_B,4000,4000,0,0.0000,0.0000,1.0000,0.2000,/home/x/.cache/huggingface/hub/models--google--translategemma-4b-it/snapshots/10042cb0e6e7fdce748996a71dc3dc432a4e0c89,/home/x/.cache/huggingface/hub/models--google--gemma-3-1b-it/snapshots/dcc83ea841ab6100d6b47a070329e1ba4cf78752,false,false,None,,,false,"selected_checkpoint_missing,student_model_missing",,stage_a__checkpoint-002000,stage_a,checkpoint-002000,greedy,greedy,0.0000,1.0000,50,/home/x/deco/gamma/projects/distillation/translation/runs/translategemma4b_es_en_gemma3_1b_stagea_goldgrid_rows1920_bf16_20260311T021203Z/stage_a/checkpoint-002000,false,causal-chat,gemma_causal_lm,translategemma,cuda,bfloat16,/home/x/deco/gamma/projects/distillation/translation/runs/translategemma4b_es_en_gemma3_1b_stagea_goldgrid_rows1920_bf16_20260311T021203Z/stage_a/checkpoint-002000,,/home/x/.cache/huggingface/hub/models--google--translategemma-4b-it/snapshots/10042cb0e6e7fdce748996a71dc3dc432a4e0c89,,false,false,,,,,30.9203,57.6278,,/home/x/deco/gamma/projects/distillation/translation/training_data/translate_distill_pairs.eval2_wmt13_enes_128.jsonl,eval2_external__checkpoint-002000__greedy,27.7268,55.1000,,64,31.7881,60.6426,,64,128,53.5783,72.4079,,/home/x/deco/gamma/projects/distillation/translation/training_data/translate_distill_pairs.eval3_indomain_clean_merged_128.jsonl,attempt_01_cuda,58.0106,73.2769,,64,48.1440,71.3534,,64,128,,0,-22.6580
translategemma4b_es_en_gemma3_1b_stagea_goldgrid_rows1920_bf16_20260311T013050Z,completed,train_summary,2026-03-11 01:55:29 UTC,2026-03-12 19:52:26 UTC,"en,es","en,es",1920,/home/x/deco/gamma/projects/distillation/translation/runs/translategemma4b_es_en_gemma3_1b_stagea_goldgrid_rows1920_bf16_20260311T013050Z/inputs/train_pairs.rows1920.merged.jsonl,A_then_B,4000,4000,0,0.0000,0.0000,1.0000,0.2000,/home/x/.cache/huggingface/hub/models--google--translategemma-4b-it/snapshots/10042cb0e6e7fdce748996a71dc3dc432a4e0c89,/home/x/.cache/huggingface/hub/models--google--gemma-3-1b-it/snapshots/dcc83ea841ab6100d6b47a070329e1ba4cf78752,false,false,None,,,false,"selected_checkpoint_missing,student_model_missing",,stage_a__checkpoint-004000,stage_a,checkpoint-004000,greedy,greedy,0.0000,1.0000,50,/home/x/deco/gamma/projects/distillation/translation/runs/translategemma4b_es_en_gemma3_1b_stagea_goldgrid_rows1920_bf16_20260311T013050Z/stage_a/checkpoint-004000,false,causal-chat,gemma_causal_lm,translategemma,cuda,bfloat16,/home/x/deco/gamma/projects/distillation/translation/runs/translategemma4b_es_en_gemma3_1b_stagea_goldgrid_rows1920_bf16_20260311T013050Z/stage_a/checkpoint-004000,,/home/x/.cache/huggingface/hub/models--google--translategemma-4b-it/snapshots/10042cb0e6e7fdce748996a71dc3dc432a4e0c89,,false,false,,,,,31.4725,59.0645,,/home/x/deco/gamma/projects/distillation/translation/training_data/translate_distill_pairs.eval2_wmt13_enes_128.jsonl,attempt_01_cuda,29.1612,57.1466,,64,31.1971,61.3571,,64,128,55.3885,73.1720,,/home/x/deco/gamma/projects/distillation/translation/training_data/translate_distill_pairs.eval3_indomain_clean_merged_128.jsonl,attempt_01_cuda,58.6351,73.6039,,64,51.3269,72.6461,,64,128,,0,-23.9160
translategemma4b_es_en_gemma3_1b_stagea_goldgrid_rows1920_bf16_20260311T013050Z,completed,train_summary,2026-03-11 01:55:29 UTC,2026-03-12 19:52:26 UTC,"en,es","en,es",1920,/home/x/deco/gamma/projects/distillation/translation/runs/translategemma4b_es_en_gemma3_1b_stagea_goldgrid_rows1920_bf16_20260311T013050Z/inputs/train_pairs.rows1920.merged.jsonl,A_then_B,4000,4000,0,0.0000,0.0000,1.0000,0.2000,/home/x/.cache/huggingface/hub/models--google--translategemma-4b-it/snapshots/10042cb0e6e7fdce748996a71dc3dc432a4e0c89,/home/x/.cache/huggingface/hub/models--google--gemma-3-1b-it/snapshots/dcc83ea841ab6100d6b47a070329e1ba4cf78752,false,false,None,,,false,"selected_checkpoint_missing,student_model_missing",,stage_a__checkpoint-002000,stage_a,checkpoint-002000,greedy,greedy,0.0000,1.0000,50,/home/x/deco/gamma/projects/distillation/translation/runs/translategemma4b_es_en_gemma3_1b_stagea_goldgrid_rows1920_bf16_20260311T013050Z/stage_a/checkpoint-002000,false,causal-chat,gemma_causal_lm,translategemma,cuda,bfloat16,/home/x/deco/gamma/projects/distillation/translation/runs/translategemma4b_es_en_gemma3_1b_stagea_goldgrid_rows1920_bf16_20260311T013050Z/stage_a/checkpoint-002000,,/home/x/.cache/huggingface/hub/models--google--translategemma-4b-it/snapshots/10042cb0e6e7fdce748996a71dc3dc432a4e0c89,,false,false,,,,,31.4675,58.6238,,/home/x/deco/gamma/projects/distillation/translation/training_data/translate_distill_pairs.eval2_wmt13_enes_128.jsonl,eval2_external__checkpoint-002000__greedy,28.4146,56.1756,,64,31.8178,61.5422,,64,128,54.8681,72.6317,,/home/x/deco/gamma/projects/distillation/translation/training_data/translate_distill_pairs.eval3_indomain_clean_merged_128.jsonl,attempt_01_cuda,58.8991,73.2116,,64,49.7220,71.9275,,64,128,,0,-23.4006
translategemma4b_es_en_gemma3_1b_stagea_goldgrid_rows1920_bf16_20260311T004931Z,completed,train_summary,2026-03-11 01:14:07 UTC,2026-03-12 19:52:26 UTC,"en,es","en,es",1920,/home/x/deco/gamma/projects/distillation/translation/runs/translategemma4b_es_en_gemma3_1b_stagea_goldgrid_rows1920_bf16_20260311T004931Z/inputs/train_pairs.rows1920.merged.jsonl,A_then_B,4000,4000,0,0.0000,0.0000,1.0000,0.2000,/home/x/.cache/huggingface/hub/models--google--translategemma-4b-it/snapshots/10042cb0e6e7fdce748996a71dc3dc432a4e0c89,/home/x/.cache/huggingface/hub/models--google--gemma-3-1b-it/snapshots/dcc83ea841ab6100d6b47a070329e1ba4cf78752,false,false,None,,,false,"selected_checkpoint_missing,student_model_missing",,stage_a__checkpoint-004000,stage_a,checkpoint-004000,greedy,greedy,0.0000,1.0000,50,/home/x/deco/gamma/projects/distillation/translation/runs/translategemma4b_es_en_gemma3_1b_stagea_goldgrid_rows1920_bf16_20260311T004931Z/stage_a/checkpoint-004000,false,causal-chat,gemma_causal_lm,translategemma,cuda,bfloat16,/home/x/deco/gamma/projects/distillation/translation/runs/translategemma4b_es_en_gemma3_1b_stagea_goldgrid_rows1920_bf16_20260311T004931Z/stage_a/checkpoint-004000,,/home/x/.cache/huggingface/hub/models--google--translategemma-4b-it/snapshots/10042cb0e6e7fdce748996a71dc3dc432a4e0c89,,false,false,,,,,31.4576,58.1105,,/home/x/deco/gamma/projects/distillation/translation/training_data/translate_distill_pairs.eval2_wmt13_enes_128.jsonl,attempt_01_cuda,29.4919,56.4243,,64,31.2624,60.1347,,64,128,53.0721,71.6879,,/home/x/deco/gamma/projects/distillation/translation/training_data/translate_distill_pairs.eval3_indomain_clean_merged_128.jsonl,attempt_01_cuda,57.4777,72.5453,,64,46.9540,70.6513,,64,128,,0,-21.6145
translategemma4b_es_en_gemma3_1b_stagea_goldgrid_rows1920_bf16_20260311T004931Z,completed,train_summary,2026-03-11 01:14:07 UTC,2026-03-12 19:52:26 UTC,"en,es","en,es",1920,/home/x/deco/gamma/projects/distillation/translation/runs/translategemma4b_es_en_gemma3_1b_stagea_goldgrid_rows1920_bf16_20260311T004931Z/inputs/train_pairs.rows1920.merged.jsonl,A_then_B,4000,4000,0,0.0000,0.0000,1.0000,0.2000,/home/x/.cache/huggingface/hub/models--google--translategemma-4b-it/snapshots/10042cb0e6e7fdce748996a71dc3dc432a4e0c89,/home/x/.cache/huggingface/hub/models--google--gemma-3-1b-it/snapshots/dcc83ea841ab6100d6b47a070329e1ba4cf78752,false,false,None,,,false,"selected_checkpoint_missing,student_model_missing",,stage_a__checkpoint-002000,stage_a,checkpoint-002000,greedy,greedy,0.0000,1.0000,50,/home/x/deco/gamma/projects/distillation/translation/runs/translategemma4b_es_en_gemma3_1b_stagea_goldgrid_rows1920_bf16_20260311T004931Z/stage_a/checkpoint-002000,false,causal-chat,gemma_causal_lm,translategemma,cuda,bfloat16,/home/x/deco/gamma/projects/distillation/translation/runs/translategemma4b_es_en_gemma3_1b_stagea_goldgrid_rows1920_bf16_20260311T004931Z/stage_a/checkpoint-002000,,/home/x/.cache/huggingface/hub/models--google--translategemma-4b-it/snapshots/10042cb0e6e7fdce748996a71dc3dc432a4e0c89,,false,false,,,,,31.8592,58.3089,,/home/x/deco/gamma/projects/distillation/translation/training_data/translate_distill_pairs.eval2_wmt13_enes_128.jsonl,attempt_01_cuda,29.2997,56.3539,,64,31.7647,60.6480,,64,128,50.7787,71.0132,,/home/x/deco/gamma/projects/distillation/translation/training_data/translate_distill_pairs.eval3_indomain_clean_merged_128.jsonl,eval3_indomain_clean__checkpoint-002000__greedy,55.0663,71.7842,,64,45.6701,70.0790,,64,128,,0,-18.9195
translategemma4b_es_en_gemma3_1b_stagea_goldgrid_rows1920_bf16_20260311T000816Z,completed,train_summary,2026-03-11 00:32:51 UTC,2026-03-12 19:52:26 UTC,"en,es","en,es",1920,/home/x/deco/gamma/projects/distillation/translation/runs/translategemma4b_es_en_gemma3_1b_stagea_goldgrid_rows1920_bf16_20260311T000816Z/inputs/train_pairs.rows1920.merged.jsonl,A_then_B,4000,4000,0,0.0000,0.0000,1.0000,0.2000,/home/x/.cache/huggingface/hub/models--google--translategemma-4b-it/snapshots/10042cb0e6e7fdce748996a71dc3dc432a4e0c89,/home/x/.cache/huggingface/hub/models--google--gemma-3-1b-it/snapshots/dcc83ea841ab6100d6b47a070329e1ba4cf78752,false,false,None,,,false,"selected_checkpoint_missing,student_model_missing",,stage_a__checkpoint-004000,stage_a,checkpoint-004000,greedy,greedy,0.0000,1.0000,50,/home/x/deco/gamma/projects/distillation/translation/runs/translategemma4b_es_en_gemma3_1b_stagea_goldgrid_rows1920_bf16_20260311T000816Z/stage_a/checkpoint-004000,false,causal-chat,gemma_causal_lm,translategemma,cuda,bfloat16,/home/x/deco/gamma/projects/distillation/translation/runs/translategemma4b_es_en_gemma3_1b_stagea_goldgrid_rows1920_bf16_20260311T000816Z/stage_a/checkpoint-004000,,/home/x/.cache/huggingface/hub/models--google--translategemma-4b-it/snapshots/10042cb0e6e7fdce748996a71dc3dc432a4e0c89,,false,false,,,,,30.6412,58.1310,,/home/x/deco/gamma/projects/distillation/translation/training_data/translate_distill_pairs.eval2_wmt13_enes_128.jsonl,attempt_01_cuda,28.3222,56.0063,,64,31.3013,60.6813,,64,128,54.1700,72.4159,,/home/x/deco/gamma/projects/distillation/translation/training_data/translate_distill_pairs.eval3_indomain_clean_merged_128.jsonl,attempt_01_cuda,57.4100,73.3014,,64,49.8605,71.3362,,64,128,,0,-23.5288
translategemma4b_es_en_gemma3_1b_stagea_goldgrid_rows1920_bf16_20260311T000816Z,completed,train_summary,2026-03-11 00:32:51 UTC,2026-03-12 19:52:26 UTC,"en,es","en,es",1920,/home/x/deco/gamma/projects/distillation/translation/runs/translategemma4b_es_en_gemma3_1b_stagea_goldgrid_rows1920_bf16_20260311T000816Z/inputs/train_pairs.rows1920.merged.jsonl,A_then_B,4000,4000,0,0.0000,0.0000,1.0000,0.2000,/home/x/.cache/huggingface/hub/models--google--translategemma-4b-it/snapshots/10042cb0e6e7fdce748996a71dc3dc432a4e0c89,/home/x/.cache/huggingface/hub/models--google--gemma-3-1b-it/snapshots/dcc83ea841ab6100d6b47a070329e1ba4cf78752,false,false,None,,,false,"selected_checkpoint_missing,student_model_missing",,stage_a__checkpoint-002000,stage_a,checkpoint-002000,greedy,greedy,0.0000,1.0000,50,/home/x/deco/gamma/projects/distillation/translation/runs/translategemma4b_es_en_gemma3_1b_stagea_goldgrid_rows1920_bf16_20260311T000816Z/stage_a/checkpoint-002000,false,causal-chat,gemma_causal_lm,translategemma,cuda,bfloat16,/home/x/deco/gamma/projects/distillation/translation/runs/translategemma4b_es_en_gemma3_1b_stagea_goldgrid_rows1920_bf16_20260311T000816Z/stage_a/checkpoint-002000,,/home/x/.cache/huggingface/hub/models--google--translategemma-4b-it/snapshots/10042cb0e6e7fdce748996a71dc3dc432a4e0c89,,false,false,,,,,31.2658,58.4989,,/home/x/deco/gamma/projects/distillation/translation/training_data/translate_distill_pairs.eval2_wmt13_enes_128.jsonl,attempt_01_cuda,28.5749,56.5803,,64,32.2750,60.8020,,64,128,53.8396,72.1891,,/home/x/deco/gamma/projects/distillation/translation/training_data/translate_distill_pairs.eval3_indomain_clean_merged_128.jsonl,eval3_indomain_clean__checkpoint-002000__greedy,55.2421,71.9622,,64,51.8774,72.4666,,64,128,,0,-22.5738
translategemma4b_es_en_gemma3_1b_stagea_goldgrid_rows1920_bf16_20260310T232655Z,completed,train_summary,2026-03-10 23:51:30 UTC,2026-03-12 19:52:26 UTC,"en,es","en,es",1920,/home/x/deco/gamma/projects/distillation/translation/runs/translategemma4b_es_en_gemma3_1b_stagea_goldgrid_rows1920_bf16_20260310T232655Z/inputs/train_pairs.rows1920.merged.jsonl,A_then_B,4000,4000,0,0.0000,0.0000,1.0000,0.2000,/home/x/.cache/huggingface/hub/models--google--translategemma-4b-it/snapshots/10042cb0e6e7fdce748996a71dc3dc432a4e0c89,/home/x/.cache/huggingface/hub/models--google--gemma-3-1b-it/snapshots/dcc83ea841ab6100d6b47a070329e1ba4cf78752,false,false,None,,,false,"selected_checkpoint_missing,student_model_missing",,stage_a__checkpoint-004000,stage_a,checkpoint-004000,greedy,greedy,0.0000,1.0000,50,/home/x/deco/gamma/projects/distillation/translation/runs/translategemma4b_es_en_gemma3_1b_stagea_goldgrid_rows1920_bf16_20260310T232655Z/stage_a/checkpoint-004000,false,causal-chat,gemma_causal_lm,translategemma,cuda,bfloat16,/home/x/deco/gamma/projects/distillation/translation/runs/translategemma4b_es_en_gemma3_1b_stagea_goldgrid_rows1920_bf16_20260310T232655Z/stage_a/checkpoint-004000,,/home/x/.cache/huggingface/hub/models--google--translategemma-4b-it/snapshots/10042cb0e6e7fdce748996a71dc3dc432a4e0c89,,false,false,,,,,31.8746,58.5722,,/home/x/deco/gamma/projects/distillation/translation/training_data/translate_distill_pairs.eval2_wmt13_enes_128.jsonl,attempt_01_cuda,30.0649,56.9229,,64,31.7420,60.5462,,64,128,54.1434,73.1685,,/home/x/deco/gamma/projects/distillation/translation/training_data/translate_distill_pairs.eval3_indomain_clean_merged_128.jsonl,attempt_01_cuda,58.8366,74.6165,,64,48.3536,71.4031,,64,128,,0,-22.2688
translategemma4b_es_en_gemma3_1b_stagea_goldgrid_rows1920_bf16_20260310T232655Z,completed,train_summary,2026-03-10 23:51:30 UTC,2026-03-12 19:52:26 UTC,"en,es","en,es",1920,/home/x/deco/gamma/projects/distillation/translation/runs/translategemma4b_es_en_gemma3_1b_stagea_goldgrid_rows1920_bf16_20260310T232655Z/inputs/train_pairs.rows1920.merged.jsonl,A_then_B,4000,4000,0,0.0000,0.0000,1.0000,0.2000,/home/x/.cache/huggingface/hub/models--google--translategemma-4b-it/snapshots/10042cb0e6e7fdce748996a71dc3dc432a4e0c89,/home/x/.cache/huggingface/hub/models--google--gemma-3-1b-it/snapshots/dcc83ea841ab6100d6b47a070329e1ba4cf78752,false,false,None,,,false,"selected_checkpoint_missing,student_model_missing",,stage_a__checkpoint-002000,stage_a,checkpoint-002000,greedy,greedy,0.0000,1.0000,50,/home/x/deco/gamma/projects/distillation/translation/runs/translategemma4b_es_en_gemma3_1b_stagea_goldgrid_rows1920_bf16_20260310T232655Z/stage_a/checkpoint-002000,false,causal-chat,gemma_causal_lm,translategemma,cuda,bfloat16,/home/x/deco/gamma/projects/distillation/translation/runs/translategemma4b_es_en_gemma3_1b_stagea_goldgrid_rows1920_bf16_20260310T232655Z/stage_a/checkpoint-002000,,/home/x/.cache/huggingface/hub/models--google--translategemma-4b-it/snapshots/10042cb0e6e7fdce748996a71dc3dc432a4e0c89,,false,false,,,,,30.3129,57.3156,,/home/x/deco/gamma/projects/distillation/translation/training_data/translate_distill_pairs.eval2_wmt13_enes_128.jsonl,attempt_01_cuda,27.8749,54.8530,,64,30.9768,60.2552,,64,128,54.6398,72.8451,,/home/x/deco/gamma/projects/distillation/translation/training_data/translate_distill_pairs.eval3_indomain_clean_merged_128.jsonl,attempt_01_cuda,58.7188,73.7660,,64,49.2419,71.7219,,64,128,,0,-24.3269
translategemma4b_es_en_gemma3_1b_stagea_goldgrid_rows1920_bf16_20260310T224540Z,completed,train_summary,2026-03-10 23:10:14 UTC,2026-03-12 19:52:26 UTC,"en,es","en,es",1920,/home/x/deco/gamma/projects/distillation/translation/runs/translategemma4b_es_en_gemma3_1b_stagea_goldgrid_rows1920_bf16_20260310T224540Z/inputs/train_pairs.rows1920.merged.jsonl,A_then_B,4000,4000,0,0.0000,0.0000,1.0000,0.2000,/home/x/.cache/huggingface/hub/models--google--translategemma-4b-it/snapshots/10042cb0e6e7fdce748996a71dc3dc432a4e0c89,/home/x/.cache/huggingface/hub/models--google--gemma-3-1b-it/snapshots/dcc83ea841ab6100d6b47a070329e1ba4cf78752,false,false,None,,,false,"selected_checkpoint_missing,student_model_missing",,stage_a__checkpoint-004000,stage_a,checkpoint-004000,greedy,greedy,0.0000,1.0000,50,/home/x/deco/gamma/projects/distillation/translation/runs/translategemma4b_es_en_gemma3_1b_stagea_goldgrid_rows1920_bf16_20260310T224540Z/stage_a/checkpoint-004000,false,causal-chat,gemma_causal_lm,translategemma,cuda,bfloat16,/home/x/deco/gamma/projects/distillation/translation/runs/translategemma4b_es_en_gemma3_1b_stagea_goldgrid_rows1920_bf16_20260310T224540Z/stage_a/checkpoint-004000,,/home/x/.cache/huggingface/hub/models--google--translategemma-4b-it/snapshots/10042cb0e6e7fdce748996a71dc3dc432a4e0c89,,false,false,,,,,31.8923,58.2847,,/home/x/deco/gamma/projects/distillation/translation/training_data/translate_distill_pairs.eval2_wmt13_enes_128.jsonl,attempt_01_cuda,29.7491,56.3991,,64,32.4029,60.5492,,64,128,55.3129,72.6945,,/home/x/deco/gamma/projects/distillation/translation/training_data/translate_distill_pairs.eval3_indomain_clean_merged_128.jsonl,attempt_01_cuda,58.3844,72.6637,,64,51.4586,72.7318,,64,128,,0,-23.4206
translategemma4b_es_en_gemma3_1b_stagea_goldgrid_rows1920_bf16_20260310T224540Z,completed,train_summary,2026-03-10 23:10:14 UTC,2026-03-12 19:52:26 UTC,"en,es","en,es",1920,/home/x/deco/gamma/projects/distillation/translation/runs/translategemma4b_es_en_gemma3_1b_stagea_goldgrid_rows1920_bf16_20260310T224540Z/inputs/train_pairs.rows1920.merged.jsonl,A_then_B,4000,4000,0,0.0000,0.0000,1.0000,0.2000,/home/x/.cache/huggingface/hub/models--google--translategemma-4b-it/snapshots/10042cb0e6e7fdce748996a71dc3dc432a4e0c89,/home/x/.cache/huggingface/hub/models--google--gemma-3-1b-it/snapshots/dcc83ea841ab6100d6b47a070329e1ba4cf78752,false,false,None,,,false,"selected_checkpoint_missing,student_model_missing",,stage_a__checkpoint-002000,stage_a,checkpoint-002000,greedy,greedy,0.0000,1.0000,50,/home/x/deco/gamma/projects/distillation/translation/runs/translategemma4b_es_en_gemma3_1b_stagea_goldgrid_rows1920_bf16_20260310T224540Z/stage_a/checkpoint-002000,false,causal-chat,gemma_causal_lm,translategemma,cuda,bfloat16,/home/x/deco/gamma/projects/distillation/translation/runs/translategemma4b_es_en_gemma3_1b_stagea_goldgrid_rows1920_bf16_20260310T224540Z/stage_a/checkpoint-002000,,/home/x/.cache/huggingface/hub/models--google--translategemma-4b-it/snapshots/10042cb0e6e7fdce748996a71dc3dc432a4e0c89,,false,false,,,,,31.5806,57.6369,,/home/x/deco/gamma/projects/distillation/translation/training_data/translate_distill_pairs.eval2_wmt13_enes_128.jsonl,attempt_01_cuda,30.4560,56.0431,,64,31.2002,59.5491,,64,128,56.2174,72.9556,,/home/x/deco/gamma/projects/distillation/translation/training_data/translate_distill_pairs.eval3_indomain_clean_merged_128.jsonl,attempt_01_cuda,58.3441,72.6763,,64,53.5744,73.2956,,64,128,,0,-24.6368
translategemma4b_es_en_gemma3_1b_stagea_goldgrid_rows1920_bf16_20260310T220428Z,completed,train_summary,2026-03-10 22:29:00 UTC,2026-03-12 19:52:26 UTC,"en,es","en,es",1920,/home/x/deco/gamma/projects/distillation/translation/runs/translategemma4b_es_en_gemma3_1b_stagea_goldgrid_rows1920_bf16_20260310T220428Z/inputs/train_pairs.rows1920.merged.jsonl,A_then_B,4000,4000,0,0.0000,0.0000,1.0000,0.2000,/home/x/.cache/huggingface/hub/models--google--translategemma-4b-it/snapshots/10042cb0e6e7fdce748996a71dc3dc432a4e0c89,/home/x/.cache/huggingface/hub/models--google--gemma-3-1b-it/snapshots/dcc83ea841ab6100d6b47a070329e1ba4cf78752,false,false,None,,,false,"selected_checkpoint_missing,student_model_missing",,stage_a__checkpoint-004000,stage_a,checkpoint-004000,greedy,greedy,0.0000,1.0000,50,/home/x/deco/gamma/projects/distillation/translation/runs/translategemma4b_es_en_gemma3_1b_stagea_goldgrid_rows1920_bf16_20260310T220428Z/stage_a/checkpoint-004000,false,causal-chat,gemma_causal_lm,translategemma,cuda,bfloat16,/home/x/deco/gamma/projects/distillation/translation/runs/translategemma4b_es_en_gemma3_1b_stagea_goldgrid_rows1920_bf16_20260310T220428Z/stage_a/checkpoint-004000,,/home/x/.cache/huggingface/hub/models--google--translategemma-4b-it/snapshots/10042cb0e6e7fdce748996a71dc3dc432a4e0c89,,false,false,,,,,31.1961,58.6270,,/home/x/deco/gamma/projects/distillation/translation/training_data/translate_distill_pairs.eval2_wmt13_enes_128.jsonl,attempt_01_cuda,28.7368,56.4207,,64,31.8123,61.2724,,64,128,55.0061,72.0381,,/home/x/deco/gamma/projects/distillation/translation/training_data/translate_distill_pairs.eval3_indomain_clean_merged_128.jsonl,eval3_indomain_clean__checkpoint-004000__greedy,59.2062,72.6636,,64,49.7417,71.2771,,64,128,,0,-23.8100
translategemma4b_es_en_gemma3_1b_stagea_goldgrid_rows1920_bf16_20260310T220428Z,completed,train_summary,2026-03-10 22:29:00 UTC,2026-03-12 19:52:26 UTC,"en,es","en,es",1920,/home/x/deco/gamma/projects/distillation/translation/runs/translategemma4b_es_en_gemma3_1b_stagea_goldgrid_rows1920_bf16_20260310T220428Z/inputs/train_pairs.rows1920.merged.jsonl,A_then_B,4000,4000,0,0.0000,0.0000,1.0000,0.2000,/home/x/.cache/huggingface/hub/models--google--translategemma-4b-it/snapshots/10042cb0e6e7fdce748996a71dc3dc432a4e0c89,/home/x/.cache/huggingface/hub/models--google--gemma-3-1b-it/snapshots/dcc83ea841ab6100d6b47a070329e1ba4cf78752,false,false,None,,,false,"selected_checkpoint_missing,student_model_missing",,stage_a__checkpoint-002000,stage_a,checkpoint-002000,greedy,greedy,0.0000,1.0000,50,/home/x/deco/gamma/projects/distillation/translation/runs/translategemma4b_es_en_gemma3_1b_stagea_goldgrid_rows1920_bf16_20260310T220428Z/stage_a/checkpoint-002000,false,causal-chat,gemma_causal_lm,translategemma,cuda,bfloat16,/home/x/deco/gamma/projects/distillation/translation/runs/translategemma4b_es_en_gemma3_1b_stagea_goldgrid_rows1920_bf16_20260310T220428Z/stage_a/checkpoint-002000,,/home/x/.cache/huggingface/hub/models--google--translategemma-4b-it/snapshots/10042cb0e6e7fdce748996a71dc3dc432a4e0c89,,false,false,,,,,30.6605,57.3865,,/home/x/deco/gamma/projects/distillation/translation/training_data/translate_distill_pairs.eval2_wmt13_enes_128.jsonl,eval2_external__checkpoint-002000__greedy,27.7820,55.1195,,64,32.5716,60.1172,,64,128,54.1942,71.4519,,/home/x/deco/gamma/projects/distillation/translation/training_data/translate_distill_pairs.eval3_indomain_clean_merged_128.jsonl,eval3_indomain_clean__checkpoint-002000__greedy,56.0480,70.8934,,64,51.8220,72.1317,,64,128,,0,-23.5337
translategemma4b_es_en_gemma3_1b_stagea_goldgrid_rows1920_bf16_20260310T212318Z,completed,train_summary,2026-03-10 21:47:52 UTC,2026-03-12 19:52:26 UTC,"en,es","en,es",1920,/home/x/deco/gamma/projects/distillation/translation/runs/translategemma4b_es_en_gemma3_1b_stagea_goldgrid_rows1920_bf16_20260310T212318Z/inputs/train_pairs.rows1920.merged.jsonl,A_then_B,4000,4000,0,0.0000,0.0000,1.0000,0.2000,/home/x/.cache/huggingface/hub/models--google--translategemma-4b-it/snapshots/10042cb0e6e7fdce748996a71dc3dc432a4e0c89,/home/x/.cache/huggingface/hub/models--google--gemma-3-1b-it/snapshots/dcc83ea841ab6100d6b47a070329e1ba4cf78752,false,false,None,,,false,"selected_checkpoint_missing,student_model_missing",,stage_a__checkpoint-004000,stage_a,checkpoint-004000,greedy,greedy,0.0000,1.0000,50,/home/x/deco/gamma/projects/distillation/translation/runs/translategemma4b_es_en_gemma3_1b_stagea_goldgrid_rows1920_bf16_20260310T212318Z/stage_a/checkpoint-004000,false,causal-chat,gemma_causal_lm,translategemma,cuda,bfloat16,/home/x/deco/gamma/projects/distillation/translation/runs/translategemma4b_es_en_gemma3_1b_stagea_goldgrid_rows1920_bf16_20260310T212318Z/stage_a/checkpoint-004000,,/home/x/.cache/huggingface/hub/models--google--translategemma-4b-it/snapshots/10042cb0e6e7fdce748996a71dc3dc432a4e0c89,,false,false,,,,,31.9598,59.3118,,/home/x/deco/gamma/projects/distillation/translation/training_data/translate_distill_pairs.eval2_wmt13_enes_128.jsonl,attempt_01_cuda,29.6859,57.6570,,64,31.8712,61.2986,,64,128,54.6568,72.0550,,/home/x/deco/gamma/projects/distillation/translation/training_data/translate_distill_pairs.eval3_indomain_clean_merged_128.jsonl,attempt_01_cuda,58.6419,72.4101,,64,49.6851,71.6228,,64,128,,0,-22.6970
translategemma4b_es_en_gemma3_1b_stagea_goldgrid_rows1920_bf16_20260310T212318Z,completed,train_summary,2026-03-10 21:47:52 UTC,2026-03-12 19:52:26 UTC,"en,es","en,es",1920,/home/x/deco/gamma/projects/distillation/translation/runs/translategemma4b_es_en_gemma3_1b_stagea_goldgrid_rows1920_bf16_20260310T212318Z/inputs/train_pairs.rows1920.merged.jsonl,A_then_B,4000,4000,0,0.0000,0.0000,1.0000,0.2000,/home/x/.cache/huggingface/hub/models--google--translategemma-4b-it/snapshots/10042cb0e6e7fdce748996a71dc3dc432a4e0c89,/home/x/.cache/huggingface/hub/models--google--gemma-3-1b-it/snapshots/dcc83ea841ab6100d6b47a070329e1ba4cf78752,false,false,None,,,false,"selected_checkpoint_missing,student_model_missing",,stage_a__checkpoint-002000,stage_a,checkpoint-002000,greedy,greedy,0.0000,1.0000,50,/home/x/deco/gamma/projects/distillation/translation/runs/translategemma4b_es_en_gemma3_1b_stagea_goldgrid_rows1920_bf16_20260310T212318Z/stage_a/checkpoint-002000,false,causal-chat,gemma_causal_lm,translategemma,cuda,bfloat16,/home/x/deco/gamma/projects/distillation/translation/runs/translategemma4b_es_en_gemma3_1b_stagea_goldgrid_rows1920_bf16_20260310T212318Z/stage_a/checkpoint-002000,,/home/x/.cache/huggingface/hub/models--google--translategemma-4b-it/snapshots/10042cb0e6e7fdce748996a71dc3dc432a4e0c89,,false,false,,,,,31.2176,58.6350,,/home/x/deco/gamma/projects/distillation/translation/training_data/translate_distill_pairs.eval2_wmt13_enes_128.jsonl,eval2_external__checkpoint-002000__greedy,28.1102,56.5213,,64,32.5879,61.1752,,64,128,54.8412,72.0276,,/home/x/deco/gamma/projects/distillation/translation/training_data/translate_distill_pairs.eval3_indomain_clean_merged_128.jsonl,eval3_indomain_clean__checkpoint-002000__greedy,58.8973,72.4551,,64,49.7904,71.5077,,64,128,,0,-23.6236
translategemma4b_es_en_gemma3_1b_stagea_goldgrid_rows1920_bf16_20260310T203554Z,completed,train_summary,2026-03-10 21:00:19 UTC,2026-03-12 19:52:26 UTC,"en,es","en,es",1920,/home/x/deco/gamma/projects/distillation/translation/runs/translategemma4b_es_en_gemma3_1b_stagea_goldgrid_rows1920_bf16_20260310T203554Z/inputs/train_pairs.rows1920.merged.jsonl,A_then_B,4000,4000,0,0.0000,0.0000,1.0000,0.2000,/home/x/.cache/huggingface/hub/models--google--translategemma-4b-it/snapshots/10042cb0e6e7fdce748996a71dc3dc432a4e0c89,/home/x/.cache/huggingface/hub/models--google--gemma-3-1b-it/snapshots/dcc83ea841ab6100d6b47a070329e1ba4cf78752,false,false,None,,,false,"selected_checkpoint_missing,student_model_missing",,stage_a__checkpoint-004000,stage_a,checkpoint-004000,greedy,greedy,0.0000,1.0000,50,/home/x/deco/gamma/projects/distillation/translation/runs/translategemma4b_es_en_gemma3_1b_stagea_goldgrid_rows1920_bf16_20260310T203554Z/stage_a/checkpoint-004000,false,causal-chat,gemma_causal_lm,translategemma,cuda,bfloat16,/home/x/deco/gamma/projects/distillation/translation/runs/translategemma4b_es_en_gemma3_1b_stagea_goldgrid_rows1920_bf16_20260310T203554Z/stage_a/checkpoint-004000,,/home/x/.cache/huggingface/hub/models--google--translategemma-4b-it/snapshots/10042cb0e6e7fdce748996a71dc3dc432a4e0c89,,false,false,,,,,31.0910,58.4055,,/home/x/deco/gamma/projects/distillation/translation/training_data/translate_distill_pairs.eval2_wmt13_enes_128.jsonl,attempt_01_cuda,28.9530,56.8961,,64,31.3259,60.2153,,64,128,53.5193,72.7240,,/home/x/deco/gamma/projects/distillation/translation/training_data/translate_distill_pairs.eval3_indomain_clean_merged_128.jsonl,attempt_01_cuda,58.1268,74.0744,,64,47.8325,71.0784,,64,128,,0,-22.4283
translategemma4b_es_en_gemma3_1b_stagea_goldgrid_rows1920_bf16_20260310T203554Z,completed,train_summary,2026-03-10 21:00:19 UTC,2026-03-12 19:52:26 UTC,"en,es","en,es",1920,/home/x/deco/gamma/projects/distillation/translation/runs/translategemma4b_es_en_gemma3_1b_stagea_goldgrid_rows1920_bf16_20260310T203554Z/inputs/train_pairs.rows1920.merged.jsonl,A_then_B,4000,4000,0,0.0000,0.0000,1.0000,0.2000,/home/x/.cache/huggingface/hub/models--google--translategemma-4b-it/snapshots/10042cb0e6e7fdce748996a71dc3dc432a4e0c89,/home/x/.cache/huggingface/hub/models--google--gemma-3-1b-it/snapshots/dcc83ea841ab6100d6b47a070329e1ba4cf78752,false,false,None,,,false,"selected_checkpoint_missing,student_model_missing",,stage_a__checkpoint-002000,stage_a,checkpoint-002000,greedy,greedy,0.0000,1.0000,50,/home/x/deco/gamma/projects/distillation/translation/runs/translategemma4b_es_en_gemma3_1b_stagea_goldgrid_rows1920_bf16_20260310T203554Z/stage_a/checkpoint-002000,false,causal-chat,gemma_causal_lm,translategemma,cuda,bfloat16,/home/x/deco/gamma/projects/distillation/translation/runs/translategemma4b_es_en_gemma3_1b_stagea_goldgrid_rows1920_bf16_20260310T203554Z/stage_a/checkpoint-002000,,/home/x/.cache/huggingface/hub/models--google--translategemma-4b-it/snapshots/10042cb0e6e7fdce748996a71dc3dc432a4e0c89,,false,false,,,,,30.2975,58.3705,,/home/x/deco/gamma/projects/distillation/translation/training_data/translate_distill_pairs.eval2_wmt13_enes_128.jsonl,attempt_01_cuda,27.5466,56.1491,,64,30.7637,61.0196,,64,128,53.4297,72.6389,,/home/x/deco/gamma/projects/distillation/translation/training_data/translate_distill_pairs.eval3_indomain_clean_merged_128.jsonl,attempt_01_cuda,57.5412,73.5826,,64,48.2697,71.4868,,64,128,,0,-23.1322
translategemma4b_es_en_gemma3_1b_stagea_goldgrid_rows1920_bf16_20260310T192822Z,completed,train_summary,2026-03-10 19:52:47 UTC,2026-03-12 19:52:26 UTC,"en,es","en,es",1920,/home/x/deco/gamma/projects/distillation/translation/runs/translategemma4b_es_en_gemma3_1b_stagea_goldgrid_rows1920_bf16_20260310T192822Z/inputs/train_pairs.rows1920.merged.jsonl,A_then_B,4000,4000,0,0.0000,0.0000,1.0000,0.2000,/home/x/.cache/huggingface/hub/models--google--translategemma-4b-it/snapshots/10042cb0e6e7fdce748996a71dc3dc432a4e0c89,/home/x/.cache/huggingface/hub/models--google--gemma-3-1b-it/snapshots/dcc83ea841ab6100d6b47a070329e1ba4cf78752,false,false,None,,,false,"selected_checkpoint_missing,student_model_missing",,stage_a__checkpoint-004000,stage_a,checkpoint-004000,greedy,greedy,0.0000,1.0000,50,/home/x/deco/gamma/projects/distillation/translation/runs/translategemma4b_es_en_gemma3_1b_stagea_goldgrid_rows1920_bf16_20260310T192822Z/stage_a/checkpoint-004000,false,causal-chat,gemma_causal_lm,translategemma,cuda,bfloat16,/home/x/deco/gamma/projects/distillation/translation/runs/translategemma4b_es_en_gemma3_1b_stagea_goldgrid_rows1920_bf16_20260310T192822Z/stage_a/checkpoint-004000,,/home/x/.cache/huggingface/hub/models--google--translategemma-4b-it/snapshots/10042cb0e6e7fdce748996a71dc3dc432a4e0c89,,false,false,,,,,31.0039,58.1323,,/home/x/deco/gamma/projects/distillation/translation/training_data/translate_distill_pairs.eval2_wmt13_enes_128.jsonl,attempt_01_cuda,28.6763,56.4081,,64,30.6389,60.1888,,64,128,53.6107,72.5728,,/home/x/deco/gamma/projects/distillation/translation/training_data/translate_distill_pairs.eval3_indomain_clean_merged_128.jsonl,attempt_01_cuda,56.9498,73.6198,,64,49.5939,71.3007,,64,128,,0,-22.6068
translategemma4b_es_en_gemma3_1b_stagea_goldgrid_rows1920_bf16_20260310T192822Z,completed,train_summary,2026-03-10 19:52:47 UTC,2026-03-12 19:52:26 UTC,"en,es","en,es",1920,/home/x/deco/gamma/projects/distillation/translation/runs/translategemma4b_es_en_gemma3_1b_stagea_goldgrid_rows1920_bf16_20260310T192822Z/inputs/train_pairs.rows1920.merged.jsonl,A_then_B,4000,4000,0,0.0000,0.0000,1.0000,0.2000,/home/x/.cache/huggingface/hub/models--google--translategemma-4b-it/snapshots/10042cb0e6e7fdce748996a71dc3dc432a4e0c89,/home/x/.cache/huggingface/hub/models--google--gemma-3-1b-it/snapshots/dcc83ea841ab6100d6b47a070329e1ba4cf78752,false,false,None,,,false,"selected_checkpoint_missing,student_model_missing",,stage_a__checkpoint-002000,stage_a,checkpoint-002000,greedy,greedy,0.0000,1.0000,50,/home/x/deco/gamma/projects/distillation/translation/runs/translategemma4b_es_en_gemma3_1b_stagea_goldgrid_rows1920_bf16_20260310T192822Z/stage_a/checkpoint-002000,false,causal-chat,gemma_causal_lm,translategemma,cuda,bfloat16,/home/x/deco/gamma/projects/distillation/translation/runs/translategemma4b_es_en_gemma3_1b_stagea_goldgrid_rows1920_bf16_20260310T192822Z/stage_a/checkpoint-002000,,/home/x/.cache/huggingface/hub/models--google--translategemma-4b-it/snapshots/10042cb0e6e7fdce748996a71dc3dc432a4e0c89,,false,false,,,,,31.1363,57.6913,,/home/x/deco/gamma/projects/distillation/translation/training_data/translate_distill_pairs.eval2_wmt13_enes_128.jsonl,eval2_external__checkpoint-002000__greedy,28.6397,55.7669,,64,30.8726,59.9815,,64,128,52.9668,72.3839,,/home/x/deco/gamma/projects/distillation/translation/training_data/translate_distill_pairs.eval3_indomain_clean_merged_128.jsonl,eval3_indomain_clean__checkpoint-002000__greedy,56.4259,73.4647,,64,48.7838,71.0682,,64,128,,0,-21.8305
baseline__google__gemma-3-1b-it__2026-03-10T135924Z,baseline,baseline_manifest,2026-03-10 13:59:24 UTC,2026-03-10 14:09:41 UTC,"en,es","en,es",,baseline,baseline,,,,,,,,,google/gemma-3-1b-it,,false,,,,,ok,,final,final,,greedy,greedy,0.0000,1.0000,50,google/gemma-3-1b-it,,causal-chat,gemma_causal_lm,translategemma,cuda,bfloat16,google/gemma-3-1b-it,main,google/gemma-3-1b-it,main,false,true,Gemma 3 1B IT,,1B,gemma,0.0315,15.7204,,/home/x/deco/gamma/projects/distillation/translation/training_data/translate_distill_pairs.eval2_wmt13_enes_128.jsonl,eval2_external__final__greedy,0.0439,16.4574,,64,0.0452,14.9120,,64,128,0.9504,21.3408,,/home/x/deco/gamma/projects/distillation/translation/training_data/translate_distill_pairs.eval3_indomain_clean_merged_128.jsonl,eval3_indomain_clean__final__greedy,0.5961,20.9844,,64,1.3883,21.7828,,64,128,,0,-0.9189
baseline__google__translategemma-4b-it__2026-03-10T134941Z,baseline,baseline_manifest,2026-03-10 13:49:41 UTC,2026-03-10 13:58:27 UTC,"en,es","en,es",,baseline,baseline,,,,,,,,,google/translategemma-4b-it,,false,,,,,ok,,final,final,,greedy,greedy,0.0000,1.0000,50,google/translategemma-4b-it,,causal-chat,gemma_causal_lm,translategemma,cuda,bfloat16,google/translategemma-4b-it,main,google/translategemma-4b-it,main,false,true,TranslateGemma 4B IT,,4B,gemma,34.0474,61.0088,,/home/x/deco/gamma/projects/distillation/translation/training_data/translate_distill_pairs.eval2_wmt13_enes_128.jsonl,eval2_external__final__greedy,32.5667,59.1233,,64,34.2776,63.2795,,64,128,45.5415,70.9157,,/home/x/deco/gamma/projects/distillation/translation/training_data/translate_distill_pairs.eval3_indomain_clean_merged_128.jsonl,eval3_indomain_clean__final__greedy,51.4094,73.0995,,64,37.8294,68.2249,,64,128,,0,-11.4941
baseline__facebook__m2m100_1.2b__2026-03-10T025214Z,baseline,baseline_manifest,2026-03-10 02:52:14 UTC,2026-03-10 03:02:03 UTC,"en,es","en,es",,baseline,baseline,,,,,,,,,facebook/m2m100_1.2B,,false,,,,,ok,,final,final,,greedy,greedy,0.0000,1.0000,50,facebook/m2m100_1.2B,,seq2seq,m2m100_seq2seq,m2m100,cpu,float32,facebook/m2m100_1.2B,main,facebook/m2m100_1.2B,main,false,true,M2M100 1.2B,2,1.2B,mit,36.8589,61.7235,,/home/x/deco/gamma/projects/distillation/translation/training_data/translate_distill_pairs.eval2_wmt13_enes_128.jsonl,eval2_external__final__greedy,34.1159,59.4015,,64,36.9357,64.5058,,64,128,60.3346,76.8958,,/home/x/deco/gamma/projects/distillation/translation/training_data/translate_distill_pairs.eval3_indomain_clean_merged_128.jsonl,eval3_indomain_clean__final__greedy,60.6586,76.9802,,64,59.8962,76.7931,,64,128,,0,-23.4757
baseline__facebook__nllb-200-distilled-1.3b__2026-03-10T023424Z,baseline,baseline_manifest,2026-03-10 02:34:24 UTC,2026-03-10 02:40:31 UTC,"en,es","en,es",,baseline,baseline,,,,,,,,,facebook/nllb-200-distilled-1.3B,,false,,,,,ok,,final,final,,greedy,greedy,0.0000,1.0000,50,facebook/nllb-200-distilled-1.3B,,seq2seq,nllb_seq2seq,nllb,cpu,float32,facebook/nllb-200-distilled-1.3B,main,facebook/nllb-200-distilled-1.3B,main,false,true,NLLB 200 Distilled 1.3B,1,1.3B,cc-by-nc-4.0,37.9870,62.9284,,/home/x/deco/gamma/projects/distillation/translation/training_data/translate_distill_pairs.eval2_wmt13_enes_128.jsonl,eval2_external__final__greedy,36.0834,61.5609,,64,39.7129,64.5943,,64,128,58.8747,76.8520,,/home/x/deco/gamma/projects/distillation/translation/training_data/translate_distill_pairs.eval3_indomain_clean_merged_128.jsonl,eval3_indomain_clean__final__greedy,63.5161,78.0434,,64,53.1136,75.3928,,64,128,,0,-20.8877
baseline__helsinki-nlp__opus-mt-es-en__2026-03-10T022943Z,baseline,baseline_manifest,2026-03-10 02:29:43 UTC,2026-03-10 02:29:56 UTC,es,en,,baseline,baseline,,,,,,,,,Helsinki-NLP/opus-mt-es-en,,false,,,,,ok,,final,final,,greedy,greedy,0.0000,1.0000,50,Helsinki-NLP/opus-mt-es-en,,seq2seq,marian_seq2seq,marian,cpu,float32,Helsinki-NLP/opus-mt-es-en,main,Helsinki-NLP/opus-mt-es-en,main,false,true,OPUS MT ES-EN,3,74M,apache-2.0,37.2022,65.1621,,/home/x/deco/gamma/projects/distillation/translation/training_data/translate_distill_pairs.eval2_wmt13_enes_128.jsonl,eval2_external__final__greedy,,,,,37.2022,65.1621,,64,64,58.5298,76.7342,,/home/x/deco/gamma/projects/distillation/translation/training_data/translate_distill_pairs.eval3_indomain_clean_merged_128.jsonl,eval3_indomain_clean__final__greedy,,,,,58.5298,76.7342,,64,64,,0,-21.3276
baseline__helsinki-nlp__opus-mt-en-es__2026-03-10T020411Z,baseline,baseline_manifest,2026-03-10 02:04:11 UTC,2026-03-10 02:05:51 UTC,en,es,,baseline,baseline,,,,,,,,,Helsinki-NLP/opus-mt-en-es,,false,,,,,ok,,final,final,,greedy,greedy,0.0000,1.0000,50,Helsinki-NLP/opus-mt-en-es,,seq2seq,marian_seq2seq,marian,cuda,bfloat16,Helsinki-NLP/opus-mt-en-es,main,Helsinki-NLP/opus-mt-en-es,main,false,true,OPUS MT EN-ES,3,74M,apache-2.0,35.6963,61.7223,,/home/x/deco/gamma/projects/distillation/translation/training_data/translate_distill_pairs.eval2_wmt13_enes_128.jsonl,eval2_external__final__greedy,35.6963,61.7223,,64,,,,,64,61.2861,76.7630,,/home/x/deco/gamma/projects/distillation/translation/training_data/translate_distill_pairs.eval3_indomain_clean_merged_128.jsonl,eval3_indomain_clean__final__greedy,61.2861,76.7630,,64,,,,,64,,0,-25.5898
baseline__google__gemma-3-1b-it__2026-03-10T020400Z,baseline,baseline_manifest,2026-03-10 02:04:00 UTC,2026-03-10 02:09:08 UTC,"en,es","en,es",,baseline,baseline,,,,,,,,,google/gemma-3-1b-it,,false,,,,,ok,,final,final,,greedy,greedy,0.0000,1.0000,50,google/gemma-3-1b-it,,causal-chat,gemma_causal_lm,translategemma,cuda,bfloat16,google/gemma-3-1b-it,main,google/gemma-3-1b-it,main,false,true,Gemma 3 1B IT,,1B,gemma,0.0285,15.4027,,/home/x/deco/gamma/projects/distillation/translation/training_data/translate_distill_pairs.eval2_wmt13_enes_128.jsonl,eval2_external__final__greedy,0.0404,16.3943,,64,0.0402,14.3341,,64,128,1.2862,21.3217,,/home/x/deco/gamma/projects/distillation/translation/training_data/translate_distill_pairs.eval3_indomain_clean_merged_128.jsonl,eval3_indomain_clean__final__greedy,1.0249,21.2576,,64,1.6540,21.4049,,64,128,,0,-1.2577
translategemma4b_es_en_gemma3_1b_stagea_goldgrid_rows1920_bf16_20260310T013436Z,completed,train_summary,2026-03-10 02:03:25 UTC,2026-03-12 19:52:26 UTC,"en,es","en,es",1920,/home/x/deco/gamma/projects/distillation/translation/runs/translategemma4b_es_en_gemma3_1b_stagea_goldgrid_rows1920_bf16_20260310T013436Z/inputs/train_pairs.rows1920.merged.jsonl,A_then_B,4000,4000,0,0.0000,0.0000,1.0000,0.2000,/home/x/.cache/huggingface/hub/models--google--translategemma-4b-it/snapshots/10042cb0e6e7fdce748996a71dc3dc432a4e0c89,/home/x/.cache/huggingface/hub/models--google--gemma-3-1b-it/snapshots/dcc83ea841ab6100d6b47a070329e1ba4cf78752,false,false,None,,,false,"selected_checkpoint_missing,student_model_missing",,stage_a__checkpoint-004000,stage_a,checkpoint-004000,greedy,greedy,0.0000,1.0000,50,/home/x/deco/gamma/projects/distillation/translation/runs/translategemma4b_es_en_gemma3_1b_stagea_goldgrid_rows1920_bf16_20260310T013436Z/stage_a/checkpoint-004000,false,causal-chat,gemma_causal_lm,translategemma,cuda,bfloat16,/home/x/deco/gamma/projects/distillation/translation/runs/translategemma4b_es_en_gemma3_1b_stagea_goldgrid_rows1920_bf16_20260310T013436Z/stage_a/checkpoint-004000,,/home/x/.cache/huggingface/hub/models--google--translategemma-4b-it/snapshots/10042cb0e6e7fdce748996a71dc3dc432a4e0c89,,false,false,,,,,28.4786,56.7284,,/home/x/deco/gamma/projects/distillation/translation/training_data/translate_distill_pairs.eval2_wmt13_enes_128.jsonl,eval2_external__checkpoint-004000__greedy,26.3986,54.0991,,64,30.8090,59.9112,,64,128,51.7370,70.4927,,/home/x/deco/gamma/projects/distillation/translation/training_data/translate_distill_pairs.eval3_indomain_clean_merged_128.jsonl,eval3_indomain_clean__checkpoint-004000__greedy,57.0078,71.5155,,64,45.2240,69.2504,,64,128,,0,-23.2584
translategemma4b_es_en_gemma3_1b_stagea_goldgrid_rows1920_bf16_20260310T013436Z,completed,train_summary,2026-03-10 02:03:25 UTC,2026-03-12 19:52:26 UTC,"en,es","en,es",1920,/home/x/deco/gamma/projects/distillation/translation/runs/translategemma4b_es_en_gemma3_1b_stagea_goldgrid_rows1920_bf16_20260310T013436Z/inputs/train_pairs.rows1920.merged.jsonl,A_then_B,4000,4000,0,0.0000,0.0000,1.0000,0.2000,/home/x/.cache/huggingface/hub/models--google--translategemma-4b-it/snapshots/10042cb0e6e7fdce748996a71dc3dc432a4e0c89,/home/x/.cache/huggingface/hub/models--google--gemma-3-1b-it/snapshots/dcc83ea841ab6100d6b47a070329e1ba4cf78752,false,false,None,,,false,"selected_checkpoint_missing,student_model_missing",,stage_a__checkpoint-002000,stage_a,checkpoint-002000,greedy,greedy,0.0000,1.0000,50,/home/x/deco/gamma/projects/distillation/translation/runs/translategemma4b_es_en_gemma3_1b_stagea_goldgrid_rows1920_bf16_20260310T013436Z/stage_a/checkpoint-002000,false,causal-chat,gemma_causal_lm,causal-chat,cuda,bfloat16,/home/x/deco/gamma/projects/distillation/translation/runs/translategemma4b_es_en_gemma3_1b_stagea_goldgrid_rows1920_bf16_20260310T013436Z/stage_a/checkpoint-002000,,/home/x/.cache/huggingface/hub/models--google--translategemma-4b-it/snapshots/10042cb0e6e7fdce748996a71dc3dc432a4e0c89,,false,false,,,,,24.8029,55.7317,,/home/x/deco/gamma/projects/distillation/translation/training_data/translate_distill_pairs.eval2_wmt13_enes_128.jsonl,eval2_external__checkpoint-002000__greedy,22.7176,53.5447,,64,27.1884,58.3761,,64,128,52.7402,70.5829,,/home/x/deco/gamma/projects/distillation/translation/training_data/translate_distill_pairs.eval3_indomain_clean_merged_128.jsonl,eval3_indomain_clean__checkpoint-002000__greedy,56.7389,71.0802,,64,46.8023,69.9786,,64,128,,0,-27.9373
baseline__facebook__nllb-200-distilled-600m__2026-03-10T014951Z,baseline,baseline_manifest,2026-03-10 01:49:51 UTC,2026-03-10 02:03:26 UTC,"en,es","en,es",,baseline,baseline,,,,,,,,,facebook/nllb-200-distilled-600M,,false,,,,,ok,,default,,,greedy,greedy,0.0000,1.0000,50,facebook/nllb-200-distilled-600M,,seq2seq,nllb_seq2seq,nllb,cuda,bfloat16,facebook/nllb-200-distilled-600M,main,facebook/nllb-200-distilled-600M,main,false,true,NLLB 200 Distilled 600M,2,600M,cc-by-nc-4.0,38.4519,63.2696,,/home/x/deco/gamma/projects/distillation/translation/training_data/translate_distill_pairs.eval2_wmt13_enes_128.jsonl,eval2_external__greedy,37.0228,61.6690,,64,38.0987,65.2004,,64,128,59.4292,76.3280,,/home/x/deco/gamma/projects/distillation/translation/training_data/translate_distill_pairs.eval3_indomain_clean_merged_128.jsonl,eval3_indomain_clean__greedy,63.7921,77.5126,,64,53.9625,74.8807,,64,128,,0,-20.9773
baseline__google__translategemma-4b-it__2026-03-10T014945Z,baseline,baseline_manifest,2026-03-10 01:49:45 UTC,2026-03-10 02:03:26 UTC,"en,es","en,es",,baseline,baseline,,,,,,,,,google/translategemma-4b-it,,false,,,,,ok,,default,,,greedy,greedy,0.0000,1.0000,50,google/translategemma-4b-it,,causal-chat,gemma_causal_lm,translategemma,cuda,bfloat16,google/translategemma-4b-it,main,google/translategemma-4b-it,main,false,true,TranslateGemma 4B IT,,4B,gemma,22.6563,56.8741,,/home/x/deco/gamma/projects/distillation/translation/training_data/translate_distill_pairs.eval2_wmt13_enes_128.jsonl,eval2_external__greedy,24.0766,56.8025,,64,21.3060,56.9577,,64,128,35.6382,67.9067,,/home/x/deco/gamma/projects/distillation/translation/training_data/translate_distill_pairs.eval3_indomain_clean_merged_128.jsonl,eval3_indomain_clean__greedy,39.6114,69.9316,,64,30.3643,65.4033,,64,128,,0,-12.9819
translategemma4b_es_en_gemma3_1b_stagea_goldgrid_rows1920_bf16_20260310T005321Z,completed,train_summary,2026-03-10 01:17:52 UTC,2026-03-12 19:52:26 UTC,"en,es","en,es",1920,/home/x/deco/gamma/projects/distillation/translation/runs/translategemma4b_es_en_gemma3_1b_stagea_goldgrid_rows1920_bf16_20260310T005321Z/inputs/train_pairs.rows1920.merged.jsonl,A_then_B,4000,4000,0,0.0000,0.0000,1.0000,0.2000,/home/x/.cache/huggingface/hub/models--google--translategemma-4b-it/snapshots/10042cb0e6e7fdce748996a71dc3dc432a4e0c89,/home/x/.cache/huggingface/hub/models--google--gemma-3-1b-it/snapshots/dcc83ea841ab6100d6b47a070329e1ba4cf78752,false,false,None,,,false,"selected_checkpoint_missing,student_model_missing",,stage_a__checkpoint-004000,stage_a,checkpoint-004000,greedy,greedy,0.0000,1.0000,50,/home/x/deco/gamma/projects/distillation/translation/runs/translategemma4b_es_en_gemma3_1b_stagea_goldgrid_rows1920_bf16_20260310T005321Z/stage_a/checkpoint-004000,false,causal-chat,gemma_causal_lm,causal-chat,cuda,bfloat16,/home/x/deco/gamma/projects/distillation/translation/runs/translategemma4b_es_en_gemma3_1b_stagea_goldgrid_rows1920_bf16_20260310T005321Z/stage_a/checkpoint-004000,,/home/x/.cache/huggingface/hub/models--google--translategemma-4b-it/snapshots/10042cb0e6e7fdce748996a71dc3dc432a4e0c89,,false,false,,,,,27.6477,57.7483,,/home/x/deco/gamma/projects/distillation/translation/training_data/translate_distill_pairs.eval2_wmt13_enes_128.jsonl,attempt_01_cuda,27.0265,56.4591,,64,28.2789,59.2904,,64,128,45.8440,70.1927,,/home/x/deco/gamma/projects/distillation/translation/training_data/translate_distill_pairs.eval3_indomain_clean_merged_128.jsonl,attempt_01_cuda,48.3172,70.6265,,64,42.6061,69.6612,,64,128,,0,-18.1963
translategemma4b_es_en_gemma3_1b_stagea_goldgrid_rows1920_bf16_20260310T005321Z,completed,train_summary,2026-03-10 01:17:52 UTC,2026-03-12 19:52:26 UTC,"en,es","en,es",1920,/home/x/deco/gamma/projects/distillation/translation/runs/translategemma4b_es_en_gemma3_1b_stagea_goldgrid_rows1920_bf16_20260310T005321Z/inputs/train_pairs.rows1920.merged.jsonl,A_then_B,4000,4000,0,0.0000,0.0000,1.0000,0.2000,/home/x/.cache/huggingface/hub/models--google--translategemma-4b-it/snapshots/10042cb0e6e7fdce748996a71dc3dc432a4e0c89,/home/x/.cache/huggingface/hub/models--google--gemma-3-1b-it/snapshots/dcc83ea841ab6100d6b47a070329e1ba4cf78752,false,false,None,,,false,"selected_checkpoint_missing,student_model_missing",,stage_a__checkpoint-002000,stage_a,checkpoint-002000,greedy,,,,,/home/x/deco/gamma/projects/distillation/translation/runs/translategemma4b_es_en_gemma3_1b_stagea_goldgrid_rows1920_bf16_20260310T005321Z/stage_a/checkpoint-002000,false,,,,,,,,,,false,false,,,,,26.2465,56.1884,,/home/x/deco/gamma/projects/distillation/translation/training_data/translate_distill_pairs.eval2_wmt13_enes_128.jsonl,eval2_external__checkpoint-002000__greedy,,,,,,,,,,46.5905,69.7971,,/home/x/deco/gamma/projects/distillation/translation/training_data/translate_distill_pairs.eval3_indomain_clean_merged_128.jsonl,eval3_indomain_clean__checkpoint-002000__greedy,,,,,,,,,,,0,-20.3440
translategemma4b_es_en_gemma3_1b_stagea_goldgrid_rows1920_bf16_20260310T001204Z,completed,train_summary,2026-03-10 00:36:37 UTC,2026-03-12 19:52:26 UTC,"en,es","en,es",1920,/home/x/deco/gamma/projects/distillation/translation/runs/translategemma4b_es_en_gemma3_1b_stagea_goldgrid_rows1920_bf16_20260310T001204Z/inputs/train_pairs.rows1920.merged.jsonl,A_then_B,4000,4000,0,0.0000,0.0000,1.0000,0.2000,/home/x/.cache/huggingface/hub/models--google--translategemma-4b-it/snapshots/10042cb0e6e7fdce748996a71dc3dc432a4e0c89,/home/x/.cache/huggingface/hub/models--google--gemma-3-1b-it/snapshots/dcc83ea841ab6100d6b47a070329e1ba4cf78752,false,false,None,,,false,"selected_checkpoint_missing,student_model_missing",,stage_a__checkpoint-004000,stage_a,checkpoint-004000,greedy,,,,,/home/x/deco/gamma/projects/distillation/translation/runs/translategemma4b_es_en_gemma3_1b_stagea_goldgrid_rows1920_bf16_20260310T001204Z/stage_a/checkpoint-004000,false,,,,,,,,,,false,false,,,,,26.8830,57.4844,,/home/x/deco/gamma/projects/distillation/translation/training_data/translate_distill_pairs.eval2_wmt13_enes_128.jsonl,attempt_01_cuda,,,,,,,,,,46.5402,70.9114,,/home/x/deco/gamma/projects/distillation/translation/training_data/translate_distill_pairs.eval3_indomain_clean_merged_128.jsonl,attempt_01_cuda,,,,,,,,,,,0,-19.6572
translategemma4b_es_en_gemma3_1b_stagea_goldgrid_rows1920_bf16_20260310T001204Z,completed,train_summary,2026-03-10 00:36:37 UTC,2026-03-12 19:52:26 UTC,"en,es","en,es",1920,/home/x/deco/gamma/projects/distillation/translation/runs/translategemma4b_es_en_gemma3_1b_stagea_goldgrid_rows1920_bf16_20260310T001204Z/inputs/train_pairs.rows1920.merged.jsonl,A_then_B,4000,4000,0,0.0000,0.0000,1.0000,0.2000,/home/x/.cache/huggingface/hub/models--google--translategemma-4b-it/snapshots/10042cb0e6e7fdce748996a71dc3dc432a4e0c89,/home/x/.cache/huggingface/hub/models--google--gemma-3-1b-it/snapshots/dcc83ea841ab6100d6b47a070329e1ba4cf78752,false,false,None,,,false,"selected_checkpoint_missing,student_model_missing",,stage_a__checkpoint-002000,stage_a,checkpoint-002000,greedy,,,,,/home/x/deco/gamma/projects/distillation/translation/runs/translategemma4b_es_en_gemma3_1b_stagea_goldgrid_rows1920_bf16_20260310T001204Z/stage_a/checkpoint-002000,false,,,,,,,,,,false,false,,,,,27.6770,57.5271,,/home/x/deco/gamma/projects/distillation/translation/training_data/translate_distill_pairs.eval2_wmt13_enes_128.jsonl,eval2_external__checkpoint-002000__greedy,,,,,,,,,,47.8638,71.2799,,/home/x/deco/gamma/projects/distillation/translation/training_data/translate_distill_pairs.eval3_indomain_clean_merged_128.jsonl,eval3_indomain_clean__checkpoint-002000__greedy,,,,,,,,,,,0,-20.1868
translategemma4b_es_en_gemma3_1b_stagea_goldgrid_rows2560_bf16_20260309T195639Z,completed,train_summary,2026-03-09 21:03:12 UTC,2026-03-12 19:52:26 UTC,"en,es","en,es",2560,/home/x/deco/gamma/projects/distillation/translation/runs/translategemma4b_es_en_gemma3_1b_stagea_goldgrid_rows2560_bf16_20260309T195639Z/inputs/train_pairs.rows2560.merged.jsonl,A_then_B,6000,6000,0,0.0000,0.0000,1.0000,0.2000,/home/x/.cache/huggingface/hub/models--google--translategemma-4b-it/snapshots/10042cb0e6e7fdce748996a71dc3dc432a4e0c89,/home/x/deco/gamma/projects/distillation/translation/runs/translategemma4b_es_en_gemma3_1b_stagea_goldgrid_rows2560_bf16_20260309T195639Z/stage_a/checkpoint-002000,false,true,stage_a,/home/x/deco/gamma/projects/distillation/translation/runs/translategemma4b_es_en_gemma3_1b_stagea_goldgrid_rows2560_bf16_20260309T195639Z/stage_a/checkpoint-002000,false,false,"resume_from_missing,selected_checkpoint_missing,student_model_missing",,stage_a__checkpoint-006000,stage_a,checkpoint-006000,greedy,,,,,/home/x/deco/gamma/projects/distillation/translation/runs/translategemma4b_es_en_gemma3_1b_stagea_goldgrid_rows2560_bf16_20260309T195639Z/stage_a/checkpoint-006000,false,,,,,,,,,,false,false,,,,,27.7776,57.8237,,/home/x/deco/gamma/projects/distillation/translation/training_data/translate_distill_pairs.eval2_wmt13_enes_128.jsonl,eval2_external__checkpoint-006000__greedy,,,,,,,,,,48.5998,71.4817,,/home/x/deco/gamma/projects/distillation/translation/training_data/translate_distill_pairs.eval3_indomain_clean_merged_128.jsonl,eval3_indomain_clean__checkpoint-006000__greedy,,,,,,,,,,,0,-20.8222
translategemma4b_es_en_gemma3_1b_stagea_goldgrid_rows2560_bf16_20260309T195639Z,completed,train_summary,2026-03-09 21:03:12 UTC,2026-03-12 19:52:26 UTC,"en,es","en,es",2560,/home/x/deco/gamma/projects/distillation/translation/runs/translategemma4b_es_en_gemma3_1b_stagea_goldgrid_rows2560_bf16_20260309T195639Z/inputs/train_pairs.rows2560.merged.jsonl,A_then_B,6000,6000,0,0.0000,0.0000,1.0000,0.2000,/home/x/.cache/huggingface/hub/models--google--translategemma-4b-it/snapshots/10042cb0e6e7fdce748996a71dc3dc432a4e0c89,/home/x/deco/gamma/projects/distillation/translation/runs/translategemma4b_es_en_gemma3_1b_stagea_goldgrid_rows2560_bf16_20260309T195639Z/stage_a/checkpoint-002000,false,true,stage_a,/home/x/deco/gamma/projects/distillation/translation/runs/translategemma4b_es_en_gemma3_1b_stagea_goldgrid_rows2560_bf16_20260309T195639Z/stage_a/checkpoint-002000,false,false,"resume_from_missing,selected_checkpoint_missing,student_model_missing",,stage_a__checkpoint-004000,stage_a,checkpoint-004000,greedy,,,,,/home/x/deco/gamma/projects/distillation/translation/runs/translategemma4b_es_en_gemma3_1b_stagea_goldgrid_rows2560_bf16_20260309T195639Z/stage_a/checkpoint-004000,false,,,,,,,,,,false,false,,,,,27.9709,57.9468,,/home/x/deco/gamma/projects/distillation/translation/training_data/translate_distill_pairs.eval2_wmt13_enes_128.jsonl,eval2_external__checkpoint-004000__greedy,,,,,,,,,,48.7948,71.7605,,/home/x/deco/gamma/projects/distillation/translation/training_data/translate_distill_pairs.eval3_indomain_clean_merged_128.jsonl,eval3_indomain_clean__checkpoint-004000__greedy,,,,,,,,,,,0,-20.8239
translategemma4b_es_en_gemma3_1b_stagea_goldgrid_rows2560_bf16_20260309T195639Z,completed,train_summary,2026-03-09 21:03:12 UTC,2026-03-12 19:52:26 UTC,"en,es","en,es",2560,/home/x/deco/gamma/projects/distillation/translation/runs/translategemma4b_es_en_gemma3_1b_stagea_goldgrid_rows2560_bf16_20260309T195639Z/inputs/train_pairs.rows2560.merged.jsonl,A_then_B,6000,6000,0,0.0000,0.0000,1.0000,0.2000,/home/x/.cache/huggingface/hub/models--google--translategemma-4b-it/snapshots/10042cb0e6e7fdce748996a71dc3dc432a4e0c89,/home/x/deco/gamma/projects/distillation/translation/runs/translategemma4b_es_en_gemma3_1b_stagea_goldgrid_rows2560_bf16_20260309T195639Z/stage_a/checkpoint-002000,false,true,stage_a,/home/x/deco/gamma/projects/distillation/translation/runs/translategemma4b_es_en_gemma3_1b_stagea_goldgrid_rows2560_bf16_20260309T195639Z/stage_a/checkpoint-002000,false,false,"resume_from_missing,selected_checkpoint_missing,student_model_missing",,stage_a__checkpoint-002000,stage_a,checkpoint-002000,greedy,,,,,/home/x/deco/gamma/projects/distillation/translation/runs/translategemma4b_es_en_gemma3_1b_stagea_goldgrid_rows2560_bf16_20260309T195639Z/stage_a/checkpoint-002000,false,,,,,,,,,,false,false,,,,,27.1509,57.5913,,/home/x/deco/gamma/projects/distillation/translation/training_data/translate_distill_pairs.eval2_wmt13_enes_128.jsonl,eval2_external__checkpoint-002000__greedy,,,,,,,,,,44.6716,70.1758,,/home/x/deco/gamma/projects/distillation/translation/training_data/translate_distill_pairs.eval3_indomain_clean_merged_128.jsonl,eval3_indomain_clean__checkpoint-002000__greedy,,,,,,,,,,,0,-17.5207
translategemma4b_es_en_gemma3_1b_stagea_goldgrid_rows1280_bf16_20260309T185602Z,completed,train_summary,2026-03-09 19:35:26 UTC,2026-03-12 19:52:26 UTC,"en,es","en,es",1280,/home/x/deco/gamma/projects/distillation/translation/training_data/gold/translate_distill_pairs.gold_legacy1280_20260303_b8f685a.jsonl,A_then_B,6000,6000,0,0.0000,0.0000,1.0000,0.2000,/home/x/.cache/huggingface/hub/models--google--translategemma-4b-it/snapshots/10042cb0e6e7fdce748996a71dc3dc432a4e0c89,/home/x/.cache/huggingface/hub/models--google--gemma-3-1b-it/snapshots/dcc83ea841ab6100d6b47a070329e1ba4cf78752,false,false,None,,,false,"selected_checkpoint_missing,student_model_missing",,stage_a__checkpoint-006000,stage_a,checkpoint-006000,greedy,,,,,/home/x/deco/gamma/projects/distillation/translation/runs/translategemma4b_es_en_gemma3_1b_stagea_goldgrid_rows1280_bf16_20260309T185602Z/stage_a/checkpoint-006000,false,,,,,,,,,,false,false,,,,,27.4061,57.1701,,/home/x/deco/gamma/projects/distillation/translation/training_data/translate_distill_pairs.eval2_wmt13_enes_128.jsonl,eval2_external__checkpoint-006000__greedy,,,,,,,,,,47.3852,69.5635,,/home/x/deco/gamma/projects/distillation/translation/training_data/translate_distill_pairs.eval3_indomain_clean_merged_128.jsonl,eval3_indomain_clean__checkpoint-006000__greedy,,,,,,,,,,,0,-19.9791
translategemma4b_es_en_gemma3_1b_stagea_goldgrid_rows1280_bf16_20260309T185602Z,completed,train_summary,2026-03-09 19:35:26 UTC,2026-03-12 19:52:26 UTC,"en,es","en,es",1280,/home/x/deco/gamma/projects/distillation/translation/training_data/gold/translate_distill_pairs.gold_legacy1280_20260303_b8f685a.jsonl,A_then_B,6000,6000,0,0.0000,0.0000,1.0000,0.2000,/home/x/.cache/huggingface/hub/models--google--translategemma-4b-it/snapshots/10042cb0e6e7fdce748996a71dc3dc432a4e0c89,/home/x/.cache/huggingface/hub/models--google--gemma-3-1b-it/snapshots/dcc83ea841ab6100d6b47a070329e1ba4cf78752,false,false,None,,,false,"selected_checkpoint_missing,student_model_missing",,stage_a__checkpoint-004000,stage_a,checkpoint-004000,greedy,,,,,/home/x/deco/gamma/projects/distillation/translation/runs/translategemma4b_es_en_gemma3_1b_stagea_goldgrid_rows1280_bf16_20260309T185602Z/stage_a/checkpoint-004000,false,,,,,,,,,,false,false,,,,,27.2071,56.9757,,/home/x/deco/gamma/projects/distillation/translation/training_data/translate_distill_pairs.eval2_wmt13_enes_128.jsonl,eval2_external__checkpoint-004000__greedy,,,,,,,,,,47.1364,69.5194,,/home/x/deco/gamma/projects/distillation/translation/training_data/translate_distill_pairs.eval3_indomain_clean_merged_128.jsonl,eval3_indomain_clean__checkpoint-004000__greedy,,,,,,,,,,,0,-19.9293
translategemma4b_es_en_gemma3_1b_stagea_goldgrid_rows1280_bf16_20260309T185602Z,completed,train_summary,2026-03-09 19:35:26 UTC,2026-03-12 19:52:26 UTC,"en,es","en,es",1280,/home/x/deco/gamma/projects/distillation/translation/training_data/gold/translate_distill_pairs.gold_legacy1280_20260303_b8f685a.jsonl,A_then_B,6000,6000,0,0.0000,0.0000,1.0000,0.2000,/home/x/.cache/huggingface/hub/models--google--translategemma-4b-it/snapshots/10042cb0e6e7fdce748996a71dc3dc432a4e0c89,/home/x/.cache/huggingface/hub/models--google--gemma-3-1b-it/snapshots/dcc83ea841ab6100d6b47a070329e1ba4cf78752,false,false,None,,,false,"selected_checkpoint_missing,student_model_missing",,stage_a__checkpoint-002000,stage_a,checkpoint-002000,greedy,,,,,/home/x/deco/gamma/projects/distillation/translation/runs/translategemma4b_es_en_gemma3_1b_stagea_goldgrid_rows1280_bf16_20260309T185602Z/stage_a/checkpoint-002000,false,,,,,,,,,,false,false,,,,,27.2349,57.1826,,/home/x/deco/gamma/projects/distillation/translation/training_data/translate_distill_pairs.eval2_wmt13_enes_128.jsonl,eval2_external__checkpoint-002000__greedy,,,,,,,,,,46.6153,70.5080,,/home/x/deco/gamma/projects/distillation/translation/training_data/translate_distill_pairs.eval3_indomain_clean_merged_128.jsonl,eval3_indomain_clean__checkpoint-002000__greedy,,,,,,,,,,,0,-19.3804
translategemma4b_es_en_gemma3_1b_stagea_goldgrid_rows2560_bf16_20260309T022454Z,contract_only,run_contract,2026-03-09 02:25:03 UTC,2026-03-09 02:33:03 UTC,,,,"merge_jsonl(/home/x/deco/gamma/projects/distillation/translation/training_data/gold_shards_rebucketed/gold_rebucketed_320.pack_01.q97_4484.rows320.jsonl,/home/x/deco/gamma/projects/distillation/translation/training_data/gold_shards_rebucketed/gold_rebucketed_320.pack_02.q97_1397.rows320.jsonl,/home/x/deco/gamma/projects/distillation/translation/training_data/gold_shards_rebucketed/gold_rebucketed_320.pack_03.q96_4352.rows320.jsonl,/home/x/deco/gamma/projects/distillation/translation/training_data/gold_shards_rebucketed/gold_rebucketed_320.pack_04.q96_3328.rows320.jsonl,/home/x/deco/gamma/projects/distillation/translation/training_data/gold_shards_rebucketed/gold_rebucketed_320.pack_05.q96_0642.rows320.jsonl,/home/x/deco/gamma/projects/distillation/translation/training_data/gold_shards_rebucketed/gold_rebucketed_320.pack_06.q95_9634.rows320.jsonl,/home/x/deco/gamma/projects/distillation/translation/training_data/gold_shards_rebucketed/gold_rebucketed_320.pack_07.q96_0567.rows320.jsonl,/home/x/deco/gamma/projects/distillation/translation/training_data/gold_shards_rebucketed/gold_rebucketed_320.pack_08.q97_3716.rows320.jsonl)",A_then_B,,,,,,,,,,,false,none,none,,,ok,,stage_a__checkpoint-001500,stage_a,checkpoint-001500,greedy,,,,,/home/x/deco/gamma/projects/distillation/translation/runs/translategemma4b_es_en_gemma3_1b_stagea_goldgrid_rows2560_bf16_20260309T022454Z/stage_a/checkpoint-001500,false,,,,,,,,,,false,false,,,,,27.1233,57.0740,,/home/x/deco/gamma/projects/distillation/translation/training_data/translate_distill_pairs.eval2_wmt13_enes_128.jsonl,eval2_external__checkpoint-001500__greedy,,,,,,,,,,43.7387,69.1177,,/home/x/deco/gamma/projects/distillation/translation/training_data/translate_distill_pairs.eval3_indomain_clean_merged_128.jsonl,eval3_indomain_clean__checkpoint-001500__greedy,,,,,,,,,,,0,-16.6154
translategemma4b_es_en_gemma3_1b_stagea_goldgrid_rows1920_bf16_20260308T164813Z,completed,train_summary,2026-03-08 19:03:37 UTC,2026-03-12 19:52:26 UTC,"en,es","en,es",1920,/home/x/deco/gamma/projects/distillation/translation/training_data/gold_shards/gold_quality_4x640.train_3x640.jsonl,A_then_B,8000,8000,0,0.0000,0.0000,1.0000,0.2000,/home/x/.cache/huggingface/hub/models--google--translategemma-4b-it/snapshots/10042cb0e6e7fdce748996a71dc3dc432a4e0c89,/home/x/.cache/huggingface/hub/models--google--gemma-3-1b-it/snapshots/dcc83ea841ab6100d6b47a070329e1ba4cf78752,false,false,None,,,false,"selected_checkpoint_missing,student_model_missing",,stage_a__checkpoint-008000,stage_a,checkpoint-008000,greedy,,,,,/home/x/deco/gamma/projects/distillation/translation/runs/translategemma4b_es_en_gemma3_1b_stagea_goldgrid_rows1920_bf16_20260308T164813Z/stage_a/checkpoint-008000,false,,,,,,,,,,false,false,,,,,25.1820,57.0220,,/home/x/deco/gamma/projects/distillation/translation/training_data/translate_distill_pairs.eval2_wmt13_enes_128.jsonl,eval2_external__checkpoint-008000__greedy,,,,,,,,,,46.7597,69.8898,,/home/x/deco/gamma/projects/distillation/translation/training_data/translate_distill_pairs.eval3_indomain_clean_merged_128.jsonl,eval3_indomain_clean__checkpoint-008000__greedy,,,,,,,,,,,0,-21.5777
translategemma4b_es_en_gemma3_1b_stagea_goldgrid_rows1920_bf16_20260308T164813Z,completed,train_summary,2026-03-08 19:03:37 UTC,2026-03-12 19:52:26 UTC,"en,es","en,es",1920,/home/x/deco/gamma/projects/distillation/translation/training_data/gold_shards/gold_quality_4x640.train_3x640.jsonl,A_then_B,8000,8000,0,0.0000,0.0000,1.0000,0.2000,/home/x/.cache/huggingface/hub/models--google--translategemma-4b-it/snapshots/10042cb0e6e7fdce748996a71dc3dc432a4e0c89,/home/x/.cache/huggingface/hub/models--google--gemma-3-1b-it/snapshots/dcc83ea841ab6100d6b47a070329e1ba4cf78752,false,false,None,,,false,"selected_checkpoint_missing,student_model_missing",,stage_a__checkpoint-006000,stage_a,checkpoint-006000,greedy,,,,,/home/x/deco/gamma/projects/distillation/translation/runs/translategemma4b_es_en_gemma3_1b_stagea_goldgrid_rows1920_bf16_20260308T164813Z/stage_a/checkpoint-006000,false,,,,,,,,,,false,false,,,,,25.4584,56.8557,,/home/x/deco/gamma/projects/distillation/translation/training_data/translate_distill_pairs.eval2_wmt13_enes_128.jsonl,eval2_external__checkpoint-006000__greedy,,,,,,,,,,46.8090,69.8480,,/home/x/deco/gamma/projects/distillation/translation/training_data/translate_distill_pairs.eval3_indomain_clean_merged_128.jsonl,eval3_indomain_clean__checkpoint-006000__greedy,,,,,,,,,,,0,-21.3506
translategemma4b_es_en_gemma3_1b_stagea_goldgrid_rows1920_bf16_20260308T164813Z,completed,train_summary,2026-03-08 19:03:37 UTC,2026-03-12 19:52:26 UTC,"en,es","en,es",1920,/home/x/deco/gamma/projects/distillation/translation/training_data/gold_shards/gold_quality_4x640.train_3x640.jsonl,A_then_B,8000,8000,0,0.0000,0.0000,1.0000,0.2000,/home/x/.cache/huggingface/hub/models--google--translategemma-4b-it/snapshots/10042cb0e6e7fdce748996a71dc3dc432a4e0c89,/home/x/.cache/huggingface/hub/models--google--gemma-3-1b-it/snapshots/dcc83ea841ab6100d6b47a070329e1ba4cf78752,false,false,None,,,false,"selected_checkpoint_missing,student_model_missing",,stage_a__checkpoint-004000,stage_a,checkpoint-004000,greedy,,,,,/home/x/deco/gamma/projects/distillation/translation/runs/translategemma4b_es_en_gemma3_1b_stagea_goldgrid_rows1920_bf16_20260308T164813Z/stage_a/checkpoint-004000,false,,,,,,,,,,false,false,,,,,24.7623,56.4720,,/home/x/deco/gamma/projects/distillation/translation/training_data/translate_distill_pairs.eval2_wmt13_enes_128.jsonl,eval2_external__checkpoint-004000__greedy,,,,,,,,,,46.3742,69.5169,,/home/x/deco/gamma/projects/distillation/translation/training_data/translate_distill_pairs.eval3_indomain_clean_merged_128.jsonl,eval3_indomain_clean__checkpoint-004000__greedy,,,,,,,,,,,0,-21.6119
translategemma4b_es_en_gemma3_1b_stagea_goldgrid_rows1920_bf16_20260308T164813Z,completed,train_summary,2026-03-08 19:03:37 UTC,2026-03-12 19:52:26 UTC,"en,es","en,es",1920,/home/x/deco/gamma/projects/distillation/translation/training_data/gold_shards/gold_quality_4x640.train_3x640.jsonl,A_then_B,8000,8000,0,0.0000,0.0000,1.0000,0.2000,/home/x/.cache/huggingface/hub/models--google--translategemma-4b-it/snapshots/10042cb0e6e7fdce748996a71dc3dc432a4e0c89,/home/x/.cache/huggingface/hub/models--google--gemma-3-1b-it/snapshots/dcc83ea841ab6100d6b47a070329e1ba4cf78752,false,false,None,,,false,"selected_checkpoint_missing,student_model_missing",,stage_a__checkpoint-002000,stage_a,checkpoint-002000,greedy,,,,,/home/x/deco/gamma/projects/distillation/translation/runs/translategemma4b_es_en_gemma3_1b_stagea_goldgrid_rows1920_bf16_20260308T164813Z/stage_a/checkpoint-002000,false,,,,,,,,,,false,false,,,,,26.0284,56.8031,,/home/x/deco/gamma/projects/distillation/translation/training_data/translate_distill_pairs.eval2_wmt13_enes_128.jsonl,eval2_external__checkpoint-002000__greedy,,,,,,,,,,47.9813,69.8823,,/home/x/deco/gamma/projects/distillation/translation/training_data/translate_distill_pairs.eval3_indomain_clean_merged_128.jsonl,eval3_indomain_clean__checkpoint-002000__greedy,,,,,,,,,,,0,-21.9529
translategemma4b_es_en_gemma3_1b_stagea_goldgrid_rows1280_bf16_20260308T164813Z,completed,train_summary,2026-03-08 17:43:18 UTC,2026-03-12 19:52:26 UTC,"en,es","en,es",1280,/home/x/deco/gamma/projects/distillation/translation/training_data/gold/translate_distill_pairs.gold_legacy1280_20260303_b8f685a.jsonl,A_then_B,8000,8000,0,0.0000,0.0000,1.0000,0.2000,/home/x/.cache/huggingface/hub/models--google--translategemma-4b-it/snapshots/10042cb0e6e7fdce748996a71dc3dc432a4e0c89,/home/x/.cache/huggingface/hub/models--google--gemma-3-1b-it/snapshots/dcc83ea841ab6100d6b47a070329e1ba4cf78752,false,false,None,,,false,"selected_checkpoint_missing,student_model_missing",,stage_a__checkpoint-008000,stage_a,checkpoint-008000,greedy,,,,,/home/x/deco/gamma/projects/distillation/translation/runs/translategemma4b_es_en_gemma3_1b_stagea_goldgrid_rows1280_bf16_20260308T164813Z/stage_a/checkpoint-008000,false,,,,,,,,,,false,false,,,,,27.1562,57.0173,,/home/x/deco/gamma/projects/distillation/translation/training_data/translate_distill_pairs.eval2_wmt13_enes_128.jsonl,eval2_external__checkpoint-008000__greedy,,,,,,,,,,47.9571,69.8997,,/home/x/deco/gamma/projects/distillation/translation/training_data/translate_distill_pairs.eval3_indomain_clean_merged_128.jsonl,eval3_indomain_clean__checkpoint-008000__greedy,,,,,,,,,,,0,-20.8009
translategemma4b_es_en_gemma3_1b_stagea_goldgrid_rows1280_bf16_20260308T164813Z,completed,train_summary,2026-03-08 17:43:18 UTC,2026-03-12 19:52:26 UTC,"en,es","en,es",1280,/home/x/deco/gamma/projects/distillation/translation/training_data/gold/translate_distill_pairs.gold_legacy1280_20260303_b8f685a.jsonl,A_then_B,8000,8000,0,0.0000,0.0000,1.0000,0.2000,/home/x/.cache/huggingface/hub/models--google--translategemma-4b-it/snapshots/10042cb0e6e7fdce748996a71dc3dc432a4e0c89,/home/x/.cache/huggingface/hub/models--google--gemma-3-1b-it/snapshots/dcc83ea841ab6100d6b47a070329e1ba4cf78752,false,false,None,,,false,"selected_checkpoint_missing,student_model_missing",,stage_a__checkpoint-006000,stage_a,checkpoint-006000,greedy,,,,,/home/x/deco/gamma/projects/distillation/translation/runs/translategemma4b_es_en_gemma3_1b_stagea_goldgrid_rows1280_bf16_20260308T164813Z/stage_a/checkpoint-006000,false,,,,,,,,,,false,false,,,,,26.9558,57.1979,,/home/x/deco/gamma/projects/distillation/translation/training_data/translate_distill_pairs.eval2_wmt13_enes_128.jsonl,eval2_external__checkpoint-006000__greedy,,,,,,,,,,48.2256,69.7793,,/home/x/deco/gamma/projects/distillation/translation/training_data/translate_distill_pairs.eval3_indomain_clean_merged_128.jsonl,eval3_indomain_clean__checkpoint-006000__greedy,,,,,,,,,,,0,-21.2698
translategemma4b_es_en_gemma3_1b_stagea_goldgrid_rows1280_bf16_20260308T164813Z,completed,train_summary,2026-03-08 17:43:18 UTC,2026-03-12 19:52:26 UTC,"en,es","en,es",1280,/home/x/deco/gamma/projects/distillation/translation/training_data/gold/translate_distill_pairs.gold_legacy1280_20260303_b8f685a.jsonl,A_then_B,8000,8000,0,0.0000,0.0000,1.0000,0.2000,/home/x/.cache/huggingface/hub/models--google--translategemma-4b-it/snapshots/10042cb0e6e7fdce748996a71dc3dc432a4e0c89,/home/x/.cache/huggingface/hub/models--google--gemma-3-1b-it/snapshots/dcc83ea841ab6100d6b47a070329e1ba4cf78752,false,false,None,,,false,"selected_checkpoint_missing,student_model_missing",,stage_a__checkpoint-004000,stage_a,checkpoint-004000,greedy,,,,,/home/x/deco/gamma/projects/distillation/translation/runs/translategemma4b_es_en_gemma3_1b_stagea_goldgrid_rows1280_bf16_20260308T164813Z/stage_a/checkpoint-004000,false,,,,,,,,,,false,false,,,,,27.1978,57.2337,,/home/x/deco/gamma/projects/distillation/translation/training_data/translate_distill_pairs.eval2_wmt13_enes_128.jsonl,eval2_external__checkpoint-004000__greedy,,,,,,,,,,48.7992,69.9488,,/home/x/deco/gamma/projects/distillation/translation/training_data/translate_distill_pairs.eval3_indomain_clean_merged_128.jsonl,eval3_indomain_clean__checkpoint-004000__greedy,,,,,,,,,,,0,-21.6014
translategemma4b_es_en_gemma3_1b_stagea_goldgrid_rows1280_bf16_20260308T164813Z,completed,train_summary,2026-03-08 17:43:18 UTC,2026-03-12 19:52:26 UTC,"en,es","en,es",1280,/home/x/deco/gamma/projects/distillation/translation/training_data/gold/translate_distill_pairs.gold_legacy1280_20260303_b8f685a.jsonl,A_then_B,8000,8000,0,0.0000,0.0000,1.0000,0.2000,/home/x/.cache/huggingface/hub/models--google--translategemma-4b-it/snapshots/10042cb0e6e7fdce748996a71dc3dc432a4e0c89,/home/x/.cache/huggingface/hub/models--google--gemma-3-1b-it/snapshots/dcc83ea841ab6100d6b47a070329e1ba4cf78752,false,false,None,,,false,"selected_checkpoint_missing,student_model_missing",,stage_a__checkpoint-002000,stage_a,checkpoint-002000,greedy,,,,,/home/x/deco/gamma/projects/distillation/translation/runs/translategemma4b_es_en_gemma3_1b_stagea_goldgrid_rows1280_bf16_20260308T164813Z/stage_a/checkpoint-002000,false,,,,,,,,,,false,false,,,,,27.0143,56.5292,,/home/x/deco/gamma/projects/distillation/translation/training_data/translate_distill_pairs.eval2_wmt13_enes_128.jsonl,eval2_external__checkpoint-002000__greedy,,,,,,,,,,47.2797,70.2364,,/home/x/deco/gamma/projects/distillation/translation/training_data/translate_distill_pairs.eval3_indomain_clean_merged_128.jsonl,eval3_indomain_clean__checkpoint-002000__greedy,,,,,,,,,,,0,-20.2654
translategemma4b_es_en_gemma3_1b_stagea_goldlegacy1280_bf16_20260307T231031Z,completed,train_summary,2026-03-08 01:57:32 UTC,2026-03-12 19:52:26 UTC,"en,es","en,es",1280,/home/x/deco/gamma/projects/distillation/translation/training_data/gold/translate_distill_pairs.gold_legacy1280_20260303_b8f685a.jsonl,A_then_B,32000,32000,0,0.0000,0.0000,1.0000,0.2000,/home/x/.cache/huggingface/hub/models--google--translategemma-4b-it/snapshots/10042cb0e6e7fdce748996a71dc3dc432a4e0c89,/home/x/.cache/huggingface/hub/models--google--gemma-3-1b-it/snapshots/dcc83ea841ab6100d6b47a070329e1ba4cf78752,false,false,None,,,false,"selected_checkpoint_missing,student_model_missing",,stage_a__checkpoint-032000,stage_a,checkpoint-032000,greedy,,,,,/home/x/deco/gamma/projects/distillation/translation/runs/translategemma4b_es_en_gemma3_1b_stagea_goldlegacy1280_bf16_20260307T231031Z/stage_a/checkpoint-032000,false,,,,,,,,,,false,false,,,,,25.9377,56.4858,,/home/x/deco/gamma/projects/distillation/translation/training_data/translate_distill_pairs.eval2_wmt13_enes_128.jsonl,eval2_external__checkpoint-032000__greedy,,,,,,,,,,47.3434,69.6866,,/home/x/deco/gamma/projects/distillation/translation/training_data/translate_distill_pairs.eval3_indomain_clean_merged_128.jsonl,eval3_indomain_clean__checkpoint-032000__greedy,,,,,,,,,,,0,-21.4057
translategemma4b_es_en_gemma3_1b_stagea_goldlegacy1280_bf16_20260307T231031Z,completed,train_summary,2026-03-08 01:57:32 UTC,2026-03-12 19:52:26 UTC,"en,es","en,es",1280,/home/x/deco/gamma/projects/distillation/translation/training_data/gold/translate_distill_pairs.gold_legacy1280_20260303_b8f685a.jsonl,A_then_B,32000,32000,0,0.0000,0.0000,1.0000,0.2000,/home/x/.cache/huggingface/hub/models--google--translategemma-4b-it/snapshots/10042cb0e6e7fdce748996a71dc3dc432a4e0c89,/home/x/.cache/huggingface/hub/models--google--gemma-3-1b-it/snapshots/dcc83ea841ab6100d6b47a070329e1ba4cf78752,false,false,None,,,false,"selected_checkpoint_missing,student_model_missing",,stage_a__checkpoint-024000,stage_a,checkpoint-024000,greedy,,,,,/home/x/deco/gamma/projects/distillation/translation/runs/translategemma4b_es_en_gemma3_1b_stagea_goldlegacy1280_bf16_20260307T231031Z/stage_a/checkpoint-024000,false,,,,,,,,,,false,false,,,,,25.7862,56.5766,,/home/x/deco/gamma/projects/distillation/translation/training_data/translate_distill_pairs.eval2_wmt13_enes_128.jsonl,eval2_external__checkpoint-024000__greedy,,,,,,,,,,47.4261,69.7575,,/home/x/deco/gamma/projects/distillation/translation/training_data/translate_distill_pairs.eval3_indomain_clean_merged_128.jsonl,eval3_indomain_clean__checkpoint-024000__greedy,,,,,,,,,,,0,-21.6399
translategemma4b_es_en_gemma3_1b_stagea_goldlegacy1280_bf16_20260307T231031Z,completed,train_summary,2026-03-08 01:57:32 UTC,2026-03-12 19:52:26 UTC,"en,es","en,es",1280,/home/x/deco/gamma/projects/distillation/translation/training_data/gold/translate_distill_pairs.gold_legacy1280_20260303_b8f685a.jsonl,A_then_B,32000,32000,0,0.0000,0.0000,1.0000,0.2000,/home/x/.cache/huggingface/hub/models--google--translategemma-4b-it/snapshots/10042cb0e6e7fdce748996a71dc3dc432a4e0c89,/home/x/.cache/huggingface/hub/models--google--gemma-3-1b-it/snapshots/dcc83ea841ab6100d6b47a070329e1ba4cf78752,false,false,None,,,false,"selected_checkpoint_missing,student_model_missing",,stage_a__checkpoint-016000,stage_a,checkpoint-016000,greedy,,,,,/home/x/deco/gamma/projects/distillation/translation/runs/translategemma4b_es_en_gemma3_1b_stagea_goldlegacy1280_bf16_20260307T231031Z/stage_a/checkpoint-016000,false,,,,,,,,,,false,false,,,,,25.9958,56.8890,,/home/x/deco/gamma/projects/distillation/translation/training_data/translate_distill_pairs.eval2_wmt13_enes_128.jsonl,eval2_external__checkpoint-016000__greedy,,,,,,,,,,47.4291,69.7695,,/home/x/deco/gamma/projects/distillation/translation/training_data/translate_distill_pairs.eval3_indomain_clean_merged_128.jsonl,eval3_indomain_clean__checkpoint-016000__greedy,,,,,,,,,,,0,-21.4333
translategemma4b_es_en_gemma3_1b_stagea_goldlegacy1280_bf16_20260307T231031Z,completed,train_summary,2026-03-08 01:57:32 UTC,2026-03-12 19:52:26 UTC,"en,es","en,es",1280,/home/x/deco/gamma/projects/distillation/translation/training_data/gold/translate_distill_pairs.gold_legacy1280_20260303_b8f685a.jsonl,A_then_B,32000,32000,0,0.0000,0.0000,1.0000,0.2000,/home/x/.cache/huggingface/hub/models--google--translategemma-4b-it/snapshots/10042cb0e6e7fdce748996a71dc3dc432a4e0c89,/home/x/.cache/huggingface/hub/models--google--gemma-3-1b-it/snapshots/dcc83ea841ab6100d6b47a070329e1ba4cf78752,false,false,None,,,false,"selected_checkpoint_missing,student_model_missing",,stage_a__checkpoint-008000,stage_a,checkpoint-008000,greedy,,,,,/home/x/deco/gamma/projects/distillation/translation/runs/translategemma4b_es_en_gemma3_1b_stagea_goldlegacy1280_bf16_20260307T231031Z/stage_a/checkpoint-008000,false,,,,,,,,,,false,false,,,,,26.4766,56.7615,,/home/x/deco/gamma/projects/distillation/translation/training_data/translate_distill_pairs.eval2_wmt13_enes_128.jsonl,eval2_external__checkpoint-008000__greedy,,,,,,,,,,47.6425,69.9659,,/home/x/deco/gamma/projects/distillation/translation/training_data/translate_distill_pairs.eval3_indomain_clean_merged_128.jsonl,eval3_indomain_clean__checkpoint-008000__greedy,,,,,,,,,,,0,-21.1659
translategemma4b_es_en_gemma3_1b_stagea_cpu_subset2560_seed42_20260307T013333Z,contract_only,run_contract,2026-03-07 16:06:15 UTC,2026-03-07 21:58:35 UTC,,,,/home/x/deco/gamma/projects/distillation/translation/training_data/subsets/translate_distill_pairs_en_es_2way.train.merged.subset_2560.seed42.jsonl,A_then_B,,,,,,,,,,,false,none,none,,,ok,,stage_a__checkpoint-012000,stage_a,checkpoint-012000,greedy,,,,,/home/x/deco/gamma/projects/distillation/translation/runs/translategemma4b_es_en_gemma3_1b_stagea_cpu_subset2560_seed42_20260307T013333Z/stage_a/checkpoint-012000,false,,,,,,,,,,false,false,,,,,4.5627,,,/home/x/deco/gamma/projects/distillation/translation/training_data/translate_distill_pairs.eval2_wmt13_enes_128.jsonl,eval_stagea12k_eval2_greedy_live,,,,,,,,,,,,,,,,,,,,,,,,,0,
translategemma4b_es_en_gemma3_1b_stagea_cpu_subset2560_seed42_20260307T013333Z,contract_only,run_contract,2026-03-07 16:06:15 UTC,2026-03-07 21:58:35 UTC,,,,/home/x/deco/gamma/projects/distillation/translation/training_data/subsets/translate_distill_pairs_en_es_2way.train.merged.subset_2560.seed42.jsonl,A_then_B,,,,,,,,,,,false,none,none,,,ok,,stage_a__checkpoint-008000,stage_a,checkpoint-008000,greedy,,,,,/home/x/deco/gamma/projects/distillation/translation/runs/translategemma4b_es_en_gemma3_1b_stagea_cpu_subset2560_seed42_20260307T013333Z/stage_a/checkpoint-008000,false,,,,,,,,,,false,false,,,,,3.9701,,,/home/x/deco/gamma/projects/distillation/translation/training_data/translate_distill_pairs.eval2_wmt13_enes_128.jsonl,eval_stagea8k_eval2_greedy_live,,,,,,,,,,,,,,,,,,,,,,,,,0,
translategemma4b_es_en_gemma3_1b_stagea_cpu_subset2560_seed42_20260307T013333Z,contract_only,run_contract,2026-03-07 16:06:15 UTC,2026-03-07 21:58:35 UTC,,,,/home/x/deco/gamma/projects/distillation/translation/training_data/subsets/translate_distill_pairs_en_es_2way.train.merged.subset_2560.seed42.jsonl,A_then_B,,,,,,,,,,,false,none,none,,,ok,,stage_a__checkpoint-004000,stage_a,checkpoint-004000,greedy,,,,,/home/x/deco/gamma/projects/distillation/translation/runs/translategemma4b_es_en_gemma3_1b_stagea_cpu_subset2560_seed42_20260307T013333Z/stage_a/checkpoint-004000,false,,,,,,,,,,false,false,,,,,6.1746,,,/home/x/deco/gamma/projects/distillation/translation/training_data/translate_distill_pairs.eval2_wmt13_enes_128.jsonl,eval_stagea4k_eval2_greedy_live,,,,,,,,,,,,,,,,,,,,,,,,,0,
translategemma4b_es_en_gemma3_1b_stagea_cpu_subset1280_seed42_20260307T013333Z,completed,train_summary,2026-03-07 16:06:03 UTC,2026-03-12 19:52:26 UTC,"en,es","en,es",1280,/home/x/deco/gamma/projects/distillation/translation/training_data/subsets/translate_distill_pairs_en_es_2way.train.merged.subset_1280.seed42.jsonl,A_then_B,32000,32000,0,0.0000,0.0000,1.0000,0.2000,/home/x/.cache/huggingface/hub/models--google--translategemma-4b-it/snapshots/10042cb0e6e7fdce748996a71dc3dc432a4e0c89,/home/x/.cache/huggingface/hub/models--google--gemma-3-1b-it/snapshots/dcc83ea841ab6100d6b47a070329e1ba4cf78752,false,false,None,,,false,"selected_checkpoint_missing,student_model_missing",,stage_a__checkpoint-028000,stage_a,checkpoint-028000,greedy,,,,,/home/x/deco/gamma/projects/distillation/translation/runs/translategemma4b_es_en_gemma3_1b_stagea_cpu_subset1280_seed42_20260307T013333Z/stage_a/checkpoint-028000,false,,,,,,,,,,false,false,,,,,5.7466,,,/home/x/deco/gamma/projects/distillation/translation/training_data/translate_distill_pairs.eval2_wmt13_enes_128.jsonl,eval_stagea28k_eval2_greedy_live,,,,,,,,,,,,,,,,,,,,,,,,,0,
translategemma4b_es_en_gemma3_1b_stagea_cpu_subset1280_seed42_20260307T013333Z,completed,train_summary,2026-03-07 16:06:03 UTC,2026-03-12 19:52:26 UTC,"en,es","en,es",1280,/home/x/deco/gamma/projects/distillation/translation/training_data/subsets/translate_distill_pairs_en_es_2way.train.merged.subset_1280.seed42.jsonl,A_then_B,32000,32000,0,0.0000,0.0000,1.0000,0.2000,/home/x/.cache/huggingface/hub/models--google--translategemma-4b-it/snapshots/10042cb0e6e7fdce748996a71dc3dc432a4e0c89,/home/x/.cache/huggingface/hub/models--google--gemma-3-1b-it/snapshots/dcc83ea841ab6100d6b47a070329e1ba4cf78752,false,false,None,,,false,"selected_checkpoint_missing,student_model_missing",,stage_a__checkpoint-024000,stage_a,checkpoint-024000,greedy,,,,,/home/x/deco/gamma/projects/distillation/translation/runs/translategemma4b_es_en_gemma3_1b_stagea_cpu_subset1280_seed42_20260307T013333Z/stage_a/checkpoint-024000,false,,,,,,,,,,false,false,,,,,6.4361,,,/home/x/deco/gamma/projects/distillation/translation/training_data/translate_distill_pairs.eval2_wmt13_enes_128.jsonl,eval_stagea24k_eval2_greedy_live,,,,,,,,,,,,,,,,,,,,,,,,,0,
translategemma4b_es_en_gemma3_1b_stagea_cpu_subset1280_seed42_20260307T013333Z,completed,train_summary,2026-03-07 16:06:03 UTC,2026-03-12 19:52:26 UTC,"en,es","en,es",1280,/home/x/deco/gamma/projects/distillation/translation/training_data/subsets/translate_distill_pairs_en_es_2way.train.merged.subset_1280.seed42.jsonl,A_then_B,32000,32000,0,0.0000,0.0000,1.0000,0.2000,/home/x/.cache/huggingface/hub/models--google--translategemma-4b-it/snapshots/10042cb0e6e7fdce748996a71dc3dc432a4e0c89,/home/x/.cache/huggingface/hub/models--google--gemma-3-1b-it/snapshots/dcc83ea841ab6100d6b47a070329e1ba4cf78752,false,false,None,,,false,"selected_checkpoint_missing,student_model_missing",,stage_a__checkpoint-020000,stage_a,checkpoint-020000,greedy,,,,,/home/x/deco/gamma/projects/distillation/translation/runs/translategemma4b_es_en_gemma3_1b_stagea_cpu_subset1280_seed42_20260307T013333Z/stage_a/checkpoint-020000,false,,,,,,,,,,false,false,,,,,5.7465,,,/home/x/deco/gamma/projects/distillation/translation/training_data/translate_distill_pairs.eval2_wmt13_enes_128.jsonl,eval_stagea20k_eval2_greedy_live,,,,,,,,,,,,,,,,,,,,,,,,,0,
translategemma4b_es_en_gemma3_1b_stagea_cpu_subset1280_seed42_20260307T013333Z,completed,train_summary,2026-03-07 16:06:03 UTC,2026-03-12 19:52:26 UTC,"en,es","en,es",1280,/home/x/deco/gamma/projects/distillation/translation/training_data/subsets/translate_distill_pairs_en_es_2way.train.merged.subset_1280.seed42.jsonl,A_then_B,32000,32000,0,0.0000,0.0000,1.0000,0.2000,/home/x/.cache/huggingface/hub/models--google--translategemma-4b-it/snapshots/10042cb0e6e7fdce748996a71dc3dc432a4e0c89,/home/x/.cache/huggingface/hub/models--google--gemma-3-1b-it/snapshots/dcc83ea841ab6100d6b47a070329e1ba4cf78752,false,false,None,,,false,"selected_checkpoint_missing,student_model_missing",,stage_a__checkpoint-016000,stage_a,checkpoint-016000,greedy,,,,,/home/x/deco/gamma/projects/distillation/translation/runs/translategemma4b_es_en_gemma3_1b_stagea_cpu_subset1280_seed42_20260307T013333Z/stage_a/checkpoint-016000,false,,,,,,,,,,false,false,,,,,3.3827,,,/home/x/deco/gamma/projects/distillation/translation/training_data/translate_distill_pairs.eval2_wmt13_enes_128.jsonl,eval_stagea16k_eval2_greedy_live,,,,,,,,,,,,,,,,,,,,,,,,,0,
translategemma4b_es_en_gemma3_1b_stagea_cpu_subset1280_seed42_20260307T013333Z,completed,train_summary,2026-03-07 16:06:03 UTC,2026-03-12 19:52:26 UTC,"en,es","en,es",1280,/home/x/deco/gamma/projects/distillation/translation/training_data/subsets/translate_distill_pairs_en_es_2way.train.merged.subset_1280.seed42.jsonl,A_then_B,32000,32000,0,0.0000,0.0000,1.0000,0.2000,/home/x/.cache/huggingface/hub/models--google--translategemma-4b-it/snapshots/10042cb0e6e7fdce748996a71dc3dc432a4e0c89,/home/x/.cache/huggingface/hub/models--google--gemma-3-1b-it/snapshots/dcc83ea841ab6100d6b47a070329e1ba4cf78752,false,false,None,,,false,"selected_checkpoint_missing,student_model_missing",,stage_a__checkpoint-012000,stage_a,checkpoint-012000,greedy,,,,,/home/x/deco/gamma/projects/distillation/translation/runs/translategemma4b_es_en_gemma3_1b_stagea_cpu_subset1280_seed42_20260307T013333Z/stage_a/checkpoint-012000,false,,,,,,,,,,false,false,,,,,4.6705,,,/home/x/deco/gamma/projects/distillation/translation/training_data/translate_distill_pairs.eval2_wmt13_enes_128.jsonl,eval_stagea12k_eval2_greedy_live,,,,,,,,,,,,,,,,,,,,,,,,,0,
translategemma4b_es_en_gemma3_1b_stagea_cpu_subset1280_seed42_20260307T013333Z,completed,train_summary,2026-03-07 16:06:03 UTC,2026-03-12 19:52:26 UTC,"en,es","en,es",1280,/home/x/deco/gamma/projects/distillation/translation/training_data/subsets/translate_distill_pairs_en_es_2way.train.merged.subset_1280.seed42.jsonl,A_then_B,32000,32000,0,0.0000,0.0000,1.0000,0.2000,/home/x/.cache/huggingface/hub/models--google--translategemma-4b-it/snapshots/10042cb0e6e7fdce748996a71dc3dc432a4e0c89,/home/x/.cache/huggingface/hub/models--google--gemma-3-1b-it/snapshots/dcc83ea841ab6100d6b47a070329e1ba4cf78752,false,false,None,,,false,"selected_checkpoint_missing,student_model_missing",,stage_a__checkpoint-008000,stage_a,checkpoint-008000,greedy,,,,,/home/x/deco/gamma/projects/distillation/translation/runs/translategemma4b_es_en_gemma3_1b_stagea_cpu_subset1280_seed42_20260307T013333Z/stage_a/checkpoint-008000,false,,,,,,,,,,false,false,,,,,4.9284,,,/home/x/deco/gamma/projects/distillation/translation/training_data/translate_distill_pairs.eval2_wmt13_enes_128.jsonl,eval_stagea8k_eval2_greedy_live,,,,,,,,,,,,,,,,,,,,,,,,,0,
translategemma4b_es_en_gemma3_1b_stagea_cpu_subset1280_seed42_20260307T013333Z,completed,train_summary,2026-03-07 16:06:03 UTC,2026-03-12 19:52:26 UTC,"en,es","en,es",1280,/home/x/deco/gamma/projects/distillation/translation/training_data/subsets/translate_distill_pairs_en_es_2way.train.merged.subset_1280.seed42.jsonl,A_then_B,32000,32000,0,0.0000,0.0000,1.0000,0.2000,/home/x/.cache/huggingface/hub/models--google--translategemma-4b-it/snapshots/10042cb0e6e7fdce748996a71dc3dc432a4e0c89,/home/x/.cache/huggingface/hub/models--google--gemma-3-1b-it/snapshots/dcc83ea841ab6100d6b47a070329e1ba4cf78752,false,false,None,,,false,"selected_checkpoint_missing,student_model_missing",,stage_a__checkpoint-004000,stage_a,checkpoint-004000,greedy,,,,,/home/x/deco/gamma/projects/distillation/translation/runs/translategemma4b_es_en_gemma3_1b_stagea_cpu_subset1280_seed42_20260307T013333Z/stage_a/checkpoint-004000,false,,,,,,,,,,false,false,,,,,6.7827,,,/home/x/deco/gamma/projects/distillation/translation/training_data/translate_distill_pairs.eval2_wmt13_enes_128.jsonl,eval_stagea4k_eval2_greedy_live,,,,,,,,,,,,,,,,,,,,,,,,,0,
translategemma4b_es_en_gemma3_1b_full_train17532_real1b_20260305_210210,contract_only,run_contract,2026-03-06 19:31:57 UTC,2026-03-06 23:28:23 UTC,,,,projects/distillation/translation/training_data/translate_distill_pairs_en_es_2way.train.merged.jsonl,A_then_B,,,,,,,,,,,false,none,none,,,ok,,stage_b__checkpoint-002000,stage_b,checkpoint-002000,greedy,,,,,projects/distillation/translation/runs/translategemma4b_es_en_gemma3_1b_full_train17532_real1b_20260305_210210/stage_b/checkpoint-002000,false,,,,,,,,,,false,false,,,,,7.9159,35.6396,,projects/distillation/translation/training_data/translate_distill_pairs.eval2_wmt13_enes_128.jsonl,eval_stageb002000_external_wmt13_greedy_20260306,,,,,,,,,,87.3266,97.2802,,projects/distillation/translation/training_data/translate_distill_pairs.eval3_indomain_clean_merged_128.jsonl,eval_stageb002000_indomain_clean_greedy_20260306,,,,,,,,,,,0,-79.4107
translategemma4b_es_en_gemma3_1b_full_train17532_real1b_20260305_210210,contract_only,run_contract,2026-03-06 19:31:57 UTC,2026-03-06 23:28:23 UTC,,,,projects/distillation/translation/training_data/translate_distill_pairs_en_es_2way.train.merged.jsonl,A_then_B,,,,,,,,,,,false,none,none,,,ok,,stage_a__checkpoint-032000,stage_a,checkpoint-032000,greedy,,,,,projects/distillation/translation/runs/translategemma4b_es_en_gemma3_1b_full_train17532_real1b_20260305_210210/stage_a/checkpoint-032000,false,,,,,,,,,,false,false,,,,,6.4642,33.9828,,projects/distillation/translation/training_data/translate_distill_pairs.eval2_wmt13_enes_128.jsonl,eval_stagea32_eval2_greedy_20260306,,,,,,,,,,87.4218,97.4243,,projects/distillation/translation/training_data/translate_distill_pairs.eval3_indomain_clean_merged_128.jsonl,eval_stagea32_eval3_greedy_20260306,,,,,,,,,,,0,-80.9576
translategemma4b_es_en_gemma3_1b_full_train17532_real1b_20260305_210210,contract_only,run_contract,2026-03-06 19:31:57 UTC,2026-03-06 23:28:23 UTC,,,,projects/distillation/translation/training_data/translate_distill_pairs_en_es_2way.train.merged.jsonl,A_then_B,,,,,,,,,,,false,none,none,,,ok,,stage_a__checkpoint-022000,stage_a,checkpoint-022000,greedy,,,,,projects/distillation/translation/runs/translategemma4b_es_en_gemma3_1b_full_train17532_real1b_20260305_210210/stage_a/checkpoint-022000,false,,,,,,,,,,false,false,,,,,5.6350,33.7260,,projects/distillation/translation/training_data/translate_distill_pairs.eval2_wmt13_enes_128.jsonl,eval_stagea22k_eval2_greedy_20260306_rerun_tmux,,,,,,,,,,87.1698,97.2928,,projects/distillation/translation/training_data/translate_distill_pairs.eval3_indomain_clean_merged_128.jsonl,eval_stagea22k_eval3_greedy_20260306_rerun_tmux,,,,,,,,,,,0,-81.5348
translategemma4b_es_en_gemma3_1b_full_train17532_real1b_20260305_210210,contract_only,run_contract,2026-03-06 19:31:57 UTC,2026-03-06 23:28:23 UTC,,,,projects/distillation/translation/training_data/translate_distill_pairs_en_es_2way.train.merged.jsonl,A_then_B,,,,,,,,,,,false,none,none,,,ok,,stage_a__checkpoint-012000,stage_a,checkpoint-012000,greedy,,,,,projects/distillation/translation/runs/translategemma4b_es_en_gemma3_1b_full_train17532_real1b_20260305_210210/stage_a/checkpoint-012000,false,,,,,,,,,,false,false,,,,,7.0652,34.9801,,projects/distillation/translation/training_data/translate_distill_pairs.eval2_wmt13_enes_128.jsonl,eval_stagea12k_eval2_greedy_20260306_rerun_tmux,,,,,,,,,,86.5173,96.6936,,projects/distillation/translation/training_data/translate_distill_pairs.eval3_indomain_clean_merged_128.jsonl,eval_stagea12k_eval3_greedy_20260306_rerun_tmux,,,,,,,,,,,0,-79.4521
translategemma4b_es_en_gemma3_1b_full_train1280_20260303_114100,completed,train_summary,2026-03-04 03:11:44 UTC,2026-03-12 19:52:26 UTC,"en,es","en,es",1280,projects/distillation/translation/training_data/translate_distill_pairs.jsonl,A_then_B,64000,32000,32000,0.5000,0.1000,1.0000,0.2000,google/translategemma-4b-it,projects/distillation/translation/runs/translategemma4b_es_en_gemma3_1b_full_20260303_114100/stage_b/checkpoint-000005,false,true,stage_b,projects/distillation/translation/runs/translategemma4b_es_en_gemma3_1b_full_20260303_114100/stage_b/checkpoint-000005,false,false,"resume_from_missing,selected_checkpoint_missing,student_model_missing",,teacher4b,teacher4b,,greedy,,,,,/home/x/.cache/huggingface/hub/models--google--translategemma-4b-it/snapshots/10042cb0e6e7fdce748996a71dc3dc432a4e0c89,false,,,,,,,,,,false,false,,,,,27.5437,59.3547,,projects/distillation/translation/training_data/translate_distill_pairs.eval2_wmt13_enes_128.jsonl,eval2_external__teacher4b__greedy,,,,,,,,,,39.2681,69.0260,,projects/distillation/translation/training_data/translate_distill_pairs.eval3_indomain_clean_merged_128.jsonl,eval3_indomain_clean__teacher4b__greedy,,,,,,,,,,,0,-11.7244
translategemma4b_es_en_gemma3_1b_full_train1280_20260303_114100,completed,train_summary,2026-03-04 03:11:44 UTC,2026-03-12 19:52:26 UTC,"en,es","en,es",1280,projects/distillation/translation/training_data/translate_distill_pairs.jsonl,A_then_B,64000,32000,32000,0.5000,0.1000,1.0000,0.2000,google/translategemma-4b-it,projects/distillation/translation/runs/translategemma4b_es_en_gemma3_1b_full_20260303_114100/stage_b/checkpoint-000005,false,true,stage_b,projects/distillation/translation/runs/translategemma4b_es_en_gemma3_1b_full_20260303_114100/stage_b/checkpoint-000005,false,false,"resume_from_missing,selected_checkpoint_missing,student_model_missing",,stage_a__checkpoint-032000,stage_a,checkpoint-032000,sampled,,,,,projects/distillation/translation/runs/translategemma4b_es_en_gemma3_1b_full_20260303_114100/stage_a/checkpoint-032000,false,,,,,,,,,,false,false,,,,,26.8719,57.0090,,projects/distillation/translation/training_data/translate_distill_pairs.eval2_wmt13_enes_128.jsonl,eval2_external__stage_a32__sampled,,,,,,,,,,46.2854,69.7740,,projects/distillation/translation/training_data/translate_distill_pairs.eval3_indomain_clean_merged_128.jsonl,eval3_indomain_clean__stage_a32__sampled,,,,,,,,,,,0,-19.4135
translategemma4b_es_en_gemma3_1b_full_train1280_20260303_114100,completed,train_summary,2026-03-04 03:11:44 UTC,2026-03-12 19:52:26 UTC,"en,es","en,es",1280,projects/distillation/translation/training_data/translate_distill_pairs.jsonl,A_then_B,64000,32000,32000,0.5000,0.1000,1.0000,0.2000,google/translategemma-4b-it,projects/distillation/translation/runs/translategemma4b_es_en_gemma3_1b_full_20260303_114100/stage_b/checkpoint-000005,false,true,stage_b,projects/distillation/translation/runs/translategemma4b_es_en_gemma3_1b_full_20260303_114100/stage_b/checkpoint-000005,false,false,"resume_from_missing,selected_checkpoint_missing,student_model_missing",,stage_a__checkpoint-032000,stage_a,checkpoint-032000,greedy,,,,,projects/distillation/translation/runs/translategemma4b_es_en_gemma3_1b_full_20260303_114100/stage_a/checkpoint-032000,false,,,,,,,,,,false,false,,,,,26.3488,56.7732,,projects/distillation/translation/training_data/translate_distill_pairs.eval2_wmt13_enes_128.jsonl,eval2_external__stage_a32__greedy,,,,,,,,,,46.9378,70.0786,,projects/distillation/translation/training_data/translate_distill_pairs.eval3_indomain_clean_merged_128.jsonl,eval3_indomain_clean__stage_a32__greedy,,,,,,,,,,,0,-20.5890
translategemma4b_es_en_gemma3_1b_full_train1280_20260303_114100,completed,train_summary,2026-03-04 03:11:44 UTC,2026-03-12 19:52:26 UTC,"en,es","en,es",1280,projects/distillation/translation/training_data/translate_distill_pairs.jsonl,A_then_B,64000,32000,32000,0.5000,0.1000,1.0000,0.2000,google/translategemma-4b-it,projects/distillation/translation/runs/translategemma4b_es_en_gemma3_1b_full_20260303_114100/stage_b/checkpoint-000005,false,true,stage_b,projects/distillation/translation/runs/translategemma4b_es_en_gemma3_1b_full_20260303_114100/stage_b/checkpoint-000005,false,false,"resume_from_missing,selected_checkpoint_missing,student_model_missing",,stage_a__checkpoint-024000,stage_a,checkpoint-024000,greedy,,,,,projects/distillation/translation/runs/translategemma4b_es_en_gemma3_1b_full_train1280_20260303_114100/stage_a/checkpoint-024000,false,,,,,,,,,,false,false,,,,,26.4599,56.7285,,projects/distillation/translation/training_data/translate_distill_pairs.eval2_wmt13_enes_128.jsonl,eval2_external__stage_a24__greedy,,,,,,,,,,,,,,,,,,,,,,,,,0,
translategemma4b_es_en_gemma3_1b_full_train1280_20260303_114100,completed,train_summary,2026-03-04 03:11:44 UTC,2026-03-12 19:52:26 UTC,"en,es","en,es",1280,projects/distillation/translation/training_data/translate_distill_pairs.jsonl,A_then_B,64000,32000,32000,0.5000,0.1000,1.0000,0.2000,google/translategemma-4b-it,projects/distillation/translation/runs/translategemma4b_es_en_gemma3_1b_full_20260303_114100/stage_b/checkpoint-000005,false,true,stage_b,projects/distillation/translation/runs/translategemma4b_es_en_gemma3_1b_full_20260303_114100/stage_b/checkpoint-000005,false,false,"resume_from_missing,selected_checkpoint_missing,student_model_missing",,stage_a__checkpoint-016000,stage_a,checkpoint-016000,greedy,,,,,projects/distillation/translation/runs/translategemma4b_es_en_gemma3_1b_full_train1280_20260303_114100/stage_a/checkpoint-016000,false,,,,,,,,,,false,false,,,,,26.4151,56.7315,,projects/distillation/translation/training_data/translate_distill_pairs.eval2_wmt13_enes_128.jsonl,eval2_external__stage_a16__greedy,,,,,,,,,,,,,,,,,,,,,,,,,0,
translategemma4b_es_en_gemma3_1b_full_train1280_20260303_114100,completed,train_summary,2026-03-04 03:11:44 UTC,2026-03-12 19:52:26 UTC,"en,es","en,es",1280,projects/distillation/translation/training_data/translate_distill_pairs.jsonl,A_then_B,64000,32000,32000,0.5000,0.1000,1.0000,0.2000,google/translategemma-4b-it,projects/distillation/translation/runs/translategemma4b_es_en_gemma3_1b_full_20260303_114100/stage_b/checkpoint-000005,false,true,stage_b,projects/distillation/translation/runs/translategemma4b_es_en_gemma3_1b_full_20260303_114100/stage_b/checkpoint-000005,false,false,"resume_from_missing,selected_checkpoint_missing,student_model_missing",,stage_a__checkpoint-008000,stage_a,checkpoint-008000,greedy,,,,,projects/distillation/translation/runs/translategemma4b_es_en_gemma3_1b_full_train1280_20260303_114100/stage_a/checkpoint-008000,false,,,,,,,,,,false,false,,,,,26.8327,56.7330,,projects/distillation/translation/training_data/translate_distill_pairs.eval2_wmt13_enes_128.jsonl,eval2_external__stage_a8__greedy,,,,,,,,,,,,,,,,,,,,,,,,,0,
translategemma4b_es_en_gemma3_1b_full_train1280_20260303_114100,completed,train_summary,2026-03-04 03:11:44 UTC,2026-03-12 19:52:26 UTC,"en,es","en,es",1280,projects/distillation/translation/training_data/translate_distill_pairs.jsonl,A_then_B,64000,32000,32000,0.5000,0.1000,1.0000,0.2000,google/translategemma-4b-it,projects/distillation/translation/runs/translategemma4b_es_en_gemma3_1b_full_20260303_114100/stage_b/checkpoint-000005,false,true,stage_b,projects/distillation/translation/runs/translategemma4b_es_en_gemma3_1b_full_20260303_114100/stage_b/checkpoint-000005,false,false,"resume_from_missing,selected_checkpoint_missing,student_model_missing",,final,final,,sampled,,,,,projects/distillation/translation/runs/translategemma4b_es_en_gemma3_1b_full_20260303_114100/final,false,,,,,,,,,,false,false,,,,,7.9262,33.4874,,projects/distillation/translation/training_data/translate_distill_pairs.eval2_wmt13_enes_128.jsonl,eval2_external__final__sampled,,,,,,,,,,19.3169,42.6927,,projects/distillation/translation/training_data/translate_distill_pairs.eval3_indomain_clean_merged_128.jsonl,eval3_indomain_clean__final__sampled,,,,,,,,,,,0,-11.3907
translategemma4b_es_en_gemma3_1b_full_train1280_20260303_114100,completed,train_summary,2026-03-04 03:11:44 UTC,2026-03-12 19:52:26 UTC,"en,es","en,es",1280,projects/distillation/translation/training_data/translate_distill_pairs.jsonl,A_then_B,64000,32000,32000,0.5000,0.1000,1.0000,0.2000,google/translategemma-4b-it,projects/distillation/translation/runs/translategemma4b_es_en_gemma3_1b_full_20260303_114100/stage_b/checkpoint-000005,false,true,stage_b,projects/distillation/translation/runs/translategemma4b_es_en_gemma3_1b_full_20260303_114100/stage_b/checkpoint-000005,false,false,"resume_from_missing,selected_checkpoint_missing,student_model_missing",,final,final,,greedy,,,,,projects/distillation/translation/runs/translategemma4b_es_en_gemma3_1b_full_20260303_114100/final,false,,,,,,,,,,false,false,,,,,6.5945,31.4518,,projects/distillation/translation/training_data/translate_distill_pairs.eval2_wmt13_enes_128.jsonl,eval2_external__final__greedy,,,,,,,,,,18.7825,41.3420,,projects/distillation/translation/training_data/translate_distill_pairs.eval3_indomain_clean_merged_128.jsonl,eval3_indomain_clean__final__greedy,,,,,,,,,,,0,-12.1880
