run_name,eval_set,pairs,eval_dir,is_baseline,display_name,model_role,student_bleu,student_chrf,teacher_bleu,teacher_chrf,delta_bleu,delta_chrf,student_model,teacher_model,eval_samples,compare_summary_path,en_es_bleu,en_es_chrf,en_es_comet,en_es_sample_count,es_en_bleu,es_en_chrf,es_en_comet,es_en_sample_count,total_sample_count,execution_mode,arch,comet_available,quality_tier,params
baseline__facebook__nllb-200-distilled-600m__2026-03-10T014951Z,external_wmt13_en_es_translation_benchmark_128,projects/distillation/translation/training_data/translate_distill_pairs.eval2_wmt13_enes_128.jsonl,eval2_external__greedy,true,NLLB 200 Distilled 600M,baseline,38.4519,63.2696,,,,,facebook/nllb-200-distilled-600M,,128,projects/distillation/translation/runs/baseline__facebook__nllb-200-distilled-600m__2026-03-10T014951Z/eval2_external__greedy/compare_eval_summary.json,37.0228,61.6690,,64.0000,38.0987,65.2004,,64.0000,128.0000,seq2seq,nllb_seq2seq,false,2,600M
baseline__facebook__nllb-200-distilled-1.3b__2026-03-10T023424Z,external_wmt13_en_es_translation_benchmark_128,projects/distillation/translation/training_data/translate_distill_pairs.eval2_wmt13_enes_128.jsonl,baseline_checkpoint_sweep_greedy/eval2_external__final__greedy,true,NLLB 200 Distilled 1.3B,baseline,37.9870,62.9284,,,,,facebook/nllb-200-distilled-1.3B,,128,projects/distillation/translation/runs/baseline__facebook__nllb-200-distilled-1.3b__2026-03-10T023424Z/baseline_checkpoint_sweep_greedy/eval2_external__final__greedy/compare_eval_summary.json,36.0834,61.5609,,64.0000,39.7129,64.5943,,64.0000,128.0000,seq2seq,nllb_seq2seq,false,1,1.3B
baseline__helsinki-nlp__opus-mt-es-en__2026-03-10T022943Z,external_wmt13_en_es_translation_benchmark_128,projects/distillation/translation/training_data/translate_distill_pairs.eval2_wmt13_enes_128.jsonl,baseline_checkpoint_sweep_greedy/eval2_external__final__greedy,true,OPUS MT ES-EN,baseline,37.2022,65.1621,,,,,Helsinki-NLP/opus-mt-es-en,,64,projects/distillation/translation/runs/baseline__helsinki-nlp__opus-mt-es-en__2026-03-10T022943Z/baseline_checkpoint_sweep_greedy/eval2_external__final__greedy/compare_eval_summary.json,,,,,37.2022,65.1621,,64.0000,64.0000,seq2seq,marian_seq2seq,false,3,74M
baseline__facebook__m2m100_1.2b__2026-03-10T025214Z,external_wmt13_en_es_translation_benchmark_128,projects/distillation/translation/training_data/translate_distill_pairs.eval2_wmt13_enes_128.jsonl,baseline_checkpoint_sweep_greedy/eval2_external__final__greedy,true,M2M100 1.2B,baseline,36.8589,61.7235,,,,,facebook/m2m100_1.2B,,128,projects/distillation/translation/runs/baseline__facebook__m2m100_1.2b__2026-03-10T025214Z/baseline_checkpoint_sweep_greedy/eval2_external__final__greedy/compare_eval_summary.json,34.1159,59.4015,,64.0000,36.9357,64.5058,,64.0000,128.0000,seq2seq,m2m100_seq2seq,false,2,1.2B
baseline__helsinki-nlp__opus-mt-en-es__2026-03-10T020411Z,external_wmt13_en_es_translation_benchmark_128,projects/distillation/translation/training_data/translate_distill_pairs.eval2_wmt13_enes_128.jsonl,baseline_checkpoint_sweep_greedy/eval2_external__final__greedy,true,OPUS MT EN-ES,baseline,35.6963,61.7223,,,,,Helsinki-NLP/opus-mt-en-es,,64,projects/distillation/translation/runs/baseline__helsinki-nlp__opus-mt-en-es__2026-03-10T020411Z/baseline_checkpoint_sweep_greedy/eval2_external__final__greedy/compare_eval_summary.json,35.6963,61.7223,,64.0000,,,,,64.0000,seq2seq,marian_seq2seq,false,3,74M
baseline__google__translategemma-4b-it__2026-03-10T134941Z,external_wmt13_en_es_translation_benchmark_128,projects/distillation/translation/training_data/translate_distill_pairs.eval2_wmt13_enes_128.jsonl,baseline_checkpoint_sweep_greedy/eval2_external__final__greedy,true,TranslateGemma 4B IT,baseline,34.0474,61.0088,,,,,google/translategemma-4b-it,,128,projects/distillation/translation/runs/baseline__google__translategemma-4b-it__2026-03-10T134941Z/baseline_checkpoint_sweep_greedy/eval2_external__final__greedy/compare_eval_summary.json,32.5667,59.1233,,64.0000,34.2776,63.2795,,64.0000,128.0000,causal-chat,gemma_causal_lm,false,0,4B
translategemma4b_es_en_gemma3_1b_savant_nativekd_esen_lr2e6_kd005_steps400_20260710,external_wmt13_en_es_translation_benchmark_128,projects/distillation/translation/training_data/translate_distill_pairs.eval2_wmt13_enes_128.jsonl,mixed_checkpoint_sweep_greedy_studentonly_external/eval2_external__checkpoint-000100__greedy,false,,student,33.8753,59.7127,,,,,projects/distillation/translation/runs/translategemma4b_es_en_gemma3_1b_savant_nativekd_esen_lr2e6_kd005_steps400_20260710/mixed/checkpoint-000100,,128,projects/distillation/translation/runs/translategemma4b_es_en_gemma3_1b_savant_nativekd_esen_lr2e6_kd005_steps400_20260710/mixed_checkpoint_sweep_greedy_studentonly_external/eval2_external__checkpoint-000100__greedy/compare_eval_summary.json,32.3063,58.6721,,64.0000,33.5221,60.9565,,64.0000,128.0000,causal-chat,gemma_causal_lm,false,,
translategemma4b_es_en_gemma3_1b_savant_nativekd_balanced_lr2e6_kd005_steps400_20260710,external_wmt13_en_es_translation_benchmark_128,projects/distillation/translation/training_data/translate_distill_pairs.eval2_wmt13_enes_128.jsonl,mixed_checkpoint_sweep_greedy_studentonly_external/eval2_external__checkpoint-000100__greedy,false,,student,33.8237,59.7999,,,,,projects/distillation/translation/runs/translategemma4b_es_en_gemma3_1b_savant_nativekd_balanced_lr2e6_kd005_steps400_20260710/mixed/checkpoint-000100,,128,projects/distillation/translation/runs/translategemma4b_es_en_gemma3_1b_savant_nativekd_balanced_lr2e6_kd005_steps400_20260710/mixed_checkpoint_sweep_greedy_studentonly_external/eval2_external__checkpoint-000100__greedy/compare_eval_summary.json,32.0874,58.4724,,64.0000,33.6087,61.3854,,64.0000,128.0000,causal-chat,gemma_causal_lm,false,,
translategemma4b_es_en_gemma3_1b_savant_nativekd_esen_lr2e6_kd005_steps400_20260710,external_wmt13_en_es_translation_benchmark_128,projects/distillation/translation/training_data/translate_distill_pairs.eval2_wmt13_enes_128.jsonl,mixed_checkpoint_sweep_greedy_studentonly_external/eval2_external__checkpoint-000400__greedy,false,,student,33.8204,59.7054,,,,,projects/distillation/translation/runs/translategemma4b_es_en_gemma3_1b_savant_nativekd_esen_lr2e6_kd005_steps400_20260710/mixed/checkpoint-000400,,128,projects/distillation/translation/runs/translategemma4b_es_en_gemma3_1b_savant_nativekd_esen_lr2e6_kd005_steps400_20260710/mixed_checkpoint_sweep_greedy_studentonly_external/eval2_external__checkpoint-000400__greedy/compare_eval_summary.json,32.1933,58.6274,,64.0000,33.6184,60.9937,,64.0000,128.0000,causal-chat,gemma_causal_lm,false,,
translategemma4b_es_en_gemma3_1b_savant_nativekd_balanced_lr2e6_kd005_steps400_20260710,external_wmt13_en_es_translation_benchmark_128,projects/distillation/translation/training_data/translate_distill_pairs.eval2_wmt13_enes_128.jsonl,mixed_checkpoint_sweep_greedy_studentonly_external/eval2_external__checkpoint-000300__greedy,false,,student,33.8111,59.7438,,,,,projects/distillation/translation/runs/translategemma4b_es_en_gemma3_1b_savant_nativekd_balanced_lr2e6_kd005_steps400_20260710/mixed/checkpoint-000300,,128,projects/distillation/translation/runs/translategemma4b_es_en_gemma3_1b_savant_nativekd_balanced_lr2e6_kd005_steps400_20260710/mixed_checkpoint_sweep_greedy_studentonly_external/eval2_external__checkpoint-000300__greedy/compare_eval_summary.json,32.0244,58.5466,,64.0000,33.6254,61.1744,,64.0000,128.0000,causal-chat,gemma_causal_lm,false,,
translategemma4b_es_en_gemma3_1b_savant_news_kddominant_sft005_kd010_lr2e6_steps400_20260710,external_wmt13_en_es_translation_benchmark_128,projects/distillation/translation/training_data/translate_distill_pairs.eval2_wmt13_enes_128.jsonl,mixed_checkpoint_sweep_greedy_studentonly_external/eval2_external__checkpoint-000100__greedy,false,,student,33.7932,59.7373,,,,,projects/distillation/translation/runs/translategemma4b_es_en_gemma3_1b_savant_news_kddominant_sft005_kd010_lr2e6_steps400_20260710/mixed/checkpoint-000100,,128,projects/distillation/translation/runs/translategemma4b_es_en_gemma3_1b_savant_news_kddominant_sft005_kd010_lr2e6_steps400_20260710/mixed_checkpoint_sweep_greedy_studentonly_external/eval2_external__checkpoint-000100__greedy/compare_eval_summary.json,32.0106,58.3986,,64.0000,33.7581,61.3366,,64.0000,128.0000,causal-chat,gemma_causal_lm,false,,
translategemma4b_es_en_gemma3_1b_savant_nativekd_esen_lr2e6_kd005_steps400_20260710,external_wmt13_en_es_translation_benchmark_128,projects/distillation/translation/training_data/translate_distill_pairs.eval2_wmt13_enes_128.jsonl,mixed_checkpoint_sweep_greedy_studentonly_external/eval2_external__checkpoint-000300__greedy,false,,student,33.7797,59.6928,,,,,projects/distillation/translation/runs/translategemma4b_es_en_gemma3_1b_savant_nativekd_esen_lr2e6_kd005_steps400_20260710/mixed/checkpoint-000300,,128,projects/distillation/translation/runs/translategemma4b_es_en_gemma3_1b_savant_nativekd_esen_lr2e6_kd005_steps400_20260710/mixed_checkpoint_sweep_greedy_studentonly_external/eval2_external__checkpoint-000300__greedy/compare_eval_summary.json,32.1354,58.5182,,64.0000,33.4645,61.0958,,64.0000,128.0000,causal-chat,gemma_causal_lm,false,,
translategemma4b_es_en_gemma3_1b_savant_nativekd_esen_lr2e6_kd005_steps400_20260710,external_wmt13_en_es_translation_benchmark_128,projects/distillation/translation/training_data/translate_distill_pairs.eval2_wmt13_enes_128.jsonl,mixed_checkpoint_sweep_greedy_studentonly_external/eval2_external__checkpoint-000200__greedy,false,,student,33.7610,59.7373,,,,,projects/distillation/translation/runs/translategemma4b_es_en_gemma3_1b_savant_nativekd_esen_lr2e6_kd005_steps400_20260710/mixed/checkpoint-000200,,128,projects/distillation/translation/runs/translategemma4b_es_en_gemma3_1b_savant_nativekd_esen_lr2e6_kd005_steps400_20260710/mixed_checkpoint_sweep_greedy_studentonly_external/eval2_external__checkpoint-000200__greedy/compare_eval_summary.json,31.9694,58.4329,,64.0000,33.7405,61.2957,,64.0000,128.0000,causal-chat,gemma_causal_lm,false,,
savant_student_teacher_paired_20260710,external_wmt13_en_es_translation_benchmark_128,projects/distillation/translation/training_data/translate_distill_pairs.eval2_wmt13_enes_128.jsonl,external_wmt13_128,false,,student,33.7353,59.6065,33.6973,60.8011,0.0380,-1.1946,projects/distillation/translation/runs/translategemma4b_es_en_gemma3_1b_stagea_goldgrid_rows1600_bf16_codexreplace05_pack06_defer_studentonly_v1/stage_a/checkpoint-004000,google/translategemma-4b-it,128,projects/distillation/translation/runs/savant_student_teacher_paired_20260710/external_wmt13_128/compare_eval_summary.json,32.3199,58.7193,,64.0000,33.2660,60.6673,,64.0000,128.0000,causal-chat,gemma_causal_lm,false,,
translategemma4b_es_en_gemma3_1b_stagea_goldgrid_rows1600_bf16_codexreplace05_pack06_defer_studentonly_v1,external_wmt13_en_es_translation_benchmark_128,projects/distillation/translation/training_data/translate_distill_pairs.eval2_wmt13_enes_128.jsonl,stage_a_checkpoint_sweep_greedy/eval2_external__checkpoint-004000__greedy,false,,student,33.7353,59.6065,,,,,projects/distillation/translation/runs/translategemma4b_es_en_gemma3_1b_stagea_goldgrid_rows1600_bf16_codexreplace05_pack06_defer_studentonly_v1/stage_a/checkpoint-004000,,128,projects/distillation/translation/runs/translategemma4b_es_en_gemma3_1b_stagea_goldgrid_rows1600_bf16_codexreplace05_pack06_defer_studentonly_v1/stage_a_checkpoint_sweep_greedy/eval2_external__checkpoint-004000__greedy/compare_eval_summary.json,32.3199,58.7193,,64.0000,33.2660,60.6673,,64.0000,128.0000,causal-chat,gemma_causal_lm,false,,
translategemma4b_es_en_gemma3_1b_savant_news_kddominant_sft005_kd010_lr2e6_steps400_20260710,external_wmt13_en_es_translation_benchmark_128,projects/distillation/translation/training_data/translate_distill_pairs.eval2_wmt13_enes_128.jsonl,mixed_checkpoint_sweep_greedy_studentonly_external/eval2_external__checkpoint-000200__greedy,false,,student,33.7306,59.6389,,,,,projects/distillation/translation/runs/translategemma4b_es_en_gemma3_1b_savant_news_kddominant_sft005_kd010_lr2e6_steps400_20260710/mixed/checkpoint-000200,,128,projects/distillation/translation/runs/translategemma4b_es_en_gemma3_1b_savant_news_kddominant_sft005_kd010_lr2e6_steps400_20260710/mixed_checkpoint_sweep_greedy_studentonly_external/eval2_external__checkpoint-000200__greedy/compare_eval_summary.json,32.1586,58.4322,,64.0000,33.4930,61.0820,,64.0000,128.0000,causal-chat,gemma_causal_lm,false,,
translategemma4b_es_en_gemma3_1b_savant_nativekd_balanced_lr2e6_kd005_steps400_20260710,external_wmt13_en_es_translation_benchmark_128,projects/distillation/translation/training_data/translate_distill_pairs.eval2_wmt13_enes_128.jsonl,mixed_checkpoint_sweep_greedy_studentonly_external/eval2_external__checkpoint-000400__greedy,false,,student,33.7002,59.6211,,,,,projects/distillation/translation/runs/translategemma4b_es_en_gemma3_1b_savant_nativekd_balanced_lr2e6_kd005_steps400_20260710/mixed/checkpoint-000400,,128,projects/distillation/translation/runs/translategemma4b_es_en_gemma3_1b_savant_nativekd_balanced_lr2e6_kd005_steps400_20260710/mixed_checkpoint_sweep_greedy_studentonly_external/eval2_external__checkpoint-000400__greedy/compare_eval_summary.json,32.0309,58.3650,,64.0000,33.4770,61.1230,,64.0000,128.0000,causal-chat,gemma_causal_lm,false,,
translategemma4b_es_en_gemma3_1b_savant_nativekd_balanced_lr2e6_kd005_steps400_20260710,external_wmt13_en_es_translation_benchmark_128,projects/distillation/translation/training_data/translate_distill_pairs.eval2_wmt13_enes_128.jsonl,mixed_checkpoint_sweep_greedy_studentonly_external/eval2_external__checkpoint-000200__greedy,false,,student,33.6839,59.6646,,,,,projects/distillation/translation/runs/translategemma4b_es_en_gemma3_1b_savant_nativekd_balanced_lr2e6_kd005_steps400_20260710/mixed/checkpoint-000200,,128,projects/distillation/translation/runs/translategemma4b_es_en_gemma3_1b_savant_nativekd_balanced_lr2e6_kd005_steps400_20260710/mixed_checkpoint_sweep_greedy_studentonly_external/eval2_external__checkpoint-000200__greedy/compare_eval_summary.json,31.8891,58.5040,,64.0000,33.6443,61.0507,,64.0000,128.0000,causal-chat,gemma_causal_lm,false,,
translategemma4b_es_en_gemma3_1b_savant_news_kddominant_sft005_kd010_lr2e6_steps400_20260710,external_wmt13_en_es_translation_benchmark_128,projects/distillation/translation/training_data/translate_distill_pairs.eval2_wmt13_enes_128.jsonl,mixed_checkpoint_sweep_greedy_studentonly_external/eval2_external__checkpoint-000300__greedy,false,,student,33.6461,59.5030,,,,,projects/distillation/translation/runs/translategemma4b_es_en_gemma3_1b_savant_news_kddominant_sft005_kd010_lr2e6_steps400_20260710/mixed/checkpoint-000300,,128,projects/distillation/translation/runs/translategemma4b_es_en_gemma3_1b_savant_news_kddominant_sft005_kd010_lr2e6_steps400_20260710/mixed_checkpoint_sweep_greedy_studentonly_external/eval2_external__checkpoint-000300__greedy/compare_eval_summary.json,32.1586,58.4388,,64.0000,33.3444,60.7758,,64.0000,128.0000,causal-chat,gemma_causal_lm,false,,
translategemma4b_es_en_gemma3_1b_stagea_goldgrid_rows1600_bf16_codexreplace05_pack06_ckpt4000_lr5e6_1k_dense250_v1,external_wmt13_en_es_translation_benchmark_128,projects/distillation/translation/training_data/translate_distill_pairs.eval2_wmt13_enes_128.jsonl,stage_a_checkpoint_sweep_greedy/eval2_external__checkpoint-000250__greedy,false,,student,33.6283,59.6061,,,,,projects/distillation/translation/runs/translategemma4b_es_en_gemma3_1b_stagea_goldgrid_rows1600_bf16_codexreplace05_pack06_ckpt4000_lr5e6_1k_dense250_v1/stage_a/checkpoint-000250,,128,projects/distillation/translation/runs/translategemma4b_es_en_gemma3_1b_stagea_goldgrid_rows1600_bf16_codexreplace05_pack06_ckpt4000_lr5e6_1k_dense250_v1/stage_a_checkpoint_sweep_greedy/eval2_external__checkpoint-000250__greedy/compare_eval_summary.json,31.9981,58.4978,,64.0000,32.9653,60.9280,,64.0000,128.0000,causal-chat,gemma_causal_lm,false,,
translategemma4b_es_en_gemma3_1b_stagea_goldgrid_rows1600_bf16_codexreplace05_pack06_ckpt4000_lr5e6_1k_dense250_v1,external_wmt13_en_es_translation_benchmark_128,projects/distillation/translation/training_data/translate_distill_pairs.eval2_wmt13_enes_128.jsonl,stage_a_checkpoint_sweep_greedy/eval2_external__checkpoint-000750__greedy,false,,student,33.5596,59.6652,,,,,projects/distillation/translation/runs/translategemma4b_es_en_gemma3_1b_stagea_goldgrid_rows1600_bf16_codexreplace05_pack06_ckpt4000_lr5e6_1k_dense250_v1/stage_a/checkpoint-000750,,128,projects/distillation/translation/runs/translategemma4b_es_en_gemma3_1b_stagea_goldgrid_rows1600_bf16_codexreplace05_pack06_ckpt4000_lr5e6_1k_dense250_v1/stage_a_checkpoint_sweep_greedy/eval2_external__checkpoint-000750__greedy/compare_eval_summary.json,31.7375,58.5848,,64.0000,32.9128,60.9534,,64.0000,128.0000,causal-chat,gemma_causal_lm,false,,
translategemma4b_es_en_gemma3_1b_savant_news_kddominant_sft005_kd010_lr2e6_steps400_20260710,external_wmt13_en_es_translation_benchmark_128,projects/distillation/translation/training_data/translate_distill_pairs.eval2_wmt13_enes_128.jsonl,mixed_checkpoint_sweep_greedy_studentonly_external/eval2_external__checkpoint-000400__greedy,false,,student,33.4858,59.4568,,,,,projects/distillation/translation/runs/translategemma4b_es_en_gemma3_1b_savant_news_kddominant_sft005_kd010_lr2e6_steps400_20260710/mixed/checkpoint-000400,,128,projects/distillation/translation/runs/translategemma4b_es_en_gemma3_1b_savant_news_kddominant_sft005_kd010_lr2e6_steps400_20260710/mixed_checkpoint_sweep_greedy_studentonly_external/eval2_external__checkpoint-000400__greedy/compare_eval_summary.json,32.1255,58.3146,,64.0000,33.0296,60.8232,,64.0000,128.0000,causal-chat,gemma_causal_lm,false,,
translategemma4b_es_en_gemma3_1b_stagea_goldgrid_rows1600_bf16_codexreplace05_pack06_defer_studentonly_v1,external_wmt13_en_es_translation_benchmark_128,projects/distillation/translation/training_data/translate_distill_pairs.eval2_wmt13_enes_128.jsonl,stage_a_checkpoint_sweep_greedy/eval2_external__checkpoint-003500__greedy,false,,student,33.4022,59.4927,,,,,projects/distillation/translation/runs/translategemma4b_es_en_gemma3_1b_stagea_goldgrid_rows1600_bf16_codexreplace05_pack06_defer_studentonly_v1/stage_a/checkpoint-003500,,128,projects/distillation/translation/runs/translategemma4b_es_en_gemma3_1b_stagea_goldgrid_rows1600_bf16_codexreplace05_pack06_defer_studentonly_v1/stage_a_checkpoint_sweep_greedy/eval2_external__checkpoint-003500__greedy/compare_eval_summary.json,31.7909,58.4993,,64.0000,33.0885,60.6806,,64.0000,128.0000,causal-chat,gemma_causal_lm,false,,
translategemma4b_es_en_gemma3_1b_stagea_goldgrid_rows1600_bf16_codexreplace05_pack06_ckpt4000_lr5e6_1k_dense250_v1,external_wmt13_en_es_translation_benchmark_128,projects/distillation/translation/training_data/translate_distill_pairs.eval2_wmt13_enes_128.jsonl,stage_a_checkpoint_sweep_greedy/eval2_external__checkpoint-000500__greedy,false,,student,33.3643,59.6819,,,,,projects/distillation/translation/runs/translategemma4b_es_en_gemma3_1b_stagea_goldgrid_rows1600_bf16_codexreplace05_pack06_ckpt4000_lr5e6_1k_dense250_v1/stage_a/checkpoint-000500,,128,projects/distillation/translation/runs/translategemma4b_es_en_gemma3_1b_stagea_goldgrid_rows1600_bf16_codexreplace05_pack06_ckpt4000_lr5e6_1k_dense250_v1/stage_a_checkpoint_sweep_greedy/eval2_external__checkpoint-000500__greedy/compare_eval_summary.json,31.4961,58.5796,,64.0000,32.8317,60.9962,,64.0000,128.0000,causal-chat,gemma_causal_lm,false,,
translategemma4b_es_en_gemma3_1b_stagea_goldgrid_rows1600_bf16_codexreplace05_pack06_defer_studentonly_v1,external_wmt13_en_es_translation_benchmark_128,projects/distillation/translation/training_data/translate_distill_pairs.eval2_wmt13_enes_128.jsonl,stage_a_checkpoint_sweep_greedy/eval2_external__checkpoint-003000__greedy,false,,student,33.2716,59.5406,,,,,projects/distillation/translation/runs/translategemma4b_es_en_gemma3_1b_stagea_goldgrid_rows1600_bf16_codexreplace05_pack06_defer_studentonly_v1/stage_a/checkpoint-003000,,128,projects/distillation/translation/runs/translategemma4b_es_en_gemma3_1b_stagea_goldgrid_rows1600_bf16_codexreplace05_pack06_defer_studentonly_v1/stage_a_checkpoint_sweep_greedy/eval2_external__checkpoint-003000__greedy/compare_eval_summary.json,31.7656,58.6412,,64.0000,32.8096,60.6159,,64.0000,128.0000,causal-chat,gemma_causal_lm,false,,
translategemma4b_es_en_gemma3_1b_stagea_goldgrid_rows1600_bf16_codexreplace05_pack06_ckpt4000_lr5e6_1k_dense250_v1,external_wmt13_en_es_translation_benchmark_128,projects/distillation/translation/training_data/translate_distill_pairs.eval2_wmt13_enes_128.jsonl,stage_a_checkpoint_sweep_greedy/eval2_external__checkpoint-001000__greedy,false,,student,33.2540,59.6206,,,,,projects/distillation/translation/runs/translategemma4b_es_en_gemma3_1b_stagea_goldgrid_rows1600_bf16_codexreplace05_pack06_ckpt4000_lr5e6_1k_dense250_v1/stage_a/checkpoint-001000,,128,projects/distillation/translation/runs/translategemma4b_es_en_gemma3_1b_stagea_goldgrid_rows1600_bf16_codexreplace05_pack06_ckpt4000_lr5e6_1k_dense250_v1/stage_a_checkpoint_sweep_greedy/eval2_external__checkpoint-001000__greedy/compare_eval_summary.json,31.4720,58.5278,,64.0000,32.6302,60.9252,,64.0000,128.0000,causal-chat,gemma_causal_lm,false,,
translategemma4b_es_en_gemma3_1b_stagea_goldgrid_rows1600_bf16_codexreplace05_pack06_6k_dense500_defer_studentonly_v1,external_wmt13_en_es_translation_benchmark_128,projects/distillation/translation/training_data/translate_distill_pairs.eval2_wmt13_enes_128.jsonl,stage_a_checkpoint_sweep_greedy/eval2_external__checkpoint-003000__greedy,false,,student,33.2481,59.4567,,,,,projects/distillation/translation/runs/translategemma4b_es_en_gemma3_1b_stagea_goldgrid_rows1600_bf16_codexreplace05_pack06_6k_dense500_defer_studentonly_v1/stage_a/checkpoint-003000,,128,projects/distillation/translation/runs/translategemma4b_es_en_gemma3_1b_stagea_goldgrid_rows1600_bf16_codexreplace05_pack06_6k_dense500_defer_studentonly_v1/stage_a_checkpoint_sweep_greedy/eval2_external__checkpoint-003000__greedy/compare_eval_summary.json,31.7939,58.2836,,64.0000,32.8087,60.8633,,64.0000,128.0000,causal-chat,gemma_causal_lm,false,,
translategemma4b_es_en_gemma3_1b_stagea_goldgrid_rows1600_bf16_codexreplace05_pack06_6k_dense500_defer_studentonly_v1,external_wmt13_en_es_translation_benchmark_128,projects/distillation/translation/training_data/translate_distill_pairs.eval2_wmt13_enes_128.jsonl,stage_a_checkpoint_sweep_greedy/eval2_external__checkpoint-003500__greedy,false,,student,33.2081,59.4289,,,,,projects/distillation/translation/runs/translategemma4b_es_en_gemma3_1b_stagea_goldgrid_rows1600_bf16_codexreplace05_pack06_6k_dense500_defer_studentonly_v1/stage_a/checkpoint-003500,,128,projects/distillation/translation/runs/translategemma4b_es_en_gemma3_1b_stagea_goldgrid_rows1600_bf16_codexreplace05_pack06_6k_dense500_defer_studentonly_v1/stage_a_checkpoint_sweep_greedy/eval2_external__checkpoint-003500__greedy/compare_eval_summary.json,31.8447,58.3577,,64.0000,32.4378,60.7099,,64.0000,128.0000,causal-chat,gemma_causal_lm,false,,
savant_student_beam4_20260710,external_wmt13_en_es_translation_benchmark_128,projects/distillation/translation/training_data/translate_distill_pairs.eval2_wmt13_enes_128.jsonl,external_wmt13_128,false,,student,33.1405,59.3544,,,,,projects/distillation/translation/runs/translategemma4b_es_en_gemma3_1b_stagea_goldgrid_rows1600_bf16_codexreplace05_pack06_defer_studentonly_v1/stage_a/checkpoint-004000,,128,projects/distillation/translation/runs/savant_student_beam4_20260710/external_wmt13_128/compare_eval_summary.json,31.8440,58.4075,,64.0000,32.6197,60.4875,,64.0000,128.0000,causal-chat,gemma_causal_lm,false,,
translategemma4b_es_en_gemma3_1b_stagea_goldgrid_rows1600_bf16_codexreplace05_pack06_6k_dense500_defer_studentonly_v1,external_wmt13_en_es_translation_benchmark_128,projects/distillation/translation/training_data/translate_distill_pairs.eval2_wmt13_enes_128.jsonl,stage_a_checkpoint_sweep_greedy/eval2_external__checkpoint-004500__greedy,false,,student,33.1271,59.3659,,,,,projects/distillation/translation/runs/translategemma4b_es_en_gemma3_1b_stagea_goldgrid_rows1600_bf16_codexreplace05_pack06_6k_dense500_defer_studentonly_v1/stage_a/checkpoint-004500,,128,projects/distillation/translation/runs/translategemma4b_es_en_gemma3_1b_stagea_goldgrid_rows1600_bf16_codexreplace05_pack06_6k_dense500_defer_studentonly_v1/stage_a_checkpoint_sweep_greedy/eval2_external__checkpoint-004500__greedy/compare_eval_summary.json,31.9752,58.5103,,64.0000,32.3671,60.3890,,64.0000,128.0000,causal-chat,gemma_causal_lm,false,,
translategemma4b_es_en_gemma3_1b_stagea_goldgrid_rows1600_bf16_codexreplace05_pack06_defer_studentonly_v1,external_wmt13_en_es_translation_benchmark_128,projects/distillation/translation/training_data/translate_distill_pairs.eval2_wmt13_enes_128.jsonl,stage_a_checkpoint_sweep_greedy/eval2_external__checkpoint-002000__greedy,false,,student,33.0678,58.9794,,,,,projects/distillation/translation/runs/translategemma4b_es_en_gemma3_1b_stagea_goldgrid_rows1600_bf16_codexreplace05_pack06_defer_studentonly_v1/stage_a/checkpoint-002000,,128,projects/distillation/translation/runs/translategemma4b_es_en_gemma3_1b_stagea_goldgrid_rows1600_bf16_codexreplace05_pack06_defer_studentonly_v1/stage_a_checkpoint_sweep_greedy/eval2_external__checkpoint-002000__greedy/compare_eval_summary.json,31.7152,57.6257,,64.0000,32.2432,60.5960,,64.0000,128.0000,causal-chat,gemma_causal_lm,false,,
translategemma4b_es_en_gemma3_1b_stagea_goldgrid_rows1600_bf16_codexreplace05_pack06_defer_studentonly_v1,external_wmt13_en_es_translation_benchmark_128,projects/distillation/translation/training_data/translate_distill_pairs.eval2_wmt13_enes_128.jsonl,stage_a_checkpoint_sweep_greedy/eval2_external__checkpoint-002500__greedy,false,,student,33.0415,59.3629,,,,,projects/distillation/translation/runs/translategemma4b_es_en_gemma3_1b_stagea_goldgrid_rows1600_bf16_codexreplace05_pack06_defer_studentonly_v1/stage_a/checkpoint-002500,,128,projects/distillation/translation/runs/translategemma4b_es_en_gemma3_1b_stagea_goldgrid_rows1600_bf16_codexreplace05_pack06_defer_studentonly_v1/stage_a_checkpoint_sweep_greedy/eval2_external__checkpoint-002500__greedy/compare_eval_summary.json,31.3308,58.2737,,64.0000,32.9222,60.6654,,64.0000,128.0000,causal-chat,gemma_causal_lm,false,,
translategemma4b_es_en_gemma3_1b_stagea_goldgrid_rows1600_bf16_codexreplace05_pack06_6k_dense500_defer_studentonly_v1,external_wmt13_en_es_translation_benchmark_128,projects/distillation/translation/training_data/translate_distill_pairs.eval2_wmt13_enes_128.jsonl,stage_a_checkpoint_sweep_greedy/eval2_external__checkpoint-004000__greedy,false,,student,32.9595,59.3363,,,,,projects/distillation/translation/runs/translategemma4b_es_en_gemma3_1b_stagea_goldgrid_rows1600_bf16_codexreplace05_pack06_6k_dense500_defer_studentonly_v1/stage_a/checkpoint-004000,,128,projects/distillation/translation/runs/translategemma4b_es_en_gemma3_1b_stagea_goldgrid_rows1600_bf16_codexreplace05_pack06_6k_dense500_defer_studentonly_v1/stage_a_checkpoint_sweep_greedy/eval2_external__checkpoint-004000__greedy/compare_eval_summary.json,31.4702,58.1722,,64.0000,32.4967,60.7281,,64.0000,128.0000,causal-chat,gemma_causal_lm,false,,
translategemma4b_es_en_gemma3_1b_stagea_goldgrid_rows1600_bf16_codexreplace05_pack06_6k_dense500_defer_studentonly_v1,external_wmt13_en_es_translation_benchmark_128,projects/distillation/translation/training_data/translate_distill_pairs.eval2_wmt13_enes_128.jsonl,stage_a_checkpoint_sweep_greedy/eval2_external__checkpoint-005500__greedy,false,,student,32.9406,59.0580,,,,,projects/distillation/translation/runs/translategemma4b_es_en_gemma3_1b_stagea_goldgrid_rows1600_bf16_codexreplace05_pack06_6k_dense500_defer_studentonly_v1/stage_a/checkpoint-005500,,128,projects/distillation/translation/runs/translategemma4b_es_en_gemma3_1b_stagea_goldgrid_rows1600_bf16_codexreplace05_pack06_6k_dense500_defer_studentonly_v1/stage_a_checkpoint_sweep_greedy/eval2_external__checkpoint-005500__greedy/compare_eval_summary.json,31.4547,57.8029,,64.0000,32.5458,60.5584,,64.0000,128.0000,causal-chat,gemma_causal_lm,false,,
translategemma4b_es_en_gemma3_1b_stagea_goldgrid_rows1568_bf16_codexdense_pack06_prune10_seed42_500ckpts_v1,external_wmt13_en_es_translation_benchmark_128,projects/distillation/translation/training_data/translate_distill_pairs.eval2_wmt13_enes_128.jsonl,stage_a_checkpoint_sweep_greedy/eval2_external__checkpoint-003000__greedy,false,,student,32.9055,59.4631,,,,,projects/distillation/translation/runs/translategemma4b_es_en_gemma3_1b_stagea_goldgrid_rows1568_bf16_codexdense_pack06_prune10_seed42_500ckpts_v1/stage_a/checkpoint-003000,,128,projects/distillation/translation/runs/translategemma4b_es_en_gemma3_1b_stagea_goldgrid_rows1568_bf16_codexdense_pack06_prune10_seed42_500ckpts_v1/stage_a_checkpoint_sweep_greedy/eval2_external__checkpoint-003000__greedy/compare_eval_summary.json,31.4216,58.4698,,64.0000,32.1594,60.6573,,64.0000,128.0000,causal-chat,gemma_causal_lm,false,,
translategemma4b_es_en_gemma3_1b_stagea_goldgrid_rows1568_bf16_codexlow_pack06_prune10_defer_studentonly_v2,external_wmt13_en_es_translation_benchmark_128,projects/distillation/translation/training_data/translate_distill_pairs.eval2_wmt13_enes_128.jsonl,stage_a_checkpoint_sweep_greedy/eval2_external__checkpoint-003000__greedy,false,,student,32.9055,59.4631,,,,,projects/distillation/translation/runs/translategemma4b_es_en_gemma3_1b_stagea_goldgrid_rows1568_bf16_codexlow_pack06_prune10_defer_studentonly_v2/stage_a/checkpoint-003000,,128,projects/distillation/translation/runs/translategemma4b_es_en_gemma3_1b_stagea_goldgrid_rows1568_bf16_codexlow_pack06_prune10_defer_studentonly_v2/stage_a_checkpoint_sweep_greedy/eval2_external__checkpoint-003000__greedy/compare_eval_summary.json,31.4216,58.4698,,64.0000,32.1594,60.6573,,64.0000,128.0000,causal-chat,gemma_causal_lm,false,,
translategemma4b_es_en_gemma3_1b_stagea_goldgrid_rows1584_bf16_codexprune05_pack06_defer_studentonly_v1,external_wmt13_en_es_translation_benchmark_128,projects/distillation/translation/training_data/translate_distill_pairs.eval2_wmt13_enes_128.jsonl,stage_a_checkpoint_sweep_greedy/eval2_external__checkpoint-003500__greedy,false,,student,32.8755,58.9218,,,,,projects/distillation/translation/runs/translategemma4b_es_en_gemma3_1b_stagea_goldgrid_rows1584_bf16_codexprune05_pack06_defer_studentonly_v1/stage_a/checkpoint-003500,,128,projects/distillation/translation/runs/translategemma4b_es_en_gemma3_1b_stagea_goldgrid_rows1584_bf16_codexprune05_pack06_defer_studentonly_v1/stage_a_checkpoint_sweep_greedy/eval2_external__checkpoint-003500__greedy/compare_eval_summary.json,31.8220,57.9159,,64.0000,32.2159,60.1318,,64.0000,128.0000,causal-chat,gemma_causal_lm,false,,
translategemma4b_es_en_gemma3_1b_stagea_goldgrid_rows1600_bf16_codexreplace05_pack06_6k_dense500_defer_studentonly_v1,external_wmt13_en_es_translation_benchmark_128,projects/distillation/translation/training_data/translate_distill_pairs.eval2_wmt13_enes_128.jsonl,stage_a_checkpoint_sweep_greedy/eval2_external__checkpoint-006000__greedy,false,,student,32.8603,58.9197,,,,,projects/distillation/translation/runs/translategemma4b_es_en_gemma3_1b_stagea_goldgrid_rows1600_bf16_codexreplace05_pack06_6k_dense500_defer_studentonly_v1/stage_a/checkpoint-006000,,128,projects/distillation/translation/runs/translategemma4b_es_en_gemma3_1b_stagea_goldgrid_rows1600_bf16_codexreplace05_pack06_6k_dense500_defer_studentonly_v1/stage_a_checkpoint_sweep_greedy/eval2_external__checkpoint-006000__greedy/compare_eval_summary.json,31.3073,57.5483,,64.0000,32.5458,60.5584,,64.0000,128.0000,causal-chat,gemma_causal_lm,false,,
translategemma4b_es_en_gemma3_1b_savant_news_nativekd_lr3e6_kd005_steps2000_20260710,external_wmt13_en_es_translation_benchmark_128,projects/distillation/translation/training_data/translate_distill_pairs.eval2_wmt13_enes_128.jsonl,mixed_checkpoint_sweep_greedy_studentonly_external/eval2_external__checkpoint-000750__greedy,false,,student,32.8504,58.6554,,,,,projects/distillation/translation/runs/translategemma4b_es_en_gemma3_1b_savant_news_nativekd_lr3e6_kd005_steps2000_20260710/mixed/checkpoint-000750,,128,projects/distillation/translation/runs/translategemma4b_es_en_gemma3_1b_savant_news_nativekd_lr3e6_kd005_steps2000_20260710/mixed_checkpoint_sweep_greedy_studentonly_external/eval2_external__checkpoint-000750__greedy/compare_eval_summary.json,30.4957,56.5962,,64.0000,34.1046,61.1263,,64.0000,128.0000,causal-chat,gemma_causal_lm,false,,
translategemma4b_es_en_gemma3_1b_stagea_goldgrid_rows2240_bf16_confirm_best7,external_wmt13_en_es_translation_benchmark_128,projects/distillation/translation/training_data/translate_distill_pairs.eval2_wmt13_enes_128.jsonl,stage_a_checkpoint_sweep_greedy/eval2_external__checkpoint-002000__greedy,false,,student,32.8224,59.4068,34.0474,61.0088,-1.2250,-1.6020,projects/distillation/translation/runs/translategemma4b_es_en_gemma3_1b_stagea_goldgrid_rows2240_bf16_confirm_best7/stage_a/checkpoint-002000,/home/x/.cache/huggingface/hub/models--google--translategemma-4b-it/snapshots/10042cb0e6e7fdce748996a71dc3dc432a4e0c89,128,projects/distillation/translation/runs/translategemma4b_es_en_gemma3_1b_stagea_goldgrid_rows2240_bf16_confirm_best7/stage_a_checkpoint_sweep_greedy/eval2_external__checkpoint-002000__greedy/compare_eval_summary.json,30.9990,57.5689,,64.0000,32.1422,61.6076,,64.0000,128.0000,causal-chat,gemma_causal_lm,false,,
translategemma4b_es_en_gemma3_1b_savant_news_nativekd_lr3e6_kd005_steps2000_20260710,external_wmt13_en_es_translation_benchmark_128,projects/distillation/translation/training_data/translate_distill_pairs.eval2_wmt13_enes_128.jsonl,mixed_checkpoint_sweep_greedy_studentonly_external/eval2_external__checkpoint-001000__greedy,false,,student,32.8216,58.5633,,,,,projects/distillation/translation/runs/translategemma4b_es_en_gemma3_1b_savant_news_nativekd_lr3e6_kd005_steps2000_20260710/mixed/checkpoint-001000,,128,projects/distillation/translation/runs/translategemma4b_es_en_gemma3_1b_savant_news_nativekd_lr3e6_kd005_steps2000_20260710/mixed_checkpoint_sweep_greedy_studentonly_external/eval2_external__checkpoint-001000__greedy/compare_eval_summary.json,30.8273,56.6361,,64.0000,33.8022,60.8763,,64.0000,128.0000,causal-chat,gemma_causal_lm,false,,
translategemma4b_es_en_gemma3_1b_stagea_goldgrid_rows1600_bf16_codexreplace05_pack06_6k_dense500_defer_studentonly_v1,external_wmt13_en_es_translation_benchmark_128,projects/distillation/translation/training_data/translate_distill_pairs.eval2_wmt13_enes_128.jsonl,stage_a_checkpoint_sweep_greedy/eval2_external__checkpoint-005000__greedy,false,,student,32.8143,58.9496,,,,,projects/distillation/translation/runs/translategemma4b_es_en_gemma3_1b_stagea_goldgrid_rows1600_bf16_codexreplace05_pack06_6k_dense500_defer_studentonly_v1/stage_a/checkpoint-005000,,128,projects/distillation/translation/runs/translategemma4b_es_en_gemma3_1b_stagea_goldgrid_rows1600_bf16_codexreplace05_pack06_6k_dense500_defer_studentonly_v1/stage_a_checkpoint_sweep_greedy/eval2_external__checkpoint-005000__greedy/compare_eval_summary.json,31.3121,57.7195,,64.0000,32.4138,60.4190,,64.0000,128.0000,causal-chat,gemma_causal_lm,false,,
translategemma4b_es_en_gemma3_1b_stagea_goldgrid_rows1600_bf16_codexextend_pack06_replace10_6k_dense500_defer_studentonly_v1,external_wmt13_en_es_translation_benchmark_128,projects/distillation/translation/training_data/translate_distill_pairs.eval2_wmt13_enes_128.jsonl,stage_a_checkpoint_sweep_greedy/eval2_external__checkpoint-004000__greedy,false,,student,32.7297,58.9897,,,,,projects/distillation/translation/runs/translategemma4b_es_en_gemma3_1b_stagea_goldgrid_rows1600_bf16_codexextend_pack06_replace10_6k_dense500_defer_studentonly_v1/stage_a/checkpoint-004000,,128,projects/distillation/translation/runs/translategemma4b_es_en_gemma3_1b_stagea_goldgrid_rows1600_bf16_codexextend_pack06_replace10_6k_dense500_defer_studentonly_v1/stage_a_checkpoint_sweep_greedy/eval2_external__checkpoint-004000__greedy/compare_eval_summary.json,30.9825,57.2858,,64.0000,32.2096,61.0250,,64.0000,128.0000,causal-chat,gemma_causal_lm,false,,
translategemma4b_es_en_gemma3_1b_stagea_goldgrid_rows1568_bf16_codexpolish_pack06_prune10_ckpt3000_lr5e6_v1,external_wmt13_en_es_translation_benchmark_128,projects/distillation/translation/training_data/translate_distill_pairs.eval2_wmt13_enes_128.jsonl,stage_a_checkpoint_sweep_greedy/eval2_external__checkpoint-001000__greedy,false,,student,32.7147,59.3117,,,,,projects/distillation/translation/runs/translategemma4b_es_en_gemma3_1b_stagea_goldgrid_rows1568_bf16_codexpolish_pack06_prune10_ckpt3000_lr5e6_v1/stage_a/checkpoint-001000,,128,projects/distillation/translation/runs/translategemma4b_es_en_gemma3_1b_stagea_goldgrid_rows1568_bf16_codexpolish_pack06_prune10_ckpt3000_lr5e6_v1/stage_a_checkpoint_sweep_greedy/eval2_external__checkpoint-001000__greedy/compare_eval_summary.json,31.2599,58.1212,,64.0000,31.6247,60.7375,,64.0000,128.0000,causal-chat,gemma_causal_lm,false,,
translategemma4b_es_en_gemma3_1b_stagea_goldgrid_rows1920_bf16_20260311T212756Z,external_wmt13_en_es_translation_benchmark_128,projects/distillation/translation/training_data/translate_distill_pairs.eval2_wmt13_enes_128.jsonl,stage_a_checkpoint_sweep_greedy/eval2_external__checkpoint-004000__greedy,false,,student,32.7139,59.0468,34.0474,61.0088,-1.3334,-1.9619,projects/distillation/translation/runs/translategemma4b_es_en_gemma3_1b_stagea_goldgrid_rows1920_bf16_20260311T212756Z/stage_a/checkpoint-004000,/home/x/.cache/huggingface/hub/models--google--translategemma-4b-it/snapshots/10042cb0e6e7fdce748996a71dc3dc432a4e0c89,128,projects/distillation/translation/runs/translategemma4b_es_en_gemma3_1b_stagea_goldgrid_rows1920_bf16_20260311T212756Z/stage_a_checkpoint_sweep_greedy/eval2_external__checkpoint-004000__greedy/compare_eval_summary.json,30.5262,56.9756,,64.0000,32.9129,61.5333,,64.0000,128.0000,causal-chat,gemma_causal_lm,false,,
translategemma4b_es_en_gemma3_1b_savant_news_nativekd_lr3e6_kd005_steps2000_20260710,external_wmt13_en_es_translation_benchmark_128,projects/distillation/translation/training_data/translate_distill_pairs.eval2_wmt13_enes_128.jsonl,mixed_checkpoint_sweep_greedy_studentonly_external/eval2_external__checkpoint-000500__greedy,false,,student,32.7032,58.6571,,,,,projects/distillation/translation/runs/translategemma4b_es_en_gemma3_1b_savant_news_nativekd_lr3e6_kd005_steps2000_20260710/mixed/checkpoint-000500,,128,projects/distillation/translation/runs/translategemma4b_es_en_gemma3_1b_savant_news_nativekd_lr3e6_kd005_steps2000_20260710/mixed_checkpoint_sweep_greedy_studentonly_external/eval2_external__checkpoint-000500__greedy/compare_eval_summary.json,30.6360,56.7125,,64.0000,33.4579,60.9863,,64.0000,128.0000,causal-chat,gemma_causal_lm,false,,
translategemma4b_es_en_gemma3_1b_stagea_goldgrid_rows1600_bf16_codexextend_pack06_replace10_6k_dense500_defer_studentonly_v1,external_wmt13_en_es_translation_benchmark_128,projects/distillation/translation/training_data/translate_distill_pairs.eval2_wmt13_enes_128.jsonl,stage_a_checkpoint_sweep_greedy/eval2_external__checkpoint-005500__greedy,false,,student,32.6880,58.9703,,,,,projects/distillation/translation/runs/translategemma4b_es_en_gemma3_1b_stagea_goldgrid_rows1600_bf16_codexextend_pack06_replace10_6k_dense500_defer_studentonly_v1/stage_a/checkpoint-005500,,128,projects/distillation/translation/runs/translategemma4b_es_en_gemma3_1b_stagea_goldgrid_rows1600_bf16_codexextend_pack06_replace10_6k_dense500_defer_studentonly_v1/stage_a_checkpoint_sweep_greedy/eval2_external__checkpoint-005500__greedy/compare_eval_summary.json,30.9820,57.3343,,64.0000,32.2784,60.9244,,64.0000,128.0000,causal-chat,gemma_causal_lm,false,,
translategemma4b_es_en_gemma3_1b_stagea_goldgrid_rows1600_bf16_codexreplace05_pack06_6k_dense500_defer_studentonly_v1,external_wmt13_en_es_translation_benchmark_128,projects/distillation/translation/training_data/translate_distill_pairs.eval2_wmt13_enes_128.jsonl,stage_a_checkpoint_sweep_greedy/eval2_external__checkpoint-002000__greedy,false,,student,32.6866,58.9851,,,,,projects/distillation/translation/runs/translategemma4b_es_en_gemma3_1b_stagea_goldgrid_rows1600_bf16_codexreplace05_pack06_6k_dense500_defer_studentonly_v1/stage_a/checkpoint-002000,,128,projects/distillation/translation/runs/translategemma4b_es_en_gemma3_1b_stagea_goldgrid_rows1600_bf16_codexreplace05_pack06_6k_dense500_defer_studentonly_v1/stage_a_checkpoint_sweep_greedy/eval2_external__checkpoint-002000__greedy/compare_eval_summary.json,31.8399,57.8850,,64.0000,31.2574,60.2982,,64.0000,128.0000,causal-chat,gemma_causal_lm,false,,
translategemma4b_es_en_gemma3_1b_stagea_goldgrid_rows1600_bf16_codexreplace05_pack06_defer_studentonly_v1,external_wmt13_en_es_translation_benchmark_128,projects/distillation/translation/training_data/translate_distill_pairs.eval2_wmt13_enes_128.jsonl,stage_a_checkpoint_sweep_greedy/eval2_external__checkpoint-001500__greedy,false,,student,32.6461,59.1541,,,,,projects/distillation/translation/runs/translategemma4b_es_en_gemma3_1b_stagea_goldgrid_rows1600_bf16_codexreplace05_pack06_defer_studentonly_v1/stage_a/checkpoint-001500,,128,projects/distillation/translation/runs/translategemma4b_es_en_gemma3_1b_stagea_goldgrid_rows1600_bf16_codexreplace05_pack06_defer_studentonly_v1/stage_a_checkpoint_sweep_greedy/eval2_external__checkpoint-001500__greedy/compare_eval_summary.json,29.7605,57.3652,,64.0000,33.7358,61.2939,,64.0000,128.0000,causal-chat,gemma_causal_lm,false,,
translategemma4b_es_en_gemma3_1b_stagea_goldgrid_rows1600_bf16_codexextend_pack06_replace10_6k_dense500_defer_studentonly_v1,external_wmt13_en_es_translation_benchmark_128,projects/distillation/translation/training_data/translate_distill_pairs.eval2_wmt13_enes_128.jsonl,stage_a_checkpoint_sweep_greedy/eval2_external__checkpoint-004500__greedy,false,,student,32.6400,58.9990,,,,,projects/distillation/translation/runs/translategemma4b_es_en_gemma3_1b_stagea_goldgrid_rows1600_bf16_codexextend_pack06_replace10_6k_dense500_defer_studentonly_v1/stage_a/checkpoint-004500,,128,projects/distillation/translation/runs/translategemma4b_es_en_gemma3_1b_stagea_goldgrid_rows1600_bf16_codexextend_pack06_replace10_6k_dense500_defer_studentonly_v1/stage_a_checkpoint_sweep_greedy/eval2_external__checkpoint-004500__greedy/compare_eval_summary.json,30.6975,57.1780,,64.0000,32.5120,61.1754,,64.0000,128.0000,causal-chat,gemma_causal_lm,false,,
translategemma4b_es_en_gemma3_1b_savant_news_nativekd_lr3e6_kd005_steps2000_20260710,external_wmt13_en_es_translation_benchmark_128,projects/distillation/translation/training_data/translate_distill_pairs.eval2_wmt13_enes_128.jsonl,mixed_checkpoint_sweep_greedy_studentonly_external/eval2_external__checkpoint-000250__greedy,false,,student,32.6226,58.9725,,,,,projects/distillation/translation/runs/translategemma4b_es_en_gemma3_1b_savant_news_nativekd_lr3e6_kd005_steps2000_20260710/mixed/checkpoint-000250,,128,projects/distillation/translation/runs/translategemma4b_es_en_gemma3_1b_savant_news_nativekd_lr3e6_kd005_steps2000_20260710/mixed_checkpoint_sweep_greedy_studentonly_external/eval2_external__checkpoint-000250__greedy/compare_eval_summary.json,30.7890,57.4684,,64.0000,33.0730,60.7757,,64.0000,128.0000,causal-chat,gemma_causal_lm,false,,
translategemma4b_es_en_gemma3_1b_stagea_goldgrid_rows1568_bf16_codexdense_pack06_prune10_seed42_500ckpts_v1,external_wmt13_en_es_translation_benchmark_128,projects/distillation/translation/training_data/translate_distill_pairs.eval2_wmt13_enes_128.jsonl,stage_a_checkpoint_sweep_greedy/eval2_external__checkpoint-002500__greedy,false,,student,32.6157,59.3508,,,,,projects/distillation/translation/runs/translategemma4b_es_en_gemma3_1b_stagea_goldgrid_rows1568_bf16_codexdense_pack06_prune10_seed42_500ckpts_v1/stage_a/checkpoint-002500,,128,projects/distillation/translation/runs/translategemma4b_es_en_gemma3_1b_stagea_goldgrid_rows1568_bf16_codexdense_pack06_prune10_seed42_500ckpts_v1/stage_a_checkpoint_sweep_greedy/eval2_external__checkpoint-002500__greedy/compare_eval_summary.json,31.5696,58.4375,,64.0000,31.3235,60.4454,,64.0000,128.0000,causal-chat,gemma_causal_lm,false,,
translategemma4b_es_en_gemma3_1b_stagea_goldgrid_rows1600_bf16_codexlow_pack06_replace10c_hfcacheauth_v1,external_wmt13_en_es_translation_benchmark_128,projects/distillation/translation/training_data/translate_distill_pairs.eval2_wmt13_enes_128.jsonl,stage_a_checkpoint_sweep_greedy_studentonly/eval2_external__checkpoint-004000__greedy,false,,student,32.6083,58.6464,,,,,projects/distillation/translation/runs/translategemma4b_es_en_gemma3_1b_stagea_goldgrid_rows1600_bf16_codexlow_pack06_replace10c_hfcacheauth_v1/stage_a/checkpoint-004000,,128,projects/distillation/translation/runs/translategemma4b_es_en_gemma3_1b_stagea_goldgrid_rows1600_bf16_codexlow_pack06_replace10c_hfcacheauth_v1/stage_a_checkpoint_sweep_greedy_studentonly/eval2_external__checkpoint-004000__greedy/compare_eval_summary.json,31.6843,57.6174,,64.0000,31.4149,59.8744,,64.0000,128.0000,causal-chat,gemma_causal_lm,false,,
translategemma4b_es_en_gemma3_1b_stagea_goldgrid_rows1600_bf16_codexlow_pack06_replace10c_hfcacheauth_v1,external_wmt13_en_es_translation_benchmark_128,projects/distillation/translation/training_data/translate_distill_pairs.eval2_wmt13_enes_128.jsonl,student_only_eval_final/eval2_external,false,,student,32.6083,58.6464,,,,,projects/distillation/translation/runs/translategemma4b_es_en_gemma3_1b_stagea_goldgrid_rows1600_bf16_codexlow_pack06_replace10c_hfcacheauth_v1/final,,128,projects/distillation/translation/runs/translategemma4b_es_en_gemma3_1b_stagea_goldgrid_rows1600_bf16_codexlow_pack06_replace10c_hfcacheauth_v1/student_only_eval_final/eval2_external/compare_eval_summary.json,31.6843,57.6174,,64.0000,31.4149,59.8744,,64.0000,128.0000,causal-chat,gemma_causal_lm,false,,
translategemma4b_es_en_gemma3_1b_stagea_goldgrid_rows1600_bf16_codexlow_pack04_replace10_defer_studentonly_v1,external_wmt13_en_es_translation_benchmark_128,projects/distillation/translation/training_data/translate_distill_pairs.eval2_wmt13_enes_128.jsonl,stage_a_checkpoint_sweep_greedy/eval2_external__checkpoint-004000__greedy,false,,student,32.5811,58.9875,,,,,projects/distillation/translation/runs/translategemma4b_es_en_gemma3_1b_stagea_goldgrid_rows1600_bf16_codexlow_pack04_replace10_defer_studentonly_v1/stage_a/checkpoint-004000,,128,projects/distillation/translation/runs/translategemma4b_es_en_gemma3_1b_stagea_goldgrid_rows1600_bf16_codexlow_pack04_replace10_defer_studentonly_v1/stage_a_checkpoint_sweep_greedy/eval2_external__checkpoint-004000__greedy/compare_eval_summary.json,31.8069,57.9967,,64.0000,31.7485,60.1732,,64.0000,128.0000,causal-chat,gemma_causal_lm,false,,
translategemma4b_es_en_gemma3_1b_stagea_goldgrid_rows1600_bf16_codexlow_pack04_replace10_studentonly_v1,external_wmt13_en_es_translation_benchmark_128,projects/distillation/translation/training_data/translate_distill_pairs.eval2_wmt13_enes_128.jsonl,stage_a_checkpoint_sweep_greedy/eval2_external__checkpoint-004000__greedy,false,,student,32.5811,58.9875,,,,,projects/distillation/translation/runs/translategemma4b_es_en_gemma3_1b_stagea_goldgrid_rows1600_bf16_codexlow_pack04_replace10_studentonly_v1/stage_a/checkpoint-004000,,128,projects/distillation/translation/runs/translategemma4b_es_en_gemma3_1b_stagea_goldgrid_rows1600_bf16_codexlow_pack04_replace10_studentonly_v1/stage_a_checkpoint_sweep_greedy/eval2_external__checkpoint-004000__greedy/compare_eval_summary.json,31.8069,57.9967,,64.0000,31.7485,60.1732,,64.0000,128.0000,causal-chat,gemma_causal_lm,false,,
translategemma4b_es_en_gemma3_1b_stagea_goldgrid_rows1584_bf16_codexprune05_pack06_defer_studentonly_v1,external_wmt13_en_es_translation_benchmark_128,projects/distillation/translation/training_data/translate_distill_pairs.eval2_wmt13_enes_128.jsonl,stage_a_checkpoint_sweep_greedy/eval2_external__checkpoint-004000__greedy,false,,student,32.5808,58.7607,,,,,projects/distillation/translation/runs/translategemma4b_es_en_gemma3_1b_stagea_goldgrid_rows1584_bf16_codexprune05_pack06_defer_studentonly_v1/stage_a/checkpoint-004000,,128,projects/distillation/translation/runs/translategemma4b_es_en_gemma3_1b_stagea_goldgrid_rows1584_bf16_codexprune05_pack06_defer_studentonly_v1/stage_a_checkpoint_sweep_greedy/eval2_external__checkpoint-004000__greedy/compare_eval_summary.json,31.5644,57.6211,,64.0000,31.8426,60.1309,,64.0000,128.0000,causal-chat,gemma_causal_lm,false,,
translategemma4b_es_en_gemma3_1b_stagea_goldgrid_rows1600_bf16_codexextend_pack06_replace10_6k_dense500_defer_studentonly_v1,external_wmt13_en_es_translation_benchmark_128,projects/distillation/translation/training_data/translate_distill_pairs.eval2_wmt13_enes_128.jsonl,stage_a_checkpoint_sweep_greedy/eval2_external__checkpoint-005000__greedy,false,,student,32.5703,58.7503,,,,,projects/distillation/translation/runs/translategemma4b_es_en_gemma3_1b_stagea_goldgrid_rows1600_bf16_codexextend_pack06_replace10_6k_dense500_defer_studentonly_v1/stage_a/checkpoint-005000,,128,projects/distillation/translation/runs/translategemma4b_es_en_gemma3_1b_stagea_goldgrid_rows1600_bf16_codexextend_pack06_replace10_6k_dense500_defer_studentonly_v1/stage_a_checkpoint_sweep_greedy/eval2_external__checkpoint-005000__greedy/compare_eval_summary.json,30.7502,57.0273,,64.0000,32.1524,60.8079,,64.0000,128.0000,causal-chat,gemma_causal_lm,false,,
translategemma4b_es_en_gemma3_1b_stagea_goldgrid_rows1600_bf16_codexlow_pack06_replace10c_hfcacheauth_v1,external_wmt13_en_es_translation_benchmark_128,projects/distillation/translation/training_data/translate_distill_pairs.eval2_wmt13_enes_128.jsonl,stage_a_checkpoint_sweep_greedy_studentonly/eval2_external__checkpoint-003000__greedy,false,,student,32.5674,58.6616,,,,,projects/distillation/translation/runs/translategemma4b_es_en_gemma3_1b_stagea_goldgrid_rows1600_bf16_codexlow_pack06_replace10c_hfcacheauth_v1/stage_a/checkpoint-003000,,128,projects/distillation/translation/runs/translategemma4b_es_en_gemma3_1b_stagea_goldgrid_rows1600_bf16_codexlow_pack06_replace10c_hfcacheauth_v1/stage_a_checkpoint_sweep_greedy_studentonly/eval2_external__checkpoint-003000__greedy/compare_eval_summary.json,31.3025,57.4245,,64.0000,31.6642,60.1375,,64.0000,128.0000,causal-chat,gemma_causal_lm,false,,
translategemma4b_es_en_gemma3_1b_stagea_goldgrid_rows1568_bf16_codexpolish_pack06_prune10_ckpt3000_lr5e6_v1,external_wmt13_en_es_translation_benchmark_128,projects/distillation/translation/training_data/translate_distill_pairs.eval2_wmt13_enes_128.jsonl,stage_a_checkpoint_sweep_greedy/eval2_external__checkpoint-000750__greedy,false,,student,32.5374,59.1869,,,,,projects/distillation/translation/runs/translategemma4b_es_en_gemma3_1b_stagea_goldgrid_rows1568_bf16_codexpolish_pack06_prune10_ckpt3000_lr5e6_v1/stage_a/checkpoint-000750,,128,projects/distillation/translation/runs/translategemma4b_es_en_gemma3_1b_stagea_goldgrid_rows1568_bf16_codexpolish_pack06_prune10_ckpt3000_lr5e6_v1/stage_a_checkpoint_sweep_greedy/eval2_external__checkpoint-000750__greedy/compare_eval_summary.json,31.0515,57.9317,,64.0000,31.5682,60.6914,,64.0000,128.0000,causal-chat,gemma_causal_lm,false,,
translategemma4b_es_en_gemma3_1b_stagea_goldgrid_rows1600_bf16_codexextend_pack06_replace10_6k_dense500_defer_studentonly_v1,external_wmt13_en_es_translation_benchmark_128,projects/distillation/translation/training_data/translate_distill_pairs.eval2_wmt13_enes_128.jsonl,stage_a_checkpoint_sweep_greedy/eval2_external__checkpoint-006000__greedy,false,,student,32.5193,58.7139,,,,,projects/distillation/translation/runs/translategemma4b_es_en_gemma3_1b_stagea_goldgrid_rows1600_bf16_codexextend_pack06_replace10_6k_dense500_defer_studentonly_v1/stage_a/checkpoint-006000,,128,projects/distillation/translation/runs/translategemma4b_es_en_gemma3_1b_stagea_goldgrid_rows1600_bf16_codexextend_pack06_replace10_6k_dense500_defer_studentonly_v1/stage_a_checkpoint_sweep_greedy/eval2_external__checkpoint-006000__greedy/compare_eval_summary.json,30.8800,57.1903,,64.0000,32.1225,60.5351,,64.0000,128.0000,causal-chat,gemma_causal_lm,false,,
translategemma4b_es_en_gemma3_1b_stagea_goldgrid_rows1568_bf16_codexpolish_pack06_prune10_ckpt3000_lr5e6_v1,external_wmt13_en_es_translation_benchmark_128,projects/distillation/translation/training_data/translate_distill_pairs.eval2_wmt13_enes_128.jsonl,stage_a_checkpoint_sweep_greedy/eval2_external__checkpoint-000250__greedy,false,,student,32.5040,59.2697,,,,,projects/distillation/translation/runs/translategemma4b_es_en_gemma3_1b_stagea_goldgrid_rows1568_bf16_codexpolish_pack06_prune10_ckpt3000_lr5e6_v1/stage_a/checkpoint-000250,,128,projects/distillation/translation/runs/translategemma4b_es_en_gemma3_1b_stagea_goldgrid_rows1568_bf16_codexpolish_pack06_prune10_ckpt3000_lr5e6_v1/stage_a_checkpoint_sweep_greedy/eval2_external__checkpoint-000250__greedy/compare_eval_summary.json,31.1690,58.1626,,64.0000,31.3446,60.5958,,64.0000,128.0000,causal-chat,gemma_causal_lm,false,,
translategemma4b_es_en_gemma3_1b_stagea_goldgrid_rows1568_bf16_codexlow_pack04_prune10_studentonly_v1,external_wmt13_en_es_translation_benchmark_128,projects/distillation/translation/training_data/translate_distill_pairs.eval2_wmt13_enes_128.jsonl,stage_a_checkpoint_sweep_greedy/eval2_external__checkpoint-004000__greedy,false,,student,32.4720,59.3062,,,,,projects/distillation/translation/runs/translategemma4b_es_en_gemma3_1b_stagea_goldgrid_rows1568_bf16_codexlow_pack04_prune10_studentonly_v1/stage_a/checkpoint-004000,,128,projects/distillation/translation/runs/translategemma4b_es_en_gemma3_1b_stagea_goldgrid_rows1568_bf16_codexlow_pack04_prune10_studentonly_v1/stage_a_checkpoint_sweep_greedy/eval2_external__checkpoint-004000__greedy/compare_eval_summary.json,30.4621,57.7655,,64.0000,32.6656,61.1583,,64.0000,128.0000,causal-chat,gemma_causal_lm,false,,
translategemma4b_es_en_gemma3_1b_stagea_goldgrid_rows1568_bf16_codexpolish_pack06_prune10_ckpt3000_lr5e6_v1,external_wmt13_en_es_translation_benchmark_128,projects/distillation/translation/training_data/translate_distill_pairs.eval2_wmt13_enes_128.jsonl,stage_a_checkpoint_sweep_greedy/eval2_external__checkpoint-000500__greedy,false,,student,32.4609,59.2292,,,,,projects/distillation/translation/runs/translategemma4b_es_en_gemma3_1b_stagea_goldgrid_rows1568_bf16_codexpolish_pack06_prune10_ckpt3000_lr5e6_v1/stage_a/checkpoint-000500,,128,projects/distillation/translation/runs/translategemma4b_es_en_gemma3_1b_stagea_goldgrid_rows1568_bf16_codexpolish_pack06_prune10_ckpt3000_lr5e6_v1/stage_a_checkpoint_sweep_greedy/eval2_external__checkpoint-000500__greedy/compare_eval_summary.json,30.9523,58.0875,,64.0000,31.4470,60.5963,,64.0000,128.0000,causal-chat,gemma_causal_lm,false,,
translategemma4b_es_en_gemma3_1b_stagea_goldgrid_rows1568_bf16_codexdense_pack06_prune10_seed42_500ckpts_v1,external_wmt13_en_es_translation_benchmark_128,projects/distillation/translation/training_data/translate_distill_pairs.eval2_wmt13_enes_128.jsonl,stage_a_checkpoint_sweep_greedy/eval2_external__checkpoint-003500__greedy,false,,student,32.4571,59.2230,,,,,projects/distillation/translation/runs/translategemma4b_es_en_gemma3_1b_stagea_goldgrid_rows1568_bf16_codexdense_pack06_prune10_seed42_500ckpts_v1/stage_a/checkpoint-003500,,128,projects/distillation/translation/runs/translategemma4b_es_en_gemma3_1b_stagea_goldgrid_rows1568_bf16_codexdense_pack06_prune10_seed42_500ckpts_v1/stage_a_checkpoint_sweep_greedy/eval2_external__checkpoint-003500__greedy/compare_eval_summary.json,30.7945,58.2185,,64.0000,31.9780,60.4304,,64.0000,128.0000,causal-chat,gemma_causal_lm,false,,
translategemma4b_es_en_gemma3_1b_stagea_goldgrid_rows1920_bf16_20260311T233133Z,external_wmt13_en_es_translation_benchmark_128,projects/distillation/translation/training_data/translate_distill_pairs.eval2_wmt13_enes_128.jsonl,stage_a_checkpoint_sweep_greedy/eval2_external__checkpoint-004000__greedy,false,,student,32.4566,59.1020,34.0474,61.0088,-1.5908,-1.9067,projects/distillation/translation/runs/translategemma4b_es_en_gemma3_1b_stagea_goldgrid_rows1920_bf16_20260311T233133Z/stage_a/checkpoint-004000,/home/x/.cache/huggingface/hub/models--google--translategemma-4b-it/snapshots/10042cb0e6e7fdce748996a71dc3dc432a4e0c89,128,projects/distillation/translation/runs/translategemma4b_es_en_gemma3_1b_stagea_goldgrid_rows1920_bf16_20260311T233133Z/stage_a_checkpoint_sweep_greedy/eval2_external__checkpoint-004000__greedy/compare_eval_summary.json,30.5698,57.2083,,64.0000,32.2845,61.3776,,64.0000,128.0000,causal-chat,gemma_causal_lm,false,,
translategemma4b_es_en_gemma3_1b_stagea_goldgrid_rows1920_bf16_20260311T025326Z,external_wmt13_en_es_translation_benchmark_128,projects/distillation/translation/training_data/translate_distill_pairs.eval2_wmt13_enes_128.jsonl,stage_a_checkpoint_sweep_greedy/eval2_external__checkpoint-004000__greedy,false,,student,32.4485,59.0578,34.0474,61.0088,-1.5989,-1.9509,projects/distillation/translation/runs/translategemma4b_es_en_gemma3_1b_stagea_goldgrid_rows1920_bf16_20260311T025326Z/stage_a/checkpoint-004000,/home/x/.cache/huggingface/hub/models--google--translategemma-4b-it/snapshots/10042cb0e6e7fdce748996a71dc3dc432a4e0c89,128,projects/distillation/translation/runs/translategemma4b_es_en_gemma3_1b_stagea_goldgrid_rows1920_bf16_20260311T025326Z/stage_a_checkpoint_sweep_greedy/eval2_external__checkpoint-004000__greedy/compare_eval_summary.json,31.3029,57.2414,,64.0000,31.4330,61.2435,,64.0000,128.0000,causal-chat,gemma_causal_lm,false,,
translategemma4b_es_en_gemma3_1b_stagea_goldgrid_rows1600_bf16_codexreplace05_pack06_6k_dense500_defer_studentonly_v1,external_wmt13_en_es_translation_benchmark_128,projects/distillation/translation/training_data/translate_distill_pairs.eval2_wmt13_enes_128.jsonl,stage_a_checkpoint_sweep_greedy/eval2_external__checkpoint-002500__greedy,false,,student,32.4301,58.7128,,,,,projects/distillation/translation/runs/translategemma4b_es_en_gemma3_1b_stagea_goldgrid_rows1600_bf16_codexreplace05_pack06_6k_dense500_defer_studentonly_v1/stage_a/checkpoint-002500,,128,projects/distillation/translation/runs/translategemma4b_es_en_gemma3_1b_stagea_goldgrid_rows1600_bf16_codexreplace05_pack06_6k_dense500_defer_studentonly_v1/stage_a_checkpoint_sweep_greedy/eval2_external__checkpoint-002500__greedy/compare_eval_summary.json,31.7092,57.9034,,64.0000,31.3435,59.6827,,64.0000,128.0000,causal-chat,gemma_causal_lm,false,,
translategemma4b_es_en_gemma3_1b_stagea_goldgrid_rows1920_bf16_20260311T180127Z,external_wmt13_en_es_translation_benchmark_128,projects/distillation/translation/training_data/translate_distill_pairs.eval2_wmt13_enes_128.jsonl,stage_a_checkpoint_sweep_greedy/eval2_external__checkpoint-004000__greedy,false,,student,32.4032,59.4588,34.0474,61.0088,-1.6441,-1.5500,projects/distillation/translation/runs/translategemma4b_es_en_gemma3_1b_stagea_goldgrid_rows1920_bf16_20260311T180127Z/stage_a/checkpoint-004000,/home/x/.cache/huggingface/hub/models--google--translategemma-4b-it/snapshots/10042cb0e6e7fdce748996a71dc3dc432a4e0c89,128,projects/distillation/translation/runs/translategemma4b_es_en_gemma3_1b_stagea_goldgrid_rows1920_bf16_20260311T180127Z/stage_a_checkpoint_sweep_greedy/eval2_external__checkpoint-004000__greedy/compare_eval_summary.json,30.7028,58.2381,,64.0000,32.2800,60.9326,,64.0000,128.0000,causal-chat,gemma_causal_lm,false,,
translategemma4b_es_en_gemma3_1b_stagea_goldgrid_rows1600_bf16_codexextend_pack06_replace10_6k_dense500_defer_studentonly_v1,external_wmt13_en_es_translation_benchmark_128,projects/distillation/translation/training_data/translate_distill_pairs.eval2_wmt13_enes_128.jsonl,stage_a_checkpoint_sweep_greedy/eval2_external__checkpoint-003500__greedy,false,,student,32.3473,59.0689,,,,,projects/distillation/translation/runs/translategemma4b_es_en_gemma3_1b_stagea_goldgrid_rows1600_bf16_codexextend_pack06_replace10_6k_dense500_defer_studentonly_v1/stage_a/checkpoint-003500,,128,projects/distillation/translation/runs/translategemma4b_es_en_gemma3_1b_stagea_goldgrid_rows1600_bf16_codexextend_pack06_replace10_6k_dense500_defer_studentonly_v1/stage_a_checkpoint_sweep_greedy/eval2_external__checkpoint-003500__greedy/compare_eval_summary.json,31.0410,57.7845,,64.0000,31.4496,60.6060,,64.0000,128.0000,causal-chat,gemma_causal_lm,false,,
translategemma4b_es_en_gemma3_1b_stagea_goldgrid_rows2240_bf16_confirm_best7,external_wmt13_en_es_translation_benchmark_128,projects/distillation/translation/training_data/translate_distill_pairs.eval2_wmt13_enes_128.jsonl,stage_a_checkpoint_sweep_greedy/eval2_external__checkpoint-004000__greedy,false,,student,32.3424,59.3346,34.0474,61.0088,-1.7050,-1.6742,projects/distillation/translation/runs/translategemma4b_es_en_gemma3_1b_stagea_goldgrid_rows2240_bf16_confirm_best7/stage_a/checkpoint-004000,/home/x/.cache/huggingface/hub/models--google--translategemma-4b-it/snapshots/10042cb0e6e7fdce748996a71dc3dc432a4e0c89,128,projects/distillation/translation/runs/translategemma4b_es_en_gemma3_1b_stagea_goldgrid_rows2240_bf16_confirm_best7/stage_a_checkpoint_sweep_greedy/eval2_external__checkpoint-004000__greedy/compare_eval_summary.json,31.0640,57.8951,,64.0000,31.2428,61.0563,,64.0000,128.0000,causal-chat,gemma_causal_lm,false,,
translategemma4b_es_en_gemma3_1b_stagea_goldgrid_rows1568_bf16_codexlow_pack06_random10_defer_studentonly_v1,external_wmt13_en_es_translation_benchmark_128,projects/distillation/translation/training_data/translate_distill_pairs.eval2_wmt13_enes_128.jsonl,stage_a_checkpoint_sweep_greedy/eval2_external__checkpoint-004000__greedy,false,,student,32.3319,58.8561,,,,,projects/distillation/translation/runs/translategemma4b_es_en_gemma3_1b_stagea_goldgrid_rows1568_bf16_codexlow_pack06_random10_defer_studentonly_v1/stage_a/checkpoint-004000,,128,projects/distillation/translation/runs/translategemma4b_es_en_gemma3_1b_stagea_goldgrid_rows1568_bf16_codexlow_pack06_random10_defer_studentonly_v1/stage_a_checkpoint_sweep_greedy/eval2_external__checkpoint-004000__greedy/compare_eval_summary.json,30.8716,57.5522,,64.0000,31.6800,60.4145,,64.0000,128.0000,causal-chat,gemma_causal_lm,false,,
translategemma4b_es_en_gemma3_1b_stagea_goldgrid_rows1584_bf16_codexprune05_pack06_defer_studentonly_v1,external_wmt13_en_es_translation_benchmark_128,projects/distillation/translation/training_data/translate_distill_pairs.eval2_wmt13_enes_128.jsonl,stage_a_checkpoint_sweep_greedy/eval2_external__checkpoint-003000__greedy,false,,student,32.3108,58.6206,,,,,projects/distillation/translation/runs/translategemma4b_es_en_gemma3_1b_stagea_goldgrid_rows1584_bf16_codexprune05_pack06_defer_studentonly_v1/stage_a/checkpoint-003000,,128,projects/distillation/translation/runs/translategemma4b_es_en_gemma3_1b_stagea_goldgrid_rows1584_bf16_codexprune05_pack06_defer_studentonly_v1/stage_a_checkpoint_sweep_greedy/eval2_external__checkpoint-003000__greedy/compare_eval_summary.json,31.5744,57.7569,,64.0000,31.3486,59.6594,,64.0000,128.0000,causal-chat,gemma_causal_lm,false,,
translategemma4b_es_en_gemma3_1b_stagea_goldgrid_rows1568_bf16_codexlow_pack04_random10_defer_studentonly_v1,external_wmt13_en_es_translation_benchmark_128,projects/distillation/translation/training_data/translate_distill_pairs.eval2_wmt13_enes_128.jsonl,stage_a_checkpoint_sweep_greedy/eval2_external__checkpoint-004000__greedy,false,,student,32.3030,58.9223,,,,,projects/distillation/translation/runs/translategemma4b_es_en_gemma3_1b_stagea_goldgrid_rows1568_bf16_codexlow_pack04_random10_defer_studentonly_v1/stage_a/checkpoint-004000,,128,projects/distillation/translation/runs/translategemma4b_es_en_gemma3_1b_stagea_goldgrid_rows1568_bf16_codexlow_pack04_random10_defer_studentonly_v1/stage_a_checkpoint_sweep_greedy/eval2_external__checkpoint-004000__greedy/compare_eval_summary.json,30.1805,56.9980,,64.0000,32.5376,61.2285,,64.0000,128.0000,causal-chat,gemma_causal_lm,false,,
translategemma4b_es_en_gemma3_1b_stagea_goldgrid_rows1584_bf16_codexprune05_pack06_defer_studentonly_v1,external_wmt13_en_es_translation_benchmark_128,projects/distillation/translation/training_data/translate_distill_pairs.eval2_wmt13_enes_128.jsonl,stage_a_checkpoint_sweep_greedy/eval2_external__checkpoint-002000__greedy,false,,student,32.2663,58.6402,,,,,projects/distillation/translation/runs/translategemma4b_es_en_gemma3_1b_stagea_goldgrid_rows1584_bf16_codexprune05_pack06_defer_studentonly_v1/stage_a/checkpoint-002000,,128,projects/distillation/translation/runs/translategemma4b_es_en_gemma3_1b_stagea_goldgrid_rows1584_bf16_codexprune05_pack06_defer_studentonly_v1/stage_a_checkpoint_sweep_greedy/eval2_external__checkpoint-002000__greedy/compare_eval_summary.json,31.3343,57.6823,,64.0000,31.5762,59.7945,,64.0000,128.0000,causal-chat,gemma_causal_lm,false,,
translategemma4b_es_en_gemma3_1b_stagea_goldgrid_rows1600_bf16_codexlow_pack04_replace10_defer_studentonly_v1,external_wmt13_en_es_translation_benchmark_128,projects/distillation/translation/training_data/translate_distill_pairs.eval2_wmt13_enes_128.jsonl,stage_a_checkpoint_sweep_greedy/eval2_external__checkpoint-003000__greedy,false,,student,32.2489,58.9322,,,,,projects/distillation/translation/runs/translategemma4b_es_en_gemma3_1b_stagea_goldgrid_rows1600_bf16_codexlow_pack04_replace10_defer_studentonly_v1/stage_a/checkpoint-003000,,128,projects/distillation/translation/runs/translategemma4b_es_en_gemma3_1b_stagea_goldgrid_rows1600_bf16_codexlow_pack04_replace10_defer_studentonly_v1/stage_a_checkpoint_sweep_greedy/eval2_external__checkpoint-003000__greedy/compare_eval_summary.json,31.1578,57.7924,,64.0000,31.6743,60.2952,,64.0000,128.0000,causal-chat,gemma_causal_lm,false,,
translategemma4b_es_en_gemma3_1b_stagea_goldgrid_rows1600_bf16_codexlow_pack04_replace10_studentonly_v1,external_wmt13_en_es_translation_benchmark_128,projects/distillation/translation/training_data/translate_distill_pairs.eval2_wmt13_enes_128.jsonl,stage_a_checkpoint_sweep_greedy/eval2_external__checkpoint-003000__greedy,false,,student,32.2489,58.9322,,,,,projects/distillation/translation/runs/translategemma4b_es_en_gemma3_1b_stagea_goldgrid_rows1600_bf16_codexlow_pack04_replace10_studentonly_v1/stage_a/checkpoint-003000,,128,projects/distillation/translation/runs/translategemma4b_es_en_gemma3_1b_stagea_goldgrid_rows1600_bf16_codexlow_pack04_replace10_studentonly_v1/stage_a_checkpoint_sweep_greedy/eval2_external__checkpoint-003000__greedy/compare_eval_summary.json,31.1578,57.7924,,64.0000,31.6743,60.2952,,64.0000,128.0000,causal-chat,gemma_causal_lm,false,,
translategemma4b_es_en_gemma3_1b_stagea_goldgrid_rows1920_bf16_codexblend_pack06r10_pack08_v1,external_wmt13_en_es_translation_benchmark_128,projects/distillation/translation/training_data/translate_distill_pairs.eval2_wmt13_enes_128.jsonl,stage_a_checkpoint_sweep_greedy_studentonly/eval2_external__checkpoint-002000__greedy,false,,student,32.2180,58.7093,,,,,projects/distillation/translation/runs/translategemma4b_es_en_gemma3_1b_stagea_goldgrid_rows1920_bf16_codexblend_pack06r10_pack08_v1/stage_a/checkpoint-002000,,128,projects/distillation/translation/runs/translategemma4b_es_en_gemma3_1b_stagea_goldgrid_rows1920_bf16_codexblend_pack06r10_pack08_v1/stage_a_checkpoint_sweep_greedy_studentonly/eval2_external__checkpoint-002000__greedy/compare_eval_summary.json,29.0211,56.3435,,64.0000,33.8828,61.5583,,64.0000,128.0000,causal-chat,gemma_causal_lm,false,,
translategemma4b_es_en_gemma3_1b_stagea_goldgrid_rows1920_bf16_20260311T200534Z,external_wmt13_en_es_translation_benchmark_128,projects/distillation/translation/training_data/translate_distill_pairs.eval2_wmt13_enes_128.jsonl,stage_a_checkpoint_sweep_greedy/eval2_external__checkpoint-002000__greedy,false,,student,32.2113,58.5552,34.0474,61.0088,-1.8361,-2.4535,projects/distillation/translation/runs/translategemma4b_es_en_gemma3_1b_stagea_goldgrid_rows1920_bf16_20260311T200534Z/stage_a/checkpoint-002000,/home/x/.cache/huggingface/hub/models--google--translategemma-4b-it/snapshots/10042cb0e6e7fdce748996a71dc3dc432a4e0c89,128,projects/distillation/translation/runs/translategemma4b_es_en_gemma3_1b_stagea_goldgrid_rows1920_bf16_20260311T200534Z/stage_a_checkpoint_sweep_greedy/eval2_external__checkpoint-002000__greedy/compare_eval_summary.json,30.2649,56.5138,,64.0000,31.7712,60.9962,,64.0000,128.0000,causal-chat,gemma_causal_lm,false,,
translategemma4b_es_en_gemma3_1b_stagea_goldgrid_rows1920_bf16_20260311T192425Z,external_wmt13_en_es_translation_benchmark_128,projects/distillation/translation/training_data/translate_distill_pairs.eval2_wmt13_enes_128.jsonl,stage_a_checkpoint_sweep_greedy/eval2_external__checkpoint-002000__greedy,false,,student,32.1940,58.7046,34.0474,61.0088,-1.8534,-2.3041,projects/distillation/translation/runs/translategemma4b_es_en_gemma3_1b_stagea_goldgrid_rows1920_bf16_20260311T192425Z/stage_a/checkpoint-002000,/home/x/.cache/huggingface/hub/models--google--translategemma-4b-it/snapshots/10042cb0e6e7fdce748996a71dc3dc432a4e0c89,128,projects/distillation/translation/runs/translategemma4b_es_en_gemma3_1b_stagea_goldgrid_rows1920_bf16_20260311T192425Z/stage_a_checkpoint_sweep_greedy/eval2_external__checkpoint-002000__greedy/compare_eval_summary.json,31.1864,57.4452,,64.0000,31.1354,60.2170,,64.0000,128.0000,causal-chat,gemma_causal_lm,false,,
translategemma4b_es_en_gemma3_1b_stagea_goldgrid_rows1600_bf16_codexlow_pack06_replace10c_hfcacheauth_v1,external_wmt13_en_es_translation_benchmark_128,projects/distillation/translation/training_data/translate_distill_pairs.eval2_wmt13_enes_128.jsonl,stage_a_checkpoint_sweep_greedy_studentonly/eval2_external__checkpoint-002000__greedy,false,,student,32.1507,57.9272,,,,,projects/distillation/translation/runs/translategemma4b_es_en_gemma3_1b_stagea_goldgrid_rows1600_bf16_codexlow_pack06_replace10c_hfcacheauth_v1/stage_a/checkpoint-002000,,128,projects/distillation/translation/runs/translategemma4b_es_en_gemma3_1b_stagea_goldgrid_rows1600_bf16_codexlow_pack06_replace10c_hfcacheauth_v1/stage_a_checkpoint_sweep_greedy_studentonly/eval2_external__checkpoint-002000__greedy/compare_eval_summary.json,30.8294,56.3257,,64.0000,31.2179,59.8359,,64.0000,128.0000,causal-chat,gemma_causal_lm,false,,
translategemma4b_es_en_gemma3_1b_stagea_goldgrid_rows1568_bf16_codexlow_pack04_random10_defer_studentonly_v1,external_wmt13_en_es_translation_benchmark_128,projects/distillation/translation/training_data/translate_distill_pairs.eval2_wmt13_enes_128.jsonl,stage_a_checkpoint_sweep_greedy/eval2_external__checkpoint-003000__greedy,false,,student,32.1481,58.7076,,,,,projects/distillation/translation/runs/translategemma4b_es_en_gemma3_1b_stagea_goldgrid_rows1568_bf16_codexlow_pack04_random10_defer_studentonly_v1/stage_a/checkpoint-003000,,128,projects/distillation/translation/runs/translategemma4b_es_en_gemma3_1b_stagea_goldgrid_rows1568_bf16_codexlow_pack04_random10_defer_studentonly_v1/stage_a_checkpoint_sweep_greedy/eval2_external__checkpoint-003000__greedy/compare_eval_summary.json,30.2141,56.8712,,64.0000,32.0886,60.9104,,64.0000,128.0000,causal-chat,gemma_causal_lm,false,,
translategemma4b_es_en_gemma3_1b_stagea_goldgrid_rows1584_bf16_codexprune05_pack06_defer_studentonly_v1,external_wmt13_en_es_translation_benchmark_128,projects/distillation/translation/training_data/translate_distill_pairs.eval2_wmt13_enes_128.jsonl,stage_a_checkpoint_sweep_greedy/eval2_external__checkpoint-002500__greedy,false,,student,32.1175,58.5432,,,,,projects/distillation/translation/runs/translategemma4b_es_en_gemma3_1b_stagea_goldgrid_rows1584_bf16_codexprune05_pack06_defer_studentonly_v1/stage_a/checkpoint-002500,,128,projects/distillation/translation/runs/translategemma4b_es_en_gemma3_1b_stagea_goldgrid_rows1584_bf16_codexprune05_pack06_defer_studentonly_v1/stage_a_checkpoint_sweep_greedy/eval2_external__checkpoint-002500__greedy/compare_eval_summary.json,30.9220,57.3577,,64.0000,31.8912,59.9740,,64.0000,128.0000,causal-chat,gemma_causal_lm,false,,
translategemma4b_es_en_gemma3_1b_stagea_goldgrid_rows1568_bf16_codexdense_pack06_prune10_seed42_500ckpts_v1,external_wmt13_en_es_translation_benchmark_128,projects/distillation/translation/training_data/translate_distill_pairs.eval2_wmt13_enes_128.jsonl,stage_a_checkpoint_sweep_greedy/eval2_external__checkpoint-002000__greedy,false,,student,32.1052,58.4338,,,,,projects/distillation/translation/runs/translategemma4b_es_en_gemma3_1b_stagea_goldgrid_rows1568_bf16_codexdense_pack06_prune10_seed42_500ckpts_v1/stage_a/checkpoint-002000,,128,projects/distillation/translation/runs/translategemma4b_es_en_gemma3_1b_stagea_goldgrid_rows1568_bf16_codexdense_pack06_prune10_seed42_500ckpts_v1/stage_a_checkpoint_sweep_greedy/eval2_external__checkpoint-002000__greedy/compare_eval_summary.json,30.7536,57.2648,,64.0000,31.8585,59.8385,,64.0000,128.0000,causal-chat,gemma_causal_lm,false,,
translategemma4b_es_en_gemma3_1b_stagea_goldgrid_rows1568_bf16_codexlow_pack06_prune10_defer_studentonly_v2,external_wmt13_en_es_translation_benchmark_128,projects/distillation/translation/training_data/translate_distill_pairs.eval2_wmt13_enes_128.jsonl,stage_a_checkpoint_sweep_greedy/eval2_external__checkpoint-002000__greedy,false,,student,32.1052,58.4338,,,,,projects/distillation/translation/runs/translategemma4b_es_en_gemma3_1b_stagea_goldgrid_rows1568_bf16_codexlow_pack06_prune10_defer_studentonly_v2/stage_a/checkpoint-002000,,128,projects/distillation/translation/runs/translategemma4b_es_en_gemma3_1b_stagea_goldgrid_rows1568_bf16_codexlow_pack06_prune10_defer_studentonly_v2/stage_a_checkpoint_sweep_greedy/eval2_external__checkpoint-002000__greedy/compare_eval_summary.json,30.7536,57.2648,,64.0000,31.8585,59.8385,,64.0000,128.0000,causal-chat,gemma_causal_lm,false,,
translategemma4b_es_en_gemma3_1b_stagea_goldgrid_rows1568_bf16_codexdense_pack06_prune10_seed42_500ckpts_v1,external_wmt13_en_es_translation_benchmark_128,projects/distillation/translation/training_data/translate_distill_pairs.eval2_wmt13_enes_128.jsonl,stage_a_checkpoint_sweep_greedy/eval2_external__checkpoint-004000__greedy,false,,student,32.0768,59.1377,,,,,projects/distillation/translation/runs/translategemma4b_es_en_gemma3_1b_stagea_goldgrid_rows1568_bf16_codexdense_pack06_prune10_seed42_500ckpts_v1/stage_a/checkpoint-004000,,128,projects/distillation/translation/runs/translategemma4b_es_en_gemma3_1b_stagea_goldgrid_rows1568_bf16_codexdense_pack06_prune10_seed42_500ckpts_v1/stage_a_checkpoint_sweep_greedy/eval2_external__checkpoint-004000__greedy/compare_eval_summary.json,30.9674,58.1953,,64.0000,31.0811,60.2716,,64.0000,128.0000,causal-chat,gemma_causal_lm,false,,
translategemma4b_es_en_gemma3_1b_stagea_goldgrid_rows1568_bf16_codexlow_pack06_prune10_defer_studentonly_v2,external_wmt13_en_es_translation_benchmark_128,projects/distillation/translation/training_data/translate_distill_pairs.eval2_wmt13_enes_128.jsonl,stage_a_checkpoint_sweep_greedy/eval2_external__checkpoint-004000__greedy,false,,student,32.0768,59.1377,,,,,projects/distillation/translation/runs/translategemma4b_es_en_gemma3_1b_stagea_goldgrid_rows1568_bf16_codexlow_pack06_prune10_defer_studentonly_v2/stage_a/checkpoint-004000,,128,projects/distillation/translation/runs/translategemma4b_es_en_gemma3_1b_stagea_goldgrid_rows1568_bf16_codexlow_pack06_prune10_defer_studentonly_v2/stage_a_checkpoint_sweep_greedy/eval2_external__checkpoint-004000__greedy/compare_eval_summary.json,30.9674,58.1953,,64.0000,31.0811,60.2716,,64.0000,128.0000,causal-chat,gemma_causal_lm,false,,
translategemma4b_es_en_gemma3_1b_stagea_goldgrid_rows1568_bf16_codexlow_pack04_prune10_studentonly_v1,external_wmt13_en_es_translation_benchmark_128,projects/distillation/translation/training_data/translate_distill_pairs.eval2_wmt13_enes_128.jsonl,stage_a_checkpoint_sweep_greedy/eval2_external__checkpoint-001000__greedy,false,,student,32.0321,58.4863,,,,,projects/distillation/translation/runs/translategemma4b_es_en_gemma3_1b_stagea_goldgrid_rows1568_bf16_codexlow_pack04_prune10_studentonly_v1/stage_a/checkpoint-001000,,128,projects/distillation/translation/runs/translategemma4b_es_en_gemma3_1b_stagea_goldgrid_rows1568_bf16_codexlow_pack04_prune10_studentonly_v1/stage_a_checkpoint_sweep_greedy/eval2_external__checkpoint-001000__greedy/compare_eval_summary.json,30.7394,56.7452,,64.0000,30.4669,60.5538,,64.0000,128.0000,causal-chat,gemma_causal_lm,false,,
translategemma4b_es_en_gemma3_1b_stagea_goldgrid_rows1568_bf16_codexlow_pack04_prune10_studentonly_v1,external_wmt13_en_es_translation_benchmark_128,projects/distillation/translation/training_data/translate_distill_pairs.eval2_wmt13_enes_128.jsonl,stage_a_checkpoint_sweep_greedy/eval2_external__checkpoint-003000__greedy,false,,student,32.0262,58.8538,,,,,projects/distillation/translation/runs/translategemma4b_es_en_gemma3_1b_stagea_goldgrid_rows1568_bf16_codexlow_pack04_prune10_studentonly_v1/stage_a/checkpoint-003000,,128,projects/distillation/translation/runs/translategemma4b_es_en_gemma3_1b_stagea_goldgrid_rows1568_bf16_codexlow_pack04_prune10_studentonly_v1/stage_a_checkpoint_sweep_greedy/eval2_external__checkpoint-003000__greedy/compare_eval_summary.json,30.0141,57.3916,,64.0000,32.0705,60.6087,,64.0000,128.0000,causal-chat,gemma_causal_lm,false,,
translategemma4b_es_en_gemma3_1b_stagea_goldgrid_rows1568_bf16_codexlow_pack04_random10_defer_studentonly_v1,external_wmt13_en_es_translation_benchmark_128,projects/distillation/translation/training_data/translate_distill_pairs.eval2_wmt13_enes_128.jsonl,stage_a_checkpoint_sweep_greedy/eval2_external__checkpoint-002000__greedy,false,,student,32.0233,58.5229,,,,,projects/distillation/translation/runs/translategemma4b_es_en_gemma3_1b_stagea_goldgrid_rows1568_bf16_codexlow_pack04_random10_defer_studentonly_v1/stage_a/checkpoint-002000,,128,projects/distillation/translation/runs/translategemma4b_es_en_gemma3_1b_stagea_goldgrid_rows1568_bf16_codexlow_pack04_random10_defer_studentonly_v1/stage_a_checkpoint_sweep_greedy/eval2_external__checkpoint-002000__greedy/compare_eval_summary.json,30.3379,56.9415,,64.0000,31.7956,60.4175,,64.0000,128.0000,causal-chat,gemma_causal_lm,false,,
translategemma4b_es_en_gemma3_1b_stagea_goldgrid_rows1920_bf16_20260311T062002Z,external_wmt13_en_es_translation_benchmark_128,projects/distillation/translation/training_data/translate_distill_pairs.eval2_wmt13_enes_128.jsonl,stage_a_checkpoint_sweep_greedy/eval2_external__checkpoint-004000__greedy,false,,student,32.0130,58.8506,34.0474,61.0088,-2.0343,-2.1581,projects/distillation/translation/runs/translategemma4b_es_en_gemma3_1b_stagea_goldgrid_rows1920_bf16_20260311T062002Z/stage_a/checkpoint-004000,/home/x/.cache/huggingface/hub/models--google--translategemma-4b-it/snapshots/10042cb0e6e7fdce748996a71dc3dc432a4e0c89,128,projects/distillation/translation/runs/translategemma4b_es_en_gemma3_1b_stagea_goldgrid_rows1920_bf16_20260311T062002Z/stage_a_checkpoint_sweep_greedy/eval2_external__checkpoint-004000__greedy/compare_eval_summary.json,29.5297,56.4835,,64.0000,33.2054,61.6992,,64.0000,128.0000,causal-chat,gemma_causal_lm,false,,
translategemma4b_es_en_gemma3_1b_stagea_goldgrid_rows1568_bf16_codexdense_pack06_prune10_seed42_500ckpts_v1,external_wmt13_en_es_translation_benchmark_128,projects/distillation/translation/training_data/translate_distill_pairs.eval2_wmt13_enes_128.jsonl,stage_a_checkpoint_sweep_greedy/eval2_external__checkpoint-001500__greedy,false,,student,31.9809,58.6714,,,,,projects/distillation/translation/runs/translategemma4b_es_en_gemma3_1b_stagea_goldgrid_rows1568_bf16_codexdense_pack06_prune10_seed42_500ckpts_v1/stage_a/checkpoint-001500,,128,projects/distillation/translation/runs/translategemma4b_es_en_gemma3_1b_stagea_goldgrid_rows1568_bf16_codexdense_pack06_prune10_seed42_500ckpts_v1/stage_a_checkpoint_sweep_greedy/eval2_external__checkpoint-001500__greedy/compare_eval_summary.json,29.3133,56.6201,,64.0000,32.0342,61.1273,,64.0000,128.0000,causal-chat,gemma_causal_lm,false,,
translategemma4b_es_en_gemma3_1b_stagea_goldgrid_rows1920_bf16_20260310T212318Z,external_wmt13_en_es_translation_benchmark_128,projects/distillation/translation/training_data/translate_distill_pairs.eval2_wmt13_enes_128.jsonl,stage_a_checkpoint_sweep_greedy/eval2_external__checkpoint-004000__greedy,false,,student,31.9598,59.3118,34.0474,61.0088,-2.0876,-1.6970,projects/distillation/translation/runs/translategemma4b_es_en_gemma3_1b_stagea_goldgrid_rows1920_bf16_20260310T212318Z/stage_a/checkpoint-004000,/home/x/.cache/huggingface/hub/models--google--translategemma-4b-it/snapshots/10042cb0e6e7fdce748996a71dc3dc432a4e0c89,128,projects/distillation/translation/runs/translategemma4b_es_en_gemma3_1b_stagea_goldgrid_rows1920_bf16_20260310T212318Z/stage_a_checkpoint_sweep_greedy/eval2_external__checkpoint-004000__greedy/compare_eval_summary.json,29.6859,57.6570,,64.0000,31.8712,61.2986,,64.0000,128.0000,causal-chat,gemma_causal_lm,false,,
translategemma4b_es_en_gemma3_1b_stagea_goldgrid_rows1280_bf16_confirm_best4,external_wmt13_en_es_translation_benchmark_128,projects/distillation/translation/training_data/translate_distill_pairs.eval2_wmt13_enes_128.jsonl,stage_a_checkpoint_sweep_greedy/eval2_external__checkpoint-004000__greedy,false,,student,31.9541,58.5046,,,,,projects/distillation/translation/runs/translategemma4b_es_en_gemma3_1b_stagea_goldgrid_rows1280_bf16_confirm_best4/stage_a/checkpoint-004000,,128,projects/distillation/translation/runs/translategemma4b_es_en_gemma3_1b_stagea_goldgrid_rows1280_bf16_confirm_best4/stage_a_checkpoint_sweep_greedy/eval2_external__checkpoint-004000__greedy/compare_eval_summary.json,30.9676,57.3151,,64.0000,30.7880,59.9355,,64.0000,128.0000,causal-chat,gemma_causal_lm,false,,
translategemma4b_es_en_gemma3_1b_stagea_goldgrid_rows1584_bf16_codexprune05_pack06_defer_studentonly_v1,external_wmt13_en_es_translation_benchmark_128,projects/distillation/translation/training_data/translate_distill_pairs.eval2_wmt13_enes_128.jsonl,stage_a_checkpoint_sweep_greedy/eval2_external__checkpoint-001500__greedy,false,,student,31.9492,58.4976,,,,,projects/distillation/translation/runs/translategemma4b_es_en_gemma3_1b_stagea_goldgrid_rows1584_bf16_codexprune05_pack06_defer_studentonly_v1/stage_a/checkpoint-001500,,128,projects/distillation/translation/runs/translategemma4b_es_en_gemma3_1b_stagea_goldgrid_rows1584_bf16_codexprune05_pack06_defer_studentonly_v1/stage_a_checkpoint_sweep_greedy/eval2_external__checkpoint-001500__greedy/compare_eval_summary.json,30.3124,56.8144,,64.0000,31.7570,60.5163,,64.0000,128.0000,causal-chat,gemma_causal_lm,false,,
translategemma4b_es_en_gemma3_1b_stagea_goldgrid_rows1920_bf16_20260310T224540Z,external_wmt13_en_es_translation_benchmark_128,projects/distillation/translation/training_data/translate_distill_pairs.eval2_wmt13_enes_128.jsonl,stage_a_checkpoint_sweep_greedy/eval2_external__checkpoint-004000__greedy,false,,student,31.8923,58.2847,34.0474,61.0088,-2.1550,-2.7240,projects/distillation/translation/runs/translategemma4b_es_en_gemma3_1b_stagea_goldgrid_rows1920_bf16_20260310T224540Z/stage_a/checkpoint-004000,/home/x/.cache/huggingface/hub/models--google--translategemma-4b-it/snapshots/10042cb0e6e7fdce748996a71dc3dc432a4e0c89,128,projects/distillation/translation/runs/translategemma4b_es_en_gemma3_1b_stagea_goldgrid_rows1920_bf16_20260310T224540Z/stage_a_checkpoint_sweep_greedy/eval2_external__checkpoint-004000__greedy/compare_eval_summary.json,29.7491,56.3991,,64.0000,32.4029,60.5492,,64.0000,128.0000,causal-chat,gemma_causal_lm,false,,
translategemma4b_es_en_gemma3_1b_stagea_goldgrid_rows1920_bf16_20260311T025326Z,external_wmt13_en_es_translation_benchmark_128,projects/distillation/translation/training_data/translate_distill_pairs.eval2_wmt13_enes_128.jsonl,stage_a_checkpoint_sweep_greedy/eval2_external__checkpoint-002000__greedy,false,,student,31.8819,58.3776,34.0474,61.0088,-2.1655,-2.6311,projects/distillation/translation/runs/translategemma4b_es_en_gemma3_1b_stagea_goldgrid_rows1920_bf16_20260311T025326Z/stage_a/checkpoint-002000,/home/x/.cache/huggingface/hub/models--google--translategemma-4b-it/snapshots/10042cb0e6e7fdce748996a71dc3dc432a4e0c89,128,projects/distillation/translation/runs/translategemma4b_es_en_gemma3_1b_stagea_goldgrid_rows1920_bf16_20260311T025326Z/stage_a_checkpoint_sweep_greedy/eval2_external__checkpoint-002000__greedy/compare_eval_summary.json,29.7057,56.2695,,64.0000,31.7987,60.8980,,64.0000,128.0000,causal-chat,gemma_causal_lm,false,,
translategemma4b_es_en_gemma3_1b_stagea_goldgrid_rows1920_bf16_20260310T232655Z,external_wmt13_en_es_translation_benchmark_128,projects/distillation/translation/training_data/translate_distill_pairs.eval2_wmt13_enes_128.jsonl,stage_a_checkpoint_sweep_greedy/eval2_external__checkpoint-004000__greedy,false,,student,31.8746,58.5722,34.0474,61.0088,-2.1727,-2.4366,projects/distillation/translation/runs/translategemma4b_es_en_gemma3_1b_stagea_goldgrid_rows1920_bf16_20260310T232655Z/stage_a/checkpoint-004000,/home/x/.cache/huggingface/hub/models--google--translategemma-4b-it/snapshots/10042cb0e6e7fdce748996a71dc3dc432a4e0c89,128,projects/distillation/translation/runs/translategemma4b_es_en_gemma3_1b_stagea_goldgrid_rows1920_bf16_20260310T232655Z/stage_a_checkpoint_sweep_greedy/eval2_external__checkpoint-004000__greedy/compare_eval_summary.json,30.0649,56.9229,,64.0000,31.7420,60.5462,,64.0000,128.0000,causal-chat,gemma_causal_lm,false,,
translategemma4b_es_en_gemma3_1b_stagea_goldgrid_rows1568_bf16_codexseed7_pack06_prune10_defer_studentonly_v1,external_wmt13_en_es_translation_benchmark_128,projects/distillation/translation/training_data/translate_distill_pairs.eval2_wmt13_enes_128.jsonl,stage_a_checkpoint_sweep_greedy/eval2_external__checkpoint-004000__greedy,false,,student,31.8697,58.7989,,,,,projects/distillation/translation/runs/translategemma4b_es_en_gemma3_1b_stagea_goldgrid_rows1568_bf16_codexseed7_pack06_prune10_defer_studentonly_v1/stage_a/checkpoint-004000,,128,projects/distillation/translation/runs/translategemma4b_es_en_gemma3_1b_stagea_goldgrid_rows1568_bf16_codexseed7_pack06_prune10_defer_studentonly_v1/stage_a_checkpoint_sweep_greedy/eval2_external__checkpoint-004000__greedy/compare_eval_summary.json,29.5692,56.6485,,64.0000,32.4721,61.3741,,64.0000,128.0000,causal-chat,gemma_causal_lm,false,,
translategemma4b_es_en_gemma3_1b_stagea_goldgrid_rows1920_bf16_20260311T212756Z,external_wmt13_en_es_translation_benchmark_128,projects/distillation/translation/training_data/translate_distill_pairs.eval2_wmt13_enes_128.jsonl,stage_a_checkpoint_sweep_greedy/eval2_external__checkpoint-002000__greedy,false,,student,31.8692,58.4620,34.0474,61.0088,-2.1781,-2.5467,projects/distillation/translation/runs/translategemma4b_es_en_gemma3_1b_stagea_goldgrid_rows1920_bf16_20260311T212756Z/stage_a/checkpoint-002000,/home/x/.cache/huggingface/hub/models--google--translategemma-4b-it/snapshots/10042cb0e6e7fdce748996a71dc3dc432a4e0c89,128,projects/distillation/translation/runs/translategemma4b_es_en_gemma3_1b_stagea_goldgrid_rows1920_bf16_20260311T212756Z/stage_a_checkpoint_sweep_greedy/eval2_external__checkpoint-002000__greedy/compare_eval_summary.json,28.9792,56.1779,,64.0000,33.1292,61.2099,,64.0000,128.0000,causal-chat,gemma_causal_lm,false,,
translategemma4b_es_en_gemma3_1b_stagea_goldgrid_rows1920_bf16_20260311T004931Z,external_wmt13_en_es_translation_benchmark_128,projects/distillation/translation/training_data/translate_distill_pairs.eval2_wmt13_enes_128.jsonl,stage_a_checkpoint_sweep_greedy/eval2_external__checkpoint-002000__greedy,false,,student,31.8592,58.3089,34.0474,61.0088,-2.1882,-2.6998,projects/distillation/translation/runs/translategemma4b_es_en_gemma3_1b_stagea_goldgrid_rows1920_bf16_20260311T004931Z/stage_a/checkpoint-002000,/home/x/.cache/huggingface/hub/models--google--translategemma-4b-it/snapshots/10042cb0e6e7fdce748996a71dc3dc432a4e0c89,128,projects/distillation/translation/runs/translategemma4b_es_en_gemma3_1b_stagea_goldgrid_rows1920_bf16_20260311T004931Z/stage_a_checkpoint_sweep_greedy/eval2_external__checkpoint-002000__greedy/compare_eval_summary.json,29.2997,56.3539,,64.0000,31.7647,60.6480,,64.0000,128.0000,causal-chat,gemma_causal_lm,false,,
translategemma4b_es_en_gemma3_1b_stagea_goldgrid_rows1600_bf16_codexlow_pack04_replace10_defer_studentonly_v1,external_wmt13_en_es_translation_benchmark_128,projects/distillation/translation/training_data/translate_distill_pairs.eval2_wmt13_enes_128.jsonl,stage_a_checkpoint_sweep_greedy/eval2_external__checkpoint-002000__greedy,false,,student,31.8522,58.6638,,,,,projects/distillation/translation/runs/translategemma4b_es_en_gemma3_1b_stagea_goldgrid_rows1600_bf16_codexlow_pack04_replace10_defer_studentonly_v1/stage_a/checkpoint-002000,,128,projects/distillation/translation/runs/translategemma4b_es_en_gemma3_1b_stagea_goldgrid_rows1600_bf16_codexlow_pack04_replace10_defer_studentonly_v1/stage_a_checkpoint_sweep_greedy/eval2_external__checkpoint-002000__greedy/compare_eval_summary.json,30.8151,57.6420,,64.0000,31.2393,59.8882,,64.0000,128.0000,causal-chat,gemma_causal_lm,false,,
translategemma4b_es_en_gemma3_1b_stagea_goldgrid_rows1600_bf16_codexlow_pack04_replace10_studentonly_v1,external_wmt13_en_es_translation_benchmark_128,projects/distillation/translation/training_data/translate_distill_pairs.eval2_wmt13_enes_128.jsonl,stage_a_checkpoint_sweep_greedy/eval2_external__checkpoint-002000__greedy,false,,student,31.8522,58.6638,,,,,projects/distillation/translation/runs/translategemma4b_es_en_gemma3_1b_stagea_goldgrid_rows1600_bf16_codexlow_pack04_replace10_studentonly_v1/stage_a/checkpoint-002000,,128,projects/distillation/translation/runs/translategemma4b_es_en_gemma3_1b_stagea_goldgrid_rows1600_bf16_codexlow_pack04_replace10_studentonly_v1/stage_a_checkpoint_sweep_greedy/eval2_external__checkpoint-002000__greedy/compare_eval_summary.json,30.8151,57.6420,,64.0000,31.2393,59.8882,,64.0000,128.0000,causal-chat,gemma_causal_lm,false,,
translategemma4b_es_en_gemma3_1b_stagea_goldgrid_rows1600_bf16_codexextend_pack06_replace10_6k_dense500_defer_studentonly_v1,external_wmt13_en_es_translation_benchmark_128,projects/distillation/translation/training_data/translate_distill_pairs.eval2_wmt13_enes_128.jsonl,stage_a_checkpoint_sweep_greedy/eval2_external__checkpoint-002000__greedy,false,,student,31.8419,57.7906,,,,,projects/distillation/translation/runs/translategemma4b_es_en_gemma3_1b_stagea_goldgrid_rows1600_bf16_codexextend_pack06_replace10_6k_dense500_defer_studentonly_v1/stage_a/checkpoint-002000,,128,projects/distillation/translation/runs/translategemma4b_es_en_gemma3_1b_stagea_goldgrid_rows1600_bf16_codexextend_pack06_replace10_6k_dense500_defer_studentonly_v1/stage_a_checkpoint_sweep_greedy/eval2_external__checkpoint-002000__greedy/compare_eval_summary.json,30.1497,56.1551,,64.0000,31.1803,59.7424,,64.0000,128.0000,causal-chat,gemma_causal_lm,false,,
translategemma4b_es_en_gemma3_1b_stagea_goldgrid_rows1568_bf16_codexseed7_pack06_prune10_defer_studentonly_v1,external_wmt13_en_es_translation_benchmark_128,projects/distillation/translation/training_data/translate_distill_pairs.eval2_wmt13_enes_128.jsonl,stage_a_checkpoint_sweep_greedy/eval2_external__checkpoint-003000__greedy,false,,student,31.8133,58.9614,,,,,projects/distillation/translation/runs/translategemma4b_es_en_gemma3_1b_stagea_goldgrid_rows1568_bf16_codexseed7_pack06_prune10_defer_studentonly_v1/stage_a/checkpoint-003000,,128,projects/distillation/translation/runs/translategemma4b_es_en_gemma3_1b_stagea_goldgrid_rows1568_bf16_codexseed7_pack06_prune10_defer_studentonly_v1/stage_a_checkpoint_sweep_greedy/eval2_external__checkpoint-003000__greedy/compare_eval_summary.json,29.7386,57.1550,,64.0000,32.3534,61.1303,,64.0000,128.0000,causal-chat,gemma_causal_lm,false,,
translategemma4b_es_en_gemma3_1b_stagea_goldgrid_rows1568_bf16_codexlow_pack06_random10_defer_studentonly_v1,external_wmt13_en_es_translation_benchmark_128,projects/distillation/translation/training_data/translate_distill_pairs.eval2_wmt13_enes_128.jsonl,stage_a_checkpoint_sweep_greedy/eval2_external__checkpoint-002000__greedy,false,,student,31.7656,58.5804,,,,,projects/distillation/translation/runs/translategemma4b_es_en_gemma3_1b_stagea_goldgrid_rows1568_bf16_codexlow_pack06_random10_defer_studentonly_v1/stage_a/checkpoint-002000,,128,projects/distillation/translation/runs/translategemma4b_es_en_gemma3_1b_stagea_goldgrid_rows1568_bf16_codexlow_pack06_random10_defer_studentonly_v1/stage_a_checkpoint_sweep_greedy/eval2_external__checkpoint-002000__greedy/compare_eval_summary.json,30.7173,57.5438,,64.0000,30.5421,59.8191,,64.0000,128.0000,causal-chat,gemma_causal_lm,false,,
translategemma4b_es_en_gemma3_1b_stagea_goldgrid_rows1600_bf16_codexreplace05_pack06_defer_studentonly_v1,external_wmt13_en_es_translation_benchmark_128,projects/distillation/translation/training_data/translate_distill_pairs.eval2_wmt13_enes_128.jsonl,stage_a_checkpoint_sweep_greedy/eval2_external__checkpoint-001000__greedy,false,,student,31.6930,57.7490,,,,,projects/distillation/translation/runs/translategemma4b_es_en_gemma3_1b_stagea_goldgrid_rows1600_bf16_codexreplace05_pack06_defer_studentonly_v1/stage_a/checkpoint-001000,,128,projects/distillation/translation/runs/translategemma4b_es_en_gemma3_1b_stagea_goldgrid_rows1600_bf16_codexreplace05_pack06_defer_studentonly_v1/stage_a_checkpoint_sweep_greedy/eval2_external__checkpoint-001000__greedy/compare_eval_summary.json,29.3550,56.0551,,64.0000,32.9467,59.7837,,64.0000,128.0000,causal-chat,gemma_causal_lm,false,,
translategemma4b_es_en_gemma3_1b_stagea_goldgrid_rows1568_bf16_codexlow_pack06_random10_defer_studentonly_v1,external_wmt13_en_es_translation_benchmark_128,projects/distillation/translation/training_data/translate_distill_pairs.eval2_wmt13_enes_128.jsonl,stage_a_checkpoint_sweep_greedy/eval2_external__checkpoint-003000__greedy,false,,student,31.6900,58.4389,,,,,projects/distillation/translation/runs/translategemma4b_es_en_gemma3_1b_stagea_goldgrid_rows1568_bf16_codexlow_pack06_random10_defer_studentonly_v1/stage_a/checkpoint-003000,,128,projects/distillation/translation/runs/translategemma4b_es_en_gemma3_1b_stagea_goldgrid_rows1568_bf16_codexlow_pack06_random10_defer_studentonly_v1/stage_a_checkpoint_sweep_greedy/eval2_external__checkpoint-003000__greedy/compare_eval_summary.json,30.0011,57.0350,,64.0000,31.2443,60.1167,,64.0000,128.0000,causal-chat,gemma_causal_lm,false,,
translategemma4b_es_en_gemma3_1b_stagea_goldgrid_rows1600_bf16_codexextend_pack06_replace10_6k_dense500_defer_studentonly_v1,external_wmt13_en_es_translation_benchmark_128,projects/distillation/translation/training_data/translate_distill_pairs.eval2_wmt13_enes_128.jsonl,stage_a_checkpoint_sweep_greedy/eval2_external__checkpoint-003000__greedy,false,,student,31.6740,58.3601,,,,,projects/distillation/translation/runs/translategemma4b_es_en_gemma3_1b_stagea_goldgrid_rows1600_bf16_codexextend_pack06_replace10_6k_dense500_defer_studentonly_v1/stage_a/checkpoint-003000,,128,projects/distillation/translation/runs/translategemma4b_es_en_gemma3_1b_stagea_goldgrid_rows1600_bf16_codexextend_pack06_replace10_6k_dense500_defer_studentonly_v1/stage_a_checkpoint_sweep_greedy/eval2_external__checkpoint-003000__greedy/compare_eval_summary.json,30.0496,56.8469,,64.0000,30.9641,60.1656,,64.0000,128.0000,causal-chat,gemma_causal_lm,false,,
translategemma4b_es_en_gemma3_1b_stagea_goldgrid_rows1920_bf16_codexblend_pack06r10_pack08_v1,external_wmt13_en_es_translation_benchmark_128,projects/distillation/translation/training_data/translate_distill_pairs.eval2_wmt13_enes_128.jsonl,stage_a_checkpoint_sweep_greedy_studentonly/eval2_external__checkpoint-004000__greedy,false,,student,31.6237,58.6982,,,,,projects/distillation/translation/runs/translategemma4b_es_en_gemma3_1b_stagea_goldgrid_rows1920_bf16_codexblend_pack06r10_pack08_v1/stage_a/checkpoint-004000,,128,projects/distillation/translation/runs/translategemma4b_es_en_gemma3_1b_stagea_goldgrid_rows1920_bf16_codexblend_pack06r10_pack08_v1/stage_a_checkpoint_sweep_greedy_studentonly/eval2_external__checkpoint-004000__greedy/compare_eval_summary.json,28.6143,56.5595,,64.0000,32.6570,61.2688,,64.0000,128.0000,causal-chat,gemma_causal_lm,false,,
translategemma4b_es_en_gemma3_1b_stagea_goldgrid_rows1920_bf16_codexblend_pack06r10_pack08_v1,external_wmt13_en_es_translation_benchmark_128,projects/distillation/translation/training_data/translate_distill_pairs.eval2_wmt13_enes_128.jsonl,stage_a_checkpoint_sweep_greedy_studentonly/eval2_external__checkpoint-003000__greedy,false,,student,31.5986,58.6758,,,,,projects/distillation/translation/runs/translategemma4b_es_en_gemma3_1b_stagea_goldgrid_rows1920_bf16_codexblend_pack06r10_pack08_v1/stage_a/checkpoint-003000,,128,projects/distillation/translation/runs/translategemma4b_es_en_gemma3_1b_stagea_goldgrid_rows1920_bf16_codexblend_pack06r10_pack08_v1/stage_a_checkpoint_sweep_greedy_studentonly/eval2_external__checkpoint-003000__greedy/compare_eval_summary.json,28.7385,56.5508,,64.0000,32.5889,61.2300,,64.0000,128.0000,causal-chat,gemma_causal_lm,false,,
translategemma4b_es_en_gemma3_1b_stagea_goldgrid_rows1568_bf16_codexseed7_pack06_prune10_defer_studentonly_v1,external_wmt13_en_es_translation_benchmark_128,projects/distillation/translation/training_data/translate_distill_pairs.eval2_wmt13_enes_128.jsonl,stage_a_checkpoint_sweep_greedy/eval2_external__checkpoint-001000__greedy,false,,student,31.5913,58.4020,,,,,projects/distillation/translation/runs/translategemma4b_es_en_gemma3_1b_stagea_goldgrid_rows1568_bf16_codexseed7_pack06_prune10_defer_studentonly_v1/stage_a/checkpoint-001000,,128,projects/distillation/translation/runs/translategemma4b_es_en_gemma3_1b_stagea_goldgrid_rows1568_bf16_codexseed7_pack06_prune10_defer_studentonly_v1/stage_a_checkpoint_sweep_greedy/eval2_external__checkpoint-001000__greedy/compare_eval_summary.json,29.7508,56.6902,,64.0000,31.9018,60.4574,,64.0000,128.0000,causal-chat,gemma_causal_lm,false,,
translategemma4b_es_en_gemma3_1b_stagea_goldgrid_rows1920_bf16_20260310T224540Z,external_wmt13_en_es_translation_benchmark_128,projects/distillation/translation/training_data/translate_distill_pairs.eval2_wmt13_enes_128.jsonl,stage_a_checkpoint_sweep_greedy/eval2_external__checkpoint-002000__greedy,false,,student,31.5806,57.6369,34.0474,61.0088,-2.4668,-3.3719,projects/distillation/translation/runs/translategemma4b_es_en_gemma3_1b_stagea_goldgrid_rows1920_bf16_20260310T224540Z/stage_a/checkpoint-002000,/home/x/.cache/huggingface/hub/models--google--translategemma-4b-it/snapshots/10042cb0e6e7fdce748996a71dc3dc432a4e0c89,128,projects/distillation/translation/runs/translategemma4b_es_en_gemma3_1b_stagea_goldgrid_rows1920_bf16_20260310T224540Z/stage_a_checkpoint_sweep_greedy/eval2_external__checkpoint-002000__greedy/compare_eval_summary.json,30.4560,56.0431,,64.0000,31.2002,59.5491,,64.0000,128.0000,causal-chat,gemma_causal_lm,false,,
translategemma4b_es_en_gemma3_1b_stagea_goldgrid_rows1920_bf16_20260311T200534Z,external_wmt13_en_es_translation_benchmark_128,projects/distillation/translation/training_data/translate_distill_pairs.eval2_wmt13_enes_128.jsonl,stage_a_checkpoint_sweep_greedy/eval2_external__checkpoint-004000__greedy,false,,student,31.5741,58.4624,34.0474,61.0088,-2.4733,-2.5463,projects/distillation/translation/runs/translategemma4b_es_en_gemma3_1b_stagea_goldgrid_rows1920_bf16_20260311T200534Z/stage_a/checkpoint-004000,/home/x/.cache/huggingface/hub/models--google--translategemma-4b-it/snapshots/10042cb0e6e7fdce748996a71dc3dc432a4e0c89,128,projects/distillation/translation/runs/translategemma4b_es_en_gemma3_1b_stagea_goldgrid_rows1920_bf16_20260311T200534Z/stage_a_checkpoint_sweep_greedy/eval2_external__checkpoint-004000__greedy/compare_eval_summary.json,29.4329,56.2052,,64.0000,31.6289,61.1659,,64.0000,128.0000,causal-chat,gemma_causal_lm,false,,
translategemma4b_es_en_gemma3_1b_stagea_goldgrid_rows1920_bf16_20260311T225020Z,external_wmt13_en_es_translation_benchmark_128,projects/distillation/translation/training_data/translate_distill_pairs.eval2_wmt13_enes_128.jsonl,stage_a_checkpoint_sweep_greedy/eval2_external__checkpoint-004000__greedy,false,,student,31.5726,58.1760,34.0474,61.0088,-2.4748,-2.8327,projects/distillation/translation/runs/translategemma4b_es_en_gemma3_1b_stagea_goldgrid_rows1920_bf16_20260311T225020Z/stage_a/checkpoint-004000,/home/x/.cache/huggingface/hub/models--google--translategemma-4b-it/snapshots/10042cb0e6e7fdce748996a71dc3dc432a4e0c89,128,projects/distillation/translation/runs/translategemma4b_es_en_gemma3_1b_stagea_goldgrid_rows1920_bf16_20260311T225020Z/stage_a_checkpoint_sweep_greedy/eval2_external__checkpoint-004000__greedy/compare_eval_summary.json,29.1479,55.3984,,64.0000,31.3344,61.4789,,64.0000,128.0000,causal-chat,gemma_causal_lm,false,,
translategemma4b_es_en_gemma3_1b_stagea_goldgrid_rows1920_bf16_20260311T070121Z,external_wmt13_en_es_translation_benchmark_128,projects/distillation/translation/training_data/translate_distill_pairs.eval2_wmt13_enes_128.jsonl,stage_a_checkpoint_sweep_greedy/eval2_external__checkpoint-004000__greedy,false,,student,31.5262,58.4166,34.0474,61.0088,-2.5212,-2.5921,projects/distillation/translation/runs/translategemma4b_es_en_gemma3_1b_stagea_goldgrid_rows1920_bf16_20260311T070121Z/stage_a/checkpoint-004000,/home/x/.cache/huggingface/hub/models--google--translategemma-4b-it/snapshots/10042cb0e6e7fdce748996a71dc3dc432a4e0c89,128,projects/distillation/translation/runs/translategemma4b_es_en_gemma3_1b_stagea_goldgrid_rows1920_bf16_20260311T070121Z/stage_a_checkpoint_sweep_greedy/eval2_external__checkpoint-004000__greedy/compare_eval_summary.json,29.7361,56.9922,,64.0000,31.4619,60.1274,,64.0000,128.0000,causal-chat,gemma_causal_lm,false,,
translategemma4b_es_en_gemma3_1b_stagea_goldgrid_rows1920_bf16_20260311T033442Z,external_wmt13_en_es_translation_benchmark_128,projects/distillation/translation/training_data/translate_distill_pairs.eval2_wmt13_enes_128.jsonl,stage_a_checkpoint_sweep_greedy/eval2_external__checkpoint-004000__greedy,false,,student,31.5088,58.1516,34.0474,61.0088,-2.5386,-2.8571,projects/distillation/translation/runs/translategemma4b_es_en_gemma3_1b_stagea_goldgrid_rows1920_bf16_20260311T033442Z/stage_a/checkpoint-004000,/home/x/.cache/huggingface/hub/models--google--translategemma-4b-it/snapshots/10042cb0e6e7fdce748996a71dc3dc432a4e0c89,128,projects/distillation/translation/runs/translategemma4b_es_en_gemma3_1b_stagea_goldgrid_rows1920_bf16_20260311T033442Z/stage_a_checkpoint_sweep_greedy/eval2_external__checkpoint-004000__greedy/compare_eval_summary.json,30.3222,56.4553,,64.0000,30.6798,60.1847,,64.0000,128.0000,causal-chat,gemma_causal_lm,false,,
translategemma4b_es_en_gemma3_1b_stagea_goldgrid_rows1920_bf16_20260311T013050Z,external_wmt13_en_es_translation_benchmark_128,projects/distillation/translation/training_data/translate_distill_pairs.eval2_wmt13_enes_128.jsonl,stage_a_checkpoint_sweep_greedy/eval2_external__checkpoint-004000__greedy,false,,student,31.4725,59.0645,34.0474,61.0088,-2.5748,-1.9442,projects/distillation/translation/runs/translategemma4b_es_en_gemma3_1b_stagea_goldgrid_rows1920_bf16_20260311T013050Z/stage_a/checkpoint-004000,/home/x/.cache/huggingface/hub/models--google--translategemma-4b-it/snapshots/10042cb0e6e7fdce748996a71dc3dc432a4e0c89,128,projects/distillation/translation/runs/translategemma4b_es_en_gemma3_1b_stagea_goldgrid_rows1920_bf16_20260311T013050Z/stage_a_checkpoint_sweep_greedy/eval2_external__checkpoint-004000__greedy/compare_eval_summary.json,29.1612,57.1466,,64.0000,31.1971,61.3571,,64.0000,128.0000,causal-chat,gemma_causal_lm,false,,
translategemma4b_es_en_gemma3_1b_stagea_goldgrid_rows1920_bf16_20260311T013050Z,external_wmt13_en_es_translation_benchmark_128,projects/distillation/translation/training_data/translate_distill_pairs.eval2_wmt13_enes_128.jsonl,stage_a_checkpoint_sweep_greedy/eval2_external__checkpoint-002000__greedy,false,,student,31.4675,58.6238,34.0474,61.0088,-2.5798,-2.3850,projects/distillation/translation/runs/translategemma4b_es_en_gemma3_1b_stagea_goldgrid_rows1920_bf16_20260311T013050Z/stage_a/checkpoint-002000,/home/x/.cache/huggingface/hub/models--google--translategemma-4b-it/snapshots/10042cb0e6e7fdce748996a71dc3dc432a4e0c89,128,projects/distillation/translation/runs/translategemma4b_es_en_gemma3_1b_stagea_goldgrid_rows1920_bf16_20260311T013050Z/stage_a_checkpoint_sweep_greedy/eval2_external__checkpoint-002000__greedy/compare_eval_summary.json,28.4146,56.1756,,64.0000,31.8178,61.5422,,64.0000,128.0000,causal-chat,gemma_causal_lm,false,,
translategemma4b_es_en_gemma3_1b_stagea_goldgrid_rows1920_bf16_20260311T004931Z,external_wmt13_en_es_translation_benchmark_128,projects/distillation/translation/training_data/translate_distill_pairs.eval2_wmt13_enes_128.jsonl,stage_a_checkpoint_sweep_greedy/eval2_external__checkpoint-004000__greedy,false,,student,31.4576,58.1105,34.0474,61.0088,-2.5897,-2.8983,projects/distillation/translation/runs/translategemma4b_es_en_gemma3_1b_stagea_goldgrid_rows1920_bf16_20260311T004931Z/stage_a/checkpoint-004000,/home/x/.cache/huggingface/hub/models--google--translategemma-4b-it/snapshots/10042cb0e6e7fdce748996a71dc3dc432a4e0c89,128,projects/distillation/translation/runs/translategemma4b_es_en_gemma3_1b_stagea_goldgrid_rows1920_bf16_20260311T004931Z/stage_a_checkpoint_sweep_greedy/eval2_external__checkpoint-004000__greedy/compare_eval_summary.json,29.4919,56.4243,,64.0000,31.2624,60.1347,,64.0000,128.0000,causal-chat,gemma_causal_lm,false,,
translategemma4b_es_en_gemma3_1b_stagea_goldgrid_rows1920_bf16_20260311T062002Z,external_wmt13_en_es_translation_benchmark_128,projects/distillation/translation/training_data/translate_distill_pairs.eval2_wmt13_enes_128.jsonl,stage_a_checkpoint_sweep_greedy/eval2_external__checkpoint-002000__greedy,false,,student,31.4556,58.5053,34.0474,61.0088,-2.5918,-2.5035,projects/distillation/translation/runs/translategemma4b_es_en_gemma3_1b_stagea_goldgrid_rows1920_bf16_20260311T062002Z/stage_a/checkpoint-002000,/home/x/.cache/huggingface/hub/models--google--translategemma-4b-it/snapshots/10042cb0e6e7fdce748996a71dc3dc432a4e0c89,128,projects/distillation/translation/runs/translategemma4b_es_en_gemma3_1b_stagea_goldgrid_rows1920_bf16_20260311T062002Z/stage_a_checkpoint_sweep_greedy/eval2_external__checkpoint-002000__greedy/compare_eval_summary.json,29.0780,56.4421,,64.0000,32.0008,60.9773,,64.0000,128.0000,causal-chat,gemma_causal_lm,false,,
translategemma4b_es_en_gemma3_1b_stagea_goldgrid_rows1920_bf16_20260311T192425Z,external_wmt13_en_es_translation_benchmark_128,projects/distillation/translation/training_data/translate_distill_pairs.eval2_wmt13_enes_128.jsonl,stage_a_checkpoint_sweep_greedy/eval2_external__checkpoint-004000__greedy,false,,student,31.4156,58.5323,34.0474,61.0088,-2.6317,-2.4765,projects/distillation/translation/runs/translategemma4b_es_en_gemma3_1b_stagea_goldgrid_rows1920_bf16_20260311T192425Z/stage_a/checkpoint-004000,/home/x/.cache/huggingface/hub/models--google--translategemma-4b-it/snapshots/10042cb0e6e7fdce748996a71dc3dc432a4e0c89,128,projects/distillation/translation/runs/translategemma4b_es_en_gemma3_1b_stagea_goldgrid_rows1920_bf16_20260311T192425Z/stage_a_checkpoint_sweep_greedy/eval2_external__checkpoint-004000__greedy/compare_eval_summary.json,30.4339,57.3125,,64.0000,30.3073,59.9958,,64.0000,128.0000,causal-chat,gemma_causal_lm,false,,
translategemma4b_es_en_gemma3_1b_stagea_goldgrid_rows1920_bf16_20260311T225020Z,external_wmt13_en_es_translation_benchmark_128,projects/distillation/translation/training_data/translate_distill_pairs.eval2_wmt13_enes_128.jsonl,stage_a_checkpoint_sweep_greedy/eval2_external__checkpoint-002000__greedy,false,,student,31.4076,58.2465,34.0474,61.0088,-2.6398,-2.7622,projects/distillation/translation/runs/translategemma4b_es_en_gemma3_1b_stagea_goldgrid_rows1920_bf16_20260311T225020Z/stage_a/checkpoint-002000,/home/x/.cache/huggingface/hub/models--google--translategemma-4b-it/snapshots/10042cb0e6e7fdce748996a71dc3dc432a4e0c89,128,projects/distillation/translation/runs/translategemma4b_es_en_gemma3_1b_stagea_goldgrid_rows1920_bf16_20260311T225020Z/stage_a_checkpoint_sweep_greedy/eval2_external__checkpoint-002000__greedy/compare_eval_summary.json,29.9958,56.1149,,64.0000,30.0021,60.7778,,64.0000,128.0000,causal-chat,gemma_causal_lm,false,,
translategemma4b_es_en_gemma3_1b_stagea_goldgrid_rows1920_bf16_20260311T045717Z,external_wmt13_en_es_translation_benchmark_128,projects/distillation/translation/training_data/translate_distill_pairs.eval2_wmt13_enes_128.jsonl,stage_a_checkpoint_sweep_greedy/eval2_external__checkpoint-002000__greedy,false,,student,31.3818,58.5778,34.0474,61.0088,-2.6656,-2.4310,projects/distillation/translation/runs/translategemma4b_es_en_gemma3_1b_stagea_goldgrid_rows1920_bf16_20260311T045717Z/stage_a/checkpoint-002000,/home/x/.cache/huggingface/hub/models--google--translategemma-4b-it/snapshots/10042cb0e6e7fdce748996a71dc3dc432a4e0c89,128,projects/distillation/translation/runs/translategemma4b_es_en_gemma3_1b_stagea_goldgrid_rows1920_bf16_20260311T045717Z/stage_a_checkpoint_sweep_greedy/eval2_external__checkpoint-002000__greedy/compare_eval_summary.json,29.7734,57.3173,,64.0000,31.1916,60.0921,,64.0000,128.0000,causal-chat,gemma_causal_lm,false,,
translategemma4b_es_en_gemma3_1b_stagea_goldgrid_rows1920_bf16_20260311T220906Z,external_wmt13_en_es_translation_benchmark_128,projects/distillation/translation/training_data/translate_distill_pairs.eval2_wmt13_enes_128.jsonl,stage_a_checkpoint_sweep_greedy/eval2_external__checkpoint-004000__greedy,false,,student,31.3516,58.6308,34.0474,61.0088,-2.6957,-2.3780,projects/distillation/translation/runs/translategemma4b_es_en_gemma3_1b_stagea_goldgrid_rows1920_bf16_20260311T220906Z/stage_a/checkpoint-004000,/home/x/.cache/huggingface/hub/models--google--translategemma-4b-it/snapshots/10042cb0e6e7fdce748996a71dc3dc432a4e0c89,128,projects/distillation/translation/runs/translategemma4b_es_en_gemma3_1b_stagea_goldgrid_rows1920_bf16_20260311T220906Z/stage_a_checkpoint_sweep_greedy/eval2_external__checkpoint-004000__greedy/compare_eval_summary.json,29.6658,56.7717,,64.0000,30.2892,60.8496,,64.0000,128.0000,causal-chat,gemma_causal_lm,false,,
translategemma4b_es_en_gemma3_1b_stagea_goldgrid_rows1920_bf16_20260311T180127Z,external_wmt13_en_es_translation_benchmark_128,projects/distillation/translation/training_data/translate_distill_pairs.eval2_wmt13_enes_128.jsonl,stage_a_checkpoint_sweep_greedy/eval2_external__checkpoint-002000__greedy,false,,student,31.3512,58.9003,34.0474,61.0088,-2.6962,-2.1085,projects/distillation/translation/runs/translategemma4b_es_en_gemma3_1b_stagea_goldgrid_rows1920_bf16_20260311T180127Z/stage_a/checkpoint-002000,/home/x/.cache/huggingface/hub/models--google--translategemma-4b-it/snapshots/10042cb0e6e7fdce748996a71dc3dc432a4e0c89,128,projects/distillation/translation/runs/translategemma4b_es_en_gemma3_1b_stagea_goldgrid_rows1920_bf16_20260311T180127Z/stage_a_checkpoint_sweep_greedy/eval2_external__checkpoint-002000__greedy/compare_eval_summary.json,29.9980,57.5466,,64.0000,31.0700,60.5273,,64.0000,128.0000,causal-chat,gemma_causal_lm,false,,
translategemma4b_es_en_gemma3_1b_stagea_goldgrid_rows1920_bf16_20260311T021203Z,external_wmt13_en_es_translation_benchmark_128,projects/distillation/translation/training_data/translate_distill_pairs.eval2_wmt13_enes_128.jsonl,stage_a_checkpoint_sweep_greedy/eval2_external__checkpoint-004000__greedy,false,,student,31.2679,58.0757,34.0474,61.0088,-2.7794,-2.9330,projects/distillation/translation/runs/translategemma4b_es_en_gemma3_1b_stagea_goldgrid_rows1920_bf16_20260311T021203Z/stage_a/checkpoint-004000,/home/x/.cache/huggingface/hub/models--google--translategemma-4b-it/snapshots/10042cb0e6e7fdce748996a71dc3dc432a4e0c89,128,projects/distillation/translation/runs/translategemma4b_es_en_gemma3_1b_stagea_goldgrid_rows1920_bf16_20260311T021203Z/stage_a_checkpoint_sweep_greedy/eval2_external__checkpoint-004000__greedy/compare_eval_summary.json,28.9279,56.1545,,64.0000,31.8528,60.3785,,64.0000,128.0000,causal-chat,gemma_causal_lm,false,,
translategemma4b_es_en_gemma3_1b_stagea_goldgrid_rows1920_bf16_20260311T000816Z,external_wmt13_en_es_translation_benchmark_128,projects/distillation/translation/training_data/translate_distill_pairs.eval2_wmt13_enes_128.jsonl,stage_a_checkpoint_sweep_greedy/eval2_external__checkpoint-002000__greedy,false,,student,31.2658,58.4989,34.0474,61.0088,-2.7816,-2.5099,projects/distillation/translation/runs/translategemma4b_es_en_gemma3_1b_stagea_goldgrid_rows1920_bf16_20260311T000816Z/stage_a/checkpoint-002000,/home/x/.cache/huggingface/hub/models--google--translategemma-4b-it/snapshots/10042cb0e6e7fdce748996a71dc3dc432a4e0c89,128,projects/distillation/translation/runs/translategemma4b_es_en_gemma3_1b_stagea_goldgrid_rows1920_bf16_20260311T000816Z/stage_a_checkpoint_sweep_greedy/eval2_external__checkpoint-002000__greedy/compare_eval_summary.json,28.5749,56.5803,,64.0000,32.2750,60.8020,,64.0000,128.0000,causal-chat,gemma_causal_lm,false,,
translategemma4b_es_en_gemma3_1b_stagea_goldgrid_rows1568_bf16_codexseed7_pack06_prune10_defer_studentonly_v1,external_wmt13_en_es_translation_benchmark_128,projects/distillation/translation/training_data/translate_distill_pairs.eval2_wmt13_enes_128.jsonl,stage_a_checkpoint_sweep_greedy/eval2_external__checkpoint-002000__greedy,false,,student,31.2568,58.3241,,,,,projects/distillation/translation/runs/translategemma4b_es_en_gemma3_1b_stagea_goldgrid_rows1568_bf16_codexseed7_pack06_prune10_defer_studentonly_v1/stage_a/checkpoint-002000,,128,projects/distillation/translation/runs/translategemma4b_es_en_gemma3_1b_stagea_goldgrid_rows1568_bf16_codexseed7_pack06_prune10_defer_studentonly_v1/stage_a_checkpoint_sweep_greedy/eval2_external__checkpoint-002000__greedy/compare_eval_summary.json,30.1474,57.4307,,64.0000,31.1202,59.3964,,64.0000,128.0000,causal-chat,gemma_causal_lm,false,,
translategemma4b_es_en_gemma3_1b_stagea_goldgrid_rows1920_bf16_20260310T212318Z,external_wmt13_en_es_translation_benchmark_128,projects/distillation/translation/training_data/translate_distill_pairs.eval2_wmt13_enes_128.jsonl,stage_a_checkpoint_sweep_greedy/eval2_external__checkpoint-002000__greedy,false,,student,31.2176,58.6350,34.0474,61.0088,-2.8297,-2.3737,projects/distillation/translation/runs/translategemma4b_es_en_gemma3_1b_stagea_goldgrid_rows1920_bf16_20260310T212318Z/stage_a/checkpoint-002000,/home/x/.cache/huggingface/hub/models--google--translategemma-4b-it/snapshots/10042cb0e6e7fdce748996a71dc3dc432a4e0c89,128,projects/distillation/translation/runs/translategemma4b_es_en_gemma3_1b_stagea_goldgrid_rows1920_bf16_20260310T212318Z/stage_a_checkpoint_sweep_greedy/eval2_external__checkpoint-002000__greedy/compare_eval_summary.json,28.1102,56.5213,,64.0000,32.5879,61.1752,,64.0000,128.0000,causal-chat,gemma_causal_lm,false,,
translategemma4b_es_en_gemma3_1b_stagea_goldgrid_rows1920_bf16_20260310T220428Z,external_wmt13_en_es_translation_benchmark_128,projects/distillation/translation/training_data/translate_distill_pairs.eval2_wmt13_enes_128.jsonl,stage_a_checkpoint_sweep_greedy/eval2_external__checkpoint-004000__greedy,false,,student,31.1961,58.6270,34.0474,61.0088,-2.8513,-2.3817,projects/distillation/translation/runs/translategemma4b_es_en_gemma3_1b_stagea_goldgrid_rows1920_bf16_20260310T220428Z/stage_a/checkpoint-004000,/home/x/.cache/huggingface/hub/models--google--translategemma-4b-it/snapshots/10042cb0e6e7fdce748996a71dc3dc432a4e0c89,128,projects/distillation/translation/runs/translategemma4b_es_en_gemma3_1b_stagea_goldgrid_rows1920_bf16_20260310T220428Z/stage_a_checkpoint_sweep_greedy/eval2_external__checkpoint-004000__greedy/compare_eval_summary.json,28.7368,56.4207,,64.0000,31.8123,61.2724,,64.0000,128.0000,causal-chat,gemma_causal_lm,false,,
translategemma4b_es_en_gemma3_1b_stagea_goldgrid_rows1920_bf16_20260310T192822Z,external_wmt13_en_es_translation_benchmark_128,projects/distillation/translation/training_data/translate_distill_pairs.eval2_wmt13_enes_128.jsonl,stage_a_checkpoint_sweep_greedy/eval2_external__checkpoint-002000__greedy,false,,student,31.1363,57.6913,34.0474,61.0088,-2.9111,-3.3174,projects/distillation/translation/runs/translategemma4b_es_en_gemma3_1b_stagea_goldgrid_rows1920_bf16_20260310T192822Z/stage_a/checkpoint-002000,/home/x/.cache/huggingface/hub/models--google--translategemma-4b-it/snapshots/10042cb0e6e7fdce748996a71dc3dc432a4e0c89,128,projects/distillation/translation/runs/translategemma4b_es_en_gemma3_1b_stagea_goldgrid_rows1920_bf16_20260310T192822Z/stage_a_checkpoint_sweep_greedy/eval2_external__checkpoint-002000__greedy/compare_eval_summary.json,28.6397,55.7669,,64.0000,30.8726,59.9815,,64.0000,128.0000,causal-chat,gemma_causal_lm,false,,
translategemma4b_es_en_gemma3_1b_stagea_goldgrid_rows1584_bf16_codexprune05_pack06_defer_studentonly_v1,external_wmt13_en_es_translation_benchmark_128,projects/distillation/translation/training_data/translate_distill_pairs.eval2_wmt13_enes_128.jsonl,stage_a_checkpoint_sweep_greedy/eval2_external__checkpoint-001000__greedy,false,,student,31.1291,58.2586,,,,,projects/distillation/translation/runs/translategemma4b_es_en_gemma3_1b_stagea_goldgrid_rows1584_bf16_codexprune05_pack06_defer_studentonly_v1/stage_a/checkpoint-001000,,128,projects/distillation/translation/runs/translategemma4b_es_en_gemma3_1b_stagea_goldgrid_rows1584_bf16_codexprune05_pack06_defer_studentonly_v1/stage_a_checkpoint_sweep_greedy/eval2_external__checkpoint-001000__greedy/compare_eval_summary.json,29.1514,56.6697,,64.0000,31.0425,60.1620,,64.0000,128.0000,causal-chat,gemma_causal_lm,false,,
translategemma4b_es_en_gemma3_1b_stagea_goldgrid_rows1920_bf16_20260311T204640Z,external_wmt13_en_es_translation_benchmark_128,projects/distillation/translation/training_data/translate_distill_pairs.eval2_wmt13_enes_128.jsonl,stage_a_checkpoint_sweep_greedy/eval2_external__checkpoint-004000__greedy,false,,student,31.1040,58.0953,34.0474,61.0088,-2.9433,-2.9134,projects/distillation/translation/runs/translategemma4b_es_en_gemma3_1b_stagea_goldgrid_rows1920_bf16_20260311T204640Z/stage_a/checkpoint-004000,/home/x/.cache/huggingface/hub/models--google--translategemma-4b-it/snapshots/10042cb0e6e7fdce748996a71dc3dc432a4e0c89,128,projects/distillation/translation/runs/translategemma4b_es_en_gemma3_1b_stagea_goldgrid_rows1920_bf16_20260311T204640Z/stage_a_checkpoint_sweep_greedy/eval2_external__checkpoint-004000__greedy/compare_eval_summary.json,28.0709,55.9018,,64.0000,32.4270,60.7282,,64.0000,128.0000,causal-chat,gemma_causal_lm,false,,
translategemma4b_es_en_gemma3_1b_stagea_goldgrid_rows1920_bf16_20260310T203554Z,external_wmt13_en_es_translation_benchmark_128,projects/distillation/translation/training_data/translate_distill_pairs.eval2_wmt13_enes_128.jsonl,stage_a_checkpoint_sweep_greedy/eval2_external__checkpoint-004000__greedy,false,,student,31.0910,58.4055,34.0474,61.0088,-2.9564,-2.6033,projects/distillation/translation/runs/translategemma4b_es_en_gemma3_1b_stagea_goldgrid_rows1920_bf16_20260310T203554Z/stage_a/checkpoint-004000,/home/x/.cache/huggingface/hub/models--google--translategemma-4b-it/snapshots/10042cb0e6e7fdce748996a71dc3dc432a4e0c89,128,projects/distillation/translation/runs/translategemma4b_es_en_gemma3_1b_stagea_goldgrid_rows1920_bf16_20260310T203554Z/stage_a_checkpoint_sweep_greedy/eval2_external__checkpoint-004000__greedy/compare_eval_summary.json,28.9530,56.8961,,64.0000,31.3259,60.2153,,64.0000,128.0000,causal-chat,gemma_causal_lm,false,,
translategemma4b_es_en_gemma3_1b_stagea_goldgrid_rows1568_bf16_codexlow_pack04_prune10_studentonly_v1,external_wmt13_en_es_translation_benchmark_128,projects/distillation/translation/training_data/translate_distill_pairs.eval2_wmt13_enes_128.jsonl,stage_a_checkpoint_sweep_greedy/eval2_external__checkpoint-002000__greedy,false,,student,31.0819,58.1075,,,,,projects/distillation/translation/runs/translategemma4b_es_en_gemma3_1b_stagea_goldgrid_rows1568_bf16_codexlow_pack04_prune10_studentonly_v1/stage_a/checkpoint-002000,,128,projects/distillation/translation/runs/translategemma4b_es_en_gemma3_1b_stagea_goldgrid_rows1568_bf16_codexlow_pack04_prune10_studentonly_v1/stage_a_checkpoint_sweep_greedy/eval2_external__checkpoint-002000__greedy/compare_eval_summary.json,29.2542,56.2741,,64.0000,30.9579,60.3019,,64.0000,128.0000,causal-chat,gemma_causal_lm,false,,
translategemma4b_es_en_gemma3_1b_stagea_goldgrid_rows1920_bf16_20260311T220906Z,external_wmt13_en_es_translation_benchmark_128,projects/distillation/translation/training_data/translate_distill_pairs.eval2_wmt13_enes_128.jsonl,stage_a_checkpoint_sweep_greedy/eval2_external__checkpoint-002000__greedy,false,,student,31.0275,58.4461,34.0474,61.0088,-3.0198,-2.5627,projects/distillation/translation/runs/translategemma4b_es_en_gemma3_1b_stagea_goldgrid_rows1920_bf16_20260311T220906Z/stage_a/checkpoint-002000,/home/x/.cache/huggingface/hub/models--google--translategemma-4b-it/snapshots/10042cb0e6e7fdce748996a71dc3dc432a4e0c89,128,projects/distillation/translation/runs/translategemma4b_es_en_gemma3_1b_stagea_goldgrid_rows1920_bf16_20260311T220906Z/stage_a_checkpoint_sweep_greedy/eval2_external__checkpoint-002000__greedy/compare_eval_summary.json,29.4378,56.6298,,64.0000,30.0363,60.6156,,64.0000,128.0000,causal-chat,gemma_causal_lm,false,,
translategemma4b_es_en_gemma3_1b_stagea_goldgrid_rows1920_bf16_20260311T033442Z,external_wmt13_en_es_translation_benchmark_128,projects/distillation/translation/training_data/translate_distill_pairs.eval2_wmt13_enes_128.jsonl,stage_a_checkpoint_sweep_greedy/eval2_external__checkpoint-002000__greedy,false,,student,31.0208,58.0501,34.0474,61.0088,-3.0266,-2.9587,projects/distillation/translation/runs/translategemma4b_es_en_gemma3_1b_stagea_goldgrid_rows1920_bf16_20260311T033442Z/stage_a/checkpoint-002000,/home/x/.cache/huggingface/hub/models--google--translategemma-4b-it/snapshots/10042cb0e6e7fdce748996a71dc3dc432a4e0c89,128,projects/distillation/translation/runs/translategemma4b_es_en_gemma3_1b_stagea_goldgrid_rows1920_bf16_20260311T033442Z/stage_a_checkpoint_sweep_greedy/eval2_external__checkpoint-002000__greedy/compare_eval_summary.json,28.8064,56.1515,,64.0000,31.4247,60.3201,,64.0000,128.0000,causal-chat,gemma_causal_lm,false,,
translategemma4b_es_en_gemma3_1b_stagea_goldgrid_rows1920_bf16_20260310T192822Z,external_wmt13_en_es_translation_benchmark_128,projects/distillation/translation/training_data/translate_distill_pairs.eval2_wmt13_enes_128.jsonl,stage_a_checkpoint_sweep_greedy/eval2_external__checkpoint-004000__greedy,false,,student,31.0039,58.1323,34.0474,61.0088,-3.0435,-2.8764,projects/distillation/translation/runs/translategemma4b_es_en_gemma3_1b_stagea_goldgrid_rows1920_bf16_20260310T192822Z/stage_a/checkpoint-004000,/home/x/.cache/huggingface/hub/models--google--translategemma-4b-it/snapshots/10042cb0e6e7fdce748996a71dc3dc432a4e0c89,128,projects/distillation/translation/runs/translategemma4b_es_en_gemma3_1b_stagea_goldgrid_rows1920_bf16_20260310T192822Z/stage_a_checkpoint_sweep_greedy/eval2_external__checkpoint-004000__greedy/compare_eval_summary.json,28.6763,56.4081,,64.0000,30.6389,60.1888,,64.0000,128.0000,causal-chat,gemma_causal_lm,false,,
translategemma4b_es_en_gemma3_1b_stagea_goldgrid_rows1568_bf16_codexlow_pack06_random10_defer_studentonly_v1,external_wmt13_en_es_translation_benchmark_128,projects/distillation/translation/training_data/translate_distill_pairs.eval2_wmt13_enes_128.jsonl,stage_a_checkpoint_sweep_greedy/eval2_external__checkpoint-001000__greedy,false,,student,30.9817,58.4168,,,,,projects/distillation/translation/runs/translategemma4b_es_en_gemma3_1b_stagea_goldgrid_rows1568_bf16_codexlow_pack06_random10_defer_studentonly_v1/stage_a/checkpoint-001000,,128,projects/distillation/translation/runs/translategemma4b_es_en_gemma3_1b_stagea_goldgrid_rows1568_bf16_codexlow_pack06_random10_defer_studentonly_v1/stage_a_checkpoint_sweep_greedy/eval2_external__checkpoint-001000__greedy/compare_eval_summary.json,29.6280,56.8255,,64.0000,30.0764,60.3162,,64.0000,128.0000,causal-chat,gemma_causal_lm,false,,
translategemma4b_es_en_gemma3_1b_stagea_goldgrid_rows1920_bf16_20260311T041600Z,external_wmt13_en_es_translation_benchmark_128,projects/distillation/translation/training_data/translate_distill_pairs.eval2_wmt13_enes_128.jsonl,stage_a_checkpoint_sweep_greedy/eval2_external__checkpoint-004000__greedy,false,,student,30.9738,58.3112,34.0474,61.0088,-3.0735,-2.6975,projects/distillation/translation/runs/translategemma4b_es_en_gemma3_1b_stagea_goldgrid_rows1920_bf16_20260311T041600Z/stage_a/checkpoint-004000,/home/x/.cache/huggingface/hub/models--google--translategemma-4b-it/snapshots/10042cb0e6e7fdce748996a71dc3dc432a4e0c89,128,projects/distillation/translation/runs/translategemma4b_es_en_gemma3_1b_stagea_goldgrid_rows1920_bf16_20260311T041600Z/stage_a_checkpoint_sweep_greedy/eval2_external__checkpoint-004000__greedy/compare_eval_summary.json,29.0612,56.3516,,64.0000,30.3665,60.6517,,64.0000,128.0000,causal-chat,gemma_causal_lm,false,,
translategemma4b_es_en_gemma3_1b_stagea_goldgrid_rows1920_bf16_20260311T021203Z,external_wmt13_en_es_translation_benchmark_128,projects/distillation/translation/training_data/translate_distill_pairs.eval2_wmt13_enes_128.jsonl,stage_a_checkpoint_sweep_greedy/eval2_external__checkpoint-002000__greedy,false,,student,30.9203,57.6278,34.0474,61.0088,-3.1271,-3.3810,projects/distillation/translation/runs/translategemma4b_es_en_gemma3_1b_stagea_goldgrid_rows1920_bf16_20260311T021203Z/stage_a/checkpoint-002000,/home/x/.cache/huggingface/hub/models--google--translategemma-4b-it/snapshots/10042cb0e6e7fdce748996a71dc3dc432a4e0c89,128,projects/distillation/translation/runs/translategemma4b_es_en_gemma3_1b_stagea_goldgrid_rows1920_bf16_20260311T021203Z/stage_a_checkpoint_sweep_greedy/eval2_external__checkpoint-002000__greedy/compare_eval_summary.json,27.7268,55.1000,,64.0000,31.7881,60.6426,,64.0000,128.0000,causal-chat,gemma_causal_lm,false,,
translategemma4b_es_en_gemma3_1b_stagea_goldgrid_rows1920_bf16_20260311T041600Z,external_wmt13_en_es_translation_benchmark_128,projects/distillation/translation/training_data/translate_distill_pairs.eval2_wmt13_enes_128.jsonl,stage_a_checkpoint_sweep_greedy/eval2_external__checkpoint-002000__greedy,false,,student,30.9031,58.1549,34.0474,61.0088,-3.1442,-2.8538,projects/distillation/translation/runs/translategemma4b_es_en_gemma3_1b_stagea_goldgrid_rows1920_bf16_20260311T041600Z/stage_a/checkpoint-002000,/home/x/.cache/huggingface/hub/models--google--translategemma-4b-it/snapshots/10042cb0e6e7fdce748996a71dc3dc432a4e0c89,128,projects/distillation/translation/runs/translategemma4b_es_en_gemma3_1b_stagea_goldgrid_rows1920_bf16_20260311T041600Z/stage_a_checkpoint_sweep_greedy/eval2_external__checkpoint-002000__greedy/compare_eval_summary.json,28.8691,56.3251,,64.0000,30.5028,60.3387,,64.0000,128.0000,causal-chat,gemma_causal_lm,false,,
translategemma4b_es_en_gemma3_1b_stagea_goldgrid_rows1600_bf16_codexlow_pack04_replace10_defer_studentonly_v1,external_wmt13_en_es_translation_benchmark_128,projects/distillation/translation/training_data/translate_distill_pairs.eval2_wmt13_enes_128.jsonl,stage_a_checkpoint_sweep_greedy/eval2_external__checkpoint-001000__greedy,false,,student,30.8992,57.0933,,,,,projects/distillation/translation/runs/translategemma4b_es_en_gemma3_1b_stagea_goldgrid_rows1600_bf16_codexlow_pack04_replace10_defer_studentonly_v1/stage_a/checkpoint-001000,,128,projects/distillation/translation/runs/translategemma4b_es_en_gemma3_1b_stagea_goldgrid_rows1600_bf16_codexlow_pack04_replace10_defer_studentonly_v1/stage_a_checkpoint_sweep_greedy/eval2_external__checkpoint-001000__greedy/compare_eval_summary.json,27.8905,55.0640,,64.0000,32.7926,59.5222,,64.0000,128.0000,causal-chat,gemma_causal_lm,false,,
translategemma4b_es_en_gemma3_1b_stagea_goldgrid_rows1600_bf16_codexlow_pack04_replace10_studentonly_v1,external_wmt13_en_es_translation_benchmark_128,projects/distillation/translation/training_data/translate_distill_pairs.eval2_wmt13_enes_128.jsonl,stage_a_checkpoint_sweep_greedy/eval2_external__checkpoint-001000__greedy,false,,student,30.8992,57.0933,,,,,projects/distillation/translation/runs/translategemma4b_es_en_gemma3_1b_stagea_goldgrid_rows1600_bf16_codexlow_pack04_replace10_studentonly_v1/stage_a/checkpoint-001000,,128,projects/distillation/translation/runs/translategemma4b_es_en_gemma3_1b_stagea_goldgrid_rows1600_bf16_codexlow_pack04_replace10_studentonly_v1/stage_a_checkpoint_sweep_greedy/eval2_external__checkpoint-001000__greedy/compare_eval_summary.json,27.8905,55.0640,,64.0000,32.7926,59.5222,,64.0000,128.0000,causal-chat,gemma_causal_lm,false,,
translategemma4b_es_en_gemma3_1b_stagea_goldgrid_rows1584_bf16_codexprune05_pack06_defer_studentonly_v1,external_wmt13_en_es_translation_benchmark_128,projects/distillation/translation/training_data/translate_distill_pairs.eval2_wmt13_enes_128.jsonl,stage_a_checkpoint_sweep_greedy/eval2_external__checkpoint-000500__greedy,false,,student,30.8518,57.3140,,,,,projects/distillation/translation/runs/translategemma4b_es_en_gemma3_1b_stagea_goldgrid_rows1584_bf16_codexprune05_pack06_defer_studentonly_v1/stage_a/checkpoint-000500,,128,projects/distillation/translation/runs/translategemma4b_es_en_gemma3_1b_stagea_goldgrid_rows1584_bf16_codexprune05_pack06_defer_studentonly_v1/stage_a_checkpoint_sweep_greedy/eval2_external__checkpoint-000500__greedy/compare_eval_summary.json,25.5009,53.5706,,64.0000,34.6918,61.8043,,64.0000,128.0000,causal-chat,gemma_causal_lm,false,,
translategemma4b_es_en_gemma3_1b_stagea_goldgrid_rows1568_bf16_codexlow_pack04_random10_defer_studentonly_v1,external_wmt13_en_es_translation_benchmark_128,projects/distillation/translation/training_data/translate_distill_pairs.eval2_wmt13_enes_128.jsonl,stage_a_checkpoint_sweep_greedy/eval2_external__checkpoint-001000__greedy,false,,student,30.8410,58.3600,,,,,projects/distillation/translation/runs/translategemma4b_es_en_gemma3_1b_stagea_goldgrid_rows1568_bf16_codexlow_pack04_random10_defer_studentonly_v1/stage_a/checkpoint-001000,,128,projects/distillation/translation/runs/translategemma4b_es_en_gemma3_1b_stagea_goldgrid_rows1568_bf16_codexlow_pack04_random10_defer_studentonly_v1/stage_a_checkpoint_sweep_greedy/eval2_external__checkpoint-001000__greedy/compare_eval_summary.json,29.0760,57.1685,,64.0000,30.1046,59.7838,,64.0000,128.0000,causal-chat,gemma_causal_lm,false,,
translategemma4b_es_en_gemma3_1b_stagea_goldgrid_rows1600_bf16_codexextend_pack06_replace10_6k_dense500_defer_studentonly_v1,external_wmt13_en_es_translation_benchmark_128,projects/distillation/translation/training_data/translate_distill_pairs.eval2_wmt13_enes_128.jsonl,stage_a_checkpoint_sweep_greedy/eval2_external__checkpoint-002500__greedy,false,,student,30.8399,58.3293,,,,,projects/distillation/translation/runs/translategemma4b_es_en_gemma3_1b_stagea_goldgrid_rows1600_bf16_codexextend_pack06_replace10_6k_dense500_defer_studentonly_v1/stage_a/checkpoint-002500,,128,projects/distillation/translation/runs/translategemma4b_es_en_gemma3_1b_stagea_goldgrid_rows1600_bf16_codexextend_pack06_replace10_6k_dense500_defer_studentonly_v1/stage_a_checkpoint_sweep_greedy/eval2_external__checkpoint-002500__greedy/compare_eval_summary.json,28.9041,56.5782,,64.0000,30.7727,60.4185,,64.0000,128.0000,causal-chat,gemma_causal_lm,false,,
translategemma4b_es_en_gemma3_1b_stagea_goldgrid_rows1920_bf16_20260311T070121Z,external_wmt13_en_es_translation_benchmark_128,projects/distillation/translation/training_data/translate_distill_pairs.eval2_wmt13_enes_128.jsonl,stage_a_checkpoint_sweep_greedy/eval2_external__checkpoint-002000__greedy,false,,student,30.8342,58.3357,34.1885,61.0467,-3.3542,-2.7110,projects/distillation/translation/runs/translategemma4b_es_en_gemma3_1b_stagea_goldgrid_rows1920_bf16_20260311T070121Z/stage_a/checkpoint-002000,/home/x/.cache/huggingface/hub/models--google--translategemma-4b-it/snapshots/10042cb0e6e7fdce748996a71dc3dc432a4e0c89,128,projects/distillation/translation/runs/translategemma4b_es_en_gemma3_1b_stagea_goldgrid_rows1920_bf16_20260311T070121Z/stage_a_checkpoint_sweep_greedy/eval2_external__checkpoint-002000__greedy/compare_eval_summary.json,29.6756,56.6834,,64.0000,29.8329,60.3174,,64.0000,128.0000,causal-chat,gemma_causal_lm,false,,
translategemma4b_es_en_gemma3_1b_stagea_goldgrid_rows1568_bf16_codexdense_pack06_prune10_seed42_500ckpts_v1,external_wmt13_en_es_translation_benchmark_128,projects/distillation/translation/training_data/translate_distill_pairs.eval2_wmt13_enes_128.jsonl,stage_a_checkpoint_sweep_greedy/eval2_external__checkpoint-001000__greedy,false,,student,30.8198,57.3670,,,,,projects/distillation/translation/runs/translategemma4b_es_en_gemma3_1b_stagea_goldgrid_rows1568_bf16_codexdense_pack06_prune10_seed42_500ckpts_v1/stage_a/checkpoint-001000,,128,projects/distillation/translation/runs/translategemma4b_es_en_gemma3_1b_stagea_goldgrid_rows1568_bf16_codexdense_pack06_prune10_seed42_500ckpts_v1/stage_a_checkpoint_sweep_greedy/eval2_external__checkpoint-001000__greedy/compare_eval_summary.json,30.1811,56.2855,,64.0000,28.6334,58.6592,,64.0000,128.0000,causal-chat,gemma_causal_lm,false,,
translategemma4b_es_en_gemma3_1b_stagea_goldgrid_rows1568_bf16_codexlow_pack06_prune10_defer_studentonly_v2,external_wmt13_en_es_translation_benchmark_128,projects/distillation/translation/training_data/translate_distill_pairs.eval2_wmt13_enes_128.jsonl,stage_a_checkpoint_sweep_greedy/eval2_external__checkpoint-001000__greedy,false,,student,30.8198,57.3670,,,,,projects/distillation/translation/runs/translategemma4b_es_en_gemma3_1b_stagea_goldgrid_rows1568_bf16_codexlow_pack06_prune10_defer_studentonly_v2/stage_a/checkpoint-001000,,128,projects/distillation/translation/runs/translategemma4b_es_en_gemma3_1b_stagea_goldgrid_rows1568_bf16_codexlow_pack06_prune10_defer_studentonly_v2/stage_a_checkpoint_sweep_greedy/eval2_external__checkpoint-001000__greedy/compare_eval_summary.json,30.1811,56.2855,,64.0000,28.6334,58.6592,,64.0000,128.0000,causal-chat,gemma_causal_lm,false,,
translategemma4b_es_en_gemma3_1b_stagea_goldgrid_rows1600_bf16_codexextend_pack06_replace10_6k_dense500_defer_studentonly_v1,external_wmt13_en_es_translation_benchmark_128,projects/distillation/translation/training_data/translate_distill_pairs.eval2_wmt13_enes_128.jsonl,stage_a_checkpoint_sweep_greedy/eval2_external__checkpoint-001000__greedy,false,,student,30.7777,57.6916,,,,,projects/distillation/translation/runs/translategemma4b_es_en_gemma3_1b_stagea_goldgrid_rows1600_bf16_codexextend_pack06_replace10_6k_dense500_defer_studentonly_v1/stage_a/checkpoint-001000,,128,projects/distillation/translation/runs/translategemma4b_es_en_gemma3_1b_stagea_goldgrid_rows1600_bf16_codexextend_pack06_replace10_6k_dense500_defer_studentonly_v1/stage_a_checkpoint_sweep_greedy/eval2_external__checkpoint-001000__greedy/compare_eval_summary.json,28.9804,55.9539,,64.0000,31.4013,59.7729,,64.0000,128.0000,causal-chat,gemma_causal_lm,false,,
translategemma4b_es_en_gemma3_1b_stagea_goldgrid_rows1600_bf16_codexlow_pack06_replace10c_hfcacheauth_v1,external_wmt13_en_es_translation_benchmark_128,projects/distillation/translation/training_data/translate_distill_pairs.eval2_wmt13_enes_128.jsonl,stage_a_checkpoint_sweep_greedy_studentonly/eval2_external__checkpoint-001000__greedy,false,,student,30.7339,57.0153,,,,,projects/distillation/translation/runs/translategemma4b_es_en_gemma3_1b_stagea_goldgrid_rows1600_bf16_codexlow_pack06_replace10c_hfcacheauth_v1/stage_a/checkpoint-001000,,128,projects/distillation/translation/runs/translategemma4b_es_en_gemma3_1b_stagea_goldgrid_rows1600_bf16_codexlow_pack06_replace10c_hfcacheauth_v1/stage_a_checkpoint_sweep_greedy_studentonly/eval2_external__checkpoint-001000__greedy/compare_eval_summary.json,27.9607,54.6474,,64.0000,32.3054,59.8410,,64.0000,128.0000,causal-chat,gemma_causal_lm,false,,
translategemma4b_es_en_gemma3_1b_stagea_goldgrid_rows1920_bf16_20260311T233133Z,external_wmt13_en_es_translation_benchmark_128,projects/distillation/translation/training_data/translate_distill_pairs.eval2_wmt13_enes_128.jsonl,stage_a_checkpoint_sweep_greedy/eval2_external__checkpoint-002000__greedy,false,,student,30.7102,58.1199,34.0474,61.0088,-3.3371,-2.8889,projects/distillation/translation/runs/translategemma4b_es_en_gemma3_1b_stagea_goldgrid_rows1920_bf16_20260311T233133Z/stage_a/checkpoint-002000,/home/x/.cache/huggingface/hub/models--google--translategemma-4b-it/snapshots/10042cb0e6e7fdce748996a71dc3dc432a4e0c89,128,projects/distillation/translation/runs/translategemma4b_es_en_gemma3_1b_stagea_goldgrid_rows1920_bf16_20260311T233133Z/stage_a_checkpoint_sweep_greedy/eval2_external__checkpoint-002000__greedy/compare_eval_summary.json,28.8914,56.1040,,64.0000,30.2399,60.5286,,64.0000,128.0000,causal-chat,gemma_causal_lm,false,,
translategemma4b_es_en_gemma3_1b_stagea_goldgrid_rows1600_bf16_codexreplace05_pack06_6k_dense500_defer_studentonly_v1,external_wmt13_en_es_translation_benchmark_128,projects/distillation/translation/training_data/translate_distill_pairs.eval2_wmt13_enes_128.jsonl,stage_a_checkpoint_sweep_greedy/eval2_external__checkpoint-001500__greedy,false,,student,30.7036,57.7275,,,,,projects/distillation/translation/runs/translategemma4b_es_en_gemma3_1b_stagea_goldgrid_rows1600_bf16_codexreplace05_pack06_6k_dense500_defer_studentonly_v1/stage_a/checkpoint-001500,,128,projects/distillation/translation/runs/translategemma4b_es_en_gemma3_1b_stagea_goldgrid_rows1600_bf16_codexreplace05_pack06_6k_dense500_defer_studentonly_v1/stage_a_checkpoint_sweep_greedy/eval2_external__checkpoint-001500__greedy/compare_eval_summary.json,27.9642,55.4357,,64.0000,31.4179,60.4577,,64.0000,128.0000,causal-chat,gemma_causal_lm,false,,
translategemma4b_es_en_gemma3_1b_stagea_goldgrid_rows1280_bf16_confirm_best4,external_wmt13_en_es_translation_benchmark_128,projects/distillation/translation/training_data/translate_distill_pairs.eval2_wmt13_enes_128.jsonl,stage_a_checkpoint_sweep_greedy/eval2_external__checkpoint-002000__greedy,false,,student,30.6878,57.7119,34.1885,61.0467,-3.5007,-3.3348,projects/distillation/translation/runs/translategemma4b_es_en_gemma3_1b_stagea_goldgrid_rows1280_bf16_confirm_best4/stage_a/checkpoint-002000,/home/x/.cache/huggingface/hub/models--google--translategemma-4b-it/snapshots/10042cb0e6e7fdce748996a71dc3dc432a4e0c89,128,projects/distillation/translation/runs/translategemma4b_es_en_gemma3_1b_stagea_goldgrid_rows1280_bf16_confirm_best4/stage_a_checkpoint_sweep_greedy/eval2_external__checkpoint-002000__greedy/compare_eval_summary.json,29.9844,56.7474,,64.0000,29.7267,58.8747,,64.0000,128.0000,causal-chat,gemma_causal_lm,false,,
translategemma4b_es_en_gemma3_1b_stagea_goldgrid_rows1920_bf16_20260310T220428Z,external_wmt13_en_es_translation_benchmark_128,projects/distillation/translation/training_data/translate_distill_pairs.eval2_wmt13_enes_128.jsonl,stage_a_checkpoint_sweep_greedy/eval2_external__checkpoint-002000__greedy,false,,student,30.6605,57.3865,34.0474,61.0088,-3.3869,-3.6222,projects/distillation/translation/runs/translategemma4b_es_en_gemma3_1b_stagea_goldgrid_rows1920_bf16_20260310T220428Z/stage_a/checkpoint-002000,/home/x/.cache/huggingface/hub/models--google--translategemma-4b-it/snapshots/10042cb0e6e7fdce748996a71dc3dc432a4e0c89,128,projects/distillation/translation/runs/translategemma4b_es_en_gemma3_1b_stagea_goldgrid_rows1920_bf16_20260310T220428Z/stage_a_checkpoint_sweep_greedy/eval2_external__checkpoint-002000__greedy/compare_eval_summary.json,27.7820,55.1195,,64.0000,32.5716,60.1172,,64.0000,128.0000,causal-chat,gemma_causal_lm,false,,
translategemma4b_es_en_gemma3_1b_stagea_goldgrid_rows1920_bf16_20260311T000816Z,external_wmt13_en_es_translation_benchmark_128,projects/distillation/translation/training_data/translate_distill_pairs.eval2_wmt13_enes_128.jsonl,stage_a_checkpoint_sweep_greedy/eval2_external__checkpoint-004000__greedy,false,,student,30.6412,58.1310,34.0474,61.0088,-3.4061,-2.8777,projects/distillation/translation/runs/translategemma4b_es_en_gemma3_1b_stagea_goldgrid_rows1920_bf16_20260311T000816Z/stage_a/checkpoint-004000,/home/x/.cache/huggingface/hub/models--google--translategemma-4b-it/snapshots/10042cb0e6e7fdce748996a71dc3dc432a4e0c89,128,projects/distillation/translation/runs/translategemma4b_es_en_gemma3_1b_stagea_goldgrid_rows1920_bf16_20260311T000816Z/stage_a_checkpoint_sweep_greedy/eval2_external__checkpoint-004000__greedy/compare_eval_summary.json,28.3222,56.0063,,64.0000,31.3013,60.6813,,64.0000,128.0000,causal-chat,gemma_causal_lm,false,,
translategemma4b_es_en_gemma3_1b_stagea_goldgrid_rows1920_bf16_20260311T053842Z,external_wmt13_en_es_translation_benchmark_128,projects/distillation/translation/training_data/translate_distill_pairs.eval2_wmt13_enes_128.jsonl,stage_a_checkpoint_sweep_greedy/eval2_external__checkpoint-004000__greedy,false,,student,30.5940,57.8509,34.0474,61.0088,-3.4534,-3.1578,projects/distillation/translation/runs/translategemma4b_es_en_gemma3_1b_stagea_goldgrid_rows1920_bf16_20260311T053842Z/stage_a/checkpoint-004000,/home/x/.cache/huggingface/hub/models--google--translategemma-4b-it/snapshots/10042cb0e6e7fdce748996a71dc3dc432a4e0c89,128,projects/distillation/translation/runs/translategemma4b_es_en_gemma3_1b_stagea_goldgrid_rows1920_bf16_20260311T053842Z/stage_a_checkpoint_sweep_greedy/eval2_external__checkpoint-004000__greedy/compare_eval_summary.json,29.5638,56.8125,,64.0000,30.2585,59.1035,,64.0000,128.0000,causal-chat,gemma_causal_lm,false,,
translategemma4b_es_en_gemma3_1b_stagea_goldgrid_rows1920_bf16_codexblend_pack06r10_pack08_v1,external_wmt13_en_es_translation_benchmark_128,projects/distillation/translation/training_data/translate_distill_pairs.eval2_wmt13_enes_128.jsonl,stage_a_checkpoint_sweep_greedy/eval2_external__checkpoint-001000__greedy,false,,student,30.5462,57.6860,33.6973,60.8011,-3.1511,-3.1151,projects/distillation/translation/runs/translategemma4b_es_en_gemma3_1b_stagea_goldgrid_rows1920_bf16_codexblend_pack06r10_pack08_v1/stage_a/checkpoint-001000,google/translategemma-4b-it,128,projects/distillation/translation/runs/translategemma4b_es_en_gemma3_1b_stagea_goldgrid_rows1920_bf16_codexblend_pack06r10_pack08_v1/stage_a_checkpoint_sweep_greedy/eval2_external__checkpoint-001000__greedy/compare_eval_summary.json,28.3722,55.5116,,64.0000,31.0511,60.3014,,64.0000,128.0000,causal-chat,gemma_causal_lm,false,,
translategemma4b_es_en_gemma3_1b_stagea_goldgrid_rows1920_bf16_codexblend_pack06r10_pack08_v1,external_wmt13_en_es_translation_benchmark_128,projects/distillation/translation/training_data/translate_distill_pairs.eval2_wmt13_enes_128.jsonl,stage_a_checkpoint_sweep_greedy_studentonly/eval2_external__checkpoint-001000__greedy,false,,student,30.5462,57.6860,,,,,projects/distillation/translation/runs/translategemma4b_es_en_gemma3_1b_stagea_goldgrid_rows1920_bf16_codexblend_pack06r10_pack08_v1/stage_a/checkpoint-001000,,128,projects/distillation/translation/runs/translategemma4b_es_en_gemma3_1b_stagea_goldgrid_rows1920_bf16_codexblend_pack06r10_pack08_v1/stage_a_checkpoint_sweep_greedy_studentonly/eval2_external__checkpoint-001000__greedy/compare_eval_summary.json,28.3722,55.5116,,64.0000,31.0511,60.3014,,64.0000,128.0000,causal-chat,gemma_causal_lm,false,,
translategemma4b_es_en_gemma3_1b_stagea_goldgrid_rows1920_bf16_20260311T204640Z,external_wmt13_en_es_translation_benchmark_128,projects/distillation/translation/training_data/translate_distill_pairs.eval2_wmt13_enes_128.jsonl,stage_a_checkpoint_sweep_greedy/eval2_external__checkpoint-002000__greedy,false,,student,30.5448,58.0259,34.0474,61.0088,-3.5026,-2.9829,projects/distillation/translation/runs/translategemma4b_es_en_gemma3_1b_stagea_goldgrid_rows1920_bf16_20260311T204640Z/stage_a/checkpoint-002000,/home/x/.cache/huggingface/hub/models--google--translategemma-4b-it/snapshots/10042cb0e6e7fdce748996a71dc3dc432a4e0c89,128,projects/distillation/translation/runs/translategemma4b_es_en_gemma3_1b_stagea_goldgrid_rows1920_bf16_20260311T204640Z/stage_a_checkpoint_sweep_greedy/eval2_external__checkpoint-002000__greedy/compare_eval_summary.json,27.0012,55.2596,,64.0000,32.0091,61.3319,,64.0000,128.0000,causal-chat,gemma_causal_lm,false,,
translategemma4b_es_en_gemma3_1b_stagea_goldgrid_rows1920_bf16_20260311T053842Z,external_wmt13_en_es_translation_benchmark_128,projects/distillation/translation/training_data/translate_distill_pairs.eval2_wmt13_enes_128.jsonl,stage_a_checkpoint_sweep_greedy/eval2_external__checkpoint-002000__greedy,false,,student,30.5309,57.9504,34.0474,61.0088,-3.5165,-3.0584,projects/distillation/translation/runs/translategemma4b_es_en_gemma3_1b_stagea_goldgrid_rows1920_bf16_20260311T053842Z/stage_a/checkpoint-002000,/home/x/.cache/huggingface/hub/models--google--translategemma-4b-it/snapshots/10042cb0e6e7fdce748996a71dc3dc432a4e0c89,128,projects/distillation/translation/runs/translategemma4b_es_en_gemma3_1b_stagea_goldgrid_rows1920_bf16_20260311T053842Z/stage_a_checkpoint_sweep_greedy/eval2_external__checkpoint-002000__greedy/compare_eval_summary.json,28.8470,56.4632,,64.0000,30.3564,59.7365,,64.0000,128.0000,causal-chat,gemma_causal_lm,false,,
translategemma4b_es_en_gemma3_1b_stagea_goldgrid_rows1600_bf16_codexreplace05_pack06_6k_dense500_defer_studentonly_v1,external_wmt13_en_es_translation_benchmark_128,projects/distillation/translation/training_data/translate_distill_pairs.eval2_wmt13_enes_128.jsonl,stage_a_checkpoint_sweep_greedy/eval2_external__checkpoint-001000__greedy,false,,student,30.3155,56.8079,,,,,projects/distillation/translation/runs/translategemma4b_es_en_gemma3_1b_stagea_goldgrid_rows1600_bf16_codexreplace05_pack06_6k_dense500_defer_studentonly_v1/stage_a/checkpoint-001000,,128,projects/distillation/translation/runs/translategemma4b_es_en_gemma3_1b_stagea_goldgrid_rows1600_bf16_codexreplace05_pack06_6k_dense500_defer_studentonly_v1/stage_a_checkpoint_sweep_greedy/eval2_external__checkpoint-001000__greedy/compare_eval_summary.json,28.5689,55.4439,,64.0000,31.2068,58.4452,,64.0000,128.0000,causal-chat,gemma_causal_lm,false,,
translategemma4b_es_en_gemma3_1b_stagea_goldgrid_rows1920_bf16_20260310T232655Z,external_wmt13_en_es_translation_benchmark_128,projects/distillation/translation/training_data/translate_distill_pairs.eval2_wmt13_enes_128.jsonl,stage_a_checkpoint_sweep_greedy/eval2_external__checkpoint-002000__greedy,false,,student,30.3129,57.3156,34.0474,61.0088,-3.7345,-3.6931,projects/distillation/translation/runs/translategemma4b_es_en_gemma3_1b_stagea_goldgrid_rows1920_bf16_20260310T232655Z/stage_a/checkpoint-002000,/home/x/.cache/huggingface/hub/models--google--translategemma-4b-it/snapshots/10042cb0e6e7fdce748996a71dc3dc432a4e0c89,128,projects/distillation/translation/runs/translategemma4b_es_en_gemma3_1b_stagea_goldgrid_rows1920_bf16_20260310T232655Z/stage_a_checkpoint_sweep_greedy/eval2_external__checkpoint-002000__greedy/compare_eval_summary.json,27.8749,54.8530,,64.0000,30.9768,60.2552,,64.0000,128.0000,causal-chat,gemma_causal_lm,false,,
translategemma4b_es_en_gemma3_1b_stagea_goldgrid_rows1920_bf16_20260310T203554Z,external_wmt13_en_es_translation_benchmark_128,projects/distillation/translation/training_data/translate_distill_pairs.eval2_wmt13_enes_128.jsonl,stage_a_checkpoint_sweep_greedy/eval2_external__checkpoint-002000__greedy,false,,student,30.2975,58.3705,34.0474,61.0088,-3.7499,-2.6382,projects/distillation/translation/runs/translategemma4b_es_en_gemma3_1b_stagea_goldgrid_rows1920_bf16_20260310T203554Z/stage_a/checkpoint-002000,/home/x/.cache/huggingface/hub/models--google--translategemma-4b-it/snapshots/10042cb0e6e7fdce748996a71dc3dc432a4e0c89,128,projects/distillation/translation/runs/translategemma4b_es_en_gemma3_1b_stagea_goldgrid_rows1920_bf16_20260310T203554Z/stage_a_checkpoint_sweep_greedy/eval2_external__checkpoint-002000__greedy/compare_eval_summary.json,27.5466,56.1491,,64.0000,30.7637,61.0196,,64.0000,128.0000,causal-chat,gemma_causal_lm,false,,
translategemma4b_es_en_gemma3_1b_stagea_goldgrid_rows1600_bf16_codexextend_pack06_replace10_6k_dense500_defer_studentonly_v1,external_wmt13_en_es_translation_benchmark_128,projects/distillation/translation/training_data/translate_distill_pairs.eval2_wmt13_enes_128.jsonl,stage_a_checkpoint_sweep_greedy/eval2_external__checkpoint-001500__greedy,false,,student,30.0878,57.3054,,,,,projects/distillation/translation/runs/translategemma4b_es_en_gemma3_1b_stagea_goldgrid_rows1600_bf16_codexextend_pack06_replace10_6k_dense500_defer_studentonly_v1/stage_a/checkpoint-001500,,128,projects/distillation/translation/runs/translategemma4b_es_en_gemma3_1b_stagea_goldgrid_rows1600_bf16_codexextend_pack06_replace10_6k_dense500_defer_studentonly_v1/stage_a_checkpoint_sweep_greedy/eval2_external__checkpoint-001500__greedy/compare_eval_summary.json,26.9690,55.1846,,64.0000,30.9811,59.8277,,64.0000,128.0000,causal-chat,gemma_causal_lm,false,,
translategemma4b_es_en_gemma3_1b_stagea_goldgrid_rows1920_bf16_20260311T045717Z,external_wmt13_en_es_translation_benchmark_128,projects/distillation/translation/training_data/translate_distill_pairs.eval2_wmt13_enes_128.jsonl,stage_a_checkpoint_sweep_greedy/eval2_external__checkpoint-004000__greedy,false,,student,29.8863,57.9190,34.0474,61.0088,-4.1611,-3.0897,projects/distillation/translation/runs/translategemma4b_es_en_gemma3_1b_stagea_goldgrid_rows1920_bf16_20260311T045717Z/stage_a/checkpoint-004000,/home/x/.cache/huggingface/hub/models--google--translategemma-4b-it/snapshots/10042cb0e6e7fdce748996a71dc3dc432a4e0c89,128,projects/distillation/translation/runs/translategemma4b_es_en_gemma3_1b_stagea_goldgrid_rows1920_bf16_20260311T045717Z/stage_a_checkpoint_sweep_greedy/eval2_external__checkpoint-004000__greedy/compare_eval_summary.json,28.7674,57.0749,,64.0000,29.1441,58.9331,,64.0000,128.0000,causal-chat,gemma_causal_lm,false,,
translategemma4b_es_en_gemma3_1b_stagea_goldgrid_rows1600_bf16_codexreplace05_pack06_6k_dense500_defer_studentonly_v1,external_wmt13_en_es_translation_benchmark_128,projects/distillation/translation/training_data/translate_distill_pairs.eval2_wmt13_enes_128.jsonl,stage_a_checkpoint_sweep_greedy/eval2_external__checkpoint-000500__greedy,false,,student,29.7101,56.9048,,,,,projects/distillation/translation/runs/translategemma4b_es_en_gemma3_1b_stagea_goldgrid_rows1600_bf16_codexreplace05_pack06_6k_dense500_defer_studentonly_v1/stage_a/checkpoint-000500,,128,projects/distillation/translation/runs/translategemma4b_es_en_gemma3_1b_stagea_goldgrid_rows1600_bf16_codexreplace05_pack06_6k_dense500_defer_studentonly_v1/stage_a_checkpoint_sweep_greedy/eval2_external__checkpoint-000500__greedy/compare_eval_summary.json,27.5867,55.2653,,64.0000,30.0714,58.8587,,64.0000,128.0000,causal-chat,gemma_causal_lm,false,,
translategemma4b_es_en_gemma3_1b_stagea_goldgrid_rows1600_bf16_codexreplace05_pack06_defer_studentonly_v1,external_wmt13_en_es_translation_benchmark_128,projects/distillation/translation/training_data/translate_distill_pairs.eval2_wmt13_enes_128.jsonl,stage_a_checkpoint_sweep_greedy/eval2_external__checkpoint-000500__greedy,false,,student,29.5577,56.4385,,,,,projects/distillation/translation/runs/translategemma4b_es_en_gemma3_1b_stagea_goldgrid_rows1600_bf16_codexreplace05_pack06_defer_studentonly_v1/stage_a/checkpoint-000500,,128,projects/distillation/translation/runs/translategemma4b_es_en_gemma3_1b_stagea_goldgrid_rows1600_bf16_codexreplace05_pack06_defer_studentonly_v1/stage_a_checkpoint_sweep_greedy/eval2_external__checkpoint-000500__greedy/compare_eval_summary.json,28.1257,55.1424,,64.0000,29.0950,57.9798,,64.0000,128.0000,causal-chat,gemma_causal_lm,false,,
translategemma4b_es_en_gemma3_1b_stagea_goldgrid_rows1600_bf16_codexextend_pack06_replace10_6k_dense500_defer_studentonly_v1,external_wmt13_en_es_translation_benchmark_128,projects/distillation/translation/training_data/translate_distill_pairs.eval2_wmt13_enes_128.jsonl,stage_a_checkpoint_sweep_greedy/eval2_external__checkpoint-000500__greedy,false,,student,29.1564,56.2716,,,,,projects/distillation/translation/runs/translategemma4b_es_en_gemma3_1b_stagea_goldgrid_rows1600_bf16_codexextend_pack06_replace10_6k_dense500_defer_studentonly_v1/stage_a/checkpoint-000500,,128,projects/distillation/translation/runs/translategemma4b_es_en_gemma3_1b_stagea_goldgrid_rows1600_bf16_codexextend_pack06_replace10_6k_dense500_defer_studentonly_v1/stage_a_checkpoint_sweep_greedy/eval2_external__checkpoint-000500__greedy/compare_eval_summary.json,27.1980,54.6779,,64.0000,30.3443,58.1787,,64.0000,128.0000,causal-chat,gemma_causal_lm,false,,
translategemma4b_es_en_gemma3_1b_stagea_goldgrid_rows1568_bf16_codexdense_pack06_prune10_seed42_500ckpts_v1,external_wmt13_en_es_translation_benchmark_128,projects/distillation/translation/training_data/translate_distill_pairs.eval2_wmt13_enes_128.jsonl,stage_a_checkpoint_sweep_greedy/eval2_external__checkpoint-000500__greedy,false,,student,28.8084,55.2729,,,,,projects/distillation/translation/runs/translategemma4b_es_en_gemma3_1b_stagea_goldgrid_rows1568_bf16_codexdense_pack06_prune10_seed42_500ckpts_v1/stage_a/checkpoint-000500,,128,projects/distillation/translation/runs/translategemma4b_es_en_gemma3_1b_stagea_goldgrid_rows1568_bf16_codexdense_pack06_prune10_seed42_500ckpts_v1/stage_a_checkpoint_sweep_greedy/eval2_external__checkpoint-000500__greedy/compare_eval_summary.json,25.7979,52.7548,,64.0000,30.5114,58.2989,,64.0000,128.0000,causal-chat,gemma_causal_lm,false,,
translategemma4b_es_en_gemma3_1b_stagea_goldgrid_rows1920_bf16_20260310T013436Z,external_wmt13_en_es_translation_benchmark_128,projects/distillation/translation/training_data/translate_distill_pairs.eval2_wmt13_enes_128.jsonl,stage_a_checkpoint_sweep_greedy/eval2_external__checkpoint-004000__greedy,false,,student,28.4786,56.7284,34.0474,61.0088,-5.5687,-4.2803,projects/distillation/translation/runs/translategemma4b_es_en_gemma3_1b_stagea_goldgrid_rows1920_bf16_20260310T013436Z/stage_a/checkpoint-004000,/home/x/.cache/huggingface/hub/models--google--translategemma-4b-it/snapshots/10042cb0e6e7fdce748996a71dc3dc432a4e0c89,128,projects/distillation/translation/runs/translategemma4b_es_en_gemma3_1b_stagea_goldgrid_rows1920_bf16_20260310T013436Z/stage_a_checkpoint_sweep_greedy/eval2_external__checkpoint-004000__greedy/compare_eval_summary.json,26.3986,54.0991,,64.0000,30.8090,59.9112,,64.0000,128.0000,causal-chat,gemma_causal_lm,false,,
translategemma4b_es_en_gemma3_1b_stagea_goldgrid_rows2560_bf16_20260309T195639Z,external_wmt13_en_es_translation_benchmark_128,projects/distillation/translation/training_data/translate_distill_pairs.eval2_wmt13_enes_128.jsonl,stage_a_checkpoint_sweep_greedy/eval2_external__checkpoint-004000__greedy,false,,student,27.9709,57.9468,27.5437,59.3547,0.4273,-1.4078,projects/distillation/translation/runs/translategemma4b_es_en_gemma3_1b_stagea_goldgrid_rows2560_bf16_20260309T195639Z/stage_a/checkpoint-004000,/home/x/.cache/huggingface/hub/models--google--translategemma-4b-it/snapshots/10042cb0e6e7fdce748996a71dc3dc432a4e0c89,128,projects/distillation/translation/runs/translategemma4b_es_en_gemma3_1b_stagea_goldgrid_rows2560_bf16_20260309T195639Z/stage_a_checkpoint_sweep_greedy/eval2_external__checkpoint-004000__greedy/compare_eval_summary.json,,,,,,,,,,,,,,
translategemma4b_es_en_gemma3_1b_stagea_goldgrid_rows2560_bf16_20260309T195639Z,external_wmt13_en_es_translation_benchmark_128,projects/distillation/translation/training_data/translate_distill_pairs.eval2_wmt13_enes_128.jsonl,stage_a_checkpoint_sweep_greedy/eval2_external__checkpoint-006000__greedy,false,,student,27.7776,57.8237,27.5437,59.3547,0.2340,-1.5309,projects/distillation/translation/runs/translategemma4b_es_en_gemma3_1b_stagea_goldgrid_rows2560_bf16_20260309T195639Z/stage_a/checkpoint-006000,/home/x/.cache/huggingface/hub/models--google--translategemma-4b-it/snapshots/10042cb0e6e7fdce748996a71dc3dc432a4e0c89,128,projects/distillation/translation/runs/translategemma4b_es_en_gemma3_1b_stagea_goldgrid_rows2560_bf16_20260309T195639Z/stage_a_checkpoint_sweep_greedy/eval2_external__checkpoint-006000__greedy/compare_eval_summary.json,,,,,,,,,,,,,,
translategemma4b_es_en_gemma3_1b_stagea_goldgrid_rows1920_bf16_20260310T001204Z,external_wmt13_en_es_translation_benchmark_128,projects/distillation/translation/training_data/translate_distill_pairs.eval2_wmt13_enes_128.jsonl,stage_a_checkpoint_sweep_greedy/eval2_external__checkpoint-002000__greedy,false,,student,27.6770,57.5271,27.5437,59.3547,0.1333,-1.8276,projects/distillation/translation/runs/translategemma4b_es_en_gemma3_1b_stagea_goldgrid_rows1920_bf16_20260310T001204Z/stage_a/checkpoint-002000,/home/x/.cache/huggingface/hub/models--google--translategemma-4b-it/snapshots/10042cb0e6e7fdce748996a71dc3dc432a4e0c89,128,projects/distillation/translation/runs/translategemma4b_es_en_gemma3_1b_stagea_goldgrid_rows1920_bf16_20260310T001204Z/stage_a_checkpoint_sweep_greedy/eval2_external__checkpoint-002000__greedy/compare_eval_summary.json,,,,,,,,,,,,,,
translategemma4b_es_en_gemma3_1b_stagea_goldgrid_rows1920_bf16_20260310T005321Z,external_wmt13_en_es_translation_benchmark_128,projects/distillation/translation/training_data/translate_distill_pairs.eval2_wmt13_enes_128.jsonl,stage_a_checkpoint_sweep_greedy/eval2_external__checkpoint-004000__greedy,false,,student,27.6477,57.7483,27.5437,59.3547,0.1041,-1.6064,projects/distillation/translation/runs/translategemma4b_es_en_gemma3_1b_stagea_goldgrid_rows1920_bf16_20260310T005321Z/stage_a/checkpoint-004000,/home/x/.cache/huggingface/hub/models--google--translategemma-4b-it/snapshots/10042cb0e6e7fdce748996a71dc3dc432a4e0c89,128,projects/distillation/translation/runs/translategemma4b_es_en_gemma3_1b_stagea_goldgrid_rows1920_bf16_20260310T005321Z/stage_a_checkpoint_sweep_greedy/eval2_external__checkpoint-004000__greedy/compare_eval_summary.json,27.0265,56.4591,,64.0000,28.2789,59.2904,,64.0000,128.0000,causal-chat,gemma_causal_lm,false,,
translategemma4b_es_en_gemma3_1b_full_train1280_20260303_114100,external_wmt13_en_es_translation_benchmark_128,projects/distillation/translation/training_data/translate_distill_pairs.eval2_wmt13_enes_128.jsonl,ablation_stage_decode_20260304_094102/eval2_external__teacher4b__greedy,false,,teacher_baseline,27.5437,59.3547,,,,,/home/x/.cache/huggingface/hub/models--google--translategemma-4b-it/snapshots/10042cb0e6e7fdce748996a71dc3dc432a4e0c89,,128,projects/distillation/translation/runs/translategemma4b_es_en_gemma3_1b_full_train1280_20260303_114100/ablation_stage_decode_20260304_094102/eval2_external__teacher4b__greedy/compare_eval_summary.json,,,,,,,,,,,,,,
translategemma4b_es_en_gemma3_1b_stagea_goldgrid_rows1280_bf16_20260309T185602Z,external_wmt13_en_es_translation_benchmark_128,projects/distillation/translation/training_data/translate_distill_pairs.eval2_wmt13_enes_128.jsonl,stage_a_checkpoint_sweep_greedy/eval2_external__checkpoint-006000__greedy,false,,student,27.4061,57.1701,27.5437,59.3547,-0.1375,-2.1845,projects/distillation/translation/runs/translategemma4b_es_en_gemma3_1b_stagea_goldgrid_rows1280_bf16_20260309T185602Z/stage_a/checkpoint-006000,/home/x/.cache/huggingface/hub/models--google--translategemma-4b-it/snapshots/10042cb0e6e7fdce748996a71dc3dc432a4e0c89,128,projects/distillation/translation/runs/translategemma4b_es_en_gemma3_1b_stagea_goldgrid_rows1280_bf16_20260309T185602Z/stage_a_checkpoint_sweep_greedy/eval2_external__checkpoint-006000__greedy/compare_eval_summary.json,,,,,,,,,,,,,,
translategemma4b_es_en_gemma3_1b_stagea_goldgrid_rows1280_bf16_20260309T185602Z,external_wmt13_en_es_translation_benchmark_128,projects/distillation/translation/training_data/translate_distill_pairs.eval2_wmt13_enes_128.jsonl,stage_a_checkpoint_sweep_greedy/eval2_external__checkpoint-002000__greedy,false,,student,27.2349,57.1826,27.5437,59.3547,-0.3088,-2.1721,projects/distillation/translation/runs/translategemma4b_es_en_gemma3_1b_stagea_goldgrid_rows1280_bf16_20260309T185602Z/stage_a/checkpoint-002000,/home/x/.cache/huggingface/hub/models--google--translategemma-4b-it/snapshots/10042cb0e6e7fdce748996a71dc3dc432a4e0c89,128,projects/distillation/translation/runs/translategemma4b_es_en_gemma3_1b_stagea_goldgrid_rows1280_bf16_20260309T185602Z/stage_a_checkpoint_sweep_greedy/eval2_external__checkpoint-002000__greedy/compare_eval_summary.json,,,,,,,,,,,,,,
translategemma4b_es_en_gemma3_1b_stagea_goldgrid_rows1280_bf16_20260309T185602Z,external_wmt13_en_es_translation_benchmark_128,projects/distillation/translation/training_data/translate_distill_pairs.eval2_wmt13_enes_128.jsonl,stage_a_checkpoint_sweep_greedy/eval2_external__checkpoint-004000__greedy,false,,student,27.2071,56.9757,27.5437,59.3547,-0.3366,-2.3790,projects/distillation/translation/runs/translategemma4b_es_en_gemma3_1b_stagea_goldgrid_rows1280_bf16_20260309T185602Z/stage_a/checkpoint-004000,/home/x/.cache/huggingface/hub/models--google--translategemma-4b-it/snapshots/10042cb0e6e7fdce748996a71dc3dc432a4e0c89,128,projects/distillation/translation/runs/translategemma4b_es_en_gemma3_1b_stagea_goldgrid_rows1280_bf16_20260309T185602Z/stage_a_checkpoint_sweep_greedy/eval2_external__checkpoint-004000__greedy/compare_eval_summary.json,,,,,,,,,,,,,,
translategemma4b_es_en_gemma3_1b_stagea_goldgrid_rows1280_bf16_20260308T164813Z,external_wmt13_en_es_translation_benchmark_128,projects/distillation/translation/training_data/translate_distill_pairs.eval2_wmt13_enes_128.jsonl,stage_a_checkpoint_sweep_greedy/eval2_external__checkpoint-004000__greedy,false,,student,27.1978,57.2337,27.5437,59.3547,-0.3459,-2.1209,projects/distillation/translation/runs/translategemma4b_es_en_gemma3_1b_stagea_goldgrid_rows1280_bf16_20260308T164813Z/stage_a/checkpoint-004000,/home/x/.cache/huggingface/hub/models--google--translategemma-4b-it/snapshots/10042cb0e6e7fdce748996a71dc3dc432a4e0c89,128,projects/distillation/translation/runs/translategemma4b_es_en_gemma3_1b_stagea_goldgrid_rows1280_bf16_20260308T164813Z/stage_a_checkpoint_sweep_greedy/eval2_external__checkpoint-004000__greedy/compare_eval_summary.json,,,,,,,,,,,,,,
translategemma4b_es_en_gemma3_1b_stagea_goldgrid_rows1280_bf16_20260308T164813Z,external_wmt13_en_es_translation_benchmark_128,projects/distillation/translation/training_data/translate_distill_pairs.eval2_wmt13_enes_128.jsonl,stage_a_checkpoint_sweep_greedy/eval2_external__checkpoint-008000__greedy,false,,student,27.1562,57.0173,27.5437,59.3547,-0.3875,-2.3374,projects/distillation/translation/runs/translategemma4b_es_en_gemma3_1b_stagea_goldgrid_rows1280_bf16_20260308T164813Z/stage_a/checkpoint-008000,/home/x/.cache/huggingface/hub/models--google--translategemma-4b-it/snapshots/10042cb0e6e7fdce748996a71dc3dc432a4e0c89,128,projects/distillation/translation/runs/translategemma4b_es_en_gemma3_1b_stagea_goldgrid_rows1280_bf16_20260308T164813Z/stage_a_checkpoint_sweep_greedy/eval2_external__checkpoint-008000__greedy/compare_eval_summary.json,,,,,,,,,,,,,,
translategemma4b_es_en_gemma3_1b_stagea_goldgrid_rows2560_bf16_20260309T195639Z,external_wmt13_en_es_translation_benchmark_128,projects/distillation/translation/training_data/translate_distill_pairs.eval2_wmt13_enes_128.jsonl,stage_a_checkpoint_sweep_greedy/eval2_external__checkpoint-002000__greedy,false,,student,27.1509,57.5913,27.5437,59.3547,-0.3927,-1.7634,projects/distillation/translation/runs/translategemma4b_es_en_gemma3_1b_stagea_goldgrid_rows2560_bf16_20260309T195639Z/stage_a/checkpoint-002000,/home/x/.cache/huggingface/hub/models--google--translategemma-4b-it/snapshots/10042cb0e6e7fdce748996a71dc3dc432a4e0c89,128,projects/distillation/translation/runs/translategemma4b_es_en_gemma3_1b_stagea_goldgrid_rows2560_bf16_20260309T195639Z/stage_a_checkpoint_sweep_greedy/eval2_external__checkpoint-002000__greedy/compare_eval_summary.json,,,,,,,,,,,,,,
translategemma4b_es_en_gemma3_1b_stagea_goldgrid_rows2560_bf16_20260309T022454Z,external_wmt13_en_es_translation_benchmark_128,projects/distillation/translation/training_data/translate_distill_pairs.eval2_wmt13_enes_128.jsonl,stage_a_checkpoint_sweep_greedy/eval2_external__checkpoint-001500__greedy,false,,student,27.1233,57.0740,27.5437,59.3547,-0.4204,-2.2806,projects/distillation/translation/runs/translategemma4b_es_en_gemma3_1b_stagea_goldgrid_rows2560_bf16_20260309T022454Z/stage_a/checkpoint-001500,/home/x/.cache/huggingface/hub/models--google--translategemma-4b-it/snapshots/10042cb0e6e7fdce748996a71dc3dc432a4e0c89,128,projects/distillation/translation/runs/translategemma4b_es_en_gemma3_1b_stagea_goldgrid_rows2560_bf16_20260309T022454Z/stage_a_checkpoint_sweep_greedy/eval2_external__checkpoint-001500__greedy/compare_eval_summary.json,,,,,,,,,,,,,,
translategemma4b_es_en_gemma3_1b_stagea_goldgrid_rows1280_bf16_20260308T164813Z,external_wmt13_en_es_translation_benchmark_128,projects/distillation/translation/training_data/translate_distill_pairs.eval2_wmt13_enes_128.jsonl,stage_a_checkpoint_sweep_greedy/eval2_external__checkpoint-002000__greedy,false,,student,27.0143,56.5292,27.5437,59.3547,-0.5294,-2.8255,projects/distillation/translation/runs/translategemma4b_es_en_gemma3_1b_stagea_goldgrid_rows1280_bf16_20260308T164813Z/stage_a/checkpoint-002000,/home/x/.cache/huggingface/hub/models--google--translategemma-4b-it/snapshots/10042cb0e6e7fdce748996a71dc3dc432a4e0c89,128,projects/distillation/translation/runs/translategemma4b_es_en_gemma3_1b_stagea_goldgrid_rows1280_bf16_20260308T164813Z/stage_a_checkpoint_sweep_greedy/eval2_external__checkpoint-002000__greedy/compare_eval_summary.json,,,,,,,,,,,,,,
translategemma4b_es_en_gemma3_1b_stagea_goldgrid_rows1280_bf16_20260308T164813Z,external_wmt13_en_es_translation_benchmark_128,projects/distillation/translation/training_data/translate_distill_pairs.eval2_wmt13_enes_128.jsonl,stage_a_checkpoint_sweep_greedy/eval2_external__checkpoint-006000__greedy,false,,student,26.9558,57.1979,27.5437,59.3547,-0.5878,-2.1568,projects/distillation/translation/runs/translategemma4b_es_en_gemma3_1b_stagea_goldgrid_rows1280_bf16_20260308T164813Z/stage_a/checkpoint-006000,/home/x/.cache/huggingface/hub/models--google--translategemma-4b-it/snapshots/10042cb0e6e7fdce748996a71dc3dc432a4e0c89,128,projects/distillation/translation/runs/translategemma4b_es_en_gemma3_1b_stagea_goldgrid_rows1280_bf16_20260308T164813Z/stage_a_checkpoint_sweep_greedy/eval2_external__checkpoint-006000__greedy/compare_eval_summary.json,,,,,,,,,,,,,,
translategemma4b_es_en_gemma3_1b_stagea_goldgrid_rows1920_bf16_20260310T001204Z,external_wmt13_en_es_translation_benchmark_128,projects/distillation/translation/training_data/translate_distill_pairs.eval2_wmt13_enes_128.jsonl,stage_a_checkpoint_sweep_greedy/eval2_external__checkpoint-004000__greedy,false,,student,26.8830,57.4844,27.5437,59.3547,-0.6607,-1.8703,projects/distillation/translation/runs/translategemma4b_es_en_gemma3_1b_stagea_goldgrid_rows1920_bf16_20260310T001204Z/stage_a/checkpoint-004000,/home/x/.cache/huggingface/hub/models--google--translategemma-4b-it/snapshots/10042cb0e6e7fdce748996a71dc3dc432a4e0c89,128,projects/distillation/translation/runs/translategemma4b_es_en_gemma3_1b_stagea_goldgrid_rows1920_bf16_20260310T001204Z/stage_a_checkpoint_sweep_greedy/eval2_external__checkpoint-004000__greedy/compare_eval_summary.json,,,,,,,,,,,,,,
translategemma4b_es_en_gemma3_1b_full_train1280_20260303_114100,external_wmt13_en_es_translation_benchmark_128,projects/distillation/translation/training_data/translate_distill_pairs.eval2_wmt13_enes_128.jsonl,ablation_stage_decode_20260304_094102/eval2_external__stage_a32__sampled,false,,student,26.8719,57.0090,,,,,projects/distillation/translation/runs/translategemma4b_es_en_gemma3_1b_full_20260303_114100/stage_a/checkpoint-032000,,128,projects/distillation/translation/runs/translategemma4b_es_en_gemma3_1b_full_train1280_20260303_114100/ablation_stage_decode_20260304_094102/eval2_external__stage_a32__sampled/compare_eval_summary.json,,,,,,,,,,,,,,
translategemma4b_es_en_gemma3_1b_full_train1280_20260303_114100,external_wmt13_en_es_translation_benchmark_128,projects/distillation/translation/training_data/translate_distill_pairs.eval2_wmt13_enes_128.jsonl,ablation_stage_decode_20260304_094102/eval2_external__stage_a8__greedy,false,,student,26.8327,56.7330,,,,,projects/distillation/translation/runs/translategemma4b_es_en_gemma3_1b_full_train1280_20260303_114100/stage_a/checkpoint-008000,,128,projects/distillation/translation/runs/translategemma4b_es_en_gemma3_1b_full_train1280_20260303_114100/ablation_stage_decode_20260304_094102/eval2_external__stage_a8__greedy/compare_eval_summary.json,,,,,,,,,,,,,,
translategemma4b_es_en_gemma3_1b_stagea_goldlegacy1280_bf16_20260307T231031Z,external_wmt13_en_es_translation_benchmark_128,projects/distillation/translation/training_data/translate_distill_pairs.eval2_wmt13_enes_128.jsonl,stage_a_checkpoint_sweep_greedy/eval2_external__checkpoint-008000__greedy,false,,student,26.4766,56.7615,,,,,projects/distillation/translation/runs/translategemma4b_es_en_gemma3_1b_stagea_goldlegacy1280_bf16_20260307T231031Z/stage_a/checkpoint-008000,,128,projects/distillation/translation/runs/translategemma4b_es_en_gemma3_1b_stagea_goldlegacy1280_bf16_20260307T231031Z/stage_a_checkpoint_sweep_greedy/eval2_external__checkpoint-008000__greedy/compare_eval_summary.json,,,,,,,,,,,,,,
translategemma4b_es_en_gemma3_1b_full_train1280_20260303_114100,external_wmt13_en_es_translation_benchmark_128,projects/distillation/translation/training_data/translate_distill_pairs.eval2_wmt13_enes_128.jsonl,ablation_stage_decode_20260304_094102/eval2_external__stage_a24__greedy,false,,student,26.4599,56.7285,,,,,projects/distillation/translation/runs/translategemma4b_es_en_gemma3_1b_full_train1280_20260303_114100/stage_a/checkpoint-024000,,128,projects/distillation/translation/runs/translategemma4b_es_en_gemma3_1b_full_train1280_20260303_114100/ablation_stage_decode_20260304_094102/eval2_external__stage_a24__greedy/compare_eval_summary.json,,,,,,,,,,,,,,
translategemma4b_es_en_gemma3_1b_full_train1280_20260303_114100,external_wmt13_en_es_translation_benchmark_128,projects/distillation/translation/training_data/translate_distill_pairs.eval2_wmt13_enes_128.jsonl,ablation_stage_decode_20260304_094102/eval2_external__stage_a16__greedy,false,,student,26.4151,56.7315,,,,,projects/distillation/translation/runs/translategemma4b_es_en_gemma3_1b_full_train1280_20260303_114100/stage_a/checkpoint-016000,,128,projects/distillation/translation/runs/translategemma4b_es_en_gemma3_1b_full_train1280_20260303_114100/ablation_stage_decode_20260304_094102/eval2_external__stage_a16__greedy/compare_eval_summary.json,,,,,,,,,,,,,,
translategemma4b_es_en_gemma3_1b_full_train1280_20260303_114100,external_wmt13_en_es_translation_benchmark_128,projects/distillation/translation/training_data/translate_distill_pairs.eval2_wmt13_enes_128.jsonl,ablation_stage_decode_20260304_094102/eval2_external__stage_a32__greedy,false,,student,26.3488,56.7732,,,,,projects/distillation/translation/runs/translategemma4b_es_en_gemma3_1b_full_20260303_114100/stage_a/checkpoint-032000,,128,projects/distillation/translation/runs/translategemma4b_es_en_gemma3_1b_full_train1280_20260303_114100/ablation_stage_decode_20260304_094102/eval2_external__stage_a32__greedy/compare_eval_summary.json,,,,,,,,,,,,,,
translategemma4b_es_en_gemma3_1b_stagea_goldgrid_rows1920_bf16_20260310T005321Z,external_wmt13_en_es_translation_benchmark_128,projects/distillation/translation/training_data/translate_distill_pairs.eval2_wmt13_enes_128.jsonl,stage_a_checkpoint_sweep_greedy/eval2_external__checkpoint-002000__greedy,false,,student,26.2465,56.1884,27.5437,59.3547,-1.2972,-3.1662,projects/distillation/translation/runs/translategemma4b_es_en_gemma3_1b_stagea_goldgrid_rows1920_bf16_20260310T005321Z/stage_a/checkpoint-002000,/home/x/.cache/huggingface/hub/models--google--translategemma-4b-it/snapshots/10042cb0e6e7fdce748996a71dc3dc432a4e0c89,128,projects/distillation/translation/runs/translategemma4b_es_en_gemma3_1b_stagea_goldgrid_rows1920_bf16_20260310T005321Z/stage_a_checkpoint_sweep_greedy/eval2_external__checkpoint-002000__greedy/compare_eval_summary.json,,,,,,,,,,,,,,
translategemma4b_es_en_gemma3_1b_stagea_goldgrid_rows1920_bf16_20260308T164813Z,external_wmt13_en_es_translation_benchmark_128,projects/distillation/translation/training_data/translate_distill_pairs.eval2_wmt13_enes_128.jsonl,stage_a_checkpoint_sweep_greedy/eval2_external__checkpoint-002000__greedy,false,,student,26.0284,56.8031,27.5437,59.3547,-1.5152,-2.5516,projects/distillation/translation/runs/translategemma4b_es_en_gemma3_1b_stagea_goldgrid_rows1920_bf16_20260308T164813Z/stage_a/checkpoint-002000,/home/x/.cache/huggingface/hub/models--google--translategemma-4b-it/snapshots/10042cb0e6e7fdce748996a71dc3dc432a4e0c89,128,projects/distillation/translation/runs/translategemma4b_es_en_gemma3_1b_stagea_goldgrid_rows1920_bf16_20260308T164813Z/stage_a_checkpoint_sweep_greedy/eval2_external__checkpoint-002000__greedy/compare_eval_summary.json,,,,,,,,,,,,,,
translategemma4b_es_en_gemma3_1b_stagea_goldlegacy1280_bf16_20260307T231031Z,external_wmt13_en_es_translation_benchmark_128,projects/distillation/translation/training_data/translate_distill_pairs.eval2_wmt13_enes_128.jsonl,stage_a_checkpoint_sweep_greedy/eval2_external__checkpoint-016000__greedy,false,,student,25.9958,56.8890,,,,,projects/distillation/translation/runs/translategemma4b_es_en_gemma3_1b_stagea_goldlegacy1280_bf16_20260307T231031Z/stage_a/checkpoint-016000,,128,projects/distillation/translation/runs/translategemma4b_es_en_gemma3_1b_stagea_goldlegacy1280_bf16_20260307T231031Z/stage_a_checkpoint_sweep_greedy/eval2_external__checkpoint-016000__greedy/compare_eval_summary.json,,,,,,,,,,,,,,
translategemma4b_es_en_gemma3_1b_stagea_goldlegacy1280_bf16_20260307T231031Z,external_wmt13_en_es_translation_benchmark_128,projects/distillation/translation/training_data/translate_distill_pairs.eval2_wmt13_enes_128.jsonl,stage_a_checkpoint_sweep_greedy/eval2_external__checkpoint-032000__greedy,false,,student,25.9377,56.4858,,,,,projects/distillation/translation/runs/translategemma4b_es_en_gemma3_1b_stagea_goldlegacy1280_bf16_20260307T231031Z/stage_a/checkpoint-032000,,128,projects/distillation/translation/runs/translategemma4b_es_en_gemma3_1b_stagea_goldlegacy1280_bf16_20260307T231031Z/stage_a_checkpoint_sweep_greedy/eval2_external__checkpoint-032000__greedy/compare_eval_summary.json,,,,,,,,,,,,,,
translategemma4b_es_en_gemma3_1b_stagea_goldlegacy1280_bf16_20260307T231031Z,external_wmt13_en_es_translation_benchmark_128,projects/distillation/translation/training_data/translate_distill_pairs.eval2_wmt13_enes_128.jsonl,stage_a_checkpoint_sweep_greedy/eval2_external__checkpoint-024000__greedy,false,,student,25.7862,56.5766,,,,,projects/distillation/translation/runs/translategemma4b_es_en_gemma3_1b_stagea_goldlegacy1280_bf16_20260307T231031Z/stage_a/checkpoint-024000,,128,projects/distillation/translation/runs/translategemma4b_es_en_gemma3_1b_stagea_goldlegacy1280_bf16_20260307T231031Z/stage_a_checkpoint_sweep_greedy/eval2_external__checkpoint-024000__greedy/compare_eval_summary.json,,,,,,,,,,,,,,
translategemma4b_es_en_gemma3_1b_stagea_goldgrid_rows1920_bf16_20260308T164813Z,external_wmt13_en_es_translation_benchmark_128,projects/distillation/translation/training_data/translate_distill_pairs.eval2_wmt13_enes_128.jsonl,stage_a_checkpoint_sweep_greedy/eval2_external__checkpoint-006000__greedy,false,,student,25.4584,56.8557,27.5437,59.3547,-2.0852,-2.4990,projects/distillation/translation/runs/translategemma4b_es_en_gemma3_1b_stagea_goldgrid_rows1920_bf16_20260308T164813Z/stage_a/checkpoint-006000,/home/x/.cache/huggingface/hub/models--google--translategemma-4b-it/snapshots/10042cb0e6e7fdce748996a71dc3dc432a4e0c89,128,projects/distillation/translation/runs/translategemma4b_es_en_gemma3_1b_stagea_goldgrid_rows1920_bf16_20260308T164813Z/stage_a_checkpoint_sweep_greedy/eval2_external__checkpoint-006000__greedy/compare_eval_summary.json,,,,,,,,,,,,,,
translategemma4b_es_en_gemma3_1b_stagea_goldgrid_rows1920_bf16_20260308T164813Z,external_wmt13_en_es_translation_benchmark_128,projects/distillation/translation/training_data/translate_distill_pairs.eval2_wmt13_enes_128.jsonl,stage_a_checkpoint_sweep_greedy/eval2_external__checkpoint-008000__greedy,false,,student,25.1820,57.0220,27.5437,59.3547,-2.3616,-2.3326,projects/distillation/translation/runs/translategemma4b_es_en_gemma3_1b_stagea_goldgrid_rows1920_bf16_20260308T164813Z/stage_a/checkpoint-008000,/home/x/.cache/huggingface/hub/models--google--translategemma-4b-it/snapshots/10042cb0e6e7fdce748996a71dc3dc432a4e0c89,128,projects/distillation/translation/runs/translategemma4b_es_en_gemma3_1b_stagea_goldgrid_rows1920_bf16_20260308T164813Z/stage_a_checkpoint_sweep_greedy/eval2_external__checkpoint-008000__greedy/compare_eval_summary.json,,,,,,,,,,,,,,
translategemma4b_es_en_gemma3_1b_stagea_goldgrid_rows1920_bf16_20260310T013436Z,external_wmt13_en_es_translation_benchmark_128,projects/distillation/translation/training_data/translate_distill_pairs.eval2_wmt13_enes_128.jsonl,stage_a_checkpoint_sweep_greedy/eval2_external__checkpoint-002000__greedy,false,,student,24.8029,55.7317,27.5437,59.3547,-2.7408,-3.6230,projects/distillation/translation/runs/translategemma4b_es_en_gemma3_1b_stagea_goldgrid_rows1920_bf16_20260310T013436Z/stage_a/checkpoint-002000,/home/x/.cache/huggingface/hub/models--google--translategemma-4b-it/snapshots/10042cb0e6e7fdce748996a71dc3dc432a4e0c89,128,projects/distillation/translation/runs/translategemma4b_es_en_gemma3_1b_stagea_goldgrid_rows1920_bf16_20260310T013436Z/stage_a_checkpoint_sweep_greedy/eval2_external__checkpoint-002000__greedy/compare_eval_summary.json,22.7176,53.5447,,64.0000,27.1884,58.3761,,64.0000,128.0000,causal-chat,gemma_causal_lm,false,,
translategemma4b_es_en_gemma3_1b_stagea_goldgrid_rows1920_bf16_20260308T164813Z,external_wmt13_en_es_translation_benchmark_128,projects/distillation/translation/training_data/translate_distill_pairs.eval2_wmt13_enes_128.jsonl,stage_a_checkpoint_sweep_greedy/eval2_external__checkpoint-004000__greedy,false,,student,24.7623,56.4720,27.5437,59.3547,-2.7813,-2.8827,projects/distillation/translation/runs/translategemma4b_es_en_gemma3_1b_stagea_goldgrid_rows1920_bf16_20260308T164813Z/stage_a/checkpoint-004000,/home/x/.cache/huggingface/hub/models--google--translategemma-4b-it/snapshots/10042cb0e6e7fdce748996a71dc3dc432a4e0c89,128,projects/distillation/translation/runs/translategemma4b_es_en_gemma3_1b_stagea_goldgrid_rows1920_bf16_20260308T164813Z/stage_a_checkpoint_sweep_greedy/eval2_external__checkpoint-004000__greedy/compare_eval_summary.json,,,,,,,,,,,,,,
baseline__google__translategemma-4b-it__2026-03-10T014945Z,external_wmt13_en_es_translation_benchmark_128,projects/distillation/translation/training_data/translate_distill_pairs.eval2_wmt13_enes_128.jsonl,eval2_external__greedy,true,TranslateGemma 4B IT,baseline,22.6563,56.8741,,,,,google/translategemma-4b-it,,128,projects/distillation/translation/runs/baseline__google__translategemma-4b-it__2026-03-10T014945Z/eval2_external__greedy/compare_eval_summary.json,24.0766,56.8025,,64.0000,21.3060,56.9577,,64.0000,128.0000,causal-chat,gemma_causal_lm,false,0,4B
translategemma4b_es_en_gemma3_1b_full_train1280_20260303_114100,external_wmt13_en_es_translation_benchmark_128,projects/distillation/translation/training_data/translate_distill_pairs.eval2_wmt13_enes_128.jsonl,ablation_stage_decode_20260304_094102/eval2_external__final__sampled,false,,student,7.9262,33.4874,,,,,projects/distillation/translation/runs/translategemma4b_es_en_gemma3_1b_full_20260303_114100/final,,128,projects/distillation/translation/runs/translategemma4b_es_en_gemma3_1b_full_train1280_20260303_114100/ablation_stage_decode_20260304_094102/eval2_external__final__sampled/compare_eval_summary.json,,,,,,,,,,,,,,
translategemma4b_es_en_gemma3_1b_full_train17532_real1b_20260305_210210,external_wmt13_en_es_translation_benchmark_128,projects/distillation/translation/training_data/translate_distill_pairs.eval2_wmt13_enes_128.jsonl,eval_stageb002000_external_wmt13_greedy_20260306,false,,student,7.9159,35.6396,,,,,projects/distillation/translation/runs/translategemma4b_es_en_gemma3_1b_full_train17532_real1b_20260305_210210/stage_b/checkpoint-002000,,128,projects/distillation/translation/runs/translategemma4b_es_en_gemma3_1b_full_train17532_real1b_20260305_210210/eval_stageb002000_external_wmt13_greedy_20260306/compare_eval_summary.json,,,,,,,,,,,,,,
translategemma4b_es_en_gemma3_1b_full_train17532_real1b_20260305_210210,external_wmt13_en_es_translation_benchmark_128,projects/distillation/translation/training_data/translate_distill_pairs.eval2_wmt13_enes_128.jsonl,eval_stagea12k_eval2_greedy_20260306_rerun_tmux,false,,student,7.0652,34.9801,27.6332,59.3886,-20.5681,-24.4085,projects/distillation/translation/runs/translategemma4b_es_en_gemma3_1b_full_train17532_real1b_20260305_210210/stage_a/checkpoint-012000,/home/x/.cache/huggingface/hub/models--google--translategemma-4b-it/snapshots/10042cb0e6e7fdce748996a71dc3dc432a4e0c89,128,projects/distillation/translation/runs/translategemma4b_es_en_gemma3_1b_full_train17532_real1b_20260305_210210/eval_stagea12k_eval2_greedy_20260306_rerun_tmux/compare_eval_summary.json,,,,,,,,,,,,,,
translategemma4b_es_en_gemma3_1b_stagea_cpu_subset1280_seed42_20260307T013333Z,external_wmt13_en_es_translation_benchmark_128,projects/distillation/translation/training_data/translate_distill_pairs.eval2_wmt13_enes_128.jsonl,eval_stagea4k_eval2_greedy_live,false,,student,6.7827,,,,,,projects/distillation/translation/runs/translategemma4b_es_en_gemma3_1b_stagea_cpu_subset1280_seed42_20260307T013333Z/stage_a/checkpoint-004000,,128,projects/distillation/translation/runs/translategemma4b_es_en_gemma3_1b_stagea_cpu_subset1280_seed42_20260307T013333Z/eval_stagea4k_eval2_greedy_live/compare_eval_summary.json,,,,,,,,,,,,,,
translategemma4b_es_en_gemma3_1b_full_train1280_20260303_114100,external_wmt13_en_es_translation_benchmark_128,projects/distillation/translation/training_data/translate_distill_pairs.eval2_wmt13_enes_128.jsonl,ablation_stage_decode_20260304_094102/eval2_external__final__greedy,false,,student,6.5945,31.4518,,,,,projects/distillation/translation/runs/translategemma4b_es_en_gemma3_1b_full_20260303_114100/final,,128,projects/distillation/translation/runs/translategemma4b_es_en_gemma3_1b_full_train1280_20260303_114100/ablation_stage_decode_20260304_094102/eval2_external__final__greedy/compare_eval_summary.json,,,,,,,,,,,,,,
translategemma4b_es_en_gemma3_1b_full_train1280_20260303_114100,external_wmt13_en_es_translation_benchmark_128,projects/distillation/translation/training_data/translate_distill_pairs.eval2_wmt13_enes_128.jsonl,eval_bleu_vs_teacher_enes_eval2_20260304_093211_gfxoverride,false,,student,6.5945,31.4518,27.5437,59.3547,-20.9492,-27.9029,projects/distillation/translation/runs/translategemma4b_es_en_gemma3_1b_full_20260303_114100/final,/home/x/.cache/huggingface/hub/models--google--translategemma-4b-it/snapshots/10042cb0e6e7fdce748996a71dc3dc432a4e0c89,128,projects/distillation/translation/runs/translategemma4b_es_en_gemma3_1b_full_train1280_20260303_114100/eval_bleu_vs_teacher_enes_eval2_20260304_093211_gfxoverride/compare_eval_summary.json,,,,,,,,,,,,,,
translategemma4b_es_en_gemma3_1b_full_train17532_real1b_20260305_210210,external_wmt13_en_es_translation_benchmark_128,projects/distillation/translation/training_data/translate_distill_pairs.eval2_wmt13_enes_128.jsonl,eval_stagea32_eval2_greedy_20260306,false,,student,6.4642,33.9828,,,,,projects/distillation/translation/runs/translategemma4b_es_en_gemma3_1b_full_train17532_real1b_20260305_210210/stage_a/checkpoint-032000,,128,projects/distillation/translation/runs/translategemma4b_es_en_gemma3_1b_full_train17532_real1b_20260305_210210/eval_stagea32_eval2_greedy_20260306/compare_eval_summary.json,,,,,,,,,,,,,,
translategemma4b_es_en_gemma3_1b_stagea_cpu_subset1280_seed42_20260307T013333Z,external_wmt13_en_es_translation_benchmark_128,projects/distillation/translation/training_data/translate_distill_pairs.eval2_wmt13_enes_128.jsonl,eval_stagea24k_eval2_greedy_live,false,,student,6.4361,,,,,,projects/distillation/translation/runs/translategemma4b_es_en_gemma3_1b_stagea_cpu_subset1280_seed42_20260307T013333Z/stage_a/checkpoint-024000,,128,projects/distillation/translation/runs/translategemma4b_es_en_gemma3_1b_stagea_cpu_subset1280_seed42_20260307T013333Z/eval_stagea24k_eval2_greedy_live/compare_eval_summary.json,,,,,,,,,,,,,,
translategemma4b_es_en_gemma3_1b_stagea_cpu_subset2560_seed42_20260307T013333Z,external_wmt13_en_es_translation_benchmark_128,projects/distillation/translation/training_data/translate_distill_pairs.eval2_wmt13_enes_128.jsonl,eval_stagea4k_eval2_greedy_live,false,,student,6.1746,,,,,,projects/distillation/translation/runs/translategemma4b_es_en_gemma3_1b_stagea_cpu_subset2560_seed42_20260307T013333Z/stage_a/checkpoint-004000,,128,projects/distillation/translation/runs/translategemma4b_es_en_gemma3_1b_stagea_cpu_subset2560_seed42_20260307T013333Z/eval_stagea4k_eval2_greedy_live/compare_eval_summary.json,,,,,,,,,,,,,,
translategemma4b_es_en_gemma3_1b_stagea_cpu_subset1280_seed42_20260307T013333Z,external_wmt13_en_es_translation_benchmark_128,projects/distillation/translation/training_data/translate_distill_pairs.eval2_wmt13_enes_128.jsonl,eval_stagea28k_eval2_greedy_live,false,,student,5.7466,,,,,,projects/distillation/translation/runs/translategemma4b_es_en_gemma3_1b_stagea_cpu_subset1280_seed42_20260307T013333Z/stage_a/checkpoint-028000,,128,projects/distillation/translation/runs/translategemma4b_es_en_gemma3_1b_stagea_cpu_subset1280_seed42_20260307T013333Z/eval_stagea28k_eval2_greedy_live/compare_eval_summary.json,,,,,,,,,,,,,,
translategemma4b_es_en_gemma3_1b_stagea_cpu_subset1280_seed42_20260307T013333Z,external_wmt13_en_es_translation_benchmark_128,projects/distillation/translation/training_data/translate_distill_pairs.eval2_wmt13_enes_128.jsonl,eval_stagea20k_eval2_greedy_live,false,,student,5.7465,,,,,,projects/distillation/translation/runs/translategemma4b_es_en_gemma3_1b_stagea_cpu_subset1280_seed42_20260307T013333Z/stage_a/checkpoint-020000,,128,projects/distillation/translation/runs/translategemma4b_es_en_gemma3_1b_stagea_cpu_subset1280_seed42_20260307T013333Z/eval_stagea20k_eval2_greedy_live/compare_eval_summary.json,,,,,,,,,,,,,,
translategemma4b_es_en_gemma3_1b_full_train17532_real1b_20260305_210210,external_wmt13_en_es_translation_benchmark_128,projects/distillation/translation/training_data/translate_distill_pairs.eval2_wmt13_enes_128.jsonl,eval_stagea22k_eval2_greedy_20260306_rerun_tmux,false,,student,5.6350,33.7260,27.6332,59.3886,-21.9983,-25.6626,projects/distillation/translation/runs/translategemma4b_es_en_gemma3_1b_full_train17532_real1b_20260305_210210/stage_a/checkpoint-022000,/home/x/.cache/huggingface/hub/models--google--translategemma-4b-it/snapshots/10042cb0e6e7fdce748996a71dc3dc432a4e0c89,128,projects/distillation/translation/runs/translategemma4b_es_en_gemma3_1b_full_train17532_real1b_20260305_210210/eval_stagea22k_eval2_greedy_20260306_rerun_tmux/compare_eval_summary.json,,,,,,,,,,,,,,
translategemma4b_es_en_gemma3_1b_stagea_cpu_subset1280_seed42_20260307T013333Z,external_wmt13_en_es_translation_benchmark_128,projects/distillation/translation/training_data/translate_distill_pairs.eval2_wmt13_enes_128.jsonl,eval_stagea8k_eval2_greedy_live,false,,student,4.9284,,,,,,projects/distillation/translation/runs/translategemma4b_es_en_gemma3_1b_stagea_cpu_subset1280_seed42_20260307T013333Z/stage_a/checkpoint-008000,,128,projects/distillation/translation/runs/translategemma4b_es_en_gemma3_1b_stagea_cpu_subset1280_seed42_20260307T013333Z/eval_stagea8k_eval2_greedy_live/compare_eval_summary.json,,,,,,,,,,,,,,
translategemma4b_es_en_gemma3_1b_stagea_cpu_subset1280_seed42_20260307T013333Z,external_wmt13_en_es_translation_benchmark_128,projects/distillation/translation/training_data/translate_distill_pairs.eval2_wmt13_enes_128.jsonl,eval_stagea12k_eval2_greedy_live,false,,student,4.6705,,,,,,projects/distillation/translation/runs/translategemma4b_es_en_gemma3_1b_stagea_cpu_subset1280_seed42_20260307T013333Z/stage_a/checkpoint-012000,,128,projects/distillation/translation/runs/translategemma4b_es_en_gemma3_1b_stagea_cpu_subset1280_seed42_20260307T013333Z/eval_stagea12k_eval2_greedy_live/compare_eval_summary.json,,,,,,,,,,,,,,
translategemma4b_es_en_gemma3_1b_stagea_cpu_subset2560_seed42_20260307T013333Z,external_wmt13_en_es_translation_benchmark_128,projects/distillation/translation/training_data/translate_distill_pairs.eval2_wmt13_enes_128.jsonl,eval_stagea12k_eval2_greedy_live,false,,student,4.5627,,,,,,projects/distillation/translation/runs/translategemma4b_es_en_gemma3_1b_stagea_cpu_subset2560_seed42_20260307T013333Z/stage_a/checkpoint-012000,,128,projects/distillation/translation/runs/translategemma4b_es_en_gemma3_1b_stagea_cpu_subset2560_seed42_20260307T013333Z/eval_stagea12k_eval2_greedy_live/compare_eval_summary.json,,,,,,,,,,,,,,
translategemma4b_es_en_gemma3_1b_stagea_cpu_subset2560_seed42_20260307T013333Z,external_wmt13_en_es_translation_benchmark_128,projects/distillation/translation/training_data/translate_distill_pairs.eval2_wmt13_enes_128.jsonl,eval_stagea8k_eval2_greedy_live,false,,student,3.9701,,,,,,projects/distillation/translation/runs/translategemma4b_es_en_gemma3_1b_stagea_cpu_subset2560_seed42_20260307T013333Z/stage_a/checkpoint-008000,,128,projects/distillation/translation/runs/translategemma4b_es_en_gemma3_1b_stagea_cpu_subset2560_seed42_20260307T013333Z/eval_stagea8k_eval2_greedy_live/compare_eval_summary.json,,,,,,,,,,,,,,
translategemma4b_es_en_gemma3_1b_stagea_cpu_subset1280_seed42_20260307T013333Z,external_wmt13_en_es_translation_benchmark_128,projects/distillation/translation/training_data/translate_distill_pairs.eval2_wmt13_enes_128.jsonl,eval_stagea16k_eval2_greedy_live,false,,student,3.3827,,,,,,projects/distillation/translation/runs/translategemma4b_es_en_gemma3_1b_stagea_cpu_subset1280_seed42_20260307T013333Z/stage_a/checkpoint-016000,,128,projects/distillation/translation/runs/translategemma4b_es_en_gemma3_1b_stagea_cpu_subset1280_seed42_20260307T013333Z/eval_stagea16k_eval2_greedy_live/compare_eval_summary.json,,,,,,,,,,,,,,
baseline__google__gemma-3-1b-it__2026-03-10T135924Z,external_wmt13_en_es_translation_benchmark_128,projects/distillation/translation/training_data/translate_distill_pairs.eval2_wmt13_enes_128.jsonl,baseline_checkpoint_sweep_greedy/eval2_external__final__greedy,true,Gemma 3 1B IT,baseline,0.0315,15.7204,,,,,google/gemma-3-1b-it,,128,projects/distillation/translation/runs/baseline__google__gemma-3-1b-it__2026-03-10T135924Z/baseline_checkpoint_sweep_greedy/eval2_external__final__greedy/compare_eval_summary.json,0.0439,16.4574,,64.0000,0.0452,14.9120,,64.0000,128.0000,causal-chat,gemma_causal_lm,false,0,1B
baseline__google__gemma-3-1b-it__2026-03-10T020400Z,external_wmt13_en_es_translation_benchmark_128,projects/distillation/translation/training_data/translate_distill_pairs.eval2_wmt13_enes_128.jsonl,baseline_checkpoint_sweep_greedy/eval2_external__final__greedy,true,Gemma 3 1B IT,baseline,0.0285,15.4027,,,,,google/gemma-3-1b-it,,128,projects/distillation/translation/runs/baseline__google__gemma-3-1b-it__2026-03-10T020400Z/baseline_checkpoint_sweep_greedy/eval2_external__final__greedy/compare_eval_summary.json,0.0404,16.3943,,64.0000,0.0402,14.3341,,64.0000,128.0000,causal-chat,gemma_causal_lm,false,0,1B
translategemma4b_es_en_gemma3_1b_full_train17532_real1b_20260305_210210,indomain_clean_merged_en_es_translation_benchmark_128,projects/distillation/translation/training_data/translate_distill_pairs.eval3_indomain_clean_merged_128.jsonl,eval_stagea32_eval3_greedy_20260306,false,,student,87.4218,97.4243,,,,,projects/distillation/translation/runs/translategemma4b_es_en_gemma3_1b_full_train17532_real1b_20260305_210210/stage_a/checkpoint-032000,,128,projects/distillation/translation/runs/translategemma4b_es_en_gemma3_1b_full_train17532_real1b_20260305_210210/eval_stagea32_eval3_greedy_20260306/compare_eval_summary.json,,,,,,,,,,,,,,
translategemma4b_es_en_gemma3_1b_full_train17532_real1b_20260305_210210,indomain_clean_merged_en_es_translation_benchmark_128,projects/distillation/translation/training_data/translate_distill_pairs.eval3_indomain_clean_merged_128.jsonl,eval_stageb002000_indomain_clean_greedy_20260306,false,,student,87.3266,97.2802,,,,,projects/distillation/translation/runs/translategemma4b_es_en_gemma3_1b_full_train17532_real1b_20260305_210210/stage_b/checkpoint-002000,,128,projects/distillation/translation/runs/translategemma4b_es_en_gemma3_1b_full_train17532_real1b_20260305_210210/eval_stageb002000_indomain_clean_greedy_20260306/compare_eval_summary.json,,,,,,,,,,,,,,
translategemma4b_es_en_gemma3_1b_full_train17532_real1b_20260305_210210,indomain_clean_merged_en_es_translation_benchmark_128,projects/distillation/translation/training_data/translate_distill_pairs.eval3_indomain_clean_merged_128.jsonl,eval_stagea22k_eval3_greedy_20260306_rerun_tmux,false,,student,87.1698,97.2928,39.1485,68.9521,48.0213,28.3407,projects/distillation/translation/runs/translategemma4b_es_en_gemma3_1b_full_train17532_real1b_20260305_210210/stage_a/checkpoint-022000,/home/x/.cache/huggingface/hub/models--google--translategemma-4b-it/snapshots/10042cb0e6e7fdce748996a71dc3dc432a4e0c89,128,projects/distillation/translation/runs/translategemma4b_es_en_gemma3_1b_full_train17532_real1b_20260305_210210/eval_stagea22k_eval3_greedy_20260306_rerun_tmux/compare_eval_summary.json,,,,,,,,,,,,,,
translategemma4b_es_en_gemma3_1b_full_train17532_real1b_20260305_210210,indomain_clean_merged_en_es_translation_benchmark_128,projects/distillation/translation/training_data/translate_distill_pairs.eval3_indomain_clean_merged_128.jsonl,eval_stagea12k_eval3_greedy_20260306_rerun_tmux,false,,student,86.5173,96.6936,39.1485,68.9521,47.3687,27.7415,projects/distillation/translation/runs/translategemma4b_es_en_gemma3_1b_full_train17532_real1b_20260305_210210/stage_a/checkpoint-012000,/home/x/.cache/huggingface/hub/models--google--translategemma-4b-it/snapshots/10042cb0e6e7fdce748996a71dc3dc432a4e0c89,128,projects/distillation/translation/runs/translategemma4b_es_en_gemma3_1b_full_train17532_real1b_20260305_210210/eval_stagea12k_eval3_greedy_20260306_rerun_tmux/compare_eval_summary.json,,,,,,,,,,,,,,
baseline__helsinki-nlp__opus-mt-en-es__2026-03-10T020411Z,indomain_clean_merged_en_es_translation_benchmark_128,projects/distillation/translation/training_data/translate_distill_pairs.eval3_indomain_clean_merged_128.jsonl,baseline_checkpoint_sweep_greedy/eval3_indomain_clean__final__greedy,true,OPUS MT EN-ES,baseline,61.2861,76.7630,,,,,Helsinki-NLP/opus-mt-en-es,,64,projects/distillation/translation/runs/baseline__helsinki-nlp__opus-mt-en-es__2026-03-10T020411Z/baseline_checkpoint_sweep_greedy/eval3_indomain_clean__final__greedy/compare_eval_summary.json,61.2861,76.7630,,64.0000,,,,,64.0000,seq2seq,marian_seq2seq,false,3,74M
baseline__facebook__m2m100_1.2b__2026-03-10T025214Z,indomain_clean_merged_en_es_translation_benchmark_128,projects/distillation/translation/training_data/translate_distill_pairs.eval3_indomain_clean_merged_128.jsonl,baseline_checkpoint_sweep_greedy/eval3_indomain_clean__final__greedy,true,M2M100 1.2B,baseline,60.3346,76.8958,,,,,facebook/m2m100_1.2B,,128,projects/distillation/translation/runs/baseline__facebook__m2m100_1.2b__2026-03-10T025214Z/baseline_checkpoint_sweep_greedy/eval3_indomain_clean__final__greedy/compare_eval_summary.json,60.6586,76.9802,,64.0000,59.8962,76.7931,,64.0000,128.0000,seq2seq,m2m100_seq2seq,false,2,1.2B
baseline__facebook__nllb-200-distilled-600m__2026-03-10T014951Z,indomain_clean_merged_en_es_translation_benchmark_128,projects/distillation/translation/training_data/translate_distill_pairs.eval3_indomain_clean_merged_128.jsonl,eval3_indomain_clean__greedy,true,NLLB 200 Distilled 600M,baseline,59.4292,76.3280,,,,,facebook/nllb-200-distilled-600M,,128,projects/distillation/translation/runs/baseline__facebook__nllb-200-distilled-600m__2026-03-10T014951Z/eval3_indomain_clean__greedy/compare_eval_summary.json,63.7921,77.5126,,64.0000,53.9625,74.8807,,64.0000,128.0000,seq2seq,nllb_seq2seq,false,2,600M
baseline__facebook__nllb-200-distilled-1.3b__2026-03-10T023424Z,indomain_clean_merged_en_es_translation_benchmark_128,projects/distillation/translation/training_data/translate_distill_pairs.eval3_indomain_clean_merged_128.jsonl,baseline_checkpoint_sweep_greedy/eval3_indomain_clean__final__greedy,true,NLLB 200 Distilled 1.3B,baseline,58.8747,76.8520,,,,,facebook/nllb-200-distilled-1.3B,,128,projects/distillation/translation/runs/baseline__facebook__nllb-200-distilled-1.3b__2026-03-10T023424Z/baseline_checkpoint_sweep_greedy/eval3_indomain_clean__final__greedy/compare_eval_summary.json,63.5161,78.0434,,64.0000,53.1136,75.3928,,64.0000,128.0000,seq2seq,nllb_seq2seq,false,1,1.3B
baseline__helsinki-nlp__opus-mt-es-en__2026-03-10T022943Z,indomain_clean_merged_en_es_translation_benchmark_128,projects/distillation/translation/training_data/translate_distill_pairs.eval3_indomain_clean_merged_128.jsonl,baseline_checkpoint_sweep_greedy/eval3_indomain_clean__final__greedy,true,OPUS MT ES-EN,baseline,58.5298,76.7342,,,,,Helsinki-NLP/opus-mt-es-en,,64,projects/distillation/translation/runs/baseline__helsinki-nlp__opus-mt-es-en__2026-03-10T022943Z/baseline_checkpoint_sweep_greedy/eval3_indomain_clean__final__greedy/compare_eval_summary.json,,,,,58.5298,76.7342,,64.0000,64.0000,seq2seq,marian_seq2seq,false,3,74M
translategemma4b_es_en_gemma3_1b_stagea_goldgrid_rows1600_bf16_codexextend_pack06_replace10_6k_dense500_defer_studentonly_v1,indomain_clean_merged_en_es_translation_benchmark_128,projects/distillation/translation/training_data/translate_distill_pairs.eval3_indomain_clean_merged_128.jsonl,stage_a_checkpoint_sweep_greedy/eval3_indomain_clean__checkpoint-002500__greedy,false,,student,56.2462,73.1068,,,,,projects/distillation/translation/runs/translategemma4b_es_en_gemma3_1b_stagea_goldgrid_rows1600_bf16_codexextend_pack06_replace10_6k_dense500_defer_studentonly_v1/stage_a/checkpoint-002500,,128,projects/distillation/translation/runs/translategemma4b_es_en_gemma3_1b_stagea_goldgrid_rows1600_bf16_codexextend_pack06_replace10_6k_dense500_defer_studentonly_v1/stage_a_checkpoint_sweep_greedy/eval3_indomain_clean__checkpoint-002500__greedy/compare_eval_summary.json,59.1729,73.7385,,64.0000,52.5443,72.3362,,64.0000,128.0000,causal-chat,gemma_causal_lm,false,,
translategemma4b_es_en_gemma3_1b_stagea_goldgrid_rows1920_bf16_20260310T224540Z,indomain_clean_merged_en_es_translation_benchmark_128,projects/distillation/translation/training_data/translate_distill_pairs.eval3_indomain_clean_merged_128.jsonl,stage_a_checkpoint_sweep_greedy/eval3_indomain_clean__checkpoint-002000__greedy,false,,student,56.2174,72.9556,45.5415,70.9157,10.6759,2.0399,projects/distillation/translation/runs/translategemma4b_es_en_gemma3_1b_stagea_goldgrid_rows1920_bf16_20260310T224540Z/stage_a/checkpoint-002000,/home/x/.cache/huggingface/hub/models--google--translategemma-4b-it/snapshots/10042cb0e6e7fdce748996a71dc3dc432a4e0c89,128,projects/distillation/translation/runs/translategemma4b_es_en_gemma3_1b_stagea_goldgrid_rows1920_bf16_20260310T224540Z/stage_a_checkpoint_sweep_greedy/eval3_indomain_clean__checkpoint-002000__greedy/compare_eval_summary.json,58.3441,72.6763,,64.0000,53.5744,73.2956,,64.0000,128.0000,causal-chat,gemma_causal_lm,false,,
translategemma4b_es_en_gemma3_1b_stagea_goldgrid_rows1920_bf16_20260311T225020Z,indomain_clean_merged_en_es_translation_benchmark_128,projects/distillation/translation/training_data/translate_distill_pairs.eval3_indomain_clean_merged_128.jsonl,stage_a_checkpoint_sweep_greedy/eval3_indomain_clean__checkpoint-004000__greedy,false,,student,56.0758,73.9235,45.5415,70.9157,10.5343,3.0078,projects/distillation/translation/runs/translategemma4b_es_en_gemma3_1b_stagea_goldgrid_rows1920_bf16_20260311T225020Z/stage_a/checkpoint-004000,/home/x/.cache/huggingface/hub/models--google--translategemma-4b-it/snapshots/10042cb0e6e7fdce748996a71dc3dc432a4e0c89,128,projects/distillation/translation/runs/translategemma4b_es_en_gemma3_1b_stagea_goldgrid_rows1920_bf16_20260311T225020Z/stage_a_checkpoint_sweep_greedy/eval3_indomain_clean__checkpoint-004000__greedy/compare_eval_summary.json,61.0280,75.3205,,64.0000,49.9167,72.2209,,64.0000,128.0000,causal-chat,gemma_causal_lm,false,,
translategemma4b_es_en_gemma3_1b_stagea_goldgrid_rows1600_bf16_codexextend_pack06_replace10_6k_dense500_defer_studentonly_v1,indomain_clean_merged_en_es_translation_benchmark_128,projects/distillation/translation/training_data/translate_distill_pairs.eval3_indomain_clean_merged_128.jsonl,stage_a_checkpoint_sweep_greedy/eval3_indomain_clean__checkpoint-003000__greedy,false,,student,56.0748,72.6944,,,,,projects/distillation/translation/runs/translategemma4b_es_en_gemma3_1b_stagea_goldgrid_rows1600_bf16_codexextend_pack06_replace10_6k_dense500_defer_studentonly_v1/stage_a/checkpoint-003000,,128,projects/distillation/translation/runs/translategemma4b_es_en_gemma3_1b_stagea_goldgrid_rows1600_bf16_codexextend_pack06_replace10_6k_dense500_defer_studentonly_v1/stage_a_checkpoint_sweep_greedy/eval3_indomain_clean__checkpoint-003000__greedy/compare_eval_summary.json,59.2346,73.2475,,64.0000,52.1216,72.0195,,64.0000,128.0000,causal-chat,gemma_causal_lm,false,,
translategemma4b_es_en_gemma3_1b_stagea_goldgrid_rows1920_bf16_20260311T233133Z,indomain_clean_merged_en_es_translation_benchmark_128,projects/distillation/translation/training_data/translate_distill_pairs.eval3_indomain_clean_merged_128.jsonl,stage_a_checkpoint_sweep_greedy/eval3_indomain_clean__checkpoint-004000__greedy,false,,student,55.9867,73.3200,45.5415,70.9157,10.4451,2.4043,projects/distillation/translation/runs/translategemma4b_es_en_gemma3_1b_stagea_goldgrid_rows1920_bf16_20260311T233133Z/stage_a/checkpoint-004000,/home/x/.cache/huggingface/hub/models--google--translategemma-4b-it/snapshots/10042cb0e6e7fdce748996a71dc3dc432a4e0c89,128,projects/distillation/translation/runs/translategemma4b_es_en_gemma3_1b_stagea_goldgrid_rows1920_bf16_20260311T233133Z/stage_a_checkpoint_sweep_greedy/eval3_indomain_clean__checkpoint-004000__greedy/compare_eval_summary.json,59.3961,73.8618,,64.0000,51.6609,72.6596,,64.0000,128.0000,causal-chat,gemma_causal_lm,false,,
translategemma4b_es_en_gemma3_1b_stagea_goldgrid_rows1568_bf16_codexlow_pack04_random10_defer_studentonly_v1,indomain_clean_merged_en_es_translation_benchmark_128,projects/distillation/translation/training_data/translate_distill_pairs.eval3_indomain_clean_merged_128.jsonl,stage_a_checkpoint_sweep_greedy/eval3_indomain_clean__checkpoint-002000__greedy,false,,student,55.9294,73.0533,,,,,projects/distillation/translation/runs/translategemma4b_es_en_gemma3_1b_stagea_goldgrid_rows1568_bf16_codexlow_pack04_random10_defer_studentonly_v1/stage_a/checkpoint-002000,,128,projects/distillation/translation/runs/translategemma4b_es_en_gemma3_1b_stagea_goldgrid_rows1568_bf16_codexlow_pack04_random10_defer_studentonly_v1/stage_a_checkpoint_sweep_greedy/eval3_indomain_clean__checkpoint-002000__greedy/compare_eval_summary.json,59.5174,73.4166,,64.0000,51.3638,72.6100,,64.0000,128.0000,causal-chat,gemma_causal_lm,false,,
translategemma4b_es_en_gemma3_1b_stagea_goldgrid_rows1600_bf16_codexextend_pack06_replace10_6k_dense500_defer_studentonly_v1,indomain_clean_merged_en_es_translation_benchmark_128,projects/distillation/translation/training_data/translate_distill_pairs.eval3_indomain_clean_merged_128.jsonl,stage_a_checkpoint_sweep_greedy/eval3_indomain_clean__checkpoint-006000__greedy,false,,student,55.6218,72.4497,,,,,projects/distillation/translation/runs/translategemma4b_es_en_gemma3_1b_stagea_goldgrid_rows1600_bf16_codexextend_pack06_replace10_6k_dense500_defer_studentonly_v1/stage_a/checkpoint-006000,,128,projects/distillation/translation/runs/translategemma4b_es_en_gemma3_1b_stagea_goldgrid_rows1600_bf16_codexextend_pack06_replace10_6k_dense500_defer_studentonly_v1/stage_a_checkpoint_sweep_greedy/eval3_indomain_clean__checkpoint-006000__greedy/compare_eval_summary.json,58.5180,72.4628,,64.0000,51.9843,72.4332,,64.0000,128.0000,causal-chat,gemma_causal_lm,false,,
translategemma4b_es_en_gemma3_1b_stagea_goldgrid_rows1568_bf16_codexlow_pack04_random10_defer_studentonly_v1,indomain_clean_merged_en_es_translation_benchmark_128,projects/distillation/translation/training_data/translate_distill_pairs.eval3_indomain_clean_merged_128.jsonl,stage_a_checkpoint_sweep_greedy/eval3_indomain_clean__checkpoint-003000__greedy,false,,student,55.5626,73.2671,,,,,projects/distillation/translation/runs/translategemma4b_es_en_gemma3_1b_stagea_goldgrid_rows1568_bf16_codexlow_pack04_random10_defer_studentonly_v1/stage_a/checkpoint-003000,,128,projects/distillation/translation/runs/translategemma4b_es_en_gemma3_1b_stagea_goldgrid_rows1568_bf16_codexlow_pack04_random10_defer_studentonly_v1/stage_a_checkpoint_sweep_greedy/eval3_indomain_clean__checkpoint-003000__greedy/compare_eval_summary.json,59.4704,73.6680,,64.0000,50.5799,72.7780,,64.0000,128.0000,causal-chat,gemma_causal_lm,false,,
translategemma4b_es_en_gemma3_1b_stagea_goldgrid_rows1600_bf16_codexreplace05_pack06_6k_dense500_defer_studentonly_v1,indomain_clean_merged_en_es_translation_benchmark_128,projects/distillation/translation/training_data/translate_distill_pairs.eval3_indomain_clean_merged_128.jsonl,stage_a_checkpoint_sweep_greedy/eval3_indomain_clean__checkpoint-002500__greedy,false,,student,55.5306,72.9752,,,,,projects/distillation/translation/runs/translategemma4b_es_en_gemma3_1b_stagea_goldgrid_rows1600_bf16_codexreplace05_pack06_6k_dense500_defer_studentonly_v1/stage_a/checkpoint-002500,,128,projects/distillation/translation/runs/translategemma4b_es_en_gemma3_1b_stagea_goldgrid_rows1600_bf16_codexreplace05_pack06_6k_dense500_defer_studentonly_v1/stage_a_checkpoint_sweep_greedy/eval3_indomain_clean__checkpoint-002500__greedy/compare_eval_summary.json,59.6113,74.4307,,64.0000,50.4002,71.1987,,64.0000,128.0000,causal-chat,gemma_causal_lm,false,,
translategemma4b_es_en_gemma3_1b_stagea_goldgrid_rows1920_bf16_20260311T033442Z,indomain_clean_merged_en_es_translation_benchmark_128,projects/distillation/translation/training_data/translate_distill_pairs.eval3_indomain_clean_merged_128.jsonl,stage_a_checkpoint_sweep_greedy/eval3_indomain_clean__checkpoint-002000__greedy,false,,student,55.5242,73.7266,45.5415,70.9157,9.9827,2.8109,projects/distillation/translation/runs/translategemma4b_es_en_gemma3_1b_stagea_goldgrid_rows1920_bf16_20260311T033442Z/stage_a/checkpoint-002000,/home/x/.cache/huggingface/hub/models--google--translategemma-4b-it/snapshots/10042cb0e6e7fdce748996a71dc3dc432a4e0c89,128,projects/distillation/translation/runs/translategemma4b_es_en_gemma3_1b_stagea_goldgrid_rows1920_bf16_20260311T033442Z/stage_a_checkpoint_sweep_greedy/eval3_indomain_clean__checkpoint-002000__greedy/compare_eval_summary.json,59.5949,75.4148,,64.0000,49.7298,71.6687,,64.0000,128.0000,causal-chat,gemma_causal_lm,false,,
translategemma4b_es_en_gemma3_1b_stagea_goldgrid_rows1600_bf16_codexextend_pack06_replace10_6k_dense500_defer_studentonly_v1,indomain_clean_merged_en_es_translation_benchmark_128,projects/distillation/translation/training_data/translate_distill_pairs.eval3_indomain_clean_merged_128.jsonl,stage_a_checkpoint_sweep_greedy/eval3_indomain_clean__checkpoint-004000__greedy,false,,student,55.5104,72.7095,,,,,projects/distillation/translation/runs/translategemma4b_es_en_gemma3_1b_stagea_goldgrid_rows1600_bf16_codexextend_pack06_replace10_6k_dense500_defer_studentonly_v1/stage_a/checkpoint-004000,,128,projects/distillation/translation/runs/translategemma4b_es_en_gemma3_1b_stagea_goldgrid_rows1600_bf16_codexextend_pack06_replace10_6k_dense500_defer_studentonly_v1/stage_a_checkpoint_sweep_greedy/eval3_indomain_clean__checkpoint-004000__greedy/compare_eval_summary.json,58.7183,72.9197,,64.0000,51.4966,72.4532,,64.0000,128.0000,causal-chat,gemma_causal_lm,false,,
translategemma4b_es_en_gemma3_1b_stagea_goldgrid_rows1600_bf16_codexextend_pack06_replace10_6k_dense500_defer_studentonly_v1,indomain_clean_merged_en_es_translation_benchmark_128,projects/distillation/translation/training_data/translate_distill_pairs.eval3_indomain_clean_merged_128.jsonl,stage_a_checkpoint_sweep_greedy/eval3_indomain_clean__checkpoint-005000__greedy,false,,student,55.4955,72.5089,,,,,projects/distillation/translation/runs/translategemma4b_es_en_gemma3_1b_stagea_goldgrid_rows1600_bf16_codexextend_pack06_replace10_6k_dense500_defer_studentonly_v1/stage_a/checkpoint-005000,,128,projects/distillation/translation/runs/translategemma4b_es_en_gemma3_1b_stagea_goldgrid_rows1600_bf16_codexextend_pack06_replace10_6k_dense500_defer_studentonly_v1/stage_a_checkpoint_sweep_greedy/eval3_indomain_clean__checkpoint-005000__greedy/compare_eval_summary.json,58.5911,72.4848,,64.0000,51.6190,72.5377,,64.0000,128.0000,causal-chat,gemma_causal_lm,false,,
translategemma4b_es_en_gemma3_1b_stagea_goldgrid_rows1600_bf16_codexextend_pack06_replace10_6k_dense500_defer_studentonly_v1,indomain_clean_merged_en_es_translation_benchmark_128,projects/distillation/translation/training_data/translate_distill_pairs.eval3_indomain_clean_merged_128.jsonl,stage_a_checkpoint_sweep_greedy/eval3_indomain_clean__checkpoint-003500__greedy,false,,student,55.4758,72.3131,,,,,projects/distillation/translation/runs/translategemma4b_es_en_gemma3_1b_stagea_goldgrid_rows1600_bf16_codexextend_pack06_replace10_6k_dense500_defer_studentonly_v1/stage_a/checkpoint-003500,,128,projects/distillation/translation/runs/translategemma4b_es_en_gemma3_1b_stagea_goldgrid_rows1600_bf16_codexextend_pack06_replace10_6k_dense500_defer_studentonly_v1/stage_a_checkpoint_sweep_greedy/eval3_indomain_clean__checkpoint-003500__greedy/compare_eval_summary.json,58.9221,72.5413,,64.0000,51.1476,72.0346,,64.0000,128.0000,causal-chat,gemma_causal_lm,false,,
translategemma4b_es_en_gemma3_1b_stagea_goldgrid_rows1568_bf16_codexlow_pack04_random10_defer_studentonly_v1,indomain_clean_merged_en_es_translation_benchmark_128,projects/distillation/translation/training_data/translate_distill_pairs.eval3_indomain_clean_merged_128.jsonl,stage_a_checkpoint_sweep_greedy/eval3_indomain_clean__checkpoint-004000__greedy,false,,student,55.4039,73.1358,,,,,projects/distillation/translation/runs/translategemma4b_es_en_gemma3_1b_stagea_goldgrid_rows1568_bf16_codexlow_pack04_random10_defer_studentonly_v1/stage_a/checkpoint-004000,,128,projects/distillation/translation/runs/translategemma4b_es_en_gemma3_1b_stagea_goldgrid_rows1568_bf16_codexlow_pack04_random10_defer_studentonly_v1/stage_a_checkpoint_sweep_greedy/eval3_indomain_clean__checkpoint-004000__greedy/compare_eval_summary.json,59.2256,73.4757,,64.0000,50.5406,72.7210,,64.0000,128.0000,causal-chat,gemma_causal_lm,false,,
translategemma4b_es_en_gemma3_1b_stagea_goldgrid_rows1920_bf16_20260311T013050Z,indomain_clean_merged_en_es_translation_benchmark_128,projects/distillation/translation/training_data/translate_distill_pairs.eval3_indomain_clean_merged_128.jsonl,stage_a_checkpoint_sweep_greedy/eval3_indomain_clean__checkpoint-004000__greedy,false,,student,55.3885,73.1720,45.5415,70.9157,9.8470,2.2563,projects/distillation/translation/runs/translategemma4b_es_en_gemma3_1b_stagea_goldgrid_rows1920_bf16_20260311T013050Z/stage_a/checkpoint-004000,/home/x/.cache/huggingface/hub/models--google--translategemma-4b-it/snapshots/10042cb0e6e7fdce748996a71dc3dc432a4e0c89,128,projects/distillation/translation/runs/translategemma4b_es_en_gemma3_1b_stagea_goldgrid_rows1920_bf16_20260311T013050Z/stage_a_checkpoint_sweep_greedy/eval3_indomain_clean__checkpoint-004000__greedy/compare_eval_summary.json,58.6351,73.6039,,64.0000,51.3269,72.6461,,64.0000,128.0000,causal-chat,gemma_causal_lm,false,,
translategemma4b_es_en_gemma3_1b_stagea_goldgrid_rows1920_bf16_20260311T062002Z,indomain_clean_merged_en_es_translation_benchmark_128,projects/distillation/translation/training_data/translate_distill_pairs.eval3_indomain_clean_merged_128.jsonl,stage_a_checkpoint_sweep_greedy/eval3_indomain_clean__checkpoint-004000__greedy,false,,student,55.3247,73.1952,45.5415,70.9157,9.7832,2.2794,projects/distillation/translation/runs/translategemma4b_es_en_gemma3_1b_stagea_goldgrid_rows1920_bf16_20260311T062002Z/stage_a/checkpoint-004000,/home/x/.cache/huggingface/hub/models--google--translategemma-4b-it/snapshots/10042cb0e6e7fdce748996a71dc3dc432a4e0c89,128,projects/distillation/translation/runs/translategemma4b_es_en_gemma3_1b_stagea_goldgrid_rows1920_bf16_20260311T062002Z/stage_a_checkpoint_sweep_greedy/eval3_indomain_clean__checkpoint-004000__greedy/compare_eval_summary.json,58.5515,73.6643,,64.0000,51.2859,72.6225,,64.0000,128.0000,causal-chat,gemma_causal_lm,false,,
translategemma4b_es_en_gemma3_1b_stagea_goldgrid_rows1920_bf16_20260310T224540Z,indomain_clean_merged_en_es_translation_benchmark_128,projects/distillation/translation/training_data/translate_distill_pairs.eval3_indomain_clean_merged_128.jsonl,stage_a_checkpoint_sweep_greedy/eval3_indomain_clean__checkpoint-004000__greedy,false,,student,55.3129,72.6945,45.5415,70.9157,9.7713,1.7788,projects/distillation/translation/runs/translategemma4b_es_en_gemma3_1b_stagea_goldgrid_rows1920_bf16_20260310T224540Z/stage_a/checkpoint-004000,/home/x/.cache/huggingface/hub/models--google--translategemma-4b-it/snapshots/10042cb0e6e7fdce748996a71dc3dc432a4e0c89,128,projects/distillation/translation/runs/translategemma4b_es_en_gemma3_1b_stagea_goldgrid_rows1920_bf16_20260310T224540Z/stage_a_checkpoint_sweep_greedy/eval3_indomain_clean__checkpoint-004000__greedy/compare_eval_summary.json,58.3844,72.6637,,64.0000,51.4586,72.7318,,64.0000,128.0000,causal-chat,gemma_causal_lm,false,,
translategemma4b_es_en_gemma3_1b_stagea_goldgrid_rows1600_bf16_codexextend_pack06_replace10_6k_dense500_defer_studentonly_v1,indomain_clean_merged_en_es_translation_benchmark_128,projects/distillation/translation/training_data/translate_distill_pairs.eval3_indomain_clean_merged_128.jsonl,stage_a_checkpoint_sweep_greedy/eval3_indomain_clean__checkpoint-005500__greedy,false,,student,55.3070,72.2953,,,,,projects/distillation/translation/runs/translategemma4b_es_en_gemma3_1b_stagea_goldgrid_rows1600_bf16_codexextend_pack06_replace10_6k_dense500_defer_studentonly_v1/stage_a/checkpoint-005500,,128,projects/distillation/translation/runs/translategemma4b_es_en_gemma3_1b_stagea_goldgrid_rows1600_bf16_codexextend_pack06_replace10_6k_dense500_defer_studentonly_v1/stage_a_checkpoint_sweep_greedy/eval3_indomain_clean__checkpoint-005500__greedy/compare_eval_summary.json,58.5183,72.4505,,64.0000,51.2682,72.1056,,64.0000,128.0000,causal-chat,gemma_causal_lm,false,,
translategemma4b_es_en_gemma3_1b_stagea_goldgrid_rows1600_bf16_codexextend_pack06_replace10_6k_dense500_defer_studentonly_v1,indomain_clean_merged_en_es_translation_benchmark_128,projects/distillation/translation/training_data/translate_distill_pairs.eval3_indomain_clean_merged_128.jsonl,stage_a_checkpoint_sweep_greedy/eval3_indomain_clean__checkpoint-004500__greedy,false,,student,55.2459,72.3046,,,,,projects/distillation/translation/runs/translategemma4b_es_en_gemma3_1b_stagea_goldgrid_rows1600_bf16_codexextend_pack06_replace10_6k_dense500_defer_studentonly_v1/stage_a/checkpoint-004500,,128,projects/distillation/translation/runs/translategemma4b_es_en_gemma3_1b_stagea_goldgrid_rows1600_bf16_codexextend_pack06_replace10_6k_dense500_defer_studentonly_v1/stage_a_checkpoint_sweep_greedy/eval3_indomain_clean__checkpoint-004500__greedy/compare_eval_summary.json,58.3764,72.4252,,64.0000,51.3138,72.1573,,64.0000,128.0000,causal-chat,gemma_causal_lm,false,,
translategemma4b_es_en_gemma3_1b_stagea_goldgrid_rows1920_bf16_20260311T233133Z,indomain_clean_merged_en_es_translation_benchmark_128,projects/distillation/translation/training_data/translate_distill_pairs.eval3_indomain_clean_merged_128.jsonl,stage_a_checkpoint_sweep_greedy/eval3_indomain_clean__checkpoint-002000__greedy,false,,student,55.2411,73.1199,45.5415,70.9157,9.6995,2.2042,projects/distillation/translation/runs/translategemma4b_es_en_gemma3_1b_stagea_goldgrid_rows1920_bf16_20260311T233133Z/stage_a/checkpoint-002000,/home/x/.cache/huggingface/hub/models--google--translategemma-4b-it/snapshots/10042cb0e6e7fdce748996a71dc3dc432a4e0c89,128,projects/distillation/translation/runs/translategemma4b_es_en_gemma3_1b_stagea_goldgrid_rows1920_bf16_20260311T233133Z/stage_a_checkpoint_sweep_greedy/eval3_indomain_clean__checkpoint-002000__greedy/compare_eval_summary.json,58.6786,73.5046,,64.0000,50.5984,72.6519,,64.0000,128.0000,causal-chat,gemma_causal_lm,false,,
translategemma4b_es_en_gemma3_1b_stagea_goldgrid_rows1568_bf16_codexdense_pack06_prune10_seed42_500ckpts_v1,indomain_clean_merged_en_es_translation_benchmark_128,projects/distillation/translation/training_data/translate_distill_pairs.eval3_indomain_clean_merged_128.jsonl,stage_a_checkpoint_sweep_greedy/eval3_indomain_clean__checkpoint-003500__greedy,false,,student,55.2261,72.9102,,,,,projects/distillation/translation/runs/translategemma4b_es_en_gemma3_1b_stagea_goldgrid_rows1568_bf16_codexdense_pack06_prune10_seed42_500ckpts_v1/stage_a/checkpoint-003500,,128,projects/distillation/translation/runs/translategemma4b_es_en_gemma3_1b_stagea_goldgrid_rows1568_bf16_codexdense_pack06_prune10_seed42_500ckpts_v1/stage_a_checkpoint_sweep_greedy/eval3_indomain_clean__checkpoint-003500__greedy/compare_eval_summary.json,59.3125,74.4262,,64.0000,50.1724,71.0603,,64.0000,128.0000,causal-chat,gemma_causal_lm,false,,
translategemma4b_es_en_gemma3_1b_stagea_goldgrid_rows1920_bf16_20260311T021203Z,indomain_clean_merged_en_es_translation_benchmark_128,projects/distillation/translation/training_data/translate_distill_pairs.eval3_indomain_clean_merged_128.jsonl,stage_a_checkpoint_sweep_greedy/eval3_indomain_clean__checkpoint-004000__greedy,false,,student,55.0978,73.1663,45.5415,70.9157,9.5563,2.2506,projects/distillation/translation/runs/translategemma4b_es_en_gemma3_1b_stagea_goldgrid_rows1920_bf16_20260311T021203Z/stage_a/checkpoint-004000,/home/x/.cache/huggingface/hub/models--google--translategemma-4b-it/snapshots/10042cb0e6e7fdce748996a71dc3dc432a4e0c89,128,projects/distillation/translation/runs/translategemma4b_es_en_gemma3_1b_stagea_goldgrid_rows1920_bf16_20260311T021203Z/stage_a_checkpoint_sweep_greedy/eval3_indomain_clean__checkpoint-004000__greedy/compare_eval_summary.json,59.7529,73.9859,,64.0000,49.3284,72.1688,,64.0000,128.0000,causal-chat,gemma_causal_lm,false,,
translategemma4b_es_en_gemma3_1b_stagea_goldgrid_rows1920_bf16_20260311T200534Z,indomain_clean_merged_en_es_translation_benchmark_128,projects/distillation/translation/training_data/translate_distill_pairs.eval3_indomain_clean_merged_128.jsonl,stage_a_checkpoint_sweep_greedy/eval3_indomain_clean__checkpoint-004000__greedy,false,,student,55.0938,73.2298,45.5415,70.9157,9.5522,2.3141,projects/distillation/translation/runs/translategemma4b_es_en_gemma3_1b_stagea_goldgrid_rows1920_bf16_20260311T200534Z/stage_a/checkpoint-004000,/home/x/.cache/huggingface/hub/models--google--translategemma-4b-it/snapshots/10042cb0e6e7fdce748996a71dc3dc432a4e0c89,128,projects/distillation/translation/runs/translategemma4b_es_en_gemma3_1b_stagea_goldgrid_rows1920_bf16_20260311T200534Z/stage_a_checkpoint_sweep_greedy/eval3_indomain_clean__checkpoint-004000__greedy/compare_eval_summary.json,61.6227,75.4849,,64.0000,46.8600,70.4912,,64.0000,128.0000,causal-chat,gemma_causal_lm,false,,
translategemma4b_es_en_gemma3_1b_stagea_goldgrid_rows1920_bf16_20260311T062002Z,indomain_clean_merged_en_es_translation_benchmark_128,projects/distillation/translation/training_data/translate_distill_pairs.eval3_indomain_clean_merged_128.jsonl,stage_a_checkpoint_sweep_greedy/eval3_indomain_clean__checkpoint-002000__greedy,false,,student,55.0694,73.0372,45.5415,70.9157,9.5279,2.1215,projects/distillation/translation/runs/translategemma4b_es_en_gemma3_1b_stagea_goldgrid_rows1920_bf16_20260311T062002Z/stage_a/checkpoint-002000,/home/x/.cache/huggingface/hub/models--google--translategemma-4b-it/snapshots/10042cb0e6e7fdce748996a71dc3dc432a4e0c89,128,projects/distillation/translation/runs/translategemma4b_es_en_gemma3_1b_stagea_goldgrid_rows1920_bf16_20260311T062002Z/stage_a_checkpoint_sweep_greedy/eval3_indomain_clean__checkpoint-002000__greedy/compare_eval_summary.json,58.8109,73.4875,,64.0000,50.3841,72.4879,,64.0000,128.0000,causal-chat,gemma_causal_lm,false,,
translategemma4b_es_en_gemma3_1b_stagea_goldgrid_rows1920_bf16_20260311T053842Z,indomain_clean_merged_en_es_translation_benchmark_128,projects/distillation/translation/training_data/translate_distill_pairs.eval3_indomain_clean_merged_128.jsonl,stage_a_checkpoint_sweep_greedy/eval3_indomain_clean__checkpoint-002000__greedy,false,,student,55.0401,72.8658,45.5415,70.9157,9.4986,1.9501,projects/distillation/translation/runs/translategemma4b_es_en_gemma3_1b_stagea_goldgrid_rows1920_bf16_20260311T053842Z/stage_a/checkpoint-002000,/home/x/.cache/huggingface/hub/models--google--translategemma-4b-it/snapshots/10042cb0e6e7fdce748996a71dc3dc432a4e0c89,128,projects/distillation/translation/runs/translategemma4b_es_en_gemma3_1b_stagea_goldgrid_rows1920_bf16_20260311T053842Z/stage_a_checkpoint_sweep_greedy/eval3_indomain_clean__checkpoint-002000__greedy/compare_eval_summary.json,57.9297,72.9346,,64.0000,51.3234,72.7818,,64.0000,128.0000,causal-chat,gemma_causal_lm,false,,
translategemma4b_es_en_gemma3_1b_stagea_goldgrid_rows1568_bf16_codexpolish_pack06_prune10_ckpt3000_lr5e6_v1,indomain_clean_merged_en_es_translation_benchmark_128,projects/distillation/translation/training_data/translate_distill_pairs.eval3_indomain_clean_merged_128.jsonl,stage_a_checkpoint_sweep_greedy/eval3_indomain_clean__checkpoint-001000__greedy,false,,student,55.0160,72.9515,,,,,projects/distillation/translation/runs/translategemma4b_es_en_gemma3_1b_stagea_goldgrid_rows1568_bf16_codexpolish_pack06_prune10_ckpt3000_lr5e6_v1/stage_a/checkpoint-001000,,128,projects/distillation/translation/runs/translategemma4b_es_en_gemma3_1b_stagea_goldgrid_rows1568_bf16_codexpolish_pack06_prune10_ckpt3000_lr5e6_v1/stage_a_checkpoint_sweep_greedy/eval3_indomain_clean__checkpoint-001000__greedy/compare_eval_summary.json,59.6533,74.5271,,64.0000,49.3351,71.0328,,64.0000,128.0000,causal-chat,gemma_causal_lm,false,,
translategemma4b_es_en_gemma3_1b_stagea_goldgrid_rows1920_bf16_20260310T220428Z,indomain_clean_merged_en_es_translation_benchmark_128,projects/distillation/translation/training_data/translate_distill_pairs.eval3_indomain_clean_merged_128.jsonl,stage_a_checkpoint_sweep_greedy/eval3_indomain_clean__checkpoint-004000__greedy,false,,student,55.0061,72.0381,45.5415,70.9157,9.4646,1.1224,projects/distillation/translation/runs/translategemma4b_es_en_gemma3_1b_stagea_goldgrid_rows1920_bf16_20260310T220428Z/stage_a/checkpoint-004000,/home/x/.cache/huggingface/hub/models--google--translategemma-4b-it/snapshots/10042cb0e6e7fdce748996a71dc3dc432a4e0c89,128,projects/distillation/translation/runs/translategemma4b_es_en_gemma3_1b_stagea_goldgrid_rows1920_bf16_20260310T220428Z/stage_a_checkpoint_sweep_greedy/eval3_indomain_clean__checkpoint-004000__greedy/compare_eval_summary.json,59.2062,72.6636,,64.0000,49.7417,71.2771,,64.0000,128.0000,causal-chat,gemma_causal_lm,false,,
translategemma4b_es_en_gemma3_1b_stagea_goldgrid_rows1920_bf16_20260311T212756Z,indomain_clean_merged_en_es_translation_benchmark_128,projects/distillation/translation/training_data/translate_distill_pairs.eval3_indomain_clean_merged_128.jsonl,stage_a_checkpoint_sweep_greedy/eval3_indomain_clean__checkpoint-004000__greedy,false,,student,54.9631,73.1505,45.5415,70.9157,9.4216,2.2347,projects/distillation/translation/runs/translategemma4b_es_en_gemma3_1b_stagea_goldgrid_rows1920_bf16_20260311T212756Z/stage_a/checkpoint-004000,/home/x/.cache/huggingface/hub/models--google--translategemma-4b-it/snapshots/10042cb0e6e7fdce748996a71dc3dc432a4e0c89,128,projects/distillation/translation/runs/translategemma4b_es_en_gemma3_1b_stagea_goldgrid_rows1920_bf16_20260311T212756Z/stage_a_checkpoint_sweep_greedy/eval3_indomain_clean__checkpoint-004000__greedy/compare_eval_summary.json,59.2049,74.5371,,64.0000,49.5696,71.4569,,64.0000,128.0000,causal-chat,gemma_causal_lm,false,,
translategemma4b_es_en_gemma3_1b_stagea_goldgrid_rows1920_bf16_20260311T212756Z,indomain_clean_merged_en_es_translation_benchmark_128,projects/distillation/translation/training_data/translate_distill_pairs.eval3_indomain_clean_merged_128.jsonl,stage_a_checkpoint_sweep_greedy/eval3_indomain_clean__checkpoint-002000__greedy,false,,student,54.9282,73.1474,45.5415,70.9157,9.3866,2.2316,projects/distillation/translation/runs/translategemma4b_es_en_gemma3_1b_stagea_goldgrid_rows1920_bf16_20260311T212756Z/stage_a/checkpoint-002000,/home/x/.cache/huggingface/hub/models--google--translategemma-4b-it/snapshots/10042cb0e6e7fdce748996a71dc3dc432a4e0c89,128,projects/distillation/translation/runs/translategemma4b_es_en_gemma3_1b_stagea_goldgrid_rows1920_bf16_20260311T212756Z/stage_a_checkpoint_sweep_greedy/eval3_indomain_clean__checkpoint-002000__greedy/compare_eval_summary.json,57.4813,74.1065,,64.0000,51.5753,71.9718,,64.0000,128.0000,causal-chat,gemma_causal_lm,false,,
translategemma4b_es_en_gemma3_1b_stagea_goldgrid_rows1568_bf16_codexdense_pack06_prune10_seed42_500ckpts_v1,indomain_clean_merged_en_es_translation_benchmark_128,projects/distillation/translation/training_data/translate_distill_pairs.eval3_indomain_clean_merged_128.jsonl,stage_a_checkpoint_sweep_greedy/eval3_indomain_clean__checkpoint-003000__greedy,false,,student,54.8940,72.8595,,,,,projects/distillation/translation/runs/translategemma4b_es_en_gemma3_1b_stagea_goldgrid_rows1568_bf16_codexdense_pack06_prune10_seed42_500ckpts_v1/stage_a/checkpoint-003000,,128,projects/distillation/translation/runs/translategemma4b_es_en_gemma3_1b_stagea_goldgrid_rows1568_bf16_codexdense_pack06_prune10_seed42_500ckpts_v1/stage_a_checkpoint_sweep_greedy/eval3_indomain_clean__checkpoint-003000__greedy/compare_eval_summary.json,58.9323,74.2510,,64.0000,49.8307,71.1626,,64.0000,128.0000,causal-chat,gemma_causal_lm,false,,
translategemma4b_es_en_gemma3_1b_stagea_goldgrid_rows1568_bf16_codexlow_pack06_prune10_defer_studentonly_v2,indomain_clean_merged_en_es_translation_benchmark_128,projects/distillation/translation/training_data/translate_distill_pairs.eval3_indomain_clean_merged_128.jsonl,stage_a_checkpoint_sweep_greedy/eval3_indomain_clean__checkpoint-003000__greedy,false,,student,54.8940,72.8595,,,,,projects/distillation/translation/runs/translategemma4b_es_en_gemma3_1b_stagea_goldgrid_rows1568_bf16_codexlow_pack06_prune10_defer_studentonly_v2/stage_a/checkpoint-003000,,128,projects/distillation/translation/runs/translategemma4b_es_en_gemma3_1b_stagea_goldgrid_rows1568_bf16_codexlow_pack06_prune10_defer_studentonly_v2/stage_a_checkpoint_sweep_greedy/eval3_indomain_clean__checkpoint-003000__greedy/compare_eval_summary.json,58.9323,74.2510,,64.0000,49.8307,71.1626,,64.0000,128.0000,causal-chat,gemma_causal_lm,false,,
translategemma4b_es_en_gemma3_1b_stagea_goldgrid_rows1920_bf16_20260311T013050Z,indomain_clean_merged_en_es_translation_benchmark_128,projects/distillation/translation/training_data/translate_distill_pairs.eval3_indomain_clean_merged_128.jsonl,stage_a_checkpoint_sweep_greedy/eval3_indomain_clean__checkpoint-002000__greedy,false,,student,54.8681,72.6317,45.5415,70.9157,9.3265,1.7160,projects/distillation/translation/runs/translategemma4b_es_en_gemma3_1b_stagea_goldgrid_rows1920_bf16_20260311T013050Z/stage_a/checkpoint-002000,/home/x/.cache/huggingface/hub/models--google--translategemma-4b-it/snapshots/10042cb0e6e7fdce748996a71dc3dc432a4e0c89,128,projects/distillation/translation/runs/translategemma4b_es_en_gemma3_1b_stagea_goldgrid_rows1920_bf16_20260311T013050Z/stage_a_checkpoint_sweep_greedy/eval3_indomain_clean__checkpoint-002000__greedy/compare_eval_summary.json,58.8991,73.2116,,64.0000,49.7220,71.9275,,64.0000,128.0000,causal-chat,gemma_causal_lm,false,,
translategemma4b_es_en_gemma3_1b_stagea_goldgrid_rows1568_bf16_codexpolish_pack06_prune10_ckpt3000_lr5e6_v1,indomain_clean_merged_en_es_translation_benchmark_128,projects/distillation/translation/training_data/translate_distill_pairs.eval3_indomain_clean_merged_128.jsonl,stage_a_checkpoint_sweep_greedy/eval3_indomain_clean__checkpoint-000250__greedy,false,,student,54.8635,72.9783,,,,,projects/distillation/translation/runs/translategemma4b_es_en_gemma3_1b_stagea_goldgrid_rows1568_bf16_codexpolish_pack06_prune10_ckpt3000_lr5e6_v1/stage_a/checkpoint-000250,,128,projects/distillation/translation/runs/translategemma4b_es_en_gemma3_1b_stagea_goldgrid_rows1568_bf16_codexpolish_pack06_prune10_ckpt3000_lr5e6_v1/stage_a_checkpoint_sweep_greedy/eval3_indomain_clean__checkpoint-000250__greedy/compare_eval_summary.json,59.7290,74.7073,,64.0000,48.8977,70.8723,,64.0000,128.0000,causal-chat,gemma_causal_lm,false,,
translategemma4b_es_en_gemma3_1b_stagea_goldgrid_rows1568_bf16_codexlow_pack06_random10_defer_studentonly_v1,indomain_clean_merged_en_es_translation_benchmark_128,projects/distillation/translation/training_data/translate_distill_pairs.eval3_indomain_clean_merged_128.jsonl,stage_a_checkpoint_sweep_greedy/eval3_indomain_clean__checkpoint-002000__greedy,false,,student,54.8620,72.0181,,,,,projects/distillation/translation/runs/translategemma4b_es_en_gemma3_1b_stagea_goldgrid_rows1568_bf16_codexlow_pack06_random10_defer_studentonly_v1/stage_a/checkpoint-002000,,128,projects/distillation/translation/runs/translategemma4b_es_en_gemma3_1b_stagea_goldgrid_rows1568_bf16_codexlow_pack06_random10_defer_studentonly_v1/stage_a_checkpoint_sweep_greedy/eval3_indomain_clean__checkpoint-002000__greedy/compare_eval_summary.json,57.4255,72.3170,,64.0000,51.1147,71.6538,,64.0000,128.0000,causal-chat,gemma_causal_lm,false,,
translategemma4b_es_en_gemma3_1b_stagea_goldgrid_rows1600_bf16_codexreplace05_pack06_6k_dense500_defer_studentonly_v1,indomain_clean_merged_en_es_translation_benchmark_128,projects/distillation/translation/training_data/translate_distill_pairs.eval3_indomain_clean_merged_128.jsonl,stage_a_checkpoint_sweep_greedy/eval3_indomain_clean__checkpoint-005000__greedy,false,,student,54.8589,72.6597,,,,,projects/distillation/translation/runs/translategemma4b_es_en_gemma3_1b_stagea_goldgrid_rows1600_bf16_codexreplace05_pack06_6k_dense500_defer_studentonly_v1/stage_a/checkpoint-005000,,128,projects/distillation/translation/runs/translategemma4b_es_en_gemma3_1b_stagea_goldgrid_rows1600_bf16_codexreplace05_pack06_6k_dense500_defer_studentonly_v1/stage_a_checkpoint_sweep_greedy/eval3_indomain_clean__checkpoint-005000__greedy/compare_eval_summary.json,58.7759,73.8304,,64.0000,50.0084,71.2331,,64.0000,128.0000,causal-chat,gemma_causal_lm,false,,
translategemma4b_es_en_gemma3_1b_stagea_goldgrid_rows1568_bf16_codexseed7_pack06_prune10_defer_studentonly_v1,indomain_clean_merged_en_es_translation_benchmark_128,projects/distillation/translation/training_data/translate_distill_pairs.eval3_indomain_clean_merged_128.jsonl,stage_a_checkpoint_sweep_greedy/eval3_indomain_clean__checkpoint-002000__greedy,false,,student,54.8510,72.5965,,,,,projects/distillation/translation/runs/translategemma4b_es_en_gemma3_1b_stagea_goldgrid_rows1568_bf16_codexseed7_pack06_prune10_defer_studentonly_v1/stage_a/checkpoint-002000,,128,projects/distillation/translation/runs/translategemma4b_es_en_gemma3_1b_stagea_goldgrid_rows1568_bf16_codexseed7_pack06_prune10_defer_studentonly_v1/stage_a_checkpoint_sweep_greedy/eval3_indomain_clean__checkpoint-002000__greedy/compare_eval_summary.json,58.4450,72.9761,,64.0000,50.3336,72.1324,,64.0000,128.0000,causal-chat,gemma_causal_lm,false,,
translategemma4b_es_en_gemma3_1b_stagea_goldgrid_rows1920_bf16_20260310T212318Z,indomain_clean_merged_en_es_translation_benchmark_128,projects/distillation/translation/training_data/translate_distill_pairs.eval3_indomain_clean_merged_128.jsonl,stage_a_checkpoint_sweep_greedy/eval3_indomain_clean__checkpoint-002000__greedy,false,,student,54.8412,72.0276,45.5415,70.9157,9.2997,1.1118,projects/distillation/translation/runs/translategemma4b_es_en_gemma3_1b_stagea_goldgrid_rows1920_bf16_20260310T212318Z/stage_a/checkpoint-002000,/home/x/.cache/huggingface/hub/models--google--translategemma-4b-it/snapshots/10042cb0e6e7fdce748996a71dc3dc432a4e0c89,128,projects/distillation/translation/runs/translategemma4b_es_en_gemma3_1b_stagea_goldgrid_rows1920_bf16_20260310T212318Z/stage_a_checkpoint_sweep_greedy/eval3_indomain_clean__checkpoint-002000__greedy/compare_eval_summary.json,58.8973,72.4551,,64.0000,49.7904,71.5077,,64.0000,128.0000,causal-chat,gemma_causal_lm,false,,
translategemma4b_es_en_gemma3_1b_stagea_goldgrid_rows1600_bf16_codexreplace05_pack06_6k_dense500_defer_studentonly_v1,indomain_clean_merged_en_es_translation_benchmark_128,projects/distillation/translation/training_data/translate_distill_pairs.eval3_indomain_clean_merged_128.jsonl,stage_a_checkpoint_sweep_greedy/eval3_indomain_clean__checkpoint-005500__greedy,false,,student,54.8321,72.6736,,,,,projects/distillation/translation/runs/translategemma4b_es_en_gemma3_1b_stagea_goldgrid_rows1600_bf16_codexreplace05_pack06_6k_dense500_defer_studentonly_v1/stage_a/checkpoint-005500,,128,projects/distillation/translation/runs/translategemma4b_es_en_gemma3_1b_stagea_goldgrid_rows1600_bf16_codexreplace05_pack06_6k_dense500_defer_studentonly_v1/stage_a_checkpoint_sweep_greedy/eval3_indomain_clean__checkpoint-005500__greedy/compare_eval_summary.json,58.8082,73.8908,,64.0000,49.9100,71.1904,,64.0000,128.0000,causal-chat,gemma_causal_lm,false,,
translategemma4b_es_en_gemma3_1b_stagea_goldgrid_rows1568_bf16_codexdense_pack06_prune10_seed42_500ckpts_v1,indomain_clean_merged_en_es_translation_benchmark_128,projects/distillation/translation/training_data/translate_distill_pairs.eval3_indomain_clean_merged_128.jsonl,stage_a_checkpoint_sweep_greedy/eval3_indomain_clean__checkpoint-004000__greedy,false,,student,54.8306,72.6761,,,,,projects/distillation/translation/runs/translategemma4b_es_en_gemma3_1b_stagea_goldgrid_rows1568_bf16_codexdense_pack06_prune10_seed42_500ckpts_v1/stage_a/checkpoint-004000,,128,projects/distillation/translation/runs/translategemma4b_es_en_gemma3_1b_stagea_goldgrid_rows1568_bf16_codexdense_pack06_prune10_seed42_500ckpts_v1/stage_a_checkpoint_sweep_greedy/eval3_indomain_clean__checkpoint-004000__greedy/compare_eval_summary.json,59.1736,74.3390,,64.0000,49.4577,70.6477,,64.0000,128.0000,causal-chat,gemma_causal_lm,false,,
translategemma4b_es_en_gemma3_1b_stagea_goldgrid_rows1568_bf16_codexlow_pack06_prune10_defer_studentonly_v2,indomain_clean_merged_en_es_translation_benchmark_128,projects/distillation/translation/training_data/translate_distill_pairs.eval3_indomain_clean_merged_128.jsonl,stage_a_checkpoint_sweep_greedy/eval3_indomain_clean__checkpoint-004000__greedy,false,,student,54.8306,72.6761,,,,,projects/distillation/translation/runs/translategemma4b_es_en_gemma3_1b_stagea_goldgrid_rows1568_bf16_codexlow_pack06_prune10_defer_studentonly_v2/stage_a/checkpoint-004000,,128,projects/distillation/translation/runs/translategemma4b_es_en_gemma3_1b_stagea_goldgrid_rows1568_bf16_codexlow_pack06_prune10_defer_studentonly_v2/stage_a_checkpoint_sweep_greedy/eval3_indomain_clean__checkpoint-004000__greedy/compare_eval_summary.json,59.1736,74.3390,,64.0000,49.4577,70.6477,,64.0000,128.0000,causal-chat,gemma_causal_lm,false,,
translategemma4b_es_en_gemma3_1b_stagea_goldgrid_rows1600_bf16_codexreplace05_pack06_defer_studentonly_v1,indomain_clean_merged_en_es_translation_benchmark_128,projects/distillation/translation/training_data/translate_distill_pairs.eval3_indomain_clean_merged_128.jsonl,stage_a_checkpoint_sweep_greedy/eval3_indomain_clean__checkpoint-003500__greedy,false,,student,54.6898,72.4340,,,,,projects/distillation/translation/runs/translategemma4b_es_en_gemma3_1b_stagea_goldgrid_rows1600_bf16_codexreplace05_pack06_defer_studentonly_v1/stage_a/checkpoint-003500,,128,projects/distillation/translation/runs/translategemma4b_es_en_gemma3_1b_stagea_goldgrid_rows1600_bf16_codexreplace05_pack06_defer_studentonly_v1/stage_a_checkpoint_sweep_greedy/eval3_indomain_clean__checkpoint-003500__greedy/compare_eval_summary.json,58.5058,73.2931,,64.0000,49.9555,71.3856,,64.0000,128.0000,causal-chat,gemma_causal_lm,false,,
translategemma4b_es_en_gemma3_1b_stagea_goldgrid_rows1920_bf16_20260310T212318Z,indomain_clean_merged_en_es_translation_benchmark_128,projects/distillation/translation/training_data/translate_distill_pairs.eval3_indomain_clean_merged_128.jsonl,stage_a_checkpoint_sweep_greedy/eval3_indomain_clean__checkpoint-004000__greedy,false,,student,54.6568,72.0550,45.5415,70.9157,9.1153,1.1392,projects/distillation/translation/runs/translategemma4b_es_en_gemma3_1b_stagea_goldgrid_rows1920_bf16_20260310T212318Z/stage_a/checkpoint-004000,/home/x/.cache/huggingface/hub/models--google--translategemma-4b-it/snapshots/10042cb0e6e7fdce748996a71dc3dc432a4e0c89,128,projects/distillation/translation/runs/translategemma4b_es_en_gemma3_1b_stagea_goldgrid_rows1920_bf16_20260310T212318Z/stage_a_checkpoint_sweep_greedy/eval3_indomain_clean__checkpoint-004000__greedy/compare_eval_summary.json,58.6419,72.4101,,64.0000,49.6851,71.6228,,64.0000,128.0000,causal-chat,gemma_causal_lm,false,,
translategemma4b_es_en_gemma3_1b_stagea_goldgrid_rows1920_bf16_20260310T232655Z,indomain_clean_merged_en_es_translation_benchmark_128,projects/distillation/translation/training_data/translate_distill_pairs.eval3_indomain_clean_merged_128.jsonl,stage_a_checkpoint_sweep_greedy/eval3_indomain_clean__checkpoint-002000__greedy,false,,student,54.6398,72.8451,45.5415,70.9157,9.0983,1.9294,projects/distillation/translation/runs/translategemma4b_es_en_gemma3_1b_stagea_goldgrid_rows1920_bf16_20260310T232655Z/stage_a/checkpoint-002000,/home/x/.cache/huggingface/hub/models--google--translategemma-4b-it/snapshots/10042cb0e6e7fdce748996a71dc3dc432a4e0c89,128,projects/distillation/translation/runs/translategemma4b_es_en_gemma3_1b_stagea_goldgrid_rows1920_bf16_20260310T232655Z/stage_a_checkpoint_sweep_greedy/eval3_indomain_clean__checkpoint-002000__greedy/compare_eval_summary.json,58.7188,73.7660,,64.0000,49.2419,71.7219,,64.0000,128.0000,causal-chat,gemma_causal_lm,false,,
translategemma4b_es_en_gemma3_1b_stagea_goldgrid_rows1568_bf16_codexpolish_pack06_prune10_ckpt3000_lr5e6_v1,indomain_clean_merged_en_es_translation_benchmark_128,projects/distillation/translation/training_data/translate_distill_pairs.eval3_indomain_clean_merged_128.jsonl,stage_a_checkpoint_sweep_greedy/eval3_indomain_clean__checkpoint-000500__greedy,false,,student,54.6283,72.7976,,,,,projects/distillation/translation/runs/translategemma4b_es_en_gemma3_1b_stagea_goldgrid_rows1568_bf16_codexpolish_pack06_prune10_ckpt3000_lr5e6_v1/stage_a/checkpoint-000500,,128,projects/distillation/translation/runs/translategemma4b_es_en_gemma3_1b_stagea_goldgrid_rows1568_bf16_codexpolish_pack06_prune10_ckpt3000_lr5e6_v1/stage_a_checkpoint_sweep_greedy/eval3_indomain_clean__checkpoint-000500__greedy/compare_eval_summary.json,59.4461,74.4464,,64.0000,48.6819,70.7890,,64.0000,128.0000,causal-chat,gemma_causal_lm,false,,
translategemma4b_es_en_gemma3_1b_stagea_goldgrid_rows1920_bf16_20260311T225020Z,indomain_clean_merged_en_es_translation_benchmark_128,projects/distillation/translation/training_data/translate_distill_pairs.eval3_indomain_clean_merged_128.jsonl,stage_a_checkpoint_sweep_greedy/eval3_indomain_clean__checkpoint-002000__greedy,false,,student,54.6121,72.8522,45.5415,70.9157,9.0706,1.9365,projects/distillation/translation/runs/translategemma4b_es_en_gemma3_1b_stagea_goldgrid_rows1920_bf16_20260311T225020Z/stage_a/checkpoint-002000,/home/x/.cache/huggingface/hub/models--google--translategemma-4b-it/snapshots/10042cb0e6e7fdce748996a71dc3dc432a4e0c89,128,projects/distillation/translation/runs/translategemma4b_es_en_gemma3_1b_stagea_goldgrid_rows1920_bf16_20260311T225020Z/stage_a_checkpoint_sweep_greedy/eval3_indomain_clean__checkpoint-002000__greedy/compare_eval_summary.json,59.4177,74.3058,,64.0000,48.6203,71.0838,,64.0000,128.0000,causal-chat,gemma_causal_lm,false,,
translategemma4b_es_en_gemma3_1b_stagea_goldgrid_rows1600_bf16_codexreplace05_pack06_defer_studentonly_v1,indomain_clean_merged_en_es_translation_benchmark_128,projects/distillation/translation/training_data/translate_distill_pairs.eval3_indomain_clean_merged_128.jsonl,stage_a_checkpoint_sweep_greedy/eval3_indomain_clean__checkpoint-003000__greedy,false,,student,54.5508,72.1920,,,,,projects/distillation/translation/runs/translategemma4b_es_en_gemma3_1b_stagea_goldgrid_rows1600_bf16_codexreplace05_pack06_defer_studentonly_v1/stage_a/checkpoint-003000,,128,projects/distillation/translation/runs/translategemma4b_es_en_gemma3_1b_stagea_goldgrid_rows1600_bf16_codexreplace05_pack06_defer_studentonly_v1/stage_a_checkpoint_sweep_greedy/eval3_indomain_clean__checkpoint-003000__greedy/compare_eval_summary.json,57.7778,72.8114,,64.0000,50.5528,71.4370,,64.0000,128.0000,causal-chat,gemma_causal_lm,false,,
translategemma4b_es_en_gemma3_1b_stagea_goldgrid_rows1568_bf16_codexpolish_pack06_prune10_ckpt3000_lr5e6_v1,indomain_clean_merged_en_es_translation_benchmark_128,projects/distillation/translation/training_data/translate_distill_pairs.eval3_indomain_clean_merged_128.jsonl,stage_a_checkpoint_sweep_greedy/eval3_indomain_clean__checkpoint-000750__greedy,false,,student,54.5121,72.6505,,,,,projects/distillation/translation/runs/translategemma4b_es_en_gemma3_1b_stagea_goldgrid_rows1568_bf16_codexpolish_pack06_prune10_ckpt3000_lr5e6_v1/stage_a/checkpoint-000750,,128,projects/distillation/translation/runs/translategemma4b_es_en_gemma3_1b_stagea_goldgrid_rows1568_bf16_codexpolish_pack06_prune10_ckpt3000_lr5e6_v1/stage_a_checkpoint_sweep_greedy/eval3_indomain_clean__checkpoint-000750__greedy/compare_eval_summary.json,59.0967,74.2675,,64.0000,48.9049,70.6806,,64.0000,128.0000,causal-chat,gemma_causal_lm,false,,
translategemma4b_es_en_gemma3_1b_stagea_goldgrid_rows1568_bf16_codexdense_pack06_prune10_seed42_500ckpts_v1,indomain_clean_merged_en_es_translation_benchmark_128,projects/distillation/translation/training_data/translate_distill_pairs.eval3_indomain_clean_merged_128.jsonl,stage_a_checkpoint_sweep_greedy/eval3_indomain_clean__checkpoint-002500__greedy,false,,student,54.5042,72.6910,,,,,projects/distillation/translation/runs/translategemma4b_es_en_gemma3_1b_stagea_goldgrid_rows1568_bf16_codexdense_pack06_prune10_seed42_500ckpts_v1/stage_a/checkpoint-002500,,128,projects/distillation/translation/runs/translategemma4b_es_en_gemma3_1b_stagea_goldgrid_rows1568_bf16_codexdense_pack06_prune10_seed42_500ckpts_v1/stage_a_checkpoint_sweep_greedy/eval3_indomain_clean__checkpoint-002500__greedy/compare_eval_summary.json,59.1364,74.4207,,64.0000,48.7275,70.5822,,64.0000,128.0000,causal-chat,gemma_causal_lm,false,,
translategemma4b_es_en_gemma3_1b_stagea_goldgrid_rows1920_bf16_20260311T192425Z,indomain_clean_merged_en_es_translation_benchmark_128,projects/distillation/translation/training_data/translate_distill_pairs.eval3_indomain_clean_merged_128.jsonl,stage_a_checkpoint_sweep_greedy/eval3_indomain_clean__checkpoint-004000__greedy,false,,student,54.4935,73.6082,45.5415,70.9157,8.9520,2.6925,projects/distillation/translation/runs/translategemma4b_es_en_gemma3_1b_stagea_goldgrid_rows1920_bf16_20260311T192425Z/stage_a/checkpoint-004000,/home/x/.cache/huggingface/hub/models--google--translategemma-4b-it/snapshots/10042cb0e6e7fdce748996a71dc3dc432a4e0c89,128,projects/distillation/translation/runs/translategemma4b_es_en_gemma3_1b_stagea_goldgrid_rows1920_bf16_20260311T192425Z/stage_a_checkpoint_sweep_greedy/eval3_indomain_clean__checkpoint-004000__greedy/compare_eval_summary.json,58.3285,74.4609,,64.0000,49.6275,72.5666,,64.0000,128.0000,causal-chat,gemma_causal_lm,false,,
translategemma4b_es_en_gemma3_1b_stagea_goldgrid_rows1600_bf16_codexreplace05_pack06_6k_dense500_defer_studentonly_v1,indomain_clean_merged_en_es_translation_benchmark_128,projects/distillation/translation/training_data/translate_distill_pairs.eval3_indomain_clean_merged_128.jsonl,stage_a_checkpoint_sweep_greedy/eval3_indomain_clean__checkpoint-004500__greedy,false,,student,54.4878,72.5801,,,,,projects/distillation/translation/runs/translategemma4b_es_en_gemma3_1b_stagea_goldgrid_rows1600_bf16_codexreplace05_pack06_6k_dense500_defer_studentonly_v1/stage_a/checkpoint-004500,,128,projects/distillation/translation/runs/translategemma4b_es_en_gemma3_1b_stagea_goldgrid_rows1600_bf16_codexreplace05_pack06_6k_dense500_defer_studentonly_v1/stage_a_checkpoint_sweep_greedy/eval3_indomain_clean__checkpoint-004500__greedy/compare_eval_summary.json,58.2103,73.4763,,64.0000,49.9014,71.4890,,64.0000,128.0000,causal-chat,gemma_causal_lm,false,,
savant_student_teacher_paired_20260710,indomain_clean_merged_en_es_translation_benchmark_128,projects/distillation/translation/training_data/translate_distill_pairs.eval3_indomain_clean_merged_128.jsonl,indomain_clean_128,false,,student,54.4500,72.3516,45.4563,70.8387,8.9937,1.5129,projects/distillation/translation/runs/translategemma4b_es_en_gemma3_1b_stagea_goldgrid_rows1600_bf16_codexreplace05_pack06_defer_studentonly_v1/stage_a/checkpoint-004000,google/translategemma-4b-it,128,projects/distillation/translation/runs/savant_student_teacher_paired_20260710/indomain_clean_128/compare_eval_summary.json,57.7884,73.0159,,64.0000,50.3034,71.5408,,64.0000,128.0000,causal-chat,gemma_causal_lm,false,,
translategemma4b_es_en_gemma3_1b_stagea_goldgrid_rows1600_bf16_codexreplace05_pack06_defer_studentonly_v1,indomain_clean_merged_en_es_translation_benchmark_128,projects/distillation/translation/training_data/translate_distill_pairs.eval3_indomain_clean_merged_128.jsonl,stage_a_checkpoint_sweep_greedy/eval3_indomain_clean__checkpoint-004000__greedy,false,,student,54.4500,72.3516,,,,,projects/distillation/translation/runs/translategemma4b_es_en_gemma3_1b_stagea_goldgrid_rows1600_bf16_codexreplace05_pack06_defer_studentonly_v1/stage_a/checkpoint-004000,,128,projects/distillation/translation/runs/translategemma4b_es_en_gemma3_1b_stagea_goldgrid_rows1600_bf16_codexreplace05_pack06_defer_studentonly_v1/stage_a_checkpoint_sweep_greedy/eval3_indomain_clean__checkpoint-004000__greedy/compare_eval_summary.json,57.7884,73.0159,,64.0000,50.3034,71.5408,,64.0000,128.0000,causal-chat,gemma_causal_lm,false,,
translategemma4b_es_en_gemma3_1b_stagea_goldgrid_rows1920_bf16_20260311T070121Z,indomain_clean_merged_en_es_translation_benchmark_128,projects/distillation/translation/training_data/translate_distill_pairs.eval3_indomain_clean_merged_128.jsonl,stage_a_checkpoint_sweep_greedy/eval3_indomain_clean__checkpoint-004000__greedy,false,,student,54.4294,72.6889,45.5415,70.9157,8.8878,1.7732,projects/distillation/translation/runs/translategemma4b_es_en_gemma3_1b_stagea_goldgrid_rows1920_bf16_20260311T070121Z/stage_a/checkpoint-004000,/home/x/.cache/huggingface/hub/models--google--translategemma-4b-it/snapshots/10042cb0e6e7fdce748996a71dc3dc432a4e0c89,128,projects/distillation/translation/runs/translategemma4b_es_en_gemma3_1b_stagea_goldgrid_rows1920_bf16_20260311T070121Z/stage_a_checkpoint_sweep_greedy/eval3_indomain_clean__checkpoint-004000__greedy/compare_eval_summary.json,57.9466,72.9355,,64.0000,49.5439,72.3888,,64.0000,128.0000,causal-chat,gemma_causal_lm,false,,
translategemma4b_es_en_gemma3_1b_stagea_goldgrid_rows1568_bf16_codexseed7_pack06_prune10_defer_studentonly_v1,indomain_clean_merged_en_es_translation_benchmark_128,projects/distillation/translation/training_data/translate_distill_pairs.eval3_indomain_clean_merged_128.jsonl,stage_a_checkpoint_sweep_greedy/eval3_indomain_clean__checkpoint-003000__greedy,false,,student,54.4194,72.5802,,,,,projects/distillation/translation/runs/translategemma4b_es_en_gemma3_1b_stagea_goldgrid_rows1568_bf16_codexseed7_pack06_prune10_defer_studentonly_v1/stage_a/checkpoint-003000,,128,projects/distillation/translation/runs/translategemma4b_es_en_gemma3_1b_stagea_goldgrid_rows1568_bf16_codexseed7_pack06_prune10_defer_studentonly_v1/stage_a_checkpoint_sweep_greedy/eval3_indomain_clean__checkpoint-003000__greedy/compare_eval_summary.json,57.6643,72.7810,,64.0000,50.3213,72.3344,,64.0000,128.0000,causal-chat,gemma_causal_lm,false,,
translategemma4b_es_en_gemma3_1b_stagea_goldgrid_rows1920_bf16_20260311T041600Z,indomain_clean_merged_en_es_translation_benchmark_128,projects/distillation/translation/training_data/translate_distill_pairs.eval3_indomain_clean_merged_128.jsonl,stage_a_checkpoint_sweep_greedy/eval3_indomain_clean__checkpoint-002000__greedy,false,,student,54.4095,71.9534,45.5415,70.9157,8.8680,1.0377,projects/distillation/translation/runs/translategemma4b_es_en_gemma3_1b_stagea_goldgrid_rows1920_bf16_20260311T041600Z/stage_a/checkpoint-002000,/home/x/.cache/huggingface/hub/models--google--translategemma-4b-it/snapshots/10042cb0e6e7fdce748996a71dc3dc432a4e0c89,128,projects/distillation/translation/runs/translategemma4b_es_en_gemma3_1b_stagea_goldgrid_rows1920_bf16_20260311T041600Z/stage_a_checkpoint_sweep_greedy/eval3_indomain_clean__checkpoint-002000__greedy/compare_eval_summary.json,57.4090,71.8026,,64.0000,49.9650,72.1354,,64.0000,128.0000,causal-chat,gemma_causal_lm,false,,
translategemma4b_es_en_gemma3_1b_stagea_goldgrid_rows1920_bf16_20260311T200534Z,indomain_clean_merged_en_es_translation_benchmark_128,projects/distillation/translation/training_data/translate_distill_pairs.eval3_indomain_clean_merged_128.jsonl,stage_a_checkpoint_sweep_greedy/eval3_indomain_clean__checkpoint-002000__greedy,false,,student,54.3861,73.1030,45.5415,70.9157,8.8445,2.1873,projects/distillation/translation/runs/translategemma4b_es_en_gemma3_1b_stagea_goldgrid_rows1920_bf16_20260311T200534Z/stage_a/checkpoint-002000,/home/x/.cache/huggingface/hub/models--google--translategemma-4b-it/snapshots/10042cb0e6e7fdce748996a71dc3dc432a4e0c89,128,projects/distillation/translation/runs/translategemma4b_es_en_gemma3_1b_stagea_goldgrid_rows1920_bf16_20260311T200534Z/stage_a_checkpoint_sweep_greedy/eval3_indomain_clean__checkpoint-002000__greedy/compare_eval_summary.json,61.2116,75.7592,,64.0000,46.0240,69.8821,,64.0000,128.0000,causal-chat,gemma_causal_lm,false,,
translategemma4b_es_en_gemma3_1b_stagea_goldgrid_rows1600_bf16_codexlow_pack06_replace10c_hfcacheauth_v1,indomain_clean_merged_en_es_translation_benchmark_128,projects/distillation/translation/training_data/translate_distill_pairs.eval3_indomain_clean_merged_128.jsonl,stage_a_checkpoint_sweep_greedy_studentonly/eval3_indomain_clean__checkpoint-003000__greedy,false,,student,54.3783,72.1257,,,,,projects/distillation/translation/runs/translategemma4b_es_en_gemma3_1b_stagea_goldgrid_rows1600_bf16_codexlow_pack06_replace10c_hfcacheauth_v1/stage_a/checkpoint-003000,,128,projects/distillation/translation/runs/translategemma4b_es_en_gemma3_1b_stagea_goldgrid_rows1600_bf16_codexlow_pack06_replace10c_hfcacheauth_v1/stage_a_checkpoint_sweep_greedy_studentonly/eval3_indomain_clean__checkpoint-003000__greedy/compare_eval_summary.json,58.9541,73.2260,,64.0000,48.6861,70.7850,,64.0000,128.0000,causal-chat,gemma_causal_lm,false,,
translategemma4b_es_en_gemma3_1b_stagea_goldgrid_rows1920_bf16_20260311T033442Z,indomain_clean_merged_en_es_translation_benchmark_128,projects/distillation/translation/training_data/translate_distill_pairs.eval3_indomain_clean_merged_128.jsonl,stage_a_checkpoint_sweep_greedy/eval3_indomain_clean__checkpoint-004000__greedy,false,,student,54.3753,73.2525,45.5415,70.9157,8.8337,2.3368,projects/distillation/translation/runs/translategemma4b_es_en_gemma3_1b_stagea_goldgrid_rows1920_bf16_20260311T033442Z/stage_a/checkpoint-004000,/home/x/.cache/huggingface/hub/models--google--translategemma-4b-it/snapshots/10042cb0e6e7fdce748996a71dc3dc432a4e0c89,128,projects/distillation/translation/runs/translategemma4b_es_en_gemma3_1b_stagea_goldgrid_rows1920_bf16_20260311T033442Z/stage_a_checkpoint_sweep_greedy/eval3_indomain_clean__checkpoint-004000__greedy/compare_eval_summary.json,57.6569,73.8818,,64.0000,50.2854,72.4849,,64.0000,128.0000,causal-chat,gemma_causal_lm,false,,
translategemma4b_es_en_gemma3_1b_stagea_goldgrid_rows1600_bf16_codexreplace05_pack06_defer_studentonly_v1,indomain_clean_merged_en_es_translation_benchmark_128,projects/distillation/translation/training_data/translate_distill_pairs.eval3_indomain_clean_merged_128.jsonl,stage_a_checkpoint_sweep_greedy/eval3_indomain_clean__checkpoint-002500__greedy,false,,student,54.3705,72.3898,,,,,projects/distillation/translation/runs/translategemma4b_es_en_gemma3_1b_stagea_goldgrid_rows1600_bf16_codexreplace05_pack06_defer_studentonly_v1/stage_a/checkpoint-002500,,128,projects/distillation/translation/runs/translategemma4b_es_en_gemma3_1b_stagea_goldgrid_rows1600_bf16_codexreplace05_pack06_defer_studentonly_v1/stage_a_checkpoint_sweep_greedy/eval3_indomain_clean__checkpoint-002500__greedy/compare_eval_summary.json,57.4598,73.2195,,64.0000,50.5095,71.3764,,64.0000,128.0000,causal-chat,gemma_causal_lm,false,,
translategemma4b_es_en_gemma3_1b_stagea_goldgrid_rows1600_bf16_codexreplace05_pack06_6k_dense500_defer_studentonly_v1,indomain_clean_merged_en_es_translation_benchmark_128,projects/distillation/translation/training_data/translate_distill_pairs.eval3_indomain_clean_merged_128.jsonl,stage_a_checkpoint_sweep_greedy/eval3_indomain_clean__checkpoint-006000__greedy,false,,student,54.3076,72.3743,,,,,projects/distillation/translation/runs/translategemma4b_es_en_gemma3_1b_stagea_goldgrid_rows1600_bf16_codexreplace05_pack06_6k_dense500_defer_studentonly_v1/stage_a/checkpoint-006000,,128,projects/distillation/translation/runs/translategemma4b_es_en_gemma3_1b_stagea_goldgrid_rows1600_bf16_codexreplace05_pack06_6k_dense500_defer_studentonly_v1/stage_a_checkpoint_sweep_greedy/eval3_indomain_clean__checkpoint-006000__greedy/compare_eval_summary.json,58.8249,73.9026,,64.0000,48.7298,70.5129,,64.0000,128.0000,causal-chat,gemma_causal_lm,false,,
translategemma4b_es_en_gemma3_1b_stagea_goldgrid_rows1600_bf16_codexreplace05_pack06_ckpt4000_lr5e6_1k_dense250_v1,indomain_clean_merged_en_es_translation_benchmark_128,projects/distillation/translation/training_data/translate_distill_pairs.eval3_indomain_clean_merged_128.jsonl,stage_a_checkpoint_sweep_greedy/eval3_indomain_clean__checkpoint-000500__greedy,false,,student,54.3043,72.3526,,,,,projects/distillation/translation/runs/translategemma4b_es_en_gemma3_1b_stagea_goldgrid_rows1600_bf16_codexreplace05_pack06_ckpt4000_lr5e6_1k_dense250_v1/stage_a/checkpoint-000500,,128,projects/distillation/translation/runs/translategemma4b_es_en_gemma3_1b_stagea_goldgrid_rows1600_bf16_codexreplace05_pack06_ckpt4000_lr5e6_1k_dense250_v1/stage_a_checkpoint_sweep_greedy/eval3_indomain_clean__checkpoint-000500__greedy/compare_eval_summary.json,57.8858,73.1636,,64.0000,49.8897,71.3647,,64.0000,128.0000,causal-chat,gemma_causal_lm,false,,
translategemma4b_es_en_gemma3_1b_stagea_goldgrid_rows1920_bf16_20260311T053842Z,indomain_clean_merged_en_es_translation_benchmark_128,projects/distillation/translation/training_data/translate_distill_pairs.eval3_indomain_clean_merged_128.jsonl,stage_a_checkpoint_sweep_greedy/eval3_indomain_clean__checkpoint-004000__greedy,false,,student,54.2923,72.5946,45.5415,70.9157,8.7508,1.6789,projects/distillation/translation/runs/translategemma4b_es_en_gemma3_1b_stagea_goldgrid_rows1920_bf16_20260311T053842Z/stage_a/checkpoint-004000,/home/x/.cache/huggingface/hub/models--google--translategemma-4b-it/snapshots/10042cb0e6e7fdce748996a71dc3dc432a4e0c89,128,projects/distillation/translation/runs/translategemma4b_es_en_gemma3_1b_stagea_goldgrid_rows1920_bf16_20260311T053842Z/stage_a_checkpoint_sweep_greedy/eval3_indomain_clean__checkpoint-004000__greedy/compare_eval_summary.json,59.1621,73.6617,,64.0000,48.1605,71.2936,,64.0000,128.0000,causal-chat,gemma_causal_lm,false,,
translategemma4b_es_en_gemma3_1b_stagea_goldgrid_rows1600_bf16_codexreplace05_pack06_ckpt4000_lr5e6_1k_dense250_v1,indomain_clean_merged_en_es_translation_benchmark_128,projects/distillation/translation/training_data/translate_distill_pairs.eval3_indomain_clean_merged_128.jsonl,stage_a_checkpoint_sweep_greedy/eval3_indomain_clean__checkpoint-000750__greedy,false,,student,54.2740,72.1731,,,,,projects/distillation/translation/runs/translategemma4b_es_en_gemma3_1b_stagea_goldgrid_rows1600_bf16_codexreplace05_pack06_ckpt4000_lr5e6_1k_dense250_v1/stage_a/checkpoint-000750,,128,projects/distillation/translation/runs/translategemma4b_es_en_gemma3_1b_stagea_goldgrid_rows1600_bf16_codexreplace05_pack06_ckpt4000_lr5e6_1k_dense250_v1/stage_a_checkpoint_sweep_greedy/eval3_indomain_clean__checkpoint-000750__greedy/compare_eval_summary.json,57.7924,72.8777,,64.0000,49.9477,71.3147,,64.0000,128.0000,causal-chat,gemma_causal_lm,false,,
translategemma4b_es_en_gemma3_1b_stagea_goldgrid_rows1600_bf16_codexreplace05_pack06_6k_dense500_defer_studentonly_v1,indomain_clean_merged_en_es_translation_benchmark_128,projects/distillation/translation/training_data/translate_distill_pairs.eval3_indomain_clean_merged_128.jsonl,stage_a_checkpoint_sweep_greedy/eval3_indomain_clean__checkpoint-004000__greedy,false,,student,54.2246,72.4098,,,,,projects/distillation/translation/runs/translategemma4b_es_en_gemma3_1b_stagea_goldgrid_rows1600_bf16_codexreplace05_pack06_6k_dense500_defer_studentonly_v1/stage_a/checkpoint-004000,,128,projects/distillation/translation/runs/translategemma4b_es_en_gemma3_1b_stagea_goldgrid_rows1600_bf16_codexreplace05_pack06_6k_dense500_defer_studentonly_v1/stage_a_checkpoint_sweep_greedy/eval3_indomain_clean__checkpoint-004000__greedy/compare_eval_summary.json,58.2487,73.5740,,64.0000,49.2398,70.9910,,64.0000,128.0000,causal-chat,gemma_causal_lm,false,,
translategemma4b_es_en_gemma3_1b_stagea_goldgrid_rows1920_bf16_20260311T070121Z,indomain_clean_merged_en_es_translation_benchmark_128,projects/distillation/translation/training_data/translate_distill_pairs.eval3_indomain_clean_merged_128.jsonl,stage_a_checkpoint_sweep_greedy/eval3_indomain_clean__checkpoint-002000__greedy,false,,student,54.2158,72.7988,45.5415,70.9157,8.6743,1.8831,projects/distillation/translation/runs/translategemma4b_es_en_gemma3_1b_stagea_goldgrid_rows1920_bf16_20260311T070121Z/stage_a/checkpoint-002000,/home/x/.cache/huggingface/hub/models--google--translategemma-4b-it/snapshots/10042cb0e6e7fdce748996a71dc3dc432a4e0c89,128,projects/distillation/translation/runs/translategemma4b_es_en_gemma3_1b_stagea_goldgrid_rows1920_bf16_20260311T070121Z/stage_a_checkpoint_sweep_greedy/eval3_indomain_clean__checkpoint-002000__greedy/compare_eval_summary.json,59.8248,74.2723,,64.0000,46.0919,71.0150,,64.0000,128.0000,causal-chat,gemma_causal_lm,false,,
translategemma4b_es_en_gemma3_1b_stagea_goldgrid_rows1600_bf16_codexreplace05_pack06_ckpt4000_lr5e6_1k_dense250_v1,indomain_clean_merged_en_es_translation_benchmark_128,projects/distillation/translation/training_data/translate_distill_pairs.eval3_indomain_clean_merged_128.jsonl,stage_a_checkpoint_sweep_greedy/eval3_indomain_clean__checkpoint-000250__greedy,false,,student,54.2064,72.2358,,,,,projects/distillation/translation/runs/translategemma4b_es_en_gemma3_1b_stagea_goldgrid_rows1600_bf16_codexreplace05_pack06_ckpt4000_lr5e6_1k_dense250_v1/stage_a/checkpoint-000250,,128,projects/distillation/translation/runs/translategemma4b_es_en_gemma3_1b_stagea_goldgrid_rows1600_bf16_codexreplace05_pack06_ckpt4000_lr5e6_1k_dense250_v1/stage_a_checkpoint_sweep_greedy/eval3_indomain_clean__checkpoint-000250__greedy/compare_eval_summary.json,58.0267,73.0413,,64.0000,49.4952,71.2541,,64.0000,128.0000,causal-chat,gemma_causal_lm,false,,
translategemma4b_es_en_gemma3_1b_stagea_goldgrid_rows1920_bf16_20260310T220428Z,indomain_clean_merged_en_es_translation_benchmark_128,projects/distillation/translation/training_data/translate_distill_pairs.eval3_indomain_clean_merged_128.jsonl,stage_a_checkpoint_sweep_greedy/eval3_indomain_clean__checkpoint-002000__greedy,false,,student,54.1942,71.4519,45.5415,70.9157,8.6527,0.5361,projects/distillation/translation/runs/translategemma4b_es_en_gemma3_1b_stagea_goldgrid_rows1920_bf16_20260310T220428Z/stage_a/checkpoint-002000,/home/x/.cache/huggingface/hub/models--google--translategemma-4b-it/snapshots/10042cb0e6e7fdce748996a71dc3dc432a4e0c89,128,projects/distillation/translation/runs/translategemma4b_es_en_gemma3_1b_stagea_goldgrid_rows1920_bf16_20260310T220428Z/stage_a_checkpoint_sweep_greedy/eval3_indomain_clean__checkpoint-002000__greedy/compare_eval_summary.json,56.0480,70.8934,,64.0000,51.8220,72.1317,,64.0000,128.0000,causal-chat,gemma_causal_lm,false,,
translategemma4b_es_en_gemma3_1b_stagea_goldgrid_rows1920_bf16_20260311T000816Z,indomain_clean_merged_en_es_translation_benchmark_128,projects/distillation/translation/training_data/translate_distill_pairs.eval3_indomain_clean_merged_128.jsonl,stage_a_checkpoint_sweep_greedy/eval3_indomain_clean__checkpoint-004000__greedy,false,,student,54.1700,72.4159,45.5415,70.9157,8.6285,1.5002,projects/distillation/translation/runs/translategemma4b_es_en_gemma3_1b_stagea_goldgrid_rows1920_bf16_20260311T000816Z/stage_a/checkpoint-004000,/home/x/.cache/huggingface/hub/models--google--translategemma-4b-it/snapshots/10042cb0e6e7fdce748996a71dc3dc432a4e0c89,128,projects/distillation/translation/runs/translategemma4b_es_en_gemma3_1b_stagea_goldgrid_rows1920_bf16_20260311T000816Z/stage_a_checkpoint_sweep_greedy/eval3_indomain_clean__checkpoint-004000__greedy/compare_eval_summary.json,57.4100,73.3014,,64.0000,49.8605,71.3362,,64.0000,128.0000,causal-chat,gemma_causal_lm,false,,
translategemma4b_es_en_gemma3_1b_stagea_goldgrid_rows1920_bf16_20260311T045717Z,indomain_clean_merged_en_es_translation_benchmark_128,projects/distillation/translation/training_data/translate_distill_pairs.eval3_indomain_clean_merged_128.jsonl,stage_a_checkpoint_sweep_greedy/eval3_indomain_clean__checkpoint-004000__greedy,false,,student,54.1583,72.4966,45.5415,70.9157,8.6168,1.5808,projects/distillation/translation/runs/translategemma4b_es_en_gemma3_1b_stagea_goldgrid_rows1920_bf16_20260311T045717Z/stage_a/checkpoint-004000,/home/x/.cache/huggingface/hub/models--google--translategemma-4b-it/snapshots/10042cb0e6e7fdce748996a71dc3dc432a4e0c89,128,projects/distillation/translation/runs/translategemma4b_es_en_gemma3_1b_stagea_goldgrid_rows1920_bf16_20260311T045717Z/stage_a_checkpoint_sweep_greedy/eval3_indomain_clean__checkpoint-004000__greedy/compare_eval_summary.json,58.5219,73.3533,,64.0000,48.7190,71.4549,,64.0000,128.0000,causal-chat,gemma_causal_lm,false,,
translategemma4b_es_en_gemma3_1b_stagea_goldgrid_rows1920_bf16_codexblend_pack06r10_pack08_v1,indomain_clean_merged_en_es_translation_benchmark_128,projects/distillation/translation/training_data/translate_distill_pairs.eval3_indomain_clean_merged_128.jsonl,stage_a_checkpoint_sweep_greedy_studentonly/eval3_indomain_clean__checkpoint-004000__greedy,false,,student,54.1449,73.2081,,,,,projects/distillation/translation/runs/translategemma4b_es_en_gemma3_1b_stagea_goldgrid_rows1920_bf16_codexblend_pack06r10_pack08_v1/stage_a/checkpoint-004000,,128,projects/distillation/translation/runs/translategemma4b_es_en_gemma3_1b_stagea_goldgrid_rows1920_bf16_codexblend_pack06r10_pack08_v1/stage_a_checkpoint_sweep_greedy_studentonly/eval3_indomain_clean__checkpoint-004000__greedy/compare_eval_summary.json,58.0973,74.5097,,64.0000,49.0742,71.6198,,64.0000,128.0000,causal-chat,gemma_causal_lm,false,,
translategemma4b_es_en_gemma3_1b_stagea_goldgrid_rows1920_bf16_20260310T232655Z,indomain_clean_merged_en_es_translation_benchmark_128,projects/distillation/translation/training_data/translate_distill_pairs.eval3_indomain_clean_merged_128.jsonl,stage_a_checkpoint_sweep_greedy/eval3_indomain_clean__checkpoint-004000__greedy,false,,student,54.1434,73.1685,45.5415,70.9157,8.6019,2.2528,projects/distillation/translation/runs/translategemma4b_es_en_gemma3_1b_stagea_goldgrid_rows1920_bf16_20260310T232655Z/stage_a/checkpoint-004000,/home/x/.cache/huggingface/hub/models--google--translategemma-4b-it/snapshots/10042cb0e6e7fdce748996a71dc3dc432a4e0c89,128,projects/distillation/translation/runs/translategemma4b_es_en_gemma3_1b_stagea_goldgrid_rows1920_bf16_20260310T232655Z/stage_a_checkpoint_sweep_greedy/eval3_indomain_clean__checkpoint-004000__greedy/compare_eval_summary.json,58.8366,74.6165,,64.0000,48.3536,71.4031,,64.0000,128.0000,causal-chat,gemma_causal_lm,false,,
translategemma4b_es_en_gemma3_1b_stagea_goldgrid_rows1600_bf16_codexreplace05_pack06_ckpt4000_lr5e6_1k_dense250_v1,indomain_clean_merged_en_es_translation_benchmark_128,projects/distillation/translation/training_data/translate_distill_pairs.eval3_indomain_clean_merged_128.jsonl,stage_a_checkpoint_sweep_greedy/eval3_indomain_clean__checkpoint-001000__greedy,false,,student,54.1300,72.2997,,,,,projects/distillation/translation/runs/translategemma4b_es_en_gemma3_1b_stagea_goldgrid_rows1600_bf16_codexreplace05_pack06_ckpt4000_lr5e6_1k_dense250_v1/stage_a/checkpoint-001000,,128,projects/distillation/translation/runs/translategemma4b_es_en_gemma3_1b_stagea_goldgrid_rows1600_bf16_codexreplace05_pack06_ckpt4000_lr5e6_1k_dense250_v1/stage_a_checkpoint_sweep_greedy/eval3_indomain_clean__checkpoint-001000__greedy/compare_eval_summary.json,57.6470,73.0731,,64.0000,49.7710,71.3566,,64.0000,128.0000,causal-chat,gemma_causal_lm,false,,
translategemma4b_es_en_gemma3_1b_stagea_goldgrid_rows1584_bf16_codexprune05_pack06_defer_studentonly_v1,indomain_clean_merged_en_es_translation_benchmark_128,projects/distillation/translation/training_data/translate_distill_pairs.eval3_indomain_clean_merged_128.jsonl,stage_a_checkpoint_sweep_greedy/eval3_indomain_clean__checkpoint-003000__greedy,false,,student,54.1297,72.9128,,,,,projects/distillation/translation/runs/translategemma4b_es_en_gemma3_1b_stagea_goldgrid_rows1584_bf16_codexprune05_pack06_defer_studentonly_v1/stage_a/checkpoint-003000,,128,projects/distillation/translation/runs/translategemma4b_es_en_gemma3_1b_stagea_goldgrid_rows1584_bf16_codexprune05_pack06_defer_studentonly_v1/stage_a_checkpoint_sweep_greedy/eval3_indomain_clean__checkpoint-003000__greedy/compare_eval_summary.json,59.4351,74.6577,,64.0000,47.5239,70.7814,,64.0000,128.0000,causal-chat,gemma_causal_lm,false,,
translategemma4b_es_en_gemma3_1b_stagea_goldgrid_rows1600_bf16_codexreplace05_pack06_6k_dense500_defer_studentonly_v1,indomain_clean_merged_en_es_translation_benchmark_128,projects/distillation/translation/training_data/translate_distill_pairs.eval3_indomain_clean_merged_128.jsonl,stage_a_checkpoint_sweep_greedy/eval3_indomain_clean__checkpoint-003500__greedy,false,,student,54.1295,72.0003,,,,,projects/distillation/translation/runs/translategemma4b_es_en_gemma3_1b_stagea_goldgrid_rows1600_bf16_codexreplace05_pack06_6k_dense500_defer_studentonly_v1/stage_a/checkpoint-003500,,128,projects/distillation/translation/runs/translategemma4b_es_en_gemma3_1b_stagea_goldgrid_rows1600_bf16_codexreplace05_pack06_6k_dense500_defer_studentonly_v1/stage_a_checkpoint_sweep_greedy/eval3_indomain_clean__checkpoint-003500__greedy/compare_eval_summary.json,59.0711,73.8321,,64.0000,48.0109,69.7682,,64.0000,128.0000,causal-chat,gemma_causal_lm,false,,
translategemma4b_es_en_gemma3_1b_stagea_goldgrid_rows1568_bf16_codexlow_pack04_prune10_studentonly_v1,indomain_clean_merged_en_es_translation_benchmark_128,projects/distillation/translation/training_data/translate_distill_pairs.eval3_indomain_clean_merged_128.jsonl,stage_a_checkpoint_sweep_greedy/eval3_indomain_clean__checkpoint-002000__greedy,false,,student,54.0721,71.7052,,,,,projects/distillation/translation/runs/translategemma4b_es_en_gemma3_1b_stagea_goldgrid_rows1568_bf16_codexlow_pack04_prune10_studentonly_v1/stage_a/checkpoint-002000,,128,projects/distillation/translation/runs/translategemma4b_es_en_gemma3_1b_stagea_goldgrid_rows1568_bf16_codexlow_pack04_prune10_studentonly_v1/stage_a_checkpoint_sweep_greedy/eval3_indomain_clean__checkpoint-002000__greedy/compare_eval_summary.json,57.6421,72.4292,,64.0000,49.6366,70.8221,,64.0000,128.0000,causal-chat,gemma_causal_lm,false,,
translategemma4b_es_en_gemma3_1b_stagea_goldgrid_rows1600_bf16_codexreplace05_pack06_6k_dense500_defer_studentonly_v1,indomain_clean_merged_en_es_translation_benchmark_128,projects/distillation/translation/training_data/translate_distill_pairs.eval3_indomain_clean_merged_128.jsonl,stage_a_checkpoint_sweep_greedy/eval3_indomain_clean__checkpoint-003000__greedy,false,,student,54.0575,71.9575,,,,,projects/distillation/translation/runs/translategemma4b_es_en_gemma3_1b_stagea_goldgrid_rows1600_bf16_codexreplace05_pack06_6k_dense500_defer_studentonly_v1/stage_a/checkpoint-003000,,128,projects/distillation/translation/runs/translategemma4b_es_en_gemma3_1b_stagea_goldgrid_rows1600_bf16_codexreplace05_pack06_6k_dense500_defer_studentonly_v1/stage_a_checkpoint_sweep_greedy/eval3_indomain_clean__checkpoint-003000__greedy/compare_eval_summary.json,59.4427,73.8241,,64.0000,47.4269,69.6858,,64.0000,128.0000,causal-chat,gemma_causal_lm,false,,
translategemma4b_es_en_gemma3_1b_stagea_goldgrid_rows1600_bf16_codexlow_pack04_replace10_defer_studentonly_v1,indomain_clean_merged_en_es_translation_benchmark_128,projects/distillation/translation/training_data/translate_distill_pairs.eval3_indomain_clean_merged_128.jsonl,stage_a_checkpoint_sweep_greedy/eval3_indomain_clean__checkpoint-004000__greedy,false,,student,54.0417,72.0529,,,,,projects/distillation/translation/runs/translategemma4b_es_en_gemma3_1b_stagea_goldgrid_rows1600_bf16_codexlow_pack04_replace10_defer_studentonly_v1/stage_a/checkpoint-004000,,128,projects/distillation/translation/runs/translategemma4b_es_en_gemma3_1b_stagea_goldgrid_rows1600_bf16_codexlow_pack04_replace10_defer_studentonly_v1/stage_a_checkpoint_sweep_greedy/eval3_indomain_clean__checkpoint-004000__greedy/compare_eval_summary.json,57.9651,72.9581,,64.0000,48.9321,70.9525,,64.0000,128.0000,causal-chat,gemma_causal_lm,false,,
translategemma4b_es_en_gemma3_1b_stagea_goldgrid_rows1600_bf16_codexlow_pack04_replace10_studentonly_v1,indomain_clean_merged_en_es_translation_benchmark_128,projects/distillation/translation/training_data/translate_distill_pairs.eval3_indomain_clean_merged_128.jsonl,stage_a_checkpoint_sweep_greedy/eval3_indomain_clean__checkpoint-004000__greedy,false,,student,54.0417,72.0529,,,,,projects/distillation/translation/runs/translategemma4b_es_en_gemma3_1b_stagea_goldgrid_rows1600_bf16_codexlow_pack04_replace10_studentonly_v1/stage_a/checkpoint-004000,,128,projects/distillation/translation/runs/translategemma4b_es_en_gemma3_1b_stagea_goldgrid_rows1600_bf16_codexlow_pack04_replace10_studentonly_v1/stage_a_checkpoint_sweep_greedy/eval3_indomain_clean__checkpoint-004000__greedy/compare_eval_summary.json,57.9651,72.9581,,64.0000,48.9321,70.9525,,64.0000,128.0000,causal-chat,gemma_causal_lm,false,,
translategemma4b_es_en_gemma3_1b_stagea_goldgrid_rows1568_bf16_codexlow_pack04_prune10_studentonly_v1,indomain_clean_merged_en_es_translation_benchmark_128,projects/distillation/translation/training_data/translate_distill_pairs.eval3_indomain_clean_merged_128.jsonl,stage_a_checkpoint_sweep_greedy/eval3_indomain_clean__checkpoint-004000__greedy,false,,student,54.0130,72.2760,,,,,projects/distillation/translation/runs/translategemma4b_es_en_gemma3_1b_stagea_goldgrid_rows1568_bf16_codexlow_pack04_prune10_studentonly_v1/stage_a/checkpoint-004000,,128,projects/distillation/translation/runs/translategemma4b_es_en_gemma3_1b_stagea_goldgrid_rows1568_bf16_codexlow_pack04_prune10_studentonly_v1/stage_a_checkpoint_sweep_greedy/eval3_indomain_clean__checkpoint-004000__greedy/compare_eval_summary.json,57.9770,73.1963,,64.0000,48.9841,71.1516,,64.0000,128.0000,causal-chat,gemma_causal_lm,false,,
translategemma4b_es_en_gemma3_1b_stagea_goldgrid_rows1600_bf16_codexlow_pack06_replace10c_hfcacheauth_v1,indomain_clean_merged_en_es_translation_benchmark_128,projects/distillation/translation/training_data/translate_distill_pairs.eval3_indomain_clean_merged_128.jsonl,stage_a_checkpoint_sweep_greedy_studentonly/eval3_indomain_clean__checkpoint-004000__greedy,false,,student,53.9959,72.0120,,,,,projects/distillation/translation/runs/translategemma4b_es_en_gemma3_1b_stagea_goldgrid_rows1600_bf16_codexlow_pack06_replace10c_hfcacheauth_v1/stage_a/checkpoint-004000,,128,projects/distillation/translation/runs/translategemma4b_es_en_gemma3_1b_stagea_goldgrid_rows1600_bf16_codexlow_pack06_replace10c_hfcacheauth_v1/stage_a_checkpoint_sweep_greedy_studentonly/eval3_indomain_clean__checkpoint-004000__greedy/compare_eval_summary.json,58.3754,73.0000,,64.0000,48.5449,70.8079,,64.0000,128.0000,causal-chat,gemma_causal_lm,false,,
translategemma4b_es_en_gemma3_1b_stagea_goldgrid_rows1600_bf16_codexlow_pack06_replace10c_hfcacheauth_v1,indomain_clean_merged_en_es_translation_benchmark_128,projects/distillation/translation/training_data/translate_distill_pairs.eval3_indomain_clean_merged_128.jsonl,student_only_eval_final/eval3_indomain_clean,false,,student,53.9959,72.0120,,,,,projects/distillation/translation/runs/translategemma4b_es_en_gemma3_1b_stagea_goldgrid_rows1600_bf16_codexlow_pack06_replace10c_hfcacheauth_v1/final,,128,projects/distillation/translation/runs/translategemma4b_es_en_gemma3_1b_stagea_goldgrid_rows1600_bf16_codexlow_pack06_replace10c_hfcacheauth_v1/student_only_eval_final/eval3_indomain_clean/compare_eval_summary.json,58.3754,73.0000,,64.0000,48.5449,70.8079,,64.0000,128.0000,causal-chat,gemma_causal_lm,false,,
translategemma4b_es_en_gemma3_1b_stagea_goldgrid_rows1568_bf16_codexseed7_pack06_prune10_defer_studentonly_v1,indomain_clean_merged_en_es_translation_benchmark_128,projects/distillation/translation/training_data/translate_distill_pairs.eval3_indomain_clean_merged_128.jsonl,stage_a_checkpoint_sweep_greedy/eval3_indomain_clean__checkpoint-004000__greedy,false,,student,53.9366,72.3539,,,,,projects/distillation/translation/runs/translategemma4b_es_en_gemma3_1b_stagea_goldgrid_rows1568_bf16_codexseed7_pack06_prune10_defer_studentonly_v1/stage_a/checkpoint-004000,,128,projects/distillation/translation/runs/translategemma4b_es_en_gemma3_1b_stagea_goldgrid_rows1568_bf16_codexseed7_pack06_prune10_defer_studentonly_v1/stage_a_checkpoint_sweep_greedy/eval3_indomain_clean__checkpoint-004000__greedy/compare_eval_summary.json,57.5216,72.9116,,64.0000,49.3922,71.6711,,64.0000,128.0000,causal-chat,gemma_causal_lm,false,,
translategemma4b_es_en_gemma3_1b_stagea_goldgrid_rows1600_bf16_codexlow_pack04_replace10_defer_studentonly_v1,indomain_clean_merged_en_es_translation_benchmark_128,projects/distillation/translation/training_data/translate_distill_pairs.eval3_indomain_clean_merged_128.jsonl,stage_a_checkpoint_sweep_greedy/eval3_indomain_clean__checkpoint-003000__greedy,false,,student,53.8952,72.1599,,,,,projects/distillation/translation/runs/translategemma4b_es_en_gemma3_1b_stagea_goldgrid_rows1600_bf16_codexlow_pack04_replace10_defer_studentonly_v1/stage_a/checkpoint-003000,,128,projects/distillation/translation/runs/translategemma4b_es_en_gemma3_1b_stagea_goldgrid_rows1600_bf16_codexlow_pack04_replace10_defer_studentonly_v1/stage_a_checkpoint_sweep_greedy/eval3_indomain_clean__checkpoint-003000__greedy/compare_eval_summary.json,58.0000,73.2225,,64.0000,48.8079,70.8666,,64.0000,128.0000,causal-chat,gemma_causal_lm,false,,
translategemma4b_es_en_gemma3_1b_stagea_goldgrid_rows1600_bf16_codexlow_pack04_replace10_studentonly_v1,indomain_clean_merged_en_es_translation_benchmark_128,projects/distillation/translation/training_data/translate_distill_pairs.eval3_indomain_clean_merged_128.jsonl,stage_a_checkpoint_sweep_greedy/eval3_indomain_clean__checkpoint-003000__greedy,false,,student,53.8952,72.1599,,,,,projects/distillation/translation/runs/translategemma4b_es_en_gemma3_1b_stagea_goldgrid_rows1600_bf16_codexlow_pack04_replace10_studentonly_v1/stage_a/checkpoint-003000,,128,projects/distillation/translation/runs/translategemma4b_es_en_gemma3_1b_stagea_goldgrid_rows1600_bf16_codexlow_pack04_replace10_studentonly_v1/stage_a_checkpoint_sweep_greedy/eval3_indomain_clean__checkpoint-003000__greedy/compare_eval_summary.json,58.0000,73.2225,,64.0000,48.8079,70.8666,,64.0000,128.0000,causal-chat,gemma_causal_lm,false,,
translategemma4b_es_en_gemma3_1b_stagea_goldgrid_rows1920_bf16_20260311T025326Z,indomain_clean_merged_en_es_translation_benchmark_128,projects/distillation/translation/training_data/translate_distill_pairs.eval3_indomain_clean_merged_128.jsonl,stage_a_checkpoint_sweep_greedy/eval3_indomain_clean__checkpoint-002000__greedy,false,,student,53.8880,72.5125,45.5415,70.9157,8.3465,1.5968,projects/distillation/translation/runs/translategemma4b_es_en_gemma3_1b_stagea_goldgrid_rows1920_bf16_20260311T025326Z/stage_a/checkpoint-002000,/home/x/.cache/huggingface/hub/models--google--translategemma-4b-it/snapshots/10042cb0e6e7fdce748996a71dc3dc432a4e0c89,128,projects/distillation/translation/runs/translategemma4b_es_en_gemma3_1b_stagea_goldgrid_rows1920_bf16_20260311T025326Z/stage_a_checkpoint_sweep_greedy/eval3_indomain_clean__checkpoint-002000__greedy/compare_eval_summary.json,57.9404,73.4695,,64.0000,48.8389,71.3469,,64.0000,128.0000,causal-chat,gemma_causal_lm,false,,
translategemma4b_es_en_gemma3_1b_stagea_goldgrid_rows1568_bf16_codexlow_pack04_prune10_studentonly_v1,indomain_clean_merged_en_es_translation_benchmark_128,projects/distillation/translation/training_data/translate_distill_pairs.eval3_indomain_clean_merged_128.jsonl,stage_a_checkpoint_sweep_greedy/eval3_indomain_clean__checkpoint-003000__greedy,false,,student,53.8786,71.9535,,,,,projects/distillation/translation/runs/translategemma4b_es_en_gemma3_1b_stagea_goldgrid_rows1568_bf16_codexlow_pack04_prune10_studentonly_v1/stage_a/checkpoint-003000,,128,projects/distillation/translation/runs/translategemma4b_es_en_gemma3_1b_stagea_goldgrid_rows1568_bf16_codexlow_pack04_prune10_studentonly_v1/stage_a_checkpoint_sweep_greedy/eval3_indomain_clean__checkpoint-003000__greedy/compare_eval_summary.json,57.6232,72.7184,,64.0000,49.1566,71.0200,,64.0000,128.0000,causal-chat,gemma_causal_lm,false,,
translategemma4b_es_en_gemma3_1b_stagea_goldgrid_rows1584_bf16_codexprune05_pack06_defer_studentonly_v1,indomain_clean_merged_en_es_translation_benchmark_128,projects/distillation/translation/training_data/translate_distill_pairs.eval3_indomain_clean_merged_128.jsonl,stage_a_checkpoint_sweep_greedy/eval3_indomain_clean__checkpoint-003500__greedy,false,,student,53.8487,72.6181,,,,,projects/distillation/translation/runs/translategemma4b_es_en_gemma3_1b_stagea_goldgrid_rows1584_bf16_codexprune05_pack06_defer_studentonly_v1/stage_a/checkpoint-003500,,128,projects/distillation/translation/runs/translategemma4b_es_en_gemma3_1b_stagea_goldgrid_rows1584_bf16_codexprune05_pack06_defer_studentonly_v1/stage_a_checkpoint_sweep_greedy/eval3_indomain_clean__checkpoint-003500__greedy/compare_eval_summary.json,59.1265,74.3426,,64.0000,47.2708,70.5124,,64.0000,128.0000,causal-chat,gemma_causal_lm,false,,
translategemma4b_es_en_gemma3_1b_stagea_goldgrid_rows1920_bf16_20260311T000816Z,indomain_clean_merged_en_es_translation_benchmark_128,projects/distillation/translation/training_data/translate_distill_pairs.eval3_indomain_clean_merged_128.jsonl,stage_a_checkpoint_sweep_greedy/eval3_indomain_clean__checkpoint-002000__greedy,false,,student,53.8396,72.1891,45.5415,70.9157,8.2980,1.2734,projects/distillation/translation/runs/translategemma4b_es_en_gemma3_1b_stagea_goldgrid_rows1920_bf16_20260311T000816Z/stage_a/checkpoint-002000,/home/x/.cache/huggingface/hub/models--google--translategemma-4b-it/snapshots/10042cb0e6e7fdce748996a71dc3dc432a4e0c89,128,projects/distillation/translation/runs/translategemma4b_es_en_gemma3_1b_stagea_goldgrid_rows1920_bf16_20260311T000816Z/stage_a_checkpoint_sweep_greedy/eval3_indomain_clean__checkpoint-002000__greedy/compare_eval_summary.json,55.2421,71.9622,,64.0000,51.8774,72.4666,,64.0000,128.0000,causal-chat,gemma_causal_lm,false,,
translategemma4b_es_en_gemma3_1b_stagea_goldgrid_rows1568_bf16_codexlow_pack06_random10_defer_studentonly_v1,indomain_clean_merged_en_es_translation_benchmark_128,projects/distillation/translation/training_data/translate_distill_pairs.eval3_indomain_clean_merged_128.jsonl,stage_a_checkpoint_sweep_greedy/eval3_indomain_clean__checkpoint-004000__greedy,false,,student,53.7752,72.0253,,,,,projects/distillation/translation/runs/translategemma4b_es_en_gemma3_1b_stagea_goldgrid_rows1568_bf16_codexlow_pack06_random10_defer_studentonly_v1/stage_a/checkpoint-004000,,128,projects/distillation/translation/runs/translategemma4b_es_en_gemma3_1b_stagea_goldgrid_rows1568_bf16_codexlow_pack06_random10_defer_studentonly_v1/stage_a_checkpoint_sweep_greedy/eval3_indomain_clean__checkpoint-004000__greedy/compare_eval_summary.json,56.9948,72.8369,,64.0000,49.6704,71.0329,,64.0000,128.0000,causal-chat,gemma_causal_lm,false,,
translategemma4b_es_en_gemma3_1b_stagea_goldgrid_rows1568_bf16_codexlow_pack04_prune10_studentonly_v1,indomain_clean_merged_en_es_translation_benchmark_128,projects/distillation/translation/training_data/translate_distill_pairs.eval3_indomain_clean_merged_128.jsonl,stage_a_checkpoint_sweep_greedy/eval3_indomain_clean__checkpoint-001000__greedy,false,,student,53.7705,71.4232,,,,,projects/distillation/translation/runs/translategemma4b_es_en_gemma3_1b_stagea_goldgrid_rows1568_bf16_codexlow_pack04_prune10_studentonly_v1/stage_a/checkpoint-001000,,128,projects/distillation/translation/runs/translategemma4b_es_en_gemma3_1b_stagea_goldgrid_rows1568_bf16_codexlow_pack04_prune10_studentonly_v1/stage_a_checkpoint_sweep_greedy/eval3_indomain_clean__checkpoint-001000__greedy/compare_eval_summary.json,58.1424,72.8235,,64.0000,48.3359,69.7156,,64.0000,128.0000,causal-chat,gemma_causal_lm,false,,
translategemma4b_es_en_gemma3_1b_stagea_goldgrid_rows1600_bf16_codexlow_pack06_replace10c_hfcacheauth_v1,indomain_clean_merged_en_es_translation_benchmark_128,projects/distillation/translation/training_data/translate_distill_pairs.eval3_indomain_clean_merged_128.jsonl,stage_a_checkpoint_sweep_greedy_studentonly/eval3_indomain_clean__checkpoint-002000__greedy,false,,student,53.7327,71.7627,,,,,projects/distillation/translation/runs/translategemma4b_es_en_gemma3_1b_stagea_goldgrid_rows1600_bf16_codexlow_pack06_replace10c_hfcacheauth_v1/stage_a/checkpoint-002000,,128,projects/distillation/translation/runs/translategemma4b_es_en_gemma3_1b_stagea_goldgrid_rows1600_bf16_codexlow_pack06_replace10c_hfcacheauth_v1/stage_a_checkpoint_sweep_greedy_studentonly/eval3_indomain_clean__checkpoint-002000__greedy/compare_eval_summary.json,59.0433,73.0985,,64.0000,47.2774,70.1394,,64.0000,128.0000,causal-chat,gemma_causal_lm,false,,
translategemma4b_es_en_gemma3_1b_stagea_goldgrid_rows1920_bf16_20260311T204640Z,indomain_clean_merged_en_es_translation_benchmark_128,projects/distillation/translation/training_data/translate_distill_pairs.eval3_indomain_clean_merged_128.jsonl,stage_a_checkpoint_sweep_greedy/eval3_indomain_clean__checkpoint-004000__greedy,false,,student,53.7266,73.0382,45.5415,70.9157,8.1851,2.1225,projects/distillation/translation/runs/translategemma4b_es_en_gemma3_1b_stagea_goldgrid_rows1920_bf16_20260311T204640Z/stage_a/checkpoint-004000,/home/x/.cache/huggingface/hub/models--google--translategemma-4b-it/snapshots/10042cb0e6e7fdce748996a71dc3dc432a4e0c89,128,projects/distillation/translation/runs/translategemma4b_es_en_gemma3_1b_stagea_goldgrid_rows1920_bf16_20260311T204640Z/stage_a_checkpoint_sweep_greedy/eval3_indomain_clean__checkpoint-004000__greedy/compare_eval_summary.json,57.4909,74.3301,,64.0000,48.9088,71.4605,,64.0000,128.0000,causal-chat,gemma_causal_lm,false,,
translategemma4b_es_en_gemma3_1b_stagea_goldgrid_rows1584_bf16_codexprune05_pack06_defer_studentonly_v1,indomain_clean_merged_en_es_translation_benchmark_128,projects/distillation/translation/training_data/translate_distill_pairs.eval3_indomain_clean_merged_128.jsonl,stage_a_checkpoint_sweep_greedy/eval3_indomain_clean__checkpoint-002500__greedy,false,,student,53.6874,72.5294,,,,,projects/distillation/translation/runs/translategemma4b_es_en_gemma3_1b_stagea_goldgrid_rows1584_bf16_codexprune05_pack06_defer_studentonly_v1/stage_a/checkpoint-002500,,128,projects/distillation/translation/runs/translategemma4b_es_en_gemma3_1b_stagea_goldgrid_rows1584_bf16_codexprune05_pack06_defer_studentonly_v1/stage_a_checkpoint_sweep_greedy/eval3_indomain_clean__checkpoint-002500__greedy/compare_eval_summary.json,58.8228,73.9149,,64.0000,47.3413,70.8409,,64.0000,128.0000,causal-chat,gemma_causal_lm,false,,
translategemma4b_es_en_gemma3_1b_stagea_goldgrid_rows1568_bf16_codexlow_pack04_random10_defer_studentonly_v1,indomain_clean_merged_en_es_translation_benchmark_128,projects/distillation/translation/training_data/translate_distill_pairs.eval3_indomain_clean_merged_128.jsonl,stage_a_checkpoint_sweep_greedy/eval3_indomain_clean__checkpoint-001000__greedy,false,,student,53.6515,71.7670,,,,,projects/distillation/translation/runs/translategemma4b_es_en_gemma3_1b_stagea_goldgrid_rows1568_bf16_codexlow_pack04_random10_defer_studentonly_v1/stage_a/checkpoint-001000,,128,projects/distillation/translation/runs/translategemma4b_es_en_gemma3_1b_stagea_goldgrid_rows1568_bf16_codexlow_pack04_random10_defer_studentonly_v1/stage_a_checkpoint_sweep_greedy/eval3_indomain_clean__checkpoint-001000__greedy/compare_eval_summary.json,55.9532,71.4780,,64.0000,50.7311,72.1193,,64.0000,128.0000,causal-chat,gemma_causal_lm,false,,
translategemma4b_es_en_gemma3_1b_stagea_goldgrid_rows1920_bf16_20260311T220906Z,indomain_clean_merged_en_es_translation_benchmark_128,projects/distillation/translation/training_data/translate_distill_pairs.eval3_indomain_clean_merged_128.jsonl,stage_a_checkpoint_sweep_greedy/eval3_indomain_clean__checkpoint-004000__greedy,false,,student,53.6478,72.3394,45.5415,70.9157,8.1063,1.4237,projects/distillation/translation/runs/translategemma4b_es_en_gemma3_1b_stagea_goldgrid_rows1920_bf16_20260311T220906Z/stage_a/checkpoint-004000,/home/x/.cache/huggingface/hub/models--google--translategemma-4b-it/snapshots/10042cb0e6e7fdce748996a71dc3dc432a4e0c89,128,projects/distillation/translation/runs/translategemma4b_es_en_gemma3_1b_stagea_goldgrid_rows1920_bf16_20260311T220906Z/stage_a_checkpoint_sweep_greedy/eval3_indomain_clean__checkpoint-004000__greedy/compare_eval_summary.json,56.3511,71.9828,,64.0000,50.1537,72.7705,,64.0000,128.0000,causal-chat,gemma_causal_lm,false,,
translategemma4b_es_en_gemma3_1b_stagea_goldgrid_rows1920_bf16_20260311T041600Z,indomain_clean_merged_en_es_translation_benchmark_128,projects/distillation/translation/training_data/translate_distill_pairs.eval3_indomain_clean_merged_128.jsonl,stage_a_checkpoint_sweep_greedy/eval3_indomain_clean__checkpoint-004000__greedy,false,,student,53.6174,72.2637,45.5415,70.9157,8.0759,1.3480,projects/distillation/translation/runs/translategemma4b_es_en_gemma3_1b_stagea_goldgrid_rows1920_bf16_20260311T041600Z/stage_a/checkpoint-004000,/home/x/.cache/huggingface/hub/models--google--translategemma-4b-it/snapshots/10042cb0e6e7fdce748996a71dc3dc432a4e0c89,128,projects/distillation/translation/runs/translategemma4b_es_en_gemma3_1b_stagea_goldgrid_rows1920_bf16_20260311T041600Z/stage_a_checkpoint_sweep_greedy/eval3_indomain_clean__checkpoint-004000__greedy/compare_eval_summary.json,58.2226,72.8856,,64.0000,47.9919,71.5085,,64.0000,128.0000,causal-chat,gemma_causal_lm,false,,
translategemma4b_es_en_gemma3_1b_stagea_goldgrid_rows1584_bf16_codexprune05_pack06_defer_studentonly_v1,indomain_clean_merged_en_es_translation_benchmark_128,projects/distillation/translation/training_data/translate_distill_pairs.eval3_indomain_clean_merged_128.jsonl,stage_a_checkpoint_sweep_greedy/eval3_indomain_clean__checkpoint-004000__greedy,false,,student,53.6171,72.5355,,,,,projects/distillation/translation/runs/translategemma4b_es_en_gemma3_1b_stagea_goldgrid_rows1584_bf16_codexprune05_pack06_defer_studentonly_v1/stage_a/checkpoint-004000,,128,projects/distillation/translation/runs/translategemma4b_es_en_gemma3_1b_stagea_goldgrid_rows1584_bf16_codexprune05_pack06_defer_studentonly_v1/stage_a_checkpoint_sweep_greedy/eval3_indomain_clean__checkpoint-004000__greedy/compare_eval_summary.json,58.6610,74.0003,,64.0000,47.3320,70.7476,,64.0000,128.0000,causal-chat,gemma_causal_lm,false,,
translategemma4b_es_en_gemma3_1b_stagea_goldgrid_rows1920_bf16_20260310T192822Z,indomain_clean_merged_en_es_translation_benchmark_128,projects/distillation/translation/training_data/translate_distill_pairs.eval3_indomain_clean_merged_128.jsonl,stage_a_checkpoint_sweep_greedy/eval3_indomain_clean__checkpoint-004000__greedy,false,,student,53.6107,72.5728,45.5415,70.9157,8.0692,1.6571,projects/distillation/translation/runs/translategemma4b_es_en_gemma3_1b_stagea_goldgrid_rows1920_bf16_20260310T192822Z/stage_a/checkpoint-004000,/home/x/.cache/huggingface/hub/models--google--translategemma-4b-it/snapshots/10042cb0e6e7fdce748996a71dc3dc432a4e0c89,128,projects/distillation/translation/runs/translategemma4b_es_en_gemma3_1b_stagea_goldgrid_rows1920_bf16_20260310T192822Z/stage_a_checkpoint_sweep_greedy/eval3_indomain_clean__checkpoint-004000__greedy/compare_eval_summary.json,56.9498,73.6198,,64.0000,49.5939,71.3007,,64.0000,128.0000,causal-chat,gemma_causal_lm,false,,
translategemma4b_es_en_gemma3_1b_stagea_goldgrid_rows1568_bf16_codexlow_pack06_random10_defer_studentonly_v1,indomain_clean_merged_en_es_translation_benchmark_128,projects/distillation/translation/training_data/translate_distill_pairs.eval3_indomain_clean_merged_128.jsonl,stage_a_checkpoint_sweep_greedy/eval3_indomain_clean__checkpoint-003000__greedy,false,,student,53.6045,71.8561,,,,,projects/distillation/translation/runs/translategemma4b_es_en_gemma3_1b_stagea_goldgrid_rows1568_bf16_codexlow_pack06_random10_defer_studentonly_v1/stage_a/checkpoint-003000,,128,projects/distillation/translation/runs/translategemma4b_es_en_gemma3_1b_stagea_goldgrid_rows1568_bf16_codexlow_pack06_random10_defer_studentonly_v1/stage_a_checkpoint_sweep_greedy/eval3_indomain_clean__checkpoint-003000__greedy/compare_eval_summary.json,56.8365,72.7181,,64.0000,49.4547,70.8037,,64.0000,128.0000,causal-chat,gemma_causal_lm,false,,
translategemma4b_es_en_gemma3_1b_stagea_goldgrid_rows1920_bf16_20260311T021203Z,indomain_clean_merged_en_es_translation_benchmark_128,projects/distillation/translation/training_data/translate_distill_pairs.eval3_indomain_clean_merged_128.jsonl,stage_a_checkpoint_sweep_greedy/eval3_indomain_clean__checkpoint-002000__greedy,false,,student,53.5783,72.4079,45.5415,70.9157,8.0368,1.4922,projects/distillation/translation/runs/translategemma4b_es_en_gemma3_1b_stagea_goldgrid_rows1920_bf16_20260311T021203Z/stage_a/checkpoint-002000,/home/x/.cache/huggingface/hub/models--google--translategemma-4b-it/snapshots/10042cb0e6e7fdce748996a71dc3dc432a4e0c89,128,projects/distillation/translation/runs/translategemma4b_es_en_gemma3_1b_stagea_goldgrid_rows1920_bf16_20260311T021203Z/stage_a_checkpoint_sweep_greedy/eval3_indomain_clean__checkpoint-002000__greedy/compare_eval_summary.json,58.0106,73.2769,,64.0000,48.1440,71.3534,,64.0000,128.0000,causal-chat,gemma_causal_lm,false,,
translategemma4b_es_en_gemma3_1b_stagea_goldgrid_rows1920_bf16_20260310T203554Z,indomain_clean_merged_en_es_translation_benchmark_128,projects/distillation/translation/training_data/translate_distill_pairs.eval3_indomain_clean_merged_128.jsonl,stage_a_checkpoint_sweep_greedy/eval3_indomain_clean__checkpoint-004000__greedy,false,,student,53.5193,72.7240,45.5415,70.9157,7.9778,1.8082,projects/distillation/translation/runs/translategemma4b_es_en_gemma3_1b_stagea_goldgrid_rows1920_bf16_20260310T203554Z/stage_a/checkpoint-004000,/home/x/.cache/huggingface/hub/models--google--translategemma-4b-it/snapshots/10042cb0e6e7fdce748996a71dc3dc432a4e0c89,128,projects/distillation/translation/runs/translategemma4b_es_en_gemma3_1b_stagea_goldgrid_rows1920_bf16_20260310T203554Z/stage_a_checkpoint_sweep_greedy/eval3_indomain_clean__checkpoint-004000__greedy/compare_eval_summary.json,58.1268,74.0744,,64.0000,47.8325,71.0784,,64.0000,128.0000,causal-chat,gemma_causal_lm,false,,
translategemma4b_es_en_gemma3_1b_stagea_goldgrid_rows1600_bf16_codexlow_pack04_replace10_defer_studentonly_v1,indomain_clean_merged_en_es_translation_benchmark_128,projects/distillation/translation/training_data/translate_distill_pairs.eval3_indomain_clean_merged_128.jsonl,stage_a_checkpoint_sweep_greedy/eval3_indomain_clean__checkpoint-001000__greedy,false,,student,53.4706,71.1539,,,,,projects/distillation/translation/runs/translategemma4b_es_en_gemma3_1b_stagea_goldgrid_rows1600_bf16_codexlow_pack04_replace10_defer_studentonly_v1/stage_a/checkpoint-001000,,128,projects/distillation/translation/runs/translategemma4b_es_en_gemma3_1b_stagea_goldgrid_rows1600_bf16_codexlow_pack04_replace10_defer_studentonly_v1/stage_a_checkpoint_sweep_greedy/eval3_indomain_clean__checkpoint-001000__greedy/compare_eval_summary.json,54.7875,71.2272,,64.0000,50.9741,71.0647,,64.0000,128.0000,causal-chat,gemma_causal_lm,false,,
translategemma4b_es_en_gemma3_1b_stagea_goldgrid_rows1600_bf16_codexlow_pack04_replace10_studentonly_v1,indomain_clean_merged_en_es_translation_benchmark_128,projects/distillation/translation/training_data/translate_distill_pairs.eval3_indomain_clean_merged_128.jsonl,stage_a_checkpoint_sweep_greedy/eval3_indomain_clean__checkpoint-001000__greedy,false,,student,53.4706,71.1539,,,,,projects/distillation/translation/runs/translategemma4b_es_en_gemma3_1b_stagea_goldgrid_rows1600_bf16_codexlow_pack04_replace10_studentonly_v1/stage_a/checkpoint-001000,,128,projects/distillation/translation/runs/translategemma4b_es_en_gemma3_1b_stagea_goldgrid_rows1600_bf16_codexlow_pack04_replace10_studentonly_v1/stage_a_checkpoint_sweep_greedy/eval3_indomain_clean__checkpoint-001000__greedy/compare_eval_summary.json,54.7875,71.2272,,64.0000,50.9741,71.0647,,64.0000,128.0000,causal-chat,gemma_causal_lm,false,,
translategemma4b_es_en_gemma3_1b_stagea_goldgrid_rows1920_bf16_codexblend_pack06r10_pack08_v1,indomain_clean_merged_en_es_translation_benchmark_128,projects/distillation/translation/training_data/translate_distill_pairs.eval3_indomain_clean_merged_128.jsonl,stage_a_checkpoint_sweep_greedy_studentonly/eval3_indomain_clean__checkpoint-003000__greedy,false,,student,53.4517,72.9742,,,,,projects/distillation/translation/runs/translategemma4b_es_en_gemma3_1b_stagea_goldgrid_rows1920_bf16_codexblend_pack06r10_pack08_v1/stage_a/checkpoint-003000,,128,projects/distillation/translation/runs/translategemma4b_es_en_gemma3_1b_stagea_goldgrid_rows1920_bf16_codexblend_pack06r10_pack08_v1/stage_a_checkpoint_sweep_greedy_studentonly/eval3_indomain_clean__checkpoint-003000__greedy/compare_eval_summary.json,56.9975,73.9935,,64.0000,48.9259,71.7304,,64.0000,128.0000,causal-chat,gemma_causal_lm,false,,
translategemma4b_es_en_gemma3_1b_stagea_goldgrid_rows1920_bf16_20260310T203554Z,indomain_clean_merged_en_es_translation_benchmark_128,projects/distillation/translation/training_data/translate_distill_pairs.eval3_indomain_clean_merged_128.jsonl,stage_a_checkpoint_sweep_greedy/eval3_indomain_clean__checkpoint-002000__greedy,false,,student,53.4297,72.6389,45.5415,70.9157,7.8882,1.7232,projects/distillation/translation/runs/translategemma4b_es_en_gemma3_1b_stagea_goldgrid_rows1920_bf16_20260310T203554Z/stage_a/checkpoint-002000,/home/x/.cache/huggingface/hub/models--google--translategemma-4b-it/snapshots/10042cb0e6e7fdce748996a71dc3dc432a4e0c89,128,projects/distillation/translation/runs/translategemma4b_es_en_gemma3_1b_stagea_goldgrid_rows1920_bf16_20260310T203554Z/stage_a_checkpoint_sweep_greedy/eval3_indomain_clean__checkpoint-002000__greedy/compare_eval_summary.json,57.5412,73.5826,,64.0000,48.2697,71.4868,,64.0000,128.0000,causal-chat,gemma_causal_lm,false,,
translategemma4b_es_en_gemma3_1b_stagea_goldgrid_rows1568_bf16_codexseed7_pack06_prune10_defer_studentonly_v1,indomain_clean_merged_en_es_translation_benchmark_128,projects/distillation/translation/training_data/translate_distill_pairs.eval3_indomain_clean_merged_128.jsonl,stage_a_checkpoint_sweep_greedy/eval3_indomain_clean__checkpoint-001000__greedy,false,,student,53.3759,72.2088,,,,,projects/distillation/translation/runs/translategemma4b_es_en_gemma3_1b_stagea_goldgrid_rows1568_bf16_codexseed7_pack06_prune10_defer_studentonly_v1/stage_a/checkpoint-001000,,128,projects/distillation/translation/runs/translategemma4b_es_en_gemma3_1b_stagea_goldgrid_rows1568_bf16_codexseed7_pack06_prune10_defer_studentonly_v1/stage_a_checkpoint_sweep_greedy/eval3_indomain_clean__checkpoint-001000__greedy/compare_eval_summary.json,55.1894,72.7280,,64.0000,49.6395,71.5765,,64.0000,128.0000,causal-chat,gemma_causal_lm,false,,
translategemma4b_es_en_gemma3_1b_stagea_goldgrid_rows1920_bf16_20260311T180127Z,indomain_clean_merged_en_es_translation_benchmark_128,projects/distillation/translation/training_data/translate_distill_pairs.eval3_indomain_clean_merged_128.jsonl,stage_a_checkpoint_sweep_greedy/eval3_indomain_clean__checkpoint-002000__greedy,false,,student,53.3460,72.1676,45.5415,70.9157,7.8044,1.2519,projects/distillation/translation/runs/translategemma4b_es_en_gemma3_1b_stagea_goldgrid_rows1920_bf16_20260311T180127Z/stage_a/checkpoint-002000,/home/x/.cache/huggingface/hub/models--google--translategemma-4b-it/snapshots/10042cb0e6e7fdce748996a71dc3dc432a4e0c89,128,projects/distillation/translation/runs/translategemma4b_es_en_gemma3_1b_stagea_goldgrid_rows1920_bf16_20260311T180127Z/stage_a_checkpoint_sweep_greedy/eval3_indomain_clean__checkpoint-002000__greedy/compare_eval_summary.json,56.4273,72.5800,,64.0000,49.3120,71.6636,,64.0000,128.0000,causal-chat,gemma_causal_lm,false,,
translategemma4b_es_en_gemma3_1b_stagea_goldgrid_rows1600_bf16_codexlow_pack04_replace10_defer_studentonly_v1,indomain_clean_merged_en_es_translation_benchmark_128,projects/distillation/translation/training_data/translate_distill_pairs.eval3_indomain_clean_merged_128.jsonl,stage_a_checkpoint_sweep_greedy/eval3_indomain_clean__checkpoint-002000__greedy,false,,student,53.3348,71.6585,,,,,projects/distillation/translation/runs/translategemma4b_es_en_gemma3_1b_stagea_goldgrid_rows1600_bf16_codexlow_pack04_replace10_defer_studentonly_v1/stage_a/checkpoint-002000,,128,projects/distillation/translation/runs/translategemma4b_es_en_gemma3_1b_stagea_goldgrid_rows1600_bf16_codexlow_pack04_replace10_defer_studentonly_v1/stage_a_checkpoint_sweep_greedy/eval3_indomain_clean__checkpoint-002000__greedy/compare_eval_summary.json,58.3885,73.2136,,64.0000,47.0733,69.7652,,64.0000,128.0000,causal-chat,gemma_causal_lm,false,,
translategemma4b_es_en_gemma3_1b_stagea_goldgrid_rows1600_bf16_codexlow_pack04_replace10_studentonly_v1,indomain_clean_merged_en_es_translation_benchmark_128,projects/distillation/translation/training_data/translate_distill_pairs.eval3_indomain_clean_merged_128.jsonl,stage_a_checkpoint_sweep_greedy/eval3_indomain_clean__checkpoint-002000__greedy,false,,student,53.3348,71.6585,,,,,projects/distillation/translation/runs/translategemma4b_es_en_gemma3_1b_stagea_goldgrid_rows1600_bf16_codexlow_pack04_replace10_studentonly_v1/stage_a/checkpoint-002000,,128,projects/distillation/translation/runs/translategemma4b_es_en_gemma3_1b_stagea_goldgrid_rows1600_bf16_codexlow_pack04_replace10_studentonly_v1/stage_a_checkpoint_sweep_greedy/eval3_indomain_clean__checkpoint-002000__greedy/compare_eval_summary.json,58.3885,73.2136,,64.0000,47.0733,69.7652,,64.0000,128.0000,causal-chat,gemma_causal_lm,false,,
translategemma4b_es_en_gemma3_1b_stagea_goldgrid_rows1920_bf16_20260311T045717Z,indomain_clean_merged_en_es_translation_benchmark_128,projects/distillation/translation/training_data/translate_distill_pairs.eval3_indomain_clean_merged_128.jsonl,stage_a_checkpoint_sweep_greedy/eval3_indomain_clean__checkpoint-002000__greedy,false,,student,53.3306,72.0154,45.5415,70.9157,7.7891,1.0997,projects/distillation/translation/runs/translategemma4b_es_en_gemma3_1b_stagea_goldgrid_rows1920_bf16_20260311T045717Z/stage_a/checkpoint-002000,/home/x/.cache/huggingface/hub/models--google--translategemma-4b-it/snapshots/10042cb0e6e7fdce748996a71dc3dc432a4e0c89,128,projects/distillation/translation/runs/translategemma4b_es_en_gemma3_1b_stagea_goldgrid_rows1920_bf16_20260311T045717Z/stage_a_checkpoint_sweep_greedy/eval3_indomain_clean__checkpoint-002000__greedy/compare_eval_summary.json,57.4152,72.5572,,64.0000,48.2374,71.3580,,64.0000,128.0000,causal-chat,gemma_causal_lm,false,,
translategemma4b_es_en_gemma3_1b_stagea_goldgrid_rows1920_bf16_20260311T180127Z,indomain_clean_merged_en_es_translation_benchmark_128,projects/distillation/translation/training_data/translate_distill_pairs.eval3_indomain_clean_merged_128.jsonl,stage_a_checkpoint_sweep_greedy/eval3_indomain_clean__checkpoint-004000__greedy,false,,student,53.2763,71.9396,45.5415,70.9157,7.7348,1.0239,projects/distillation/translation/runs/translategemma4b_es_en_gemma3_1b_stagea_goldgrid_rows1920_bf16_20260311T180127Z/stage_a/checkpoint-004000,/home/x/.cache/huggingface/hub/models--google--translategemma-4b-it/snapshots/10042cb0e6e7fdce748996a71dc3dc432a4e0c89,128,projects/distillation/translation/runs/translategemma4b_es_en_gemma3_1b_stagea_goldgrid_rows1920_bf16_20260311T180127Z/stage_a_checkpoint_sweep_greedy/eval3_indomain_clean__checkpoint-004000__greedy/compare_eval_summary.json,55.6093,71.5486,,64.0000,50.2871,72.4155,,64.0000,128.0000,causal-chat,gemma_causal_lm,false,,
translategemma4b_es_en_gemma3_1b_stagea_goldgrid_rows1920_bf16_20260311T204640Z,indomain_clean_merged_en_es_translation_benchmark_128,projects/distillation/translation/training_data/translate_distill_pairs.eval3_indomain_clean_merged_128.jsonl,stage_a_checkpoint_sweep_greedy/eval3_indomain_clean__checkpoint-002000__greedy,false,,student,53.2477,73.1307,45.5415,70.9157,7.7061,2.2150,projects/distillation/translation/runs/translategemma4b_es_en_gemma3_1b_stagea_goldgrid_rows1920_bf16_20260311T204640Z/stage_a/checkpoint-002000,/home/x/.cache/huggingface/hub/models--google--translategemma-4b-it/snapshots/10042cb0e6e7fdce748996a71dc3dc432a4e0c89,128,projects/distillation/translation/runs/translategemma4b_es_en_gemma3_1b_stagea_goldgrid_rows1920_bf16_20260311T204640Z/stage_a_checkpoint_sweep_greedy/eval3_indomain_clean__checkpoint-002000__greedy/compare_eval_summary.json,57.1566,74.5187,,64.0000,48.1374,71.4350,,64.0000,128.0000,causal-chat,gemma_causal_lm,false,,
translategemma4b_es_en_gemma3_1b_stagea_goldgrid_rows1568_bf16_codexdense_pack06_prune10_seed42_500ckpts_v1,indomain_clean_merged_en_es_translation_benchmark_128,projects/distillation/translation/training_data/translate_distill_pairs.eval3_indomain_clean_merged_128.jsonl,stage_a_checkpoint_sweep_greedy/eval3_indomain_clean__checkpoint-002000__greedy,false,,student,53.1370,71.6379,,,,,projects/distillation/translation/runs/translategemma4b_es_en_gemma3_1b_stagea_goldgrid_rows1568_bf16_codexdense_pack06_prune10_seed42_500ckpts_v1/stage_a/checkpoint-002000,,128,projects/distillation/translation/runs/translategemma4b_es_en_gemma3_1b_stagea_goldgrid_rows1568_bf16_codexdense_pack06_prune10_seed42_500ckpts_v1/stage_a_checkpoint_sweep_greedy/eval3_indomain_clean__checkpoint-002000__greedy/compare_eval_summary.json,54.4981,72.1035,,64.0000,50.9554,71.0702,,64.0000,128.0000,causal-chat,gemma_causal_lm,false,,
translategemma4b_es_en_gemma3_1b_stagea_goldgrid_rows1568_bf16_codexlow_pack06_prune10_defer_studentonly_v2,indomain_clean_merged_en_es_translation_benchmark_128,projects/distillation/translation/training_data/translate_distill_pairs.eval3_indomain_clean_merged_128.jsonl,stage_a_checkpoint_sweep_greedy/eval3_indomain_clean__checkpoint-002000__greedy,false,,student,53.1370,71.6379,,,,,projects/distillation/translation/runs/translategemma4b_es_en_gemma3_1b_stagea_goldgrid_rows1568_bf16_codexlow_pack06_prune10_defer_studentonly_v2/stage_a/checkpoint-002000,,128,projects/distillation/translation/runs/translategemma4b_es_en_gemma3_1b_stagea_goldgrid_rows1568_bf16_codexlow_pack06_prune10_defer_studentonly_v2/stage_a_checkpoint_sweep_greedy/eval3_indomain_clean__checkpoint-002000__greedy/compare_eval_summary.json,54.4981,72.1035,,64.0000,50.9554,71.0702,,64.0000,128.0000,causal-chat,gemma_causal_lm,false,,
translategemma4b_es_en_gemma3_1b_stagea_goldgrid_rows1600_bf16_codexreplace05_pack06_defer_studentonly_v1,indomain_clean_merged_en_es_translation_benchmark_128,projects/distillation/translation/training_data/translate_distill_pairs.eval3_indomain_clean_merged_128.jsonl,stage_a_checkpoint_sweep_greedy/eval3_indomain_clean__checkpoint-002000__greedy,false,,student,53.1220,71.4482,,,,,projects/distillation/translation/runs/translategemma4b_es_en_gemma3_1b_stagea_goldgrid_rows1600_bf16_codexreplace05_pack06_defer_studentonly_v1/stage_a/checkpoint-002000,,128,projects/distillation/translation/runs/translategemma4b_es_en_gemma3_1b_stagea_goldgrid_rows1600_bf16_codexreplace05_pack06_defer_studentonly_v1/stage_a_checkpoint_sweep_greedy/eval3_indomain_clean__checkpoint-002000__greedy/compare_eval_summary.json,56.9056,72.1672,,64.0000,48.4645,70.5721,,64.0000,128.0000,causal-chat,gemma_causal_lm,false,,
translategemma4b_es_en_gemma3_1b_stagea_goldgrid_rows1920_bf16_20260311T004931Z,indomain_clean_merged_en_es_translation_benchmark_128,projects/distillation/translation/training_data/translate_distill_pairs.eval3_indomain_clean_merged_128.jsonl,stage_a_checkpoint_sweep_greedy/eval3_indomain_clean__checkpoint-004000__greedy,false,,student,53.0721,71.6879,45.5415,70.9157,7.5306,0.7722,projects/distillation/translation/runs/translategemma4b_es_en_gemma3_1b_stagea_goldgrid_rows1920_bf16_20260311T004931Z/stage_a/checkpoint-004000,/home/x/.cache/huggingface/hub/models--google--translategemma-4b-it/snapshots/10042cb0e6e7fdce748996a71dc3dc432a4e0c89,128,projects/distillation/translation/runs/translategemma4b_es_en_gemma3_1b_stagea_goldgrid_rows1920_bf16_20260311T004931Z/stage_a_checkpoint_sweep_greedy/eval3_indomain_clean__checkpoint-004000__greedy/compare_eval_summary.json,57.4777,72.5453,,64.0000,46.9540,70.6513,,64.0000,128.0000,causal-chat,gemma_causal_lm,false,,
translategemma4b_es_en_gemma3_1b_stagea_goldgrid_rows1600_bf16_codexreplace05_pack06_6k_dense500_defer_studentonly_v1,indomain_clean_merged_en_es_translation_benchmark_128,projects/distillation/translation/training_data/translate_distill_pairs.eval3_indomain_clean_merged_128.jsonl,stage_a_checkpoint_sweep_greedy/eval3_indomain_clean__checkpoint-002000__greedy,false,,student,53.0252,71.8856,,,,,projects/distillation/translation/runs/translategemma4b_es_en_gemma3_1b_stagea_goldgrid_rows1600_bf16_codexreplace05_pack06_6k_dense500_defer_studentonly_v1/stage_a/checkpoint-002000,,128,projects/distillation/translation/runs/translategemma4b_es_en_gemma3_1b_stagea_goldgrid_rows1600_bf16_codexreplace05_pack06_6k_dense500_defer_studentonly_v1/stage_a_checkpoint_sweep_greedy/eval3_indomain_clean__checkpoint-002000__greedy/compare_eval_summary.json,56.0688,72.3006,,64.0000,49.2702,71.3803,,64.0000,128.0000,causal-chat,gemma_causal_lm,false,,
translategemma4b_es_en_gemma3_1b_stagea_goldgrid_rows1584_bf16_codexprune05_pack06_defer_studentonly_v1,indomain_clean_merged_en_es_translation_benchmark_128,projects/distillation/translation/training_data/translate_distill_pairs.eval3_indomain_clean_merged_128.jsonl,stage_a_checkpoint_sweep_greedy/eval3_indomain_clean__checkpoint-002000__greedy,false,,student,53.0232,72.0849,,,,,projects/distillation/translation/runs/translategemma4b_es_en_gemma3_1b_stagea_goldgrid_rows1584_bf16_codexprune05_pack06_defer_studentonly_v1/stage_a/checkpoint-002000,,128,projects/distillation/translation/runs/translategemma4b_es_en_gemma3_1b_stagea_goldgrid_rows1584_bf16_codexprune05_pack06_defer_studentonly_v1/stage_a_checkpoint_sweep_greedy/eval3_indomain_clean__checkpoint-002000__greedy/compare_eval_summary.json,57.4009,73.1231,,64.0000,47.5659,70.8180,,64.0000,128.0000,causal-chat,gemma_causal_lm,false,,
translategemma4b_es_en_gemma3_1b_stagea_goldgrid_rows1920_bf16_20260311T025326Z,indomain_clean_merged_en_es_translation_benchmark_128,projects/distillation/translation/training_data/translate_distill_pairs.eval3_indomain_clean_merged_128.jsonl,stage_a_checkpoint_sweep_greedy/eval3_indomain_clean__checkpoint-004000__greedy,false,,student,53.0189,72.8259,45.5415,70.9157,7.4773,1.9102,projects/distillation/translation/runs/translategemma4b_es_en_gemma3_1b_stagea_goldgrid_rows1920_bf16_20260311T025326Z/stage_a/checkpoint-004000,/home/x/.cache/huggingface/hub/models--google--translategemma-4b-it/snapshots/10042cb0e6e7fdce748996a71dc3dc432a4e0c89,128,projects/distillation/translation/runs/translategemma4b_es_en_gemma3_1b_stagea_goldgrid_rows1920_bf16_20260311T025326Z/stage_a_checkpoint_sweep_greedy/eval3_indomain_clean__checkpoint-004000__greedy/compare_eval_summary.json,57.5327,74.1410,,64.0000,47.4276,71.2227,,64.0000,128.0000,causal-chat,gemma_causal_lm,false,,
translategemma4b_es_en_gemma3_1b_stagea_goldgrid_rows1600_bf16_codexextend_pack06_replace10_6k_dense500_defer_studentonly_v1,indomain_clean_merged_en_es_translation_benchmark_128,projects/distillation/translation/training_data/translate_distill_pairs.eval3_indomain_clean_merged_128.jsonl,stage_a_checkpoint_sweep_greedy/eval3_indomain_clean__checkpoint-002000__greedy,false,,student,52.9727,71.6270,,,,,projects/distillation/translation/runs/translategemma4b_es_en_gemma3_1b_stagea_goldgrid_rows1600_bf16_codexextend_pack06_replace10_6k_dense500_defer_studentonly_v1/stage_a/checkpoint-002000,,128,projects/distillation/translation/runs/translategemma4b_es_en_gemma3_1b_stagea_goldgrid_rows1600_bf16_codexextend_pack06_replace10_6k_dense500_defer_studentonly_v1/stage_a_checkpoint_sweep_greedy/eval3_indomain_clean__checkpoint-002000__greedy/compare_eval_summary.json,57.3883,72.4810,,64.0000,47.5143,70.5874,,64.0000,128.0000,causal-chat,gemma_causal_lm,false,,
translategemma4b_es_en_gemma3_1b_stagea_goldgrid_rows2240_bf16_confirm_best7,indomain_clean_merged_en_es_translation_benchmark_128,projects/distillation/translation/training_data/translate_distill_pairs.eval3_indomain_clean_merged_128.jsonl,stage_a_checkpoint_sweep_greedy/eval3_indomain_clean__checkpoint-004000__greedy,false,,student,52.9706,70.9762,45.5415,70.9157,7.4290,0.0605,projects/distillation/translation/runs/translategemma4b_es_en_gemma3_1b_stagea_goldgrid_rows2240_bf16_confirm_best7/stage_a/checkpoint-004000,/home/x/.cache/huggingface/hub/models--google--translategemma-4b-it/snapshots/10042cb0e6e7fdce748996a71dc3dc432a4e0c89,128,projects/distillation/translation/runs/translategemma4b_es_en_gemma3_1b_stagea_goldgrid_rows2240_bf16_confirm_best7/stage_a_checkpoint_sweep_greedy/eval3_indomain_clean__checkpoint-004000__greedy/compare_eval_summary.json,57.7905,71.6941,,64.0000,46.9250,70.1022,,64.0000,128.0000,causal-chat,gemma_causal_lm,false,,
translategemma4b_es_en_gemma3_1b_stagea_goldgrid_rows1920_bf16_20260310T192822Z,indomain_clean_merged_en_es_translation_benchmark_128,projects/distillation/translation/training_data/translate_distill_pairs.eval3_indomain_clean_merged_128.jsonl,stage_a_checkpoint_sweep_greedy/eval3_indomain_clean__checkpoint-002000__greedy,false,,student,52.9668,72.3839,45.5415,70.9157,7.4252,1.4682,projects/distillation/translation/runs/translategemma4b_es_en_gemma3_1b_stagea_goldgrid_rows1920_bf16_20260310T192822Z/stage_a/checkpoint-002000,/home/x/.cache/huggingface/hub/models--google--translategemma-4b-it/snapshots/10042cb0e6e7fdce748996a71dc3dc432a4e0c89,128,projects/distillation/translation/runs/translategemma4b_es_en_gemma3_1b_stagea_goldgrid_rows1920_bf16_20260310T192822Z/stage_a_checkpoint_sweep_greedy/eval3_indomain_clean__checkpoint-002000__greedy/compare_eval_summary.json,56.4259,73.4647,,64.0000,48.7838,71.0682,,64.0000,128.0000,causal-chat,gemma_causal_lm,false,,
translategemma4b_es_en_gemma3_1b_stagea_goldgrid_rows1920_bf16_codexblend_pack06r10_pack08_v1,indomain_clean_merged_en_es_translation_benchmark_128,projects/distillation/translation/training_data/translate_distill_pairs.eval3_indomain_clean_merged_128.jsonl,stage_a_checkpoint_sweep_greedy_studentonly/eval3_indomain_clean__checkpoint-002000__greedy,false,,student,52.8574,72.4442,,,,,projects/distillation/translation/runs/translategemma4b_es_en_gemma3_1b_stagea_goldgrid_rows1920_bf16_codexblend_pack06r10_pack08_v1/stage_a/checkpoint-002000,,128,projects/distillation/translation/runs/translategemma4b_es_en_gemma3_1b_stagea_goldgrid_rows1920_bf16_codexblend_pack06r10_pack08_v1/stage_a_checkpoint_sweep_greedy_studentonly/eval3_indomain_clean__checkpoint-002000__greedy/compare_eval_summary.json,55.6862,73.4064,,64.0000,49.1876,71.2677,,64.0000,128.0000,causal-chat,gemma_causal_lm,false,,
translategemma4b_es_en_gemma3_1b_stagea_goldgrid_rows1920_bf16_20260310T013436Z,indomain_clean_merged_en_es_translation_benchmark_128,projects/distillation/translation/training_data/translate_distill_pairs.eval3_indomain_clean_merged_128.jsonl,stage_a_checkpoint_sweep_greedy/eval3_indomain_clean__checkpoint-002000__greedy,false,,student,52.7402,70.5829,45.5415,70.9157,7.1987,-0.3329,projects/distillation/translation/runs/translategemma4b_es_en_gemma3_1b_stagea_goldgrid_rows1920_bf16_20260310T013436Z/stage_a/checkpoint-002000,/home/x/.cache/huggingface/hub/models--google--translategemma-4b-it/snapshots/10042cb0e6e7fdce748996a71dc3dc432a4e0c89,128,projects/distillation/translation/runs/translategemma4b_es_en_gemma3_1b_stagea_goldgrid_rows1920_bf16_20260310T013436Z/stage_a_checkpoint_sweep_greedy/eval3_indomain_clean__checkpoint-002000__greedy/compare_eval_summary.json,56.7389,71.0802,,64.0000,46.8023,69.9786,,64.0000,128.0000,causal-chat,gemma_causal_lm,false,,
translategemma4b_es_en_gemma3_1b_stagea_goldgrid_rows1920_bf16_20260311T192425Z,indomain_clean_merged_en_es_translation_benchmark_128,projects/distillation/translation/training_data/translate_distill_pairs.eval3_indomain_clean_merged_128.jsonl,stage_a_checkpoint_sweep_greedy/eval3_indomain_clean__checkpoint-002000__greedy,false,,student,52.7203,72.3615,45.5415,70.9157,7.1787,1.4458,projects/distillation/translation/runs/translategemma4b_es_en_gemma3_1b_stagea_goldgrid_rows1920_bf16_20260311T192425Z/stage_a/checkpoint-002000,/home/x/.cache/huggingface/hub/models--google--translategemma-4b-it/snapshots/10042cb0e6e7fdce748996a71dc3dc432a4e0c89,128,projects/distillation/translation/runs/translategemma4b_es_en_gemma3_1b_stagea_goldgrid_rows1920_bf16_20260311T192425Z/stage_a_checkpoint_sweep_greedy/eval3_indomain_clean__checkpoint-002000__greedy/compare_eval_summary.json,56.0121,73.2183,,64.0000,48.4331,71.3131,,64.0000,128.0000,causal-chat,gemma_causal_lm,false,,
translategemma4b_es_en_gemma3_1b_stagea_goldgrid_rows1280_bf16_confirm_best4,indomain_clean_merged_en_es_translation_benchmark_128,projects/distillation/translation/training_data/translate_distill_pairs.eval3_indomain_clean_merged_128.jsonl,stage_a_checkpoint_sweep_greedy/eval3_indomain_clean__checkpoint-002000__greedy,false,,student,52.6659,71.5090,,,,,projects/distillation/translation/runs/translategemma4b_es_en_gemma3_1b_stagea_goldgrid_rows1280_bf16_confirm_best4/stage_a/checkpoint-002000,,128,projects/distillation/translation/runs/translategemma4b_es_en_gemma3_1b_stagea_goldgrid_rows1280_bf16_confirm_best4/stage_a_checkpoint_sweep_greedy/eval3_indomain_clean__checkpoint-002000__greedy/compare_eval_summary.json,55.0812,71.8182,,64.0000,49.5996,71.1308,,64.0000,128.0000,causal-chat,gemma_causal_lm,false,,
translategemma4b_es_en_gemma3_1b_stagea_goldgrid_rows1280_bf16_confirm_best4,indomain_clean_merged_en_es_translation_benchmark_128,projects/distillation/translation/training_data/translate_distill_pairs.eval3_indomain_clean_merged_128.jsonl,stage_a_checkpoint_sweep_greedy/eval3_indomain_clean__checkpoint-004000__greedy,false,,student,52.5660,71.3412,,,,,projects/distillation/translation/runs/translategemma4b_es_en_gemma3_1b_stagea_goldgrid_rows1280_bf16_confirm_best4/stage_a/checkpoint-004000,,128,projects/distillation/translation/runs/translategemma4b_es_en_gemma3_1b_stagea_goldgrid_rows1280_bf16_confirm_best4/stage_a_checkpoint_sweep_greedy/eval3_indomain_clean__checkpoint-004000__greedy/compare_eval_summary.json,56.1075,71.7039,,64.0000,48.1260,70.8980,,64.0000,128.0000,causal-chat,gemma_causal_lm,false,,
translategemma4b_es_en_gemma3_1b_stagea_goldgrid_rows2240_bf16_confirm_best7,indomain_clean_merged_en_es_translation_benchmark_128,projects/distillation/translation/training_data/translate_distill_pairs.eval3_indomain_clean_merged_128.jsonl,stage_a_checkpoint_sweep_greedy/eval3_indomain_clean__checkpoint-002000__greedy,false,,student,52.5391,71.2146,45.5415,70.9157,6.9975,0.2989,projects/distillation/translation/runs/translategemma4b_es_en_gemma3_1b_stagea_goldgrid_rows2240_bf16_confirm_best7/stage_a/checkpoint-002000,/home/x/.cache/huggingface/hub/models--google--translategemma-4b-it/snapshots/10042cb0e6e7fdce748996a71dc3dc432a4e0c89,128,projects/distillation/translation/runs/translategemma4b_es_en_gemma3_1b_stagea_goldgrid_rows2240_bf16_confirm_best7/stage_a_checkpoint_sweep_greedy/eval3_indomain_clean__checkpoint-002000__greedy/compare_eval_summary.json,58.4133,72.5629,,64.0000,45.4174,69.5791,,64.0000,128.0000,causal-chat,gemma_causal_lm,false,,
translategemma4b_es_en_gemma3_1b_stagea_goldgrid_rows1920_bf16_20260311T220906Z,indomain_clean_merged_en_es_translation_benchmark_128,projects/distillation/translation/training_data/translate_distill_pairs.eval3_indomain_clean_merged_128.jsonl,stage_a_checkpoint_sweep_greedy/eval3_indomain_clean__checkpoint-002000__greedy,false,,student,52.2658,71.5889,45.5415,70.9157,6.7242,0.6732,projects/distillation/translation/runs/translategemma4b_es_en_gemma3_1b_stagea_goldgrid_rows1920_bf16_20260311T220906Z/stage_a/checkpoint-002000,/home/x/.cache/huggingface/hub/models--google--translategemma-4b-it/snapshots/10042cb0e6e7fdce748996a71dc3dc432a4e0c89,128,projects/distillation/translation/runs/translategemma4b_es_en_gemma3_1b_stagea_goldgrid_rows1920_bf16_20260311T220906Z/stage_a_checkpoint_sweep_greedy/eval3_indomain_clean__checkpoint-002000__greedy/compare_eval_summary.json,54.9253,71.4883,,64.0000,48.7538,71.7101,,64.0000,128.0000,causal-chat,gemma_causal_lm,false,,
translategemma4b_es_en_gemma3_1b_stagea_goldgrid_rows1600_bf16_codexextend_pack06_replace10_6k_dense500_defer_studentonly_v1,indomain_clean_merged_en_es_translation_benchmark_128,projects/distillation/translation/training_data/translate_distill_pairs.eval3_indomain_clean_merged_128.jsonl,stage_a_checkpoint_sweep_greedy/eval3_indomain_clean__checkpoint-001000__greedy,false,,student,52.0395,70.8523,,,,,projects/distillation/translation/runs/translategemma4b_es_en_gemma3_1b_stagea_goldgrid_rows1600_bf16_codexextend_pack06_replace10_6k_dense500_defer_studentonly_v1/stage_a/checkpoint-001000,,128,projects/distillation/translation/runs/translategemma4b_es_en_gemma3_1b_stagea_goldgrid_rows1600_bf16_codexextend_pack06_replace10_6k_dense500_defer_studentonly_v1/stage_a_checkpoint_sweep_greedy/eval3_indomain_clean__checkpoint-001000__greedy/compare_eval_summary.json,54.8530,72.2412,,64.0000,47.6523,69.1592,,64.0000,128.0000,causal-chat,gemma_causal_lm,false,,
translategemma4b_es_en_gemma3_1b_stagea_goldgrid_rows1600_bf16_codexreplace05_pack06_defer_studentonly_v1,indomain_clean_merged_en_es_translation_benchmark_128,projects/distillation/translation/training_data/translate_distill_pairs.eval3_indomain_clean_merged_128.jsonl,stage_a_checkpoint_sweep_greedy/eval3_indomain_clean__checkpoint-001000__greedy,false,,student,51.7432,70.3320,,,,,projects/distillation/translation/runs/translategemma4b_es_en_gemma3_1b_stagea_goldgrid_rows1600_bf16_codexreplace05_pack06_defer_studentonly_v1/stage_a/checkpoint-001000,,128,projects/distillation/translation/runs/translategemma4b_es_en_gemma3_1b_stagea_goldgrid_rows1600_bf16_codexreplace05_pack06_defer_studentonly_v1/stage_a_checkpoint_sweep_greedy/eval3_indomain_clean__checkpoint-001000__greedy/compare_eval_summary.json,53.0761,70.6723,,64.0000,49.4333,69.9173,,64.0000,128.0000,causal-chat,gemma_causal_lm,false,,
translategemma4b_es_en_gemma3_1b_stagea_goldgrid_rows1920_bf16_20260310T013436Z,indomain_clean_merged_en_es_translation_benchmark_128,projects/distillation/translation/training_data/translate_distill_pairs.eval3_indomain_clean_merged_128.jsonl,stage_a_checkpoint_sweep_greedy/eval3_indomain_clean__checkpoint-004000__greedy,false,,student,51.7370,70.4927,45.5415,70.9157,6.1955,-0.4231,projects/distillation/translation/runs/translategemma4b_es_en_gemma3_1b_stagea_goldgrid_rows1920_bf16_20260310T013436Z/stage_a/checkpoint-004000,/home/x/.cache/huggingface/hub/models--google--translategemma-4b-it/snapshots/10042cb0e6e7fdce748996a71dc3dc432a4e0c89,128,projects/distillation/translation/runs/translategemma4b_es_en_gemma3_1b_stagea_goldgrid_rows1920_bf16_20260310T013436Z/stage_a_checkpoint_sweep_greedy/eval3_indomain_clean__checkpoint-004000__greedy/compare_eval_summary.json,57.0078,71.5155,,64.0000,45.2240,69.2504,,64.0000,128.0000,causal-chat,gemma_causal_lm,false,,
translategemma4b_es_en_gemma3_1b_stagea_goldgrid_rows1600_bf16_codexreplace05_pack06_defer_studentonly_v1,indomain_clean_merged_en_es_translation_benchmark_128,projects/distillation/translation/training_data/translate_distill_pairs.eval3_indomain_clean_merged_128.jsonl,stage_a_checkpoint_sweep_greedy/eval3_indomain_clean__checkpoint-001500__greedy,false,,student,51.5057,70.7998,,,,,projects/distillation/translation/runs/translategemma4b_es_en_gemma3_1b_stagea_goldgrid_rows1600_bf16_codexreplace05_pack06_defer_studentonly_v1/stage_a/checkpoint-001500,,128,projects/distillation/translation/runs/translategemma4b_es_en_gemma3_1b_stagea_goldgrid_rows1600_bf16_codexreplace05_pack06_defer_studentonly_v1/stage_a_checkpoint_sweep_greedy/eval3_indomain_clean__checkpoint-001500__greedy/compare_eval_summary.json,52.3540,70.2251,,64.0000,50.0287,71.4967,,64.0000,128.0000,causal-chat,gemma_causal_lm,false,,
translategemma4b_es_en_gemma3_1b_stagea_goldgrid_rows1584_bf16_codexprune05_pack06_defer_studentonly_v1,indomain_clean_merged_en_es_translation_benchmark_128,projects/distillation/translation/training_data/translate_distill_pairs.eval3_indomain_clean_merged_128.jsonl,stage_a_checkpoint_sweep_greedy/eval3_indomain_clean__checkpoint-001000__greedy,false,,student,51.4466,70.4557,,,,,projects/distillation/translation/runs/translategemma4b_es_en_gemma3_1b_stagea_goldgrid_rows1584_bf16_codexprune05_pack06_defer_studentonly_v1/stage_a/checkpoint-001000,,128,projects/distillation/translation/runs/translategemma4b_es_en_gemma3_1b_stagea_goldgrid_rows1584_bf16_codexprune05_pack06_defer_studentonly_v1/stage_a_checkpoint_sweep_greedy/eval3_indomain_clean__checkpoint-001000__greedy/compare_eval_summary.json,55.0267,70.8066,,64.0000,46.0259,70.0301,,64.0000,128.0000,causal-chat,gemma_causal_lm,false,,
translategemma4b_es_en_gemma3_1b_stagea_goldgrid_rows1568_bf16_codexdense_pack06_prune10_seed42_500ckpts_v1,indomain_clean_merged_en_es_translation_benchmark_128,projects/distillation/translation/training_data/translate_distill_pairs.eval3_indomain_clean_merged_128.jsonl,stage_a_checkpoint_sweep_greedy/eval3_indomain_clean__checkpoint-001500__greedy,false,,student,51.4450,71.6183,,,,,projects/distillation/translation/runs/translategemma4b_es_en_gemma3_1b_stagea_goldgrid_rows1568_bf16_codexdense_pack06_prune10_seed42_500ckpts_v1/stage_a/checkpoint-001500,,128,projects/distillation/translation/runs/translategemma4b_es_en_gemma3_1b_stagea_goldgrid_rows1568_bf16_codexdense_pack06_prune10_seed42_500ckpts_v1/stage_a_checkpoint_sweep_greedy/eval3_indomain_clean__checkpoint-001500__greedy/compare_eval_summary.json,52.3352,71.2935,,64.0000,49.6115,72.0120,,64.0000,128.0000,causal-chat,gemma_causal_lm,false,,
translategemma4b_es_en_gemma3_1b_stagea_goldgrid_rows1584_bf16_codexprune05_pack06_defer_studentonly_v1,indomain_clean_merged_en_es_translation_benchmark_128,projects/distillation/translation/training_data/translate_distill_pairs.eval3_indomain_clean_merged_128.jsonl,stage_a_checkpoint_sweep_greedy/eval3_indomain_clean__checkpoint-001500__greedy,false,,student,51.4231,70.5791,,,,,projects/distillation/translation/runs/translategemma4b_es_en_gemma3_1b_stagea_goldgrid_rows1584_bf16_codexprune05_pack06_defer_studentonly_v1/stage_a/checkpoint-001500,,128,projects/distillation/translation/runs/translategemma4b_es_en_gemma3_1b_stagea_goldgrid_rows1584_bf16_codexprune05_pack06_defer_studentonly_v1/stage_a_checkpoint_sweep_greedy/eval3_indomain_clean__checkpoint-001500__greedy/compare_eval_summary.json,54.3975,71.2008,,64.0000,46.3555,69.8220,,64.0000,128.0000,causal-chat,gemma_causal_lm,false,,
translategemma4b_es_en_gemma3_1b_stagea_goldgrid_rows1600_bf16_codexlow_pack06_replace10c_hfcacheauth_v1,indomain_clean_merged_en_es_translation_benchmark_128,projects/distillation/translation/training_data/translate_distill_pairs.eval3_indomain_clean_merged_128.jsonl,stage_a_checkpoint_sweep_greedy_studentonly/eval3_indomain_clean__checkpoint-001000__greedy,false,,student,51.1898,70.5583,,,,,projects/distillation/translation/runs/translategemma4b_es_en_gemma3_1b_stagea_goldgrid_rows1600_bf16_codexlow_pack06_replace10c_hfcacheauth_v1/stage_a/checkpoint-001000,,128,projects/distillation/translation/runs/translategemma4b_es_en_gemma3_1b_stagea_goldgrid_rows1600_bf16_codexlow_pack06_replace10c_hfcacheauth_v1/stage_a_checkpoint_sweep_greedy_studentonly/eval3_indomain_clean__checkpoint-001000__greedy/compare_eval_summary.json,53.4087,70.9337,,64.0000,47.7078,70.1014,,64.0000,128.0000,causal-chat,gemma_causal_lm,false,,
translategemma4b_es_en_gemma3_1b_stagea_goldgrid_rows1568_bf16_codexdense_pack06_prune10_seed42_500ckpts_v1,indomain_clean_merged_en_es_translation_benchmark_128,projects/distillation/translation/training_data/translate_distill_pairs.eval3_indomain_clean_merged_128.jsonl,stage_a_checkpoint_sweep_greedy/eval3_indomain_clean__checkpoint-001000__greedy,false,,student,51.0253,71.6275,,,,,projects/distillation/translation/runs/translategemma4b_es_en_gemma3_1b_stagea_goldgrid_rows1568_bf16_codexdense_pack06_prune10_seed42_500ckpts_v1/stage_a/checkpoint-001000,,128,projects/distillation/translation/runs/translategemma4b_es_en_gemma3_1b_stagea_goldgrid_rows1568_bf16_codexdense_pack06_prune10_seed42_500ckpts_v1/stage_a_checkpoint_sweep_greedy/eval3_indomain_clean__checkpoint-001000__greedy/compare_eval_summary.json,54.7019,72.2594,,64.0000,46.6088,70.8587,,64.0000,128.0000,causal-chat,gemma_causal_lm,false,,
translategemma4b_es_en_gemma3_1b_stagea_goldgrid_rows1568_bf16_codexlow_pack06_prune10_defer_studentonly_v2,indomain_clean_merged_en_es_translation_benchmark_128,projects/distillation/translation/training_data/translate_distill_pairs.eval3_indomain_clean_merged_128.jsonl,stage_a_checkpoint_sweep_greedy/eval3_indomain_clean__checkpoint-001000__greedy,false,,student,51.0253,71.6275,,,,,projects/distillation/translation/runs/translategemma4b_es_en_gemma3_1b_stagea_goldgrid_rows1568_bf16_codexlow_pack06_prune10_defer_studentonly_v2/stage_a/checkpoint-001000,,128,projects/distillation/translation/runs/translategemma4b_es_en_gemma3_1b_stagea_goldgrid_rows1568_bf16_codexlow_pack06_prune10_defer_studentonly_v2/stage_a_checkpoint_sweep_greedy/eval3_indomain_clean__checkpoint-001000__greedy/compare_eval_summary.json,54.7019,72.2594,,64.0000,46.6088,70.8587,,64.0000,128.0000,causal-chat,gemma_causal_lm,false,,
translategemma4b_es_en_gemma3_1b_stagea_goldgrid_rows1920_bf16_20260311T004931Z,indomain_clean_merged_en_es_translation_benchmark_128,projects/distillation/translation/training_data/translate_distill_pairs.eval3_indomain_clean_merged_128.jsonl,stage_a_checkpoint_sweep_greedy/eval3_indomain_clean__checkpoint-002000__greedy,false,,student,50.7787,71.0132,45.5415,70.9157,5.2371,0.0975,projects/distillation/translation/runs/translategemma4b_es_en_gemma3_1b_stagea_goldgrid_rows1920_bf16_20260311T004931Z/stage_a/checkpoint-002000,/home/x/.cache/huggingface/hub/models--google--translategemma-4b-it/snapshots/10042cb0e6e7fdce748996a71dc3dc432a4e0c89,128,projects/distillation/translation/runs/translategemma4b_es_en_gemma3_1b_stagea_goldgrid_rows1920_bf16_20260311T004931Z/stage_a_checkpoint_sweep_greedy/eval3_indomain_clean__checkpoint-002000__greedy/compare_eval_summary.json,55.0663,71.7842,,64.0000,45.6701,70.0790,,64.0000,128.0000,causal-chat,gemma_causal_lm,false,,
translategemma4b_es_en_gemma3_1b_stagea_goldgrid_rows1568_bf16_codexlow_pack06_random10_defer_studentonly_v1,indomain_clean_merged_en_es_translation_benchmark_128,projects/distillation/translation/training_data/translate_distill_pairs.eval3_indomain_clean_merged_128.jsonl,stage_a_checkpoint_sweep_greedy/eval3_indomain_clean__checkpoint-001000__greedy,false,,student,50.7135,71.0139,,,,,projects/distillation/translation/runs/translategemma4b_es_en_gemma3_1b_stagea_goldgrid_rows1568_bf16_codexlow_pack06_random10_defer_studentonly_v1/stage_a/checkpoint-001000,,128,projects/distillation/translation/runs/translategemma4b_es_en_gemma3_1b_stagea_goldgrid_rows1568_bf16_codexlow_pack06_random10_defer_studentonly_v1/stage_a_checkpoint_sweep_greedy/eval3_indomain_clean__checkpoint-001000__greedy/compare_eval_summary.json,55.2703,71.4337,,64.0000,45.2670,70.5036,,64.0000,128.0000,causal-chat,gemma_causal_lm,false,,
translategemma4b_es_en_gemma3_1b_stagea_goldgrid_rows1600_bf16_codexreplace05_pack06_6k_dense500_defer_studentonly_v1,indomain_clean_merged_en_es_translation_benchmark_128,projects/distillation/translation/training_data/translate_distill_pairs.eval3_indomain_clean_merged_128.jsonl,stage_a_checkpoint_sweep_greedy/eval3_indomain_clean__checkpoint-001500__greedy,false,,student,50.5056,70.4547,,,,,projects/distillation/translation/runs/translategemma4b_es_en_gemma3_1b_stagea_goldgrid_rows1600_bf16_codexreplace05_pack06_6k_dense500_defer_studentonly_v1/stage_a/checkpoint-001500,,128,projects/distillation/translation/runs/translategemma4b_es_en_gemma3_1b_stagea_goldgrid_rows1600_bf16_codexreplace05_pack06_6k_dense500_defer_studentonly_v1/stage_a_checkpoint_sweep_greedy/eval3_indomain_clean__checkpoint-001500__greedy/compare_eval_summary.json,50.9584,69.6026,,64.0000,49.9543,71.4892,,64.0000,128.0000,causal-chat,gemma_causal_lm,false,,
translategemma4b_es_en_gemma3_1b_stagea_goldgrid_rows1584_bf16_codexprune05_pack06_defer_studentonly_v1,indomain_clean_merged_en_es_translation_benchmark_128,projects/distillation/translation/training_data/translate_distill_pairs.eval3_indomain_clean_merged_128.jsonl,stage_a_checkpoint_sweep_greedy/eval3_indomain_clean__checkpoint-000500__greedy,false,,student,49.4667,69.4105,,,,,projects/distillation/translation/runs/translategemma4b_es_en_gemma3_1b_stagea_goldgrid_rows1584_bf16_codexprune05_pack06_defer_studentonly_v1/stage_a/checkpoint-000500,,128,projects/distillation/translation/runs/translategemma4b_es_en_gemma3_1b_stagea_goldgrid_rows1584_bf16_codexprune05_pack06_defer_studentonly_v1/stage_a_checkpoint_sweep_greedy/eval3_indomain_clean__checkpoint-000500__greedy/compare_eval_summary.json,49.3434,67.9390,,64.0000,48.4710,71.1924,,64.0000,128.0000,causal-chat,gemma_causal_lm,false,,
translategemma4b_es_en_gemma3_1b_stagea_goldgrid_rows1600_bf16_codexextend_pack06_replace10_6k_dense500_defer_studentonly_v1,indomain_clean_merged_en_es_translation_benchmark_128,projects/distillation/translation/training_data/translate_distill_pairs.eval3_indomain_clean_merged_128.jsonl,stage_a_checkpoint_sweep_greedy/eval3_indomain_clean__checkpoint-001500__greedy,false,,student,49.4465,70.0402,,,,,projects/distillation/translation/runs/translategemma4b_es_en_gemma3_1b_stagea_goldgrid_rows1600_bf16_codexextend_pack06_replace10_6k_dense500_defer_studentonly_v1/stage_a/checkpoint-001500,,128,projects/distillation/translation/runs/translategemma4b_es_en_gemma3_1b_stagea_goldgrid_rows1600_bf16_codexextend_pack06_replace10_6k_dense500_defer_studentonly_v1/stage_a_checkpoint_sweep_greedy/eval3_indomain_clean__checkpoint-001500__greedy/compare_eval_summary.json,52.9686,71.4612,,64.0000,45.2443,68.3142,,64.0000,128.0000,causal-chat,gemma_causal_lm,false,,
translategemma4b_es_en_gemma3_1b_stagea_goldgrid_rows1920_bf16_codexblend_pack06r10_pack08_v1,indomain_clean_merged_en_es_translation_benchmark_128,projects/distillation/translation/training_data/translate_distill_pairs.eval3_indomain_clean_merged_128.jsonl,stage_a_checkpoint_sweep_greedy_studentonly/eval3_indomain_clean__checkpoint-001000__greedy,false,,student,49.2213,70.0831,,,,,projects/distillation/translation/runs/translategemma4b_es_en_gemma3_1b_stagea_goldgrid_rows1920_bf16_codexblend_pack06r10_pack08_v1/stage_a/checkpoint-001000,,128,projects/distillation/translation/runs/translategemma4b_es_en_gemma3_1b_stagea_goldgrid_rows1920_bf16_codexblend_pack06r10_pack08_v1/stage_a_checkpoint_sweep_greedy_studentonly/eval3_indomain_clean__checkpoint-001000__greedy/compare_eval_summary.json,50.5124,69.3151,,64.0000,47.5762,71.0131,,64.0000,128.0000,causal-chat,gemma_causal_lm,false,,
translategemma4b_es_en_gemma3_1b_stagea_goldgrid_rows1600_bf16_codexreplace05_pack06_6k_dense500_defer_studentonly_v1,indomain_clean_merged_en_es_translation_benchmark_128,projects/distillation/translation/training_data/translate_distill_pairs.eval3_indomain_clean_merged_128.jsonl,stage_a_checkpoint_sweep_greedy/eval3_indomain_clean__checkpoint-001000__greedy,false,,student,48.9831,69.4374,,,,,projects/distillation/translation/runs/translategemma4b_es_en_gemma3_1b_stagea_goldgrid_rows1600_bf16_codexreplace05_pack06_6k_dense500_defer_studentonly_v1/stage_a/checkpoint-001000,,128,projects/distillation/translation/runs/translategemma4b_es_en_gemma3_1b_stagea_goldgrid_rows1600_bf16_codexreplace05_pack06_6k_dense500_defer_studentonly_v1/stage_a_checkpoint_sweep_greedy/eval3_indomain_clean__checkpoint-001000__greedy/compare_eval_summary.json,49.1992,69.8075,,64.0000,48.6175,68.9832,,64.0000,128.0000,causal-chat,gemma_causal_lm,false,,
translategemma4b_es_en_gemma3_1b_stagea_goldgrid_rows1280_bf16_20260308T164813Z,indomain_clean_merged_en_es_translation_benchmark_128,projects/distillation/translation/training_data/translate_distill_pairs.eval3_indomain_clean_merged_128.jsonl,stage_a_checkpoint_sweep_greedy/eval3_indomain_clean__checkpoint-004000__greedy,false,,student,48.7992,69.9488,39.2681,69.0260,9.5312,0.9228,projects/distillation/translation/runs/translategemma4b_es_en_gemma3_1b_stagea_goldgrid_rows1280_bf16_20260308T164813Z/stage_a/checkpoint-004000,/home/x/.cache/huggingface/hub/models--google--translategemma-4b-it/snapshots/10042cb0e6e7fdce748996a71dc3dc432a4e0c89,128,projects/distillation/translation/runs/translategemma4b_es_en_gemma3_1b_stagea_goldgrid_rows1280_bf16_20260308T164813Z/stage_a_checkpoint_sweep_greedy/eval3_indomain_clean__checkpoint-004000__greedy/compare_eval_summary.json,,,,,,,,,,,,,,
translategemma4b_es_en_gemma3_1b_stagea_goldgrid_rows2560_bf16_20260309T195639Z,indomain_clean_merged_en_es_translation_benchmark_128,projects/distillation/translation/training_data/translate_distill_pairs.eval3_indomain_clean_merged_128.jsonl,stage_a_checkpoint_sweep_greedy/eval3_indomain_clean__checkpoint-004000__greedy,false,,student,48.7948,71.7605,39.2681,69.0260,9.5267,2.7345,projects/distillation/translation/runs/translategemma4b_es_en_gemma3_1b_stagea_goldgrid_rows2560_bf16_20260309T195639Z/stage_a/checkpoint-004000,/home/x/.cache/huggingface/hub/models--google--translategemma-4b-it/snapshots/10042cb0e6e7fdce748996a71dc3dc432a4e0c89,128,projects/distillation/translation/runs/translategemma4b_es_en_gemma3_1b_stagea_goldgrid_rows2560_bf16_20260309T195639Z/stage_a_checkpoint_sweep_greedy/eval3_indomain_clean__checkpoint-004000__greedy/compare_eval_summary.json,,,,,,,,,,,,,,
translategemma4b_es_en_gemma3_1b_stagea_goldgrid_rows2560_bf16_20260309T195639Z,indomain_clean_merged_en_es_translation_benchmark_128,projects/distillation/translation/training_data/translate_distill_pairs.eval3_indomain_clean_merged_128.jsonl,stage_a_checkpoint_sweep_greedy/eval3_indomain_clean__checkpoint-006000__greedy,false,,student,48.5998,71.4817,39.2681,69.0260,9.3317,2.4557,projects/distillation/translation/runs/translategemma4b_es_en_gemma3_1b_stagea_goldgrid_rows2560_bf16_20260309T195639Z/stage_a/checkpoint-006000,/home/x/.cache/huggingface/hub/models--google--translategemma-4b-it/snapshots/10042cb0e6e7fdce748996a71dc3dc432a4e0c89,128,projects/distillation/translation/runs/translategemma4b_es_en_gemma3_1b_stagea_goldgrid_rows2560_bf16_20260309T195639Z/stage_a_checkpoint_sweep_greedy/eval3_indomain_clean__checkpoint-006000__greedy/compare_eval_summary.json,,,,,,,,,,,,,,
translategemma4b_es_en_gemma3_1b_stagea_goldgrid_rows1280_bf16_20260308T164813Z,indomain_clean_merged_en_es_translation_benchmark_128,projects/distillation/translation/training_data/translate_distill_pairs.eval3_indomain_clean_merged_128.jsonl,stage_a_checkpoint_sweep_greedy/eval3_indomain_clean__checkpoint-006000__greedy,false,,student,48.2256,69.7793,39.2681,69.0260,8.9576,0.7533,projects/distillation/translation/runs/translategemma4b_es_en_gemma3_1b_stagea_goldgrid_rows1280_bf16_20260308T164813Z/stage_a/checkpoint-006000,/home/x/.cache/huggingface/hub/models--google--translategemma-4b-it/snapshots/10042cb0e6e7fdce748996a71dc3dc432a4e0c89,128,projects/distillation/translation/runs/translategemma4b_es_en_gemma3_1b_stagea_goldgrid_rows1280_bf16_20260308T164813Z/stage_a_checkpoint_sweep_greedy/eval3_indomain_clean__checkpoint-006000__greedy/compare_eval_summary.json,,,,,,,,,,,,,,
translategemma4b_es_en_gemma3_1b_stagea_goldgrid_rows1920_bf16_20260308T164813Z,indomain_clean_merged_en_es_translation_benchmark_128,projects/distillation/translation/training_data/translate_distill_pairs.eval3_indomain_clean_merged_128.jsonl,stage_a_checkpoint_sweep_greedy/eval3_indomain_clean__checkpoint-002000__greedy,false,,student,47.9813,69.8823,39.2681,69.0260,8.7133,0.8563,projects/distillation/translation/runs/translategemma4b_es_en_gemma3_1b_stagea_goldgrid_rows1920_bf16_20260308T164813Z/stage_a/checkpoint-002000,/home/x/.cache/huggingface/hub/models--google--translategemma-4b-it/snapshots/10042cb0e6e7fdce748996a71dc3dc432a4e0c89,128,projects/distillation/translation/runs/translategemma4b_es_en_gemma3_1b_stagea_goldgrid_rows1920_bf16_20260308T164813Z/stage_a_checkpoint_sweep_greedy/eval3_indomain_clean__checkpoint-002000__greedy/compare_eval_summary.json,,,,,,,,,,,,,,
translategemma4b_es_en_gemma3_1b_stagea_goldgrid_rows1280_bf16_20260308T164813Z,indomain_clean_merged_en_es_translation_benchmark_128,projects/distillation/translation/training_data/translate_distill_pairs.eval3_indomain_clean_merged_128.jsonl,stage_a_checkpoint_sweep_greedy/eval3_indomain_clean__checkpoint-008000__greedy,false,,student,47.9571,69.8997,39.2681,69.0260,8.6890,0.8738,projects/distillation/translation/runs/translategemma4b_es_en_gemma3_1b_stagea_goldgrid_rows1280_bf16_20260308T164813Z/stage_a/checkpoint-008000,/home/x/.cache/huggingface/hub/models--google--translategemma-4b-it/snapshots/10042cb0e6e7fdce748996a71dc3dc432a4e0c89,128,projects/distillation/translation/runs/translategemma4b_es_en_gemma3_1b_stagea_goldgrid_rows1280_bf16_20260308T164813Z/stage_a_checkpoint_sweep_greedy/eval3_indomain_clean__checkpoint-008000__greedy/compare_eval_summary.json,,,,,,,,,,,,,,
translategemma4b_es_en_gemma3_1b_stagea_goldgrid_rows1920_bf16_20260310T001204Z,indomain_clean_merged_en_es_translation_benchmark_128,projects/distillation/translation/training_data/translate_distill_pairs.eval3_indomain_clean_merged_128.jsonl,stage_a_checkpoint_sweep_greedy/eval3_indomain_clean__checkpoint-002000__greedy,false,,student,47.8638,71.2799,39.2681,69.0260,8.5957,2.2539,projects/distillation/translation/runs/translategemma4b_es_en_gemma3_1b_stagea_goldgrid_rows1920_bf16_20260310T001204Z/stage_a/checkpoint-002000,/home/x/.cache/huggingface/hub/models--google--translategemma-4b-it/snapshots/10042cb0e6e7fdce748996a71dc3dc432a4e0c89,128,projects/distillation/translation/runs/translategemma4b_es_en_gemma3_1b_stagea_goldgrid_rows1920_bf16_20260310T001204Z/stage_a_checkpoint_sweep_greedy/eval3_indomain_clean__checkpoint-002000__greedy/compare_eval_summary.json,,,,,,,,,,,,,,
translategemma4b_es_en_gemma3_1b_stagea_goldlegacy1280_bf16_20260307T231031Z,indomain_clean_merged_en_es_translation_benchmark_128,projects/distillation/translation/training_data/translate_distill_pairs.eval3_indomain_clean_merged_128.jsonl,stage_a_checkpoint_sweep_greedy/eval3_indomain_clean__checkpoint-008000__greedy,false,,student,47.6425,69.9659,,,,,projects/distillation/translation/runs/translategemma4b_es_en_gemma3_1b_stagea_goldlegacy1280_bf16_20260307T231031Z/stage_a/checkpoint-008000,,128,projects/distillation/translation/runs/translategemma4b_es_en_gemma3_1b_stagea_goldlegacy1280_bf16_20260307T231031Z/stage_a_checkpoint_sweep_greedy/eval3_indomain_clean__checkpoint-008000__greedy/compare_eval_summary.json,,,,,,,,,,,,,,
translategemma4b_es_en_gemma3_1b_stagea_goldlegacy1280_bf16_20260307T231031Z,indomain_clean_merged_en_es_translation_benchmark_128,projects/distillation/translation/training_data/translate_distill_pairs.eval3_indomain_clean_merged_128.jsonl,stage_a_checkpoint_sweep_greedy/eval3_indomain_clean__checkpoint-016000__greedy,false,,student,47.4291,69.7695,,,,,projects/distillation/translation/runs/translategemma4b_es_en_gemma3_1b_stagea_goldlegacy1280_bf16_20260307T231031Z/stage_a/checkpoint-016000,,128,projects/distillation/translation/runs/translategemma4b_es_en_gemma3_1b_stagea_goldlegacy1280_bf16_20260307T231031Z/stage_a_checkpoint_sweep_greedy/eval3_indomain_clean__checkpoint-016000__greedy/compare_eval_summary.json,,,,,,,,,,,,,,
translategemma4b_es_en_gemma3_1b_stagea_goldlegacy1280_bf16_20260307T231031Z,indomain_clean_merged_en_es_translation_benchmark_128,projects/distillation/translation/training_data/translate_distill_pairs.eval3_indomain_clean_merged_128.jsonl,stage_a_checkpoint_sweep_greedy/eval3_indomain_clean__checkpoint-024000__greedy,false,,student,47.4261,69.7575,,,,,projects/distillation/translation/runs/translategemma4b_es_en_gemma3_1b_stagea_goldlegacy1280_bf16_20260307T231031Z/stage_a/checkpoint-024000,,128,projects/distillation/translation/runs/translategemma4b_es_en_gemma3_1b_stagea_goldlegacy1280_bf16_20260307T231031Z/stage_a_checkpoint_sweep_greedy/eval3_indomain_clean__checkpoint-024000__greedy/compare_eval_summary.json,,,,,,,,,,,,,,
translategemma4b_es_en_gemma3_1b_stagea_goldgrid_rows1280_bf16_20260309T185602Z,indomain_clean_merged_en_es_translation_benchmark_128,projects/distillation/translation/training_data/translate_distill_pairs.eval3_indomain_clean_merged_128.jsonl,stage_a_checkpoint_sweep_greedy/eval3_indomain_clean__checkpoint-006000__greedy,false,,student,47.3852,69.5635,39.2681,69.0260,8.1171,0.5375,projects/distillation/translation/runs/translategemma4b_es_en_gemma3_1b_stagea_goldgrid_rows1280_bf16_20260309T185602Z/stage_a/checkpoint-006000,/home/x/.cache/huggingface/hub/models--google--translategemma-4b-it/snapshots/10042cb0e6e7fdce748996a71dc3dc432a4e0c89,128,projects/distillation/translation/runs/translategemma4b_es_en_gemma3_1b_stagea_goldgrid_rows1280_bf16_20260309T185602Z/stage_a_checkpoint_sweep_greedy/eval3_indomain_clean__checkpoint-006000__greedy/compare_eval_summary.json,,,,,,,,,,,,,,
translategemma4b_es_en_gemma3_1b_stagea_goldlegacy1280_bf16_20260307T231031Z,indomain_clean_merged_en_es_translation_benchmark_128,projects/distillation/translation/training_data/translate_distill_pairs.eval3_indomain_clean_merged_128.jsonl,stage_a_checkpoint_sweep_greedy/eval3_indomain_clean__checkpoint-032000__greedy,false,,student,47.3434,69.6866,,,,,projects/distillation/translation/runs/translategemma4b_es_en_gemma3_1b_stagea_goldlegacy1280_bf16_20260307T231031Z/stage_a/checkpoint-032000,,128,projects/distillation/translation/runs/translategemma4b_es_en_gemma3_1b_stagea_goldlegacy1280_bf16_20260307T231031Z/stage_a_checkpoint_sweep_greedy/eval3_indomain_clean__checkpoint-032000__greedy/compare_eval_summary.json,,,,,,,,,,,,,,
translategemma4b_es_en_gemma3_1b_stagea_goldgrid_rows1280_bf16_20260308T164813Z,indomain_clean_merged_en_es_translation_benchmark_128,projects/distillation/translation/training_data/translate_distill_pairs.eval3_indomain_clean_merged_128.jsonl,stage_a_checkpoint_sweep_greedy/eval3_indomain_clean__checkpoint-002000__greedy,false,,student,47.2797,70.2364,39.2681,69.0260,8.0116,1.2104,projects/distillation/translation/runs/translategemma4b_es_en_gemma3_1b_stagea_goldgrid_rows1280_bf16_20260308T164813Z/stage_a/checkpoint-002000,/home/x/.cache/huggingface/hub/models--google--translategemma-4b-it/snapshots/10042cb0e6e7fdce748996a71dc3dc432a4e0c89,128,projects/distillation/translation/runs/translategemma4b_es_en_gemma3_1b_stagea_goldgrid_rows1280_bf16_20260308T164813Z/stage_a_checkpoint_sweep_greedy/eval3_indomain_clean__checkpoint-002000__greedy/compare_eval_summary.json,,,,,,,,,,,,,,
translategemma4b_es_en_gemma3_1b_stagea_goldgrid_rows1600_bf16_codexreplace05_pack06_6k_dense500_defer_studentonly_v1,indomain_clean_merged_en_es_translation_benchmark_128,projects/distillation/translation/training_data/translate_distill_pairs.eval3_indomain_clean_merged_128.jsonl,stage_a_checkpoint_sweep_greedy/eval3_indomain_clean__checkpoint-000500__greedy,false,,student,47.2662,66.9738,,,,,projects/distillation/translation/runs/translategemma4b_es_en_gemma3_1b_stagea_goldgrid_rows1600_bf16_codexreplace05_pack06_6k_dense500_defer_studentonly_v1/stage_a/checkpoint-000500,,128,projects/distillation/translation/runs/translategemma4b_es_en_gemma3_1b_stagea_goldgrid_rows1600_bf16_codexreplace05_pack06_6k_dense500_defer_studentonly_v1/stage_a_checkpoint_sweep_greedy/eval3_indomain_clean__checkpoint-000500__greedy/compare_eval_summary.json,49.4316,67.5273,,64.0000,43.3335,66.3026,,64.0000,128.0000,causal-chat,gemma_causal_lm,false,,
translategemma4b_es_en_gemma3_1b_stagea_goldgrid_rows1280_bf16_20260309T185602Z,indomain_clean_merged_en_es_translation_benchmark_128,projects/distillation/translation/training_data/translate_distill_pairs.eval3_indomain_clean_merged_128.jsonl,stage_a_checkpoint_sweep_greedy/eval3_indomain_clean__checkpoint-004000__greedy,false,,student,47.1364,69.5194,39.2681,69.0260,7.8683,0.4935,projects/distillation/translation/runs/translategemma4b_es_en_gemma3_1b_stagea_goldgrid_rows1280_bf16_20260309T185602Z/stage_a/checkpoint-004000,/home/x/.cache/huggingface/hub/models--google--translategemma-4b-it/snapshots/10042cb0e6e7fdce748996a71dc3dc432a4e0c89,128,projects/distillation/translation/runs/translategemma4b_es_en_gemma3_1b_stagea_goldgrid_rows1280_bf16_20260309T185602Z/stage_a_checkpoint_sweep_greedy/eval3_indomain_clean__checkpoint-004000__greedy/compare_eval_summary.json,,,,,,,,,,,,,,
translategemma4b_es_en_gemma3_1b_full_train1280_20260303_114100,indomain_clean_merged_en_es_translation_benchmark_128,projects/distillation/translation/training_data/translate_distill_pairs.eval3_indomain_clean_merged_128.jsonl,ablation_stage_decode_20260304_094102/eval3_indomain_clean__stage_a32__greedy,false,,student,46.9378,70.0786,,,,,projects/distillation/translation/runs/translategemma4b_es_en_gemma3_1b_full_20260303_114100/stage_a/checkpoint-032000,,128,projects/distillation/translation/runs/translategemma4b_es_en_gemma3_1b_full_train1280_20260303_114100/ablation_stage_decode_20260304_094102/eval3_indomain_clean__stage_a32__greedy/compare_eval_summary.json,,,,,,,,,,,,,,
translategemma4b_es_en_gemma3_1b_stagea_goldgrid_rows1920_bf16_20260308T164813Z,indomain_clean_merged_en_es_translation_benchmark_128,projects/distillation/translation/training_data/translate_distill_pairs.eval3_indomain_clean_merged_128.jsonl,stage_a_checkpoint_sweep_greedy/eval3_indomain_clean__checkpoint-006000__greedy,false,,student,46.8090,69.8480,39.2681,69.0260,7.5409,0.8221,projects/distillation/translation/runs/translategemma4b_es_en_gemma3_1b_stagea_goldgrid_rows1920_bf16_20260308T164813Z/stage_a/checkpoint-006000,/home/x/.cache/huggingface/hub/models--google--translategemma-4b-it/snapshots/10042cb0e6e7fdce748996a71dc3dc432a4e0c89,128,projects/distillation/translation/runs/translategemma4b_es_en_gemma3_1b_stagea_goldgrid_rows1920_bf16_20260308T164813Z/stage_a_checkpoint_sweep_greedy/eval3_indomain_clean__checkpoint-006000__greedy/compare_eval_summary.json,,,,,,,,,,,,,,
translategemma4b_es_en_gemma3_1b_stagea_goldgrid_rows1920_bf16_20260308T164813Z,indomain_clean_merged_en_es_translation_benchmark_128,projects/distillation/translation/training_data/translate_distill_pairs.eval3_indomain_clean_merged_128.jsonl,stage_a_checkpoint_sweep_greedy/eval3_indomain_clean__checkpoint-008000__greedy,false,,student,46.7597,69.8898,39.2681,69.0260,7.4916,0.8638,projects/distillation/translation/runs/translategemma4b_es_en_gemma3_1b_stagea_goldgrid_rows1920_bf16_20260308T164813Z/stage_a/checkpoint-008000,/home/x/.cache/huggingface/hub/models--google--translategemma-4b-it/snapshots/10042cb0e6e7fdce748996a71dc3dc432a4e0c89,128,projects/distillation/translation/runs/translategemma4b_es_en_gemma3_1b_stagea_goldgrid_rows1920_bf16_20260308T164813Z/stage_a_checkpoint_sweep_greedy/eval3_indomain_clean__checkpoint-008000__greedy/compare_eval_summary.json,,,,,,,,,,,,,,
translategemma4b_es_en_gemma3_1b_stagea_goldgrid_rows1280_bf16_20260309T185602Z,indomain_clean_merged_en_es_translation_benchmark_128,projects/distillation/translation/training_data/translate_distill_pairs.eval3_indomain_clean_merged_128.jsonl,stage_a_checkpoint_sweep_greedy/eval3_indomain_clean__checkpoint-002000__greedy,false,,student,46.6153,70.5080,39.2681,69.0260,7.3472,1.4820,projects/distillation/translation/runs/translategemma4b_es_en_gemma3_1b_stagea_goldgrid_rows1280_bf16_20260309T185602Z/stage_a/checkpoint-002000,/home/x/.cache/huggingface/hub/models--google--translategemma-4b-it/snapshots/10042cb0e6e7fdce748996a71dc3dc432a4e0c89,128,projects/distillation/translation/runs/translategemma4b_es_en_gemma3_1b_stagea_goldgrid_rows1280_bf16_20260309T185602Z/stage_a_checkpoint_sweep_greedy/eval3_indomain_clean__checkpoint-002000__greedy/compare_eval_summary.json,,,,,,,,,,,,,,
translategemma4b_es_en_gemma3_1b_stagea_goldgrid_rows1920_bf16_20260310T005321Z,indomain_clean_merged_en_es_translation_benchmark_128,projects/distillation/translation/training_data/translate_distill_pairs.eval3_indomain_clean_merged_128.jsonl,stage_a_checkpoint_sweep_greedy/eval3_indomain_clean__checkpoint-002000__greedy,false,,student,46.5905,69.7971,39.2681,69.0260,7.3225,0.7711,projects/distillation/translation/runs/translategemma4b_es_en_gemma3_1b_stagea_goldgrid_rows1920_bf16_20260310T005321Z/stage_a/checkpoint-002000,/home/x/.cache/huggingface/hub/models--google--translategemma-4b-it/snapshots/10042cb0e6e7fdce748996a71dc3dc432a4e0c89,128,projects/distillation/translation/runs/translategemma4b_es_en_gemma3_1b_stagea_goldgrid_rows1920_bf16_20260310T005321Z/stage_a_checkpoint_sweep_greedy/eval3_indomain_clean__checkpoint-002000__greedy/compare_eval_summary.json,,,,,,,,,,,,,,
translategemma4b_es_en_gemma3_1b_stagea_goldgrid_rows1920_bf16_20260310T001204Z,indomain_clean_merged_en_es_translation_benchmark_128,projects/distillation/translation/training_data/translate_distill_pairs.eval3_indomain_clean_merged_128.jsonl,stage_a_checkpoint_sweep_greedy/eval3_indomain_clean__checkpoint-004000__greedy,false,,student,46.5402,70.9114,39.2681,69.0260,7.2721,1.8854,projects/distillation/translation/runs/translategemma4b_es_en_gemma3_1b_stagea_goldgrid_rows1920_bf16_20260310T001204Z/stage_a/checkpoint-004000,/home/x/.cache/huggingface/hub/models--google--translategemma-4b-it/snapshots/10042cb0e6e7fdce748996a71dc3dc432a4e0c89,128,projects/distillation/translation/runs/translategemma4b_es_en_gemma3_1b_stagea_goldgrid_rows1920_bf16_20260310T001204Z/stage_a_checkpoint_sweep_greedy/eval3_indomain_clean__checkpoint-004000__greedy/compare_eval_summary.json,,,,,,,,,,,,,,
translategemma4b_es_en_gemma3_1b_stagea_goldgrid_rows1920_bf16_20260308T164813Z,indomain_clean_merged_en_es_translation_benchmark_128,projects/distillation/translation/training_data/translate_distill_pairs.eval3_indomain_clean_merged_128.jsonl,stage_a_checkpoint_sweep_greedy/eval3_indomain_clean__checkpoint-004000__greedy,false,,student,46.3742,69.5169,39.2681,69.0260,7.1061,0.4910,projects/distillation/translation/runs/translategemma4b_es_en_gemma3_1b_stagea_goldgrid_rows1920_bf16_20260308T164813Z/stage_a/checkpoint-004000,/home/x/.cache/huggingface/hub/models--google--translategemma-4b-it/snapshots/10042cb0e6e7fdce748996a71dc3dc432a4e0c89,128,projects/distillation/translation/runs/translategemma4b_es_en_gemma3_1b_stagea_goldgrid_rows1920_bf16_20260308T164813Z/stage_a_checkpoint_sweep_greedy/eval3_indomain_clean__checkpoint-004000__greedy/compare_eval_summary.json,,,,,,,,,,,,,,
translategemma4b_es_en_gemma3_1b_full_train1280_20260303_114100,indomain_clean_merged_en_es_translation_benchmark_128,projects/distillation/translation/training_data/translate_distill_pairs.eval3_indomain_clean_merged_128.jsonl,ablation_stage_decode_20260304_094102/eval3_indomain_clean__stage_a32__sampled,false,,student,46.2854,69.7740,,,,,projects/distillation/translation/runs/translategemma4b_es_en_gemma3_1b_full_20260303_114100/stage_a/checkpoint-032000,,128,projects/distillation/translation/runs/translategemma4b_es_en_gemma3_1b_full_train1280_20260303_114100/ablation_stage_decode_20260304_094102/eval3_indomain_clean__stage_a32__sampled/compare_eval_summary.json,,,,,,,,,,,,,,
translategemma4b_es_en_gemma3_1b_stagea_goldgrid_rows1568_bf16_codexdense_pack06_prune10_seed42_500ckpts_v1,indomain_clean_merged_en_es_translation_benchmark_128,projects/distillation/translation/training_data/translate_distill_pairs.eval3_indomain_clean_merged_128.jsonl,stage_a_checkpoint_sweep_greedy/eval3_indomain_clean__checkpoint-000500__greedy,false,,student,46.0998,67.3583,,,,,projects/distillation/translation/runs/translategemma4b_es_en_gemma3_1b_stagea_goldgrid_rows1568_bf16_codexdense_pack06_prune10_seed42_500ckpts_v1/stage_a/checkpoint-000500,,128,projects/distillation/translation/runs/translategemma4b_es_en_gemma3_1b_stagea_goldgrid_rows1568_bf16_codexdense_pack06_prune10_seed42_500ckpts_v1/stage_a_checkpoint_sweep_greedy/eval3_indomain_clean__checkpoint-000500__greedy/compare_eval_summary.json,47.9297,67.6441,,64.0000,41.8991,67.0119,,64.0000,128.0000,causal-chat,gemma_causal_lm,false,,
translategemma4b_es_en_gemma3_1b_stagea_goldgrid_rows1600_bf16_codexreplace05_pack06_defer_studentonly_v1,indomain_clean_merged_en_es_translation_benchmark_128,projects/distillation/translation/training_data/translate_distill_pairs.eval3_indomain_clean_merged_128.jsonl,stage_a_checkpoint_sweep_greedy/eval3_indomain_clean__checkpoint-000500__greedy,false,,student,45.9923,67.4306,,,,,projects/distillation/translation/runs/translategemma4b_es_en_gemma3_1b_stagea_goldgrid_rows1600_bf16_codexreplace05_pack06_defer_studentonly_v1/stage_a/checkpoint-000500,,128,projects/distillation/translation/runs/translategemma4b_es_en_gemma3_1b_stagea_goldgrid_rows1600_bf16_codexreplace05_pack06_defer_studentonly_v1/stage_a_checkpoint_sweep_greedy/eval3_indomain_clean__checkpoint-000500__greedy/compare_eval_summary.json,49.5475,68.4686,,64.0000,40.9543,66.1746,,64.0000,128.0000,causal-chat,gemma_causal_lm,false,,
translategemma4b_es_en_gemma3_1b_stagea_goldgrid_rows1920_bf16_20260310T005321Z,indomain_clean_merged_en_es_translation_benchmark_128,projects/distillation/translation/training_data/translate_distill_pairs.eval3_indomain_clean_merged_128.jsonl,stage_a_checkpoint_sweep_greedy/eval3_indomain_clean__checkpoint-004000__greedy,false,,student,45.8440,70.1927,39.2681,69.0260,6.5759,1.1667,projects/distillation/translation/runs/translategemma4b_es_en_gemma3_1b_stagea_goldgrid_rows1920_bf16_20260310T005321Z/stage_a/checkpoint-004000,/home/x/.cache/huggingface/hub/models--google--translategemma-4b-it/snapshots/10042cb0e6e7fdce748996a71dc3dc432a4e0c89,128,projects/distillation/translation/runs/translategemma4b_es_en_gemma3_1b_stagea_goldgrid_rows1920_bf16_20260310T005321Z/stage_a_checkpoint_sweep_greedy/eval3_indomain_clean__checkpoint-004000__greedy/compare_eval_summary.json,48.3172,70.6265,,64.0000,42.6061,69.6612,,64.0000,128.0000,causal-chat,gemma_causal_lm,false,,
baseline__google__translategemma-4b-it__2026-03-10T134941Z,indomain_clean_merged_en_es_translation_benchmark_128,projects/distillation/translation/training_data/translate_distill_pairs.eval3_indomain_clean_merged_128.jsonl,baseline_checkpoint_sweep_greedy/eval3_indomain_clean__final__greedy,true,TranslateGemma 4B IT,baseline,45.5415,70.9157,,,,,google/translategemma-4b-it,,128,projects/distillation/translation/runs/baseline__google__translategemma-4b-it__2026-03-10T134941Z/baseline_checkpoint_sweep_greedy/eval3_indomain_clean__final__greedy/compare_eval_summary.json,51.4094,73.0995,,64.0000,37.8294,68.2249,,64.0000,128.0000,causal-chat,gemma_causal_lm,false,0,4B
translategemma4b_es_en_gemma3_1b_stagea_goldgrid_rows1600_bf16_codexextend_pack06_replace10_6k_dense500_defer_studentonly_v1,indomain_clean_merged_en_es_translation_benchmark_128,projects/distillation/translation/training_data/translate_distill_pairs.eval3_indomain_clean_merged_128.jsonl,stage_a_checkpoint_sweep_greedy/eval3_indomain_clean__checkpoint-000500__greedy,false,,student,44.8426,65.1687,,,,,projects/distillation/translation/runs/translategemma4b_es_en_gemma3_1b_stagea_goldgrid_rows1600_bf16_codexextend_pack06_replace10_6k_dense500_defer_studentonly_v1/stage_a/checkpoint-000500,,128,projects/distillation/translation/runs/translategemma4b_es_en_gemma3_1b_stagea_goldgrid_rows1600_bf16_codexextend_pack06_replace10_6k_dense500_defer_studentonly_v1/stage_a_checkpoint_sweep_greedy/eval3_indomain_clean__checkpoint-000500__greedy/compare_eval_summary.json,47.3581,66.1219,,64.0000,39.9487,64.0214,,64.0000,128.0000,causal-chat,gemma_causal_lm,false,,
translategemma4b_es_en_gemma3_1b_stagea_goldgrid_rows2560_bf16_20260309T195639Z,indomain_clean_merged_en_es_translation_benchmark_128,projects/distillation/translation/training_data/translate_distill_pairs.eval3_indomain_clean_merged_128.jsonl,stage_a_checkpoint_sweep_greedy/eval3_indomain_clean__checkpoint-002000__greedy,false,,student,44.6716,70.1758,39.2681,69.0260,5.4035,1.1499,projects/distillation/translation/runs/translategemma4b_es_en_gemma3_1b_stagea_goldgrid_rows2560_bf16_20260309T195639Z/stage_a/checkpoint-002000,/home/x/.cache/huggingface/hub/models--google--translategemma-4b-it/snapshots/10042cb0e6e7fdce748996a71dc3dc432a4e0c89,128,projects/distillation/translation/runs/translategemma4b_es_en_gemma3_1b_stagea_goldgrid_rows2560_bf16_20260309T195639Z/stage_a_checkpoint_sweep_greedy/eval3_indomain_clean__checkpoint-002000__greedy/compare_eval_summary.json,,,,,,,,,,,,,,
translategemma4b_es_en_gemma3_1b_stagea_goldgrid_rows2560_bf16_20260309T022454Z,indomain_clean_merged_en_es_translation_benchmark_128,projects/distillation/translation/training_data/translate_distill_pairs.eval3_indomain_clean_merged_128.jsonl,stage_a_checkpoint_sweep_greedy/eval3_indomain_clean__checkpoint-001500__greedy,false,,student,43.7387,69.1177,39.2681,69.0260,4.4707,0.0917,projects/distillation/translation/runs/translategemma4b_es_en_gemma3_1b_stagea_goldgrid_rows2560_bf16_20260309T022454Z/stage_a/checkpoint-001500,/home/x/.cache/huggingface/hub/models--google--translategemma-4b-it/snapshots/10042cb0e6e7fdce748996a71dc3dc432a4e0c89,128,projects/distillation/translation/runs/translategemma4b_es_en_gemma3_1b_stagea_goldgrid_rows2560_bf16_20260309T022454Z/stage_a_checkpoint_sweep_greedy/eval3_indomain_clean__checkpoint-001500__greedy/compare_eval_summary.json,,,,,,,,,,,,,,
translategemma4b_es_en_gemma3_1b_full_train1280_20260303_114100,indomain_clean_merged_en_es_translation_benchmark_128,projects/distillation/translation/training_data/translate_distill_pairs.eval3_indomain_clean_merged_128.jsonl,ablation_stage_decode_20260304_094102/eval3_indomain_clean__teacher4b__greedy,false,,teacher_baseline,39.2681,69.0260,,,,,/home/x/.cache/huggingface/hub/models--google--translategemma-4b-it/snapshots/10042cb0e6e7fdce748996a71dc3dc432a4e0c89,,128,projects/distillation/translation/runs/translategemma4b_es_en_gemma3_1b_full_train1280_20260303_114100/ablation_stage_decode_20260304_094102/eval3_indomain_clean__teacher4b__greedy/compare_eval_summary.json,,,,,,,,,,,,,,
baseline__google__translategemma-4b-it__2026-03-10T014945Z,indomain_clean_merged_en_es_translation_benchmark_128,projects/distillation/translation/training_data/translate_distill_pairs.eval3_indomain_clean_merged_128.jsonl,eval3_indomain_clean__greedy,true,TranslateGemma 4B IT,baseline,35.6382,67.9067,,,,,google/translategemma-4b-it,,128,projects/distillation/translation/runs/baseline__google__translategemma-4b-it__2026-03-10T014945Z/eval3_indomain_clean__greedy/compare_eval_summary.json,39.6114,69.9316,,64.0000,30.3643,65.4033,,64.0000,128.0000,causal-chat,gemma_causal_lm,false,0,4B
translategemma4b_es_en_gemma3_1b_full_train1280_20260303_114100,indomain_clean_merged_en_es_translation_benchmark_128,projects/distillation/translation/training_data/translate_distill_pairs.eval3_indomain_clean_merged_128.jsonl,ablation_stage_decode_20260304_094102/eval3_indomain_clean__final__sampled,false,,student,19.3169,42.6927,,,,,projects/distillation/translation/runs/translategemma4b_es_en_gemma3_1b_full_20260303_114100/final,,128,projects/distillation/translation/runs/translategemma4b_es_en_gemma3_1b_full_train1280_20260303_114100/ablation_stage_decode_20260304_094102/eval3_indomain_clean__final__sampled/compare_eval_summary.json,,,,,,,,,,,,,,
translategemma4b_es_en_gemma3_1b_full_train1280_20260303_114100,indomain_clean_merged_en_es_translation_benchmark_128,projects/distillation/translation/training_data/translate_distill_pairs.eval3_indomain_clean_merged_128.jsonl,ablation_stage_decode_20260304_094102/eval3_indomain_clean__final__greedy,false,,student,18.7825,41.3420,,,,,projects/distillation/translation/runs/translategemma4b_es_en_gemma3_1b_full_20260303_114100/final,,128,projects/distillation/translation/runs/translategemma4b_es_en_gemma3_1b_full_train1280_20260303_114100/ablation_stage_decode_20260304_094102/eval3_indomain_clean__final__greedy/compare_eval_summary.json,,,,,,,,,,,,,,
baseline__google__gemma-3-1b-it__2026-03-10T020400Z,indomain_clean_merged_en_es_translation_benchmark_128,projects/distillation/translation/training_data/translate_distill_pairs.eval3_indomain_clean_merged_128.jsonl,baseline_checkpoint_sweep_greedy/eval3_indomain_clean__final__greedy,true,Gemma 3 1B IT,baseline,1.2862,21.3217,,,,,google/gemma-3-1b-it,,128,projects/distillation/translation/runs/baseline__google__gemma-3-1b-it__2026-03-10T020400Z/baseline_checkpoint_sweep_greedy/eval3_indomain_clean__final__greedy/compare_eval_summary.json,1.0249,21.2576,,64.0000,1.6540,21.4049,,64.0000,128.0000,causal-chat,gemma_causal_lm,false,0,1B
baseline__google__gemma-3-1b-it__2026-03-10T135924Z,indomain_clean_merged_en_es_translation_benchmark_128,projects/distillation/translation/training_data/translate_distill_pairs.eval3_indomain_clean_merged_128.jsonl,baseline_checkpoint_sweep_greedy/eval3_indomain_clean__final__greedy,true,Gemma 3 1B IT,baseline,0.9504,21.3408,,,,,google/gemma-3-1b-it,,128,projects/distillation/translation/runs/baseline__google__gemma-3-1b-it__2026-03-10T135924Z/baseline_checkpoint_sweep_greedy/eval3_indomain_clean__final__greedy/compare_eval_summary.json,0.5961,20.9844,,64.0000,1.3883,21.7828,,64.0000,128.0000,causal-chat,gemma_causal_lm,false,0,1B
translategemma4b_es_en_gemma3_1b_full_train1280_20260303_114100,translate_distill_pairs.eval.jsonl,projects/distillation/translation/training_data/translate_distill_pairs.eval.jsonl,eval_bleu_vs_teacher_enes_20260304_083646_offlinefix,false,,student,82.5093,,52.4160,,30.0933,,projects/distillation/translation/runs/translategemma4b_es_en_gemma3_1b_full_20260303_114100/final,/home/x/.cache/huggingface/hub/models--google--translategemma-4b-it/snapshots/10042cb0e6e7fdce748996a71dc3dc432a4e0c89,128,projects/distillation/translation/runs/translategemma4b_es_en_gemma3_1b_full_train1280_20260303_114100/eval_bleu_vs_teacher_enes_20260304_083646_offlinefix/compare_eval_summary.json,,,,,,,,,,,,,,
