run_name,eval_set,pairs,eval_dir,is_baseline,display_name,model_role,student_bleu,student_chrf,teacher_bleu,teacher_chrf,delta_bleu,delta_chrf,student_model,teacher_model,eval_samples,compare_summary_path,en_es_bleu,en_es_chrf,en_es_comet,en_es_sample_count,es_en_bleu,es_en_chrf,es_en_comet,es_en_sample_count,total_sample_count,execution_mode,arch,comet_available,quality_tier,params
translategemma4b_es_en_gemma3_1b_full_train17532_real1b_20260305_210210,indomain_clean_merged_en_es_translation_benchmark_128,projects/distillation/translation/training_data/translate_distill_pairs.eval3_indomain_clean_merged_128.jsonl,eval_stagea32_eval3_greedy_20260306,false,,student,87.4218,97.4243,,,,,projects/distillation/translation/runs/translategemma4b_es_en_gemma3_1b_full_train17532_real1b_20260305_210210/stage_a/checkpoint-032000,,128,projects/distillation/translation/runs/translategemma4b_es_en_gemma3_1b_full_train17532_real1b_20260305_210210/eval_stagea32_eval3_greedy_20260306/compare_eval_summary.json,,,,,,,,,,,,,,
translategemma4b_es_en_gemma3_1b_full_train17532_real1b_20260305_210210,indomain_clean_merged_en_es_translation_benchmark_128,projects/distillation/translation/training_data/translate_distill_pairs.eval3_indomain_clean_merged_128.jsonl,eval_stageb002000_indomain_clean_greedy_20260306,false,,student,87.3266,97.2802,,,,,projects/distillation/translation/runs/translategemma4b_es_en_gemma3_1b_full_train17532_real1b_20260305_210210/stage_b/checkpoint-002000,,128,projects/distillation/translation/runs/translategemma4b_es_en_gemma3_1b_full_train17532_real1b_20260305_210210/eval_stageb002000_indomain_clean_greedy_20260306/compare_eval_summary.json,,,,,,,,,,,,,,
translategemma4b_es_en_gemma3_1b_full_train17532_real1b_20260305_210210,indomain_clean_merged_en_es_translation_benchmark_128,projects/distillation/translation/training_data/translate_distill_pairs.eval3_indomain_clean_merged_128.jsonl,eval_stagea22k_eval3_greedy_20260306_rerun_tmux,false,,student,87.1698,97.2928,39.1485,68.9521,48.0213,28.3407,projects/distillation/translation/runs/translategemma4b_es_en_gemma3_1b_full_train17532_real1b_20260305_210210/stage_a/checkpoint-022000,/home/x/.cache/huggingface/hub/models--google--translategemma-4b-it/snapshots/10042cb0e6e7fdce748996a71dc3dc432a4e0c89,128,projects/distillation/translation/runs/translategemma4b_es_en_gemma3_1b_full_train17532_real1b_20260305_210210/eval_stagea22k_eval3_greedy_20260306_rerun_tmux/compare_eval_summary.json,,,,,,,,,,,,,,
translategemma4b_es_en_gemma3_1b_full_train17532_real1b_20260305_210210,indomain_clean_merged_en_es_translation_benchmark_128,projects/distillation/translation/training_data/translate_distill_pairs.eval3_indomain_clean_merged_128.jsonl,eval_stagea12k_eval3_greedy_20260306_rerun_tmux,false,,student,86.5173,96.6936,39.1485,68.9521,47.3687,27.7415,projects/distillation/translation/runs/translategemma4b_es_en_gemma3_1b_full_train17532_real1b_20260305_210210/stage_a/checkpoint-012000,/home/x/.cache/huggingface/hub/models--google--translategemma-4b-it/snapshots/10042cb0e6e7fdce748996a71dc3dc432a4e0c89,128,projects/distillation/translation/runs/translategemma4b_es_en_gemma3_1b_full_train17532_real1b_20260305_210210/eval_stagea12k_eval3_greedy_20260306_rerun_tmux/compare_eval_summary.json,,,,,,,,,,,,,,
baseline__helsinki-nlp__opus-mt-en-es__2026-03-10T020411Z,indomain_clean_merged_en_es_translation_benchmark_128,projects/distillation/translation/training_data/translate_distill_pairs.eval3_indomain_clean_merged_128.jsonl,baseline_checkpoint_sweep_greedy/eval3_indomain_clean__final__greedy,true,OPUS MT EN-ES,baseline,61.2861,76.7630,,,,,Helsinki-NLP/opus-mt-en-es,,64,projects/distillation/translation/runs/baseline__helsinki-nlp__opus-mt-en-es__2026-03-10T020411Z/baseline_checkpoint_sweep_greedy/eval3_indomain_clean__final__greedy/compare_eval_summary.json,61.2861,76.7630,,64.0000,,,,,64.0000,seq2seq,marian_seq2seq,false,3,74M
baseline__facebook__m2m100_1.2b__2026-03-10T025214Z,indomain_clean_merged_en_es_translation_benchmark_128,projects/distillation/translation/training_data/translate_distill_pairs.eval3_indomain_clean_merged_128.jsonl,baseline_checkpoint_sweep_greedy/eval3_indomain_clean__final__greedy,true,M2M100 1.2B,baseline,60.3346,76.8958,,,,,facebook/m2m100_1.2B,,128,projects/distillation/translation/runs/baseline__facebook__m2m100_1.2b__2026-03-10T025214Z/baseline_checkpoint_sweep_greedy/eval3_indomain_clean__final__greedy/compare_eval_summary.json,60.6586,76.9802,,64.0000,59.8962,76.7931,,64.0000,128.0000,seq2seq,m2m100_seq2seq,false,2,1.2B
baseline__facebook__nllb-200-distilled-600m__2026-03-10T014951Z,indomain_clean_merged_en_es_translation_benchmark_128,projects/distillation/translation/training_data/translate_distill_pairs.eval3_indomain_clean_merged_128.jsonl,eval3_indomain_clean__greedy,true,NLLB 200 Distilled 600M,baseline,59.4292,76.3280,,,,,facebook/nllb-200-distilled-600M,,128,projects/distillation/translation/runs/baseline__facebook__nllb-200-distilled-600m__2026-03-10T014951Z/eval3_indomain_clean__greedy/compare_eval_summary.json,63.7921,77.5126,,64.0000,53.9625,74.8807,,64.0000,128.0000,seq2seq,nllb_seq2seq,false,2,600M
baseline__facebook__nllb-200-distilled-1.3b__2026-03-10T023424Z,indomain_clean_merged_en_es_translation_benchmark_128,projects/distillation/translation/training_data/translate_distill_pairs.eval3_indomain_clean_merged_128.jsonl,baseline_checkpoint_sweep_greedy/eval3_indomain_clean__final__greedy,true,NLLB 200 Distilled 1.3B,baseline,58.8747,76.8520,,,,,facebook/nllb-200-distilled-1.3B,,128,projects/distillation/translation/runs/baseline__facebook__nllb-200-distilled-1.3b__2026-03-10T023424Z/baseline_checkpoint_sweep_greedy/eval3_indomain_clean__final__greedy/compare_eval_summary.json,63.5161,78.0434,,64.0000,53.1136,75.3928,,64.0000,128.0000,seq2seq,nllb_seq2seq,false,1,1.3B
baseline__helsinki-nlp__opus-mt-es-en__2026-03-10T022943Z,indomain_clean_merged_en_es_translation_benchmark_128,projects/distillation/translation/training_data/translate_distill_pairs.eval3_indomain_clean_merged_128.jsonl,baseline_checkpoint_sweep_greedy/eval3_indomain_clean__final__greedy,true,OPUS MT ES-EN,baseline,58.5298,76.7342,,,,,Helsinki-NLP/opus-mt-es-en,,64,projects/distillation/translation/runs/baseline__helsinki-nlp__opus-mt-es-en__2026-03-10T022943Z/baseline_checkpoint_sweep_greedy/eval3_indomain_clean__final__greedy/compare_eval_summary.json,,,,,58.5298,76.7342,,64.0000,64.0000,seq2seq,marian_seq2seq,false,3,74M
translategemma4b_es_en_gemma3_1b_stagea_goldgrid_rows1600_bf16_codexextend_pack06_replace10_6k_dense500_defer_studentonly_v1,indomain_clean_merged_en_es_translation_benchmark_128,projects/distillation/translation/training_data/translate_distill_pairs.eval3_indomain_clean_merged_128.jsonl,stage_a_checkpoint_sweep_greedy/eval3_indomain_clean__checkpoint-002500__greedy,false,,student,56.2462,73.1068,,,,,projects/distillation/translation/runs/translategemma4b_es_en_gemma3_1b_stagea_goldgrid_rows1600_bf16_codexextend_pack06_replace10_6k_dense500_defer_studentonly_v1/stage_a/checkpoint-002500,,128,projects/distillation/translation/runs/translategemma4b_es_en_gemma3_1b_stagea_goldgrid_rows1600_bf16_codexextend_pack06_replace10_6k_dense500_defer_studentonly_v1/stage_a_checkpoint_sweep_greedy/eval3_indomain_clean__checkpoint-002500__greedy/compare_eval_summary.json,59.1729,73.7385,,64.0000,52.5443,72.3362,,64.0000,128.0000,causal-chat,gemma_causal_lm,false,,
translategemma4b_es_en_gemma3_1b_stagea_goldgrid_rows1920_bf16_20260310T224540Z,indomain_clean_merged_en_es_translation_benchmark_128,projects/distillation/translation/training_data/translate_distill_pairs.eval3_indomain_clean_merged_128.jsonl,stage_a_checkpoint_sweep_greedy/eval3_indomain_clean__checkpoint-002000__greedy,false,,student,56.2174,72.9556,45.5415,70.9157,10.6759,2.0399,projects/distillation/translation/runs/translategemma4b_es_en_gemma3_1b_stagea_goldgrid_rows1920_bf16_20260310T224540Z/stage_a/checkpoint-002000,/home/x/.cache/huggingface/hub/models--google--translategemma-4b-it/snapshots/10042cb0e6e7fdce748996a71dc3dc432a4e0c89,128,projects/distillation/translation/runs/translategemma4b_es_en_gemma3_1b_stagea_goldgrid_rows1920_bf16_20260310T224540Z/stage_a_checkpoint_sweep_greedy/eval3_indomain_clean__checkpoint-002000__greedy/compare_eval_summary.json,58.3441,72.6763,,64.0000,53.5744,73.2956,,64.0000,128.0000,causal-chat,gemma_causal_lm,false,,
translategemma4b_es_en_gemma3_1b_stagea_goldgrid_rows1920_bf16_20260311T225020Z,indomain_clean_merged_en_es_translation_benchmark_128,projects/distillation/translation/training_data/translate_distill_pairs.eval3_indomain_clean_merged_128.jsonl,stage_a_checkpoint_sweep_greedy/eval3_indomain_clean__checkpoint-004000__greedy,false,,student,56.0758,73.9235,45.5415,70.9157,10.5343,3.0078,projects/distillation/translation/runs/translategemma4b_es_en_gemma3_1b_stagea_goldgrid_rows1920_bf16_20260311T225020Z/stage_a/checkpoint-004000,/home/x/.cache/huggingface/hub/models--google--translategemma-4b-it/snapshots/10042cb0e6e7fdce748996a71dc3dc432a4e0c89,128,projects/distillation/translation/runs/translategemma4b_es_en_gemma3_1b_stagea_goldgrid_rows1920_bf16_20260311T225020Z/stage_a_checkpoint_sweep_greedy/eval3_indomain_clean__checkpoint-004000__greedy/compare_eval_summary.json,61.0280,75.3205,,64.0000,49.9167,72.2209,,64.0000,128.0000,causal-chat,gemma_causal_lm,false,,
translategemma4b_es_en_gemma3_1b_stagea_goldgrid_rows1600_bf16_codexextend_pack06_replace10_6k_dense500_defer_studentonly_v1,indomain_clean_merged_en_es_translation_benchmark_128,projects/distillation/translation/training_data/translate_distill_pairs.eval3_indomain_clean_merged_128.jsonl,stage_a_checkpoint_sweep_greedy/eval3_indomain_clean__checkpoint-003000__greedy,false,,student,56.0748,72.6944,,,,,projects/distillation/translation/runs/translategemma4b_es_en_gemma3_1b_stagea_goldgrid_rows1600_bf16_codexextend_pack06_replace10_6k_dense500_defer_studentonly_v1/stage_a/checkpoint-003000,,128,projects/distillation/translation/runs/translategemma4b_es_en_gemma3_1b_stagea_goldgrid_rows1600_bf16_codexextend_pack06_replace10_6k_dense500_defer_studentonly_v1/stage_a_checkpoint_sweep_greedy/eval3_indomain_clean__checkpoint-003000__greedy/compare_eval_summary.json,59.2346,73.2475,,64.0000,52.1216,72.0195,,64.0000,128.0000,causal-chat,gemma_causal_lm,false,,
translategemma4b_es_en_gemma3_1b_stagea_goldgrid_rows1920_bf16_20260311T233133Z,indomain_clean_merged_en_es_translation_benchmark_128,projects/distillation/translation/training_data/translate_distill_pairs.eval3_indomain_clean_merged_128.jsonl,stage_a_checkpoint_sweep_greedy/eval3_indomain_clean__checkpoint-004000__greedy,false,,student,55.9867,73.3200,45.5415,70.9157,10.4451,2.4043,projects/distillation/translation/runs/translategemma4b_es_en_gemma3_1b_stagea_goldgrid_rows1920_bf16_20260311T233133Z/stage_a/checkpoint-004000,/home/x/.cache/huggingface/hub/models--google--translategemma-4b-it/snapshots/10042cb0e6e7fdce748996a71dc3dc432a4e0c89,128,projects/distillation/translation/runs/translategemma4b_es_en_gemma3_1b_stagea_goldgrid_rows1920_bf16_20260311T233133Z/stage_a_checkpoint_sweep_greedy/eval3_indomain_clean__checkpoint-004000__greedy/compare_eval_summary.json,59.3961,73.8618,,64.0000,51.6609,72.6596,,64.0000,128.0000,causal-chat,gemma_causal_lm,false,,
translategemma4b_es_en_gemma3_1b_stagea_goldgrid_rows1568_bf16_codexlow_pack04_random10_defer_studentonly_v1,indomain_clean_merged_en_es_translation_benchmark_128,projects/distillation/translation/training_data/translate_distill_pairs.eval3_indomain_clean_merged_128.jsonl,stage_a_checkpoint_sweep_greedy/eval3_indomain_clean__checkpoint-002000__greedy,false,,student,55.9294,73.0533,,,,,projects/distillation/translation/runs/translategemma4b_es_en_gemma3_1b_stagea_goldgrid_rows1568_bf16_codexlow_pack04_random10_defer_studentonly_v1/stage_a/checkpoint-002000,,128,projects/distillation/translation/runs/translategemma4b_es_en_gemma3_1b_stagea_goldgrid_rows1568_bf16_codexlow_pack04_random10_defer_studentonly_v1/stage_a_checkpoint_sweep_greedy/eval3_indomain_clean__checkpoint-002000__greedy/compare_eval_summary.json,59.5174,73.4166,,64.0000,51.3638,72.6100,,64.0000,128.0000,causal-chat,gemma_causal_lm,false,,
translategemma4b_es_en_gemma3_1b_stagea_goldgrid_rows1600_bf16_codexextend_pack06_replace10_6k_dense500_defer_studentonly_v1,indomain_clean_merged_en_es_translation_benchmark_128,projects/distillation/translation/training_data/translate_distill_pairs.eval3_indomain_clean_merged_128.jsonl,stage_a_checkpoint_sweep_greedy/eval3_indomain_clean__checkpoint-006000__greedy,false,,student,55.6218,72.4497,,,,,projects/distillation/translation/runs/translategemma4b_es_en_gemma3_1b_stagea_goldgrid_rows1600_bf16_codexextend_pack06_replace10_6k_dense500_defer_studentonly_v1/stage_a/checkpoint-006000,,128,projects/distillation/translation/runs/translategemma4b_es_en_gemma3_1b_stagea_goldgrid_rows1600_bf16_codexextend_pack06_replace10_6k_dense500_defer_studentonly_v1/stage_a_checkpoint_sweep_greedy/eval3_indomain_clean__checkpoint-006000__greedy/compare_eval_summary.json,58.5180,72.4628,,64.0000,51.9843,72.4332,,64.0000,128.0000,causal-chat,gemma_causal_lm,false,,
translategemma4b_es_en_gemma3_1b_stagea_goldgrid_rows1568_bf16_codexlow_pack04_random10_defer_studentonly_v1,indomain_clean_merged_en_es_translation_benchmark_128,projects/distillation/translation/training_data/translate_distill_pairs.eval3_indomain_clean_merged_128.jsonl,stage_a_checkpoint_sweep_greedy/eval3_indomain_clean__checkpoint-003000__greedy,false,,student,55.5626,73.2671,,,,,projects/distillation/translation/runs/translategemma4b_es_en_gemma3_1b_stagea_goldgrid_rows1568_bf16_codexlow_pack04_random10_defer_studentonly_v1/stage_a/checkpoint-003000,,128,projects/distillation/translation/runs/translategemma4b_es_en_gemma3_1b_stagea_goldgrid_rows1568_bf16_codexlow_pack04_random10_defer_studentonly_v1/stage_a_checkpoint_sweep_greedy/eval3_indomain_clean__checkpoint-003000__greedy/compare_eval_summary.json,59.4704,73.6680,,64.0000,50.5799,72.7780,,64.0000,128.0000,causal-chat,gemma_causal_lm,false,,
translategemma4b_es_en_gemma3_1b_stagea_goldgrid_rows1600_bf16_codexreplace05_pack06_6k_dense500_defer_studentonly_v1,indomain_clean_merged_en_es_translation_benchmark_128,projects/distillation/translation/training_data/translate_distill_pairs.eval3_indomain_clean_merged_128.jsonl,stage_a_checkpoint_sweep_greedy/eval3_indomain_clean__checkpoint-002500__greedy,false,,student,55.5306,72.9752,,,,,projects/distillation/translation/runs/translategemma4b_es_en_gemma3_1b_stagea_goldgrid_rows1600_bf16_codexreplace05_pack06_6k_dense500_defer_studentonly_v1/stage_a/checkpoint-002500,,128,projects/distillation/translation/runs/translategemma4b_es_en_gemma3_1b_stagea_goldgrid_rows1600_bf16_codexreplace05_pack06_6k_dense500_defer_studentonly_v1/stage_a_checkpoint_sweep_greedy/eval3_indomain_clean__checkpoint-002500__greedy/compare_eval_summary.json,59.6113,74.4307,,64.0000,50.4002,71.1987,,64.0000,128.0000,causal-chat,gemma_causal_lm,false,,
translategemma4b_es_en_gemma3_1b_stagea_goldgrid_rows1920_bf16_20260311T033442Z,indomain_clean_merged_en_es_translation_benchmark_128,projects/distillation/translation/training_data/translate_distill_pairs.eval3_indomain_clean_merged_128.jsonl,stage_a_checkpoint_sweep_greedy/eval3_indomain_clean__checkpoint-002000__greedy,false,,student,55.5242,73.7266,45.5415,70.9157,9.9827,2.8109,projects/distillation/translation/runs/translategemma4b_es_en_gemma3_1b_stagea_goldgrid_rows1920_bf16_20260311T033442Z/stage_a/checkpoint-002000,/home/x/.cache/huggingface/hub/models--google--translategemma-4b-it/snapshots/10042cb0e6e7fdce748996a71dc3dc432a4e0c89,128,projects/distillation/translation/runs/translategemma4b_es_en_gemma3_1b_stagea_goldgrid_rows1920_bf16_20260311T033442Z/stage_a_checkpoint_sweep_greedy/eval3_indomain_clean__checkpoint-002000__greedy/compare_eval_summary.json,59.5949,75.4148,,64.0000,49.7298,71.6687,,64.0000,128.0000,causal-chat,gemma_causal_lm,false,,
translategemma4b_es_en_gemma3_1b_stagea_goldgrid_rows1600_bf16_codexextend_pack06_replace10_6k_dense500_defer_studentonly_v1,indomain_clean_merged_en_es_translation_benchmark_128,projects/distillation/translation/training_data/translate_distill_pairs.eval3_indomain_clean_merged_128.jsonl,stage_a_checkpoint_sweep_greedy/eval3_indomain_clean__checkpoint-004000__greedy,false,,student,55.5104,72.7095,,,,,projects/distillation/translation/runs/translategemma4b_es_en_gemma3_1b_stagea_goldgrid_rows1600_bf16_codexextend_pack06_replace10_6k_dense500_defer_studentonly_v1/stage_a/checkpoint-004000,,128,projects/distillation/translation/runs/translategemma4b_es_en_gemma3_1b_stagea_goldgrid_rows1600_bf16_codexextend_pack06_replace10_6k_dense500_defer_studentonly_v1/stage_a_checkpoint_sweep_greedy/eval3_indomain_clean__checkpoint-004000__greedy/compare_eval_summary.json,58.7183,72.9197,,64.0000,51.4966,72.4532,,64.0000,128.0000,causal-chat,gemma_causal_lm,false,,
translategemma4b_es_en_gemma3_1b_stagea_goldgrid_rows1600_bf16_codexextend_pack06_replace10_6k_dense500_defer_studentonly_v1,indomain_clean_merged_en_es_translation_benchmark_128,projects/distillation/translation/training_data/translate_distill_pairs.eval3_indomain_clean_merged_128.jsonl,stage_a_checkpoint_sweep_greedy/eval3_indomain_clean__checkpoint-005000__greedy,false,,student,55.4955,72.5089,,,,,projects/distillation/translation/runs/translategemma4b_es_en_gemma3_1b_stagea_goldgrid_rows1600_bf16_codexextend_pack06_replace10_6k_dense500_defer_studentonly_v1/stage_a/checkpoint-005000,,128,projects/distillation/translation/runs/translategemma4b_es_en_gemma3_1b_stagea_goldgrid_rows1600_bf16_codexextend_pack06_replace10_6k_dense500_defer_studentonly_v1/stage_a_checkpoint_sweep_greedy/eval3_indomain_clean__checkpoint-005000__greedy/compare_eval_summary.json,58.5911,72.4848,,64.0000,51.6190,72.5377,,64.0000,128.0000,causal-chat,gemma_causal_lm,false,,
translategemma4b_es_en_gemma3_1b_stagea_goldgrid_rows1600_bf16_codexextend_pack06_replace10_6k_dense500_defer_studentonly_v1,indomain_clean_merged_en_es_translation_benchmark_128,projects/distillation/translation/training_data/translate_distill_pairs.eval3_indomain_clean_merged_128.jsonl,stage_a_checkpoint_sweep_greedy/eval3_indomain_clean__checkpoint-003500__greedy,false,,student,55.4758,72.3131,,,,,projects/distillation/translation/runs/translategemma4b_es_en_gemma3_1b_stagea_goldgrid_rows1600_bf16_codexextend_pack06_replace10_6k_dense500_defer_studentonly_v1/stage_a/checkpoint-003500,,128,projects/distillation/translation/runs/translategemma4b_es_en_gemma3_1b_stagea_goldgrid_rows1600_bf16_codexextend_pack06_replace10_6k_dense500_defer_studentonly_v1/stage_a_checkpoint_sweep_greedy/eval3_indomain_clean__checkpoint-003500__greedy/compare_eval_summary.json,58.9221,72.5413,,64.0000,51.1476,72.0346,,64.0000,128.0000,causal-chat,gemma_causal_lm,false,,
translategemma4b_es_en_gemma3_1b_stagea_goldgrid_rows1568_bf16_codexlow_pack04_random10_defer_studentonly_v1,indomain_clean_merged_en_es_translation_benchmark_128,projects/distillation/translation/training_data/translate_distill_pairs.eval3_indomain_clean_merged_128.jsonl,stage_a_checkpoint_sweep_greedy/eval3_indomain_clean__checkpoint-004000__greedy,false,,student,55.4039,73.1358,,,,,projects/distillation/translation/runs/translategemma4b_es_en_gemma3_1b_stagea_goldgrid_rows1568_bf16_codexlow_pack04_random10_defer_studentonly_v1/stage_a/checkpoint-004000,,128,projects/distillation/translation/runs/translategemma4b_es_en_gemma3_1b_stagea_goldgrid_rows1568_bf16_codexlow_pack04_random10_defer_studentonly_v1/stage_a_checkpoint_sweep_greedy/eval3_indomain_clean__checkpoint-004000__greedy/compare_eval_summary.json,59.2256,73.4757,,64.0000,50.5406,72.7210,,64.0000,128.0000,causal-chat,gemma_causal_lm,false,,
translategemma4b_es_en_gemma3_1b_stagea_goldgrid_rows1920_bf16_20260311T013050Z,indomain_clean_merged_en_es_translation_benchmark_128,projects/distillation/translation/training_data/translate_distill_pairs.eval3_indomain_clean_merged_128.jsonl,stage_a_checkpoint_sweep_greedy/eval3_indomain_clean__checkpoint-004000__greedy,false,,student,55.3885,73.1720,45.5415,70.9157,9.8470,2.2563,projects/distillation/translation/runs/translategemma4b_es_en_gemma3_1b_stagea_goldgrid_rows1920_bf16_20260311T013050Z/stage_a/checkpoint-004000,/home/x/.cache/huggingface/hub/models--google--translategemma-4b-it/snapshots/10042cb0e6e7fdce748996a71dc3dc432a4e0c89,128,projects/distillation/translation/runs/translategemma4b_es_en_gemma3_1b_stagea_goldgrid_rows1920_bf16_20260311T013050Z/stage_a_checkpoint_sweep_greedy/eval3_indomain_clean__checkpoint-004000__greedy/compare_eval_summary.json,58.6351,73.6039,,64.0000,51.3269,72.6461,,64.0000,128.0000,causal-chat,gemma_causal_lm,false,,
translategemma4b_es_en_gemma3_1b_stagea_goldgrid_rows1920_bf16_20260311T062002Z,indomain_clean_merged_en_es_translation_benchmark_128,projects/distillation/translation/training_data/translate_distill_pairs.eval3_indomain_clean_merged_128.jsonl,stage_a_checkpoint_sweep_greedy/eval3_indomain_clean__checkpoint-004000__greedy,false,,student,55.3247,73.1952,45.5415,70.9157,9.7832,2.2794,projects/distillation/translation/runs/translategemma4b_es_en_gemma3_1b_stagea_goldgrid_rows1920_bf16_20260311T062002Z/stage_a/checkpoint-004000,/home/x/.cache/huggingface/hub/models--google--translategemma-4b-it/snapshots/10042cb0e6e7fdce748996a71dc3dc432a4e0c89,128,projects/distillation/translation/runs/translategemma4b_es_en_gemma3_1b_stagea_goldgrid_rows1920_bf16_20260311T062002Z/stage_a_checkpoint_sweep_greedy/eval3_indomain_clean__checkpoint-004000__greedy/compare_eval_summary.json,58.5515,73.6643,,64.0000,51.2859,72.6225,,64.0000,128.0000,causal-chat,gemma_causal_lm,false,,
translategemma4b_es_en_gemma3_1b_stagea_goldgrid_rows1920_bf16_20260310T224540Z,indomain_clean_merged_en_es_translation_benchmark_128,projects/distillation/translation/training_data/translate_distill_pairs.eval3_indomain_clean_merged_128.jsonl,stage_a_checkpoint_sweep_greedy/eval3_indomain_clean__checkpoint-004000__greedy,false,,student,55.3129,72.6945,45.5415,70.9157,9.7713,1.7788,projects/distillation/translation/runs/translategemma4b_es_en_gemma3_1b_stagea_goldgrid_rows1920_bf16_20260310T224540Z/stage_a/checkpoint-004000,/home/x/.cache/huggingface/hub/models--google--translategemma-4b-it/snapshots/10042cb0e6e7fdce748996a71dc3dc432a4e0c89,128,projects/distillation/translation/runs/translategemma4b_es_en_gemma3_1b_stagea_goldgrid_rows1920_bf16_20260310T224540Z/stage_a_checkpoint_sweep_greedy/eval3_indomain_clean__checkpoint-004000__greedy/compare_eval_summary.json,58.3844,72.6637,,64.0000,51.4586,72.7318,,64.0000,128.0000,causal-chat,gemma_causal_lm,false,,
translategemma4b_es_en_gemma3_1b_stagea_goldgrid_rows1600_bf16_codexextend_pack06_replace10_6k_dense500_defer_studentonly_v1,indomain_clean_merged_en_es_translation_benchmark_128,projects/distillation/translation/training_data/translate_distill_pairs.eval3_indomain_clean_merged_128.jsonl,stage_a_checkpoint_sweep_greedy/eval3_indomain_clean__checkpoint-005500__greedy,false,,student,55.3070,72.2953,,,,,projects/distillation/translation/runs/translategemma4b_es_en_gemma3_1b_stagea_goldgrid_rows1600_bf16_codexextend_pack06_replace10_6k_dense500_defer_studentonly_v1/stage_a/checkpoint-005500,,128,projects/distillation/translation/runs/translategemma4b_es_en_gemma3_1b_stagea_goldgrid_rows1600_bf16_codexextend_pack06_replace10_6k_dense500_defer_studentonly_v1/stage_a_checkpoint_sweep_greedy/eval3_indomain_clean__checkpoint-005500__greedy/compare_eval_summary.json,58.5183,72.4505,,64.0000,51.2682,72.1056,,64.0000,128.0000,causal-chat,gemma_causal_lm,false,,
translategemma4b_es_en_gemma3_1b_stagea_goldgrid_rows1600_bf16_codexextend_pack06_replace10_6k_dense500_defer_studentonly_v1,indomain_clean_merged_en_es_translation_benchmark_128,projects/distillation/translation/training_data/translate_distill_pairs.eval3_indomain_clean_merged_128.jsonl,stage_a_checkpoint_sweep_greedy/eval3_indomain_clean__checkpoint-004500__greedy,false,,student,55.2459,72.3046,,,,,projects/distillation/translation/runs/translategemma4b_es_en_gemma3_1b_stagea_goldgrid_rows1600_bf16_codexextend_pack06_replace10_6k_dense500_defer_studentonly_v1/stage_a/checkpoint-004500,,128,projects/distillation/translation/runs/translategemma4b_es_en_gemma3_1b_stagea_goldgrid_rows1600_bf16_codexextend_pack06_replace10_6k_dense500_defer_studentonly_v1/stage_a_checkpoint_sweep_greedy/eval3_indomain_clean__checkpoint-004500__greedy/compare_eval_summary.json,58.3764,72.4252,,64.0000,51.3138,72.1573,,64.0000,128.0000,causal-chat,gemma_causal_lm,false,,
translategemma4b_es_en_gemma3_1b_stagea_goldgrid_rows1920_bf16_20260311T233133Z,indomain_clean_merged_en_es_translation_benchmark_128,projects/distillation/translation/training_data/translate_distill_pairs.eval3_indomain_clean_merged_128.jsonl,stage_a_checkpoint_sweep_greedy/eval3_indomain_clean__checkpoint-002000__greedy,false,,student,55.2411,73.1199,45.5415,70.9157,9.6995,2.2042,projects/distillation/translation/runs/translategemma4b_es_en_gemma3_1b_stagea_goldgrid_rows1920_bf16_20260311T233133Z/stage_a/checkpoint-002000,/home/x/.cache/huggingface/hub/models--google--translategemma-4b-it/snapshots/10042cb0e6e7fdce748996a71dc3dc432a4e0c89,128,projects/distillation/translation/runs/translategemma4b_es_en_gemma3_1b_stagea_goldgrid_rows1920_bf16_20260311T233133Z/stage_a_checkpoint_sweep_greedy/eval3_indomain_clean__checkpoint-002000__greedy/compare_eval_summary.json,58.6786,73.5046,,64.0000,50.5984,72.6519,,64.0000,128.0000,causal-chat,gemma_causal_lm,false,,
translategemma4b_es_en_gemma3_1b_stagea_goldgrid_rows1568_bf16_codexdense_pack06_prune10_seed42_500ckpts_v1,indomain_clean_merged_en_es_translation_benchmark_128,projects/distillation/translation/training_data/translate_distill_pairs.eval3_indomain_clean_merged_128.jsonl,stage_a_checkpoint_sweep_greedy/eval3_indomain_clean__checkpoint-003500__greedy,false,,student,55.2261,72.9102,,,,,projects/distillation/translation/runs/translategemma4b_es_en_gemma3_1b_stagea_goldgrid_rows1568_bf16_codexdense_pack06_prune10_seed42_500ckpts_v1/stage_a/checkpoint-003500,,128,projects/distillation/translation/runs/translategemma4b_es_en_gemma3_1b_stagea_goldgrid_rows1568_bf16_codexdense_pack06_prune10_seed42_500ckpts_v1/stage_a_checkpoint_sweep_greedy/eval3_indomain_clean__checkpoint-003500__greedy/compare_eval_summary.json,59.3125,74.4262,,64.0000,50.1724,71.0603,,64.0000,128.0000,causal-chat,gemma_causal_lm,false,,
translategemma4b_es_en_gemma3_1b_stagea_goldgrid_rows1920_bf16_20260311T021203Z,indomain_clean_merged_en_es_translation_benchmark_128,projects/distillation/translation/training_data/translate_distill_pairs.eval3_indomain_clean_merged_128.jsonl,stage_a_checkpoint_sweep_greedy/eval3_indomain_clean__checkpoint-004000__greedy,false,,student,55.0978,73.1663,45.5415,70.9157,9.5563,2.2506,projects/distillation/translation/runs/translategemma4b_es_en_gemma3_1b_stagea_goldgrid_rows1920_bf16_20260311T021203Z/stage_a/checkpoint-004000,/home/x/.cache/huggingface/hub/models--google--translategemma-4b-it/snapshots/10042cb0e6e7fdce748996a71dc3dc432a4e0c89,128,projects/distillation/translation/runs/translategemma4b_es_en_gemma3_1b_stagea_goldgrid_rows1920_bf16_20260311T021203Z/stage_a_checkpoint_sweep_greedy/eval3_indomain_clean__checkpoint-004000__greedy/compare_eval_summary.json,59.7529,73.9859,,64.0000,49.3284,72.1688,,64.0000,128.0000,causal-chat,gemma_causal_lm,false,,
translategemma4b_es_en_gemma3_1b_stagea_goldgrid_rows1920_bf16_20260311T200534Z,indomain_clean_merged_en_es_translation_benchmark_128,projects/distillation/translation/training_data/translate_distill_pairs.eval3_indomain_clean_merged_128.jsonl,stage_a_checkpoint_sweep_greedy/eval3_indomain_clean__checkpoint-004000__greedy,false,,student,55.0938,73.2298,45.5415,70.9157,9.5522,2.3141,projects/distillation/translation/runs/translategemma4b_es_en_gemma3_1b_stagea_goldgrid_rows1920_bf16_20260311T200534Z/stage_a/checkpoint-004000,/home/x/.cache/huggingface/hub/models--google--translategemma-4b-it/snapshots/10042cb0e6e7fdce748996a71dc3dc432a4e0c89,128,projects/distillation/translation/runs/translategemma4b_es_en_gemma3_1b_stagea_goldgrid_rows1920_bf16_20260311T200534Z/stage_a_checkpoint_sweep_greedy/eval3_indomain_clean__checkpoint-004000__greedy/compare_eval_summary.json,61.6227,75.4849,,64.0000,46.8600,70.4912,,64.0000,128.0000,causal-chat,gemma_causal_lm,false,,
translategemma4b_es_en_gemma3_1b_stagea_goldgrid_rows1920_bf16_20260311T062002Z,indomain_clean_merged_en_es_translation_benchmark_128,projects/distillation/translation/training_data/translate_distill_pairs.eval3_indomain_clean_merged_128.jsonl,stage_a_checkpoint_sweep_greedy/eval3_indomain_clean__checkpoint-002000__greedy,false,,student,55.0694,73.0372,45.5415,70.9157,9.5279,2.1215,projects/distillation/translation/runs/translategemma4b_es_en_gemma3_1b_stagea_goldgrid_rows1920_bf16_20260311T062002Z/stage_a/checkpoint-002000,/home/x/.cache/huggingface/hub/models--google--translategemma-4b-it/snapshots/10042cb0e6e7fdce748996a71dc3dc432a4e0c89,128,projects/distillation/translation/runs/translategemma4b_es_en_gemma3_1b_stagea_goldgrid_rows1920_bf16_20260311T062002Z/stage_a_checkpoint_sweep_greedy/eval3_indomain_clean__checkpoint-002000__greedy/compare_eval_summary.json,58.8109,73.4875,,64.0000,50.3841,72.4879,,64.0000,128.0000,causal-chat,gemma_causal_lm,false,,
translategemma4b_es_en_gemma3_1b_stagea_goldgrid_rows1920_bf16_20260311T053842Z,indomain_clean_merged_en_es_translation_benchmark_128,projects/distillation/translation/training_data/translate_distill_pairs.eval3_indomain_clean_merged_128.jsonl,stage_a_checkpoint_sweep_greedy/eval3_indomain_clean__checkpoint-002000__greedy,false,,student,55.0401,72.8658,45.5415,70.9157,9.4986,1.9501,projects/distillation/translation/runs/translategemma4b_es_en_gemma3_1b_stagea_goldgrid_rows1920_bf16_20260311T053842Z/stage_a/checkpoint-002000,/home/x/.cache/huggingface/hub/models--google--translategemma-4b-it/snapshots/10042cb0e6e7fdce748996a71dc3dc432a4e0c89,128,projects/distillation/translation/runs/translategemma4b_es_en_gemma3_1b_stagea_goldgrid_rows1920_bf16_20260311T053842Z/stage_a_checkpoint_sweep_greedy/eval3_indomain_clean__checkpoint-002000__greedy/compare_eval_summary.json,57.9297,72.9346,,64.0000,51.3234,72.7818,,64.0000,128.0000,causal-chat,gemma_causal_lm,false,,
translategemma4b_es_en_gemma3_1b_stagea_goldgrid_rows1568_bf16_codexpolish_pack06_prune10_ckpt3000_lr5e6_v1,indomain_clean_merged_en_es_translation_benchmark_128,projects/distillation/translation/training_data/translate_distill_pairs.eval3_indomain_clean_merged_128.jsonl,stage_a_checkpoint_sweep_greedy/eval3_indomain_clean__checkpoint-001000__greedy,false,,student,55.0160,72.9515,,,,,projects/distillation/translation/runs/translategemma4b_es_en_gemma3_1b_stagea_goldgrid_rows1568_bf16_codexpolish_pack06_prune10_ckpt3000_lr5e6_v1/stage_a/checkpoint-001000,,128,projects/distillation/translation/runs/translategemma4b_es_en_gemma3_1b_stagea_goldgrid_rows1568_bf16_codexpolish_pack06_prune10_ckpt3000_lr5e6_v1/stage_a_checkpoint_sweep_greedy/eval3_indomain_clean__checkpoint-001000__greedy/compare_eval_summary.json,59.6533,74.5271,,64.0000,49.3351,71.0328,,64.0000,128.0000,causal-chat,gemma_causal_lm,false,,
translategemma4b_es_en_gemma3_1b_stagea_goldgrid_rows1920_bf16_20260310T220428Z,indomain_clean_merged_en_es_translation_benchmark_128,projects/distillation/translation/training_data/translate_distill_pairs.eval3_indomain_clean_merged_128.jsonl,stage_a_checkpoint_sweep_greedy/eval3_indomain_clean__checkpoint-004000__greedy,false,,student,55.0061,72.0381,45.5415,70.9157,9.4646,1.1224,projects/distillation/translation/runs/translategemma4b_es_en_gemma3_1b_stagea_goldgrid_rows1920_bf16_20260310T220428Z/stage_a/checkpoint-004000,/home/x/.cache/huggingface/hub/models--google--translategemma-4b-it/snapshots/10042cb0e6e7fdce748996a71dc3dc432a4e0c89,128,projects/distillation/translation/runs/translategemma4b_es_en_gemma3_1b_stagea_goldgrid_rows1920_bf16_20260310T220428Z/stage_a_checkpoint_sweep_greedy/eval3_indomain_clean__checkpoint-004000__greedy/compare_eval_summary.json,59.2062,72.6636,,64.0000,49.7417,71.2771,,64.0000,128.0000,causal-chat,gemma_causal_lm,false,,
translategemma4b_es_en_gemma3_1b_stagea_goldgrid_rows1920_bf16_20260311T212756Z,indomain_clean_merged_en_es_translation_benchmark_128,projects/distillation/translation/training_data/translate_distill_pairs.eval3_indomain_clean_merged_128.jsonl,stage_a_checkpoint_sweep_greedy/eval3_indomain_clean__checkpoint-004000__greedy,false,,student,54.9631,73.1505,45.5415,70.9157,9.4216,2.2347,projects/distillation/translation/runs/translategemma4b_es_en_gemma3_1b_stagea_goldgrid_rows1920_bf16_20260311T212756Z/stage_a/checkpoint-004000,/home/x/.cache/huggingface/hub/models--google--translategemma-4b-it/snapshots/10042cb0e6e7fdce748996a71dc3dc432a4e0c89,128,projects/distillation/translation/runs/translategemma4b_es_en_gemma3_1b_stagea_goldgrid_rows1920_bf16_20260311T212756Z/stage_a_checkpoint_sweep_greedy/eval3_indomain_clean__checkpoint-004000__greedy/compare_eval_summary.json,59.2049,74.5371,,64.0000,49.5696,71.4569,,64.0000,128.0000,causal-chat,gemma_causal_lm,false,,
translategemma4b_es_en_gemma3_1b_stagea_goldgrid_rows1920_bf16_20260311T212756Z,indomain_clean_merged_en_es_translation_benchmark_128,projects/distillation/translation/training_data/translate_distill_pairs.eval3_indomain_clean_merged_128.jsonl,stage_a_checkpoint_sweep_greedy/eval3_indomain_clean__checkpoint-002000__greedy,false,,student,54.9282,73.1474,45.5415,70.9157,9.3866,2.2316,projects/distillation/translation/runs/translategemma4b_es_en_gemma3_1b_stagea_goldgrid_rows1920_bf16_20260311T212756Z/stage_a/checkpoint-002000,/home/x/.cache/huggingface/hub/models--google--translategemma-4b-it/snapshots/10042cb0e6e7fdce748996a71dc3dc432a4e0c89,128,projects/distillation/translation/runs/translategemma4b_es_en_gemma3_1b_stagea_goldgrid_rows1920_bf16_20260311T212756Z/stage_a_checkpoint_sweep_greedy/eval3_indomain_clean__checkpoint-002000__greedy/compare_eval_summary.json,57.4813,74.1065,,64.0000,51.5753,71.9718,,64.0000,128.0000,causal-chat,gemma_causal_lm,false,,
translategemma4b_es_en_gemma3_1b_stagea_goldgrid_rows1568_bf16_codexdense_pack06_prune10_seed42_500ckpts_v1,indomain_clean_merged_en_es_translation_benchmark_128,projects/distillation/translation/training_data/translate_distill_pairs.eval3_indomain_clean_merged_128.jsonl,stage_a_checkpoint_sweep_greedy/eval3_indomain_clean__checkpoint-003000__greedy,false,,student,54.8940,72.8595,,,,,projects/distillation/translation/runs/translategemma4b_es_en_gemma3_1b_stagea_goldgrid_rows1568_bf16_codexdense_pack06_prune10_seed42_500ckpts_v1/stage_a/checkpoint-003000,,128,projects/distillation/translation/runs/translategemma4b_es_en_gemma3_1b_stagea_goldgrid_rows1568_bf16_codexdense_pack06_prune10_seed42_500ckpts_v1/stage_a_checkpoint_sweep_greedy/eval3_indomain_clean__checkpoint-003000__greedy/compare_eval_summary.json,58.9323,74.2510,,64.0000,49.8307,71.1626,,64.0000,128.0000,causal-chat,gemma_causal_lm,false,,
translategemma4b_es_en_gemma3_1b_stagea_goldgrid_rows1568_bf16_codexlow_pack06_prune10_defer_studentonly_v2,indomain_clean_merged_en_es_translation_benchmark_128,projects/distillation/translation/training_data/translate_distill_pairs.eval3_indomain_clean_merged_128.jsonl,stage_a_checkpoint_sweep_greedy/eval3_indomain_clean__checkpoint-003000__greedy,false,,student,54.8940,72.8595,,,,,projects/distillation/translation/runs/translategemma4b_es_en_gemma3_1b_stagea_goldgrid_rows1568_bf16_codexlow_pack06_prune10_defer_studentonly_v2/stage_a/checkpoint-003000,,128,projects/distillation/translation/runs/translategemma4b_es_en_gemma3_1b_stagea_goldgrid_rows1568_bf16_codexlow_pack06_prune10_defer_studentonly_v2/stage_a_checkpoint_sweep_greedy/eval3_indomain_clean__checkpoint-003000__greedy/compare_eval_summary.json,58.9323,74.2510,,64.0000,49.8307,71.1626,,64.0000,128.0000,causal-chat,gemma_causal_lm,false,,
translategemma4b_es_en_gemma3_1b_stagea_goldgrid_rows1920_bf16_20260311T013050Z,indomain_clean_merged_en_es_translation_benchmark_128,projects/distillation/translation/training_data/translate_distill_pairs.eval3_indomain_clean_merged_128.jsonl,stage_a_checkpoint_sweep_greedy/eval3_indomain_clean__checkpoint-002000__greedy,false,,student,54.8681,72.6317,45.5415,70.9157,9.3265,1.7160,projects/distillation/translation/runs/translategemma4b_es_en_gemma3_1b_stagea_goldgrid_rows1920_bf16_20260311T013050Z/stage_a/checkpoint-002000,/home/x/.cache/huggingface/hub/models--google--translategemma-4b-it/snapshots/10042cb0e6e7fdce748996a71dc3dc432a4e0c89,128,projects/distillation/translation/runs/translategemma4b_es_en_gemma3_1b_stagea_goldgrid_rows1920_bf16_20260311T013050Z/stage_a_checkpoint_sweep_greedy/eval3_indomain_clean__checkpoint-002000__greedy/compare_eval_summary.json,58.8991,73.2116,,64.0000,49.7220,71.9275,,64.0000,128.0000,causal-chat,gemma_causal_lm,false,,
translategemma4b_es_en_gemma3_1b_stagea_goldgrid_rows1568_bf16_codexpolish_pack06_prune10_ckpt3000_lr5e6_v1,indomain_clean_merged_en_es_translation_benchmark_128,projects/distillation/translation/training_data/translate_distill_pairs.eval3_indomain_clean_merged_128.jsonl,stage_a_checkpoint_sweep_greedy/eval3_indomain_clean__checkpoint-000250__greedy,false,,student,54.8635,72.9783,,,,,projects/distillation/translation/runs/translategemma4b_es_en_gemma3_1b_stagea_goldgrid_rows1568_bf16_codexpolish_pack06_prune10_ckpt3000_lr5e6_v1/stage_a/checkpoint-000250,,128,projects/distillation/translation/runs/translategemma4b_es_en_gemma3_1b_stagea_goldgrid_rows1568_bf16_codexpolish_pack06_prune10_ckpt3000_lr5e6_v1/stage_a_checkpoint_sweep_greedy/eval3_indomain_clean__checkpoint-000250__greedy/compare_eval_summary.json,59.7290,74.7073,,64.0000,48.8977,70.8723,,64.0000,128.0000,causal-chat,gemma_causal_lm,false,,
translategemma4b_es_en_gemma3_1b_stagea_goldgrid_rows1568_bf16_codexlow_pack06_random10_defer_studentonly_v1,indomain_clean_merged_en_es_translation_benchmark_128,projects/distillation/translation/training_data/translate_distill_pairs.eval3_indomain_clean_merged_128.jsonl,stage_a_checkpoint_sweep_greedy/eval3_indomain_clean__checkpoint-002000__greedy,false,,student,54.8620,72.0181,,,,,projects/distillation/translation/runs/translategemma4b_es_en_gemma3_1b_stagea_goldgrid_rows1568_bf16_codexlow_pack06_random10_defer_studentonly_v1/stage_a/checkpoint-002000,,128,projects/distillation/translation/runs/translategemma4b_es_en_gemma3_1b_stagea_goldgrid_rows1568_bf16_codexlow_pack06_random10_defer_studentonly_v1/stage_a_checkpoint_sweep_greedy/eval3_indomain_clean__checkpoint-002000__greedy/compare_eval_summary.json,57.4255,72.3170,,64.0000,51.1147,71.6538,,64.0000,128.0000,causal-chat,gemma_causal_lm,false,,
translategemma4b_es_en_gemma3_1b_stagea_goldgrid_rows1600_bf16_codexreplace05_pack06_6k_dense500_defer_studentonly_v1,indomain_clean_merged_en_es_translation_benchmark_128,projects/distillation/translation/training_data/translate_distill_pairs.eval3_indomain_clean_merged_128.jsonl,stage_a_checkpoint_sweep_greedy/eval3_indomain_clean__checkpoint-005000__greedy,false,,student,54.8589,72.6597,,,,,projects/distillation/translation/runs/translategemma4b_es_en_gemma3_1b_stagea_goldgrid_rows1600_bf16_codexreplace05_pack06_6k_dense500_defer_studentonly_v1/stage_a/checkpoint-005000,,128,projects/distillation/translation/runs/translategemma4b_es_en_gemma3_1b_stagea_goldgrid_rows1600_bf16_codexreplace05_pack06_6k_dense500_defer_studentonly_v1/stage_a_checkpoint_sweep_greedy/eval3_indomain_clean__checkpoint-005000__greedy/compare_eval_summary.json,58.7759,73.8304,,64.0000,50.0084,71.2331,,64.0000,128.0000,causal-chat,gemma_causal_lm,false,,
translategemma4b_es_en_gemma3_1b_stagea_goldgrid_rows1568_bf16_codexseed7_pack06_prune10_defer_studentonly_v1,indomain_clean_merged_en_es_translation_benchmark_128,projects/distillation/translation/training_data/translate_distill_pairs.eval3_indomain_clean_merged_128.jsonl,stage_a_checkpoint_sweep_greedy/eval3_indomain_clean__checkpoint-002000__greedy,false,,student,54.8510,72.5965,,,,,projects/distillation/translation/runs/translategemma4b_es_en_gemma3_1b_stagea_goldgrid_rows1568_bf16_codexseed7_pack06_prune10_defer_studentonly_v1/stage_a/checkpoint-002000,,128,projects/distillation/translation/runs/translategemma4b_es_en_gemma3_1b_stagea_goldgrid_rows1568_bf16_codexseed7_pack06_prune10_defer_studentonly_v1/stage_a_checkpoint_sweep_greedy/eval3_indomain_clean__checkpoint-002000__greedy/compare_eval_summary.json,58.4450,72.9761,,64.0000,50.3336,72.1324,,64.0000,128.0000,causal-chat,gemma_causal_lm,false,,
translategemma4b_es_en_gemma3_1b_stagea_goldgrid_rows1920_bf16_20260310T212318Z,indomain_clean_merged_en_es_translation_benchmark_128,projects/distillation/translation/training_data/translate_distill_pairs.eval3_indomain_clean_merged_128.jsonl,stage_a_checkpoint_sweep_greedy/eval3_indomain_clean__checkpoint-002000__greedy,false,,student,54.8412,72.0276,45.5415,70.9157,9.2997,1.1118,projects/distillation/translation/runs/translategemma4b_es_en_gemma3_1b_stagea_goldgrid_rows1920_bf16_20260310T212318Z/stage_a/checkpoint-002000,/home/x/.cache/huggingface/hub/models--google--translategemma-4b-it/snapshots/10042cb0e6e7fdce748996a71dc3dc432a4e0c89,128,projects/distillation/translation/runs/translategemma4b_es_en_gemma3_1b_stagea_goldgrid_rows1920_bf16_20260310T212318Z/stage_a_checkpoint_sweep_greedy/eval3_indomain_clean__checkpoint-002000__greedy/compare_eval_summary.json,58.8973,72.4551,,64.0000,49.7904,71.5077,,64.0000,128.0000,causal-chat,gemma_causal_lm,false,,
translategemma4b_es_en_gemma3_1b_stagea_goldgrid_rows1600_bf16_codexreplace05_pack06_6k_dense500_defer_studentonly_v1,indomain_clean_merged_en_es_translation_benchmark_128,projects/distillation/translation/training_data/translate_distill_pairs.eval3_indomain_clean_merged_128.jsonl,stage_a_checkpoint_sweep_greedy/eval3_indomain_clean__checkpoint-005500__greedy,false,,student,54.8321,72.6736,,,,,projects/distillation/translation/runs/translategemma4b_es_en_gemma3_1b_stagea_goldgrid_rows1600_bf16_codexreplace05_pack06_6k_dense500_defer_studentonly_v1/stage_a/checkpoint-005500,,128,projects/distillation/translation/runs/translategemma4b_es_en_gemma3_1b_stagea_goldgrid_rows1600_bf16_codexreplace05_pack06_6k_dense500_defer_studentonly_v1/stage_a_checkpoint_sweep_greedy/eval3_indomain_clean__checkpoint-005500__greedy/compare_eval_summary.json,58.8082,73.8908,,64.0000,49.9100,71.1904,,64.0000,128.0000,causal-chat,gemma_causal_lm,false,,
translategemma4b_es_en_gemma3_1b_stagea_goldgrid_rows1568_bf16_codexdense_pack06_prune10_seed42_500ckpts_v1,indomain_clean_merged_en_es_translation_benchmark_128,projects/distillation/translation/training_data/translate_distill_pairs.eval3_indomain_clean_merged_128.jsonl,stage_a_checkpoint_sweep_greedy/eval3_indomain_clean__checkpoint-004000__greedy,false,,student,54.8306,72.6761,,,,,projects/distillation/translation/runs/translategemma4b_es_en_gemma3_1b_stagea_goldgrid_rows1568_bf16_codexdense_pack06_prune10_seed42_500ckpts_v1/stage_a/checkpoint-004000,,128,projects/distillation/translation/runs/translategemma4b_es_en_gemma3_1b_stagea_goldgrid_rows1568_bf16_codexdense_pack06_prune10_seed42_500ckpts_v1/stage_a_checkpoint_sweep_greedy/eval3_indomain_clean__checkpoint-004000__greedy/compare_eval_summary.json,59.1736,74.3390,,64.0000,49.4577,70.6477,,64.0000,128.0000,causal-chat,gemma_causal_lm,false,,
translategemma4b_es_en_gemma3_1b_stagea_goldgrid_rows1568_bf16_codexlow_pack06_prune10_defer_studentonly_v2,indomain_clean_merged_en_es_translation_benchmark_128,projects/distillation/translation/training_data/translate_distill_pairs.eval3_indomain_clean_merged_128.jsonl,stage_a_checkpoint_sweep_greedy/eval3_indomain_clean__checkpoint-004000__greedy,false,,student,54.8306,72.6761,,,,,projects/distillation/translation/runs/translategemma4b_es_en_gemma3_1b_stagea_goldgrid_rows1568_bf16_codexlow_pack06_prune10_defer_studentonly_v2/stage_a/checkpoint-004000,,128,projects/distillation/translation/runs/translategemma4b_es_en_gemma3_1b_stagea_goldgrid_rows1568_bf16_codexlow_pack06_prune10_defer_studentonly_v2/stage_a_checkpoint_sweep_greedy/eval3_indomain_clean__checkpoint-004000__greedy/compare_eval_summary.json,59.1736,74.3390,,64.0000,49.4577,70.6477,,64.0000,128.0000,causal-chat,gemma_causal_lm,false,,
translategemma4b_es_en_gemma3_1b_stagea_goldgrid_rows1600_bf16_codexreplace05_pack06_defer_studentonly_v1,indomain_clean_merged_en_es_translation_benchmark_128,projects/distillation/translation/training_data/translate_distill_pairs.eval3_indomain_clean_merged_128.jsonl,stage_a_checkpoint_sweep_greedy/eval3_indomain_clean__checkpoint-003500__greedy,false,,student,54.6898,72.4340,,,,,projects/distillation/translation/runs/translategemma4b_es_en_gemma3_1b_stagea_goldgrid_rows1600_bf16_codexreplace05_pack06_defer_studentonly_v1/stage_a/checkpoint-003500,,128,projects/distillation/translation/runs/translategemma4b_es_en_gemma3_1b_stagea_goldgrid_rows1600_bf16_codexreplace05_pack06_defer_studentonly_v1/stage_a_checkpoint_sweep_greedy/eval3_indomain_clean__checkpoint-003500__greedy/compare_eval_summary.json,58.5058,73.2931,,64.0000,49.9555,71.3856,,64.0000,128.0000,causal-chat,gemma_causal_lm,false,,
translategemma4b_es_en_gemma3_1b_stagea_goldgrid_rows1920_bf16_20260310T212318Z,indomain_clean_merged_en_es_translation_benchmark_128,projects/distillation/translation/training_data/translate_distill_pairs.eval3_indomain_clean_merged_128.jsonl,stage_a_checkpoint_sweep_greedy/eval3_indomain_clean__checkpoint-004000__greedy,false,,student,54.6568,72.0550,45.5415,70.9157,9.1153,1.1392,projects/distillation/translation/runs/translategemma4b_es_en_gemma3_1b_stagea_goldgrid_rows1920_bf16_20260310T212318Z/stage_a/checkpoint-004000,/home/x/.cache/huggingface/hub/models--google--translategemma-4b-it/snapshots/10042cb0e6e7fdce748996a71dc3dc432a4e0c89,128,projects/distillation/translation/runs/translategemma4b_es_en_gemma3_1b_stagea_goldgrid_rows1920_bf16_20260310T212318Z/stage_a_checkpoint_sweep_greedy/eval3_indomain_clean__checkpoint-004000__greedy/compare_eval_summary.json,58.6419,72.4101,,64.0000,49.6851,71.6228,,64.0000,128.0000,causal-chat,gemma_causal_lm,false,,
translategemma4b_es_en_gemma3_1b_stagea_goldgrid_rows1920_bf16_20260310T232655Z,indomain_clean_merged_en_es_translation_benchmark_128,projects/distillation/translation/training_data/translate_distill_pairs.eval3_indomain_clean_merged_128.jsonl,stage_a_checkpoint_sweep_greedy/eval3_indomain_clean__checkpoint-002000__greedy,false,,student,54.6398,72.8451,45.5415,70.9157,9.0983,1.9294,projects/distillation/translation/runs/translategemma4b_es_en_gemma3_1b_stagea_goldgrid_rows1920_bf16_20260310T232655Z/stage_a/checkpoint-002000,/home/x/.cache/huggingface/hub/models--google--translategemma-4b-it/snapshots/10042cb0e6e7fdce748996a71dc3dc432a4e0c89,128,projects/distillation/translation/runs/translategemma4b_es_en_gemma3_1b_stagea_goldgrid_rows1920_bf16_20260310T232655Z/stage_a_checkpoint_sweep_greedy/eval3_indomain_clean__checkpoint-002000__greedy/compare_eval_summary.json,58.7188,73.7660,,64.0000,49.2419,71.7219,,64.0000,128.0000,causal-chat,gemma_causal_lm,false,,
translategemma4b_es_en_gemma3_1b_stagea_goldgrid_rows1568_bf16_codexpolish_pack06_prune10_ckpt3000_lr5e6_v1,indomain_clean_merged_en_es_translation_benchmark_128,projects/distillation/translation/training_data/translate_distill_pairs.eval3_indomain_clean_merged_128.jsonl,stage_a_checkpoint_sweep_greedy/eval3_indomain_clean__checkpoint-000500__greedy,false,,student,54.6283,72.7976,,,,,projects/distillation/translation/runs/translategemma4b_es_en_gemma3_1b_stagea_goldgrid_rows1568_bf16_codexpolish_pack06_prune10_ckpt3000_lr5e6_v1/stage_a/checkpoint-000500,,128,projects/distillation/translation/runs/translategemma4b_es_en_gemma3_1b_stagea_goldgrid_rows1568_bf16_codexpolish_pack06_prune10_ckpt3000_lr5e6_v1/stage_a_checkpoint_sweep_greedy/eval3_indomain_clean__checkpoint-000500__greedy/compare_eval_summary.json,59.4461,74.4464,,64.0000,48.6819,70.7890,,64.0000,128.0000,causal-chat,gemma_causal_lm,false,,
translategemma4b_es_en_gemma3_1b_stagea_goldgrid_rows1920_bf16_20260311T225020Z,indomain_clean_merged_en_es_translation_benchmark_128,projects/distillation/translation/training_data/translate_distill_pairs.eval3_indomain_clean_merged_128.jsonl,stage_a_checkpoint_sweep_greedy/eval3_indomain_clean__checkpoint-002000__greedy,false,,student,54.6121,72.8522,45.5415,70.9157,9.0706,1.9365,projects/distillation/translation/runs/translategemma4b_es_en_gemma3_1b_stagea_goldgrid_rows1920_bf16_20260311T225020Z/stage_a/checkpoint-002000,/home/x/.cache/huggingface/hub/models--google--translategemma-4b-it/snapshots/10042cb0e6e7fdce748996a71dc3dc432a4e0c89,128,projects/distillation/translation/runs/translategemma4b_es_en_gemma3_1b_stagea_goldgrid_rows1920_bf16_20260311T225020Z/stage_a_checkpoint_sweep_greedy/eval3_indomain_clean__checkpoint-002000__greedy/compare_eval_summary.json,59.4177,74.3058,,64.0000,48.6203,71.0838,,64.0000,128.0000,causal-chat,gemma_causal_lm,false,,
translategemma4b_es_en_gemma3_1b_stagea_goldgrid_rows1600_bf16_codexreplace05_pack06_defer_studentonly_v1,indomain_clean_merged_en_es_translation_benchmark_128,projects/distillation/translation/training_data/translate_distill_pairs.eval3_indomain_clean_merged_128.jsonl,stage_a_checkpoint_sweep_greedy/eval3_indomain_clean__checkpoint-003000__greedy,false,,student,54.5508,72.1920,,,,,projects/distillation/translation/runs/translategemma4b_es_en_gemma3_1b_stagea_goldgrid_rows1600_bf16_codexreplace05_pack06_defer_studentonly_v1/stage_a/checkpoint-003000,,128,projects/distillation/translation/runs/translategemma4b_es_en_gemma3_1b_stagea_goldgrid_rows1600_bf16_codexreplace05_pack06_defer_studentonly_v1/stage_a_checkpoint_sweep_greedy/eval3_indomain_clean__checkpoint-003000__greedy/compare_eval_summary.json,57.7778,72.8114,,64.0000,50.5528,71.4370,,64.0000,128.0000,causal-chat,gemma_causal_lm,false,,
translategemma4b_es_en_gemma3_1b_stagea_goldgrid_rows1568_bf16_codexpolish_pack06_prune10_ckpt3000_lr5e6_v1,indomain_clean_merged_en_es_translation_benchmark_128,projects/distillation/translation/training_data/translate_distill_pairs.eval3_indomain_clean_merged_128.jsonl,stage_a_checkpoint_sweep_greedy/eval3_indomain_clean__checkpoint-000750__greedy,false,,student,54.5121,72.6505,,,,,projects/distillation/translation/runs/translategemma4b_es_en_gemma3_1b_stagea_goldgrid_rows1568_bf16_codexpolish_pack06_prune10_ckpt3000_lr5e6_v1/stage_a/checkpoint-000750,,128,projects/distillation/translation/runs/translategemma4b_es_en_gemma3_1b_stagea_goldgrid_rows1568_bf16_codexpolish_pack06_prune10_ckpt3000_lr5e6_v1/stage_a_checkpoint_sweep_greedy/eval3_indomain_clean__checkpoint-000750__greedy/compare_eval_summary.json,59.0967,74.2675,,64.0000,48.9049,70.6806,,64.0000,128.0000,causal-chat,gemma_causal_lm,false,,
translategemma4b_es_en_gemma3_1b_stagea_goldgrid_rows1568_bf16_codexdense_pack06_prune10_seed42_500ckpts_v1,indomain_clean_merged_en_es_translation_benchmark_128,projects/distillation/translation/training_data/translate_distill_pairs.eval3_indomain_clean_merged_128.jsonl,stage_a_checkpoint_sweep_greedy/eval3_indomain_clean__checkpoint-002500__greedy,false,,student,54.5042,72.6910,,,,,projects/distillation/translation/runs/translategemma4b_es_en_gemma3_1b_stagea_goldgrid_rows1568_bf16_codexdense_pack06_prune10_seed42_500ckpts_v1/stage_a/checkpoint-002500,,128,projects/distillation/translation/runs/translategemma4b_es_en_gemma3_1b_stagea_goldgrid_rows1568_bf16_codexdense_pack06_prune10_seed42_500ckpts_v1/stage_a_checkpoint_sweep_greedy/eval3_indomain_clean__checkpoint-002500__greedy/compare_eval_summary.json,59.1364,74.4207,,64.0000,48.7275,70.5822,,64.0000,128.0000,causal-chat,gemma_causal_lm,false,,
translategemma4b_es_en_gemma3_1b_stagea_goldgrid_rows1920_bf16_20260311T192425Z,indomain_clean_merged_en_es_translation_benchmark_128,projects/distillation/translation/training_data/translate_distill_pairs.eval3_indomain_clean_merged_128.jsonl,stage_a_checkpoint_sweep_greedy/eval3_indomain_clean__checkpoint-004000__greedy,false,,student,54.4935,73.6082,45.5415,70.9157,8.9520,2.6925,projects/distillation/translation/runs/translategemma4b_es_en_gemma3_1b_stagea_goldgrid_rows1920_bf16_20260311T192425Z/stage_a/checkpoint-004000,/home/x/.cache/huggingface/hub/models--google--translategemma-4b-it/snapshots/10042cb0e6e7fdce748996a71dc3dc432a4e0c89,128,projects/distillation/translation/runs/translategemma4b_es_en_gemma3_1b_stagea_goldgrid_rows1920_bf16_20260311T192425Z/stage_a_checkpoint_sweep_greedy/eval3_indomain_clean__checkpoint-004000__greedy/compare_eval_summary.json,58.3285,74.4609,,64.0000,49.6275,72.5666,,64.0000,128.0000,causal-chat,gemma_causal_lm,false,,
translategemma4b_es_en_gemma3_1b_stagea_goldgrid_rows1600_bf16_codexreplace05_pack06_6k_dense500_defer_studentonly_v1,indomain_clean_merged_en_es_translation_benchmark_128,projects/distillation/translation/training_data/translate_distill_pairs.eval3_indomain_clean_merged_128.jsonl,stage_a_checkpoint_sweep_greedy/eval3_indomain_clean__checkpoint-004500__greedy,false,,student,54.4878,72.5801,,,,,projects/distillation/translation/runs/translategemma4b_es_en_gemma3_1b_stagea_goldgrid_rows1600_bf16_codexreplace05_pack06_6k_dense500_defer_studentonly_v1/stage_a/checkpoint-004500,,128,projects/distillation/translation/runs/translategemma4b_es_en_gemma3_1b_stagea_goldgrid_rows1600_bf16_codexreplace05_pack06_6k_dense500_defer_studentonly_v1/stage_a_checkpoint_sweep_greedy/eval3_indomain_clean__checkpoint-004500__greedy/compare_eval_summary.json,58.2103,73.4763,,64.0000,49.9014,71.4890,,64.0000,128.0000,causal-chat,gemma_causal_lm,false,,
translategemma4b_es_en_gemma3_1b_stagea_goldgrid_rows1600_bf16_codexreplace05_pack06_defer_studentonly_v1,indomain_clean_merged_en_es_translation_benchmark_128,projects/distillation/translation/training_data/translate_distill_pairs.eval3_indomain_clean_merged_128.jsonl,stage_a_checkpoint_sweep_greedy/eval3_indomain_clean__checkpoint-004000__greedy,false,,student,54.4500,72.3516,,,,,projects/distillation/translation/runs/translategemma4b_es_en_gemma3_1b_stagea_goldgrid_rows1600_bf16_codexreplace05_pack06_defer_studentonly_v1/stage_a/checkpoint-004000,,128,projects/distillation/translation/runs/translategemma4b_es_en_gemma3_1b_stagea_goldgrid_rows1600_bf16_codexreplace05_pack06_defer_studentonly_v1/stage_a_checkpoint_sweep_greedy/eval3_indomain_clean__checkpoint-004000__greedy/compare_eval_summary.json,57.7884,73.0159,,64.0000,50.3034,71.5408,,64.0000,128.0000,causal-chat,gemma_causal_lm,false,,
translategemma4b_es_en_gemma3_1b_stagea_goldgrid_rows1920_bf16_20260311T070121Z,indomain_clean_merged_en_es_translation_benchmark_128,projects/distillation/translation/training_data/translate_distill_pairs.eval3_indomain_clean_merged_128.jsonl,stage_a_checkpoint_sweep_greedy/eval3_indomain_clean__checkpoint-004000__greedy,false,,student,54.4294,72.6889,45.5415,70.9157,8.8878,1.7732,projects/distillation/translation/runs/translategemma4b_es_en_gemma3_1b_stagea_goldgrid_rows1920_bf16_20260311T070121Z/stage_a/checkpoint-004000,/home/x/.cache/huggingface/hub/models--google--translategemma-4b-it/snapshots/10042cb0e6e7fdce748996a71dc3dc432a4e0c89,128,projects/distillation/translation/runs/translategemma4b_es_en_gemma3_1b_stagea_goldgrid_rows1920_bf16_20260311T070121Z/stage_a_checkpoint_sweep_greedy/eval3_indomain_clean__checkpoint-004000__greedy/compare_eval_summary.json,57.9466,72.9355,,64.0000,49.5439,72.3888,,64.0000,128.0000,causal-chat,gemma_causal_lm,false,,
translategemma4b_es_en_gemma3_1b_stagea_goldgrid_rows1568_bf16_codexseed7_pack06_prune10_defer_studentonly_v1,indomain_clean_merged_en_es_translation_benchmark_128,projects/distillation/translation/training_data/translate_distill_pairs.eval3_indomain_clean_merged_128.jsonl,stage_a_checkpoint_sweep_greedy/eval3_indomain_clean__checkpoint-003000__greedy,false,,student,54.4194,72.5802,,,,,projects/distillation/translation/runs/translategemma4b_es_en_gemma3_1b_stagea_goldgrid_rows1568_bf16_codexseed7_pack06_prune10_defer_studentonly_v1/stage_a/checkpoint-003000,,128,projects/distillation/translation/runs/translategemma4b_es_en_gemma3_1b_stagea_goldgrid_rows1568_bf16_codexseed7_pack06_prune10_defer_studentonly_v1/stage_a_checkpoint_sweep_greedy/eval3_indomain_clean__checkpoint-003000__greedy/compare_eval_summary.json,57.6643,72.7810,,64.0000,50.3213,72.3344,,64.0000,128.0000,causal-chat,gemma_causal_lm,false,,
translategemma4b_es_en_gemma3_1b_stagea_goldgrid_rows1920_bf16_20260311T041600Z,indomain_clean_merged_en_es_translation_benchmark_128,projects/distillation/translation/training_data/translate_distill_pairs.eval3_indomain_clean_merged_128.jsonl,stage_a_checkpoint_sweep_greedy/eval3_indomain_clean__checkpoint-002000__greedy,false,,student,54.4095,71.9534,45.5415,70.9157,8.8680,1.0377,projects/distillation/translation/runs/translategemma4b_es_en_gemma3_1b_stagea_goldgrid_rows1920_bf16_20260311T041600Z/stage_a/checkpoint-002000,/home/x/.cache/huggingface/hub/models--google--translategemma-4b-it/snapshots/10042cb0e6e7fdce748996a71dc3dc432a4e0c89,128,projects/distillation/translation/runs/translategemma4b_es_en_gemma3_1b_stagea_goldgrid_rows1920_bf16_20260311T041600Z/stage_a_checkpoint_sweep_greedy/eval3_indomain_clean__checkpoint-002000__greedy/compare_eval_summary.json,57.4090,71.8026,,64.0000,49.9650,72.1354,,64.0000,128.0000,causal-chat,gemma_causal_lm,false,,
translategemma4b_es_en_gemma3_1b_stagea_goldgrid_rows1920_bf16_20260311T200534Z,indomain_clean_merged_en_es_translation_benchmark_128,projects/distillation/translation/training_data/translate_distill_pairs.eval3_indomain_clean_merged_128.jsonl,stage_a_checkpoint_sweep_greedy/eval3_indomain_clean__checkpoint-002000__greedy,false,,student,54.3861,73.1030,45.5415,70.9157,8.8445,2.1873,projects/distillation/translation/runs/translategemma4b_es_en_gemma3_1b_stagea_goldgrid_rows1920_bf16_20260311T200534Z/stage_a/checkpoint-002000,/home/x/.cache/huggingface/hub/models--google--translategemma-4b-it/snapshots/10042cb0e6e7fdce748996a71dc3dc432a4e0c89,128,projects/distillation/translation/runs/translategemma4b_es_en_gemma3_1b_stagea_goldgrid_rows1920_bf16_20260311T200534Z/stage_a_checkpoint_sweep_greedy/eval3_indomain_clean__checkpoint-002000__greedy/compare_eval_summary.json,61.2116,75.7592,,64.0000,46.0240,69.8821,,64.0000,128.0000,causal-chat,gemma_causal_lm,false,,
translategemma4b_es_en_gemma3_1b_stagea_goldgrid_rows1600_bf16_codexlow_pack06_replace10c_hfcacheauth_v1,indomain_clean_merged_en_es_translation_benchmark_128,projects/distillation/translation/training_data/translate_distill_pairs.eval3_indomain_clean_merged_128.jsonl,stage_a_checkpoint_sweep_greedy_studentonly/eval3_indomain_clean__checkpoint-003000__greedy,false,,student,54.3783,72.1257,,,,,projects/distillation/translation/runs/translategemma4b_es_en_gemma3_1b_stagea_goldgrid_rows1600_bf16_codexlow_pack06_replace10c_hfcacheauth_v1/stage_a/checkpoint-003000,,128,projects/distillation/translation/runs/translategemma4b_es_en_gemma3_1b_stagea_goldgrid_rows1600_bf16_codexlow_pack06_replace10c_hfcacheauth_v1/stage_a_checkpoint_sweep_greedy_studentonly/eval3_indomain_clean__checkpoint-003000__greedy/compare_eval_summary.json,58.9541,73.2260,,64.0000,48.6861,70.7850,,64.0000,128.0000,causal-chat,gemma_causal_lm,false,,
translategemma4b_es_en_gemma3_1b_stagea_goldgrid_rows1920_bf16_20260311T033442Z,indomain_clean_merged_en_es_translation_benchmark_128,projects/distillation/translation/training_data/translate_distill_pairs.eval3_indomain_clean_merged_128.jsonl,stage_a_checkpoint_sweep_greedy/eval3_indomain_clean__checkpoint-004000__greedy,false,,student,54.3753,73.2525,45.5415,70.9157,8.8337,2.3368,projects/distillation/translation/runs/translategemma4b_es_en_gemma3_1b_stagea_goldgrid_rows1920_bf16_20260311T033442Z/stage_a/checkpoint-004000,/home/x/.cache/huggingface/hub/models--google--translategemma-4b-it/snapshots/10042cb0e6e7fdce748996a71dc3dc432a4e0c89,128,projects/distillation/translation/runs/translategemma4b_es_en_gemma3_1b_stagea_goldgrid_rows1920_bf16_20260311T033442Z/stage_a_checkpoint_sweep_greedy/eval3_indomain_clean__checkpoint-004000__greedy/compare_eval_summary.json,57.6569,73.8818,,64.0000,50.2854,72.4849,,64.0000,128.0000,causal-chat,gemma_causal_lm,false,,
translategemma4b_es_en_gemma3_1b_stagea_goldgrid_rows1600_bf16_codexreplace05_pack06_defer_studentonly_v1,indomain_clean_merged_en_es_translation_benchmark_128,projects/distillation/translation/training_data/translate_distill_pairs.eval3_indomain_clean_merged_128.jsonl,stage_a_checkpoint_sweep_greedy/eval3_indomain_clean__checkpoint-002500__greedy,false,,student,54.3705,72.3898,,,,,projects/distillation/translation/runs/translategemma4b_es_en_gemma3_1b_stagea_goldgrid_rows1600_bf16_codexreplace05_pack06_defer_studentonly_v1/stage_a/checkpoint-002500,,128,projects/distillation/translation/runs/translategemma4b_es_en_gemma3_1b_stagea_goldgrid_rows1600_bf16_codexreplace05_pack06_defer_studentonly_v1/stage_a_checkpoint_sweep_greedy/eval3_indomain_clean__checkpoint-002500__greedy/compare_eval_summary.json,57.4598,73.2195,,64.0000,50.5095,71.3764,,64.0000,128.0000,causal-chat,gemma_causal_lm,false,,
translategemma4b_es_en_gemma3_1b_stagea_goldgrid_rows1600_bf16_codexreplace05_pack06_6k_dense500_defer_studentonly_v1,indomain_clean_merged_en_es_translation_benchmark_128,projects/distillation/translation/training_data/translate_distill_pairs.eval3_indomain_clean_merged_128.jsonl,stage_a_checkpoint_sweep_greedy/eval3_indomain_clean__checkpoint-006000__greedy,false,,student,54.3076,72.3743,,,,,projects/distillation/translation/runs/translategemma4b_es_en_gemma3_1b_stagea_goldgrid_rows1600_bf16_codexreplace05_pack06_6k_dense500_defer_studentonly_v1/stage_a/checkpoint-006000,,128,projects/distillation/translation/runs/translategemma4b_es_en_gemma3_1b_stagea_goldgrid_rows1600_bf16_codexreplace05_pack06_6k_dense500_defer_studentonly_v1/stage_a_checkpoint_sweep_greedy/eval3_indomain_clean__checkpoint-006000__greedy/compare_eval_summary.json,58.8249,73.9026,,64.0000,48.7298,70.5129,,64.0000,128.0000,causal-chat,gemma_causal_lm,false,,
translategemma4b_es_en_gemma3_1b_stagea_goldgrid_rows1600_bf16_codexreplace05_pack06_ckpt4000_lr5e6_1k_dense250_v1,indomain_clean_merged_en_es_translation_benchmark_128,projects/distillation/translation/training_data/translate_distill_pairs.eval3_indomain_clean_merged_128.jsonl,stage_a_checkpoint_sweep_greedy/eval3_indomain_clean__checkpoint-000500__greedy,false,,student,54.3043,72.3526,,,,,projects/distillation/translation/runs/translategemma4b_es_en_gemma3_1b_stagea_goldgrid_rows1600_bf16_codexreplace05_pack06_ckpt4000_lr5e6_1k_dense250_v1/stage_a/checkpoint-000500,,128,projects/distillation/translation/runs/translategemma4b_es_en_gemma3_1b_stagea_goldgrid_rows1600_bf16_codexreplace05_pack06_ckpt4000_lr5e6_1k_dense250_v1/stage_a_checkpoint_sweep_greedy/eval3_indomain_clean__checkpoint-000500__greedy/compare_eval_summary.json,57.8858,73.1636,,64.0000,49.8897,71.3647,,64.0000,128.0000,causal-chat,gemma_causal_lm,false,,
translategemma4b_es_en_gemma3_1b_stagea_goldgrid_rows1920_bf16_20260311T053842Z,indomain_clean_merged_en_es_translation_benchmark_128,projects/distillation/translation/training_data/translate_distill_pairs.eval3_indomain_clean_merged_128.jsonl,stage_a_checkpoint_sweep_greedy/eval3_indomain_clean__checkpoint-004000__greedy,false,,student,54.2923,72.5946,45.5415,70.9157,8.7508,1.6789,projects/distillation/translation/runs/translategemma4b_es_en_gemma3_1b_stagea_goldgrid_rows1920_bf16_20260311T053842Z/stage_a/checkpoint-004000,/home/x/.cache/huggingface/hub/models--google--translategemma-4b-it/snapshots/10042cb0e6e7fdce748996a71dc3dc432a4e0c89,128,projects/distillation/translation/runs/translategemma4b_es_en_gemma3_1b_stagea_goldgrid_rows1920_bf16_20260311T053842Z/stage_a_checkpoint_sweep_greedy/eval3_indomain_clean__checkpoint-004000__greedy/compare_eval_summary.json,59.1621,73.6617,,64.0000,48.1605,71.2936,,64.0000,128.0000,causal-chat,gemma_causal_lm,false,,
translategemma4b_es_en_gemma3_1b_stagea_goldgrid_rows1600_bf16_codexreplace05_pack06_ckpt4000_lr5e6_1k_dense250_v1,indomain_clean_merged_en_es_translation_benchmark_128,projects/distillation/translation/training_data/translate_distill_pairs.eval3_indomain_clean_merged_128.jsonl,stage_a_checkpoint_sweep_greedy/eval3_indomain_clean__checkpoint-000750__greedy,false,,student,54.2740,72.1731,,,,,projects/distillation/translation/runs/translategemma4b_es_en_gemma3_1b_stagea_goldgrid_rows1600_bf16_codexreplace05_pack06_ckpt4000_lr5e6_1k_dense250_v1/stage_a/checkpoint-000750,,128,projects/distillation/translation/runs/translategemma4b_es_en_gemma3_1b_stagea_goldgrid_rows1600_bf16_codexreplace05_pack06_ckpt4000_lr5e6_1k_dense250_v1/stage_a_checkpoint_sweep_greedy/eval3_indomain_clean__checkpoint-000750__greedy/compare_eval_summary.json,57.7924,72.8777,,64.0000,49.9477,71.3147,,64.0000,128.0000,causal-chat,gemma_causal_lm,false,,
translategemma4b_es_en_gemma3_1b_stagea_goldgrid_rows1600_bf16_codexreplace05_pack06_6k_dense500_defer_studentonly_v1,indomain_clean_merged_en_es_translation_benchmark_128,projects/distillation/translation/training_data/translate_distill_pairs.eval3_indomain_clean_merged_128.jsonl,stage_a_checkpoint_sweep_greedy/eval3_indomain_clean__checkpoint-004000__greedy,false,,student,54.2246,72.4098,,,,,projects/distillation/translation/runs/translategemma4b_es_en_gemma3_1b_stagea_goldgrid_rows1600_bf16_codexreplace05_pack06_6k_dense500_defer_studentonly_v1/stage_a/checkpoint-004000,,128,projects/distillation/translation/runs/translategemma4b_es_en_gemma3_1b_stagea_goldgrid_rows1600_bf16_codexreplace05_pack06_6k_dense500_defer_studentonly_v1/stage_a_checkpoint_sweep_greedy/eval3_indomain_clean__checkpoint-004000__greedy/compare_eval_summary.json,58.2487,73.5740,,64.0000,49.2398,70.9910,,64.0000,128.0000,causal-chat,gemma_causal_lm,false,,
translategemma4b_es_en_gemma3_1b_stagea_goldgrid_rows1920_bf16_20260311T070121Z,indomain_clean_merged_en_es_translation_benchmark_128,projects/distillation/translation/training_data/translate_distill_pairs.eval3_indomain_clean_merged_128.jsonl,stage_a_checkpoint_sweep_greedy/eval3_indomain_clean__checkpoint-002000__greedy,false,,student,54.2158,72.7988,45.5415,70.9157,8.6743,1.8831,projects/distillation/translation/runs/translategemma4b_es_en_gemma3_1b_stagea_goldgrid_rows1920_bf16_20260311T070121Z/stage_a/checkpoint-002000,/home/x/.cache/huggingface/hub/models--google--translategemma-4b-it/snapshots/10042cb0e6e7fdce748996a71dc3dc432a4e0c89,128,projects/distillation/translation/runs/translategemma4b_es_en_gemma3_1b_stagea_goldgrid_rows1920_bf16_20260311T070121Z/stage_a_checkpoint_sweep_greedy/eval3_indomain_clean__checkpoint-002000__greedy/compare_eval_summary.json,59.8248,74.2723,,64.0000,46.0919,71.0150,,64.0000,128.0000,causal-chat,gemma_causal_lm,false,,
translategemma4b_es_en_gemma3_1b_stagea_goldgrid_rows1600_bf16_codexreplace05_pack06_ckpt4000_lr5e6_1k_dense250_v1,indomain_clean_merged_en_es_translation_benchmark_128,projects/distillation/translation/training_data/translate_distill_pairs.eval3_indomain_clean_merged_128.jsonl,stage_a_checkpoint_sweep_greedy/eval3_indomain_clean__checkpoint-000250__greedy,false,,student,54.2064,72.2358,,,,,projects/distillation/translation/runs/translategemma4b_es_en_gemma3_1b_stagea_goldgrid_rows1600_bf16_codexreplace05_pack06_ckpt4000_lr5e6_1k_dense250_v1/stage_a/checkpoint-000250,,128,projects/distillation/translation/runs/translategemma4b_es_en_gemma3_1b_stagea_goldgrid_rows1600_bf16_codexreplace05_pack06_ckpt4000_lr5e6_1k_dense250_v1/stage_a_checkpoint_sweep_greedy/eval3_indomain_clean__checkpoint-000250__greedy/compare_eval_summary.json,58.0267,73.0413,,64.0000,49.4952,71.2541,,64.0000,128.0000,causal-chat,gemma_causal_lm,false,,
translategemma4b_es_en_gemma3_1b_stagea_goldgrid_rows1920_bf16_20260310T220428Z,indomain_clean_merged_en_es_translation_benchmark_128,projects/distillation/translation/training_data/translate_distill_pairs.eval3_indomain_clean_merged_128.jsonl,stage_a_checkpoint_sweep_greedy/eval3_indomain_clean__checkpoint-002000__greedy,false,,student,54.1942,71.4519,45.5415,70.9157,8.6527,0.5361,projects/distillation/translation/runs/translategemma4b_es_en_gemma3_1b_stagea_goldgrid_rows1920_bf16_20260310T220428Z/stage_a/checkpoint-002000,/home/x/.cache/huggingface/hub/models--google--translategemma-4b-it/snapshots/10042cb0e6e7fdce748996a71dc3dc432a4e0c89,128,projects/distillation/translation/runs/translategemma4b_es_en_gemma3_1b_stagea_goldgrid_rows1920_bf16_20260310T220428Z/stage_a_checkpoint_sweep_greedy/eval3_indomain_clean__checkpoint-002000__greedy/compare_eval_summary.json,56.0480,70.8934,,64.0000,51.8220,72.1317,,64.0000,128.0000,causal-chat,gemma_causal_lm,false,,
translategemma4b_es_en_gemma3_1b_stagea_goldgrid_rows1920_bf16_20260311T000816Z,indomain_clean_merged_en_es_translation_benchmark_128,projects/distillation/translation/training_data/translate_distill_pairs.eval3_indomain_clean_merged_128.jsonl,stage_a_checkpoint_sweep_greedy/eval3_indomain_clean__checkpoint-004000__greedy,false,,student,54.1700,72.4159,45.5415,70.9157,8.6285,1.5002,projects/distillation/translation/runs/translategemma4b_es_en_gemma3_1b_stagea_goldgrid_rows1920_bf16_20260311T000816Z/stage_a/checkpoint-004000,/home/x/.cache/huggingface/hub/models--google--translategemma-4b-it/snapshots/10042cb0e6e7fdce748996a71dc3dc432a4e0c89,128,projects/distillation/translation/runs/translategemma4b_es_en_gemma3_1b_stagea_goldgrid_rows1920_bf16_20260311T000816Z/stage_a_checkpoint_sweep_greedy/eval3_indomain_clean__checkpoint-004000__greedy/compare_eval_summary.json,57.4100,73.3014,,64.0000,49.8605,71.3362,,64.0000,128.0000,causal-chat,gemma_causal_lm,false,,
translategemma4b_es_en_gemma3_1b_stagea_goldgrid_rows1920_bf16_20260311T045717Z,indomain_clean_merged_en_es_translation_benchmark_128,projects/distillation/translation/training_data/translate_distill_pairs.eval3_indomain_clean_merged_128.jsonl,stage_a_checkpoint_sweep_greedy/eval3_indomain_clean__checkpoint-004000__greedy,false,,student,54.1583,72.4966,45.5415,70.9157,8.6168,1.5808,projects/distillation/translation/runs/translategemma4b_es_en_gemma3_1b_stagea_goldgrid_rows1920_bf16_20260311T045717Z/stage_a/checkpoint-004000,/home/x/.cache/huggingface/hub/models--google--translategemma-4b-it/snapshots/10042cb0e6e7fdce748996a71dc3dc432a4e0c89,128,projects/distillation/translation/runs/translategemma4b_es_en_gemma3_1b_stagea_goldgrid_rows1920_bf16_20260311T045717Z/stage_a_checkpoint_sweep_greedy/eval3_indomain_clean__checkpoint-004000__greedy/compare_eval_summary.json,58.5219,73.3533,,64.0000,48.7190,71.4549,,64.0000,128.0000,causal-chat,gemma_causal_lm,false,,
translategemma4b_es_en_gemma3_1b_stagea_goldgrid_rows1920_bf16_codexblend_pack06r10_pack08_v1,indomain_clean_merged_en_es_translation_benchmark_128,projects/distillation/translation/training_data/translate_distill_pairs.eval3_indomain_clean_merged_128.jsonl,stage_a_checkpoint_sweep_greedy_studentonly/eval3_indomain_clean__checkpoint-004000__greedy,false,,student,54.1449,73.2081,,,,,projects/distillation/translation/runs/translategemma4b_es_en_gemma3_1b_stagea_goldgrid_rows1920_bf16_codexblend_pack06r10_pack08_v1/stage_a/checkpoint-004000,,128,projects/distillation/translation/runs/translategemma4b_es_en_gemma3_1b_stagea_goldgrid_rows1920_bf16_codexblend_pack06r10_pack08_v1/stage_a_checkpoint_sweep_greedy_studentonly/eval3_indomain_clean__checkpoint-004000__greedy/compare_eval_summary.json,58.0973,74.5097,,64.0000,49.0742,71.6198,,64.0000,128.0000,causal-chat,gemma_causal_lm,false,,
translategemma4b_es_en_gemma3_1b_stagea_goldgrid_rows1920_bf16_20260310T232655Z,indomain_clean_merged_en_es_translation_benchmark_128,projects/distillation/translation/training_data/translate_distill_pairs.eval3_indomain_clean_merged_128.jsonl,stage_a_checkpoint_sweep_greedy/eval3_indomain_clean__checkpoint-004000__greedy,false,,student,54.1434,73.1685,45.5415,70.9157,8.6019,2.2528,projects/distillation/translation/runs/translategemma4b_es_en_gemma3_1b_stagea_goldgrid_rows1920_bf16_20260310T232655Z/stage_a/checkpoint-004000,/home/x/.cache/huggingface/hub/models--google--translategemma-4b-it/snapshots/10042cb0e6e7fdce748996a71dc3dc432a4e0c89,128,projects/distillation/translation/runs/translategemma4b_es_en_gemma3_1b_stagea_goldgrid_rows1920_bf16_20260310T232655Z/stage_a_checkpoint_sweep_greedy/eval3_indomain_clean__checkpoint-004000__greedy/compare_eval_summary.json,58.8366,74.6165,,64.0000,48.3536,71.4031,,64.0000,128.0000,causal-chat,gemma_causal_lm,false,,
translategemma4b_es_en_gemma3_1b_stagea_goldgrid_rows1600_bf16_codexreplace05_pack06_ckpt4000_lr5e6_1k_dense250_v1,indomain_clean_merged_en_es_translation_benchmark_128,projects/distillation/translation/training_data/translate_distill_pairs.eval3_indomain_clean_merged_128.jsonl,stage_a_checkpoint_sweep_greedy/eval3_indomain_clean__checkpoint-001000__greedy,false,,student,54.1300,72.2997,,,,,projects/distillation/translation/runs/translategemma4b_es_en_gemma3_1b_stagea_goldgrid_rows1600_bf16_codexreplace05_pack06_ckpt4000_lr5e6_1k_dense250_v1/stage_a/checkpoint-001000,,128,projects/distillation/translation/runs/translategemma4b_es_en_gemma3_1b_stagea_goldgrid_rows1600_bf16_codexreplace05_pack06_ckpt4000_lr5e6_1k_dense250_v1/stage_a_checkpoint_sweep_greedy/eval3_indomain_clean__checkpoint-001000__greedy/compare_eval_summary.json,57.6470,73.0731,,64.0000,49.7710,71.3566,,64.0000,128.0000,causal-chat,gemma_causal_lm,false,,
translategemma4b_es_en_gemma3_1b_stagea_goldgrid_rows1584_bf16_codexprune05_pack06_defer_studentonly_v1,indomain_clean_merged_en_es_translation_benchmark_128,projects/distillation/translation/training_data/translate_distill_pairs.eval3_indomain_clean_merged_128.jsonl,stage_a_checkpoint_sweep_greedy/eval3_indomain_clean__checkpoint-003000__greedy,false,,student,54.1297,72.9128,,,,,projects/distillation/translation/runs/translategemma4b_es_en_gemma3_1b_stagea_goldgrid_rows1584_bf16_codexprune05_pack06_defer_studentonly_v1/stage_a/checkpoint-003000,,128,projects/distillation/translation/runs/translategemma4b_es_en_gemma3_1b_stagea_goldgrid_rows1584_bf16_codexprune05_pack06_defer_studentonly_v1/stage_a_checkpoint_sweep_greedy/eval3_indomain_clean__checkpoint-003000__greedy/compare_eval_summary.json,59.4351,74.6577,,64.0000,47.5239,70.7814,,64.0000,128.0000,causal-chat,gemma_causal_lm,false,,
translategemma4b_es_en_gemma3_1b_stagea_goldgrid_rows1600_bf16_codexreplace05_pack06_6k_dense500_defer_studentonly_v1,indomain_clean_merged_en_es_translation_benchmark_128,projects/distillation/translation/training_data/translate_distill_pairs.eval3_indomain_clean_merged_128.jsonl,stage_a_checkpoint_sweep_greedy/eval3_indomain_clean__checkpoint-003500__greedy,false,,student,54.1295,72.0003,,,,,projects/distillation/translation/runs/translategemma4b_es_en_gemma3_1b_stagea_goldgrid_rows1600_bf16_codexreplace05_pack06_6k_dense500_defer_studentonly_v1/stage_a/checkpoint-003500,,128,projects/distillation/translation/runs/translategemma4b_es_en_gemma3_1b_stagea_goldgrid_rows1600_bf16_codexreplace05_pack06_6k_dense500_defer_studentonly_v1/stage_a_checkpoint_sweep_greedy/eval3_indomain_clean__checkpoint-003500__greedy/compare_eval_summary.json,59.0711,73.8321,,64.0000,48.0109,69.7682,,64.0000,128.0000,causal-chat,gemma_causal_lm,false,,
translategemma4b_es_en_gemma3_1b_stagea_goldgrid_rows1568_bf16_codexlow_pack04_prune10_studentonly_v1,indomain_clean_merged_en_es_translation_benchmark_128,projects/distillation/translation/training_data/translate_distill_pairs.eval3_indomain_clean_merged_128.jsonl,stage_a_checkpoint_sweep_greedy/eval3_indomain_clean__checkpoint-002000__greedy,false,,student,54.0721,71.7052,,,,,projects/distillation/translation/runs/translategemma4b_es_en_gemma3_1b_stagea_goldgrid_rows1568_bf16_codexlow_pack04_prune10_studentonly_v1/stage_a/checkpoint-002000,,128,projects/distillation/translation/runs/translategemma4b_es_en_gemma3_1b_stagea_goldgrid_rows1568_bf16_codexlow_pack04_prune10_studentonly_v1/stage_a_checkpoint_sweep_greedy/eval3_indomain_clean__checkpoint-002000__greedy/compare_eval_summary.json,57.6421,72.4292,,64.0000,49.6366,70.8221,,64.0000,128.0000,causal-chat,gemma_causal_lm,false,,
translategemma4b_es_en_gemma3_1b_stagea_goldgrid_rows1600_bf16_codexreplace05_pack06_6k_dense500_defer_studentonly_v1,indomain_clean_merged_en_es_translation_benchmark_128,projects/distillation/translation/training_data/translate_distill_pairs.eval3_indomain_clean_merged_128.jsonl,stage_a_checkpoint_sweep_greedy/eval3_indomain_clean__checkpoint-003000__greedy,false,,student,54.0575,71.9575,,,,,projects/distillation/translation/runs/translategemma4b_es_en_gemma3_1b_stagea_goldgrid_rows1600_bf16_codexreplace05_pack06_6k_dense500_defer_studentonly_v1/stage_a/checkpoint-003000,,128,projects/distillation/translation/runs/translategemma4b_es_en_gemma3_1b_stagea_goldgrid_rows1600_bf16_codexreplace05_pack06_6k_dense500_defer_studentonly_v1/stage_a_checkpoint_sweep_greedy/eval3_indomain_clean__checkpoint-003000__greedy/compare_eval_summary.json,59.4427,73.8241,,64.0000,47.4269,69.6858,,64.0000,128.0000,causal-chat,gemma_causal_lm,false,,
translategemma4b_es_en_gemma3_1b_stagea_goldgrid_rows1600_bf16_codexlow_pack04_replace10_defer_studentonly_v1,indomain_clean_merged_en_es_translation_benchmark_128,projects/distillation/translation/training_data/translate_distill_pairs.eval3_indomain_clean_merged_128.jsonl,stage_a_checkpoint_sweep_greedy/eval3_indomain_clean__checkpoint-004000__greedy,false,,student,54.0417,72.0529,,,,,projects/distillation/translation/runs/translategemma4b_es_en_gemma3_1b_stagea_goldgrid_rows1600_bf16_codexlow_pack04_replace10_defer_studentonly_v1/stage_a/checkpoint-004000,,128,projects/distillation/translation/runs/translategemma4b_es_en_gemma3_1b_stagea_goldgrid_rows1600_bf16_codexlow_pack04_replace10_defer_studentonly_v1/stage_a_checkpoint_sweep_greedy/eval3_indomain_clean__checkpoint-004000__greedy/compare_eval_summary.json,57.9651,72.9581,,64.0000,48.9321,70.9525,,64.0000,128.0000,causal-chat,gemma_causal_lm,false,,
translategemma4b_es_en_gemma3_1b_stagea_goldgrid_rows1600_bf16_codexlow_pack04_replace10_studentonly_v1,indomain_clean_merged_en_es_translation_benchmark_128,projects/distillation/translation/training_data/translate_distill_pairs.eval3_indomain_clean_merged_128.jsonl,stage_a_checkpoint_sweep_greedy/eval3_indomain_clean__checkpoint-004000__greedy,false,,student,54.0417,72.0529,,,,,projects/distillation/translation/runs/translategemma4b_es_en_gemma3_1b_stagea_goldgrid_rows1600_bf16_codexlow_pack04_replace10_studentonly_v1/stage_a/checkpoint-004000,,128,projects/distillation/translation/runs/translategemma4b_es_en_gemma3_1b_stagea_goldgrid_rows1600_bf16_codexlow_pack04_replace10_studentonly_v1/stage_a_checkpoint_sweep_greedy/eval3_indomain_clean__checkpoint-004000__greedy/compare_eval_summary.json,57.9651,72.9581,,64.0000,48.9321,70.9525,,64.0000,128.0000,causal-chat,gemma_causal_lm,false,,
translategemma4b_es_en_gemma3_1b_stagea_goldgrid_rows1568_bf16_codexlow_pack04_prune10_studentonly_v1,indomain_clean_merged_en_es_translation_benchmark_128,projects/distillation/translation/training_data/translate_distill_pairs.eval3_indomain_clean_merged_128.jsonl,stage_a_checkpoint_sweep_greedy/eval3_indomain_clean__checkpoint-004000__greedy,false,,student,54.0130,72.2760,,,,,projects/distillation/translation/runs/translategemma4b_es_en_gemma3_1b_stagea_goldgrid_rows1568_bf16_codexlow_pack04_prune10_studentonly_v1/stage_a/checkpoint-004000,,128,projects/distillation/translation/runs/translategemma4b_es_en_gemma3_1b_stagea_goldgrid_rows1568_bf16_codexlow_pack04_prune10_studentonly_v1/stage_a_checkpoint_sweep_greedy/eval3_indomain_clean__checkpoint-004000__greedy/compare_eval_summary.json,57.9770,73.1963,,64.0000,48.9841,71.1516,,64.0000,128.0000,causal-chat,gemma_causal_lm,false,,
translategemma4b_es_en_gemma3_1b_stagea_goldgrid_rows1600_bf16_codexlow_pack06_replace10c_hfcacheauth_v1,indomain_clean_merged_en_es_translation_benchmark_128,projects/distillation/translation/training_data/translate_distill_pairs.eval3_indomain_clean_merged_128.jsonl,stage_a_checkpoint_sweep_greedy_studentonly/eval3_indomain_clean__checkpoint-004000__greedy,false,,student,53.9959,72.0120,,,,,projects/distillation/translation/runs/translategemma4b_es_en_gemma3_1b_stagea_goldgrid_rows1600_bf16_codexlow_pack06_replace10c_hfcacheauth_v1/stage_a/checkpoint-004000,,128,projects/distillation/translation/runs/translategemma4b_es_en_gemma3_1b_stagea_goldgrid_rows1600_bf16_codexlow_pack06_replace10c_hfcacheauth_v1/stage_a_checkpoint_sweep_greedy_studentonly/eval3_indomain_clean__checkpoint-004000__greedy/compare_eval_summary.json,58.3754,73.0000,,64.0000,48.5449,70.8079,,64.0000,128.0000,causal-chat,gemma_causal_lm,false,,
translategemma4b_es_en_gemma3_1b_stagea_goldgrid_rows1600_bf16_codexlow_pack06_replace10c_hfcacheauth_v1,indomain_clean_merged_en_es_translation_benchmark_128,projects/distillation/translation/training_data/translate_distill_pairs.eval3_indomain_clean_merged_128.jsonl,student_only_eval_final/eval3_indomain_clean,false,,student,53.9959,72.0120,,,,,projects/distillation/translation/runs/translategemma4b_es_en_gemma3_1b_stagea_goldgrid_rows1600_bf16_codexlow_pack06_replace10c_hfcacheauth_v1/final,,128,projects/distillation/translation/runs/translategemma4b_es_en_gemma3_1b_stagea_goldgrid_rows1600_bf16_codexlow_pack06_replace10c_hfcacheauth_v1/student_only_eval_final/eval3_indomain_clean/compare_eval_summary.json,58.3754,73.0000,,64.0000,48.5449,70.8079,,64.0000,128.0000,causal-chat,gemma_causal_lm,false,,
translategemma4b_es_en_gemma3_1b_stagea_goldgrid_rows1568_bf16_codexseed7_pack06_prune10_defer_studentonly_v1,indomain_clean_merged_en_es_translation_benchmark_128,projects/distillation/translation/training_data/translate_distill_pairs.eval3_indomain_clean_merged_128.jsonl,stage_a_checkpoint_sweep_greedy/eval3_indomain_clean__checkpoint-004000__greedy,false,,student,53.9366,72.3539,,,,,projects/distillation/translation/runs/translategemma4b_es_en_gemma3_1b_stagea_goldgrid_rows1568_bf16_codexseed7_pack06_prune10_defer_studentonly_v1/stage_a/checkpoint-004000,,128,projects/distillation/translation/runs/translategemma4b_es_en_gemma3_1b_stagea_goldgrid_rows1568_bf16_codexseed7_pack06_prune10_defer_studentonly_v1/stage_a_checkpoint_sweep_greedy/eval3_indomain_clean__checkpoint-004000__greedy/compare_eval_summary.json,57.5216,72.9116,,64.0000,49.3922,71.6711,,64.0000,128.0000,causal-chat,gemma_causal_lm,false,,
translategemma4b_es_en_gemma3_1b_stagea_goldgrid_rows1600_bf16_codexlow_pack04_replace10_defer_studentonly_v1,indomain_clean_merged_en_es_translation_benchmark_128,projects/distillation/translation/training_data/translate_distill_pairs.eval3_indomain_clean_merged_128.jsonl,stage_a_checkpoint_sweep_greedy/eval3_indomain_clean__checkpoint-003000__greedy,false,,student,53.8952,72.1599,,,,,projects/distillation/translation/runs/translategemma4b_es_en_gemma3_1b_stagea_goldgrid_rows1600_bf16_codexlow_pack04_replace10_defer_studentonly_v1/stage_a/checkpoint-003000,,128,projects/distillation/translation/runs/translategemma4b_es_en_gemma3_1b_stagea_goldgrid_rows1600_bf16_codexlow_pack04_replace10_defer_studentonly_v1/stage_a_checkpoint_sweep_greedy/eval3_indomain_clean__checkpoint-003000__greedy/compare_eval_summary.json,58.0000,73.2225,,64.0000,48.8079,70.8666,,64.0000,128.0000,causal-chat,gemma_causal_lm,false,,
translategemma4b_es_en_gemma3_1b_stagea_goldgrid_rows1600_bf16_codexlow_pack04_replace10_studentonly_v1,indomain_clean_merged_en_es_translation_benchmark_128,projects/distillation/translation/training_data/translate_distill_pairs.eval3_indomain_clean_merged_128.jsonl,stage_a_checkpoint_sweep_greedy/eval3_indomain_clean__checkpoint-003000__greedy,false,,student,53.8952,72.1599,,,,,projects/distillation/translation/runs/translategemma4b_es_en_gemma3_1b_stagea_goldgrid_rows1600_bf16_codexlow_pack04_replace10_studentonly_v1/stage_a/checkpoint-003000,,128,projects/distillation/translation/runs/translategemma4b_es_en_gemma3_1b_stagea_goldgrid_rows1600_bf16_codexlow_pack04_replace10_studentonly_v1/stage_a_checkpoint_sweep_greedy/eval3_indomain_clean__checkpoint-003000__greedy/compare_eval_summary.json,58.0000,73.2225,,64.0000,48.8079,70.8666,,64.0000,128.0000,causal-chat,gemma_causal_lm,false,,
translategemma4b_es_en_gemma3_1b_stagea_goldgrid_rows1920_bf16_20260311T025326Z,indomain_clean_merged_en_es_translation_benchmark_128,projects/distillation/translation/training_data/translate_distill_pairs.eval3_indomain_clean_merged_128.jsonl,stage_a_checkpoint_sweep_greedy/eval3_indomain_clean__checkpoint-002000__greedy,false,,student,53.8880,72.5125,45.5415,70.9157,8.3465,1.5968,projects/distillation/translation/runs/translategemma4b_es_en_gemma3_1b_stagea_goldgrid_rows1920_bf16_20260311T025326Z/stage_a/checkpoint-002000,/home/x/.cache/huggingface/hub/models--google--translategemma-4b-it/snapshots/10042cb0e6e7fdce748996a71dc3dc432a4e0c89,128,projects/distillation/translation/runs/translategemma4b_es_en_gemma3_1b_stagea_goldgrid_rows1920_bf16_20260311T025326Z/stage_a_checkpoint_sweep_greedy/eval3_indomain_clean__checkpoint-002000__greedy/compare_eval_summary.json,57.9404,73.4695,,64.0000,48.8389,71.3469,,64.0000,128.0000,causal-chat,gemma_causal_lm,false,,
translategemma4b_es_en_gemma3_1b_stagea_goldgrid_rows1568_bf16_codexlow_pack04_prune10_studentonly_v1,indomain_clean_merged_en_es_translation_benchmark_128,projects/distillation/translation/training_data/translate_distill_pairs.eval3_indomain_clean_merged_128.jsonl,stage_a_checkpoint_sweep_greedy/eval3_indomain_clean__checkpoint-003000__greedy,false,,student,53.8786,71.9535,,,,,projects/distillation/translation/runs/translategemma4b_es_en_gemma3_1b_stagea_goldgrid_rows1568_bf16_codexlow_pack04_prune10_studentonly_v1/stage_a/checkpoint-003000,,128,projects/distillation/translation/runs/translategemma4b_es_en_gemma3_1b_stagea_goldgrid_rows1568_bf16_codexlow_pack04_prune10_studentonly_v1/stage_a_checkpoint_sweep_greedy/eval3_indomain_clean__checkpoint-003000__greedy/compare_eval_summary.json,57.6232,72.7184,,64.0000,49.1566,71.0200,,64.0000,128.0000,causal-chat,gemma_causal_lm,false,,
translategemma4b_es_en_gemma3_1b_stagea_goldgrid_rows1584_bf16_codexprune05_pack06_defer_studentonly_v1,indomain_clean_merged_en_es_translation_benchmark_128,projects/distillation/translation/training_data/translate_distill_pairs.eval3_indomain_clean_merged_128.jsonl,stage_a_checkpoint_sweep_greedy/eval3_indomain_clean__checkpoint-003500__greedy,false,,student,53.8487,72.6181,,,,,projects/distillation/translation/runs/translategemma4b_es_en_gemma3_1b_stagea_goldgrid_rows1584_bf16_codexprune05_pack06_defer_studentonly_v1/stage_a/checkpoint-003500,,128,projects/distillation/translation/runs/translategemma4b_es_en_gemma3_1b_stagea_goldgrid_rows1584_bf16_codexprune05_pack06_defer_studentonly_v1/stage_a_checkpoint_sweep_greedy/eval3_indomain_clean__checkpoint-003500__greedy/compare_eval_summary.json,59.1265,74.3426,,64.0000,47.2708,70.5124,,64.0000,128.0000,causal-chat,gemma_causal_lm,false,,
translategemma4b_es_en_gemma3_1b_stagea_goldgrid_rows1920_bf16_20260311T000816Z,indomain_clean_merged_en_es_translation_benchmark_128,projects/distillation/translation/training_data/translate_distill_pairs.eval3_indomain_clean_merged_128.jsonl,stage_a_checkpoint_sweep_greedy/eval3_indomain_clean__checkpoint-002000__greedy,false,,student,53.8396,72.1891,45.5415,70.9157,8.2980,1.2734,projects/distillation/translation/runs/translategemma4b_es_en_gemma3_1b_stagea_goldgrid_rows1920_bf16_20260311T000816Z/stage_a/checkpoint-002000,/home/x/.cache/huggingface/hub/models--google--translategemma-4b-it/snapshots/10042cb0e6e7fdce748996a71dc3dc432a4e0c89,128,projects/distillation/translation/runs/translategemma4b_es_en_gemma3_1b_stagea_goldgrid_rows1920_bf16_20260311T000816Z/stage_a_checkpoint_sweep_greedy/eval3_indomain_clean__checkpoint-002000__greedy/compare_eval_summary.json,55.2421,71.9622,,64.0000,51.8774,72.4666,,64.0000,128.0000,causal-chat,gemma_causal_lm,false,,
translategemma4b_es_en_gemma3_1b_stagea_goldgrid_rows1568_bf16_codexlow_pack06_random10_defer_studentonly_v1,indomain_clean_merged_en_es_translation_benchmark_128,projects/distillation/translation/training_data/translate_distill_pairs.eval3_indomain_clean_merged_128.jsonl,stage_a_checkpoint_sweep_greedy/eval3_indomain_clean__checkpoint-004000__greedy,false,,student,53.7752,72.0253,,,,,projects/distillation/translation/runs/translategemma4b_es_en_gemma3_1b_stagea_goldgrid_rows1568_bf16_codexlow_pack06_random10_defer_studentonly_v1/stage_a/checkpoint-004000,,128,projects/distillation/translation/runs/translategemma4b_es_en_gemma3_1b_stagea_goldgrid_rows1568_bf16_codexlow_pack06_random10_defer_studentonly_v1/stage_a_checkpoint_sweep_greedy/eval3_indomain_clean__checkpoint-004000__greedy/compare_eval_summary.json,56.9948,72.8369,,64.0000,49.6704,71.0329,,64.0000,128.0000,causal-chat,gemma_causal_lm,false,,
translategemma4b_es_en_gemma3_1b_stagea_goldgrid_rows1568_bf16_codexlow_pack04_prune10_studentonly_v1,indomain_clean_merged_en_es_translation_benchmark_128,projects/distillation/translation/training_data/translate_distill_pairs.eval3_indomain_clean_merged_128.jsonl,stage_a_checkpoint_sweep_greedy/eval3_indomain_clean__checkpoint-001000__greedy,false,,student,53.7705,71.4232,,,,,projects/distillation/translation/runs/translategemma4b_es_en_gemma3_1b_stagea_goldgrid_rows1568_bf16_codexlow_pack04_prune10_studentonly_v1/stage_a/checkpoint-001000,,128,projects/distillation/translation/runs/translategemma4b_es_en_gemma3_1b_stagea_goldgrid_rows1568_bf16_codexlow_pack04_prune10_studentonly_v1/stage_a_checkpoint_sweep_greedy/eval3_indomain_clean__checkpoint-001000__greedy/compare_eval_summary.json,58.1424,72.8235,,64.0000,48.3359,69.7156,,64.0000,128.0000,causal-chat,gemma_causal_lm,false,,
translategemma4b_es_en_gemma3_1b_stagea_goldgrid_rows1600_bf16_codexlow_pack06_replace10c_hfcacheauth_v1,indomain_clean_merged_en_es_translation_benchmark_128,projects/distillation/translation/training_data/translate_distill_pairs.eval3_indomain_clean_merged_128.jsonl,stage_a_checkpoint_sweep_greedy_studentonly/eval3_indomain_clean__checkpoint-002000__greedy,false,,student,53.7327,71.7627,,,,,projects/distillation/translation/runs/translategemma4b_es_en_gemma3_1b_stagea_goldgrid_rows1600_bf16_codexlow_pack06_replace10c_hfcacheauth_v1/stage_a/checkpoint-002000,,128,projects/distillation/translation/runs/translategemma4b_es_en_gemma3_1b_stagea_goldgrid_rows1600_bf16_codexlow_pack06_replace10c_hfcacheauth_v1/stage_a_checkpoint_sweep_greedy_studentonly/eval3_indomain_clean__checkpoint-002000__greedy/compare_eval_summary.json,59.0433,73.0985,,64.0000,47.2774,70.1394,,64.0000,128.0000,causal-chat,gemma_causal_lm,false,,
translategemma4b_es_en_gemma3_1b_stagea_goldgrid_rows1920_bf16_20260311T204640Z,indomain_clean_merged_en_es_translation_benchmark_128,projects/distillation/translation/training_data/translate_distill_pairs.eval3_indomain_clean_merged_128.jsonl,stage_a_checkpoint_sweep_greedy/eval3_indomain_clean__checkpoint-004000__greedy,false,,student,53.7266,73.0382,45.5415,70.9157,8.1851,2.1225,projects/distillation/translation/runs/translategemma4b_es_en_gemma3_1b_stagea_goldgrid_rows1920_bf16_20260311T204640Z/stage_a/checkpoint-004000,/home/x/.cache/huggingface/hub/models--google--translategemma-4b-it/snapshots/10042cb0e6e7fdce748996a71dc3dc432a4e0c89,128,projects/distillation/translation/runs/translategemma4b_es_en_gemma3_1b_stagea_goldgrid_rows1920_bf16_20260311T204640Z/stage_a_checkpoint_sweep_greedy/eval3_indomain_clean__checkpoint-004000__greedy/compare_eval_summary.json,57.4909,74.3301,,64.0000,48.9088,71.4605,,64.0000,128.0000,causal-chat,gemma_causal_lm,false,,
translategemma4b_es_en_gemma3_1b_stagea_goldgrid_rows1584_bf16_codexprune05_pack06_defer_studentonly_v1,indomain_clean_merged_en_es_translation_benchmark_128,projects/distillation/translation/training_data/translate_distill_pairs.eval3_indomain_clean_merged_128.jsonl,stage_a_checkpoint_sweep_greedy/eval3_indomain_clean__checkpoint-002500__greedy,false,,student,53.6874,72.5294,,,,,projects/distillation/translation/runs/translategemma4b_es_en_gemma3_1b_stagea_goldgrid_rows1584_bf16_codexprune05_pack06_defer_studentonly_v1/stage_a/checkpoint-002500,,128,projects/distillation/translation/runs/translategemma4b_es_en_gemma3_1b_stagea_goldgrid_rows1584_bf16_codexprune05_pack06_defer_studentonly_v1/stage_a_checkpoint_sweep_greedy/eval3_indomain_clean__checkpoint-002500__greedy/compare_eval_summary.json,58.8228,73.9149,,64.0000,47.3413,70.8409,,64.0000,128.0000,causal-chat,gemma_causal_lm,false,,
translategemma4b_es_en_gemma3_1b_stagea_goldgrid_rows1568_bf16_codexlow_pack04_random10_defer_studentonly_v1,indomain_clean_merged_en_es_translation_benchmark_128,projects/distillation/translation/training_data/translate_distill_pairs.eval3_indomain_clean_merged_128.jsonl,stage_a_checkpoint_sweep_greedy/eval3_indomain_clean__checkpoint-001000__greedy,false,,student,53.6515,71.7670,,,,,projects/distillation/translation/runs/translategemma4b_es_en_gemma3_1b_stagea_goldgrid_rows1568_bf16_codexlow_pack04_random10_defer_studentonly_v1/stage_a/checkpoint-001000,,128,projects/distillation/translation/runs/translategemma4b_es_en_gemma3_1b_stagea_goldgrid_rows1568_bf16_codexlow_pack04_random10_defer_studentonly_v1/stage_a_checkpoint_sweep_greedy/eval3_indomain_clean__checkpoint-001000__greedy/compare_eval_summary.json,55.9532,71.4780,,64.0000,50.7311,72.1193,,64.0000,128.0000,causal-chat,gemma_causal_lm,false,,
translategemma4b_es_en_gemma3_1b_stagea_goldgrid_rows1920_bf16_20260311T220906Z,indomain_clean_merged_en_es_translation_benchmark_128,projects/distillation/translation/training_data/translate_distill_pairs.eval3_indomain_clean_merged_128.jsonl,stage_a_checkpoint_sweep_greedy/eval3_indomain_clean__checkpoint-004000__greedy,false,,student,53.6478,72.3394,45.5415,70.9157,8.1063,1.4237,projects/distillation/translation/runs/translategemma4b_es_en_gemma3_1b_stagea_goldgrid_rows1920_bf16_20260311T220906Z/stage_a/checkpoint-004000,/home/x/.cache/huggingface/hub/models--google--translategemma-4b-it/snapshots/10042cb0e6e7fdce748996a71dc3dc432a4e0c89,128,projects/distillation/translation/runs/translategemma4b_es_en_gemma3_1b_stagea_goldgrid_rows1920_bf16_20260311T220906Z/stage_a_checkpoint_sweep_greedy/eval3_indomain_clean__checkpoint-004000__greedy/compare_eval_summary.json,56.3511,71.9828,,64.0000,50.1537,72.7705,,64.0000,128.0000,causal-chat,gemma_causal_lm,false,,
translategemma4b_es_en_gemma3_1b_stagea_goldgrid_rows1920_bf16_20260311T041600Z,indomain_clean_merged_en_es_translation_benchmark_128,projects/distillation/translation/training_data/translate_distill_pairs.eval3_indomain_clean_merged_128.jsonl,stage_a_checkpoint_sweep_greedy/eval3_indomain_clean__checkpoint-004000__greedy,false,,student,53.6174,72.2637,45.5415,70.9157,8.0759,1.3480,projects/distillation/translation/runs/translategemma4b_es_en_gemma3_1b_stagea_goldgrid_rows1920_bf16_20260311T041600Z/stage_a/checkpoint-004000,/home/x/.cache/huggingface/hub/models--google--translategemma-4b-it/snapshots/10042cb0e6e7fdce748996a71dc3dc432a4e0c89,128,projects/distillation/translation/runs/translategemma4b_es_en_gemma3_1b_stagea_goldgrid_rows1920_bf16_20260311T041600Z/stage_a_checkpoint_sweep_greedy/eval3_indomain_clean__checkpoint-004000__greedy/compare_eval_summary.json,58.2226,72.8856,,64.0000,47.9919,71.5085,,64.0000,128.0000,causal-chat,gemma_causal_lm,false,,
translategemma4b_es_en_gemma3_1b_stagea_goldgrid_rows1584_bf16_codexprune05_pack06_defer_studentonly_v1,indomain_clean_merged_en_es_translation_benchmark_128,projects/distillation/translation/training_data/translate_distill_pairs.eval3_indomain_clean_merged_128.jsonl,stage_a_checkpoint_sweep_greedy/eval3_indomain_clean__checkpoint-004000__greedy,false,,student,53.6171,72.5355,,,,,projects/distillation/translation/runs/translategemma4b_es_en_gemma3_1b_stagea_goldgrid_rows1584_bf16_codexprune05_pack06_defer_studentonly_v1/stage_a/checkpoint-004000,,128,projects/distillation/translation/runs/translategemma4b_es_en_gemma3_1b_stagea_goldgrid_rows1584_bf16_codexprune05_pack06_defer_studentonly_v1/stage_a_checkpoint_sweep_greedy/eval3_indomain_clean__checkpoint-004000__greedy/compare_eval_summary.json,58.6610,74.0003,,64.0000,47.3320,70.7476,,64.0000,128.0000,causal-chat,gemma_causal_lm,false,,
translategemma4b_es_en_gemma3_1b_stagea_goldgrid_rows1920_bf16_20260310T192822Z,indomain_clean_merged_en_es_translation_benchmark_128,projects/distillation/translation/training_data/translate_distill_pairs.eval3_indomain_clean_merged_128.jsonl,stage_a_checkpoint_sweep_greedy/eval3_indomain_clean__checkpoint-004000__greedy,false,,student,53.6107,72.5728,45.5415,70.9157,8.0692,1.6571,projects/distillation/translation/runs/translategemma4b_es_en_gemma3_1b_stagea_goldgrid_rows1920_bf16_20260310T192822Z/stage_a/checkpoint-004000,/home/x/.cache/huggingface/hub/models--google--translategemma-4b-it/snapshots/10042cb0e6e7fdce748996a71dc3dc432a4e0c89,128,projects/distillation/translation/runs/translategemma4b_es_en_gemma3_1b_stagea_goldgrid_rows1920_bf16_20260310T192822Z/stage_a_checkpoint_sweep_greedy/eval3_indomain_clean__checkpoint-004000__greedy/compare_eval_summary.json,56.9498,73.6198,,64.0000,49.5939,71.3007,,64.0000,128.0000,causal-chat,gemma_causal_lm,false,,
translategemma4b_es_en_gemma3_1b_stagea_goldgrid_rows1568_bf16_codexlow_pack06_random10_defer_studentonly_v1,indomain_clean_merged_en_es_translation_benchmark_128,projects/distillation/translation/training_data/translate_distill_pairs.eval3_indomain_clean_merged_128.jsonl,stage_a_checkpoint_sweep_greedy/eval3_indomain_clean__checkpoint-003000__greedy,false,,student,53.6045,71.8561,,,,,projects/distillation/translation/runs/translategemma4b_es_en_gemma3_1b_stagea_goldgrid_rows1568_bf16_codexlow_pack06_random10_defer_studentonly_v1/stage_a/checkpoint-003000,,128,projects/distillation/translation/runs/translategemma4b_es_en_gemma3_1b_stagea_goldgrid_rows1568_bf16_codexlow_pack06_random10_defer_studentonly_v1/stage_a_checkpoint_sweep_greedy/eval3_indomain_clean__checkpoint-003000__greedy/compare_eval_summary.json,56.8365,72.7181,,64.0000,49.4547,70.8037,,64.0000,128.0000,causal-chat,gemma_causal_lm,false,,
translategemma4b_es_en_gemma3_1b_stagea_goldgrid_rows1920_bf16_20260311T021203Z,indomain_clean_merged_en_es_translation_benchmark_128,projects/distillation/translation/training_data/translate_distill_pairs.eval3_indomain_clean_merged_128.jsonl,stage_a_checkpoint_sweep_greedy/eval3_indomain_clean__checkpoint-002000__greedy,false,,student,53.5783,72.4079,45.5415,70.9157,8.0368,1.4922,projects/distillation/translation/runs/translategemma4b_es_en_gemma3_1b_stagea_goldgrid_rows1920_bf16_20260311T021203Z/stage_a/checkpoint-002000,/home/x/.cache/huggingface/hub/models--google--translategemma-4b-it/snapshots/10042cb0e6e7fdce748996a71dc3dc432a4e0c89,128,projects/distillation/translation/runs/translategemma4b_es_en_gemma3_1b_stagea_goldgrid_rows1920_bf16_20260311T021203Z/stage_a_checkpoint_sweep_greedy/eval3_indomain_clean__checkpoint-002000__greedy/compare_eval_summary.json,58.0106,73.2769,,64.0000,48.1440,71.3534,,64.0000,128.0000,causal-chat,gemma_causal_lm,false,,
translategemma4b_es_en_gemma3_1b_stagea_goldgrid_rows1920_bf16_20260310T203554Z,indomain_clean_merged_en_es_translation_benchmark_128,projects/distillation/translation/training_data/translate_distill_pairs.eval3_indomain_clean_merged_128.jsonl,stage_a_checkpoint_sweep_greedy/eval3_indomain_clean__checkpoint-004000__greedy,false,,student,53.5193,72.7240,45.5415,70.9157,7.9778,1.8082,projects/distillation/translation/runs/translategemma4b_es_en_gemma3_1b_stagea_goldgrid_rows1920_bf16_20260310T203554Z/stage_a/checkpoint-004000,/home/x/.cache/huggingface/hub/models--google--translategemma-4b-it/snapshots/10042cb0e6e7fdce748996a71dc3dc432a4e0c89,128,projects/distillation/translation/runs/translategemma4b_es_en_gemma3_1b_stagea_goldgrid_rows1920_bf16_20260310T203554Z/stage_a_checkpoint_sweep_greedy/eval3_indomain_clean__checkpoint-004000__greedy/compare_eval_summary.json,58.1268,74.0744,,64.0000,47.8325,71.0784,,64.0000,128.0000,causal-chat,gemma_causal_lm,false,,
translategemma4b_es_en_gemma3_1b_stagea_goldgrid_rows1600_bf16_codexlow_pack04_replace10_defer_studentonly_v1,indomain_clean_merged_en_es_translation_benchmark_128,projects/distillation/translation/training_data/translate_distill_pairs.eval3_indomain_clean_merged_128.jsonl,stage_a_checkpoint_sweep_greedy/eval3_indomain_clean__checkpoint-001000__greedy,false,,student,53.4706,71.1539,,,,,projects/distillation/translation/runs/translategemma4b_es_en_gemma3_1b_stagea_goldgrid_rows1600_bf16_codexlow_pack04_replace10_defer_studentonly_v1/stage_a/checkpoint-001000,,128,projects/distillation/translation/runs/translategemma4b_es_en_gemma3_1b_stagea_goldgrid_rows1600_bf16_codexlow_pack04_replace10_defer_studentonly_v1/stage_a_checkpoint_sweep_greedy/eval3_indomain_clean__checkpoint-001000__greedy/compare_eval_summary.json,54.7875,71.2272,,64.0000,50.9741,71.0647,,64.0000,128.0000,causal-chat,gemma_causal_lm,false,,
translategemma4b_es_en_gemma3_1b_stagea_goldgrid_rows1600_bf16_codexlow_pack04_replace10_studentonly_v1,indomain_clean_merged_en_es_translation_benchmark_128,projects/distillation/translation/training_data/translate_distill_pairs.eval3_indomain_clean_merged_128.jsonl,stage_a_checkpoint_sweep_greedy/eval3_indomain_clean__checkpoint-001000__greedy,false,,student,53.4706,71.1539,,,,,projects/distillation/translation/runs/translategemma4b_es_en_gemma3_1b_stagea_goldgrid_rows1600_bf16_codexlow_pack04_replace10_studentonly_v1/stage_a/checkpoint-001000,,128,projects/distillation/translation/runs/translategemma4b_es_en_gemma3_1b_stagea_goldgrid_rows1600_bf16_codexlow_pack04_replace10_studentonly_v1/stage_a_checkpoint_sweep_greedy/eval3_indomain_clean__checkpoint-001000__greedy/compare_eval_summary.json,54.7875,71.2272,,64.0000,50.9741,71.0647,,64.0000,128.0000,causal-chat,gemma_causal_lm,false,,
translategemma4b_es_en_gemma3_1b_stagea_goldgrid_rows1920_bf16_codexblend_pack06r10_pack08_v1,indomain_clean_merged_en_es_translation_benchmark_128,projects/distillation/translation/training_data/translate_distill_pairs.eval3_indomain_clean_merged_128.jsonl,stage_a_checkpoint_sweep_greedy_studentonly/eval3_indomain_clean__checkpoint-003000__greedy,false,,student,53.4517,72.9742,,,,,projects/distillation/translation/runs/translategemma4b_es_en_gemma3_1b_stagea_goldgrid_rows1920_bf16_codexblend_pack06r10_pack08_v1/stage_a/checkpoint-003000,,128,projects/distillation/translation/runs/translategemma4b_es_en_gemma3_1b_stagea_goldgrid_rows1920_bf16_codexblend_pack06r10_pack08_v1/stage_a_checkpoint_sweep_greedy_studentonly/eval3_indomain_clean__checkpoint-003000__greedy/compare_eval_summary.json,56.9975,73.9935,,64.0000,48.9259,71.7304,,64.0000,128.0000,causal-chat,gemma_causal_lm,false,,
translategemma4b_es_en_gemma3_1b_stagea_goldgrid_rows1920_bf16_20260310T203554Z,indomain_clean_merged_en_es_translation_benchmark_128,projects/distillation/translation/training_data/translate_distill_pairs.eval3_indomain_clean_merged_128.jsonl,stage_a_checkpoint_sweep_greedy/eval3_indomain_clean__checkpoint-002000__greedy,false,,student,53.4297,72.6389,45.5415,70.9157,7.8882,1.7232,projects/distillation/translation/runs/translategemma4b_es_en_gemma3_1b_stagea_goldgrid_rows1920_bf16_20260310T203554Z/stage_a/checkpoint-002000,/home/x/.cache/huggingface/hub/models--google--translategemma-4b-it/snapshots/10042cb0e6e7fdce748996a71dc3dc432a4e0c89,128,projects/distillation/translation/runs/translategemma4b_es_en_gemma3_1b_stagea_goldgrid_rows1920_bf16_20260310T203554Z/stage_a_checkpoint_sweep_greedy/eval3_indomain_clean__checkpoint-002000__greedy/compare_eval_summary.json,57.5412,73.5826,,64.0000,48.2697,71.4868,,64.0000,128.0000,causal-chat,gemma_causal_lm,false,,
translategemma4b_es_en_gemma3_1b_stagea_goldgrid_rows1568_bf16_codexseed7_pack06_prune10_defer_studentonly_v1,indomain_clean_merged_en_es_translation_benchmark_128,projects/distillation/translation/training_data/translate_distill_pairs.eval3_indomain_clean_merged_128.jsonl,stage_a_checkpoint_sweep_greedy/eval3_indomain_clean__checkpoint-001000__greedy,false,,student,53.3759,72.2088,,,,,projects/distillation/translation/runs/translategemma4b_es_en_gemma3_1b_stagea_goldgrid_rows1568_bf16_codexseed7_pack06_prune10_defer_studentonly_v1/stage_a/checkpoint-001000,,128,projects/distillation/translation/runs/translategemma4b_es_en_gemma3_1b_stagea_goldgrid_rows1568_bf16_codexseed7_pack06_prune10_defer_studentonly_v1/stage_a_checkpoint_sweep_greedy/eval3_indomain_clean__checkpoint-001000__greedy/compare_eval_summary.json,55.1894,72.7280,,64.0000,49.6395,71.5765,,64.0000,128.0000,causal-chat,gemma_causal_lm,false,,
translategemma4b_es_en_gemma3_1b_stagea_goldgrid_rows1920_bf16_20260311T180127Z,indomain_clean_merged_en_es_translation_benchmark_128,projects/distillation/translation/training_data/translate_distill_pairs.eval3_indomain_clean_merged_128.jsonl,stage_a_checkpoint_sweep_greedy/eval3_indomain_clean__checkpoint-002000__greedy,false,,student,53.3460,72.1676,45.5415,70.9157,7.8044,1.2519,projects/distillation/translation/runs/translategemma4b_es_en_gemma3_1b_stagea_goldgrid_rows1920_bf16_20260311T180127Z/stage_a/checkpoint-002000,/home/x/.cache/huggingface/hub/models--google--translategemma-4b-it/snapshots/10042cb0e6e7fdce748996a71dc3dc432a4e0c89,128,projects/distillation/translation/runs/translategemma4b_es_en_gemma3_1b_stagea_goldgrid_rows1920_bf16_20260311T180127Z/stage_a_checkpoint_sweep_greedy/eval3_indomain_clean__checkpoint-002000__greedy/compare_eval_summary.json,56.4273,72.5800,,64.0000,49.3120,71.6636,,64.0000,128.0000,causal-chat,gemma_causal_lm,false,,
translategemma4b_es_en_gemma3_1b_stagea_goldgrid_rows1600_bf16_codexlow_pack04_replace10_defer_studentonly_v1,indomain_clean_merged_en_es_translation_benchmark_128,projects/distillation/translation/training_data/translate_distill_pairs.eval3_indomain_clean_merged_128.jsonl,stage_a_checkpoint_sweep_greedy/eval3_indomain_clean__checkpoint-002000__greedy,false,,student,53.3348,71.6585,,,,,projects/distillation/translation/runs/translategemma4b_es_en_gemma3_1b_stagea_goldgrid_rows1600_bf16_codexlow_pack04_replace10_defer_studentonly_v1/stage_a/checkpoint-002000,,128,projects/distillation/translation/runs/translategemma4b_es_en_gemma3_1b_stagea_goldgrid_rows1600_bf16_codexlow_pack04_replace10_defer_studentonly_v1/stage_a_checkpoint_sweep_greedy/eval3_indomain_clean__checkpoint-002000__greedy/compare_eval_summary.json,58.3885,73.2136,,64.0000,47.0733,69.7652,,64.0000,128.0000,causal-chat,gemma_causal_lm,false,,
translategemma4b_es_en_gemma3_1b_stagea_goldgrid_rows1600_bf16_codexlow_pack04_replace10_studentonly_v1,indomain_clean_merged_en_es_translation_benchmark_128,projects/distillation/translation/training_data/translate_distill_pairs.eval3_indomain_clean_merged_128.jsonl,stage_a_checkpoint_sweep_greedy/eval3_indomain_clean__checkpoint-002000__greedy,false,,student,53.3348,71.6585,,,,,projects/distillation/translation/runs/translategemma4b_es_en_gemma3_1b_stagea_goldgrid_rows1600_bf16_codexlow_pack04_replace10_studentonly_v1/stage_a/checkpoint-002000,,128,projects/distillation/translation/runs/translategemma4b_es_en_gemma3_1b_stagea_goldgrid_rows1600_bf16_codexlow_pack04_replace10_studentonly_v1/stage_a_checkpoint_sweep_greedy/eval3_indomain_clean__checkpoint-002000__greedy/compare_eval_summary.json,58.3885,73.2136,,64.0000,47.0733,69.7652,,64.0000,128.0000,causal-chat,gemma_causal_lm,false,,
translategemma4b_es_en_gemma3_1b_stagea_goldgrid_rows1920_bf16_20260311T045717Z,indomain_clean_merged_en_es_translation_benchmark_128,projects/distillation/translation/training_data/translate_distill_pairs.eval3_indomain_clean_merged_128.jsonl,stage_a_checkpoint_sweep_greedy/eval3_indomain_clean__checkpoint-002000__greedy,false,,student,53.3306,72.0154,45.5415,70.9157,7.7891,1.0997,projects/distillation/translation/runs/translategemma4b_es_en_gemma3_1b_stagea_goldgrid_rows1920_bf16_20260311T045717Z/stage_a/checkpoint-002000,/home/x/.cache/huggingface/hub/models--google--translategemma-4b-it/snapshots/10042cb0e6e7fdce748996a71dc3dc432a4e0c89,128,projects/distillation/translation/runs/translategemma4b_es_en_gemma3_1b_stagea_goldgrid_rows1920_bf16_20260311T045717Z/stage_a_checkpoint_sweep_greedy/eval3_indomain_clean__checkpoint-002000__greedy/compare_eval_summary.json,57.4152,72.5572,,64.0000,48.2374,71.3580,,64.0000,128.0000,causal-chat,gemma_causal_lm,false,,
translategemma4b_es_en_gemma3_1b_stagea_goldgrid_rows1920_bf16_20260311T180127Z,indomain_clean_merged_en_es_translation_benchmark_128,projects/distillation/translation/training_data/translate_distill_pairs.eval3_indomain_clean_merged_128.jsonl,stage_a_checkpoint_sweep_greedy/eval3_indomain_clean__checkpoint-004000__greedy,false,,student,53.2763,71.9396,45.5415,70.9157,7.7348,1.0239,projects/distillation/translation/runs/translategemma4b_es_en_gemma3_1b_stagea_goldgrid_rows1920_bf16_20260311T180127Z/stage_a/checkpoint-004000,/home/x/.cache/huggingface/hub/models--google--translategemma-4b-it/snapshots/10042cb0e6e7fdce748996a71dc3dc432a4e0c89,128,projects/distillation/translation/runs/translategemma4b_es_en_gemma3_1b_stagea_goldgrid_rows1920_bf16_20260311T180127Z/stage_a_checkpoint_sweep_greedy/eval3_indomain_clean__checkpoint-004000__greedy/compare_eval_summary.json,55.6093,71.5486,,64.0000,50.2871,72.4155,,64.0000,128.0000,causal-chat,gemma_causal_lm,false,,
translategemma4b_es_en_gemma3_1b_stagea_goldgrid_rows1920_bf16_20260311T204640Z,indomain_clean_merged_en_es_translation_benchmark_128,projects/distillation/translation/training_data/translate_distill_pairs.eval3_indomain_clean_merged_128.jsonl,stage_a_checkpoint_sweep_greedy/eval3_indomain_clean__checkpoint-002000__greedy,false,,student,53.2477,73.1307,45.5415,70.9157,7.7061,2.2150,projects/distillation/translation/runs/translategemma4b_es_en_gemma3_1b_stagea_goldgrid_rows1920_bf16_20260311T204640Z/stage_a/checkpoint-002000,/home/x/.cache/huggingface/hub/models--google--translategemma-4b-it/snapshots/10042cb0e6e7fdce748996a71dc3dc432a4e0c89,128,projects/distillation/translation/runs/translategemma4b_es_en_gemma3_1b_stagea_goldgrid_rows1920_bf16_20260311T204640Z/stage_a_checkpoint_sweep_greedy/eval3_indomain_clean__checkpoint-002000__greedy/compare_eval_summary.json,57.1566,74.5187,,64.0000,48.1374,71.4350,,64.0000,128.0000,causal-chat,gemma_causal_lm,false,,
translategemma4b_es_en_gemma3_1b_stagea_goldgrid_rows1568_bf16_codexdense_pack06_prune10_seed42_500ckpts_v1,indomain_clean_merged_en_es_translation_benchmark_128,projects/distillation/translation/training_data/translate_distill_pairs.eval3_indomain_clean_merged_128.jsonl,stage_a_checkpoint_sweep_greedy/eval3_indomain_clean__checkpoint-002000__greedy,false,,student,53.1370,71.6379,,,,,projects/distillation/translation/runs/translategemma4b_es_en_gemma3_1b_stagea_goldgrid_rows1568_bf16_codexdense_pack06_prune10_seed42_500ckpts_v1/stage_a/checkpoint-002000,,128,projects/distillation/translation/runs/translategemma4b_es_en_gemma3_1b_stagea_goldgrid_rows1568_bf16_codexdense_pack06_prune10_seed42_500ckpts_v1/stage_a_checkpoint_sweep_greedy/eval3_indomain_clean__checkpoint-002000__greedy/compare_eval_summary.json,54.4981,72.1035,,64.0000,50.9554,71.0702,,64.0000,128.0000,causal-chat,gemma_causal_lm,false,,
translategemma4b_es_en_gemma3_1b_stagea_goldgrid_rows1568_bf16_codexlow_pack06_prune10_defer_studentonly_v2,indomain_clean_merged_en_es_translation_benchmark_128,projects/distillation/translation/training_data/translate_distill_pairs.eval3_indomain_clean_merged_128.jsonl,stage_a_checkpoint_sweep_greedy/eval3_indomain_clean__checkpoint-002000__greedy,false,,student,53.1370,71.6379,,,,,projects/distillation/translation/runs/translategemma4b_es_en_gemma3_1b_stagea_goldgrid_rows1568_bf16_codexlow_pack06_prune10_defer_studentonly_v2/stage_a/checkpoint-002000,,128,projects/distillation/translation/runs/translategemma4b_es_en_gemma3_1b_stagea_goldgrid_rows1568_bf16_codexlow_pack06_prune10_defer_studentonly_v2/stage_a_checkpoint_sweep_greedy/eval3_indomain_clean__checkpoint-002000__greedy/compare_eval_summary.json,54.4981,72.1035,,64.0000,50.9554,71.0702,,64.0000,128.0000,causal-chat,gemma_causal_lm,false,,
translategemma4b_es_en_gemma3_1b_stagea_goldgrid_rows1600_bf16_codexreplace05_pack06_defer_studentonly_v1,indomain_clean_merged_en_es_translation_benchmark_128,projects/distillation/translation/training_data/translate_distill_pairs.eval3_indomain_clean_merged_128.jsonl,stage_a_checkpoint_sweep_greedy/eval3_indomain_clean__checkpoint-002000__greedy,false,,student,53.1220,71.4482,,,,,projects/distillation/translation/runs/translategemma4b_es_en_gemma3_1b_stagea_goldgrid_rows1600_bf16_codexreplace05_pack06_defer_studentonly_v1/stage_a/checkpoint-002000,,128,projects/distillation/translation/runs/translategemma4b_es_en_gemma3_1b_stagea_goldgrid_rows1600_bf16_codexreplace05_pack06_defer_studentonly_v1/stage_a_checkpoint_sweep_greedy/eval3_indomain_clean__checkpoint-002000__greedy/compare_eval_summary.json,56.9056,72.1672,,64.0000,48.4645,70.5721,,64.0000,128.0000,causal-chat,gemma_causal_lm,false,,
translategemma4b_es_en_gemma3_1b_stagea_goldgrid_rows1920_bf16_20260311T004931Z,indomain_clean_merged_en_es_translation_benchmark_128,projects/distillation/translation/training_data/translate_distill_pairs.eval3_indomain_clean_merged_128.jsonl,stage_a_checkpoint_sweep_greedy/eval3_indomain_clean__checkpoint-004000__greedy,false,,student,53.0721,71.6879,45.5415,70.9157,7.5306,0.7722,projects/distillation/translation/runs/translategemma4b_es_en_gemma3_1b_stagea_goldgrid_rows1920_bf16_20260311T004931Z/stage_a/checkpoint-004000,/home/x/.cache/huggingface/hub/models--google--translategemma-4b-it/snapshots/10042cb0e6e7fdce748996a71dc3dc432a4e0c89,128,projects/distillation/translation/runs/translategemma4b_es_en_gemma3_1b_stagea_goldgrid_rows1920_bf16_20260311T004931Z/stage_a_checkpoint_sweep_greedy/eval3_indomain_clean__checkpoint-004000__greedy/compare_eval_summary.json,57.4777,72.5453,,64.0000,46.9540,70.6513,,64.0000,128.0000,causal-chat,gemma_causal_lm,false,,
translategemma4b_es_en_gemma3_1b_stagea_goldgrid_rows1600_bf16_codexreplace05_pack06_6k_dense500_defer_studentonly_v1,indomain_clean_merged_en_es_translation_benchmark_128,projects/distillation/translation/training_data/translate_distill_pairs.eval3_indomain_clean_merged_128.jsonl,stage_a_checkpoint_sweep_greedy/eval3_indomain_clean__checkpoint-002000__greedy,false,,student,53.0252,71.8856,,,,,projects/distillation/translation/runs/translategemma4b_es_en_gemma3_1b_stagea_goldgrid_rows1600_bf16_codexreplace05_pack06_6k_dense500_defer_studentonly_v1/stage_a/checkpoint-002000,,128,projects/distillation/translation/runs/translategemma4b_es_en_gemma3_1b_stagea_goldgrid_rows1600_bf16_codexreplace05_pack06_6k_dense500_defer_studentonly_v1/stage_a_checkpoint_sweep_greedy/eval3_indomain_clean__checkpoint-002000__greedy/compare_eval_summary.json,56.0688,72.3006,,64.0000,49.2702,71.3803,,64.0000,128.0000,causal-chat,gemma_causal_lm,false,,
translategemma4b_es_en_gemma3_1b_stagea_goldgrid_rows1584_bf16_codexprune05_pack06_defer_studentonly_v1,indomain_clean_merged_en_es_translation_benchmark_128,projects/distillation/translation/training_data/translate_distill_pairs.eval3_indomain_clean_merged_128.jsonl,stage_a_checkpoint_sweep_greedy/eval3_indomain_clean__checkpoint-002000__greedy,false,,student,53.0232,72.0849,,,,,projects/distillation/translation/runs/translategemma4b_es_en_gemma3_1b_stagea_goldgrid_rows1584_bf16_codexprune05_pack06_defer_studentonly_v1/stage_a/checkpoint-002000,,128,projects/distillation/translation/runs/translategemma4b_es_en_gemma3_1b_stagea_goldgrid_rows1584_bf16_codexprune05_pack06_defer_studentonly_v1/stage_a_checkpoint_sweep_greedy/eval3_indomain_clean__checkpoint-002000__greedy/compare_eval_summary.json,57.4009,73.1231,,64.0000,47.5659,70.8180,,64.0000,128.0000,causal-chat,gemma_causal_lm,false,,
translategemma4b_es_en_gemma3_1b_stagea_goldgrid_rows1920_bf16_20260311T025326Z,indomain_clean_merged_en_es_translation_benchmark_128,projects/distillation/translation/training_data/translate_distill_pairs.eval3_indomain_clean_merged_128.jsonl,stage_a_checkpoint_sweep_greedy/eval3_indomain_clean__checkpoint-004000__greedy,false,,student,53.0189,72.8259,45.5415,70.9157,7.4773,1.9102,projects/distillation/translation/runs/translategemma4b_es_en_gemma3_1b_stagea_goldgrid_rows1920_bf16_20260311T025326Z/stage_a/checkpoint-004000,/home/x/.cache/huggingface/hub/models--google--translategemma-4b-it/snapshots/10042cb0e6e7fdce748996a71dc3dc432a4e0c89,128,projects/distillation/translation/runs/translategemma4b_es_en_gemma3_1b_stagea_goldgrid_rows1920_bf16_20260311T025326Z/stage_a_checkpoint_sweep_greedy/eval3_indomain_clean__checkpoint-004000__greedy/compare_eval_summary.json,57.5327,74.1410,,64.0000,47.4276,71.2227,,64.0000,128.0000,causal-chat,gemma_causal_lm,false,,
translategemma4b_es_en_gemma3_1b_stagea_goldgrid_rows1600_bf16_codexextend_pack06_replace10_6k_dense500_defer_studentonly_v1,indomain_clean_merged_en_es_translation_benchmark_128,projects/distillation/translation/training_data/translate_distill_pairs.eval3_indomain_clean_merged_128.jsonl,stage_a_checkpoint_sweep_greedy/eval3_indomain_clean__checkpoint-002000__greedy,false,,student,52.9727,71.6270,,,,,projects/distillation/translation/runs/translategemma4b_es_en_gemma3_1b_stagea_goldgrid_rows1600_bf16_codexextend_pack06_replace10_6k_dense500_defer_studentonly_v1/stage_a/checkpoint-002000,,128,projects/distillation/translation/runs/translategemma4b_es_en_gemma3_1b_stagea_goldgrid_rows1600_bf16_codexextend_pack06_replace10_6k_dense500_defer_studentonly_v1/stage_a_checkpoint_sweep_greedy/eval3_indomain_clean__checkpoint-002000__greedy/compare_eval_summary.json,57.3883,72.4810,,64.0000,47.5143,70.5874,,64.0000,128.0000,causal-chat,gemma_causal_lm,false,,
translategemma4b_es_en_gemma3_1b_stagea_goldgrid_rows2240_bf16_confirm_best7,indomain_clean_merged_en_es_translation_benchmark_128,projects/distillation/translation/training_data/translate_distill_pairs.eval3_indomain_clean_merged_128.jsonl,stage_a_checkpoint_sweep_greedy/eval3_indomain_clean__checkpoint-004000__greedy,false,,student,52.9706,70.9762,45.5415,70.9157,7.4290,0.0605,projects/distillation/translation/runs/translategemma4b_es_en_gemma3_1b_stagea_goldgrid_rows2240_bf16_confirm_best7/stage_a/checkpoint-004000,/home/x/.cache/huggingface/hub/models--google--translategemma-4b-it/snapshots/10042cb0e6e7fdce748996a71dc3dc432a4e0c89,128,projects/distillation/translation/runs/translategemma4b_es_en_gemma3_1b_stagea_goldgrid_rows2240_bf16_confirm_best7/stage_a_checkpoint_sweep_greedy/eval3_indomain_clean__checkpoint-004000__greedy/compare_eval_summary.json,57.7905,71.6941,,64.0000,46.9250,70.1022,,64.0000,128.0000,causal-chat,gemma_causal_lm,false,,
translategemma4b_es_en_gemma3_1b_stagea_goldgrid_rows1920_bf16_20260310T192822Z,indomain_clean_merged_en_es_translation_benchmark_128,projects/distillation/translation/training_data/translate_distill_pairs.eval3_indomain_clean_merged_128.jsonl,stage_a_checkpoint_sweep_greedy/eval3_indomain_clean__checkpoint-002000__greedy,false,,student,52.9668,72.3839,45.5415,70.9157,7.4252,1.4682,projects/distillation/translation/runs/translategemma4b_es_en_gemma3_1b_stagea_goldgrid_rows1920_bf16_20260310T192822Z/stage_a/checkpoint-002000,/home/x/.cache/huggingface/hub/models--google--translategemma-4b-it/snapshots/10042cb0e6e7fdce748996a71dc3dc432a4e0c89,128,projects/distillation/translation/runs/translategemma4b_es_en_gemma3_1b_stagea_goldgrid_rows1920_bf16_20260310T192822Z/stage_a_checkpoint_sweep_greedy/eval3_indomain_clean__checkpoint-002000__greedy/compare_eval_summary.json,56.4259,73.4647,,64.0000,48.7838,71.0682,,64.0000,128.0000,causal-chat,gemma_causal_lm,false,,
translategemma4b_es_en_gemma3_1b_stagea_goldgrid_rows1920_bf16_codexblend_pack06r10_pack08_v1,indomain_clean_merged_en_es_translation_benchmark_128,projects/distillation/translation/training_data/translate_distill_pairs.eval3_indomain_clean_merged_128.jsonl,stage_a_checkpoint_sweep_greedy_studentonly/eval3_indomain_clean__checkpoint-002000__greedy,false,,student,52.8574,72.4442,,,,,projects/distillation/translation/runs/translategemma4b_es_en_gemma3_1b_stagea_goldgrid_rows1920_bf16_codexblend_pack06r10_pack08_v1/stage_a/checkpoint-002000,,128,projects/distillation/translation/runs/translategemma4b_es_en_gemma3_1b_stagea_goldgrid_rows1920_bf16_codexblend_pack06r10_pack08_v1/stage_a_checkpoint_sweep_greedy_studentonly/eval3_indomain_clean__checkpoint-002000__greedy/compare_eval_summary.json,55.6862,73.4064,,64.0000,49.1876,71.2677,,64.0000,128.0000,causal-chat,gemma_causal_lm,false,,
translategemma4b_es_en_gemma3_1b_stagea_goldgrid_rows1920_bf16_20260310T013436Z,indomain_clean_merged_en_es_translation_benchmark_128,projects/distillation/translation/training_data/translate_distill_pairs.eval3_indomain_clean_merged_128.jsonl,stage_a_checkpoint_sweep_greedy/eval3_indomain_clean__checkpoint-002000__greedy,false,,student,52.7402,70.5829,45.5415,70.9157,7.1987,-0.3329,projects/distillation/translation/runs/translategemma4b_es_en_gemma3_1b_stagea_goldgrid_rows1920_bf16_20260310T013436Z/stage_a/checkpoint-002000,/home/x/.cache/huggingface/hub/models--google--translategemma-4b-it/snapshots/10042cb0e6e7fdce748996a71dc3dc432a4e0c89,128,projects/distillation/translation/runs/translategemma4b_es_en_gemma3_1b_stagea_goldgrid_rows1920_bf16_20260310T013436Z/stage_a_checkpoint_sweep_greedy/eval3_indomain_clean__checkpoint-002000__greedy/compare_eval_summary.json,56.7389,71.0802,,64.0000,46.8023,69.9786,,64.0000,128.0000,causal-chat,gemma_causal_lm,false,,
translategemma4b_es_en_gemma3_1b_stagea_goldgrid_rows1920_bf16_20260311T192425Z,indomain_clean_merged_en_es_translation_benchmark_128,projects/distillation/translation/training_data/translate_distill_pairs.eval3_indomain_clean_merged_128.jsonl,stage_a_checkpoint_sweep_greedy/eval3_indomain_clean__checkpoint-002000__greedy,false,,student,52.7203,72.3615,45.5415,70.9157,7.1787,1.4458,projects/distillation/translation/runs/translategemma4b_es_en_gemma3_1b_stagea_goldgrid_rows1920_bf16_20260311T192425Z/stage_a/checkpoint-002000,/home/x/.cache/huggingface/hub/models--google--translategemma-4b-it/snapshots/10042cb0e6e7fdce748996a71dc3dc432a4e0c89,128,projects/distillation/translation/runs/translategemma4b_es_en_gemma3_1b_stagea_goldgrid_rows1920_bf16_20260311T192425Z/stage_a_checkpoint_sweep_greedy/eval3_indomain_clean__checkpoint-002000__greedy/compare_eval_summary.json,56.0121,73.2183,,64.0000,48.4331,71.3131,,64.0000,128.0000,causal-chat,gemma_causal_lm,false,,
translategemma4b_es_en_gemma3_1b_stagea_goldgrid_rows1280_bf16_confirm_best4,indomain_clean_merged_en_es_translation_benchmark_128,projects/distillation/translation/training_data/translate_distill_pairs.eval3_indomain_clean_merged_128.jsonl,stage_a_checkpoint_sweep_greedy/eval3_indomain_clean__checkpoint-002000__greedy,false,,student,52.6659,71.5090,,,,,projects/distillation/translation/runs/translategemma4b_es_en_gemma3_1b_stagea_goldgrid_rows1280_bf16_confirm_best4/stage_a/checkpoint-002000,,128,projects/distillation/translation/runs/translategemma4b_es_en_gemma3_1b_stagea_goldgrid_rows1280_bf16_confirm_best4/stage_a_checkpoint_sweep_greedy/eval3_indomain_clean__checkpoint-002000__greedy/compare_eval_summary.json,55.0812,71.8182,,64.0000,49.5996,71.1308,,64.0000,128.0000,causal-chat,gemma_causal_lm,false,,
translategemma4b_es_en_gemma3_1b_stagea_goldgrid_rows1280_bf16_confirm_best4,indomain_clean_merged_en_es_translation_benchmark_128,projects/distillation/translation/training_data/translate_distill_pairs.eval3_indomain_clean_merged_128.jsonl,stage_a_checkpoint_sweep_greedy/eval3_indomain_clean__checkpoint-004000__greedy,false,,student,52.5660,71.3412,,,,,projects/distillation/translation/runs/translategemma4b_es_en_gemma3_1b_stagea_goldgrid_rows1280_bf16_confirm_best4/stage_a/checkpoint-004000,,128,projects/distillation/translation/runs/translategemma4b_es_en_gemma3_1b_stagea_goldgrid_rows1280_bf16_confirm_best4/stage_a_checkpoint_sweep_greedy/eval3_indomain_clean__checkpoint-004000__greedy/compare_eval_summary.json,56.1075,71.7039,,64.0000,48.1260,70.8980,,64.0000,128.0000,causal-chat,gemma_causal_lm,false,,
translategemma4b_es_en_gemma3_1b_stagea_goldgrid_rows2240_bf16_confirm_best7,indomain_clean_merged_en_es_translation_benchmark_128,projects/distillation/translation/training_data/translate_distill_pairs.eval3_indomain_clean_merged_128.jsonl,stage_a_checkpoint_sweep_greedy/eval3_indomain_clean__checkpoint-002000__greedy,false,,student,52.5391,71.2146,45.5415,70.9157,6.9975,0.2989,projects/distillation/translation/runs/translategemma4b_es_en_gemma3_1b_stagea_goldgrid_rows2240_bf16_confirm_best7/stage_a/checkpoint-002000,/home/x/.cache/huggingface/hub/models--google--translategemma-4b-it/snapshots/10042cb0e6e7fdce748996a71dc3dc432a4e0c89,128,projects/distillation/translation/runs/translategemma4b_es_en_gemma3_1b_stagea_goldgrid_rows2240_bf16_confirm_best7/stage_a_checkpoint_sweep_greedy/eval3_indomain_clean__checkpoint-002000__greedy/compare_eval_summary.json,58.4133,72.5629,,64.0000,45.4174,69.5791,,64.0000,128.0000,causal-chat,gemma_causal_lm,false,,
translategemma4b_es_en_gemma3_1b_stagea_goldgrid_rows1920_bf16_20260311T220906Z,indomain_clean_merged_en_es_translation_benchmark_128,projects/distillation/translation/training_data/translate_distill_pairs.eval3_indomain_clean_merged_128.jsonl,stage_a_checkpoint_sweep_greedy/eval3_indomain_clean__checkpoint-002000__greedy,false,,student,52.2658,71.5889,45.5415,70.9157,6.7242,0.6732,projects/distillation/translation/runs/translategemma4b_es_en_gemma3_1b_stagea_goldgrid_rows1920_bf16_20260311T220906Z/stage_a/checkpoint-002000,/home/x/.cache/huggingface/hub/models--google--translategemma-4b-it/snapshots/10042cb0e6e7fdce748996a71dc3dc432a4e0c89,128,projects/distillation/translation/runs/translategemma4b_es_en_gemma3_1b_stagea_goldgrid_rows1920_bf16_20260311T220906Z/stage_a_checkpoint_sweep_greedy/eval3_indomain_clean__checkpoint-002000__greedy/compare_eval_summary.json,54.9253,71.4883,,64.0000,48.7538,71.7101,,64.0000,128.0000,causal-chat,gemma_causal_lm,false,,
translategemma4b_es_en_gemma3_1b_stagea_goldgrid_rows1600_bf16_codexextend_pack06_replace10_6k_dense500_defer_studentonly_v1,indomain_clean_merged_en_es_translation_benchmark_128,projects/distillation/translation/training_data/translate_distill_pairs.eval3_indomain_clean_merged_128.jsonl,stage_a_checkpoint_sweep_greedy/eval3_indomain_clean__checkpoint-001000__greedy,false,,student,52.0395,70.8523,,,,,projects/distillation/translation/runs/translategemma4b_es_en_gemma3_1b_stagea_goldgrid_rows1600_bf16_codexextend_pack06_replace10_6k_dense500_defer_studentonly_v1/stage_a/checkpoint-001000,,128,projects/distillation/translation/runs/translategemma4b_es_en_gemma3_1b_stagea_goldgrid_rows1600_bf16_codexextend_pack06_replace10_6k_dense500_defer_studentonly_v1/stage_a_checkpoint_sweep_greedy/eval3_indomain_clean__checkpoint-001000__greedy/compare_eval_summary.json,54.8530,72.2412,,64.0000,47.6523,69.1592,,64.0000,128.0000,causal-chat,gemma_causal_lm,false,,
translategemma4b_es_en_gemma3_1b_stagea_goldgrid_rows1600_bf16_codexreplace05_pack06_defer_studentonly_v1,indomain_clean_merged_en_es_translation_benchmark_128,projects/distillation/translation/training_data/translate_distill_pairs.eval3_indomain_clean_merged_128.jsonl,stage_a_checkpoint_sweep_greedy/eval3_indomain_clean__checkpoint-001000__greedy,false,,student,51.7432,70.3320,,,,,projects/distillation/translation/runs/translategemma4b_es_en_gemma3_1b_stagea_goldgrid_rows1600_bf16_codexreplace05_pack06_defer_studentonly_v1/stage_a/checkpoint-001000,,128,projects/distillation/translation/runs/translategemma4b_es_en_gemma3_1b_stagea_goldgrid_rows1600_bf16_codexreplace05_pack06_defer_studentonly_v1/stage_a_checkpoint_sweep_greedy/eval3_indomain_clean__checkpoint-001000__greedy/compare_eval_summary.json,53.0761,70.6723,,64.0000,49.4333,69.9173,,64.0000,128.0000,causal-chat,gemma_causal_lm,false,,
translategemma4b_es_en_gemma3_1b_stagea_goldgrid_rows1920_bf16_20260310T013436Z,indomain_clean_merged_en_es_translation_benchmark_128,projects/distillation/translation/training_data/translate_distill_pairs.eval3_indomain_clean_merged_128.jsonl,stage_a_checkpoint_sweep_greedy/eval3_indomain_clean__checkpoint-004000__greedy,false,,student,51.7370,70.4927,45.5415,70.9157,6.1955,-0.4231,projects/distillation/translation/runs/translategemma4b_es_en_gemma3_1b_stagea_goldgrid_rows1920_bf16_20260310T013436Z/stage_a/checkpoint-004000,/home/x/.cache/huggingface/hub/models--google--translategemma-4b-it/snapshots/10042cb0e6e7fdce748996a71dc3dc432a4e0c89,128,projects/distillation/translation/runs/translategemma4b_es_en_gemma3_1b_stagea_goldgrid_rows1920_bf16_20260310T013436Z/stage_a_checkpoint_sweep_greedy/eval3_indomain_clean__checkpoint-004000__greedy/compare_eval_summary.json,57.0078,71.5155,,64.0000,45.2240,69.2504,,64.0000,128.0000,causal-chat,gemma_causal_lm,false,,
translategemma4b_es_en_gemma3_1b_stagea_goldgrid_rows1600_bf16_codexreplace05_pack06_defer_studentonly_v1,indomain_clean_merged_en_es_translation_benchmark_128,projects/distillation/translation/training_data/translate_distill_pairs.eval3_indomain_clean_merged_128.jsonl,stage_a_checkpoint_sweep_greedy/eval3_indomain_clean__checkpoint-001500__greedy,false,,student,51.5057,70.7998,,,,,projects/distillation/translation/runs/translategemma4b_es_en_gemma3_1b_stagea_goldgrid_rows1600_bf16_codexreplace05_pack06_defer_studentonly_v1/stage_a/checkpoint-001500,,128,projects/distillation/translation/runs/translategemma4b_es_en_gemma3_1b_stagea_goldgrid_rows1600_bf16_codexreplace05_pack06_defer_studentonly_v1/stage_a_checkpoint_sweep_greedy/eval3_indomain_clean__checkpoint-001500__greedy/compare_eval_summary.json,52.3540,70.2251,,64.0000,50.0287,71.4967,,64.0000,128.0000,causal-chat,gemma_causal_lm,false,,
translategemma4b_es_en_gemma3_1b_stagea_goldgrid_rows1584_bf16_codexprune05_pack06_defer_studentonly_v1,indomain_clean_merged_en_es_translation_benchmark_128,projects/distillation/translation/training_data/translate_distill_pairs.eval3_indomain_clean_merged_128.jsonl,stage_a_checkpoint_sweep_greedy/eval3_indomain_clean__checkpoint-001000__greedy,false,,student,51.4466,70.4557,,,,,projects/distillation/translation/runs/translategemma4b_es_en_gemma3_1b_stagea_goldgrid_rows1584_bf16_codexprune05_pack06_defer_studentonly_v1/stage_a/checkpoint-001000,,128,projects/distillation/translation/runs/translategemma4b_es_en_gemma3_1b_stagea_goldgrid_rows1584_bf16_codexprune05_pack06_defer_studentonly_v1/stage_a_checkpoint_sweep_greedy/eval3_indomain_clean__checkpoint-001000__greedy/compare_eval_summary.json,55.0267,70.8066,,64.0000,46.0259,70.0301,,64.0000,128.0000,causal-chat,gemma_causal_lm,false,,
translategemma4b_es_en_gemma3_1b_stagea_goldgrid_rows1568_bf16_codexdense_pack06_prune10_seed42_500ckpts_v1,indomain_clean_merged_en_es_translation_benchmark_128,projects/distillation/translation/training_data/translate_distill_pairs.eval3_indomain_clean_merged_128.jsonl,stage_a_checkpoint_sweep_greedy/eval3_indomain_clean__checkpoint-001500__greedy,false,,student,51.4450,71.6183,,,,,projects/distillation/translation/runs/translategemma4b_es_en_gemma3_1b_stagea_goldgrid_rows1568_bf16_codexdense_pack06_prune10_seed42_500ckpts_v1/stage_a/checkpoint-001500,,128,projects/distillation/translation/runs/translategemma4b_es_en_gemma3_1b_stagea_goldgrid_rows1568_bf16_codexdense_pack06_prune10_seed42_500ckpts_v1/stage_a_checkpoint_sweep_greedy/eval3_indomain_clean__checkpoint-001500__greedy/compare_eval_summary.json,52.3352,71.2935,,64.0000,49.6115,72.0120,,64.0000,128.0000,causal-chat,gemma_causal_lm,false,,
translategemma4b_es_en_gemma3_1b_stagea_goldgrid_rows1584_bf16_codexprune05_pack06_defer_studentonly_v1,indomain_clean_merged_en_es_translation_benchmark_128,projects/distillation/translation/training_data/translate_distill_pairs.eval3_indomain_clean_merged_128.jsonl,stage_a_checkpoint_sweep_greedy/eval3_indomain_clean__checkpoint-001500__greedy,false,,student,51.4231,70.5791,,,,,projects/distillation/translation/runs/translategemma4b_es_en_gemma3_1b_stagea_goldgrid_rows1584_bf16_codexprune05_pack06_defer_studentonly_v1/stage_a/checkpoint-001500,,128,projects/distillation/translation/runs/translategemma4b_es_en_gemma3_1b_stagea_goldgrid_rows1584_bf16_codexprune05_pack06_defer_studentonly_v1/stage_a_checkpoint_sweep_greedy/eval3_indomain_clean__checkpoint-001500__greedy/compare_eval_summary.json,54.3975,71.2008,,64.0000,46.3555,69.8220,,64.0000,128.0000,causal-chat,gemma_causal_lm,false,,
translategemma4b_es_en_gemma3_1b_stagea_goldgrid_rows1600_bf16_codexlow_pack06_replace10c_hfcacheauth_v1,indomain_clean_merged_en_es_translation_benchmark_128,projects/distillation/translation/training_data/translate_distill_pairs.eval3_indomain_clean_merged_128.jsonl,stage_a_checkpoint_sweep_greedy_studentonly/eval3_indomain_clean__checkpoint-001000__greedy,false,,student,51.1898,70.5583,,,,,projects/distillation/translation/runs/translategemma4b_es_en_gemma3_1b_stagea_goldgrid_rows1600_bf16_codexlow_pack06_replace10c_hfcacheauth_v1/stage_a/checkpoint-001000,,128,projects/distillation/translation/runs/translategemma4b_es_en_gemma3_1b_stagea_goldgrid_rows1600_bf16_codexlow_pack06_replace10c_hfcacheauth_v1/stage_a_checkpoint_sweep_greedy_studentonly/eval3_indomain_clean__checkpoint-001000__greedy/compare_eval_summary.json,53.4087,70.9337,,64.0000,47.7078,70.1014,,64.0000,128.0000,causal-chat,gemma_causal_lm,false,,
translategemma4b_es_en_gemma3_1b_stagea_goldgrid_rows1568_bf16_codexdense_pack06_prune10_seed42_500ckpts_v1,indomain_clean_merged_en_es_translation_benchmark_128,projects/distillation/translation/training_data/translate_distill_pairs.eval3_indomain_clean_merged_128.jsonl,stage_a_checkpoint_sweep_greedy/eval3_indomain_clean__checkpoint-001000__greedy,false,,student,51.0253,71.6275,,,,,projects/distillation/translation/runs/translategemma4b_es_en_gemma3_1b_stagea_goldgrid_rows1568_bf16_codexdense_pack06_prune10_seed42_500ckpts_v1/stage_a/checkpoint-001000,,128,projects/distillation/translation/runs/translategemma4b_es_en_gemma3_1b_stagea_goldgrid_rows1568_bf16_codexdense_pack06_prune10_seed42_500ckpts_v1/stage_a_checkpoint_sweep_greedy/eval3_indomain_clean__checkpoint-001000__greedy/compare_eval_summary.json,54.7019,72.2594,,64.0000,46.6088,70.8587,,64.0000,128.0000,causal-chat,gemma_causal_lm,false,,
translategemma4b_es_en_gemma3_1b_stagea_goldgrid_rows1568_bf16_codexlow_pack06_prune10_defer_studentonly_v2,indomain_clean_merged_en_es_translation_benchmark_128,projects/distillation/translation/training_data/translate_distill_pairs.eval3_indomain_clean_merged_128.jsonl,stage_a_checkpoint_sweep_greedy/eval3_indomain_clean__checkpoint-001000__greedy,false,,student,51.0253,71.6275,,,,,projects/distillation/translation/runs/translategemma4b_es_en_gemma3_1b_stagea_goldgrid_rows1568_bf16_codexlow_pack06_prune10_defer_studentonly_v2/stage_a/checkpoint-001000,,128,projects/distillation/translation/runs/translategemma4b_es_en_gemma3_1b_stagea_goldgrid_rows1568_bf16_codexlow_pack06_prune10_defer_studentonly_v2/stage_a_checkpoint_sweep_greedy/eval3_indomain_clean__checkpoint-001000__greedy/compare_eval_summary.json,54.7019,72.2594,,64.0000,46.6088,70.8587,,64.0000,128.0000,causal-chat,gemma_causal_lm,false,,
translategemma4b_es_en_gemma3_1b_stagea_goldgrid_rows1920_bf16_20260311T004931Z,indomain_clean_merged_en_es_translation_benchmark_128,projects/distillation/translation/training_data/translate_distill_pairs.eval3_indomain_clean_merged_128.jsonl,stage_a_checkpoint_sweep_greedy/eval3_indomain_clean__checkpoint-002000__greedy,false,,student,50.7787,71.0132,45.5415,70.9157,5.2371,0.0975,projects/distillation/translation/runs/translategemma4b_es_en_gemma3_1b_stagea_goldgrid_rows1920_bf16_20260311T004931Z/stage_a/checkpoint-002000,/home/x/.cache/huggingface/hub/models--google--translategemma-4b-it/snapshots/10042cb0e6e7fdce748996a71dc3dc432a4e0c89,128,projects/distillation/translation/runs/translategemma4b_es_en_gemma3_1b_stagea_goldgrid_rows1920_bf16_20260311T004931Z/stage_a_checkpoint_sweep_greedy/eval3_indomain_clean__checkpoint-002000__greedy/compare_eval_summary.json,55.0663,71.7842,,64.0000,45.6701,70.0790,,64.0000,128.0000,causal-chat,gemma_causal_lm,false,,
translategemma4b_es_en_gemma3_1b_stagea_goldgrid_rows1568_bf16_codexlow_pack06_random10_defer_studentonly_v1,indomain_clean_merged_en_es_translation_benchmark_128,projects/distillation/translation/training_data/translate_distill_pairs.eval3_indomain_clean_merged_128.jsonl,stage_a_checkpoint_sweep_greedy/eval3_indomain_clean__checkpoint-001000__greedy,false,,student,50.7135,71.0139,,,,,projects/distillation/translation/runs/translategemma4b_es_en_gemma3_1b_stagea_goldgrid_rows1568_bf16_codexlow_pack06_random10_defer_studentonly_v1/stage_a/checkpoint-001000,,128,projects/distillation/translation/runs/translategemma4b_es_en_gemma3_1b_stagea_goldgrid_rows1568_bf16_codexlow_pack06_random10_defer_studentonly_v1/stage_a_checkpoint_sweep_greedy/eval3_indomain_clean__checkpoint-001000__greedy/compare_eval_summary.json,55.2703,71.4337,,64.0000,45.2670,70.5036,,64.0000,128.0000,causal-chat,gemma_causal_lm,false,,
translategemma4b_es_en_gemma3_1b_stagea_goldgrid_rows1600_bf16_codexreplace05_pack06_6k_dense500_defer_studentonly_v1,indomain_clean_merged_en_es_translation_benchmark_128,projects/distillation/translation/training_data/translate_distill_pairs.eval3_indomain_clean_merged_128.jsonl,stage_a_checkpoint_sweep_greedy/eval3_indomain_clean__checkpoint-001500__greedy,false,,student,50.5056,70.4547,,,,,projects/distillation/translation/runs/translategemma4b_es_en_gemma3_1b_stagea_goldgrid_rows1600_bf16_codexreplace05_pack06_6k_dense500_defer_studentonly_v1/stage_a/checkpoint-001500,,128,projects/distillation/translation/runs/translategemma4b_es_en_gemma3_1b_stagea_goldgrid_rows1600_bf16_codexreplace05_pack06_6k_dense500_defer_studentonly_v1/stage_a_checkpoint_sweep_greedy/eval3_indomain_clean__checkpoint-001500__greedy/compare_eval_summary.json,50.9584,69.6026,,64.0000,49.9543,71.4892,,64.0000,128.0000,causal-chat,gemma_causal_lm,false,,
translategemma4b_es_en_gemma3_1b_stagea_goldgrid_rows1584_bf16_codexprune05_pack06_defer_studentonly_v1,indomain_clean_merged_en_es_translation_benchmark_128,projects/distillation/translation/training_data/translate_distill_pairs.eval3_indomain_clean_merged_128.jsonl,stage_a_checkpoint_sweep_greedy/eval3_indomain_clean__checkpoint-000500__greedy,false,,student,49.4667,69.4105,,,,,projects/distillation/translation/runs/translategemma4b_es_en_gemma3_1b_stagea_goldgrid_rows1584_bf16_codexprune05_pack06_defer_studentonly_v1/stage_a/checkpoint-000500,,128,projects/distillation/translation/runs/translategemma4b_es_en_gemma3_1b_stagea_goldgrid_rows1584_bf16_codexprune05_pack06_defer_studentonly_v1/stage_a_checkpoint_sweep_greedy/eval3_indomain_clean__checkpoint-000500__greedy/compare_eval_summary.json,49.3434,67.9390,,64.0000,48.4710,71.1924,,64.0000,128.0000,causal-chat,gemma_causal_lm,false,,
translategemma4b_es_en_gemma3_1b_stagea_goldgrid_rows1600_bf16_codexextend_pack06_replace10_6k_dense500_defer_studentonly_v1,indomain_clean_merged_en_es_translation_benchmark_128,projects/distillation/translation/training_data/translate_distill_pairs.eval3_indomain_clean_merged_128.jsonl,stage_a_checkpoint_sweep_greedy/eval3_indomain_clean__checkpoint-001500__greedy,false,,student,49.4465,70.0402,,,,,projects/distillation/translation/runs/translategemma4b_es_en_gemma3_1b_stagea_goldgrid_rows1600_bf16_codexextend_pack06_replace10_6k_dense500_defer_studentonly_v1/stage_a/checkpoint-001500,,128,projects/distillation/translation/runs/translategemma4b_es_en_gemma3_1b_stagea_goldgrid_rows1600_bf16_codexextend_pack06_replace10_6k_dense500_defer_studentonly_v1/stage_a_checkpoint_sweep_greedy/eval3_indomain_clean__checkpoint-001500__greedy/compare_eval_summary.json,52.9686,71.4612,,64.0000,45.2443,68.3142,,64.0000,128.0000,causal-chat,gemma_causal_lm,false,,
translategemma4b_es_en_gemma3_1b_stagea_goldgrid_rows1920_bf16_codexblend_pack06r10_pack08_v1,indomain_clean_merged_en_es_translation_benchmark_128,projects/distillation/translation/training_data/translate_distill_pairs.eval3_indomain_clean_merged_128.jsonl,stage_a_checkpoint_sweep_greedy_studentonly/eval3_indomain_clean__checkpoint-001000__greedy,false,,student,49.2213,70.0831,,,,,projects/distillation/translation/runs/translategemma4b_es_en_gemma3_1b_stagea_goldgrid_rows1920_bf16_codexblend_pack06r10_pack08_v1/stage_a/checkpoint-001000,,128,projects/distillation/translation/runs/translategemma4b_es_en_gemma3_1b_stagea_goldgrid_rows1920_bf16_codexblend_pack06r10_pack08_v1/stage_a_checkpoint_sweep_greedy_studentonly/eval3_indomain_clean__checkpoint-001000__greedy/compare_eval_summary.json,50.5124,69.3151,,64.0000,47.5762,71.0131,,64.0000,128.0000,causal-chat,gemma_causal_lm,false,,
translategemma4b_es_en_gemma3_1b_stagea_goldgrid_rows1600_bf16_codexreplace05_pack06_6k_dense500_defer_studentonly_v1,indomain_clean_merged_en_es_translation_benchmark_128,projects/distillation/translation/training_data/translate_distill_pairs.eval3_indomain_clean_merged_128.jsonl,stage_a_checkpoint_sweep_greedy/eval3_indomain_clean__checkpoint-001000__greedy,false,,student,48.9831,69.4374,,,,,projects/distillation/translation/runs/translategemma4b_es_en_gemma3_1b_stagea_goldgrid_rows1600_bf16_codexreplace05_pack06_6k_dense500_defer_studentonly_v1/stage_a/checkpoint-001000,,128,projects/distillation/translation/runs/translategemma4b_es_en_gemma3_1b_stagea_goldgrid_rows1600_bf16_codexreplace05_pack06_6k_dense500_defer_studentonly_v1/stage_a_checkpoint_sweep_greedy/eval3_indomain_clean__checkpoint-001000__greedy/compare_eval_summary.json,49.1992,69.8075,,64.0000,48.6175,68.9832,,64.0000,128.0000,causal-chat,gemma_causal_lm,false,,
translategemma4b_es_en_gemma3_1b_stagea_goldgrid_rows1280_bf16_20260308T164813Z,indomain_clean_merged_en_es_translation_benchmark_128,projects/distillation/translation/training_data/translate_distill_pairs.eval3_indomain_clean_merged_128.jsonl,stage_a_checkpoint_sweep_greedy/eval3_indomain_clean__checkpoint-004000__greedy,false,,student,48.7992,69.9488,39.2681,69.0260,9.5312,0.9228,projects/distillation/translation/runs/translategemma4b_es_en_gemma3_1b_stagea_goldgrid_rows1280_bf16_20260308T164813Z/stage_a/checkpoint-004000,/home/x/.cache/huggingface/hub/models--google--translategemma-4b-it/snapshots/10042cb0e6e7fdce748996a71dc3dc432a4e0c89,128,projects/distillation/translation/runs/translategemma4b_es_en_gemma3_1b_stagea_goldgrid_rows1280_bf16_20260308T164813Z/stage_a_checkpoint_sweep_greedy/eval3_indomain_clean__checkpoint-004000__greedy/compare_eval_summary.json,,,,,,,,,,,,,,
translategemma4b_es_en_gemma3_1b_stagea_goldgrid_rows2560_bf16_20260309T195639Z,indomain_clean_merged_en_es_translation_benchmark_128,projects/distillation/translation/training_data/translate_distill_pairs.eval3_indomain_clean_merged_128.jsonl,stage_a_checkpoint_sweep_greedy/eval3_indomain_clean__checkpoint-004000__greedy,false,,student,48.7948,71.7605,39.2681,69.0260,9.5267,2.7345,projects/distillation/translation/runs/translategemma4b_es_en_gemma3_1b_stagea_goldgrid_rows2560_bf16_20260309T195639Z/stage_a/checkpoint-004000,/home/x/.cache/huggingface/hub/models--google--translategemma-4b-it/snapshots/10042cb0e6e7fdce748996a71dc3dc432a4e0c89,128,projects/distillation/translation/runs/translategemma4b_es_en_gemma3_1b_stagea_goldgrid_rows2560_bf16_20260309T195639Z/stage_a_checkpoint_sweep_greedy/eval3_indomain_clean__checkpoint-004000__greedy/compare_eval_summary.json,,,,,,,,,,,,,,
translategemma4b_es_en_gemma3_1b_stagea_goldgrid_rows2560_bf16_20260309T195639Z,indomain_clean_merged_en_es_translation_benchmark_128,projects/distillation/translation/training_data/translate_distill_pairs.eval3_indomain_clean_merged_128.jsonl,stage_a_checkpoint_sweep_greedy/eval3_indomain_clean__checkpoint-006000__greedy,false,,student,48.5998,71.4817,39.2681,69.0260,9.3317,2.4557,projects/distillation/translation/runs/translategemma4b_es_en_gemma3_1b_stagea_goldgrid_rows2560_bf16_20260309T195639Z/stage_a/checkpoint-006000,/home/x/.cache/huggingface/hub/models--google--translategemma-4b-it/snapshots/10042cb0e6e7fdce748996a71dc3dc432a4e0c89,128,projects/distillation/translation/runs/translategemma4b_es_en_gemma3_1b_stagea_goldgrid_rows2560_bf16_20260309T195639Z/stage_a_checkpoint_sweep_greedy/eval3_indomain_clean__checkpoint-006000__greedy/compare_eval_summary.json,,,,,,,,,,,,,,
translategemma4b_es_en_gemma3_1b_stagea_goldgrid_rows1280_bf16_20260308T164813Z,indomain_clean_merged_en_es_translation_benchmark_128,projects/distillation/translation/training_data/translate_distill_pairs.eval3_indomain_clean_merged_128.jsonl,stage_a_checkpoint_sweep_greedy/eval3_indomain_clean__checkpoint-006000__greedy,false,,student,48.2256,69.7793,39.2681,69.0260,8.9576,0.7533,projects/distillation/translation/runs/translategemma4b_es_en_gemma3_1b_stagea_goldgrid_rows1280_bf16_20260308T164813Z/stage_a/checkpoint-006000,/home/x/.cache/huggingface/hub/models--google--translategemma-4b-it/snapshots/10042cb0e6e7fdce748996a71dc3dc432a4e0c89,128,projects/distillation/translation/runs/translategemma4b_es_en_gemma3_1b_stagea_goldgrid_rows1280_bf16_20260308T164813Z/stage_a_checkpoint_sweep_greedy/eval3_indomain_clean__checkpoint-006000__greedy/compare_eval_summary.json,,,,,,,,,,,,,,
translategemma4b_es_en_gemma3_1b_stagea_goldgrid_rows1920_bf16_20260308T164813Z,indomain_clean_merged_en_es_translation_benchmark_128,projects/distillation/translation/training_data/translate_distill_pairs.eval3_indomain_clean_merged_128.jsonl,stage_a_checkpoint_sweep_greedy/eval3_indomain_clean__checkpoint-002000__greedy,false,,student,47.9813,69.8823,39.2681,69.0260,8.7133,0.8563,projects/distillation/translation/runs/translategemma4b_es_en_gemma3_1b_stagea_goldgrid_rows1920_bf16_20260308T164813Z/stage_a/checkpoint-002000,/home/x/.cache/huggingface/hub/models--google--translategemma-4b-it/snapshots/10042cb0e6e7fdce748996a71dc3dc432a4e0c89,128,projects/distillation/translation/runs/translategemma4b_es_en_gemma3_1b_stagea_goldgrid_rows1920_bf16_20260308T164813Z/stage_a_checkpoint_sweep_greedy/eval3_indomain_clean__checkpoint-002000__greedy/compare_eval_summary.json,,,,,,,,,,,,,,
translategemma4b_es_en_gemma3_1b_stagea_goldgrid_rows1280_bf16_20260308T164813Z,indomain_clean_merged_en_es_translation_benchmark_128,projects/distillation/translation/training_data/translate_distill_pairs.eval3_indomain_clean_merged_128.jsonl,stage_a_checkpoint_sweep_greedy/eval3_indomain_clean__checkpoint-008000__greedy,false,,student,47.9571,69.8997,39.2681,69.0260,8.6890,0.8738,projects/distillation/translation/runs/translategemma4b_es_en_gemma3_1b_stagea_goldgrid_rows1280_bf16_20260308T164813Z/stage_a/checkpoint-008000,/home/x/.cache/huggingface/hub/models--google--translategemma-4b-it/snapshots/10042cb0e6e7fdce748996a71dc3dc432a4e0c89,128,projects/distillation/translation/runs/translategemma4b_es_en_gemma3_1b_stagea_goldgrid_rows1280_bf16_20260308T164813Z/stage_a_checkpoint_sweep_greedy/eval3_indomain_clean__checkpoint-008000__greedy/compare_eval_summary.json,,,,,,,,,,,,,,
translategemma4b_es_en_gemma3_1b_stagea_goldgrid_rows1920_bf16_20260310T001204Z,indomain_clean_merged_en_es_translation_benchmark_128,projects/distillation/translation/training_data/translate_distill_pairs.eval3_indomain_clean_merged_128.jsonl,stage_a_checkpoint_sweep_greedy/eval3_indomain_clean__checkpoint-002000__greedy,false,,student,47.8638,71.2799,39.2681,69.0260,8.5957,2.2539,projects/distillation/translation/runs/translategemma4b_es_en_gemma3_1b_stagea_goldgrid_rows1920_bf16_20260310T001204Z/stage_a/checkpoint-002000,/home/x/.cache/huggingface/hub/models--google--translategemma-4b-it/snapshots/10042cb0e6e7fdce748996a71dc3dc432a4e0c89,128,projects/distillation/translation/runs/translategemma4b_es_en_gemma3_1b_stagea_goldgrid_rows1920_bf16_20260310T001204Z/stage_a_checkpoint_sweep_greedy/eval3_indomain_clean__checkpoint-002000__greedy/compare_eval_summary.json,,,,,,,,,,,,,,
translategemma4b_es_en_gemma3_1b_stagea_goldlegacy1280_bf16_20260307T231031Z,indomain_clean_merged_en_es_translation_benchmark_128,projects/distillation/translation/training_data/translate_distill_pairs.eval3_indomain_clean_merged_128.jsonl,stage_a_checkpoint_sweep_greedy/eval3_indomain_clean__checkpoint-008000__greedy,false,,student,47.6425,69.9659,,,,,projects/distillation/translation/runs/translategemma4b_es_en_gemma3_1b_stagea_goldlegacy1280_bf16_20260307T231031Z/stage_a/checkpoint-008000,,128,projects/distillation/translation/runs/translategemma4b_es_en_gemma3_1b_stagea_goldlegacy1280_bf16_20260307T231031Z/stage_a_checkpoint_sweep_greedy/eval3_indomain_clean__checkpoint-008000__greedy/compare_eval_summary.json,,,,,,,,,,,,,,
translategemma4b_es_en_gemma3_1b_stagea_goldlegacy1280_bf16_20260307T231031Z,indomain_clean_merged_en_es_translation_benchmark_128,projects/distillation/translation/training_data/translate_distill_pairs.eval3_indomain_clean_merged_128.jsonl,stage_a_checkpoint_sweep_greedy/eval3_indomain_clean__checkpoint-016000__greedy,false,,student,47.4291,69.7695,,,,,projects/distillation/translation/runs/translategemma4b_es_en_gemma3_1b_stagea_goldlegacy1280_bf16_20260307T231031Z/stage_a/checkpoint-016000,,128,projects/distillation/translation/runs/translategemma4b_es_en_gemma3_1b_stagea_goldlegacy1280_bf16_20260307T231031Z/stage_a_checkpoint_sweep_greedy/eval3_indomain_clean__checkpoint-016000__greedy/compare_eval_summary.json,,,,,,,,,,,,,,
translategemma4b_es_en_gemma3_1b_stagea_goldlegacy1280_bf16_20260307T231031Z,indomain_clean_merged_en_es_translation_benchmark_128,projects/distillation/translation/training_data/translate_distill_pairs.eval3_indomain_clean_merged_128.jsonl,stage_a_checkpoint_sweep_greedy/eval3_indomain_clean__checkpoint-024000__greedy,false,,student,47.4261,69.7575,,,,,projects/distillation/translation/runs/translategemma4b_es_en_gemma3_1b_stagea_goldlegacy1280_bf16_20260307T231031Z/stage_a/checkpoint-024000,,128,projects/distillation/translation/runs/translategemma4b_es_en_gemma3_1b_stagea_goldlegacy1280_bf16_20260307T231031Z/stage_a_checkpoint_sweep_greedy/eval3_indomain_clean__checkpoint-024000__greedy/compare_eval_summary.json,,,,,,,,,,,,,,
translategemma4b_es_en_gemma3_1b_stagea_goldgrid_rows1280_bf16_20260309T185602Z,indomain_clean_merged_en_es_translation_benchmark_128,projects/distillation/translation/training_data/translate_distill_pairs.eval3_indomain_clean_merged_128.jsonl,stage_a_checkpoint_sweep_greedy/eval3_indomain_clean__checkpoint-006000__greedy,false,,student,47.3852,69.5635,39.2681,69.0260,8.1171,0.5375,projects/distillation/translation/runs/translategemma4b_es_en_gemma3_1b_stagea_goldgrid_rows1280_bf16_20260309T185602Z/stage_a/checkpoint-006000,/home/x/.cache/huggingface/hub/models--google--translategemma-4b-it/snapshots/10042cb0e6e7fdce748996a71dc3dc432a4e0c89,128,projects/distillation/translation/runs/translategemma4b_es_en_gemma3_1b_stagea_goldgrid_rows1280_bf16_20260309T185602Z/stage_a_checkpoint_sweep_greedy/eval3_indomain_clean__checkpoint-006000__greedy/compare_eval_summary.json,,,,,,,,,,,,,,
translategemma4b_es_en_gemma3_1b_stagea_goldlegacy1280_bf16_20260307T231031Z,indomain_clean_merged_en_es_translation_benchmark_128,projects/distillation/translation/training_data/translate_distill_pairs.eval3_indomain_clean_merged_128.jsonl,stage_a_checkpoint_sweep_greedy/eval3_indomain_clean__checkpoint-032000__greedy,false,,student,47.3434,69.6866,,,,,projects/distillation/translation/runs/translategemma4b_es_en_gemma3_1b_stagea_goldlegacy1280_bf16_20260307T231031Z/stage_a/checkpoint-032000,,128,projects/distillation/translation/runs/translategemma4b_es_en_gemma3_1b_stagea_goldlegacy1280_bf16_20260307T231031Z/stage_a_checkpoint_sweep_greedy/eval3_indomain_clean__checkpoint-032000__greedy/compare_eval_summary.json,,,,,,,,,,,,,,
translategemma4b_es_en_gemma3_1b_stagea_goldgrid_rows1280_bf16_20260308T164813Z,indomain_clean_merged_en_es_translation_benchmark_128,projects/distillation/translation/training_data/translate_distill_pairs.eval3_indomain_clean_merged_128.jsonl,stage_a_checkpoint_sweep_greedy/eval3_indomain_clean__checkpoint-002000__greedy,false,,student,47.2797,70.2364,39.2681,69.0260,8.0116,1.2104,projects/distillation/translation/runs/translategemma4b_es_en_gemma3_1b_stagea_goldgrid_rows1280_bf16_20260308T164813Z/stage_a/checkpoint-002000,/home/x/.cache/huggingface/hub/models--google--translategemma-4b-it/snapshots/10042cb0e6e7fdce748996a71dc3dc432a4e0c89,128,projects/distillation/translation/runs/translategemma4b_es_en_gemma3_1b_stagea_goldgrid_rows1280_bf16_20260308T164813Z/stage_a_checkpoint_sweep_greedy/eval3_indomain_clean__checkpoint-002000__greedy/compare_eval_summary.json,,,,,,,,,,,,,,
translategemma4b_es_en_gemma3_1b_stagea_goldgrid_rows1600_bf16_codexreplace05_pack06_6k_dense500_defer_studentonly_v1,indomain_clean_merged_en_es_translation_benchmark_128,projects/distillation/translation/training_data/translate_distill_pairs.eval3_indomain_clean_merged_128.jsonl,stage_a_checkpoint_sweep_greedy/eval3_indomain_clean__checkpoint-000500__greedy,false,,student,47.2662,66.9738,,,,,projects/distillation/translation/runs/translategemma4b_es_en_gemma3_1b_stagea_goldgrid_rows1600_bf16_codexreplace05_pack06_6k_dense500_defer_studentonly_v1/stage_a/checkpoint-000500,,128,projects/distillation/translation/runs/translategemma4b_es_en_gemma3_1b_stagea_goldgrid_rows1600_bf16_codexreplace05_pack06_6k_dense500_defer_studentonly_v1/stage_a_checkpoint_sweep_greedy/eval3_indomain_clean__checkpoint-000500__greedy/compare_eval_summary.json,49.4316,67.5273,,64.0000,43.3335,66.3026,,64.0000,128.0000,causal-chat,gemma_causal_lm,false,,
translategemma4b_es_en_gemma3_1b_stagea_goldgrid_rows1280_bf16_20260309T185602Z,indomain_clean_merged_en_es_translation_benchmark_128,projects/distillation/translation/training_data/translate_distill_pairs.eval3_indomain_clean_merged_128.jsonl,stage_a_checkpoint_sweep_greedy/eval3_indomain_clean__checkpoint-004000__greedy,false,,student,47.1364,69.5194,39.2681,69.0260,7.8683,0.4935,projects/distillation/translation/runs/translategemma4b_es_en_gemma3_1b_stagea_goldgrid_rows1280_bf16_20260309T185602Z/stage_a/checkpoint-004000,/home/x/.cache/huggingface/hub/models--google--translategemma-4b-it/snapshots/10042cb0e6e7fdce748996a71dc3dc432a4e0c89,128,projects/distillation/translation/runs/translategemma4b_es_en_gemma3_1b_stagea_goldgrid_rows1280_bf16_20260309T185602Z/stage_a_checkpoint_sweep_greedy/eval3_indomain_clean__checkpoint-004000__greedy/compare_eval_summary.json,,,,,,,,,,,,,,
translategemma4b_es_en_gemma3_1b_full_train1280_20260303_114100,indomain_clean_merged_en_es_translation_benchmark_128,projects/distillation/translation/training_data/translate_distill_pairs.eval3_indomain_clean_merged_128.jsonl,ablation_stage_decode_20260304_094102/eval3_indomain_clean__stage_a32__greedy,false,,student,46.9378,70.0786,,,,,projects/distillation/translation/runs/translategemma4b_es_en_gemma3_1b_full_20260303_114100/stage_a/checkpoint-032000,,128,projects/distillation/translation/runs/translategemma4b_es_en_gemma3_1b_full_train1280_20260303_114100/ablation_stage_decode_20260304_094102/eval3_indomain_clean__stage_a32__greedy/compare_eval_summary.json,,,,,,,,,,,,,,
translategemma4b_es_en_gemma3_1b_stagea_goldgrid_rows1920_bf16_20260308T164813Z,indomain_clean_merged_en_es_translation_benchmark_128,projects/distillation/translation/training_data/translate_distill_pairs.eval3_indomain_clean_merged_128.jsonl,stage_a_checkpoint_sweep_greedy/eval3_indomain_clean__checkpoint-006000__greedy,false,,student,46.8090,69.8480,39.2681,69.0260,7.5409,0.8221,projects/distillation/translation/runs/translategemma4b_es_en_gemma3_1b_stagea_goldgrid_rows1920_bf16_20260308T164813Z/stage_a/checkpoint-006000,/home/x/.cache/huggingface/hub/models--google--translategemma-4b-it/snapshots/10042cb0e6e7fdce748996a71dc3dc432a4e0c89,128,projects/distillation/translation/runs/translategemma4b_es_en_gemma3_1b_stagea_goldgrid_rows1920_bf16_20260308T164813Z/stage_a_checkpoint_sweep_greedy/eval3_indomain_clean__checkpoint-006000__greedy/compare_eval_summary.json,,,,,,,,,,,,,,
translategemma4b_es_en_gemma3_1b_stagea_goldgrid_rows1920_bf16_20260308T164813Z,indomain_clean_merged_en_es_translation_benchmark_128,projects/distillation/translation/training_data/translate_distill_pairs.eval3_indomain_clean_merged_128.jsonl,stage_a_checkpoint_sweep_greedy/eval3_indomain_clean__checkpoint-008000__greedy,false,,student,46.7597,69.8898,39.2681,69.0260,7.4916,0.8638,projects/distillation/translation/runs/translategemma4b_es_en_gemma3_1b_stagea_goldgrid_rows1920_bf16_20260308T164813Z/stage_a/checkpoint-008000,/home/x/.cache/huggingface/hub/models--google--translategemma-4b-it/snapshots/10042cb0e6e7fdce748996a71dc3dc432a4e0c89,128,projects/distillation/translation/runs/translategemma4b_es_en_gemma3_1b_stagea_goldgrid_rows1920_bf16_20260308T164813Z/stage_a_checkpoint_sweep_greedy/eval3_indomain_clean__checkpoint-008000__greedy/compare_eval_summary.json,,,,,,,,,,,,,,
translategemma4b_es_en_gemma3_1b_stagea_goldgrid_rows1280_bf16_20260309T185602Z,indomain_clean_merged_en_es_translation_benchmark_128,projects/distillation/translation/training_data/translate_distill_pairs.eval3_indomain_clean_merged_128.jsonl,stage_a_checkpoint_sweep_greedy/eval3_indomain_clean__checkpoint-002000__greedy,false,,student,46.6153,70.5080,39.2681,69.0260,7.3472,1.4820,projects/distillation/translation/runs/translategemma4b_es_en_gemma3_1b_stagea_goldgrid_rows1280_bf16_20260309T185602Z/stage_a/checkpoint-002000,/home/x/.cache/huggingface/hub/models--google--translategemma-4b-it/snapshots/10042cb0e6e7fdce748996a71dc3dc432a4e0c89,128,projects/distillation/translation/runs/translategemma4b_es_en_gemma3_1b_stagea_goldgrid_rows1280_bf16_20260309T185602Z/stage_a_checkpoint_sweep_greedy/eval3_indomain_clean__checkpoint-002000__greedy/compare_eval_summary.json,,,,,,,,,,,,,,
translategemma4b_es_en_gemma3_1b_stagea_goldgrid_rows1920_bf16_20260310T005321Z,indomain_clean_merged_en_es_translation_benchmark_128,projects/distillation/translation/training_data/translate_distill_pairs.eval3_indomain_clean_merged_128.jsonl,stage_a_checkpoint_sweep_greedy/eval3_indomain_clean__checkpoint-002000__greedy,false,,student,46.5905,69.7971,39.2681,69.0260,7.3225,0.7711,projects/distillation/translation/runs/translategemma4b_es_en_gemma3_1b_stagea_goldgrid_rows1920_bf16_20260310T005321Z/stage_a/checkpoint-002000,/home/x/.cache/huggingface/hub/models--google--translategemma-4b-it/snapshots/10042cb0e6e7fdce748996a71dc3dc432a4e0c89,128,projects/distillation/translation/runs/translategemma4b_es_en_gemma3_1b_stagea_goldgrid_rows1920_bf16_20260310T005321Z/stage_a_checkpoint_sweep_greedy/eval3_indomain_clean__checkpoint-002000__greedy/compare_eval_summary.json,,,,,,,,,,,,,,
translategemma4b_es_en_gemma3_1b_stagea_goldgrid_rows1920_bf16_20260310T001204Z,indomain_clean_merged_en_es_translation_benchmark_128,projects/distillation/translation/training_data/translate_distill_pairs.eval3_indomain_clean_merged_128.jsonl,stage_a_checkpoint_sweep_greedy/eval3_indomain_clean__checkpoint-004000__greedy,false,,student,46.5402,70.9114,39.2681,69.0260,7.2721,1.8854,projects/distillation/translation/runs/translategemma4b_es_en_gemma3_1b_stagea_goldgrid_rows1920_bf16_20260310T001204Z/stage_a/checkpoint-004000,/home/x/.cache/huggingface/hub/models--google--translategemma-4b-it/snapshots/10042cb0e6e7fdce748996a71dc3dc432a4e0c89,128,projects/distillation/translation/runs/translategemma4b_es_en_gemma3_1b_stagea_goldgrid_rows1920_bf16_20260310T001204Z/stage_a_checkpoint_sweep_greedy/eval3_indomain_clean__checkpoint-004000__greedy/compare_eval_summary.json,,,,,,,,,,,,,,
translategemma4b_es_en_gemma3_1b_stagea_goldgrid_rows1920_bf16_20260308T164813Z,indomain_clean_merged_en_es_translation_benchmark_128,projects/distillation/translation/training_data/translate_distill_pairs.eval3_indomain_clean_merged_128.jsonl,stage_a_checkpoint_sweep_greedy/eval3_indomain_clean__checkpoint-004000__greedy,false,,student,46.3742,69.5169,39.2681,69.0260,7.1061,0.4910,projects/distillation/translation/runs/translategemma4b_es_en_gemma3_1b_stagea_goldgrid_rows1920_bf16_20260308T164813Z/stage_a/checkpoint-004000,/home/x/.cache/huggingface/hub/models--google--translategemma-4b-it/snapshots/10042cb0e6e7fdce748996a71dc3dc432a4e0c89,128,projects/distillation/translation/runs/translategemma4b_es_en_gemma3_1b_stagea_goldgrid_rows1920_bf16_20260308T164813Z/stage_a_checkpoint_sweep_greedy/eval3_indomain_clean__checkpoint-004000__greedy/compare_eval_summary.json,,,,,,,,,,,,,,
translategemma4b_es_en_gemma3_1b_full_train1280_20260303_114100,indomain_clean_merged_en_es_translation_benchmark_128,projects/distillation/translation/training_data/translate_distill_pairs.eval3_indomain_clean_merged_128.jsonl,ablation_stage_decode_20260304_094102/eval3_indomain_clean__stage_a32__sampled,false,,student,46.2854,69.7740,,,,,projects/distillation/translation/runs/translategemma4b_es_en_gemma3_1b_full_20260303_114100/stage_a/checkpoint-032000,,128,projects/distillation/translation/runs/translategemma4b_es_en_gemma3_1b_full_train1280_20260303_114100/ablation_stage_decode_20260304_094102/eval3_indomain_clean__stage_a32__sampled/compare_eval_summary.json,,,,,,,,,,,,,,
translategemma4b_es_en_gemma3_1b_stagea_goldgrid_rows1568_bf16_codexdense_pack06_prune10_seed42_500ckpts_v1,indomain_clean_merged_en_es_translation_benchmark_128,projects/distillation/translation/training_data/translate_distill_pairs.eval3_indomain_clean_merged_128.jsonl,stage_a_checkpoint_sweep_greedy/eval3_indomain_clean__checkpoint-000500__greedy,false,,student,46.0998,67.3583,,,,,projects/distillation/translation/runs/translategemma4b_es_en_gemma3_1b_stagea_goldgrid_rows1568_bf16_codexdense_pack06_prune10_seed42_500ckpts_v1/stage_a/checkpoint-000500,,128,projects/distillation/translation/runs/translategemma4b_es_en_gemma3_1b_stagea_goldgrid_rows1568_bf16_codexdense_pack06_prune10_seed42_500ckpts_v1/stage_a_checkpoint_sweep_greedy/eval3_indomain_clean__checkpoint-000500__greedy/compare_eval_summary.json,47.9297,67.6441,,64.0000,41.8991,67.0119,,64.0000,128.0000,causal-chat,gemma_causal_lm,false,,
translategemma4b_es_en_gemma3_1b_stagea_goldgrid_rows1600_bf16_codexreplace05_pack06_defer_studentonly_v1,indomain_clean_merged_en_es_translation_benchmark_128,projects/distillation/translation/training_data/translate_distill_pairs.eval3_indomain_clean_merged_128.jsonl,stage_a_checkpoint_sweep_greedy/eval3_indomain_clean__checkpoint-000500__greedy,false,,student,45.9923,67.4306,,,,,projects/distillation/translation/runs/translategemma4b_es_en_gemma3_1b_stagea_goldgrid_rows1600_bf16_codexreplace05_pack06_defer_studentonly_v1/stage_a/checkpoint-000500,,128,projects/distillation/translation/runs/translategemma4b_es_en_gemma3_1b_stagea_goldgrid_rows1600_bf16_codexreplace05_pack06_defer_studentonly_v1/stage_a_checkpoint_sweep_greedy/eval3_indomain_clean__checkpoint-000500__greedy/compare_eval_summary.json,49.5475,68.4686,,64.0000,40.9543,66.1746,,64.0000,128.0000,causal-chat,gemma_causal_lm,false,,
translategemma4b_es_en_gemma3_1b_stagea_goldgrid_rows1920_bf16_20260310T005321Z,indomain_clean_merged_en_es_translation_benchmark_128,projects/distillation/translation/training_data/translate_distill_pairs.eval3_indomain_clean_merged_128.jsonl,stage_a_checkpoint_sweep_greedy/eval3_indomain_clean__checkpoint-004000__greedy,false,,student,45.8440,70.1927,39.2681,69.0260,6.5759,1.1667,projects/distillation/translation/runs/translategemma4b_es_en_gemma3_1b_stagea_goldgrid_rows1920_bf16_20260310T005321Z/stage_a/checkpoint-004000,/home/x/.cache/huggingface/hub/models--google--translategemma-4b-it/snapshots/10042cb0e6e7fdce748996a71dc3dc432a4e0c89,128,projects/distillation/translation/runs/translategemma4b_es_en_gemma3_1b_stagea_goldgrid_rows1920_bf16_20260310T005321Z/stage_a_checkpoint_sweep_greedy/eval3_indomain_clean__checkpoint-004000__greedy/compare_eval_summary.json,48.3172,70.6265,,64.0000,42.6061,69.6612,,64.0000,128.0000,causal-chat,gemma_causal_lm,false,,
baseline__google__translategemma-4b-it__2026-03-10T134941Z,indomain_clean_merged_en_es_translation_benchmark_128,projects/distillation/translation/training_data/translate_distill_pairs.eval3_indomain_clean_merged_128.jsonl,baseline_checkpoint_sweep_greedy/eval3_indomain_clean__final__greedy,true,TranslateGemma 4B IT,baseline,45.5415,70.9157,,,,,google/translategemma-4b-it,,128,projects/distillation/translation/runs/baseline__google__translategemma-4b-it__2026-03-10T134941Z/baseline_checkpoint_sweep_greedy/eval3_indomain_clean__final__greedy/compare_eval_summary.json,51.4094,73.0995,,64.0000,37.8294,68.2249,,64.0000,128.0000,causal-chat,gemma_causal_lm,false,0,4B
translategemma4b_es_en_gemma3_1b_stagea_goldgrid_rows1600_bf16_codexextend_pack06_replace10_6k_dense500_defer_studentonly_v1,indomain_clean_merged_en_es_translation_benchmark_128,projects/distillation/translation/training_data/translate_distill_pairs.eval3_indomain_clean_merged_128.jsonl,stage_a_checkpoint_sweep_greedy/eval3_indomain_clean__checkpoint-000500__greedy,false,,student,44.8426,65.1687,,,,,projects/distillation/translation/runs/translategemma4b_es_en_gemma3_1b_stagea_goldgrid_rows1600_bf16_codexextend_pack06_replace10_6k_dense500_defer_studentonly_v1/stage_a/checkpoint-000500,,128,projects/distillation/translation/runs/translategemma4b_es_en_gemma3_1b_stagea_goldgrid_rows1600_bf16_codexextend_pack06_replace10_6k_dense500_defer_studentonly_v1/stage_a_checkpoint_sweep_greedy/eval3_indomain_clean__checkpoint-000500__greedy/compare_eval_summary.json,47.3581,66.1219,,64.0000,39.9487,64.0214,,64.0000,128.0000,causal-chat,gemma_causal_lm,false,,
translategemma4b_es_en_gemma3_1b_stagea_goldgrid_rows2560_bf16_20260309T195639Z,indomain_clean_merged_en_es_translation_benchmark_128,projects/distillation/translation/training_data/translate_distill_pairs.eval3_indomain_clean_merged_128.jsonl,stage_a_checkpoint_sweep_greedy/eval3_indomain_clean__checkpoint-002000__greedy,false,,student,44.6716,70.1758,39.2681,69.0260,5.4035,1.1499,projects/distillation/translation/runs/translategemma4b_es_en_gemma3_1b_stagea_goldgrid_rows2560_bf16_20260309T195639Z/stage_a/checkpoint-002000,/home/x/.cache/huggingface/hub/models--google--translategemma-4b-it/snapshots/10042cb0e6e7fdce748996a71dc3dc432a4e0c89,128,projects/distillation/translation/runs/translategemma4b_es_en_gemma3_1b_stagea_goldgrid_rows2560_bf16_20260309T195639Z/stage_a_checkpoint_sweep_greedy/eval3_indomain_clean__checkpoint-002000__greedy/compare_eval_summary.json,,,,,,,,,,,,,,
translategemma4b_es_en_gemma3_1b_stagea_goldgrid_rows2560_bf16_20260309T022454Z,indomain_clean_merged_en_es_translation_benchmark_128,projects/distillation/translation/training_data/translate_distill_pairs.eval3_indomain_clean_merged_128.jsonl,stage_a_checkpoint_sweep_greedy/eval3_indomain_clean__checkpoint-001500__greedy,false,,student,43.7387,69.1177,39.2681,69.0260,4.4707,0.0917,projects/distillation/translation/runs/translategemma4b_es_en_gemma3_1b_stagea_goldgrid_rows2560_bf16_20260309T022454Z/stage_a/checkpoint-001500,/home/x/.cache/huggingface/hub/models--google--translategemma-4b-it/snapshots/10042cb0e6e7fdce748996a71dc3dc432a4e0c89,128,projects/distillation/translation/runs/translategemma4b_es_en_gemma3_1b_stagea_goldgrid_rows2560_bf16_20260309T022454Z/stage_a_checkpoint_sweep_greedy/eval3_indomain_clean__checkpoint-001500__greedy/compare_eval_summary.json,,,,,,,,,,,,,,
translategemma4b_es_en_gemma3_1b_full_train1280_20260303_114100,indomain_clean_merged_en_es_translation_benchmark_128,projects/distillation/translation/training_data/translate_distill_pairs.eval3_indomain_clean_merged_128.jsonl,ablation_stage_decode_20260304_094102/eval3_indomain_clean__teacher4b__greedy,false,,teacher_baseline,39.2681,69.0260,,,,,/home/x/.cache/huggingface/hub/models--google--translategemma-4b-it/snapshots/10042cb0e6e7fdce748996a71dc3dc432a4e0c89,,128,projects/distillation/translation/runs/translategemma4b_es_en_gemma3_1b_full_train1280_20260303_114100/ablation_stage_decode_20260304_094102/eval3_indomain_clean__teacher4b__greedy/compare_eval_summary.json,,,,,,,,,,,,,,
baseline__google__translategemma-4b-it__2026-03-10T014945Z,indomain_clean_merged_en_es_translation_benchmark_128,projects/distillation/translation/training_data/translate_distill_pairs.eval3_indomain_clean_merged_128.jsonl,eval3_indomain_clean__greedy,true,TranslateGemma 4B IT,baseline,35.6382,67.9067,,,,,google/translategemma-4b-it,,128,projects/distillation/translation/runs/baseline__google__translategemma-4b-it__2026-03-10T014945Z/eval3_indomain_clean__greedy/compare_eval_summary.json,39.6114,69.9316,,64.0000,30.3643,65.4033,,64.0000,128.0000,causal-chat,gemma_causal_lm,false,0,4B
translategemma4b_es_en_gemma3_1b_full_train1280_20260303_114100,indomain_clean_merged_en_es_translation_benchmark_128,projects/distillation/translation/training_data/translate_distill_pairs.eval3_indomain_clean_merged_128.jsonl,ablation_stage_decode_20260304_094102/eval3_indomain_clean__final__sampled,false,,student,19.3169,42.6927,,,,,projects/distillation/translation/runs/translategemma4b_es_en_gemma3_1b_full_20260303_114100/final,,128,projects/distillation/translation/runs/translategemma4b_es_en_gemma3_1b_full_train1280_20260303_114100/ablation_stage_decode_20260304_094102/eval3_indomain_clean__final__sampled/compare_eval_summary.json,,,,,,,,,,,,,,
translategemma4b_es_en_gemma3_1b_full_train1280_20260303_114100,indomain_clean_merged_en_es_translation_benchmark_128,projects/distillation/translation/training_data/translate_distill_pairs.eval3_indomain_clean_merged_128.jsonl,ablation_stage_decode_20260304_094102/eval3_indomain_clean__final__greedy,false,,student,18.7825,41.3420,,,,,projects/distillation/translation/runs/translategemma4b_es_en_gemma3_1b_full_20260303_114100/final,,128,projects/distillation/translation/runs/translategemma4b_es_en_gemma3_1b_full_train1280_20260303_114100/ablation_stage_decode_20260304_094102/eval3_indomain_clean__final__greedy/compare_eval_summary.json,,,,,,,,,,,,,,
baseline__google__gemma-3-1b-it__2026-03-10T020400Z,indomain_clean_merged_en_es_translation_benchmark_128,projects/distillation/translation/training_data/translate_distill_pairs.eval3_indomain_clean_merged_128.jsonl,baseline_checkpoint_sweep_greedy/eval3_indomain_clean__final__greedy,true,Gemma 3 1B IT,baseline,1.2862,21.3217,,,,,google/gemma-3-1b-it,,128,projects/distillation/translation/runs/baseline__google__gemma-3-1b-it__2026-03-10T020400Z/baseline_checkpoint_sweep_greedy/eval3_indomain_clean__final__greedy/compare_eval_summary.json,1.0249,21.2576,,64.0000,1.6540,21.4049,,64.0000,128.0000,causal-chat,gemma_causal_lm,false,0,1B
baseline__google__gemma-3-1b-it__2026-03-10T135924Z,indomain_clean_merged_en_es_translation_benchmark_128,projects/distillation/translation/training_data/translate_distill_pairs.eval3_indomain_clean_merged_128.jsonl,baseline_checkpoint_sweep_greedy/eval3_indomain_clean__final__greedy,true,Gemma 3 1B IT,baseline,0.9504,21.3408,,,,,google/gemma-3-1b-it,,128,projects/distillation/translation/runs/baseline__google__gemma-3-1b-it__2026-03-10T135924Z/baseline_checkpoint_sweep_greedy/eval3_indomain_clean__final__greedy/compare_eval_summary.json,0.5961,20.9844,,64.0000,1.3883,21.7828,,64.0000,128.0000,causal-chat,gemma_causal_lm,false,0,1B
