0.00 0
0.01 16
0.02 30
0.03 42
0.04 51
0.05 63
0.06 72
0.07 74
0.08 77
0.10 80
0.11 90
0.12 101
0.13 107
0.14 112
0.15 119
0.16 127
0.17 132
0.18 141
0.19 149
0.20 154
0.21 162
0.22 166
0.23 167
0.24 169
0.25 174
0.26 175
0.28 177
0.29 179
0.30 179
0.31 182
0.32 182
0.33 183
0.34 183
0.35 183
0.36 183
0.37 185
0.38 185
0.39 185
0.40 186
0.41 186
0.42 186
0.43 186
0.44 190
0.45 190
0.47 191
0.48 191
0.49 193
0.50 193
0.51 194
0.52 194
0.53 195
0.54 195
0.55 196
0.56 197
0.57 200
0.58 201
0.59 201
0.60 208
0.61 211
0.62 217
0.63 222
0.65 224
0.66 231
0.67 236
0.68 246
0.69 249
0.70 253
0.71 260
0.72 264
0.73 266
0.74 272
0.75 282
0.76 286
0.77 289
0.78 293
0.79 296
0.80 297
0.81 299
0.83 302
0.84 306
0.85 311
0.86 311
0.87 315
0.88 317
0.89 319
0.90 321
0.91 328
0.92 339
0.93 345
0.94 346
0.95 351
0.96 352
0.97 353
0.98 353
0.99 359
1.01 360
1.02 361
1.03 363
1.04 363
1.05 365
1.06 366
1.07 366
1.08 367
1.09 367
1.10 367
1.11 367
1.12 371
1.13 374
1.14 374
1.15 374
1.16 378
1.17 378
1.19 378
1.20 378
1.21 384
1.22 385
1.23 385
1.24 389
1.25 390
1.26 395
1.27 395
1.28 399
1.29 405
1.30 406
1.31 409
1.32 412
1.33 412
1.34 417
1.35 417
1.36 418
1.38 423
1.39 425
1.40 425
1.41 426
1.42 426
1.43 432
1.44 432
1.45 432
1.46 438
1.47 440
1.48 441
1.49 441
1.50 445
1.51 445
1.52 446
1.53 449
1.54 449
1.56 449
1.57 450
1.58 452
1.59 452
1.60 453
1.61 455
1.62 459
1.63 459
1.64 464
1.65 464
1.66 466
1.67 467
1.68 469
1.69 469
1.70 474
1.71 475
1.72 475
1.74 478
1.75 478
1.76 480
1.77 484
1.78 485
1.79 489
1.80 489
1.81 495
1.82 499
1.83 502
1.84 502
1.85 502
1.86 509
1.87 519
1.88 519
1.89 523
1.90 528
1.92 535
1.93 543
1.94 548
1.95 554
1.96 561
1.97 569
1.98 571
1.99 575
2.00 586
2.01 595
2.02 601
2.03 607
2.04 617
2.05 626
2.06 630
2.07 640
2.08 647
2.10 657
2.11 667
2.12 673
2.13 682
2.14 687
2.15 693
2.16 700
2.17 707
2.18 711
2.19 718
2.20 725
2.21 728
2.22 736
2.23 739
2.24 751
2.25 753
2.26 755
2.27 757
2.29 760
2.30 761
2.31 761
2.32 762
2.33 766
2.34 775
2.35 781
2.36 786
2.37 793
2.38 800
2.39 807
2.40 814
2.41 820
2.42 826
2.43 834
2.44 840
2.45 843
2.47 851
2.48 856
2.49 862
2.50 867
2.51 870
2.52 876
2.53 885
2.54 889
2.55 896
2.56 903
2.57 908
2.58 915
2.59 921
2.60 927
2.61 933
2.62 942
2.63 946
2.65 952
2.66 957
2.67 964
2.68 969
2.69 975
2.70 982
2.71 987
2.72 995
2.73 999
2.74 1004
2.75 1011
2.76 1017
2.77 1021
2.78 1027
2.79 1033
2.80 1035
2.81 1038
2.83 1042
2.84 1048
2.85 1053
2.86 1058
2.87 1064
2.88 1070
2.89 1079
2.90 1087
2.91 1095
2.92 1101
2.93 1104
2.94 1107
2.95 1113
2.96 1116
2.97 1124
2.98 1133
2.99 1138
3.01 1143
3.02 1145
3.03 1153
3.04 1166
3.05 1169
3.06 1170
3.07 1171
3.08 1171
3.09 1173
3.10 1174
3.11 1175
3.12 1176
3.13 1177
3.14 1185
3.15 1190
3.16 1199
3.17 1204
3.18 1210
3.20 1218
3.21 1227
3.22 1233
3.23 1235
3.24 1236
3.25 1238
3.26 1242
3.27 1246
3.28 1252
3.29 1257
3.30 1258
3.31 1268
3.32 1277
3.33 1282
3.34 1288
3.35 1293
3.36 1297
3.38 1305
3.39 1307
3.40 1308
3.41 1315
3.42 1323
3.43 1329
3.44 1335
3.45 1341
3.46 1349
3.47 1355
3.48 1361
3.49 1363
3.50 1368
3.51 1376
3.52 1384
3.53 1388
3.54 1394
3.56 1398
3.57 1403
3.58 1410
3.59 1416
3.60 1422
3.61 1427
3.62 1433
3.63 1438
3.64 1443
3.65 1451
3.66 1458
3.67 1466
3.68 1476
3.69 1482
3.70 1483
3.71 1485
3.72 1488
3.74 1492
3.75 1496
3.76 1502
3.77 1508
3.78 1513
3.79 1513
3.80 1522
3.81 1525
3.82 1527
3.83 1533
3.84 1535
3.85 1540
3.86 1543
3.87 1544
3.88 1550
3.89 1556
3.90 1561
3.92 1563
3.93 1566
3.94 1572
3.95 1576
3.96 1582
3.97 1591
3.98 1597
3.99 1601
4.00 1604
4.01 1604
4.02 1611
4.03 1621
4.04 1629
4.05 1633
4.06 1640
4.07 1646
4.08 1655
4.09 1661
4.11 1666
4.12 1672
4.13 1681
4.14 1690
4.15 1694
4.16 1701
4.17 1705
4.18 1709
4.19 1714
4.20 1720
4.21 1725
4.22 1733
4.23 1738
4.24 1744
4.25 1747
4.26 1750
4.27 1756
4.29 1763
4.30 1771
4.31 1780
4.32 1789
4.33 1793
4.34 1798
4.35 1804
4.36 1808
4.37 1813
4.38 1818
4.39 1822
4.40 1829
4.41 1834
4.42 1840
4.43 1846
4.44 1850
4.45 1856
4.47 1861
4.48 1868
4.49 1873
4.50 1880
4.51 1883
4.52 1891
4.53 1894
4.54 1903
4.55 1908
4.56 1914
4.57 1917
4.58 1922
4.59 1927
4.60 1929
4.61 1935
4.62 1942
4.63 1945
4.65 1948
4.66 1951
4.67 1958
4.68 1963
4.69 1967
4.70 1973
4.71 1977
4.72 1984
4.73 1992
4.74 1999
4.75 2004
4.76 2013
4.77 2020
4.78 2025
4.79 2028
4.80 2030
4.81 2033
4.83 2038
4.84 2044
4.85 2052
4.86 2059
4.87 2063
4.88 2064
4.89 2066
4.90 2067
4.91 2074
4.92 2081
4.93 2089
4.94 2097
4.95 2103
4.96 2108
4.97 2114
4.98 2121
4.99 2129
5.00 2136
5.02 2143
5.03 2150
5.04 2157
5.05 2163
5.06 2169
5.07 2175
5.08 2184
5.09 2192
5.10 2198
5.11 2202
5.12 2206
5.13 2213
5.14 2218
5.15 2222
5.16 2226
5.17 2232
5.18 2236
5.20 2243
5.21 2245
5.22 2253
5.23 2255
5.24 2262
5.25 2268
5.26 2269
5.27 2272
5.28 2278
5.29 2282
5.30 2289
5.31 2295
5.32 2303
5.33 2309
5.34 2315
5.35 2322
5.36 2329
5.38 2336
5.39 2341
5.40 2347
5.41 2353
5.42 2359
5.43 2367
5.44 2374
5.45 2382
5.46 2389
5.47 2395
5.48 2403
5.49 2411
5.50 2413
5.51 2420
5.52 2426
5.53 2433
5.54 2441
5.56 2445
5.57 2450
5.58 2456
5.59 2462
5.60 2468
5.61 2477
5.62 2483
5.63 2490
5.64 2494
5.65 2498
5.66 2500
5.67 2502
5.68 2504
5.69 2506
5.70 2513
5.71 2519
5.72 2524
5.74 2530
5.75 2534
5.76 2543
5.77 2550
5.78 2555
5.79 2559
5.80 2564
5.81 2572
5.82 2578
5.83 2582
5.84 2585
5.85 2591
5.86 2593
5.87 2599
5.88 2602
5.89 2609
5.90 2615
5.91 2621
5.93 2625
5.94 2629
5.95 2634
5.96 2641
5.97 2645
5.98 2653
5.99 2658
6.00 2661
6.01 2668
6.02 2672
6.03 2676
6.04 2680
6.05 2684
6.06 2688
6.07 2694
6.08 2697
6.09 2702
6.11 2707
6.12 2713
6.13 2718
6.14 2725
6.15 2728
6.16 2735
6.17 2739
6.18 2744
6.19 2750
6.20 2756
6.21 2758
6.22 2763
6.23 2767
6.24 2774
6.25 2778
6.26 2783
6.27 2790
6.29 2794
6.30 2798
6.31 2802
6.32 2806
6.33 2808
6.34 2811
6.35 2813
6.36 2813
6.37 2816
6.38 2822
6.39 2826
6.40 2833
6.41 2838
6.42 2843
6.43 2850
6.44 2857
6.45 2863
6.47 2868
6.48 2875
6.49 2879
6.50 2885
6.51 2893
6.52 2901
6.53 2906
6.54 2911
6.55 2917
6.56 2922
6.57 2925
6.58 2931
6.59 2934
6.60 2940
6.61 2944
6.62 2951
6.63 2952
6.65 2960
6.66 2963
6.67 2968
6.68 2974
6.69 2980
6.70 2984
6.71 2985
6.72 2990
6.73 2997
6.74 3003
6.75 3011
6.76 3019
6.77 3026
6.78 3032
6.79 3037
6.80 3043
6.81 3050
6.82 3057
6.84 3061
6.85 3067
6.86 3073
6.87 3081
6.88 3084
6.89 3088
6.90 3093
6.91 3098
6.92 3104
6.93 3110
6.94 3118
6.95 3125
6.96 3130
6.97 3138
6.98 3145
6.99 3151
7.00 3156
7.02 3162
7.03 3166
7.04 3171
7.05 3179
7.06 3187
7.07 3195
7.08 3202
7.09 3203
7.10 3205
7.11 3207
7.12 3212
7.13 3220
7.14 3225
7.15 3228
7.16 3231
7.17 3238
7.18 3243
7.20 3248
7.21 3251
7.22 3255
7.23 3259
7.24 3267
7.25 3270
7.26 3278
7.27 3282
7.28 3286
7.29 3292
7.30 3300
7.31 3310
7.32 3314
7.33 3318
7.34 3323
7.35 3324
7.36 3326
7.38 3331
7.39 3337
7.40 3342
7.41 3347
7.42 3354
7.43 3359
7.44 3366
7.45 3371
7.46 3379
7.47 3388
7.48 3396
7.49 3403
7.50 3409
7.51 3415
7.52 3419
7.53 3421
7.54 3427
7.56 3435
7.57 3440
7.58 3442
7.59 3447
7.60 3455
7.61 3462
7.62 3471
7.63 3478
7.64 3485
7.65 3490
7.66 3493
7.67 3495
7.68 3497
7.69 3501
7.70 3506
7.71 3511
7.72 3517
7.73 3523
7.75 3529
7.76 3533
7.77 3541
7.78 3548
7.79 3552
7.80 3557
7.81 3563
7.82 3568
7.83 3574
7.84 3582
7.85 3589
7.86 3596
7.87 3597
7.88 3602
7.89 3607
7.90 3613
7.91 3621
7.93 3626
7.94 3631
7.95 3639
7.96 3645
7.97 3650
7.98 3659
7.99 3666
8.00 3672
8.01 3678
8.02 3685
8.03 3691
8.04 3695
8.05 3702
8.06 3710
8.07 3716
8.08 3728
8.09 3733
8.11 3738
8.12 3740
8.13 3741
8.14 3747
8.15 3752
8.16 3757
8.17 3760
8.18 3766
8.19 3769
8.20 3773
8.21 3780
8.22 3785
8.23 3793
8.24 3798
8.25 3801
8.26 3805
8.27 3813
8.29 3819
8.30 3825
8.31 3832
8.32 3836
8.33 3842
8.34 3847
8.35 3852
8.36 3855
8.37 3862
8.38 3864
8.39 3870
8.40 3877
8.41 3884
8.42 3890
8.43 3895
8.44 3901
8.45 3909
8.47 3917
8.48 3925
8.49 3931
8.50 3935
8.51 3941
8.52 3946
8.53 3949
8.54 3955
8.55 3961
8.56 3967
8.57 3974
8.58 3978
8.59 3984
8.60 3988
8.61 3993
8.62 3997
8.63 4005
8.64 4010
8.66 4017
8.67 4022
8.68 4026
8.69 4032
8.70 4036
8.71 4039
8.72 4043
8.73 4049
8.74 4053
8.75 4059
8.76 4063
8.77 4069
8.78 4074
8.79 4081
8.80 4084
8.81 4088
8.82 4091
8.84 4096
8.85 4100
8.86 4105
8.87 4114
8.88 4119
8.89 4124
8.90 4130
8.91 4135
8.92 4138
8.93 4143
8.94 4147
8.95 4154
8.96 4161
8.97 4169
8.98 4176
8.99 4182
9.00 4186
9.02 4195
9.03 4201
9.04 4206
9.05 4213
9.06 4217
9.07 4220
9.08 4226
9.09 4229
9.10 4236
9.11 4241
9.12 4247
9.13 4251
9.14 4254
9.15 4259
9.16 4264
9.17 4269
9.18 4273
9.20 4276
9.21 4280
9.22 4285
9.23 4289
9.24 4292
9.25 4298
9.26 4304
9.27 4308
9.28 4315
9.29 4320
9.30 4326
9.31 4330
9.32 4336
9.33 4344
9.34 4350
9.35 4356
9.36 4365
9.38 4374
9.39 4377
9.40 4383
9.41 4392
9.42 4400
9.43 4409
9.44 4416
9.45 4423
9.46 4430
9.47 4436
9.48 4439
9.49 4443
9.50 4450
9.51 4458
9.52 4461
9.53 4466
9.54 4468
9.55 4472
9.57 4476
9.58 4482
9.59 4487
9.60 4489
9.61 4492
9.62 4497
9.63 4501
9.64 4507
9.65 4513
9.66 4518
9.67 4522
9.68 4528
9.69 4535
9.70 4539
9.71 4543
9.72 4551
9.73 4556
9.75 4560
9.76 4564
9.77 4568
9.78 4572
9.79 4575
9.80 4579
9.81 4586
9.82 4593
9.83 4599
9.84 4605
9.85 4609
9.86 4612
9.87 4612
9.88 4616
9.89 4619
9.90 4625
9.91 4630
9.93 4638
9.94 4645
9.95 4651
9.96 4654
9.97 4659
9.98 4663
9.99 4669
10.00 4673
10.01 4677
10.02 4683
10.03 4688
10.04 4693
10.05 4699
10.06 4705
10.07 4713
10.08 4718
10.09 4724
10.11 4730
10.12 4736
10.13 4742
10.14 4746
10.15 4752
10.16 4757
10.17 4762
10.18 4765
10.19 4768
10.20 4770
10.21 4774
10.22 4779
10.23 4784
10.24 4789
10.25 4794
10.26 4801
10.27 4807
10.29 4812
10.30 4817
10.31 4824
10.32 4827
10.33 4831
10.34 4838
10.35 4846
10.36 4850
10.37 4854
10.38 4858
10.39 4863
10.40 4870
10.41 4879
10.42 4883
10.43 4889
10.44 4893
10.45 4895
10.46 4900
10.48 4907
10.49 4914
10.50 4918
10.51 4925
10.52 4929
10.53 4935
10.54 4940
10.55 4947
10.56 4952
10.57 4960
10.58 4964
10.59 4968
10.60 4974
10.61 4979
10.62 4985
10.63 4993
10.64 5000
10.66 5005
10.67 5009
10.68 5014
10.69 5018
10.70 5022
10.71 5028
10.72 5031
10.73 5035
10.74 5040
10.75 5048
10.76 5054
10.77 5055
10.78 5061
10.79 5067
10.80 5072
10.81 5078
10.82 5085
10.84 5089
10.85 5093
10.86 5098
10.87 5102
10.88 5107
10.89 5112
10.90 5117
10.91 5126
10.92 5133
10.93 5139
10.94 5143
10.95 5146
10.96 5151
10.97 5154
10.98 5160
10.99 5163
11.00 5169
11.02 5174
11.03 5178
11.04 5181
11.05 5183
11.06 5188
11.07 5194
11.08 5198
11.09 5201
11.10 5207
11.11 5212
11.12 5217
11.13 5224
11.14 5231
11.15 5233
11.16 5240
11.17 5248
11.18 5249
11.20 5251
11.21 5252
11.22 5253
11.23 5254
11.24 5255
11.25 5256
11.26 5257
11.27 5266
11.28 5272
11.29 5279
11.30 5283
11.31 5289
11.32 5295
11.33 5300
11.34 5305
11.35 5311
11.36 5316
11.37 5320
11.39 5325
11.40 5332
11.41 5338
11.42 5344
11.43 5351
11.44 5359
11.45 5368
11.46 5378
11.47 5385
11.48 5389
11.49 5394
11.50 5402
11.51 5406
11.52 5413
11.53 5416
11.54 5420
11.55 5427
11.57 5433
11.58 5439
11.59 5445
11.60 5447
11.61 5452
11.62 5458
11.63 5463
11.64 5469
11.65 5475
11.66 5483
11.67 5487
11.68 5492
11.69 5497
11.70 5506
11.71 5512
11.72 5515
11.73 5520
11.75 5527
11.76 5531
11.77 5539
11.78 5546
11.79 5550
11.80 5558
11.81 5567
11.82 5572
11.83 5578
11.84 5582
11.85 5586
11.86 5589
11.87 5594
11.88 5600
11.89 5603
11.90 5606
11.91 5611
11.93 5618
11.94 5625
11.95 5632
11.96 5635
11.97 5641
11.98 5645
11.99 5652
12.00 5655
12.01 5658
12.02 5664
12.03 5668
12.04 5671
12.05 5673
12.06 5677
12.07 5678
12.08 5680
12.09 5685
12.11 5691
12.12 5697
12.13 5705
12.14 5711
12.15 5718
12.16 5726
12.17 5732
12.18 5737
12.19 5741
12.20 5743
12.21 5747
12.22 5754
12.23 5760
12.24 5766
12.25 5771
12.26 5777
12.27 5783
12.28 5788
12.30 5792
12.31 5798
12.32 5804
12.33 5810
12.34 5816
12.35 5820
12.36 5822
12.37 5825
12.38 5830
12.39 5838
12.40 5845
12.41 5851
12.42 5856
12.43 5862
12.44 5870
12.45 5875
12.46 5880
12.48 5886
12.49 5890
12.50 5895
12.51 5902
12.52 5908
12.53 5913
12.54 5920
12.55 5928
12.56 5934
12.57 5940
12.58 5949
12.59 5954
12.60 5962
12.61 5968
12.62 5976
12.63 5980
12.64 5987
12.66 5995
12.67 6002
12.68 6011
12.69 6016
12.70 6023
12.71 6031
12.72 6039
12.73 6045
12.74 6049
12.75 6054
12.76 6058
12.77 6065
12.78 6069
12.79 6072
12.80 6080
12.81 6086
12.82 6092
12.84 6099
12.85 6104
12.86 6108
12.87 6115
12.88 6121
12.89 6124
12.90 6127
12.91 6131
12.92 6135
12.93 6138
12.94 6144
12.95 6148
12.96 6151
12.97 6158
12.98 6162
12.99 6170
13.00 6174
13.02 6178
13.03 6185
13.04 6190
13.05 6195
13.06 6199
13.07 6204
13.08 6209
13.09 6213
13.10 6219
13.11 6224
13.12 6227
13.13 6233
13.14 6238
13.15 6245
13.16 6247
13.17 6256
13.18 6261
13.19 6265
13.21 6270
13.22 6273
13.23 6278
13.24 6285
13.25 6292
13.26 6297
13.27 6305
13.28 6310
13.29 6317
13.30 6322
13.31 6327
13.32 6333
13.33 6336
13.34 6342
13.35 6347
13.36 6355
13.37 6359
13.39 6364
13.40 6371
13.41 6378
13.42 6385
13.43 6389
13.44 6395
13.45 6397
13.46 6402
13.47 6408
13.48 6410
13.49 6416
13.50 6421
13.51 6426
13.52 6433
13.53 6440
13.54 6442
13.55 6447
13.57 6450
13.58 6453
13.59 6458
13.60 6464
13.61 6467
13.62 6473
13.63 6480
13.64 6488
13.65 6494
13.66 6501
13.67 6508
13.68 6513
13.69 6520
13.70 6527
13.71 6532
13.72 6540
13.73 6546
13.75 6553
13.76 6560
13.77 6562
13.78 6565
13.79 6568
13.80 6573
13.81 6579
13.82 6582
13.83 6587
13.84 6593
13.85 6597
13.86 6601
13.87 6610
13.88 6615
13.89 6621
13.90 6625
13.91 6629
13.93 6638
13.94 6644
13.95 6651
13.96 6655
13.97 6659
13.98 6666
13.99 6668
14.00 6671
14.01 6674
14.02 6679
14.03 6680
14.04 6683
14.05 6686
14.06 6691
14.07 6697
14.08 6702
14.09 6707
14.10 6713
14.12 6716
14.13 6721
14.14 6727
14.15 6732
14.16 6734
14.17 6737
14.18 6742
14.19 6749
14.20 6753
14.21 6758
14.22 6762
14.23 6769
14.24 6773
14.25 6778
14.26 6785
14.27 6790
14.28 6797
14.30 6803
14.31 6808
14.32 6813
14.33 6818
14.34 6823
14.35 6826
14.36 6831
14.37 6834
14.38 6840
14.39 6845
14.40 6851
14.41 6857
14.42 6864
14.43 6867
14.44 6872
14.45 6878
14.46 6881
14.48 6883
14.49 6885
14.50 6892
14.51 6900
14.52 6906
14.53 6912
14.54 6919
14.55 6925
14.56 6935
14.57 6942
14.58 6947
14.59 6951
14.60 6955
14.61 6956
14.62 6962
14.63 6963
14.64 6965
14.66 6967
14.67 6971
14.68 6980
14.69 6984
14.70 6991
14.71 6998
14.72 7004
14.73 7012
14.74 7018
14.75 7024
14.76 7027
14.77 7034
14.78 7038
14.79 7044
14.80 7050
14.81 7056
14.82 7064
14.83 7070
14.85 7078
14.86 7084
14.87 7090
14.88 7098
14.89 7104
14.90 7109
14.91 7111
14.92 7114
14.93 7120
14.94 7124
14.95 7130
14.96 7137
14.97 7140
14.98 7143
14.99 7146
15.00 7154
15.01 7158
15.03 7161
15.04 7165
15.05 7171
15.06 7176
15.07 7177
15.08 7181
15.09 7184
15.10 7190
15.11 7196
15.12 7199
15.13 7204
15.14 7207
15.15 7215
15.16 7220
15.17 7227
15.18 7234
15.19 7239
15.21 7244
15.22 7250
15.23 7254
15.24 7260
15.25 7267
15.26 7272
15.27 7277
15.28 7282
15.29 7287
15.30 7292
15.31 7297
15.32 7302
15.33 7307
15.34 7314
15.35 7320
15.36 7326
15.37 7329
15.39 7335
15.40 7340
15.41 7344
15.42 7351
15.43 7355
15.44 7359
15.45 7365
15.46 7370
15.47 7379
15.48 7384
15.49 7390
15.50 7396
15.51 7398
15.52 7402
15.53 7409
15.54 7414
15.55 7419
15.57 7423
15.58 7430
15.59 7435
15.60 7442
15.61 7447
15.62 7452
15.63 7458
15.64 7464
15.65 7472
15.66 7477
15.67 7484
15.68 7486
15.69 7492
15.70 7497
15.71 7501
15.72 7507
15.73 7513
15.74 7518
15.76 7525
15.77 7531
15.78 7535
15.79 7541
15.80 7548
15.81 7555
15.82 7559
15.83 7566
15.84 7571
15.85 7576
15.86 7582
15.87 7586
15.88 7590
15.89 7596
15.90 7601
15.91 7609
15.92 7617
15.94 7624
15.95 7630
15.96 7633
15.97 7638
15.98 7645
15.99 7651
16.00 7655
16.01 7661
16.02 7663
16.03 7665
16.04 7670
16.05 7675
16.06 7682
16.07 7683
16.08 7687
16.09 7690
16.10 7692
16.12 7694
16.13 7701
16.14 7706
16.15 7710
16.16 7714
16.17 7717
16.18 7721
16.19 7727
16.20 7733
16.21 7738
16.22 7744
16.23 7750
16.24 7755
16.25 7761
16.26 7765
16.27 7773
16.28 7776
16.30 7782
16.31 7787
16.32 7792
16.33 7795
16.34 7798
16.35 7803
16.36 7809
16.37 7816
16.38 7822
16.39 7827
16.40 7834
16.41 7840
16.42 7844
16.43 7853
16.44 7861
16.45 7869
16.46 7872
16.48 7874
16.49 7878
16.50 7884
16.51 7890
16.52 7897
16.53 7901
16.54 7902
16.55 7908
16.56 7911
16.57 7915
16.58 7918
16.59 7921
16.60 7924
16.61 7930
16.62 7935
16.63 7941
16.64 7946
16.65 7954
16.67 7962
16.68 7970
16.69 7976
16.70 7982
16.71 7988
16.72 7992
16.73 7998
16.74 8001
16.75 8007
16.76 8011
16.77 8015
16.78 8020
16.79 8025
16.80 8031
16.81 8035
16.82 8036
16.83 8042
16.85 8045
16.86 8048
16.87 8056
16.88 8062
16.89 8067
16.90 8073
16.91 8079
16.92 8088
16.93 8093
16.94 8100
16.95 8104
16.96 8110
16.97 8113
16.98 8122
16.99 8124
17.00 8131
17.01 8138
17.03 8141
17.04 8144
17.05 8150
17.06 8153
17.07 8158
17.08 8165
17.09 8170
17.10 8175
17.11 8181
17.12 8187
17.13 8193
17.14 8199
17.15 8207
17.16 8212
17.17 8220
17.18 8227
17.19 8234
17.21 8241
17.22 8248
17.23 8253
17.24 8259
17.25 8269
17.26 8274
17.27 8279
17.28 8283
17.29 8288
17.30 8293
17.31 8300
17.32 8307
17.33 8315
17.34 8321
17.35 8327
17.36 8332
17.37 8336
17.39 8344
17.40 8348
17.41 8351
17.42 8357
17.43 8365
17.44 8370
17.45 8374
17.46 8380
17.47 8386
17.48 8392
17.49 8396
17.50 8400
17.51 8405
17.52 8409
17.53 8413
17.54 8418
17.55 8426
17.56 8432
17.58 8435
17.59 8440
17.60 8449
17.61 8454
17.62 8459
17.63 8463
17.64 8469
17.65 8475
17.66 8480
17.67 8484
17.68 8488
17.69 8493
17.70 8501
17.71 8506
17.72 8514
17.73 8520
17.74 8528
17.76 8532
17.77 8536
17.78 8540
17.79 8544
17.80 8553
17.81 8557
17.82 8563
17.83 8568
17.84 8575
17.85 8579
17.86 8585
17.87 8588
17.88 8594
17.89 8602
17.90 8609
17.91 8612
17.92 8616
17.94 8622
17.95 8625
17.96 8630
17.97 8635
17.98 8640
17.99 8643
18.00 8648
18.01 8655
18.02 8661
18.03 8666
18.04 8670
18.05 8676
18.06 8678
18.07 8685
18.08 8690
18.09 8698
18.10 8702
18.12 8707
18.13 8712
18.14 8718
18.15 8722
18.16 8729
18.17 8735
18.18 8745
18.19 8754
18.20 8760
18.21 8765
18.22 8770
18.23 8775
18.24 8780
18.25 8788
18.26 8794
18.27 8800
18.28 8806
18.30 8814
18.31 8821
18.32 8828
18.33 8835
18.34 8842
18.35 8847
18.36 8855
18.37 8860
18.38 8864
18.39 8868
18.40 8879
18.41 8888
18.42 8893
18.43 8901
18.44 8909
18.45 8914
18.46 8921
18.47 8928
18.49 8934
18.50 8939
18.51 8946
18.52 8953
18.53 8960
18.54 8964
18.55 8969
18.56 8978
18.57 8985
18.58 8992
18.59 8998
18.60 8999
18.61 9005
18.62 9011
18.63 9013
18.64 9017
18.65 9021
18.67 9027
18.68 9032
18.69 9037
18.70 9041
18.71 9044
18.72 9050
18.73 9056
18.74 9061
18.75 9068
18.76 9075
18.77 9081
18.78 9087
18.79 9091
18.80 9093
18.81 9099
18.82 9108
18.83 9112
18.85 9114
18.86 9117
18.87 9121
18.88 9126
18.89 9131
18.90 9135
18.91 9142
18.92 9149
18.93 9153
18.94 9155
18.95 9165
18.96 9171
18.97 9179
18.98 9181
18.99 9184
19.00 9188
19.01 9194
19.03 9200
19.04 9206
19.05 9210
19.06 9216
19.07 9221
19.08 9222
19.09 9226
19.10 9233
19.11 9237
19.12 9238
19.13 9242
19.14 9247
19.15 9252
19.16 9261
19.17 9265
19.18 9271
19.19 9276
19.21 9280
19.22 9286
19.23 9293
19.24 9297
19.25 9305
19.26 9311
19.27 9317
19.28 9325
19.29 9328
19.30 9334
19.31 9340
19.32 9346
19.33 9350
19.34 9358
19.35 9367
19.36 9374
19.37 9380
19.38 9385
19.40 9390
19.41 9394
19.42 9399
19.43 9403
19.44 9409
19.45 9414
19.46 9420
19.47 9427
19.48 9435
19.49 9441
19.50 9447
19.51 9454
19.52 9461
19.53 9467
19.54 9473
19.55 9482
19.56 9489
19.58 9497
19.59 9502
19.60 9509
19.61 9516
19.62 9523
19.63 9530
19.64 9536
19.65 9543
19.66 9548
19.67 9552
19.68 9558
19.69 9559
19.70 9560
19.71 9567
19.72 9569
19.73 9573
19.74 9577
19.76 9587
19.77 9592
19.78 9600
19.79 9605
19.80 9610
19.81 9614
19.82 9619
19.83 9624
19.84 9629
19.85 9635
19.86 9640
19.87 9644
19.88 9651
19.89 9657
19.90 9661
19.91 9663
19.92 9665
19.94 9667
19.95 9670
19.96 9674
19.97 9679
19.98 9680
19.99 9682
20.00 9688
20.01 9692
20.02 9695
20.03 9698
20.04 9702
20.05 9706
20.06 9711
20.07 9719
20.08 9724
20.09 9729
20.10 9735
20.12 9740
20.13 9744
20.14 9751
20.15 9755
20.16 9759
20.17 9765
20.18 9771
20.19 9779
20.20 9787
20.21 9790
20.22 9793
20.23 9795
20.24 9797
20.25 9802
20.26 9805
20.27 9806
20.28 9809
20.29 9814
20.31 9819
20.32 9825
20.33 9833
20.34 9838
20.35 9843
20.36 9849
20.37 9854
20.38 9860
20.39 9865
20.40 9874
20.41 9881
20.42 9888
20.43 9889
20.44 9897
20.45 9904
20.46 9912
20.47 9915
20.49 9920
20.50 9924
20.51 9930
20.52 9934
20.53 9935
20.54 9946
20.55 9950
20.56 9956
20.57 9957
20.58 9960
20.59 9965
20.60 9968
20.61 9969
20.62 9971
20.63 9975
20.64 9981
20.65 9986
20.67 9992
20.68 9998
20.69 10005
20.70 10011
20.71 10018
20.72 10023
20.73 10028
20.74 10032
20.75 10037
20.76 10037
20.77 10044
20.78 10049
20.79 10051
20.80 10056
20.81 10060
20.82 10066
20.83 10073
20.85 10076
20.86 10080
20.87 10087
20.88 10092
20.89 10100
20.90 10107
20.91 10112
20.92 10117
20.93 10123
20.94 10129
20.95 10134
20.96 10141
20.97 10148
20.98 10153
20.99 10158
21.00 10160
21.01 10161
21.03 10163
21.04 10165
21.05 10171
21.06 10176
21.07 10181
21.08 10183
21.09 10187
21.10 10192
21.11 10194
21.12 10198
21.13 10204
21.14 10208
21.15 10214
21.16 10220
21.17 10224
21.18 10228
21.19 10238
21.20 10243
21.22 10250
21.23 10256
21.24 10263
21.25 10267
21.26 10271
21.27 10277
21.28 10283
21.29 10289
21.30 10297
21.31 10302
21.32 10306
21.33 10314
21.34 10321
21.35 10325
21.36 10331
21.37 10336
21.38 10341
21.40 10348
21.41 10351
21.42 10358
21.43 10364
21.44 10371
21.45 10376
21.46 10380
21.47 10387
21.48 10393
21.49 10398
21.50 10404
21.51 10407
21.52 10412
21.53 10418
21.54 10423
21.55 10426
21.56 10434
21.58 10439
21.59 10445
21.60 10453
21.61 10459
21.62 10466
21.63 10472
21.64 10478
21.65 10481
21.66 10486
21.67 10491
21.68 10497
21.69 10503
21.70 10506
21.71 10511
21.72 10516
21.73 10524
21.74 10529
21.76 10533
21.77 10540
21.78 10548
21.79 10556
21.80 10562
21.81 10570
21.82 10576
21.83 10580
21.84 10587
21.85 10591
21.86 10594
21.87 10598
21.88 10602
21.89 10603
21.90 10607
21.91 10610
21.92 10612
21.94 10615
21.95 10620
21.96 10621
21.97 10624
21.98 10628
21.99 10631
22.00 10634
22.01 10641
22.02 10644
22.03 10646
22.04 10647
22.05 10654
22.06 10659
22.07 10663
22.08 10668
22.09 10671
22.10 10677
22.11 10679
22.13 10684
22.14 10688
22.15 10690
22.16 10693
22.17 10696
22.18 10698
22.19 10703
22.20 10707
22.21 10715
22.22 10721
22.23 10724
22.24 10728
22.25 10731
22.26 10735
22.27 10740
22.28 10746
22.29 10749
22.31 10751
22.32 10754
22.33 10758
22.34 10766
22.35 10772
22.36 10777
22.37 10783
22.38 10784
22.39 10788
22.40 10791
22.41 10791
22.42 10795
22.43 10798
22.44 10800
22.45 10800
22.46 10801
22.47 10807
22.49 10810
22.50 10811
22.51 10813
22.52 10815
22.53 10821
22.54 10825
22.55 10826
22.56 10828
22.57 10832
22.58 10833
22.59 10837
22.60 10839
22.61 10842
22.62 10843
22.63 10853
22.64 10857
22.65 10858
22.67 10860
22.68 10860
22.69 10870
22.70 10873
22.71 10880
22.72 10882
22.73 10882
22.74 10886
22.75 10888
22.76 10895
22.77 10903
22.78 10907
22.79 10912
22.80 10917
22.81 10925
22.82 10933
22.83 10940
22.85 10951
22.86 10960
22.87 10965
22.88 10969
22.89 10971
22.90 10974
22.91 10982
22.92 10988
22.93 10990
22.94 10996
22.95 11003
22.96 11009
22.97 11012
22.98 11018
22.99 11021
23.00 11024
23.01 11028
23.02 11033
23.04 11038
23.05 11040
23.06 11046
23.07 11051
23.08 11055
23.09 11057
23.10 11064
23.11 11069
23.12 11074
23.13 11080
23.14 11088
23.15 11091
23.16 11100
23.17 11104
23.18 11108
23.19 11109
23.20 11111
23.22 11118
23.23 11122
23.24 11128
23.25 11133
23.26 11142
23.27 11148
23.28 11150
23.29 11158
23.30 11163
23.31 11166
23.32 11169
23.33 11176
23.34 11178
23.35 11181
23.36 11186
23.37 11194
23.38 11202
23.40 11209
23.41 11217
23.42 11222
23.43 11229
23.44 11237
23.45 11245
23.46 11251
23.47 11259
23.48 11266
23.49 11270
23.50 11273
23.51 11280
23.52 11283
23.53 11286
23.54 11291
23.55 11297
23.56 11301
23.58 11309
23.59 11316
23.60 11320
23.61 11323
23.62 11329
23.63 11330
23.64 11335
23.65 11338
23.66 11339
23.67 11343
23.68 11344
23.69 11346
23.70 11348
23.71 11350
23.72 11355
23.73 11360
23.74 11364
23.76 11366
23.77 11369
23.78 11369
23.79 11374
23.80 11377
23.81 11380
23.82 11384
23.83 11388
23.84 11396
23.85 11399
23.86 11405
23.87 11409
23.88 11413
23.89 11419
23.90 11421
23.91 11425
23.92 11427
23.93 11429
23.95 11430
23.96 11432
23.97 11433
23.98 11435
23.99 11438
24.00 11438
24.01 11441
24.02 11444
24.03 11446
24.04 11447
24.05 11451
24.06 11451
24.07 11452
24.08 11454
24.09 11459
24.10 11463
24.11 11464
24.13 11467
24.14 11469
24.15 11474
24.16 11480
24.17 11483
24.18 11490
24.19 11496
24.20 11506
24.21 11514
24.22 11518
24.23 11519
24.24 11520
24.25 11523
24.26 11524
24.27 11525
24.28 11526
24.29 11528
24.31 11531
24.32 11531
24.33 11535
24.34 11537
24.35 11539
24.36 11539
24.37 11542
24.38 11545
24.39 11545
24.40 11547
24.41 11547
24.42 11547
24.43 11550
24.44 11551
24.45 11551
24.46 11552
24.47 11552
24.49 11553
24.50 11553
24.51 11554
24.52 11554
24.53 11554
24.54 11554
24.55 11554
24.56 11554
24.57 11556
24.58 11556
24.59 11556
24.60 11557
24.61 11558
24.62 11559
24.63 11559
24.64 11560
24.65 11563
24.67 11565
24.68 11565
24.69 11568
24.70 11570
24.71 11571
24.72 11571
24.73 11575
24.74 11575
24.75 11575
24.76 11576
24.77 11576
24.78 11576
24.79 11579
24.80 11579
24.81 11579
24.82 11580
24.83 11581
24.84 11584
24.86 11584
24.87 11586
24.88 11589
24.89 11590
24.90 11590
24.91 11593
24.92 11593
24.93 11594
24.94 11594
24.95 11594
24.96 11594
24.97 11596
24.98 11597
24.99 11597
25.00 11598
25.01 11599
25.02 11602
25.04 11602
25.05 11603
25.06 11603
25.07 11603
25.08 11603
25.09 11606
25.10 11607
25.11 11607
25.12 11609
25.13 11609
25.14 11609
25.15 11612
25.16 11613
25.17 11613
25.18 11613
25.19 11613
25.20 11616
25.22 11618
25.23 11618
25.24 11618
25.25 11618
25.26 11618
25.27 11618
25.28 11620
25.29 11622
25.30 11622
25.31 11622
25.32 11622
25.33 11622
25.34 11622
25.35 11624
25.36 11626
25.37 11626
25.38 11627
25.40 11628
25.41 11630
25.42 11630
25.43 11631
25.44 11631
25.45 11631
25.46 11631
25.47 11632
25.48 11641
25.49 11641
25.50 11641
25.51 11643
25.52 11643
25.53 11643
25.54 11647
25.55 11648
25.56 11648
25.58 11648
25.59 11648
25.60 11650
25.61 11651
25.62 11651
25.63 11651
25.64 11651
25.65 11651
25.66 11651
25.67 11653
25.68 11655
25.69 11655
25.70 11656
25.71 11656
25.72 11656
25.73 11656
25.74 11661
25.75 11662
25.77 11662
25.78 11663
25.79 11663
25.80 11664
25.81 11664
25.82 11664
25.83 11664
25.84 11664
25.85 11664
25.86 11664
25.87 11664
25.88 11667
25.89 11667
25.90 11667
25.91 11672
25.92 11672
25.93 11672
25.95 11672
25.96 11672
25.97 11675
25.98 11675
25.99 11675
26.00 11676
26.01 11677
26.02 11677
26.03 11677
26.04 11677
26.05 11677
26.06 11677
26.07 11678
26.08 11678
26.09 11680
26.10 11685
26.11 11686
26.13 11686
26.14 11686
26.15 11687
26.16 11687
26.17 11687
26.18 11687
26.19 11687
26.20 11687
26.21 11687
26.22 11687
26.23 11687
26.24 11688
26.25 11688
26.26 11688
26.27 11690
26.28 11691
26.29 11693
26.31 11695
26.32 11697
26.33 11699
26.34 11699
26.35 11706
26.36 11707
26.37 11711
26.38 11711
26.39 11718
26.40 11722
26.41 11722
26.42 11730
26.43 11737
26.44 11746
26.45 11753
26.46 11759
26.47 11767
26.49 11776
26.50 11783
26.51 11791
26.52 11798
26.53 11804
26.54 11810
26.55 11818
26.56 11828
26.57 11837
26.58 11846
26.59 11851
26.60 11858
26.61 11862
26.62 11868
26.63 11875
26.64 11885
26.65 11891
26.66 11896
26.68 11901
26.69 11908
26.70 11915
26.71 11923
26.72 11928
26.73 11936
26.74 11942
26.75 11948
26.76 11957
26.77 11964
26.78 11970
26.79 11977
26.80 11982
26.81 11988
26.82 11994
26.83 12003
26.84 12009
26.86 12015
26.87 12021
26.88 12025
26.89 12031
26.90 12035
26.91 12042
26.92 12048
26.93 12054
26.94 12061
26.95 12067
26.96 12073
26.97 12080
26.98 12086
26.99 12090
27.00 12095
27.01 12103
27.02 12109
27.04 12115
27.05 12122
27.06 12128
27.07 12134
27.08 12141
27.09 12147
27.10 12151
27.11 12158
27.12 12162
27.13 12169
27.14 12173
27.15 12176
27.16 12180
27.17 12187
27.18 12193
27.19 12198
27.20 12205
27.22 12210
27.23 12216
27.24 12222
27.25 12229
27.26 12234
27.27 12240
27.28 12247
27.29 12253
27.30 12259
27.31 12264
27.32 12270
27.33 12277
27.34 12283
27.35 12287
27.36 12292
27.37 12301
27.38 12306
27.40 12310
27.41 12313
27.42 12317
27.43 12322
27.44 12323
27.45 12326
27.46 12332
27.47 12338
27.48 12343
27.49 12348
27.50 12355
27.51 12359
27.52 12365
27.53 12369
27.54 12372
27.55 12377
27.56 12381
27.57 12386
27.59 12391
27.60 12398
27.61 12406
27.62 12412
27.63 12417
27.64 12421
27.65 12424
27.66 12428
27.67 12435
27.68 12441
27.69 12448
27.70 12450
27.71 12456
27.72 12463
27.73 12468
27.74 12472
27.75 12477
27.77 12480
27.78 12487
27.79 12494
27.80 12499
27.81 12504
27.82 12509
27.83 12512
27.84 12515
27.85 12518
27.86 12519
27.87 12527
27.88 12530
27.89 12535
27.90 12539
27.91 12545
27.92 12552
27.93 12556
27.95 12561
27.96 12566
27.97 12572
27.98 12577
27.99 12578
28.00 12582
28.01 12592
28.02 12600
28.03 12607
28.04 12610
28.05 12616
28.06 12620
28.07 12626
28.08 12631
28.09 12638
28.10 12645
28.11 12653
28.13 12658
28.14 12665
28.15 12672
28.16 12678
28.17 12684
28.18 12689
28.19 12696
28.20 12702
28.21 12709
28.22 12716
28.23 12721
28.24 12728
28.25 12733
28.26 12737
28.27 12741
28.28 12745
28.29 12749
28.31 12753
28.32 12759
28.33 12764
28.34 12766
28.35 12770
28.36 12774
28.37 12780
28.38 12783
28.39 12788
28.40 12790
28.41 12791
28.42 12793
28.43 12794
28.44 12799
28.45 12804
28.46 12808
28.47 12816
28.48 12822
28.50 12826
28.51 12832
28.52 12837
28.53 12841
28.54 12850
28.55 12855
28.56 12861
28.57 12866
28.58 12872
28.59 12874
28.60 12880
28.61 12888
28.62 12894
28.63 12900
28.64 12904
28.65 12909
28.66 12913
28.68 12916
28.69 12920
28.70 12927
28.71 12931
28.72 12940
28.73 12947
28.74 12955
28.75 12964
28.76 12972
28.77 12978
28.78 12984
28.79 12991
28.80 12999
28.81 13007
28.82 13012
28.83 13017
28.84 13023
28.86 13031
28.87 13035
28.88 13038
28.89 13043
28.90 13050
28.91 13058
28.92 13065
28.93 13073
28.94 13080
28.95 13087
28.96 13094
28.97 13101
28.98 13106
28.99 13112
29.00 13116
29.01 13123
29.02 13129
29.04 13134
29.05 13143
29.06 13148
29.07 13153
29.08 13161
29.09 13167
29.10 13171
29.11 13175
29.12 13179
29.13 13182
29.14 13188
29.15 13194
29.16 13202
29.17 13208
29.18 13215
29.19 13221
29.20 13226
29.21 13230
29.23 13238
29.24 13246
29.25 13252
29.26 13260
29.27 13267
29.28 13274
29.29 13278
29.30 13287
29.31 13293
29.32 13299
29.33 13304
29.34 13308
29.35 13315
29.36 13322
29.37 13328
29.38 13332
29.39 13336
29.41 13340
29.42 13345
29.43 13349
29.44 13354
29.45 13360
29.46 13367
29.47 13374
29.48 13378
29.49 13386
29.50 13394
29.51 13398
29.52 13403
29.53 13412
29.54 13418
29.55 13424
29.56 13428
29.57 13435
29.59 13440
29.60 13448
29.61 13453
29.62 13459
29.63 13464
29.64 13471
29.65 13477
29.66 13485
29.67 13493
29.68 13501
29.69 13509
29.70 13516
29.71 13522
29.72 13528
29.73 13534
29.74 13542
29.75 13549
29.77 13557
29.78 13564
29.79 13569
29.80 13575
29.81 13581
29.82 13585
29.83 13593
29.84 13600
29.85 13605
29.86 13612
29.87 13615
29.88 13621
29.89 13626
29.90 13634
29.91 13638
29.92 13644
29.93 13648
29.95 13654
29.96 13660
29.97 13664
29.98 13668
29.99 13675
30.00 13681
30.01 13686
30.02 13690
30.03 13696
30.04 13700
30.05 13705
30.06 13709
30.07 13713
30.08 13721
30.09 13729
30.10 13735
30.11 13740
30.12 13747
30.14 13756
30.15 13762
30.16 13767
30.17 13774
30.18 13781
30.19 13787
30.20 13792
30.21 13798
30.22 13805
30.23 13810
30.24 13816
30.25 13822
30.26 13830
30.27 13834
30.28 13840
30.29 13846
30.30 13853
30.32 13857
30.33 13862
30.34 13868
30.35 13873
30.36 13880
30.37 13887
30.38 13892
30.39 13898
30.40 13905
30.41 13914
30.42 13919
30.43 13926
30.44 13932
30.45 13939
30.46 13946
30.47 13951
30.48 13957
30.50 13961
30.51 13969
30.52 13976
30.53 13980
30.54 13985
30.55 13992
30.56 13999
30.57 14006
30.58 14012
30.59 14019
30.60 14026
30.61 14032
30.62 14035
30.63 14041
30.64 14048
30.65 14054
30.66 14061
30.68 14066
30.69 14072
30.70 14078
30.71 14083
30.72 14088
30.73 14093
30.74 14098
30.75 14103
30.76 14110
30.77 14116
30.78 14123
30.79 14130
30.80 14136
30.81 14140
30.82 14143
30.83 14152
30.84 14156
30.86 14161
30.87 14166
30.88 14173
30.89 14179
30.90 14184
30.91 14189
30.92 14193
30.93 14197
30.94 14204
30.95 14208
30.96 14215
30.97 14219
30.98 14224
30.99 14230
31.00 14236
31.01 14239
31.02 14244
31.03 14250
31.05 14255
31.06 14258
31.07 14263
31.08 14269
31.09 14276
31.10 14284
31.11 14289
31.12 14293
31.13 14300
31.14 14304
31.15 14311
31.16 14317
31.17 14322
31.18 14325
31.19 14331
31.20 14339
31.21 14346
31.23 14351
31.24 14357
31.25 14360
31.26 14365
31.27 14368
31.28 14373
31.29 14379
31.30 14386
31.31 14392
31.32 14398
31.33 14405
31.34 14413
31.35 14418
31.36 14422
31.37 14425
31.38 14430
31.39 14436
31.41 14439
31.42 14448
31.43 14452
31.44 14454
31.45 14462
31.46 14470
31.47 14477
31.48 14483
31.49 14488
31.50 14493
31.51 14500
31.52 14504
31.53 14510
31.54 14518
31.55 14527
31.56 14535
31.57 14542
31.59 14548
31.60 14556
31.61 14563
31.62 14569
31.63 14577
31.64 14582
31.65 14588
31.66 14595
31.67 14600
31.68 14607
31.69 14615
31.70 14623
31.71 14628
31.72 14634
31.73 14639
31.74 14643
31.75 14649
31.77 14652
31.78 14660
31.79 14666
31.80 14672
31.81 14678
31.82 14685
31.83 14690
31.84 14695
31.85 14703
31.86 14708
31.87 14714
31.88 14719
31.89 14724
31.90 14727
31.91 14732
31.92 14737
31.93 14744
31.94 14748
31.96 14754
31.97 14761
31.98 14765
31.99 14771
32.00 14776
32.01 14781
32.02 14789
32.03 14798
32.04 14804
32.05 14812
32.06 14819
32.07 14825
32.08 14831
32.09 14835
32.10 14841
32.11 14847
32.12 14855
32.14 14862
32.15 14869
32.16 14874
32.17 14881
32.18 14885
32.19 14888
32.20 14895
32.21 14898
32.22 14906
32.23 14911
32.24 14915
32.25 14919
32.26 14925
32.27 14932
32.28 14938
32.29 14943
32.30 14949
32.32 14957
32.33 14961
32.34 14967
32.35 14973
32.36 14980
32.37 14985
32.38 14992
32.39 14998
32.40 15004
32.41 15009
32.42 15014
32.43 15020
32.44 15026
32.45 15032
32.46 15036
32.47 15041
32.48 15047
32.50 15052
32.51 15055
32.52 15058
32.53 15063
32.54 15068
32.55 15071
32.56 15079
32.57 15085
32.58 15088
32.59 15094
32.60 15100
32.61 15105
32.62 15110
32.63 15115
32.64 15120
32.65 15122
32.66 15129
32.68 15133
32.69 15137
32.70 15141
32.71 15146
32.72 15153
32.73 15158
32.74 15165
32.75 15172
32.76 15178
32.77 15184
32.78 15189
32.79 15194
32.80 15202
32.81 15209
32.82 15216
32.83 15223
32.84 15231
32.85 15238
32.87 15244
32.88 15250
32.89 15256
32.90 15261
32.91 15267
32.92 15268
32.93 15268
32.94 15277
32.95 15285
32.96 15290
32.97 15295
32.98 15299
32.99 15307
33.00 15314
33.01 15317
33.02 15322
33.03 15328
33.05 15336
33.06 15343
33.07 15348
33.08 15354
33.09 15362
33.10 15368
33.11 15375
33.12 15379
33.13 15385
33.14 15393
33.15 15397
33.16 15403
33.17 15409
33.18 15411
33.19 15415
33.20 15420
33.21 15428
33.23 15434
33.24 15440
33.25 15446
33.26 15452
33.27 15456
33.28 15462
33.29 15468
33.30 15473
33.31 15477
33.32 15483
33.33 15488
33.34 15493
33.35 15496
33.36 15499
33.37 15501
33.38 15507
33.39 15511
33.41 15519
33.42 15527
33.43 15535
33.44 15540
33.45 15545
33.46 15553
33.47 15560
33.48 15565
33.49 15573
33.50 15578
33.51 15582
33.52 15586
33.53 15591
33.54 15595
33.55 15599
33.56 15602
33.57 15611
33.59 15617
33.60 15621
33.61 15628
33.62 15630
33.63 15633
33.64 15637
33.65 15641
33.66 15648
33.67 15655
33.68 15660
33.69 15664
33.70 15669
33.71 15676
33.72 15682
33.73 15689
33.74 15691
33.75 15696
33.76 15701
33.78 15708
33.79 15714
33.80 15720
33.81 15726
33.82 15733
33.83 15738
33.84 15743
33.85 15749
33.86 15754
33.87 15762
33.88 15768
33.89 15774
33.90 15778
33.91 15784
33.92 15788
33.93 15790
33.94 15791
33.96 15796
33.97 15801
33.98 15809
33.99 15815
34.00 15820
34.01 15823
34.02 15830
34.03 15837
34.04 15842
34.05 15848
34.06 15854
34.07 15862
34.08 15867
34.09 15874
34.10 15879
34.11 15886
34.12 15893
34.14 15897
34.15 15901
34.16 15906
34.17 15910
34.18 15916
34.19 15922
34.20 15927
34.21 15934
34.22 15941
34.23 15946
34.24 15948
34.25 15952
34.26 15957
34.27 15962
34.28 15969
34.29 15974
34.30 15979
34.32 15984
34.33 15989
34.34 15996
34.35 16001
34.36 16008
34.37 16014
34.38 16017
34.39 16020
34.40 16022
34.41 16028
34.42 16032
34.43 16035
34.44 16037
34.45 16038
34.46 16041
34.47 16047
34.48 16049
34.50 16053
34.51 16059
34.52 16067
34.53 16070
34.54 16070
34.55 16070
34.56 16071
34.57 16071
34.58 16071
34.59 16077
34.60 16085
34.61 16088
34.62 16095
34.63 16099
34.64 16103
34.65 16110
34.66 16115
34.67 16119
34.69 16124
34.70 16129
34.71 16133
34.72 16137
34.73 16140
34.74 16145
34.75 16149
34.76 16154
34.77 16158
34.78 16162
34.79 16167
34.80 16171
34.81 16173
34.82 16180
34.83 16186
34.84 16193
34.85 16199
34.87 16203
34.88 16210
34.89 16217
34.90 16223
34.91 16229
34.92 16234
34.93 16241
34.94 16243
34.95 16247
34.96 16252
34.97 16257
34.98 16261
34.99 16267
35.00 16272
35.01 16275
35.02 16278
35.03 16287
35.05 16292
35.06 16295
35.07 16296
35.08 16301
35.09 16306
35.10 16313
35.11 16316
35.12 16318
35.13 16322
35.14 16327
35.15 16335
35.16 16342
35.17 16349
35.18 16355
35.19 16360
35.20 16367
35.21 16374
35.23 16383
35.24 16388
35.25 16394
35.26 16400
35.27 16406
35.28 16411
35.29 16417
35.30 16422
35.31 16426
35.32 16431
35.33 16434
35.34 16439
35.35 16445
35.36 16450
35.37 16454
35.38 16460
35.39 16465
35.41 16471
35.42 16476
35.43 16479
35.44 16483
35.45 16489
35.46 16493
35.47 16498
35.48 16503
35.49 16508
35.50 16512
35.51 16521
35.52 16524
35.53 16528
35.54 16533
35.55 16538
35.56 16547
35.57 16553
35.58 16560
35.60 16566
35.61 16572
35.62 16578
35.63 16582
35.64 16586
35.65 16594
35.66 16602
35.67 16607
35.68 16614
35.69 16619
35.70 16625
35.71 16628
35.72 16633
35.73 16639
35.74 16643
35.75 16649
35.76 16657
35.78 16662
35.79 16671
35.80 16679
35.81 16686
35.82 16693
35.83 16698
35.84 16702
35.85 16709
35.86 16716
35.87 16722
35.88 16730
35.89 16735
35.90 16741
35.91 16745
35.92 16749
35.93 16756
35.94 16764
35.96 16769
35.97 16775
35.98 16779
35.99 16788
36.00 16792
36.01 16795
36.02 16799
36.03 16805
36.04 16809
36.05 16815
36.06 16821
36.07 16826
36.08 16831
36.09 16835
36.10 16842
36.11 16849
36.12 16853
36.14 16860
36.15 16866
36.16 16873
36.17 16883
36.18 16889
36.19 16896
36.20 16902
36.21 16908
36.22 16915
36.23 16918
36.24 16923
36.25 16929
36.26 16933
36.27 16938
36.28 16945
36.29 16951
36.30 16960
36.32 16966
36.33 16970
36.34 16976
36.35 16981
36.36 16987
36.37 16992
36.38 16993
36.39 16999
36.40 17006
36.41 17010
36.42 17015
36.43 17022
36.44 17027
36.45 17034
36.46 17039
36.47 17043
36.48 17051
36.49 17055
36.51 17064
36.52 17070
36.53 17073
36.54 17076
36.55 17081
36.56 17085
36.57 17089
36.58 17093
36.59 17100
36.60 17105
36.61 17112
36.62 17116
36.63 17122
36.64 17128
36.65 17132
36.66 17135
36.67 17138
36.69 17141
36.70 17146
36.71 17149
36.72 17155
36.73 17161
36.74 17166
36.75 17174
36.76 17178
36.77 17181
36.78 17187
36.79 17191
36.80 17196
36.81 17200
36.82 17207
36.83 17213
36.84 17217
36.85 17219
36.87 17226
36.88 17232
36.89 17236
36.90 17241
36.91 17245
36.92 17252
36.93 17259
36.94 17270
36.95 17274
36.96 17277
36.97 17283
36.98 17286
36.99 17290
37.00 17297
37.01 17303
37.02 17306
37.03 17311
37.05 17318
37.06 17322
37.07 17328
37.08 17335
37.09 17340
37.10 17343
37.11 17347
37.12 17353
37.13 17361
37.14 17367
37.15 17370
37.16 17374
37.17 17378
37.18 17384
37.19 17389
37.20 17392
37.21 17395
37.23 17401
37.24 17406
37.25 17409
37.26 17415
37.27 17420
37.28 17425
37.29 17430
37.30 17432
37.31 17436
37.32 17442
37.33 17449
37.34 17453
37.35 17457
37.36 17462
37.37 17466
37.38 17470
37.39 17476
37.40 17480
37.42 17488
37.43 17491
37.44 17495
37.45 17498
37.46 17504
37.47 17508
37.48 17516
37.49 17520
37.50 17524
37.51 17530
37.52 17535
37.53 17541
37.54 17549
37.55 17556
37.56 17562
37.57 17567
37.58 17574
37.60 17580
37.61 17587
37.62 17595
37.63 17601
37.64 17605
37.65 17610
37.66 17614
37.67 17620
37.68 17623
37.69 17627
37.70 17634
37.71 17639
37.72 17643
37.73 17648
37.74 17655
37.75 17661
37.76 17665
37.78 17669
37.79 17674
37.80 17679
37.81 17681
37.82 17685
37.83 17693
37.84 17702
37.85 17707
37.86 17714
37.87 17718
37.88 17722
37.89 17728
37.90 17732
37.91 17733
37.92 17739
37.93 17744
37.94 17749
37.96 17753
37.97 17760
37.98 17767
37.99 17773
38.00 17781
38.01 17788
38.02 17793
38.03 17798
38.04 17802
38.05 17807
38.06 17812
38.07 17818
38.08 17824
38.09 17832
38.10 17840
38.11 17842
38.12 17849
38.14 17855
38.15 17862
38.16 17868
38.17 17873
38.18 17880
38.19 17885
38.20 17890
38.21 17897
38.22 17904
38.23 17909
38.24 17914
38.25 17916
38.26 17921
38.27 17924
38.28 17927
38.29 17931
38.30 17937
38.31 17942
38.33 17947
38.34 17954
38.35 17959
38.36 17961
38.37 17965
38.38 17970
38.39 17977
38.40 17982
38.41 17987
38.42 17993
38.43 17997
38.44 18001
38.45 18009
38.46 18015
38.47 18021
38.48 18028
38.49 18032
38.51 18033
38.52 18037
38.53 18045
38.54 18051
38.55 18056
38.56 18060
38.57 18063
38.58 18066
38.59 18069
38.60 18074
38.61 18076
38.62 18078
38.63 18080
38.64 18088
38.65 18092
38.66 18095
38.67 18099
38.69 18105
38.70 18107
38.71 18108
38.72 18115
38.73 18124
38.74 18127
38.75 18132
38.76 18139
38.77 18146
38.78 18152
38.79 18160
38.80 18167
38.81 18172
38.82 18180
38.83 18186
38.84 18192
38.85 18199
38.87 18203
38.88 18208
38.89 18211
38.90 18214
38.91 18220
38.92 18224
38.93 18227
38.94 18234
38.95 18239
38.96 18244
38.97 18248
38.98 18254
38.99 18260
39.00 18266
39.01 18272
39.02 18280
39.03 18286
39.05 18289
39.06 18295
39.07 18300
39.08 18302
39.09 18306
39.10 18308
39.11 18314
39.12 18316
39.13 18317
39.14 18319
39.15 18326
39.16 18333
39.17 18341
39.18 18347
39.19 18355
39.20 18361
39.21 18366
39.22 18372
39.24 18377
39.25 18385
39.26 18389
39.27 18394
39.28 18399
39.29 18405
39.30 18409
39.31 18416
39.32 18422
39.33 18428
39.34 18433
39.35 18437
39.36 18438
39.37 18440
39.38 18440
39.39 18444
39.40 18449
39.42 18456
39.43 18461
39.44 18466
39.45 18471
39.46 18477
39.47 18482
39.48 18485
39.49 18489
39.50 18490
39.51 18495
39.52 18501
39.53 18505
39.54 18509
39.55 18516
39.56 18518
39.57 18523
39.58 18529
39.60 18531
39.61 18535
39.62 18540
39.63 18544
39.64 18548
39.65 18551
39.66 18558
39.67 18562
39.68 18565
39.69 18569
39.70 18572
39.71 18576
39.72 18580
39.73 18585
39.74 18588
39.75 18593
39.76 18597
39.78 18599
39.79 18602
39.80 18607
39.81 18609
39.82 18613
39.83 18616
39.84 18620
39.85 18621
39.86 18623
39.87 18633
39.88 18638
39.89 18647
39.90 18655
39.91 18657
39.92 18659
39.93 18662
39.94 18666
39.96 18674
39.97 18682
39.98 18688
39.99 18693
40.00 18698
40.01 18703
40.02 18708
40.03 18710
40.04 18714
40.05 18720
40.06 18721
40.07 18728
40.08 18731
40.09 18732
40.10 18737
40.11 18742
40.12 18745
40.13 18750
40.15 18753
40.16 18756
40.17 18762
40.18 18768
40.19 18774
40.20 18779
40.21 18784
40.22 18789
40.23 18798
40.24 18801
40.25 18808
40.26 18814
40.27 18820
40.28 18827
40.29 18832
40.30 18835
40.31 18839
40.33 18843
40.34 18848
40.35 18851
40.36 18852
40.37 18854
40.38 18860
40.39 18866
40.40 18872
40.41 18878
40.42 18883
40.43 18892
40.44 18898
40.45 18898
40.46 18899
40.47 18901
40.48 18905
40.49 18910
40.51 18914
40.52 18921
40.53 18931
40.54 18935
40.55 18935
40.56 18941
40.57 18946
40.58 18953
40.59 18960
40.60 18965
40.61 18969
40.62 18972
40.63 18979
40.64 18982
40.65 18984
40.66 18988
40.67 18993
40.69 18995
40.70 18997
40.71 19001
40.72 19002
40.73 19010
40.74 19011
40.75 19018
40.76 19022
40.77 19028
40.78 19035
40.79 19039
40.80 19045
40.81 19047
40.82 19051
40.83 19059
40.84 19066
40.85 19076
40.87 19083
40.88 19092
40.89 19100
40.90 19102
40.91 19108
40.92 19114
40.93 19122
40.94 19125
40.95 19129
40.96 19131
40.97 19135
40.98 19137
40.99 19141
41.00 19146
41.01 19147
41.02 19147
41.03 19147
41.04 19149
41.06 19153
41.07 19160
41.08 19164
41.09 19173
41.10 19182
41.11 19189
41.12 19196
41.13 19198
41.14 19198
41.15 19198
41.16 19202
41.17 19203
41.18 19210
41.19 19218
41.20 19222
41.21 19225
41.22 19228
41.24 19233
41.25 19237
41.26 19240
41.27 19245
41.28 19249
41.29 19257
41.30 19264
41.31 19269
41.32 19274
41.33 19276
41.34 19278
41.35 19281
41.36 19283
41.37 19284
41.38 19290
41.39 19294
41.40 19297
41.42 19299
41.43 19305
41.44 19308
41.45 19315
41.46 19319
41.47 19320
41.48 19321
41.49 19321
41.50 19325
41.51 19326
41.52 19326
41.53 19327
41.54 19327
41.55 19328
41.56 19332
41.57 19338
41.58 19340
41.60 19343
41.61 19346
41.62 19349
41.63 19357
41.64 19359
41.65 19359
41.66 19367
41.67 19372
41.68 19373
41.69 19376
41.70 19377
41.71 19379
41.72 19379
41.73 19383
41.74 19386
41.75 19389
41.76 19397
41.78 19401
41.79 19402
41.80 19403
41.81 19403
41.82 19406
41.83 19408
41.84 19410
41.85 19414
41.86 19415
41.87 19415
41.88 19416
41.89 19417
41.90 19420
41.91 19420
41.92 19424
41.93 19425
41.94 19425
41.95 19426
41.97 19429
41.98 19431
41.99 19438
42.00 19446
42.01 19446
42.02 19446
42.03 19447
42.04 19448
42.05 19448
42.06 19454
42.07 19462
42.08 19464
42.09 19464
42.10 19464
42.11 19464
42.12 19469
42.13 19470
42.15 19470
42.16 19472
42.17 19474
42.18 19476
42.19 19477
42.20 19484
42.21 19492
42.22 19497
42.23 19501
42.24 19506
42.25 19509
42.26 19513
42.27 19520
42.28 19524
42.29 19531
42.30 19537
42.31 19544
42.33 19548
42.34 19556
42.35 19562
42.36 19568
42.37 19573
42.38 19581
42.39 19588
42.40 19593
42.41 19596
42.42 19603
42.43 19607
42.44 19616
42.45 19622
42.46 19625
42.47 19633
42.48 19639
42.49 19643
42.51 19649
42.52 19653
42.53 19657
42.54 19664
42.55 19668
42.56 19673
42.57 19675
42.58 19683
42.59 19690
42.60 19694
42.61 19699
42.62 19704
42.63 19708
42.64 19709
42.65 19712
42.66 19719
42.67 19724
42.69 19725
42.70 19730
42.71 19733
42.72 19740
42.73 19744
42.74 19751
42.75 19755
42.76 19757
42.77 19769
42.78 19776
42.79 19781
42.80 19787
42.81 19789
42.82 19793
42.83 19800
42.84 19805
42.85 19809
42.86 19817
42.88 19819
42.89 19824
42.90 19828
42.91 19834
42.92 19838
42.93 19847
42.94 19849
42.95 19855
42.96 19858
42.97 19860
42.98 19863
42.99 19867
43.00 19870
43.01 19877
43.02 19879
43.03 19883
43.04 19887
43.06 19890
43.07 19897
43.08 19901
43.09 19903
43.10 19911
43.11 19915
43.12 19921
43.13 19923
43.14 19927
43.15 19932
43.16 19936
43.17 19939
43.18 19947
43.19 19951
43.20 19957
43.21 19963
43.22 19971
43.24 19973
43.25 19975
43.26 19981
43.27 19986
43.28 19987
43.29 19990
43.30 19994
43.31 20002
43.32 20005
43.33 20009
43.34 20015
43.35 20019
43.36 20022
43.37 20027
43.38 20032
43.39 20039
43.40 20041
43.42 20046
43.43 20052
43.44 20056
43.45 20061
43.46 20064
43.47 20073
43.48 20079
43.49 20081
43.50 20083
43.51 20088
43.52 20089
43.53 20095
43.54 20101
43.55 20105
43.56 20112
43.57 20115
43.58 20120
43.60 20123
43.61 20126
43.62 20129
43.63 20134
43.64 20140
43.65 20145
43.66 20149
43.67 20151
43.68 20154
43.69 20154
43.70 20156
43.71 20156
43.72 20157
43.73 20158
43.74 20158
43.75 20159
43.76 20159
43.77 20162
43.79 20164
43.80 20167
43.81 20169
43.82 20170
43.83 20173
43.84 20180
43.85 20181
43.86 20188
43.87 20197
43.88 20198
43.89 20199
43.90 20204
43.91 20210
43.92 20213
43.93 20214
43.94 20215
43.95 20217
43.97 20223
43.98 20225
43.99 20228
44.00 20231
44.01 20233
44.02 20237
44.03 20238
44.04 20239
44.05 20239
44.06 20241
44.07 20242
44.08 20243
44.09 20243
44.10 20245
44.11 20246
44.12 20247
44.13 20247
44.15 20248
44.16 20248
44.17 20248
44.18 20248
44.19 20248
44.20 20249
44.21 20249
44.22 20249
44.23 20250
44.24 20250
44.25 20250
44.26 20251
44.27 20252
44.28 20252
44.29 20253
44.30 20253
44.31 20254
44.33 20254
44.34 20254
44.35 20254
44.36 20254
44.37 20254
44.38 20254
44.39 20256
44.40 20256
44.41 20256
44.42 20256
44.43 20256
44.44 20256
44.45 20257
44.46 20258
44.47 20258
44.48 20258
44.49 20258
44.50 20260
44.52 20261
44.53 20261
44.54 20261
44.55 20261
44.56 20261
44.57 20261
44.58 20262
44.59 20262
44.60 20262
44.61 20262
44.62 20262
44.63 20262
44.64 20265
44.65 20270
44.66 20271
44.67 20271
44.68 20271
44.70 20272
44.71 20275
44.72 20275
44.73 20278
44.74 20281
44.75 20283
44.76 20283
44.77 20283
44.78 20287
44.79 20289
44.80 20289
44.81 20290
44.82 20293
44.83 20293
44.84 20294
44.85 20294
44.86 20295
44.88 20295
44.89 20295
44.90 20296
44.91 20296
44.92 20296
44.93 20296
44.94 20296
44.95 20297
44.96 20298
44.97 20298
44.98 20298
44.99 20299
45.00 20300
45.01 20300
45.02 20301
45.03 20301
45.04 20302
45.06 20302
45.07 20302
45.08 20302
45.09 20302
45.10 20302
45.11 20302
45.12 20303
45.13 20303
45.14 20303
45.15 20304
45.16 20304
45.17 20304
45.18 20305
45.19 20306
45.20 20306
45.21 20306
45.22 20306
45.24 20308
45.25 20308
45.26 20308
45.27 20308
45.28 20308
45.29 20308
45.30 20308
45.31 20309
45.32 20309
45.33 20309
45.34 20309
45.35 20309
45.36 20309
45.37 20313
45.38 20315
45.39 20315
45.40 20315
45.41 20316
45.43 20316
45.44 20316
45.45 20316
45.46 20316
45.47 20316
45.48 20316
45.49 20316
45.50 20316
45.51 20319
45.52 20319
45.53 20319
45.54 20321
45.55 20322
45.56 20322
45.57 20326
45.58 20326
45.59 20329
45.61 20330
45.62 20330
45.63 20338
45.64 20339
45.65 20339
45.66 20343
45.67 20346
45.68 20352
45.69 20357
45.70 20363
45.71 20371
45.72 20378
45.73 20385
45.74 20391
45.75 20397
45.76 20400
45.77 20405
45.79 20414
45.80 20421
45.81 20426
45.82 20430
45.83 20434
45.84 20441
45.85 20449
45.86 20455
45.87 20462
45.88 20467
45.89 20471
45.90 20475
45.91 20481
45.92 20485
45.93 20491
45.94 20499
45.95 20508
45.97 20512
45.98 20518
45.99 20522
46.00 20528
46.01 20533
46.02 20539
46.03 20549
46.04 20553
46.05 20560
46.06 20565
46.07 20570
46.08 20576
46.09 20583
46.10 20587
46.11 20590
46.12 20598
46.13 20605
46.15 20612
46.16 20619
46.17 20625
46.18 20629
46.19 20636
46.20 20645
46.21 20648
46.22 20652
46.23 20657
46.24 20662
46.25 20666
46.26 20674
46.27 20678
46.28 20681
46.29 20687
46.30 20691
46.31 20698
46.32 20706
46.34 20714
46.35 20721
46.36 20727
46.37 20731
46.38 20736
46.39 20743
46.40 20750
46.41 20756
46.42 20762
46.43 20768
46.44 20773
46.45 20780
46.46 20788
46.47 20795
46.48 20802
46.49 20809
46.50 20815
46.52 20821
46.53 20826
46.54 20829
46.55 20834
46.56 20840
46.57 20847
46.58 20853
46.59 20859
46.60 20864
46.61 20870
46.62 20878
46.63 20885
46.64 20893
46.65 20898
46.66 20906
46.67 20911
46.68 20915
46.70 20916
46.71 20923
46.72 20927
46.73 20931
46.74 20936
46.75 20942
46.76 20949
46.77 20956
46.78 20960
46.79 20964
46.80 20967
46.81 20971
46.82 20977
46.83 20983
46.84 20993
46.85 20999
46.86 21007
46.88 21011
46.89 21018
46.90 21022
46.91 21028
46.92 21035
46.93 21042
46.94 21046
46.95 21052
46.96 21058
46.97 21064
46.98 21073
46.99 21077
47.00 21083
47.01 21090
47.02 21097
47.03 21103
47.04 21107
47.06 21112
47.07 21116
47.08 21122
47.09 21127
47.10 21133
47.11 21139
47.12 21143
47.13 21152
47.14 21158
47.15 21165
47.16 21168
47.17 21170
47.18 21178
47.19 21181
47.20 21190
47.21 21196
47.22 21200
47.23 21205
47.25 21210
47.26 21214
47.27 21218
47.28 21223
47.29 21228
47.30 21232
47.31 21237
47.32 21242
47.33 21248
47.34 21251
47.35 21257
47.36 21264
47.37 21269
47.38 21275
47.39 21280
47.40 21286
47.41 21295
47.43 21302
47.44 21304
47.45 21309
47.46 21316
47.47 21320
47.48 21329
47.49 21337
47.50 21344
47.51 21348
47.52 21356
47.53 21362
47.54 21368
47.55 21374
47.56 21380
47.57 21387
47.58 21393
47.59 21397
47.61 21406
47.62 21412
47.63 21420
47.64 21426
47.65 21431
47.66 21438
47.67 21445
47.68 21453
47.69 21466
47.70 21478
47.71 21487
47.72 21497
47.73 21505
47.74 21508
47.75 21511
47.76 21514
47.77 21520
47.79 21527
47.80 21534
47.81 21539
47.82 21545
47.83 21548
47.84 21553
47.85 21559
47.86 21568
47.87 21574
47.88 21578
47.89 21584
47.90 21590
47.91 21594
47.92 21596
47.93 21599
47.94 21603
47.95 21608
47.97 21613
47.98 21619
47.99 21626
48.00 21632
48.01 21638
48.02 21644
48.03 21650
48.04 21656
48.05 21662
48.06 21670
48.07 21672
48.08 21678
48.09 21686
48.10 21690
48.11 21694
48.12 21698
48.13 21704
48.14 21709
48.16 21716
48.17 21719
48.18 21725
48.19 21729
48.20 21735
48.21 21740
48.22 21744
48.23 21752
48.24 21757
48.25 21765
48.26 21769
48.27 21776
48.28 21782
48.29 21792
48.30 21799
48.31 21806
48.32 21814
48.34 21817
48.35 21821
48.36 21826
48.37 21836
48.38 21842
48.39 21849
48.40 21854
48.41 21859
48.42 21865
48.43 21875
48.44 21880
48.45 21886
48.46 21892
48.47 21903
48.48 21910
48.49 21914
48.50 21919
48.52 21925
48.53 21929
48.54 21935
48.55 21940
48.56 21947
48.57 21957
48.58 21965
48.59 21974
48.60 21978
48.61 21983
48.62 21984
48.63 21988
48.64 21994
48.65 22000
48.66 22001
48.67 22002
48.68 22004
48.70 22005
48.71 22008
48.72 22011
48.73 22013
48.74 22017
48.75 22021
48.76 22023
48.77 22026
48.78 22028
48.79 22028
48.80 22029
48.81 22029
48.82 22034
48.83 22035
48.84 22036
48.85 22040
48.86 22044
48.88 22049
48.89 22050
48.90 22051
48.91 22054
48.92 22055
48.93 22062
48.94 22068
48.95 22070
48.96 22072
48.97 22074
48.98 22075
48.99 22075
49.00 22077
49.01 22078
49.02 22079
49.03 22079
49.04 22079
49.05 22080
49.07 22082
49.08 22082
49.09 22083
49.10 22083
49.11 22083
49.12 22090
49.13 22091
49.14 22091
49.15 22092
49.16 22092
49.17 22093
49.18 22094
49.19 22094
49.20 22094
49.21 22094
49.22 22094
49.23 22094
49.25 22096
49.26 22097
49.27 22097
49.28 22097
49.29 22097
49.30 22097
49.31 22097
49.32 22104
49.33 22105
49.34 22105
49.35 22108
49.36 22108
49.37 22111
49.38 22112
49.39 22112
49.40 22115
49.41 22118
49.43 22119
49.44 22124
49.45 22125
49.46 22125
49.47 22130
49.48 22132
49.49 22132
49.50 22132
49.51 22135
49.52 22136
49.53 22136
49.54 22139
49.55 22140
49.56 22144
49.57 22144
49.58 22145
49.59 22148
49.61 22151
49.62 22151
49.63 22151
49.64 22158
49.65 22167
49.66 22169
49.67 22174
49.68 22177
49.69 22183
49.70 22183
49.71 22186
49.72 22191
49.73 22195
49.74 22196
49.75 22205
49.76 22213
49.77 22216
49.79 22220
49.80 22221
49.81 22228
49.82 22230
49.83 22234
49.84 22234
49.85 22234
49.86 22237
49.87 22241
49.88 22243
49.89 22245
49.90 22249
49.91 22253
49.92 22256
49.93 22258
49.94 22262
49.95 22269
49.96 22274
49.98 22278
49.99 22283
50.00 22287
50.01 22292
50.02 22298
50.03 22300
50.04 22304
50.05 22309
50.06 22314
50.07 22319
50.08 22326
50.09 22333
50.10 22337
50.11 22342
50.12 22348
50.13 22352
50.14 22359
50.16 22360
50.17 22368
50.18 22379
50.19 22384
50.20 22388
50.21 22393
50.22 22396
50.23 22402
50.24 22406
50.25 22411
50.26 22414
50.27 22420
50.28 22426
50.29 22432
50.30 22441
50.31 22446
50.32 22451
50.34 22455
50.35 22463
50.36 22469
50.37 22475
50.38 22479
50.39 22484
50.40 22486
50.41 22494
50.42 22497
50.43 22499
50.44 22506
50.45 22514
50.46 22520
50.47 22523
50.48 22531
50.49 22536
50.50 22540
50.52 22545
50.53 22550
50.54 22555
50.55 22565
50.56 22573
50.57 22582
50.58 22588
50.59 22594
50.60 22597
50.61 22603
50.62 22609
50.63 22616
50.64 22623
50.65 22629
50.66 22637
50.67 22643
50.68 22649
50.70 22654
50.71 22660
50.72 22665
50.73 22673
50.74 22681
50.75 22686
50.76 22691
50.77 22697
50.78 22703
50.79 22711
50.80 22718
50.81 22726
50.82 22732
50.83 22736
50.84 22741
50.85 22748
50.86 22751
50.87 22754
50.89 22760
50.90 22764
50.91 22771
50.92 22777
50.93 22781
50.94 22785
50.95 22788
50.96 22791
50.97 22798
50.98 22806
50.99 22811
51.00 22814
51.01 22821
51.02 22825
51.03 22833
51.04 22839
51.05 22845
51.07 22851
51.08 22854
51.09 22857
51.10 22862
51.11 22863
51.12 22869
51.13 22872
51.14 22877
51.15 22885
51.16 22891
51.17 22899
51.18 22906
51.19 22911
51.20 22918
51.21 22923
51.22 22926
51.23 22929
51.25 22934
51.26 22936
51.27 22940
51.28 22941
51.29 22946
51.30 22949
51.31 22959
51.32 22961
51.33 22966
51.34 22966
51.35 22970
51.36 22975
51.37 22975
51.38 22977
51.39 22980
51.40 22988
51.41 22992
51.43 22996
51.44 23000
51.45 23005
51.46 23009
51.47 23010
51.48 23014
51.49 23020
51.50 23024
51.51 23030
51.52 23034
51.53 23038
51.54 23043
51.55 23049
51.56 23050
51.57 23057
51.58 23061
51.59 23066
51.61 23070
51.62 23074
51.63 23078
51.64 23083
51.65 23086
51.66 23091
51.67 23094
51.68 23097
51.69 23101
51.70 23105
51.71 23107
51.72 23112
51.73 23118
51.74 23120
51.75 23127
51.76 23132
51.77 23138
51.78 23141
51.80 23144
51.81 23149
51.82 23155
51.83 23160
51.84 23162
51.85 23166
51.86 23171
51.87 23172
51.88 23177
51.89 23183
51.90 23191
51.91 23196
51.92 23201
51.93 23205
51.94 23213
51.95 23218
51.96 23224
51.98 23228
51.99 23235
52.00 23243
52.01 23251
52.02 23257
52.03 23261
52.04 23261
52.05 23265
52.06 23268
52.07 23272
52.08 23277
52.09 23282
52.10 23286
52.11 23293
52.12 23298
52.13 23304
52.14 23308
52.16 23310
52.17 23312
52.18 23317
52.19 23320
52.20 23326
52.21 23332
52.22 23333
52.23 23339
52.24 23342
52.25 23346
52.26 23349
52.27 23353
52.28 23354
52.29 23356
52.30 23359
52.31 23363
52.32 23365
52.34 23369
52.35 23372
52.36 23372
52.37 23373
52.38 23382
52.39 23384
52.40 23392
52.41 23400
52.42 23405
52.43 23413
52.44 23416
52.45 23421
52.46 23424
52.47 23429
52.48 23430
52.49 23431
52.50 23435
52.52 23440
52.53 23442
52.54 23445
52.55 23449
52.56 23452
52.57 23454
52.58 23458
52.59 23460
52.60 23464
52.61 23467
52.62 23468
52.63 23472
52.64 23477
52.65 23481
52.66 23488
52.67 23489
52.68 23494
52.69 23501
52.71 23505
52.72 23510
52.73 23517
52.74 23519
52.75 23519
52.76 23520
52.77 23525
52.78 23528
52.79 23531
52.80 23536
52.81 23539
52.82 23547
52.83 23552
52.84 23556
52.85 23561
52.86 23569
52.87 23575
52.89 23583
52.90 23589
52.91 23597
52.92 23605
52.93 23612
52.94 23618
52.95 23625
52.96 23633
52.97 23636
52.98 23641
52.99 23646
53.00 23651
53.01 23659
53.02 23662
53.03 23667
53.04 23672
53.05 23678
53.07 23680
53.08 23686
53.09 23692
53.10 23699
53.11 23706
53.12 23712
53.13 23719
53.14 23726
53.15 23729
53.16 23734
53.17 23736
53.18 23745
53.19 23750
53.20 23755
53.21 23763
53.22 23768
53.23 23770
53.25 23774
53.26 23782
53.27 23788
53.28 23791
53.29 23799
53.30 23801
53.31 23803
53.32 23808
53.33 23812
53.34 23815
53.35 23818
53.36 23819
53.37 23824
53.38 23827
53.39 23828
53.40 23828
53.41 23828
53.43 23828
53.44 23831
53.45 23839
53.46 23841
53.47 23843
53.48 23844
53.49 23848
53.50 23848
53.51 23855
53.52 23859
53.53 23861
53.54 23865
53.55 23869
53.56 23873
53.57 23875
53.58 23881
53.59 23885
53.60 23890
53.62 23895
53.63 23898
53.64 23899
53.65 23904
53.66 23907
53.67 23914
53.68 23919
53.69 23924
53.70 23932
53.71 23932
53.72 23936
53.73 23940
53.74 23946
53.75 23948
53.76 23953
53.77 23959
53.78 23967
53.80 23973
53.81 23976
53.82 23980
53.83 23984
53.84 23989
53.85 23996
53.86 24001
53.87 24005
53.88 24009
53.89 24010
53.90 24011
53.91 24014
53.92 24022
53.93 24025
53.94 24028
53.95 24030
53.96 24034
53.98 24037
53.99 24037
54.00 24038
54.01 24038
54.02 24038
54.03 24043
54.04 24044
54.05 24047
54.06 24048
54.07 24052
54.08 24055
54.09 24059
54.10 24063
54.11 24064
54.12 24066
54.13 24070
54.14 24072
54.16 24072
54.17 24074
54.18 24077
54.19 24078
54.20 24078
54.21 24080
54.22 24082
54.23 24082
54.24 24083
54.25 24086
54.26 24086
54.27 24088
54.28 24088
54.29 24090
54.30 24092
54.31 24097
54.32 24098
54.34 24099
54.35 24099
54.36 24100
54.37 24104
54.38 24110
54.39 24111
54.40 24111
54.41 24113
54.42 24115
54.43 24117
54.44 24118
54.45 24119
54.46 24120
54.47 24120
54.48 24120
54.49 24120
54.50 24120
54.51 24120
54.53 24120
54.54 24120
54.55 24120
54.56 24122
54.57 24122
54.58 24123
54.59 24127
54.60 24128
54.61 24128
54.62 24128
54.63 24129
54.64 24129
54.65 24129
54.66 24129
54.67 24129
54.68 24129
54.69 24129
54.71 24129
54.72 24129
54.73 24131
54.74 24131
54.75 24131
54.76 24134
54.77 24135
54.78 24135
54.79 24135
54.80 24135
54.81 24136
54.82 24136
54.83 24136
54.84 24136
54.85 24136
54.86 24136
54.87 24136
54.89 24136
54.90 24138
54.91 24138
54.92 24138
54.93 24142
54.94 24142
54.95 24142
54.96 24143
54.97 24143
54.98 24144
54.99 24144
55.00 24144
55.01 24144
55.02 24144
55.03 24144
55.04 24144
55.05 24145
55.07 24147
55.08 24147
55.09 24147
55.10 24147
55.11 24147
55.12 24150
55.13 24150
55.14 24150
55.15 24150
55.16 24151
55.17 24151
55.18 24151
55.19 24151
55.20 24151
55.21 24151
55.22 24151
55.23 24151
55.25 24151
55.26 24154
55.27 24154
55.28 24154
55.29 24157
55.30 24159
55.31 24159
55.32 24160
55.33 24160
55.34 24162
55.35 24164
55.36 24164
55.37 24166
55.38 24168
55.39 24168
55.40 24168
55.41 24173
55.42 24174
55.44 24174
55.45 24175
55.46 24175
55.47 24175
55.48 24179
55.49 24181
55.50 24181
55.51 24181
55.52 24182
55.53 24185
55.54 24185
55.55 24186
55.56 24186
55.57 24186
55.58 24186
55.59 24191
55.60 24191
55.62 24193
55.63 24193
55.64 24193
55.65 24196
55.66 24197
55.67 24197
55.68 24197
55.69 24197
55.70 24198
55.71 24198
55.72 24198
55.73 24198
55.74 24198
55.75 24198
55.76 24198
55.77 24198
55.78 24201
55.80 24201
55.81 24201
55.82 24203
55.83 24204
55.84 24204
55.85 24205
55.86 24205
55.87 24206
55.88 24206
55.89 24206
55.90 24206
55.91 24206
55.92 24206
55.93 24206
55.94 24206
55.95 24207
55.96 24207
55.98 24207
55.99 24212
56.00 24212
56.01 24212
56.02 24213
56.03 24213
56.04 24217
56.05 24217
56.06 24217
56.07 24218
56.08 24218
56.09 24218
56.10 24224
56.11 24232
56.12 24236
56.13 24242
56.14 24250
56.16 24257
56.17 24258
56.18 24258
56.19 24259
56.20 24260
56.21 24260
56.22 24264
56.23 24265
56.24 24265
56.25 24266
56.26 24266
56.27 24266
56.28 24266
56.29 24266
56.30 24266
56.31 24266
56.32 24266
56.33 24266
56.35 24266
56.36 24268
56.37 24268
56.38 24268
56.39 24272
56.40 24272
56.41 24272
56.42 24275
56.43 24275
56.44 24277
56.45 24277
56.46 24278
56.47 24279
56.48 24279
56.49 24279
56.50 24281
56.51 24282
56.53 24282
56.54 24283
56.55 24284
56.56 24284
56.57 24284
56.58 24286
56.59 24287
56.60 24287
56.61 24287
56.62 24287
56.63 24291
56.64 24291
56.65 24293
56.66 24295
56.67 24298
56.68 24298
56.69 24298
56.71 24300
56.72 24302
56.73 24302
56.74 24302
56.75 24302
56.76 24302
56.77 24302
56.78 24305
56.79 24305
56.80 24305
56.81 24306
56.82 24306
56.83 24309
56.84 24309
56.85 24309
56.86 24310
56.87 24310
56.89 24310
56.90 24310
56.91 24312
56.92 24312
56.93 24314
56.94 24314
56.95 24314
56.96 24314
56.97 24323
56.98 24323
56.99 24323
57.00 24324
57.01 24324
57.02 24327
57.03 24327
57.04 24327
57.05 24328
57.07 24328
57.08 24328
57.09 24328
57.10 24329
57.11 24329
57.12 24329
57.13 24330
57.14 24330
57.15 24330
57.16 24330
57.17 24332
57.18 24332
57.19 24332
57.20 24332
57.21 24332
57.22 24335
57.23 24335
57.24 24335
57.26 24336
57.27 24336
57.28 24336
57.29 24336
57.30 24337
57.31 24337
57.32 24337
57.33 24339
57.34 24339
57.35 24339
57.36 24341
57.37 24341
57.38 24341
57.39 24342
57.40 24342
57.41 24345
57.42 24346
57.44 24346
57.45 24346
57.46 24346
57.47 24346
57.48 24346
57.49 24347
57.50 24347
57.51 24347
57.52 24347
57.53 24347
57.54 24347
57.55 24347
57.56 24353
57.57 24354
57.58 24354
57.59 24358
57.60 24358
57.62 24361
57.63 24362
57.64 24362
57.65 24365
57.66 24368
57.67 24368
57.68 24369
57.69 24372
57.70 24375
57.71 24375
57.72 24377
57.73 24377
57.74 24377
57.75 24381
57.76 24382
57.77 24382
57.78 24382
57.80 24384
57.81 24384
57.82 24384
57.83 24384
57.84 24384
57.85 24384
57.86 24384
57.87 24385
57.88 24385
57.89 24386
57.90 24387
57.91 24387
57.92 24387
57.93 24391
57.94 24392
57.95 24392
57.96 24392
57.98 24392
57.99 24392
58.00 24392
58.01 24392
58.02 24392
58.03 24392
58.04 24392
58.05 24392
58.06 24392
58.07 24395
58.08 24395
58.09 24395
58.10 24400
58.11 24401
58.12 24401
58.13 24401
58.14 24401
58.15 24401
58.17 24401
58.18 24401
58.19 24401
58.20 24401
58.21 24401
58.22 24401
58.23 24401
58.24 24403
58.25 24403
58.26 24403
58.27 24407
58.28 24409
58.29 24409
58.30 24409
58.31 24411
58.32 24411
58.33 24411
58.35 24411
58.36 24411
58.37 24411
58.38 24411
58.39 24411
58.40 24411
58.41 24411
58.42 24414
58.43 24414
58.44 24414
58.45 24417
58.46 24417
58.47 24417
58.48 24421
58.49 24421
58.50 24425
58.51 24425
58.53 24425
58.54 24433
58.55 24434
58.56 24436
58.57 24436
58.58 24440
58.59 24449
58.60 24452
58.61 24452
58.62 24455
58.63 24457
58.64 24457
58.65 24459
58.66 24461
58.67 24462
58.68 24462
58.69 24462
58.71 24463
58.72 24463
58.73 24463
58.74 24463
58.75 24463
58.76 24463
58.77 24463
58.78 24463
58.79 24463
58.80 24463
58.81 24463
58.82 24465
58.83 24469
58.84 24470
58.85 24470
58.86 24471
58.87 24472
58.88 24475
58.90 24475
58.91 24476
58.92 24478
58.93 24481
58.94 24481
58.95 24482
58.96 24482
58.97 24484
58.98 24485
58.99 24485
59.00 24485
59.01 24489
59.02 24490
59.03 24490
59.04 24490
59.05 24490
59.06 24490
59.08 24490
59.09 24490
59.10 24491
59.11 24491
59.12 24491
59.13 24491
59.14 24491
59.15 24493
59.16 24493
59.17 24493
59.18 24497
59.19 24498
59.20 24498
59.21 24498
59.22 24498
59.23 24501
59.24 24502
59.26 24503
59.27 24504
59.28 24504
59.29 24504
59.30 24504
59.31 24505
59.32 24505
59.33 24505
59.34 24505
59.35 24505
59.36 24507
59.37 24509
59.38 24510
59.39 24510
59.40 24513
59.41 24513
59.42 24513
59.44 24513
59.45 24513
59.46 24513
59.47 24513
59.48 24513
59.49 24513
59.50 24513
59.51 24515
59.52 24515
59.53 24515
59.54 24519
59.55 24519
59.56 24519
59.57 24520
59.58 24520
59.59 24520
59.60 24520
59.62 24520
59.63 24520
59.64 24520
59.65 24520
59.66 24520
59.67 24520
59.68 24522
59.69 24522
59.70 24522
59.71 24526
59.72 24527
59.73 24527
59.74 24527
59.75 24528
59.76 24528
59.77 24528
59.78 24528
59.79 24528
59.81 24528
59.82 24528
59.83 24528
59.84 24528
59.85 24529
59.86 24530
59.87 24530
59.88 24530
59.89 24534
59.90 24534
59.91 24534
59.92 24535
59.93 24535
59.94 24535
59.95 24535
59.96 24535
59.97 24535
59.99 24535
60.00 24535
60.01 24535
60.02 24535
60.03 24537
60.04 24537
60.05 24537
60.06 24541
60.07 24541
60.08 24541
60.09 24543
60.10 24543
60.11 24546
60.12 24546
60.13 24546
60.14 24550
60.15 24552
60.17 24552
60.18 24556
60.19 24558
60.20 24558
60.21 24559
60.22 24559
60.23 24559
60.24 24565
60.25 24568
60.26 24569
60.27 24570
60.28 24573
60.29 24574
60.30 24576
60.31 24576
60.32 24581
60.33 24581
60.35 24585
60.36 24585
60.37 24586
60.38 24586
60.39 24587
60.40 24588
60.41 24588
60.42 24588
60.43 24599
60.44 24604
60.45 24605
60.46 24605
60.47 24608
60.48 24609
60.49 24612
60.50 24612
60.51 24612
60.53 24615
60.54 24617
60.55 24617
60.56 24617
60.57 24620
60.58 24620
60.59 24622
60.60 24622
60.61 24622
60.62 24625
60.63 24626
60.64 24626
60.65 24627
60.66 24627
60.67 24629
60.68 24631
60.69 24631
60.70 24636
60.72 24637
60.73 24638
60.74 24639
60.75 24639
60.76 24641
60.77 24641
60.78 24641
60.79 24641
60.80 24641
60.81 24645
60.82 24645
60.83 24645
60.84 24646
60.85 24646
60.86 24648
60.87 24649
60.88 24649
60.90 24649
60.91 24650
60.92 24650
60.93 24650
60.94 24651
60.95 24653
60.96 24653
60.97 24654
60.98 24654
60.99 24654
61.00 24658
61.01 24658
61.02 24659
61.03 24659
61.04 24660
61.05 24660
61.06 24660
61.08 24660
61.09 24660
61.10 24660
61.11 24660
61.12 24660
61.13 24660
61.14 24661
61.15 24662
61.16 24662
61.17 24662
61.18 24666
61.19 24666
61.20 24667
61.21 24670
61.22 24671
61.23 24673
61.24 24673
61.26 24677
61.27 24679
61.28 24681
61.29 24681
61.30 24683
61.31 24683
61.32 24685
61.33 24685
61.34 24685
61.35 24685
61.36 24691
61.37 24691
61.38 24691
61.39 24693
61.40 24693
61.41 24696
61.42 24696
61.44 24698
61.45 24700
61.46 24702
61.47 24702
61.48 24703
61.49 24703
61.50 24703
61.51 24707
61.52 24707
61.53 24707
61.54 24710
61.55 24711
61.56 24711
61.57 24715
61.58 24715
61.59 24717
61.60 24718
61.61 24718
61.63 24721
61.64 24723
61.65 24723
61.66 24724
61.67 24730
61.68 24738
61.69 24746
61.70 24747
61.71 24747
61.72 24751
61.73 24751
61.74 24751
61.75 24755
61.76 24756
61.77 24756
61.78 24757
61.79 24757
61.81 24757
61.82 24757
61.83 24757
61.84 24757
61.85 24757
61.86 24757
61.87 24757
61.88 24757
61.89 24758
61.90 24758
61.91 24758
61.92 24763
61.93 24763
61.94 24764
61.95 24764
61.96 24764
61.97 24764
61.99 24764
62.00 24764
62.01 24764
62.02 24764
62.03 24764
62.04 24764
62.05 24764
62.06 24765
62.07 24767
62.08 24767
62.09 24767
62.10 24771
62.11 24771
62.12 24771
62.13 24771
62.14 24772
62.15 24772
62.17 24772
62.18 24772
62.19 24772
62.20 24772
62.21 24772
62.22 24772
62.23 24772
62.24 24774
62.25 24774
62.26 24774
62.27 24776
62.28 24777
62.29 24777
62.30 24780
62.31 24780
62.32 24785
62.33 24785
62.35 24785
62.36 24788
62.37 24790
62.38 24790
62.39 24791
62.40 24793
62.41 24793
62.42 24793
62.43 24796
62.44 24796
62.45 24796
62.46 24796
62.47 24801
62.48 24802
62.49 24802
62.50 24802
62.51 24802
62.52 24802
62.54 24802
62.55 24802
62.56 24802
62.57 24802
62.58 24803
62.59 24803
62.60 24803
62.61 24804
62.62 24804
62.63 24804
62.64 24806
62.65 24807
62.66 24808
62.67 24808
62.68 24808
62.69 24808
62.70 24808
62.72 24808
62.73 24808
62.74 24808
62.75 24808
62.76 24808
62.77 24808
62.78 24808
62.79 24810
62.80 24810
62.81 24810
62.82 24813
62.83 24813
62.84 24813
62.85 24815
62.86 24816
62.87 24816
62.88 24816
62.90 24818
62.91 24821
62.92 24822
62.93 24822
62.94 24824
62.95 24824
62.96 24825
62.97 24828
62.98 24828
62.99 24828
63.00 24829
63.01 24830
63.02 24830
63.03 24830
63.04 24831
63.05 24834
63.06 24834
63.08 24835
63.09 24835
63.10 24835
63.11 24835
63.12 24836
63.13 24837
63.14 24838
63.15 24838
63.16 24839
63.17 24840
63.18 24841
63.19 24841
63.20 24842
63.21 24842
63.22 24844
63.23 24844
63.24 24844
63.26 24844
63.27 24844
63.28 24844
63.29 24845
63.30 24846
63.31 24846
63.32 24846
63.33 24846
63.34 24846
63.35 24846
63.36 24846
63.37 24847
63.38 24847
63.39 24847
63.40 24847
63.41 24848
63.42 24850
63.43 24850
63.45 24850
63.46 24850
63.47 24850
63.48 24850
63.49 24850
63.50 24851
63.51 24851
63.52 24851
63.53 24851
63.54 24851
63.55 24851
63.56 24854
63.57 24855
63.58 24856
63.59 24856
63.60 24856
63.61 24858
63.63 24861
63.64 24861
63.65 24865
63.66 24869
63.67 24869
63.68 24877
63.69 24884
63.70 24891
63.71 24894
63.72 24895
63.73 24896
63.74 24897
63.75 24897
63.76 24897
63.77 24900
63.78 24901
63.79 24901
63.81 24901
63.82 24902
63.83 24905
63.84 24905
63.85 24906
63.86 24908
63.87 24909
63.88 24909
63.89 24909
63.90 24913
63.91 24913
63.92 24915
63.93 24915
63.94 24915
63.95 24919
63.96 24919
63.97 24919
63.99 24919
64.00 24919
64.01 24921
64.02 24921
64.03 24921
64.04 24923
64.05 24923
64.06 24923
64.07 24923
64.08 24923
64.09 24923
64.10 24923
64.11 24930
64.12 24931
64.13 24931
64.14 24932
64.15 24933
64.17 24933
64.18 24937
64.19 24937
64.20 24941
64.21 24941
64.22 24942
64.23 24945
64.24 24948
64.25 24948
64.26 24948
64.27 24953
64.28 24962
64.29 24973
64.30 24976
64.31 24976
64.32 24984
64.33 24990
64.34 24994
64.36 24997
64.37 25002
64.38 25005
64.39 25010
64.40 25017
64.41 25021
64.42 25024
64.43 25030
64.44 25035
64.45 25041
64.46 25048
64.47 25055
64.48 25060
64.49 25065
64.50 25067
64.51 25073
64.52 25080
64.54 25087
64.55 25089
64.56 25093
64.57 25096
64.58 25097
64.59 25098
64.60 25098
64.61 25101
64.62 25104
64.63 25107
64.64 25109
64.65 25111
64.66 25112
64.67 25114
64.68 25116
64.69 25116
64.70 25119
64.72 25120
64.73 25121
64.74 25125
64.75 25128
64.76 25133
64.77 25140
64.78 25145
64.79 25152
64.80 25155
64.81 25161
64.82 25165
64.83 25169
64.84 25173
64.85 25178
64.86 25183
64.87 25189
64.88 25194
64.90 25198
64.91 25204
64.92 25211
64.93 25219
64.94 25224
64.95 25227
64.96 25234
64.97 25237
64.98 25243
64.99 25247
65.00 25252
65.01 25257
65.02 25263
65.03 25271
65.04 25277
65.05 25284
65.06 25289
65.08 25294
65.09 25298
65.10 25303
65.11 25308
65.12 25312
65.13 25317
65.14 25321
65.15 25325
65.16 25329
65.17 25330
65.18 25336
65.19 25342
65.20 25348
65.21 25357
65.22 25363
65.23 25370
65.24 25378
65.25 25385
65.27 25389
65.28 25393
65.29 25399
65.30 25405
65.31 25413
65.32 25420
65.33 25426
65.34 25431
65.35 25436
65.36 25442
65.37 25446
65.38 25451
65.39 25456
65.40 25457
65.41 25458
65.42 25458
65.43 25458
65.45 25461
65.46 25462
65.47 25465
65.48 25467
65.49 25468
65.50 25469
65.51 25469
65.52 25475
65.53 25478
65.54 25479
65.55 25481
65.56 25482
65.57 25482
65.58 25484
65.59 25485
65.60 25485
65.61 25486
65.63 25488
65.64 25489
65.65 25489
65.66 25492
65.67 25493
65.68 25497
65.69 25504
65.70 25514
65.71 25522
65.72 25529
65.73 25534
65.74 25537
65.75 25541
65.76 25549
65.77 25556
65.78 25562
65.79 25569
65.81 25574
65.82 25579
65.83 25583
65.84 25588
65.85 25592
65.86 25594
65.87 25594
65.88 25598
65.89 25599
65.90 25603
65.91 25607
65.92 25611
65.93 25616
65.94 25624
65.95 25627
65.96 25629
65.97 25633
65.99 25636
66.00 25642
66.01 25648
66.02 25653
66.03 25662
66.04 25671
66.05 25677
66.06 25681
66.07 25682
66.08 25682
66.09 25682
66.10 25688
66.11 25693
66.12 25701
66.13 25707
66.14 25710
66.15 25717
66.16 25723
66.18 25730
66.19 25737
66.20 25742
66.21 25748
66.22 25754
66.23 25755
66.24 25760
66.25 25765
66.26 25769
66.27 25773
66.28 25775
66.29 25782
66.30 25788
66.31 25792
66.32 25798
66.33 25801
66.34 25802
66.36 25804
66.37 25805
66.38 25812
66.39 25817
66.40 25822
66.41 25828
66.42 25831
66.43 25836
66.44 25842
66.45 25847
66.46 25850
66.47 25853
66.48 25859
66.49 25866
66.50 25874
66.51 25880
66.52 25887
66.54 25893
66.55 25900
66.56 25907
66.57 25914
66.58 25917
66.59 25925
66.60 25930
66.61 25934
66.62 25937
66.63 25945
66.64 25949
66.65 25953
66.66 25958
66.67 25961
66.68 25964
66.69 25966
66.70 25971
66.72 25974
66.73 25983
66.74 25990
66.75 25995
66.76 26003
66.77 26010
66.78 26018
66.79 26023
66.80 26029
66.81 26036
66.82 26044
66.83 26051
66.84 26056
66.85 26064
66.86 26072
66.87 26077
66.88 26081
66.90 26087
66.91 26091
66.92 26096
66.93 26102
66.94 26104
66.95 26109
66.96 26115
66.97 26120
66.98 26128
66.99 26132
67.00 26135
67.01 26139
67.02 26144
67.03 26149
67.04 26154
67.05 26156
67.06 26161
67.07 26166
67.09 26171
67.10 26173
67.11 26182
67.12 26189
67.13 26190
67.14 26193
67.15 26198
67.16 26202
67.17 26205
67.18 26211
67.19 26218
67.20 26224
67.21 26230
67.22 26233
67.23 26242
67.24 26250
67.25 26255
67.27 26263
67.28 26267
67.29 26272
67.30 26274
67.31 26278
67.32 26283
67.33 26286
67.34 26289
67.35 26292
67.36 26298
67.37 26302
67.38 26304
67.39 26309
67.40 26315
67.41 26320
67.42 26322
67.43 26328
67.45 26335
67.46 26340
67.47 26343
67.48 26350
67.49 26355
67.50 26357
67.51 26360
67.52 26362
67.53 26366
67.54 26373
67.55 26380
67.56 26383
67.57 26392
67.58 26394
67.59 26397
67.60 26404
67.61 26406
67.63 26411
67.64 26419
67.65 26428
67.66 26433
67.67 26436
67.68 26441
67.69 26448
67.70 26453
67.71 26460
67.72 26465
67.73 26470
67.74 26474
67.75 26478
67.76 26481
67.77 26484
67.78 26487
67.79 26489
67.81 26493
67.82 26499
67.83 26505
67.84 26512
67.85 26517
67.86 26521
67.87 26524
67.88 26525
67.89 26532
67.90 26536
67.91 26542
67.92 26548
67.93 26553
67.94 26560
67.95 26564
67.96 26567
67.97 26569
67.98 26576
68.00 26582
68.01 26586
68.02 26591
68.03 26596
68.04 26603
68.05 26610
68.06 26616
68.07 26622
68.08 26628
68.09 26634
68.10 26637
68.11 26645
68.12 26651
68.13 26656
68.14 26663
68.15 26665
68.16 26668
68.18 26670
68.19 26675
68.20 26679
68.21 26683
68.22 26689
68.23 26694
68.24 26697
68.25 26701
68.26 26707
68.27 26713
68.28 26715
68.29 26720
68.30 26723
68.31 26724
68.32 26729
68.33 26735
68.34 26736
68.36 26737
68.37 26740
68.38 26743
68.39 26753
68.40 26760
68.41 26769
68.42 26775
68.43 26784
68.44 26786
68.45 26787
68.46 26793
68.47 26800
68.48 26803
68.49 26808
68.50 26812
68.51 26816
68.52 26819
68.54 26823
68.55 26826
68.56 26829
68.57 26834
68.58 26839
68.59 26843
68.60 26849
68.61 26854
68.62 26858
68.63 26862
68.64 26866
68.65 26873
68.66 26880
68.67 26886
68.68 26890
68.69 26895
68.70 26897
68.72 26900
68.73 26905
68.74 26912
68.75 26917
68.76 26920
68.77 26926
68.78 26935
68.79 26940
68.80 26944
68.81 26948
68.82 26955
68.83 26958
68.84 26960
68.85 26965
68.86 26971
68.87 26974
68.88 26977
68.89 26979
68.91 26980
68.92 26984
68.93 26987
68.94 26988
68.95 26996
68.96 27002
68.97 27005
68.98 27010
68.99 27015
69.00 27019
69.01 27026
69.02 27029
69.03 27032
69.04 27035
69.05 27036
69.06 27036
69.07 27036
69.09 27038
69.10 27038
69.11 27038
69.12 27039
69.13 27040
69.14 27041
69.15 27042
69.16 27045
69.17 27046
69.18 27046
69.19 27047
69.20 27047
69.21 27047
69.22 27050
69.23 27053
69.24 27056
69.25 27058
69.27 27059
69.28 27062
69.29 27065
69.30 27068
69.31 27069
69.32 27070
69.33 27072
69.34 27073
69.35 27075
69.36 27075
69.37 27075
69.38 27078
69.39 27078
69.40 27078
69.41 27079
69.42 27080
69.43 27080
69.45 27080
69.46 27081
69.47 27081
69.48 27081
69.49 27081
69.50 27081
69.51 27081
69.52 27083
69.53 27083
69.54 27083
69.55 27085
69.56 27086
69.57 27086
69.58 27087
69.59 27087
69.60 27089
69.61 27089
69.63 27089
69.64 27089
69.65 27089
69.66 27089
69.67 27089
69.68 27090
69.69 27090
69.70 27090
69.71 27092
69.72 27092
69.73 27092
69.74 27095
69.75 27096
69.76 27096
69.77 27097
69.78 27097
69.79 27097
69.80 27099
69.82 27099
69.83 27099
69.84 27099
69.85 27099
69.86 27099
69.87 27099
69.88 27099
69.89 27100
69.90 27100
69.91 27100
69.92 27100
69.93 27104
69.94 27108
69.95 27109
69.96 27109
69.97 27109
69.98 27110
70.00 27111
70.01 27111
70.02 27111
70.03 27111
70.04 27111
70.05 27111
70.06 27111
70.07 27115
70.08 27115
70.09 27115
70.10 27115
70.11 27115
70.12 27115
70.13 27121
70.14 27122
70.15 27122
70.16 27122
70.18 27122
70.19 27124
70.20 27125
70.21 27125
70.22 27126
70.23 27126
70.24 27126
70.25 27128
70.26 27128
70.27 27128
70.28 27131
70.29 27131
70.30 27131
70.31 27136
70.32 27137
70.33 27137
70.34 27137
70.36 27138
70.37 27138
70.38 27138
70.39 27138
70.40 27138
70.41 27138
70.42 27138
70.43 27139
70.44 27139
70.45 27141
70.46 27142
70.47 27142
70.48 27145
70.49 27146
70.50 27146
70.51 27146
70.52 27146
70.54 27148
70.55 27150
70.56 27150
70.57 27156
70.58 27156
70.59 27157
70.60 27157
70.61 27158
70.62 27160
70.63 27161
70.64 27161
70.65 27162
70.66 27163
70.67 27163
70.68 27167
70.69 27167
70.70 27170
70.71 27170
70.73 27170
70.74 27177
70.75 27178
70.76 27180
70.77 27180
70.78 27187
70.79 27187
70.80 27190
70.81 27195
70.82 27196
70.83 27207
70.84 27217
70.85 27220
70.86 27227
70.87 27230
70.88 27232
70.89 27235
70.91 27237
70.92 27241
70.93 27245
70.94 27246
70.95 27248
70.96 27253
70.97 27255
70.98 27261
70.99 27265
71.00 27268
71.01 27274
71.02 27283
71.03 27290
71.04 27293
71.05 27297
71.06 27300
71.07 27305
71.09 27307
71.10 27309
71.11 27311
71.12 27316
71.13 27321
71.14 27324
71.15 27326
71.16 27328
71.17 27334
71.18 27337
71.19 27339
71.20 27344
71.21 27351
71.22 27355
71.23 27360
71.24 27365
71.25 27369
71.27 27371
71.28 27378
71.29 27385
71.30 27387
71.31 27389
71.32 27394
71.33 27396
71.34 27399
71.35 27406
71.36 27410
71.37 27413
71.38 27418
71.39 27420
71.40 27423
71.41 27428
71.42 27432
71.43 27432
71.45 27434
71.46 27438
71.47 27443
71.48 27445
71.49 27448
71.50 27452
71.51 27457
71.52 27459
71.53 27459
71.54 27464
71.55 27466
71.56 27469
71.57 27473
71.58 27478
71.59 27482
71.60 27491
71.61 27496
71.62 27499
71.64 27506
71.65 27509
71.66 27513
71.67 27517
71.68 27520
71.69 27527
71.70 27530
71.71 27534
71.72 27538
71.73 27545
71.74 27551
71.75 27554
71.76 27558
71.77 27560
71.78 27565
71.79 27569
71.80 27574
71.82 27578
71.83 27587
71.84 27595
71.85 27600
71.86 27609
71.87 27613
71.88 27614
71.89 27618
71.90 27619
71.91 27626
71.92 27630
71.93 27636
71.94 27639
71.95 27645
71.96 27652
71.97 27661
71.98 27664
72.00 27667
72.01 27672
72.02 27677
72.03 27678
72.04 27678
72.05 27681
72.06 27684
72.07 27684
72.08 27688
72.09 27690
72.10 27694
72.11 27695
72.12 27696
72.13 27698
72.14 27705
72.15 27705
72.16 27708
72.18 27711
72.19 27720
72.20 27721
72.21 27721
72.22 27723
72.23 27726
72.24 27733
72.25 27738
72.26 27740
72.27 27742
72.28 27745
72.29 27746
72.30 27750
72.31 27752
72.32 27755
72.33 27757
72.34 27760
72.36 27763
72.37 27770
72.38 27774
72.39 27776
72.40 27782
72.41 27786
72.42 27790
72.43 27792
72.44 27797
72.45 27800
72.46 27807
72.47 27813
72.48 27820
72.49 27826
72.50 27833
72.51 27839
72.52 27845
72.53 27853
72.55 27858
72.56 27863
72.57 27868
72.58 27871
72.59 27875
72.60 27878
72.61 27883
72.62 27888
72.63 27893
72.64 27897
72.65 27899
72.66 27903
72.67 27904
72.68 27906
72.69 27911
72.70 27913
72.71 27914
72.73 27918
72.74 27926
72.75 27933
72.76 27940
72.77 27947
72.78 27950
72.79 27955
72.80 27956
72.81 27960
72.82 27965
72.83 27967
72.84 27969
72.85 27974
72.86 27976
72.87 27982
72.88 27987
72.89 27991
72.91 27996
72.92 27998
72.93 27999
72.94 28005
72.95 28007
72.96 28011
72.97 28015
72.98 28017
72.99 28023
73.00 28024
73.01 28026
73.02 28031
73.03 28035
73.04 28041
73.05 28044
73.06 28046
73.07 28050
73.09 28051
73.10 28053
73.11 28058
73.12 28062
73.13 28069
73.14 28075
73.15 28080
73.16 28087
73.17 28091
73.18 28095
73.19 28099
73.20 28106
73.21 28111
73.22 28116
73.23 28121
73.24 28129
73.25 28133
73.26 28138
73.28 28144
73.29 28151
73.30 28159
73.31 28167
73.32 28173
73.33 28182
73.34 28185
73.35 28189
73.36 28191
73.37 28192
73.38 28196
73.39 28199
73.40 28206
73.41 28207
73.42 28210
73.43 28215
73.44 28219
73.46 28221
73.47 28223
73.48 28226
73.49 28230
73.50 28231
73.51 28236
73.52 28241
73.53 28246
73.54 28250
73.55 28253
73.56 28257
73.57 28262
73.58 28268
73.59 28276
73.60 28282
73.61 28287
73.62 28295
73.64 28302
73.65 28308
73.66 28311
73.67 28316
73.68 28322
73.69 28326
73.70 28327
73.71 28333
73.72 28338
73.73 28343
73.74 28347
73.75 28352
73.76 28360
73.77 28364
73.78 28367
73.79 28374
73.80 28381
73.82 28385
73.83 28388
73.84 28393
73.85 28398
73.86 28401
73.87 28405
73.88 28406
73.89 28409
73.90 28414
73.91 28418
73.92 28421
73.93 28430
73.94 28432
73.95 28437
73.96 28441
73.97 28446
73.98 28450
74.00 28455
74.01 28457
74.02 28462
74.03 28465
74.04 28469
74.05 28474
74.06 28478
74.07 28483
74.08 28488
74.09 28491
74.10 28495
74.11 28501
74.12 28505
74.13 28512
74.14 28518
74.15 28524
74.16 28531
74.17 28534
74.19 28540
74.20 28544
74.21 28548
74.22 28553
74.23 28560
74.24 28567
74.25 28571
74.26 28575
74.27 28579
74.28 28583
74.29 28587
74.30 28594
74.31 28598
74.32 28602
74.33 28610
74.34 28616
74.35 28622
74.37 28627
74.38 28635
74.39 28639
74.40 28643
74.41 28648
74.42 28655
74.43 28662
74.44 28667
74.45 28673
74.46 28675
74.47 28679
74.48 28682
74.49 28691
74.50 28696
74.51 28700
74.52 28704
74.53 28707
74.55 28710
74.56 28710
74.57 28720
74.58 28725
74.59 28726
74.60 28728
74.61 28733
74.62 28735
74.63 28740
74.64 28740
74.65 28744
74.66 28750
74.67 28755
74.68 28755
74.69 28760
74.70 28765
74.71 28770
74.73 28772
74.74 28778
74.75 28785
74.76 28792
74.77 28795
74.78 28798
74.79 28801
74.80 28807
74.81 28810
74.82 28818
74.83 28826
74.84 28831
74.85 28835
74.86 28838
74.87 28845
74.88 28853
74.89 28860
74.91 28865
74.92 28872
74.93 28876
74.94 28883
74.95 28883
74.96 28887
74.97 28893
74.98 28898
74.99 28904
75.00 28911
75.01 28917
75.02 28921
75.03 28925
75.04 28928
75.05 28931
75.06 28935
75.07 28938
75.08 28941
75.10 28947
75.11 28952
75.12 28959
75.13 28965
75.14 28970
75.15 28973
75.16 28979
75.17 28985
75.18 28992
75.19 28999
75.20 29003
75.21 29007
75.22 29013
75.23 29018
75.24 29021
75.25 29025
75.26 29031
75.28 29033
75.29 29038
75.30 29042
75.31 29049
75.32 29054
75.33 29057
75.34 29065
75.35 29071
75.36 29074
75.37 29079
75.38 29084
75.39 29090
75.40 29095
75.41 29098
75.42 29102
75.43 29106
75.44 29112
75.46 29116
75.47 29123
75.48 29126
75.49 29132
75.50 29134
75.51 29141
75.52 29146
75.53 29150
75.54 29153
75.55 29157
75.56 29162
75.57 29167
75.58 29172
75.59 29176
75.60 29179
75.61 29182
75.62 29183
75.64 29187
75.65 29189
75.66 29189
75.67 29192
75.68 29196
75.69 29202
75.70 29209
75.71 29211
75.72 29218
75.73 29219
75.74 29223
75.75 29229
75.76 29231
75.77 29236
75.78 29240
75.79 29241
75.80 29244
75.82 29248
75.83 29249
75.84 29250
75.85 29250
75.86 29253
75.87 29253
75.88 29254
75.89 29258
75.90 29258
75.91 29259
75.92 29259
75.93 29262
75.94 29262
75.95 29263
75.96 29264
75.97 29265
75.98 29265
75.99 29265
76.01 29269
76.02 29269
76.03 29269
76.04 29269
76.05 29272
76.06 29272
76.07 29272
76.08 29274
76.09 29275
76.10 29275
76.11 29275
76.12 29279
76.13 29279
76.14 29279
76.15 29279
76.16 29282
76.17 29282
76.19 29283
76.20 29284
76.21 29287
76.22 29287
76.23 29287
76.24 29289
76.25 29290
76.26 29290
76.27 29290
76.28 29294
76.29 29294
76.30 29294
76.31 29294
76.32 29297
76.33 29297
76.34 29297
76.35 29298
76.37 29300
76.38 29300
76.39 29300
76.40 29302
76.41 29303
76.42 29303
76.43 29303
76.44 29306
76.45 29306
76.46 29306
76.47 29306
76.48 29308
76.49 29308
76.50 29308
76.51 29309
76.52 29311
76.53 29311
76.55 29311
76.56 29314
76.57 29315
76.58 29317
76.59 29321
76.60 29322
76.61 29323
76.62 29332
76.63 29335
76.64 29340
76.65 29344
76.66 29350
76.67 29355
76.68 29360
76.69 29364
76.70 29369
76.71 29375
76.73 29381
76.74 29388
76.75 29391
76.76 29397
76.77 29403
76.78 29407
76.79 29411
76.80 29415
76.81 29420
76.82 29424
76.83 29431
76.84 29436
76.85 29441
76.86 29448
76.87 29452
76.88 29456
76.89 29458
76.90 29463
76.92 29468
76.93 29473
76.94 29481
76.95 29488
76.96 29492
76.97 29496
76.98 29501
76.99 29502
77.00 29505
77.01 29507
77.02 29508
77.03 29511
77.04 29514
77.05 29514
77.06 29515
77.07 29521
77.08 29523
77.10 29523
77.11 29527
77.12 29530
77.13 29534
77.14 29536
77.15 29541
77.16 29543
77.17 29546
77.18 29548
77.19 29552
77.20 29557
77.21 29563
77.22 29567
77.23 29570
77.24 29573
77.25 29574
77.26 29576
77.28 29583
77.29 29587
77.30 29592
77.31 29596
77.32 29598
77.33 29602
77.34 29607
77.35 29613
77.36 29615
77.37 29618
77.38 29619
77.39 29621
77.40 29622
77.41 29624
77.42 29627
77.43 29628
77.44 29630
77.46 29630
77.47 29632
77.48 29632
77.49 29634
77.50 29635
77.51 29635
77.52 29639
77.53 29641
77.54 29642
77.55 29645
77.56 29650
77.57 29654
77.58 29659
77.59 29662
77.60 29664
77.61 29667
77.62 29671
77.64 29679
77.65 29685
77.66 29688
77.67 29691
77.68 29693
77.69 29694
77.70 29698
77.71 29701
77.72 29705
77.73 29711
77.74 29714
77.75 29715
77.76 29719
77.77 29724
77.78 29727
77.79 29728
77.80 29735
77.81 29739
77.83 29739
77.84 29741
77.85 29742
77.86 29745
77.87 29748
77.88 29753
77.89 29756
77.90 29760
77.91 29763
77.92 29765
77.93 29769
77.94 29771
77.95 29775
77.96 29779
77.97 29781
77.98 29783
77.99 29787
78.01 29791
78.02 29791
78.03 29795
78.04 29797
78.05 29800
78.06 29803
78.07 29808
78.08 29812
78.09 29814
78.10 29818
78.11 29819
78.12 29825
78.13 29826
78.14 29827
78.15 29833
78.16 29835
78.17 29840
78.19 29842
78.20 29843
78.21 29847
78.22 29847
78.23 29850
78.24 29851
78.25 29853
78.26 29855
78.27 29858
78.28 29861
78.29 29862
78.30 29863
78.31 29864
78.32 29868
78.33 29873
78.34 29877
78.35 29882
78.37 29887
78.38 29893
78.39 29896
78.40 29902
78.41 29909
78.42 29913
78.43 29915
78.44 29918
78.45 29922
78.46 29924
78.47 29929
78.48 29934
78.49 29937
78.50 29945
78.51 29948
78.52 29952
78.53 29959
78.55 29964
78.56 29970
78.57 29974
78.58 29979
78.59 29983
78.60 29988
78.61 29993
78.62 30000
78.63 30004
78.64 30007
78.65 30015
78.66 30021
78.67 30025
78.68 30029
78.69 30039
78.70 30046
78.71 30050
78.72 30055
78.74 30057
78.75 30061
78.76 30064
78.77 30069
78.78 30073
78.79 30080
78.80 30085
78.81 30089
78.82 30093
78.83 30097
78.84 30099
78.85 30099
78.86 30106
78.87 30110
78.88 30113
78.89 30118
78.90 30123
78.92 30127
78.93 30134
78.94 30139
78.95 30145
78.96 30148
78.97 30152
78.98 30157
78.99 30161
79.00 30167
79.01 30168
79.02 30171
79.03 30174
79.04 30178
79.05 30181
79.06 30185
79.07 30189
79.08 30195
79.10 30199
79.11 30204
79.12 30209
79.13 30211
79.14 30214
79.15 30217
79.16 30221
79.17 30226
79.18 30229
79.19 30235
79.20 30239
79.21 30240
79.22 30243
79.23 30248
79.24 30255
79.25 30258
79.26 30261
79.28 30266
79.29 30276
79.30 30281
79.31 30285
79.32 30287
79.33 30295
79.34 30299
79.35 30307
79.36 30312
79.37 30316
79.38 30323
79.39 30326
79.40 30331
79.41 30338
79.42 30341
79.43 30346
79.44 30353
79.46 30360
79.47 30365
79.48 30372
79.49 30377
79.50 30379
79.51 30386
79.52 30389
79.53 30392
79.54 30396
79.55 30400
79.56 30402
79.57 30406
79.58 30407
79.59 30408
79.60 30410
79.61 30412
79.62 30414
79.63 30414
79.65 30416
79.66 30417
79.67 30423
79.68 30424
79.69 30425
79.70 30426
79.71 30427
79.72 30429
79.73 30430
79.74 30436
79.75 30441
79.76 30441
79.77 30442
79.78 30443
79.79 30444
79.80 30446
79.81 30447
79.83 30449
79.84 30451
79.85 30453
79.86 30454
79.87 30457
79.88 30457
79.89 30460
79.90 30462
79.91 30469
79.92 30471
79.93 30471
79.94 30473
79.95 30474
79.96 30474
79.97 30475
79.98 30475
79.99 30476
80.01 30481
80.02 30481
80.03 30484
80.04 30486
80.05 30489
80.06 30490
80.07 30490
80.08 30492
80.09 30492
80.10 30493
80.11 30494
80.12 30495
80.13 30495
80.14 30496
80.15 30496
80.16 30496
80.17 30497
80.19 30498
80.20 30501
80.21 30503
80.22 30506
80.23 30507
80.24 30510
80.25 30511
80.26 30511
80.27 30511
80.28 30512
80.29 30515
80.30 30520
80.31 30521
80.32 30521
80.33 30524
80.34 30524
80.35 30526
80.37 30526
80.38 30527
80.39 30527
80.40 30527
80.41 30527
80.42 30527
80.43 30527
80.44 30527
80.45 30527
80.46 30527
80.47 30529
80.48 30529
80.49 30529
80.50 30531
80.51 30532
80.52 30532
80.53 30535
80.54 30535
80.56 30538
80.57 30538
80.58 30538
80.59 30544
80.60 30545
80.61 30546
80.62 30546
80.63 30547
80.64 30553
80.65 30556
80.66 30558
80.67 30561
80.68 30565
80.69 30570
80.70 30573
80.71 30576
80.72 30583
80.74 30591
80.75 30594
80.76 30603
80.77 30608
80.78 30614
80.79 30622
80.80 30626
80.81 30634
80.82 30641
80.83 30644
80.84 30650
80.85 30654
80.86 30661
80.87 30666
80.88 30669
80.89 30673
80.90 30678
80.92 30682
80.93 30686
80.94 30691
80.95 30696
80.96 30702
80.97 30706
80.98 30709
80.99 30713
81.00 30717
81.01 30720
81.02 30724
81.03 30727
81.04 30730
81.05 30732
81.06 30736
81.07 30741
81.08 30747
81.10 30749
81.11 30753
81.12 30756
81.13 30760
81.14 30764
81.15 30772
81.16 30779
81.17 30786
81.18 30791
81.19 30799
81.20 30806
81.21 30814
81.22 30821
81.23 30827
81.24 30831
81.25 30839
81.26 30847
81.28 30851
81.29 30860
81.30 30864
81.31 30869
81.32 30873
81.33 30879
81.34 30884
81.35 30888
81.36 30895
81.37 30902
81.38 30906
81.39 30908
81.40 30913
81.41 30917
81.42 30924
81.43 30931
81.44 30935
81.45 30940
81.47 30943
81.48 30947
81.49 30951
81.50 30953
81.51 30958
81.52 30963
81.53 30967
81.54 30972
81.55 30981
81.56 30986
81.57 30989
81.58 30994
81.59 31000
81.60 31005
81.61 31009
81.62 31015
81.63 31022
81.65 31027
81.66 31032
81.67 31039
81.68 31043
81.69 31050
81.70 31058
81.71 31065
81.72 31071
81.73 31076
81.74 31082
81.75 31090
81.76 31095
81.77 31101
81.78 31105
81.79 31111
81.80 31117
81.81 31120
81.83 31125
81.84 31127
81.85 31133
81.86 31141
81.87 31145
81.88 31150
81.89 31154
81.90 31159
81.91 31164
81.92 31173
81.93 31178
81.94 31184
81.95 31189
81.96 31197
81.97 31203
81.98 31206
81.99 31211
82.01 31215
82.02 31221
82.03 31228
82.04 31234
82.05 31239
82.06 31246
82.07 31253
82.08 31260
82.09 31266
82.10 31273
82.11 31276
82.12 31283
82.13 31289
82.14 31297
82.15 31302
82.16 31307
82.17 31312
82.19 31320
82.20 31327
82.21 31330
82.22 31337
82.23 31343
82.24 31348
82.25 31354
82.26 31358
82.27 31363
82.28 31369
82.29 31375
82.30 31378
82.31 31382
82.32 31387
82.33 31389
82.34 31395
82.35 31400
82.36 31403
82.38 31407
82.39 31413
82.40 31420
82.41 31426
82.42 31434
82.43 31437
82.44 31444
82.45 31450
82.46 31455
82.47 31461
82.48 31466
82.49 31470
82.50 31477
82.51 31481
82.52 31485
82.53 31491
82.54 31497
82.56 31501
82.57 31509
82.58 31513
82.59 31517
82.60 31521
82.61 31527
82.62 31532
82.63 31536
82.64 31540
82.65 31541
82.66 31546
82.67 31552
82.68 31557
82.69 31559
82.70 31561
82.71 31562
82.72 31565
82.74 31568
82.75 31576
82.76 31581
82.77 31587
82.78 31593
82.79 31600
82.80 31602
82.81 31607
82.82 31611
82.83 31613
82.84 31619
82.85 31624
82.86 31628
82.87 31634
82.88 31639
82.89 31642
82.90 31650
82.92 31657
82.93 31663
82.94 31668
82.95 31670
82.96 31677
82.97 31684
82.98 31688
82.99 31696
83.00 31701
83.01 31705
83.02 31713
83.03 31722
83.04 31727
83.05 31733
83.06 31739
83.07 31744
83.08 31751
83.10 31757
83.11 31762
83.12 31768
83.13 31774
83.14 31781
83.15 31784
83.16 31791
83.17 31796
83.18 31800
83.19 31805
83.20 31812
83.21 31817
83.22 31822
83.23 31826
83.24 31833
83.25 31838
83.26 31840
83.27 31847
83.29 31850
83.30 31852
83.31 31859
83.32 31862
83.33 31870
83.34 31876
83.35 31882
83.36 31889
83.37 31895
83.38 31903
83.39 31909
83.40 31915
83.41 31921
83.42 31927
83.43 31933
83.44 31938
83.45 31941
83.47 31946
83.48 31952
83.49 31957
83.50 31962
83.51 31966
83.52 31971
83.53 31978
83.54 31981
83.55 31985
83.56 31989
83.57 31997
83.58 32003
83.59 32006
83.60 32010
83.61 32014
83.62 32017
83.63 32023
83.65 32029
83.66 32034
83.67 32039
83.68 32044
83.69 32051
83.70 32056
83.71 32058
83.72 32066
83.73 32073
83.74 32077
83.75 32083
83.76 32089
83.77 32094
83.78 32096
83.79 32100
83.80 32105
83.81 32109
83.83 32113
83.84 32117
83.85 32121
83.86 32128
83.87 32130
83.88 32137
83.89 32141
83.90 32145
83.91 32150
83.92 32154
83.93 32158
83.94 32162
83.95 32169
83.96 32176
83.97 32181
83.98 32188
83.99 32193
84.01 32199
84.02 32204
84.03 32209
84.04 32214
84.05 32218
84.06 32222
84.07 32227
84.08 32233
84.09 32236
84.10 32243
84.11 32248
84.12 32252
84.13 32256
84.14 32262
84.15 32269
84.16 32274
84.17 32277
84.18 32282
84.20 32285
84.21 32290
84.22 32296
84.23 32302
84.24 32309
84.25 32315
84.26 32324
84.27 32331
84.28 32338
84.29 32343
84.30 32348
84.31 32354
84.32 32359
84.33 32365
84.34 32370
84.35 32375
84.36 32381
84.38 32386
84.39 32392
84.40 32396
84.41 32401
84.42 32406
84.43 32410
84.44 32416
84.45 32420
84.46 32426
84.47 32430
84.48 32436
84.49 32441
84.50 32445
84.51 32450
84.52 32458
84.53 32463
84.54 32470
84.56 32475
84.57 32483
84.58 32487
84.59 32493
84.60 32498
84.61 32501
84.62 32503
84.63 32508
84.64 32514
84.65 32518
84.66 32525
84.67 32531
84.68 32534
84.69 32539
84.70 32544
84.71 32551
84.72 32553
84.74 32557
84.75 32563
84.76 32571
84.77 32577
84.78 32582
84.79 32586
84.80 32592
84.81 32597
84.82 32605
84.83 32609
84.84 32615
84.85 32622
84.86 32624
84.87 32628
84.88 32633
84.89 32637
84.90 32640
84.92 32648
84.93 32655
84.94 32661
84.95 32668
84.96 32675
84.97 32680
84.98 32682
84.99 32687
85.00 32688
85.01 32690
85.02 32695
85.03 32700
85.04 32702
85.05 32710
85.06 32717
85.07 32722
85.08 32727
85.09 32732
85.11 32738
85.12 32745
85.13 32749
85.14 32751
85.15 32757
85.16 32760
85.17 32766
85.18 32772
85.19 32777
85.20 32782
85.21 32790
85.22 32792
85.23 32795
85.24 32797
85.25 32801
85.26 32806
85.27 32812
85.29 32817
85.30 32822
85.31 32828
85.32 32833
85.33 32838
85.34 32843
85.35 32848
85.36 32852
85.37 32858
85.38 32866
85.39 32871
85.40 32875
85.41 32880
85.42 32887
85.43 32895
85.44 32899
85.45 32904
85.47 32912
85.48 32918
85.49 32924
85.50 32931
85.51 32938
85.52 32945
85.53 32949
85.54 32955
85.55 32960
85.56 32966
85.57 32970
85.58 32975
85.59 32979
85.60 32982
85.61 32987
85.62 32989
85.63 32994
85.65 32997
85.66 33000
85.67 33006
85.68 33012
85.69 33017
85.70 33023
85.71 33029
85.72 33038
85.73 33044
85.74 33048
85.75 33055
85.76 33060
85.77 33064
85.78 33070
85.79 33076
85.80 33081
85.81 33085
85.83 33090
85.84 33094
85.85 33101
85.86 33104
85.87 33107
85.88 33112
85.89 33119
85.90 33123
85.91 33128
85.92 33131
85.93 33135
85.94 33141
85.95 33145
85.96 33149
85.97 33154
85.98 33158
85.99 33163
86.00 33167
86.02 33170
86.03 33178
86.04 33185
86.05 33192
86.06 33198
86.07 33203
86.08 33207
86.09 33212
86.10 33216
86.11 33220
86.12 33224
86.13 33231
86.14 33235
86.15 33240
86.16 33245
86.17 33250
86.18 33257
86.20 33260
86.21 33266
86.22 33270
86.23 33274
86.24 33278
86.25 33283
86.26 33290
86.27 33296
86.28 33302
86.29 33308
86.30 33313
86.31 33318
86.32 33325
86.33 33329
86.34 33335
86.35 33343
86.36 33351
86.38 33357
86.39 33363
86.40 33367
86.41 33371
86.42 33375
86.43 33380
86.44 33387
86.45 33394
86.46 33399
86.47 33404
86.48 33410
86.49 33416
86.50 33421
86.51 33425
86.52 33429
86.53 33434
86.54 33435
86.56 33441
86.57 33446
86.58 33450
86.59 33457
86.60 33461
86.61 33469
86.62 33475
86.63 33479
86.64 33482
86.65 33487
86.66 33493
86.67 33496
86.68 33503
86.69 33509
86.70 33514
86.71 33519
86.72 33524
86.74 33530
86.75 33534
86.76 33539
86.77 33546
86.78 33553
86.79 33559
86.80 33567
86.81 33572
86.82 33575
86.83 33580
86.84 33586
86.85 33589
86.86 33595
86.87 33597
86.88 33601
86.89 33604
86.90 33607
86.91 33609
86.93 33615
86.94 33620
86.95 33626
86.96 33629
86.97 33633
86.98 33636
86.99 33639
87.00 33643
87.01 33648
87.02 33651
87.03 33655
87.04 33657
87.05 33664
87.06 33671
87.07 33673
87.08 33675
87.09 33676
87.11 33680
87.12 33687
87.13 33693
87.14 33699
87.15 33705
87.16 33713
87.17 33717
87.18 33722
87.19 33730
87.20 33735
87.21 33742
87.22 33749
87.23 33752
87.24 33758
87.25 33763
87.26 33765
87.27 33767
87.29 33774
87.30 33777
87.31 33782
87.32 33784
87.33 33786
87.34 33793
87.35 33796
87.36 33799
87.37 33805
87.38 33810
87.39 33816
87.40 33818
87.41 33822
87.42 33826
87.43 33833
87.44 33839
87.45 33845
87.47 33849
87.48 33854
87.49 33859
87.50 33861
87.51 33866
87.52 33870
87.53 33874
87.54 33877
87.55 33878
87.56 33882
87.57 33887
87.58 33889
87.59 33894
87.60 33898
87.61 33903
87.62 33908
87.63 33911
87.64 33916
87.66 33919
87.67 33920
87.68 33924
87.69 33927
87.70 33933
87.71 33934
87.72 33935
87.73 33938
87.74 33943
87.75 33944
87.76 33947
87.77 33952
87.78 33957
87.79 33963
87.80 33964
87.81 33969
87.82 33974
87.84 33976
87.85 33978
87.86 33983
87.87 33987
87.88 33991
87.89 33993
87.90 33995
87.91 34001
87.92 34006
87.93 34010
87.94 34010
87.95 34012
87.96 34018
87.97 34024
87.98 34029
87.99 34033
88.00 34037
88.02 34042
88.03 34049
88.04 34049
88.05 34052
88.06 34054
88.07 34058
88.08 34060
88.09 34061
88.10 34061
88.11 34063
88.12 34066
88.13 34067
88.14 34069
88.15 34073
88.16 34079
88.17 34085
88.18 34093
88.20 34095
88.21 34101
88.22 34107
88.23 34111
88.24 34114
88.25 34117
88.26 34119
88.27 34122
88.28 34127
88.29 34133
88.30 34136
88.31 34140
88.32 34148
88.33 34150
88.34 34154
88.35 34160
88.36 34162
88.38 34164
88.39 34170
88.40 34176
88.41 34179
88.42 34183
88.43 34185
88.44 34190
88.45 34193
88.46 34197
88.47 34199
88.48 34204
88.49 34210
88.50 34216
88.51 34224
88.52 34228
88.53 34233
88.54 34237
88.55 34244
88.57 34252
88.58 34257
88.59 34263
88.60 34269
88.61 34272
88.62 34277
88.63 34284
88.64 34288
88.65 34290
88.66 34296
88.67 34301
88.68 34303
88.69 34309
88.70 34314
88.71 34320
88.72 34327
88.73 34332
88.75 34338
88.76 34340
88.77 34348
88.78 34354
88.79 34359
88.80 34362
88.81 34367
88.82 34371
88.83 34376
88.84 34383
88.85 34389
88.86 34395
88.87 34400
88.88 34406
88.89 34411
88.90 34415
88.91 34419
88.93 34425
88.94 34431
88.95 34437
88.96 34441
88.97 34446
88.98 34448
88.99 34454
89.00 34461
89.01 34465
89.02 34469
89.03 34475
89.04 34478
89.05 34482
89.06 34489
89.07 34493
89.08 34497
89.09 34504
89.11 34512
89.12 34519
89.13 34525
89.14 34529
89.15 34535
89.16 34537
89.17 34540
89.18 34545
89.19 34551
89.20 34553
89.21 34556
89.22 34561
89.23 34566
89.24 34571
89.25 34572
89.26 34575
89.27 34579
89.29 34584
89.30 34590
89.31 34597
89.32 34599
89.33 34602
89.34 34603
89.35 34609
89.36 34612
89.37 34612
89.38 34616
89.39 34618
89.40 34620
89.41 34622
89.42 34625
89.43 34628
89.44 34630
89.45 34631
89.46 34633
89.48 34638
89.49 34642
89.50 34645
89.51 34646
89.52 34649
89.53 34651
89.54 34653
89.55 34655
89.56 34657
89.57 34657
89.58 34660
89.59 34663
89.60 34665
89.61 34670
89.62 34670
89.63 34671
89.64 34673
89.66 34674
89.67 34677
89.68 34677
89.69 34678
89.70 34679
89.71 34680
89.72 34683
89.73 34688
89.74 34688
89.75 34688
89.76 34692
89.77 34693
89.78 34693
89.79 34694
89.80 34694
89.81 34694
89.82 34694
89.84 34694
89.85 34694
89.86 34694
89.87 34694
89.88 34694
89.89 34694
89.90 34697
89.91 34697
89.92 34697
89.93 34700
89.94 34700
89.95 34700
89.96 34703
89.97 34703
89.98 34705
89.99 34706
90.00 34706
90.02 34708
90.03 34711
90.04 34711
90.05 34711
90.06 34712
90.07 34717
90.08 34720
90.09 34722
90.10 34724
90.11 34725
90.12 34725
90.13 34726
90.14 34728
90.15 34730
90.16 34737
90.17 34742
90.18 34745
90.20 34754
90.21 34760
90.22 34767
90.23 34769
90.24 34772
90.25 34775
90.26 34780
90.27 34782
90.28 34785
90.29 34789
90.30 34793
90.31 34798
90.32 34803
90.33 34803
90.34 34805
90.35 34806
90.36 34811
90.37 34814
90.39 34818
90.40 34819
90.41 34821
90.42 34827
90.43 34830
90.44 34833
90.45 34835
90.46 34836
90.47 34837
90.48 34839
90.49 34841
90.50 34844
90.51 34851
90.52 34856
90.53 34860
90.54 34867
90.55 34870
90.57 34872
90.58 34874
90.59 34876
90.60 34880
90.61 34881
90.62 34886
90.63 34893
90.64 34895
90.65 34900
90.66 34907
90.67 34916
90.68 34924
90.69 34931
90.70 34935
90.71 34941
90.72 34945
90.73 34953
90.75 34956
90.76 34960
90.77 34966
90.78 34970
90.79 34974
90.80 34977
90.81 34982
90.82 34987
90.83 34993
90.84 34996
90.85 35002
90.86 35005
90.87 35008
90.88 35013
90.89 35020
90.90 35024
90.91 35029
90.93 35032
90.94 35037
90.95 35041
90.96 35043
90.97 35047
90.98 35053
90.99 35059
91.00 35060
91.01 35064
91.02 35069
91.03 35078
91.04 35086
91.05 35094
91.06 35098
91.07 35105
91.08 35109
91.09 35114
91.11 35121
91.12 35125
91.13 35131
91.14 35136
91.15 35141
91.16 35149
91.17 35152
91.18 35158
91.19 35164
91.20 35165
91.21 35169
91.22 35175
91.23 35183
91.24 35188
91.25 35195
91.26 35201
91.27 35206
91.28 35212
91.30 35217
91.31 35224
91.32 35228
91.33 35229
91.34 35232
91.35 35237
91.36 35243
91.37 35251
91.38 35258
91.39 35265
91.40 35270
91.41 35278
91.42 35283
91.43 35288
91.44 35293
91.45 35297
91.46 35301
91.48 35309
91.49 35314
91.50 35320
91.51 35323
91.52 35328
91.53 35332
91.54 35335
91.55 35337
91.56 35342
91.57 35346
91.58 35352
91.59 35358
91.60 35364
91.61 35370
91.62 35375
91.63 35379
91.64 35384
91.66 35390
91.67 35396
91.68 35402
91.69 35407
91.70 35412
91.71 35416
91.72 35422
91.73 35429
91.74 35434
91.75 35438
91.76 35443
91.77 35451
91.78 35456
91.79 35463
91.80 35471
91.81 35473
91.82 35478
91.84 35485
91.85 35492
91.86 35496
91.87 35502
91.88 35505
91.89 35509
91.90 35514
91.91 35518
91.92 35521
91.93 35525
91.94 35529
91.95 35537
91.96 35542
91.97 35551
91.98 35559
91.99 35565
92.00 35572
92.02 35576
92.03 35581
92.04 35585
92.05 35591
92.06 35596
92.07 35600
92.08 35605
92.09 35612
92.10 35617
92.11 35622
92.12 35628
92.13 35633
92.14 35640
92.15 35645
92.16 35648
92.17 35653
92.18 35655
92.19 35657
92.21 35660
92.22 35662
92.23 35666
92.24 35671
92.25 35678
92.26 35684
92.27 35692
92.28 35694
92.29 35698
92.30 35702
92.31 35704
92.32 35706
92.33 35712
92.34 35718
92.35 35726
92.36 35728
92.37 35731
92.39 35734
92.40 35738
92.41 35744
92.42 35750
92.43 35754
92.44 35760
92.45 35766
92.46 35773
92.47 35777
92.48 35785
92.49 35792
92.50 35797
92.51 35802
92.52 35807
92.53 35813
92.54 35816
92.55 35823
92.57 35825
92.58 35830
92.59 35838
92.60 35842
92.61 35849
92.62 35854
92.63 35859
92.64 35863
92.65 35868
92.66 35874
92.67 35879
92.68 35884
92.69 35890
92.70 35897
92.71 35904
92.72 35911
92.73 35918
92.75 35924
92.76 35929
92.77 35936
92.78 35940
92.79 35947
92.80 35951
92.81 35956
92.82 35958
92.83 35964
92.84 35969
92.85 35974
92.86 35980
92.87 35984
92.88 35989
92.89 35991
92.90 35996
92.91 36002
92.93 36007
92.94 36011
92.95 36018
92.96 36022
92.97 36022
92.98 36025
92.99 36031
93.00 36037
93.01 36042
93.02 36046
93.03 36050
93.04 36058
93.05 36061
93.06 36069
93.07 36075
93.08 36080
93.09 36084
93.10 36087
93.12 36092
93.13 36097
93.14 36102
93.15 36107
93.16 36109
93.17 36112
93.18 36117
93.19 36122
93.20 36129
93.21 36134
93.22 36138
93.23 36144
93.24 36149
93.25 36154
93.26 36161
93.27 36165
93.28 36170
93.30 36177
93.31 36183
93.32 36189
93.33 36194
93.34 36201
93.35 36205
93.36 36210
93.37 36215
93.38 36221
93.39 36226
93.40 36231
93.41 36235
93.42 36237
93.43 36245
93.44 36250
93.45 36255
93.46 36259
93.48 36263
93.49 36270
93.50 36276
93.51 36282
93.52 36286
93.53 36290
93.54 36293
93.55 36294
93.56 36299
93.57 36303
93.58 36304
93.59 36309
93.60 36312
93.61 36319
93.62 36325
93.63 36329
93.64 36333
93.66 36336
93.67 36343
93.68 36347
93.69 36349
93.70 36352
93.71 36355
93.72 36359
93.73 36367
93.74 36373
93.75 36377
93.76 36380
93.77 36385
93.78 36391
93.79 36398
93.80 36403
93.81 36411
93.82 36418
93.84 36423
93.85 36429
93.86 36435
93.87 36442
93.88 36448
93.89 36454
93.90 36462
93.91 36469
93.92 36477
93.93 36482
93.94 36490
93.95 36498
93.96 36504
93.97 36511
93.98 36518
93.99 36525
94.00 36531
94.01 36536
94.03 36540
94.04 36545
94.05 36549
94.06 36552
94.07 36555
94.08 36558
94.09 36562
94.10 36567
94.11 36573
94.12 36576
94.13 36577
94.14 36581
94.15 36588
94.16 36593
94.17 36596
94.18 36605
94.19 36611
94.21 36619
94.22 36624
94.23 36628
94.24 36633
94.25 36638
94.26 36641
94.27 36646
94.28 36651
94.29 36656
94.30 36662
94.31 36668
94.32 36673
94.33 36678
94.34 36684
94.35 36692
94.36 36697
94.37 36704
94.39 36711
94.40 36717
94.41 36723
94.42 36728
94.43 36731
94.44 36736
94.45 36740
94.46 36745
94.47 36748
94.48 36752
94.49 36755
94.50 36760
94.51 36765
94.52 36768
94.53 36773
94.54 36781
94.55 36788
94.57 36793
94.58 36798
94.59 36801
94.60 36803
94.61 36805
94.62 36808
94.63 36813
94.64 36816
94.65 36821
94.66 36825
94.67 36830
94.68 36836
94.69 36839
94.70 36847
94.71 36852
94.72 36859
94.73 36862
94.75 36866
94.76 36873
94.77 36877
94.78 36883
94.79 36891
94.80 36897
94.81 36902
94.82 36908
94.83 36913
94.84 36916
94.85 36920
94.86 36926
94.87 36930
94.88 36935
94.89 36940
94.90 36943
94.91 36946
94.92 36953
94.94 36954
94.95 36956
94.96 36959
94.97 36965
94.98 36971
94.99 36976
95.00 36981
95.01 36985
95.02 36992
95.03 36997
95.04 37005
95.05 37010
95.06 37016
95.07 37022
95.08 37031
95.09 37037
95.10 37042
95.12 37047
95.13 37051
95.14 37055
95.15 37058
95.16 37065
95.17 37070
95.18 37074
95.19 37076
95.20 37080
95.21 37082
95.22 37084
95.23 37087
95.24 37092
95.25 37096
95.26 37098
95.27 37102
95.28 37105
95.30 37108
95.31 37111
95.32 37113
95.33 37115
95.34 37116
95.35 37117
95.36 37118
95.37 37120
95.38 37121
95.39 37123
95.40 37123
95.41 37125
95.42 37127
95.43 37130
95.44 37134
95.45 37135
95.46 37136
95.48 37137
95.49 37138
95.50 37142
95.51 37150
95.52 37155
95.53 37161
95.54 37163
95.55 37170
95.56 37173
95.57 37177
95.58 37179
95.59 37182
95.60 37188
95.61 37191
95.62 37196
95.63 37198
95.64 37202
95.66 37210
95.67 37214
95.68 37219
95.69 37224
95.70 37228
95.71 37230
95.72 37235
95.73 37237
95.74 37238
95.75 37242
95.76 37247
95.77 37252
95.78 37257
95.79 37263
95.80 37268
95.81 37273
95.82 37279
95.83 37284
95.85 37289
95.86 37293
95.87 37299
95.88 37303
95.89 37308
95.90 37314
95.91 37323
95.92 37327
95.93 37332
95.94 37336
95.95 37340
95.96 37342
95.97 37347
95.98 37352
95.99 37357
96.00 37363
96.01 37369
96.03 37376
96.04 37382
96.05 37388
96.06 37392
96.07 37398
96.08 37405
96.09 37411
96.10 37417
96.11 37424
96.12 37429
96.13 37432
96.14 37439
96.15 37443
96.16 37448
96.17 37451
96.18 37458
96.19 37464
96.21 37469
96.22 37474
96.23 37481
96.24 37485
96.25 37488
96.26 37493
96.27 37501
96.28 37507
96.29 37513
96.30 37518
96.31 37524
96.32 37530
96.33 37536
96.34 37542
96.35 37547
96.36 37554
96.37 37559
96.39 37563
96.40 37569
96.41 37575
96.42 37579
96.43 37583
96.44 37588
96.45 37591
96.46 37595
96.47 37600
96.48 37606
96.49 37610
96.50 37615
96.51 37620
96.52 37621
96.53 37626
96.54 37630
96.55 37635
96.57 37641
96.58 37643
96.59 37649
96.60 37654
96.61 37658
96.62 37663
96.63 37667
96.64 37672
96.65 37675
96.66 37680
96.67 37686
96.68 37691
96.69 37694
96.70 37701
96.71 37706
96.72 37713
96.73 37721
96.74 37727
96.76 37733
96.77 37740
96.78 37746
96.79 37752
96.80 37759
96.81 37765
96.82 37770
96.83 37775
96.84 37779
96.85 37782
96.86 37789
96.87 37794
96.88 37798
96.89 37803
96.90 37808
96.91 37814
96.92 37818
96.94 37823
96.95 37829
96.96 37836
96.97 37839
96.98 37842
96.99 37849
97.00 37855
97.01 37861
97.02 37867
97.03 37871
97.04 37875
97.05 37878
97.06 37880
97.07 37884
97.08 37889
97.09 37897
97.10 37902
97.12 37907
97.13 37913
97.14 37919
97.15 37922
97.16 37928
97.17 37934
97.18 37939
97.19 37944
97.20 37950
97.21 37956
97.22 37962
97.23 37966
97.24 37971
97.25 37975
97.26 37977
97.27 37983
97.28 37988
97.30 37994
97.31 37998
97.32 38001
97.33 38007
97.34 38015
97.35 38019
97.36 38025
97.37 38029
97.38 38032
97.39 38036
97.40 38042
97.41 38048
97.42 38053
97.43 38061
97.44 38068
97.45 38077
97.46 38081
97.48 38087
97.49 38090
97.50 38094
97.51 38098
97.52 38104
97.53 38111
97.54 38114
97.55 38120
97.56 38128
97.57 38134
97.58 38137
97.59 38141
97.60 38147
97.61 38150
97.62 38156
97.63 38163
97.64 38168
97.65 38173
97.67 38180
97.68 38186
97.69 38193
97.70 38196
97.71 38202
97.72 38208
97.73 38213
97.74 38218
97.75 38222
97.76 38229
97.77 38235
97.78 38238
97.79 38244
97.80 38250
97.81 38257
97.82 38264
97.83 38270
97.85 38279
97.86 38284
97.87 38290
97.88 38295
97.89 38300
97.90 38305
97.91 38310
97.92 38313
97.93 38323
97.94 38329
97.95 38335
97.96 38340
97.97 38346
97.98 38351
97.99 38357
98.00 38359
98.01 38360
98.03 38361
98.04 38368
98.05 38373
98.06 38379
98.07 38384
98.08 38389
98.09 38398
98.10 38405
98.11 38412
98.12 38418
98.13 38425
98.14 38431
98.15 38435
98.16 38442
98.17 38448
98.18 38455
98.19 38460
98.21 38467
98.22 38473
98.23 38480
98.24 38484
98.25 38488
98.26 38491
98.27 38494
98.28 38499
98.29 38502
98.30 38506
98.31 38511
98.32 38515
98.33 38521
98.34 38524
98.35 38529
98.36 38532
98.37 38536
98.39 38541
98.40 38548
98.41 38554
98.42 38558
98.43 38559
98.44 38560
98.45 38566
98.46 38570
98.47 38578
98.48 38582
98.49 38586
98.50 38590
98.51 38596
98.52 38603
98.53 38609
98.54 38615
98.55 38620
98.56 38630
98.58 38636
98.59 38639
98.60 38642
98.61 38645
98.62 38650
98.63 38656
98.64 38662
98.65 38668
98.66 38674
98.67 38675
98.68 38677
98.69 38680
98.70 38686
98.71 38690
98.72 38695
98.73 38698
98.74 38703
98.76 38707
98.77 38709
98.78 38710
98.79 38714
98.80 38720
98.81 38725
98.82 38731
98.83 38735
98.84 38742
98.85 38749
98.86 38756
98.87 38763
98.88 38769
98.89 38775
98.90 38778
98.91 38782
98.92 38785
98.94 38790
98.95 38792
98.96 38798
98.97 38804
98.98 38810
98.99 38816
99.00 38822
99.01 38825
99.02 38829
99.03 38835
99.04 38841
99.05 38845
99.06 38851
99.07 38858
99.08 38864
99.09 38869
99.10 38878
99.12 38881
99.13 38883
99.14 38888
99.15 38893
99.16 38896
99.17 38898
99.18 38905
99.19 38910
99.20 38915
99.21 38920
99.22 38927
99.23 38935
99.24 38939
99.25 38945
99.26 38947
99.27 38951
99.28 38955
99.30 38959
99.31 38963
99.32 38968
99.33 38970
99.34 38975
99.35 38979
99.36 38983
99.37 38985
99.38 38990
99.39 38997
99.40 39003
99.41 39010
99.42 39016
99.43 39022
99.44 39027
99.45 39030
99.46 39035
99.47 39036
99.49 39039
99.50 39043
99.51 39051
99.52 39055
99.53 39058
99.54 39063
99.55 39071
99.56 39076
99.57 39084
99.58 39091
99.59 39096
99.60 39102
99.61 39106
99.62 39109
99.63 39115
99.64 39119
99.65 39125
99.67 39131
99.68 39136
99.69 39142
99.70 39149
99.71 39156
99.72 39161
99.73 39168
99.74 39173
99.75 39178
99.76 39183
99.77 39190
99.78 39194
99.79 39197
99.80 39203
99.81 39208
99.82 39213
99.83 39217
99.85 39223
99.86 39228
99.87 39234
99.88 39241
99.89 39243
99.90 39248
99.91 39255
99.92 39259
99.93 39263
99.94 39269
99.95 39274
99.96 39281
99.97 39288
99.98 39294
99.99 39299
