ATTR_NAMED_GRAD block=0 name=embed_out grad=8b7784e4 grad_elems=16785408 param_elems=16785408 energy=0x1.2ep+0 finite=1
ATTR_NAMED_GRAD block=0 name=ff2_19 grad=0e4d2feb grad_elems=3145728 param_elems=3145728 energy=0x1.3cp-5 finite=1
ATTR_NAMED_GRAD block=0 name=ff1_19 grad=40f611cc grad_elems=6291456 param_elems=6291456 energy=0x1.bp-6 finite=1
ATTR_NAMED_GRAD block=0 name=ln_g_39 grad=b40df3af grad_elems=1024 param_elems=1024 energy=0x1.5ep-18 finite=1
ATTR_NAMED_GRAD block=0 name=ln_b_39 grad=d50d569f grad_elems=1024 param_elems=1024 energy=0x1.8cp-18 finite=1
ATTR_NAMED_GRAD block=0 name=ff_bias1_19 grad=2c4fac1d grad_elems=6144 param_elems=6144 energy=0x1.ep-16 finite=1
ATTR_NAMED_GRAD block=0 name=ff_bias2_19 grad=12f1485e grad_elems=1024 param_elems=1024 energy=0x1.88p-9 finite=1
ATTR_NAMED_GRAD block=0 name=w_o_19 grad=b3337c92 grad_elems=1048576 param_elems=1048576 energy=0x1.3cp-14 finite=1
ATTR_NAMED_GRAD block=0 name=w_r_19 grad=3be48164 grad_elems=327680 param_elems=327680 energy=0x1.c2p-30 finite=1
ATTR_NAMED_GRAD block=0 name=w_kv_19 grad=cf6d1f2e grad_elems=2097152 param_elems=2097152 energy=0x1.4cp-14 finite=1
ATTR_NAMED_GRAD block=0 name=w_q_19 grad=aba8a7a7 grad_elems=1048576 param_elems=1048576 energy=0x1.3ap-19 finite=1
ATTR_NAMED_GRAD block=0 name=ln_g_38 grad=73a64605 grad_elems=1024 param_elems=1024 energy=0x1.18p-26 finite=1
ATTR_NAMED_GRAD block=0 name=ln_b_38 grad=7c9cc694 grad_elems=1024 param_elems=1024 energy=0x1.04p-21 finite=1
ATTR_NAMED_GRAD block=0 name=ff2_18 grad=6632b76d grad_elems=3145728 param_elems=3145728 energy=0x1.44p-5 finite=1
ATTR_NAMED_GRAD block=0 name=ff1_18 grad=9811bf3b grad_elems=6291456 param_elems=6291456 energy=0x1.bcp-6 finite=1
ATTR_NAMED_GRAD block=0 name=ln_g_37 grad=9d43789a grad_elems=1024 param_elems=1024 energy=0x1.6ap-18 finite=1
ATTR_NAMED_GRAD block=0 name=ln_b_37 grad=247bacf6 grad_elems=1024 param_elems=1024 energy=0x1.a6p-18 finite=1
ATTR_NAMED_GRAD block=0 name=ff_bias1_18 grad=583b4b4e grad_elems=6144 param_elems=6144 energy=0x1.f6p-16 finite=1
ATTR_NAMED_GRAD block=0 name=ff_bias2_18 grad=7a68eee7 grad_elems=1024 param_elems=1024 energy=0x1.8ep-9 finite=1
ATTR_NAMED_GRAD block=0 name=w_o_18 grad=ea4b3b3f grad_elems=1048576 param_elems=1048576 energy=0x1.44p-14 finite=1
ATTR_NAMED_GRAD block=0 name=w_r_18 grad=b90e0fa8 grad_elems=327680 param_elems=327680 energy=0x1.d4p-30 finite=1
ATTR_NAMED_GRAD block=0 name=w_kv_18 grad=9de4eb8d grad_elems=2097152 param_elems=2097152 energy=0x1.54p-14 finite=1
ATTR_NAMED_GRAD block=0 name=w_q_18 grad=033560d2 grad_elems=1048576 param_elems=1048576 energy=0x1.4p-19 finite=1
ATTR_NAMED_GRAD block=0 name=ln_g_36 grad=4c9d65f3 grad_elems=1024 param_elems=1024 energy=0x1.3p-26 finite=1
ATTR_NAMED_GRAD block=0 name=ln_b_36 grad=b144a00a grad_elems=1024 param_elems=1024 energy=0x1.26p-21 finite=1
ATTR_NAMED_GRAD block=0 name=ff2_17 grad=7e59922f grad_elems=3145728 param_elems=3145728 energy=0x1.4cp-5 finite=1
ATTR_NAMED_GRAD block=0 name=ff1_17 grad=de8112df grad_elems=6291456 param_elems=6291456 energy=0x1.cap-6 finite=1
ATTR_NAMED_GRAD block=0 name=ln_g_35 grad=77582922 grad_elems=1024 param_elems=1024 energy=0x1.82p-18 finite=1
ATTR_NAMED_GRAD block=0 name=ln_b_35 grad=9a9b1a8b grad_elems=1024 param_elems=1024 energy=0x1.b2p-18 finite=1
ATTR_NAMED_GRAD block=0 name=ff_bias1_17 grad=a1077ffd grad_elems=6144 param_elems=6144 energy=0x1.eep-16 finite=1
ATTR_NAMED_GRAD block=0 name=ff_bias2_17 grad=8cd171f7 grad_elems=1024 param_elems=1024 energy=0x1.9p-9 finite=1
ATTR_NAMED_GRAD block=0 name=w_o_17 grad=8c523fc1 grad_elems=1048576 param_elems=1048576 energy=0x1.5p-14 finite=1
ATTR_NAMED_GRAD block=0 name=w_r_17 grad=ac723f78 grad_elems=327680 param_elems=327680 energy=0x1.d2p-30 finite=1
ATTR_NAMED_GRAD block=0 name=w_kv_17 grad=a397c379 grad_elems=2097152 param_elems=2097152 energy=0x1.5ap-14 finite=1
ATTR_NAMED_GRAD block=0 name=w_q_17 grad=ab28de28 grad_elems=1048576 param_elems=1048576 energy=0x1.4ep-19 finite=1
ATTR_NAMED_GRAD block=0 name=ln_g_34 grad=01606ad2 grad_elems=1024 param_elems=1024 energy=0x1.1cp-26 finite=1
ATTR_NAMED_GRAD block=0 name=ln_b_34 grad=86534ef3 grad_elems=1024 param_elems=1024 energy=0x1.1ap-21 finite=1
ATTR_NAMED_GRAD block=0 name=ff2_16 grad=2e1fff61 grad_elems=3145728 param_elems=3145728 energy=0x1.56p-5 finite=1
ATTR_NAMED_GRAD block=0 name=ff1_16 grad=0a878c2f grad_elems=6291456 param_elems=6291456 energy=0x1.d4p-6 finite=1
ATTR_NAMED_GRAD block=0 name=ln_g_33 grad=6b170e62 grad_elems=1024 param_elems=1024 energy=0x1.8cp-18 finite=1
ATTR_NAMED_GRAD block=0 name=ln_b_33 grad=714c3fc5 grad_elems=1024 param_elems=1024 energy=0x1.8ap-18 finite=1
ATTR_NAMED_GRAD block=0 name=ff_bias1_16 grad=7de8abe3 grad_elems=6144 param_elems=6144 energy=0x1.eep-16 finite=1
ATTR_NAMED_GRAD block=0 name=ff_bias2_16 grad=1878543b grad_elems=1024 param_elems=1024 energy=0x1.94p-9 finite=1
ATTR_NAMED_GRAD block=0 name=w_o_16 grad=fd413e33 grad_elems=1048576 param_elems=1048576 energy=0x1.56p-14 finite=1
ATTR_NAMED_GRAD block=0 name=w_r_16 grad=d2d3f090 grad_elems=327680 param_elems=327680 energy=0x1.ep-30 finite=1
ATTR_NAMED_GRAD block=0 name=w_kv_16 grad=3b2c1ad5 grad_elems=2097152 param_elems=2097152 energy=0x1.6ap-14 finite=1
ATTR_NAMED_GRAD block=0 name=w_q_16 grad=b16decfd grad_elems=1048576 param_elems=1048576 energy=0x1.5ap-19 finite=1
ATTR_NAMED_GRAD block=0 name=ln_g_32 grad=59798d55 grad_elems=1024 param_elems=1024 energy=0x1.5p-26 finite=1
ATTR_NAMED_GRAD block=0 name=ln_b_32 grad=08b22927 grad_elems=1024 param_elems=1024 energy=0x1.32p-21 finite=1
ATTR_NAMED_GRAD block=0 name=ff2_15 grad=bb5a6f7d grad_elems=3145728 param_elems=3145728 energy=0x1.5ep-5 finite=1
ATTR_NAMED_GRAD block=0 name=ff1_15 grad=8a4fa5a6 grad_elems=6291456 param_elems=6291456 energy=0x1.dep-6 finite=1
ATTR_NAMED_GRAD block=0 name=ln_g_31 grad=12480d78 grad_elems=1024 param_elems=1024 energy=0x1.82p-18 finite=1
ATTR_NAMED_GRAD block=0 name=ln_b_31 grad=508acefc grad_elems=1024 param_elems=1024 energy=0x1.acp-18 finite=1
ATTR_NAMED_GRAD block=0 name=ff_bias1_15 grad=d947aa38 grad_elems=6144 param_elems=6144 energy=0x1p-15 finite=1
ATTR_NAMED_GRAD block=0 name=ff_bias2_15 grad=7ff7bab8 grad_elems=1024 param_elems=1024 energy=0x1.96p-9 finite=1
ATTR_NAMED_GRAD block=0 name=w_o_15 grad=0511bfd5 grad_elems=1048576 param_elems=1048576 energy=0x1.54p-14 finite=1
ATTR_NAMED_GRAD block=0 name=w_r_15 grad=b0778e43 grad_elems=327680 param_elems=327680 energy=0x1.ecp-30 finite=1
ATTR_NAMED_GRAD block=0 name=w_kv_15 grad=a7c9759e grad_elems=2097152 param_elems=2097152 energy=0x1.66p-14 finite=1
ATTR_NAMED_GRAD block=0 name=w_q_15 grad=2b92cdb5 grad_elems=1048576 param_elems=1048576 energy=0x1.68p-19 finite=1
ATTR_NAMED_GRAD block=0 name=ln_g_30 grad=47d083af grad_elems=1024 param_elems=1024 energy=0x1.2ap-26 finite=1
ATTR_NAMED_GRAD block=0 name=ln_b_30 grad=9a89968f grad_elems=1024 param_elems=1024 energy=0x1.1ap-21 finite=1
ATTR_NAMED_GRAD block=0 name=ff2_14 grad=df04be27 grad_elems=3145728 param_elems=3145728 energy=0x1.64p-5 finite=1
ATTR_NAMED_GRAD block=0 name=ff1_14 grad=559fa043 grad_elems=6291456 param_elems=6291456 energy=0x1.e8p-6 finite=1
ATTR_NAMED_GRAD block=0 name=ln_g_29 grad=c108b543 grad_elems=1024 param_elems=1024 energy=0x1.a2p-18 finite=1
ATTR_NAMED_GRAD block=0 name=ln_b_29 grad=de3151eb grad_elems=1024 param_elems=1024 energy=0x1.bap-18 finite=1
ATTR_NAMED_GRAD block=0 name=ff_bias1_14 grad=7a288a8a grad_elems=6144 param_elems=6144 energy=0x1.06p-15 finite=1
ATTR_NAMED_GRAD block=0 name=ff_bias2_14 grad=9335481d grad_elems=1024 param_elems=1024 energy=0x1.9ap-9 finite=1
ATTR_NAMED_GRAD block=0 name=w_o_14 grad=c16e3796 grad_elems=1048576 param_elems=1048576 energy=0x1.62p-14 finite=1
ATTR_NAMED_GRAD block=0 name=w_r_14 grad=2165d6e0 grad_elems=327680 param_elems=327680 energy=0x1.fep-30 finite=1
ATTR_NAMED_GRAD block=0 name=w_kv_14 grad=4fec53ee grad_elems=2097152 param_elems=2097152 energy=0x1.6ap-14 finite=1
ATTR_NAMED_GRAD block=0 name=w_q_14 grad=5a1d1d97 grad_elems=1048576 param_elems=1048576 energy=0x1.5ep-19 finite=1
ATTR_NAMED_GRAD block=0 name=ln_g_28 grad=b6ff0a46 grad_elems=1024 param_elems=1024 energy=0x1.22p-26 finite=1
ATTR_NAMED_GRAD block=0 name=ln_b_28 grad=c67c0199 grad_elems=1024 param_elems=1024 energy=0x1.1p-21 finite=1
ATTR_NAMED_GRAD block=0 name=ff2_13 grad=d0b62d61 grad_elems=3145728 param_elems=3145728 energy=0x1.72p-5 finite=1
ATTR_NAMED_GRAD block=0 name=ff1_13 grad=8b38efa1 grad_elems=6291456 param_elems=6291456 energy=0x1.f6p-6 finite=1
ATTR_NAMED_GRAD block=0 name=ln_g_27 grad=bb3a1dde grad_elems=1024 param_elems=1024 energy=0x1.a8p-18 finite=1
ATTR_NAMED_GRAD block=0 name=ln_b_27 grad=43f7331f grad_elems=1024 param_elems=1024 energy=0x1.c6p-18 finite=1
ATTR_NAMED_GRAD block=0 name=ff_bias1_13 grad=5be6c1f6 grad_elems=6144 param_elems=6144 energy=0x1.12p-15 finite=1
ATTR_NAMED_GRAD block=0 name=ff_bias2_13 grad=14659f05 grad_elems=1024 param_elems=1024 energy=0x1.9ep-9 finite=1
ATTR_NAMED_GRAD block=0 name=w_o_13 grad=43f0a8dd grad_elems=1048576 param_elems=1048576 energy=0x1.64p-14 finite=1
ATTR_NAMED_GRAD block=0 name=w_r_13 grad=31cbc042 grad_elems=327680 param_elems=327680 energy=0x1.fcp-30 finite=1
ATTR_NAMED_GRAD block=0 name=w_kv_13 grad=7f01e36b grad_elems=2097152 param_elems=2097152 energy=0x1.76p-14 finite=1
ATTR_NAMED_GRAD block=0 name=w_q_13 grad=a9b04b01 grad_elems=1048576 param_elems=1048576 energy=0x1.62p-19 finite=1
ATTR_NAMED_GRAD block=0 name=ln_g_26 grad=3712948e grad_elems=1024 param_elems=1024 energy=0x1.4ap-26 finite=1
ATTR_NAMED_GRAD block=0 name=ln_b_26 grad=dd9af85a grad_elems=1024 param_elems=1024 energy=0x1.08p-21 finite=1
ATTR_NAMED_GRAD block=0 name=ff2_12 grad=e91f1469 grad_elems=3145728 param_elems=3145728 energy=0x1.76p-5 finite=1
ATTR_NAMED_GRAD block=0 name=ff1_12 grad=e2acc9e8 grad_elems=6291456 param_elems=6291456 energy=0x1p-5 finite=1
ATTR_NAMED_GRAD block=0 name=ln_g_25 grad=b0c01f36 grad_elems=1024 param_elems=1024 energy=0x1.ap-18 finite=1
ATTR_NAMED_GRAD block=0 name=ln_b_25 grad=422b8496 grad_elems=1024 param_elems=1024 energy=0x1.bap-18 finite=1
ATTR_NAMED_GRAD block=0 name=ff_bias1_12 grad=ad4d31a4 grad_elems=6144 param_elems=6144 energy=0x1.16p-15 finite=1
ATTR_NAMED_GRAD block=0 name=ff_bias2_12 grad=94360e50 grad_elems=1024 param_elems=1024 energy=0x1.9ep-9 finite=1
ATTR_NAMED_GRAD block=0 name=w_o_12 grad=b6e17389 grad_elems=1048576 param_elems=1048576 energy=0x1.78p-14 finite=1
ATTR_NAMED_GRAD block=0 name=w_r_12 grad=a650a35a grad_elems=327680 param_elems=327680 energy=0x1.08p-29 finite=1
ATTR_NAMED_GRAD block=0 name=w_kv_12 grad=73f81905 grad_elems=2097152 param_elems=2097152 energy=0x1.7ap-14 finite=1
ATTR_NAMED_GRAD block=0 name=w_q_12 grad=ab8ce594 grad_elems=1048576 param_elems=1048576 energy=0x1.66p-19 finite=1
ATTR_NAMED_GRAD block=0 name=ln_g_24 grad=0c6f2fa5 grad_elems=1024 param_elems=1024 energy=0x1.54p-26 finite=1
ATTR_NAMED_GRAD block=0 name=ln_b_24 grad=21a4c155 grad_elems=1024 param_elems=1024 energy=0x1.1ap-21 finite=1
ATTR_NAMED_GRAD block=0 name=ff2_11 grad=9229770c grad_elems=3145728 param_elems=3145728 energy=0x1.7ap-5 finite=1
ATTR_NAMED_GRAD block=0 name=ff1_11 grad=10474108 grad_elems=6291456 param_elems=6291456 energy=0x1.08p-5 finite=1
ATTR_NAMED_GRAD block=0 name=ln_g_23 grad=a2695086 grad_elems=1024 param_elems=1024 energy=0x1.a6p-18 finite=1
ATTR_NAMED_GRAD block=0 name=ln_b_23 grad=cd2771db grad_elems=1024 param_elems=1024 energy=0x1.bcp-18 finite=1
ATTR_NAMED_GRAD block=0 name=ff_bias1_11 grad=c193b718 grad_elems=6144 param_elems=6144 energy=0x1.1ap-15 finite=1
ATTR_NAMED_GRAD block=0 name=ff_bias2_11 grad=a27b6b92 grad_elems=1024 param_elems=1024 energy=0x1.a4p-9 finite=1
ATTR_NAMED_GRAD block=0 name=w_o_11 grad=bc10ca6e grad_elems=1048576 param_elems=1048576 energy=0x1.88p-14 finite=1
ATTR_NAMED_GRAD block=0 name=w_r_11 grad=ff663bd3 grad_elems=327680 param_elems=327680 energy=0x1.12p-29 finite=1
ATTR_NAMED_GRAD block=0 name=w_kv_11 grad=919c6fb6 grad_elems=2097152 param_elems=2097152 energy=0x1.8p-14 finite=1
ATTR_NAMED_GRAD block=0 name=w_q_11 grad=62034735 grad_elems=1048576 param_elems=1048576 energy=0x1.7ap-19 finite=1
ATTR_NAMED_GRAD block=0 name=ln_g_22 grad=e4938c1a grad_elems=1024 param_elems=1024 energy=0x1.4p-26 finite=1
ATTR_NAMED_GRAD block=0 name=ln_b_22 grad=87d07087 grad_elems=1024 param_elems=1024 energy=0x1.24p-21 finite=1
ATTR_NAMED_GRAD block=0 name=ff2_10 grad=17034074 grad_elems=3145728 param_elems=3145728 energy=0x1.8cp-5 finite=1
ATTR_NAMED_GRAD block=0 name=ff1_10 grad=3517da41 grad_elems=6291456 param_elems=6291456 energy=0x1.0ep-5 finite=1
ATTR_NAMED_GRAD block=0 name=ln_g_21 grad=a35d00d5 grad_elems=1024 param_elems=1024 energy=0x1.acp-18 finite=1
ATTR_NAMED_GRAD block=0 name=ln_b_21 grad=243a8ba2 grad_elems=1024 param_elems=1024 energy=0x1.dp-18 finite=1
ATTR_NAMED_GRAD block=0 name=ff_bias1_10 grad=8146e4cb grad_elems=6144 param_elems=6144 energy=0x1.1cp-15 finite=1
ATTR_NAMED_GRAD block=0 name=ff_bias2_10 grad=88a11998 grad_elems=1024 param_elems=1024 energy=0x1.a8p-9 finite=1
ATTR_NAMED_GRAD block=0 name=w_o_10 grad=59af38a0 grad_elems=1048576 param_elems=1048576 energy=0x1.84p-14 finite=1
ATTR_NAMED_GRAD block=0 name=w_r_10 grad=98c27edb grad_elems=327680 param_elems=327680 energy=0x1.14p-29 finite=1
ATTR_NAMED_GRAD block=0 name=w_kv_10 grad=9a1c6a92 grad_elems=2097152 param_elems=2097152 energy=0x1.8ep-14 finite=1
ATTR_NAMED_GRAD block=0 name=w_q_10 grad=7e493081 grad_elems=1048576 param_elems=1048576 energy=0x1.8p-19 finite=1
ATTR_NAMED_GRAD block=0 name=ln_g_20 grad=f59dde6e grad_elems=1024 param_elems=1024 energy=0x1.58p-26 finite=1
ATTR_NAMED_GRAD block=0 name=ln_b_20 grad=b0da87e8 grad_elems=1024 param_elems=1024 energy=0x1.3p-21 finite=1
ATTR_NAMED_GRAD block=0 name=ff2_9 grad=3c6a94a4 grad_elems=3145728 param_elems=3145728 energy=0x1.94p-5 finite=1
ATTR_NAMED_GRAD block=0 name=ff1_9 grad=179af1b4 grad_elems=6291456 param_elems=6291456 energy=0x1.14p-5 finite=1
ATTR_NAMED_GRAD block=0 name=ln_g_19 grad=35eef623 grad_elems=1024 param_elems=1024 energy=0x1.c4p-18 finite=1
ATTR_NAMED_GRAD block=0 name=ln_b_19 grad=14fcc278 grad_elems=1024 param_elems=1024 energy=0x1.fap-18 finite=1
ATTR_NAMED_GRAD block=0 name=ff_bias1_9 grad=75c5a1fd grad_elems=6144 param_elems=6144 energy=0x1.26p-15 finite=1
ATTR_NAMED_GRAD block=0 name=ff_bias2_9 grad=64159d36 grad_elems=1024 param_elems=1024 energy=0x1.aep-9 finite=1
ATTR_NAMED_GRAD block=0 name=w_o_9 grad=038da208 grad_elems=1048576 param_elems=1048576 energy=0x1.92p-14 finite=1
ATTR_NAMED_GRAD block=0 name=w_r_9 grad=9940503e grad_elems=327680 param_elems=327680 energy=0x1.24p-29 finite=1
ATTR_NAMED_GRAD block=0 name=w_kv_9 grad=d849519a grad_elems=2097152 param_elems=2097152 energy=0x1.9ap-14 finite=1
ATTR_NAMED_GRAD block=0 name=w_q_9 grad=c49e5396 grad_elems=1048576 param_elems=1048576 energy=0x1.9cp-19 finite=1
ATTR_NAMED_GRAD block=0 name=ln_g_18 grad=4864b79c grad_elems=1024 param_elems=1024 energy=0x1.64p-26 finite=1
ATTR_NAMED_GRAD block=0 name=ln_b_18 grad=875ddd66 grad_elems=1024 param_elems=1024 energy=0x1.44p-21 finite=1
ATTR_NAMED_GRAD block=0 name=ff2_8 grad=46460ddc grad_elems=3145728 param_elems=3145728 energy=0x1.9cp-5 finite=1
ATTR_NAMED_GRAD block=0 name=ff1_8 grad=5f004eb6 grad_elems=6291456 param_elems=6291456 energy=0x1.1cp-5 finite=1
ATTR_NAMED_GRAD block=0 name=ln_g_17 grad=a37b2ff7 grad_elems=1024 param_elems=1024 energy=0x1.c8p-18 finite=1
ATTR_NAMED_GRAD block=0 name=ln_b_17 grad=be2ff56e grad_elems=1024 param_elems=1024 energy=0x1.02p-17 finite=1
ATTR_NAMED_GRAD block=0 name=ff_bias1_8 grad=ca2a659c grad_elems=6144 param_elems=6144 energy=0x1.34p-15 finite=1
ATTR_NAMED_GRAD block=0 name=ff_bias2_8 grad=38a0ad16 grad_elems=1024 param_elems=1024 energy=0x1.b6p-9 finite=1
ATTR_NAMED_GRAD block=0 name=w_o_8 grad=dee68918 grad_elems=1048576 param_elems=1048576 energy=0x1.9p-14 finite=1
ATTR_NAMED_GRAD block=0 name=w_r_8 grad=3f24c0e3 grad_elems=327680 param_elems=327680 energy=0x1.26p-29 finite=1
ATTR_NAMED_GRAD block=0 name=w_kv_8 grad=523d87d6 grad_elems=2097152 param_elems=2097152 energy=0x1.96p-14 finite=1
ATTR_NAMED_GRAD block=0 name=w_q_8 grad=8fec3750 grad_elems=1048576 param_elems=1048576 energy=0x1.94p-19 finite=1
ATTR_NAMED_GRAD block=0 name=ln_g_16 grad=e806bb28 grad_elems=1024 param_elems=1024 energy=0x1.66p-26 finite=1
ATTR_NAMED_GRAD block=0 name=ln_b_16 grad=1247ab97 grad_elems=1024 param_elems=1024 energy=0x1.26p-21 finite=1
ATTR_NAMED_GRAD block=0 name=ff2_7 grad=18b69c6f grad_elems=3145728 param_elems=3145728 energy=0x1.a8p-5 finite=1
ATTR_NAMED_GRAD block=0 name=ff1_7 grad=79a6e0e4 grad_elems=6291456 param_elems=6291456 energy=0x1.24p-5 finite=1
ATTR_NAMED_GRAD block=0 name=ln_g_15 grad=18779ea2 grad_elems=1024 param_elems=1024 energy=0x1.fcp-18 finite=1
ATTR_NAMED_GRAD block=0 name=ln_b_15 grad=0e403a1f grad_elems=1024 param_elems=1024 energy=0x1.04p-17 finite=1
ATTR_NAMED_GRAD block=0 name=ff_bias1_7 grad=99ea03b4 grad_elems=6144 param_elems=6144 energy=0x1.3ep-15 finite=1
ATTR_NAMED_GRAD block=0 name=ff_bias2_7 grad=0564ba80 grad_elems=1024 param_elems=1024 energy=0x1.bap-9 finite=1
ATTR_NAMED_GRAD block=0 name=w_o_7 grad=b092b192 grad_elems=1048576 param_elems=1048576 energy=0x1.8ep-14 finite=1
ATTR_NAMED_GRAD block=0 name=w_r_7 grad=2031f382 grad_elems=327680 param_elems=327680 energy=0x1.3p-29 finite=1
ATTR_NAMED_GRAD block=0 name=w_kv_7 grad=96bb9b73 grad_elems=2097152 param_elems=2097152 energy=0x1.9ep-14 finite=1
ATTR_NAMED_GRAD block=0 name=w_q_7 grad=9e37ff56 grad_elems=1048576 param_elems=1048576 energy=0x1.a8p-19 finite=1
ATTR_NAMED_GRAD block=0 name=ln_g_14 grad=d7c4fc74 grad_elems=1024 param_elems=1024 energy=0x1.6ep-26 finite=1
ATTR_NAMED_GRAD block=0 name=ln_b_14 grad=8ae3e716 grad_elems=1024 param_elems=1024 energy=0x1.46p-21 finite=1
ATTR_NAMED_GRAD block=0 name=ff2_6 grad=f6451770 grad_elems=3145728 param_elems=3145728 energy=0x1.b4p-5 finite=1
ATTR_NAMED_GRAD block=0 name=ff1_6 grad=0ac6ee01 grad_elems=6291456 param_elems=6291456 energy=0x1.2ap-5 finite=1
ATTR_NAMED_GRAD block=0 name=ln_g_13 grad=e8a26034 grad_elems=1024 param_elems=1024 energy=0x1.ccp-18 finite=1
ATTR_NAMED_GRAD block=0 name=ln_b_13 grad=8004fa3c grad_elems=1024 param_elems=1024 energy=0x1.1cp-17 finite=1
ATTR_NAMED_GRAD block=0 name=ff_bias1_6 grad=830bc1e9 grad_elems=6144 param_elems=6144 energy=0x1.3ep-15 finite=1
ATTR_NAMED_GRAD block=0 name=ff_bias2_6 grad=952d3925 grad_elems=1024 param_elems=1024 energy=0x1.b8p-9 finite=1
ATTR_NAMED_GRAD block=0 name=w_o_6 grad=0d0eac4d grad_elems=1048576 param_elems=1048576 energy=0x1.98p-14 finite=1
ATTR_NAMED_GRAD block=0 name=w_r_6 grad=4bc85455 grad_elems=327680 param_elems=327680 energy=0x1.3cp-29 finite=1
ATTR_NAMED_GRAD block=0 name=w_kv_6 grad=b20a14fa grad_elems=2097152 param_elems=2097152 energy=0x1.bp-14 finite=1
ATTR_NAMED_GRAD block=0 name=w_q_6 grad=e54e7701 grad_elems=1048576 param_elems=1048576 energy=0x1.cp-19 finite=1
ATTR_NAMED_GRAD block=0 name=ln_g_12 grad=e9c65b1c grad_elems=1024 param_elems=1024 energy=0x1.7ap-26 finite=1
ATTR_NAMED_GRAD block=0 name=ln_b_12 grad=2fbd91a4 grad_elems=1024 param_elems=1024 energy=0x1.22p-21 finite=1
ATTR_NAMED_GRAD block=0 name=ff2_5 grad=377ee2d7 grad_elems=3145728 param_elems=3145728 energy=0x1.bcp-5 finite=1
ATTR_NAMED_GRAD block=0 name=ff1_5 grad=22e4b1d4 grad_elems=6291456 param_elems=6291456 energy=0x1.32p-5 finite=1
ATTR_NAMED_GRAD block=0 name=ln_g_11 grad=2104b19a grad_elems=1024 param_elems=1024 energy=0x1.f4p-18 finite=1
ATTR_NAMED_GRAD block=0 name=ln_b_11 grad=4edf78a7 grad_elems=1024 param_elems=1024 energy=0x1.14p-17 finite=1
ATTR_NAMED_GRAD block=0 name=ff_bias1_5 grad=68057cf7 grad_elems=6144 param_elems=6144 energy=0x1.3ep-15 finite=1
ATTR_NAMED_GRAD block=0 name=ff_bias2_5 grad=35eedcc9 grad_elems=1024 param_elems=1024 energy=0x1.bep-9 finite=1
ATTR_NAMED_GRAD block=0 name=w_o_5 grad=53e36191 grad_elems=1048576 param_elems=1048576 energy=0x1.bp-14 finite=1
ATTR_NAMED_GRAD block=0 name=w_r_5 grad=2566b68c grad_elems=327680 param_elems=327680 energy=0x1.3ep-29 finite=1
ATTR_NAMED_GRAD block=0 name=w_kv_5 grad=b287fcd9 grad_elems=2097152 param_elems=2097152 energy=0x1.cp-14 finite=1
ATTR_NAMED_GRAD block=0 name=w_q_5 grad=79f2f4aa grad_elems=1048576 param_elems=1048576 energy=0x1.bap-19 finite=1
ATTR_NAMED_GRAD block=0 name=ln_g_10 grad=53dc989e grad_elems=1024 param_elems=1024 energy=0x1.78p-26 finite=1
ATTR_NAMED_GRAD block=0 name=ln_b_10 grad=0c503c43 grad_elems=1024 param_elems=1024 energy=0x1.44p-21 finite=1
ATTR_NAMED_GRAD block=0 name=ff2_4 grad=bf0b02f3 grad_elems=3145728 param_elems=3145728 energy=0x1.c8p-5 finite=1
ATTR_NAMED_GRAD block=0 name=ff1_4 grad=2fd148fb grad_elems=6291456 param_elems=6291456 energy=0x1.38p-5 finite=1
ATTR_NAMED_GRAD block=0 name=ln_g_9 grad=4bf598d3 grad_elems=1024 param_elems=1024 energy=0x1.2ap-17 finite=1
ATTR_NAMED_GRAD block=0 name=ln_b_9 grad=be9c7d2d grad_elems=1024 param_elems=1024 energy=0x1.12p-17 finite=1
ATTR_NAMED_GRAD block=0 name=ff_bias1_4 grad=6a7d9772 grad_elems=6144 param_elems=6144 energy=0x1.4ap-15 finite=1
ATTR_NAMED_GRAD block=0 name=ff_bias2_4 grad=60550f13 grad_elems=1024 param_elems=1024 energy=0x1.cp-9 finite=1
ATTR_NAMED_GRAD block=0 name=w_o_4 grad=5fd2f479 grad_elems=1048576 param_elems=1048576 energy=0x1.bcp-14 finite=1
ATTR_NAMED_GRAD block=0 name=w_r_4 grad=7250f623 grad_elems=327680 param_elems=327680 energy=0x1.4ap-29 finite=1
ATTR_NAMED_GRAD block=0 name=w_kv_4 grad=688b87f6 grad_elems=2097152 param_elems=2097152 energy=0x1.bep-14 finite=1
ATTR_NAMED_GRAD block=0 name=w_q_4 grad=23109340 grad_elems=1048576 param_elems=1048576 energy=0x1.dp-19 finite=1
ATTR_NAMED_GRAD block=0 name=ln_g_8 grad=c9248c42 grad_elems=1024 param_elems=1024 energy=0x1.92p-26 finite=1
ATTR_NAMED_GRAD block=0 name=ln_b_8 grad=5a1764a9 grad_elems=1024 param_elems=1024 energy=0x1.3p-21 finite=1
ATTR_NAMED_GRAD block=0 name=ff2_3 grad=d04b91d2 grad_elems=3145728 param_elems=3145728 energy=0x1.dcp-5 finite=1
ATTR_NAMED_GRAD block=0 name=ff1_3 grad=c8efcf07 grad_elems=6291456 param_elems=6291456 energy=0x1.44p-5 finite=1
ATTR_NAMED_GRAD block=0 name=ln_g_7 grad=60daf94d grad_elems=1024 param_elems=1024 energy=0x1.04p-17 finite=1
ATTR_NAMED_GRAD block=0 name=ln_b_7 grad=05a4569b grad_elems=1024 param_elems=1024 energy=0x1.1ap-17 finite=1
ATTR_NAMED_GRAD block=0 name=ff_bias1_3 grad=e88c31ac grad_elems=6144 param_elems=6144 energy=0x1.5cp-15 finite=1
ATTR_NAMED_GRAD block=0 name=ff_bias2_3 grad=e95c0706 grad_elems=1024 param_elems=1024 energy=0x1.c6p-9 finite=1
ATTR_NAMED_GRAD block=0 name=w_o_3 grad=c266dbd1 grad_elems=1048576 param_elems=1048576 energy=0x1.aap-14 finite=1
ATTR_NAMED_GRAD block=0 name=w_r_3 grad=51809568 grad_elems=327680 param_elems=327680 energy=0x1.4ep-29 finite=1
ATTR_NAMED_GRAD block=0 name=w_kv_3 grad=ac175916 grad_elems=2097152 param_elems=2097152 energy=0x1.bep-14 finite=1
ATTR_NAMED_GRAD block=0 name=w_q_3 grad=58d11378 grad_elems=1048576 param_elems=1048576 energy=0x1.ccp-19 finite=1
ATTR_NAMED_GRAD block=0 name=ln_g_6 grad=82703ca0 grad_elems=1024 param_elems=1024 energy=0x1.92p-26 finite=1
ATTR_NAMED_GRAD block=0 name=ln_b_6 grad=78a96727 grad_elems=1024 param_elems=1024 energy=0x1.4p-21 finite=1
ATTR_NAMED_GRAD block=0 name=ff2_2 grad=9f3a8034 grad_elems=3145728 param_elems=3145728 energy=0x1.e6p-5 finite=1
ATTR_NAMED_GRAD block=0 name=ff1_2 grad=810ae1e0 grad_elems=6291456 param_elems=6291456 energy=0x1.4ap-5 finite=1
ATTR_NAMED_GRAD block=0 name=ln_g_5 grad=b02ad722 grad_elems=1024 param_elems=1024 energy=0x1.0cp-17 finite=1
ATTR_NAMED_GRAD block=0 name=ln_b_5 grad=d21c497f grad_elems=1024 param_elems=1024 energy=0x1.38p-17 finite=1
ATTR_NAMED_GRAD block=0 name=ff_bias1_2 grad=ce3a0a63 grad_elems=6144 param_elems=6144 energy=0x1.6p-15 finite=1
ATTR_NAMED_GRAD block=0 name=ff_bias2_2 grad=9dd4c460 grad_elems=1024 param_elems=1024 energy=0x1.c8p-9 finite=1
ATTR_NAMED_GRAD block=0 name=w_o_2 grad=471ac6d5 grad_elems=1048576 param_elems=1048576 energy=0x1.bcp-14 finite=1
ATTR_NAMED_GRAD block=0 name=w_r_2 grad=d814ff0b grad_elems=327680 param_elems=327680 energy=0x1.5ep-29 finite=1
ATTR_NAMED_GRAD block=0 name=w_kv_2 grad=9fca6ec8 grad_elems=2097152 param_elems=2097152 energy=0x1.ccp-14 finite=1
ATTR_NAMED_GRAD block=0 name=w_q_2 grad=fce73212 grad_elems=1048576 param_elems=1048576 energy=0x1.f2p-19 finite=1
ATTR_NAMED_GRAD block=0 name=ln_g_4 grad=8188484b grad_elems=1024 param_elems=1024 energy=0x1.96p-26 finite=1
ATTR_NAMED_GRAD block=0 name=ln_b_4 grad=2fb6733d grad_elems=1024 param_elems=1024 energy=0x1.42p-21 finite=1
ATTR_NAMED_GRAD block=0 name=ff2_1 grad=b21d3dd5 grad_elems=3145728 param_elems=3145728 energy=0x1.f6p-5 finite=1
ATTR_NAMED_GRAD block=0 name=ff1_1 grad=59e87b1e grad_elems=6291456 param_elems=6291456 energy=0x1.56p-5 finite=1
ATTR_NAMED_GRAD block=0 name=ln_g_3 grad=f530c11c grad_elems=1024 param_elems=1024 energy=0x1.22p-17 finite=1
ATTR_NAMED_GRAD block=0 name=ln_b_3 grad=300dcb29 grad_elems=1024 param_elems=1024 energy=0x1.1cp-17 finite=1
ATTR_NAMED_GRAD block=0 name=ff_bias1_1 grad=d110805f grad_elems=6144 param_elems=6144 energy=0x1.6ep-15 finite=1
ATTR_NAMED_GRAD block=0 name=ff_bias2_1 grad=f4e51f47 grad_elems=1024 param_elems=1024 energy=0x1.cep-9 finite=1
ATTR_NAMED_GRAD block=0 name=w_o_1 grad=a5f6c049 grad_elems=1048576 param_elems=1048576 energy=0x1.cap-14 finite=1
ATTR_NAMED_GRAD block=0 name=w_r_1 grad=7901f8b4 grad_elems=327680 param_elems=327680 energy=0x1.68p-29 finite=1
ATTR_NAMED_GRAD block=0 name=w_kv_1 grad=8fe9a4eb grad_elems=2097152 param_elems=2097152 energy=0x1.e4p-14 finite=1
ATTR_NAMED_GRAD block=0 name=w_q_1 grad=5f2fa46f grad_elems=1048576 param_elems=1048576 energy=0x1p-18 finite=1
ATTR_NAMED_GRAD block=0 name=ln_g_2 grad=b3762437 grad_elems=1024 param_elems=1024 energy=0x1.cp-26 finite=1
ATTR_NAMED_GRAD block=0 name=ln_b_2 grad=56faa465 grad_elems=1024 param_elems=1024 energy=0x1.76p-21 finite=1
ATTR_NAMED_GRAD block=0 name=ff2_0 grad=5ecb485a grad_elems=3145728 param_elems=3145728 energy=0x1.fep-5 finite=1
ATTR_NAMED_GRAD block=0 name=ff1_0 grad=3ac7cdd8 grad_elems=6291456 param_elems=6291456 energy=0x1.5ep-5 finite=1
ATTR_NAMED_GRAD block=0 name=ln_g_1 grad=8ca70089 grad_elems=1024 param_elems=1024 energy=0x1.22p-17 finite=1
ATTR_NAMED_GRAD block=0 name=ln_b_1 grad=c1ae64d0 grad_elems=1024 param_elems=1024 energy=0x1.56p-17 finite=1
ATTR_NAMED_GRAD block=0 name=ff_bias1_0 grad=15c7af44 grad_elems=6144 param_elems=6144 energy=0x1.8p-15 finite=1
ATTR_NAMED_GRAD block=0 name=ff_bias2_0 grad=3a6bd2ba grad_elems=1024 param_elems=1024 energy=0x1.ccp-9 finite=1
ATTR_NAMED_GRAD block=0 name=w_o_0 grad=f8f9a5bf grad_elems=1048576 param_elems=1048576 energy=0x1.d2p-14 finite=1
ATTR_NAMED_GRAD block=0 name=w_r_0 grad=a9cf7bd3 grad_elems=327680 param_elems=327680 energy=0x1.72p-29 finite=1
ATTR_NAMED_GRAD block=0 name=b_r_0 grad=43cfe881 grad_elems=2560 param_elems=2560 energy=0x1.bep-13 finite=1
ATTR_NAMED_GRAD block=0 name=w_kv_0 grad=b4da84d1 grad_elems=2097152 param_elems=2097152 energy=0x1.e4p-14 finite=1
ATTR_NAMED_GRAD block=0 name=w_q_0 grad=3efbd415 grad_elems=1048576 param_elems=1048576 energy=0x1.fep-19 finite=1
ATTR_NAMED_GRAD block=0 name=ln_g_0 grad=b18f95f9 grad_elems=1024 param_elems=1024 energy=0x1.9ep-26 finite=1
ATTR_NAMED_GRAD block=0 name=ln_b_0 grad=dbedd909 grad_elems=1024 param_elems=1024 energy=0x1.6p-21 finite=1
ATTR_NAMED_GRAD block=0 name=embed grad=eb49eabd grad_elems=16785408 param_elems=16785408 energy=0x1.86410cp+0 finite=1
ATTR_NAMED_GRAD block=0 name=ln_g_40 grad=c1d71e41 grad_elems=1024 param_elems=1024 energy=0x1.22p-12 finite=1
ATTR_NAMED_GRAD block=0 name=ln_b_40 grad=cab69bce grad_elems=1024 param_elems=1024 energy=0x1.a4p-11 finite=1
ATTR_NAMED_GRAD block=0 name=out_bias grad=04b93f39 grad_elems=16392 param_elems=16392 energy=0x1.0cp-8 finite=1
ATTR_HEAD arm=1 block=0 weight=39a7b450 bias=5046763a
ATTR_STATE arm=1 block=0 step=2 params=590092d0 memory=dbb3418c
ATTR_NAMED_GRAD block=64 name=embed_out grad=22af962a grad_elems=16785408 param_elems=16785408 energy=0x1.2ap+0 finite=1
ATTR_NAMED_GRAD block=64 name=ff2_19 grad=96983f56 grad_elems=3145728 param_elems=3145728 energy=0x1.0cp-5 finite=1
ATTR_NAMED_GRAD block=64 name=ff1_19 grad=6e4f63ae grad_elems=6291456 param_elems=6291456 energy=0x1.7p-6 finite=1
ATTR_NAMED_GRAD block=64 name=ln_g_39 grad=45cdcca8 grad_elems=1024 param_elems=1024 energy=0x1.6ep-18 finite=1
ATTR_NAMED_GRAD block=64 name=ln_b_39 grad=5596698e grad_elems=1024 param_elems=1024 energy=0x1.72p-18 finite=1
ATTR_NAMED_GRAD block=64 name=ff_bias1_19 grad=16c70466 grad_elems=6144 param_elems=6144 energy=0x1.a4p-16 finite=1
ATTR_NAMED_GRAD block=64 name=ff_bias2_19 grad=d8154fac grad_elems=1024 param_elems=1024 energy=0x1.3ap-9 finite=1
ATTR_NAMED_GRAD block=64 name=w_o_19 grad=4e8fa3de grad_elems=1048576 param_elems=1048576 energy=0x1.9p-11 finite=1
ATTR_NAMED_GRAD block=64 name=w_r_19 grad=fc3fcb0b grad_elems=327680 param_elems=327680 energy=0x1.0ap-27 finite=1
ATTR_NAMED_GRAD block=64 name=w_kv_19 grad=a37dd395 grad_elems=2097152 param_elems=2097152 energy=0x1.94p-11 finite=1
ATTR_NAMED_GRAD block=64 name=w_q_19 grad=3f0ed58d grad_elems=1048576 param_elems=1048576 energy=0x1.3p-16 finite=1
ATTR_NAMED_GRAD block=64 name=ln_g_38 grad=b727979f grad_elems=1024 param_elems=1024 energy=0x1.e2p-26 finite=1
ATTR_NAMED_GRAD block=64 name=ln_b_38 grad=a2801285 grad_elems=1024 param_elems=1024 energy=0x1.24p-21 finite=1
ATTR_NAMED_GRAD block=64 name=ff2_18 grad=b0e4621c grad_elems=3145728 param_elems=3145728 energy=0x1.12p-5 finite=1
ATTR_NAMED_GRAD block=64 name=ff1_18 grad=2bb07f37 grad_elems=6291456 param_elems=6291456 energy=0x1.74p-6 finite=1
ATTR_NAMED_GRAD block=64 name=ln_g_37 grad=821fd6f9 grad_elems=1024 param_elems=1024 energy=0x1.8ap-18 finite=1
ATTR_NAMED_GRAD block=64 name=ln_b_37 grad=bf899822 grad_elems=1024 param_elems=1024 energy=0x1.6p-18 finite=1
ATTR_NAMED_GRAD block=64 name=ff_bias1_18 grad=813ee9ef grad_elems=6144 param_elems=6144 energy=0x1.9ep-16 finite=1
ATTR_NAMED_GRAD block=64 name=ff_bias2_18 grad=e4be11f1 grad_elems=1024 param_elems=1024 energy=0x1.3cp-9 finite=1
ATTR_NAMED_GRAD block=64 name=w_o_18 grad=86f896df grad_elems=1048576 param_elems=1048576 energy=0x1.98p-11 finite=1
ATTR_NAMED_GRAD block=64 name=w_r_18 grad=781c31dd grad_elems=327680 param_elems=327680 energy=0x1.0ep-27 finite=1
ATTR_NAMED_GRAD block=64 name=w_kv_18 grad=75d9f6ba grad_elems=2097152 param_elems=2097152 energy=0x1.9ap-11 finite=1
ATTR_NAMED_GRAD block=64 name=w_q_18 grad=11dc0356 grad_elems=1048576 param_elems=1048576 energy=0x1.2cp-16 finite=1
ATTR_NAMED_GRAD block=64 name=ln_g_36 grad=716c7b06 grad_elems=1024 param_elems=1024 energy=0x1.cep-26 finite=1
ATTR_NAMED_GRAD block=64 name=ln_b_36 grad=eda3ec7d grad_elems=1024 param_elems=1024 energy=0x1.34p-21 finite=1
ATTR_NAMED_GRAD block=64 name=ff2_17 grad=9ea789fd grad_elems=3145728 param_elems=3145728 energy=0x1.18p-5 finite=1
ATTR_NAMED_GRAD block=64 name=ff1_17 grad=7597370f grad_elems=6291456 param_elems=6291456 energy=0x1.7ep-6 finite=1
ATTR_NAMED_GRAD block=64 name=ln_g_35 grad=9a3b541d grad_elems=1024 param_elems=1024 energy=0x1.8ep-18 finite=1
ATTR_NAMED_GRAD block=64 name=ln_b_35 grad=d2e69a49 grad_elems=1024 param_elems=1024 energy=0x1.6ap-18 finite=1
ATTR_NAMED_GRAD block=64 name=ff_bias1_17 grad=4e54ba33 grad_elems=6144 param_elems=6144 energy=0x1.aap-16 finite=1
ATTR_NAMED_GRAD block=64 name=ff_bias2_17 grad=0c1b28cc grad_elems=1024 param_elems=1024 energy=0x1.3ep-9 finite=1
ATTR_NAMED_GRAD block=64 name=w_o_17 grad=f107b0ee grad_elems=1048576 param_elems=1048576 energy=0x1.86p-11 finite=1
ATTR_NAMED_GRAD block=64 name=w_r_17 grad=ee68fcfc grad_elems=327680 param_elems=327680 energy=0x1.14p-27 finite=1
ATTR_NAMED_GRAD block=64 name=w_kv_17 grad=1752437e grad_elems=2097152 param_elems=2097152 energy=0x1.8ep-11 finite=1
ATTR_NAMED_GRAD block=64 name=w_q_17 grad=e9e06edf grad_elems=1048576 param_elems=1048576 energy=0x1.3p-16 finite=1
ATTR_NAMED_GRAD block=64 name=ln_g_34 grad=a7a92650 grad_elems=1024 param_elems=1024 energy=0x1.8cp-26 finite=1
ATTR_NAMED_GRAD block=64 name=ln_b_34 grad=5803450b grad_elems=1024 param_elems=1024 energy=0x1.16p-21 finite=1
ATTR_NAMED_GRAD block=64 name=ff2_16 grad=57654f6c grad_elems=3145728 param_elems=3145728 energy=0x1.2p-5 finite=1
ATTR_NAMED_GRAD block=64 name=ff1_16 grad=ac078eb2 grad_elems=6291456 param_elems=6291456 energy=0x1.86p-6 finite=1
ATTR_NAMED_GRAD block=64 name=ln_g_33 grad=6c00ab77 grad_elems=1024 param_elems=1024 energy=0x1.76p-18 finite=1
ATTR_NAMED_GRAD block=64 name=ln_b_33 grad=8f20cc60 grad_elems=1024 param_elems=1024 energy=0x1.5cp-18 finite=1
ATTR_NAMED_GRAD block=64 name=ff_bias1_16 grad=26c5b50f grad_elems=6144 param_elems=6144 energy=0x1.aap-16 finite=1
ATTR_NAMED_GRAD block=64 name=ff_bias2_16 grad=2b15a6db grad_elems=1024 param_elems=1024 energy=0x1.4p-9 finite=1
ATTR_NAMED_GRAD block=64 name=w_o_16 grad=397c224f grad_elems=1048576 param_elems=1048576 energy=0x1.9ap-11 finite=1
ATTR_NAMED_GRAD block=64 name=w_r_16 grad=04249291 grad_elems=327680 param_elems=327680 energy=0x1.16p-27 finite=1
ATTR_NAMED_GRAD block=64 name=w_kv_16 grad=7e31445e grad_elems=2097152 param_elems=2097152 energy=0x1.9cp-11 finite=1
ATTR_NAMED_GRAD block=64 name=w_q_16 grad=beb1389f grad_elems=1048576 param_elems=1048576 energy=0x1.3ep-16 finite=1
ATTR_NAMED_GRAD block=64 name=ln_g_32 grad=031b0a71 grad_elems=1024 param_elems=1024 energy=0x1.b6p-26 finite=1
ATTR_NAMED_GRAD block=64 name=ln_b_32 grad=6a123a48 grad_elems=1024 param_elems=1024 energy=0x1.34p-21 finite=1
ATTR_NAMED_GRAD block=64 name=ff2_15 grad=eca19dd5 grad_elems=3145728 param_elems=3145728 energy=0x1.22p-5 finite=1
ATTR_NAMED_GRAD block=64 name=ff1_15 grad=db383112 grad_elems=6291456 param_elems=6291456 energy=0x1.8cp-6 finite=1
ATTR_NAMED_GRAD block=64 name=ln_g_31 grad=30e2a1c0 grad_elems=1024 param_elems=1024 energy=0x1.7ap-18 finite=1
ATTR_NAMED_GRAD block=64 name=ln_b_31 grad=6f449411 grad_elems=1024 param_elems=1024 energy=0x1.4ap-18 finite=1
ATTR_NAMED_GRAD block=64 name=ff_bias1_15 grad=371b4844 grad_elems=6144 param_elems=6144 energy=0x1.a4p-16 finite=1
ATTR_NAMED_GRAD block=64 name=ff_bias2_15 grad=0581ed23 grad_elems=1024 param_elems=1024 energy=0x1.44p-9 finite=1
ATTR_NAMED_GRAD block=64 name=w_o_15 grad=9c21e64b grad_elems=1048576 param_elems=1048576 energy=0x1.9ap-11 finite=1
ATTR_NAMED_GRAD block=64 name=w_r_15 grad=5884bf90 grad_elems=327680 param_elems=327680 energy=0x1.1cp-27 finite=1
ATTR_NAMED_GRAD block=64 name=w_kv_15 grad=c39ba14f grad_elems=2097152 param_elems=2097152 energy=0x1.96p-11 finite=1
ATTR_NAMED_GRAD block=64 name=w_q_15 grad=b449ce96 grad_elems=1048576 param_elems=1048576 energy=0x1.42p-16 finite=1
ATTR_NAMED_GRAD block=64 name=ln_g_30 grad=335caf2d grad_elems=1024 param_elems=1024 energy=0x1.84p-26 finite=1
ATTR_NAMED_GRAD block=64 name=ln_b_30 grad=9a7c110a grad_elems=1024 param_elems=1024 energy=0x1.12p-21 finite=1
ATTR_NAMED_GRAD block=64 name=ff2_14 grad=3c217d16 grad_elems=3145728 param_elems=3145728 energy=0x1.2ap-5 finite=1
ATTR_NAMED_GRAD block=64 name=ff1_14 grad=ceef99b2 grad_elems=6291456 param_elems=6291456 energy=0x1.96p-6 finite=1
ATTR_NAMED_GRAD block=64 name=ln_g_29 grad=b0c54216 grad_elems=1024 param_elems=1024 energy=0x1.5ap-18 finite=1
ATTR_NAMED_GRAD block=64 name=ln_b_29 grad=07e006be grad_elems=1024 param_elems=1024 energy=0x1.7ap-18 finite=1
ATTR_NAMED_GRAD block=64 name=ff_bias1_14 grad=530c07ea grad_elems=6144 param_elems=6144 energy=0x1.bp-16 finite=1
ATTR_NAMED_GRAD block=64 name=ff_bias2_14 grad=4f6f1d72 grad_elems=1024 param_elems=1024 energy=0x1.48p-9 finite=1
ATTR_NAMED_GRAD block=64 name=w_o_14 grad=cd76bea1 grad_elems=1048576 param_elems=1048576 energy=0x1.94p-11 finite=1
ATTR_NAMED_GRAD block=64 name=w_r_14 grad=26a2e46f grad_elems=327680 param_elems=327680 energy=0x1.26p-27 finite=1
ATTR_NAMED_GRAD block=64 name=w_kv_14 grad=8184c386 grad_elems=2097152 param_elems=2097152 energy=0x1.88p-11 finite=1
ATTR_NAMED_GRAD block=64 name=w_q_14 grad=a26c353b grad_elems=1048576 param_elems=1048576 energy=0x1.46p-16 finite=1
ATTR_NAMED_GRAD block=64 name=ln_g_28 grad=9d47ea34 grad_elems=1024 param_elems=1024 energy=0x1.76p-26 finite=1
ATTR_NAMED_GRAD block=64 name=ln_b_28 grad=3d7407e5 grad_elems=1024 param_elems=1024 energy=0x1.2cp-21 finite=1
ATTR_NAMED_GRAD block=64 name=ff2_13 grad=7ecfd282 grad_elems=3145728 param_elems=3145728 energy=0x1.3p-5 finite=1
ATTR_NAMED_GRAD block=64 name=ff1_13 grad=5602bcbb grad_elems=6291456 param_elems=6291456 energy=0x1.9ep-6 finite=1
ATTR_NAMED_GRAD block=64 name=ln_g_27 grad=4d3f0623 grad_elems=1024 param_elems=1024 energy=0x1.94p-18 finite=1
ATTR_NAMED_GRAD block=64 name=ln_b_27 grad=83e9bada grad_elems=1024 param_elems=1024 energy=0x1.92p-18 finite=1
ATTR_NAMED_GRAD block=64 name=ff_bias1_13 grad=5af912d2 grad_elems=6144 param_elems=6144 energy=0x1.ccp-16 finite=1
ATTR_NAMED_GRAD block=64 name=ff_bias2_13 grad=9103f511 grad_elems=1024 param_elems=1024 energy=0x1.4ep-9 finite=1
ATTR_NAMED_GRAD block=64 name=w_o_13 grad=0a08e9d5 grad_elems=1048576 param_elems=1048576 energy=0x1.82p-11 finite=1
ATTR_NAMED_GRAD block=64 name=w_r_13 grad=871b0227 grad_elems=327680 param_elems=327680 energy=0x1.26p-27 finite=1
ATTR_NAMED_GRAD block=64 name=w_kv_13 grad=5416c626 grad_elems=2097152 param_elems=2097152 energy=0x1.76p-11 finite=1
ATTR_NAMED_GRAD block=64 name=w_q_13 grad=a78e2522 grad_elems=1048576 param_elems=1048576 energy=0x1.42p-16 finite=1
ATTR_NAMED_GRAD block=64 name=ln_g_26 grad=ab1dc4d1 grad_elems=1024 param_elems=1024 energy=0x1.9cp-26 finite=1
ATTR_NAMED_GRAD block=64 name=ln_b_26 grad=2cb4629f grad_elems=1024 param_elems=1024 energy=0x1.0ep-21 finite=1
ATTR_NAMED_GRAD block=64 name=ff2_12 grad=43621610 grad_elems=3145728 param_elems=3145728 energy=0x1.38p-5 finite=1
ATTR_NAMED_GRAD block=64 name=ff1_12 grad=eda29504 grad_elems=6291456 param_elems=6291456 energy=0x1.aap-6 finite=1
ATTR_NAMED_GRAD block=64 name=ln_g_25 grad=88cbb2e1 grad_elems=1024 param_elems=1024 energy=0x1.9ep-18 finite=1
ATTR_NAMED_GRAD block=64 name=ln_b_25 grad=e981009d grad_elems=1024 param_elems=1024 energy=0x1.92p-18 finite=1
ATTR_NAMED_GRAD block=64 name=ff_bias1_12 grad=b56254d8 grad_elems=6144 param_elems=6144 energy=0x1.dcp-16 finite=1
ATTR_NAMED_GRAD block=64 name=ff_bias2_12 grad=2ee7982b grad_elems=1024 param_elems=1024 energy=0x1.52p-9 finite=1
ATTR_NAMED_GRAD block=64 name=w_o_12 grad=a24eb531 grad_elems=1048576 param_elems=1048576 energy=0x1.78p-11 finite=1
ATTR_NAMED_GRAD block=64 name=w_r_12 grad=34870909 grad_elems=327680 param_elems=327680 energy=0x1.2ep-27 finite=1
ATTR_NAMED_GRAD block=64 name=w_kv_12 grad=7a251ffd grad_elems=2097152 param_elems=2097152 energy=0x1.7cp-11 finite=1
ATTR_NAMED_GRAD block=64 name=w_q_12 grad=b6f50599 grad_elems=1048576 param_elems=1048576 energy=0x1.4ap-16 finite=1
ATTR_NAMED_GRAD block=64 name=ln_g_24 grad=95d60095 grad_elems=1024 param_elems=1024 energy=0x1.9p-26 finite=1
ATTR_NAMED_GRAD block=64 name=ln_b_24 grad=929de7c1 grad_elems=1024 param_elems=1024 energy=0x1.0ep-21 finite=1
ATTR_NAMED_GRAD block=64 name=ff2_11 grad=cb213c51 grad_elems=3145728 param_elems=3145728 energy=0x1.4p-5 finite=1
ATTR_NAMED_GRAD block=64 name=ff1_11 grad=73e45f1e grad_elems=6291456 param_elems=6291456 energy=0x1.b4p-6 finite=1
ATTR_NAMED_GRAD block=64 name=ln_g_23 grad=31faae1d grad_elems=1024 param_elems=1024 energy=0x1.b4p-18 finite=1
ATTR_NAMED_GRAD block=64 name=ln_b_23 grad=cb940c4d grad_elems=1024 param_elems=1024 energy=0x1.98p-18 finite=1
ATTR_NAMED_GRAD block=64 name=ff_bias1_11 grad=0688fb43 grad_elems=6144 param_elems=6144 energy=0x1.dap-16 finite=1
ATTR_NAMED_GRAD block=64 name=ff_bias2_11 grad=e6f0913d grad_elems=1024 param_elems=1024 energy=0x1.56p-9 finite=1
ATTR_NAMED_GRAD block=64 name=w_o_11 grad=7303fac0 grad_elems=1048576 param_elems=1048576 energy=0x1.8ap-11 finite=1
ATTR_NAMED_GRAD block=64 name=w_r_11 grad=5680e899 grad_elems=327680 param_elems=327680 energy=0x1.38p-27 finite=1
ATTR_NAMED_GRAD block=64 name=w_kv_11 grad=2a76d99d grad_elems=2097152 param_elems=2097152 energy=0x1.86p-11 finite=1
ATTR_NAMED_GRAD block=64 name=w_q_11 grad=a20048b5 grad_elems=1048576 param_elems=1048576 energy=0x1.52p-16 finite=1
ATTR_NAMED_GRAD block=64 name=ln_g_22 grad=0f23a9e8 grad_elems=1024 param_elems=1024 energy=0x1.ap-26 finite=1
ATTR_NAMED_GRAD block=64 name=ln_b_22 grad=9d2ff30c grad_elems=1024 param_elems=1024 energy=0x1.32p-21 finite=1
ATTR_NAMED_GRAD block=64 name=ff2_10 grad=95ece369 grad_elems=3145728 param_elems=3145728 energy=0x1.48p-5 finite=1
ATTR_NAMED_GRAD block=64 name=ff1_10 grad=e9204bff grad_elems=6291456 param_elems=6291456 energy=0x1.bcp-6 finite=1
ATTR_NAMED_GRAD block=64 name=ln_g_21 grad=482efa0b grad_elems=1024 param_elems=1024 energy=0x1.88p-18 finite=1
ATTR_NAMED_GRAD block=64 name=ln_b_21 grad=9db6c267 grad_elems=1024 param_elems=1024 energy=0x1.94p-18 finite=1
ATTR_NAMED_GRAD block=64 name=ff_bias1_10 grad=592e5dda grad_elems=6144 param_elems=6144 energy=0x1.e6p-16 finite=1
ATTR_NAMED_GRAD block=64 name=ff_bias2_10 grad=4eadf275 grad_elems=1024 param_elems=1024 energy=0x1.5ap-9 finite=1
ATTR_NAMED_GRAD block=64 name=w_o_10 grad=847efa8c grad_elems=1048576 param_elems=1048576 energy=0x1.84p-11 finite=1
ATTR_NAMED_GRAD block=64 name=w_r_10 grad=b04ce3de grad_elems=327680 param_elems=327680 energy=0x1.42p-27 finite=1
ATTR_NAMED_GRAD block=64 name=w_kv_10 grad=8ecb1a14 grad_elems=2097152 param_elems=2097152 energy=0x1.8ap-11 finite=1
ATTR_NAMED_GRAD block=64 name=w_q_10 grad=47b57f1f grad_elems=1048576 param_elems=1048576 energy=0x1.6p-16 finite=1
ATTR_NAMED_GRAD block=64 name=ln_g_20 grad=ba5d78a3 grad_elems=1024 param_elems=1024 energy=0x1.84p-26 finite=1
ATTR_NAMED_GRAD block=64 name=ln_b_20 grad=2729a516 grad_elems=1024 param_elems=1024 energy=0x1.2ep-21 finite=1
ATTR_NAMED_GRAD block=64 name=ff2_9 grad=7e31d8ec grad_elems=3145728 param_elems=3145728 energy=0x1.4ep-5 finite=1
ATTR_NAMED_GRAD block=64 name=ff1_9 grad=29e6fa08 grad_elems=6291456 param_elems=6291456 energy=0x1.c4p-6 finite=1
ATTR_NAMED_GRAD block=64 name=ln_g_19 grad=16306954 grad_elems=1024 param_elems=1024 energy=0x1.a4p-18 finite=1
ATTR_NAMED_GRAD block=64 name=ln_b_19 grad=a4e19480 grad_elems=1024 param_elems=1024 energy=0x1.9cp-18 finite=1
ATTR_NAMED_GRAD block=64 name=ff_bias1_9 grad=c0f05b0d grad_elems=6144 param_elems=6144 energy=0x1.eep-16 finite=1
ATTR_NAMED_GRAD block=64 name=ff_bias2_9 grad=0f697aa2 grad_elems=1024 param_elems=1024 energy=0x1.6p-9 finite=1
ATTR_NAMED_GRAD block=64 name=w_o_9 grad=6ef5aacb grad_elems=1048576 param_elems=1048576 energy=0x1.8ap-11 finite=1
ATTR_NAMED_GRAD block=64 name=w_r_9 grad=4418ba4c grad_elems=327680 param_elems=327680 energy=0x1.46p-27 finite=1
ATTR_NAMED_GRAD block=64 name=w_kv_9 grad=cfde063a grad_elems=2097152 param_elems=2097152 energy=0x1.82p-11 finite=1
ATTR_NAMED_GRAD block=64 name=w_q_9 grad=5811ffd2 grad_elems=1048576 param_elems=1048576 energy=0x1.68p-16 finite=1
ATTR_NAMED_GRAD block=64 name=ln_g_18 grad=cf3ec6d8 grad_elems=1024 param_elems=1024 energy=0x1.5ap-26 finite=1
ATTR_NAMED_GRAD block=64 name=ln_b_18 grad=ea0686be grad_elems=1024 param_elems=1024 energy=0x1.2ep-21 finite=1
ATTR_NAMED_GRAD block=64 name=ff2_8 grad=c1393ceb grad_elems=3145728 param_elems=3145728 energy=0x1.56p-5 finite=1
ATTR_NAMED_GRAD block=64 name=ff1_8 grad=dd01731b grad_elems=6291456 param_elems=6291456 energy=0x1.dp-6 finite=1
ATTR_NAMED_GRAD block=64 name=ln_g_17 grad=82bbd19e grad_elems=1024 param_elems=1024 energy=0x1.cap-18 finite=1
ATTR_NAMED_GRAD block=64 name=ln_b_17 grad=84795e9c grad_elems=1024 param_elems=1024 energy=0x1.cp-18 finite=1
ATTR_NAMED_GRAD block=64 name=ff_bias1_8 grad=276d734e grad_elems=6144 param_elems=6144 energy=0x1.f6p-16 finite=1
ATTR_NAMED_GRAD block=64 name=ff_bias2_8 grad=258cfd60 grad_elems=1024 param_elems=1024 energy=0x1.68p-9 finite=1
ATTR_NAMED_GRAD block=64 name=w_o_8 grad=80c481c1 grad_elems=1048576 param_elems=1048576 energy=0x1.9p-11 finite=1
ATTR_NAMED_GRAD block=64 name=w_r_8 grad=a47ea86e grad_elems=327680 param_elems=327680 energy=0x1.5p-27 finite=1
ATTR_NAMED_GRAD block=64 name=w_kv_8 grad=96d5a282 grad_elems=2097152 param_elems=2097152 energy=0x1.8ap-11 finite=1
ATTR_NAMED_GRAD block=64 name=w_q_8 grad=742da8db grad_elems=1048576 param_elems=1048576 energy=0x1.68p-16 finite=1
ATTR_NAMED_GRAD block=64 name=ln_g_16 grad=14729b0b grad_elems=1024 param_elems=1024 energy=0x1.a6p-26 finite=1
ATTR_NAMED_GRAD block=64 name=ln_b_16 grad=8f08b4f5 grad_elems=1024 param_elems=1024 energy=0x1.2ep-21 finite=1
ATTR_NAMED_GRAD block=64 name=ff2_7 grad=3c90c107 grad_elems=3145728 param_elems=3145728 energy=0x1.5ep-5 finite=1
ATTR_NAMED_GRAD block=64 name=ff1_7 grad=248241e8 grad_elems=6291456 param_elems=6291456 energy=0x1.dcp-6 finite=1
ATTR_NAMED_GRAD block=64 name=ln_g_15 grad=cff901f5 grad_elems=1024 param_elems=1024 energy=0x1.d4p-18 finite=1
ATTR_NAMED_GRAD block=64 name=ln_b_15 grad=5c52a164 grad_elems=1024 param_elems=1024 energy=0x1.c4p-18 finite=1
ATTR_NAMED_GRAD block=64 name=ff_bias1_7 grad=b92cf857 grad_elems=6144 param_elems=6144 energy=0x1.fcp-16 finite=1
ATTR_NAMED_GRAD block=64 name=ff_bias2_7 grad=839d7459 grad_elems=1024 param_elems=1024 energy=0x1.6cp-9 finite=1
ATTR_NAMED_GRAD block=64 name=w_o_7 grad=63f235e6 grad_elems=1048576 param_elems=1048576 energy=0x1.7ep-11 finite=1
ATTR_NAMED_GRAD block=64 name=w_r_7 grad=c6d637d1 grad_elems=327680 param_elems=327680 energy=0x1.54p-27 finite=1
ATTR_NAMED_GRAD block=64 name=w_kv_7 grad=36065108 grad_elems=2097152 param_elems=2097152 energy=0x1.9p-11 finite=1
ATTR_NAMED_GRAD block=64 name=w_q_7 grad=a633c1f3 grad_elems=1048576 param_elems=1048576 energy=0x1.7p-16 finite=1
ATTR_NAMED_GRAD block=64 name=ln_g_14 grad=ef44ef05 grad_elems=1024 param_elems=1024 energy=0x1.a6p-26 finite=1
ATTR_NAMED_GRAD block=64 name=ln_b_14 grad=1b6c8953 grad_elems=1024 param_elems=1024 energy=0x1.4cp-21 finite=1
ATTR_NAMED_GRAD block=64 name=ff2_6 grad=791ea162 grad_elems=3145728 param_elems=3145728 energy=0x1.66p-5 finite=1
ATTR_NAMED_GRAD block=64 name=ff1_6 grad=7cd57e68 grad_elems=6291456 param_elems=6291456 energy=0x1.ecp-6 finite=1
ATTR_NAMED_GRAD block=64 name=ln_g_13 grad=875e1284 grad_elems=1024 param_elems=1024 energy=0x1.dp-18 finite=1
ATTR_NAMED_GRAD block=64 name=ln_b_13 grad=530af6fa grad_elems=1024 param_elems=1024 energy=0x1.bp-18 finite=1
ATTR_NAMED_GRAD block=64 name=ff_bias1_6 grad=afcfd639 grad_elems=6144 param_elems=6144 energy=0x1.06p-15 finite=1
ATTR_NAMED_GRAD block=64 name=ff_bias2_6 grad=140659f1 grad_elems=1024 param_elems=1024 energy=0x1.6ep-9 finite=1
ATTR_NAMED_GRAD block=64 name=w_o_6 grad=4f6247d3 grad_elems=1048576 param_elems=1048576 energy=0x1.82p-11 finite=1
ATTR_NAMED_GRAD block=64 name=w_r_6 grad=0a7ed4d5 grad_elems=327680 param_elems=327680 energy=0x1.5cp-27 finite=1
ATTR_NAMED_GRAD block=64 name=w_kv_6 grad=1df188fa grad_elems=2097152 param_elems=2097152 energy=0x1.86p-11 finite=1
ATTR_NAMED_GRAD block=64 name=w_q_6 grad=7511ab91 grad_elems=1048576 param_elems=1048576 energy=0x1.7ap-16 finite=1
ATTR_NAMED_GRAD block=64 name=ln_g_12 grad=3a8a38ed grad_elems=1024 param_elems=1024 energy=0x1.9ep-26 finite=1
ATTR_NAMED_GRAD block=64 name=ln_b_12 grad=d4b8efea grad_elems=1024 param_elems=1024 energy=0x1.1cp-21 finite=1
ATTR_NAMED_GRAD block=64 name=ff2_5 grad=12cd14c8 grad_elems=3145728 param_elems=3145728 energy=0x1.6cp-5 finite=1
ATTR_NAMED_GRAD block=64 name=ff1_5 grad=247f3b4f grad_elems=6291456 param_elems=6291456 energy=0x1.f2p-6 finite=1
ATTR_NAMED_GRAD block=64 name=ln_g_11 grad=79c44344 grad_elems=1024 param_elems=1024 energy=0x1.9ep-18 finite=1
ATTR_NAMED_GRAD block=64 name=ln_b_11 grad=2a580fb0 grad_elems=1024 param_elems=1024 energy=0x1.c4p-18 finite=1
ATTR_NAMED_GRAD block=64 name=ff_bias1_5 grad=588b3b46 grad_elems=6144 param_elems=6144 energy=0x1.08p-15 finite=1
ATTR_NAMED_GRAD block=64 name=ff_bias2_5 grad=3939d367 grad_elems=1024 param_elems=1024 energy=0x1.74p-9 finite=1
ATTR_NAMED_GRAD block=64 name=w_o_5 grad=8d2ef647 grad_elems=1048576 param_elems=1048576 energy=0x1.9p-11 finite=1
ATTR_NAMED_GRAD block=64 name=w_r_5 grad=0e9804e7 grad_elems=327680 param_elems=327680 energy=0x1.68p-27 finite=1
ATTR_NAMED_GRAD block=64 name=w_kv_5 grad=0cf63c33 grad_elems=2097152 param_elems=2097152 energy=0x1.9p-11 finite=1
ATTR_NAMED_GRAD block=64 name=w_q_5 grad=0b4c8236 grad_elems=1048576 param_elems=1048576 energy=0x1.8p-16 finite=1
ATTR_NAMED_GRAD block=64 name=ln_g_10 grad=a1e71167 grad_elems=1024 param_elems=1024 energy=0x1.86p-26 finite=1
ATTR_NAMED_GRAD block=64 name=ln_b_10 grad=5943a5fb grad_elems=1024 param_elems=1024 energy=0x1.34p-21 finite=1
ATTR_NAMED_GRAD block=64 name=ff2_4 grad=257c0a91 grad_elems=3145728 param_elems=3145728 energy=0x1.7ap-5 finite=1
ATTR_NAMED_GRAD block=64 name=ff1_4 grad=d1709a4b grad_elems=6291456 param_elems=6291456 energy=0x1p-5 finite=1
ATTR_NAMED_GRAD block=64 name=ln_g_9 grad=d1417650 grad_elems=1024 param_elems=1024 energy=0x1.d6p-18 finite=1
ATTR_NAMED_GRAD block=64 name=ln_b_9 grad=3da6f13a grad_elems=1024 param_elems=1024 energy=0x1.e6p-18 finite=1
ATTR_NAMED_GRAD block=64 name=ff_bias1_4 grad=58144265 grad_elems=6144 param_elems=6144 energy=0x1.16p-15 finite=1
ATTR_NAMED_GRAD block=64 name=ff_bias2_4 grad=604c8336 grad_elems=1024 param_elems=1024 energy=0x1.76p-9 finite=1
ATTR_NAMED_GRAD block=64 name=w_o_4 grad=0535588e grad_elems=1048576 param_elems=1048576 energy=0x1.88p-11 finite=1
ATTR_NAMED_GRAD block=64 name=w_r_4 grad=88a286af grad_elems=327680 param_elems=327680 energy=0x1.76p-27 finite=1
ATTR_NAMED_GRAD block=64 name=w_kv_4 grad=eee953de grad_elems=2097152 param_elems=2097152 energy=0x1.8ap-11 finite=1
ATTR_NAMED_GRAD block=64 name=w_q_4 grad=44c89a9f grad_elems=1048576 param_elems=1048576 energy=0x1.9cp-16 finite=1
ATTR_NAMED_GRAD block=64 name=ln_g_8 grad=1dedb003 grad_elems=1024 param_elems=1024 energy=0x1.78p-26 finite=1
ATTR_NAMED_GRAD block=64 name=ln_b_8 grad=ef97f7d2 grad_elems=1024 param_elems=1024 energy=0x1.4p-21 finite=1
ATTR_NAMED_GRAD block=64 name=ff2_3 grad=411f5e85 grad_elems=3145728 param_elems=3145728 energy=0x1.84p-5 finite=1
ATTR_NAMED_GRAD block=64 name=ff1_3 grad=f80895dc grad_elems=6291456 param_elems=6291456 energy=0x1.0ap-5 finite=1
ATTR_NAMED_GRAD block=64 name=ln_g_7 grad=3354877f grad_elems=1024 param_elems=1024 energy=0x1.cap-18 finite=1
ATTR_NAMED_GRAD block=64 name=ln_b_7 grad=36e0056e grad_elems=1024 param_elems=1024 energy=0x1.c6p-18 finite=1
ATTR_NAMED_GRAD block=64 name=ff_bias1_3 grad=b1f40f3e grad_elems=6144 param_elems=6144 energy=0x1.1ap-15 finite=1
ATTR_NAMED_GRAD block=64 name=ff_bias2_3 grad=f5905346 grad_elems=1024 param_elems=1024 energy=0x1.74p-9 finite=1
ATTR_NAMED_GRAD block=64 name=w_o_3 grad=5e969bc0 grad_elems=1048576 param_elems=1048576 energy=0x1.86p-11 finite=1
ATTR_NAMED_GRAD block=64 name=w_r_3 grad=869cd6f4 grad_elems=327680 param_elems=327680 energy=0x1.7cp-27 finite=1
ATTR_NAMED_GRAD block=64 name=w_kv_3 grad=e0c85823 grad_elems=2097152 param_elems=2097152 energy=0x1.8ep-11 finite=1
ATTR_NAMED_GRAD block=64 name=w_q_3 grad=dfde40b4 grad_elems=1048576 param_elems=1048576 energy=0x1.94p-16 finite=1
ATTR_NAMED_GRAD block=64 name=ln_g_6 grad=c5539a63 grad_elems=1024 param_elems=1024 energy=0x1.74p-26 finite=1
ATTR_NAMED_GRAD block=64 name=ln_b_6 grad=3246063d grad_elems=1024 param_elems=1024 energy=0x1.44p-21 finite=1
ATTR_NAMED_GRAD block=64 name=ff2_2 grad=e653c5fb grad_elems=3145728 param_elems=3145728 energy=0x1.8cp-5 finite=1
ATTR_NAMED_GRAD block=64 name=ff1_2 grad=151b0e1d grad_elems=6291456 param_elems=6291456 energy=0x1.0ep-5 finite=1
ATTR_NAMED_GRAD block=64 name=ln_g_5 grad=39a4726b grad_elems=1024 param_elems=1024 energy=0x1.e6p-18 finite=1
ATTR_NAMED_GRAD block=64 name=ln_b_5 grad=3fbc6cb4 grad_elems=1024 param_elems=1024 energy=0x1.dap-18 finite=1
ATTR_NAMED_GRAD block=64 name=ff_bias1_2 grad=0a836652 grad_elems=6144 param_elems=6144 energy=0x1.2ap-15 finite=1
ATTR_NAMED_GRAD block=64 name=ff_bias2_2 grad=fb63b4d1 grad_elems=1024 param_elems=1024 energy=0x1.7ep-9 finite=1
ATTR_NAMED_GRAD block=64 name=w_o_2 grad=2cde3615 grad_elems=1048576 param_elems=1048576 energy=0x1.8ap-11 finite=1
ATTR_NAMED_GRAD block=64 name=w_r_2 grad=5bfc2f66 grad_elems=327680 param_elems=327680 energy=0x1.8p-27 finite=1
ATTR_NAMED_GRAD block=64 name=w_kv_2 grad=0c17a93e grad_elems=2097152 param_elems=2097152 energy=0x1.92p-11 finite=1
ATTR_NAMED_GRAD block=64 name=w_q_2 grad=aa339f57 grad_elems=1048576 param_elems=1048576 energy=0x1.a2p-16 finite=1
ATTR_NAMED_GRAD block=64 name=ln_g_4 grad=882c8796 grad_elems=1024 param_elems=1024 energy=0x1.8ep-26 finite=1
ATTR_NAMED_GRAD block=64 name=ln_b_4 grad=46342ea5 grad_elems=1024 param_elems=1024 energy=0x1.3p-21 finite=1
ATTR_NAMED_GRAD block=64 name=ff2_1 grad=2810b62b grad_elems=3145728 param_elems=3145728 energy=0x1.9ap-5 finite=1
ATTR_NAMED_GRAD block=64 name=ff1_1 grad=cd2dc74c grad_elems=6291456 param_elems=6291456 energy=0x1.16p-5 finite=1
ATTR_NAMED_GRAD block=64 name=ln_g_3 grad=d5cbdc0f grad_elems=1024 param_elems=1024 energy=0x1.ep-18 finite=1
ATTR_NAMED_GRAD block=64 name=ln_b_3 grad=8b6c51a1 grad_elems=1024 param_elems=1024 energy=0x1.bep-18 finite=1
ATTR_NAMED_GRAD block=64 name=ff_bias1_1 grad=81398ef6 grad_elems=6144 param_elems=6144 energy=0x1.22p-15 finite=1
ATTR_NAMED_GRAD block=64 name=ff_bias2_1 grad=fb346112 grad_elems=1024 param_elems=1024 energy=0x1.84p-9 finite=1
ATTR_NAMED_GRAD block=64 name=w_o_1 grad=b8e67a5a grad_elems=1048576 param_elems=1048576 energy=0x1.92p-11 finite=1
ATTR_NAMED_GRAD block=64 name=w_r_1 grad=af441aa8 grad_elems=327680 param_elems=327680 energy=0x1.92p-27 finite=1
ATTR_NAMED_GRAD block=64 name=w_kv_1 grad=3f4fadf8 grad_elems=2097152 param_elems=2097152 energy=0x1.9cp-11 finite=1
ATTR_NAMED_GRAD block=64 name=w_q_1 grad=1dcf737c grad_elems=1048576 param_elems=1048576 energy=0x1.b2p-16 finite=1
ATTR_NAMED_GRAD block=64 name=ln_g_2 grad=4309a4c7 grad_elems=1024 param_elems=1024 energy=0x1.7cp-26 finite=1
ATTR_NAMED_GRAD block=64 name=ln_b_2 grad=eaaee86d grad_elems=1024 param_elems=1024 energy=0x1.54p-21 finite=1
ATTR_NAMED_GRAD block=64 name=ff2_0 grad=c1b80e7f grad_elems=3145728 param_elems=3145728 energy=0x1.ap-5 finite=1
ATTR_NAMED_GRAD block=64 name=ff1_0 grad=bb7a01e6 grad_elems=6291456 param_elems=6291456 energy=0x1.2p-5 finite=1
ATTR_NAMED_GRAD block=64 name=ln_g_1 grad=9060324b grad_elems=1024 param_elems=1024 energy=0x1.02p-17 finite=1
ATTR_NAMED_GRAD block=64 name=ln_b_1 grad=4efbbfaa grad_elems=1024 param_elems=1024 energy=0x1.e8p-18 finite=1
ATTR_NAMED_GRAD block=64 name=ff_bias1_0 grad=f020c598 grad_elems=6144 param_elems=6144 energy=0x1.32p-15 finite=1
ATTR_NAMED_GRAD block=64 name=ff_bias2_0 grad=7d59360a grad_elems=1024 param_elems=1024 energy=0x1.8ap-9 finite=1
ATTR_NAMED_GRAD block=64 name=w_o_0 grad=d0dd1961 grad_elems=1048576 param_elems=1048576 energy=0x1.94p-11 finite=1
ATTR_NAMED_GRAD block=64 name=w_r_0 grad=ce9863c9 grad_elems=327680 param_elems=327680 energy=0x1.9ep-27 finite=1
ATTR_NAMED_GRAD block=64 name=b_r_0 grad=707ab971 grad_elems=2560 param_elems=2560 energy=0x1.fap-8 finite=1
ATTR_NAMED_GRAD block=64 name=w_kv_0 grad=7a7ea715 grad_elems=2097152 param_elems=2097152 energy=0x1.a6p-11 finite=1
ATTR_NAMED_GRAD block=64 name=w_q_0 grad=0c496b57 grad_elems=1048576 param_elems=1048576 energy=0x1.bap-16 finite=1
ATTR_NAMED_GRAD block=64 name=ln_g_0 grad=ec1bbc9a grad_elems=1024 param_elems=1024 energy=0x1.ap-26 finite=1
ATTR_NAMED_GRAD block=64 name=ln_b_0 grad=9327b1d7 grad_elems=1024 param_elems=1024 energy=0x1.54p-21 finite=1
ATTR_NAMED_GRAD block=64 name=embed grad=29528835 grad_elems=16785408 param_elems=16785408 energy=0x1.3d87b4p+0 finite=1
ATTR_NAMED_GRAD block=64 name=ln_g_40 grad=0bbfbfef grad_elems=1024 param_elems=1024 energy=0x1.5ap-12 finite=1
ATTR_NAMED_GRAD block=64 name=ln_b_40 grad=e6625c61 grad_elems=1024 param_elems=1024 energy=0x1.86p-11 finite=1
ATTR_NAMED_GRAD block=64 name=out_bias grad=975840d3 grad_elems=16392 param_elems=16392 energy=0x1.f8p-9 finite=1
ATTR_HEAD arm=1 block=64 weight=09e35777 bias=6710a932
ATTR_STATE arm=1 block=64 step=4 params=9604d5d5 memory=2a4d03d3
ATTR_NAMED_GRAD block=128 name=embed_out grad=660a2433 grad_elems=16785408 param_elems=16785408 energy=0x1.18p+1 finite=1
ATTR_NAMED_GRAD block=128 name=ff2_19 grad=c436e4b8 grad_elems=3145728 param_elems=3145728 energy=0x1.b2p-6 finite=1
ATTR_NAMED_GRAD block=128 name=ff1_19 grad=b20f5e7a grad_elems=6291456 param_elems=6291456 energy=0x1.2cp-6 finite=1
ATTR_NAMED_GRAD block=128 name=ln_g_39 grad=2402907c grad_elems=1024 param_elems=1024 energy=0x1.06p-18 finite=1
ATTR_NAMED_GRAD block=128 name=ln_b_39 grad=6934d5b9 grad_elems=1024 param_elems=1024 energy=0x1.3cp-18 finite=1
ATTR_NAMED_GRAD block=128 name=ff_bias1_19 grad=3ae2b928 grad_elems=6144 param_elems=6144 energy=0x1.82p-16 finite=1
ATTR_NAMED_GRAD block=128 name=ff_bias2_19 grad=3d768d27 grad_elems=1024 param_elems=1024 energy=0x1.2cp-10 finite=1
ATTR_NAMED_GRAD block=128 name=w_o_19 grad=99f014dc grad_elems=1048576 param_elems=1048576 energy=0x1.2ap-7 finite=1
ATTR_NAMED_GRAD block=128 name=w_r_19 grad=343d06e0 grad_elems=327680 param_elems=327680 energy=0x1.8ep-27 finite=1
ATTR_NAMED_GRAD block=128 name=w_kv_19 grad=00719b2f grad_elems=2097152 param_elems=2097152 energy=0x1.9ep-8 finite=1
ATTR_NAMED_GRAD block=128 name=w_q_19 grad=595dc35c grad_elems=1048576 param_elems=1048576 energy=0x1.2p-13 finite=1
ATTR_NAMED_GRAD block=128 name=ln_g_38 grad=74afca26 grad_elems=1024 param_elems=1024 energy=0x1.88p-23 finite=1
ATTR_NAMED_GRAD block=128 name=ln_b_38 grad=c67788f9 grad_elems=1024 param_elems=1024 energy=0x1.acp-22 finite=1
ATTR_NAMED_GRAD block=128 name=ff2_18 grad=829da1f5 grad_elems=3145728 param_elems=3145728 energy=0x1.b4p-6 finite=1
ATTR_NAMED_GRAD block=128 name=ff1_18 grad=8321ee14 grad_elems=6291456 param_elems=6291456 energy=0x1.1ep-6 finite=1
ATTR_NAMED_GRAD block=128 name=ln_g_37 grad=3922f4fa grad_elems=1024 param_elems=1024 energy=0x1.e4p-19 finite=1
ATTR_NAMED_GRAD block=128 name=ln_b_37 grad=5ef85045 grad_elems=1024 param_elems=1024 energy=0x1.46p-18 finite=1
ATTR_NAMED_GRAD block=128 name=ff_bias1_18 grad=df9f06ae grad_elems=6144 param_elems=6144 energy=0x1.7p-16 finite=1
ATTR_NAMED_GRAD block=128 name=ff_bias2_18 grad=b9497e2b grad_elems=1024 param_elems=1024 energy=0x1.34p-10 finite=1
ATTR_NAMED_GRAD block=128 name=w_o_18 grad=8a7e111f grad_elems=1048576 param_elems=1048576 energy=0x1.1ap-7 finite=1
ATTR_NAMED_GRAD block=128 name=w_r_18 grad=bb9afa34 grad_elems=327680 param_elems=327680 energy=0x1.acp-27 finite=1
ATTR_NAMED_GRAD block=128 name=w_kv_18 grad=5d78e6b8 grad_elems=2097152 param_elems=2097152 energy=0x1.72p-8 finite=1
ATTR_NAMED_GRAD block=128 name=w_q_18 grad=37010737 grad_elems=1048576 param_elems=1048576 energy=0x1.94p-14 finite=1
ATTR_NAMED_GRAD block=128 name=ln_g_36 grad=cfed498e grad_elems=1024 param_elems=1024 energy=0x1.86p-23 finite=1
ATTR_NAMED_GRAD block=128 name=ln_b_36 grad=691e4b6a grad_elems=1024 param_elems=1024 energy=0x1.ccp-22 finite=1
ATTR_NAMED_GRAD block=128 name=ff2_17 grad=64048f4a grad_elems=3145728 param_elems=3145728 energy=0x1.bp-6 finite=1
ATTR_NAMED_GRAD block=128 name=ff1_17 grad=08854163 grad_elems=6291456 param_elems=6291456 energy=0x1.1ap-6 finite=1
ATTR_NAMED_GRAD block=128 name=ln_g_35 grad=d054ce78 grad_elems=1024 param_elems=1024 energy=0x1.f8p-19 finite=1
ATTR_NAMED_GRAD block=128 name=ln_b_35 grad=38587938 grad_elems=1024 param_elems=1024 energy=0x1.44p-18 finite=1
ATTR_NAMED_GRAD block=128 name=ff_bias1_17 grad=64a4c89d grad_elems=6144 param_elems=6144 energy=0x1.6ep-16 finite=1
ATTR_NAMED_GRAD block=128 name=ff_bias2_17 grad=3d2996bf grad_elems=1024 param_elems=1024 energy=0x1.36p-10 finite=1
ATTR_NAMED_GRAD block=128 name=w_o_17 grad=a7df793d grad_elems=1048576 param_elems=1048576 energy=0x1.c2p-8 finite=1
ATTR_NAMED_GRAD block=128 name=w_r_17 grad=d31f27db grad_elems=327680 param_elems=327680 energy=0x1.76p-27 finite=1
ATTR_NAMED_GRAD block=128 name=w_kv_17 grad=ecb29987 grad_elems=2097152 param_elems=2097152 energy=0x1.3p-8 finite=1
ATTR_NAMED_GRAD block=128 name=w_q_17 grad=53f1c993 grad_elems=1048576 param_elems=1048576 energy=0x1.44p-14 finite=1
ATTR_NAMED_GRAD block=128 name=ln_g_34 grad=69809389 grad_elems=1024 param_elems=1024 energy=0x1.38p-23 finite=1
ATTR_NAMED_GRAD block=128 name=ln_b_34 grad=2ba69d8b grad_elems=1024 param_elems=1024 energy=0x1.a6p-22 finite=1
ATTR_NAMED_GRAD block=128 name=ff2_16 grad=74b16717 grad_elems=3145728 param_elems=3145728 energy=0x1.aap-6 finite=1
ATTR_NAMED_GRAD block=128 name=ff1_16 grad=32e4c3c6 grad_elems=6291456 param_elems=6291456 energy=0x1.1ap-6 finite=1
ATTR_NAMED_GRAD block=128 name=ln_g_33 grad=129ffa13 grad_elems=1024 param_elems=1024 energy=0x1.fp-19 finite=1
ATTR_NAMED_GRAD block=128 name=ln_b_33 grad=9a98ae69 grad_elems=1024 param_elems=1024 energy=0x1.24p-18 finite=1
ATTR_NAMED_GRAD block=128 name=ff_bias1_16 grad=956a9212 grad_elems=6144 param_elems=6144 energy=0x1.74p-16 finite=1
ATTR_NAMED_GRAD block=128 name=ff_bias2_16 grad=8f798201 grad_elems=1024 param_elems=1024 energy=0x1.3ep-10 finite=1
ATTR_NAMED_GRAD block=128 name=w_o_16 grad=b33a902d grad_elems=1048576 param_elems=1048576 energy=0x1.dp-8 finite=1
ATTR_NAMED_GRAD block=128 name=w_r_16 grad=f65f3080 grad_elems=327680 param_elems=327680 energy=0x1.b4p-27 finite=1
ATTR_NAMED_GRAD block=128 name=w_kv_16 grad=94196fa9 grad_elems=2097152 param_elems=2097152 energy=0x1.2cp-8 finite=1
ATTR_NAMED_GRAD block=128 name=w_q_16 grad=f415f29a grad_elems=1048576 param_elems=1048576 energy=0x1.eep-14 finite=1
ATTR_NAMED_GRAD block=128 name=ln_g_32 grad=0b15e7e3 grad_elems=1024 param_elems=1024 energy=0x1.3cp-23 finite=1
ATTR_NAMED_GRAD block=128 name=ln_b_32 grad=be3fc9cc grad_elems=1024 param_elems=1024 energy=0x1.98p-22 finite=1
ATTR_NAMED_GRAD block=128 name=ff2_15 grad=d88ab48a grad_elems=3145728 param_elems=3145728 energy=0x1.9p-6 finite=1
ATTR_NAMED_GRAD block=128 name=ff1_15 grad=fbf0deb6 grad_elems=6291456 param_elems=6291456 energy=0x1.14p-6 finite=1
ATTR_NAMED_GRAD block=128 name=ln_g_31 grad=593154ba grad_elems=1024 param_elems=1024 energy=0x1.fp-19 finite=1
ATTR_NAMED_GRAD block=128 name=ln_b_31 grad=9a2c40ea grad_elems=1024 param_elems=1024 energy=0x1.52p-18 finite=1
ATTR_NAMED_GRAD block=128 name=ff_bias1_15 grad=cf3e1414 grad_elems=6144 param_elems=6144 energy=0x1.7cp-16 finite=1
ATTR_NAMED_GRAD block=128 name=ff_bias2_15 grad=5edb391e grad_elems=1024 param_elems=1024 energy=0x1.42p-10 finite=1
ATTR_NAMED_GRAD block=128 name=w_o_15 grad=7bc724c9 grad_elems=1048576 param_elems=1048576 energy=0x1.8ep-8 finite=1
ATTR_NAMED_GRAD block=128 name=w_r_15 grad=fc5e1c00 grad_elems=327680 param_elems=327680 energy=0x1.9p-27 finite=1
ATTR_NAMED_GRAD block=128 name=w_kv_15 grad=068114e6 grad_elems=2097152 param_elems=2097152 energy=0x1.f4p-9 finite=1
ATTR_NAMED_GRAD block=128 name=w_q_15 grad=27314079 grad_elems=1048576 param_elems=1048576 energy=0x1.8p-14 finite=1
ATTR_NAMED_GRAD block=128 name=ln_g_30 grad=5c92d7af grad_elems=1024 param_elems=1024 energy=0x1.f4p-24 finite=1
ATTR_NAMED_GRAD block=128 name=ln_b_30 grad=dcff6cd6 grad_elems=1024 param_elems=1024 energy=0x1.82p-22 finite=1
ATTR_NAMED_GRAD block=128 name=ff2_14 grad=2dc837d6 grad_elems=3145728 param_elems=3145728 energy=0x1.82p-6 finite=1
ATTR_NAMED_GRAD block=128 name=ff1_14 grad=2865ed4f grad_elems=6291456 param_elems=6291456 energy=0x1.02p-6 finite=1
ATTR_NAMED_GRAD block=128 name=ln_g_29 grad=c2a9ae51 grad_elems=1024 param_elems=1024 energy=0x1.b6p-19 finite=1
ATTR_NAMED_GRAD block=128 name=ln_b_29 grad=e019c223 grad_elems=1024 param_elems=1024 energy=0x1.0ap-18 finite=1
ATTR_NAMED_GRAD block=128 name=ff_bias1_14 grad=1529dd3f grad_elems=6144 param_elems=6144 energy=0x1.5p-16 finite=1
ATTR_NAMED_GRAD block=128 name=ff_bias2_14 grad=8eb21519 grad_elems=1024 param_elems=1024 energy=0x1.46p-10 finite=1
ATTR_NAMED_GRAD block=128 name=w_o_14 grad=d0a0de0e grad_elems=1048576 param_elems=1048576 energy=0x1.5cp-8 finite=1
ATTR_NAMED_GRAD block=128 name=w_r_14 grad=ae2d0a01 grad_elems=327680 param_elems=327680 energy=0x1.9ap-27 finite=1
ATTR_NAMED_GRAD block=128 name=w_kv_14 grad=ba574915 grad_elems=2097152 param_elems=2097152 energy=0x1.cap-9 finite=1
ATTR_NAMED_GRAD block=128 name=w_q_14 grad=c5962adb grad_elems=1048576 param_elems=1048576 energy=0x1.bp-14 finite=1
ATTR_NAMED_GRAD block=128 name=ln_g_28 grad=169aa5eb grad_elems=1024 param_elems=1024 energy=0x1.b8p-24 finite=1
ATTR_NAMED_GRAD block=128 name=ln_b_28 grad=be0d6184 grad_elems=1024 param_elems=1024 energy=0x1.6ap-22 finite=1
ATTR_NAMED_GRAD block=128 name=ff2_13 grad=dac6438a grad_elems=3145728 param_elems=3145728 energy=0x1.74p-6 finite=1
ATTR_NAMED_GRAD block=128 name=ff1_13 grad=85572037 grad_elems=6291456 param_elems=6291456 energy=0x1.eep-7 finite=1
ATTR_NAMED_GRAD block=128 name=ln_g_27 grad=15bb4f5c grad_elems=1024 param_elems=1024 energy=0x1.aap-19 finite=1
ATTR_NAMED_GRAD block=128 name=ln_b_27 grad=d66f7f98 grad_elems=1024 param_elems=1024 energy=0x1.f2p-19 finite=1
ATTR_NAMED_GRAD block=128 name=ff_bias1_13 grad=17fdd50e grad_elems=6144 param_elems=6144 energy=0x1.38p-16 finite=1
ATTR_NAMED_GRAD block=128 name=ff_bias2_13 grad=65fd02d6 grad_elems=1024 param_elems=1024 energy=0x1.4cp-10 finite=1
ATTR_NAMED_GRAD block=128 name=w_o_13 grad=ad7bb00f grad_elems=1048576 param_elems=1048576 energy=0x1.22p-8 finite=1
ATTR_NAMED_GRAD block=128 name=w_r_13 grad=e34b58b9 grad_elems=327680 param_elems=327680 energy=0x1.6cp-27 finite=1
ATTR_NAMED_GRAD block=128 name=w_kv_13 grad=9bf5e82e grad_elems=2097152 param_elems=2097152 energy=0x1.9ep-9 finite=1
ATTR_NAMED_GRAD block=128 name=w_q_13 grad=20a0f7a1 grad_elems=1048576 param_elems=1048576 energy=0x1.16p-14 finite=1
ATTR_NAMED_GRAD block=128 name=ln_g_26 grad=3d17694b grad_elems=1024 param_elems=1024 energy=0x1.4cp-24 finite=1
ATTR_NAMED_GRAD block=128 name=ln_b_26 grad=beb7bd67 grad_elems=1024 param_elems=1024 energy=0x1.58p-22 finite=1
ATTR_NAMED_GRAD block=128 name=ff2_12 grad=d419059d grad_elems=3145728 param_elems=3145728 energy=0x1.78p-6 finite=1
ATTR_NAMED_GRAD block=128 name=ff1_12 grad=1e80fd1a grad_elems=6291456 param_elems=6291456 energy=0x1.f6p-7 finite=1
ATTR_NAMED_GRAD block=128 name=ln_g_25 grad=1a6fb9b6 grad_elems=1024 param_elems=1024 energy=0x1.bp-19 finite=1
ATTR_NAMED_GRAD block=128 name=ln_b_25 grad=30a14722 grad_elems=1024 param_elems=1024 energy=0x1.fcp-19 finite=1
ATTR_NAMED_GRAD block=128 name=ff_bias1_12 grad=89de8fe5 grad_elems=6144 param_elems=6144 energy=0x1.34p-16 finite=1
ATTR_NAMED_GRAD block=128 name=ff_bias2_12 grad=7e129ee6 grad_elems=1024 param_elems=1024 energy=0x1.5p-10 finite=1
ATTR_NAMED_GRAD block=128 name=w_o_12 grad=5001ad5e grad_elems=1048576 param_elems=1048576 energy=0x1.ep-9 finite=1
ATTR_NAMED_GRAD block=128 name=w_r_12 grad=57f2d37f grad_elems=327680 param_elems=327680 energy=0x1.74p-27 finite=1
ATTR_NAMED_GRAD block=128 name=w_kv_12 grad=ab036da3 grad_elems=2097152 param_elems=2097152 energy=0x1.78p-9 finite=1
ATTR_NAMED_GRAD block=128 name=w_q_12 grad=1aa60d5e grad_elems=1048576 param_elems=1048576 energy=0x1.e8p-15 finite=1
ATTR_NAMED_GRAD block=128 name=ln_g_24 grad=346ce89d grad_elems=1024 param_elems=1024 energy=0x1.2cp-24 finite=1
ATTR_NAMED_GRAD block=128 name=ln_b_24 grad=67e2b59a grad_elems=1024 param_elems=1024 energy=0x1.68p-22 finite=1
ATTR_NAMED_GRAD block=128 name=ff2_11 grad=73582676 grad_elems=3145728 param_elems=3145728 energy=0x1.82p-6 finite=1
ATTR_NAMED_GRAD block=128 name=ff1_11 grad=c024c74c grad_elems=6291456 param_elems=6291456 energy=0x1.fap-7 finite=1
ATTR_NAMED_GRAD block=128 name=ln_g_23 grad=b5eadc2b grad_elems=1024 param_elems=1024 energy=0x1.cp-19 finite=1
ATTR_NAMED_GRAD block=128 name=ln_b_23 grad=ee67a67b grad_elems=1024 param_elems=1024 energy=0x1.1p-18 finite=1
ATTR_NAMED_GRAD block=128 name=ff_bias1_11 grad=9914d495 grad_elems=6144 param_elems=6144 energy=0x1.32p-16 finite=1
ATTR_NAMED_GRAD block=128 name=ff_bias2_11 grad=4e7c6bd9 grad_elems=1024 param_elems=1024 energy=0x1.54p-10 finite=1
ATTR_NAMED_GRAD block=128 name=w_o_11 grad=d8355c1e grad_elems=1048576 param_elems=1048576 energy=0x1.c8p-9 finite=1
ATTR_NAMED_GRAD block=128 name=w_r_11 grad=ac67a796 grad_elems=327680 param_elems=327680 energy=0x1.6cp-27 finite=1
ATTR_NAMED_GRAD block=128 name=w_kv_11 grad=5269d47c grad_elems=2097152 param_elems=2097152 energy=0x1.5p-9 finite=1
ATTR_NAMED_GRAD block=128 name=w_q_11 grad=bcb50cc6 grad_elems=1048576 param_elems=1048576 energy=0x1.72p-15 finite=1
ATTR_NAMED_GRAD block=128 name=ln_g_22 grad=a9630aa8 grad_elems=1024 param_elems=1024 energy=0x1.bcp-25 finite=1
ATTR_NAMED_GRAD block=128 name=ln_b_22 grad=870e59fe grad_elems=1024 param_elems=1024 energy=0x1.54p-22 finite=1
ATTR_NAMED_GRAD block=128 name=ff2_10 grad=8f8318e5 grad_elems=3145728 param_elems=3145728 energy=0x1.76p-6 finite=1
ATTR_NAMED_GRAD block=128 name=ff1_10 grad=8c7c9393 grad_elems=6291456 param_elems=6291456 energy=0x1.fcp-7 finite=1
ATTR_NAMED_GRAD block=128 name=ln_g_21 grad=13d8246c grad_elems=1024 param_elems=1024 energy=0x1.d8p-19 finite=1
ATTR_NAMED_GRAD block=128 name=ln_b_21 grad=fc56b88b grad_elems=1024 param_elems=1024 energy=0x1.0cp-18 finite=1
ATTR_NAMED_GRAD block=128 name=ff_bias1_10 grad=2ced4754 grad_elems=6144 param_elems=6144 energy=0x1.32p-16 finite=1
ATTR_NAMED_GRAD block=128 name=ff_bias2_10 grad=dcd9a350 grad_elems=1024 param_elems=1024 energy=0x1.54p-10 finite=1
ATTR_NAMED_GRAD block=128 name=w_o_10 grad=8d93e3e8 grad_elems=1048576 param_elems=1048576 energy=0x1.86p-9 finite=1
ATTR_NAMED_GRAD block=128 name=w_r_10 grad=53c9a673 grad_elems=327680 param_elems=327680 energy=0x1.6ep-27 finite=1
ATTR_NAMED_GRAD block=128 name=w_kv_10 grad=07254073 grad_elems=2097152 param_elems=2097152 energy=0x1.22p-9 finite=1
ATTR_NAMED_GRAD block=128 name=w_q_10 grad=e33ce333 grad_elems=1048576 param_elems=1048576 energy=0x1.88p-15 finite=1
ATTR_NAMED_GRAD block=128 name=ln_g_20 grad=59bd6570 grad_elems=1024 param_elems=1024 energy=0x1.94p-25 finite=1
ATTR_NAMED_GRAD block=128 name=ln_b_20 grad=58870d1a grad_elems=1024 param_elems=1024 energy=0x1.46p-22 finite=1
ATTR_NAMED_GRAD block=128 name=ff2_9 grad=e33aa9b2 grad_elems=3145728 param_elems=3145728 energy=0x1.7cp-6 finite=1
ATTR_NAMED_GRAD block=128 name=ff1_9 grad=3d397913 grad_elems=6291456 param_elems=6291456 energy=0x1p-6 finite=1
ATTR_NAMED_GRAD block=128 name=ln_g_19 grad=7fdd12ab grad_elems=1024 param_elems=1024 energy=0x1.cep-19 finite=1
ATTR_NAMED_GRAD block=128 name=ln_b_19 grad=5b8ab7e1 grad_elems=1024 param_elems=1024 energy=0x1.1cp-18 finite=1
ATTR_NAMED_GRAD block=128 name=ff_bias1_9 grad=877c714f grad_elems=6144 param_elems=6144 energy=0x1.3ap-16 finite=1
ATTR_NAMED_GRAD block=128 name=ff_bias2_9 grad=91ca9836 grad_elems=1024 param_elems=1024 energy=0x1.5ap-10 finite=1
ATTR_NAMED_GRAD block=128 name=w_o_9 grad=110a6356 grad_elems=1048576 param_elems=1048576 energy=0x1.8p-9 finite=1
ATTR_NAMED_GRAD block=128 name=w_r_9 grad=f09d266a grad_elems=327680 param_elems=327680 energy=0x1.7ap-27 finite=1
ATTR_NAMED_GRAD block=128 name=w_kv_9 grad=074700da grad_elems=2097152 param_elems=2097152 energy=0x1.18p-9 finite=1
ATTR_NAMED_GRAD block=128 name=w_q_9 grad=6a1ec78d grad_elems=1048576 param_elems=1048576 energy=0x1.96p-15 finite=1
ATTR_NAMED_GRAD block=128 name=ln_g_18 grad=4d4d15fd grad_elems=1024 param_elems=1024 energy=0x1.88p-25 finite=1
ATTR_NAMED_GRAD block=128 name=ln_b_18 grad=eb657efe grad_elems=1024 param_elems=1024 energy=0x1.6p-22 finite=1
ATTR_NAMED_GRAD block=128 name=ff2_8 grad=c22b409d grad_elems=3145728 param_elems=3145728 energy=0x1.8p-6 finite=1
ATTR_NAMED_GRAD block=128 name=ff1_8 grad=5fd5aa91 grad_elems=6291456 param_elems=6291456 energy=0x1p-6 finite=1
ATTR_NAMED_GRAD block=128 name=ln_g_17 grad=b323e867 grad_elems=1024 param_elems=1024 energy=0x1.dcp-19 finite=1
ATTR_NAMED_GRAD block=128 name=ln_b_17 grad=57705f5b grad_elems=1024 param_elems=1024 energy=0x1.04p-18 finite=1
ATTR_NAMED_GRAD block=128 name=ff_bias1_8 grad=5ebf28da grad_elems=6144 param_elems=6144 energy=0x1.26p-16 finite=1
ATTR_NAMED_GRAD block=128 name=ff_bias2_8 grad=8276e3c9 grad_elems=1024 param_elems=1024 energy=0x1.64p-10 finite=1
ATTR_NAMED_GRAD block=128 name=w_o_8 grad=fc2ab7e0 grad_elems=1048576 param_elems=1048576 energy=0x1.4cp-9 finite=1
ATTR_NAMED_GRAD block=128 name=w_r_8 grad=af410d3e grad_elems=327680 param_elems=327680 energy=0x1.72p-27 finite=1
ATTR_NAMED_GRAD block=128 name=w_kv_8 grad=922afc59 grad_elems=2097152 param_elems=2097152 energy=0x1.e6p-10 finite=1
ATTR_NAMED_GRAD block=128 name=w_q_8 grad=d053fc78 grad_elems=1048576 param_elems=1048576 energy=0x1.5ep-15 finite=1
ATTR_NAMED_GRAD block=128 name=ln_g_16 grad=77755fb4 grad_elems=1024 param_elems=1024 energy=0x1.5ap-25 finite=1
ATTR_NAMED_GRAD block=128 name=ln_b_16 grad=f1bae703 grad_elems=1024 param_elems=1024 energy=0x1.64p-22 finite=1
ATTR_NAMED_GRAD block=128 name=ff2_7 grad=7353419d grad_elems=3145728 param_elems=3145728 energy=0x1.88p-6 finite=1
ATTR_NAMED_GRAD block=128 name=ff1_7 grad=a5aaa40e grad_elems=6291456 param_elems=6291456 energy=0x1.0ap-6 finite=1
ATTR_NAMED_GRAD block=128 name=ln_g_15 grad=f63dc741 grad_elems=1024 param_elems=1024 energy=0x1.b8p-19 finite=1
ATTR_NAMED_GRAD block=128 name=ln_b_15 grad=dfcc8bf4 grad_elems=1024 param_elems=1024 energy=0x1.04p-18 finite=1
ATTR_NAMED_GRAD block=128 name=ff_bias1_7 grad=b27b175c grad_elems=6144 param_elems=6144 energy=0x1.2ap-16 finite=1
ATTR_NAMED_GRAD block=128 name=ff_bias2_7 grad=2ce534db grad_elems=1024 param_elems=1024 energy=0x1.6ap-10 finite=1
ATTR_NAMED_GRAD block=128 name=w_o_7 grad=c27a7472 grad_elems=1048576 param_elems=1048576 energy=0x1.28p-9 finite=1
ATTR_NAMED_GRAD block=128 name=w_r_7 grad=689ffd41 grad_elems=327680 param_elems=327680 energy=0x1.82p-27 finite=1
ATTR_NAMED_GRAD block=128 name=w_kv_7 grad=ddf8ebfe grad_elems=2097152 param_elems=2097152 energy=0x1.c2p-10 finite=1
ATTR_NAMED_GRAD block=128 name=w_q_7 grad=474f9799 grad_elems=1048576 param_elems=1048576 energy=0x1.8p-15 finite=1
ATTR_NAMED_GRAD block=128 name=ln_g_14 grad=62d7da12 grad_elems=1024 param_elems=1024 energy=0x1.0cp-25 finite=1
ATTR_NAMED_GRAD block=128 name=ln_b_14 grad=0f2f424d grad_elems=1024 param_elems=1024 energy=0x1.3cp-22 finite=1
ATTR_NAMED_GRAD block=128 name=ff2_6 grad=c6dbd6db grad_elems=3145728 param_elems=3145728 energy=0x1.8ep-6 finite=1
ATTR_NAMED_GRAD block=128 name=ff1_6 grad=e325fd9a grad_elems=6291456 param_elems=6291456 energy=0x1.0ep-6 finite=1
ATTR_NAMED_GRAD block=128 name=ln_g_13 grad=9252cdd2 grad_elems=1024 param_elems=1024 energy=0x1.f8p-19 finite=1
ATTR_NAMED_GRAD block=128 name=ln_b_13 grad=39d35d44 grad_elems=1024 param_elems=1024 energy=0x1.cap-19 finite=1
ATTR_NAMED_GRAD block=128 name=ff_bias1_6 grad=26389ed1 grad_elems=6144 param_elems=6144 energy=0x1.2ap-16 finite=1
ATTR_NAMED_GRAD block=128 name=ff_bias2_6 grad=1b6e1a9b grad_elems=1024 param_elems=1024 energy=0x1.6ep-10 finite=1
ATTR_NAMED_GRAD block=128 name=w_o_6 grad=83856888 grad_elems=1048576 param_elems=1048576 energy=0x1p-9 finite=1
ATTR_NAMED_GRAD block=128 name=w_r_6 grad=2e109602 grad_elems=327680 param_elems=327680 energy=0x1.84p-27 finite=1
ATTR_NAMED_GRAD block=128 name=w_kv_6 grad=a27cca6c grad_elems=2097152 param_elems=2097152 energy=0x1.ap-10 finite=1
ATTR_NAMED_GRAD block=128 name=w_q_6 grad=648da2ee grad_elems=1048576 param_elems=1048576 energy=0x1.6ep-15 finite=1
ATTR_NAMED_GRAD block=128 name=ln_g_12 grad=0e3dfc87 grad_elems=1024 param_elems=1024 energy=0x1.bap-26 finite=1
ATTR_NAMED_GRAD block=128 name=ln_b_12 grad=c16ba9ed grad_elems=1024 param_elems=1024 energy=0x1.4cp-22 finite=1
ATTR_NAMED_GRAD block=128 name=ff2_5 grad=38b54ebf grad_elems=3145728 param_elems=3145728 energy=0x1.94p-6 finite=1
ATTR_NAMED_GRAD block=128 name=ff1_5 grad=ff18401a grad_elems=6291456 param_elems=6291456 energy=0x1.12p-6 finite=1
ATTR_NAMED_GRAD block=128 name=ln_g_11 grad=435f8613 grad_elems=1024 param_elems=1024 energy=0x1.ecp-19 finite=1
ATTR_NAMED_GRAD block=128 name=ln_b_11 grad=0a83b327 grad_elems=1024 param_elems=1024 energy=0x1.e2p-19 finite=1
ATTR_NAMED_GRAD block=128 name=ff_bias1_5 grad=94eae685 grad_elems=6144 param_elems=6144 energy=0x1.24p-16 finite=1
ATTR_NAMED_GRAD block=128 name=ff_bias2_5 grad=006fa2d9 grad_elems=1024 param_elems=1024 energy=0x1.72p-10 finite=1
ATTR_NAMED_GRAD block=128 name=w_o_5 grad=2520d0e7 grad_elems=1048576 param_elems=1048576 energy=0x1.dcp-10 finite=1
ATTR_NAMED_GRAD block=128 name=w_r_5 grad=dc5c51bc grad_elems=327680 param_elems=327680 energy=0x1.92p-27 finite=1
ATTR_NAMED_GRAD block=128 name=w_kv_5 grad=ffe820ed grad_elems=2097152 param_elems=2097152 energy=0x1.8ap-10 finite=1
ATTR_NAMED_GRAD block=128 name=w_q_5 grad=ea20d1e4 grad_elems=1048576 param_elems=1048576 energy=0x1.5ep-15 finite=1
ATTR_NAMED_GRAD block=128 name=ln_g_10 grad=72e79093 grad_elems=1024 param_elems=1024 energy=0x1.dcp-26 finite=1
ATTR_NAMED_GRAD block=128 name=ln_b_10 grad=5490ddce grad_elems=1024 param_elems=1024 energy=0x1.3cp-22 finite=1
ATTR_NAMED_GRAD block=128 name=ff2_4 grad=de20e318 grad_elems=3145728 param_elems=3145728 energy=0x1.ap-6 finite=1
ATTR_NAMED_GRAD block=128 name=ff1_4 grad=eeb27502 grad_elems=6291456 param_elems=6291456 energy=0x1.18p-6 finite=1
ATTR_NAMED_GRAD block=128 name=ln_g_9 grad=6c1480aa grad_elems=1024 param_elems=1024 energy=0x1.fap-19 finite=1
ATTR_NAMED_GRAD block=128 name=ln_b_9 grad=a160cadf grad_elems=1024 param_elems=1024 energy=0x1.02p-18 finite=1
ATTR_NAMED_GRAD block=128 name=ff_bias1_4 grad=86c1b867 grad_elems=6144 param_elems=6144 energy=0x1.3p-16 finite=1
ATTR_NAMED_GRAD block=128 name=ff_bias2_4 grad=cedcffb8 grad_elems=1024 param_elems=1024 energy=0x1.74p-10 finite=1
ATTR_NAMED_GRAD block=128 name=w_o_4 grad=1701b18c grad_elems=1048576 param_elems=1048576 energy=0x1.a4p-10 finite=1
ATTR_NAMED_GRAD block=128 name=w_r_4 grad=baaa0221 grad_elems=327680 param_elems=327680 energy=0x1.98p-27 finite=1
ATTR_NAMED_GRAD block=128 name=w_kv_4 grad=3d4d0cf3 grad_elems=2097152 param_elems=2097152 energy=0x1.74p-10 finite=1
ATTR_NAMED_GRAD block=128 name=w_q_4 grad=ab04a06f grad_elems=1048576 param_elems=1048576 energy=0x1.66p-15 finite=1
ATTR_NAMED_GRAD block=128 name=ln_g_8 grad=a8fe9e91 grad_elems=1024 param_elems=1024 energy=0x1.94p-26 finite=1
ATTR_NAMED_GRAD block=128 name=ln_b_8 grad=c092bfab grad_elems=1024 param_elems=1024 energy=0x1.74p-22 finite=1
ATTR_NAMED_GRAD block=128 name=ff2_3 grad=a3d2d4cf grad_elems=3145728 param_elems=3145728 energy=0x1.acp-6 finite=1
ATTR_NAMED_GRAD block=128 name=ff1_3 grad=f2c25434 grad_elems=6291456 param_elems=6291456 energy=0x1.24p-6 finite=1
ATTR_NAMED_GRAD block=128 name=ln_g_7 grad=7ef9ce1d grad_elems=1024 param_elems=1024 energy=0x1.08p-18 finite=1
ATTR_NAMED_GRAD block=128 name=ln_b_7 grad=41abb196 grad_elems=1024 param_elems=1024 energy=0x1.14p-18 finite=1
ATTR_NAMED_GRAD block=128 name=ff_bias1_3 grad=7c9b84ff grad_elems=6144 param_elems=6144 energy=0x1.34p-16 finite=1
ATTR_NAMED_GRAD block=128 name=ff_bias2_3 grad=24feb4e6 grad_elems=1024 param_elems=1024 energy=0x1.7ep-10 finite=1
ATTR_NAMED_GRAD block=128 name=w_o_3 grad=188ad13e grad_elems=1048576 param_elems=1048576 energy=0x1.92p-10 finite=1
ATTR_NAMED_GRAD block=128 name=w_r_3 grad=316165c5 grad_elems=327680 param_elems=327680 energy=0x1.9ap-27 finite=1
ATTR_NAMED_GRAD block=128 name=w_kv_3 grad=d087761f grad_elems=2097152 param_elems=2097152 energy=0x1.5cp-10 finite=1
ATTR_NAMED_GRAD block=128 name=w_q_3 grad=d752bc22 grad_elems=1048576 param_elems=1048576 energy=0x1.54p-15 finite=1
ATTR_NAMED_GRAD block=128 name=ln_g_6 grad=14277d8e grad_elems=1024 param_elems=1024 energy=0x1.7ep-26 finite=1
ATTR_NAMED_GRAD block=128 name=ln_b_6 grad=60f66e90 grad_elems=1024 param_elems=1024 energy=0x1.68p-22 finite=1
ATTR_NAMED_GRAD block=128 name=ff2_2 grad=5ba2e154 grad_elems=3145728 param_elems=3145728 energy=0x1.b8p-6 finite=1
ATTR_NAMED_GRAD block=128 name=ff1_2 grad=17751048 grad_elems=6291456 param_elems=6291456 energy=0x1.28p-6 finite=1
ATTR_NAMED_GRAD block=128 name=ln_g_5 grad=a8d09d12 grad_elems=1024 param_elems=1024 energy=0x1.1cp-18 finite=1
ATTR_NAMED_GRAD block=128 name=ln_b_5 grad=f831bd27 grad_elems=1024 param_elems=1024 energy=0x1.e4p-19 finite=1
ATTR_NAMED_GRAD block=128 name=ff_bias1_2 grad=43f552ed grad_elems=6144 param_elems=6144 energy=0x1.34p-16 finite=1
ATTR_NAMED_GRAD block=128 name=ff_bias2_2 grad=30034d05 grad_elems=1024 param_elems=1024 energy=0x1.84p-10 finite=1
ATTR_NAMED_GRAD block=128 name=w_o_2 grad=a98675db grad_elems=1048576 param_elems=1048576 energy=0x1.72p-10 finite=1
ATTR_NAMED_GRAD block=128 name=w_r_2 grad=05f1b5a1 grad_elems=327680 param_elems=327680 energy=0x1.ap-27 finite=1
ATTR_NAMED_GRAD block=128 name=w_kv_2 grad=c39b5456 grad_elems=2097152 param_elems=2097152 energy=0x1.4cp-10 finite=1
ATTR_NAMED_GRAD block=128 name=w_q_2 grad=8f5f6b4d grad_elems=1048576 param_elems=1048576 energy=0x1.52p-15 finite=1
ATTR_NAMED_GRAD block=128 name=ln_g_4 grad=eeb34f25 grad_elems=1024 param_elems=1024 energy=0x1.3ap-26 finite=1
ATTR_NAMED_GRAD block=128 name=ln_b_4 grad=c6766e4b grad_elems=1024 param_elems=1024 energy=0x1.54p-22 finite=1
ATTR_NAMED_GRAD block=128 name=ff2_1 grad=136e43e9 grad_elems=3145728 param_elems=3145728 energy=0x1.c6p-6 finite=1
ATTR_NAMED_GRAD block=128 name=ff1_1 grad=952cc25a grad_elems=6291456 param_elems=6291456 energy=0x1.32p-6 finite=1
ATTR_NAMED_GRAD block=128 name=ln_g_3 grad=c9994397 grad_elems=1024 param_elems=1024 energy=0x1.04p-18 finite=1
ATTR_NAMED_GRAD block=128 name=ln_b_3 grad=c82e3033 grad_elems=1024 param_elems=1024 energy=0x1.1p-18 finite=1
ATTR_NAMED_GRAD block=128 name=ff_bias1_1 grad=f23d81cd grad_elems=6144 param_elems=6144 energy=0x1.4ap-16 finite=1
ATTR_NAMED_GRAD block=128 name=ff_bias2_1 grad=dc3670d9 grad_elems=1024 param_elems=1024 energy=0x1.86p-10 finite=1
ATTR_NAMED_GRAD block=128 name=w_o_1 grad=d5b01bff grad_elems=1048576 param_elems=1048576 energy=0x1.6ep-10 finite=1
ATTR_NAMED_GRAD block=128 name=w_r_1 grad=8dcdbcc9 grad_elems=327680 param_elems=327680 energy=0x1.b6p-27 finite=1
ATTR_NAMED_GRAD block=128 name=w_kv_1 grad=68978d12 grad_elems=2097152 param_elems=2097152 energy=0x1.42p-10 finite=1
ATTR_NAMED_GRAD block=128 name=w_q_1 grad=37589891 grad_elems=1048576 param_elems=1048576 energy=0x1.6ep-15 finite=1
ATTR_NAMED_GRAD block=128 name=ln_g_2 grad=0ee67904 grad_elems=1024 param_elems=1024 energy=0x1.78p-26 finite=1
ATTR_NAMED_GRAD block=128 name=ln_b_2 grad=977bff0f grad_elems=1024 param_elems=1024 energy=0x1.66p-22 finite=1
ATTR_NAMED_GRAD block=128 name=ff2_0 grad=7cf6aae7 grad_elems=3145728 param_elems=3145728 energy=0x1.cap-6 finite=1
ATTR_NAMED_GRAD block=128 name=ff1_0 grad=444da63e grad_elems=6291456 param_elems=6291456 energy=0x1.38p-6 finite=1
ATTR_NAMED_GRAD block=128 name=ln_g_1 grad=f5411b70 grad_elems=1024 param_elems=1024 energy=0x1.16p-18 finite=1
ATTR_NAMED_GRAD block=128 name=ln_b_1 grad=2c1dc43e grad_elems=1024 param_elems=1024 energy=0x1.ecp-19 finite=1
ATTR_NAMED_GRAD block=128 name=ff_bias1_0 grad=415acc59 grad_elems=6144 param_elems=6144 energy=0x1.46p-16 finite=1
ATTR_NAMED_GRAD block=128 name=ff_bias2_0 grad=a72bac7c grad_elems=1024 param_elems=1024 energy=0x1.8cp-10 finite=1
ATTR_NAMED_GRAD block=128 name=w_o_0 grad=3d10ae31 grad_elems=1048576 param_elems=1048576 energy=0x1.54p-10 finite=1
ATTR_NAMED_GRAD block=128 name=w_r_0 grad=029448dd grad_elems=327680 param_elems=327680 energy=0x1.c2p-27 finite=1
ATTR_NAMED_GRAD block=128 name=b_r_0 grad=81d0dbf6 grad_elems=2560 param_elems=2560 energy=0x1.7ep-9 finite=1
ATTR_NAMED_GRAD block=128 name=w_kv_0 grad=5c9e7312 grad_elems=2097152 param_elems=2097152 energy=0x1.3ap-10 finite=1
ATTR_NAMED_GRAD block=128 name=w_q_0 grad=215e05d9 grad_elems=1048576 param_elems=1048576 energy=0x1.7p-15 finite=1
ATTR_NAMED_GRAD block=128 name=ln_g_0 grad=c701a1d8 grad_elems=1024 param_elems=1024 energy=0x1.3cp-26 finite=1
ATTR_NAMED_GRAD block=128 name=ln_b_0 grad=e3476cf3 grad_elems=1024 param_elems=1024 energy=0x1.6p-22 finite=1
ATTR_NAMED_GRAD block=128 name=embed grad=c04d5276 grad_elems=16785408 param_elems=16785408 energy=0x1.59ad5ap-1 finite=1
ATTR_NAMED_GRAD block=128 name=ln_g_40 grad=1862a9e6 grad_elems=1024 param_elems=1024 energy=0x1.9ep-12 finite=1
ATTR_NAMED_GRAD block=128 name=ln_b_40 grad=f718f07f grad_elems=1024 param_elems=1024 energy=0x1.6cp-11 finite=1
ATTR_NAMED_GRAD block=128 name=out_bias grad=abf81649 grad_elems=16392 param_elems=16392 energy=0x1.8ep-9 finite=1
ATTR_HEAD arm=1 block=128 weight=bdc58d8e bias=d18a32b2
ATTR_STATE arm=1 block=128 step=6 params=09d5aa5c memory=c90d9287
ATTR_NAMED_GRAD block=192 name=embed_out grad=75ae2893 grad_elems=16785408 param_elems=16785408 energy=0x1.3ap+4 finite=1
ATTR_NAMED_GRAD block=192 name=ff2_19 grad=0ef94026 grad_elems=3145728 param_elems=3145728 energy=0x1.44p-4 finite=1
ATTR_NAMED_GRAD block=192 name=ff1_19 grad=cd112fbb grad_elems=6291456 param_elems=6291456 energy=0x1.66p-5 finite=1
ATTR_NAMED_GRAD block=192 name=ln_g_39 grad=ad5183dc grad_elems=1024 param_elems=1024 energy=0x1.54p-17 finite=1
ATTR_NAMED_GRAD block=192 name=ln_b_39 grad=c0a02e8c grad_elems=1024 param_elems=1024 energy=0x1.a4p-17 finite=1
ATTR_NAMED_GRAD block=192 name=ff_bias1_19 grad=3208e2c3 grad_elems=6144 param_elems=6144 energy=0x1.acp-15 finite=1
ATTR_NAMED_GRAD block=192 name=ff_bias2_19 grad=8a17941a grad_elems=1024 param_elems=1024 energy=0x1.28p-9 finite=1
ATTR_NAMED_GRAD block=192 name=w_o_19 grad=bf6a2528 grad_elems=1048576 param_elems=1048576 energy=0x1p-3 finite=1
ATTR_NAMED_GRAD block=192 name=w_r_19 grad=f0fccd71 grad_elems=327680 param_elems=327680 energy=0x1p-24 finite=1
ATTR_NAMED_GRAD block=192 name=w_kv_19 grad=b99a13d3 grad_elems=2097152 param_elems=2097152 energy=0x1.04p-4 finite=1
ATTR_NAMED_GRAD block=192 name=w_q_19 grad=561b76fb grad_elems=1048576 param_elems=1048576 energy=0x1.96p-10 finite=1
ATTR_NAMED_GRAD block=192 name=ln_g_38 grad=e2a6e240 grad_elems=1024 param_elems=1024 energy=0x1.aap-20 finite=1
ATTR_NAMED_GRAD block=192 name=ln_b_38 grad=0f559d13 grad_elems=1024 param_elems=1024 energy=0x1.eap-20 finite=1
ATTR_NAMED_GRAD block=192 name=ff2_18 grad=bc04a4ec grad_elems=3145728 param_elems=3145728 energy=0x1.0ep-4 finite=1
ATTR_NAMED_GRAD block=192 name=ff1_18 grad=0428bc90 grad_elems=6291456 param_elems=6291456 energy=0x1.4ap-5 finite=1
ATTR_NAMED_GRAD block=192 name=ln_g_37 grad=be158364 grad_elems=1024 param_elems=1024 energy=0x1.4ep-17 finite=1
ATTR_NAMED_GRAD block=192 name=ln_b_37 grad=e3b77776 grad_elems=1024 param_elems=1024 energy=0x1.c6p-17 finite=1
ATTR_NAMED_GRAD block=192 name=ff_bias1_18 grad=36a21c9b grad_elems=6144 param_elems=6144 energy=0x1.ap-15 finite=1
ATTR_NAMED_GRAD block=192 name=ff_bias2_18 grad=b0a04bd2 grad_elems=1024 param_elems=1024 energy=0x1.1cp-9 finite=1
ATTR_NAMED_GRAD block=192 name=w_o_18 grad=a98dfab1 grad_elems=1048576 param_elems=1048576 energy=0x1.78p-4 finite=1
ATTR_NAMED_GRAD block=192 name=w_r_18 grad=9f3a267c grad_elems=327680 param_elems=327680 energy=0x1.fep-25 finite=1
ATTR_NAMED_GRAD block=192 name=w_kv_18 grad=201221e4 grad_elems=2097152 param_elems=2097152 energy=0x1.78p-5 finite=1
ATTR_NAMED_GRAD block=192 name=w_q_18 grad=9da30096 grad_elems=1048576 param_elems=1048576 energy=0x1.52p-10 finite=1
ATTR_NAMED_GRAD block=192 name=ln_g_36 grad=88036e46 grad_elems=1024 param_elems=1024 energy=0x1.46p-20 finite=1
ATTR_NAMED_GRAD block=192 name=ln_b_36 grad=e617abc1 grad_elems=1024 param_elems=1024 energy=0x1.96p-20 finite=1
ATTR_NAMED_GRAD block=192 name=ff2_17 grad=1a015738 grad_elems=3145728 param_elems=3145728 energy=0x1.f2p-5 finite=1
ATTR_NAMED_GRAD block=192 name=ff1_17 grad=c0c5dd3a grad_elems=6291456 param_elems=6291456 energy=0x1.16p-5 finite=1
ATTR_NAMED_GRAD block=192 name=ln_g_35 grad=c819669d grad_elems=1024 param_elems=1024 energy=0x1.08p-17 finite=1
ATTR_NAMED_GRAD block=192 name=ln_b_35 grad=9da36a67 grad_elems=1024 param_elems=1024 energy=0x1.8cp-17 finite=1
ATTR_NAMED_GRAD block=192 name=ff_bias1_17 grad=8a511966 grad_elems=6144 param_elems=6144 energy=0x1.78p-15 finite=1
ATTR_NAMED_GRAD block=192 name=ff_bias2_17 grad=af7d701e grad_elems=1024 param_elems=1024 energy=0x1.0ep-9 finite=1
ATTR_NAMED_GRAD block=192 name=w_o_17 grad=e01dcb96 grad_elems=1048576 param_elems=1048576 energy=0x1.f6p-5 finite=1
ATTR_NAMED_GRAD block=192 name=w_r_17 grad=a3244983 grad_elems=327680 param_elems=327680 energy=0x1.aap-25 finite=1
ATTR_NAMED_GRAD block=192 name=w_kv_17 grad=45d982a2 grad_elems=2097152 param_elems=2097152 energy=0x1.eep-6 finite=1
ATTR_NAMED_GRAD block=192 name=w_q_17 grad=8e918839 grad_elems=1048576 param_elems=1048576 energy=0x1.fap-11 finite=1
ATTR_NAMED_GRAD block=192 name=ln_g_34 grad=25848ed7 grad_elems=1024 param_elems=1024 energy=0x1.8ep-21 finite=1
ATTR_NAMED_GRAD block=192 name=ln_b_34 grad=eb8e7838 grad_elems=1024 param_elems=1024 energy=0x1.1ep-20 finite=1
ATTR_NAMED_GRAD block=192 name=ff2_16 grad=ab5199f4 grad_elems=3145728 param_elems=3145728 energy=0x1.9cp-5 finite=1
ATTR_NAMED_GRAD block=192 name=ff1_16 grad=9e22e8ce grad_elems=6291456 param_elems=6291456 energy=0x1.f6p-6 finite=1
ATTR_NAMED_GRAD block=192 name=ln_g_33 grad=05764b32 grad_elems=1024 param_elems=1024 energy=0x1.f8p-18 finite=1
ATTR_NAMED_GRAD block=192 name=ln_b_33 grad=8c056684 grad_elems=1024 param_elems=1024 energy=0x1.8ap-17 finite=1
ATTR_NAMED_GRAD block=192 name=ff_bias1_16 grad=74526173 grad_elems=6144 param_elems=6144 energy=0x1.7p-15 finite=1
ATTR_NAMED_GRAD block=192 name=ff_bias2_16 grad=919972ae grad_elems=1024 param_elems=1024 energy=0x1.04p-9 finite=1
ATTR_NAMED_GRAD block=192 name=w_o_16 grad=b5ae9bcb grad_elems=1048576 param_elems=1048576 energy=0x1.b4p-5 finite=1
ATTR_NAMED_GRAD block=192 name=w_r_16 grad=c614b263 grad_elems=327680 param_elems=327680 energy=0x1.d8p-25 finite=1
ATTR_NAMED_GRAD block=192 name=w_kv_16 grad=4dd35500 grad_elems=2097152 param_elems=2097152 energy=0x1.c8p-6 finite=1
ATTR_NAMED_GRAD block=192 name=w_q_16 grad=786fc2ea grad_elems=1048576 param_elems=1048576 energy=0x1.26p-10 finite=1
ATTR_NAMED_GRAD block=192 name=ln_g_32 grad=e4f02abd grad_elems=1024 param_elems=1024 energy=0x1.8ep-21 finite=1
ATTR_NAMED_GRAD block=192 name=ln_b_32 grad=04b17a47 grad_elems=1024 param_elems=1024 energy=0x1.44p-20 finite=1
ATTR_NAMED_GRAD block=192 name=ff2_15 grad=1487e3f3 grad_elems=3145728 param_elems=3145728 energy=0x1.32p-5 finite=1
ATTR_NAMED_GRAD block=192 name=ff1_15 grad=75491c2a grad_elems=6291456 param_elems=6291456 energy=0x1.7cp-6 finite=1
ATTR_NAMED_GRAD block=192 name=ln_g_31 grad=481b795d grad_elems=1024 param_elems=1024 energy=0x1.8ap-18 finite=1
ATTR_NAMED_GRAD block=192 name=ln_b_31 grad=d735bdf2 grad_elems=1024 param_elems=1024 energy=0x1.36p-17 finite=1
ATTR_NAMED_GRAD block=192 name=ff_bias1_15 grad=9cbde565 grad_elems=6144 param_elems=6144 energy=0x1.32p-15 finite=1
ATTR_NAMED_GRAD block=192 name=ff_bias2_15 grad=9877fd69 grad_elems=1024 param_elems=1024 energy=0x1.f4p-10 finite=1
ATTR_NAMED_GRAD block=192 name=w_o_15 grad=ce47e008 grad_elems=1048576 param_elems=1048576 energy=0x1.22p-5 finite=1
ATTR_NAMED_GRAD block=192 name=w_r_15 grad=e41f861c grad_elems=327680 param_elems=327680 energy=0x1.6p-26 finite=1
ATTR_NAMED_GRAD block=192 name=w_kv_15 grad=008d5c69 grad_elems=2097152 param_elems=2097152 energy=0x1.24p-6 finite=1
ATTR_NAMED_GRAD block=192 name=w_q_15 grad=7442e1f0 grad_elems=1048576 param_elems=1048576 energy=0x1.96p-12 finite=1
ATTR_NAMED_GRAD block=192 name=ln_g_30 grad=5485430a grad_elems=1024 param_elems=1024 energy=0x1.38p-22 finite=1
ATTR_NAMED_GRAD block=192 name=ln_b_30 grad=78d38367 grad_elems=1024 param_elems=1024 energy=0x1.34p-21 finite=1
ATTR_NAMED_GRAD block=192 name=ff2_14 grad=11f23671 grad_elems=3145728 param_elems=3145728 energy=0x1.acp-6 finite=1
ATTR_NAMED_GRAD block=192 name=ff1_14 grad=2b8ef557 grad_elems=6291456 param_elems=6291456 energy=0x1.1ap-6 finite=1
ATTR_NAMED_GRAD block=192 name=ln_g_29 grad=8b9e06cd grad_elems=1024 param_elems=1024 energy=0x1.fep-19 finite=1
ATTR_NAMED_GRAD block=192 name=ln_b_29 grad=d8578d3a grad_elems=1024 param_elems=1024 energy=0x1.dep-18 finite=1
ATTR_NAMED_GRAD block=192 name=ff_bias1_14 grad=d4093251 grad_elems=6144 param_elems=6144 energy=0x1.fp-16 finite=1
ATTR_NAMED_GRAD block=192 name=ff_bias2_14 grad=abfbb183 grad_elems=1024 param_elems=1024 energy=0x1.e6p-10 finite=1
ATTR_NAMED_GRAD block=192 name=w_o_14 grad=cf622669 grad_elems=1048576 param_elems=1048576 energy=0x1.9cp-6 finite=1
ATTR_NAMED_GRAD block=192 name=w_r_14 grad=1c2b5a2e grad_elems=327680 param_elems=327680 energy=0x1.82p-26 finite=1
ATTR_NAMED_GRAD block=192 name=w_kv_14 grad=8641ac59 grad_elems=2097152 param_elems=2097152 energy=0x1p-6 finite=1
ATTR_NAMED_GRAD block=192 name=w_q_14 grad=92d653d3 grad_elems=1048576 param_elems=1048576 energy=0x1.a4p-12 finite=1
ATTR_NAMED_GRAD block=192 name=ln_g_28 grad=d04552d5 grad_elems=1024 param_elems=1024 energy=0x1.46p-22 finite=1
ATTR_NAMED_GRAD block=192 name=ln_b_28 grad=f74f6b1e grad_elems=1024 param_elems=1024 energy=0x1.54p-21 finite=1
ATTR_NAMED_GRAD block=192 name=ff2_13 grad=c99642f4 grad_elems=3145728 param_elems=3145728 energy=0x1.5p-6 finite=1
ATTR_NAMED_GRAD block=192 name=ff1_13 grad=1cbb5ab6 grad_elems=6291456 param_elems=6291456 energy=0x1.9ep-7 finite=1
ATTR_NAMED_GRAD block=192 name=ln_g_27 grad=b1f564fe grad_elems=1024 param_elems=1024 energy=0x1.7ap-19 finite=1
ATTR_NAMED_GRAD block=192 name=ln_b_27 grad=d791c4e7 grad_elems=1024 param_elems=1024 energy=0x1.6ap-18 finite=1
ATTR_NAMED_GRAD block=192 name=ff_bias1_13 grad=75a8e943 grad_elems=6144 param_elems=6144 energy=0x1.8ap-16 finite=1
ATTR_NAMED_GRAD block=192 name=ff_bias2_13 grad=39bd99ab grad_elems=1024 param_elems=1024 energy=0x1.ep-10 finite=1
ATTR_NAMED_GRAD block=192 name=w_o_13 grad=115a0f7e grad_elems=1048576 param_elems=1048576 energy=0x1.5p-6 finite=1
ATTR_NAMED_GRAD block=192 name=w_r_13 grad=ea0ba2ef grad_elems=327680 param_elems=327680 energy=0x1.fcp-27 finite=1
ATTR_NAMED_GRAD block=192 name=w_kv_13 grad=abc3dcc9 grad_elems=2097152 param_elems=2097152 energy=0x1.7ep-7 finite=1
ATTR_NAMED_GRAD block=192 name=w_q_13 grad=90dc43f2 grad_elems=1048576 param_elems=1048576 energy=0x1.a8p-13 finite=1
ATTR_NAMED_GRAD block=192 name=ln_g_26 grad=28cce0b5 grad_elems=1024 param_elems=1024 energy=0x1.7p-23 finite=1
ATTR_NAMED_GRAD block=192 name=ln_b_26 grad=90a0bf30 grad_elems=1024 param_elems=1024 energy=0x1.fap-22 finite=1
ATTR_NAMED_GRAD block=192 name=ff2_12 grad=697bd8cc grad_elems=3145728 param_elems=3145728 energy=0x1.0ap-6 finite=1
ATTR_NAMED_GRAD block=192 name=ff1_12 grad=c388084f grad_elems=6291456 param_elems=6291456 energy=0x1.54p-7 finite=1
ATTR_NAMED_GRAD block=192 name=ln_g_25 grad=63addfc2 grad_elems=1024 param_elems=1024 energy=0x1.6p-19 finite=1
ATTR_NAMED_GRAD block=192 name=ln_b_25 grad=375fc15f grad_elems=1024 param_elems=1024 energy=0x1.44p-18 finite=1
ATTR_NAMED_GRAD block=192 name=ff_bias1_12 grad=11a0c486 grad_elems=6144 param_elems=6144 energy=0x1.5ep-16 finite=1
ATTR_NAMED_GRAD block=192 name=ff_bias2_12 grad=ee645a5b grad_elems=1024 param_elems=1024 energy=0x1.dcp-10 finite=1
ATTR_NAMED_GRAD block=192 name=w_o_12 grad=47b21a71 grad_elems=1048576 param_elems=1048576 energy=0x1.fap-7 finite=1
ATTR_NAMED_GRAD block=192 name=w_r_12 grad=878fc6b4 grad_elems=327680 param_elems=327680 energy=0x1.9p-27 finite=1
ATTR_NAMED_GRAD block=192 name=w_kv_12 grad=d9f1901c grad_elems=2097152 param_elems=2097152 energy=0x1.4p-7 finite=1
ATTR_NAMED_GRAD block=192 name=w_q_12 grad=9b9106f0 grad_elems=1048576 param_elems=1048576 energy=0x1.eep-14 finite=1
ATTR_NAMED_GRAD block=192 name=ln_g_24 grad=5505f215 grad_elems=1024 param_elems=1024 energy=0x1.02p-23 finite=1
ATTR_NAMED_GRAD block=192 name=ln_b_24 grad=c7e53513 grad_elems=1024 param_elems=1024 energy=0x1.bcp-22 finite=1
ATTR_NAMED_GRAD block=192 name=ff2_11 grad=40654646 grad_elems=3145728 param_elems=3145728 energy=0x1.c2p-7 finite=1
ATTR_NAMED_GRAD block=192 name=ff1_11 grad=1f910d45 grad_elems=6291456 param_elems=6291456 energy=0x1.26p-7 finite=1
ATTR_NAMED_GRAD block=192 name=ln_g_23 grad=e035a100 grad_elems=1024 param_elems=1024 energy=0x1.3cp-19 finite=1
ATTR_NAMED_GRAD block=192 name=ln_b_23 grad=57f0b811 grad_elems=1024 param_elems=1024 energy=0x1.34p-18 finite=1
ATTR_NAMED_GRAD block=192 name=ff_bias1_11 grad=5fed7c50 grad_elems=6144 param_elems=6144 energy=0x1.46p-16 finite=1
ATTR_NAMED_GRAD block=192 name=ff_bias2_11 grad=fcad3901 grad_elems=1024 param_elems=1024 energy=0x1.dap-10 finite=1
ATTR_NAMED_GRAD block=192 name=w_o_11 grad=9ac793f4 grad_elems=1048576 param_elems=1048576 energy=0x1.b2p-7 finite=1
ATTR_NAMED_GRAD block=192 name=w_r_11 grad=b485140a grad_elems=327680 param_elems=327680 energy=0x1.fep-28 finite=1
ATTR_NAMED_GRAD block=192 name=w_kv_11 grad=e4b5f3de grad_elems=2097152 param_elems=2097152 energy=0x1.12p-7 finite=1
ATTR_NAMED_GRAD block=192 name=w_q_11 grad=79ae0777 grad_elems=1048576 param_elems=1048576 energy=0x1.0cp-14 finite=1
ATTR_NAMED_GRAD block=192 name=ln_g_22 grad=396af902 grad_elems=1024 param_elems=1024 energy=0x1.68p-24 finite=1
ATTR_NAMED_GRAD block=192 name=ln_b_22 grad=22d74edd grad_elems=1024 param_elems=1024 energy=0x1.b4p-22 finite=1
ATTR_NAMED_GRAD block=192 name=ff2_10 grad=6353d1e1 grad_elems=3145728 param_elems=3145728 energy=0x1.78p-7 finite=1
ATTR_NAMED_GRAD block=192 name=ff1_10 grad=e7e90e5b grad_elems=6291456 param_elems=6291456 energy=0x1.fp-8 finite=1
ATTR_NAMED_GRAD block=192 name=ln_g_21 grad=bb9c9725 grad_elems=1024 param_elems=1024 energy=0x1.3cp-19 finite=1
ATTR_NAMED_GRAD block=192 name=ln_b_21 grad=03670d96 grad_elems=1024 param_elems=1024 energy=0x1.1p-18 finite=1
ATTR_NAMED_GRAD block=192 name=ff_bias1_10 grad=4781edde grad_elems=6144 param_elems=6144 energy=0x1.1ep-16 finite=1
ATTR_NAMED_GRAD block=192 name=ff_bias2_10 grad=9eb90fc4 grad_elems=1024 param_elems=1024 energy=0x1.dcp-10 finite=1
ATTR_NAMED_GRAD block=192 name=w_o_10 grad=461d9cfd grad_elems=1048576 param_elems=1048576 energy=0x1.5ap-7 finite=1
ATTR_NAMED_GRAD block=192 name=w_r_10 grad=e0769de0 grad_elems=327680 param_elems=327680 energy=0x1.d6p-28 finite=1
ATTR_NAMED_GRAD block=192 name=w_kv_10 grad=c31be7c2 grad_elems=2097152 param_elems=2097152 energy=0x1.eap-8 finite=1
ATTR_NAMED_GRAD block=192 name=w_q_10 grad=32612256 grad_elems=1048576 param_elems=1048576 energy=0x1.02p-14 finite=1
ATTR_NAMED_GRAD block=192 name=ln_g_20 grad=19070a4a grad_elems=1024 param_elems=1024 energy=0x1.2ep-24 finite=1
ATTR_NAMED_GRAD block=192 name=ln_b_20 grad=72d31517 grad_elems=1024 param_elems=1024 energy=0x1.e4p-22 finite=1
ATTR_NAMED_GRAD block=192 name=ff2_9 grad=3551e2a2 grad_elems=3145728 param_elems=3145728 energy=0x1.4cp-7 finite=1
ATTR_NAMED_GRAD block=192 name=ff1_9 grad=34b22190 grad_elems=6291456 param_elems=6291456 energy=0x1.aap-8 finite=1
ATTR_NAMED_GRAD block=192 name=ln_g_19 grad=e1550548 grad_elems=1024 param_elems=1024 energy=0x1.eap-20 finite=1
ATTR_NAMED_GRAD block=192 name=ln_b_19 grad=f34cad20 grad_elems=1024 param_elems=1024 energy=0x1.a6p-19 finite=1
ATTR_NAMED_GRAD block=192 name=ff_bias1_9 grad=a778452b grad_elems=6144 param_elems=6144 energy=0x1.e2p-17 finite=1
ATTR_NAMED_GRAD block=192 name=ff_bias2_9 grad=946784fc grad_elems=1024 param_elems=1024 energy=0x1.ep-10 finite=1
ATTR_NAMED_GRAD block=192 name=w_o_9 grad=183279ab grad_elems=1048576 param_elems=1048576 energy=0x1.2cp-7 finite=1
ATTR_NAMED_GRAD block=192 name=w_r_9 grad=f2ac66be grad_elems=327680 param_elems=327680 energy=0x1.68p-28 finite=1
ATTR_NAMED_GRAD block=192 name=w_kv_9 grad=2d47ca07 grad_elems=2097152 param_elems=2097152 energy=0x1.82p-8 finite=1
ATTR_NAMED_GRAD block=192 name=w_q_9 grad=cd2e6311 grad_elems=1048576 param_elems=1048576 energy=0x1.86p-15 finite=1
ATTR_NAMED_GRAD block=192 name=ln_g_18 grad=0cb345c4 grad_elems=1024 param_elems=1024 energy=0x1p-24 finite=1
ATTR_NAMED_GRAD block=192 name=ln_b_18 grad=81b39a90 grad_elems=1024 param_elems=1024 energy=0x1.acp-22 finite=1
ATTR_NAMED_GRAD block=192 name=ff2_8 grad=f89b8e43 grad_elems=3145728 param_elems=3145728 energy=0x1.24p-7 finite=1
ATTR_NAMED_GRAD block=192 name=ff1_8 grad=900e88d0 grad_elems=6291456 param_elems=6291456 energy=0x1.7ep-8 finite=1
ATTR_NAMED_GRAD block=192 name=ln_g_17 grad=b2595563 grad_elems=1024 param_elems=1024 energy=0x1.f2p-20 finite=1
ATTR_NAMED_GRAD block=192 name=ln_b_17 grad=ec4f4780 grad_elems=1024 param_elems=1024 energy=0x1.8ap-19 finite=1
ATTR_NAMED_GRAD block=192 name=ff_bias1_8 grad=f816e40c grad_elems=6144 param_elems=6144 energy=0x1.a4p-17 finite=1
ATTR_NAMED_GRAD block=192 name=ff_bias2_8 grad=a04bb88d grad_elems=1024 param_elems=1024 energy=0x1.eap-10 finite=1
ATTR_NAMED_GRAD block=192 name=w_o_8 grad=b4800bc5 grad_elems=1048576 param_elems=1048576 energy=0x1.f6p-8 finite=1
ATTR_NAMED_GRAD block=192 name=w_r_8 grad=f79e8b45 grad_elems=327680 param_elems=327680 energy=0x1.4ap-28 finite=1
ATTR_NAMED_GRAD block=192 name=w_kv_8 grad=653b84c5 grad_elems=2097152 param_elems=2097152 energy=0x1.56p-8 finite=1
ATTR_NAMED_GRAD block=192 name=w_q_8 grad=6ccfdc9e grad_elems=1048576 param_elems=1048576 energy=0x1.1p-15 finite=1
ATTR_NAMED_GRAD block=192 name=ln_g_16 grad=67080215 grad_elems=1024 param_elems=1024 energy=0x1.b4p-25 finite=1
ATTR_NAMED_GRAD block=192 name=ln_b_16 grad=d6c44079 grad_elems=1024 param_elems=1024 energy=0x1.f6p-22 finite=1
ATTR_NAMED_GRAD block=192 name=ff2_7 grad=d210df5b grad_elems=3145728 param_elems=3145728 energy=0x1.14p-7 finite=1
ATTR_NAMED_GRAD block=192 name=ff1_7 grad=7768c237 grad_elems=6291456 param_elems=6291456 energy=0x1.64p-8 finite=1
ATTR_NAMED_GRAD block=192 name=ln_g_15 grad=ba9baab8 grad_elems=1024 param_elems=1024 energy=0x1.06p-19 finite=1
ATTR_NAMED_GRAD block=192 name=ln_b_15 grad=da23f7d0 grad_elems=1024 param_elems=1024 energy=0x1.4ap-19 finite=1
ATTR_NAMED_GRAD block=192 name=ff_bias1_7 grad=0b939d07 grad_elems=6144 param_elems=6144 energy=0x1.6ap-17 finite=1
ATTR_NAMED_GRAD block=192 name=ff_bias2_7 grad=4efea3ba grad_elems=1024 param_elems=1024 energy=0x1.fp-10 finite=1
ATTR_NAMED_GRAD block=192 name=w_o_7 grad=ab0605aa grad_elems=1048576 param_elems=1048576 energy=0x1.7ap-8 finite=1
ATTR_NAMED_GRAD block=192 name=w_r_7 grad=aaf8f046 grad_elems=327680 param_elems=327680 energy=0x1.3ap-28 finite=1
ATTR_NAMED_GRAD block=192 name=w_kv_7 grad=8dd6befa grad_elems=2097152 param_elems=2097152 energy=0x1.1cp-8 finite=1
ATTR_NAMED_GRAD block=192 name=w_q_7 grad=3267d70a grad_elems=1048576 param_elems=1048576 energy=0x1.2cp-15 finite=1
ATTR_NAMED_GRAD block=192 name=ln_g_14 grad=cd551946 grad_elems=1024 param_elems=1024 energy=0x1.5ap-25 finite=1
ATTR_NAMED_GRAD block=192 name=ln_b_14 grad=ef334ead grad_elems=1024 param_elems=1024 energy=0x1.fcp-22 finite=1
ATTR_NAMED_GRAD block=192 name=ff2_6 grad=c0c01c45 grad_elems=3145728 param_elems=3145728 energy=0x1.12p-7 finite=1
ATTR_NAMED_GRAD block=192 name=ff1_6 grad=66e30065 grad_elems=6291456 param_elems=6291456 energy=0x1.66p-8 finite=1
ATTR_NAMED_GRAD block=192 name=ln_g_13 grad=ca031ab9 grad_elems=1024 param_elems=1024 energy=0x1.dcp-20 finite=1
ATTR_NAMED_GRAD block=192 name=ln_b_13 grad=67eb2dfb grad_elems=1024 param_elems=1024 energy=0x1.5ap-19 finite=1
ATTR_NAMED_GRAD block=192 name=ff_bias1_6 grad=6e6c06ec grad_elems=6144 param_elems=6144 energy=0x1.7p-17 finite=1
ATTR_NAMED_GRAD block=192 name=ff_bias2_6 grad=1f28ab71 grad_elems=1024 param_elems=1024 energy=0x1.fap-10 finite=1
ATTR_NAMED_GRAD block=192 name=w_o_6 grad=05d316fa grad_elems=1048576 param_elems=1048576 energy=0x1.1cp-8 finite=1
ATTR_NAMED_GRAD block=192 name=w_r_6 grad=00ac824a grad_elems=327680 param_elems=327680 energy=0x1.2cp-28 finite=1
ATTR_NAMED_GRAD block=192 name=w_kv_6 grad=bdb2fdd2 grad_elems=2097152 param_elems=2097152 energy=0x1.e6p-9 finite=1
ATTR_NAMED_GRAD block=192 name=w_q_6 grad=a789364a grad_elems=1048576 param_elems=1048576 energy=0x1.cp-16 finite=1
ATTR_NAMED_GRAD block=192 name=ln_g_12 grad=7d18a58c grad_elems=1024 param_elems=1024 energy=0x1.0cp-25 finite=1
ATTR_NAMED_GRAD block=192 name=ln_b_12 grad=9cad6781 grad_elems=1024 param_elems=1024 energy=0x1.0ap-21 finite=1
ATTR_NAMED_GRAD block=192 name=ff2_5 grad=63c60d18 grad_elems=3145728 param_elems=3145728 energy=0x1.0ap-7 finite=1
ATTR_NAMED_GRAD block=192 name=ff1_5 grad=6bb591d7 grad_elems=6291456 param_elems=6291456 energy=0x1.5cp-8 finite=1
ATTR_NAMED_GRAD block=192 name=ln_g_11 grad=68c1e3ec grad_elems=1024 param_elems=1024 energy=0x1.d6p-20 finite=1
ATTR_NAMED_GRAD block=192 name=ln_b_11 grad=57a1b497 grad_elems=1024 param_elems=1024 energy=0x1.1ap-19 finite=1
ATTR_NAMED_GRAD block=192 name=ff_bias1_5 grad=62a6bbd9 grad_elems=6144 param_elems=6144 energy=0x1.3ep-17 finite=1
ATTR_NAMED_GRAD block=192 name=ff_bias2_5 grad=d7fe5aeb grad_elems=1024 param_elems=1024 energy=0x1.02p-9 finite=1
ATTR_NAMED_GRAD block=192 name=w_o_5 grad=2848eed4 grad_elems=1048576 param_elems=1048576 energy=0x1p-8 finite=1
ATTR_NAMED_GRAD block=192 name=w_r_5 grad=a34029a7 grad_elems=327680 param_elems=327680 energy=0x1.32p-28 finite=1
ATTR_NAMED_GRAD block=192 name=w_kv_5 grad=ecb86bb9 grad_elems=2097152 param_elems=2097152 energy=0x1.82p-9 finite=1
ATTR_NAMED_GRAD block=192 name=w_q_5 grad=bea98d20 grad_elems=1048576 param_elems=1048576 energy=0x1.acp-16 finite=1
ATTR_NAMED_GRAD block=192 name=ln_g_10 grad=fd62f2ba grad_elems=1024 param_elems=1024 energy=0x1.a2p-26 finite=1
ATTR_NAMED_GRAD block=192 name=ln_b_10 grad=58203c76 grad_elems=1024 param_elems=1024 energy=0x1.1cp-21 finite=1
ATTR_NAMED_GRAD block=192 name=ff2_4 grad=be4f05fc grad_elems=3145728 param_elems=3145728 energy=0x1.06p-7 finite=1
ATTR_NAMED_GRAD block=192 name=ff1_4 grad=7cc083df grad_elems=6291456 param_elems=6291456 energy=0x1.6p-8 finite=1
ATTR_NAMED_GRAD block=192 name=ln_g_9 grad=0ed5ed8d grad_elems=1024 param_elems=1024 energy=0x1.d4p-20 finite=1
ATTR_NAMED_GRAD block=192 name=ln_b_9 grad=2906cb4c grad_elems=1024 param_elems=1024 energy=0x1.eep-20 finite=1
ATTR_NAMED_GRAD block=192 name=ff_bias1_4 grad=f8757685 grad_elems=6144 param_elems=6144 energy=0x1.3p-17 finite=1
ATTR_NAMED_GRAD block=192 name=ff_bias2_4 grad=8a9916b5 grad_elems=1024 param_elems=1024 energy=0x1.0ap-9 finite=1
ATTR_NAMED_GRAD block=192 name=w_o_4 grad=934b4959 grad_elems=1048576 param_elems=1048576 energy=0x1.86p-9 finite=1
ATTR_NAMED_GRAD block=192 name=w_r_4 grad=1153fe2f grad_elems=327680 param_elems=327680 energy=0x1.36p-28 finite=1
ATTR_NAMED_GRAD block=192 name=w_kv_4 grad=d59a194b grad_elems=2097152 param_elems=2097152 energy=0x1.5p-9 finite=1
ATTR_NAMED_GRAD block=192 name=w_q_4 grad=786a5b1b grad_elems=1048576 param_elems=1048576 energy=0x1.bcp-16 finite=1
ATTR_NAMED_GRAD block=192 name=ln_g_8 grad=696382c4 grad_elems=1024 param_elems=1024 energy=0x1.72p-26 finite=1
ATTR_NAMED_GRAD block=192 name=ln_b_8 grad=b7450a04 grad_elems=1024 param_elems=1024 energy=0x1.66p-21 finite=1
ATTR_NAMED_GRAD block=192 name=ff2_3 grad=63b49092 grad_elems=3145728 param_elems=3145728 energy=0x1.0cp-7 finite=1
ATTR_NAMED_GRAD block=192 name=ff1_3 grad=11ab3e9c grad_elems=6291456 param_elems=6291456 energy=0x1.68p-8 finite=1
ATTR_NAMED_GRAD block=192 name=ln_g_7 grad=b8ec61b2 grad_elems=1024 param_elems=1024 energy=0x1.08p-19 finite=1
ATTR_NAMED_GRAD block=192 name=ln_b_7 grad=dab5726d grad_elems=1024 param_elems=1024 energy=0x1.04p-19 finite=1
ATTR_NAMED_GRAD block=192 name=ff_bias1_3 grad=bff098eb grad_elems=6144 param_elems=6144 energy=0x1.2cp-17 finite=1
ATTR_NAMED_GRAD block=192 name=ff_bias2_3 grad=082adde7 grad_elems=1024 param_elems=1024 energy=0x1.1p-9 finite=1
ATTR_NAMED_GRAD block=192 name=w_o_3 grad=4168760a grad_elems=1048576 param_elems=1048576 energy=0x1.5p-9 finite=1
ATTR_NAMED_GRAD block=192 name=w_r_3 grad=ebdcdd8f grad_elems=327680 param_elems=327680 energy=0x1.34p-28 finite=1
ATTR_NAMED_GRAD block=192 name=w_kv_3 grad=1fba95f2 grad_elems=2097152 param_elems=2097152 energy=0x1.14p-9 finite=1
ATTR_NAMED_GRAD block=192 name=w_q_3 grad=223c6de1 grad_elems=1048576 param_elems=1048576 energy=0x1.66p-16 finite=1
ATTR_NAMED_GRAD block=192 name=ln_g_6 grad=c395366f grad_elems=1024 param_elems=1024 energy=0x1p-26 finite=1
ATTR_NAMED_GRAD block=192 name=ln_b_6 grad=da38dbb7 grad_elems=1024 param_elems=1024 energy=0x1.2ap-21 finite=1
ATTR_NAMED_GRAD block=192 name=ff2_2 grad=a5caf48e grad_elems=3145728 param_elems=3145728 energy=0x1.12p-7 finite=1
ATTR_NAMED_GRAD block=192 name=ff1_2 grad=222521db grad_elems=6291456 param_elems=6291456 energy=0x1.6cp-8 finite=1
ATTR_NAMED_GRAD block=192 name=ln_g_5 grad=d184b693 grad_elems=1024 param_elems=1024 energy=0x1.0ep-19 finite=1
ATTR_NAMED_GRAD block=192 name=ln_b_5 grad=e4e5875b grad_elems=1024 param_elems=1024 energy=0x1.eep-20 finite=1
ATTR_NAMED_GRAD block=192 name=ff_bias1_2 grad=2c154639 grad_elems=6144 param_elems=6144 energy=0x1.2p-17 finite=1
ATTR_NAMED_GRAD block=192 name=ff_bias2_2 grad=59b2e464 grad_elems=1024 param_elems=1024 energy=0x1.16p-9 finite=1
ATTR_NAMED_GRAD block=192 name=w_o_2 grad=76f46bca grad_elems=1048576 param_elems=1048576 energy=0x1.0ap-9 finite=1
ATTR_NAMED_GRAD block=192 name=w_r_2 grad=f108c441 grad_elems=327680 param_elems=327680 energy=0x1.3cp-28 finite=1
ATTR_NAMED_GRAD block=192 name=w_kv_2 grad=c1713998 grad_elems=2097152 param_elems=2097152 energy=0x1.dp-10 finite=1
ATTR_NAMED_GRAD block=192 name=w_q_2 grad=9fd02b4d grad_elems=1048576 param_elems=1048576 energy=0x1.54p-16 finite=1
ATTR_NAMED_GRAD block=192 name=ln_g_4 grad=e54d5f6f grad_elems=1024 param_elems=1024 energy=0x1.96p-27 finite=1
ATTR_NAMED_GRAD block=192 name=ln_b_4 grad=1817310d grad_elems=1024 param_elems=1024 energy=0x1.14p-21 finite=1
ATTR_NAMED_GRAD block=192 name=ff2_1 grad=421078d9 grad_elems=3145728 param_elems=3145728 energy=0x1.18p-7 finite=1
ATTR_NAMED_GRAD block=192 name=ff1_1 grad=bca4a6ca grad_elems=6291456 param_elems=6291456 energy=0x1.74p-8 finite=1
ATTR_NAMED_GRAD block=192 name=ln_g_3 grad=477c3b86 grad_elems=1024 param_elems=1024 energy=0x1.38p-19 finite=1
ATTR_NAMED_GRAD block=192 name=ln_b_3 grad=7af9111c grad_elems=1024 param_elems=1024 energy=0x1.fp-20 finite=1
ATTR_NAMED_GRAD block=192 name=ff_bias1_1 grad=4bcb05dd grad_elems=6144 param_elems=6144 energy=0x1.2p-17 finite=1
ATTR_NAMED_GRAD block=192 name=ff_bias2_1 grad=860e6d1d grad_elems=1024 param_elems=1024 energy=0x1.1ap-9 finite=1
ATTR_NAMED_GRAD block=192 name=w_o_1 grad=84305a32 grad_elems=1048576 param_elems=1048576 energy=0x1.ep-10 finite=1
ATTR_NAMED_GRAD block=192 name=w_r_1 grad=5e7ace4d grad_elems=327680 param_elems=327680 energy=0x1.48p-28 finite=1
ATTR_NAMED_GRAD block=192 name=w_kv_1 grad=d30232df grad_elems=2097152 param_elems=2097152 energy=0x1.8cp-10 finite=1
ATTR_NAMED_GRAD block=192 name=w_q_1 grad=8cccd114 grad_elems=1048576 param_elems=1048576 energy=0x1.7ap-16 finite=1
ATTR_NAMED_GRAD block=192 name=ln_g_2 grad=25c64adb grad_elems=1024 param_elems=1024 energy=0x1.5cp-27 finite=1
ATTR_NAMED_GRAD block=192 name=ln_b_2 grad=a6e27bb2 grad_elems=1024 param_elems=1024 energy=0x1.42p-21 finite=1
ATTR_NAMED_GRAD block=192 name=ff2_0 grad=bc821428 grad_elems=3145728 param_elems=3145728 energy=0x1.1cp-7 finite=1
ATTR_NAMED_GRAD block=192 name=ff1_0 grad=0fb05ce2 grad_elems=6291456 param_elems=6291456 energy=0x1.7cp-8 finite=1
ATTR_NAMED_GRAD block=192 name=ln_g_1 grad=a4522f68 grad_elems=1024 param_elems=1024 energy=0x1.1ap-19 finite=1
ATTR_NAMED_GRAD block=192 name=ln_b_1 grad=db196b3c grad_elems=1024 param_elems=1024 energy=0x1.e6p-20 finite=1
ATTR_NAMED_GRAD block=192 name=ff_bias1_0 grad=df9cd0f5 grad_elems=6144 param_elems=6144 energy=0x1.18p-17 finite=1
ATTR_NAMED_GRAD block=192 name=ff_bias2_0 grad=2482ef6a grad_elems=1024 param_elems=1024 energy=0x1.1cp-9 finite=1
ATTR_NAMED_GRAD block=192 name=w_o_0 grad=463a070d grad_elems=1048576 param_elems=1048576 energy=0x1.92p-10 finite=1
ATTR_NAMED_GRAD block=192 name=w_r_0 grad=805c45c2 grad_elems=327680 param_elems=327680 energy=0x1.56p-28 finite=1
ATTR_NAMED_GRAD block=192 name=b_r_0 grad=fb70731c grad_elems=2560 param_elems=2560 energy=0x1.22p-5 finite=1
ATTR_NAMED_GRAD block=192 name=w_kv_0 grad=d762cd70 grad_elems=2097152 param_elems=2097152 energy=0x1.5cp-10 finite=1
ATTR_NAMED_GRAD block=192 name=w_q_0 grad=0f3bd982 grad_elems=1048576 param_elems=1048576 energy=0x1.7cp-16 finite=1
ATTR_NAMED_GRAD block=192 name=ln_g_0 grad=537b6a7f grad_elems=1024 param_elems=1024 energy=0x1.62p-27 finite=1
ATTR_NAMED_GRAD block=192 name=ln_b_0 grad=01148712 grad_elems=1024 param_elems=1024 energy=0x1.5ep-21 finite=1
ATTR_NAMED_GRAD block=192 name=embed grad=83565ac7 grad_elems=16785408 param_elems=16785408 energy=0x1.99e052p-3 finite=1
ATTR_NAMED_GRAD block=192 name=ln_g_40 grad=e20ceb99 grad_elems=1024 param_elems=1024 energy=0x1.b8p-9 finite=1
ATTR_NAMED_GRAD block=192 name=ln_b_40 grad=010efc8d grad_elems=1024 param_elems=1024 energy=0x1.36p-8 finite=1
ATTR_NAMED_GRAD block=192 name=out_bias grad=d2adc184 grad_elems=16392 param_elems=16392 energy=0x1.74p-6 finite=1
ATTR_HEAD arm=1 block=192 weight=9e4d93d0 bias=eed9d11e
ATTR_STATE arm=1 block=192 step=8 params=ce61ac0a memory=a2173727
ATTR_NAMED_GRAD block=256 name=embed_out grad=f133dec2 grad_elems=16785408 param_elems=16785408 energy=0x1.4ap+1 finite=1
ATTR_NAMED_GRAD block=256 name=ff2_19 grad=1f2feffc grad_elems=3145728 param_elems=3145728 energy=0x1.46p-7 finite=1
ATTR_NAMED_GRAD block=256 name=ff1_19 grad=bcf39bf9 grad_elems=6291456 param_elems=6291456 energy=0x1.96p-8 finite=1
ATTR_NAMED_GRAD block=256 name=ln_g_39 grad=bc68628d grad_elems=1024 param_elems=1024 energy=0x1.8ep-20 finite=1
ATTR_NAMED_GRAD block=256 name=ln_b_39 grad=65021144 grad_elems=1024 param_elems=1024 energy=0x1.cap-20 finite=1
ATTR_NAMED_GRAD block=256 name=ff_bias1_19 grad=0f5be61f grad_elems=6144 param_elems=6144 energy=0x1.c4p-18 finite=1
ATTR_NAMED_GRAD block=256 name=ff_bias2_19 grad=c53e75e2 grad_elems=1024 param_elems=1024 energy=0x1.e2p-13 finite=1
ATTR_NAMED_GRAD block=256 name=w_o_19 grad=55660c8a grad_elems=1048576 param_elems=1048576 energy=0x1.16p-6 finite=1
ATTR_NAMED_GRAD block=256 name=w_r_19 grad=5ff5347d grad_elems=327680 param_elems=327680 energy=0x1.a4p-28 finite=1
ATTR_NAMED_GRAD block=256 name=w_kv_19 grad=90e431b2 grad_elems=2097152 param_elems=2097152 energy=0x1.22p-7 finite=1
ATTR_NAMED_GRAD block=256 name=w_q_19 grad=5a66fe04 grad_elems=1048576 param_elems=1048576 energy=0x1.ep-14 finite=1
ATTR_NAMED_GRAD block=256 name=ln_g_38 grad=2fc05022 grad_elems=1024 param_elems=1024 energy=0x1.d6p-25 finite=1
ATTR_NAMED_GRAD block=256 name=ln_b_38 grad=2b2784d7 grad_elems=1024 param_elems=1024 energy=0x1.2ap-24 finite=1
ATTR_NAMED_GRAD block=256 name=ff2_18 grad=da7f55d8 grad_elems=3145728 param_elems=3145728 energy=0x1.34p-7 finite=1
ATTR_NAMED_GRAD block=256 name=ff1_18 grad=37f3e5e1 grad_elems=6291456 param_elems=6291456 energy=0x1.8p-8 finite=1
ATTR_NAMED_GRAD block=256 name=ln_g_37 grad=69410b2b grad_elems=1024 param_elems=1024 energy=0x1.9cp-20 finite=1
ATTR_NAMED_GRAD block=256 name=ln_b_37 grad=7d19f5fb grad_elems=1024 param_elems=1024 energy=0x1.d6p-20 finite=1
ATTR_NAMED_GRAD block=256 name=ff_bias1_18 grad=e3b01dec grad_elems=6144 param_elems=6144 energy=0x1.b2p-18 finite=1
ATTR_NAMED_GRAD block=256 name=ff_bias2_18 grad=43ab16ad grad_elems=1024 param_elems=1024 energy=0x1.ep-13 finite=1
ATTR_NAMED_GRAD block=256 name=w_o_18 grad=05865b00 grad_elems=1048576 param_elems=1048576 energy=0x1.cp-7 finite=1
ATTR_NAMED_GRAD block=256 name=w_r_18 grad=01fc961a grad_elems=327680 param_elems=327680 energy=0x1.b4p-28 finite=1
ATTR_NAMED_GRAD block=256 name=w_kv_18 grad=ca5be069 grad_elems=2097152 param_elems=2097152 energy=0x1.d8p-8 finite=1
ATTR_NAMED_GRAD block=256 name=w_q_18 grad=264c35b6 grad_elems=1048576 param_elems=1048576 energy=0x1.bep-14 finite=1
ATTR_NAMED_GRAD block=256 name=ln_g_36 grad=06483eab grad_elems=1024 param_elems=1024 energy=0x1.c4p-25 finite=1
ATTR_NAMED_GRAD block=256 name=ln_b_36 grad=4c59e410 grad_elems=1024 param_elems=1024 energy=0x1.3ep-24 finite=1
ATTR_NAMED_GRAD block=256 name=ff2_17 grad=56805654 grad_elems=3145728 param_elems=3145728 energy=0x1.2ep-7 finite=1
ATTR_NAMED_GRAD block=256 name=ff1_17 grad=02e7092d grad_elems=6291456 param_elems=6291456 energy=0x1.68p-8 finite=1
ATTR_NAMED_GRAD block=256 name=ln_g_35 grad=1115bbf0 grad_elems=1024 param_elems=1024 energy=0x1.4ap-20 finite=1
ATTR_NAMED_GRAD block=256 name=ln_b_35 grad=1f30aff1 grad_elems=1024 param_elems=1024 energy=0x1.8cp-20 finite=1
ATTR_NAMED_GRAD block=256 name=ff_bias1_17 grad=3870af88 grad_elems=6144 param_elems=6144 energy=0x1.a4p-18 finite=1
ATTR_NAMED_GRAD block=256 name=ff_bias2_17 grad=89ad80c5 grad_elems=1024 param_elems=1024 energy=0x1.dcp-13 finite=1
ATTR_NAMED_GRAD block=256 name=w_o_17 grad=13e579f0 grad_elems=1048576 param_elems=1048576 energy=0x1.3ap-7 finite=1
ATTR_NAMED_GRAD block=256 name=w_r_17 grad=0fc01e49 grad_elems=327680 param_elems=327680 energy=0x1.04p-27 finite=1
ATTR_NAMED_GRAD block=256 name=w_kv_17 grad=92b19026 grad_elems=2097152 param_elems=2097152 energy=0x1.7cp-8 finite=1
ATTR_NAMED_GRAD block=256 name=w_q_17 grad=45c0ec65 grad_elems=1048576 param_elems=1048576 energy=0x1.0cp-13 finite=1
ATTR_NAMED_GRAD block=256 name=ln_g_34 grad=12d6358c grad_elems=1024 param_elems=1024 energy=0x1.ap-25 finite=1
ATTR_NAMED_GRAD block=256 name=ln_b_34 grad=738578d1 grad_elems=1024 param_elems=1024 energy=0x1.6p-24 finite=1
ATTR_NAMED_GRAD block=256 name=ff2_16 grad=fbfe5823 grad_elems=3145728 param_elems=3145728 energy=0x1.fcp-8 finite=1
ATTR_NAMED_GRAD block=256 name=ff1_16 grad=5c8cd754 grad_elems=6291456 param_elems=6291456 energy=0x1.44p-8 finite=1
ATTR_NAMED_GRAD block=256 name=ln_g_33 grad=b8b60083 grad_elems=1024 param_elems=1024 energy=0x1.1cp-20 finite=1
ATTR_NAMED_GRAD block=256 name=ln_b_33 grad=47c5347e grad_elems=1024 param_elems=1024 energy=0x1.6ap-20 finite=1
ATTR_NAMED_GRAD block=256 name=ff_bias1_16 grad=e11cfc68 grad_elems=6144 param_elems=6144 energy=0x1.82p-18 finite=1
ATTR_NAMED_GRAD block=256 name=ff_bias2_16 grad=d7cf7cb9 grad_elems=1024 param_elems=1024 energy=0x1.ep-13 finite=1
ATTR_NAMED_GRAD block=256 name=w_o_16 grad=ecace624 grad_elems=1048576 param_elems=1048576 energy=0x1.2ap-7 finite=1
ATTR_NAMED_GRAD block=256 name=w_r_16 grad=1190d4c1 grad_elems=327680 param_elems=327680 energy=0x1.46p-28 finite=1
ATTR_NAMED_GRAD block=256 name=w_kv_16 grad=5aa56ffc grad_elems=2097152 param_elems=2097152 energy=0x1.6ep-8 finite=1
ATTR_NAMED_GRAD block=256 name=w_q_16 grad=4d3ad765 grad_elems=1048576 param_elems=1048576 energy=0x1.ap-15 finite=1
ATTR_NAMED_GRAD block=256 name=ln_g_32 grad=6b679af2 grad_elems=1024 param_elems=1024 energy=0x1.fcp-26 finite=1
ATTR_NAMED_GRAD block=256 name=ln_b_32 grad=c10e001c grad_elems=1024 param_elems=1024 energy=0x1.74p-25 finite=1
ATTR_NAMED_GRAD block=256 name=ff2_15 grad=d4af4e00 grad_elems=3145728 param_elems=3145728 energy=0x1.b8p-8 finite=1
ATTR_NAMED_GRAD block=256 name=ff1_15 grad=c43175fd grad_elems=6291456 param_elems=6291456 energy=0x1.26p-8 finite=1
ATTR_NAMED_GRAD block=256 name=ln_g_31 grad=0a6e822a grad_elems=1024 param_elems=1024 energy=0x1.06p-20 finite=1
ATTR_NAMED_GRAD block=256 name=ln_b_31 grad=1128ef76 grad_elems=1024 param_elems=1024 energy=0x1.52p-20 finite=1
ATTR_NAMED_GRAD block=256 name=ff_bias1_15 grad=bf242a09 grad_elems=6144 param_elems=6144 energy=0x1.6cp-18 finite=1
ATTR_NAMED_GRAD block=256 name=ff_bias2_15 grad=f4740047 grad_elems=1024 param_elems=1024 energy=0x1.ep-13 finite=1
ATTR_NAMED_GRAD block=256 name=w_o_15 grad=e34f5490 grad_elems=1048576 param_elems=1048576 energy=0x1.7cp-8 finite=1
ATTR_NAMED_GRAD block=256 name=w_r_15 grad=0662ac90 grad_elems=327680 param_elems=327680 energy=0x1.98p-28 finite=1
ATTR_NAMED_GRAD block=256 name=w_kv_15 grad=0f369fd6 grad_elems=2097152 param_elems=2097152 energy=0x1.f6p-9 finite=1
ATTR_NAMED_GRAD block=256 name=w_q_15 grad=6a881a03 grad_elems=1048576 param_elems=1048576 energy=0x1.2ap-14 finite=1
ATTR_NAMED_GRAD block=256 name=ln_g_30 grad=aa4d7305 grad_elems=1024 param_elems=1024 energy=0x1.52p-25 finite=1
ATTR_NAMED_GRAD block=256 name=ln_b_30 grad=5ebe84d7 grad_elems=1024 param_elems=1024 energy=0x1.24p-24 finite=1
ATTR_NAMED_GRAD block=256 name=ff2_14 grad=5d1da9b0 grad_elems=3145728 param_elems=3145728 energy=0x1.78p-8 finite=1
ATTR_NAMED_GRAD block=256 name=ff1_14 grad=60f4c3e9 grad_elems=6291456 param_elems=6291456 energy=0x1p-8 finite=1
ATTR_NAMED_GRAD block=256 name=ln_g_29 grad=e7f0e029 grad_elems=1024 param_elems=1024 energy=0x1.fcp-21 finite=1
ATTR_NAMED_GRAD block=256 name=ln_b_29 grad=ddaae7f8 grad_elems=1024 param_elems=1024 energy=0x1.28p-20 finite=1
ATTR_NAMED_GRAD block=256 name=ff_bias1_14 grad=9d9c7854 grad_elems=6144 param_elems=6144 energy=0x1.36p-18 finite=1
ATTR_NAMED_GRAD block=256 name=ff_bias2_14 grad=8bc5e443 grad_elems=1024 param_elems=1024 energy=0x1.e2p-13 finite=1
ATTR_NAMED_GRAD block=256 name=w_o_14 grad=0d58e77f grad_elems=1048576 param_elems=1048576 energy=0x1.36p-8 finite=1
ATTR_NAMED_GRAD block=256 name=w_r_14 grad=5248fcf8 grad_elems=327680 param_elems=327680 energy=0x1.8ep-28 finite=1
ATTR_NAMED_GRAD block=256 name=w_kv_14 grad=881079b6 grad_elems=2097152 param_elems=2097152 energy=0x1.fp-9 finite=1
ATTR_NAMED_GRAD block=256 name=w_q_14 grad=6da38801 grad_elems=1048576 param_elems=1048576 energy=0x1.aap-15 finite=1
ATTR_NAMED_GRAD block=256 name=ln_g_28 grad=d0ccea9d grad_elems=1024 param_elems=1024 energy=0x1.bcp-26 finite=1
ATTR_NAMED_GRAD block=256 name=ln_b_28 grad=c161ed7b grad_elems=1024 param_elems=1024 energy=0x1.dap-25 finite=1
ATTR_NAMED_GRAD block=256 name=ff2_13 grad=1f730be9 grad_elems=3145728 param_elems=3145728 energy=0x1.6cp-8 finite=1
ATTR_NAMED_GRAD block=256 name=ff1_13 grad=90ab503f grad_elems=6291456 param_elems=6291456 energy=0x1.eep-9 finite=1
ATTR_NAMED_GRAD block=256 name=ln_g_27 grad=19f596c4 grad_elems=1024 param_elems=1024 energy=0x1.e4p-21 finite=1
ATTR_NAMED_GRAD block=256 name=ln_b_27 grad=46aa0386 grad_elems=1024 param_elems=1024 energy=0x1.1ep-20 finite=1
ATTR_NAMED_GRAD block=256 name=ff_bias1_13 grad=e0d35e0a grad_elems=6144 param_elems=6144 energy=0x1.38p-18 finite=1
ATTR_NAMED_GRAD block=256 name=ff_bias2_13 grad=72f9efe1 grad_elems=1024 param_elems=1024 energy=0x1.f2p-13 finite=1
ATTR_NAMED_GRAD block=256 name=w_o_13 grad=f8ad596e grad_elems=1048576 param_elems=1048576 energy=0x1.1p-8 finite=1
ATTR_NAMED_GRAD block=256 name=w_r_13 grad=d6bfe061 grad_elems=327680 param_elems=327680 energy=0x1.32p-28 finite=1
ATTR_NAMED_GRAD block=256 name=w_kv_13 grad=5dafe108 grad_elems=2097152 param_elems=2097152 energy=0x1.cep-9 finite=1
ATTR_NAMED_GRAD block=256 name=w_q_13 grad=b106bade grad_elems=1048576 param_elems=1048576 energy=0x1p-15 finite=1
ATTR_NAMED_GRAD block=256 name=ln_g_26 grad=1d5cd484 grad_elems=1024 param_elems=1024 energy=0x1.2ep-26 finite=1
ATTR_NAMED_GRAD block=256 name=ln_b_26 grad=b65a001f grad_elems=1024 param_elems=1024 energy=0x1.78p-25 finite=1
ATTR_NAMED_GRAD block=256 name=ff2_12 grad=6b36d98f grad_elems=3145728 param_elems=3145728 energy=0x1.6ap-8 finite=1
ATTR_NAMED_GRAD block=256 name=ff1_12 grad=17a11709 grad_elems=6291456 param_elems=6291456 energy=0x1.e2p-9 finite=1
ATTR_NAMED_GRAD block=256 name=ln_g_25 grad=cae4de39 grad_elems=1024 param_elems=1024 energy=0x1.f8p-21 finite=1
ATTR_NAMED_GRAD block=256 name=ln_b_25 grad=74f62003 grad_elems=1024 param_elems=1024 energy=0x1.08p-20 finite=1
ATTR_NAMED_GRAD block=256 name=ff_bias1_12 grad=7c6073a5 grad_elems=6144 param_elems=6144 energy=0x1.2ap-18 finite=1
ATTR_NAMED_GRAD block=256 name=ff_bias2_12 grad=ba300eaa grad_elems=1024 param_elems=1024 energy=0x1p-12 finite=1
ATTR_NAMED_GRAD block=256 name=w_o_12 grad=8564de9b grad_elems=1048576 param_elems=1048576 energy=0x1.cp-9 finite=1
ATTR_NAMED_GRAD block=256 name=w_r_12 grad=c279de78 grad_elems=327680 param_elems=327680 energy=0x1.36p-28 finite=1
ATTR_NAMED_GRAD block=256 name=w_kv_12 grad=f59af4dd grad_elems=2097152 param_elems=2097152 energy=0x1.8ep-9 finite=1
ATTR_NAMED_GRAD block=256 name=w_q_12 grad=9f20642e grad_elems=1048576 param_elems=1048576 energy=0x1.bp-16 finite=1
ATTR_NAMED_GRAD block=256 name=ln_g_24 grad=994818be grad_elems=1024 param_elems=1024 energy=0x1.2ap-26 finite=1
ATTR_NAMED_GRAD block=256 name=ln_b_24 grad=86404a73 grad_elems=1024 param_elems=1024 energy=0x1.b2p-25 finite=1
ATTR_NAMED_GRAD block=256 name=ff2_11 grad=51b7f6a2 grad_elems=3145728 param_elems=3145728 energy=0x1.62p-8 finite=1
ATTR_NAMED_GRAD block=256 name=ff1_11 grad=8fb698e2 grad_elems=6291456 param_elems=6291456 energy=0x1.ep-9 finite=1
ATTR_NAMED_GRAD block=256 name=ln_g_23 grad=c9686e5b grad_elems=1024 param_elems=1024 energy=0x1.28p-20 finite=1
ATTR_NAMED_GRAD block=256 name=ln_b_23 grad=b5f96099 grad_elems=1024 param_elems=1024 energy=0x1.1p-20 finite=1
ATTR_NAMED_GRAD block=256 name=ff_bias1_11 grad=a726f675 grad_elems=6144 param_elems=6144 energy=0x1.2cp-18 finite=1
ATTR_NAMED_GRAD block=256 name=ff_bias2_11 grad=b997e496 grad_elems=1024 param_elems=1024 energy=0x1.08p-12 finite=1
ATTR_NAMED_GRAD block=256 name=w_o_11 grad=99b3a647 grad_elems=1048576 param_elems=1048576 energy=0x1.8ep-9 finite=1
ATTR_NAMED_GRAD block=256 name=w_r_11 grad=4ace3697 grad_elems=327680 param_elems=327680 energy=0x1.34p-28 finite=1
ATTR_NAMED_GRAD block=256 name=w_kv_11 grad=4b330d49 grad_elems=2097152 param_elems=2097152 energy=0x1.76p-9 finite=1
ATTR_NAMED_GRAD block=256 name=w_q_11 grad=a0cec3ca grad_elems=1048576 param_elems=1048576 energy=0x1.82p-16 finite=1
ATTR_NAMED_GRAD block=256 name=ln_g_22 grad=d72f2ff4 grad_elems=1024 param_elems=1024 energy=0x1.f4p-27 finite=1
ATTR_NAMED_GRAD block=256 name=ln_b_22 grad=68f3803f grad_elems=1024 param_elems=1024 energy=0x1.e4p-25 finite=1
ATTR_NAMED_GRAD block=256 name=ff2_10 grad=828f797b grad_elems=3145728 param_elems=3145728 energy=0x1.5cp-8 finite=1
ATTR_NAMED_GRAD block=256 name=ff1_10 grad=ba5743a8 grad_elems=6291456 param_elems=6291456 energy=0x1.d6p-9 finite=1
ATTR_NAMED_GRAD block=256 name=ln_g_21 grad=19591085 grad_elems=1024 param_elems=1024 energy=0x1.1ep-20 finite=1
ATTR_NAMED_GRAD block=256 name=ln_b_21 grad=cfb2a359 grad_elems=1024 param_elems=1024 energy=0x1.fep-21 finite=1
ATTR_NAMED_GRAD block=256 name=ff_bias1_10 grad=b84c6076 grad_elems=6144 param_elems=6144 energy=0x1.1cp-18 finite=1
ATTR_NAMED_GRAD block=256 name=ff_bias2_10 grad=d693f7ed grad_elems=1024 param_elems=1024 energy=0x1.1p-12 finite=1
ATTR_NAMED_GRAD block=256 name=w_o_10 grad=b9d2ebff grad_elems=1048576 param_elems=1048576 energy=0x1.54p-9 finite=1
ATTR_NAMED_GRAD block=256 name=w_r_10 grad=08e930aa grad_elems=327680 param_elems=327680 energy=0x1.0ep-28 finite=1
ATTR_NAMED_GRAD block=256 name=w_kv_10 grad=e68bcbe2 grad_elems=2097152 param_elems=2097152 energy=0x1.5ap-9 finite=1
ATTR_NAMED_GRAD block=256 name=w_q_10 grad=cfa83713 grad_elems=1048576 param_elems=1048576 energy=0x1.34p-16 finite=1
ATTR_NAMED_GRAD block=256 name=ln_g_20 grad=e0998e99 grad_elems=1024 param_elems=1024 energy=0x1.96p-27 finite=1
ATTR_NAMED_GRAD block=256 name=ln_b_20 grad=93e0440c grad_elems=1024 param_elems=1024 energy=0x1.f2p-25 finite=1
ATTR_NAMED_GRAD block=256 name=ff2_9 grad=14bc73b9 grad_elems=3145728 param_elems=3145728 energy=0x1.68p-8 finite=1
ATTR_NAMED_GRAD block=256 name=ff1_9 grad=d45743d1 grad_elems=6291456 param_elems=6291456 energy=0x1.dcp-9 finite=1
ATTR_NAMED_GRAD block=256 name=ln_g_19 grad=e6274734 grad_elems=1024 param_elems=1024 energy=0x1.52p-20 finite=1
ATTR_NAMED_GRAD block=256 name=ln_b_19 grad=f9e6d8f6 grad_elems=1024 param_elems=1024 energy=0x1.02p-20 finite=1
ATTR_NAMED_GRAD block=256 name=ff_bias1_9 grad=9cc073a2 grad_elems=6144 param_elems=6144 energy=0x1.1ep-18 finite=1
ATTR_NAMED_GRAD block=256 name=ff_bias2_9 grad=43230d6e grad_elems=1024 param_elems=1024 energy=0x1.16p-12 finite=1
ATTR_NAMED_GRAD block=256 name=w_o_9 grad=71cb4407 grad_elems=1048576 param_elems=1048576 energy=0x1.2cp-9 finite=1
ATTR_NAMED_GRAD block=256 name=w_r_9 grad=8cb4e42e grad_elems=327680 param_elems=327680 energy=0x1.06p-28 finite=1
ATTR_NAMED_GRAD block=256 name=w_kv_9 grad=b1f13732 grad_elems=2097152 param_elems=2097152 energy=0x1.48p-9 finite=1
ATTR_NAMED_GRAD block=256 name=w_q_9 grad=13dd7177 grad_elems=1048576 param_elems=1048576 energy=0x1.3p-16 finite=1
ATTR_NAMED_GRAD block=256 name=ln_g_18 grad=05e808c6 grad_elems=1024 param_elems=1024 energy=0x1.a6p-27 finite=1
ATTR_NAMED_GRAD block=256 name=ln_b_18 grad=86cab03d grad_elems=1024 param_elems=1024 energy=0x1.0cp-24 finite=1
ATTR_NAMED_GRAD block=256 name=ff2_8 grad=8a5bf316 grad_elems=3145728 param_elems=3145728 energy=0x1.66p-8 finite=1
ATTR_NAMED_GRAD block=256 name=ff1_8 grad=63a18961 grad_elems=6291456 param_elems=6291456 energy=0x1.d6p-9 finite=1
ATTR_NAMED_GRAD block=256 name=ln_g_17 grad=4a3c8fca grad_elems=1024 param_elems=1024 energy=0x1.56p-20 finite=1
ATTR_NAMED_GRAD block=256 name=ln_b_17 grad=b503dbf5 grad_elems=1024 param_elems=1024 energy=0x1.02p-20 finite=1
ATTR_NAMED_GRAD block=256 name=ff_bias1_8 grad=45c0586a grad_elems=6144 param_elems=6144 energy=0x1.14p-18 finite=1
ATTR_NAMED_GRAD block=256 name=ff_bias2_8 grad=4fc54704 grad_elems=1024 param_elems=1024 energy=0x1.2p-12 finite=1
ATTR_NAMED_GRAD block=256 name=w_o_8 grad=c1e8b66c grad_elems=1048576 param_elems=1048576 energy=0x1.eep-10 finite=1
ATTR_NAMED_GRAD block=256 name=w_r_8 grad=bb74ec3d grad_elems=327680 param_elems=327680 energy=0x1.06p-28 finite=1
ATTR_NAMED_GRAD block=256 name=w_kv_8 grad=c197b18d grad_elems=2097152 param_elems=2097152 energy=0x1.0ap-9 finite=1
ATTR_NAMED_GRAD block=256 name=w_q_8 grad=86d9425a grad_elems=1048576 param_elems=1048576 energy=0x1.dep-17 finite=1
ATTR_NAMED_GRAD block=256 name=ln_g_16 grad=837c548a grad_elems=1024 param_elems=1024 energy=0x1.3ep-27 finite=1
ATTR_NAMED_GRAD block=256 name=ln_b_16 grad=5e289621 grad_elems=1024 param_elems=1024 energy=0x1.0cp-24 finite=1
ATTR_NAMED_GRAD block=256 name=ff2_7 grad=23d668b5 grad_elems=3145728 param_elems=3145728 energy=0x1.6ap-8 finite=1
ATTR_NAMED_GRAD block=256 name=ff1_7 grad=b895cd88 grad_elems=6291456 param_elems=6291456 energy=0x1.ep-9 finite=1
ATTR_NAMED_GRAD block=256 name=ln_g_15 grad=b91b78c3 grad_elems=1024 param_elems=1024 energy=0x1.5p-20 finite=1
ATTR_NAMED_GRAD block=256 name=ln_b_15 grad=6618d0c4 grad_elems=1024 param_elems=1024 energy=0x1.d8p-21 finite=1
ATTR_NAMED_GRAD block=256 name=ff_bias1_7 grad=6c19fac9 grad_elems=6144 param_elems=6144 energy=0x1.18p-18 finite=1
ATTR_NAMED_GRAD block=256 name=ff_bias2_7 grad=72cfae7d grad_elems=1024 param_elems=1024 energy=0x1.28p-12 finite=1
ATTR_NAMED_GRAD block=256 name=w_o_7 grad=c6f70c1f grad_elems=1048576 param_elems=1048576 energy=0x1.8ap-10 finite=1
ATTR_NAMED_GRAD block=256 name=w_r_7 grad=4b438b78 grad_elems=327680 param_elems=327680 energy=0x1.04p-28 finite=1
ATTR_NAMED_GRAD block=256 name=w_kv_7 grad=a0f852f8 grad_elems=2097152 param_elems=2097152 energy=0x1.bap-10 finite=1
ATTR_NAMED_GRAD block=256 name=w_q_7 grad=8da2c4e9 grad_elems=1048576 param_elems=1048576 energy=0x1.f8p-17 finite=1
ATTR_NAMED_GRAD block=256 name=ln_g_14 grad=5531a819 grad_elems=1024 param_elems=1024 energy=0x1.1cp-27 finite=1
ATTR_NAMED_GRAD block=256 name=ln_b_14 grad=174f9967 grad_elems=1024 param_elems=1024 energy=0x1.04p-24 finite=1
ATTR_NAMED_GRAD block=256 name=ff2_6 grad=f16d83ed grad_elems=3145728 param_elems=3145728 energy=0x1.74p-8 finite=1
ATTR_NAMED_GRAD block=256 name=ff1_6 grad=543d8bba grad_elems=6291456 param_elems=6291456 energy=0x1.e6p-9 finite=1
ATTR_NAMED_GRAD block=256 name=ln_g_13 grad=4c321c68 grad_elems=1024 param_elems=1024 energy=0x1.74p-20 finite=1
ATTR_NAMED_GRAD block=256 name=ln_b_13 grad=849eb753 grad_elems=1024 param_elems=1024 energy=0x1.02p-20 finite=1
ATTR_NAMED_GRAD block=256 name=ff_bias1_6 grad=5cf19c71 grad_elems=6144 param_elems=6144 energy=0x1.12p-18 finite=1
ATTR_NAMED_GRAD block=256 name=ff_bias2_6 grad=e31d4c7b grad_elems=1024 param_elems=1024 energy=0x1.3p-12 finite=1
ATTR_NAMED_GRAD block=256 name=w_o_6 grad=21e97fc5 grad_elems=1048576 param_elems=1048576 energy=0x1.34p-10 finite=1
ATTR_NAMED_GRAD block=256 name=w_r_6 grad=f34a8cd0 grad_elems=327680 param_elems=327680 energy=0x1.0ep-28 finite=1
ATTR_NAMED_GRAD block=256 name=w_kv_6 grad=06a2f0c5 grad_elems=2097152 param_elems=2097152 energy=0x1.74p-10 finite=1
ATTR_NAMED_GRAD block=256 name=w_q_6 grad=a6c149bd grad_elems=1048576 param_elems=1048576 energy=0x1.04p-16 finite=1
ATTR_NAMED_GRAD block=256 name=ln_g_12 grad=eb178200 grad_elems=1024 param_elems=1024 energy=0x1.eap-28 finite=1
ATTR_NAMED_GRAD block=256 name=ln_b_12 grad=72b09d5f grad_elems=1024 param_elems=1024 energy=0x1.1ep-24 finite=1
ATTR_NAMED_GRAD block=256 name=ff2_5 grad=a3bcd0a3 grad_elems=3145728 param_elems=3145728 energy=0x1.76p-8 finite=1
ATTR_NAMED_GRAD block=256 name=ff1_5 grad=051877ab grad_elems=6291456 param_elems=6291456 energy=0x1.eap-9 finite=1
ATTR_NAMED_GRAD block=256 name=ln_g_11 grad=4301ec05 grad_elems=1024 param_elems=1024 energy=0x1.3ep-20 finite=1
ATTR_NAMED_GRAD block=256 name=ln_b_11 grad=f4a1ace3 grad_elems=1024 param_elems=1024 energy=0x1.9cp-21 finite=1
ATTR_NAMED_GRAD block=256 name=ff_bias1_5 grad=b2c5e1ea grad_elems=6144 param_elems=6144 energy=0x1.0ep-18 finite=1
ATTR_NAMED_GRAD block=256 name=ff_bias2_5 grad=8d2ca7c1 grad_elems=1024 param_elems=1024 energy=0x1.38p-12 finite=1
ATTR_NAMED_GRAD block=256 name=w_o_5 grad=69196625 grad_elems=1048576 param_elems=1048576 energy=0x1.1ep-10 finite=1
ATTR_NAMED_GRAD block=256 name=w_r_5 grad=5c5fb668 grad_elems=327680 param_elems=327680 energy=0x1.16p-28 finite=1
ATTR_NAMED_GRAD block=256 name=w_kv_5 grad=48529288 grad_elems=2097152 param_elems=2097152 energy=0x1.3cp-10 finite=1
ATTR_NAMED_GRAD block=256 name=w_q_5 grad=dc934b12 grad_elems=1048576 param_elems=1048576 energy=0x1.0ap-16 finite=1
ATTR_NAMED_GRAD block=256 name=ln_g_10 grad=439f9b14 grad_elems=1024 param_elems=1024 energy=0x1.fp-28 finite=1
ATTR_NAMED_GRAD block=256 name=ln_b_10 grad=353305a7 grad_elems=1024 param_elems=1024 energy=0x1.22p-24 finite=1
ATTR_NAMED_GRAD block=256 name=ff2_4 grad=8cdc57a2 grad_elems=3145728 param_elems=3145728 energy=0x1.76p-8 finite=1
ATTR_NAMED_GRAD block=256 name=ff1_4 grad=a7703048 grad_elems=6291456 param_elems=6291456 energy=0x1.f4p-9 finite=1
ATTR_NAMED_GRAD block=256 name=ln_g_9 grad=e05770b1 grad_elems=1024 param_elems=1024 energy=0x1.3p-20 finite=1
ATTR_NAMED_GRAD block=256 name=ln_b_9 grad=4336a62d grad_elems=1024 param_elems=1024 energy=0x1.b6p-21 finite=1
ATTR_NAMED_GRAD block=256 name=ff_bias1_4 grad=1f51f7a5 grad_elems=6144 param_elems=6144 energy=0x1.14p-18 finite=1
ATTR_NAMED_GRAD block=256 name=ff_bias2_4 grad=e1829768 grad_elems=1024 param_elems=1024 energy=0x1.4p-12 finite=1
ATTR_NAMED_GRAD block=256 name=w_o_4 grad=65f1330c grad_elems=1048576 param_elems=1048576 energy=0x1.dp-11 finite=1
ATTR_NAMED_GRAD block=256 name=w_r_4 grad=ce0120c6 grad_elems=327680 param_elems=327680 energy=0x1.1ep-28 finite=1
ATTR_NAMED_GRAD block=256 name=w_kv_4 grad=afcdb19a grad_elems=2097152 param_elems=2097152 energy=0x1.1p-10 finite=1
ATTR_NAMED_GRAD block=256 name=w_q_4 grad=7af0a9c5 grad_elems=1048576 param_elems=1048576 energy=0x1.12p-16 finite=1
ATTR_NAMED_GRAD block=256 name=ln_g_8 grad=74096b73 grad_elems=1024 param_elems=1024 energy=0x1.dap-28 finite=1
ATTR_NAMED_GRAD block=256 name=ln_b_8 grad=21b3c24f grad_elems=1024 param_elems=1024 energy=0x1.3p-24 finite=1
ATTR_NAMED_GRAD block=256 name=ff2_3 grad=342a41b6 grad_elems=3145728 param_elems=3145728 energy=0x1.88p-8 finite=1
ATTR_NAMED_GRAD block=256 name=ff1_3 grad=81009c8e grad_elems=6291456 param_elems=6291456 energy=0x1p-8 finite=1
ATTR_NAMED_GRAD block=256 name=ln_g_7 grad=6b4a63b4 grad_elems=1024 param_elems=1024 energy=0x1.86p-20 finite=1
ATTR_NAMED_GRAD block=256 name=ln_b_7 grad=3a78e991 grad_elems=1024 param_elems=1024 energy=0x1.d8p-21 finite=1
ATTR_NAMED_GRAD block=256 name=ff_bias1_3 grad=f1c7f04c grad_elems=6144 param_elems=6144 energy=0x1.1ap-18 finite=1
ATTR_NAMED_GRAD block=256 name=ff_bias2_3 grad=4c8f1f87 grad_elems=1024 param_elems=1024 energy=0x1.48p-12 finite=1
ATTR_NAMED_GRAD block=256 name=w_o_3 grad=20280039 grad_elems=1048576 param_elems=1048576 energy=0x1.a2p-11 finite=1
ATTR_NAMED_GRAD block=256 name=w_r_3 grad=a86deb13 grad_elems=327680 param_elems=327680 energy=0x1.26p-28 finite=1
ATTR_NAMED_GRAD block=256 name=w_kv_3 grad=426cd288 grad_elems=2097152 param_elems=2097152 energy=0x1.ccp-11 finite=1
ATTR_NAMED_GRAD block=256 name=w_q_3 grad=d44a40c5 grad_elems=1048576 param_elems=1048576 energy=0x1.2ap-16 finite=1
ATTR_NAMED_GRAD block=256 name=ln_g_6 grad=5df6ec94 grad_elems=1024 param_elems=1024 energy=0x1.dap-28 finite=1
ATTR_NAMED_GRAD block=256 name=ln_b_6 grad=ec6af89f grad_elems=1024 param_elems=1024 energy=0x1.5cp-24 finite=1
ATTR_NAMED_GRAD block=256 name=ff2_2 grad=fa040de0 grad_elems=3145728 param_elems=3145728 energy=0x1.8ep-8 finite=1
ATTR_NAMED_GRAD block=256 name=ff1_2 grad=c8d4f80b grad_elems=6291456 param_elems=6291456 energy=0x1.06p-8 finite=1
ATTR_NAMED_GRAD block=256 name=ln_g_5 grad=dcd4c61b grad_elems=1024 param_elems=1024 energy=0x1.6ep-20 finite=1
ATTR_NAMED_GRAD block=256 name=ln_b_5 grad=766ae452 grad_elems=1024 param_elems=1024 energy=0x1.c8p-21 finite=1
ATTR_NAMED_GRAD block=256 name=ff_bias1_2 grad=8d7a25ab grad_elems=6144 param_elems=6144 energy=0x1.1cp-18 finite=1
ATTR_NAMED_GRAD block=256 name=ff_bias2_2 grad=19df4d8e grad_elems=1024 param_elems=1024 energy=0x1.4ep-12 finite=1
ATTR_NAMED_GRAD block=256 name=w_o_2 grad=07470cc1 grad_elems=1048576 param_elems=1048576 energy=0x1.66p-11 finite=1
ATTR_NAMED_GRAD block=256 name=w_r_2 grad=e0a7af0b grad_elems=327680 param_elems=327680 energy=0x1.2ap-28 finite=1
ATTR_NAMED_GRAD block=256 name=w_kv_2 grad=6812671e grad_elems=2097152 param_elems=2097152 energy=0x1.78p-11 finite=1
ATTR_NAMED_GRAD block=256 name=w_q_2 grad=200b3ff3 grad_elems=1048576 param_elems=1048576 energy=0x1.24p-16 finite=1
ATTR_NAMED_GRAD block=256 name=ln_g_4 grad=a167781d grad_elems=1024 param_elems=1024 energy=0x1.8ap-28 finite=1
ATTR_NAMED_GRAD block=256 name=ln_b_4 grad=e12c90f0 grad_elems=1024 param_elems=1024 energy=0x1.2p-24 finite=1
ATTR_NAMED_GRAD block=256 name=ff2_1 grad=48674b17 grad_elems=3145728 param_elems=3145728 energy=0x1.9ep-8 finite=1
ATTR_NAMED_GRAD block=256 name=ff1_1 grad=8e513ea9 grad_elems=6291456 param_elems=6291456 energy=0x1.0ep-8 finite=1
ATTR_NAMED_GRAD block=256 name=ln_g_3 grad=ac2ab75c grad_elems=1024 param_elems=1024 energy=0x1.44p-20 finite=1
ATTR_NAMED_GRAD block=256 name=ln_b_3 grad=cabd92f2 grad_elems=1024 param_elems=1024 energy=0x1.08p-20 finite=1
ATTR_NAMED_GRAD block=256 name=ff_bias1_1 grad=9fd16a79 grad_elems=6144 param_elems=6144 energy=0x1.26p-18 finite=1
ATTR_NAMED_GRAD block=256 name=ff_bias2_1 grad=72a5b7fc grad_elems=1024 param_elems=1024 energy=0x1.56p-12 finite=1
ATTR_NAMED_GRAD block=256 name=w_o_1 grad=c85a4f66 grad_elems=1048576 param_elems=1048576 energy=0x1.3ep-11 finite=1
ATTR_NAMED_GRAD block=256 name=w_r_1 grad=92429254 grad_elems=327680 param_elems=327680 energy=0x1.34p-28 finite=1
ATTR_NAMED_GRAD block=256 name=w_kv_1 grad=893a89b8 grad_elems=2097152 param_elems=2097152 energy=0x1.4cp-11 finite=1
ATTR_NAMED_GRAD block=256 name=w_q_1 grad=4fa88a7f grad_elems=1048576 param_elems=1048576 energy=0x1.2ep-16 finite=1
ATTR_NAMED_GRAD block=256 name=ln_g_2 grad=1e8d635e grad_elems=1024 param_elems=1024 energy=0x1.86p-28 finite=1
ATTR_NAMED_GRAD block=256 name=ln_b_2 grad=b1066595 grad_elems=1024 param_elems=1024 energy=0x1.32p-24 finite=1
ATTR_NAMED_GRAD block=256 name=ff2_0 grad=87c0a2ff grad_elems=3145728 param_elems=3145728 energy=0x1.9cp-8 finite=1
ATTR_NAMED_GRAD block=256 name=ff1_0 grad=42e9a7b8 grad_elems=6291456 param_elems=6291456 energy=0x1.12p-8 finite=1
ATTR_NAMED_GRAD block=256 name=ln_g_1 grad=380da453 grad_elems=1024 param_elems=1024 energy=0x1.6ep-20 finite=1
ATTR_NAMED_GRAD block=256 name=ln_b_1 grad=f5905ff0 grad_elems=1024 param_elems=1024 energy=0x1.f4p-21 finite=1
ATTR_NAMED_GRAD block=256 name=ff_bias1_0 grad=ca82f1a2 grad_elems=6144 param_elems=6144 energy=0x1.26p-18 finite=1
ATTR_NAMED_GRAD block=256 name=ff_bias2_0 grad=705f1a26 grad_elems=1024 param_elems=1024 energy=0x1.5cp-12 finite=1
ATTR_NAMED_GRAD block=256 name=w_o_0 grad=8b65b93f grad_elems=1048576 param_elems=1048576 energy=0x1.26p-11 finite=1
ATTR_NAMED_GRAD block=256 name=w_r_0 grad=d909a9fc grad_elems=327680 param_elems=327680 energy=0x1.4p-28 finite=1
ATTR_NAMED_GRAD block=256 name=b_r_0 grad=966aa95f grad_elems=2560 param_elems=2560 energy=0x1.1ap-9 finite=1
ATTR_NAMED_GRAD block=256 name=w_kv_0 grad=8540ae73 grad_elems=2097152 param_elems=2097152 energy=0x1.2ap-11 finite=1
ATTR_NAMED_GRAD block=256 name=w_q_0 grad=5a95d7d6 grad_elems=1048576 param_elems=1048576 energy=0x1.4ap-16 finite=1
ATTR_NAMED_GRAD block=256 name=ln_g_0 grad=aa014d24 grad_elems=1024 param_elems=1024 energy=0x1.b4p-28 finite=1
ATTR_NAMED_GRAD block=256 name=ln_b_0 grad=f23480f5 grad_elems=1024 param_elems=1024 energy=0x1.16p-24 finite=1
ATTR_NAMED_GRAD block=256 name=embed grad=e36ed9c9 grad_elems=16785408 param_elems=16785408 energy=0x1.27ebcp-3 finite=1
ATTR_NAMED_GRAD block=256 name=ln_g_40 grad=dd836bdb grad_elems=1024 param_elems=1024 energy=0x1.54p-10 finite=1
ATTR_NAMED_GRAD block=256 name=ln_b_40 grad=2cd75a13 grad_elems=1024 param_elems=1024 energy=0x1.d2p-11 finite=1
ATTR_NAMED_GRAD block=256 name=out_bias grad=f028ef9e grad_elems=16392 param_elems=16392 energy=0x1.6cp-9 finite=1
ATTR_HEAD arm=1 block=256 weight=277c0874 bias=8b20496b
ATTR_STATE arm=1 block=256 step=10 params=a98d185d memory=8e1f4699
ATTR_NAMED_GRAD block=320 name=embed_out grad=077dd672 grad_elems=16785408 param_elems=16785408 energy=0x1.eap+0 finite=1
ATTR_NAMED_GRAD block=320 name=ff2_19 grad=2e3f2630 grad_elems=3145728 param_elems=3145728 energy=0x1.94p-8 finite=1
ATTR_NAMED_GRAD block=320 name=ff1_19 grad=191ae6ec grad_elems=6291456 param_elems=6291456 energy=0x1.1ep-8 finite=1
ATTR_NAMED_GRAD block=320 name=ln_g_39 grad=26b03d1f grad_elems=1024 param_elems=1024 energy=0x1.52p-20 finite=1
ATTR_NAMED_GRAD block=320 name=ln_b_39 grad=5cef7c9b grad_elems=1024 param_elems=1024 energy=0x1.64p-20 finite=1
ATTR_NAMED_GRAD block=320 name=ff_bias1_19 grad=4365dfbd grad_elems=6144 param_elems=6144 energy=0x1.4p-18 finite=1
ATTR_NAMED_GRAD block=320 name=ff_bias2_19 grad=8484ea33 grad_elems=1024 param_elems=1024 energy=0x1.38p-13 finite=1
ATTR_NAMED_GRAD block=320 name=w_o_19 grad=9328377a grad_elems=1048576 param_elems=1048576 energy=0x1.b2p-7 finite=1
ATTR_NAMED_GRAD block=320 name=w_r_19 grad=ead6f997 grad_elems=327680 param_elems=327680 energy=0x1.fep-28 finite=1
ATTR_NAMED_GRAD block=320 name=w_kv_19 grad=bece1752 grad_elems=2097152 param_elems=2097152 energy=0x1.06p-7 finite=1
ATTR_NAMED_GRAD block=320 name=w_q_19 grad=6a37f443 grad_elems=1048576 param_elems=1048576 energy=0x1.bp-14 finite=1
ATTR_NAMED_GRAD block=320 name=ln_g_38 grad=73c013e8 grad_elems=1024 param_elems=1024 energy=0x1.e4p-25 finite=1
ATTR_NAMED_GRAD block=320 name=ln_b_38 grad=5c32bbad grad_elems=1024 param_elems=1024 energy=0x1.4ap-24 finite=1
ATTR_NAMED_GRAD block=320 name=ff2_18 grad=107b457c grad_elems=3145728 param_elems=3145728 energy=0x1.7cp-8 finite=1
ATTR_NAMED_GRAD block=320 name=ff1_18 grad=a841f3ea grad_elems=6291456 param_elems=6291456 energy=0x1.0cp-8 finite=1
ATTR_NAMED_GRAD block=320 name=ln_g_37 grad=25520e6f grad_elems=1024 param_elems=1024 energy=0x1.ecp-21 finite=1
ATTR_NAMED_GRAD block=320 name=ln_b_37 grad=151be4d3 grad_elems=1024 param_elems=1024 energy=0x1.34p-20 finite=1
ATTR_NAMED_GRAD block=320 name=ff_bias1_18 grad=35fda2c4 grad_elems=6144 param_elems=6144 energy=0x1.2ep-18 finite=1
ATTR_NAMED_GRAD block=320 name=ff_bias2_18 grad=44578866 grad_elems=1024 param_elems=1024 energy=0x1.3ap-13 finite=1
ATTR_NAMED_GRAD block=320 name=w_o_18 grad=b7a2f956 grad_elems=1048576 param_elems=1048576 energy=0x1.84p-7 finite=1
ATTR_NAMED_GRAD block=320 name=w_r_18 grad=cd1e50eb grad_elems=327680 param_elems=327680 energy=0x1.bap-28 finite=1
ATTR_NAMED_GRAD block=320 name=w_kv_18 grad=b83f9c09 grad_elems=2097152 param_elems=2097152 energy=0x1.fp-8 finite=1
ATTR_NAMED_GRAD block=320 name=w_q_18 grad=ac7b8533 grad_elems=1048576 param_elems=1048576 energy=0x1.28p-14 finite=1
ATTR_NAMED_GRAD block=320 name=ln_g_36 grad=d3c20ec2 grad_elems=1024 param_elems=1024 energy=0x1.42p-25 finite=1
ATTR_NAMED_GRAD block=320 name=ln_b_36 grad=c09a0d5c grad_elems=1024 param_elems=1024 energy=0x1.14p-24 finite=1
ATTR_NAMED_GRAD block=320 name=ff2_17 grad=efcd624c grad_elems=3145728 param_elems=3145728 energy=0x1.b6p-8 finite=1
ATTR_NAMED_GRAD block=320 name=ff1_17 grad=bf8e0e6d grad_elems=6291456 param_elems=6291456 energy=0x1.06p-8 finite=1
ATTR_NAMED_GRAD block=320 name=ln_g_35 grad=224996a1 grad_elems=1024 param_elems=1024 energy=0x1.cap-21 finite=1
ATTR_NAMED_GRAD block=320 name=ln_b_35 grad=c55654b6 grad_elems=1024 param_elems=1024 energy=0x1.2cp-20 finite=1
ATTR_NAMED_GRAD block=320 name=ff_bias1_17 grad=fb0b58e2 grad_elems=6144 param_elems=6144 energy=0x1.32p-18 finite=1
ATTR_NAMED_GRAD block=320 name=ff_bias2_17 grad=56b23560 grad_elems=1024 param_elems=1024 energy=0x1.3ap-13 finite=1
ATTR_NAMED_GRAD block=320 name=w_o_17 grad=7947fdb5 grad_elems=1048576 param_elems=1048576 energy=0x1.18p-7 finite=1
ATTR_NAMED_GRAD block=320 name=w_r_17 grad=5bdc31bd grad_elems=327680 param_elems=327680 energy=0x1.08p-27 finite=1
ATTR_NAMED_GRAD block=320 name=w_kv_17 grad=e7528f51 grad_elems=2097152 param_elems=2097152 energy=0x1.8ap-8 finite=1
ATTR_NAMED_GRAD block=320 name=w_q_17 grad=144337de grad_elems=1048576 param_elems=1048576 energy=0x1.0ep-14 finite=1
ATTR_NAMED_GRAD block=320 name=ln_g_34 grad=f3588fe0 grad_elems=1024 param_elems=1024 energy=0x1.3p-25 finite=1
ATTR_NAMED_GRAD block=320 name=ln_b_34 grad=27a2dc6e grad_elems=1024 param_elems=1024 energy=0x1.14p-24 finite=1
ATTR_NAMED_GRAD block=320 name=ff2_16 grad=0e7cca8b grad_elems=3145728 param_elems=3145728 energy=0x1.4ep-8 finite=1
ATTR_NAMED_GRAD block=320 name=ff1_16 grad=0db74e8c grad_elems=6291456 param_elems=6291456 energy=0x1.a4p-9 finite=1
ATTR_NAMED_GRAD block=320 name=ln_g_33 grad=34cd9b44 grad_elems=1024 param_elems=1024 energy=0x1.52p-21 finite=1
ATTR_NAMED_GRAD block=320 name=ln_b_33 grad=ff5720ae grad_elems=1024 param_elems=1024 energy=0x1.b8p-21 finite=1
ATTR_NAMED_GRAD block=320 name=ff_bias1_16 grad=23cbaa05 grad_elems=6144 param_elems=6144 energy=0x1.d8p-19 finite=1
ATTR_NAMED_GRAD block=320 name=ff_bias2_16 grad=63603a42 grad_elems=1024 param_elems=1024 energy=0x1.3cp-13 finite=1
ATTR_NAMED_GRAD block=320 name=w_o_16 grad=47529ceb grad_elems=1048576 param_elems=1048576 energy=0x1.06p-7 finite=1
ATTR_NAMED_GRAD block=320 name=w_r_16 grad=7a568f7d grad_elems=327680 param_elems=327680 energy=0x1.9cp-28 finite=1
ATTR_NAMED_GRAD block=320 name=w_kv_16 grad=23b52675 grad_elems=2097152 param_elems=2097152 energy=0x1.96p-8 finite=1
ATTR_NAMED_GRAD block=320 name=w_q_16 grad=d6e78386 grad_elems=1048576 param_elems=1048576 energy=0x1.e4p-15 finite=1
ATTR_NAMED_GRAD block=320 name=ln_g_32 grad=158ab538 grad_elems=1024 param_elems=1024 energy=0x1.14p-25 finite=1
ATTR_NAMED_GRAD block=320 name=ln_b_32 grad=4934c8dd grad_elems=1024 param_elems=1024 energy=0x1.32p-24 finite=1
ATTR_NAMED_GRAD block=320 name=ff2_15 grad=8b027af4 grad_elems=3145728 param_elems=3145728 energy=0x1.54p-8 finite=1
ATTR_NAMED_GRAD block=320 name=ff1_15 grad=33311f4d grad_elems=6291456 param_elems=6291456 energy=0x1.bap-9 finite=1
ATTR_NAMED_GRAD block=320 name=ln_g_31 grad=c6439f50 grad_elems=1024 param_elems=1024 energy=0x1.e2p-21 finite=1
ATTR_NAMED_GRAD block=320 name=ln_b_31 grad=7243c95d grad_elems=1024 param_elems=1024 energy=0x1.d4p-21 finite=1
ATTR_NAMED_GRAD block=320 name=ff_bias1_15 grad=283cce82 grad_elems=6144 param_elems=6144 energy=0x1.02p-18 finite=1
ATTR_NAMED_GRAD block=320 name=ff_bias2_15 grad=78e35f57 grad_elems=1024 param_elems=1024 energy=0x1.4p-13 finite=1
ATTR_NAMED_GRAD block=320 name=w_o_15 grad=295f6bba grad_elems=1048576 param_elems=1048576 energy=0x1.7p-8 finite=1
ATTR_NAMED_GRAD block=320 name=w_r_15 grad=94deb5bd grad_elems=327680 param_elems=327680 energy=0x1.96p-28 finite=1
ATTR_NAMED_GRAD block=320 name=w_kv_15 grad=dbcc5f8b grad_elems=2097152 param_elems=2097152 energy=0x1.36p-8 finite=1
ATTR_NAMED_GRAD block=320 name=w_q_15 grad=e641e63a grad_elems=1048576 param_elems=1048576 energy=0x1.66p-15 finite=1
ATTR_NAMED_GRAD block=320 name=ln_g_30 grad=c4631bac grad_elems=1024 param_elems=1024 energy=0x1.04p-25 finite=1
ATTR_NAMED_GRAD block=320 name=ln_b_30 grad=5b4e59bf grad_elems=1024 param_elems=1024 energy=0x1.4p-24 finite=1
ATTR_NAMED_GRAD block=320 name=ff2_14 grad=dbbeccda grad_elems=3145728 param_elems=3145728 energy=0x1.34p-8 finite=1
ATTR_NAMED_GRAD block=320 name=ff1_14 grad=9e43f851 grad_elems=6291456 param_elems=6291456 energy=0x1.98p-9 finite=1
ATTR_NAMED_GRAD block=320 name=ln_g_29 grad=ffdeb328 grad_elems=1024 param_elems=1024 energy=0x1.c2p-21 finite=1
ATTR_NAMED_GRAD block=320 name=ln_b_29 grad=6e36ea6d grad_elems=1024 param_elems=1024 energy=0x1.c6p-21 finite=1
ATTR_NAMED_GRAD block=320 name=ff_bias1_14 grad=bfb38bb1 grad_elems=6144 param_elems=6144 energy=0x1.d6p-19 finite=1
ATTR_NAMED_GRAD block=320 name=ff_bias2_14 grad=9c8765b7 grad_elems=1024 param_elems=1024 energy=0x1.48p-13 finite=1
ATTR_NAMED_GRAD block=320 name=w_o_14 grad=65981dfe grad_elems=1048576 param_elems=1048576 energy=0x1.38p-8 finite=1
ATTR_NAMED_GRAD block=320 name=w_r_14 grad=e1149695 grad_elems=327680 param_elems=327680 energy=0x1.64p-28 finite=1
ATTR_NAMED_GRAD block=320 name=w_kv_14 grad=e50207d3 grad_elems=2097152 param_elems=2097152 energy=0x1.22p-8 finite=1
ATTR_NAMED_GRAD block=320 name=w_q_14 grad=42ad8b63 grad_elems=1048576 param_elems=1048576 energy=0x1.b4p-16 finite=1
ATTR_NAMED_GRAD block=320 name=ln_g_28 grad=b0e30faf grad_elems=1024 param_elems=1024 energy=0x1.2ep-26 finite=1
ATTR_NAMED_GRAD block=320 name=ln_b_28 grad=8b787cd4 grad_elems=1024 param_elems=1024 energy=0x1.8ep-25 finite=1
ATTR_NAMED_GRAD block=320 name=ff2_13 grad=f5c70964 grad_elems=3145728 param_elems=3145728 energy=0x1.2p-8 finite=1
ATTR_NAMED_GRAD block=320 name=ff1_13 grad=4d5e40b5 grad_elems=6291456 param_elems=6291456 energy=0x1.88p-9 finite=1
ATTR_NAMED_GRAD block=320 name=ln_g_27 grad=839d9304 grad_elems=1024 param_elems=1024 energy=0x1.cep-21 finite=1
ATTR_NAMED_GRAD block=320 name=ln_b_27 grad=53b35eb2 grad_elems=1024 param_elems=1024 energy=0x1.ap-21 finite=1
ATTR_NAMED_GRAD block=320 name=ff_bias1_13 grad=e3efa42e grad_elems=6144 param_elems=6144 energy=0x1.d2p-19 finite=1
ATTR_NAMED_GRAD block=320 name=ff_bias2_13 grad=1d30f82f grad_elems=1024 param_elems=1024 energy=0x1.5p-13 finite=1
ATTR_NAMED_GRAD block=320 name=w_o_13 grad=f3cc6618 grad_elems=1048576 param_elems=1048576 energy=0x1.1ap-8 finite=1
ATTR_NAMED_GRAD block=320 name=w_r_13 grad=ae79c418 grad_elems=327680 param_elems=327680 energy=0x1.04p-28 finite=1
ATTR_NAMED_GRAD block=320 name=w_kv_13 grad=42d5aa49 grad_elems=2097152 param_elems=2097152 energy=0x1.2cp-8 finite=1
ATTR_NAMED_GRAD block=320 name=w_q_13 grad=819cc750 grad_elems=1048576 param_elems=1048576 energy=0x1.4ap-16 finite=1
ATTR_NAMED_GRAD block=320 name=ln_g_26 grad=7e8684e5 grad_elems=1024 param_elems=1024 energy=0x1.dap-27 finite=1
ATTR_NAMED_GRAD block=320 name=ln_b_26 grad=70d9e516 grad_elems=1024 param_elems=1024 energy=0x1.aep-25 finite=1
ATTR_NAMED_GRAD block=320 name=ff2_12 grad=3d5f6f9f grad_elems=3145728 param_elems=3145728 energy=0x1.22p-8 finite=1
ATTR_NAMED_GRAD block=320 name=ff1_12 grad=dbba6ccf grad_elems=6291456 param_elems=6291456 energy=0x1.7ep-9 finite=1
ATTR_NAMED_GRAD block=320 name=ln_g_25 grad=22399f7e grad_elems=1024 param_elems=1024 energy=0x1.fap-21 finite=1
ATTR_NAMED_GRAD block=320 name=ln_b_25 grad=d9017f5f grad_elems=1024 param_elems=1024 energy=0x1.74p-21 finite=1
ATTR_NAMED_GRAD block=320 name=ff_bias1_12 grad=b4dd200f grad_elems=6144 param_elems=6144 energy=0x1.aep-19 finite=1
ATTR_NAMED_GRAD block=320 name=ff_bias2_12 grad=dc690cb2 grad_elems=1024 param_elems=1024 energy=0x1.5ap-13 finite=1
ATTR_NAMED_GRAD block=320 name=w_o_12 grad=b5c151a5 grad_elems=1048576 param_elems=1048576 energy=0x1.c2p-9 finite=1
ATTR_NAMED_GRAD block=320 name=w_r_12 grad=a73d7b51 grad_elems=327680 param_elems=327680 energy=0x1.fep-29 finite=1
ATTR_NAMED_GRAD block=320 name=w_kv_12 grad=5309c034 grad_elems=2097152 param_elems=2097152 energy=0x1.02p-8 finite=1
ATTR_NAMED_GRAD block=320 name=w_q_12 grad=800c2ce2 grad_elems=1048576 param_elems=1048576 energy=0x1.1p-16 finite=1
ATTR_NAMED_GRAD block=320 name=ln_g_24 grad=6fc3d025 grad_elems=1024 param_elems=1024 energy=0x1.82p-27 finite=1
ATTR_NAMED_GRAD block=320 name=ln_b_24 grad=dfa2df09 grad_elems=1024 param_elems=1024 energy=0x1.d4p-25 finite=1
ATTR_NAMED_GRAD block=320 name=ff2_11 grad=0bbd68ee grad_elems=3145728 param_elems=3145728 energy=0x1.28p-8 finite=1
ATTR_NAMED_GRAD block=320 name=ff1_11 grad=dd89b124 grad_elems=6291456 param_elems=6291456 energy=0x1.88p-9 finite=1
ATTR_NAMED_GRAD block=320 name=ln_g_23 grad=f160cb1d grad_elems=1024 param_elems=1024 energy=0x1.24p-20 finite=1
ATTR_NAMED_GRAD block=320 name=ln_b_23 grad=c002d548 grad_elems=1024 param_elems=1024 energy=0x1.9cp-21 finite=1
ATTR_NAMED_GRAD block=320 name=ff_bias1_11 grad=e7d1c9be grad_elems=6144 param_elems=6144 energy=0x1.d4p-19 finite=1
ATTR_NAMED_GRAD block=320 name=ff_bias2_11 grad=afd131f4 grad_elems=1024 param_elems=1024 energy=0x1.6ap-13 finite=1
ATTR_NAMED_GRAD block=320 name=w_o_11 grad=3ef3d0db grad_elems=1048576 param_elems=1048576 energy=0x1.74p-9 finite=1
ATTR_NAMED_GRAD block=320 name=w_r_11 grad=bf4d6938 grad_elems=327680 param_elems=327680 energy=0x1.cap-29 finite=1
ATTR_NAMED_GRAD block=320 name=w_kv_11 grad=efabf752 grad_elems=2097152 param_elems=2097152 energy=0x1.a8p-9 finite=1
ATTR_NAMED_GRAD block=320 name=w_q_11 grad=d380f9c3 grad_elems=1048576 param_elems=1048576 energy=0x1.aep-17 finite=1
ATTR_NAMED_GRAD block=320 name=ln_g_22 grad=c7dae08e grad_elems=1024 param_elems=1024 energy=0x1.58p-27 finite=1
ATTR_NAMED_GRAD block=320 name=ln_b_22 grad=1455a229 grad_elems=1024 param_elems=1024 energy=0x1.aep-25 finite=1
ATTR_NAMED_GRAD block=320 name=ff2_10 grad=b6ff9664 grad_elems=3145728 param_elems=3145728 energy=0x1.24p-8 finite=1
ATTR_NAMED_GRAD block=320 name=ff1_10 grad=38ed89ce grad_elems=6291456 param_elems=6291456 energy=0x1.82p-9 finite=1
ATTR_NAMED_GRAD block=320 name=ln_g_21 grad=36288c51 grad_elems=1024 param_elems=1024 energy=0x1.2cp-20 finite=1
ATTR_NAMED_GRAD block=320 name=ln_b_21 grad=7d89beab grad_elems=1024 param_elems=1024 energy=0x1.8ep-21 finite=1
ATTR_NAMED_GRAD block=320 name=ff_bias1_10 grad=7c81e8a5 grad_elems=6144 param_elems=6144 energy=0x1.b4p-19 finite=1
ATTR_NAMED_GRAD block=320 name=ff_bias2_10 grad=8a24f5d2 grad_elems=1024 param_elems=1024 energy=0x1.78p-13 finite=1
ATTR_NAMED_GRAD block=320 name=w_o_10 grad=daba94af grad_elems=1048576 param_elems=1048576 energy=0x1.38p-9 finite=1
ATTR_NAMED_GRAD block=320 name=w_r_10 grad=46a1635b grad_elems=327680 param_elems=327680 energy=0x1.bp-29 finite=1
ATTR_NAMED_GRAD block=320 name=w_kv_10 grad=1508f028 grad_elems=2097152 param_elems=2097152 energy=0x1.8ep-9 finite=1
ATTR_NAMED_GRAD block=320 name=w_q_10 grad=9667e713 grad_elems=1048576 param_elems=1048576 energy=0x1.92p-17 finite=1
ATTR_NAMED_GRAD block=320 name=ln_g_20 grad=eadcd1e7 grad_elems=1024 param_elems=1024 energy=0x1.eep-28 finite=1
ATTR_NAMED_GRAD block=320 name=ln_b_20 grad=c1c34e5f grad_elems=1024 param_elems=1024 energy=0x1.78p-25 finite=1
ATTR_NAMED_GRAD block=320 name=ff2_9 grad=7ad6ac2a grad_elems=3145728 param_elems=3145728 energy=0x1.2ep-8 finite=1
ATTR_NAMED_GRAD block=320 name=ff1_9 grad=0520abcd grad_elems=6291456 param_elems=6291456 energy=0x1.8cp-9 finite=1
ATTR_NAMED_GRAD block=320 name=ln_g_19 grad=0f352b6f grad_elems=1024 param_elems=1024 energy=0x1.28p-20 finite=1
ATTR_NAMED_GRAD block=320 name=ln_b_19 grad=24784ed2 grad_elems=1024 param_elems=1024 energy=0x1.9ap-21 finite=1
ATTR_NAMED_GRAD block=320 name=ff_bias1_9 grad=a8ad1408 grad_elems=6144 param_elems=6144 energy=0x1.c8p-19 finite=1
ATTR_NAMED_GRAD block=320 name=ff_bias2_9 grad=06337167 grad_elems=1024 param_elems=1024 energy=0x1.88p-13 finite=1
ATTR_NAMED_GRAD block=320 name=w_o_9 grad=158c80c7 grad_elems=1048576 param_elems=1048576 energy=0x1.0cp-9 finite=1
ATTR_NAMED_GRAD block=320 name=w_r_9 grad=1a392143 grad_elems=327680 param_elems=327680 energy=0x1.a2p-29 finite=1
ATTR_NAMED_GRAD block=320 name=w_kv_9 grad=e4a27749 grad_elems=2097152 param_elems=2097152 energy=0x1.5ap-9 finite=1
ATTR_NAMED_GRAD block=320 name=w_q_9 grad=1dd214aa grad_elems=1048576 param_elems=1048576 energy=0x1.74p-17 finite=1
ATTR_NAMED_GRAD block=320 name=ln_g_18 grad=2ef6b6d2 grad_elems=1024 param_elems=1024 energy=0x1.cp-28 finite=1
ATTR_NAMED_GRAD block=320 name=ln_b_18 grad=782f96d5 grad_elems=1024 param_elems=1024 energy=0x1.7p-25 finite=1
ATTR_NAMED_GRAD block=320 name=ff2_8 grad=b4f21e52 grad_elems=3145728 param_elems=3145728 energy=0x1.3p-8 finite=1
ATTR_NAMED_GRAD block=320 name=ff1_8 grad=14b9bff9 grad_elems=6291456 param_elems=6291456 energy=0x1.8cp-9 finite=1
ATTR_NAMED_GRAD block=320 name=ln_g_17 grad=bd9d2dde grad_elems=1024 param_elems=1024 energy=0x1.46p-20 finite=1
ATTR_NAMED_GRAD block=320 name=ln_b_17 grad=0ee8b98d grad_elems=1024 param_elems=1024 energy=0x1.76p-21 finite=1
ATTR_NAMED_GRAD block=320 name=ff_bias1_8 grad=459087b5 grad_elems=6144 param_elems=6144 energy=0x1.bap-19 finite=1
ATTR_NAMED_GRAD block=320 name=ff_bias2_8 grad=8aacbf51 grad_elems=1024 param_elems=1024 energy=0x1.9ap-13 finite=1
ATTR_NAMED_GRAD block=320 name=w_o_8 grad=038aec4f grad_elems=1048576 param_elems=1048576 energy=0x1.b4p-10 finite=1
ATTR_NAMED_GRAD block=320 name=w_r_8 grad=2cc79461 grad_elems=327680 param_elems=327680 energy=0x1.a8p-29 finite=1
ATTR_NAMED_GRAD block=320 name=w_kv_8 grad=35c1baf0 grad_elems=2097152 param_elems=2097152 energy=0x1.22p-9 finite=1
ATTR_NAMED_GRAD block=320 name=w_q_8 grad=fee04345 grad_elems=1048576 param_elems=1048576 energy=0x1.88p-17 finite=1
ATTR_NAMED_GRAD block=320 name=ln_g_16 grad=30e4aab4 grad_elems=1024 param_elems=1024 energy=0x1.a6p-28 finite=1
ATTR_NAMED_GRAD block=320 name=ln_b_16 grad=dec741c6 grad_elems=1024 param_elems=1024 energy=0x1.b4p-25 finite=1
ATTR_NAMED_GRAD block=320 name=ff2_7 grad=8408c1bc grad_elems=3145728 param_elems=3145728 energy=0x1.34p-8 finite=1
ATTR_NAMED_GRAD block=320 name=ff1_7 grad=8d7d2bb7 grad_elems=6291456 param_elems=6291456 energy=0x1.94p-9 finite=1
ATTR_NAMED_GRAD block=320 name=ln_g_15 grad=c5cd5ae4 grad_elems=1024 param_elems=1024 energy=0x1.5ep-20 finite=1
ATTR_NAMED_GRAD block=320 name=ln_b_15 grad=8bf6d2f6 grad_elems=1024 param_elems=1024 energy=0x1.a2p-21 finite=1
ATTR_NAMED_GRAD block=320 name=ff_bias1_7 grad=7a4fccea grad_elems=6144 param_elems=6144 energy=0x1.c4p-19 finite=1
ATTR_NAMED_GRAD block=320 name=ff_bias2_7 grad=68bbb19d grad_elems=1024 param_elems=1024 energy=0x1.a6p-13 finite=1
ATTR_NAMED_GRAD block=320 name=w_o_7 grad=30f0a4bf grad_elems=1048576 param_elems=1048576 energy=0x1.52p-10 finite=1
ATTR_NAMED_GRAD block=320 name=w_r_7 grad=5fbf83eb grad_elems=327680 param_elems=327680 energy=0x1.aep-29 finite=1
ATTR_NAMED_GRAD block=320 name=w_kv_7 grad=a00f7a62 grad_elems=2097152 param_elems=2097152 energy=0x1.cp-10 finite=1
ATTR_NAMED_GRAD block=320 name=w_q_7 grad=1bfcb5e1 grad_elems=1048576 param_elems=1048576 energy=0x1.7p-17 finite=1
ATTR_NAMED_GRAD block=320 name=ln_g_14 grad=a81b336d grad_elems=1024 param_elems=1024 energy=0x1.b4p-28 finite=1
ATTR_NAMED_GRAD block=320 name=ln_b_14 grad=1bfd1512 grad_elems=1024 param_elems=1024 energy=0x1.98p-25 finite=1
ATTR_NAMED_GRAD block=320 name=ff2_6 grad=f13d98e7 grad_elems=3145728 param_elems=3145728 energy=0x1.3ep-8 finite=1
ATTR_NAMED_GRAD block=320 name=ff1_6 grad=148d38f9 grad_elems=6291456 param_elems=6291456 energy=0x1.98p-9 finite=1
ATTR_NAMED_GRAD block=320 name=ln_g_13 grad=2bdc0ead grad_elems=1024 param_elems=1024 energy=0x1.6ep-20 finite=1
ATTR_NAMED_GRAD block=320 name=ln_b_13 grad=cb9243c5 grad_elems=1024 param_elems=1024 energy=0x1.b2p-21 finite=1
ATTR_NAMED_GRAD block=320 name=ff_bias1_6 grad=bd922b2f grad_elems=6144 param_elems=6144 energy=0x1.b6p-19 finite=1
ATTR_NAMED_GRAD block=320 name=ff_bias2_6 grad=d9b9fe41 grad_elems=1024 param_elems=1024 energy=0x1.b4p-13 finite=1
ATTR_NAMED_GRAD block=320 name=w_o_6 grad=7a0fa2f5 grad_elems=1048576 param_elems=1048576 energy=0x1.16p-10 finite=1
ATTR_NAMED_GRAD block=320 name=w_r_6 grad=f25b401c grad_elems=327680 param_elems=327680 energy=0x1.bep-29 finite=1
ATTR_NAMED_GRAD block=320 name=w_kv_6 grad=47ec2d91 grad_elems=2097152 param_elems=2097152 energy=0x1.74p-10 finite=1
ATTR_NAMED_GRAD block=320 name=w_q_6 grad=e7f464e6 grad_elems=1048576 param_elems=1048576 energy=0x1.9cp-17 finite=1
ATTR_NAMED_GRAD block=320 name=ln_g_12 grad=f0a72e1e grad_elems=1024 param_elems=1024 energy=0x1.7ap-28 finite=1
ATTR_NAMED_GRAD block=320 name=ln_b_12 grad=b1fef62b grad_elems=1024 param_elems=1024 energy=0x1.92p-25 finite=1
ATTR_NAMED_GRAD block=320 name=ff2_5 grad=f39cb943 grad_elems=3145728 param_elems=3145728 energy=0x1.44p-8 finite=1
ATTR_NAMED_GRAD block=320 name=ff1_5 grad=a7e3b176 grad_elems=6291456 param_elems=6291456 energy=0x1.9ep-9 finite=1
ATTR_NAMED_GRAD block=320 name=ln_g_11 grad=f6faafa6 grad_elems=1024 param_elems=1024 energy=0x1.4p-20 finite=1
ATTR_NAMED_GRAD block=320 name=ln_b_11 grad=806509c6 grad_elems=1024 param_elems=1024 energy=0x1.62p-21 finite=1
ATTR_NAMED_GRAD block=320 name=ff_bias1_5 grad=b5337d07 grad_elems=6144 param_elems=6144 energy=0x1.bap-19 finite=1
ATTR_NAMED_GRAD block=320 name=ff_bias2_5 grad=14ae9ecc grad_elems=1024 param_elems=1024 energy=0x1.bcp-13 finite=1
ATTR_NAMED_GRAD block=320 name=w_o_5 grad=95290e0c grad_elems=1048576 param_elems=1048576 energy=0x1.eap-11 finite=1
ATTR_NAMED_GRAD block=320 name=w_r_5 grad=c9544d6d grad_elems=327680 param_elems=327680 energy=0x1.ccp-29 finite=1
ATTR_NAMED_GRAD block=320 name=w_kv_5 grad=8c540bf1 grad_elems=2097152 param_elems=2097152 energy=0x1.2ep-10 finite=1
ATTR_NAMED_GRAD block=320 name=w_q_5 grad=20f269fe grad_elems=1048576 param_elems=1048576 energy=0x1.b2p-17 finite=1
ATTR_NAMED_GRAD block=320 name=ln_g_10 grad=f5110b6b grad_elems=1024 param_elems=1024 energy=0x1.84p-28 finite=1
ATTR_NAMED_GRAD block=320 name=ln_b_10 grad=a5a6e365 grad_elems=1024 param_elems=1024 energy=0x1.b8p-25 finite=1
ATTR_NAMED_GRAD block=320 name=ff2_4 grad=c312fc6b grad_elems=3145728 param_elems=3145728 energy=0x1.44p-8 finite=1
ATTR_NAMED_GRAD block=320 name=ff1_4 grad=74ca6679 grad_elems=6291456 param_elems=6291456 energy=0x1.a8p-9 finite=1
ATTR_NAMED_GRAD block=320 name=ln_g_9 grad=5ffb1dc9 grad_elems=1024 param_elems=1024 energy=0x1.3cp-20 finite=1
ATTR_NAMED_GRAD block=320 name=ln_b_9 grad=e2930a86 grad_elems=1024 param_elems=1024 energy=0x1.7ep-21 finite=1
ATTR_NAMED_GRAD block=320 name=ff_bias1_4 grad=b1e58a11 grad_elems=6144 param_elems=6144 energy=0x1.cep-19 finite=1
ATTR_NAMED_GRAD block=320 name=ff_bias2_4 grad=7d106edc grad_elems=1024 param_elems=1024 energy=0x1.c8p-13 finite=1
ATTR_NAMED_GRAD block=320 name=w_o_4 grad=9cebd949 grad_elems=1048576 param_elems=1048576 energy=0x1.94p-11 finite=1
ATTR_NAMED_GRAD block=320 name=w_r_4 grad=98a33e2d grad_elems=327680 param_elems=327680 energy=0x1.d8p-29 finite=1
ATTR_NAMED_GRAD block=320 name=w_kv_4 grad=85128f0d grad_elems=2097152 param_elems=2097152 energy=0x1.e2p-11 finite=1
ATTR_NAMED_GRAD block=320 name=w_q_4 grad=26a74148 grad_elems=1048576 param_elems=1048576 energy=0x1.dp-17 finite=1
ATTR_NAMED_GRAD block=320 name=ln_g_8 grad=a24b4420 grad_elems=1024 param_elems=1024 energy=0x1.7cp-28 finite=1
ATTR_NAMED_GRAD block=320 name=ln_b_8 grad=0a7431ae grad_elems=1024 param_elems=1024 energy=0x1.78p-25 finite=1
ATTR_NAMED_GRAD block=320 name=ff2_3 grad=83e88534 grad_elems=3145728 param_elems=3145728 energy=0x1.52p-8 finite=1
ATTR_NAMED_GRAD block=320 name=ff1_3 grad=ce000cb5 grad_elems=6291456 param_elems=6291456 energy=0x1.b4p-9 finite=1
ATTR_NAMED_GRAD block=320 name=ln_g_7 grad=95c4a474 grad_elems=1024 param_elems=1024 energy=0x1.6cp-20 finite=1
ATTR_NAMED_GRAD block=320 name=ln_b_7 grad=abd1fe84 grad_elems=1024 param_elems=1024 energy=0x1.ap-21 finite=1
ATTR_NAMED_GRAD block=320 name=ff_bias1_3 grad=bcd7c192 grad_elems=6144 param_elems=6144 energy=0x1.dcp-19 finite=1
ATTR_NAMED_GRAD block=320 name=ff_bias2_3 grad=09e3cce7 grad_elems=1024 param_elems=1024 energy=0x1.d4p-13 finite=1
ATTR_NAMED_GRAD block=320 name=w_o_3 grad=bec16e03 grad_elems=1048576 param_elems=1048576 energy=0x1.62p-11 finite=1
ATTR_NAMED_GRAD block=320 name=w_r_3 grad=396831ec grad_elems=327680 param_elems=327680 energy=0x1.eap-29 finite=1
ATTR_NAMED_GRAD block=320 name=w_kv_3 grad=54a034c6 grad_elems=2097152 param_elems=2097152 energy=0x1.94p-11 finite=1
ATTR_NAMED_GRAD block=320 name=w_q_3 grad=0139e7ee grad_elems=1048576 param_elems=1048576 energy=0x1.eep-17 finite=1
ATTR_NAMED_GRAD block=320 name=ln_g_6 grad=6cdd6c7b grad_elems=1024 param_elems=1024 energy=0x1.66p-28 finite=1
ATTR_NAMED_GRAD block=320 name=ln_b_6 grad=427e51aa grad_elems=1024 param_elems=1024 energy=0x1.a8p-25 finite=1
ATTR_NAMED_GRAD block=320 name=ff2_2 grad=5419a4ab grad_elems=3145728 param_elems=3145728 energy=0x1.58p-8 finite=1
ATTR_NAMED_GRAD block=320 name=ff1_2 grad=f817a2b5 grad_elems=6291456 param_elems=6291456 energy=0x1.bap-9 finite=1
ATTR_NAMED_GRAD block=320 name=ln_g_5 grad=5713d80d grad_elems=1024 param_elems=1024 energy=0x1.66p-20 finite=1
ATTR_NAMED_GRAD block=320 name=ln_b_5 grad=f9cd556d grad_elems=1024 param_elems=1024 energy=0x1.7ap-21 finite=1
ATTR_NAMED_GRAD block=320 name=ff_bias1_2 grad=c5268ba1 grad_elems=6144 param_elems=6144 energy=0x1.ccp-19 finite=1
ATTR_NAMED_GRAD block=320 name=ff_bias2_2 grad=355156e1 grad_elems=1024 param_elems=1024 energy=0x1.e2p-13 finite=1
ATTR_NAMED_GRAD block=320 name=w_o_2 grad=7b7aa515 grad_elems=1048576 param_elems=1048576 energy=0x1.2cp-11 finite=1
ATTR_NAMED_GRAD block=320 name=w_r_2 grad=e326bdaa grad_elems=327680 param_elems=327680 energy=0x1.f8p-29 finite=1
ATTR_NAMED_GRAD block=320 name=w_kv_2 grad=c2c75895 grad_elems=2097152 param_elems=2097152 energy=0x1.4cp-11 finite=1
ATTR_NAMED_GRAD block=320 name=w_q_2 grad=eba90bbc grad_elems=1048576 param_elems=1048576 energy=0x1p-16 finite=1
ATTR_NAMED_GRAD block=320 name=ln_g_4 grad=7658e8b6 grad_elems=1024 param_elems=1024 energy=0x1.54p-28 finite=1
ATTR_NAMED_GRAD block=320 name=ln_b_4 grad=78ced299 grad_elems=1024 param_elems=1024 energy=0x1.b2p-25 finite=1
ATTR_NAMED_GRAD block=320 name=ff2_1 grad=f312efcf grad_elems=3145728 param_elems=3145728 energy=0x1.68p-8 finite=1
ATTR_NAMED_GRAD block=320 name=ff1_1 grad=5814279b grad_elems=6291456 param_elems=6291456 energy=0x1.c8p-9 finite=1
ATTR_NAMED_GRAD block=320 name=ln_g_3 grad=18879af5 grad_elems=1024 param_elems=1024 energy=0x1.2cp-20 finite=1
ATTR_NAMED_GRAD block=320 name=ln_b_3 grad=7dd90d6f grad_elems=1024 param_elems=1024 energy=0x1.a6p-21 finite=1
ATTR_NAMED_GRAD block=320 name=ff_bias1_1 grad=099bbb5a grad_elems=6144 param_elems=6144 energy=0x1.fp-19 finite=1
ATTR_NAMED_GRAD block=320 name=ff_bias2_1 grad=d9e556a2 grad_elems=1024 param_elems=1024 energy=0x1.ecp-13 finite=1
ATTR_NAMED_GRAD block=320 name=w_o_1 grad=6a725262 grad_elems=1048576 param_elems=1048576 energy=0x1.02p-11 finite=1
ATTR_NAMED_GRAD block=320 name=w_r_1 grad=7b78a3c9 grad_elems=327680 param_elems=327680 energy=0x1.02p-28 finite=1
ATTR_NAMED_GRAD block=320 name=w_kv_1 grad=df2d6b26 grad_elems=2097152 param_elems=2097152 energy=0x1.24p-11 finite=1
ATTR_NAMED_GRAD block=320 name=w_q_1 grad=04f3fdf4 grad_elems=1048576 param_elems=1048576 energy=0x1.06p-16 finite=1
ATTR_NAMED_GRAD block=320 name=ln_g_2 grad=b8b33f15 grad_elems=1024 param_elems=1024 energy=0x1.6ep-28 finite=1
ATTR_NAMED_GRAD block=320 name=ln_b_2 grad=9e295010 grad_elems=1024 param_elems=1024 energy=0x1.d2p-25 finite=1
ATTR_NAMED_GRAD block=320 name=ff2_0 grad=198850a0 grad_elems=3145728 param_elems=3145728 energy=0x1.64p-8 finite=1
ATTR_NAMED_GRAD block=320 name=ff1_0 grad=ef37dcf2 grad_elems=6291456 param_elems=6291456 energy=0x1.d2p-9 finite=1
ATTR_NAMED_GRAD block=320 name=ln_g_1 grad=d4189584 grad_elems=1024 param_elems=1024 energy=0x1.56p-20 finite=1
ATTR_NAMED_GRAD block=320 name=ln_b_1 grad=77ba8a4d grad_elems=1024 param_elems=1024 energy=0x1.b6p-21 finite=1
ATTR_NAMED_GRAD block=320 name=ff_bias1_0 grad=bd126797 grad_elems=6144 param_elems=6144 energy=0x1.f2p-19 finite=1
ATTR_NAMED_GRAD block=320 name=ff_bias2_0 grad=1af23c70 grad_elems=1024 param_elems=1024 energy=0x1.f2p-13 finite=1
ATTR_NAMED_GRAD block=320 name=w_o_0 grad=09a0c755 grad_elems=1048576 param_elems=1048576 energy=0x1.d2p-12 finite=1
ATTR_NAMED_GRAD block=320 name=w_r_0 grad=e23eccee grad_elems=327680 param_elems=327680 energy=0x1.0ep-28 finite=1
ATTR_NAMED_GRAD block=320 name=b_r_0 grad=fa0a1021 grad_elems=2560 param_elems=2560 energy=0x1.9ep-10 finite=1
ATTR_NAMED_GRAD block=320 name=w_kv_0 grad=19503d63 grad_elems=2097152 param_elems=2097152 energy=0x1.02p-11 finite=1
ATTR_NAMED_GRAD block=320 name=w_q_0 grad=d8ee0c34 grad_elems=1048576 param_elems=1048576 energy=0x1.2ep-16 finite=1
ATTR_NAMED_GRAD block=320 name=ln_g_0 grad=8264594b grad_elems=1024 param_elems=1024 energy=0x1.a2p-28 finite=1
ATTR_NAMED_GRAD block=320 name=ln_b_0 grad=b5e22540 grad_elems=1024 param_elems=1024 energy=0x1.e6p-25 finite=1
ATTR_NAMED_GRAD block=320 name=embed grad=15de08fa grad_elems=16785408 param_elems=16785408 energy=0x1.f3d72ap-4 finite=1
ATTR_NAMED_GRAD block=320 name=ln_g_40 grad=98b77c62 grad_elems=1024 param_elems=1024 energy=0x1.c4p-10 finite=1
ATTR_NAMED_GRAD block=320 name=ln_b_40 grad=c37629b6 grad_elems=1024 param_elems=1024 energy=0x1.ecp-11 finite=1
ATTR_NAMED_GRAD block=320 name=out_bias grad=55d6b434 grad_elems=16392 param_elems=16392 energy=0x1.0ap-9 finite=1
ATTR_HEAD arm=1 block=320 weight=36a3b099 bias=81e7e080
ATTR_STATE arm=1 block=320 step=12 params=2b577c24 memory=559088b0
ATTR_NAMED_GRAD block=384 name=embed_out grad=aeee843c grad_elems=16785408 param_elems=16785408 energy=0x1.ccp+1 finite=1
ATTR_NAMED_GRAD block=384 name=ff2_19 grad=e4ec6a48 grad_elems=3145728 param_elems=3145728 energy=0x1.98p-7 finite=1
ATTR_NAMED_GRAD block=384 name=ff1_19 grad=3ba15735 grad_elems=6291456 param_elems=6291456 energy=0x1.32p-7 finite=1
ATTR_NAMED_GRAD block=384 name=ln_g_39 grad=8849e00e grad_elems=1024 param_elems=1024 energy=0x1.c6p-19 finite=1
ATTR_NAMED_GRAD block=384 name=ln_b_39 grad=5f434bde grad_elems=1024 param_elems=1024 energy=0x1.1p-18 finite=1
ATTR_NAMED_GRAD block=384 name=ff_bias1_19 grad=7e1d6335 grad_elems=6144 param_elems=6144 energy=0x1.6cp-17 finite=1
ATTR_NAMED_GRAD block=384 name=ff_bias2_19 grad=0187fe74 grad_elems=1024 param_elems=1024 energy=0x1.74p-12 finite=1
ATTR_NAMED_GRAD block=384 name=w_o_19 grad=1857e44f grad_elems=1048576 param_elems=1048576 energy=0x1.8ap-5 finite=1
ATTR_NAMED_GRAD block=384 name=w_r_19 grad=4100a368 grad_elems=327680 param_elems=327680 energy=0x1.3ep-27 finite=1
ATTR_NAMED_GRAD block=384 name=w_kv_19 grad=101eb5c8 grad_elems=2097152 param_elems=2097152 energy=0x1.04p-5 finite=1
ATTR_NAMED_GRAD block=384 name=w_q_19 grad=3d11d380 grad_elems=1048576 param_elems=1048576 energy=0x1.aep-15 finite=1
ATTR_NAMED_GRAD block=384 name=ln_g_38 grad=aef7a666 grad_elems=1024 param_elems=1024 energy=0x1.72p-25 finite=1
ATTR_NAMED_GRAD block=384 name=ln_b_38 grad=7f5026b2 grad_elems=1024 param_elems=1024 energy=0x1.cp-25 finite=1
ATTR_NAMED_GRAD block=384 name=ff2_18 grad=876c5654 grad_elems=3145728 param_elems=3145728 energy=0x1.cap-7 finite=1
ATTR_NAMED_GRAD block=384 name=ff1_18 grad=e61caa82 grad_elems=6291456 param_elems=6291456 energy=0x1.4ep-7 finite=1
ATTR_NAMED_GRAD block=384 name=ln_g_37 grad=2ffe1bf2 grad_elems=1024 param_elems=1024 energy=0x1.26p-18 finite=1
ATTR_NAMED_GRAD block=384 name=ln_b_37 grad=73772a8d grad_elems=1024 param_elems=1024 energy=0x1.5cp-18 finite=1
ATTR_NAMED_GRAD block=384 name=ff_bias1_18 grad=64fa21eb grad_elems=6144 param_elems=6144 energy=0x1.9cp-17 finite=1
ATTR_NAMED_GRAD block=384 name=ff_bias2_18 grad=d7faffe9 grad_elems=1024 param_elems=1024 energy=0x1.68p-12 finite=1
ATTR_NAMED_GRAD block=384 name=w_o_18 grad=1870f3f0 grad_elems=1048576 param_elems=1048576 energy=0x1.44p-5 finite=1
ATTR_NAMED_GRAD block=384 name=w_r_18 grad=b6a32add grad_elems=327680 param_elems=327680 energy=0x1.cp-28 finite=1
ATTR_NAMED_GRAD block=384 name=w_kv_18 grad=fe50a0e7 grad_elems=2097152 param_elems=2097152 energy=0x1.bep-6 finite=1
ATTR_NAMED_GRAD block=384 name=w_q_18 grad=37ac0694 grad_elems=1048576 param_elems=1048576 energy=0x1.e2p-15 finite=1
ATTR_NAMED_GRAD block=384 name=ln_g_36 grad=046cd5a2 grad_elems=1024 param_elems=1024 energy=0x1.36p-25 finite=1
ATTR_NAMED_GRAD block=384 name=ln_b_36 grad=1366682f grad_elems=1024 param_elems=1024 energy=0x1.b4p-25 finite=1
ATTR_NAMED_GRAD block=384 name=ff2_17 grad=29d6ddbc grad_elems=3145728 param_elems=3145728 energy=0x1.7ap-7 finite=1
ATTR_NAMED_GRAD block=384 name=ff1_17 grad=bc9c550b grad_elems=6291456 param_elems=6291456 energy=0x1.02p-7 finite=1
ATTR_NAMED_GRAD block=384 name=ln_g_35 grad=035c54c1 grad_elems=1024 param_elems=1024 energy=0x1.54p-19 finite=1
ATTR_NAMED_GRAD block=384 name=ln_b_35 grad=d8946abe grad_elems=1024 param_elems=1024 energy=0x1.c2p-19 finite=1
ATTR_NAMED_GRAD block=384 name=ff_bias1_17 grad=43a0fa26 grad_elems=6144 param_elems=6144 energy=0x1.4cp-17 finite=1
ATTR_NAMED_GRAD block=384 name=ff_bias2_17 grad=97d115e1 grad_elems=1024 param_elems=1024 energy=0x1.5ap-12 finite=1
ATTR_NAMED_GRAD block=384 name=w_o_17 grad=d5c87ff8 grad_elems=1048576 param_elems=1048576 energy=0x1.d6p-6 finite=1
ATTR_NAMED_GRAD block=384 name=w_r_17 grad=179c1138 grad_elems=327680 param_elems=327680 energy=0x1.14p-27 finite=1
ATTR_NAMED_GRAD block=384 name=w_kv_17 grad=55abb651 grad_elems=2097152 param_elems=2097152 energy=0x1.5cp-6 finite=1
ATTR_NAMED_GRAD block=384 name=w_q_17 grad=1f24a8a7 grad_elems=1048576 param_elems=1048576 energy=0x1.94p-15 finite=1
ATTR_NAMED_GRAD block=384 name=ln_g_34 grad=2633cdb1 grad_elems=1024 param_elems=1024 energy=0x1.16p-25 finite=1
ATTR_NAMED_GRAD block=384 name=ln_b_34 grad=4e5bb6a8 grad_elems=1024 param_elems=1024 energy=0x1.a8p-25 finite=1
ATTR_NAMED_GRAD block=384 name=ff2_16 grad=17b90b74 grad_elems=3145728 param_elems=3145728 energy=0x1.22p-7 finite=1
ATTR_NAMED_GRAD block=384 name=ff1_16 grad=4afa4cde grad_elems=6291456 param_elems=6291456 energy=0x1.86p-8 finite=1
ATTR_NAMED_GRAD block=384 name=ln_g_33 grad=a4240939 grad_elems=1024 param_elems=1024 energy=0x1.b4p-20 finite=1
ATTR_NAMED_GRAD block=384 name=ln_b_33 grad=dc7fd1b3 grad_elems=1024 param_elems=1024 energy=0x1.3ep-19 finite=1
ATTR_NAMED_GRAD block=384 name=ff_bias1_16 grad=a4b9f982 grad_elems=6144 param_elems=6144 energy=0x1.08p-17 finite=1
ATTR_NAMED_GRAD block=384 name=ff_bias2_16 grad=4735c8fc grad_elems=1024 param_elems=1024 energy=0x1.5p-12 finite=1
ATTR_NAMED_GRAD block=384 name=w_o_16 grad=9c1d720b grad_elems=1048576 param_elems=1048576 energy=0x1.5cp-6 finite=1
ATTR_NAMED_GRAD block=384 name=w_r_16 grad=00bbfcd2 grad_elems=327680 param_elems=327680 energy=0x1.f4p-28 finite=1
ATTR_NAMED_GRAD block=384 name=w_kv_16 grad=a542180f grad_elems=2097152 param_elems=2097152 energy=0x1.3cp-6 finite=1
ATTR_NAMED_GRAD block=384 name=w_q_16 grad=8aa2d257 grad_elems=1048576 param_elems=1048576 energy=0x1.9cp-15 finite=1
ATTR_NAMED_GRAD block=384 name=ln_g_32 grad=42f2097d grad_elems=1024 param_elems=1024 energy=0x1.1cp-25 finite=1
ATTR_NAMED_GRAD block=384 name=ln_b_32 grad=49cc0f33 grad_elems=1024 param_elems=1024 energy=0x1.0ap-24 finite=1
ATTR_NAMED_GRAD block=384 name=ff2_15 grad=2d6c8aae grad_elems=3145728 param_elems=3145728 energy=0x1.04p-7 finite=1
ATTR_NAMED_GRAD block=384 name=ff1_15 grad=ff8a1158 grad_elems=6291456 param_elems=6291456 energy=0x1.4ep-8 finite=1
ATTR_NAMED_GRAD block=384 name=ln_g_31 grad=27be1d97 grad_elems=1024 param_elems=1024 energy=0x1.66p-20 finite=1
ATTR_NAMED_GRAD block=384 name=ln_b_31 grad=eb660be0 grad_elems=1024 param_elems=1024 energy=0x1.12p-19 finite=1
ATTR_NAMED_GRAD block=384 name=ff_bias1_15 grad=ce548649 grad_elems=6144 param_elems=6144 energy=0x1.d6p-18 finite=1
ATTR_NAMED_GRAD block=384 name=ff_bias2_15 grad=7e1503d7 grad_elems=1024 param_elems=1024 energy=0x1.48p-12 finite=1
ATTR_NAMED_GRAD block=384 name=w_o_15 grad=4265b912 grad_elems=1048576 param_elems=1048576 energy=0x1.02p-6 finite=1
ATTR_NAMED_GRAD block=384 name=w_r_15 grad=0ba7297d grad_elems=327680 param_elems=327680 energy=0x1.64p-28 finite=1
ATTR_NAMED_GRAD block=384 name=w_kv_15 grad=79c7cbe1 grad_elems=2097152 param_elems=2097152 energy=0x1.ep-7 finite=1
ATTR_NAMED_GRAD block=384 name=w_q_15 grad=781d41e1 grad_elems=1048576 param_elems=1048576 energy=0x1.16p-15 finite=1
ATTR_NAMED_GRAD block=384 name=ln_g_30 grad=86ffa437 grad_elems=1024 param_elems=1024 energy=0x1.98p-26 finite=1
ATTR_NAMED_GRAD block=384 name=ln_b_30 grad=c3432901 grad_elems=1024 param_elems=1024 energy=0x1.c2p-25 finite=1
ATTR_NAMED_GRAD block=384 name=ff2_14 grad=1e8802c1 grad_elems=3145728 param_elems=3145728 energy=0x1.96p-8 finite=1
ATTR_NAMED_GRAD block=384 name=ff1_14 grad=68bbff0e grad_elems=6291456 param_elems=6291456 energy=0x1.12p-8 finite=1
ATTR_NAMED_GRAD block=384 name=ln_g_29 grad=ab999f91 grad_elems=1024 param_elems=1024 energy=0x1.28p-20 finite=1
ATTR_NAMED_GRAD block=384 name=ln_b_29 grad=8bd04291 grad_elems=1024 param_elems=1024 energy=0x1.c4p-20 finite=1
ATTR_NAMED_GRAD block=384 name=ff_bias1_14 grad=16165483 grad_elems=6144 param_elems=6144 energy=0x1.94p-18 finite=1
ATTR_NAMED_GRAD block=384 name=ff_bias2_14 grad=880ee4de grad_elems=1024 param_elems=1024 energy=0x1.44p-12 finite=1
ATTR_NAMED_GRAD block=384 name=w_o_14 grad=575be0ff grad_elems=1048576 param_elems=1048576 energy=0x1.9cp-7 finite=1
ATTR_NAMED_GRAD block=384 name=w_r_14 grad=fe9b9956 grad_elems=327680 param_elems=327680 energy=0x1.0cp-28 finite=1
ATTR_NAMED_GRAD block=384 name=w_kv_14 grad=61ab0ec6 grad_elems=2097152 param_elems=2097152 energy=0x1.d6p-7 finite=1
ATTR_NAMED_GRAD block=384 name=w_q_14 grad=6ef0396b grad_elems=1048576 param_elems=1048576 energy=0x1.74p-16 finite=1
ATTR_NAMED_GRAD block=384 name=ln_g_28 grad=5a90e549 grad_elems=1024 param_elems=1024 energy=0x1.b2p-26 finite=1
ATTR_NAMED_GRAD block=384 name=ln_b_28 grad=e696dd96 grad_elems=1024 param_elems=1024 energy=0x1.1ap-24 finite=1
ATTR_NAMED_GRAD block=384 name=ff2_13 grad=788b0100 grad_elems=3145728 param_elems=3145728 energy=0x1.76p-8 finite=1
ATTR_NAMED_GRAD block=384 name=ff1_13 grad=cbe0efe4 grad_elems=6291456 param_elems=6291456 energy=0x1.d8p-9 finite=1
ATTR_NAMED_GRAD block=384 name=ln_g_27 grad=182e2468 grad_elems=1024 param_elems=1024 energy=0x1.04p-20 finite=1
ATTR_NAMED_GRAD block=384 name=ln_b_27 grad=dd427996 grad_elems=1024 param_elems=1024 energy=0x1.9ap-20 finite=1
ATTR_NAMED_GRAD block=384 name=ff_bias1_13 grad=cea6f35d grad_elems=6144 param_elems=6144 energy=0x1.68p-18 finite=1
ATTR_NAMED_GRAD block=384 name=ff_bias2_13 grad=a172a8e0 grad_elems=1024 param_elems=1024 energy=0x1.48p-12 finite=1
ATTR_NAMED_GRAD block=384 name=w_o_13 grad=94565ad4 grad_elems=1048576 param_elems=1048576 energy=0x1.42p-7 finite=1
ATTR_NAMED_GRAD block=384 name=w_r_13 grad=463d8fd3 grad_elems=327680 param_elems=327680 energy=0x1.62p-29 finite=1
ATTR_NAMED_GRAD block=384 name=w_kv_13 grad=4c792c4a grad_elems=2097152 param_elems=2097152 energy=0x1.5p-7 finite=1
ATTR_NAMED_GRAD block=384 name=w_q_13 grad=48e0aef9 grad_elems=1048576 param_elems=1048576 energy=0x1.cp-17 finite=1
ATTR_NAMED_GRAD block=384 name=ln_g_26 grad=a197dd0b grad_elems=1024 param_elems=1024 energy=0x1.32p-26 finite=1
ATTR_NAMED_GRAD block=384 name=ln_b_26 grad=cbbb15a6 grad_elems=1024 param_elems=1024 energy=0x1.d6p-25 finite=1
ATTR_NAMED_GRAD block=384 name=ff2_12 grad=3923e535 grad_elems=3145728 param_elems=3145728 energy=0x1.3ep-8 finite=1
ATTR_NAMED_GRAD block=384 name=ff1_12 grad=b3199866 grad_elems=6291456 param_elems=6291456 energy=0x1.9ep-9 finite=1
ATTR_NAMED_GRAD block=384 name=ln_g_25 grad=4206d7fa grad_elems=1024 param_elems=1024 energy=0x1.d8p-21 finite=1
ATTR_NAMED_GRAD block=384 name=ln_b_25 grad=b981365c grad_elems=1024 param_elems=1024 energy=0x1.34p-20 finite=1
ATTR_NAMED_GRAD block=384 name=ff_bias1_12 grad=fdfff9ab grad_elems=6144 param_elems=6144 energy=0x1.36p-18 finite=1
ATTR_NAMED_GRAD block=384 name=ff_bias2_12 grad=a0a4bfe1 grad_elems=1024 param_elems=1024 energy=0x1.4cp-12 finite=1
ATTR_NAMED_GRAD block=384 name=w_o_12 grad=d52b8a40 grad_elems=1048576 param_elems=1048576 energy=0x1.dcp-8 finite=1
ATTR_NAMED_GRAD block=384 name=w_r_12 grad=e085f689 grad_elems=327680 param_elems=327680 energy=0x1.54p-29 finite=1
ATTR_NAMED_GRAD block=384 name=w_kv_12 grad=28f3f325 grad_elems=2097152 param_elems=2097152 energy=0x1.2cp-7 finite=1
ATTR_NAMED_GRAD block=384 name=w_q_12 grad=4c3ad56f grad_elems=1048576 param_elems=1048576 energy=0x1.8p-17 finite=1
ATTR_NAMED_GRAD block=384 name=ln_g_24 grad=0aba6a3d grad_elems=1024 param_elems=1024 energy=0x1.1ap-26 finite=1
ATTR_NAMED_GRAD block=384 name=ln_b_24 grad=216a651c grad_elems=1024 param_elems=1024 energy=0x1.24p-24 finite=1
ATTR_NAMED_GRAD block=384 name=ff2_11 grad=484836a6 grad_elems=3145728 param_elems=3145728 energy=0x1.1ap-8 finite=1
ATTR_NAMED_GRAD block=384 name=ff1_11 grad=f8deb166 grad_elems=6291456 param_elems=6291456 energy=0x1.7ap-9 finite=1
ATTR_NAMED_GRAD block=384 name=ln_g_23 grad=81eca219 grad_elems=1024 param_elems=1024 energy=0x1.eap-21 finite=1
ATTR_NAMED_GRAD block=384 name=ln_b_23 grad=2a79f4f0 grad_elems=1024 param_elems=1024 energy=0x1.dap-21 finite=1
ATTR_NAMED_GRAD block=384 name=ff_bias1_11 grad=324d2125 grad_elems=6144 param_elems=6144 energy=0x1.16p-18 finite=1
ATTR_NAMED_GRAD block=384 name=ff_bias2_11 grad=d7d13541 grad_elems=1024 param_elems=1024 energy=0x1.56p-12 finite=1
ATTR_NAMED_GRAD block=384 name=w_o_11 grad=39657855 grad_elems=1048576 param_elems=1048576 energy=0x1.74p-8 finite=1
ATTR_NAMED_GRAD block=384 name=w_r_11 grad=6978ae30 grad_elems=327680 param_elems=327680 energy=0x1.44p-29 finite=1
ATTR_NAMED_GRAD block=384 name=w_kv_11 grad=d24f8b9e grad_elems=2097152 param_elems=2097152 energy=0x1.02p-7 finite=1
ATTR_NAMED_GRAD block=384 name=w_q_11 grad=63af2013 grad_elems=1048576 param_elems=1048576 energy=0x1.94p-17 finite=1
ATTR_NAMED_GRAD block=384 name=ln_g_22 grad=10a6f032 grad_elems=1024 param_elems=1024 energy=0x1.04p-26 finite=1
ATTR_NAMED_GRAD block=384 name=ln_b_22 grad=a37566db grad_elems=1024 param_elems=1024 energy=0x1.44p-24 finite=1
ATTR_NAMED_GRAD block=384 name=ff2_10 grad=aaad1a1c grad_elems=3145728 param_elems=3145728 energy=0x1.14p-8 finite=1
ATTR_NAMED_GRAD block=384 name=ff1_10 grad=b38c80e1 grad_elems=6291456 param_elems=6291456 energy=0x1.7p-9 finite=1
ATTR_NAMED_GRAD block=384 name=ln_g_21 grad=5e6179d3 grad_elems=1024 param_elems=1024 energy=0x1.1p-20 finite=1
ATTR_NAMED_GRAD block=384 name=ln_b_21 grad=2e55017a grad_elems=1024 param_elems=1024 energy=0x1.fcp-21 finite=1
ATTR_NAMED_GRAD block=384 name=ff_bias1_10 grad=ee8b3318 grad_elems=6144 param_elems=6144 energy=0x1.1p-18 finite=1
ATTR_NAMED_GRAD block=384 name=ff_bias2_10 grad=2a727b09 grad_elems=1024 param_elems=1024 energy=0x1.6p-12 finite=1
ATTR_NAMED_GRAD block=384 name=w_o_10 grad=bc0d0817 grad_elems=1048576 param_elems=1048576 energy=0x1.28p-8 finite=1
ATTR_NAMED_GRAD block=384 name=w_r_10 grad=9dc17cb0 grad_elems=327680 param_elems=327680 energy=0x1.44p-29 finite=1
ATTR_NAMED_GRAD block=384 name=w_kv_10 grad=8da4158d grad_elems=2097152 param_elems=2097152 energy=0x1.a6p-8 finite=1
ATTR_NAMED_GRAD block=384 name=w_q_10 grad=023b627a grad_elems=1048576 param_elems=1048576 energy=0x1.66p-17 finite=1
ATTR_NAMED_GRAD block=384 name=ln_g_20 grad=83970a53 grad_elems=1024 param_elems=1024 energy=0x1.bap-27 finite=1
ATTR_NAMED_GRAD block=384 name=ln_b_20 grad=5043f407 grad_elems=1024 param_elems=1024 energy=0x1.42p-24 finite=1
ATTR_NAMED_GRAD block=384 name=ff2_9 grad=69a5aaa6 grad_elems=3145728 param_elems=3145728 energy=0x1.12p-8 finite=1
ATTR_NAMED_GRAD block=384 name=ff1_9 grad=c93420fd grad_elems=6291456 param_elems=6291456 energy=0x1.68p-9 finite=1
ATTR_NAMED_GRAD block=384 name=ln_g_19 grad=a5da0e33 grad_elems=1024 param_elems=1024 energy=0x1.1ep-20 finite=1
ATTR_NAMED_GRAD block=384 name=ln_b_19 grad=b656f98b grad_elems=1024 param_elems=1024 energy=0x1.cp-21 finite=1
ATTR_NAMED_GRAD block=384 name=ff_bias1_9 grad=f2396840 grad_elems=6144 param_elems=6144 energy=0x1p-18 finite=1
ATTR_NAMED_GRAD block=384 name=ff_bias2_9 grad=137b5aa9 grad_elems=1024 param_elems=1024 energy=0x1.6cp-12 finite=1
ATTR_NAMED_GRAD block=384 name=w_o_9 grad=e30c1f9b grad_elems=1048576 param_elems=1048576 energy=0x1.f8p-9 finite=1
ATTR_NAMED_GRAD block=384 name=w_r_9 grad=bdeaa090 grad_elems=327680 param_elems=327680 energy=0x1.3ep-29 finite=1
ATTR_NAMED_GRAD block=384 name=w_kv_9 grad=c8310b1a grad_elems=2097152 param_elems=2097152 energy=0x1.5ep-8 finite=1
ATTR_NAMED_GRAD block=384 name=w_q_9 grad=d7207bd8 grad_elems=1048576 param_elems=1048576 energy=0x1.6ep-17 finite=1
ATTR_NAMED_GRAD block=384 name=ln_g_18 grad=949a16f7 grad_elems=1024 param_elems=1024 energy=0x1.7p-27 finite=1
ATTR_NAMED_GRAD block=384 name=ln_b_18 grad=c071484b grad_elems=1024 param_elems=1024 energy=0x1.44p-24 finite=1
ATTR_NAMED_GRAD block=384 name=ff2_8 grad=93498fac grad_elems=3145728 param_elems=3145728 energy=0x1.16p-8 finite=1
ATTR_NAMED_GRAD block=384 name=ff1_8 grad=559bb142 grad_elems=6291456 param_elems=6291456 energy=0x1.66p-9 finite=1
ATTR_NAMED_GRAD block=384 name=ln_g_17 grad=c6cb5e1b grad_elems=1024 param_elems=1024 energy=0x1.1ap-20 finite=1
ATTR_NAMED_GRAD block=384 name=ln_b_17 grad=7db808a6 grad_elems=1024 param_elems=1024 energy=0x1.bp-21 finite=1
ATTR_NAMED_GRAD block=384 name=ff_bias1_8 grad=0492036b grad_elems=6144 param_elems=6144 energy=0x1.fep-19 finite=1
ATTR_NAMED_GRAD block=384 name=ff_bias2_8 grad=355bfea2 grad_elems=1024 param_elems=1024 energy=0x1.7ap-12 finite=1
ATTR_NAMED_GRAD block=384 name=w_o_8 grad=c1919dde grad_elems=1048576 param_elems=1048576 energy=0x1.9p-9 finite=1
ATTR_NAMED_GRAD block=384 name=w_r_8 grad=37aaa4fa grad_elems=327680 param_elems=327680 energy=0x1.4cp-29 finite=1
ATTR_NAMED_GRAD block=384 name=w_kv_8 grad=47a5696f grad_elems=2097152 param_elems=2097152 energy=0x1.18p-8 finite=1
ATTR_NAMED_GRAD block=384 name=w_q_8 grad=df2d61cd grad_elems=1048576 param_elems=1048576 energy=0x1.9cp-17 finite=1
ATTR_NAMED_GRAD block=384 name=ln_g_16 grad=8694de22 grad_elems=1024 param_elems=1024 energy=0x1.4ap-27 finite=1
ATTR_NAMED_GRAD block=384 name=ln_b_16 grad=8db01984 grad_elems=1024 param_elems=1024 energy=0x1.48p-24 finite=1
ATTR_NAMED_GRAD block=384 name=ff2_7 grad=d96495d6 grad_elems=3145728 param_elems=3145728 energy=0x1.1p-8 finite=1
ATTR_NAMED_GRAD block=384 name=ff1_7 grad=b4ac7899 grad_elems=6291456 param_elems=6291456 energy=0x1.66p-9 finite=1
ATTR_NAMED_GRAD block=384 name=ln_g_15 grad=a503dc62 grad_elems=1024 param_elems=1024 energy=0x1.1ep-20 finite=1
ATTR_NAMED_GRAD block=384 name=ln_b_15 grad=5fb412e4 grad_elems=1024 param_elems=1024 energy=0x1.94p-21 finite=1
ATTR_NAMED_GRAD block=384 name=ff_bias1_7 grad=0d72138c grad_elems=6144 param_elems=6144 energy=0x1.cep-19 finite=1
ATTR_NAMED_GRAD block=384 name=ff_bias2_7 grad=f0847367 grad_elems=1024 param_elems=1024 energy=0x1.8ap-12 finite=1
ATTR_NAMED_GRAD block=384 name=w_o_7 grad=9700910e grad_elems=1048576 param_elems=1048576 energy=0x1.3ep-9 finite=1
ATTR_NAMED_GRAD block=384 name=w_r_7 grad=d1d05945 grad_elems=327680 param_elems=327680 energy=0x1.4ep-29 finite=1
ATTR_NAMED_GRAD block=384 name=w_kv_7 grad=9a78887a grad_elems=2097152 param_elems=2097152 energy=0x1.bp-9 finite=1
ATTR_NAMED_GRAD block=384 name=w_q_7 grad=54bc84f9 grad_elems=1048576 param_elems=1048576 energy=0x1.9p-17 finite=1
ATTR_NAMED_GRAD block=384 name=ln_g_14 grad=d428d038 grad_elems=1024 param_elems=1024 energy=0x1.12p-27 finite=1
ATTR_NAMED_GRAD block=384 name=ln_b_14 grad=bd0b1118 grad_elems=1024 param_elems=1024 energy=0x1.4cp-24 finite=1
ATTR_NAMED_GRAD block=384 name=ff2_6 grad=6a6b3bf1 grad_elems=3145728 param_elems=3145728 energy=0x1.16p-8 finite=1
ATTR_NAMED_GRAD block=384 name=ff1_6 grad=bc0b4823 grad_elems=6291456 param_elems=6291456 energy=0x1.68p-9 finite=1
ATTR_NAMED_GRAD block=384 name=ln_g_13 grad=8345eb30 grad_elems=1024 param_elems=1024 energy=0x1.32p-20 finite=1
ATTR_NAMED_GRAD block=384 name=ln_b_13 grad=68a77a55 grad_elems=1024 param_elems=1024 energy=0x1.a4p-21 finite=1
ATTR_NAMED_GRAD block=384 name=ff_bias1_6 grad=f818f68c grad_elems=6144 param_elems=6144 energy=0x1.e4p-19 finite=1
ATTR_NAMED_GRAD block=384 name=ff_bias2_6 grad=ab143dc0 grad_elems=1024 param_elems=1024 energy=0x1.9ep-12 finite=1
ATTR_NAMED_GRAD block=384 name=w_o_6 grad=5b11aa73 grad_elems=1048576 param_elems=1048576 energy=0x1.fap-10 finite=1
ATTR_NAMED_GRAD block=384 name=w_r_6 grad=c9ae467d grad_elems=327680 param_elems=327680 energy=0x1.5cp-29 finite=1
ATTR_NAMED_GRAD block=384 name=w_kv_6 grad=98992a83 grad_elems=2097152 param_elems=2097152 energy=0x1.78p-9 finite=1
ATTR_NAMED_GRAD block=384 name=w_q_6 grad=e4e5d0b2 grad_elems=1048576 param_elems=1048576 energy=0x1.bep-17 finite=1
ATTR_NAMED_GRAD block=384 name=ln_g_12 grad=889f2053 grad_elems=1024 param_elems=1024 energy=0x1.06p-27 finite=1
ATTR_NAMED_GRAD block=384 name=ln_b_12 grad=dc616c14 grad_elems=1024 param_elems=1024 energy=0x1.68p-24 finite=1
ATTR_NAMED_GRAD block=384 name=ff2_5 grad=13c3c112 grad_elems=3145728 param_elems=3145728 energy=0x1.24p-8 finite=1
ATTR_NAMED_GRAD block=384 name=ff1_5 grad=d409aa1c grad_elems=6291456 param_elems=6291456 energy=0x1.6ap-9 finite=1
ATTR_NAMED_GRAD block=384 name=ln_g_11 grad=54ebd3ac grad_elems=1024 param_elems=1024 energy=0x1.32p-20 finite=1
ATTR_NAMED_GRAD block=384 name=ln_b_11 grad=b25e79d0 grad_elems=1024 param_elems=1024 energy=0x1.a2p-21 finite=1
ATTR_NAMED_GRAD block=384 name=ff_bias1_5 grad=884b1d97 grad_elems=6144 param_elems=6144 energy=0x1.d2p-19 finite=1
ATTR_NAMED_GRAD block=384 name=ff_bias2_5 grad=118fe8c2 grad_elems=1024 param_elems=1024 energy=0x1.a6p-12 finite=1
ATTR_NAMED_GRAD block=384 name=w_o_5 grad=24faef68 grad_elems=1048576 param_elems=1048576 energy=0x1.bcp-10 finite=1
ATTR_NAMED_GRAD block=384 name=w_r_5 grad=0c6285ad grad_elems=327680 param_elems=327680 energy=0x1.6cp-29 finite=1
ATTR_NAMED_GRAD block=384 name=w_kv_5 grad=db04f170 grad_elems=2097152 param_elems=2097152 energy=0x1.28p-9 finite=1
ATTR_NAMED_GRAD block=384 name=w_q_5 grad=f033b982 grad_elems=1048576 param_elems=1048576 energy=0x1.c8p-17 finite=1
ATTR_NAMED_GRAD block=384 name=ln_g_10 grad=58976410 grad_elems=1024 param_elems=1024 energy=0x1.bap-28 finite=1
ATTR_NAMED_GRAD block=384 name=ln_b_10 grad=c491e743 grad_elems=1024 param_elems=1024 energy=0x1.7ep-24 finite=1
ATTR_NAMED_GRAD block=384 name=ff2_4 grad=e7262d08 grad_elems=3145728 param_elems=3145728 energy=0x1.1ep-8 finite=1
ATTR_NAMED_GRAD block=384 name=ff1_4 grad=00032cc8 grad_elems=6291456 param_elems=6291456 energy=0x1.7p-9 finite=1
ATTR_NAMED_GRAD block=384 name=ln_g_9 grad=08f3f183 grad_elems=1024 param_elems=1024 energy=0x1.52p-20 finite=1
ATTR_NAMED_GRAD block=384 name=ln_b_9 grad=615b2df9 grad_elems=1024 param_elems=1024 energy=0x1.8ap-21 finite=1
ATTR_NAMED_GRAD block=384 name=ff_bias1_4 grad=23e115b1 grad_elems=6144 param_elems=6144 energy=0x1.d2p-19 finite=1
ATTR_NAMED_GRAD block=384 name=ff_bias2_4 grad=c5873cf2 grad_elems=1024 param_elems=1024 energy=0x1.b2p-12 finite=1
ATTR_NAMED_GRAD block=384 name=w_o_4 grad=6484a677 grad_elems=1048576 param_elems=1048576 energy=0x1.6ap-10 finite=1
ATTR_NAMED_GRAD block=384 name=w_r_4 grad=1cb54412 grad_elems=327680 param_elems=327680 energy=0x1.7p-29 finite=1
ATTR_NAMED_GRAD block=384 name=w_kv_4 grad=cd5f375c grad_elems=2097152 param_elems=2097152 energy=0x1.e4p-10 finite=1
ATTR_NAMED_GRAD block=384 name=w_q_4 grad=0721b407 grad_elems=1048576 param_elems=1048576 energy=0x1.f4p-17 finite=1
ATTR_NAMED_GRAD block=384 name=ln_g_8 grad=e9243ec0 grad_elems=1024 param_elems=1024 energy=0x1.bcp-28 finite=1
ATTR_NAMED_GRAD block=384 name=ln_b_8 grad=07021880 grad_elems=1024 param_elems=1024 energy=0x1.82p-24 finite=1
ATTR_NAMED_GRAD block=384 name=ff2_3 grad=b926a934 grad_elems=3145728 param_elems=3145728 energy=0x1.2ap-8 finite=1
ATTR_NAMED_GRAD block=384 name=ff1_3 grad=d424206d grad_elems=6291456 param_elems=6291456 energy=0x1.78p-9 finite=1
ATTR_NAMED_GRAD block=384 name=ln_g_7 grad=a170cfbd grad_elems=1024 param_elems=1024 energy=0x1.3ep-20 finite=1
ATTR_NAMED_GRAD block=384 name=ln_b_7 grad=3bebd579 grad_elems=1024 param_elems=1024 energy=0x1.66p-21 finite=1
ATTR_NAMED_GRAD block=384 name=ff_bias1_3 grad=a82fe0b6 grad_elems=6144 param_elems=6144 energy=0x1.c4p-19 finite=1
ATTR_NAMED_GRAD block=384 name=ff_bias2_3 grad=8162f84e grad_elems=1024 param_elems=1024 energy=0x1.cp-12 finite=1
ATTR_NAMED_GRAD block=384 name=w_o_3 grad=bf443d88 grad_elems=1048576 param_elems=1048576 energy=0x1.36p-10 finite=1
ATTR_NAMED_GRAD block=384 name=w_r_3 grad=b35e3b96 grad_elems=327680 param_elems=327680 energy=0x1.8p-29 finite=1
ATTR_NAMED_GRAD block=384 name=w_kv_3 grad=011f31ff grad_elems=2097152 param_elems=2097152 energy=0x1.6cp-10 finite=1
ATTR_NAMED_GRAD block=384 name=w_q_3 grad=43d2132f grad_elems=1048576 param_elems=1048576 energy=0x1.28p-16 finite=1
ATTR_NAMED_GRAD block=384 name=ln_g_6 grad=0a2ec920 grad_elems=1024 param_elems=1024 energy=0x1.fep-28 finite=1
ATTR_NAMED_GRAD block=384 name=ln_b_6 grad=10b4a22d grad_elems=1024 param_elems=1024 energy=0x1.bp-24 finite=1
ATTR_NAMED_GRAD block=384 name=ff2_2 grad=0280c597 grad_elems=3145728 param_elems=3145728 energy=0x1.2ep-8 finite=1
ATTR_NAMED_GRAD block=384 name=ff1_2 grad=de97e4c4 grad_elems=6291456 param_elems=6291456 energy=0x1.7ap-9 finite=1
ATTR_NAMED_GRAD block=384 name=ln_g_5 grad=3ebcefac grad_elems=1024 param_elems=1024 energy=0x1.1cp-20 finite=1
ATTR_NAMED_GRAD block=384 name=ln_b_5 grad=eac9fb82 grad_elems=1024 param_elems=1024 energy=0x1.8ap-21 finite=1
ATTR_NAMED_GRAD block=384 name=ff_bias1_2 grad=3318fb0c grad_elems=6144 param_elems=6144 energy=0x1.c2p-19 finite=1
ATTR_NAMED_GRAD block=384 name=ff_bias2_2 grad=4921f5a1 grad_elems=1024 param_elems=1024 energy=0x1.cap-12 finite=1
ATTR_NAMED_GRAD block=384 name=w_o_2 grad=0e6fb589 grad_elems=1048576 param_elems=1048576 energy=0x1.eap-11 finite=1
ATTR_NAMED_GRAD block=384 name=w_r_2 grad=7e88c0b1 grad_elems=327680 param_elems=327680 energy=0x1.8ap-29 finite=1
ATTR_NAMED_GRAD block=384 name=w_kv_2 grad=240664c3 grad_elems=2097152 param_elems=2097152 energy=0x1.34p-10 finite=1
ATTR_NAMED_GRAD block=384 name=w_q_2 grad=f8dd512d grad_elems=1048576 param_elems=1048576 energy=0x1.18p-16 finite=1
ATTR_NAMED_GRAD block=384 name=ln_g_4 grad=d3ddc032 grad_elems=1024 param_elems=1024 energy=0x1.bcp-28 finite=1
ATTR_NAMED_GRAD block=384 name=ln_b_4 grad=1b05423f grad_elems=1024 param_elems=1024 energy=0x1.c8p-24 finite=1
ATTR_NAMED_GRAD block=384 name=ff2_1 grad=57875b97 grad_elems=3145728 param_elems=3145728 energy=0x1.38p-8 finite=1
ATTR_NAMED_GRAD block=384 name=ff1_1 grad=33a5fd03 grad_elems=6291456 param_elems=6291456 energy=0x1.8ep-9 finite=1
ATTR_NAMED_GRAD block=384 name=ln_g_3 grad=04223c21 grad_elems=1024 param_elems=1024 energy=0x1.24p-20 finite=1
ATTR_NAMED_GRAD block=384 name=ln_b_3 grad=c45ff68a grad_elems=1024 param_elems=1024 energy=0x1.aep-21 finite=1
ATTR_NAMED_GRAD block=384 name=ff_bias1_1 grad=acec068d grad_elems=6144 param_elems=6144 energy=0x1.e6p-19 finite=1
ATTR_NAMED_GRAD block=384 name=ff_bias2_1 grad=85c3bebe grad_elems=1024 param_elems=1024 energy=0x1.d4p-12 finite=1
ATTR_NAMED_GRAD block=384 name=w_o_1 grad=aad29fbc grad_elems=1048576 param_elems=1048576 energy=0x1.a6p-11 finite=1
ATTR_NAMED_GRAD block=384 name=w_r_1 grad=4564c9ba grad_elems=327680 param_elems=327680 energy=0x1.ap-29 finite=1
ATTR_NAMED_GRAD block=384 name=w_kv_1 grad=f5891dc5 grad_elems=2097152 param_elems=2097152 energy=0x1.e4p-11 finite=1
ATTR_NAMED_GRAD block=384 name=w_q_1 grad=1eae1a87 grad_elems=1048576 param_elems=1048576 energy=0x1.5ap-16 finite=1
ATTR_NAMED_GRAD block=384 name=ln_g_2 grad=f8a97c54 grad_elems=1024 param_elems=1024 energy=0x1.14p-27 finite=1
ATTR_NAMED_GRAD block=384 name=ln_b_2 grad=c1b9fe06 grad_elems=1024 param_elems=1024 energy=0x1.ep-24 finite=1
ATTR_NAMED_GRAD block=384 name=ff2_0 grad=ae5a6c69 grad_elems=3145728 param_elems=3145728 energy=0x1.36p-8 finite=1
ATTR_NAMED_GRAD block=384 name=ff1_0 grad=22458975 grad_elems=6291456 param_elems=6291456 energy=0x1.96p-9 finite=1
ATTR_NAMED_GRAD block=384 name=ln_g_1 grad=90d80b10 grad_elems=1024 param_elems=1024 energy=0x1.4p-20 finite=1
ATTR_NAMED_GRAD block=384 name=ln_b_1 grad=5d6fc695 grad_elems=1024 param_elems=1024 energy=0x1.a2p-21 finite=1
ATTR_NAMED_GRAD block=384 name=ff_bias1_0 grad=bed1895a grad_elems=6144 param_elems=6144 energy=0x1.d4p-19 finite=1
ATTR_NAMED_GRAD block=384 name=ff_bias2_0 grad=eebdb947 grad_elems=1024 param_elems=1024 energy=0x1.dep-12 finite=1
ATTR_NAMED_GRAD block=384 name=w_o_0 grad=b7c193fa grad_elems=1048576 param_elems=1048576 energy=0x1.7cp-11 finite=1
ATTR_NAMED_GRAD block=384 name=w_r_0 grad=d379c610 grad_elems=327680 param_elems=327680 energy=0x1.bp-29 finite=1
ATTR_NAMED_GRAD block=384 name=b_r_0 grad=518bb135 grad_elems=2560 param_elems=2560 energy=0x1.a2p-11 finite=1
ATTR_NAMED_GRAD block=384 name=w_kv_0 grad=e3332cf9 grad_elems=2097152 param_elems=2097152 energy=0x1.ap-11 finite=1
ATTR_NAMED_GRAD block=384 name=w_q_0 grad=6e3c82f8 grad_elems=1048576 param_elems=1048576 energy=0x1.76p-16 finite=1
ATTR_NAMED_GRAD block=384 name=ln_g_0 grad=523bcd0c grad_elems=1024 param_elems=1024 energy=0x1.f4p-28 finite=1
ATTR_NAMED_GRAD block=384 name=ln_b_0 grad=e813e953 grad_elems=1024 param_elems=1024 energy=0x1.34p-23 finite=1
ATTR_NAMED_GRAD block=384 name=embed grad=d704add6 grad_elems=16785408 param_elems=16785408 energy=0x1.a88c8p-4 finite=1
ATTR_NAMED_GRAD block=384 name=ln_g_40 grad=e2431969 grad_elems=1024 param_elems=1024 energy=0x1.9p-10 finite=1
ATTR_NAMED_GRAD block=384 name=ln_b_40 grad=155812fb grad_elems=1024 param_elems=1024 energy=0x1.88p-10 finite=1
ATTR_NAMED_GRAD block=384 name=out_bias grad=0fccac7c grad_elems=16392 param_elems=16392 energy=0x1.0ep-8 finite=1
ATTR_HEAD arm=1 block=384 weight=da69b757 bias=b8ea6470
ATTR_STATE arm=1 block=384 step=14 params=81cbf969 memory=e8eac96e
ATTR_NAMED_GRAD block=448 name=embed_out grad=a5fffabf grad_elems=16785408 param_elems=16785408 energy=0x1.aep+1 finite=1
ATTR_NAMED_GRAD block=448 name=ff2_19 grad=5017c597 grad_elems=3145728 param_elems=3145728 energy=0x1.aap-7 finite=1
ATTR_NAMED_GRAD block=448 name=ff1_19 grad=38a80d60 grad_elems=6291456 param_elems=6291456 energy=0x1.e8p-8 finite=1
ATTR_NAMED_GRAD block=448 name=ln_g_39 grad=0f80f26a grad_elems=1024 param_elems=1024 energy=0x1.56p-19 finite=1
ATTR_NAMED_GRAD block=448 name=ln_b_39 grad=c1950fb0 grad_elems=1024 param_elems=1024 energy=0x1.aep-19 finite=1
ATTR_NAMED_GRAD block=448 name=ff_bias1_19 grad=dec2e6b1 grad_elems=6144 param_elems=6144 energy=0x1.26p-17 finite=1
ATTR_NAMED_GRAD block=448 name=ff_bias2_19 grad=8a676aa3 grad_elems=1024 param_elems=1024 energy=0x1.b2p-12 finite=1
ATTR_NAMED_GRAD block=448 name=w_o_19 grad=82948cf1 grad_elems=1048576 param_elems=1048576 energy=0x1.dcp-5 finite=1
ATTR_NAMED_GRAD block=448 name=w_r_19 grad=8729bca5 grad_elems=327680 param_elems=327680 energy=0x1.0cp-27 finite=1
ATTR_NAMED_GRAD block=448 name=w_kv_19 grad=fa118486 grad_elems=2097152 param_elems=2097152 energy=0x1.6ep-5 finite=1
ATTR_NAMED_GRAD block=448 name=w_q_19 grad=2f6d59f4 grad_elems=1048576 param_elems=1048576 energy=0x1.0ap-14 finite=1
ATTR_NAMED_GRAD block=448 name=ln_g_38 grad=b02f64f0 grad_elems=1024 param_elems=1024 energy=0x1.6cp-24 finite=1
ATTR_NAMED_GRAD block=448 name=ln_b_38 grad=b4e0b1dc grad_elems=1024 param_elems=1024 energy=0x1.6p-23 finite=1
ATTR_NAMED_GRAD block=448 name=ff2_18 grad=8962b0c0 grad_elems=3145728 param_elems=3145728 energy=0x1.96p-7 finite=1
ATTR_NAMED_GRAD block=448 name=ff1_18 grad=6c5e11d1 grad_elems=6291456 param_elems=6291456 energy=0x1.cep-8 finite=1
ATTR_NAMED_GRAD block=448 name=ln_g_37 grad=2e6a044c grad_elems=1024 param_elems=1024 energy=0x1.24p-19 finite=1
ATTR_NAMED_GRAD block=448 name=ln_b_37 grad=fc947fac grad_elems=1024 param_elems=1024 energy=0x1.98p-19 finite=1
ATTR_NAMED_GRAD block=448 name=ff_bias1_18 grad=777ef0e9 grad_elems=6144 param_elems=6144 energy=0x1.24p-17 finite=1
ATTR_NAMED_GRAD block=448 name=ff_bias2_18 grad=f8a4488e grad_elems=1024 param_elems=1024 energy=0x1.a2p-12 finite=1
ATTR_NAMED_GRAD block=448 name=w_o_18 grad=e9c12842 grad_elems=1048576 param_elems=1048576 energy=0x1.78p-5 finite=1
ATTR_NAMED_GRAD block=448 name=w_r_18 grad=d19a6a6a grad_elems=327680 param_elems=327680 energy=0x1.dp-28 finite=1
ATTR_NAMED_GRAD block=448 name=w_kv_18 grad=b3df3a59 grad_elems=2097152 param_elems=2097152 energy=0x1.1ep-5 finite=1
ATTR_NAMED_GRAD block=448 name=w_q_18 grad=5c1cc80b grad_elems=1048576 param_elems=1048576 energy=0x1.6cp-14 finite=1
ATTR_NAMED_GRAD block=448 name=ln_g_36 grad=2ff25016 grad_elems=1024 param_elems=1024 energy=0x1.ap-24 finite=1
ATTR_NAMED_GRAD block=448 name=ln_b_36 grad=7a92e9e9 grad_elems=1024 param_elems=1024 energy=0x1.bap-23 finite=1
ATTR_NAMED_GRAD block=448 name=ff2_17 grad=1a4be9df grad_elems=3145728 param_elems=3145728 energy=0x1.7ap-7 finite=1
ATTR_NAMED_GRAD block=448 name=ff1_17 grad=cdd4e368 grad_elems=6291456 param_elems=6291456 energy=0x1.7cp-8 finite=1
ATTR_NAMED_GRAD block=448 name=ln_g_35 grad=bde16963 grad_elems=1024 param_elems=1024 energy=0x1.cep-20 finite=1
ATTR_NAMED_GRAD block=448 name=ln_b_35 grad=5313feff grad_elems=1024 param_elems=1024 energy=0x1.56p-19 finite=1
ATTR_NAMED_GRAD block=448 name=ff_bias1_17 grad=f46beaa4 grad_elems=6144 param_elems=6144 energy=0x1.fcp-18 finite=1
ATTR_NAMED_GRAD block=448 name=ff_bias2_17 grad=2b2527b0 grad_elems=1024 param_elems=1024 energy=0x1.92p-12 finite=1
ATTR_NAMED_GRAD block=448 name=w_o_17 grad=e49f3cfc grad_elems=1048576 param_elems=1048576 energy=0x1.04p-5 finite=1
ATTR_NAMED_GRAD block=448 name=w_r_17 grad=a1abbb74 grad_elems=327680 param_elems=327680 energy=0x1.2ep-27 finite=1
ATTR_NAMED_GRAD block=448 name=w_kv_17 grad=aab22c96 grad_elems=2097152 param_elems=2097152 energy=0x1.cp-6 finite=1
ATTR_NAMED_GRAD block=448 name=w_q_17 grad=f73235d8 grad_elems=1048576 param_elems=1048576 energy=0x1.78p-14 finite=1
ATTR_NAMED_GRAD block=448 name=ln_g_34 grad=b88098ef grad_elems=1024 param_elems=1024 energy=0x1.d6p-24 finite=1
ATTR_NAMED_GRAD block=448 name=ln_b_34 grad=718cedb6 grad_elems=1024 param_elems=1024 energy=0x1.08p-22 finite=1
ATTR_NAMED_GRAD block=448 name=ff2_16 grad=92cd8450 grad_elems=3145728 param_elems=3145728 energy=0x1.0cp-7 finite=1
ATTR_NAMED_GRAD block=448 name=ff1_16 grad=a0549718 grad_elems=6291456 param_elems=6291456 energy=0x1.52p-8 finite=1
ATTR_NAMED_GRAD block=448 name=ln_g_33 grad=7d0b9d04 grad_elems=1024 param_elems=1024 energy=0x1.cep-20 finite=1
ATTR_NAMED_GRAD block=448 name=ln_b_33 grad=4eae00be grad_elems=1024 param_elems=1024 energy=0x1.4ep-19 finite=1
ATTR_NAMED_GRAD block=448 name=ff_bias1_16 grad=6fe419b0 grad_elems=6144 param_elems=6144 energy=0x1.e4p-18 finite=1
ATTR_NAMED_GRAD block=448 name=ff_bias2_16 grad=e9c3bbf1 grad_elems=1024 param_elems=1024 energy=0x1.8p-12 finite=1
ATTR_NAMED_GRAD block=448 name=w_o_16 grad=b29b2e60 grad_elems=1048576 param_elems=1048576 energy=0x1.74p-6 finite=1
ATTR_NAMED_GRAD block=448 name=w_r_16 grad=e984e192 grad_elems=327680 param_elems=327680 energy=0x1.4ep-28 finite=1
ATTR_NAMED_GRAD block=448 name=w_kv_16 grad=e01927cd grad_elems=2097152 param_elems=2097152 energy=0x1.98p-6 finite=1
ATTR_NAMED_GRAD block=448 name=w_q_16 grad=fa363564 grad_elems=1048576 param_elems=1048576 energy=0x1.9ap-15 finite=1
ATTR_NAMED_GRAD block=448 name=ln_g_32 grad=a6d4888d grad_elems=1024 param_elems=1024 energy=0x1.0cp-24 finite=1
ATTR_NAMED_GRAD block=448 name=ln_b_32 grad=a96387eb grad_elems=1024 param_elems=1024 energy=0x1.56p-23 finite=1
ATTR_NAMED_GRAD block=448 name=ff2_15 grad=7bdd15f9 grad_elems=3145728 param_elems=3145728 energy=0x1.b2p-8 finite=1
ATTR_NAMED_GRAD block=448 name=ff1_15 grad=69c05152 grad_elems=6291456 param_elems=6291456 energy=0x1.22p-8 finite=1
ATTR_NAMED_GRAD block=448 name=ln_g_31 grad=47a7f6fe grad_elems=1024 param_elems=1024 energy=0x1.6p-20 finite=1
ATTR_NAMED_GRAD block=448 name=ln_b_31 grad=eba6283c grad_elems=1024 param_elems=1024 energy=0x1.ecp-20 finite=1
ATTR_NAMED_GRAD block=448 name=ff_bias1_15 grad=1d69b122 grad_elems=6144 param_elems=6144 energy=0x1.aep-18 finite=1
ATTR_NAMED_GRAD block=448 name=ff_bias2_15 grad=922b5947 grad_elems=1024 param_elems=1024 energy=0x1.74p-12 finite=1
ATTR_NAMED_GRAD block=448 name=w_o_15 grad=7ceea93d grad_elems=1048576 param_elems=1048576 energy=0x1.14p-6 finite=1
ATTR_NAMED_GRAD block=448 name=w_r_15 grad=29cf2259 grad_elems=327680 param_elems=327680 energy=0x1.26p-28 finite=1
ATTR_NAMED_GRAD block=448 name=w_kv_15 grad=f448ca5b grad_elems=2097152 param_elems=2097152 energy=0x1.22p-6 finite=1
ATTR_NAMED_GRAD block=448 name=w_q_15 grad=4064d22b grad_elems=1048576 param_elems=1048576 energy=0x1.cp-15 finite=1
ATTR_NAMED_GRAD block=448 name=ln_g_30 grad=50f67e20 grad_elems=1024 param_elems=1024 energy=0x1.04p-24 finite=1
ATTR_NAMED_GRAD block=448 name=ln_b_30 grad=c2550976 grad_elems=1024 param_elems=1024 energy=0x1.7p-23 finite=1
ATTR_NAMED_GRAD block=448 name=ff2_14 grad=4d4e8232 grad_elems=3145728 param_elems=3145728 energy=0x1.72p-8 finite=1
ATTR_NAMED_GRAD block=448 name=ff1_14 grad=d504480d grad_elems=6291456 param_elems=6291456 energy=0x1.f8p-9 finite=1
ATTR_NAMED_GRAD block=448 name=ln_g_29 grad=c9b98eb4 grad_elems=1024 param_elems=1024 energy=0x1.fep-21 finite=1
ATTR_NAMED_GRAD block=448 name=ln_b_29 grad=f07c43e2 grad_elems=1024 param_elems=1024 energy=0x1.aep-20 finite=1
ATTR_NAMED_GRAD block=448 name=ff_bias1_14 grad=c3060c86 grad_elems=6144 param_elems=6144 energy=0x1.8ap-18 finite=1
ATTR_NAMED_GRAD block=448 name=ff_bias2_14 grad=3515d8c3 grad_elems=1024 param_elems=1024 energy=0x1.6ep-12 finite=1
ATTR_NAMED_GRAD block=448 name=w_o_14 grad=33b61f8c grad_elems=1048576 param_elems=1048576 energy=0x1.84p-7 finite=1
ATTR_NAMED_GRAD block=448 name=w_r_14 grad=fece3645 grad_elems=327680 param_elems=327680 energy=0x1.bcp-29 finite=1
ATTR_NAMED_GRAD block=448 name=w_kv_14 grad=b9a3eea5 grad_elems=2097152 param_elems=2097152 energy=0x1.0ap-6 finite=1
ATTR_NAMED_GRAD block=448 name=w_q_14 grad=f75db04b grad_elems=1048576 param_elems=1048576 energy=0x1.6ep-16 finite=1
ATTR_NAMED_GRAD block=448 name=ln_g_28 grad=797d7b96 grad_elems=1024 param_elems=1024 energy=0x1.54p-25 finite=1
ATTR_NAMED_GRAD block=448 name=ln_b_28 grad=d6055e22 grad_elems=1024 param_elems=1024 energy=0x1.2p-23 finite=1
ATTR_NAMED_GRAD block=448 name=ff2_13 grad=afa0b3a0 grad_elems=3145728 param_elems=3145728 energy=0x1.42p-8 finite=1
ATTR_NAMED_GRAD block=448 name=ff1_13 grad=0070dac0 grad_elems=6291456 param_elems=6291456 energy=0x1.a8p-9 finite=1
ATTR_NAMED_GRAD block=448 name=ln_g_27 grad=6cef5ae2 grad_elems=1024 param_elems=1024 energy=0x1.c6p-21 finite=1
ATTR_NAMED_GRAD block=448 name=ln_b_27 grad=20177f68 grad_elems=1024 param_elems=1024 energy=0x1.4cp-20 finite=1
ATTR_NAMED_GRAD block=448 name=ff_bias1_13 grad=7ae88806 grad_elems=6144 param_elems=6144 energy=0x1.46p-18 finite=1
ATTR_NAMED_GRAD block=448 name=ff_bias2_13 grad=79a6f1a6 grad_elems=1024 param_elems=1024 energy=0x1.6ep-12 finite=1
ATTR_NAMED_GRAD block=448 name=w_o_13 grad=c4f4d426 grad_elems=1048576 param_elems=1048576 energy=0x1.24p-7 finite=1
ATTR_NAMED_GRAD block=448 name=w_r_13 grad=61afb60a grad_elems=327680 param_elems=327680 energy=0x1.5ap-29 finite=1
ATTR_NAMED_GRAD block=448 name=w_kv_13 grad=da7077ab grad_elems=2097152 param_elems=2097152 energy=0x1.62p-7 finite=1
ATTR_NAMED_GRAD block=448 name=w_q_13 grad=159fb528 grad_elems=1048576 param_elems=1048576 energy=0x1.e2p-17 finite=1
ATTR_NAMED_GRAD block=448 name=ln_g_26 grad=8a52bad8 grad_elems=1024 param_elems=1024 energy=0x1.7ep-26 finite=1
ATTR_NAMED_GRAD block=448 name=ln_b_26 grad=c5effa1b grad_elems=1024 param_elems=1024 energy=0x1.aap-24 finite=1
ATTR_NAMED_GRAD block=448 name=ff2_12 grad=c93f13be grad_elems=3145728 param_elems=3145728 energy=0x1.2ap-8 finite=1
ATTR_NAMED_GRAD block=448 name=ff1_12 grad=1292b36b grad_elems=6291456 param_elems=6291456 energy=0x1.8p-9 finite=1
ATTR_NAMED_GRAD block=448 name=ln_g_25 grad=ff70c85f grad_elems=1024 param_elems=1024 energy=0x1.bap-21 finite=1
ATTR_NAMED_GRAD block=448 name=ln_b_25 grad=50b8e32e grad_elems=1024 param_elems=1024 energy=0x1.1ap-20 finite=1
ATTR_NAMED_GRAD block=448 name=ff_bias1_12 grad=78ae0a17 grad_elems=6144 param_elems=6144 energy=0x1.26p-18 finite=1
ATTR_NAMED_GRAD block=448 name=ff_bias2_12 grad=42bc1adb grad_elems=1024 param_elems=1024 energy=0x1.6cp-12 finite=1
ATTR_NAMED_GRAD block=448 name=w_o_12 grad=f7fa97f5 grad_elems=1048576 param_elems=1048576 energy=0x1.b2p-8 finite=1
ATTR_NAMED_GRAD block=448 name=w_r_12 grad=5a9284a9 grad_elems=327680 param_elems=327680 energy=0x1.42p-29 finite=1
ATTR_NAMED_GRAD block=448 name=w_kv_12 grad=6a89c75a grad_elems=2097152 param_elems=2097152 energy=0x1.3cp-7 finite=1
ATTR_NAMED_GRAD block=448 name=w_q_12 grad=ac0b5bd2 grad_elems=1048576 param_elems=1048576 energy=0x1.98p-17 finite=1
ATTR_NAMED_GRAD block=448 name=ln_g_24 grad=02add75e grad_elems=1024 param_elems=1024 energy=0x1.52p-26 finite=1
ATTR_NAMED_GRAD block=448 name=ln_b_24 grad=b37c58f7 grad_elems=1024 param_elems=1024 energy=0x1.c8p-24 finite=1
ATTR_NAMED_GRAD block=448 name=ff2_11 grad=f1bca171 grad_elems=3145728 param_elems=3145728 energy=0x1.16p-8 finite=1
ATTR_NAMED_GRAD block=448 name=ff1_11 grad=0990b159 grad_elems=6291456 param_elems=6291456 energy=0x1.6ap-9 finite=1
ATTR_NAMED_GRAD block=448 name=ln_g_23 grad=7215e051 grad_elems=1024 param_elems=1024 energy=0x1.d6p-21 finite=1
ATTR_NAMED_GRAD block=448 name=ln_b_23 grad=a7a7df50 grad_elems=1024 param_elems=1024 energy=0x1.dep-21 finite=1
ATTR_NAMED_GRAD block=448 name=ff_bias1_11 grad=1987beb4 grad_elems=6144 param_elems=6144 energy=0x1.0cp-18 finite=1
ATTR_NAMED_GRAD block=448 name=ff_bias2_11 grad=cdb79faa grad_elems=1024 param_elems=1024 energy=0x1.76p-12 finite=1
ATTR_NAMED_GRAD block=448 name=w_o_11 grad=7133c962 grad_elems=1048576 param_elems=1048576 energy=0x1.46p-8 finite=1
ATTR_NAMED_GRAD block=448 name=w_r_11 grad=20c4bc3a grad_elems=327680 param_elems=327680 energy=0x1.48p-29 finite=1
ATTR_NAMED_GRAD block=448 name=w_kv_11 grad=1efdbeb0 grad_elems=2097152 param_elems=2097152 energy=0x1.e8p-8 finite=1
ATTR_NAMED_GRAD block=448 name=w_q_11 grad=20ace9b6 grad_elems=1048576 param_elems=1048576 energy=0x1.76p-17 finite=1
ATTR_NAMED_GRAD block=448 name=ln_g_22 grad=173ff2ef grad_elems=1024 param_elems=1024 energy=0x1.cap-27 finite=1
ATTR_NAMED_GRAD block=448 name=ln_b_22 grad=22fba7b8 grad_elems=1024 param_elems=1024 energy=0x1.8ep-24 finite=1
ATTR_NAMED_GRAD block=448 name=ff2_10 grad=607b8f02 grad_elems=3145728 param_elems=3145728 energy=0x1.0ep-8 finite=1
ATTR_NAMED_GRAD block=448 name=ff1_10 grad=5c8c7235 grad_elems=6291456 param_elems=6291456 energy=0x1.6p-9 finite=1
ATTR_NAMED_GRAD block=448 name=ln_g_21 grad=14f38d0c grad_elems=1024 param_elems=1024 energy=0x1.12p-20 finite=1
ATTR_NAMED_GRAD block=448 name=ln_b_21 grad=0e351763 grad_elems=1024 param_elems=1024 energy=0x1.c2p-21 finite=1
ATTR_NAMED_GRAD block=448 name=ff_bias1_10 grad=dc4792a8 grad_elems=6144 param_elems=6144 energy=0x1.fap-19 finite=1
ATTR_NAMED_GRAD block=448 name=ff_bias2_10 grad=b4730f2b grad_elems=1024 param_elems=1024 energy=0x1.7cp-12 finite=1
ATTR_NAMED_GRAD block=448 name=w_o_10 grad=dfc84f82 grad_elems=1048576 param_elems=1048576 energy=0x1.0cp-8 finite=1
ATTR_NAMED_GRAD block=448 name=w_r_10 grad=94545d4c grad_elems=327680 param_elems=327680 energy=0x1.48p-29 finite=1
ATTR_NAMED_GRAD block=448 name=w_kv_10 grad=d4628c3e grad_elems=2097152 param_elems=2097152 energy=0x1.8ap-8 finite=1
ATTR_NAMED_GRAD block=448 name=w_q_10 grad=7f387546 grad_elems=1048576 param_elems=1048576 energy=0x1.58p-17 finite=1
ATTR_NAMED_GRAD block=448 name=ln_g_20 grad=8739aeee grad_elems=1024 param_elems=1024 energy=0x1.94p-27 finite=1
ATTR_NAMED_GRAD block=448 name=ln_b_20 grad=75edb684 grad_elems=1024 param_elems=1024 energy=0x1.84p-24 finite=1
ATTR_NAMED_GRAD block=448 name=ff2_9 grad=d57a4a71 grad_elems=3145728 param_elems=3145728 energy=0x1.0cp-8 finite=1
ATTR_NAMED_GRAD block=448 name=ff1_9 grad=cb264a59 grad_elems=6291456 param_elems=6291456 energy=0x1.5cp-9 finite=1
ATTR_NAMED_GRAD block=448 name=ln_g_19 grad=72c4852d grad_elems=1024 param_elems=1024 energy=0x1.fcp-21 finite=1
ATTR_NAMED_GRAD block=448 name=ln_b_19 grad=b433cde0 grad_elems=1024 param_elems=1024 energy=0x1.b6p-21 finite=1
ATTR_NAMED_GRAD block=448 name=ff_bias1_9 grad=59425374 grad_elems=6144 param_elems=6144 energy=0x1.d2p-19 finite=1
ATTR_NAMED_GRAD block=448 name=ff_bias2_9 grad=25819d98 grad_elems=1024 param_elems=1024 energy=0x1.88p-12 finite=1
ATTR_NAMED_GRAD block=448 name=w_o_9 grad=38022cf7 grad_elems=1048576 param_elems=1048576 energy=0x1.bcp-9 finite=1
ATTR_NAMED_GRAD block=448 name=w_r_9 grad=006dc11d grad_elems=327680 param_elems=327680 energy=0x1.4ep-29 finite=1
ATTR_NAMED_GRAD block=448 name=w_kv_9 grad=d0a04f7a grad_elems=2097152 param_elems=2097152 energy=0x1.36p-8 finite=1
ATTR_NAMED_GRAD block=448 name=w_q_9 grad=ad10885b grad_elems=1048576 param_elems=1048576 energy=0x1.6ep-17 finite=1
ATTR_NAMED_GRAD block=448 name=ln_g_18 grad=30762f70 grad_elems=1024 param_elems=1024 energy=0x1.44p-27 finite=1
ATTR_NAMED_GRAD block=448 name=ln_b_18 grad=37565d16 grad_elems=1024 param_elems=1024 energy=0x1.76p-24 finite=1
ATTR_NAMED_GRAD block=448 name=ff2_8 grad=8683fe7d grad_elems=3145728 param_elems=3145728 energy=0x1.1p-8 finite=1
ATTR_NAMED_GRAD block=448 name=ff1_8 grad=e7808f00 grad_elems=6291456 param_elems=6291456 energy=0x1.5ap-9 finite=1
ATTR_NAMED_GRAD block=448 name=ln_g_17 grad=f2d0fda6 grad_elems=1024 param_elems=1024 energy=0x1.2p-20 finite=1
ATTR_NAMED_GRAD block=448 name=ln_b_17 grad=01f6f8c8 grad_elems=1024 param_elems=1024 energy=0x1.98p-21 finite=1
ATTR_NAMED_GRAD block=448 name=ff_bias1_8 grad=3e93ac97 grad_elems=6144 param_elems=6144 energy=0x1.c6p-19 finite=1
ATTR_NAMED_GRAD block=448 name=ff_bias2_8 grad=17a60b8a grad_elems=1024 param_elems=1024 energy=0x1.92p-12 finite=1
ATTR_NAMED_GRAD block=448 name=w_o_8 grad=de7dc274 grad_elems=1048576 param_elems=1048576 energy=0x1.6ep-9 finite=1
ATTR_NAMED_GRAD block=448 name=w_r_8 grad=38ece26c grad_elems=327680 param_elems=327680 energy=0x1.5ap-29 finite=1
ATTR_NAMED_GRAD block=448 name=w_kv_8 grad=faef5fbf grad_elems=2097152 param_elems=2097152 energy=0x1.fcp-9 finite=1
ATTR_NAMED_GRAD block=448 name=w_q_8 grad=4e72f6a8 grad_elems=1048576 param_elems=1048576 energy=0x1.7ap-17 finite=1
ATTR_NAMED_GRAD block=448 name=ln_g_16 grad=35bd6421 grad_elems=1024 param_elems=1024 energy=0x1.0ep-27 finite=1
ATTR_NAMED_GRAD block=448 name=ln_b_16 grad=b898a206 grad_elems=1024 param_elems=1024 energy=0x1.74p-24 finite=1
ATTR_NAMED_GRAD block=448 name=ff2_7 grad=7fcbdabe grad_elems=3145728 param_elems=3145728 energy=0x1.0ep-8 finite=1
ATTR_NAMED_GRAD block=448 name=ff1_7 grad=46018f84 grad_elems=6291456 param_elems=6291456 energy=0x1.5cp-9 finite=1
ATTR_NAMED_GRAD block=448 name=ln_g_15 grad=14896a4b grad_elems=1024 param_elems=1024 energy=0x1.1cp-20 finite=1
ATTR_NAMED_GRAD block=448 name=ln_b_15 grad=a09a1c6b grad_elems=1024 param_elems=1024 energy=0x1.84p-21 finite=1
ATTR_NAMED_GRAD block=448 name=ff_bias1_7 grad=98c01921 grad_elems=6144 param_elems=6144 energy=0x1.c6p-19 finite=1
ATTR_NAMED_GRAD block=448 name=ff_bias2_7 grad=c825ec95 grad_elems=1024 param_elems=1024 energy=0x1.9cp-12 finite=1
ATTR_NAMED_GRAD block=448 name=w_o_7 grad=bbd2a906 grad_elems=1048576 param_elems=1048576 energy=0x1.2p-9 finite=1
ATTR_NAMED_GRAD block=448 name=w_r_7 grad=e0cc52d4 grad_elems=327680 param_elems=327680 energy=0x1.68p-29 finite=1
ATTR_NAMED_GRAD block=448 name=w_kv_7 grad=d1648451 grad_elems=2097152 param_elems=2097152 energy=0x1.aep-9 finite=1
ATTR_NAMED_GRAD block=448 name=w_q_7 grad=246e9a51 grad_elems=1048576 param_elems=1048576 energy=0x1.8ap-17 finite=1
ATTR_NAMED_GRAD block=448 name=ln_g_14 grad=7d6ed214 grad_elems=1024 param_elems=1024 energy=0x1.d4p-28 finite=1
ATTR_NAMED_GRAD block=448 name=ln_b_14 grad=1c2a3d7b grad_elems=1024 param_elems=1024 energy=0x1.8ap-24 finite=1
ATTR_NAMED_GRAD block=448 name=ff2_6 grad=4a23d3b8 grad_elems=3145728 param_elems=3145728 energy=0x1.18p-8 finite=1
ATTR_NAMED_GRAD block=448 name=ff1_6 grad=b913af65 grad_elems=6291456 param_elems=6291456 energy=0x1.66p-9 finite=1
ATTR_NAMED_GRAD block=448 name=ln_g_13 grad=e2d1fc37 grad_elems=1024 param_elems=1024 energy=0x1.1cp-20 finite=1
ATTR_NAMED_GRAD block=448 name=ln_b_13 grad=89b851b7 grad_elems=1024 param_elems=1024 energy=0x1.cp-21 finite=1
ATTR_NAMED_GRAD block=448 name=ff_bias1_6 grad=e2e8944d grad_elems=6144 param_elems=6144 energy=0x1.dep-19 finite=1
ATTR_NAMED_GRAD block=448 name=ff_bias2_6 grad=b168de45 grad_elems=1024 param_elems=1024 energy=0x1.a4p-12 finite=1
ATTR_NAMED_GRAD block=448 name=w_o_6 grad=51c82c24 grad_elems=1048576 param_elems=1048576 energy=0x1.dap-10 finite=1
ATTR_NAMED_GRAD block=448 name=w_r_6 grad=1fa16495 grad_elems=327680 param_elems=327680 energy=0x1.72p-29 finite=1
ATTR_NAMED_GRAD block=448 name=w_kv_6 grad=d5b179c8 grad_elems=2097152 param_elems=2097152 energy=0x1.4ep-9 finite=1
ATTR_NAMED_GRAD block=448 name=w_q_6 grad=78b234f5 grad_elems=1048576 param_elems=1048576 energy=0x1.94p-17 finite=1
ATTR_NAMED_GRAD block=448 name=ln_g_12 grad=de78ada0 grad_elems=1024 param_elems=1024 energy=0x1.bcp-28 finite=1
ATTR_NAMED_GRAD block=448 name=ln_b_12 grad=7e2557fb grad_elems=1024 param_elems=1024 energy=0x1.7ap-24 finite=1
ATTR_NAMED_GRAD block=448 name=ff2_5 grad=161896fe grad_elems=3145728 param_elems=3145728 energy=0x1.2p-8 finite=1
ATTR_NAMED_GRAD block=448 name=ff1_5 grad=daf43674 grad_elems=6291456 param_elems=6291456 energy=0x1.64p-9 finite=1
ATTR_NAMED_GRAD block=448 name=ln_g_11 grad=ff940a34 grad_elems=1024 param_elems=1024 energy=0x1.0ap-20 finite=1
ATTR_NAMED_GRAD block=448 name=ln_b_11 grad=5ba222a8 grad_elems=1024 param_elems=1024 energy=0x1.86p-21 finite=1
ATTR_NAMED_GRAD block=448 name=ff_bias1_5 grad=d86b8ea6 grad_elems=6144 param_elems=6144 energy=0x1.c4p-19 finite=1
ATTR_NAMED_GRAD block=448 name=ff_bias2_5 grad=fe6f707a grad_elems=1024 param_elems=1024 energy=0x1.bp-12 finite=1
ATTR_NAMED_GRAD block=448 name=w_o_5 grad=b1358339 grad_elems=1048576 param_elems=1048576 energy=0x1.86p-10 finite=1
ATTR_NAMED_GRAD block=448 name=w_r_5 grad=23635d10 grad_elems=327680 param_elems=327680 energy=0x1.84p-29 finite=1
ATTR_NAMED_GRAD block=448 name=w_kv_5 grad=befa0fd0 grad_elems=2097152 param_elems=2097152 energy=0x1.0ep-9 finite=1
ATTR_NAMED_GRAD block=448 name=w_q_5 grad=3c5d7cfb grad_elems=1048576 param_elems=1048576 energy=0x1.b8p-17 finite=1
ATTR_NAMED_GRAD block=448 name=ln_g_10 grad=bec858c3 grad_elems=1024 param_elems=1024 energy=0x1.a6p-28 finite=1
ATTR_NAMED_GRAD block=448 name=ln_b_10 grad=d69daab1 grad_elems=1024 param_elems=1024 energy=0x1.acp-24 finite=1
ATTR_NAMED_GRAD block=448 name=ff2_4 grad=73dd865b grad_elems=3145728 param_elems=3145728 energy=0x1.2p-8 finite=1
ATTR_NAMED_GRAD block=448 name=ff1_4 grad=524c7e99 grad_elems=6291456 param_elems=6291456 energy=0x1.6ep-9 finite=1
ATTR_NAMED_GRAD block=448 name=ln_g_9 grad=9bff0eeb grad_elems=1024 param_elems=1024 energy=0x1.14p-20 finite=1
ATTR_NAMED_GRAD block=448 name=ln_b_9 grad=7a90ed3f grad_elems=1024 param_elems=1024 energy=0x1.8ap-21 finite=1
ATTR_NAMED_GRAD block=448 name=ff_bias1_4 grad=232f604c grad_elems=6144 param_elems=6144 energy=0x1.c8p-19 finite=1
ATTR_NAMED_GRAD block=448 name=ff_bias2_4 grad=0c3a1a90 grad_elems=1024 param_elems=1024 energy=0x1.b8p-12 finite=1
ATTR_NAMED_GRAD block=448 name=w_o_4 grad=34e0ad5c grad_elems=1048576 param_elems=1048576 energy=0x1.54p-10 finite=1
ATTR_NAMED_GRAD block=448 name=w_r_4 grad=74950e13 grad_elems=327680 param_elems=327680 energy=0x1.96p-29 finite=1
ATTR_NAMED_GRAD block=448 name=w_kv_4 grad=b89603db grad_elems=2097152 param_elems=2097152 energy=0x1.aep-10 finite=1
ATTR_NAMED_GRAD block=448 name=w_q_4 grad=bfb4196a grad_elems=1048576 param_elems=1048576 energy=0x1.dp-17 finite=1
ATTR_NAMED_GRAD block=448 name=ln_g_8 grad=dc5924dc grad_elems=1024 param_elems=1024 energy=0x1.92p-28 finite=1
ATTR_NAMED_GRAD block=448 name=ln_b_8 grad=05845305 grad_elems=1024 param_elems=1024 energy=0x1.98p-24 finite=1
ATTR_NAMED_GRAD block=448 name=ff2_3 grad=73287806 grad_elems=3145728 param_elems=3145728 energy=0x1.2ep-8 finite=1
ATTR_NAMED_GRAD block=448 name=ff1_3 grad=5cc25599 grad_elems=6291456 param_elems=6291456 energy=0x1.78p-9 finite=1
ATTR_NAMED_GRAD block=448 name=ln_g_7 grad=c78688cd grad_elems=1024 param_elems=1024 energy=0x1.3p-20 finite=1
ATTR_NAMED_GRAD block=448 name=ln_b_7 grad=d6fad6af grad_elems=1024 param_elems=1024 energy=0x1.bp-21 finite=1
ATTR_NAMED_GRAD block=448 name=ff_bias1_3 grad=b3ba7589 grad_elems=6144 param_elems=6144 energy=0x1.dep-19 finite=1
ATTR_NAMED_GRAD block=448 name=ff_bias2_3 grad=775f91c4 grad_elems=1024 param_elems=1024 energy=0x1.c4p-12 finite=1
ATTR_NAMED_GRAD block=448 name=w_o_3 grad=f6026319 grad_elems=1048576 param_elems=1048576 energy=0x1.1ep-10 finite=1
ATTR_NAMED_GRAD block=448 name=w_r_3 grad=29e66788 grad_elems=327680 param_elems=327680 energy=0x1.a6p-29 finite=1
ATTR_NAMED_GRAD block=448 name=w_kv_3 grad=83f68f86 grad_elems=2097152 param_elems=2097152 energy=0x1.6cp-10 finite=1
ATTR_NAMED_GRAD block=448 name=w_q_3 grad=ea7427e3 grad_elems=1048576 param_elems=1048576 energy=0x1.fp-17 finite=1
ATTR_NAMED_GRAD block=448 name=ln_g_6 grad=b0444bbd grad_elems=1024 param_elems=1024 energy=0x1.84p-28 finite=1
ATTR_NAMED_GRAD block=448 name=ln_b_6 grad=953293ff grad_elems=1024 param_elems=1024 energy=0x1.dcp-24 finite=1
ATTR_NAMED_GRAD block=448 name=ff2_2 grad=0b35fe8a grad_elems=3145728 param_elems=3145728 energy=0x1.32p-8 finite=1
ATTR_NAMED_GRAD block=448 name=ff1_2 grad=5e90abe0 grad_elems=6291456 param_elems=6291456 energy=0x1.7ep-9 finite=1
ATTR_NAMED_GRAD block=448 name=ln_g_5 grad=5c7b4829 grad_elems=1024 param_elems=1024 energy=0x1.24p-20 finite=1
ATTR_NAMED_GRAD block=448 name=ln_b_5 grad=57e6d7f8 grad_elems=1024 param_elems=1024 energy=0x1.ap-21 finite=1
ATTR_NAMED_GRAD block=448 name=ff_bias1_2 grad=c8f27247 grad_elems=6144 param_elems=6144 energy=0x1.d6p-19 finite=1
ATTR_NAMED_GRAD block=448 name=ff_bias2_2 grad=80e77d0c grad_elems=1024 param_elems=1024 energy=0x1.cep-12 finite=1
ATTR_NAMED_GRAD block=448 name=w_o_2 grad=03aa047b grad_elems=1048576 param_elems=1048576 energy=0x1.dcp-11 finite=1
ATTR_NAMED_GRAD block=448 name=w_r_2 grad=f7dfb8f5 grad_elems=327680 param_elems=327680 energy=0x1.b2p-29 finite=1
ATTR_NAMED_GRAD block=448 name=w_kv_2 grad=5fda2822 grad_elems=2097152 param_elems=2097152 energy=0x1.26p-10 finite=1
ATTR_NAMED_GRAD block=448 name=w_q_2 grad=eb2fb4ef grad_elems=1048576 param_elems=1048576 energy=0x1.16p-16 finite=1
ATTR_NAMED_GRAD block=448 name=ln_g_4 grad=eb67c6e3 grad_elems=1024 param_elems=1024 energy=0x1.b2p-28 finite=1
ATTR_NAMED_GRAD block=448 name=ln_b_4 grad=9e833625 grad_elems=1024 param_elems=1024 energy=0x1.12p-23 finite=1
ATTR_NAMED_GRAD block=448 name=ff2_1 grad=a6ccf2ee grad_elems=3145728 param_elems=3145728 energy=0x1.3ep-8 finite=1
ATTR_NAMED_GRAD block=448 name=ff1_1 grad=749dd94c grad_elems=6291456 param_elems=6291456 energy=0x1.88p-9 finite=1
ATTR_NAMED_GRAD block=448 name=ln_g_3 grad=6a3fd98a grad_elems=1024 param_elems=1024 energy=0x1.3ep-20 finite=1
ATTR_NAMED_GRAD block=448 name=ln_b_3 grad=e114402c grad_elems=1024 param_elems=1024 energy=0x1.94p-21 finite=1
ATTR_NAMED_GRAD block=448 name=ff_bias1_1 grad=ffe373ee grad_elems=6144 param_elems=6144 energy=0x1.dep-19 finite=1
ATTR_NAMED_GRAD block=448 name=ff_bias2_1 grad=ea730049 grad_elems=1024 param_elems=1024 energy=0x1.d6p-12 finite=1
ATTR_NAMED_GRAD block=448 name=w_o_1 grad=356ff206 grad_elems=1048576 param_elems=1048576 energy=0x1.8cp-11 finite=1
ATTR_NAMED_GRAD block=448 name=w_r_1 grad=33dd610d grad_elems=327680 param_elems=327680 energy=0x1.dp-29 finite=1
ATTR_NAMED_GRAD block=448 name=w_kv_1 grad=cea648c3 grad_elems=2097152 param_elems=2097152 energy=0x1.bp-11 finite=1
ATTR_NAMED_GRAD block=448 name=w_q_1 grad=0f7521dc grad_elems=1048576 param_elems=1048576 energy=0x1.3p-16 finite=1
ATTR_NAMED_GRAD block=448 name=ln_g_2 grad=17f79b0a grad_elems=1024 param_elems=1024 energy=0x1.c6p-28 finite=1
ATTR_NAMED_GRAD block=448 name=ln_b_2 grad=67affc2e grad_elems=1024 param_elems=1024 energy=0x1.e8p-24 finite=1
ATTR_NAMED_GRAD block=448 name=ff2_0 grad=331ef2cd grad_elems=3145728 param_elems=3145728 energy=0x1.3ap-8 finite=1
ATTR_NAMED_GRAD block=448 name=ff1_0 grad=4f5e60aa grad_elems=6291456 param_elems=6291456 energy=0x1.8ap-9 finite=1
ATTR_NAMED_GRAD block=448 name=ln_g_1 grad=fb007f9b grad_elems=1024 param_elems=1024 energy=0x1.3p-20 finite=1
ATTR_NAMED_GRAD block=448 name=ln_b_1 grad=202b552e grad_elems=1024 param_elems=1024 energy=0x1.cp-21 finite=1
ATTR_NAMED_GRAD block=448 name=ff_bias1_0 grad=53a2397e grad_elems=6144 param_elems=6144 energy=0x1.e6p-19 finite=1
ATTR_NAMED_GRAD block=448 name=ff_bias2_0 grad=2a68084f grad_elems=1024 param_elems=1024 energy=0x1.dcp-12 finite=1
ATTR_NAMED_GRAD block=448 name=w_o_0 grad=ca12c650 grad_elems=1048576 param_elems=1048576 energy=0x1.5ep-11 finite=1
ATTR_NAMED_GRAD block=448 name=w_r_0 grad=0bb1e145 grad_elems=327680 param_elems=327680 energy=0x1.dep-29 finite=1
ATTR_NAMED_GRAD block=448 name=b_r_0 grad=7f2ec1a6 grad_elems=2560 param_elems=2560 energy=0x1.4ep-11 finite=1
ATTR_NAMED_GRAD block=448 name=w_kv_0 grad=ab1b67fe grad_elems=2097152 param_elems=2097152 energy=0x1.7ap-11 finite=1
ATTR_NAMED_GRAD block=448 name=w_q_0 grad=99783998 grad_elems=1048576 param_elems=1048576 energy=0x1.5p-16 finite=1
ATTR_NAMED_GRAD block=448 name=ln_g_0 grad=73c6628e grad_elems=1024 param_elems=1024 energy=0x1.d4p-28 finite=1
ATTR_NAMED_GRAD block=448 name=ln_b_0 grad=f4b0afb0 grad_elems=1024 param_elems=1024 energy=0x1.fap-24 finite=1
ATTR_NAMED_GRAD block=448 name=embed grad=c3e7f880 grad_elems=16785408 param_elems=16785408 energy=0x1.a2532p-4 finite=1
ATTR_NAMED_GRAD block=448 name=ln_g_40 grad=6f5d209d grad_elems=1024 param_elems=1024 energy=0x1.bcp-10 finite=1
ATTR_NAMED_GRAD block=448 name=ln_b_40 grad=d6258045 grad_elems=1024 param_elems=1024 energy=0x1.bep-10 finite=1
ATTR_NAMED_GRAD block=448 name=out_bias grad=2c0729dd grad_elems=16392 param_elems=16392 energy=0x1.1p-8 finite=1
ATTR_HEAD arm=1 block=448 weight=6d9af74a bias=49acfa0e
ATTR_STATE arm=1 block=448 step=16 params=c4766bad memory=b3e06dd5
ATTR_NAMED_GRAD block=512 name=embed_out grad=b30f03ca grad_elems=16785408 param_elems=16785408 energy=0x1.54p+1 finite=1
ATTR_NAMED_GRAD block=512 name=ff2_19 grad=bda97393 grad_elems=3145728 param_elems=3145728 energy=0x1.56p-7 finite=1
ATTR_NAMED_GRAD block=512 name=ff1_19 grad=68e23b77 grad_elems=6291456 param_elems=6291456 energy=0x1.76p-8 finite=1
ATTR_NAMED_GRAD block=512 name=ln_g_39 grad=6bff8f62 grad_elems=1024 param_elems=1024 energy=0x1.1ep-19 finite=1
ATTR_NAMED_GRAD block=512 name=ln_b_39 grad=a44582d6 grad_elems=1024 param_elems=1024 energy=0x1.66p-19 finite=1
ATTR_NAMED_GRAD block=512 name=ff_bias1_19 grad=34e3843b grad_elems=6144 param_elems=6144 energy=0x1.aep-18 finite=1
ATTR_NAMED_GRAD block=512 name=ff_bias2_19 grad=73286f65 grad_elems=1024 param_elems=1024 energy=0x1.2p-12 finite=1
ATTR_NAMED_GRAD block=512 name=w_o_19 grad=b4dfcd27 grad_elems=1048576 param_elems=1048576 energy=0x1.7cp-5 finite=1
ATTR_NAMED_GRAD block=512 name=w_r_19 grad=646c5020 grad_elems=327680 param_elems=327680 energy=0x1.68p-28 finite=1
ATTR_NAMED_GRAD block=512 name=w_kv_19 grad=c2516531 grad_elems=2097152 param_elems=2097152 energy=0x1.e2p-6 finite=1
ATTR_NAMED_GRAD block=512 name=w_q_19 grad=5f9cbfc2 grad_elems=1048576 param_elems=1048576 energy=0x1.bcp-16 finite=1
ATTR_NAMED_GRAD block=512 name=ln_g_38 grad=4d1b3396 grad_elems=1024 param_elems=1024 energy=0x1.48p-24 finite=1
ATTR_NAMED_GRAD block=512 name=ln_b_38 grad=531eead4 grad_elems=1024 param_elems=1024 energy=0x1.d6p-24 finite=1
ATTR_NAMED_GRAD block=512 name=ff2_18 grad=7563bf1f grad_elems=3145728 param_elems=3145728 energy=0x1.3ep-7 finite=1
ATTR_NAMED_GRAD block=512 name=ff1_18 grad=cbc53f0e grad_elems=6291456 param_elems=6291456 energy=0x1.78p-8 finite=1
ATTR_NAMED_GRAD block=512 name=ln_g_37 grad=b5b7287c grad_elems=1024 param_elems=1024 energy=0x1.1p-19 finite=1
ATTR_NAMED_GRAD block=512 name=ln_b_37 grad=020feabe grad_elems=1024 param_elems=1024 energy=0x1.8ep-19 finite=1
ATTR_NAMED_GRAD block=512 name=ff_bias1_18 grad=573066cd grad_elems=6144 param_elems=6144 energy=0x1.c6p-18 finite=1
ATTR_NAMED_GRAD block=512 name=ff_bias2_18 grad=324a0c50 grad_elems=1024 param_elems=1024 energy=0x1.12p-12 finite=1
ATTR_NAMED_GRAD block=512 name=w_o_18 grad=7cf80904 grad_elems=1048576 param_elems=1048576 energy=0x1.2p-5 finite=1
ATTR_NAMED_GRAD block=512 name=w_r_18 grad=6a411808 grad_elems=327680 param_elems=327680 energy=0x1.5p-28 finite=1
ATTR_NAMED_GRAD block=512 name=w_kv_18 grad=b73b25dd grad_elems=2097152 param_elems=2097152 energy=0x1.6p-6 finite=1
ATTR_NAMED_GRAD block=512 name=w_q_18 grad=139e3bae grad_elems=1048576 param_elems=1048576 energy=0x1.e4p-15 finite=1
ATTR_NAMED_GRAD block=512 name=ln_g_36 grad=4d45910b grad_elems=1024 param_elems=1024 energy=0x1.16p-24 finite=1
ATTR_NAMED_GRAD block=512 name=ln_b_36 grad=a18a6e57 grad_elems=1024 param_elems=1024 energy=0x1.b6p-24 finite=1
ATTR_NAMED_GRAD block=512 name=ff2_17 grad=dc60b7fa grad_elems=3145728 param_elems=3145728 energy=0x1.2p-7 finite=1
ATTR_NAMED_GRAD block=512 name=ff1_17 grad=584a1816 grad_elems=6291456 param_elems=6291456 energy=0x1.38p-8 finite=1
ATTR_NAMED_GRAD block=512 name=ln_g_35 grad=1fe8639c grad_elems=1024 param_elems=1024 energy=0x1.ap-20 finite=1
ATTR_NAMED_GRAD block=512 name=ln_b_35 grad=3e558409 grad_elems=1024 param_elems=1024 energy=0x1.3p-19 finite=1
ATTR_NAMED_GRAD block=512 name=ff_bias1_17 grad=07fbd636 grad_elems=6144 param_elems=6144 energy=0x1.88p-18 finite=1
ATTR_NAMED_GRAD block=512 name=ff_bias2_17 grad=42982088 grad_elems=1024 param_elems=1024 energy=0x1.02p-12 finite=1
ATTR_NAMED_GRAD block=512 name=w_o_17 grad=6bf76b15 grad_elems=1048576 param_elems=1048576 energy=0x1.78p-6 finite=1
ATTR_NAMED_GRAD block=512 name=w_r_17 grad=e0a0d863 grad_elems=327680 param_elems=327680 energy=0x1.0cp-28 finite=1
ATTR_NAMED_GRAD block=512 name=w_kv_17 grad=5e56c7ac grad_elems=2097152 param_elems=2097152 energy=0x1.26p-6 finite=1
ATTR_NAMED_GRAD block=512 name=w_q_17 grad=85cba1fe grad_elems=1048576 param_elems=1048576 energy=0x1.24p-15 finite=1
ATTR_NAMED_GRAD block=512 name=ln_g_34 grad=06879495 grad_elems=1024 param_elems=1024 energy=0x1.bep-25 finite=1
ATTR_NAMED_GRAD block=512 name=ln_b_34 grad=a9f5ee3a grad_elems=1024 param_elems=1024 energy=0x1.9ep-24 finite=1
ATTR_NAMED_GRAD block=512 name=ff2_16 grad=9b0e80f3 grad_elems=3145728 param_elems=3145728 energy=0x1.8ap-8 finite=1
ATTR_NAMED_GRAD block=512 name=ff1_16 grad=815e7365 grad_elems=6291456 param_elems=6291456 energy=0x1.fcp-9 finite=1
ATTR_NAMED_GRAD block=512 name=ln_g_33 grad=4a336e74 grad_elems=1024 param_elems=1024 energy=0x1.46p-20 finite=1
ATTR_NAMED_GRAD block=512 name=ln_b_33 grad=ed3804f8 grad_elems=1024 param_elems=1024 energy=0x1.c4p-20 finite=1
ATTR_NAMED_GRAD block=512 name=ff_bias1_16 grad=f93dd354 grad_elems=6144 param_elems=6144 energy=0x1.4ep-18 finite=1
ATTR_NAMED_GRAD block=512 name=ff_bias2_16 grad=97152417 grad_elems=1024 param_elems=1024 energy=0x1.e4p-13 finite=1
ATTR_NAMED_GRAD block=512 name=w_o_16 grad=aa758542 grad_elems=1048576 param_elems=1048576 energy=0x1.e4p-7 finite=1
ATTR_NAMED_GRAD block=512 name=w_r_16 grad=1a3482e7 grad_elems=327680 param_elems=327680 energy=0x1.aap-29 finite=1
ATTR_NAMED_GRAD block=512 name=w_kv_16 grad=c60064d8 grad_elems=2097152 param_elems=2097152 energy=0x1.dap-7 finite=1
ATTR_NAMED_GRAD block=512 name=w_q_16 grad=67154a25 grad_elems=1048576 param_elems=1048576 energy=0x1.2ep-15 finite=1
ATTR_NAMED_GRAD block=512 name=ln_g_32 grad=014668b4 grad_elems=1024 param_elems=1024 energy=0x1.5ap-25 finite=1
ATTR_NAMED_GRAD block=512 name=ln_b_32 grad=778bfb0d grad_elems=1024 param_elems=1024 energy=0x1.a6p-24 finite=1
ATTR_NAMED_GRAD block=512 name=ff2_15 grad=a69e349c grad_elems=3145728 param_elems=3145728 energy=0x1.6p-8 finite=1
ATTR_NAMED_GRAD block=512 name=ff1_15 grad=3357a0f7 grad_elems=6291456 param_elems=6291456 energy=0x1.acp-9 finite=1
ATTR_NAMED_GRAD block=512 name=ln_g_31 grad=120d6533 grad_elems=1024 param_elems=1024 energy=0x1.dcp-21 finite=1
ATTR_NAMED_GRAD block=512 name=ln_b_31 grad=4c5165f6 grad_elems=1024 param_elems=1024 energy=0x1.7cp-20 finite=1
ATTR_NAMED_GRAD block=512 name=ff_bias1_15 grad=db4a8493 grad_elems=6144 param_elems=6144 energy=0x1.24p-18 finite=1
ATTR_NAMED_GRAD block=512 name=ff_bias2_15 grad=13efb90d grad_elems=1024 param_elems=1024 energy=0x1.ccp-13 finite=1
ATTR_NAMED_GRAD block=512 name=w_o_15 grad=0789064f grad_elems=1048576 param_elems=1048576 energy=0x1.5ap-7 finite=1
ATTR_NAMED_GRAD block=512 name=w_r_15 grad=3bc5aebb grad_elems=327680 param_elems=327680 energy=0x1.84p-29 finite=1
ATTR_NAMED_GRAD block=512 name=w_kv_15 grad=a92e62ca grad_elems=2097152 param_elems=2097152 energy=0x1.76p-7 finite=1
ATTR_NAMED_GRAD block=512 name=w_q_15 grad=bf593423 grad_elems=1048576 param_elems=1048576 energy=0x1.7ep-16 finite=1
ATTR_NAMED_GRAD block=512 name=ln_g_30 grad=23c766c2 grad_elems=1024 param_elems=1024 energy=0x1.a2p-26 finite=1
ATTR_NAMED_GRAD block=512 name=ln_b_30 grad=b0c79475 grad_elems=1024 param_elems=1024 energy=0x1.e6p-25 finite=1
ATTR_NAMED_GRAD block=512 name=ff2_14 grad=018a8892 grad_elems=3145728 param_elems=3145728 energy=0x1.2ap-8 finite=1
ATTR_NAMED_GRAD block=512 name=ff1_14 grad=928a4232 grad_elems=6291456 param_elems=6291456 energy=0x1.7ep-9 finite=1
ATTR_NAMED_GRAD block=512 name=ln_g_29 grad=76aef912 grad_elems=1024 param_elems=1024 energy=0x1.76p-21 finite=1
ATTR_NAMED_GRAD block=512 name=ln_b_29 grad=eb4ea616 grad_elems=1024 param_elems=1024 energy=0x1.26p-20 finite=1
ATTR_NAMED_GRAD block=512 name=ff_bias1_14 grad=5b07d4bd grad_elems=6144 param_elems=6144 energy=0x1.0cp-18 finite=1
ATTR_NAMED_GRAD block=512 name=ff_bias2_14 grad=a1c0f94b grad_elems=1024 param_elems=1024 energy=0x1.cp-13 finite=1
ATTR_NAMED_GRAD block=512 name=w_o_14 grad=eaf2760d grad_elems=1048576 param_elems=1048576 energy=0x1.ep-8 finite=1
ATTR_NAMED_GRAD block=512 name=w_r_14 grad=b92d7de5 grad_elems=327680 param_elems=327680 energy=0x1.5p-29 finite=1
ATTR_NAMED_GRAD block=512 name=w_kv_14 grad=8deacfa7 grad_elems=2097152 param_elems=2097152 energy=0x1.26p-7 finite=1
ATTR_NAMED_GRAD block=512 name=w_q_14 grad=dba046fa grad_elems=1048576 param_elems=1048576 energy=0x1.fep-17 finite=1
ATTR_NAMED_GRAD block=512 name=ln_g_28 grad=433b1f28 grad_elems=1024 param_elems=1024 energy=0x1.36p-26 finite=1
ATTR_NAMED_GRAD block=512 name=ln_b_28 grad=11baba41 grad_elems=1024 param_elems=1024 energy=0x1.c6p-25 finite=1
ATTR_NAMED_GRAD block=512 name=ff2_13 grad=a91221a1 grad_elems=3145728 param_elems=3145728 energy=0x1.04p-8 finite=1
ATTR_NAMED_GRAD block=512 name=ff1_13 grad=78621c92 grad_elems=6291456 param_elems=6291456 energy=0x1.4ap-9 finite=1
ATTR_NAMED_GRAD block=512 name=ln_g_27 grad=4e3f5e0d grad_elems=1024 param_elems=1024 energy=0x1.6cp-21 finite=1
ATTR_NAMED_GRAD block=512 name=ln_b_27 grad=4ec3d27b grad_elems=1024 param_elems=1024 energy=0x1.c4p-21 finite=1
ATTR_NAMED_GRAD block=512 name=ff_bias1_13 grad=a62ede99 grad_elems=6144 param_elems=6144 energy=0x1.b6p-19 finite=1
ATTR_NAMED_GRAD block=512 name=ff_bias2_13 grad=840cf226 grad_elems=1024 param_elems=1024 energy=0x1.b8p-13 finite=1
ATTR_NAMED_GRAD block=512 name=w_o_13 grad=3b3d0161 grad_elems=1048576 param_elems=1048576 energy=0x1.6cp-8 finite=1
ATTR_NAMED_GRAD block=512 name=w_r_13 grad=84ba2dd2 grad_elems=327680 param_elems=327680 energy=0x1.24p-29 finite=1
ATTR_NAMED_GRAD block=512 name=w_kv_13 grad=33a1ab64 grad_elems=2097152 param_elems=2097152 energy=0x1.ecp-8 finite=1
ATTR_NAMED_GRAD block=512 name=w_q_13 grad=6bb507bd grad_elems=1048576 param_elems=1048576 energy=0x1.9ap-17 finite=1
ATTR_NAMED_GRAD block=512 name=ln_g_26 grad=dd64a8ab grad_elems=1024 param_elems=1024 energy=0x1.b6p-27 finite=1
ATTR_NAMED_GRAD block=512 name=ln_b_26 grad=37a9e77d grad_elems=1024 param_elems=1024 energy=0x1.9p-25 finite=1
ATTR_NAMED_GRAD block=512 name=ff2_12 grad=ac470e72 grad_elems=3145728 param_elems=3145728 energy=0x1.eap-9 finite=1
ATTR_NAMED_GRAD block=512 name=ff1_12 grad=84f59ed9 grad_elems=6291456 param_elems=6291456 energy=0x1.3ap-9 finite=1
ATTR_NAMED_GRAD block=512 name=ln_g_25 grad=00b5a989 grad_elems=1024 param_elems=1024 energy=0x1.9p-21 finite=1
ATTR_NAMED_GRAD block=512 name=ln_b_25 grad=f948cba0 grad_elems=1024 param_elems=1024 energy=0x1.84p-21 finite=1
ATTR_NAMED_GRAD block=512 name=ff_bias1_12 grad=e27a615b grad_elems=6144 param_elems=6144 energy=0x1.ap-19 finite=1
ATTR_NAMED_GRAD block=512 name=ff_bias2_12 grad=c94a6a7f grad_elems=1024 param_elems=1024 energy=0x1.b6p-13 finite=1
ATTR_NAMED_GRAD block=512 name=w_o_12 grad=49e5d67e grad_elems=1048576 param_elems=1048576 energy=0x1.1p-8 finite=1
ATTR_NAMED_GRAD block=512 name=w_r_12 grad=5001ec75 grad_elems=327680 param_elems=327680 energy=0x1.18p-29 finite=1
ATTR_NAMED_GRAD block=512 name=w_kv_12 grad=e7ba3582 grad_elems=2097152 param_elems=2097152 energy=0x1.78p-8 finite=1
ATTR_NAMED_GRAD block=512 name=w_q_12 grad=3110539e grad_elems=1048576 param_elems=1048576 energy=0x1.5ep-17 finite=1
ATTR_NAMED_GRAD block=512 name=ln_g_24 grad=83cc008f grad_elems=1024 param_elems=1024 energy=0x1.72p-27 finite=1
ATTR_NAMED_GRAD block=512 name=ln_b_24 grad=8903bb86 grad_elems=1024 param_elems=1024 energy=0x1.92p-25 finite=1
ATTR_NAMED_GRAD block=512 name=ff2_11 grad=6cd2b95f grad_elems=3145728 param_elems=3145728 energy=0x1.cep-9 finite=1
ATTR_NAMED_GRAD block=512 name=ff1_11 grad=70d44903 grad_elems=6291456 param_elems=6291456 energy=0x1.2ep-9 finite=1
ATTR_NAMED_GRAD block=512 name=ln_g_23 grad=c54ec723 grad_elems=1024 param_elems=1024 energy=0x1.7cp-21 finite=1
ATTR_NAMED_GRAD block=512 name=ln_b_23 grad=7e8ff30c grad_elems=1024 param_elems=1024 energy=0x1.48p-21 finite=1
ATTR_NAMED_GRAD block=512 name=ff_bias1_11 grad=282abfd8 grad_elems=6144 param_elems=6144 energy=0x1.78p-19 finite=1
ATTR_NAMED_GRAD block=512 name=ff_bias2_11 grad=11ac5548 grad_elems=1024 param_elems=1024 energy=0x1.bcp-13 finite=1
ATTR_NAMED_GRAD block=512 name=w_o_11 grad=038e096f grad_elems=1048576 param_elems=1048576 energy=0x1.a2p-9 finite=1
ATTR_NAMED_GRAD block=512 name=w_r_11 grad=9d2fc440 grad_elems=327680 param_elems=327680 energy=0x1.22p-29 finite=1
ATTR_NAMED_GRAD block=512 name=w_kv_11 grad=66eaf4ae grad_elems=2097152 param_elems=2097152 energy=0x1.26p-8 finite=1
ATTR_NAMED_GRAD block=512 name=w_q_11 grad=1c04919b grad_elems=1048576 param_elems=1048576 energy=0x1.4ap-17 finite=1
ATTR_NAMED_GRAD block=512 name=ln_g_22 grad=570105cf grad_elems=1024 param_elems=1024 energy=0x1.3ep-27 finite=1
ATTR_NAMED_GRAD block=512 name=ln_b_22 grad=a9462ff0 grad_elems=1024 param_elems=1024 energy=0x1.86p-25 finite=1
ATTR_NAMED_GRAD block=512 name=ff2_10 grad=ecb36b4a grad_elems=3145728 param_elems=3145728 energy=0x1.cep-9 finite=1
ATTR_NAMED_GRAD block=512 name=ff1_10 grad=c6c43ca1 grad_elems=6291456 param_elems=6291456 energy=0x1.2ap-9 finite=1
ATTR_NAMED_GRAD block=512 name=ln_g_21 grad=e997277d grad_elems=1024 param_elems=1024 energy=0x1.acp-21 finite=1
ATTR_NAMED_GRAD block=512 name=ln_b_21 grad=b336474f grad_elems=1024 param_elems=1024 energy=0x1.4p-21 finite=1
ATTR_NAMED_GRAD block=512 name=ff_bias1_10 grad=20c2206f grad_elems=6144 param_elems=6144 energy=0x1.88p-19 finite=1
ATTR_NAMED_GRAD block=512 name=ff_bias2_10 grad=d781cf25 grad_elems=1024 param_elems=1024 energy=0x1.c6p-13 finite=1
ATTR_NAMED_GRAD block=512 name=w_o_10 grad=fc24c91b grad_elems=1048576 param_elems=1048576 energy=0x1.54p-9 finite=1
ATTR_NAMED_GRAD block=512 name=w_r_10 grad=6585286a grad_elems=327680 param_elems=327680 energy=0x1.24p-29 finite=1
ATTR_NAMED_GRAD block=512 name=w_kv_10 grad=a7b6728e grad_elems=2097152 param_elems=2097152 energy=0x1.dap-9 finite=1
ATTR_NAMED_GRAD block=512 name=w_q_10 grad=bc6e8240 grad_elems=1048576 param_elems=1048576 energy=0x1.46p-17 finite=1
ATTR_NAMED_GRAD block=512 name=ln_g_20 grad=04bcadba grad_elems=1024 param_elems=1024 energy=0x1p-27 finite=1
ATTR_NAMED_GRAD block=512 name=ln_b_20 grad=9e12ad37 grad_elems=1024 param_elems=1024 energy=0x1.8ep-25 finite=1
ATTR_NAMED_GRAD block=512 name=ff2_9 grad=f8989e4f grad_elems=3145728 param_elems=3145728 energy=0x1.ccp-9 finite=1
ATTR_NAMED_GRAD block=512 name=ff1_9 grad=da8faad6 grad_elems=6291456 param_elems=6291456 energy=0x1.2ap-9 finite=1
ATTR_NAMED_GRAD block=512 name=ln_g_19 grad=3da86427 grad_elems=1024 param_elems=1024 energy=0x1.96p-21 finite=1
ATTR_NAMED_GRAD block=512 name=ln_b_19 grad=e09f52dd grad_elems=1024 param_elems=1024 energy=0x1.4p-21 finite=1
ATTR_NAMED_GRAD block=512 name=ff_bias1_9 grad=64246099 grad_elems=6144 param_elems=6144 energy=0x1.6ap-19 finite=1
ATTR_NAMED_GRAD block=512 name=ff_bias2_9 grad=7adfbc68 grad_elems=1024 param_elems=1024 energy=0x1.dp-13 finite=1
ATTR_NAMED_GRAD block=512 name=w_o_9 grad=f643d1d5 grad_elems=1048576 param_elems=1048576 energy=0x1.24p-9 finite=1
ATTR_NAMED_GRAD block=512 name=w_r_9 grad=3ced0af8 grad_elems=327680 param_elems=327680 energy=0x1.2ep-29 finite=1
ATTR_NAMED_GRAD block=512 name=w_kv_9 grad=aecb0db0 grad_elems=2097152 param_elems=2097152 energy=0x1.5ep-9 finite=1
ATTR_NAMED_GRAD block=512 name=w_q_9 grad=5574f3f4 grad_elems=1048576 param_elems=1048576 energy=0x1.48p-17 finite=1
ATTR_NAMED_GRAD block=512 name=ln_g_18 grad=f9a94294 grad_elems=1024 param_elems=1024 energy=0x1.bap-28 finite=1
ATTR_NAMED_GRAD block=512 name=ln_b_18 grad=b3930e42 grad_elems=1024 param_elems=1024 energy=0x1.86p-25 finite=1
ATTR_NAMED_GRAD block=512 name=ff2_8 grad=b1e0f685 grad_elems=3145728 param_elems=3145728 energy=0x1.d8p-9 finite=1
ATTR_NAMED_GRAD block=512 name=ff1_8 grad=81a005cd grad_elems=6291456 param_elems=6291456 energy=0x1.3p-9 finite=1
ATTR_NAMED_GRAD block=512 name=ln_g_17 grad=72ff11d1 grad_elems=1024 param_elems=1024 energy=0x1.bcp-21 finite=1
ATTR_NAMED_GRAD block=512 name=ln_b_17 grad=c2dd1165 grad_elems=1024 param_elems=1024 energy=0x1.42p-21 finite=1
ATTR_NAMED_GRAD block=512 name=ff_bias1_8 grad=be6d956b grad_elems=6144 param_elems=6144 energy=0x1.74p-19 finite=1
ATTR_NAMED_GRAD block=512 name=ff_bias2_8 grad=b5b50c18 grad_elems=1024 param_elems=1024 energy=0x1.d8p-13 finite=1
ATTR_NAMED_GRAD block=512 name=w_o_8 grad=7fb5fb4f grad_elems=1048576 param_elems=1048576 energy=0x1.dp-10 finite=1
ATTR_NAMED_GRAD block=512 name=w_r_8 grad=6792b622 grad_elems=327680 param_elems=327680 energy=0x1.3ap-29 finite=1
ATTR_NAMED_GRAD block=512 name=w_kv_8 grad=943a114d grad_elems=2097152 param_elems=2097152 energy=0x1.22p-9 finite=1
ATTR_NAMED_GRAD block=512 name=w_q_8 grad=8aa04882 grad_elems=1048576 param_elems=1048576 energy=0x1.58p-17 finite=1
ATTR_NAMED_GRAD block=512 name=ln_g_16 grad=73548354 grad_elems=1024 param_elems=1024 energy=0x1.b2p-28 finite=1
ATTR_NAMED_GRAD block=512 name=ln_b_16 grad=ec5ca9d0 grad_elems=1024 param_elems=1024 energy=0x1.9ep-25 finite=1
ATTR_NAMED_GRAD block=512 name=ff2_7 grad=f102e0a8 grad_elems=3145728 param_elems=3145728 energy=0x1.dep-9 finite=1
ATTR_NAMED_GRAD block=512 name=ff1_7 grad=b4926f59 grad_elems=6291456 param_elems=6291456 energy=0x1.34p-9 finite=1
ATTR_NAMED_GRAD block=512 name=ln_g_15 grad=e3834617 grad_elems=1024 param_elems=1024 energy=0x1.f8p-21 finite=1
ATTR_NAMED_GRAD block=512 name=ln_b_15 grad=14610d9e grad_elems=1024 param_elems=1024 energy=0x1.48p-21 finite=1
ATTR_NAMED_GRAD block=512 name=ff_bias1_7 grad=9457ff44 grad_elems=6144 param_elems=6144 energy=0x1.76p-19 finite=1
ATTR_NAMED_GRAD block=512 name=ff_bias2_7 grad=5491ef1c grad_elems=1024 param_elems=1024 energy=0x1.eap-13 finite=1
ATTR_NAMED_GRAD block=512 name=w_o_7 grad=85e35bb9 grad_elems=1048576 param_elems=1048576 energy=0x1.7cp-10 finite=1
ATTR_NAMED_GRAD block=512 name=w_r_7 grad=5d83ed7f grad_elems=327680 param_elems=327680 energy=0x1.46p-29 finite=1
ATTR_NAMED_GRAD block=512 name=w_kv_7 grad=3b803e2e grad_elems=2097152 param_elems=2097152 energy=0x1.e2p-10 finite=1
ATTR_NAMED_GRAD block=512 name=w_q_7 grad=61c65602 grad_elems=1048576 param_elems=1048576 energy=0x1.7ep-17 finite=1
ATTR_NAMED_GRAD block=512 name=ln_g_14 grad=26036c2f grad_elems=1024 param_elems=1024 energy=0x1.8ep-28 finite=1
ATTR_NAMED_GRAD block=512 name=ln_b_14 grad=6b51315d grad_elems=1024 param_elems=1024 energy=0x1.ep-25 finite=1
ATTR_NAMED_GRAD block=512 name=ff2_6 grad=f6f20477 grad_elems=3145728 param_elems=3145728 energy=0x1.eap-9 finite=1
ATTR_NAMED_GRAD block=512 name=ff1_6 grad=0b7ff592 grad_elems=6291456 param_elems=6291456 energy=0x1.3ap-9 finite=1
ATTR_NAMED_GRAD block=512 name=ln_g_13 grad=5d3e2c79 grad_elems=1024 param_elems=1024 energy=0x1.04p-20 finite=1
ATTR_NAMED_GRAD block=512 name=ln_b_13 grad=f00a639f grad_elems=1024 param_elems=1024 energy=0x1.3cp-21 finite=1
ATTR_NAMED_GRAD block=512 name=ff_bias1_6 grad=1e9d1b75 grad_elems=6144 param_elems=6144 energy=0x1.74p-19 finite=1
ATTR_NAMED_GRAD block=512 name=ff_bias2_6 grad=fdc275a6 grad_elems=1024 param_elems=1024 energy=0x1.fcp-13 finite=1
ATTR_NAMED_GRAD block=512 name=w_o_6 grad=926c0564 grad_elems=1048576 param_elems=1048576 energy=0x1.44p-10 finite=1
ATTR_NAMED_GRAD block=512 name=w_r_6 grad=a1a92b33 grad_elems=327680 param_elems=327680 energy=0x1.52p-29 finite=1
ATTR_NAMED_GRAD block=512 name=w_kv_6 grad=af3367cc grad_elems=2097152 param_elems=2097152 energy=0x1.bp-10 finite=1
ATTR_NAMED_GRAD block=512 name=w_q_6 grad=b076b505 grad_elems=1048576 param_elems=1048576 energy=0x1.7ap-17 finite=1
ATTR_NAMED_GRAD block=512 name=ln_g_12 grad=fb54e59d grad_elems=1024 param_elems=1024 energy=0x1.6cp-28 finite=1
ATTR_NAMED_GRAD block=512 name=ln_b_12 grad=baa56a7a grad_elems=1024 param_elems=1024 energy=0x1.fp-25 finite=1
ATTR_NAMED_GRAD block=512 name=ff2_5 grad=c48bbd01 grad_elems=3145728 param_elems=3145728 energy=0x1.ecp-9 finite=1
ATTR_NAMED_GRAD block=512 name=ff1_5 grad=45ef00f8 grad_elems=6291456 param_elems=6291456 energy=0x1.3ap-9 finite=1
ATTR_NAMED_GRAD block=512 name=ln_g_11 grad=72911856 grad_elems=1024 param_elems=1024 energy=0x1.26p-20 finite=1
ATTR_NAMED_GRAD block=512 name=ln_b_11 grad=0dbe51da grad_elems=1024 param_elems=1024 energy=0x1.4ap-21 finite=1
ATTR_NAMED_GRAD block=512 name=ff_bias1_5 grad=aaf867db grad_elems=6144 param_elems=6144 energy=0x1.78p-19 finite=1
ATTR_NAMED_GRAD block=512 name=ff_bias2_5 grad=5bda3fa6 grad_elems=1024 param_elems=1024 energy=0x1.04p-12 finite=1
ATTR_NAMED_GRAD block=512 name=w_o_5 grad=c283b96d grad_elems=1048576 param_elems=1048576 energy=0x1.0ep-10 finite=1
ATTR_NAMED_GRAD block=512 name=w_r_5 grad=0f53d21b grad_elems=327680 param_elems=327680 energy=0x1.62p-29 finite=1
ATTR_NAMED_GRAD block=512 name=w_kv_5 grad=48c7666a grad_elems=2097152 param_elems=2097152 energy=0x1.4ep-10 finite=1
ATTR_NAMED_GRAD block=512 name=w_q_5 grad=8da2fa5b grad_elems=1048576 param_elems=1048576 energy=0x1.aap-17 finite=1
ATTR_NAMED_GRAD block=512 name=ln_g_10 grad=ee326725 grad_elems=1024 param_elems=1024 energy=0x1.48p-28 finite=1
ATTR_NAMED_GRAD block=512 name=ln_b_10 grad=958b22e4 grad_elems=1024 param_elems=1024 energy=0x1.dep-25 finite=1
ATTR_NAMED_GRAD block=512 name=ff2_4 grad=336d4480 grad_elems=3145728 param_elems=3145728 energy=0x1.f6p-9 finite=1
ATTR_NAMED_GRAD block=512 name=ff1_4 grad=7021a8d5 grad_elems=6291456 param_elems=6291456 energy=0x1.44p-9 finite=1
ATTR_NAMED_GRAD block=512 name=ln_g_9 grad=97992109 grad_elems=1024 param_elems=1024 energy=0x1.f6p-21 finite=1
ATTR_NAMED_GRAD block=512 name=ln_b_9 grad=cc4aeba1 grad_elems=1024 param_elems=1024 energy=0x1.5p-21 finite=1
ATTR_NAMED_GRAD block=512 name=ff_bias1_4 grad=f64efd0f grad_elems=6144 param_elems=6144 energy=0x1.84p-19 finite=1
ATTR_NAMED_GRAD block=512 name=ff_bias2_4 grad=d6748006 grad_elems=1024 param_elems=1024 energy=0x1.0cp-12 finite=1
ATTR_NAMED_GRAD block=512 name=w_o_4 grad=bc7a9877 grad_elems=1048576 param_elems=1048576 energy=0x1.b6p-11 finite=1
ATTR_NAMED_GRAD block=512 name=w_r_4 grad=5272407b grad_elems=327680 param_elems=327680 energy=0x1.6ep-29 finite=1
ATTR_NAMED_GRAD block=512 name=w_kv_4 grad=2f4e4328 grad_elems=2097152 param_elems=2097152 energy=0x1.14p-10 finite=1
ATTR_NAMED_GRAD block=512 name=w_q_4 grad=25345557 grad_elems=1048576 param_elems=1048576 energy=0x1.c6p-17 finite=1
ATTR_NAMED_GRAD block=512 name=ln_g_8 grad=d0b32bd2 grad_elems=1024 param_elems=1024 energy=0x1.66p-28 finite=1
ATTR_NAMED_GRAD block=512 name=ln_b_8 grad=bfdcd39b grad_elems=1024 param_elems=1024 energy=0x1.dap-25 finite=1
ATTR_NAMED_GRAD block=512 name=ff2_3 grad=70f186b8 grad_elems=3145728 param_elems=3145728 energy=0x1.0ap-8 finite=1
ATTR_NAMED_GRAD block=512 name=ff1_3 grad=1659ff5e grad_elems=6291456 param_elems=6291456 energy=0x1.4cp-9 finite=1
ATTR_NAMED_GRAD block=512 name=ln_g_7 grad=cf9ea31c grad_elems=1024 param_elems=1024 energy=0x1.ccp-21 finite=1
ATTR_NAMED_GRAD block=512 name=ln_b_7 grad=57566887 grad_elems=1024 param_elems=1024 energy=0x1.6p-21 finite=1
ATTR_NAMED_GRAD block=512 name=ff_bias1_3 grad=7ddd98de grad_elems=6144 param_elems=6144 energy=0x1.8p-19 finite=1
ATTR_NAMED_GRAD block=512 name=ff_bias2_3 grad=d540a06f grad_elems=1024 param_elems=1024 energy=0x1.14p-12 finite=1
ATTR_NAMED_GRAD block=512 name=w_o_3 grad=6d54cf3f grad_elems=1048576 param_elems=1048576 energy=0x1.84p-11 finite=1
ATTR_NAMED_GRAD block=512 name=w_r_3 grad=d4b53bdd grad_elems=327680 param_elems=327680 energy=0x1.7ep-29 finite=1
ATTR_NAMED_GRAD block=512 name=w_kv_3 grad=e3b2f3c2 grad_elems=2097152 param_elems=2097152 energy=0x1.d8p-11 finite=1
ATTR_NAMED_GRAD block=512 name=w_q_3 grad=04f63e85 grad_elems=1048576 param_elems=1048576 energy=0x1.0ep-16 finite=1
ATTR_NAMED_GRAD block=512 name=ln_g_6 grad=b3980e71 grad_elems=1024 param_elems=1024 energy=0x1.8ap-28 finite=1
ATTR_NAMED_GRAD block=512 name=ln_b_6 grad=46bde0f4 grad_elems=1024 param_elems=1024 energy=0x1.24p-24 finite=1
ATTR_NAMED_GRAD block=512 name=ff2_2 grad=98127dc6 grad_elems=3145728 param_elems=3145728 energy=0x1.0cp-8 finite=1
ATTR_NAMED_GRAD block=512 name=ff1_2 grad=21575b33 grad_elems=6291456 param_elems=6291456 energy=0x1.54p-9 finite=1
ATTR_NAMED_GRAD block=512 name=ln_g_5 grad=6a934ea9 grad_elems=1024 param_elems=1024 energy=0x1.0cp-20 finite=1
ATTR_NAMED_GRAD block=512 name=ln_b_5 grad=a2797d94 grad_elems=1024 param_elems=1024 energy=0x1.2cp-21 finite=1
ATTR_NAMED_GRAD block=512 name=ff_bias1_2 grad=f6e97032 grad_elems=6144 param_elems=6144 energy=0x1.76p-19 finite=1
ATTR_NAMED_GRAD block=512 name=ff_bias2_2 grad=60090d23 grad_elems=1024 param_elems=1024 energy=0x1.1cp-12 finite=1
ATTR_NAMED_GRAD block=512 name=w_o_2 grad=52b8b104 grad_elems=1048576 param_elems=1048576 energy=0x1.3ap-11 finite=1
ATTR_NAMED_GRAD block=512 name=w_r_2 grad=07c4a474 grad_elems=327680 param_elems=327680 energy=0x1.88p-29 finite=1
ATTR_NAMED_GRAD block=512 name=w_kv_2 grad=c8aaaece grad_elems=2097152 param_elems=2097152 energy=0x1.88p-11 finite=1
ATTR_NAMED_GRAD block=512 name=w_q_2 grad=5a3549df grad_elems=1048576 param_elems=1048576 energy=0x1.04p-16 finite=1
ATTR_NAMED_GRAD block=512 name=ln_g_4 grad=62482ecf grad_elems=1024 param_elems=1024 energy=0x1.76p-28 finite=1
ATTR_NAMED_GRAD block=512 name=ln_b_4 grad=941b8eb1 grad_elems=1024 param_elems=1024 energy=0x1.24p-24 finite=1
ATTR_NAMED_GRAD block=512 name=ff2_1 grad=f0f76c56 grad_elems=3145728 param_elems=3145728 energy=0x1.18p-8 finite=1
ATTR_NAMED_GRAD block=512 name=ff1_1 grad=4e54ebb0 grad_elems=6291456 param_elems=6291456 energy=0x1.5cp-9 finite=1
ATTR_NAMED_GRAD block=512 name=ln_g_3 grad=3503c6a5 grad_elems=1024 param_elems=1024 energy=0x1.dcp-21 finite=1
ATTR_NAMED_GRAD block=512 name=ln_b_3 grad=0f8958c6 grad_elems=1024 param_elems=1024 energy=0x1.56p-21 finite=1
ATTR_NAMED_GRAD block=512 name=ff_bias1_1 grad=8d404cb2 grad_elems=6144 param_elems=6144 energy=0x1.8ep-19 finite=1
ATTR_NAMED_GRAD block=512 name=ff_bias2_1 grad=8e4d9315 grad_elems=1024 param_elems=1024 energy=0x1.2p-12 finite=1
ATTR_NAMED_GRAD block=512 name=w_o_1 grad=f91934f7 grad_elems=1048576 param_elems=1048576 energy=0x1.1ep-11 finite=1
ATTR_NAMED_GRAD block=512 name=w_r_1 grad=2dae74f7 grad_elems=327680 param_elems=327680 energy=0x1.9ep-29 finite=1
ATTR_NAMED_GRAD block=512 name=w_kv_1 grad=3f670b28 grad_elems=2097152 param_elems=2097152 energy=0x1.4ep-11 finite=1
ATTR_NAMED_GRAD block=512 name=w_q_1 grad=d5a234eb grad_elems=1048576 param_elems=1048576 energy=0x1.2cp-16 finite=1
ATTR_NAMED_GRAD block=512 name=ln_g_2 grad=ac789d69 grad_elems=1024 param_elems=1024 energy=0x1.bp-28 finite=1
ATTR_NAMED_GRAD block=512 name=ln_b_2 grad=c1cdbc4e grad_elems=1024 param_elems=1024 energy=0x1.1ep-24 finite=1
ATTR_NAMED_GRAD block=512 name=ff2_0 grad=8b60ff86 grad_elems=3145728 param_elems=3145728 energy=0x1.18p-8 finite=1
ATTR_NAMED_GRAD block=512 name=ff1_0 grad=b4a6ac59 grad_elems=6291456 param_elems=6291456 energy=0x1.64p-9 finite=1
ATTR_NAMED_GRAD block=512 name=ln_g_1 grad=a7e5f96b grad_elems=1024 param_elems=1024 energy=0x1.d8p-21 finite=1
ATTR_NAMED_GRAD block=512 name=ln_b_1 grad=71d22c15 grad_elems=1024 param_elems=1024 energy=0x1.5ap-21 finite=1
ATTR_NAMED_GRAD block=512 name=ff_bias1_0 grad=2b739c0b grad_elems=6144 param_elems=6144 energy=0x1.8ep-19 finite=1
ATTR_NAMED_GRAD block=512 name=ff_bias2_0 grad=42fadc0e grad_elems=1024 param_elems=1024 energy=0x1.2p-12 finite=1
ATTR_NAMED_GRAD block=512 name=w_o_0 grad=7a75c9e9 grad_elems=1048576 param_elems=1048576 energy=0x1.e6p-12 finite=1
ATTR_NAMED_GRAD block=512 name=w_r_0 grad=05953353 grad_elems=327680 param_elems=327680 energy=0x1.acp-29 finite=1
ATTR_NAMED_GRAD block=512 name=b_r_0 grad=a0291f58 grad_elems=2560 param_elems=2560 energy=0x1.82p-12 finite=1
ATTR_NAMED_GRAD block=512 name=w_kv_0 grad=27b948dc grad_elems=2097152 param_elems=2097152 energy=0x1.2p-11 finite=1
ATTR_NAMED_GRAD block=512 name=w_q_0 grad=848450bb grad_elems=1048576 param_elems=1048576 energy=0x1.5cp-16 finite=1
ATTR_NAMED_GRAD block=512 name=ln_g_0 grad=92b17a0c grad_elems=1024 param_elems=1024 energy=0x1.cp-28 finite=1
ATTR_NAMED_GRAD block=512 name=ln_b_0 grad=9d8a0582 grad_elems=1024 param_elems=1024 energy=0x1.34p-24 finite=1
ATTR_NAMED_GRAD block=512 name=embed grad=7f93e3b8 grad_elems=16785408 param_elems=16785408 energy=0x1.74a57cp-4 finite=1
ATTR_NAMED_GRAD block=512 name=ln_g_40 grad=befe09ef grad_elems=1024 param_elems=1024 energy=0x1.42p-10 finite=1
ATTR_NAMED_GRAD block=512 name=ln_b_40 grad=080543a5 grad_elems=1024 param_elems=1024 energy=0x1.46p-10 finite=1
ATTR_NAMED_GRAD block=512 name=out_bias grad=60bfcc92 grad_elems=16392 param_elems=16392 energy=0x1.98p-9 finite=1
ATTR_HEAD arm=1 block=512 weight=16b57b28 bias=f85b4ff2
ATTR_STATE arm=1 block=512 step=18 params=f6159845 memory=80078a25
ATTR_NAMED_GRAD block=576 name=embed_out grad=4415d755 grad_elems=16785408 param_elems=16785408 energy=0x1.5ap+0 finite=1
ATTR_NAMED_GRAD block=576 name=ff2_19 grad=09d3e862 grad_elems=3145728 param_elems=3145728 energy=0x1.4ap-8 finite=1
ATTR_NAMED_GRAD block=576 name=ff1_19 grad=ac31158c grad_elems=6291456 param_elems=6291456 energy=0x1.6ap-9 finite=1
ATTR_NAMED_GRAD block=576 name=ln_g_39 grad=81d72a58 grad_elems=1024 param_elems=1024 energy=0x1.68p-21 finite=1
ATTR_NAMED_GRAD block=576 name=ln_b_39 grad=f77ea868 grad_elems=1024 param_elems=1024 energy=0x1.5cp-21 finite=1
ATTR_NAMED_GRAD block=576 name=ff_bias1_19 grad=c2a1effd grad_elems=6144 param_elems=6144 energy=0x1.7cp-19 finite=1
ATTR_NAMED_GRAD block=576 name=ff_bias2_19 grad=edfe46b5 grad_elems=1024 param_elems=1024 energy=0x1.b8p-14 finite=1
ATTR_NAMED_GRAD block=576 name=w_o_19 grad=462385c9 grad_elems=1048576 param_elems=1048576 energy=0x1.86p-6 finite=1
ATTR_NAMED_GRAD block=576 name=w_r_19 grad=80d597a5 grad_elems=327680 param_elems=327680 energy=0x1.14p-28 finite=1
ATTR_NAMED_GRAD block=576 name=w_kv_19 grad=2a7bed67 grad_elems=2097152 param_elems=2097152 energy=0x1p-6 finite=1
ATTR_NAMED_GRAD block=576 name=w_q_19 grad=b5a00d7b grad_elems=1048576 param_elems=1048576 energy=0x1.9ap-16 finite=1
ATTR_NAMED_GRAD block=576 name=ln_g_38 grad=310f7f3a grad_elems=1024 param_elems=1024 energy=0x1.52p-25 finite=1
ATTR_NAMED_GRAD block=576 name=ln_b_38 grad=a7c5d760 grad_elems=1024 param_elems=1024 energy=0x1.cap-25 finite=1
ATTR_NAMED_GRAD block=576 name=ff2_18 grad=489805d7 grad_elems=3145728 param_elems=3145728 energy=0x1.28p-8 finite=1
ATTR_NAMED_GRAD block=576 name=ff1_18 grad=28755d90 grad_elems=6291456 param_elems=6291456 energy=0x1.74p-9 finite=1
ATTR_NAMED_GRAD block=576 name=ln_g_37 grad=a2b1f450 grad_elems=1024 param_elems=1024 energy=0x1.72p-21 finite=1
ATTR_NAMED_GRAD block=576 name=ln_b_37 grad=4fd1a069 grad_elems=1024 param_elems=1024 energy=0x1.72p-21 finite=1
ATTR_NAMED_GRAD block=576 name=ff_bias1_18 grad=2d3e2e1a grad_elems=6144 param_elems=6144 energy=0x1.96p-19 finite=1
ATTR_NAMED_GRAD block=576 name=ff_bias2_18 grad=db10c2a2 grad_elems=1024 param_elems=1024 energy=0x1.bap-14 finite=1
ATTR_NAMED_GRAD block=576 name=w_o_18 grad=0ed6989a grad_elems=1048576 param_elems=1048576 energy=0x1.3ap-6 finite=1
ATTR_NAMED_GRAD block=576 name=w_r_18 grad=14c94f59 grad_elems=327680 param_elems=327680 energy=0x1.26p-28 finite=1
ATTR_NAMED_GRAD block=576 name=w_kv_18 grad=96b13830 grad_elems=2097152 param_elems=2097152 energy=0x1.d8p-7 finite=1
ATTR_NAMED_GRAD block=576 name=w_q_18 grad=e6316d10 grad_elems=1048576 param_elems=1048576 energy=0x1.7ep-15 finite=1
ATTR_NAMED_GRAD block=576 name=ln_g_36 grad=5ea41595 grad_elems=1024 param_elems=1024 energy=0x1p-24 finite=1
ATTR_NAMED_GRAD block=576 name=ln_b_36 grad=315b201c grad_elems=1024 param_elems=1024 energy=0x1.4ap-24 finite=1
ATTR_NAMED_GRAD block=576 name=ff2_17 grad=16d2e82c grad_elems=3145728 param_elems=3145728 energy=0x1.2ep-8 finite=1
ATTR_NAMED_GRAD block=576 name=ff1_17 grad=e635107c grad_elems=6291456 param_elems=6291456 energy=0x1.6ep-9 finite=1
ATTR_NAMED_GRAD block=576 name=ln_g_35 grad=cd4572dd grad_elems=1024 param_elems=1024 energy=0x1.4ap-21 finite=1
ATTR_NAMED_GRAD block=576 name=ln_b_35 grad=c7a6c1f1 grad_elems=1024 param_elems=1024 energy=0x1.6ep-21 finite=1
ATTR_NAMED_GRAD block=576 name=ff_bias1_17 grad=c5e3e844 grad_elems=6144 param_elems=6144 energy=0x1.9ap-19 finite=1
ATTR_NAMED_GRAD block=576 name=ff_bias2_17 grad=6ab2432b grad_elems=1024 param_elems=1024 energy=0x1.bap-14 finite=1
ATTR_NAMED_GRAD block=576 name=w_o_17 grad=50df7d23 grad_elems=1048576 param_elems=1048576 energy=0x1.96p-7 finite=1
ATTR_NAMED_GRAD block=576 name=w_r_17 grad=8d540d93 grad_elems=327680 param_elems=327680 energy=0x1.9ap-28 finite=1
ATTR_NAMED_GRAD block=576 name=w_kv_17 grad=a6072bcb grad_elems=2097152 param_elems=2097152 energy=0x1.76p-7 finite=1
ATTR_NAMED_GRAD block=576 name=w_q_17 grad=769add0d grad_elems=1048576 param_elems=1048576 energy=0x1.54p-15 finite=1
ATTR_NAMED_GRAD block=576 name=ln_g_34 grad=062860e0 grad_elems=1024 param_elems=1024 energy=0x1.6ap-25 finite=1
ATTR_NAMED_GRAD block=576 name=ln_b_34 grad=88529f8b grad_elems=1024 param_elems=1024 energy=0x1.0cp-24 finite=1
ATTR_NAMED_GRAD block=576 name=ff2_16 grad=28a9c18d grad_elems=3145728 param_elems=3145728 energy=0x1.16p-8 finite=1
ATTR_NAMED_GRAD block=576 name=ff1_16 grad=0453108b grad_elems=6291456 param_elems=6291456 energy=0x1.5ap-9 finite=1
ATTR_NAMED_GRAD block=576 name=ln_g_33 grad=35292fe3 grad_elems=1024 param_elems=1024 energy=0x1.2ap-21 finite=1
ATTR_NAMED_GRAD block=576 name=ln_b_33 grad=85830961 grad_elems=1024 param_elems=1024 energy=0x1.68p-21 finite=1
ATTR_NAMED_GRAD block=576 name=ff_bias1_16 grad=a51dc2be grad_elems=6144 param_elems=6144 energy=0x1.84p-19 finite=1
ATTR_NAMED_GRAD block=576 name=ff_bias2_16 grad=66cfe43b grad_elems=1024 param_elems=1024 energy=0x1.bep-14 finite=1
ATTR_NAMED_GRAD block=576 name=w_o_16 grad=47c7c15f grad_elems=1048576 param_elems=1048576 energy=0x1.1ap-7 finite=1
ATTR_NAMED_GRAD block=576 name=w_r_16 grad=0930c024 grad_elems=327680 param_elems=327680 energy=0x1.a8p-29 finite=1
ATTR_NAMED_GRAD block=576 name=w_kv_16 grad=591c52ed grad_elems=2097152 param_elems=2097152 energy=0x1.46p-7 finite=1
ATTR_NAMED_GRAD block=576 name=w_q_16 grad=875a811f grad_elems=1048576 param_elems=1048576 energy=0x1.d4p-16 finite=1
ATTR_NAMED_GRAD block=576 name=ln_g_32 grad=90def45d grad_elems=1024 param_elems=1024 energy=0x1.cep-26 finite=1
ATTR_NAMED_GRAD block=576 name=ln_b_32 grad=8afa7c81 grad_elems=1024 param_elems=1024 energy=0x1.c6p-25 finite=1
ATTR_NAMED_GRAD block=576 name=ff2_15 grad=7660be95 grad_elems=3145728 param_elems=3145728 energy=0x1.0cp-8 finite=1
ATTR_NAMED_GRAD block=576 name=ff1_15 grad=459a58fc grad_elems=6291456 param_elems=6291456 energy=0x1.4ep-9 finite=1
ATTR_NAMED_GRAD block=576 name=ln_g_31 grad=3407f58d grad_elems=1024 param_elems=1024 energy=0x1.34p-21 finite=1
ATTR_NAMED_GRAD block=576 name=ln_b_31 grad=30584926 grad_elems=1024 param_elems=1024 energy=0x1.56p-21 finite=1
ATTR_NAMED_GRAD block=576 name=ff_bias1_15 grad=ebf5c8b1 grad_elems=6144 param_elems=6144 energy=0x1.78p-19 finite=1
ATTR_NAMED_GRAD block=576 name=ff_bias2_15 grad=7caab012 grad_elems=1024 param_elems=1024 energy=0x1.cp-14 finite=1
ATTR_NAMED_GRAD block=576 name=w_o_15 grad=7922303a grad_elems=1048576 param_elems=1048576 energy=0x1.a8p-8 finite=1
ATTR_NAMED_GRAD block=576 name=w_r_15 grad=2b3c1cd7 grad_elems=327680 param_elems=327680 energy=0x1.18p-28 finite=1
ATTR_NAMED_GRAD block=576 name=w_kv_15 grad=8392a457 grad_elems=2097152 param_elems=2097152 energy=0x1.e4p-8 finite=1
ATTR_NAMED_GRAD block=576 name=w_q_15 grad=dd7e1788 grad_elems=1048576 param_elems=1048576 energy=0x1.8cp-16 finite=1
ATTR_NAMED_GRAD block=576 name=ln_g_30 grad=eced0fbf grad_elems=1024 param_elems=1024 energy=0x1.b4p-26 finite=1
ATTR_NAMED_GRAD block=576 name=ln_b_30 grad=b8c8f701 grad_elems=1024 param_elems=1024 energy=0x1.c8p-25 finite=1
ATTR_NAMED_GRAD block=576 name=ff2_14 grad=24437556 grad_elems=3145728 param_elems=3145728 energy=0x1.fcp-9 finite=1
ATTR_NAMED_GRAD block=576 name=ff1_14 grad=775392b2 grad_elems=6291456 param_elems=6291456 energy=0x1.4p-9 finite=1
ATTR_NAMED_GRAD block=576 name=ln_g_29 grad=01c3d91a grad_elems=1024 param_elems=1024 energy=0x1.6ap-21 finite=1
ATTR_NAMED_GRAD block=576 name=ln_b_29 grad=25e6e420 grad_elems=1024 param_elems=1024 energy=0x1.4p-21 finite=1
ATTR_NAMED_GRAD block=576 name=ff_bias1_14 grad=e027320f grad_elems=6144 param_elems=6144 energy=0x1.62p-19 finite=1
ATTR_NAMED_GRAD block=576 name=ff_bias2_14 grad=70208afb grad_elems=1024 param_elems=1024 energy=0x1.d2p-14 finite=1
ATTR_NAMED_GRAD block=576 name=w_o_14 grad=81d3f4c8 grad_elems=1048576 param_elems=1048576 energy=0x1.4p-8 finite=1
ATTR_NAMED_GRAD block=576 name=w_r_14 grad=0440e38e grad_elems=327680 param_elems=327680 energy=0x1.5ap-29 finite=1
ATTR_NAMED_GRAD block=576 name=w_kv_14 grad=22c51f1f grad_elems=2097152 param_elems=2097152 energy=0x1.c4p-8 finite=1
ATTR_NAMED_GRAD block=576 name=w_q_14 grad=35ade2a8 grad_elems=1048576 param_elems=1048576 energy=0x1.34p-16 finite=1
ATTR_NAMED_GRAD block=576 name=ln_g_28 grad=dd6d6b6b grad_elems=1024 param_elems=1024 energy=0x1.3ep-26 finite=1
ATTR_NAMED_GRAD block=576 name=ln_b_28 grad=e945ad88 grad_elems=1024 param_elems=1024 energy=0x1.dep-25 finite=1
ATTR_NAMED_GRAD block=576 name=ff2_13 grad=e7e122b1 grad_elems=3145728 param_elems=3145728 energy=0x1.f6p-9 finite=1
ATTR_NAMED_GRAD block=576 name=ff1_13 grad=d4f937c2 grad_elems=6291456 param_elems=6291456 energy=0x1.42p-9 finite=1
ATTR_NAMED_GRAD block=576 name=ln_g_27 grad=33b28f99 grad_elems=1024 param_elems=1024 energy=0x1.6cp-21 finite=1
ATTR_NAMED_GRAD block=576 name=ln_b_27 grad=29170fab grad_elems=1024 param_elems=1024 energy=0x1.3p-21 finite=1
ATTR_NAMED_GRAD block=576 name=ff_bias1_13 grad=7b6deccd grad_elems=6144 param_elems=6144 energy=0x1.68p-19 finite=1
ATTR_NAMED_GRAD block=576 name=ff_bias2_13 grad=4dc58505 grad_elems=1024 param_elems=1024 energy=0x1.e2p-14 finite=1
ATTR_NAMED_GRAD block=576 name=w_o_13 grad=c42d8631 grad_elems=1048576 param_elems=1048576 energy=0x1.fcp-9 finite=1
ATTR_NAMED_GRAD block=576 name=w_r_13 grad=b48eaac0 grad_elems=327680 param_elems=327680 energy=0x1.26p-29 finite=1
ATTR_NAMED_GRAD block=576 name=w_kv_13 grad=f08b3347 grad_elems=2097152 param_elems=2097152 energy=0x1.52p-8 finite=1
ATTR_NAMED_GRAD block=576 name=w_q_13 grad=42b93020 grad_elems=1048576 param_elems=1048576 energy=0x1.7ep-17 finite=1
ATTR_NAMED_GRAD block=576 name=ln_g_26 grad=3e09c048 grad_elems=1024 param_elems=1024 energy=0x1.7ap-27 finite=1
ATTR_NAMED_GRAD block=576 name=ln_b_26 grad=75bed4fa grad_elems=1024 param_elems=1024 energy=0x1.4cp-25 finite=1
ATTR_NAMED_GRAD block=576 name=ff2_12 grad=e4830627 grad_elems=3145728 param_elems=3145728 energy=0x1.02p-8 finite=1
ATTR_NAMED_GRAD block=576 name=ff1_12 grad=e1a2966b grad_elems=6291456 param_elems=6291456 energy=0x1.42p-9 finite=1
ATTR_NAMED_GRAD block=576 name=ln_g_25 grad=41f8b14e grad_elems=1024 param_elems=1024 energy=0x1.c4p-21 finite=1
ATTR_NAMED_GRAD block=576 name=ln_b_25 grad=8a8d0d69 grad_elems=1024 param_elems=1024 energy=0x1.38p-21 finite=1
ATTR_NAMED_GRAD block=576 name=ff_bias1_12 grad=e8cc31f7 grad_elems=6144 param_elems=6144 energy=0x1.6p-19 finite=1
ATTR_NAMED_GRAD block=576 name=ff_bias2_12 grad=d16a2063 grad_elems=1024 param_elems=1024 energy=0x1.f4p-14 finite=1
ATTR_NAMED_GRAD block=576 name=w_o_12 grad=4151ff0d grad_elems=1048576 param_elems=1048576 energy=0x1.9ep-9 finite=1
ATTR_NAMED_GRAD block=576 name=w_r_12 grad=bbfaa73d grad_elems=327680 param_elems=327680 energy=0x1.1ep-29 finite=1
ATTR_NAMED_GRAD block=576 name=w_kv_12 grad=8ba1cfce grad_elems=2097152 param_elems=2097152 energy=0x1.14p-8 finite=1
ATTR_NAMED_GRAD block=576 name=w_q_12 grad=5a4e5b2f grad_elems=1048576 param_elems=1048576 energy=0x1.3cp-17 finite=1
ATTR_NAMED_GRAD block=576 name=ln_g_24 grad=35a5b391 grad_elems=1024 param_elems=1024 energy=0x1.24p-27 finite=1
ATTR_NAMED_GRAD block=576 name=ln_b_24 grad=51836cd8 grad_elems=1024 param_elems=1024 energy=0x1.38p-25 finite=1
ATTR_NAMED_GRAD block=576 name=ff2_11 grad=aa18f302 grad_elems=3145728 param_elems=3145728 energy=0x1.02p-8 finite=1
ATTR_NAMED_GRAD block=576 name=ff1_11 grad=5a634217 grad_elems=6291456 param_elems=6291456 energy=0x1.4p-9 finite=1
ATTR_NAMED_GRAD block=576 name=ln_g_23 grad=00da65e7 grad_elems=1024 param_elems=1024 energy=0x1.ep-21 finite=1
ATTR_NAMED_GRAD block=576 name=ln_b_23 grad=18ebb9f8 grad_elems=1024 param_elems=1024 energy=0x1.3ep-21 finite=1
ATTR_NAMED_GRAD block=576 name=ff_bias1_11 grad=4ea6df02 grad_elems=6144 param_elems=6144 energy=0x1.66p-19 finite=1
ATTR_NAMED_GRAD block=576 name=ff_bias2_11 grad=25f9779a grad_elems=1024 param_elems=1024 energy=0x1.02p-13 finite=1
ATTR_NAMED_GRAD block=576 name=w_o_11 grad=cc68a9e0 grad_elems=1048576 param_elems=1048576 energy=0x1.4ep-9 finite=1
ATTR_NAMED_GRAD block=576 name=w_r_11 grad=bd3a1284 grad_elems=327680 param_elems=327680 energy=0x1.2cp-29 finite=1
ATTR_NAMED_GRAD block=576 name=w_kv_11 grad=b231ed69 grad_elems=2097152 param_elems=2097152 energy=0x1.cp-9 finite=1
ATTR_NAMED_GRAD block=576 name=w_q_11 grad=74a585d7 grad_elems=1048576 param_elems=1048576 energy=0x1.34p-17 finite=1
ATTR_NAMED_GRAD block=576 name=ln_g_22 grad=48bad3e4 grad_elems=1024 param_elems=1024 energy=0x1.bap-28 finite=1
ATTR_NAMED_GRAD block=576 name=ln_b_22 grad=1efce278 grad_elems=1024 param_elems=1024 energy=0x1.1ap-25 finite=1
ATTR_NAMED_GRAD block=576 name=ff2_10 grad=c9709240 grad_elems=3145728 param_elems=3145728 energy=0x1.02p-8 finite=1
ATTR_NAMED_GRAD block=576 name=ff1_10 grad=6378ca03 grad_elems=6291456 param_elems=6291456 energy=0x1.48p-9 finite=1
ATTR_NAMED_GRAD block=576 name=ln_g_21 grad=b3e18e34 grad_elems=1024 param_elems=1024 energy=0x1.e2p-21 finite=1
ATTR_NAMED_GRAD block=576 name=ln_b_21 grad=e26d466a grad_elems=1024 param_elems=1024 energy=0x1.52p-21 finite=1
ATTR_NAMED_GRAD block=576 name=ff_bias1_10 grad=48f77287 grad_elems=6144 param_elems=6144 energy=0x1.72p-19 finite=1
ATTR_NAMED_GRAD block=576 name=ff_bias2_10 grad=f02727cc grad_elems=1024 param_elems=1024 energy=0x1.0ap-13 finite=1
ATTR_NAMED_GRAD block=576 name=w_o_10 grad=0ebb657e grad_elems=1048576 param_elems=1048576 energy=0x1.14p-9 finite=1
ATTR_NAMED_GRAD block=576 name=w_r_10 grad=6df0d5d8 grad_elems=327680 param_elems=327680 energy=0x1.2ep-29 finite=1
ATTR_NAMED_GRAD block=576 name=w_kv_10 grad=5162a480 grad_elems=2097152 param_elems=2097152 energy=0x1.68p-9 finite=1
ATTR_NAMED_GRAD block=576 name=w_q_10 grad=2ad08d8b grad_elems=1048576 param_elems=1048576 energy=0x1.34p-17 finite=1
ATTR_NAMED_GRAD block=576 name=ln_g_20 grad=477dad28 grad_elems=1024 param_elems=1024 energy=0x1.8cp-28 finite=1
ATTR_NAMED_GRAD block=576 name=ln_b_20 grad=2a4ceb8b grad_elems=1024 param_elems=1024 energy=0x1.28p-25 finite=1
ATTR_NAMED_GRAD block=576 name=ff2_9 grad=66e91833 grad_elems=3145728 param_elems=3145728 energy=0x1.04p-8 finite=1
ATTR_NAMED_GRAD block=576 name=ff1_9 grad=d662cfb8 grad_elems=6291456 param_elems=6291456 energy=0x1.4cp-9 finite=1
ATTR_NAMED_GRAD block=576 name=ln_g_19 grad=59d6a69b grad_elems=1024 param_elems=1024 energy=0x1.0cp-20 finite=1
ATTR_NAMED_GRAD block=576 name=ln_b_19 grad=98ac0ac5 grad_elems=1024 param_elems=1024 energy=0x1.3ap-21 finite=1
ATTR_NAMED_GRAD block=576 name=ff_bias1_9 grad=00098dc7 grad_elems=6144 param_elems=6144 energy=0x1.6ap-19 finite=1
ATTR_NAMED_GRAD block=576 name=ff_bias2_9 grad=f3189d8b grad_elems=1024 param_elems=1024 energy=0x1.1p-13 finite=1
ATTR_NAMED_GRAD block=576 name=w_o_9 grad=33708cb6 grad_elems=1048576 param_elems=1048576 energy=0x1.ep-10 finite=1
ATTR_NAMED_GRAD block=576 name=w_r_9 grad=33d7952c grad_elems=327680 param_elems=327680 energy=0x1.38p-29 finite=1
ATTR_NAMED_GRAD block=576 name=w_kv_9 grad=4c2a1d3c grad_elems=2097152 param_elems=2097152 energy=0x1.2ep-9 finite=1
ATTR_NAMED_GRAD block=576 name=w_q_9 grad=839db0b0 grad_elems=1048576 param_elems=1048576 energy=0x1.5p-17 finite=1
ATTR_NAMED_GRAD block=576 name=ln_g_18 grad=826c6081 grad_elems=1024 param_elems=1024 energy=0x1.9ap-28 finite=1
ATTR_NAMED_GRAD block=576 name=ln_b_18 grad=f1eddb07 grad_elems=1024 param_elems=1024 energy=0x1.4ap-25 finite=1
ATTR_NAMED_GRAD block=576 name=ff2_8 grad=bca82851 grad_elems=3145728 param_elems=3145728 energy=0x1.0ap-8 finite=1
ATTR_NAMED_GRAD block=576 name=ff1_8 grad=5da26b1d grad_elems=6291456 param_elems=6291456 energy=0x1.4ep-9 finite=1
ATTR_NAMED_GRAD block=576 name=ln_g_17 grad=96e57e12 grad_elems=1024 param_elems=1024 energy=0x1.12p-20 finite=1
ATTR_NAMED_GRAD block=576 name=ln_b_17 grad=65852341 grad_elems=1024 param_elems=1024 energy=0x1.44p-21 finite=1
ATTR_NAMED_GRAD block=576 name=ff_bias1_8 grad=d6e74d70 grad_elems=6144 param_elems=6144 energy=0x1.7ap-19 finite=1
ATTR_NAMED_GRAD block=576 name=ff_bias2_8 grad=7488d33d grad_elems=1024 param_elems=1024 energy=0x1.1cp-13 finite=1
ATTR_NAMED_GRAD block=576 name=w_o_8 grad=c74e4e36 grad_elems=1048576 param_elems=1048576 energy=0x1.8ap-10 finite=1
ATTR_NAMED_GRAD block=576 name=w_r_8 grad=0f6c3843 grad_elems=327680 param_elems=327680 energy=0x1.44p-29 finite=1
ATTR_NAMED_GRAD block=576 name=w_kv_8 grad=791acce6 grad_elems=2097152 param_elems=2097152 energy=0x1.eap-10 finite=1
ATTR_NAMED_GRAD block=576 name=w_q_8 grad=24e2cfe9 grad_elems=1048576 param_elems=1048576 energy=0x1.52p-17 finite=1
ATTR_NAMED_GRAD block=576 name=ln_g_16 grad=9dcb87d5 grad_elems=1024 param_elems=1024 energy=0x1.5ap-28 finite=1
ATTR_NAMED_GRAD block=576 name=ln_b_16 grad=18cd703a grad_elems=1024 param_elems=1024 energy=0x1.4cp-25 finite=1
ATTR_NAMED_GRAD block=576 name=ff2_7 grad=85327618 grad_elems=3145728 param_elems=3145728 energy=0x1.14p-8 finite=1
ATTR_NAMED_GRAD block=576 name=ff1_7 grad=cfceed72 grad_elems=6291456 param_elems=6291456 energy=0x1.58p-9 finite=1
ATTR_NAMED_GRAD block=576 name=ln_g_15 grad=6b28c186 grad_elems=1024 param_elems=1024 energy=0x1.1ep-20 finite=1
ATTR_NAMED_GRAD block=576 name=ln_b_15 grad=37791941 grad_elems=1024 param_elems=1024 energy=0x1.2ep-21 finite=1
ATTR_NAMED_GRAD block=576 name=ff_bias1_7 grad=61ee9e0a grad_elems=6144 param_elems=6144 energy=0x1.64p-19 finite=1
ATTR_NAMED_GRAD block=576 name=ff_bias2_7 grad=7aba8d43 grad_elems=1024 param_elems=1024 energy=0x1.28p-13 finite=1
ATTR_NAMED_GRAD block=576 name=w_o_7 grad=d39e2a22 grad_elems=1048576 param_elems=1048576 energy=0x1.42p-10 finite=1
ATTR_NAMED_GRAD block=576 name=w_r_7 grad=029c60b8 grad_elems=327680 param_elems=327680 energy=0x1.52p-29 finite=1
ATTR_NAMED_GRAD block=576 name=w_kv_7 grad=f051b724 grad_elems=2097152 param_elems=2097152 energy=0x1.94p-10 finite=1
ATTR_NAMED_GRAD block=576 name=w_q_7 grad=9245314b grad_elems=1048576 param_elems=1048576 energy=0x1.7ap-17 finite=1
ATTR_NAMED_GRAD block=576 name=ln_g_14 grad=57b7caf4 grad_elems=1024 param_elems=1024 energy=0x1.4p-28 finite=1
ATTR_NAMED_GRAD block=576 name=ln_b_14 grad=aad6b483 grad_elems=1024 param_elems=1024 energy=0x1.44p-25 finite=1
ATTR_NAMED_GRAD block=576 name=ff2_6 grad=d31533aa grad_elems=3145728 param_elems=3145728 energy=0x1.18p-8 finite=1
ATTR_NAMED_GRAD block=576 name=ff1_6 grad=80bacb4d grad_elems=6291456 param_elems=6291456 energy=0x1.5ap-9 finite=1
ATTR_NAMED_GRAD block=576 name=ln_g_13 grad=8b249d27 grad_elems=1024 param_elems=1024 energy=0x1.22p-20 finite=1
ATTR_NAMED_GRAD block=576 name=ln_b_13 grad=b97e5cba grad_elems=1024 param_elems=1024 energy=0x1.4p-21 finite=1
ATTR_NAMED_GRAD block=576 name=ff_bias1_6 grad=673bc93f grad_elems=6144 param_elems=6144 energy=0x1.6ep-19 finite=1
ATTR_NAMED_GRAD block=576 name=ff_bias2_6 grad=5f6f69b5 grad_elems=1024 param_elems=1024 energy=0x1.32p-13 finite=1
ATTR_NAMED_GRAD block=576 name=w_o_6 grad=6a59aaa9 grad_elems=1048576 param_elems=1048576 energy=0x1.0ap-10 finite=1
ATTR_NAMED_GRAD block=576 name=w_r_6 grad=7ca95dad grad_elems=327680 param_elems=327680 energy=0x1.6p-29 finite=1
ATTR_NAMED_GRAD block=576 name=w_kv_6 grad=6e2c771a grad_elems=2097152 param_elems=2097152 energy=0x1.34p-10 finite=1
ATTR_NAMED_GRAD block=576 name=w_q_6 grad=65d2b0f2 grad_elems=1048576 param_elems=1048576 energy=0x1.74p-17 finite=1
ATTR_NAMED_GRAD block=576 name=ln_g_12 grad=b6ef6d6e grad_elems=1024 param_elems=1024 energy=0x1.32p-28 finite=1
ATTR_NAMED_GRAD block=576 name=ln_b_12 grad=6db01663 grad_elems=1024 param_elems=1024 energy=0x1.2ep-25 finite=1
ATTR_NAMED_GRAD block=576 name=ff2_5 grad=542a6c3b grad_elems=3145728 param_elems=3145728 energy=0x1.1ep-8 finite=1
ATTR_NAMED_GRAD block=576 name=ff1_5 grad=7d1b2bdd grad_elems=6291456 param_elems=6291456 energy=0x1.62p-9 finite=1
ATTR_NAMED_GRAD block=576 name=ln_g_11 grad=e153e02a grad_elems=1024 param_elems=1024 energy=0x1.0ep-20 finite=1
ATTR_NAMED_GRAD block=576 name=ln_b_11 grad=d20f0443 grad_elems=1024 param_elems=1024 energy=0x1.2ep-21 finite=1
ATTR_NAMED_GRAD block=576 name=ff_bias1_5 grad=43e9fcf0 grad_elems=6144 param_elems=6144 energy=0x1.76p-19 finite=1
ATTR_NAMED_GRAD block=576 name=ff_bias2_5 grad=178a1d9c grad_elems=1024 param_elems=1024 energy=0x1.3ap-13 finite=1
ATTR_NAMED_GRAD block=576 name=w_o_5 grad=73abaaa7 grad_elems=1048576 param_elems=1048576 energy=0x1.bcp-11 finite=1
ATTR_NAMED_GRAD block=576 name=w_r_5 grad=995269a0 grad_elems=327680 param_elems=327680 energy=0x1.74p-29 finite=1
ATTR_NAMED_GRAD block=576 name=w_kv_5 grad=ae5913af grad_elems=2097152 param_elems=2097152 energy=0x1.1ap-10 finite=1
ATTR_NAMED_GRAD block=576 name=w_q_5 grad=d1eecd7b grad_elems=1048576 param_elems=1048576 energy=0x1.94p-17 finite=1
ATTR_NAMED_GRAD block=576 name=ln_g_10 grad=d9552040 grad_elems=1024 param_elems=1024 energy=0x1.42p-28 finite=1
ATTR_NAMED_GRAD block=576 name=ln_b_10 grad=bf62fbde grad_elems=1024 param_elems=1024 energy=0x1.9ep-25 finite=1
ATTR_NAMED_GRAD block=576 name=ff2_4 grad=cb53080a grad_elems=3145728 param_elems=3145728 energy=0x1.1ep-8 finite=1
ATTR_NAMED_GRAD block=576 name=ff1_4 grad=7b545d6a grad_elems=6291456 param_elems=6291456 energy=0x1.68p-9 finite=1
ATTR_NAMED_GRAD block=576 name=ln_g_9 grad=42e4361a grad_elems=1024 param_elems=1024 energy=0x1.04p-20 finite=1
ATTR_NAMED_GRAD block=576 name=ln_b_9 grad=6a6dbfe9 grad_elems=1024 param_elems=1024 energy=0x1.5ep-21 finite=1
ATTR_NAMED_GRAD block=576 name=ff_bias1_4 grad=fee0111c grad_elems=6144 param_elems=6144 energy=0x1.88p-19 finite=1
ATTR_NAMED_GRAD block=576 name=ff_bias2_4 grad=e24a103f grad_elems=1024 param_elems=1024 energy=0x1.44p-13 finite=1
ATTR_NAMED_GRAD block=576 name=w_o_4 grad=4702a763 grad_elems=1048576 param_elems=1048576 energy=0x1.68p-11 finite=1
ATTR_NAMED_GRAD block=576 name=w_r_4 grad=90643530 grad_elems=327680 param_elems=327680 energy=0x1.8p-29 finite=1
ATTR_NAMED_GRAD block=576 name=w_kv_4 grad=2baa816a grad_elems=2097152 param_elems=2097152 energy=0x1.aap-11 finite=1
ATTR_NAMED_GRAD block=576 name=w_q_4 grad=2ac6e2a7 grad_elems=1048576 param_elems=1048576 energy=0x1.b6p-17 finite=1
ATTR_NAMED_GRAD block=576 name=ln_g_8 grad=9c7d1cf4 grad_elems=1024 param_elems=1024 energy=0x1.3ap-28 finite=1
ATTR_NAMED_GRAD block=576 name=ln_b_8 grad=185c0824 grad_elems=1024 param_elems=1024 energy=0x1.76p-25 finite=1
ATTR_NAMED_GRAD block=576 name=ff2_3 grad=fde0b0c4 grad_elems=3145728 param_elems=3145728 energy=0x1.2ep-8 finite=1
ATTR_NAMED_GRAD block=576 name=ff1_3 grad=33ea3a21 grad_elems=6291456 param_elems=6291456 energy=0x1.72p-9 finite=1
ATTR_NAMED_GRAD block=576 name=ln_g_7 grad=ba2bb96b grad_elems=1024 param_elems=1024 energy=0x1.22p-20 finite=1
ATTR_NAMED_GRAD block=576 name=ln_b_7 grad=6ff8f5ce grad_elems=1024 param_elems=1024 energy=0x1.58p-21 finite=1
ATTR_NAMED_GRAD block=576 name=ff_bias1_3 grad=d07c63ba grad_elems=6144 param_elems=6144 energy=0x1.8ep-19 finite=1
ATTR_NAMED_GRAD block=576 name=ff_bias2_3 grad=e27ad4cd grad_elems=1024 param_elems=1024 energy=0x1.4ep-13 finite=1
ATTR_NAMED_GRAD block=576 name=w_o_3 grad=cad9872b grad_elems=1048576 param_elems=1048576 energy=0x1.32p-11 finite=1
ATTR_NAMED_GRAD block=576 name=w_r_3 grad=50239a66 grad_elems=327680 param_elems=327680 energy=0x1.92p-29 finite=1
ATTR_NAMED_GRAD block=576 name=w_kv_3 grad=1ba7f583 grad_elems=2097152 param_elems=2097152 energy=0x1.5cp-11 finite=1
ATTR_NAMED_GRAD block=576 name=w_q_3 grad=79c0f07d grad_elems=1048576 param_elems=1048576 energy=0x1.d6p-17 finite=1
ATTR_NAMED_GRAD block=576 name=ln_g_6 grad=1cbdb573 grad_elems=1024 param_elems=1024 energy=0x1.4cp-28 finite=1
ATTR_NAMED_GRAD block=576 name=ln_b_6 grad=42778263 grad_elems=1024 param_elems=1024 energy=0x1.5p-25 finite=1
ATTR_NAMED_GRAD block=576 name=ff2_2 grad=b99f32be grad_elems=3145728 param_elems=3145728 energy=0x1.34p-8 finite=1
ATTR_NAMED_GRAD block=576 name=ff1_2 grad=a47ce5e0 grad_elems=6291456 param_elems=6291456 energy=0x1.78p-9 finite=1
ATTR_NAMED_GRAD block=576 name=ln_g_5 grad=dc3b7ce6 grad_elems=1024 param_elems=1024 energy=0x1.1cp-20 finite=1
ATTR_NAMED_GRAD block=576 name=ln_b_5 grad=beb97f99 grad_elems=1024 param_elems=1024 energy=0x1.4cp-21 finite=1
ATTR_NAMED_GRAD block=576 name=ff_bias1_2 grad=8c6e8aa8 grad_elems=6144 param_elems=6144 energy=0x1.8cp-19 finite=1
ATTR_NAMED_GRAD block=576 name=ff_bias2_2 grad=161f7eb2 grad_elems=1024 param_elems=1024 energy=0x1.5cp-13 finite=1
ATTR_NAMED_GRAD block=576 name=w_o_2 grad=8f10cd83 grad_elems=1048576 param_elems=1048576 energy=0x1.eap-12 finite=1
ATTR_NAMED_GRAD block=576 name=w_r_2 grad=62f4644b grad_elems=327680 param_elems=327680 energy=0x1.96p-29 finite=1
ATTR_NAMED_GRAD block=576 name=w_kv_2 grad=cb952d47 grad_elems=2097152 param_elems=2097152 energy=0x1.26p-11 finite=1
ATTR_NAMED_GRAD block=576 name=w_q_2 grad=7e9623e5 grad_elems=1048576 param_elems=1048576 energy=0x1.d6p-17 finite=1
ATTR_NAMED_GRAD block=576 name=ln_g_4 grad=f4531222 grad_elems=1024 param_elems=1024 energy=0x1.46p-28 finite=1
ATTR_NAMED_GRAD block=576 name=ln_b_4 grad=8195306d grad_elems=1024 param_elems=1024 energy=0x1.78p-25 finite=1
ATTR_NAMED_GRAD block=576 name=ff2_1 grad=ea14a8f8 grad_elems=3145728 param_elems=3145728 energy=0x1.38p-8 finite=1
ATTR_NAMED_GRAD block=576 name=ff1_1 grad=75511555 grad_elems=6291456 param_elems=6291456 energy=0x1.82p-9 finite=1
ATTR_NAMED_GRAD block=576 name=ln_g_3 grad=e48afe0d grad_elems=1024 param_elems=1024 energy=0x1.18p-20 finite=1
ATTR_NAMED_GRAD block=576 name=ln_b_3 grad=b1233a77 grad_elems=1024 param_elems=1024 energy=0x1.7cp-21 finite=1
ATTR_NAMED_GRAD block=576 name=ff_bias1_1 grad=4609e7c9 grad_elems=6144 param_elems=6144 energy=0x1.a8p-19 finite=1
ATTR_NAMED_GRAD block=576 name=ff_bias2_1 grad=b63f4a3e grad_elems=1024 param_elems=1024 energy=0x1.66p-13 finite=1
ATTR_NAMED_GRAD block=576 name=w_o_1 grad=b6bb9e49 grad_elems=1048576 param_elems=1048576 energy=0x1.b6p-12 finite=1
ATTR_NAMED_GRAD block=576 name=w_r_1 grad=43049f60 grad_elems=327680 param_elems=327680 energy=0x1.c8p-29 finite=1
ATTR_NAMED_GRAD block=576 name=w_kv_1 grad=8853ce5a grad_elems=2097152 param_elems=2097152 energy=0x1.04p-11 finite=1
ATTR_NAMED_GRAD block=576 name=w_q_1 grad=b5d2058f grad_elems=1048576 param_elems=1048576 energy=0x1.14p-16 finite=1
ATTR_NAMED_GRAD block=576 name=ln_g_2 grad=4505507e grad_elems=1024 param_elems=1024 energy=0x1.5ep-28 finite=1
ATTR_NAMED_GRAD block=576 name=ln_b_2 grad=a943c423 grad_elems=1024 param_elems=1024 energy=0x1.d8p-25 finite=1
ATTR_NAMED_GRAD block=576 name=ff2_0 grad=4ca7ec20 grad_elems=3145728 param_elems=3145728 energy=0x1.3ep-8 finite=1
ATTR_NAMED_GRAD block=576 name=ff1_0 grad=cd69c197 grad_elems=6291456 param_elems=6291456 energy=0x1.9p-9 finite=1
ATTR_NAMED_GRAD block=576 name=ln_g_1 grad=dc69d3ad grad_elems=1024 param_elems=1024 energy=0x1.1ap-20 finite=1
ATTR_NAMED_GRAD block=576 name=ln_b_1 grad=548fb030 grad_elems=1024 param_elems=1024 energy=0x1.76p-21 finite=1
ATTR_NAMED_GRAD block=576 name=ff_bias1_0 grad=a911f03c grad_elems=6144 param_elems=6144 energy=0x1.aap-19 finite=1
ATTR_NAMED_GRAD block=576 name=ff_bias2_0 grad=7e5796de grad_elems=1024 param_elems=1024 energy=0x1.74p-13 finite=1
ATTR_NAMED_GRAD block=576 name=w_o_0 grad=6f7e6d71 grad_elems=1048576 param_elems=1048576 energy=0x1.78p-12 finite=1
ATTR_NAMED_GRAD block=576 name=w_r_0 grad=48787f4c grad_elems=327680 param_elems=327680 energy=0x1.e2p-29 finite=1
ATTR_NAMED_GRAD block=576 name=b_r_0 grad=ff16300c grad_elems=2560 param_elems=2560 energy=0x1.94p-12 finite=1
ATTR_NAMED_GRAD block=576 name=w_kv_0 grad=42c541db grad_elems=2097152 param_elems=2097152 energy=0x1.9ep-12 finite=1
ATTR_NAMED_GRAD block=576 name=w_q_0 grad=7879a336 grad_elems=1048576 param_elems=1048576 energy=0x1.2ap-16 finite=1
ATTR_NAMED_GRAD block=576 name=ln_g_0 grad=0d0e42c7 grad_elems=1024 param_elems=1024 energy=0x1.76p-28 finite=1
ATTR_NAMED_GRAD block=576 name=ln_b_0 grad=2bae938e grad_elems=1024 param_elems=1024 energy=0x1.98p-25 finite=1
ATTR_NAMED_GRAD block=576 name=embed grad=619385b5 grad_elems=16785408 param_elems=16785408 energy=0x1.a05796p-4 finite=1
ATTR_NAMED_GRAD block=576 name=ln_g_40 grad=fc8beb7e grad_elems=1024 param_elems=1024 energy=0x1.8ep-11 finite=1
ATTR_NAMED_GRAD block=576 name=ln_b_40 grad=a086baa7 grad_elems=1024 param_elems=1024 energy=0x1.16p-11 finite=1
ATTR_NAMED_GRAD block=576 name=out_bias grad=61ce2f55 grad_elems=16392 param_elems=16392 energy=0x1.64p-10 finite=1
ATTR_HEAD arm=1 block=576 weight=6402b995 bias=5783233b
ATTR_STATE arm=1 block=576 step=20 params=3dc44a44 memory=a06e7799
ATTR_NAMED_GRAD block=640 name=embed_out grad=da5b0434 grad_elems=16785408 param_elems=16785408 energy=0x1.8p+0 finite=1
ATTR_NAMED_GRAD block=640 name=ff2_19 grad=3aa82023 grad_elems=3145728 param_elems=3145728 energy=0x1.7ap-8 finite=1
ATTR_NAMED_GRAD block=640 name=ff1_19 grad=d1bdf27d grad_elems=6291456 param_elems=6291456 energy=0x1.02p-8 finite=1
ATTR_NAMED_GRAD block=640 name=ln_g_39 grad=3e591ef6 grad_elems=1024 param_elems=1024 energy=0x1.0ap-20 finite=1
ATTR_NAMED_GRAD block=640 name=ln_b_39 grad=b72945e6 grad_elems=1024 param_elems=1024 energy=0x1.3p-20 finite=1
ATTR_NAMED_GRAD block=640 name=ff_bias1_19 grad=38ea1ee3 grad_elems=6144 param_elems=6144 energy=0x1.2ep-18 finite=1
ATTR_NAMED_GRAD block=640 name=ff_bias2_19 grad=49242ceb grad_elems=1024 param_elems=1024 energy=0x1.9cp-13 finite=1
ATTR_NAMED_GRAD block=640 name=w_o_19 grad=4e20cbd7 grad_elems=1048576 param_elems=1048576 energy=0x1.1ap-5 finite=1
ATTR_NAMED_GRAD block=640 name=w_r_19 grad=f3d281a0 grad_elems=327680 param_elems=327680 energy=0x1.8ap-28 finite=1
ATTR_NAMED_GRAD block=640 name=w_kv_19 grad=ab5105f9 grad_elems=2097152 param_elems=2097152 energy=0x1.bp-6 finite=1
ATTR_NAMED_GRAD block=640 name=w_q_19 grad=361c697a grad_elems=1048576 param_elems=1048576 energy=0x1.0ap-15 finite=1
ATTR_NAMED_GRAD block=640 name=ln_g_38 grad=68dabd4b grad_elems=1024 param_elems=1024 energy=0x1.4ep-24 finite=1
ATTR_NAMED_GRAD block=640 name=ln_b_38 grad=3f04c766 grad_elems=1024 param_elems=1024 energy=0x1.22p-23 finite=1
ATTR_NAMED_GRAD block=640 name=ff2_18 grad=02b44483 grad_elems=3145728 param_elems=3145728 energy=0x1.6cp-8 finite=1
ATTR_NAMED_GRAD block=640 name=ff1_18 grad=e988c2d7 grad_elems=6291456 param_elems=6291456 energy=0x1.eep-9 finite=1
ATTR_NAMED_GRAD block=640 name=ln_g_37 grad=ca579671 grad_elems=1024 param_elems=1024 energy=0x1.d2p-21 finite=1
ATTR_NAMED_GRAD block=640 name=ln_b_37 grad=477a98c9 grad_elems=1024 param_elems=1024 energy=0x1.0ep-20 finite=1
ATTR_NAMED_GRAD block=640 name=ff_bias1_18 grad=8fd8ee56 grad_elems=6144 param_elems=6144 energy=0x1.26p-18 finite=1
ATTR_NAMED_GRAD block=640 name=ff_bias2_18 grad=5f8761f0 grad_elems=1024 param_elems=1024 energy=0x1.9cp-13 finite=1
ATTR_NAMED_GRAD block=640 name=w_o_18 grad=82c22252 grad_elems=1048576 param_elems=1048576 energy=0x1.a4p-6 finite=1
ATTR_NAMED_GRAD block=640 name=w_r_18 grad=a3d12713 grad_elems=327680 param_elems=327680 energy=0x1.aep-28 finite=1
ATTR_NAMED_GRAD block=640 name=w_kv_18 grad=6fb896e0 grad_elems=2097152 param_elems=2097152 energy=0x1.5cp-6 finite=1
ATTR_NAMED_GRAD block=640 name=w_q_18 grad=b62b1725 grad_elems=1048576 param_elems=1048576 energy=0x1.78p-15 finite=1
ATTR_NAMED_GRAD block=640 name=ln_g_36 grad=4e1871f4 grad_elems=1024 param_elems=1024 energy=0x1.3ep-24 finite=1
ATTR_NAMED_GRAD block=640 name=ln_b_36 grad=fded2ba8 grad_elems=1024 param_elems=1024 energy=0x1.3ap-23 finite=1
ATTR_NAMED_GRAD block=640 name=ff2_17 grad=46ff3cec grad_elems=3145728 param_elems=3145728 energy=0x1.8p-8 finite=1
ATTR_NAMED_GRAD block=640 name=ff1_17 grad=2d0aebab grad_elems=6291456 param_elems=6291456 energy=0x1.e6p-9 finite=1
ATTR_NAMED_GRAD block=640 name=ln_g_35 grad=cb1a866b grad_elems=1024 param_elems=1024 energy=0x1.ecp-21 finite=1
ATTR_NAMED_GRAD block=640 name=ln_b_35 grad=ff056aeb grad_elems=1024 param_elems=1024 energy=0x1.0cp-20 finite=1
ATTR_NAMED_GRAD block=640 name=ff_bias1_17 grad=9e963968 grad_elems=6144 param_elems=6144 energy=0x1.24p-18 finite=1
ATTR_NAMED_GRAD block=640 name=ff_bias2_17 grad=70f6a137 grad_elems=1024 param_elems=1024 energy=0x1.ap-13 finite=1
ATTR_NAMED_GRAD block=640 name=w_o_17 grad=cd83b951 grad_elems=1048576 param_elems=1048576 energy=0x1.02p-6 finite=1
ATTR_NAMED_GRAD block=640 name=w_r_17 grad=facd61ab grad_elems=327680 param_elems=327680 energy=0x1.6p-27 finite=1
ATTR_NAMED_GRAD block=640 name=w_kv_17 grad=966f014f grad_elems=2097152 param_elems=2097152 energy=0x1.1cp-6 finite=1
ATTR_NAMED_GRAD block=640 name=w_q_17 grad=21803e3f grad_elems=1048576 param_elems=1048576 energy=0x1.ap-14 finite=1
ATTR_NAMED_GRAD block=640 name=ln_g_34 grad=f618ecdb grad_elems=1024 param_elems=1024 energy=0x1.b8p-24 finite=1
ATTR_NAMED_GRAD block=640 name=ln_b_34 grad=803e10a6 grad_elems=1024 param_elems=1024 energy=0x1.d2p-23 finite=1
ATTR_NAMED_GRAD block=640 name=ff2_16 grad=6c1a851b grad_elems=3145728 param_elems=3145728 energy=0x1.52p-8 finite=1
ATTR_NAMED_GRAD block=640 name=ff1_16 grad=fe50a8ac grad_elems=6291456 param_elems=6291456 energy=0x1.bcp-9 finite=1
ATTR_NAMED_GRAD block=640 name=ln_g_33 grad=156da092 grad_elems=1024 param_elems=1024 energy=0x1.c8p-21 finite=1
ATTR_NAMED_GRAD block=640 name=ln_b_33 grad=69203e6e grad_elems=1024 param_elems=1024 energy=0x1.e6p-21 finite=1
ATTR_NAMED_GRAD block=640 name=ff_bias1_16 grad=5d33540b grad_elems=6144 param_elems=6144 energy=0x1.06p-18 finite=1
ATTR_NAMED_GRAD block=640 name=ff_bias2_16 grad=b3677cc4 grad_elems=1024 param_elems=1024 energy=0x1.a8p-13 finite=1
ATTR_NAMED_GRAD block=640 name=w_o_16 grad=87592777 grad_elems=1048576 param_elems=1048576 energy=0x1.7p-7 finite=1
ATTR_NAMED_GRAD block=640 name=w_r_16 grad=d8d37881 grad_elems=327680 param_elems=327680 energy=0x1.ep-29 finite=1
ATTR_NAMED_GRAD block=640 name=w_kv_16 grad=7b95b911 grad_elems=2097152 param_elems=2097152 energy=0x1.dp-7 finite=1
ATTR_NAMED_GRAD block=640 name=w_q_16 grad=964078a3 grad_elems=1048576 param_elems=1048576 energy=0x1.f2p-16 finite=1
ATTR_NAMED_GRAD block=640 name=ln_g_32 grad=fc318814 grad_elems=1024 param_elems=1024 energy=0x1.42p-25 finite=1
ATTR_NAMED_GRAD block=640 name=ln_b_32 grad=ed82252e grad_elems=1024 param_elems=1024 energy=0x1.bap-24 finite=1
ATTR_NAMED_GRAD block=640 name=ff2_15 grad=0e7b91a0 grad_elems=3145728 param_elems=3145728 energy=0x1.62p-8 finite=1
ATTR_NAMED_GRAD block=640 name=ff1_15 grad=1ae5e776 grad_elems=6291456 param_elems=6291456 energy=0x1.cap-9 finite=1
ATTR_NAMED_GRAD block=640 name=ln_g_31 grad=1a886686 grad_elems=1024 param_elems=1024 energy=0x1.1p-20 finite=1
ATTR_NAMED_GRAD block=640 name=ln_b_31 grad=d715d90f grad_elems=1024 param_elems=1024 energy=0x1.cep-21 finite=1
ATTR_NAMED_GRAD block=640 name=ff_bias1_15 grad=416ad466 grad_elems=6144 param_elems=6144 energy=0x1.16p-18 finite=1
ATTR_NAMED_GRAD block=640 name=ff_bias2_15 grad=3a37c568 grad_elems=1024 param_elems=1024 energy=0x1.acp-13 finite=1
ATTR_NAMED_GRAD block=640 name=w_o_15 grad=452c8d47 grad_elems=1048576 param_elems=1048576 energy=0x1.08p-7 finite=1
ATTR_NAMED_GRAD block=640 name=w_r_15 grad=dd9da820 grad_elems=327680 param_elems=327680 energy=0x1.24p-28 finite=1
ATTR_NAMED_GRAD block=640 name=w_kv_15 grad=f5a818f8 grad_elems=2097152 param_elems=2097152 energy=0x1.5cp-7 finite=1
ATTR_NAMED_GRAD block=640 name=w_q_15 grad=9f7a4918 grad_elems=1048576 param_elems=1048576 energy=0x1.dep-16 finite=1
ATTR_NAMED_GRAD block=640 name=ln_g_30 grad=065ca2b3 grad_elems=1024 param_elems=1024 energy=0x1.36p-25 finite=1
ATTR_NAMED_GRAD block=640 name=ln_b_30 grad=aa0f31c4 grad_elems=1024 param_elems=1024 energy=0x1.fcp-24 finite=1
ATTR_NAMED_GRAD block=640 name=ff2_14 grad=7e5ac09b grad_elems=3145728 param_elems=3145728 energy=0x1.56p-8 finite=1
ATTR_NAMED_GRAD block=640 name=ff1_14 grad=443b77a9 grad_elems=6291456 param_elems=6291456 energy=0x1.bcp-9 finite=1
ATTR_NAMED_GRAD block=640 name=ln_g_29 grad=03b1f374 grad_elems=1024 param_elems=1024 energy=0x1.28p-20 finite=1
ATTR_NAMED_GRAD block=640 name=ln_b_29 grad=6470bc95 grad_elems=1024 param_elems=1024 energy=0x1.dcp-21 finite=1
ATTR_NAMED_GRAD block=640 name=ff_bias1_14 grad=6d52cf60 grad_elems=6144 param_elems=6144 energy=0x1.02p-18 finite=1
ATTR_NAMED_GRAD block=640 name=ff_bias2_14 grad=a8feadcb grad_elems=1024 param_elems=1024 energy=0x1.b6p-13 finite=1
ATTR_NAMED_GRAD block=640 name=w_o_14 grad=e21a962c grad_elems=1048576 param_elems=1048576 energy=0x1.9cp-8 finite=1
ATTR_NAMED_GRAD block=640 name=w_r_14 grad=b9dc3383 grad_elems=327680 param_elems=327680 energy=0x1.bp-29 finite=1
ATTR_NAMED_GRAD block=640 name=w_kv_14 grad=557f7b9b grad_elems=2097152 param_elems=2097152 energy=0x1.38p-7 finite=1
ATTR_NAMED_GRAD block=640 name=w_q_14 grad=925ca995 grad_elems=1048576 param_elems=1048576 energy=0x1.6ep-16 finite=1
ATTR_NAMED_GRAD block=640 name=ln_g_28 grad=db4eaeaf grad_elems=1024 param_elems=1024 energy=0x1.7p-26 finite=1
ATTR_NAMED_GRAD block=640 name=ln_b_28 grad=8754c091 grad_elems=1024 param_elems=1024 energy=0x1.7p-24 finite=1
ATTR_NAMED_GRAD block=640 name=ff2_13 grad=1d22be23 grad_elems=3145728 param_elems=3145728 energy=0x1.5cp-8 finite=1
ATTR_NAMED_GRAD block=640 name=ff1_13 grad=9e78db94 grad_elems=6291456 param_elems=6291456 energy=0x1.bap-9 finite=1
ATTR_NAMED_GRAD block=640 name=ln_g_27 grad=9b7a58ec grad_elems=1024 param_elems=1024 energy=0x1.4ap-20 finite=1
ATTR_NAMED_GRAD block=640 name=ln_b_27 grad=47418f11 grad_elems=1024 param_elems=1024 energy=0x1.bcp-21 finite=1
ATTR_NAMED_GRAD block=640 name=ff_bias1_13 grad=79842fb9 grad_elems=6144 param_elems=6144 energy=0x1.02p-18 finite=1
ATTR_NAMED_GRAD block=640 name=ff_bias2_13 grad=255598b0 grad_elems=1024 param_elems=1024 energy=0x1.c6p-13 finite=1
ATTR_NAMED_GRAD block=640 name=w_o_13 grad=92d6c325 grad_elems=1048576 param_elems=1048576 energy=0x1.54p-8 finite=1
ATTR_NAMED_GRAD block=640 name=w_r_13 grad=bf93acea grad_elems=327680 param_elems=327680 energy=0x1.74p-29 finite=1
ATTR_NAMED_GRAD block=640 name=w_kv_13 grad=c37a0045 grad_elems=2097152 param_elems=2097152 energy=0x1.c6p-8 finite=1
ATTR_NAMED_GRAD block=640 name=w_q_13 grad=4b5bcfca grad_elems=1048576 param_elems=1048576 energy=0x1.cep-17 finite=1
ATTR_NAMED_GRAD block=640 name=ln_g_26 grad=0c0a95f5 grad_elems=1024 param_elems=1024 energy=0x1.04p-26 finite=1
ATTR_NAMED_GRAD block=640 name=ln_b_26 grad=73139cc6 grad_elems=1024 param_elems=1024 energy=0x1.3p-24 finite=1
ATTR_NAMED_GRAD block=640 name=ff2_12 grad=900ebc9e grad_elems=3145728 param_elems=3145728 energy=0x1.56p-8 finite=1
ATTR_NAMED_GRAD block=640 name=ff1_12 grad=d8062375 grad_elems=6291456 param_elems=6291456 energy=0x1.bap-9 finite=1
ATTR_NAMED_GRAD block=640 name=ln_g_25 grad=20125d34 grad_elems=1024 param_elems=1024 energy=0x1.8ep-20 finite=1
ATTR_NAMED_GRAD block=640 name=ln_b_25 grad=47eafa5c grad_elems=1024 param_elems=1024 energy=0x1.dp-21 finite=1
ATTR_NAMED_GRAD block=640 name=ff_bias1_12 grad=06a7f9ec grad_elems=6144 param_elems=6144 energy=0x1.eep-19 finite=1
ATTR_NAMED_GRAD block=640 name=ff_bias2_12 grad=79ee8444 grad_elems=1024 param_elems=1024 energy=0x1.d8p-13 finite=1
ATTR_NAMED_GRAD block=640 name=w_o_12 grad=3799f815 grad_elems=1048576 param_elems=1048576 energy=0x1.1cp-8 finite=1
ATTR_NAMED_GRAD block=640 name=w_r_12 grad=200e6712 grad_elems=327680 param_elems=327680 energy=0x1.82p-29 finite=1
ATTR_NAMED_GRAD block=640 name=w_kv_12 grad=3831ee0b grad_elems=2097152 param_elems=2097152 energy=0x1.7ep-8 finite=1
ATTR_NAMED_GRAD block=640 name=w_q_12 grad=761ffb9a grad_elems=1048576 param_elems=1048576 energy=0x1.8p-17 finite=1
ATTR_NAMED_GRAD block=640 name=ln_g_24 grad=2c40ae6e grad_elems=1024 param_elems=1024 energy=0x1.7ap-27 finite=1
ATTR_NAMED_GRAD block=640 name=ln_b_24 grad=bb3aab2d grad_elems=1024 param_elems=1024 energy=0x1.14p-24 finite=1
ATTR_NAMED_GRAD block=640 name=ff2_11 grad=43b5c612 grad_elems=3145728 param_elems=3145728 energy=0x1.5ap-8 finite=1
ATTR_NAMED_GRAD block=640 name=ff1_11 grad=52c38a04 grad_elems=6291456 param_elems=6291456 energy=0x1.cp-9 finite=1
ATTR_NAMED_GRAD block=640 name=ln_g_23 grad=3c06e4a8 grad_elems=1024 param_elems=1024 energy=0x1.a2p-20 finite=1
ATTR_NAMED_GRAD block=640 name=ln_b_23 grad=5d4ebd08 grad_elems=1024 param_elems=1024 energy=0x1.d8p-21 finite=1
ATTR_NAMED_GRAD block=640 name=ff_bias1_11 grad=42d01d81 grad_elems=6144 param_elems=6144 energy=0x1.0ap-18 finite=1
ATTR_NAMED_GRAD block=640 name=ff_bias2_11 grad=63f0c003 grad_elems=1024 param_elems=1024 energy=0x1.eep-13 finite=1
ATTR_NAMED_GRAD block=640 name=w_o_11 grad=8bd6718a grad_elems=1048576 param_elems=1048576 energy=0x1.d2p-9 finite=1
ATTR_NAMED_GRAD block=640 name=w_r_11 grad=f7de61d7 grad_elems=327680 param_elems=327680 energy=0x1.98p-29 finite=1
ATTR_NAMED_GRAD block=640 name=w_kv_11 grad=15be4b4c grad_elems=2097152 param_elems=2097152 energy=0x1.36p-8 finite=1
ATTR_NAMED_GRAD block=640 name=w_q_11 grad=c2657f84 grad_elems=1048576 param_elems=1048576 energy=0x1.94p-17 finite=1
ATTR_NAMED_GRAD block=640 name=ln_g_22 grad=03ebbaac grad_elems=1024 param_elems=1024 energy=0x1.4p-27 finite=1
ATTR_NAMED_GRAD block=640 name=ln_b_22 grad=04fcaa7d grad_elems=1024 param_elems=1024 energy=0x1.18p-24 finite=1
ATTR_NAMED_GRAD block=640 name=ff2_10 grad=e41b4404 grad_elems=3145728 param_elems=3145728 energy=0x1.6p-8 finite=1
ATTR_NAMED_GRAD block=640 name=ff1_10 grad=828162a5 grad_elems=6291456 param_elems=6291456 energy=0x1.c6p-9 finite=1
ATTR_NAMED_GRAD block=640 name=ln_g_21 grad=9c4f01f8 grad_elems=1024 param_elems=1024 energy=0x1.d2p-20 finite=1
ATTR_NAMED_GRAD block=640 name=ln_b_21 grad=d5ee0ff0 grad_elems=1024 param_elems=1024 energy=0x1.d6p-21 finite=1
ATTR_NAMED_GRAD block=640 name=ff_bias1_10 grad=c6349193 grad_elems=6144 param_elems=6144 energy=0x1.02p-18 finite=1
ATTR_NAMED_GRAD block=640 name=ff_bias2_10 grad=a3cab2dc grad_elems=1024 param_elems=1024 energy=0x1.fap-13 finite=1
ATTR_NAMED_GRAD block=640 name=w_o_10 grad=80baa3af grad_elems=1048576 param_elems=1048576 energy=0x1.9p-9 finite=1
ATTR_NAMED_GRAD block=640 name=w_r_10 grad=8cfda9a8 grad_elems=327680 param_elems=327680 energy=0x1.ap-29 finite=1
ATTR_NAMED_GRAD block=640 name=w_kv_10 grad=8b0d6f11 grad_elems=2097152 param_elems=2097152 energy=0x1.fep-9 finite=1
ATTR_NAMED_GRAD block=640 name=w_q_10 grad=b18b87d3 grad_elems=1048576 param_elems=1048576 energy=0x1.88p-17 finite=1
ATTR_NAMED_GRAD block=640 name=ln_g_20 grad=1357dde1 grad_elems=1024 param_elems=1024 energy=0x1.32p-27 finite=1
ATTR_NAMED_GRAD block=640 name=ln_b_20 grad=6132a3fb grad_elems=1024 param_elems=1024 energy=0x1.06p-24 finite=1
ATTR_NAMED_GRAD block=640 name=ff2_9 grad=a72188d8 grad_elems=3145728 param_elems=3145728 energy=0x1.62p-8 finite=1
ATTR_NAMED_GRAD block=640 name=ff1_9 grad=c1aab831 grad_elems=6291456 param_elems=6291456 energy=0x1.cap-9 finite=1
ATTR_NAMED_GRAD block=640 name=ln_g_19 grad=92705a66 grad_elems=1024 param_elems=1024 energy=0x1.dep-20 finite=1
ATTR_NAMED_GRAD block=640 name=ln_b_19 grad=c3841428 grad_elems=1024 param_elems=1024 energy=0x1.e8p-21 finite=1
ATTR_NAMED_GRAD block=640 name=ff_bias1_9 grad=bdd0a6de grad_elems=6144 param_elems=6144 energy=0x1.0cp-18 finite=1
ATTR_NAMED_GRAD block=640 name=ff_bias2_9 grad=c35e7710 grad_elems=1024 param_elems=1024 energy=0x1.0ap-12 finite=1
ATTR_NAMED_GRAD block=640 name=w_o_9 grad=acee820e grad_elems=1048576 param_elems=1048576 energy=0x1.5ap-9 finite=1
ATTR_NAMED_GRAD block=640 name=w_r_9 grad=38e70484 grad_elems=327680 param_elems=327680 energy=0x1.acp-29 finite=1
ATTR_NAMED_GRAD block=640 name=w_kv_9 grad=410d1fbc grad_elems=2097152 param_elems=2097152 energy=0x1.b4p-9 finite=1
ATTR_NAMED_GRAD block=640 name=w_q_9 grad=ea718075 grad_elems=1048576 param_elems=1048576 energy=0x1.94p-17 finite=1
ATTR_NAMED_GRAD block=640 name=ln_g_18 grad=79d54304 grad_elems=1024 param_elems=1024 energy=0x1.fep-28 finite=1
ATTR_NAMED_GRAD block=640 name=ln_b_18 grad=5330dfc4 grad_elems=1024 param_elems=1024 energy=0x1.26p-24 finite=1
ATTR_NAMED_GRAD block=640 name=ff2_8 grad=c922a707 grad_elems=3145728 param_elems=3145728 energy=0x1.6ap-8 finite=1
ATTR_NAMED_GRAD block=640 name=ff1_8 grad=9f375dee grad_elems=6291456 param_elems=6291456 energy=0x1.d2p-9 finite=1
ATTR_NAMED_GRAD block=640 name=ln_g_17 grad=37bb99ee grad_elems=1024 param_elems=1024 energy=0x1.12p-19 finite=1
ATTR_NAMED_GRAD block=640 name=ln_b_17 grad=ab6f3ab2 grad_elems=1024 param_elems=1024 energy=0x1.eep-21 finite=1
ATTR_NAMED_GRAD block=640 name=ff_bias1_8 grad=e44d9f8b grad_elems=6144 param_elems=6144 energy=0x1.06p-18 finite=1
ATTR_NAMED_GRAD block=640 name=ff_bias2_8 grad=ef0c50b0 grad_elems=1024 param_elems=1024 energy=0x1.16p-12 finite=1
ATTR_NAMED_GRAD block=640 name=w_o_8 grad=bcb8695f grad_elems=1048576 param_elems=1048576 energy=0x1.18p-9 finite=1
ATTR_NAMED_GRAD block=640 name=w_r_8 grad=b7d4ecd3 grad_elems=327680 param_elems=327680 energy=0x1.bep-29 finite=1
ATTR_NAMED_GRAD block=640 name=w_kv_8 grad=471f14a8 grad_elems=2097152 param_elems=2097152 energy=0x1.5ep-9 finite=1
ATTR_NAMED_GRAD block=640 name=w_q_8 grad=5a75ded4 grad_elems=1048576 param_elems=1048576 energy=0x1.a4p-17 finite=1
ATTR_NAMED_GRAD block=640 name=ln_g_16 grad=ed121b98 grad_elems=1024 param_elems=1024 energy=0x1.dap-28 finite=1
ATTR_NAMED_GRAD block=640 name=ln_b_16 grad=b1624e14 grad_elems=1024 param_elems=1024 energy=0x1.28p-24 finite=1
ATTR_NAMED_GRAD block=640 name=ff2_7 grad=faa717bd grad_elems=3145728 param_elems=3145728 energy=0x1.74p-8 finite=1
ATTR_NAMED_GRAD block=640 name=ff1_7 grad=79c2b188 grad_elems=6291456 param_elems=6291456 energy=0x1.dep-9 finite=1
ATTR_NAMED_GRAD block=640 name=ln_g_15 grad=501ca905 grad_elems=1024 param_elems=1024 energy=0x1.1p-19 finite=1
ATTR_NAMED_GRAD block=640 name=ln_b_15 grad=08e06ba5 grad_elems=1024 param_elems=1024 energy=0x1.f2p-21 finite=1
ATTR_NAMED_GRAD block=640 name=ff_bias1_7 grad=61d50bdc grad_elems=6144 param_elems=6144 energy=0x1.14p-18 finite=1
ATTR_NAMED_GRAD block=640 name=ff_bias2_7 grad=d312daec grad_elems=1024 param_elems=1024 energy=0x1.1ep-12 finite=1
ATTR_NAMED_GRAD block=640 name=w_o_7 grad=285d63ce grad_elems=1048576 param_elems=1048576 energy=0x1.d2p-10 finite=1
ATTR_NAMED_GRAD block=640 name=w_r_7 grad=70400380 grad_elems=327680 param_elems=327680 energy=0x1.dp-29 finite=1
ATTR_NAMED_GRAD block=640 name=w_kv_7 grad=df7ff550 grad_elems=2097152 param_elems=2097152 energy=0x1.1cp-9 finite=1
ATTR_NAMED_GRAD block=640 name=w_q_7 grad=a6aa5da8 grad_elems=1048576 param_elems=1048576 energy=0x1.bep-17 finite=1
ATTR_NAMED_GRAD block=640 name=ln_g_14 grad=0a0d89e1 grad_elems=1024 param_elems=1024 energy=0x1.d8p-28 finite=1
ATTR_NAMED_GRAD block=640 name=ln_b_14 grad=69318f7d grad_elems=1024 param_elems=1024 energy=0x1.42p-24 finite=1
ATTR_NAMED_GRAD block=640 name=ff2_6 grad=ffd202d1 grad_elems=3145728 param_elems=3145728 energy=0x1.84p-8 finite=1
ATTR_NAMED_GRAD block=640 name=ff1_6 grad=2f90bab7 grad_elems=6291456 param_elems=6291456 energy=0x1.e8p-9 finite=1
ATTR_NAMED_GRAD block=640 name=ln_g_13 grad=cd3c2d4b grad_elems=1024 param_elems=1024 energy=0x1.0ap-19 finite=1
ATTR_NAMED_GRAD block=640 name=ln_b_13 grad=ba12a6f5 grad_elems=1024 param_elems=1024 energy=0x1.f4p-21 finite=1
ATTR_NAMED_GRAD block=640 name=ff_bias1_6 grad=b9e4f3e0 grad_elems=6144 param_elems=6144 energy=0x1.18p-18 finite=1
ATTR_NAMED_GRAD block=640 name=ff_bias2_6 grad=1da29ba1 grad_elems=1024 param_elems=1024 energy=0x1.28p-12 finite=1
ATTR_NAMED_GRAD block=640 name=w_o_6 grad=438d3504 grad_elems=1048576 param_elems=1048576 energy=0x1.7cp-10 finite=1
ATTR_NAMED_GRAD block=640 name=w_r_6 grad=59f34911 grad_elems=327680 param_elems=327680 energy=0x1.e6p-29 finite=1
ATTR_NAMED_GRAD block=640 name=w_kv_6 grad=e792d7a2 grad_elems=2097152 param_elems=2097152 energy=0x1.c8p-10 finite=1
ATTR_NAMED_GRAD block=640 name=w_q_6 grad=8d7df558 grad_elems=1048576 param_elems=1048576 energy=0x1.cp-17 finite=1
ATTR_NAMED_GRAD block=640 name=ln_g_12 grad=553bd69b grad_elems=1024 param_elems=1024 energy=0x1.9ep-28 finite=1
ATTR_NAMED_GRAD block=640 name=ln_b_12 grad=3a35b789 grad_elems=1024 param_elems=1024 energy=0x1.1cp-24 finite=1
ATTR_NAMED_GRAD block=640 name=ff2_5 grad=731043b6 grad_elems=3145728 param_elems=3145728 energy=0x1.8ep-8 finite=1
ATTR_NAMED_GRAD block=640 name=ff1_5 grad=ea86dd71 grad_elems=6291456 param_elems=6291456 energy=0x1.eep-9 finite=1
ATTR_NAMED_GRAD block=640 name=ln_g_11 grad=236df59f grad_elems=1024 param_elems=1024 energy=0x1.fp-20 finite=1
ATTR_NAMED_GRAD block=640 name=ln_b_11 grad=e983b8e6 grad_elems=1024 param_elems=1024 energy=0x1.dap-21 finite=1
ATTR_NAMED_GRAD block=640 name=ff_bias1_5 grad=5bac664e grad_elems=6144 param_elems=6144 energy=0x1.1ap-18 finite=1
ATTR_NAMED_GRAD block=640 name=ff_bias2_5 grad=863c9754 grad_elems=1024 param_elems=1024 energy=0x1.32p-12 finite=1
ATTR_NAMED_GRAD block=640 name=w_o_5 grad=28235cab grad_elems=1048576 param_elems=1048576 energy=0x1.4p-10 finite=1
ATTR_NAMED_GRAD block=640 name=w_r_5 grad=16dadeff grad_elems=327680 param_elems=327680 energy=0x1.fap-29 finite=1
ATTR_NAMED_GRAD block=640 name=w_kv_5 grad=c17aecd7 grad_elems=2097152 param_elems=2097152 energy=0x1.8p-10 finite=1
ATTR_NAMED_GRAD block=640 name=w_q_5 grad=8be650d1 grad_elems=1048576 param_elems=1048576 energy=0x1.d4p-17 finite=1
ATTR_NAMED_GRAD block=640 name=ln_g_10 grad=1ed266f9 grad_elems=1024 param_elems=1024 energy=0x1.8ep-28 finite=1
ATTR_NAMED_GRAD block=640 name=ln_b_10 grad=e6344295 grad_elems=1024 param_elems=1024 energy=0x1.36p-24 finite=1
ATTR_NAMED_GRAD block=640 name=ff2_4 grad=f6e6296d grad_elems=3145728 param_elems=3145728 energy=0x1.8cp-8 finite=1
ATTR_NAMED_GRAD block=640 name=ff1_4 grad=c81d8a45 grad_elems=6291456 param_elems=6291456 energy=0x1.f2p-9 finite=1
ATTR_NAMED_GRAD block=640 name=ln_g_9 grad=3d62c878 grad_elems=1024 param_elems=1024 energy=0x1.fep-20 finite=1
ATTR_NAMED_GRAD block=640 name=ln_b_9 grad=a73c5c03 grad_elems=1024 param_elems=1024 energy=0x1.d8p-21 finite=1
ATTR_NAMED_GRAD block=640 name=ff_bias1_4 grad=58fc75e8 grad_elems=6144 param_elems=6144 energy=0x1.12p-18 finite=1
ATTR_NAMED_GRAD block=640 name=ff_bias2_4 grad=ecd86a47 grad_elems=1024 param_elems=1024 energy=0x1.3ap-12 finite=1
ATTR_NAMED_GRAD block=640 name=w_o_4 grad=e598a843 grad_elems=1048576 param_elems=1048576 energy=0x1.f4p-11 finite=1
ATTR_NAMED_GRAD block=640 name=w_r_4 grad=05d9e917 grad_elems=327680 param_elems=327680 energy=0x1.08p-28 finite=1
ATTR_NAMED_GRAD block=640 name=w_kv_4 grad=6f0b11dd grad_elems=2097152 param_elems=2097152 energy=0x1.3cp-10 finite=1
ATTR_NAMED_GRAD block=640 name=w_q_4 grad=a7fa8195 grad_elems=1048576 param_elems=1048576 energy=0x1.f8p-17 finite=1
ATTR_NAMED_GRAD block=640 name=ln_g_8 grad=a389a6c9 grad_elems=1024 param_elems=1024 energy=0x1.82p-28 finite=1
ATTR_NAMED_GRAD block=640 name=ln_b_8 grad=c3d17a71 grad_elems=1024 param_elems=1024 energy=0x1.6p-24 finite=1
ATTR_NAMED_GRAD block=640 name=ff2_3 grad=1ffc8927 grad_elems=3145728 param_elems=3145728 energy=0x1.a6p-8 finite=1
ATTR_NAMED_GRAD block=640 name=ff1_3 grad=675ee8fb grad_elems=6291456 param_elems=6291456 energy=0x1.02p-8 finite=1
ATTR_NAMED_GRAD block=640 name=ln_g_7 grad=788aaa7c grad_elems=1024 param_elems=1024 energy=0x1.eep-20 finite=1
ATTR_NAMED_GRAD block=640 name=ln_b_7 grad=d5ec07c9 grad_elems=1024 param_elems=1024 energy=0x1.0ap-20 finite=1
ATTR_NAMED_GRAD block=640 name=ff_bias1_3 grad=e971438b grad_elems=6144 param_elems=6144 energy=0x1.16p-18 finite=1
ATTR_NAMED_GRAD block=640 name=ff_bias2_3 grad=4e469705 grad_elems=1024 param_elems=1024 energy=0x1.44p-12 finite=1
ATTR_NAMED_GRAD block=640 name=w_o_3 grad=5d4810c0 grad_elems=1048576 param_elems=1048576 energy=0x1.a8p-11 finite=1
ATTR_NAMED_GRAD block=640 name=w_r_3 grad=473fcbdf grad_elems=327680 param_elems=327680 energy=0x1.16p-28 finite=1
ATTR_NAMED_GRAD block=640 name=w_kv_3 grad=ef739043 grad_elems=2097152 param_elems=2097152 energy=0x1p-10 finite=1
ATTR_NAMED_GRAD block=640 name=w_q_3 grad=f25fc030 grad_elems=1048576 param_elems=1048576 energy=0x1.0ep-16 finite=1
ATTR_NAMED_GRAD block=640 name=ln_g_6 grad=7d98522a grad_elems=1024 param_elems=1024 energy=0x1.aep-28 finite=1
ATTR_NAMED_GRAD block=640 name=ln_b_6 grad=a3b683fe grad_elems=1024 param_elems=1024 energy=0x1.36p-24 finite=1
ATTR_NAMED_GRAD block=640 name=ff2_2 grad=14d9573f grad_elems=3145728 param_elems=3145728 energy=0x1.a4p-8 finite=1
ATTR_NAMED_GRAD block=640 name=ff1_2 grad=d3c856ed grad_elems=6291456 param_elems=6291456 energy=0x1.06p-8 finite=1
ATTR_NAMED_GRAD block=640 name=ln_g_5 grad=89aa3d67 grad_elems=1024 param_elems=1024 energy=0x1.08p-19 finite=1
ATTR_NAMED_GRAD block=640 name=ln_b_5 grad=549ac2a6 grad_elems=1024 param_elems=1024 energy=0x1.f6p-21 finite=1
ATTR_NAMED_GRAD block=640 name=ff_bias1_2 grad=a786e7ab grad_elems=6144 param_elems=6144 energy=0x1.28p-18 finite=1
ATTR_NAMED_GRAD block=640 name=ff_bias2_2 grad=1719dd47 grad_elems=1024 param_elems=1024 energy=0x1.4cp-12 finite=1
ATTR_NAMED_GRAD block=640 name=w_o_2 grad=d703dc41 grad_elems=1048576 param_elems=1048576 energy=0x1.56p-11 finite=1
ATTR_NAMED_GRAD block=640 name=w_r_2 grad=1fb0c39f grad_elems=327680 param_elems=327680 energy=0x1.18p-28 finite=1
ATTR_NAMED_GRAD block=640 name=w_kv_2 grad=f9df001b grad_elems=2097152 param_elems=2097152 energy=0x1.bp-11 finite=1
ATTR_NAMED_GRAD block=640 name=w_q_2 grad=f9941ca6 grad_elems=1048576 param_elems=1048576 energy=0x1.16p-16 finite=1
ATTR_NAMED_GRAD block=640 name=ln_g_4 grad=a0decdd0 grad_elems=1024 param_elems=1024 energy=0x1.aap-28 finite=1
ATTR_NAMED_GRAD block=640 name=ln_b_4 grad=279a3d9c grad_elems=1024 param_elems=1024 energy=0x1.7cp-24 finite=1
ATTR_NAMED_GRAD block=640 name=ff2_1 grad=e10623df grad_elems=3145728 param_elems=3145728 energy=0x1.acp-8 finite=1
ATTR_NAMED_GRAD block=640 name=ff1_1 grad=069e746b grad_elems=6291456 param_elems=6291456 energy=0x1.1p-8 finite=1
ATTR_NAMED_GRAD block=640 name=ln_g_3 grad=6a66aab6 grad_elems=1024 param_elems=1024 energy=0x1.ecp-20 finite=1
ATTR_NAMED_GRAD block=640 name=ln_b_3 grad=b9063cf4 grad_elems=1024 param_elems=1024 energy=0x1.f8p-21 finite=1
ATTR_NAMED_GRAD block=640 name=ff_bias1_1 grad=98b7e043 grad_elems=6144 param_elems=6144 energy=0x1.3p-18 finite=1
ATTR_NAMED_GRAD block=640 name=ff_bias2_1 grad=30779d45 grad_elems=1024 param_elems=1024 energy=0x1.52p-12 finite=1
ATTR_NAMED_GRAD block=640 name=w_o_1 grad=db53dffa grad_elems=1048576 param_elems=1048576 energy=0x1.1ep-11 finite=1
ATTR_NAMED_GRAD block=640 name=w_r_1 grad=81fa92de grad_elems=327680 param_elems=327680 energy=0x1.28p-28 finite=1
ATTR_NAMED_GRAD block=640 name=w_kv_1 grad=e18dd078 grad_elems=2097152 param_elems=2097152 energy=0x1.4ep-11 finite=1
ATTR_NAMED_GRAD block=640 name=w_q_1 grad=1fea96fa grad_elems=1048576 param_elems=1048576 energy=0x1.3p-16 finite=1
ATTR_NAMED_GRAD block=640 name=ln_g_2 grad=1ace34d5 grad_elems=1024 param_elems=1024 energy=0x1.bcp-28 finite=1
ATTR_NAMED_GRAD block=640 name=ln_b_2 grad=400f593f grad_elems=1024 param_elems=1024 energy=0x1.4cp-24 finite=1
ATTR_NAMED_GRAD block=640 name=ff2_0 grad=6ba66d56 grad_elems=3145728 param_elems=3145728 energy=0x1.b4p-8 finite=1
ATTR_NAMED_GRAD block=640 name=ff1_0 grad=cc24ab60 grad_elems=6291456 param_elems=6291456 energy=0x1.14p-8 finite=1
ATTR_NAMED_GRAD block=640 name=ln_g_1 grad=cd91e88b grad_elems=1024 param_elems=1024 energy=0x1.eep-20 finite=1
ATTR_NAMED_GRAD block=640 name=ln_b_1 grad=579307ed grad_elems=1024 param_elems=1024 energy=0x1.08p-20 finite=1
ATTR_NAMED_GRAD block=640 name=ff_bias1_0 grad=2473fe69 grad_elems=6144 param_elems=6144 energy=0x1.34p-18 finite=1
ATTR_NAMED_GRAD block=640 name=ff_bias2_0 grad=a8b7fd5a grad_elems=1024 param_elems=1024 energy=0x1.5cp-12 finite=1
ATTR_NAMED_GRAD block=640 name=w_o_0 grad=5427704e grad_elems=1048576 param_elems=1048576 energy=0x1.eap-12 finite=1
ATTR_NAMED_GRAD block=640 name=w_r_0 grad=ffcda25c grad_elems=327680 param_elems=327680 energy=0x1.34p-28 finite=1
ATTR_NAMED_GRAD block=640 name=b_r_0 grad=ca1974ee grad_elems=2560 param_elems=2560 energy=0x1.1ap-11 finite=1
ATTR_NAMED_GRAD block=640 name=w_kv_0 grad=e6a11cce grad_elems=2097152 param_elems=2097152 energy=0x1.1cp-11 finite=1
ATTR_NAMED_GRAD block=640 name=w_q_0 grad=93bc61cb grad_elems=1048576 param_elems=1048576 energy=0x1.58p-16 finite=1
ATTR_NAMED_GRAD block=640 name=ln_g_0 grad=0e1a950a grad_elems=1024 param_elems=1024 energy=0x1.02p-27 finite=1
ATTR_NAMED_GRAD block=640 name=ln_b_0 grad=e2cfbf15 grad_elems=1024 param_elems=1024 energy=0x1.e4p-24 finite=1
ATTR_NAMED_GRAD block=640 name=embed grad=3d00e9ed grad_elems=16785408 param_elems=16785408 energy=0x1.1ed2d4p-3 finite=1
ATTR_NAMED_GRAD block=640 name=ln_g_40 grad=89e530f6 grad_elems=1024 param_elems=1024 energy=0x1.86p-10 finite=1
ATTR_NAMED_GRAD block=640 name=ln_b_40 grad=eeda72ad grad_elems=1024 param_elems=1024 energy=0x1.bcp-11 finite=1
ATTR_NAMED_GRAD block=640 name=out_bias grad=88ddf344 grad_elems=16392 param_elems=16392 energy=0x1.a4p-10 finite=1
ATTR_HEAD arm=1 block=640 weight=367b494c bias=70528fb9
ATTR_STATE arm=1 block=640 step=22 params=eb982a10 memory=b30ec342
ATTR_NAMED_GRAD block=704 name=embed_out grad=4cc2c159 grad_elems=16785408 param_elems=16785408 energy=0x1.7p+0 finite=1
ATTR_NAMED_GRAD block=704 name=ff2_19 grad=525e3fd8 grad_elems=3145728 param_elems=3145728 energy=0x1.b4p-8 finite=1
ATTR_NAMED_GRAD block=704 name=ff1_19 grad=3740461d grad_elems=6291456 param_elems=6291456 energy=0x1.18p-8 finite=1
ATTR_NAMED_GRAD block=704 name=ln_g_39 grad=29452e1c grad_elems=1024 param_elems=1024 energy=0x1.12p-20 finite=1
ATTR_NAMED_GRAD block=704 name=ln_b_39 grad=ffc11770 grad_elems=1024 param_elems=1024 energy=0x1.4cp-20 finite=1
ATTR_NAMED_GRAD block=704 name=ff_bias1_19 grad=62b58c77 grad_elems=6144 param_elems=6144 energy=0x1.4cp-18 finite=1
ATTR_NAMED_GRAD block=704 name=ff_bias2_19 grad=67f6f73c grad_elems=1024 param_elems=1024 energy=0x1.fap-13 finite=1
ATTR_NAMED_GRAD block=704 name=w_o_19 grad=107c6b06 grad_elems=1048576 param_elems=1048576 energy=0x1.28p-5 finite=1
ATTR_NAMED_GRAD block=704 name=w_r_19 grad=c803a1a2 grad_elems=327680 param_elems=327680 energy=0x1.3cp-27 finite=1
ATTR_NAMED_GRAD block=704 name=w_kv_19 grad=3e684dbb grad_elems=2097152 param_elems=2097152 energy=0x1.14p-5 finite=1
ATTR_NAMED_GRAD block=704 name=w_q_19 grad=dfe681fc grad_elems=1048576 param_elems=1048576 energy=0x1.66p-14 finite=1
ATTR_NAMED_GRAD block=704 name=ln_g_38 grad=88243e70 grad_elems=1024 param_elems=1024 energy=0x1.f2p-24 finite=1
ATTR_NAMED_GRAD block=704 name=ln_b_38 grad=c1d46b20 grad_elems=1024 param_elems=1024 energy=0x1.2p-22 finite=1
ATTR_NAMED_GRAD block=704 name=ff2_18 grad=7e7d8740 grad_elems=3145728 param_elems=3145728 energy=0x1.b6p-8 finite=1
ATTR_NAMED_GRAD block=704 name=ff1_18 grad=68c73976 grad_elems=6291456 param_elems=6291456 energy=0x1.22p-8 finite=1
ATTR_NAMED_GRAD block=704 name=ln_g_37 grad=1dfe56ee grad_elems=1024 param_elems=1024 energy=0x1.ccp-21 finite=1
ATTR_NAMED_GRAD block=704 name=ln_b_37 grad=1283c90d grad_elems=1024 param_elems=1024 energy=0x1.1cp-20 finite=1
ATTR_NAMED_GRAD block=704 name=ff_bias1_18 grad=e0d029bc grad_elems=6144 param_elems=6144 energy=0x1.56p-18 finite=1
ATTR_NAMED_GRAD block=704 name=ff_bias2_18 grad=3985b1f7 grad_elems=1024 param_elems=1024 energy=0x1.fcp-13 finite=1
ATTR_NAMED_GRAD block=704 name=w_o_18 grad=d19a5d50 grad_elems=1048576 param_elems=1048576 energy=0x1.acp-6 finite=1
ATTR_NAMED_GRAD block=704 name=w_r_18 grad=6ece6d2a grad_elems=327680 param_elems=327680 energy=0x1.48p-27 finite=1
ATTR_NAMED_GRAD block=704 name=w_kv_18 grad=383894b3 grad_elems=2097152 param_elems=2097152 energy=0x1.cp-6 finite=1
ATTR_NAMED_GRAD block=704 name=w_q_18 grad=dd514b8c grad_elems=1048576 param_elems=1048576 energy=0x1.22p-13 finite=1
ATTR_NAMED_GRAD block=704 name=ln_g_36 grad=a5efb245 grad_elems=1024 param_elems=1024 energy=0x1.1ep-23 finite=1
ATTR_NAMED_GRAD block=704 name=ln_b_36 grad=2bce9ad8 grad_elems=1024 param_elems=1024 energy=0x1.a4p-22 finite=1
ATTR_NAMED_GRAD block=704 name=ff2_17 grad=4990020a grad_elems=3145728 param_elems=3145728 energy=0x1.dcp-8 finite=1
ATTR_NAMED_GRAD block=704 name=ff1_17 grad=ea40cd62 grad_elems=6291456 param_elems=6291456 energy=0x1.26p-8 finite=1
ATTR_NAMED_GRAD block=704 name=ln_g_35 grad=72c5e430 grad_elems=1024 param_elems=1024 energy=0x1p-20 finite=1
ATTR_NAMED_GRAD block=704 name=ln_b_35 grad=9a84fef1 grad_elems=1024 param_elems=1024 energy=0x1.56p-20 finite=1
ATTR_NAMED_GRAD block=704 name=ff_bias1_17 grad=6c3ae4fa grad_elems=6144 param_elems=6144 energy=0x1.64p-18 finite=1
ATTR_NAMED_GRAD block=704 name=ff_bias2_17 grad=a6788bfb grad_elems=1024 param_elems=1024 energy=0x1.f8p-13 finite=1
ATTR_NAMED_GRAD block=704 name=w_o_17 grad=576d525b grad_elems=1048576 param_elems=1048576 energy=0x1.0ap-6 finite=1
ATTR_NAMED_GRAD block=704 name=w_r_17 grad=fddcadac grad_elems=327680 param_elems=327680 energy=0x1.7ep-27 finite=1
ATTR_NAMED_GRAD block=704 name=w_kv_17 grad=8b2c64c1 grad_elems=2097152 param_elems=2097152 energy=0x1.4ap-6 finite=1
ATTR_NAMED_GRAD block=704 name=w_q_17 grad=caf85ad6 grad_elems=1048576 param_elems=1048576 energy=0x1.16p-13 finite=1
ATTR_NAMED_GRAD block=704 name=ln_g_34 grad=15c06781 grad_elems=1024 param_elems=1024 energy=0x1.1ep-23 finite=1
ATTR_NAMED_GRAD block=704 name=ln_b_34 grad=5e575cb4 grad_elems=1024 param_elems=1024 energy=0x1.02p-21 finite=1
ATTR_NAMED_GRAD block=704 name=ff2_16 grad=a3c6b99b grad_elems=3145728 param_elems=3145728 energy=0x1.aap-8 finite=1
ATTR_NAMED_GRAD block=704 name=ff1_16 grad=168086cd grad_elems=6291456 param_elems=6291456 energy=0x1.14p-8 finite=1
ATTR_NAMED_GRAD block=704 name=ln_g_33 grad=4267f8a9 grad_elems=1024 param_elems=1024 energy=0x1.d6p-21 finite=1
ATTR_NAMED_GRAD block=704 name=ln_b_33 grad=e282c131 grad_elems=1024 param_elems=1024 energy=0x1.3p-20 finite=1
ATTR_NAMED_GRAD block=704 name=ff_bias1_16 grad=866fcdba grad_elems=6144 param_elems=6144 energy=0x1.44p-18 finite=1
ATTR_NAMED_GRAD block=704 name=ff_bias2_16 grad=5952ae6b grad_elems=1024 param_elems=1024 energy=0x1.f6p-13 finite=1
ATTR_NAMED_GRAD block=704 name=w_o_16 grad=f47c86a5 grad_elems=1048576 param_elems=1048576 energy=0x1.6ap-7 finite=1
ATTR_NAMED_GRAD block=704 name=w_r_16 grad=9a646fe3 grad_elems=327680 param_elems=327680 energy=0x1.3ep-28 finite=1
ATTR_NAMED_GRAD block=704 name=w_kv_16 grad=0e6c7a46 grad_elems=2097152 param_elems=2097152 energy=0x1.0ap-6 finite=1
ATTR_NAMED_GRAD block=704 name=w_q_16 grad=36f5f052 grad_elems=1048576 param_elems=1048576 energy=0x1.52p-15 finite=1
ATTR_NAMED_GRAD block=704 name=ln_g_32 grad=78c95f3c grad_elems=1024 param_elems=1024 energy=0x1.74p-25 finite=1
ATTR_NAMED_GRAD block=704 name=ln_b_32 grad=933cfed5 grad_elems=1024 param_elems=1024 energy=0x1.0ep-23 finite=1
ATTR_NAMED_GRAD block=704 name=ff2_15 grad=06957b26 grad_elems=3145728 param_elems=3145728 energy=0x1.b6p-8 finite=1
ATTR_NAMED_GRAD block=704 name=ff1_15 grad=cec11ea6 grad_elems=6291456 param_elems=6291456 energy=0x1.14p-8 finite=1
ATTR_NAMED_GRAD block=704 name=ln_g_31 grad=b544b79c grad_elems=1024 param_elems=1024 energy=0x1.c8p-21 finite=1
ATTR_NAMED_GRAD block=704 name=ln_b_31 grad=2858693f grad_elems=1024 param_elems=1024 energy=0x1.1ap-20 finite=1
ATTR_NAMED_GRAD block=704 name=ff_bias1_15 grad=35e2f836 grad_elems=6144 param_elems=6144 energy=0x1.38p-18 finite=1
ATTR_NAMED_GRAD block=704 name=ff_bias2_15 grad=359c8093 grad_elems=1024 param_elems=1024 energy=0x1.fap-13 finite=1
ATTR_NAMED_GRAD block=704 name=w_o_15 grad=22b3394c grad_elems=1048576 param_elems=1048576 energy=0x1.24p-7 finite=1
ATTR_NAMED_GRAD block=704 name=w_r_15 grad=e583e806 grad_elems=327680 param_elems=327680 energy=0x1.38p-28 finite=1
ATTR_NAMED_GRAD block=704 name=w_kv_15 grad=133133c6 grad_elems=2097152 param_elems=2097152 energy=0x1.9p-7 finite=1
ATTR_NAMED_GRAD block=704 name=w_q_15 grad=50c253fd grad_elems=1048576 param_elems=1048576 energy=0x1.26p-15 finite=1
ATTR_NAMED_GRAD block=704 name=ln_g_30 grad=97c2785f grad_elems=1024 param_elems=1024 energy=0x1.4p-25 finite=1
ATTR_NAMED_GRAD block=704 name=ln_b_30 grad=cbe96bf5 grad_elems=1024 param_elems=1024 energy=0x1.1ap-23 finite=1
ATTR_NAMED_GRAD block=704 name=ff2_14 grad=5218ce7e grad_elems=3145728 param_elems=3145728 energy=0x1.a6p-8 finite=1
ATTR_NAMED_GRAD block=704 name=ff1_14 grad=9a0cec32 grad_elems=6291456 param_elems=6291456 energy=0x1.0ep-8 finite=1
ATTR_NAMED_GRAD block=704 name=ln_g_29 grad=7dca007b grad_elems=1024 param_elems=1024 energy=0x1.f6p-21 finite=1
ATTR_NAMED_GRAD block=704 name=ln_b_29 grad=84804f1f grad_elems=1024 param_elems=1024 energy=0x1.1cp-20 finite=1
ATTR_NAMED_GRAD block=704 name=ff_bias1_14 grad=8d9a482e grad_elems=6144 param_elems=6144 energy=0x1.3cp-18 finite=1
ATTR_NAMED_GRAD block=704 name=ff_bias2_14 grad=a842c857 grad_elems=1024 param_elems=1024 energy=0x1.02p-12 finite=1
ATTR_NAMED_GRAD block=704 name=w_o_14 grad=46d363ed grad_elems=1048576 param_elems=1048576 energy=0x1.cep-8 finite=1
ATTR_NAMED_GRAD block=704 name=w_r_14 grad=f173e2c6 grad_elems=327680 param_elems=327680 energy=0x1.14p-28 finite=1
ATTR_NAMED_GRAD block=704 name=w_kv_14 grad=b8256bdf grad_elems=2097152 param_elems=2097152 energy=0x1.4p-7 finite=1
ATTR_NAMED_GRAD block=704 name=w_q_14 grad=48f5ee25 grad_elems=1048576 param_elems=1048576 energy=0x1.c6p-16 finite=1
ATTR_NAMED_GRAD block=704 name=ln_g_28 grad=2f267ce4 grad_elems=1024 param_elems=1024 energy=0x1.6ep-26 finite=1
ATTR_NAMED_GRAD block=704 name=ln_b_28 grad=0166b9e4 grad_elems=1024 param_elems=1024 energy=0x1.42p-24 finite=1
ATTR_NAMED_GRAD block=704 name=ff2_13 grad=9ba979f5 grad_elems=3145728 param_elems=3145728 energy=0x1.a8p-8 finite=1
ATTR_NAMED_GRAD block=704 name=ff1_13 grad=e3c3f964 grad_elems=6291456 param_elems=6291456 energy=0x1.1p-8 finite=1
ATTR_NAMED_GRAD block=704 name=ln_g_27 grad=399cd626 grad_elems=1024 param_elems=1024 energy=0x1.ep-21 finite=1
ATTR_NAMED_GRAD block=704 name=ln_b_27 grad=8958d46e grad_elems=1024 param_elems=1024 energy=0x1.06p-20 finite=1
ATTR_NAMED_GRAD block=704 name=ff_bias1_13 grad=bf1d66bc grad_elems=6144 param_elems=6144 energy=0x1.3ep-18 finite=1
ATTR_NAMED_GRAD block=704 name=ff_bias2_13 grad=b9a5071d grad_elems=1024 param_elems=1024 energy=0x1.06p-12 finite=1
ATTR_NAMED_GRAD block=704 name=w_o_13 grad=2b4774ea grad_elems=1048576 param_elems=1048576 energy=0x1.8ep-8 finite=1
ATTR_NAMED_GRAD block=704 name=w_r_13 grad=8f1fbab0 grad_elems=327680 param_elems=327680 energy=0x1.ep-29 finite=1
ATTR_NAMED_GRAD block=704 name=w_kv_13 grad=2d5e3ec0 grad_elems=2097152 param_elems=2097152 energy=0x1.12p-7 finite=1
ATTR_NAMED_GRAD block=704 name=w_q_13 grad=d251009e grad_elems=1048576 param_elems=1048576 energy=0x1.48p-16 finite=1
ATTR_NAMED_GRAD block=704 name=ln_g_26 grad=17422580 grad_elems=1024 param_elems=1024 energy=0x1.12p-26 finite=1
ATTR_NAMED_GRAD block=704 name=ln_b_26 grad=a8e95eb6 grad_elems=1024 param_elems=1024 energy=0x1.38p-24 finite=1
ATTR_NAMED_GRAD block=704 name=ff2_12 grad=9fdc7310 grad_elems=3145728 param_elems=3145728 energy=0x1.a4p-8 finite=1
ATTR_NAMED_GRAD block=704 name=ff1_12 grad=aad35efd grad_elems=6291456 param_elems=6291456 energy=0x1.0ep-8 finite=1
ATTR_NAMED_GRAD block=704 name=ln_g_25 grad=b6b2f830 grad_elems=1024 param_elems=1024 energy=0x1.1ep-20 finite=1
ATTR_NAMED_GRAD block=704 name=ln_b_25 grad=2965f667 grad_elems=1024 param_elems=1024 energy=0x1p-20 finite=1
ATTR_NAMED_GRAD block=704 name=ff_bias1_12 grad=e89fc7fb grad_elems=6144 param_elems=6144 energy=0x1.2cp-18 finite=1
ATTR_NAMED_GRAD block=704 name=ff_bias2_12 grad=5ea5641e grad_elems=1024 param_elems=1024 energy=0x1.0cp-12 finite=1
ATTR_NAMED_GRAD block=704 name=w_o_12 grad=da73ea51 grad_elems=1048576 param_elems=1048576 energy=0x1.54p-8 finite=1
ATTR_NAMED_GRAD block=704 name=w_r_12 grad=dec5c5e6 grad_elems=327680 param_elems=327680 energy=0x1.dap-29 finite=1
ATTR_NAMED_GRAD block=704 name=w_kv_12 grad=e5fb3126 grad_elems=2097152 param_elems=2097152 energy=0x1.bp-8 finite=1
ATTR_NAMED_GRAD block=704 name=w_q_12 grad=68cdf6e6 grad_elems=1048576 param_elems=1048576 energy=0x1.08p-16 finite=1
ATTR_NAMED_GRAD block=704 name=ln_g_24 grad=a7f1a531 grad_elems=1024 param_elems=1024 energy=0x1.9p-27 finite=1
ATTR_NAMED_GRAD block=704 name=ln_b_24 grad=20c4a440 grad_elems=1024 param_elems=1024 energy=0x1.0ep-24 finite=1
ATTR_NAMED_GRAD block=704 name=ff2_11 grad=3b5449a2 grad_elems=3145728 param_elems=3145728 energy=0x1.a8p-8 finite=1
ATTR_NAMED_GRAD block=704 name=ff1_11 grad=5065d6a8 grad_elems=6291456 param_elems=6291456 energy=0x1.1p-8 finite=1
ATTR_NAMED_GRAD block=704 name=ln_g_23 grad=5c8bce6c grad_elems=1024 param_elems=1024 energy=0x1.0cp-20 finite=1
ATTR_NAMED_GRAD block=704 name=ln_b_23 grad=b76af408 grad_elems=1024 param_elems=1024 energy=0x1.08p-20 finite=1
ATTR_NAMED_GRAD block=704 name=ff_bias1_11 grad=4029264a grad_elems=6144 param_elems=6144 energy=0x1.2cp-18 finite=1
ATTR_NAMED_GRAD block=704 name=ff_bias2_11 grad=572a53c7 grad_elems=1024 param_elems=1024 energy=0x1.1p-12 finite=1
ATTR_NAMED_GRAD block=704 name=w_o_11 grad=bc7ba25a grad_elems=1048576 param_elems=1048576 energy=0x1.1ep-8 finite=1
ATTR_NAMED_GRAD block=704 name=w_r_11 grad=ac3fe1a1 grad_elems=327680 param_elems=327680 energy=0x1.f4p-29 finite=1
ATTR_NAMED_GRAD block=704 name=w_kv_11 grad=1179b299 grad_elems=2097152 param_elems=2097152 energy=0x1.72p-8 finite=1
ATTR_NAMED_GRAD block=704 name=w_q_11 grad=6b7fac93 grad_elems=1048576 param_elems=1048576 energy=0x1p-16 finite=1
ATTR_NAMED_GRAD block=704 name=ln_g_22 grad=b840b63e grad_elems=1024 param_elems=1024 energy=0x1.76p-27 finite=1
ATTR_NAMED_GRAD block=704 name=ln_b_22 grad=39d7ba9d grad_elems=1024 param_elems=1024 energy=0x1.0ep-24 finite=1
ATTR_NAMED_GRAD block=704 name=ff2_10 grad=a32c57b3 grad_elems=3145728 param_elems=3145728 energy=0x1.a8p-8 finite=1
ATTR_NAMED_GRAD block=704 name=ff1_10 grad=2e477dc2 grad_elems=6291456 param_elems=6291456 energy=0x1.1p-8 finite=1
ATTR_NAMED_GRAD block=704 name=ln_g_21 grad=f528b19f grad_elems=1024 param_elems=1024 energy=0x1.14p-20 finite=1
ATTR_NAMED_GRAD block=704 name=ln_b_21 grad=0de8925a grad_elems=1024 param_elems=1024 energy=0x1.1p-20 finite=1
ATTR_NAMED_GRAD block=704 name=ff_bias1_10 grad=beaa507e grad_elems=6144 param_elems=6144 energy=0x1.34p-18 finite=1
ATTR_NAMED_GRAD block=704 name=ff_bias2_10 grad=e2622b6b grad_elems=1024 param_elems=1024 energy=0x1.18p-12 finite=1
ATTR_NAMED_GRAD block=704 name=w_o_10 grad=c41c7a21 grad_elems=1048576 param_elems=1048576 energy=0x1.e2p-9 finite=1
ATTR_NAMED_GRAD block=704 name=w_r_10 grad=b3c5de6f grad_elems=327680 param_elems=327680 energy=0x1p-28 finite=1
ATTR_NAMED_GRAD block=704 name=w_kv_10 grad=d2a8239d grad_elems=2097152 param_elems=2097152 energy=0x1.3cp-8 finite=1
ATTR_NAMED_GRAD block=704 name=w_q_10 grad=bc777c57 grad_elems=1048576 param_elems=1048576 energy=0x1.e4p-17 finite=1
ATTR_NAMED_GRAD block=704 name=ln_g_20 grad=f37e6556 grad_elems=1024 param_elems=1024 energy=0x1.4ap-27 finite=1
ATTR_NAMED_GRAD block=704 name=ln_b_20 grad=58a05bca grad_elems=1024 param_elems=1024 energy=0x1.32p-24 finite=1
ATTR_NAMED_GRAD block=704 name=ff2_9 grad=4abca1f1 grad_elems=3145728 param_elems=3145728 energy=0x1.acp-8 finite=1
ATTR_NAMED_GRAD block=704 name=ff1_9 grad=80c403a5 grad_elems=6291456 param_elems=6291456 energy=0x1.12p-8 finite=1
ATTR_NAMED_GRAD block=704 name=ln_g_19 grad=82b92fbf grad_elems=1024 param_elems=1024 energy=0x1.2cp-20 finite=1
ATTR_NAMED_GRAD block=704 name=ln_b_19 grad=3aa26f96 grad_elems=1024 param_elems=1024 energy=0x1.18p-20 finite=1
ATTR_NAMED_GRAD block=704 name=ff_bias1_9 grad=49c3dd48 grad_elems=6144 param_elems=6144 energy=0x1.32p-18 finite=1
ATTR_NAMED_GRAD block=704 name=ff_bias2_9 grad=3fa3e32e grad_elems=1024 param_elems=1024 energy=0x1.2p-12 finite=1
ATTR_NAMED_GRAD block=704 name=w_o_9 grad=a4655d7a grad_elems=1048576 param_elems=1048576 energy=0x1.96p-9 finite=1
ATTR_NAMED_GRAD block=704 name=w_r_9 grad=da947308 grad_elems=327680 param_elems=327680 energy=0x1.0ap-28 finite=1
ATTR_NAMED_GRAD block=704 name=w_kv_9 grad=c77f144d grad_elems=2097152 param_elems=2097152 energy=0x1.eep-9 finite=1
ATTR_NAMED_GRAD block=704 name=w_q_9 grad=15c91d44 grad_elems=1048576 param_elems=1048576 energy=0x1.fep-17 finite=1
ATTR_NAMED_GRAD block=704 name=ln_g_18 grad=dcd8af0f grad_elems=1024 param_elems=1024 energy=0x1.2ep-27 finite=1
ATTR_NAMED_GRAD block=704 name=ln_b_18 grad=bd74bbfc grad_elems=1024 param_elems=1024 energy=0x1.28p-24 finite=1
ATTR_NAMED_GRAD block=704 name=ff2_8 grad=7ea7b9f3 grad_elems=3145728 param_elems=3145728 energy=0x1.b6p-8 finite=1
ATTR_NAMED_GRAD block=704 name=ff1_8 grad=4360e12a grad_elems=6291456 param_elems=6291456 energy=0x1.18p-8 finite=1
ATTR_NAMED_GRAD block=704 name=ln_g_17 grad=a89dc02b grad_elems=1024 param_elems=1024 energy=0x1.2p-20 finite=1
ATTR_NAMED_GRAD block=704 name=ln_b_17 grad=37e8bf7a grad_elems=1024 param_elems=1024 energy=0x1.f8p-21 finite=1
ATTR_NAMED_GRAD block=704 name=ff_bias1_8 grad=da7acf4e grad_elems=6144 param_elems=6144 energy=0x1.36p-18 finite=1
ATTR_NAMED_GRAD block=704 name=ff_bias2_8 grad=143ba3d4 grad_elems=1024 param_elems=1024 energy=0x1.26p-12 finite=1
ATTR_NAMED_GRAD block=704 name=w_o_8 grad=26e418a3 grad_elems=1048576 param_elems=1048576 energy=0x1.4ep-9 finite=1
ATTR_NAMED_GRAD block=704 name=w_r_8 grad=4b6c43b4 grad_elems=327680 param_elems=327680 energy=0x1.16p-28 finite=1
ATTR_NAMED_GRAD block=704 name=w_kv_8 grad=a098db8d grad_elems=2097152 param_elems=2097152 energy=0x1.92p-9 finite=1
ATTR_NAMED_GRAD block=704 name=w_q_8 grad=f3348764 grad_elems=1048576 param_elems=1048576 energy=0x1.04p-16 finite=1
ATTR_NAMED_GRAD block=704 name=ln_g_16 grad=4154b66d grad_elems=1024 param_elems=1024 energy=0x1.0ep-27 finite=1
ATTR_NAMED_GRAD block=704 name=ln_b_16 grad=8c812b3f grad_elems=1024 param_elems=1024 energy=0x1.3ep-24 finite=1
ATTR_NAMED_GRAD block=704 name=ff2_7 grad=0ae80dc5 grad_elems=3145728 param_elems=3145728 energy=0x1.c2p-8 finite=1
ATTR_NAMED_GRAD block=704 name=ff1_7 grad=29908b55 grad_elems=6291456 param_elems=6291456 energy=0x1.1ep-8 finite=1
ATTR_NAMED_GRAD block=704 name=ln_g_15 grad=b7654e6f grad_elems=1024 param_elems=1024 energy=0x1.14p-20 finite=1
ATTR_NAMED_GRAD block=704 name=ln_b_15 grad=be933459 grad_elems=1024 param_elems=1024 energy=0x1.06p-20 finite=1
ATTR_NAMED_GRAD block=704 name=ff_bias1_7 grad=b24dd8ec grad_elems=6144 param_elems=6144 energy=0x1.42p-18 finite=1
ATTR_NAMED_GRAD block=704 name=ff_bias2_7 grad=51e1b7d9 grad_elems=1024 param_elems=1024 energy=0x1.2cp-12 finite=1
ATTR_NAMED_GRAD block=704 name=w_o_7 grad=2df26aaa grad_elems=1048576 param_elems=1048576 energy=0x1.0ep-9 finite=1
ATTR_NAMED_GRAD block=704 name=w_r_7 grad=68fea43c grad_elems=327680 param_elems=327680 energy=0x1.2p-28 finite=1
ATTR_NAMED_GRAD block=704 name=w_kv_7 grad=108efe13 grad_elems=2097152 param_elems=2097152 energy=0x1.44p-9 finite=1
ATTR_NAMED_GRAD block=704 name=w_q_7 grad=9a758f31 grad_elems=1048576 param_elems=1048576 energy=0x1.1p-16 finite=1
ATTR_NAMED_GRAD block=704 name=ln_g_14 grad=6fee6e47 grad_elems=1024 param_elems=1024 energy=0x1.0ep-27 finite=1
ATTR_NAMED_GRAD block=704 name=ln_b_14 grad=7235487a grad_elems=1024 param_elems=1024 energy=0x1.1p-24 finite=1
ATTR_NAMED_GRAD block=704 name=ff2_6 grad=75977c22 grad_elems=3145728 param_elems=3145728 energy=0x1.d4p-8 finite=1
ATTR_NAMED_GRAD block=704 name=ff1_6 grad=d8d220ba grad_elems=6291456 param_elems=6291456 energy=0x1.24p-8 finite=1
ATTR_NAMED_GRAD block=704 name=ln_g_13 grad=a9f92225 grad_elems=1024 param_elems=1024 energy=0x1.3cp-20 finite=1
ATTR_NAMED_GRAD block=704 name=ln_b_13 grad=7e595fda grad_elems=1024 param_elems=1024 energy=0x1.1ap-20 finite=1
ATTR_NAMED_GRAD block=704 name=ff_bias1_6 grad=dd124cdc grad_elems=6144 param_elems=6144 energy=0x1.44p-18 finite=1
ATTR_NAMED_GRAD block=704 name=ff_bias2_6 grad=ec404563 grad_elems=1024 param_elems=1024 energy=0x1.32p-12 finite=1
ATTR_NAMED_GRAD block=704 name=w_o_6 grad=07a1da1e grad_elems=1048576 param_elems=1048576 energy=0x1.b2p-10 finite=1
ATTR_NAMED_GRAD block=704 name=w_r_6 grad=6b48013b grad_elems=327680 param_elems=327680 energy=0x1.2ep-28 finite=1
ATTR_NAMED_GRAD block=704 name=w_kv_6 grad=4acb8c7f grad_elems=2097152 param_elems=2097152 energy=0x1.1p-9 finite=1
ATTR_NAMED_GRAD block=704 name=w_q_6 grad=ec6d11cf grad_elems=1048576 param_elems=1048576 energy=0x1.16p-16 finite=1
ATTR_NAMED_GRAD block=704 name=ln_g_12 grad=373e3ed0 grad_elems=1024 param_elems=1024 energy=0x1.0ap-27 finite=1
ATTR_NAMED_GRAD block=704 name=ln_b_12 grad=cd785485 grad_elems=1024 param_elems=1024 energy=0x1.22p-24 finite=1
ATTR_NAMED_GRAD block=704 name=ff2_5 grad=de586aa6 grad_elems=3145728 param_elems=3145728 energy=0x1.dap-8 finite=1
ATTR_NAMED_GRAD block=704 name=ff1_5 grad=7fc58dcc grad_elems=6291456 param_elems=6291456 energy=0x1.2cp-8 finite=1
ATTR_NAMED_GRAD block=704 name=ln_g_11 grad=737b3626 grad_elems=1024 param_elems=1024 energy=0x1.36p-20 finite=1
ATTR_NAMED_GRAD block=704 name=ln_b_11 grad=b1ca7e62 grad_elems=1024 param_elems=1024 energy=0x1.1cp-20 finite=1
ATTR_NAMED_GRAD block=704 name=ff_bias1_5 grad=1eff6463 grad_elems=6144 param_elems=6144 energy=0x1.48p-18 finite=1
ATTR_NAMED_GRAD block=704 name=ff_bias2_5 grad=ad2c9e91 grad_elems=1024 param_elems=1024 energy=0x1.38p-12 finite=1
ATTR_NAMED_GRAD block=704 name=w_o_5 grad=6ec21f08 grad_elems=1048576 param_elems=1048576 energy=0x1.74p-10 finite=1
ATTR_NAMED_GRAD block=704 name=w_r_5 grad=f214a65a grad_elems=327680 param_elems=327680 energy=0x1.3cp-28 finite=1
ATTR_NAMED_GRAD block=704 name=w_kv_5 grad=68b975a9 grad_elems=2097152 param_elems=2097152 energy=0x1.c4p-10 finite=1
ATTR_NAMED_GRAD block=704 name=w_q_5 grad=53dcf729 grad_elems=1048576 param_elems=1048576 energy=0x1.24p-16 finite=1
ATTR_NAMED_GRAD block=704 name=ln_g_10 grad=9fddf3a6 grad_elems=1024 param_elems=1024 energy=0x1.f8p-28 finite=1
ATTR_NAMED_GRAD block=704 name=ln_b_10 grad=fdb1519d grad_elems=1024 param_elems=1024 energy=0x1.2ep-24 finite=1
ATTR_NAMED_GRAD block=704 name=ff2_4 grad=8c79d37d grad_elems=3145728 param_elems=3145728 energy=0x1.e2p-8 finite=1
ATTR_NAMED_GRAD block=704 name=ff1_4 grad=3af85cc9 grad_elems=6291456 param_elems=6291456 energy=0x1.3p-8 finite=1
ATTR_NAMED_GRAD block=704 name=ln_g_9 grad=e3e6cfb8 grad_elems=1024 param_elems=1024 energy=0x1.2p-20 finite=1
ATTR_NAMED_GRAD block=704 name=ln_b_9 grad=e9a93fe9 grad_elems=1024 param_elems=1024 energy=0x1.1ep-20 finite=1
ATTR_NAMED_GRAD block=704 name=ff_bias1_4 grad=3c8f8d56 grad_elems=6144 param_elems=6144 energy=0x1.48p-18 finite=1
ATTR_NAMED_GRAD block=704 name=ff_bias2_4 grad=b281997d grad_elems=1024 param_elems=1024 energy=0x1.3ep-12 finite=1
ATTR_NAMED_GRAD block=704 name=w_o_4 grad=b6a8d343 grad_elems=1048576 param_elems=1048576 energy=0x1.2p-10 finite=1
ATTR_NAMED_GRAD block=704 name=w_r_4 grad=6803609f grad_elems=327680 param_elems=327680 energy=0x1.46p-28 finite=1
ATTR_NAMED_GRAD block=704 name=w_kv_4 grad=610ae3c1 grad_elems=2097152 param_elems=2097152 energy=0x1.6cp-10 finite=1
ATTR_NAMED_GRAD block=704 name=w_q_4 grad=0e7e0e90 grad_elems=1048576 param_elems=1048576 energy=0x1.3ap-16 finite=1
ATTR_NAMED_GRAD block=704 name=ln_g_8 grad=2c90823f grad_elems=1024 param_elems=1024 energy=0x1.f8p-28 finite=1
ATTR_NAMED_GRAD block=704 name=ln_b_8 grad=2746c42e grad_elems=1024 param_elems=1024 energy=0x1.34p-24 finite=1
ATTR_NAMED_GRAD block=704 name=ff2_3 grad=bc59dc13 grad_elems=3145728 param_elems=3145728 energy=0x1.fap-8 finite=1
ATTR_NAMED_GRAD block=704 name=ff1_3 grad=ed8e8b89 grad_elems=6291456 param_elems=6291456 energy=0x1.3ap-8 finite=1
ATTR_NAMED_GRAD block=704 name=ln_g_7 grad=45e9133d grad_elems=1024 param_elems=1024 energy=0x1.16p-20 finite=1
ATTR_NAMED_GRAD block=704 name=ln_b_7 grad=9ba58d0c grad_elems=1024 param_elems=1024 energy=0x1.2ap-20 finite=1
ATTR_NAMED_GRAD block=704 name=ff_bias1_3 grad=e9ba94bc grad_elems=6144 param_elems=6144 energy=0x1.48p-18 finite=1
ATTR_NAMED_GRAD block=704 name=ff_bias2_3 grad=c3014a34 grad_elems=1024 param_elems=1024 energy=0x1.42p-12 finite=1
ATTR_NAMED_GRAD block=704 name=w_o_3 grad=836debc6 grad_elems=1048576 param_elems=1048576 energy=0x1.dap-11 finite=1
ATTR_NAMED_GRAD block=704 name=w_r_3 grad=8e01d4aa grad_elems=327680 param_elems=327680 energy=0x1.54p-28 finite=1
ATTR_NAMED_GRAD block=704 name=w_kv_3 grad=59e1c90f grad_elems=2097152 param_elems=2097152 energy=0x1.18p-10 finite=1
ATTR_NAMED_GRAD block=704 name=w_q_3 grad=c484707c grad_elems=1048576 param_elems=1048576 energy=0x1.5p-16 finite=1
ATTR_NAMED_GRAD block=704 name=ln_g_6 grad=8922bfbb grad_elems=1024 param_elems=1024 energy=0x1.fap-28 finite=1
ATTR_NAMED_GRAD block=704 name=ln_b_6 grad=da9eca55 grad_elems=1024 param_elems=1024 energy=0x1.2p-24 finite=1
ATTR_NAMED_GRAD block=704 name=ff2_2 grad=627d5d2d grad_elems=3145728 param_elems=3145728 energy=0x1p-7 finite=1
ATTR_NAMED_GRAD block=704 name=ff1_2 grad=942982ee grad_elems=6291456 param_elems=6291456 energy=0x1.4p-8 finite=1
ATTR_NAMED_GRAD block=704 name=ln_g_5 grad=e98f9ecf grad_elems=1024 param_elems=1024 energy=0x1.4cp-20 finite=1
ATTR_NAMED_GRAD block=704 name=ln_b_5 grad=53071cf2 grad_elems=1024 param_elems=1024 energy=0x1.1ep-20 finite=1
ATTR_NAMED_GRAD block=704 name=ff_bias1_2 grad=c2c3db53 grad_elems=6144 param_elems=6144 energy=0x1.54p-18 finite=1
ATTR_NAMED_GRAD block=704 name=ff_bias2_2 grad=0d6ce172 grad_elems=1024 param_elems=1024 energy=0x1.48p-12 finite=1
ATTR_NAMED_GRAD block=704 name=w_o_2 grad=ff5bca7b grad_elems=1048576 param_elems=1048576 energy=0x1.7ep-11 finite=1
ATTR_NAMED_GRAD block=704 name=w_r_2 grad=736b4361 grad_elems=327680 param_elems=327680 energy=0x1.5ep-28 finite=1
ATTR_NAMED_GRAD block=704 name=w_kv_2 grad=3d38e3da grad_elems=2097152 param_elems=2097152 energy=0x1.cep-11 finite=1
ATTR_NAMED_GRAD block=704 name=w_q_2 grad=003a298e grad_elems=1048576 param_elems=1048576 energy=0x1.5ep-16 finite=1
ATTR_NAMED_GRAD block=704 name=ln_g_4 grad=47325c21 grad_elems=1024 param_elems=1024 energy=0x1.06p-27 finite=1
ATTR_NAMED_GRAD block=704 name=ln_b_4 grad=b4d69004 grad_elems=1024 param_elems=1024 energy=0x1.eap-25 finite=1
ATTR_NAMED_GRAD block=704 name=ff2_1 grad=7cd8a57a grad_elems=3145728 param_elems=3145728 energy=0x1.02p-7 finite=1
ATTR_NAMED_GRAD block=704 name=ff1_1 grad=d81c6b78 grad_elems=6291456 param_elems=6291456 energy=0x1.48p-8 finite=1
ATTR_NAMED_GRAD block=704 name=ln_g_3 grad=e4378989 grad_elems=1024 param_elems=1024 energy=0x1.3ep-20 finite=1
ATTR_NAMED_GRAD block=704 name=ln_b_3 grad=765e8de0 grad_elems=1024 param_elems=1024 energy=0x1.0ep-20 finite=1
ATTR_NAMED_GRAD block=704 name=ff_bias1_1 grad=fdb75c97 grad_elems=6144 param_elems=6144 energy=0x1.54p-18 finite=1
ATTR_NAMED_GRAD block=704 name=ff_bias2_1 grad=c64323b0 grad_elems=1024 param_elems=1024 energy=0x1.4ep-12 finite=1
ATTR_NAMED_GRAD block=704 name=w_o_1 grad=37702fa8 grad_elems=1048576 param_elems=1048576 energy=0x1.42p-11 finite=1
ATTR_NAMED_GRAD block=704 name=w_r_1 grad=af94951d grad_elems=327680 param_elems=327680 energy=0x1.72p-28 finite=1
ATTR_NAMED_GRAD block=704 name=w_kv_1 grad=052bf4f1 grad_elems=2097152 param_elems=2097152 energy=0x1.7p-11 finite=1
ATTR_NAMED_GRAD block=704 name=w_q_1 grad=e88f2729 grad_elems=1048576 param_elems=1048576 energy=0x1.86p-16 finite=1
ATTR_NAMED_GRAD block=704 name=ln_g_2 grad=3be528ef grad_elems=1024 param_elems=1024 energy=0x1.1ep-27 finite=1
ATTR_NAMED_GRAD block=704 name=ln_b_2 grad=3dd32eec grad_elems=1024 param_elems=1024 energy=0x1.2cp-24 finite=1
ATTR_NAMED_GRAD block=704 name=ff2_0 grad=ceef541b grad_elems=3145728 param_elems=3145728 energy=0x1.0ap-7 finite=1
ATTR_NAMED_GRAD block=704 name=ff1_0 grad=18376a44 grad_elems=6291456 param_elems=6291456 energy=0x1.5p-8 finite=1
ATTR_NAMED_GRAD block=704 name=ln_g_1 grad=18cbda5f grad_elems=1024 param_elems=1024 energy=0x1.38p-20 finite=1
ATTR_NAMED_GRAD block=704 name=ln_b_1 grad=76ec394f grad_elems=1024 param_elems=1024 energy=0x1.3ap-20 finite=1
ATTR_NAMED_GRAD block=704 name=ff_bias1_0 grad=9559243c grad_elems=6144 param_elems=6144 energy=0x1.66p-18 finite=1
ATTR_NAMED_GRAD block=704 name=ff_bias2_0 grad=61c199cf grad_elems=1024 param_elems=1024 energy=0x1.52p-12 finite=1
ATTR_NAMED_GRAD block=704 name=w_o_0 grad=cb8ff4b6 grad_elems=1048576 param_elems=1048576 energy=0x1.1p-11 finite=1
ATTR_NAMED_GRAD block=704 name=w_r_0 grad=5ec87ec2 grad_elems=327680 param_elems=327680 energy=0x1.7cp-28 finite=1
ATTR_NAMED_GRAD block=704 name=b_r_0 grad=951f5a24 grad_elems=2560 param_elems=2560 energy=0x1.9cp-11 finite=1
ATTR_NAMED_GRAD block=704 name=w_kv_0 grad=ca086ffe grad_elems=2097152 param_elems=2097152 energy=0x1.34p-11 finite=1
ATTR_NAMED_GRAD block=704 name=w_q_0 grad=4d65b6ab grad_elems=1048576 param_elems=1048576 energy=0x1.9cp-16 finite=1
ATTR_NAMED_GRAD block=704 name=ln_g_0 grad=f6f0f69a grad_elems=1024 param_elems=1024 energy=0x1.24p-27 finite=1
ATTR_NAMED_GRAD block=704 name=ln_b_0 grad=c67806dd grad_elems=1024 param_elems=1024 energy=0x1.26p-24 finite=1
ATTR_NAMED_GRAD block=704 name=embed grad=b2ccd5c0 grad_elems=16785408 param_elems=16785408 energy=0x1.5d72eep-3 finite=1
ATTR_NAMED_GRAD block=704 name=ln_g_40 grad=868444fe grad_elems=1024 param_elems=1024 energy=0x1.ep-11 finite=1
ATTR_NAMED_GRAD block=704 name=ln_b_40 grad=8da4cbca grad_elems=1024 param_elems=1024 energy=0x1.b8p-11 finite=1
ATTR_NAMED_GRAD block=704 name=out_bias grad=b7f50cec grad_elems=16392 param_elems=16392 energy=0x1.96p-10 finite=1
ATTR_HEAD arm=1 block=704 weight=ebf69df6 bias=9c4b6bb2
ATTR_STATE arm=1 block=704 step=24 params=cd7de603 memory=4b4477ee
ATTR_NAMED_GRAD block=768 name=embed_out grad=7cb9aad2 grad_elems=16785408 param_elems=16785408 energy=0x1.08p+1 finite=1
ATTR_NAMED_GRAD block=768 name=ff2_19 grad=94fe5b76 grad_elems=3145728 param_elems=3145728 energy=0x1.1p-7 finite=1
ATTR_NAMED_GRAD block=768 name=ff1_19 grad=6c859035 grad_elems=6291456 param_elems=6291456 energy=0x1.98p-8 finite=1
ATTR_NAMED_GRAD block=768 name=ln_g_39 grad=3fd38920 grad_elems=1024 param_elems=1024 energy=0x1.ccp-20 finite=1
ATTR_NAMED_GRAD block=768 name=ln_b_39 grad=d1245ca5 grad_elems=1024 param_elems=1024 energy=0x1.44p-19 finite=1
ATTR_NAMED_GRAD block=768 name=ff_bias1_19 grad=69d7333f grad_elems=6144 param_elems=6144 energy=0x1.0ap-17 finite=1
ATTR_NAMED_GRAD block=768 name=ff_bias2_19 grad=b9da915c grad_elems=1024 param_elems=1024 energy=0x1.8p-12 finite=1
ATTR_NAMED_GRAD block=768 name=w_o_19 grad=ff15e8ad grad_elems=1048576 param_elems=1048576 energy=0x1.9cp-5 finite=1
ATTR_NAMED_GRAD block=768 name=w_r_19 grad=58967b5d grad_elems=327680 param_elems=327680 energy=0x1.44p-27 finite=1
ATTR_NAMED_GRAD block=768 name=w_kv_19 grad=acf56e9e grad_elems=2097152 param_elems=2097152 energy=0x1.76p-5 finite=1
ATTR_NAMED_GRAD block=768 name=w_q_19 grad=c1ff31ed grad_elems=1048576 param_elems=1048576 energy=0x1.62p-13 finite=1
ATTR_NAMED_GRAD block=768 name=ln_g_38 grad=0ae9e65f grad_elems=1024 param_elems=1024 energy=0x1.76p-23 finite=1
ATTR_NAMED_GRAD block=768 name=ln_b_38 grad=505ad415 grad_elems=1024 param_elems=1024 energy=0x1.ccp-22 finite=1
ATTR_NAMED_GRAD block=768 name=ff2_18 grad=1393ec46 grad_elems=3145728 param_elems=3145728 energy=0x1.1ap-7 finite=1
ATTR_NAMED_GRAD block=768 name=ff1_18 grad=c0173d46 grad_elems=6291456 param_elems=6291456 energy=0x1.74p-8 finite=1
ATTR_NAMED_GRAD block=768 name=ln_g_37 grad=e6b8a704 grad_elems=1024 param_elems=1024 energy=0x1.b2p-20 finite=1
ATTR_NAMED_GRAD block=768 name=ln_b_37 grad=16231177 grad_elems=1024 param_elems=1024 energy=0x1.3ep-19 finite=1
ATTR_NAMED_GRAD block=768 name=ff_bias1_18 grad=108757a2 grad_elems=6144 param_elems=6144 energy=0x1.06p-17 finite=1
ATTR_NAMED_GRAD block=768 name=ff_bias2_18 grad=41e2d88a grad_elems=1024 param_elems=1024 energy=0x1.7ap-12 finite=1
ATTR_NAMED_GRAD block=768 name=w_o_18 grad=81acc684 grad_elems=1048576 param_elems=1048576 energy=0x1.0cp-5 finite=1
ATTR_NAMED_GRAD block=768 name=w_r_18 grad=cbbbb41e grad_elems=327680 param_elems=327680 energy=0x1.12p-27 finite=1
ATTR_NAMED_GRAD block=768 name=w_kv_18 grad=ca508824 grad_elems=2097152 param_elems=2097152 energy=0x1.12p-5 finite=1
ATTR_NAMED_GRAD block=768 name=w_q_18 grad=57484c65 grad_elems=1048576 param_elems=1048576 energy=0x1.04p-13 finite=1
ATTR_NAMED_GRAD block=768 name=ln_g_36 grad=932737d5 grad_elems=1024 param_elems=1024 energy=0x1.16p-23 finite=1
ATTR_NAMED_GRAD block=768 name=ln_b_36 grad=ec911649 grad_elems=1024 param_elems=1024 energy=0x1.c6p-22 finite=1
ATTR_NAMED_GRAD block=768 name=ff2_17 grad=c239d92d grad_elems=3145728 param_elems=3145728 energy=0x1.0ap-7 finite=1
ATTR_NAMED_GRAD block=768 name=ff1_17 grad=3a112e4d grad_elems=6291456 param_elems=6291456 energy=0x1.3ap-8 finite=1
ATTR_NAMED_GRAD block=768 name=ln_g_35 grad=6212bfb2 grad_elems=1024 param_elems=1024 energy=0x1.4p-20 finite=1
ATTR_NAMED_GRAD block=768 name=ln_b_35 grad=223a9d3d grad_elems=1024 param_elems=1024 energy=0x1.eep-20 finite=1
ATTR_NAMED_GRAD block=768 name=ff_bias1_17 grad=bee30f4f grad_elems=6144 param_elems=6144 energy=0x1.bcp-18 finite=1
ATTR_NAMED_GRAD block=768 name=ff_bias2_17 grad=fe7505e0 grad_elems=1024 param_elems=1024 energy=0x1.74p-12 finite=1
ATTR_NAMED_GRAD block=768 name=w_o_17 grad=408eb334 grad_elems=1048576 param_elems=1048576 energy=0x1.2ep-6 finite=1
ATTR_NAMED_GRAD block=768 name=w_r_17 grad=80edc026 grad_elems=327680 param_elems=327680 energy=0x1.0ap-27 finite=1
ATTR_NAMED_GRAD block=768 name=w_kv_17 grad=3e862c9b grad_elems=2097152 param_elems=2097152 energy=0x1.52p-6 finite=1
ATTR_NAMED_GRAD block=768 name=w_q_17 grad=0e65a0df grad_elems=1048576 param_elems=1048576 energy=0x1.6ep-13 finite=1
ATTR_NAMED_GRAD block=768 name=ln_g_34 grad=516fc385 grad_elems=1024 param_elems=1024 energy=0x1.56p-23 finite=1
ATTR_NAMED_GRAD block=768 name=ln_b_34 grad=4bc00dac grad_elems=1024 param_elems=1024 energy=0x1.1ap-21 finite=1
ATTR_NAMED_GRAD block=768 name=ff2_16 grad=e179b578 grad_elems=3145728 param_elems=3145728 energy=0x1.bap-8 finite=1
ATTR_NAMED_GRAD block=768 name=ff1_16 grad=81a3a6b0 grad_elems=6291456 param_elems=6291456 energy=0x1.16p-8 finite=1
ATTR_NAMED_GRAD block=768 name=ln_g_33 grad=f8ff1997 grad_elems=1024 param_elems=1024 energy=0x1.04p-20 finite=1
ATTR_NAMED_GRAD block=768 name=ln_b_33 grad=0f418d61 grad_elems=1024 param_elems=1024 energy=0x1.82p-20 finite=1
ATTR_NAMED_GRAD block=768 name=ff_bias1_16 grad=7476012e grad_elems=6144 param_elems=6144 energy=0x1.7ap-18 finite=1
ATTR_NAMED_GRAD block=768 name=ff_bias2_16 grad=bdc71cf3 grad_elems=1024 param_elems=1024 energy=0x1.6ep-12 finite=1
ATTR_NAMED_GRAD block=768 name=w_o_16 grad=87c76678 grad_elems=1048576 param_elems=1048576 energy=0x1.82p-7 finite=1
ATTR_NAMED_GRAD block=768 name=w_r_16 grad=e2c12e93 grad_elems=327680 param_elems=327680 energy=0x1.22p-28 finite=1
ATTR_NAMED_GRAD block=768 name=w_kv_16 grad=d9bfa6a1 grad_elems=2097152 param_elems=2097152 energy=0x1.14p-6 finite=1
ATTR_NAMED_GRAD block=768 name=w_q_16 grad=d93aa571 grad_elems=1048576 param_elems=1048576 energy=0x1.a8p-15 finite=1
ATTR_NAMED_GRAD block=768 name=ln_g_32 grad=1442ae68 grad_elems=1024 param_elems=1024 energy=0x1.a4p-25 finite=1
ATTR_NAMED_GRAD block=768 name=ln_b_32 grad=b72e208e grad_elems=1024 param_elems=1024 energy=0x1.aep-23 finite=1
ATTR_NAMED_GRAD block=768 name=ff2_15 grad=24a77329 grad_elems=3145728 param_elems=3145728 energy=0x1.b2p-8 finite=1
ATTR_NAMED_GRAD block=768 name=ff1_15 grad=23c06809 grad_elems=6291456 param_elems=6291456 energy=0x1.1p-8 finite=1
ATTR_NAMED_GRAD block=768 name=ln_g_31 grad=1295659f grad_elems=1024 param_elems=1024 energy=0x1.ecp-21 finite=1
ATTR_NAMED_GRAD block=768 name=ln_b_31 grad=65b24e87 grad_elems=1024 param_elems=1024 energy=0x1.5ep-20 finite=1
ATTR_NAMED_GRAD block=768 name=ff_bias1_15 grad=e3563e08 grad_elems=6144 param_elems=6144 energy=0x1.6ap-18 finite=1
ATTR_NAMED_GRAD block=768 name=ff_bias2_15 grad=18ac7262 grad_elems=1024 param_elems=1024 energy=0x1.7p-12 finite=1
ATTR_NAMED_GRAD block=768 name=w_o_15 grad=1ce370fa grad_elems=1048576 param_elems=1048576 energy=0x1.36p-7 finite=1
ATTR_NAMED_GRAD block=768 name=w_r_15 grad=5daf8082 grad_elems=327680 param_elems=327680 energy=0x1.2cp-28 finite=1
ATTR_NAMED_GRAD block=768 name=w_kv_15 grad=3e641982 grad_elems=2097152 param_elems=2097152 energy=0x1.9cp-7 finite=1
ATTR_NAMED_GRAD block=768 name=w_q_15 grad=3e75314e grad_elems=1048576 param_elems=1048576 energy=0x1.28p-15 finite=1
ATTR_NAMED_GRAD block=768 name=ln_g_30 grad=4f8e8bc0 grad_elems=1024 param_elems=1024 energy=0x1.36p-25 finite=1
ATTR_NAMED_GRAD block=768 name=ln_b_30 grad=e3e581a8 grad_elems=1024 param_elems=1024 energy=0x1.48p-23 finite=1
ATTR_NAMED_GRAD block=768 name=ff2_14 grad=e72d3cbb grad_elems=3145728 param_elems=3145728 energy=0x1.a4p-8 finite=1
ATTR_NAMED_GRAD block=768 name=ff1_14 grad=accfbad8 grad_elems=6291456 param_elems=6291456 energy=0x1.0cp-8 finite=1
ATTR_NAMED_GRAD block=768 name=ln_g_29 grad=fe8104a9 grad_elems=1024 param_elems=1024 energy=0x1.c6p-21 finite=1
ATTR_NAMED_GRAD block=768 name=ln_b_29 grad=55e15704 grad_elems=1024 param_elems=1024 energy=0x1.38p-20 finite=1
ATTR_NAMED_GRAD block=768 name=ff_bias1_14 grad=72515a8e grad_elems=6144 param_elems=6144 energy=0x1.6ep-18 finite=1
ATTR_NAMED_GRAD block=768 name=ff_bias2_14 grad=290db4bd grad_elems=1024 param_elems=1024 energy=0x1.78p-12 finite=1
ATTR_NAMED_GRAD block=768 name=w_o_14 grad=ab8c1810 grad_elems=1048576 param_elems=1048576 energy=0x1.eap-8 finite=1
ATTR_NAMED_GRAD block=768 name=w_r_14 grad=9c83223c grad_elems=327680 param_elems=327680 energy=0x1.06p-28 finite=1
ATTR_NAMED_GRAD block=768 name=w_kv_14 grad=d3c45c6f grad_elems=2097152 param_elems=2097152 energy=0x1.66p-7 finite=1
ATTR_NAMED_GRAD block=768 name=w_q_14 grad=c50181c0 grad_elems=1048576 param_elems=1048576 energy=0x1.b2p-16 finite=1
ATTR_NAMED_GRAD block=768 name=ln_g_28 grad=8a8755a7 grad_elems=1024 param_elems=1024 energy=0x1.7ep-26 finite=1
ATTR_NAMED_GRAD block=768 name=ln_b_28 grad=de4de93f grad_elems=1024 param_elems=1024 energy=0x1.12p-23 finite=1
ATTR_NAMED_GRAD block=768 name=ff2_13 grad=2121a7d8 grad_elems=3145728 param_elems=3145728 energy=0x1.94p-8 finite=1
ATTR_NAMED_GRAD block=768 name=ff1_13 grad=0176194e grad_elems=6291456 param_elems=6291456 energy=0x1.08p-8 finite=1
ATTR_NAMED_GRAD block=768 name=ln_g_27 grad=9317c1d5 grad_elems=1024 param_elems=1024 energy=0x1.dcp-21 finite=1
ATTR_NAMED_GRAD block=768 name=ln_b_27 grad=dd16e3ef grad_elems=1024 param_elems=1024 energy=0x1.3ap-20 finite=1
ATTR_NAMED_GRAD block=768 name=ff_bias1_13 grad=90c14014 grad_elems=6144 param_elems=6144 energy=0x1.58p-18 finite=1
ATTR_NAMED_GRAD block=768 name=ff_bias2_13 grad=bdda8286 grad_elems=1024 param_elems=1024 energy=0x1.8p-12 finite=1
ATTR_NAMED_GRAD block=768 name=w_o_13 grad=130759ae grad_elems=1048576 param_elems=1048576 energy=0x1.ap-8 finite=1
ATTR_NAMED_GRAD block=768 name=w_r_13 grad=24adef1a grad_elems=327680 param_elems=327680 energy=0x1.dp-29 finite=1
ATTR_NAMED_GRAD block=768 name=w_kv_13 grad=d405557d grad_elems=2097152 param_elems=2097152 energy=0x1.22p-7 finite=1
ATTR_NAMED_GRAD block=768 name=w_q_13 grad=b4451f44 grad_elems=1048576 param_elems=1048576 energy=0x1.1ap-16 finite=1
ATTR_NAMED_GRAD block=768 name=ln_g_26 grad=cc3fa3f8 grad_elems=1024 param_elems=1024 energy=0x1.f8p-27 finite=1
ATTR_NAMED_GRAD block=768 name=ln_b_26 grad=60230672 grad_elems=1024 param_elems=1024 energy=0x1.9cp-24 finite=1
ATTR_NAMED_GRAD block=768 name=ff2_12 grad=e4fa5242 grad_elems=3145728 param_elems=3145728 energy=0x1.9ep-8 finite=1
ATTR_NAMED_GRAD block=768 name=ff1_12 grad=a35bad65 grad_elems=6291456 param_elems=6291456 energy=0x1.06p-8 finite=1
ATTR_NAMED_GRAD block=768 name=ln_g_25 grad=371eebda grad_elems=1024 param_elems=1024 energy=0x1.0ap-20 finite=1
ATTR_NAMED_GRAD block=768 name=ln_b_25 grad=2bab2d3c grad_elems=1024 param_elems=1024 energy=0x1.3cp-20 finite=1
ATTR_NAMED_GRAD block=768 name=ff_bias1_12 grad=9a281504 grad_elems=6144 param_elems=6144 energy=0x1.4ap-18 finite=1
ATTR_NAMED_GRAD block=768 name=ff_bias2_12 grad=fc8c07ac grad_elems=1024 param_elems=1024 energy=0x1.86p-12 finite=1
ATTR_NAMED_GRAD block=768 name=w_o_12 grad=ba2e988e grad_elems=1048576 param_elems=1048576 energy=0x1.6cp-8 finite=1
ATTR_NAMED_GRAD block=768 name=w_r_12 grad=ca710fe9 grad_elems=327680 param_elems=327680 energy=0x1.ep-29 finite=1
ATTR_NAMED_GRAD block=768 name=w_kv_12 grad=84354cc4 grad_elems=2097152 param_elems=2097152 energy=0x1.cap-8 finite=1
ATTR_NAMED_GRAD block=768 name=w_q_12 grad=8d00e0ae grad_elems=1048576 param_elems=1048576 energy=0x1.1p-16 finite=1
ATTR_NAMED_GRAD block=768 name=ln_g_24 grad=6ddbdecd grad_elems=1024 param_elems=1024 energy=0x1.cp-27 finite=1
ATTR_NAMED_GRAD block=768 name=ln_b_24 grad=2d163688 grad_elems=1024 param_elems=1024 energy=0x1.8ep-24 finite=1
ATTR_NAMED_GRAD block=768 name=ff2_11 grad=a8ba76a5 grad_elems=3145728 param_elems=3145728 energy=0x1.9ap-8 finite=1
ATTR_NAMED_GRAD block=768 name=ff1_11 grad=82e3e80d grad_elems=6291456 param_elems=6291456 energy=0x1.06p-8 finite=1
ATTR_NAMED_GRAD block=768 name=ln_g_23 grad=3751cebc grad_elems=1024 param_elems=1024 energy=0x1.f8p-21 finite=1
ATTR_NAMED_GRAD block=768 name=ln_b_23 grad=a699047d grad_elems=1024 param_elems=1024 energy=0x1.36p-20 finite=1
ATTR_NAMED_GRAD block=768 name=ff_bias1_11 grad=040f52d0 grad_elems=6144 param_elems=6144 energy=0x1.4ap-18 finite=1
ATTR_NAMED_GRAD block=768 name=ff_bias2_11 grad=c6ebdf6a grad_elems=1024 param_elems=1024 energy=0x1.92p-12 finite=1
ATTR_NAMED_GRAD block=768 name=w_o_11 grad=ef8d9072 grad_elems=1048576 param_elems=1048576 energy=0x1.26p-8 finite=1
ATTR_NAMED_GRAD block=768 name=w_r_11 grad=18faa8cf grad_elems=327680 param_elems=327680 energy=0x1.eep-29 finite=1
ATTR_NAMED_GRAD block=768 name=w_kv_11 grad=ecb9956a grad_elems=2097152 param_elems=2097152 energy=0x1.8ep-8 finite=1
ATTR_NAMED_GRAD block=768 name=w_q_11 grad=df27cfa9 grad_elems=1048576 param_elems=1048576 energy=0x1.cap-17 finite=1
ATTR_NAMED_GRAD block=768 name=ln_g_22 grad=3d6f3646 grad_elems=1024 param_elems=1024 energy=0x1.9p-27 finite=1
ATTR_NAMED_GRAD block=768 name=ln_b_22 grad=5b19a459 grad_elems=1024 param_elems=1024 energy=0x1.ap-24 finite=1
ATTR_NAMED_GRAD block=768 name=ff2_10 grad=6758b3bc grad_elems=3145728 param_elems=3145728 energy=0x1.a2p-8 finite=1
ATTR_NAMED_GRAD block=768 name=ff1_10 grad=57e40b2b grad_elems=6291456 param_elems=6291456 energy=0x1.0ap-8 finite=1
ATTR_NAMED_GRAD block=768 name=ln_g_21 grad=27024075 grad_elems=1024 param_elems=1024 energy=0x1.18p-20 finite=1
ATTR_NAMED_GRAD block=768 name=ln_b_21 grad=62db09a9 grad_elems=1024 param_elems=1024 energy=0x1.0ep-20 finite=1
ATTR_NAMED_GRAD block=768 name=ff_bias1_10 grad=211d017c grad_elems=6144 param_elems=6144 energy=0x1.4ap-18 finite=1
ATTR_NAMED_GRAD block=768 name=ff_bias2_10 grad=59eeaf0e grad_elems=1024 param_elems=1024 energy=0x1.a2p-12 finite=1
ATTR_NAMED_GRAD block=768 name=w_o_10 grad=16a032b3 grad_elems=1048576 param_elems=1048576 energy=0x1.f4p-9 finite=1
ATTR_NAMED_GRAD block=768 name=w_r_10 grad=70904cd4 grad_elems=327680 param_elems=327680 energy=0x1.fep-29 finite=1
ATTR_NAMED_GRAD block=768 name=w_kv_10 grad=58d55c26 grad_elems=2097152 param_elems=2097152 energy=0x1.48p-8 finite=1
ATTR_NAMED_GRAD block=768 name=w_q_10 grad=6dda2d31 grad_elems=1048576 param_elems=1048576 energy=0x1.cep-17 finite=1
ATTR_NAMED_GRAD block=768 name=ln_g_20 grad=f35f12ed grad_elems=1024 param_elems=1024 energy=0x1.46p-27 finite=1
ATTR_NAMED_GRAD block=768 name=ln_b_20 grad=9ee21e59 grad_elems=1024 param_elems=1024 energy=0x1.cp-24 finite=1
ATTR_NAMED_GRAD block=768 name=ff2_9 grad=81c972fa grad_elems=3145728 param_elems=3145728 energy=0x1.a4p-8 finite=1
ATTR_NAMED_GRAD block=768 name=ff1_9 grad=453ca881 grad_elems=6291456 param_elems=6291456 energy=0x1.0ap-8 finite=1
ATTR_NAMED_GRAD block=768 name=ln_g_19 grad=ffc18898 grad_elems=1024 param_elems=1024 energy=0x1.0ep-20 finite=1
ATTR_NAMED_GRAD block=768 name=ln_b_19 grad=744902e9 grad_elems=1024 param_elems=1024 energy=0x1.24p-20 finite=1
ATTR_NAMED_GRAD block=768 name=ff_bias1_9 grad=c0366bbc grad_elems=6144 param_elems=6144 energy=0x1.3ep-18 finite=1
ATTR_NAMED_GRAD block=768 name=ff_bias2_9 grad=dc2c94b5 grad_elems=1024 param_elems=1024 energy=0x1.aep-12 finite=1
ATTR_NAMED_GRAD block=768 name=w_o_9 grad=0853c872 grad_elems=1048576 param_elems=1048576 energy=0x1.acp-9 finite=1
ATTR_NAMED_GRAD block=768 name=w_r_9 grad=e44d282b grad_elems=327680 param_elems=327680 energy=0x1.08p-28 finite=1
ATTR_NAMED_GRAD block=768 name=w_kv_9 grad=843342e1 grad_elems=2097152 param_elems=2097152 energy=0x1.1cp-8 finite=1
ATTR_NAMED_GRAD block=768 name=w_q_9 grad=c1a0ba79 grad_elems=1048576 param_elems=1048576 energy=0x1.e6p-17 finite=1
ATTR_NAMED_GRAD block=768 name=ln_g_18 grad=f38f9815 grad_elems=1024 param_elems=1024 energy=0x1.4ap-27 finite=1
ATTR_NAMED_GRAD block=768 name=ln_b_18 grad=4f9fc0a8 grad_elems=1024 param_elems=1024 energy=0x1.dep-24 finite=1
ATTR_NAMED_GRAD block=768 name=ff2_8 grad=d8f05efc grad_elems=3145728 param_elems=3145728 energy=0x1.acp-8 finite=1
ATTR_NAMED_GRAD block=768 name=ff1_8 grad=3e4e92ae grad_elems=6291456 param_elems=6291456 energy=0x1.0ep-8 finite=1
ATTR_NAMED_GRAD block=768 name=ln_g_17 grad=247fe420 grad_elems=1024 param_elems=1024 energy=0x1.2ap-20 finite=1
ATTR_NAMED_GRAD block=768 name=ln_b_17 grad=c822b024 grad_elems=1024 param_elems=1024 energy=0x1.12p-20 finite=1
ATTR_NAMED_GRAD block=768 name=ff_bias1_8 grad=a67a2764 grad_elems=6144 param_elems=6144 energy=0x1.4ap-18 finite=1
ATTR_NAMED_GRAD block=768 name=ff_bias2_8 grad=35f07b6a grad_elems=1024 param_elems=1024 energy=0x1.bcp-12 finite=1
ATTR_NAMED_GRAD block=768 name=w_o_8 grad=acb1640d grad_elems=1048576 param_elems=1048576 energy=0x1.5ep-9 finite=1
ATTR_NAMED_GRAD block=768 name=w_r_8 grad=e9f270f8 grad_elems=327680 param_elems=327680 energy=0x1.0ep-28 finite=1
ATTR_NAMED_GRAD block=768 name=w_kv_8 grad=cf7abfde grad_elems=2097152 param_elems=2097152 energy=0x1.bcp-9 finite=1
ATTR_NAMED_GRAD block=768 name=w_q_8 grad=4666e26d grad_elems=1048576 param_elems=1048576 energy=0x1.f8p-17 finite=1
ATTR_NAMED_GRAD block=768 name=ln_g_16 grad=f7ecf1c9 grad_elems=1024 param_elems=1024 energy=0x1.1ep-27 finite=1
ATTR_NAMED_GRAD block=768 name=ln_b_16 grad=df302a21 grad_elems=1024 param_elems=1024 energy=0x1.bep-24 finite=1
ATTR_NAMED_GRAD block=768 name=ff2_7 grad=52b74600 grad_elems=3145728 param_elems=3145728 energy=0x1.b2p-8 finite=1
ATTR_NAMED_GRAD block=768 name=ff1_7 grad=0e61fd0c grad_elems=6291456 param_elems=6291456 energy=0x1.14p-8 finite=1
ATTR_NAMED_GRAD block=768 name=ln_g_15 grad=77ec15d3 grad_elems=1024 param_elems=1024 energy=0x1.ecp-21 finite=1
ATTR_NAMED_GRAD block=768 name=ln_b_15 grad=bf8be1ff grad_elems=1024 param_elems=1024 energy=0x1.3ap-20 finite=1
ATTR_NAMED_GRAD block=768 name=ff_bias1_7 grad=b38bd1df grad_elems=6144 param_elems=6144 energy=0x1.56p-18 finite=1
ATTR_NAMED_GRAD block=768 name=ff_bias2_7 grad=8408fdf1 grad_elems=1024 param_elems=1024 energy=0x1.c8p-12 finite=1
ATTR_NAMED_GRAD block=768 name=w_o_7 grad=f77f41ff grad_elems=1048576 param_elems=1048576 energy=0x1.1ap-9 finite=1
ATTR_NAMED_GRAD block=768 name=w_r_7 grad=0dff2cec grad_elems=327680 param_elems=327680 energy=0x1.1ap-28 finite=1
ATTR_NAMED_GRAD block=768 name=w_kv_7 grad=7721e97a grad_elems=2097152 param_elems=2097152 energy=0x1.7cp-9 finite=1
ATTR_NAMED_GRAD block=768 name=w_q_7 grad=b6890de4 grad_elems=1048576 param_elems=1048576 energy=0x1.0cp-16 finite=1
ATTR_NAMED_GRAD block=768 name=ln_g_14 grad=e22751fb grad_elems=1024 param_elems=1024 energy=0x1.26p-27 finite=1
ATTR_NAMED_GRAD block=768 name=ln_b_14 grad=634c8a59 grad_elems=1024 param_elems=1024 energy=0x1.12p-23 finite=1
ATTR_NAMED_GRAD block=768 name=ff2_6 grad=4a7c14c9 grad_elems=3145728 param_elems=3145728 energy=0x1.c2p-8 finite=1
ATTR_NAMED_GRAD block=768 name=ff1_6 grad=a4d61e4c grad_elems=6291456 param_elems=6291456 energy=0x1.18p-8 finite=1
ATTR_NAMED_GRAD block=768 name=ln_g_13 grad=f394d018 grad_elems=1024 param_elems=1024 energy=0x1.26p-20 finite=1
ATTR_NAMED_GRAD block=768 name=ln_b_13 grad=31b00c7b grad_elems=1024 param_elems=1024 energy=0x1.42p-20 finite=1
ATTR_NAMED_GRAD block=768 name=ff_bias1_6 grad=6f75c3c7 grad_elems=6144 param_elems=6144 energy=0x1.54p-18 finite=1
ATTR_NAMED_GRAD block=768 name=ff_bias2_6 grad=7ee77da9 grad_elems=1024 param_elems=1024 energy=0x1.d2p-12 finite=1
ATTR_NAMED_GRAD block=768 name=w_o_6 grad=87bd4d24 grad_elems=1048576 param_elems=1048576 energy=0x1.c4p-10 finite=1
ATTR_NAMED_GRAD block=768 name=w_r_6 grad=0ec64ed7 grad_elems=327680 param_elems=327680 energy=0x1.24p-28 finite=1
ATTR_NAMED_GRAD block=768 name=w_kv_6 grad=02ed9b70 grad_elems=2097152 param_elems=2097152 energy=0x1.2ep-9 finite=1
ATTR_NAMED_GRAD block=768 name=w_q_6 grad=1a9bf072 grad_elems=1048576 param_elems=1048576 energy=0x1.0ep-16 finite=1
ATTR_NAMED_GRAD block=768 name=ln_g_12 grad=106de4eb grad_elems=1024 param_elems=1024 energy=0x1.e8p-28 finite=1
ATTR_NAMED_GRAD block=768 name=ln_b_12 grad=456bffca grad_elems=1024 param_elems=1024 energy=0x1.e6p-24 finite=1
ATTR_NAMED_GRAD block=768 name=ff2_5 grad=3c8b6a51 grad_elems=3145728 param_elems=3145728 energy=0x1.c4p-8 finite=1
ATTR_NAMED_GRAD block=768 name=ff1_5 grad=0821da0d grad_elems=6291456 param_elems=6291456 energy=0x1.1ep-8 finite=1
ATTR_NAMED_GRAD block=768 name=ln_g_11 grad=8bd12634 grad_elems=1024 param_elems=1024 energy=0x1.3p-20 finite=1
ATTR_NAMED_GRAD block=768 name=ln_b_11 grad=701ca28a grad_elems=1024 param_elems=1024 energy=0x1.18p-20 finite=1
ATTR_NAMED_GRAD block=768 name=ff_bias1_5 grad=29644638 grad_elems=6144 param_elems=6144 energy=0x1.46p-18 finite=1
ATTR_NAMED_GRAD block=768 name=ff_bias2_5 grad=c598fbac grad_elems=1024 param_elems=1024 energy=0x1.dep-12 finite=1
ATTR_NAMED_GRAD block=768 name=w_o_5 grad=1e8757d7 grad_elems=1048576 param_elems=1048576 energy=0x1.7cp-10 finite=1
ATTR_NAMED_GRAD block=768 name=w_r_5 grad=a1c1f2da grad_elems=327680 param_elems=327680 energy=0x1.36p-28 finite=1
ATTR_NAMED_GRAD block=768 name=w_kv_5 grad=720cbaee grad_elems=2097152 param_elems=2097152 energy=0x1.02p-9 finite=1
ATTR_NAMED_GRAD block=768 name=w_q_5 grad=f63d320f grad_elems=1048576 param_elems=1048576 energy=0x1.1ap-16 finite=1
ATTR_NAMED_GRAD block=768 name=ln_g_10 grad=767ce90e grad_elems=1024 param_elems=1024 energy=0x1p-27 finite=1
ATTR_NAMED_GRAD block=768 name=ln_b_10 grad=60d5c484 grad_elems=1024 param_elems=1024 energy=0x1.0ap-23 finite=1
ATTR_NAMED_GRAD block=768 name=ff2_4 grad=5927c452 grad_elems=3145728 param_elems=3145728 energy=0x1.d2p-8 finite=1
ATTR_NAMED_GRAD block=768 name=ff1_4 grad=b81cfb93 grad_elems=6291456 param_elems=6291456 energy=0x1.28p-8 finite=1
ATTR_NAMED_GRAD block=768 name=ln_g_9 grad=b40002f3 grad_elems=1024 param_elems=1024 energy=0x1.f8p-21 finite=1
ATTR_NAMED_GRAD block=768 name=ln_b_9 grad=6e4dfa56 grad_elems=1024 param_elems=1024 energy=0x1.2p-20 finite=1
ATTR_NAMED_GRAD block=768 name=ff_bias1_4 grad=b5b4e2b3 grad_elems=6144 param_elems=6144 energy=0x1.54p-18 finite=1
ATTR_NAMED_GRAD block=768 name=ff_bias2_4 grad=07050e87 grad_elems=1024 param_elems=1024 energy=0x1.e4p-12 finite=1
ATTR_NAMED_GRAD block=768 name=w_o_4 grad=4709355b grad_elems=1048576 param_elems=1048576 energy=0x1.3p-10 finite=1
ATTR_NAMED_GRAD block=768 name=w_r_4 grad=03f9da36 grad_elems=327680 param_elems=327680 energy=0x1.44p-28 finite=1
ATTR_NAMED_GRAD block=768 name=w_kv_4 grad=52f535d0 grad_elems=2097152 param_elems=2097152 energy=0x1.98p-10 finite=1
ATTR_NAMED_GRAD block=768 name=w_q_4 grad=901a43e2 grad_elems=1048576 param_elems=1048576 energy=0x1.34p-16 finite=1
ATTR_NAMED_GRAD block=768 name=ln_g_8 grad=79cbcaa2 grad_elems=1024 param_elems=1024 energy=0x1.02p-27 finite=1
ATTR_NAMED_GRAD block=768 name=ln_b_8 grad=f9746b4f grad_elems=1024 param_elems=1024 energy=0x1.08p-23 finite=1
ATTR_NAMED_GRAD block=768 name=ff2_3 grad=c8f05b89 grad_elems=3145728 param_elems=3145728 energy=0x1.eap-8 finite=1
ATTR_NAMED_GRAD block=768 name=ff1_3 grad=620d76fb grad_elems=6291456 param_elems=6291456 energy=0x1.2cp-8 finite=1
ATTR_NAMED_GRAD block=768 name=ln_g_7 grad=22850484 grad_elems=1024 param_elems=1024 energy=0x1.16p-20 finite=1
ATTR_NAMED_GRAD block=768 name=ln_b_7 grad=4e906276 grad_elems=1024 param_elems=1024 energy=0x1.2cp-20 finite=1
ATTR_NAMED_GRAD block=768 name=ff_bias1_3 grad=fa0be329 grad_elems=6144 param_elems=6144 energy=0x1.62p-18 finite=1
ATTR_NAMED_GRAD block=768 name=ff_bias2_3 grad=7c1e66f9 grad_elems=1024 param_elems=1024 energy=0x1.eap-12 finite=1
ATTR_NAMED_GRAD block=768 name=w_o_3 grad=60df83cf grad_elems=1048576 param_elems=1048576 energy=0x1.04p-10 finite=1
ATTR_NAMED_GRAD block=768 name=w_r_3 grad=6fdc7035 grad_elems=327680 param_elems=327680 energy=0x1.56p-28 finite=1
ATTR_NAMED_GRAD block=768 name=w_kv_3 grad=f1679b0f grad_elems=2097152 param_elems=2097152 energy=0x1.4ep-10 finite=1
ATTR_NAMED_GRAD block=768 name=w_q_3 grad=0ee547cb grad_elems=1048576 param_elems=1048576 energy=0x1.3ep-16 finite=1
ATTR_NAMED_GRAD block=768 name=ln_g_6 grad=01222248 grad_elems=1024 param_elems=1024 energy=0x1.f2p-28 finite=1
ATTR_NAMED_GRAD block=768 name=ln_b_6 grad=fc20ed88 grad_elems=1024 param_elems=1024 energy=0x1.c2p-24 finite=1
ATTR_NAMED_GRAD block=768 name=ff2_2 grad=4f7ec5e9 grad_elems=3145728 param_elems=3145728 energy=0x1.eap-8 finite=1
ATTR_NAMED_GRAD block=768 name=ff1_2 grad=403941e7 grad_elems=6291456 param_elems=6291456 energy=0x1.34p-8 finite=1
ATTR_NAMED_GRAD block=768 name=ln_g_5 grad=0a25a19f grad_elems=1024 param_elems=1024 energy=0x1.44p-20 finite=1
ATTR_NAMED_GRAD block=768 name=ln_b_5 grad=b1161932 grad_elems=1024 param_elems=1024 energy=0x1.3ap-20 finite=1
ATTR_NAMED_GRAD block=768 name=ff_bias1_2 grad=ab9a5c0e grad_elems=6144 param_elems=6144 energy=0x1.5ep-18 finite=1
ATTR_NAMED_GRAD block=768 name=ff_bias2_2 grad=243e30bb grad_elems=1024 param_elems=1024 energy=0x1.f2p-12 finite=1
ATTR_NAMED_GRAD block=768 name=w_o_2 grad=3ae1fba1 grad_elems=1048576 param_elems=1048576 energy=0x1.98p-11 finite=1
ATTR_NAMED_GRAD block=768 name=w_r_2 grad=f8104227 grad_elems=327680 param_elems=327680 energy=0x1.54p-28 finite=1
ATTR_NAMED_GRAD block=768 name=w_kv_2 grad=4097540a grad_elems=2097152 param_elems=2097152 energy=0x1.fep-11 finite=1
ATTR_NAMED_GRAD block=768 name=w_q_2 grad=f2d0358a grad_elems=1048576 param_elems=1048576 energy=0x1.42p-16 finite=1
ATTR_NAMED_GRAD block=768 name=ln_g_4 grad=ef0310f4 grad_elems=1024 param_elems=1024 energy=0x1.fap-28 finite=1
ATTR_NAMED_GRAD block=768 name=ln_b_4 grad=e547058c grad_elems=1024 param_elems=1024 energy=0x1.d2p-24 finite=1
ATTR_NAMED_GRAD block=768 name=ff2_1 grad=b34195ed grad_elems=3145728 param_elems=3145728 energy=0x1.f8p-8 finite=1
ATTR_NAMED_GRAD block=768 name=ff1_1 grad=6fa9024f grad_elems=6291456 param_elems=6291456 energy=0x1.3cp-8 finite=1
ATTR_NAMED_GRAD block=768 name=ln_g_3 grad=f428cd16 grad_elems=1024 param_elems=1024 energy=0x1.42p-20 finite=1
ATTR_NAMED_GRAD block=768 name=ln_b_3 grad=00633d20 grad_elems=1024 param_elems=1024 energy=0x1.2ap-20 finite=1
ATTR_NAMED_GRAD block=768 name=ff_bias1_1 grad=2669e999 grad_elems=6144 param_elems=6144 energy=0x1.5ep-18 finite=1
ATTR_NAMED_GRAD block=768 name=ff_bias2_1 grad=254a640e grad_elems=1024 param_elems=1024 energy=0x1p-11 finite=1
ATTR_NAMED_GRAD block=768 name=w_o_1 grad=cb9d2fc6 grad_elems=1048576 param_elems=1048576 energy=0x1.6ep-11 finite=1
ATTR_NAMED_GRAD block=768 name=w_r_1 grad=eb3d90e4 grad_elems=327680 param_elems=327680 energy=0x1.68p-28 finite=1
ATTR_NAMED_GRAD block=768 name=w_kv_1 grad=594f83d3 grad_elems=2097152 param_elems=2097152 energy=0x1.bp-11 finite=1
ATTR_NAMED_GRAD block=768 name=w_q_1 grad=e5d2dd91 grad_elems=1048576 param_elems=1048576 energy=0x1.6ep-16 finite=1
ATTR_NAMED_GRAD block=768 name=ln_g_2 grad=1d06427c grad_elems=1024 param_elems=1024 energy=0x1p-27 finite=1
ATTR_NAMED_GRAD block=768 name=ln_b_2 grad=81d341f6 grad_elems=1024 param_elems=1024 energy=0x1.d6p-24 finite=1
ATTR_NAMED_GRAD block=768 name=ff2_0 grad=fb4be2ad grad_elems=3145728 param_elems=3145728 energy=0x1.fep-8 finite=1
ATTR_NAMED_GRAD block=768 name=ff1_0 grad=ce644c20 grad_elems=6291456 param_elems=6291456 energy=0x1.42p-8 finite=1
ATTR_NAMED_GRAD block=768 name=ln_g_1 grad=25847b48 grad_elems=1024 param_elems=1024 energy=0x1.2ep-20 finite=1
ATTR_NAMED_GRAD block=768 name=ln_b_1 grad=bc3961ff grad_elems=1024 param_elems=1024 energy=0x1.48p-20 finite=1
ATTR_NAMED_GRAD block=768 name=ff_bias1_0 grad=ac09a7ba grad_elems=6144 param_elems=6144 energy=0x1.6ap-18 finite=1
ATTR_NAMED_GRAD block=768 name=ff_bias2_0 grad=e3a9894f grad_elems=1024 param_elems=1024 energy=0x1.08p-11 finite=1
ATTR_NAMED_GRAD block=768 name=w_o_0 grad=ad62385e grad_elems=1048576 param_elems=1048576 energy=0x1.38p-11 finite=1
ATTR_NAMED_GRAD block=768 name=w_r_0 grad=86f46444 grad_elems=327680 param_elems=327680 energy=0x1.78p-28 finite=1
ATTR_NAMED_GRAD block=768 name=b_r_0 grad=effac906 grad_elems=2560 param_elems=2560 energy=0x1.26p-11 finite=1
ATTR_NAMED_GRAD block=768 name=w_kv_0 grad=94fc716f grad_elems=2097152 param_elems=2097152 energy=0x1.68p-11 finite=1
ATTR_NAMED_GRAD block=768 name=w_q_0 grad=0180513c grad_elems=1048576 param_elems=1048576 energy=0x1.7ap-16 finite=1
ATTR_NAMED_GRAD block=768 name=ln_g_0 grad=27747e25 grad_elems=1024 param_elems=1024 energy=0x1.08p-27 finite=1
ATTR_NAMED_GRAD block=768 name=ln_b_0 grad=ae072a6d grad_elems=1024 param_elems=1024 energy=0x1.14p-23 finite=1
ATTR_NAMED_GRAD block=768 name=embed grad=8692b5e7 grad_elems=16785408 param_elems=16785408 energy=0x1.4bca72p-3 finite=1
ATTR_NAMED_GRAD block=768 name=ln_g_40 grad=85631ea5 grad_elems=1024 param_elems=1024 energy=0x1.34p-10 finite=1
ATTR_NAMED_GRAD block=768 name=ln_b_40 grad=e9865bdd grad_elems=1024 param_elems=1024 energy=0x1.3p-10 finite=1
ATTR_NAMED_GRAD block=768 name=out_bias grad=99c1d060 grad_elems=16392 param_elems=16392 energy=0x1.4ap-9 finite=1
ATTR_HEAD arm=1 block=768 weight=70c06723 bias=8c8b33e3
ATTR_STATE arm=1 block=768 step=26 params=ac3fc205 memory=cf1edba0
ATTR_NAMED_GRAD block=832 name=embed_out grad=aade42de grad_elems=16785408 param_elems=16785408 energy=0x1.c6p+0 finite=1
ATTR_NAMED_GRAD block=832 name=ff2_19 grad=cb33dc55 grad_elems=3145728 param_elems=3145728 energy=0x1.aap-8 finite=1
ATTR_NAMED_GRAD block=832 name=ff1_19 grad=adb6d3a8 grad_elems=6291456 param_elems=6291456 energy=0x1.fcp-9 finite=1
ATTR_NAMED_GRAD block=832 name=ln_g_39 grad=665b30c0 grad_elems=1024 param_elems=1024 energy=0x1.2p-20 finite=1
ATTR_NAMED_GRAD block=832 name=ln_b_39 grad=f155bc0f grad_elems=1024 param_elems=1024 energy=0x1.8cp-20 finite=1
ATTR_NAMED_GRAD block=832 name=ff_bias1_19 grad=986c4f8a grad_elems=6144 param_elems=6144 energy=0x1.3p-18 finite=1
ATTR_NAMED_GRAD block=832 name=ff_bias2_19 grad=9084668a grad_elems=1024 param_elems=1024 energy=0x1.dcp-13 finite=1
ATTR_NAMED_GRAD block=832 name=w_o_19 grad=bcfa3561 grad_elems=1048576 param_elems=1048576 energy=0x1.1p-5 finite=1
ATTR_NAMED_GRAD block=832 name=w_r_19 grad=3e7ad280 grad_elems=327680 param_elems=327680 energy=0x1.7p-28 finite=1
ATTR_NAMED_GRAD block=832 name=w_kv_19 grad=10283698 grad_elems=2097152 param_elems=2097152 energy=0x1.6ep-6 finite=1
ATTR_NAMED_GRAD block=832 name=w_q_19 grad=51b855c7 grad_elems=1048576 param_elems=1048576 energy=0x1.08p-15 finite=1
ATTR_NAMED_GRAD block=832 name=ln_g_38 grad=eb5d3bd9 grad_elems=1024 param_elems=1024 energy=0x1.bcp-25 finite=1
ATTR_NAMED_GRAD block=832 name=ln_b_38 grad=402723ae grad_elems=1024 param_elems=1024 energy=0x1.96p-24 finite=1
ATTR_NAMED_GRAD block=832 name=ff2_18 grad=4c746d67 grad_elems=3145728 param_elems=3145728 energy=0x1.a8p-8 finite=1
ATTR_NAMED_GRAD block=832 name=ff1_18 grad=69812796 grad_elems=6291456 param_elems=6291456 energy=0x1.12p-8 finite=1
ATTR_NAMED_GRAD block=832 name=ln_g_37 grad=f8ae3f5e grad_elems=1024 param_elems=1024 energy=0x1.1cp-20 finite=1
ATTR_NAMED_GRAD block=832 name=ln_b_37 grad=d6b3065a grad_elems=1024 param_elems=1024 energy=0x1.94p-20 finite=1
ATTR_NAMED_GRAD block=832 name=ff_bias1_18 grad=b237bad8 grad_elems=6144 param_elems=6144 energy=0x1.56p-18 finite=1
ATTR_NAMED_GRAD block=832 name=ff_bias2_18 grad=dbf47cbb grad_elems=1024 param_elems=1024 energy=0x1.d2p-13 finite=1
ATTR_NAMED_GRAD block=832 name=w_o_18 grad=1f0435d5 grad_elems=1048576 param_elems=1048576 energy=0x1.52p-6 finite=1
ATTR_NAMED_GRAD block=832 name=w_r_18 grad=3005578f grad_elems=327680 param_elems=327680 energy=0x1.04p-27 finite=1
ATTR_NAMED_GRAD block=832 name=w_kv_18 grad=4d0b79b1 grad_elems=2097152 param_elems=2097152 energy=0x1.fep-7 finite=1
ATTR_NAMED_GRAD block=832 name=w_q_18 grad=bd68aafc grad_elems=1048576 param_elems=1048576 energy=0x1.f8p-15 finite=1
ATTR_NAMED_GRAD block=832 name=ln_g_36 grad=17e1b76b grad_elems=1024 param_elems=1024 energy=0x1.e4p-25 finite=1
ATTR_NAMED_GRAD block=832 name=ln_b_36 grad=a5ea6727 grad_elems=1024 param_elems=1024 energy=0x1.b4p-24 finite=1
ATTR_NAMED_GRAD block=832 name=ff2_17 grad=a44ee8d7 grad_elems=3145728 param_elems=3145728 energy=0x1.c8p-8 finite=1
ATTR_NAMED_GRAD block=832 name=ff1_17 grad=79a677b5 grad_elems=6291456 param_elems=6291456 energy=0x1.fap-9 finite=1
ATTR_NAMED_GRAD block=832 name=ln_g_35 grad=ed784fcf grad_elems=1024 param_elems=1024 energy=0x1.fcp-21 finite=1
ATTR_NAMED_GRAD block=832 name=ln_b_35 grad=05abee9d grad_elems=1024 param_elems=1024 energy=0x1.5ep-20 finite=1
ATTR_NAMED_GRAD block=832 name=ff_bias1_17 grad=3cbd6cc7 grad_elems=6144 param_elems=6144 energy=0x1.36p-18 finite=1
ATTR_NAMED_GRAD block=832 name=ff_bias2_17 grad=e3d2de91 grad_elems=1024 param_elems=1024 energy=0x1.c6p-13 finite=1
ATTR_NAMED_GRAD block=832 name=w_o_17 grad=43ba4c75 grad_elems=1048576 param_elems=1048576 energy=0x1.82p-7 finite=1
ATTR_NAMED_GRAD block=832 name=w_r_17 grad=322449dc grad_elems=327680 param_elems=327680 energy=0x1.5cp-27 finite=1
ATTR_NAMED_GRAD block=832 name=w_kv_17 grad=2a176d63 grad_elems=2097152 param_elems=2097152 energy=0x1.86p-7 finite=1
ATTR_NAMED_GRAD block=832 name=w_q_17 grad=690cfcf5 grad_elems=1048576 param_elems=1048576 energy=0x1.36p-14 finite=1
ATTR_NAMED_GRAD block=832 name=ln_g_34 grad=c43c9f52 grad_elems=1024 param_elems=1024 energy=0x1.5p-24 finite=1
ATTR_NAMED_GRAD block=832 name=ln_b_34 grad=0a7f9800 grad_elems=1024 param_elems=1024 energy=0x1.38p-23 finite=1
ATTR_NAMED_GRAD block=832 name=ff2_16 grad=e6369cb1 grad_elems=3145728 param_elems=3145728 energy=0x1.9ep-8 finite=1
ATTR_NAMED_GRAD block=832 name=ff1_16 grad=d831430f grad_elems=6291456 param_elems=6291456 energy=0x1.fap-9 finite=1
ATTR_NAMED_GRAD block=832 name=ln_g_33 grad=b0e0bed3 grad_elems=1024 param_elems=1024 energy=0x1.d4p-21 finite=1
ATTR_NAMED_GRAD block=832 name=ln_b_33 grad=13af21b0 grad_elems=1024 param_elems=1024 energy=0x1.36p-20 finite=1
ATTR_NAMED_GRAD block=832 name=ff_bias1_16 grad=1de30c05 grad_elems=6144 param_elems=6144 energy=0x1.42p-18 finite=1
ATTR_NAMED_GRAD block=832 name=ff_bias2_16 grad=ef6ff666 grad_elems=1024 param_elems=1024 energy=0x1.bep-13 finite=1
ATTR_NAMED_GRAD block=832 name=w_o_16 grad=7c9dbdcf grad_elems=1048576 param_elems=1048576 energy=0x1.0ap-7 finite=1
ATTR_NAMED_GRAD block=832 name=w_r_16 grad=aec45d40 grad_elems=327680 param_elems=327680 energy=0x1.86p-28 finite=1
ATTR_NAMED_GRAD block=832 name=w_kv_16 grad=823a3d61 grad_elems=2097152 param_elems=2097152 energy=0x1.3cp-7 finite=1
ATTR_NAMED_GRAD block=832 name=w_q_16 grad=2d524042 grad_elems=1048576 param_elems=1048576 energy=0x1.3cp-15 finite=1
ATTR_NAMED_GRAD block=832 name=ln_g_32 grad=4ab29304 grad_elems=1024 param_elems=1024 energy=0x1.16p-25 finite=1
ATTR_NAMED_GRAD block=832 name=ln_b_32 grad=a1905769 grad_elems=1024 param_elems=1024 energy=0x1.28p-24 finite=1
ATTR_NAMED_GRAD block=832 name=ff2_15 grad=36779bbc grad_elems=3145728 param_elems=3145728 energy=0x1.8ap-8 finite=1
ATTR_NAMED_GRAD block=832 name=ff1_15 grad=17c5bfc7 grad_elems=6291456 param_elems=6291456 energy=0x1.e8p-9 finite=1
ATTR_NAMED_GRAD block=832 name=ln_g_31 grad=b6b1c3b9 grad_elems=1024 param_elems=1024 energy=0x1.f8p-21 finite=1
ATTR_NAMED_GRAD block=832 name=ln_b_31 grad=49c60493 grad_elems=1024 param_elems=1024 energy=0x1.24p-20 finite=1
ATTR_NAMED_GRAD block=832 name=ff_bias1_15 grad=a54e1b1c grad_elems=6144 param_elems=6144 energy=0x1.22p-18 finite=1
ATTR_NAMED_GRAD block=832 name=ff_bias2_15 grad=24cd5572 grad_elems=1024 param_elems=1024 energy=0x1.b8p-13 finite=1
ATTR_NAMED_GRAD block=832 name=w_o_15 grad=abdd32dc grad_elems=1048576 param_elems=1048576 energy=0x1.a4p-8 finite=1
ATTR_NAMED_GRAD block=832 name=w_r_15 grad=8f70176f grad_elems=327680 param_elems=327680 energy=0x1.74p-28 finite=1
ATTR_NAMED_GRAD block=832 name=w_kv_15 grad=a859d164 grad_elems=2097152 param_elems=2097152 energy=0x1.f4p-8 finite=1
ATTR_NAMED_GRAD block=832 name=w_q_15 grad=afafb39a grad_elems=1048576 param_elems=1048576 energy=0x1.22p-15 finite=1
ATTR_NAMED_GRAD block=832 name=ln_g_30 grad=e783645b grad_elems=1024 param_elems=1024 energy=0x1.ep-26 finite=1
ATTR_NAMED_GRAD block=832 name=ln_b_30 grad=47266177 grad_elems=1024 param_elems=1024 energy=0x1.1ep-24 finite=1
ATTR_NAMED_GRAD block=832 name=ff2_14 grad=4fe650a0 grad_elems=3145728 param_elems=3145728 energy=0x1.8p-8 finite=1
ATTR_NAMED_GRAD block=832 name=ff1_14 grad=cdd7c09e grad_elems=6291456 param_elems=6291456 energy=0x1.e4p-9 finite=1
ATTR_NAMED_GRAD block=832 name=ln_g_29 grad=9286a217 grad_elems=1024 param_elems=1024 energy=0x1.e4p-21 finite=1
ATTR_NAMED_GRAD block=832 name=ln_b_29 grad=af87b486 grad_elems=1024 param_elems=1024 energy=0x1.16p-20 finite=1
ATTR_NAMED_GRAD block=832 name=ff_bias1_14 grad=22f08174 grad_elems=6144 param_elems=6144 energy=0x1.16p-18 finite=1
ATTR_NAMED_GRAD block=832 name=ff_bias2_14 grad=fb5f9ad6 grad_elems=1024 param_elems=1024 energy=0x1.b6p-13 finite=1
ATTR_NAMED_GRAD block=832 name=w_o_14 grad=80595f95 grad_elems=1048576 param_elems=1048576 energy=0x1.6p-8 finite=1
ATTR_NAMED_GRAD block=832 name=w_r_14 grad=2594867b grad_elems=327680 param_elems=327680 energy=0x1.4ap-28 finite=1
ATTR_NAMED_GRAD block=832 name=w_kv_14 grad=3e454fc1 grad_elems=2097152 param_elems=2097152 energy=0x1.bap-8 finite=1
ATTR_NAMED_GRAD block=832 name=w_q_14 grad=8cd95999 grad_elems=1048576 param_elems=1048576 energy=0x1.54p-15 finite=1
ATTR_NAMED_GRAD block=832 name=ln_g_28 grad=c774b8bc grad_elems=1024 param_elems=1024 energy=0x1.e4p-26 finite=1
ATTR_NAMED_GRAD block=832 name=ln_b_28 grad=0aff416b grad_elems=1024 param_elems=1024 energy=0x1.38p-24 finite=1
ATTR_NAMED_GRAD block=832 name=ff2_13 grad=94d1b764 grad_elems=3145728 param_elems=3145728 energy=0x1.7cp-8 finite=1
ATTR_NAMED_GRAD block=832 name=ff1_13 grad=9a7a6224 grad_elems=6291456 param_elems=6291456 energy=0x1.dep-9 finite=1
ATTR_NAMED_GRAD block=832 name=ln_g_27 grad=2cdeb077 grad_elems=1024 param_elems=1024 energy=0x1.eap-21 finite=1
ATTR_NAMED_GRAD block=832 name=ln_b_27 grad=077b3b30 grad_elems=1024 param_elems=1024 energy=0x1.f4p-21 finite=1
ATTR_NAMED_GRAD block=832 name=ff_bias1_13 grad=66d54b15 grad_elems=6144 param_elems=6144 energy=0x1.12p-18 finite=1
ATTR_NAMED_GRAD block=832 name=ff_bias2_13 grad=cdb061a9 grad_elems=1024 param_elems=1024 energy=0x1.b8p-13 finite=1
ATTR_NAMED_GRAD block=832 name=w_o_13 grad=aed07068 grad_elems=1048576 param_elems=1048576 energy=0x1.28p-8 finite=1
ATTR_NAMED_GRAD block=832 name=w_r_13 grad=2931778b grad_elems=327680 param_elems=327680 energy=0x1.b8p-29 finite=1
ATTR_NAMED_GRAD block=832 name=w_kv_13 grad=b515550a grad_elems=2097152 param_elems=2097152 energy=0x1.68p-8 finite=1
ATTR_NAMED_GRAD block=832 name=w_q_13 grad=d641d469 grad_elems=1048576 param_elems=1048576 energy=0x1.1ep-16 finite=1
ATTR_NAMED_GRAD block=832 name=ln_g_26 grad=4fe6d10e grad_elems=1024 param_elems=1024 energy=0x1.8cp-27 finite=1
ATTR_NAMED_GRAD block=832 name=ln_b_26 grad=0bbf8fc6 grad_elems=1024 param_elems=1024 energy=0x1.6p-25 finite=1
ATTR_NAMED_GRAD block=832 name=ff2_12 grad=8990af52 grad_elems=3145728 param_elems=3145728 energy=0x1.88p-8 finite=1
ATTR_NAMED_GRAD block=832 name=ff1_12 grad=a8cc6d8d grad_elems=6291456 param_elems=6291456 energy=0x1.e4p-9 finite=1
ATTR_NAMED_GRAD block=832 name=ln_g_25 grad=cfae8437 grad_elems=1024 param_elems=1024 energy=0x1.16p-20 finite=1
ATTR_NAMED_GRAD block=832 name=ln_b_25 grad=e1d45485 grad_elems=1024 param_elems=1024 energy=0x1.14p-20 finite=1
ATTR_NAMED_GRAD block=832 name=ff_bias1_12 grad=166db475 grad_elems=6144 param_elems=6144 energy=0x1.1ap-18 finite=1
ATTR_NAMED_GRAD block=832 name=ff_bias2_12 grad=3d68caae grad_elems=1024 param_elems=1024 energy=0x1.b8p-13 finite=1
ATTR_NAMED_GRAD block=832 name=w_o_12 grad=f299aa11 grad_elems=1048576 param_elems=1048576 energy=0x1.fep-9 finite=1
ATTR_NAMED_GRAD block=832 name=w_r_12 grad=ffc8f125 grad_elems=327680 param_elems=327680 energy=0x1.b6p-29 finite=1
ATTR_NAMED_GRAD block=832 name=w_kv_12 grad=d1f57eaf grad_elems=2097152 param_elems=2097152 energy=0x1.32p-8 finite=1
ATTR_NAMED_GRAD block=832 name=w_q_12 grad=5371f1e9 grad_elems=1048576 param_elems=1048576 energy=0x1.d8p-17 finite=1
ATTR_NAMED_GRAD block=832 name=ln_g_24 grad=bee5e9b6 grad_elems=1024 param_elems=1024 energy=0x1.6p-27 finite=1
ATTR_NAMED_GRAD block=832 name=ln_b_24 grad=b3c33f4e grad_elems=1024 param_elems=1024 energy=0x1.9ap-25 finite=1
ATTR_NAMED_GRAD block=832 name=ff2_11 grad=31a035e8 grad_elems=3145728 param_elems=3145728 energy=0x1.7ep-8 finite=1
ATTR_NAMED_GRAD block=832 name=ff1_11 grad=7ca5c39b grad_elems=6291456 param_elems=6291456 energy=0x1.e8p-9 finite=1
ATTR_NAMED_GRAD block=832 name=ln_g_23 grad=25396607 grad_elems=1024 param_elems=1024 energy=0x1.12p-20 finite=1
ATTR_NAMED_GRAD block=832 name=ln_b_23 grad=1bc7fa25 grad_elems=1024 param_elems=1024 energy=0x1.06p-20 finite=1
ATTR_NAMED_GRAD block=832 name=ff_bias1_11 grad=11d07582 grad_elems=6144 param_elems=6144 energy=0x1.1ep-18 finite=1
ATTR_NAMED_GRAD block=832 name=ff_bias2_11 grad=156ca054 grad_elems=1024 param_elems=1024 energy=0x1.cp-13 finite=1
ATTR_NAMED_GRAD block=832 name=w_o_11 grad=85ef4f65 grad_elems=1048576 param_elems=1048576 energy=0x1.9ap-9 finite=1
ATTR_NAMED_GRAD block=832 name=w_r_11 grad=9ed0b0aa grad_elems=327680 param_elems=327680 energy=0x1.cp-29 finite=1
ATTR_NAMED_GRAD block=832 name=w_kv_11 grad=ecb82803 grad_elems=2097152 param_elems=2097152 energy=0x1.f2p-9 finite=1
ATTR_NAMED_GRAD block=832 name=w_q_11 grad=183f710c grad_elems=1048576 param_elems=1048576 energy=0x1.c6p-17 finite=1
ATTR_NAMED_GRAD block=832 name=ln_g_22 grad=2a8c6b89 grad_elems=1024 param_elems=1024 energy=0x1.2cp-27 finite=1
ATTR_NAMED_GRAD block=832 name=ln_b_22 grad=b005a0c4 grad_elems=1024 param_elems=1024 energy=0x1.94p-25 finite=1
ATTR_NAMED_GRAD block=832 name=ff2_10 grad=4413e47c grad_elems=3145728 param_elems=3145728 energy=0x1.86p-8 finite=1
ATTR_NAMED_GRAD block=832 name=ff1_10 grad=a4716f37 grad_elems=6291456 param_elems=6291456 energy=0x1.eap-9 finite=1
ATTR_NAMED_GRAD block=832 name=ln_g_21 grad=8e796501 grad_elems=1024 param_elems=1024 energy=0x1.12p-20 finite=1
ATTR_NAMED_GRAD block=832 name=ln_b_21 grad=0dde1b64 grad_elems=1024 param_elems=1024 energy=0x1.04p-20 finite=1
ATTR_NAMED_GRAD block=832 name=ff_bias1_10 grad=30ac0592 grad_elems=6144 param_elems=6144 energy=0x1.14p-18 finite=1
ATTR_NAMED_GRAD block=832 name=ff_bias2_10 grad=8e3fb9d7 grad_elems=1024 param_elems=1024 energy=0x1.cep-13 finite=1
ATTR_NAMED_GRAD block=832 name=w_o_10 grad=93f49b33 grad_elems=1048576 param_elems=1048576 energy=0x1.62p-9 finite=1
ATTR_NAMED_GRAD block=832 name=w_r_10 grad=fa45d2d5 grad_elems=327680 param_elems=327680 energy=0x1.c8p-29 finite=1
ATTR_NAMED_GRAD block=832 name=w_kv_10 grad=37bfbbff grad_elems=2097152 param_elems=2097152 energy=0x1.bp-9 finite=1
ATTR_NAMED_GRAD block=832 name=w_q_10 grad=52be43ce grad_elems=1048576 param_elems=1048576 energy=0x1.bp-17 finite=1
ATTR_NAMED_GRAD block=832 name=ln_g_20 grad=b12ed7a4 grad_elems=1024 param_elems=1024 energy=0x1.fap-28 finite=1
ATTR_NAMED_GRAD block=832 name=ln_b_20 grad=8bc5aa54 grad_elems=1024 param_elems=1024 energy=0x1.7cp-25 finite=1
ATTR_NAMED_GRAD block=832 name=ff2_9 grad=9c3dbe21 grad_elems=3145728 param_elems=3145728 energy=0x1.8ap-8 finite=1
ATTR_NAMED_GRAD block=832 name=ff1_9 grad=fe87ba85 grad_elems=6291456 param_elems=6291456 energy=0x1.fp-9 finite=1
ATTR_NAMED_GRAD block=832 name=ln_g_19 grad=68578f42 grad_elems=1024 param_elems=1024 energy=0x1.fep-21 finite=1
ATTR_NAMED_GRAD block=832 name=ln_b_19 grad=44ad4520 grad_elems=1024 param_elems=1024 energy=0x1.dep-21 finite=1
ATTR_NAMED_GRAD block=832 name=ff_bias1_9 grad=a7cbe102 grad_elems=6144 param_elems=6144 energy=0x1.24p-18 finite=1
ATTR_NAMED_GRAD block=832 name=ff_bias2_9 grad=37117421 grad_elems=1024 param_elems=1024 energy=0x1.d6p-13 finite=1
ATTR_NAMED_GRAD block=832 name=w_o_9 grad=38eae687 grad_elems=1048576 param_elems=1048576 energy=0x1.2ap-9 finite=1
ATTR_NAMED_GRAD block=832 name=w_r_9 grad=8bc0e6da grad_elems=327680 param_elems=327680 energy=0x1.d6p-29 finite=1
ATTR_NAMED_GRAD block=832 name=w_kv_9 grad=29190189 grad_elems=2097152 param_elems=2097152 energy=0x1.5ep-9 finite=1
ATTR_NAMED_GRAD block=832 name=w_q_9 grad=3f062dbe grad_elems=1048576 param_elems=1048576 energy=0x1.c4p-17 finite=1
ATTR_NAMED_GRAD block=832 name=ln_g_18 grad=dce6777b grad_elems=1024 param_elems=1024 energy=0x1.f4p-28 finite=1
ATTR_NAMED_GRAD block=832 name=ln_b_18 grad=5630ac02 grad_elems=1024 param_elems=1024 energy=0x1.6p-25 finite=1
ATTR_NAMED_GRAD block=832 name=ff2_8 grad=b630b936 grad_elems=3145728 param_elems=3145728 energy=0x1.9p-8 finite=1
ATTR_NAMED_GRAD block=832 name=ff1_8 grad=b7ff4660 grad_elems=6291456 param_elems=6291456 energy=0x1.f6p-9 finite=1
ATTR_NAMED_GRAD block=832 name=ln_g_17 grad=6f587e6c grad_elems=1024 param_elems=1024 energy=0x1.12p-20 finite=1
ATTR_NAMED_GRAD block=832 name=ln_b_17 grad=e90ffd38 grad_elems=1024 param_elems=1024 energy=0x1.cep-21 finite=1
ATTR_NAMED_GRAD block=832 name=ff_bias1_8 grad=f63031c2 grad_elems=6144 param_elems=6144 energy=0x1.18p-18 finite=1
ATTR_NAMED_GRAD block=832 name=ff_bias2_8 grad=8ddf878e grad_elems=1024 param_elems=1024 energy=0x1.e2p-13 finite=1
ATTR_NAMED_GRAD block=832 name=w_o_8 grad=1914d4bb grad_elems=1048576 param_elems=1048576 energy=0x1.eap-10 finite=1
ATTR_NAMED_GRAD block=832 name=w_r_8 grad=30726f45 grad_elems=327680 param_elems=327680 energy=0x1.e8p-29 finite=1
ATTR_NAMED_GRAD block=832 name=w_kv_8 grad=b5694f20 grad_elems=2097152 param_elems=2097152 energy=0x1.24p-9 finite=1
ATTR_NAMED_GRAD block=832 name=w_q_8 grad=31df4c7b grad_elems=1048576 param_elems=1048576 energy=0x1.d2p-17 finite=1
ATTR_NAMED_GRAD block=832 name=ln_g_16 grad=4e0b06ea grad_elems=1024 param_elems=1024 energy=0x1.d6p-28 finite=1
ATTR_NAMED_GRAD block=832 name=ln_b_16 grad=892ad532 grad_elems=1024 param_elems=1024 energy=0x1.b2p-25 finite=1
ATTR_NAMED_GRAD block=832 name=ff2_7 grad=417eda08 grad_elems=3145728 param_elems=3145728 energy=0x1.92p-8 finite=1
ATTR_NAMED_GRAD block=832 name=ff1_7 grad=4c7d847b grad_elems=6291456 param_elems=6291456 energy=0x1p-8 finite=1
ATTR_NAMED_GRAD block=832 name=ln_g_15 grad=43ca6444 grad_elems=1024 param_elems=1024 energy=0x1.0ap-20 finite=1
ATTR_NAMED_GRAD block=832 name=ln_b_15 grad=7cd34571 grad_elems=1024 param_elems=1024 energy=0x1.0ap-20 finite=1
ATTR_NAMED_GRAD block=832 name=ff_bias1_7 grad=17fbf817 grad_elems=6144 param_elems=6144 energy=0x1.1cp-18 finite=1
ATTR_NAMED_GRAD block=832 name=ff_bias2_7 grad=44265b28 grad_elems=1024 param_elems=1024 energy=0x1.f4p-13 finite=1
ATTR_NAMED_GRAD block=832 name=w_o_7 grad=cc9a5e43 grad_elems=1048576 param_elems=1048576 energy=0x1.86p-10 finite=1
ATTR_NAMED_GRAD block=832 name=w_r_7 grad=f86c222b grad_elems=327680 param_elems=327680 energy=0x1.f6p-29 finite=1
ATTR_NAMED_GRAD block=832 name=w_kv_7 grad=38476356 grad_elems=2097152 param_elems=2097152 energy=0x1.cap-10 finite=1
ATTR_NAMED_GRAD block=832 name=w_q_7 grad=ab69e193 grad_elems=1048576 param_elems=1048576 energy=0x1.e2p-17 finite=1
ATTR_NAMED_GRAD block=832 name=ln_g_14 grad=0c8bdb90 grad_elems=1024 param_elems=1024 energy=0x1.bep-28 finite=1
ATTR_NAMED_GRAD block=832 name=ln_b_14 grad=ba67d7fe grad_elems=1024 param_elems=1024 energy=0x1.9p-25 finite=1
ATTR_NAMED_GRAD block=832 name=ff2_6 grad=d78c0239 grad_elems=3145728 param_elems=3145728 energy=0x1.9ep-8 finite=1
ATTR_NAMED_GRAD block=832 name=ff1_6 grad=63df0919 grad_elems=6291456 param_elems=6291456 energy=0x1.02p-8 finite=1
ATTR_NAMED_GRAD block=832 name=ln_g_13 grad=85fe47fc grad_elems=1024 param_elems=1024 energy=0x1.28p-20 finite=1
ATTR_NAMED_GRAD block=832 name=ln_b_13 grad=52ca8749 grad_elems=1024 param_elems=1024 energy=0x1.cep-21 finite=1
ATTR_NAMED_GRAD block=832 name=ff_bias1_6 grad=caedda7d grad_elems=6144 param_elems=6144 energy=0x1.2p-18 finite=1
ATTR_NAMED_GRAD block=832 name=ff_bias2_6 grad=40964dcb grad_elems=1024 param_elems=1024 energy=0x1.02p-12 finite=1
ATTR_NAMED_GRAD block=832 name=w_o_6 grad=dc671157 grad_elems=1048576 param_elems=1048576 energy=0x1.3cp-10 finite=1
ATTR_NAMED_GRAD block=832 name=w_r_6 grad=f531de12 grad_elems=327680 param_elems=327680 energy=0x1.06p-28 finite=1
ATTR_NAMED_GRAD block=832 name=w_kv_6 grad=840b97c5 grad_elems=2097152 param_elems=2097152 energy=0x1.98p-10 finite=1
ATTR_NAMED_GRAD block=832 name=w_q_6 grad=7cc9e65a grad_elems=1048576 param_elems=1048576 energy=0x1.f4p-17 finite=1
ATTR_NAMED_GRAD block=832 name=ln_g_12 grad=d963e447 grad_elems=1024 param_elems=1024 energy=0x1.b2p-28 finite=1
ATTR_NAMED_GRAD block=832 name=ln_b_12 grad=6a1d27a1 grad_elems=1024 param_elems=1024 energy=0x1.d2p-25 finite=1
ATTR_NAMED_GRAD block=832 name=ff2_5 grad=4a695cea grad_elems=3145728 param_elems=3145728 energy=0x1.a6p-8 finite=1
ATTR_NAMED_GRAD block=832 name=ff1_5 grad=62c350b3 grad_elems=6291456 param_elems=6291456 energy=0x1.06p-8 finite=1
ATTR_NAMED_GRAD block=832 name=ln_g_11 grad=cd04d0ec grad_elems=1024 param_elems=1024 energy=0x1.14p-20 finite=1
ATTR_NAMED_GRAD block=832 name=ln_b_11 grad=cf97b8d3 grad_elems=1024 param_elems=1024 energy=0x1.ecp-21 finite=1
ATTR_NAMED_GRAD block=832 name=ff_bias1_5 grad=c0061b29 grad_elems=6144 param_elems=6144 energy=0x1.16p-18 finite=1
ATTR_NAMED_GRAD block=832 name=ff_bias2_5 grad=b028e669 grad_elems=1024 param_elems=1024 energy=0x1.08p-12 finite=1
ATTR_NAMED_GRAD block=832 name=w_o_5 grad=52bcc6a4 grad_elems=1048576 param_elems=1048576 energy=0x1.0ep-10 finite=1
ATTR_NAMED_GRAD block=832 name=w_r_5 grad=23e75c8e grad_elems=327680 param_elems=327680 energy=0x1.16p-28 finite=1
ATTR_NAMED_GRAD block=832 name=w_kv_5 grad=416d1a20 grad_elems=2097152 param_elems=2097152 energy=0x1.4cp-10 finite=1
ATTR_NAMED_GRAD block=832 name=w_q_5 grad=44aa5033 grad_elems=1048576 param_elems=1048576 energy=0x1.02p-16 finite=1
ATTR_NAMED_GRAD block=832 name=ln_g_10 grad=31e3923f grad_elems=1024 param_elems=1024 energy=0x1.c4p-28 finite=1
ATTR_NAMED_GRAD block=832 name=ln_b_10 grad=e94632b9 grad_elems=1024 param_elems=1024 energy=0x1.08p-24 finite=1
ATTR_NAMED_GRAD block=832 name=ff2_4 grad=c8d338e9 grad_elems=3145728 param_elems=3145728 energy=0x1.acp-8 finite=1
ATTR_NAMED_GRAD block=832 name=ff1_4 grad=5d1c6d95 grad_elems=6291456 param_elems=6291456 energy=0x1.0cp-8 finite=1
ATTR_NAMED_GRAD block=832 name=ln_g_9 grad=43e1d940 grad_elems=1024 param_elems=1024 energy=0x1.38p-20 finite=1
ATTR_NAMED_GRAD block=832 name=ln_b_9 grad=a23cc56e grad_elems=1024 param_elems=1024 energy=0x1.e6p-21 finite=1
ATTR_NAMED_GRAD block=832 name=ff_bias1_4 grad=efd20614 grad_elems=6144 param_elems=6144 energy=0x1.28p-18 finite=1
ATTR_NAMED_GRAD block=832 name=ff_bias2_4 grad=79afb3ae grad_elems=1024 param_elems=1024 energy=0x1.0cp-12 finite=1
ATTR_NAMED_GRAD block=832 name=w_o_4 grad=4fcfbf21 grad_elems=1048576 param_elems=1048576 energy=0x1.b8p-11 finite=1
ATTR_NAMED_GRAD block=832 name=w_r_4 grad=a02a8f91 grad_elems=327680 param_elems=327680 energy=0x1.1ep-28 finite=1
ATTR_NAMED_GRAD block=832 name=w_kv_4 grad=e6ba7a81 grad_elems=2097152 param_elems=2097152 energy=0x1.0cp-10 finite=1
ATTR_NAMED_GRAD block=832 name=w_q_4 grad=f35c0e58 grad_elems=1048576 param_elems=1048576 energy=0x1.32p-16 finite=1
ATTR_NAMED_GRAD block=832 name=ln_g_8 grad=803cb2aa grad_elems=1024 param_elems=1024 energy=0x1.eap-28 finite=1
ATTR_NAMED_GRAD block=832 name=ln_b_8 grad=0c07bd6a grad_elems=1024 param_elems=1024 energy=0x1.ecp-25 finite=1
ATTR_NAMED_GRAD block=832 name=ff2_3 grad=eb29f46a grad_elems=3145728 param_elems=3145728 energy=0x1.cp-8 finite=1
ATTR_NAMED_GRAD block=832 name=ff1_3 grad=3c2cfeb6 grad_elems=6291456 param_elems=6291456 energy=0x1.16p-8 finite=1
ATTR_NAMED_GRAD block=832 name=ln_g_7 grad=63a2f7b4 grad_elems=1024 param_elems=1024 energy=0x1.3cp-20 finite=1
ATTR_NAMED_GRAD block=832 name=ln_b_7 grad=b7a829d4 grad_elems=1024 param_elems=1024 energy=0x1.06p-20 finite=1
ATTR_NAMED_GRAD block=832 name=ff_bias1_3 grad=ca616296 grad_elems=6144 param_elems=6144 energy=0x1.26p-18 finite=1
ATTR_NAMED_GRAD block=832 name=ff_bias2_3 grad=aaf207fc grad_elems=1024 param_elems=1024 energy=0x1.14p-12 finite=1
ATTR_NAMED_GRAD block=832 name=w_o_3 grad=026611e1 grad_elems=1048576 param_elems=1048576 energy=0x1.7ap-11 finite=1
ATTR_NAMED_GRAD block=832 name=w_r_3 grad=72a92597 grad_elems=327680 param_elems=327680 energy=0x1.28p-28 finite=1
ATTR_NAMED_GRAD block=832 name=w_kv_3 grad=a4768b66 grad_elems=2097152 param_elems=2097152 energy=0x1.bap-11 finite=1
ATTR_NAMED_GRAD block=832 name=w_q_3 grad=f5bb1d47 grad_elems=1048576 param_elems=1048576 energy=0x1.2ap-16 finite=1
ATTR_NAMED_GRAD block=832 name=ln_g_6 grad=d810f585 grad_elems=1024 param_elems=1024 energy=0x1.bcp-28 finite=1
ATTR_NAMED_GRAD block=832 name=ln_b_6 grad=eccaca7c grad_elems=1024 param_elems=1024 energy=0x1.06p-24 finite=1
ATTR_NAMED_GRAD block=832 name=ff2_2 grad=ae4a56a9 grad_elems=3145728 param_elems=3145728 energy=0x1.c4p-8 finite=1
ATTR_NAMED_GRAD block=832 name=ff1_2 grad=df1f7bc7 grad_elems=6291456 param_elems=6291456 energy=0x1.1ap-8 finite=1
ATTR_NAMED_GRAD block=832 name=ln_g_5 grad=d4fc3a29 grad_elems=1024 param_elems=1024 energy=0x1.1ep-20 finite=1
ATTR_NAMED_GRAD block=832 name=ln_b_5 grad=2231a0f7 grad_elems=1024 param_elems=1024 energy=0x1.fep-21 finite=1
ATTR_NAMED_GRAD block=832 name=ff_bias1_2 grad=6cd62df5 grad_elems=6144 param_elems=6144 energy=0x1.2ap-18 finite=1
ATTR_NAMED_GRAD block=832 name=ff_bias2_2 grad=cd9b63e1 grad_elems=1024 param_elems=1024 energy=0x1.1cp-12 finite=1
ATTR_NAMED_GRAD block=832 name=w_o_2 grad=86bf0590 grad_elems=1048576 param_elems=1048576 energy=0x1.2ep-11 finite=1
ATTR_NAMED_GRAD block=832 name=w_r_2 grad=efb8c653 grad_elems=327680 param_elems=327680 energy=0x1.34p-28 finite=1
ATTR_NAMED_GRAD block=832 name=w_kv_2 grad=2315aaaa grad_elems=2097152 param_elems=2097152 energy=0x1.6ep-11 finite=1
ATTR_NAMED_GRAD block=832 name=w_q_2 grad=9ca5786c grad_elems=1048576 param_elems=1048576 energy=0x1.3ep-16 finite=1
ATTR_NAMED_GRAD block=832 name=ln_g_4 grad=c6fd356c grad_elems=1024 param_elems=1024 energy=0x1.cep-28 finite=1
ATTR_NAMED_GRAD block=832 name=ln_b_4 grad=16330839 grad_elems=1024 param_elems=1024 energy=0x1.0cp-24 finite=1
ATTR_NAMED_GRAD block=832 name=ff2_1 grad=e0eadb44 grad_elems=3145728 param_elems=3145728 energy=0x1.d2p-8 finite=1
ATTR_NAMED_GRAD block=832 name=ff1_1 grad=bf6167ff grad_elems=6291456 param_elems=6291456 energy=0x1.22p-8 finite=1
ATTR_NAMED_GRAD block=832 name=ln_g_3 grad=2c8449c4 grad_elems=1024 param_elems=1024 energy=0x1.36p-20 finite=1
ATTR_NAMED_GRAD block=832 name=ln_b_3 grad=28182a1a grad_elems=1024 param_elems=1024 energy=0x1.0ap-20 finite=1
ATTR_NAMED_GRAD block=832 name=ff_bias1_1 grad=d0af1ece grad_elems=6144 param_elems=6144 energy=0x1.3p-18 finite=1
ATTR_NAMED_GRAD block=832 name=ff_bias2_1 grad=8c1f6afd grad_elems=1024 param_elems=1024 energy=0x1.22p-12 finite=1
ATTR_NAMED_GRAD block=832 name=w_o_1 grad=775b461c grad_elems=1048576 param_elems=1048576 energy=0x1.22p-11 finite=1
ATTR_NAMED_GRAD block=832 name=w_r_1 grad=a013fb3c grad_elems=327680 param_elems=327680 energy=0x1.46p-28 finite=1
ATTR_NAMED_GRAD block=832 name=w_kv_1 grad=afc6d219 grad_elems=2097152 param_elems=2097152 energy=0x1.3ep-11 finite=1
ATTR_NAMED_GRAD block=832 name=w_q_1 grad=5569eb1d grad_elems=1048576 param_elems=1048576 energy=0x1.8cp-16 finite=1
ATTR_NAMED_GRAD block=832 name=ln_g_2 grad=cb3f6379 grad_elems=1024 param_elems=1024 energy=0x1.22p-27 finite=1
ATTR_NAMED_GRAD block=832 name=ln_b_2 grad=d1df7b3a grad_elems=1024 param_elems=1024 energy=0x1.2p-24 finite=1
ATTR_NAMED_GRAD block=832 name=ff2_0 grad=a8e181b7 grad_elems=3145728 param_elems=3145728 energy=0x1.d8p-8 finite=1
ATTR_NAMED_GRAD block=832 name=ff1_0 grad=bff6bb0d grad_elems=6291456 param_elems=6291456 energy=0x1.2ap-8 finite=1
ATTR_NAMED_GRAD block=832 name=ln_g_1 grad=b8314915 grad_elems=1024 param_elems=1024 energy=0x1.2ap-20 finite=1
ATTR_NAMED_GRAD block=832 name=ln_b_1 grad=450fbd43 grad_elems=1024 param_elems=1024 energy=0x1.0cp-20 finite=1
ATTR_NAMED_GRAD block=832 name=ff_bias1_0 grad=7cfe1c15 grad_elems=6144 param_elems=6144 energy=0x1.3cp-18 finite=1
ATTR_NAMED_GRAD block=832 name=ff_bias2_0 grad=851ffa67 grad_elems=1024 param_elems=1024 energy=0x1.2cp-12 finite=1
ATTR_NAMED_GRAD block=832 name=w_o_0 grad=c20989f6 grad_elems=1048576 param_elems=1048576 energy=0x1.f4p-12 finite=1
ATTR_NAMED_GRAD block=832 name=w_r_0 grad=3b1b1681 grad_elems=327680 param_elems=327680 energy=0x1.5p-28 finite=1
ATTR_NAMED_GRAD block=832 name=b_r_0 grad=363a1b9d grad_elems=2560 param_elems=2560 energy=0x1.0ep-11 finite=1
ATTR_NAMED_GRAD block=832 name=w_kv_0 grad=ba5dd377 grad_elems=2097152 param_elems=2097152 energy=0x1.12p-11 finite=1
ATTR_NAMED_GRAD block=832 name=w_q_0 grad=86b830f1 grad_elems=1048576 param_elems=1048576 energy=0x1.7ep-16 finite=1
ATTR_NAMED_GRAD block=832 name=ln_g_0 grad=8095077d grad_elems=1024 param_elems=1024 energy=0x1.22p-27 finite=1
ATTR_NAMED_GRAD block=832 name=ln_b_0 grad=fdc20374 grad_elems=1024 param_elems=1024 energy=0x1.5cp-24 finite=1
ATTR_NAMED_GRAD block=832 name=embed grad=8d07ef64 grad_elems=16785408 param_elems=16785408 energy=0x1.31a132p-3 finite=1
ATTR_NAMED_GRAD block=832 name=ln_g_40 grad=a1e4875a grad_elems=1024 param_elems=1024 energy=0x1.e2p-11 finite=1
ATTR_NAMED_GRAD block=832 name=ln_b_40 grad=059ddd85 grad_elems=1024 param_elems=1024 energy=0x1.ap-11 finite=1
ATTR_NAMED_GRAD block=832 name=out_bias grad=76ece189 grad_elems=16392 param_elems=16392 energy=0x1.14p-9 finite=1
ATTR_HEAD arm=1 block=832 weight=fdcf5e1c bias=1b9f65a3
ATTR_STATE arm=1 block=832 step=28 params=a2d48a1c memory=81c1b70b
ATTR_NAMED_GRAD block=896 name=embed_out grad=a5762cc7 grad_elems=16785408 param_elems=16785408 energy=0x1.14p+1 finite=1
ATTR_NAMED_GRAD block=896 name=ff2_19 grad=8f972d8d grad_elems=3145728 param_elems=3145728 energy=0x1.24p-7 finite=1
ATTR_NAMED_GRAD block=896 name=ff1_19 grad=113ec64d grad_elems=6291456 param_elems=6291456 energy=0x1.42p-8 finite=1
ATTR_NAMED_GRAD block=896 name=ln_g_39 grad=d43ded53 grad_elems=1024 param_elems=1024 energy=0x1.72p-20 finite=1
ATTR_NAMED_GRAD block=896 name=ln_b_39 grad=057a0f64 grad_elems=1024 param_elems=1024 energy=0x1.eep-20 finite=1
ATTR_NAMED_GRAD block=896 name=ff_bias1_19 grad=23bb1976 grad_elems=6144 param_elems=6144 energy=0x1.96p-18 finite=1
ATTR_NAMED_GRAD block=896 name=ff_bias2_19 grad=7423a307 grad_elems=1024 param_elems=1024 energy=0x1.1ep-12 finite=1
ATTR_NAMED_GRAD block=896 name=w_o_19 grad=d0035b1c grad_elems=1048576 param_elems=1048576 energy=0x1.4cp-5 finite=1
ATTR_NAMED_GRAD block=896 name=w_r_19 grad=fc4e2a52 grad_elems=327680 param_elems=327680 energy=0x1.98p-27 finite=1
ATTR_NAMED_GRAD block=896 name=w_kv_19 grad=c8fbe1a9 grad_elems=2097152 param_elems=2097152 energy=0x1.0ap-5 finite=1
ATTR_NAMED_GRAD block=896 name=w_q_19 grad=b587e3a0 grad_elems=1048576 param_elems=1048576 energy=0x1.08p-13 finite=1
ATTR_NAMED_GRAD block=896 name=ln_g_38 grad=dea72a7b grad_elems=1024 param_elems=1024 energy=0x1.0ap-23 finite=1
ATTR_NAMED_GRAD block=896 name=ln_b_38 grad=20ef2c6e grad_elems=1024 param_elems=1024 energy=0x1.36p-22 finite=1
ATTR_NAMED_GRAD block=896 name=ff2_18 grad=45e07df9 grad_elems=3145728 param_elems=3145728 energy=0x1.f4p-8 finite=1
ATTR_NAMED_GRAD block=896 name=ff1_18 grad=ed33cd0f grad_elems=6291456 param_elems=6291456 energy=0x1.1ap-8 finite=1
ATTR_NAMED_GRAD block=896 name=ln_g_37 grad=2f897696 grad_elems=1024 param_elems=1024 energy=0x1.26p-20 finite=1
ATTR_NAMED_GRAD block=896 name=ln_b_37 grad=0c33154a grad_elems=1024 param_elems=1024 energy=0x1.82p-20 finite=1
ATTR_NAMED_GRAD block=896 name=ff_bias1_18 grad=a03d5e77 grad_elems=6144 param_elems=6144 energy=0x1.6cp-18 finite=1
ATTR_NAMED_GRAD block=896 name=ff_bias2_18 grad=7d1502bd grad_elems=1024 param_elems=1024 energy=0x1.1ep-12 finite=1
ATTR_NAMED_GRAD block=896 name=w_o_18 grad=24d90772 grad_elems=1048576 param_elems=1048576 energy=0x1.94p-6 finite=1
ATTR_NAMED_GRAD block=896 name=w_r_18 grad=11efc1a8 grad_elems=327680 param_elems=327680 energy=0x1.6cp-27 finite=1
ATTR_NAMED_GRAD block=896 name=w_kv_18 grad=a93d4801 grad_elems=2097152 param_elems=2097152 energy=0x1.78p-6 finite=1
ATTR_NAMED_GRAD block=896 name=w_q_18 grad=98f969a9 grad_elems=1048576 param_elems=1048576 energy=0x1.c6p-14 finite=1
ATTR_NAMED_GRAD block=896 name=ln_g_36 grad=068e88fb grad_elems=1024 param_elems=1024 energy=0x1.dp-24 finite=1
ATTR_NAMED_GRAD block=896 name=ln_b_36 grad=ddabbc96 grad_elems=1024 param_elems=1024 energy=0x1.18p-22 finite=1
ATTR_NAMED_GRAD block=896 name=ff2_17 grad=b140a378 grad_elems=3145728 param_elems=3145728 energy=0x1.e8p-8 finite=1
ATTR_NAMED_GRAD block=896 name=ff1_17 grad=3bd584eb grad_elems=6291456 param_elems=6291456 energy=0x1.12p-8 finite=1
ATTR_NAMED_GRAD block=896 name=ln_g_35 grad=938cacc8 grad_elems=1024 param_elems=1024 energy=0x1.18p-20 finite=1
ATTR_NAMED_GRAD block=896 name=ln_b_35 grad=03205548 grad_elems=1024 param_elems=1024 energy=0x1.a8p-20 finite=1
ATTR_NAMED_GRAD block=896 name=ff_bias1_17 grad=e242588e grad_elems=6144 param_elems=6144 energy=0x1.76p-18 finite=1
ATTR_NAMED_GRAD block=896 name=ff_bias2_17 grad=fdf415a8 grad_elems=1024 param_elems=1024 energy=0x1.1cp-12 finite=1
ATTR_NAMED_GRAD block=896 name=w_o_17 grad=f650ef8a grad_elems=1048576 param_elems=1048576 energy=0x1.cp-7 finite=1
ATTR_NAMED_GRAD block=896 name=w_r_17 grad=8c2fec68 grad_elems=327680 param_elems=327680 energy=0x1.88p-27 finite=1
ATTR_NAMED_GRAD block=896 name=w_kv_17 grad=fed18e5d grad_elems=2097152 param_elems=2097152 energy=0x1.dap-7 finite=1
ATTR_NAMED_GRAD block=896 name=w_q_17 grad=023ddb91 grad_elems=1048576 param_elems=1048576 energy=0x1.64p-14 finite=1
ATTR_NAMED_GRAD block=896 name=ln_g_34 grad=8978fc98 grad_elems=1024 param_elems=1024 energy=0x1.54p-24 finite=1
ATTR_NAMED_GRAD block=896 name=ln_b_34 grad=a159cb49 grad_elems=1024 param_elems=1024 energy=0x1.8cp-23 finite=1
ATTR_NAMED_GRAD block=896 name=ff2_16 grad=0b985dc6 grad_elems=3145728 param_elems=3145728 energy=0x1.a2p-8 finite=1
ATTR_NAMED_GRAD block=896 name=ff1_16 grad=c8ca626a grad_elems=6291456 param_elems=6291456 energy=0x1.f6p-9 finite=1
ATTR_NAMED_GRAD block=896 name=ln_g_33 grad=3c27e1ec grad_elems=1024 param_elems=1024 energy=0x1.ecp-21 finite=1
ATTR_NAMED_GRAD block=896 name=ln_b_33 grad=c3ba5073 grad_elems=1024 param_elems=1024 energy=0x1.4ep-20 finite=1
ATTR_NAMED_GRAD block=896 name=ff_bias1_16 grad=b9f7d92d grad_elems=6144 param_elems=6144 energy=0x1.4ap-18 finite=1
ATTR_NAMED_GRAD block=896 name=ff_bias2_16 grad=073bbaa0 grad_elems=1024 param_elems=1024 energy=0x1.18p-12 finite=1
ATTR_NAMED_GRAD block=896 name=w_o_16 grad=2b03745b grad_elems=1048576 param_elems=1048576 energy=0x1.2cp-7 finite=1
ATTR_NAMED_GRAD block=896 name=w_r_16 grad=7fd0274a grad_elems=327680 param_elems=327680 energy=0x1.b4p-28 finite=1
ATTR_NAMED_GRAD block=896 name=w_kv_16 grad=7576510c grad_elems=2097152 param_elems=2097152 energy=0x1.7ap-7 finite=1
ATTR_NAMED_GRAD block=896 name=w_q_16 grad=066bcc86 grad_elems=1048576 param_elems=1048576 energy=0x1.1p-14 finite=1
ATTR_NAMED_GRAD block=896 name=ln_g_32 grad=fc63bccf grad_elems=1024 param_elems=1024 energy=0x1.f2p-25 finite=1
ATTR_NAMED_GRAD block=896 name=ln_b_32 grad=360458d5 grad_elems=1024 param_elems=1024 energy=0x1.28p-23 finite=1
ATTR_NAMED_GRAD block=896 name=ff2_15 grad=e8717875 grad_elems=3145728 param_elems=3145728 energy=0x1.9ap-8 finite=1
ATTR_NAMED_GRAD block=896 name=ff1_15 grad=77c4a6e7 grad_elems=6291456 param_elems=6291456 energy=0x1.eep-9 finite=1
ATTR_NAMED_GRAD block=896 name=ln_g_31 grad=b0154f08 grad_elems=1024 param_elems=1024 energy=0x1.c2p-21 finite=1
ATTR_NAMED_GRAD block=896 name=ln_b_31 grad=cd0d5268 grad_elems=1024 param_elems=1024 energy=0x1.3ep-20 finite=1
ATTR_NAMED_GRAD block=896 name=ff_bias1_15 grad=4e97a1e1 grad_elems=6144 param_elems=6144 energy=0x1.44p-18 finite=1
ATTR_NAMED_GRAD block=896 name=ff_bias2_15 grad=29788368 grad_elems=1024 param_elems=1024 energy=0x1.12p-12 finite=1
ATTR_NAMED_GRAD block=896 name=w_o_15 grad=9e82c6ab grad_elems=1048576 param_elems=1048576 energy=0x1.cep-8 finite=1
ATTR_NAMED_GRAD block=896 name=w_r_15 grad=1ed3e1ab grad_elems=327680 param_elems=327680 energy=0x1.74p-28 finite=1
ATTR_NAMED_GRAD block=896 name=w_kv_15 grad=d549edd6 grad_elems=2097152 param_elems=2097152 energy=0x1.1p-7 finite=1
ATTR_NAMED_GRAD block=896 name=w_q_15 grad=72097cb6 grad_elems=1048576 param_elems=1048576 energy=0x1.86p-15 finite=1
ATTR_NAMED_GRAD block=896 name=ln_g_30 grad=62b0ab8f grad_elems=1024 param_elems=1024 energy=0x1.12p-25 finite=1
ATTR_NAMED_GRAD block=896 name=ln_b_30 grad=c597e1dc grad_elems=1024 param_elems=1024 energy=0x1.5ep-24 finite=1
ATTR_NAMED_GRAD block=896 name=ff2_14 grad=c522119b grad_elems=3145728 param_elems=3145728 energy=0x1.8cp-8 finite=1
ATTR_NAMED_GRAD block=896 name=ff1_14 grad=65ee2ece grad_elems=6291456 param_elems=6291456 energy=0x1.eap-9 finite=1
ATTR_NAMED_GRAD block=896 name=ln_g_29 grad=9c308b4c grad_elems=1024 param_elems=1024 energy=0x1.c2p-21 finite=1
ATTR_NAMED_GRAD block=896 name=ln_b_29 grad=6d3c3c16 grad_elems=1024 param_elems=1024 energy=0x1.1ep-20 finite=1
ATTR_NAMED_GRAD block=896 name=ff_bias1_14 grad=56740d22 grad_elems=6144 param_elems=6144 energy=0x1.44p-18 finite=1
ATTR_NAMED_GRAD block=896 name=ff_bias2_14 grad=c825943e grad_elems=1024 param_elems=1024 energy=0x1.14p-12 finite=1
ATTR_NAMED_GRAD block=896 name=w_o_14 grad=d52e2393 grad_elems=1048576 param_elems=1048576 energy=0x1.6cp-8 finite=1
ATTR_NAMED_GRAD block=896 name=w_r_14 grad=61d39640 grad_elems=327680 param_elems=327680 energy=0x1.1ep-28 finite=1
ATTR_NAMED_GRAD block=896 name=w_kv_14 grad=9e5b2b4a grad_elems=2097152 param_elems=2097152 energy=0x1.eep-8 finite=1
ATTR_NAMED_GRAD block=896 name=w_q_14 grad=cd9108a2 grad_elems=1048576 param_elems=1048576 energy=0x1.cp-16 finite=1
ATTR_NAMED_GRAD block=896 name=ln_g_28 grad=30917146 grad_elems=1024 param_elems=1024 energy=0x1.72p-26 finite=1
ATTR_NAMED_GRAD block=896 name=ln_b_28 grad=b2e5c943 grad_elems=1024 param_elems=1024 energy=0x1.48p-24 finite=1
ATTR_NAMED_GRAD block=896 name=ff2_13 grad=e722e4bf grad_elems=3145728 param_elems=3145728 energy=0x1.8p-8 finite=1
ATTR_NAMED_GRAD block=896 name=ff1_13 grad=031dac3e grad_elems=6291456 param_elems=6291456 energy=0x1.e4p-9 finite=1
ATTR_NAMED_GRAD block=896 name=ln_g_27 grad=202157fb grad_elems=1024 param_elems=1024 energy=0x1.b2p-21 finite=1
ATTR_NAMED_GRAD block=896 name=ln_b_27 grad=2c265f87 grad_elems=1024 param_elems=1024 energy=0x1.2p-20 finite=1
ATTR_NAMED_GRAD block=896 name=ff_bias1_13 grad=b16e78c3 grad_elems=6144 param_elems=6144 energy=0x1.3ep-18 finite=1
ATTR_NAMED_GRAD block=896 name=ff_bias2_13 grad=53e8f8f7 grad_elems=1024 param_elems=1024 energy=0x1.14p-12 finite=1
ATTR_NAMED_GRAD block=896 name=w_o_13 grad=35d5f0d7 grad_elems=1048576 param_elems=1048576 energy=0x1.4p-8 finite=1
ATTR_NAMED_GRAD block=896 name=w_r_13 grad=2423768d grad_elems=327680 param_elems=327680 energy=0x1.bcp-29 finite=1
ATTR_NAMED_GRAD block=896 name=w_kv_13 grad=43a4f3c1 grad_elems=2097152 param_elems=2097152 energy=0x1.9ep-8 finite=1
ATTR_NAMED_GRAD block=896 name=w_q_13 grad=4bb9ef17 grad_elems=1048576 param_elems=1048576 energy=0x1.64p-16 finite=1
ATTR_NAMED_GRAD block=896 name=ln_g_26 grad=49e7699c grad_elems=1024 param_elems=1024 energy=0x1.0ep-26 finite=1
ATTR_NAMED_GRAD block=896 name=ln_b_26 grad=df45f3f9 grad_elems=1024 param_elems=1024 energy=0x1.44p-24 finite=1
ATTR_NAMED_GRAD block=896 name=ff2_12 grad=241b7982 grad_elems=3145728 param_elems=3145728 energy=0x1.82p-8 finite=1
ATTR_NAMED_GRAD block=896 name=ff1_12 grad=2a098853 grad_elems=6291456 param_elems=6291456 energy=0x1.d8p-9 finite=1
ATTR_NAMED_GRAD block=896 name=ln_g_25 grad=35c4cd88 grad_elems=1024 param_elems=1024 energy=0x1.a2p-21 finite=1
ATTR_NAMED_GRAD block=896 name=ln_b_25 grad=fa0085f9 grad_elems=1024 param_elems=1024 energy=0x1.1ap-20 finite=1
ATTR_NAMED_GRAD block=896 name=ff_bias1_12 grad=dc7c7b2f grad_elems=6144 param_elems=6144 energy=0x1.2cp-18 finite=1
ATTR_NAMED_GRAD block=896 name=ff_bias2_12 grad=3e99b1cd grad_elems=1024 param_elems=1024 energy=0x1.16p-12 finite=1
ATTR_NAMED_GRAD block=896 name=w_o_12 grad=ab8491f8 grad_elems=1048576 param_elems=1048576 energy=0x1.0ep-8 finite=1
ATTR_NAMED_GRAD block=896 name=w_r_12 grad=ccb27e0b grad_elems=327680 param_elems=327680 energy=0x1.b6p-29 finite=1
ATTR_NAMED_GRAD block=896 name=w_kv_12 grad=a18a086f grad_elems=2097152 param_elems=2097152 energy=0x1.6ep-8 finite=1
ATTR_NAMED_GRAD block=896 name=w_q_12 grad=e0160ec1 grad_elems=1048576 param_elems=1048576 energy=0x1.f2p-17 finite=1
ATTR_NAMED_GRAD block=896 name=ln_g_24 grad=be26eb65 grad_elems=1024 param_elems=1024 energy=0x1.78p-27 finite=1
ATTR_NAMED_GRAD block=896 name=ln_b_24 grad=bcfa44dd grad_elems=1024 param_elems=1024 energy=0x1.12p-24 finite=1
ATTR_NAMED_GRAD block=896 name=ff2_11 grad=efdc93eb grad_elems=3145728 param_elems=3145728 energy=0x1.7cp-8 finite=1
ATTR_NAMED_GRAD block=896 name=ff1_11 grad=300cfeb1 grad_elems=6291456 param_elems=6291456 energy=0x1.dcp-9 finite=1
ATTR_NAMED_GRAD block=896 name=ln_g_23 grad=efd0027a grad_elems=1024 param_elems=1024 energy=0x1.98p-21 finite=1
ATTR_NAMED_GRAD block=896 name=ln_b_23 grad=00e62025 grad_elems=1024 param_elems=1024 energy=0x1.14p-20 finite=1
ATTR_NAMED_GRAD block=896 name=ff_bias1_11 grad=943aad40 grad_elems=6144 param_elems=6144 energy=0x1.2cp-18 finite=1
ATTR_NAMED_GRAD block=896 name=ff_bias2_11 grad=fe1d835f grad_elems=1024 param_elems=1024 energy=0x1.18p-12 finite=1
ATTR_NAMED_GRAD block=896 name=w_o_11 grad=0b43a026 grad_elems=1048576 param_elems=1048576 energy=0x1.bp-9 finite=1
ATTR_NAMED_GRAD block=896 name=w_r_11 grad=4b0a9982 grad_elems=327680 param_elems=327680 energy=0x1.bap-29 finite=1
ATTR_NAMED_GRAD block=896 name=w_kv_11 grad=48332c91 grad_elems=2097152 param_elems=2097152 energy=0x1.1ap-8 finite=1
ATTR_NAMED_GRAD block=896 name=w_q_11 grad=774c6b1e grad_elems=1048576 param_elems=1048576 energy=0x1.ccp-17 finite=1
ATTR_NAMED_GRAD block=896 name=ln_g_22 grad=7edafa89 grad_elems=1024 param_elems=1024 energy=0x1.56p-27 finite=1
ATTR_NAMED_GRAD block=896 name=ln_b_22 grad=2429da4c grad_elems=1024 param_elems=1024 energy=0x1.0ep-24 finite=1
ATTR_NAMED_GRAD block=896 name=ff2_10 grad=0bdb1260 grad_elems=3145728 param_elems=3145728 energy=0x1.84p-8 finite=1
ATTR_NAMED_GRAD block=896 name=ff1_10 grad=6fe72b12 grad_elems=6291456 param_elems=6291456 energy=0x1.dep-9 finite=1
ATTR_NAMED_GRAD block=896 name=ln_g_21 grad=6c41528c grad_elems=1024 param_elems=1024 energy=0x1.b6p-21 finite=1
ATTR_NAMED_GRAD block=896 name=ln_b_21 grad=f383f63c grad_elems=1024 param_elems=1024 energy=0x1.1cp-20 finite=1
ATTR_NAMED_GRAD block=896 name=ff_bias1_10 grad=d5678116 grad_elems=6144 param_elems=6144 energy=0x1.36p-18 finite=1
ATTR_NAMED_GRAD block=896 name=ff_bias2_10 grad=9cba2b8d grad_elems=1024 param_elems=1024 energy=0x1.1ep-12 finite=1
ATTR_NAMED_GRAD block=896 name=w_o_10 grad=1b9f7e8b grad_elems=1048576 param_elems=1048576 energy=0x1.74p-9 finite=1
ATTR_NAMED_GRAD block=896 name=w_r_10 grad=aae62b82 grad_elems=327680 param_elems=327680 energy=0x1.c2p-29 finite=1
ATTR_NAMED_GRAD block=896 name=w_kv_10 grad=aaecbbb2 grad_elems=2097152 param_elems=2097152 energy=0x1.e2p-9 finite=1
ATTR_NAMED_GRAD block=896 name=w_q_10 grad=5ecb4325 grad_elems=1048576 param_elems=1048576 energy=0x1.aap-17 finite=1
ATTR_NAMED_GRAD block=896 name=ln_g_20 grad=1f112aee grad_elems=1024 param_elems=1024 energy=0x1.2cp-27 finite=1
ATTR_NAMED_GRAD block=896 name=ln_b_20 grad=fc4128c9 grad_elems=1024 param_elems=1024 energy=0x1.fcp-25 finite=1
ATTR_NAMED_GRAD block=896 name=ff2_9 grad=84672e05 grad_elems=3145728 param_elems=3145728 energy=0x1.7cp-8 finite=1
ATTR_NAMED_GRAD block=896 name=ff1_9 grad=0e77b586 grad_elems=6291456 param_elems=6291456 energy=0x1.e4p-9 finite=1
ATTR_NAMED_GRAD block=896 name=ln_g_19 grad=4f9dce65 grad_elems=1024 param_elems=1024 energy=0x1.d8p-21 finite=1
ATTR_NAMED_GRAD block=896 name=ln_b_19 grad=f7b56e4f grad_elems=1024 param_elems=1024 energy=0x1.12p-20 finite=1
ATTR_NAMED_GRAD block=896 name=ff_bias1_9 grad=a31302ef grad_elems=6144 param_elems=6144 energy=0x1.2ep-18 finite=1
ATTR_NAMED_GRAD block=896 name=ff_bias2_9 grad=b1fb07de grad_elems=1024 param_elems=1024 energy=0x1.24p-12 finite=1
ATTR_NAMED_GRAD block=896 name=w_o_9 grad=a6160863 grad_elems=1048576 param_elems=1048576 energy=0x1.3ap-9 finite=1
ATTR_NAMED_GRAD block=896 name=w_r_9 grad=38896ce8 grad_elems=327680 param_elems=327680 energy=0x1.ccp-29 finite=1
ATTR_NAMED_GRAD block=896 name=w_kv_9 grad=0a137224 grad_elems=2097152 param_elems=2097152 energy=0x1.9p-9 finite=1
ATTR_NAMED_GRAD block=896 name=w_q_9 grad=ce8cc1ec grad_elems=1048576 param_elems=1048576 energy=0x1.cp-17 finite=1
ATTR_NAMED_GRAD block=896 name=ln_g_18 grad=3927ce06 grad_elems=1024 param_elems=1024 energy=0x1.0ap-27 finite=1
ATTR_NAMED_GRAD block=896 name=ln_b_18 grad=79d66079 grad_elems=1024 param_elems=1024 energy=0x1.28p-24 finite=1
ATTR_NAMED_GRAD block=896 name=ff2_8 grad=5f33c85f grad_elems=3145728 param_elems=3145728 energy=0x1.88p-8 finite=1
ATTR_NAMED_GRAD block=896 name=ff1_8 grad=b13b78dc grad_elems=6291456 param_elems=6291456 energy=0x1.eap-9 finite=1
ATTR_NAMED_GRAD block=896 name=ln_g_17 grad=c00f6aa7 grad_elems=1024 param_elems=1024 energy=0x1.bep-21 finite=1
ATTR_NAMED_GRAD block=896 name=ln_b_17 grad=f99a9d80 grad_elems=1024 param_elems=1024 energy=0x1.1ap-20 finite=1
ATTR_NAMED_GRAD block=896 name=ff_bias1_8 grad=f02d93d8 grad_elems=6144 param_elems=6144 energy=0x1.2cp-18 finite=1
ATTR_NAMED_GRAD block=896 name=ff_bias2_8 grad=79975b50 grad_elems=1024 param_elems=1024 energy=0x1.32p-12 finite=1
ATTR_NAMED_GRAD block=896 name=w_o_8 grad=5f07388e grad_elems=1048576 param_elems=1048576 energy=0x1.06p-9 finite=1
ATTR_NAMED_GRAD block=896 name=w_r_8 grad=2bdc5140 grad_elems=327680 param_elems=327680 energy=0x1.dap-29 finite=1
ATTR_NAMED_GRAD block=896 name=w_kv_8 grad=a90e7295 grad_elems=2097152 param_elems=2097152 energy=0x1.46p-9 finite=1
ATTR_NAMED_GRAD block=896 name=w_q_8 grad=9dc4d966 grad_elems=1048576 param_elems=1048576 energy=0x1.c4p-17 finite=1
ATTR_NAMED_GRAD block=896 name=ln_g_16 grad=fdbd6117 grad_elems=1024 param_elems=1024 energy=0x1.eap-28 finite=1
ATTR_NAMED_GRAD block=896 name=ln_b_16 grad=4f67be53 grad_elems=1024 param_elems=1024 energy=0x1.1ep-24 finite=1
ATTR_NAMED_GRAD block=896 name=ff2_7 grad=fd8c8b4d grad_elems=3145728 param_elems=3145728 energy=0x1.8ep-8 finite=1
ATTR_NAMED_GRAD block=896 name=ff1_7 grad=586fc10f grad_elems=6291456 param_elems=6291456 energy=0x1.eep-9 finite=1
ATTR_NAMED_GRAD block=896 name=ln_g_15 grad=04b176f6 grad_elems=1024 param_elems=1024 energy=0x1.ep-21 finite=1
ATTR_NAMED_GRAD block=896 name=ln_b_15 grad=2ecc2308 grad_elems=1024 param_elems=1024 energy=0x1.fep-21 finite=1
ATTR_NAMED_GRAD block=896 name=ff_bias1_7 grad=2ceec600 grad_elems=6144 param_elems=6144 energy=0x1.1ap-18 finite=1
ATTR_NAMED_GRAD block=896 name=ff_bias2_7 grad=c8943fd1 grad_elems=1024 param_elems=1024 energy=0x1.3cp-12 finite=1
ATTR_NAMED_GRAD block=896 name=w_o_7 grad=ca4c7e03 grad_elems=1048576 param_elems=1048576 energy=0x1.9ep-10 finite=1
ATTR_NAMED_GRAD block=896 name=w_r_7 grad=5bfeba30 grad_elems=327680 param_elems=327680 energy=0x1.ecp-29 finite=1
ATTR_NAMED_GRAD block=896 name=w_kv_7 grad=c90f70df grad_elems=2097152 param_elems=2097152 energy=0x1.0ap-9 finite=1
ATTR_NAMED_GRAD block=896 name=w_q_7 grad=2b6fddc5 grad_elems=1048576 param_elems=1048576 energy=0x1.cap-17 finite=1
ATTR_NAMED_GRAD block=896 name=ln_g_14 grad=b12702ca grad_elems=1024 param_elems=1024 energy=0x1.e6p-28 finite=1
ATTR_NAMED_GRAD block=896 name=ln_b_14 grad=428b26d0 grad_elems=1024 param_elems=1024 energy=0x1.08p-24 finite=1
ATTR_NAMED_GRAD block=896 name=ff2_6 grad=2f5a4d46 grad_elems=3145728 param_elems=3145728 energy=0x1.96p-8 finite=1
ATTR_NAMED_GRAD block=896 name=ff1_6 grad=595c2311 grad_elems=6291456 param_elems=6291456 energy=0x1.f6p-9 finite=1
ATTR_NAMED_GRAD block=896 name=ln_g_13 grad=323bcc30 grad_elems=1024 param_elems=1024 energy=0x1.ep-21 finite=1
ATTR_NAMED_GRAD block=896 name=ln_b_13 grad=cbb75938 grad_elems=1024 param_elems=1024 energy=0x1.02p-20 finite=1
ATTR_NAMED_GRAD block=896 name=ff_bias1_6 grad=81fa0883 grad_elems=6144 param_elems=6144 energy=0x1.3p-18 finite=1
ATTR_NAMED_GRAD block=896 name=ff_bias2_6 grad=7cfc19a0 grad_elems=1024 param_elems=1024 energy=0x1.42p-12 finite=1
ATTR_NAMED_GRAD block=896 name=w_o_6 grad=520724d0 grad_elems=1048576 param_elems=1048576 energy=0x1.52p-10 finite=1
ATTR_NAMED_GRAD block=896 name=w_r_6 grad=5f5c1a29 grad_elems=327680 param_elems=327680 energy=0x1.02p-28 finite=1
ATTR_NAMED_GRAD block=896 name=w_kv_6 grad=55e52823 grad_elems=2097152 param_elems=2097152 energy=0x1.c6p-10 finite=1
ATTR_NAMED_GRAD block=896 name=w_q_6 grad=d7e13c70 grad_elems=1048576 param_elems=1048576 energy=0x1.eap-17 finite=1
ATTR_NAMED_GRAD block=896 name=ln_g_12 grad=e0611aa9 grad_elems=1024 param_elems=1024 energy=0x1.a8p-28 finite=1
ATTR_NAMED_GRAD block=896 name=ln_b_12 grad=b1c68e06 grad_elems=1024 param_elems=1024 energy=0x1.1p-24 finite=1
ATTR_NAMED_GRAD block=896 name=ff2_5 grad=1e0daeae grad_elems=3145728 param_elems=3145728 energy=0x1.9cp-8 finite=1
ATTR_NAMED_GRAD block=896 name=ff1_5 grad=90b963b4 grad_elems=6291456 param_elems=6291456 energy=0x1.fap-9 finite=1
ATTR_NAMED_GRAD block=896 name=ln_g_11 grad=d8eb40ec grad_elems=1024 param_elems=1024 energy=0x1.1p-20 finite=1
ATTR_NAMED_GRAD block=896 name=ln_b_11 grad=4e9e4cbe grad_elems=1024 param_elems=1024 energy=0x1p-20 finite=1
ATTR_NAMED_GRAD block=896 name=ff_bias1_5 grad=ef2f265a grad_elems=6144 param_elems=6144 energy=0x1.2p-18 finite=1
ATTR_NAMED_GRAD block=896 name=ff_bias2_5 grad=a64f688e grad_elems=1024 param_elems=1024 energy=0x1.4ap-12 finite=1
ATTR_NAMED_GRAD block=896 name=w_o_5 grad=109d6857 grad_elems=1048576 param_elems=1048576 energy=0x1.1ep-10 finite=1
ATTR_NAMED_GRAD block=896 name=w_r_5 grad=10340293 grad_elems=327680 param_elems=327680 energy=0x1.0ep-28 finite=1
ATTR_NAMED_GRAD block=896 name=w_kv_5 grad=7eecabbd grad_elems=2097152 param_elems=2097152 energy=0x1.68p-10 finite=1
ATTR_NAMED_GRAD block=896 name=w_q_5 grad=4518d9c9 grad_elems=1048576 param_elems=1048576 energy=0x1.f2p-17 finite=1
ATTR_NAMED_GRAD block=896 name=ln_g_10 grad=4f0697a9 grad_elems=1024 param_elems=1024 energy=0x1.96p-28 finite=1
ATTR_NAMED_GRAD block=896 name=ln_b_10 grad=54236092 grad_elems=1024 param_elems=1024 energy=0x1.06p-24 finite=1
ATTR_NAMED_GRAD block=896 name=ff2_4 grad=52ad532a grad_elems=3145728 param_elems=3145728 energy=0x1.a6p-8 finite=1
ATTR_NAMED_GRAD block=896 name=ff1_4 grad=26d004de grad_elems=6291456 param_elems=6291456 energy=0x1.04p-8 finite=1
ATTR_NAMED_GRAD block=896 name=ln_g_9 grad=5dec4cdd grad_elems=1024 param_elems=1024 energy=0x1.e6p-21 finite=1
ATTR_NAMED_GRAD block=896 name=ln_b_9 grad=f7e406c8 grad_elems=1024 param_elems=1024 energy=0x1.fap-21 finite=1
ATTR_NAMED_GRAD block=896 name=ff_bias1_4 grad=96badfbd grad_elems=6144 param_elems=6144 energy=0x1.24p-18 finite=1
ATTR_NAMED_GRAD block=896 name=ff_bias2_4 grad=997515fc grad_elems=1024 param_elems=1024 energy=0x1.54p-12 finite=1
ATTR_NAMED_GRAD block=896 name=w_o_4 grad=3bc5d9fe grad_elems=1048576 param_elems=1048576 energy=0x1.dcp-11 finite=1
ATTR_NAMED_GRAD block=896 name=w_r_4 grad=cbdf68af grad_elems=327680 param_elems=327680 energy=0x1.1ep-28 finite=1
ATTR_NAMED_GRAD block=896 name=w_kv_4 grad=0f5ee214 grad_elems=2097152 param_elems=2097152 energy=0x1.24p-10 finite=1
ATTR_NAMED_GRAD block=896 name=w_q_4 grad=b87847ac grad_elems=1048576 param_elems=1048576 energy=0x1.2ap-16 finite=1
ATTR_NAMED_GRAD block=896 name=ln_g_8 grad=122d40c4 grad_elems=1024 param_elems=1024 energy=0x1.d8p-28 finite=1
ATTR_NAMED_GRAD block=896 name=ln_b_8 grad=f7ca4d41 grad_elems=1024 param_elems=1024 energy=0x1.1p-24 finite=1
ATTR_NAMED_GRAD block=896 name=ff2_3 grad=d74b310d grad_elems=3145728 param_elems=3145728 energy=0x1.bcp-8 finite=1
ATTR_NAMED_GRAD block=896 name=ff1_3 grad=ff6f425c grad_elems=6291456 param_elems=6291456 energy=0x1.0cp-8 finite=1
ATTR_NAMED_GRAD block=896 name=ln_g_7 grad=f3187a07 grad_elems=1024 param_elems=1024 energy=0x1p-20 finite=1
ATTR_NAMED_GRAD block=896 name=ln_b_7 grad=48a8c3be grad_elems=1024 param_elems=1024 energy=0x1.fep-21 finite=1
ATTR_NAMED_GRAD block=896 name=ff_bias1_3 grad=32e4c580 grad_elems=6144 param_elems=6144 energy=0x1.3p-18 finite=1
ATTR_NAMED_GRAD block=896 name=ff_bias2_3 grad=53713242 grad_elems=1024 param_elems=1024 energy=0x1.5ep-12 finite=1
ATTR_NAMED_GRAD block=896 name=w_o_3 grad=0873d144 grad_elems=1048576 param_elems=1048576 energy=0x1.9p-11 finite=1
ATTR_NAMED_GRAD block=896 name=w_r_3 grad=fa6b1ba6 grad_elems=327680 param_elems=327680 energy=0x1.28p-28 finite=1
ATTR_NAMED_GRAD block=896 name=w_kv_3 grad=5c3b0143 grad_elems=2097152 param_elems=2097152 energy=0x1.e2p-11 finite=1
ATTR_NAMED_GRAD block=896 name=w_q_3 grad=722a3f09 grad_elems=1048576 param_elems=1048576 energy=0x1.3cp-16 finite=1
ATTR_NAMED_GRAD block=896 name=ln_g_6 grad=e707a278 grad_elems=1024 param_elems=1024 energy=0x1.e4p-28 finite=1
ATTR_NAMED_GRAD block=896 name=ln_b_6 grad=e2f4d4ba grad_elems=1024 param_elems=1024 energy=0x1.54p-24 finite=1
ATTR_NAMED_GRAD block=896 name=ff2_2 grad=abc4ea2f grad_elems=3145728 param_elems=3145728 energy=0x1.bep-8 finite=1
ATTR_NAMED_GRAD block=896 name=ff1_2 grad=d4946031 grad_elems=6291456 param_elems=6291456 energy=0x1.12p-8 finite=1
ATTR_NAMED_GRAD block=896 name=ln_g_5 grad=49b2e970 grad_elems=1024 param_elems=1024 energy=0x1.f6p-21 finite=1
ATTR_NAMED_GRAD block=896 name=ln_b_5 grad=56a957db grad_elems=1024 param_elems=1024 energy=0x1.02p-20 finite=1
ATTR_NAMED_GRAD block=896 name=ff_bias1_2 grad=69edc24a grad_elems=6144 param_elems=6144 energy=0x1.2ep-18 finite=1
ATTR_NAMED_GRAD block=896 name=ff_bias2_2 grad=3282dc16 grad_elems=1024 param_elems=1024 energy=0x1.6ap-12 finite=1
ATTR_NAMED_GRAD block=896 name=w_o_2 grad=944a7912 grad_elems=1048576 param_elems=1048576 energy=0x1.3ep-11 finite=1
ATTR_NAMED_GRAD block=896 name=w_r_2 grad=2bc0038e grad_elems=327680 param_elems=327680 energy=0x1.3p-28 finite=1
ATTR_NAMED_GRAD block=896 name=w_kv_2 grad=5797a1f1 grad_elems=2097152 param_elems=2097152 energy=0x1.86p-11 finite=1
ATTR_NAMED_GRAD block=896 name=w_q_2 grad=aaa06478 grad_elems=1048576 param_elems=1048576 energy=0x1.4p-16 finite=1
ATTR_NAMED_GRAD block=896 name=ln_g_4 grad=2aa428e7 grad_elems=1024 param_elems=1024 energy=0x1.e2p-28 finite=1
ATTR_NAMED_GRAD block=896 name=ln_b_4 grad=af9e8379 grad_elems=1024 param_elems=1024 energy=0x1.32p-24 finite=1
ATTR_NAMED_GRAD block=896 name=ff2_1 grad=54fcd5e9 grad_elems=3145728 param_elems=3145728 energy=0x1.dp-8 finite=1
ATTR_NAMED_GRAD block=896 name=ff1_1 grad=09977304 grad_elems=6291456 param_elems=6291456 energy=0x1.1ap-8 finite=1
ATTR_NAMED_GRAD block=896 name=ln_g_3 grad=db831d56 grad_elems=1024 param_elems=1024 energy=0x1.08p-20 finite=1
ATTR_NAMED_GRAD block=896 name=ln_b_3 grad=a4a6ee09 grad_elems=1024 param_elems=1024 energy=0x1.12p-20 finite=1
ATTR_NAMED_GRAD block=896 name=ff_bias1_1 grad=f19b7963 grad_elems=6144 param_elems=6144 energy=0x1.3ap-18 finite=1
ATTR_NAMED_GRAD block=896 name=ff_bias2_1 grad=1d8262c1 grad_elems=1024 param_elems=1024 energy=0x1.7p-12 finite=1
ATTR_NAMED_GRAD block=896 name=w_o_1 grad=a7f37e90 grad_elems=1048576 param_elems=1048576 energy=0x1.3p-11 finite=1
ATTR_NAMED_GRAD block=896 name=w_r_1 grad=97654b7f grad_elems=327680 param_elems=327680 energy=0x1.4cp-28 finite=1
ATTR_NAMED_GRAD block=896 name=w_kv_1 grad=855de1f6 grad_elems=2097152 param_elems=2097152 energy=0x1.56p-11 finite=1
ATTR_NAMED_GRAD block=896 name=w_q_1 grad=62a89ab3 grad_elems=1048576 param_elems=1048576 energy=0x1.e4p-16 finite=1
ATTR_NAMED_GRAD block=896 name=ln_g_2 grad=5832e784 grad_elems=1024 param_elems=1024 energy=0x1.6ap-27 finite=1
ATTR_NAMED_GRAD block=896 name=ln_b_2 grad=5c91a9b5 grad_elems=1024 param_elems=1024 energy=0x1.42p-24 finite=1
ATTR_NAMED_GRAD block=896 name=ff2_0 grad=b2c7087b grad_elems=3145728 param_elems=3145728 energy=0x1.cep-8 finite=1
ATTR_NAMED_GRAD block=896 name=ff1_0 grad=33439c5d grad_elems=6291456 param_elems=6291456 energy=0x1.2p-8 finite=1
ATTR_NAMED_GRAD block=896 name=ln_g_1 grad=9024fd42 grad_elems=1024 param_elems=1024 energy=0x1.0ep-20 finite=1
ATTR_NAMED_GRAD block=896 name=ln_b_1 grad=c1284785 grad_elems=1024 param_elems=1024 energy=0x1.18p-20 finite=1
ATTR_NAMED_GRAD block=896 name=ff_bias1_0 grad=04131a6c grad_elems=6144 param_elems=6144 energy=0x1.3ap-18 finite=1
ATTR_NAMED_GRAD block=896 name=ff_bias2_0 grad=0e74c768 grad_elems=1024 param_elems=1024 energy=0x1.76p-12 finite=1
ATTR_NAMED_GRAD block=896 name=w_o_0 grad=9f000d8c grad_elems=1048576 param_elems=1048576 energy=0x1.fep-12 finite=1
ATTR_NAMED_GRAD block=896 name=w_r_0 grad=cae665b5 grad_elems=327680 param_elems=327680 energy=0x1.54p-28 finite=1
ATTR_NAMED_GRAD block=896 name=b_r_0 grad=a7069ec2 grad_elems=2560 param_elems=2560 energy=0x1.cap-11 finite=1
ATTR_NAMED_GRAD block=896 name=w_kv_0 grad=3f2bcd00 grad_elems=2097152 param_elems=2097152 energy=0x1.1ep-11 finite=1
ATTR_NAMED_GRAD block=896 name=w_q_0 grad=de517d77 grad_elems=1048576 param_elems=1048576 energy=0x1.aep-16 finite=1
ATTR_NAMED_GRAD block=896 name=ln_g_0 grad=6533ba01 grad_elems=1024 param_elems=1024 energy=0x1.3ap-27 finite=1
ATTR_NAMED_GRAD block=896 name=ln_b_0 grad=0778b606 grad_elems=1024 param_elems=1024 energy=0x1.5p-24 finite=1
ATTR_NAMED_GRAD block=896 name=embed grad=247a6b72 grad_elems=16785408 param_elems=16785408 energy=0x1.23a9f6p-3 finite=1
ATTR_NAMED_GRAD block=896 name=ln_g_40 grad=980f890b grad_elems=1024 param_elems=1024 energy=0x1.fp-11 finite=1
ATTR_NAMED_GRAD block=896 name=ln_b_40 grad=be6c5b7c grad_elems=1024 param_elems=1024 energy=0x1.f8p-11 finite=1
ATTR_NAMED_GRAD block=896 name=out_bias grad=41907178 grad_elems=16392 param_elems=16392 energy=0x1.54p-9 finite=1
ATTR_HEAD arm=1 block=896 weight=13a65e49 bias=6122d144
ATTR_STATE arm=1 block=896 step=30 params=5b451c28 memory=28972268
ATTR_NAMED_GRAD block=960 name=embed_out grad=51e3a152 grad_elems=16785408 param_elems=16785408 energy=0x1.d8p+0 finite=1
ATTR_NAMED_GRAD block=960 name=ff2_19 grad=63fa2b5d grad_elems=3145728 param_elems=3145728 energy=0x1.c6p-8 finite=1
ATTR_NAMED_GRAD block=960 name=ff1_19 grad=428ad74b grad_elems=6291456 param_elems=6291456 energy=0x1.1p-8 finite=1
ATTR_NAMED_GRAD block=960 name=ln_g_39 grad=7c398961 grad_elems=1024 param_elems=1024 energy=0x1.1p-20 finite=1
ATTR_NAMED_GRAD block=960 name=ln_b_39 grad=a01502d7 grad_elems=1024 param_elems=1024 energy=0x1.54p-20 finite=1
ATTR_NAMED_GRAD block=960 name=ff_bias1_19 grad=ebbd4250 grad_elems=6144 param_elems=6144 energy=0x1.3cp-18 finite=1
ATTR_NAMED_GRAD block=960 name=ff_bias2_19 grad=1ab09bb3 grad_elems=1024 param_elems=1024 energy=0x1.d6p-13 finite=1
ATTR_NAMED_GRAD block=960 name=w_o_19 grad=484f2fb5 grad_elems=1048576 param_elems=1048576 energy=0x1.18p-5 finite=1
ATTR_NAMED_GRAD block=960 name=w_r_19 grad=65a30e80 grad_elems=327680 param_elems=327680 energy=0x1.4ep-27 finite=1
ATTR_NAMED_GRAD block=960 name=w_kv_19 grad=25455316 grad_elems=2097152 param_elems=2097152 energy=0x1.bcp-6 finite=1
ATTR_NAMED_GRAD block=960 name=w_q_19 grad=b2e5d694 grad_elems=1048576 param_elems=1048576 energy=0x1.c2p-13 finite=1
ATTR_NAMED_GRAD block=960 name=ln_g_38 grad=a5ce1339 grad_elems=1024 param_elems=1024 energy=0x1.3ap-23 finite=1
ATTR_NAMED_GRAD block=960 name=ln_b_38 grad=554cd2cd grad_elems=1024 param_elems=1024 energy=0x1.aap-23 finite=1
ATTR_NAMED_GRAD block=960 name=ff2_18 grad=d48fc5a0 grad_elems=3145728 param_elems=3145728 energy=0x1.b8p-8 finite=1
ATTR_NAMED_GRAD block=960 name=ff1_18 grad=7231eac4 grad_elems=6291456 param_elems=6291456 energy=0x1.fcp-9 finite=1
ATTR_NAMED_GRAD block=960 name=ln_g_37 grad=ccd0da06 grad_elems=1024 param_elems=1024 energy=0x1.c4p-21 finite=1
ATTR_NAMED_GRAD block=960 name=ln_b_37 grad=ad182b48 grad_elems=1024 param_elems=1024 energy=0x1.1ep-20 finite=1
ATTR_NAMED_GRAD block=960 name=ff_bias1_18 grad=8010be3a grad_elems=6144 param_elems=6144 energy=0x1.2ap-18 finite=1
ATTR_NAMED_GRAD block=960 name=ff_bias2_18 grad=a15e8517 grad_elems=1024 param_elems=1024 energy=0x1.cep-13 finite=1
ATTR_NAMED_GRAD block=960 name=w_o_18 grad=02271101 grad_elems=1048576 param_elems=1048576 energy=0x1.54p-6 finite=1
ATTR_NAMED_GRAD block=960 name=w_r_18 grad=e5be316d grad_elems=327680 param_elems=327680 energy=0x1.bap-27 finite=1
ATTR_NAMED_GRAD block=960 name=w_kv_18 grad=900e69df grad_elems=2097152 param_elems=2097152 energy=0x1.62p-6 finite=1
ATTR_NAMED_GRAD block=960 name=w_q_18 grad=75821014 grad_elems=1048576 param_elems=1048576 energy=0x1.fep-12 finite=1
ATTR_NAMED_GRAD block=960 name=ln_g_36 grad=216e5fd6 grad_elems=1024 param_elems=1024 energy=0x1.2p-21 finite=1
ATTR_NAMED_GRAD block=960 name=ln_b_36 grad=12d43f4f grad_elems=1024 param_elems=1024 energy=0x1.82p-21 finite=1
ATTR_NAMED_GRAD block=960 name=ff2_17 grad=3fc9998e grad_elems=3145728 param_elems=3145728 energy=0x1.d2p-8 finite=1
ATTR_NAMED_GRAD block=960 name=ff1_17 grad=1ccb308e grad_elems=6291456 param_elems=6291456 energy=0x1.0ap-8 finite=1
ATTR_NAMED_GRAD block=960 name=ln_g_35 grad=0c6c5455 grad_elems=1024 param_elems=1024 energy=0x1.fap-21 finite=1
ATTR_NAMED_GRAD block=960 name=ln_b_35 grad=f7006f4a grad_elems=1024 param_elems=1024 energy=0x1.3ap-20 finite=1
ATTR_NAMED_GRAD block=960 name=ff_bias1_17 grad=f9c2be9d grad_elems=6144 param_elems=6144 energy=0x1.46p-18 finite=1
ATTR_NAMED_GRAD block=960 name=ff_bias2_17 grad=09ed425f grad_elems=1024 param_elems=1024 energy=0x1.c2p-13 finite=1
ATTR_NAMED_GRAD block=960 name=w_o_17 grad=e897f602 grad_elems=1048576 param_elems=1048576 energy=0x1.bcp-7 finite=1
ATTR_NAMED_GRAD block=960 name=w_r_17 grad=598f32b1 grad_elems=327680 param_elems=327680 energy=0x1.c6p-27 finite=1
ATTR_NAMED_GRAD block=960 name=w_kv_17 grad=073b9372 grad_elems=2097152 param_elems=2097152 energy=0x1.ep-7 finite=1
ATTR_NAMED_GRAD block=960 name=w_q_17 grad=7dd08407 grad_elems=1048576 param_elems=1048576 energy=0x1.8ap-12 finite=1
ATTR_NAMED_GRAD block=960 name=ln_g_34 grad=48a178a4 grad_elems=1024 param_elems=1024 energy=0x1.eep-22 finite=1
ATTR_NAMED_GRAD block=960 name=ln_b_34 grad=6ccbfce3 grad_elems=1024 param_elems=1024 energy=0x1.a4p-21 finite=1
ATTR_NAMED_GRAD block=960 name=ff2_16 grad=13d1b610 grad_elems=3145728 param_elems=3145728 energy=0x1.8cp-8 finite=1
ATTR_NAMED_GRAD block=960 name=ff1_16 grad=831c7c3f grad_elems=6291456 param_elems=6291456 energy=0x1.fcp-9 finite=1
ATTR_NAMED_GRAD block=960 name=ln_g_33 grad=e006001f grad_elems=1024 param_elems=1024 energy=0x1.dap-21 finite=1
ATTR_NAMED_GRAD block=960 name=ln_b_33 grad=b812c767 grad_elems=1024 param_elems=1024 energy=0x1.16p-20 finite=1
ATTR_NAMED_GRAD block=960 name=ff_bias1_16 grad=550bcd04 grad_elems=6144 param_elems=6144 energy=0x1.3ap-18 finite=1
ATTR_NAMED_GRAD block=960 name=ff_bias2_16 grad=1b97a770 grad_elems=1024 param_elems=1024 energy=0x1.bep-13 finite=1
ATTR_NAMED_GRAD block=960 name=w_o_16 grad=8568dee8 grad_elems=1048576 param_elems=1048576 energy=0x1.2ep-7 finite=1
ATTR_NAMED_GRAD block=960 name=w_r_16 grad=2c75e564 grad_elems=327680 param_elems=327680 energy=0x1.c8p-28 finite=1
ATTR_NAMED_GRAD block=960 name=w_kv_16 grad=c09ae1b4 grad_elems=2097152 param_elems=2097152 energy=0x1.82p-7 finite=1
ATTR_NAMED_GRAD block=960 name=w_q_16 grad=d911010b grad_elems=1048576 param_elems=1048576 energy=0x1.7ap-13 finite=1
ATTR_NAMED_GRAD block=960 name=ln_g_32 grad=2947faf6 grad_elems=1024 param_elems=1024 energy=0x1.6p-23 finite=1
ATTR_NAMED_GRAD block=960 name=ln_b_32 grad=bf67c7a8 grad_elems=1024 param_elems=1024 energy=0x1.f6p-23 finite=1
ATTR_NAMED_GRAD block=960 name=ff2_15 grad=a209571f grad_elems=3145728 param_elems=3145728 energy=0x1.a4p-8 finite=1
ATTR_NAMED_GRAD block=960 name=ff1_15 grad=727915f8 grad_elems=6291456 param_elems=6291456 energy=0x1.02p-8 finite=1
ATTR_NAMED_GRAD block=960 name=ln_g_31 grad=c015a02c grad_elems=1024 param_elems=1024 energy=0x1.02p-20 finite=1
ATTR_NAMED_GRAD block=960 name=ln_b_31 grad=0f0e11c1 grad_elems=1024 param_elems=1024 energy=0x1.2ap-20 finite=1
ATTR_NAMED_GRAD block=960 name=ff_bias1_15 grad=b4a9c5a8 grad_elems=6144 param_elems=6144 energy=0x1.36p-18 finite=1
ATTR_NAMED_GRAD block=960 name=ff_bias2_15 grad=e81bb59c grad_elems=1024 param_elems=1024 energy=0x1.bap-13 finite=1
ATTR_NAMED_GRAD block=960 name=w_o_15 grad=cf1b1fc4 grad_elems=1048576 param_elems=1048576 energy=0x1.f2p-8 finite=1
ATTR_NAMED_GRAD block=960 name=w_r_15 grad=3c8a9383 grad_elems=327680 param_elems=327680 energy=0x1.b4p-28 finite=1
ATTR_NAMED_GRAD block=960 name=w_kv_15 grad=7f985ef4 grad_elems=2097152 param_elems=2097152 energy=0x1.42p-7 finite=1
ATTR_NAMED_GRAD block=960 name=w_q_15 grad=bc2019e2 grad_elems=1048576 param_elems=1048576 energy=0x1.f8p-14 finite=1
ATTR_NAMED_GRAD block=960 name=ln_g_30 grad=6b4de66d grad_elems=1024 param_elems=1024 energy=0x1.06p-23 finite=1
ATTR_NAMED_GRAD block=960 name=ln_b_30 grad=5ad3c049 grad_elems=1024 param_elems=1024 energy=0x1.cap-23 finite=1
ATTR_NAMED_GRAD block=960 name=ff2_14 grad=f355f1bf grad_elems=3145728 param_elems=3145728 energy=0x1.92p-8 finite=1
ATTR_NAMED_GRAD block=960 name=ff1_14 grad=29b020cc grad_elems=6291456 param_elems=6291456 energy=0x1p-8 finite=1
ATTR_NAMED_GRAD block=960 name=ln_g_29 grad=f129c7be grad_elems=1024 param_elems=1024 energy=0x1.0ap-20 finite=1
ATTR_NAMED_GRAD block=960 name=ln_b_29 grad=4f355947 grad_elems=1024 param_elems=1024 energy=0x1.36p-20 finite=1
ATTR_NAMED_GRAD block=960 name=ff_bias1_14 grad=becfd763 grad_elems=6144 param_elems=6144 energy=0x1.3cp-18 finite=1
ATTR_NAMED_GRAD block=960 name=ff_bias2_14 grad=18f0a1d3 grad_elems=1024 param_elems=1024 energy=0x1.cp-13 finite=1
ATTR_NAMED_GRAD block=960 name=w_o_14 grad=fdfa39bf grad_elems=1048576 param_elems=1048576 energy=0x1.a8p-8 finite=1
ATTR_NAMED_GRAD block=960 name=w_r_14 grad=103cdc63 grad_elems=327680 param_elems=327680 energy=0x1.56p-28 finite=1
ATTR_NAMED_GRAD block=960 name=w_kv_14 grad=6be23beb grad_elems=2097152 param_elems=2097152 energy=0x1.16p-7 finite=1
ATTR_NAMED_GRAD block=960 name=w_q_14 grad=959726b7 grad_elems=1048576 param_elems=1048576 energy=0x1.42p-14 finite=1
ATTR_NAMED_GRAD block=960 name=ln_g_28 grad=5e9c786a grad_elems=1024 param_elems=1024 energy=0x1.e8p-25 finite=1
ATTR_NAMED_GRAD block=960 name=ln_b_28 grad=f42c5de4 grad_elems=1024 param_elems=1024 energy=0x1.dp-24 finite=1
ATTR_NAMED_GRAD block=960 name=ff2_13 grad=6bb2f9fb grad_elems=3145728 param_elems=3145728 energy=0x1.8ep-8 finite=1
ATTR_NAMED_GRAD block=960 name=ff1_13 grad=e4ebdca0 grad_elems=6291456 param_elems=6291456 energy=0x1.f6p-9 finite=1
ATTR_NAMED_GRAD block=960 name=ln_g_27 grad=f03c5a2a grad_elems=1024 param_elems=1024 energy=0x1.f4p-21 finite=1
ATTR_NAMED_GRAD block=960 name=ln_b_27 grad=b3157c77 grad_elems=1024 param_elems=1024 energy=0x1.24p-20 finite=1
ATTR_NAMED_GRAD block=960 name=ff_bias1_13 grad=51b19f0a grad_elems=6144 param_elems=6144 energy=0x1.32p-18 finite=1
ATTR_NAMED_GRAD block=960 name=ff_bias2_13 grad=b1d3597f grad_elems=1024 param_elems=1024 energy=0x1.c6p-13 finite=1
ATTR_NAMED_GRAD block=960 name=w_o_13 grad=8cfd7b27 grad_elems=1048576 param_elems=1048576 energy=0x1.7ap-8 finite=1
ATTR_NAMED_GRAD block=960 name=w_r_13 grad=450fb47c grad_elems=327680 param_elems=327680 energy=0x1.12p-28 finite=1
ATTR_NAMED_GRAD block=960 name=w_kv_13 grad=2ebadbfe grad_elems=2097152 param_elems=2097152 energy=0x1.ecp-8 finite=1
ATTR_NAMED_GRAD block=960 name=w_q_13 grad=88efd2ea grad_elems=1048576 param_elems=1048576 energy=0x1.52p-14 finite=1
ATTR_NAMED_GRAD block=960 name=ln_g_26 grad=ba41c4e6 grad_elems=1024 param_elems=1024 energy=0x1.b8p-25 finite=1
ATTR_NAMED_GRAD block=960 name=ln_b_26 grad=ccce9fa9 grad_elems=1024 param_elems=1024 energy=0x1.0ap-23 finite=1
ATTR_NAMED_GRAD block=960 name=ff2_12 grad=08c2acba grad_elems=3145728 param_elems=3145728 energy=0x1.8ep-8 finite=1
ATTR_NAMED_GRAD block=960 name=ff1_12 grad=baa1a801 grad_elems=6291456 param_elems=6291456 energy=0x1.fep-9 finite=1
ATTR_NAMED_GRAD block=960 name=ln_g_25 grad=6d0d54cd grad_elems=1024 param_elems=1024 energy=0x1.3p-20 finite=1
ATTR_NAMED_GRAD block=960 name=ln_b_25 grad=e7951644 grad_elems=1024 param_elems=1024 energy=0x1.18p-20 finite=1
ATTR_NAMED_GRAD block=960 name=ff_bias1_12 grad=1a9393b3 grad_elems=6144 param_elems=6144 energy=0x1.38p-18 finite=1
ATTR_NAMED_GRAD block=960 name=ff_bias2_12 grad=4445f85c grad_elems=1024 param_elems=1024 energy=0x1.d6p-13 finite=1
ATTR_NAMED_GRAD block=960 name=w_o_12 grad=1352567f grad_elems=1048576 param_elems=1048576 energy=0x1.34p-8 finite=1
ATTR_NAMED_GRAD block=960 name=w_r_12 grad=efdf117f grad_elems=327680 param_elems=327680 energy=0x1.dp-29 finite=1
ATTR_NAMED_GRAD block=960 name=w_kv_12 grad=6c5a924b grad_elems=2097152 param_elems=2097152 energy=0x1.8ep-8 finite=1
ATTR_NAMED_GRAD block=960 name=w_q_12 grad=07c61343 grad_elems=1048576 param_elems=1048576 energy=0x1.0ap-16 finite=1
ATTR_NAMED_GRAD block=960 name=ln_g_24 grad=d6eb7a2c grad_elems=1024 param_elems=1024 energy=0x1.bap-27 finite=1
ATTR_NAMED_GRAD block=960 name=ln_b_24 grad=9cbf5fb5 grad_elems=1024 param_elems=1024 energy=0x1.b2p-25 finite=1
ATTR_NAMED_GRAD block=960 name=ff2_11 grad=2bef9704 grad_elems=3145728 param_elems=3145728 energy=0x1.82p-8 finite=1
ATTR_NAMED_GRAD block=960 name=ff1_11 grad=f94638e9 grad_elems=6291456 param_elems=6291456 energy=0x1.fcp-9 finite=1
ATTR_NAMED_GRAD block=960 name=ln_g_23 grad=986b7907 grad_elems=1024 param_elems=1024 energy=0x1.26p-20 finite=1
ATTR_NAMED_GRAD block=960 name=ln_b_23 grad=4b625a74 grad_elems=1024 param_elems=1024 energy=0x1.3p-20 finite=1
ATTR_NAMED_GRAD block=960 name=ff_bias1_11 grad=b547aafe grad_elems=6144 param_elems=6144 energy=0x1.42p-18 finite=1
ATTR_NAMED_GRAD block=960 name=ff_bias2_11 grad=ae951ee8 grad_elems=1024 param_elems=1024 energy=0x1.e6p-13 finite=1
ATTR_NAMED_GRAD block=960 name=w_o_11 grad=948198ef grad_elems=1048576 param_elems=1048576 energy=0x1p-8 finite=1
ATTR_NAMED_GRAD block=960 name=w_r_11 grad=bea95adb grad_elems=327680 param_elems=327680 energy=0x1.d4p-29 finite=1
ATTR_NAMED_GRAD block=960 name=w_kv_11 grad=0bc88df9 grad_elems=2097152 param_elems=2097152 energy=0x1.46p-8 finite=1
ATTR_NAMED_GRAD block=960 name=w_q_11 grad=53341f0e grad_elems=1048576 param_elems=1048576 energy=0x1.e4p-17 finite=1
ATTR_NAMED_GRAD block=960 name=ln_g_22 grad=5ef22c5f grad_elems=1024 param_elems=1024 energy=0x1.74p-27 finite=1
ATTR_NAMED_GRAD block=960 name=ln_b_22 grad=72919f11 grad_elems=1024 param_elems=1024 energy=0x1.ap-25 finite=1
ATTR_NAMED_GRAD block=960 name=ff2_10 grad=650633f8 grad_elems=3145728 param_elems=3145728 energy=0x1.8ap-8 finite=1
ATTR_NAMED_GRAD block=960 name=ff1_10 grad=9c7ff5f0 grad_elems=6291456 param_elems=6291456 energy=0x1.fcp-9 finite=1
ATTR_NAMED_GRAD block=960 name=ln_g_21 grad=9e6aec32 grad_elems=1024 param_elems=1024 energy=0x1.28p-20 finite=1
ATTR_NAMED_GRAD block=960 name=ln_b_21 grad=55cb8641 grad_elems=1024 param_elems=1024 energy=0x1.2p-20 finite=1
ATTR_NAMED_GRAD block=960 name=ff_bias1_10 grad=c0403e22 grad_elems=6144 param_elems=6144 energy=0x1.3p-18 finite=1
ATTR_NAMED_GRAD block=960 name=ff_bias2_10 grad=31d2177b grad_elems=1024 param_elems=1024 energy=0x1.fcp-13 finite=1
ATTR_NAMED_GRAD block=960 name=w_o_10 grad=87f01b7e grad_elems=1048576 param_elems=1048576 energy=0x1.b4p-9 finite=1
ATTR_NAMED_GRAD block=960 name=w_r_10 grad=326f57f2 grad_elems=327680 param_elems=327680 energy=0x1.dcp-29 finite=1
ATTR_NAMED_GRAD block=960 name=w_kv_10 grad=0431e160 grad_elems=2097152 param_elems=2097152 energy=0x1.2p-8 finite=1
ATTR_NAMED_GRAD block=960 name=w_q_10 grad=49fb77e5 grad_elems=1048576 param_elems=1048576 energy=0x1.dap-17 finite=1
ATTR_NAMED_GRAD block=960 name=ln_g_20 grad=cbcb8fff grad_elems=1024 param_elems=1024 energy=0x1.58p-27 finite=1
ATTR_NAMED_GRAD block=960 name=ln_b_20 grad=e360a62a grad_elems=1024 param_elems=1024 energy=0x1.ecp-25 finite=1
ATTR_NAMED_GRAD block=960 name=ff2_9 grad=d5e4ecd5 grad_elems=3145728 param_elems=3145728 energy=0x1.8ap-8 finite=1
ATTR_NAMED_GRAD block=960 name=ff1_9 grad=82ec5147 grad_elems=6291456 param_elems=6291456 energy=0x1.fep-9 finite=1
ATTR_NAMED_GRAD block=960 name=ln_g_19 grad=ccef0349 grad_elems=1024 param_elems=1024 energy=0x1.38p-20 finite=1
ATTR_NAMED_GRAD block=960 name=ln_b_19 grad=f477a8e5 grad_elems=1024 param_elems=1024 energy=0x1.2cp-20 finite=1
ATTR_NAMED_GRAD block=960 name=ff_bias1_9 grad=6d6d3367 grad_elems=6144 param_elems=6144 energy=0x1.32p-18 finite=1
ATTR_NAMED_GRAD block=960 name=ff_bias2_9 grad=105c48e6 grad_elems=1024 param_elems=1024 energy=0x1.06p-12 finite=1
ATTR_NAMED_GRAD block=960 name=w_o_9 grad=5a61ed49 grad_elems=1048576 param_elems=1048576 energy=0x1.76p-9 finite=1
ATTR_NAMED_GRAD block=960 name=w_r_9 grad=b570bd81 grad_elems=327680 param_elems=327680 energy=0x1.eep-29 finite=1
ATTR_NAMED_GRAD block=960 name=w_kv_9 grad=98470031 grad_elems=2097152 param_elems=2097152 energy=0x1.e6p-9 finite=1
ATTR_NAMED_GRAD block=960 name=w_q_9 grad=efb9e860 grad_elems=1048576 param_elems=1048576 energy=0x1.04p-16 finite=1
ATTR_NAMED_GRAD block=960 name=ln_g_18 grad=ff65b6a7 grad_elems=1024 param_elems=1024 energy=0x1.46p-27 finite=1
ATTR_NAMED_GRAD block=960 name=ln_b_18 grad=4fb706a0 grad_elems=1024 param_elems=1024 energy=0x1.f6p-25 finite=1
ATTR_NAMED_GRAD block=960 name=ff2_8 grad=7519aade grad_elems=3145728 param_elems=3145728 energy=0x1.9ap-8 finite=1
ATTR_NAMED_GRAD block=960 name=ff1_8 grad=69ba2261 grad_elems=6291456 param_elems=6291456 energy=0x1.06p-8 finite=1
ATTR_NAMED_GRAD block=960 name=ln_g_17 grad=8dd521ad grad_elems=1024 param_elems=1024 energy=0x1.32p-20 finite=1
ATTR_NAMED_GRAD block=960 name=ln_b_17 grad=0d143f38 grad_elems=1024 param_elems=1024 energy=0x1.1ap-20 finite=1
ATTR_NAMED_GRAD block=960 name=ff_bias1_8 grad=2b29d803 grad_elems=6144 param_elems=6144 energy=0x1.3ap-18 finite=1
ATTR_NAMED_GRAD block=960 name=ff_bias2_8 grad=a0facfe8 grad_elems=1024 param_elems=1024 energy=0x1.14p-12 finite=1
ATTR_NAMED_GRAD block=960 name=w_o_8 grad=95ec60b0 grad_elems=1048576 param_elems=1048576 energy=0x1.2ep-9 finite=1
ATTR_NAMED_GRAD block=960 name=w_r_8 grad=be928a81 grad_elems=327680 param_elems=327680 energy=0x1.f6p-29 finite=1
ATTR_NAMED_GRAD block=960 name=w_kv_8 grad=9b7034aa grad_elems=2097152 param_elems=2097152 energy=0x1.8ap-9 finite=1
ATTR_NAMED_GRAD block=960 name=w_q_8 grad=fe590ca9 grad_elems=1048576 param_elems=1048576 energy=0x1.e6p-17 finite=1
ATTR_NAMED_GRAD block=960 name=ln_g_16 grad=652486dc grad_elems=1024 param_elems=1024 energy=0x1.08p-27 finite=1
ATTR_NAMED_GRAD block=960 name=ln_b_16 grad=af120ca3 grad_elems=1024 param_elems=1024 energy=0x1.dcp-25 finite=1
ATTR_NAMED_GRAD block=960 name=ff2_7 grad=149371ea grad_elems=3145728 param_elems=3145728 energy=0x1.9ap-8 finite=1
ATTR_NAMED_GRAD block=960 name=ff1_7 grad=ab98aca1 grad_elems=6291456 param_elems=6291456 energy=0x1.08p-8 finite=1
ATTR_NAMED_GRAD block=960 name=ln_g_15 grad=6f89ba9b grad_elems=1024 param_elems=1024 energy=0x1.3ep-20 finite=1
ATTR_NAMED_GRAD block=960 name=ln_b_15 grad=0a1ebf00 grad_elems=1024 param_elems=1024 energy=0x1.1ep-20 finite=1
ATTR_NAMED_GRAD block=960 name=ff_bias1_7 grad=31f28ba0 grad_elems=6144 param_elems=6144 energy=0x1.3cp-18 finite=1
ATTR_NAMED_GRAD block=960 name=ff_bias2_7 grad=582d2421 grad_elems=1024 param_elems=1024 energy=0x1.2p-12 finite=1
ATTR_NAMED_GRAD block=960 name=w_o_7 grad=d59e5274 grad_elems=1048576 param_elems=1048576 energy=0x1.dcp-10 finite=1
ATTR_NAMED_GRAD block=960 name=w_r_7 grad=2b8130f2 grad_elems=327680 param_elems=327680 energy=0x1.0ap-28 finite=1
ATTR_NAMED_GRAD block=960 name=w_kv_7 grad=3f90984b grad_elems=2097152 param_elems=2097152 energy=0x1.38p-9 finite=1
ATTR_NAMED_GRAD block=960 name=w_q_7 grad=39641ffd grad_elems=1048576 param_elems=1048576 energy=0x1.0ap-16 finite=1
ATTR_NAMED_GRAD block=960 name=ln_g_14 grad=999128bb grad_elems=1024 param_elems=1024 energy=0x1.02p-27 finite=1
ATTR_NAMED_GRAD block=960 name=ln_b_14 grad=4df332d3 grad_elems=1024 param_elems=1024 energy=0x1.16p-24 finite=1
ATTR_NAMED_GRAD block=960 name=ff2_6 grad=9226a155 grad_elems=3145728 param_elems=3145728 energy=0x1.a2p-8 finite=1
ATTR_NAMED_GRAD block=960 name=ff1_6 grad=10da2bad grad_elems=6291456 param_elems=6291456 energy=0x1.0ep-8 finite=1
ATTR_NAMED_GRAD block=960 name=ln_g_13 grad=b190f39b grad_elems=1024 param_elems=1024 energy=0x1.3p-20 finite=1
ATTR_NAMED_GRAD block=960 name=ln_b_13 grad=d7ba11ff grad_elems=1024 param_elems=1024 energy=0x1.0ap-20 finite=1
ATTR_NAMED_GRAD block=960 name=ff_bias1_6 grad=a77c80df grad_elems=6144 param_elems=6144 energy=0x1.3ap-18 finite=1
ATTR_NAMED_GRAD block=960 name=ff_bias2_6 grad=ad75a6dc grad_elems=1024 param_elems=1024 energy=0x1.2ap-12 finite=1
ATTR_NAMED_GRAD block=960 name=w_o_6 grad=10395f8e grad_elems=1048576 param_elems=1048576 energy=0x1.88p-10 finite=1
ATTR_NAMED_GRAD block=960 name=w_r_6 grad=9d2f0b2d grad_elems=327680 param_elems=327680 energy=0x1.14p-28 finite=1
ATTR_NAMED_GRAD block=960 name=w_kv_6 grad=13a014f1 grad_elems=2097152 param_elems=2097152 energy=0x1.1p-9 finite=1
ATTR_NAMED_GRAD block=960 name=w_q_6 grad=acf4e29a grad_elems=1048576 param_elems=1048576 energy=0x1.0ap-16 finite=1
ATTR_NAMED_GRAD block=960 name=ln_g_12 grad=34116947 grad_elems=1024 param_elems=1024 energy=0x1.d8p-28 finite=1
ATTR_NAMED_GRAD block=960 name=ln_b_12 grad=c4c4b49f grad_elems=1024 param_elems=1024 energy=0x1.2p-24 finite=1
ATTR_NAMED_GRAD block=960 name=ff2_5 grad=eff24239 grad_elems=3145728 param_elems=3145728 energy=0x1.a6p-8 finite=1
ATTR_NAMED_GRAD block=960 name=ff1_5 grad=15adc98f grad_elems=6291456 param_elems=6291456 energy=0x1.12p-8 finite=1
ATTR_NAMED_GRAD block=960 name=ln_g_11 grad=e79a9c32 grad_elems=1024 param_elems=1024 energy=0x1.56p-20 finite=1
ATTR_NAMED_GRAD block=960 name=ln_b_11 grad=cdfca4b1 grad_elems=1024 param_elems=1024 energy=0x1.2ep-20 finite=1
ATTR_NAMED_GRAD block=960 name=ff_bias1_5 grad=18abe2bb grad_elems=6144 param_elems=6144 energy=0x1.3cp-18 finite=1
ATTR_NAMED_GRAD block=960 name=ff_bias2_5 grad=ab696136 grad_elems=1024 param_elems=1024 energy=0x1.34p-12 finite=1
ATTR_NAMED_GRAD block=960 name=w_o_5 grad=f8263402 grad_elems=1048576 param_elems=1048576 energy=0x1.44p-10 finite=1
ATTR_NAMED_GRAD block=960 name=w_r_5 grad=31af3775 grad_elems=327680 param_elems=327680 energy=0x1.2p-28 finite=1
ATTR_NAMED_GRAD block=960 name=w_kv_5 grad=f95a3035 grad_elems=2097152 param_elems=2097152 energy=0x1.9ep-10 finite=1
ATTR_NAMED_GRAD block=960 name=w_q_5 grad=03173809 grad_elems=1048576 param_elems=1048576 energy=0x1.0cp-16 finite=1
ATTR_NAMED_GRAD block=960 name=ln_g_10 grad=512b9eb1 grad_elems=1024 param_elems=1024 energy=0x1.9ep-28 finite=1
ATTR_NAMED_GRAD block=960 name=ln_b_10 grad=f42dfe7f grad_elems=1024 param_elems=1024 energy=0x1.26p-24 finite=1
ATTR_NAMED_GRAD block=960 name=ff2_4 grad=1bb486c7 grad_elems=3145728 param_elems=3145728 energy=0x1.b8p-8 finite=1
ATTR_NAMED_GRAD block=960 name=ff1_4 grad=0d0c8d1a grad_elems=6291456 param_elems=6291456 energy=0x1.18p-8 finite=1
ATTR_NAMED_GRAD block=960 name=ln_g_9 grad=f0cf52d3 grad_elems=1024 param_elems=1024 energy=0x1.42p-20 finite=1
ATTR_NAMED_GRAD block=960 name=ln_b_9 grad=1fc2f80f grad_elems=1024 param_elems=1024 energy=0x1.22p-20 finite=1
ATTR_NAMED_GRAD block=960 name=ff_bias1_4 grad=4d301d28 grad_elems=6144 param_elems=6144 energy=0x1.3ep-18 finite=1
ATTR_NAMED_GRAD block=960 name=ff_bias2_4 grad=3f0e9fc3 grad_elems=1024 param_elems=1024 energy=0x1.42p-12 finite=1
ATTR_NAMED_GRAD block=960 name=w_o_4 grad=abb77f9b grad_elems=1048576 param_elems=1048576 energy=0x1.04p-10 finite=1
ATTR_NAMED_GRAD block=960 name=w_r_4 grad=b55edcd5 grad_elems=327680 param_elems=327680 energy=0x1.2ep-28 finite=1
ATTR_NAMED_GRAD block=960 name=w_kv_4 grad=04a22930 grad_elems=2097152 param_elems=2097152 energy=0x1.44p-10 finite=1
ATTR_NAMED_GRAD block=960 name=w_q_4 grad=3a71ff52 grad_elems=1048576 param_elems=1048576 energy=0x1.3ap-16 finite=1
ATTR_NAMED_GRAD block=960 name=ln_g_8 grad=f57280bf grad_elems=1024 param_elems=1024 energy=0x1.dap-28 finite=1
ATTR_NAMED_GRAD block=960 name=ln_b_8 grad=9b8344c2 grad_elems=1024 param_elems=1024 energy=0x1.44p-24 finite=1
ATTR_NAMED_GRAD block=960 name=ff2_3 grad=9da49611 grad_elems=3145728 param_elems=3145728 energy=0x1.cep-8 finite=1
ATTR_NAMED_GRAD block=960 name=ff1_3 grad=3619619a grad_elems=6291456 param_elems=6291456 energy=0x1.2p-8 finite=1
ATTR_NAMED_GRAD block=960 name=ln_g_7 grad=06db1fc3 grad_elems=1024 param_elems=1024 energy=0x1.4cp-20 finite=1
ATTR_NAMED_GRAD block=960 name=ln_b_7 grad=a74f1189 grad_elems=1024 param_elems=1024 energy=0x1.3p-20 finite=1
ATTR_NAMED_GRAD block=960 name=ff_bias1_3 grad=cdb41bbf grad_elems=6144 param_elems=6144 energy=0x1.44p-18 finite=1
ATTR_NAMED_GRAD block=960 name=ff_bias2_3 grad=df8e528c grad_elems=1024 param_elems=1024 energy=0x1.4cp-12 finite=1
ATTR_NAMED_GRAD block=960 name=w_o_3 grad=08540436 grad_elems=1048576 param_elems=1048576 energy=0x1.bp-11 finite=1
ATTR_NAMED_GRAD block=960 name=w_r_3 grad=011fe70e grad_elems=327680 param_elems=327680 energy=0x1.3ep-28 finite=1
ATTR_NAMED_GRAD block=960 name=w_kv_3 grad=33d84d17 grad_elems=2097152 param_elems=2097152 energy=0x1.0cp-10 finite=1
ATTR_NAMED_GRAD block=960 name=w_q_3 grad=ecb8f7d7 grad_elems=1048576 param_elems=1048576 energy=0x1.4ep-16 finite=1
ATTR_NAMED_GRAD block=960 name=ln_g_6 grad=3dde2e4e grad_elems=1024 param_elems=1024 energy=0x1.fap-28 finite=1
ATTR_NAMED_GRAD block=960 name=ln_b_6 grad=6468132e grad_elems=1024 param_elems=1024 energy=0x1.3p-24 finite=1
ATTR_NAMED_GRAD block=960 name=ff2_2 grad=6ef700b6 grad_elems=3145728 param_elems=3145728 energy=0x1.cap-8 finite=1
ATTR_NAMED_GRAD block=960 name=ff1_2 grad=efa8f6ab grad_elems=6291456 param_elems=6291456 energy=0x1.26p-8 finite=1
ATTR_NAMED_GRAD block=960 name=ln_g_5 grad=09d65869 grad_elems=1024 param_elems=1024 energy=0x1.48p-20 finite=1
ATTR_NAMED_GRAD block=960 name=ln_b_5 grad=3910f55e grad_elems=1024 param_elems=1024 energy=0x1.0ep-20 finite=1
ATTR_NAMED_GRAD block=960 name=ff_bias1_2 grad=820e4ef9 grad_elems=6144 param_elems=6144 energy=0x1.42p-18 finite=1
ATTR_NAMED_GRAD block=960 name=ff_bias2_2 grad=7fef51fa grad_elems=1024 param_elems=1024 energy=0x1.56p-12 finite=1
ATTR_NAMED_GRAD block=960 name=w_o_2 grad=86fad726 grad_elems=1048576 param_elems=1048576 energy=0x1.56p-11 finite=1
ATTR_NAMED_GRAD block=960 name=w_r_2 grad=41a4a287 grad_elems=327680 param_elems=327680 energy=0x1.46p-28 finite=1
ATTR_NAMED_GRAD block=960 name=w_kv_2 grad=40cb07c7 grad_elems=2097152 param_elems=2097152 energy=0x1.cap-11 finite=1
ATTR_NAMED_GRAD block=960 name=w_q_2 grad=d22b4adb grad_elems=1048576 param_elems=1048576 energy=0x1.52p-16 finite=1
ATTR_NAMED_GRAD block=960 name=ln_g_4 grad=00686407 grad_elems=1024 param_elems=1024 energy=0x1.f4p-28 finite=1
ATTR_NAMED_GRAD block=960 name=ln_b_4 grad=9ad28ed6 grad_elems=1024 param_elems=1024 energy=0x1.98p-24 finite=1
ATTR_NAMED_GRAD block=960 name=ff2_1 grad=2dd29d62 grad_elems=3145728 param_elems=3145728 energy=0x1.dep-8 finite=1
ATTR_NAMED_GRAD block=960 name=ff1_1 grad=b017534a grad_elems=6291456 param_elems=6291456 energy=0x1.2cp-8 finite=1
ATTR_NAMED_GRAD block=960 name=ln_g_3 grad=ca4589c2 grad_elems=1024 param_elems=1024 energy=0x1.46p-20 finite=1
ATTR_NAMED_GRAD block=960 name=ln_b_3 grad=01f8831f grad_elems=1024 param_elems=1024 energy=0x1.26p-20 finite=1
ATTR_NAMED_GRAD block=960 name=ff_bias1_1 grad=176b61a4 grad_elems=6144 param_elems=6144 energy=0x1.48p-18 finite=1
ATTR_NAMED_GRAD block=960 name=ff_bias2_1 grad=d22ccfcf grad_elems=1024 param_elems=1024 energy=0x1.66p-12 finite=1
ATTR_NAMED_GRAD block=960 name=w_o_1 grad=8c8b9ed6 grad_elems=1048576 param_elems=1048576 energy=0x1.44p-11 finite=1
ATTR_NAMED_GRAD block=960 name=w_r_1 grad=3a4ea0e0 grad_elems=327680 param_elems=327680 energy=0x1.68p-28 finite=1
ATTR_NAMED_GRAD block=960 name=w_kv_1 grad=5abef738 grad_elems=2097152 param_elems=2097152 energy=0x1.74p-11 finite=1
ATTR_NAMED_GRAD block=960 name=w_q_1 grad=1c7f2157 grad_elems=1048576 param_elems=1048576 energy=0x1.02p-15 finite=1
ATTR_NAMED_GRAD block=960 name=ln_g_2 grad=a837c5f3 grad_elems=1024 param_elems=1024 energy=0x1.7ep-27 finite=1
ATTR_NAMED_GRAD block=960 name=ln_b_2 grad=bb3bedef grad_elems=1024 param_elems=1024 energy=0x1.44p-24 finite=1
ATTR_NAMED_GRAD block=960 name=ff2_0 grad=231fb01f grad_elems=3145728 param_elems=3145728 energy=0x1.ep-8 finite=1
ATTR_NAMED_GRAD block=960 name=ff1_0 grad=115b0ccd grad_elems=6291456 param_elems=6291456 energy=0x1.36p-8 finite=1
ATTR_NAMED_GRAD block=960 name=ln_g_1 grad=ac9f5e9a grad_elems=1024 param_elems=1024 energy=0x1.62p-20 finite=1
ATTR_NAMED_GRAD block=960 name=ln_b_1 grad=7608e853 grad_elems=1024 param_elems=1024 energy=0x1.14p-20 finite=1
ATTR_NAMED_GRAD block=960 name=ff_bias1_0 grad=d64c865c grad_elems=6144 param_elems=6144 energy=0x1.5p-18 finite=1
ATTR_NAMED_GRAD block=960 name=ff_bias2_0 grad=1b44e451 grad_elems=1024 param_elems=1024 energy=0x1.72p-12 finite=1
ATTR_NAMED_GRAD block=960 name=w_o_0 grad=3428d92b grad_elems=1048576 param_elems=1048576 energy=0x1.0cp-11 finite=1
ATTR_NAMED_GRAD block=960 name=w_r_0 grad=34ee0963 grad_elems=327680 param_elems=327680 energy=0x1.68p-28 finite=1
ATTR_NAMED_GRAD block=960 name=b_r_0 grad=c44ce910 grad_elems=2560 param_elems=2560 energy=0x1.82p-11 finite=1
ATTR_NAMED_GRAD block=960 name=w_kv_0 grad=1adaf655 grad_elems=2097152 param_elems=2097152 energy=0x1.34p-11 finite=1
ATTR_NAMED_GRAD block=960 name=w_q_0 grad=047c61f2 grad_elems=1048576 param_elems=1048576 energy=0x1.c6p-16 finite=1
ATTR_NAMED_GRAD block=960 name=ln_g_0 grad=5f724009 grad_elems=1024 param_elems=1024 energy=0x1.3cp-27 finite=1
ATTR_NAMED_GRAD block=960 name=ln_b_0 grad=09e7966a grad_elems=1024 param_elems=1024 energy=0x1.5p-24 finite=1
ATTR_NAMED_GRAD block=960 name=embed grad=6426a35c grad_elems=16785408 param_elems=16785408 energy=0x1.399c88p-3 finite=1
ATTR_NAMED_GRAD block=960 name=ln_g_40 grad=29cbd9d8 grad_elems=1024 param_elems=1024 energy=0x1.a8p-11 finite=1
ATTR_NAMED_GRAD block=960 name=ln_b_40 grad=ca7ad5ef grad_elems=1024 param_elems=1024 energy=0x1.88p-11 finite=1
ATTR_NAMED_GRAD block=960 name=out_bias grad=48899491 grad_elems=16392 param_elems=16392 energy=0x1.24p-9 finite=1
ATTR_HEAD arm=1 block=960 weight=da612549 bias=8da5af9e
ATTR_STATE arm=1 block=960 step=32 params=742a0325 memory=ee79bf9e
ATTR_NAMED_GRAD block=1024 name=embed_out grad=0c9159d8 grad_elems=16785408 param_elems=16785408 energy=0x1.dap+0 finite=1
ATTR_NAMED_GRAD block=1024 name=ff2_19 grad=6977ee6c grad_elems=3145728 param_elems=3145728 energy=0x1.3ep-7 finite=1
ATTR_NAMED_GRAD block=1024 name=ff1_19 grad=da62c299 grad_elems=6291456 param_elems=6291456 energy=0x1.0cp-7 finite=1
ATTR_NAMED_GRAD block=1024 name=ln_g_39 grad=58cc9125 grad_elems=1024 param_elems=1024 energy=0x1.12p-19 finite=1
ATTR_NAMED_GRAD block=1024 name=ln_b_39 grad=bb6c24dc grad_elems=1024 param_elems=1024 energy=0x1.c8p-19 finite=1
ATTR_NAMED_GRAD block=1024 name=ff_bias1_19 grad=ca8b3759 grad_elems=6144 param_elems=6144 energy=0x1.a2p-17 finite=1
ATTR_NAMED_GRAD block=1024 name=ff_bias2_19 grad=04eb7089 grad_elems=1024 param_elems=1024 energy=0x1.3ap-11 finite=1
ATTR_NAMED_GRAD block=1024 name=w_o_19 grad=50cc8ae9 grad_elems=1048576 param_elems=1048576 energy=0x1.22p-4 finite=1
ATTR_NAMED_GRAD block=1024 name=w_r_19 grad=24727d8b grad_elems=327680 param_elems=327680 energy=0x1.b8p-25 finite=1
ATTR_NAMED_GRAD block=1024 name=w_kv_19 grad=59671aea grad_elems=2097152 param_elems=2097152 energy=0x1.bcp-4 finite=1
ATTR_NAMED_GRAD block=1024 name=w_q_19 grad=299c8b68 grad_elems=1048576 param_elems=1048576 energy=0x1.64p-11 finite=1
ATTR_NAMED_GRAD block=1024 name=ln_g_38 grad=eb1bb48a grad_elems=1024 param_elems=1024 energy=0x1.92p-21 finite=1
ATTR_NAMED_GRAD block=1024 name=ln_b_38 grad=cb135078 grad_elems=1024 param_elems=1024 energy=0x1.4ep-19 finite=1
ATTR_NAMED_GRAD block=1024 name=ff2_18 grad=1d41943d grad_elems=3145728 param_elems=3145728 energy=0x1.24p-7 finite=1
ATTR_NAMED_GRAD block=1024 name=ff1_18 grad=abb0e825 grad_elems=6291456 param_elems=6291456 energy=0x1.bap-8 finite=1
ATTR_NAMED_GRAD block=1024 name=ln_g_37 grad=10743303 grad_elems=1024 param_elems=1024 energy=0x1.bcp-20 finite=1
ATTR_NAMED_GRAD block=1024 name=ln_b_37 grad=d74e908b grad_elems=1024 param_elems=1024 energy=0x1.a2p-19 finite=1
ATTR_NAMED_GRAD block=1024 name=ff_bias1_18 grad=f49021fa grad_elems=6144 param_elems=6144 energy=0x1.7p-17 finite=1
ATTR_NAMED_GRAD block=1024 name=ff_bias2_18 grad=07222191 grad_elems=1024 param_elems=1024 energy=0x1.44p-11 finite=1
ATTR_NAMED_GRAD block=1024 name=w_o_18 grad=eb22714b grad_elems=1048576 param_elems=1048576 energy=0x1.6cp-5 finite=1
ATTR_NAMED_GRAD block=1024 name=w_r_18 grad=5c59dea3 grad_elems=327680 param_elems=327680 energy=0x1.76p-26 finite=1
ATTR_NAMED_GRAD block=1024 name=w_kv_18 grad=268be9cc grad_elems=2097152 param_elems=2097152 energy=0x1.1cp-4 finite=1
ATTR_NAMED_GRAD block=1024 name=w_q_18 grad=ded03931 grad_elems=1048576 param_elems=1048576 energy=0x1.bp-12 finite=1
ATTR_NAMED_GRAD block=1024 name=ln_g_36 grad=0121741d grad_elems=1024 param_elems=1024 energy=0x1.c6p-22 finite=1
ATTR_NAMED_GRAD block=1024 name=ln_b_36 grad=ed356ee6 grad_elems=1024 param_elems=1024 energy=0x1.a6p-20 finite=1
ATTR_NAMED_GRAD block=1024 name=ff2_17 grad=5b57e1be grad_elems=3145728 param_elems=3145728 energy=0x1.2ap-7 finite=1
ATTR_NAMED_GRAD block=1024 name=ff1_17 grad=7780e040 grad_elems=6291456 param_elems=6291456 energy=0x1.86p-8 finite=1
ATTR_NAMED_GRAD block=1024 name=ln_g_35 grad=e062074b grad_elems=1024 param_elems=1024 energy=0x1.54p-20 finite=1
ATTR_NAMED_GRAD block=1024 name=ln_b_35 grad=5b93f26b grad_elems=1024 param_elems=1024 energy=0x1.32p-19 finite=1
ATTR_NAMED_GRAD block=1024 name=ff_bias1_17 grad=2934a9ed grad_elems=6144 param_elems=6144 energy=0x1.34p-17 finite=1
ATTR_NAMED_GRAD block=1024 name=ff_bias2_17 grad=13f8f73f grad_elems=1024 param_elems=1024 energy=0x1.48p-11 finite=1
ATTR_NAMED_GRAD block=1024 name=w_o_17 grad=2b76d179 grad_elems=1048576 param_elems=1048576 energy=0x1.aap-6 finite=1
ATTR_NAMED_GRAD block=1024 name=w_r_17 grad=8d529530 grad_elems=327680 param_elems=327680 energy=0x1.c2p-27 finite=1
ATTR_NAMED_GRAD block=1024 name=w_kv_17 grad=a81f0a8e grad_elems=2097152 param_elems=2097152 energy=0x1.6p-5 finite=1
ATTR_NAMED_GRAD block=1024 name=w_q_17 grad=f38eeb20 grad_elems=1048576 param_elems=1048576 energy=0x1.3ap-12 finite=1
ATTR_NAMED_GRAD block=1024 name=ln_g_34 grad=8e0cd505 grad_elems=1024 param_elems=1024 energy=0x1.a2p-22 finite=1
ATTR_NAMED_GRAD block=1024 name=ln_b_34 grad=cb689286 grad_elems=1024 param_elems=1024 energy=0x1.9ep-20 finite=1
ATTR_NAMED_GRAD block=1024 name=ff2_16 grad=b748e2a1 grad_elems=3145728 param_elems=3145728 energy=0x1.1p-7 finite=1
ATTR_NAMED_GRAD block=1024 name=ff1_16 grad=de84e60f grad_elems=6291456 param_elems=6291456 energy=0x1.6cp-8 finite=1
ATTR_NAMED_GRAD block=1024 name=ln_g_33 grad=40d542d1 grad_elems=1024 param_elems=1024 energy=0x1.46p-20 finite=1
ATTR_NAMED_GRAD block=1024 name=ln_b_33 grad=072b5ec8 grad_elems=1024 param_elems=1024 energy=0x1.22p-19 finite=1
ATTR_NAMED_GRAD block=1024 name=ff_bias1_16 grad=a25cd508 grad_elems=6144 param_elems=6144 energy=0x1.18p-17 finite=1
ATTR_NAMED_GRAD block=1024 name=ff_bias2_16 grad=1e0d0e4c grad_elems=1024 param_elems=1024 energy=0x1.48p-11 finite=1
ATTR_NAMED_GRAD block=1024 name=w_o_16 grad=028f8640 grad_elems=1048576 param_elems=1048576 energy=0x1.1ap-6 finite=1
ATTR_NAMED_GRAD block=1024 name=w_r_16 grad=946aec1f grad_elems=327680 param_elems=327680 energy=0x1.b4p-28 finite=1
ATTR_NAMED_GRAD block=1024 name=w_kv_16 grad=dab817ba grad_elems=2097152 param_elems=2097152 energy=0x1.1ep-5 finite=1
ATTR_NAMED_GRAD block=1024 name=w_q_16 grad=7a1977aa grad_elems=1048576 param_elems=1048576 energy=0x1.82p-14 finite=1
ATTR_NAMED_GRAD block=1024 name=ln_g_32 grad=70aa0819 grad_elems=1024 param_elems=1024 energy=0x1.12p-23 finite=1
ATTR_NAMED_GRAD block=1024 name=ln_b_32 grad=c5430f9b grad_elems=1024 param_elems=1024 energy=0x1.32p-21 finite=1
ATTR_NAMED_GRAD block=1024 name=ff2_15 grad=f79bd5ee grad_elems=3145728 param_elems=3145728 energy=0x1.12p-7 finite=1
ATTR_NAMED_GRAD block=1024 name=ff1_15 grad=49b510d2 grad_elems=6291456 param_elems=6291456 energy=0x1.5ep-8 finite=1
ATTR_NAMED_GRAD block=1024 name=ln_g_31 grad=005bbb24 grad_elems=1024 param_elems=1024 energy=0x1.3cp-20 finite=1
ATTR_NAMED_GRAD block=1024 name=ln_b_31 grad=3efd8595 grad_elems=1024 param_elems=1024 energy=0x1.e2p-20 finite=1
ATTR_NAMED_GRAD block=1024 name=ff_bias1_15 grad=90e337ce grad_elems=6144 param_elems=6144 energy=0x1.fcp-18 finite=1
ATTR_NAMED_GRAD block=1024 name=ff_bias2_15 grad=3be8f376 grad_elems=1024 param_elems=1024 energy=0x1.4ap-11 finite=1
ATTR_NAMED_GRAD block=1024 name=w_o_15 grad=1c3cf2f4 grad_elems=1048576 param_elems=1048576 energy=0x1.b6p-7 finite=1
ATTR_NAMED_GRAD block=1024 name=w_r_15 grad=6a02583d grad_elems=327680 param_elems=327680 energy=0x1.4p-28 finite=1
ATTR_NAMED_GRAD block=1024 name=w_kv_15 grad=cb85dab4 grad_elems=2097152 param_elems=2097152 energy=0x1.acp-6 finite=1
ATTR_NAMED_GRAD block=1024 name=w_q_15 grad=424107d6 grad_elems=1048576 param_elems=1048576 energy=0x1.68p-15 finite=1
ATTR_NAMED_GRAD block=1024 name=ln_g_30 grad=e2221116 grad_elems=1024 param_elems=1024 energy=0x1.42p-24 finite=1
ATTR_NAMED_GRAD block=1024 name=ln_b_30 grad=d213fe59 grad_elems=1024 param_elems=1024 energy=0x1.cp-22 finite=1
ATTR_NAMED_GRAD block=1024 name=ff2_14 grad=d6c20f13 grad_elems=3145728 param_elems=3145728 energy=0x1.08p-7 finite=1
ATTR_NAMED_GRAD block=1024 name=ff1_14 grad=7e830b73 grad_elems=6291456 param_elems=6291456 energy=0x1.5cp-8 finite=1
ATTR_NAMED_GRAD block=1024 name=ln_g_29 grad=6b96069c grad_elems=1024 param_elems=1024 energy=0x1.24p-20 finite=1
ATTR_NAMED_GRAD block=1024 name=ln_b_29 grad=35f4a239 grad_elems=1024 param_elems=1024 energy=0x1.f4p-20 finite=1
ATTR_NAMED_GRAD block=1024 name=ff_bias1_14 grad=194fee1c grad_elems=6144 param_elems=6144 energy=0x1.06p-17 finite=1
ATTR_NAMED_GRAD block=1024 name=ff_bias2_14 grad=560bd6b2 grad_elems=1024 param_elems=1024 energy=0x1.54p-11 finite=1
ATTR_NAMED_GRAD block=1024 name=w_o_14 grad=83e2fd42 grad_elems=1048576 param_elems=1048576 energy=0x1.6cp-7 finite=1
ATTR_NAMED_GRAD block=1024 name=w_r_14 grad=c4b59005 grad_elems=327680 param_elems=327680 energy=0x1.2ap-28 finite=1
ATTR_NAMED_GRAD block=1024 name=w_kv_14 grad=c3035ff4 grad_elems=2097152 param_elems=2097152 energy=0x1.62p-6 finite=1
ATTR_NAMED_GRAD block=1024 name=w_q_14 grad=2175b839 grad_elems=1048576 param_elems=1048576 energy=0x1.32p-15 finite=1
ATTR_NAMED_GRAD block=1024 name=ln_g_28 grad=7ac79ca4 grad_elems=1024 param_elems=1024 energy=0x1.a6p-25 finite=1
ATTR_NAMED_GRAD block=1024 name=ln_b_28 grad=d58045d1 grad_elems=1024 param_elems=1024 energy=0x1.6ap-22 finite=1
ATTR_NAMED_GRAD block=1024 name=ff2_13 grad=e60e3fd9 grad_elems=3145728 param_elems=3145728 energy=0x1.06p-7 finite=1
ATTR_NAMED_GRAD block=1024 name=ff1_13 grad=be711106 grad_elems=6291456 param_elems=6291456 energy=0x1.56p-8 finite=1
ATTR_NAMED_GRAD block=1024 name=ln_g_27 grad=8ce7a25e grad_elems=1024 param_elems=1024 energy=0x1.36p-20 finite=1
ATTR_NAMED_GRAD block=1024 name=ln_b_27 grad=7e148aec grad_elems=1024 param_elems=1024 energy=0x1.ep-20 finite=1
ATTR_NAMED_GRAD block=1024 name=ff_bias1_13 grad=d09731a0 grad_elems=6144 param_elems=6144 energy=0x1.fep-18 finite=1
ATTR_NAMED_GRAD block=1024 name=ff_bias2_13 grad=adb1db65 grad_elems=1024 param_elems=1024 energy=0x1.6p-11 finite=1
ATTR_NAMED_GRAD block=1024 name=w_o_13 grad=92c80fe0 grad_elems=1048576 param_elems=1048576 energy=0x1.3cp-7 finite=1
ATTR_NAMED_GRAD block=1024 name=w_r_13 grad=b963906c grad_elems=327680 param_elems=327680 energy=0x1.1ep-28 finite=1
ATTR_NAMED_GRAD block=1024 name=w_kv_13 grad=ca005fb4 grad_elems=2097152 param_elems=2097152 energy=0x1.1cp-6 finite=1
ATTR_NAMED_GRAD block=1024 name=w_q_13 grad=46f02382 grad_elems=1048576 param_elems=1048576 energy=0x1.ep-16 finite=1
ATTR_NAMED_GRAD block=1024 name=ln_g_26 grad=3952a267 grad_elems=1024 param_elems=1024 energy=0x1.32p-25 finite=1
ATTR_NAMED_GRAD block=1024 name=ln_b_26 grad=2e02ec9e grad_elems=1024 param_elems=1024 energy=0x1.1ep-22 finite=1
ATTR_NAMED_GRAD block=1024 name=ff2_12 grad=c42f326d grad_elems=3145728 param_elems=3145728 energy=0x1.0cp-7 finite=1
ATTR_NAMED_GRAD block=1024 name=ff1_12 grad=2e21534f grad_elems=6291456 param_elems=6291456 energy=0x1.5ap-8 finite=1
ATTR_NAMED_GRAD block=1024 name=ln_g_25 grad=52778b27 grad_elems=1024 param_elems=1024 energy=0x1.58p-20 finite=1
ATTR_NAMED_GRAD block=1024 name=ln_b_25 grad=1976dfa9 grad_elems=1024 param_elems=1024 energy=0x1.f2p-20 finite=1
ATTR_NAMED_GRAD block=1024 name=ff_bias1_12 grad=861197f1 grad_elems=6144 param_elems=6144 energy=0x1.06p-17 finite=1
ATTR_NAMED_GRAD block=1024 name=ff_bias2_12 grad=9b79e488 grad_elems=1024 param_elems=1024 energy=0x1.6ap-11 finite=1
ATTR_NAMED_GRAD block=1024 name=w_o_12 grad=896103c3 grad_elems=1048576 param_elems=1048576 energy=0x1.12p-7 finite=1
ATTR_NAMED_GRAD block=1024 name=w_r_12 grad=1d690125 grad_elems=327680 param_elems=327680 energy=0x1.24p-28 finite=1
ATTR_NAMED_GRAD block=1024 name=w_kv_12 grad=5899c52f grad_elems=2097152 param_elems=2097152 energy=0x1.e4p-7 finite=1
ATTR_NAMED_GRAD block=1024 name=w_q_12 grad=da6ded15 grad_elems=1048576 param_elems=1048576 energy=0x1.92p-16 finite=1
ATTR_NAMED_GRAD block=1024 name=ln_g_24 grad=3e5480b1 grad_elems=1024 param_elems=1024 energy=0x1.fap-26 finite=1
ATTR_NAMED_GRAD block=1024 name=ln_b_24 grad=9f17cae7 grad_elems=1024 param_elems=1024 energy=0x1.1ap-22 finite=1
ATTR_NAMED_GRAD block=1024 name=ff2_11 grad=d0757e0d grad_elems=3145728 param_elems=3145728 energy=0x1.08p-7 finite=1
ATTR_NAMED_GRAD block=1024 name=ff1_11 grad=29af30ef grad_elems=6291456 param_elems=6291456 energy=0x1.5ap-8 finite=1
ATTR_NAMED_GRAD block=1024 name=ln_g_23 grad=26837b5d grad_elems=1024 param_elems=1024 energy=0x1.7p-20 finite=1
ATTR_NAMED_GRAD block=1024 name=ln_b_23 grad=3dede7e4 grad_elems=1024 param_elems=1024 energy=0x1.fcp-20 finite=1
ATTR_NAMED_GRAD block=1024 name=ff_bias1_11 grad=4eb50aec grad_elems=6144 param_elems=6144 energy=0x1.04p-17 finite=1
ATTR_NAMED_GRAD block=1024 name=ff_bias2_11 grad=21dda2ae grad_elems=1024 param_elems=1024 energy=0x1.7ap-11 finite=1
ATTR_NAMED_GRAD block=1024 name=w_o_11 grad=dc1c68ef grad_elems=1048576 param_elems=1048576 energy=0x1.cap-8 finite=1
ATTR_NAMED_GRAD block=1024 name=w_r_11 grad=8b0f8c74 grad_elems=327680 param_elems=327680 energy=0x1.3p-28 finite=1
ATTR_NAMED_GRAD block=1024 name=w_kv_11 grad=a4923ed9 grad_elems=2097152 param_elems=2097152 energy=0x1.9cp-7 finite=1
ATTR_NAMED_GRAD block=1024 name=w_q_11 grad=8ba24c40 grad_elems=1048576 param_elems=1048576 energy=0x1.9p-16 finite=1
ATTR_NAMED_GRAD block=1024 name=ln_g_22 grad=5ce6fb8d grad_elems=1024 param_elems=1024 energy=0x1.dep-26 finite=1
ATTR_NAMED_GRAD block=1024 name=ln_b_22 grad=503167b4 grad_elems=1024 param_elems=1024 energy=0x1.3ep-22 finite=1
ATTR_NAMED_GRAD block=1024 name=ff2_10 grad=e96fdd1f grad_elems=3145728 param_elems=3145728 energy=0x1.1p-7 finite=1
ATTR_NAMED_GRAD block=1024 name=ff1_10 grad=d5371606 grad_elems=6291456 param_elems=6291456 energy=0x1.5cp-8 finite=1
ATTR_NAMED_GRAD block=1024 name=ln_g_21 grad=344946c5 grad_elems=1024 param_elems=1024 energy=0x1.64p-20 finite=1
ATTR_NAMED_GRAD block=1024 name=ln_b_21 grad=2e55952e grad_elems=1024 param_elems=1024 energy=0x1.dap-20 finite=1
ATTR_NAMED_GRAD block=1024 name=ff_bias1_10 grad=54614ddb grad_elems=6144 param_elems=6144 energy=0x1.fp-18 finite=1
ATTR_NAMED_GRAD block=1024 name=ff_bias2_10 grad=329739f4 grad_elems=1024 param_elems=1024 energy=0x1.86p-11 finite=1
ATTR_NAMED_GRAD block=1024 name=w_o_10 grad=692d2dae grad_elems=1048576 param_elems=1048576 energy=0x1.7cp-8 finite=1
ATTR_NAMED_GRAD block=1024 name=w_r_10 grad=e5a6959b grad_elems=327680 param_elems=327680 energy=0x1.3ep-28 finite=1
ATTR_NAMED_GRAD block=1024 name=w_kv_10 grad=ec82b7dd grad_elems=2097152 param_elems=2097152 energy=0x1.54p-7 finite=1
ATTR_NAMED_GRAD block=1024 name=w_q_10 grad=f6f11fc7 grad_elems=1048576 param_elems=1048576 energy=0x1.88p-16 finite=1
ATTR_NAMED_GRAD block=1024 name=ln_g_20 grad=6a4d2d30 grad_elems=1024 param_elems=1024 energy=0x1.62p-26 finite=1
ATTR_NAMED_GRAD block=1024 name=ln_b_20 grad=40d82af4 grad_elems=1024 param_elems=1024 energy=0x1.f6p-23 finite=1
ATTR_NAMED_GRAD block=1024 name=ff2_9 grad=816c5d7c grad_elems=3145728 param_elems=3145728 energy=0x1.14p-7 finite=1
ATTR_NAMED_GRAD block=1024 name=ff1_9 grad=4908b7f2 grad_elems=6291456 param_elems=6291456 energy=0x1.6p-8 finite=1
ATTR_NAMED_GRAD block=1024 name=ln_g_19 grad=d26d5bef grad_elems=1024 param_elems=1024 energy=0x1.64p-20 finite=1
ATTR_NAMED_GRAD block=1024 name=ln_b_19 grad=79fd2cde grad_elems=1024 param_elems=1024 energy=0x1.dep-20 finite=1
ATTR_NAMED_GRAD block=1024 name=ff_bias1_9 grad=6effea93 grad_elems=6144 param_elems=6144 energy=0x1.fep-18 finite=1
ATTR_NAMED_GRAD block=1024 name=ff_bias2_9 grad=ec55a887 grad_elems=1024 param_elems=1024 energy=0x1.92p-11 finite=1
ATTR_NAMED_GRAD block=1024 name=w_o_9 grad=82279493 grad_elems=1048576 param_elems=1048576 energy=0x1.5ap-8 finite=1
ATTR_NAMED_GRAD block=1024 name=w_r_9 grad=b9449a07 grad_elems=327680 param_elems=327680 energy=0x1.46p-28 finite=1
ATTR_NAMED_GRAD block=1024 name=w_kv_9 grad=d03a2056 grad_elems=2097152 param_elems=2097152 energy=0x1.1ap-7 finite=1
ATTR_NAMED_GRAD block=1024 name=w_q_9 grad=6364d28e grad_elems=1048576 param_elems=1048576 energy=0x1.7cp-16 finite=1
ATTR_NAMED_GRAD block=1024 name=ln_g_18 grad=48df9e84 grad_elems=1024 param_elems=1024 energy=0x1.26p-26 finite=1
ATTR_NAMED_GRAD block=1024 name=ln_b_18 grad=a097e221 grad_elems=1024 param_elems=1024 energy=0x1.1p-22 finite=1
ATTR_NAMED_GRAD block=1024 name=ff2_8 grad=79ad4cad grad_elems=3145728 param_elems=3145728 energy=0x1.1ap-7 finite=1
ATTR_NAMED_GRAD block=1024 name=ff1_8 grad=80169434 grad_elems=6291456 param_elems=6291456 energy=0x1.66p-8 finite=1
ATTR_NAMED_GRAD block=1024 name=ln_g_17 grad=685f79cb grad_elems=1024 param_elems=1024 energy=0x1.5ep-20 finite=1
ATTR_NAMED_GRAD block=1024 name=ln_b_17 grad=c72a668d grad_elems=1024 param_elems=1024 energy=0x1.ccp-20 finite=1
ATTR_NAMED_GRAD block=1024 name=ff_bias1_8 grad=b41685d0 grad_elems=6144 param_elems=6144 energy=0x1.eap-18 finite=1
ATTR_NAMED_GRAD block=1024 name=ff_bias2_8 grad=1297a2be grad_elems=1024 param_elems=1024 energy=0x1.ap-11 finite=1
ATTR_NAMED_GRAD block=1024 name=w_o_8 grad=8f5e8d7d grad_elems=1048576 param_elems=1048576 energy=0x1p-8 finite=1
ATTR_NAMED_GRAD block=1024 name=w_r_8 grad=918f9f3a grad_elems=327680 param_elems=327680 energy=0x1.54p-28 finite=1
ATTR_NAMED_GRAD block=1024 name=w_kv_8 grad=ada97ee8 grad_elems=2097152 param_elems=2097152 energy=0x1.bap-8 finite=1
ATTR_NAMED_GRAD block=1024 name=w_q_8 grad=4ca19cd5 grad_elems=1048576 param_elems=1048576 energy=0x1.72p-16 finite=1
ATTR_NAMED_GRAD block=1024 name=ln_g_16 grad=be5e5251 grad_elems=1024 param_elems=1024 energy=0x1.0cp-26 finite=1
ATTR_NAMED_GRAD block=1024 name=ln_b_16 grad=5c176556 grad_elems=1024 param_elems=1024 energy=0x1.fcp-23 finite=1
ATTR_NAMED_GRAD block=1024 name=ff2_7 grad=077878f0 grad_elems=3145728 param_elems=3145728 energy=0x1.1ep-7 finite=1
ATTR_NAMED_GRAD block=1024 name=ff1_7 grad=a760ef04 grad_elems=6291456 param_elems=6291456 energy=0x1.6ap-8 finite=1
ATTR_NAMED_GRAD block=1024 name=ln_g_15 grad=51ae3fd5 grad_elems=1024 param_elems=1024 energy=0x1.8ap-20 finite=1
ATTR_NAMED_GRAD block=1024 name=ln_b_15 grad=991bb887 grad_elems=1024 param_elems=1024 energy=0x1.eap-20 finite=1
ATTR_NAMED_GRAD block=1024 name=ff_bias1_7 grad=ed4881bc grad_elems=6144 param_elems=6144 energy=0x1.f4p-18 finite=1
ATTR_NAMED_GRAD block=1024 name=ff_bias2_7 grad=4e7d96f5 grad_elems=1024 param_elems=1024 energy=0x1.aep-11 finite=1
ATTR_NAMED_GRAD block=1024 name=w_o_7 grad=cc78dcee grad_elems=1048576 param_elems=1048576 energy=0x1.a6p-9 finite=1
ATTR_NAMED_GRAD block=1024 name=w_r_7 grad=c1794905 grad_elems=327680 param_elems=327680 energy=0x1.64p-28 finite=1
ATTR_NAMED_GRAD block=1024 name=w_kv_7 grad=614b8cd4 grad_elems=2097152 param_elems=2097152 energy=0x1.64p-8 finite=1
ATTR_NAMED_GRAD block=1024 name=w_q_7 grad=b4f3e80e grad_elems=1048576 param_elems=1048576 energy=0x1.86p-16 finite=1
ATTR_NAMED_GRAD block=1024 name=ln_g_14 grad=8ba6c184 grad_elems=1024 param_elems=1024 energy=0x1.d2p-27 finite=1
ATTR_NAMED_GRAD block=1024 name=ln_b_14 grad=e020a13c grad_elems=1024 param_elems=1024 energy=0x1.1ep-22 finite=1
ATTR_NAMED_GRAD block=1024 name=ff2_6 grad=cac687f4 grad_elems=3145728 param_elems=3145728 energy=0x1.24p-7 finite=1
ATTR_NAMED_GRAD block=1024 name=ff1_6 grad=8b7dedd5 grad_elems=6291456 param_elems=6291456 energy=0x1.7p-8 finite=1
ATTR_NAMED_GRAD block=1024 name=ln_g_13 grad=57c56189 grad_elems=1024 param_elems=1024 energy=0x1.88p-20 finite=1
ATTR_NAMED_GRAD block=1024 name=ln_b_13 grad=f57cc6c4 grad_elems=1024 param_elems=1024 energy=0x1.b2p-20 finite=1
ATTR_NAMED_GRAD block=1024 name=ff_bias1_6 grad=3e1e7974 grad_elems=6144 param_elems=6144 energy=0x1.ep-18 finite=1
ATTR_NAMED_GRAD block=1024 name=ff_bias2_6 grad=54bf9096 grad_elems=1024 param_elems=1024 energy=0x1.cp-11 finite=1
ATTR_NAMED_GRAD block=1024 name=w_o_6 grad=8a2a9fca grad_elems=1048576 param_elems=1048576 energy=0x1.5p-9 finite=1
ATTR_NAMED_GRAD block=1024 name=w_r_6 grad=ea674e05 grad_elems=327680 param_elems=327680 energy=0x1.78p-28 finite=1
ATTR_NAMED_GRAD block=1024 name=w_kv_6 grad=7c7d4d72 grad_elems=2097152 param_elems=2097152 energy=0x1.22p-8 finite=1
ATTR_NAMED_GRAD block=1024 name=w_q_6 grad=053f01b3 grad_elems=1048576 param_elems=1048576 energy=0x1.84p-16 finite=1
ATTR_NAMED_GRAD block=1024 name=ln_g_12 grad=1ef1a2d3 grad_elems=1024 param_elems=1024 energy=0x1.c4p-27 finite=1
ATTR_NAMED_GRAD block=1024 name=ln_b_12 grad=ceb640ae grad_elems=1024 param_elems=1024 energy=0x1.2p-22 finite=1
ATTR_NAMED_GRAD block=1024 name=ff2_5 grad=cdf1b5aa grad_elems=3145728 param_elems=3145728 energy=0x1.28p-7 finite=1
ATTR_NAMED_GRAD block=1024 name=ff1_5 grad=01a86b7d grad_elems=6291456 param_elems=6291456 energy=0x1.74p-8 finite=1
ATTR_NAMED_GRAD block=1024 name=ln_g_11 grad=546e582f grad_elems=1024 param_elems=1024 energy=0x1.b2p-20 finite=1
ATTR_NAMED_GRAD block=1024 name=ln_b_11 grad=d02322e3 grad_elems=1024 param_elems=1024 energy=0x1.b2p-20 finite=1
ATTR_NAMED_GRAD block=1024 name=ff_bias1_5 grad=6219252b grad_elems=6144 param_elems=6144 energy=0x1.ecp-18 finite=1
ATTR_NAMED_GRAD block=1024 name=ff_bias2_5 grad=b0c7beb0 grad_elems=1024 param_elems=1024 energy=0x1.ccp-11 finite=1
ATTR_NAMED_GRAD block=1024 name=w_o_5 grad=0be85b9b grad_elems=1048576 param_elems=1048576 energy=0x1.26p-9 finite=1
ATTR_NAMED_GRAD block=1024 name=w_r_5 grad=41d092fc grad_elems=327680 param_elems=327680 energy=0x1.84p-28 finite=1
ATTR_NAMED_GRAD block=1024 name=w_kv_5 grad=35cf97cd grad_elems=2097152 param_elems=2097152 energy=0x1.e2p-9 finite=1
ATTR_NAMED_GRAD block=1024 name=w_q_5 grad=ef2b2d9d grad_elems=1048576 param_elems=1048576 energy=0x1.7ap-16 finite=1
ATTR_NAMED_GRAD block=1024 name=ln_g_10 grad=ac1f369b grad_elems=1024 param_elems=1024 energy=0x1.a8p-27 finite=1
ATTR_NAMED_GRAD block=1024 name=ln_b_10 grad=ec4f8df6 grad_elems=1024 param_elems=1024 energy=0x1.3ep-22 finite=1
ATTR_NAMED_GRAD block=1024 name=ff2_4 grad=0de2900d grad_elems=3145728 param_elems=3145728 energy=0x1.32p-7 finite=1
ATTR_NAMED_GRAD block=1024 name=ff1_4 grad=59831ec3 grad_elems=6291456 param_elems=6291456 energy=0x1.7cp-8 finite=1
ATTR_NAMED_GRAD block=1024 name=ln_g_9 grad=9ac8dc39 grad_elems=1024 param_elems=1024 energy=0x1.96p-20 finite=1
ATTR_NAMED_GRAD block=1024 name=ln_b_9 grad=de7aa57e grad_elems=1024 param_elems=1024 energy=0x1.dcp-20 finite=1
ATTR_NAMED_GRAD block=1024 name=ff_bias1_4 grad=74588ef9 grad_elems=6144 param_elems=6144 energy=0x1.f6p-18 finite=1
ATTR_NAMED_GRAD block=1024 name=ff_bias2_4 grad=73429f7d grad_elems=1024 param_elems=1024 energy=0x1.dep-11 finite=1
ATTR_NAMED_GRAD block=1024 name=w_o_4 grad=ef1d9b11 grad_elems=1048576 param_elems=1048576 energy=0x1.cap-10 finite=1
ATTR_NAMED_GRAD block=1024 name=w_r_4 grad=b35e062a grad_elems=327680 param_elems=327680 energy=0x1.9cp-28 finite=1
ATTR_NAMED_GRAD block=1024 name=w_kv_4 grad=4e659c6e grad_elems=2097152 param_elems=2097152 energy=0x1.6ep-9 finite=1
ATTR_NAMED_GRAD block=1024 name=w_q_4 grad=b4e4c90c grad_elems=1048576 param_elems=1048576 energy=0x1.d4p-16 finite=1
ATTR_NAMED_GRAD block=1024 name=ln_g_8 grad=c5c0093a grad_elems=1024 param_elems=1024 energy=0x1.a6p-27 finite=1
ATTR_NAMED_GRAD block=1024 name=ln_b_8 grad=64695bb8 grad_elems=1024 param_elems=1024 energy=0x1.2p-22 finite=1
ATTR_NAMED_GRAD block=1024 name=ff2_3 grad=9a3013a0 grad_elems=3145728 param_elems=3145728 energy=0x1.42p-7 finite=1
ATTR_NAMED_GRAD block=1024 name=ff1_3 grad=03c3cd90 grad_elems=6291456 param_elems=6291456 energy=0x1.88p-8 finite=1
ATTR_NAMED_GRAD block=1024 name=ln_g_7 grad=844bc36f grad_elems=1024 param_elems=1024 energy=0x1.8ep-20 finite=1
ATTR_NAMED_GRAD block=1024 name=ln_b_7 grad=1b2c1570 grad_elems=1024 param_elems=1024 energy=0x1.fp-20 finite=1
ATTR_NAMED_GRAD block=1024 name=ff_bias1_3 grad=266dfc8b grad_elems=6144 param_elems=6144 energy=0x1p-17 finite=1
ATTR_NAMED_GRAD block=1024 name=ff_bias2_3 grad=263a702e grad_elems=1024 param_elems=1024 energy=0x1.eep-11 finite=1
ATTR_NAMED_GRAD block=1024 name=w_o_3 grad=af652a2e grad_elems=1048576 param_elems=1048576 energy=0x1.6ep-10 finite=1
ATTR_NAMED_GRAD block=1024 name=w_r_3 grad=0c41ca48 grad_elems=327680 param_elems=327680 energy=0x1.bep-28 finite=1
ATTR_NAMED_GRAD block=1024 name=w_kv_3 grad=4e6feee0 grad_elems=2097152 param_elems=2097152 energy=0x1.12p-9 finite=1
ATTR_NAMED_GRAD block=1024 name=w_q_3 grad=736cb75f grad_elems=1048576 param_elems=1048576 energy=0x1.dep-16 finite=1
ATTR_NAMED_GRAD block=1024 name=ln_g_6 grad=5afe33cd grad_elems=1024 param_elems=1024 energy=0x1.92p-27 finite=1
ATTR_NAMED_GRAD block=1024 name=ln_b_6 grad=bb5ade4c grad_elems=1024 param_elems=1024 energy=0x1.0ep-22 finite=1
ATTR_NAMED_GRAD block=1024 name=ff2_2 grad=ed6cab69 grad_elems=3145728 param_elems=3145728 energy=0x1.44p-7 finite=1
ATTR_NAMED_GRAD block=1024 name=ff1_2 grad=3f7f3c21 grad_elems=6291456 param_elems=6291456 energy=0x1.9p-8 finite=1
ATTR_NAMED_GRAD block=1024 name=ln_g_5 grad=c3b59687 grad_elems=1024 param_elems=1024 energy=0x1.9p-20 finite=1
ATTR_NAMED_GRAD block=1024 name=ln_b_5 grad=e87a41aa grad_elems=1024 param_elems=1024 energy=0x1.d2p-20 finite=1
ATTR_NAMED_GRAD block=1024 name=ff_bias1_2 grad=99c30303 grad_elems=6144 param_elems=6144 energy=0x1.02p-17 finite=1
ATTR_NAMED_GRAD block=1024 name=ff_bias2_2 grad=1d65d7f5 grad_elems=1024 param_elems=1024 energy=0x1.fcp-11 finite=1
ATTR_NAMED_GRAD block=1024 name=w_o_2 grad=2122ff66 grad_elems=1048576 param_elems=1048576 energy=0x1.24p-10 finite=1
ATTR_NAMED_GRAD block=1024 name=w_r_2 grad=e38f49cd grad_elems=327680 param_elems=327680 energy=0x1.bap-28 finite=1
ATTR_NAMED_GRAD block=1024 name=w_kv_2 grad=f2bcdbfe grad_elems=2097152 param_elems=2097152 energy=0x1.c6p-10 finite=1
ATTR_NAMED_GRAD block=1024 name=w_q_2 grad=061e667e grad_elems=1048576 param_elems=1048576 energy=0x1.c8p-16 finite=1
ATTR_NAMED_GRAD block=1024 name=ln_g_4 grad=ddb8cfd5 grad_elems=1024 param_elems=1024 energy=0x1.84p-27 finite=1
ATTR_NAMED_GRAD block=1024 name=ln_b_4 grad=5f9c9583 grad_elems=1024 param_elems=1024 energy=0x1.0ap-22 finite=1
ATTR_NAMED_GRAD block=1024 name=ff2_1 grad=5d7a652a grad_elems=3145728 param_elems=3145728 energy=0x1.5p-7 finite=1
ATTR_NAMED_GRAD block=1024 name=ff1_1 grad=7b3b1ecf grad_elems=6291456 param_elems=6291456 energy=0x1.9ap-8 finite=1
ATTR_NAMED_GRAD block=1024 name=ln_g_3 grad=9399a22d grad_elems=1024 param_elems=1024 energy=0x1.e4p-20 finite=1
ATTR_NAMED_GRAD block=1024 name=ln_b_3 grad=786a58f1 grad_elems=1024 param_elems=1024 energy=0x1.e6p-20 finite=1
ATTR_NAMED_GRAD block=1024 name=ff_bias1_1 grad=debb4738 grad_elems=6144 param_elems=6144 energy=0x1.fep-18 finite=1
ATTR_NAMED_GRAD block=1024 name=ff_bias2_1 grad=482d1f98 grad_elems=1024 param_elems=1024 energy=0x1.04p-10 finite=1
ATTR_NAMED_GRAD block=1024 name=w_o_1 grad=2e179dc0 grad_elems=1048576 param_elems=1048576 energy=0x1.14p-10 finite=1
ATTR_NAMED_GRAD block=1024 name=w_r_1 grad=c6daee19 grad_elems=327680 param_elems=327680 energy=0x1p-27 finite=1
ATTR_NAMED_GRAD block=1024 name=w_kv_1 grad=f9c3019c grad_elems=2097152 param_elems=2097152 energy=0x1.76p-10 finite=1
ATTR_NAMED_GRAD block=1024 name=w_q_1 grad=feeddfe0 grad_elems=1048576 param_elems=1048576 energy=0x1.f6p-15 finite=1
ATTR_NAMED_GRAD block=1024 name=ln_g_2 grad=b87128d1 grad_elems=1024 param_elems=1024 energy=0x1.a2p-26 finite=1
ATTR_NAMED_GRAD block=1024 name=ln_b_2 grad=c8c56e4c grad_elems=1024 param_elems=1024 energy=0x1.12p-22 finite=1
ATTR_NAMED_GRAD block=1024 name=ff2_0 grad=bc4b6e16 grad_elems=3145728 param_elems=3145728 energy=0x1.4cp-7 finite=1
ATTR_NAMED_GRAD block=1024 name=ff1_0 grad=bb030256 grad_elems=6291456 param_elems=6291456 energy=0x1.a6p-8 finite=1
ATTR_NAMED_GRAD block=1024 name=ln_g_1 grad=09e01f76 grad_elems=1024 param_elems=1024 energy=0x1.dp-20 finite=1
ATTR_NAMED_GRAD block=1024 name=ln_b_1 grad=f2acf8c7 grad_elems=1024 param_elems=1024 energy=0x1.dep-20 finite=1
ATTR_NAMED_GRAD block=1024 name=ff_bias1_0 grad=b1f7cb42 grad_elems=6144 param_elems=6144 energy=0x1.08p-17 finite=1
ATTR_NAMED_GRAD block=1024 name=ff_bias2_0 grad=06e3932d grad_elems=1024 param_elems=1024 energy=0x1.0ap-10 finite=1
ATTR_NAMED_GRAD block=1024 name=w_o_0 grad=8b22025f grad_elems=1048576 param_elems=1048576 energy=0x1.d6p-11 finite=1
ATTR_NAMED_GRAD block=1024 name=w_r_0 grad=73358aca grad_elems=327680 param_elems=327680 energy=0x1.ecp-28 finite=1
ATTR_NAMED_GRAD block=1024 name=b_r_0 grad=e9639a83 grad_elems=2560 param_elems=2560 energy=0x1.f6p-9 finite=1
ATTR_NAMED_GRAD block=1024 name=w_kv_0 grad=e1e6d55a grad_elems=2097152 param_elems=2097152 energy=0x1.4ap-10 finite=1
ATTR_NAMED_GRAD block=1024 name=w_q_0 grad=cacbbe8a grad_elems=1048576 param_elems=1048576 energy=0x1.32p-15 finite=1
ATTR_NAMED_GRAD block=1024 name=ln_g_0 grad=5d80a6bd grad_elems=1024 param_elems=1024 energy=0x1.d2p-27 finite=1
ATTR_NAMED_GRAD block=1024 name=ln_b_0 grad=252f0368 grad_elems=1024 param_elems=1024 energy=0x1.34p-22 finite=1
ATTR_NAMED_GRAD block=1024 name=embed grad=42f5a4ae grad_elems=16785408 param_elems=16785408 energy=0x1.a519d6p-3 finite=1
ATTR_NAMED_GRAD block=1024 name=ln_g_40 grad=8af009f4 grad_elems=1024 param_elems=1024 energy=0x1.9p-10 finite=1
ATTR_NAMED_GRAD block=1024 name=ln_b_40 grad=45fc6e9e grad_elems=1024 param_elems=1024 energy=0x1.c2p-10 finite=1
ATTR_NAMED_GRAD block=1024 name=out_bias grad=f8e0a637 grad_elems=16392 param_elems=16392 energy=0x1.4ap-9 finite=1
ATTR_HEAD arm=1 block=1024 weight=c796189a bias=c32c8835
ATTR_STATE arm=1 block=1024 step=34 params=440f0761 memory=29c4bc1f
ATTR_NAMED_GRAD block=1088 name=embed_out grad=0c68a043 grad_elems=16785408 param_elems=16785408 energy=0x1.64p+0 finite=1
ATTR_NAMED_GRAD block=1088 name=ff2_19 grad=aaf2d02e grad_elems=3145728 param_elems=3145728 energy=0x1.42p-8 finite=1
ATTR_NAMED_GRAD block=1088 name=ff1_19 grad=796bb178 grad_elems=6291456 param_elems=6291456 energy=0x1.08p-8 finite=1
ATTR_NAMED_GRAD block=1088 name=ln_g_39 grad=13f08cea grad_elems=1024 param_elems=1024 energy=0x1.e4p-21 finite=1
ATTR_NAMED_GRAD block=1088 name=ln_b_39 grad=c2f0420e grad_elems=1024 param_elems=1024 energy=0x1.42p-20 finite=1
ATTR_NAMED_GRAD block=1088 name=ff_bias1_19 grad=0c8d0c45 grad_elems=6144 param_elems=6144 energy=0x1.4ep-18 finite=1
ATTR_NAMED_GRAD block=1088 name=ff_bias2_19 grad=1dd8d864 grad_elems=1024 param_elems=1024 energy=0x1.06p-12 finite=1
ATTR_NAMED_GRAD block=1088 name=w_o_19 grad=a61860df grad_elems=1048576 param_elems=1048576 energy=0x1.fcp-6 finite=1
ATTR_NAMED_GRAD block=1088 name=w_r_19 grad=1f9ce079 grad_elems=327680 param_elems=327680 energy=0x1.d2p-27 finite=1
ATTR_NAMED_GRAD block=1088 name=w_kv_19 grad=38cf0644 grad_elems=2097152 param_elems=2097152 energy=0x1.2ap-5 finite=1
ATTR_NAMED_GRAD block=1088 name=w_q_19 grad=32f16eb5 grad_elems=1048576 param_elems=1048576 energy=0x1.2ap-12 finite=1
ATTR_NAMED_GRAD block=1088 name=ln_g_38 grad=183889fd grad_elems=1024 param_elems=1024 energy=0x1.b8p-23 finite=1
ATTR_NAMED_GRAD block=1088 name=ln_b_38 grad=e310f38c grad_elems=1024 param_elems=1024 energy=0x1.4p-21 finite=1
ATTR_NAMED_GRAD block=1088 name=ff2_18 grad=55d2634d grad_elems=3145728 param_elems=3145728 energy=0x1.96p-8 finite=1
ATTR_NAMED_GRAD block=1088 name=ff1_18 grad=96fa1903 grad_elems=6291456 param_elems=6291456 energy=0x1.18p-8 finite=1
ATTR_NAMED_GRAD block=1088 name=ln_g_37 grad=3d645fac grad_elems=1024 param_elems=1024 energy=0x1.1p-20 finite=1
ATTR_NAMED_GRAD block=1088 name=ln_b_37 grad=9b25986a grad_elems=1024 param_elems=1024 energy=0x1.48p-20 finite=1
ATTR_NAMED_GRAD block=1088 name=ff_bias1_18 grad=ebbafb62 grad_elems=6144 param_elems=6144 energy=0x1.5cp-18 finite=1
ATTR_NAMED_GRAD block=1088 name=ff_bias2_18 grad=8e28f3f3 grad_elems=1024 param_elems=1024 energy=0x1.08p-12 finite=1
ATTR_NAMED_GRAD block=1088 name=w_o_18 grad=14403d14 grad_elems=1048576 param_elems=1048576 energy=0x1.4ep-6 finite=1
ATTR_NAMED_GRAD block=1088 name=w_r_18 grad=7d79accb grad_elems=327680 param_elems=327680 energy=0x1.c4p-27 finite=1
ATTR_NAMED_GRAD block=1088 name=w_kv_18 grad=6ef12e63 grad_elems=2097152 param_elems=2097152 energy=0x1.a6p-6 finite=1
ATTR_NAMED_GRAD block=1088 name=w_q_18 grad=7fd0744e grad_elems=1048576 param_elems=1048576 energy=0x1.06p-11 finite=1
ATTR_NAMED_GRAD block=1088 name=ln_g_36 grad=42d4f3fd grad_elems=1024 param_elems=1024 energy=0x1p-21 finite=1
ATTR_NAMED_GRAD block=1088 name=ln_b_36 grad=eb9cb266 grad_elems=1024 param_elems=1024 energy=0x1.38p-20 finite=1
ATTR_NAMED_GRAD block=1088 name=ff2_17 grad=150acd5e grad_elems=3145728 param_elems=3145728 energy=0x1.c8p-8 finite=1
ATTR_NAMED_GRAD block=1088 name=ff1_17 grad=2eacf0d6 grad_elems=6291456 param_elems=6291456 energy=0x1.28p-8 finite=1
ATTR_NAMED_GRAD block=1088 name=ln_g_35 grad=37bae45c grad_elems=1024 param_elems=1024 energy=0x1.0ep-20 finite=1
ATTR_NAMED_GRAD block=1088 name=ln_b_35 grad=86e5491e grad_elems=1024 param_elems=1024 energy=0x1.3cp-20 finite=1
ATTR_NAMED_GRAD block=1088 name=ff_bias1_17 grad=3af280b6 grad_elems=6144 param_elems=6144 energy=0x1.5ap-18 finite=1
ATTR_NAMED_GRAD block=1088 name=ff_bias2_17 grad=de776da5 grad_elems=1024 param_elems=1024 energy=0x1.04p-12 finite=1
ATTR_NAMED_GRAD block=1088 name=w_o_17 grad=7af6b574 grad_elems=1048576 param_elems=1048576 energy=0x1.acp-7 finite=1
ATTR_NAMED_GRAD block=1088 name=w_r_17 grad=0a2989e7 grad_elems=327680 param_elems=327680 energy=0x1.d6p-27 finite=1
ATTR_NAMED_GRAD block=1088 name=w_kv_17 grad=0c3f6cca grad_elems=2097152 param_elems=2097152 energy=0x1.0ep-6 finite=1
ATTR_NAMED_GRAD block=1088 name=w_q_17 grad=4dd8f00b grad_elems=1048576 param_elems=1048576 energy=0x1.e4p-12 finite=1
ATTR_NAMED_GRAD block=1088 name=ln_g_34 grad=cfb7bb81 grad_elems=1024 param_elems=1024 energy=0x1.16p-21 finite=1
ATTR_NAMED_GRAD block=1088 name=ln_b_34 grad=73851703 grad_elems=1024 param_elems=1024 energy=0x1.cep-20 finite=1
ATTR_NAMED_GRAD block=1088 name=ff2_16 grad=61989542 grad_elems=3145728 param_elems=3145728 energy=0x1.cep-8 finite=1
ATTR_NAMED_GRAD block=1088 name=ff1_16 grad=d8765cb0 grad_elems=6291456 param_elems=6291456 energy=0x1.2ep-8 finite=1
ATTR_NAMED_GRAD block=1088 name=ln_g_33 grad=04f6a90c grad_elems=1024 param_elems=1024 energy=0x1.0ep-20 finite=1
ATTR_NAMED_GRAD block=1088 name=ln_b_33 grad=9d855ac7 grad_elems=1024 param_elems=1024 energy=0x1.4ap-20 finite=1
ATTR_NAMED_GRAD block=1088 name=ff_bias1_16 grad=88cd71f8 grad_elems=6144 param_elems=6144 energy=0x1.68p-18 finite=1
ATTR_NAMED_GRAD block=1088 name=ff_bias2_16 grad=18b0a386 grad_elems=1024 param_elems=1024 energy=0x1.fap-13 finite=1
ATTR_NAMED_GRAD block=1088 name=w_o_16 grad=ee70ec42 grad_elems=1048576 param_elems=1048576 energy=0x1.3ap-7 finite=1
ATTR_NAMED_GRAD block=1088 name=w_r_16 grad=ea19dfc5 grad_elems=327680 param_elems=327680 energy=0x1.b8p-28 finite=1
ATTR_NAMED_GRAD block=1088 name=w_kv_16 grad=84b56c6c grad_elems=2097152 param_elems=2097152 energy=0x1.cep-7 finite=1
ATTR_NAMED_GRAD block=1088 name=w_q_16 grad=6bdaf696 grad_elems=1048576 param_elems=1048576 energy=0x1.5ep-13 finite=1
ATTR_NAMED_GRAD block=1088 name=ln_g_32 grad=c7a3341d grad_elems=1024 param_elems=1024 energy=0x1.4ap-23 finite=1
ATTR_NAMED_GRAD block=1088 name=ln_b_32 grad=dc26224a grad_elems=1024 param_elems=1024 energy=0x1.ccp-22 finite=1
ATTR_NAMED_GRAD block=1088 name=ff2_15 grad=4d030507 grad_elems=3145728 param_elems=3145728 energy=0x1.d6p-8 finite=1
ATTR_NAMED_GRAD block=1088 name=ff1_15 grad=944b4070 grad_elems=6291456 param_elems=6291456 energy=0x1.2ap-8 finite=1
ATTR_NAMED_GRAD block=1088 name=ln_g_31 grad=c587442b grad_elems=1024 param_elems=1024 energy=0x1.26p-20 finite=1
ATTR_NAMED_GRAD block=1088 name=ln_b_31 grad=df3b2682 grad_elems=1024 param_elems=1024 energy=0x1.48p-20 finite=1
ATTR_NAMED_GRAD block=1088 name=ff_bias1_15 grad=54ce9c21 grad_elems=6144 param_elems=6144 energy=0x1.62p-18 finite=1
ATTR_NAMED_GRAD block=1088 name=ff_bias2_15 grad=6aeede9f grad_elems=1024 param_elems=1024 energy=0x1.02p-12 finite=1
ATTR_NAMED_GRAD block=1088 name=w_o_15 grad=704a6e43 grad_elems=1048576 param_elems=1048576 energy=0x1.08p-7 finite=1
ATTR_NAMED_GRAD block=1088 name=w_r_15 grad=2ad33359 grad_elems=327680 param_elems=327680 energy=0x1.94p-28 finite=1
ATTR_NAMED_GRAD block=1088 name=w_kv_15 grad=e1a6eb43 grad_elems=2097152 param_elems=2097152 energy=0x1.6p-7 finite=1
ATTR_NAMED_GRAD block=1088 name=w_q_15 grad=539be73f grad_elems=1048576 param_elems=1048576 energy=0x1.ccp-15 finite=1
ATTR_NAMED_GRAD block=1088 name=ln_g_30 grad=f4b41588 grad_elems=1024 param_elems=1024 energy=0x1.6ap-25 finite=1
ATTR_NAMED_GRAD block=1088 name=ln_b_30 grad=685f76db grad_elems=1024 param_elems=1024 energy=0x1.02p-23 finite=1
ATTR_NAMED_GRAD block=1088 name=ff2_14 grad=fafef3a2 grad_elems=3145728 param_elems=3145728 energy=0x1.dep-8 finite=1
ATTR_NAMED_GRAD block=1088 name=ff1_14 grad=2e9001ba grad_elems=6291456 param_elems=6291456 energy=0x1.2ep-8 finite=1
ATTR_NAMED_GRAD block=1088 name=ln_g_29 grad=9aba57c7 grad_elems=1024 param_elems=1024 energy=0x1.14p-20 finite=1
ATTR_NAMED_GRAD block=1088 name=ln_b_29 grad=764a97fa grad_elems=1024 param_elems=1024 energy=0x1.3ap-20 finite=1
ATTR_NAMED_GRAD block=1088 name=ff_bias1_14 grad=6bb76942 grad_elems=6144 param_elems=6144 energy=0x1.6p-18 finite=1
ATTR_NAMED_GRAD block=1088 name=ff_bias2_14 grad=dbb6195a grad_elems=1024 param_elems=1024 energy=0x1.08p-12 finite=1
ATTR_NAMED_GRAD block=1088 name=w_o_14 grad=f7ece2f6 grad_elems=1048576 param_elems=1048576 energy=0x1.cep-8 finite=1
ATTR_NAMED_GRAD block=1088 name=w_r_14 grad=c2488136 grad_elems=327680 param_elems=327680 energy=0x1.4p-28 finite=1
ATTR_NAMED_GRAD block=1088 name=w_kv_14 grad=21a7824c grad_elems=2097152 param_elems=2097152 energy=0x1.32p-7 finite=1
ATTR_NAMED_GRAD block=1088 name=w_q_14 grad=928ef8ba grad_elems=1048576 param_elems=1048576 energy=0x1.68p-15 finite=1
ATTR_NAMED_GRAD block=1088 name=ln_g_28 grad=27036898 grad_elems=1024 param_elems=1024 energy=0x1.b4p-26 finite=1
ATTR_NAMED_GRAD block=1088 name=ln_b_28 grad=1ccb199e grad_elems=1024 param_elems=1024 energy=0x1.82p-24 finite=1
ATTR_NAMED_GRAD block=1088 name=ff2_13 grad=5a92ccbc grad_elems=3145728 param_elems=3145728 energy=0x1.d8p-8 finite=1
ATTR_NAMED_GRAD block=1088 name=ff1_13 grad=c304511b grad_elems=6291456 param_elems=6291456 energy=0x1.3p-8 finite=1
ATTR_NAMED_GRAD block=1088 name=ln_g_27 grad=20e100bb grad_elems=1024 param_elems=1024 energy=0x1.16p-20 finite=1
ATTR_NAMED_GRAD block=1088 name=ln_b_27 grad=64e3396c grad_elems=1024 param_elems=1024 energy=0x1.46p-20 finite=1
ATTR_NAMED_GRAD block=1088 name=ff_bias1_13 grad=e0f820e9 grad_elems=6144 param_elems=6144 energy=0x1.62p-18 finite=1
ATTR_NAMED_GRAD block=1088 name=ff_bias2_13 grad=fc894a94 grad_elems=1024 param_elems=1024 energy=0x1.12p-12 finite=1
ATTR_NAMED_GRAD block=1088 name=w_o_13 grad=f7fb9b81 grad_elems=1048576 param_elems=1048576 energy=0x1.94p-8 finite=1
ATTR_NAMED_GRAD block=1088 name=w_r_13 grad=1c5f8212 grad_elems=327680 param_elems=327680 energy=0x1.1cp-28 finite=1
ATTR_NAMED_GRAD block=1088 name=w_kv_13 grad=f3c1c44c grad_elems=2097152 param_elems=2097152 energy=0x1.08p-7 finite=1
ATTR_NAMED_GRAD block=1088 name=w_q_13 grad=f8a5608b grad_elems=1048576 param_elems=1048576 energy=0x1.1p-15 finite=1
ATTR_NAMED_GRAD block=1088 name=ln_g_26 grad=7a009ce0 grad_elems=1024 param_elems=1024 energy=0x1.8cp-26 finite=1
ATTR_NAMED_GRAD block=1088 name=ln_b_26 grad=e7d1a8bc grad_elems=1024 param_elems=1024 energy=0x1.5ep-24 finite=1
ATTR_NAMED_GRAD block=1088 name=ff2_12 grad=d43f1ab9 grad_elems=3145728 param_elems=3145728 energy=0x1.e2p-8 finite=1
ATTR_NAMED_GRAD block=1088 name=ff1_12 grad=d85fd274 grad_elems=6291456 param_elems=6291456 energy=0x1.38p-8 finite=1
ATTR_NAMED_GRAD block=1088 name=ln_g_25 grad=4bd371c9 grad_elems=1024 param_elems=1024 energy=0x1.2p-20 finite=1
ATTR_NAMED_GRAD block=1088 name=ln_b_25 grad=b2cbc762 grad_elems=1024 param_elems=1024 energy=0x1.4ep-20 finite=1
ATTR_NAMED_GRAD block=1088 name=ff_bias1_12 grad=39385c80 grad_elems=6144 param_elems=6144 energy=0x1.6cp-18 finite=1
ATTR_NAMED_GRAD block=1088 name=ff_bias2_12 grad=6536aca2 grad_elems=1024 param_elems=1024 energy=0x1.1ep-12 finite=1
ATTR_NAMED_GRAD block=1088 name=w_o_12 grad=e1f41d5a grad_elems=1048576 param_elems=1048576 energy=0x1.58p-8 finite=1
ATTR_NAMED_GRAD block=1088 name=w_r_12 grad=5d8eb758 grad_elems=327680 param_elems=327680 energy=0x1.16p-28 finite=1
ATTR_NAMED_GRAD block=1088 name=w_kv_12 grad=8923eacf grad_elems=2097152 param_elems=2097152 energy=0x1.d2p-8 finite=1
ATTR_NAMED_GRAD block=1088 name=w_q_12 grad=c6059912 grad_elems=1048576 param_elems=1048576 energy=0x1.96p-16 finite=1
ATTR_NAMED_GRAD block=1088 name=ln_g_24 grad=6a66b0b5 grad_elems=1024 param_elems=1024 energy=0x1.1cp-26 finite=1
ATTR_NAMED_GRAD block=1088 name=ln_b_24 grad=1fde8550 grad_elems=1024 param_elems=1024 energy=0x1.54p-24 finite=1
ATTR_NAMED_GRAD block=1088 name=ff2_11 grad=39bfbed1 grad_elems=3145728 param_elems=3145728 energy=0x1.ep-8 finite=1
ATTR_NAMED_GRAD block=1088 name=ff1_11 grad=06a31d37 grad_elems=6291456 param_elems=6291456 energy=0x1.3ap-8 finite=1
ATTR_NAMED_GRAD block=1088 name=ln_g_23 grad=92d8ff44 grad_elems=1024 param_elems=1024 energy=0x1.2ap-20 finite=1
ATTR_NAMED_GRAD block=1088 name=ln_b_23 grad=ea6a28ed grad_elems=1024 param_elems=1024 energy=0x1.4ep-20 finite=1
ATTR_NAMED_GRAD block=1088 name=ff_bias1_11 grad=4a1fb2f6 grad_elems=6144 param_elems=6144 energy=0x1.6ep-18 finite=1
ATTR_NAMED_GRAD block=1088 name=ff_bias2_11 grad=0fc9f63f grad_elems=1024 param_elems=1024 energy=0x1.2ap-12 finite=1
ATTR_NAMED_GRAD block=1088 name=w_o_11 grad=634cd05f grad_elems=1048576 param_elems=1048576 energy=0x1.1cp-8 finite=1
ATTR_NAMED_GRAD block=1088 name=w_r_11 grad=a87ae2c7 grad_elems=327680 param_elems=327680 energy=0x1.22p-28 finite=1
ATTR_NAMED_GRAD block=1088 name=w_kv_11 grad=9c87b358 grad_elems=2097152 param_elems=2097152 energy=0x1.98p-8 finite=1
ATTR_NAMED_GRAD block=1088 name=w_q_11 grad=f1032fa7 grad_elems=1048576 param_elems=1048576 energy=0x1.7p-16 finite=1
ATTR_NAMED_GRAD block=1088 name=ln_g_22 grad=7a06e2ef grad_elems=1024 param_elems=1024 energy=0x1.dp-27 finite=1
ATTR_NAMED_GRAD block=1088 name=ln_b_22 grad=b0a6ae6a grad_elems=1024 param_elems=1024 energy=0x1.36p-24 finite=1
ATTR_NAMED_GRAD block=1088 name=ff2_10 grad=5052327c grad_elems=3145728 param_elems=3145728 energy=0x1.fp-8 finite=1
ATTR_NAMED_GRAD block=1088 name=ff1_10 grad=986f9b64 grad_elems=6291456 param_elems=6291456 energy=0x1.42p-8 finite=1
ATTR_NAMED_GRAD block=1088 name=ln_g_21 grad=589cab12 grad_elems=1024 param_elems=1024 energy=0x1.3cp-20 finite=1
ATTR_NAMED_GRAD block=1088 name=ln_b_21 grad=f9006339 grad_elems=1024 param_elems=1024 energy=0x1.8p-20 finite=1
ATTR_NAMED_GRAD block=1088 name=ff_bias1_10 grad=2dfb507d grad_elems=6144 param_elems=6144 energy=0x1.82p-18 finite=1
ATTR_NAMED_GRAD block=1088 name=ff_bias2_10 grad=512c1bff grad_elems=1024 param_elems=1024 energy=0x1.38p-12 finite=1
ATTR_NAMED_GRAD block=1088 name=w_o_10 grad=fbacc044 grad_elems=1048576 param_elems=1048576 energy=0x1.e8p-9 finite=1
ATTR_NAMED_GRAD block=1088 name=w_r_10 grad=839032b9 grad_elems=327680 param_elems=327680 energy=0x1.28p-28 finite=1
ATTR_NAMED_GRAD block=1088 name=w_kv_10 grad=33902577 grad_elems=2097152 param_elems=2097152 energy=0x1.62p-8 finite=1
ATTR_NAMED_GRAD block=1088 name=w_q_10 grad=cf4ecfcf grad_elems=1048576 param_elems=1048576 energy=0x1.5cp-16 finite=1
ATTR_NAMED_GRAD block=1088 name=ln_g_20 grad=84e20f4c grad_elems=1024 param_elems=1024 energy=0x1.8ep-27 finite=1
ATTR_NAMED_GRAD block=1088 name=ln_b_20 grad=3c41a8e8 grad_elems=1024 param_elems=1024 energy=0x1.52p-24 finite=1
ATTR_NAMED_GRAD block=1088 name=ff2_9 grad=2a18a6e5 grad_elems=3145728 param_elems=3145728 energy=0x1.f2p-8 finite=1
ATTR_NAMED_GRAD block=1088 name=ff1_9 grad=9a367661 grad_elems=6291456 param_elems=6291456 energy=0x1.44p-8 finite=1
ATTR_NAMED_GRAD block=1088 name=ln_g_19 grad=a4ea3aa7 grad_elems=1024 param_elems=1024 energy=0x1.62p-20 finite=1
ATTR_NAMED_GRAD block=1088 name=ln_b_19 grad=14203eae grad_elems=1024 param_elems=1024 energy=0x1.68p-20 finite=1
ATTR_NAMED_GRAD block=1088 name=ff_bias1_9 grad=c136232d grad_elems=6144 param_elems=6144 energy=0x1.76p-18 finite=1
ATTR_NAMED_GRAD block=1088 name=ff_bias2_9 grad=e88c8a8e grad_elems=1024 param_elems=1024 energy=0x1.4ap-12 finite=1
ATTR_NAMED_GRAD block=1088 name=w_o_9 grad=73a1bc73 grad_elems=1048576 param_elems=1048576 energy=0x1.ap-9 finite=1
ATTR_NAMED_GRAD block=1088 name=w_r_9 grad=30f46ca8 grad_elems=327680 param_elems=327680 energy=0x1.34p-28 finite=1
ATTR_NAMED_GRAD block=1088 name=w_kv_9 grad=bf8e9209 grad_elems=2097152 param_elems=2097152 energy=0x1.08p-8 finite=1
ATTR_NAMED_GRAD block=1088 name=w_q_9 grad=5ebb2272 grad_elems=1048576 param_elems=1048576 energy=0x1.7ep-16 finite=1
ATTR_NAMED_GRAD block=1088 name=ln_g_18 grad=6ebd1a9f grad_elems=1024 param_elems=1024 energy=0x1.7ap-27 finite=1
ATTR_NAMED_GRAD block=1088 name=ln_b_18 grad=509ba24d grad_elems=1024 param_elems=1024 energy=0x1.38p-24 finite=1
ATTR_NAMED_GRAD block=1088 name=ff2_8 grad=ed7fb7d4 grad_elems=3145728 param_elems=3145728 energy=0x1.02p-7 finite=1
ATTR_NAMED_GRAD block=1088 name=ff1_8 grad=7c9fb7af grad_elems=6291456 param_elems=6291456 energy=0x1.4cp-8 finite=1
ATTR_NAMED_GRAD block=1088 name=ln_g_17 grad=32e21574 grad_elems=1024 param_elems=1024 energy=0x1.3cp-20 finite=1
ATTR_NAMED_GRAD block=1088 name=ln_b_17 grad=1189671b grad_elems=1024 param_elems=1024 energy=0x1.76p-20 finite=1
ATTR_NAMED_GRAD block=1088 name=ff_bias1_8 grad=f431bf70 grad_elems=6144 param_elems=6144 energy=0x1.8ep-18 finite=1
ATTR_NAMED_GRAD block=1088 name=ff_bias2_8 grad=9ab0fd22 grad_elems=1024 param_elems=1024 energy=0x1.58p-12 finite=1
ATTR_NAMED_GRAD block=1088 name=w_o_8 grad=fce110b0 grad_elems=1048576 param_elems=1048576 energy=0x1.4ep-9 finite=1
ATTR_NAMED_GRAD block=1088 name=w_r_8 grad=a4c2e154 grad_elems=327680 param_elems=327680 energy=0x1.42p-28 finite=1
ATTR_NAMED_GRAD block=1088 name=w_kv_8 grad=af11533b grad_elems=2097152 param_elems=2097152 energy=0x1.cep-9 finite=1
ATTR_NAMED_GRAD block=1088 name=w_q_8 grad=8724ff9f grad_elems=1048576 param_elems=1048576 energy=0x1.88p-16 finite=1
ATTR_NAMED_GRAD block=1088 name=ln_g_16 grad=a0833cc2 grad_elems=1024 param_elems=1024 energy=0x1.5p-27 finite=1
ATTR_NAMED_GRAD block=1088 name=ln_b_16 grad=cfbcd16e grad_elems=1024 param_elems=1024 energy=0x1.84p-24 finite=1
ATTR_NAMED_GRAD block=1088 name=ff2_7 grad=6fbf859f grad_elems=3145728 param_elems=3145728 energy=0x1.06p-7 finite=1
ATTR_NAMED_GRAD block=1088 name=ff1_7 grad=a860e6f7 grad_elems=6291456 param_elems=6291456 energy=0x1.54p-8 finite=1
ATTR_NAMED_GRAD block=1088 name=ln_g_15 grad=d833550e grad_elems=1024 param_elems=1024 energy=0x1.72p-20 finite=1
ATTR_NAMED_GRAD block=1088 name=ln_b_15 grad=a6e7be5b grad_elems=1024 param_elems=1024 energy=0x1.7p-20 finite=1
ATTR_NAMED_GRAD block=1088 name=ff_bias1_7 grad=d3d88802 grad_elems=6144 param_elems=6144 energy=0x1.8ep-18 finite=1
ATTR_NAMED_GRAD block=1088 name=ff_bias2_7 grad=b91e0e48 grad_elems=1024 param_elems=1024 energy=0x1.6ap-12 finite=1
ATTR_NAMED_GRAD block=1088 name=w_o_7 grad=9e8c6740 grad_elems=1048576 param_elems=1048576 energy=0x1.1p-9 finite=1
ATTR_NAMED_GRAD block=1088 name=w_r_7 grad=61c4fab7 grad_elems=327680 param_elems=327680 energy=0x1.4ep-28 finite=1
ATTR_NAMED_GRAD block=1088 name=w_kv_7 grad=37157b72 grad_elems=2097152 param_elems=2097152 energy=0x1.7cp-9 finite=1
ATTR_NAMED_GRAD block=1088 name=w_q_7 grad=051431ec grad_elems=1048576 param_elems=1048576 energy=0x1.8cp-16 finite=1
ATTR_NAMED_GRAD block=1088 name=ln_g_14 grad=a8f4b25a grad_elems=1024 param_elems=1024 energy=0x1.8p-27 finite=1
ATTR_NAMED_GRAD block=1088 name=ln_b_14 grad=12b1cecb grad_elems=1024 param_elems=1024 energy=0x1.9ep-24 finite=1
ATTR_NAMED_GRAD block=1088 name=ff2_6 grad=2b43f478 grad_elems=3145728 param_elems=3145728 energy=0x1.0cp-7 finite=1
ATTR_NAMED_GRAD block=1088 name=ff1_6 grad=a8e7568e grad_elems=6291456 param_elems=6291456 energy=0x1.5ap-8 finite=1
ATTR_NAMED_GRAD block=1088 name=ln_g_13 grad=fc7d4e3f grad_elems=1024 param_elems=1024 energy=0x1.54p-20 finite=1
ATTR_NAMED_GRAD block=1088 name=ln_b_13 grad=8ec2eb60 grad_elems=1024 param_elems=1024 energy=0x1.96p-20 finite=1
ATTR_NAMED_GRAD block=1088 name=ff_bias1_6 grad=58227cdb grad_elems=6144 param_elems=6144 energy=0x1.9p-18 finite=1
ATTR_NAMED_GRAD block=1088 name=ff_bias2_6 grad=0745a42d grad_elems=1024 param_elems=1024 energy=0x1.7ap-12 finite=1
ATTR_NAMED_GRAD block=1088 name=w_o_6 grad=56827493 grad_elems=1048576 param_elems=1048576 energy=0x1.bcp-10 finite=1
ATTR_NAMED_GRAD block=1088 name=w_r_6 grad=ebdf1bf5 grad_elems=327680 param_elems=327680 energy=0x1.68p-28 finite=1
ATTR_NAMED_GRAD block=1088 name=w_kv_6 grad=fa47f5cc grad_elems=2097152 param_elems=2097152 energy=0x1.3ep-9 finite=1
ATTR_NAMED_GRAD block=1088 name=w_q_6 grad=97a757b3 grad_elems=1048576 param_elems=1048576 energy=0x1.aap-16 finite=1
ATTR_NAMED_GRAD block=1088 name=ln_g_12 grad=b47be30e grad_elems=1024 param_elems=1024 energy=0x1.86p-27 finite=1
ATTR_NAMED_GRAD block=1088 name=ln_b_12 grad=2a67571b grad_elems=1024 param_elems=1024 energy=0x1.cep-24 finite=1
ATTR_NAMED_GRAD block=1088 name=ff2_5 grad=77ec57b8 grad_elems=3145728 param_elems=3145728 energy=0x1.1p-7 finite=1
ATTR_NAMED_GRAD block=1088 name=ff1_5 grad=80f4154c grad_elems=6291456 param_elems=6291456 energy=0x1.6p-8 finite=1
ATTR_NAMED_GRAD block=1088 name=ln_g_11 grad=a581da20 grad_elems=1024 param_elems=1024 energy=0x1.7p-20 finite=1
ATTR_NAMED_GRAD block=1088 name=ln_b_11 grad=0af1b7d0 grad_elems=1024 param_elems=1024 energy=0x1.7ap-20 finite=1
ATTR_NAMED_GRAD block=1088 name=ff_bias1_5 grad=e5e06015 grad_elems=6144 param_elems=6144 energy=0x1.9ap-18 finite=1
ATTR_NAMED_GRAD block=1088 name=ff_bias2_5 grad=d9fca8f0 grad_elems=1024 param_elems=1024 energy=0x1.94p-12 finite=1
ATTR_NAMED_GRAD block=1088 name=w_o_5 grad=fb1cf20e grad_elems=1048576 param_elems=1048576 energy=0x1.76p-10 finite=1
ATTR_NAMED_GRAD block=1088 name=w_r_5 grad=bb6a79fd grad_elems=327680 param_elems=327680 energy=0x1.7p-28 finite=1
ATTR_NAMED_GRAD block=1088 name=w_kv_5 grad=e8f7a94f grad_elems=2097152 param_elems=2097152 energy=0x1p-9 finite=1
ATTR_NAMED_GRAD block=1088 name=w_q_5 grad=97143d9e grad_elems=1048576 param_elems=1048576 energy=0x1.86p-16 finite=1
ATTR_NAMED_GRAD block=1088 name=ln_g_10 grad=202ec0a8 grad_elems=1024 param_elems=1024 energy=0x1.36p-27 finite=1
ATTR_NAMED_GRAD block=1088 name=ln_b_10 grad=da1767ab grad_elems=1024 param_elems=1024 energy=0x1.d8p-24 finite=1
ATTR_NAMED_GRAD block=1088 name=ff2_4 grad=6451875c grad_elems=3145728 param_elems=3145728 energy=0x1.16p-7 finite=1
ATTR_NAMED_GRAD block=1088 name=ff1_4 grad=93b82435 grad_elems=6291456 param_elems=6291456 energy=0x1.6ap-8 finite=1
ATTR_NAMED_GRAD block=1088 name=ln_g_9 grad=a12056f5 grad_elems=1024 param_elems=1024 energy=0x1.6p-20 finite=1
ATTR_NAMED_GRAD block=1088 name=ln_b_9 grad=0e95db15 grad_elems=1024 param_elems=1024 energy=0x1.74p-20 finite=1
ATTR_NAMED_GRAD block=1088 name=ff_bias1_4 grad=0e7d604b grad_elems=6144 param_elems=6144 energy=0x1.96p-18 finite=1
ATTR_NAMED_GRAD block=1088 name=ff_bias2_4 grad=48a69398 grad_elems=1024 param_elems=1024 energy=0x1.a2p-12 finite=1
ATTR_NAMED_GRAD block=1088 name=w_o_4 grad=57b30aa6 grad_elems=1048576 param_elems=1048576 energy=0x1.3cp-10 finite=1
ATTR_NAMED_GRAD block=1088 name=w_r_4 grad=0501f1b9 grad_elems=327680 param_elems=327680 energy=0x1.9p-28 finite=1
ATTR_NAMED_GRAD block=1088 name=w_kv_4 grad=ceb5e530 grad_elems=2097152 param_elems=2097152 energy=0x1.9ep-10 finite=1
ATTR_NAMED_GRAD block=1088 name=w_q_4 grad=42f83a39 grad_elems=1048576 param_elems=1048576 energy=0x1.08p-15 finite=1
ATTR_NAMED_GRAD block=1088 name=ln_g_8 grad=9265746f grad_elems=1024 param_elems=1024 energy=0x1.9ap-27 finite=1
ATTR_NAMED_GRAD block=1088 name=ln_b_8 grad=bc0e36b7 grad_elems=1024 param_elems=1024 energy=0x1.d2p-24 finite=1
ATTR_NAMED_GRAD block=1088 name=ff2_3 grad=a9cf2753 grad_elems=3145728 param_elems=3145728 energy=0x1.28p-7 finite=1
ATTR_NAMED_GRAD block=1088 name=ff1_3 grad=d5ccecc8 grad_elems=6291456 param_elems=6291456 energy=0x1.76p-8 finite=1
ATTR_NAMED_GRAD block=1088 name=ln_g_7 grad=605be94f grad_elems=1024 param_elems=1024 energy=0x1.5ep-20 finite=1
ATTR_NAMED_GRAD block=1088 name=ln_b_7 grad=d6c349da grad_elems=1024 param_elems=1024 energy=0x1.8p-20 finite=1
ATTR_NAMED_GRAD block=1088 name=ff_bias1_3 grad=6ac54a09 grad_elems=6144 param_elems=6144 energy=0x1.9ep-18 finite=1
ATTR_NAMED_GRAD block=1088 name=ff_bias2_3 grad=c5165e83 grad_elems=1024 param_elems=1024 energy=0x1.bp-12 finite=1
ATTR_NAMED_GRAD block=1088 name=w_o_3 grad=d77ecaca grad_elems=1048576 param_elems=1048576 energy=0x1.08p-10 finite=1
ATTR_NAMED_GRAD block=1088 name=w_r_3 grad=333461eb grad_elems=327680 param_elems=327680 energy=0x1.a4p-28 finite=1
ATTR_NAMED_GRAD block=1088 name=w_kv_3 grad=011f17c5 grad_elems=2097152 param_elems=2097152 energy=0x1.42p-10 finite=1
ATTR_NAMED_GRAD block=1088 name=w_q_3 grad=280d767c grad_elems=1048576 param_elems=1048576 energy=0x1.0ap-15 finite=1
ATTR_NAMED_GRAD block=1088 name=ln_g_6 grad=150ab4cb grad_elems=1024 param_elems=1024 energy=0x1.9ep-27 finite=1
ATTR_NAMED_GRAD block=1088 name=ln_b_6 grad=13cb32a3 grad_elems=1024 param_elems=1024 energy=0x1.bap-24 finite=1
ATTR_NAMED_GRAD block=1088 name=ff2_2 grad=d417c34c grad_elems=3145728 param_elems=3145728 energy=0x1.26p-7 finite=1
ATTR_NAMED_GRAD block=1088 name=ff1_2 grad=03f9a6c4 grad_elems=6291456 param_elems=6291456 energy=0x1.7cp-8 finite=1
ATTR_NAMED_GRAD block=1088 name=ln_g_5 grad=a9086d46 grad_elems=1024 param_elems=1024 energy=0x1.86p-20 finite=1
ATTR_NAMED_GRAD block=1088 name=ln_b_5 grad=0aa63b57 grad_elems=1024 param_elems=1024 energy=0x1.7ep-20 finite=1
ATTR_NAMED_GRAD block=1088 name=ff_bias1_2 grad=085f7481 grad_elems=6144 param_elems=6144 energy=0x1.aep-18 finite=1
ATTR_NAMED_GRAD block=1088 name=ff_bias2_2 grad=4972a32c grad_elems=1024 param_elems=1024 energy=0x1.c6p-12 finite=1
ATTR_NAMED_GRAD block=1088 name=w_o_2 grad=54ad767e grad_elems=1048576 param_elems=1048576 energy=0x1.aep-11 finite=1
ATTR_NAMED_GRAD block=1088 name=w_r_2 grad=96e82367 grad_elems=327680 param_elems=327680 energy=0x1.bp-28 finite=1
ATTR_NAMED_GRAD block=1088 name=w_kv_2 grad=2d8c32a5 grad_elems=2097152 param_elems=2097152 energy=0x1.1ep-10 finite=1
ATTR_NAMED_GRAD block=1088 name=w_q_2 grad=63d3a73e grad_elems=1048576 param_elems=1048576 energy=0x1.2ap-15 finite=1
ATTR_NAMED_GRAD block=1088 name=ln_g_4 grad=2f24d50e grad_elems=1024 param_elems=1024 energy=0x1p-26 finite=1
ATTR_NAMED_GRAD block=1088 name=ln_b_4 grad=c08acdf3 grad_elems=1024 param_elems=1024 energy=0x1.42p-23 finite=1
ATTR_NAMED_GRAD block=1088 name=ff2_1 grad=97ed9f62 grad_elems=3145728 param_elems=3145728 energy=0x1.3ap-7 finite=1
ATTR_NAMED_GRAD block=1088 name=ff1_1 grad=824cf1cf grad_elems=6291456 param_elems=6291456 energy=0x1.8cp-8 finite=1
ATTR_NAMED_GRAD block=1088 name=ln_g_3 grad=b472d2de grad_elems=1024 param_elems=1024 energy=0x1.88p-20 finite=1
ATTR_NAMED_GRAD block=1088 name=ln_b_3 grad=0f0e2f65 grad_elems=1024 param_elems=1024 energy=0x1.8cp-20 finite=1
ATTR_NAMED_GRAD block=1088 name=ff_bias1_1 grad=69668e54 grad_elems=6144 param_elems=6144 energy=0x1.bcp-18 finite=1
ATTR_NAMED_GRAD block=1088 name=ff_bias2_1 grad=740e8488 grad_elems=1024 param_elems=1024 energy=0x1.dcp-12 finite=1
ATTR_NAMED_GRAD block=1088 name=w_o_1 grad=b4681d18 grad_elems=1048576 param_elems=1048576 energy=0x1.aep-11 finite=1
ATTR_NAMED_GRAD block=1088 name=w_r_1 grad=de8c36ae grad_elems=327680 param_elems=327680 energy=0x1p-27 finite=1
ATTR_NAMED_GRAD block=1088 name=w_kv_1 grad=62a99a5a grad_elems=2097152 param_elems=2097152 energy=0x1.eep-11 finite=1
ATTR_NAMED_GRAD block=1088 name=w_q_1 grad=f0653ae3 grad_elems=1048576 param_elems=1048576 energy=0x1.6p-14 finite=1
ATTR_NAMED_GRAD block=1088 name=ln_g_2 grad=d24684bd grad_elems=1024 param_elems=1024 energy=0x1.28p-25 finite=1
ATTR_NAMED_GRAD block=1088 name=ln_b_2 grad=1e2d2b7f grad_elems=1024 param_elems=1024 energy=0x1.dep-23 finite=1
ATTR_NAMED_GRAD block=1088 name=ff2_0 grad=0bacacea grad_elems=3145728 param_elems=3145728 energy=0x1.34p-7 finite=1
ATTR_NAMED_GRAD block=1088 name=ff1_0 grad=591d0d62 grad_elems=6291456 param_elems=6291456 energy=0x1.94p-8 finite=1
ATTR_NAMED_GRAD block=1088 name=ln_g_1 grad=9aed1610 grad_elems=1024 param_elems=1024 energy=0x1.a6p-20 finite=1
ATTR_NAMED_GRAD block=1088 name=ln_b_1 grad=8f57d360 grad_elems=1024 param_elems=1024 energy=0x1.66p-20 finite=1
ATTR_NAMED_GRAD block=1088 name=ff_bias1_0 grad=65afab7e grad_elems=6144 param_elems=6144 energy=0x1.bcp-18 finite=1
ATTR_NAMED_GRAD block=1088 name=ff_bias2_0 grad=39485242 grad_elems=1024 param_elems=1024 energy=0x1.f8p-12 finite=1
ATTR_NAMED_GRAD block=1088 name=w_o_0 grad=3a7a892c grad_elems=1048576 param_elems=1048576 energy=0x1.68p-11 finite=1
ATTR_NAMED_GRAD block=1088 name=w_r_0 grad=59cf7858 grad_elems=327680 param_elems=327680 energy=0x1.f2p-28 finite=1
ATTR_NAMED_GRAD block=1088 name=b_r_0 grad=27f806c1 grad_elems=2560 param_elems=2560 energy=0x1.fap-11 finite=1
ATTR_NAMED_GRAD block=1088 name=w_kv_0 grad=1f5ba68d grad_elems=2097152 param_elems=2097152 energy=0x1.b2p-11 finite=1
ATTR_NAMED_GRAD block=1088 name=w_q_0 grad=9efee746 grad_elems=1048576 param_elems=1048576 energy=0x1.9p-15 finite=1
ATTR_NAMED_GRAD block=1088 name=ln_g_0 grad=8b59f7ce grad_elems=1024 param_elems=1024 energy=0x1.18p-26 finite=1
ATTR_NAMED_GRAD block=1088 name=ln_b_0 grad=fab5197a grad_elems=1024 param_elems=1024 energy=0x1.86p-23 finite=1
ATTR_NAMED_GRAD block=1088 name=embed grad=d7d5744d grad_elems=16785408 param_elems=16785408 energy=0x1.8ec408p-3 finite=1
ATTR_NAMED_GRAD block=1088 name=ln_g_40 grad=e2c3f230 grad_elems=1024 param_elems=1024 energy=0x1.6ap-11 finite=1
ATTR_NAMED_GRAD block=1088 name=ln_b_40 grad=cdf03319 grad_elems=1024 param_elems=1024 energy=0x1.7ep-11 finite=1
ATTR_NAMED_GRAD block=1088 name=out_bias grad=368fa6b9 grad_elems=16392 param_elems=16392 energy=0x1.b4p-10 finite=1
ATTR_HEAD arm=1 block=1088 weight=515e887e bias=a10a6d11
ATTR_STATE arm=1 block=1088 step=36 params=bb6aed9d memory=dd0d979f
ATTR_NAMED_GRAD block=1152 name=embed_out grad=11b893f3 grad_elems=16785408 param_elems=16785408 energy=0x1.c4p+0 finite=1
ATTR_NAMED_GRAD block=1152 name=ff2_19 grad=66a0377f grad_elems=3145728 param_elems=3145728 energy=0x1.bap-8 finite=1
ATTR_NAMED_GRAD block=1152 name=ff1_19 grad=dff6f87e grad_elems=6291456 param_elems=6291456 energy=0x1.6p-8 finite=1
ATTR_NAMED_GRAD block=1152 name=ln_g_39 grad=271806cb grad_elems=1024 param_elems=1024 energy=0x1.68p-20 finite=1
ATTR_NAMED_GRAD block=1152 name=ln_b_39 grad=22ccf77f grad_elems=1024 param_elems=1024 energy=0x1.12p-19 finite=1
ATTR_NAMED_GRAD block=1152 name=ff_bias1_19 grad=11e9f4a3 grad_elems=6144 param_elems=6144 energy=0x1.eep-18 finite=1
ATTR_NAMED_GRAD block=1152 name=ff_bias2_19 grad=d492916c grad_elems=1024 param_elems=1024 energy=0x1.c2p-12 finite=1
ATTR_NAMED_GRAD block=1152 name=w_o_19 grad=9561ad99 grad_elems=1048576 param_elems=1048576 energy=0x1.9cp-5 finite=1
ATTR_NAMED_GRAD block=1152 name=w_r_19 grad=33df0848 grad_elems=327680 param_elems=327680 energy=0x1.38p-26 finite=1
ATTR_NAMED_GRAD block=1152 name=w_kv_19 grad=bbdcbaa3 grad_elems=2097152 param_elems=2097152 energy=0x1.26p-4 finite=1
ATTR_NAMED_GRAD block=1152 name=w_q_19 grad=d729200c grad_elems=1048576 param_elems=1048576 energy=0x1.54p-12 finite=1
ATTR_NAMED_GRAD block=1152 name=ln_g_38 grad=213fcd7e grad_elems=1024 param_elems=1024 energy=0x1.58p-22 finite=1
ATTR_NAMED_GRAD block=1152 name=ln_b_38 grad=25e3672b grad_elems=1024 param_elems=1024 energy=0x1.eap-21 finite=1
ATTR_NAMED_GRAD block=1152 name=ff2_18 grad=41bcd93e grad_elems=3145728 param_elems=3145728 energy=0x1.eep-8 finite=1
ATTR_NAMED_GRAD block=1152 name=ff1_18 grad=ab8d75a9 grad_elems=6291456 param_elems=6291456 energy=0x1.52p-8 finite=1
ATTR_NAMED_GRAD block=1152 name=ln_g_37 grad=fb179121 grad_elems=1024 param_elems=1024 energy=0x1.6p-20 finite=1
ATTR_NAMED_GRAD block=1152 name=ln_b_37 grad=7e04aae2 grad_elems=1024 param_elems=1024 energy=0x1.0ep-19 finite=1
ATTR_NAMED_GRAD block=1152 name=ff_bias1_18 grad=f663f582 grad_elems=6144 param_elems=6144 energy=0x1.e2p-18 finite=1
ATTR_NAMED_GRAD block=1152 name=ff_bias2_18 grad=820b639c grad_elems=1024 param_elems=1024 energy=0x1.c2p-12 finite=1
ATTR_NAMED_GRAD block=1152 name=w_o_18 grad=ced05084 grad_elems=1048576 param_elems=1048576 energy=0x1.d8p-6 finite=1
ATTR_NAMED_GRAD block=1152 name=w_r_18 grad=f409b2ec grad_elems=327680 param_elems=327680 energy=0x1.d4p-27 finite=1
ATTR_NAMED_GRAD block=1152 name=w_kv_18 grad=6aaf4fb8 grad_elems=2097152 param_elems=2097152 energy=0x1.46p-5 finite=1
ATTR_NAMED_GRAD block=1152 name=w_q_18 grad=90f763d8 grad_elems=1048576 param_elems=1048576 energy=0x1.eep-12 finite=1
ATTR_NAMED_GRAD block=1152 name=ln_g_36 grad=a3c4c204 grad_elems=1024 param_elems=1024 energy=0x1.92p-22 finite=1
ATTR_NAMED_GRAD block=1152 name=ln_b_36 grad=a862a0bc grad_elems=1024 param_elems=1024 energy=0x1.4ep-20 finite=1
ATTR_NAMED_GRAD block=1152 name=ff2_17 grad=f30c9cc7 grad_elems=3145728 param_elems=3145728 energy=0x1.04p-7 finite=1
ATTR_NAMED_GRAD block=1152 name=ff1_17 grad=2c53616e grad_elems=6291456 param_elems=6291456 energy=0x1.4ep-8 finite=1
ATTR_NAMED_GRAD block=1152 name=ln_g_35 grad=9668d950 grad_elems=1024 param_elems=1024 energy=0x1.3p-20 finite=1
ATTR_NAMED_GRAD block=1152 name=ln_b_35 grad=c7b6b67c grad_elems=1024 param_elems=1024 energy=0x1.e4p-20 finite=1
ATTR_NAMED_GRAD block=1152 name=ff_bias1_17 grad=5f191dd5 grad_elems=6144 param_elems=6144 energy=0x1.d8p-18 finite=1
ATTR_NAMED_GRAD block=1152 name=ff_bias2_17 grad=025f8e14 grad_elems=1024 param_elems=1024 energy=0x1.bap-12 finite=1
ATTR_NAMED_GRAD block=1152 name=w_o_17 grad=c912e217 grad_elems=1048576 param_elems=1048576 energy=0x1.12p-6 finite=1
ATTR_NAMED_GRAD block=1152 name=w_r_17 grad=40ddb007 grad_elems=327680 param_elems=327680 energy=0x1.68p-27 finite=1
ATTR_NAMED_GRAD block=1152 name=w_kv_17 grad=dfcdd79c grad_elems=2097152 param_elems=2097152 energy=0x1.7ep-6 finite=1
ATTR_NAMED_GRAD block=1152 name=w_q_17 grad=ec97a976 grad_elems=1048576 param_elems=1048576 energy=0x1.44p-12 finite=1
ATTR_NAMED_GRAD block=1152 name=ln_g_34 grad=d9be4628 grad_elems=1024 param_elems=1024 energy=0x1.7cp-22 finite=1
ATTR_NAMED_GRAD block=1152 name=ln_b_34 grad=c923896c grad_elems=1024 param_elems=1024 energy=0x1.56p-20 finite=1
ATTR_NAMED_GRAD block=1152 name=ff2_16 grad=f4df6912 grad_elems=3145728 param_elems=3145728 energy=0x1.f4p-8 finite=1
ATTR_NAMED_GRAD block=1152 name=ff1_16 grad=d8e8f401 grad_elems=6291456 param_elems=6291456 energy=0x1.48p-8 finite=1
ATTR_NAMED_GRAD block=1152 name=ln_g_33 grad=b1b37816 grad_elems=1024 param_elems=1024 energy=0x1.4cp-20 finite=1
ATTR_NAMED_GRAD block=1152 name=ln_b_33 grad=4709b4e4 grad_elems=1024 param_elems=1024 energy=0x1.dp-20 finite=1
ATTR_NAMED_GRAD block=1152 name=ff_bias1_16 grad=780dfc2c grad_elems=6144 param_elems=6144 energy=0x1.c6p-18 finite=1
ATTR_NAMED_GRAD block=1152 name=ff_bias2_16 grad=966d924f grad_elems=1024 param_elems=1024 energy=0x1.bp-12 finite=1
ATTR_NAMED_GRAD block=1152 name=w_o_16 grad=c7d6f738 grad_elems=1048576 param_elems=1048576 energy=0x1.82p-7 finite=1
ATTR_NAMED_GRAD block=1152 name=w_r_16 grad=f2dc6355 grad_elems=327680 param_elems=327680 energy=0x1.a6p-28 finite=1
ATTR_NAMED_GRAD block=1152 name=w_kv_16 grad=b90fa324 grad_elems=2097152 param_elems=2097152 energy=0x1.3ap-6 finite=1
ATTR_NAMED_GRAD block=1152 name=w_q_16 grad=a7894a4f grad_elems=1048576 param_elems=1048576 energy=0x1.7ap-14 finite=1
ATTR_NAMED_GRAD block=1152 name=ln_g_32 grad=24466ce1 grad_elems=1024 param_elems=1024 energy=0x1.d8p-24 finite=1
ATTR_NAMED_GRAD block=1152 name=ln_b_32 grad=0e4930ca grad_elems=1024 param_elems=1024 energy=0x1.c2p-22 finite=1
ATTR_NAMED_GRAD block=1152 name=ff2_15 grad=976e2b5c grad_elems=3145728 param_elems=3145728 energy=0x1.eap-8 finite=1
ATTR_NAMED_GRAD block=1152 name=ff1_15 grad=3cc1a511 grad_elems=6291456 param_elems=6291456 energy=0x1.44p-8 finite=1
ATTR_NAMED_GRAD block=1152 name=ln_g_31 grad=69c62f4e grad_elems=1024 param_elems=1024 energy=0x1.1cp-20 finite=1
ATTR_NAMED_GRAD block=1152 name=ln_b_31 grad=811fa275 grad_elems=1024 param_elems=1024 energy=0x1.c6p-20 finite=1
ATTR_NAMED_GRAD block=1152 name=ff_bias1_15 grad=65cbb9a1 grad_elems=6144 param_elems=6144 energy=0x1.c4p-18 finite=1
ATTR_NAMED_GRAD block=1152 name=ff_bias2_15 grad=97370f47 grad_elems=1024 param_elems=1024 energy=0x1.b2p-12 finite=1
ATTR_NAMED_GRAD block=1152 name=w_o_15 grad=c3d4402f grad_elems=1048576 param_elems=1048576 energy=0x1.32p-7 finite=1
ATTR_NAMED_GRAD block=1152 name=w_r_15 grad=182fabf9 grad_elems=327680 param_elems=327680 energy=0x1.7cp-28 finite=1
ATTR_NAMED_GRAD block=1152 name=w_kv_15 grad=20135ccf grad_elems=2097152 param_elems=2097152 energy=0x1.e2p-7 finite=1
ATTR_NAMED_GRAD block=1152 name=w_q_15 grad=b83cded3 grad_elems=1048576 param_elems=1048576 energy=0x1.84p-15 finite=1
ATTR_NAMED_GRAD block=1152 name=ln_g_30 grad=a85656c2 grad_elems=1024 param_elems=1024 energy=0x1.02p-24 finite=1
ATTR_NAMED_GRAD block=1152 name=ln_b_30 grad=0576e4fa grad_elems=1024 param_elems=1024 energy=0x1.1ep-22 finite=1
ATTR_NAMED_GRAD block=1152 name=ff2_14 grad=ac9443b3 grad_elems=3145728 param_elems=3145728 energy=0x1.fep-8 finite=1
ATTR_NAMED_GRAD block=1152 name=ff1_14 grad=a0182c64 grad_elems=6291456 param_elems=6291456 energy=0x1.44p-8 finite=1
ATTR_NAMED_GRAD block=1152 name=ln_g_29 grad=a56635f8 grad_elems=1024 param_elems=1024 energy=0x1.16p-20 finite=1
ATTR_NAMED_GRAD block=1152 name=ln_b_29 grad=ab434ed7 grad_elems=1024 param_elems=1024 energy=0x1.86p-20 finite=1
ATTR_NAMED_GRAD block=1152 name=ff_bias1_14 grad=116b5f5d grad_elems=6144 param_elems=6144 energy=0x1.aap-18 finite=1
ATTR_NAMED_GRAD block=1152 name=ff_bias2_14 grad=6c3c2840 grad_elems=1024 param_elems=1024 energy=0x1.bap-12 finite=1
ATTR_NAMED_GRAD block=1152 name=w_o_14 grad=d02b8087 grad_elems=1048576 param_elems=1048576 energy=0x1.0ap-7 finite=1
ATTR_NAMED_GRAD block=1152 name=w_r_14 grad=df38925c grad_elems=327680 param_elems=327680 energy=0x1.44p-28 finite=1
ATTR_NAMED_GRAD block=1152 name=w_kv_14 grad=047383a2 grad_elems=2097152 param_elems=2097152 energy=0x1.96p-7 finite=1
ATTR_NAMED_GRAD block=1152 name=w_q_14 grad=6dbebbe6 grad_elems=1048576 param_elems=1048576 energy=0x1.62p-15 finite=1
ATTR_NAMED_GRAD block=1152 name=ln_g_28 grad=71835667 grad_elems=1024 param_elems=1024 energy=0x1.26p-25 finite=1
ATTR_NAMED_GRAD block=1152 name=ln_b_28 grad=f2db38e8 grad_elems=1024 param_elems=1024 energy=0x1.76p-23 finite=1
ATTR_NAMED_GRAD block=1152 name=ff2_13 grad=e5d21a7a grad_elems=3145728 param_elems=3145728 energy=0x1.e6p-8 finite=1
ATTR_NAMED_GRAD block=1152 name=ff1_13 grad=d556915c grad_elems=6291456 param_elems=6291456 energy=0x1.42p-8 finite=1
ATTR_NAMED_GRAD block=1152 name=ln_g_27 grad=7e360d1b grad_elems=1024 param_elems=1024 energy=0x1.12p-20 finite=1
ATTR_NAMED_GRAD block=1152 name=ln_b_27 grad=3e8345ca grad_elems=1024 param_elems=1024 energy=0x1.9ep-20 finite=1
ATTR_NAMED_GRAD block=1152 name=ff_bias1_13 grad=e6b6c5fa grad_elems=6144 param_elems=6144 energy=0x1.cp-18 finite=1
ATTR_NAMED_GRAD block=1152 name=ff_bias2_13 grad=37ad0354 grad_elems=1024 param_elems=1024 energy=0x1.ccp-12 finite=1
ATTR_NAMED_GRAD block=1152 name=w_o_13 grad=7bc2295e grad_elems=1048576 param_elems=1048576 energy=0x1.cep-8 finite=1
ATTR_NAMED_GRAD block=1152 name=w_r_13 grad=6f06198e grad_elems=327680 param_elems=327680 energy=0x1.18p-28 finite=1
ATTR_NAMED_GRAD block=1152 name=w_kv_13 grad=32869b73 grad_elems=2097152 param_elems=2097152 energy=0x1.5ep-7 finite=1
ATTR_NAMED_GRAD block=1152 name=w_q_13 grad=626130c0 grad_elems=1048576 param_elems=1048576 energy=0x1.cp-16 finite=1
ATTR_NAMED_GRAD block=1152 name=ln_g_26 grad=db006a06 grad_elems=1024 param_elems=1024 energy=0x1.78p-26 finite=1
ATTR_NAMED_GRAD block=1152 name=ln_b_26 grad=12301ec7 grad_elems=1024 param_elems=1024 energy=0x1.38p-23 finite=1
ATTR_NAMED_GRAD block=1152 name=ff2_12 grad=e55b6df7 grad_elems=3145728 param_elems=3145728 energy=0x1.eap-8 finite=1
ATTR_NAMED_GRAD block=1152 name=ff1_12 grad=9fe88c3f grad_elems=6291456 param_elems=6291456 energy=0x1.42p-8 finite=1
ATTR_NAMED_GRAD block=1152 name=ln_g_25 grad=349328f7 grad_elems=1024 param_elems=1024 energy=0x1.32p-20 finite=1
ATTR_NAMED_GRAD block=1152 name=ln_b_25 grad=28b4ec36 grad_elems=1024 param_elems=1024 energy=0x1.9cp-20 finite=1
ATTR_NAMED_GRAD block=1152 name=ff_bias1_12 grad=a1ea75fb grad_elems=6144 param_elems=6144 energy=0x1.bap-18 finite=1
ATTR_NAMED_GRAD block=1152 name=ff_bias2_12 grad=d78a0117 grad_elems=1024 param_elems=1024 energy=0x1.d8p-12 finite=1
ATTR_NAMED_GRAD block=1152 name=w_o_12 grad=25979772 grad_elems=1048576 param_elems=1048576 energy=0x1.88p-8 finite=1
ATTR_NAMED_GRAD block=1152 name=w_r_12 grad=c7577eec grad_elems=327680 param_elems=327680 energy=0x1.1ep-28 finite=1
ATTR_NAMED_GRAD block=1152 name=w_kv_12 grad=5327eac3 grad_elems=2097152 param_elems=2097152 energy=0x1.28p-7 finite=1
ATTR_NAMED_GRAD block=1152 name=w_q_12 grad=54b7216e grad_elems=1048576 param_elems=1048576 energy=0x1.d6p-16 finite=1
ATTR_NAMED_GRAD block=1152 name=ln_g_24 grad=86f97bb4 grad_elems=1024 param_elems=1024 energy=0x1.46p-26 finite=1
ATTR_NAMED_GRAD block=1152 name=ln_b_24 grad=69e33e26 grad_elems=1024 param_elems=1024 energy=0x1.2ep-23 finite=1
ATTR_NAMED_GRAD block=1152 name=ff2_11 grad=fceb17af grad_elems=3145728 param_elems=3145728 energy=0x1.ecp-8 finite=1
ATTR_NAMED_GRAD block=1152 name=ff1_11 grad=c614d1f8 grad_elems=6291456 param_elems=6291456 energy=0x1.44p-8 finite=1
ATTR_NAMED_GRAD block=1152 name=ln_g_23 grad=8d2c1bca grad_elems=1024 param_elems=1024 energy=0x1.32p-20 finite=1
ATTR_NAMED_GRAD block=1152 name=ln_b_23 grad=04cb68ba grad_elems=1024 param_elems=1024 energy=0x1.a8p-20 finite=1
ATTR_NAMED_GRAD block=1152 name=ff_bias1_11 grad=75c14e9c grad_elems=6144 param_elems=6144 energy=0x1.c6p-18 finite=1
ATTR_NAMED_GRAD block=1152 name=ff_bias2_11 grad=412f5aae grad_elems=1024 param_elems=1024 energy=0x1.fp-12 finite=1
ATTR_NAMED_GRAD block=1152 name=w_o_11 grad=1f6ab275 grad_elems=1048576 param_elems=1048576 energy=0x1.58p-8 finite=1
ATTR_NAMED_GRAD block=1152 name=w_r_11 grad=7ea45af5 grad_elems=327680 param_elems=327680 energy=0x1.2cp-28 finite=1
ATTR_NAMED_GRAD block=1152 name=w_kv_11 grad=f31bf6e6 grad_elems=2097152 param_elems=2097152 energy=0x1p-7 finite=1
ATTR_NAMED_GRAD block=1152 name=w_q_11 grad=f47effea grad_elems=1048576 param_elems=1048576 energy=0x1.bep-16 finite=1
ATTR_NAMED_GRAD block=1152 name=ln_g_22 grad=29ca5fb2 grad_elems=1024 param_elems=1024 energy=0x1.26p-26 finite=1
ATTR_NAMED_GRAD block=1152 name=ln_b_22 grad=5f6c009e grad_elems=1024 param_elems=1024 energy=0x1.52p-23 finite=1
ATTR_NAMED_GRAD block=1152 name=ff2_10 grad=4bb620c0 grad_elems=3145728 param_elems=3145728 energy=0x1.fcp-8 finite=1
ATTR_NAMED_GRAD block=1152 name=ff1_10 grad=e726f87a grad_elems=6291456 param_elems=6291456 energy=0x1.4cp-8 finite=1
ATTR_NAMED_GRAD block=1152 name=ln_g_21 grad=5a8708cd grad_elems=1024 param_elems=1024 energy=0x1.48p-20 finite=1
ATTR_NAMED_GRAD block=1152 name=ln_b_21 grad=84ee20f7 grad_elems=1024 param_elems=1024 energy=0x1.d4p-20 finite=1
ATTR_NAMED_GRAD block=1152 name=ff_bias1_10 grad=740af97f grad_elems=6144 param_elems=6144 energy=0x1.d2p-18 finite=1
ATTR_NAMED_GRAD block=1152 name=ff_bias2_10 grad=26975367 grad_elems=1024 param_elems=1024 energy=0x1.04p-11 finite=1
ATTR_NAMED_GRAD block=1152 name=w_o_10 grad=8e6384d4 grad_elems=1048576 param_elems=1048576 energy=0x1.0ap-8 finite=1
ATTR_NAMED_GRAD block=1152 name=w_r_10 grad=384574dd grad_elems=327680 param_elems=327680 energy=0x1.34p-28 finite=1
ATTR_NAMED_GRAD block=1152 name=w_kv_10 grad=90c90fa2 grad_elems=2097152 param_elems=2097152 energy=0x1.bp-8 finite=1
ATTR_NAMED_GRAD block=1152 name=w_q_10 grad=9b07f087 grad_elems=1048576 param_elems=1048576 energy=0x1.9ap-16 finite=1
ATTR_NAMED_GRAD block=1152 name=ln_g_20 grad=721696c2 grad_elems=1024 param_elems=1024 energy=0x1.e4p-27 finite=1
ATTR_NAMED_GRAD block=1152 name=ln_b_20 grad=cbde86f9 grad_elems=1024 param_elems=1024 energy=0x1.36p-23 finite=1
ATTR_NAMED_GRAD block=1152 name=ff2_9 grad=21959ef9 grad_elems=3145728 param_elems=3145728 energy=0x1p-7 finite=1
ATTR_NAMED_GRAD block=1152 name=ff1_9 grad=819fbf74 grad_elems=6291456 param_elems=6291456 energy=0x1.4ep-8 finite=1
ATTR_NAMED_GRAD block=1152 name=ln_g_19 grad=f63a3698 grad_elems=1024 param_elems=1024 energy=0x1.4p-20 finite=1
ATTR_NAMED_GRAD block=1152 name=ln_b_19 grad=e439ae82 grad_elems=1024 param_elems=1024 energy=0x1.b4p-20 finite=1
ATTR_NAMED_GRAD block=1152 name=ff_bias1_9 grad=cc9dfcae grad_elems=6144 param_elems=6144 energy=0x1.cp-18 finite=1
ATTR_NAMED_GRAD block=1152 name=ff_bias2_9 grad=a1c0cdf9 grad_elems=1024 param_elems=1024 energy=0x1.1p-11 finite=1
ATTR_NAMED_GRAD block=1152 name=w_o_9 grad=af31d987 grad_elems=1048576 param_elems=1048576 energy=0x1.fap-9 finite=1
ATTR_NAMED_GRAD block=1152 name=w_r_9 grad=3bb9e647 grad_elems=327680 param_elems=327680 energy=0x1.46p-28 finite=1
ATTR_NAMED_GRAD block=1152 name=w_kv_9 grad=641f3be4 grad_elems=2097152 param_elems=2097152 energy=0x1.72p-8 finite=1
ATTR_NAMED_GRAD block=1152 name=w_q_9 grad=74832196 grad_elems=1048576 param_elems=1048576 energy=0x1.9cp-16 finite=1
ATTR_NAMED_GRAD block=1152 name=ln_g_18 grad=5d43b2a6 grad_elems=1024 param_elems=1024 energy=0x1.f4p-27 finite=1
ATTR_NAMED_GRAD block=1152 name=ln_b_18 grad=f38e0886 grad_elems=1024 param_elems=1024 energy=0x1.4cp-23 finite=1
ATTR_NAMED_GRAD block=1152 name=ff2_8 grad=7f2f3b27 grad_elems=3145728 param_elems=3145728 energy=0x1.0ap-7 finite=1
ATTR_NAMED_GRAD block=1152 name=ff1_8 grad=983cdd44 grad_elems=6291456 param_elems=6291456 energy=0x1.56p-8 finite=1
ATTR_NAMED_GRAD block=1152 name=ln_g_17 grad=e759b51f grad_elems=1024 param_elems=1024 energy=0x1.46p-20 finite=1
ATTR_NAMED_GRAD block=1152 name=ln_b_17 grad=80b366f6 grad_elems=1024 param_elems=1024 energy=0x1.b4p-20 finite=1
ATTR_NAMED_GRAD block=1152 name=ff_bias1_8 grad=ca849fa0 grad_elems=6144 param_elems=6144 energy=0x1.ep-18 finite=1
ATTR_NAMED_GRAD block=1152 name=ff_bias2_8 grad=9a6a2aa8 grad_elems=1024 param_elems=1024 energy=0x1.1cp-11 finite=1
ATTR_NAMED_GRAD block=1152 name=w_o_8 grad=d0e68387 grad_elems=1048576 param_elems=1048576 energy=0x1.7ep-9 finite=1
ATTR_NAMED_GRAD block=1152 name=w_r_8 grad=fedda1b7 grad_elems=327680 param_elems=327680 energy=0x1.5p-28 finite=1
ATTR_NAMED_GRAD block=1152 name=w_kv_8 grad=b47f6559 grad_elems=2097152 param_elems=2097152 energy=0x1.36p-8 finite=1
ATTR_NAMED_GRAD block=1152 name=w_q_8 grad=2550ff81 grad_elems=1048576 param_elems=1048576 energy=0x1.c8p-16 finite=1
ATTR_NAMED_GRAD block=1152 name=ln_g_16 grad=10762241 grad_elems=1024 param_elems=1024 energy=0x1.d4p-27 finite=1
ATTR_NAMED_GRAD block=1152 name=ln_b_16 grad=655c64bc grad_elems=1024 param_elems=1024 energy=0x1.78p-23 finite=1
ATTR_NAMED_GRAD block=1152 name=ff2_7 grad=721bcf95 grad_elems=3145728 param_elems=3145728 energy=0x1.0ep-7 finite=1
ATTR_NAMED_GRAD block=1152 name=ff1_7 grad=f17cb86c grad_elems=6291456 param_elems=6291456 energy=0x1.6p-8 finite=1
ATTR_NAMED_GRAD block=1152 name=ln_g_15 grad=8105956d grad_elems=1024 param_elems=1024 energy=0x1.44p-20 finite=1
ATTR_NAMED_GRAD block=1152 name=ln_b_15 grad=83a9d04e grad_elems=1024 param_elems=1024 energy=0x1.fcp-20 finite=1
ATTR_NAMED_GRAD block=1152 name=ff_bias1_7 grad=66492f54 grad_elems=6144 param_elems=6144 energy=0x1.fp-18 finite=1
ATTR_NAMED_GRAD block=1152 name=ff_bias2_7 grad=b34d3339 grad_elems=1024 param_elems=1024 energy=0x1.2cp-11 finite=1
ATTR_NAMED_GRAD block=1152 name=w_o_7 grad=e8b471ca grad_elems=1048576 param_elems=1048576 energy=0x1.3ep-9 finite=1
ATTR_NAMED_GRAD block=1152 name=w_r_7 grad=2d0cee0d grad_elems=327680 param_elems=327680 energy=0x1.5ep-28 finite=1
ATTR_NAMED_GRAD block=1152 name=w_kv_7 grad=a7f8aaa0 grad_elems=2097152 param_elems=2097152 energy=0x1.f4p-9 finite=1
ATTR_NAMED_GRAD block=1152 name=w_q_7 grad=f55ae09a grad_elems=1048576 param_elems=1048576 energy=0x1.dap-16 finite=1
ATTR_NAMED_GRAD block=1152 name=ln_g_14 grad=ddf3d701 grad_elems=1024 param_elems=1024 energy=0x1.dep-27 finite=1
ATTR_NAMED_GRAD block=1152 name=ln_b_14 grad=90ce0d06 grad_elems=1024 param_elems=1024 energy=0x1.aap-23 finite=1
ATTR_NAMED_GRAD block=1152 name=ff2_6 grad=7060afad grad_elems=3145728 param_elems=3145728 energy=0x1.16p-7 finite=1
ATTR_NAMED_GRAD block=1152 name=ff1_6 grad=ca8c58ec grad_elems=6291456 param_elems=6291456 energy=0x1.68p-8 finite=1
ATTR_NAMED_GRAD block=1152 name=ln_g_13 grad=c5de1244 grad_elems=1024 param_elems=1024 energy=0x1.88p-20 finite=1
ATTR_NAMED_GRAD block=1152 name=ln_b_13 grad=927ffb05 grad_elems=1024 param_elems=1024 energy=0x1.dp-20 finite=1
ATTR_NAMED_GRAD block=1152 name=ff_bias1_6 grad=4d347be4 grad_elems=6144 param_elems=6144 energy=0x1.e6p-18 finite=1
ATTR_NAMED_GRAD block=1152 name=ff_bias2_6 grad=e06587eb grad_elems=1024 param_elems=1024 energy=0x1.3cp-11 finite=1
ATTR_NAMED_GRAD block=1152 name=w_o_6 grad=fa7447bf grad_elems=1048576 param_elems=1048576 energy=0x1.0cp-9 finite=1
ATTR_NAMED_GRAD block=1152 name=w_r_6 grad=4ecb9da7 grad_elems=327680 param_elems=327680 energy=0x1.76p-28 finite=1
ATTR_NAMED_GRAD block=1152 name=w_kv_6 grad=4227b3a2 grad_elems=2097152 param_elems=2097152 energy=0x1.96p-9 finite=1
ATTR_NAMED_GRAD block=1152 name=w_q_6 grad=b19f7b70 grad_elems=1048576 param_elems=1048576 energy=0x1.eep-16 finite=1
ATTR_NAMED_GRAD block=1152 name=ln_g_12 grad=06dc40bb grad_elems=1024 param_elems=1024 energy=0x1.a6p-27 finite=1
ATTR_NAMED_GRAD block=1152 name=ln_b_12 grad=91fd390c grad_elems=1024 param_elems=1024 energy=0x1.dap-23 finite=1
ATTR_NAMED_GRAD block=1152 name=ff2_5 grad=9d393a13 grad_elems=3145728 param_elems=3145728 energy=0x1.1ap-7 finite=1
ATTR_NAMED_GRAD block=1152 name=ff1_5 grad=ab29c22f grad_elems=6291456 param_elems=6291456 energy=0x1.6cp-8 finite=1
ATTR_NAMED_GRAD block=1152 name=ln_g_11 grad=d8aa0a88 grad_elems=1024 param_elems=1024 energy=0x1.5ep-20 finite=1
ATTR_NAMED_GRAD block=1152 name=ln_b_11 grad=e2fdce16 grad_elems=1024 param_elems=1024 energy=0x1.e6p-20 finite=1
ATTR_NAMED_GRAD block=1152 name=ff_bias1_5 grad=eee188bc grad_elems=6144 param_elems=6144 energy=0x1.e4p-18 finite=1
ATTR_NAMED_GRAD block=1152 name=ff_bias2_5 grad=a095ba48 grad_elems=1024 param_elems=1024 energy=0x1.4ep-11 finite=1
ATTR_NAMED_GRAD block=1152 name=w_o_5 grad=90cb2f8e grad_elems=1048576 param_elems=1048576 energy=0x1.b6p-10 finite=1
ATTR_NAMED_GRAD block=1152 name=w_r_5 grad=c7c24425 grad_elems=327680 param_elems=327680 energy=0x1.7ep-28 finite=1
ATTR_NAMED_GRAD block=1152 name=w_kv_5 grad=5dc0ea2e grad_elems=2097152 param_elems=2097152 energy=0x1.3ep-9 finite=1
ATTR_NAMED_GRAD block=1152 name=w_q_5 grad=eb86471a grad_elems=1048576 param_elems=1048576 energy=0x1.bcp-16 finite=1
ATTR_NAMED_GRAD block=1152 name=ln_g_10 grad=5ad241ef grad_elems=1024 param_elems=1024 energy=0x1.66p-27 finite=1
ATTR_NAMED_GRAD block=1152 name=ln_b_10 grad=139f2e1a grad_elems=1024 param_elems=1024 energy=0x1.98p-23 finite=1
ATTR_NAMED_GRAD block=1152 name=ff2_4 grad=b845d5b3 grad_elems=3145728 param_elems=3145728 energy=0x1.22p-7 finite=1
ATTR_NAMED_GRAD block=1152 name=ff1_4 grad=48043858 grad_elems=6291456 param_elems=6291456 energy=0x1.76p-8 finite=1
ATTR_NAMED_GRAD block=1152 name=ln_g_9 grad=ffcec768 grad_elems=1024 param_elems=1024 energy=0x1.56p-20 finite=1
ATTR_NAMED_GRAD block=1152 name=ln_b_9 grad=0c1e54e5 grad_elems=1024 param_elems=1024 energy=0x1.ccp-20 finite=1
ATTR_NAMED_GRAD block=1152 name=ff_bias1_4 grad=59d2714c grad_elems=6144 param_elems=6144 energy=0x1.e2p-18 finite=1
ATTR_NAMED_GRAD block=1152 name=ff_bias2_4 grad=ceb52156 grad_elems=1024 param_elems=1024 energy=0x1.5ep-11 finite=1
ATTR_NAMED_GRAD block=1152 name=w_o_4 grad=29bc6566 grad_elems=1048576 param_elems=1048576 energy=0x1.5cp-10 finite=1
ATTR_NAMED_GRAD block=1152 name=w_r_4 grad=98b8d969 grad_elems=327680 param_elems=327680 energy=0x1.a2p-28 finite=1
ATTR_NAMED_GRAD block=1152 name=w_kv_4 grad=69dad164 grad_elems=2097152 param_elems=2097152 energy=0x1.1p-9 finite=1
ATTR_NAMED_GRAD block=1152 name=w_q_4 grad=14c10d9f grad_elems=1048576 param_elems=1048576 energy=0x1.2p-15 finite=1
ATTR_NAMED_GRAD block=1152 name=ln_g_8 grad=5f73cdcf grad_elems=1024 param_elems=1024 energy=0x1.d4p-27 finite=1
ATTR_NAMED_GRAD block=1152 name=ln_b_8 grad=c7baef75 grad_elems=1024 param_elems=1024 energy=0x1.2cp-22 finite=1
ATTR_NAMED_GRAD block=1152 name=ff2_3 grad=f5958baa grad_elems=3145728 param_elems=3145728 energy=0x1.32p-7 finite=1
ATTR_NAMED_GRAD block=1152 name=ff1_3 grad=fd7739c3 grad_elems=6291456 param_elems=6291456 energy=0x1.8p-8 finite=1
ATTR_NAMED_GRAD block=1152 name=ln_g_7 grad=c78b8bf8 grad_elems=1024 param_elems=1024 energy=0x1.5cp-20 finite=1
ATTR_NAMED_GRAD block=1152 name=ln_b_7 grad=d02b7905 grad_elems=1024 param_elems=1024 energy=0x1.dcp-20 finite=1
ATTR_NAMED_GRAD block=1152 name=ff_bias1_3 grad=6b519e68 grad_elems=6144 param_elems=6144 energy=0x1.ecp-18 finite=1
ATTR_NAMED_GRAD block=1152 name=ff_bias2_3 grad=eede9958 grad_elems=1024 param_elems=1024 energy=0x1.7p-11 finite=1
ATTR_NAMED_GRAD block=1152 name=w_o_3 grad=b475c45b grad_elems=1048576 param_elems=1048576 energy=0x1.2ep-10 finite=1
ATTR_NAMED_GRAD block=1152 name=w_r_3 grad=88c85786 grad_elems=327680 param_elems=327680 energy=0x1.b4p-28 finite=1
ATTR_NAMED_GRAD block=1152 name=w_kv_3 grad=b6813abd grad_elems=2097152 param_elems=2097152 energy=0x1.bp-10 finite=1
ATTR_NAMED_GRAD block=1152 name=w_q_3 grad=c016ff00 grad_elems=1048576 param_elems=1048576 energy=0x1.1p-15 finite=1
ATTR_NAMED_GRAD block=1152 name=ln_g_6 grad=fe870b57 grad_elems=1024 param_elems=1024 energy=0x1.c6p-27 finite=1
ATTR_NAMED_GRAD block=1152 name=ln_b_6 grad=3ce22e2c grad_elems=1024 param_elems=1024 energy=0x1.e8p-23 finite=1
ATTR_NAMED_GRAD block=1152 name=ff2_2 grad=4ff47906 grad_elems=3145728 param_elems=3145728 energy=0x1.32p-7 finite=1
ATTR_NAMED_GRAD block=1152 name=ff1_2 grad=92433adf grad_elems=6291456 param_elems=6291456 energy=0x1.88p-8 finite=1
ATTR_NAMED_GRAD block=1152 name=ln_g_5 grad=38d4821a grad_elems=1024 param_elems=1024 energy=0x1.5p-20 finite=1
ATTR_NAMED_GRAD block=1152 name=ln_b_5 grad=d94066b6 grad_elems=1024 param_elems=1024 energy=0x1.c6p-20 finite=1
ATTR_NAMED_GRAD block=1152 name=ff_bias1_2 grad=29906e2e grad_elems=6144 param_elems=6144 energy=0x1.ecp-18 finite=1
ATTR_NAMED_GRAD block=1152 name=ff_bias2_2 grad=7071099e grad_elems=1024 param_elems=1024 energy=0x1.82p-11 finite=1
ATTR_NAMED_GRAD block=1152 name=w_o_2 grad=9b3e415c grad_elems=1048576 param_elems=1048576 energy=0x1.f2p-11 finite=1
ATTR_NAMED_GRAD block=1152 name=w_r_2 grad=351ecc4d grad_elems=327680 param_elems=327680 energy=0x1.cp-28 finite=1
ATTR_NAMED_GRAD block=1152 name=w_kv_2 grad=a1d8e1a3 grad_elems=2097152 param_elems=2097152 energy=0x1.64p-10 finite=1
ATTR_NAMED_GRAD block=1152 name=w_q_2 grad=e61b9810 grad_elems=1048576 param_elems=1048576 energy=0x1.24p-15 finite=1
ATTR_NAMED_GRAD block=1152 name=ln_g_4 grad=4a2e6456 grad_elems=1024 param_elems=1024 energy=0x1.c6p-27 finite=1
ATTR_NAMED_GRAD block=1152 name=ln_b_4 grad=e4b5ca86 grad_elems=1024 param_elems=1024 energy=0x1.7ap-22 finite=1
ATTR_NAMED_GRAD block=1152 name=ff2_1 grad=0dfa9401 grad_elems=3145728 param_elems=3145728 energy=0x1.4p-7 finite=1
ATTR_NAMED_GRAD block=1152 name=ff1_1 grad=1823b4ac grad_elems=6291456 param_elems=6291456 energy=0x1.96p-8 finite=1
ATTR_NAMED_GRAD block=1152 name=ln_g_3 grad=84a8bc34 grad_elems=1024 param_elems=1024 energy=0x1.66p-20 finite=1
ATTR_NAMED_GRAD block=1152 name=ln_b_3 grad=c28d2ac2 grad_elems=1024 param_elems=1024 energy=0x1.e8p-20 finite=1
ATTR_NAMED_GRAD block=1152 name=ff_bias1_1 grad=6e1048f0 grad_elems=6144 param_elems=6144 energy=0x1p-17 finite=1
ATTR_NAMED_GRAD block=1152 name=ff_bias2_1 grad=030fbe3b grad_elems=1024 param_elems=1024 energy=0x1.92p-11 finite=1
ATTR_NAMED_GRAD block=1152 name=w_o_1 grad=0dc8ba1b grad_elems=1048576 param_elems=1048576 energy=0x1.fep-11 finite=1
ATTR_NAMED_GRAD block=1152 name=w_r_1 grad=77d1fd73 grad_elems=327680 param_elems=327680 energy=0x1.02p-27 finite=1
ATTR_NAMED_GRAD block=1152 name=w_kv_1 grad=af292477 grad_elems=2097152 param_elems=2097152 energy=0x1.4ep-10 finite=1
ATTR_NAMED_GRAD block=1152 name=w_q_1 grad=7ba7b07e grad_elems=1048576 param_elems=1048576 energy=0x1.e6p-15 finite=1
ATTR_NAMED_GRAD block=1152 name=ln_g_2 grad=0f3def1f grad_elems=1024 param_elems=1024 energy=0x1.f8p-26 finite=1
ATTR_NAMED_GRAD block=1152 name=ln_b_2 grad=f5aaa6bf grad_elems=1024 param_elems=1024 energy=0x1.8p-22 finite=1
ATTR_NAMED_GRAD block=1152 name=ff2_0 grad=d3c36295 grad_elems=3145728 param_elems=3145728 energy=0x1.3ep-7 finite=1
ATTR_NAMED_GRAD block=1152 name=ff1_0 grad=59fbfbd3 grad_elems=6291456 param_elems=6291456 energy=0x1.a2p-8 finite=1
ATTR_NAMED_GRAD block=1152 name=ln_g_1 grad=e318a9d7 grad_elems=1024 param_elems=1024 energy=0x1.72p-20 finite=1
ATTR_NAMED_GRAD block=1152 name=ln_b_1 grad=e12d894d grad_elems=1024 param_elems=1024 energy=0x1.dp-20 finite=1
ATTR_NAMED_GRAD block=1152 name=ff_bias1_0 grad=413c3802 grad_elems=6144 param_elems=6144 energy=0x1p-17 finite=1
ATTR_NAMED_GRAD block=1152 name=ff_bias2_0 grad=1ca63c83 grad_elems=1024 param_elems=1024 energy=0x1.a6p-11 finite=1
ATTR_NAMED_GRAD block=1152 name=w_o_0 grad=a8e15587 grad_elems=1048576 param_elems=1048576 energy=0x1.cep-11 finite=1
ATTR_NAMED_GRAD block=1152 name=w_r_0 grad=5b34e2e2 grad_elems=327680 param_elems=327680 energy=0x1.1cp-27 finite=1
ATTR_NAMED_GRAD block=1152 name=b_r_0 grad=10a036d4 grad_elems=2560 param_elems=2560 energy=0x1.c4p-10 finite=1
ATTR_NAMED_GRAD block=1152 name=w_kv_0 grad=b1785e04 grad_elems=2097152 param_elems=2097152 energy=0x1.1ep-10 finite=1
ATTR_NAMED_GRAD block=1152 name=w_q_0 grad=4e3d55d6 grad_elems=1048576 param_elems=1048576 energy=0x1.b8p-15 finite=1
ATTR_NAMED_GRAD block=1152 name=ln_g_0 grad=dc20f178 grad_elems=1024 param_elems=1024 energy=0x1.64p-26 finite=1
ATTR_NAMED_GRAD block=1152 name=ln_b_0 grad=e2df7e60 grad_elems=1024 param_elems=1024 energy=0x1.cep-23 finite=1
ATTR_NAMED_GRAD block=1152 name=embed grad=47750e8e grad_elems=16785408 param_elems=16785408 energy=0x1.9ab12cp-3 finite=1
ATTR_NAMED_GRAD block=1152 name=ln_g_40 grad=5c1e4a5a grad_elems=1024 param_elems=1024 energy=0x1.28p-10 finite=1
ATTR_NAMED_GRAD block=1152 name=ln_b_40 grad=d2461bc9 grad_elems=1024 param_elems=1024 energy=0x1.46p-10 finite=1
ATTR_NAMED_GRAD block=1152 name=out_bias grad=38accbee grad_elems=16392 param_elems=16392 energy=0x1.36p-9 finite=1
ATTR_HEAD arm=1 block=1152 weight=6208e351 bias=12f63a89
ATTR_STATE arm=1 block=1152 step=38 params=f47ba90f memory=80593074
ATTR_NAMED_GRAD block=1216 name=embed_out grad=9598b954 grad_elems=16785408 param_elems=16785408 energy=0x1.e2p+0 finite=1
ATTR_NAMED_GRAD block=1216 name=ff2_19 grad=71c98816 grad_elems=3145728 param_elems=3145728 energy=0x1.0ep-7 finite=1
ATTR_NAMED_GRAD block=1216 name=ff1_19 grad=730e6016 grad_elems=6291456 param_elems=6291456 energy=0x1.78p-8 finite=1
ATTR_NAMED_GRAD block=1216 name=ln_g_39 grad=f41b8032 grad_elems=1024 param_elems=1024 energy=0x1.bap-20 finite=1
ATTR_NAMED_GRAD block=1216 name=ln_b_39 grad=ac532d6c grad_elems=1024 param_elems=1024 energy=0x1.56p-19 finite=1
ATTR_NAMED_GRAD block=1216 name=ff_bias1_19 grad=2998a51a grad_elems=6144 param_elems=6144 energy=0x1.1p-17 finite=1
ATTR_NAMED_GRAD block=1216 name=ff_bias2_19 grad=689b3b31 grad_elems=1024 param_elems=1024 energy=0x1.24p-11 finite=1
ATTR_NAMED_GRAD block=1216 name=w_o_19 grad=ad4e9034 grad_elems=1048576 param_elems=1048576 energy=0x1.ecp-5 finite=1
ATTR_NAMED_GRAD block=1216 name=w_r_19 grad=4afcae05 grad_elems=327680 param_elems=327680 energy=0x1.94p-27 finite=1
ATTR_NAMED_GRAD block=1216 name=w_kv_19 grad=09e21a37 grad_elems=2097152 param_elems=2097152 energy=0x1.2p-4 finite=1
ATTR_NAMED_GRAD block=1216 name=w_q_19 grad=4e54187d grad_elems=1048576 param_elems=1048576 energy=0x1.2ap-13 finite=1
ATTR_NAMED_GRAD block=1216 name=ln_g_38 grad=f1681150 grad_elems=1024 param_elems=1024 energy=0x1.f6p-23 finite=1
ATTR_NAMED_GRAD block=1216 name=ln_b_38 grad=a8a74e37 grad_elems=1024 param_elems=1024 energy=0x1.aap-21 finite=1
ATTR_NAMED_GRAD block=1216 name=ff2_18 grad=946ccdf6 grad_elems=3145728 param_elems=3145728 energy=0x1.18p-7 finite=1
ATTR_NAMED_GRAD block=1216 name=ff1_18 grad=a7d8d737 grad_elems=6291456 param_elems=6291456 energy=0x1.7cp-8 finite=1
ATTR_NAMED_GRAD block=1216 name=ln_g_37 grad=0899f2fe grad_elems=1024 param_elems=1024 energy=0x1.86p-20 finite=1
ATTR_NAMED_GRAD block=1216 name=ln_b_37 grad=b30bb8b6 grad_elems=1024 param_elems=1024 energy=0x1.76p-19 finite=1
ATTR_NAMED_GRAD block=1216 name=ff_bias1_18 grad=2ca8cf77 grad_elems=6144 param_elems=6144 energy=0x1.2ap-17 finite=1
ATTR_NAMED_GRAD block=1216 name=ff_bias2_18 grad=0bb252e6 grad_elems=1024 param_elems=1024 energy=0x1.1ep-11 finite=1
ATTR_NAMED_GRAD block=1216 name=w_o_18 grad=e86c7994 grad_elems=1048576 param_elems=1048576 energy=0x1.0cp-5 finite=1
ATTR_NAMED_GRAD block=1216 name=w_r_18 grad=8c1a35b9 grad_elems=327680 param_elems=327680 energy=0x1.46p-27 finite=1
ATTR_NAMED_GRAD block=1216 name=w_kv_18 grad=3a5a90bb grad_elems=2097152 param_elems=2097152 energy=0x1.5p-5 finite=1
ATTR_NAMED_GRAD block=1216 name=w_q_18 grad=05e9ac74 grad_elems=1048576 param_elems=1048576 energy=0x1.12p-13 finite=1
ATTR_NAMED_GRAD block=1216 name=ln_g_36 grad=b063f36c grad_elems=1024 param_elems=1024 energy=0x1.8p-23 finite=1
ATTR_NAMED_GRAD block=1216 name=ln_b_36 grad=db85c82a grad_elems=1024 param_elems=1024 energy=0x1.7ep-21 finite=1
ATTR_NAMED_GRAD block=1216 name=ff2_17 grad=718ee21b grad_elems=3145728 param_elems=3145728 energy=0x1.14p-7 finite=1
ATTR_NAMED_GRAD block=1216 name=ff1_17 grad=8a248496 grad_elems=6291456 param_elems=6291456 energy=0x1.7p-8 finite=1
ATTR_NAMED_GRAD block=1216 name=ln_g_35 grad=2d1f3d9a grad_elems=1024 param_elems=1024 energy=0x1.72p-20 finite=1
ATTR_NAMED_GRAD block=1216 name=ln_b_35 grad=4cf561d1 grad_elems=1024 param_elems=1024 energy=0x1.66p-19 finite=1
ATTR_NAMED_GRAD block=1216 name=ff_bias1_17 grad=5d8d235e grad_elems=6144 param_elems=6144 energy=0x1.22p-17 finite=1
ATTR_NAMED_GRAD block=1216 name=ff_bias2_17 grad=665fb7c5 grad_elems=1024 param_elems=1024 energy=0x1.16p-11 finite=1
ATTR_NAMED_GRAD block=1216 name=w_o_17 grad=c7976b3f grad_elems=1048576 param_elems=1048576 energy=0x1.24p-6 finite=1
ATTR_NAMED_GRAD block=1216 name=w_r_17 grad=57a33f3d grad_elems=327680 param_elems=327680 energy=0x1.7ap-27 finite=1
ATTR_NAMED_GRAD block=1216 name=w_kv_17 grad=0836196f grad_elems=2097152 param_elems=2097152 energy=0x1.8ap-6 finite=1
ATTR_NAMED_GRAD block=1216 name=w_q_17 grad=86cc0810 grad_elems=1048576 param_elems=1048576 energy=0x1.e2p-13 finite=1
ATTR_NAMED_GRAD block=1216 name=ln_g_34 grad=4b48d6d4 grad_elems=1024 param_elems=1024 energy=0x1.34p-22 finite=1
ATTR_NAMED_GRAD block=1216 name=ln_b_34 grad=8d14ba07 grad_elems=1024 param_elems=1024 energy=0x1.28p-20 finite=1
ATTR_NAMED_GRAD block=1216 name=ff2_16 grad=c8d419d4 grad_elems=3145728 param_elems=3145728 energy=0x1p-7 finite=1
ATTR_NAMED_GRAD block=1216 name=ff1_16 grad=4ecada35 grad_elems=6291456 param_elems=6291456 energy=0x1.4ep-8 finite=1
ATTR_NAMED_GRAD block=1216 name=ln_g_33 grad=eb487cda grad_elems=1024 param_elems=1024 energy=0x1.3p-20 finite=1
ATTR_NAMED_GRAD block=1216 name=ln_b_33 grad=ac637edd grad_elems=1024 param_elems=1024 energy=0x1.1ep-19 finite=1
ATTR_NAMED_GRAD block=1216 name=ff_bias1_16 grad=110e820d grad_elems=6144 param_elems=6144 energy=0x1.e8p-18 finite=1
ATTR_NAMED_GRAD block=1216 name=ff_bias2_16 grad=1764bc6c grad_elems=1024 param_elems=1024 energy=0x1.08p-11 finite=1
ATTR_NAMED_GRAD block=1216 name=w_o_16 grad=f8ad66ee grad_elems=1048576 param_elems=1048576 energy=0x1.7ap-7 finite=1
ATTR_NAMED_GRAD block=1216 name=w_r_16 grad=b8517356 grad_elems=327680 param_elems=327680 energy=0x1.cap-28 finite=1
ATTR_NAMED_GRAD block=1216 name=w_kv_16 grad=ff551eb0 grad_elems=2097152 param_elems=2097152 energy=0x1.4cp-6 finite=1
ATTR_NAMED_GRAD block=1216 name=w_q_16 grad=d4945827 grad_elems=1048576 param_elems=1048576 energy=0x1.b4p-14 finite=1
ATTR_NAMED_GRAD block=1216 name=ln_g_32 grad=e9fea46d grad_elems=1024 param_elems=1024 energy=0x1.dep-24 finite=1
ATTR_NAMED_GRAD block=1216 name=ln_b_32 grad=8c8bde04 grad_elems=1024 param_elems=1024 energy=0x1.f4p-22 finite=1
ATTR_NAMED_GRAD block=1216 name=ff2_15 grad=55c106a2 grad_elems=3145728 param_elems=3145728 energy=0x1.f8p-8 finite=1
ATTR_NAMED_GRAD block=1216 name=ff1_15 grad=8dacf224 grad_elems=6291456 param_elems=6291456 energy=0x1.48p-8 finite=1
ATTR_NAMED_GRAD block=1216 name=ln_g_31 grad=20b2310e grad_elems=1024 param_elems=1024 energy=0x1.34p-20 finite=1
ATTR_NAMED_GRAD block=1216 name=ln_b_31 grad=2f90cf81 grad_elems=1024 param_elems=1024 energy=0x1.c8p-20 finite=1
ATTR_NAMED_GRAD block=1216 name=ff_bias1_15 grad=361b8bb7 grad_elems=6144 param_elems=6144 energy=0x1.cep-18 finite=1
ATTR_NAMED_GRAD block=1216 name=ff_bias2_15 grad=219cb41b grad_elems=1024 param_elems=1024 energy=0x1.fcp-12 finite=1
ATTR_NAMED_GRAD block=1216 name=w_o_15 grad=68d34f7d grad_elems=1048576 param_elems=1048576 energy=0x1.36p-7 finite=1
ATTR_NAMED_GRAD block=1216 name=w_r_15 grad=f82e1216 grad_elems=327680 param_elems=327680 energy=0x1.e6p-28 finite=1
ATTR_NAMED_GRAD block=1216 name=w_kv_15 grad=6ddbb733 grad_elems=2097152 param_elems=2097152 energy=0x1.dp-7 finite=1
ATTR_NAMED_GRAD block=1216 name=w_q_15 grad=1b5a98b4 grad_elems=1048576 param_elems=1048576 energy=0x1.d6p-14 finite=1
ATTR_NAMED_GRAD block=1216 name=ln_g_30 grad=e721f817 grad_elems=1024 param_elems=1024 energy=0x1.e6p-24 finite=1
ATTR_NAMED_GRAD block=1216 name=ln_b_30 grad=faae99c0 grad_elems=1024 param_elems=1024 energy=0x1.06p-21 finite=1
ATTR_NAMED_GRAD block=1216 name=ff2_14 grad=8e8b7fdd grad_elems=3145728 param_elems=3145728 energy=0x1.04p-7 finite=1
ATTR_NAMED_GRAD block=1216 name=ff1_14 grad=9abc0bdd grad_elems=6291456 param_elems=6291456 energy=0x1.44p-8 finite=1
ATTR_NAMED_GRAD block=1216 name=ln_g_29 grad=af3e69ea grad_elems=1024 param_elems=1024 energy=0x1.24p-20 finite=1
ATTR_NAMED_GRAD block=1216 name=ln_b_29 grad=85dced30 grad_elems=1024 param_elems=1024 energy=0x1.b8p-20 finite=1
ATTR_NAMED_GRAD block=1216 name=ff_bias1_14 grad=2f11a5c7 grad_elems=6144 param_elems=6144 energy=0x1.bep-18 finite=1
ATTR_NAMED_GRAD block=1216 name=ff_bias2_14 grad=21d75c1f grad_elems=1024 param_elems=1024 energy=0x1.f6p-12 finite=1
ATTR_NAMED_GRAD block=1216 name=w_o_14 grad=c32a2158 grad_elems=1048576 param_elems=1048576 energy=0x1.02p-7 finite=1
ATTR_NAMED_GRAD block=1216 name=w_r_14 grad=841cbc57 grad_elems=327680 param_elems=327680 energy=0x1.7ap-28 finite=1
ATTR_NAMED_GRAD block=1216 name=w_kv_14 grad=862ea667 grad_elems=2097152 param_elems=2097152 energy=0x1.94p-7 finite=1
ATTR_NAMED_GRAD block=1216 name=w_q_14 grad=36d03ede grad_elems=1048576 param_elems=1048576 energy=0x1.f8p-15 finite=1
ATTR_NAMED_GRAD block=1216 name=ln_g_28 grad=685927f3 grad_elems=1024 param_elems=1024 energy=0x1.aep-25 finite=1
ATTR_NAMED_GRAD block=1216 name=ln_b_28 grad=d5fcc531 grad_elems=1024 param_elems=1024 energy=0x1.08p-22 finite=1
ATTR_NAMED_GRAD block=1216 name=ff2_13 grad=f972602d grad_elems=3145728 param_elems=3145728 energy=0x1.f4p-8 finite=1
ATTR_NAMED_GRAD block=1216 name=ff1_13 grad=c56d529b grad_elems=6291456 param_elems=6291456 energy=0x1.44p-8 finite=1
ATTR_NAMED_GRAD block=1216 name=ln_g_27 grad=691d0121 grad_elems=1024 param_elems=1024 energy=0x1.24p-20 finite=1
ATTR_NAMED_GRAD block=1216 name=ln_b_27 grad=9878b03a grad_elems=1024 param_elems=1024 energy=0x1.a8p-20 finite=1
ATTR_NAMED_GRAD block=1216 name=ff_bias1_13 grad=ef1c3799 grad_elems=6144 param_elems=6144 energy=0x1.bep-18 finite=1
ATTR_NAMED_GRAD block=1216 name=ff_bias2_13 grad=bc9d51f8 grad_elems=1024 param_elems=1024 energy=0x1.fcp-12 finite=1
ATTR_NAMED_GRAD block=1216 name=w_o_13 grad=52f53059 grad_elems=1048576 param_elems=1048576 energy=0x1.c4p-8 finite=1
ATTR_NAMED_GRAD block=1216 name=w_r_13 grad=c1e78060 grad_elems=327680 param_elems=327680 energy=0x1.1ep-28 finite=1
ATTR_NAMED_GRAD block=1216 name=w_kv_13 grad=afb0b041 grad_elems=2097152 param_elems=2097152 energy=0x1.54p-7 finite=1
ATTR_NAMED_GRAD block=1216 name=w_q_13 grad=84f0a7a5 grad_elems=1048576 param_elems=1048576 energy=0x1.dep-16 finite=1
ATTR_NAMED_GRAD block=1216 name=ln_g_26 grad=cd2e31e4 grad_elems=1024 param_elems=1024 energy=0x1.cep-26 finite=1
ATTR_NAMED_GRAD block=1216 name=ln_b_26 grad=94c9aaa2 grad_elems=1024 param_elems=1024 energy=0x1.32p-23 finite=1
ATTR_NAMED_GRAD block=1216 name=ff2_12 grad=6fc666ad grad_elems=3145728 param_elems=3145728 energy=0x1.fep-8 finite=1
ATTR_NAMED_GRAD block=1216 name=ff1_12 grad=3bc97384 grad_elems=6291456 param_elems=6291456 energy=0x1.44p-8 finite=1
ATTR_NAMED_GRAD block=1216 name=ln_g_25 grad=a6a7124c grad_elems=1024 param_elems=1024 energy=0x1.58p-20 finite=1
ATTR_NAMED_GRAD block=1216 name=ln_b_25 grad=229ba1e0 grad_elems=1024 param_elems=1024 energy=0x1.9ap-20 finite=1
ATTR_NAMED_GRAD block=1216 name=ff_bias1_12 grad=b29421ba grad_elems=6144 param_elems=6144 energy=0x1.aep-18 finite=1
ATTR_NAMED_GRAD block=1216 name=ff_bias2_12 grad=e63fb34a grad_elems=1024 param_elems=1024 energy=0x1p-11 finite=1
ATTR_NAMED_GRAD block=1216 name=w_o_12 grad=ff7076f9 grad_elems=1048576 param_elems=1048576 energy=0x1.8p-8 finite=1
ATTR_NAMED_GRAD block=1216 name=w_r_12 grad=e7d4d771 grad_elems=327680 param_elems=327680 energy=0x1.24p-28 finite=1
ATTR_NAMED_GRAD block=1216 name=w_kv_12 grad=b2f3d410 grad_elems=2097152 param_elems=2097152 energy=0x1.02p-7 finite=1
ATTR_NAMED_GRAD block=1216 name=w_q_12 grad=6e086a2d grad_elems=1048576 param_elems=1048576 energy=0x1.9ep-16 finite=1
ATTR_NAMED_GRAD block=1216 name=ln_g_24 grad=8c6d9dbf grad_elems=1024 param_elems=1024 energy=0x1.54p-26 finite=1
ATTR_NAMED_GRAD block=1216 name=ln_b_24 grad=9684bf9d grad_elems=1024 param_elems=1024 energy=0x1.f8p-24 finite=1
ATTR_NAMED_GRAD block=1216 name=ff2_11 grad=0ac3eee3 grad_elems=3145728 param_elems=3145728 energy=0x1.eap-8 finite=1
ATTR_NAMED_GRAD block=1216 name=ff1_11 grad=0f8878c0 grad_elems=6291456 param_elems=6291456 energy=0x1.42p-8 finite=1
ATTR_NAMED_GRAD block=1216 name=ln_g_23 grad=64104892 grad_elems=1024 param_elems=1024 energy=0x1.5ap-20 finite=1
ATTR_NAMED_GRAD block=1216 name=ln_b_23 grad=f1ab31ca grad_elems=1024 param_elems=1024 energy=0x1.9ep-20 finite=1
ATTR_NAMED_GRAD block=1216 name=ff_bias1_11 grad=ab72a2d4 grad_elems=6144 param_elems=6144 energy=0x1.b8p-18 finite=1
ATTR_NAMED_GRAD block=1216 name=ff_bias2_11 grad=4da0a642 grad_elems=1024 param_elems=1024 energy=0x1.08p-11 finite=1
ATTR_NAMED_GRAD block=1216 name=w_o_11 grad=a06332e2 grad_elems=1048576 param_elems=1048576 energy=0x1.5p-8 finite=1
ATTR_NAMED_GRAD block=1216 name=w_r_11 grad=e23bfec0 grad_elems=327680 param_elems=327680 energy=0x1.2ep-28 finite=1
ATTR_NAMED_GRAD block=1216 name=w_kv_11 grad=80d421dd grad_elems=2097152 param_elems=2097152 energy=0x1.ecp-8 finite=1
ATTR_NAMED_GRAD block=1216 name=w_q_11 grad=b76c7f29 grad_elems=1048576 param_elems=1048576 energy=0x1.b4p-16 finite=1
ATTR_NAMED_GRAD block=1216 name=ln_g_22 grad=66d684c3 grad_elems=1024 param_elems=1024 energy=0x1.0ep-26 finite=1
ATTR_NAMED_GRAD block=1216 name=ln_b_22 grad=f7001f72 grad_elems=1024 param_elems=1024 energy=0x1.3ap-23 finite=1
ATTR_NAMED_GRAD block=1216 name=ff2_10 grad=f5e54305 grad_elems=3145728 param_elems=3145728 energy=0x1p-7 finite=1
ATTR_NAMED_GRAD block=1216 name=ff1_10 grad=6b66987c grad_elems=6291456 param_elems=6291456 energy=0x1.4cp-8 finite=1
ATTR_NAMED_GRAD block=1216 name=ln_g_21 grad=e1fd67e6 grad_elems=1024 param_elems=1024 energy=0x1.64p-20 finite=1
ATTR_NAMED_GRAD block=1216 name=ln_b_21 grad=11811fdf grad_elems=1024 param_elems=1024 energy=0x1.a4p-20 finite=1
ATTR_NAMED_GRAD block=1216 name=ff_bias1_10 grad=6045f82d grad_elems=6144 param_elems=6144 energy=0x1.bep-18 finite=1
ATTR_NAMED_GRAD block=1216 name=ff_bias2_10 grad=d620dcf6 grad_elems=1024 param_elems=1024 energy=0x1.1p-11 finite=1
ATTR_NAMED_GRAD block=1216 name=w_o_10 grad=0ad2b768 grad_elems=1048576 param_elems=1048576 energy=0x1.0ap-8 finite=1
ATTR_NAMED_GRAD block=1216 name=w_r_10 grad=8b50964a grad_elems=327680 param_elems=327680 energy=0x1.32p-28 finite=1
ATTR_NAMED_GRAD block=1216 name=w_kv_10 grad=b9bd058a grad_elems=2097152 param_elems=2097152 energy=0x1.a2p-8 finite=1
ATTR_NAMED_GRAD block=1216 name=w_q_10 grad=580e3eb8 grad_elems=1048576 param_elems=1048576 energy=0x1.92p-16 finite=1
ATTR_NAMED_GRAD block=1216 name=ln_g_20 grad=65ae849c grad_elems=1024 param_elems=1024 energy=0x1.06p-26 finite=1
ATTR_NAMED_GRAD block=1216 name=ln_b_20 grad=bc83baf3 grad_elems=1024 param_elems=1024 energy=0x1.38p-23 finite=1
ATTR_NAMED_GRAD block=1216 name=ff2_9 grad=4401f2aa grad_elems=3145728 param_elems=3145728 energy=0x1.02p-7 finite=1
ATTR_NAMED_GRAD block=1216 name=ff1_9 grad=c34fa1c2 grad_elems=6291456 param_elems=6291456 energy=0x1.4ep-8 finite=1
ATTR_NAMED_GRAD block=1216 name=ln_g_19 grad=902a223a grad_elems=1024 param_elems=1024 energy=0x1.aep-20 finite=1
ATTR_NAMED_GRAD block=1216 name=ln_b_19 grad=83acca7f grad_elems=1024 param_elems=1024 energy=0x1.76p-20 finite=1
ATTR_NAMED_GRAD block=1216 name=ff_bias1_9 grad=2f8f777b grad_elems=6144 param_elems=6144 energy=0x1.b2p-18 finite=1
ATTR_NAMED_GRAD block=1216 name=ff_bias2_9 grad=3f3d51bf grad_elems=1024 param_elems=1024 energy=0x1.18p-11 finite=1
ATTR_NAMED_GRAD block=1216 name=w_o_9 grad=41eb39f6 grad_elems=1048576 param_elems=1048576 energy=0x1.ep-9 finite=1
ATTR_NAMED_GRAD block=1216 name=w_r_9 grad=907b912c grad_elems=327680 param_elems=327680 energy=0x1.42p-28 finite=1
ATTR_NAMED_GRAD block=1216 name=w_kv_9 grad=47f977ef grad_elems=2097152 param_elems=2097152 energy=0x1.46p-8 finite=1
ATTR_NAMED_GRAD block=1216 name=w_q_9 grad=972775b8 grad_elems=1048576 param_elems=1048576 energy=0x1.9ep-16 finite=1
ATTR_NAMED_GRAD block=1216 name=ln_g_18 grad=04060b8c grad_elems=1024 param_elems=1024 energy=0x1.d4p-27 finite=1
ATTR_NAMED_GRAD block=1216 name=ln_b_18 grad=025e84b0 grad_elems=1024 param_elems=1024 energy=0x1.42p-23 finite=1
ATTR_NAMED_GRAD block=1216 name=ff2_8 grad=a0fb5c6a grad_elems=3145728 param_elems=3145728 energy=0x1.08p-7 finite=1
ATTR_NAMED_GRAD block=1216 name=ff1_8 grad=c8f11347 grad_elems=6291456 param_elems=6291456 energy=0x1.54p-8 finite=1
ATTR_NAMED_GRAD block=1216 name=ln_g_17 grad=fce83c8d grad_elems=1024 param_elems=1024 energy=0x1.a4p-20 finite=1
ATTR_NAMED_GRAD block=1216 name=ln_b_17 grad=48399b37 grad_elems=1024 param_elems=1024 energy=0x1.bp-20 finite=1
ATTR_NAMED_GRAD block=1216 name=ff_bias1_8 grad=1ee21dc4 grad_elems=6144 param_elems=6144 energy=0x1.bcp-18 finite=1
ATTR_NAMED_GRAD block=1216 name=ff_bias2_8 grad=e11662cf grad_elems=1024 param_elems=1024 energy=0x1.22p-11 finite=1
ATTR_NAMED_GRAD block=1216 name=w_o_8 grad=b6b5ade4 grad_elems=1048576 param_elems=1048576 energy=0x1.7cp-9 finite=1
ATTR_NAMED_GRAD block=1216 name=w_r_8 grad=77ef803e grad_elems=327680 param_elems=327680 energy=0x1.4cp-28 finite=1
ATTR_NAMED_GRAD block=1216 name=w_kv_8 grad=037196a2 grad_elems=2097152 param_elems=2097152 energy=0x1.16p-8 finite=1
ATTR_NAMED_GRAD block=1216 name=w_q_8 grad=41484489 grad_elems=1048576 param_elems=1048576 energy=0x1.72p-16 finite=1
ATTR_NAMED_GRAD block=1216 name=ln_g_16 grad=983f264c grad_elems=1024 param_elems=1024 energy=0x1.9ap-27 finite=1
ATTR_NAMED_GRAD block=1216 name=ln_b_16 grad=cd3f28ab grad_elems=1024 param_elems=1024 energy=0x1.34p-23 finite=1
ATTR_NAMED_GRAD block=1216 name=ff2_7 grad=2f9225b1 grad_elems=3145728 param_elems=3145728 energy=0x1.0ap-7 finite=1
ATTR_NAMED_GRAD block=1216 name=ff1_7 grad=7388f50f grad_elems=6291456 param_elems=6291456 energy=0x1.58p-8 finite=1
ATTR_NAMED_GRAD block=1216 name=ln_g_15 grad=b8831e6e grad_elems=1024 param_elems=1024 energy=0x1.9cp-20 finite=1
ATTR_NAMED_GRAD block=1216 name=ln_b_15 grad=e3c1a8b3 grad_elems=1024 param_elems=1024 energy=0x1.acp-20 finite=1
ATTR_NAMED_GRAD block=1216 name=ff_bias1_7 grad=50a68eba grad_elems=6144 param_elems=6144 energy=0x1.c4p-18 finite=1
ATTR_NAMED_GRAD block=1216 name=ff_bias2_7 grad=57eefc9f grad_elems=1024 param_elems=1024 energy=0x1.2ep-11 finite=1
ATTR_NAMED_GRAD block=1216 name=w_o_7 grad=73a2ccdd grad_elems=1048576 param_elems=1048576 energy=0x1.3p-9 finite=1
ATTR_NAMED_GRAD block=1216 name=w_r_7 grad=3b58ee4c grad_elems=327680 param_elems=327680 energy=0x1.5cp-28 finite=1
ATTR_NAMED_GRAD block=1216 name=w_kv_7 grad=89d75e87 grad_elems=2097152 param_elems=2097152 energy=0x1.d8p-9 finite=1
ATTR_NAMED_GRAD block=1216 name=w_q_7 grad=0b004ee7 grad_elems=1048576 param_elems=1048576 energy=0x1.68p-16 finite=1
ATTR_NAMED_GRAD block=1216 name=ln_g_14 grad=5927fe37 grad_elems=1024 param_elems=1024 energy=0x1.86p-27 finite=1
ATTR_NAMED_GRAD block=1216 name=ln_b_14 grad=085cab6e grad_elems=1024 param_elems=1024 energy=0x1.48p-23 finite=1
ATTR_NAMED_GRAD block=1216 name=ff2_6 grad=5d5f85ae grad_elems=3145728 param_elems=3145728 energy=0x1.14p-7 finite=1
ATTR_NAMED_GRAD block=1216 name=ff1_6 grad=dcff78d5 grad_elems=6291456 param_elems=6291456 energy=0x1.62p-8 finite=1
ATTR_NAMED_GRAD block=1216 name=ln_g_13 grad=7003db8f grad_elems=1024 param_elems=1024 energy=0x1.bep-20 finite=1
ATTR_NAMED_GRAD block=1216 name=ln_b_13 grad=294a1fbf grad_elems=1024 param_elems=1024 energy=0x1.b2p-20 finite=1
ATTR_NAMED_GRAD block=1216 name=ff_bias1_6 grad=fb53f6c0 grad_elems=6144 param_elems=6144 energy=0x1.d2p-18 finite=1
ATTR_NAMED_GRAD block=1216 name=ff_bias2_6 grad=f87adf3b grad_elems=1024 param_elems=1024 energy=0x1.3cp-11 finite=1
ATTR_NAMED_GRAD block=1216 name=w_o_6 grad=62ae3c45 grad_elems=1048576 param_elems=1048576 energy=0x1.fp-10 finite=1
ATTR_NAMED_GRAD block=1216 name=w_r_6 grad=b0ef2ca9 grad_elems=327680 param_elems=327680 energy=0x1.6ep-28 finite=1
ATTR_NAMED_GRAD block=1216 name=w_kv_6 grad=3887d1aa grad_elems=2097152 param_elems=2097152 energy=0x1.8ep-9 finite=1
ATTR_NAMED_GRAD block=1216 name=w_q_6 grad=9fda0cc3 grad_elems=1048576 param_elems=1048576 energy=0x1.86p-16 finite=1
ATTR_NAMED_GRAD block=1216 name=ln_g_12 grad=d6e0e232 grad_elems=1024 param_elems=1024 energy=0x1.86p-27 finite=1
ATTR_NAMED_GRAD block=1216 name=ln_b_12 grad=ac9b07f0 grad_elems=1024 param_elems=1024 energy=0x1.8ep-23 finite=1
ATTR_NAMED_GRAD block=1216 name=ff2_5 grad=8ed43ed2 grad_elems=3145728 param_elems=3145728 energy=0x1.1ap-7 finite=1
ATTR_NAMED_GRAD block=1216 name=ff1_5 grad=55a24e2b grad_elems=6291456 param_elems=6291456 energy=0x1.68p-8 finite=1
ATTR_NAMED_GRAD block=1216 name=ln_g_11 grad=a34958b7 grad_elems=1024 param_elems=1024 energy=0x1.ap-20 finite=1
ATTR_NAMED_GRAD block=1216 name=ln_b_11 grad=6324b0fb grad_elems=1024 param_elems=1024 energy=0x1.b8p-20 finite=1
ATTR_NAMED_GRAD block=1216 name=ff_bias1_5 grad=3325a4ed grad_elems=6144 param_elems=6144 energy=0x1.dp-18 finite=1
ATTR_NAMED_GRAD block=1216 name=ff_bias2_5 grad=4efcd513 grad_elems=1024 param_elems=1024 energy=0x1.46p-11 finite=1
ATTR_NAMED_GRAD block=1216 name=w_o_5 grad=d1596751 grad_elems=1048576 param_elems=1048576 energy=0x1.a2p-10 finite=1
ATTR_NAMED_GRAD block=1216 name=w_r_5 grad=c48e3726 grad_elems=327680 param_elems=327680 energy=0x1.7ep-28 finite=1
ATTR_NAMED_GRAD block=1216 name=w_kv_5 grad=b2d1fcdf grad_elems=2097152 param_elems=2097152 energy=0x1.2ep-9 finite=1
ATTR_NAMED_GRAD block=1216 name=w_q_5 grad=ac7512d6 grad_elems=1048576 param_elems=1048576 energy=0x1.94p-16 finite=1
ATTR_NAMED_GRAD block=1216 name=ln_g_10 grad=2ddea9a7 grad_elems=1024 param_elems=1024 energy=0x1.6ap-27 finite=1
ATTR_NAMED_GRAD block=1216 name=ln_b_10 grad=666e4c87 grad_elems=1024 param_elems=1024 energy=0x1.64p-23 finite=1
ATTR_NAMED_GRAD block=1216 name=ff2_4 grad=9c448fb4 grad_elems=3145728 param_elems=3145728 energy=0x1.1ep-7 finite=1
ATTR_NAMED_GRAD block=1216 name=ff1_4 grad=804fa260 grad_elems=6291456 param_elems=6291456 energy=0x1.6ep-8 finite=1
ATTR_NAMED_GRAD block=1216 name=ln_g_9 grad=f20fe1e2 grad_elems=1024 param_elems=1024 energy=0x1.d8p-20 finite=1
ATTR_NAMED_GRAD block=1216 name=ln_b_9 grad=1b350066 grad_elems=1024 param_elems=1024 energy=0x1.8cp-20 finite=1
ATTR_NAMED_GRAD block=1216 name=ff_bias1_4 grad=2bf81619 grad_elems=6144 param_elems=6144 energy=0x1.b8p-18 finite=1
ATTR_NAMED_GRAD block=1216 name=ff_bias2_4 grad=942e35a6 grad_elems=1024 param_elems=1024 energy=0x1.5p-11 finite=1
ATTR_NAMED_GRAD block=1216 name=w_o_4 grad=84cbeae8 grad_elems=1048576 param_elems=1048576 energy=0x1.48p-10 finite=1
ATTR_NAMED_GRAD block=1216 name=w_r_4 grad=59303186 grad_elems=327680 param_elems=327680 energy=0x1.9p-28 finite=1
ATTR_NAMED_GRAD block=1216 name=w_kv_4 grad=5000be47 grad_elems=2097152 param_elems=2097152 energy=0x1.dcp-10 finite=1
ATTR_NAMED_GRAD block=1216 name=w_q_4 grad=222b933e grad_elems=1048576 param_elems=1048576 energy=0x1.dap-16 finite=1
ATTR_NAMED_GRAD block=1216 name=ln_g_8 grad=c4a88e70 grad_elems=1024 param_elems=1024 energy=0x1.86p-27 finite=1
ATTR_NAMED_GRAD block=1216 name=ln_b_8 grad=2694865b grad_elems=1024 param_elems=1024 energy=0x1.88p-23 finite=1
ATTR_NAMED_GRAD block=1216 name=ff2_3 grad=571c0ac7 grad_elems=3145728 param_elems=3145728 energy=0x1.32p-7 finite=1
ATTR_NAMED_GRAD block=1216 name=ff1_3 grad=03356901 grad_elems=6291456 param_elems=6291456 energy=0x1.7ap-8 finite=1
ATTR_NAMED_GRAD block=1216 name=ln_g_7 grad=3cd1fe34 grad_elems=1024 param_elems=1024 energy=0x1.c2p-20 finite=1
ATTR_NAMED_GRAD block=1216 name=ln_b_7 grad=9bc894df grad_elems=1024 param_elems=1024 energy=0x1.e6p-20 finite=1
ATTR_NAMED_GRAD block=1216 name=ff_bias1_3 grad=a415a765 grad_elems=6144 param_elems=6144 energy=0x1.d2p-18 finite=1
ATTR_NAMED_GRAD block=1216 name=ff_bias2_3 grad=585695e4 grad_elems=1024 param_elems=1024 energy=0x1.5cp-11 finite=1
ATTR_NAMED_GRAD block=1216 name=w_o_3 grad=46c8ee9a grad_elems=1048576 param_elems=1048576 energy=0x1.1ap-10 finite=1
ATTR_NAMED_GRAD block=1216 name=w_r_3 grad=53d808f2 grad_elems=327680 param_elems=327680 energy=0x1.acp-28 finite=1
ATTR_NAMED_GRAD block=1216 name=w_kv_3 grad=35b38cb4 grad_elems=2097152 param_elems=2097152 energy=0x1.96p-10 finite=1
ATTR_NAMED_GRAD block=1216 name=w_q_3 grad=2c20a10e grad_elems=1048576 param_elems=1048576 energy=0x1.04p-15 finite=1
ATTR_NAMED_GRAD block=1216 name=ln_g_6 grad=ddaaaae7 grad_elems=1024 param_elems=1024 energy=0x1.c6p-27 finite=1
ATTR_NAMED_GRAD block=1216 name=ln_b_6 grad=1e205468 grad_elems=1024 param_elems=1024 energy=0x1.a6p-23 finite=1
ATTR_NAMED_GRAD block=1216 name=ff2_2 grad=6f8e9518 grad_elems=3145728 param_elems=3145728 energy=0x1.32p-7 finite=1
ATTR_NAMED_GRAD block=1216 name=ff1_2 grad=6482a61f grad_elems=6291456 param_elems=6291456 energy=0x1.8p-8 finite=1
ATTR_NAMED_GRAD block=1216 name=ln_g_5 grad=ac4a119c grad_elems=1024 param_elems=1024 energy=0x1.e2p-20 finite=1
ATTR_NAMED_GRAD block=1216 name=ln_b_5 grad=28480b90 grad_elems=1024 param_elems=1024 energy=0x1.bp-20 finite=1
ATTR_NAMED_GRAD block=1216 name=ff_bias1_2 grad=61102cda grad_elems=6144 param_elems=6144 energy=0x1.d6p-18 finite=1
ATTR_NAMED_GRAD block=1216 name=ff_bias2_2 grad=ae6cd7c9 grad_elems=1024 param_elems=1024 energy=0x1.66p-11 finite=1
ATTR_NAMED_GRAD block=1216 name=w_o_2 grad=056c6aaf grad_elems=1048576 param_elems=1048576 energy=0x1.d6p-11 finite=1
ATTR_NAMED_GRAD block=1216 name=w_r_2 grad=10e048ba grad_elems=327680 param_elems=327680 energy=0x1.bp-28 finite=1
ATTR_NAMED_GRAD block=1216 name=w_kv_2 grad=5b14ffe4 grad_elems=2097152 param_elems=2097152 energy=0x1.46p-10 finite=1
ATTR_NAMED_GRAD block=1216 name=w_q_2 grad=7ce69d39 grad_elems=1048576 param_elems=1048576 energy=0x1.fcp-16 finite=1
ATTR_NAMED_GRAD block=1216 name=ln_g_4 grad=3de52235 grad_elems=1024 param_elems=1024 energy=0x1.84p-27 finite=1
ATTR_NAMED_GRAD block=1216 name=ln_b_4 grad=3bb334c0 grad_elems=1024 param_elems=1024 energy=0x1.4p-23 finite=1
ATTR_NAMED_GRAD block=1216 name=ff2_1 grad=77a368b6 grad_elems=3145728 param_elems=3145728 energy=0x1.42p-7 finite=1
ATTR_NAMED_GRAD block=1216 name=ff1_1 grad=ec43687a grad_elems=6291456 param_elems=6291456 energy=0x1.8ep-8 finite=1
ATTR_NAMED_GRAD block=1216 name=ln_g_3 grad=481a1895 grad_elems=1024 param_elems=1024 energy=0x1.c6p-20 finite=1
ATTR_NAMED_GRAD block=1216 name=ln_b_3 grad=4b7977fe grad_elems=1024 param_elems=1024 energy=0x1.aep-20 finite=1
ATTR_NAMED_GRAD block=1216 name=ff_bias1_1 grad=79f73fb0 grad_elems=6144 param_elems=6144 energy=0x1.e4p-18 finite=1
ATTR_NAMED_GRAD block=1216 name=ff_bias2_1 grad=2152c18e grad_elems=1024 param_elems=1024 energy=0x1.6cp-11 finite=1
ATTR_NAMED_GRAD block=1216 name=w_o_1 grad=9f87e342 grad_elems=1048576 param_elems=1048576 energy=0x1.cp-11 finite=1
ATTR_NAMED_GRAD block=1216 name=w_r_1 grad=61ea813a grad_elems=327680 param_elems=327680 energy=0x1.12p-27 finite=1
ATTR_NAMED_GRAD block=1216 name=w_kv_1 grad=ec025f96 grad_elems=2097152 param_elems=2097152 energy=0x1.12p-10 finite=1
ATTR_NAMED_GRAD block=1216 name=w_q_1 grad=0ac123aa grad_elems=1048576 param_elems=1048576 energy=0x1.0ap-13 finite=1
ATTR_NAMED_GRAD block=1216 name=ln_g_2 grad=7e1d878a grad_elems=1024 param_elems=1024 energy=0x1.02p-24 finite=1
ATTR_NAMED_GRAD block=1216 name=ln_b_2 grad=4137ba85 grad_elems=1024 param_elems=1024 energy=0x1.24p-23 finite=1
ATTR_NAMED_GRAD block=1216 name=ff2_0 grad=85564165 grad_elems=3145728 param_elems=3145728 energy=0x1.3cp-7 finite=1
ATTR_NAMED_GRAD block=1216 name=ff1_0 grad=fb13b285 grad_elems=6291456 param_elems=6291456 energy=0x1.98p-8 finite=1
ATTR_NAMED_GRAD block=1216 name=ln_g_1 grad=2311f47c grad_elems=1024 param_elems=1024 energy=0x1.dp-20 finite=1
ATTR_NAMED_GRAD block=1216 name=ln_b_1 grad=d63b1008 grad_elems=1024 param_elems=1024 energy=0x1.b6p-20 finite=1
ATTR_NAMED_GRAD block=1216 name=ff_bias1_0 grad=80d4f936 grad_elems=6144 param_elems=6144 energy=0x1.ep-18 finite=1
ATTR_NAMED_GRAD block=1216 name=ff_bias2_0 grad=1e696e12 grad_elems=1024 param_elems=1024 energy=0x1.78p-11 finite=1
ATTR_NAMED_GRAD block=1216 name=w_o_0 grad=8da93a5e grad_elems=1048576 param_elems=1048576 energy=0x1.8ap-11 finite=1
ATTR_NAMED_GRAD block=1216 name=w_r_0 grad=d876879c grad_elems=327680 param_elems=327680 energy=0x1.f6p-28 finite=1
ATTR_NAMED_GRAD block=1216 name=b_r_0 grad=a48254ae grad_elems=2560 param_elems=2560 energy=0x1.cep-10 finite=1
ATTR_NAMED_GRAD block=1216 name=w_kv_0 grad=732474be grad_elems=2097152 param_elems=2097152 energy=0x1.08p-10 finite=1
ATTR_NAMED_GRAD block=1216 name=w_q_0 grad=48279a53 grad_elems=1048576 param_elems=1048576 energy=0x1.0ap-14 finite=1
ATTR_NAMED_GRAD block=1216 name=ln_g_0 grad=88ddbd7d grad_elems=1024 param_elems=1024 energy=0x1.a4p-26 finite=1
ATTR_NAMED_GRAD block=1216 name=ln_b_0 grad=eb1478e7 grad_elems=1024 param_elems=1024 energy=0x1.58p-23 finite=1
ATTR_NAMED_GRAD block=1216 name=embed grad=7fe4f5ee grad_elems=16785408 param_elems=16785408 energy=0x1.93050ep-3 finite=1
ATTR_NAMED_GRAD block=1216 name=ln_g_40 grad=8a18cfd0 grad_elems=1024 param_elems=1024 energy=0x1.4cp-10 finite=1
ATTR_NAMED_GRAD block=1216 name=ln_b_40 grad=a516f8ca grad_elems=1024 param_elems=1024 energy=0x1.9p-10 finite=1
ATTR_NAMED_GRAD block=1216 name=out_bias grad=3aba67c0 grad_elems=16392 param_elems=16392 energy=0x1.4cp-9 finite=1
ATTR_HEAD arm=1 block=1216 weight=b00672b7 bias=b19d255f
ATTR_STATE arm=1 block=1216 step=40 params=9d9e9546 memory=0b1e024e
ATTR_NAMED_GRAD block=1280 name=embed_out grad=7891dd46 grad_elems=16785408 param_elems=16785408 energy=0x1.8cp+0 finite=1
ATTR_NAMED_GRAD block=1280 name=ff2_19 grad=2753a3ba grad_elems=3145728 param_elems=3145728 energy=0x1.94p-8 finite=1
ATTR_NAMED_GRAD block=1280 name=ff1_19 grad=6d20ad8f grad_elems=6291456 param_elems=6291456 energy=0x1.58p-8 finite=1
ATTR_NAMED_GRAD block=1280 name=ln_g_39 grad=12d2e881 grad_elems=1024 param_elems=1024 energy=0x1.46p-20 finite=1
ATTR_NAMED_GRAD block=1280 name=ln_b_39 grad=c337d4d2 grad_elems=1024 param_elems=1024 energy=0x1.d2p-20 finite=1
ATTR_NAMED_GRAD block=1280 name=ff_bias1_19 grad=f2eac2d1 grad_elems=6144 param_elems=6144 energy=0x1.e2p-18 finite=1
ATTR_NAMED_GRAD block=1280 name=ff_bias2_19 grad=9dd19a86 grad_elems=1024 param_elems=1024 energy=0x1.e8p-12 finite=1
ATTR_NAMED_GRAD block=1280 name=w_o_19 grad=cfcdf9a3 grad_elems=1048576 param_elems=1048576 energy=0x1.9ap-5 finite=1
ATTR_NAMED_GRAD block=1280 name=w_r_19 grad=e9e4f9c4 grad_elems=327680 param_elems=327680 energy=0x1.38p-26 finite=1
ATTR_NAMED_GRAD block=1280 name=w_kv_19 grad=05df03e6 grad_elems=2097152 param_elems=2097152 energy=0x1.2ep-4 finite=1
ATTR_NAMED_GRAD block=1280 name=w_q_19 grad=661f326d grad_elems=1048576 param_elems=1048576 energy=0x1.a6p-13 finite=1
ATTR_NAMED_GRAD block=1280 name=ln_g_38 grad=855eb17d grad_elems=1024 param_elems=1024 energy=0x1.22p-22 finite=1
ATTR_NAMED_GRAD block=1280 name=ln_b_38 grad=48cf33e6 grad_elems=1024 param_elems=1024 energy=0x1.2ep-20 finite=1
ATTR_NAMED_GRAD block=1280 name=ff2_18 grad=612f5f20 grad_elems=3145728 param_elems=3145728 energy=0x1.fep-8 finite=1
ATTR_NAMED_GRAD block=1280 name=ff1_18 grad=d3bbb9d9 grad_elems=6291456 param_elems=6291456 energy=0x1.6p-8 finite=1
ATTR_NAMED_GRAD block=1280 name=ln_g_37 grad=7805d6c1 grad_elems=1024 param_elems=1024 energy=0x1.54p-20 finite=1
ATTR_NAMED_GRAD block=1280 name=ln_b_37 grad=0b66fb10 grad_elems=1024 param_elems=1024 energy=0x1.f4p-20 finite=1
ATTR_NAMED_GRAD block=1280 name=ff_bias1_18 grad=7789398a grad_elems=6144 param_elems=6144 energy=0x1.e8p-18 finite=1
ATTR_NAMED_GRAD block=1280 name=ff_bias2_18 grad=39aa47a0 grad_elems=1024 param_elems=1024 energy=0x1.f2p-12 finite=1
ATTR_NAMED_GRAD block=1280 name=w_o_18 grad=2aa5ea1a grad_elems=1048576 param_elems=1048576 energy=0x1.cp-6 finite=1
ATTR_NAMED_GRAD block=1280 name=w_r_18 grad=faae7cf6 grad_elems=327680 param_elems=327680 energy=0x1.f4p-27 finite=1
ATTR_NAMED_GRAD block=1280 name=w_kv_18 grad=15a9b78f grad_elems=2097152 param_elems=2097152 energy=0x1.62p-5 finite=1
ATTR_NAMED_GRAD block=1280 name=w_q_18 grad=5468f93a grad_elems=1048576 param_elems=1048576 energy=0x1.22p-12 finite=1
ATTR_NAMED_GRAD block=1280 name=ln_g_36 grad=baf9aa26 grad_elems=1024 param_elems=1024 energy=0x1.48p-22 finite=1
ATTR_NAMED_GRAD block=1280 name=ln_b_36 grad=ce2cb16e grad_elems=1024 param_elems=1024 energy=0x1.6ap-20 finite=1
ATTR_NAMED_GRAD block=1280 name=ff2_17 grad=a4f4fd7f grad_elems=3145728 param_elems=3145728 energy=0x1.18p-7 finite=1
ATTR_NAMED_GRAD block=1280 name=ff1_17 grad=eac8f1bb grad_elems=6291456 param_elems=6291456 energy=0x1.68p-8 finite=1
ATTR_NAMED_GRAD block=1280 name=ln_g_35 grad=6403ae45 grad_elems=1024 param_elems=1024 energy=0x1.58p-20 finite=1
ATTR_NAMED_GRAD block=1280 name=ln_b_35 grad=a7a05a97 grad_elems=1024 param_elems=1024 energy=0x1.d2p-20 finite=1
ATTR_NAMED_GRAD block=1280 name=ff_bias1_17 grad=9a6c61d2 grad_elems=6144 param_elems=6144 energy=0x1.e2p-18 finite=1
ATTR_NAMED_GRAD block=1280 name=ff_bias2_17 grad=3f138ae2 grad_elems=1024 param_elems=1024 energy=0x1.ecp-12 finite=1
ATTR_NAMED_GRAD block=1280 name=w_o_17 grad=9dfd207b grad_elems=1048576 param_elems=1048576 energy=0x1.06p-6 finite=1
ATTR_NAMED_GRAD block=1280 name=w_r_17 grad=e1423dc0 grad_elems=327680 param_elems=327680 energy=0x1.9ap-27 finite=1
ATTR_NAMED_GRAD block=1280 name=w_kv_17 grad=50fe81f6 grad_elems=2097152 param_elems=2097152 energy=0x1.9cp-6 finite=1
ATTR_NAMED_GRAD block=1280 name=w_q_17 grad=153614d1 grad_elems=1048576 param_elems=1048576 energy=0x1.7cp-13 finite=1
ATTR_NAMED_GRAD block=1280 name=ln_g_34 grad=a7120df7 grad_elems=1024 param_elems=1024 energy=0x1.3ap-22 finite=1
ATTR_NAMED_GRAD block=1280 name=ln_b_34 grad=28ce48e8 grad_elems=1024 param_elems=1024 energy=0x1.64p-20 finite=1
ATTR_NAMED_GRAD block=1280 name=ff2_16 grad=2aabc820 grad_elems=3145728 param_elems=3145728 energy=0x1.12p-7 finite=1
ATTR_NAMED_GRAD block=1280 name=ff1_16 grad=173f92f1 grad_elems=6291456 param_elems=6291456 energy=0x1.62p-8 finite=1
ATTR_NAMED_GRAD block=1280 name=ln_g_33 grad=165aa2d8 grad_elems=1024 param_elems=1024 energy=0x1.4ap-20 finite=1
ATTR_NAMED_GRAD block=1280 name=ln_b_33 grad=30d6f4d7 grad_elems=1024 param_elems=1024 energy=0x1.d2p-20 finite=1
ATTR_NAMED_GRAD block=1280 name=ff_bias1_16 grad=54ef4e67 grad_elems=6144 param_elems=6144 energy=0x1.d2p-18 finite=1
ATTR_NAMED_GRAD block=1280 name=ff_bias2_16 grad=c59bd3d7 grad_elems=1024 param_elems=1024 energy=0x1.e8p-12 finite=1
ATTR_NAMED_GRAD block=1280 name=w_o_16 grad=1b61e2fa grad_elems=1048576 param_elems=1048576 energy=0x1.6cp-7 finite=1
ATTR_NAMED_GRAD block=1280 name=w_r_16 grad=a3dd106c grad_elems=327680 param_elems=327680 energy=0x1.06p-27 finite=1
ATTR_NAMED_GRAD block=1280 name=w_kv_16 grad=8457aac5 grad_elems=2097152 param_elems=2097152 energy=0x1.44p-6 finite=1
ATTR_NAMED_GRAD block=1280 name=w_q_16 grad=277e1c7b grad_elems=1048576 param_elems=1048576 energy=0x1.0cp-13 finite=1
ATTR_NAMED_GRAD block=1280 name=ln_g_32 grad=c38b3175 grad_elems=1024 param_elems=1024 energy=0x1.6ap-23 finite=1
ATTR_NAMED_GRAD block=1280 name=ln_b_32 grad=10905678 grad_elems=1024 param_elems=1024 energy=0x1.92p-21 finite=1
ATTR_NAMED_GRAD block=1280 name=ff2_15 grad=12b060df grad_elems=3145728 param_elems=3145728 energy=0x1.18p-7 finite=1
ATTR_NAMED_GRAD block=1280 name=ff1_15 grad=257c8184 grad_elems=6291456 param_elems=6291456 energy=0x1.64p-8 finite=1
ATTR_NAMED_GRAD block=1280 name=ln_g_31 grad=7a7a298b grad_elems=1024 param_elems=1024 energy=0x1.48p-20 finite=1
ATTR_NAMED_GRAD block=1280 name=ln_b_31 grad=e8e5d111 grad_elems=1024 param_elems=1024 energy=0x1.e4p-20 finite=1
ATTR_NAMED_GRAD block=1280 name=ff_bias1_15 grad=0b573eea grad_elems=6144 param_elems=6144 energy=0x1.d6p-18 finite=1
ATTR_NAMED_GRAD block=1280 name=ff_bias2_15 grad=a52f1129 grad_elems=1024 param_elems=1024 energy=0x1.eap-12 finite=1
ATTR_NAMED_GRAD block=1280 name=w_o_15 grad=b5fa8bd7 grad_elems=1048576 param_elems=1048576 energy=0x1.38p-7 finite=1
ATTR_NAMED_GRAD block=1280 name=w_r_15 grad=ff2d11dd grad_elems=327680 param_elems=327680 energy=0x1.0cp-27 finite=1
ATTR_NAMED_GRAD block=1280 name=w_kv_15 grad=36a58107 grad_elems=2097152 param_elems=2097152 energy=0x1.f8p-7 finite=1
ATTR_NAMED_GRAD block=1280 name=w_q_15 grad=e31383e0 grad_elems=1048576 param_elems=1048576 energy=0x1.3ep-14 finite=1
ATTR_NAMED_GRAD block=1280 name=ln_g_30 grad=3c336670 grad_elems=1024 param_elems=1024 energy=0x1.82p-24 finite=1
ATTR_NAMED_GRAD block=1280 name=ln_b_30 grad=51bf628d grad_elems=1024 param_elems=1024 energy=0x1.bp-22 finite=1
ATTR_NAMED_GRAD block=1280 name=ff2_14 grad=e7cc4bec grad_elems=3145728 param_elems=3145728 energy=0x1.18p-7 finite=1
ATTR_NAMED_GRAD block=1280 name=ff1_14 grad=7c1eb7d0 grad_elems=6291456 param_elems=6291456 energy=0x1.68p-8 finite=1
ATTR_NAMED_GRAD block=1280 name=ln_g_29 grad=654d761b grad_elems=1024 param_elems=1024 energy=0x1.56p-20 finite=1
ATTR_NAMED_GRAD block=1280 name=ln_b_29 grad=10e51e4c grad_elems=1024 param_elems=1024 energy=0x1.d2p-20 finite=1
ATTR_NAMED_GRAD block=1280 name=ff_bias1_14 grad=5336cb60 grad_elems=6144 param_elems=6144 energy=0x1.e4p-18 finite=1
ATTR_NAMED_GRAD block=1280 name=ff_bias2_14 grad=2ea4fc74 grad_elems=1024 param_elems=1024 energy=0x1.f4p-12 finite=1
ATTR_NAMED_GRAD block=1280 name=w_o_14 grad=9701d76a grad_elems=1048576 param_elems=1048576 energy=0x1.0ap-7 finite=1
ATTR_NAMED_GRAD block=1280 name=w_r_14 grad=f511823d grad_elems=327680 param_elems=327680 energy=0x1.7cp-28 finite=1
ATTR_NAMED_GRAD block=1280 name=w_kv_14 grad=367420d5 grad_elems=2097152 param_elems=2097152 energy=0x1.94p-7 finite=1
ATTR_NAMED_GRAD block=1280 name=w_q_14 grad=5f029953 grad_elems=1048576 param_elems=1048576 energy=0x1.1ep-14 finite=1
ATTR_NAMED_GRAD block=1280 name=ln_g_28 grad=47353bc5 grad_elems=1024 param_elems=1024 energy=0x1.acp-25 finite=1
ATTR_NAMED_GRAD block=1280 name=ln_b_28 grad=a02593ef grad_elems=1024 param_elems=1024 energy=0x1.f2p-23 finite=1
ATTR_NAMED_GRAD block=1280 name=ff2_13 grad=5fcb391b grad_elems=3145728 param_elems=3145728 energy=0x1.1p-7 finite=1
ATTR_NAMED_GRAD block=1280 name=ff1_13 grad=fcf82166 grad_elems=6291456 param_elems=6291456 energy=0x1.62p-8 finite=1
ATTR_NAMED_GRAD block=1280 name=ln_g_27 grad=29e0520a grad_elems=1024 param_elems=1024 energy=0x1.7p-20 finite=1
ATTR_NAMED_GRAD block=1280 name=ln_b_27 grad=6506090b grad_elems=1024 param_elems=1024 energy=0x1.c2p-20 finite=1
ATTR_NAMED_GRAD block=1280 name=ff_bias1_13 grad=3481f3ca grad_elems=6144 param_elems=6144 energy=0x1.cep-18 finite=1
ATTR_NAMED_GRAD block=1280 name=ff_bias2_13 grad=f5d8c375 grad_elems=1024 param_elems=1024 energy=0x1.04p-11 finite=1
ATTR_NAMED_GRAD block=1280 name=w_o_13 grad=f8c25f08 grad_elems=1048576 param_elems=1048576 energy=0x1.bcp-8 finite=1
ATTR_NAMED_GRAD block=1280 name=w_r_13 grad=1c94130b grad_elems=327680 param_elems=327680 energy=0x1.4p-28 finite=1
ATTR_NAMED_GRAD block=1280 name=w_kv_13 grad=cd15bad7 grad_elems=2097152 param_elems=2097152 energy=0x1.64p-7 finite=1
ATTR_NAMED_GRAD block=1280 name=w_q_13 grad=37609605 grad_elems=1048576 param_elems=1048576 energy=0x1.32p-15 finite=1
ATTR_NAMED_GRAD block=1280 name=ln_g_26 grad=a1aa1fd1 grad_elems=1024 param_elems=1024 energy=0x1.bap-26 finite=1
ATTR_NAMED_GRAD block=1280 name=ln_b_26 grad=6b2ec658 grad_elems=1024 param_elems=1024 energy=0x1.5p-23 finite=1
ATTR_NAMED_GRAD block=1280 name=ff2_12 grad=f0f8833a grad_elems=3145728 param_elems=3145728 energy=0x1.18p-7 finite=1
ATTR_NAMED_GRAD block=1280 name=ff1_12 grad=ae1865ad grad_elems=6291456 param_elems=6291456 energy=0x1.6ap-8 finite=1
ATTR_NAMED_GRAD block=1280 name=ln_g_25 grad=844dc3a3 grad_elems=1024 param_elems=1024 energy=0x1.a4p-20 finite=1
ATTR_NAMED_GRAD block=1280 name=ln_b_25 grad=129e3dbd grad_elems=1024 param_elems=1024 energy=0x1.d8p-20 finite=1
ATTR_NAMED_GRAD block=1280 name=ff_bias1_12 grad=f8e69692 grad_elems=6144 param_elems=6144 energy=0x1.e8p-18 finite=1
ATTR_NAMED_GRAD block=1280 name=ff_bias2_12 grad=47afd2fe grad_elems=1024 param_elems=1024 energy=0x1.1p-11 finite=1
ATTR_NAMED_GRAD block=1280 name=w_o_12 grad=d71b07e4 grad_elems=1048576 param_elems=1048576 energy=0x1.7cp-8 finite=1
ATTR_NAMED_GRAD block=1280 name=w_r_12 grad=ffcb798f grad_elems=327680 param_elems=327680 energy=0x1.44p-28 finite=1
ATTR_NAMED_GRAD block=1280 name=w_kv_12 grad=dfe1629d grad_elems=2097152 param_elems=2097152 energy=0x1.2ep-7 finite=1
ATTR_NAMED_GRAD block=1280 name=w_q_12 grad=ea4fbb23 grad_elems=1048576 param_elems=1048576 energy=0x1.e6p-16 finite=1
ATTR_NAMED_GRAD block=1280 name=ln_g_24 grad=3d072f48 grad_elems=1024 param_elems=1024 energy=0x1.68p-26 finite=1
ATTR_NAMED_GRAD block=1280 name=ln_b_24 grad=2623fbcb grad_elems=1024 param_elems=1024 energy=0x1.38p-23 finite=1
ATTR_NAMED_GRAD block=1280 name=ff2_11 grad=bc8c3573 grad_elems=3145728 param_elems=3145728 energy=0x1.1ap-7 finite=1
ATTR_NAMED_GRAD block=1280 name=ff1_11 grad=a10d4cec grad_elems=6291456 param_elems=6291456 energy=0x1.7p-8 finite=1
ATTR_NAMED_GRAD block=1280 name=ln_g_23 grad=b5f24a3a grad_elems=1024 param_elems=1024 energy=0x1.94p-20 finite=1
ATTR_NAMED_GRAD block=1280 name=ln_b_23 grad=1c2f3766 grad_elems=1024 param_elems=1024 energy=0x1.fep-20 finite=1
ATTR_NAMED_GRAD block=1280 name=ff_bias1_11 grad=45c12fed grad_elems=6144 param_elems=6144 energy=0x1.0ap-17 finite=1
ATTR_NAMED_GRAD block=1280 name=ff_bias2_11 grad=1865d5b1 grad_elems=1024 param_elems=1024 energy=0x1.1ep-11 finite=1
ATTR_NAMED_GRAD block=1280 name=w_o_11 grad=c79f5083 grad_elems=1048576 param_elems=1048576 energy=0x1.5p-8 finite=1
ATTR_NAMED_GRAD block=1280 name=w_r_11 grad=573bdbe4 grad_elems=327680 param_elems=327680 energy=0x1.4ap-28 finite=1
ATTR_NAMED_GRAD block=1280 name=w_kv_11 grad=db3a596e grad_elems=2097152 param_elems=2097152 energy=0x1.ecp-8 finite=1
ATTR_NAMED_GRAD block=1280 name=w_q_11 grad=a72612fe grad_elems=1048576 param_elems=1048576 energy=0x1.e8p-16 finite=1
ATTR_NAMED_GRAD block=1280 name=ln_g_22 grad=377049f5 grad_elems=1024 param_elems=1024 energy=0x1.3cp-26 finite=1
ATTR_NAMED_GRAD block=1280 name=ln_b_22 grad=2497da9b grad_elems=1024 param_elems=1024 energy=0x1.5p-23 finite=1
ATTR_NAMED_GRAD block=1280 name=ff2_10 grad=9486c868 grad_elems=3145728 param_elems=3145728 energy=0x1.1ep-7 finite=1
ATTR_NAMED_GRAD block=1280 name=ff1_10 grad=71e62a3a grad_elems=6291456 param_elems=6291456 energy=0x1.76p-8 finite=1
ATTR_NAMED_GRAD block=1280 name=ln_g_21 grad=f29339c1 grad_elems=1024 param_elems=1024 energy=0x1.b8p-20 finite=1
ATTR_NAMED_GRAD block=1280 name=ln_b_21 grad=33346755 grad_elems=1024 param_elems=1024 energy=0x1.04p-19 finite=1
ATTR_NAMED_GRAD block=1280 name=ff_bias1_10 grad=9cc0a0e8 grad_elems=6144 param_elems=6144 energy=0x1p-17 finite=1
ATTR_NAMED_GRAD block=1280 name=ff_bias2_10 grad=12419770 grad_elems=1024 param_elems=1024 energy=0x1.2ep-11 finite=1
ATTR_NAMED_GRAD block=1280 name=w_o_10 grad=76007cdf grad_elems=1048576 param_elems=1048576 energy=0x1.0ap-8 finite=1
ATTR_NAMED_GRAD block=1280 name=w_r_10 grad=7945ca5f grad_elems=327680 param_elems=327680 energy=0x1.56p-28 finite=1
ATTR_NAMED_GRAD block=1280 name=w_kv_10 grad=fa384874 grad_elems=2097152 param_elems=2097152 energy=0x1.b8p-8 finite=1
ATTR_NAMED_GRAD block=1280 name=w_q_10 grad=65f8e99c grad_elems=1048576 param_elems=1048576 energy=0x1.d6p-16 finite=1
ATTR_NAMED_GRAD block=1280 name=ln_g_20 grad=270266cc grad_elems=1024 param_elems=1024 energy=0x1.34p-26 finite=1
ATTR_NAMED_GRAD block=1280 name=ln_b_20 grad=98c48bc8 grad_elems=1024 param_elems=1024 energy=0x1.48p-23 finite=1
ATTR_NAMED_GRAD block=1280 name=ff2_9 grad=33f6d33f grad_elems=3145728 param_elems=3145728 energy=0x1.26p-7 finite=1
ATTR_NAMED_GRAD block=1280 name=ff1_9 grad=aeaa875c grad_elems=6291456 param_elems=6291456 energy=0x1.8p-8 finite=1
ATTR_NAMED_GRAD block=1280 name=ln_g_19 grad=1d615829 grad_elems=1024 param_elems=1024 energy=0x1.dap-20 finite=1
ATTR_NAMED_GRAD block=1280 name=ln_b_19 grad=7cb4f133 grad_elems=1024 param_elems=1024 energy=0x1.0cp-19 finite=1
ATTR_NAMED_GRAD block=1280 name=ff_bias1_9 grad=e49a6c0a grad_elems=6144 param_elems=6144 energy=0x1.0ap-17 finite=1
ATTR_NAMED_GRAD block=1280 name=ff_bias2_9 grad=ec29449e grad_elems=1024 param_elems=1024 energy=0x1.3ep-11 finite=1
ATTR_NAMED_GRAD block=1280 name=w_o_9 grad=23c397ea grad_elems=1048576 param_elems=1048576 energy=0x1.eap-9 finite=1
ATTR_NAMED_GRAD block=1280 name=w_r_9 grad=17a0511f grad_elems=327680 param_elems=327680 energy=0x1.64p-28 finite=1
ATTR_NAMED_GRAD block=1280 name=w_kv_9 grad=1e254da3 grad_elems=2097152 param_elems=2097152 energy=0x1.6cp-8 finite=1
ATTR_NAMED_GRAD block=1280 name=w_q_9 grad=543ed31d grad_elems=1048576 param_elems=1048576 energy=0x1.e2p-16 finite=1
ATTR_NAMED_GRAD block=1280 name=ln_g_18 grad=d889cbd0 grad_elems=1024 param_elems=1024 energy=0x1.f6p-27 finite=1
ATTR_NAMED_GRAD block=1280 name=ln_b_18 grad=f4b5aa6d grad_elems=1024 param_elems=1024 energy=0x1.78p-23 finite=1
ATTR_NAMED_GRAD block=1280 name=ff2_8 grad=bb5365b2 grad_elems=3145728 param_elems=3145728 energy=0x1.3p-7 finite=1
ATTR_NAMED_GRAD block=1280 name=ff1_8 grad=ad1fc426 grad_elems=6291456 param_elems=6291456 energy=0x1.84p-8 finite=1
ATTR_NAMED_GRAD block=1280 name=ln_g_17 grad=6f0e3367 grad_elems=1024 param_elems=1024 energy=0x1.bcp-20 finite=1
ATTR_NAMED_GRAD block=1280 name=ln_b_17 grad=de2db2af grad_elems=1024 param_elems=1024 energy=0x1.0ep-19 finite=1
ATTR_NAMED_GRAD block=1280 name=ff_bias1_8 grad=03f2c0f9 grad_elems=6144 param_elems=6144 energy=0x1.0ap-17 finite=1
ATTR_NAMED_GRAD block=1280 name=ff_bias2_8 grad=8d9925e1 grad_elems=1024 param_elems=1024 energy=0x1.54p-11 finite=1
ATTR_NAMED_GRAD block=1280 name=w_o_8 grad=2ecf32ae grad_elems=1048576 param_elems=1048576 energy=0x1.8cp-9 finite=1
ATTR_NAMED_GRAD block=1280 name=w_r_8 grad=36b6425f grad_elems=327680 param_elems=327680 energy=0x1.6ep-28 finite=1
ATTR_NAMED_GRAD block=1280 name=w_kv_8 grad=3c69ebee grad_elems=2097152 param_elems=2097152 energy=0x1.38p-8 finite=1
ATTR_NAMED_GRAD block=1280 name=w_q_8 grad=7bbe7183 grad_elems=1048576 param_elems=1048576 energy=0x1.b8p-16 finite=1
ATTR_NAMED_GRAD block=1280 name=ln_g_16 grad=78151a94 grad_elems=1024 param_elems=1024 energy=0x1.bap-27 finite=1
ATTR_NAMED_GRAD block=1280 name=ln_b_16 grad=91a300f8 grad_elems=1024 param_elems=1024 energy=0x1.7cp-23 finite=1
ATTR_NAMED_GRAD block=1280 name=ff2_7 grad=36c5ecc1 grad_elems=3145728 param_elems=3145728 energy=0x1.34p-7 finite=1
ATTR_NAMED_GRAD block=1280 name=ff1_7 grad=272a07b0 grad_elems=6291456 param_elems=6291456 energy=0x1.8ep-8 finite=1
ATTR_NAMED_GRAD block=1280 name=ln_g_15 grad=d7bd3d3e grad_elems=1024 param_elems=1024 energy=0x1.c4p-20 finite=1
ATTR_NAMED_GRAD block=1280 name=ln_b_15 grad=7daa348e grad_elems=1024 param_elems=1024 energy=0x1.12p-19 finite=1
ATTR_NAMED_GRAD block=1280 name=ff_bias1_7 grad=0c59807d grad_elems=6144 param_elems=6144 energy=0x1.0cp-17 finite=1
ATTR_NAMED_GRAD block=1280 name=ff_bias2_7 grad=398de6c9 grad_elems=1024 param_elems=1024 energy=0x1.6ap-11 finite=1
ATTR_NAMED_GRAD block=1280 name=w_o_7 grad=41e9eddf grad_elems=1048576 param_elems=1048576 energy=0x1.44p-9 finite=1
ATTR_NAMED_GRAD block=1280 name=w_r_7 grad=39510f97 grad_elems=327680 param_elems=327680 energy=0x1.7ep-28 finite=1
ATTR_NAMED_GRAD block=1280 name=w_kv_7 grad=69546888 grad_elems=2097152 param_elems=2097152 energy=0x1.08p-8 finite=1
ATTR_NAMED_GRAD block=1280 name=w_q_7 grad=2126f771 grad_elems=1048576 param_elems=1048576 energy=0x1.f2p-16 finite=1
ATTR_NAMED_GRAD block=1280 name=ln_g_14 grad=cdb3d1cf grad_elems=1024 param_elems=1024 energy=0x1.acp-27 finite=1
ATTR_NAMED_GRAD block=1280 name=ln_b_14 grad=9070df73 grad_elems=1024 param_elems=1024 energy=0x1.bp-23 finite=1
ATTR_NAMED_GRAD block=1280 name=ff2_6 grad=a32ba124 grad_elems=3145728 param_elems=3145728 energy=0x1.3cp-7 finite=1
ATTR_NAMED_GRAD block=1280 name=ff1_6 grad=7d1da15f grad_elems=6291456 param_elems=6291456 energy=0x1.98p-8 finite=1
ATTR_NAMED_GRAD block=1280 name=ln_g_13 grad=af46636e grad_elems=1024 param_elems=1024 energy=0x1.f4p-20 finite=1
ATTR_NAMED_GRAD block=1280 name=ln_b_13 grad=14f9b59c grad_elems=1024 param_elems=1024 energy=0x1.1p-19 finite=1
ATTR_NAMED_GRAD block=1280 name=ff_bias1_6 grad=9874f0a0 grad_elems=6144 param_elems=6144 energy=0x1.0ep-17 finite=1
ATTR_NAMED_GRAD block=1280 name=ff_bias2_6 grad=3074817a grad_elems=1024 param_elems=1024 energy=0x1.7cp-11 finite=1
ATTR_NAMED_GRAD block=1280 name=w_o_6 grad=3ab22d5e grad_elems=1048576 param_elems=1048576 energy=0x1.0cp-9 finite=1
ATTR_NAMED_GRAD block=1280 name=w_r_6 grad=049e6858 grad_elems=327680 param_elems=327680 energy=0x1.9p-28 finite=1
ATTR_NAMED_GRAD block=1280 name=w_kv_6 grad=d92ad2b5 grad_elems=2097152 param_elems=2097152 energy=0x1.b8p-9 finite=1
ATTR_NAMED_GRAD block=1280 name=w_q_6 grad=c5ce71e9 grad_elems=1048576 param_elems=1048576 energy=0x1.c4p-16 finite=1
ATTR_NAMED_GRAD block=1280 name=ln_g_12 grad=54e510b6 grad_elems=1024 param_elems=1024 energy=0x1.bap-27 finite=1
ATTR_NAMED_GRAD block=1280 name=ln_b_12 grad=51b512ca grad_elems=1024 param_elems=1024 energy=0x1.9p-23 finite=1
ATTR_NAMED_GRAD block=1280 name=ff2_5 grad=9d951b96 grad_elems=3145728 param_elems=3145728 energy=0x1.42p-7 finite=1
ATTR_NAMED_GRAD block=1280 name=ff1_5 grad=6901ea4c grad_elems=6291456 param_elems=6291456 energy=0x1.ap-8 finite=1
ATTR_NAMED_GRAD block=1280 name=ln_g_11 grad=6bf514e4 grad_elems=1024 param_elems=1024 energy=0x1.ep-20 finite=1
ATTR_NAMED_GRAD block=1280 name=ln_b_11 grad=e65ab972 grad_elems=1024 param_elems=1024 energy=0x1.0ep-19 finite=1
ATTR_NAMED_GRAD block=1280 name=ff_bias1_5 grad=0c66e452 grad_elems=6144 param_elems=6144 energy=0x1.14p-17 finite=1
ATTR_NAMED_GRAD block=1280 name=ff_bias2_5 grad=b52d0733 grad_elems=1024 param_elems=1024 energy=0x1.8ep-11 finite=1
ATTR_NAMED_GRAD block=1280 name=w_o_5 grad=9cde8eb3 grad_elems=1048576 param_elems=1048576 energy=0x1.ccp-10 finite=1
ATTR_NAMED_GRAD block=1280 name=w_r_5 grad=774fa5d4 grad_elems=327680 param_elems=327680 energy=0x1.a8p-28 finite=1
ATTR_NAMED_GRAD block=1280 name=w_kv_5 grad=e294a96e grad_elems=2097152 param_elems=2097152 energy=0x1.6ap-9 finite=1
ATTR_NAMED_GRAD block=1280 name=w_q_5 grad=374274cc grad_elems=1048576 param_elems=1048576 energy=0x1.d4p-16 finite=1
ATTR_NAMED_GRAD block=1280 name=ln_g_10 grad=0b5f8733 grad_elems=1024 param_elems=1024 energy=0x1.7ap-27 finite=1
ATTR_NAMED_GRAD block=1280 name=ln_b_10 grad=266e500e grad_elems=1024 param_elems=1024 energy=0x1.94p-23 finite=1
ATTR_NAMED_GRAD block=1280 name=ff2_4 grad=9b1b4457 grad_elems=3145728 param_elems=3145728 energy=0x1.4ep-7 finite=1
ATTR_NAMED_GRAD block=1280 name=ff1_4 grad=38a471c8 grad_elems=6291456 param_elems=6291456 energy=0x1.acp-8 finite=1
ATTR_NAMED_GRAD block=1280 name=ln_g_9 grad=2064c554 grad_elems=1024 param_elems=1024 energy=0x1.e6p-20 finite=1
ATTR_NAMED_GRAD block=1280 name=ln_b_9 grad=7ba1d473 grad_elems=1024 param_elems=1024 energy=0x1.f4p-20 finite=1
ATTR_NAMED_GRAD block=1280 name=ff_bias1_4 grad=69573547 grad_elems=6144 param_elems=6144 energy=0x1.18p-17 finite=1
ATTR_NAMED_GRAD block=1280 name=ff_bias2_4 grad=4c7b2a22 grad_elems=1024 param_elems=1024 energy=0x1.a4p-11 finite=1
ATTR_NAMED_GRAD block=1280 name=w_o_4 grad=15f9f82f grad_elems=1048576 param_elems=1048576 energy=0x1.6cp-10 finite=1
ATTR_NAMED_GRAD block=1280 name=w_r_4 grad=2792d61d grad_elems=327680 param_elems=327680 energy=0x1.bcp-28 finite=1
ATTR_NAMED_GRAD block=1280 name=w_kv_4 grad=c1c4be8f grad_elems=2097152 param_elems=2097152 energy=0x1.1ep-9 finite=1
ATTR_NAMED_GRAD block=1280 name=w_q_4 grad=0cf09cf7 grad_elems=1048576 param_elems=1048576 energy=0x1.1p-15 finite=1
ATTR_NAMED_GRAD block=1280 name=ln_g_8 grad=e4217e1b grad_elems=1024 param_elems=1024 energy=0x1.bcp-27 finite=1
ATTR_NAMED_GRAD block=1280 name=ln_b_8 grad=170f4005 grad_elems=1024 param_elems=1024 energy=0x1.d2p-23 finite=1
ATTR_NAMED_GRAD block=1280 name=ff2_3 grad=9ad55629 grad_elems=3145728 param_elems=3145728 energy=0x1.64p-7 finite=1
ATTR_NAMED_GRAD block=1280 name=ff1_3 grad=d42fade2 grad_elems=6291456 param_elems=6291456 energy=0x1.bap-8 finite=1
ATTR_NAMED_GRAD block=1280 name=ln_g_7 grad=663f1464 grad_elems=1024 param_elems=1024 energy=0x1.d2p-20 finite=1
ATTR_NAMED_GRAD block=1280 name=ln_b_7 grad=40dd3d30 grad_elems=1024 param_elems=1024 energy=0x1.0ap-19 finite=1
ATTR_NAMED_GRAD block=1280 name=ff_bias1_3 grad=ad4e786d grad_elems=6144 param_elems=6144 energy=0x1.1cp-17 finite=1
ATTR_NAMED_GRAD block=1280 name=ff_bias2_3 grad=ceda1fbb grad_elems=1024 param_elems=1024 energy=0x1.b6p-11 finite=1
ATTR_NAMED_GRAD block=1280 name=w_o_3 grad=8e93e163 grad_elems=1048576 param_elems=1048576 energy=0x1.42p-10 finite=1
ATTR_NAMED_GRAD block=1280 name=w_r_3 grad=b2b233b3 grad_elems=327680 param_elems=327680 energy=0x1.e2p-28 finite=1
ATTR_NAMED_GRAD block=1280 name=w_kv_3 grad=5886758e grad_elems=2097152 param_elems=2097152 energy=0x1.d6p-10 finite=1
ATTR_NAMED_GRAD block=1280 name=w_q_3 grad=a5efc61a grad_elems=1048576 param_elems=1048576 energy=0x1.2cp-15 finite=1
ATTR_NAMED_GRAD block=1280 name=ln_g_6 grad=07cf1022 grad_elems=1024 param_elems=1024 energy=0x1.c8p-27 finite=1
ATTR_NAMED_GRAD block=1280 name=ln_b_6 grad=8692ec02 grad_elems=1024 param_elems=1024 energy=0x1.12p-22 finite=1
ATTR_NAMED_GRAD block=1280 name=ff2_2 grad=314b27e3 grad_elems=3145728 param_elems=3145728 energy=0x1.6p-7 finite=1
ATTR_NAMED_GRAD block=1280 name=ff1_2 grad=7cd644a6 grad_elems=6291456 param_elems=6291456 energy=0x1.c2p-8 finite=1
ATTR_NAMED_GRAD block=1280 name=ln_g_5 grad=fae8e74b grad_elems=1024 param_elems=1024 energy=0x1.0ep-19 finite=1
ATTR_NAMED_GRAD block=1280 name=ln_b_5 grad=07bb3ef8 grad_elems=1024 param_elems=1024 energy=0x1.22p-19 finite=1
ATTR_NAMED_GRAD block=1280 name=ff_bias1_2 grad=c821e7ae grad_elems=6144 param_elems=6144 energy=0x1.24p-17 finite=1
ATTR_NAMED_GRAD block=1280 name=ff_bias2_2 grad=d1268e69 grad_elems=1024 param_elems=1024 energy=0x1.cep-11 finite=1
ATTR_NAMED_GRAD block=1280 name=w_o_2 grad=5c70cd41 grad_elems=1048576 param_elems=1048576 energy=0x1.08p-10 finite=1
ATTR_NAMED_GRAD block=1280 name=w_r_2 grad=067341f7 grad_elems=327680 param_elems=327680 energy=0x1.eap-28 finite=1
ATTR_NAMED_GRAD block=1280 name=w_kv_2 grad=ec76e6cb grad_elems=2097152 param_elems=2097152 energy=0x1.7p-10 finite=1
ATTR_NAMED_GRAD block=1280 name=w_q_2 grad=340c0fce grad_elems=1048576 param_elems=1048576 energy=0x1.44p-15 finite=1
ATTR_NAMED_GRAD block=1280 name=ln_g_4 grad=39dca5cb grad_elems=1024 param_elems=1024 energy=0x1.fcp-27 finite=1
ATTR_NAMED_GRAD block=1280 name=ln_b_4 grad=3fde86b1 grad_elems=1024 param_elems=1024 energy=0x1.1ap-22 finite=1
ATTR_NAMED_GRAD block=1280 name=ff2_1 grad=221f6e6b grad_elems=3145728 param_elems=3145728 energy=0x1.7p-7 finite=1
ATTR_NAMED_GRAD block=1280 name=ff1_1 grad=c256fc7f grad_elems=6291456 param_elems=6291456 energy=0x1.d2p-8 finite=1
ATTR_NAMED_GRAD block=1280 name=ln_g_3 grad=9725957f grad_elems=1024 param_elems=1024 energy=0x1.fap-20 finite=1
ATTR_NAMED_GRAD block=1280 name=ln_b_3 grad=9a5a1134 grad_elems=1024 param_elems=1024 energy=0x1.12p-19 finite=1
ATTR_NAMED_GRAD block=1280 name=ff_bias1_1 grad=7df7888f grad_elems=6144 param_elems=6144 energy=0x1.24p-17 finite=1
ATTR_NAMED_GRAD block=1280 name=ff_bias2_1 grad=fd9f9933 grad_elems=1024 param_elems=1024 energy=0x1.e6p-11 finite=1
ATTR_NAMED_GRAD block=1280 name=w_o_1 grad=c4797007 grad_elems=1048576 param_elems=1048576 energy=0x1p-10 finite=1
ATTR_NAMED_GRAD block=1280 name=w_r_1 grad=1602fddc grad_elems=327680 param_elems=327680 energy=0x1.0cp-27 finite=1
ATTR_NAMED_GRAD block=1280 name=w_kv_1 grad=693bd563 grad_elems=2097152 param_elems=2097152 energy=0x1.52p-10 finite=1
ATTR_NAMED_GRAD block=1280 name=w_q_1 grad=851ac806 grad_elems=1048576 param_elems=1048576 energy=0x1.fep-15 finite=1
ATTR_NAMED_GRAD block=1280 name=ln_g_2 grad=228f7b82 grad_elems=1024 param_elems=1024 energy=0x1.c6p-26 finite=1
ATTR_NAMED_GRAD block=1280 name=ln_b_2 grad=27196f4b grad_elems=1024 param_elems=1024 energy=0x1.3ep-22 finite=1
ATTR_NAMED_GRAD block=1280 name=ff2_0 grad=b5159424 grad_elems=3145728 param_elems=3145728 energy=0x1.7p-7 finite=1
ATTR_NAMED_GRAD block=1280 name=ff1_0 grad=d22cbc3d grad_elems=6291456 param_elems=6291456 energy=0x1.dcp-8 finite=1
ATTR_NAMED_GRAD block=1280 name=ln_g_1 grad=19a3dafc grad_elems=1024 param_elems=1024 energy=0x1.f2p-20 finite=1
ATTR_NAMED_GRAD block=1280 name=ln_b_1 grad=20fedbd5 grad_elems=1024 param_elems=1024 energy=0x1.18p-19 finite=1
ATTR_NAMED_GRAD block=1280 name=ff_bias1_0 grad=d0fd0844 grad_elems=6144 param_elems=6144 energy=0x1.2ep-17 finite=1
ATTR_NAMED_GRAD block=1280 name=ff_bias2_0 grad=bd59a0d8 grad_elems=1024 param_elems=1024 energy=0x1.fep-11 finite=1
ATTR_NAMED_GRAD block=1280 name=w_o_0 grad=646e7910 grad_elems=1048576 param_elems=1048576 energy=0x1.d4p-11 finite=1
ATTR_NAMED_GRAD block=1280 name=w_r_0 grad=fb911694 grad_elems=327680 param_elems=327680 energy=0x1.16p-27 finite=1
ATTR_NAMED_GRAD block=1280 name=b_r_0 grad=eaded5f1 grad_elems=2560 param_elems=2560 energy=0x1.b4p-10 finite=1
ATTR_NAMED_GRAD block=1280 name=w_kv_0 grad=ff7ef95a grad_elems=2097152 param_elems=2097152 energy=0x1.32p-10 finite=1
ATTR_NAMED_GRAD block=1280 name=w_q_0 grad=1694b69c grad_elems=1048576 param_elems=1048576 energy=0x1.18p-14 finite=1
ATTR_NAMED_GRAD block=1280 name=ln_g_0 grad=93b733f1 grad_elems=1024 param_elems=1024 energy=0x1.d8p-26 finite=1
ATTR_NAMED_GRAD block=1280 name=ln_b_0 grad=dfc9ebb1 grad_elems=1024 param_elems=1024 energy=0x1.2ap-22 finite=1
ATTR_NAMED_GRAD block=1280 name=embed grad=56011717 grad_elems=16785408 param_elems=16785408 energy=0x1.cd8378p-3 finite=1
ATTR_NAMED_GRAD block=1280 name=ln_g_40 grad=e081ca74 grad_elems=1024 param_elems=1024 energy=0x1.6ep-10 finite=1
ATTR_NAMED_GRAD block=1280 name=ln_b_40 grad=7e9a3dcf grad_elems=1024 param_elems=1024 energy=0x1.7cp-10 finite=1
ATTR_NAMED_GRAD block=1280 name=out_bias grad=6f256814 grad_elems=16392 param_elems=16392 energy=0x1.0ap-9 finite=1
ATTR_HEAD arm=1 block=1280 weight=157bae78 bias=15169b20
ATTR_STATE arm=1 block=1280 step=42 params=ca665e65 memory=2402333c
ATTR_NAMED_GRAD block=1344 name=embed_out grad=f9cd0c11 grad_elems=16785408 param_elems=16785408 energy=0x1.9ep+0 finite=1
ATTR_NAMED_GRAD block=1344 name=ff2_19 grad=b89385f9 grad_elems=3145728 param_elems=3145728 energy=0x1.bap-8 finite=1
ATTR_NAMED_GRAD block=1344 name=ff1_19 grad=2b60217f grad_elems=6291456 param_elems=6291456 energy=0x1.68p-8 finite=1
ATTR_NAMED_GRAD block=1344 name=ln_g_39 grad=781668cb grad_elems=1024 param_elems=1024 energy=0x1.7ep-20 finite=1
ATTR_NAMED_GRAD block=1344 name=ln_b_39 grad=ee64add2 grad_elems=1024 param_elems=1024 energy=0x1.12p-19 finite=1
ATTR_NAMED_GRAD block=1344 name=ff_bias1_19 grad=7607117a grad_elems=6144 param_elems=6144 energy=0x1.ecp-18 finite=1
ATTR_NAMED_GRAD block=1344 name=ff_bias2_19 grad=ea72cc1b grad_elems=1024 param_elems=1024 energy=0x1.fp-12 finite=1
ATTR_NAMED_GRAD block=1344 name=w_o_19 grad=c36726aa grad_elems=1048576 param_elems=1048576 energy=0x1.8ap-5 finite=1
ATTR_NAMED_GRAD block=1344 name=w_r_19 grad=414dd1b5 grad_elems=327680 param_elems=327680 energy=0x1.2ep-26 finite=1
ATTR_NAMED_GRAD block=1344 name=w_kv_19 grad=3512e3f2 grad_elems=2097152 param_elems=2097152 energy=0x1.2cp-4 finite=1
ATTR_NAMED_GRAD block=1344 name=w_q_19 grad=f26f2d9d grad_elems=1048576 param_elems=1048576 energy=0x1.32p-12 finite=1
ATTR_NAMED_GRAD block=1344 name=ln_g_38 grad=f86393e3 grad_elems=1024 param_elems=1024 energy=0x1.58p-22 finite=1
ATTR_NAMED_GRAD block=1344 name=ln_b_38 grad=0d17fa5c grad_elems=1024 param_elems=1024 energy=0x1.4cp-20 finite=1
ATTR_NAMED_GRAD block=1344 name=ff2_18 grad=03117076 grad_elems=3145728 param_elems=3145728 energy=0x1.0ep-7 finite=1
ATTR_NAMED_GRAD block=1344 name=ff1_18 grad=5b7bb15f grad_elems=6291456 param_elems=6291456 energy=0x1.78p-8 finite=1
ATTR_NAMED_GRAD block=1344 name=ln_g_37 grad=3da3b8b9 grad_elems=1024 param_elems=1024 energy=0x1.6ep-20 finite=1
ATTR_NAMED_GRAD block=1344 name=ln_b_37 grad=ec45a34c grad_elems=1024 param_elems=1024 energy=0x1.eap-20 finite=1
ATTR_NAMED_GRAD block=1344 name=ff_bias1_18 grad=7f46fd8d grad_elems=6144 param_elems=6144 energy=0x1.f6p-18 finite=1
ATTR_NAMED_GRAD block=1344 name=ff_bias2_18 grad=8aa982a2 grad_elems=1024 param_elems=1024 energy=0x1.fp-12 finite=1
ATTR_NAMED_GRAD block=1344 name=w_o_18 grad=4b7aa29a grad_elems=1048576 param_elems=1048576 energy=0x1.acp-6 finite=1
ATTR_NAMED_GRAD block=1344 name=w_r_18 grad=13dc0805 grad_elems=327680 param_elems=327680 energy=0x1.bep-27 finite=1
ATTR_NAMED_GRAD block=1344 name=w_kv_18 grad=c4554330 grad_elems=2097152 param_elems=2097152 energy=0x1.6p-5 finite=1
ATTR_NAMED_GRAD block=1344 name=w_q_18 grad=487fce52 grad_elems=1048576 param_elems=1048576 energy=0x1.c4p-13 finite=1
ATTR_NAMED_GRAD block=1344 name=ln_g_36 grad=5a374abf grad_elems=1024 param_elems=1024 energy=0x1.1ep-22 finite=1
ATTR_NAMED_GRAD block=1344 name=ln_b_36 grad=23c6506b grad_elems=1024 param_elems=1024 energy=0x1.32p-20 finite=1
ATTR_NAMED_GRAD block=1344 name=ff2_17 grad=783e261f grad_elems=3145728 param_elems=3145728 energy=0x1.34p-7 finite=1
ATTR_NAMED_GRAD block=1344 name=ff1_17 grad=cb946af6 grad_elems=6291456 param_elems=6291456 energy=0x1.82p-8 finite=1
ATTR_NAMED_GRAD block=1344 name=ln_g_35 grad=680e8fda grad_elems=1024 param_elems=1024 energy=0x1.58p-20 finite=1
ATTR_NAMED_GRAD block=1344 name=ln_b_35 grad=6e025ce5 grad_elems=1024 param_elems=1024 energy=0x1.e8p-20 finite=1
ATTR_NAMED_GRAD block=1344 name=ff_bias1_17 grad=41c4a56d grad_elems=6144 param_elems=6144 energy=0x1.fap-18 finite=1
ATTR_NAMED_GRAD block=1344 name=ff_bias2_17 grad=207b9c9c grad_elems=1024 param_elems=1024 energy=0x1.eep-12 finite=1
ATTR_NAMED_GRAD block=1344 name=w_o_17 grad=6e648530 grad_elems=1048576 param_elems=1048576 energy=0x1.f2p-7 finite=1
ATTR_NAMED_GRAD block=1344 name=w_r_17 grad=7046b5a2 grad_elems=327680 param_elems=327680 energy=0x1.ep-27 finite=1
ATTR_NAMED_GRAD block=1344 name=w_kv_17 grad=f6d3a213 grad_elems=2097152 param_elems=2097152 energy=0x1.98p-6 finite=1
ATTR_NAMED_GRAD block=1344 name=w_q_17 grad=35c8a3e7 grad_elems=1048576 param_elems=1048576 energy=0x1.f4p-13 finite=1
ATTR_NAMED_GRAD block=1344 name=ln_g_34 grad=d13ff62e grad_elems=1024 param_elems=1024 energy=0x1.66p-22 finite=1
ATTR_NAMED_GRAD block=1344 name=ln_b_34 grad=31c6f0c2 grad_elems=1024 param_elems=1024 energy=0x1.8p-20 finite=1
ATTR_NAMED_GRAD block=1344 name=ff2_16 grad=e57840c9 grad_elems=3145728 param_elems=3145728 energy=0x1.26p-7 finite=1
ATTR_NAMED_GRAD block=1344 name=ff1_16 grad=aa79e1b9 grad_elems=6291456 param_elems=6291456 energy=0x1.7ap-8 finite=1
ATTR_NAMED_GRAD block=1344 name=ln_g_33 grad=1932cc57 grad_elems=1024 param_elems=1024 energy=0x1.3ap-20 finite=1
ATTR_NAMED_GRAD block=1344 name=ln_b_33 grad=a18fcfff grad_elems=1024 param_elems=1024 energy=0x1.d2p-20 finite=1
ATTR_NAMED_GRAD block=1344 name=ff_bias1_16 grad=ffcabb21 grad_elems=6144 param_elems=6144 energy=0x1.d6p-18 finite=1
ATTR_NAMED_GRAD block=1344 name=ff_bias2_16 grad=0e99f479 grad_elems=1024 param_elems=1024 energy=0x1.dcp-12 finite=1
ATTR_NAMED_GRAD block=1344 name=w_o_16 grad=4022b874 grad_elems=1048576 param_elems=1048576 energy=0x1.62p-7 finite=1
ATTR_NAMED_GRAD block=1344 name=w_r_16 grad=701456a8 grad_elems=327680 param_elems=327680 energy=0x1.b4p-28 finite=1
ATTR_NAMED_GRAD block=1344 name=w_kv_16 grad=bd589ff0 grad_elems=2097152 param_elems=2097152 energy=0x1.2ep-6 finite=1
ATTR_NAMED_GRAD block=1344 name=w_q_16 grad=01f8c9b6 grad_elems=1048576 param_elems=1048576 energy=0x1.34p-14 finite=1
ATTR_NAMED_GRAD block=1344 name=ln_g_32 grad=bafcb094 grad_elems=1024 param_elems=1024 energy=0x1.4p-24 finite=1
ATTR_NAMED_GRAD block=1344 name=ln_b_32 grad=92edb696 grad_elems=1024 param_elems=1024 energy=0x1.52p-22 finite=1
ATTR_NAMED_GRAD block=1344 name=ff2_15 grad=ac851ed5 grad_elems=3145728 param_elems=3145728 energy=0x1.2cp-7 finite=1
ATTR_NAMED_GRAD block=1344 name=ff1_15 grad=c586d67d grad_elems=6291456 param_elems=6291456 energy=0x1.82p-8 finite=1
ATTR_NAMED_GRAD block=1344 name=ln_g_31 grad=3739ec52 grad_elems=1024 param_elems=1024 energy=0x1.68p-20 finite=1
ATTR_NAMED_GRAD block=1344 name=ln_b_31 grad=96075db1 grad_elems=1024 param_elems=1024 energy=0x1.d8p-20 finite=1
ATTR_NAMED_GRAD block=1344 name=ff_bias1_15 grad=c2adc6fd grad_elems=6144 param_elems=6144 energy=0x1.e8p-18 finite=1
ATTR_NAMED_GRAD block=1344 name=ff_bias2_15 grad=ebcad8a8 grad_elems=1024 param_elems=1024 energy=0x1.dcp-12 finite=1
ATTR_NAMED_GRAD block=1344 name=w_o_15 grad=683f89da grad_elems=1048576 param_elems=1048576 energy=0x1.3cp-7 finite=1
ATTR_NAMED_GRAD block=1344 name=w_r_15 grad=700c3724 grad_elems=327680 param_elems=327680 energy=0x1.12p-27 finite=1
ATTR_NAMED_GRAD block=1344 name=w_kv_15 grad=c73a382a grad_elems=2097152 param_elems=2097152 energy=0x1.e8p-7 finite=1
ATTR_NAMED_GRAD block=1344 name=w_q_15 grad=594fd544 grad_elems=1048576 param_elems=1048576 energy=0x1.bep-14 finite=1
ATTR_NAMED_GRAD block=1344 name=ln_g_30 grad=d657e4d5 grad_elems=1024 param_elems=1024 energy=0x1.bp-24 finite=1
ATTR_NAMED_GRAD block=1344 name=ln_b_30 grad=048d88b4 grad_elems=1024 param_elems=1024 energy=0x1.c8p-22 finite=1
ATTR_NAMED_GRAD block=1344 name=ff2_14 grad=31c78e83 grad_elems=3145728 param_elems=3145728 energy=0x1.2ap-7 finite=1
ATTR_NAMED_GRAD block=1344 name=ff1_14 grad=0f87e4df grad_elems=6291456 param_elems=6291456 energy=0x1.8p-8 finite=1
ATTR_NAMED_GRAD block=1344 name=ln_g_29 grad=6e5d5c13 grad_elems=1024 param_elems=1024 energy=0x1.54p-20 finite=1
ATTR_NAMED_GRAD block=1344 name=ln_b_29 grad=c90d2353 grad_elems=1024 param_elems=1024 energy=0x1.bap-20 finite=1
ATTR_NAMED_GRAD block=1344 name=ff_bias1_14 grad=81a60cfd grad_elems=6144 param_elems=6144 energy=0x1.e4p-18 finite=1
ATTR_NAMED_GRAD block=1344 name=ff_bias2_14 grad=631c0209 grad_elems=1024 param_elems=1024 energy=0x1.dep-12 finite=1
ATTR_NAMED_GRAD block=1344 name=w_o_14 grad=fd95074c grad_elems=1048576 param_elems=1048576 energy=0x1.fcp-8 finite=1
ATTR_NAMED_GRAD block=1344 name=w_r_14 grad=ef296697 grad_elems=327680 param_elems=327680 energy=0x1.88p-28 finite=1
ATTR_NAMED_GRAD block=1344 name=w_kv_14 grad=8fb35ab2 grad_elems=2097152 param_elems=2097152 energy=0x1.a2p-7 finite=1
ATTR_NAMED_GRAD block=1344 name=w_q_14 grad=11fb5617 grad_elems=1048576 param_elems=1048576 energy=0x1.9ap-15 finite=1
ATTR_NAMED_GRAD block=1344 name=ln_g_28 grad=c5e60717 grad_elems=1024 param_elems=1024 energy=0x1.58p-25 finite=1
ATTR_NAMED_GRAD block=1344 name=ln_b_28 grad=45b0da84 grad_elems=1024 param_elems=1024 energy=0x1.4cp-23 finite=1
ATTR_NAMED_GRAD block=1344 name=ff2_13 grad=a8591ee1 grad_elems=3145728 param_elems=3145728 energy=0x1.22p-7 finite=1
ATTR_NAMED_GRAD block=1344 name=ff1_13 grad=d768c312 grad_elems=6291456 param_elems=6291456 energy=0x1.7ep-8 finite=1
ATTR_NAMED_GRAD block=1344 name=ln_g_27 grad=5b38c1fa grad_elems=1024 param_elems=1024 energy=0x1.7p-20 finite=1
ATTR_NAMED_GRAD block=1344 name=ln_b_27 grad=5f77d1bd grad_elems=1024 param_elems=1024 energy=0x1.cp-20 finite=1
ATTR_NAMED_GRAD block=1344 name=ff_bias1_13 grad=7cd8f5f0 grad_elems=6144 param_elems=6144 energy=0x1.fp-18 finite=1
ATTR_NAMED_GRAD block=1344 name=ff_bias2_13 grad=12b5171b grad_elems=1024 param_elems=1024 energy=0x1.eap-12 finite=1
ATTR_NAMED_GRAD block=1344 name=w_o_13 grad=6e670130 grad_elems=1048576 param_elems=1048576 energy=0x1.b2p-8 finite=1
ATTR_NAMED_GRAD block=1344 name=w_r_13 grad=df9aacaf grad_elems=327680 param_elems=327680 energy=0x1.6ap-28 finite=1
ATTR_NAMED_GRAD block=1344 name=w_kv_13 grad=7c5ba144 grad_elems=2097152 param_elems=2097152 energy=0x1.4cp-7 finite=1
ATTR_NAMED_GRAD block=1344 name=w_q_13 grad=b15e9ad9 grad_elems=1048576 param_elems=1048576 energy=0x1.6cp-15 finite=1
ATTR_NAMED_GRAD block=1344 name=ln_g_26 grad=ff82d996 grad_elems=1024 param_elems=1024 energy=0x1.0cp-25 finite=1
ATTR_NAMED_GRAD block=1344 name=ln_b_26 grad=250d6751 grad_elems=1024 param_elems=1024 energy=0x1.34p-23 finite=1
ATTR_NAMED_GRAD block=1344 name=ff2_12 grad=480becd7 grad_elems=3145728 param_elems=3145728 energy=0x1.34p-7 finite=1
ATTR_NAMED_GRAD block=1344 name=ff1_12 grad=c4d4b382 grad_elems=6291456 param_elems=6291456 energy=0x1.8ap-8 finite=1
ATTR_NAMED_GRAD block=1344 name=ln_g_25 grad=de25c569 grad_elems=1024 param_elems=1024 energy=0x1.8ap-20 finite=1
ATTR_NAMED_GRAD block=1344 name=ln_b_25 grad=9a538d82 grad_elems=1024 param_elems=1024 energy=0x1.ep-20 finite=1
ATTR_NAMED_GRAD block=1344 name=ff_bias1_12 grad=8442a017 grad_elems=6144 param_elems=6144 energy=0x1.fap-18 finite=1
ATTR_NAMED_GRAD block=1344 name=ff_bias2_12 grad=ecca8b92 grad_elems=1024 param_elems=1024 energy=0x1.f8p-12 finite=1
ATTR_NAMED_GRAD block=1344 name=w_o_12 grad=ed662ddb grad_elems=1048576 param_elems=1048576 energy=0x1.7ep-8 finite=1
ATTR_NAMED_GRAD block=1344 name=w_r_12 grad=225ba01b grad_elems=327680 param_elems=327680 energy=0x1.62p-28 finite=1
ATTR_NAMED_GRAD block=1344 name=w_kv_12 grad=c0ade51f grad_elems=2097152 param_elems=2097152 energy=0x1.1p-7 finite=1
ATTR_NAMED_GRAD block=1344 name=w_q_12 grad=6e37ee93 grad_elems=1048576 param_elems=1048576 energy=0x1.0ap-15 finite=1
ATTR_NAMED_GRAD block=1344 name=ln_g_24 grad=67cee002 grad_elems=1024 param_elems=1024 energy=0x1.62p-26 finite=1
ATTR_NAMED_GRAD block=1344 name=ln_b_24 grad=d0b3902d grad_elems=1024 param_elems=1024 energy=0x1.0ep-23 finite=1
ATTR_NAMED_GRAD block=1344 name=ff2_11 grad=b02cb593 grad_elems=3145728 param_elems=3145728 energy=0x1.3p-7 finite=1
ATTR_NAMED_GRAD block=1344 name=ff1_11 grad=2db5ff15 grad_elems=6291456 param_elems=6291456 energy=0x1.8ap-8 finite=1
ATTR_NAMED_GRAD block=1344 name=ln_g_23 grad=10d1a570 grad_elems=1024 param_elems=1024 energy=0x1.8ep-20 finite=1
ATTR_NAMED_GRAD block=1344 name=ln_b_23 grad=dfd22438 grad_elems=1024 param_elems=1024 energy=0x1.e8p-20 finite=1
ATTR_NAMED_GRAD block=1344 name=ff_bias1_11 grad=9b9b1522 grad_elems=6144 param_elems=6144 energy=0x1.f6p-18 finite=1
ATTR_NAMED_GRAD block=1344 name=ff_bias2_11 grad=cfe27f97 grad_elems=1024 param_elems=1024 energy=0x1.06p-11 finite=1
ATTR_NAMED_GRAD block=1344 name=w_o_11 grad=abc713fe grad_elems=1048576 param_elems=1048576 energy=0x1.4p-8 finite=1
ATTR_NAMED_GRAD block=1344 name=w_r_11 grad=9d967086 grad_elems=327680 param_elems=327680 energy=0x1.6ep-28 finite=1
ATTR_NAMED_GRAD block=1344 name=w_kv_11 grad=9506fa07 grad_elems=2097152 param_elems=2097152 energy=0x1.dcp-8 finite=1
ATTR_NAMED_GRAD block=1344 name=w_q_11 grad=a692261e grad_elems=1048576 param_elems=1048576 energy=0x1.1cp-15 finite=1
ATTR_NAMED_GRAD block=1344 name=ln_g_22 grad=b8267c08 grad_elems=1024 param_elems=1024 energy=0x1.4ep-26 finite=1
ATTR_NAMED_GRAD block=1344 name=ln_b_22 grad=0e7f4369 grad_elems=1024 param_elems=1024 energy=0x1.28p-23 finite=1
ATTR_NAMED_GRAD block=1344 name=ff2_10 grad=ec10eb04 grad_elems=3145728 param_elems=3145728 energy=0x1.38p-7 finite=1
ATTR_NAMED_GRAD block=1344 name=ff1_10 grad=8af9b9a9 grad_elems=6291456 param_elems=6291456 energy=0x1.98p-8 finite=1
ATTR_NAMED_GRAD block=1344 name=ln_g_21 grad=4d5203f2 grad_elems=1024 param_elems=1024 energy=0x1.7ep-20 finite=1
ATTR_NAMED_GRAD block=1344 name=ln_b_21 grad=4e50c159 grad_elems=1024 param_elems=1024 energy=0x1.0ep-19 finite=1
ATTR_NAMED_GRAD block=1344 name=ff_bias1_10 grad=2daa8f41 grad_elems=6144 param_elems=6144 energy=0x1.0ap-17 finite=1
ATTR_NAMED_GRAD block=1344 name=ff_bias2_10 grad=0203453d grad_elems=1024 param_elems=1024 energy=0x1.12p-11 finite=1
ATTR_NAMED_GRAD block=1344 name=w_o_10 grad=9602b419 grad_elems=1048576 param_elems=1048576 energy=0x1.02p-8 finite=1
ATTR_NAMED_GRAD block=1344 name=w_r_10 grad=aac9f803 grad_elems=327680 param_elems=327680 energy=0x1.72p-28 finite=1
ATTR_NAMED_GRAD block=1344 name=w_kv_10 grad=1cb94c20 grad_elems=2097152 param_elems=2097152 energy=0x1.8ep-8 finite=1
ATTR_NAMED_GRAD block=1344 name=w_q_10 grad=331a4443 grad_elems=1048576 param_elems=1048576 energy=0x1.04p-15 finite=1
ATTR_NAMED_GRAD block=1344 name=ln_g_20 grad=502d1028 grad_elems=1024 param_elems=1024 energy=0x1.06p-26 finite=1
ATTR_NAMED_GRAD block=1344 name=ln_b_20 grad=5d232ac3 grad_elems=1024 param_elems=1024 energy=0x1.0ep-23 finite=1
ATTR_NAMED_GRAD block=1344 name=ff2_9 grad=371ae075 grad_elems=3145728 param_elems=3145728 energy=0x1.3cp-7 finite=1
ATTR_NAMED_GRAD block=1344 name=ff1_9 grad=f080ebb7 grad_elems=6291456 param_elems=6291456 energy=0x1.9ep-8 finite=1
ATTR_NAMED_GRAD block=1344 name=ln_g_19 grad=820a1dd2 grad_elems=1024 param_elems=1024 energy=0x1.a4p-20 finite=1
ATTR_NAMED_GRAD block=1344 name=ln_b_19 grad=957f6695 grad_elems=1024 param_elems=1024 energy=0x1.1p-19 finite=1
ATTR_NAMED_GRAD block=1344 name=ff_bias1_9 grad=240c0277 grad_elems=6144 param_elems=6144 energy=0x1.0ap-17 finite=1
ATTR_NAMED_GRAD block=1344 name=ff_bias2_9 grad=56e61678 grad_elems=1024 param_elems=1024 energy=0x1.1cp-11 finite=1
ATTR_NAMED_GRAD block=1344 name=w_o_9 grad=73b002db grad_elems=1048576 param_elems=1048576 energy=0x1.c2p-9 finite=1
ATTR_NAMED_GRAD block=1344 name=w_r_9 grad=f9c00593 grad_elems=327680 param_elems=327680 energy=0x1.88p-28 finite=1
ATTR_NAMED_GRAD block=1344 name=w_kv_9 grad=8333f76a grad_elems=2097152 param_elems=2097152 energy=0x1.4ap-8 finite=1
ATTR_NAMED_GRAD block=1344 name=w_q_9 grad=d260289b grad_elems=1048576 param_elems=1048576 energy=0x1p-15 finite=1
ATTR_NAMED_GRAD block=1344 name=ln_g_18 grad=a3151d62 grad_elems=1024 param_elems=1024 energy=0x1.0ap-26 finite=1
ATTR_NAMED_GRAD block=1344 name=ln_b_18 grad=2b7a089c grad_elems=1024 param_elems=1024 energy=0x1.2cp-23 finite=1
ATTR_NAMED_GRAD block=1344 name=ff2_8 grad=c97f9bf0 grad_elems=3145728 param_elems=3145728 energy=0x1.48p-7 finite=1
ATTR_NAMED_GRAD block=1344 name=ff1_8 grad=4f18a165 grad_elems=6291456 param_elems=6291456 energy=0x1.a8p-8 finite=1
ATTR_NAMED_GRAD block=1344 name=ln_g_17 grad=b56a8620 grad_elems=1024 param_elems=1024 energy=0x1.a8p-20 finite=1
ATTR_NAMED_GRAD block=1344 name=ln_b_17 grad=5f011835 grad_elems=1024 param_elems=1024 energy=0x1.02p-19 finite=1
ATTR_NAMED_GRAD block=1344 name=ff_bias1_8 grad=a431b938 grad_elems=6144 param_elems=6144 energy=0x1.06p-17 finite=1
ATTR_NAMED_GRAD block=1344 name=ff_bias2_8 grad=ff1064b8 grad_elems=1024 param_elems=1024 energy=0x1.2cp-11 finite=1
ATTR_NAMED_GRAD block=1344 name=w_o_8 grad=58400118 grad_elems=1048576 param_elems=1048576 energy=0x1.8p-9 finite=1
ATTR_NAMED_GRAD block=1344 name=w_r_8 grad=d4760dfe grad_elems=327680 param_elems=327680 energy=0x1.88p-28 finite=1
ATTR_NAMED_GRAD block=1344 name=w_kv_8 grad=a76dbd28 grad_elems=2097152 param_elems=2097152 energy=0x1.1p-8 finite=1
ATTR_NAMED_GRAD block=1344 name=w_q_8 grad=f4a88d98 grad_elems=1048576 param_elems=1048576 energy=0x1.ep-16 finite=1
ATTR_NAMED_GRAD block=1344 name=ln_g_16 grad=0754fe61 grad_elems=1024 param_elems=1024 energy=0x1.cp-27 finite=1
ATTR_NAMED_GRAD block=1344 name=ln_b_16 grad=fd739d23 grad_elems=1024 param_elems=1024 energy=0x1.1ap-23 finite=1
ATTR_NAMED_GRAD block=1344 name=ff2_7 grad=5db35703 grad_elems=3145728 param_elems=3145728 energy=0x1.4ep-7 finite=1
ATTR_NAMED_GRAD block=1344 name=ff1_7 grad=c2084921 grad_elems=6291456 param_elems=6291456 energy=0x1.b4p-8 finite=1
ATTR_NAMED_GRAD block=1344 name=ln_g_15 grad=73babf92 grad_elems=1024 param_elems=1024 energy=0x1.9ap-20 finite=1
ATTR_NAMED_GRAD block=1344 name=ln_b_15 grad=e47f979c grad_elems=1024 param_elems=1024 energy=0x1.1ap-19 finite=1
ATTR_NAMED_GRAD block=1344 name=ff_bias1_7 grad=ec247a33 grad_elems=6144 param_elems=6144 energy=0x1.16p-17 finite=1
ATTR_NAMED_GRAD block=1344 name=ff_bias2_7 grad=7887f3aa grad_elems=1024 param_elems=1024 energy=0x1.3ap-11 finite=1
ATTR_NAMED_GRAD block=1344 name=w_o_7 grad=95fedd16 grad_elems=1048576 param_elems=1048576 energy=0x1.32p-9 finite=1
ATTR_NAMED_GRAD block=1344 name=w_r_7 grad=fd31f5f1 grad_elems=327680 param_elems=327680 energy=0x1.9cp-28 finite=1
ATTR_NAMED_GRAD block=1344 name=w_kv_7 grad=22aab986 grad_elems=2097152 param_elems=2097152 energy=0x1.dp-9 finite=1
ATTR_NAMED_GRAD block=1344 name=w_q_7 grad=28559bc9 grad_elems=1048576 param_elems=1048576 energy=0x1.dep-16 finite=1
ATTR_NAMED_GRAD block=1344 name=ln_g_14 grad=3b3ada99 grad_elems=1024 param_elems=1024 energy=0x1.a4p-27 finite=1
ATTR_NAMED_GRAD block=1344 name=ln_b_14 grad=58fa79c2 grad_elems=1024 param_elems=1024 energy=0x1.28p-23 finite=1
ATTR_NAMED_GRAD block=1344 name=ff2_6 grad=2dddc8dc grad_elems=3145728 param_elems=3145728 energy=0x1.58p-7 finite=1
ATTR_NAMED_GRAD block=1344 name=ff1_6 grad=4b2a57b8 grad_elems=6291456 param_elems=6291456 energy=0x1.cp-8 finite=1
ATTR_NAMED_GRAD block=1344 name=ln_g_13 grad=2c5271ef grad_elems=1024 param_elems=1024 energy=0x1.bap-20 finite=1
ATTR_NAMED_GRAD block=1344 name=ln_b_13 grad=812aa5a3 grad_elems=1024 param_elems=1024 energy=0x1.1cp-19 finite=1
ATTR_NAMED_GRAD block=1344 name=ff_bias1_6 grad=ff819cbc grad_elems=6144 param_elems=6144 energy=0x1.1ep-17 finite=1
ATTR_NAMED_GRAD block=1344 name=ff_bias2_6 grad=e44a3afa grad_elems=1024 param_elems=1024 energy=0x1.48p-11 finite=1
ATTR_NAMED_GRAD block=1344 name=w_o_6 grad=1b67783a grad_elems=1048576 param_elems=1048576 energy=0x1.fp-10 finite=1
ATTR_NAMED_GRAD block=1344 name=w_r_6 grad=28ed302f grad_elems=327680 param_elems=327680 energy=0x1.bp-28 finite=1
ATTR_NAMED_GRAD block=1344 name=w_kv_6 grad=31cd62d4 grad_elems=2097152 param_elems=2097152 energy=0x1.6cp-9 finite=1
ATTR_NAMED_GRAD block=1344 name=w_q_6 grad=2f143ab7 grad_elems=1048576 param_elems=1048576 energy=0x1.dcp-16 finite=1
ATTR_NAMED_GRAD block=1344 name=ln_g_12 grad=4542f145 grad_elems=1024 param_elems=1024 energy=0x1.ap-27 finite=1
ATTR_NAMED_GRAD block=1344 name=ln_b_12 grad=6f0afe85 grad_elems=1024 param_elems=1024 energy=0x1.1p-23 finite=1
ATTR_NAMED_GRAD block=1344 name=ff2_5 grad=dfe28a88 grad_elems=3145728 param_elems=3145728 energy=0x1.5cp-7 finite=1
ATTR_NAMED_GRAD block=1344 name=ff1_5 grad=175da56e grad_elems=6291456 param_elems=6291456 energy=0x1.c6p-8 finite=1
ATTR_NAMED_GRAD block=1344 name=ln_g_11 grad=2eba46fc grad_elems=1024 param_elems=1024 energy=0x1.c4p-20 finite=1
ATTR_NAMED_GRAD block=1344 name=ln_b_11 grad=85a4d742 grad_elems=1024 param_elems=1024 energy=0x1.22p-19 finite=1
ATTR_NAMED_GRAD block=1344 name=ff_bias1_5 grad=16ed4345 grad_elems=6144 param_elems=6144 energy=0x1.1cp-17 finite=1
ATTR_NAMED_GRAD block=1344 name=ff_bias2_5 grad=b1d0b98c grad_elems=1024 param_elems=1024 energy=0x1.5ap-11 finite=1
ATTR_NAMED_GRAD block=1344 name=w_o_5 grad=694e9248 grad_elems=1048576 param_elems=1048576 energy=0x1.aep-10 finite=1
ATTR_NAMED_GRAD block=1344 name=w_r_5 grad=2a2b0234 grad_elems=327680 param_elems=327680 energy=0x1.c4p-28 finite=1
ATTR_NAMED_GRAD block=1344 name=w_kv_5 grad=2b78ee6e grad_elems=2097152 param_elems=2097152 energy=0x1.34p-9 finite=1
ATTR_NAMED_GRAD block=1344 name=w_q_5 grad=cc439420 grad_elems=1048576 param_elems=1048576 energy=0x1.fap-16 finite=1
ATTR_NAMED_GRAD block=1344 name=ln_g_10 grad=95b07530 grad_elems=1024 param_elems=1024 energy=0x1.aep-27 finite=1
ATTR_NAMED_GRAD block=1344 name=ln_b_10 grad=2caef483 grad_elems=1024 param_elems=1024 energy=0x1.4cp-23 finite=1
ATTR_NAMED_GRAD block=1344 name=ff2_4 grad=cec8d426 grad_elems=3145728 param_elems=3145728 energy=0x1.66p-7 finite=1
ATTR_NAMED_GRAD block=1344 name=ff1_4 grad=05ab5fdd grad_elems=6291456 param_elems=6291456 energy=0x1.d2p-8 finite=1
ATTR_NAMED_GRAD block=1344 name=ln_g_9 grad=180a916b grad_elems=1024 param_elems=1024 energy=0x1.bep-20 finite=1
ATTR_NAMED_GRAD block=1344 name=ln_b_9 grad=1faa153d grad_elems=1024 param_elems=1024 energy=0x1.18p-19 finite=1
ATTR_NAMED_GRAD block=1344 name=ff_bias1_4 grad=4bd9c634 grad_elems=6144 param_elems=6144 energy=0x1.2p-17 finite=1
ATTR_NAMED_GRAD block=1344 name=ff_bias2_4 grad=5053f63c grad_elems=1024 param_elems=1024 energy=0x1.6ap-11 finite=1
ATTR_NAMED_GRAD block=1344 name=w_o_4 grad=edf069d3 grad_elems=1048576 param_elems=1048576 energy=0x1.66p-10 finite=1
ATTR_NAMED_GRAD block=1344 name=w_r_4 grad=cdaf04fd grad_elems=327680 param_elems=327680 energy=0x1.e2p-28 finite=1
ATTR_NAMED_GRAD block=1344 name=w_kv_4 grad=86001798 grad_elems=2097152 param_elems=2097152 energy=0x1p-9 finite=1
ATTR_NAMED_GRAD block=1344 name=w_q_4 grad=62ac6747 grad_elems=1048576 param_elems=1048576 energy=0x1.3cp-15 finite=1
ATTR_NAMED_GRAD block=1344 name=ln_g_8 grad=ebfc4f2c grad_elems=1024 param_elems=1024 energy=0x1.f6p-27 finite=1
ATTR_NAMED_GRAD block=1344 name=ln_b_8 grad=4c2aae7b grad_elems=1024 param_elems=1024 energy=0x1.4cp-23 finite=1
ATTR_NAMED_GRAD block=1344 name=ff2_3 grad=86f490c0 grad_elems=3145728 param_elems=3145728 energy=0x1.78p-7 finite=1
ATTR_NAMED_GRAD block=1344 name=ff1_3 grad=d1608ad6 grad_elems=6291456 param_elems=6291456 energy=0x1.e2p-8 finite=1
ATTR_NAMED_GRAD block=1344 name=ln_g_7 grad=db5a8274 grad_elems=1024 param_elems=1024 energy=0x1.d6p-20 finite=1
ATTR_NAMED_GRAD block=1344 name=ln_b_7 grad=e141127a grad_elems=1024 param_elems=1024 energy=0x1.2cp-19 finite=1
ATTR_NAMED_GRAD block=1344 name=ff_bias1_3 grad=c7311577 grad_elems=6144 param_elems=6144 energy=0x1.2ap-17 finite=1
ATTR_NAMED_GRAD block=1344 name=ff_bias2_3 grad=af3b2da7 grad_elems=1024 param_elems=1024 energy=0x1.78p-11 finite=1
ATTR_NAMED_GRAD block=1344 name=w_o_3 grad=9971ea1e grad_elems=1048576 param_elems=1048576 energy=0x1.3cp-10 finite=1
ATTR_NAMED_GRAD block=1344 name=w_r_3 grad=6bae7f59 grad_elems=327680 param_elems=327680 energy=0x1.1p-27 finite=1
ATTR_NAMED_GRAD block=1344 name=w_kv_3 grad=3ac35f33 grad_elems=2097152 param_elems=2097152 energy=0x1.9ep-10 finite=1
ATTR_NAMED_GRAD block=1344 name=w_q_3 grad=271574b0 grad_elems=1048576 param_elems=1048576 energy=0x1.78p-15 finite=1
ATTR_NAMED_GRAD block=1344 name=ln_g_6 grad=5557af79 grad_elems=1024 param_elems=1024 energy=0x1.2ap-26 finite=1
ATTR_NAMED_GRAD block=1344 name=ln_b_6 grad=8eba37e2 grad_elems=1024 param_elems=1024 energy=0x1p-22 finite=1
ATTR_NAMED_GRAD block=1344 name=ff2_2 grad=ddac0caf grad_elems=3145728 param_elems=3145728 energy=0x1.8p-7 finite=1
ATTR_NAMED_GRAD block=1344 name=ff1_2 grad=634e4dae grad_elems=6291456 param_elems=6291456 energy=0x1.ecp-8 finite=1
ATTR_NAMED_GRAD block=1344 name=ln_g_5 grad=18b90ed0 grad_elems=1024 param_elems=1024 energy=0x1.ccp-20 finite=1
ATTR_NAMED_GRAD block=1344 name=ln_b_5 grad=c5ac0f10 grad_elems=1024 param_elems=1024 energy=0x1.1cp-19 finite=1
ATTR_NAMED_GRAD block=1344 name=ff_bias1_2 grad=6e6c13a8 grad_elems=6144 param_elems=6144 energy=0x1.2ep-17 finite=1
ATTR_NAMED_GRAD block=1344 name=ff_bias2_2 grad=ad45d0e4 grad_elems=1024 param_elems=1024 energy=0x1.88p-11 finite=1
ATTR_NAMED_GRAD block=1344 name=w_o_2 grad=22244d63 grad_elems=1048576 param_elems=1048576 energy=0x1.02p-10 finite=1
ATTR_NAMED_GRAD block=1344 name=w_r_2 grad=eebecd2e grad_elems=327680 param_elems=327680 energy=0x1.0ep-27 finite=1
ATTR_NAMED_GRAD block=1344 name=w_kv_2 grad=8b7ad67a grad_elems=2097152 param_elems=2097152 energy=0x1.58p-10 finite=1
ATTR_NAMED_GRAD block=1344 name=w_q_2 grad=b5f3e1c6 grad_elems=1048576 param_elems=1048576 energy=0x1.78p-15 finite=1
ATTR_NAMED_GRAD block=1344 name=ln_g_4 grad=905fe191 grad_elems=1024 param_elems=1024 energy=0x1.2ep-26 finite=1
ATTR_NAMED_GRAD block=1344 name=ln_b_4 grad=005c0165 grad_elems=1024 param_elems=1024 energy=0x1.c6p-23 finite=1
ATTR_NAMED_GRAD block=1344 name=ff2_1 grad=b951c045 grad_elems=3145728 param_elems=3145728 energy=0x1.8ap-7 finite=1
ATTR_NAMED_GRAD block=1344 name=ff1_1 grad=d084ab75 grad_elems=6291456 param_elems=6291456 energy=0x1.fep-8 finite=1
ATTR_NAMED_GRAD block=1344 name=ln_g_3 grad=ad3f77f7 grad_elems=1024 param_elems=1024 energy=0x1.d2p-20 finite=1
ATTR_NAMED_GRAD block=1344 name=ln_b_3 grad=846dca98 grad_elems=1024 param_elems=1024 energy=0x1.1p-19 finite=1
ATTR_NAMED_GRAD block=1344 name=ff_bias1_1 grad=e29e714a grad_elems=6144 param_elems=6144 energy=0x1.3ap-17 finite=1
ATTR_NAMED_GRAD block=1344 name=ff_bias2_1 grad=2d6696ab grad_elems=1024 param_elems=1024 energy=0x1.96p-11 finite=1
ATTR_NAMED_GRAD block=1344 name=w_o_1 grad=d2235522 grad_elems=1048576 param_elems=1048576 energy=0x1.06p-10 finite=1
ATTR_NAMED_GRAD block=1344 name=w_r_1 grad=0b086fbd grad_elems=327680 param_elems=327680 energy=0x1.46p-27 finite=1
ATTR_NAMED_GRAD block=1344 name=w_kv_1 grad=ed126f0e grad_elems=2097152 param_elems=2097152 energy=0x1.3ep-10 finite=1
ATTR_NAMED_GRAD block=1344 name=w_q_1 grad=a299d3c9 grad_elems=1048576 param_elems=1048576 energy=0x1.fp-14 finite=1
ATTR_NAMED_GRAD block=1344 name=ln_g_2 grad=77b7c551 grad_elems=1024 param_elems=1024 energy=0x1.eap-25 finite=1
ATTR_NAMED_GRAD block=1344 name=ln_b_2 grad=510a3754 grad_elems=1024 param_elems=1024 energy=0x1.32p-21 finite=1
ATTR_NAMED_GRAD block=1344 name=ff2_0 grad=dd946d0e grad_elems=3145728 param_elems=3145728 energy=0x1.8cp-7 finite=1
ATTR_NAMED_GRAD block=1344 name=ff1_0 grad=8f817f70 grad_elems=6291456 param_elems=6291456 energy=0x1.06p-7 finite=1
ATTR_NAMED_GRAD block=1344 name=ln_g_1 grad=f956447d grad_elems=1024 param_elems=1024 energy=0x1.e4p-20 finite=1
ATTR_NAMED_GRAD block=1344 name=ln_b_1 grad=4589369e grad_elems=1024 param_elems=1024 energy=0x1.16p-19 finite=1
ATTR_NAMED_GRAD block=1344 name=ff_bias1_0 grad=03375686 grad_elems=6144 param_elems=6144 energy=0x1.36p-17 finite=1
ATTR_NAMED_GRAD block=1344 name=ff_bias2_0 grad=bd65c8de grad_elems=1024 param_elems=1024 energy=0x1.acp-11 finite=1
ATTR_NAMED_GRAD block=1344 name=w_o_0 grad=31b206cb grad_elems=1048576 param_elems=1048576 energy=0x1.cep-11 finite=1
ATTR_NAMED_GRAD block=1344 name=w_r_0 grad=6135892e grad_elems=327680 param_elems=327680 energy=0x1.38p-27 finite=1
ATTR_NAMED_GRAD block=1344 name=b_r_0 grad=10f2412b grad_elems=2560 param_elems=2560 energy=0x1.72p-10 finite=1
ATTR_NAMED_GRAD block=1344 name=w_kv_0 grad=d25e5881 grad_elems=2097152 param_elems=2097152 energy=0x1.1cp-10 finite=1
ATTR_NAMED_GRAD block=1344 name=w_q_0 grad=913fa168 grad_elems=1048576 param_elems=1048576 energy=0x1.d6p-15 finite=1
ATTR_NAMED_GRAD block=1344 name=ln_g_0 grad=14f4094b grad_elems=1024 param_elems=1024 energy=0x1.96p-26 finite=1
ATTR_NAMED_GRAD block=1344 name=ln_b_0 grad=27e9748f grad_elems=1024 param_elems=1024 energy=0x1.58p-22 finite=1
ATTR_NAMED_GRAD block=1344 name=embed grad=2c9f317b grad_elems=16785408 param_elems=16785408 energy=0x1.f75dap-3 finite=1
ATTR_NAMED_GRAD block=1344 name=ln_g_40 grad=a939a955 grad_elems=1024 param_elems=1024 energy=0x1.4p-10 finite=1
ATTR_NAMED_GRAD block=1344 name=ln_b_40 grad=e56f0bf0 grad_elems=1024 param_elems=1024 energy=0x1.56p-10 finite=1
ATTR_NAMED_GRAD block=1344 name=out_bias grad=906a30e8 grad_elems=16392 param_elems=16392 energy=0x1.16p-9 finite=1
ATTR_HEAD arm=1 block=1344 weight=bf36e91e bias=f8e9c4da
ATTR_STATE arm=1 block=1344 step=44 params=576aab6f memory=267f0ead
ATTR_NAMED_GRAD block=1408 name=embed_out grad=cb1469c4 grad_elems=16785408 param_elems=16785408 energy=0x1.96p+0 finite=1
ATTR_NAMED_GRAD block=1408 name=ff2_19 grad=239b7ce0 grad_elems=3145728 param_elems=3145728 energy=0x1.ap-8 finite=1
ATTR_NAMED_GRAD block=1408 name=ff1_19 grad=84c39c23 grad_elems=6291456 param_elems=6291456 energy=0x1.62p-8 finite=1
ATTR_NAMED_GRAD block=1408 name=ln_g_39 grad=7bdc4af0 grad_elems=1024 param_elems=1024 energy=0x1.82p-20 finite=1
ATTR_NAMED_GRAD block=1408 name=ln_b_39 grad=9a6352e7 grad_elems=1024 param_elems=1024 energy=0x1.1ep-19 finite=1
ATTR_NAMED_GRAD block=1408 name=ff_bias1_19 grad=cf8846a7 grad_elems=6144 param_elems=6144 energy=0x1.e8p-18 finite=1
ATTR_NAMED_GRAD block=1408 name=ff_bias2_19 grad=58412d96 grad_elems=1024 param_elems=1024 energy=0x1.eap-12 finite=1
ATTR_NAMED_GRAD block=1408 name=w_o_19 grad=a375dded grad_elems=1048576 param_elems=1048576 energy=0x1.7p-5 finite=1
ATTR_NAMED_GRAD block=1408 name=w_r_19 grad=1f2627aa grad_elems=327680 param_elems=327680 energy=0x1.7ap-27 finite=1
ATTR_NAMED_GRAD block=1408 name=w_kv_19 grad=a740535f grad_elems=2097152 param_elems=2097152 energy=0x1.1p-4 finite=1
ATTR_NAMED_GRAD block=1408 name=w_q_19 grad=619622d0 grad_elems=1048576 param_elems=1048576 energy=0x1.58p-13 finite=1
ATTR_NAMED_GRAD block=1408 name=ln_g_38 grad=3712ab6f grad_elems=1024 param_elems=1024 energy=0x1p-22 finite=1
ATTR_NAMED_GRAD block=1408 name=ln_b_38 grad=3423dc3b grad_elems=1024 param_elems=1024 energy=0x1.fap-21 finite=1
ATTR_NAMED_GRAD block=1408 name=ff2_18 grad=e835af53 grad_elems=3145728 param_elems=3145728 energy=0x1.1ep-7 finite=1
ATTR_NAMED_GRAD block=1408 name=ff1_18 grad=32f58fc7 grad_elems=6291456 param_elems=6291456 energy=0x1.7cp-8 finite=1
ATTR_NAMED_GRAD block=1408 name=ln_g_37 grad=c34052db grad_elems=1024 param_elems=1024 energy=0x1.58p-20 finite=1
ATTR_NAMED_GRAD block=1408 name=ln_b_37 grad=261ec5c9 grad_elems=1024 param_elems=1024 energy=0x1.24p-19 finite=1
ATTR_NAMED_GRAD block=1408 name=ff_bias1_18 grad=6af8fa6c grad_elems=6144 param_elems=6144 energy=0x1p-17 finite=1
ATTR_NAMED_GRAD block=1408 name=ff_bias2_18 grad=60922715 grad_elems=1024 param_elems=1024 energy=0x1.eap-12 finite=1
ATTR_NAMED_GRAD block=1408 name=w_o_18 grad=c8cc0733 grad_elems=1048576 param_elems=1048576 energy=0x1.84p-6 finite=1
ATTR_NAMED_GRAD block=1408 name=w_r_18 grad=ca42f17b grad_elems=327680 param_elems=327680 energy=0x1.62p-27 finite=1
ATTR_NAMED_GRAD block=1408 name=w_kv_18 grad=d1bb31f1 grad_elems=2097152 param_elems=2097152 energy=0x1.18p-5 finite=1
ATTR_NAMED_GRAD block=1408 name=w_q_18 grad=97d03f58 grad_elems=1048576 param_elems=1048576 energy=0x1.92p-13 finite=1
ATTR_NAMED_GRAD block=1408 name=ln_g_36 grad=438eb42b grad_elems=1024 param_elems=1024 energy=0x1.d4p-23 finite=1
ATTR_NAMED_GRAD block=1408 name=ln_b_36 grad=6e9e91e5 grad_elems=1024 param_elems=1024 energy=0x1.18p-20 finite=1
ATTR_NAMED_GRAD block=1408 name=ff2_17 grad=331d364b grad_elems=3145728 param_elems=3145728 energy=0x1.44p-7 finite=1
ATTR_NAMED_GRAD block=1408 name=ff1_17 grad=c11821ff grad_elems=6291456 param_elems=6291456 energy=0x1.9cp-8 finite=1
ATTR_NAMED_GRAD block=1408 name=ln_g_35 grad=2c2a827d grad_elems=1024 param_elems=1024 energy=0x1.98p-20 finite=1
ATTR_NAMED_GRAD block=1408 name=ln_b_35 grad=16921864 grad_elems=1024 param_elems=1024 energy=0x1.4cp-19 finite=1
ATTR_NAMED_GRAD block=1408 name=ff_bias1_17 grad=b15e062b grad_elems=6144 param_elems=6144 energy=0x1.26p-17 finite=1
ATTR_NAMED_GRAD block=1408 name=ff_bias2_17 grad=2e0a4ae5 grad_elems=1024 param_elems=1024 energy=0x1.dcp-12 finite=1
ATTR_NAMED_GRAD block=1408 name=w_o_17 grad=4627bda9 grad_elems=1048576 param_elems=1048576 energy=0x1.ccp-7 finite=1
ATTR_NAMED_GRAD block=1408 name=w_r_17 grad=69789504 grad_elems=327680 param_elems=327680 energy=0x1.06p-26 finite=1
ATTR_NAMED_GRAD block=1408 name=w_kv_17 grad=d44c1023 grad_elems=2097152 param_elems=2097152 energy=0x1.5p-6 finite=1
ATTR_NAMED_GRAD block=1408 name=w_q_17 grad=b4cf11df grad_elems=1048576 param_elems=1048576 energy=0x1.48p-12 finite=1
ATTR_NAMED_GRAD block=1408 name=ln_g_34 grad=4c2636b2 grad_elems=1024 param_elems=1024 energy=0x1.1p-21 finite=1
ATTR_NAMED_GRAD block=1408 name=ln_b_34 grad=489218bc grad_elems=1024 param_elems=1024 energy=0x1.62p-19 finite=1
ATTR_NAMED_GRAD block=1408 name=ff2_16 grad=2acfac60 grad_elems=3145728 param_elems=3145728 energy=0x1.32p-7 finite=1
ATTR_NAMED_GRAD block=1408 name=ff1_16 grad=0d473009 grad_elems=6291456 param_elems=6291456 energy=0x1.8cp-8 finite=1
ATTR_NAMED_GRAD block=1408 name=ln_g_33 grad=0851b150 grad_elems=1024 param_elems=1024 energy=0x1.5cp-20 finite=1
ATTR_NAMED_GRAD block=1408 name=ln_b_33 grad=2ba6aa66 grad_elems=1024 param_elems=1024 energy=0x1.04p-19 finite=1
ATTR_NAMED_GRAD block=1408 name=ff_bias1_16 grad=acf09329 grad_elems=6144 param_elems=6144 energy=0x1.fep-18 finite=1
ATTR_NAMED_GRAD block=1408 name=ff_bias2_16 grad=35343153 grad_elems=1024 param_elems=1024 energy=0x1.cp-12 finite=1
ATTR_NAMED_GRAD block=1408 name=w_o_16 grad=ed3f22c7 grad_elems=1048576 param_elems=1048576 energy=0x1.56p-7 finite=1
ATTR_NAMED_GRAD block=1408 name=w_r_16 grad=47b3045c grad_elems=327680 param_elems=327680 energy=0x1.2p-27 finite=1
ATTR_NAMED_GRAD block=1408 name=w_kv_16 grad=de696039 grad_elems=2097152 param_elems=2097152 energy=0x1.04p-6 finite=1
ATTR_NAMED_GRAD block=1408 name=w_q_16 grad=67fd62e1 grad_elems=1048576 param_elems=1048576 energy=0x1.ccp-14 finite=1
ATTR_NAMED_GRAD block=1408 name=ln_g_32 grad=d3627121 grad_elems=1024 param_elems=1024 energy=0x1.14p-23 finite=1
ATTR_NAMED_GRAD block=1408 name=ln_b_32 grad=e359f1ce grad_elems=1024 param_elems=1024 energy=0x1.8ap-21 finite=1
ATTR_NAMED_GRAD block=1408 name=ff2_15 grad=8ef0f6fb grad_elems=3145728 param_elems=3145728 energy=0x1.3ep-7 finite=1
ATTR_NAMED_GRAD block=1408 name=ff1_15 grad=96fc7a40 grad_elems=6291456 param_elems=6291456 energy=0x1.94p-8 finite=1
ATTR_NAMED_GRAD block=1408 name=ln_g_31 grad=1594079e grad_elems=1024 param_elems=1024 energy=0x1.5ep-20 finite=1
ATTR_NAMED_GRAD block=1408 name=ln_b_31 grad=658d4bce grad_elems=1024 param_elems=1024 energy=0x1.1ap-19 finite=1
ATTR_NAMED_GRAD block=1408 name=ff_bias1_15 grad=9b00d5aa grad_elems=6144 param_elems=6144 energy=0x1.fap-18 finite=1
ATTR_NAMED_GRAD block=1408 name=ff_bias2_15 grad=6a46848a grad_elems=1024 param_elems=1024 energy=0x1.b6p-12 finite=1
ATTR_NAMED_GRAD block=1408 name=w_o_15 grad=a7de5dd7 grad_elems=1048576 param_elems=1048576 energy=0x1.36p-7 finite=1
ATTR_NAMED_GRAD block=1408 name=w_r_15 grad=0d626bb6 grad_elems=327680 param_elems=327680 energy=0x1.66p-27 finite=1
ATTR_NAMED_GRAD block=1408 name=w_kv_15 grad=fabc3ad0 grad_elems=2097152 param_elems=2097152 energy=0x1.aep-7 finite=1
ATTR_NAMED_GRAD block=1408 name=w_q_15 grad=4c652b8c grad_elems=1048576 param_elems=1048576 energy=0x1.e8p-13 finite=1
ATTR_NAMED_GRAD block=1408 name=ln_g_30 grad=a49949d3 grad_elems=1024 param_elems=1024 energy=0x1.08p-22 finite=1
ATTR_NAMED_GRAD block=1408 name=ln_b_30 grad=81a1a259 grad_elems=1024 param_elems=1024 energy=0x1.32p-20 finite=1
ATTR_NAMED_GRAD block=1408 name=ff2_14 grad=09d31cb1 grad_elems=3145728 param_elems=3145728 energy=0x1.3cp-7 finite=1
ATTR_NAMED_GRAD block=1408 name=ff1_14 grad=c1b44833 grad_elems=6291456 param_elems=6291456 energy=0x1.94p-8 finite=1
ATTR_NAMED_GRAD block=1408 name=ln_g_29 grad=96648414 grad_elems=1024 param_elems=1024 energy=0x1.68p-20 finite=1
ATTR_NAMED_GRAD block=1408 name=ln_b_29 grad=1a72485f grad_elems=1024 param_elems=1024 energy=0x1.04p-19 finite=1
ATTR_NAMED_GRAD block=1408 name=ff_bias1_14 grad=7b5fdfa1 grad_elems=6144 param_elems=6144 energy=0x1.08p-17 finite=1
ATTR_NAMED_GRAD block=1408 name=ff_bias2_14 grad=1e5ad6bc grad_elems=1024 param_elems=1024 energy=0x1.b6p-12 finite=1
ATTR_NAMED_GRAD block=1408 name=w_o_14 grad=3f88f4ca grad_elems=1048576 param_elems=1048576 energy=0x1.02p-7 finite=1
ATTR_NAMED_GRAD block=1408 name=w_r_14 grad=1c0523d1 grad_elems=327680 param_elems=327680 energy=0x1.f4p-28 finite=1
ATTR_NAMED_GRAD block=1408 name=w_kv_14 grad=3a6fb052 grad_elems=2097152 param_elems=2097152 energy=0x1.6p-7 finite=1
ATTR_NAMED_GRAD block=1408 name=w_q_14 grad=0d641e62 grad_elems=1048576 param_elems=1048576 energy=0x1.5ap-14 finite=1
ATTR_NAMED_GRAD block=1408 name=ln_g_28 grad=7ff42451 grad_elems=1024 param_elems=1024 energy=0x1.2ap-24 finite=1
ATTR_NAMED_GRAD block=1408 name=ln_b_28 grad=3f6ad26d grad_elems=1024 param_elems=1024 energy=0x1.08p-22 finite=1
ATTR_NAMED_GRAD block=1408 name=ff2_13 grad=27cd2901 grad_elems=3145728 param_elems=3145728 energy=0x1.38p-7 finite=1
ATTR_NAMED_GRAD block=1408 name=ff1_13 grad=16e6d30e grad_elems=6291456 param_elems=6291456 energy=0x1.9p-8 finite=1
ATTR_NAMED_GRAD block=1408 name=ln_g_27 grad=fbb3ca83 grad_elems=1024 param_elems=1024 energy=0x1.7p-20 finite=1
ATTR_NAMED_GRAD block=1408 name=ln_b_27 grad=c7c31615 grad_elems=1024 param_elems=1024 energy=0x1.02p-19 finite=1
ATTR_NAMED_GRAD block=1408 name=ff_bias1_13 grad=36fa0b54 grad_elems=6144 param_elems=6144 energy=0x1.f6p-18 finite=1
ATTR_NAMED_GRAD block=1408 name=ff_bias2_13 grad=21f0552e grad_elems=1024 param_elems=1024 energy=0x1.cp-12 finite=1
ATTR_NAMED_GRAD block=1408 name=w_o_13 grad=016ba061 grad_elems=1048576 param_elems=1048576 energy=0x1.bp-8 finite=1
ATTR_NAMED_GRAD block=1408 name=w_r_13 grad=0f195449 grad_elems=327680 param_elems=327680 energy=0x1.7p-28 finite=1
ATTR_NAMED_GRAD block=1408 name=w_kv_13 grad=07655552 grad_elems=2097152 param_elems=2097152 energy=0x1.24p-7 finite=1
ATTR_NAMED_GRAD block=1408 name=w_q_13 grad=a55f4edc grad_elems=1048576 param_elems=1048576 energy=0x1.6ap-15 finite=1
ATTR_NAMED_GRAD block=1408 name=ln_g_26 grad=958bcccc grad_elems=1024 param_elems=1024 energy=0x1.ep-26 finite=1
ATTR_NAMED_GRAD block=1408 name=ln_b_26 grad=8787ac61 grad_elems=1024 param_elems=1024 energy=0x1.12p-23 finite=1
ATTR_NAMED_GRAD block=1408 name=ff2_12 grad=ff9258bc grad_elems=3145728 param_elems=3145728 energy=0x1.4p-7 finite=1
ATTR_NAMED_GRAD block=1408 name=ff1_12 grad=f50c0255 grad_elems=6291456 param_elems=6291456 energy=0x1.9ep-8 finite=1
ATTR_NAMED_GRAD block=1408 name=ln_g_25 grad=d1f86185 grad_elems=1024 param_elems=1024 energy=0x1.a8p-20 finite=1
ATTR_NAMED_GRAD block=1408 name=ln_b_25 grad=c39870e7 grad_elems=1024 param_elems=1024 energy=0x1.1ap-19 finite=1
ATTR_NAMED_GRAD block=1408 name=ff_bias1_12 grad=70a9d5d1 grad_elems=6144 param_elems=6144 energy=0x1.0ep-17 finite=1
ATTR_NAMED_GRAD block=1408 name=ff_bias2_12 grad=3e1cbd93 grad_elems=1024 param_elems=1024 energy=0x1.d2p-12 finite=1
ATTR_NAMED_GRAD block=1408 name=w_o_12 grad=9584147e grad_elems=1048576 param_elems=1048576 energy=0x1.78p-8 finite=1
ATTR_NAMED_GRAD block=1408 name=w_r_12 grad=98cfbb30 grad_elems=327680 param_elems=327680 energy=0x1.78p-28 finite=1
ATTR_NAMED_GRAD block=1408 name=w_kv_12 grad=52e4f49e grad_elems=2097152 param_elems=2097152 energy=0x1p-7 finite=1
ATTR_NAMED_GRAD block=1408 name=w_q_12 grad=0fe9ed3f grad_elems=1048576 param_elems=1048576 energy=0x1.4ep-15 finite=1
ATTR_NAMED_GRAD block=1408 name=ln_g_24 grad=daa414d4 grad_elems=1024 param_elems=1024 energy=0x1.ap-26 finite=1
ATTR_NAMED_GRAD block=1408 name=ln_b_24 grad=4d1e3d3c grad_elems=1024 param_elems=1024 energy=0x1.26p-23 finite=1
ATTR_NAMED_GRAD block=1408 name=ff2_11 grad=e340dccf grad_elems=3145728 param_elems=3145728 energy=0x1.4p-7 finite=1
ATTR_NAMED_GRAD block=1408 name=ff1_11 grad=95562c4e grad_elems=6291456 param_elems=6291456 energy=0x1.ap-8 finite=1
ATTR_NAMED_GRAD block=1408 name=ln_g_23 grad=d094f713 grad_elems=1024 param_elems=1024 energy=0x1.98p-20 finite=1
ATTR_NAMED_GRAD block=1408 name=ln_b_23 grad=50eabc6a grad_elems=1024 param_elems=1024 energy=0x1.24p-19 finite=1
ATTR_NAMED_GRAD block=1408 name=ff_bias1_11 grad=ab379427 grad_elems=6144 param_elems=6144 energy=0x1.16p-17 finite=1
ATTR_NAMED_GRAD block=1408 name=ff_bias2_11 grad=9c09fb31 grad_elems=1024 param_elems=1024 energy=0x1.ecp-12 finite=1
ATTR_NAMED_GRAD block=1408 name=w_o_11 grad=0142f2c9 grad_elems=1048576 param_elems=1048576 energy=0x1.3ap-8 finite=1
ATTR_NAMED_GRAD block=1408 name=w_r_11 grad=eef859ae grad_elems=327680 param_elems=327680 energy=0x1.76p-28 finite=1
ATTR_NAMED_GRAD block=1408 name=w_kv_11 grad=36ef2102 grad_elems=2097152 param_elems=2097152 energy=0x1.acp-8 finite=1
ATTR_NAMED_GRAD block=1408 name=w_q_11 grad=f1238be5 grad_elems=1048576 param_elems=1048576 energy=0x1.24p-15 finite=1
ATTR_NAMED_GRAD block=1408 name=ln_g_22 grad=f17873d3 grad_elems=1024 param_elems=1024 energy=0x1.3ep-26 finite=1
ATTR_NAMED_GRAD block=1408 name=ln_b_22 grad=3cfb7700 grad_elems=1024 param_elems=1024 energy=0x1.16p-23 finite=1
ATTR_NAMED_GRAD block=1408 name=ff2_10 grad=a6257695 grad_elems=3145728 param_elems=3145728 energy=0x1.46p-7 finite=1
ATTR_NAMED_GRAD block=1408 name=ff1_10 grad=738da485 grad_elems=6291456 param_elems=6291456 energy=0x1.acp-8 finite=1
ATTR_NAMED_GRAD block=1408 name=ln_g_21 grad=cde6bb7e grad_elems=1024 param_elems=1024 energy=0x1.8cp-20 finite=1
ATTR_NAMED_GRAD block=1408 name=ln_b_21 grad=67b7797b grad_elems=1024 param_elems=1024 energy=0x1.1ap-19 finite=1
ATTR_NAMED_GRAD block=1408 name=ff_bias1_10 grad=965e6c9e grad_elems=6144 param_elems=6144 energy=0x1.1ap-17 finite=1
ATTR_NAMED_GRAD block=1408 name=ff_bias2_10 grad=879bd98d grad_elems=1024 param_elems=1024 energy=0x1.06p-11 finite=1
ATTR_NAMED_GRAD block=1408 name=w_o_10 grad=3714ce23 grad_elems=1048576 param_elems=1048576 energy=0x1.1p-8 finite=1
ATTR_NAMED_GRAD block=1408 name=w_r_10 grad=780d7bf2 grad_elems=327680 param_elems=327680 energy=0x1.78p-28 finite=1
ATTR_NAMED_GRAD block=1408 name=w_kv_10 grad=d8d7c68c grad_elems=2097152 param_elems=2097152 energy=0x1.68p-8 finite=1
ATTR_NAMED_GRAD block=1408 name=w_q_10 grad=3893c227 grad_elems=1048576 param_elems=1048576 energy=0x1.0ep-15 finite=1
ATTR_NAMED_GRAD block=1408 name=ln_g_20 grad=d85e3f4c grad_elems=1024 param_elems=1024 energy=0x1.1p-26 finite=1
ATTR_NAMED_GRAD block=1408 name=ln_b_20 grad=d1bde65f grad_elems=1024 param_elems=1024 energy=0x1.06p-23 finite=1
ATTR_NAMED_GRAD block=1408 name=ff2_9 grad=da6a632c grad_elems=3145728 param_elems=3145728 energy=0x1.4cp-7 finite=1
ATTR_NAMED_GRAD block=1408 name=ff1_9 grad=3fac829e grad_elems=6291456 param_elems=6291456 energy=0x1.aep-8 finite=1
ATTR_NAMED_GRAD block=1408 name=ln_g_19 grad=8670c883 grad_elems=1024 param_elems=1024 energy=0x1.ccp-20 finite=1
ATTR_NAMED_GRAD block=1408 name=ln_b_19 grad=1f1cf626 grad_elems=1024 param_elems=1024 energy=0x1.2p-19 finite=1
ATTR_NAMED_GRAD block=1408 name=ff_bias1_9 grad=5f499498 grad_elems=6144 param_elems=6144 energy=0x1.1p-17 finite=1
ATTR_NAMED_GRAD block=1408 name=ff_bias2_9 grad=d0568e61 grad_elems=1024 param_elems=1024 energy=0x1.16p-11 finite=1
ATTR_NAMED_GRAD block=1408 name=w_o_9 grad=883861f4 grad_elems=1048576 param_elems=1048576 energy=0x1.d6p-9 finite=1
ATTR_NAMED_GRAD block=1408 name=w_r_9 grad=d19570c9 grad_elems=327680 param_elems=327680 energy=0x1.8ep-28 finite=1
ATTR_NAMED_GRAD block=1408 name=w_kv_9 grad=5d4404f4 grad_elems=2097152 param_elems=2097152 energy=0x1.3ap-8 finite=1
ATTR_NAMED_GRAD block=1408 name=w_q_9 grad=583d585a grad_elems=1048576 param_elems=1048576 energy=0x1.16p-15 finite=1
ATTR_NAMED_GRAD block=1408 name=ln_g_18 grad=bd336e1b grad_elems=1024 param_elems=1024 energy=0x1.0ep-26 finite=1
ATTR_NAMED_GRAD block=1408 name=ln_b_18 grad=fe571e77 grad_elems=1024 param_elems=1024 energy=0x1.fep-24 finite=1
ATTR_NAMED_GRAD block=1408 name=ff2_8 grad=80a0b4dd grad_elems=3145728 param_elems=3145728 energy=0x1.58p-7 finite=1
ATTR_NAMED_GRAD block=1408 name=ff1_8 grad=5594cedb grad_elems=6291456 param_elems=6291456 energy=0x1.bep-8 finite=1
ATTR_NAMED_GRAD block=1408 name=ln_g_17 grad=0a7dff99 grad_elems=1024 param_elems=1024 energy=0x1.d2p-20 finite=1
ATTR_NAMED_GRAD block=1408 name=ln_b_17 grad=a1d93174 grad_elems=1024 param_elems=1024 energy=0x1.2p-19 finite=1
ATTR_NAMED_GRAD block=1408 name=ff_bias1_8 grad=25575f17 grad_elems=6144 param_elems=6144 energy=0x1.24p-17 finite=1
ATTR_NAMED_GRAD block=1408 name=ff_bias2_8 grad=2e416b3e grad_elems=1024 param_elems=1024 energy=0x1.28p-11 finite=1
ATTR_NAMED_GRAD block=1408 name=w_o_8 grad=8ea8a083 grad_elems=1048576 param_elems=1048576 energy=0x1.8ep-9 finite=1
ATTR_NAMED_GRAD block=1408 name=w_r_8 grad=b804a8de grad_elems=327680 param_elems=327680 energy=0x1.92p-28 finite=1
ATTR_NAMED_GRAD block=1408 name=w_kv_8 grad=cedec433 grad_elems=2097152 param_elems=2097152 energy=0x1.1p-8 finite=1
ATTR_NAMED_GRAD block=1408 name=w_q_8 grad=2eaffbfc grad_elems=1048576 param_elems=1048576 energy=0x1.02p-15 finite=1
ATTR_NAMED_GRAD block=1408 name=ln_g_16 grad=7edd2b2e grad_elems=1024 param_elems=1024 energy=0x1.fp-27 finite=1
ATTR_NAMED_GRAD block=1408 name=ln_b_16 grad=5d347667 grad_elems=1024 param_elems=1024 energy=0x1.2ap-23 finite=1
ATTR_NAMED_GRAD block=1408 name=ff2_7 grad=b3725e70 grad_elems=3145728 param_elems=3145728 energy=0x1.56p-7 finite=1
ATTR_NAMED_GRAD block=1408 name=ff1_7 grad=b2bafc91 grad_elems=6291456 param_elems=6291456 energy=0x1.c4p-8 finite=1
ATTR_NAMED_GRAD block=1408 name=ln_g_15 grad=78a1b678 grad_elems=1024 param_elems=1024 energy=0x1.cep-20 finite=1
ATTR_NAMED_GRAD block=1408 name=ln_b_15 grad=02af2ac8 grad_elems=1024 param_elems=1024 energy=0x1.4p-19 finite=1
ATTR_NAMED_GRAD block=1408 name=ff_bias1_7 grad=9884aed2 grad_elems=6144 param_elems=6144 energy=0x1.28p-17 finite=1
ATTR_NAMED_GRAD block=1408 name=ff_bias2_7 grad=2597867d grad_elems=1024 param_elems=1024 energy=0x1.3cp-11 finite=1
ATTR_NAMED_GRAD block=1408 name=w_o_7 grad=940e1a65 grad_elems=1048576 param_elems=1048576 energy=0x1.44p-9 finite=1
ATTR_NAMED_GRAD block=1408 name=w_r_7 grad=d7436ab0 grad_elems=327680 param_elems=327680 energy=0x1.ap-28 finite=1
ATTR_NAMED_GRAD block=1408 name=w_kv_7 grad=702804dc grad_elems=2097152 param_elems=2097152 energy=0x1.cp-9 finite=1
ATTR_NAMED_GRAD block=1408 name=w_q_7 grad=f4d4043a grad_elems=1048576 param_elems=1048576 energy=0x1p-15 finite=1
ATTR_NAMED_GRAD block=1408 name=ln_g_14 grad=aca965c3 grad_elems=1024 param_elems=1024 energy=0x1.eap-27 finite=1
ATTR_NAMED_GRAD block=1408 name=ln_b_14 grad=d5981c86 grad_elems=1024 param_elems=1024 energy=0x1.48p-23 finite=1
ATTR_NAMED_GRAD block=1408 name=ff2_6 grad=eb677912 grad_elems=3145728 param_elems=3145728 energy=0x1.66p-7 finite=1
ATTR_NAMED_GRAD block=1408 name=ff1_6 grad=26f2c697 grad_elems=6291456 param_elems=6291456 energy=0x1.d4p-8 finite=1
ATTR_NAMED_GRAD block=1408 name=ln_g_13 grad=7cd73ad5 grad_elems=1024 param_elems=1024 energy=0x1.d2p-20 finite=1
ATTR_NAMED_GRAD block=1408 name=ln_b_13 grad=a41ae547 grad_elems=1024 param_elems=1024 energy=0x1.32p-19 finite=1
ATTR_NAMED_GRAD block=1408 name=ff_bias1_6 grad=ef530105 grad_elems=6144 param_elems=6144 energy=0x1.2ep-17 finite=1
ATTR_NAMED_GRAD block=1408 name=ff_bias2_6 grad=742b5ed6 grad_elems=1024 param_elems=1024 energy=0x1.52p-11 finite=1
ATTR_NAMED_GRAD block=1408 name=w_o_6 grad=9f91db52 grad_elems=1048576 param_elems=1048576 energy=0x1.0ap-9 finite=1
ATTR_NAMED_GRAD block=1408 name=w_r_6 grad=32c4d250 grad_elems=327680 param_elems=327680 energy=0x1.bap-28 finite=1
ATTR_NAMED_GRAD block=1408 name=w_kv_6 grad=906ac1c9 grad_elems=2097152 param_elems=2097152 energy=0x1.82p-9 finite=1
ATTR_NAMED_GRAD block=1408 name=w_q_6 grad=5d198819 grad_elems=1048576 param_elems=1048576 energy=0x1.fap-16 finite=1
ATTR_NAMED_GRAD block=1408 name=ln_g_12 grad=caa5e3a6 grad_elems=1024 param_elems=1024 energy=0x1.b6p-27 finite=1
ATTR_NAMED_GRAD block=1408 name=ln_b_12 grad=ee7a786d grad_elems=1024 param_elems=1024 energy=0x1.52p-23 finite=1
ATTR_NAMED_GRAD block=1408 name=ff2_5 grad=d682735f grad_elems=3145728 param_elems=3145728 energy=0x1.6ap-7 finite=1
ATTR_NAMED_GRAD block=1408 name=ff1_5 grad=502f2bb3 grad_elems=6291456 param_elems=6291456 energy=0x1.dap-8 finite=1
ATTR_NAMED_GRAD block=1408 name=ln_g_11 grad=dcdd2a5f grad_elems=1024 param_elems=1024 energy=0x1.e8p-20 finite=1
ATTR_NAMED_GRAD block=1408 name=ln_b_11 grad=f5de1bea grad_elems=1024 param_elems=1024 energy=0x1.24p-19 finite=1
ATTR_NAMED_GRAD block=1408 name=ff_bias1_5 grad=df6b2ee2 grad_elems=6144 param_elems=6144 energy=0x1.32p-17 finite=1
ATTR_NAMED_GRAD block=1408 name=ff_bias2_5 grad=14e463bc grad_elems=1024 param_elems=1024 energy=0x1.68p-11 finite=1
ATTR_NAMED_GRAD block=1408 name=w_o_5 grad=85707bd0 grad_elems=1048576 param_elems=1048576 energy=0x1.d2p-10 finite=1
ATTR_NAMED_GRAD block=1408 name=w_r_5 grad=5efeb9c4 grad_elems=327680 param_elems=327680 energy=0x1.cep-28 finite=1
ATTR_NAMED_GRAD block=1408 name=w_kv_5 grad=3ae5e60a grad_elems=2097152 param_elems=2097152 energy=0x1.3cp-9 finite=1
ATTR_NAMED_GRAD block=1408 name=w_q_5 grad=bca12af4 grad_elems=1048576 param_elems=1048576 energy=0x1.02p-15 finite=1
ATTR_NAMED_GRAD block=1408 name=ln_g_10 grad=a939c405 grad_elems=1024 param_elems=1024 energy=0x1.aap-27 finite=1
ATTR_NAMED_GRAD block=1408 name=ln_b_10 grad=596cb6c7 grad_elems=1024 param_elems=1024 energy=0x1.56p-23 finite=1
ATTR_NAMED_GRAD block=1408 name=ff2_4 grad=85514077 grad_elems=3145728 param_elems=3145728 energy=0x1.76p-7 finite=1
ATTR_NAMED_GRAD block=1408 name=ff1_4 grad=2bebc235 grad_elems=6291456 param_elems=6291456 energy=0x1.e4p-8 finite=1
ATTR_NAMED_GRAD block=1408 name=ln_g_9 grad=1ef6c8ea grad_elems=1024 param_elems=1024 energy=0x1.02p-19 finite=1
ATTR_NAMED_GRAD block=1408 name=ln_b_9 grad=214e7dee grad_elems=1024 param_elems=1024 energy=0x1.3ep-19 finite=1
ATTR_NAMED_GRAD block=1408 name=ff_bias1_4 grad=5c235041 grad_elems=6144 param_elems=6144 energy=0x1.42p-17 finite=1
ATTR_NAMED_GRAD block=1408 name=ff_bias2_4 grad=126f2ab9 grad_elems=1024 param_elems=1024 energy=0x1.7cp-11 finite=1
ATTR_NAMED_GRAD block=1408 name=w_o_4 grad=1fc9a1c4 grad_elems=1048576 param_elems=1048576 energy=0x1.82p-10 finite=1
ATTR_NAMED_GRAD block=1408 name=w_r_4 grad=bfc56fc0 grad_elems=327680 param_elems=327680 energy=0x1.eep-28 finite=1
ATTR_NAMED_GRAD block=1408 name=w_kv_4 grad=54131315 grad_elems=2097152 param_elems=2097152 energy=0x1.0ep-9 finite=1
ATTR_NAMED_GRAD block=1408 name=w_q_4 grad=067e4e51 grad_elems=1048576 param_elems=1048576 energy=0x1.52p-15 finite=1
ATTR_NAMED_GRAD block=1408 name=ln_g_8 grad=8e2ef90f grad_elems=1024 param_elems=1024 energy=0x1.2p-26 finite=1
ATTR_NAMED_GRAD block=1408 name=ln_b_8 grad=cdfd6079 grad_elems=1024 param_elems=1024 energy=0x1.36p-22 finite=1
ATTR_NAMED_GRAD block=1408 name=ff2_3 grad=5990481d grad_elems=3145728 param_elems=3145728 energy=0x1.86p-7 finite=1
ATTR_NAMED_GRAD block=1408 name=ff1_3 grad=af22c43f grad_elems=6291456 param_elems=6291456 energy=0x1.f2p-8 finite=1
ATTR_NAMED_GRAD block=1408 name=ln_g_7 grad=b178f772 grad_elems=1024 param_elems=1024 energy=0x1.e2p-20 finite=1
ATTR_NAMED_GRAD block=1408 name=ln_b_7 grad=51e5e512 grad_elems=1024 param_elems=1024 energy=0x1.36p-19 finite=1
ATTR_NAMED_GRAD block=1408 name=ff_bias1_3 grad=f5d9347d grad_elems=6144 param_elems=6144 energy=0x1.36p-17 finite=1
ATTR_NAMED_GRAD block=1408 name=ff_bias2_3 grad=f8b46172 grad_elems=1024 param_elems=1024 energy=0x1.98p-11 finite=1
ATTR_NAMED_GRAD block=1408 name=w_o_3 grad=1535b3aa grad_elems=1048576 param_elems=1048576 energy=0x1.5cp-10 finite=1
ATTR_NAMED_GRAD block=1408 name=w_r_3 grad=16737287 grad_elems=327680 param_elems=327680 energy=0x1.0ep-27 finite=1
ATTR_NAMED_GRAD block=1408 name=w_kv_3 grad=35db2a77 grad_elems=2097152 param_elems=2097152 energy=0x1.c6p-10 finite=1
ATTR_NAMED_GRAD block=1408 name=w_q_3 grad=a66cc321 grad_elems=1048576 param_elems=1048576 energy=0x1.7p-15 finite=1
ATTR_NAMED_GRAD block=1408 name=ln_g_6 grad=15e4650c grad_elems=1024 param_elems=1024 energy=0x1.36p-26 finite=1
ATTR_NAMED_GRAD block=1408 name=ln_b_6 grad=e2578cb6 grad_elems=1024 param_elems=1024 energy=0x1.d4p-23 finite=1
ATTR_NAMED_GRAD block=1408 name=ff2_2 grad=91e61f51 grad_elems=3145728 param_elems=3145728 energy=0x1.8ap-7 finite=1
ATTR_NAMED_GRAD block=1408 name=ff1_2 grad=23e3b938 grad_elems=6291456 param_elems=6291456 energy=0x1.02p-7 finite=1
ATTR_NAMED_GRAD block=1408 name=ln_g_5 grad=d1baaf10 grad_elems=1024 param_elems=1024 energy=0x1.0cp-19 finite=1
ATTR_NAMED_GRAD block=1408 name=ln_b_5 grad=2a738e12 grad_elems=1024 param_elems=1024 energy=0x1.24p-19 finite=1
ATTR_NAMED_GRAD block=1408 name=ff_bias1_2 grad=d62e010c grad_elems=6144 param_elems=6144 energy=0x1.3ep-17 finite=1
ATTR_NAMED_GRAD block=1408 name=ff_bias2_2 grad=7dd0cbf4 grad_elems=1024 param_elems=1024 energy=0x1.bp-11 finite=1
ATTR_NAMED_GRAD block=1408 name=w_o_2 grad=ffa781d0 grad_elems=1048576 param_elems=1048576 energy=0x1.1ep-10 finite=1
ATTR_NAMED_GRAD block=1408 name=w_r_2 grad=ebcd7be9 grad_elems=327680 param_elems=327680 energy=0x1.16p-27 finite=1
ATTR_NAMED_GRAD block=1408 name=w_kv_2 grad=7f7d1c85 grad_elems=2097152 param_elems=2097152 energy=0x1.74p-10 finite=1
ATTR_NAMED_GRAD block=1408 name=w_q_2 grad=3ffe601d grad_elems=1048576 param_elems=1048576 energy=0x1.6ep-15 finite=1
ATTR_NAMED_GRAD block=1408 name=ln_g_4 grad=155578d6 grad_elems=1024 param_elems=1024 energy=0x1.22p-26 finite=1
ATTR_NAMED_GRAD block=1408 name=ln_b_4 grad=feccffb0 grad_elems=1024 param_elems=1024 energy=0x1.22p-22 finite=1
ATTR_NAMED_GRAD block=1408 name=ff2_1 grad=c6dc1087 grad_elems=3145728 param_elems=3145728 energy=0x1.92p-7 finite=1
ATTR_NAMED_GRAD block=1408 name=ff1_1 grad=4ceda68a grad_elems=6291456 param_elems=6291456 energy=0x1.06p-7 finite=1
ATTR_NAMED_GRAD block=1408 name=ln_g_3 grad=92db8333 grad_elems=1024 param_elems=1024 energy=0x1.f4p-20 finite=1
ATTR_NAMED_GRAD block=1408 name=ln_b_3 grad=ccabe525 grad_elems=1024 param_elems=1024 energy=0x1.2cp-19 finite=1
ATTR_NAMED_GRAD block=1408 name=ff_bias1_1 grad=58baf5b3 grad_elems=6144 param_elems=6144 energy=0x1.44p-17 finite=1
ATTR_NAMED_GRAD block=1408 name=ff_bias2_1 grad=cf146035 grad_elems=1024 param_elems=1024 energy=0x1.c2p-11 finite=1
ATTR_NAMED_GRAD block=1408 name=w_o_1 grad=8d22d1cb grad_elems=1048576 param_elems=1048576 energy=0x1.1cp-10 finite=1
ATTR_NAMED_GRAD block=1408 name=w_r_1 grad=487e071f grad_elems=327680 param_elems=327680 energy=0x1.4ap-27 finite=1
ATTR_NAMED_GRAD block=1408 name=w_kv_1 grad=8dd7de08 grad_elems=2097152 param_elems=2097152 energy=0x1.62p-10 finite=1
ATTR_NAMED_GRAD block=1408 name=w_q_1 grad=e8674d64 grad_elems=1048576 param_elems=1048576 energy=0x1.1cp-13 finite=1
ATTR_NAMED_GRAD block=1408 name=ln_g_2 grad=913d9ace grad_elems=1024 param_elems=1024 energy=0x1.08p-24 finite=1
ATTR_NAMED_GRAD block=1408 name=ln_b_2 grad=e080f1b2 grad_elems=1024 param_elems=1024 energy=0x1.46p-21 finite=1
ATTR_NAMED_GRAD block=1408 name=ff2_0 grad=fcc48b72 grad_elems=3145728 param_elems=3145728 energy=0x1.98p-7 finite=1
ATTR_NAMED_GRAD block=1408 name=ff1_0 grad=386bf244 grad_elems=6291456 param_elems=6291456 energy=0x1.1p-7 finite=1
ATTR_NAMED_GRAD block=1408 name=ln_g_1 grad=e5782a02 grad_elems=1024 param_elems=1024 energy=0x1.0ep-19 finite=1
ATTR_NAMED_GRAD block=1408 name=ln_b_1 grad=8325a8e7 grad_elems=1024 param_elems=1024 energy=0x1.32p-19 finite=1
ATTR_NAMED_GRAD block=1408 name=ff_bias1_0 grad=a2c791f1 grad_elems=6144 param_elems=6144 energy=0x1.5p-17 finite=1
ATTR_NAMED_GRAD block=1408 name=ff_bias2_0 grad=6d1df272 grad_elems=1024 param_elems=1024 energy=0x1.e2p-11 finite=1
ATTR_NAMED_GRAD block=1408 name=w_o_0 grad=849d7619 grad_elems=1048576 param_elems=1048576 energy=0x1.04p-10 finite=1
ATTR_NAMED_GRAD block=1408 name=w_r_0 grad=d7019a58 grad_elems=327680 param_elems=327680 energy=0x1.2ep-27 finite=1
ATTR_NAMED_GRAD block=1408 name=b_r_0 grad=895dd82b grad_elems=2560 param_elems=2560 energy=0x1.2ep-10 finite=1
ATTR_NAMED_GRAD block=1408 name=w_kv_0 grad=1ba35d7b grad_elems=2097152 param_elems=2097152 energy=0x1.3p-10 finite=1
ATTR_NAMED_GRAD block=1408 name=w_q_0 grad=45a8b6c6 grad_elems=1048576 param_elems=1048576 energy=0x1.06p-14 finite=1
ATTR_NAMED_GRAD block=1408 name=ln_g_0 grad=41f50713 grad_elems=1024 param_elems=1024 energy=0x1.c2p-26 finite=1
ATTR_NAMED_GRAD block=1408 name=ln_b_0 grad=15f22cc7 grad_elems=1024 param_elems=1024 energy=0x1.dep-23 finite=1
ATTR_NAMED_GRAD block=1408 name=embed grad=dbcee8e7 grad_elems=16785408 param_elems=16785408 energy=0x1.04181cp-2 finite=1
ATTR_NAMED_GRAD block=1408 name=ln_g_40 grad=53491d67 grad_elems=1024 param_elems=1024 energy=0x1.2ep-10 finite=1
ATTR_NAMED_GRAD block=1408 name=ln_b_40 grad=06dbaf6d grad_elems=1024 param_elems=1024 energy=0x1.4ap-10 finite=1
ATTR_NAMED_GRAD block=1408 name=out_bias grad=699a10ec grad_elems=16392 param_elems=16392 energy=0x1.06p-9 finite=1
ATTR_HEAD arm=1 block=1408 weight=fe2c9bec bias=1bbec615
ATTR_STATE arm=1 block=1408 step=46 params=6692ab7e memory=d1705bd9
ATTR_NAMED_GRAD block=1472 name=embed_out grad=78d5de0f grad_elems=16785408 param_elems=16785408 energy=0x1.3ep+1 finite=1
ATTR_NAMED_GRAD block=1472 name=ff2_19 grad=3c00a257 grad_elems=3145728 param_elems=3145728 energy=0x1.d2p-8 finite=1
ATTR_NAMED_GRAD block=1472 name=ff1_19 grad=a06a5e6f grad_elems=6291456 param_elems=6291456 energy=0x1.96p-8 finite=1
ATTR_NAMED_GRAD block=1472 name=ln_g_39 grad=b4edf5b8 grad_elems=1024 param_elems=1024 energy=0x1.cep-20 finite=1
ATTR_NAMED_GRAD block=1472 name=ln_b_39 grad=50f643be grad_elems=1024 param_elems=1024 energy=0x1.5cp-19 finite=1
ATTR_NAMED_GRAD block=1472 name=ff_bias1_19 grad=81611e34 grad_elems=6144 param_elems=6144 energy=0x1.2p-17 finite=1
ATTR_NAMED_GRAD block=1472 name=ff_bias2_19 grad=31cc89ff grad_elems=1024 param_elems=1024 energy=0x1.18p-11 finite=1
ATTR_NAMED_GRAD block=1472 name=w_o_19 grad=1a47e8b4 grad_elems=1048576 param_elems=1048576 energy=0x1.96p-5 finite=1
ATTR_NAMED_GRAD block=1472 name=w_r_19 grad=8fcc8921 grad_elems=327680 param_elems=327680 energy=0x1.bep-28 finite=1
ATTR_NAMED_GRAD block=1472 name=w_kv_19 grad=4c57b34c grad_elems=2097152 param_elems=2097152 energy=0x1.08p-5 finite=1
ATTR_NAMED_GRAD block=1472 name=w_q_19 grad=bb8466bc grad_elems=1048576 param_elems=1048576 energy=0x1.bep-14 finite=1
ATTR_NAMED_GRAD block=1472 name=ln_g_38 grad=bf1043ba grad_elems=1024 param_elems=1024 energy=0x1.bp-24 finite=1
ATTR_NAMED_GRAD block=1472 name=ln_b_38 grad=0874e9ae grad_elems=1024 param_elems=1024 energy=0x1.5ap-22 finite=1
ATTR_NAMED_GRAD block=1472 name=ff2_18 grad=acf8aaf2 grad_elems=3145728 param_elems=3145728 energy=0x1.18p-7 finite=1
ATTR_NAMED_GRAD block=1472 name=ff1_18 grad=54634b43 grad_elems=6291456 param_elems=6291456 energy=0x1.ap-8 finite=1
ATTR_NAMED_GRAD block=1472 name=ln_g_37 grad=ce04e018 grad_elems=1024 param_elems=1024 energy=0x1.d6p-20 finite=1
ATTR_NAMED_GRAD block=1472 name=ln_b_37 grad=0bd221e7 grad_elems=1024 param_elems=1024 energy=0x1.68p-19 finite=1
ATTR_NAMED_GRAD block=1472 name=ff_bias1_18 grad=b347641d grad_elems=6144 param_elems=6144 energy=0x1.3cp-17 finite=1
ATTR_NAMED_GRAD block=1472 name=ff_bias2_18 grad=b5a5390e grad_elems=1024 param_elems=1024 energy=0x1.0ep-11 finite=1
ATTR_NAMED_GRAD block=1472 name=w_o_18 grad=57706b09 grad_elems=1048576 param_elems=1048576 energy=0x1.98p-6 finite=1
ATTR_NAMED_GRAD block=1472 name=w_r_18 grad=442b87b3 grad_elems=327680 param_elems=327680 energy=0x1.2ep-27 finite=1
ATTR_NAMED_GRAD block=1472 name=w_kv_18 grad=3dbf749b grad_elems=2097152 param_elems=2097152 energy=0x1.56p-6 finite=1
ATTR_NAMED_GRAD block=1472 name=w_q_18 grad=1d1f43f7 grad_elems=1048576 param_elems=1048576 energy=0x1.92p-13 finite=1
ATTR_NAMED_GRAD block=1472 name=ln_g_36 grad=39515c4c grad_elems=1024 param_elems=1024 energy=0x1.5cp-23 finite=1
ATTR_NAMED_GRAD block=1472 name=ln_b_36 grad=d6e03fbd grad_elems=1024 param_elems=1024 energy=0x1.9cp-21 finite=1
ATTR_NAMED_GRAD block=1472 name=ff2_17 grad=82c96296 grad_elems=3145728 param_elems=3145728 energy=0x1.5p-7 finite=1
ATTR_NAMED_GRAD block=1472 name=ff1_17 grad=f87b14cd grad_elems=6291456 param_elems=6291456 energy=0x1.9ep-8 finite=1
ATTR_NAMED_GRAD block=1472 name=ln_g_35 grad=b998cae8 grad_elems=1024 param_elems=1024 energy=0x1.d4p-20 finite=1
ATTR_NAMED_GRAD block=1472 name=ln_b_35 grad=e2a49cf0 grad_elems=1024 param_elems=1024 energy=0x1.4ep-19 finite=1
ATTR_NAMED_GRAD block=1472 name=ff_bias1_17 grad=5bed19b5 grad_elems=6144 param_elems=6144 energy=0x1.2ap-17 finite=1
ATTR_NAMED_GRAD block=1472 name=ff_bias2_17 grad=a17f4688 grad_elems=1024 param_elems=1024 energy=0x1.02p-11 finite=1
ATTR_NAMED_GRAD block=1472 name=w_o_17 grad=7f7622b8 grad_elems=1048576 param_elems=1048576 energy=0x1.c8p-7 finite=1
ATTR_NAMED_GRAD block=1472 name=w_r_17 grad=694196b6 grad_elems=327680 param_elems=327680 energy=0x1.5cp-27 finite=1
ATTR_NAMED_GRAD block=1472 name=w_kv_17 grad=9fb91483 grad_elems=2097152 param_elems=2097152 energy=0x1.ecp-7 finite=1
ATTR_NAMED_GRAD block=1472 name=w_q_17 grad=60b59f72 grad_elems=1048576 param_elems=1048576 energy=0x1.38p-13 finite=1
ATTR_NAMED_GRAD block=1472 name=ln_g_34 grad=535aee73 grad_elems=1024 param_elems=1024 energy=0x1.48p-23 finite=1
ATTR_NAMED_GRAD block=1472 name=ln_b_34 grad=3018adf1 grad_elems=1024 param_elems=1024 energy=0x1.0cp-20 finite=1
ATTR_NAMED_GRAD block=1472 name=ff2_16 grad=4b85c311 grad_elems=3145728 param_elems=3145728 energy=0x1.3ep-7 finite=1
ATTR_NAMED_GRAD block=1472 name=ff1_16 grad=f4b04b17 grad_elems=6291456 param_elems=6291456 energy=0x1.98p-8 finite=1
ATTR_NAMED_GRAD block=1472 name=ln_g_33 grad=ce2a01b5 grad_elems=1024 param_elems=1024 energy=0x1.bep-20 finite=1
ATTR_NAMED_GRAD block=1472 name=ln_b_33 grad=ca8f7e60 grad_elems=1024 param_elems=1024 energy=0x1.2cp-19 finite=1
ATTR_NAMED_GRAD block=1472 name=ff_bias1_16 grad=583e3b5d grad_elems=6144 param_elems=6144 energy=0x1.2ap-17 finite=1
ATTR_NAMED_GRAD block=1472 name=ff_bias2_16 grad=8abf8a34 grad_elems=1024 param_elems=1024 energy=0x1.fp-12 finite=1
ATTR_NAMED_GRAD block=1472 name=w_o_16 grad=be598d41 grad_elems=1048576 param_elems=1048576 energy=0x1.46p-7 finite=1
ATTR_NAMED_GRAD block=1472 name=w_r_16 grad=cf909f3c grad_elems=327680 param_elems=327680 energy=0x1.dp-28 finite=1
ATTR_NAMED_GRAD block=1472 name=w_kv_16 grad=3f4e141d grad_elems=2097152 param_elems=2097152 energy=0x1.8cp-7 finite=1
ATTR_NAMED_GRAD block=1472 name=w_q_16 grad=0735ed21 grad_elems=1048576 param_elems=1048576 energy=0x1.52p-14 finite=1
ATTR_NAMED_GRAD block=1472 name=ln_g_32 grad=f395d6dc grad_elems=1024 param_elems=1024 energy=0x1.3cp-24 finite=1
ATTR_NAMED_GRAD block=1472 name=ln_b_32 grad=90432b9c grad_elems=1024 param_elems=1024 energy=0x1.a4p-22 finite=1
ATTR_NAMED_GRAD block=1472 name=ff2_15 grad=29697a0e grad_elems=3145728 param_elems=3145728 energy=0x1.3ep-7 finite=1
ATTR_NAMED_GRAD block=1472 name=ff1_15 grad=6c17b3e0 grad_elems=6291456 param_elems=6291456 energy=0x1.96p-8 finite=1
ATTR_NAMED_GRAD block=1472 name=ln_g_31 grad=357c87aa grad_elems=1024 param_elems=1024 energy=0x1.cap-20 finite=1
ATTR_NAMED_GRAD block=1472 name=ln_b_31 grad=a8f275e7 grad_elems=1024 param_elems=1024 energy=0x1.42p-19 finite=1
ATTR_NAMED_GRAD block=1472 name=ff_bias1_15 grad=88b61ac6 grad_elems=6144 param_elems=6144 energy=0x1.26p-17 finite=1
ATTR_NAMED_GRAD block=1472 name=ff_bias2_15 grad=f15dd655 grad_elems=1024 param_elems=1024 energy=0x1.e8p-12 finite=1
ATTR_NAMED_GRAD block=1472 name=w_o_15 grad=ca072436 grad_elems=1048576 param_elems=1048576 energy=0x1.1ap-7 finite=1
ATTR_NAMED_GRAD block=1472 name=w_r_15 grad=d7791e4d grad_elems=327680 param_elems=327680 energy=0x1.16p-27 finite=1
ATTR_NAMED_GRAD block=1472 name=w_kv_15 grad=a1f3f459 grad_elems=2097152 param_elems=2097152 energy=0x1.5cp-7 finite=1
ATTR_NAMED_GRAD block=1472 name=w_q_15 grad=d3c5c824 grad_elems=1048576 param_elems=1048576 energy=0x1.6ap-14 finite=1
ATTR_NAMED_GRAD block=1472 name=ln_g_30 grad=896c78df grad_elems=1024 param_elems=1024 energy=0x1.48p-24 finite=1
ATTR_NAMED_GRAD block=1472 name=ln_b_30 grad=7eed37a9 grad_elems=1024 param_elems=1024 energy=0x1.64p-22 finite=1
ATTR_NAMED_GRAD block=1472 name=ff2_14 grad=b8582203 grad_elems=3145728 param_elems=3145728 energy=0x1.3ap-7 finite=1
ATTR_NAMED_GRAD block=1472 name=ff1_14 grad=33134a05 grad_elems=6291456 param_elems=6291456 energy=0x1.88p-8 finite=1
ATTR_NAMED_GRAD block=1472 name=ln_g_29 grad=35100a49 grad_elems=1024 param_elems=1024 energy=0x1.9ep-20 finite=1
ATTR_NAMED_GRAD block=1472 name=ln_b_29 grad=ff2bedb5 grad_elems=1024 param_elems=1024 energy=0x1.2cp-19 finite=1
ATTR_NAMED_GRAD block=1472 name=ff_bias1_14 grad=476ec462 grad_elems=6144 param_elems=6144 energy=0x1.14p-17 finite=1
ATTR_NAMED_GRAD block=1472 name=ff_bias2_14 grad=d5204ddf grad_elems=1024 param_elems=1024 energy=0x1.eap-12 finite=1
ATTR_NAMED_GRAD block=1472 name=w_o_14 grad=4ea7da54 grad_elems=1048576 param_elems=1048576 energy=0x1.dp-8 finite=1
ATTR_NAMED_GRAD block=1472 name=w_r_14 grad=72963f1d grad_elems=327680 param_elems=327680 energy=0x1.92p-28 finite=1
ATTR_NAMED_GRAD block=1472 name=w_kv_14 grad=e65d1b79 grad_elems=2097152 param_elems=2097152 energy=0x1.24p-7 finite=1
ATTR_NAMED_GRAD block=1472 name=w_q_14 grad=8896cef2 grad_elems=1048576 param_elems=1048576 energy=0x1.f8p-15 finite=1
ATTR_NAMED_GRAD block=1472 name=ln_g_28 grad=b6d83d32 grad_elems=1024 param_elems=1024 energy=0x1.3ap-25 finite=1
ATTR_NAMED_GRAD block=1472 name=ln_b_28 grad=25564d52 grad_elems=1024 param_elems=1024 energy=0x1.4ap-23 finite=1
ATTR_NAMED_GRAD block=1472 name=ff2_13 grad=17329d2f grad_elems=3145728 param_elems=3145728 energy=0x1.3ap-7 finite=1
ATTR_NAMED_GRAD block=1472 name=ff1_13 grad=fc15bcbf grad_elems=6291456 param_elems=6291456 energy=0x1.94p-8 finite=1
ATTR_NAMED_GRAD block=1472 name=ln_g_27 grad=17720ec5 grad_elems=1024 param_elems=1024 energy=0x1.a2p-20 finite=1
ATTR_NAMED_GRAD block=1472 name=ln_b_27 grad=8dbe0dd6 grad_elems=1024 param_elems=1024 energy=0x1.44p-19 finite=1
ATTR_NAMED_GRAD block=1472 name=ff_bias1_13 grad=4d374955 grad_elems=6144 param_elems=6144 energy=0x1.2ap-17 finite=1
ATTR_NAMED_GRAD block=1472 name=ff_bias2_13 grad=f3da3197 grad_elems=1024 param_elems=1024 energy=0x1.f8p-12 finite=1
ATTR_NAMED_GRAD block=1472 name=w_o_13 grad=c011d1a8 grad_elems=1048576 param_elems=1048576 energy=0x1.9ap-8 finite=1
ATTR_NAMED_GRAD block=1472 name=w_r_13 grad=45f894b8 grad_elems=327680 param_elems=327680 energy=0x1.5cp-28 finite=1
ATTR_NAMED_GRAD block=1472 name=w_kv_13 grad=83ab694e grad_elems=2097152 param_elems=2097152 energy=0x1.06p-7 finite=1
ATTR_NAMED_GRAD block=1472 name=w_q_13 grad=b4ef8306 grad_elems=1048576 param_elems=1048576 energy=0x1.46p-15 finite=1
ATTR_NAMED_GRAD block=1472 name=ln_g_26 grad=f1d1a82b grad_elems=1024 param_elems=1024 energy=0x1.6cp-26 finite=1
ATTR_NAMED_GRAD block=1472 name=ln_b_26 grad=6035bae1 grad_elems=1024 param_elems=1024 energy=0x1.d6p-24 finite=1
ATTR_NAMED_GRAD block=1472 name=ff2_12 grad=8ba72c3b grad_elems=3145728 param_elems=3145728 energy=0x1.38p-7 finite=1
ATTR_NAMED_GRAD block=1472 name=ff1_12 grad=be3e43c9 grad_elems=6291456 param_elems=6291456 energy=0x1.96p-8 finite=1
ATTR_NAMED_GRAD block=1472 name=ln_g_25 grad=bd03d5d9 grad_elems=1024 param_elems=1024 energy=0x1.b6p-20 finite=1
ATTR_NAMED_GRAD block=1472 name=ln_b_25 grad=681222fd grad_elems=1024 param_elems=1024 energy=0x1.56p-19 finite=1
ATTR_NAMED_GRAD block=1472 name=ff_bias1_12 grad=48e1bbe7 grad_elems=6144 param_elems=6144 energy=0x1.32p-17 finite=1
ATTR_NAMED_GRAD block=1472 name=ff_bias2_12 grad=81bce429 grad_elems=1024 param_elems=1024 energy=0x1.08p-11 finite=1
ATTR_NAMED_GRAD block=1472 name=w_o_12 grad=76c1c98a grad_elems=1048576 param_elems=1048576 energy=0x1.62p-8 finite=1
ATTR_NAMED_GRAD block=1472 name=w_r_12 grad=fa7c60b2 grad_elems=327680 param_elems=327680 energy=0x1.58p-28 finite=1
ATTR_NAMED_GRAD block=1472 name=w_kv_12 grad=8b8f62dd grad_elems=2097152 param_elems=2097152 energy=0x1.d2p-8 finite=1
ATTR_NAMED_GRAD block=1472 name=w_q_12 grad=f0824d1a grad_elems=1048576 param_elems=1048576 energy=0x1.86p-15 finite=1
ATTR_NAMED_GRAD block=1472 name=ln_g_24 grad=c46c7856 grad_elems=1024 param_elems=1024 energy=0x1.aep-26 finite=1
ATTR_NAMED_GRAD block=1472 name=ln_b_24 grad=1d5b0565 grad_elems=1024 param_elems=1024 energy=0x1.2ap-23 finite=1
ATTR_NAMED_GRAD block=1472 name=ff2_11 grad=44cc55d4 grad_elems=3145728 param_elems=3145728 energy=0x1.38p-7 finite=1
ATTR_NAMED_GRAD block=1472 name=ff1_11 grad=05563412 grad_elems=6291456 param_elems=6291456 energy=0x1.9p-8 finite=1
ATTR_NAMED_GRAD block=1472 name=ln_g_23 grad=fbed7a7f grad_elems=1024 param_elems=1024 energy=0x1.a6p-20 finite=1
ATTR_NAMED_GRAD block=1472 name=ln_b_23 grad=5d2dbeea grad_elems=1024 param_elems=1024 energy=0x1.1ep-19 finite=1
ATTR_NAMED_GRAD block=1472 name=ff_bias1_11 grad=a7f5ef2c grad_elems=6144 param_elems=6144 energy=0x1.1cp-17 finite=1
ATTR_NAMED_GRAD block=1472 name=ff_bias2_11 grad=8d47332a grad_elems=1024 param_elems=1024 energy=0x1.12p-11 finite=1
ATTR_NAMED_GRAD block=1472 name=w_o_11 grad=65b9beb2 grad_elems=1048576 param_elems=1048576 energy=0x1.2cp-8 finite=1
ATTR_NAMED_GRAD block=1472 name=w_r_11 grad=a5a02927 grad_elems=327680 param_elems=327680 energy=0x1.5cp-28 finite=1
ATTR_NAMED_GRAD block=1472 name=w_kv_11 grad=2c8d2f4d grad_elems=2097152 param_elems=2097152 energy=0x1.9p-8 finite=1
ATTR_NAMED_GRAD block=1472 name=w_q_11 grad=a015a323 grad_elems=1048576 param_elems=1048576 energy=0x1.22p-15 finite=1
ATTR_NAMED_GRAD block=1472 name=ln_g_22 grad=29aa4986 grad_elems=1024 param_elems=1024 energy=0x1.4cp-26 finite=1
ATTR_NAMED_GRAD block=1472 name=ln_b_22 grad=10240fc3 grad_elems=1024 param_elems=1024 energy=0x1.ecp-24 finite=1
ATTR_NAMED_GRAD block=1472 name=ff2_10 grad=848d20dc grad_elems=3145728 param_elems=3145728 energy=0x1.3ap-7 finite=1
ATTR_NAMED_GRAD block=1472 name=ff1_10 grad=fa6fd9ee grad_elems=6291456 param_elems=6291456 energy=0x1.a4p-8 finite=1
ATTR_NAMED_GRAD block=1472 name=ln_g_21 grad=56c7f9db grad_elems=1024 param_elems=1024 energy=0x1.acp-20 finite=1
ATTR_NAMED_GRAD block=1472 name=ln_b_21 grad=d46cda78 grad_elems=1024 param_elems=1024 energy=0x1.62p-19 finite=1
ATTR_NAMED_GRAD block=1472 name=ff_bias1_10 grad=b76159c5 grad_elems=6144 param_elems=6144 energy=0x1.38p-17 finite=1
ATTR_NAMED_GRAD block=1472 name=ff_bias2_10 grad=c02a21de grad_elems=1024 param_elems=1024 energy=0x1.2p-11 finite=1
ATTR_NAMED_GRAD block=1472 name=w_o_10 grad=169a921b grad_elems=1048576 param_elems=1048576 energy=0x1p-8 finite=1
ATTR_NAMED_GRAD block=1472 name=w_r_10 grad=dadc4720 grad_elems=327680 param_elems=327680 energy=0x1.68p-28 finite=1
ATTR_NAMED_GRAD block=1472 name=w_kv_10 grad=f7ae196e grad_elems=2097152 param_elems=2097152 energy=0x1.52p-8 finite=1
ATTR_NAMED_GRAD block=1472 name=w_q_10 grad=78749655 grad_elems=1048576 param_elems=1048576 energy=0x1.1ep-15 finite=1
ATTR_NAMED_GRAD block=1472 name=ln_g_20 grad=daca8e5e grad_elems=1024 param_elems=1024 energy=0x1.14p-26 finite=1
ATTR_NAMED_GRAD block=1472 name=ln_b_20 grad=ddcdced1 grad_elems=1024 param_elems=1024 energy=0x1.fap-24 finite=1
ATTR_NAMED_GRAD block=1472 name=ff2_9 grad=b23e722f grad_elems=3145728 param_elems=3145728 energy=0x1.3ap-7 finite=1
ATTR_NAMED_GRAD block=1472 name=ff1_9 grad=13b12a63 grad_elems=6291456 param_elems=6291456 energy=0x1.a2p-8 finite=1
ATTR_NAMED_GRAD block=1472 name=ln_g_19 grad=b12c414b grad_elems=1024 param_elems=1024 energy=0x1.02p-19 finite=1
ATTR_NAMED_GRAD block=1472 name=ln_b_19 grad=5f95efce grad_elems=1024 param_elems=1024 energy=0x1.72p-19 finite=1
ATTR_NAMED_GRAD block=1472 name=ff_bias1_9 grad=ceacb97c grad_elems=6144 param_elems=6144 energy=0x1.44p-17 finite=1
ATTR_NAMED_GRAD block=1472 name=ff_bias2_9 grad=419236d0 grad_elems=1024 param_elems=1024 energy=0x1.32p-11 finite=1
ATTR_NAMED_GRAD block=1472 name=w_o_9 grad=e84c64aa grad_elems=1048576 param_elems=1048576 energy=0x1.dcp-9 finite=1
ATTR_NAMED_GRAD block=1472 name=w_r_9 grad=99cfae52 grad_elems=327680 param_elems=327680 energy=0x1.86p-28 finite=1
ATTR_NAMED_GRAD block=1472 name=w_kv_9 grad=f472ad1c grad_elems=2097152 param_elems=2097152 energy=0x1.44p-8 finite=1
ATTR_NAMED_GRAD block=1472 name=w_q_9 grad=5fb8a6f3 grad_elems=1048576 param_elems=1048576 energy=0x1.6p-15 finite=1
ATTR_NAMED_GRAD block=1472 name=ln_g_18 grad=21ebff47 grad_elems=1024 param_elems=1024 energy=0x1.5ep-26 finite=1
ATTR_NAMED_GRAD block=1472 name=ln_b_18 grad=73035a84 grad_elems=1024 param_elems=1024 energy=0x1.64p-23 finite=1
ATTR_NAMED_GRAD block=1472 name=ff2_8 grad=44f5f224 grad_elems=3145728 param_elems=3145728 energy=0x1.42p-7 finite=1
ATTR_NAMED_GRAD block=1472 name=ff1_8 grad=9f7ae0db grad_elems=6291456 param_elems=6291456 energy=0x1.bp-8 finite=1
ATTR_NAMED_GRAD block=1472 name=ln_g_17 grad=fc9d65b7 grad_elems=1024 param_elems=1024 energy=0x1.0cp-19 finite=1
ATTR_NAMED_GRAD block=1472 name=ln_b_17 grad=b2d46ecc grad_elems=1024 param_elems=1024 energy=0x1.72p-19 finite=1
ATTR_NAMED_GRAD block=1472 name=ff_bias1_8 grad=1af7d61e grad_elems=6144 param_elems=6144 energy=0x1.56p-17 finite=1
ATTR_NAMED_GRAD block=1472 name=ff_bias2_8 grad=8b533ac9 grad_elems=1024 param_elems=1024 energy=0x1.4ap-11 finite=1
ATTR_NAMED_GRAD block=1472 name=w_o_8 grad=2b479376 grad_elems=1048576 param_elems=1048576 energy=0x1.9ep-9 finite=1
ATTR_NAMED_GRAD block=1472 name=w_r_8 grad=4a311bfc grad_elems=327680 param_elems=327680 energy=0x1.7ep-28 finite=1
ATTR_NAMED_GRAD block=1472 name=w_kv_8 grad=13706e11 grad_elems=2097152 param_elems=2097152 energy=0x1.18p-8 finite=1
ATTR_NAMED_GRAD block=1472 name=w_q_8 grad=5d36ad4c grad_elems=1048576 param_elems=1048576 energy=0x1.8cp-15 finite=1
ATTR_NAMED_GRAD block=1472 name=ln_g_16 grad=3af18594 grad_elems=1024 param_elems=1024 energy=0x1.64p-26 finite=1
ATTR_NAMED_GRAD block=1472 name=ln_b_16 grad=f9d82859 grad_elems=1024 param_elems=1024 energy=0x1.b4p-23 finite=1
ATTR_NAMED_GRAD block=1472 name=ff2_7 grad=cf34cefc grad_elems=3145728 param_elems=3145728 energy=0x1.44p-7 finite=1
ATTR_NAMED_GRAD block=1472 name=ff1_7 grad=5c21483e grad_elems=6291456 param_elems=6291456 energy=0x1.bp-8 finite=1
ATTR_NAMED_GRAD block=1472 name=ln_g_15 grad=ce481ba5 grad_elems=1024 param_elems=1024 energy=0x1p-19 finite=1
ATTR_NAMED_GRAD block=1472 name=ln_b_15 grad=d07515ba grad_elems=1024 param_elems=1024 energy=0x1.3ep-19 finite=1
ATTR_NAMED_GRAD block=1472 name=ff_bias1_7 grad=80cba943 grad_elems=6144 param_elems=6144 energy=0x1.4p-17 finite=1
ATTR_NAMED_GRAD block=1472 name=ff_bias2_7 grad=056dc26f grad_elems=1024 param_elems=1024 energy=0x1.66p-11 finite=1
ATTR_NAMED_GRAD block=1472 name=w_o_7 grad=442acd0c grad_elems=1048576 param_elems=1048576 energy=0x1.6p-9 finite=1
ATTR_NAMED_GRAD block=1472 name=w_r_7 grad=90a084c6 grad_elems=327680 param_elems=327680 energy=0x1.8cp-28 finite=1
ATTR_NAMED_GRAD block=1472 name=w_kv_7 grad=fc04cc90 grad_elems=2097152 param_elems=2097152 energy=0x1.d4p-9 finite=1
ATTR_NAMED_GRAD block=1472 name=w_q_7 grad=42b88cdc grad_elems=1048576 param_elems=1048576 energy=0x1.3cp-15 finite=1
ATTR_NAMED_GRAD block=1472 name=ln_g_14 grad=59ad45a9 grad_elems=1024 param_elems=1024 energy=0x1.1cp-26 finite=1
ATTR_NAMED_GRAD block=1472 name=ln_b_14 grad=460098d7 grad_elems=1024 param_elems=1024 energy=0x1.2p-23 finite=1
ATTR_NAMED_GRAD block=1472 name=ff2_6 grad=696e6dc6 grad_elems=3145728 param_elems=3145728 energy=0x1.4ep-7 finite=1
ATTR_NAMED_GRAD block=1472 name=ff1_6 grad=690ec60d grad_elems=6291456 param_elems=6291456 energy=0x1.c4p-8 finite=1
ATTR_NAMED_GRAD block=1472 name=ln_g_13 grad=402afb1c grad_elems=1024 param_elems=1024 energy=0x1.0ap-19 finite=1
ATTR_NAMED_GRAD block=1472 name=ln_b_13 grad=f322ce1f grad_elems=1024 param_elems=1024 energy=0x1.3ep-19 finite=1
ATTR_NAMED_GRAD block=1472 name=ff_bias1_6 grad=3297524f grad_elems=6144 param_elems=6144 energy=0x1.42p-17 finite=1
ATTR_NAMED_GRAD block=1472 name=ff_bias2_6 grad=b06d4574 grad_elems=1024 param_elems=1024 energy=0x1.8p-11 finite=1
ATTR_NAMED_GRAD block=1472 name=w_o_6 grad=061a28ce grad_elems=1048576 param_elems=1048576 energy=0x1.24p-9 finite=1
ATTR_NAMED_GRAD block=1472 name=w_r_6 grad=e12f1649 grad_elems=327680 param_elems=327680 energy=0x1.a6p-28 finite=1
ATTR_NAMED_GRAD block=1472 name=w_kv_6 grad=9f8d1acf grad_elems=2097152 param_elems=2097152 energy=0x1.bp-9 finite=1
ATTR_NAMED_GRAD block=1472 name=w_q_6 grad=69bd85a2 grad_elems=1048576 param_elems=1048576 energy=0x1.6p-15 finite=1
ATTR_NAMED_GRAD block=1472 name=ln_g_12 grad=8514b670 grad_elems=1024 param_elems=1024 energy=0x1.4cp-26 finite=1
ATTR_NAMED_GRAD block=1472 name=ln_b_12 grad=ff22eb6f grad_elems=1024 param_elems=1024 energy=0x1.c6p-23 finite=1
ATTR_NAMED_GRAD block=1472 name=ff2_5 grad=4c2ab7e4 grad_elems=3145728 param_elems=3145728 energy=0x1.52p-7 finite=1
ATTR_NAMED_GRAD block=1472 name=ff1_5 grad=29cde4f3 grad_elems=6291456 param_elems=6291456 energy=0x1.ccp-8 finite=1
ATTR_NAMED_GRAD block=1472 name=ln_g_11 grad=c5b9bf99 grad_elems=1024 param_elems=1024 energy=0x1.4p-19 finite=1
ATTR_NAMED_GRAD block=1472 name=ln_b_11 grad=8201d935 grad_elems=1024 param_elems=1024 energy=0x1.36p-19 finite=1
ATTR_NAMED_GRAD block=1472 name=ff_bias1_5 grad=a0bf5546 grad_elems=6144 param_elems=6144 energy=0x1.4p-17 finite=1
ATTR_NAMED_GRAD block=1472 name=ff_bias2_5 grad=8c06382f grad_elems=1024 param_elems=1024 energy=0x1.9cp-11 finite=1
ATTR_NAMED_GRAD block=1472 name=w_o_5 grad=85dd3357 grad_elems=1048576 param_elems=1048576 energy=0x1.08p-9 finite=1
ATTR_NAMED_GRAD block=1472 name=w_r_5 grad=c5d63f7b grad_elems=327680 param_elems=327680 energy=0x1.b8p-28 finite=1
ATTR_NAMED_GRAD block=1472 name=w_kv_5 grad=3ea5b78b grad_elems=2097152 param_elems=2097152 energy=0x1.6ap-9 finite=1
ATTR_NAMED_GRAD block=1472 name=w_q_5 grad=cd20cc8f grad_elems=1048576 param_elems=1048576 energy=0x1.46p-15 finite=1
ATTR_NAMED_GRAD block=1472 name=ln_g_10 grad=b11d4644 grad_elems=1024 param_elems=1024 energy=0x1.0ap-26 finite=1
ATTR_NAMED_GRAD block=1472 name=ln_b_10 grad=31a9e198 grad_elems=1024 param_elems=1024 energy=0x1.d2p-23 finite=1
ATTR_NAMED_GRAD block=1472 name=ff2_4 grad=beb9a167 grad_elems=3145728 param_elems=3145728 energy=0x1.58p-7 finite=1
ATTR_NAMED_GRAD block=1472 name=ff1_4 grad=38279f24 grad_elems=6291456 param_elems=6291456 energy=0x1.dap-8 finite=1
ATTR_NAMED_GRAD block=1472 name=ln_g_9 grad=cfac15d9 grad_elems=1024 param_elems=1024 energy=0x1.1ep-19 finite=1
ATTR_NAMED_GRAD block=1472 name=ln_b_9 grad=728b6dab grad_elems=1024 param_elems=1024 energy=0x1.3p-19 finite=1
ATTR_NAMED_GRAD block=1472 name=ff_bias1_4 grad=c804d4f4 grad_elems=6144 param_elems=6144 energy=0x1.46p-17 finite=1
ATTR_NAMED_GRAD block=1472 name=ff_bias2_4 grad=a0a8dacb grad_elems=1024 param_elems=1024 energy=0x1.b8p-11 finite=1
ATTR_NAMED_GRAD block=1472 name=w_o_4 grad=a74822f5 grad_elems=1048576 param_elems=1048576 energy=0x1.d4p-10 finite=1
ATTR_NAMED_GRAD block=1472 name=w_r_4 grad=a53bcea2 grad_elems=327680 param_elems=327680 energy=0x1.e4p-28 finite=1
ATTR_NAMED_GRAD block=1472 name=w_kv_4 grad=b9bf154c grad_elems=2097152 param_elems=2097152 energy=0x1.3ap-9 finite=1
ATTR_NAMED_GRAD block=1472 name=w_q_4 grad=157270cb grad_elems=1048576 param_elems=1048576 energy=0x1.02p-14 finite=1
ATTR_NAMED_GRAD block=1472 name=ln_g_8 grad=f413d5b6 grad_elems=1024 param_elems=1024 energy=0x1.e6p-26 finite=1
ATTR_NAMED_GRAD block=1472 name=ln_b_8 grad=937f18a7 grad_elems=1024 param_elems=1024 energy=0x1.b6p-22 finite=1
ATTR_NAMED_GRAD block=1472 name=ff2_3 grad=66f93367 grad_elems=3145728 param_elems=3145728 energy=0x1.6cp-7 finite=1
ATTR_NAMED_GRAD block=1472 name=ff1_3 grad=53b7fb0d grad_elems=6291456 param_elems=6291456 energy=0x1.e8p-8 finite=1
ATTR_NAMED_GRAD block=1472 name=ln_g_7 grad=954c85de grad_elems=1024 param_elems=1024 energy=0x1.44p-19 finite=1
ATTR_NAMED_GRAD block=1472 name=ln_b_7 grad=e526ddd2 grad_elems=1024 param_elems=1024 energy=0x1.3ap-19 finite=1
ATTR_NAMED_GRAD block=1472 name=ff_bias1_3 grad=0ff39899 grad_elems=6144 param_elems=6144 energy=0x1.4ap-17 finite=1
ATTR_NAMED_GRAD block=1472 name=ff_bias2_3 grad=4affa465 grad_elems=1024 param_elems=1024 energy=0x1.dep-11 finite=1
ATTR_NAMED_GRAD block=1472 name=w_o_3 grad=646669bc grad_elems=1048576 param_elems=1048576 energy=0x1.a8p-10 finite=1
ATTR_NAMED_GRAD block=1472 name=w_r_3 grad=afb4c9a9 grad_elems=327680 param_elems=327680 energy=0x1.08p-27 finite=1
ATTR_NAMED_GRAD block=1472 name=w_kv_3 grad=99c39ef0 grad_elems=2097152 param_elems=2097152 energy=0x1.0cp-9 finite=1
ATTR_NAMED_GRAD block=1472 name=w_q_3 grad=9515d7f4 grad_elems=1048576 param_elems=1048576 energy=0x1.ccp-15 finite=1
ATTR_NAMED_GRAD block=1472 name=ln_g_6 grad=7ce6aad1 grad_elems=1024 param_elems=1024 energy=0x1.bep-26 finite=1
ATTR_NAMED_GRAD block=1472 name=ln_b_6 grad=1a37bca9 grad_elems=1024 param_elems=1024 energy=0x1.a4p-22 finite=1
ATTR_NAMED_GRAD block=1472 name=ff2_2 grad=3abb6188 grad_elems=3145728 param_elems=3145728 energy=0x1.72p-7 finite=1
ATTR_NAMED_GRAD block=1472 name=ff1_2 grad=ba419e7c grad_elems=6291456 param_elems=6291456 energy=0x1.f8p-8 finite=1
ATTR_NAMED_GRAD block=1472 name=ln_g_5 grad=d96c08dd grad_elems=1024 param_elems=1024 energy=0x1.52p-19 finite=1
ATTR_NAMED_GRAD block=1472 name=ln_b_5 grad=f4ab851b grad_elems=1024 param_elems=1024 energy=0x1.34p-19 finite=1
ATTR_NAMED_GRAD block=1472 name=ff_bias1_2 grad=898f5222 grad_elems=6144 param_elems=6144 energy=0x1.4ep-17 finite=1
ATTR_NAMED_GRAD block=1472 name=ff_bias2_2 grad=249988e1 grad_elems=1024 param_elems=1024 energy=0x1.fap-11 finite=1
ATTR_NAMED_GRAD block=1472 name=w_o_2 grad=f88981dc grad_elems=1048576 param_elems=1048576 energy=0x1.72p-10 finite=1
ATTR_NAMED_GRAD block=1472 name=w_r_2 grad=9e1d2c2c grad_elems=327680 param_elems=327680 energy=0x1.16p-27 finite=1
ATTR_NAMED_GRAD block=1472 name=w_kv_2 grad=2d505266 grad_elems=2097152 param_elems=2097152 energy=0x1.ecp-10 finite=1
ATTR_NAMED_GRAD block=1472 name=w_q_2 grad=6a60fb69 grad_elems=1048576 param_elems=1048576 energy=0x1.52p-14 finite=1
ATTR_NAMED_GRAD block=1472 name=ln_g_4 grad=be713707 grad_elems=1024 param_elems=1024 energy=0x1.52p-25 finite=1
ATTR_NAMED_GRAD block=1472 name=ln_b_4 grad=740831c5 grad_elems=1024 param_elems=1024 energy=0x1.8ap-21 finite=1
ATTR_NAMED_GRAD block=1472 name=ff2_1 grad=687562e1 grad_elems=3145728 param_elems=3145728 energy=0x1.7cp-7 finite=1
ATTR_NAMED_GRAD block=1472 name=ff1_1 grad=dacc95db grad_elems=6291456 param_elems=6291456 energy=0x1.06p-7 finite=1
ATTR_NAMED_GRAD block=1472 name=ln_g_3 grad=e498d468 grad_elems=1024 param_elems=1024 energy=0x1.2p-19 finite=1
ATTR_NAMED_GRAD block=1472 name=ln_b_3 grad=4f2dcc5e grad_elems=1024 param_elems=1024 energy=0x1.28p-19 finite=1
ATTR_NAMED_GRAD block=1472 name=ff_bias1_1 grad=47de6e30 grad_elems=6144 param_elems=6144 energy=0x1.44p-17 finite=1
ATTR_NAMED_GRAD block=1472 name=ff_bias2_1 grad=c0baed96 grad_elems=1024 param_elems=1024 energy=0x1.12p-10 finite=1
ATTR_NAMED_GRAD block=1472 name=w_o_1 grad=1ff7c8f2 grad_elems=1048576 param_elems=1048576 energy=0x1.7p-10 finite=1
ATTR_NAMED_GRAD block=1472 name=w_r_1 grad=a17729ff grad_elems=327680 param_elems=327680 energy=0x1.6ap-27 finite=1
ATTR_NAMED_GRAD block=1472 name=w_kv_1 grad=43745c2e grad_elems=2097152 param_elems=2097152 energy=0x1.a6p-10 finite=1
ATTR_NAMED_GRAD block=1472 name=w_q_1 grad=0d4b3973 grad_elems=1048576 param_elems=1048576 energy=0x1.ap-13 finite=1
ATTR_NAMED_GRAD block=1472 name=ln_g_2 grad=98b710a6 grad_elems=1024 param_elems=1024 energy=0x1.dep-24 finite=1
ATTR_NAMED_GRAD block=1472 name=ln_b_2 grad=bc62b8cd grad_elems=1024 param_elems=1024 energy=0x1.3p-20 finite=1
ATTR_NAMED_GRAD block=1472 name=ff2_0 grad=40afce10 grad_elems=3145728 param_elems=3145728 energy=0x1.84p-7 finite=1
ATTR_NAMED_GRAD block=1472 name=ff1_0 grad=854ca2ae grad_elems=6291456 param_elems=6291456 energy=0x1.1p-7 finite=1
ATTR_NAMED_GRAD block=1472 name=ln_g_1 grad=f1834f4a grad_elems=1024 param_elems=1024 energy=0x1.5cp-19 finite=1
ATTR_NAMED_GRAD block=1472 name=ln_b_1 grad=a524dd7f grad_elems=1024 param_elems=1024 energy=0x1.2ep-19 finite=1
ATTR_NAMED_GRAD block=1472 name=ff_bias1_0 grad=c52e2aea grad_elems=6144 param_elems=6144 energy=0x1.54p-17 finite=1
ATTR_NAMED_GRAD block=1472 name=ff_bias2_0 grad=407d3d68 grad_elems=1024 param_elems=1024 energy=0x1.24p-10 finite=1
ATTR_NAMED_GRAD block=1472 name=w_o_0 grad=08f42ac0 grad_elems=1048576 param_elems=1048576 energy=0x1.4cp-10 finite=1
ATTR_NAMED_GRAD block=1472 name=w_r_0 grad=0a44428a grad_elems=327680 param_elems=327680 energy=0x1.b6p-27 finite=1
ATTR_NAMED_GRAD block=1472 name=b_r_0 grad=07303007 grad_elems=2560 param_elems=2560 energy=0x1.f8p-11 finite=1
ATTR_NAMED_GRAD block=1472 name=w_kv_0 grad=a63075c1 grad_elems=2097152 param_elems=2097152 energy=0x1.8ep-10 finite=1
ATTR_NAMED_GRAD block=1472 name=w_q_0 grad=f14205d1 grad_elems=1048576 param_elems=1048576 energy=0x1.dp-14 finite=1
ATTR_NAMED_GRAD block=1472 name=ln_g_0 grad=23c6855a grad_elems=1024 param_elems=1024 energy=0x1.fep-25 finite=1
ATTR_NAMED_GRAD block=1472 name=ln_b_0 grad=a30a9341 grad_elems=1024 param_elems=1024 energy=0x1.5ap-21 finite=1
ATTR_NAMED_GRAD block=1472 name=embed grad=d613f23a grad_elems=16785408 param_elems=16785408 energy=0x1.f1108p-3 finite=1
ATTR_NAMED_GRAD block=1472 name=ln_g_40 grad=2078dbb2 grad_elems=1024 param_elems=1024 energy=0x1.9ep-11 finite=1
ATTR_NAMED_GRAD block=1472 name=ln_b_40 grad=1049270d grad_elems=1024 param_elems=1024 energy=0x1.0ep-10 finite=1
ATTR_NAMED_GRAD block=1472 name=out_bias grad=2aa945da grad_elems=16392 param_elems=16392 energy=0x1.c2p-9 finite=1
ATTR_HEAD arm=1 block=1472 weight=076bd19e bias=bbdbd1b1
ATTR_STATE arm=1 block=1472 step=48 params=fe668c13 memory=aeeddd2e
ATTR_NAMED_GRAD block=1536 name=embed_out grad=e5336313 grad_elems=16785408 param_elems=16785408 energy=0x1.1ep+0 finite=1
ATTR_NAMED_GRAD block=1536 name=ff2_19 grad=2fded214 grad_elems=3145728 param_elems=3145728 energy=0x1.34p-8 finite=1
ATTR_NAMED_GRAD block=1536 name=ff1_19 grad=169b718c grad_elems=6291456 param_elems=6291456 energy=0x1.d8p-9 finite=1
ATTR_NAMED_GRAD block=1536 name=ln_g_39 grad=00b8d3a5 grad_elems=1024 param_elems=1024 energy=0x1.88p-21 finite=1
ATTR_NAMED_GRAD block=1536 name=ln_b_39 grad=7d725991 grad_elems=1024 param_elems=1024 energy=0x1.e8p-21 finite=1
ATTR_NAMED_GRAD block=1536 name=ff_bias1_19 grad=ee985ea5 grad_elems=6144 param_elems=6144 energy=0x1.fep-19 finite=1
ATTR_NAMED_GRAD block=1536 name=ff_bias2_19 grad=9087e3b8 grad_elems=1024 param_elems=1024 energy=0x1.7ap-13 finite=1
ATTR_NAMED_GRAD block=1536 name=w_o_19 grad=95896d56 grad_elems=1048576 param_elems=1048576 energy=0x1.6cp-6 finite=1
ATTR_NAMED_GRAD block=1536 name=w_r_19 grad=6eb9b7dc grad_elems=327680 param_elems=327680 energy=0x1.64p-28 finite=1
ATTR_NAMED_GRAD block=1536 name=w_kv_19 grad=9ab5fc3c grad_elems=2097152 param_elems=2097152 energy=0x1.0ep-6 finite=1
ATTR_NAMED_GRAD block=1536 name=w_q_19 grad=26b8c5c2 grad_elems=1048576 param_elems=1048576 energy=0x1.2cp-14 finite=1
ATTR_NAMED_GRAD block=1536 name=ln_g_38 grad=1c1a50cd grad_elems=1024 param_elems=1024 energy=0x1.86p-25 finite=1
ATTR_NAMED_GRAD block=1536 name=ln_b_38 grad=1a3f40ac grad_elems=1024 param_elems=1024 energy=0x1.18p-24 finite=1
ATTR_NAMED_GRAD block=1536 name=ff2_18 grad=4a0bd1ae grad_elems=3145728 param_elems=3145728 energy=0x1.b2p-8 finite=1
ATTR_NAMED_GRAD block=1536 name=ff1_18 grad=e95bd9bd grad_elems=6291456 param_elems=6291456 energy=0x1.22p-8 finite=1
ATTR_NAMED_GRAD block=1536 name=ln_g_37 grad=e6e067aa grad_elems=1024 param_elems=1024 energy=0x1.04p-20 finite=1
ATTR_NAMED_GRAD block=1536 name=ln_b_37 grad=3b11b2bc grad_elems=1024 param_elems=1024 energy=0x1.2cp-20 finite=1
ATTR_NAMED_GRAD block=1536 name=ff_bias1_18 grad=de982ecb grad_elems=6144 param_elems=6144 energy=0x1.38p-18 finite=1
ATTR_NAMED_GRAD block=1536 name=ff_bias2_18 grad=c0e23a7d grad_elems=1024 param_elems=1024 energy=0x1.7ep-13 finite=1
ATTR_NAMED_GRAD block=1536 name=w_o_18 grad=c60210f5 grad_elems=1048576 param_elems=1048576 energy=0x1.a8p-7 finite=1
ATTR_NAMED_GRAD block=1536 name=w_r_18 grad=5dc4973e grad_elems=327680 param_elems=327680 energy=0x1.ecp-28 finite=1
ATTR_NAMED_GRAD block=1536 name=w_kv_18 grad=7b64e148 grad_elems=2097152 param_elems=2097152 energy=0x1.a8p-7 finite=1
ATTR_NAMED_GRAD block=1536 name=w_q_18 grad=855d1fd8 grad_elems=1048576 param_elems=1048576 energy=0x1.5ep-14 finite=1
ATTR_NAMED_GRAD block=1536 name=ln_g_36 grad=ccce5722 grad_elems=1024 param_elems=1024 energy=0x1.f6p-25 finite=1
ATTR_NAMED_GRAD block=1536 name=ln_b_36 grad=4e750922 grad_elems=1024 param_elems=1024 energy=0x1.2ap-24 finite=1
ATTR_NAMED_GRAD block=1536 name=ff2_17 grad=dc48c3d5 grad_elems=3145728 param_elems=3145728 energy=0x1.04p-7 finite=1
ATTR_NAMED_GRAD block=1536 name=ff1_17 grad=11582380 grad_elems=6291456 param_elems=6291456 energy=0x1.44p-8 finite=1
ATTR_NAMED_GRAD block=1536 name=ln_g_35 grad=0aba4976 grad_elems=1024 param_elems=1024 energy=0x1.4ep-20 finite=1
ATTR_NAMED_GRAD block=1536 name=ln_b_35 grad=e011abb4 grad_elems=1024 param_elems=1024 energy=0x1.26p-20 finite=1
ATTR_NAMED_GRAD block=1536 name=ff_bias1_17 grad=707de2c8 grad_elems=6144 param_elems=6144 energy=0x1.5ap-18 finite=1
ATTR_NAMED_GRAD block=1536 name=ff_bias2_17 grad=246461f2 grad_elems=1024 param_elems=1024 energy=0x1.86p-13 finite=1
ATTR_NAMED_GRAD block=1536 name=w_o_17 grad=3275e035 grad_elems=1048576 param_elems=1048576 energy=0x1.26p-7 finite=1
ATTR_NAMED_GRAD block=1536 name=w_r_17 grad=7b0b24f8 grad_elems=327680 param_elems=327680 energy=0x1.18p-27 finite=1
ATTR_NAMED_GRAD block=1536 name=w_kv_17 grad=be33b700 grad_elems=2097152 param_elems=2097152 energy=0x1.52p-7 finite=1
ATTR_NAMED_GRAD block=1536 name=w_q_17 grad=9d530f77 grad_elems=1048576 param_elems=1048576 energy=0x1.56p-14 finite=1
ATTR_NAMED_GRAD block=1536 name=ln_g_34 grad=6ac94ee2 grad_elems=1024 param_elems=1024 energy=0x1.2ep-24 finite=1
ATTR_NAMED_GRAD block=1536 name=ln_b_34 grad=ebeeb548 grad_elems=1024 param_elems=1024 energy=0x1.52p-24 finite=1
ATTR_NAMED_GRAD block=1536 name=ff2_16 grad=2eaf6039 grad_elems=3145728 param_elems=3145728 energy=0x1.06p-7 finite=1
ATTR_NAMED_GRAD block=1536 name=ff1_16 grad=e4c24373 grad_elems=6291456 param_elems=6291456 energy=0x1.52p-8 finite=1
ATTR_NAMED_GRAD block=1536 name=ln_g_33 grad=932ccb6c grad_elems=1024 param_elems=1024 energy=0x1.4ap-20 finite=1
ATTR_NAMED_GRAD block=1536 name=ln_b_33 grad=06a64a00 grad_elems=1024 param_elems=1024 energy=0x1.5cp-20 finite=1
ATTR_NAMED_GRAD block=1536 name=ff_bias1_16 grad=2bc61bd6 grad_elems=6144 param_elems=6144 energy=0x1.74p-18 finite=1
ATTR_NAMED_GRAD block=1536 name=ff_bias2_16 grad=7fee4c5d grad_elems=1024 param_elems=1024 energy=0x1.9p-13 finite=1
ATTR_NAMED_GRAD block=1536 name=w_o_16 grad=21bd5c34 grad_elems=1048576 param_elems=1048576 energy=0x1.d4p-8 finite=1
ATTR_NAMED_GRAD block=1536 name=w_r_16 grad=9b3e81d8 grad_elems=327680 param_elems=327680 energy=0x1.b6p-28 finite=1
ATTR_NAMED_GRAD block=1536 name=w_kv_16 grad=36b533ef grad_elems=2097152 param_elems=2097152 energy=0x1.34p-7 finite=1
ATTR_NAMED_GRAD block=1536 name=w_q_16 grad=848a7552 grad_elems=1048576 param_elems=1048576 energy=0x1.24p-14 finite=1
ATTR_NAMED_GRAD block=1536 name=ln_g_32 grad=8bd7053c grad_elems=1024 param_elems=1024 energy=0x1.ap-25 finite=1
ATTR_NAMED_GRAD block=1536 name=ln_b_32 grad=76d19964 grad_elems=1024 param_elems=1024 energy=0x1.4cp-24 finite=1
ATTR_NAMED_GRAD block=1536 name=ff2_15 grad=a127dd7d grad_elems=3145728 param_elems=3145728 energy=0x1.0ep-7 finite=1
ATTR_NAMED_GRAD block=1536 name=ff1_15 grad=87fdebb0 grad_elems=6291456 param_elems=6291456 energy=0x1.58p-8 finite=1
ATTR_NAMED_GRAD block=1536 name=ln_g_31 grad=4747a0b5 grad_elems=1024 param_elems=1024 energy=0x1.8p-20 finite=1
ATTR_NAMED_GRAD block=1536 name=ln_b_31 grad=6ab7d652 grad_elems=1024 param_elems=1024 energy=0x1.4cp-20 finite=1
ATTR_NAMED_GRAD block=1536 name=ff_bias1_15 grad=e5c3d46d grad_elems=6144 param_elems=6144 energy=0x1.6ep-18 finite=1
ATTR_NAMED_GRAD block=1536 name=ff_bias2_15 grad=d5cd13b3 grad_elems=1024 param_elems=1024 energy=0x1.9ep-13 finite=1
ATTR_NAMED_GRAD block=1536 name=w_o_15 grad=261aad87 grad_elems=1048576 param_elems=1048576 energy=0x1.a4p-8 finite=1
ATTR_NAMED_GRAD block=1536 name=w_r_15 grad=af28dcc1 grad_elems=327680 param_elems=327680 energy=0x1.ap-28 finite=1
ATTR_NAMED_GRAD block=1536 name=w_kv_15 grad=134044b4 grad_elems=2097152 param_elems=2097152 energy=0x1.e8p-8 finite=1
ATTR_NAMED_GRAD block=1536 name=w_q_15 grad=6ede2081 grad_elems=1048576 param_elems=1048576 energy=0x1.9p-15 finite=1
ATTR_NAMED_GRAD block=1536 name=ln_g_30 grad=34ebf274 grad_elems=1024 param_elems=1024 energy=0x1.0cp-25 finite=1
ATTR_NAMED_GRAD block=1536 name=ln_b_30 grad=65a95ebd grad_elems=1024 param_elems=1024 energy=0x1.08p-24 finite=1
ATTR_NAMED_GRAD block=1536 name=ff2_14 grad=48857e44 grad_elems=3145728 param_elems=3145728 energy=0x1.12p-7 finite=1
ATTR_NAMED_GRAD block=1536 name=ff1_14 grad=1ec198d8 grad_elems=6291456 param_elems=6291456 energy=0x1.6p-8 finite=1
ATTR_NAMED_GRAD block=1536 name=ln_g_29 grad=5a2a29c1 grad_elems=1024 param_elems=1024 energy=0x1.8p-20 finite=1
ATTR_NAMED_GRAD block=1536 name=ln_b_29 grad=610dff17 grad_elems=1024 param_elems=1024 energy=0x1.a2p-20 finite=1
ATTR_NAMED_GRAD block=1536 name=ff_bias1_14 grad=292e973c grad_elems=6144 param_elems=6144 energy=0x1.8cp-18 finite=1
ATTR_NAMED_GRAD block=1536 name=ff_bias2_14 grad=c2633d52 grad_elems=1024 param_elems=1024 energy=0x1.aep-13 finite=1
ATTR_NAMED_GRAD block=1536 name=w_o_14 grad=247285c1 grad_elems=1048576 param_elems=1048576 energy=0x1.6p-8 finite=1
ATTR_NAMED_GRAD block=1536 name=w_r_14 grad=9620029b grad_elems=327680 param_elems=327680 energy=0x1.7p-28 finite=1
ATTR_NAMED_GRAD block=1536 name=w_kv_14 grad=40c0bcda grad_elems=2097152 param_elems=2097152 energy=0x1.cp-8 finite=1
ATTR_NAMED_GRAD block=1536 name=w_q_14 grad=243f458b grad_elems=1048576 param_elems=1048576 energy=0x1.6ep-15 finite=1
ATTR_NAMED_GRAD block=1536 name=ln_g_28 grad=a39c71fb grad_elems=1024 param_elems=1024 energy=0x1.96p-26 finite=1
ATTR_NAMED_GRAD block=1536 name=ln_b_28 grad=931e2ee5 grad_elems=1024 param_elems=1024 energy=0x1.0ep-24 finite=1
ATTR_NAMED_GRAD block=1536 name=ff2_13 grad=8e0f9b38 grad_elems=3145728 param_elems=3145728 energy=0x1.14p-7 finite=1
ATTR_NAMED_GRAD block=1536 name=ff1_13 grad=abb65ea1 grad_elems=6291456 param_elems=6291456 energy=0x1.6p-8 finite=1
ATTR_NAMED_GRAD block=1536 name=ln_g_27 grad=4ed5ae93 grad_elems=1024 param_elems=1024 energy=0x1.c2p-20 finite=1
ATTR_NAMED_GRAD block=1536 name=ln_b_27 grad=9512fc3c grad_elems=1024 param_elems=1024 energy=0x1.86p-20 finite=1
ATTR_NAMED_GRAD block=1536 name=ff_bias1_13 grad=22a8bf51 grad_elems=6144 param_elems=6144 energy=0x1.84p-18 finite=1
ATTR_NAMED_GRAD block=1536 name=ff_bias2_13 grad=423cc057 grad_elems=1024 param_elems=1024 energy=0x1.c6p-13 finite=1
ATTR_NAMED_GRAD block=1536 name=w_o_13 grad=2b579510 grad_elems=1048576 param_elems=1048576 energy=0x1.2ap-8 finite=1
ATTR_NAMED_GRAD block=1536 name=w_r_13 grad=1f28ba3f grad_elems=327680 param_elems=327680 energy=0x1.52p-28 finite=1
ATTR_NAMED_GRAD block=1536 name=w_kv_13 grad=84c45c2b grad_elems=2097152 param_elems=2097152 energy=0x1.8p-8 finite=1
ATTR_NAMED_GRAD block=1536 name=w_q_13 grad=edddf75b grad_elems=1048576 param_elems=1048576 energy=0x1.42p-15 finite=1
ATTR_NAMED_GRAD block=1536 name=ln_g_26 grad=41480437 grad_elems=1024 param_elems=1024 energy=0x1.58p-26 finite=1
ATTR_NAMED_GRAD block=1536 name=ln_b_26 grad=229cb842 grad_elems=1024 param_elems=1024 energy=0x1.fcp-25 finite=1
ATTR_NAMED_GRAD block=1536 name=ff2_12 grad=986c41c6 grad_elems=3145728 param_elems=3145728 energy=0x1.18p-7 finite=1
ATTR_NAMED_GRAD block=1536 name=ff1_12 grad=4912eacc grad_elems=6291456 param_elems=6291456 energy=0x1.6ap-8 finite=1
ATTR_NAMED_GRAD block=1536 name=ln_g_25 grad=19f7a439 grad_elems=1024 param_elems=1024 energy=0x1.f2p-20 finite=1
ATTR_NAMED_GRAD block=1536 name=ln_b_25 grad=c78cfca9 grad_elems=1024 param_elems=1024 energy=0x1.9p-20 finite=1
ATTR_NAMED_GRAD block=1536 name=ff_bias1_12 grad=a1c80923 grad_elems=6144 param_elems=6144 energy=0x1.98p-18 finite=1
ATTR_NAMED_GRAD block=1536 name=ff_bias2_12 grad=469088ab grad_elems=1024 param_elems=1024 energy=0x1.dep-13 finite=1
ATTR_NAMED_GRAD block=1536 name=w_o_12 grad=ced6dd66 grad_elems=1048576 param_elems=1048576 energy=0x1.06p-8 finite=1
ATTR_NAMED_GRAD block=1536 name=w_r_12 grad=aec2bf27 grad_elems=327680 param_elems=327680 energy=0x1.52p-28 finite=1
ATTR_NAMED_GRAD block=1536 name=w_kv_12 grad=61fc8ca4 grad_elems=2097152 param_elems=2097152 energy=0x1.54p-8 finite=1
ATTR_NAMED_GRAD block=1536 name=w_q_12 grad=4984b261 grad_elems=1048576 param_elems=1048576 energy=0x1.2cp-15 finite=1
ATTR_NAMED_GRAD block=1536 name=ln_g_24 grad=e23b5d03 grad_elems=1024 param_elems=1024 energy=0x1.42p-26 finite=1
ATTR_NAMED_GRAD block=1536 name=ln_b_24 grad=86374bf3 grad_elems=1024 param_elems=1024 energy=0x1.3ep-24 finite=1
ATTR_NAMED_GRAD block=1536 name=ff2_11 grad=b10b8020 grad_elems=3145728 param_elems=3145728 energy=0x1.22p-7 finite=1
ATTR_NAMED_GRAD block=1536 name=ff1_11 grad=edbb8d0a grad_elems=6291456 param_elems=6291456 energy=0x1.74p-8 finite=1
ATTR_NAMED_GRAD block=1536 name=ln_g_23 grad=b4b0060e grad_elems=1024 param_elems=1024 energy=0x1.f2p-20 finite=1
ATTR_NAMED_GRAD block=1536 name=ln_b_23 grad=8ee46ad6 grad_elems=1024 param_elems=1024 energy=0x1.ap-20 finite=1
ATTR_NAMED_GRAD block=1536 name=ff_bias1_11 grad=323f46c7 grad_elems=6144 param_elems=6144 energy=0x1.9ep-18 finite=1
ATTR_NAMED_GRAD block=1536 name=ff_bias2_11 grad=eb3c82b5 grad_elems=1024 param_elems=1024 energy=0x1.fep-13 finite=1
ATTR_NAMED_GRAD block=1536 name=w_o_11 grad=2b548571 grad_elems=1048576 param_elems=1048576 energy=0x1.c2p-9 finite=1
ATTR_NAMED_GRAD block=1536 name=w_r_11 grad=362dec18 grad_elems=327680 param_elems=327680 energy=0x1.5ep-28 finite=1
ATTR_NAMED_GRAD block=1536 name=w_kv_11 grad=e3fa64b9 grad_elems=2097152 param_elems=2097152 energy=0x1.2cp-8 finite=1
ATTR_NAMED_GRAD block=1536 name=w_q_11 grad=54c967e6 grad_elems=1048576 param_elems=1048576 energy=0x1.4p-15 finite=1
ATTR_NAMED_GRAD block=1536 name=ln_g_22 grad=cf551937 grad_elems=1024 param_elems=1024 energy=0x1.2ep-26 finite=1
ATTR_NAMED_GRAD block=1536 name=ln_b_22 grad=23212705 grad_elems=1024 param_elems=1024 energy=0x1.6p-24 finite=1
ATTR_NAMED_GRAD block=1536 name=ff2_10 grad=a3702597 grad_elems=3145728 param_elems=3145728 energy=0x1.26p-7 finite=1
ATTR_NAMED_GRAD block=1536 name=ff1_10 grad=d0dd7ce4 grad_elems=6291456 param_elems=6291456 energy=0x1.7ep-8 finite=1
ATTR_NAMED_GRAD block=1536 name=ln_g_21 grad=ade7a253 grad_elems=1024 param_elems=1024 energy=0x1.12p-19 finite=1
ATTR_NAMED_GRAD block=1536 name=ln_b_21 grad=875c19de grad_elems=1024 param_elems=1024 energy=0x1.9ep-20 finite=1
ATTR_NAMED_GRAD block=1536 name=ff_bias1_10 grad=d4fb8b89 grad_elems=6144 param_elems=6144 energy=0x1.a2p-18 finite=1
ATTR_NAMED_GRAD block=1536 name=ff_bias2_10 grad=b102fdb4 grad_elems=1024 param_elems=1024 energy=0x1.1p-12 finite=1
ATTR_NAMED_GRAD block=1536 name=w_o_10 grad=4d4ebe13 grad_elems=1048576 param_elems=1048576 energy=0x1.84p-9 finite=1
ATTR_NAMED_GRAD block=1536 name=w_r_10 grad=ad4f10b6 grad_elems=327680 param_elems=327680 energy=0x1.64p-28 finite=1
ATTR_NAMED_GRAD block=1536 name=w_kv_10 grad=99cfdc81 grad_elems=2097152 param_elems=2097152 energy=0x1.04p-8 finite=1
ATTR_NAMED_GRAD block=1536 name=w_q_10 grad=04b5ab86 grad_elems=1048576 param_elems=1048576 energy=0x1.22p-15 finite=1
ATTR_NAMED_GRAD block=1536 name=ln_g_20 grad=7dac6388 grad_elems=1024 param_elems=1024 energy=0x1.04p-26 finite=1
ATTR_NAMED_GRAD block=1536 name=ln_b_20 grad=13f4d457 grad_elems=1024 param_elems=1024 energy=0x1.5p-24 finite=1
ATTR_NAMED_GRAD block=1536 name=ff2_9 grad=c6b756a7 grad_elems=3145728 param_elems=3145728 energy=0x1.2cp-7 finite=1
ATTR_NAMED_GRAD block=1536 name=ff1_9 grad=eb1420af grad_elems=6291456 param_elems=6291456 energy=0x1.8ap-8 finite=1
ATTR_NAMED_GRAD block=1536 name=ln_g_19 grad=8c1f7c5c grad_elems=1024 param_elems=1024 energy=0x1.3p-19 finite=1
ATTR_NAMED_GRAD block=1536 name=ln_b_19 grad=4d7374fc grad_elems=1024 param_elems=1024 energy=0x1.a4p-20 finite=1
ATTR_NAMED_GRAD block=1536 name=ff_bias1_9 grad=146825ce grad_elems=6144 param_elems=6144 energy=0x1.bap-18 finite=1
ATTR_NAMED_GRAD block=1536 name=ff_bias2_9 grad=b37c55c9 grad_elems=1024 param_elems=1024 energy=0x1.24p-12 finite=1
ATTR_NAMED_GRAD block=1536 name=w_o_9 grad=da417dab grad_elems=1048576 param_elems=1048576 energy=0x1.52p-9 finite=1
ATTR_NAMED_GRAD block=1536 name=w_r_9 grad=08946081 grad_elems=327680 param_elems=327680 energy=0x1.6ep-28 finite=1
ATTR_NAMED_GRAD block=1536 name=w_kv_9 grad=3b8fbf45 grad_elems=2097152 param_elems=2097152 energy=0x1.c2p-9 finite=1
ATTR_NAMED_GRAD block=1536 name=w_q_9 grad=40266e98 grad_elems=1048576 param_elems=1048576 energy=0x1.0cp-15 finite=1
ATTR_NAMED_GRAD block=1536 name=ln_g_18 grad=5ab03993 grad_elems=1024 param_elems=1024 energy=0x1.cap-27 finite=1
ATTR_NAMED_GRAD block=1536 name=ln_b_18 grad=71174aa2 grad_elems=1024 param_elems=1024 energy=0x1.24p-24 finite=1
ATTR_NAMED_GRAD block=1536 name=ff2_8 grad=59e4c7fa grad_elems=3145728 param_elems=3145728 energy=0x1.34p-7 finite=1
ATTR_NAMED_GRAD block=1536 name=ff1_8 grad=076ee350 grad_elems=6291456 param_elems=6291456 energy=0x1.92p-8 finite=1
ATTR_NAMED_GRAD block=1536 name=ln_g_17 grad=fdbc995f grad_elems=1024 param_elems=1024 energy=0x1.4p-19 finite=1
ATTR_NAMED_GRAD block=1536 name=ln_b_17 grad=439f9a95 grad_elems=1024 param_elems=1024 energy=0x1.aep-20 finite=1
ATTR_NAMED_GRAD block=1536 name=ff_bias1_8 grad=f81d9685 grad_elems=6144 param_elems=6144 energy=0x1.c4p-18 finite=1
ATTR_NAMED_GRAD block=1536 name=ff_bias2_8 grad=114e13b3 grad_elems=1024 param_elems=1024 energy=0x1.36p-12 finite=1
ATTR_NAMED_GRAD block=1536 name=w_o_8 grad=94e70f82 grad_elems=1048576 param_elems=1048576 energy=0x1.28p-9 finite=1
ATTR_NAMED_GRAD block=1536 name=w_r_8 grad=bdd02311 grad_elems=327680 param_elems=327680 energy=0x1.6cp-28 finite=1
ATTR_NAMED_GRAD block=1536 name=w_kv_8 grad=331b16c6 grad_elems=2097152 param_elems=2097152 energy=0x1.92p-9 finite=1
ATTR_NAMED_GRAD block=1536 name=w_q_8 grad=dafa6aef grad_elems=1048576 param_elems=1048576 energy=0x1.0ap-15 finite=1
ATTR_NAMED_GRAD block=1536 name=ln_g_16 grad=e5e60e33 grad_elems=1024 param_elems=1024 energy=0x1.c8p-27 finite=1
ATTR_NAMED_GRAD block=1536 name=ln_b_16 grad=e290fb56 grad_elems=1024 param_elems=1024 energy=0x1.48p-24 finite=1
ATTR_NAMED_GRAD block=1536 name=ff2_7 grad=fc434b27 grad_elems=3145728 param_elems=3145728 energy=0x1.3ap-7 finite=1
ATTR_NAMED_GRAD block=1536 name=ff1_7 grad=27fe492e grad_elems=6291456 param_elems=6291456 energy=0x1.9ep-8 finite=1
ATTR_NAMED_GRAD block=1536 name=ln_g_15 grad=2c5a5dbc grad_elems=1024 param_elems=1024 energy=0x1.46p-19 finite=1
ATTR_NAMED_GRAD block=1536 name=ln_b_15 grad=3d5a3104 grad_elems=1024 param_elems=1024 energy=0x1.96p-20 finite=1
ATTR_NAMED_GRAD block=1536 name=ff_bias1_7 grad=ae35d60c grad_elems=6144 param_elems=6144 energy=0x1.d8p-18 finite=1
ATTR_NAMED_GRAD block=1536 name=ff_bias2_7 grad=cf7606d4 grad_elems=1024 param_elems=1024 energy=0x1.54p-12 finite=1
ATTR_NAMED_GRAD block=1536 name=w_o_7 grad=8c626f26 grad_elems=1048576 param_elems=1048576 energy=0x1.e4p-10 finite=1
ATTR_NAMED_GRAD block=1536 name=w_r_7 grad=9812ff71 grad_elems=327680 param_elems=327680 energy=0x1.7cp-28 finite=1
ATTR_NAMED_GRAD block=1536 name=w_kv_7 grad=ce675033 grad_elems=2097152 param_elems=2097152 energy=0x1.56p-9 finite=1
ATTR_NAMED_GRAD block=1536 name=w_q_7 grad=ab417a64 grad_elems=1048576 param_elems=1048576 energy=0x1.04p-15 finite=1
ATTR_NAMED_GRAD block=1536 name=ln_g_14 grad=2cd586b6 grad_elems=1024 param_elems=1024 energy=0x1.cep-27 finite=1
ATTR_NAMED_GRAD block=1536 name=ln_b_14 grad=85e69646 grad_elems=1024 param_elems=1024 energy=0x1.78p-24 finite=1
ATTR_NAMED_GRAD block=1536 name=ff2_6 grad=d53d7e9b grad_elems=3145728 param_elems=3145728 energy=0x1.46p-7 finite=1
ATTR_NAMED_GRAD block=1536 name=ff1_6 grad=fbc21975 grad_elems=6291456 param_elems=6291456 energy=0x1.b2p-8 finite=1
ATTR_NAMED_GRAD block=1536 name=ln_g_13 grad=e33e94ae grad_elems=1024 param_elems=1024 energy=0x1.38p-19 finite=1
ATTR_NAMED_GRAD block=1536 name=ln_b_13 grad=054cb9a1 grad_elems=1024 param_elems=1024 energy=0x1.b2p-20 finite=1
ATTR_NAMED_GRAD block=1536 name=ff_bias1_6 grad=9ab02c00 grad_elems=6144 param_elems=6144 energy=0x1.ep-18 finite=1
ATTR_NAMED_GRAD block=1536 name=ff_bias2_6 grad=d68ba445 grad_elems=1024 param_elems=1024 energy=0x1.66p-12 finite=1
ATTR_NAMED_GRAD block=1536 name=w_o_6 grad=297727d2 grad_elems=1048576 param_elems=1048576 energy=0x1.ap-10 finite=1
ATTR_NAMED_GRAD block=1536 name=w_r_6 grad=fa21b72e grad_elems=327680 param_elems=327680 energy=0x1.8cp-28 finite=1
ATTR_NAMED_GRAD block=1536 name=w_kv_6 grad=b5f9caa5 grad_elems=2097152 param_elems=2097152 energy=0x1.2p-9 finite=1
ATTR_NAMED_GRAD block=1536 name=w_q_6 grad=07145eec grad_elems=1048576 param_elems=1048576 energy=0x1.f6p-16 finite=1
ATTR_NAMED_GRAD block=1536 name=ln_g_12 grad=2437a4a7 grad_elems=1024 param_elems=1024 energy=0x1.a2p-27 finite=1
ATTR_NAMED_GRAD block=1536 name=ln_b_12 grad=e84c14b0 grad_elems=1024 param_elems=1024 energy=0x1.7cp-24 finite=1
ATTR_NAMED_GRAD block=1536 name=ff2_5 grad=728c5c91 grad_elems=3145728 param_elems=3145728 energy=0x1.52p-7 finite=1
ATTR_NAMED_GRAD block=1536 name=ff1_5 grad=a5f655c5 grad_elems=6291456 param_elems=6291456 energy=0x1.b8p-8 finite=1
ATTR_NAMED_GRAD block=1536 name=ln_g_11 grad=18083ee8 grad_elems=1024 param_elems=1024 energy=0x1.38p-19 finite=1
ATTR_NAMED_GRAD block=1536 name=ln_b_11 grad=e59b17f4 grad_elems=1024 param_elems=1024 energy=0x1.b6p-20 finite=1
ATTR_NAMED_GRAD block=1536 name=ff_bias1_5 grad=ea4e718e grad_elems=6144 param_elems=6144 energy=0x1.ep-18 finite=1
ATTR_NAMED_GRAD block=1536 name=ff_bias2_5 grad=8b387c2b grad_elems=1024 param_elems=1024 energy=0x1.78p-12 finite=1
ATTR_NAMED_GRAD block=1536 name=w_o_5 grad=bd4707cb grad_elems=1048576 param_elems=1048576 energy=0x1.7ap-10 finite=1
ATTR_NAMED_GRAD block=1536 name=w_r_5 grad=7621de16 grad_elems=327680 param_elems=327680 energy=0x1.ap-28 finite=1
ATTR_NAMED_GRAD block=1536 name=w_kv_5 grad=94f4a333 grad_elems=2097152 param_elems=2097152 energy=0x1.fap-10 finite=1
ATTR_NAMED_GRAD block=1536 name=w_q_5 grad=fbcbbd9e grad_elems=1048576 param_elems=1048576 energy=0x1.1cp-15 finite=1
ATTR_NAMED_GRAD block=1536 name=ln_g_10 grad=e6e83b6b grad_elems=1024 param_elems=1024 energy=0x1.aep-27 finite=1
ATTR_NAMED_GRAD block=1536 name=ln_b_10 grad=9f61aad3 grad_elems=1024 param_elems=1024 energy=0x1.8p-24 finite=1
ATTR_NAMED_GRAD block=1536 name=ff2_4 grad=be4c9ada grad_elems=3145728 param_elems=3145728 energy=0x1.5cp-7 finite=1
ATTR_NAMED_GRAD block=1536 name=ff1_4 grad=eebe7f79 grad_elems=6291456 param_elems=6291456 energy=0x1.c8p-8 finite=1
ATTR_NAMED_GRAD block=1536 name=ln_g_9 grad=5fa484dc grad_elems=1024 param_elems=1024 energy=0x1.4p-19 finite=1
ATTR_NAMED_GRAD block=1536 name=ln_b_9 grad=c99276b7 grad_elems=1024 param_elems=1024 energy=0x1.e6p-20 finite=1
ATTR_NAMED_GRAD block=1536 name=ff_bias1_4 grad=f4c5b64e grad_elems=6144 param_elems=6144 energy=0x1.fcp-18 finite=1
ATTR_NAMED_GRAD block=1536 name=ff_bias2_4 grad=ba87d4b9 grad_elems=1024 param_elems=1024 energy=0x1.92p-12 finite=1
ATTR_NAMED_GRAD block=1536 name=w_o_4 grad=737007ad grad_elems=1048576 param_elems=1048576 energy=0x1.5ap-10 finite=1
ATTR_NAMED_GRAD block=1536 name=w_r_4 grad=ed0d867e grad_elems=327680 param_elems=327680 energy=0x1.eep-28 finite=1
ATTR_NAMED_GRAD block=1536 name=w_kv_4 grad=9ba2ad9c grad_elems=2097152 param_elems=2097152 energy=0x1.aap-10 finite=1
ATTR_NAMED_GRAD block=1536 name=w_q_4 grad=bd646621 grad_elems=1048576 param_elems=1048576 energy=0x1.92p-15 finite=1
ATTR_NAMED_GRAD block=1536 name=ln_g_8 grad=dc2dc364 grad_elems=1024 param_elems=1024 energy=0x1.6cp-26 finite=1
ATTR_NAMED_GRAD block=1536 name=ln_b_8 grad=3e3d6fdf grad_elems=1024 param_elems=1024 energy=0x1.fep-24 finite=1
ATTR_NAMED_GRAD block=1536 name=ff2_3 grad=469df608 grad_elems=3145728 param_elems=3145728 energy=0x1.68p-7 finite=1
ATTR_NAMED_GRAD block=1536 name=ff1_3 grad=37b0a7eb grad_elems=6291456 param_elems=6291456 energy=0x1.d8p-8 finite=1
ATTR_NAMED_GRAD block=1536 name=ln_g_7 grad=346674c1 grad_elems=1024 param_elems=1024 energy=0x1.52p-19 finite=1
ATTR_NAMED_GRAD block=1536 name=ln_b_7 grad=0b189cc1 grad_elems=1024 param_elems=1024 energy=0x1.acp-20 finite=1
ATTR_NAMED_GRAD block=1536 name=ff_bias1_3 grad=8a158d7f grad_elems=6144 param_elems=6144 energy=0x1.f4p-18 finite=1
ATTR_NAMED_GRAD block=1536 name=ff_bias2_3 grad=e792832f grad_elems=1024 param_elems=1024 energy=0x1.aap-12 finite=1
ATTR_NAMED_GRAD block=1536 name=w_o_3 grad=68a14d07 grad_elems=1048576 param_elems=1048576 energy=0x1.58p-10 finite=1
ATTR_NAMED_GRAD block=1536 name=w_r_3 grad=f07879a3 grad_elems=327680 param_elems=327680 energy=0x1.08p-27 finite=1
ATTR_NAMED_GRAD block=1536 name=w_kv_3 grad=f019c7f1 grad_elems=2097152 param_elems=2097152 energy=0x1.92p-10 finite=1
ATTR_NAMED_GRAD block=1536 name=w_q_3 grad=0c366148 grad_elems=1048576 param_elems=1048576 energy=0x1.b2p-15 finite=1
ATTR_NAMED_GRAD block=1536 name=ln_g_6 grad=6fbaa43b grad_elems=1024 param_elems=1024 energy=0x1p-25 finite=1
ATTR_NAMED_GRAD block=1536 name=ln_b_6 grad=16c7acb4 grad_elems=1024 param_elems=1024 energy=0x1.fap-24 finite=1
ATTR_NAMED_GRAD block=1536 name=ff2_2 grad=5afea2e3 grad_elems=3145728 param_elems=3145728 energy=0x1.7p-7 finite=1
ATTR_NAMED_GRAD block=1536 name=ff1_2 grad=b34cf8f8 grad_elems=6291456 param_elems=6291456 energy=0x1.e4p-8 finite=1
ATTR_NAMED_GRAD block=1536 name=ln_g_5 grad=f47a2059 grad_elems=1024 param_elems=1024 energy=0x1.76p-19 finite=1
ATTR_NAMED_GRAD block=1536 name=ln_b_5 grad=b0149f4f grad_elems=1024 param_elems=1024 energy=0x1.cap-20 finite=1
ATTR_NAMED_GRAD block=1536 name=ff_bias1_2 grad=2e0971b3 grad_elems=6144 param_elems=6144 energy=0x1.0ap-17 finite=1
ATTR_NAMED_GRAD block=1536 name=ff_bias2_2 grad=175c02a4 grad_elems=1024 param_elems=1024 energy=0x1.c6p-12 finite=1
ATTR_NAMED_GRAD block=1536 name=w_o_2 grad=63d1e6e0 grad_elems=1048576 param_elems=1048576 energy=0x1.06p-10 finite=1
ATTR_NAMED_GRAD block=1536 name=w_r_2 grad=f9e497d6 grad_elems=327680 param_elems=327680 energy=0x1.02p-27 finite=1
ATTR_NAMED_GRAD block=1536 name=w_kv_2 grad=fc69d7b1 grad_elems=2097152 param_elems=2097152 energy=0x1.46p-10 finite=1
ATTR_NAMED_GRAD block=1536 name=w_q_2 grad=7dbd6cc8 grad_elems=1048576 param_elems=1048576 energy=0x1.b4p-15 finite=1
ATTR_NAMED_GRAD block=1536 name=ln_g_4 grad=4e749f17 grad_elems=1024 param_elems=1024 energy=0x1.6ap-26 finite=1
ATTR_NAMED_GRAD block=1536 name=ln_b_4 grad=be51edc0 grad_elems=1024 param_elems=1024 energy=0x1.46p-23 finite=1
ATTR_NAMED_GRAD block=1536 name=ff2_1 grad=879d7c38 grad_elems=3145728 param_elems=3145728 energy=0x1.78p-7 finite=1
ATTR_NAMED_GRAD block=1536 name=ff1_1 grad=de4c53c5 grad_elems=6291456 param_elems=6291456 energy=0x1.f2p-8 finite=1
ATTR_NAMED_GRAD block=1536 name=ln_g_3 grad=bfed8a28 grad_elems=1024 param_elems=1024 energy=0x1.4cp-19 finite=1
ATTR_NAMED_GRAD block=1536 name=ln_b_3 grad=331e851d grad_elems=1024 param_elems=1024 energy=0x1.ecp-20 finite=1
ATTR_NAMED_GRAD block=1536 name=ff_bias1_1 grad=400cd1b4 grad_elems=6144 param_elems=6144 energy=0x1.14p-17 finite=1
ATTR_NAMED_GRAD block=1536 name=ff_bias2_1 grad=b0077410 grad_elems=1024 param_elems=1024 energy=0x1.d8p-12 finite=1
ATTR_NAMED_GRAD block=1536 name=w_o_1 grad=26b13a95 grad_elems=1048576 param_elems=1048576 energy=0x1.86p-10 finite=1
ATTR_NAMED_GRAD block=1536 name=w_r_1 grad=221c9249 grad_elems=327680 param_elems=327680 energy=0x1.cep-27 finite=1
ATTR_NAMED_GRAD block=1536 name=w_kv_1 grad=71692d72 grad_elems=2097152 param_elems=2097152 energy=0x1.64p-10 finite=1
ATTR_NAMED_GRAD block=1536 name=w_q_1 grad=894caab3 grad_elems=1048576 param_elems=1048576 energy=0x1.32p-12 finite=1
ATTR_NAMED_GRAD block=1536 name=ln_g_2 grad=6fe09e4a grad_elems=1024 param_elems=1024 energy=0x1.94p-23 finite=1
ATTR_NAMED_GRAD block=1536 name=ln_b_2 grad=e6406055 grad_elems=1024 param_elems=1024 energy=0x1.48p-21 finite=1
ATTR_NAMED_GRAD block=1536 name=ff2_0 grad=a23cd177 grad_elems=3145728 param_elems=3145728 energy=0x1.84p-7 finite=1
ATTR_NAMED_GRAD block=1536 name=ff1_0 grad=77c33999 grad_elems=6291456 param_elems=6291456 energy=0x1.04p-7 finite=1
ATTR_NAMED_GRAD block=1536 name=ln_g_1 grad=bdd14658 grad_elems=1024 param_elems=1024 energy=0x1.3ep-19 finite=1
ATTR_NAMED_GRAD block=1536 name=ln_b_1 grad=7ace2804 grad_elems=1024 param_elems=1024 energy=0x1.dcp-20 finite=1
ATTR_NAMED_GRAD block=1536 name=ff_bias1_0 grad=de691887 grad_elems=6144 param_elems=6144 energy=0x1.18p-17 finite=1
ATTR_NAMED_GRAD block=1536 name=ff_bias2_0 grad=4d679f35 grad_elems=1024 param_elems=1024 energy=0x1.02p-11 finite=1
ATTR_NAMED_GRAD block=1536 name=w_o_0 grad=d42d70bb grad_elems=1048576 param_elems=1048576 energy=0x1.4ep-10 finite=1
ATTR_NAMED_GRAD block=1536 name=w_r_0 grad=608379b1 grad_elems=327680 param_elems=327680 energy=0x1.1cp-27 finite=1
ATTR_NAMED_GRAD block=1536 name=b_r_0 grad=b7de5e8c grad_elems=2560 param_elems=2560 energy=0x1.dep-11 finite=1
ATTR_NAMED_GRAD block=1536 name=w_kv_0 grad=b6d01c68 grad_elems=2097152 param_elems=2097152 energy=0x1.5cp-10 finite=1
ATTR_NAMED_GRAD block=1536 name=w_q_0 grad=7a3be110 grad_elems=1048576 param_elems=1048576 energy=0x1.0ep-14 finite=1
ATTR_NAMED_GRAD block=1536 name=ln_g_0 grad=6b070633 grad_elems=1024 param_elems=1024 energy=0x1.8p-25 finite=1
ATTR_NAMED_GRAD block=1536 name=ln_b_0 grad=781ebc04 grad_elems=1024 param_elems=1024 energy=0x1.cap-23 finite=1
ATTR_NAMED_GRAD block=1536 name=embed grad=f79eabd9 grad_elems=16785408 param_elems=16785408 energy=0x1.e2f828p-3 finite=1
ATTR_NAMED_GRAD block=1536 name=ln_g_40 grad=c9c99631 grad_elems=1024 param_elems=1024 energy=0x1.cap-11 finite=1
ATTR_NAMED_GRAD block=1536 name=ln_b_40 grad=a0f8b458 grad_elems=1024 param_elems=1024 energy=0x1.c2p-12 finite=1
ATTR_NAMED_GRAD block=1536 name=out_bias grad=60864b1e grad_elems=16392 param_elems=16392 energy=0x1.1ap-10 finite=1
ATTR_HEAD arm=1 block=1536 weight=f9b9543f bias=bb58cd81
ATTR_STATE arm=1 block=1536 step=50 params=f1cc01d7 memory=8d74050c
ATTR_NAMED_GRAD block=1600 name=embed_out grad=4660092e grad_elems=16785408 param_elems=16785408 energy=0x1.36p+1 finite=1
ATTR_NAMED_GRAD block=1600 name=ff2_19 grad=d7ce7ed1 grad_elems=3145728 param_elems=3145728 energy=0x1.94p-8 finite=1
ATTR_NAMED_GRAD block=1600 name=ff1_19 grad=d9cc6d99 grad_elems=6291456 param_elems=6291456 energy=0x1.38p-8 finite=1
ATTR_NAMED_GRAD block=1600 name=ln_g_39 grad=622cfa9f grad_elems=1024 param_elems=1024 energy=0x1.a4p-20 finite=1
ATTR_NAMED_GRAD block=1600 name=ln_b_39 grad=681681d7 grad_elems=1024 param_elems=1024 energy=0x1.42p-19 finite=1
ATTR_NAMED_GRAD block=1600 name=ff_bias1_19 grad=e6773d80 grad_elems=6144 param_elems=6144 energy=0x1.a8p-18 finite=1
ATTR_NAMED_GRAD block=1600 name=ff_bias2_19 grad=25760bea grad_elems=1024 param_elems=1024 energy=0x1.7ep-12 finite=1
ATTR_NAMED_GRAD block=1600 name=w_o_19 grad=71bcf524 grad_elems=1048576 param_elems=1048576 energy=0x1.4p-5 finite=1
ATTR_NAMED_GRAD block=1600 name=w_r_19 grad=5868a5b4 grad_elems=327680 param_elems=327680 energy=0x1.fap-28 finite=1
ATTR_NAMED_GRAD block=1600 name=w_kv_19 grad=25062fbc grad_elems=2097152 param_elems=2097152 energy=0x1.3p-5 finite=1
ATTR_NAMED_GRAD block=1600 name=w_q_19 grad=fe30e32b grad_elems=1048576 param_elems=1048576 energy=0x1.12p-13 finite=1
ATTR_NAMED_GRAD block=1600 name=ln_g_38 grad=06bd4b93 grad_elems=1024 param_elems=1024 energy=0x1.98p-24 finite=1
ATTR_NAMED_GRAD block=1600 name=ln_b_38 grad=8a5e2c3d grad_elems=1024 param_elems=1024 energy=0x1.36p-22 finite=1
ATTR_NAMED_GRAD block=1600 name=ff2_18 grad=7f6c3a01 grad_elems=3145728 param_elems=3145728 energy=0x1.02p-7 finite=1
ATTR_NAMED_GRAD block=1600 name=ff1_18 grad=2d381c61 grad_elems=6291456 param_elems=6291456 energy=0x1.5p-8 finite=1
ATTR_NAMED_GRAD block=1600 name=ln_g_37 grad=3e79023d grad_elems=1024 param_elems=1024 energy=0x1.8cp-20 finite=1
ATTR_NAMED_GRAD block=1600 name=ln_b_37 grad=ff42f50c grad_elems=1024 param_elems=1024 energy=0x1.4ap-19 finite=1
ATTR_NAMED_GRAD block=1600 name=ff_bias1_18 grad=63b8edb6 grad_elems=6144 param_elems=6144 energy=0x1.eap-18 finite=1
ATTR_NAMED_GRAD block=1600 name=ff_bias2_18 grad=3f4f9122 grad_elems=1024 param_elems=1024 energy=0x1.7cp-12 finite=1
ATTR_NAMED_GRAD block=1600 name=w_o_18 grad=315ecda6 grad_elems=1048576 param_elems=1048576 energy=0x1.2ep-6 finite=1
ATTR_NAMED_GRAD block=1600 name=w_r_18 grad=012b451d grad_elems=327680 param_elems=327680 energy=0x1.cp-28 finite=1
ATTR_NAMED_GRAD block=1600 name=w_kv_18 grad=23e6c3ed grad_elems=2097152 param_elems=2097152 energy=0x1.38p-6 finite=1
ATTR_NAMED_GRAD block=1600 name=w_q_18 grad=e21d9c81 grad_elems=1048576 param_elems=1048576 energy=0x1.e8p-14 finite=1
ATTR_NAMED_GRAD block=1600 name=ln_g_36 grad=4fbd55b1 grad_elems=1024 param_elems=1024 energy=0x1.5p-24 finite=1
ATTR_NAMED_GRAD block=1600 name=ln_b_36 grad=d76623b7 grad_elems=1024 param_elems=1024 energy=0x1.78p-22 finite=1
ATTR_NAMED_GRAD block=1600 name=ff2_17 grad=9863aeff grad_elems=3145728 param_elems=3145728 energy=0x1.6p-7 finite=1
ATTR_NAMED_GRAD block=1600 name=ff1_17 grad=5ceed48e grad_elems=6291456 param_elems=6291456 energy=0x1.64p-8 finite=1
ATTR_NAMED_GRAD block=1600 name=ln_g_35 grad=69c596b6 grad_elems=1024 param_elems=1024 energy=0x1.7ap-20 finite=1
ATTR_NAMED_GRAD block=1600 name=ln_b_35 grad=4e1da62b grad_elems=1024 param_elems=1024 energy=0x1.84p-19 finite=1
ATTR_NAMED_GRAD block=1600 name=ff_bias1_17 grad=2ae36ab7 grad_elems=6144 param_elems=6144 energy=0x1.14p-17 finite=1
ATTR_NAMED_GRAD block=1600 name=ff_bias2_17 grad=ed765175 grad_elems=1024 param_elems=1024 energy=0x1.76p-12 finite=1
ATTR_NAMED_GRAD block=1600 name=w_o_17 grad=307bbc06 grad_elems=1048576 param_elems=1048576 energy=0x1.4cp-7 finite=1
ATTR_NAMED_GRAD block=1600 name=w_r_17 grad=e3c8369a grad_elems=327680 param_elems=327680 energy=0x1.2ep-27 finite=1
ATTR_NAMED_GRAD block=1600 name=w_kv_17 grad=35fab65d grad_elems=2097152 param_elems=2097152 energy=0x1.9p-7 finite=1
ATTR_NAMED_GRAD block=1600 name=w_q_17 grad=c0ff6ecc grad_elems=1048576 param_elems=1048576 energy=0x1.b8p-14 finite=1
ATTR_NAMED_GRAD block=1600 name=ln_g_34 grad=486a3a1a grad_elems=1024 param_elems=1024 energy=0x1.a8p-24 finite=1
ATTR_NAMED_GRAD block=1600 name=ln_b_34 grad=3b8e7b17 grad_elems=1024 param_elems=1024 energy=0x1.2p-21 finite=1
ATTR_NAMED_GRAD block=1600 name=ff2_16 grad=ce65d7fe grad_elems=3145728 param_elems=3145728 energy=0x1.26p-7 finite=1
ATTR_NAMED_GRAD block=1600 name=ff1_16 grad=934eabdd grad_elems=6291456 param_elems=6291456 energy=0x1.4ep-8 finite=1
ATTR_NAMED_GRAD block=1600 name=ln_g_33 grad=53e44310 grad_elems=1024 param_elems=1024 energy=0x1.66p-20 finite=1
ATTR_NAMED_GRAD block=1600 name=ln_b_33 grad=c2916bed grad_elems=1024 param_elems=1024 energy=0x1.38p-19 finite=1
ATTR_NAMED_GRAD block=1600 name=ff_bias1_16 grad=dfe5085d grad_elems=6144 param_elems=6144 energy=0x1.ecp-18 finite=1
ATTR_NAMED_GRAD block=1600 name=ff_bias2_16 grad=f0d454ab grad_elems=1024 param_elems=1024 energy=0x1.72p-12 finite=1
ATTR_NAMED_GRAD block=1600 name=w_o_16 grad=d81f87dd grad_elems=1048576 param_elems=1048576 energy=0x1.f4p-8 finite=1
ATTR_NAMED_GRAD block=1600 name=w_r_16 grad=a9f8bda4 grad_elems=327680 param_elems=327680 energy=0x1.d8p-28 finite=1
ATTR_NAMED_GRAD block=1600 name=w_kv_16 grad=62f5f8f1 grad_elems=2097152 param_elems=2097152 energy=0x1.32p-7 finite=1
ATTR_NAMED_GRAD block=1600 name=w_q_16 grad=6b821fe7 grad_elems=1048576 param_elems=1048576 energy=0x1.d8p-15 finite=1
ATTR_NAMED_GRAD block=1600 name=ln_g_32 grad=06617b7e grad_elems=1024 param_elems=1024 energy=0x1.2ap-25 finite=1
ATTR_NAMED_GRAD block=1600 name=ln_b_32 grad=31736a1f grad_elems=1024 param_elems=1024 energy=0x1.fep-24 finite=1
ATTR_NAMED_GRAD block=1600 name=ff2_15 grad=9102aa8a grad_elems=3145728 param_elems=3145728 energy=0x1.2ep-7 finite=1
ATTR_NAMED_GRAD block=1600 name=ff1_15 grad=31ae6680 grad_elems=6291456 param_elems=6291456 energy=0x1.58p-8 finite=1
ATTR_NAMED_GRAD block=1600 name=ln_g_31 grad=911694a7 grad_elems=1024 param_elems=1024 energy=0x1.5ap-20 finite=1
ATTR_NAMED_GRAD block=1600 name=ln_b_31 grad=3fc4f78f grad_elems=1024 param_elems=1024 energy=0x1.7cp-19 finite=1
ATTR_NAMED_GRAD block=1600 name=ff_bias1_15 grad=d420be7e grad_elems=6144 param_elems=6144 energy=0x1.0ep-17 finite=1
ATTR_NAMED_GRAD block=1600 name=ff_bias2_15 grad=247c3f1a grad_elems=1024 param_elems=1024 energy=0x1.74p-12 finite=1
ATTR_NAMED_GRAD block=1600 name=w_o_15 grad=a4288c6c grad_elems=1048576 param_elems=1048576 energy=0x1.a2p-8 finite=1
ATTR_NAMED_GRAD block=1600 name=w_r_15 grad=b367ca28 grad_elems=327680 param_elems=327680 energy=0x1.bcp-28 finite=1
ATTR_NAMED_GRAD block=1600 name=w_kv_15 grad=9ea41061 grad_elems=2097152 param_elems=2097152 energy=0x1.e4p-8 finite=1
ATTR_NAMED_GRAD block=1600 name=w_q_15 grad=20126118 grad_elems=1048576 param_elems=1048576 energy=0x1.bp-15 finite=1
ATTR_NAMED_GRAD block=1600 name=ln_g_30 grad=5268123f grad_elems=1024 param_elems=1024 energy=0x1p-25 finite=1
ATTR_NAMED_GRAD block=1600 name=ln_b_30 grad=3ce4c9ec grad_elems=1024 param_elems=1024 energy=0x1.8cp-24 finite=1
ATTR_NAMED_GRAD block=1600 name=ff2_14 grad=74c5f57d grad_elems=3145728 param_elems=3145728 energy=0x1.26p-7 finite=1
ATTR_NAMED_GRAD block=1600 name=ff1_14 grad=7536675a grad_elems=6291456 param_elems=6291456 energy=0x1.5p-8 finite=1
ATTR_NAMED_GRAD block=1600 name=ln_g_29 grad=eadf9809 grad_elems=1024 param_elems=1024 energy=0x1.6cp-20 finite=1
ATTR_NAMED_GRAD block=1600 name=ln_b_29 grad=e809f01a grad_elems=1024 param_elems=1024 energy=0x1.68p-19 finite=1
ATTR_NAMED_GRAD block=1600 name=ff_bias1_14 grad=54f04369 grad_elems=6144 param_elems=6144 energy=0x1.0ep-17 finite=1
ATTR_NAMED_GRAD block=1600 name=ff_bias2_14 grad=03579d4c grad_elems=1024 param_elems=1024 energy=0x1.8ap-12 finite=1
ATTR_NAMED_GRAD block=1600 name=w_o_14 grad=f84504d0 grad_elems=1048576 param_elems=1048576 energy=0x1.5cp-8 finite=1
ATTR_NAMED_GRAD block=1600 name=w_r_14 grad=ccccb4db grad_elems=327680 param_elems=327680 energy=0x1.62p-28 finite=1
ATTR_NAMED_GRAD block=1600 name=w_kv_14 grad=566d0992 grad_elems=2097152 param_elems=2097152 energy=0x1.aap-8 finite=1
ATTR_NAMED_GRAD block=1600 name=w_q_14 grad=4a08f21e grad_elems=1048576 param_elems=1048576 energy=0x1.9ap-15 finite=1
ATTR_NAMED_GRAD block=1600 name=ln_g_28 grad=46a2769f grad_elems=1024 param_elems=1024 energy=0x1.9cp-26 finite=1
ATTR_NAMED_GRAD block=1600 name=ln_b_28 grad=d83170d1 grad_elems=1024 param_elems=1024 energy=0x1.9ep-24 finite=1
ATTR_NAMED_GRAD block=1600 name=ff2_13 grad=9004b991 grad_elems=3145728 param_elems=3145728 energy=0x1.0ap-7 finite=1
ATTR_NAMED_GRAD block=1600 name=ff1_13 grad=e908395e grad_elems=6291456 param_elems=6291456 energy=0x1.46p-8 finite=1
ATTR_NAMED_GRAD block=1600 name=ln_g_27 grad=0d246590 grad_elems=1024 param_elems=1024 energy=0x1.82p-20 finite=1
ATTR_NAMED_GRAD block=1600 name=ln_b_27 grad=b8ec37f0 grad_elems=1024 param_elems=1024 energy=0x1.52p-19 finite=1
ATTR_NAMED_GRAD block=1600 name=ff_bias1_13 grad=6f82e8ca grad_elems=6144 param_elems=6144 energy=0x1.0ap-17 finite=1
ATTR_NAMED_GRAD block=1600 name=ff_bias2_13 grad=ae4eb391 grad_elems=1024 param_elems=1024 energy=0x1.a8p-12 finite=1
ATTR_NAMED_GRAD block=1600 name=w_o_13 grad=4b30494b grad_elems=1048576 param_elems=1048576 energy=0x1.32p-8 finite=1
ATTR_NAMED_GRAD block=1600 name=w_r_13 grad=460ad118 grad_elems=327680 param_elems=327680 energy=0x1.4p-28 finite=1
ATTR_NAMED_GRAD block=1600 name=w_kv_13 grad=21fa8b0a grad_elems=2097152 param_elems=2097152 energy=0x1.74p-8 finite=1
ATTR_NAMED_GRAD block=1600 name=w_q_13 grad=28f42c63 grad_elems=1048576 param_elems=1048576 energy=0x1.92p-15 finite=1
ATTR_NAMED_GRAD block=1600 name=ln_g_26 grad=e2c11e66 grad_elems=1024 param_elems=1024 energy=0x1.84p-26 finite=1
ATTR_NAMED_GRAD block=1600 name=ln_b_26 grad=d85cbfae grad_elems=1024 param_elems=1024 energy=0x1.08p-23 finite=1
ATTR_NAMED_GRAD block=1600 name=ff2_12 grad=34cf6039 grad_elems=3145728 param_elems=3145728 energy=0x1.0ep-7 finite=1
ATTR_NAMED_GRAD block=1600 name=ff1_12 grad=c73f8459 grad_elems=6291456 param_elems=6291456 energy=0x1.52p-8 finite=1
ATTR_NAMED_GRAD block=1600 name=ln_g_25 grad=dd5429f0 grad_elems=1024 param_elems=1024 energy=0x1.9ap-20 finite=1
ATTR_NAMED_GRAD block=1600 name=ln_b_25 grad=2e4af63f grad_elems=1024 param_elems=1024 energy=0x1.a8p-19 finite=1
ATTR_NAMED_GRAD block=1600 name=ff_bias1_12 grad=622613f6 grad_elems=6144 param_elems=6144 energy=0x1.2cp-17 finite=1
ATTR_NAMED_GRAD block=1600 name=ff_bias2_12 grad=716db4ce grad_elems=1024 param_elems=1024 energy=0x1.dp-12 finite=1
ATTR_NAMED_GRAD block=1600 name=w_o_12 grad=7221a853 grad_elems=1048576 param_elems=1048576 energy=0x1.14p-8 finite=1
ATTR_NAMED_GRAD block=1600 name=w_r_12 grad=f9231ce4 grad_elems=327680 param_elems=327680 energy=0x1.2cp-28 finite=1
ATTR_NAMED_GRAD block=1600 name=w_kv_12 grad=bcdfd2c5 grad_elems=2097152 param_elems=2097152 energy=0x1.52p-8 finite=1
ATTR_NAMED_GRAD block=1600 name=w_q_12 grad=efe83733 grad_elems=1048576 param_elems=1048576 energy=0x1.2ep-15 finite=1
ATTR_NAMED_GRAD block=1600 name=ln_g_24 grad=2189a005 grad_elems=1024 param_elems=1024 energy=0x1.42p-26 finite=1
ATTR_NAMED_GRAD block=1600 name=ln_b_24 grad=0c7a69af grad_elems=1024 param_elems=1024 energy=0x1.b8p-24 finite=1
ATTR_NAMED_GRAD block=1600 name=ff2_11 grad=99121aa2 grad_elems=3145728 param_elems=3145728 energy=0x1.06p-7 finite=1
ATTR_NAMED_GRAD block=1600 name=ff1_11 grad=5d80e2a6 grad_elems=6291456 param_elems=6291456 energy=0x1.56p-8 finite=1
ATTR_NAMED_GRAD block=1600 name=ln_g_23 grad=59e682b6 grad_elems=1024 param_elems=1024 energy=0x1.acp-20 finite=1
ATTR_NAMED_GRAD block=1600 name=ln_b_23 grad=5e2d40e0 grad_elems=1024 param_elems=1024 energy=0x1.e2p-19 finite=1
ATTR_NAMED_GRAD block=1600 name=ff_bias1_11 grad=93144485 grad_elems=6144 param_elems=6144 energy=0x1.46p-17 finite=1
ATTR_NAMED_GRAD block=1600 name=ff_bias2_11 grad=7cabddc9 grad_elems=1024 param_elems=1024 energy=0x1.06p-11 finite=1
ATTR_NAMED_GRAD block=1600 name=w_o_11 grad=420db370 grad_elems=1048576 param_elems=1048576 energy=0x1.02p-8 finite=1
ATTR_NAMED_GRAD block=1600 name=w_r_11 grad=8cbe98a6 grad_elems=327680 param_elems=327680 energy=0x1.32p-28 finite=1
ATTR_NAMED_GRAD block=1600 name=w_kv_11 grad=d8aa1d39 grad_elems=2097152 param_elems=2097152 energy=0x1.3cp-8 finite=1
ATTR_NAMED_GRAD block=1600 name=w_q_11 grad=8d049364 grad_elems=1048576 param_elems=1048576 energy=0x1.8ap-15 finite=1
ATTR_NAMED_GRAD block=1600 name=ln_g_22 grad=6207a38b grad_elems=1024 param_elems=1024 energy=0x1.8ap-26 finite=1
ATTR_NAMED_GRAD block=1600 name=ln_b_22 grad=e1c5d7fb grad_elems=1024 param_elems=1024 energy=0x1.46p-23 finite=1
ATTR_NAMED_GRAD block=1600 name=ff2_10 grad=d9e908ca grad_elems=3145728 param_elems=3145728 energy=0x1p-7 finite=1
ATTR_NAMED_GRAD block=1600 name=ff1_10 grad=719cb347 grad_elems=6291456 param_elems=6291456 energy=0x1.58p-8 finite=1
ATTR_NAMED_GRAD block=1600 name=ln_g_21 grad=cde18520 grad_elems=1024 param_elems=1024 energy=0x1.cp-20 finite=1
ATTR_NAMED_GRAD block=1600 name=ln_b_21 grad=14306427 grad_elems=1024 param_elems=1024 energy=0x1.0ap-18 finite=1
ATTR_NAMED_GRAD block=1600 name=ff_bias1_10 grad=a29f5553 grad_elems=6144 param_elems=6144 energy=0x1.5ap-17 finite=1
ATTR_NAMED_GRAD block=1600 name=ff_bias2_10 grad=a93ef363 grad_elems=1024 param_elems=1024 energy=0x1.2ep-11 finite=1
ATTR_NAMED_GRAD block=1600 name=w_o_10 grad=bbab8b0f grad_elems=1048576 param_elems=1048576 energy=0x1.bcp-9 finite=1
ATTR_NAMED_GRAD block=1600 name=w_r_10 grad=3f913b84 grad_elems=327680 param_elems=327680 energy=0x1.26p-28 finite=1
ATTR_NAMED_GRAD block=1600 name=w_kv_10 grad=b0adcd80 grad_elems=2097152 param_elems=2097152 energy=0x1.26p-8 finite=1
ATTR_NAMED_GRAD block=1600 name=w_q_10 grad=7c688d1c grad_elems=1048576 param_elems=1048576 energy=0x1.8p-15 finite=1
ATTR_NAMED_GRAD block=1600 name=ln_g_20 grad=a208d2a8 grad_elems=1024 param_elems=1024 energy=0x1.5cp-26 finite=1
ATTR_NAMED_GRAD block=1600 name=ln_b_20 grad=f09a9329 grad_elems=1024 param_elems=1024 energy=0x1.eep-23 finite=1
ATTR_NAMED_GRAD block=1600 name=ff2_9 grad=9b51c040 grad_elems=3145728 param_elems=3145728 energy=0x1.0ap-7 finite=1
ATTR_NAMED_GRAD block=1600 name=ff1_9 grad=5c75546c grad_elems=6291456 param_elems=6291456 energy=0x1.66p-8 finite=1
ATTR_NAMED_GRAD block=1600 name=ln_g_19 grad=b40140f3 grad_elems=1024 param_elems=1024 energy=0x1.08p-19 finite=1
ATTR_NAMED_GRAD block=1600 name=ln_b_19 grad=60d16030 grad_elems=1024 param_elems=1024 energy=0x1.28p-18 finite=1
ATTR_NAMED_GRAD block=1600 name=ff_bias1_9 grad=5904e0d0 grad_elems=6144 param_elems=6144 energy=0x1.78p-17 finite=1
ATTR_NAMED_GRAD block=1600 name=ff_bias2_9 grad=d615f68c grad_elems=1024 param_elems=1024 energy=0x1.5cp-11 finite=1
ATTR_NAMED_GRAD block=1600 name=w_o_9 grad=09575b65 grad_elems=1048576 param_elems=1048576 energy=0x1.aep-9 finite=1
ATTR_NAMED_GRAD block=1600 name=w_r_9 grad=b02ec360 grad_elems=327680 param_elems=327680 energy=0x1.32p-28 finite=1
ATTR_NAMED_GRAD block=1600 name=w_kv_9 grad=b84a72d7 grad_elems=2097152 param_elems=2097152 energy=0x1.1p-8 finite=1
ATTR_NAMED_GRAD block=1600 name=w_q_9 grad=8638e10f grad_elems=1048576 param_elems=1048576 energy=0x1.2cp-15 finite=1
ATTR_NAMED_GRAD block=1600 name=ln_g_18 grad=2f4e099f grad_elems=1024 param_elems=1024 energy=0x1.38p-26 finite=1
ATTR_NAMED_GRAD block=1600 name=ln_b_18 grad=48e8dc0c grad_elems=1024 param_elems=1024 energy=0x1.b6p-23 finite=1
ATTR_NAMED_GRAD block=1600 name=ff2_8 grad=35245b9a grad_elems=3145728 param_elems=3145728 energy=0x1.08p-7 finite=1
ATTR_NAMED_GRAD block=1600 name=ff1_8 grad=9f37b6d4 grad_elems=6291456 param_elems=6291456 energy=0x1.62p-8 finite=1
ATTR_NAMED_GRAD block=1600 name=ln_g_17 grad=34041fa3 grad_elems=1024 param_elems=1024 energy=0x1.b8p-20 finite=1
ATTR_NAMED_GRAD block=1600 name=ln_b_17 grad=45b006a2 grad_elems=1024 param_elems=1024 energy=0x1.02p-18 finite=1
ATTR_NAMED_GRAD block=1600 name=ff_bias1_8 grad=321f2055 grad_elems=6144 param_elems=6144 energy=0x1.64p-17 finite=1
ATTR_NAMED_GRAD block=1600 name=ff_bias2_8 grad=6831d27a grad_elems=1024 param_elems=1024 energy=0x1.98p-11 finite=1
ATTR_NAMED_GRAD block=1600 name=w_o_8 grad=1ec75981 grad_elems=1048576 param_elems=1048576 energy=0x1.7p-9 finite=1
ATTR_NAMED_GRAD block=1600 name=w_r_8 grad=46a8a306 grad_elems=327680 param_elems=327680 energy=0x1.2ap-28 finite=1
ATTR_NAMED_GRAD block=1600 name=w_kv_8 grad=287784e9 grad_elems=2097152 param_elems=2097152 energy=0x1.e6p-9 finite=1
ATTR_NAMED_GRAD block=1600 name=w_q_8 grad=6a4ede00 grad_elems=1048576 param_elems=1048576 energy=0x1.24p-15 finite=1
ATTR_NAMED_GRAD block=1600 name=ln_g_16 grad=8d9f3ca0 grad_elems=1024 param_elems=1024 energy=0x1.2ep-26 finite=1
ATTR_NAMED_GRAD block=1600 name=ln_b_16 grad=088ccc9c grad_elems=1024 param_elems=1024 energy=0x1.0cp-22 finite=1
ATTR_NAMED_GRAD block=1600 name=ff2_7 grad=9bcdaf8a grad_elems=3145728 param_elems=3145728 energy=0x1.0cp-7 finite=1
ATTR_NAMED_GRAD block=1600 name=ff1_7 grad=6170c597 grad_elems=6291456 param_elems=6291456 energy=0x1.7p-8 finite=1
ATTR_NAMED_GRAD block=1600 name=ln_g_15 grad=c525d54e grad_elems=1024 param_elems=1024 energy=0x1.2p-19 finite=1
ATTR_NAMED_GRAD block=1600 name=ln_b_15 grad=e2aac4ae grad_elems=1024 param_elems=1024 energy=0x1p-18 finite=1
ATTR_NAMED_GRAD block=1600 name=ff_bias1_7 grad=6beb3c28 grad_elems=6144 param_elems=6144 energy=0x1.78p-17 finite=1
ATTR_NAMED_GRAD block=1600 name=ff_bias2_7 grad=da135aa3 grad_elems=1024 param_elems=1024 energy=0x1.d6p-11 finite=1
ATTR_NAMED_GRAD block=1600 name=w_o_7 grad=51797373 grad_elems=1048576 param_elems=1048576 energy=0x1.3cp-9 finite=1
ATTR_NAMED_GRAD block=1600 name=w_r_7 grad=df70e519 grad_elems=327680 param_elems=327680 energy=0x1.3cp-28 finite=1
ATTR_NAMED_GRAD block=1600 name=w_kv_7 grad=5840f5ee grad_elems=2097152 param_elems=2097152 energy=0x1.bcp-9 finite=1
ATTR_NAMED_GRAD block=1600 name=w_q_7 grad=a87b0d47 grad_elems=1048576 param_elems=1048576 energy=0x1.4ep-15 finite=1
ATTR_NAMED_GRAD block=1600 name=ln_g_14 grad=7313cf70 grad_elems=1024 param_elems=1024 energy=0x1.36p-26 finite=1
ATTR_NAMED_GRAD block=1600 name=ln_b_14 grad=142c23ec grad_elems=1024 param_elems=1024 energy=0x1.38p-22 finite=1
ATTR_NAMED_GRAD block=1600 name=ff2_6 grad=d20b8415 grad_elems=3145728 param_elems=3145728 energy=0x1.1p-7 finite=1
ATTR_NAMED_GRAD block=1600 name=ff1_6 grad=75a5087b grad_elems=6291456 param_elems=6291456 energy=0x1.7ap-8 finite=1
ATTR_NAMED_GRAD block=1600 name=ln_g_13 grad=167eeb45 grad_elems=1024 param_elems=1024 energy=0x1.0ap-19 finite=1
ATTR_NAMED_GRAD block=1600 name=ln_b_13 grad=3281cecc grad_elems=1024 param_elems=1024 energy=0x1.f8p-19 finite=1
ATTR_NAMED_GRAD block=1600 name=ff_bias1_6 grad=ccdf1e94 grad_elems=6144 param_elems=6144 energy=0x1.86p-17 finite=1
ATTR_NAMED_GRAD block=1600 name=ff_bias2_6 grad=15c80c00 grad_elems=1024 param_elems=1024 energy=0x1.0cp-10 finite=1
ATTR_NAMED_GRAD block=1600 name=w_o_6 grad=fd1468f3 grad_elems=1048576 param_elems=1048576 energy=0x1.16p-9 finite=1
ATTR_NAMED_GRAD block=1600 name=w_r_6 grad=c1e6eafe grad_elems=327680 param_elems=327680 energy=0x1.44p-28 finite=1
ATTR_NAMED_GRAD block=1600 name=w_kv_6 grad=b8547131 grad_elems=2097152 param_elems=2097152 energy=0x1.84p-9 finite=1
ATTR_NAMED_GRAD block=1600 name=w_q_6 grad=a34c6c8f grad_elems=1048576 param_elems=1048576 energy=0x1.b4p-16 finite=1
ATTR_NAMED_GRAD block=1600 name=ln_g_12 grad=be43055e grad_elems=1024 param_elems=1024 energy=0x1.cap-27 finite=1
ATTR_NAMED_GRAD block=1600 name=ln_b_12 grad=0a563932 grad_elems=1024 param_elems=1024 energy=0x1.ap-23 finite=1
ATTR_NAMED_GRAD block=1600 name=ff2_5 grad=f818f07d grad_elems=3145728 param_elems=3145728 energy=0x1.14p-7 finite=1
ATTR_NAMED_GRAD block=1600 name=ff1_5 grad=d41ff06f grad_elems=6291456 param_elems=6291456 energy=0x1.8p-8 finite=1
ATTR_NAMED_GRAD block=1600 name=ln_g_11 grad=d94d30bb grad_elems=1024 param_elems=1024 energy=0x1.34p-19 finite=1
ATTR_NAMED_GRAD block=1600 name=ln_b_11 grad=1e28ea58 grad_elems=1024 param_elems=1024 energy=0x1.d8p-19 finite=1
ATTR_NAMED_GRAD block=1600 name=ff_bias1_5 grad=78d71b37 grad_elems=6144 param_elems=6144 energy=0x1.7cp-17 finite=1
ATTR_NAMED_GRAD block=1600 name=ff_bias2_5 grad=5d36898b grad_elems=1024 param_elems=1024 energy=0x1.2cp-10 finite=1
ATTR_NAMED_GRAD block=1600 name=w_o_5 grad=e693f31a grad_elems=1048576 param_elems=1048576 energy=0x1.0ap-9 finite=1
ATTR_NAMED_GRAD block=1600 name=w_r_5 grad=96d60604 grad_elems=327680 param_elems=327680 energy=0x1.58p-28 finite=1
ATTR_NAMED_GRAD block=1600 name=w_kv_5 grad=c154f933 grad_elems=2097152 param_elems=2097152 energy=0x1.7ep-9 finite=1
ATTR_NAMED_GRAD block=1600 name=w_q_5 grad=68c7b36f grad_elems=1048576 param_elems=1048576 energy=0x1.0ap-15 finite=1
ATTR_NAMED_GRAD block=1600 name=ln_g_10 grad=f3d94c67 grad_elems=1024 param_elems=1024 energy=0x1.f2p-27 finite=1
ATTR_NAMED_GRAD block=1600 name=ln_b_10 grad=9ecbaa2f grad_elems=1024 param_elems=1024 energy=0x1.58p-22 finite=1
ATTR_NAMED_GRAD block=1600 name=ff2_4 grad=3fa07b6c grad_elems=3145728 param_elems=3145728 energy=0x1.1ep-7 finite=1
ATTR_NAMED_GRAD block=1600 name=ff1_4 grad=3ec653f5 grad_elems=6291456 param_elems=6291456 energy=0x1.88p-8 finite=1
ATTR_NAMED_GRAD block=1600 name=ln_g_9 grad=7d09c175 grad_elems=1024 param_elems=1024 energy=0x1.3cp-19 finite=1
ATTR_NAMED_GRAD block=1600 name=ln_b_9 grad=08c9d105 grad_elems=1024 param_elems=1024 energy=0x1.aep-19 finite=1
ATTR_NAMED_GRAD block=1600 name=ff_bias1_4 grad=e1336043 grad_elems=6144 param_elems=6144 energy=0x1.7ep-17 finite=1
ATTR_NAMED_GRAD block=1600 name=ff_bias2_4 grad=3f6e15b8 grad_elems=1024 param_elems=1024 energy=0x1.4ep-10 finite=1
ATTR_NAMED_GRAD block=1600 name=w_o_4 grad=5493a89e grad_elems=1048576 param_elems=1048576 energy=0x1.f4p-10 finite=1
ATTR_NAMED_GRAD block=1600 name=w_r_4 grad=91a47e3f grad_elems=327680 param_elems=327680 energy=0x1.94p-28 finite=1
ATTR_NAMED_GRAD block=1600 name=w_kv_4 grad=123d623a grad_elems=2097152 param_elems=2097152 energy=0x1.42p-9 finite=1
ATTR_NAMED_GRAD block=1600 name=w_q_4 grad=7ad7b866 grad_elems=1048576 param_elems=1048576 energy=0x1.9ep-15 finite=1
ATTR_NAMED_GRAD block=1600 name=ln_g_8 grad=7f3aa18c grad_elems=1024 param_elems=1024 energy=0x1.74p-26 finite=1
ATTR_NAMED_GRAD block=1600 name=ln_b_8 grad=5c8e55c4 grad_elems=1024 param_elems=1024 energy=0x1.4p-21 finite=1
ATTR_NAMED_GRAD block=1600 name=ff2_3 grad=bb28462c grad_elems=3145728 param_elems=3145728 energy=0x1.2ep-7 finite=1
ATTR_NAMED_GRAD block=1600 name=ff1_3 grad=681de38e grad_elems=6291456 param_elems=6291456 energy=0x1.9ap-8 finite=1
ATTR_NAMED_GRAD block=1600 name=ln_g_7 grad=7c175480 grad_elems=1024 param_elems=1024 energy=0x1.5cp-19 finite=1
ATTR_NAMED_GRAD block=1600 name=ln_b_7 grad=b79b9b87 grad_elems=1024 param_elems=1024 energy=0x1.d6p-19 finite=1
ATTR_NAMED_GRAD block=1600 name=ff_bias1_3 grad=be101ce9 grad_elems=6144 param_elems=6144 energy=0x1.9ap-17 finite=1
ATTR_NAMED_GRAD block=1600 name=ff_bias2_3 grad=70e23b4c grad_elems=1024 param_elems=1024 energy=0x1.74p-10 finite=1
ATTR_NAMED_GRAD block=1600 name=w_o_3 grad=b25097ef grad_elems=1048576 param_elems=1048576 energy=0x1.b4p-10 finite=1
ATTR_NAMED_GRAD block=1600 name=w_r_3 grad=91185104 grad_elems=327680 param_elems=327680 energy=0x1.c4p-28 finite=1
ATTR_NAMED_GRAD block=1600 name=w_kv_3 grad=0658d309 grad_elems=2097152 param_elems=2097152 energy=0x1.1cp-9 finite=1
ATTR_NAMED_GRAD block=1600 name=w_q_3 grad=d50d74a7 grad_elems=1048576 param_elems=1048576 energy=0x1.86p-15 finite=1
ATTR_NAMED_GRAD block=1600 name=ln_g_6 grad=3ea513d6 grad_elems=1024 param_elems=1024 energy=0x1.6ep-26 finite=1
ATTR_NAMED_GRAD block=1600 name=ln_b_6 grad=59ae2e67 grad_elems=1024 param_elems=1024 energy=0x1.48p-21 finite=1
ATTR_NAMED_GRAD block=1600 name=ff2_2 grad=adcc6722 grad_elems=3145728 param_elems=3145728 energy=0x1.3p-7 finite=1
ATTR_NAMED_GRAD block=1600 name=ff1_2 grad=5e0ceaa3 grad_elems=6291456 param_elems=6291456 energy=0x1.a6p-8 finite=1
ATTR_NAMED_GRAD block=1600 name=ln_g_5 grad=0eb1f3a9 grad_elems=1024 param_elems=1024 energy=0x1.58p-19 finite=1
ATTR_NAMED_GRAD block=1600 name=ln_b_5 grad=833ded67 grad_elems=1024 param_elems=1024 energy=0x1.a4p-19 finite=1
ATTR_NAMED_GRAD block=1600 name=ff_bias1_2 grad=9b6f5f90 grad_elems=6144 param_elems=6144 energy=0x1.8ep-17 finite=1
ATTR_NAMED_GRAD block=1600 name=ff_bias2_2 grad=1fa62fec grad_elems=1024 param_elems=1024 energy=0x1.9ap-10 finite=1
ATTR_NAMED_GRAD block=1600 name=w_o_2 grad=26d65dc5 grad_elems=1048576 param_elems=1048576 energy=0x1.84p-10 finite=1
ATTR_NAMED_GRAD block=1600 name=w_r_2 grad=448d9300 grad_elems=327680 param_elems=327680 energy=0x1.acp-28 finite=1
ATTR_NAMED_GRAD block=1600 name=w_kv_2 grad=d8dbb448 grad_elems=2097152 param_elems=2097152 energy=0x1.f8p-10 finite=1
ATTR_NAMED_GRAD block=1600 name=w_q_2 grad=bb21bec8 grad_elems=1048576 param_elems=1048576 energy=0x1.fp-15 finite=1
ATTR_NAMED_GRAD block=1600 name=ln_g_4 grad=9c9f4ef2 grad_elems=1024 param_elems=1024 energy=0x1.dcp-26 finite=1
ATTR_NAMED_GRAD block=1600 name=ln_b_4 grad=6088394c grad_elems=1024 param_elems=1024 energy=0x1.62p-20 finite=1
ATTR_NAMED_GRAD block=1600 name=ff2_1 grad=6bc75f05 grad_elems=3145728 param_elems=3145728 energy=0x1.3ap-7 finite=1
ATTR_NAMED_GRAD block=1600 name=ff1_1 grad=4584f5d2 grad_elems=6291456 param_elems=6291456 energy=0x1.b6p-8 finite=1
ATTR_NAMED_GRAD block=1600 name=ln_g_3 grad=ca8ca8e2 grad_elems=1024 param_elems=1024 energy=0x1.6p-19 finite=1
ATTR_NAMED_GRAD block=1600 name=ln_b_3 grad=5ae1fce2 grad_elems=1024 param_elems=1024 energy=0x1.aap-19 finite=1
ATTR_NAMED_GRAD block=1600 name=ff_bias1_1 grad=e394d032 grad_elems=6144 param_elems=6144 energy=0x1.98p-17 finite=1
ATTR_NAMED_GRAD block=1600 name=ff_bias2_1 grad=b384d113 grad_elems=1024 param_elems=1024 energy=0x1.c4p-10 finite=1
ATTR_NAMED_GRAD block=1600 name=w_o_1 grad=3a0015f3 grad_elems=1048576 param_elems=1048576 energy=0x1.ccp-10 finite=1
ATTR_NAMED_GRAD block=1600 name=w_r_1 grad=eb7b3f8f grad_elems=327680 param_elems=327680 energy=0x1.0ap-27 finite=1
ATTR_NAMED_GRAD block=1600 name=w_kv_1 grad=bf266204 grad_elems=2097152 param_elems=2097152 energy=0x1p-9 finite=1
ATTR_NAMED_GRAD block=1600 name=w_q_1 grad=644a8ec7 grad_elems=1048576 param_elems=1048576 energy=0x1.44p-13 finite=1
ATTR_NAMED_GRAD block=1600 name=ln_g_2 grad=75b0cdfd grad_elems=1024 param_elems=1024 energy=0x1.94p-24 finite=1
ATTR_NAMED_GRAD block=1600 name=ln_b_2 grad=0493d7a7 grad_elems=1024 param_elems=1024 energy=0x1.68p-19 finite=1
ATTR_NAMED_GRAD block=1600 name=ff2_0 grad=2b8b6754 grad_elems=3145728 param_elems=3145728 energy=0x1.4p-7 finite=1
ATTR_NAMED_GRAD block=1600 name=ff1_0 grad=6113c3d7 grad_elems=6291456 param_elems=6291456 energy=0x1.c8p-8 finite=1
ATTR_NAMED_GRAD block=1600 name=ln_g_1 grad=8c1e46a3 grad_elems=1024 param_elems=1024 energy=0x1.4ep-19 finite=1
ATTR_NAMED_GRAD block=1600 name=ln_b_1 grad=f9b7597b grad_elems=1024 param_elems=1024 energy=0x1.cep-19 finite=1
ATTR_NAMED_GRAD block=1600 name=ff_bias1_0 grad=70251f7f grad_elems=6144 param_elems=6144 energy=0x1.bp-17 finite=1
ATTR_NAMED_GRAD block=1600 name=ff_bias2_0 grad=95dc4e73 grad_elems=1024 param_elems=1024 energy=0x1.f6p-10 finite=1
ATTR_NAMED_GRAD block=1600 name=w_o_0 grad=a5d8abe2 grad_elems=1048576 param_elems=1048576 energy=0x1.86p-10 finite=1
ATTR_NAMED_GRAD block=1600 name=w_r_0 grad=aa25644e grad_elems=327680 param_elems=327680 energy=0x1.06p-27 finite=1
ATTR_NAMED_GRAD block=1600 name=b_r_0 grad=d57363f6 grad_elems=2560 param_elems=2560 energy=0x1.b2p-11 finite=1
ATTR_NAMED_GRAD block=1600 name=w_kv_0 grad=d619de6c grad_elems=2097152 param_elems=2097152 energy=0x1.c4p-10 finite=1
ATTR_NAMED_GRAD block=1600 name=w_q_0 grad=1cf11791 grad_elems=1048576 param_elems=1048576 energy=0x1.c6p-15 finite=1
ATTR_NAMED_GRAD block=1600 name=ln_g_0 grad=3f0a550d grad_elems=1024 param_elems=1024 energy=0x1.9ap-26 finite=1
ATTR_NAMED_GRAD block=1600 name=ln_b_0 grad=26d69e1a grad_elems=1024 param_elems=1024 energy=0x1.3p-20 finite=1
ATTR_NAMED_GRAD block=1600 name=embed grad=e4138794 grad_elems=16785408 param_elems=16785408 energy=0x1.90d718p-3 finite=1
ATTR_NAMED_GRAD block=1600 name=ln_g_40 grad=11ea651d grad_elems=1024 param_elems=1024 energy=0x1.0cp-11 finite=1
ATTR_NAMED_GRAD block=1600 name=ln_b_40 grad=cbce33e0 grad_elems=1024 param_elems=1024 energy=0x1.a6p-11 finite=1
ATTR_NAMED_GRAD block=1600 name=out_bias grad=9f287fd1 grad_elems=16392 param_elems=16392 energy=0x1.8cp-9 finite=1
ATTR_HEAD arm=1 block=1600 weight=cbf87c75 bias=34320442
ATTR_STATE arm=1 block=1600 step=52 params=af781343 memory=8813c6c2
ATTR_NAMED_GRAD block=1664 name=embed_out grad=b32df4cc grad_elems=16785408 param_elems=16785408 energy=0x1.78p+0 finite=1
ATTR_NAMED_GRAD block=1664 name=ff2_19 grad=53c40484 grad_elems=3145728 param_elems=3145728 energy=0x1.52p-8 finite=1
ATTR_NAMED_GRAD block=1664 name=ff1_19 grad=92235128 grad_elems=6291456 param_elems=6291456 energy=0x1.22p-8 finite=1
ATTR_NAMED_GRAD block=1664 name=ln_g_39 grad=dca4b255 grad_elems=1024 param_elems=1024 energy=0x1.4ap-20 finite=1
ATTR_NAMED_GRAD block=1664 name=ln_b_39 grad=59ec18b5 grad_elems=1024 param_elems=1024 energy=0x1.b8p-20 finite=1
ATTR_NAMED_GRAD block=1664 name=ff_bias1_19 grad=3e4f3426 grad_elems=6144 param_elems=6144 energy=0x1.78p-18 finite=1
ATTR_NAMED_GRAD block=1664 name=ff_bias2_19 grad=b0c1bf21 grad_elems=1024 param_elems=1024 energy=0x1.bcp-13 finite=1
ATTR_NAMED_GRAD block=1664 name=w_o_19 grad=63a4cc70 grad_elems=1048576 param_elems=1048576 energy=0x1.8p-6 finite=1
ATTR_NAMED_GRAD block=1664 name=w_r_19 grad=1e6dc559 grad_elems=327680 param_elems=327680 energy=0x1.74p-28 finite=1
ATTR_NAMED_GRAD block=1664 name=w_kv_19 grad=996c1006 grad_elems=2097152 param_elems=2097152 energy=0x1.5cp-6 finite=1
ATTR_NAMED_GRAD block=1664 name=w_q_19 grad=6e89dc4a grad_elems=1048576 param_elems=1048576 energy=0x1.76p-14 finite=1
ATTR_NAMED_GRAD block=1664 name=ln_g_38 grad=0758429c grad_elems=1024 param_elems=1024 energy=0x1.b6p-25 finite=1
ATTR_NAMED_GRAD block=1664 name=ln_b_38 grad=30c810f7 grad_elems=1024 param_elems=1024 energy=0x1.5p-23 finite=1
ATTR_NAMED_GRAD block=1664 name=ff2_18 grad=5177462d grad_elems=3145728 param_elems=3145728 energy=0x1.cp-8 finite=1
ATTR_NAMED_GRAD block=1664 name=ff1_18 grad=f8712020 grad_elems=6291456 param_elems=6291456 energy=0x1.4ap-8 finite=1
ATTR_NAMED_GRAD block=1664 name=ln_g_37 grad=b02abe13 grad_elems=1024 param_elems=1024 energy=0x1.b8p-20 finite=1
ATTR_NAMED_GRAD block=1664 name=ln_b_37 grad=01570812 grad_elems=1024 param_elems=1024 energy=0x1.14p-19 finite=1
ATTR_NAMED_GRAD block=1664 name=ff_bias1_18 grad=615a4bfa grad_elems=6144 param_elems=6144 energy=0x1.c8p-18 finite=1
ATTR_NAMED_GRAD block=1664 name=ff_bias2_18 grad=0e1d3376 grad_elems=1024 param_elems=1024 energy=0x1.cp-13 finite=1
ATTR_NAMED_GRAD block=1664 name=w_o_18 grad=a2c6db16 grad_elems=1048576 param_elems=1048576 energy=0x1.bp-7 finite=1
ATTR_NAMED_GRAD block=1664 name=w_r_18 grad=c093a699 grad_elems=327680 param_elems=327680 energy=0x1.c2p-28 finite=1
ATTR_NAMED_GRAD block=1664 name=w_kv_18 grad=abef9cfa grad_elems=2097152 param_elems=2097152 energy=0x1.cp-7 finite=1
ATTR_NAMED_GRAD block=1664 name=w_q_18 grad=49c44f2b grad_elems=1048576 param_elems=1048576 energy=0x1.9ap-14 finite=1
ATTR_NAMED_GRAD block=1664 name=ln_g_36 grad=dadd9d0b grad_elems=1024 param_elems=1024 energy=0x1.ccp-25 finite=1
ATTR_NAMED_GRAD block=1664 name=ln_b_36 grad=5e31ffbd grad_elems=1024 param_elems=1024 energy=0x1.fap-23 finite=1
ATTR_NAMED_GRAD block=1664 name=ff2_17 grad=b24672a1 grad_elems=3145728 param_elems=3145728 energy=0x1.4ep-7 finite=1
ATTR_NAMED_GRAD block=1664 name=ff1_17 grad=72a56730 grad_elems=6291456 param_elems=6291456 energy=0x1.8p-8 finite=1
ATTR_NAMED_GRAD block=1664 name=ln_g_35 grad=715d4974 grad_elems=1024 param_elems=1024 energy=0x1.0ap-19 finite=1
ATTR_NAMED_GRAD block=1664 name=ln_b_35 grad=8a938d45 grad_elems=1024 param_elems=1024 energy=0x1.b2p-19 finite=1
ATTR_NAMED_GRAD block=1664 name=ff_bias1_17 grad=0080239c grad_elems=6144 param_elems=6144 energy=0x1.22p-17 finite=1
ATTR_NAMED_GRAD block=1664 name=ff_bias2_17 grad=30cf599a grad_elems=1024 param_elems=1024 energy=0x1.c4p-13 finite=1
ATTR_NAMED_GRAD block=1664 name=w_o_17 grad=30a81d08 grad_elems=1048576 param_elems=1048576 energy=0x1.24p-7 finite=1
ATTR_NAMED_GRAD block=1664 name=w_r_17 grad=26c9ed0e grad_elems=327680 param_elems=327680 energy=0x1.18p-27 finite=1
ATTR_NAMED_GRAD block=1664 name=w_kv_17 grad=33448d38 grad_elems=2097152 param_elems=2097152 energy=0x1.54p-7 finite=1
ATTR_NAMED_GRAD block=1664 name=w_q_17 grad=81d91df8 grad_elems=1048576 param_elems=1048576 energy=0x1.7cp-14 finite=1
ATTR_NAMED_GRAD block=1664 name=ln_g_34 grad=786afbfa grad_elems=1024 param_elems=1024 energy=0x1.4ap-24 finite=1
ATTR_NAMED_GRAD block=1664 name=ln_b_34 grad=907b7fe3 grad_elems=1024 param_elems=1024 energy=0x1.66p-22 finite=1
ATTR_NAMED_GRAD block=1664 name=ff2_16 grad=6f15f0c4 grad_elems=3145728 param_elems=3145728 energy=0x1.0ap-7 finite=1
ATTR_NAMED_GRAD block=1664 name=ff1_16 grad=26fe4190 grad_elems=6291456 param_elems=6291456 energy=0x1.4ap-8 finite=1
ATTR_NAMED_GRAD block=1664 name=ln_g_33 grad=dc466d74 grad_elems=1024 param_elems=1024 energy=0x1.7cp-20 finite=1
ATTR_NAMED_GRAD block=1664 name=ln_b_33 grad=f9bf4bd0 grad_elems=1024 param_elems=1024 energy=0x1.3cp-19 finite=1
ATTR_NAMED_GRAD block=1664 name=ff_bias1_16 grad=4539bd46 grad_elems=6144 param_elems=6144 energy=0x1.ccp-18 finite=1
ATTR_NAMED_GRAD block=1664 name=ff_bias2_16 grad=dc90332f grad_elems=1024 param_elems=1024 energy=0x1.d8p-13 finite=1
ATTR_NAMED_GRAD block=1664 name=w_o_16 grad=60ce94e6 grad_elems=1048576 param_elems=1048576 energy=0x1.ccp-8 finite=1
ATTR_NAMED_GRAD block=1664 name=w_r_16 grad=8e2d624e grad_elems=327680 param_elems=327680 energy=0x1.aap-28 finite=1
ATTR_NAMED_GRAD block=1664 name=w_kv_16 grad=f26ae1ab grad_elems=2097152 param_elems=2097152 energy=0x1.14p-7 finite=1
ATTR_NAMED_GRAD block=1664 name=w_q_16 grad=4242c3f7 grad_elems=1048576 param_elems=1048576 energy=0x1.bcp-15 finite=1
ATTR_NAMED_GRAD block=1664 name=ln_g_32 grad=443a5343 grad_elems=1024 param_elems=1024 energy=0x1.22p-25 finite=1
ATTR_NAMED_GRAD block=1664 name=ln_b_32 grad=63dced1c grad_elems=1024 param_elems=1024 energy=0x1.2cp-23 finite=1
ATTR_NAMED_GRAD block=1664 name=ff2_15 grad=3045f51a grad_elems=3145728 param_elems=3145728 energy=0x1.16p-7 finite=1
ATTR_NAMED_GRAD block=1664 name=ff1_15 grad=8304ff14 grad_elems=6291456 param_elems=6291456 energy=0x1.52p-8 finite=1
ATTR_NAMED_GRAD block=1664 name=ln_g_31 grad=27ee2799 grad_elems=1024 param_elems=1024 energy=0x1.66p-20 finite=1
ATTR_NAMED_GRAD block=1664 name=ln_b_31 grad=5cc8983c grad_elems=1024 param_elems=1024 energy=0x1.54p-19 finite=1
ATTR_NAMED_GRAD block=1664 name=ff_bias1_15 grad=dd7c0f07 grad_elems=6144 param_elems=6144 energy=0x1.fp-18 finite=1
ATTR_NAMED_GRAD block=1664 name=ff_bias2_15 grad=ae01b51e grad_elems=1024 param_elems=1024 energy=0x1.fp-13 finite=1
ATTR_NAMED_GRAD block=1664 name=w_o_15 grad=867d1992 grad_elems=1048576 param_elems=1048576 energy=0x1.8ep-8 finite=1
ATTR_NAMED_GRAD block=1664 name=w_r_15 grad=46e00743 grad_elems=327680 param_elems=327680 energy=0x1.a2p-28 finite=1
ATTR_NAMED_GRAD block=1664 name=w_kv_15 grad=4ef84dce grad_elems=2097152 param_elems=2097152 energy=0x1.ep-8 finite=1
ATTR_NAMED_GRAD block=1664 name=w_q_15 grad=128e54dc grad_elems=1048576 param_elems=1048576 energy=0x1.4ep-15 finite=1
ATTR_NAMED_GRAD block=1664 name=ln_g_30 grad=8a15e3d4 grad_elems=1024 param_elems=1024 energy=0x1.7ap-26 finite=1
ATTR_NAMED_GRAD block=1664 name=ln_b_30 grad=e126dd46 grad_elems=1024 param_elems=1024 energy=0x1.56p-24 finite=1
ATTR_NAMED_GRAD block=1664 name=ff2_14 grad=39b7da49 grad_elems=3145728 param_elems=3145728 energy=0x1.18p-7 finite=1
ATTR_NAMED_GRAD block=1664 name=ff1_14 grad=bb40c45f grad_elems=6291456 param_elems=6291456 energy=0x1.52p-8 finite=1
ATTR_NAMED_GRAD block=1664 name=ln_g_29 grad=b2a2078a grad_elems=1024 param_elems=1024 energy=0x1.82p-20 finite=1
ATTR_NAMED_GRAD block=1664 name=ln_b_29 grad=05315ea9 grad_elems=1024 param_elems=1024 energy=0x1.5ap-19 finite=1
ATTR_NAMED_GRAD block=1664 name=ff_bias1_14 grad=60e5c3e9 grad_elems=6144 param_elems=6144 energy=0x1p-17 finite=1
ATTR_NAMED_GRAD block=1664 name=ff_bias2_14 grad=bb62f229 grad_elems=1024 param_elems=1024 energy=0x1.0cp-12 finite=1
ATTR_NAMED_GRAD block=1664 name=w_o_14 grad=ed97d41f grad_elems=1048576 param_elems=1048576 energy=0x1.54p-8 finite=1
ATTR_NAMED_GRAD block=1664 name=w_r_14 grad=5438928d grad_elems=327680 param_elems=327680 energy=0x1.5cp-28 finite=1
ATTR_NAMED_GRAD block=1664 name=w_kv_14 grad=652d5897 grad_elems=2097152 param_elems=2097152 energy=0x1.c6p-8 finite=1
ATTR_NAMED_GRAD block=1664 name=w_q_14 grad=1e518c9c grad_elems=1048576 param_elems=1048576 energy=0x1.1ap-15 finite=1
ATTR_NAMED_GRAD block=1664 name=ln_g_28 grad=ca31ab47 grad_elems=1024 param_elems=1024 energy=0x1.0cp-26 finite=1
ATTR_NAMED_GRAD block=1664 name=ln_b_28 grad=b03a6469 grad_elems=1024 param_elems=1024 energy=0x1.04p-24 finite=1
ATTR_NAMED_GRAD block=1664 name=ff2_13 grad=cd009b36 grad_elems=3145728 param_elems=3145728 energy=0x1.fcp-8 finite=1
ATTR_NAMED_GRAD block=1664 name=ff1_13 grad=a975db0a grad_elems=6291456 param_elems=6291456 energy=0x1.3ep-8 finite=1
ATTR_NAMED_GRAD block=1664 name=ln_g_27 grad=5e03bb02 grad_elems=1024 param_elems=1024 energy=0x1.6cp-20 finite=1
ATTR_NAMED_GRAD block=1664 name=ln_b_27 grad=4daf24e1 grad_elems=1024 param_elems=1024 energy=0x1.08p-19 finite=1
ATTR_NAMED_GRAD block=1664 name=ff_bias1_13 grad=db88f9b6 grad_elems=6144 param_elems=6144 energy=0x1.c6p-18 finite=1
ATTR_NAMED_GRAD block=1664 name=ff_bias2_13 grad=0f42c876 grad_elems=1024 param_elems=1024 energy=0x1.26p-12 finite=1
ATTR_NAMED_GRAD block=1664 name=w_o_13 grad=42ed781f grad_elems=1048576 param_elems=1048576 energy=0x1.2p-8 finite=1
ATTR_NAMED_GRAD block=1664 name=w_r_13 grad=4b2d3d16 grad_elems=327680 param_elems=327680 energy=0x1.2ep-28 finite=1
ATTR_NAMED_GRAD block=1664 name=w_kv_13 grad=84767483 grad_elems=2097152 param_elems=2097152 energy=0x1.8ep-8 finite=1
ATTR_NAMED_GRAD block=1664 name=w_q_13 grad=49601868 grad_elems=1048576 param_elems=1048576 energy=0x1.16p-15 finite=1
ATTR_NAMED_GRAD block=1664 name=ln_g_26 grad=bb3e1e56 grad_elems=1024 param_elems=1024 energy=0x1.18p-26 finite=1
ATTR_NAMED_GRAD block=1664 name=ln_b_26 grad=7de55f28 grad_elems=1024 param_elems=1024 energy=0x1.6p-24 finite=1
ATTR_NAMED_GRAD block=1664 name=ff2_12 grad=41813d53 grad_elems=3145728 param_elems=3145728 energy=0x1.02p-7 finite=1
ATTR_NAMED_GRAD block=1664 name=ff1_12 grad=88f979ec grad_elems=6291456 param_elems=6291456 energy=0x1.4p-8 finite=1
ATTR_NAMED_GRAD block=1664 name=ln_g_25 grad=4a5f48e0 grad_elems=1024 param_elems=1024 energy=0x1.6p-20 finite=1
ATTR_NAMED_GRAD block=1664 name=ln_b_25 grad=f2ba9397 grad_elems=1024 param_elems=1024 energy=0x1.0ep-19 finite=1
ATTR_NAMED_GRAD block=1664 name=ff_bias1_12 grad=99a568fb grad_elems=6144 param_elems=6144 energy=0x1.c2p-18 finite=1
ATTR_NAMED_GRAD block=1664 name=ff_bias2_12 grad=83c6212e grad_elems=1024 param_elems=1024 energy=0x1.44p-12 finite=1
ATTR_NAMED_GRAD block=1664 name=w_o_12 grad=6241e0cf grad_elems=1048576 param_elems=1048576 energy=0x1.06p-8 finite=1
ATTR_NAMED_GRAD block=1664 name=w_r_12 grad=cb383a07 grad_elems=327680 param_elems=327680 energy=0x1.3p-28 finite=1
ATTR_NAMED_GRAD block=1664 name=w_kv_12 grad=d3bdf16f grad_elems=2097152 param_elems=2097152 energy=0x1.5ep-8 finite=1
ATTR_NAMED_GRAD block=1664 name=w_q_12 grad=57341412 grad_elems=1048576 param_elems=1048576 energy=0x1.1p-15 finite=1
ATTR_NAMED_GRAD block=1664 name=ln_g_24 grad=b5e21125 grad_elems=1024 param_elems=1024 energy=0x1.0cp-26 finite=1
ATTR_NAMED_GRAD block=1664 name=ln_b_24 grad=6dade133 grad_elems=1024 param_elems=1024 energy=0x1.a4p-24 finite=1
ATTR_NAMED_GRAD block=1664 name=ff2_11 grad=6f205a74 grad_elems=3145728 param_elems=3145728 energy=0x1.f8p-8 finite=1
ATTR_NAMED_GRAD block=1664 name=ff1_11 grad=9096317b grad_elems=6291456 param_elems=6291456 energy=0x1.4p-8 finite=1
ATTR_NAMED_GRAD block=1664 name=ln_g_23 grad=eea6a294 grad_elems=1024 param_elems=1024 energy=0x1.84p-20 finite=1
ATTR_NAMED_GRAD block=1664 name=ln_b_23 grad=6dc32c45 grad_elems=1024 param_elems=1024 energy=0x1.fep-20 finite=1
ATTR_NAMED_GRAD block=1664 name=ff_bias1_11 grad=562c9a58 grad_elems=6144 param_elems=6144 energy=0x1.cap-18 finite=1
ATTR_NAMED_GRAD block=1664 name=ff_bias2_11 grad=532c9c3f grad_elems=1024 param_elems=1024 energy=0x1.64p-12 finite=1
ATTR_NAMED_GRAD block=1664 name=w_o_11 grad=d1a53767 grad_elems=1048576 param_elems=1048576 energy=0x1.e6p-9 finite=1
ATTR_NAMED_GRAD block=1664 name=w_r_11 grad=f9739951 grad_elems=327680 param_elems=327680 energy=0x1.42p-28 finite=1
ATTR_NAMED_GRAD block=1664 name=w_kv_11 grad=5d215e43 grad_elems=2097152 param_elems=2097152 energy=0x1.48p-8 finite=1
ATTR_NAMED_GRAD block=1664 name=w_q_11 grad=38da50f5 grad_elems=1048576 param_elems=1048576 energy=0x1.a8p-14 finite=1
ATTR_NAMED_GRAD block=1664 name=ln_g_22 grad=b89321c5 grad_elems=1024 param_elems=1024 energy=0x1.72p-25 finite=1
ATTR_NAMED_GRAD block=1664 name=ln_b_22 grad=94cc4655 grad_elems=1024 param_elems=1024 energy=0x1.cep-22 finite=1
ATTR_NAMED_GRAD block=1664 name=ff2_10 grad=250725a4 grad_elems=3145728 param_elems=3145728 energy=0x1.fcp-8 finite=1
ATTR_NAMED_GRAD block=1664 name=ff1_10 grad=d8e92169 grad_elems=6291456 param_elems=6291456 energy=0x1.48p-8 finite=1
ATTR_NAMED_GRAD block=1664 name=ln_g_21 grad=1e5b4e56 grad_elems=1024 param_elems=1024 energy=0x1.98p-20 finite=1
ATTR_NAMED_GRAD block=1664 name=ln_b_21 grad=94899069 grad_elems=1024 param_elems=1024 energy=0x1.12p-19 finite=1
ATTR_NAMED_GRAD block=1664 name=ff_bias1_10 grad=d7da54b6 grad_elems=6144 param_elems=6144 energy=0x1.dap-18 finite=1
ATTR_NAMED_GRAD block=1664 name=ff_bias2_10 grad=98276e4f grad_elems=1024 param_elems=1024 energy=0x1.8ep-12 finite=1
ATTR_NAMED_GRAD block=1664 name=w_o_10 grad=494711da grad_elems=1048576 param_elems=1048576 energy=0x1.8ep-9 finite=1
ATTR_NAMED_GRAD block=1664 name=w_r_10 grad=df8f1121 grad_elems=327680 param_elems=327680 energy=0x1.34p-28 finite=1
ATTR_NAMED_GRAD block=1664 name=w_kv_10 grad=3c223826 grad_elems=2097152 param_elems=2097152 energy=0x1.08p-8 finite=1
ATTR_NAMED_GRAD block=1664 name=w_q_10 grad=bc9a4128 grad_elems=1048576 param_elems=1048576 energy=0x1.e8p-16 finite=1
ATTR_NAMED_GRAD block=1664 name=ln_g_20 grad=7a672d7d grad_elems=1024 param_elems=1024 energy=0x1.c6p-27 finite=1
ATTR_NAMED_GRAD block=1664 name=ln_b_20 grad=d587f3bd grad_elems=1024 param_elems=1024 energy=0x1.dap-24 finite=1
ATTR_NAMED_GRAD block=1664 name=ff2_9 grad=4f8a3fa9 grad_elems=3145728 param_elems=3145728 energy=0x1.04p-7 finite=1
ATTR_NAMED_GRAD block=1664 name=ff1_9 grad=42f9ad15 grad_elems=6291456 param_elems=6291456 energy=0x1.4ep-8 finite=1
ATTR_NAMED_GRAD block=1664 name=ln_g_19 grad=a303b6f1 grad_elems=1024 param_elems=1024 energy=0x1.c2p-20 finite=1
ATTR_NAMED_GRAD block=1664 name=ln_b_19 grad=06014a98 grad_elems=1024 param_elems=1024 energy=0x1.02p-19 finite=1
ATTR_NAMED_GRAD block=1664 name=ff_bias1_9 grad=0d51e349 grad_elems=6144 param_elems=6144 energy=0x1.d4p-18 finite=1
ATTR_NAMED_GRAD block=1664 name=ff_bias2_9 grad=499e3b0b grad_elems=1024 param_elems=1024 energy=0x1.bap-12 finite=1
ATTR_NAMED_GRAD block=1664 name=w_o_9 grad=c67ce698 grad_elems=1048576 param_elems=1048576 energy=0x1.6ep-9 finite=1
ATTR_NAMED_GRAD block=1664 name=w_r_9 grad=ed2e689f grad_elems=327680 param_elems=327680 energy=0x1.62p-28 finite=1
ATTR_NAMED_GRAD block=1664 name=w_kv_9 grad=32b82288 grad_elems=2097152 param_elems=2097152 energy=0x1.e6p-9 finite=1
ATTR_NAMED_GRAD block=1664 name=w_q_9 grad=785b2187 grad_elems=1048576 param_elems=1048576 energy=0x1.3ap-15 finite=1
ATTR_NAMED_GRAD block=1664 name=ln_g_18 grad=2fd749e1 grad_elems=1024 param_elems=1024 energy=0x1.42p-26 finite=1
ATTR_NAMED_GRAD block=1664 name=ln_b_18 grad=f74f4b45 grad_elems=1024 param_elems=1024 energy=0x1.76p-23 finite=1
ATTR_NAMED_GRAD block=1664 name=ff2_8 grad=5e7033d5 grad_elems=3145728 param_elems=3145728 energy=0x1.02p-7 finite=1
ATTR_NAMED_GRAD block=1664 name=ff1_8 grad=4985521a grad_elems=6291456 param_elems=6291456 energy=0x1.52p-8 finite=1
ATTR_NAMED_GRAD block=1664 name=ln_g_17 grad=60a6c666 grad_elems=1024 param_elems=1024 energy=0x1.c2p-20 finite=1
ATTR_NAMED_GRAD block=1664 name=ln_b_17 grad=09f19db1 grad_elems=1024 param_elems=1024 energy=0x1.ccp-20 finite=1
ATTR_NAMED_GRAD block=1664 name=ff_bias1_8 grad=07d68132 grad_elems=6144 param_elems=6144 energy=0x1.d4p-18 finite=1
ATTR_NAMED_GRAD block=1664 name=ff_bias2_8 grad=8336d3a0 grad_elems=1024 param_elems=1024 energy=0x1.e6p-12 finite=1
ATTR_NAMED_GRAD block=1664 name=w_o_8 grad=0a4073b1 grad_elems=1048576 param_elems=1048576 energy=0x1.2ap-9 finite=1
ATTR_NAMED_GRAD block=1664 name=w_r_8 grad=58417a3c grad_elems=327680 param_elems=327680 energy=0x1.42p-28 finite=1
ATTR_NAMED_GRAD block=1664 name=w_kv_8 grad=acd9c487 grad_elems=2097152 param_elems=2097152 energy=0x1.aep-9 finite=1
ATTR_NAMED_GRAD block=1664 name=w_q_8 grad=7a8f1c77 grad_elems=1048576 param_elems=1048576 energy=0x1.e6p-16 finite=1
ATTR_NAMED_GRAD block=1664 name=ln_g_16 grad=73fff37d grad_elems=1024 param_elems=1024 energy=0x1.bp-27 finite=1
ATTR_NAMED_GRAD block=1664 name=ln_b_16 grad=8b228726 grad_elems=1024 param_elems=1024 energy=0x1.4p-23 finite=1
ATTR_NAMED_GRAD block=1664 name=ff2_7 grad=1035b81b grad_elems=3145728 param_elems=3145728 energy=0x1.0cp-7 finite=1
ATTR_NAMED_GRAD block=1664 name=ff1_7 grad=95f4080e grad_elems=6291456 param_elems=6291456 energy=0x1.5ep-8 finite=1
ATTR_NAMED_GRAD block=1664 name=ln_g_15 grad=9d4974c4 grad_elems=1024 param_elems=1024 energy=0x1.cap-20 finite=1
ATTR_NAMED_GRAD block=1664 name=ln_b_15 grad=1c30862d grad_elems=1024 param_elems=1024 energy=0x1.f4p-20 finite=1
ATTR_NAMED_GRAD block=1664 name=ff_bias1_7 grad=28d5bdb6 grad_elems=6144 param_elems=6144 energy=0x1.e2p-18 finite=1
ATTR_NAMED_GRAD block=1664 name=ff_bias2_7 grad=7a032585 grad_elems=1024 param_elems=1024 energy=0x1.0ap-11 finite=1
ATTR_NAMED_GRAD block=1664 name=w_o_7 grad=1d843875 grad_elems=1048576 param_elems=1048576 energy=0x1.eap-10 finite=1
ATTR_NAMED_GRAD block=1664 name=w_r_7 grad=9b672819 grad_elems=327680 param_elems=327680 energy=0x1.5p-28 finite=1
ATTR_NAMED_GRAD block=1664 name=w_kv_7 grad=44e3c3ce grad_elems=2097152 param_elems=2097152 energy=0x1.7cp-9 finite=1
ATTR_NAMED_GRAD block=1664 name=w_q_7 grad=b8338b56 grad_elems=1048576 param_elems=1048576 energy=0x1p-15 finite=1
ATTR_NAMED_GRAD block=1664 name=ln_g_14 grad=e5eee3c9 grad_elems=1024 param_elems=1024 energy=0x1.dap-27 finite=1
ATTR_NAMED_GRAD block=1664 name=ln_b_14 grad=7136d283 grad_elems=1024 param_elems=1024 energy=0x1.bp-23 finite=1
ATTR_NAMED_GRAD block=1664 name=ff2_6 grad=c6c9fc47 grad_elems=3145728 param_elems=3145728 energy=0x1.1p-7 finite=1
ATTR_NAMED_GRAD block=1664 name=ff1_6 grad=79069de1 grad_elems=6291456 param_elems=6291456 energy=0x1.6ap-8 finite=1
ATTR_NAMED_GRAD block=1664 name=ln_g_13 grad=2d6995ec grad_elems=1024 param_elems=1024 energy=0x1.f6p-20 finite=1
ATTR_NAMED_GRAD block=1664 name=ln_b_13 grad=ead17449 grad_elems=1024 param_elems=1024 energy=0x1.fp-20 finite=1
ATTR_NAMED_GRAD block=1664 name=ff_bias1_6 grad=d91756d0 grad_elems=6144 param_elems=6144 energy=0x1.e4p-18 finite=1
ATTR_NAMED_GRAD block=1664 name=ff_bias2_6 grad=e1a1b5fa grad_elems=1024 param_elems=1024 energy=0x1.22p-11 finite=1
ATTR_NAMED_GRAD block=1664 name=w_o_6 grad=6825921c grad_elems=1048576 param_elems=1048576 energy=0x1.acp-10 finite=1
ATTR_NAMED_GRAD block=1664 name=w_r_6 grad=3606dbe8 grad_elems=327680 param_elems=327680 energy=0x1.5ap-28 finite=1
ATTR_NAMED_GRAD block=1664 name=w_kv_6 grad=9ca124b7 grad_elems=2097152 param_elems=2097152 energy=0x1.46p-9 finite=1
ATTR_NAMED_GRAD block=1664 name=w_q_6 grad=bfb04d0b grad_elems=1048576 param_elems=1048576 energy=0x1.98p-16 finite=1
ATTR_NAMED_GRAD block=1664 name=ln_g_12 grad=2dc00240 grad_elems=1024 param_elems=1024 energy=0x1.4ep-27 finite=1
ATTR_NAMED_GRAD block=1664 name=ln_b_12 grad=1a5bb579 grad_elems=1024 param_elems=1024 energy=0x1.2ep-23 finite=1
ATTR_NAMED_GRAD block=1664 name=ff2_5 grad=1024ea49 grad_elems=3145728 param_elems=3145728 energy=0x1.16p-7 finite=1
ATTR_NAMED_GRAD block=1664 name=ff1_5 grad=6869123d grad_elems=6291456 param_elems=6291456 energy=0x1.7p-8 finite=1
ATTR_NAMED_GRAD block=1664 name=ln_g_11 grad=1b79e4ff grad_elems=1024 param_elems=1024 energy=0x1.ccp-20 finite=1
ATTR_NAMED_GRAD block=1664 name=ln_b_11 grad=de3d1da9 grad_elems=1024 param_elems=1024 energy=0x1.f4p-20 finite=1
ATTR_NAMED_GRAD block=1664 name=ff_bias1_5 grad=0a41a9a6 grad_elems=6144 param_elems=6144 energy=0x1.e2p-18 finite=1
ATTR_NAMED_GRAD block=1664 name=ff_bias2_5 grad=d133f6fa grad_elems=1024 param_elems=1024 energy=0x1.36p-11 finite=1
ATTR_NAMED_GRAD block=1664 name=w_o_5 grad=9a1f1be9 grad_elems=1048576 param_elems=1048576 energy=0x1.76p-10 finite=1
ATTR_NAMED_GRAD block=1664 name=w_r_5 grad=0efd48cc grad_elems=327680 param_elems=327680 energy=0x1.72p-28 finite=1
ATTR_NAMED_GRAD block=1664 name=w_kv_5 grad=ea8f3a79 grad_elems=2097152 param_elems=2097152 energy=0x1.1p-9 finite=1
ATTR_NAMED_GRAD block=1664 name=w_q_5 grad=d0061284 grad_elems=1048576 param_elems=1048576 energy=0x1.12p-15 finite=1
ATTR_NAMED_GRAD block=1664 name=ln_g_10 grad=afd596ae grad_elems=1024 param_elems=1024 energy=0x1.c4p-27 finite=1
ATTR_NAMED_GRAD block=1664 name=ln_b_10 grad=4ec10a0c grad_elems=1024 param_elems=1024 energy=0x1.0cp-22 finite=1
ATTR_NAMED_GRAD block=1664 name=ff2_4 grad=7d5fa315 grad_elems=3145728 param_elems=3145728 energy=0x1.1ap-7 finite=1
ATTR_NAMED_GRAD block=1664 name=ff1_4 grad=9c55db7a grad_elems=6291456 param_elems=6291456 energy=0x1.7ap-8 finite=1
ATTR_NAMED_GRAD block=1664 name=ln_g_9 grad=4cc9463d grad_elems=1024 param_elems=1024 energy=0x1.02p-19 finite=1
ATTR_NAMED_GRAD block=1664 name=ln_b_9 grad=97eb5464 grad_elems=1024 param_elems=1024 energy=0x1.e2p-20 finite=1
ATTR_NAMED_GRAD block=1664 name=ff_bias1_4 grad=414da84e grad_elems=6144 param_elems=6144 energy=0x1.f2p-18 finite=1
ATTR_NAMED_GRAD block=1664 name=ff_bias2_4 grad=bc28b9ce grad_elems=1024 param_elems=1024 energy=0x1.5p-11 finite=1
ATTR_NAMED_GRAD block=1664 name=w_o_4 grad=46f57dcc grad_elems=1048576 param_elems=1048576 energy=0x1.4cp-10 finite=1
ATTR_NAMED_GRAD block=1664 name=w_r_4 grad=44eafb86 grad_elems=327680 param_elems=327680 energy=0x1.96p-28 finite=1
ATTR_NAMED_GRAD block=1664 name=w_kv_4 grad=7788dd99 grad_elems=2097152 param_elems=2097152 energy=0x1.d2p-10 finite=1
ATTR_NAMED_GRAD block=1664 name=w_q_4 grad=77d78cd9 grad_elems=1048576 param_elems=1048576 energy=0x1.3cp-15 finite=1
ATTR_NAMED_GRAD block=1664 name=ln_g_8 grad=a7438929 grad_elems=1024 param_elems=1024 energy=0x1.24p-26 finite=1
ATTR_NAMED_GRAD block=1664 name=ln_b_8 grad=6bd6ecd8 grad_elems=1024 param_elems=1024 energy=0x1.94p-22 finite=1
ATTR_NAMED_GRAD block=1664 name=ff2_3 grad=1b48e625 grad_elems=3145728 param_elems=3145728 energy=0x1.28p-7 finite=1
ATTR_NAMED_GRAD block=1664 name=ff1_3 grad=23c64a0d grad_elems=6291456 param_elems=6291456 energy=0x1.8cp-8 finite=1
ATTR_NAMED_GRAD block=1664 name=ln_g_7 grad=53aa131f grad_elems=1024 param_elems=1024 energy=0x1.fep-20 finite=1
ATTR_NAMED_GRAD block=1664 name=ln_b_7 grad=936f51ab grad_elems=1024 param_elems=1024 energy=0x1.02p-19 finite=1
ATTR_NAMED_GRAD block=1664 name=ff_bias1_3 grad=7c3084c9 grad_elems=6144 param_elems=6144 energy=0x1.06p-17 finite=1
ATTR_NAMED_GRAD block=1664 name=ff_bias2_3 grad=dfd08123 grad_elems=1024 param_elems=1024 energy=0x1.6cp-11 finite=1
ATTR_NAMED_GRAD block=1664 name=w_o_3 grad=7cece4ab grad_elems=1048576 param_elems=1048576 energy=0x1.26p-10 finite=1
ATTR_NAMED_GRAD block=1664 name=w_r_3 grad=70429002 grad_elems=327680 param_elems=327680 energy=0x1.cp-28 finite=1
ATTR_NAMED_GRAD block=1664 name=w_kv_3 grad=008855dd grad_elems=2097152 param_elems=2097152 energy=0x1.ap-10 finite=1
ATTR_NAMED_GRAD block=1664 name=w_q_3 grad=c0407aae grad_elems=1048576 param_elems=1048576 energy=0x1.78p-15 finite=1
ATTR_NAMED_GRAD block=1664 name=ln_g_6 grad=8ce18e1e grad_elems=1024 param_elems=1024 energy=0x1.5ep-26 finite=1
ATTR_NAMED_GRAD block=1664 name=ln_b_6 grad=4d0ed7db grad_elems=1024 param_elems=1024 energy=0x1.18p-21 finite=1
ATTR_NAMED_GRAD block=1664 name=ff2_2 grad=f4ae6bf5 grad_elems=3145728 param_elems=3145728 energy=0x1.32p-7 finite=1
ATTR_NAMED_GRAD block=1664 name=ff1_2 grad=4ae816df grad_elems=6291456 param_elems=6291456 energy=0x1.94p-8 finite=1
ATTR_NAMED_GRAD block=1664 name=ln_g_5 grad=d45008ae grad_elems=1024 param_elems=1024 energy=0x1.f6p-20 finite=1
ATTR_NAMED_GRAD block=1664 name=ln_b_5 grad=9e6f58b7 grad_elems=1024 param_elems=1024 energy=0x1.eap-20 finite=1
ATTR_NAMED_GRAD block=1664 name=ff_bias1_2 grad=91a7ad8a grad_elems=6144 param_elems=6144 energy=0x1.02p-17 finite=1
ATTR_NAMED_GRAD block=1664 name=ff_bias2_2 grad=80697f8f grad_elems=1024 param_elems=1024 energy=0x1.8ep-11 finite=1
ATTR_NAMED_GRAD block=1664 name=w_o_2 grad=e430d964 grad_elems=1048576 param_elems=1048576 energy=0x1.eap-11 finite=1
ATTR_NAMED_GRAD block=1664 name=w_r_2 grad=379f39de grad_elems=327680 param_elems=327680 energy=0x1.cp-28 finite=1
ATTR_NAMED_GRAD block=1664 name=w_kv_2 grad=65c7b583 grad_elems=2097152 param_elems=2097152 energy=0x1.6cp-10 finite=1
ATTR_NAMED_GRAD block=1664 name=w_q_2 grad=f7ce4a63 grad_elems=1048576 param_elems=1048576 energy=0x1.86p-15 finite=1
ATTR_NAMED_GRAD block=1664 name=ln_g_4 grad=4ad229c8 grad_elems=1024 param_elems=1024 energy=0x1.5cp-26 finite=1
ATTR_NAMED_GRAD block=1664 name=ln_b_4 grad=f00a5077 grad_elems=1024 param_elems=1024 energy=0x1.7ap-21 finite=1
ATTR_NAMED_GRAD block=1664 name=ff2_1 grad=de94c89b grad_elems=3145728 param_elems=3145728 energy=0x1.38p-7 finite=1
ATTR_NAMED_GRAD block=1664 name=ff1_1 grad=26bb23c0 grad_elems=6291456 param_elems=6291456 energy=0x1.a6p-8 finite=1
ATTR_NAMED_GRAD block=1664 name=ln_g_3 grad=a60facb0 grad_elems=1024 param_elems=1024 energy=0x1.0cp-19 finite=1
ATTR_NAMED_GRAD block=1664 name=ln_b_3 grad=8b68b97e grad_elems=1024 param_elems=1024 energy=0x1.04p-19 finite=1
ATTR_NAMED_GRAD block=1664 name=ff_bias1_1 grad=88e97bf5 grad_elems=6144 param_elems=6144 energy=0x1.18p-17 finite=1
ATTR_NAMED_GRAD block=1664 name=ff_bias2_1 grad=ca91e911 grad_elems=1024 param_elems=1024 energy=0x1.b6p-11 finite=1
ATTR_NAMED_GRAD block=1664 name=w_o_1 grad=e941d39e grad_elems=1048576 param_elems=1048576 energy=0x1p-10 finite=1
ATTR_NAMED_GRAD block=1664 name=w_r_1 grad=82eb9eab grad_elems=327680 param_elems=327680 energy=0x1.9p-27 finite=1
ATTR_NAMED_GRAD block=1664 name=w_kv_1 grad=29610391 grad_elems=2097152 param_elems=2097152 energy=0x1.4ep-10 finite=1
ATTR_NAMED_GRAD block=1664 name=w_q_1 grad=a062c587 grad_elems=1048576 param_elems=1048576 energy=0x1.66p-12 finite=1
ATTR_NAMED_GRAD block=1664 name=ln_g_2 grad=8ef197b5 grad_elems=1024 param_elems=1024 energy=0x1.f8p-23 finite=1
ATTR_NAMED_GRAD block=1664 name=ln_b_2 grad=aa792211 grad_elems=1024 param_elems=1024 energy=0x1.3p-20 finite=1
ATTR_NAMED_GRAD block=1664 name=ff2_0 grad=c578db10 grad_elems=3145728 param_elems=3145728 energy=0x1.44p-7 finite=1
ATTR_NAMED_GRAD block=1664 name=ff1_0 grad=a83dda7e grad_elems=6291456 param_elems=6291456 energy=0x1.bap-8 finite=1
ATTR_NAMED_GRAD block=1664 name=ln_g_1 grad=00d9933d grad_elems=1024 param_elems=1024 energy=0x1.04p-19 finite=1
ATTR_NAMED_GRAD block=1664 name=ln_b_1 grad=6e4d33f1 grad_elems=1024 param_elems=1024 energy=0x1.14p-19 finite=1
ATTR_NAMED_GRAD block=1664 name=ff_bias1_0 grad=c61ec8a7 grad_elems=6144 param_elems=6144 energy=0x1.22p-17 finite=1
ATTR_NAMED_GRAD block=1664 name=ff_bias2_0 grad=52433d8b grad_elems=1024 param_elems=1024 energy=0x1.e6p-11 finite=1
ATTR_NAMED_GRAD block=1664 name=w_o_0 grad=c6de8121 grad_elems=1048576 param_elems=1048576 energy=0x1.a2p-11 finite=1
ATTR_NAMED_GRAD block=1664 name=w_r_0 grad=dc7aaabe grad_elems=327680 param_elems=327680 energy=0x1.fp-28 finite=1
ATTR_NAMED_GRAD block=1664 name=b_r_0 grad=d114ab78 grad_elems=2560 param_elems=2560 energy=0x1.6p-11 finite=1
ATTR_NAMED_GRAD block=1664 name=w_kv_0 grad=4b1abbbc grad_elems=2097152 param_elems=2097152 energy=0x1.1ep-10 finite=1
ATTR_NAMED_GRAD block=1664 name=w_q_0 grad=6ec7d7ea grad_elems=1048576 param_elems=1048576 energy=0x1.ep-15 finite=1
ATTR_NAMED_GRAD block=1664 name=ln_g_0 grad=fc44e902 grad_elems=1024 param_elems=1024 energy=0x1.eap-26 finite=1
ATTR_NAMED_GRAD block=1664 name=ln_b_0 grad=1f2a7e7e grad_elems=1024 param_elems=1024 energy=0x1.32p-22 finite=1
ATTR_NAMED_GRAD block=1664 name=embed grad=dd29b614 grad_elems=16785408 param_elems=16785408 energy=0x1.92331cp-3 finite=1
ATTR_NAMED_GRAD block=1664 name=ln_g_40 grad=82a00201 grad_elems=1024 param_elems=1024 energy=0x1.d2p-12 finite=1
ATTR_NAMED_GRAD block=1664 name=ln_b_40 grad=74a4e5df grad_elems=1024 param_elems=1024 energy=0x1.6cp-12 finite=1
ATTR_NAMED_GRAD block=1664 name=out_bias grad=651bdeb8 grad_elems=16392 param_elems=16392 energy=0x1.92p-10 finite=1
ATTR_HEAD arm=1 block=1664 weight=2f949b60 bias=4825c5f1
ATTR_STATE arm=1 block=1664 step=54 params=2d7a1ef8 memory=ef0e5441
ATTR_NAMED_GRAD block=1728 name=embed_out grad=bca50ad7 grad_elems=16785408 param_elems=16785408 energy=0x1.86p+0 finite=1
ATTR_NAMED_GRAD block=1728 name=ff2_19 grad=16f8f4d6 grad_elems=3145728 param_elems=3145728 energy=0x1.4cp-8 finite=1
ATTR_NAMED_GRAD block=1728 name=ff1_19 grad=18252930 grad_elems=6291456 param_elems=6291456 energy=0x1.02p-8 finite=1
ATTR_NAMED_GRAD block=1728 name=ln_g_39 grad=8a317e95 grad_elems=1024 param_elems=1024 energy=0x1.5ep-20 finite=1
ATTR_NAMED_GRAD block=1728 name=ln_b_39 grad=f01e1415 grad_elems=1024 param_elems=1024 energy=0x1.bp-20 finite=1
ATTR_NAMED_GRAD block=1728 name=ff_bias1_19 grad=fc3aa3b9 grad_elems=6144 param_elems=6144 energy=0x1.4ep-18 finite=1
ATTR_NAMED_GRAD block=1728 name=ff_bias2_19 grad=bca0ddb1 grad_elems=1024 param_elems=1024 energy=0x1.dcp-13 finite=1
ATTR_NAMED_GRAD block=1728 name=w_o_19 grad=367df9b2 grad_elems=1048576 param_elems=1048576 energy=0x1.8cp-6 finite=1
ATTR_NAMED_GRAD block=1728 name=w_r_19 grad=49699f80 grad_elems=327680 param_elems=327680 energy=0x1.48p-28 finite=1
ATTR_NAMED_GRAD block=1728 name=w_kv_19 grad=83962b20 grad_elems=2097152 param_elems=2097152 energy=0x1.ccp-6 finite=1
ATTR_NAMED_GRAD block=1728 name=w_q_19 grad=f54dace0 grad_elems=1048576 param_elems=1048576 energy=0x1.16p-14 finite=1
ATTR_NAMED_GRAD block=1728 name=ln_g_38 grad=8da9feb9 grad_elems=1024 param_elems=1024 energy=0x1.28p-24 finite=1
ATTR_NAMED_GRAD block=1728 name=ln_b_38 grad=50a1eb5b grad_elems=1024 param_elems=1024 energy=0x1.a6p-23 finite=1
ATTR_NAMED_GRAD block=1728 name=ff2_18 grad=1391b6bc grad_elems=3145728 param_elems=3145728 energy=0x1.ap-8 finite=1
ATTR_NAMED_GRAD block=1728 name=ff1_18 grad=aecd7536 grad_elems=6291456 param_elems=6291456 energy=0x1.1cp-8 finite=1
ATTR_NAMED_GRAD block=1728 name=ln_g_37 grad=31d9cbea grad_elems=1024 param_elems=1024 energy=0x1.32p-20 finite=1
ATTR_NAMED_GRAD block=1728 name=ln_b_37 grad=bd76a292 grad_elems=1024 param_elems=1024 energy=0x1.dep-20 finite=1
ATTR_NAMED_GRAD block=1728 name=ff_bias1_18 grad=a7819a78 grad_elems=6144 param_elems=6144 energy=0x1.76p-18 finite=1
ATTR_NAMED_GRAD block=1728 name=ff_bias2_18 grad=3bf690de grad_elems=1024 param_elems=1024 energy=0x1.dcp-13 finite=1
ATTR_NAMED_GRAD block=1728 name=w_o_18 grad=276a294b grad_elems=1048576 param_elems=1048576 energy=0x1.b4p-7 finite=1
ATTR_NAMED_GRAD block=1728 name=w_r_18 grad=b13722dd grad_elems=327680 param_elems=327680 energy=0x1.88p-28 finite=1
ATTR_NAMED_GRAD block=1728 name=w_kv_18 grad=4d3191fc grad_elems=2097152 param_elems=2097152 energy=0x1.04p-6 finite=1
ATTR_NAMED_GRAD block=1728 name=w_q_18 grad=513658c5 grad_elems=1048576 param_elems=1048576 energy=0x1.1ep-13 finite=1
ATTR_NAMED_GRAD block=1728 name=ln_g_36 grad=53f051bb grad_elems=1024 param_elems=1024 energy=0x1.4ep-24 finite=1
ATTR_NAMED_GRAD block=1728 name=ln_b_36 grad=b67db2d2 grad_elems=1024 param_elems=1024 energy=0x1.5ap-22 finite=1
ATTR_NAMED_GRAD block=1728 name=ff2_17 grad=787c29db grad_elems=3145728 param_elems=3145728 energy=0x1.18p-7 finite=1
ATTR_NAMED_GRAD block=1728 name=ff1_17 grad=32d7f88c grad_elems=6291456 param_elems=6291456 energy=0x1.3ap-8 finite=1
ATTR_NAMED_GRAD block=1728 name=ln_g_35 grad=bdf734a7 grad_elems=1024 param_elems=1024 energy=0x1.44p-20 finite=1
ATTR_NAMED_GRAD block=1728 name=ln_b_35 grad=a887cfcb grad_elems=1024 param_elems=1024 energy=0x1.2ep-19 finite=1
ATTR_NAMED_GRAD block=1728 name=ff_bias1_17 grad=d71a5c8f grad_elems=6144 param_elems=6144 energy=0x1.bp-18 finite=1
ATTR_NAMED_GRAD block=1728 name=ff_bias2_17 grad=7f1e0ee4 grad_elems=1024 param_elems=1024 energy=0x1.d8p-13 finite=1
ATTR_NAMED_GRAD block=1728 name=w_o_17 grad=76574afd grad_elems=1048576 param_elems=1048576 energy=0x1.2p-7 finite=1
ATTR_NAMED_GRAD block=1728 name=w_r_17 grad=15fdf88a grad_elems=327680 param_elems=327680 energy=0x1.1cp-27 finite=1
ATTR_NAMED_GRAD block=1728 name=w_kv_17 grad=3e068f7e grad_elems=2097152 param_elems=2097152 energy=0x1.56p-7 finite=1
ATTR_NAMED_GRAD block=1728 name=w_q_17 grad=0222dc5c grad_elems=1048576 param_elems=1048576 energy=0x1.8ap-14 finite=1
ATTR_NAMED_GRAD block=1728 name=ln_g_34 grad=0f3eee6b grad_elems=1024 param_elems=1024 energy=0x1.c2p-24 finite=1
ATTR_NAMED_GRAD block=1728 name=ln_b_34 grad=ad7d3083 grad_elems=1024 param_elems=1024 energy=0x1.08p-21 finite=1
ATTR_NAMED_GRAD block=1728 name=ff2_16 grad=496d028e grad_elems=3145728 param_elems=3145728 energy=0x1.eep-8 finite=1
ATTR_NAMED_GRAD block=1728 name=ff1_16 grad=3bacad90 grad_elems=6291456 param_elems=6291456 energy=0x1.28p-8 finite=1
ATTR_NAMED_GRAD block=1728 name=ln_g_33 grad=5920dc95 grad_elems=1024 param_elems=1024 energy=0x1.36p-20 finite=1
ATTR_NAMED_GRAD block=1728 name=ln_b_33 grad=cb29fbd4 grad_elems=1024 param_elems=1024 energy=0x1.e6p-20 finite=1
ATTR_NAMED_GRAD block=1728 name=ff_bias1_16 grad=234d5fa7 grad_elems=6144 param_elems=6144 energy=0x1.7ep-18 finite=1
ATTR_NAMED_GRAD block=1728 name=ff_bias2_16 grad=211f68c3 grad_elems=1024 param_elems=1024 energy=0x1.d4p-13 finite=1
ATTR_NAMED_GRAD block=1728 name=w_o_16 grad=bde4c7f9 grad_elems=1048576 param_elems=1048576 energy=0x1.c4p-8 finite=1
ATTR_NAMED_GRAD block=1728 name=w_r_16 grad=925591ae grad_elems=327680 param_elems=327680 energy=0x1.8cp-28 finite=1
ATTR_NAMED_GRAD block=1728 name=w_kv_16 grad=1d77ef31 grad_elems=2097152 param_elems=2097152 energy=0x1.14p-7 finite=1
ATTR_NAMED_GRAD block=1728 name=w_q_16 grad=684617cd grad_elems=1048576 param_elems=1048576 energy=0x1.96p-15 finite=1
ATTR_NAMED_GRAD block=1728 name=ln_g_32 grad=09dd3ff3 grad_elems=1024 param_elems=1024 energy=0x1.16p-25 finite=1
ATTR_NAMED_GRAD block=1728 name=ln_b_32 grad=a1af3ed6 grad_elems=1024 param_elems=1024 energy=0x1.4p-23 finite=1
ATTR_NAMED_GRAD block=1728 name=ff2_15 grad=e2247aba grad_elems=3145728 param_elems=3145728 energy=0x1.04p-7 finite=1
ATTR_NAMED_GRAD block=1728 name=ff1_15 grad=3593faa8 grad_elems=6291456 param_elems=6291456 energy=0x1.38p-8 finite=1
ATTR_NAMED_GRAD block=1728 name=ln_g_31 grad=c4726add grad_elems=1024 param_elems=1024 energy=0x1.54p-20 finite=1
ATTR_NAMED_GRAD block=1728 name=ln_b_31 grad=52c9b1ce grad_elems=1024 param_elems=1024 energy=0x1.fep-20 finite=1
ATTR_NAMED_GRAD block=1728 name=ff_bias1_15 grad=eef0cd00 grad_elems=6144 param_elems=6144 energy=0x1.a8p-18 finite=1
ATTR_NAMED_GRAD block=1728 name=ff_bias2_15 grad=b5930ad1 grad_elems=1024 param_elems=1024 energy=0x1.ep-13 finite=1
ATTR_NAMED_GRAD block=1728 name=w_o_15 grad=57d7f0c3 grad_elems=1048576 param_elems=1048576 energy=0x1.84p-8 finite=1
ATTR_NAMED_GRAD block=1728 name=w_r_15 grad=2620081d grad_elems=327680 param_elems=327680 energy=0x1.7ap-28 finite=1
ATTR_NAMED_GRAD block=1728 name=w_kv_15 grad=1da12dd8 grad_elems=2097152 param_elems=2097152 energy=0x1.cp-8 finite=1
ATTR_NAMED_GRAD block=1728 name=w_q_15 grad=e2a3c412 grad_elems=1048576 param_elems=1048576 energy=0x1.9ap-15 finite=1
ATTR_NAMED_GRAD block=1728 name=ln_g_30 grad=c435e696 grad_elems=1024 param_elems=1024 energy=0x1.18p-25 finite=1
ATTR_NAMED_GRAD block=1728 name=ln_b_30 grad=54cadd6f grad_elems=1024 param_elems=1024 energy=0x1.5p-23 finite=1
ATTR_NAMED_GRAD block=1728 name=ff2_14 grad=e5af7cb0 grad_elems=3145728 param_elems=3145728 energy=0x1.06p-7 finite=1
ATTR_NAMED_GRAD block=1728 name=ff1_14 grad=86170ff8 grad_elems=6291456 param_elems=6291456 energy=0x1.36p-8 finite=1
ATTR_NAMED_GRAD block=1728 name=ln_g_29 grad=956043f7 grad_elems=1024 param_elems=1024 energy=0x1.72p-20 finite=1
ATTR_NAMED_GRAD block=1728 name=ln_b_29 grad=cae67f94 grad_elems=1024 param_elems=1024 energy=0x1.04p-19 finite=1
ATTR_NAMED_GRAD block=1728 name=ff_bias1_14 grad=782d0eba grad_elems=6144 param_elems=6144 energy=0x1.ap-18 finite=1
ATTR_NAMED_GRAD block=1728 name=ff_bias2_14 grad=687c7ac8 grad_elems=1024 param_elems=1024 energy=0x1.fcp-13 finite=1
ATTR_NAMED_GRAD block=1728 name=w_o_14 grad=e6af7bf7 grad_elems=1048576 param_elems=1048576 energy=0x1.48p-8 finite=1
ATTR_NAMED_GRAD block=1728 name=w_r_14 grad=18cfe3cf grad_elems=327680 param_elems=327680 energy=0x1.56p-28 finite=1
ATTR_NAMED_GRAD block=1728 name=w_kv_14 grad=3fafc35e grad_elems=2097152 param_elems=2097152 energy=0x1.7ep-8 finite=1
ATTR_NAMED_GRAD block=1728 name=w_q_14 grad=ed4228ad grad_elems=1048576 param_elems=1048576 energy=0x1.02p-15 finite=1
ATTR_NAMED_GRAD block=1728 name=ln_g_28 grad=bfda91a2 grad_elems=1024 param_elems=1024 energy=0x1.3ap-26 finite=1
ATTR_NAMED_GRAD block=1728 name=ln_b_28 grad=3cac0c09 grad_elems=1024 param_elems=1024 energy=0x1.24p-24 finite=1
ATTR_NAMED_GRAD block=1728 name=ff2_13 grad=cbe33f89 grad_elems=3145728 param_elems=3145728 energy=0x1.fp-8 finite=1
ATTR_NAMED_GRAD block=1728 name=ff1_13 grad=a15189ec grad_elems=6291456 param_elems=6291456 energy=0x1.34p-8 finite=1
ATTR_NAMED_GRAD block=1728 name=ln_g_27 grad=ccaa9ab9 grad_elems=1024 param_elems=1024 energy=0x1.6cp-20 finite=1
ATTR_NAMED_GRAD block=1728 name=ln_b_27 grad=b55d3cf7 grad_elems=1024 param_elems=1024 energy=0x1.16p-19 finite=1
ATTR_NAMED_GRAD block=1728 name=ff_bias1_13 grad=43acc8b3 grad_elems=6144 param_elems=6144 energy=0x1.aap-18 finite=1
ATTR_NAMED_GRAD block=1728 name=ff_bias2_13 grad=69bff32e grad_elems=1024 param_elems=1024 energy=0x1.1p-12 finite=1
ATTR_NAMED_GRAD block=1728 name=w_o_13 grad=50fb3432 grad_elems=1048576 param_elems=1048576 energy=0x1.1ap-8 finite=1
ATTR_NAMED_GRAD block=1728 name=w_r_13 grad=eb04f8d9 grad_elems=327680 param_elems=327680 energy=0x1.1ap-28 finite=1
ATTR_NAMED_GRAD block=1728 name=w_kv_13 grad=bd5419b0 grad_elems=2097152 param_elems=2097152 energy=0x1.42p-8 finite=1
ATTR_NAMED_GRAD block=1728 name=w_q_13 grad=18a1345f grad_elems=1048576 param_elems=1048576 energy=0x1.eep-16 finite=1
ATTR_NAMED_GRAD block=1728 name=ln_g_26 grad=43adfb67 grad_elems=1024 param_elems=1024 energy=0x1.dap-27 finite=1
ATTR_NAMED_GRAD block=1728 name=ln_b_26 grad=5214e5e1 grad_elems=1024 param_elems=1024 energy=0x1.e8p-25 finite=1
ATTR_NAMED_GRAD block=1728 name=ff2_12 grad=0502fa11 grad_elems=3145728 param_elems=3145728 energy=0x1.f2p-8 finite=1
ATTR_NAMED_GRAD block=1728 name=ff1_12 grad=0837f839 grad_elems=6291456 param_elems=6291456 energy=0x1.3cp-8 finite=1
ATTR_NAMED_GRAD block=1728 name=ln_g_25 grad=0acf2ff6 grad_elems=1024 param_elems=1024 energy=0x1.cp-20 finite=1
ATTR_NAMED_GRAD block=1728 name=ln_b_25 grad=02a393d8 grad_elems=1024 param_elems=1024 energy=0x1.26p-19 finite=1
ATTR_NAMED_GRAD block=1728 name=ff_bias1_12 grad=3ed22cb9 grad_elems=6144 param_elems=6144 energy=0x1.cap-18 finite=1
ATTR_NAMED_GRAD block=1728 name=ff_bias2_12 grad=f7ad86ac grad_elems=1024 param_elems=1024 energy=0x1.2ap-12 finite=1
ATTR_NAMED_GRAD block=1728 name=w_o_12 grad=49ccb5ed grad_elems=1048576 param_elems=1048576 energy=0x1.06p-8 finite=1
ATTR_NAMED_GRAD block=1728 name=w_r_12 grad=01aba540 grad_elems=327680 param_elems=327680 energy=0x1.2ap-28 finite=1
ATTR_NAMED_GRAD block=1728 name=w_kv_12 grad=ff91d520 grad_elems=2097152 param_elems=2097152 energy=0x1.24p-8 finite=1
ATTR_NAMED_GRAD block=1728 name=w_q_12 grad=1a7e1f5d grad_elems=1048576 param_elems=1048576 energy=0x1.ecp-16 finite=1
ATTR_NAMED_GRAD block=1728 name=ln_g_24 grad=1232ffee grad_elems=1024 param_elems=1024 energy=0x1.0ep-26 finite=1
ATTR_NAMED_GRAD block=1728 name=ln_b_24 grad=931566d7 grad_elems=1024 param_elems=1024 energy=0x1.08p-24 finite=1
ATTR_NAMED_GRAD block=1728 name=ff2_11 grad=125f4900 grad_elems=3145728 param_elems=3145728 energy=0x1.f2p-8 finite=1
ATTR_NAMED_GRAD block=1728 name=ff1_11 grad=bca4b6ba grad_elems=6291456 param_elems=6291456 energy=0x1.4p-8 finite=1
ATTR_NAMED_GRAD block=1728 name=ln_g_23 grad=9c429f29 grad_elems=1024 param_elems=1024 energy=0x1.d6p-20 finite=1
ATTR_NAMED_GRAD block=1728 name=ln_b_23 grad=dc70366b grad_elems=1024 param_elems=1024 energy=0x1.5p-19 finite=1
ATTR_NAMED_GRAD block=1728 name=ff_bias1_11 grad=9a1c06f2 grad_elems=6144 param_elems=6144 energy=0x1.d8p-18 finite=1
ATTR_NAMED_GRAD block=1728 name=ff_bias2_11 grad=d8985460 grad_elems=1024 param_elems=1024 energy=0x1.48p-12 finite=1
ATTR_NAMED_GRAD block=1728 name=w_o_11 grad=bc4d0cc5 grad_elems=1048576 param_elems=1048576 energy=0x1.c8p-9 finite=1
ATTR_NAMED_GRAD block=1728 name=w_r_11 grad=16b479ce grad_elems=327680 param_elems=327680 energy=0x1.1ep-28 finite=1
ATTR_NAMED_GRAD block=1728 name=w_kv_11 grad=82b26a35 grad_elems=2097152 param_elems=2097152 energy=0x1.04p-8 finite=1
ATTR_NAMED_GRAD block=1728 name=w_q_11 grad=f43bb6cf grad_elems=1048576 param_elems=1048576 energy=0x1.acp-16 finite=1
ATTR_NAMED_GRAD block=1728 name=ln_g_22 grad=562613a9 grad_elems=1024 param_elems=1024 energy=0x1.aap-27 finite=1
ATTR_NAMED_GRAD block=1728 name=ln_b_22 grad=fbbe1c83 grad_elems=1024 param_elems=1024 energy=0x1.6p-24 finite=1
ATTR_NAMED_GRAD block=1728 name=ff2_10 grad=1f43dc44 grad_elems=3145728 param_elems=3145728 energy=0x1.eep-8 finite=1
ATTR_NAMED_GRAD block=1728 name=ff1_10 grad=8d3c7944 grad_elems=6291456 param_elems=6291456 energy=0x1.48p-8 finite=1
ATTR_NAMED_GRAD block=1728 name=ln_g_21 grad=06a9e220 grad_elems=1024 param_elems=1024 energy=0x1.fcp-20 finite=1
ATTR_NAMED_GRAD block=1728 name=ln_b_21 grad=819a4ab2 grad_elems=1024 param_elems=1024 energy=0x1.52p-19 finite=1
ATTR_NAMED_GRAD block=1728 name=ff_bias1_10 grad=32c6661b grad_elems=6144 param_elems=6144 energy=0x1.fep-18 finite=1
ATTR_NAMED_GRAD block=1728 name=ff_bias2_10 grad=481d8bb9 grad_elems=1024 param_elems=1024 energy=0x1.72p-12 finite=1
ATTR_NAMED_GRAD block=1728 name=w_o_10 grad=1b63fc83 grad_elems=1048576 param_elems=1048576 energy=0x1.94p-9 finite=1
ATTR_NAMED_GRAD block=1728 name=w_r_10 grad=a55c3085 grad_elems=327680 param_elems=327680 energy=0x1.24p-28 finite=1
ATTR_NAMED_GRAD block=1728 name=w_kv_10 grad=388d463e grad_elems=2097152 param_elems=2097152 energy=0x1.cep-9 finite=1
ATTR_NAMED_GRAD block=1728 name=w_q_10 grad=4eca4867 grad_elems=1048576 param_elems=1048576 energy=0x1.f4p-16 finite=1
ATTR_NAMED_GRAD block=1728 name=ln_g_20 grad=b5b53eb6 grad_elems=1024 param_elems=1024 energy=0x1.dcp-27 finite=1
ATTR_NAMED_GRAD block=1728 name=ln_b_20 grad=4b2c76c5 grad_elems=1024 param_elems=1024 energy=0x1.e8p-24 finite=1
ATTR_NAMED_GRAD block=1728 name=ff2_9 grad=32116184 grad_elems=3145728 param_elems=3145728 energy=0x1.fcp-8 finite=1
ATTR_NAMED_GRAD block=1728 name=ff1_9 grad=10e85703 grad_elems=6291456 param_elems=6291456 energy=0x1.5p-8 finite=1
ATTR_NAMED_GRAD block=1728 name=ln_g_19 grad=ab78bbbb grad_elems=1024 param_elems=1024 energy=0x1.0cp-19 finite=1
ATTR_NAMED_GRAD block=1728 name=ln_b_19 grad=48470c48 grad_elems=1024 param_elems=1024 energy=0x1.5ep-19 finite=1
ATTR_NAMED_GRAD block=1728 name=ff_bias1_9 grad=aedc3ac6 grad_elems=6144 param_elems=6144 energy=0x1.06p-17 finite=1
ATTR_NAMED_GRAD block=1728 name=ff_bias2_9 grad=b14b9a2b grad_elems=1024 param_elems=1024 energy=0x1.a4p-12 finite=1
ATTR_NAMED_GRAD block=1728 name=w_o_9 grad=cbe7cf1f grad_elems=1048576 param_elems=1048576 energy=0x1.82p-9 finite=1
ATTR_NAMED_GRAD block=1728 name=w_r_9 grad=6c55437d grad_elems=327680 param_elems=327680 energy=0x1.54p-28 finite=1
ATTR_NAMED_GRAD block=1728 name=w_kv_9 grad=ffabd248 grad_elems=2097152 param_elems=2097152 energy=0x1.9ap-9 finite=1
ATTR_NAMED_GRAD block=1728 name=w_q_9 grad=df587aa7 grad_elems=1048576 param_elems=1048576 energy=0x1.06p-15 finite=1
ATTR_NAMED_GRAD block=1728 name=ln_g_18 grad=82bff6db grad_elems=1024 param_elems=1024 energy=0x1.26p-26 finite=1
ATTR_NAMED_GRAD block=1728 name=ln_b_18 grad=ee3eb5ee grad_elems=1024 param_elems=1024 energy=0x1.f4p-24 finite=1
ATTR_NAMED_GRAD block=1728 name=ff2_8 grad=ccd35c10 grad_elems=3145728 param_elems=3145728 energy=0x1.02p-7 finite=1
ATTR_NAMED_GRAD block=1728 name=ff1_8 grad=d87e8135 grad_elems=6291456 param_elems=6291456 energy=0x1.54p-8 finite=1
ATTR_NAMED_GRAD block=1728 name=ln_g_17 grad=27931ae6 grad_elems=1024 param_elems=1024 energy=0x1.1ep-19 finite=1
ATTR_NAMED_GRAD block=1728 name=ln_b_17 grad=752335ea grad_elems=1024 param_elems=1024 energy=0x1.5ap-19 finite=1
ATTR_NAMED_GRAD block=1728 name=ff_bias1_8 grad=dfaedc9c grad_elems=6144 param_elems=6144 energy=0x1.1p-17 finite=1
ATTR_NAMED_GRAD block=1728 name=ff_bias2_8 grad=6f7d2cf2 grad_elems=1024 param_elems=1024 energy=0x1.dcp-12 finite=1
ATTR_NAMED_GRAD block=1728 name=w_o_8 grad=16c4751d grad_elems=1048576 param_elems=1048576 energy=0x1.3cp-9 finite=1
ATTR_NAMED_GRAD block=1728 name=w_r_8 grad=a3f2b13e grad_elems=327680 param_elems=327680 energy=0x1.2ep-28 finite=1
ATTR_NAMED_GRAD block=1728 name=w_kv_8 grad=6dc2dc2e grad_elems=2097152 param_elems=2097152 energy=0x1.6ep-9 finite=1
ATTR_NAMED_GRAD block=1728 name=w_q_8 grad=b9f3370a grad_elems=1048576 param_elems=1048576 energy=0x1.dp-16 finite=1
ATTR_NAMED_GRAD block=1728 name=ln_g_16 grad=7d2fcfed grad_elems=1024 param_elems=1024 energy=0x1.b6p-27 finite=1
ATTR_NAMED_GRAD block=1728 name=ln_b_16 grad=ccf7a6f3 grad_elems=1024 param_elems=1024 energy=0x1.2cp-23 finite=1
ATTR_NAMED_GRAD block=1728 name=ff2_7 grad=1570e849 grad_elems=3145728 param_elems=3145728 energy=0x1.08p-7 finite=1
ATTR_NAMED_GRAD block=1728 name=ff1_7 grad=838d0194 grad_elems=6291456 param_elems=6291456 energy=0x1.62p-8 finite=1
ATTR_NAMED_GRAD block=1728 name=ln_g_15 grad=98a93e48 grad_elems=1024 param_elems=1024 energy=0x1.0ep-19 finite=1
ATTR_NAMED_GRAD block=1728 name=ln_b_15 grad=191db026 grad_elems=1024 param_elems=1024 energy=0x1.5p-19 finite=1
ATTR_NAMED_GRAD block=1728 name=ff_bias1_7 grad=ec3835d9 grad_elems=6144 param_elems=6144 energy=0x1.1p-17 finite=1
ATTR_NAMED_GRAD block=1728 name=ff_bias2_7 grad=9fd0fa6b grad_elems=1024 param_elems=1024 energy=0x1.0ep-11 finite=1
ATTR_NAMED_GRAD block=1728 name=w_o_7 grad=40cb63fd grad_elems=1048576 param_elems=1048576 energy=0x1.12p-9 finite=1
ATTR_NAMED_GRAD block=1728 name=w_r_7 grad=b7392d01 grad_elems=327680 param_elems=327680 energy=0x1.4p-28 finite=1
ATTR_NAMED_GRAD block=1728 name=w_kv_7 grad=8bdb5ae8 grad_elems=2097152 param_elems=2097152 energy=0x1.4p-9 finite=1
ATTR_NAMED_GRAD block=1728 name=w_q_7 grad=908cbc78 grad_elems=1048576 param_elems=1048576 energy=0x1.dap-16 finite=1
ATTR_NAMED_GRAD block=1728 name=ln_g_14 grad=4962217b grad_elems=1024 param_elems=1024 energy=0x1.b4p-27 finite=1
ATTR_NAMED_GRAD block=1728 name=ln_b_14 grad=afc408bb grad_elems=1024 param_elems=1024 energy=0x1.3cp-23 finite=1
ATTR_NAMED_GRAD block=1728 name=ff2_6 grad=da09e6f2 grad_elems=3145728 param_elems=3145728 energy=0x1.0ap-7 finite=1
ATTR_NAMED_GRAD block=1728 name=ff1_6 grad=ca7aa3e6 grad_elems=6291456 param_elems=6291456 energy=0x1.6ep-8 finite=1
ATTR_NAMED_GRAD block=1728 name=ln_g_13 grad=ca8c9b03 grad_elems=1024 param_elems=1024 energy=0x1.08p-19 finite=1
ATTR_NAMED_GRAD block=1728 name=ln_b_13 grad=798592cd grad_elems=1024 param_elems=1024 energy=0x1.62p-19 finite=1
ATTR_NAMED_GRAD block=1728 name=ff_bias1_6 grad=33be0894 grad_elems=6144 param_elems=6144 energy=0x1.28p-17 finite=1
ATTR_NAMED_GRAD block=1728 name=ff_bias2_6 grad=f27704fc grad_elems=1024 param_elems=1024 energy=0x1.2ep-11 finite=1
ATTR_NAMED_GRAD block=1728 name=w_o_6 grad=3ed294b7 grad_elems=1048576 param_elems=1048576 energy=0x1.d2p-10 finite=1
ATTR_NAMED_GRAD block=1728 name=w_r_6 grad=b30dd2d3 grad_elems=327680 param_elems=327680 energy=0x1.46p-28 finite=1
ATTR_NAMED_GRAD block=1728 name=w_kv_6 grad=45683c6c grad_elems=2097152 param_elems=2097152 energy=0x1.18p-9 finite=1
ATTR_NAMED_GRAD block=1728 name=w_q_6 grad=3c4fe85b grad_elems=1048576 param_elems=1048576 energy=0x1.92p-16 finite=1
ATTR_NAMED_GRAD block=1728 name=ln_g_12 grad=05aedbd0 grad_elems=1024 param_elems=1024 energy=0x1.58p-27 finite=1
ATTR_NAMED_GRAD block=1728 name=ln_b_12 grad=54b51ac2 grad_elems=1024 param_elems=1024 energy=0x1.2ep-23 finite=1
ATTR_NAMED_GRAD block=1728 name=ff2_5 grad=84f154d3 grad_elems=3145728 param_elems=3145728 energy=0x1.12p-7 finite=1
ATTR_NAMED_GRAD block=1728 name=ff1_5 grad=2145cfb9 grad_elems=6291456 param_elems=6291456 energy=0x1.76p-8 finite=1
ATTR_NAMED_GRAD block=1728 name=ln_g_11 grad=7a67223b grad_elems=1024 param_elems=1024 energy=0x1.42p-19 finite=1
ATTR_NAMED_GRAD block=1728 name=ln_b_11 grad=85ff0edb grad_elems=1024 param_elems=1024 energy=0x1.34p-19 finite=1
ATTR_NAMED_GRAD block=1728 name=ff_bias1_5 grad=339bd7a7 grad_elems=6144 param_elems=6144 energy=0x1.24p-17 finite=1
ATTR_NAMED_GRAD block=1728 name=ff_bias2_5 grad=4c12dc50 grad_elems=1024 param_elems=1024 energy=0x1.52p-11 finite=1
ATTR_NAMED_GRAD block=1728 name=w_o_5 grad=c4885def grad_elems=1048576 param_elems=1048576 energy=0x1.bcp-10 finite=1
ATTR_NAMED_GRAD block=1728 name=w_r_5 grad=64e59647 grad_elems=327680 param_elems=327680 energy=0x1.5cp-28 finite=1
ATTR_NAMED_GRAD block=1728 name=w_kv_5 grad=5a5b1ed7 grad_elems=2097152 param_elems=2097152 energy=0x1.f8p-10 finite=1
ATTR_NAMED_GRAD block=1728 name=w_q_5 grad=8922db26 grad_elems=1048576 param_elems=1048576 energy=0x1.c8p-16 finite=1
ATTR_NAMED_GRAD block=1728 name=ln_g_10 grad=c134f9e8 grad_elems=1024 param_elems=1024 energy=0x1.94p-27 finite=1
ATTR_NAMED_GRAD block=1728 name=ln_b_10 grad=752079ff grad_elems=1024 param_elems=1024 energy=0x1.62p-23 finite=1
ATTR_NAMED_GRAD block=1728 name=ff2_4 grad=18f99e1b grad_elems=3145728 param_elems=3145728 energy=0x1.1cp-7 finite=1
ATTR_NAMED_GRAD block=1728 name=ff1_4 grad=df55401b grad_elems=6291456 param_elems=6291456 energy=0x1.8p-8 finite=1
ATTR_NAMED_GRAD block=1728 name=ln_g_9 grad=025f17bf grad_elems=1024 param_elems=1024 energy=0x1.2cp-19 finite=1
ATTR_NAMED_GRAD block=1728 name=ln_b_9 grad=62a20a62 grad_elems=1024 param_elems=1024 energy=0x1.54p-19 finite=1
ATTR_NAMED_GRAD block=1728 name=ff_bias1_4 grad=ad6a48ca grad_elems=6144 param_elems=6144 energy=0x1.32p-17 finite=1
ATTR_NAMED_GRAD block=1728 name=ff_bias2_4 grad=47e3152d grad_elems=1024 param_elems=1024 energy=0x1.74p-11 finite=1
ATTR_NAMED_GRAD block=1728 name=w_o_4 grad=c8bb01d9 grad_elems=1048576 param_elems=1048576 energy=0x1.86p-10 finite=1
ATTR_NAMED_GRAD block=1728 name=w_r_4 grad=132979d1 grad_elems=327680 param_elems=327680 energy=0x1.74p-28 finite=1
ATTR_NAMED_GRAD block=1728 name=w_kv_4 grad=2dfb4e5d grad_elems=2097152 param_elems=2097152 energy=0x1.aap-10 finite=1
ATTR_NAMED_GRAD block=1728 name=w_q_4 grad=6e90ce0e grad_elems=1048576 param_elems=1048576 energy=0x1.26p-15 finite=1
ATTR_NAMED_GRAD block=1728 name=ln_g_8 grad=20ecbe29 grad_elems=1024 param_elems=1024 energy=0x1.26p-26 finite=1
ATTR_NAMED_GRAD block=1728 name=ln_b_8 grad=a1f5a55d grad_elems=1024 param_elems=1024 energy=0x1.36p-22 finite=1
ATTR_NAMED_GRAD block=1728 name=ff2_3 grad=be5c49cd grad_elems=3145728 param_elems=3145728 energy=0x1.28p-7 finite=1
ATTR_NAMED_GRAD block=1728 name=ff1_3 grad=6d8a0647 grad_elems=6291456 param_elems=6291456 energy=0x1.92p-8 finite=1
ATTR_NAMED_GRAD block=1728 name=ln_g_7 grad=7e64a89c grad_elems=1024 param_elems=1024 energy=0x1.2ep-19 finite=1
ATTR_NAMED_GRAD block=1728 name=ln_b_7 grad=383b8fd5 grad_elems=1024 param_elems=1024 energy=0x1.52p-19 finite=1
ATTR_NAMED_GRAD block=1728 name=ff_bias1_3 grad=ee4bfb56 grad_elems=6144 param_elems=6144 energy=0x1.3cp-17 finite=1
ATTR_NAMED_GRAD block=1728 name=ff_bias2_3 grad=fce3ad7d grad_elems=1024 param_elems=1024 energy=0x1.9ap-11 finite=1
ATTR_NAMED_GRAD block=1728 name=w_o_3 grad=42623a0c grad_elems=1048576 param_elems=1048576 energy=0x1.4cp-10 finite=1
ATTR_NAMED_GRAD block=1728 name=w_r_3 grad=d7f7a152 grad_elems=327680 param_elems=327680 energy=0x1.aap-28 finite=1
ATTR_NAMED_GRAD block=1728 name=w_kv_3 grad=e7c86b76 grad_elems=2097152 param_elems=2097152 energy=0x1.6cp-10 finite=1
ATTR_NAMED_GRAD block=1728 name=w_q_3 grad=af1eb89a grad_elems=1048576 param_elems=1048576 energy=0x1.56p-15 finite=1
ATTR_NAMED_GRAD block=1728 name=ln_g_6 grad=e2cf0299 grad_elems=1024 param_elems=1024 energy=0x1.2ep-26 finite=1
ATTR_NAMED_GRAD block=1728 name=ln_b_6 grad=58111281 grad_elems=1024 param_elems=1024 energy=0x1.16p-22 finite=1
ATTR_NAMED_GRAD block=1728 name=ff2_2 grad=2360aa24 grad_elems=3145728 param_elems=3145728 energy=0x1.3p-7 finite=1
ATTR_NAMED_GRAD block=1728 name=ff1_2 grad=9ce7bbd1 grad_elems=6291456 param_elems=6291456 energy=0x1.9ep-8 finite=1
ATTR_NAMED_GRAD block=1728 name=ln_g_5 grad=13f8bc42 grad_elems=1024 param_elems=1024 energy=0x1.4ep-19 finite=1
ATTR_NAMED_GRAD block=1728 name=ln_b_5 grad=85edf301 grad_elems=1024 param_elems=1024 energy=0x1.6ep-19 finite=1
ATTR_NAMED_GRAD block=1728 name=ff_bias1_2 grad=b4b34688 grad_elems=6144 param_elems=6144 energy=0x1.44p-17 finite=1
ATTR_NAMED_GRAD block=1728 name=ff_bias2_2 grad=ef3a2fb3 grad_elems=1024 param_elems=1024 energy=0x1.c2p-11 finite=1
ATTR_NAMED_GRAD block=1728 name=w_o_2 grad=90264354 grad_elems=1048576 param_elems=1048576 energy=0x1.1ap-10 finite=1
ATTR_NAMED_GRAD block=1728 name=w_r_2 grad=0642b44a grad_elems=327680 param_elems=327680 energy=0x1.aap-28 finite=1
ATTR_NAMED_GRAD block=1728 name=w_kv_2 grad=b8b96b9e grad_elems=2097152 param_elems=2097152 energy=0x1.44p-10 finite=1
ATTR_NAMED_GRAD block=1728 name=w_q_2 grad=d792c784 grad_elems=1048576 param_elems=1048576 energy=0x1.b8p-15 finite=1
ATTR_NAMED_GRAD block=1728 name=ln_g_4 grad=78dac3b7 grad_elems=1024 param_elems=1024 energy=0x1.dcp-26 finite=1
ATTR_NAMED_GRAD block=1728 name=ln_b_4 grad=727637f8 grad_elems=1024 param_elems=1024 energy=0x1.42p-21 finite=1
ATTR_NAMED_GRAD block=1728 name=ff2_1 grad=98e5ce20 grad_elems=3145728 param_elems=3145728 energy=0x1.38p-7 finite=1
ATTR_NAMED_GRAD block=1728 name=ff1_1 grad=2aafd088 grad_elems=6291456 param_elems=6291456 energy=0x1.b2p-8 finite=1
ATTR_NAMED_GRAD block=1728 name=ln_g_3 grad=be00f85b grad_elems=1024 param_elems=1024 energy=0x1.1ep-19 finite=1
ATTR_NAMED_GRAD block=1728 name=ln_b_3 grad=972e9d35 grad_elems=1024 param_elems=1024 energy=0x1.36p-19 finite=1
ATTR_NAMED_GRAD block=1728 name=ff_bias1_1 grad=9452cccf grad_elems=6144 param_elems=6144 energy=0x1.4cp-17 finite=1
ATTR_NAMED_GRAD block=1728 name=ff_bias2_1 grad=d732839c grad_elems=1024 param_elems=1024 energy=0x1.f4p-11 finite=1
ATTR_NAMED_GRAD block=1728 name=w_o_1 grad=73209741 grad_elems=1048576 param_elems=1048576 energy=0x1.32p-10 finite=1
ATTR_NAMED_GRAD block=1728 name=w_r_1 grad=6a0b9464 grad_elems=327680 param_elems=327680 energy=0x1.4p-27 finite=1
ATTR_NAMED_GRAD block=1728 name=w_kv_1 grad=6494ece5 grad_elems=2097152 param_elems=2097152 energy=0x1.28p-10 finite=1
ATTR_NAMED_GRAD block=1728 name=w_q_1 grad=c38fe277 grad_elems=1048576 param_elems=1048576 energy=0x1.8p-13 finite=1
ATTR_NAMED_GRAD block=1728 name=ln_g_2 grad=0f4f37e6 grad_elems=1024 param_elems=1024 energy=0x1.1p-23 finite=1
ATTR_NAMED_GRAD block=1728 name=ln_b_2 grad=40b3512a grad_elems=1024 param_elems=1024 energy=0x1.08p-20 finite=1
ATTR_NAMED_GRAD block=1728 name=ff2_0 grad=b24a0e2b grad_elems=3145728 param_elems=3145728 energy=0x1.4p-7 finite=1
ATTR_NAMED_GRAD block=1728 name=ff1_0 grad=0d5abf4e grad_elems=6291456 param_elems=6291456 energy=0x1.c4p-8 finite=1
ATTR_NAMED_GRAD block=1728 name=ln_g_1 grad=9c346995 grad_elems=1024 param_elems=1024 energy=0x1.6p-19 finite=1
ATTR_NAMED_GRAD block=1728 name=ln_b_1 grad=50a6127e grad_elems=1024 param_elems=1024 energy=0x1.66p-19 finite=1
ATTR_NAMED_GRAD block=1728 name=ff_bias1_0 grad=7f6b9ac3 grad_elems=6144 param_elems=6144 energy=0x1.5ep-17 finite=1
ATTR_NAMED_GRAD block=1728 name=ff_bias2_0 grad=168de1e6 grad_elems=1024 param_elems=1024 energy=0x1.16p-10 finite=1
ATTR_NAMED_GRAD block=1728 name=w_o_0 grad=f61f75f2 grad_elems=1048576 param_elems=1048576 energy=0x1.d8p-11 finite=1
ATTR_NAMED_GRAD block=1728 name=w_r_0 grad=554dccd1 grad_elems=327680 param_elems=327680 energy=0x1.f6p-28 finite=1
ATTR_NAMED_GRAD block=1728 name=b_r_0 grad=090f75e6 grad_elems=2560 param_elems=2560 energy=0x1.ap-11 finite=1
ATTR_NAMED_GRAD block=1728 name=w_kv_0 grad=9c7488b1 grad_elems=2097152 param_elems=2097152 energy=0x1.e6p-11 finite=1
ATTR_NAMED_GRAD block=1728 name=w_q_0 grad=5b4c8bcd grad_elems=1048576 param_elems=1048576 energy=0x1.f8p-15 finite=1
ATTR_NAMED_GRAD block=1728 name=ln_g_0 grad=239352da grad_elems=1024 param_elems=1024 energy=0x1.04p-25 finite=1
ATTR_NAMED_GRAD block=1728 name=ln_b_0 grad=d0a35e07 grad_elems=1024 param_elems=1024 energy=0x1.6cp-22 finite=1
ATTR_NAMED_GRAD block=1728 name=embed grad=3e5cff98 grad_elems=16785408 param_elems=16785408 energy=0x1.8a3cbcp-3 finite=1
ATTR_NAMED_GRAD block=1728 name=ln_g_40 grad=88e84b9d grad_elems=1024 param_elems=1024 energy=0x1.cp-12 finite=1
ATTR_NAMED_GRAD block=1728 name=ln_b_40 grad=9289af7e grad_elems=1024 param_elems=1024 energy=0x1.94p-12 finite=1
ATTR_NAMED_GRAD block=1728 name=out_bias grad=07abfce9 grad_elems=16392 param_elems=16392 energy=0x1.b8p-10 finite=1
ATTR_HEAD arm=1 block=1728 weight=378ad91b bias=9a066305
ATTR_STATE arm=1 block=1728 step=56 params=98d989af memory=e28cc133
ATTR_NAMED_GRAD block=1792 name=embed_out grad=36ff38d5 grad_elems=16785408 param_elems=16785408 energy=0x1.46p+0 finite=1
ATTR_NAMED_GRAD block=1792 name=ff2_19 grad=3a297112 grad_elems=3145728 param_elems=3145728 energy=0x1.28p-8 finite=1
ATTR_NAMED_GRAD block=1792 name=ff1_19 grad=52c87e87 grad_elems=6291456 param_elems=6291456 energy=0x1.f6p-9 finite=1
ATTR_NAMED_GRAD block=1792 name=ln_g_39 grad=961c53eb grad_elems=1024 param_elems=1024 energy=0x1.1ep-20 finite=1
ATTR_NAMED_GRAD block=1792 name=ln_b_39 grad=49562bab grad_elems=1024 param_elems=1024 energy=0x1.82p-20 finite=1
ATTR_NAMED_GRAD block=1792 name=ff_bias1_19 grad=e504c89c grad_elems=6144 param_elems=6144 energy=0x1.3ep-18 finite=1
ATTR_NAMED_GRAD block=1792 name=ff_bias2_19 grad=8b261140 grad_elems=1024 param_elems=1024 energy=0x1.a8p-13 finite=1
ATTR_NAMED_GRAD block=1792 name=w_o_19 grad=278769c4 grad_elems=1048576 param_elems=1048576 energy=0x1.6cp-6 finite=1
ATTR_NAMED_GRAD block=1792 name=w_r_19 grad=b72824e2 grad_elems=327680 param_elems=327680 energy=0x1.38p-28 finite=1
ATTR_NAMED_GRAD block=1792 name=w_kv_19 grad=ecde8461 grad_elems=2097152 param_elems=2097152 energy=0x1.dp-6 finite=1
ATTR_NAMED_GRAD block=1792 name=w_q_19 grad=c2946b71 grad_elems=1048576 param_elems=1048576 energy=0x1.0cp-14 finite=1
ATTR_NAMED_GRAD block=1792 name=ln_g_38 grad=f645a203 grad_elems=1024 param_elems=1024 energy=0x1.12p-24 finite=1
ATTR_NAMED_GRAD block=1792 name=ln_b_38 grad=6a562284 grad_elems=1024 param_elems=1024 energy=0x1.58p-23 finite=1
ATTR_NAMED_GRAD block=1792 name=ff2_18 grad=4c381368 grad_elems=3145728 param_elems=3145728 energy=0x1.92p-8 finite=1
ATTR_NAMED_GRAD block=1792 name=ff1_18 grad=61328eb6 grad_elems=6291456 param_elems=6291456 energy=0x1.1ep-8 finite=1
ATTR_NAMED_GRAD block=1792 name=ln_g_37 grad=dc60896a grad_elems=1024 param_elems=1024 energy=0x1.3p-20 finite=1
ATTR_NAMED_GRAD block=1792 name=ln_b_37 grad=a35bbc62 grad_elems=1024 param_elems=1024 energy=0x1.96p-20 finite=1
ATTR_NAMED_GRAD block=1792 name=ff_bias1_18 grad=a96a8f8c grad_elems=6144 param_elems=6144 energy=0x1.6ap-18 finite=1
ATTR_NAMED_GRAD block=1792 name=ff_bias2_18 grad=18e5312a grad_elems=1024 param_elems=1024 energy=0x1.b2p-13 finite=1
ATTR_NAMED_GRAD block=1792 name=w_o_18 grad=74dc5864 grad_elems=1048576 param_elems=1048576 energy=0x1.bap-7 finite=1
ATTR_NAMED_GRAD block=1792 name=w_r_18 grad=24e3f6e3 grad_elems=327680 param_elems=327680 energy=0x1.fcp-28 finite=1
ATTR_NAMED_GRAD block=1792 name=w_kv_18 grad=2ed8a6fb grad_elems=2097152 param_elems=2097152 energy=0x1.1ep-6 finite=1
ATTR_NAMED_GRAD block=1792 name=w_q_18 grad=0c066585 grad_elems=1048576 param_elems=1048576 energy=0x1.52p-13 finite=1
ATTR_NAMED_GRAD block=1792 name=ln_g_36 grad=e559e4ad grad_elems=1024 param_elems=1024 energy=0x1.68p-24 finite=1
ATTR_NAMED_GRAD block=1792 name=ln_b_36 grad=20f9ac45 grad_elems=1024 param_elems=1024 energy=0x1.1cp-22 finite=1
ATTR_NAMED_GRAD block=1792 name=ff2_17 grad=368da0d3 grad_elems=3145728 param_elems=3145728 energy=0x1p-7 finite=1
ATTR_NAMED_GRAD block=1792 name=ff1_17 grad=dc1860a9 grad_elems=6291456 param_elems=6291456 energy=0x1.3ep-8 finite=1
ATTR_NAMED_GRAD block=1792 name=ln_g_35 grad=25746857 grad_elems=1024 param_elems=1024 energy=0x1.44p-20 finite=1
ATTR_NAMED_GRAD block=1792 name=ln_b_35 grad=c11765e6 grad_elems=1024 param_elems=1024 energy=0x1.fep-20 finite=1
ATTR_NAMED_GRAD block=1792 name=ff_bias1_17 grad=c2d378e8 grad_elems=6144 param_elems=6144 energy=0x1.ap-18 finite=1
ATTR_NAMED_GRAD block=1792 name=ff_bias2_17 grad=fb2d05f3 grad_elems=1024 param_elems=1024 energy=0x1.b6p-13 finite=1
ATTR_NAMED_GRAD block=1792 name=w_o_17 grad=ba21a611 grad_elems=1048576 param_elems=1048576 energy=0x1.32p-7 finite=1
ATTR_NAMED_GRAD block=1792 name=w_r_17 grad=918b2b90 grad_elems=327680 param_elems=327680 energy=0x1.92p-27 finite=1
ATTR_NAMED_GRAD block=1792 name=w_kv_17 grad=da0b3d00 grad_elems=2097152 param_elems=2097152 energy=0x1.68p-7 finite=1
ATTR_NAMED_GRAD block=1792 name=w_q_17 grad=b0ec20e6 grad_elems=1048576 param_elems=1048576 energy=0x1.bcp-14 finite=1
ATTR_NAMED_GRAD block=1792 name=ln_g_34 grad=7a3620d7 grad_elems=1024 param_elems=1024 energy=0x1.b6p-24 finite=1
ATTR_NAMED_GRAD block=1792 name=ln_b_34 grad=11a417c8 grad_elems=1024 param_elems=1024 energy=0x1.a8p-22 finite=1
ATTR_NAMED_GRAD block=1792 name=ff2_16 grad=494ffaca grad_elems=3145728 param_elems=3145728 energy=0x1p-7 finite=1
ATTR_NAMED_GRAD block=1792 name=ff1_16 grad=28a2ac39 grad_elems=6291456 param_elems=6291456 energy=0x1.3ep-8 finite=1
ATTR_NAMED_GRAD block=1792 name=ln_g_33 grad=5f07d1cc grad_elems=1024 param_elems=1024 energy=0x1.4cp-20 finite=1
ATTR_NAMED_GRAD block=1792 name=ln_b_33 grad=fb5705b3 grad_elems=1024 param_elems=1024 energy=0x1.aap-20 finite=1
ATTR_NAMED_GRAD block=1792 name=ff_bias1_16 grad=4d5823e2 grad_elems=6144 param_elems=6144 energy=0x1.92p-18 finite=1
ATTR_NAMED_GRAD block=1792 name=ff_bias2_16 grad=d68b9e7c grad_elems=1024 param_elems=1024 energy=0x1.bep-13 finite=1
ATTR_NAMED_GRAD block=1792 name=w_o_16 grad=b91fabb7 grad_elems=1048576 param_elems=1048576 energy=0x1.dcp-8 finite=1
ATTR_NAMED_GRAD block=1792 name=w_r_16 grad=1381b8e7 grad_elems=327680 param_elems=327680 energy=0x1.eep-28 finite=1
ATTR_NAMED_GRAD block=1792 name=w_kv_16 grad=fe93b50c grad_elems=2097152 param_elems=2097152 energy=0x1.28p-7 finite=1
ATTR_NAMED_GRAD block=1792 name=w_q_16 grad=773b4989 grad_elems=1048576 param_elems=1048576 energy=0x1.acp-15 finite=1
ATTR_NAMED_GRAD block=1792 name=ln_g_32 grad=9cda9d59 grad_elems=1024 param_elems=1024 energy=0x1.06p-25 finite=1
ATTR_NAMED_GRAD block=1792 name=ln_b_32 grad=82aa8d59 grad_elems=1024 param_elems=1024 energy=0x1.d8p-24 finite=1
ATTR_NAMED_GRAD block=1792 name=ff2_15 grad=0343d21a grad_elems=3145728 param_elems=3145728 energy=0x1.0ep-7 finite=1
ATTR_NAMED_GRAD block=1792 name=ff1_15 grad=2969cba3 grad_elems=6291456 param_elems=6291456 energy=0x1.48p-8 finite=1
ATTR_NAMED_GRAD block=1792 name=ln_g_31 grad=d6cddf47 grad_elems=1024 param_elems=1024 energy=0x1.5ep-20 finite=1
ATTR_NAMED_GRAD block=1792 name=ln_b_31 grad=9039ca7b grad_elems=1024 param_elems=1024 energy=0x1.b4p-20 finite=1
ATTR_NAMED_GRAD block=1792 name=ff_bias1_15 grad=4cce7499 grad_elems=6144 param_elems=6144 energy=0x1.96p-18 finite=1
ATTR_NAMED_GRAD block=1792 name=ff_bias2_15 grad=92815706 grad_elems=1024 param_elems=1024 energy=0x1.d2p-13 finite=1
ATTR_NAMED_GRAD block=1792 name=w_o_15 grad=d98da50e grad_elems=1048576 param_elems=1048576 energy=0x1.9ap-8 finite=1
ATTR_NAMED_GRAD block=1792 name=w_r_15 grad=f38ca616 grad_elems=327680 param_elems=327680 energy=0x1.d2p-28 finite=1
ATTR_NAMED_GRAD block=1792 name=w_kv_15 grad=61f1f7dc grad_elems=2097152 param_elems=2097152 energy=0x1.e8p-8 finite=1
ATTR_NAMED_GRAD block=1792 name=w_q_15 grad=3e2763bd grad_elems=1048576 param_elems=1048576 energy=0x1.9cp-15 finite=1
ATTR_NAMED_GRAD block=1792 name=ln_g_30 grad=31dbe00f grad_elems=1024 param_elems=1024 energy=0x1.16p-25 finite=1
ATTR_NAMED_GRAD block=1792 name=ln_b_30 grad=5660b4a6 grad_elems=1024 param_elems=1024 energy=0x1.e8p-24 finite=1
ATTR_NAMED_GRAD block=1792 name=ff2_14 grad=9fe7111c grad_elems=3145728 param_elems=3145728 energy=0x1.1p-7 finite=1
ATTR_NAMED_GRAD block=1792 name=ff1_14 grad=f2d889a3 grad_elems=6291456 param_elems=6291456 energy=0x1.4cp-8 finite=1
ATTR_NAMED_GRAD block=1792 name=ln_g_29 grad=3263dc6a grad_elems=1024 param_elems=1024 energy=0x1.88p-20 finite=1
ATTR_NAMED_GRAD block=1792 name=ln_b_29 grad=cc3cb77f grad_elems=1024 param_elems=1024 energy=0x1.02p-19 finite=1
ATTR_NAMED_GRAD block=1792 name=ff_bias1_14 grad=672e8a6d grad_elems=6144 param_elems=6144 energy=0x1.bp-18 finite=1
ATTR_NAMED_GRAD block=1792 name=ff_bias2_14 grad=55c3eb13 grad_elems=1024 param_elems=1024 energy=0x1.eep-13 finite=1
ATTR_NAMED_GRAD block=1792 name=w_o_14 grad=e58a6491 grad_elems=1048576 param_elems=1048576 energy=0x1.4ep-8 finite=1
ATTR_NAMED_GRAD block=1792 name=w_r_14 grad=2c3cf82e grad_elems=327680 param_elems=327680 energy=0x1.64p-28 finite=1
ATTR_NAMED_GRAD block=1792 name=w_kv_14 grad=7c519b9c grad_elems=2097152 param_elems=2097152 energy=0x1.84p-8 finite=1
ATTR_NAMED_GRAD block=1792 name=w_q_14 grad=dde6543c grad_elems=1048576 param_elems=1048576 energy=0x1.1ap-15 finite=1
ATTR_NAMED_GRAD block=1792 name=ln_g_28 grad=3b5109fd grad_elems=1024 param_elems=1024 energy=0x1.22p-26 finite=1
ATTR_NAMED_GRAD block=1792 name=ln_b_28 grad=3030727c grad_elems=1024 param_elems=1024 energy=0x1.c6p-25 finite=1
ATTR_NAMED_GRAD block=1792 name=ff2_13 grad=ed7b805c grad_elems=3145728 param_elems=3145728 energy=0x1.06p-7 finite=1
ATTR_NAMED_GRAD block=1792 name=ff1_13 grad=e829bf65 grad_elems=6291456 param_elems=6291456 energy=0x1.4ap-8 finite=1
ATTR_NAMED_GRAD block=1792 name=ln_g_27 grad=c4716d68 grad_elems=1024 param_elems=1024 energy=0x1.64p-20 finite=1
ATTR_NAMED_GRAD block=1792 name=ln_b_27 grad=e9ea2be5 grad_elems=1024 param_elems=1024 energy=0x1.cep-20 finite=1
ATTR_NAMED_GRAD block=1792 name=ff_bias1_13 grad=9d16e628 grad_elems=6144 param_elems=6144 energy=0x1.acp-18 finite=1
ATTR_NAMED_GRAD block=1792 name=ff_bias2_13 grad=514f69f9 grad_elems=1024 param_elems=1024 energy=0x1.0ep-12 finite=1
ATTR_NAMED_GRAD block=1792 name=w_o_13 grad=10c9ec99 grad_elems=1048576 param_elems=1048576 energy=0x1.1ep-8 finite=1
ATTR_NAMED_GRAD block=1792 name=w_r_13 grad=b1f7e189 grad_elems=327680 param_elems=327680 energy=0x1.2ep-28 finite=1
ATTR_NAMED_GRAD block=1792 name=w_kv_13 grad=3aa34b18 grad_elems=2097152 param_elems=2097152 energy=0x1.5p-8 finite=1
ATTR_NAMED_GRAD block=1792 name=w_q_13 grad=6eb6a8b9 grad_elems=1048576 param_elems=1048576 energy=0x1.dcp-16 finite=1
ATTR_NAMED_GRAD block=1792 name=ln_g_26 grad=d4c234a5 grad_elems=1024 param_elems=1024 energy=0x1.f8p-27 finite=1
ATTR_NAMED_GRAD block=1792 name=ln_b_26 grad=c89bfba7 grad_elems=1024 param_elems=1024 energy=0x1.24p-24 finite=1
ATTR_NAMED_GRAD block=1792 name=ff2_12 grad=98f01ad9 grad_elems=3145728 param_elems=3145728 energy=0x1.1p-7 finite=1
ATTR_NAMED_GRAD block=1792 name=ff1_12 grad=d4fd86ea grad_elems=6291456 param_elems=6291456 energy=0x1.58p-8 finite=1
ATTR_NAMED_GRAD block=1792 name=ln_g_25 grad=58771662 grad_elems=1024 param_elems=1024 energy=0x1.9ap-20 finite=1
ATTR_NAMED_GRAD block=1792 name=ln_b_25 grad=736e9552 grad_elems=1024 param_elems=1024 energy=0x1.dap-20 finite=1
ATTR_NAMED_GRAD block=1792 name=ff_bias1_12 grad=3ddcd155 grad_elems=6144 param_elems=6144 energy=0x1.b8p-18 finite=1
ATTR_NAMED_GRAD block=1792 name=ff_bias2_12 grad=2209c80b grad_elems=1024 param_elems=1024 energy=0x1.24p-12 finite=1
ATTR_NAMED_GRAD block=1792 name=w_o_12 grad=e4aa92e1 grad_elems=1048576 param_elems=1048576 energy=0x1p-8 finite=1
ATTR_NAMED_GRAD block=1792 name=w_r_12 grad=6541c731 grad_elems=327680 param_elems=327680 energy=0x1.32p-28 finite=1
ATTR_NAMED_GRAD block=1792 name=w_kv_12 grad=fed2cb4b grad_elems=2097152 param_elems=2097152 energy=0x1.1cp-8 finite=1
ATTR_NAMED_GRAD block=1792 name=w_q_12 grad=85aa6a8a grad_elems=1048576 param_elems=1048576 energy=0x1.d8p-16 finite=1
ATTR_NAMED_GRAD block=1792 name=ln_g_24 grad=49931ee5 grad_elems=1024 param_elems=1024 energy=0x1.dep-27 finite=1
ATTR_NAMED_GRAD block=1792 name=ln_b_24 grad=0973d272 grad_elems=1024 param_elems=1024 energy=0x1.0ap-24 finite=1
ATTR_NAMED_GRAD block=1792 name=ff2_11 grad=4a350026 grad_elems=3145728 param_elems=3145728 energy=0x1.0ep-7 finite=1
ATTR_NAMED_GRAD block=1792 name=ff1_11 grad=dd9214d4 grad_elems=6291456 param_elems=6291456 energy=0x1.5cp-8 finite=1
ATTR_NAMED_GRAD block=1792 name=ln_g_23 grad=85b2eb12 grad_elems=1024 param_elems=1024 energy=0x1.92p-20 finite=1
ATTR_NAMED_GRAD block=1792 name=ln_b_23 grad=1a420aae grad_elems=1024 param_elems=1024 energy=0x1.1ep-19 finite=1
ATTR_NAMED_GRAD block=1792 name=ff_bias1_11 grad=3629da71 grad_elems=6144 param_elems=6144 energy=0x1.d6p-18 finite=1
ATTR_NAMED_GRAD block=1792 name=ff_bias2_11 grad=6585e41f grad_elems=1024 param_elems=1024 energy=0x1.3ep-12 finite=1
ATTR_NAMED_GRAD block=1792 name=w_o_11 grad=a101a12d grad_elems=1048576 param_elems=1048576 energy=0x1.c8p-9 finite=1
ATTR_NAMED_GRAD block=1792 name=w_r_11 grad=c249d0bd grad_elems=327680 param_elems=327680 energy=0x1.34p-28 finite=1
ATTR_NAMED_GRAD block=1792 name=w_kv_11 grad=5a5fa24a grad_elems=2097152 param_elems=2097152 energy=0x1.fep-9 finite=1
ATTR_NAMED_GRAD block=1792 name=w_q_11 grad=14d6e2bf grad_elems=1048576 param_elems=1048576 energy=0x1.e8p-16 finite=1
ATTR_NAMED_GRAD block=1792 name=ln_g_22 grad=862ac46b grad_elems=1024 param_elems=1024 energy=0x1.d2p-27 finite=1
ATTR_NAMED_GRAD block=1792 name=ln_b_22 grad=0e2ef09d grad_elems=1024 param_elems=1024 energy=0x1.a4p-24 finite=1
ATTR_NAMED_GRAD block=1792 name=ff2_10 grad=5978281e grad_elems=3145728 param_elems=3145728 energy=0x1.0cp-7 finite=1
ATTR_NAMED_GRAD block=1792 name=ff1_10 grad=179adf74 grad_elems=6291456 param_elems=6291456 energy=0x1.64p-8 finite=1
ATTR_NAMED_GRAD block=1792 name=ln_g_21 grad=2fddcf10 grad_elems=1024 param_elems=1024 energy=0x1.cep-20 finite=1
ATTR_NAMED_GRAD block=1792 name=ln_b_21 grad=97e54459 grad_elems=1024 param_elems=1024 energy=0x1.4cp-19 finite=1
ATTR_NAMED_GRAD block=1792 name=ff_bias1_10 grad=9684ce11 grad_elems=6144 param_elems=6144 energy=0x1.f4p-18 finite=1
ATTR_NAMED_GRAD block=1792 name=ff_bias2_10 grad=a6e09947 grad_elems=1024 param_elems=1024 energy=0x1.5cp-12 finite=1
ATTR_NAMED_GRAD block=1792 name=w_o_10 grad=32c94b18 grad_elems=1048576 param_elems=1048576 energy=0x1.92p-9 finite=1
ATTR_NAMED_GRAD block=1792 name=w_r_10 grad=64eee8f2 grad_elems=327680 param_elems=327680 energy=0x1.3ep-28 finite=1
ATTR_NAMED_GRAD block=1792 name=w_kv_10 grad=17673f5a grad_elems=2097152 param_elems=2097152 energy=0x1.c2p-9 finite=1
ATTR_NAMED_GRAD block=1792 name=w_q_10 grad=67b30d83 grad_elems=1048576 param_elems=1048576 energy=0x1.1p-15 finite=1
ATTR_NAMED_GRAD block=1792 name=ln_g_20 grad=033ab07e grad_elems=1024 param_elems=1024 energy=0x1.0ep-26 finite=1
ATTR_NAMED_GRAD block=1792 name=ln_b_20 grad=9f895349 grad_elems=1024 param_elems=1024 energy=0x1.aep-24 finite=1
ATTR_NAMED_GRAD block=1792 name=ff2_9 grad=799e123d grad_elems=3145728 param_elems=3145728 energy=0x1.14p-7 finite=1
ATTR_NAMED_GRAD block=1792 name=ff1_9 grad=1a88a2ef grad_elems=6291456 param_elems=6291456 energy=0x1.72p-8 finite=1
ATTR_NAMED_GRAD block=1792 name=ln_g_19 grad=b2361f5d grad_elems=1024 param_elems=1024 energy=0x1.d8p-20 finite=1
ATTR_NAMED_GRAD block=1792 name=ln_b_19 grad=a1cc7f4f grad_elems=1024 param_elems=1024 energy=0x1.3ep-19 finite=1
ATTR_NAMED_GRAD block=1792 name=ff_bias1_9 grad=0579b39a grad_elems=6144 param_elems=6144 energy=0x1.06p-17 finite=1
ATTR_NAMED_GRAD block=1792 name=ff_bias2_9 grad=dd07fd1f grad_elems=1024 param_elems=1024 energy=0x1.82p-12 finite=1
ATTR_NAMED_GRAD block=1792 name=w_o_9 grad=e1ac0f52 grad_elems=1048576 param_elems=1048576 energy=0x1.72p-9 finite=1
ATTR_NAMED_GRAD block=1792 name=w_r_9 grad=f063f453 grad_elems=327680 param_elems=327680 energy=0x1.62p-28 finite=1
ATTR_NAMED_GRAD block=1792 name=w_kv_9 grad=5099102f grad_elems=2097152 param_elems=2097152 energy=0x1.8ep-9 finite=1
ATTR_NAMED_GRAD block=1792 name=w_q_9 grad=51546995 grad_elems=1048576 param_elems=1048576 energy=0x1.3cp-15 finite=1
ATTR_NAMED_GRAD block=1792 name=ln_g_18 grad=8f996ec6 grad_elems=1024 param_elems=1024 energy=0x1.c4p-26 finite=1
ATTR_NAMED_GRAD block=1792 name=ln_b_18 grad=0efcd2fc grad_elems=1024 param_elems=1024 energy=0x1.3p-23 finite=1
ATTR_NAMED_GRAD block=1792 name=ff2_8 grad=51a99fc4 grad_elems=3145728 param_elems=3145728 energy=0x1.18p-7 finite=1
ATTR_NAMED_GRAD block=1792 name=ff1_8 grad=75d94537 grad_elems=6291456 param_elems=6291456 energy=0x1.7ap-8 finite=1
ATTR_NAMED_GRAD block=1792 name=ln_g_17 grad=d0365a76 grad_elems=1024 param_elems=1024 energy=0x1.04p-19 finite=1
ATTR_NAMED_GRAD block=1792 name=ln_b_17 grad=08f84c3d grad_elems=1024 param_elems=1024 energy=0x1.3ap-19 finite=1
ATTR_NAMED_GRAD block=1792 name=ff_bias1_8 grad=9978aaca grad_elems=6144 param_elems=6144 energy=0x1.0ap-17 finite=1
ATTR_NAMED_GRAD block=1792 name=ff_bias2_8 grad=72efc39d grad_elems=1024 param_elems=1024 energy=0x1.bp-12 finite=1
ATTR_NAMED_GRAD block=1792 name=w_o_8 grad=2b1b6b15 grad_elems=1048576 param_elems=1048576 energy=0x1.3p-9 finite=1
ATTR_NAMED_GRAD block=1792 name=w_r_8 grad=d765019f grad_elems=327680 param_elems=327680 energy=0x1.4p-28 finite=1
ATTR_NAMED_GRAD block=1792 name=w_kv_8 grad=55223f27 grad_elems=2097152 param_elems=2097152 energy=0x1.54p-9 finite=1
ATTR_NAMED_GRAD block=1792 name=w_q_8 grad=a51f7382 grad_elems=1048576 param_elems=1048576 energy=0x1.b2p-16 finite=1
ATTR_NAMED_GRAD block=1792 name=ln_g_16 grad=7a8a0026 grad_elems=1024 param_elems=1024 energy=0x1.a2p-27 finite=1
ATTR_NAMED_GRAD block=1792 name=ln_b_16 grad=2de82f5b grad_elems=1024 param_elems=1024 energy=0x1.eap-24 finite=1
ATTR_NAMED_GRAD block=1792 name=ff2_7 grad=fcddb6a6 grad_elems=3145728 param_elems=3145728 energy=0x1.1cp-7 finite=1
ATTR_NAMED_GRAD block=1792 name=ff1_7 grad=2f7ba441 grad_elems=6291456 param_elems=6291456 energy=0x1.82p-8 finite=1
ATTR_NAMED_GRAD block=1792 name=ln_g_15 grad=48531a72 grad_elems=1024 param_elems=1024 energy=0x1.24p-19 finite=1
ATTR_NAMED_GRAD block=1792 name=ln_b_15 grad=9f8ce4cf grad_elems=1024 param_elems=1024 energy=0x1.48p-19 finite=1
ATTR_NAMED_GRAD block=1792 name=ff_bias1_7 grad=57a789a8 grad_elems=6144 param_elems=6144 energy=0x1.0cp-17 finite=1
ATTR_NAMED_GRAD block=1792 name=ff_bias2_7 grad=6139dbd5 grad_elems=1024 param_elems=1024 energy=0x1.ep-12 finite=1
ATTR_NAMED_GRAD block=1792 name=w_o_7 grad=cba7ee81 grad_elems=1048576 param_elems=1048576 energy=0x1.fcp-10 finite=1
ATTR_NAMED_GRAD block=1792 name=w_r_7 grad=e6f58a42 grad_elems=327680 param_elems=327680 energy=0x1.4ep-28 finite=1
ATTR_NAMED_GRAD block=1792 name=w_kv_7 grad=530215ce grad_elems=2097152 param_elems=2097152 energy=0x1.16p-9 finite=1
ATTR_NAMED_GRAD block=1792 name=w_q_7 grad=66dcb23c grad_elems=1048576 param_elems=1048576 energy=0x1.9ap-16 finite=1
ATTR_NAMED_GRAD block=1792 name=ln_g_14 grad=1d01a9cc grad_elems=1024 param_elems=1024 energy=0x1.6cp-27 finite=1
ATTR_NAMED_GRAD block=1792 name=ln_b_14 grad=5e4b8494 grad_elems=1024 param_elems=1024 energy=0x1.74p-24 finite=1
ATTR_NAMED_GRAD block=1792 name=ff2_6 grad=9624fbb2 grad_elems=3145728 param_elems=3145728 energy=0x1.26p-7 finite=1
ATTR_NAMED_GRAD block=1792 name=ff1_6 grad=b39e6c02 grad_elems=6291456 param_elems=6291456 energy=0x1.94p-8 finite=1
ATTR_NAMED_GRAD block=1792 name=ln_g_13 grad=92c8ce33 grad_elems=1024 param_elems=1024 energy=0x1.0ep-19 finite=1
ATTR_NAMED_GRAD block=1792 name=ln_b_13 grad=5039d354 grad_elems=1024 param_elems=1024 energy=0x1.42p-19 finite=1
ATTR_NAMED_GRAD block=1792 name=ff_bias1_6 grad=fb53ad20 grad_elems=6144 param_elems=6144 energy=0x1.26p-17 finite=1
ATTR_NAMED_GRAD block=1792 name=ff_bias2_6 grad=4b4c8446 grad_elems=1024 param_elems=1024 energy=0x1.08p-11 finite=1
ATTR_NAMED_GRAD block=1792 name=w_o_6 grad=0ca9dcdc grad_elems=1048576 param_elems=1048576 energy=0x1.b6p-10 finite=1
ATTR_NAMED_GRAD block=1792 name=w_r_6 grad=83399d59 grad_elems=327680 param_elems=327680 energy=0x1.6p-28 finite=1
ATTR_NAMED_GRAD block=1792 name=w_kv_6 grad=a0fe602d grad_elems=2097152 param_elems=2097152 energy=0x1.08p-9 finite=1
ATTR_NAMED_GRAD block=1792 name=w_q_6 grad=ccf7d6da grad_elems=1048576 param_elems=1048576 energy=0x1.92p-16 finite=1
ATTR_NAMED_GRAD block=1792 name=ln_g_12 grad=aa24e101 grad_elems=1024 param_elems=1024 energy=0x1.4cp-27 finite=1
ATTR_NAMED_GRAD block=1792 name=ln_b_12 grad=ab0eaacd grad_elems=1024 param_elems=1024 energy=0x1.d4p-24 finite=1
ATTR_NAMED_GRAD block=1792 name=ff2_5 grad=16daa72d grad_elems=3145728 param_elems=3145728 energy=0x1.28p-7 finite=1
ATTR_NAMED_GRAD block=1792 name=ff1_5 grad=79ed5d06 grad_elems=6291456 param_elems=6291456 energy=0x1.9ep-8 finite=1
ATTR_NAMED_GRAD block=1792 name=ln_g_11 grad=d0ac39cb grad_elems=1024 param_elems=1024 energy=0x1.06p-19 finite=1
ATTR_NAMED_GRAD block=1792 name=ln_b_11 grad=0dd4d1cb grad_elems=1024 param_elems=1024 energy=0x1.46p-19 finite=1
ATTR_NAMED_GRAD block=1792 name=ff_bias1_5 grad=265b5a2b grad_elems=6144 param_elems=6144 energy=0x1.1cp-17 finite=1
ATTR_NAMED_GRAD block=1792 name=ff_bias2_5 grad=35aae2c2 grad_elems=1024 param_elems=1024 energy=0x1.2p-11 finite=1
ATTR_NAMED_GRAD block=1792 name=w_o_5 grad=e698016b grad_elems=1048576 param_elems=1048576 energy=0x1.96p-10 finite=1
ATTR_NAMED_GRAD block=1792 name=w_r_5 grad=8dbba26b grad_elems=327680 param_elems=327680 energy=0x1.72p-28 finite=1
ATTR_NAMED_GRAD block=1792 name=w_kv_5 grad=9c85ab09 grad_elems=2097152 param_elems=2097152 energy=0x1.d2p-10 finite=1
ATTR_NAMED_GRAD block=1792 name=w_q_5 grad=fb4cddb4 grad_elems=1048576 param_elems=1048576 energy=0x1.ccp-16 finite=1
ATTR_NAMED_GRAD block=1792 name=ln_g_10 grad=308fd3e0 grad_elems=1024 param_elems=1024 energy=0x1.72p-27 finite=1
ATTR_NAMED_GRAD block=1792 name=ln_b_10 grad=7ced4b63 grad_elems=1024 param_elems=1024 energy=0x1.24p-23 finite=1
ATTR_NAMED_GRAD block=1792 name=ff2_4 grad=7037bdbd grad_elems=3145728 param_elems=3145728 energy=0x1.34p-7 finite=1
ATTR_NAMED_GRAD block=1792 name=ff1_4 grad=61ab700f grad_elems=6291456 param_elems=6291456 energy=0x1.acp-8 finite=1
ATTR_NAMED_GRAD block=1792 name=ln_g_9 grad=0cc98394 grad_elems=1024 param_elems=1024 energy=0x1.22p-19 finite=1
ATTR_NAMED_GRAD block=1792 name=ln_b_9 grad=b550618d grad_elems=1024 param_elems=1024 energy=0x1.36p-19 finite=1
ATTR_NAMED_GRAD block=1792 name=ff_bias1_4 grad=c3890131 grad_elems=6144 param_elems=6144 energy=0x1.2ap-17 finite=1
ATTR_NAMED_GRAD block=1792 name=ff_bias2_4 grad=fcded698 grad_elems=1024 param_elems=1024 energy=0x1.3cp-11 finite=1
ATTR_NAMED_GRAD block=1792 name=w_o_4 grad=783eda6e grad_elems=1048576 param_elems=1048576 energy=0x1.58p-10 finite=1
ATTR_NAMED_GRAD block=1792 name=w_r_4 grad=89846319 grad_elems=327680 param_elems=327680 energy=0x1.96p-28 finite=1
ATTR_NAMED_GRAD block=1792 name=w_kv_4 grad=ed892144 grad_elems=2097152 param_elems=2097152 energy=0x1.96p-10 finite=1
ATTR_NAMED_GRAD block=1792 name=w_q_4 grad=155e5e6b grad_elems=1048576 param_elems=1048576 energy=0x1.24p-15 finite=1
ATTR_NAMED_GRAD block=1792 name=ln_g_8 grad=936beba7 grad_elems=1024 param_elems=1024 energy=0x1.0ep-26 finite=1
ATTR_NAMED_GRAD block=1792 name=ln_b_8 grad=81b91aa0 grad_elems=1024 param_elems=1024 energy=0x1.eap-23 finite=1
ATTR_NAMED_GRAD block=1792 name=ff2_3 grad=94eb6a41 grad_elems=3145728 param_elems=3145728 energy=0x1.4p-7 finite=1
ATTR_NAMED_GRAD block=1792 name=ff1_3 grad=dfb38e33 grad_elems=6291456 param_elems=6291456 energy=0x1.bcp-8 finite=1
ATTR_NAMED_GRAD block=1792 name=ln_g_7 grad=b1384093 grad_elems=1024 param_elems=1024 energy=0x1.2ep-19 finite=1
ATTR_NAMED_GRAD block=1792 name=ln_b_7 grad=2d6dca17 grad_elems=1024 param_elems=1024 energy=0x1.28p-19 finite=1
ATTR_NAMED_GRAD block=1792 name=ff_bias1_3 grad=d28f0582 grad_elems=6144 param_elems=6144 energy=0x1.34p-17 finite=1
ATTR_NAMED_GRAD block=1792 name=ff_bias2_3 grad=b035d632 grad_elems=1024 param_elems=1024 energy=0x1.5ap-11 finite=1
ATTR_NAMED_GRAD block=1792 name=w_o_3 grad=2be1889b grad_elems=1048576 param_elems=1048576 energy=0x1.3ep-10 finite=1
ATTR_NAMED_GRAD block=1792 name=w_r_3 grad=eac56655 grad_elems=327680 param_elems=327680 energy=0x1.d6p-28 finite=1
ATTR_NAMED_GRAD block=1792 name=w_kv_3 grad=cf127f8e grad_elems=2097152 param_elems=2097152 energy=0x1.54p-10 finite=1
ATTR_NAMED_GRAD block=1792 name=w_q_3 grad=cf756926 grad_elems=1048576 param_elems=1048576 energy=0x1.7cp-15 finite=1
ATTR_NAMED_GRAD block=1792 name=ln_g_6 grad=141bcc88 grad_elems=1024 param_elems=1024 energy=0x1.5p-26 finite=1
ATTR_NAMED_GRAD block=1792 name=ln_b_6 grad=6ba56814 grad_elems=1024 param_elems=1024 energy=0x1.ep-23 finite=1
ATTR_NAMED_GRAD block=1792 name=ff2_2 grad=dd9fbc71 grad_elems=3145728 param_elems=3145728 energy=0x1.4cp-7 finite=1
ATTR_NAMED_GRAD block=1792 name=ff1_2 grad=60d71a9b grad_elems=6291456 param_elems=6291456 energy=0x1.cep-8 finite=1
ATTR_NAMED_GRAD block=1792 name=ln_g_5 grad=93e37f09 grad_elems=1024 param_elems=1024 energy=0x1.12p-19 finite=1
ATTR_NAMED_GRAD block=1792 name=ln_b_5 grad=eccf64ce grad_elems=1024 param_elems=1024 energy=0x1.42p-19 finite=1
ATTR_NAMED_GRAD block=1792 name=ff_bias1_2 grad=46a4218b grad_elems=6144 param_elems=6144 energy=0x1.3cp-17 finite=1
ATTR_NAMED_GRAD block=1792 name=ff_bias2_2 grad=8a14b9ad grad_elems=1024 param_elems=1024 energy=0x1.74p-11 finite=1
ATTR_NAMED_GRAD block=1792 name=w_o_2 grad=97a3733b grad_elems=1048576 param_elems=1048576 energy=0x1.26p-10 finite=1
ATTR_NAMED_GRAD block=1792 name=w_r_2 grad=6decab2c grad_elems=327680 param_elems=327680 energy=0x1.cap-28 finite=1
ATTR_NAMED_GRAD block=1792 name=w_kv_2 grad=d1bdfe3f grad_elems=2097152 param_elems=2097152 energy=0x1.4p-10 finite=1
ATTR_NAMED_GRAD block=1792 name=w_q_2 grad=67b10716 grad_elems=1048576 param_elems=1048576 energy=0x1.8ep-15 finite=1
ATTR_NAMED_GRAD block=1792 name=ln_g_4 grad=c5e66f9f grad_elems=1024 param_elems=1024 energy=0x1.8p-26 finite=1
ATTR_NAMED_GRAD block=1792 name=ln_b_4 grad=057cb1ba grad_elems=1024 param_elems=1024 energy=0x1.7p-22 finite=1
ATTR_NAMED_GRAD block=1792 name=ff2_1 grad=5cf5b423 grad_elems=3145728 param_elems=3145728 energy=0x1.58p-7 finite=1
ATTR_NAMED_GRAD block=1792 name=ff1_1 grad=6486fc30 grad_elems=6291456 param_elems=6291456 energy=0x1.dep-8 finite=1
ATTR_NAMED_GRAD block=1792 name=ln_g_3 grad=bbb4d1b5 grad_elems=1024 param_elems=1024 energy=0x1.0ap-19 finite=1
ATTR_NAMED_GRAD block=1792 name=ln_b_3 grad=959e6867 grad_elems=1024 param_elems=1024 energy=0x1.4cp-19 finite=1
ATTR_NAMED_GRAD block=1792 name=ff_bias1_1 grad=145871c9 grad_elems=6144 param_elems=6144 energy=0x1.4p-17 finite=1
ATTR_NAMED_GRAD block=1792 name=ff_bias2_1 grad=857fb3f9 grad_elems=1024 param_elems=1024 energy=0x1.96p-11 finite=1
ATTR_NAMED_GRAD block=1792 name=w_o_1 grad=80f0f04d grad_elems=1048576 param_elems=1048576 energy=0x1.2ap-10 finite=1
ATTR_NAMED_GRAD block=1792 name=w_r_1 grad=27c73bed grad_elems=327680 param_elems=327680 energy=0x1.2p-27 finite=1
ATTR_NAMED_GRAD block=1792 name=w_kv_1 grad=703bba21 grad_elems=2097152 param_elems=2097152 energy=0x1.1ap-10 finite=1
ATTR_NAMED_GRAD block=1792 name=w_q_1 grad=1e83fa75 grad_elems=1048576 param_elems=1048576 energy=0x1.42p-13 finite=1
ATTR_NAMED_GRAD block=1792 name=ln_g_2 grad=b480f266 grad_elems=1024 param_elems=1024 energy=0x1.aep-24 finite=1
ATTR_NAMED_GRAD block=1792 name=ln_b_2 grad=4df9af1b grad_elems=1024 param_elems=1024 energy=0x1.1p-20 finite=1
ATTR_NAMED_GRAD block=1792 name=ff2_0 grad=7007cb72 grad_elems=3145728 param_elems=3145728 energy=0x1.6p-7 finite=1
ATTR_NAMED_GRAD block=1792 name=ff1_0 grad=5fed1d4a grad_elems=6291456 param_elems=6291456 energy=0x1.f4p-8 finite=1
ATTR_NAMED_GRAD block=1792 name=ln_g_1 grad=2014d327 grad_elems=1024 param_elems=1024 energy=0x1.36p-19 finite=1
ATTR_NAMED_GRAD block=1792 name=ln_b_1 grad=a6fc201b grad_elems=1024 param_elems=1024 energy=0x1.52p-19 finite=1
ATTR_NAMED_GRAD block=1792 name=ff_bias1_0 grad=d24b1b4d grad_elems=6144 param_elems=6144 energy=0x1.5cp-17 finite=1
ATTR_NAMED_GRAD block=1792 name=ff_bias2_0 grad=e590a650 grad_elems=1024 param_elems=1024 energy=0x1.cap-11 finite=1
ATTR_NAMED_GRAD block=1792 name=w_o_0 grad=094110ce grad_elems=1048576 param_elems=1048576 energy=0x1.c8p-11 finite=1
ATTR_NAMED_GRAD block=1792 name=w_r_0 grad=679eb69a grad_elems=327680 param_elems=327680 energy=0x1.0ap-27 finite=1
ATTR_NAMED_GRAD block=1792 name=b_r_0 grad=e85643d3 grad_elems=2560 param_elems=2560 energy=0x1.9p-11 finite=1
ATTR_NAMED_GRAD block=1792 name=w_kv_0 grad=690374df grad_elems=2097152 param_elems=2097152 energy=0x1.dp-11 finite=1
ATTR_NAMED_GRAD block=1792 name=w_q_0 grad=1fbbb9dd grad_elems=1048576 param_elems=1048576 energy=0x1.88p-15 finite=1
ATTR_NAMED_GRAD block=1792 name=ln_g_0 grad=7e960e78 grad_elems=1024 param_elems=1024 energy=0x1.56p-26 finite=1
ATTR_NAMED_GRAD block=1792 name=ln_b_0 grad=9d636af4 grad_elems=1024 param_elems=1024 energy=0x1.e6p-23 finite=1
ATTR_NAMED_GRAD block=1792 name=embed grad=49d2b70c grad_elems=16785408 param_elems=16785408 energy=0x1.aecaf8p-3 finite=1
ATTR_NAMED_GRAD block=1792 name=ln_g_40 grad=d901c226 grad_elems=1024 param_elems=1024 energy=0x1.42p-12 finite=1
ATTR_NAMED_GRAD block=1792 name=ln_b_40 grad=d4637102 grad_elems=1024 param_elems=1024 energy=0x1.7cp-12 finite=1
ATTR_NAMED_GRAD block=1792 name=out_bias grad=47e159b9 grad_elems=16392 param_elems=16392 energy=0x1.32p-10 finite=1
ATTR_HEAD arm=1 block=1792 weight=f6db6ce6 bias=cab25e11
ATTR_STATE arm=1 block=1792 step=58 params=f70e1b1f memory=5d5cc34a
ATTR_NAMED_GRAD block=1856 name=embed_out grad=f9ad7924 grad_elems=16785408 param_elems=16785408 energy=0x1.3ap+0 finite=1
ATTR_NAMED_GRAD block=1856 name=ff2_19 grad=5b8f70b3 grad_elems=3145728 param_elems=3145728 energy=0x1.16p-8 finite=1
ATTR_NAMED_GRAD block=1856 name=ff1_19 grad=60626d80 grad_elems=6291456 param_elems=6291456 energy=0x1.a2p-9 finite=1
ATTR_NAMED_GRAD block=1856 name=ln_g_39 grad=cbd6d52f grad_elems=1024 param_elems=1024 energy=0x1.6ep-21 finite=1
ATTR_NAMED_GRAD block=1856 name=ln_b_39 grad=83521f8e grad_elems=1024 param_elems=1024 energy=0x1.aep-21 finite=1
ATTR_NAMED_GRAD block=1856 name=ff_bias1_19 grad=91587d7b grad_elems=6144 param_elems=6144 energy=0x1.d4p-19 finite=1
ATTR_NAMED_GRAD block=1856 name=ff_bias2_19 grad=04746583 grad_elems=1024 param_elems=1024 energy=0x1.38p-13 finite=1
ATTR_NAMED_GRAD block=1856 name=w_o_19 grad=f3ea6f0c grad_elems=1048576 param_elems=1048576 energy=0x1.08p-6 finite=1
ATTR_NAMED_GRAD block=1856 name=w_r_19 grad=3d876bf8 grad_elems=327680 param_elems=327680 energy=0x1.4p-28 finite=1
ATTR_NAMED_GRAD block=1856 name=w_kv_19 grad=6751f693 grad_elems=2097152 param_elems=2097152 energy=0x1.24p-6 finite=1
ATTR_NAMED_GRAD block=1856 name=w_q_19 grad=8912f7b8 grad_elems=1048576 param_elems=1048576 energy=0x1.9p-15 finite=1
ATTR_NAMED_GRAD block=1856 name=ln_g_38 grad=9e2c5b86 grad_elems=1024 param_elems=1024 energy=0x1.e2p-26 finite=1
ATTR_NAMED_GRAD block=1856 name=ln_b_38 grad=f7ab1b3d grad_elems=1024 param_elems=1024 energy=0x1.b6p-25 finite=1
ATTR_NAMED_GRAD block=1856 name=ff2_18 grad=7a9e678d grad_elems=3145728 param_elems=3145728 energy=0x1.82p-8 finite=1
ATTR_NAMED_GRAD block=1856 name=ff1_18 grad=04b8af4a grad_elems=6291456 param_elems=6291456 energy=0x1.02p-8 finite=1
ATTR_NAMED_GRAD block=1856 name=ln_g_37 grad=b635612e grad_elems=1024 param_elems=1024 energy=0x1.ecp-21 finite=1
ATTR_NAMED_GRAD block=1856 name=ln_b_37 grad=71ad7670 grad_elems=1024 param_elems=1024 energy=0x1.28p-20 finite=1
ATTR_NAMED_GRAD block=1856 name=ff_bias1_18 grad=49b776eb grad_elems=6144 param_elems=6144 energy=0x1.28p-18 finite=1
ATTR_NAMED_GRAD block=1856 name=ff_bias2_18 grad=a4b81bca grad_elems=1024 param_elems=1024 energy=0x1.3ap-13 finite=1
ATTR_NAMED_GRAD block=1856 name=w_o_18 grad=2854d607 grad_elems=1048576 param_elems=1048576 energy=0x1.54p-7 finite=1
ATTR_NAMED_GRAD block=1856 name=w_r_18 grad=d9e9882e grad_elems=327680 param_elems=327680 energy=0x1.36p-27 finite=1
ATTR_NAMED_GRAD block=1856 name=w_kv_18 grad=6d601153 grad_elems=2097152 param_elems=2097152 energy=0x1.86p-7 finite=1
ATTR_NAMED_GRAD block=1856 name=w_q_18 grad=49a5d5c2 grad_elems=1048576 param_elems=1048576 energy=0x1.1ep-14 finite=1
ATTR_NAMED_GRAD block=1856 name=ln_g_36 grad=5acee3b2 grad_elems=1024 param_elems=1024 energy=0x1.42p-25 finite=1
ATTR_NAMED_GRAD block=1856 name=ln_b_36 grad=d5b7e5f0 grad_elems=1024 param_elems=1024 energy=0x1.12p-24 finite=1
ATTR_NAMED_GRAD block=1856 name=ff2_17 grad=b5bbbd27 grad_elems=3145728 param_elems=3145728 energy=0x1p-7 finite=1
ATTR_NAMED_GRAD block=1856 name=ff1_17 grad=e95e3027 grad_elems=6291456 param_elems=6291456 energy=0x1.2ap-8 finite=1
ATTR_NAMED_GRAD block=1856 name=ln_g_35 grad=1dfbb796 grad_elems=1024 param_elems=1024 energy=0x1.2p-20 finite=1
ATTR_NAMED_GRAD block=1856 name=ln_b_35 grad=ab81d035 grad_elems=1024 param_elems=1024 energy=0x1.42p-20 finite=1
ATTR_NAMED_GRAD block=1856 name=ff_bias1_17 grad=96ade4b1 grad_elems=6144 param_elems=6144 energy=0x1.54p-18 finite=1
ATTR_NAMED_GRAD block=1856 name=ff_bias2_17 grad=6c948498 grad_elems=1024 param_elems=1024 energy=0x1.3ap-13 finite=1
ATTR_NAMED_GRAD block=1856 name=w_o_17 grad=8ce3c17b grad_elems=1048576 param_elems=1048576 energy=0x1.e6p-8 finite=1
ATTR_NAMED_GRAD block=1856 name=w_r_17 grad=e8082bd9 grad_elems=327680 param_elems=327680 energy=0x1.1ep-26 finite=1
ATTR_NAMED_GRAD block=1856 name=w_kv_17 grad=f106763a grad_elems=2097152 param_elems=2097152 energy=0x1.22p-7 finite=1
ATTR_NAMED_GRAD block=1856 name=w_q_17 grad=4a9e7f57 grad_elems=1048576 param_elems=1048576 energy=0x1.3ep-13 finite=1
ATTR_NAMED_GRAD block=1856 name=ln_g_34 grad=aca5bb3d grad_elems=1024 param_elems=1024 energy=0x1.98p-23 finite=1
ATTR_NAMED_GRAD block=1856 name=ln_b_34 grad=5fae47d4 grad_elems=1024 param_elems=1024 energy=0x1.cep-22 finite=1
ATTR_NAMED_GRAD block=1856 name=ff2_16 grad=8529f850 grad_elems=3145728 param_elems=3145728 energy=0x1.fap-8 finite=1
ATTR_NAMED_GRAD block=1856 name=ff1_16 grad=8604aaa5 grad_elems=6291456 param_elems=6291456 energy=0x1.2cp-8 finite=1
ATTR_NAMED_GRAD block=1856 name=ln_g_33 grad=de7c3e48 grad_elems=1024 param_elems=1024 energy=0x1.42p-20 finite=1
ATTR_NAMED_GRAD block=1856 name=ln_b_33 grad=58625ebc grad_elems=1024 param_elems=1024 energy=0x1.5ap-20 finite=1
ATTR_NAMED_GRAD block=1856 name=ff_bias1_16 grad=ad3a83c8 grad_elems=6144 param_elems=6144 energy=0x1.58p-18 finite=1
ATTR_NAMED_GRAD block=1856 name=ff_bias2_16 grad=d82128c8 grad_elems=1024 param_elems=1024 energy=0x1.3cp-13 finite=1
ATTR_NAMED_GRAD block=1856 name=w_o_16 grad=68a79f4e grad_elems=1048576 param_elems=1048576 energy=0x1.8cp-8 finite=1
ATTR_NAMED_GRAD block=1856 name=w_r_16 grad=2c4b16e3 grad_elems=327680 param_elems=327680 energy=0x1.5ep-27 finite=1
ATTR_NAMED_GRAD block=1856 name=w_kv_16 grad=3a897674 grad_elems=2097152 param_elems=2097152 energy=0x1.d8p-8 finite=1
ATTR_NAMED_GRAD block=1856 name=w_q_16 grad=459759da grad_elems=1048576 param_elems=1048576 energy=0x1.e8p-15 finite=1
ATTR_NAMED_GRAD block=1856 name=ln_g_32 grad=9757d0a3 grad_elems=1024 param_elems=1024 energy=0x1.2p-25 finite=1
ATTR_NAMED_GRAD block=1856 name=ln_b_32 grad=f1a4496d grad_elems=1024 param_elems=1024 energy=0x1.5ap-25 finite=1
ATTR_NAMED_GRAD block=1856 name=ff2_15 grad=d870c81d grad_elems=3145728 param_elems=3145728 energy=0x1.1p-7 finite=1
ATTR_NAMED_GRAD block=1856 name=ff1_15 grad=71c51e1a grad_elems=6291456 param_elems=6291456 energy=0x1.42p-8 finite=1
ATTR_NAMED_GRAD block=1856 name=ln_g_31 grad=c79d0c42 grad_elems=1024 param_elems=1024 energy=0x1.5ap-20 finite=1
ATTR_NAMED_GRAD block=1856 name=ln_b_31 grad=c7f4f611 grad_elems=1024 param_elems=1024 energy=0x1.a6p-20 finite=1
ATTR_NAMED_GRAD block=1856 name=ff_bias1_15 grad=e4b32b72 grad_elems=6144 param_elems=6144 energy=0x1.84p-18 finite=1
ATTR_NAMED_GRAD block=1856 name=ff_bias2_15 grad=47369091 grad_elems=1024 param_elems=1024 energy=0x1.42p-13 finite=1
ATTR_NAMED_GRAD block=1856 name=w_o_15 grad=fc65ff18 grad_elems=1048576 param_elems=1048576 energy=0x1.5cp-8 finite=1
ATTR_NAMED_GRAD block=1856 name=w_r_15 grad=301659d4 grad_elems=327680 param_elems=327680 energy=0x1.4ap-27 finite=1
ATTR_NAMED_GRAD block=1856 name=w_kv_15 grad=089d1211 grad_elems=2097152 param_elems=2097152 energy=0x1.8p-8 finite=1
ATTR_NAMED_GRAD block=1856 name=w_q_15 grad=e9a85ed5 grad_elems=1048576 param_elems=1048576 energy=0x1.dep-15 finite=1
ATTR_NAMED_GRAD block=1856 name=ln_g_30 grad=d15946c3 grad_elems=1024 param_elems=1024 energy=0x1.4ap-25 finite=1
ATTR_NAMED_GRAD block=1856 name=ln_b_30 grad=edc42107 grad_elems=1024 param_elems=1024 energy=0x1.6p-24 finite=1
ATTR_NAMED_GRAD block=1856 name=ff2_14 grad=d0709049 grad_elems=3145728 param_elems=3145728 energy=0x1.1p-7 finite=1
ATTR_NAMED_GRAD block=1856 name=ff1_14 grad=4f12369b grad_elems=6291456 param_elems=6291456 energy=0x1.44p-8 finite=1
ATTR_NAMED_GRAD block=1856 name=ln_g_29 grad=5672bdad grad_elems=1024 param_elems=1024 energy=0x1.76p-20 finite=1
ATTR_NAMED_GRAD block=1856 name=ln_b_29 grad=ab93f5a6 grad_elems=1024 param_elems=1024 energy=0x1.76p-20 finite=1
ATTR_NAMED_GRAD block=1856 name=ff_bias1_14 grad=9b37dcf6 grad_elems=6144 param_elems=6144 energy=0x1.72p-18 finite=1
ATTR_NAMED_GRAD block=1856 name=ff_bias2_14 grad=c0a2a4f7 grad_elems=1024 param_elems=1024 energy=0x1.4ap-13 finite=1
ATTR_NAMED_GRAD block=1856 name=w_o_14 grad=aaf38daa grad_elems=1048576 param_elems=1048576 energy=0x1.14p-8 finite=1
ATTR_NAMED_GRAD block=1856 name=w_r_14 grad=1642848b grad_elems=327680 param_elems=327680 energy=0x1.fcp-28 finite=1
ATTR_NAMED_GRAD block=1856 name=w_kv_14 grad=0c291cf0 grad_elems=2097152 param_elems=2097152 energy=0x1.48p-8 finite=1
ATTR_NAMED_GRAD block=1856 name=w_q_14 grad=1cb05f60 grad_elems=1048576 param_elems=1048576 energy=0x1.76p-15 finite=1
ATTR_NAMED_GRAD block=1856 name=ln_g_28 grad=fb9f90f4 grad_elems=1024 param_elems=1024 energy=0x1.94p-26 finite=1
ATTR_NAMED_GRAD block=1856 name=ln_b_28 grad=4e36194e grad_elems=1024 param_elems=1024 energy=0x1.ccp-25 finite=1
ATTR_NAMED_GRAD block=1856 name=ff2_13 grad=df3dc60a grad_elems=3145728 param_elems=3145728 energy=0x1.08p-7 finite=1
ATTR_NAMED_GRAD block=1856 name=ff1_13 grad=22b0a00c grad_elems=6291456 param_elems=6291456 energy=0x1.44p-8 finite=1
ATTR_NAMED_GRAD block=1856 name=ln_g_27 grad=0f543664 grad_elems=1024 param_elems=1024 energy=0x1.6p-20 finite=1
ATTR_NAMED_GRAD block=1856 name=ln_b_27 grad=0423ef05 grad_elems=1024 param_elems=1024 energy=0x1.7p-20 finite=1
ATTR_NAMED_GRAD block=1856 name=ff_bias1_13 grad=f54b3c34 grad_elems=6144 param_elems=6144 energy=0x1.7p-18 finite=1
ATTR_NAMED_GRAD block=1856 name=ff_bias2_13 grad=81c225cb grad_elems=1024 param_elems=1024 energy=0x1.58p-13 finite=1
ATTR_NAMED_GRAD block=1856 name=w_o_13 grad=9b06dfde grad_elems=1048576 param_elems=1048576 energy=0x1.c4p-9 finite=1
ATTR_NAMED_GRAD block=1856 name=w_r_13 grad=c96fa9a2 grad_elems=327680 param_elems=327680 energy=0x1.4ap-28 finite=1
ATTR_NAMED_GRAD block=1856 name=w_kv_13 grad=18d9e38f grad_elems=2097152 param_elems=2097152 energy=0x1.12p-8 finite=1
ATTR_NAMED_GRAD block=1856 name=w_q_13 grad=e8d8de07 grad_elems=1048576 param_elems=1048576 energy=0x1.1p-15 finite=1
ATTR_NAMED_GRAD block=1856 name=ln_g_26 grad=a8c975cc grad_elems=1024 param_elems=1024 energy=0x1.f8p-27 finite=1
ATTR_NAMED_GRAD block=1856 name=ln_b_26 grad=42db75cd grad_elems=1024 param_elems=1024 energy=0x1.4cp-25 finite=1
ATTR_NAMED_GRAD block=1856 name=ff2_12 grad=0ca69829 grad_elems=3145728 param_elems=3145728 energy=0x1.12p-7 finite=1
ATTR_NAMED_GRAD block=1856 name=ff1_12 grad=ac667982 grad_elems=6291456 param_elems=6291456 energy=0x1.4ep-8 finite=1
ATTR_NAMED_GRAD block=1856 name=ln_g_25 grad=a3e1996f grad_elems=1024 param_elems=1024 energy=0x1.7ap-20 finite=1
ATTR_NAMED_GRAD block=1856 name=ln_b_25 grad=932912bd grad_elems=1024 param_elems=1024 energy=0x1.84p-20 finite=1
ATTR_NAMED_GRAD block=1856 name=ff_bias1_12 grad=94278434 grad_elems=6144 param_elems=6144 energy=0x1.82p-18 finite=1
ATTR_NAMED_GRAD block=1856 name=ff_bias2_12 grad=82bb4c73 grad_elems=1024 param_elems=1024 energy=0x1.66p-13 finite=1
ATTR_NAMED_GRAD block=1856 name=w_o_12 grad=c7aa4470 grad_elems=1048576 param_elems=1048576 energy=0x1.a4p-9 finite=1
ATTR_NAMED_GRAD block=1856 name=w_r_12 grad=9e1a731e grad_elems=327680 param_elems=327680 energy=0x1.5ap-28 finite=1
ATTR_NAMED_GRAD block=1856 name=w_kv_12 grad=4e8ed791 grad_elems=2097152 param_elems=2097152 energy=0x1.cap-9 finite=1
ATTR_NAMED_GRAD block=1856 name=w_q_12 grad=61ba087f grad_elems=1048576 param_elems=1048576 energy=0x1.04p-15 finite=1
ATTR_NAMED_GRAD block=1856 name=ln_g_24 grad=76932f26 grad_elems=1024 param_elems=1024 energy=0x1.fap-27 finite=1
ATTR_NAMED_GRAD block=1856 name=ln_b_24 grad=714fff11 grad_elems=1024 param_elems=1024 energy=0x1.4cp-25 finite=1
ATTR_NAMED_GRAD block=1856 name=ff2_11 grad=34742a8b grad_elems=3145728 param_elems=3145728 energy=0x1.0ep-7 finite=1
ATTR_NAMED_GRAD block=1856 name=ff1_11 grad=7617fd6e grad_elems=6291456 param_elems=6291456 energy=0x1.56p-8 finite=1
ATTR_NAMED_GRAD block=1856 name=ln_g_23 grad=544ee991 grad_elems=1024 param_elems=1024 energy=0x1.98p-20 finite=1
ATTR_NAMED_GRAD block=1856 name=ln_b_23 grad=0d7fdc30 grad_elems=1024 param_elems=1024 energy=0x1.c2p-20 finite=1
ATTR_NAMED_GRAD block=1856 name=ff_bias1_11 grad=35377ffe grad_elems=6144 param_elems=6144 energy=0x1.98p-18 finite=1
ATTR_NAMED_GRAD block=1856 name=ff_bias2_11 grad=edfdbe42 grad_elems=1024 param_elems=1024 energy=0x1.7cp-13 finite=1
ATTR_NAMED_GRAD block=1856 name=w_o_11 grad=ad701464 grad_elems=1048576 param_elems=1048576 energy=0x1.6p-9 finite=1
ATTR_NAMED_GRAD block=1856 name=w_r_11 grad=d898325d grad_elems=327680 param_elems=327680 energy=0x1.34p-28 finite=1
ATTR_NAMED_GRAD block=1856 name=w_kv_11 grad=ac9520db grad_elems=2097152 param_elems=2097152 energy=0x1.92p-9 finite=1
ATTR_NAMED_GRAD block=1856 name=w_q_11 grad=fcbfa29f grad_elems=1048576 param_elems=1048576 energy=0x1.c6p-16 finite=1
ATTR_NAMED_GRAD block=1856 name=ln_g_22 grad=81da8dce grad_elems=1024 param_elems=1024 energy=0x1.bcp-27 finite=1
ATTR_NAMED_GRAD block=1856 name=ln_b_22 grad=5f8d53a3 grad_elems=1024 param_elems=1024 energy=0x1.9p-25 finite=1
ATTR_NAMED_GRAD block=1856 name=ff2_10 grad=aeb26bb5 grad_elems=3145728 param_elems=3145728 energy=0x1.0ap-7 finite=1
ATTR_NAMED_GRAD block=1856 name=ff1_10 grad=16635327 grad_elems=6291456 param_elems=6291456 energy=0x1.5ap-8 finite=1
ATTR_NAMED_GRAD block=1856 name=ln_g_21 grad=8ce52e75 grad_elems=1024 param_elems=1024 energy=0x1.a2p-20 finite=1
ATTR_NAMED_GRAD block=1856 name=ln_b_21 grad=7c4b5299 grad_elems=1024 param_elems=1024 energy=0x1.c4p-20 finite=1
ATTR_NAMED_GRAD block=1856 name=ff_bias1_10 grad=c5094779 grad_elems=6144 param_elems=6144 energy=0x1.98p-18 finite=1
ATTR_NAMED_GRAD block=1856 name=ff_bias2_10 grad=9ea8592b grad_elems=1024 param_elems=1024 energy=0x1.92p-13 finite=1
ATTR_NAMED_GRAD block=1856 name=w_o_10 grad=5e820494 grad_elems=1048576 param_elems=1048576 energy=0x1.4cp-9 finite=1
ATTR_NAMED_GRAD block=1856 name=w_r_10 grad=fd7bd99d grad_elems=327680 param_elems=327680 energy=0x1.5p-28 finite=1
ATTR_NAMED_GRAD block=1856 name=w_kv_10 grad=5006a0e6 grad_elems=2097152 param_elems=2097152 energy=0x1.7ep-9 finite=1
ATTR_NAMED_GRAD block=1856 name=w_q_10 grad=654e1d1d grad_elems=1048576 param_elems=1048576 energy=0x1.32p-15 finite=1
ATTR_NAMED_GRAD block=1856 name=ln_g_20 grad=2ff9981c grad_elems=1024 param_elems=1024 energy=0x1.2p-26 finite=1
ATTR_NAMED_GRAD block=1856 name=ln_b_20 grad=51f73a90 grad_elems=1024 param_elems=1024 energy=0x1.1ep-24 finite=1
ATTR_NAMED_GRAD block=1856 name=ff2_9 grad=2067d2bf grad_elems=3145728 param_elems=3145728 energy=0x1.12p-7 finite=1
ATTR_NAMED_GRAD block=1856 name=ff1_9 grad=1ed0d16d grad_elems=6291456 param_elems=6291456 energy=0x1.68p-8 finite=1
ATTR_NAMED_GRAD block=1856 name=ln_g_19 grad=a9b813b3 grad_elems=1024 param_elems=1024 energy=0x1.aap-20 finite=1
ATTR_NAMED_GRAD block=1856 name=ln_b_19 grad=d47b30c5 grad_elems=1024 param_elems=1024 energy=0x1.9ap-20 finite=1
ATTR_NAMED_GRAD block=1856 name=ff_bias1_9 grad=32dabc00 grad_elems=6144 param_elems=6144 energy=0x1.a6p-18 finite=1
ATTR_NAMED_GRAD block=1856 name=ff_bias2_9 grad=4c07a468 grad_elems=1024 param_elems=1024 energy=0x1.aep-13 finite=1
ATTR_NAMED_GRAD block=1856 name=w_o_9 grad=1bd02a72 grad_elems=1048576 param_elems=1048576 energy=0x1.36p-9 finite=1
ATTR_NAMED_GRAD block=1856 name=w_r_9 grad=ea0a0faa grad_elems=327680 param_elems=327680 energy=0x1.aap-28 finite=1
ATTR_NAMED_GRAD block=1856 name=w_kv_9 grad=4b93e3d5 grad_elems=2097152 param_elems=2097152 energy=0x1.5p-9 finite=1
ATTR_NAMED_GRAD block=1856 name=w_q_9 grad=ccf5f409 grad_elems=1048576 param_elems=1048576 energy=0x1.76p-15 finite=1
ATTR_NAMED_GRAD block=1856 name=ln_g_18 grad=7897b413 grad_elems=1024 param_elems=1024 energy=0x1.fep-26 finite=1
ATTR_NAMED_GRAD block=1856 name=ln_b_18 grad=87ef9e07 grad_elems=1024 param_elems=1024 energy=0x1.54p-24 finite=1
ATTR_NAMED_GRAD block=1856 name=ff2_8 grad=89098c01 grad_elems=3145728 param_elems=3145728 energy=0x1.12p-7 finite=1
ATTR_NAMED_GRAD block=1856 name=ff1_8 grad=ae458c5c grad_elems=6291456 param_elems=6291456 energy=0x1.7p-8 finite=1
ATTR_NAMED_GRAD block=1856 name=ln_g_17 grad=ffba7a7b grad_elems=1024 param_elems=1024 energy=0x1.98p-20 finite=1
ATTR_NAMED_GRAD block=1856 name=ln_b_17 grad=374e2ab5 grad_elems=1024 param_elems=1024 energy=0x1.aap-20 finite=1
ATTR_NAMED_GRAD block=1856 name=ff_bias1_8 grad=94f51c75 grad_elems=6144 param_elems=6144 energy=0x1.a4p-18 finite=1
ATTR_NAMED_GRAD block=1856 name=ff_bias2_8 grad=95c0d327 grad_elems=1024 param_elems=1024 energy=0x1.dap-13 finite=1
ATTR_NAMED_GRAD block=1856 name=w_o_8 grad=b93d18ed grad_elems=1048576 param_elems=1048576 energy=0x1.dp-10 finite=1
ATTR_NAMED_GRAD block=1856 name=w_r_8 grad=abb60c2a grad_elems=327680 param_elems=327680 energy=0x1.42p-28 finite=1
ATTR_NAMED_GRAD block=1856 name=w_kv_8 grad=c36ff584 grad_elems=2097152 param_elems=2097152 energy=0x1.0ap-9 finite=1
ATTR_NAMED_GRAD block=1856 name=w_q_8 grad=41afbe42 grad_elems=1048576 param_elems=1048576 energy=0x1.8ap-16 finite=1
ATTR_NAMED_GRAD block=1856 name=ln_g_16 grad=d5fea1d1 grad_elems=1024 param_elems=1024 energy=0x1.66p-27 finite=1
ATTR_NAMED_GRAD block=1856 name=ln_b_16 grad=5fc4b2d5 grad_elems=1024 param_elems=1024 energy=0x1.dap-25 finite=1
ATTR_NAMED_GRAD block=1856 name=ff2_7 grad=d69f00d7 grad_elems=3145728 param_elems=3145728 energy=0x1.1ap-7 finite=1
ATTR_NAMED_GRAD block=1856 name=ff1_7 grad=a67686b9 grad_elems=6291456 param_elems=6291456 energy=0x1.7ep-8 finite=1
ATTR_NAMED_GRAD block=1856 name=ln_g_15 grad=731fe585 grad_elems=1024 param_elems=1024 energy=0x1.ap-20 finite=1
ATTR_NAMED_GRAD block=1856 name=ln_b_15 grad=53264415 grad_elems=1024 param_elems=1024 energy=0x1.a2p-20 finite=1
ATTR_NAMED_GRAD block=1856 name=ff_bias1_7 grad=a04026a5 grad_elems=6144 param_elems=6144 energy=0x1.a4p-18 finite=1
ATTR_NAMED_GRAD block=1856 name=ff_bias2_7 grad=ce6c4240 grad_elems=1024 param_elems=1024 energy=0x1.04p-12 finite=1
ATTR_NAMED_GRAD block=1856 name=w_o_7 grad=fdf3e1d9 grad_elems=1048576 param_elems=1048576 energy=0x1.9p-10 finite=1
ATTR_NAMED_GRAD block=1856 name=w_r_7 grad=6ea4e4b9 grad_elems=327680 param_elems=327680 energy=0x1.4cp-28 finite=1
ATTR_NAMED_GRAD block=1856 name=w_kv_7 grad=8e7a4616 grad_elems=2097152 param_elems=2097152 energy=0x1.d8p-10 finite=1
ATTR_NAMED_GRAD block=1856 name=w_q_7 grad=18a14b7e grad_elems=1048576 param_elems=1048576 energy=0x1.72p-16 finite=1
ATTR_NAMED_GRAD block=1856 name=ln_g_14 grad=544a21cf grad_elems=1024 param_elems=1024 energy=0x1.58p-27 finite=1
ATTR_NAMED_GRAD block=1856 name=ln_b_14 grad=a9be1782 grad_elems=1024 param_elems=1024 energy=0x1.bcp-25 finite=1
ATTR_NAMED_GRAD block=1856 name=ff2_6 grad=2ac9593a grad_elems=3145728 param_elems=3145728 energy=0x1.1ep-7 finite=1
ATTR_NAMED_GRAD block=1856 name=ff1_6 grad=b86dab8a grad_elems=6291456 param_elems=6291456 energy=0x1.9p-8 finite=1
ATTR_NAMED_GRAD block=1856 name=ln_g_13 grad=af584d17 grad_elems=1024 param_elems=1024 energy=0x1.cp-20 finite=1
ATTR_NAMED_GRAD block=1856 name=ln_b_13 grad=59c2c951 grad_elems=1024 param_elems=1024 energy=0x1.ep-20 finite=1
ATTR_NAMED_GRAD block=1856 name=ff_bias1_6 grad=c8a01a08 grad_elems=6144 param_elems=6144 energy=0x1.cep-18 finite=1
ATTR_NAMED_GRAD block=1856 name=ff_bias2_6 grad=46a4808b grad_elems=1024 param_elems=1024 energy=0x1.18p-12 finite=1
ATTR_NAMED_GRAD block=1856 name=w_o_6 grad=9825269e grad_elems=1048576 param_elems=1048576 energy=0x1.62p-10 finite=1
ATTR_NAMED_GRAD block=1856 name=w_r_6 grad=32d825e3 grad_elems=327680 param_elems=327680 energy=0x1.6p-28 finite=1
ATTR_NAMED_GRAD block=1856 name=w_kv_6 grad=76cb7e6d grad_elems=2097152 param_elems=2097152 energy=0x1.98p-10 finite=1
ATTR_NAMED_GRAD block=1856 name=w_q_6 grad=64d3220d grad_elems=1048576 param_elems=1048576 energy=0x1.94p-16 finite=1
ATTR_NAMED_GRAD block=1856 name=ln_g_12 grad=19945329 grad_elems=1024 param_elems=1024 energy=0x1.3ap-27 finite=1
ATTR_NAMED_GRAD block=1856 name=ln_b_12 grad=63ab88c6 grad_elems=1024 param_elems=1024 energy=0x1.f4p-25 finite=1
ATTR_NAMED_GRAD block=1856 name=ff2_5 grad=e20f56fb grad_elems=3145728 param_elems=3145728 energy=0x1.26p-7 finite=1
ATTR_NAMED_GRAD block=1856 name=ff1_5 grad=60c60131 grad_elems=6291456 param_elems=6291456 energy=0x1.a2p-8 finite=1
ATTR_NAMED_GRAD block=1856 name=ln_g_11 grad=d1ebca46 grad_elems=1024 param_elems=1024 energy=0x1.b4p-20 finite=1
ATTR_NAMED_GRAD block=1856 name=ln_b_11 grad=d3ff0851 grad_elems=1024 param_elems=1024 energy=0x1.e2p-20 finite=1
ATTR_NAMED_GRAD block=1856 name=ff_bias1_5 grad=4e74f8bc grad_elems=6144 param_elems=6144 energy=0x1.e2p-18 finite=1
ATTR_NAMED_GRAD block=1856 name=ff_bias2_5 grad=786cbb50 grad_elems=1024 param_elems=1024 energy=0x1.32p-12 finite=1
ATTR_NAMED_GRAD block=1856 name=w_o_5 grad=1ffcd2cb grad_elems=1048576 param_elems=1048576 energy=0x1.3ap-10 finite=1
ATTR_NAMED_GRAD block=1856 name=w_r_5 grad=73c78f9d grad_elems=327680 param_elems=327680 energy=0x1.72p-28 finite=1
ATTR_NAMED_GRAD block=1856 name=w_kv_5 grad=7a45426c grad_elems=2097152 param_elems=2097152 energy=0x1.74p-10 finite=1
ATTR_NAMED_GRAD block=1856 name=w_q_5 grad=ac84c9a9 grad_elems=1048576 param_elems=1048576 energy=0x1.a8p-16 finite=1
ATTR_NAMED_GRAD block=1856 name=ln_g_10 grad=d4ddd9ca grad_elems=1024 param_elems=1024 energy=0x1.54p-27 finite=1
ATTR_NAMED_GRAD block=1856 name=ln_b_10 grad=13071945 grad_elems=1024 param_elems=1024 energy=0x1.2ap-24 finite=1
ATTR_NAMED_GRAD block=1856 name=ff2_4 grad=96cb8173 grad_elems=3145728 param_elems=3145728 energy=0x1.3p-7 finite=1
ATTR_NAMED_GRAD block=1856 name=ff1_4 grad=42f21e7b grad_elems=6291456 param_elems=6291456 energy=0x1.acp-8 finite=1
ATTR_NAMED_GRAD block=1856 name=ln_g_9 grad=4f023a36 grad_elems=1024 param_elems=1024 energy=0x1.08p-19 finite=1
ATTR_NAMED_GRAD block=1856 name=ln_b_9 grad=30d35ed7 grad_elems=1024 param_elems=1024 energy=0x1.e6p-20 finite=1
ATTR_NAMED_GRAD block=1856 name=ff_bias1_4 grad=110c168d grad_elems=6144 param_elems=6144 energy=0x1.e2p-18 finite=1
ATTR_NAMED_GRAD block=1856 name=ff_bias2_4 grad=3f06842f grad_elems=1024 param_elems=1024 energy=0x1.4ep-12 finite=1
ATTR_NAMED_GRAD block=1856 name=w_o_4 grad=137dda95 grad_elems=1048576 param_elems=1048576 energy=0x1.22p-10 finite=1
ATTR_NAMED_GRAD block=1856 name=w_r_4 grad=06058d72 grad_elems=327680 param_elems=327680 energy=0x1.9cp-28 finite=1
ATTR_NAMED_GRAD block=1856 name=w_kv_4 grad=a5dd8999 grad_elems=2097152 param_elems=2097152 energy=0x1.54p-10 finite=1
ATTR_NAMED_GRAD block=1856 name=w_q_4 grad=1b778272 grad_elems=1048576 param_elems=1048576 energy=0x1.ap-15 finite=1
ATTR_NAMED_GRAD block=1856 name=ln_g_8 grad=aa300e3d grad_elems=1024 param_elems=1024 energy=0x1.84p-26 finite=1
ATTR_NAMED_GRAD block=1856 name=ln_b_8 grad=66d5efda grad_elems=1024 param_elems=1024 energy=0x1.14p-23 finite=1
ATTR_NAMED_GRAD block=1856 name=ff2_3 grad=6bc00f83 grad_elems=3145728 param_elems=3145728 energy=0x1.3ep-7 finite=1
ATTR_NAMED_GRAD block=1856 name=ff1_3 grad=d3c15830 grad_elems=6291456 param_elems=6291456 energy=0x1.c4p-8 finite=1
ATTR_NAMED_GRAD block=1856 name=ln_g_7 grad=9bff947d grad_elems=1024 param_elems=1024 energy=0x1.cap-20 finite=1
ATTR_NAMED_GRAD block=1856 name=ln_b_7 grad=7eb7485e grad_elems=1024 param_elems=1024 energy=0x1.ep-20 finite=1
ATTR_NAMED_GRAD block=1856 name=ff_bias1_3 grad=0f799963 grad_elems=6144 param_elems=6144 energy=0x1.e8p-18 finite=1
ATTR_NAMED_GRAD block=1856 name=ff_bias2_3 grad=19a32f81 grad_elems=1024 param_elems=1024 energy=0x1.66p-12 finite=1
ATTR_NAMED_GRAD block=1856 name=w_o_3 grad=3cab4e46 grad_elems=1048576 param_elems=1048576 energy=0x1.2ap-10 finite=1
ATTR_NAMED_GRAD block=1856 name=w_r_3 grad=69a9dba3 grad_elems=327680 param_elems=327680 energy=0x1.dap-28 finite=1
ATTR_NAMED_GRAD block=1856 name=w_kv_3 grad=db6179cc grad_elems=2097152 param_elems=2097152 energy=0x1.38p-10 finite=1
ATTR_NAMED_GRAD block=1856 name=w_q_3 grad=518a6f4a grad_elems=1048576 param_elems=1048576 energy=0x1.36p-14 finite=1
ATTR_NAMED_GRAD block=1856 name=ln_g_6 grad=10b7fd02 grad_elems=1024 param_elems=1024 energy=0x1.52p-25 finite=1
ATTR_NAMED_GRAD block=1856 name=ln_b_6 grad=e0618874 grad_elems=1024 param_elems=1024 energy=0x1.eap-24 finite=1
ATTR_NAMED_GRAD block=1856 name=ff2_2 grad=c0a50856 grad_elems=3145728 param_elems=3145728 energy=0x1.4ap-7 finite=1
ATTR_NAMED_GRAD block=1856 name=ff1_2 grad=b161c68f grad_elems=6291456 param_elems=6291456 energy=0x1.dap-8 finite=1
ATTR_NAMED_GRAD block=1856 name=ln_g_5 grad=9221c34d grad_elems=1024 param_elems=1024 energy=0x1.04p-19 finite=1
ATTR_NAMED_GRAD block=1856 name=ln_b_5 grad=ecaab36d grad_elems=1024 param_elems=1024 energy=0x1.eap-20 finite=1
ATTR_NAMED_GRAD block=1856 name=ff_bias1_2 grad=23176894 grad_elems=6144 param_elems=6144 energy=0x1.06p-17 finite=1
ATTR_NAMED_GRAD block=1856 name=ff_bias2_2 grad=98b58c38 grad_elems=1024 param_elems=1024 energy=0x1.78p-12 finite=1
ATTR_NAMED_GRAD block=1856 name=w_o_2 grad=44090645 grad_elems=1048576 param_elems=1048576 energy=0x1.12p-10 finite=1
ATTR_NAMED_GRAD block=1856 name=w_r_2 grad=0ce49f9c grad_elems=327680 param_elems=327680 energy=0x1.f4p-28 finite=1
ATTR_NAMED_GRAD block=1856 name=w_kv_2 grad=99f924a8 grad_elems=2097152 param_elems=2097152 energy=0x1.14p-10 finite=1
ATTR_NAMED_GRAD block=1856 name=w_q_2 grad=5f6985af grad_elems=1048576 param_elems=1048576 energy=0x1.e2p-15 finite=1
ATTR_NAMED_GRAD block=1856 name=ln_g_4 grad=218313a6 grad_elems=1024 param_elems=1024 energy=0x1.bep-26 finite=1
ATTR_NAMED_GRAD block=1856 name=ln_b_4 grad=96fdafcd grad_elems=1024 param_elems=1024 energy=0x1.62p-23 finite=1
ATTR_NAMED_GRAD block=1856 name=ff2_1 grad=15ab7235 grad_elems=3145728 param_elems=3145728 energy=0x1.58p-7 finite=1
ATTR_NAMED_GRAD block=1856 name=ff1_1 grad=67f8caeb grad_elems=6291456 param_elems=6291456 energy=0x1.f2p-8 finite=1
ATTR_NAMED_GRAD block=1856 name=ln_g_3 grad=80c65808 grad_elems=1024 param_elems=1024 energy=0x1.08p-19 finite=1
ATTR_NAMED_GRAD block=1856 name=ln_b_3 grad=eedc41a6 grad_elems=1024 param_elems=1024 energy=0x1.e8p-20 finite=1
ATTR_NAMED_GRAD block=1856 name=ff_bias1_1 grad=49896ca1 grad_elems=6144 param_elems=6144 energy=0x1.08p-17 finite=1
ATTR_NAMED_GRAD block=1856 name=ff_bias2_1 grad=cf9ce6b1 grad_elems=1024 param_elems=1024 energy=0x1.9cp-12 finite=1
ATTR_NAMED_GRAD block=1856 name=w_o_1 grad=ec31cec8 grad_elems=1048576 param_elems=1048576 energy=0x1.3ap-10 finite=1
ATTR_NAMED_GRAD block=1856 name=w_r_1 grad=004ce94f grad_elems=327680 param_elems=327680 energy=0x1.84p-27 finite=1
ATTR_NAMED_GRAD block=1856 name=w_kv_1 grad=1fff705f grad_elems=2097152 param_elems=2097152 energy=0x1.02p-10 finite=1
ATTR_NAMED_GRAD block=1856 name=w_q_1 grad=dcacb15b grad_elems=1048576 param_elems=1048576 energy=0x1.2ep-12 finite=1
ATTR_NAMED_GRAD block=1856 name=ln_g_2 grad=ccea1968 grad_elems=1024 param_elems=1024 energy=0x1.a4p-23 finite=1
ATTR_NAMED_GRAD block=1856 name=ln_b_2 grad=87613afa grad_elems=1024 param_elems=1024 energy=0x1.a4p-21 finite=1
ATTR_NAMED_GRAD block=1856 name=ff2_0 grad=cc2c60c4 grad_elems=3145728 param_elems=3145728 energy=0x1.5ep-7 finite=1
ATTR_NAMED_GRAD block=1856 name=ff1_0 grad=58b0bf7f grad_elems=6291456 param_elems=6291456 energy=0x1.08p-7 finite=1
ATTR_NAMED_GRAD block=1856 name=ln_g_1 grad=4712fea5 grad_elems=1024 param_elems=1024 energy=0x1.24p-19 finite=1
ATTR_NAMED_GRAD block=1856 name=ln_b_1 grad=11a0d323 grad_elems=1024 param_elems=1024 energy=0x1.e2p-20 finite=1
ATTR_NAMED_GRAD block=1856 name=ff_bias1_0 grad=785c3c23 grad_elems=6144 param_elems=6144 energy=0x1.12p-17 finite=1
ATTR_NAMED_GRAD block=1856 name=ff_bias2_0 grad=dbd1d63d grad_elems=1024 param_elems=1024 energy=0x1.b4p-12 finite=1
ATTR_NAMED_GRAD block=1856 name=w_o_0 grad=30b5a4df grad_elems=1048576 param_elems=1048576 energy=0x1.b8p-11 finite=1
ATTR_NAMED_GRAD block=1856 name=w_r_0 grad=d637e0fd grad_elems=327680 param_elems=327680 energy=0x1.06p-27 finite=1
ATTR_NAMED_GRAD block=1856 name=b_r_0 grad=ef5e34c2 grad_elems=2560 param_elems=2560 energy=0x1.72p-11 finite=1
ATTR_NAMED_GRAD block=1856 name=w_kv_0 grad=c0e76ae7 grad_elems=2097152 param_elems=2097152 energy=0x1.a2p-11 finite=1
ATTR_NAMED_GRAD block=1856 name=w_q_0 grad=f8aa3954 grad_elems=1048576 param_elems=1048576 energy=0x1.bap-15 finite=1
ATTR_NAMED_GRAD block=1856 name=ln_g_0 grad=ad668a25 grad_elems=1024 param_elems=1024 energy=0x1.7ap-26 finite=1
ATTR_NAMED_GRAD block=1856 name=ln_b_0 grad=fb5440d3 grad_elems=1024 param_elems=1024 energy=0x1.44p-23 finite=1
ATTR_NAMED_GRAD block=1856 name=embed grad=89c00a68 grad_elems=16785408 param_elems=16785408 energy=0x1.b46baep-3 finite=1
ATTR_NAMED_GRAD block=1856 name=ln_g_40 grad=0b016956 grad_elems=1024 param_elems=1024 energy=0x1.62p-12 finite=1
ATTR_NAMED_GRAD block=1856 name=ln_b_40 grad=10f55f94 grad_elems=1024 param_elems=1024 energy=0x1.0ap-12 finite=1
ATTR_NAMED_GRAD block=1856 name=out_bias grad=dc9c0d22 grad_elems=16392 param_elems=16392 energy=0x1.4p-10 finite=1
ATTR_HEAD arm=1 block=1856 weight=69f5070a bias=51b516d8
ATTR_STATE arm=1 block=1856 step=60 params=8c83a6e2 memory=3a883c63
ATTR_NAMED_GRAD block=1920 name=embed_out grad=16a0df55 grad_elems=16785408 param_elems=16785408 energy=0x1.9ap+0 finite=1
ATTR_NAMED_GRAD block=1920 name=ff2_19 grad=1a6dffa8 grad_elems=3145728 param_elems=3145728 energy=0x1.16p-8 finite=1
ATTR_NAMED_GRAD block=1920 name=ff1_19 grad=c5c307c0 grad_elems=6291456 param_elems=6291456 energy=0x1.e2p-9 finite=1
ATTR_NAMED_GRAD block=1920 name=ln_g_39 grad=8edf7c23 grad_elems=1024 param_elems=1024 energy=0x1.04p-20 finite=1
ATTR_NAMED_GRAD block=1920 name=ln_b_39 grad=b986233b grad_elems=1024 param_elems=1024 energy=0x1.74p-20 finite=1
ATTR_NAMED_GRAD block=1920 name=ff_bias1_19 grad=a49c5a48 grad_elems=6144 param_elems=6144 energy=0x1.4p-18 finite=1
ATTR_NAMED_GRAD block=1920 name=ff_bias2_19 grad=771cd8b6 grad_elems=1024 param_elems=1024 energy=0x1.f8p-13 finite=1
ATTR_NAMED_GRAD block=1920 name=w_o_19 grad=2038e0a7 grad_elems=1048576 param_elems=1048576 energy=0x1.6cp-6 finite=1
ATTR_NAMED_GRAD block=1920 name=w_r_19 grad=83019e8b grad_elems=327680 param_elems=327680 energy=0x1.42p-28 finite=1
ATTR_NAMED_GRAD block=1920 name=w_kv_19 grad=b11139d3 grad_elems=2097152 param_elems=2097152 energy=0x1.ap-6 finite=1
ATTR_NAMED_GRAD block=1920 name=w_q_19 grad=93566cf4 grad_elems=1048576 param_elems=1048576 energy=0x1.6ap-14 finite=1
ATTR_NAMED_GRAD block=1920 name=ln_g_38 grad=9533d397 grad_elems=1024 param_elems=1024 energy=0x1.b6p-25 finite=1
ATTR_NAMED_GRAD block=1920 name=ln_b_38 grad=b53b7415 grad_elems=1024 param_elems=1024 energy=0x1.46p-23 finite=1
ATTR_NAMED_GRAD block=1920 name=ff2_18 grad=477ca97c grad_elems=3145728 param_elems=3145728 energy=0x1.82p-8 finite=1
ATTR_NAMED_GRAD block=1920 name=ff1_18 grad=b774a81c grad_elems=6291456 param_elems=6291456 energy=0x1.2p-8 finite=1
ATTR_NAMED_GRAD block=1920 name=ln_g_37 grad=0253d8cc grad_elems=1024 param_elems=1024 energy=0x1.3ep-20 finite=1
ATTR_NAMED_GRAD block=1920 name=ln_b_37 grad=bf9618c2 grad_elems=1024 param_elems=1024 energy=0x1.aep-20 finite=1
ATTR_NAMED_GRAD block=1920 name=ff_bias1_18 grad=2381a213 grad_elems=6144 param_elems=6144 energy=0x1.96p-18 finite=1
ATTR_NAMED_GRAD block=1920 name=ff_bias2_18 grad=95afd1ec grad_elems=1024 param_elems=1024 energy=0x1.fap-13 finite=1
ATTR_NAMED_GRAD block=1920 name=w_o_18 grad=3ede4d0d grad_elems=1048576 param_elems=1048576 energy=0x1.acp-7 finite=1
ATTR_NAMED_GRAD block=1920 name=w_r_18 grad=519bab5d grad_elems=327680 param_elems=327680 energy=0x1.0cp-27 finite=1
ATTR_NAMED_GRAD block=1920 name=w_kv_18 grad=c207b0cc grad_elems=2097152 param_elems=2097152 energy=0x1.e8p-7 finite=1
ATTR_NAMED_GRAD block=1920 name=w_q_18 grad=917b4b1b grad_elems=1048576 param_elems=1048576 energy=0x1.7ep-13 finite=1
ATTR_NAMED_GRAD block=1920 name=ln_g_36 grad=b010f751 grad_elems=1024 param_elems=1024 energy=0x1p-23 finite=1
ATTR_NAMED_GRAD block=1920 name=ln_b_36 grad=4377d5b5 grad_elems=1024 param_elems=1024 energy=0x1.f4p-22 finite=1
ATTR_NAMED_GRAD block=1920 name=ff2_17 grad=f29f0132 grad_elems=3145728 param_elems=3145728 energy=0x1.1p-7 finite=1
ATTR_NAMED_GRAD block=1920 name=ff1_17 grad=6f6b5e99 grad_elems=6291456 param_elems=6291456 energy=0x1.3cp-8 finite=1
ATTR_NAMED_GRAD block=1920 name=ln_g_35 grad=7a59783d grad_elems=1024 param_elems=1024 energy=0x1.46p-20 finite=1
ATTR_NAMED_GRAD block=1920 name=ln_b_35 grad=7ae66111 grad_elems=1024 param_elems=1024 energy=0x1.2cp-19 finite=1
ATTR_NAMED_GRAD block=1920 name=ff_bias1_17 grad=5fcc5116 grad_elems=6144 param_elems=6144 energy=0x1.d8p-18 finite=1
ATTR_NAMED_GRAD block=1920 name=ff_bias2_17 grad=7cd0fe18 grad_elems=1024 param_elems=1024 energy=0x1.f8p-13 finite=1
ATTR_NAMED_GRAD block=1920 name=w_o_17 grad=c9db35cf grad_elems=1048576 param_elems=1048576 energy=0x1.12p-7 finite=1
ATTR_NAMED_GRAD block=1920 name=w_r_17 grad=b653f400 grad_elems=327680 param_elems=327680 energy=0x1.fep-27 finite=1
ATTR_NAMED_GRAD block=1920 name=w_kv_17 grad=d62ee759 grad_elems=2097152 param_elems=2097152 energy=0x1.3ap-7 finite=1
ATTR_NAMED_GRAD block=1920 name=w_q_17 grad=652c43d1 grad_elems=1048576 param_elems=1048576 energy=0x1.34p-13 finite=1
ATTR_NAMED_GRAD block=1920 name=ln_g_34 grad=e854d137 grad_elems=1024 param_elems=1024 energy=0x1.5cp-23 finite=1
ATTR_NAMED_GRAD block=1920 name=ln_b_34 grad=732ff772 grad_elems=1024 param_elems=1024 energy=0x1.9cp-21 finite=1
ATTR_NAMED_GRAD block=1920 name=ff2_16 grad=da97996e grad_elems=3145728 param_elems=3145728 energy=0x1p-7 finite=1
ATTR_NAMED_GRAD block=1920 name=ff1_16 grad=7ec7c33b grad_elems=6291456 param_elems=6291456 energy=0x1.34p-8 finite=1
ATTR_NAMED_GRAD block=1920 name=ln_g_33 grad=5314b526 grad_elems=1024 param_elems=1024 energy=0x1.3cp-20 finite=1
ATTR_NAMED_GRAD block=1920 name=ln_b_33 grad=2e7bf5ff grad_elems=1024 param_elems=1024 energy=0x1.08p-19 finite=1
ATTR_NAMED_GRAD block=1920 name=ff_bias1_16 grad=ed966183 grad_elems=6144 param_elems=6144 energy=0x1.c2p-18 finite=1
ATTR_NAMED_GRAD block=1920 name=ff_bias2_16 grad=114b2847 grad_elems=1024 param_elems=1024 energy=0x1p-12 finite=1
ATTR_NAMED_GRAD block=1920 name=w_o_16 grad=4c4cbc25 grad_elems=1048576 param_elems=1048576 energy=0x1.a8p-8 finite=1
ATTR_NAMED_GRAD block=1920 name=w_r_16 grad=6b85d6ab grad_elems=327680 param_elems=327680 energy=0x1.f4p-28 finite=1
ATTR_NAMED_GRAD block=1920 name=w_kv_16 grad=787fd2f5 grad_elems=2097152 param_elems=2097152 energy=0x1.02p-7 finite=1
ATTR_NAMED_GRAD block=1920 name=w_q_16 grad=71e29535 grad_elems=1048576 param_elems=1048576 energy=0x1.2ap-14 finite=1
ATTR_NAMED_GRAD block=1920 name=ln_g_32 grad=688bce95 grad_elems=1024 param_elems=1024 energy=0x1.a4p-25 finite=1
ATTR_NAMED_GRAD block=1920 name=ln_b_32 grad=6fd206c1 grad_elems=1024 param_elems=1024 energy=0x1.bcp-23 finite=1
ATTR_NAMED_GRAD block=1920 name=ff2_15 grad=35c9dcbb grad_elems=3145728 param_elems=3145728 energy=0x1.1ap-7 finite=1
ATTR_NAMED_GRAD block=1920 name=ff1_15 grad=ce7a227b grad_elems=6291456 param_elems=6291456 energy=0x1.44p-8 finite=1
ATTR_NAMED_GRAD block=1920 name=ln_g_31 grad=27465829 grad_elems=1024 param_elems=1024 energy=0x1.66p-20 finite=1
ATTR_NAMED_GRAD block=1920 name=ln_b_31 grad=4f5c50ef grad_elems=1024 param_elems=1024 energy=0x1.44p-19 finite=1
ATTR_NAMED_GRAD block=1920 name=ff_bias1_15 grad=ba9f4f30 grad_elems=6144 param_elems=6144 energy=0x1.e4p-18 finite=1
ATTR_NAMED_GRAD block=1920 name=ff_bias2_15 grad=e4dc422d grad_elems=1024 param_elems=1024 energy=0x1.08p-12 finite=1
ATTR_NAMED_GRAD block=1920 name=w_o_15 grad=dbef0578 grad_elems=1048576 param_elems=1048576 energy=0x1.78p-8 finite=1
ATTR_NAMED_GRAD block=1920 name=w_r_15 grad=c93cf995 grad_elems=327680 param_elems=327680 energy=0x1.dep-28 finite=1
ATTR_NAMED_GRAD block=1920 name=w_kv_15 grad=bb530fd6 grad_elems=2097152 param_elems=2097152 energy=0x1.bp-8 finite=1
ATTR_NAMED_GRAD block=1920 name=w_q_15 grad=399c569f grad_elems=1048576 param_elems=1048576 energy=0x1.0cp-14 finite=1
ATTR_NAMED_GRAD block=1920 name=ln_g_30 grad=e110072c grad_elems=1024 param_elems=1024 energy=0x1.eep-25 finite=1
ATTR_NAMED_GRAD block=1920 name=ln_b_30 grad=cee38b0c grad_elems=1024 param_elems=1024 energy=0x1.0cp-22 finite=1
ATTR_NAMED_GRAD block=1920 name=ff2_14 grad=ea45d9b4 grad_elems=3145728 param_elems=3145728 energy=0x1.12p-7 finite=1
ATTR_NAMED_GRAD block=1920 name=ff1_14 grad=5e36367b grad_elems=6291456 param_elems=6291456 energy=0x1.3cp-8 finite=1
ATTR_NAMED_GRAD block=1920 name=ln_g_29 grad=bc8f528f grad_elems=1024 param_elems=1024 energy=0x1.5ep-20 finite=1
ATTR_NAMED_GRAD block=1920 name=ln_b_29 grad=9fd75c28 grad_elems=1024 param_elems=1024 energy=0x1.4ap-19 finite=1
ATTR_NAMED_GRAD block=1920 name=ff_bias1_14 grad=2ea52e02 grad_elems=6144 param_elems=6144 energy=0x1.e2p-18 finite=1
ATTR_NAMED_GRAD block=1920 name=ff_bias2_14 grad=42565ab8 grad_elems=1024 param_elems=1024 energy=0x1.1ap-12 finite=1
ATTR_NAMED_GRAD block=1920 name=w_o_14 grad=a93fbb2d grad_elems=1048576 param_elems=1048576 energy=0x1.2ap-8 finite=1
ATTR_NAMED_GRAD block=1920 name=w_r_14 grad=f7afb5e1 grad_elems=327680 param_elems=327680 energy=0x1.52p-28 finite=1
ATTR_NAMED_GRAD block=1920 name=w_kv_14 grad=866355f3 grad_elems=2097152 param_elems=2097152 energy=0x1.62p-8 finite=1
ATTR_NAMED_GRAD block=1920 name=w_q_14 grad=4018730f grad_elems=1048576 param_elems=1048576 energy=0x1.6p-15 finite=1
ATTR_NAMED_GRAD block=1920 name=ln_g_28 grad=6b02ac0e grad_elems=1024 param_elems=1024 energy=0x1.94p-26 finite=1
ATTR_NAMED_GRAD block=1920 name=ln_b_28 grad=2d1a8f42 grad_elems=1024 param_elems=1024 energy=0x1.9p-24 finite=1
ATTR_NAMED_GRAD block=1920 name=ff2_13 grad=54dcf9db grad_elems=3145728 param_elems=3145728 energy=0x1.f4p-8 finite=1
ATTR_NAMED_GRAD block=1920 name=ff1_13 grad=491f7a14 grad_elems=6291456 param_elems=6291456 energy=0x1.38p-8 finite=1
ATTR_NAMED_GRAD block=1920 name=ln_g_27 grad=e22e491b grad_elems=1024 param_elems=1024 energy=0x1.5cp-20 finite=1
ATTR_NAMED_GRAD block=1920 name=ln_b_27 grad=3cfdaf9a grad_elems=1024 param_elems=1024 energy=0x1.3cp-19 finite=1
ATTR_NAMED_GRAD block=1920 name=ff_bias1_13 grad=93324594 grad_elems=6144 param_elems=6144 energy=0x1.eap-18 finite=1
ATTR_NAMED_GRAD block=1920 name=ff_bias2_13 grad=5ac6ec26 grad_elems=1024 param_elems=1024 energy=0x1.36p-12 finite=1
ATTR_NAMED_GRAD block=1920 name=w_o_13 grad=7be369b0 grad_elems=1048576 param_elems=1048576 energy=0x1.02p-8 finite=1
ATTR_NAMED_GRAD block=1920 name=w_r_13 grad=7d32745d grad_elems=327680 param_elems=327680 energy=0x1.18p-28 finite=1
ATTR_NAMED_GRAD block=1920 name=w_kv_13 grad=10e6fbf3 grad_elems=2097152 param_elems=2097152 energy=0x1.4p-8 finite=1
ATTR_NAMED_GRAD block=1920 name=w_q_13 grad=a9f8f9c0 grad_elems=1048576 param_elems=1048576 energy=0x1.44p-15 finite=1
ATTR_NAMED_GRAD block=1920 name=ln_g_26 grad=594ce1a4 grad_elems=1024 param_elems=1024 energy=0x1.46p-26 finite=1
ATTR_NAMED_GRAD block=1920 name=ln_b_26 grad=598bae78 grad_elems=1024 param_elems=1024 energy=0x1.64p-24 finite=1
ATTR_NAMED_GRAD block=1920 name=ff2_12 grad=50825952 grad_elems=3145728 param_elems=3145728 energy=0x1p-7 finite=1
ATTR_NAMED_GRAD block=1920 name=ff1_12 grad=29348f8d grad_elems=6291456 param_elems=6291456 energy=0x1.4p-8 finite=1
ATTR_NAMED_GRAD block=1920 name=ln_g_25 grad=dbd8c5ba grad_elems=1024 param_elems=1024 energy=0x1.8cp-20 finite=1
ATTR_NAMED_GRAD block=1920 name=ln_b_25 grad=4d6477d3 grad_elems=1024 param_elems=1024 energy=0x1.5cp-19 finite=1
ATTR_NAMED_GRAD block=1920 name=ff_bias1_12 grad=bb04d48b grad_elems=6144 param_elems=6144 energy=0x1.fp-18 finite=1
ATTR_NAMED_GRAD block=1920 name=ff_bias2_12 grad=9f7c1e3e grad_elems=1024 param_elems=1024 energy=0x1.52p-12 finite=1
ATTR_NAMED_GRAD block=1920 name=w_o_12 grad=439da96d grad_elems=1048576 param_elems=1048576 energy=0x1.e2p-9 finite=1
ATTR_NAMED_GRAD block=1920 name=w_r_12 grad=80fc08fe grad_elems=327680 param_elems=327680 energy=0x1.32p-28 finite=1
ATTR_NAMED_GRAD block=1920 name=w_kv_12 grad=5156b2c0 grad_elems=2097152 param_elems=2097152 energy=0x1.1p-8 finite=1
ATTR_NAMED_GRAD block=1920 name=w_q_12 grad=37db57c3 grad_elems=1048576 param_elems=1048576 energy=0x1.38p-15 finite=1
ATTR_NAMED_GRAD block=1920 name=ln_g_24 grad=8c5f862e grad_elems=1024 param_elems=1024 energy=0x1.38p-26 finite=1
ATTR_NAMED_GRAD block=1920 name=ln_b_24 grad=0b80292b grad_elems=1024 param_elems=1024 energy=0x1.44p-24 finite=1
ATTR_NAMED_GRAD block=1920 name=ff2_11 grad=aa6666f4 grad_elems=3145728 param_elems=3145728 energy=0x1.f6p-8 finite=1
ATTR_NAMED_GRAD block=1920 name=ff1_11 grad=a72877e7 grad_elems=6291456 param_elems=6291456 energy=0x1.42p-8 finite=1
ATTR_NAMED_GRAD block=1920 name=ln_g_23 grad=e44760a1 grad_elems=1024 param_elems=1024 energy=0x1.bcp-20 finite=1
ATTR_NAMED_GRAD block=1920 name=ln_b_23 grad=892c4f33 grad_elems=1024 param_elems=1024 energy=0x1.76p-19 finite=1
ATTR_NAMED_GRAD block=1920 name=ff_bias1_11 grad=ebcd5fa5 grad_elems=6144 param_elems=6144 energy=0x1.0ap-17 finite=1
ATTR_NAMED_GRAD block=1920 name=ff_bias2_11 grad=90bed838 grad_elems=1024 param_elems=1024 energy=0x1.7ep-12 finite=1
ATTR_NAMED_GRAD block=1920 name=w_o_11 grad=5b0d8bcf grad_elems=1048576 param_elems=1048576 energy=0x1.aep-9 finite=1
ATTR_NAMED_GRAD block=1920 name=w_r_11 grad=a141737b grad_elems=327680 param_elems=327680 energy=0x1.0cp-28 finite=1
ATTR_NAMED_GRAD block=1920 name=w_kv_11 grad=21ea8e35 grad_elems=2097152 param_elems=2097152 energy=0x1p-8 finite=1
ATTR_NAMED_GRAD block=1920 name=w_q_11 grad=6f8e242e grad_elems=1048576 param_elems=1048576 energy=0x1.04p-15 finite=1
ATTR_NAMED_GRAD block=1920 name=ln_g_22 grad=86ce03c9 grad_elems=1024 param_elems=1024 energy=0x1.0cp-26 finite=1
ATTR_NAMED_GRAD block=1920 name=ln_b_22 grad=0bdb071d grad_elems=1024 param_elems=1024 energy=0x1.d2p-24 finite=1
ATTR_NAMED_GRAD block=1920 name=ff2_10 grad=d4b8cd6a grad_elems=3145728 param_elems=3145728 energy=0x1.e8p-8 finite=1
ATTR_NAMED_GRAD block=1920 name=ff1_10 grad=368f4122 grad_elems=6291456 param_elems=6291456 energy=0x1.46p-8 finite=1
ATTR_NAMED_GRAD block=1920 name=ln_g_21 grad=b65b9520 grad_elems=1024 param_elems=1024 energy=0x1.dp-20 finite=1
ATTR_NAMED_GRAD block=1920 name=ln_b_21 grad=ebe353ca grad_elems=1024 param_elems=1024 energy=0x1.92p-19 finite=1
ATTR_NAMED_GRAD block=1920 name=ff_bias1_10 grad=56b17164 grad_elems=6144 param_elems=6144 energy=0x1.14p-17 finite=1
ATTR_NAMED_GRAD block=1920 name=ff_bias2_10 grad=a9719a46 grad_elems=1024 param_elems=1024 energy=0x1.aep-12 finite=1
ATTR_NAMED_GRAD block=1920 name=w_o_10 grad=c2c27df2 grad_elems=1048576 param_elems=1048576 energy=0x1.94p-9 finite=1
ATTR_NAMED_GRAD block=1920 name=w_r_10 grad=2220ca87 grad_elems=327680 param_elems=327680 energy=0x1.34p-28 finite=1
ATTR_NAMED_GRAD block=1920 name=w_kv_10 grad=aa7679e5 grad_elems=2097152 param_elems=2097152 energy=0x1.fp-9 finite=1
ATTR_NAMED_GRAD block=1920 name=w_q_10 grad=b8d8454f grad_elems=1048576 param_elems=1048576 energy=0x1.52p-15 finite=1
ATTR_NAMED_GRAD block=1920 name=ln_g_20 grad=016f16d1 grad_elems=1024 param_elems=1024 energy=0x1.6ep-26 finite=1
ATTR_NAMED_GRAD block=1920 name=ln_b_20 grad=de23cdd1 grad_elems=1024 param_elems=1024 energy=0x1.2cp-23 finite=1
ATTR_NAMED_GRAD block=1920 name=ff2_9 grad=07f6faec grad_elems=3145728 param_elems=3145728 energy=0x1.eep-8 finite=1
ATTR_NAMED_GRAD block=1920 name=ff1_9 grad=9b17591c grad_elems=6291456 param_elems=6291456 energy=0x1.4cp-8 finite=1
ATTR_NAMED_GRAD block=1920 name=ln_g_19 grad=99468ced grad_elems=1024 param_elems=1024 energy=0x1.b8p-20 finite=1
ATTR_NAMED_GRAD block=1920 name=ln_b_19 grad=1dd00cce grad_elems=1024 param_elems=1024 energy=0x1.8p-19 finite=1
ATTR_NAMED_GRAD block=1920 name=ff_bias1_9 grad=9ab0a155 grad_elems=6144 param_elems=6144 energy=0x1.16p-17 finite=1
ATTR_NAMED_GRAD block=1920 name=ff_bias2_9 grad=d0a1c17f grad_elems=1024 param_elems=1024 energy=0x1.eap-12 finite=1
ATTR_NAMED_GRAD block=1920 name=w_o_9 grad=adc5a78a grad_elems=1048576 param_elems=1048576 energy=0x1.6ep-9 finite=1
ATTR_NAMED_GRAD block=1920 name=w_r_9 grad=fffef20c grad_elems=327680 param_elems=327680 energy=0x1.88p-28 finite=1
ATTR_NAMED_GRAD block=1920 name=w_kv_9 grad=eaa2ff68 grad_elems=2097152 param_elems=2097152 energy=0x1.b4p-9 finite=1
ATTR_NAMED_GRAD block=1920 name=w_q_9 grad=f1631271 grad_elems=1048576 param_elems=1048576 energy=0x1.18p-14 finite=1
ATTR_NAMED_GRAD block=1920 name=ln_g_18 grad=b40e35f1 grad_elems=1024 param_elems=1024 energy=0x1.68p-25 finite=1
ATTR_NAMED_GRAD block=1920 name=ln_b_18 grad=8d19da10 grad_elems=1024 param_elems=1024 energy=0x1.a4p-23 finite=1
ATTR_NAMED_GRAD block=1920 name=ff2_8 grad=2e14328d grad_elems=3145728 param_elems=3145728 energy=0x1.f2p-8 finite=1
ATTR_NAMED_GRAD block=1920 name=ff1_8 grad=f8ecef6a grad_elems=6291456 param_elems=6291456 energy=0x1.52p-8 finite=1
ATTR_NAMED_GRAD block=1920 name=ln_g_17 grad=6bc5f095 grad_elems=1024 param_elems=1024 energy=0x1.dcp-20 finite=1
ATTR_NAMED_GRAD block=1920 name=ln_b_17 grad=aafab5a0 grad_elems=1024 param_elems=1024 energy=0x1.74p-19 finite=1
ATTR_NAMED_GRAD block=1920 name=ff_bias1_8 grad=45958a9d grad_elems=6144 param_elems=6144 energy=0x1.1ep-17 finite=1
ATTR_NAMED_GRAD block=1920 name=ff_bias2_8 grad=58f2880b grad_elems=1024 param_elems=1024 energy=0x1.18p-11 finite=1
ATTR_NAMED_GRAD block=1920 name=w_o_8 grad=e356001e grad_elems=1048576 param_elems=1048576 energy=0x1.3p-9 finite=1
ATTR_NAMED_GRAD block=1920 name=w_r_8 grad=76f1767c grad_elems=327680 param_elems=327680 energy=0x1.2p-28 finite=1
ATTR_NAMED_GRAD block=1920 name=w_kv_8 grad=4fefdced grad_elems=2097152 param_elems=2097152 energy=0x1.6p-9 finite=1
ATTR_NAMED_GRAD block=1920 name=w_q_8 grad=85a77e18 grad_elems=1048576 param_elems=1048576 energy=0x1.d6p-16 finite=1
ATTR_NAMED_GRAD block=1920 name=ln_g_16 grad=06a513aa grad_elems=1024 param_elems=1024 energy=0x1.aep-27 finite=1
ATTR_NAMED_GRAD block=1920 name=ln_b_16 grad=0196c7c0 grad_elems=1024 param_elems=1024 energy=0x1.14p-23 finite=1
ATTR_NAMED_GRAD block=1920 name=ff2_7 grad=fb590070 grad_elems=3145728 param_elems=3145728 energy=0x1.fcp-8 finite=1
ATTR_NAMED_GRAD block=1920 name=ff1_7 grad=7b98791f grad_elems=6291456 param_elems=6291456 energy=0x1.6p-8 finite=1
ATTR_NAMED_GRAD block=1920 name=ln_g_15 grad=f9195ef4 grad_elems=1024 param_elems=1024 energy=0x1.f8p-20 finite=1
ATTR_NAMED_GRAD block=1920 name=ln_b_15 grad=46ad1d7b grad_elems=1024 param_elems=1024 energy=0x1.8ep-19 finite=1
ATTR_NAMED_GRAD block=1920 name=ff_bias1_7 grad=00f7487f grad_elems=6144 param_elems=6144 energy=0x1.24p-17 finite=1
ATTR_NAMED_GRAD block=1920 name=ff_bias2_7 grad=a97435c8 grad_elems=1024 param_elems=1024 energy=0x1.3cp-11 finite=1
ATTR_NAMED_GRAD block=1920 name=w_o_7 grad=111d6829 grad_elems=1048576 param_elems=1048576 energy=0x1.08p-9 finite=1
ATTR_NAMED_GRAD block=1920 name=w_r_7 grad=550a5ea4 grad_elems=327680 param_elems=327680 energy=0x1.3p-28 finite=1
ATTR_NAMED_GRAD block=1920 name=w_kv_7 grad=1146ed36 grad_elems=2097152 param_elems=2097152 energy=0x1.36p-9 finite=1
ATTR_NAMED_GRAD block=1920 name=w_q_7 grad=53d2ebaa grad_elems=1048576 param_elems=1048576 energy=0x1.a8p-16 finite=1
ATTR_NAMED_GRAD block=1920 name=ln_g_14 grad=6215f96e grad_elems=1024 param_elems=1024 energy=0x1.9ep-27 finite=1
ATTR_NAMED_GRAD block=1920 name=ln_b_14 grad=2662f06e grad_elems=1024 param_elems=1024 energy=0x1.08p-23 finite=1
ATTR_NAMED_GRAD block=1920 name=ff2_6 grad=5ead4094 grad_elems=3145728 param_elems=3145728 energy=0x1.02p-7 finite=1
ATTR_NAMED_GRAD block=1920 name=ff1_6 grad=9c8fc458 grad_elems=6291456 param_elems=6291456 energy=0x1.6ep-8 finite=1
ATTR_NAMED_GRAD block=1920 name=ln_g_13 grad=f172753f grad_elems=1024 param_elems=1024 energy=0x1.2ap-19 finite=1
ATTR_NAMED_GRAD block=1920 name=ln_b_13 grad=f9b5cf40 grad_elems=1024 param_elems=1024 energy=0x1.94p-19 finite=1
ATTR_NAMED_GRAD block=1920 name=ff_bias1_6 grad=2f9c38ba grad_elems=6144 param_elems=6144 energy=0x1.3cp-17 finite=1
ATTR_NAMED_GRAD block=1920 name=ff_bias2_6 grad=dc45ce85 grad_elems=1024 param_elems=1024 energy=0x1.64p-11 finite=1
ATTR_NAMED_GRAD block=1920 name=w_o_6 grad=c47160ba grad_elems=1048576 param_elems=1048576 energy=0x1.cep-10 finite=1
ATTR_NAMED_GRAD block=1920 name=w_r_6 grad=f925b4a1 grad_elems=327680 param_elems=327680 energy=0x1.3ap-28 finite=1
ATTR_NAMED_GRAD block=1920 name=w_kv_6 grad=eecbc3f8 grad_elems=2097152 param_elems=2097152 energy=0x1.2p-9 finite=1
ATTR_NAMED_GRAD block=1920 name=w_q_6 grad=d97b1153 grad_elems=1048576 param_elems=1048576 energy=0x1.bcp-16 finite=1
ATTR_NAMED_GRAD block=1920 name=ln_g_12 grad=99ea35fd grad_elems=1024 param_elems=1024 energy=0x1.98p-27 finite=1
ATTR_NAMED_GRAD block=1920 name=ln_b_12 grad=8715ea2f grad_elems=1024 param_elems=1024 energy=0x1.58p-23 finite=1
ATTR_NAMED_GRAD block=1920 name=ff2_5 grad=67ee33d9 grad_elems=3145728 param_elems=3145728 energy=0x1.0ap-7 finite=1
ATTR_NAMED_GRAD block=1920 name=ff1_5 grad=f76887d2 grad_elems=6291456 param_elems=6291456 energy=0x1.7cp-8 finite=1
ATTR_NAMED_GRAD block=1920 name=ln_g_11 grad=eed53066 grad_elems=1024 param_elems=1024 energy=0x1.12p-19 finite=1
ATTR_NAMED_GRAD block=1920 name=ln_b_11 grad=1451d6ae grad_elems=1024 param_elems=1024 energy=0x1.c4p-19 finite=1
ATTR_NAMED_GRAD block=1920 name=ff_bias1_5 grad=49d12d46 grad_elems=6144 param_elems=6144 energy=0x1.4ep-17 finite=1
ATTR_NAMED_GRAD block=1920 name=ff_bias2_5 grad=c3d0378e grad_elems=1024 param_elems=1024 energy=0x1.92p-11 finite=1
ATTR_NAMED_GRAD block=1920 name=w_o_5 grad=7cb95e09 grad_elems=1048576 param_elems=1048576 energy=0x1.b4p-10 finite=1
ATTR_NAMED_GRAD block=1920 name=w_r_5 grad=29d1e2c3 grad_elems=327680 param_elems=327680 energy=0x1.5p-28 finite=1
ATTR_NAMED_GRAD block=1920 name=w_kv_5 grad=8830f08b grad_elems=2097152 param_elems=2097152 energy=0x1.0ap-9 finite=1
ATTR_NAMED_GRAD block=1920 name=w_q_5 grad=89c145ef grad_elems=1048576 param_elems=1048576 energy=0x1.e2p-16 finite=1
ATTR_NAMED_GRAD block=1920 name=ln_g_10 grad=98103d58 grad_elems=1024 param_elems=1024 energy=0x1.72p-27 finite=1
ATTR_NAMED_GRAD block=1920 name=ln_b_10 grad=f3f33131 grad_elems=1024 param_elems=1024 energy=0x1.acp-23 finite=1
ATTR_NAMED_GRAD block=1920 name=ff2_4 grad=6c6d4403 grad_elems=3145728 param_elems=3145728 energy=0x1.12p-7 finite=1
ATTR_NAMED_GRAD block=1920 name=ff1_4 grad=efaf6eb6 grad_elems=6291456 param_elems=6291456 energy=0x1.8ap-8 finite=1
ATTR_NAMED_GRAD block=1920 name=ln_g_9 grad=9b57d0bd grad_elems=1024 param_elems=1024 energy=0x1.3ap-19 finite=1
ATTR_NAMED_GRAD block=1920 name=ln_b_9 grad=473f6355 grad_elems=1024 param_elems=1024 energy=0x1.9cp-19 finite=1
ATTR_NAMED_GRAD block=1920 name=ff_bias1_4 grad=0c912e30 grad_elems=6144 param_elems=6144 energy=0x1.48p-17 finite=1
ATTR_NAMED_GRAD block=1920 name=ff_bias2_4 grad=fc3c4428 grad_elems=1024 param_elems=1024 energy=0x1.c8p-11 finite=1
ATTR_NAMED_GRAD block=1920 name=w_o_4 grad=e0256737 grad_elems=1048576 param_elems=1048576 energy=0x1.78p-10 finite=1
ATTR_NAMED_GRAD block=1920 name=w_r_4 grad=d7b95330 grad_elems=327680 param_elems=327680 energy=0x1.76p-28 finite=1
ATTR_NAMED_GRAD block=1920 name=w_kv_4 grad=fbe00e65 grad_elems=2097152 param_elems=2097152 energy=0x1.d6p-10 finite=1
ATTR_NAMED_GRAD block=1920 name=w_q_4 grad=af197da1 grad_elems=1048576 param_elems=1048576 energy=0x1.54p-15 finite=1
ATTR_NAMED_GRAD block=1920 name=ln_g_8 grad=509df9dd grad_elems=1024 param_elems=1024 energy=0x1.3cp-26 finite=1
ATTR_NAMED_GRAD block=1920 name=ln_b_8 grad=ec817b18 grad_elems=1024 param_elems=1024 energy=0x1.a4p-22 finite=1
ATTR_NAMED_GRAD block=1920 name=ff2_3 grad=6da83e97 grad_elems=3145728 param_elems=3145728 energy=0x1.1ep-7 finite=1
ATTR_NAMED_GRAD block=1920 name=ff1_3 grad=026eda4e grad_elems=6291456 param_elems=6291456 energy=0x1.ap-8 finite=1
ATTR_NAMED_GRAD block=1920 name=ln_g_7 grad=174c8e44 grad_elems=1024 param_elems=1024 energy=0x1.1ap-19 finite=1
ATTR_NAMED_GRAD block=1920 name=ln_b_7 grad=a0b7b941 grad_elems=1024 param_elems=1024 energy=0x1.92p-19 finite=1
ATTR_NAMED_GRAD block=1920 name=ff_bias1_3 grad=a6a5ed0d grad_elems=6144 param_elems=6144 energy=0x1.62p-17 finite=1
ATTR_NAMED_GRAD block=1920 name=ff_bias2_3 grad=96b5e4e5 grad_elems=1024 param_elems=1024 energy=0x1.fap-11 finite=1
ATTR_NAMED_GRAD block=1920 name=w_o_3 grad=049435a2 grad_elems=1048576 param_elems=1048576 energy=0x1.62p-10 finite=1
ATTR_NAMED_GRAD block=1920 name=w_r_3 grad=be5f8c8d grad_elems=327680 param_elems=327680 energy=0x1.a8p-28 finite=1
ATTR_NAMED_GRAD block=1920 name=w_kv_3 grad=b8a442cb grad_elems=2097152 param_elems=2097152 energy=0x1.94p-10 finite=1
ATTR_NAMED_GRAD block=1920 name=w_q_3 grad=bf581bf8 grad_elems=1048576 param_elems=1048576 energy=0x1.78p-15 finite=1
ATTR_NAMED_GRAD block=1920 name=ln_g_6 grad=7f8968b7 grad_elems=1024 param_elems=1024 energy=0x1.5cp-26 finite=1
ATTR_NAMED_GRAD block=1920 name=ln_b_6 grad=81478926 grad_elems=1024 param_elems=1024 energy=0x1.1p-22 finite=1
ATTR_NAMED_GRAD block=1920 name=ff2_2 grad=dfff50a2 grad_elems=3145728 param_elems=3145728 energy=0x1.2ap-7 finite=1
ATTR_NAMED_GRAD block=1920 name=ff1_2 grad=705cf145 grad_elems=6291456 param_elems=6291456 energy=0x1.b4p-8 finite=1
ATTR_NAMED_GRAD block=1920 name=ln_g_5 grad=6664e073 grad_elems=1024 param_elems=1024 energy=0x1.28p-19 finite=1
ATTR_NAMED_GRAD block=1920 name=ln_b_5 grad=9b65dde3 grad_elems=1024 param_elems=1024 energy=0x1.7ap-19 finite=1
ATTR_NAMED_GRAD block=1920 name=ff_bias1_2 grad=e59b1fa2 grad_elems=6144 param_elems=6144 energy=0x1.64p-17 finite=1
ATTR_NAMED_GRAD block=1920 name=ff_bias2_2 grad=ce2de18b grad_elems=1024 param_elems=1024 energy=0x1.18p-10 finite=1
ATTR_NAMED_GRAD block=1920 name=w_o_2 grad=15a460c7 grad_elems=1048576 param_elems=1048576 energy=0x1.52p-10 finite=1
ATTR_NAMED_GRAD block=1920 name=w_r_2 grad=2b34cc2f grad_elems=327680 param_elems=327680 energy=0x1.d6p-28 finite=1
ATTR_NAMED_GRAD block=1920 name=w_kv_2 grad=90196bd4 grad_elems=2097152 param_elems=2097152 energy=0x1.64p-10 finite=1
ATTR_NAMED_GRAD block=1920 name=w_q_2 grad=71182483 grad_elems=1048576 param_elems=1048576 energy=0x1.04p-14 finite=1
ATTR_NAMED_GRAD block=1920 name=ln_g_4 grad=59e90980 grad_elems=1024 param_elems=1024 energy=0x1.02p-25 finite=1
ATTR_NAMED_GRAD block=1920 name=ln_b_4 grad=e4b14ce0 grad_elems=1024 param_elems=1024 energy=0x1.e2p-22 finite=1
ATTR_NAMED_GRAD block=1920 name=ff2_1 grad=ad23325a grad_elems=3145728 param_elems=3145728 energy=0x1.36p-7 finite=1
ATTR_NAMED_GRAD block=1920 name=ff1_1 grad=951f7519 grad_elems=6291456 param_elems=6291456 energy=0x1.cap-8 finite=1
ATTR_NAMED_GRAD block=1920 name=ln_g_3 grad=b3400f53 grad_elems=1024 param_elems=1024 energy=0x1.3ap-19 finite=1
ATTR_NAMED_GRAD block=1920 name=ln_b_3 grad=abf6ecb3 grad_elems=1024 param_elems=1024 energy=0x1.a4p-19 finite=1
ATTR_NAMED_GRAD block=1920 name=ff_bias1_1 grad=f12a2b1d grad_elems=6144 param_elems=6144 energy=0x1.8p-17 finite=1
ATTR_NAMED_GRAD block=1920 name=ff_bias2_1 grad=592a927e grad_elems=1024 param_elems=1024 energy=0x1.34p-10 finite=1
ATTR_NAMED_GRAD block=1920 name=w_o_1 grad=841a5e00 grad_elems=1048576 param_elems=1048576 energy=0x1.4p-10 finite=1
ATTR_NAMED_GRAD block=1920 name=w_r_1 grad=8d25ecea grad_elems=327680 param_elems=327680 energy=0x1.9ep-27 finite=1
ATTR_NAMED_GRAD block=1920 name=w_kv_1 grad=6fe887e7 grad_elems=2097152 param_elems=2097152 energy=0x1.62p-10 finite=1
ATTR_NAMED_GRAD block=1920 name=w_q_1 grad=41fe66a6 grad_elems=1048576 param_elems=1048576 energy=0x1.2cp-11 finite=1
ATTR_NAMED_GRAD block=1920 name=ln_g_2 grad=5b98ad34 grad_elems=1024 param_elems=1024 energy=0x1.88p-22 finite=1
ATTR_NAMED_GRAD block=1920 name=ln_b_2 grad=f001939d grad_elems=1024 param_elems=1024 energy=0x1.a4p-20 finite=1
ATTR_NAMED_GRAD block=1920 name=ff2_0 grad=de55a639 grad_elems=3145728 param_elems=3145728 energy=0x1.42p-7 finite=1
ATTR_NAMED_GRAD block=1920 name=ff1_0 grad=7e8fc2d8 grad_elems=6291456 param_elems=6291456 energy=0x1.f4p-8 finite=1
ATTR_NAMED_GRAD block=1920 name=ln_g_1 grad=0102cb11 grad_elems=1024 param_elems=1024 energy=0x1.5ep-19 finite=1
ATTR_NAMED_GRAD block=1920 name=ln_b_1 grad=2e56f635 grad_elems=1024 param_elems=1024 energy=0x1.b6p-19 finite=1
ATTR_NAMED_GRAD block=1920 name=ff_bias1_0 grad=7c2086c5 grad_elems=6144 param_elems=6144 energy=0x1.92p-17 finite=1
ATTR_NAMED_GRAD block=1920 name=ff_bias2_0 grad=c3c24800 grad_elems=1024 param_elems=1024 energy=0x1.5ep-10 finite=1
ATTR_NAMED_GRAD block=1920 name=w_o_0 grad=6836c4fe grad_elems=1048576 param_elems=1048576 energy=0x1.04p-10 finite=1
ATTR_NAMED_GRAD block=1920 name=w_r_0 grad=25e25240 grad_elems=327680 param_elems=327680 energy=0x1.0ap-27 finite=1
ATTR_NAMED_GRAD block=1920 name=b_r_0 grad=193e7c35 grad_elems=2560 param_elems=2560 energy=0x1.9ap-11 finite=1
ATTR_NAMED_GRAD block=1920 name=w_kv_0 grad=7b2bb0cc grad_elems=2097152 param_elems=2097152 energy=0x1.1ep-10 finite=1
ATTR_NAMED_GRAD block=1920 name=w_q_0 grad=0d5ec55f grad_elems=1048576 param_elems=1048576 energy=0x1.eep-15 finite=1
ATTR_NAMED_GRAD block=1920 name=ln_g_0 grad=9d1d389a grad_elems=1024 param_elems=1024 energy=0x1.b4p-26 finite=1
ATTR_NAMED_GRAD block=1920 name=ln_b_0 grad=0ccf8205 grad_elems=1024 param_elems=1024 energy=0x1.88p-22 finite=1
ATTR_NAMED_GRAD block=1920 name=embed grad=70a6def1 grad_elems=16785408 param_elems=16785408 energy=0x1.8ba3b6p-3 finite=1
ATTR_NAMED_GRAD block=1920 name=ln_g_40 grad=c7280e3d grad_elems=1024 param_elems=1024 energy=0x1.9ep-12 finite=1
ATTR_NAMED_GRAD block=1920 name=ln_b_40 grad=88517793 grad_elems=1024 param_elems=1024 energy=0x1.12p-11 finite=1
ATTR_NAMED_GRAD block=1920 name=out_bias grad=3b565795 grad_elems=16392 param_elems=16392 energy=0x1.fep-10 finite=1
ATTR_HEAD arm=1 block=1920 weight=e0ec0cd6 bias=a88966d6
ATTR_STATE arm=1 block=1920 step=62 params=b76ed0fa memory=c9ecfdca
ATTR_NAMED_GRAD block=1984 name=embed_out grad=a790250f grad_elems=16785408 param_elems=16785408 energy=0x1.42p+0 finite=1
ATTR_NAMED_GRAD block=1984 name=ff2_19 grad=766f4d6d grad_elems=3145728 param_elems=3145728 energy=0x1.06p-8 finite=1
ATTR_NAMED_GRAD block=1984 name=ff1_19 grad=3e99b355 grad_elems=6291456 param_elems=6291456 energy=0x1.f2p-9 finite=1
ATTR_NAMED_GRAD block=1984 name=ln_g_39 grad=17d6399e grad_elems=1024 param_elems=1024 energy=0x1.1ep-20 finite=1
ATTR_NAMED_GRAD block=1984 name=ln_b_39 grad=d3209c84 grad_elems=1024 param_elems=1024 energy=0x1.68p-20 finite=1
ATTR_NAMED_GRAD block=1984 name=ff_bias1_19 grad=adc9f9fb grad_elems=6144 param_elems=6144 energy=0x1.4ep-18 finite=1
ATTR_NAMED_GRAD block=1984 name=ff_bias2_19 grad=5479267a grad_elems=1024 param_elems=1024 energy=0x1.9ap-13 finite=1
ATTR_NAMED_GRAD block=1984 name=w_o_19 grad=901c92e0 grad_elems=1048576 param_elems=1048576 energy=0x1.42p-6 finite=1
ATTR_NAMED_GRAD block=1984 name=w_r_19 grad=3748a519 grad_elems=327680 param_elems=327680 energy=0x1.4ap-28 finite=1
ATTR_NAMED_GRAD block=1984 name=w_kv_19 grad=afa39a72 grad_elems=2097152 param_elems=2097152 energy=0x1.82p-6 finite=1
ATTR_NAMED_GRAD block=1984 name=w_q_19 grad=940f95b0 grad_elems=1048576 param_elems=1048576 energy=0x1.04p-14 finite=1
ATTR_NAMED_GRAD block=1984 name=ln_g_38 grad=41158c8f grad_elems=1024 param_elems=1024 energy=0x1.88p-25 finite=1
ATTR_NAMED_GRAD block=1984 name=ln_b_38 grad=25980b5b grad_elems=1024 param_elems=1024 energy=0x1p-23 finite=1
ATTR_NAMED_GRAD block=1984 name=ff2_18 grad=88c95a02 grad_elems=3145728 param_elems=3145728 energy=0x1.7cp-8 finite=1
ATTR_NAMED_GRAD block=1984 name=ff1_18 grad=a4a59a22 grad_elems=6291456 param_elems=6291456 energy=0x1.1ap-8 finite=1
ATTR_NAMED_GRAD block=1984 name=ln_g_37 grad=8d3102fb grad_elems=1024 param_elems=1024 energy=0x1.5cp-20 finite=1
ATTR_NAMED_GRAD block=1984 name=ln_b_37 grad=e3dcd603 grad_elems=1024 param_elems=1024 energy=0x1.d2p-20 finite=1
ATTR_NAMED_GRAD block=1984 name=ff_bias1_18 grad=96e11fb7 grad_elems=6144 param_elems=6144 energy=0x1.8p-18 finite=1
ATTR_NAMED_GRAD block=1984 name=ff_bias2_18 grad=0d0d0c40 grad_elems=1024 param_elems=1024 energy=0x1.9cp-13 finite=1
ATTR_NAMED_GRAD block=1984 name=w_o_18 grad=314d83d0 grad_elems=1048576 param_elems=1048576 energy=0x1.9ap-7 finite=1
ATTR_NAMED_GRAD block=1984 name=w_r_18 grad=b6bc0a6d grad_elems=327680 param_elems=327680 energy=0x1.cap-28 finite=1
ATTR_NAMED_GRAD block=1984 name=w_kv_18 grad=26d49868 grad_elems=2097152 param_elems=2097152 energy=0x1.dcp-7 finite=1
ATTR_NAMED_GRAD block=1984 name=w_q_18 grad=df04fde7 grad_elems=1048576 param_elems=1048576 energy=0x1p-13 finite=1
ATTR_NAMED_GRAD block=1984 name=ln_g_36 grad=f1208298 grad_elems=1024 param_elems=1024 energy=0x1.64p-24 finite=1
ATTR_NAMED_GRAD block=1984 name=ln_b_36 grad=33260253 grad_elems=1024 param_elems=1024 energy=0x1.12p-22 finite=1
ATTR_NAMED_GRAD block=1984 name=ff2_17 grad=671b53b2 grad_elems=3145728 param_elems=3145728 energy=0x1.0cp-7 finite=1
ATTR_NAMED_GRAD block=1984 name=ff1_17 grad=0d01ed05 grad_elems=6291456 param_elems=6291456 energy=0x1.5p-8 finite=1
ATTR_NAMED_GRAD block=1984 name=ln_g_35 grad=6e44095e grad_elems=1024 param_elems=1024 energy=0x1.92p-20 finite=1
ATTR_NAMED_GRAD block=1984 name=ln_b_35 grad=b3a1c9b8 grad_elems=1024 param_elems=1024 energy=0x1.36p-19 finite=1
ATTR_NAMED_GRAD block=1984 name=ff_bias1_17 grad=d96634a6 grad_elems=6144 param_elems=6144 energy=0x1.e8p-18 finite=1
ATTR_NAMED_GRAD block=1984 name=ff_bias2_17 grad=ec5e7dd5 grad_elems=1024 param_elems=1024 energy=0x1.9cp-13 finite=1
ATTR_NAMED_GRAD block=1984 name=w_o_17 grad=d0f4daa8 grad_elems=1048576 param_elems=1048576 energy=0x1.14p-7 finite=1
ATTR_NAMED_GRAD block=1984 name=w_r_17 grad=9d226e13 grad_elems=327680 param_elems=327680 energy=0x1.aep-27 finite=1
ATTR_NAMED_GRAD block=1984 name=w_kv_17 grad=7768ffc1 grad_elems=2097152 param_elems=2097152 energy=0x1.4ap-7 finite=1
ATTR_NAMED_GRAD block=1984 name=w_q_17 grad=6ba35a27 grad_elems=1048576 param_elems=1048576 energy=0x1.4cp-13 finite=1
ATTR_NAMED_GRAD block=1984 name=ln_g_34 grad=43da1304 grad_elems=1024 param_elems=1024 energy=0x1.cap-23 finite=1
ATTR_NAMED_GRAD block=1984 name=ln_b_34 grad=c715b978 grad_elems=1024 param_elems=1024 energy=0x1.eep-21 finite=1
ATTR_NAMED_GRAD block=1984 name=ff2_16 grad=eefed578 grad_elems=3145728 param_elems=3145728 energy=0x1.02p-7 finite=1
ATTR_NAMED_GRAD block=1984 name=ff1_16 grad=e2da6844 grad_elems=6291456 param_elems=6291456 energy=0x1.3cp-8 finite=1
ATTR_NAMED_GRAD block=1984 name=ln_g_33 grad=f9452324 grad_elems=1024 param_elems=1024 energy=0x1.4cp-20 finite=1
ATTR_NAMED_GRAD block=1984 name=ln_b_33 grad=fd62ad99 grad_elems=1024 param_elems=1024 energy=0x1p-19 finite=1
ATTR_NAMED_GRAD block=1984 name=ff_bias1_16 grad=b2d2e534 grad_elems=6144 param_elems=6144 energy=0x1.aap-18 finite=1
ATTR_NAMED_GRAD block=1984 name=ff_bias2_16 grad=a0f2c50b grad_elems=1024 param_elems=1024 energy=0x1.a4p-13 finite=1
ATTR_NAMED_GRAD block=1984 name=w_o_16 grad=57d6778d grad_elems=1048576 param_elems=1048576 energy=0x1.bcp-8 finite=1
ATTR_NAMED_GRAD block=1984 name=w_r_16 grad=cbba6eb6 grad_elems=327680 param_elems=327680 energy=0x1.c4p-28 finite=1
ATTR_NAMED_GRAD block=1984 name=w_kv_16 grad=895abfa6 grad_elems=2097152 param_elems=2097152 energy=0x1.16p-7 finite=1
ATTR_NAMED_GRAD block=1984 name=w_q_16 grad=ce55b8b5 grad_elems=1048576 param_elems=1048576 energy=0x1.5p-14 finite=1
ATTR_NAMED_GRAD block=1984 name=ln_g_32 grad=b4a37399 grad_elems=1024 param_elems=1024 energy=0x1.e8p-25 finite=1
ATTR_NAMED_GRAD block=1984 name=ln_b_32 grad=458cb531 grad_elems=1024 param_elems=1024 energy=0x1.c4p-23 finite=1
ATTR_NAMED_GRAD block=1984 name=ff2_15 grad=46e9fedc grad_elems=3145728 param_elems=3145728 energy=0x1.14p-7 finite=1
ATTR_NAMED_GRAD block=1984 name=ff1_15 grad=6fad9ca0 grad_elems=6291456 param_elems=6291456 energy=0x1.4ap-8 finite=1
ATTR_NAMED_GRAD block=1984 name=ln_g_31 grad=a7ea967e grad_elems=1024 param_elems=1024 energy=0x1.7ap-20 finite=1
ATTR_NAMED_GRAD block=1984 name=ln_b_31 grad=fe8fa78c grad_elems=1024 param_elems=1024 energy=0x1.3ep-19 finite=1
ATTR_NAMED_GRAD block=1984 name=ff_bias1_15 grad=871719b3 grad_elems=6144 param_elems=6144 energy=0x1.cap-18 finite=1
ATTR_NAMED_GRAD block=1984 name=ff_bias2_15 grad=3d1e86ed grad_elems=1024 param_elems=1024 energy=0x1.b8p-13 finite=1
ATTR_NAMED_GRAD block=1984 name=w_o_15 grad=27870a71 grad_elems=1048576 param_elems=1048576 energy=0x1.8cp-8 finite=1
ATTR_NAMED_GRAD block=1984 name=w_r_15 grad=b1aecc53 grad_elems=327680 param_elems=327680 energy=0x1.cp-28 finite=1
ATTR_NAMED_GRAD block=1984 name=w_kv_15 grad=c0c949ff grad_elems=2097152 param_elems=2097152 energy=0x1.cap-8 finite=1
ATTR_NAMED_GRAD block=1984 name=w_q_15 grad=ffc24316 grad_elems=1048576 param_elems=1048576 energy=0x1.dep-15 finite=1
ATTR_NAMED_GRAD block=1984 name=ln_g_30 grad=ce55cdc6 grad_elems=1024 param_elems=1024 energy=0x1.32p-25 finite=1
ATTR_NAMED_GRAD block=1984 name=ln_b_30 grad=861a1b1b grad_elems=1024 param_elems=1024 energy=0x1.1p-23 finite=1
ATTR_NAMED_GRAD block=1984 name=ff2_14 grad=d1a14bd0 grad_elems=3145728 param_elems=3145728 energy=0x1.1p-7 finite=1
ATTR_NAMED_GRAD block=1984 name=ff1_14 grad=e24b3960 grad_elems=6291456 param_elems=6291456 energy=0x1.4cp-8 finite=1
ATTR_NAMED_GRAD block=1984 name=ln_g_29 grad=cc0a5b6b grad_elems=1024 param_elems=1024 energy=0x1.84p-20 finite=1
ATTR_NAMED_GRAD block=1984 name=ln_b_29 grad=e17cdf48 grad_elems=1024 param_elems=1024 energy=0x1.3cp-19 finite=1
ATTR_NAMED_GRAD block=1984 name=ff_bias1_14 grad=45a61466 grad_elems=6144 param_elems=6144 energy=0x1.ecp-18 finite=1
ATTR_NAMED_GRAD block=1984 name=ff_bias2_14 grad=ee8d0e38 grad_elems=1024 param_elems=1024 energy=0x1.d8p-13 finite=1
ATTR_NAMED_GRAD block=1984 name=w_o_14 grad=4a94d1df grad_elems=1048576 param_elems=1048576 energy=0x1.3ap-8 finite=1
ATTR_NAMED_GRAD block=1984 name=w_r_14 grad=9fdf6781 grad_elems=327680 param_elems=327680 energy=0x1.5ep-28 finite=1
ATTR_NAMED_GRAD block=1984 name=w_kv_14 grad=3cb73659 grad_elems=2097152 param_elems=2097152 energy=0x1.8ep-8 finite=1
ATTR_NAMED_GRAD block=1984 name=w_q_14 grad=a0afe1f8 grad_elems=1048576 param_elems=1048576 energy=0x1.aep-15 finite=1
ATTR_NAMED_GRAD block=1984 name=ln_g_28 grad=1d146b24 grad_elems=1024 param_elems=1024 energy=0x1.ecp-26 finite=1
ATTR_NAMED_GRAD block=1984 name=ln_b_28 grad=3aab6790 grad_elems=1024 param_elems=1024 energy=0x1.66p-24 finite=1
ATTR_NAMED_GRAD block=1984 name=ff2_13 grad=5dc4deb7 grad_elems=3145728 param_elems=3145728 energy=0x1.02p-7 finite=1
ATTR_NAMED_GRAD block=1984 name=ff1_13 grad=d7f8a472 grad_elems=6291456 param_elems=6291456 energy=0x1.4p-8 finite=1
ATTR_NAMED_GRAD block=1984 name=ln_g_27 grad=7c50beac grad_elems=1024 param_elems=1024 energy=0x1.6cp-20 finite=1
ATTR_NAMED_GRAD block=1984 name=ln_b_27 grad=e982ba72 grad_elems=1024 param_elems=1024 energy=0x1.08p-19 finite=1
ATTR_NAMED_GRAD block=1984 name=ff_bias1_13 grad=5c22a2e5 grad_elems=6144 param_elems=6144 energy=0x1.ccp-18 finite=1
ATTR_NAMED_GRAD block=1984 name=ff_bias2_13 grad=1abf1550 grad_elems=1024 param_elems=1024 energy=0x1p-12 finite=1
ATTR_NAMED_GRAD block=1984 name=w_o_13 grad=1584de07 grad_elems=1048576 param_elems=1048576 energy=0x1.0cp-8 finite=1
ATTR_NAMED_GRAD block=1984 name=w_r_13 grad=11e589b9 grad_elems=327680 param_elems=327680 energy=0x1.2p-28 finite=1
ATTR_NAMED_GRAD block=1984 name=w_kv_13 grad=29a7833a grad_elems=2097152 param_elems=2097152 energy=0x1.5ap-8 finite=1
ATTR_NAMED_GRAD block=1984 name=w_q_13 grad=bb24c578 grad_elems=1048576 param_elems=1048576 energy=0x1.96p-15 finite=1
ATTR_NAMED_GRAD block=1984 name=ln_g_26 grad=a053747c grad_elems=1024 param_elems=1024 energy=0x1.c8p-26 finite=1
ATTR_NAMED_GRAD block=1984 name=ln_b_26 grad=fa1b977c grad_elems=1024 param_elems=1024 energy=0x1.cap-24 finite=1
ATTR_NAMED_GRAD block=1984 name=ff2_12 grad=a4fbe4f2 grad_elems=3145728 param_elems=3145728 energy=0x1.0ap-7 finite=1
ATTR_NAMED_GRAD block=1984 name=ff1_12 grad=675136c0 grad_elems=6291456 param_elems=6291456 energy=0x1.46p-8 finite=1
ATTR_NAMED_GRAD block=1984 name=ln_g_25 grad=d850ef7c grad_elems=1024 param_elems=1024 energy=0x1.b4p-20 finite=1
ATTR_NAMED_GRAD block=1984 name=ln_b_25 grad=28f05b94 grad_elems=1024 param_elems=1024 energy=0x1.2ep-19 finite=1
ATTR_NAMED_GRAD block=1984 name=ff_bias1_12 grad=01bd9834 grad_elems=6144 param_elems=6144 energy=0x1.d2p-18 finite=1
ATTR_NAMED_GRAD block=1984 name=ff_bias2_12 grad=0655fc01 grad_elems=1024 param_elems=1024 energy=0x1.16p-12 finite=1
ATTR_NAMED_GRAD block=1984 name=w_o_12 grad=922d21fe grad_elems=1048576 param_elems=1048576 energy=0x1.f4p-9 finite=1
ATTR_NAMED_GRAD block=1984 name=w_r_12 grad=69690a8b grad_elems=327680 param_elems=327680 energy=0x1.2cp-28 finite=1
ATTR_NAMED_GRAD block=1984 name=w_kv_12 grad=edc26d4e grad_elems=2097152 param_elems=2097152 energy=0x1.2ep-8 finite=1
ATTR_NAMED_GRAD block=1984 name=w_q_12 grad=457fad44 grad_elems=1048576 param_elems=1048576 energy=0x1.84p-15 finite=1
ATTR_NAMED_GRAD block=1984 name=ln_g_24 grad=23d54c75 grad_elems=1024 param_elems=1024 energy=0x1.7ap-26 finite=1
ATTR_NAMED_GRAD block=1984 name=ln_b_24 grad=920bded5 grad_elems=1024 param_elems=1024 energy=0x1.78p-24 finite=1
ATTR_NAMED_GRAD block=1984 name=ff2_11 grad=f4040f29 grad_elems=3145728 param_elems=3145728 energy=0x1.04p-7 finite=1
ATTR_NAMED_GRAD block=1984 name=ff1_11 grad=ce1905c0 grad_elems=6291456 param_elems=6291456 energy=0x1.48p-8 finite=1
ATTR_NAMED_GRAD block=1984 name=ln_g_23 grad=ad081509 grad_elems=1024 param_elems=1024 energy=0x1.e4p-20 finite=1
ATTR_NAMED_GRAD block=1984 name=ln_b_23 grad=af0df11f grad_elems=1024 param_elems=1024 energy=0x1.34p-19 finite=1
ATTR_NAMED_GRAD block=1984 name=ff_bias1_11 grad=6ca29704 grad_elems=6144 param_elems=6144 energy=0x1.fp-18 finite=1
ATTR_NAMED_GRAD block=1984 name=ff_bias2_11 grad=2d4efd4e grad_elems=1024 param_elems=1024 energy=0x1.36p-12 finite=1
ATTR_NAMED_GRAD block=1984 name=w_o_11 grad=d0c7fc1d grad_elems=1048576 param_elems=1048576 energy=0x1.bep-9 finite=1
ATTR_NAMED_GRAD block=1984 name=w_r_11 grad=7f89f806 grad_elems=327680 param_elems=327680 energy=0x1.16p-28 finite=1
ATTR_NAMED_GRAD block=1984 name=w_kv_11 grad=97504de8 grad_elems=2097152 param_elems=2097152 energy=0x1.1ap-8 finite=1
ATTR_NAMED_GRAD block=1984 name=w_q_11 grad=a41ca77f grad_elems=1048576 param_elems=1048576 energy=0x1.84p-15 finite=1
ATTR_NAMED_GRAD block=1984 name=ln_g_22 grad=af3a5163 grad_elems=1024 param_elems=1024 energy=0x1.6cp-26 finite=1
ATTR_NAMED_GRAD block=1984 name=ln_b_22 grad=fcec38fe grad_elems=1024 param_elems=1024 energy=0x1.6ep-23 finite=1
ATTR_NAMED_GRAD block=1984 name=ff2_10 grad=bb0f44fa grad_elems=3145728 param_elems=3145728 energy=0x1.fep-8 finite=1
ATTR_NAMED_GRAD block=1984 name=ff1_10 grad=5335bccd grad_elems=6291456 param_elems=6291456 energy=0x1.5p-8 finite=1
ATTR_NAMED_GRAD block=1984 name=ln_g_21 grad=83c38db5 grad_elems=1024 param_elems=1024 energy=0x1.12p-19 finite=1
ATTR_NAMED_GRAD block=1984 name=ln_b_21 grad=ed0f6838 grad_elems=1024 param_elems=1024 energy=0x1.84p-19 finite=1
ATTR_NAMED_GRAD block=1984 name=ff_bias1_10 grad=c820fcc6 grad_elems=6144 param_elems=6144 energy=0x1.06p-17 finite=1
ATTR_NAMED_GRAD block=1984 name=ff_bias2_10 grad=da511a9a grad_elems=1024 param_elems=1024 energy=0x1.5cp-12 finite=1
ATTR_NAMED_GRAD block=1984 name=w_o_10 grad=e2000b3f grad_elems=1048576 param_elems=1048576 energy=0x1.ap-9 finite=1
ATTR_NAMED_GRAD block=1984 name=w_r_10 grad=a70a1f6b grad_elems=327680 param_elems=327680 energy=0x1.44p-28 finite=1
ATTR_NAMED_GRAD block=1984 name=w_kv_10 grad=9867a414 grad_elems=2097152 param_elems=2097152 energy=0x1.06p-8 finite=1
ATTR_NAMED_GRAD block=1984 name=w_q_10 grad=fb54e483 grad_elems=1048576 param_elems=1048576 energy=0x1.ccp-15 finite=1
ATTR_NAMED_GRAD block=1984 name=ln_g_20 grad=b61aa081 grad_elems=1024 param_elems=1024 energy=0x1.fap-26 finite=1
ATTR_NAMED_GRAD block=1984 name=ln_b_20 grad=e8f063a9 grad_elems=1024 param_elems=1024 energy=0x1.c6p-23 finite=1
ATTR_NAMED_GRAD block=1984 name=ff2_9 grad=d46e25a2 grad_elems=3145728 param_elems=3145728 energy=0x1.02p-7 finite=1
ATTR_NAMED_GRAD block=1984 name=ff1_9 grad=301d03fb grad_elems=6291456 param_elems=6291456 energy=0x1.5cp-8 finite=1
ATTR_NAMED_GRAD block=1984 name=ln_g_19 grad=ed61ac32 grad_elems=1024 param_elems=1024 energy=0x1.42p-19 finite=1
ATTR_NAMED_GRAD block=1984 name=ln_b_19 grad=aed7b525 grad_elems=1024 param_elems=1024 energy=0x1.64p-19 finite=1
ATTR_NAMED_GRAD block=1984 name=ff_bias1_9 grad=6adaa5df grad_elems=6144 param_elems=6144 energy=0x1.1p-17 finite=1
ATTR_NAMED_GRAD block=1984 name=ff_bias2_9 grad=d57fa8e7 grad_elems=1024 param_elems=1024 energy=0x1.94p-12 finite=1
ATTR_NAMED_GRAD block=1984 name=w_o_9 grad=85d01607 grad_elems=1048576 param_elems=1048576 energy=0x1.7cp-9 finite=1
ATTR_NAMED_GRAD block=1984 name=w_r_9 grad=ca92e994 grad_elems=327680 param_elems=327680 energy=0x1.a2p-28 finite=1
ATTR_NAMED_GRAD block=1984 name=w_kv_9 grad=38b6a755 grad_elems=2097152 param_elems=2097152 energy=0x1.b4p-9 finite=1
ATTR_NAMED_GRAD block=1984 name=w_q_9 grad=c1a1a9ae grad_elems=1048576 param_elems=1048576 energy=0x1.6cp-14 finite=1
ATTR_NAMED_GRAD block=1984 name=ln_g_18 grad=9d0ebda4 grad_elems=1024 param_elems=1024 energy=0x1.e8p-25 finite=1
ATTR_NAMED_GRAD block=1984 name=ln_b_18 grad=49eb92ef grad_elems=1024 param_elems=1024 energy=0x1.14p-22 finite=1
ATTR_NAMED_GRAD block=1984 name=ff2_8 grad=041d3566 grad_elems=3145728 param_elems=3145728 energy=0x1.08p-7 finite=1
ATTR_NAMED_GRAD block=1984 name=ff1_8 grad=1e5e739b grad_elems=6291456 param_elems=6291456 energy=0x1.66p-8 finite=1
ATTR_NAMED_GRAD block=1984 name=ln_g_17 grad=13773b35 grad_elems=1024 param_elems=1024 energy=0x1.3ap-19 finite=1
ATTR_NAMED_GRAD block=1984 name=ln_b_17 grad=71fd507d grad_elems=1024 param_elems=1024 energy=0x1.7ap-19 finite=1
ATTR_NAMED_GRAD block=1984 name=ff_bias1_8 grad=e1dbfd6a grad_elems=6144 param_elems=6144 energy=0x1.16p-17 finite=1
ATTR_NAMED_GRAD block=1984 name=ff_bias2_8 grad=00a115e7 grad_elems=1024 param_elems=1024 energy=0x1.d2p-12 finite=1
ATTR_NAMED_GRAD block=1984 name=w_o_8 grad=1ac36243 grad_elems=1048576 param_elems=1048576 energy=0x1.3p-9 finite=1
ATTR_NAMED_GRAD block=1984 name=w_r_8 grad=4ee055b3 grad_elems=327680 param_elems=327680 energy=0x1.32p-28 finite=1
ATTR_NAMED_GRAD block=1984 name=w_kv_8 grad=d815a2ab grad_elems=2097152 param_elems=2097152 energy=0x1.7p-9 finite=1
ATTR_NAMED_GRAD block=1984 name=w_q_8 grad=7cde6305 grad_elems=1048576 param_elems=1048576 energy=0x1.28p-15 finite=1
ATTR_NAMED_GRAD block=1984 name=ln_g_16 grad=fe678820 grad_elems=1024 param_elems=1024 energy=0x1.18p-26 finite=1
ATTR_NAMED_GRAD block=1984 name=ln_b_16 grad=102f101c grad_elems=1024 param_elems=1024 energy=0x1.6p-23 finite=1
ATTR_NAMED_GRAD block=1984 name=ff2_7 grad=6b3be39f grad_elems=3145728 param_elems=3145728 energy=0x1.0cp-7 finite=1
ATTR_NAMED_GRAD block=1984 name=ff1_7 grad=7e302455 grad_elems=6291456 param_elems=6291456 energy=0x1.74p-8 finite=1
ATTR_NAMED_GRAD block=1984 name=ln_g_15 grad=8cdcb39d grad_elems=1024 param_elems=1024 energy=0x1.6ap-19 finite=1
ATTR_NAMED_GRAD block=1984 name=ln_b_15 grad=71378072 grad_elems=1024 param_elems=1024 energy=0x1.7ap-19 finite=1
ATTR_NAMED_GRAD block=1984 name=ff_bias1_7 grad=a86b6aad grad_elems=6144 param_elems=6144 energy=0x1.24p-17 finite=1
ATTR_NAMED_GRAD block=1984 name=ff_bias2_7 grad=2b5a50b3 grad_elems=1024 param_elems=1024 energy=0x1.0ap-11 finite=1
ATTR_NAMED_GRAD block=1984 name=w_o_7 grad=a23f583a grad_elems=1048576 param_elems=1048576 energy=0x1.1p-9 finite=1
ATTR_NAMED_GRAD block=1984 name=w_r_7 grad=93fdeb55 grad_elems=327680 param_elems=327680 energy=0x1.34p-28 finite=1
ATTR_NAMED_GRAD block=1984 name=w_kv_7 grad=b953bb10 grad_elems=2097152 param_elems=2097152 energy=0x1.54p-9 finite=1
ATTR_NAMED_GRAD block=1984 name=w_q_7 grad=dbc9aa43 grad_elems=1048576 param_elems=1048576 energy=0x1.08p-15 finite=1
ATTR_NAMED_GRAD block=1984 name=ln_g_14 grad=960299e6 grad_elems=1024 param_elems=1024 energy=0x1.08p-26 finite=1
ATTR_NAMED_GRAD block=1984 name=ln_b_14 grad=aed4c69c grad_elems=1024 param_elems=1024 energy=0x1.7p-23 finite=1
ATTR_NAMED_GRAD block=1984 name=ff2_6 grad=08a1fc94 grad_elems=3145728 param_elems=3145728 energy=0x1.14p-7 finite=1
ATTR_NAMED_GRAD block=1984 name=ff1_6 grad=f55ff6dc grad_elems=6291456 param_elems=6291456 energy=0x1.88p-8 finite=1
ATTR_NAMED_GRAD block=1984 name=ln_g_13 grad=39f6861d grad_elems=1024 param_elems=1024 energy=0x1.64p-19 finite=1
ATTR_NAMED_GRAD block=1984 name=ln_b_13 grad=bd872cd2 grad_elems=1024 param_elems=1024 energy=0x1.7p-19 finite=1
ATTR_NAMED_GRAD block=1984 name=ff_bias1_6 grad=cdad7cb4 grad_elems=6144 param_elems=6144 energy=0x1.3p-17 finite=1
ATTR_NAMED_GRAD block=1984 name=ff_bias2_6 grad=31b1bc24 grad_elems=1024 param_elems=1024 energy=0x1.2cp-11 finite=1
ATTR_NAMED_GRAD block=1984 name=w_o_6 grad=8b1a2943 grad_elems=1048576 param_elems=1048576 energy=0x1.d2p-10 finite=1
ATTR_NAMED_GRAD block=1984 name=w_r_6 grad=7200663d grad_elems=327680 param_elems=327680 energy=0x1.48p-28 finite=1
ATTR_NAMED_GRAD block=1984 name=w_kv_6 grad=ccfb4411 grad_elems=2097152 param_elems=2097152 energy=0x1.2ep-9 finite=1
ATTR_NAMED_GRAD block=1984 name=w_q_6 grad=33450b57 grad_elems=1048576 param_elems=1048576 energy=0x1p-15 finite=1
ATTR_NAMED_GRAD block=1984 name=ln_g_12 grad=026bbe72 grad_elems=1024 param_elems=1024 energy=0x1.b2p-27 finite=1
ATTR_NAMED_GRAD block=1984 name=ln_b_12 grad=8db844fa grad_elems=1024 param_elems=1024 energy=0x1.2p-23 finite=1
ATTR_NAMED_GRAD block=1984 name=ff2_5 grad=0c99276d grad_elems=3145728 param_elems=3145728 energy=0x1.1cp-7 finite=1
ATTR_NAMED_GRAD block=1984 name=ff1_5 grad=cced88b4 grad_elems=6291456 param_elems=6291456 energy=0x1.96p-8 finite=1
ATTR_NAMED_GRAD block=1984 name=ln_g_11 grad=907b896d grad_elems=1024 param_elems=1024 energy=0x1.62p-19 finite=1
ATTR_NAMED_GRAD block=1984 name=ln_b_11 grad=9d3daa48 grad_elems=1024 param_elems=1024 energy=0x1.78p-19 finite=1
ATTR_NAMED_GRAD block=1984 name=ff_bias1_5 grad=b2b1807e grad_elems=6144 param_elems=6144 energy=0x1.38p-17 finite=1
ATTR_NAMED_GRAD block=1984 name=ff_bias2_5 grad=2bb139d9 grad_elems=1024 param_elems=1024 energy=0x1.4ep-11 finite=1
ATTR_NAMED_GRAD block=1984 name=w_o_5 grad=d8e65a0f grad_elems=1048576 param_elems=1048576 energy=0x1.cp-10 finite=1
ATTR_NAMED_GRAD block=1984 name=w_r_5 grad=dbf01f6a grad_elems=327680 param_elems=327680 energy=0x1.5ap-28 finite=1
ATTR_NAMED_GRAD block=1984 name=w_kv_5 grad=dd7fc0ab grad_elems=2097152 param_elems=2097152 energy=0x1.0ep-9 finite=1
ATTR_NAMED_GRAD block=1984 name=w_q_5 grad=88eb1fcc grad_elems=1048576 param_elems=1048576 energy=0x1.18p-15 finite=1
ATTR_NAMED_GRAD block=1984 name=ln_g_10 grad=048704d5 grad_elems=1024 param_elems=1024 energy=0x1.dp-27 finite=1
ATTR_NAMED_GRAD block=1984 name=ln_b_10 grad=b11ba580 grad_elems=1024 param_elems=1024 energy=0x1.c8p-23 finite=1
ATTR_NAMED_GRAD block=1984 name=ff2_4 grad=f3a462f1 grad_elems=3145728 param_elems=3145728 energy=0x1.26p-7 finite=1
ATTR_NAMED_GRAD block=1984 name=ff1_4 grad=0396f92e grad_elems=6291456 param_elems=6291456 energy=0x1.a6p-8 finite=1
ATTR_NAMED_GRAD block=1984 name=ln_g_9 grad=690223d8 grad_elems=1024 param_elems=1024 energy=0x1.58p-19 finite=1
ATTR_NAMED_GRAD block=1984 name=ln_b_9 grad=0f68e440 grad_elems=1024 param_elems=1024 energy=0x1.8p-19 finite=1
ATTR_NAMED_GRAD block=1984 name=ff_bias1_4 grad=5b3a14ac grad_elems=6144 param_elems=6144 energy=0x1.4p-17 finite=1
ATTR_NAMED_GRAD block=1984 name=ff_bias2_4 grad=ad6d72e6 grad_elems=1024 param_elems=1024 energy=0x1.7cp-11 finite=1
ATTR_NAMED_GRAD block=1984 name=w_o_4 grad=7360b7ee grad_elems=1048576 param_elems=1048576 energy=0x1.9p-10 finite=1
ATTR_NAMED_GRAD block=1984 name=w_r_4 grad=6c4725fa grad_elems=327680 param_elems=327680 energy=0x1.9p-28 finite=1
ATTR_NAMED_GRAD block=1984 name=w_kv_4 grad=d98f4aa4 grad_elems=2097152 param_elems=2097152 energy=0x1.f4p-10 finite=1
ATTR_NAMED_GRAD block=1984 name=w_q_4 grad=54c9f20c grad_elems=1048576 param_elems=1048576 energy=0x1.16p-14 finite=1
ATTR_NAMED_GRAD block=1984 name=ln_g_8 grad=13c07553 grad_elems=1024 param_elems=1024 energy=0x1.08p-25 finite=1
ATTR_NAMED_GRAD block=1984 name=ln_b_8 grad=65ecff21 grad_elems=1024 param_elems=1024 energy=0x1.38p-21 finite=1
ATTR_NAMED_GRAD block=1984 name=ff2_3 grad=f57a5079 grad_elems=3145728 param_elems=3145728 energy=0x1.34p-7 finite=1
ATTR_NAMED_GRAD block=1984 name=ff1_3 grad=1bc09740 grad_elems=6291456 param_elems=6291456 energy=0x1.c2p-8 finite=1
ATTR_NAMED_GRAD block=1984 name=ln_g_7 grad=41bd8846 grad_elems=1024 param_elems=1024 energy=0x1.7ep-19 finite=1
ATTR_NAMED_GRAD block=1984 name=ln_b_7 grad=bbb97af4 grad_elems=1024 param_elems=1024 energy=0x1.8cp-19 finite=1
ATTR_NAMED_GRAD block=1984 name=ff_bias1_3 grad=0d581da1 grad_elems=6144 param_elems=6144 energy=0x1.5ep-17 finite=1
ATTR_NAMED_GRAD block=1984 name=ff_bias2_3 grad=30b7641d grad_elems=1024 param_elems=1024 energy=0x1.b2p-11 finite=1
ATTR_NAMED_GRAD block=1984 name=w_o_3 grad=47594e1f grad_elems=1048576 param_elems=1048576 energy=0x1.96p-10 finite=1
ATTR_NAMED_GRAD block=1984 name=w_r_3 grad=854f11d7 grad_elems=327680 param_elems=327680 energy=0x1.d4p-28 finite=1
ATTR_NAMED_GRAD block=1984 name=w_kv_3 grad=50294d80 grad_elems=2097152 param_elems=2097152 energy=0x1.cap-10 finite=1
ATTR_NAMED_GRAD block=1984 name=w_q_3 grad=cec1cbd0 grad_elems=1048576 param_elems=1048576 energy=0x1.3p-14 finite=1
ATTR_NAMED_GRAD block=1984 name=ln_g_6 grad=9795d4b4 grad_elems=1024 param_elems=1024 energy=0x1.5p-25 finite=1
ATTR_NAMED_GRAD block=1984 name=ln_b_6 grad=02004741 grad_elems=1024 param_elems=1024 energy=0x1.66p-21 finite=1
ATTR_NAMED_GRAD block=1984 name=ff2_2 grad=dd00ab90 grad_elems=3145728 param_elems=3145728 energy=0x1.4p-7 finite=1
ATTR_NAMED_GRAD block=1984 name=ff1_2 grad=9100236d grad_elems=6291456 param_elems=6291456 energy=0x1.dap-8 finite=1
ATTR_NAMED_GRAD block=1984 name=ln_g_5 grad=4efd1ce5 grad_elems=1024 param_elems=1024 energy=0x1.7ap-19 finite=1
ATTR_NAMED_GRAD block=1984 name=ln_b_5 grad=d482141d grad_elems=1024 param_elems=1024 energy=0x1.98p-19 finite=1
ATTR_NAMED_GRAD block=1984 name=ff_bias1_2 grad=b727a370 grad_elems=6144 param_elems=6144 energy=0x1.6cp-17 finite=1
ATTR_NAMED_GRAD block=1984 name=ff_bias2_2 grad=c0e53306 grad_elems=1024 param_elems=1024 energy=0x1.eep-11 finite=1
ATTR_NAMED_GRAD block=1984 name=w_o_2 grad=b4cb1aba grad_elems=1048576 param_elems=1048576 energy=0x1.5cp-10 finite=1
ATTR_NAMED_GRAD block=1984 name=w_r_2 grad=1f694479 grad_elems=327680 param_elems=327680 energy=0x1.e2p-28 finite=1
ATTR_NAMED_GRAD block=1984 name=w_kv_2 grad=47dc4569 grad_elems=2097152 param_elems=2097152 energy=0x1.76p-10 finite=1
ATTR_NAMED_GRAD block=1984 name=w_q_2 grad=6ba18b27 grad_elems=1048576 param_elems=1048576 energy=0x1.6cp-14 finite=1
ATTR_NAMED_GRAD block=1984 name=ln_g_4 grad=a0973292 grad_elems=1024 param_elems=1024 energy=0x1.58p-25 finite=1
ATTR_NAMED_GRAD block=1984 name=ln_b_4 grad=ef549eea grad_elems=1024 param_elems=1024 energy=0x1.3ep-21 finite=1
ATTR_NAMED_GRAD block=1984 name=ff2_1 grad=438238da grad_elems=3145728 param_elems=3145728 energy=0x1.5p-7 finite=1
ATTR_NAMED_GRAD block=1984 name=ff1_1 grad=01bc80d2 grad_elems=6291456 param_elems=6291456 energy=0x1.f8p-8 finite=1
ATTR_NAMED_GRAD block=1984 name=ln_g_3 grad=2639bb7a grad_elems=1024 param_elems=1024 energy=0x1.b4p-19 finite=1
ATTR_NAMED_GRAD block=1984 name=ln_b_3 grad=d9a2c9b2 grad_elems=1024 param_elems=1024 energy=0x1.9ap-19 finite=1
ATTR_NAMED_GRAD block=1984 name=ff_bias1_1 grad=1b850d44 grad_elems=6144 param_elems=6144 energy=0x1.8ap-17 finite=1
ATTR_NAMED_GRAD block=1984 name=ff_bias2_1 grad=3df002e4 grad_elems=1024 param_elems=1024 energy=0x1.14p-10 finite=1
ATTR_NAMED_GRAD block=1984 name=w_o_1 grad=784c8ea6 grad_elems=1048576 param_elems=1048576 energy=0x1.72p-10 finite=1
ATTR_NAMED_GRAD block=1984 name=w_r_1 grad=c5a9120e grad_elems=327680 param_elems=327680 energy=0x1.3ap-27 finite=1
ATTR_NAMED_GRAD block=1984 name=w_kv_1 grad=629a8d30 grad_elems=2097152 param_elems=2097152 energy=0x1.7p-10 finite=1
ATTR_NAMED_GRAD block=1984 name=w_q_1 grad=ad6ff298 grad_elems=1048576 param_elems=1048576 energy=0x1.5ep-12 finite=1
ATTR_NAMED_GRAD block=1984 name=ln_g_2 grad=73fbec68 grad_elems=1024 param_elems=1024 energy=0x1.e8p-23 finite=1
ATTR_NAMED_GRAD block=1984 name=ln_b_2 grad=20899eb1 grad_elems=1024 param_elems=1024 energy=0x1.ccp-20 finite=1
ATTR_NAMED_GRAD block=1984 name=ff2_0 grad=7c2a8bad grad_elems=3145728 param_elems=3145728 energy=0x1.5ap-7 finite=1
ATTR_NAMED_GRAD block=1984 name=ff1_0 grad=fa5a7342 grad_elems=6291456 param_elems=6291456 energy=0x1.1p-7 finite=1
ATTR_NAMED_GRAD block=1984 name=ln_g_1 grad=f6ec6d03 grad_elems=1024 param_elems=1024 energy=0x1.b8p-19 finite=1
ATTR_NAMED_GRAD block=1984 name=ln_b_1 grad=6a19345a grad_elems=1024 param_elems=1024 energy=0x1.aep-19 finite=1
ATTR_NAMED_GRAD block=1984 name=ff_bias1_0 grad=03dcfb01 grad_elems=6144 param_elems=6144 energy=0x1.a4p-17 finite=1
ATTR_NAMED_GRAD block=1984 name=ff_bias2_0 grad=b7f09cf1 grad_elems=1024 param_elems=1024 energy=0x1.4p-10 finite=1
ATTR_NAMED_GRAD block=1984 name=w_o_0 grad=b5ccc143 grad_elems=1048576 param_elems=1048576 energy=0x1.4ap-10 finite=1
ATTR_NAMED_GRAD block=1984 name=w_r_0 grad=4ae90621 grad_elems=327680 param_elems=327680 energy=0x1p-27 finite=1
ATTR_NAMED_GRAD block=1984 name=b_r_0 grad=f3015039 grad_elems=2560 param_elems=2560 energy=0x1.eap-11 finite=1
ATTR_NAMED_GRAD block=1984 name=w_kv_0 grad=e997808a grad_elems=2097152 param_elems=2097152 energy=0x1.3ep-10 finite=1
ATTR_NAMED_GRAD block=1984 name=w_q_0 grad=b270f77b grad_elems=1048576 param_elems=1048576 energy=0x1.5ep-14 finite=1
ATTR_NAMED_GRAD block=1984 name=ln_g_0 grad=60e15d0c grad_elems=1024 param_elems=1024 energy=0x1.68p-25 finite=1
ATTR_NAMED_GRAD block=1984 name=ln_b_0 grad=bbb58efa grad_elems=1024 param_elems=1024 energy=0x1.9ep-22 finite=1
ATTR_NAMED_GRAD block=1984 name=embed grad=7fe7d90d grad_elems=16785408 param_elems=16785408 energy=0x1.a812a4p-3 finite=1
ATTR_NAMED_GRAD block=1984 name=ln_g_40 grad=bc6688ff grad_elems=1024 param_elems=1024 energy=0x1.5p-12 finite=1
ATTR_NAMED_GRAD block=1984 name=ln_b_40 grad=696740d9 grad_elems=1024 param_elems=1024 energy=0x1.8p-12 finite=1
ATTR_NAMED_GRAD block=1984 name=out_bias grad=b9d79969 grad_elems=16392 param_elems=16392 energy=0x1.4p-10 finite=1
ATTR_HEAD arm=1 block=1984 weight=69052cae bias=edf53cb4
ATTR_STATE arm=1 block=1984 step=64 params=ac26838f memory=97436e96
