0.00 0
0.01 49
0.02 83
0.03 120
0.04 142
0.05 175
0.06 204
0.07 222
0.08 246
0.09 271
0.10 286
0.11 300
0.12 314
0.13 333
0.14 352
0.15 377
0.16 394
0.17 419
0.18 434
0.19 457
0.20 478
0.21 505
0.22 530
0.23 548
0.24 569
0.25 593
0.26 618
0.27 642
0.28 666
0.29 683
0.30 707
0.31 734
0.32 753
0.33 776
0.34 798
0.35 816
0.36 835
0.37 853
0.38 873
0.39 892
0.40 906
0.41 923
0.42 945
0.43 967
0.44 980
0.45 990
0.46 1006
0.47 1021
0.48 1037
0.50 1052
0.51 1067
0.52 1085
0.53 1100
0.54 1118
0.55 1138
0.56 1154
0.57 1176
0.58 1197
0.59 1220
0.60 1241
0.61 1257
0.62 1281
0.63 1303
0.64 1325
0.65 1338
0.66 1358
0.67 1373
0.68 1393
0.69 1415
0.70 1433
0.71 1457
0.72 1477
0.73 1503
0.74 1528
0.75 1549
0.76 1567
0.77 1591
0.78 1607
0.79 1632
0.80 1653
0.81 1674
0.82 1692
0.83 1718
0.84 1738
0.85 1758
0.86 1779
0.87 1800
0.88 1818
0.89 1845
0.90 1860
0.91 1885
0.92 1898
0.93 1919
0.94 1938
0.95 1957
0.96 1969
0.97 1993
0.98 2011
0.99 2025
1.00 2047
1.01 2071
1.02 2090
1.03 2108
1.04 2128
1.05 2147
1.06 2167
1.07 2188
1.08 2210
1.09 2234
1.10 2256
1.11 2274
1.12 2291
1.13 2313
1.14 2328
1.15 2349
1.16 2368
1.17 2382
1.18 2403
1.19 2418
1.20 2442
1.21 2466
1.22 2486
1.23 2507
1.24 2522
1.25 2537
1.26 2553
1.27 2575
1.28 2597
1.29 2620
1.30 2638
1.31 2658
1.32 2687
1.33 2716
1.34 2738
1.35 2756
1.36 2774
1.37 2794
1.38 2820
1.39 2837
1.40 2860
1.41 2881
1.42 2894
1.43 2916
1.44 2926
1.45 2945
1.46 2958
1.47 2975
1.49 3001
1.50 3025
1.51 3051
1.52 3077
1.53 3098
1.54 3118
1.55 3141
1.56 3164
1.57 3179
1.58 3196
1.59 3221
1.60 3243
1.61 3264
1.62 3282
1.63 3299
1.64 3315
1.65 3328
1.66 3333
1.67 3341
1.68 3365
1.69 3384
1.70 3404
1.71 3427
1.72 3453
1.73 3473
1.74 3487
1.75 3504
1.76 3516
1.77 3535
1.78 3549
1.79 3574
1.80 3591
1.81 3610
1.82 3624
1.83 3641
1.84 3659
1.85 3680
1.86 3693
1.87 3712
1.88 3727
1.89 3755
1.90 3776
1.91 3798
1.92 3812
1.93 3836
1.94 3845
1.95 3855
1.96 3871
1.97 3878
1.98 3889
1.99 3908
2.00 3920
2.01 3936
2.02 3953
2.03 3974
2.04 3996
2.05 4015
2.06 4036
2.07 4059
2.08 4078
2.09 4099
2.10 4119
2.11 4138
2.12 4160
2.13 4174
2.14 4192
2.15 4211
2.16 4229
2.17 4255
2.18 4271
2.19 4288
2.20 4311
2.21 4320
2.22 4331
2.23 4340
2.24 4352
2.25 4361
2.26 4394
2.27 4397
2.28 4414
2.29 4434
2.30 4459
2.31 4480
2.32 4501
2.33 4523
2.34 4545
2.35 4559
2.36 4583
2.37 4605
2.38 4623
2.39 4643
2.40 4657
2.41 4671
2.42 4685
2.43 4701
2.44 4714
2.45 4724
2.47 4731
2.48 4737
2.49 4749
2.50 4762
2.51 4778
2.52 4788
2.53 4797
2.54 4812
2.55 4826
2.56 4830
2.57 4831
2.58 4839
2.59 4847
2.60 4858
2.61 4863
2.62 4873
2.63 4880
2.64 4899
2.65 4906
2.66 4922
2.67 4941
2.68 4957
2.69 4975
2.70 4994
2.71 5010
2.72 5018
2.73 5038
2.74 5055
2.75 5071
2.76 5085
2.77 5105
2.78 5122
2.79 5140
2.80 5159
2.81 5176
2.82 5202
2.83 5221
2.84 5244
2.85 5256
2.86 5277
2.87 5284
2.88 5290
2.89 5295
2.90 5304
2.91 5313
2.92 5329
2.93 5350
2.94 5365
2.95 5382
2.96 5400
2.97 5422
2.98 5444
2.99 5473
3.00 5498
3.01 5510
3.02 5525
3.03 5542
3.04 5562
3.05 5581
3.06 5602
3.07 5622
3.08 5643
3.09 5667
3.10 5682
3.11 5702
3.12 5722
3.13 5740
3.14 5762
3.15 5778
3.16 5800
3.17 5817
3.18 5837
3.19 5857
3.20 5879
3.21 5900
3.22 5927
3.23 5945
3.24 5961
3.25 5981
3.26 5998
3.27 6013
3.28 6029
3.29 6057
3.30 6077
3.31 6093
3.32 6108
3.33 6126
3.34 6141
3.35 6161
3.36 6181
3.37 6197
3.38 6217
3.39 6231
3.40 6247
3.41 6269
3.42 6291
3.43 6301
3.44 6319
3.46 6343
3.47 6364
3.48 6385
3.49 6407
3.50 6422
3.51 6445
3.52 6460
3.53 6476
3.54 6500
3.55 6516
3.56 6531
3.57 6542
3.58 6546
3.59 6553
3.60 6559
3.61 6565
3.62 6576
3.63 6583
3.64 6589
3.65 6595
3.66 6599
3.67 6603
3.68 6612
3.69 6617
3.70 6625
3.71 6632
3.72 6636
3.73 6643
3.74 6650
3.75 6658
3.76 6665
3.77 6673
3.78 6678
3.79 6684
3.80 6692
3.81 6702
3.82 6711
3.83 6733
3.84 6758
3.85 6778
3.86 6802
3.87 6822
3.88 6838
3.89 6853
3.90 6872
3.91 6893
3.92 6915
3.93 6934
3.94 6952
3.95 6968
3.96 6985
3.97 7003
3.98 7023
3.99 7044
4.00 7065
4.01 7084
4.02 7107
4.03 7129
4.04 7149
4.05 7169
4.06 7187
4.07 7206
4.08 7226
4.09 7240
4.10 7254
4.11 7278
4.12 7306
4.13 7331
4.14 7354
4.15 7375
4.16 7391
4.17 7410
4.18 7431
4.19 7452
4.20 7465
4.21 7481
4.22 7495
4.23 7509
4.24 7533
4.25 7545
4.26 7559
4.27 7574
4.28 7592
4.29 7608
4.30 7618
4.31 7636
4.32 7641
4.33 7652
4.34 7660
4.35 7665
4.36 7674
4.37 7686
4.38 7697
4.39 7719
4.40 7733
4.41 7742
4.42 7754
4.44 7767
4.45 7781
4.46 7797
4.47 7819
4.48 7833
4.49 7852
4.50 7870
4.51 7883
4.52 7900
4.53 7921
4.54 7932
4.55 7939
4.56 7944
4.57 7949
4.58 7960
4.59 7979
4.60 7988
4.61 8004
4.62 8020
4.63 8036
4.64 8056
4.65 8074
4.66 8090
4.67 8113
4.68 8129
4.69 8145
4.70 8162
4.71 8179
4.72 8193
4.73 8209
4.74 8230
4.75 8244
4.76 8265
4.77 8289
4.78 8305
4.79 8323
4.80 8346
4.81 8365
4.82 8380
4.83 8398
4.84 8420
4.85 8436
4.86 8453
4.87 8473
4.88 8494
4.89 8516
4.90 8528
4.91 8546
4.92 8561
4.93 8578
4.94 8591
4.95 8613
4.96 8635
4.97 8655
4.98 8677
4.99 8694
5.00 8713
5.01 8727
5.02 8743
5.03 8762
5.04 8782
5.05 8800
5.06 8819
5.07 8838
5.08 8858
5.09 8882
5.10 8901
5.11 8926
5.12 8946
5.13 8965
5.14 8987
5.15 9001
5.16 9025
5.17 9041
5.18 9058
5.19 9086
5.20 9109
5.21 9129
5.22 9144
5.23 9162
5.24 9182
5.25 9202
5.26 9218
5.27 9244
5.28 9264
5.29 9283
5.30 9298
5.31 9321
5.32 9340
5.33 9361
5.34 9379
5.35 9400
5.36 9422
5.37 9441
5.38 9460
5.39 9474
5.40 9497
5.42 9519
5.43 9538
5.44 9558
5.45 9579
5.46 9600
5.47 9618
5.48 9640
5.49 9660
5.50 9678
5.51 9696
5.52 9717
5.53 9741
5.54 9763
5.55 9776
5.56 9792
5.57 9812
5.58 9831
5.59 9841
5.60 9855
5.61 9870
5.62 9893
5.63 9919
5.64 9933
5.65 9958
5.66 9974
5.67 9995
5.68 10015
5.69 10034
5.70 10048
5.71 10061
5.72 10079
5.73 10095
5.74 10106
5.75 10125
5.76 10142
5.77 10152
5.78 10166
5.79 10184
5.80 10205
5.81 10230
5.82 10246
5.83 10264
5.84 10280
5.85 10300
5.86 10322
5.87 10342
5.88 10363
5.89 10381
5.90 10399
5.91 10415
5.92 10437
5.93 10458
5.94 10480
5.95 10502
5.96 10524
5.97 10544
5.98 10563
5.99 10577
6.00 10594
6.01 10610
6.02 10623
6.03 10638
6.04 10656
6.05 10670
6.06 10688
6.07 10710
6.08 10727
6.09 10740
6.10 10755
6.11 10770
6.12 10786
6.13 10805
6.14 10816
6.15 10834
6.16 10847
6.17 10866
6.18 10883
6.19 10896
6.20 10914
6.21 10926
6.22 10937
6.23 10957
6.24 10981
6.25 11005
6.26 11026
6.27 11056
6.28 11075
6.29 11091
6.30 11110
6.31 11133
6.32 11157
6.33 11184
6.34 11202
6.35 11226
6.36 11245
6.37 11261
6.38 11279
6.39 11298
6.41 11320
6.42 11344
6.43 11361
6.44 11387
6.45 11410
6.46 11427
6.47 11447
6.48 11465
6.49 11485
6.50 11500
6.51 11517
6.52 11531
6.53 11552
6.54 11571
6.55 11597
6.56 11612
6.57 11633
6.58 11646
6.59 11669
6.60 11694
6.61 11712
6.62 11729
6.63 11754
6.64 11771
6.65 11784
6.66 11810
6.67 11824
6.68 11841
6.69 11859
6.70 11869
6.71 11886
6.72 11900
6.73 11913
6.74 11927
6.75 11943
6.76 11964
6.77 11984
6.78 12013
6.79 12034
6.80 12053
6.81 12061
6.82 12082
6.83 12104
6.84 12125
6.85 12144
6.86 12164
6.87 12188
6.88 12207
6.89 12225
6.90 12244
6.91 12261
6.92 12279
6.93 12297
6.94 12324
6.95 12336
6.96 12350
6.97 12372
6.98 12389
6.99 12412
7.00 12428
7.01 12443
7.02 12464
7.03 12475
7.04 12497
7.05 12510
7.06 12527
7.07 12545
7.08 12560
7.09 12578
7.10 12601
7.11 12620
7.12 12636
7.13 12646
7.14 12664
7.15 12680
7.16 12701
7.17 12725
7.18 12744
7.19 12764
7.20 12782
7.21 12804
7.22 12822
7.23 12841
7.24 12859
7.25 12865
7.26 12892
7.27 12918
7.28 12934
7.29 12952
7.30 12973
7.31 12993
7.32 13017
7.33 13044
7.34 13065
7.35 13089
7.36 13107
7.37 13121
7.39 13131
7.40 13137
7.41 13146
7.42 13150
7.43 13162
7.44 13179
7.45 13195
7.46 13209
7.47 13223
7.48 13231
7.49 13247
7.50 13251
7.51 13259
7.52 13268
7.53 13278
7.54 13293
7.55 13315
7.56 13335
7.57 13356
7.58 13376
7.59 13395
7.60 13418
7.61 13440
7.62 13460
7.63 13475
7.64 13496
7.65 13513
7.66 13539
7.67 13557
7.68 13575
7.69 13593
7.70 13608
7.71 13625
7.72 13641
7.73 13655
7.74 13675
7.75 13692
7.76 13707
7.77 13725
7.78 13743
7.79 13758
7.80 13776
7.81 13794
7.82 13814
7.83 13829
7.84 13839
7.85 13854
7.86 13867
7.87 13888
7.88 13906
7.89 13927
7.90 13945
7.91 13962
7.92 13979
7.93 13994
7.94 14004
7.95 14018
7.96 14035
7.97 14052
7.98 14071
7.99 14092
8.00 14113
8.01 14126
8.02 14146
8.03 14161
8.04 14174
8.05 14183
8.06 14187
8.07 14196
8.08 14206
8.09 14224
8.10 14235
8.11 14257
8.12 14275
8.13 14297
8.14 14316
8.15 14335
8.16 14355
8.17 14374
8.18 14392
8.19 14416
8.20 14431
8.21 14445
8.22 14459
8.23 14475
8.24 14487
8.25 14507
8.26 14535
8.27 14562
8.28 14573
8.29 14596
8.30 14609
8.31 14615
8.32 14628
8.33 14634
8.34 14640
8.35 14653
8.36 14664
8.38 14690
8.39 14708
8.40 14725
8.41 14740
8.42 14762
8.43 14771
8.44 14784
8.45 14795
8.46 14812
8.47 14826
8.48 14849
8.49 14864
8.50 14872
8.51 14883
8.52 14895
8.53 14906
8.54 14919
8.55 14929
8.56 14938
8.57 14949
8.58 14958
8.59 14970
8.60 14982
8.61 14992
8.62 15007
8.63 15019
8.64 15028
8.65 15039
8.66 15052
8.67 15063
8.68 15079
8.69 15087
8.70 15096
8.71 15104
8.72 15115
8.73 15128
8.74 15142
8.75 15154
8.76 15164
8.77 15176
8.78 15180
8.79 15190
8.80 15200
8.81 15212
8.82 15224
8.83 15237
8.84 15243
8.85 15250
8.86 15257
8.87 15265
8.88 15270
8.89 15278
8.90 15287
8.91 15292
8.92 15308
8.93 15324
8.94 15344
8.95 15363
8.96 15379
8.97 15387
8.98 15393
8.99 15400
9.00 15408
9.01 15423
9.02 15438
9.03 15446
9.04 15467
9.05 15489
9.06 15510
9.07 15531
9.08 15549
9.09 15570
9.10 15590
9.11 15611
9.12 15634
9.13 15656
9.14 15679
9.15 15698
9.16 15716
9.17 15738
9.18 15758
9.19 15776
9.20 15798
9.21 15809
9.22 15818
9.23 15824
9.24 15834
9.25 15841
9.26 15854
9.27 15865
9.28 15876
9.29 15885
9.30 15898
9.31 15912
9.32 15926
9.33 15941
9.34 15947
9.36 15952
9.37 15969
9.38 15984
9.39 15998
9.40 16017
9.41 16038
9.42 16053
9.43 16069
9.44 16081
9.45 16098
9.46 16115
9.47 16129
9.48 16141
9.49 16154
9.50 16171
9.51 16188
9.52 16206
9.53 16220
9.54 16239
9.55 16261
9.56 16280
9.57 16298
9.58 16320
9.59 16339
9.60 16357
9.61 16375
9.62 16393
9.63 16409
9.64 16433
9.65 16453
9.66 16463
9.67 16479
9.68 16491
9.69 16495
9.70 16513
9.71 16536
9.72 16548
9.73 16559
9.74 16561
9.75 16566
9.76 16572
9.77 16581
9.78 16584
9.79 16595
9.80 16610
9.81 16622
9.82 16644
9.83 16664
9.84 16684
9.85 16707
9.86 16725
9.87 16741
9.88 16755
9.89 16777
9.90 16792
9.91 16812
9.92 16820
9.93 16827
9.94 16834
9.95 16853
9.96 16867
9.97 16889
9.98 16906
9.99 16923
10.00 16946
10.01 16962
10.02 16985
10.03 17005
10.04 17017
10.05 17034
10.06 17057
10.07 17073
10.08 17099
10.09 17124
10.10 17145
10.11 17162
10.12 17180
10.13 17200
10.14 17214
10.15 17233
10.16 17256
10.17 17275
10.18 17295
10.19 17317
10.20 17341
10.21 17355
10.22 17365
10.23 17375
10.24 17386
10.25 17398
10.26 17412
10.27 17424
10.28 17434
10.29 17443
10.30 17453
10.31 17462
10.32 17472
10.33 17479
10.35 17491
10.36 17499
10.37 17512
10.38 17524
10.39 17533
10.40 17548
10.41 17559
10.42 17573
10.43 17581
10.44 17592
10.45 17604
10.46 17617
10.47 17624
10.48 17636
10.49 17648
10.50 17656
10.51 17665
10.52 17680
10.53 17692
10.54 17703
10.55 17718
10.56 17730
10.57 17735
10.58 17754
10.59 17777
10.60 17795
10.61 17821
10.62 17838
10.63 17854
10.64 17867
10.65 17873
10.66 17884
10.67 17900
10.68 17910
10.69 17916
10.70 17924
10.71 17933
10.72 17947
10.73 17965
10.74 17986
10.75 18003
10.76 18015
10.77 18028
10.78 18036
10.79 18050
10.80 18054
10.81 18069
10.82 18087
10.83 18106
10.84 18119
10.85 18140
10.86 18152
10.87 18158
10.88 18163
10.89 18170
10.90 18176
10.91 18179
10.92 18183
10.93 18187
10.94 18189
10.95 18190
10.96 18193
10.97 18200
10.98 18208
10.99 18220
11.00 18227
11.01 18244
11.02 18269
11.03 18289
11.04 18308
11.05 18329
11.06 18351
11.07 18370
11.08 18389
11.09 18410
11.10 18427
11.11 18443
11.12 18466
11.13 18484
11.14 18506
11.15 18526
11.16 18547
11.17 18573
11.18 18590
11.19 18616
11.20 18635
11.21 18650
11.22 18669
11.23 18689
11.24 18709
11.25 18731
11.26 18758
11.27 18784
11.28 18803
11.29 18825
11.30 18852
11.31 18870
11.33 18886
11.34 18893
11.35 18898
11.36 18905
11.37 18917
11.38 18920
11.39 18923
11.40 18928
11.41 18933
11.42 18939
11.43 18943
11.44 18957
11.45 18971
11.46 18987
11.47 19005
11.48 19028
11.49 19049
11.50 19068
11.51 19093
11.52 19114
11.53 19138
11.54 19167
11.55 19179
11.56 19187
11.57 19206
11.58 19219
11.59 19230
11.60 19248
11.61 19255
11.62 19261
11.63 19270
11.64 19276
11.65 19279
11.66 19287
11.67 19292
11.68 19303
11.69 19315
11.70 19332
11.71 19352
11.72 19361
11.73 19379
11.74 19390
11.75 19399
11.76 19412
11.77 19430
11.78 19443
11.79 19456
11.80 19464
11.81 19484
11.82 19502
11.83 19519
11.84 19534
11.85 19549
11.86 19564
11.87 19581
11.88 19597
11.89 19620
11.90 19638
11.91 19655
11.92 19669
11.93 19683
11.94 19693
11.95 19708
11.96 19719
11.97 19731
11.98 19743
11.99 19754
12.00 19775
12.01 19792
12.02 19814
12.03 19837
12.04 19854
12.05 19867
12.06 19880
12.07 19899
12.08 19911
12.09 19922
12.10 19937
12.11 19945
12.12 19951
12.13 19957
12.14 19964
12.15 19974
12.16 19979
12.17 19991
12.18 20010
12.19 20023
12.20 20042
12.21 20058
12.22 20075
12.23 20087
12.24 20097
12.25 20114
12.26 20131
12.27 20156
12.28 20171
12.29 20187
12.30 20206
12.32 20220
12.33 20237
12.34 20250
12.35 20263
12.36 20278
12.37 20290
12.38 20302
12.39 20309
12.40 20321
12.41 20334
12.42 20346
12.43 20371
12.44 20392
12.45 20399
12.46 20410
12.47 20416
12.48 20423
12.49 20433
12.50 20444
12.51 20462
12.52 20483
12.53 20496
12.54 20521
12.55 20538
12.56 20567
12.57 20585
12.58 20598
12.59 20609
12.60 20627
12.61 20651
12.62 20678
12.63 20689
12.64 20708
12.65 20725
12.66 20736
12.67 20750
12.68 20768
12.69 20784
12.70 20806
12.71 20828
12.72 20842
12.73 20863
12.74 20879
12.75 20900
12.76 20915
12.77 20933
12.78 20943
12.79 20962
12.80 20984
12.81 20999
12.82 21018
12.83 21036
12.84 21046
12.85 21067
12.86 21083
12.87 21104
12.88 21115
12.89 21130
12.90 21143
12.91 21148
12.92 21165
12.93 21180
12.94 21201
12.95 21221
12.96 21237
12.97 21250
12.98 21262
12.99 21283
13.00 21298
13.01 21315
13.02 21328
13.03 21347
13.04 21361
13.05 21379
13.06 21405
13.07 21424
13.08 21445
13.09 21469
13.10 21476
13.11 21489
13.12 21510
13.13 21527
13.14 21540
13.15 21551
13.16 21560
13.17 21570
13.18 21596
13.19 21608
13.20 21626
13.21 21639
13.22 21649
13.23 21659
13.24 21667
13.25 21677
13.26 21680
13.27 21684
13.28 21687
13.30 21695
13.31 21700
13.32 21706
13.33 21713
13.34 21719
13.35 21728
13.36 21732
13.37 21742
13.38 21759
13.39 21772
13.40 21784
13.41 21799
13.42 21822
13.43 21839
13.44 21860
13.45 21882
13.46 21904
13.47 21923
13.48 21943
13.49 21961
13.50 21979
13.51 21993
13.52 22006
13.53 22023
13.54 22042
13.55 22060
13.56 22073
13.57 22091
13.58 22106
13.59 22126
13.60 22145
13.61 22161
13.62 22189
13.63 22206
13.64 22224
13.65 22243
13.66 22258
13.67 22279
13.68 22294
13.69 22311
13.70 22323
13.71 22344
13.72 22357
13.73 22369
13.74 22381
13.75 22398
13.76 22410
13.77 22428
13.78 22441
13.79 22460
13.80 22474
13.81 22483
13.82 22489
13.83 22494
13.84 22502
13.85 22510
13.86 22531
13.87 22549
13.88 22568
13.89 22585
13.90 22590
13.91 22596
13.92 22602
13.93 22614
13.94 22627
13.95 22647
13.96 22664
13.97 22683
13.98 22704
13.99 22721
14.00 22741
14.01 22761
14.02 22782
14.03 22798
14.04 22811
14.05 22826
14.06 22829
14.07 22845
14.08 22853
14.09 22861
14.10 22871
14.11 22881
14.12 22894
14.13 22908
14.14 22924
14.15 22943
14.16 22959
14.17 22973
14.18 23002
14.19 23017
14.20 23019
14.21 23024
14.22 23031
14.23 23036
14.24 23042
14.25 23045
14.26 23051
14.27 23065
14.29 23073
14.30 23079
14.31 23090
14.32 23103
14.33 23109
14.34 23112
14.35 23118
14.36 23120
14.37 23121
14.38 23129
14.39 23134
14.40 23145
14.41 23152
14.42 23165
14.43 23167
14.44 23169
14.45 23176
14.46 23183
14.47 23188
14.48 23189
14.49 23195
14.50 23199
14.51 23206
14.52 23222
14.53 23233
14.54 23237
14.55 23240
14.56 23246
14.57 23254
14.58 23258
14.59 23268
14.60 23280
14.61 23300
14.62 23313
14.63 23332
14.64 23343
14.65 23364
14.66 23379
14.67 23396
14.68 23409
14.69 23423
14.70 23443
14.71 23456
14.72 23473
14.73 23487
14.74 23499
14.75 23507
14.76 23514
14.77 23528
14.78 23540
14.79 23555
14.80 23575
14.81 23590
14.82 23604
14.83 23620
14.84 23637
14.85 23661
14.86 23680
14.87 23701
14.88 23724
14.89 23746
14.90 23763
14.91 23788
14.92 23806
14.93 23829
14.94 23855
14.95 23872
14.96 23893
14.97 23911
14.98 23936
14.99 23956
15.00 23980
15.01 24005
15.02 24029
15.03 24048
15.04 24070
15.05 24089
15.06 24111
15.07 24132
15.08 24154
15.09 24172
15.10 24189
15.11 24206
15.12 24224
15.13 24244
15.14 24267
15.15 24287
15.16 24303
15.17 24321
15.18 24342
15.19 24357
15.20 24377
15.21 24400
15.22 24417
15.23 24442
15.24 24461
15.25 24485
15.27 24503
15.28 24523
15.29 24539
15.30 24559
15.31 24578
15.32 24599
15.33 24619
15.34 24640
15.35 24658
15.36 24681
15.37 24702
15.38 24726
15.39 24738
15.40 24755
15.41 24774
15.42 24792
15.43 24809
15.44 24828
15.45 24842
15.46 24862
15.47 24876
15.48 24887
15.49 24902
15.50 24911
15.51 24918
15.52 24926
15.53 24932
15.54 24947
15.55 24952
15.56 24962
15.57 24974
15.58 24980
15.59 24991
15.60 25017
15.61 25033
15.62 25049
15.63 25059
15.64 25077
15.65 25092
15.66 25099
15.67 25102
15.68 25107
15.69 25113
15.70 25116
15.71 25130
15.72 25152
15.73 25162
15.74 25177
15.75 25186
15.76 25194
15.77 25211
15.78 25219
15.79 25236
15.80 25254
15.81 25268
15.82 25283
15.83 25292
15.84 25309
15.85 25320
15.86 25322
15.87 25326
15.88 25331
15.89 25332
15.90 25338
15.91 25344
15.92 25352
15.93 25359
15.94 25373
15.95 25391
15.96 25401
15.97 25418
15.98 25434
15.99 25448
16.00 25465
16.01 25477
16.02 25495
16.03 25507
16.04 25513
16.05 25516
16.06 25520
16.07 25529
16.08 25532
16.09 25535
16.10 25539
16.11 25540
16.12 25552
16.13 25554
16.14 25567
16.15 25576
16.16 25593
16.17 25602
16.18 25613
16.19 25626
16.20 25639
16.21 25657
16.22 25667
16.23 25669
16.25 25672
16.26 25674
16.27 25677
16.28 25678
16.29 25687
16.30 25697
16.31 25702
16.32 25704
16.33 25708
16.34 25712
16.35 25713
16.36 25718
16.37 25728
16.38 25747
16.39 25763
16.40 25780
16.41 25802
16.42 25805
16.43 25807
16.44 25811
16.45 25812
16.46 25818
16.47 25828
16.48 25847
16.49 25857
16.50 25864
16.51 25881
16.52 25888
16.53 25889
16.54 25893
16.55 25894
16.56 25900
16.57 25912
16.58 25925
16.59 25932
16.60 25937
16.61 25954
16.62 25978
16.63 26000
16.64 26005
16.65 26011
16.66 26016
16.67 26017
16.68 26017
16.69 26018
16.70 26023
16.71 26043
16.72 26051
16.73 26061
16.74 26064
16.75 26065
16.76 26072
16.77 26075
16.78 26083
16.79 26088
16.80 26094
16.81 26097
16.82 26106
16.83 26132
16.84 26150
16.85 26163
16.86 26173
16.87 26178
16.88 26180
16.89 26188
16.90 26194
16.91 26200
16.92 26202
16.93 26206
16.94 26207
16.95 26213
16.96 26225
16.97 26230
16.98 26240
16.99 26251
17.00 26262
17.01 26272
17.02 26289
17.03 26305
17.04 26316
17.05 26333
17.06 26348
17.07 26366
17.08 26384
17.09 26407
17.10 26421
17.11 26437
17.12 26456
17.13 26475
17.14 26492
17.15 26511
17.16 26526
17.17 26543
17.18 26555
17.19 26577
17.20 26599
17.21 26616
17.22 26633
17.24 26654
17.25 26669
17.26 26693
17.27 26713
17.28 26730
17.29 26747
17.30 26768
17.31 26780
17.32 26782
17.33 26786
17.34 26786
17.35 26787
17.36 26795
17.37 26799
17.38 26814
17.39 26831
17.40 26844
17.41 26856
17.42 26875
17.43 26878
17.44 26879
17.45 26885
17.46 26894
17.47 26897
17.48 26902
17.49 26909
17.50 26920
17.51 26941
17.52 26955
17.53 26968
17.54 26972
17.55 26976
17.56 26979
17.57 26980
17.58 26981
17.59 26982
17.60 26984
17.61 26990
17.62 26996
17.63 27002
17.64 27022
17.65 27033
17.66 27054
17.67 27060
17.68 27066
17.69 27070
17.70 27078
17.71 27080
17.72 27087
17.73 27089
17.74 27092
17.75 27092
17.76 27092
17.77 27101
17.78 27104
17.79 27111
17.80 27122
17.81 27131
17.82 27147
17.83 27159
17.84 27169
17.85 27189
17.86 27204
17.87 27223
17.88 27242
17.89 27263
17.90 27279
17.91 27297
17.92 27316
17.93 27334
17.94 27352
17.95 27372
17.96 27385
17.97 27405
17.98 27421
17.99 27441
18.00 27456
18.01 27472
18.02 27487
18.03 27508
18.04 27529
18.05 27548
18.06 27570
18.07 27590
18.08 27610
18.09 27626
18.10 27642
18.11 27662
18.12 27676
18.13 27697
18.14 27718
18.15 27739
18.16 27758
18.17 27776
18.18 27794
18.19 27810
18.20 27826
18.22 27845
18.23 27863
18.24 27883
18.25 27902
18.26 27923
18.27 27947
18.28 27969
18.29 27984
18.30 28002
18.31 28027
18.32 28046
18.33 28066
18.34 28083
18.35 28102
18.36 28120
18.37 28136
18.38 28152
18.39 28168
18.40 28182
18.41 28202
18.42 28218
18.43 28244
18.44 28266
18.45 28275
18.46 28283
18.47 28289
18.48 28293
18.49 28298
18.50 28301
18.51 28319
18.52 28340
18.53 28357
18.54 28381
18.55 28400
18.56 28416
18.57 28435
18.58 28458
18.59 28475
18.60 28492
18.61 28512
18.62 28527
18.63 28552
18.64 28576
18.65 28596
18.66 28612
18.67 28620
18.68 28641
18.69 28660
18.70 28668
18.71 28682
18.72 28689
18.73 28694
18.74 28700
18.75 28702
18.76 28702
18.77 28702
18.78 28702
18.79 28704
18.80 28709
18.81 28713
18.82 28715
18.83 28730
18.84 28736
18.85 28747
18.86 28762
18.87 28767
18.88 28771
18.89 28773
18.90 28773
18.91 28776
18.92 28781
18.93 28781
18.94 28789
18.95 28797
18.96 28800
18.97 28806
18.98 28823
18.99 28836
19.00 28842
19.01 28851
19.02 28856
19.03 28872
19.04 28885
19.05 28892
19.06 28896
19.07 28900
19.08 28901
19.09 28901
19.10 28913
19.11 28913
19.12 28925
19.13 28940
19.14 28950
19.15 28970
19.16 28988
19.17 28997
19.18 29014
19.19 29029
19.21 29038
19.22 29047
19.23 29052
19.24 29060
19.25 29069
19.26 29084
19.27 29095
19.28 29102
19.29 29109
19.30 29123
19.31 29133
19.32 29145
19.33 29162
19.34 29170
19.35 29178
19.36 29190
19.37 29202
19.38 29207
19.39 29210
19.40 29222
19.41 29230
19.42 29237
19.43 29242
19.44 29248
19.45 29261
19.46 29278
19.47 29289
19.48 29309
19.49 29318
19.50 29329
19.51 29339
19.52 29352
19.53 29367
19.54 29375
19.55 29382
19.56 29390
19.57 29400
19.58 29410
19.59 29426
19.60 29431
19.61 29440
19.62 29451
19.63 29456
19.64 29473
19.65 29485
19.66 29504
19.67 29524
19.68 29541
19.69 29557
19.70 29572
19.71 29587
19.72 29599
19.73 29605
19.74 29608
19.75 29619
19.76 29622
19.77 29639
19.78 29660
19.79 29678
19.80 29693
19.81 29709
19.82 29728
19.83 29744
19.84 29765
19.85 29781
19.86 29800
19.87 29816
19.88 29836
19.89 29847
19.90 29863
19.91 29881
19.92 29897
19.93 29923
19.94 29944
19.95 29964
19.96 29984
19.97 29998
19.98 30011
19.99 30024
20.00 30043
20.01 30064
20.02 30078
20.03 30092
20.04 30108
20.05 30125
20.06 30142
20.07 30159
20.08 30182
20.09 30205
20.10 30223
20.11 30235
20.12 30249
20.13 30270
20.14 30293
20.15 30308
20.16 30323
20.17 30344
20.19 30360
20.20 30377
20.21 30397
20.22 30409
20.23 30414
20.24 30422
20.25 30425
20.26 30428
20.27 30435
20.28 30444
20.29 30449
20.30 30452
20.31 30461
20.32 30466
20.33 30473
20.34 30482
20.35 30487
20.36 30496
20.37 30515
20.38 30528
20.39 30533
20.40 30552
20.41 30571
20.42 30588
20.43 30609
20.44 30631
20.45 30660
20.46 30674
20.47 30685
20.48 30702
20.49 30720
20.50 30737
20.51 30748
20.52 30764
20.53 30772
20.54 30791
20.55 30804
20.56 30814
20.57 30831
20.58 30846
20.59 30860
20.60 30875
20.61 30886
20.62 30903
20.63 30921
20.64 30933
20.65 30959
20.66 30978
20.67 30992
20.68 31007
20.69 31019
20.70 31034
20.71 31049
20.72 31067
20.73 31089
20.74 31109
20.75 31122
20.76 31143
20.77 31157
20.78 31179
20.79 31193
20.80 31201
20.81 31219
20.82 31232
20.83 31253
20.84 31264
20.85 31264
20.86 31264
20.87 31265
20.88 31279
20.89 31294
20.90 31313
20.91 31335
20.92 31352
20.93 31369
20.94 31388
20.95 31406
20.96 31418
20.97 31434
20.98 31437
20.99 31439
21.00 31445
21.01 31453
21.02 31459
21.03 31465
21.04 31481
21.05 31496
21.06 31499
21.07 31505
21.08 31512
21.09 31520
21.10 31527
21.11 31530
21.12 31533
21.13 31543
21.14 31551
21.15 31559
21.16 31566
21.18 31569
21.19 31576
21.20 31584
21.21 31587
21.22 31590
21.23 31594
21.24 31597
21.25 31597
21.26 31599
21.27 31603
21.28 31608
21.29 31610
21.30 31614
21.31 31620
21.32 31625
21.33 31634
21.34 31636
21.35 31645
21.36 31667
21.37 31682
21.38 31695
21.39 31701
21.40 31703
21.41 31711
21.42 31718
21.43 31720
21.44 31729
21.45 31732
21.46 31733
21.47 31737
21.48 31741
21.49 31746
21.50 31748
21.51 31749
21.52 31749
21.53 31752
21.54 31753
21.55 31755
21.56 31755
21.57 31755
21.58 31758
21.59 31760
21.60 31760
21.61 31760
21.62 31761
21.63 31768
21.64 31776
21.65 31779
21.66 31796
21.67 31813
21.68 31826
21.69 31835
21.70 31846
21.71 31854
21.72 31863
21.73 31872
21.74 31878
21.75 31882
21.76 31888
21.77 31897
21.78 31919
21.79 31936
21.80 31951
21.81 31970
21.82 31991
21.83 32007
21.84 32015
21.85 32023
21.86 32037
21.87 32047
21.88 32051
21.89 32058
21.90 32066
21.91 32067
21.92 32073
21.93 32080
21.94 32086
21.95 32099
21.96 32119
21.97 32140
21.98 32146
21.99 32154
22.00 32158
22.01 32159
22.02 32162
22.03 32168
22.04 32171
22.05 32180
22.06 32187
22.07 32196
22.08 32214
22.09 32237
22.10 32259
22.11 32284
22.12 32289
22.13 32290
22.14 32293
22.16 32295
22.17 32295
22.18 32303
22.19 32305
22.20 32305
22.21 32309
22.22 32312
22.23 32318
22.24 32323
22.25 32325
22.26 32332
22.27 32347
22.28 32357
22.29 32378
22.30 32400
22.31 32422
22.32 32434
22.33 32462
22.34 32483
22.35 32504
22.36 32516
22.37 32527
22.38 32531
22.39 32539
22.40 32541
22.41 32548
22.42 32560
22.43 32566
22.44 32581
22.45 32595
22.46 32605
22.47 32624
22.48 32643
22.49 32662
22.50 32679
22.51 32693
22.52 32712
22.53 32729
22.54 32745
22.55 32761
22.56 32777
22.57 32793
22.58 32818
22.59 32834
22.60 32850
22.61 32866
22.62 32884
22.63 32903
22.64 32920
22.65 32933
22.66 32952
22.67 32971
22.68 32987
22.69 33005
22.70 33024
22.71 33044
22.72 33060
22.73 33079
22.74 33100
22.75 33124
22.76 33142
22.77 33165
22.78 33181
22.79 33197
22.80 33215
22.81 33227
22.82 33244
22.83 33263
22.84 33275
22.85 33290
22.86 33302
22.87 33318
22.88 33337
22.89 33358
22.90 33379
22.91 33396
22.92 33419
22.93 33438
22.94 33460
22.95 33475
22.96 33499
22.97 33511
22.98 33527
22.99 33546
23.00 33570
23.01 33586
23.02 33602
23.03 33622
23.04 33644
23.05 33662
23.06 33682
23.07 33705
23.08 33727
23.09 33747
23.10 33769
23.11 33785
23.12 33800
23.13 33822
23.15 33843
23.16 33858
23.17 33874
23.18 33890
23.19 33910
23.20 33928
23.21 33947
23.22 33967
23.23 33990
23.24 34010
23.25 34029
23.26 34050
23.27 34068
23.28 34088
23.29 34105
23.30 34114
23.31 34133
23.32 34157
23.33 34180
23.34 34199
23.35 34213
23.36 34230
23.37 34251
23.38 34273
23.39 34286
23.40 34304
23.41 34317
23.42 34333
23.43 34354
23.44 34369
23.45 34383
23.46 34397
23.47 34413
23.48 34434
23.49 34453
23.50 34469
23.51 34482
23.52 34497
23.53 34520
23.54 34538
23.55 34555
23.56 34566
23.57 34581
23.58 34603
23.59 34617
23.60 34635
23.61 34656
23.62 34668
23.63 34681
23.64 34688
23.65 34699
23.66 34706
23.67 34715
23.68 34728
23.69 34740
23.70 34745
23.71 34750
23.72 34757
23.73 34762
23.74 34766
23.75 34768
23.76 34772
23.77 34773
23.78 34780
23.79 34784
23.80 34789
23.81 34796
23.82 34801
23.83 34809
23.84 34825
23.85 34839
23.86 34852
23.87 34868
23.88 34891
23.89 34914
23.90 34936
23.91 34952
23.92 34967
23.93 34985
23.94 35001
23.95 35017
23.96 35027
23.97 35037
23.98 35045
23.99 35058
24.00 35075
24.01 35095
24.02 35110
24.03 35128
24.04 35144
24.05 35161
24.06 35170
24.07 35181
24.08 35193
24.09 35211
24.10 35225
24.11 35238
24.13 35258
24.14 35263
24.15 35272
24.16 35278
24.17 35282
24.18 35289
24.19 35297
24.20 35304
24.21 35309
24.22 35316
24.23 35321
24.24 35327
24.25 35330
24.26 35333
24.27 35337
24.28 35342
24.29 35346
24.30 35349
24.31 35350
24.32 35354
24.33 35361
24.34 35368
24.35 35374
24.36 35381
24.37 35395
24.38 35409
24.39 35427
24.40 35446
24.41 35467
24.42 35489
24.43 35513
24.44 35531
24.45 35551
24.46 35573
24.47 35585
24.48 35599
24.49 35613
24.50 35628
24.51 35641
24.52 35663
24.53 35678
24.54 35689
24.55 35696
24.56 35716
24.57 35741
24.58 35753
24.59 35762
24.60 35768
24.61 35772
24.62 35779
24.63 35782
24.64 35784
24.65 35787
24.66 35790
24.67 35796
24.68 35798
24.69 35801
24.70 35804
24.71 35805
24.72 35812
24.73 35819
24.74 35822
24.75 35828
24.76 35833
24.77 35853
24.78 35860
24.79 35866
24.80 35872
24.81 35881
24.82 35888
24.83 35902
24.84 35918
24.85 35926
24.86 35930
24.87 35940
24.88 35946
24.89 35959
24.90 35969
24.91 35978
24.92 35981
24.93 35989
24.94 35996
24.95 36010
24.96 36024
24.97 36038
24.98 36047
24.99 36063
25.00 36078
25.01 36091
25.02 36103
25.03 36111
25.04 36119
25.05 36132
25.06 36143
25.07 36150
25.08 36157
25.09 36165
25.11 36172
25.12 36178
25.13 36182
25.14 36190
25.15 36208
25.16 36227
25.17 36237
25.18 36248
25.19 36258
25.20 36267
25.21 36280
25.22 36284
25.23 36285
25.24 36289
25.25 36295
25.26 36306
25.27 36317
25.28 36319
25.29 36327
25.30 36336
25.31 36338
25.32 36344
25.33 36351
25.34 36354
25.35 36360
25.36 36372
25.37 36374
25.38 36381
25.39 36387
25.40 36389
25.41 36394
25.42 36401
25.43 36404
25.44 36408
25.45 36422
25.46 36424
25.47 36425
25.48 36435
25.49 36444
25.50 36446
25.51 36451
25.52 36460
25.53 36463
25.54 36468
25.55 36471
25.56 36474
25.57 36482
25.58 36489
25.59 36490
25.60 36495
25.61 36501
25.62 36505
25.63 36510
25.64 36516
25.65 36519
25.66 36524
25.67 36528
25.68 36532
25.69 36538
25.70 36545
25.71 36546
25.72 36553
25.73 36559
25.74 36560
25.75 36565
25.76 36576
25.77 36577
25.78 36586
25.79 36597
25.80 36599
25.81 36601
25.82 36615
25.83 36620
25.84 36621
25.85 36632
25.86 36637
25.87 36638
25.88 36646
25.89 36652
25.90 36654
25.91 36660
25.92 36667
25.93 36670
25.94 36680
25.95 36690
25.96 36693
25.97 36705
25.98 36719
25.99 36729
26.00 36740
26.01 36760
26.02 36776
26.03 36784
26.04 36804
26.05 36816
26.06 36835
26.07 36837
26.08 36841
26.10 36847
26.11 36852
26.12 36854
26.13 36866
26.14 36886
26.15 36901
26.16 36902
26.17 36902
26.18 36903
26.19 36903
26.20 36903
26.21 36903
26.22 36904
26.23 36910
26.24 36919
26.25 36920
26.26 36926
26.27 36934
26.28 36935
26.29 36942
26.30 36947
26.31 36948
26.32 36954
26.33 36970
26.34 36972
26.35 36976
26.36 36982
26.37 36983
26.38 36988
26.39 37002
26.40 37005
26.41 37006
26.42 37018
26.43 37026
26.44 37027
26.45 37032
26.46 37038
26.47 37040
26.48 37048
26.49 37059
26.50 37061
26.51 37063
26.52 37076
26.53 37078
26.54 37079
26.55 37087
26.56 37090
26.57 37090
26.58 37107
26.59 37112
26.60 37113
26.61 37121
26.62 37127
26.63 37128
26.64 37139
26.65 37146
26.66 37148
26.67 37153
26.68 37160
26.69 37162
26.70 37165
26.71 37175
26.72 37177
26.73 37178
26.74 37189
26.75 37190
26.76 37191
26.77 37195
26.78 37200
26.79 37201
26.80 37206
26.81 37215
26.82 37216
26.83 37229
26.84 37245
26.85 37249
26.86 37250
26.87 37257
26.88 37260
26.89 37265
26.90 37274
26.91 37277
26.92 37279
26.93 37283
26.94 37289
26.95 37290
26.96 37290
26.97 37290
26.98 37308
26.99 37325
27.00 37345
27.01 37360
27.02 37373
27.03 37389
27.04 37391
27.05 37393
27.06 37395
27.08 37395
27.09 37395
27.10 37397
27.11 37404
27.12 37410
27.13 37413
27.14 37423
27.15 37441
27.16 37453
27.17 37477
27.18 37498
27.19 37521
27.20 37539
27.21 37563
27.22 37584
27.23 37591
27.24 37591
27.25 37591
27.26 37592
27.27 37592
27.28 37592
27.29 37592
27.30 37592
27.31 37605
27.32 37607
27.33 37608
27.34 37620
27.35 37621
27.36 37621
27.37 37631
27.38 37632
27.39 37632
27.40 37641
27.41 37643
27.42 37643
27.43 37652
27.44 37654
27.45 37654
27.46 37666
27.47 37668
27.48 37669
27.49 37678
27.50 37686
27.51 37686
27.52 37692
27.53 37698
27.54 37699
27.55 37705
27.56 37712
27.57 37714
27.58 37718
27.59 37723
27.60 37723
27.61 37732
27.62 37740
27.63 37742
27.64 37744
27.65 37746
27.66 37749
27.67 37751
27.68 37763
27.69 37766
27.70 37767
27.71 37776
27.72 37787
27.73 37787
27.74 37795
27.75 37800
27.76 37800
27.77 37804
27.78 37815
27.79 37816
27.80 37822
27.81 37827
27.82 37828
27.83 37836
27.84 37843
27.85 37843
27.86 37849
27.87 37864
27.88 37865
27.89 37866
27.90 37882
27.91 37883
27.92 37884
27.93 37892
27.94 37898
27.95 37901
27.96 37907
27.97 37919
27.98 37920
27.99 37922
28.00 37934
28.01 37935
28.02 37940
28.03 37941
28.04 37961
28.05 37968
28.07 37969
28.08 37970
28.09 37970
28.10 37970
28.11 37972
28.12 37976
28.13 37983
28.14 37992
28.15 37993
28.16 37998
28.17 38015
28.18 38019
28.19 38019
28.20 38020
28.21 38020
28.22 38020
28.23 38020
28.24 38020
28.25 38020
28.26 38029
28.27 38031
28.28 38031
28.29 38039
28.30 38041
28.31 38043
28.32 38060
28.33 38069
28.34 38070
28.35 38076
28.36 38087
28.37 38089
28.38 38096
28.39 38102
28.40 38104
28.41 38110
28.42 38118
28.43 38120
28.44 38124
28.45 38131
28.46 38132
28.47 38136
28.48 38146
28.49 38148
28.50 38153
28.51 38165
28.52 38166
28.53 38167
28.54 38179
28.55 38184
28.56 38185
28.57 38191
28.58 38199
28.59 38200
28.60 38209
28.61 38218
28.62 38219
28.63 38220
28.64 38226
28.65 38228
28.66 38234
28.67 38246
28.68 38247
28.69 38248
28.70 38262
28.71 38266
28.72 38267
28.73 38272
28.74 38276
28.75 38276
28.76 38279
28.77 38286
28.78 38287
28.79 38291
28.80 38296
28.81 38297
28.82 38304
28.83 38310
28.84 38311
28.85 38315
28.86 38319
28.87 38321
28.88 38324
28.89 38333
28.90 38334
28.91 38337
28.92 38339
28.93 38340
28.94 38343
28.95 38350
28.96 38350
28.97 38354
28.98 38354
28.99 38355
29.00 38355
29.01 38355
29.02 38355
29.03 38355
29.05 38361
29.06 38363
29.07 38366
29.08 38367
29.09 38373
29.10 38373
29.11 38374
29.12 38375
29.13 38375
29.14 38378
29.15 38389
29.16 38401
29.17 38408
29.18 38431
29.19 38445
29.20 38455
29.21 38473
29.22 38490
29.23 38507
29.24 38530
29.25 38536
29.26 38542
29.27 38552
29.28 38567
29.29 38585
29.30 38601
29.31 38611
29.32 38618
29.33 38624
29.34 38631
29.35 38636
29.36 38654
29.37 38663
29.38 38678
29.39 38691
29.40 38699
29.41 38707
29.42 38732
29.43 38751
29.44 38762
29.45 38771
29.46 38786
29.47 38795
29.48 38807
29.49 38821
29.50 38828
29.51 38840
29.52 38852
29.53 38867
29.54 38884
29.55 38899
29.56 38919
29.57 38938
29.58 38951
29.59 38965
29.60 38979
29.61 38991
29.62 39005
29.63 39014
29.64 39023
29.65 39043
29.66 39068
29.67 39079
29.68 39100
29.69 39117
29.70 39138
29.71 39155
29.72 39166
29.73 39187
29.74 39204
29.75 39210
29.76 39228
29.77 39241
29.78 39257
29.79 39279
29.80 39297
29.81 39317
29.82 39335
29.83 39344
29.84 39354
29.85 39361
29.86 39374
29.87 39393
29.88 39413
29.89 39432
29.90 39455
29.91 39477
29.92 39495
29.93 39513
29.94 39530
29.95 39550
29.96 39566
29.97 39580
29.98 39597
29.99 39614
30.00 39635
30.01 39657
30.02 39675
30.04 39692
30.05 39711
30.06 39731
30.07 39746
30.08 39764
30.09 39781
30.10 39797
30.11 39812
30.12 39830
30.13 39851
30.14 39866
30.15 39889
30.16 39909
30.17 39923
30.18 39938
30.19 39955
30.20 39971
30.21 39986
30.22 40006
30.23 40021
30.24 40035
30.25 40054
30.26 40069
30.27 40086
30.28 40102
30.29 40118
30.30 40138
30.31 40155
30.32 40174
30.33 40193
30.34 40210
30.35 40229
30.36 40242
30.37 40257
30.38 40275
30.39 40301
30.40 40324
30.41 40343
30.42 40361
30.43 40380
30.44 40403
30.45 40426
30.46 40443
30.47 40457
30.48 40473
30.49 40493
30.50 40508
30.51 40529
30.52 40549
30.53 40573
30.54 40591
30.55 40613
30.56 40634
30.57 40654
30.58 40674
30.59 40693
30.60 40708
30.61 40722
30.62 40740
30.63 40761
30.64 40772
30.65 40788
30.66 40803
30.67 40820
30.68 40837
30.69 40852
30.70 40875
30.71 40896
30.72 40912
30.73 40933
30.74 40950
30.75 40967
30.76 40985
30.77 41009
30.78 41029
30.79 41042
30.80 41058
30.81 41073
30.82 41085
30.83 41098
30.84 41119
30.85 41133
30.86 41146
30.87 41159
30.88 41178
30.89 41197
30.90 41215
30.91 41239
30.92 41259
30.93 41272
30.94 41289
30.95 41308
30.96 41322
30.97 41333
30.98 41351
30.99 41360
31.00 41368
31.02 41379
31.03 41391
31.04 41408
31.05 41421
31.06 41432
31.07 41441
31.08 41456
31.09 41472
31.10 41496
31.11 41509
31.12 41529
31.13 41544
31.14 41565
31.15 41579
31.16 41590
31.17 41611
31.18 41625
31.19 41636
31.20 41646
31.21 41654
31.22 41668
31.23 41685
31.24 41700
31.25 41713
31.26 41724
31.27 41743
31.28 41760
31.29 41780
31.30 41797
31.31 41810
31.32 41825
31.33 41848
31.34 41867
31.35 41883
31.36 41900
31.37 41917
31.38 41932
31.39 41946
31.40 41967
31.41 41979
31.42 41995
31.43 42009
31.44 42023
31.45 42039
31.46 42053
31.47 42069
31.48 42086
31.49 42103
31.50 42116
31.51 42134
31.52 42152
31.53 42169
31.54 42184
31.55 42202
31.56 42220
31.57 42229
31.58 42247
31.59 42264
31.60 42286
31.61 42306
31.62 42320
31.63 42341
31.64 42358
31.65 42374
31.66 42388
31.67 42399
31.68 42403
31.69 42422
31.70 42438
31.71 42466
31.72 42477
31.73 42483
31.74 42489
31.75 42491
31.76 42497
31.77 42502
31.78 42524
31.79 42528
31.80 42531
31.81 42540
31.82 42545
31.83 42556
31.84 42558
31.85 42563
31.86 42571
31.87 42575
31.88 42579
31.89 42581
31.90 42588
31.91 42592
31.92 42595
31.93 42604
31.94 42614
31.95 42620
31.96 42625
31.97 42630
31.98 42635
31.99 42639
32.01 42644
32.02 42647
32.03 42652
32.04 42660
32.05 42675
32.06 42688
32.07 42696
32.08 42701
32.09 42706
32.10 42715
32.11 42722
32.12 42728
32.13 42740
32.14 42752
32.15 42767
32.16 42777
32.17 42789
32.18 42802
32.19 42810
32.20 42828
32.21 42847
32.22 42867
32.23 42881
32.24 42896
32.25 42907
32.26 42920
32.27 42941
32.28 42966
32.29 42985
32.30 42993
32.31 42998
32.32 43002
32.33 43007
32.34 43011
32.35 43025
32.36 43027
32.37 43031
32.38 43032
32.39 43032
32.40 43036
32.41 43036
32.42 43039
32.43 43042
32.44 43043
32.45 43056
32.46 43060
32.47 43062
32.48 43071
32.49 43078
32.50 43087
32.51 43092
32.52 43096
32.53 43113
32.54 43132
32.55 43151
32.56 43157
32.57 43172
32.58 43186
32.59 43197
32.60 43211
32.61 43216
32.62 43221
32.63 43222
32.64 43223
32.65 43227
32.66 43231
32.67 43237
32.68 43246
32.69 43247
32.70 43253
32.71 43256
32.72 43265
32.73 43265
32.74 43272
32.75 43280
32.76 43285
32.77 43297
32.78 43310
32.79 43327
32.80 43347
32.81 43370
32.82 43393
32.83 43415
32.84 43432
32.85 43449
32.86 43470
32.87 43491
32.88 43512
32.89 43533
32.90 43552
32.91 43572
32.92 43580
32.93 43600
32.94 43621
32.95 43635
32.96 43639
32.97 43644
32.99 43650
33.00 43659
33.01 43667
33.02 43681
33.03 43698
33.04 43709
33.05 43729
33.06 43747
33.07 43766
33.08 43786
33.09 43798
33.10 43809
33.11 43826
33.12 43842
33.13 43858
33.14 43873
33.15 43888
33.16 43905
33.17 43915
33.18 43931
33.19 43943
33.20 43959
33.21 43974
33.22 43985
33.23 43990
33.24 43995
33.25 44002
33.26 44010
33.27 44014
33.28 44020
33.29 44025
33.30 44029
33.31 44034
33.32 44040
33.33 44045
33.34 44055
33.35 44057
33.36 44078
33.37 44081
33.38 44095
33.39 44106
33.40 44122
33.41 44137
33.42 44145
33.43 44158
33.44 44169
33.45 44181
33.46 44198
33.47 44211
33.48 44232
33.49 44248
33.50 44262
33.51 44284
33.52 44286
33.53 44289
33.54 44291
33.55 44297
33.56 44299
33.57 44299
33.58 44300
33.59 44303
33.60 44304
33.61 44308
33.62 44310
33.63 44315
33.64 44331
33.65 44340
33.66 44361
33.67 44372
33.68 44390
33.69 44406
33.70 44429
33.71 44443
33.72 44455
33.73 44466
33.74 44487
33.75 44504
33.76 44517
33.77 44533
33.78 44542
33.79 44550
33.80 44552
33.81 44560
33.82 44566
33.83 44573
33.84 44578
33.85 44592
33.86 44611
33.87 44640
33.88 44656
33.89 44679
33.90 44696
33.91 44712
33.92 44725
33.93 44746
33.94 44759
33.95 44780
33.97 44800
33.98 44816
33.99 44834
34.00 44847
34.01 44866
34.02 44877
34.03 44897
34.04 44923
34.05 44940
34.06 44964
34.07 44990
34.08 45010
34.09 45029
34.10 45051
34.11 45072
34.12 45091
34.13 45109
34.14 45125
34.15 45145
34.16 45159
34.17 45179
34.18 45194
34.19 45211
34.20 45230
34.21 45250
34.22 45264
34.23 45283
34.24 45302
34.25 45322
34.26 45344
34.27 45364
34.28 45386
34.29 45404
34.30 45421
34.31 45440
34.32 45458
34.33 45478
34.34 45496
34.35 45514
34.36 45532
34.37 45550
34.38 45564
34.39 45583
34.40 45609
34.41 45628
34.42 45646
34.43 45663
34.44 45682
34.45 45702
34.46 45720
34.47 45736
34.48 45754
34.49 45770
34.50 45796
34.51 45811
34.52 45836
34.53 45848
34.54 45857
34.55 45870
34.56 45884
34.57 45907
34.58 45919
34.59 45938
34.60 45953
34.61 45969
34.62 45988
34.63 46007
34.64 46022
34.65 46034
34.66 46051
34.67 46076
34.68 46098
34.69 46119
34.70 46141
34.71 46161
34.72 46177
34.73 46196
34.74 46220
34.75 46237
34.76 46259
34.77 46280
34.78 46301
34.79 46320
34.80 46339
34.81 46359
34.82 46374
34.83 46397
34.84 46410
34.85 46429
34.86 46453
34.87 46477
34.88 46494
34.89 46510
34.90 46534
34.91 46557
34.92 46572
34.93 46590
34.94 46605
34.96 46623
34.97 46633
34.98 46642
34.99 46652
35.00 46662
35.01 46664
35.02 46669
35.03 46671
35.04 46673
35.05 46676
35.06 46680
35.07 46680
35.08 46680
35.09 46681
35.10 46681
35.11 46686
35.12 46689
35.13 46691
35.14 46698
35.15 46701
35.16 46706
35.17 46718
35.18 46729
35.19 46740
35.20 46745
35.21 46756
35.22 46760
35.23 46767
35.24 46777
35.25 46782
35.26 46789
35.27 46795
35.28 46801
35.29 46809
35.30 46821
35.31 46830
35.32 46843
35.33 46860
35.34 46882
35.35 46899
35.36 46914
35.37 46929
35.38 46942
35.39 46956
35.40 46970
35.41 46979
35.42 46997
35.43 47014
35.44 47032
35.45 47054
35.46 47072
35.47 47093
35.48 47113
35.49 47132
35.50 47152
35.51 47175
35.52 47199
35.53 47217
35.54 47236
35.55 47257
35.56 47275
35.57 47296
35.58 47313
35.59 47332
35.60 47350
35.61 47369
35.62 47392
35.63 47416
35.64 47436
35.65 47456
35.66 47472
35.67 47491
35.68 47511
35.69 47532
35.70 47552
35.71 47568
35.72 47584
35.73 47601
35.74 47625
35.75 47649
35.76 47669
35.77 47690
35.78 47709
35.79 47729
35.80 47753
35.81 47772
35.82 47789
35.83 47802
35.84 47821
35.85 47838
35.86 47863
35.87 47881
35.88 47900
35.89 47916
35.90 47933
35.91 47952
35.92 47969
35.94 47989
35.95 48003
35.96 48014
35.97 48034
35.98 48054
35.99 48068
36.00 48088
36.01 48102
36.02 48121
36.03 48140
36.04 48155
36.05 48168
36.06 48186
36.07 48203
36.08 48220
36.09 48243
36.10 48264
36.11 48279
36.12 48304
36.13 48322
36.14 48342
36.15 48361
36.16 48376
36.17 48392
36.18 48409
36.19 48428
36.20 48442
36.21 48457
36.22 48479
36.23 48495
36.24 48512
36.25 48527
36.26 48544
36.27 48560
36.28 48572
36.29 48585
36.30 48598
36.31 48616
36.32 48634
36.33 48653
36.34 48667
36.35 48685
36.36 48705
36.37 48721
36.38 48741
36.39 48756
36.40 48773
36.41 48791
36.42 48807
36.43 48823
36.44 48840
36.45 48852
36.46 48867
36.47 48886
36.48 48900
36.49 48914
36.50 48928
36.51 48940
36.52 48954
36.53 48967
36.54 48984
36.55 48998
36.56 49012
36.57 49026
36.58 49048
36.59 49059
36.60 49081
36.61 49097
36.62 49115
36.63 49132
36.64 49149
36.65 49167
36.66 49180
36.67 49194
36.68 49203
36.69 49217
36.70 49231
36.71 49245
36.72 49262
36.73 49280
36.74 49302
36.75 49323
36.76 49342
36.77 49361
36.78 49374
36.79 49392
36.80 49407
36.81 49424
36.82 49444
36.83 49464
36.84 49482
36.85 49505
36.86 49531
36.87 49554
36.88 49566
36.89 49584
36.90 49608
36.91 49626
36.93 49646
36.94 49662
36.95 49684
36.96 49699
36.97 49715
36.98 49728
36.99 49746
37.00 49759
37.01 49778
37.02 49793
37.03 49806
37.04 49818
37.05 49835
37.06 49850
37.07 49867
37.08 49881
37.09 49898
37.10 49917
37.11 49931
37.12 49952
37.13 49965
37.14 49980
37.15 49996
37.16 50014
37.17 50029
37.18 50047
37.19 50060
37.20 50077
37.21 50093
37.22 50105
37.23 50123
37.24 50136
37.25 50153
37.26 50168
37.27 50183
37.28 50198
37.29 50215
37.30 50229
37.31 50247
37.32 50262
37.33 50277
37.34 50294
37.35 50310
37.36 50319
37.37 50337
37.38 50354
37.39 50372
37.40 50392
37.41 50403
37.42 50419
37.43 50440
37.44 50457
37.45 50476
37.46 50490
37.47 50508
37.48 50523
37.49 50538
37.50 50554
37.51 50566
37.52 50581
37.53 50597
37.54 50620
37.55 50636
37.56 50653
37.57 50667
37.58 50684
37.59 50693
37.60 50695
37.61 50699
37.62 50712
37.63 50713
37.64 50721
37.65 50731
37.66 50736
37.67 50741
37.68 50747
37.69 50755
37.70 50757
37.71 50767
37.72 50784
37.73 50800
37.74 50821
37.75 50845
37.76 50867
37.77 50887
37.78 50909
37.79 50928
37.80 50949
37.81 50959
37.82 50963
37.83 50970
37.84 50978
37.85 50999
37.86 51011
37.87 51025
37.88 51045
37.89 51056
37.91 51068
37.92 51077
37.93 51093
37.94 51108
37.95 51121
37.96 51131
37.97 51153
37.98 51167
37.99 51188
38.00 51200
38.01 51217
38.02 51228
38.03 51239
38.04 51249
38.05 51265
38.06 51276
38.07 51289
38.08 51303
38.09 51318
38.10 51338
38.11 51360
38.12 51384
38.13 51401
38.14 51420
38.15 51437
38.16 51451
38.17 51463
38.18 51475
38.19 51486
38.20 51503
38.21 51517
38.22 51535
38.23 51556
38.24 51568
38.25 51582
38.26 51596
38.27 51615
38.28 51634
38.29 51652
38.30 51673
38.31 51696
38.32 51714
38.33 51731
38.34 51747
38.35 51758
38.36 51778
38.37 51795
38.38 51804
38.39 51818
38.40 51833
38.41 51848
38.42 51863
38.43 51877
38.44 51897
38.45 51918
38.46 51939
38.47 51954
38.48 51969
38.49 51993
38.50 52013
38.51 52032
38.52 52048
38.53 52061
38.54 52079
38.55 52093
38.56 52113
38.57 52133
38.58 52148
38.59 52166
38.60 52179
38.61 52195
38.62 52208
38.63 52218
38.64 52230
38.65 52252
38.66 52260
38.67 52268
38.68 52271
38.69 52284
38.70 52287
38.71 52292
38.72 52299
38.73 52303
38.74 52307
38.75 52327
38.76 52337
38.77 52341
38.78 52351
38.79 52360
38.80 52363
38.81 52376
38.82 52385
38.83 52392
38.84 52403
38.85 52413
38.86 52417
38.87 52425
38.88 52441
38.90 52449
38.91 52467
38.92 52476
38.93 52482
38.94 52498
38.95 52523
38.96 52530
38.97 52547
38.98 52565
38.99 52577
39.00 52594
39.01 52604
39.02 52616
39.03 52626
39.04 52644
39.05 52662
39.06 52680
39.07 52696
39.08 52709
39.09 52724
39.10 52733
39.11 52739
39.12 52742
39.13 52747
39.14 52749
39.15 52759
39.16 52771
39.17 52786
39.18 52796
39.19 52812
39.20 52830
39.21 52836
39.22 52846
39.23 52856
39.24 52871
39.25 52893
39.26 52908
39.27 52924
39.28 52937
39.29 52952
39.30 52966
39.31 52979
39.32 52995
39.33 53021
39.34 53035
39.35 53058
39.36 53075
39.37 53092
39.38 53117
39.39 53132
39.40 53143
39.41 53149
39.42 53152
39.43 53156
39.44 53160
39.45 53164
39.46 53166
39.47 53168
39.48 53172
39.49 53179
39.50 53186
39.51 53202
39.52 53205
39.53 53207
39.54 53210
39.55 53217
39.56 53226
39.57 53230
39.58 53245
39.59 53261
39.60 53277
39.61 53290
39.62 53302
39.63 53321
39.64 53341
39.65 53355
39.66 53370
39.67 53385
39.68 53397
39.69 53402
39.70 53410
39.71 53413
39.72 53419
39.73 53423
39.74 53430
39.75 53435
39.76 53447
39.77 53467
39.78 53484
39.79 53505
39.80 53524
39.81 53540
39.82 53555
39.83 53565
39.84 53582
39.85 53601
39.86 53626
39.88 53646
39.89 53666
39.90 53679
39.91 53695
39.92 53709
39.93 53724
39.94 53746
39.95 53763
39.96 53775
39.97 53784
39.98 53788
39.99 53795
40.00 53809
40.01 53819
40.02 53832
40.03 53851
40.04 53862
40.05 53871
40.06 53887
40.07 53899
40.08 53918
40.09 53930
40.10 53947
40.11 53964
40.12 53980
40.13 53999
40.14 54017
40.15 54034
40.16 54053
40.17 54069
40.18 54087
40.19 54098
40.20 54120
40.21 54138
40.22 54156
40.23 54176
40.24 54200
40.25 54215
40.26 54228
40.27 54241
40.28 54254
40.29 54264
40.30 54283
40.31 54300
40.32 54313
40.33 54329
40.34 54351
40.35 54373
40.36 54396
40.37 54414
40.38 54431
40.39 54451
40.40 54468
40.41 54492
40.42 54509
40.43 54520
40.44 54539
40.45 54564
40.46 54583
40.47 54598
40.48 54614
40.49 54625
40.50 54642
40.51 54652
40.52 54664
40.53 54677
40.54 54688
40.55 54706
40.56 54716
40.57 54724
40.58 54738
40.59 54749
40.60 54761
40.61 54771
40.62 54779
40.63 54794
40.64 54804
40.65 54815
40.66 54826
40.67 54838
40.68 54846
40.69 54857
40.70 54871
40.71 54889
40.72 54908
40.73 54913
40.74 54917
40.75 54922
40.76 54926
40.77 54934
40.78 54946
40.79 54959
40.80 54977
40.81 54990
40.82 55010
40.83 55029
40.84 55047
40.85 55058
40.87 55078
40.88 55091
40.89 55113
40.90 55132
40.91 55159
40.92 55177
40.93 55198
40.94 55218
40.95 55224
40.96 55244
40.97 55263
40.98 55274
40.99 55288
41.00 55291
41.01 55306
41.02 55322
41.03 55332
41.04 55336
41.05 55344
41.06 55350
41.07 55358
41.08 55364
41.09 55369
41.10 55383
41.11 55406
41.12 55421
41.13 55440
41.14 55452
41.15 55468
41.16 55481
41.17 55496
41.18 55520
41.19 55535
41.20 55553
41.21 55569
41.22 55584
41.23 55601
41.24 55612
41.25 55627
41.26 55645
41.27 55665
41.28 55677
41.29 55701
41.30 55718
41.31 55736
41.32 55754
41.33 55773
41.34 55794
41.35 55814
41.36 55828
41.37 55837
41.38 55850
41.39 55871
41.40 55873
41.41 55878
41.42 55884
41.43 55886
41.44 55889
41.45 55890
41.46 55894
41.47 55901
41.48 55907
41.49 55921
41.50 55941
41.51 55962
41.52 55980
41.53 55995
41.54 56013
41.55 56026
41.56 56045
41.57 56059
41.58 56070
41.59 56087
41.60 56110
41.61 56128
41.62 56145
41.63 56153
41.64 56162
41.65 56180
41.66 56185
41.67 56199
41.68 56221
41.69 56241
41.70 56255
41.71 56279
41.72 56298
41.73 56319
41.74 56338
41.75 56350
41.76 56359
41.77 56365
41.78 56374
41.79 56380
41.80 56386
41.81 56397
41.82 56405
41.83 56414
41.85 56421
41.86 56430
41.87 56443
41.88 56449
41.89 56458
41.90 56468
41.91 56486
41.92 56507
41.93 56522
41.94 56536
41.95 56546
41.96 56559
41.97 56573
41.98 56590
41.99 56607
42.00 56625
42.01 56638
42.02 56653
42.03 56663
42.04 56681
42.05 56697
42.06 56704
42.07 56723
42.08 56739
42.09 56755
42.10 56779
42.11 56795
42.12 56810
42.13 56820
42.14 56833
42.15 56842
42.16 56860
42.17 56876
42.18 56897
42.19 56911
42.20 56932
42.21 56953
42.22 56969
42.23 56980
42.24 56989
42.25 57008
42.26 57030
42.27 57057
42.28 57080
42.29 57096
42.30 57113
42.31 57135
42.32 57150
42.33 57172
42.34 57189
42.35 57205
42.36 57227
42.37 57248
42.38 57260
42.39 57278
42.40 57295
42.41 57320
42.42 57339
42.43 57354
42.44 57370
42.45 57391
42.46 57413
42.47 57440
42.48 57464
42.49 57484
42.50 57497
42.51 57513
42.52 57536
42.53 57557
42.54 57576
42.55 57593
42.56 57612
42.57 57628
42.58 57647
42.59 57664
42.60 57689
42.61 57711
42.62 57732
42.63 57748
42.64 57761
42.65 57781
42.66 57788
42.67 57803
42.68 57823
42.69 57842
42.70 57860
42.71 57874
42.72 57895
42.73 57910
42.74 57928
42.75 57945
42.76 57960
42.77 57978
42.78 57995
42.79 58009
42.80 58024
42.81 58043
42.82 58057
42.84 58076
42.85 58089
42.86 58108
42.87 58139
42.88 58154
42.89 58173
42.90 58190
42.91 58211
42.92 58229
42.93 58241
42.94 58256
42.95 58270
42.96 58291
42.97 58307
42.98 58329
42.99 58347
43.00 58365
43.01 58403
43.02 58413
43.03 58442
43.04 58466
43.05 58489
43.06 58510
43.07 58517
43.08 58530
43.09 58540
43.10 58550
43.11 58559
43.12 58572
43.13 58593
43.14 58604
43.15 58608
43.16 58615
43.17 58617
43.18 58625
43.19 58633
43.20 58634
43.21 58639
43.22 58643
43.23 58650
43.24 58654
43.25 58659
43.26 58662
43.27 58666
43.28 58668
43.29 58670
43.30 58677
43.31 58681
43.32 58689
43.33 58694
43.34 58699
43.35 58704
43.36 58714
43.37 58725
43.38 58733
43.39 58738
43.40 58746
43.41 58757
43.42 58771
43.43 58781
43.44 58793
43.45 58813
43.46 58834
43.47 58849
43.48 58861
43.49 58873
43.50 58887
43.51 58892
43.52 58908
43.53 58925
43.54 58937
43.55 58951
43.56 58955
43.57 58957
43.58 58972
43.59 58983
43.60 59002
43.61 59009
43.62 59012
43.63 59019
43.64 59025
43.65 59033
43.66 59050
43.67 59071
43.68 59087
43.69 59104
43.70 59124
43.71 59139
43.72 59159
43.73 59179
43.74 59196
43.75 59207
43.76 59221
43.77 59233
43.78 59239
43.79 59243
43.80 59244
43.82 59252
43.83 59253
43.84 59258
43.85 59259
43.86 59260
43.87 59265
43.88 59269
43.89 59275
43.90 59281
43.91 59291
43.92 59298
43.93 59316
43.94 59330
43.95 59345
43.96 59364
43.97 59380
43.98 59400
43.99 59419
44.00 59437
44.01 59457
44.02 59470
44.03 59490
44.04 59510
44.05 59528
44.06 59547
44.07 59565
44.08 59591
44.09 59613
44.10 59632
44.11 59650
44.12 59670
44.13 59690
44.14 59710
44.15 59731
44.16 59751
44.17 59773
44.18 59791
44.19 59804
44.20 59818
44.21 59837
44.22 59843
44.23 59859
44.24 59871
44.25 59886
44.26 59894
44.27 59899
44.28 59901
44.29 59905
44.30 59905
44.31 59910
44.32 59913
44.33 59913
44.34 59915
44.35 59918
44.36 59925
44.37 59934
44.38 59938
44.39 59952
44.40 59964
44.41 59977
44.42 59993
44.43 60016
44.44 60040
44.45 60063
44.46 60087
44.47 60105
44.48 60121
44.49 60139
44.50 60155
44.51 60174
44.52 60190
44.53 60206
44.54 60219
44.55 60239
44.56 60248
44.57 60264
44.58 60287
44.59 60313
44.60 60333
44.61 60355
44.62 60373
44.63 60388
44.64 60406
44.65 60427
44.66 60446
44.67 60465
44.68 60483
44.69 60499
44.70 60518
44.71 60536
44.72 60552
44.73 60568
44.74 60582
44.75 60604
44.76 60624
44.77 60638
44.78 60657
44.80 60670
44.81 60687
44.82 60707
44.83 60729
44.84 60746
44.85 60764
44.86 60776
44.87 60787
44.88 60807
44.89 60826
44.90 60842
44.91 60862
44.92 60883
44.93 60900
44.94 60925
44.95 60947
44.96 60963
44.97 60980
44.98 60992
44.99 61003
45.00 61021
45.01 61042
45.02 61059
45.03 61080
45.04 61095
45.05 61116
45.06 61135
45.07 61154
45.08 61173
45.09 61194
45.10 61208
45.11 61226
45.12 61240
45.13 61259
45.14 61273
45.15 61287
45.16 61307
45.17 61324
45.18 61342
45.19 61355
45.20 61372
45.21 61390
45.22 61409
45.23 61426
45.24 61444
45.25 61462
45.26 61480
45.27 61496
45.28 61514
45.29 61528
45.30 61543
45.31 61560
45.32 61576
45.33 61592
45.34 61613
45.35 61637
45.36 61653
45.37 61670
45.38 61688
45.39 61703
45.40 61722
45.41 61740
45.42 61757
45.43 61775
45.44 61792
45.45 61801
45.46 61813
45.47 61824
45.48 61845
45.49 61858
45.50 61870
45.51 61885
45.52 61901
45.53 61917
45.54 61932
45.55 61951
45.56 61970
45.57 61982
45.58 62001
45.59 62013
45.60 62028
45.61 62052
45.62 62067
45.63 62077
45.64 62094
45.65 62105
45.66 62119
45.67 62132
45.68 62150
45.69 62168
45.70 62184
45.71 62198
45.72 62211
45.73 62229
45.74 62241
45.75 62260
45.76 62274
45.77 62286
45.79 62294
45.80 62305
45.81 62317
45.82 62334
45.83 62354
45.84 62368
45.85 62386
45.86 62397
45.87 62412
45.88 62429
45.89 62440
45.90 62455
45.91 62473
45.92 62490
45.93 62510
45.94 62538
45.95 62553
45.96 62568
45.97 62586
45.98 62597
45.99 62619
46.00 62637
46.01 62656
46.02 62673
46.03 62688
46.04 62704
46.05 62723
46.06 62742
46.07 62754
46.08 62771
46.09 62785
46.10 62796
46.11 62816
46.12 62837
46.13 62852
46.14 62870
46.15 62893
46.16 62910
46.17 62927
46.18 62947
46.19 62967
46.20 62985
46.21 62999
46.22 63007
46.23 63013
46.24 63032
46.25 63052
46.26 63069
46.27 63084
46.28 63098
46.29 63118
46.30 63131
46.31 63153
46.32 63170
46.33 63192
46.34 63210
46.35 63226
46.36 63244
46.37 63264
46.38 63276
46.39 63292
46.40 63315
46.41 63332
46.42 63350
46.43 63367
46.44 63383
46.45 63391
46.46 63414
46.47 63427
46.48 63430
46.49 63439
46.50 63442
46.51 63449
46.52 63464
46.53 63478
46.54 63492
46.55 63505
46.56 63513
46.57 63524
46.58 63539
46.59 63557
46.60 63574
46.61 63597
46.62 63614
46.63 63632
46.64 63650
46.65 63667
46.66 63686
46.67 63710
46.68 63725
46.69 63738
46.70 63755
46.71 63767
46.72 63784
46.73 63798
46.74 63818
46.75 63839
46.77 63857
46.78 63870
46.79 63886
46.80 63897
46.81 63916
46.82 63929
46.83 63944
46.84 63962
46.85 63980
46.86 63992
46.87 64008
46.88 64023
46.89 64037
46.90 64055
46.91 64061
46.92 64069
46.93 64082
46.94 64093
46.95 64101
46.96 64109
46.97 64124
46.98 64143
46.99 64160
47.00 64184
47.01 64204
47.02 64224
47.03 64238
47.04 64251
47.05 64267
47.06 64281
47.07 64295
47.08 64307
47.09 64326
47.10 64336
47.11 64358
47.12 64378
47.13 64389
47.14 64402
47.15 64416
47.16 64427
47.17 64434
47.18 64443
47.19 64450
47.20 64461
47.21 64466
47.22 64470
47.23 64472
47.24 64475
47.25 64480
47.26 64485
47.27 64493
47.28 64497
47.29 64499
47.30 64503
47.31 64509
47.32 64515
47.33 64518
47.34 64520
47.35 64525
47.36 64528
47.37 64534
47.38 64539
47.39 64544
47.40 64559
47.41 64568
47.42 64575
47.43 64582
47.44 64592
47.45 64600
47.46 64618
47.47 64635
47.48 64644
47.49 64647
47.50 64651
47.51 64654
47.52 64665
47.53 64669
47.54 64675
47.55 64679
47.56 64686
47.57 64693
47.58 64699
47.59 64712
47.60 64729
47.61 64750
47.62 64761
47.63 64785
47.64 64808
47.65 64827
47.66 64839
47.67 64859
47.68 64879
47.69 64896
47.70 64918
47.71 64938
47.72 64957
47.73 64985
47.74 65009
47.76 65027
47.77 65056
47.78 65073
47.79 65093
47.80 65113
47.81 65138
47.82 65156
47.83 65182
47.84 65200
47.85 65215
47.86 65234
47.87 65249
47.88 65267
47.89 65283
47.90 65306
47.91 65319
47.92 65329
47.93 65350
47.94 65371
47.95 65387
47.96 65406
47.97 65422
47.98 65442
47.99 65458
48.00 65472
48.01 65492
48.02 65516
48.03 65542
48.04 65566
48.05 65588
48.06 65606
48.07 65623
48.08 65643
48.09 65665
48.10 65681
48.11 65700
48.12 65717
48.13 65733
48.14 65743
48.15 65759
48.16 65775
48.17 65786
48.18 65805
48.19 65818
48.20 65835
48.21 65851
48.22 65872
48.23 65894
48.24 65917
48.25 65933
48.26 65949
48.27 65969
48.28 65985
48.29 66000
48.30 66022
48.31 66047
48.32 66063
48.33 66081
48.34 66100
48.35 66115
48.36 66127
48.37 66147
48.38 66168
48.39 66188
48.40 66208
48.41 66223
48.42 66237
48.43 66255
48.44 66271
48.45 66280
48.46 66301
48.47 66318
48.48 66338
48.49 66361
48.50 66377
48.51 66395
48.52 66419
48.53 66439
48.54 66462
48.55 66476
48.56 66490
48.57 66509
48.58 66525
48.59 66540
48.60 66557
48.61 66571
48.62 66589
48.63 66611
48.64 66628
48.65 66639
48.66 66651
48.67 66671
48.68 66688
48.69 66704
48.70 66728
48.71 66751
48.72 66764
48.74 66779
48.75 66794
48.76 66816
48.77 66835
48.78 66849
48.79 66866
48.80 66886
48.81 66902
48.82 66915
48.83 66928
48.84 66947
48.85 66967
48.86 66987
48.87 66995
48.88 67009
48.89 67028
48.90 67044
48.91 67063
48.92 67077
48.93 67104
48.94 67122
48.95 67141
48.96 67154
48.97 67172
48.98 67184
48.99 67203
49.00 67222
49.01 67243
49.02 67264
49.03 67282
49.04 67300
49.05 67322
49.06 67343
49.07 67368
49.08 67382
49.09 67398
49.10 67412
49.11 67428
49.12 67453
49.13 67472
49.14 67485
49.15 67495
49.16 67511
49.17 67526
49.18 67534
49.19 67553
49.20 67571
49.21 67581
49.22 67601
49.23 67611
49.24 67630
49.25 67634
49.26 67640
49.27 67647
49.28 67650
49.29 67661
49.30 67681
49.31 67695
49.32 67715
49.33 67731
49.34 67745
49.35 67757
49.36 67777
49.37 67795
49.38 67808
49.39 67820
49.40 67831
49.41 67844
49.42 67860
49.43 67873
49.44 67882
49.45 67896
49.46 67914
49.47 67935
49.48 67948
49.49 67955
49.50 67966
49.51 67973
49.52 67976
49.53 67983
49.54 67988
49.55 68005
49.56 68023
49.57 68044
49.58 68055
49.59 68065
49.60 68077
49.61 68094
49.62 68108
49.63 68119
49.64 68137
49.65 68151
49.66 68163
49.67 68180
49.68 68192
49.69 68211
49.70 68228
49.71 68239
49.73 68248
49.74 68256
49.75 68266
49.76 68270
49.77 68279
49.78 68287
49.79 68297
49.80 68306
49.81 68318
49.82 68329
49.83 68342
49.84 68346
49.85 68360
49.86 68374
49.87 68380
49.88 68391
49.89 68399
49.90 68408
49.91 68418
49.92 68426
49.93 68433
49.94 68441
49.95 68450
49.96 68462
49.97 68477
49.98 68485
49.99 68494
50.00 68496
50.01 68501
50.02 68511
50.03 68514
50.04 68517
50.05 68524
50.06 68534
50.07 68542
50.08 68552
50.09 68562
50.10 68572
50.11 68582
50.12 68594
50.13 68603
50.14 68614
50.15 68634
50.16 68642
50.17 68649
50.18 68652
50.19 68656
50.20 68663
50.21 68673
50.22 68677
50.23 68683
50.24 68689
50.25 68711
50.26 68727
50.27 68748
50.28 68770
50.29 68791
50.30 68811
50.31 68826
50.32 68832
50.33 68838
50.34 68847
50.35 68855
50.36 68858
50.37 68864
50.38 68870
50.39 68877
50.40 68880
50.41 68887
50.42 68900
50.43 68919
50.44 68932
50.45 68947
50.46 68965
50.47 68978
50.48 68986
50.49 69005
50.50 69023
50.51 69034
50.52 69047
50.53 69067
50.54 69087
50.55 69106
50.56 69128
50.57 69141
50.58 69157
50.59 69183
50.60 69194
50.61 69206
50.62 69228
50.63 69242
50.64 69258
50.65 69267
50.66 69283
50.67 69305
50.68 69319
50.69 69340
50.71 69351
50.72 69365
50.73 69384
50.74 69400
50.75 69417
50.76 69432
50.77 69454
50.78 69469
50.79 69479
50.80 69497
50.81 69505
50.82 69517
50.83 69532
50.84 69542
50.85 69550
50.86 69570
50.87 69583
50.88 69588
50.89 69595
50.90 69611
50.91 69628
50.92 69647
50.93 69669
50.94 69683
50.95 69708
50.96 69720
50.97 69736
50.98 69743
50.99 69747
51.00 69752
51.01 69753
51.02 69762
51.03 69766
51.04 69774
51.05 69787
51.06 69805
51.07 69822
51.08 69842
51.09 69860
51.10 69882
51.11 69904
51.12 69926
51.13 69942
51.14 69955
51.15 69980
51.16 70006
51.17 70023
51.18 70043
51.19 70067
51.20 70090
51.21 70110
51.22 70130
51.23 70151
51.24 70166
51.25 70185
51.26 70196
51.27 70213
51.28 70230
51.29 70249
51.30 70269
51.31 70293
51.32 70317
51.33 70332
51.34 70347
51.35 70369
51.36 70382
51.37 70401
51.38 70407
51.39 70409
51.40 70413
51.41 70418
51.42 70418
51.43 70423
51.44 70425
51.45 70427
51.46 70433
51.47 70438
51.48 70442
51.49 70448
51.50 70453
51.51 70459
51.52 70465
51.53 70472
51.54 70484
51.55 70515
51.56 70535
51.57 70563
51.58 70579
51.59 70584
51.60 70591
51.61 70614
51.62 70638
51.63 70662
51.64 70674
51.65 70687
51.66 70699
51.67 70709
51.68 70719
51.70 70740
51.71 70760
51.72 70776
51.73 70791
51.74 70809
51.75 70826
51.76 70830
51.77 70831
51.78 70831
51.79 70841
51.80 70861
51.81 70879
51.82 70897
51.83 70919
51.84 70934
51.85 70959
51.86 70982
51.87 70996
51.88 71013
51.89 71027
51.90 71042
51.91 71062
51.92 71075
51.93 71093
51.94 71112
51.95 71133
51.96 71149
51.97 71170
51.98 71191
51.99 71210
52.00 71224
52.01 71237
52.02 71253
52.03 71269
52.04 71289
52.05 71307
52.06 71317
52.07 71339
52.08 71361
52.09 71384
52.10 71404
52.11 71424
52.12 71443
52.13 71461
52.14 71481
52.15 71501
52.16 71521
52.17 71537
52.18 71556
52.19 71573
52.20 71590
52.21 71607
52.22 71623
52.23 71640
52.24 71655
52.25 71678
52.26 71692
52.27 71718
52.28 71740
52.29 71763
52.30 71782
52.31 71803
52.32 71824
52.33 71842
52.34 71858
52.35 71880
52.36 71897
52.37 71920
52.38 71942
52.39 71959
52.40 71980
52.41 72000
52.42 72016
52.43 72033
52.44 72054
52.45 72071
52.46 72086
52.47 72104
52.48 72114
52.49 72139
52.50 72158
52.51 72179
52.52 72197
52.53 72214
52.54 72233
52.55 72253
52.56 72271
52.57 72290
52.58 72310
52.59 72329
52.60 72350
52.61 72368
52.62 72389
52.63 72407
52.64 72425
52.65 72446
52.66 72461
52.68 72484
52.69 72502
52.70 72517
52.71 72545
52.72 72566
52.73 72587
52.74 72601
52.75 72619
52.76 72636
52.77 72656
52.78 72671
52.79 72691
52.80 72709
52.81 72720
52.82 72732
52.83 72745
52.84 72761
52.85 72776
52.86 72795
52.87 72816
52.88 72837
52.89 72853
52.90 72872
52.91 72898
52.92 72911
52.93 72934
52.94 72952
52.95 72971
52.96 72989
52.97 73013
52.98 73031
52.99 73052
53.00 73073
53.01 73099
53.02 73114
53.03 73134
53.04 73149
53.05 73164
53.06 73189
53.07 73206
53.08 73230
53.09 73251
53.10 73272
53.11 73292
53.12 73314
53.13 73337
53.14 73357
53.15 73381
53.16 73400
53.17 73415
53.18 73429
53.19 73444
53.20 73461
53.21 73478
53.22 73490
53.23 73513
53.24 73533
53.25 73548
53.26 73566
53.27 73585
53.28 73604
53.29 73622
53.30 73642
53.31 73661
53.32 73685
53.33 73702
53.34 73728
53.35 73752
53.36 73762
53.37 73765
53.38 73767
53.39 73776
53.40 73781
53.41 73788
53.42 73792
53.43 73798
53.44 73810
53.45 73822
53.46 73836
53.47 73846
53.48 73853
53.49 73863
53.50 73871
53.51 73880
53.52 73886
53.53 73896
53.54 73907
53.55 73911
53.56 73922
53.57 73933
53.58 73949
53.59 73962
53.60 73987
53.61 74005
53.62 74017
53.63 74034
53.64 74055
53.66 74073
53.67 74091
53.68 74111
53.69 74135
53.70 74152
53.71 74170
53.72 74190
53.73 74207
53.74 74221
53.75 74237
53.76 74254
53.77 74270
53.78 74289
53.79 74303
53.80 74314
53.81 74328
53.82 74347
53.83 74361
53.84 74379
53.85 74397
53.86 74417
53.87 74436
53.88 74457
53.89 74473
53.90 74485
53.91 74501
53.92 74523
53.93 74538
53.94 74560
53.95 74570
53.96 74586
53.97 74602
53.98 74623
53.99 74638
54.00 74651
54.01 74672
54.02 74689
54.03 74710
54.04 74730
54.05 74750
54.06 74768
54.07 74778
54.08 74792
54.09 74814
54.10 74831
54.11 74849
54.12 74868
54.13 74885
54.14 74904
54.15 74915
54.16 74932
54.17 74951
54.18 74965
54.19 74986
54.20 75004
54.21 75025
54.22 75042
54.23 75051
54.24 75072
54.25 75089
54.26 75109
54.27 75127
54.28 75140
54.29 75157
54.30 75178
54.31 75199
54.32 75217
54.33 75234
54.34 75254
54.35 75274
54.36 75295
54.37 75313
54.38 75329
54.39 75344
54.40 75363
54.41 75378
54.42 75402
54.43 75416
54.44 75436
54.45 75459
54.46 75475
54.47 75483
54.48 75502
54.49 75522
54.50 75545
54.51 75562
54.52 75579
54.53 75598
54.54 75614
54.55 75629
54.56 75646
54.57 75660
54.58 75674
54.59 75693
54.60 75713
54.61 75731
54.62 75747
54.63 75758
54.65 75766
54.66 75783
54.67 75804
54.68 75821
54.69 75839
54.70 75855
54.71 75875
54.72 75893
54.73 75908
54.74 75922
54.75 75940
54.76 75958
54.77 75976
54.78 75981
54.79 76005
54.80 76021
54.81 76041
54.82 76054
54.83 76071
54.84 76086
54.85 76106
54.86 76122
54.87 76140
54.88 76158
54.89 76174
54.90 76192
54.91 76211
54.92 76226
54.93 76242
54.94 76257
54.95 76275
54.96 76291
54.97 76302
54.98 76321
54.99 76342
55.00 76362
55.01 76374
55.02 76388
55.03 76403
55.04 76420
55.05 76437
55.06 76448
55.07 76468
55.08 76486
55.09 76506
55.10 76525
55.11 76541
55.12 76560
55.13 76566
55.14 76579
55.15 76599
55.16 76618
55.17 76632
55.18 76645
55.19 76668
55.20 76687
55.21 76705
55.22 76726
55.23 76748
55.24 76765
55.25 76778
55.26 76792
55.27 76814
55.28 76828
55.29 76847
55.30 76859
55.31 76878
55.32 76896
55.33 76912
55.34 76928
55.35 76953
55.36 76968
55.37 76987
55.38 77004
55.39 77025
55.40 77037
55.41 77055
55.42 77073
55.43 77089
55.44 77107
55.45 77125
55.46 77142
55.47 77156
55.48 77170
55.49 77186
55.50 77207
55.51 77221
55.52 77238
55.53 77256
55.54 77269
55.55 77282
55.56 77299
55.57 77317
55.58 77335
55.59 77348
55.60 77359
55.61 77376
55.63 77395
55.64 77407
55.65 77430
55.66 77447
55.67 77467
55.68 77487
55.69 77508
55.70 77528
55.71 77549
55.72 77568
55.73 77586
55.74 77604
55.75 77620
55.76 77634
55.77 77653
55.78 77675
55.79 77697
55.80 77718
55.81 77741
55.82 77762
55.83 77781
55.84 77798
55.85 77817
55.86 77839
55.87 77857
55.88 77869
55.89 77886
55.90 77901
55.91 77921
55.92 77943
55.93 77961
55.94 77979
55.95 77994
55.96 78008
55.97 78023
55.98 78041
55.99 78060
56.00 78077
56.01 78085
56.02 78101
56.03 78120
56.04 78137
56.05 78158
56.06 78178
56.07 78192
56.08 78215
56.09 78232
56.10 78249
56.11 78269
56.12 78281
56.13 78303
56.14 78316
56.15 78329
56.16 78346
56.17 78362
56.18 78380
56.19 78393
56.20 78410
56.21 78422
56.22 78438
56.23 78457
56.24 78473
56.25 78483
56.26 78499
56.27 78513
56.28 78530
56.29 78552
56.30 78572
56.31 78587
56.32 78603
56.33 78611
56.34 78626
56.35 78638
56.36 78653
56.37 78674
56.38 78686
56.39 78702
56.40 78715
56.41 78730
56.42 78747
56.43 78750
56.44 78774
56.45 78792
56.46 78805
56.47 78821
56.48 78841
56.49 78859
56.50 78876
56.51 78891
56.52 78905
56.53 78922
56.54 78935
56.55 78950
56.56 78971
56.57 78991
56.58 79007
56.59 79023
56.60 79041
56.62 79065
56.63 79081
56.64 79097
56.65 79114
56.66 79128
56.67 79147
56.68 79167
56.69 79184
56.70 79201
56.71 79216
56.72 79233
56.73 79256
56.74 79278
56.75 79295
56.76 79311
56.77 79323
56.78 79341
56.79 79356
56.80 79370
56.81 79390
56.82 79411
56.83 79429
56.84 79449
56.85 79471
56.86 79485
56.87 79504
56.88 79519
56.89 79540
56.90 79552
56.91 79573
56.92 79592
56.93 79604
56.94 79617
56.95 79630
56.96 79641
56.97 79660
56.98 79675
56.99 79692
57.00 79704
57.01 79719
57.02 79728
57.03 79737
57.04 79749
57.05 79763
57.06 79782
57.07 79797
57.08 79812
57.09 79830
57.10 79845
57.11 79862
57.12 79884
57.13 79903
57.14 79917
57.15 79931
57.16 79950
57.17 79969
57.18 79989
57.19 80011
57.20 80032
57.21 80050
57.22 80072
57.23 80092
57.24 80108
57.25 80124
57.26 80142
57.27 80163
57.28 80178
57.29 80199
57.30 80215
57.31 80240
57.32 80256
57.33 80276
57.34 80296
57.35 80308
57.36 80326
57.37 80343
57.38 80356
57.39 80372
57.40 80393
57.41 80409
57.42 80428
57.43 80448
57.44 80469
57.45 80486
57.46 80499
57.47 80512
57.48 80523
57.49 80538
57.50 80554
57.51 80571
57.52 80589
57.53 80602
57.54 80612
57.55 80628
57.56 80643
57.57 80659
57.58 80677
57.60 80693
57.61 80710
57.62 80726
57.63 80746
57.64 80758
57.65 80777
57.66 80798
57.67 80813
57.68 80820
57.69 80826
57.70 80837
57.71 80849
57.72 80859
57.73 80874
57.74 80890
57.75 80905
57.76 80921
57.77 80936
57.78 80956
57.79 80972
57.80 80989
57.81 81010
57.82 81032
57.83 81048
57.84 81065
57.85 81077
57.86 81091
57.87 81107
57.88 81123
57.89 81141
57.90 81157
57.91 81170
57.92 81184
57.93 81205
57.94 81218
57.95 81227
57.96 81240
57.97 81256
57.98 81272
57.99 81287
58.00 81304
58.01 81322
58.02 81339
58.03 81349
58.04 81367
58.05 81380
58.06 81386
58.07 81400
58.08 81420
58.09 81439
58.10 81456
58.11 81467
58.12 81487
58.13 81506
58.14 81532
58.15 81548
58.16 81561
58.17 81582
58.18 81591
58.19 81603
58.20 81620
58.21 81634
58.22 81653
58.23 81669
58.24 81681
58.25 81690
58.26 81706
58.27 81722
58.28 81741
58.29 81750
58.30 81767
58.31 81781
58.32 81797
58.33 81810
58.34 81823
58.35 81844
58.36 81861
58.37 81874
58.38 81889
58.39 81900
58.40 81913
58.41 81925
58.42 81936
58.43 81948
58.44 81960
58.45 81975
58.46 81989
58.47 82003
58.48 82008
58.49 82020
58.50 82035
58.51 82047
58.52 82063
58.53 82075
58.54 82092
58.55 82109
58.56 82127
58.57 82139
58.59 82152
58.60 82160
58.61 82178
58.62 82193
58.63 82217
58.64 82231
58.65 82241
58.66 82252
58.67 82265
58.68 82286
58.69 82302
58.70 82323
58.71 82334
58.72 82348
58.73 82355
58.74 82360
58.75 82364
58.76 82381
58.77 82393
58.78 82396
58.79 82407
58.80 82415
58.81 82426
58.82 82439
58.83 82453
58.84 82475
58.85 82492
58.86 82512
58.87 82537
58.88 82558
58.89 82578
58.90 82598
58.91 82613
58.92 82629
58.93 82647
58.94 82660
58.95 82674
58.96 82689
58.97 82699
58.98 82717
58.99 82727
59.00 82743
59.01 82763
59.02 82776
59.03 82798
59.04 82818
59.05 82840
59.06 82861
59.07 82877
59.08 82894
59.09 82914
59.10 82928
59.11 82948
59.12 82965
59.13 82981
59.14 83000
59.15 83015
59.16 83031
59.17 83043
59.18 83059
59.19 83081
59.20 83100
59.21 83121
59.22 83142
59.23 83157
59.24 83171
59.25 83188
59.26 83211
59.27 83228
59.28 83252
59.29 83270
59.30 83284
59.31 83296
59.32 83316
59.33 83332
59.34 83351
59.35 83372
59.36 83396
59.37 83410
59.38 83424
59.39 83433
59.40 83449
59.41 83464
59.42 83475
59.43 83488
59.44 83506
59.45 83520
59.46 83535
59.47 83552
59.48 83556
59.49 83570
59.50 83583
59.51 83603
59.52 83627
59.53 83643
59.54 83660
59.55 83676
59.57 83690
59.58 83705
59.59 83722
59.60 83736
59.61 83752
59.62 83773
59.63 83790
59.64 83815
59.65 83835
59.66 83846
59.67 83860
59.68 83876
59.69 83894
59.70 83918
59.71 83939
59.72 83957
59.73 83972
59.74 83988
59.75 84008
59.76 84023
59.77 84033
59.78 84054
59.79 84069
59.80 84088
59.81 84099
59.82 84117
59.83 84135
59.84 84145
59.85 84151
59.86 84167
59.87 84177
59.88 84191
59.89 84214
59.90 84230
59.91 84245
59.92 84261
59.93 84273
59.94 84294
59.95 84316
59.96 84337
59.97 84351
59.98 84369
59.99 84380
60.00 84400
60.01 84414
60.02 84434
60.03 84451
60.04 84460
60.05 84471
60.06 84488
60.07 84504
60.08 84523
60.09 84531
60.10 84539
60.11 84544
60.12 84556
60.13 84567
60.14 84580
60.15 84597
60.16 84615
60.17 84635
60.18 84649
60.19 84665
60.20 84678
60.21 84699
60.22 84711
60.23 84736
60.24 84748
60.25 84758
60.26 84784
60.27 84805
60.28 84822
60.29 84843
60.30 84860
60.31 84872
60.32 84890
60.33 84896
60.34 84901
60.35 84906
60.36 84911
60.37 84918
60.38 84924
60.39 84938
60.40 84939
60.41 84941
60.42 84948
60.43 84955
60.44 84969
60.45 84976
60.46 84990
60.47 84996
60.48 85011
60.49 85020
60.50 85036
60.51 85051
60.52 85066
60.53 85078
60.54 85084
60.56 85091
60.57 85097
60.58 85104
60.59 85111
60.60 85116
60.61 85129
60.62 85136
60.63 85152
60.64 85162
60.65 85170
60.66 85189
60.67 85205
60.68 85223
60.69 85239
60.70 85252
60.71 85267
60.72 85276
60.73 85287
60.74 85291
60.75 85297
60.76 85307
60.77 85312
60.78 85323
60.79 85343
60.80 85356
60.81 85373
60.82 85388
60.83 85400
60.84 85416
60.85 85433
60.86 85448
60.87 85463
60.88 85481
60.89 85504
60.90 85522
60.91 85534
60.92 85544
60.93 85548
60.94 85550
60.95 85557
60.96 85566
60.97 85571
60.98 85583
60.99 85596
61.00 85611
61.01 85623
61.02 85632
61.03 85646
61.04 85662
61.05 85677
61.06 85687
61.07 85695
61.08 85712
61.09 85727
61.10 85751
61.11 85769
61.12 85786
61.13 85800
61.14 85812
61.15 85828
61.16 85844
61.17 85853
61.18 85870
61.19 85890
61.20 85907
61.21 85931
61.22 85953
61.23 85977
61.24 85989
61.25 86006
61.26 86021
61.27 86038
61.28 86053
61.29 86071
61.30 86089
61.31 86107
61.32 86121
61.33 86127
61.34 86135
61.35 86146
61.36 86158
61.37 86166
61.38 86172
61.39 86180
61.40 86186
61.41 86197
61.42 86218
61.43 86223
61.44 86236
61.45 86252
61.46 86267
61.47 86287
61.48 86307
61.49 86326
61.50 86341
61.51 86357
61.52 86371
61.54 86380
61.55 86386
61.56 86391
61.57 86408
61.58 86416
61.59 86421
61.60 86421
61.61 86424
61.62 86424
61.63 86433
61.64 86435
61.65 86438
61.66 86439
61.67 86449
61.68 86467
61.69 86480
61.70 86489
61.71 86502
61.72 86524
61.73 86535
61.74 86553
61.75 86572
61.76 86585
61.77 86594
61.78 86598
61.79 86603
61.80 86610
61.81 86621
61.82 86634
61.83 86652
61.84 86668
61.85 86679
61.86 86693
61.87 86713
61.88 86725
61.89 86745
61.90 86757
61.91 86772
61.92 86791
61.93 86807
61.94 86823
61.95 86841
61.96 86860
61.97 86878
61.98 86899
61.99 86918
62.00 86940
62.01 86954
62.02 86965
62.03 86983
62.04 87000
62.05 87024
62.06 87040
62.07 87053
62.08 87069
62.09 87084
62.10 87103
62.11 87119
62.12 87133
62.13 87149
62.14 87164
62.15 87177
62.16 87188
62.17 87199
62.18 87199
62.19 87206
62.20 87207
62.21 87214
62.22 87233
62.23 87247
62.24 87260
62.25 87279
62.26 87296
62.27 87307
62.28 87325
62.29 87340
62.30 87363
62.31 87377
62.32 87396
62.33 87408
62.34 87422
62.35 87433
62.36 87442
62.37 87458
62.38 87461
62.39 87466
62.40 87470
62.41 87472
62.42 87480
62.43 87486
62.44 87494
62.45 87505
62.46 87514
62.47 87522
62.48 87536
62.49 87559
62.50 87584
62.52 87597
62.53 87601
62.54 87605
62.55 87609
62.56 87612
62.57 87613
62.58 87619
62.59 87628
62.60 87633
62.61 87634
62.62 87634
62.63 87634
62.64 87634
62.65 87634
62.66 87634
62.67 87638
62.68 87648
62.69 87650
62.70 87652
62.71 87662
62.72 87663
62.73 87664
62.74 87676
62.75 87678
62.76 87678
62.77 87692
62.78 87699
62.79 87701
62.80 87707
62.81 87714
62.82 87715
62.83 87719
62.84 87738
62.85 87739
62.86 87740
62.87 87751
62.88 87757
62.89 87759
62.90 87762
62.91 87766
62.92 87767
62.93 87774
62.94 87784
62.95 87785
62.96 87788
62.97 87790
62.98 87793
62.99 87797
63.00 87812
63.01 87817
63.02 87817
63.03 87826
63.04 87833
63.05 87834
63.06 87839
63.07 87843
63.08 87844
63.09 87848
63.10 87856
63.11 87856
63.12 87864
63.13 87868
63.14 87870
63.15 87874
63.16 87884
63.17 87886
63.18 87891
63.19 87899
63.20 87901
63.21 87905
63.22 87912
63.23 87913
63.24 87918
63.25 87923
63.26 87924
63.27 87929
63.28 87943
63.29 87948
63.30 87949
63.31 87956
63.32 87961
63.33 87962
63.34 87969
63.35 87977
63.36 87979
63.37 87981
63.38 87990
63.39 87990
63.40 87991
63.41 87991
63.42 87991
63.43 87992
63.44 87992
63.45 87993
63.46 87993
63.47 87994
63.48 87998
63.49 88002
63.51 88002
63.52 88003
63.53 88011
63.54 88026
63.55 88046
63.56 88063
63.57 88079
63.58 88093
63.59 88093
63.60 88094
63.61 88094
63.62 88094
63.63 88094
63.64 88094
63.65 88094
63.66 88105
63.67 88111
63.68 88112
63.69 88114
63.70 88117
63.71 88119
63.72 88122
63.73 88127
63.74 88127
63.75 88139
63.76 88150
63.77 88152
63.78 88158
63.79 88170
63.80 88171
63.81 88172
63.82 88182
63.83 88184
63.84 88184
63.85 88199
63.86 88202
63.87 88203
63.88 88213
63.89 88218
63.90 88219
63.91 88223
63.92 88231
63.93 88232
63.94 88246
63.95 88252
63.96 88253
63.97 88259
63.98 88267
63.99 88269
64.00 88270
64.01 88284
64.02 88286
64.03 88287
64.04 88291
64.05 88293
64.06 88293
64.07 88302
64.08 88310
64.09 88311
64.10 88316
64.11 88319
64.12 88320
64.13 88332
64.14 88350
64.15 88351
64.16 88352
64.17 88363
64.18 88364
64.19 88364
64.20 88377
64.21 88378
64.22 88379
64.23 88388
64.24 88390
64.25 88391
64.26 88399
64.27 88409
64.28 88411
64.29 88412
64.30 88421
64.31 88421
64.32 88421
64.33 88432
64.34 88432
64.35 88432
64.36 88433
64.37 88435
64.38 88439
64.39 88439
64.40 88441
64.41 88445
64.42 88451
64.43 88458
64.44 88468
64.45 88481
64.46 88495
64.47 88509
64.49 88526
64.50 88554
64.51 88572
64.52 88582
64.53 88594
64.54 88610
64.55 88628
64.56 88647
64.57 88660
64.58 88663
64.59 88665
64.60 88670
64.61 88680
64.62 88685
64.63 88685
64.64 88690
64.65 88704
64.66 88712
64.67 88712
64.68 88712
64.69 88712
64.70 88712
64.71 88712
64.72 88712
64.73 88714
64.74 88721
64.75 88722
64.76 88727
64.77 88736
64.78 88738
64.79 88740
64.80 88751
64.81 88752
64.82 88752
64.83 88770
64.84 88771
64.85 88771
64.86 88781
64.87 88787
64.88 88788
64.89 88791
64.90 88804
64.91 88805
64.92 88806
64.93 88811
64.94 88813
64.95 88819
64.96 88824
64.97 88825
64.98 88829
64.99 88838
65.00 88840
65.01 88844
65.02 88856
65.03 88857
65.04 88858
65.05 88873
65.06 88879
65.07 88880
65.08 88892
65.09 88905
65.10 88913
65.11 88915
65.12 88916
65.13 88920
65.14 88921
65.15 88926
65.16 88937
65.17 88938
65.18 88946
65.19 88953
65.20 88954
65.21 88961
65.22 88968
65.23 88969
65.24 88973
65.25 88985
65.26 88988
65.27 88988
65.28 88998
65.29 88999
65.30 89000
65.31 89008
65.32 89009
65.33 89011
65.34 89019
65.35 89019
65.36 89019
65.37 89019
65.38 89029
65.39 89050
65.40 89071
65.41 89091
65.42 89108
65.43 89123
65.44 89123
65.45 89124
65.46 89124
65.48 89126
65.49 89126
65.50 89128
65.51 89132
65.52 89139
65.53 89141
65.54 89144
65.55 89145
65.56 89147
65.57 89149
65.58 89150
65.59 89154
65.60 89157
65.61 89161
65.62 89165
65.63 89172
65.64 89176
65.65 89183
65.66 89186
65.67 89195
65.68 89198
65.69 89207
65.70 89212
65.71 89220
65.72 89238
65.73 89265
65.74 89289
65.75 89313
65.76 89329
65.77 89345
65.78 89367
65.79 89391
65.80 89393
65.81 89400
65.82 89405
65.83 89422
65.84 89433
65.85 89453
65.86 89468
65.87 89471
65.88 89476
65.89 89482
65.90 89488
65.91 89491
65.92 89497
65.93 89503
65.94 89508
65.95 89527
65.96 89540
65.97 89543
65.98 89551
65.99 89556
66.00 89559
66.01 89579
66.02 89599
66.03 89619
66.04 89623
66.05 89629
66.06 89636
66.07 89640
66.08 89652
66.09 89663
66.10 89673
66.11 89687
66.12 89705
66.13 89725
66.14 89742
66.15 89758
66.16 89779
66.17 89801
66.18 89817
66.19 89834
66.20 89851
66.21 89857
66.22 89862
66.23 89870
66.24 89877
66.25 89882
66.26 89891
66.27 89904
66.28 89924
66.29 89937
66.30 89957
66.31 89979
66.32 89998
66.33 90014
66.34 90034
66.35 90051
66.36 90066
66.37 90081
66.38 90097
66.39 90120
66.40 90141
66.41 90157
66.42 90174
66.43 90195
66.44 90211
66.46 90231
66.47 90257
66.48 90275
66.49 90294
66.50 90314
66.51 90333
66.52 90358
66.53 90379
66.54 90400
66.55 90422
66.56 90439
66.57 90464
66.58 90482
66.59 90494
66.60 90517
66.61 90537
66.62 90554
66.63 90576
66.64 90597
66.65 90613
66.66 90632
66.67 90648
66.68 90658
66.69 90677
66.70 90704
66.71 90722
66.72 90742
66.73 90753
66.74 90769
66.75 90791
66.76 90817
66.77 90837
66.78 90851
66.79 90872
66.80 90886
66.81 90899
66.82 90913
66.83 90925
66.84 90940
66.85 90953
66.86 90974
66.87 90987
66.88 90998
66.89 91012
66.90 91015
66.91 91028
66.92 91036
66.93 91041
66.94 91044
66.95 91052
66.96 91069
66.97 91088
66.98 91107
66.99 91128
67.00 91141
67.01 91156
67.02 91173
67.03 91194
67.04 91209
67.05 91234
67.06 91249
67.07 91264
67.08 91273
67.09 91285
67.10 91291
67.11 91295
67.12 91302
67.13 91305
67.14 91319
67.15 91344
67.16 91363
67.17 91369
67.18 91373
67.19 91381
67.20 91387
67.21 91400
67.22 91420
67.23 91439
67.24 91454
67.25 91467
67.26 91475
67.27 91477
67.28 91484
67.29 91489
67.30 91506
67.31 91512
67.32 91517
67.33 91524
67.34 91534
67.35 91539
67.36 91560
67.37 91585
67.38 91604
67.39 91623
67.40 91639
67.41 91655
67.42 91671
67.43 91690
67.45 91706
67.46 91724
67.47 91745
67.48 91761
67.49 91783
67.50 91800
67.51 91819
67.52 91836
67.53 91853
67.54 91866
67.55 91887
67.56 91904
67.57 91929
67.58 91949
67.59 91970
67.60 91987
67.61 92001
67.62 92016
67.63 92023
67.64 92034
67.65 92043
67.66 92050
67.67 92055
67.68 92066
67.69 92079
67.70 92092
67.71 92103
67.72 92117
67.73 92127
67.74 92143
67.75 92163
67.76 92181
67.77 92197
67.78 92210
67.79 92219
67.80 92222
67.81 92227
67.82 92239
67.83 92243
67.84 92249
67.85 92252
67.86 92257
67.87 92261
67.88 92265
67.89 92267
67.90 92273
67.91 92275
67.92 92278
67.93 92283
67.94 92292
67.95 92294
67.96 92298
67.97 92304
67.98 92314
67.99 92317
68.00 92325
68.01 92334
68.02 92347
68.03 92362
68.04 92374
68.05 92390
68.06 92404
68.07 92424
68.08 92440
68.09 92459
68.10 92477
68.11 92493
68.12 92508
68.13 92521
68.14 92533
68.15 92555
68.16 92575
68.17 92599
68.18 92620
68.19 92641
68.20 92657
68.21 92674
68.22 92695
68.23 92710
68.24 92728
68.25 92742
68.26 92760
68.27 92773
68.28 92785
68.29 92804
68.30 92821
68.31 92839
68.32 92855
68.33 92874
68.34 92894
68.35 92909
68.36 92929
68.37 92954
68.38 92978
68.39 93003
68.40 93020
68.41 93036
68.43 93059
68.44 93080
68.45 93097
68.46 93113
68.47 93130
68.48 93147
68.49 93166
68.50 93181
68.51 93199
68.52 93220
68.53 93241
68.54 93256
68.55 93267
68.56 93283
68.57 93290
68.58 93307
68.59 93323
68.60 93327
68.61 93333
68.62 93339
68.63 93341
68.64 93361
68.65 93378
68.66 93396
68.67 93418
68.68 93439
68.69 93455
68.70 93476
68.71 93494
68.72 93513
68.73 93530
68.74 93553
68.75 93570
68.76 93590
68.77 93608
68.78 93627
68.79 93640
68.80 93659
68.81 93678
68.82 93700
68.83 93717
68.84 93737
68.85 93757
68.86 93772
68.87 93794
68.88 93812
68.89 93833
68.90 93850
68.91 93869
68.92 93887
68.93 93907
68.94 93925
68.95 93945
68.96 93965
68.97 93988
68.98 94010
68.99 94028
69.00 94043
69.01 94060
69.02 94081
69.03 94099
69.04 94119
69.05 94133
69.06 94157
69.07 94176
69.08 94190
69.09 94207
69.10 94230
69.11 94251
69.12 94272
69.13 94297
69.14 94319
69.15 94343
69.16 94363
69.17 94386
69.18 94397
69.19 94421
69.20 94439
69.21 94460
69.22 94478
69.23 94501
69.24 94523
69.25 94539
69.26 94560
69.27 94583
69.28 94602
69.29 94620
69.30 94638
69.31 94656
69.32 94672
69.33 94687
69.34 94702
69.35 94721
69.36 94738
69.37 94760
69.38 94777
69.39 94799
69.40 94813
69.42 94836
69.43 94853
69.44 94876
69.45 94896
69.46 94915
69.47 94938
69.48 94957
69.49 94976
69.50 94993
69.51 95020
69.52 95041
69.53 95061
69.54 95087
69.55 95113
69.56 95138
69.57 95155
69.58 95176
69.59 95193
69.60 95212
69.61 95229
69.62 95250
69.63 95271
69.64 95287
69.65 95300
69.66 95316
69.67 95336
69.68 95355
69.69 95369
69.70 95383
69.71 95400
69.72 95419
69.73 95443
69.74 95456
69.75 95469
69.76 95489
69.77 95501
69.78 95517
69.79 95532
69.80 95548
69.81 95571
69.82 95588
69.83 95611
69.84 95623
69.85 95642
69.86 95653
69.87 95675
69.88 95697
69.89 95714
69.90 95729
69.91 95741
69.92 95755
69.93 95776
69.94 95793
69.95 95797
69.96 95802
69.97 95811
69.98 95816
69.99 95819
70.00 95828
70.01 95831
70.02 95839
70.03 95850
70.04 95865
70.05 95889
70.06 95904
70.07 95923
70.08 95940
70.09 95955
70.10 95968
70.11 95981
70.12 95996
70.13 96012
70.14 96027
70.15 96046
70.16 96052
70.17 96068
70.18 96086
70.19 96106
70.20 96123
70.21 96139
70.22 96153
70.23 96168
70.24 96186
70.25 96204
70.26 96218
70.27 96233
70.28 96247
70.29 96261
70.30 96279
70.31 96300
70.32 96318
70.33 96333
70.34 96356
70.35 96374
70.36 96394
70.37 96413
70.38 96434
70.40 96451
70.41 96466
70.42 96492
70.43 96511
70.44 96529
70.45 96548
70.46 96567
70.47 96584
70.48 96604
70.49 96618
70.50 96634
70.51 96652
70.52 96668
70.53 96686
70.54 96708
70.55 96728
70.56 96750
70.57 96767
70.58 96786
70.59 96800
70.60 96814
70.61 96830
70.62 96850
70.63 96870
70.64 96881
70.65 96894
70.66 96903
70.67 96917
70.68 96935
70.69 96943
70.70 96951
70.71 96956
70.72 96963
70.73 96967
70.74 96973
70.75 96981
70.76 96988
70.77 96996
70.78 97021
70.79 97032
70.80 97048
70.81 97069
70.82 97090
70.83 97108
70.84 97133
70.85 97151
70.86 97166
70.87 97185
70.88 97204
70.89 97221
70.90 97241
70.91 97253
70.92 97270
70.93 97282
70.94 97302
70.95 97317
70.96 97329
70.97 97348
70.98 97366
70.99 97388
71.00 97407
71.01 97426
71.02 97443
71.03 97457
71.04 97480
71.05 97497
71.06 97516
71.07 97529
71.08 97548
71.09 97563
71.10 97581
71.11 97585
71.12 97597
71.13 97610
71.14 97615
71.15 97621
71.16 97629
71.17 97641
71.18 97656
71.19 97674
71.20 97689
71.21 97705
71.22 97715
71.23 97736
71.24 97755
71.25 97777
71.26 97794
71.27 97811
71.28 97827
71.29 97844
71.30 97855
71.31 97869
71.32 97884
71.33 97901
71.34 97917
71.35 97935
71.36 97954
71.37 97974
71.39 97991
71.40 98011
71.41 98025
71.42 98047
71.43 98071
71.44 98093
71.45 98108
71.46 98127
71.47 98140
71.48 98154
71.49 98177
71.50 98205
71.51 98230
71.52 98250
71.53 98269
71.54 98286
71.55 98306
71.56 98324
71.57 98343
71.58 98364
71.59 98382
71.60 98404
71.61 98428
71.62 98450
71.63 98469
71.64 98489
71.65 98507
71.66 98524
71.67 98540
71.68 98561
71.69 98583
71.70 98606
71.71 98629
71.72 98646
71.73 98664
71.74 98684
71.75 98695
71.76 98708
71.77 98719
71.78 98742
71.79 98759
71.80 98777
71.81 98783
71.82 98789
71.83 98796
71.84 98800
71.85 98810
71.86 98825
71.87 98837
71.88 98856
71.89 98875
71.90 98898
71.91 98918
71.92 98929
71.93 98932
71.94 98940
71.95 98945
71.96 98953
71.97 98961
71.98 98976
71.99 98992
72.00 99015
72.01 99035
72.02 99053
72.03 99067
72.04 99082
72.05 99102
72.06 99119
72.07 99143
72.08 99170
72.09 99187
72.10 99205
72.11 99229
72.12 99252
72.13 99272
72.14 99282
72.15 99297
72.16 99305
72.17 99319
72.18 99340
72.19 99365
72.20 99376
72.21 99391
72.22 99409
72.23 99416
72.24 99429
72.25 99443
72.26 99453
72.27 99457
72.28 99466
72.29 99470
72.30 99479
72.31 99489
72.32 99503
72.33 99520
72.34 99525
72.35 99537
72.37 99546
72.38 99558
72.39 99568
72.40 99580
72.41 99592
72.42 99599
72.43 99608
72.44 99622
72.45 99635
72.46 99649
72.47 99667
72.48 99680
72.49 99695
72.50 99706
72.51 99719
72.52 99733
72.53 99741
72.54 99746
72.55 99754
72.56 99756
72.57 99760
72.58 99768
72.59 99770
72.60 99776
72.61 99780
72.62 99788
72.63 99801
72.64 99820
72.65 99836
72.66 99861
72.67 99886
72.68 99911
72.69 99936
72.70 99950
72.71 99968
72.72 99982
72.73 100004
72.74 100018
72.75 100029
72.76 100046
72.77 100054
72.78 100059
72.79 100068
72.80 100073
72.81 100079
72.82 100085
72.83 100090
72.84 100097
72.85 100099
72.86 100105
72.87 100107
72.88 100112
72.89 100132
72.90 100141
72.91 100160
72.92 100174
72.93 100188
72.94 100210
72.95 100229
72.96 100240
72.97 100255
72.98 100269
72.99 100288
73.00 100303
73.01 100323
73.02 100334
73.03 100348
73.04 100364
73.05 100382
73.06 100402
73.07 100413
73.08 100432
73.09 100452
73.10 100462
73.11 100478
73.12 100495
73.13 100513
73.14 100529
73.15 100548
73.16 100563
73.17 100586
73.18 100607
73.19 100621
73.20 100641
73.21 100659
73.22 100671
73.23 100690
73.24 100705
73.25 100724
73.26 100742
73.27 100762
73.28 100777
73.29 100804
73.30 100823
73.31 100839
73.32 100859
73.33 100877
73.35 100896
73.36 100913
73.37 100933
73.38 100953
73.39 100971
73.40 100994
73.41 101011
73.42 101038
73.43 101058
73.44 101080
73.45 101101
73.46 101116
73.47 101137
73.48 101154
73.49 101176
73.50 101193
73.51 101208
73.52 101224
73.53 101248
73.54 101266
73.55 101288
73.56 101303
73.57 101316
73.58 101326
73.59 101344
73.60 101361
73.61 101377
73.62 101392
73.63 101407
73.64 101426
73.65 101442
73.66 101458
73.67 101481
73.68 101504
73.69 101531
73.70 101553
73.71 101572
73.72 101591
73.73 101608
73.74 101616
73.75 101630
73.76 101650
73.77 101664
73.78 101671
73.79 101676
73.80 101687
73.81 101695
73.82 101700
73.83 101704
73.84 101708
73.85 101716
73.86 101722
73.87 101744
73.88 101765
73.89 101785
73.90 101808
73.91 101829
73.92 101845
73.93 101850
73.94 101853
73.95 101860
73.96 101864
73.97 101866
73.98 101871
73.99 101876
74.00 101892
74.01 101903
74.02 101913
74.03 101928
74.04 101943
74.05 101960
74.06 101974
74.07 101990
74.08 102005
74.09 102018
74.10 102037
74.11 102053
74.12 102065
74.13 102080
74.14 102103
74.15 102116
74.16 102132
74.17 102146
74.18 102164
74.19 102181
74.20 102193
74.21 102209
74.22 102225
74.23 102235
74.24 102254
74.25 102267
74.26 102282
74.27 102302
74.28 102311
74.29 102325
74.30 102342
74.31 102356
74.32 102370
74.34 102387
74.35 102400
74.36 102412
74.37 102428
74.38 102436
74.39 102456
74.40 102462
74.41 102475
74.42 102486
74.43 102500
74.44 102515
74.45 102532
74.46 102543
74.47 102559
74.48 102575
74.49 102591
74.50 102611
74.51 102627
74.52 102646
74.53 102658
74.54 102676
74.55 102691
74.56 102709
74.57 102722
74.58 102735
74.59 102747
74.60 102761
74.61 102772
74.62 102790
74.63 102804
74.64 102815
74.65 102827
74.66 102850
74.67 102870
74.68 102885
74.69 102889
74.70 102895
74.71 102901
74.72 102908
74.73 102916
74.74 102936
74.75 102955
74.76 102983
74.77 103011
74.78 103032
74.79 103046
74.80 103056
74.81 103058
74.82 103063
74.83 103070
74.84 103075
74.85 103080
74.86 103095
74.87 103111
74.88 103128
74.89 103142
74.90 103160
74.91 103175
74.92 103191
74.93 103207
74.94 103225
74.95 103245
74.96 103259
74.97 103275
74.98 103288
74.99 103304
75.00 103317
75.01 103332
75.02 103345
75.03 103364
75.04 103380
75.05 103392
75.06 103402
75.07 103414
75.08 103425
75.09 103439
75.10 103446
75.11 103454
75.12 103467
75.13 103491
75.14 103505
75.15 103523
75.16 103533
75.17 103538
75.18 103551
75.19 103573
75.20 103589
75.21 103600
75.22 103605
75.23 103611
75.24 103619
75.25 103622
75.26 103631
75.27 103641
75.28 103662
75.29 103681
75.30 103696
75.32 103710
75.33 103725
75.34 103744
75.35 103764
75.36 103779
75.37 103795
75.38 103806
75.39 103819
75.40 103832
75.41 103845
75.42 103856
75.43 103867
75.44 103868
75.45 103871
75.46 103875
75.47 103881
75.48 103884
75.49 103886
75.50 103890
75.51 103890
75.52 103896
75.53 103897
75.54 103902
75.55 103905
75.56 103916
75.57 103918
75.58 103931
75.59 103952
75.60 103955
75.61 103959
75.62 103964
75.63 103972
75.64 103984
75.65 104000
75.66 104016
75.67 104035
75.68 104054
75.69 104071
75.70 104092
75.71 104113
75.72 104134
75.73 104150
75.74 104165
75.75 104171
75.76 104179
75.77 104189
75.78 104210
75.79 104222
75.80 104231
75.81 104236
75.82 104242
75.83 104247
75.84 104252
75.85 104260
75.86 104273
75.87 104289
75.88 104306
75.89 104325
75.90 104340
75.91 104353
75.92 104369
75.93 104383
75.94 104403
75.95 104421
75.96 104437
75.97 104451
75.98 104459
75.99 104472
76.00 104488
76.01 104501
76.02 104515
76.03 104527
76.04 104541
76.05 104545
76.06 104547
76.07 104551
76.08 104559
76.09 104565
76.10 104569
76.11 104573
76.12 104579
76.13 104586
76.14 104593
76.15 104605
76.16 104617
76.17 104631
76.18 104645
76.19 104662
76.20 104676
76.21 104690
76.22 104708
76.23 104720
76.24 104739
76.25 104751
76.26 104770
76.27 104784
76.28 104803
76.29 104818
76.31 104833
76.32 104849
76.33 104866
76.34 104883
76.35 104896
76.36 104920
76.37 104932
76.38 104951
76.39 104966
76.40 104989
76.41 105009
76.42 105026
76.43 105044
76.44 105060
76.45 105072
76.46 105086
76.47 105098
76.48 105109
76.49 105126
76.50 105139
76.51 105156
76.52 105169
76.53 105178
76.54 105190
76.55 105197
76.56 105205
76.57 105211
76.58 105218
76.59 105226
76.60 105238
76.61 105247
76.62 105255
76.63 105265
76.64 105278
76.65 105289
76.66 105295
76.67 105302
76.68 105320
76.69 105329
76.70 105331
76.71 105333
76.72 105337
76.73 105342
76.74 105348
76.75 105352
76.76 105360
76.77 105380
76.78 105393
76.79 105407
76.80 105417
76.81 105428
76.82 105437
76.83 105454
76.84 105472
76.85 105491
76.86 105508
76.87 105526
76.88 105550
76.89 105568
76.90 105583
76.91 105603
76.92 105622
76.93 105638
76.94 105655
76.95 105668
76.96 105677
76.97 105694
76.98 105712
76.99 105734
77.00 105755
77.01 105771
77.02 105782
77.03 105793
77.04 105808
77.05 105825
77.06 105834
77.07 105838
77.08 105841
77.09 105846
77.10 105852
77.11 105859
77.12 105861
77.13 105864
77.14 105870
77.15 105878
77.16 105889
77.17 105897
77.18 105907
77.19 105916
77.20 105929
77.21 105945
77.22 105959
77.23 105978
77.24 105990
77.25 106014
77.26 106026
77.27 106038
77.29 106051
77.30 106058
77.31 106067
77.32 106070
77.33 106078
77.34 106082
77.35 106103
77.36 106113
77.37 106116
77.38 106121
77.39 106121
77.40 106122
77.41 106129
77.42 106139
77.43 106144
77.44 106148
77.45 106156
77.46 106167
77.47 106175
77.48 106187
77.49 106193
77.50 106205
77.51 106215
77.52 106222
77.53 106235
77.54 106253
77.55 106266
77.56 106278
77.57 106281
77.58 106299
77.59 106308
77.60 106320
77.61 106323
77.62 106327
77.63 106330
77.64 106335
77.65 106338
77.66 106344
77.67 106346
77.68 106363
77.69 106373
77.70 106377
77.71 106382
77.72 106399
77.73 106407
77.74 106420
77.75 106431
77.76 106443
77.77 106457
77.78 106467
77.79 106479
77.80 106500
77.81 106519
77.82 106529
77.83 106533
77.84 106541
77.85 106546
77.86 106554
77.87 106561
77.88 106564
77.89 106570
77.90 106572
77.91 106573
77.92 106575
77.93 106583
77.94 106591
77.95 106595
77.96 106607
77.97 106611
77.98 106618
77.99 106629
78.00 106639
78.01 106651
78.02 106656
78.03 106661
78.04 106664
78.05 106669
78.06 106673
78.07 106675
78.08 106681
78.09 106690
78.10 106708
78.11 106733
78.12 106755
78.13 106768
78.14 106779
78.15 106796
78.16 106810
78.17 106823
78.18 106833
78.19 106852
78.20 106867
78.21 106887
78.22 106895
78.23 106907
78.24 106916
78.25 106926
78.26 106950
78.28 106970
78.29 106992
78.30 106995
78.31 107000
78.32 107009
78.33 107013
78.34 107019
78.35 107026
78.36 107029
78.37 107037
78.38 107044
78.39 107057
78.40 107073
78.41 107087
78.42 107099
78.43 107111
78.44 107120
78.45 107136
78.46 107148
78.47 107159
78.48 107169
78.49 107182
78.50 107196
78.51 107211
78.52 107237
78.53 107247
78.54 107272
78.55 107283
78.56 107305
78.57 107320
78.58 107346
78.59 107356
78.60 107376
78.61 107388
78.62 107401
78.63 107408
78.64 107424
78.65 107437
78.66 107451
78.67 107460
78.68 107463
78.69 107471
78.70 107476
78.71 107482
78.72 107501
78.73 107516
78.74 107538
78.75 107557
78.76 107574
78.77 107585
78.78 107604
78.79 107620
78.80 107633
78.81 107657
78.82 107671
78.83 107678
78.84 107682
78.85 107684
78.86 107692
78.87 107696
78.88 107699
78.89 107703
78.90 107708
78.91 107712
78.92 107721
78.93 107726
78.94 107731
78.95 107737
78.96 107747
78.97 107750
78.98 107760
78.99 107768
79.00 107794
79.01 107809
79.02 107820
79.03 107832
79.04 107840
79.05 107845
79.06 107858
79.07 107864
79.08 107871
79.09 107890
79.10 107901
79.11 107916
79.12 107931
79.13 107946
79.14 107967
79.15 107985
79.16 108008
79.17 108023
79.18 108035
79.19 108048
79.20 108066
79.21 108085
79.22 108109
79.23 108115
79.24 108126
79.26 108143
79.27 108153
79.28 108161
79.29 108167
79.30 108173
79.31 108177
79.32 108179
79.33 108184
79.34 108199
79.35 108207
79.36 108215
79.37 108223
79.38 108238
79.39 108259
79.40 108276
79.41 108293
79.42 108311
79.43 108324
79.44 108337
79.45 108361
79.46 108378
79.47 108392
79.48 108413
79.49 108432
79.50 108457
79.51 108480
79.52 108500
79.53 108517
79.54 108529
79.55 108546
79.56 108569
79.57 108589
79.58 108609
79.59 108626
79.60 108642
79.61 108659
79.62 108676
79.63 108692
79.64 108713
79.65 108737
79.66 108751
79.67 108777
79.68 108793
79.69 108799
79.70 108800
79.71 108804
79.72 108807
79.73 108808
79.74 108813
79.75 108815
79.76 108817
79.77 108819
79.78 108819
79.79 108824
79.80 108830
79.81 108840
79.82 108851
79.83 108861
79.84 108877
79.85 108901
79.86 108926
79.87 108943
79.88 108965
79.89 108989
79.90 109006
79.91 109025
79.92 109040
79.93 109058
79.94 109075
79.95 109090
79.96 109106
79.97 109128
79.98 109140
79.99 109153
80.00 109169
80.01 109191
80.02 109209
80.03 109222
80.04 109240
80.05 109264
80.06 109281
80.07 109295
80.08 109311
80.09 109329
80.10 109342
80.11 109357
80.12 109377
80.13 109396
80.14 109413
80.15 109428
80.16 109446
80.17 109455
80.18 109467
80.19 109490
80.20 109507
80.21 109526
80.22 109547
80.23 109567
80.25 109583
80.26 109596
80.27 109620
80.28 109638
80.29 109657
80.30 109672
80.31 109689
80.32 109701
80.33 109718
80.34 109739
80.35 109757
80.36 109775
80.37 109793
80.38 109811
80.39 109824
80.40 109841
80.41 109858
80.42 109873
80.43 109887
80.44 109899
80.45 109916
80.46 109930
80.47 109945
80.48 109969
80.49 109987
80.50 110006
80.51 110025
80.52 110041
80.53 110062
80.54 110079
80.55 110094
80.56 110113
80.57 110130
80.58 110144
80.59 110162
80.60 110179
80.61 110192
80.62 110201
80.63 110210
80.64 110223
80.65 110239
80.66 110260
80.67 110277
80.68 110290
80.69 110303
80.70 110319
80.71 110333
80.72 110351
80.73 110369
80.74 110384
80.75 110397
80.76 110412
80.77 110441
80.78 110456
80.79 110472
80.80 110486
80.81 110501
80.82 110526
80.83 110539
80.84 110556
80.85 110574
80.86 110595
80.87 110613
80.88 110632
80.89 110640
80.90 110664
80.91 110682
80.92 110696
80.93 110712
80.94 110722
80.95 110740
80.96 110743
80.97 110748
80.98 110749
80.99 110749
81.00 110750
81.01 110755
81.02 110760
81.03 110762
81.04 110766
81.05 110769
81.06 110785
81.07 110800
81.08 110813
81.09 110826
81.10 110838
81.11 110852
81.12 110875
81.13 110881
81.14 110893
81.15 110908
81.16 110927
81.17 110931
81.18 110937
81.19 110948
81.20 110953
81.21 110962
81.23 110969
81.24 110970
81.25 110973
81.26 110974
81.27 110978
81.28 110980
81.29 110981
81.30 110983
81.31 110987
81.32 110988
81.33 110991
81.34 110992
81.35 111004
81.36 111004
81.37 111007
81.38 111013
81.39 111018
81.40 111035
81.41 111054
81.42 111077
81.43 111096
81.44 111115
81.45 111133
81.46 111151
81.47 111167
81.48 111187
81.49 111214
81.50 111232
81.51 111249
81.52 111265
81.53 111277
81.54 111288
81.55 111292
81.56 111299
81.57 111305
81.58 111309
81.59 111327
81.60 111341
81.61 111350
81.62 111371
81.63 111386
81.64 111399
81.65 111419
81.66 111434
81.67 111454
81.68 111472
81.69 111488
81.70 111503
81.71 111523
81.72 111541
81.73 111560
81.74 111576
81.75 111592
81.76 111610
81.77 111621
81.78 111633
81.79 111640
81.80 111643
81.81 111648
81.82 111651
81.83 111653
81.84 111655
81.85 111657
81.86 111661
81.87 111664
81.88 111670
81.89 111678
81.90 111680
81.91 111683
81.92 111696
81.93 111709
81.94 111728
81.95 111747
81.96 111764
81.97 111782
81.98 111789
81.99 111803
82.00 111823
82.01 111836
82.02 111844
82.03 111855
82.04 111860
82.05 111874
82.06 111879
82.07 111889
82.08 111898
82.09 111903
82.10 111909
82.11 111915
82.12 111922
82.13 111934
82.14 111947
82.15 111962
82.16 111981
82.17 111988
82.18 112005
82.19 112015
82.21 112026
82.22 112038
82.23 112049
82.24 112057
82.25 112068
82.26 112084
82.27 112092
82.28 112106
82.29 112118
82.30 112128
82.31 112140
82.32 112150
82.33 112164
82.34 112177
82.35 112188
82.36 112200
82.37 112208
82.38 112220
82.39 112233
82.40 112242
82.41 112248
82.42 112261
82.43 112273
82.44 112287
82.45 112296
82.46 112310
82.47 112328
82.48 112341
82.49 112349
82.50 112359
82.51 112369
82.52 112383
82.53 112392
82.54 112400
82.55 112420
82.56 112430
82.57 112442
82.58 112448
82.59 112455
82.60 112468
82.61 112475
82.62 112490
82.63 112492
82.64 112502
82.65 112512
82.66 112522
82.67 112536
82.68 112542
82.69 112545
82.70 112552
82.71 112561
82.72 112576
82.73 112586
82.74 112595
82.75 112605
82.76 112607
82.77 112615
82.78 112625
82.79 112639
82.80 112645
82.81 112657
82.82 112666
82.83 112674
82.84 112684
82.85 112693
82.86 112701
82.87 112715
82.88 112728
82.89 112738
82.90 112754
82.91 112762
82.92 112774
82.93 112779
82.94 112781
82.95 112785
82.96 112791
82.97 112802
82.98 112807
82.99 112814
83.00 112826
83.01 112841
83.02 112851
83.03 112860
83.04 112875
83.05 112884
83.06 112887
83.07 112896
83.08 112900
83.09 112910
83.10 112917
83.11 112925
83.12 112933
83.13 112943
83.14 112958
83.15 112966
83.16 112975
83.17 112989
83.18 112996
83.20 112999
83.21 113004
83.22 113010
83.23 113015
83.24 113019
83.25 113020
83.26 113035
83.27 113041
83.28 113049
83.29 113059
83.30 113067
83.31 113073
83.32 113088
83.33 113109
83.34 113113
83.35 113120
83.36 113131
83.37 113137
83.38 113144
83.39 113157
83.40 113167
83.41 113168
83.42 113178
83.43 113183
83.44 113186
83.45 113195
83.46 113199
83.47 113201
83.48 113209
83.49 113216
83.50 113226
83.51 113233
83.52 113236
83.53 113237
83.54 113245
83.55 113254
83.56 113259
83.57 113269
83.58 113274
83.59 113285
83.60 113293
83.61 113303
83.62 113310
83.63 113321
83.64 113325
83.65 113332
83.66 113338
83.67 113349
83.68 113354
83.69 113368
83.70 113374
83.71 113381
83.72 113390
83.73 113393
83.74 113402
83.75 113413
83.76 113418
83.77 113426
83.78 113444
83.79 113447
83.80 113456
83.81 113458
83.82 113462
83.83 113468
83.84 113475
83.85 113482
83.86 113491
83.87 113501
83.88 113515
83.89 113520
83.90 113525
83.91 113541
83.92 113545
83.93 113553
83.94 113555
83.95 113557
83.96 113560
83.97 113563
83.98 113570
83.99 113572
84.00 113576
84.01 113586
84.02 113601
84.03 113613
84.04 113615
84.05 113620
84.06 113628
84.07 113634
84.08 113637
84.09 113638
84.10 113645
84.11 113657
84.12 113658
84.13 113667
84.14 113677
84.15 113685
84.16 113690
84.18 113704
84.19 113705
84.20 113714
84.21 113719
84.22 113726
84.23 113731
84.24 113744
84.25 113757
84.26 113773
84.27 113786
84.28 113804
84.29 113826
84.30 113842
84.31 113863
84.32 113884
84.33 113897
84.34 113915
84.35 113931
84.36 113939
84.37 113945
84.38 113949
84.39 113953
84.40 113958
84.41 113959
84.42 113967
84.43 113970
84.44 113970
84.45 113984
84.46 113992
84.47 114004
84.48 114009
84.49 114018
84.50 114021
84.51 114026
84.52 114033
84.53 114046
84.54 114062
84.55 114066
84.56 114075
84.57 114086
84.58 114102
84.59 114119
84.60 114128
84.61 114134
84.62 114147
84.63 114159
84.64 114160
84.65 114176
84.66 114188
84.67 114201
84.68 114202
84.69 114211
84.70 114216
84.71 114222
84.72 114235
84.73 114249
84.74 114254
84.75 114255
84.76 114261
84.77 114269
84.78 114275
84.79 114281
84.80 114283
84.81 114288
84.82 114298
84.83 114305
84.84 114309
84.85 114313
84.86 114319
84.87 114326
84.88 114335
84.89 114337
84.90 114347
84.91 114352
84.92 114356
84.93 114365
84.94 114382
84.95 114386
84.96 114394
84.97 114394
84.98 114400
84.99 114411
85.00 114419
85.01 114434
85.02 114439
85.03 114445
85.04 114448
85.05 114455
85.06 114459
85.07 114460
85.08 114466
85.09 114477
85.10 114487
85.11 114490
85.12 114503
85.13 114508
85.14 114516
85.15 114527
85.17 114529
85.18 114539
85.19 114541
85.20 114543
85.21 114544
85.22 114550
85.23 114556
85.24 114557
85.25 114571
85.26 114573
85.27 114574
85.28 114576
85.29 114582
85.30 114590
85.31 114592
85.32 114597
85.33 114598
85.34 114605
85.35 114605
85.36 114615
85.37 114617
85.38 114626
85.39 114635
85.40 114646
85.41 114656
85.42 114667
85.43 114683
85.44 114688
85.45 114689
85.46 114694
85.47 114698
85.48 114705
85.49 114706
85.50 114707
85.51 114707
85.52 114717
85.53 114732
85.54 114762
85.55 114773
85.56 114780
85.57 114783
85.58 114790
85.59 114798
85.60 114802
85.61 114808
85.62 114811
85.63 114812
85.64 114813
85.65 114814
85.66 114816
85.67 114817
85.68 114821
85.69 114844
85.70 114856
85.71 114858
85.72 114873
85.73 114882
85.74 114901
85.75 114917
85.76 114932
85.77 114950
85.78 114959
85.79 114972
85.80 114990
85.81 115006
85.82 115024
85.83 115035
85.84 115049
85.85 115070
85.86 115085
85.87 115102
85.88 115119
85.89 115143
85.90 115165
85.91 115184
85.92 115207
85.93 115231
85.94 115246
85.95 115263
85.96 115281
85.97 115298
85.98 115314
85.99 115332
86.00 115340
86.01 115350
86.02 115359
86.03 115373
86.04 115393
86.05 115410
86.06 115433
86.07 115449
86.08 115459
86.09 115463
86.10 115465
86.11 115475
86.12 115476
86.13 115480
86.15 115481
86.16 115483
86.17 115486
86.18 115492
86.19 115501
86.20 115503
86.21 115504
86.22 115504
86.23 115504
86.24 115511
86.25 115511
86.26 115511
86.27 115516
86.28 115519
86.29 115520
86.30 115524
86.31 115525
86.32 115529
86.33 115537
86.34 115539
86.35 115541
86.36 115543
86.37 115545
86.38 115545
86.39 115551
86.40 115572
86.41 115587
86.42 115599
86.43 115615
86.44 115633
86.45 115649
86.46 115672
86.47 115691
86.48 115723
86.49 115727
86.50 115738
86.51 115756
86.52 115763
86.53 115768
86.54 115773
86.55 115793
86.56 115814
86.57 115828
86.58 115836
86.59 115848
86.60 115865
86.61 115884
86.62 115895
86.63 115912
86.64 115928
86.65 115948
86.66 115965
86.67 115983
86.68 116003
86.69 116026
86.70 116042
86.71 116055
86.72 116067
86.73 116089
86.74 116104
86.75 116117
86.76 116133
86.77 116157
86.78 116175
86.79 116192
86.80 116207
86.81 116212
86.82 116219
86.83 116227
86.84 116238
86.85 116255
86.86 116269
86.87 116288
86.88 116310
86.89 116328
86.90 116343
86.91 116355
86.92 116367
86.93 116373
86.94 116399
86.95 116414
86.96 116424
86.97 116432
86.98 116435
86.99 116438
87.00 116444
87.01 116451
87.02 116452
87.03 116452
87.04 116452
87.05 116452
87.06 116455
87.07 116478
87.08 116497
87.09 116504
87.10 116508
87.11 116510
87.12 116511
87.14 116516
87.15 116519
87.16 116522
87.17 116527
87.18 116535
87.19 116538
87.20 116539
87.21 116542
87.22 116543
87.23 116546
87.24 116557
87.25 116569
87.26 116586
87.27 116599
87.28 116617
87.29 116637
87.30 116658
87.31 116676
87.32 116691
87.33 116705
87.34 116712
87.35 116732
87.36 116743
87.37 116763
87.38 116775
87.39 116789
87.40 116801
87.41 116818
87.42 116839
87.43 116861
87.44 116880
87.45 116895
87.46 116921
87.47 116938
87.48 116953
87.49 116973
87.50 116984
87.51 116993
87.52 117003
87.53 117023
87.54 117039
87.55 117052
87.56 117069
87.57 117091
87.58 117108
87.59 117129
87.60 117152
87.61 117163
87.62 117176
87.63 117182
87.64 117185
87.65 117187
87.66 117193
87.67 117202
87.68 117206
87.69 117213
87.70 117216
87.71 117231
87.72 117238
87.73 117245
87.74 117260
87.75 117271
87.76 117276
87.77 117279
87.78 117284
87.79 117296
87.80 117310
87.81 117323
87.82 117330
87.83 117342
87.84 117348
87.85 117364
87.86 117375
87.87 117387
87.88 117397
87.89 117404
87.90 117411
87.91 117418
87.92 117428
87.93 117445
87.94 117452
87.95 117466
87.96 117471
87.97 117481
87.98 117487
87.99 117488
88.00 117500
88.01 117515
88.02 117535
88.03 117545
88.04 117552
88.05 117563
88.06 117580
88.07 117596
88.08 117611
88.09 117618
88.10 117632
88.12 117643
88.13 117654
88.14 117656
88.15 117662
88.16 117668
88.17 117678
88.18 117680
88.19 117695
88.20 117707
88.21 117717
88.22 117730
88.23 117742
88.24 117748
88.25 117766
88.26 117778
88.27 117789
88.28 117793
88.29 117796
88.30 117796
88.31 117798
88.32 117799
88.33 117799
88.34 117801
88.35 117805
88.36 117818
88.37 117826
88.38 117846
88.39 117852
88.40 117866
88.41 117870
88.42 117875
88.43 117883
88.44 117883
88.45 117892
88.46 117906
88.47 117908
88.48 117910
88.49 117915
88.50 117922
88.51 117929
88.52 117930
88.53 117939
88.54 117940
88.55 117950
88.56 117960
88.57 117970
88.58 117979
88.59 117983
88.60 117993
88.61 118005
88.62 118012
88.63 118025
88.64 118042
88.65 118048
88.66 118060
88.67 118064
88.68 118069
88.69 118082
88.70 118097
88.71 118103
88.72 118109
88.73 118120
88.74 118125
88.75 118134
88.76 118139
88.77 118154
88.78 118162
88.79 118174
88.80 118186
88.81 118197
88.82 118204
88.83 118211
88.84 118225
88.85 118232
88.86 118244
88.87 118254
88.88 118263
88.89 118273
88.90 118286
88.91 118303
88.92 118319
88.93 118326
88.94 118342
88.95 118352
88.96 118362
88.97 118379
88.98 118387
88.99 118395
89.00 118395
89.01 118406
89.02 118417
89.03 118429
89.04 118434
89.05 118447
89.06 118451
89.07 118459
89.08 118462
89.09 118479
89.11 118487
89.12 118492
89.13 118507
89.14 118512
89.15 118536
89.16 118552
89.17 118564
89.18 118574
89.19 118590
89.20 118605
89.21 118621
89.22 118628
89.23 118638
89.24 118653
89.25 118662
89.26 118669
89.27 118683
89.28 118696
89.29 118707
89.30 118718
89.31 118727
89.32 118742
89.33 118751
89.34 118766
89.35 118773
89.36 118781
89.37 118795
89.38 118815
89.39 118825
89.40 118836
89.41 118843
89.42 118850
89.43 118860
89.44 118870
89.45 118879
89.46 118881
89.47 118889
89.48 118899
89.49 118909
89.50 118912
89.51 118918
89.52 118921
89.53 118932
89.54 118945
89.55 118951
89.56 118954
89.57 118955
89.58 118965
89.59 118968
89.60 118975
89.61 118979
89.62 118988
89.63 118991
89.64 119000
89.65 119005
89.66 119011
89.67 119014
89.68 119024
89.69 119025
89.70 119030
89.71 119031
89.72 119034
89.73 119041
89.74 119042
89.75 119047
89.76 119067
89.77 119072
89.78 119074
89.79 119078
89.80 119081
89.81 119091
89.82 119096
89.83 119101
89.84 119104
89.85 119116
89.86 119117
89.87 119128
89.88 119139
89.89 119143
89.90 119166
89.91 119185
89.92 119201
89.93 119209
89.94 119221
89.95 119228
89.96 119237
89.97 119250
89.98 119258
89.99 119266
90.00 119278
90.01 119287
90.02 119290
90.03 119302
90.04 119308
90.05 119316
90.06 119322
90.07 119326
90.09 119338
90.10 119345
90.11 119354
90.12 119356
90.13 119364
90.14 119366
90.15 119370
90.16 119386
90.17 119397
90.18 119405
90.19 119417
90.20 119421
90.21 119426
90.22 119432
90.23 119435
90.24 119449
90.25 119462
90.26 119472
90.27 119480
90.28 119489
90.29 119498
90.30 119506
90.31 119517
90.32 119520
90.33 119524
90.34 119527
90.35 119534
90.36 119542
90.37 119542
90.38 119542
90.39 119542
90.40 119546
90.41 119556
90.42 119576
90.43 119580
90.44 119581
90.45 119586
90.46 119593
90.47 119596
90.48 119599
90.49 119600
90.50 119600
90.51 119606
90.52 119607
90.53 119607
90.54 119608
90.55 119613
90.56 119629
90.57 119638
90.58 119648
90.59 119659
90.60 119679
90.61 119692
90.62 119702
90.63 119724
90.64 119743
90.65 119758
90.66 119768
90.67 119778
90.68 119789
90.69 119801
90.70 119809
90.71 119816
90.72 119819
90.73 119834
90.74 119848
90.75 119865
90.76 119889
90.77 119908
90.78 119925
90.79 119930
90.80 119946
90.81 119962
90.82 119966
90.83 119987
90.84 120004
90.85 120017
90.86 120030
90.87 120036
90.88 120041
90.89 120058
90.90 120077
90.91 120097
90.92 120117
90.93 120136
90.94 120158
90.95 120174
90.96 120196
90.97 120208
90.98 120219
90.99 120227
91.00 120233
91.01 120240
91.02 120249
91.03 120252
91.04 120255
91.05 120262
91.06 120265
91.08 120267
91.09 120273
91.10 120280
91.11 120289
91.12 120295
91.13 120313
91.14 120334
91.15 120349
91.16 120367
91.17 120385
91.18 120406
91.19 120426
91.20 120446
91.21 120468
91.22 120489
91.23 120506
91.24 120525
91.25 120541
91.26 120558
91.27 120573
91.28 120587
91.29 120607
91.30 120623
91.31 120642
91.32 120655
91.33 120671
91.34 120689
91.35 120703
91.36 120720
91.37 120738
91.38 120755
91.39 120774
91.40 120783
91.41 120788
91.42 120792
91.43 120796
91.44 120803
91.45 120823
91.46 120836
91.47 120846
91.48 120859
91.49 120874
91.50 120887
91.51 120903
91.52 120917
91.53 120932
91.54 120940
91.55 120958
91.56 120971
91.57 120990
91.58 121003
91.59 121012
91.60 121024
91.61 121034
91.62 121043
91.63 121048
91.64 121061
91.65 121073
91.66 121090
91.67 121105
91.68 121121
91.69 121131
91.70 121137
91.71 121141
91.72 121146
91.73 121159
91.74 121173
91.75 121190
91.76 121205
91.77 121221
91.78 121238
91.79 121256
91.80 121272
91.81 121291
91.82 121300
91.83 121317
91.84 121333
91.85 121350
91.86 121372
91.87 121389
91.88 121414
91.89 121437
91.90 121452
91.91 121471
91.92 121486
91.93 121501
91.94 121517
91.95 121530
91.96 121539
91.97 121554
91.98 121564
91.99 121574
92.00 121578
92.01 121581
92.02 121584
92.03 121588
92.04 121594
92.06 121597
92.07 121599
92.08 121605
92.09 121610
92.10 121616
92.11 121628
92.12 121647
92.13 121668
92.14 121686
92.15 121704
92.16 121719
92.17 121734
92.18 121754
92.19 121773
92.20 121790
92.21 121814
92.22 121833
92.23 121853
92.24 121873
92.25 121892
92.26 121910
92.27 121930
92.28 121946
92.29 121964
92.30 121981
92.31 122003
92.32 122022
92.33 122045
92.34 122062
92.35 122079
92.36 122097
92.37 122115
92.38 122131
92.39 122144
92.40 122158
92.41 122173
92.42 122188
92.43 122203
92.44 122217
92.45 122232
92.46 122250
92.47 122269
92.48 122286
92.49 122302
92.50 122323
92.51 122332
92.52 122345
92.53 122360
92.54 122387
92.55 122409
92.56 122425
92.57 122445
92.58 122457
92.59 122460
92.60 122463
92.61 122468
92.62 122468
92.63 122478
92.64 122497
92.65 122508
92.66 122519
92.67 122536
92.68 122550
92.69 122568
92.70 122575
92.71 122588
92.72 122605
92.73 122615
92.74 122622
92.75 122630
92.76 122630
92.77 122637
92.78 122642
92.79 122644
92.80 122651
92.81 122656
92.82 122662
92.83 122674
92.84 122694
92.85 122716
92.86 122734
92.87 122759
92.88 122782
92.89 122799
92.90 122821
92.91 122842
92.92 122862
92.93 122881
92.94 122884
92.95 122891
92.96 122896
92.97 122902
92.98 122907
92.99 122914
93.00 122922
93.01 122929
93.02 122933
93.04 122959
93.05 122975
93.06 122988
93.07 123005
93.08 123021
93.09 123037
93.10 123062
93.11 123088
93.12 123110
93.13 123132
93.14 123151
93.15 123168
93.16 123185
93.17 123203
93.18 123212
93.19 123221
93.20 123238
93.21 123260
93.22 123276
93.23 123285
93.24 123293
93.25 123307
93.26 123318
93.27 123329
93.28 123347
93.29 123359
93.30 123366
93.31 123373
93.32 123378
93.33 123384
93.34 123396
93.35 123400
93.36 123401
93.37 123405
93.38 123418
93.39 123422
93.40 123425
93.41 123431
93.42 123438
93.43 123442
93.44 123448
93.45 123456
93.46 123466
93.47 123468
93.48 123474
93.49 123478
93.50 123483
93.51 123485
93.52 123490
93.53 123495
93.54 123499
93.55 123499
93.56 123500
93.57 123509
93.58 123512
93.59 123513
93.60 123529
93.61 123541
93.62 123564
93.63 123575
93.64 123583
93.65 123600
93.66 123614
93.67 123633
93.68 123637
93.69 123641
93.70 123648
93.71 123657
93.72 123670
93.73 123681
93.74 123695
93.75 123702
93.76 123711
93.77 123726
93.78 123742
93.79 123751
93.80 123762
93.81 123775
93.82 123790
93.83 123806
93.84 123816
93.85 123832
93.86 123845
93.87 123856
93.88 123861
93.89 123871
93.90 123871
93.91 123881
93.92 123889
93.93 123899
93.94 123914
93.95 123923
93.96 123930
93.97 123937
93.98 123943
93.99 123952
94.00 123961
94.01 123969
94.03 123977
94.04 123982
94.05 123986
94.06 123991
94.07 123999
94.08 124008
94.09 124017
94.10 124028
94.11 124031
94.12 124042
94.13 124045
94.14 124052
94.15 124059
94.16 124072
94.17 124082
94.18 124091
94.19 124103
94.20 124122
94.21 124140
94.22 124146
94.23 124155
94.24 124167
94.25 124179
94.26 124190
94.27 124196
94.28 124201
94.29 124206
94.30 124207
94.31 124210
94.32 124210
94.33 124214
94.34 124218
94.35 124225
94.36 124232
94.37 124239
94.38 124243
94.39 124249
94.40 124253
94.41 124261
94.42 124273
94.43 124292
94.44 124304
94.45 124322
94.46 124331
94.47 124337
94.48 124345
94.49 124350
94.50 124356
94.51 124365
94.52 124371
94.53 124379
94.54 124395
94.55 124409
94.56 124424
94.57 124447
94.58 124458
94.59 124463
94.60 124472
94.61 124479
94.62 124489
94.63 124500
94.64 124520
94.65 124538
94.66 124547
94.67 124560
94.68 124565
94.69 124568
94.70 124574
94.71 124584
94.72 124587
94.73 124588
94.74 124592
94.75 124596
94.76 124601
94.77 124604
94.78 124606
94.79 124610
94.80 124611
94.81 124616
94.82 124618
94.83 124619
94.84 124623
94.85 124630
94.86 124636
94.87 124639
94.88 124641
94.89 124641
94.90 124643
94.91 124648
94.92 124654
94.93 124656
94.94 124658
94.95 124659
94.96 124661
94.97 124663
94.98 124666
94.99 124672
95.01 124676
95.02 124676
95.03 124676
95.04 124676
95.05 124680
95.06 124687
95.07 124703
95.08 124715
95.09 124722
95.10 124725
95.11 124727
95.12 124731
95.13 124732
95.14 124739
95.15 124743
95.16 124751
95.17 124763
95.18 124778
95.19 124793
95.20 124809
95.21 124820
95.22 124829
95.23 124839
95.24 124850
95.25 124866
95.26 124882
95.27 124902
95.28 124913
95.29 124938
95.30 124947
95.31 124965
95.32 124983
95.33 124994
95.34 125010
95.35 125027
95.36 125045
95.37 125054
95.38 125066
95.39 125077
95.40 125095
95.41 125107
95.42 125120
95.43 125133
95.44 125148
95.45 125160
95.46 125175
95.47 125187
95.48 125204
95.49 125216
95.50 125228
95.51 125240
95.52 125252
95.53 125268
95.54 125275
95.55 125283
95.56 125299
95.57 125312
95.58 125322
95.59 125328
95.60 125341
95.61 125355
95.62 125368
95.63 125385
95.64 125405
95.65 125422
95.66 125436
95.67 125449
95.68 125464
95.69 125472
95.70 125492
95.71 125509
95.72 125525
95.73 125544
95.74 125562
95.75 125579
95.76 125592
95.77 125606
95.78 125618
95.79 125636
95.80 125649
95.81 125662
95.82 125677
95.83 125691
95.84 125706
95.85 125725
95.86 125739
95.87 125750
95.88 125768
95.89 125781
95.90 125796
95.91 125811
95.92 125828
95.93 125845
95.94 125860
95.95 125872
95.96 125883
95.97 125894
95.98 125914
96.00 125930
96.01 125942
96.02 125955
96.03 125973
96.04 125986
96.05 125999
96.06 126007
96.07 126022
96.08 126033
96.09 126046
96.10 126062
96.11 126082
96.12 126096
96.13 126106
96.14 126118
96.15 126121
96.16 126131
96.17 126133
96.18 126145
96.19 126159
96.20 126170
96.21 126178
96.22 126192
96.23 126208
96.24 126223
96.25 126240
96.26 126249
96.27 126265
96.28 126272
96.29 126287
96.30 126293
96.31 126307
96.32 126313
96.33 126319
96.34 126331
96.35 126344
96.36 126356
96.37 126369
96.38 126380
96.39 126392
96.40 126400
96.41 126416
96.42 126422
96.43 126427
96.44 126435
96.45 126442
96.46 126449
96.47 126455
96.48 126459
96.49 126474
96.50 126487
96.51 126497
96.52 126505
96.53 126520
96.54 126535
96.55 126543
96.56 126552
96.57 126564
96.58 126580
96.59 126599
96.60 126610
96.61 126625
96.62 126639
96.63 126653
96.64 126670
96.65 126688
96.66 126704
96.67 126719
96.68 126737
96.69 126750
96.70 126765
96.71 126782
96.72 126795
96.73 126809
96.74 126822
96.75 126833
96.76 126850
96.77 126862
96.78 126871
96.79 126884
96.80 126898
96.81 126910
96.82 126923
96.83 126932
96.84 126945
96.85 126958
96.86 126965
96.87 126976
96.88 126984
96.89 126995
96.90 127007
96.91 127015
96.92 127030
96.93 127042
96.94 127048
96.95 127065
96.96 127075
96.98 127086
96.99 127109
97.00 127126
97.01 127138
97.02 127151
97.03 127160
97.04 127166
97.05 127180
97.06 127182
97.07 127189
97.08 127202
97.09 127207
97.10 127218
97.11 127234
97.12 127240
97.13 127260
97.14 127268
97.15 127275
97.16 127287
97.17 127308
97.18 127323
97.19 127332
97.20 127341
97.21 127347
97.22 127352
97.23 127366
97.24 127373
97.25 127383
97.26 127394
97.27 127398
97.28 127407
97.29 127419
97.30 127423
97.31 127427
97.32 127431
97.33 127432
97.34 127439
97.35 127457
97.36 127479
97.37 127489
97.38 127502
97.39 127517
97.40 127531
97.41 127543
97.42 127558
97.43 127574
97.44 127590
97.45 127600
97.46 127613
97.47 127625
97.48 127636
97.49 127654
97.50 127674
97.51 127683
97.52 127692
97.53 127713
97.54 127726
97.55 127742
97.56 127769
97.57 127798
97.58 127815
97.59 127828
97.60 127847
97.61 127868
97.62 127882
97.63 127898
97.64 127911
97.65 127919
97.66 127932
97.67 127943
97.68 127962
97.69 127971
97.70 127983
97.71 127991
97.72 127995
97.73 127999
97.74 128002
97.75 128017
97.76 128027
97.77 128037
97.78 128043
97.79 128045
97.80 128052
97.81 128057
97.82 128062
97.83 128067
97.84 128080
97.85 128095
97.86 128115
97.87 128137
97.88 128156
97.89 128174
97.90 128196
97.91 128211
97.92 128218
97.93 128230
97.94 128247
97.95 128260
97.97 128265
97.98 128268
97.99 128277
98.00 128281
98.01 128292
98.02 128306
98.03 128316
98.04 128330
98.05 128343
98.06 128359
98.07 128377
98.08 128394
98.09 128420
98.10 128440
98.11 128442
98.12 128443
98.13 128451
98.14 128451
98.15 128452
98.16 128453
98.17 128453
98.18 128453
98.19 128454
98.20 128458
98.21 128458
98.22 128458
98.23 128466
98.24 128466
98.25 128467
98.26 128469
98.27 128470
98.28 128471
98.29 128475
98.30 128491
98.31 128500
98.32 128502
98.33 128506
98.34 128512
98.35 128520
98.36 128525
98.37 128546
98.38 128562
98.39 128570
98.40 128574
98.41 128583
98.42 128586
98.43 128612
98.44 128626
98.45 128649
98.46 128661
98.47 128676
98.48 128687
98.49 128703
98.50 128720
98.51 128733
98.52 128753
98.53 128771
98.54 128793
98.55 128806
98.56 128819
98.57 128833
98.58 128851
98.59 128867
98.60 128881
98.61 128895
98.62 128912
98.63 128932
98.64 128945
98.65 128965
98.66 128981
98.67 128994
98.68 129009
98.69 129032
98.70 129048
98.71 129067
98.72 129087
98.73 129105
98.74 129123
98.75 129141
98.76 129157
98.77 129174
98.78 129194
98.79 129212
98.80 129225
98.81 129238
98.82 129256
98.83 129267
98.84 129284
98.85 129301
98.86 129310
98.87 129314
98.88 129317
98.89 129320
98.90 129324
98.91 129326
98.92 129330
98.93 129343
98.95 129352
98.96 129358
98.97 129370
98.98 129384
98.99 129396
99.00 129409
99.01 129422
99.02 129430
99.03 129452
99.04 129468
99.05 129483
99.06 129500
99.07 129519
99.08 129554
99.09 129582
99.10 129606
99.11 129620
99.12 129634
99.13 129646
99.14 129664
99.15 129680
99.16 129697
99.17 129712
99.18 129732
99.19 129750
99.20 129764
99.21 129782
99.22 129804
99.23 129820
99.24 129835
99.25 129851
99.26 129870
99.27 129887
99.28 129909
99.29 129925
99.30 129937
99.31 129956
99.32 129978
99.33 129994
99.34 130014
99.35 130026
99.36 130043
99.37 130062
99.38 130077
99.39 130096
99.40 130111
99.41 130129
99.42 130144
99.43 130155
99.44 130170
99.45 130186
99.46 130202
99.47 130224
99.48 130241
99.49 130253
99.50 130268
99.51 130288
99.52 130308
99.53 130326
99.54 130345
99.55 130361
99.56 130377
99.57 130393
99.58 130405
99.59 130419
99.60 130436
99.61 130457
99.62 130482
99.63 130501
99.64 130515
99.65 130534
99.66 130554
99.67 130573
99.68 130598
99.69 130621
99.70 130651
99.71 130668
99.72 130682
99.73 130697
99.74 130709
99.75 130722
99.76 130735
99.77 130752
99.78 130771
99.79 130786
99.80 130800
99.81 130813
99.82 130826
99.83 130846
99.84 130866
99.85 130888
99.86 130904
99.87 130920
99.88 130936
99.89 130957
99.90 130973
99.91 130985
99.92 131002
99.94 131021
99.95 131034
99.96 131049
99.97 131075
99.98 131099
99.99 131114
100.00 131132
