0.00 0
0.01 16
0.02 31
0.03 44
0.04 53
0.05 66
0.06 75
0.07 77
0.08 80
0.10 83
0.11 93
0.12 103
0.13 109
0.14 115
0.15 122
0.16 130
0.17 137
0.18 144
0.19 152
0.20 156
0.21 163
0.22 166
0.23 168
0.24 169
0.25 173
0.26 174
0.28 177
0.29 179
0.30 179
0.31 182
0.32 182
0.33 183
0.34 183
0.35 185
0.36 185
0.37 187
0.38 188
0.39 188
0.40 190
0.41 190
0.42 191
0.43 191
0.44 193
0.45 193
0.47 194
0.48 194
0.49 196
0.50 196
0.51 197
0.52 197
0.53 198
0.54 198
0.55 198
0.56 200
0.57 203
0.58 203
0.59 204
0.60 209
0.61 212
0.62 218
0.63 222
0.65 223
0.66 230
0.67 235
0.68 244
0.69 247
0.70 251
0.71 258
0.72 261
0.73 264
0.74 269
0.75 278
0.76 282
0.77 284
0.78 288
0.79 290
0.80 292
0.81 294
0.83 298
0.84 302
0.85 306
0.86 306
0.87 310
0.88 312
0.89 314
0.90 318
0.91 324
0.92 336
0.93 340
0.94 342
0.95 347
0.96 348
0.97 349
0.98 349
0.99 353
1.01 355
1.02 355
1.03 357
1.04 358
1.05 361
1.06 361
1.07 361
1.08 362
1.09 362
1.10 362
1.11 362
1.12 366
1.13 368
1.14 368
1.15 368
1.16 371
1.17 371
1.19 371
1.20 371
1.21 376
1.22 378
1.23 378
1.24 382
1.25 384
1.26 389
1.27 389
1.28 393
1.29 398
1.30 399
1.31 401
1.32 403
1.33 403
1.34 407
1.35 407
1.36 407
1.38 412
1.39 413
1.40 413
1.41 415
1.42 415
1.43 421
1.44 422
1.45 422
1.46 427
1.47 429
1.48 430
1.49 430
1.50 434
1.51 434
1.52 434
1.53 436
1.54 436
1.56 436
1.57 437
1.58 439
1.59 439
1.60 440
1.61 442
1.62 446
1.63 446
1.64 451
1.65 451
1.66 453
1.67 454
1.68 455
1.69 455
1.70 460
1.71 460
1.72 460
1.74 463
1.75 464
1.76 465
1.77 469
1.78 471
1.79 475
1.80 475
1.81 481
1.82 484
1.83 487
1.84 488
1.85 488
1.86 495
1.87 503
1.88 503
1.89 507
1.90 512
1.92 519
1.93 528
1.94 535
1.95 541
1.96 547
1.97 555
1.98 556
1.99 560
2.00 569
2.01 576
2.02 582
2.03 586
2.04 595
2.05 603
2.06 607
2.07 617
2.08 624
2.10 633
2.11 641
2.12 646
2.13 653
2.14 658
2.15 663
2.16 669
2.17 675
2.18 680
2.19 685
2.20 693
2.21 696
2.22 702
2.23 706
2.24 716
2.25 719
2.26 720
2.27 722
2.29 724
2.30 725
2.31 725
2.32 725
2.33 728
2.34 737
2.35 741
2.36 746
2.37 752
2.38 757
2.39 761
2.40 767
2.41 771
2.42 777
2.43 783
2.44 789
2.45 791
2.47 796
2.48 800
2.49 806
2.50 809
2.51 814
2.52 820
2.53 826
2.54 830
2.55 836
2.56 842
2.57 848
2.58 854
2.59 859
2.60 864
2.61 869
2.62 876
2.63 880
2.65 885
2.66 890
2.67 895
2.68 899
2.69 905
2.70 912
2.71 917
2.72 924
2.73 928
2.74 932
2.75 938
2.76 945
2.77 949
2.78 955
2.79 961
2.80 964
2.81 965
2.83 969
2.84 975
2.85 979
2.86 984
2.87 988
2.88 993
2.89 1002
2.90 1008
2.91 1015
2.92 1021
2.93 1023
2.94 1024
2.95 1030
2.96 1032
2.97 1040
2.98 1047
2.99 1052
3.01 1055
3.02 1056
3.03 1062
3.04 1069
3.05 1072
3.06 1077
3.07 1082
3.08 1087
3.09 1093
3.10 1097
3.11 1099
3.12 1102
3.13 1108
3.14 1113
3.15 1118
3.16 1125
3.17 1130
3.18 1134
3.20 1141
3.21 1149
3.22 1154
3.23 1156
3.24 1157
3.25 1159
3.26 1162
3.27 1167
3.28 1171
3.29 1175
3.30 1176
3.31 1183
3.32 1189
3.33 1194
3.34 1198
3.35 1203
3.36 1206
3.38 1212
3.39 1213
3.40 1215
3.41 1222
3.42 1229
3.43 1235
3.44 1239
3.45 1244
3.46 1250
3.47 1254
3.48 1259
3.49 1262
3.50 1268
3.51 1275
3.52 1280
3.53 1284
3.54 1289
3.56 1292
3.57 1297
3.58 1302
3.59 1307
3.60 1311
3.61 1316
3.62 1320
3.63 1324
3.64 1330
3.65 1334
3.66 1341
3.67 1347
3.68 1357
3.69 1361
3.70 1363
3.71 1365
3.72 1368
3.74 1371
3.75 1374
3.76 1379
3.77 1385
3.78 1389
3.79 1389
3.80 1398
3.81 1401
3.82 1403
3.83 1410
3.84 1412
3.85 1417
3.86 1420
3.87 1420
3.88 1426
3.89 1432
3.90 1436
3.92 1438
3.93 1440
3.94 1445
3.95 1449
3.96 1454
3.97 1462
3.98 1468
3.99 1471
4.00 1474
4.01 1474
4.02 1481
4.03 1490
4.04 1497
4.05 1501
4.06 1507
4.07 1513
4.08 1519
4.09 1523
4.11 1528
4.12 1533
4.13 1541
4.14 1548
4.15 1552
4.16 1559
4.17 1562
4.18 1567
4.19 1572
4.20 1577
4.21 1580
4.22 1587
4.23 1591
4.24 1597
4.25 1598
4.26 1601
4.27 1606
4.29 1611
4.30 1619
4.31 1627
4.32 1635
4.33 1639
4.34 1642
4.35 1646
4.36 1649
4.37 1653
4.38 1656
4.39 1660
4.40 1664
4.41 1668
4.42 1673
4.43 1678
4.44 1683
4.45 1689
4.47 1693
4.48 1698
4.49 1703
4.50 1707
4.51 1710
4.52 1716
4.53 1720
4.54 1726
4.55 1730
4.56 1735
4.57 1738
4.58 1741
4.59 1745
4.60 1747
4.61 1751
4.62 1756
4.63 1760
4.65 1763
4.66 1766
4.67 1771
4.68 1776
4.69 1778
4.70 1785
4.71 1788
4.72 1795
4.73 1801
4.74 1805
4.75 1809
4.76 1817
4.77 1825
4.78 1829
4.79 1832
4.80 1835
4.81 1837
4.83 1842
4.84 1848
4.85 1854
4.86 1860
4.87 1863
4.88 1864
4.89 1866
4.90 1868
4.91 1874
4.92 1881
4.93 1887
4.94 1892
4.95 1897
4.96 1901
4.97 1906
4.98 1913
4.99 1920
5.00 1924
5.02 1930
5.03 1937
5.04 1943
5.05 1948
5.06 1952
5.07 1957
5.08 1966
5.09 1972
5.10 1976
5.11 1980
5.12 1984
5.13 1990
5.14 1994
5.15 1998
5.16 2001
5.17 2006
5.18 2010
5.20 2016
5.21 2019
5.22 2023
5.23 2024
5.24 2030
5.25 2035
5.26 2036
5.27 2038
5.28 2043
5.29 2047
5.30 2053
5.31 2058
5.32 2064
5.33 2069
5.34 2073
5.35 2079
5.36 2085
5.38 2091
5.39 2095
5.40 2100
5.41 2105
5.42 2110
5.43 2117
5.44 2123
5.45 2129
5.46 2136
5.47 2142
5.48 2148
5.49 2154
5.50 2156
5.51 2160
5.52 2165
5.53 2170
5.54 2176
5.56 2179
5.57 2183
5.58 2187
5.59 2192
5.60 2197
5.61 2204
5.62 2208
5.63 2214
5.64 2218
5.65 2220
5.66 2222
5.67 2223
5.68 2224
5.69 2226
5.70 2231
5.71 2237
5.72 2242
5.74 2248
5.75 2252
5.76 2259
5.77 2264
5.78 2268
5.79 2272
5.80 2276
5.81 2284
5.82 2290
5.83 2292
5.84 2295
5.85 2302
5.86 2305
5.87 2309
5.88 2312
5.89 2319
5.90 2324
5.91 2327
5.93 2330
5.94 2333
5.95 2338
5.96 2343
5.97 2347
5.98 2354
5.99 2358
6.00 2362
6.01 2367
6.02 2370
6.03 2374
6.04 2377
6.05 2381
6.06 2384
6.07 2388
6.08 2391
6.09 2395
6.11 2399
6.12 2403
6.13 2408
6.14 2414
6.15 2417
6.16 2423
6.17 2427
6.18 2430
6.19 2435
6.20 2441
6.21 2443
6.22 2447
6.23 2451
6.24 2456
6.25 2459
6.26 2465
6.27 2470
6.29 2474
6.30 2477
6.31 2482
6.32 2486
6.33 2490
6.34 2492
6.35 2493
6.36 2493
6.37 2497
6.38 2502
6.39 2506
6.40 2511
6.41 2516
6.42 2520
6.43 2526
6.44 2532
6.45 2536
6.47 2540
6.48 2547
6.49 2550
6.50 2555
6.51 2563
6.52 2568
6.53 2572
6.54 2576
6.55 2581
6.56 2586
6.57 2589
6.58 2593
6.59 2598
6.60 2603
6.61 2607
6.62 2611
6.63 2612
6.65 2620
6.66 2623
6.67 2626
6.68 2632
6.69 2636
6.70 2640
6.71 2641
6.72 2645
6.73 2651
6.74 2658
6.75 2665
6.76 2671
6.77 2678
6.78 2682
6.79 2686
6.80 2690
6.81 2697
6.82 2702
6.84 2706
6.85 2712
6.86 2716
6.87 2722
6.88 2725
6.89 2729
6.90 2733
6.91 2736
6.92 2740
6.93 2747
6.94 2752
6.95 2758
6.96 2762
6.97 2770
6.98 2775
6.99 2780
7.00 2783
7.02 2789
7.03 2793
7.04 2797
7.05 2803
7.06 2808
7.07 2813
7.08 2819
7.09 2822
7.10 2822
7.11 2825
7.12 2830
7.13 2837
7.14 2842
7.15 2844
7.16 2847
7.17 2854
7.18 2859
7.20 2865
7.21 2866
7.22 2869
7.23 2874
7.24 2880
7.25 2882
7.26 2887
7.27 2891
7.28 2894
7.29 2899
7.30 2907
7.31 2916
7.32 2920
7.33 2922
7.34 2926
7.35 2927
7.36 2930
7.38 2934
7.39 2938
7.40 2942
7.41 2944
7.42 2950
7.43 2954
7.44 2959
7.45 2964
7.46 2970
7.47 2978
7.48 2985
7.49 2991
7.50 2996
7.51 3002
7.52 3005
7.53 3006
7.54 3011
7.56 3019
7.57 3022
7.58 3025
7.59 3028
7.60 3037
7.61 3044
7.62 3051
7.63 3058
7.64 3065
7.65 3070
7.66 3072
7.67 3075
7.68 3078
7.69 3080
7.70 3083
7.71 3088
7.72 3094
7.73 3098
7.75 3103
7.76 3107
7.77 3114
7.78 3120
7.79 3123
7.80 3127
7.81 3133
7.82 3138
7.83 3142
7.84 3149
7.85 3156
7.86 3162
7.87 3163
7.88 3167
7.89 3172
7.90 3177
7.91 3183
7.93 3188
7.94 3192
7.95 3199
7.96 3205
7.97 3211
7.98 3218
7.99 3222
8.00 3229
8.01 3233
8.02 3238
8.03 3242
8.04 3245
8.05 3252
8.06 3258
8.07 3264
8.08 3275
8.09 3278
8.11 3283
8.12 3285
8.13 3286
8.14 3292
8.15 3298
8.16 3303
8.17 3305
8.18 3310
8.19 3313
8.20 3316
8.21 3321
8.22 3325
8.23 3331
8.24 3336
8.25 3338
8.26 3342
8.27 3350
8.29 3354
8.30 3358
8.31 3365
8.32 3368
8.33 3373
8.34 3377
8.35 3381
8.36 3383
8.37 3387
8.38 3388
8.39 3394
8.40 3400
8.41 3406
8.42 3412
8.43 3416
8.44 3421
8.45 3428
8.47 3436
8.48 3445
8.49 3449
8.50 3453
8.51 3458
8.52 3462
8.53 3465
8.54 3471
8.55 3475
8.56 3480
8.57 3486
8.58 3491
8.59 3496
8.60 3500
8.61 3503
8.62 3508
8.63 3516
8.64 3521
8.66 3527
8.67 3531
8.68 3535
8.69 3541
8.70 3543
8.71 3547
8.72 3550
8.73 3554
8.74 3558
8.75 3563
8.76 3567
8.77 3572
8.78 3577
8.79 3581
8.80 3585
8.81 3588
8.82 3591
8.84 3594
8.85 3597
8.86 3602
8.87 3609
8.88 3613
8.89 3617
8.90 3622
8.91 3626
8.92 3629
8.93 3633
8.94 3637
8.95 3643
8.96 3648
8.97 3656
8.98 3661
8.99 3667
9.00 3670
9.02 3678
9.03 3683
9.04 3686
9.05 3691
9.06 3694
9.07 3697
9.08 3702
9.09 3704
9.10 3710
9.11 3714
9.12 3719
9.13 3723
9.14 3725
9.15 3729
9.16 3734
9.17 3739
9.18 3742
9.20 3744
9.21 3747
9.22 3750
9.23 3755
9.24 3758
9.25 3762
9.26 3767
9.27 3770
9.28 3776
9.29 3780
9.30 3785
9.31 3788
9.32 3794
9.33 3801
9.34 3805
9.35 3811
9.36 3819
9.38 3827
9.39 3829
9.40 3834
9.41 3841
9.42 3849
9.43 3855
9.44 3861
9.45 3866
9.46 3873
9.47 3877
9.48 3879
9.49 3883
9.50 3889
9.51 3895
9.52 3897
9.53 3901
9.54 3904
9.55 3905
9.57 3909
9.58 3914
9.59 3918
9.60 3920
9.61 3922
9.62 3925
9.63 3928
9.64 3932
9.65 3936
9.66 3940
9.67 3943
9.68 3949
9.69 3954
9.70 3959
9.71 3962
9.72 3970
9.73 3974
9.75 3979
9.76 3981
9.77 3985
9.78 3988
9.79 3991
9.80 3994
9.81 3999
9.82 4005
9.83 4009
9.84 4014
9.85 4016
9.86 4018
9.87 4018
9.88 4023
9.89 4026
9.90 4032
9.91 4035
9.93 4040
9.94 4047
9.95 4051
9.96 4054
9.97 4058
9.98 4061
9.99 4066
10.00 4070
10.01 4074
10.02 4079
10.03 4082
10.04 4086
10.05 4092
10.06 4097
10.07 4104
10.08 4108
10.09 4113
10.11 4118
10.12 4125
10.13 4129
10.14 4132
10.15 4137
10.16 4142
10.17 4146
10.18 4148
10.19 4150
10.20 4150
10.21 4155
10.22 4158
10.23 4163
10.24 4167
10.25 4172
10.26 4177
10.27 4182
10.29 4185
10.30 4189
10.31 4194
10.32 4198
10.33 4202
10.34 4207
10.35 4213
10.36 4217
10.37 4219
10.38 4222
10.39 4226
10.40 4231
10.41 4239
10.42 4243
10.43 4249
10.44 4253
10.45 4255
10.46 4259
10.48 4266
10.49 4271
10.50 4274
10.51 4280
10.52 4284
10.53 4288
10.54 4293
10.55 4298
10.56 4302
10.57 4308
10.58 4311
10.59 4314
10.60 4318
10.61 4323
10.62 4327
10.63 4334
10.64 4340
10.66 4344
10.67 4347
10.68 4352
10.69 4356
10.70 4359
10.71 4365
10.72 4368
10.73 4371
10.74 4375
10.75 4383
10.76 4388
10.77 4390
10.78 4395
10.79 4400
10.80 4404
10.81 4411
10.82 4416
10.84 4420
10.85 4422
10.86 4427
10.87 4430
10.88 4435
10.89 4439
10.90 4443
10.91 4451
10.92 4456
10.93 4461
10.94 4464
10.95 4466
10.96 4471
10.97 4474
10.98 4479
10.99 4482
11.00 4486
11.02 4489
11.03 4493
11.04 4495
11.05 4496
11.06 4502
11.07 4506
11.08 4510
11.09 4514
11.10 4517
11.11 4520
11.12 4526
11.13 4533
11.14 4537
11.15 4539
11.16 4545
11.17 4550
11.18 4552
11.20 4556
11.21 4561
11.22 4568
11.23 4574
11.24 4580
11.25 4584
11.26 4591
11.27 4598
11.28 4602
11.29 4607
11.30 4611
11.31 4615
11.32 4621
11.33 4625
11.34 4628
11.35 4632
11.36 4638
11.37 4641
11.39 4646
11.40 4651
11.41 4655
11.42 4659
11.43 4667
11.44 4675
11.45 4684
11.46 4691
11.47 4695
11.48 4698
11.49 4703
11.50 4710
11.51 4715
11.52 4721
11.53 4724
11.54 4727
11.55 4734
11.57 4738
11.58 4742
11.59 4747
11.60 4749
11.61 4753
11.62 4760
11.63 4764
11.64 4770
11.65 4776
11.66 4782
11.67 4786
11.68 4790
11.69 4793
11.70 4801
11.71 4806
11.72 4809
11.73 4814
11.75 4819
11.76 4822
11.77 4830
11.78 4835
11.79 4840
11.80 4846
11.81 4854
11.82 4858
11.83 4862
11.84 4866
11.85 4869
11.86 4871
11.87 4876
11.88 4882
11.89 4885
11.90 4888
11.91 4891
11.93 4897
11.94 4901
11.95 4908
11.96 4911
11.97 4914
11.98 4917
11.99 4923
12.00 4925
12.01 4927
12.02 4931
12.03 4935
12.04 4937
12.05 4939
12.06 4942
12.07 4944
12.08 4946
12.09 4949
12.11 4954
12.12 4959
12.13 4966
12.14 4971
12.15 4977
12.16 4983
12.17 4988
12.18 4992
12.19 4995
12.20 4997
12.21 5000
12.22 5006
12.23 5012
12.24 5017
12.25 5020
12.26 5026
12.27 5031
12.28 5036
12.30 5038
12.31 5043
12.32 5048
12.33 5055
12.34 5059
12.35 5064
12.36 5065
12.37 5067
12.38 5072
12.39 5077
12.40 5083
12.41 5088
12.42 5091
12.43 5097
12.44 5104
12.45 5108
12.46 5113
12.48 5119
12.49 5123
12.50 5128
12.51 5132
12.52 5139
12.53 5143
12.54 5150
12.55 5157
12.56 5162
12.57 5167
12.58 5175
12.59 5178
12.60 5186
12.61 5191
12.62 5199
12.63 5202
12.64 5208
12.66 5215
12.67 5221
12.68 5229
12.69 5234
12.70 5239
12.71 5246
12.72 5254
12.73 5259
12.74 5262
12.75 5265
12.76 5269
12.77 5275
12.78 5279
12.79 5282
12.80 5289
12.81 5294
12.82 5299
12.84 5306
12.85 5310
12.86 5312
12.87 5319
12.88 5323
12.89 5326
12.90 5330
12.91 5333
12.92 5337
12.93 5339
12.94 5345
12.95 5349
12.96 5351
12.97 5358
12.98 5362
12.99 5368
13.00 5373
13.02 5376
13.03 5382
13.04 5384
13.05 5388
13.06 5391
13.07 5395
13.08 5399
13.09 5402
13.10 5408
13.11 5411
13.12 5415
13.13 5420
13.14 5425
13.15 5430
13.16 5433
13.17 5438
13.18 5444
13.19 5448
13.21 5451
13.22 5454
13.23 5458
13.24 5463
13.25 5467
13.26 5472
13.27 5478
13.28 5483
13.29 5487
13.30 5491
13.31 5493
13.32 5497
13.33 5500
13.34 5505
13.35 5509
13.36 5515
13.37 5520
13.39 5525
13.40 5532
13.41 5537
13.42 5543
13.43 5546
13.44 5551
13.45 5553
13.46 5558
13.47 5562
13.48 5563
13.49 5568
13.50 5573
13.51 5577
13.52 5582
13.53 5588
13.54 5591
13.55 5595
13.57 5598
13.58 5601
13.59 5605
13.60 5610
13.61 5613
13.62 5619
13.63 5624
13.64 5629
13.65 5634
13.66 5639
13.67 5645
13.68 5650
13.69 5656
13.70 5661
13.71 5665
13.72 5672
13.73 5677
13.75 5681
13.76 5687
13.77 5691
13.78 5693
13.79 5697
13.80 5701
13.81 5706
13.82 5709
13.83 5713
13.84 5717
13.85 5721
13.86 5724
13.87 5732
13.88 5737
13.89 5742
13.90 5745
13.91 5749
13.93 5757
13.94 5762
13.95 5768
13.96 5773
13.97 5777
13.98 5782
13.99 5784
14.00 5787
14.01 5789
14.02 5793
14.03 5794
14.04 5797
14.05 5798
14.06 5803
14.07 5809
14.08 5813
14.09 5817
14.10 5821
14.12 5823
14.13 5827
14.14 5830
14.15 5833
14.16 5836
14.17 5838
14.18 5842
14.19 5848
14.20 5852
14.21 5857
14.22 5860
14.23 5866
14.24 5870
14.25 5875
14.26 5881
14.27 5887
14.28 5892
14.30 5897
14.31 5902
14.32 5907
14.33 5911
14.34 5915
14.35 5918
14.36 5923
14.37 5925
14.38 5931
14.39 5936
14.40 5941
14.41 5947
14.42 5952
14.43 5954
14.44 5958
14.45 5964
14.46 5968
14.48 5969
14.49 5972
14.50 5979
14.51 5987
14.52 5992
14.53 5996
14.54 6000
14.55 6006
14.56 6014
14.57 6020
14.58 6024
14.59 6027
14.60 6031
14.61 6032
14.62 6036
14.63 6039
14.64 6040
14.66 6043
14.67 6047
14.68 6054
14.69 6057
14.70 6063
14.71 6069
14.72 6075
14.73 6084
14.74 6090
14.75 6095
14.76 6098
14.77 6102
14.78 6106
14.79 6113
14.80 6117
14.81 6122
14.82 6129
14.83 6135
14.85 6142
14.86 6147
14.87 6151
14.88 6159
14.89 6162
14.90 6166
14.91 6167
14.92 6170
14.93 6174
14.94 6177
14.95 6181
14.96 6186
14.97 6187
14.98 6189
14.99 6191
15.00 6199
15.01 6202
15.03 6204
15.04 6209
15.05 6213
15.06 6217
15.07 6219
15.08 6222
15.09 6225
15.10 6229
15.11 6235
15.12 6238
15.13 6241
15.14 6244
15.15 6252
15.16 6256
15.17 6262
15.18 6268
15.19 6272
15.21 6275
15.22 6279
15.23 6283
15.24 6287
15.25 6293
15.26 6297
15.27 6301
15.28 6305
15.29 6310
15.30 6315
15.31 6319
15.32 6322
15.33 6327
15.34 6333
15.35 6338
15.36 6344
15.37 6347
15.39 6351
15.40 6355
15.41 6359
15.42 6365
15.43 6368
15.44 6373
15.45 6378
15.46 6382
15.47 6390
15.48 6395
15.49 6401
15.50 6405
15.51 6407
15.52 6411
15.53 6416
15.54 6420
15.55 6424
15.57 6429
15.58 6434
15.59 6438
15.60 6444
15.61 6448
15.62 6452
15.63 6457
15.64 6462
15.65 6469
15.66 6472
15.67 6479
15.68 6481
15.69 6485
15.70 6489
15.71 6493
15.72 6497
15.73 6502
15.74 6507
15.76 6511
15.77 6517
15.78 6521
15.79 6526
15.80 6531
15.81 6538
15.82 6543
15.83 6550
15.84 6553
15.85 6558
15.86 6562
15.87 6567
15.88 6570
15.89 6575
15.90 6580
15.91 6587
15.92 6593
15.94 6599
15.95 6604
15.96 6607
15.97 6612
15.98 6618
15.99 6623
16.00 6628
16.01 6633
16.02 6635
16.03 6637
16.04 6641
16.05 6646
16.06 6654
16.07 6655
16.08 6659
16.09 6661
16.10 6663
16.12 6667
16.13 6673
16.14 6677
16.15 6680
16.16 6684
16.17 6686
16.18 6688
16.19 6693
16.20 6697
16.21 6702
16.22 6708
16.23 6712
16.24 6716
16.25 6721
16.26 6725
16.27 6729
16.28 6732
16.30 6736
16.31 6740
16.32 6745
16.33 6749
16.34 6750
16.35 6754
16.36 6760
16.37 6766
16.38 6769
16.39 6774
16.40 6778
16.41 6783
16.42 6787
16.43 6794
16.44 6800
16.45 6807
16.46 6809
16.48 6810
16.49 6814
16.50 6820
16.51 6824
16.52 6830
16.53 6833
16.54 6835
16.55 6839
16.56 6842
16.57 6845
16.58 6848
16.59 6849
16.60 6852
16.61 6858
16.62 6863
16.63 6868
16.64 6873
16.65 6879
16.67 6886
16.68 6893
16.69 6898
16.70 6902
16.71 6908
16.72 6912
16.73 6918
16.74 6921
16.75 6926
16.76 6929
16.77 6933
16.78 6937
16.79 6943
16.80 6948
16.81 6952
16.82 6952
16.83 6959
16.85 6961
16.86 6963
16.87 6969
16.88 6974
16.89 6979
16.90 6984
16.91 6989
16.92 6996
16.93 7000
16.94 7005
16.95 7008
16.96 7012
16.97 7014
16.98 7021
16.99 7024
17.00 7030
17.01 7036
17.03 7039
17.04 7041
17.05 7046
17.06 7049
17.07 7053
17.08 7059
17.09 7064
17.10 7067
17.11 7073
17.12 7078
17.13 7084
17.14 7087
17.15 7096
17.16 7100
17.17 7105
17.18 7111
17.19 7117
17.21 7122
17.22 7128
17.23 7132
17.24 7137
17.25 7144
17.26 7149
17.27 7152
17.28 7157
17.29 7161
17.30 7165
17.31 7170
17.32 7176
17.33 7184
17.34 7189
17.35 7193
17.36 7197
17.37 7200
17.39 7207
17.40 7211
17.41 7213
17.42 7218
17.43 7224
17.44 7229
17.45 7233
17.46 7239
17.47 7244
17.48 7248
17.49 7252
17.50 7254
17.51 7260
17.52 7262
17.53 7266
17.54 7271
17.55 7277
17.56 7282
17.58 7285
17.59 7292
17.60 7300
17.61 7304
17.62 7309
17.63 7311
17.64 7316
17.65 7322
17.66 7326
17.67 7329
17.68 7333
17.69 7336
17.70 7343
17.71 7347
17.72 7353
17.73 7359
17.74 7365
17.76 7370
17.77 7373
17.78 7376
17.79 7380
17.80 7387
17.81 7391
17.82 7396
17.83 7401
17.84 7406
17.85 7409
17.86 7413
17.87 7415
17.88 7419
17.89 7425
17.90 7430
17.91 7432
17.92 7435
17.94 7441
17.95 7444
17.96 7448
17.97 7452
17.98 7456
17.99 7459
18.00 7463
18.01 7468
18.02 7473
18.03 7478
18.04 7481
18.05 7485
18.06 7487
18.07 7492
18.08 7496
18.09 7502
18.10 7505
18.12 7510
18.13 7514
18.14 7520
18.15 7523
18.16 7530
18.17 7536
18.18 7543
18.19 7551
18.20 7555
18.21 7560
18.22 7564
18.23 7570
18.24 7573
18.25 7579
18.26 7583
18.27 7587
18.28 7592
18.30 7597
18.31 7604
18.32 7610
18.33 7617
18.34 7623
18.35 7627
18.36 7633
18.37 7637
18.38 7640
18.39 7644
18.40 7653
18.41 7659
18.42 7663
18.43 7670
18.44 7676
18.45 7679
18.46 7684
18.47 7691
18.49 7698
18.50 7701
18.51 7706
18.52 7712
18.53 7720
18.54 7722
18.55 7727
18.56 7735
18.57 7742
18.58 7749
18.59 7755
18.60 7756
18.61 7760
18.62 7767
18.63 7769
18.64 7771
18.65 7775
18.67 7779
18.68 7783
18.69 7787
18.70 7791
18.71 7794
18.72 7799
18.73 7803
18.74 7807
18.75 7812
18.76 7817
18.77 7823
18.78 7827
18.79 7831
18.80 7832
18.81 7839
18.82 7847
18.83 7850
18.85 7851
18.86 7854
18.87 7858
18.88 7862
18.89 7867
18.90 7871
18.91 7877
18.92 7883
18.93 7886
18.94 7889
18.95 7898
18.96 7904
18.97 7909
18.98 7911
18.99 7914
19.00 7917
19.01 7922
19.03 7926
19.04 7931
19.05 7935
19.06 7940
19.07 7943
19.08 7944
19.09 7947
19.10 7952
19.11 7955
19.12 7955
19.13 7959
19.14 7964
19.15 7968
19.16 7976
19.17 7979
19.18 7986
19.19 7989
19.21 7992
19.22 7996
19.23 8002
19.24 8006
19.25 8012
19.26 8018
19.27 8023
19.28 8029
19.29 8032
19.30 8037
19.31 8042
19.32 8047
19.33 8051
19.34 8058
19.35 8066
19.36 8071
19.37 8076
19.38 8080
19.40 8083
19.41 8085
19.42 8089
19.43 8092
19.44 8095
19.45 8099
19.46 8102
19.47 8109
19.48 8116
19.49 8121
19.50 8125
19.51 8130
19.52 8136
19.53 8141
19.54 8145
19.55 8151
19.56 8161
19.58 8167
19.59 8172
19.60 8178
19.61 8182
19.62 8188
19.63 8195
19.64 8201
19.65 8207
19.66 8211
19.67 8216
19.68 8219
19.69 8220
19.70 8221
19.71 8227
19.72 8228
19.73 8232
19.74 8235
19.76 8243
19.77 8247
19.78 8253
19.79 8256
19.80 8260
19.81 8264
19.82 8268
19.83 8271
19.84 8276
19.85 8280
19.86 8283
19.87 8287
19.88 8292
19.89 8297
19.90 8300
19.91 8304
19.92 8305
19.94 8309
19.95 8311
19.96 8315
19.97 8320
19.98 8321
19.99 8324
20.00 8326
20.01 8330
20.02 8332
20.03 8337
20.04 8339
20.05 8343
20.06 8347
20.07 8354
20.08 8359
20.09 8361
20.10 8367
20.12 8372
20.13 8374
20.14 8380
20.15 8384
20.16 8387
20.17 8392
20.18 8398
20.19 8405
20.20 8413
20.21 8416
20.22 8418
20.23 8420
20.24 8422
20.25 8427
20.26 8429
20.27 8430
20.28 8433
20.29 8436
20.31 8441
20.32 8447
20.33 8455
20.34 8460
20.35 8465
20.36 8469
20.37 8473
20.38 8478
20.39 8482
20.40 8490
20.41 8495
20.42 8503
20.43 8505
20.44 8511
20.45 8518
20.46 8527
20.47 8529
20.49 8533
20.50 8538
20.51 8543
20.52 8547
20.53 8548
20.54 8557
20.55 8560
20.56 8565
20.57 8568
20.58 8570
20.59 8574
20.60 8576
20.61 8577
20.62 8579
20.63 8582
20.64 8586
20.65 8590
20.67 8595
20.68 8600
20.69 8606
20.70 8611
20.71 8618
20.72 8623
20.73 8628
20.74 8631
20.75 8637
20.76 8637
20.77 8643
20.78 8649
20.79 8652
20.80 8656
20.81 8657
20.82 8663
20.83 8668
20.85 8672
20.86 8674
20.87 8681
20.88 8685
20.89 8691
20.90 8697
20.91 8702
20.92 8705
20.93 8711
20.94 8715
20.95 8720
20.96 8726
20.97 8732
20.98 8736
20.99 8740
21.00 8742
21.01 8743
21.03 8746
21.04 8747
21.05 8753
21.06 8758
21.07 8762
21.08 8763
21.09 8766
21.10 8770
21.11 8773
21.12 8774
21.13 8781
21.14 8783
21.15 8788
21.16 8793
21.17 8795
21.18 8798
21.19 8807
21.20 8813
21.22 8819
21.23 8823
21.24 8829
21.25 8833
21.26 8836
21.27 8841
21.28 8846
21.29 8851
21.30 8857
21.31 8862
21.32 8865
21.33 8872
21.34 8878
21.35 8882
21.36 8888
21.37 8893
21.38 8897
21.40 8903
21.41 8906
21.42 8913
21.43 8918
21.44 8925
21.45 8929
21.46 8932
21.47 8939
21.48 8945
21.49 8949
21.50 8954
21.51 8957
21.52 8961
21.53 8966
21.54 8971
21.55 8975
21.56 8982
21.58 8987
21.59 8992
21.60 8997
21.61 9002
21.62 9008
21.63 9013
21.64 9017
21.65 9020
21.66 9023
21.67 9027
21.68 9031
21.69 9037
21.70 9040
21.71 9044
21.72 9048
21.73 9055
21.74 9058
21.76 9060
21.77 9067
21.78 9074
21.79 9082
21.80 9087
21.81 9092
21.82 9097
21.83 9101
21.84 9105
21.85 9110
21.86 9111
21.87 9114
21.88 9117
21.89 9118
21.90 9121
21.91 9123
21.92 9125
21.94 9128
21.95 9130
21.96 9132
21.97 9136
21.98 9138
21.99 9141
22.00 9145
22.01 9150
22.02 9151
22.03 9153
22.04 9154
22.05 9159
22.06 9163
22.07 9166
22.08 9170
22.09 9173
22.10 9177
22.11 9179
22.13 9184
22.14 9187
22.15 9190
22.16 9192
22.17 9195
22.18 9196
22.19 9201
22.20 9205
22.21 9210
22.22 9215
22.23 9218
22.24 9221
22.25 9223
22.26 9226
22.27 9229
22.28 9233
22.29 9235
22.31 9237
22.32 9240
22.33 9243
22.34 9250
22.35 9255
22.36 9260
22.37 9263
22.38 9264
22.39 9268
22.40 9269
22.41 9269
22.42 9272
22.43 9275
22.44 9276
22.45 9277
22.46 9278
22.47 9284
22.49 9287
22.50 9288
22.51 9288
22.52 9290
22.53 9295
22.54 9299
22.55 9300
22.56 9302
22.57 9305
22.58 9307
22.59 9310
22.60 9311
22.61 9314
22.62 9315
22.63 9324
22.64 9326
22.65 9327
22.67 9328
22.68 9329
22.69 9337
22.70 9340
22.71 9344
22.72 9346
22.73 9346
22.74 9350
22.75 9352
22.76 9358
22.77 9365
22.78 9368
22.79 9373
22.80 9379
22.81 9384
22.82 9390
22.83 9396
22.85 9406
22.86 9413
22.87 9418
22.88 9422
22.89 9423
22.90 9426
22.91 9434
22.92 9439
22.93 9441
22.94 9446
22.95 9452
22.96 9457
22.97 9459
22.98 9466
22.99 9469
23.00 9470
23.01 9475
23.02 9479
23.04 9483
23.05 9484
23.06 9489
23.07 9493
23.08 9495
23.09 9496
23.10 9505
23.11 9508
23.12 9513
23.13 9517
23.14 9523
23.15 9527
23.16 9535
23.17 9538
23.18 9541
23.19 9543
23.20 9545
23.22 9551
23.23 9554
23.24 9559
23.25 9564
23.26 9571
23.27 9577
23.28 9579
23.29 9585
23.30 9590
23.31 9593
23.32 9596
23.33 9601
23.34 9604
23.35 9605
23.36 9611
23.37 9618
23.38 9624
23.40 9630
23.41 9637
23.42 9641
23.43 9646
23.44 9654
23.45 9660
23.46 9664
23.47 9671
23.48 9676
23.49 9681
23.50 9683
23.51 9689
23.52 9692
23.53 9694
23.54 9700
23.55 9706
23.56 9711
23.58 9718
23.59 9726
23.60 9731
23.61 9734
23.62 9740
23.63 9741
23.64 9746
23.65 9748
23.66 9750
23.67 9754
23.68 9756
23.69 9757
23.70 9760
23.71 9761
23.72 9765
23.73 9770
23.74 9774
23.76 9776
23.77 9780
23.78 9780
23.79 9787
23.80 9791
23.81 9794
23.82 9796
23.83 9801
23.84 9810
23.85 9814
23.86 9821
23.87 9825
23.88 9830
23.89 9836
23.90 9840
23.91 9843
23.92 9845
23.93 9847
23.95 9848
23.96 9850
23.97 9851
23.98 9853
23.99 9855
24.00 9855
24.01 9859
24.02 9862
24.03 9864
24.04 9865
24.05 9868
24.06 9868
24.07 9869
24.08 9870
24.09 9875
24.10 9879
24.11 9881
24.13 9883
24.14 9885
24.15 9889
24.16 9895
24.17 9899
24.18 9906
24.19 9912
24.20 9920
24.21 9928
24.22 9931
24.23 9932
24.24 9932
24.25 9936
24.26 9937
24.27 9938
24.28 9940
24.29 9942
24.31 9946
24.32 9946
24.33 9950
24.34 9952
24.35 9953
24.36 9953
24.37 9956
24.38 9958
24.39 9958
24.40 9959
24.41 9960
24.42 9960
24.43 9962
24.44 9963
24.45 9963
24.46 9964
24.47 9964
24.49 9965
24.50 9965
24.51 9966
24.52 9966
24.53 9966
24.54 9966
24.55 9967
24.56 9967
24.57 9968
24.58 9969
24.59 9969
24.60 9969
24.61 9970
24.62 9971
24.63 9971
24.64 9973
24.65 9976
24.67 9978
24.68 9978
24.69 9982
24.70 9984
24.71 9986
24.72 9986
24.73 9988
24.74 9988
24.75 9988
24.76 9989
24.77 9989
24.78 9989
24.79 9991
24.80 9992
24.81 9992
24.82 9993
24.83 9994
24.84 9998
24.86 9998
24.87 10000
24.88 10003
24.89 10005
24.90 10005
24.91 10007
24.92 10007
24.93 10008
24.94 10009
24.95 10009
24.96 10009
24.97 10010
24.98 10011
24.99 10012
25.00 10013
25.01 10014
25.02 10016
25.04 10016
25.05 10017
25.06 10017
25.07 10018
25.08 10018
25.09 10020
25.10 10021
25.11 10021
25.12 10022
25.13 10022
25.14 10022
25.15 10025
25.16 10026
25.17 10026
25.18 10026
25.19 10027
25.20 10030
25.22 10031
25.23 10031
25.24 10032
25.25 10032
25.26 10032
25.27 10032
25.28 10034
25.29 10035
25.30 10035
25.31 10035
25.32 10035
25.33 10035
25.34 10035
25.35 10037
25.36 10038
25.37 10038
25.38 10040
25.40 10040
25.41 10043
25.42 10043
25.43 10043
25.44 10043
25.45 10043
25.46 10043
25.47 10044
25.48 10054
25.49 10054
25.50 10054
25.51 10054
25.52 10054
25.53 10054
25.54 10059
25.55 10060
25.56 10060
25.58 10060
25.59 10060
25.60 10062
25.61 10063
25.62 10063
25.63 10063
25.64 10063
25.65 10063
25.66 10063
25.67 10066
25.68 10068
25.69 10068
25.70 10068
25.71 10068
25.72 10068
25.73 10068
25.74 10073
25.75 10074
25.77 10074
25.78 10075
25.79 10075
25.80 10076
25.81 10076
25.82 10077
25.83 10077
25.84 10077
25.85 10077
25.86 10077
25.87 10077
25.88 10079
25.89 10079
25.90 10079
25.91 10084
25.92 10084
25.93 10084
25.95 10085
25.96 10085
25.97 10087
25.98 10088
25.99 10088
26.00 10088
26.01 10088
26.02 10088
26.03 10088
26.04 10088
26.05 10088
26.06 10089
26.07 10090
26.08 10090
26.09 10091
26.10 10095
26.11 10097
26.13 10097
26.14 10097
26.15 10098
26.16 10098
26.17 10098
26.18 10098
26.19 10098
26.20 10098
26.21 10098
26.22 10098
26.23 10098
26.24 10099
26.25 10099
26.26 10099
26.27 10101
26.28 10101
26.29 10104
26.31 10106
26.32 10107
26.33 10110
26.34 10110
26.35 10116
26.36 10118
26.37 10121
26.38 10122
26.39 10128
26.40 10130
26.41 10130
26.42 10138
26.43 10144
26.44 10151
26.45 10157
26.46 10161
26.47 10167
26.49 10175
26.50 10181
26.51 10188
26.52 10195
26.53 10201
26.54 10205
26.55 10213
26.56 10222
26.57 10230
26.58 10238
26.59 10242
26.60 10247
26.61 10250
26.62 10256
26.63 10262
26.64 10269
26.65 10274
26.66 10279
26.68 10282
26.69 10286
26.70 10292
26.71 10300
26.72 10303
26.73 10310
26.74 10314
26.75 10320
26.76 10327
26.77 10332
26.78 10337
26.79 10343
26.80 10348
26.81 10351
26.82 10356
26.83 10365
26.84 10372
26.86 10375
26.87 10380
26.88 10383
26.89 10388
26.90 10391
26.91 10396
26.92 10401
26.93 10405
26.94 10409
26.95 10415
26.96 10420
26.97 10425
26.98 10430
26.99 10433
27.00 10437
27.01 10443
27.02 10447
27.04 10452
27.05 10459
27.06 10464
27.07 10471
27.08 10476
27.09 10482
27.10 10486
27.11 10490
27.12 10495
27.13 10501
27.14 10504
27.15 10507
27.16 10511
27.17 10517
27.18 10522
27.19 10527
27.20 10534
27.22 10538
27.23 10543
27.24 10547
27.25 10553
27.26 10558
27.27 10563
27.28 10569
27.29 10574
27.30 10579
27.31 10583
27.32 10587
27.33 10593
27.34 10599
27.35 10604
27.36 10607
27.37 10615
27.38 10619
27.40 10622
27.41 10626
27.42 10628
27.43 10631
27.44 10632
27.45 10634
27.46 10638
27.47 10643
27.48 10648
27.49 10652
27.50 10655
27.51 10658
27.52 10663
27.53 10666
27.54 10668
27.55 10672
27.56 10675
27.57 10680
27.59 10685
27.60 10691
27.61 10698
27.62 10703
27.63 10707
27.64 10710
27.65 10713
27.66 10716
27.67 10722
27.68 10727
27.69 10733
27.70 10734
27.71 10740
27.72 10746
27.73 10750
27.74 10754
27.75 10758
27.77 10762
27.78 10767
27.79 10774
27.80 10779
27.81 10783
27.82 10787
27.83 10789
27.84 10791
27.85 10793
27.86 10793
27.87 10801
27.88 10804
27.89 10809
27.90 10811
27.91 10816
27.92 10820
27.93 10824
27.95 10828
27.96 10833
27.97 10837
27.98 10841
27.99 10843
28.00 10845
28.01 10853
28.02 10860
28.03 10866
28.04 10868
28.05 10875
28.06 10878
28.07 10883
28.08 10886
28.09 10891
28.10 10898
28.11 10904
28.13 10910
28.14 10913
28.15 10919
28.16 10923
28.17 10927
28.18 10932
28.19 10937
28.20 10942
28.21 10948
28.22 10954
28.23 10958
28.24 10965
28.25 10969
28.26 10972
28.27 10975
28.28 10978
28.29 10981
28.31 10985
28.32 10989
28.33 10994
28.34 10996
28.35 11000
28.36 11002
28.37 11007
28.38 11010
28.39 11014
28.40 11017
28.41 11017
28.42 11019
28.43 11021
28.44 11024
28.45 11029
28.46 11031
28.47 11038
28.48 11043
28.50 11046
28.51 11050
28.52 11054
28.53 11056
28.54 11063
28.55 11067
28.56 11072
28.57 11076
28.58 11080
28.59 11082
28.60 11088
28.61 11094
28.62 11099
28.63 11104
28.64 11107
28.65 11110
28.66 11113
28.68 11115
28.69 11118
28.70 11124
28.71 11127
28.72 11135
28.73 11142
28.74 11149
28.75 11156
28.76 11163
28.77 11167
28.78 11172
28.79 11177
28.80 11184
28.81 11192
28.82 11196
28.83 11199
28.84 11205
28.86 11211
28.87 11215
28.88 11217
28.89 11221
28.90 11227
28.91 11232
28.92 11237
28.93 11245
28.94 11251
28.95 11258
28.96 11264
28.97 11269
28.98 11273
28.99 11278
29.00 11281
29.01 11287
29.02 11292
29.04 11295
29.05 11302
29.06 11307
29.07 11312
29.08 11318
29.09 11323
29.10 11326
29.11 11329
29.12 11334
29.13 11337
29.14 11342
29.15 11347
29.16 11353
29.17 11358
29.18 11364
29.19 11368
29.20 11371
29.21 11376
29.23 11385
29.24 11390
29.25 11396
29.26 11403
29.27 11409
29.28 11414
29.29 11417
29.30 11425
29.31 11429
29.32 11433
29.33 11437
29.34 11442
29.35 11447
29.36 11454
29.37 11460
29.38 11463
29.39 11467
29.41 11470
29.42 11475
29.43 11477
29.44 11483
29.45 11488
29.46 11494
29.47 11498
29.48 11501
29.49 11509
29.50 11514
29.51 11518
29.52 11523
29.53 11530
29.54 11535
29.55 11541
29.56 11543
29.57 11550
29.59 11554
29.60 11561
29.61 11564
29.62 11572
29.63 11575
29.64 11581
29.65 11587
29.66 11593
29.67 11600
29.68 11606
29.69 11613
29.70 11618
29.71 11623
29.72 11628
29.73 11634
29.74 11641
29.75 11647
29.77 11654
29.78 11661
29.79 11664
29.80 11669
29.81 11674
29.82 11677
29.83 11683
29.84 11689
29.85 11693
29.86 11698
29.87 11699
29.88 11705
29.89 11709
29.90 11717
29.91 11719
29.92 11725
29.93 11729
29.95 11734
29.96 11738
29.97 11742
29.98 11746
29.99 11751
30.00 11756
30.01 11760
30.02 11763
30.03 11770
30.04 11774
30.05 11777
30.06 11781
30.07 11785
30.08 11791
30.09 11798
30.10 11804
30.11 11808
30.12 11814
30.14 11822
30.15 11825
30.16 11829
30.17 11835
30.18 11841
30.19 11846
30.20 11850
30.21 11855
30.22 11862
30.23 11866
30.24 11871
30.25 11875
30.26 11883
30.27 11887
30.28 11892
30.29 11897
30.30 11904
30.32 11908
30.33 11912
30.34 11917
30.35 11922
30.36 11927
30.37 11933
30.38 11937
30.39 11941
30.40 11948
30.41 11956
30.42 11960
30.43 11966
30.44 11971
30.45 11977
30.46 11983
30.47 11987
30.48 11991
30.50 11995
30.51 12002
30.52 12007
30.53 12010
30.54 12015
30.55 12020
30.56 12026
30.57 12031
30.58 12037
30.59 12045
30.60 12051
30.61 12056
30.62 12058
30.63 12064
30.64 12069
30.65 12074
30.66 12079
30.68 12083
30.69 12090
30.70 12095
30.71 12100
30.72 12104
30.73 12109
30.74 12113
30.75 12117
30.76 12123
30.77 12130
30.78 12135
30.79 12140
30.80 12147
30.81 12152
30.82 12155
30.83 12163
30.84 12167
30.86 12171
30.87 12176
30.88 12182
30.89 12187
30.90 12191
30.91 12196
30.92 12200
30.93 12204
30.94 12210
30.95 12213
30.96 12219
30.97 12223
30.98 12227
30.99 12233
31.00 12237
31.01 12238
31.02 12241
31.03 12245
31.05 12249
31.06 12252
31.07 12256
31.08 12261
31.09 12266
31.10 12273
31.11 12278
31.12 12280
31.13 12286
31.14 12291
31.15 12297
31.16 12303
31.17 12308
31.18 12311
31.19 12316
31.20 12322
31.21 12328
31.23 12332
31.24 12336
31.25 12340
31.26 12344
31.27 12346
31.28 12350
31.29 12355
31.30 12360
31.31 12365
31.32 12369
31.33 12375
31.34 12381
31.35 12386
31.36 12389
31.37 12391
31.38 12395
31.39 12400
31.41 12403
31.42 12409
31.43 12413
31.44 12415
31.45 12420
31.46 12427
31.47 12433
31.48 12439
31.49 12442
31.50 12446
31.51 12452
31.52 12456
31.53 12460
31.54 12468
31.55 12474
31.56 12480
31.57 12487
31.59 12492
31.60 12499
31.61 12503
31.62 12510
31.63 12515
31.64 12519
31.65 12524
31.66 12531
31.67 12536
31.68 12542
31.69 12551
31.70 12556
31.71 12561
31.72 12565
31.73 12569
31.74 12572
31.75 12578
31.77 12579
31.78 12587
31.79 12593
31.80 12598
31.81 12604
31.82 12610
31.83 12615
31.84 12620
31.85 12626
31.86 12630
31.87 12635
31.88 12640
31.89 12643
31.90 12647
31.91 12650
31.92 12655
31.93 12660
31.94 12664
31.96 12669
31.97 12674
31.98 12678
31.99 12683
32.00 12685
32.01 12690
32.02 12697
32.03 12704
32.04 12710
32.05 12715
32.06 12721
32.07 12725
32.08 12730
32.09 12733
32.10 12737
32.11 12742
32.12 12748
32.14 12754
32.15 12760
32.16 12764
32.17 12771
32.18 12774
32.19 12777
32.20 12782
32.21 12785
32.22 12791
32.23 12795
32.24 12798
32.25 12803
32.26 12808
32.27 12813
32.28 12819
32.29 12823
32.30 12829
32.32 12834
32.33 12838
32.34 12841
32.35 12845
32.36 12851
32.37 12855
32.38 12860
32.39 12866
32.40 12872
32.41 12876
32.42 12880
32.43 12886
32.44 12891
32.45 12896
32.46 12900
32.47 12903
32.48 12908
32.50 12913
32.51 12915
32.52 12918
32.53 12921
32.54 12925
32.55 12927
32.56 12934
32.57 12940
32.58 12943
32.59 12948
32.60 12953
32.61 12957
32.62 12962
32.63 12965
32.64 12970
32.65 12973
32.66 12980
32.68 12983
32.69 12987
32.70 12990
32.71 12995
32.72 13001
32.73 13006
32.74 13010
32.75 13015
32.76 13021
32.77 13026
32.78 13030
32.79 13035
32.80 13042
32.81 13048
32.82 13053
32.83 13059
32.84 13066
32.85 13072
32.87 13075
32.88 13081
32.89 13085
32.90 13089
32.91 13094
32.92 13094
32.93 13095
32.94 13100
32.95 13107
32.96 13111
32.97 13114
32.98 13118
32.99 13126
33.00 13131
33.01 13134
33.02 13138
33.03 13145
33.05 13151
33.06 13156
33.07 13161
33.08 13166
33.09 13172
33.10 13178
33.11 13184
33.12 13188
33.13 13193
33.14 13198
33.15 13202
33.16 13206
33.17 13211
33.18 13212
33.19 13216
33.20 13220
33.21 13226
33.23 13232
33.24 13237
33.25 13241
33.26 13247
33.27 13251
33.28 13255
33.29 13260
33.30 13264
33.31 13268
33.32 13275
33.33 13279
33.34 13284
33.35 13287
33.36 13289
33.37 13290
33.38 13297
33.39 13301
33.41 13309
33.42 13314
33.43 13322
33.44 13326
33.45 13332
33.46 13337
33.47 13344
33.48 13348
33.49 13354
33.50 13359
33.51 13363
33.52 13366
33.53 13370
33.54 13375
33.55 13378
33.56 13381
33.57 13388
33.59 13395
33.60 13399
33.61 13405
33.62 13406
33.63 13409
33.64 13414
33.65 13417
33.66 13423
33.67 13428
33.68 13434
33.69 13436
33.70 13440
33.71 13447
33.72 13452
33.73 13457
33.74 13458
33.75 13463
33.76 13467
33.78 13473
33.79 13478
33.80 13483
33.81 13489
33.82 13493
33.83 13498
33.84 13503
33.85 13508
33.86 13512
33.87 13519
33.88 13527
33.89 13532
33.90 13535
33.91 13539
33.92 13544
33.93 13544
33.94 13546
33.96 13549
33.97 13555
33.98 13559
33.99 13564
34.00 13568
34.01 13571
34.02 13577
34.03 13583
34.04 13587
34.05 13592
34.06 13597
34.07 13603
34.08 13609
34.09 13615
34.10 13619
34.11 13624
34.12 13629
34.14 13634
34.15 13636
34.16 13641
34.17 13644
34.18 13648
34.19 13653
34.20 13657
34.21 13662
34.22 13668
34.23 13672
34.24 13674
34.25 13677
34.26 13681
34.27 13685
34.28 13690
34.29 13695
34.30 13699
34.32 13702
34.33 13707
34.34 13713
34.35 13717
34.36 13723
34.37 13730
34.38 13734
34.39 13737
34.40 13739
34.41 13744
34.42 13747
34.43 13751
34.44 13752
34.45 13752
34.46 13756
34.47 13761
34.48 13764
34.50 13766
34.51 13771
34.52 13779
34.53 13781
34.54 13782
34.55 13782
34.56 13782
34.57 13782
34.58 13782
34.59 13788
34.60 13795
34.61 13797
34.62 13803
34.63 13807
34.64 13811
34.65 13816
34.66 13820
34.67 13823
34.69 13827
34.70 13832
34.71 13835
34.72 13840
34.73 13841
34.74 13846
34.75 13849
34.76 13853
34.77 13857
34.78 13861
34.79 13866
34.80 13869
34.81 13871
34.82 13877
34.83 13882
34.84 13888
34.85 13893
34.87 13898
34.88 13905
34.89 13911
34.90 13917
34.91 13922
34.92 13926
34.93 13932
34.94 13934
34.95 13937
34.96 13941
34.97 13945
34.98 13949
34.99 13954
35.00 13958
35.01 13960
35.02 13962
35.03 13969
35.05 13973
35.06 13976
35.07 13977
35.08 13981
35.09 13985
35.10 13990
35.11 13992
35.12 13993
35.13 13996
35.14 14001
35.15 14006
35.16 14011
35.17 14017
35.18 14021
35.19 14025
35.20 14032
35.21 14037
35.23 14045
35.24 14049
35.25 14053
35.26 14058
35.27 14062
35.28 14067
35.29 14074
35.30 14078
35.31 14081
35.32 14085
35.33 14087
35.34 14093
35.35 14099
35.36 14103
35.37 14105
35.38 14109
35.39 14114
35.41 14117
35.42 14122
35.43 14125
35.44 14128
35.45 14133
35.46 14137
35.47 14142
35.48 14145
35.49 14149
35.50 14152
35.51 14160
35.52 14163
35.53 14167
35.54 14171
35.55 14174
35.56 14181
35.57 14186
35.58 14193
35.60 14197
35.61 14202
35.62 14209
35.63 14212
35.64 14214
35.65 14221
35.66 14225
35.67 14228
35.68 14236
35.69 14240
35.70 14244
35.71 14246
35.72 14251
35.73 14257
35.74 14262
35.75 14264
35.76 14271
35.78 14275
35.79 14281
35.80 14286
35.81 14291
35.82 14296
35.83 14301
35.84 14305
35.85 14311
35.86 14317
35.87 14322
35.88 14328
35.89 14333
35.90 14338
35.91 14342
35.92 14346
35.93 14351
35.94 14356
35.96 14361
35.97 14367
35.98 14371
35.99 14380
36.00 14383
36.01 14386
36.02 14389
36.03 14395
36.04 14399
36.05 14405
36.06 14411
36.07 14415
36.08 14419
36.09 14423
36.10 14428
36.11 14434
36.12 14439
36.14 14444
36.15 14448
36.16 14454
36.17 14462
36.18 14467
36.19 14473
36.20 14479
36.21 14484
36.22 14489
36.23 14493
36.24 14496
36.25 14501
36.26 14504
36.27 14507
36.28 14514
36.29 14519
36.30 14527
36.32 14532
36.33 14534
36.34 14540
36.35 14545
36.36 14549
36.37 14554
36.38 14556
36.39 14561
36.40 14567
36.41 14570
36.42 14575
36.43 14580
36.44 14586
36.45 14592
36.46 14596
36.47 14600
36.48 14606
36.49 14610
36.51 14616
36.52 14620
36.53 14623
36.54 14625
36.55 14630
36.56 14632
36.57 14635
36.58 14640
36.59 14644
36.60 14649
36.61 14656
36.62 14658
36.63 14663
36.64 14668
36.65 14672
36.66 14674
36.67 14676
36.69 14680
36.70 14684
36.71 14686
36.72 14693
36.73 14697
36.74 14701
36.75 14708
36.76 14712
36.77 14714
36.78 14720
36.79 14723
36.80 14728
36.81 14732
36.82 14738
36.83 14743
36.84 14746
36.85 14747
36.87 14754
36.88 14760
36.89 14764
36.90 14768
36.91 14772
36.92 14777
36.93 14785
36.94 14795
36.95 14799
36.96 14802
36.97 14807
36.98 14810
36.99 14814
37.00 14819
37.01 14824
37.02 14827
37.03 14832
37.05 14837
37.06 14841
37.07 14847
37.08 14852
37.09 14857
37.10 14860
37.11 14864
37.12 14870
37.13 14876
37.14 14881
37.15 14885
37.16 14888
37.17 14891
37.18 14896
37.19 14902
37.20 14905
37.21 14908
37.23 14913
37.24 14917
37.25 14920
37.26 14925
37.27 14929
37.28 14934
37.29 14938
37.30 14939
37.31 14943
37.32 14947
37.33 14953
37.34 14957
37.35 14960
37.36 14964
37.37 14967
37.38 14971
37.39 14975
37.40 14979
37.42 14984
37.43 14988
37.44 14992
37.45 14994
37.46 14999
37.47 15003
37.48 15010
37.49 15013
37.50 15015
37.51 15019
37.52 15024
37.53 15029
37.54 15036
37.55 15043
37.56 15049
37.57 15052
37.58 15059
37.60 15063
37.61 15069
37.62 15075
37.63 15081
37.64 15084
37.65 15090
37.66 15094
37.67 15099
37.68 15101
37.69 15106
37.70 15112
37.71 15117
37.72 15122
37.73 15124
37.74 15131
37.75 15135
37.76 15139
37.78 15143
37.79 15148
37.80 15152
37.81 15154
37.82 15158
37.83 15167
37.84 15174
37.85 15180
37.86 15187
37.87 15191
37.88 15194
37.89 15200
37.90 15203
37.91 15204
37.92 15210
37.93 15213
37.94 15217
37.96 15221
37.97 15227
37.98 15233
37.99 15239
38.00 15245
38.01 15250
38.02 15254
38.03 15257
38.04 15261
38.05 15266
38.06 15270
38.07 15275
38.08 15279
38.09 15286
38.10 15293
38.11 15295
38.12 15301
38.14 15306
38.15 15312
38.16 15317
38.17 15323
38.18 15329
38.19 15333
38.20 15337
38.21 15343
38.22 15350
38.23 15354
38.24 15358
38.25 15360
38.26 15363
38.27 15366
38.28 15368
38.29 15371
38.30 15377
38.31 15380
38.33 15384
38.34 15389
38.35 15393
38.36 15396
38.37 15398
38.38 15403
38.39 15409
38.40 15414
38.41 15418
38.42 15423
38.43 15427
38.44 15430
38.45 15437
38.46 15443
38.47 15448
38.48 15454
38.49 15457
38.51 15458
38.52 15462
38.53 15468
38.54 15473
38.55 15479
38.56 15482
38.57 15485
38.58 15488
38.59 15490
38.60 15494
38.61 15495
38.62 15498
38.63 15498
38.64 15505
38.65 15509
38.66 15510
38.67 15514
38.69 15518
38.70 15520
38.71 15521
38.72 15527
38.73 15534
38.74 15537
38.75 15541
38.76 15546
38.77 15552
38.78 15558
38.79 15565
38.80 15570
38.81 15575
38.82 15579
38.83 15584
38.84 15590
38.85 15594
38.87 15599
38.88 15601
38.89 15605
38.90 15609
38.91 15613
38.92 15616
38.93 15619
38.94 15626
38.95 15630
38.96 15636
38.97 15638
38.98 15641
38.99 15647
39.00 15651
39.01 15657
39.02 15664
39.03 15669
39.05 15672
39.06 15676
39.07 15681
39.08 15682
39.09 15686
39.10 15687
39.11 15693
39.12 15695
39.13 15695
39.14 15697
39.15 15701
39.16 15707
39.17 15714
39.18 15719
39.19 15724
39.20 15730
39.21 15734
39.22 15740
39.24 15744
39.25 15752
39.26 15755
39.27 15759
39.28 15764
39.29 15768
39.30 15772
39.31 15777
39.32 15782
39.33 15787
39.34 15791
39.35 15794
39.36 15795
39.37 15796
39.38 15797
39.39 15799
39.40 15804
39.42 15810
39.43 15814
39.44 15818
39.45 15823
39.46 15829
39.47 15832
39.48 15836
39.49 15839
39.50 15840
39.51 15843
39.52 15848
39.53 15853
39.54 15857
39.55 15863
39.56 15864
39.57 15868
39.58 15873
39.60 15875
39.61 15878
39.62 15882
39.63 15885
39.64 15888
39.65 15892
39.66 15897
39.67 15901
39.68 15905
39.69 15908
39.70 15910
39.71 15914
39.72 15917
39.73 15921
39.74 15924
39.75 15928
39.76 15932
39.78 15934
39.79 15936
39.80 15940
39.81 15941
39.82 15944
39.83 15946
39.84 15949
39.85 15950
39.86 15952
39.87 15961
39.88 15966
39.89 15974
39.90 15980
39.91 15981
39.92 15982
39.93 15984
39.94 15985
39.96 15992
39.97 15998
39.98 16002
39.99 16005
40.00 16011
40.01 16015
40.02 16018
40.03 16019
40.04 16021
40.05 16024
40.06 16025
40.07 16032
40.08 16036
40.09 16037
40.10 16041
40.11 16045
40.12 16047
40.13 16051
40.15 16054
40.16 16058
40.17 16061
40.18 16067
40.19 16073
40.20 16077
40.21 16082
40.22 16087
40.23 16094
40.24 16096
40.25 16102
40.26 16108
40.27 16114
40.28 16121
40.29 16125
40.30 16127
40.31 16130
40.33 16133
40.34 16137
40.35 16139
40.36 16140
40.37 16140
40.38 16146
40.39 16152
40.40 16158
40.41 16163
40.42 16167
40.43 16176
40.44 16181
40.45 16181
40.46 16181
40.47 16183
40.48 16187
40.49 16191
40.51 16196
40.52 16203
40.53 16211
40.54 16214
40.55 16214
40.56 16220
40.57 16224
40.58 16230
40.59 16237
40.60 16240
40.61 16243
40.62 16245
40.63 16252
40.64 16254
40.65 16256
40.66 16259
40.67 16263
40.69 16265
40.70 16267
40.71 16269
40.72 16271
40.73 16278
40.74 16279
40.75 16284
40.76 16288
40.77 16293
40.78 16297
40.79 16302
40.80 16307
40.81 16308
40.82 16313
40.83 16320
40.84 16326
40.85 16334
40.87 16341
40.88 16349
40.89 16357
40.90 16358
40.91 16363
40.92 16368
40.93 16374
40.94 16378
40.95 16380
40.96 16382
40.97 16387
40.98 16389
40.99 16393
41.00 16397
41.01 16397
41.02 16397
41.03 16397
41.04 16400
41.06 16404
41.07 16409
41.08 16412
41.09 16420
41.10 16427
41.11 16433
41.12 16437
41.13 16440
41.14 16440
41.15 16440
41.16 16444
41.17 16445
41.18 16451
41.19 16458
41.20 16461
41.21 16465
41.22 16467
41.24 16472
41.25 16475
41.26 16479
41.27 16482
41.28 16484
41.29 16489
41.30 16495
41.31 16501
41.32 16504
41.33 16505
41.34 16507
41.35 16510
41.36 16511
41.37 16513
41.38 16516
41.39 16519
41.40 16520
41.42 16522
41.43 16527
41.44 16530
41.45 16535
41.46 16540
41.47 16541
41.48 16542
41.49 16543
41.50 16547
41.51 16547
41.52 16547
41.53 16548
41.54 16548
41.55 16550
41.56 16553
41.57 16559
41.58 16562
41.60 16564
41.61 16565
41.62 16567
41.63 16575
41.64 16576
41.65 16577
41.66 16584
41.67 16589
41.68 16590
41.69 16592
41.70 16593
41.71 16594
41.72 16594
41.73 16598
41.74 16601
41.75 16602
41.76 16609
41.78 16612
41.79 16613
41.80 16613
41.81 16613
41.82 16616
41.83 16618
41.84 16621
41.85 16625
41.86 16625
41.87 16625
41.88 16626
41.89 16627
41.90 16630
41.91 16630
41.92 16634
41.93 16635
41.94 16635
41.95 16635
41.97 16638
41.98 16639
41.99 16644
42.00 16652
42.01 16652
42.02 16652
42.03 16653
42.04 16654
42.05 16654
42.06 16659
42.07 16667
42.08 16668
42.09 16668
42.10 16669
42.11 16669
42.12 16673
42.13 16674
42.15 16674
42.16 16675
42.17 16677
42.18 16678
42.19 16680
42.20 16686
42.21 16694
42.22 16698
42.23 16701
42.24 16705
42.25 16707
42.26 16711
42.27 16717
42.28 16719
42.29 16725
42.30 16730
42.31 16737
42.33 16740
42.34 16748
42.35 16752
42.36 16757
42.37 16762
42.38 16769
42.39 16775
42.40 16779
42.41 16782
42.42 16788
42.43 16792
42.44 16799
42.45 16806
42.46 16808
42.47 16816
42.48 16821
42.49 16825
42.51 16830
42.52 16833
42.53 16838
42.54 16842
42.55 16846
42.56 16849
42.57 16852
42.58 16859
42.59 16864
42.60 16868
42.61 16873
42.62 16877
42.63 16881
42.64 16882
42.65 16884
42.66 16890
42.67 16895
42.69 16896
42.70 16901
42.71 16902
42.72 16908
42.73 16911
42.74 16917
42.75 16921
42.76 16923
42.77 16934
42.78 16939
42.79 16942
42.80 16949
42.81 16950
42.82 16953
42.83 16958
42.84 16961
42.85 16965
42.86 16970
42.88 16972
42.89 16976
42.90 16979
42.91 16984
42.92 16988
42.93 16994
42.94 16996
42.95 17002
42.96 17005
42.97 17006
42.98 17009
42.99 17011
43.00 17015
43.01 17021
43.02 17023
43.03 17027
43.04 17030
43.06 17033
43.07 17038
43.08 17041
43.09 17043
43.10 17049
43.11 17053
43.12 17058
43.13 17060
43.14 17062
43.15 17066
43.16 17070
43.17 17074
43.18 17081
43.19 17085
43.20 17089
43.21 17095
43.22 17101
43.24 17103
43.25 17104
43.26 17108
43.27 17113
43.28 17115
43.29 17117
43.30 17120
43.31 17126
43.32 17129
43.33 17132
43.34 17137
43.35 17140
43.36 17142
43.37 17147
43.38 17151
43.39 17157
43.40 17159
43.42 17163
43.43 17168
43.44 17171
43.45 17174
43.46 17177
43.47 17185
43.48 17190
43.49 17192
43.50 17194
43.51 17198
43.52 17198
43.53 17205
43.54 17212
43.55 17213
43.56 17220
43.57 17223
43.58 17227
43.60 17230
43.61 17232
43.62 17234
43.63 17238
43.64 17244
43.65 17249
43.66 17252
43.67 17255
43.68 17258
43.69 17262
43.70 17263
43.71 17270
43.72 17273
43.73 17274
43.74 17275
43.75 17276
43.76 17280
43.77 17283
43.79 17285
43.80 17288
43.81 17290
43.82 17291
43.83 17293
43.84 17301
43.85 17302
43.86 17308
43.87 17315
43.88 17316
43.89 17318
43.90 17322
43.91 17328
43.92 17330
43.93 17331
43.94 17333
43.95 17334
43.97 17339
43.98 17340
43.99 17343
44.00 17346
44.01 17348
44.02 17351
44.03 17352
44.04 17353
44.05 17353
44.06 17355
44.07 17356
44.08 17358
44.09 17358
44.10 17360
44.11 17361
44.12 17363
44.13 17363
44.15 17363
44.16 17363
44.17 17363
44.18 17363
44.19 17363
44.20 17365
44.21 17365
44.22 17365
44.23 17365
44.24 17365
44.25 17365
44.26 17366
44.27 17368
44.28 17368
44.29 17369
44.30 17370
44.31 17370
44.33 17370
44.34 17370
44.35 17370
44.36 17370
44.37 17370
44.38 17370
44.39 17372
44.40 17372
44.41 17372
44.42 17372
44.43 17372
44.44 17372
44.45 17373
44.46 17374
44.47 17374
44.48 17374
44.49 17375
44.50 17376
44.52 17377
44.53 17377
44.54 17377
44.55 17377
44.56 17377
44.57 17377
44.58 17378
44.59 17378
44.60 17378
44.61 17378
44.62 17378
44.63 17378
44.64 17382
44.65 17386
44.66 17387
44.67 17387
44.68 17388
44.70 17389
44.71 17392
44.72 17392
44.73 17395
44.74 17398
44.75 17399
44.76 17399
44.77 17400
44.78 17402
44.79 17403
44.80 17403
44.81 17404
44.82 17406
44.83 17407
44.84 17407
44.85 17408
44.86 17409
44.88 17409
44.89 17409
44.90 17410
44.91 17410
44.92 17410
44.93 17410
44.94 17410
44.95 17410
44.96 17411
44.97 17411
44.98 17411
44.99 17413
45.00 17414
45.01 17414
45.02 17414
45.03 17414
45.04 17416
45.06 17416
45.07 17416
45.08 17416
45.09 17416
45.10 17416
45.11 17416
45.12 17417
45.13 17417
45.14 17417
45.15 17417
45.16 17417
45.17 17417
45.18 17419
45.19 17419
45.20 17419
45.21 17420
45.22 17420
45.24 17422
45.25 17422
45.26 17422
45.27 17422
45.28 17422
45.29 17422
45.30 17422
45.31 17423
45.32 17423
45.33 17423
45.34 17423
45.35 17423
45.36 17423
45.37 17427
45.38 17428
45.39 17429
45.40 17429
45.41 17429
45.43 17429
45.44 17429
45.45 17429
45.46 17429
45.47 17429
45.48 17429
45.49 17429
45.50 17429
45.51 17432
45.52 17433
45.53 17433
45.54 17435
45.55 17436
45.56 17436
45.57 17440
45.58 17440
45.59 17444
45.61 17444
45.62 17445
45.63 17453
45.64 17453
45.65 17453
45.66 17457
45.67 17459
45.68 17464
45.69 17468
45.70 17473
45.71 17479
45.72 17485
45.73 17491
45.74 17495
45.75 17500
45.76 17503
45.77 17506
45.79 17515
45.80 17520
45.81 17524
45.82 17528
45.83 17531
45.84 17536
45.85 17544
45.86 17548
45.87 17554
45.88 17558
45.89 17561
45.90 17562
45.91 17566
45.92 17569
45.93 17572
45.94 17580
45.95 17588
45.97 17591
45.98 17595
45.99 17598
46.00 17603
46.01 17607
46.02 17613
46.03 17621
46.04 17624
46.05 17630
46.06 17635
46.07 17639
46.08 17645
46.09 17650
46.10 17653
46.11 17656
46.12 17663
46.13 17668
46.15 17674
46.16 17679
46.17 17683
46.18 17685
46.19 17692
46.20 17698
46.21 17701
46.22 17704
46.23 17708
46.24 17713
46.25 17716
46.26 17722
46.27 17725
46.28 17727
46.29 17732
46.30 17735
46.31 17740
46.32 17746
46.34 17754
46.35 17759
46.36 17764
46.37 17767
46.38 17771
46.39 17777
46.40 17780
46.41 17786
46.42 17791
46.43 17797
46.44 17802
46.45 17808
46.46 17814
46.47 17821
46.48 17827
46.49 17832
46.50 17838
46.52 17842
46.53 17846
46.54 17849
46.55 17853
46.56 17858
46.57 17863
46.58 17868
46.59 17873
46.60 17877
46.61 17882
46.62 17891
46.63 17896
46.64 17903
46.65 17907
46.66 17912
46.67 17915
46.68 17918
46.70 17919
46.71 17925
46.72 17928
46.73 17933
46.74 17937
46.75 17942
46.76 17948
46.77 17954
46.78 17957
46.79 17960
46.80 17963
46.81 17965
46.82 17971
46.83 17976
46.84 17982
46.85 17988
46.86 17994
46.88 17996
46.89 18002
46.90 18006
46.91 18010
46.92 18017
46.93 18023
46.94 18026
46.95 18031
46.96 18036
46.97 18042
46.98 18048
46.99 18052
47.00 18057
47.01 18062
47.02 18067
47.03 18073
47.04 18076
47.06 18080
47.07 18084
47.08 18088
47.09 18093
47.10 18097
47.11 18101
47.12 18104
47.13 18112
47.14 18116
47.15 18121
47.16 18124
47.17 18125
47.18 18131
47.19 18135
47.20 18141
47.21 18147
47.22 18149
47.23 18153
47.25 18158
47.26 18161
47.27 18165
47.28 18169
47.29 18172
47.30 18175
47.31 18181
47.32 18186
47.33 18191
47.34 18193
47.35 18199
47.36 18205
47.37 18209
47.38 18214
47.39 18218
47.40 18223
47.41 18231
47.43 18236
47.44 18238
47.45 18241
47.46 18246
47.47 18250
47.48 18256
47.49 18263
47.50 18268
47.51 18273
47.52 18279
47.53 18284
47.54 18288
47.55 18294
47.56 18300
47.57 18306
47.58 18309
47.59 18315
47.61 18322
47.62 18327
47.63 18334
47.64 18339
47.65 18343
47.66 18350
47.67 18357
47.68 18364
47.69 18376
47.70 18385
47.71 18393
47.72 18401
47.73 18407
47.74 18410
47.75 18412
47.76 18416
47.77 18422
47.79 18428
47.80 18434
47.81 18438
47.82 18443
47.83 18446
47.84 18450
47.85 18454
47.86 18462
47.87 18469
47.88 18472
47.89 18478
47.90 18483
47.91 18486
47.92 18487
47.93 18489
47.94 18494
47.95 18498
47.97 18501
47.98 18505
47.99 18512
48.00 18517
48.01 18522
48.02 18526
48.03 18531
48.04 18535
48.05 18539
48.06 18544
48.07 18546
48.08 18550
48.09 18557
48.10 18561
48.11 18563
48.12 18567
48.13 18572
48.14 18577
48.16 18583
48.17 18586
48.18 18592
48.19 18596
48.20 18601
48.21 18605
48.22 18610
48.23 18617
48.24 18621
48.25 18628
48.26 18632
48.27 18637
48.28 18642
48.29 18649
48.30 18655
48.31 18660
48.32 18667
48.34 18668
48.35 18672
48.36 18676
48.37 18684
48.38 18690
48.39 18694
48.40 18698
48.41 18702
48.42 18707
48.43 18715
48.44 18721
48.45 18725
48.46 18732
48.47 18741
48.48 18747
48.49 18751
48.50 18756
48.52 18761
48.53 18764
48.54 18769
48.55 18775
48.56 18780
48.57 18789
48.58 18796
48.59 18804
48.60 18809
48.61 18812
48.62 18813
48.63 18818
48.64 18822
48.65 18827
48.66 18827
48.67 18829
48.68 18832
48.70 18832
48.71 18833
48.72 18837
48.73 18838
48.74 18842
48.75 18847
48.76 18849
48.77 18852
48.78 18854
48.79 18855
48.80 18855
48.81 18856
48.82 18859
48.83 18860
48.84 18862
48.85 18865
48.86 18868
48.88 18872
48.89 18874
48.90 18875
48.91 18877
48.92 18879
48.93 18885
48.94 18890
48.95 18891
48.96 18894
48.97 18895
48.98 18896
48.99 18897
49.00 18899
49.01 18899
49.02 18900
49.03 18900
49.04 18900
49.05 18901
49.07 18902
49.08 18903
49.09 18903
49.10 18903
49.11 18903
49.12 18909
49.13 18910
49.14 18910
49.15 18911
49.16 18912
49.17 18913
49.18 18913
49.19 18913
49.20 18913
49.21 18913
49.22 18913
49.23 18913
49.25 18915
49.26 18916
49.27 18916
49.28 18916
49.29 18916
49.30 18916
49.31 18916
49.32 18923
49.33 18924
49.34 18924
49.35 18927
49.36 18928
49.37 18931
49.38 18932
49.39 18932
49.40 18935
49.41 18938
49.43 18938
49.44 18942
49.45 18943
49.46 18943
49.47 18946
49.48 18947
49.49 18947
49.50 18947
49.51 18950
49.52 18951
49.53 18951
49.54 18955
49.55 18956
49.56 18959
49.57 18959
49.58 18961
49.59 18963
49.61 18965
49.62 18965
49.63 18967
49.64 18972
49.65 18981
49.66 18982
49.67 18985
49.68 18988
49.69 18993
49.70 18993
49.71 18995
49.72 19000
49.73 19002
49.74 19004
49.75 19011
49.76 19019
49.77 19021
49.79 19024
49.80 19025
49.81 19030
49.82 19032
49.83 19035
49.84 19036
49.85 19036
49.86 19037
49.87 19041
49.88 19043
49.89 19045
49.90 19049
49.91 19053
49.92 19056
49.93 19057
49.94 19061
49.95 19067
49.96 19073
49.98 19076
49.99 19079
50.00 19083
50.01 19087
50.02 19092
50.03 19094
50.04 19096
50.05 19100
50.06 19104
50.07 19108
50.08 19114
50.09 19121
50.10 19125
50.11 19129
50.12 19134
50.13 19138
50.14 19145
50.16 19146
50.17 19152
50.18 19161
50.19 19166
50.20 19170
50.21 19173
50.22 19176
50.23 19180
50.24 19184
50.25 19187
50.26 19189
50.27 19192
50.28 19196
50.29 19202
50.30 19209
50.31 19214
50.32 19217
50.34 19220
50.35 19226
50.36 19232
50.37 19236
50.38 19240
50.39 19243
50.40 19246
50.41 19253
50.42 19255
50.43 19257
50.44 19263
50.45 19270
50.46 19275
50.47 19278
50.48 19284
50.49 19287
50.50 19291
50.52 19295
50.53 19299
50.54 19304
50.55 19312
50.56 19319
50.57 19327
50.58 19330
50.59 19334
50.60 19336
50.61 19341
50.62 19346
50.63 19352
50.64 19356
50.65 19360
50.66 19367
50.67 19372
50.68 19377
50.70 19382
50.71 19387
50.72 19392
50.73 19400
50.74 19405
50.75 19409
50.76 19412
50.77 19418
50.78 19423
50.79 19429
50.80 19434
50.81 19441
50.82 19445
50.83 19448
50.84 19452
50.85 19457
50.86 19460
50.87 19463
50.89 19466
50.90 19468
50.91 19474
50.92 19479
50.93 19481
50.94 19485
50.95 19486
50.96 19489
50.97 19499
50.98 19506
50.99 19510
51.00 19512
51.01 19517
51.02 19521
51.03 19528
51.04 19533
51.05 19537
51.07 19542
51.08 19544
51.09 19547
51.10 19551
51.11 19553
51.12 19556
51.13 19558
51.14 19562
51.15 19571
51.16 19577
51.17 19583
51.18 19589
51.19 19594
51.20 19602
51.21 19606
51.22 19608
51.23 19611
51.25 19614
51.26 19616
51.27 19618
51.28 19619
51.29 19624
51.30 19627
51.31 19635
51.32 19638
51.33 19642
51.34 19642
51.35 19646
51.36 19649
51.37 19650
51.38 19651
51.39 19654
51.40 19661
51.41 19665
51.43 19668
51.44 19672
51.45 19677
51.46 19679
51.47 19681
51.48 19684
51.49 19687
51.50 19690
51.51 19694
51.52 19696
51.53 19700
51.54 19705
51.55 19709
51.56 19711
51.57 19716
51.58 19720
51.59 19726
51.61 19730
51.62 19733
51.63 19737
51.64 19741
51.65 19744
51.66 19748
51.67 19750
51.68 19751
51.69 19756
51.70 19758
51.71 19760
51.72 19765
51.73 19768
51.74 19769
51.75 19773
51.76 19779
51.77 19784
51.78 19787
51.80 19789
51.81 19794
51.82 19797
51.83 19801
51.84 19804
51.85 19807
51.86 19811
51.87 19813
51.88 19817
51.89 19822
51.90 19828
51.91 19832
51.92 19835
51.93 19838
51.94 19845
51.95 19849
51.96 19853
51.98 19856
51.99 19862
52.00 19870
52.01 19877
52.02 19884
52.03 19886
52.04 19887
52.05 19890
52.06 19893
52.07 19896
52.08 19900
52.09 19905
52.10 19908
52.11 19913
52.12 19918
52.13 19924
52.14 19927
52.16 19928
52.17 19930
52.18 19934
52.19 19936
52.20 19941
52.21 19947
52.22 19948
52.23 19954
52.24 19955
52.25 19959
52.26 19961
52.27 19965
52.28 19966
52.29 19968
52.30 19970
52.31 19975
52.32 19977
52.34 19980
52.35 19982
52.36 19982
52.37 19984
52.38 19990
52.39 19994
52.40 20002
52.41 20009
52.42 20013
52.43 20019
52.44 20021
52.45 20026
52.46 20029
52.47 20033
52.48 20033
52.49 20033
52.50 20038
52.52 20042
52.53 20043
52.54 20045
52.55 20048
52.56 20051
52.57 20052
52.58 20056
52.59 20058
52.60 20061
52.61 20064
52.62 20064
52.63 20067
52.64 20072
52.65 20077
52.66 20082
52.67 20084
52.68 20089
52.69 20095
52.71 20099
52.72 20103
52.73 20109
52.74 20111
52.75 20111
52.76 20112
52.77 20117
52.78 20119
52.79 20122
52.80 20125
52.81 20128
52.82 20135
52.83 20140
52.84 20145
52.85 20148
52.86 20156
52.87 20162
52.89 20170
52.90 20175
52.91 20180
52.92 20187
52.93 20193
52.94 20197
52.95 20201
52.96 20207
52.97 20209
52.98 20212
52.99 20216
53.00 20221
53.01 20227
53.02 20230
53.03 20234
53.04 20238
53.05 20242
53.07 20244
53.08 20248
53.09 20253
53.10 20258
53.11 20263
53.12 20269
53.13 20275
53.14 20280
53.15 20283
53.16 20288
53.17 20289
53.18 20295
53.19 20299
53.20 20303
53.21 20311
53.22 20316
53.23 20319
53.25 20323
53.26 20330
53.27 20334
53.28 20337
53.29 20345
53.30 20346
53.31 20348
53.32 20352
53.33 20356
53.34 20358
53.35 20361
53.36 20362
53.37 20366
53.38 20368
53.39 20370
53.40 20370
53.41 20370
53.43 20370
53.44 20372
53.45 20379
53.46 20381
53.47 20383
53.48 20384
53.49 20386
53.50 20387
53.51 20394
53.52 20396
53.53 20397
53.54 20400
53.55 20403
53.56 20407
53.57 20410
53.58 20414
53.59 20417
53.60 20422
53.62 20426
53.63 20429
53.64 20430
53.65 20435
53.66 20437
53.67 20444
53.68 20449
53.69 20452
53.70 20459
53.71 20459
53.72 20463
53.73 20467
53.74 20470
53.75 20472
53.76 20475
53.77 20482
53.78 20488
53.80 20495
53.81 20497
53.82 20500
53.83 20505
53.84 20509
53.85 20514
53.86 20520
53.87 20522
53.88 20524
53.89 20525
53.90 20526
53.91 20527
53.92 20533
53.93 20537
53.94 20540
53.95 20542
53.96 20546
53.98 20548
53.99 20548
54.00 20549
54.01 20549
54.02 20550
54.03 20555
54.04 20555
54.05 20558
54.06 20559
54.07 20562
54.08 20564
54.09 20567
54.10 20571
54.11 20572
54.12 20573
54.13 20578
54.14 20579
54.16 20580
54.17 20581
54.18 20582
54.19 20583
54.20 20584
54.21 20585
54.22 20587
54.23 20587
54.24 20587
54.25 20590
54.26 20590
54.27 20591
54.28 20592
54.29 20593
54.30 20595
54.31 20599
54.32 20599
54.34 20599
54.35 20601
54.36 20602
54.37 20604
54.38 20610
54.39 20612
54.40 20612
54.41 20614
54.42 20617
54.43 20619
54.44 20619
54.45 20620
54.46 20621
54.47 20621
54.48 20621
54.49 20621
54.50 20621
54.51 20621
54.53 20621
54.54 20621
54.55 20621
54.56 20624
54.57 20624
54.58 20624
54.59 20628
54.60 20629
54.61 20629
54.62 20630
54.63 20630
54.64 20630
54.65 20630
54.66 20630
54.67 20630
54.68 20630
54.69 20630
54.71 20630
54.72 20630
54.73 20633
54.74 20633
54.75 20633
54.76 20636
54.77 20637
54.78 20637
54.79 20638
54.80 20638
54.81 20638
54.82 20638
54.83 20638
54.84 20638
54.85 20638
54.86 20638
54.87 20638
54.89 20638
54.90 20640
54.91 20640
54.92 20640
54.93 20644
54.94 20645
54.95 20645
54.96 20646
54.97 20646
54.98 20647
54.99 20647
55.00 20647
55.01 20648
55.02 20648
55.03 20648
55.04 20648
55.05 20648
55.07 20650
55.08 20650
55.09 20650
55.10 20650
55.11 20650
55.12 20652
55.13 20653
55.14 20653
55.15 20653
55.16 20653
55.17 20653
55.18 20653
55.19 20653
55.20 20653
55.21 20653
55.22 20653
55.23 20653
55.25 20653
55.26 20656
55.27 20656
55.28 20656
55.29 20659
55.30 20660
55.31 20661
55.32 20661
55.33 20662
55.34 20664
55.35 20666
55.36 20666
55.37 20668
55.38 20670
55.39 20671
55.40 20671
55.41 20674
55.42 20676
55.44 20676
55.45 20676
55.46 20676
55.47 20676
55.48 20680
55.49 20681
55.50 20681
55.51 20682
55.52 20683
55.53 20685
55.54 20685
55.55 20687
55.56 20687
55.57 20687
55.58 20687
55.59 20690
55.60 20690
55.62 20693
55.63 20693
55.64 20693
55.65 20696
55.66 20697
55.67 20697
55.68 20697
55.69 20697
55.70 20698
55.71 20698
55.72 20698
55.73 20698
55.74 20698
55.75 20698
55.76 20698
55.77 20698
55.78 20701
55.80 20701
55.81 20701
55.82 20704
55.83 20704
55.84 20704
55.85 20706
55.86 20706
55.87 20706
55.88 20706
55.89 20706
55.90 20706
55.91 20706
55.92 20706
55.93 20706
55.94 20706
55.95 20707
55.96 20707
55.98 20707
55.99 20711
56.00 20712
56.01 20712
56.02 20713
56.03 20713
56.04 20717
56.05 20717
56.06 20717
56.07 20717
56.08 20717
56.09 20717
56.10 20723
56.11 20730
56.12 20734
56.13 20740
56.14 20746
56.16 20752
56.17 20752
56.18 20752
56.19 20753
56.20 20753
56.21 20753
56.22 20758
56.23 20759
56.24 20759
56.25 20760
56.26 20760
56.27 20760
56.28 20760
56.29 20760
56.30 20760
56.31 20760
56.32 20760
56.33 20760
56.35 20760
56.36 20763
56.37 20763
56.38 20763
56.39 20765
56.40 20766
56.41 20766
56.42 20768
56.43 20769
56.44 20771
56.45 20771
56.46 20772
56.47 20772
56.48 20773
56.49 20773
56.50 20775
56.51 20775
56.53 20775
56.54 20777
56.55 20777
56.56 20777
56.57 20777
56.58 20780
56.59 20781
56.60 20781
56.61 20781
56.62 20782
56.63 20785
56.64 20785
56.65 20786
56.66 20790
56.67 20792
56.68 20792
56.69 20793
56.71 20795
56.72 20796
56.73 20796
56.74 20796
56.75 20796
56.76 20796
56.77 20796
56.78 20799
56.79 20799
56.80 20799
56.81 20800
56.82 20800
56.83 20804
56.84 20804
56.85 20804
56.86 20804
56.87 20804
56.89 20804
56.90 20804
56.91 20807
56.92 20807
56.93 20808
56.94 20809
56.95 20809
56.96 20809
56.97 20816
56.98 20818
56.99 20818
57.00 20818
57.01 20818
57.02 20820
57.03 20821
57.04 20821
57.05 20821
57.07 20822
57.08 20822
57.09 20822
57.10 20823
57.11 20824
57.12 20824
57.13 20824
57.14 20824
57.15 20824
57.16 20824
57.17 20826
57.18 20827
57.19 20827
57.20 20827
57.21 20827
57.22 20829
57.23 20830
57.24 20830
57.26 20830
57.27 20830
57.28 20830
57.29 20830
57.30 20832
57.31 20832
57.32 20832
57.33 20834
57.34 20834
57.35 20834
57.36 20836
57.37 20837
57.38 20837
57.39 20837
57.40 20837
57.41 20841
57.42 20841
57.44 20841
57.45 20841
57.46 20842
57.47 20842
57.48 20842
57.49 20842
57.50 20842
57.51 20842
57.52 20842
57.53 20842
57.54 20842
57.55 20842
57.56 20846
57.57 20848
57.58 20848
57.59 20852
57.60 20852
57.62 20855
57.63 20856
57.64 20856
57.65 20858
57.66 20862
57.67 20862
57.68 20862
57.69 20866
57.70 20869
57.71 20869
57.72 20869
57.73 20869
57.74 20869
57.75 20873
57.76 20874
57.77 20875
57.78 20875
57.80 20876
57.81 20876
57.82 20876
57.83 20876
57.84 20876
57.85 20876
57.86 20876
57.87 20877
57.88 20877
57.89 20877
57.90 20878
57.91 20878
57.92 20878
57.93 20882
57.94 20883
57.95 20883
57.96 20884
57.98 20884
57.99 20884
58.00 20884
58.01 20884
58.02 20884
58.03 20884
58.04 20884
58.05 20884
58.06 20884
58.07 20886
58.08 20886
58.09 20886
58.10 20891
58.11 20892
58.12 20892
58.13 20893
58.14 20893
58.15 20893
58.17 20893
58.18 20893
58.19 20893
58.20 20893
58.21 20893
58.22 20893
58.23 20893
58.24 20893
58.25 20893
58.26 20893
58.27 20897
58.28 20900
58.29 20901
58.30 20901
58.31 20901
58.32 20901
58.33 20901
58.35 20901
58.36 20901
58.37 20901
58.38 20901
58.39 20901
58.40 20901
58.41 20901
58.42 20904
58.43 20904
58.44 20904
58.45 20907
58.46 20907
58.47 20907
58.48 20911
58.49 20911
58.50 20915
58.51 20915
58.53 20915
58.54 20923
58.55 20924
58.56 20926
58.57 20926
58.58 20931
58.59 20938
58.60 20940
58.61 20940
58.62 20943
58.63 20946
58.64 20946
58.65 20948
58.66 20950
58.67 20950
58.68 20950
58.69 20950
58.71 20951
58.72 20951
58.73 20951
58.74 20951
58.75 20951
58.76 20951
58.77 20951
58.78 20951
58.79 20951
58.80 20951
58.81 20951
58.82 20953
58.83 20957
58.84 20958
58.85 20958
58.86 20958
58.87 20959
58.88 20962
58.90 20962
58.91 20964
58.92 20966
58.93 20969
58.94 20969
58.95 20970
58.96 20970
58.97 20972
58.98 20972
58.99 20972
59.00 20972
59.01 20976
59.02 20977
59.03 20977
59.04 20977
59.05 20977
59.06 20977
59.08 20977
59.09 20977
59.10 20977
59.11 20977
59.12 20977
59.13 20978
59.14 20978
59.15 20980
59.16 20980
59.17 20980
59.18 20984
59.19 20985
59.20 20985
59.21 20985
59.22 20985
59.23 20989
59.24 20989
59.26 20990
59.27 20990
59.28 20991
59.29 20991
59.30 20991
59.31 20991
59.32 20991
59.33 20991
59.34 20992
59.35 20992
59.36 20994
59.37 20996
59.38 20997
59.39 20997
59.40 21000
59.41 21000
59.42 21000
59.44 21000
59.45 21000
59.46 21000
59.47 21000
59.48 21000
59.49 21000
59.50 21000
59.51 21001
59.52 21001
59.53 21001
59.54 21005
59.55 21005
59.56 21005
59.57 21006
59.58 21006
59.59 21006
59.60 21006
59.62 21006
59.63 21006
59.64 21006
59.65 21006
59.66 21006
59.67 21006
59.68 21008
59.69 21008
59.70 21008
59.71 21012
59.72 21012
59.73 21012
59.74 21012
59.75 21013
59.76 21013
59.77 21013
59.78 21013
59.79 21013
59.81 21013
59.82 21013
59.83 21013
59.84 21013
59.85 21013
59.86 21013
59.87 21013
59.88 21014
59.89 21018
59.90 21019
59.91 21019
59.92 21020
59.93 21020
59.94 21020
59.95 21020
59.96 21020
59.97 21020
59.99 21020
60.00 21020
60.01 21020
60.02 21020
60.03 21022
60.04 21022
60.05 21022
60.06 21026
60.07 21026
60.08 21026
60.09 21027
60.10 21027
60.11 21031
60.12 21031
60.13 21031
60.14 21035
60.15 21037
60.17 21037
60.18 21041
60.19 21042
60.20 21042
60.21 21042
60.22 21042
60.23 21042
60.24 21048
60.25 21050
60.26 21051
60.27 21052
60.28 21055
60.29 21056
60.30 21059
60.31 21059
60.32 21063
60.33 21063
60.35 21066
60.36 21066
60.37 21067
60.38 21067
60.39 21068
60.40 21069
60.41 21069
60.42 21069
60.43 21079
60.44 21085
60.45 21085
60.46 21085
60.47 21089
60.48 21089
60.49 21092
60.50 21092
60.51 21092
60.53 21095
60.54 21097
60.55 21097
60.56 21098
60.57 21100
60.58 21100
60.59 21102
60.60 21102
60.61 21102
60.62 21105
60.63 21106
60.64 21106
60.65 21106
60.66 21107
60.67 21109
60.68 21111
60.69 21111
60.70 21116
60.72 21116
60.73 21119
60.74 21119
60.75 21119
60.76 21121
60.77 21121
60.78 21121
60.79 21121
60.80 21121
60.81 21125
60.82 21126
60.83 21126
60.84 21127
60.85 21127
60.86 21128
60.87 21129
60.88 21129
60.90 21130
60.91 21130
60.92 21130
60.93 21130
60.94 21132
60.95 21133
60.96 21133
60.97 21133
60.98 21133
60.99 21133
61.00 21137
61.01 21138
61.02 21138
61.03 21138
61.04 21139
61.05 21139
61.06 21139
61.08 21139
61.09 21139
61.10 21139
61.11 21139
61.12 21139
61.13 21140
61.14 21140
61.15 21140
61.16 21140
61.17 21140
61.18 21144
61.19 21144
61.20 21145
61.21 21149
61.22 21149
61.23 21152
61.24 21152
61.26 21155
61.27 21158
61.28 21160
61.29 21160
61.30 21162
61.31 21162
61.32 21162
61.33 21163
61.34 21163
61.35 21163
61.36 21167
61.37 21168
61.38 21168
61.39 21169
61.40 21170
61.41 21173
61.42 21173
61.44 21175
61.45 21177
61.46 21179
61.47 21179
61.48 21180
61.49 21180
61.50 21180
61.51 21183
61.52 21183
61.53 21183
61.54 21185
61.55 21186
61.56 21186
61.57 21190
61.58 21190
61.59 21193
61.60 21194
61.61 21194
61.63 21197
61.64 21199
61.65 21199
61.66 21199
61.67 21204
61.68 21211
61.69 21218
61.70 21218
61.71 21219
61.72 21221
61.73 21221
61.74 21221
61.75 21224
61.76 21226
61.77 21226
61.78 21227
61.79 21227
61.81 21227
61.82 21227
61.83 21227
61.84 21227
61.85 21227
61.86 21227
61.87 21227
61.88 21227
61.89 21227
61.90 21227
61.91 21227
61.92 21232
61.93 21232
61.94 21232
61.95 21232
61.96 21233
61.97 21233
61.99 21233
62.00 21233
62.01 21233
62.02 21233
62.03 21233
62.04 21233
62.05 21233
62.06 21233
62.07 21233
62.08 21233
62.09 21233
62.10 21237
62.11 21238
62.12 21238
62.13 21238
62.14 21238
62.15 21238
62.17 21238
62.18 21238
62.19 21238
62.20 21238
62.21 21238
62.22 21238
62.23 21238
62.24 21239
62.25 21239
62.26 21239
62.27 21242
62.28 21243
62.29 21243
62.30 21247
62.31 21247
62.32 21251
62.33 21251
62.35 21251
62.36 21255
62.37 21256
62.38 21256
62.39 21257
62.40 21259
62.41 21259
62.42 21259
62.43 21261
62.44 21261
62.45 21261
62.46 21261
62.47 21266
62.48 21266
62.49 21266
62.50 21267
62.51 21267
62.52 21267
62.54 21267
62.55 21267
62.56 21267
62.57 21267
62.58 21267
62.59 21267
62.60 21267
62.61 21268
62.62 21268
62.63 21268
62.64 21270
62.65 21271
62.66 21272
62.67 21273
62.68 21273
62.69 21273
62.70 21273
62.72 21273
62.73 21273
62.74 21273
62.75 21273
62.76 21273
62.77 21273
62.78 21273
62.79 21274
62.80 21274
62.81 21275
62.82 21276
62.83 21277
62.84 21277
62.85 21279
62.86 21279
62.87 21279
62.88 21279
62.90 21282
62.91 21284
62.92 21286
62.93 21286
62.94 21288
62.95 21288
62.96 21289
62.97 21292
62.98 21292
62.99 21293
63.00 21293
63.01 21294
63.02 21294
63.03 21295
63.04 21295
63.05 21298
63.06 21298
63.08 21298
63.09 21298
63.10 21299
63.11 21299
63.12 21300
63.13 21301
63.14 21302
63.15 21302
63.16 21303
63.17 21304
63.18 21304
63.19 21304
63.20 21305
63.21 21305
63.22 21307
63.23 21307
63.24 21307
63.26 21307
63.27 21307
63.28 21307
63.29 21307
63.30 21308
63.31 21309
63.32 21309
63.33 21309
63.34 21309
63.35 21309
63.36 21309
63.37 21310
63.38 21310
63.39 21310
63.40 21310
63.41 21310
63.42 21312
63.43 21312
63.45 21313
63.46 21313
63.47 21313
63.48 21313
63.49 21313
63.50 21313
63.51 21313
63.52 21313
63.53 21313
63.54 21313
63.55 21313
63.56 21317
63.57 21317
63.58 21318
63.59 21318
63.60 21319
63.61 21321
63.63 21323
63.64 21323
63.65 21328
63.66 21331
63.67 21331
63.68 21337
63.69 21343
63.70 21350
63.71 21353
63.72 21353
63.73 21354
63.74 21354
63.75 21354
63.76 21354
63.77 21357
63.78 21358
63.79 21358
63.81 21358
63.82 21360
63.83 21362
63.84 21362
63.85 21364
63.86 21365
63.87 21367
63.88 21367
63.89 21367
63.90 21370
63.91 21370
63.92 21371
63.93 21371
63.94 21371
63.95 21375
63.96 21376
63.97 21376
63.99 21376
64.00 21376
64.01 21378
64.02 21378
64.03 21378
64.04 21379
64.05 21379
64.06 21379
64.07 21379
64.08 21379
64.09 21379
64.10 21380
64.11 21383
64.12 21383
64.13 21383
64.14 21385
64.15 21386
64.17 21386
64.18 21389
64.19 21390
64.20 21393
64.21 21393
64.22 21394
64.23 21397
64.24 21400
64.25 21400
64.26 21400
64.27 21405
64.28 21413
64.29 21422
64.30 21425
64.31 21425
64.32 21433
64.33 21438
64.34 21441
64.36 21443
64.37 21446
64.38 21449
64.39 21452
64.40 21457
64.41 21460
64.42 21463
64.43 21468
64.44 21473
64.45 21477
64.46 21483
64.47 21489
64.48 21494
64.49 21500
64.50 21500
64.51 21506
64.52 21511
64.54 21517
64.55 21520
64.56 21523
64.57 21524
64.58 21525
64.59 21526
64.60 21526
64.61 21528
64.62 21531
64.63 21534
64.64 21536
64.65 21537
64.66 21537
64.67 21539
64.68 21540
64.69 21540
64.70 21542
64.72 21543
64.73 21543
64.74 21549
64.75 21551
64.76 21554
64.77 21559
64.78 21565
64.79 21569
64.80 21572
64.81 21576
64.82 21580
64.83 21584
64.84 21587
64.85 21589
64.86 21593
64.87 21599
64.88 21603
64.90 21607
64.91 21611
64.92 21617
64.93 21623
64.94 21627
64.95 21630
64.96 21635
64.97 21637
64.98 21644
64.99 21647
65.00 21652
65.01 21657
65.02 21662
65.03 21668
65.04 21672
65.05 21677
65.06 21682
65.08 21686
65.09 21690
65.10 21694
65.11 21697
65.12 21701
65.13 21704
65.14 21708
65.15 21710
65.16 21714
65.17 21715
65.18 21720
65.19 21726
65.20 21732
65.21 21736
65.22 21742
65.23 21746
65.24 21752
65.25 21758
65.27 21761
65.28 21766
65.29 21770
65.30 21776
65.31 21782
65.32 21787
65.33 21792
65.34 21796
65.35 21801
65.36 21805
65.37 21809
65.38 21812
65.39 21817
65.40 21817
65.41 21817
65.42 21817
65.43 21818
65.45 21821
65.46 21822
65.47 21824
65.48 21826
65.49 21826
65.50 21827
65.51 21827
65.52 21835
65.53 21837
65.54 21837
65.55 21839
65.56 21840
65.57 21840
65.58 21843
65.59 21843
65.60 21843
65.61 21843
65.63 21846
65.64 21846
65.65 21846
65.66 21848
65.67 21849
65.68 21853
65.69 21857
65.70 21866
65.71 21873
65.72 21877
65.73 21881
65.74 21884
65.75 21887
65.76 21894
65.77 21899
65.78 21905
65.79 21910
65.81 21914
65.82 21919
65.83 21923
65.84 21926
65.85 21928
65.86 21931
65.87 21931
65.88 21934
65.89 21934
65.90 21937
65.91 21939
65.92 21942
65.93 21947
65.94 21954
65.95 21956
65.96 21959
65.97 21962
65.99 21965
66.00 21971
66.01 21976
66.02 21980
66.03 21987
66.04 21995
66.05 22001
66.06 22004
66.07 22005
66.08 22005
66.09 22005
66.10 22009
66.11 22013
66.12 22020
66.13 22024
66.14 22026
66.15 22032
66.16 22037
66.18 22043
66.19 22049
66.20 22052
66.21 22058
66.22 22063
66.23 22064
66.24 22067
66.25 22071
66.26 22073
66.27 22076
66.28 22077
66.29 22084
66.30 22087
66.31 22092
66.32 22098
66.33 22101
66.34 22102
66.36 22104
66.37 22105
66.38 22110
66.39 22113
66.40 22117
66.41 22121
66.42 22124
66.43 22129
66.44 22134
66.45 22136
66.46 22138
66.47 22141
66.48 22146
66.49 22153
66.50 22159
66.51 22164
66.52 22170
66.54 22174
66.55 22180
66.56 22188
66.57 22193
66.58 22195
66.59 22201
66.60 22205
66.61 22209
66.62 22211
66.63 22219
66.64 22221
66.65 22225
66.66 22228
66.67 22231
66.68 22232
66.69 22235
66.70 22239
66.72 22242
66.73 22251
66.74 22257
66.75 22262
66.76 22268
66.77 22275
66.78 22280
66.79 22283
66.80 22287
66.81 22293
66.82 22301
66.83 22307
66.84 22311
66.85 22319
66.86 22325
66.87 22329
66.88 22333
66.90 22340
66.91 22343
66.92 22347
66.93 22352
66.94 22354
66.95 22358
66.96 22363
66.97 22368
66.98 22373
66.99 22376
67.00 22379
67.01 22381
67.02 22386
67.03 22390
67.04 22394
67.05 22396
67.06 22399
67.07 22404
67.09 22407
67.10 22408
67.11 22416
67.12 22420
67.13 22422
67.14 22424
67.15 22428
67.16 22432
67.17 22435
67.18 22439
67.19 22446
67.20 22452
67.21 22457
67.22 22459
67.23 22466
67.24 22474
67.25 22478
67.27 22484
67.28 22487
67.29 22491
67.30 22493
67.31 22496
67.32 22500
67.33 22502
67.34 22504
67.35 22507
67.36 22512
67.37 22515
67.38 22518
67.39 22521
67.40 22527
67.41 22530
67.42 22531
67.43 22536
67.45 22542
67.46 22547
67.47 22549
67.48 22556
67.49 22560
67.50 22562
67.51 22564
67.52 22566
67.53 22571
67.54 22577
67.55 22583
67.56 22585
67.57 22593
67.58 22595
67.59 22598
67.60 22603
67.61 22606
67.63 22609
67.64 22614
67.65 22622
67.66 22628
67.67 22630
67.68 22634
67.69 22640
67.70 22645
67.71 22651
67.72 22656
67.73 22660
67.74 22664
67.75 22667
67.76 22670
67.77 22672
67.78 22674
67.79 22676
67.81 22679
67.82 22683
67.83 22688
67.84 22695
67.85 22698
67.86 22702
67.87 22705
67.88 22706
67.89 22712
67.90 22716
67.91 22721
67.92 22725
67.93 22730
67.94 22736
67.95 22740
67.96 22742
67.97 22744
67.98 22750
68.00 22756
68.01 22759
68.02 22763
68.03 22766
68.04 22772
68.05 22778
68.06 22786
68.07 22791
68.08 22797
68.09 22802
68.10 22806
68.11 22812
68.12 22816
68.13 22820
68.14 22826
68.15 22828
68.16 22831
68.18 22833
68.19 22837
68.20 22839
68.21 22842
68.22 22847
68.23 22850
68.24 22853
68.25 22857
68.26 22861
68.27 22866
68.28 22869
68.29 22874
68.30 22877
68.31 22877
68.32 22882
68.33 22888
68.34 22889
68.36 22889
68.37 22893
68.38 22895
68.39 22903
68.40 22907
68.41 22914
68.42 22919
68.43 22924
68.44 22926
68.45 22927
68.46 22933
68.47 22939
68.48 22942
68.49 22945
68.50 22950
68.51 22953
68.52 22956
68.54 22959
68.55 22962
68.56 22965
68.57 22968
68.58 22973
68.59 22976
68.60 22982
68.61 22986
68.62 22989
68.63 22993
68.64 22996
68.65 23003
68.66 23009
68.67 23014
68.68 23017
68.69 23021
68.70 23023
68.72 23025
68.73 23029
68.74 23033
68.75 23037
68.76 23040
68.77 23045
68.78 23053
68.79 23058
68.80 23061
68.81 23065
68.82 23072
68.83 23074
68.84 23076
68.85 23081
68.86 23087
68.87 23091
68.88 23094
68.89 23096
68.91 23096
68.92 23099
68.93 23102
68.94 23103
68.95 23111
68.96 23115
68.97 23119
68.98 23124
68.99 23129
69.00 23132
69.01 23139
69.02 23140
69.03 23143
69.04 23145
69.05 23146
69.06 23146
69.07 23146
69.09 23148
69.10 23148
69.11 23148
69.12 23149
69.13 23150
69.14 23151
69.15 23152
69.16 23153
69.17 23154
69.18 23154
69.19 23155
69.20 23155
69.21 23156
69.22 23159
69.23 23161
69.24 23165
69.25 23166
69.27 23168
69.28 23171
69.29 23173
69.30 23177
69.31 23177
69.32 23177
69.33 23180
69.34 23181
69.35 23183
69.36 23183
69.37 23183
69.38 23186
69.39 23187
69.40 23187
69.41 23188
69.42 23188
69.43 23188
69.45 23188
69.46 23189
69.47 23189
69.48 23189
69.49 23189
69.50 23189
69.51 23189
69.52 23190
69.53 23190
69.54 23190
69.55 23193
69.56 23194
69.57 23194
69.58 23195
69.59 23195
69.60 23197
69.61 23197
69.63 23197
69.64 23198
69.65 23198
69.66 23198
69.67 23198
69.68 23199
69.69 23199
69.70 23199
69.71 23199
69.72 23199
69.73 23199
69.74 23202
69.75 23203
69.76 23203
69.77 23204
69.78 23204
69.79 23205
69.80 23205
69.82 23205
69.83 23206
69.84 23206
69.85 23206
69.86 23206
69.87 23206
69.88 23206
69.89 23207
69.90 23207
69.91 23207
69.92 23207
69.93 23211
69.94 23216
69.95 23216
69.96 23216
69.97 23216
69.98 23217
70.00 23218
70.01 23218
70.02 23219
70.03 23219
70.04 23219
70.05 23219
70.06 23219
70.07 23223
70.08 23223
70.09 23223
70.10 23223
70.11 23223
70.12 23223
70.13 23228
70.14 23228
70.15 23228
70.16 23229
70.18 23229
70.19 23231
70.20 23232
70.21 23232
70.22 23233
70.23 23233
70.24 23233
70.25 23234
70.26 23234
70.27 23234
70.28 23236
70.29 23237
70.30 23237
70.31 23241
70.32 23242
70.33 23242
70.34 23243
70.36 23243
70.37 23243
70.38 23243
70.39 23243
70.40 23244
70.41 23244
70.42 23244
70.43 23244
70.44 23244
70.45 23246
70.46 23247
70.47 23247
70.48 23250
70.49 23250
70.50 23251
70.51 23251
70.52 23251
70.54 23253
70.55 23254
70.56 23254
70.57 23260
70.58 23261
70.59 23262
70.60 23262
70.61 23263
70.62 23264
70.63 23264
70.64 23264
70.65 23266
70.66 23267
70.67 23267
70.68 23270
70.69 23270
70.70 23273
70.71 23274
70.73 23274
70.74 23280
70.75 23280
70.76 23282
70.77 23283
70.78 23288
70.79 23288
70.80 23291
70.81 23295
70.82 23297
70.83 23307
70.84 23314
70.85 23318
70.86 23324
70.87 23326
70.88 23328
70.89 23329
70.91 23331
70.92 23332
70.93 23336
70.94 23338
70.95 23339
70.96 23342
70.97 23342
70.98 23347
70.99 23349
71.00 23352
71.01 23357
71.02 23365
71.03 23371
71.04 23375
71.05 23376
71.06 23379
71.07 23383
71.09 23384
71.10 23386
71.11 23389
71.12 23391
71.13 23394
71.14 23397
71.15 23397
71.16 23399
71.17 23403
71.18 23406
71.19 23406
71.20 23409
71.21 23415
71.22 23418
71.23 23422
71.24 23426
71.25 23430
71.27 23431
71.28 23436
71.29 23440
71.30 23441
71.31 23443
71.32 23446
71.33 23448
71.34 23451
71.35 23456
71.36 23459
71.37 23461
71.38 23466
71.39 23468
71.40 23470
71.41 23473
71.42 23475
71.43 23476
71.45 23477
71.46 23480
71.47 23485
71.48 23487
71.49 23488
71.50 23491
71.51 23494
71.52 23496
71.53 23497
71.54 23500
71.55 23502
71.56 23504
71.57 23507
71.58 23510
71.59 23513
71.60 23520
71.61 23525
71.62 23527
71.64 23531
71.65 23532
71.66 23535
71.67 23538
71.68 23538
71.69 23544
71.70 23545
71.71 23548
71.72 23551
71.73 23557
71.74 23562
71.75 23564
71.76 23568
71.77 23569
71.78 23573
71.79 23576
71.80 23579
71.82 23581
71.83 23588
71.84 23594
71.85 23598
71.86 23605
71.87 23609
71.88 23611
71.89 23614
71.90 23614
71.91 23621
71.92 23625
71.93 23631
71.94 23633
71.95 23637
71.96 23645
71.97 23653
71.98 23655
72.00 23657
72.01 23661
72.02 23666
72.03 23667
72.04 23668
72.05 23671
72.06 23673
72.07 23673
72.08 23676
72.09 23678
72.10 23681
72.11 23681
72.12 23682
72.13 23683
72.14 23690
72.15 23690
72.16 23692
72.18 23694
72.19 23702
72.20 23703
72.21 23703
72.22 23704
72.23 23706
72.24 23711
72.25 23715
72.26 23717
72.27 23719
72.28 23722
72.29 23723
72.30 23726
72.31 23727
72.32 23730
72.33 23731
72.34 23734
72.36 23739
72.37 23744
72.38 23747
72.39 23750
72.40 23756
72.41 23758
72.42 23760
72.43 23762
72.44 23767
72.45 23770
72.46 23775
72.47 23778
72.48 23785
72.49 23789
72.50 23794
72.51 23798
72.52 23804
72.53 23809
72.55 23813
72.56 23816
72.57 23820
72.58 23821
72.59 23826
72.60 23830
72.61 23834
72.62 23841
72.63 23844
72.64 23847
72.65 23849
72.66 23850
72.67 23851
72.68 23853
72.69 23857
72.70 23859
72.71 23859
72.73 23862
72.74 23868
72.75 23875
72.76 23882
72.77 23887
72.78 23890
72.79 23893
72.80 23895
72.81 23897
72.82 23901
72.83 23903
72.84 23906
72.85 23909
72.86 23911
72.87 23916
72.88 23921
72.89 23923
72.91 23928
72.92 23930
72.93 23931
72.94 23935
72.95 23937
72.96 23940
72.97 23944
72.98 23946
72.99 23950
73.00 23952
73.01 23953
73.02 23958
73.03 23962
73.04 23967
73.05 23969
73.06 23972
73.07 23974
73.09 23975
73.10 23976
73.11 23980
73.12 23983
73.13 23988
73.14 23992
73.15 23996
73.16 24001
73.17 24004
73.18 24008
73.19 24010
73.20 24017
73.21 24020
73.22 24023
73.23 24028
73.24 24035
73.25 24039
73.26 24043
73.28 24049
73.29 24055
73.30 24061
73.31 24068
73.32 24074
73.33 24081
73.34 24084
73.35 24087
73.36 24089
73.37 24089
73.38 24094
73.39 24096
73.40 24101
73.41 24102
73.42 24104
73.43 24108
73.44 24109
73.46 24112
73.47 24113
73.48 24117
73.49 24121
73.50 24122
73.51 24125
73.52 24129
73.53 24134
73.54 24138
73.55 24140
73.56 24145
73.57 24148
73.58 24151
73.59 24158
73.60 24163
73.61 24166
73.62 24173
73.64 24181
73.65 24185
73.66 24187
73.67 24191
73.68 24196
73.69 24200
73.70 24201
73.71 24206
73.72 24210
73.73 24214
73.74 24216
73.75 24220
73.76 24227
73.77 24230
73.78 24233
73.79 24237
73.80 24244
73.82 24248
73.83 24251
73.84 24254
73.85 24259
73.86 24262
73.87 24265
73.88 24266
73.89 24269
73.90 24273
73.91 24277
73.92 24280
73.93 24287
73.94 24289
73.95 24294
73.96 24297
73.97 24301
73.98 24305
74.00 24308
74.01 24309
74.02 24314
74.03 24318
74.04 24320
74.05 24324
74.06 24327
74.07 24332
74.08 24334
74.09 24336
74.10 24340
74.11 24344
74.12 24349
74.13 24354
74.14 24359
74.15 24363
74.16 24367
74.17 24370
74.19 24374
74.20 24377
74.21 24379
74.22 24383
74.23 24389
74.24 24395
74.25 24398
74.26 24401
74.27 24405
74.28 24409
74.29 24412
74.30 24419
74.31 24422
74.32 24426
74.33 24433
74.34 24438
74.35 24443
74.37 24447
74.38 24452
74.39 24455
74.40 24459
74.41 24462
74.42 24468
74.43 24474
74.44 24477
74.45 24482
74.46 24484
74.47 24487
74.48 24490
74.49 24497
74.50 24500
74.51 24503
74.52 24505
74.53 24508
74.55 24509
74.56 24509
74.57 24519
74.58 24524
74.59 24524
74.60 24525
74.61 24529
74.62 24532
74.63 24535
74.64 24536
74.65 24538
74.66 24543
74.67 24547
74.68 24548
74.69 24551
74.70 24556
74.71 24559
74.73 24561
74.74 24565
74.75 24571
74.76 24577
74.77 24579
74.78 24582
74.79 24584
74.80 24587
74.81 24590
74.82 24595
74.83 24599
74.84 24602
74.85 24604
74.86 24607
74.87 24613
74.88 24620
74.89 24627
74.91 24632
74.92 24638
74.93 24641
74.94 24647
74.95 24647
74.96 24652
74.97 24657
74.98 24662
74.99 24666
75.00 24671
75.01 24675
75.02 24679
75.03 24682
75.04 24684
75.05 24686
75.06 24690
75.07 24693
75.08 24695
75.10 24700
75.11 24703
75.12 24707
75.13 24712
75.14 24715
75.15 24719
75.16 24722
75.17 24728
75.18 24731
75.19 24737
75.20 24740
75.21 24744
75.22 24749
75.23 24753
75.24 24755
75.25 24759
75.26 24764
75.28 24766
75.29 24770
75.30 24774
75.31 24779
75.32 24782
75.33 24784
75.34 24791
75.35 24794
75.36 24796
75.37 24801
75.38 24804
75.39 24808
75.40 24812
75.41 24816
75.42 24818
75.43 24822
75.44 24826
75.46 24830
75.47 24834
75.48 24836
75.49 24840
75.50 24841
75.51 24848
75.52 24852
75.53 24855
75.54 24858
75.55 24861
75.56 24865
75.57 24869
75.58 24873
75.59 24875
75.60 24879
75.61 24881
75.62 24883
75.64 24887
75.65 24890
75.66 24890
75.67 24893
75.68 24897
75.69 24902
75.70 24907
75.71 24908
75.72 24914
75.73 24914
75.74 24918
75.75 24923
75.76 24924
75.77 24927
75.78 24931
75.79 24933
75.80 24934
75.82 24938
75.83 24938
75.84 24939
75.85 24939
75.86 24942
75.87 24942
75.88 24942
75.89 24945
75.90 24945
75.91 24945
75.92 24945
75.93 24949
75.94 24949
75.95 24949
75.96 24950
75.97 24952
75.98 24952
75.99 24952
76.01 24955
76.02 24955
76.03 24955
76.04 24955
76.05 24957
76.06 24957
76.07 24957
76.08 24959
76.09 24960
76.10 24960
76.11 24960
76.12 24963
76.13 24963
76.14 24963
76.15 24963
76.16 24966
76.17 24966
76.19 24967
76.20 24967
76.21 24970
76.22 24970
76.23 24970
76.24 24972
76.25 24972
76.26 24972
76.27 24972
76.28 24976
76.29 24976
76.30 24976
76.31 24976
76.32 24979
76.33 24979
76.34 24979
76.35 24979
76.37 24981
76.38 24981
76.39 24981
76.40 24983
76.41 24984
76.42 24984
76.43 24984
76.44 24987
76.45 24987
76.46 24987
76.47 24987
76.48 24989
76.49 24989
76.50 24989
76.51 24990
76.52 24992
76.53 24992
76.55 24992
76.56 24994
76.57 24995
76.58 24997
76.59 25000
76.60 25001
76.61 25002
76.62 25009
76.63 25012
76.64 25015
76.65 25018
76.66 25022
76.67 25028
76.68 25032
76.69 25035
76.70 25040
76.71 25044
76.73 25049
76.74 25056
76.75 25059
76.76 25064
76.77 25069
76.78 25073
76.79 25076
76.80 25079
76.81 25083
76.82 25086
76.83 25092
76.84 25096
76.85 25100
76.86 25106
76.87 25110
76.88 25113
76.89 25114
76.90 25119
76.92 25123
76.93 25127
76.94 25134
76.95 25142
76.96 25145
76.97 25149
76.98 25153
76.99 25155
77.00 25156
77.01 25158
77.02 25159
77.03 25160
77.04 25162
77.05 25163
77.06 25163
77.07 25168
77.08 25170
77.10 25170
77.11 25172
77.12 25176
77.13 25180
77.14 25181
77.15 25185
77.16 25187
77.17 25189
77.18 25191
77.19 25195
77.20 25199
77.21 25203
77.22 25208
77.23 25210
77.24 25211
77.25 25212
77.26 25213
77.28 25219
77.29 25223
77.30 25227
77.31 25230
77.32 25232
77.33 25234
77.34 25238
77.35 25243
77.36 25244
77.37 25246
77.38 25247
77.39 25248
77.40 25249
77.41 25250
77.42 25252
77.43 25253
77.44 25254
77.46 25255
77.47 25256
77.48 25256
77.49 25257
77.50 25258
77.51 25258
77.52 25261
77.53 25264
77.54 25265
77.55 25267
77.56 25270
77.57 25273
77.58 25278
77.59 25279
77.60 25282
77.61 25285
77.62 25288
77.64 25296
77.65 25300
77.66 25302
77.67 25305
77.68 25307
77.69 25308
77.70 25310
77.71 25312
77.72 25317
77.73 25320
77.74 25322
77.75 25323
77.76 25327
77.77 25331
77.78 25334
77.79 25334
77.80 25339
77.81 25341
77.83 25341
77.84 25344
77.85 25344
77.86 25346
77.87 25349
77.88 25355
77.89 25357
77.90 25360
77.91 25363
77.92 25364
77.93 25368
77.94 25371
77.95 25373
77.96 25375
77.97 25378
77.98 25379
77.99 25383
78.01 25385
78.02 25386
78.03 25389
78.04 25391
78.05 25393
78.06 25395
78.07 25400
78.08 25401
78.09 25402
78.10 25406
78.11 25407
78.12 25411
78.13 25412
78.14 25414
78.15 25418
78.16 25421
78.17 25425
78.19 25426
78.20 25427
78.21 25430
78.22 25431
78.23 25433
78.24 25433
78.25 25434
78.26 25437
78.27 25439
78.28 25442
78.29 25443
78.30 25444
78.31 25444
78.32 25447
78.33 25451
78.34 25456
78.35 25460
78.37 25465
78.38 25470
78.39 25472
78.40 25478
78.41 25482
78.42 25485
78.43 25487
78.44 25488
78.45 25492
78.46 25493
78.47 25497
78.48 25501
78.49 25504
78.50 25510
78.51 25513
78.52 25516
78.53 25523
78.55 25526
78.56 25531
78.57 25535
78.58 25539
78.59 25543
78.60 25548
78.61 25552
78.62 25559
78.63 25561
78.64 25565
78.65 25572
78.66 25577
78.67 25581
78.68 25584
78.69 25593
78.70 25600
78.71 25602
78.72 25607
78.74 25609
78.75 25612
78.76 25613
78.77 25619
78.78 25622
78.79 25628
78.80 25631
78.81 25635
78.82 25637
78.83 25641
78.84 25642
78.85 25643
78.86 25649
78.87 25652
78.88 25656
78.89 25659
78.90 25663
78.92 25667
78.93 25672
78.94 25676
78.95 25682
78.96 25684
78.97 25688
78.98 25694
78.99 25696
79.00 25701
79.01 25703
79.02 25705
79.03 25707
79.04 25709
79.05 25712
79.06 25715
79.07 25717
79.08 25722
79.10 25725
79.11 25727
79.12 25731
79.13 25732
79.14 25733
79.15 25736
79.16 25739
79.17 25743
79.18 25746
79.19 25751
79.20 25755
79.21 25757
79.22 25759
79.23 25764
79.24 25770
79.25 25773
79.26 25776
79.28 25780
79.29 25789
79.30 25794
79.31 25797
79.32 25798
79.33 25804
79.34 25808
79.35 25813
79.36 25815
79.37 25820
79.38 25827
79.39 25830
79.40 25835
79.41 25840
79.42 25843
79.43 25847
79.44 25853
79.46 25859
79.47 25863
79.48 25868
79.49 25873
79.50 25876
79.51 25882
79.52 25884
79.53 25887
79.54 25890
79.55 25894
79.56 25896
79.57 25899
79.58 25901
79.59 25901
79.60 25902
79.61 25905
79.62 25906
79.63 25906
79.65 25907
79.66 25908
79.67 25913
79.68 25914
79.69 25914
79.70 25915
79.71 25916
79.72 25918
79.73 25919
79.74 25924
79.75 25928
79.76 25928
79.77 25929
79.78 25930
79.79 25930
79.80 25932
79.81 25933
79.83 25934
79.84 25936
79.85 25938
79.86 25939
79.87 25941
79.88 25942
79.89 25944
79.90 25947
79.91 25955
79.92 25956
79.93 25956
79.94 25957
79.95 25960
79.96 25960
79.97 25961
79.98 25961
79.99 25963
80.01 25967
80.02 25967
80.03 25969
80.04 25971
80.05 25974
80.06 25975
80.07 25976
80.08 25977
80.09 25977
80.10 25978
80.11 25978
80.12 25980
80.13 25980
80.14 25981
80.15 25981
80.16 25981
80.17 25981
80.19 25983
80.20 25984
80.21 25987
80.22 25989
80.23 25991
80.24 25993
80.25 25993
80.26 25994
80.27 25994
80.28 25995
80.29 25997
80.30 26001
80.31 26002
80.32 26002
80.33 26005
80.34 26006
80.35 26007
80.37 26007
80.38 26008
80.39 26008
80.40 26008
80.41 26008
80.42 26008
80.43 26008
80.44 26008
80.45 26008
80.46 26008
80.47 26010
80.48 26010
80.49 26010
80.50 26012
80.51 26013
80.52 26013
80.53 26016
80.54 26016
80.56 26019
80.57 26019
80.58 26019
80.59 26025
80.60 26026
80.61 26027
80.62 26028
80.63 26029
80.64 26033
80.65 26035
80.66 26036
80.67 26039
80.68 26040
80.69 26045
80.70 26048
80.71 26050
80.72 26056
80.74 26063
80.75 26066
80.76 26074
80.77 26079
80.78 26083
80.79 26090
80.80 26093
80.81 26100
80.82 26106
80.83 26109
80.84 26113
80.85 26117
80.86 26123
80.87 26127
80.88 26130
80.89 26134
80.90 26138
80.92 26140
80.93 26143
80.94 26147
80.95 26152
80.96 26156
80.97 26161
80.98 26164
80.99 26167
81.00 26171
81.01 26174
81.02 26177
81.03 26180
81.04 26182
81.05 26185
81.06 26188
81.07 26192
81.08 26197
81.10 26200
81.11 26204
81.12 26206
81.13 26209
81.14 26213
81.15 26219
81.16 26226
81.17 26232
81.18 26236
81.19 26243
81.20 26248
81.21 26256
81.22 26261
81.23 26266
81.24 26269
81.25 26276
81.26 26283
81.28 26287
81.29 26296
81.30 26300
81.31 26304
81.32 26307
81.33 26311
81.34 26316
81.35 26320
81.36 26324
81.37 26330
81.38 26334
81.39 26336
81.40 26340
81.41 26344
81.42 26350
81.43 26357
81.44 26361
81.45 26365
81.47 26367
81.48 26371
81.49 26374
81.50 26376
81.51 26381
81.52 26384
81.53 26388
81.54 26393
81.55 26401
81.56 26404
81.57 26407
81.58 26412
81.59 26418
81.60 26423
81.61 26427
81.62 26431
81.63 26436
81.65 26440
81.66 26445
81.67 26451
81.68 26454
81.69 26461
81.70 26467
81.71 26473
81.72 26477
81.73 26481
81.74 26486
81.75 26493
81.76 26497
81.77 26502
81.78 26505
81.79 26512
81.80 26516
81.81 26519
81.83 26522
81.84 26523
81.85 26530
81.86 26536
81.87 26540
81.88 26544
81.89 26547
81.90 26551
81.91 26554
81.92 26562
81.93 26567
81.94 26571
81.95 26574
81.96 26581
81.97 26586
81.98 26589
81.99 26593
82.01 26596
82.02 26600
82.03 26604
82.04 26610
82.05 26614
82.06 26621
82.07 26626
82.08 26631
82.09 26635
82.10 26641
82.11 26644
82.12 26650
82.13 26654
82.14 26660
82.15 26664
82.16 26668
82.17 26673
82.19 26678
82.20 26684
82.21 26687
82.22 26692
82.23 26697
82.24 26702
82.25 26708
82.26 26711
82.27 26715
82.28 26720
82.29 26726
82.30 26729
82.31 26732
82.32 26735
82.33 26738
82.34 26742
82.35 26747
82.36 26750
82.38 26752
82.39 26756
82.40 26763
82.41 26768
82.42 26774
82.43 26776
82.44 26782
82.45 26786
82.46 26791
82.47 26796
82.48 26800
82.49 26802
82.50 26808
82.51 26812
82.52 26815
82.53 26819
82.54 26824
82.56 26828
82.57 26834
82.58 26837
82.59 26841
82.60 26844
82.61 26848
82.62 26851
82.63 26856
82.64 26860
82.65 26861
82.66 26865
82.67 26870
82.68 26873
82.69 26877
82.70 26879
82.71 26879
82.72 26881
82.74 26883
82.75 26889
82.76 26893
82.77 26898
82.78 26905
82.79 26910
82.80 26912
82.81 26916
82.82 26920
82.83 26921
82.84 26927
82.85 26932
82.86 26936
82.87 26941
82.88 26946
82.89 26949
82.90 26956
82.92 26962
82.93 26967
82.94 26971
82.95 26972
82.96 26978
82.97 26984
82.98 26988
82.99 26994
83.00 26998
83.01 27001
83.02 27007
83.03 27016
83.04 27021
83.05 27026
83.06 27031
83.07 27035
83.08 27041
83.10 27045
83.11 27049
83.12 27054
83.13 27058
83.14 27064
83.15 27067
83.16 27074
83.17 27079
83.18 27082
83.19 27087
83.20 27092
83.21 27096
83.22 27101
83.23 27104
83.24 27111
83.25 27115
83.26 27116
83.27 27123
83.29 27127
83.30 27128
83.31 27135
83.32 27138
83.33 27143
83.34 27148
83.35 27153
83.36 27160
83.37 27164
83.38 27172
83.39 27177
83.40 27182
83.41 27187
83.42 27192
83.43 27195
83.44 27201
83.45 27203
83.47 27208
83.48 27213
83.49 27218
83.50 27222
83.51 27225
83.52 27229
83.53 27233
83.54 27236
83.55 27239
83.56 27242
83.57 27246
83.58 27251
83.59 27254
83.60 27257
83.61 27260
83.62 27263
83.63 27269
83.65 27273
83.66 27276
83.67 27280
83.68 27285
83.69 27290
83.70 27296
83.71 27297
83.72 27304
83.73 27310
83.74 27314
83.75 27320
83.76 27324
83.77 27328
83.78 27331
83.79 27335
83.80 27340
83.81 27343
83.83 27346
83.84 27349
83.85 27352
83.86 27357
83.87 27359
83.88 27364
83.89 27366
83.90 27370
83.91 27373
83.92 27376
83.93 27380
83.94 27384
83.95 27391
83.96 27396
83.97 27400
83.98 27406
83.99 27412
84.01 27417
84.02 27422
84.03 27425
84.04 27429
84.05 27433
84.06 27437
84.07 27441
84.08 27444
84.09 27447
84.10 27452
84.11 27456
84.12 27460
84.13 27463
84.14 27467
84.15 27472
84.16 27475
84.17 27477
84.18 27482
84.20 27485
84.21 27489
84.22 27495
84.23 27499
84.24 27506
84.25 27512
84.26 27519
84.27 27524
84.28 27529
84.29 27534
84.30 27538
84.31 27543
84.32 27548
84.33 27552
84.34 27557
84.35 27560
84.36 27565
84.38 27569
84.39 27575
84.40 27578
84.41 27581
84.42 27585
84.43 27589
84.44 27594
84.45 27598
84.46 27602
84.47 27606
84.48 27611
84.49 27615
84.50 27618
84.51 27622
84.52 27629
84.53 27634
84.54 27639
84.56 27644
84.57 27651
84.58 27655
84.59 27660
84.60 27664
84.61 27667
84.62 27669
84.63 27673
84.64 27678
84.65 27681
84.66 27686
84.67 27692
84.68 27694
84.69 27699
84.70 27702
84.71 27708
84.72 27710
84.74 27714
84.75 27720
84.76 27727
84.77 27731
84.78 27735
84.79 27738
84.80 27744
84.81 27748
84.82 27754
84.83 27758
84.84 27764
84.85 27768
84.86 27770
84.87 27774
84.88 27779
84.89 27782
84.90 27785
84.92 27792
84.93 27797
84.94 27801
84.95 27808
84.96 27813
84.97 27818
84.98 27819
84.99 27825
85.00 27826
85.01 27827
85.02 27832
85.03 27835
85.04 27837
85.05 27845
85.06 27851
85.07 27857
85.08 27860
85.09 27863
85.11 27868
85.12 27874
85.13 27878
85.14 27880
85.15 27885
85.16 27889
85.17 27894
85.18 27898
85.19 27902
85.20 27908
85.21 27913
85.22 27916
85.23 27918
85.24 27920
85.25 27924
85.26 27928
85.27 27933
85.29 27938
85.30 27942
85.31 27947
85.32 27952
85.33 27956
85.34 27960
85.35 27964
85.36 27969
85.37 27974
85.38 27980
85.39 27985
85.40 27988
85.41 27991
85.42 27996
85.43 28002
85.44 28006
85.45 28012
85.47 28018
85.48 28022
85.49 28027
85.50 28033
85.51 28038
85.52 28045
85.53 28048
85.54 28054
85.55 28058
85.56 28063
85.57 28067
85.58 28071
85.59 28075
85.60 28077
85.61 28081
85.62 28082
85.63 28088
85.65 28090
85.66 28092
85.67 28098
85.68 28104
85.69 28109
85.70 28114
85.71 28119
85.72 28127
85.73 28131
85.74 28135
85.75 28141
85.76 28144
85.77 28147
85.78 28152
85.79 28157
85.80 28161
85.81 28164
85.83 28168
85.84 28172
85.85 28178
85.86 28181
85.87 28184
85.88 28189
85.89 28194
85.90 28196
85.91 28202
85.92 28204
85.93 28207
85.94 28213
85.95 28216
85.96 28220
85.97 28225
85.98 28228
85.99 28232
86.00 28235
86.02 28237
86.03 28243
86.04 28250
86.05 28255
86.06 28260
86.07 28264
86.08 28268
86.09 28272
86.10 28276
86.11 28279
86.12 28282
86.13 28289
86.14 28292
86.15 28296
86.16 28299
86.17 28305
86.18 28310
86.20 28314
86.21 28319
86.22 28324
86.23 28327
86.24 28329
86.25 28332
86.26 28339
86.27 28343
86.28 28349
86.29 28354
86.30 28357
86.31 28362
86.32 28367
86.33 28370
86.34 28376
86.35 28383
86.36 28390
86.38 28397
86.39 28400
86.40 28403
86.41 28406
86.42 28412
86.43 28416
86.44 28423
86.45 28429
86.46 28433
86.47 28437
86.48 28441
86.49 28446
86.50 28450
86.51 28453
86.52 28457
86.53 28464
86.54 28464
86.56 28470
86.57 28475
86.58 28478
86.59 28484
86.60 28488
86.61 28495
86.62 28501
86.63 28503
86.64 28506
86.65 28511
86.66 28516
86.67 28519
86.68 28525
86.69 28530
86.70 28535
86.71 28539
86.72 28543
86.74 28550
86.75 28554
86.76 28559
86.77 28565
86.78 28570
86.79 28575
86.80 28581
86.81 28585
86.82 28588
86.83 28592
86.84 28597
86.85 28600
86.86 28605
86.87 28608
86.88 28611
86.89 28613
86.90 28616
86.91 28617
86.93 28622
86.94 28626
86.95 28632
86.96 28634
86.97 28637
86.98 28641
86.99 28644
87.00 28648
87.01 28652
87.02 28653
87.03 28658
87.04 28659
87.05 28666
87.06 28672
87.07 28675
87.08 28677
87.09 28678
87.11 28681
87.12 28687
87.13 28693
87.14 28699
87.15 28704
87.16 28710
87.17 28714
87.18 28717
87.19 28724
87.20 28728
87.21 28735
87.22 28742
87.23 28745
87.24 28750
87.25 28755
87.26 28755
87.27 28757
87.29 28764
87.30 28766
87.31 28770
87.32 28772
87.33 28774
87.34 28780
87.35 28783
87.36 28786
87.37 28791
87.38 28796
87.39 28800
87.40 28803
87.41 28805
87.42 28809
87.43 28814
87.44 28819
87.45 28825
87.47 28829
87.48 28833
87.49 28837
87.50 28838
87.51 28842
87.52 28847
87.53 28850
87.54 28852
87.55 28853
87.56 28857
87.57 28863
87.58 28863
87.59 28867
87.60 28871
87.61 28875
87.62 28880
87.63 28881
87.64 28886
87.66 28889
87.67 28889
87.68 28893
87.69 28896
87.70 28900
87.71 28901
87.72 28903
87.73 28905
87.74 28910
87.75 28911
87.76 28914
87.77 28918
87.78 28922
87.79 28927
87.80 28928
87.81 28933
87.82 28936
87.84 28937
87.85 28939
87.86 28943
87.87 28946
87.88 28950
87.89 28950
87.90 28952
87.91 28959
87.92 28962
87.93 28966
87.94 28966
87.95 28967
87.96 28974
87.97 28980
87.98 28985
87.99 28988
88.00 28992
88.02 28997
88.03 29001
88.04 29001
88.05 29003
88.06 29005
88.07 29009
88.08 29009
88.09 29011
88.10 29011
88.11 29012
88.12 29014
88.13 29016
88.14 29018
88.15 29022
88.16 29027
88.17 29032
88.18 29038
88.20 29040
88.21 29045
88.22 29049
88.23 29053
88.24 29054
88.25 29056
88.26 29058
88.27 29060
88.28 29065
88.29 29069
88.30 29073
88.31 29075
88.32 29080
88.33 29082
88.34 29085
88.35 29090
88.36 29091
88.38 29093
88.39 29098
88.40 29102
88.41 29104
88.42 29108
88.43 29110
88.44 29113
88.45 29116
88.46 29120
88.47 29122
88.48 29125
88.49 29131
88.50 29136
88.51 29143
88.52 29147
88.53 29150
88.54 29155
88.55 29161
88.57 29167
88.58 29173
88.59 29177
88.60 29182
88.61 29183
88.62 29188
88.63 29193
88.64 29197
88.65 29199
88.66 29204
88.67 29208
88.68 29210
88.69 29215
88.70 29218
88.71 29225
88.72 29231
88.73 29234
88.75 29239
88.76 29241
88.77 29248
88.78 29255
88.79 29258
88.80 29260
88.81 29264
88.82 29268
88.83 29272
88.84 29278
88.85 29283
88.86 29288
88.87 29293
88.88 29297
88.89 29302
88.90 29305
88.91 29308
88.93 29313
88.94 29318
88.95 29322
88.96 29325
88.97 29329
88.98 29331
88.99 29335
89.00 29340
89.01 29344
89.02 29349
89.03 29353
89.04 29356
89.05 29360
89.06 29365
89.07 29369
89.08 29372
89.09 29380
89.11 29388
89.12 29394
89.13 29400
89.14 29404
89.15 29410
89.16 29411
89.17 29413
89.18 29419
89.19 29424
89.20 29426
89.21 29428
89.22 29433
89.23 29438
89.24 29441
89.25 29441
89.26 29446
89.27 29449
89.29 29454
89.30 29457
89.31 29465
89.32 29467
89.33 29469
89.34 29471
89.35 29476
89.36 29478
89.37 29478
89.38 29481
89.39 29482
89.40 29484
89.41 29486
89.42 29489
89.43 29491
89.44 29493
89.45 29494
89.46 29495
89.48 29499
89.49 29503
89.50 29505
89.51 29506
89.52 29507
89.53 29509
89.54 29511
89.55 29512
89.56 29514
89.57 29514
89.58 29517
89.59 29519
89.60 29522
89.61 29525
89.62 29525
89.63 29525
89.64 29527
89.66 29527
89.67 29530
89.68 29531
89.69 29532
89.70 29532
89.71 29532
89.72 29535
89.73 29538
89.74 29538
89.75 29538
89.76 29542
89.77 29543
89.78 29543
89.79 29544
89.80 29544
89.81 29544
89.82 29544
89.84 29544
89.85 29544
89.86 29544
89.87 29544
89.88 29544
89.89 29544
89.90 29545
89.91 29545
89.92 29545
89.93 29549
89.94 29549
89.95 29549
89.96 29553
89.97 29553
89.98 29554
89.99 29555
90.00 29555
90.02 29558
90.03 29560
90.04 29560
90.05 29560
90.06 29562
90.07 29567
90.08 29569
90.09 29570
90.10 29571
90.11 29571
90.12 29571
90.13 29573
90.14 29574
90.15 29575
90.16 29579
90.17 29582
90.18 29585
90.20 29593
90.21 29596
90.22 29602
90.23 29603
90.24 29605
90.25 29607
90.26 29609
90.27 29611
90.28 29613
90.29 29615
90.30 29618
90.31 29622
90.32 29626
90.33 29626
90.34 29628
90.35 29628
90.36 29632
90.37 29633
90.39 29635
90.40 29636
90.41 29638
90.42 29642
90.43 29645
90.44 29649
90.45 29650
90.46 29651
90.47 29652
90.48 29652
90.49 29654
90.50 29656
90.51 29662
90.52 29665
90.53 29669
90.54 29675
90.55 29678
90.57 29679
90.58 29680
90.59 29682
90.60 29685
90.61 29687
90.62 29691
90.63 29697
90.64 29698
90.65 29702
90.66 29710
90.67 29718
90.68 29723
90.69 29730
90.70 29734
90.71 29738
90.72 29742
90.73 29748
90.75 29750
90.76 29753
90.77 29757
90.78 29761
90.79 29765
90.80 29767
90.81 29770
90.82 29776
90.83 29781
90.84 29784
90.85 29788
90.86 29791
90.87 29792
90.88 29795
90.89 29801
90.90 29805
90.91 29809
90.93 29812
90.94 29817
90.95 29819
90.96 29821
90.97 29824
90.98 29829
90.99 29832
91.00 29833
91.01 29837
91.02 29841
91.03 29847
91.04 29855
91.05 29860
91.06 29864
91.07 29871
91.08 29874
91.09 29878
91.11 29884
91.12 29887
91.13 29892
91.14 29896
91.15 29901
91.16 29908
91.17 29912
91.18 29917
91.19 29921
91.20 29921
91.21 29925
91.22 29929
91.23 29935
91.24 29940
91.25 29945
91.26 29949
91.27 29953
91.28 29959
91.30 29962
91.31 29967
91.32 29970
91.33 29971
91.34 29973
91.35 29978
91.36 29983
91.37 29988
91.38 29994
91.39 30000
91.40 30005
91.41 30012
91.42 30016
91.43 30020
91.44 30023
91.45 30026
91.46 30030
91.48 30037
91.49 30040
91.50 30046
91.51 30049
91.52 30053
91.53 30057
91.54 30060
91.55 30061
91.56 30065
91.57 30068
91.58 30073
91.59 30078
91.60 30083
91.61 30087
91.62 30090
91.63 30093
91.64 30096
91.66 30101
91.67 30107
91.68 30111
91.69 30115
91.70 30119
91.71 30123
91.72 30128
91.73 30134
91.74 30139
91.75 30142
91.76 30145
91.77 30150
91.78 30154
91.79 30160
91.80 30166
91.81 30167
91.82 30171
91.84 30176
91.85 30183
91.86 30186
91.87 30188
91.88 30191
91.89 30193
91.90 30196
91.91 30199
91.92 30202
91.93 30205
91.94 30210
91.95 30217
91.96 30222
91.97 30227
91.98 30234
91.99 30240
92.00 30246
92.02 30251
92.03 30255
92.04 30259
92.05 30265
92.06 30270
92.07 30273
92.08 30278
92.09 30283
92.10 30287
92.11 30291
92.12 30295
92.13 30300
92.14 30307
92.15 30313
92.16 30317
92.17 30321
92.18 30323
92.19 30325
92.21 30327
92.22 30328
92.23 30331
92.24 30336
92.25 30341
92.26 30347
92.27 30351
92.28 30353
92.29 30357
92.30 30361
92.31 30363
92.32 30364
92.33 30370
92.34 30375
92.35 30381
92.36 30383
92.37 30385
92.39 30387
92.40 30391
92.41 30394
92.42 30400
92.43 30404
92.44 30408
92.45 30413
92.46 30419
92.47 30423
92.48 30429
92.49 30436
92.50 30440
92.51 30443
92.52 30447
92.53 30453
92.54 30456
92.55 30460
92.57 30462
92.58 30467
92.59 30474
92.60 30478
92.61 30483
92.62 30488
92.63 30492
92.64 30496
92.65 30499
92.66 30503
92.67 30507
92.68 30512
92.69 30518
92.70 30523
92.71 30528
92.72 30535
92.73 30541
92.75 30545
92.76 30549
92.77 30555
92.78 30559
92.79 30564
92.80 30566
92.81 30570
92.82 30571
92.83 30577
92.84 30580
92.85 30585
92.86 30589
92.87 30593
92.88 30596
92.89 30598
92.90 30602
92.91 30606
92.93 30612
92.94 30615
92.95 30622
92.96 30625
92.97 30625
92.98 30628
92.99 30633
93.00 30638
93.01 30643
93.02 30646
93.03 30650
93.04 30656
93.05 30659
93.06 30667
93.07 30672
93.08 30676
93.09 30678
93.10 30680
93.12 30684
93.13 30690
93.14 30695
93.15 30699
93.16 30702
93.17 30704
93.18 30709
93.19 30712
93.20 30718
93.21 30721
93.22 30724
93.23 30729
93.24 30733
93.25 30737
93.26 30742
93.27 30745
93.28 30750
93.30 30754
93.31 30758
93.32 30763
93.33 30768
93.34 30772
93.35 30776
93.36 30781
93.37 30786
93.38 30791
93.39 30796
93.40 30800
93.41 30803
93.42 30806
93.43 30811
93.44 30815
93.45 30818
93.46 30822
93.48 30826
93.49 30831
93.50 30838
93.51 30843
93.52 30846
93.53 30850
93.54 30853
93.55 30854
93.56 30858
93.57 30860
93.58 30861
93.59 30866
93.60 30870
93.61 30876
93.62 30881
93.63 30884
93.64 30888
93.66 30889
93.67 30895
93.68 30899
93.69 30899
93.70 30902
93.71 30904
93.72 30909
93.73 30915
93.74 30919
93.75 30922
93.76 30924
93.77 30929
93.78 30933
93.79 30939
93.80 30945
93.81 30951
93.82 30957
93.84 30961
93.85 30966
93.86 30970
93.87 30974
93.88 30979
93.89 30983
93.90 30992
93.91 30999
93.92 31004
93.93 31009
93.94 31015
93.95 31021
93.96 31026
93.97 31033
93.98 31039
93.99 31045
94.00 31049
94.01 31055
94.03 31059
94.04 31064
94.05 31066
94.06 31069
94.07 31071
94.08 31073
94.09 31076
94.10 31080
94.11 31084
94.12 31086
94.13 31087
94.14 31090
94.15 31097
94.16 31101
94.17 31104
94.18 31111
94.19 31116
94.21 31122
94.22 31126
94.23 31129
94.24 31132
94.25 31137
94.26 31139
94.27 31143
94.28 31148
94.29 31153
94.30 31157
94.31 31163
94.32 31168
94.33 31171
94.34 31176
94.35 31182
94.36 31187
94.37 31193
94.39 31199
94.40 31206
94.41 31210
94.42 31215
94.43 31217
94.44 31221
94.45 31224
94.46 31228
94.47 31230
94.48 31232
94.49 31234
94.50 31238
94.51 31242
94.52 31244
94.53 31248
94.54 31253
94.55 31258
94.57 31262
94.58 31265
94.59 31269
94.60 31271
94.61 31274
94.62 31276
94.63 31280
94.64 31282
94.65 31286
94.66 31289
94.67 31292
94.68 31298
94.69 31301
94.70 31308
94.71 31312
94.72 31317
94.73 31321
94.75 31325
94.76 31330
94.77 31334
94.78 31338
94.79 31345
94.80 31349
94.81 31355
94.82 31361
94.83 31365
94.84 31369
94.85 31371
94.86 31376
94.87 31379
94.88 31383
94.89 31387
94.90 31390
94.91 31393
94.92 31399
94.94 31401
94.95 31402
94.96 31404
94.97 31410
94.98 31413
94.99 31419
95.00 31423
95.01 31426
95.02 31434
95.03 31438
95.04 31444
95.05 31449
95.06 31454
95.07 31458
95.08 31466
95.09 31471
95.10 31475
95.12 31480
95.13 31483
95.14 31487
95.15 31490
95.16 31496
95.17 31501
95.18 31503
95.19 31506
95.20 31507
95.21 31509
95.22 31510
95.23 31512
95.24 31516
95.25 31519
95.26 31521
95.27 31525
95.28 31526
95.30 31530
95.31 31533
95.32 31534
95.33 31535
95.34 31536
95.35 31538
95.36 31539
95.37 31541
95.38 31542
95.39 31543
95.40 31544
95.41 31545
95.42 31547
95.43 31548
95.44 31552
95.45 31553
95.46 31554
95.48 31555
95.49 31556
95.50 31559
95.51 31565
95.52 31568
95.53 31572
95.54 31574
95.55 31580
95.56 31583
95.57 31586
95.58 31588
95.59 31591
95.60 31598
95.61 31600
95.62 31603
95.63 31606
95.64 31610
95.66 31617
95.67 31621
95.68 31624
95.69 31629
95.70 31633
95.71 31634
95.72 31637
95.73 31638
95.74 31638
95.75 31643
95.76 31647
95.77 31651
95.78 31655
95.79 31661
95.80 31665
95.81 31668
95.82 31672
95.83 31676
95.85 31682
95.86 31685
95.87 31689
95.88 31692
95.89 31697
95.90 31703
95.91 31710
95.92 31714
95.93 31717
95.94 31722
95.95 31725
95.96 31727
95.97 31732
95.98 31736
95.99 31741
96.00 31745
96.01 31751
96.03 31755
96.04 31760
96.05 31766
96.06 31770
96.07 31775
96.08 31780
96.09 31786
96.10 31791
96.11 31797
96.12 31801
96.13 31803
96.14 31810
96.15 31814
96.16 31817
96.17 31820
96.18 31827
96.19 31831
96.21 31836
96.22 31840
96.23 31845
96.24 31848
96.25 31852
96.26 31856
96.27 31863
96.28 31868
96.29 31872
96.30 31876
96.31 31882
96.32 31888
96.33 31892
96.34 31899
96.35 31902
96.36 31907
96.37 31911
96.39 31915
96.40 31921
96.41 31926
96.42 31930
96.43 31933
96.44 31937
96.45 31940
96.46 31944
96.47 31947
96.48 31952
96.49 31953
96.50 31958
96.51 31963
96.52 31964
96.53 31967
96.54 31971
96.55 31975
96.57 31979
96.58 31981
96.59 31986
96.60 31989
96.61 31993
96.62 31997
96.63 32001
96.64 32006
96.65 32009
96.66 32013
96.67 32019
96.68 32023
96.69 32025
96.70 32031
96.71 32035
96.72 32042
96.73 32048
96.74 32053
96.76 32059
96.77 32063
96.78 32069
96.79 32074
96.80 32080
96.81 32086
96.82 32090
96.83 32094
96.84 32098
96.85 32100
96.86 32105
96.87 32111
96.88 32114
96.89 32118
96.90 32122
96.91 32126
96.92 32130
96.94 32133
96.95 32138
96.96 32144
96.97 32147
96.98 32150
96.99 32154
97.00 32159
97.01 32164
97.02 32169
97.03 32174
97.04 32177
97.05 32179
97.06 32182
97.07 32185
97.08 32189
97.09 32197
97.10 32202
97.12 32206
97.13 32211
97.14 32215
97.15 32218
97.16 32223
97.17 32227
97.18 32231
97.19 32235
97.20 32241
97.21 32246
97.22 32251
97.23 32254
97.24 32259
97.25 32262
97.26 32265
97.27 32271
97.28 32275
97.30 32279
97.31 32282
97.32 32286
97.33 32291
97.34 32297
97.35 32301
97.36 32305
97.37 32308
97.38 32310
97.39 32315
97.40 32321
97.41 32325
97.42 32329
97.43 32335
97.44 32341
97.45 32347
97.46 32350
97.48 32355
97.49 32357
97.50 32360
97.51 32363
97.52 32367
97.53 32373
97.54 32376
97.55 32381
97.56 32389
97.57 32394
97.58 32397
97.59 32401
97.60 32406
97.61 32407
97.62 32414
97.63 32420
97.64 32424
97.65 32428
97.67 32434
97.68 32440
97.69 32444
97.70 32448
97.71 32453
97.72 32457
97.73 32460
97.74 32465
97.75 32469
97.76 32473
97.77 32477
97.78 32480
97.79 32485
97.80 32490
97.81 32496
97.82 32502
97.83 32507
97.85 32514
97.86 32518
97.87 32523
97.88 32528
97.89 32533
97.90 32537
97.91 32539
97.92 32543
97.93 32551
97.94 32556
97.95 32561
97.96 32564
97.97 32570
97.98 32574
97.99 32577
98.00 32578
98.01 32580
98.03 32580
98.04 32587
98.05 32590
98.06 32595
98.07 32600
98.08 32605
98.09 32613
98.10 32619
98.11 32626
98.12 32631
98.13 32637
98.14 32643
98.15 32647
98.16 32652
98.17 32658
98.18 32663
98.19 32668
98.21 32674
98.22 32679
98.23 32684
98.24 32688
98.25 32691
98.26 32693
98.27 32695
98.28 32700
98.29 32701
98.30 32705
98.31 32710
98.32 32714
98.33 32719
98.34 32722
98.35 32727
98.36 32730
98.37 32734
98.39 32738
98.40 32744
98.41 32750
98.42 32753
98.43 32754
98.44 32754
98.45 32761
98.46 32764
98.47 32769
98.48 32772
98.49 32777
98.50 32781
98.51 32787
98.52 32793
98.53 32798
98.54 32804
98.55 32808
98.56 32818
98.58 32822
98.59 32825
98.60 32827
98.61 32831
98.62 32834
98.63 32838
98.64 32844
98.65 32849
98.66 32853
98.67 32855
98.68 32857
98.69 32858
98.70 32864
98.71 32867
98.72 32873
98.73 32875
98.74 32879
98.76 32883
98.77 32883
98.78 32885
98.79 32889
98.80 32894
98.81 32898
98.82 32904
98.83 32907
98.84 32913
98.85 32919
98.86 32923
98.87 32929
98.88 32933
98.89 32938
98.90 32940
98.91 32943
98.92 32945
98.94 32949
98.95 32951
98.96 32956
98.97 32961
98.98 32967
98.99 32972
99.00 32975
99.01 32979
99.02 32982
99.03 32988
99.04 32993
99.05 32996
99.06 33002
99.07 33007
99.08 33012
99.09 33019
99.10 33025
99.12 33028
99.13 33030
99.14 33033
99.15 33037
99.16 33038
99.17 33040
99.18 33046
99.19 33050
99.20 33054
99.21 33059
99.22 33064
99.23 33070
99.24 33073
99.25 33078
99.26 33079
99.27 33083
99.28 33087
99.30 33091
99.31 33095
99.32 33099
99.33 33101
99.34 33105
99.35 33109
99.36 33111
99.37 33113
99.38 33117
99.39 33124
99.40 33129
99.41 33133
99.42 33138
99.43 33142
99.44 33145
99.45 33147
99.46 33151
99.47 33152
99.49 33154
99.50 33158
99.51 33163
99.52 33167
99.53 33169
99.54 33172
99.55 33180
99.56 33183
99.57 33189
99.58 33196
99.59 33200
99.60 33205
99.61 33209
99.62 33212
99.63 33215
99.64 33219
99.65 33224
99.67 33229
99.68 33233
99.69 33238
99.70 33243
99.71 33249
99.72 33254
99.73 33259
99.74 33263
99.75 33266
99.76 33271
99.77 33278
99.78 33280
99.79 33284
99.80 33289
99.81 33294
99.82 33298
99.83 33302
99.85 33307
99.86 33311
99.87 33315
99.88 33322
99.89 33324
99.90 33327
99.91 33332
99.92 33336
99.93 33340
99.94 33345
99.95 33350
99.96 33356
99.97 33362
99.98 33368
99.99 33374
