0.00 0
0.01 48
0.02 80
0.03 113
0.04 136
0.05 171
0.06 203
0.07 224
0.08 250
0.09 277
0.10 295
0.11 310
0.12 326
0.13 347
0.14 367
0.15 396
0.16 417
0.17 442
0.18 462
0.19 486
0.20 513
0.21 546
0.22 575
0.23 596
0.24 620
0.25 650
0.26 680
0.27 707
0.28 737
0.29 757
0.30 784
0.31 817
0.32 841
0.33 866
0.34 890
0.35 910
0.36 937
0.37 958
0.38 980
0.39 1007
0.40 1025
0.41 1044
0.42 1073
0.43 1098
0.44 1116
0.45 1131
0.46 1149
0.47 1173
0.48 1193
0.50 1214
0.51 1231
0.52 1254
0.53 1274
0.54 1295
0.55 1317
0.56 1337
0.57 1363
0.58 1385
0.59 1410
0.60 1437
0.61 1459
0.62 1488
0.63 1513
0.64 1538
0.65 1556
0.66 1577
0.67 1597
0.68 1622
0.69 1650
0.70 1674
0.71 1699
0.72 1727
0.73 1754
0.74 1784
0.75 1811
0.76 1833
0.77 1859
0.78 1879
0.79 1907
0.80 1932
0.81 1957
0.82 1981
0.83 2008
0.84 2030
0.85 2053
0.86 2079
0.87 2103
0.88 2126
0.89 2157
0.90 2174
0.91 2202
0.92 2216
0.93 2242
0.94 2267
0.95 2289
0.96 2304
0.97 2331
0.98 2352
0.99 2369
1.00 2392
1.01 2420
1.02 2441
1.03 2461
1.04 2484
1.05 2507
1.06 2532
1.07 2556
1.08 2580
1.09 2608
1.10 2635
1.11 2656
1.12 2677
1.13 2703
1.14 2717
1.15 2743
1.16 2768
1.17 2786
1.18 2808
1.19 2829
1.20 2857
1.21 2887
1.22 2914
1.23 2937
1.24 2956
1.25 2975
1.26 2993
1.27 3020
1.28 3050
1.29 3076
1.30 3098
1.31 3121
1.32 3155
1.33 3189
1.34 3215
1.35 3235
1.36 3256
1.37 3279
1.38 3306
1.39 3329
1.40 3359
1.41 3386
1.42 3404
1.43 3426
1.44 3439
1.45 3459
1.46 3473
1.47 3493
1.49 3524
1.50 3553
1.51 3581
1.52 3612
1.53 3637
1.54 3661
1.55 3687
1.56 3713
1.57 3730
1.58 3750
1.59 3779
1.60 3806
1.61 3829
1.62 3851
1.63 3879
1.64 3896
1.65 3913
1.66 3919
1.67 3930
1.68 3960
1.69 3981
1.70 4005
1.71 4030
1.72 4059
1.73 4080
1.74 4099
1.75 4117
1.76 4131
1.77 4151
1.78 4165
1.79 4193
1.80 4209
1.81 4231
1.82 4249
1.83 4268
1.84 4288
1.85 4306
1.86 4321
1.87 4339
1.88 4352
1.89 4384
1.90 4405
1.91 4428
1.92 4443
1.93 4469
1.94 4480
1.95 4489
1.96 4504
1.97 4512
1.98 4525
1.99 4551
2.00 4566
2.01 4584
2.02 4604
2.03 4628
2.04 4652
2.05 4675
2.06 4701
2.07 4729
2.08 4750
2.09 4773
2.10 4798
2.11 4819
2.12 4849
2.13 4866
2.14 4888
2.15 4908
2.16 4929
2.17 4958
2.18 4977
2.19 4998
2.20 5022
2.21 5034
2.22 5046
2.23 5053
2.24 5064
2.25 5076
2.26 5115
2.27 5120
2.28 5141
2.29 5166
2.30 5199
2.31 5223
2.32 5247
2.33 5273
2.34 5299
2.35 5320
2.36 5348
2.37 5377
2.38 5400
2.39 5427
2.40 5449
2.41 5471
2.42 5489
2.43 5512
2.44 5530
2.45 5542
2.47 5550
2.48 5558
2.49 5572
2.50 5590
2.51 5607
2.52 5619
2.53 5629
2.54 5648
2.55 5665
2.56 5669
2.57 5671
2.58 5680
2.59 5686
2.60 5695
2.61 5701
2.62 5712
2.63 5718
2.64 5737
2.65 5747
2.66 5767
2.67 5793
2.68 5816
2.69 5840
2.70 5862
2.71 5882
2.72 5893
2.73 5917
2.74 5938
2.75 5960
2.76 5978
2.77 6003
2.78 6023
2.79 6045
2.80 6068
2.81 6088
2.82 6117
2.83 6141
2.84 6172
2.85 6189
2.86 6212
2.87 6220
2.88 6227
2.89 6232
2.90 6240
2.91 6248
2.92 6265
2.93 6288
2.94 6310
2.95 6332
2.96 6356
2.97 6382
2.98 6408
2.99 6440
3.00 6469
3.01 6483
3.02 6504
3.03 6528
3.04 6550
3.05 6573
3.06 6600
3.07 6623
3.08 6648
3.09 6675
3.10 6695
3.11 6723
3.12 6749
3.13 6771
3.14 6799
3.15 6818
3.16 6842
3.17 6863
3.18 6887
3.19 6910
3.20 6935
3.21 6961
3.22 6990
3.23 7013
3.24 7031
3.25 7054
3.26 7077
3.27 7096
3.28 7115
3.29 7145
3.30 7171
3.31 7189
3.32 7210
3.33 7232
3.34 7249
3.35 7274
3.36 7298
3.37 7317
3.38 7341
3.39 7359
3.40 7377
3.41 7402
3.42 7427
3.43 7440
3.44 7459
3.46 7486
3.47 7512
3.48 7536
3.49 7561
3.50 7582
3.51 7610
3.52 7629
3.53 7644
3.54 7672
3.55 7691
3.56 7711
3.57 7721
3.58 7727
3.59 7736
3.60 7744
3.61 7749
3.62 7762
3.63 7770
3.64 7777
3.65 7784
3.66 7789
3.67 7793
3.68 7804
3.69 7811
3.70 7820
3.71 7829
3.72 7834
3.73 7842
3.74 7851
3.75 7859
3.76 7864
3.77 7872
3.78 7877
3.79 7883
3.80 7890
3.81 7900
3.82 7912
3.83 7940
3.84 7967
3.85 7991
3.86 8024
3.87 8047
3.88 8069
3.89 8090
3.90 8111
3.91 8140
3.92 8167
3.93 8191
3.94 8213
3.95 8234
3.96 8255
3.97 8278
3.98 8301
3.99 8326
4.00 8351
4.01 8377
4.02 8401
4.03 8427
4.04 8448
4.05 8472
4.06 8494
4.07 8515
4.08 8536
4.09 8556
4.10 8575
4.11 8601
4.12 8635
4.13 8665
4.14 8691
4.15 8715
4.16 8734
4.17 8758
4.18 8781
4.19 8804
4.20 8821
4.21 8842
4.22 8858
4.23 8875
4.24 8904
4.25 8918
4.26 8936
4.27 8954
4.28 8976
4.29 8998
4.30 9010
4.31 9029
4.32 9035
4.33 9044
4.34 9053
4.35 9058
4.36 9072
4.37 9090
4.38 9108
4.39 9134
4.40 9151
4.41 9166
4.42 9182
4.44 9201
4.45 9220
4.46 9238
4.47 9267
4.48 9285
4.49 9308
4.50 9332
4.51 9353
4.52 9377
4.53 9400
4.54 9416
4.55 9425
4.56 9431
4.57 9435
4.58 9446
4.59 9470
4.60 9480
4.61 9500
4.62 9521
4.63 9543
4.64 9566
4.65 9588
4.66 9608
4.67 9637
4.68 9654
4.69 9676
4.70 9700
4.71 9721
4.72 9745
4.73 9766
4.74 9791
4.75 9805
4.76 9832
4.77 9861
4.78 9882
4.79 9905
4.80 9933
4.81 9953
4.82 9972
4.83 9994
4.84 10023
4.85 10042
4.86 10062
4.87 10082
4.88 10109
4.89 10133
4.90 10150
4.91 10168
4.92 10187
4.93 10207
4.94 10227
4.95 10255
4.96 10279
4.97 10303
4.98 10326
4.99 10345
5.00 10368
5.01 10385
5.02 10405
5.03 10426
5.04 10452
5.05 10473
5.06 10494
5.07 10516
5.08 10537
5.09 10564
5.10 10588
5.11 10616
5.12 10642
5.13 10663
5.14 10687
5.15 10705
5.16 10731
5.17 10750
5.18 10770
5.19 10801
5.20 10831
5.21 10854
5.22 10871
5.23 10891
5.24 10917
5.25 10942
5.26 10961
5.27 10989
5.28 11011
5.29 11035
5.30 11051
5.31 11079
5.32 11101
5.33 11126
5.34 11147
5.35 11172
5.36 11197
5.37 11219
5.38 11240
5.39 11258
5.40 11285
5.42 11309
5.43 11333
5.44 11357
5.45 11385
5.46 11412
5.47 11431
5.48 11456
5.49 11480
5.50 11502
5.51 11524
5.52 11546
5.53 11573
5.54 11597
5.55 11613
5.56 11633
5.57 11657
5.58 11681
5.59 11695
5.60 11712
5.61 11730
5.62 11755
5.63 11781
5.64 11798
5.65 11827
5.66 11849
5.67 11873
5.68 11895
5.69 11918
5.70 11936
5.71 11951
5.72 11971
5.73 11991
5.74 12005
5.75 12028
5.76 12046
5.77 12058
5.78 12074
5.79 12095
5.80 12116
5.81 12144
5.82 12162
5.83 12183
5.84 12200
5.85 12224
5.86 12250
5.87 12274
5.88 12297
5.89 12318
5.90 12338
5.91 12359
5.92 12384
5.93 12410
5.94 12434
5.95 12461
5.96 12486
5.97 12510
5.98 12531
5.99 12550
6.00 12572
6.01 12590
6.02 12606
6.03 12623
6.04 12643
6.05 12659
6.06 12677
6.07 12701
6.08 12721
6.09 12737
6.10 12753
6.11 12771
6.12 12791
6.13 12814
6.14 12826
6.15 12849
6.16 12862
6.17 12885
6.18 12904
6.19 12921
6.20 12940
6.21 12953
6.22 12965
6.23 12988
6.24 13012
6.25 13039
6.26 13066
6.27 13098
6.28 13121
6.29 13142
6.30 13164
6.31 13192
6.32 13218
6.33 13249
6.34 13269
6.35 13299
6.36 13326
6.37 13343
6.38 13363
6.39 13385
6.41 13410
6.42 13440
6.43 13458
6.44 13488
6.45 13515
6.46 13533
6.47 13556
6.48 13578
6.49 13601
6.50 13618
6.51 13638
6.52 13654
6.53 13676
6.54 13696
6.55 13729
6.56 13746
6.57 13770
6.58 13786
6.59 13811
6.60 13838
6.61 13857
6.62 13878
6.63 13905
6.64 13923
6.65 13938
6.66 13965
6.67 13984
6.68 14003
6.69 14022
6.70 14037
6.71 14056
6.72 14073
6.73 14089
6.74 14105
6.75 14123
6.76 14148
6.77 14173
6.78 14204
6.79 14228
6.80 14253
6.81 14262
6.82 14286
6.83 14309
6.84 14332
6.85 14356
6.86 14380
6.87 14409
6.88 14430
6.89 14451
6.90 14474
6.91 14494
6.92 14516
6.93 14537
6.94 14567
6.95 14580
6.96 14597
6.97 14620
6.98 14643
6.99 14666
7.00 14685
7.01 14704
7.02 14726
7.03 14738
7.04 14762
7.05 14778
7.06 14799
7.07 14821
7.08 14841
7.09 14861
7.10 14886
7.11 14907
7.12 14925
7.13 14937
7.14 14957
7.15 14974
7.16 15001
7.17 15028
7.18 15050
7.19 15074
7.20 15093
7.21 15118
7.22 15139
7.23 15161
7.24 15179
7.25 15187
7.26 15214
7.27 15243
7.28 15260
7.29 15281
7.30 15306
7.31 15331
7.32 15357
7.33 15389
7.34 15415
7.35 15441
7.36 15462
7.37 15479
7.39 15491
7.40 15496
7.41 15504
7.42 15508
7.43 15528
7.44 15550
7.45 15573
7.46 15590
7.47 15610
7.48 15622
7.49 15641
7.50 15645
7.51 15652
7.52 15661
7.53 15675
7.54 15694
7.55 15720
7.56 15744
7.57 15769
7.58 15794
7.59 15820
7.60 15844
7.61 15871
7.62 15895
7.63 15914
7.64 15939
7.65 15964
7.66 15992
7.67 16015
7.68 16039
7.69 16063
7.70 16081
7.71 16103
7.72 16124
7.73 16142
7.74 16165
7.75 16188
7.76 16209
7.77 16230
7.78 16254
7.79 16274
7.80 16297
7.81 16319
7.82 16343
7.83 16362
7.84 16376
7.85 16392
7.86 16407
7.87 16432
7.88 16458
7.89 16485
7.90 16505
7.91 16525
7.92 16545
7.93 16562
7.94 16575
7.95 16593
7.96 16612
7.97 16633
7.98 16655
7.99 16681
8.00 16707
8.01 16724
8.02 16751
8.03 16767
8.04 16783
8.05 16793
8.06 16797
8.07 16805
8.08 16816
8.09 16837
8.10 16850
8.11 16877
8.12 16901
8.13 16926
8.14 16949
8.15 16971
8.16 16996
8.17 17019
8.18 17043
8.19 17070
8.20 17090
8.21 17108
8.22 17127
8.23 17145
8.24 17161
8.25 17189
8.26 17219
8.27 17247
8.28 17261
8.29 17288
8.30 17303
8.31 17310
8.32 17321
8.33 17325
8.34 17332
8.35 17349
8.36 17364
8.38 17392
8.39 17415
8.40 17434
8.41 17453
8.42 17481
8.43 17494
8.44 17507
8.45 17520
8.46 17539
8.47 17558
8.48 17586
8.49 17604
8.50 17614
8.51 17630
8.52 17644
8.53 17657
8.54 17674
8.55 17684
8.56 17694
8.57 17705
8.58 17714
8.59 17730
8.60 17748
8.61 17760
8.62 17777
8.63 17791
8.64 17801
8.65 17813
8.66 17826
8.67 17837
8.68 17855
8.69 17864
8.70 17875
8.71 17884
8.72 17897
8.73 17911
8.74 17928
8.75 17940
8.76 17951
8.77 17965
8.78 17970
8.79 17980
8.80 17991
8.81 18003
8.82 18015
8.83 18033
8.84 18039
8.85 18045
8.86 18051
8.87 18058
8.88 18064
8.89 18071
8.90 18081
8.91 18089
8.92 18106
8.93 18126
8.94 18153
8.95 18174
8.96 18196
8.97 18206
8.98 18211
8.99 18217
9.00 18225
9.01 18246
9.02 18267
9.03 18278
9.04 18303
9.05 18329
9.06 18355
9.07 18377
9.08 18400
9.09 18425
9.10 18450
9.11 18475
9.12 18503
9.13 18530
9.14 18555
9.15 18581
9.16 18603
9.17 18627
9.18 18651
9.19 18673
9.20 18698
9.21 18712
9.22 18721
9.23 18727
9.24 18735
9.25 18744
9.26 18763
9.27 18779
9.28 18794
9.29 18806
9.30 18827
9.31 18847
9.32 18867
9.33 18890
9.34 18898
9.36 18904
9.37 18928
9.38 18951
9.39 18971
9.40 18994
9.41 19022
9.42 19042
9.43 19061
9.44 19078
9.45 19099
9.46 19117
9.47 19136
9.48 19152
9.49 19167
9.50 19191
9.51 19213
9.52 19237
9.53 19255
9.54 19279
9.55 19304
9.56 19328
9.57 19350
9.58 19375
9.59 19399
9.60 19420
9.61 19444
9.62 19465
9.63 19485
9.64 19511
9.65 19535
9.66 19546
9.67 19565
9.68 19578
9.69 19582
9.70 19602
9.71 19627
9.72 19642
9.73 19654
9.74 19657
9.75 19663
9.76 19669
9.77 19678
9.78 19680
9.79 19696
9.80 19714
9.81 19728
9.82 19755
9.83 19781
9.84 19803
9.85 19829
9.86 19852
9.87 19871
9.88 19888
9.89 19914
9.90 19937
9.91 19963
9.92 19974
9.93 19982
9.94 19994
9.95 20019
9.96 20038
9.97 20063
9.98 20083
9.99 20105
10.00 20133
10.01 20151
10.02 20177
10.03 20202
10.04 20215
10.05 20235
10.06 20263
10.07 20285
10.08 20314
10.09 20341
10.10 20367
10.11 20387
10.12 20410
10.13 20434
10.14 20455
10.15 20479
10.16 20509
10.17 20531
10.18 20556
10.19 20581
10.20 20606
10.21 20620
10.22 20632
10.23 20643
10.24 20656
10.25 20668
10.26 20685
10.27 20696
10.28 20708
10.29 20719
10.30 20731
10.31 20742
10.32 20754
10.33 20761
10.35 20776
10.36 20784
10.37 20800
10.38 20814
10.39 20825
10.40 20839
10.41 20852
10.42 20867
10.43 20876
10.44 20888
10.45 20901
10.46 20915
10.47 20924
10.48 20938
10.49 20951
10.50 20961
10.51 20971
10.52 20988
10.53 21005
10.54 21019
10.55 21035
10.56 21049
10.57 21055
10.58 21078
10.59 21107
10.60 21131
10.61 21160
10.62 21179
10.63 21199
10.64 21215
10.65 21225
10.66 21238
10.67 21257
10.68 21268
10.69 21274
10.70 21281
10.71 21290
10.72 21309
10.73 21330
10.74 21355
10.75 21376
10.76 21392
10.77 21409
10.78 21418
10.79 21436
10.80 21444
10.81 21462
10.82 21485
10.83 21509
10.84 21529
10.85 21555
10.86 21569
10.87 21575
10.88 21580
10.89 21586
10.90 21592
10.91 21595
10.92 21598
10.93 21602
10.94 21603
10.95 21603
10.96 21607
10.97 21613
10.98 21621
10.99 21636
11.00 21644
11.01 21666
11.02 21693
11.03 21716
11.04 21740
11.05 21763
11.06 21791
11.07 21811
11.08 21834
11.09 21858
11.10 21878
11.11 21898
11.12 21922
11.13 21945
11.14 21971
11.15 21994
11.16 22018
11.17 22046
11.18 22068
11.19 22097
11.20 22120
11.21 22140
11.22 22163
11.23 22186
11.24 22209
11.25 22235
11.26 22267
11.27 22296
11.28 22318
11.29 22344
11.30 22374
11.31 22394
11.33 22414
11.34 22421
11.35 22425
11.36 22430
11.37 22442
11.38 22446
11.39 22450
11.40 22454
11.41 22461
11.42 22470
11.43 22474
11.44 22492
11.45 22513
11.46 22535
11.47 22557
11.48 22586
11.49 22615
11.50 22640
11.51 22668
11.52 22691
11.53 22718
11.54 22751
11.55 22769
11.56 22780
11.57 22801
11.58 22816
11.59 22830
11.60 22850
11.61 22857
11.62 22862
11.63 22871
11.64 22880
11.65 22883
11.66 22892
11.67 22897
11.68 22911
11.69 22924
11.70 22950
11.71 22977
11.72 22989
11.73 23010
11.74 23026
11.75 23040
11.76 23056
11.77 23078
11.78 23095
11.79 23112
11.80 23124
11.81 23148
11.82 23165
11.83 23188
11.84 23206
11.85 23225
11.86 23245
11.87 23266
11.88 23286
11.89 23311
11.90 23335
11.91 23356
11.92 23373
11.93 23387
11.94 23399
11.95 23417
11.96 23431
11.97 23447
11.98 23463
11.99 23477
12.00 23503
12.01 23524
12.02 23549
12.03 23575
12.04 23594
12.05 23611
12.06 23627
12.07 23645
12.08 23659
12.09 23670
12.10 23688
12.11 23698
12.12 23704
12.13 23710
12.14 23716
12.15 23727
12.16 23732
12.17 23747
12.18 23773
12.19 23790
12.20 23814
12.21 23834
12.22 23856
12.23 23872
12.24 23886
12.25 23907
12.26 23929
12.27 23958
12.28 23977
12.29 23996
12.30 24022
12.32 24041
12.33 24060
12.34 24077
12.35 24095
12.36 24112
12.37 24129
12.38 24143
12.39 24152
12.40 24165
12.41 24183
12.42 24198
12.43 24226
12.44 24249
12.45 24259
12.46 24273
12.47 24279
12.48 24286
12.49 24296
12.50 24308
12.51 24330
12.52 24352
12.53 24370
12.54 24404
12.55 24426
12.56 24458
12.57 24481
12.58 24495
12.59 24509
12.60 24531
12.61 24564
12.62 24592
12.63 24608
12.64 24631
12.65 24654
12.66 24667
12.67 24684
12.68 24707
12.69 24727
12.70 24754
12.71 24778
12.72 24797
12.73 24821
12.74 24842
12.75 24866
12.76 24886
12.77 24907
12.78 24922
12.79 24946
12.80 24972
12.81 24991
12.82 25015
12.83 25033
12.84 25047
12.85 25070
12.86 25093
12.87 25117
12.88 25132
12.89 25151
12.90 25168
12.91 25174
12.92 25193
12.93 25214
12.94 25239
12.95 25261
12.96 25282
12.97 25300
12.98 25313
12.99 25338
13.00 25358
13.01 25377
13.02 25398
13.03 25418
13.04 25435
13.05 25459
13.06 25486
13.07 25507
13.08 25533
13.09 25558
13.10 25566
13.11 25578
13.12 25605
13.13 25625
13.14 25641
13.15 25652
13.16 25666
13.17 25677
13.18 25707
13.19 25724
13.20 25742
13.21 25758
13.22 25770
13.23 25780
13.24 25789
13.25 25799
13.26 25803
13.27 25807
13.28 25809
13.30 25817
13.31 25822
13.32 25829
13.33 25837
13.34 25842
13.35 25851
13.36 25857
13.37 25869
13.38 25890
13.39 25909
13.40 25924
13.41 25942
13.42 25971
13.43 25995
13.44 26024
13.45 26047
13.46 26075
13.47 26100
13.48 26126
13.49 26147
13.50 26170
13.51 26189
13.52 26204
13.53 26224
13.54 26246
13.55 26267
13.56 26282
13.57 26303
13.58 26322
13.59 26347
13.60 26369
13.61 26389
13.62 26418
13.63 26438
13.64 26461
13.65 26483
13.66 26504
13.67 26531
13.68 26550
13.69 26570
13.70 26582
13.71 26606
13.72 26624
13.73 26639
13.74 26658
13.75 26678
13.76 26692
13.77 26714
13.78 26731
13.79 26753
13.80 26771
13.81 26782
13.82 26788
13.83 26792
13.84 26801
13.85 26810
13.86 26832
13.87 26854
13.88 26877
13.89 26898
13.90 26903
13.91 26908
13.92 26914
13.93 26929
13.94 26946
13.95 26968
13.96 26991
13.97 27012
13.98 27038
13.99 27059
14.00 27087
14.01 27110
14.02 27133
14.03 27154
14.04 27174
14.05 27192
14.06 27195
14.07 27212
14.08 27218
14.09 27226
14.10 27236
14.11 27250
14.12 27263
14.13 27278
14.14 27297
14.15 27317
14.16 27334
14.17 27349
14.18 27382
14.19 27401
14.20 27403
14.21 27408
14.22 27415
14.23 27419
14.24 27428
14.25 27432
14.26 27439
14.27 27454
14.29 27462
14.30 27468
14.31 27483
14.32 27497
14.33 27504
14.34 27507
14.35 27513
14.36 27514
14.37 27515
14.38 27524
14.39 27529
14.40 27541
14.41 27551
14.42 27566
14.43 27568
14.44 27569
14.45 27575
14.46 27583
14.47 27589
14.48 27590
14.49 27596
14.50 27599
14.51 27606
14.52 27627
14.53 27640
14.54 27645
14.55 27648
14.56 27654
14.57 27661
14.58 27665
14.59 27681
14.60 27693
14.61 27718
14.62 27737
14.63 27761
14.64 27779
14.65 27801
14.66 27822
14.67 27841
14.68 27858
14.69 27874
14.70 27899
14.71 27916
14.72 27937
14.73 27956
14.74 27974
14.75 27985
14.76 27995
14.77 28011
14.78 28028
14.79 28048
14.80 28072
14.81 28091
14.82 28106
14.83 28126
14.84 28146
14.85 28172
14.86 28197
14.87 28221
14.88 28248
14.89 28273
14.90 28292
14.91 28322
14.92 28344
14.93 28369
14.94 28396
14.95 28415
14.96 28441
14.97 28463
14.98 28489
14.99 28513
15.00 28540
15.01 28568
15.02 28594
15.03 28616
15.04 28641
15.05 28663
15.06 28689
15.07 28714
15.08 28738
15.09 28757
15.10 28777
15.11 28798
15.12 28818
15.13 28844
15.14 28872
15.15 28896
15.16 28918
15.17 28940
15.18 28965
15.19 28986
15.20 29009
15.21 29033
15.22 29055
15.23 29084
15.24 29107
15.25 29134
15.27 29156
15.28 29180
15.29 29201
15.30 29225
15.31 29247
15.32 29271
15.33 29296
15.34 29322
15.35 29344
15.36 29372
15.37 29398
15.38 29426
15.39 29443
15.40 29464
15.41 29485
15.42 29505
15.43 29526
15.44 29548
15.45 29565
15.46 29589
15.47 29605
15.48 29618
15.49 29630
15.50 29641
15.51 29648
15.52 29654
15.53 29660
15.54 29677
15.55 29685
15.56 29699
15.57 29713
15.58 29722
15.59 29739
15.60 29768
15.61 29789
15.62 29813
15.63 29829
15.64 29848
15.65 29865
15.66 29873
15.67 29876
15.68 29880
15.69 29886
15.70 29889
15.71 29902
15.72 29925
15.73 29939
15.74 29955
15.75 29964
15.76 29972
15.77 29992
15.78 30003
15.79 30026
15.80 30047
15.81 30064
15.82 30082
15.83 30092
15.84 30110
15.85 30122
15.86 30124
15.87 30129
15.88 30133
15.89 30133
15.90 30141
15.91 30149
15.92 30158
15.93 30165
15.94 30180
15.95 30202
15.96 30215
15.97 30233
15.98 30254
15.99 30269
16.00 30288
16.01 30301
16.02 30320
16.03 30332
16.04 30338
16.05 30341
16.06 30345
16.07 30355
16.08 30358
16.09 30360
16.10 30365
16.11 30366
16.12 30381
16.13 30383
16.14 30398
16.15 30408
16.16 30426
16.17 30437
16.18 30451
16.19 30466
16.20 30481
16.21 30499
16.22 30510
16.23 30512
16.25 30513
16.26 30516
16.27 30520
16.28 30521
16.29 30530
16.30 30540
16.31 30545
16.32 30547
16.33 30550
16.34 30554
16.35 30555
16.36 30561
16.37 30572
16.38 30594
16.39 30615
16.40 30636
16.41 30660
16.42 30662
16.43 30664
16.44 30668
16.45 30669
16.46 30679
16.47 30689
16.48 30710
16.49 30723
16.50 30730
16.51 30749
16.52 30757
16.53 30758
16.54 30763
16.55 30763
16.56 30767
16.57 30781
16.58 30796
16.59 30802
16.60 30807
16.61 30826
16.62 30853
16.63 30876
16.64 30882
16.65 30888
16.66 30892
16.67 30893
16.68 30894
16.69 30895
16.70 30902
16.71 30926
16.72 30934
16.73 30944
16.74 30947
16.75 30948
16.76 30955
16.77 30958
16.78 30965
16.79 30972
16.80 30977
16.81 30981
16.82 30991
16.83 31019
16.84 31038
16.85 31051
16.86 31062
16.87 31067
16.88 31069
16.89 31076
16.90 31084
16.91 31093
16.92 31095
16.93 31099
16.94 31100
16.95 31108
16.96 31121
16.97 31126
16.98 31139
16.99 31151
17.00 31162
17.01 31174
17.02 31192
17.03 31211
17.04 31225
17.05 31245
17.06 31263
17.07 31289
17.08 31309
17.09 31336
17.10 31355
17.11 31372
17.12 31393
17.13 31416
17.14 31437
17.15 31461
17.16 31480
17.17 31502
17.18 31516
17.19 31542
17.20 31566
17.21 31589
17.22 31610
17.24 31633
17.25 31653
17.26 31681
17.27 31705
17.28 31725
17.29 31748
17.30 31774
17.31 31789
17.32 31791
17.33 31795
17.34 31795
17.35 31796
17.36 31805
17.37 31809
17.38 31824
17.39 31842
17.40 31858
17.41 31871
17.42 31892
17.43 31896
17.44 31897
17.45 31903
17.46 31912
17.47 31915
17.48 31921
17.49 31927
17.50 31939
17.51 31961
17.52 31977
17.53 31991
17.54 31996
17.55 31998
17.56 32002
17.57 32002
17.58 32004
17.59 32005
17.60 32008
17.61 32015
17.62 32023
17.63 32029
17.64 32054
17.65 32069
17.66 32092
17.67 32099
17.68 32105
17.69 32109
17.70 32117
17.71 32120
17.72 32129
17.73 32130
17.74 32132
17.75 32133
17.76 32133
17.77 32142
17.78 32146
17.79 32152
17.80 32164
17.81 32174
17.82 32193
17.83 32208
17.84 32221
17.85 32245
17.86 32267
17.87 32291
17.88 32317
17.89 32342
17.90 32362
17.91 32385
17.92 32405
17.93 32428
17.94 32451
17.95 32475
17.96 32494
17.97 32517
17.98 32538
17.99 32561
18.00 32582
18.01 32603
18.02 32623
18.03 32647
18.04 32675
18.05 32697
18.06 32722
18.07 32747
18.08 32771
18.09 32793
18.10 32812
18.11 32839
18.12 32857
18.13 32880
18.14 32903
18.15 32930
18.16 32954
18.17 32978
18.18 33001
18.19 33020
18.20 33037
18.22 33062
18.23 33085
18.24 33110
18.25 33134
18.26 33158
18.27 33185
18.28 33211
18.29 33230
18.30 33251
18.31 33279
18.32 33303
18.33 33327
18.34 33348
18.35 33370
18.36 33395
18.37 33414
18.38 33434
18.39 33455
18.40 33471
18.41 33496
18.42 33512
18.43 33538
18.44 33562
18.45 33573
18.46 33580
18.47 33586
18.48 33590
18.49 33596
18.50 33600
18.51 33619
18.52 33645
18.53 33668
18.54 33698
18.55 33719
18.56 33740
18.57 33762
18.58 33789
18.59 33810
18.60 33832
18.61 33857
18.62 33875
18.63 33906
18.64 33935
18.65 33959
18.66 33977
18.67 33987
18.68 34011
18.69 34033
18.70 34043
18.71 34062
18.72 34071
18.73 34077
18.74 34082
18.75 34083
18.76 34084
18.77 34084
18.78 34085
18.79 34085
18.80 34091
18.81 34096
18.82 34098
18.83 34117
18.84 34123
18.85 34138
18.86 34156
18.87 34163
18.88 34166
18.89 34168
18.90 34168
18.91 34170
18.92 34178
18.93 34178
18.94 34188
18.95 34198
18.96 34203
18.97 34209
18.98 34229
18.99 34244
19.00 34253
19.01 34263
19.02 34269
19.03 34288
19.04 34308
19.05 34316
19.06 34320
19.07 34324
19.08 34324
19.09 34324
19.10 34341
19.11 34341
19.12 34357
19.13 34376
19.14 34388
19.15 34411
19.16 34432
19.17 34444
19.18 34464
19.19 34481
19.21 34490
19.22 34502
19.23 34509
19.24 34519
19.25 34529
19.26 34545
19.27 34558
19.28 34566
19.29 34575
19.30 34591
19.31 34601
19.32 34614
19.33 34632
19.34 34642
19.35 34651
19.36 34664
19.37 34677
19.38 34683
19.39 34687
19.40 34699
19.41 34707
19.42 34714
19.43 34721
19.44 34730
19.45 34743
19.46 34761
19.47 34773
19.48 34795
19.49 34805
19.50 34817
19.51 34829
19.52 34843
19.53 34859
19.54 34870
19.55 34878
19.56 34886
19.57 34898
19.58 34908
19.59 34925
19.60 34932
19.61 34941
19.62 34953
19.63 34959
19.64 34978
19.65 34990
19.66 35011
19.67 35033
19.68 35052
19.69 35072
19.70 35088
19.71 35107
19.72 35119
19.73 35126
19.74 35129
19.75 35139
19.76 35141
19.77 35161
19.78 35185
19.79 35208
19.80 35224
19.81 35246
19.82 35268
19.83 35286
19.84 35314
19.85 35332
19.86 35357
19.87 35377
19.88 35400
19.89 35413
19.90 35432
19.91 35454
19.92 35475
19.93 35502
19.94 35527
19.95 35550
19.96 35574
19.97 35591
19.98 35607
19.99 35623
20.00 35648
20.01 35672
20.02 35689
20.03 35708
20.04 35728
20.05 35748
20.06 35769
20.07 35791
20.08 35818
20.09 35845
20.10 35867
20.11 35881
20.12 35901
20.13 35927
20.14 35955
20.15 35975
20.16 35994
20.17 36020
20.19 36039
20.20 36059
20.21 36081
20.22 36098
20.23 36105
20.24 36118
20.25 36121
20.26 36123
20.27 36129
20.28 36139
20.29 36144
20.30 36147
20.31 36156
20.32 36161
20.33 36169
20.34 36177
20.35 36182
20.36 36191
20.37 36212
20.38 36225
20.39 36234
20.40 36254
20.41 36278
20.42 36298
20.43 36321
20.44 36347
20.45 36378
20.46 36394
20.47 36409
20.48 36429
20.49 36454
20.50 36474
20.51 36489
20.52 36510
20.53 36521
20.54 36546
20.55 36562
20.56 36575
20.57 36594
20.58 36616
20.59 36632
20.60 36650
20.61 36666
20.62 36687
20.63 36707
20.64 36722
20.65 36750
20.66 36775
20.67 36791
20.68 36808
20.69 36825
20.70 36841
20.71 36859
20.72 36881
20.73 36904
20.74 36929
20.75 36945
20.76 36969
20.77 36987
20.78 37013
20.79 37030
20.80 37039
20.81 37063
20.82 37077
20.83 37101
20.84 37114
20.85 37114
20.86 37115
20.87 37117
20.88 37133
20.89 37151
20.90 37175
20.91 37200
20.92 37220
20.93 37241
20.94 37262
20.95 37284
20.96 37297
20.97 37314
20.98 37317
20.99 37320
21.00 37325
21.01 37333
21.02 37339
21.03 37345
21.04 37361
21.05 37381
21.06 37385
21.07 37392
21.08 37398
21.09 37406
21.10 37414
21.11 37417
21.12 37421
21.13 37432
21.14 37439
21.15 37449
21.16 37457
21.18 37461
21.19 37470
21.20 37477
21.21 37479
21.22 37483
21.23 37488
21.24 37491
21.25 37492
21.26 37494
21.27 37498
21.28 37503
21.29 37505
21.30 37510
21.31 37517
21.32 37522
21.33 37531
21.34 37534
21.35 37544
21.36 37568
21.37 37589
21.38 37603
21.39 37609
21.40 37611
21.41 37620
21.42 37628
21.43 37630
21.44 37638
21.45 37641
21.46 37642
21.47 37645
21.48 37649
21.49 37654
21.50 37655
21.51 37656
21.52 37656
21.53 37660
21.54 37660
21.55 37662
21.56 37662
21.57 37662
21.58 37665
21.59 37666
21.60 37666
21.61 37666
21.62 37668
21.63 37675
21.64 37683
21.65 37685
21.66 37705
21.67 37728
21.68 37747
21.69 37760
21.70 37773
21.71 37784
21.72 37794
21.73 37804
21.74 37810
21.75 37814
21.76 37821
21.77 37831
21.78 37853
21.79 37874
21.80 37894
21.81 37916
21.82 37943
21.83 37962
21.84 37970
21.85 37978
21.86 37992
21.87 38005
21.88 38008
21.89 38015
21.90 38025
21.91 38027
21.92 38033
21.93 38040
21.94 38046
21.95 38061
21.96 38085
21.97 38112
21.98 38118
21.99 38126
22.00 38129
22.01 38130
22.02 38134
22.03 38140
22.04 38144
22.05 38152
22.06 38160
22.07 38171
22.08 38191
22.09 38215
22.10 38243
22.11 38268
22.12 38273
22.13 38274
22.14 38277
22.16 38278
22.17 38279
22.18 38287
22.19 38289
22.20 38289
22.21 38292
22.22 38294
22.23 38300
22.24 38304
22.25 38307
22.26 38317
22.27 38337
22.28 38349
22.29 38374
22.30 38399
22.31 38421
22.32 38438
22.33 38468
22.34 38492
22.35 38514
22.36 38527
22.37 38540
22.38 38544
22.39 38551
22.40 38555
22.41 38564
22.42 38576
22.43 38586
22.44 38603
22.45 38620
22.46 38636
22.47 38660
22.48 38683
22.49 38710
22.50 38734
22.51 38753
22.52 38775
22.53 38802
22.54 38823
22.55 38845
22.56 38865
22.57 38885
22.58 38912
22.59 38933
22.60 38950
22.61 38968
22.62 38993
22.63 39015
22.64 39038
22.65 39056
22.66 39080
22.67 39101
22.68 39124
22.69 39147
22.70 39173
22.71 39198
22.72 39219
22.73 39245
22.74 39271
22.75 39298
22.76 39320
22.77 39342
22.78 39364
22.79 39385
22.80 39411
22.81 39430
22.82 39449
22.83 39473
22.84 39487
22.85 39503
22.86 39518
22.87 39539
22.88 39563
22.89 39584
22.90 39608
22.91 39630
22.92 39656
22.93 39680
22.94 39703
22.95 39723
22.96 39752
22.97 39769
22.98 39790
22.99 39814
23.00 39844
23.01 39865
23.02 39883
23.03 39909
23.04 39933
23.05 39955
23.06 39978
23.07 40006
23.08 40030
23.09 40054
23.10 40078
23.11 40095
23.12 40115
23.13 40141
23.15 40165
23.16 40185
23.17 40205
23.18 40225
23.19 40249
23.20 40271
23.21 40295
23.22 40320
23.23 40348
23.24 40373
23.25 40395
23.26 40419
23.27 40442
23.28 40463
23.29 40482
23.30 40495
23.31 40515
23.32 40545
23.33 40572
23.34 40596
23.35 40616
23.36 40637
23.37 40662
23.38 40685
23.39 40697
23.40 40719
23.41 40736
23.42 40757
23.43 40781
23.44 40800
23.45 40819
23.46 40838
23.47 40856
23.48 40881
23.49 40906
23.50 40926
23.51 40940
23.52 40958
23.53 40985
23.54 41009
23.55 41027
23.56 41043
23.57 41059
23.58 41087
23.59 41106
23.60 41127
23.61 41153
23.62 41168
23.63 41185
23.64 41196
23.65 41208
23.66 41217
23.67 41227
23.68 41243
23.69 41258
23.70 41265
23.71 41270
23.72 41278
23.73 41285
23.74 41292
23.75 41294
23.76 41300
23.77 41303
23.78 41310
23.79 41314
23.80 41318
23.81 41326
23.82 41331
23.83 41339
23.84 41360
23.85 41379
23.86 41398
23.87 41419
23.88 41445
23.89 41473
23.90 41498
23.91 41518
23.92 41538
23.93 41559
23.94 41577
23.95 41597
23.96 41610
23.97 41626
23.98 41636
23.99 41654
24.00 41678
24.01 41703
24.02 41721
24.03 41743
24.04 41762
24.05 41783
24.06 41793
24.07 41805
24.08 41818
24.09 41838
24.10 41856
24.11 41869
24.13 41891
24.14 41898
24.15 41906
24.16 41912
24.17 41916
24.18 41923
24.19 41931
24.20 41939
24.21 41943
24.22 41950
24.23 41957
24.24 41964
24.25 41965
24.26 41969
24.27 41972
24.28 41978
24.29 41982
24.30 41985
24.31 41985
24.32 41989
24.33 41997
24.34 42003
24.35 42011
24.36 42021
24.37 42039
24.38 42057
24.39 42080
24.40 42105
24.41 42130
24.42 42157
24.43 42185
24.44 42205
24.45 42229
24.46 42255
24.47 42270
24.48 42287
24.49 42306
24.50 42324
24.51 42341
24.52 42368
24.53 42385
24.54 42397
24.55 42405
24.56 42427
24.57 42455
24.58 42471
24.59 42482
24.60 42490
24.61 42494
24.62 42501
24.63 42504
24.64 42509
24.65 42511
24.66 42514
24.67 42520
24.68 42522
24.69 42525
24.70 42528
24.71 42529
24.72 42537
24.73 42544
24.74 42547
24.75 42553
24.76 42560
24.77 42585
24.78 42591
24.79 42597
24.80 42604
24.81 42613
24.82 42618
24.83 42635
24.84 42652
24.85 42662
24.86 42668
24.87 42677
24.88 42685
24.89 42699
24.90 42709
24.91 42719
24.92 42722
24.93 42729
24.94 42738
24.95 42755
24.96 42774
24.97 42789
24.98 42799
24.99 42818
25.00 42835
25.01 42849
25.02 42863
25.03 42870
25.04 42881
25.05 42897
25.06 42910
25.07 42918
25.08 42926
25.09 42934
25.11 42940
25.12 42947
25.13 42952
25.14 42964
25.15 42989
25.16 43013
25.17 43026
25.18 43041
25.19 43051
25.20 43062
25.21 43076
25.22 43080
25.23 43081
25.24 43084
25.25 43091
25.26 43103
25.27 43113
25.28 43117
25.29 43124
25.30 43135
25.31 43138
25.32 43143
25.33 43151
25.34 43154
25.35 43161
25.36 43175
25.37 43176
25.38 43185
25.39 43190
25.40 43192
25.41 43197
25.42 43205
25.43 43208
25.44 43212
25.45 43228
25.46 43230
25.47 43231
25.48 43243
25.49 43251
25.50 43254
25.51 43258
25.52 43268
25.53 43271
25.54 43275
25.55 43280
25.56 43283
25.57 43291
25.58 43299
25.59 43300
25.60 43305
25.61 43312
25.62 43317
25.63 43322
25.64 43328
25.65 43331
25.66 43337
25.67 43342
25.68 43346
25.69 43353
25.70 43360
25.71 43362
25.72 43370
25.73 43375
25.74 43377
25.75 43383
25.76 43394
25.77 43394
25.78 43404
25.79 43416
25.80 43418
25.81 43421
25.82 43435
25.83 43443
25.84 43444
25.85 43454
25.86 43459
25.87 43460
25.88 43469
25.89 43475
25.90 43478
25.91 43483
25.92 43491
25.93 43493
25.94 43505
25.95 43515
25.96 43518
25.97 43529
25.98 43543
25.99 43553
26.00 43566
26.01 43590
26.02 43610
26.03 43619
26.04 43641
26.05 43655
26.06 43676
26.07 43679
26.08 43683
26.10 43689
26.11 43694
26.12 43696
26.13 43709
26.14 43730
26.15 43748
26.16 43749
26.17 43750
26.18 43751
26.19 43751
26.20 43751
26.21 43751
26.22 43751
26.23 43757
26.24 43767
26.25 43769
26.26 43774
26.27 43783
26.28 43784
26.29 43791
26.30 43798
26.31 43798
26.32 43805
26.33 43823
26.34 43825
26.35 43829
26.36 43835
26.37 43836
26.38 43841
26.39 43857
26.40 43859
26.41 43860
26.42 43872
26.43 43880
26.44 43882
26.45 43888
26.46 43894
26.47 43895
26.48 43905
26.49 43916
26.50 43918
26.51 43920
26.52 43934
26.53 43936
26.54 43937
26.55 43945
26.56 43947
26.57 43948
26.58 43965
26.59 43970
26.60 43971
26.61 43981
26.62 43988
26.63 43989
26.64 44000
26.65 44007
26.66 44010
26.67 44014
26.68 44021
26.69 44023
26.70 44028
26.71 44037
26.72 44039
26.73 44040
26.74 44052
26.75 44053
26.76 44054
26.77 44058
26.78 44064
26.79 44065
26.80 44070
26.81 44079
26.82 44080
26.83 44094
26.84 44110
26.85 44114
26.86 44115
26.87 44123
26.88 44127
26.89 44132
26.90 44142
26.91 44145
26.92 44147
26.93 44151
26.94 44156
26.95 44156
26.96 44157
26.97 44157
26.98 44176
26.99 44199
27.00 44224
27.01 44242
27.02 44259
27.03 44281
27.04 44284
27.05 44285
27.06 44286
27.08 44287
27.09 44287
27.10 44288
27.11 44296
27.12 44302
27.13 44306
27.14 44316
27.15 44337
27.16 44349
27.17 44377
27.18 44403
27.19 44430
27.20 44453
27.21 44480
27.22 44507
27.23 44518
27.24 44518
27.25 44518
27.26 44518
27.27 44519
27.28 44519
27.29 44519
27.30 44519
27.31 44531
27.32 44533
27.33 44533
27.34 44547
27.35 44549
27.36 44549
27.37 44559
27.38 44560
27.39 44561
27.40 44571
27.41 44572
27.42 44573
27.43 44581
27.44 44583
27.45 44584
27.46 44597
27.47 44599
27.48 44599
27.49 44610
27.50 44619
27.51 44619
27.52 44625
27.53 44632
27.54 44632
27.55 44639
27.56 44646
27.57 44647
27.58 44653
27.59 44658
27.60 44659
27.61 44668
27.62 44677
27.63 44678
27.64 44681
27.65 44684
27.66 44686
27.67 44689
27.68 44703
27.69 44704
27.70 44704
27.71 44714
27.72 44726
27.73 44727
27.74 44734
27.75 44740
27.76 44741
27.77 44744
27.78 44756
27.79 44757
27.80 44763
27.81 44767
27.82 44768
27.83 44776
27.84 44782
27.85 44783
27.86 44789
27.87 44806
27.88 44808
27.89 44808
27.90 44825
27.91 44826
27.92 44827
27.93 44835
27.94 44842
27.95 44844
27.96 44850
27.97 44863
27.98 44863
27.99 44866
28.00 44879
28.01 44879
28.02 44886
28.03 44887
28.04 44909
28.05 44920
28.07 44920
28.08 44920
28.09 44921
28.10 44921
28.11 44922
28.12 44927
28.13 44934
28.14 44945
28.15 44946
28.16 44954
28.17 44972
28.18 44977
28.19 44978
28.20 44979
28.21 44979
28.22 44979
28.23 44979
28.24 44979
28.25 44979
28.26 44988
28.27 44989
28.28 44989
28.29 44999
28.30 45000
28.31 45003
28.32 45021
28.33 45031
28.34 45032
28.35 45038
28.36 45049
28.37 45051
28.38 45059
28.39 45066
28.40 45068
28.41 45074
28.42 45083
28.43 45084
28.44 45088
28.45 45095
28.46 45097
28.47 45101
28.48 45111
28.49 45113
28.50 45116
28.51 45131
28.52 45132
28.53 45133
28.54 45145
28.55 45150
28.56 45151
28.57 45157
28.58 45166
28.59 45167
28.60 45176
28.61 45185
28.62 45187
28.63 45188
28.64 45194
28.65 45196
28.66 45202
28.67 45214
28.68 45215
28.69 45216
28.70 45232
28.71 45236
28.72 45236
28.73 45241
28.74 45245
28.75 45245
28.76 45248
28.77 45256
28.78 45256
28.79 45260
28.80 45265
28.81 45266
28.82 45273
28.83 45279
28.84 45280
28.85 45284
28.86 45288
28.87 45289
28.88 45293
28.89 45305
28.90 45306
28.91 45308
28.92 45311
28.93 45313
28.94 45315
28.95 45322
28.96 45322
28.97 45327
28.98 45327
28.99 45329
29.00 45329
29.01 45329
29.02 45329
29.03 45329
29.05 45335
29.06 45337
29.07 45339
29.08 45339
29.09 45348
29.10 45350
29.11 45350
29.12 45352
29.13 45354
29.14 45357
29.15 45374
29.16 45392
29.17 45403
29.18 45428
29.19 45445
29.20 45456
29.21 45480
29.22 45501
29.23 45525
29.24 45551
29.25 45558
29.26 45566
29.27 45576
29.28 45593
29.29 45612
29.30 45631
29.31 45642
29.32 45649
29.33 45655
29.34 45661
29.35 45667
29.36 45690
29.37 45703
29.38 45721
29.39 45738
29.40 45748
29.41 45761
29.42 45791
29.43 45816
29.44 45831
29.45 45845
29.46 45861
29.47 45874
29.48 45889
29.49 45909
29.50 45920
29.51 45939
29.52 45955
29.53 45973
29.54 45993
29.55 46014
29.56 46039
29.57 46064
29.58 46084
29.59 46105
29.60 46126
29.61 46142
29.62 46162
29.63 46172
29.64 46181
29.65 46205
29.66 46234
29.67 46251
29.68 46273
29.69 46292
29.70 46317
29.71 46337
29.72 46353
29.73 46376
29.74 46398
29.75 46408
29.76 46427
29.77 46443
29.78 46459
29.79 46483
29.80 46506
29.81 46530
29.82 46553
29.83 46565
29.84 46577
29.85 46587
29.86 46602
29.87 46625
29.88 46651
29.89 46679
29.90 46706
29.91 46733
29.92 46755
29.93 46778
29.94 46801
29.95 46823
29.96 46842
29.97 46859
29.98 46880
29.99 46902
30.00 46928
30.01 46953
30.02 46974
30.04 46996
30.05 47017
30.06 47039
30.07 47057
30.08 47082
30.09 47102
30.10 47122
30.11 47139
30.12 47162
30.13 47188
30.14 47207
30.15 47232
30.16 47258
30.17 47274
30.18 47293
30.19 47315
30.20 47336
30.21 47354
30.22 47377
30.23 47395
30.24 47412
30.25 47434
30.26 47451
30.27 47470
30.28 47490
30.29 47508
30.30 47530
30.31 47549
30.32 47576
30.33 47598
30.34 47624
30.35 47645
30.36 47664
30.37 47683
30.38 47706
30.39 47736
30.40 47762
30.41 47783
30.42 47805
30.43 47830
30.44 47858
30.45 47885
30.46 47906
30.47 47927
30.48 47950
30.49 47972
30.50 47990
30.51 48011
30.52 48035
30.53 48063
30.54 48084
30.55 48110
30.56 48135
30.57 48160
30.58 48181
30.59 48202
30.60 48221
30.61 48238
30.62 48260
30.63 48287
30.64 48301
30.65 48323
30.66 48343
30.67 48363
30.68 48383
30.69 48401
30.70 48427
30.71 48451
30.72 48472
30.73 48496
30.74 48516
30.75 48537
30.76 48559
30.77 48586
30.78 48610
30.79 48628
30.80 48647
30.81 48666
30.82 48681
30.83 48695
30.84 48719
30.85 48733
30.86 48749
30.87 48763
30.88 48787
30.89 48811
30.90 48834
30.91 48859
30.92 48885
30.93 48903
30.94 48924
30.95 48948
30.96 48966
30.97 48982
30.98 49004
30.99 49017
31.00 49028
31.02 49042
31.03 49055
31.04 49078
31.05 49091
31.06 49106
31.07 49116
31.08 49135
31.09 49153
31.10 49181
31.11 49199
31.12 49221
31.13 49242
31.14 49266
31.15 49284
31.16 49301
31.17 49324
31.18 49343
31.19 49358
31.20 49370
31.21 49380
31.22 49400
31.23 49420
31.24 49439
31.25 49455
31.26 49469
31.27 49492
31.28 49513
31.29 49538
31.30 49559
31.31 49575
31.32 49591
31.33 49616
31.34 49641
31.35 49659
31.36 49677
31.37 49695
31.38 49712
31.39 49728
31.40 49753
31.41 49767
31.42 49786
31.43 49805
31.44 49822
31.45 49841
31.46 49857
31.47 49877
31.48 49897
31.49 49917
31.50 49934
31.51 49952
31.52 49976
31.53 49995
31.54 50012
31.55 50033
31.56 50052
31.57 50064
31.58 50086
31.59 50109
31.60 50135
31.61 50161
31.62 50177
31.63 50200
31.64 50222
31.65 50241
31.66 50259
31.67 50274
31.68 50280
31.69 50305
31.70 50325
31.71 50357
31.72 50370
31.73 50378
31.74 50388
31.75 50391
31.76 50397
31.77 50402
31.78 50428
31.79 50433
31.80 50438
31.81 50447
31.82 50453
31.83 50465
31.84 50469
31.85 50474
31.86 50482
31.87 50488
31.88 50492
31.89 50495
31.90 50503
31.91 50507
31.92 50511
31.93 50520
31.94 50533
31.95 50539
31.96 50545
31.97 50550
31.98 50555
31.99 50559
32.01 50564
32.02 50568
32.03 50573
32.04 50582
32.05 50599
32.06 50613
32.07 50623
32.08 50628
32.09 50634
32.10 50644
32.11 50651
32.12 50658
32.13 50671
32.14 50686
32.15 50704
32.16 50714
32.17 50728
32.18 50743
32.19 50752
32.20 50773
32.21 50793
32.22 50815
32.23 50834
32.24 50851
32.25 50863
32.26 50880
32.27 50903
32.28 50934
32.29 50955
32.30 50966
32.31 50972
32.32 50976
32.33 50982
32.34 50987
32.35 51001
32.36 51004
32.37 51007
32.38 51008
32.39 51008
32.40 51013
32.41 51014
32.42 51018
32.43 51025
32.44 51027
32.45 51043
32.46 51050
32.47 51053
32.48 51064
32.49 51071
32.50 51083
32.51 51090
32.52 51095
32.53 51117
32.54 51139
32.55 51159
32.56 51166
32.57 51182
32.58 51197
32.59 51210
32.60 51227
32.61 51233
32.62 51237
32.63 51239
32.64 51239
32.65 51244
32.66 51248
32.67 51253
32.68 51264
32.69 51266
32.70 51273
32.71 51276
32.72 51284
32.73 51284
32.74 51291
32.75 51299
32.76 51304
32.77 51317
32.78 51333
32.79 51353
32.80 51378
32.81 51404
32.82 51430
32.83 51456
32.84 51475
32.85 51496
32.86 51520
32.87 51545
32.88 51570
32.89 51592
32.90 51615
32.91 51638
32.92 51648
32.93 51671
32.94 51696
32.95 51713
32.96 51718
32.97 51723
32.99 51729
33.00 51740
33.01 51750
33.02 51773
33.03 51793
33.04 51810
33.05 51836
33.06 51858
33.07 51883
33.08 51904
33.09 51919
33.10 51937
33.11 51959
33.12 51981
33.13 51999
33.14 52019
33.15 52039
33.16 52060
33.17 52076
33.18 52095
33.19 52113
33.20 52137
33.21 52156
33.22 52166
33.23 52173
33.24 52179
33.25 52186
33.26 52194
33.27 52200
33.28 52207
33.29 52215
33.30 52220
33.31 52224
33.32 52231
33.33 52238
33.34 52247
33.35 52251
33.36 52274
33.37 52279
33.38 52294
33.39 52306
33.40 52322
33.41 52339
33.42 52350
33.43 52366
33.44 52378
33.45 52393
33.46 52411
33.47 52426
33.48 52451
33.49 52470
33.50 52488
33.51 52511
33.52 52516
33.53 52521
33.54 52524
33.55 52530
33.56 52532
33.57 52532
33.58 52533
33.59 52535
33.60 52537
33.61 52543
33.62 52547
33.63 52552
33.64 52571
33.65 52584
33.66 52609
33.67 52623
33.68 52643
33.69 52664
33.70 52689
33.71 52705
33.72 52721
33.73 52732
33.74 52754
33.75 52775
33.76 52791
33.77 52811
33.78 52823
33.79 52830
33.80 52832
33.81 52842
33.82 52847
33.83 52854
33.84 52860
33.85 52879
33.86 52902
33.87 52934
33.88 52956
33.89 52983
33.90 53005
33.91 53026
33.92 53043
33.93 53069
33.94 53090
33.95 53115
33.97 53137
33.98 53156
33.99 53180
34.00 53198
34.01 53219
34.02 53233
34.03 53256
34.04 53285
34.05 53304
34.06 53330
34.07 53358
34.08 53383
34.09 53403
34.10 53427
34.11 53454
34.12 53475
34.13 53497
34.14 53517
34.15 53543
34.16 53561
34.17 53584
34.18 53602
34.19 53624
34.20 53646
34.21 53670
34.22 53688
34.23 53710
34.24 53731
34.25 53755
34.26 53781
34.27 53804
34.28 53829
34.29 53850
34.30 53870
34.31 53891
34.32 53915
34.33 53937
34.34 53959
34.35 53981
34.36 54002
34.37 54022
34.38 54039
34.39 54059
34.40 54087
34.41 54110
34.42 54133
34.43 54155
34.44 54178
34.45 54200
34.46 54224
34.47 54241
34.48 54264
34.49 54278
34.50 54308
34.51 54324
34.52 54349
34.53 54365
34.54 54375
34.55 54391
34.56 54407
34.57 54433
34.58 54448
34.59 54469
34.60 54485
34.61 54505
34.62 54527
34.63 54551
34.64 54570
34.65 54582
34.66 54603
34.67 54629
34.68 54654
34.69 54677
34.70 54701
34.71 54724
34.72 54743
34.73 54766
34.74 54793
34.75 54812
34.76 54835
34.77 54860
34.78 54882
34.79 54902
34.80 54926
34.81 54948
34.82 54968
34.83 54993
34.84 55008
34.85 55029
34.86 55055
34.87 55083
34.88 55103
34.89 55123
34.90 55148
34.91 55175
34.92 55193
34.93 55214
34.94 55232
34.96 55254
34.97 55267
34.98 55275
34.99 55287
35.00 55298
35.01 55301
35.02 55305
35.03 55309
35.04 55311
35.05 55314
35.06 55318
35.07 55319
35.08 55319
35.09 55319
35.10 55319
35.11 55325
35.12 55331
35.13 55333
35.14 55342
35.15 55346
35.16 55351
35.17 55364
35.18 55381
35.19 55395
35.20 55400
35.21 55410
35.22 55414
35.23 55422
35.24 55433
35.25 55438
35.26 55445
35.27 55451
35.28 55458
35.29 55469
35.30 55485
35.31 55499
35.32 55518
35.33 55541
35.34 55566
35.35 55587
35.36 55607
35.37 55627
35.38 55642
35.39 55663
35.40 55681
35.41 55691
35.42 55714
35.43 55732
35.44 55752
35.45 55780
35.46 55802
35.47 55830
35.48 55855
35.49 55875
35.50 55897
35.51 55924
35.52 55951
35.53 55972
35.54 55995
35.55 56022
35.56 56045
35.57 56070
35.58 56090
35.59 56110
35.60 56133
35.61 56157
35.62 56185
35.63 56212
35.64 56234
35.65 56259
35.66 56278
35.67 56299
35.68 56324
35.69 56348
35.70 56373
35.71 56393
35.72 56413
35.73 56433
35.74 56459
35.75 56486
35.76 56509
35.77 56533
35.78 56557
35.79 56581
35.80 56610
35.81 56634
35.82 56653
35.83 56669
35.84 56691
35.85 56714
35.86 56741
35.87 56764
35.88 56785
35.89 56804
35.90 56827
35.91 56851
35.92 56872
35.94 56896
35.95 56912
35.96 56925
35.97 56949
35.98 56971
35.99 56988
36.00 57012
36.01 57031
36.02 57053
36.03 57076
36.04 57095
36.05 57111
36.06 57131
36.07 57152
36.08 57171
36.09 57199
36.10 57223
36.11 57240
36.12 57267
36.13 57289
36.14 57312
36.15 57332
36.16 57350
36.17 57368
36.18 57389
36.19 57412
36.20 57429
36.21 57449
36.22 57475
36.23 57495
36.24 57515
36.25 57534
36.26 57553
36.27 57572
36.28 57588
36.29 57604
36.30 57620
36.31 57644
36.32 57669
36.33 57691
36.34 57709
36.35 57732
36.36 57755
36.37 57773
36.38 57797
36.39 57815
36.40 57833
36.41 57854
36.42 57874
36.43 57892
36.44 57916
36.45 57928
36.46 57947
36.47 57969
36.48 57985
36.49 58002
36.50 58020
36.51 58033
36.52 58048
36.53 58065
36.54 58082
36.55 58101
36.56 58118
36.57 58136
36.58 58164
36.59 58176
36.60 58203
36.61 58221
36.62 58245
36.63 58265
36.64 58286
36.65 58306
36.66 58324
36.67 58343
36.68 58355
36.69 58373
36.70 58387
36.71 58405
36.72 58426
36.73 58446
36.74 58470
36.75 58496
36.76 58519
36.77 58543
36.78 58558
36.79 58579
36.80 58597
36.81 58617
36.82 58640
36.83 58664
36.84 58686
36.85 58713
36.86 58742
36.87 58769
36.88 58785
36.89 58806
36.90 58834
36.91 58854
36.93 58879
36.94 58902
36.95 58926
36.96 58944
36.97 58964
36.98 58980
36.99 59000
37.00 59017
37.01 59041
37.02 59060
37.03 59077
37.04 59091
37.05 59112
37.06 59129
37.07 59148
37.08 59165
37.09 59185
37.10 59207
37.11 59222
37.12 59244
37.13 59259
37.14 59277
37.15 59298
37.16 59316
37.17 59337
37.18 59357
37.19 59372
37.20 59393
37.21 59415
37.22 59429
37.23 59451
37.24 59466
37.25 59486
37.26 59505
37.27 59522
37.28 59540
37.29 59560
37.30 59577
37.31 59598
37.32 59617
37.33 59636
37.34 59655
37.35 59673
37.36 59684
37.37 59710
37.38 59733
37.39 59754
37.40 59777
37.41 59788
37.42 59809
37.43 59833
37.44 59853
37.45 59874
37.46 59891
37.47 59914
37.48 59931
37.49 59948
37.50 59968
37.51 59982
37.52 59997
37.53 60018
37.54 60045
37.55 60063
37.56 60082
37.57 60101
37.58 60122
37.59 60135
37.60 60139
37.61 60143
37.62 60156
37.63 60158
37.64 60165
37.65 60175
37.66 60181
37.67 60186
37.68 60191
37.69 60199
37.70 60202
37.71 60216
37.72 60238
37.73 60257
37.74 60286
37.75 60315
37.76 60344
37.77 60367
37.78 60391
37.79 60414
37.80 60439
37.81 60450
37.82 60454
37.83 60460
37.84 60469
37.85 60489
37.86 60507
37.87 60522
37.88 60546
37.89 60561
37.91 60576
37.92 60589
37.93 60608
37.94 60625
37.95 60643
37.96 60656
37.97 60681
37.98 60699
37.99 60725
38.00 60739
38.01 60762
38.02 60777
38.03 60791
38.04 60801
38.05 60821
38.06 60833
38.07 60848
38.08 60865
38.09 60884
38.10 60906
38.11 60933
38.12 60960
38.13 60982
38.14 61007
38.15 61028
38.16 61045
38.17 61059
38.18 61074
38.19 61091
38.20 61111
38.21 61128
38.22 61149
38.23 61172
38.24 61187
38.25 61207
38.26 61222
38.27 61245
38.28 61266
38.29 61291
38.30 61317
38.31 61343
38.32 61364
38.33 61386
38.34 61406
38.35 61420
38.36 61445
38.37 61466
38.38 61476
38.39 61489
38.40 61507
38.41 61524
38.42 61540
38.43 61561
38.44 61585
38.45 61607
38.46 61630
38.47 61651
38.48 61671
38.49 61697
38.50 61721
38.51 61745
38.52 61767
38.53 61782
38.54 61804
38.55 61820
38.56 61841
38.57 61863
38.58 61884
38.59 61905
38.60 61922
38.61 61942
38.62 61957
38.63 61969
38.64 61985
38.65 62010
38.66 62024
38.67 62033
38.68 62037
38.69 62052
38.70 62056
38.71 62061
38.72 62069
38.73 62072
38.74 62076
38.75 62100
38.76 62111
38.77 62120
38.78 62132
38.79 62143
38.80 62147
38.81 62161
38.82 62172
38.83 62181
38.84 62195
38.85 62209
38.86 62215
38.87 62227
38.88 62246
38.90 62255
38.91 62275
38.92 62285
38.93 62293
38.94 62311
38.95 62341
38.96 62354
38.97 62376
38.98 62399
38.99 62413
39.00 62436
39.01 62449
39.02 62465
39.03 62478
39.04 62498
39.05 62519
39.06 62539
39.07 62560
39.08 62579
39.09 62593
39.10 62604
39.11 62611
39.12 62615
39.13 62622
39.14 62625
39.15 62636
39.16 62649
39.17 62665
39.18 62681
39.19 62700
39.20 62720
39.21 62727
39.22 62737
39.23 62750
39.24 62768
39.25 62793
39.26 62811
39.27 62831
39.28 62847
39.29 62866
39.30 62883
39.31 62898
39.32 62917
39.33 62947
39.34 62964
39.35 62991
39.36 63012
39.37 63030
39.38 63060
39.39 63076
39.40 63087
39.41 63094
39.42 63096
39.43 63101
39.44 63106
39.45 63109
39.46 63112
39.47 63114
39.48 63118
39.49 63127
39.50 63135
39.51 63149
39.52 63153
39.53 63155
39.54 63158
39.55 63165
39.56 63173
39.57 63177
39.58 63194
39.59 63212
39.60 63233
39.61 63252
39.62 63270
39.63 63291
39.64 63317
39.65 63336
39.66 63355
39.67 63378
39.68 63392
39.69 63398
39.70 63407
39.71 63409
39.72 63416
39.73 63420
39.74 63427
39.75 63431
39.76 63448
39.77 63472
39.78 63496
39.79 63520
39.80 63544
39.81 63565
39.82 63584
39.83 63596
39.84 63619
39.85 63641
39.86 63669
39.88 63692
39.89 63719
39.90 63736
39.91 63758
39.92 63776
39.93 63792
39.94 63815
39.95 63835
39.96 63851
39.97 63862
39.98 63866
39.99 63872
40.00 63888
40.01 63901
40.02 63915
40.03 63938
40.04 63950
40.05 63961
40.06 63981
40.07 63998
40.08 64021
40.09 64036
40.10 64058
40.11 64079
40.12 64098
40.13 64121
40.14 64142
40.15 64163
40.16 64187
40.17 64207
40.18 64228
40.19 64242
40.20 64269
40.21 64292
40.22 64314
40.23 64338
40.24 64366
40.25 64386
40.26 64402
40.27 64421
40.28 64439
40.29 64455
40.30 64479
40.31 64500
40.32 64515
40.33 64538
40.34 64562
40.35 64586
40.36 64612
40.37 64633
40.38 64655
40.39 64679
40.40 64702
40.41 64725
40.42 64749
40.43 64765
40.44 64786
40.45 64815
40.46 64842
40.47 64861
40.48 64882
40.49 64895
40.50 64917
40.51 64929
40.52 64943
40.53 64960
40.54 64973
40.55 64996
40.56 65007
40.57 65016
40.58 65033
40.59 65046
40.60 65061
40.61 65073
40.62 65082
40.63 65097
40.64 65113
40.65 65125
40.66 65139
40.67 65150
40.68 65161
40.69 65173
40.70 65189
40.71 65209
40.72 65230
40.73 65236
40.74 65240
40.75 65246
40.76 65250
40.77 65257
40.78 65272
40.79 65287
40.80 65310
40.81 65324
40.82 65346
40.83 65368
40.84 65391
40.85 65403
40.87 65426
40.88 65442
40.89 65465
40.90 65487
40.91 65517
40.92 65537
40.93 65561
40.94 65585
40.95 65594
40.96 65617
40.97 65639
40.98 65652
40.99 65668
41.00 65672
41.01 65687
41.02 65707
41.03 65719
41.04 65723
41.05 65731
41.06 65739
41.07 65745
41.08 65753
41.09 65760
41.10 65780
41.11 65807
41.12 65824
41.13 65848
41.14 65867
41.15 65887
41.16 65903
41.17 65923
41.18 65950
41.19 65971
41.20 65991
41.21 66014
41.22 66032
41.23 66051
41.24 66065
41.25 66081
41.26 66107
41.27 66131
41.28 66144
41.29 66169
41.30 66189
41.31 66211
41.32 66234
41.33 66252
41.34 66276
41.35 66301
41.36 66318
41.37 66328
41.38 66344
41.39 66367
41.40 66370
41.41 66376
41.42 66382
41.43 66385
41.44 66388
41.45 66389
41.46 66393
41.47 66400
41.48 66406
41.49 66423
41.50 66445
41.51 66468
41.52 66488
41.53 66507
41.54 66526
41.55 66546
41.56 66573
41.57 66590
41.58 66603
41.59 66623
41.60 66648
41.61 66670
41.62 66692
41.63 66702
41.64 66711
41.65 66731
41.66 66741
41.67 66756
41.68 66779
41.69 66801
41.70 66816
41.71 66842
41.72 66862
41.73 66884
41.74 66905
41.75 66920
41.76 66930
41.77 66937
41.78 66947
41.79 66954
41.80 66959
41.81 66972
41.82 66981
41.83 66992
41.85 67001
41.86 67017
41.87 67032
41.88 67041
41.89 67052
41.90 67066
41.91 67089
41.92 67114
41.93 67134
41.94 67158
41.95 67171
41.96 67189
41.97 67208
41.98 67230
41.99 67253
42.00 67272
42.01 67290
42.02 67311
42.03 67324
42.04 67344
42.05 67365
42.06 67372
42.07 67395
42.08 67415
42.09 67434
42.10 67461
42.11 67480
42.12 67498
42.13 67512
42.14 67529
42.15 67545
42.16 67568
42.17 67588
42.18 67611
42.19 67628
42.20 67653
42.21 67677
42.22 67698
42.23 67712
42.24 67723
42.25 67746
42.26 67773
42.27 67803
42.28 67830
42.29 67849
42.30 67868
42.31 67894
42.32 67913
42.33 67940
42.34 67961
42.35 67984
42.36 68010
42.37 68034
42.38 68050
42.39 68071
42.40 68092
42.41 68121
42.42 68145
42.43 68163
42.44 68183
42.45 68205
42.46 68232
42.47 68266
42.48 68293
42.49 68316
42.50 68334
42.51 68353
42.52 68381
42.53 68405
42.54 68426
42.55 68448
42.56 68469
42.57 68488
42.58 68512
42.59 68532
42.60 68563
42.61 68589
42.62 68612
42.63 68630
42.64 68648
42.65 68671
42.66 68681
42.67 68701
42.68 68724
42.69 68745
42.70 68765
42.71 68781
42.72 68805
42.73 68822
42.74 68844
42.75 68866
42.76 68885
42.77 68907
42.78 68929
42.79 68943
42.80 68963
42.81 68987
42.82 69005
42.84 69030
42.85 69046
42.86 69067
42.87 69103
42.88 69124
42.89 69147
42.90 69170
42.91 69193
42.92 69213
42.93 69228
42.94 69245
42.95 69261
42.96 69286
42.97 69303
42.98 69328
42.99 69350
43.00 69370
43.01 69408
43.02 69423
43.03 69455
43.04 69481
43.05 69504
43.06 69527
43.07 69536
43.08 69551
43.09 69567
43.10 69580
43.11 69590
43.12 69603
43.13 69623
43.14 69636
43.15 69641
43.16 69647
43.17 69651
43.18 69661
43.19 69671
43.20 69674
43.21 69680
43.22 69686
43.23 69694
43.24 69700
43.25 69705
43.26 69710
43.27 69714
43.28 69717
43.29 69719
43.30 69726
43.31 69730
43.32 69738
43.33 69744
43.34 69749
43.35 69754
43.36 69764
43.37 69779
43.38 69791
43.39 69796
43.40 69806
43.41 69819
43.42 69835
43.43 69846
43.44 69863
43.45 69888
43.46 69913
43.47 69930
43.48 69943
43.49 69958
43.50 69976
43.51 69983
43.52 70000
43.53 70020
43.54 70033
43.55 70048
43.56 70054
43.57 70058
43.58 70075
43.59 70089
43.60 70111
43.61 70119
43.62 70122
43.63 70128
43.64 70135
43.65 70143
43.66 70164
43.67 70187
43.68 70209
43.69 70228
43.70 70251
43.71 70271
43.72 70292
43.73 70315
43.74 70336
43.75 70351
43.76 70367
43.77 70380
43.78 70386
43.79 70389
43.80 70391
43.82 70401
43.83 70402
43.84 70409
43.85 70411
43.86 70412
43.87 70416
43.88 70421
43.89 70427
43.90 70433
43.91 70445
43.92 70455
43.93 70476
43.94 70492
43.95 70512
43.96 70534
43.97 70555
43.98 70576
43.99 70600
44.00 70622
44.01 70645
44.02 70661
44.03 70686
44.04 70709
44.05 70730
44.06 70752
44.07 70774
44.08 70804
44.09 70831
44.10 70852
44.11 70874
44.12 70897
44.13 70922
44.14 70944
44.15 70968
44.16 70992
44.17 71019
44.18 71040
44.19 71058
44.20 71076
44.21 71095
44.22 71103
44.23 71122
44.24 71136
44.25 71152
44.26 71162
44.27 71166
44.28 71169
44.29 71173
44.30 71173
44.31 71177
44.32 71180
44.33 71180
44.34 71181
44.35 71185
44.36 71191
44.37 71201
44.38 71205
44.39 71224
44.40 71243
44.41 71259
44.42 71277
44.43 71307
44.44 71335
44.45 71365
44.46 71395
44.47 71418
44.48 71437
44.49 71461
44.50 71478
44.51 71498
44.52 71519
44.53 71541
44.54 71559
44.55 71585
44.56 71597
44.57 71615
44.58 71640
44.59 71667
44.60 71688
44.61 71714
44.62 71738
44.63 71756
44.64 71776
44.65 71797
44.66 71817
44.67 71839
44.68 71859
44.69 71879
44.70 71902
44.71 71925
44.72 71943
44.73 71961
44.74 71976
44.75 72003
44.76 72023
44.77 72041
44.78 72063
44.80 72078
44.81 72097
44.82 72122
44.83 72148
44.84 72168
44.85 72189
44.86 72206
44.87 72218
44.88 72242
44.89 72264
44.90 72281
44.91 72301
44.92 72325
44.93 72346
44.94 72378
44.95 72404
44.96 72422
44.97 72442
44.98 72458
44.99 72472
45.00 72494
45.01 72517
45.02 72536
45.03 72562
45.04 72584
45.05 72608
45.06 72628
45.07 72650
45.08 72672
45.09 72696
45.10 72711
45.11 72736
45.12 72753
45.13 72774
45.14 72791
45.15 72807
45.16 72831
45.17 72852
45.18 72874
45.19 72890
45.20 72909
45.21 72932
45.22 72956
45.23 72975
45.24 72995
45.25 73014
45.26 73033
45.27 73052
45.28 73073
45.29 73090
45.30 73107
45.31 73129
45.32 73147
45.33 73164
45.34 73191
45.35 73221
45.36 73239
45.37 73258
45.38 73279
45.39 73297
45.40 73319
45.41 73341
45.42 73359
45.43 73378
45.44 73401
45.45 73412
45.46 73427
45.47 73438
45.48 73464
45.49 73478
45.50 73493
45.51 73511
45.52 73527
45.53 73547
45.54 73568
45.55 73590
45.56 73616
45.57 73631
45.58 73653
45.59 73668
45.60 73690
45.61 73717
45.62 73734
45.63 73746
45.64 73767
45.65 73781
45.66 73797
45.67 73813
45.68 73836
45.69 73859
45.70 73876
45.71 73894
45.72 73910
45.73 73929
45.74 73943
45.75 73964
45.76 73980
45.77 73995
45.79 74003
45.80 74015
45.81 74028
45.82 74047
45.83 74071
45.84 74087
45.85 74109
45.86 74120
45.87 74137
45.88 74154
45.89 74167
45.90 74184
45.91 74204
45.92 74225
45.93 74250
45.94 74279
45.95 74295
45.96 74312
45.97 74330
45.98 74342
45.99 74367
46.00 74387
46.01 74409
46.02 74430
46.03 74447
46.04 74465
46.05 74485
46.06 74506
46.07 74519
46.08 74541
46.09 74552
46.10 74564
46.11 74586
46.12 74612
46.13 74628
46.14 74645
46.15 74672
46.16 74692
46.17 74711
46.18 74735
46.19 74756
46.20 74778
46.21 74797
46.22 74809
46.23 74821
46.24 74842
46.25 74864
46.26 74883
46.27 74903
46.28 74920
46.29 74941
46.30 74957
46.31 74981
46.32 75001
46.33 75026
46.34 75046
46.35 75063
46.36 75084
46.37 75106
46.38 75120
46.39 75137
46.40 75162
46.41 75184
46.42 75205
46.43 75227
46.44 75246
46.45 75255
46.46 75280
46.47 75293
46.48 75296
46.49 75306
46.50 75309
46.51 75320
46.52 75337
46.53 75354
46.54 75371
46.55 75386
46.56 75397
46.57 75412
46.58 75431
46.59 75453
46.60 75474
46.61 75500
46.62 75522
46.63 75546
46.64 75567
46.65 75589
46.66 75615
46.67 75642
46.68 75662
46.69 75680
46.70 75703
46.71 75719
46.72 75740
46.73 75758
46.74 75781
46.75 75807
46.77 75828
46.78 75846
46.79 75864
46.80 75877
46.81 75898
46.82 75916
46.83 75934
46.84 75956
46.85 75982
46.86 75997
46.87 76019
46.88 76041
46.89 76058
46.90 76078
46.91 76085
46.92 76093
46.93 76108
46.94 76120
46.95 76129
46.96 76138
46.97 76157
46.98 76179
46.99 76199
47.00 76225
47.01 76248
47.02 76271
47.03 76288
47.04 76303
47.05 76322
47.06 76338
47.07 76355
47.08 76371
47.09 76392
47.10 76404
47.11 76428
47.12 76453
47.13 76466
47.14 76482
47.15 76500
47.16 76513
47.17 76522
47.18 76532
47.19 76540
47.20 76550
47.21 76554
47.22 76560
47.23 76564
47.24 76566
47.25 76571
47.26 76576
47.27 76582
47.28 76589
47.29 76590
47.30 76595
47.31 76600
47.32 76606
47.33 76610
47.34 76612
47.35 76616
47.36 76619
47.37 76626
47.38 76630
47.39 76640
47.40 76657
47.41 76670
47.42 76678
47.43 76688
47.44 76703
47.45 76711
47.46 76734
47.47 76754
47.48 76765
47.49 76769
47.50 76774
47.51 76779
47.52 76790
47.53 76796
47.54 76803
47.55 76807
47.56 76814
47.57 76820
47.58 76825
47.59 76843
47.60 76862
47.61 76889
47.62 76903
47.63 76928
47.64 76955
47.65 76980
47.66 76997
47.67 77023
47.68 77045
47.69 77066
47.70 77092
47.71 77116
47.72 77140
47.73 77167
47.74 77195
47.76 77219
47.77 77251
47.78 77272
47.79 77296
47.80 77319
47.81 77346
47.82 77367
47.83 77397
47.84 77423
47.85 77441
47.86 77466
47.87 77486
47.88 77508
47.89 77529
47.90 77556
47.91 77571
47.92 77584
47.93 77610
47.94 77635
47.95 77654
47.96 77676
47.97 77699
47.98 77720
47.99 77742
48.00 77760
48.01 77782
48.02 77808
48.03 77837
48.04 77865
48.05 77892
48.06 77911
48.07 77932
48.08 77957
48.09 77979
48.10 77997
48.11 78019
48.12 78038
48.13 78056
48.14 78068
48.15 78087
48.16 78109
48.17 78123
48.18 78145
48.19 78159
48.20 78180
48.21 78200
48.22 78225
48.23 78251
48.24 78281
48.25 78299
48.26 78319
48.27 78344
48.28 78365
48.29 78382
48.30 78405
48.31 78434
48.32 78452
48.33 78473
48.34 78494
48.35 78511
48.36 78526
48.37 78550
48.38 78571
48.39 78595
48.40 78618
48.41 78635
48.42 78651
48.43 78671
48.44 78691
48.45 78701
48.46 78725
48.47 78745
48.48 78769
48.49 78796
48.50 78816
48.51 78836
48.52 78865
48.53 78890
48.54 78917
48.55 78933
48.56 78948
48.57 78969
48.58 78988
48.59 79006
48.60 79024
48.61 79039
48.62 79060
48.63 79088
48.64 79107
48.65 79118
48.66 79131
48.67 79151
48.68 79171
48.69 79188
48.70 79214
48.71 79241
48.72 79256
48.74 79274
48.75 79292
48.76 79318
48.77 79342
48.78 79361
48.79 79381
48.80 79404
48.81 79421
48.82 79437
48.83 79449
48.84 79470
48.85 79494
48.86 79515
48.87 79526
48.88 79544
48.89 79565
48.90 79585
48.91 79609
48.92 79626
48.93 79657
48.94 79678
48.95 79699
48.96 79714
48.97 79734
48.98 79751
48.99 79773
49.00 79796
49.01 79821
49.02 79846
49.03 79867
49.04 79887
49.05 79912
49.06 79937
49.07 79963
49.08 79979
49.09 79997
49.10 80012
49.11 80030
49.12 80058
49.13 80079
49.14 80095
49.15 80110
49.16 80131
49.17 80147
49.18 80158
49.19 80179
49.20 80201
49.21 80215
49.22 80239
49.23 80252
49.24 80274
49.25 80278
49.26 80284
49.27 80292
49.28 80295
49.29 80311
49.30 80334
49.31 80353
49.32 80375
49.33 80395
49.34 80415
49.35 80432
49.36 80456
49.37 80481
49.38 80497
49.39 80515
49.40 80529
49.41 80545
49.42 80563
49.43 80580
49.44 80591
49.45 80608
49.46 80631
49.47 80656
49.48 80672
49.49 80681
49.50 80694
49.51 80700
49.52 80703
49.53 80710
49.54 80716
49.55 80736
49.56 80758
49.57 80784
49.58 80796
49.59 80810
49.60 80826
49.61 80846
49.62 80863
49.63 80877
49.64 80898
49.65 80915
49.66 80933
49.67 80955
49.68 80969
49.69 80991
49.70 81012
49.71 81025
49.73 81035
49.74 81043
49.75 81054
49.76 81059
49.77 81070
49.78 81080
49.79 81090
49.80 81100
49.81 81114
49.82 81127
49.83 81142
49.84 81146
49.85 81164
49.86 81180
49.87 81187
49.88 81200
49.89 81209
49.90 81219
49.91 81231
49.92 81240
49.93 81247
49.94 81255
49.95 81267
49.96 81280
49.97 81295
49.98 81304
49.99 81315
50.00 81320
50.01 81325
50.02 81336
50.03 81340
50.04 81343
50.05 81352
50.06 81363
50.07 81372
50.08 81383
50.09 81393
50.10 81404
50.11 81414
50.12 81430
50.13 81441
50.14 81453
50.15 81473
50.16 81481
50.17 81490
50.18 81494
50.19 81497
50.20 81503
50.21 81512
50.22 81516
50.23 81522
50.24 81528
50.25 81550
50.26 81566
50.27 81590
50.28 81614
50.29 81639
50.30 81661
50.31 81678
50.32 81685
50.33 81690
50.34 81698
50.35 81707
50.36 81711
50.37 81716
50.38 81722
50.39 81731
50.40 81736
50.41 81747
50.42 81759
50.43 81784
50.44 81797
50.45 81812
50.46 81833
50.47 81848
50.48 81860
50.49 81882
50.50 81902
50.51 81915
50.52 81932
50.53 81955
50.54 81977
50.55 82000
50.56 82023
50.57 82040
50.58 82058
50.59 82087
50.60 82100
50.61 82115
50.62 82138
50.63 82156
50.64 82174
50.65 82184
50.66 82202
50.67 82228
50.68 82244
50.69 82270
50.71 82286
50.72 82303
50.73 82326
50.74 82344
50.75 82363
50.76 82380
50.77 82406
50.78 82423
50.79 82434
50.80 82455
50.81 82464
50.82 82478
50.83 82495
50.84 82510
50.85 82520
50.86 82540
50.87 82555
50.88 82561
50.89 82568
50.90 82586
50.91 82605
50.92 82626
50.93 82654
50.94 82669
50.95 82696
50.96 82709
50.97 82727
50.98 82733
50.99 82737
51.00 82744
51.01 82746
51.02 82754
51.03 82758
51.04 82766
51.05 82783
51.06 82808
51.07 82828
51.08 82853
51.09 82876
51.10 82902
51.11 82930
51.12 82957
51.13 82975
51.14 82993
51.15 83020
51.16 83051
51.17 83071
51.18 83097
51.19 83124
51.20 83150
51.21 83174
51.22 83198
51.23 83225
51.24 83246
51.25 83268
51.26 83283
51.27 83306
51.28 83326
51.29 83349
51.30 83368
51.31 83396
51.32 83422
51.33 83438
51.34 83455
51.35 83477
51.36 83490
51.37 83512
51.38 83516
51.39 83518
51.40 83522
51.41 83528
51.42 83530
51.43 83535
51.44 83537
51.45 83539
51.46 83544
51.47 83549
51.48 83554
51.49 83559
51.50 83566
51.51 83571
51.52 83577
51.53 83584
51.54 83598
51.55 83632
51.56 83657
51.57 83689
51.58 83706
51.59 83710
51.60 83717
51.61 83744
51.62 83774
51.63 83803
51.64 83818
51.65 83833
51.66 83845
51.67 83857
51.68 83868
51.70 83892
51.71 83914
51.72 83930
51.73 83948
51.74 83973
51.75 83992
51.76 83996
51.77 83996
51.78 83996
51.79 84008
51.80 84031
51.81 84054
51.82 84073
51.83 84095
51.84 84114
51.85 84141
51.86 84164
51.87 84180
51.88 84202
51.89 84218
51.90 84234
51.91 84257
51.92 84275
51.93 84297
51.94 84322
51.95 84348
51.96 84366
51.97 84391
51.98 84416
51.99 84438
52.00 84457
52.01 84473
52.02 84491
52.03 84510
52.04 84533
52.05 84557
52.06 84569
52.07 84595
52.08 84618
52.09 84644
52.10 84668
52.11 84692
52.12 84714
52.13 84732
52.14 84757
52.15 84777
52.16 84800
52.17 84820
52.18 84841
52.19 84864
52.20 84884
52.21 84905
52.22 84923
52.23 84942
52.24 84962
52.25 84985
52.26 85003
52.27 85031
52.28 85056
52.29 85081
52.30 85103
52.31 85126
52.32 85151
52.33 85171
52.34 85191
52.35 85214
52.36 85234
52.37 85259
52.38 85287
52.39 85306
52.40 85329
52.41 85352
52.42 85374
52.43 85392
52.44 85414
52.45 85434
52.46 85453
52.47 85477
52.48 85491
52.49 85519
52.50 85541
52.51 85567
52.52 85587
52.53 85607
52.54 85630
52.55 85653
52.56 85674
52.57 85695
52.58 85719
52.59 85739
52.60 85766
52.61 85785
52.62 85811
52.63 85832
52.64 85852
52.65 85875
52.66 85892
52.68 85918
52.69 85939
52.70 85958
52.71 85990
52.72 86019
52.73 86044
52.74 86061
52.75 86082
52.76 86100
52.77 86124
52.78 86143
52.79 86165
52.80 86186
52.81 86198
52.82 86210
52.83 86226
52.84 86243
52.85 86262
52.86 86282
52.87 86306
52.88 86330
52.89 86350
52.90 86373
52.91 86398
52.92 86415
52.93 86439
52.94 86462
52.95 86483
52.96 86503
52.97 86528
52.98 86549
52.99 86572
53.00 86594
53.01 86621
53.02 86639
53.03 86661
53.04 86677
53.05 86694
53.06 86723
53.07 86741
53.08 86767
53.09 86790
53.10 86815
53.11 86837
53.12 86863
53.13 86888
53.14 86910
53.15 86935
53.16 86957
53.17 86973
53.18 86986
53.19 87001
53.20 87020
53.21 87039
53.22 87053
53.23 87080
53.24 87101
53.25 87119
53.26 87140
53.27 87164
53.28 87190
53.29 87211
53.30 87231
53.31 87256
53.32 87279
53.33 87299
53.34 87327
53.35 87355
53.36 87365
53.37 87372
53.38 87376
53.39 87386
53.40 87391
53.41 87398
53.42 87402
53.43 87413
53.44 87428
53.45 87441
53.46 87458
53.47 87470
53.48 87480
53.49 87490
53.50 87501
53.51 87511
53.52 87522
53.53 87541
53.54 87554
53.55 87560
53.56 87577
53.57 87593
53.58 87613
53.59 87631
53.60 87658
53.61 87679
53.62 87697
53.63 87719
53.64 87742
53.66 87762
53.67 87785
53.68 87808
53.69 87835
53.70 87856
53.71 87880
53.72 87903
53.73 87923
53.74 87939
53.75 87959
53.76 87980
53.77 88000
53.78 88025
53.79 88042
53.80 88054
53.81 88072
53.82 88094
53.83 88111
53.84 88134
53.85 88158
53.86 88184
53.87 88205
53.88 88229
53.89 88249
53.90 88264
53.91 88286
53.92 88312
53.93 88331
53.94 88356
53.95 88372
53.96 88390
53.97 88410
53.98 88435
53.99 88454
54.00 88470
54.01 88493
54.02 88516
54.03 88543
54.04 88567
54.05 88591
54.06 88609
54.07 88622
54.08 88639
54.09 88665
54.10 88687
54.11 88708
54.12 88728
54.13 88748
54.14 88771
54.15 88784
54.16 88807
54.17 88830
54.18 88846
54.19 88870
54.20 88892
54.21 88919
54.22 88937
54.23 88952
54.24 88976
54.25 88997
54.26 89021
54.27 89044
54.28 89060
54.29 89081
54.30 89105
54.31 89131
54.32 89152
54.33 89174
54.34 89198
54.35 89221
54.36 89245
54.37 89265
54.38 89288
54.39 89305
54.40 89326
54.41 89344
54.42 89371
54.43 89389
54.44 89412
54.45 89438
54.46 89456
54.47 89467
54.48 89490
54.49 89512
54.50 89540
54.51 89564
54.52 89584
54.53 89606
54.54 89625
54.55 89641
54.56 89658
54.57 89676
54.58 89693
54.59 89717
54.60 89740
54.61 89761
54.62 89782
54.63 89796
54.65 89806
54.66 89825
54.67 89849
54.68 89869
54.69 89891
54.70 89913
54.71 89936
54.72 89958
54.73 89977
54.74 89993
54.75 90015
54.76 90034
54.77 90057
54.78 90065
54.79 90091
54.80 90110
54.81 90135
54.82 90150
54.83 90172
54.84 90189
54.85 90212
54.86 90230
54.87 90251
54.88 90274
54.89 90293
54.90 90315
54.91 90338
54.92 90354
54.93 90373
54.94 90392
54.95 90413
54.96 90432
54.97 90450
54.98 90472
54.99 90496
55.00 90521
55.01 90536
55.02 90551
55.03 90568
55.04 90589
55.05 90610
55.06 90626
55.07 90647
55.08 90668
55.09 90694
55.10 90718
55.11 90735
55.12 90756
55.13 90765
55.14 90781
55.15 90803
55.16 90825
55.17 90842
55.18 90857
55.19 90884
55.20 90907
55.21 90927
55.22 90950
55.23 90976
55.24 90994
55.25 91009
55.26 91025
55.27 91048
55.28 91064
55.29 91084
55.30 91096
55.31 91120
55.32 91138
55.33 91158
55.34 91177
55.35 91205
55.36 91224
55.37 91248
55.38 91270
55.39 91293
55.40 91310
55.41 91330
55.42 91351
55.43 91372
55.44 91392
55.45 91413
55.46 91436
55.47 91450
55.48 91466
55.49 91484
55.50 91508
55.51 91526
55.52 91549
55.53 91569
55.54 91585
55.55 91602
55.56 91621
55.57 91643
55.58 91662
55.59 91677
55.60 91691
55.61 91713
55.63 91736
55.64 91751
55.65 91773
55.66 91794
55.67 91816
55.68 91841
55.69 91862
55.70 91887
55.71 91910
55.72 91930
55.73 91951
55.74 91970
55.75 91987
55.76 92004
55.77 92026
55.78 92051
55.79 92074
55.80 92100
55.81 92127
55.82 92150
55.83 92172
55.84 92192
55.85 92216
55.86 92243
55.87 92263
55.88 92277
55.89 92297
55.90 92316
55.91 92342
55.92 92367
55.93 92390
55.94 92413
55.95 92429
55.96 92444
55.97 92462
55.98 92486
55.99 92509
56.00 92529
56.01 92539
56.02 92560
56.03 92582
56.04 92602
56.05 92627
56.06 92647
56.07 92664
56.08 92689
56.09 92709
56.10 92730
56.11 92756
56.12 92772
56.13 92795
56.14 92810
56.15 92827
56.16 92847
56.17 92866
56.18 92886
56.19 92901
56.20 92919
56.21 92934
56.22 92952
56.23 92975
56.24 92993
56.25 93004
56.26 93023
56.27 93039
56.28 93059
56.29 93082
56.30 93107
56.31 93124
56.32 93144
56.33 93152
56.34 93169
56.35 93184
56.36 93201
56.37 93225
56.38 93240
56.39 93258
56.40 93274
56.41 93293
56.42 93314
56.43 93318
56.44 93346
56.45 93367
56.46 93383
56.47 93404
56.48 93428
56.49 93447
56.50 93465
56.51 93483
56.52 93497
56.53 93514
56.54 93530
56.55 93547
56.56 93571
56.57 93594
56.58 93615
56.59 93633
56.60 93655
56.62 93680
56.63 93699
56.64 93717
56.65 93739
56.66 93755
56.67 93779
56.68 93805
56.69 93824
56.70 93845
56.71 93862
56.72 93884
56.73 93910
56.74 93937
56.75 93953
56.76 93970
56.77 93985
56.78 94008
56.79 94028
56.80 94047
56.81 94072
56.82 94096
56.83 94121
56.84 94145
56.85 94170
56.86 94186
56.87 94207
56.88 94226
56.89 94250
56.90 94265
56.91 94291
56.92 94313
56.93 94329
56.94 94345
56.95 94360
56.96 94375
56.97 94395
56.98 94413
56.99 94432
57.00 94447
57.01 94465
57.02 94475
57.03 94486
57.04 94502
57.05 94519
57.06 94539
57.07 94557
57.08 94573
57.09 94594
57.10 94614
57.11 94633
57.12 94658
57.13 94680
57.14 94697
57.15 94712
57.16 94736
57.17 94761
57.18 94784
57.19 94807
57.20 94832
57.21 94854
57.22 94878
57.23 94901
57.24 94922
57.25 94943
57.26 94962
57.27 94988
57.28 95008
57.29 95031
57.30 95053
57.31 95083
57.32 95100
57.33 95125
57.34 95148
57.35 95160
57.36 95181
57.37 95200
57.38 95215
57.39 95235
57.40 95260
57.41 95277
57.42 95302
57.43 95325
57.44 95348
57.45 95368
57.46 95383
57.47 95398
57.48 95413
57.49 95430
57.50 95450
57.51 95469
57.52 95491
57.53 95507
57.54 95522
57.55 95544
57.56 95560
57.57 95581
57.58 95601
57.60 95622
57.61 95642
57.62 95663
57.63 95686
57.64 95700
57.65 95721
57.66 95743
57.67 95760
57.68 95769
57.69 95777
57.70 95789
57.71 95805
57.72 95817
57.73 95832
57.74 95850
57.75 95872
57.76 95890
57.77 95909
57.78 95932
57.79 95951
57.80 95972
57.81 95996
57.82 96023
57.83 96042
57.84 96061
57.85 96077
57.86 96095
57.87 96113
57.88 96133
57.89 96153
57.90 96172
57.91 96188
57.92 96204
57.93 96227
57.94 96242
57.95 96254
57.96 96269
57.97 96289
57.98 96307
57.99 96323
58.00 96344
58.01 96365
58.02 96385
58.03 96399
58.04 96420
58.05 96436
58.06 96442
58.07 96459
58.08 96481
58.09 96506
58.10 96527
58.11 96541
58.12 96564
58.13 96584
58.14 96612
58.15 96634
58.16 96651
58.17 96674
58.18 96685
58.19 96700
58.20 96721
58.21 96740
58.22 96760
58.23 96780
58.24 96795
58.25 96806
58.26 96824
58.27 96842
58.28 96863
58.29 96874
58.30 96895
58.31 96912
58.32 96932
58.33 96948
58.34 96965
58.35 96988
58.36 97008
58.37 97024
58.38 97040
58.39 97055
58.40 97068
58.41 97083
58.42 97096
58.43 97110
58.44 97125
58.45 97140
58.46 97156
58.47 97173
58.48 97179
58.49 97194
58.50 97209
58.51 97224
58.52 97241
58.53 97253
58.54 97272
58.55 97293
58.56 97318
58.57 97333
58.59 97347
58.60 97356
58.61 97375
58.62 97393
58.63 97422
58.64 97438
58.65 97450
58.66 97463
58.67 97477
58.68 97502
58.69 97522
58.70 97545
58.71 97559
58.72 97574
58.73 97582
58.74 97588
58.75 97595
58.76 97613
58.77 97629
58.78 97633
58.79 97643
58.80 97653
58.81 97663
58.82 97679
58.83 97695
58.84 97719
58.85 97740
58.86 97764
58.87 97791
58.88 97816
58.89 97841
58.90 97864
58.91 97882
58.92 97900
58.93 97922
58.94 97938
58.95 97954
58.96 97972
58.97 97984
58.98 98004
58.99 98016
59.00 98033
59.01 98055
59.02 98071
59.03 98094
59.04 98116
59.05 98142
59.06 98166
59.07 98186
59.08 98209
59.09 98231
59.10 98250
59.11 98276
59.12 98298
59.13 98316
59.14 98339
59.15 98355
59.16 98372
59.17 98390
59.18 98408
59.19 98432
59.20 98456
59.21 98481
59.22 98505
59.23 98525
59.24 98541
59.25 98561
59.26 98585
59.27 98604
59.28 98632
59.29 98653
59.30 98670
59.31 98685
59.32 98709
59.33 98728
59.34 98748
59.35 98772
59.36 98799
59.37 98815
59.38 98832
59.39 98842
59.40 98863
59.41 98880
59.42 98894
59.43 98907
59.44 98929
59.45 98945
59.46 98961
59.47 98981
59.48 98985
59.49 99002
59.50 99021
59.51 99044
59.52 99071
59.53 99088
59.54 99106
59.55 99124
59.57 99141
59.58 99157
59.59 99179
59.60 99196
59.61 99214
59.62 99236
59.63 99256
59.64 99284
59.65 99306
59.66 99320
59.67 99338
59.68 99359
59.69 99382
59.70 99408
59.71 99433
59.72 99457
59.73 99474
59.74 99494
59.75 99515
59.76 99535
59.77 99547
59.78 99571
59.79 99588
59.80 99610
59.81 99624
59.82 99645
59.83 99665
59.84 99679
59.85 99687
59.86 99704
59.87 99716
59.88 99734
59.89 99762
59.90 99783
59.91 99802
59.92 99821
59.93 99835
59.94 99860
59.95 99885
59.96 99909
59.97 99926
59.98 99947
59.99 99963
60.00 99987
60.01 100004
60.02 100027
60.03 100046
60.04 100055
60.05 100067
60.06 100085
60.07 100102
60.08 100123
60.09 100133
60.10 100142
60.11 100150
60.12 100162
60.13 100174
60.14 100187
60.15 100205
60.16 100225
60.17 100247
60.18 100264
60.19 100280
60.20 100296
60.21 100321
60.22 100336
60.23 100362
60.24 100379
60.25 100391
60.26 100422
60.27 100445
60.28 100464
60.29 100488
60.30 100509
60.31 100522
60.32 100540
60.33 100552
60.34 100557
60.35 100563
60.36 100569
60.37 100575
60.38 100581
60.39 100601
60.40 100603
60.41 100605
60.42 100611
60.43 100618
60.44 100635
60.45 100643
60.46 100657
60.47 100664
60.48 100679
60.49 100689
60.50 100706
60.51 100725
60.52 100741
60.53 100752
60.54 100760
60.56 100769
60.57 100776
60.58 100784
60.59 100792
60.60 100798
60.61 100812
60.62 100820
60.63 100837
60.64 100848
60.65 100858
60.66 100877
60.67 100896
60.68 100918
60.69 100935
60.70 100949
60.71 100966
60.72 100977
60.73 100989
60.74 100993
60.75 101000
60.76 101010
60.77 101017
60.78 101029
60.79 101050
60.80 101065
60.81 101087
60.82 101103
60.83 101116
60.84 101135
60.85 101154
60.86 101170
60.87 101185
60.88 101208
60.89 101231
60.90 101257
60.91 101270
60.92 101282
60.93 101289
60.94 101292
60.95 101298
60.96 101307
60.97 101314
60.98 101330
60.99 101346
61.00 101364
61.01 101379
61.02 101391
61.03 101410
61.04 101428
61.05 101447
61.06 101459
61.07 101468
61.08 101488
61.09 101507
61.10 101534
61.11 101556
61.12 101576
61.13 101594
61.14 101606
61.15 101626
61.16 101645
61.17 101656
61.18 101675
61.19 101698
61.20 101719
61.21 101745
61.22 101771
61.23 101798
61.24 101813
61.25 101834
61.26 101852
61.27 101873
61.28 101895
61.29 101921
61.30 101940
61.31 101960
61.32 101975
61.33 101982
61.34 101990
61.35 102001
61.36 102015
61.37 102024
61.38 102030
61.39 102037
61.40 102044
61.41 102056
61.42 102082
61.43 102090
61.44 102109
61.45 102126
61.46 102144
61.47 102166
61.48 102187
61.49 102209
61.50 102225
61.51 102247
61.52 102265
61.54 102276
61.55 102282
61.56 102289
61.57 102305
61.58 102314
61.59 102322
61.60 102323
61.61 102326
61.62 102327
61.63 102337
61.64 102339
61.65 102343
61.66 102344
61.67 102356
61.68 102379
61.69 102394
61.70 102405
61.71 102421
61.72 102445
61.73 102457
61.74 102478
61.75 102498
61.76 102515
61.77 102525
61.78 102528
61.79 102533
61.80 102540
61.81 102552
61.82 102567
61.83 102587
61.84 102603
61.85 102616
61.86 102635
61.87 102659
61.88 102675
61.89 102696
61.90 102709
61.91 102728
61.92 102749
61.93 102770
61.94 102790
61.95 102810
61.96 102832
61.97 102852
61.98 102875
61.99 102897
62.00 102923
62.01 102943
62.02 102958
62.03 102978
62.04 102999
62.05 103025
62.06 103043
62.07 103061
62.08 103079
62.09 103100
62.10 103123
62.11 103139
62.12 103155
62.13 103176
62.14 103192
62.15 103207
62.16 103219
62.17 103232
62.18 103232
62.19 103239
62.20 103241
62.21 103249
62.22 103269
62.23 103287
62.24 103300
62.25 103323
62.26 103344
62.27 103355
62.28 103376
62.29 103393
62.30 103421
62.31 103439
62.32 103460
62.33 103473
62.34 103489
62.35 103502
62.36 103513
62.37 103530
62.38 103533
62.39 103539
62.40 103544
62.41 103546
62.42 103556
62.43 103561
62.44 103570
62.45 103582
62.46 103593
62.47 103603
62.48 103619
62.49 103646
62.50 103673
62.52 103688
62.53 103691
62.54 103696
62.55 103699
62.56 103701
62.57 103704
62.58 103712
62.59 103723
62.60 103731
62.61 103731
62.62 103731
62.63 103731
62.64 103732
62.65 103732
62.66 103732
62.67 103736
62.68 103747
62.69 103748
62.70 103751
62.71 103761
62.72 103762
62.73 103763
62.74 103774
62.75 103775
62.76 103776
62.77 103790
62.78 103798
62.79 103800
62.80 103806
62.81 103813
62.82 103814
62.83 103819
62.84 103840
62.85 103842
62.86 103842
62.87 103853
62.88 103860
62.89 103861
62.90 103865
62.91 103870
62.92 103870
62.93 103876
62.94 103888
62.95 103889
62.96 103891
62.97 103893
62.98 103895
62.99 103899
63.00 103915
63.01 103921
63.02 103921
63.03 103930
63.04 103938
63.05 103939
63.06 103945
63.07 103949
63.08 103949
63.09 103952
63.10 103961
63.11 103961
63.12 103970
63.13 103975
63.14 103976
63.15 103979
63.16 103990
63.17 103992
63.18 103997
63.19 104007
63.20 104008
63.21 104012
63.22 104021
63.23 104022
63.24 104026
63.25 104032
63.26 104034
63.27 104038
63.28 104051
63.29 104057
63.30 104058
63.31 104065
63.32 104070
63.33 104071
63.34 104078
63.35 104087
63.36 104089
63.37 104091
63.38 104099
63.39 104099
63.40 104100
63.41 104100
63.42 104101
63.43 104102
63.44 104102
63.45 104103
63.46 104103
63.47 104104
63.48 104107
63.49 104110
63.51 104110
63.52 104113
63.53 104122
63.54 104138
63.55 104161
63.56 104184
63.57 104206
63.58 104224
63.59 104224
63.60 104224
63.61 104224
63.62 104225
63.63 104225
63.64 104225
63.65 104225
63.66 104236
63.67 104242
63.68 104243
63.69 104245
63.70 104247
63.71 104249
63.72 104251
63.73 104257
63.74 104257
63.75 104268
63.76 104281
63.77 104282
63.78 104289
63.79 104302
63.80 104304
63.81 104304
63.82 104315
63.83 104317
63.84 104317
63.85 104335
63.86 104338
63.87 104339
63.88 104349
63.89 104353
63.90 104354
63.91 104359
63.92 104367
63.93 104368
63.94 104383
63.95 104388
63.96 104389
63.97 104396
63.98 104404
63.99 104406
64.00 104407
64.01 104422
64.02 104423
64.03 104424
64.04 104428
64.05 104430
64.06 104430
64.07 104439
64.08 104448
64.09 104450
64.10 104454
64.11 104457
64.12 104458
64.13 104470
64.14 104489
64.15 104491
64.16 104491
64.17 104502
64.18 104504
64.19 104504
64.20 104517
64.21 104519
64.22 104520
64.23 104528
64.24 104530
64.25 104531
64.26 104540
64.27 104550
64.28 104552
64.29 104553
64.30 104561
64.31 104561
64.32 104561
64.33 104570
64.34 104570
64.35 104571
64.36 104571
64.37 104575
64.38 104580
64.39 104581
64.40 104583
64.41 104587
64.42 104593
64.43 104599
64.44 104614
64.45 104631
64.46 104647
64.47 104662
64.49 104684
64.50 104716
64.51 104738
64.52 104751
64.53 104765
64.54 104786
64.55 104805
64.56 104827
64.57 104842
64.58 104848
64.59 104850
64.60 104855
64.61 104865
64.62 104869
64.63 104870
64.64 104876
64.65 104891
64.66 104900
64.67 104900
64.68 104900
64.69 104901
64.70 104901
64.71 104901
64.72 104901
64.73 104901
64.74 104909
64.75 104911
64.76 104914
64.77 104925
64.78 104926
64.79 104928
64.80 104940
64.81 104941
64.82 104941
64.83 104959
64.84 104961
64.85 104961
64.86 104970
64.87 104975
64.88 104976
64.89 104980
64.90 104994
64.91 104996
64.92 104997
64.93 105001
64.94 105003
64.95 105010
64.96 105015
64.97 105016
64.98 105020
64.99 105029
65.00 105031
65.01 105035
65.02 105047
65.03 105049
65.04 105049
65.05 105065
65.06 105073
65.07 105073
65.08 105086
65.09 105100
65.10 105110
65.11 105111
65.12 105113
65.13 105117
65.14 105119
65.15 105123
65.16 105135
65.17 105136
65.18 105144
65.19 105152
65.20 105154
65.21 105161
65.22 105169
65.23 105170
65.24 105174
65.25 105187
65.26 105188
65.27 105189
65.28 105198
65.29 105199
65.30 105200
65.31 105208
65.32 105210
65.33 105211
65.34 105218
65.35 105218
65.36 105218
65.37 105218
65.38 105230
65.39 105253
65.40 105279
65.41 105303
65.42 105322
65.43 105339
65.44 105340
65.45 105340
65.46 105340
65.48 105341
65.49 105341
65.50 105344
65.51 105349
65.52 105356
65.53 105358
65.54 105361
65.55 105362
65.56 105364
65.57 105366
65.58 105367
65.59 105371
65.60 105374
65.61 105378
65.62 105382
65.63 105390
65.64 105394
65.65 105401
65.66 105404
65.67 105414
65.68 105417
65.69 105426
65.70 105434
65.71 105444
65.72 105466
65.73 105496
65.74 105522
65.75 105551
65.76 105568
65.77 105586
65.78 105613
65.79 105639
65.80 105642
65.81 105648
65.82 105653
65.83 105676
65.84 105692
65.85 105717
65.86 105734
65.87 105737
65.88 105741
65.89 105747
65.90 105754
65.91 105756
65.92 105763
65.93 105768
65.94 105774
65.95 105798
65.96 105815
65.97 105819
65.98 105826
65.99 105831
66.00 105836
66.01 105859
66.02 105883
66.03 105907
66.04 105912
66.05 105916
66.06 105923
66.07 105928
66.08 105944
66.09 105958
66.10 105971
66.11 105987
66.12 106005
66.13 106028
66.14 106048
66.15 106067
66.16 106092
66.17 106116
66.18 106137
66.19 106159
66.20 106181
66.21 106189
66.22 106196
66.23 106205
66.24 106213
66.25 106217
66.26 106228
66.27 106242
66.28 106265
66.29 106284
66.30 106307
66.31 106335
66.32 106360
66.33 106378
66.34 106404
66.35 106424
66.36 106442
66.37 106462
66.38 106481
66.39 106508
66.40 106532
66.41 106552
66.42 106575
66.43 106604
66.44 106625
66.46 106649
66.47 106677
66.48 106696
66.49 106720
66.50 106741
66.51 106765
66.52 106796
66.53 106821
66.54 106845
66.55 106873
66.56 106894
66.57 106921
66.58 106945
66.59 106960
66.60 106985
66.61 107010
66.62 107028
66.63 107055
66.64 107081
66.65 107100
66.66 107121
66.67 107139
66.68 107152
66.69 107176
66.70 107206
66.71 107229
66.72 107254
66.73 107266
66.74 107287
66.75 107314
66.76 107341
66.77 107364
66.78 107380
66.79 107402
66.80 107420
66.81 107435
66.82 107450
66.83 107466
66.84 107483
66.85 107500
66.86 107526
66.87 107539
66.88 107552
66.89 107569
66.90 107574
66.91 107588
66.92 107597
66.93 107603
66.94 107606
66.95 107616
66.96 107634
66.97 107658
66.98 107677
66.99 107703
67.00 107720
67.01 107736
67.02 107756
67.03 107780
67.04 107796
67.05 107823
67.06 107842
67.07 107861
67.08 107872
67.09 107887
67.10 107892
67.11 107896
67.12 107902
67.13 107905
67.14 107921
67.15 107950
67.16 107972
67.17 107979
67.18 107983
67.19 107991
67.20 107999
67.21 108013
67.22 108035
67.23 108060
67.24 108081
67.25 108097
67.26 108106
67.27 108107
67.28 108115
67.29 108120
67.30 108143
67.31 108150
67.32 108156
67.33 108161
67.34 108172
67.35 108179
67.36 108203
67.37 108232
67.38 108256
67.39 108279
67.40 108298
67.41 108317
67.42 108336
67.43 108358
67.45 108377
67.46 108397
67.47 108424
67.48 108442
67.49 108470
67.50 108492
67.51 108514
67.52 108535
67.53 108554
67.54 108570
67.55 108596
67.56 108617
67.57 108647
67.58 108670
67.59 108693
67.60 108715
67.61 108733
67.62 108748
67.63 108758
67.64 108771
67.65 108781
67.66 108789
67.67 108794
67.68 108807
67.69 108821
67.70 108837
67.71 108851
67.72 108868
67.73 108879
67.74 108897
67.75 108917
67.76 108936
67.77 108954
67.78 108971
67.79 108980
67.80 108984
67.81 108988
67.82 109002
67.83 109007
67.84 109012
67.85 109015
67.86 109020
67.87 109024
67.88 109027
67.89 109030
67.90 109035
67.91 109038
67.92 109042
67.93 109047
67.94 109056
67.95 109059
67.96 109063
67.97 109069
67.98 109079
67.99 109084
68.00 109092
68.01 109102
68.02 109118
68.03 109138
68.04 109155
68.05 109174
68.06 109192
68.07 109215
68.08 109237
68.09 109261
68.10 109282
68.11 109302
68.12 109320
68.13 109336
68.14 109350
68.15 109374
68.16 109397
68.17 109424
68.18 109446
68.19 109471
68.20 109489
68.21 109510
68.22 109535
68.23 109553
68.24 109577
68.25 109595
68.26 109615
68.27 109633
68.28 109648
68.29 109670
68.30 109692
68.31 109712
68.32 109733
68.33 109755
68.34 109777
68.35 109795
68.36 109819
68.37 109849
68.38 109877
68.39 109904
68.40 109925
68.41 109943
68.43 109969
68.44 109994
68.45 110013
68.46 110030
68.47 110050
68.48 110067
68.49 110087
68.50 110105
68.51 110127
68.52 110153
68.53 110176
68.54 110193
68.55 110205
68.56 110223
68.57 110232
68.58 110250
68.59 110267
68.60 110271
68.61 110277
68.62 110284
68.63 110286
68.64 110311
68.65 110331
68.66 110353
68.67 110380
68.68 110403
68.69 110422
68.70 110445
68.71 110466
68.72 110489
68.73 110511
68.74 110538
68.75 110561
68.76 110584
68.77 110607
68.78 110630
68.79 110646
68.80 110668
68.81 110690
68.82 110716
68.83 110739
68.84 110764
68.85 110785
68.86 110804
68.87 110828
68.88 110851
68.89 110875
68.90 110898
68.91 110920
68.92 110942
68.93 110966
68.94 110988
68.95 111010
68.96 111033
68.97 111061
68.98 111088
68.99 111108
69.00 111128
69.01 111149
69.02 111172
69.03 111194
69.04 111217
69.05 111234
69.06 111261
69.07 111283
69.08 111298
69.09 111318
69.10 111343
69.11 111369
69.12 111395
69.13 111423
69.14 111449
69.15 111473
69.16 111496
69.17 111524
69.18 111538
69.19 111564
69.20 111585
69.21 111608
69.22 111628
69.23 111654
69.24 111679
69.25 111699
69.26 111724
69.27 111749
69.28 111773
69.29 111793
69.30 111814
69.31 111835
69.32 111855
69.33 111874
69.34 111892
69.35 111914
69.36 111934
69.37 111956
69.38 111976
69.39 112002
69.40 112019
69.42 112044
69.43 112065
69.44 112089
69.45 112112
69.46 112131
69.47 112158
69.48 112181
69.49 112204
69.50 112224
69.51 112255
69.52 112279
69.53 112304
69.54 112333
69.55 112363
69.56 112394
69.57 112415
69.58 112439
69.59 112461
69.60 112482
69.61 112503
69.62 112528
69.63 112553
69.64 112571
69.65 112586
69.66 112605
69.67 112625
69.68 112650
69.69 112670
69.70 112685
69.71 112706
69.72 112731
69.73 112757
69.74 112774
69.75 112791
69.76 112815
69.77 112830
69.78 112854
69.79 112871
69.80 112891
69.81 112916
69.82 112936
69.83 112965
69.84 112980
69.85 113000
69.86 113015
69.87 113037
69.88 113063
69.89 113081
69.90 113102
69.91 113114
69.92 113131
69.93 113155
69.94 113174
69.95 113178
69.96 113182
69.97 113192
69.98 113198
69.99 113202
70.00 113212
70.01 113216
70.02 113224
70.03 113239
70.04 113260
70.05 113287
70.06 113307
70.07 113333
70.08 113353
70.09 113372
70.10 113389
70.11 113407
70.12 113428
70.13 113447
70.14 113469
70.15 113489
70.16 113499
70.17 113519
70.18 113541
70.19 113566
70.20 113588
70.21 113606
70.22 113625
70.23 113640
70.24 113660
70.25 113681
70.26 113701
70.27 113722
70.28 113743
70.29 113761
70.30 113784
70.31 113811
70.32 113834
70.33 113851
70.34 113878
70.35 113898
70.36 113920
70.37 113945
70.38 113971
70.40 113991
70.41 114009
70.42 114036
70.43 114060
70.44 114079
70.45 114104
70.46 114125
70.47 114144
70.48 114169
70.49 114186
70.50 114205
70.51 114228
70.52 114247
70.53 114270
70.54 114295
70.55 114319
70.56 114344
70.57 114363
70.58 114385
70.59 114401
70.60 114418
70.61 114436
70.62 114460
70.63 114482
70.64 114494
70.65 114511
70.66 114520
70.67 114537
70.68 114557
70.69 114569
70.70 114579
70.71 114583
70.72 114592
70.73 114599
70.74 114603
70.75 114611
70.76 114619
70.77 114629
70.78 114658
70.79 114676
70.80 114695
70.81 114721
70.82 114745
70.83 114766
70.84 114796
70.85 114817
70.86 114837
70.87 114859
70.88 114881
70.89 114904
70.90 114930
70.91 114945
70.92 114967
70.93 114981
70.94 115005
70.95 115023
70.96 115038
70.97 115060
70.98 115084
70.99 115110
71.00 115133
71.01 115157
71.02 115178
71.03 115197
71.04 115222
71.05 115243
71.06 115268
71.07 115282
71.08 115307
71.09 115324
71.10 115348
71.11 115352
71.12 115368
71.13 115382
71.14 115386
71.15 115393
71.16 115401
71.17 115413
71.18 115431
71.19 115452
71.20 115469
71.21 115490
71.22 115502
71.23 115525
71.24 115549
71.25 115572
71.26 115594
71.27 115618
71.28 115637
71.29 115659
71.30 115674
71.31 115688
71.32 115707
71.33 115729
71.34 115750
71.35 115771
71.36 115794
71.37 115816
71.39 115836
71.40 115858
71.41 115877
71.42 115901
71.43 115928
71.44 115953
71.45 115971
71.46 115994
71.47 116010
71.48 116027
71.49 116054
71.50 116083
71.51 116113
71.52 116139
71.53 116161
71.54 116184
71.55 116209
71.56 116233
71.57 116252
71.58 116278
71.59 116300
71.60 116327
71.61 116357
71.62 116383
71.63 116403
71.64 116429
71.65 116450
71.66 116470
71.67 116489
71.68 116515
71.69 116540
71.70 116569
71.71 116594
71.72 116613
71.73 116634
71.74 116660
71.75 116673
71.76 116691
71.77 116706
71.78 116733
71.79 116751
71.80 116774
71.81 116780
71.82 116787
71.83 116793
71.84 116797
71.85 116808
71.86 116825
71.87 116840
71.88 116860
71.89 116879
71.90 116907
71.91 116934
71.92 116947
71.93 116949
71.94 116958
71.95 116963
71.96 116969
71.97 116981
71.98 116999
71.99 117018
72.00 117044
72.01 117068
72.02 117092
72.03 117109
72.04 117128
72.05 117150
72.06 117173
72.07 117200
72.08 117227
72.09 117248
72.10 117270
72.11 117296
72.12 117322
72.13 117344
72.14 117356
72.15 117373
72.16 117382
72.17 117399
72.18 117423
72.19 117452
72.20 117467
72.21 117485
72.22 117505
72.23 117512
72.24 117527
72.25 117544
72.26 117555
72.27 117558
72.28 117567
72.29 117571
72.30 117584
72.31 117598
72.32 117619
72.33 117644
72.34 117653
72.35 117669
72.37 117680
72.38 117694
72.39 117708
72.40 117724
72.41 117741
72.42 117754
72.43 117767
72.44 117786
72.45 117802
72.46 117818
72.47 117838
72.48 117856
72.49 117873
72.50 117887
72.51 117901
72.52 117919
72.53 117931
72.54 117938
72.55 117946
72.56 117949
72.57 117952
72.58 117960
72.59 117962
72.60 117967
72.61 117972
72.62 117980
72.63 117992
72.64 118015
72.65 118036
72.66 118064
72.67 118094
72.68 118121
72.69 118147
72.70 118161
72.71 118181
72.72 118200
72.73 118226
72.74 118242
72.75 118259
72.76 118279
72.77 118289
72.78 118296
72.79 118305
72.80 118311
72.81 118318
72.82 118325
72.83 118331
72.84 118340
72.85 118342
72.86 118348
72.87 118350
72.88 118355
72.89 118376
72.90 118389
72.91 118412
72.92 118429
72.93 118447
72.94 118471
72.95 118493
72.96 118510
72.97 118531
72.98 118548
72.99 118571
73.00 118590
73.01 118614
73.02 118627
73.03 118644
73.04 118662
73.05 118683
73.06 118706
73.07 118721
73.08 118743
73.09 118764
73.10 118777
73.11 118797
73.12 118818
73.13 118839
73.14 118857
73.15 118879
73.16 118896
73.17 118925
73.18 118950
73.19 118968
73.20 118992
73.21 119014
73.22 119030
73.23 119052
73.24 119068
73.25 119092
73.26 119112
73.27 119137
73.28 119157
73.29 119186
73.30 119208
73.31 119227
73.32 119252
73.33 119272
73.35 119297
73.36 119316
73.37 119339
73.38 119362
73.39 119383
73.40 119411
73.41 119430
73.42 119461
73.43 119482
73.44 119507
73.45 119530
73.46 119548
73.47 119572
73.48 119593
73.49 119618
73.50 119641
73.51 119659
73.52 119678
73.53 119704
73.54 119723
73.55 119749
73.56 119769
73.57 119784
73.58 119800
73.59 119820
73.60 119839
73.61 119860
73.62 119879
73.63 119897
73.64 119921
73.65 119941
73.66 119961
73.67 119987
73.68 120014
73.69 120045
73.70 120072
73.71 120097
73.72 120122
73.73 120144
73.74 120153
73.75 120167
73.76 120188
73.77 120206
73.78 120214
73.79 120223
73.80 120237
73.81 120248
73.82 120257
73.83 120262
73.84 120266
73.85 120274
73.86 120282
73.87 120306
73.88 120331
73.89 120354
73.90 120381
73.91 120406
73.92 120424
73.93 120429
73.94 120432
73.95 120439
73.96 120443
73.97 120446
73.98 120451
73.99 120456
74.00 120475
74.01 120486
74.02 120498
74.03 120520
74.04 120539
74.05 120561
74.06 120581
74.07 120600
74.08 120615
74.09 120633
74.10 120656
74.11 120678
74.12 120694
74.13 120714
74.14 120738
74.15 120755
74.16 120774
74.17 120792
74.18 120813
74.19 120833
74.20 120849
74.21 120869
74.22 120889
74.23 120899
74.24 120919
74.25 120933
74.26 120952
74.27 120973
74.28 120986
74.29 121004
74.30 121024
74.31 121041
74.32 121056
74.34 121078
74.35 121093
74.36 121109
74.37 121128
74.38 121138
74.39 121160
74.40 121167
74.41 121182
74.42 121196
74.43 121212
74.44 121231
74.45 121250
74.46 121264
74.47 121283
74.48 121303
74.49 121321
74.50 121342
74.51 121360
74.52 121381
74.53 121395
74.54 121417
74.55 121434
74.56 121452
74.57 121471
74.58 121485
74.59 121501
74.60 121518
74.61 121531
74.62 121552
74.63 121570
74.64 121584
74.65 121596
74.66 121621
74.67 121646
74.68 121666
74.69 121671
74.70 121678
74.71 121683
74.72 121690
74.73 121699
74.74 121723
74.75 121743
74.76 121775
74.77 121803
74.78 121826
74.79 121842
74.80 121856
74.81 121858
74.82 121862
74.83 121870
74.84 121875
74.85 121882
74.86 121902
74.87 121921
74.88 121941
74.89 121962
74.90 121980
74.91 122001
74.92 122020
74.93 122039
74.94 122059
74.95 122083
74.96 122100
74.97 122120
74.98 122135
74.99 122157
75.00 122173
75.01 122189
75.02 122204
75.03 122227
75.04 122248
75.05 122260
75.06 122271
75.07 122284
75.08 122298
75.09 122316
75.10 122324
75.11 122333
75.12 122351
75.13 122374
75.14 122392
75.15 122413
75.16 122427
75.17 122432
75.18 122445
75.19 122469
75.20 122494
75.21 122507
75.22 122512
75.23 122517
75.24 122525
75.25 122529
75.26 122541
75.27 122555
75.28 122577
75.29 122598
75.30 122620
75.32 122638
75.33 122657
75.34 122681
75.35 122707
75.36 122725
75.37 122744
75.38 122761
75.39 122776
75.40 122792
75.41 122808
75.42 122819
75.43 122833
75.44 122837
75.45 122844
75.46 122846
75.47 122851
75.48 122857
75.49 122859
75.50 122862
75.51 122863
75.52 122868
75.53 122869
75.54 122874
75.55 122877
75.56 122888
75.57 122891
75.58 122907
75.59 122932
75.60 122936
75.61 122941
75.62 122946
75.63 122953
75.64 122969
75.65 122989
75.66 123011
75.67 123033
75.68 123059
75.69 123081
75.70 123106
75.71 123131
75.72 123153
75.73 123173
75.74 123193
75.75 123202
75.76 123210
75.77 123223
75.78 123249
75.79 123261
75.80 123270
75.81 123275
75.82 123281
75.83 123286
75.84 123291
75.85 123302
75.86 123317
75.87 123336
75.88 123360
75.89 123381
75.90 123402
75.91 123422
75.92 123442
75.93 123459
75.94 123485
75.95 123508
75.96 123527
75.97 123544
75.98 123556
75.99 123573
76.00 123591
76.01 123605
76.02 123620
76.03 123633
76.04 123648
76.05 123654
76.06 123658
76.07 123664
76.08 123674
76.09 123680
76.10 123685
76.11 123688
76.12 123696
76.13 123704
76.14 123715
76.15 123730
76.16 123745
76.17 123763
76.18 123781
76.19 123804
76.20 123820
76.21 123840
76.22 123865
76.23 123879
76.24 123900
76.25 123917
76.26 123939
76.27 123957
76.28 123978
76.29 123997
76.31 124015
76.32 124033
76.33 124056
76.34 124075
76.35 124092
76.36 124116
76.37 124130
76.38 124151
76.39 124169
76.40 124195
76.41 124218
76.42 124238
76.43 124260
76.44 124280
76.45 124295
76.46 124317
76.47 124332
76.48 124348
76.49 124367
76.50 124381
76.51 124402
76.52 124418
76.53 124429
76.54 124446
76.55 124454
76.56 124463
76.57 124469
76.58 124478
76.59 124488
76.60 124500
76.61 124511
76.62 124520
76.63 124533
76.64 124547
76.65 124559
76.66 124567
76.67 124576
76.68 124596
76.69 124607
76.70 124613
76.71 124615
76.72 124621
76.73 124625
76.74 124631
76.75 124636
76.76 124642
76.77 124665
76.78 124681
76.79 124698
76.80 124710
76.81 124724
76.82 124736
76.83 124755
76.84 124777
76.85 124802
76.86 124825
76.87 124844
76.88 124871
76.89 124894
76.90 124911
76.91 124933
76.92 124956
76.93 124976
76.94 124994
76.95 125012
76.96 125024
76.97 125044
76.98 125065
76.99 125091
77.00 125117
77.01 125136
77.02 125149
77.03 125161
77.04 125179
77.05 125198
77.06 125208
77.07 125213
77.08 125218
77.09 125222
77.10 125227
77.11 125237
77.12 125239
77.13 125243
77.14 125248
77.15 125257
77.16 125269
77.17 125279
77.18 125289
77.19 125301
77.20 125316
77.21 125334
77.22 125353
77.23 125375
77.24 125390
77.25 125417
77.26 125432
77.27 125446
77.29 125463
77.30 125472
77.31 125481
77.32 125484
77.33 125490
77.34 125496
77.35 125526
77.36 125538
77.37 125542
77.38 125546
77.39 125546
77.40 125547
77.41 125554
77.42 125565
77.43 125575
77.44 125584
77.45 125594
77.46 125607
77.47 125618
77.48 125633
77.49 125642
77.50 125657
77.51 125669
77.52 125680
77.53 125700
77.54 125721
77.55 125738
77.56 125751
77.57 125756
77.58 125774
77.59 125785
77.60 125798
77.61 125803
77.62 125807
77.63 125810
77.64 125815
77.65 125818
77.66 125824
77.67 125827
77.68 125849
77.69 125861
77.70 125865
77.71 125869
77.72 125887
77.73 125896
77.74 125913
77.75 125928
77.76 125941
77.77 125956
77.78 125968
77.79 125982
77.80 126007
77.81 126031
77.82 126044
77.83 126049
77.84 126058
77.85 126062
77.86 126073
77.87 126080
77.88 126083
77.89 126089
77.90 126092
77.91 126093
77.92 126093
77.93 126101
77.94 126111
77.95 126115
77.96 126126
77.97 126131
77.98 126139
77.99 126151
78.00 126162
78.01 126175
78.02 126181
78.03 126187
78.04 126192
78.05 126196
78.06 126200
78.07 126202
78.08 126210
78.09 126219
78.10 126237
78.11 126262
78.12 126287
78.13 126302
78.14 126316
78.15 126336
78.16 126351
78.17 126367
78.18 126379
78.19 126399
78.20 126417
78.21 126440
78.22 126448
78.23 126465
78.24 126475
78.25 126487
78.26 126512
78.28 126534
78.29 126558
78.30 126561
78.31 126568
78.32 126579
78.33 126583
78.34 126591
78.35 126599
78.36 126603
78.37 126611
78.38 126619
78.39 126632
78.40 126652
78.41 126671
78.42 126687
78.43 126706
78.44 126717
78.45 126737
78.46 126754
78.47 126768
78.48 126781
78.49 126797
78.50 126812
78.51 126829
78.52 126862
78.53 126874
78.54 126901
78.55 126914
78.56 126939
78.57 126957
78.58 126987
78.59 127001
78.60 127023
78.61 127037
78.62 127053
78.63 127061
78.64 127081
78.65 127096
78.66 127111
78.67 127121
78.68 127124
78.69 127132
78.70 127138
78.71 127143
78.72 127166
78.73 127185
78.74 127212
78.75 127234
78.76 127255
78.77 127268
78.78 127293
78.79 127314
78.80 127332
78.81 127360
78.82 127378
78.83 127388
78.84 127393
78.85 127395
78.86 127402
78.87 127407
78.88 127410
78.89 127413
78.90 127419
78.91 127423
78.92 127432
78.93 127438
78.94 127443
78.95 127448
78.96 127461
78.97 127464
78.98 127472
78.99 127481
79.00 127510
79.01 127527
79.02 127542
79.03 127557
79.04 127573
79.05 127579
79.06 127602
79.07 127613
79.08 127627
79.09 127648
79.10 127663
79.11 127681
79.12 127701
79.13 127721
79.14 127745
79.15 127768
79.16 127796
79.17 127814
79.18 127830
79.19 127846
79.20 127868
79.21 127891
79.22 127918
79.23 127928
79.24 127942
79.26 127963
79.27 127977
79.28 127984
79.29 127990
79.30 127997
79.31 128000
79.32 128004
79.33 128009
79.34 128025
79.35 128033
79.36 128045
79.37 128055
79.38 128075
79.39 128099
79.40 128120
79.41 128139
79.42 128162
79.43 128176
79.44 128192
79.45 128217
79.46 128239
79.47 128255
79.48 128279
79.49 128304
79.50 128333
79.51 128360
79.52 128383
79.53 128402
79.54 128418
79.55 128440
79.56 128466
79.57 128489
79.58 128510
79.59 128533
79.60 128551
79.61 128574
79.62 128592
79.63 128610
79.64 128635
79.65 128664
79.66 128682
79.67 128709
79.68 128727
79.69 128734
79.70 128736
79.71 128739
79.72 128742
79.73 128744
79.74 128748
79.75 128751
79.76 128752
79.77 128754
79.78 128754
79.79 128758
79.80 128765
79.81 128776
79.82 128789
79.83 128802
79.84 128823
79.85 128849
79.86 128879
79.87 128897
79.88 128923
79.89 128953
79.90 128974
79.91 128997
79.92 129016
79.93 129038
79.94 129060
79.95 129078
79.96 129097
79.97 129123
79.98 129139
79.99 129156
80.00 129177
80.01 129204
80.02 129227
80.03 129240
80.04 129265
80.05 129290
80.06 129311
80.07 129327
80.08 129349
80.09 129371
80.10 129390
80.11 129407
80.12 129431
80.13 129455
80.14 129476
80.15 129493
80.16 129516
80.17 129527
80.18 129544
80.19 129568
80.20 129588
80.21 129610
80.22 129633
80.23 129657
80.25 129675
80.26 129691
80.27 129720
80.28 129742
80.29 129765
80.30 129784
80.31 129804
80.32 129817
80.33 129835
80.34 129859
80.35 129879
80.36 129902
80.37 129925
80.38 129946
80.39 129961
80.40 129979
80.41 129998
80.42 130014
80.43 130032
80.44 130045
80.45 130065
80.46 130081
80.47 130099
80.48 130126
80.49 130146
80.50 130166
80.51 130188
80.52 130208
80.53 130233
80.54 130252
80.55 130270
80.56 130292
80.57 130314
80.58 130332
80.59 130352
80.60 130374
80.61 130387
80.62 130396
80.63 130405
80.64 130421
80.65 130440
80.66 130463
80.67 130484
80.68 130499
80.69 130515
80.70 130536
80.71 130555
80.72 130575
80.73 130596
80.74 130613
80.75 130629
80.76 130644
80.77 130678
80.78 130696
80.79 130716
80.80 130731
80.81 130748
80.82 130775
80.83 130792
80.84 130811
80.85 130832
80.86 130857
80.87 130878
80.88 130903
80.89 130913
80.90 130938
80.91 130959
80.92 130974
80.93 130989
80.94 131001
80.95 131021
80.96 131023
80.97 131028
80.98 131030
80.99 131030
81.00 131031
81.01 131036
81.02 131045
81.03 131050
81.04 131056
81.05 131060
81.06 131076
81.07 131090
81.08 131106
81.09 131123
81.10 131135
81.11 131154
81.12 131181
81.13 131190
81.14 131205
81.15 131226
81.16 131248
81.17 131253
81.18 131262
81.19 131274
81.20 131279
81.21 131289
81.23 131298
81.24 131300
81.25 131303
81.26 131303
81.27 131307
81.28 131309
81.29 131310
81.30 131311
81.31 131315
81.32 131316
81.33 131319
81.34 131320
81.35 131332
81.36 131334
81.37 131336
81.38 131343
81.39 131348
81.40 131369
81.41 131392
81.42 131419
81.43 131442
81.44 131464
81.45 131485
81.46 131507
81.47 131529
81.48 131552
81.49 131583
81.50 131605
81.51 131625
81.52 131642
81.53 131656
81.54 131669
81.55 131676
81.56 131682
81.57 131688
81.58 131693
81.59 131712
81.60 131729
81.61 131740
81.62 131764
81.63 131781
81.64 131797
81.65 131822
81.66 131842
81.67 131866
81.68 131888
81.69 131907
81.70 131926
81.71 131946
81.72 131966
81.73 131988
81.74 132007
81.75 132027
81.76 132048
81.77 132063
81.78 132076
81.79 132084
81.80 132087
81.81 132092
81.82 132095
81.83 132098
81.84 132099
81.85 132102
81.86 132105
81.87 132108
81.88 132114
81.89 132122
81.90 132125
81.91 132130
81.92 132144
81.93 132158
81.94 132183
81.95 132205
81.96 132225
81.97 132246
81.98 132256
81.99 132273
82.00 132295
82.01 132311
82.02 132321
82.03 132334
82.04 132341
82.05 132358
82.06 132365
82.07 132379
82.08 132389
82.09 132393
82.10 132402
82.11 132406
82.12 132415
82.13 132428
82.14 132448
82.15 132468
82.16 132491
82.17 132501
82.18 132523
82.19 132533
82.21 132548
82.22 132563
82.23 132578
82.24 132589
82.25 132600
82.26 132622
82.27 132633
82.28 132653
82.29 132667
82.30 132679
82.31 132693
82.32 132705
82.33 132722
82.34 132736
82.35 132750
82.36 132764
82.37 132775
82.38 132789
82.39 132805
82.40 132817
82.41 132825
82.42 132842
82.43 132858
82.44 132873
82.45 132883
82.46 132901
82.47 132922
82.48 132939
82.49 132947
82.50 132959
82.51 132970
82.52 132989
82.53 133001
82.54 133011
82.55 133031
82.56 133043
82.57 133056
82.58 133063
82.59 133072
82.60 133085
82.61 133094
82.62 133114
82.63 133116
82.64 133128
82.65 133140
82.66 133151
82.67 133165
82.68 133172
82.69 133177
82.70 133186
82.71 133197
82.72 133216
82.73 133226
82.74 133237
82.75 133249
82.76 133252
82.77 133262
82.78 133275
82.79 133292
82.80 133299
82.81 133314
82.82 133324
82.83 133332
82.84 133343
82.85 133354
82.86 133362
82.87 133378
82.88 133396
82.89 133407
82.90 133425
82.91 133433
82.92 133448
82.93 133453
82.94 133456
82.95 133460
82.96 133467
82.97 133479
82.98 133484
82.99 133492
83.00 133506
83.01 133523
83.02 133535
83.03 133544
83.04 133560
83.05 133571
83.06 133575
83.07 133585
83.08 133589
83.09 133599
83.10 133608
83.11 133616
83.12 133624
83.13 133636
83.14 133652
83.15 133661
83.16 133673
83.17 133692
83.18 133701
83.20 133703
83.21 133708
83.22 133714
83.23 133718
83.24 133723
83.25 133725
83.26 133741
83.27 133748
83.28 133757
83.29 133768
83.30 133778
83.31 133785
83.32 133801
83.33 133823
83.34 133828
83.35 133835
83.36 133847
83.37 133854
83.38 133863
83.39 133877
83.40 133889
83.41 133891
83.42 133903
83.43 133908
83.44 133913
83.45 133921
83.46 133928
83.47 133929
83.48 133939
83.49 133948
83.50 133960
83.51 133967
83.52 133969
83.53 133972
83.54 133980
83.55 133992
83.56 133997
83.57 134009
83.58 134016
83.59 134028
83.60 134036
83.61 134047
83.62 134053
83.63 134065
83.64 134069
83.65 134078
83.66 134085
83.67 134100
83.68 134104
83.69 134121
83.70 134127
83.71 134137
83.72 134148
83.73 134151
83.74 134160
83.75 134172
83.76 134178
83.77 134186
83.78 134205
83.79 134209
83.80 134217
83.81 134220
83.82 134225
83.83 134232
83.84 134240
83.85 134248
83.86 134258
83.87 134268
83.88 134283
83.89 134288
83.90 134294
83.91 134311
83.92 134317
83.93 134326
83.94 134327
83.95 134330
83.96 134334
83.97 134337
83.98 134345
83.99 134345
84.00 134352
84.01 134362
84.02 134378
84.03 134391
84.04 134395
84.05 134400
84.06 134410
84.07 134417
84.08 134421
84.09 134422
84.10 134429
84.11 134444
84.12 134445
84.13 134453
84.14 134464
84.15 134472
84.16 134478
84.18 134493
84.19 134494
84.20 134504
84.21 134509
84.22 134515
84.23 134522
84.24 134542
84.25 134558
84.26 134582
84.27 134600
84.28 134623
84.29 134649
84.30 134670
84.31 134696
84.32 134718
84.33 134732
84.34 134753
84.35 134772
84.36 134783
84.37 134792
84.38 134797
84.39 134801
84.40 134806
84.41 134807
84.42 134815
84.43 134818
84.44 134819
84.45 134832
84.46 134841
84.47 134854
84.48 134860
84.49 134871
84.50 134875
84.51 134882
84.52 134889
84.53 134903
84.54 134922
84.55 134926
84.56 134938
84.57 134949
84.58 134967
84.59 134986
84.60 134997
84.61 135003
84.62 135016
84.63 135030
84.64 135032
84.65 135049
84.66 135061
84.67 135077
84.68 135078
84.69 135088
84.70 135093
84.71 135100
84.72 135116
84.73 135132
84.74 135136
84.75 135137
84.76 135145
84.77 135157
84.78 135162
84.79 135170
84.80 135171
84.81 135177
84.82 135188
84.83 135197
84.84 135202
84.85 135206
84.86 135213
84.87 135223
84.88 135233
84.89 135236
84.90 135246
84.91 135252
84.92 135256
84.93 135266
84.94 135286
84.95 135291
84.96 135297
84.97 135299
84.98 135304
84.99 135318
85.00 135326
85.01 135345
85.02 135350
85.03 135357
85.04 135361
85.05 135368
85.06 135371
85.07 135373
85.08 135378
85.09 135390
85.10 135402
85.11 135406
85.12 135419
85.13 135426
85.14 135435
85.15 135446
85.17 135450
85.18 135461
85.19 135462
85.20 135464
85.21 135466
85.22 135472
85.23 135479
85.24 135481
85.25 135496
85.26 135498
85.27 135499
85.28 135501
85.29 135506
85.30 135515
85.31 135516
85.32 135523
85.33 135524
85.34 135533
85.35 135533
85.36 135544
85.37 135547
85.38 135554
85.39 135565
85.40 135576
85.41 135587
85.42 135600
85.43 135617
85.44 135623
85.45 135624
85.46 135629
85.47 135633
85.48 135641
85.49 135642
85.50 135643
85.51 135643
85.52 135655
85.53 135670
85.54 135705
85.55 135718
85.56 135727
85.57 135731
85.58 135737
85.59 135748
85.60 135753
85.61 135763
85.62 135767
85.63 135768
85.64 135770
85.65 135770
85.66 135773
85.67 135774
85.68 135779
85.69 135803
85.70 135816
85.71 135819
85.72 135835
85.73 135847
85.74 135867
85.75 135883
85.76 135900
85.77 135920
85.78 135933
85.79 135949
85.80 135970
85.81 135991
85.82 136013
85.83 136027
85.84 136043
85.85 136068
85.86 136089
85.87 136107
85.88 136125
85.89 136153
85.90 136177
85.91 136199
85.92 136226
85.93 136255
85.94 136271
85.95 136292
85.96 136311
85.97 136333
85.98 136350
85.99 136371
86.00 136382
86.01 136393
86.02 136402
86.03 136419
86.04 136443
86.05 136462
86.06 136490
86.07 136510
86.08 136520
86.09 136528
86.10 136532
86.11 136542
86.12 136545
86.13 136548
86.15 136549
86.16 136553
86.17 136555
86.18 136561
86.19 136570
86.20 136573
86.21 136573
86.22 136574
86.23 136574
86.24 136579
86.25 136581
86.26 136581
86.27 136587
86.28 136590
86.29 136591
86.30 136595
86.31 136597
86.32 136603
86.33 136611
86.34 136614
86.35 136617
86.36 136620
86.37 136620
86.38 136620
86.39 136627
86.40 136654
86.41 136669
86.42 136681
86.43 136699
86.44 136718
86.45 136736
86.46 136763
86.47 136785
86.48 136819
86.49 136825
86.50 136835
86.51 136856
86.52 136863
86.53 136869
86.54 136874
86.55 136894
86.56 136917
86.57 136932
86.58 136941
86.59 136953
86.60 136974
86.61 136995
86.62 137008
86.63 137029
86.64 137047
86.65 137070
86.66 137089
86.67 137110
86.68 137133
86.69 137159
86.70 137178
86.71 137193
86.72 137207
86.73 137232
86.74 137249
86.75 137264
86.76 137283
86.77 137308
86.78 137329
86.79 137347
86.80 137364
86.81 137369
86.82 137375
86.83 137383
86.84 137397
86.85 137417
86.86 137435
86.87 137458
86.88 137482
86.89 137504
86.90 137522
86.91 137534
86.92 137547
86.93 137555
86.94 137582
86.95 137598
86.96 137609
86.97 137619
86.98 137625
86.99 137627
87.00 137632
87.01 137640
87.02 137641
87.03 137641
87.04 137641
87.05 137642
87.06 137644
87.07 137666
87.08 137685
87.09 137693
87.10 137698
87.11 137700
87.12 137700
87.14 137706
87.15 137709
87.16 137713
87.17 137719
87.18 137728
87.19 137732
87.20 137733
87.21 137736
87.22 137736
87.23 137740
87.24 137751
87.25 137762
87.26 137780
87.27 137796
87.28 137815
87.29 137837
87.30 137862
87.31 137882
87.32 137900
87.33 137917
87.34 137926
87.35 137950
87.36 137963
87.37 137986
87.38 138001
87.39 138018
87.40 138030
87.41 138050
87.42 138075
87.43 138101
87.44 138123
87.45 138143
87.46 138170
87.47 138193
87.48 138209
87.49 138232
87.50 138245
87.51 138254
87.52 138265
87.53 138287
87.54 138303
87.55 138317
87.56 138337
87.57 138364
87.58 138383
87.59 138407
87.60 138434
87.61 138446
87.62 138461
87.63 138467
87.64 138472
87.65 138475
87.66 138480
87.67 138489
87.68 138494
87.69 138502
87.70 138506
87.71 138521
87.72 138530
87.73 138537
87.74 138553
87.75 138568
87.76 138574
87.77 138578
87.78 138586
87.79 138598
87.80 138615
87.81 138627
87.82 138635
87.83 138648
87.84 138655
87.85 138671
87.86 138685
87.87 138697
87.88 138708
87.89 138715
87.90 138723
87.91 138732
87.92 138742
87.93 138760
87.94 138771
87.95 138786
87.96 138792
87.97 138802
87.98 138808
87.99 138810
88.00 138823
88.01 138839
88.02 138860
88.03 138875
88.04 138882
88.05 138895
88.06 138911
88.07 138932
88.08 138950
88.09 138957
88.10 138973
88.12 138984
88.13 138998
88.14 139001
88.15 139008
88.16 139015
88.17 139026
88.18 139028
88.19 139044
88.20 139058
88.21 139070
88.22 139084
88.23 139098
88.24 139106
88.25 139123
88.26 139137
88.27 139151
88.28 139155
88.29 139159
88.30 139159
88.31 139160
88.32 139161
88.33 139161
88.34 139163
88.35 139166
88.36 139179
88.37 139189
88.38 139212
88.39 139217
88.40 139231
88.41 139236
88.42 139241
88.43 139252
88.44 139252
88.45 139262
88.46 139277
88.47 139280
88.48 139282
88.49 139287
88.50 139295
88.51 139302
88.52 139303
88.53 139314
88.54 139315
88.55 139326
88.56 139337
88.57 139347
88.58 139357
88.59 139360
88.60 139373
88.61 139386
88.62 139393
88.63 139407
88.64 139425
88.65 139432
88.66 139445
88.67 139449
88.68 139455
88.69 139468
88.70 139485
88.71 139493
88.72 139500
88.73 139513
88.74 139518
88.75 139527
88.76 139533
88.77 139547
88.78 139557
88.79 139570
88.80 139582
88.81 139595
88.82 139604
88.83 139611
88.84 139626
88.85 139633
88.86 139647
88.87 139657
88.88 139668
88.89 139680
88.90 139694
88.91 139712
88.92 139731
88.93 139739
88.94 139755
88.95 139765
88.96 139775
88.97 139796
88.98 139806
88.99 139814
89.00 139815
89.01 139827
89.02 139837
89.03 139850
89.04 139856
89.05 139868
89.06 139873
89.07 139882
89.08 139887
89.09 139904
89.11 139912
89.12 139919
89.13 139932
89.14 139939
89.15 139967
89.16 139985
89.17 139997
89.18 140008
89.19 140027
89.20 140045
89.21 140061
89.22 140068
89.23 140079
89.24 140095
89.25 140107
89.26 140114
89.27 140128
89.28 140143
89.29 140155
89.30 140168
89.31 140178
89.32 140196
89.33 140207
89.34 140225
89.35 140233
89.36 140242
89.37 140259
89.38 140280
89.39 140291
89.40 140303
89.41 140312
89.42 140320
89.43 140330
89.44 140340
89.45 140352
89.46 140354
89.47 140363
89.48 140374
89.49 140384
89.50 140388
89.51 140395
89.52 140399
89.53 140410
89.54 140425
89.55 140431
89.56 140434
89.57 140435
89.58 140445
89.59 140449
89.60 140457
89.61 140460
89.62 140472
89.63 140475
89.64 140485
89.65 140490
89.66 140495
89.67 140498
89.68 140509
89.69 140509
89.70 140515
89.71 140518
89.72 140521
89.73 140529
89.74 140530
89.75 140535
89.76 140557
89.77 140561
89.78 140564
89.79 140568
89.80 140571
89.81 140581
89.82 140586
89.83 140592
89.84 140595
89.85 140609
89.86 140611
89.87 140623
89.88 140635
89.89 140640
89.90 140666
89.91 140686
89.92 140704
89.93 140713
89.94 140727
89.95 140734
89.96 140745
89.97 140757
89.98 140767
89.99 140776
90.00 140789
90.01 140798
90.02 140801
90.03 140816
90.04 140824
90.05 140832
90.06 140839
90.07 140844
90.09 140858
90.10 140866
90.11 140876
90.12 140878
90.13 140886
90.14 140888
90.15 140893
90.16 140910
90.17 140923
90.18 140931
90.19 140943
90.20 140948
90.21 140954
90.22 140960
90.23 140963
90.24 140977
90.25 140993
90.26 141005
90.27 141015
90.28 141026
90.29 141037
90.30 141044
90.31 141055
90.32 141060
90.33 141065
90.34 141068
90.35 141075
90.36 141083
90.37 141083
90.38 141083
90.39 141083
90.40 141090
90.41 141102
90.42 141124
90.43 141128
90.44 141129
90.45 141134
90.46 141143
90.47 141148
90.48 141152
90.49 141153
90.50 141153
90.51 141160
90.52 141160
90.53 141162
90.54 141162
90.55 141169
90.56 141187
90.57 141196
90.58 141206
90.59 141220
90.60 141243
90.61 141258
90.62 141268
90.63 141293
90.64 141316
90.65 141332
90.66 141343
90.67 141356
90.68 141368
90.69 141379
90.70 141390
90.71 141397
90.72 141401
90.73 141416
90.74 141431
90.75 141450
90.76 141476
90.77 141497
90.78 141515
90.79 141520
90.80 141538
90.81 141554
90.82 141558
90.83 141583
90.84 141602
90.85 141617
90.86 141633
90.87 141640
90.88 141647
90.89 141667
90.90 141689
90.91 141714
90.92 141738
90.93 141761
90.94 141784
90.95 141802
90.96 141828
90.97 141842
90.98 141856
90.99 141864
91.00 141869
91.01 141876
91.02 141887
91.03 141890
91.04 141894
91.05 141900
91.06 141903
91.08 141906
91.09 141912
91.10 141919
91.11 141928
91.12 141936
91.13 141958
91.14 141981
91.15 141999
91.16 142021
91.17 142042
91.18 142066
91.19 142088
91.20 142112
91.21 142140
91.22 142163
91.23 142185
91.24 142207
91.25 142224
91.26 142245
91.27 142260
91.28 142277
91.29 142302
91.30 142321
91.31 142342
91.32 142358
91.33 142378
91.34 142398
91.35 142413
91.36 142432
91.37 142453
91.38 142473
91.39 142496
91.40 142507
91.41 142512
91.42 142516
91.43 142521
91.44 142530
91.45 142554
91.46 142567
91.47 142580
91.48 142598
91.49 142616
91.50 142632
91.51 142652
91.52 142669
91.53 142689
91.54 142703
91.55 142725
91.56 142739
91.57 142764
91.58 142779
91.59 142791
91.60 142807
91.61 142817
91.62 142827
91.63 142835
91.64 142849
91.65 142865
91.66 142885
91.67 142903
91.68 142923
91.69 142935
91.70 142943
91.71 142948
91.72 142956
91.73 142972
91.74 142990
91.75 143010
91.76 143028
91.77 143049
91.78 143067
91.79 143092
91.80 143110
91.81 143133
91.82 143145
91.83 143161
91.84 143183
91.85 143201
91.86 143223
91.87 143244
91.88 143271
91.89 143297
91.90 143315
91.91 143337
91.92 143352
91.93 143369
91.94 143388
91.95 143405
91.96 143417
91.97 143433
91.98 143444
91.99 143455
92.00 143458
92.01 143463
92.02 143467
92.03 143471
92.04 143476
92.06 143479
92.07 143481
92.08 143487
92.09 143492
92.10 143498
92.11 143512
92.12 143533
92.13 143559
92.14 143582
92.15 143605
92.16 143625
92.17 143643
92.18 143667
92.19 143690
92.20 143710
92.21 143735
92.22 143757
92.23 143781
92.24 143803
92.25 143824
92.26 143847
92.27 143869
92.28 143890
92.29 143912
92.30 143933
92.31 143958
92.32 143981
92.33 144004
92.34 144025
92.35 144045
92.36 144067
92.37 144086
92.38 144106
92.39 144123
92.40 144139
92.41 144157
92.42 144175
92.43 144192
92.44 144210
92.45 144229
92.46 144249
92.47 144273
92.48 144289
92.49 144308
92.50 144332
92.51 144342
92.52 144357
92.53 144375
92.54 144405
92.55 144430
92.56 144447
92.57 144470
92.58 144484
92.59 144487
92.60 144490
92.61 144495
92.62 144495
92.63 144506
92.64 144533
92.65 144547
92.66 144566
92.67 144587
92.68 144606
92.69 144630
92.70 144642
92.71 144659
92.72 144678
92.73 144694
92.74 144702
92.75 144715
92.76 144717
92.77 144724
92.78 144730
92.79 144733
92.80 144740
92.81 144746
92.82 144751
92.83 144766
92.84 144790
92.85 144814
92.86 144835
92.87 144860
92.88 144885
92.89 144905
92.90 144931
92.91 144954
92.92 144975
92.93 144997
92.94 145001
92.95 145009
92.96 145013
92.97 145019
92.98 145025
92.99 145034
93.00 145041
93.01 145048
93.02 145052
93.04 145081
93.05 145099
93.06 145113
93.07 145136
93.08 145157
93.09 145175
93.10 145205
93.11 145234
93.12 145260
93.13 145285
93.14 145309
93.15 145332
93.16 145352
93.17 145372
93.18 145387
93.19 145397
93.20 145417
93.21 145441
93.22 145462
93.23 145470
93.24 145478
93.25 145493
93.26 145506
93.27 145517
93.28 145536
93.29 145548
93.30 145556
93.31 145564
93.32 145569
93.33 145577
93.34 145588
93.35 145592
93.36 145594
93.37 145599
93.38 145616
93.39 145620
93.40 145623
93.41 145630
93.42 145640
93.43 145644
93.44 145650
93.45 145658
93.46 145669
93.47 145673
93.48 145680
93.49 145684
93.50 145689
93.51 145693
93.52 145698
93.53 145703
93.54 145706
93.55 145707
93.56 145709
93.57 145718
93.58 145722
93.59 145723
93.60 145743
93.61 145757
93.62 145784
93.63 145800
93.64 145811
93.65 145831
93.66 145847
93.67 145870
93.68 145877
93.69 145881
93.70 145886
93.71 145895
93.72 145910
93.73 145924
93.74 145942
93.75 145950
93.76 145961
93.77 145981
93.78 145998
93.79 146009
93.80 146024
93.81 146038
93.82 146057
93.83 146075
93.84 146085
93.85 146102
93.86 146117
93.87 146129
93.88 146135
93.89 146146
93.90 146148
93.91 146160
93.92 146168
93.93 146181
93.94 146198
93.95 146209
93.96 146215
93.97 146224
93.98 146233
93.99 146244
94.00 146254
94.01 146263
94.03 146273
94.04 146278
94.05 146284
94.06 146289
94.07 146299
94.08 146310
94.09 146320
94.10 146335
94.11 146338
94.12 146352
94.13 146355
94.14 146362
94.15 146372
94.16 146386
94.17 146397
94.18 146407
94.19 146421
94.20 146443
94.21 146463
94.22 146472
94.23 146482
94.24 146496
94.25 146511
94.26 146523
94.27 146531
94.28 146534
94.29 146539
94.30 146541
94.31 146544
94.32 146544
94.33 146548
94.34 146552
94.35 146559
94.36 146568
94.37 146575
94.38 146578
94.39 146586
94.40 146590
94.41 146599
94.42 146615
94.43 146637
94.44 146652
94.45 146672
94.46 146681
94.47 146691
94.48 146701
94.49 146707
94.50 146715
94.51 146726
94.52 146732
94.53 146743
94.54 146764
94.55 146783
94.56 146799
94.57 146827
94.58 146840
94.59 146846
94.60 146860
94.61 146868
94.62 146883
94.63 146897
94.64 146925
94.65 146948
94.66 146959
94.67 146974
94.68 146981
94.69 146984
94.70 146991
94.71 147003
94.72 147008
94.73 147008
94.74 147014
94.75 147020
94.76 147025
94.77 147029
94.78 147033
94.79 147036
94.80 147039
94.81 147044
94.82 147046
94.83 147048
94.84 147053
94.85 147061
94.86 147068
94.87 147070
94.88 147073
94.89 147073
94.90 147075
94.91 147082
94.92 147088
94.93 147090
94.94 147093
94.95 147094
94.96 147096
94.97 147099
94.98 147101
94.99 147108
95.01 147112
95.02 147113
95.03 147113
95.04 147113
95.05 147117
95.06 147127
95.07 147145
95.08 147159
95.09 147166
95.10 147169
95.11 147170
95.12 147175
95.13 147176
95.14 147184
95.15 147188
95.16 147196
95.17 147212
95.18 147234
95.19 147254
95.20 147276
95.21 147291
95.22 147304
95.23 147316
95.24 147331
95.25 147352
95.26 147371
95.27 147395
95.28 147410
95.29 147438
95.30 147453
95.31 147475
95.32 147498
95.33 147511
95.34 147530
95.35 147549
95.36 147571
95.37 147582
95.38 147598
95.39 147610
95.40 147631
95.41 147646
95.42 147662
95.43 147677
95.44 147697
95.45 147712
95.46 147730
95.47 147745
95.48 147765
95.49 147784
95.50 147800
95.51 147817
95.52 147832
95.53 147852
95.54 147859
95.55 147871
95.56 147891
95.57 147906
95.58 147918
95.59 147926
95.60 147944
95.61 147961
95.62 147979
95.63 147998
95.64 148020
95.65 148041
95.66 148060
95.67 148076
95.68 148095
95.69 148105
95.70 148128
95.71 148148
95.72 148167
95.73 148189
95.74 148211
95.75 148230
95.76 148248
95.77 148264
95.78 148280
95.79 148301
95.80 148319
95.81 148335
95.82 148353
95.83 148371
95.84 148386
95.85 148409
95.86 148427
95.87 148439
95.88 148459
95.89 148473
95.90 148492
95.91 148507
95.92 148528
95.93 148547
95.94 148565
95.95 148577
95.96 148590
95.97 148604
95.98 148625
96.00 148643
96.01 148657
96.02 148676
96.03 148696
96.04 148712
96.05 148728
96.06 148741
96.07 148757
96.08 148771
96.09 148787
96.10 148805
96.11 148826
96.12 148845
96.13 148858
96.14 148871
96.15 148876
96.16 148887
96.17 148890
96.18 148905
96.19 148923
96.20 148936
96.21 148947
96.22 148965
96.23 148983
96.24 149001
96.25 149018
96.26 149029
96.27 149046
96.28 149054
96.29 149071
96.30 149082
96.31 149097
96.32 149104
96.33 149113
96.34 149131
96.35 149144
96.36 149158
96.37 149173
96.38 149186
96.39 149199
96.40 149208
96.41 149226
96.42 149234
96.43 149241
96.44 149252
96.45 149261
96.46 149270
96.47 149277
96.48 149283
96.49 149301
96.50 149314
96.51 149326
96.52 149337
96.53 149354
96.54 149369
96.55 149380
96.56 149390
96.57 149406
96.58 149426
96.59 149446
96.60 149460
96.61 149477
96.62 149497
96.63 149512
96.64 149531
96.65 149552
96.66 149573
96.67 149590
96.68 149610
96.69 149628
96.70 149643
96.71 149662
96.72 149675
96.73 149694
96.74 149707
96.75 149719
96.76 149740
96.77 149757
96.78 149767
96.79 149780
96.80 149797
96.81 149809
96.82 149824
96.83 149837
96.84 149852
96.85 149867
96.86 149875
96.87 149886
96.88 149896
96.89 149911
96.90 149924
96.91 149934
96.92 149949
96.93 149964
96.94 149973
96.95 149993
96.96 150004
96.98 150019
96.99 150044
97.00 150064
97.01 150079
97.02 150096
97.03 150107
97.04 150115
97.05 150128
97.06 150130
97.07 150137
97.08 150152
97.09 150159
97.10 150170
97.11 150189
97.12 150198
97.13 150220
97.14 150232
97.15 150242
97.16 150256
97.17 150279
97.18 150296
97.19 150305
97.20 150315
97.21 150322
97.22 150328
97.23 150343
97.24 150351
97.25 150362
97.26 150375
97.27 150379
97.28 150390
97.29 150405
97.30 150411
97.31 150416
97.32 150422
97.33 150423
97.34 150431
97.35 150452
97.36 150476
97.37 150487
97.38 150504
97.39 150521
97.40 150537
97.41 150554
97.42 150572
97.43 150590
97.44 150608
97.45 150622
97.46 150638
97.47 150651
97.48 150664
97.49 150685
97.50 150707
97.51 150719
97.52 150727
97.53 150751
97.54 150765
97.55 150787
97.56 150820
97.57 150851
97.58 150871
97.59 150890
97.60 150912
97.61 150936
97.62 150952
97.63 150971
97.64 150985
97.65 150995
97.66 151010
97.67 151022
97.68 151044
97.69 151055
97.70 151070
97.71 151081
97.72 151092
97.73 151099
97.74 151103
97.75 151118
97.76 151129
97.77 151143
97.78 151149
97.79 151152
97.80 151158
97.81 151162
97.82 151168
97.83 151176
97.84 151193
97.85 151210
97.86 151232
97.87 151259
97.88 151280
97.89 151302
97.90 151328
97.91 151348
97.92 151357
97.93 151370
97.94 151387
97.95 151403
97.97 151409
97.98 151412
97.99 151420
98.00 151424
98.01 151436
98.02 151453
98.03 151464
98.04 151480
98.05 151497
98.06 151516
98.07 151537
98.08 151558
98.09 151588
98.10 151613
98.11 151615
98.12 151617
98.13 151626
98.14 151627
98.15 151627
98.16 151628
98.17 151629
98.18 151630
98.19 151630
98.20 151635
98.21 151635
98.22 151635
98.23 151645
98.24 151645
98.25 151646
98.26 151647
98.27 151648
98.28 151650
98.29 151654
98.30 151671
98.31 151680
98.32 151683
98.33 151687
98.34 151694
98.35 151701
98.36 151707
98.37 151729
98.38 151747
98.39 151756
98.40 151760
98.41 151769
98.42 151772
98.43 151801
98.44 151820
98.45 151844
98.46 151861
98.47 151877
98.48 151890
98.49 151910
98.50 151932
98.51 151947
98.52 151969
98.53 151989
98.54 152014
98.55 152030
98.56 152047
98.57 152065
98.58 152087
98.59 152110
98.60 152125
98.61 152142
98.62 152164
98.63 152187
98.64 152205
98.65 152229
98.66 152247
98.67 152264
98.68 152283
98.69 152309
98.70 152330
98.71 152354
98.72 152378
98.73 152399
98.74 152419
98.75 152441
98.76 152457
98.77 152478
98.78 152501
98.79 152521
98.80 152539
98.81 152556
98.82 152580
98.83 152593
98.84 152613
98.85 152631
98.86 152643
98.87 152648
98.88 152651
98.89 152654
98.90 152657
98.91 152662
98.92 152665
98.93 152680
98.95 152689
98.96 152696
98.97 152712
98.98 152734
98.99 152749
99.00 152766
99.01 152783
99.02 152794
99.03 152817
99.04 152837
99.05 152855
99.06 152876
99.07 152901
99.08 152941
99.09 152971
99.10 153002
99.11 153022
99.12 153040
99.13 153056
99.14 153079
99.15 153098
99.16 153119
99.17 153138
99.18 153163
99.19 153186
99.20 153205
99.21 153227
99.22 153251
99.23 153272
99.24 153290
99.25 153314
99.26 153336
99.27 153358
99.28 153385
99.29 153405
99.30 153420
99.31 153441
99.32 153467
99.33 153489
99.34 153512
99.35 153528
99.36 153549
99.37 153572
99.38 153589
99.39 153612
99.40 153630
99.41 153653
99.42 153669
99.43 153682
99.44 153698
99.45 153717
99.46 153738
99.47 153764
99.48 153787
99.49 153801
99.50 153820
99.51 153846
99.52 153868
99.53 153892
99.54 153914
99.55 153932
99.56 153955
99.57 153973
99.58 153990
99.59 154007
99.60 154029
99.61 154056
99.62 154081
99.63 154104
99.64 154120
99.65 154142
99.66 154167
99.67 154191
99.68 154221
99.69 154249
99.70 154281
99.71 154302
99.72 154320
99.73 154338
99.74 154356
99.75 154372
99.76 154386
99.77 154408
99.78 154430
99.79 154450
99.80 154466
99.81 154482
99.82 154498
99.83 154521
99.84 154544
99.85 154569
99.86 154590
99.87 154610
99.88 154631
99.89 154656
99.90 154675
99.91 154691
99.92 154711
99.94 154733
99.95 154749
99.96 154768
99.97 154794
99.98 154825
99.99 154843
100.00 154866
