0.00 0
0.01 16
0.02 31
0.03 43
0.04 53
0.05 65
0.06 75
0.07 77
0.08 80
0.10 83
0.11 92
0.12 103
0.13 109
0.14 115
0.15 122
0.16 130
0.17 136
0.18 144
0.19 152
0.20 156
0.21 163
0.22 166
0.23 167
0.24 169
0.25 173
0.26 174
0.28 176
0.29 178
0.30 178
0.31 181
0.32 181
0.33 183
0.34 183
0.35 184
0.36 184
0.37 186
0.38 187
0.39 188
0.40 189
0.41 190
0.42 190
0.43 191
0.44 193
0.45 193
0.47 194
0.48 194
0.49 196
0.50 196
0.51 196
0.52 196
0.53 198
0.54 198
0.55 198
0.56 199
0.57 202
0.58 203
0.59 203
0.60 208
0.61 211
0.62 217
0.63 221
0.65 223
0.66 229
0.67 234
0.68 244
0.69 247
0.70 251
0.71 257
0.72 261
0.73 263
0.74 268
0.75 278
0.76 281
0.77 284
0.78 287
0.79 290
0.80 291
0.81 294
0.83 297
0.84 301
0.85 306
0.86 306
0.87 310
0.88 312
0.89 314
0.90 317
0.91 323
0.92 335
0.93 340
0.94 342
0.95 346
0.96 347
0.97 349
0.98 349
0.99 353
1.01 355
1.02 355
1.03 357
1.04 358
1.05 360
1.06 361
1.07 361
1.08 361
1.09 361
1.10 361
1.11 361
1.12 366
1.13 368
1.14 368
1.15 368
1.16 370
1.17 370
1.19 370
1.20 370
1.21 375
1.22 377
1.23 377
1.24 381
1.25 384
1.26 389
1.27 389
1.28 393
1.29 398
1.30 399
1.31 401
1.32 403
1.33 403
1.34 406
1.35 406
1.36 406
1.38 411
1.39 413
1.40 413
1.41 415
1.42 415
1.43 421
1.44 422
1.45 422
1.46 427
1.47 429
1.48 429
1.49 430
1.50 434
1.51 434
1.52 434
1.53 435
1.54 435
1.56 436
1.57 437
1.58 439
1.59 439
1.60 440
1.61 442
1.62 446
1.63 446
1.64 451
1.65 451
1.66 453
1.67 454
1.68 455
1.69 455
1.70 460
1.71 460
1.72 460
1.74 463
1.75 464
1.76 465
1.77 469
1.78 471
1.79 475
1.80 475
1.81 481
1.82 484
1.83 488
1.84 488
1.85 488
1.86 495
1.87 503
1.88 503
1.89 507
1.90 511
1.92 519
1.93 528
1.94 535
1.95 541
1.96 547
1.97 554
1.98 556
1.99 559
2.00 569
2.01 576
2.02 582
2.03 587
2.04 596
2.05 603
2.06 607
2.07 617
2.08 624
2.10 633
2.11 641
2.12 647
2.13 654
2.14 658
2.15 663
2.16 669
2.17 675
2.18 680
2.19 685
2.20 694
2.21 696
2.22 703
2.23 706
2.24 716
2.25 719
2.26 720
2.27 722
2.29 725
2.30 725
2.31 725
2.32 725
2.33 729
2.34 737
2.35 743
2.36 747
2.37 752
2.38 758
2.39 762
2.40 768
2.41 772
2.42 779
2.43 785
2.44 790
2.45 793
2.47 798
2.48 802
2.49 808
2.50 811
2.51 816
2.52 822
2.53 829
2.54 832
2.55 838
2.56 844
2.57 850
2.58 856
2.59 861
2.60 866
2.61 872
2.62 878
2.63 883
2.65 888
2.66 893
2.67 898
2.68 902
2.69 908
2.70 914
2.71 919
2.72 927
2.73 931
2.74 935
2.75 941
2.76 948
2.77 952
2.78 958
2.79 963
2.80 967
2.81 968
2.83 971
2.84 977
2.85 981
2.86 986
2.87 991
2.88 996
2.89 1004
2.90 1011
2.91 1018
2.92 1024
2.93 1026
2.94 1028
2.95 1033
2.96 1036
2.97 1044
2.98 1051
2.99 1056
3.01 1058
3.02 1060
3.03 1065
3.04 1072
3.05 1075
3.06 1080
3.07 1086
3.08 1091
3.09 1096
3.10 1100
3.11 1102
3.12 1106
3.13 1111
3.14 1117
3.15 1121
3.16 1129
3.17 1133
3.18 1137
3.20 1145
3.21 1152
3.22 1157
3.23 1159
3.24 1160
3.25 1162
3.26 1165
3.27 1171
3.28 1175
3.29 1178
3.30 1179
3.31 1187
3.32 1193
3.33 1198
3.34 1202
3.35 1207
3.36 1210
3.38 1215
3.39 1217
3.40 1218
3.41 1225
3.42 1233
3.43 1239
3.44 1242
3.45 1248
3.46 1254
3.47 1258
3.48 1263
3.49 1266
3.50 1271
3.51 1279
3.52 1284
3.53 1288
3.54 1294
3.56 1297
3.57 1301
3.58 1306
3.59 1311
3.60 1315
3.61 1320
3.62 1325
3.63 1329
3.64 1334
3.65 1338
3.66 1345
3.67 1352
3.68 1361
3.69 1366
3.70 1367
3.71 1370
3.72 1372
3.74 1376
3.75 1378
3.76 1384
3.77 1389
3.78 1392
3.79 1394
3.80 1403
3.81 1406
3.82 1408
3.83 1415
3.84 1417
3.85 1421
3.86 1424
3.87 1425
3.88 1430
3.89 1437
3.90 1441
3.92 1443
3.93 1445
3.94 1450
3.95 1454
3.96 1459
3.97 1466
3.98 1473
3.99 1476
4.00 1478
4.01 1479
4.02 1486
4.03 1495
4.04 1502
4.05 1506
4.06 1512
4.07 1517
4.08 1523
4.09 1528
4.11 1532
4.12 1537
4.13 1545
4.14 1553
4.15 1556
4.16 1563
4.17 1567
4.18 1572
4.19 1576
4.20 1581
4.21 1584
4.22 1591
4.23 1595
4.24 1601
4.25 1602
4.26 1605
4.27 1610
4.29 1616
4.30 1624
4.31 1632
4.32 1640
4.33 1644
4.34 1646
4.35 1650
4.36 1653
4.37 1657
4.38 1661
4.39 1664
4.40 1669
4.41 1673
4.42 1678
4.43 1683
4.44 1688
4.45 1694
4.47 1698
4.48 1703
4.49 1708
4.50 1712
4.51 1715
4.52 1721
4.53 1725
4.54 1731
4.55 1735
4.56 1740
4.57 1742
4.58 1745
4.59 1749
4.60 1752
4.61 1755
4.62 1761
4.63 1764
4.65 1768
4.66 1770
4.67 1775
4.68 1780
4.69 1783
4.70 1790
4.71 1792
4.72 1800
4.73 1805
4.74 1810
4.75 1814
4.76 1822
4.77 1830
4.78 1834
4.79 1837
4.80 1840
4.81 1842
4.83 1846
4.84 1853
4.85 1859
4.86 1864
4.87 1868
4.88 1869
4.89 1870
4.90 1872
4.91 1878
4.92 1886
4.93 1891
4.94 1897
4.95 1902
4.96 1906
4.97 1911
4.98 1918
4.99 1924
5.00 1929
5.02 1936
5.03 1942
5.04 1948
5.05 1952
5.06 1957
5.07 1962
5.08 1971
5.09 1977
5.10 1981
5.11 1985
5.12 1989
5.13 1995
5.14 1999
5.15 2004
5.16 2007
5.17 2011
5.18 2015
5.20 2022
5.21 2024
5.22 2029
5.23 2030
5.24 2035
5.25 2041
5.26 2042
5.27 2044
5.28 2049
5.29 2053
5.30 2059
5.31 2064
5.32 2070
5.33 2075
5.34 2079
5.35 2086
5.36 2091
5.38 2097
5.39 2102
5.40 2107
5.41 2111
5.42 2117
5.43 2124
5.44 2129
5.45 2136
5.46 2143
5.47 2148
5.48 2154
5.49 2160
5.50 2162
5.51 2167
5.52 2172
5.53 2178
5.54 2183
5.56 2186
5.57 2190
5.58 2194
5.59 2199
5.60 2204
5.61 2211
5.62 2216
5.63 2221
5.64 2225
5.65 2227
5.66 2229
5.67 2230
5.68 2231
5.69 2233
5.70 2238
5.71 2244
5.72 2249
5.74 2255
5.75 2259
5.76 2266
5.77 2271
5.78 2275
5.79 2279
5.80 2283
5.81 2291
5.82 2296
5.83 2299
5.84 2301
5.85 2309
5.86 2312
5.87 2316
5.88 2319
5.89 2327
5.90 2331
5.91 2335
5.93 2338
5.94 2340
5.95 2345
5.96 2352
5.97 2355
5.98 2362
5.99 2366
6.00 2370
6.01 2375
6.02 2378
6.03 2382
6.04 2385
6.05 2389
6.06 2392
6.07 2396
6.08 2399
6.09 2403
6.11 2407
6.12 2412
6.13 2417
6.14 2422
6.15 2425
6.16 2431
6.17 2435
6.18 2439
6.19 2443
6.20 2449
6.21 2451
6.22 2455
6.23 2459
6.24 2464
6.25 2468
6.26 2473
6.27 2479
6.29 2482
6.30 2485
6.31 2490
6.32 2494
6.33 2498
6.34 2501
6.35 2502
6.36 2502
6.37 2506
6.38 2511
6.39 2514
6.40 2519
6.41 2524
6.42 2528
6.43 2535
6.44 2540
6.45 2544
6.47 2549
6.48 2555
6.49 2558
6.50 2564
6.51 2572
6.52 2576
6.53 2581
6.54 2585
6.55 2590
6.56 2595
6.57 2598
6.58 2603
6.59 2607
6.60 2612
6.61 2616
6.62 2620
6.63 2621
6.65 2629
6.66 2632
6.67 2635
6.68 2641
6.69 2646
6.70 2649
6.71 2650
6.72 2654
6.73 2660
6.74 2666
6.75 2673
6.76 2679
6.77 2687
6.78 2692
6.79 2695
6.80 2700
6.81 2706
6.82 2711
6.84 2715
6.85 2721
6.86 2725
6.87 2732
6.88 2734
6.89 2737
6.90 2741
6.91 2746
6.92 2750
6.93 2755
6.94 2762
6.95 2767
6.96 2772
6.97 2779
6.98 2785
6.99 2790
7.00 2793
7.02 2799
7.03 2803
7.04 2807
7.05 2812
7.06 2818
7.07 2823
7.08 2829
7.09 2832
7.10 2833
7.11 2836
7.12 2840
7.13 2848
7.14 2852
7.15 2854
7.16 2857
7.17 2864
7.18 2870
7.20 2875
7.21 2876
7.22 2880
7.23 2884
7.24 2890
7.25 2893
7.26 2898
7.27 2901
7.28 2904
7.29 2909
7.30 2916
7.31 2925
7.32 2929
7.33 2932
7.34 2935
7.35 2936
7.36 2940
7.38 2944
7.39 2948
7.40 2952
7.41 2955
7.42 2960
7.43 2964
7.44 2969
7.45 2973
7.46 2980
7.47 2987
7.48 2995
7.49 3001
7.50 3006
7.51 3012
7.52 3014
7.53 3016
7.54 3021
7.56 3029
7.57 3031
7.58 3035
7.59 3038
7.60 3047
7.61 3054
7.62 3062
7.63 3068
7.64 3075
7.65 3079
7.66 3082
7.67 3084
7.68 3088
7.69 3090
7.70 3094
7.71 3098
7.72 3104
7.73 3108
7.75 3112
7.76 3117
7.77 3124
7.78 3130
7.79 3134
7.80 3138
7.81 3143
7.82 3148
7.83 3153
7.84 3160
7.85 3166
7.86 3173
7.87 3174
7.88 3178
7.89 3183
7.90 3187
7.91 3195
7.93 3199
7.94 3203
7.95 3210
7.96 3216
7.97 3222
7.98 3229
7.99 3235
8.00 3241
8.01 3245
8.02 3249
8.03 3254
8.04 3256
8.05 3263
8.06 3269
8.07 3275
8.08 3286
8.09 3290
8.11 3294
8.12 3296
8.13 3297
8.14 3304
8.15 3309
8.16 3314
8.17 3316
8.18 3322
8.19 3323
8.20 3327
8.21 3332
8.22 3337
8.23 3343
8.24 3347
8.25 3349
8.26 3354
8.27 3361
8.29 3365
8.30 3369
8.31 3376
8.32 3379
8.33 3384
8.34 3388
8.35 3392
8.36 3395
8.37 3399
8.38 3400
8.39 3405
8.40 3411
8.41 3418
8.42 3424
8.43 3428
8.44 3432
8.45 3440
8.47 3447
8.48 3456
8.49 3461
8.50 3465
8.51 3469
8.52 3474
8.53 3477
8.54 3482
8.55 3487
8.56 3491
8.57 3498
8.58 3503
8.59 3508
8.60 3511
8.61 3515
8.62 3520
8.63 3528
8.64 3533
8.66 3538
8.67 3543
8.68 3548
8.69 3553
8.70 3555
8.71 3559
8.72 3562
8.73 3567
8.74 3570
8.75 3576
8.76 3580
8.77 3584
8.78 3589
8.79 3594
8.80 3597
8.81 3601
8.82 3603
8.84 3607
8.85 3610
8.86 3615
8.87 3622
8.88 3625
8.89 3630
8.90 3636
8.91 3639
8.92 3643
8.93 3645
8.94 3650
8.95 3656
8.96 3662
8.97 3669
8.98 3675
8.99 3681
9.00 3684
9.02 3692
9.03 3696
9.04 3700
9.05 3705
9.06 3709
9.07 3711
9.08 3715
9.09 3718
9.10 3724
9.11 3727
9.12 3733
9.13 3737
9.14 3739
9.15 3742
9.16 3748
9.17 3752
9.18 3756
9.20 3758
9.21 3761
9.22 3764
9.23 3768
9.24 3771
9.25 3776
9.26 3780
9.27 3784
9.28 3789
9.29 3794
9.30 3799
9.31 3801
9.32 3808
9.33 3815
9.34 3820
9.35 3825
9.36 3833
9.38 3840
9.39 3843
9.40 3847
9.41 3855
9.42 3863
9.43 3869
9.44 3875
9.45 3880
9.46 3887
9.47 3891
9.48 3894
9.49 3897
9.50 3903
9.51 3909
9.52 3912
9.53 3915
9.54 3918
9.55 3920
9.57 3924
9.58 3928
9.59 3933
9.60 3934
9.61 3937
9.62 3940
9.63 3941
9.64 3945
9.65 3951
9.66 3954
9.67 3957
9.68 3963
9.69 3968
9.70 3973
9.71 3976
9.72 3984
9.73 3989
9.75 3993
9.76 3996
9.77 3999
9.78 4002
9.79 4005
9.80 4008
9.81 4014
9.82 4019
9.83 4023
9.84 4028
9.85 4031
9.86 4034
9.87 4034
9.88 4037
9.89 4040
9.90 4046
9.91 4050
9.93 4055
9.94 4061
9.95 4067
9.96 4069
9.97 4074
9.98 4075
9.99 4081
10.00 4084
10.01 4089
10.02 4094
10.03 4097
10.04 4101
10.05 4107
10.06 4112
10.07 4119
10.08 4123
10.09 4128
10.11 4133
10.12 4140
10.13 4144
10.14 4147
10.15 4151
10.16 4156
10.17 4160
10.18 4162
10.19 4165
10.20 4165
10.21 4170
10.22 4173
10.23 4177
10.24 4182
10.25 4187
10.26 4192
10.27 4197
10.29 4201
10.30 4205
10.31 4210
10.32 4214
10.33 4218
10.34 4222
10.35 4229
10.36 4232
10.37 4234
10.38 4237
10.39 4242
10.40 4247
10.41 4255
10.42 4259
10.43 4265
10.44 4269
10.45 4271
10.46 4275
10.48 4281
10.49 4286
10.50 4289
10.51 4296
10.52 4300
10.53 4304
10.54 4309
10.55 4314
10.56 4318
10.57 4324
10.58 4326
10.59 4330
10.60 4334
10.61 4338
10.62 4343
10.63 4350
10.64 4356
10.66 4360
10.67 4363
10.68 4367
10.69 4371
10.70 4375
10.71 4380
10.72 4383
10.73 4387
10.74 4391
10.75 4398
10.76 4404
10.77 4406
10.78 4411
10.79 4416
10.80 4420
10.81 4427
10.82 4432
10.84 4436
10.85 4439
10.86 4443
10.87 4447
10.88 4451
10.89 4455
10.90 4460
10.91 4468
10.92 4473
10.93 4477
10.94 4481
10.95 4483
10.96 4488
10.97 4490
10.98 4496
10.99 4499
11.00 4502
11.02 4506
11.03 4510
11.04 4512
11.05 4513
11.06 4518
11.07 4523
11.08 4526
11.09 4530
11.10 4534
11.11 4537
11.12 4542
11.13 4549
11.14 4553
11.15 4555
11.16 4561
11.17 4566
11.18 4569
11.20 4572
11.21 4577
11.22 4584
11.23 4590
11.24 4596
11.25 4600
11.26 4609
11.27 4615
11.28 4620
11.29 4625
11.30 4628
11.31 4633
11.32 4638
11.33 4642
11.34 4645
11.35 4650
11.36 4655
11.37 4659
11.39 4663
11.40 4668
11.41 4673
11.42 4677
11.43 4685
11.44 4693
11.45 4702
11.46 4709
11.47 4713
11.48 4717
11.49 4721
11.50 4728
11.51 4733
11.52 4740
11.53 4742
11.54 4746
11.55 4752
11.57 4757
11.58 4761
11.59 4765
11.60 4768
11.61 4772
11.62 4779
11.63 4783
11.64 4789
11.65 4794
11.66 4800
11.67 4805
11.68 4809
11.69 4813
11.70 4820
11.71 4825
11.72 4828
11.73 4833
11.75 4838
11.76 4841
11.77 4849
11.78 4854
11.79 4859
11.80 4865
11.81 4873
11.82 4878
11.83 4881
11.84 4885
11.85 4889
11.86 4891
11.87 4896
11.88 4901
11.89 4904
11.90 4907
11.91 4911
11.93 4917
11.94 4922
11.95 4927
11.96 4930
11.97 4934
11.98 4936
11.99 4942
12.00 4945
12.01 4946
12.02 4951
12.03 4954
12.04 4957
12.05 4959
12.06 4962
12.07 4963
12.08 4966
12.09 4969
12.11 4973
12.12 4979
12.13 4987
12.14 4991
12.15 4997
12.16 5003
12.17 5008
12.18 5012
12.19 5015
12.20 5017
12.21 5020
12.22 5026
12.23 5032
12.24 5036
12.25 5040
12.26 5046
12.27 5052
12.28 5056
12.30 5059
12.31 5063
12.32 5069
12.33 5075
12.34 5080
12.35 5084
12.36 5085
12.37 5087
12.38 5093
12.39 5098
12.40 5104
12.41 5108
12.42 5112
12.43 5118
12.44 5125
12.45 5128
12.46 5134
12.48 5139
12.49 5144
12.50 5148
12.51 5154
12.52 5160
12.53 5164
12.54 5171
12.55 5178
12.56 5183
12.57 5188
12.58 5195
12.59 5199
12.60 5205
12.61 5211
12.62 5220
12.63 5223
12.64 5228
12.66 5236
12.67 5242
12.68 5250
12.69 5254
12.70 5260
12.71 5267
12.72 5275
12.73 5279
12.74 5283
12.75 5286
12.76 5290
12.77 5296
12.78 5299
12.79 5303
12.80 5310
12.81 5314
12.82 5320
12.84 5326
12.85 5330
12.86 5333
12.87 5340
12.88 5344
12.89 5348
12.90 5351
12.91 5354
12.92 5357
12.93 5360
12.94 5366
12.95 5370
12.96 5373
12.97 5378
12.98 5382
12.99 5389
13.00 5395
13.02 5398
13.03 5403
13.04 5405
13.05 5409
13.06 5412
13.07 5416
13.08 5420
13.09 5424
13.10 5429
13.11 5433
13.12 5437
13.13 5441
13.14 5447
13.15 5452
13.16 5454
13.17 5460
13.18 5465
13.19 5470
13.21 5473
13.22 5475
13.23 5479
13.24 5484
13.25 5489
13.26 5493
13.27 5500
13.28 5504
13.29 5509
13.30 5512
13.31 5515
13.32 5519
13.33 5522
13.34 5527
13.35 5531
13.36 5537
13.37 5543
13.39 5547
13.40 5554
13.41 5559
13.42 5565
13.43 5568
13.44 5573
13.45 5575
13.46 5579
13.47 5583
13.48 5585
13.49 5590
13.50 5595
13.51 5599
13.52 5604
13.53 5611
13.54 5613
13.55 5617
13.57 5620
13.58 5623
13.59 5627
13.60 5632
13.61 5636
13.62 5642
13.63 5646
13.64 5652
13.65 5657
13.66 5662
13.67 5668
13.68 5673
13.69 5678
13.70 5683
13.71 5688
13.72 5695
13.73 5700
13.75 5704
13.76 5710
13.77 5714
13.78 5716
13.79 5720
13.80 5723
13.81 5729
13.82 5732
13.83 5736
13.84 5740
13.85 5743
13.86 5747
13.87 5755
13.88 5759
13.89 5764
13.90 5768
13.91 5772
13.93 5780
13.94 5785
13.95 5791
13.96 5796
13.97 5800
13.98 5805
13.99 5807
14.00 5810
14.01 5812
14.02 5816
14.03 5817
14.04 5820
14.05 5822
14.06 5827
14.07 5832
14.08 5837
14.09 5840
14.10 5843
14.12 5846
14.13 5851
14.14 5854
14.15 5857
14.16 5859
14.17 5862
14.18 5866
14.19 5873
14.20 5876
14.21 5881
14.22 5884
14.23 5890
14.24 5893
14.25 5899
14.26 5905
14.27 5911
14.28 5916
14.30 5922
14.31 5927
14.32 5931
14.33 5936
14.34 5939
14.35 5942
14.36 5947
14.37 5949
14.38 5955
14.39 5960
14.40 5965
14.41 5972
14.42 5976
14.43 5979
14.44 5983
14.45 5988
14.46 5993
14.48 5994
14.49 5997
14.50 6004
14.51 6012
14.52 6016
14.53 6021
14.54 6025
14.55 6031
14.56 6039
14.57 6045
14.58 6048
14.59 6052
14.60 6055
14.61 6057
14.62 6061
14.63 6063
14.64 6065
14.66 6067
14.67 6071
14.68 6079
14.69 6082
14.70 6087
14.71 6094
14.72 6099
14.73 6109
14.74 6114
14.75 6120
14.76 6122
14.77 6127
14.78 6131
14.79 6137
14.80 6142
14.81 6147
14.82 6154
14.83 6160
14.85 6167
14.86 6172
14.87 6177
14.88 6183
14.89 6187
14.90 6191
14.91 6193
14.92 6195
14.93 6199
14.94 6202
14.95 6206
14.96 6211
14.97 6213
14.98 6214
14.99 6217
15.00 6225
15.01 6227
15.03 6229
15.04 6235
15.05 6239
15.06 6243
15.07 6244
15.08 6248
15.09 6251
15.10 6255
15.11 6261
15.12 6263
15.13 6266
15.14 6269
15.15 6278
15.16 6282
15.17 6288
15.18 6293
15.19 6297
15.21 6301
15.22 6305
15.23 6309
15.24 6313
15.25 6319
15.26 6323
15.27 6327
15.28 6331
15.29 6336
15.30 6341
15.31 6344
15.32 6348
15.33 6353
15.34 6358
15.35 6363
15.36 6369
15.37 6372
15.39 6377
15.40 6381
15.41 6385
15.42 6390
15.43 6394
15.44 6398
15.45 6403
15.46 6408
15.47 6416
15.48 6421
15.49 6426
15.50 6431
15.51 6433
15.52 6436
15.53 6442
15.54 6446
15.55 6450
15.57 6454
15.58 6460
15.59 6464
15.60 6470
15.61 6474
15.62 6479
15.63 6483
15.64 6488
15.65 6495
15.66 6498
15.67 6504
15.68 6507
15.69 6510
15.70 6514
15.71 6518
15.72 6524
15.73 6527
15.74 6533
15.76 6537
15.77 6543
15.78 6547
15.79 6552
15.80 6557
15.81 6564
15.82 6569
15.83 6576
15.84 6579
15.85 6584
15.86 6588
15.87 6593
15.88 6596
15.89 6601
15.90 6606
15.91 6613
15.92 6619
15.94 6625
15.95 6630
15.96 6633
15.97 6638
15.98 6644
15.99 6649
16.00 6654
16.01 6658
16.02 6661
16.03 6663
16.04 6667
16.05 6672
16.06 6680
16.07 6681
16.08 6685
16.09 6687
16.10 6689
16.12 6693
16.13 6699
16.14 6703
16.15 6706
16.16 6710
16.17 6713
16.18 6715
16.19 6720
16.20 6724
16.21 6729
16.22 6735
16.23 6738
16.24 6743
16.25 6748
16.26 6751
16.27 6756
16.28 6759
16.30 6763
16.31 6766
16.32 6771
16.33 6775
16.34 6777
16.35 6780
16.36 6787
16.37 6792
16.38 6796
16.39 6800
16.40 6805
16.41 6810
16.42 6813
16.43 6821
16.44 6827
16.45 6834
16.46 6836
16.48 6837
16.49 6841
16.50 6847
16.51 6852
16.52 6857
16.53 6861
16.54 6862
16.55 6867
16.56 6870
16.57 6872
16.58 6876
16.59 6877
16.60 6879
16.61 6885
16.62 6890
16.63 6895
16.64 6900
16.65 6906
16.67 6914
16.68 6920
16.69 6925
16.70 6929
16.71 6935
16.72 6940
16.73 6945
16.74 6948
16.75 6953
16.76 6956
16.77 6960
16.78 6964
16.79 6970
16.80 6975
16.81 6978
16.82 6980
16.83 6986
16.85 6988
16.86 6990
16.87 6996
16.88 7001
16.89 7006
16.90 7011
16.91 7016
16.92 7023
16.93 7027
16.94 7033
16.95 7035
16.96 7039
16.97 7042
16.98 7049
16.99 7052
17.00 7057
17.01 7063
17.03 7066
17.04 7069
17.05 7073
17.06 7076
17.07 7081
17.08 7087
17.09 7092
17.10 7096
17.11 7101
17.12 7105
17.13 7111
17.14 7115
17.15 7123
17.16 7128
17.17 7133
17.18 7139
17.19 7145
17.21 7151
17.22 7156
17.23 7159
17.24 7165
17.25 7172
17.26 7177
17.27 7180
17.28 7184
17.29 7189
17.30 7193
17.31 7198
17.32 7204
17.33 7212
17.34 7217
17.35 7222
17.36 7226
17.37 7229
17.39 7236
17.40 7239
17.41 7241
17.42 7246
17.43 7252
17.44 7257
17.45 7261
17.46 7267
17.47 7271
17.48 7276
17.49 7280
17.50 7283
17.51 7288
17.52 7291
17.53 7294
17.54 7299
17.55 7305
17.56 7310
17.58 7314
17.59 7320
17.60 7328
17.61 7333
17.62 7337
17.63 7340
17.64 7345
17.65 7350
17.66 7355
17.67 7358
17.68 7362
17.69 7365
17.70 7372
17.71 7376
17.72 7382
17.73 7389
17.74 7394
17.76 7399
17.77 7402
17.78 7405
17.79 7409
17.80 7416
17.81 7421
17.82 7426
17.83 7430
17.84 7436
17.85 7439
17.86 7442
17.87 7445
17.88 7449
17.89 7455
17.90 7460
17.91 7463
17.92 7465
17.94 7471
17.95 7474
17.96 7478
17.97 7482
17.98 7486
17.99 7489
18.00 7493
18.01 7499
18.02 7504
18.03 7509
18.04 7511
18.05 7515
18.06 7517
18.07 7523
18.08 7526
18.09 7533
18.10 7536
18.12 7540
18.13 7544
18.14 7550
18.15 7553
18.16 7560
18.17 7567
18.18 7574
18.19 7582
18.20 7586
18.21 7590
18.22 7595
18.23 7601
18.24 7604
18.25 7609
18.26 7614
18.27 7618
18.28 7622
18.30 7628
18.31 7633
18.32 7640
18.33 7648
18.34 7654
18.35 7657
18.36 7664
18.37 7667
18.38 7670
18.39 7674
18.40 7684
18.41 7690
18.42 7694
18.43 7700
18.44 7706
18.45 7710
18.46 7714
18.47 7722
18.49 7728
18.50 7732
18.51 7737
18.52 7743
18.53 7751
18.54 7753
18.55 7758
18.56 7766
18.57 7773
18.58 7780
18.59 7785
18.60 7786
18.61 7790
18.62 7797
18.63 7799
18.64 7801
18.65 7805
18.67 7809
18.68 7814
18.69 7817
18.70 7822
18.71 7825
18.72 7830
18.73 7834
18.74 7838
18.75 7842
18.76 7848
18.77 7854
18.78 7858
18.79 7862
18.80 7863
18.81 7870
18.82 7878
18.83 7881
18.85 7882
18.86 7885
18.87 7889
18.88 7894
18.89 7898
18.90 7903
18.91 7909
18.92 7914
18.93 7918
18.94 7920
18.95 7929
18.96 7935
18.97 7941
18.98 7942
18.99 7945
19.00 7949
19.01 7953
19.03 7957
19.04 7963
19.05 7966
19.06 7971
19.07 7974
19.08 7975
19.09 7978
19.10 7983
19.11 7986
19.12 7986
19.13 7990
19.14 7995
19.15 7999
19.16 8007
19.17 8010
19.18 8017
19.19 8020
19.21 8023
19.22 8028
19.23 8033
19.24 8037
19.25 8043
19.26 8049
19.27 8054
19.28 8060
19.29 8063
19.30 8068
19.31 8073
19.32 8078
19.33 8083
19.34 8089
19.35 8097
19.36 8103
19.37 8108
19.38 8111
19.40 8115
19.41 8117
19.42 8120
19.43 8123
19.44 8127
19.45 8130
19.46 8134
19.47 8141
19.48 8148
19.49 8153
19.50 8157
19.51 8162
19.52 8168
19.53 8173
19.54 8177
19.55 8183
19.56 8193
19.58 8199
19.59 8204
19.60 8208
19.61 8215
19.62 8221
19.63 8227
19.64 8233
19.65 8239
19.66 8244
19.67 8248
19.68 8252
19.69 8253
19.70 8254
19.71 8260
19.72 8261
19.73 8264
19.74 8268
19.76 8276
19.77 8279
19.78 8286
19.79 8289
19.80 8293
19.81 8298
19.82 8301
19.83 8305
19.84 8310
19.85 8313
19.86 8317
19.87 8320
19.88 8326
19.89 8331
19.90 8334
19.91 8337
19.92 8339
19.94 8343
19.95 8345
19.96 8349
19.97 8354
19.98 8355
19.99 8357
20.00 8361
20.01 8364
20.02 8367
20.03 8370
20.04 8373
20.05 8377
20.06 8381
20.07 8388
20.08 8393
20.09 8395
20.10 8402
20.12 8406
20.13 8409
20.14 8415
20.15 8418
20.16 8421
20.17 8426
20.18 8432
20.19 8439
20.20 8447
20.21 8450
20.22 8453
20.23 8454
20.24 8456
20.25 8461
20.26 8463
20.27 8464
20.28 8468
20.29 8471
20.31 8475
20.32 8482
20.33 8490
20.34 8494
20.35 8499
20.36 8504
20.37 8508
20.38 8513
20.39 8517
20.40 8525
20.41 8530
20.42 8538
20.43 8540
20.44 8547
20.45 8553
20.46 8562
20.47 8564
20.49 8568
20.50 8573
20.51 8578
20.52 8582
20.53 8583
20.54 8592
20.55 8595
20.56 8600
20.57 8603
20.58 8604
20.59 8609
20.60 8611
20.61 8612
20.62 8614
20.63 8617
20.64 8621
20.65 8625
20.67 8630
20.68 8635
20.69 8641
20.70 8645
20.71 8653
20.72 8658
20.73 8663
20.74 8666
20.75 8671
20.76 8672
20.77 8678
20.78 8684
20.79 8686
20.80 8690
20.81 8692
20.82 8698
20.83 8703
20.85 8706
20.86 8709
20.87 8715
20.88 8719
20.89 8726
20.90 8732
20.91 8737
20.92 8740
20.93 8744
20.94 8749
20.95 8755
20.96 8761
20.97 8767
20.98 8771
20.99 8775
21.00 8777
21.01 8778
21.03 8780
21.04 8782
21.05 8788
21.06 8793
21.07 8797
21.08 8797
21.09 8800
21.10 8805
21.11 8807
21.12 8808
21.13 8815
21.14 8817
21.15 8822
21.16 8828
21.17 8831
21.18 8834
21.19 8842
21.20 8848
21.22 8852
21.23 8858
21.24 8864
21.25 8868
21.26 8871
21.27 8876
21.28 8881
21.29 8886
21.30 8892
21.31 8897
21.32 8900
21.33 8907
21.34 8913
21.35 8916
21.36 8922
21.37 8928
21.38 8932
21.40 8938
21.41 8941
21.42 8948
21.43 8952
21.44 8959
21.45 8964
21.46 8967
21.47 8974
21.48 8980
21.49 8984
21.50 8989
21.51 8992
21.52 8997
21.53 9001
21.54 9007
21.55 9010
21.56 9017
21.58 9022
21.59 9026
21.60 9032
21.61 9037
21.62 9043
21.63 9048
21.64 9053
21.65 9055
21.66 9059
21.67 9062
21.68 9066
21.69 9072
21.70 9075
21.71 9080
21.72 9084
21.73 9091
21.74 9094
21.76 9096
21.77 9102
21.78 9109
21.79 9117
21.80 9122
21.81 9127
21.82 9133
21.83 9136
21.84 9141
21.85 9146
21.86 9147
21.87 9150
21.88 9152
21.89 9153
21.90 9157
21.91 9159
21.92 9161
21.94 9163
21.95 9167
21.96 9168
21.97 9171
21.98 9174
21.99 9178
22.00 9181
22.01 9186
22.02 9188
22.03 9189
22.04 9190
22.05 9196
22.06 9199
22.07 9202
22.08 9206
22.09 9209
22.10 9213
22.11 9216
22.13 9220
22.14 9224
22.15 9226
22.16 9228
22.17 9231
22.18 9233
22.19 9237
22.20 9241
22.21 9247
22.22 9252
22.23 9254
22.24 9257
22.25 9259
22.26 9262
22.27 9265
22.28 9270
22.29 9271
22.31 9273
22.32 9276
22.33 9279
22.34 9286
22.35 9292
22.36 9296
22.37 9300
22.38 9300
22.39 9304
22.40 9305
22.41 9305
22.42 9308
22.43 9311
22.44 9313
22.45 9314
22.46 9315
22.47 9320
22.49 9323
22.50 9324
22.51 9324
22.52 9327
22.53 9331
22.54 9335
22.55 9336
22.56 9338
22.57 9341
22.58 9343
22.59 9346
22.60 9347
22.61 9351
22.62 9352
22.63 9360
22.64 9363
22.65 9364
22.67 9364
22.68 9366
22.69 9374
22.70 9376
22.71 9381
22.72 9383
22.73 9383
22.74 9386
22.75 9388
22.76 9394
22.77 9402
22.78 9405
22.79 9410
22.80 9415
22.81 9421
22.82 9426
22.83 9432
22.85 9443
22.86 9450
22.87 9454
22.88 9458
22.89 9460
22.90 9462
22.91 9471
22.92 9476
22.93 9478
22.94 9483
22.95 9489
22.96 9494
22.97 9496
22.98 9504
22.99 9506
23.00 9508
23.01 9513
23.02 9517
23.04 9521
23.05 9522
23.06 9527
23.07 9531
23.08 9533
23.09 9535
23.10 9543
23.11 9546
23.12 9551
23.13 9555
23.14 9562
23.15 9565
23.16 9573
23.17 9577
23.18 9580
23.19 9581
23.20 9584
23.22 9590
23.23 9593
23.24 9598
23.25 9602
23.26 9610
23.27 9615
23.28 9618
23.29 9624
23.30 9628
23.31 9632
23.32 9634
23.33 9640
23.34 9642
23.35 9645
23.36 9650
23.37 9657
23.38 9662
23.40 9669
23.41 9675
23.42 9679
23.43 9684
23.44 9692
23.45 9698
23.46 9702
23.47 9709
23.48 9714
23.49 9719
23.50 9721
23.51 9727
23.52 9730
23.53 9732
23.54 9738
23.55 9744
23.56 9749
23.58 9756
23.59 9764
23.60 9769
23.61 9772
23.62 9777
23.63 9779
23.64 9783
23.65 9786
23.66 9788
23.67 9792
23.68 9794
23.69 9795
23.70 9798
23.71 9800
23.72 9804
23.73 9808
23.74 9812
23.76 9814
23.77 9818
23.78 9818
23.79 9825
23.80 9828
23.81 9832
23.82 9834
23.83 9839
23.84 9848
23.85 9852
23.86 9859
23.87 9863
23.88 9868
23.89 9875
23.90 9878
23.91 9881
23.92 9883
23.93 9885
23.95 9886
23.96 9888
23.97 9889
23.98 9891
23.99 9893
24.00 9894
24.01 9897
24.02 9900
24.03 9901
24.04 9903
24.05 9906
24.06 9906
24.07 9907
24.08 9908
24.09 9914
24.10 9917
24.11 9920
24.13 9921
24.14 9923
24.15 9927
24.16 9933
24.17 9937
24.18 9945
24.19 9950
24.20 9959
24.21 9966
24.22 9970
24.23 9970
24.24 9971
24.25 9974
24.26 9976
24.27 9976
24.28 9978
24.29 9980
24.31 9984
24.32 9984
24.33 9988
24.34 9990
24.35 9991
24.36 9992
24.37 9994
24.38 9997
24.39 9997
24.40 9998
24.41 9998
24.42 9998
24.43 10001
24.44 10002
24.45 10002
24.46 10003
24.47 10003
24.49 10003
24.50 10003
24.51 10005
24.52 10005
24.53 10005
24.54 10005
24.55 10006
24.56 10006
24.57 10006
24.58 10007
24.59 10007
24.60 10008
24.61 10009
24.62 10010
24.63 10010
24.64 10012
24.65 10014
24.67 10016
24.68 10016
24.69 10021
24.70 10023
24.71 10024
24.72 10024
24.73 10026
24.74 10027
24.75 10027
24.76 10028
24.77 10028
24.78 10028
24.79 10030
24.80 10031
24.81 10031
24.82 10032
24.83 10033
24.84 10036
24.86 10036
24.87 10039
24.88 10043
24.89 10044
24.90 10044
24.91 10046
24.92 10046
24.93 10047
24.94 10048
24.95 10048
24.96 10048
24.97 10049
24.98 10050
24.99 10050
25.00 10052
25.01 10053
25.02 10055
25.04 10055
25.05 10056
25.06 10056
25.07 10056
25.08 10056
25.09 10058
25.10 10060
25.11 10060
25.12 10061
25.13 10061
25.14 10061
25.15 10064
25.16 10065
25.17 10065
25.18 10065
25.19 10065
25.20 10069
25.22 10070
25.23 10070
25.24 10071
25.25 10071
25.26 10071
25.27 10071
25.28 10073
25.29 10074
25.30 10074
25.31 10074
25.32 10074
25.33 10074
25.34 10074
25.35 10076
25.36 10078
25.37 10078
25.38 10078
25.40 10080
25.41 10082
25.42 10082
25.43 10083
25.44 10083
25.45 10083
25.46 10083
25.47 10084
25.48 10093
25.49 10093
25.50 10093
25.51 10094
25.52 10094
25.53 10094
25.54 10098
25.55 10100
25.56 10100
25.58 10100
25.59 10100
25.60 10101
25.61 10102
25.62 10102
25.63 10102
25.64 10102
25.65 10102
25.66 10102
25.67 10105
25.68 10107
25.69 10107
25.70 10107
25.71 10107
25.72 10107
25.73 10107
25.74 10113
25.75 10113
25.77 10113
25.78 10114
25.79 10114
25.80 10115
25.81 10115
25.82 10116
25.83 10116
25.84 10116
25.85 10116
25.86 10116
25.87 10116
25.88 10118
25.89 10118
25.90 10118
25.91 10123
25.92 10124
25.93 10124
25.95 10124
25.96 10124
25.97 10127
25.98 10127
25.99 10127
26.00 10128
26.01 10128
26.02 10128
26.03 10128
26.04 10128
26.05 10128
26.06 10128
26.07 10129
26.08 10129
26.09 10130
26.10 10135
26.11 10136
26.13 10136
26.14 10136
26.15 10136
26.16 10136
26.17 10136
26.18 10137
26.19 10137
26.20 10137
26.21 10137
26.22 10137
26.23 10137
26.24 10137
26.25 10137
26.26 10137
26.27 10140
26.28 10141
26.29 10142
26.31 10145
26.32 10147
26.33 10150
26.34 10150
26.35 10155
26.36 10158
26.37 10161
26.38 10161
26.39 10167
26.40 10170
26.41 10170
26.42 10177
26.43 10184
26.44 10191
26.45 10197
26.46 10201
26.47 10207
26.49 10215
26.50 10221
26.51 10228
26.52 10234
26.53 10240
26.54 10245
26.55 10253
26.56 10262
26.57 10269
26.58 10277
26.59 10282
26.60 10287
26.61 10290
26.62 10295
26.63 10301
26.64 10308
26.65 10314
26.66 10318
26.68 10321
26.69 10325
26.70 10331
26.71 10339
26.72 10343
26.73 10349
26.74 10354
26.75 10359
26.76 10367
26.77 10372
26.78 10377
26.79 10383
26.80 10388
26.81 10391
26.82 10396
26.83 10405
26.84 10411
26.86 10416
26.87 10420
26.88 10423
26.89 10428
26.90 10431
26.91 10436
26.92 10440
26.93 10445
26.94 10449
26.95 10455
26.96 10460
26.97 10465
26.98 10470
26.99 10474
27.00 10478
27.01 10483
27.02 10487
27.04 10493
27.05 10499
27.06 10504
27.07 10511
27.08 10516
27.09 10522
27.10 10526
27.11 10531
27.12 10535
27.13 10541
27.14 10544
27.15 10547
27.16 10552
27.17 10558
27.18 10563
27.19 10567
27.20 10574
27.22 10579
27.23 10584
27.24 10588
27.25 10594
27.26 10599
27.27 10604
27.28 10610
27.29 10615
27.30 10620
27.31 10624
27.32 10628
27.33 10635
27.34 10640
27.35 10645
27.36 10648
27.37 10656
27.38 10661
27.40 10664
27.41 10668
27.42 10669
27.43 10673
27.44 10674
27.45 10675
27.46 10681
27.47 10685
27.48 10691
27.49 10694
27.50 10698
27.51 10701
27.52 10706
27.53 10709
27.54 10711
27.55 10715
27.56 10718
27.57 10722
27.59 10728
27.60 10734
27.61 10741
27.62 10746
27.63 10750
27.64 10753
27.65 10756
27.66 10759
27.67 10764
27.68 10769
27.69 10776
27.70 10777
27.71 10783
27.72 10789
27.73 10793
27.74 10797
27.75 10801
27.77 10804
27.78 10811
27.79 10817
27.80 10822
27.81 10826
27.82 10830
27.83 10832
27.84 10834
27.85 10836
27.86 10837
27.87 10844
27.88 10847
27.89 10851
27.90 10854
27.91 10859
27.92 10863
27.93 10868
27.95 10872
27.96 10876
27.97 10881
27.98 10885
27.99 10886
28.00 10889
28.01 10897
28.02 10904
28.03 10909
28.04 10912
28.05 10918
28.06 10921
28.07 10926
28.08 10929
28.09 10934
28.10 10941
28.11 10948
28.13 10953
28.14 10956
28.15 10962
28.16 10966
28.17 10970
28.18 10974
28.19 10981
28.20 10985
28.21 10992
28.22 10997
28.23 11001
28.24 11008
28.25 11012
28.26 11015
28.27 11018
28.28 11022
28.29 11024
28.31 11028
28.32 11033
28.33 11037
28.34 11039
28.35 11044
28.36 11046
28.37 11051
28.38 11054
28.39 11058
28.40 11060
28.41 11060
28.42 11063
28.43 11065
28.44 11067
28.45 11073
28.46 11075
28.47 11082
28.48 11087
28.50 11090
28.51 11095
28.52 11098
28.53 11100
28.54 11107
28.55 11111
28.56 11116
28.57 11120
28.58 11124
28.59 11126
28.60 11132
28.61 11138
28.62 11143
28.63 11148
28.64 11151
28.65 11155
28.66 11158
28.68 11160
28.69 11163
28.70 11169
28.71 11172
28.72 11179
28.73 11187
28.74 11193
28.75 11201
28.76 11207
28.77 11211
28.78 11216
28.79 11222
28.80 11229
28.81 11236
28.82 11241
28.83 11244
28.84 11249
28.86 11256
28.87 11260
28.88 11261
28.89 11266
28.90 11272
28.91 11277
28.92 11283
28.93 11290
28.94 11296
28.95 11303
28.96 11309
28.97 11315
28.98 11319
28.99 11324
29.00 11327
29.01 11333
29.02 11338
29.04 11341
29.05 11349
29.06 11353
29.07 11358
29.08 11364
29.09 11368
29.10 11371
29.11 11375
29.12 11380
29.13 11382
29.14 11387
29.15 11392
29.16 11399
29.17 11403
29.18 11410
29.19 11413
29.20 11417
29.21 11422
29.23 11430
29.24 11436
29.25 11442
29.26 11448
29.27 11455
29.28 11460
29.29 11463
29.30 11470
29.31 11474
29.32 11479
29.33 11482
29.34 11487
29.35 11493
29.36 11499
29.37 11506
29.38 11509
29.39 11513
29.41 11516
29.42 11521
29.43 11524
29.44 11529
29.45 11534
29.46 11540
29.47 11545
29.48 11548
29.49 11555
29.50 11561
29.51 11565
29.52 11570
29.53 11577
29.54 11582
29.55 11588
29.56 11591
29.57 11597
29.59 11601
29.60 11608
29.61 11611
29.62 11619
29.63 11622
29.64 11628
29.65 11634
29.66 11640
29.67 11647
29.68 11653
29.69 11659
29.70 11665
29.71 11670
29.72 11675
29.73 11681
29.74 11687
29.75 11694
29.77 11700
29.78 11707
29.79 11711
29.80 11716
29.81 11721
29.82 11724
29.83 11730
29.84 11736
29.85 11739
29.86 11745
29.87 11747
29.88 11751
29.89 11756
29.90 11764
29.91 11766
29.92 11772
29.93 11776
29.95 11781
29.96 11786
29.97 11790
29.98 11793
29.99 11799
30.00 11804
30.01 11807
30.02 11810
30.03 11817
30.04 11821
30.05 11825
30.06 11828
30.07 11832
30.08 11838
30.09 11845
30.10 11851
30.11 11855
30.12 11862
30.14 11869
30.15 11873
30.16 11876
30.17 11883
30.18 11888
30.19 11894
30.20 11898
30.21 11903
30.22 11910
30.23 11915
30.24 11920
30.25 11923
30.26 11932
30.27 11935
30.28 11940
30.29 11946
30.30 11953
30.32 11956
30.33 11961
30.34 11966
30.35 11972
30.36 11976
30.37 11982
30.38 11986
30.39 11991
30.40 11997
30.41 12005
30.42 12010
30.43 12015
30.44 12020
30.45 12026
30.46 12032
30.47 12037
30.48 12041
30.50 12044
30.51 12052
30.52 12057
30.53 12060
30.54 12064
30.55 12070
30.56 12076
30.57 12082
30.58 12088
30.59 12095
30.60 12101
30.61 12106
30.62 12109
30.63 12114
30.64 12120
30.65 12125
30.66 12130
30.68 12134
30.69 12140
30.70 12145
30.71 12150
30.72 12155
30.73 12159
30.74 12164
30.75 12168
30.76 12174
30.77 12180
30.78 12186
30.79 12191
30.80 12198
30.81 12203
30.82 12206
30.83 12214
30.84 12218
30.86 12222
30.87 12227
30.88 12233
30.89 12238
30.90 12242
30.91 12248
30.92 12251
30.93 12255
30.94 12261
30.95 12265
30.96 12270
30.97 12274
30.98 12278
30.99 12283
31.00 12288
31.01 12290
31.02 12293
31.03 12297
31.05 12301
31.06 12304
31.07 12308
31.08 12313
31.09 12319
31.10 12325
31.11 12330
31.12 12332
31.13 12339
31.14 12343
31.15 12350
31.16 12355
31.17 12360
31.18 12363
31.19 12368
31.20 12374
31.21 12381
31.23 12384
31.24 12389
31.25 12392
31.26 12396
31.27 12398
31.28 12403
31.29 12407
31.30 12412
31.31 12417
31.32 12422
31.33 12427
31.34 12433
31.35 12439
31.36 12441
31.37 12443
31.38 12448
31.39 12452
31.41 12455
31.42 12462
31.43 12466
31.44 12468
31.45 12473
31.46 12480
31.47 12486
31.48 12491
31.49 12495
31.50 12499
31.51 12505
31.52 12509
31.53 12514
31.54 12521
31.55 12527
31.56 12534
31.57 12540
31.59 12546
31.60 12552
31.61 12557
31.62 12564
31.63 12569
31.64 12573
31.65 12577
31.66 12584
31.67 12590
31.68 12596
31.69 12604
31.70 12609
31.71 12614
31.72 12619
31.73 12623
31.74 12626
31.75 12631
31.77 12633
31.78 12641
31.79 12647
31.80 12652
31.81 12657
31.82 12663
31.83 12668
31.84 12673
31.85 12679
31.86 12683
31.87 12688
31.88 12693
31.89 12697
31.90 12701
31.91 12704
31.92 12709
31.93 12714
31.94 12718
31.96 12723
31.97 12728
31.98 12732
31.99 12736
32.00 12740
32.01 12744
32.02 12751
32.03 12758
32.04 12763
32.05 12769
32.06 12775
32.07 12779
32.08 12784
32.09 12787
32.10 12791
32.11 12796
32.12 12802
32.14 12808
32.15 12814
32.16 12817
32.17 12825
32.18 12828
32.19 12831
32.20 12836
32.21 12839
32.22 12845
32.23 12849
32.24 12852
32.25 12857
32.26 12862
32.27 12866
32.28 12873
32.29 12877
32.30 12883
32.32 12889
32.33 12892
32.34 12897
32.35 12900
32.36 12905
32.37 12910
32.38 12915
32.39 12919
32.40 12925
32.41 12930
32.42 12935
32.43 12941
32.44 12946
32.45 12951
32.46 12954
32.47 12958
32.48 12963
32.50 12967
32.51 12969
32.52 12972
32.53 12975
32.54 12979
32.55 12981
32.56 12989
32.57 12994
32.58 12997
32.59 13003
32.60 13008
32.61 13011
32.62 13016
32.63 13020
32.64 13024
32.65 13027
32.66 13034
32.68 13037
32.69 13041
32.70 13045
32.71 13049
32.72 13055
32.73 13060
32.74 13065
32.75 13070
32.76 13076
32.77 13080
32.78 13086
32.79 13090
32.80 13097
32.81 13103
32.82 13108
32.83 13114
32.84 13121
32.85 13127
32.87 13131
32.88 13135
32.89 13140
32.90 13144
32.91 13149
32.92 13149
32.93 13150
32.94 13156
32.95 13163
32.96 13166
32.97 13170
32.98 13174
32.99 13181
33.00 13187
33.01 13190
33.02 13194
33.03 13201
33.05 13206
33.06 13211
33.07 13217
33.08 13223
33.09 13228
33.10 13234
33.11 13240
33.12 13244
33.13 13249
33.14 13255
33.15 13258
33.16 13263
33.17 13267
33.18 13269
33.19 13273
33.20 13277
33.21 13283
33.23 13288
33.24 13294
33.25 13299
33.26 13304
33.27 13307
33.28 13311
33.29 13317
33.30 13320
33.31 13325
33.32 13332
33.33 13336
33.34 13341
33.35 13344
33.36 13346
33.37 13347
33.38 13354
33.39 13357
33.41 13365
33.42 13371
33.43 13379
33.44 13383
33.45 13389
33.46 13394
33.47 13401
33.48 13405
33.49 13412
33.50 13417
33.51 13420
33.52 13424
33.53 13428
33.54 13432
33.55 13435
33.56 13438
33.57 13446
33.59 13452
33.60 13456
33.61 13462
33.62 13463
33.63 13467
33.64 13471
33.65 13475
33.66 13481
33.67 13486
33.68 13491
33.69 13494
33.70 13498
33.71 13504
33.72 13510
33.73 13515
33.74 13516
33.75 13521
33.76 13525
33.78 13531
33.79 13537
33.80 13542
33.81 13547
33.82 13553
33.83 13557
33.84 13562
33.85 13567
33.86 13571
33.87 13578
33.88 13585
33.89 13591
33.90 13594
33.91 13598
33.92 13603
33.93 13604
33.94 13605
33.96 13608
33.97 13614
33.98 13618
33.99 13623
34.00 13628
34.01 13630
34.02 13636
34.03 13642
34.04 13647
34.05 13652
34.06 13656
34.07 13663
34.08 13669
34.09 13675
34.10 13679
34.11 13684
34.12 13689
34.14 13693
34.15 13696
34.16 13700
34.17 13703
34.18 13708
34.19 13713
34.20 13717
34.21 13722
34.22 13728
34.23 13733
34.24 13735
34.25 13738
34.26 13741
34.27 13746
34.28 13751
34.29 13756
34.30 13760
34.32 13764
34.33 13768
34.34 13774
34.35 13779
34.36 13785
34.37 13792
34.38 13795
34.39 13798
34.40 13801
34.41 13806
34.42 13809
34.43 13813
34.44 13814
34.45 13814
34.46 13818
34.47 13824
34.48 13826
34.50 13828
34.51 13833
34.52 13841
34.53 13844
34.54 13844
34.55 13844
34.56 13844
34.57 13844
34.58 13844
34.59 13851
34.60 13857
34.61 13859
34.62 13866
34.63 13869
34.64 13873
34.65 13878
34.66 13882
34.67 13885
34.69 13889
34.70 13894
34.71 13897
34.72 13903
34.73 13904
34.74 13908
34.75 13911
34.76 13916
34.77 13919
34.78 13924
34.79 13928
34.80 13932
34.81 13933
34.82 13939
34.83 13945
34.84 13950
34.85 13956
34.87 13960
34.88 13967
34.89 13974
34.90 13979
34.91 13985
34.92 13989
34.93 13993
34.94 13997
34.95 14000
34.96 14004
34.97 14008
34.98 14012
34.99 14016
35.00 14020
35.01 14023
35.02 14026
35.03 14032
35.05 14036
35.06 14039
35.07 14040
35.08 14044
35.09 14048
35.10 14053
35.11 14055
35.12 14056
35.13 14059
35.14 14064
35.15 14069
35.16 14074
35.17 14080
35.18 14084
35.19 14088
35.20 14095
35.21 14101
35.23 14108
35.24 14112
35.25 14116
35.26 14122
35.27 14126
35.28 14131
35.29 14137
35.30 14141
35.31 14144
35.32 14148
35.33 14151
35.34 14157
35.35 14162
35.36 14166
35.37 14168
35.38 14173
35.39 14177
35.41 14181
35.42 14186
35.43 14188
35.44 14191
35.45 14197
35.46 14200
35.47 14205
35.48 14208
35.49 14213
35.50 14216
35.51 14224
35.52 14227
35.53 14231
35.54 14234
35.55 14238
35.56 14246
35.57 14251
35.58 14257
35.60 14262
35.61 14266
35.62 14272
35.63 14275
35.64 14278
35.65 14285
35.66 14289
35.67 14293
35.68 14300
35.69 14304
35.70 14309
35.71 14311
35.72 14315
35.73 14321
35.74 14326
35.75 14329
35.76 14336
35.78 14340
35.79 14346
35.80 14351
35.81 14356
35.82 14361
35.83 14366
35.84 14370
35.85 14376
35.86 14381
35.87 14387
35.88 14393
35.89 14397
35.90 14403
35.91 14407
35.92 14410
35.93 14415
35.94 14422
35.96 14426
35.97 14432
35.98 14436
35.99 14444
36.00 14448
36.01 14452
36.02 14454
36.03 14460
36.04 14465
36.05 14470
36.06 14476
36.07 14480
36.08 14484
36.09 14487
36.10 14493
36.11 14499
36.12 14503
36.14 14509
36.15 14513
36.16 14520
36.17 14527
36.18 14533
36.19 14538
36.20 14544
36.21 14550
36.22 14554
36.23 14558
36.24 14561
36.25 14566
36.26 14569
36.27 14573
36.28 14579
36.29 14585
36.30 14592
36.32 14598
36.33 14601
36.34 14607
36.35 14611
36.36 14616
36.37 14621
36.38 14622
36.39 14628
36.40 14633
36.41 14637
36.42 14641
36.43 14646
36.44 14652
36.45 14658
36.46 14662
36.47 14666
36.48 14672
36.49 14676
36.51 14682
36.52 14687
36.53 14690
36.54 14691
36.55 14695
36.56 14698
36.57 14701
36.58 14706
36.59 14711
36.60 14715
36.61 14722
36.62 14724
36.63 14730
36.64 14734
36.65 14738
36.66 14740
36.67 14741
36.69 14746
36.70 14750
36.71 14752
36.72 14760
36.73 14763
36.74 14767
36.75 14774
36.76 14776
36.77 14780
36.78 14785
36.79 14789
36.80 14793
36.81 14798
36.82 14804
36.83 14808
36.84 14812
36.85 14813
36.87 14820
36.88 14826
36.89 14830
36.90 14834
36.91 14837
36.92 14843
36.93 14851
36.94 14861
36.95 14865
36.96 14867
36.97 14873
36.98 14876
36.99 14880
37.00 14885
37.01 14889
37.02 14893
37.03 14897
37.05 14903
37.06 14907
37.07 14912
37.08 14917
37.09 14923
37.10 14926
37.11 14930
37.12 14935
37.13 14941
37.14 14947
37.15 14951
37.16 14953
37.17 14957
37.18 14962
37.19 14967
37.20 14970
37.21 14973
37.23 14978
37.24 14982
37.25 14986
37.26 14990
37.27 14995
37.28 14999
37.29 15003
37.30 15004
37.31 15008
37.32 15012
37.33 15018
37.34 15021
37.35 15025
37.36 15029
37.37 15032
37.38 15035
37.39 15041
37.40 15044
37.42 15050
37.43 15053
37.44 15057
37.45 15059
37.46 15064
37.47 15069
37.48 15075
37.49 15079
37.50 15081
37.51 15085
37.52 15089
37.53 15095
37.54 15102
37.55 15109
37.56 15115
37.57 15118
37.58 15125
37.60 15129
37.61 15135
37.62 15141
37.63 15146
37.64 15150
37.65 15155
37.66 15160
37.67 15165
37.68 15167
37.69 15172
37.70 15178
37.71 15183
37.72 15188
37.73 15191
37.74 15197
37.75 15202
37.76 15206
37.78 15209
37.79 15213
37.80 15218
37.81 15220
37.82 15224
37.83 15233
37.84 15241
37.85 15246
37.86 15253
37.87 15257
37.88 15260
37.89 15265
37.90 15268
37.91 15269
37.92 15275
37.93 15279
37.94 15283
37.96 15287
37.97 15294
37.98 15298
37.99 15304
38.00 15311
38.01 15316
38.02 15320
38.03 15324
38.04 15327
38.05 15332
38.06 15336
38.07 15341
38.08 15346
38.09 15353
38.10 15359
38.11 15361
38.12 15368
38.14 15373
38.15 15379
38.16 15384
38.17 15390
38.18 15395
38.19 15399
38.20 15404
38.21 15410
38.22 15416
38.23 15421
38.24 15425
38.25 15425
38.26 15429
38.27 15432
38.28 15435
38.29 15438
38.30 15444
38.31 15448
38.33 15451
38.34 15456
38.35 15460
38.36 15463
38.37 15465
38.38 15470
38.39 15476
38.40 15481
38.41 15485
38.42 15490
38.43 15493
38.44 15496
38.45 15503
38.46 15510
38.47 15514
38.48 15521
38.49 15523
38.51 15524
38.52 15528
38.53 15535
38.54 15540
38.55 15546
38.56 15550
38.57 15552
38.58 15555
38.59 15558
38.60 15562
38.61 15563
38.62 15565
38.63 15566
38.64 15573
38.65 15576
38.66 15578
38.67 15581
38.69 15586
38.70 15588
38.71 15588
38.72 15595
38.73 15602
38.74 15605
38.75 15609
38.76 15614
38.77 15620
38.78 15625
38.79 15632
38.80 15637
38.81 15643
38.82 15647
38.83 15653
38.84 15658
38.85 15662
38.87 15666
38.88 15670
38.89 15673
38.90 15676
38.91 15680
38.92 15684
38.93 15687
38.94 15693
38.95 15697
38.96 15704
38.97 15706
38.98 15709
38.99 15715
39.00 15719
39.01 15725
39.02 15731
39.03 15737
39.05 15740
39.06 15744
39.07 15749
39.08 15750
39.09 15754
39.10 15755
39.11 15761
39.12 15763
39.13 15763
39.14 15765
39.15 15770
39.16 15775
39.17 15782
39.18 15787
39.19 15793
39.20 15798
39.21 15803
39.22 15808
39.24 15813
39.25 15821
39.26 15824
39.27 15828
39.28 15833
39.29 15837
39.30 15841
39.31 15846
39.32 15851
39.33 15856
39.34 15859
39.35 15863
39.36 15864
39.37 15865
39.38 15866
39.39 15868
39.40 15873
39.42 15879
39.43 15883
39.44 15887
39.45 15892
39.46 15898
39.47 15902
39.48 15906
39.49 15908
39.50 15909
39.51 15913
39.52 15918
39.53 15922
39.54 15927
39.55 15932
39.56 15934
39.57 15938
39.58 15943
39.60 15945
39.61 15948
39.62 15951
39.63 15955
39.64 15959
39.65 15962
39.66 15967
39.67 15971
39.68 15975
39.69 15978
39.70 15980
39.71 15984
39.72 15987
39.73 15991
39.74 15994
39.75 15998
39.76 16002
39.78 16004
39.79 16007
39.80 16010
39.81 16012
39.82 16014
39.83 16017
39.84 16020
39.85 16021
39.86 16023
39.87 16031
39.88 16037
39.89 16045
39.90 16051
39.91 16052
39.92 16053
39.93 16055
39.94 16056
39.96 16063
39.97 16069
39.98 16072
39.99 16077
40.00 16082
40.01 16086
40.02 16090
40.03 16090
40.04 16093
40.05 16096
40.06 16097
40.07 16104
40.08 16108
40.09 16109
40.10 16112
40.11 16117
40.12 16119
40.13 16123
40.15 16126
40.16 16129
40.17 16133
40.18 16139
40.19 16145
40.20 16149
40.21 16154
40.22 16158
40.23 16166
40.24 16167
40.25 16175
40.26 16181
40.27 16186
40.28 16193
40.29 16197
40.30 16199
40.31 16202
40.33 16206
40.34 16210
40.35 16211
40.36 16212
40.37 16213
40.38 16219
40.39 16225
40.40 16230
40.41 16235
40.42 16240
40.43 16249
40.44 16253
40.45 16253
40.46 16254
40.47 16256
40.48 16260
40.49 16264
40.51 16268
40.52 16275
40.53 16284
40.54 16286
40.55 16286
40.56 16292
40.57 16296
40.58 16303
40.59 16310
40.60 16313
40.61 16316
40.62 16318
40.63 16325
40.64 16327
40.65 16329
40.66 16332
40.67 16336
40.69 16338
40.70 16339
40.71 16342
40.72 16344
40.73 16350
40.74 16351
40.75 16357
40.76 16360
40.77 16365
40.78 16371
40.79 16375
40.80 16380
40.81 16381
40.82 16386
40.83 16393
40.84 16398
40.85 16407
40.87 16414
40.88 16422
40.89 16430
40.90 16431
40.91 16436
40.92 16441
40.93 16447
40.94 16451
40.95 16453
40.96 16456
40.97 16460
40.98 16462
40.99 16466
41.00 16470
41.01 16470
41.02 16470
41.03 16470
41.04 16473
41.06 16477
41.07 16482
41.08 16486
41.09 16493
41.10 16499
41.11 16505
41.12 16511
41.13 16513
41.14 16513
41.15 16513
41.16 16517
41.17 16517
41.18 16524
41.19 16531
41.20 16534
41.21 16538
41.22 16541
41.24 16545
41.25 16549
41.26 16552
41.27 16555
41.28 16558
41.29 16563
41.30 16569
41.31 16574
41.32 16577
41.33 16578
41.34 16580
41.35 16583
41.36 16585
41.37 16586
41.38 16590
41.39 16592
41.40 16594
41.42 16595
41.43 16600
41.44 16603
41.45 16609
41.46 16614
41.47 16615
41.48 16615
41.49 16616
41.50 16620
41.51 16620
41.52 16621
41.53 16621
41.54 16622
41.55 16624
41.56 16627
41.57 16633
41.58 16635
41.60 16638
41.61 16639
41.62 16641
41.63 16649
41.64 16650
41.65 16650
41.66 16658
41.67 16663
41.68 16664
41.69 16666
41.70 16667
41.71 16667
41.72 16667
41.73 16672
41.74 16674
41.75 16676
41.76 16683
41.78 16686
41.79 16687
41.80 16687
41.81 16688
41.82 16691
41.83 16691
41.84 16696
41.85 16699
41.86 16699
41.87 16700
41.88 16700
41.89 16701
41.90 16704
41.91 16705
41.92 16709
41.93 16709
41.94 16709
41.95 16710
41.97 16712
41.98 16714
41.99 16719
42.00 16726
42.01 16726
42.02 16726
42.03 16728
42.04 16729
42.05 16729
42.06 16734
42.07 16742
42.08 16743
42.09 16743
42.10 16744
42.11 16744
42.12 16748
42.13 16749
42.15 16749
42.16 16750
42.17 16752
42.18 16753
42.19 16755
42.20 16761
42.21 16769
42.22 16773
42.23 16775
42.24 16780
42.25 16782
42.26 16785
42.27 16792
42.28 16794
42.29 16800
42.30 16805
42.31 16812
42.33 16815
42.34 16822
42.35 16827
42.36 16832
42.37 16837
42.38 16845
42.39 16850
42.40 16853
42.41 16858
42.42 16864
42.43 16867
42.44 16875
42.45 16882
42.46 16885
42.47 16892
42.48 16897
42.49 16901
42.51 16905
42.52 16909
42.53 16914
42.54 16918
42.55 16922
42.56 16925
42.57 16928
42.58 16935
42.59 16941
42.60 16945
42.61 16950
42.62 16954
42.63 16957
42.64 16959
42.65 16961
42.66 16967
42.67 16972
42.69 16973
42.70 16977
42.71 16979
42.72 16985
42.73 16988
42.74 16993
42.75 16998
42.76 16999
42.77 17010
42.78 17015
42.79 17020
42.80 17026
42.81 17027
42.82 17030
42.83 17035
42.84 17039
42.85 17042
42.86 17047
42.88 17048
42.89 17053
42.90 17056
42.91 17061
42.92 17065
42.93 17071
42.94 17073
42.95 17079
42.96 17082
42.97 17084
42.98 17086
42.99 17088
43.00 17092
43.01 17098
43.02 17100
43.03 17105
43.04 17107
43.06 17110
43.07 17116
43.08 17119
43.09 17120
43.10 17126
43.11 17131
43.12 17136
43.13 17137
43.14 17140
43.15 17144
43.16 17148
43.17 17151
43.18 17159
43.19 17162
43.20 17167
43.21 17173
43.22 17178
43.24 17180
43.25 17181
43.26 17186
43.27 17191
43.28 17192
43.29 17194
43.30 17197
43.31 17203
43.32 17206
43.33 17209
43.34 17214
43.35 17217
43.36 17220
43.37 17224
43.38 17229
43.39 17234
43.40 17237
43.42 17240
43.43 17246
43.44 17248
43.45 17253
43.46 17254
43.47 17263
43.48 17269
43.49 17270
43.50 17272
43.51 17276
43.52 17277
43.53 17283
43.54 17290
43.55 17292
43.56 17299
43.57 17301
43.58 17305
43.60 17308
43.61 17311
43.62 17313
43.63 17317
43.64 17323
43.65 17328
43.66 17331
43.67 17334
43.68 17337
43.69 17341
43.70 17343
43.71 17349
43.72 17351
43.73 17353
43.74 17354
43.75 17355
43.76 17359
43.77 17362
43.79 17363
43.80 17367
43.81 17369
43.82 17370
43.83 17372
43.84 17380
43.85 17381
43.86 17387
43.87 17395
43.88 17396
43.89 17398
43.90 17402
43.91 17407
43.92 17410
43.93 17411
43.94 17412
43.95 17414
43.97 17418
43.98 17420
43.99 17423
44.00 17425
44.01 17427
44.02 17431
44.03 17432
44.04 17433
44.05 17433
44.06 17434
44.07 17436
44.08 17438
44.09 17438
44.10 17440
44.11 17441
44.12 17442
44.13 17442
44.15 17443
44.16 17443
44.17 17443
44.18 17443
44.19 17443
44.20 17444
44.21 17444
44.22 17444
44.23 17444
44.24 17444
44.25 17444
44.26 17446
44.27 17448
44.28 17448
44.29 17449
44.30 17449
44.31 17450
44.33 17450
44.34 17450
44.35 17450
44.36 17450
44.37 17450
44.38 17450
44.39 17451
44.40 17451
44.41 17451
44.42 17451
44.43 17451
44.44 17451
44.45 17452
44.46 17453
44.47 17453
44.48 17454
44.49 17454
44.50 17456
44.52 17457
44.53 17457
44.54 17457
44.55 17457
44.56 17457
44.57 17457
44.58 17458
44.59 17458
44.60 17458
44.61 17458
44.62 17458
44.63 17458
44.64 17461
44.65 17465
44.66 17467
44.67 17467
44.68 17468
44.70 17469
44.71 17472
44.72 17472
44.73 17475
44.74 17478
44.75 17479
44.76 17479
44.77 17480
44.78 17482
44.79 17482
44.80 17482
44.81 17484
44.82 17486
44.83 17487
44.84 17487
44.85 17488
44.86 17489
44.88 17489
44.89 17489
44.90 17490
44.91 17490
44.92 17490
44.93 17490
44.94 17490
44.95 17490
44.96 17491
44.97 17491
44.98 17491
44.99 17493
45.00 17493
45.01 17493
45.02 17494
45.03 17494
45.04 17496
45.06 17496
45.07 17496
45.08 17496
45.09 17496
45.10 17496
45.11 17496
45.12 17496
45.13 17496
45.14 17496
45.15 17496
45.16 17496
45.17 17496
45.18 17499
45.19 17500
45.20 17500
45.21 17500
45.22 17500
45.24 17502
45.25 17502
45.26 17502
45.27 17502
45.28 17502
45.29 17502
45.30 17502
45.31 17503
45.32 17503
45.33 17503
45.34 17503
45.35 17503
45.36 17503
45.37 17507
45.38 17508
45.39 17508
45.40 17509
45.41 17509
45.43 17509
45.44 17510
45.45 17510
45.46 17510
45.47 17510
45.48 17510
45.49 17510
45.50 17510
45.51 17512
45.52 17513
45.53 17513
45.54 17515
45.55 17516
45.56 17516
45.57 17520
45.58 17520
45.59 17523
45.61 17524
45.62 17525
45.63 17532
45.64 17532
45.65 17533
45.66 17537
45.67 17539
45.68 17543
45.69 17548
45.70 17553
45.71 17559
45.72 17566
45.73 17571
45.74 17576
45.75 17580
45.76 17583
45.77 17587
45.79 17595
45.80 17601
45.81 17605
45.82 17608
45.83 17611
45.84 17616
45.85 17624
45.86 17629
45.87 17634
45.88 17638
45.89 17640
45.90 17643
45.91 17646
45.92 17649
45.93 17653
45.94 17660
45.95 17669
45.97 17672
45.98 17676
45.99 17679
46.00 17683
46.01 17688
46.02 17693
46.03 17702
46.04 17705
46.05 17711
46.06 17716
46.07 17720
46.08 17726
46.09 17731
46.10 17734
46.11 17738
46.12 17744
46.13 17750
46.15 17756
46.16 17761
46.17 17765
46.18 17767
46.19 17773
46.20 17779
46.21 17782
46.22 17786
46.23 17790
46.24 17794
46.25 17798
46.26 17803
46.27 17807
46.28 17809
46.29 17814
46.30 17816
46.31 17822
46.32 17828
46.34 17835
46.35 17841
46.36 17846
46.37 17849
46.38 17852
46.39 17859
46.40 17863
46.41 17868
46.42 17873
46.43 17880
46.44 17885
46.45 17890
46.46 17897
46.47 17903
46.48 17910
46.49 17915
46.50 17920
46.52 17924
46.53 17929
46.54 17932
46.55 17936
46.56 17941
46.57 17946
46.58 17951
46.59 17956
46.60 17960
46.61 17964
46.62 17973
46.63 17979
46.64 17986
46.65 17990
46.66 17995
46.67 17999
46.68 18001
46.70 18003
46.71 18008
46.72 18011
46.73 18015
46.74 18020
46.75 18025
46.76 18031
46.77 18037
46.78 18040
46.79 18043
46.80 18046
46.81 18048
46.82 18054
46.83 18058
46.84 18065
46.85 18071
46.86 18076
46.88 18079
46.89 18085
46.90 18089
46.91 18093
46.92 18099
46.93 18106
46.94 18110
46.95 18114
46.96 18119
46.97 18125
46.98 18132
46.99 18136
47.00 18140
47.01 18146
47.02 18151
47.03 18156
47.04 18160
47.06 18164
47.07 18168
47.08 18172
47.09 18177
47.10 18182
47.11 18186
47.12 18189
47.13 18197
47.14 18202
47.15 18206
47.16 18208
47.17 18210
47.18 18216
47.19 18220
47.20 18226
47.21 18231
47.22 18234
47.23 18238
47.25 18243
47.26 18247
47.27 18251
47.28 18255
47.29 18258
47.30 18261
47.31 18267
47.32 18272
47.33 18276
47.34 18280
47.35 18285
47.36 18292
47.37 18295
47.38 18300
47.39 18304
47.40 18309
47.41 18317
47.43 18322
47.44 18324
47.45 18327
47.46 18332
47.47 18336
47.48 18342
47.49 18349
47.50 18354
47.51 18359
47.52 18365
47.53 18370
47.54 18374
47.55 18380
47.56 18385
47.57 18391
47.58 18396
47.59 18401
47.61 18408
47.62 18413
47.63 18421
47.64 18426
47.65 18430
47.66 18436
47.67 18443
47.68 18450
47.69 18462
47.70 18471
47.71 18480
47.72 18488
47.73 18494
47.74 18497
47.75 18499
47.76 18502
47.77 18509
47.79 18515
47.80 18521
47.81 18525
47.82 18531
47.83 18533
47.84 18537
47.85 18542
47.86 18549
47.87 18556
47.88 18560
47.89 18566
47.90 18571
47.91 18574
47.92 18575
47.93 18577
47.94 18582
47.95 18586
47.97 18589
47.98 18593
47.99 18600
48.00 18604
48.01 18609
48.02 18614
48.03 18618
48.04 18623
48.05 18627
48.06 18631
48.07 18634
48.08 18639
48.09 18644
48.10 18648
48.11 18651
48.12 18654
48.13 18659
48.14 18664
48.16 18671
48.17 18674
48.18 18680
48.19 18684
48.20 18689
48.21 18693
48.22 18698
48.23 18705
48.24 18710
48.25 18716
48.26 18720
48.27 18725
48.28 18730
48.29 18737
48.30 18743
48.31 18748
48.32 18755
48.34 18757
48.35 18761
48.36 18766
48.37 18773
48.38 18778
48.39 18783
48.40 18787
48.41 18791
48.42 18797
48.43 18804
48.44 18810
48.45 18814
48.46 18821
48.47 18830
48.48 18836
48.49 18840
48.50 18845
48.52 18850
48.53 18852
48.54 18858
48.55 18864
48.56 18870
48.57 18878
48.58 18885
48.59 18893
48.60 18898
48.61 18902
48.62 18902
48.63 18907
48.64 18911
48.65 18916
48.66 18917
48.67 18919
48.68 18921
48.70 18921
48.71 18923
48.72 18926
48.73 18929
48.74 18932
48.75 18936
48.76 18938
48.77 18942
48.78 18943
48.79 18944
48.80 18945
48.81 18945
48.82 18949
48.83 18949
48.84 18952
48.85 18954
48.86 18958
48.88 18962
48.89 18964
48.90 18964
48.91 18967
48.92 18969
48.93 18975
48.94 18980
48.95 18981
48.96 18984
48.97 18985
48.98 18986
48.99 18987
49.00 18989
49.01 18989
49.02 18989
49.03 18990
49.04 18990
49.05 18991
49.07 18992
49.08 18993
49.09 18993
49.10 18993
49.11 18993
49.12 18999
49.13 19000
49.14 19000
49.15 19001
49.16 19001
49.17 19003
49.18 19003
49.19 19003
49.20 19003
49.21 19003
49.22 19003
49.23 19003
49.25 19005
49.26 19006
49.27 19006
49.28 19006
49.29 19006
49.30 19006
49.31 19006
49.32 19012
49.33 19014
49.34 19014
49.35 19017
49.36 19017
49.37 19021
49.38 19021
49.39 19021
49.40 19025
49.41 19027
49.43 19028
49.44 19032
49.45 19033
49.46 19033
49.47 19036
49.48 19037
49.49 19037
49.50 19037
49.51 19040
49.52 19041
49.53 19041
49.54 19044
49.55 19046
49.56 19049
49.57 19049
49.58 19050
49.59 19053
49.61 19056
49.62 19056
49.63 19057
49.64 19061
49.65 19071
49.66 19072
49.67 19075
49.68 19078
49.69 19083
49.70 19083
49.71 19085
49.72 19090
49.73 19092
49.74 19094
49.75 19101
49.76 19109
49.77 19111
49.79 19113
49.80 19115
49.81 19119
49.82 19122
49.83 19125
49.84 19125
49.85 19126
49.86 19127
49.87 19131
49.88 19132
49.89 19135
49.90 19138
49.91 19142
49.92 19146
49.93 19147
49.94 19151
49.95 19157
49.96 19163
49.98 19165
49.99 19170
50.00 19173
50.01 19177
50.02 19182
50.03 19184
50.04 19187
50.05 19190
50.06 19194
50.07 19199
50.08 19204
50.09 19211
50.10 19215
50.11 19219
50.12 19224
50.13 19228
50.14 19235
50.16 19236
50.17 19243
50.18 19252
50.19 19256
50.20 19261
50.21 19263
50.22 19267
50.23 19271
50.24 19274
50.25 19278
50.26 19280
50.27 19283
50.28 19288
50.29 19293
50.30 19300
50.31 19305
50.32 19307
50.34 19311
50.35 19318
50.36 19323
50.37 19327
50.38 19332
50.39 19334
50.40 19337
50.41 19344
50.42 19347
50.43 19349
50.44 19355
50.45 19361
50.46 19367
50.47 19370
50.48 19376
50.49 19379
50.50 19383
50.52 19387
50.53 19391
50.54 19396
50.55 19404
50.56 19411
50.57 19419
50.58 19423
50.59 19427
50.60 19429
50.61 19434
50.62 19438
50.63 19444
50.64 19449
50.65 19453
50.66 19460
50.67 19465
50.68 19470
50.70 19475
50.71 19480
50.72 19485
50.73 19493
50.74 19498
50.75 19503
50.76 19506
50.77 19511
50.78 19516
50.79 19522
50.80 19528
50.81 19534
50.82 19538
50.83 19541
50.84 19545
50.85 19551
50.86 19553
50.87 19556
50.89 19560
50.90 19563
50.91 19568
50.92 19572
50.93 19576
50.94 19579
50.95 19580
50.96 19583
50.97 19592
50.98 19599
50.99 19604
51.00 19606
51.01 19611
51.02 19615
51.03 19622
51.04 19627
51.05 19631
51.07 19637
51.08 19638
51.09 19641
51.10 19645
51.11 19647
51.12 19651
51.13 19653
51.14 19657
51.15 19665
51.16 19672
51.17 19677
51.18 19684
51.19 19689
51.20 19696
51.21 19700
51.22 19702
51.23 19705
51.25 19709
51.26 19711
51.27 19713
51.28 19714
51.29 19718
51.30 19722
51.31 19730
51.32 19733
51.33 19736
51.34 19736
51.35 19740
51.36 19744
51.37 19744
51.38 19745
51.39 19747
51.40 19756
51.41 19759
51.43 19762
51.44 19767
51.45 19771
51.46 19774
51.47 19775
51.48 19779
51.49 19782
51.50 19785
51.51 19788
51.52 19791
51.53 19795
51.54 19800
51.55 19804
51.56 19806
51.57 19811
51.58 19815
51.59 19820
51.61 19824
51.62 19828
51.63 19831
51.64 19835
51.65 19839
51.66 19843
51.67 19844
51.68 19847
51.69 19851
51.70 19853
51.71 19855
51.72 19859
51.73 19863
51.74 19864
51.75 19869
51.76 19874
51.77 19879
51.78 19882
51.80 19885
51.81 19889
51.82 19892
51.83 19897
51.84 19900
51.85 19902
51.86 19907
51.87 19909
51.88 19913
51.89 19917
51.90 19924
51.91 19928
51.92 19931
51.93 19934
51.94 19940
51.95 19944
51.96 19949
51.98 19952
51.99 19958
52.00 19966
52.01 19974
52.02 19980
52.03 19983
52.04 19983
52.05 19986
52.06 19990
52.07 19992
52.08 19996
52.09 20001
52.10 20004
52.11 20010
52.12 20014
52.13 20020
52.14 20023
52.16 20025
52.17 20026
52.18 20030
52.19 20032
52.20 20037
52.21 20043
52.22 20044
52.23 20050
52.24 20052
52.25 20055
52.26 20057
52.27 20061
52.28 20062
52.29 20064
52.30 20066
52.31 20071
52.32 20073
52.34 20076
52.35 20078
52.36 20078
52.37 20080
52.38 20086
52.39 20091
52.40 20098
52.41 20105
52.42 20108
52.43 20115
52.44 20118
52.45 20123
52.46 20125
52.47 20129
52.48 20130
52.49 20131
52.50 20135
52.52 20138
52.53 20139
52.54 20141
52.55 20144
52.56 20148
52.57 20148
52.58 20152
52.59 20154
52.60 20157
52.61 20160
52.62 20161
52.63 20164
52.64 20169
52.65 20173
52.66 20179
52.67 20181
52.68 20185
52.69 20191
52.71 20195
52.72 20200
52.73 20205
52.74 20207
52.75 20207
52.76 20209
52.77 20213
52.78 20215
52.79 20218
52.80 20222
52.81 20225
52.82 20232
52.83 20237
52.84 20242
52.85 20245
52.86 20253
52.87 20259
52.89 20267
52.90 20272
52.91 20278
52.92 20284
52.93 20290
52.94 20294
52.95 20298
52.96 20304
52.97 20306
52.98 20309
52.99 20313
53.00 20318
53.01 20324
53.02 20327
53.03 20331
53.04 20335
53.05 20339
53.07 20341
53.08 20345
53.09 20350
53.10 20355
53.11 20359
53.12 20366
53.13 20372
53.14 20378
53.15 20381
53.16 20385
53.17 20386
53.18 20393
53.19 20397
53.20 20401
53.21 20408
53.22 20413
53.23 20416
53.25 20420
53.26 20427
53.27 20432
53.28 20434
53.29 20442
53.30 20444
53.31 20445
53.32 20450
53.33 20452
53.34 20455
53.35 20458
53.36 20459
53.37 20464
53.38 20465
53.39 20467
53.40 20467
53.41 20468
53.43 20468
53.44 20469
53.45 20477
53.46 20478
53.47 20481
53.48 20482
53.49 20484
53.50 20484
53.51 20491
53.52 20494
53.53 20495
53.54 20498
53.55 20501
53.56 20505
53.57 20507
53.58 20512
53.59 20516
53.60 20519
53.62 20525
53.63 20528
53.64 20528
53.65 20533
53.66 20536
53.67 20542
53.68 20547
53.69 20551
53.70 20557
53.71 20557
53.72 20561
53.73 20565
53.74 20569
53.75 20570
53.76 20575
53.77 20580
53.78 20587
53.80 20593
53.81 20596
53.82 20598
53.83 20603
53.84 20607
53.85 20612
53.86 20618
53.87 20621
53.88 20623
53.89 20623
53.90 20624
53.91 20626
53.92 20632
53.93 20636
53.94 20639
53.95 20641
53.96 20644
53.98 20646
53.99 20647
54.00 20647
54.01 20648
54.02 20649
54.03 20654
54.04 20654
54.05 20656
54.06 20658
54.07 20661
54.08 20663
54.09 20667
54.10 20670
54.11 20672
54.12 20673
54.13 20677
54.14 20678
54.16 20679
54.17 20680
54.18 20682
54.19 20683
54.20 20684
54.21 20684
54.22 20686
54.23 20687
54.24 20687
54.25 20689
54.26 20690
54.27 20691
54.28 20691
54.29 20693
54.30 20694
54.31 20699
54.32 20700
54.34 20700
54.35 20700
54.36 20700
54.37 20703
54.38 20710
54.39 20711
54.40 20711
54.41 20714
54.42 20717
54.43 20719
54.44 20719
54.45 20720
54.46 20721
54.47 20721
54.48 20721
54.49 20721
54.50 20721
54.51 20721
54.53 20721
54.54 20721
54.55 20721
54.56 20723
54.57 20723
54.58 20724
54.59 20728
54.60 20729
54.61 20729
54.62 20730
54.63 20730
54.64 20730
54.65 20730
54.66 20730
54.67 20730
54.68 20730
54.69 20730
54.71 20730
54.72 20730
54.73 20733
54.74 20733
54.75 20733
54.76 20737
54.77 20737
54.78 20737
54.79 20737
54.80 20738
54.81 20738
54.82 20738
54.83 20738
54.84 20738
54.85 20738
54.86 20738
54.87 20738
54.89 20738
54.90 20740
54.91 20740
54.92 20740
54.93 20744
54.94 20745
54.95 20745
54.96 20745
54.97 20745
54.98 20747
54.99 20747
55.00 20747
55.01 20748
55.02 20748
55.03 20748
55.04 20748
55.05 20749
55.07 20750
55.08 20750
55.09 20750
55.10 20750
55.11 20750
55.12 20752
55.13 20753
55.14 20753
55.15 20753
55.16 20753
55.17 20753
55.18 20753
55.19 20753
55.20 20753
55.21 20753
55.22 20753
55.23 20753
55.25 20753
55.26 20755
55.27 20756
55.28 20756
55.29 20759
55.30 20760
55.31 20761
55.32 20761
55.33 20761
55.34 20764
55.35 20766
55.36 20766
55.37 20768
55.38 20771
55.39 20771
55.40 20771
55.41 20775
55.42 20776
55.44 20776
55.45 20776
55.46 20776
55.47 20776
55.48 20780
55.49 20781
55.50 20781
55.51 20782
55.52 20783
55.53 20786
55.54 20786
55.55 20787
55.56 20787
55.57 20787
55.58 20787
55.59 20790
55.60 20790
55.62 20793
55.63 20793
55.64 20793
55.65 20796
55.66 20797
55.67 20797
55.68 20797
55.69 20797
55.70 20798
55.71 20798
55.72 20798
55.73 20798
55.74 20798
55.75 20798
55.76 20798
55.77 20798
55.78 20801
55.80 20801
55.81 20801
55.82 20804
55.83 20804
55.84 20804
55.85 20806
55.86 20806
55.87 20806
55.88 20806
55.89 20806
55.90 20806
55.91 20806
55.92 20806
55.93 20806
55.94 20806
55.95 20807
55.96 20807
55.98 20807
55.99 20811
56.00 20812
56.01 20812
56.02 20813
56.03 20813
56.04 20817
56.05 20817
56.06 20817
56.07 20818
56.08 20818
56.09 20818
56.10 20823
56.11 20830
56.12 20834
56.13 20840
56.14 20846
56.16 20852
56.17 20853
56.18 20853
56.19 20854
56.20 20854
56.21 20854
56.22 20859
56.23 20859
56.24 20859
56.25 20860
56.26 20860
56.27 20860
56.28 20860
56.29 20860
56.30 20860
56.31 20860
56.32 20860
56.33 20860
56.35 20860
56.36 20863
56.37 20863
56.38 20863
56.39 20866
56.40 20867
56.41 20867
56.42 20869
56.43 20869
56.44 20872
56.45 20872
56.46 20872
56.47 20872
56.48 20872
56.49 20872
56.50 20875
56.51 20875
56.53 20875
56.54 20877
56.55 20878
56.56 20878
56.57 20878
56.58 20880
56.59 20881
56.60 20881
56.61 20882
56.62 20882
56.63 20886
56.64 20886
56.65 20887
56.66 20891
56.67 20893
56.68 20893
56.69 20893
56.71 20895
56.72 20896
56.73 20896
56.74 20896
56.75 20896
56.76 20896
56.77 20896
56.78 20899
56.79 20900
56.80 20900
56.81 20900
56.82 20901
56.83 20904
56.84 20904
56.85 20904
56.86 20904
56.87 20904
56.89 20904
56.90 20905
56.91 20907
56.92 20907
56.93 20908
56.94 20909
56.95 20909
56.96 20909
56.97 20917
56.98 20918
56.99 20918
57.00 20918
57.01 20919
57.02 20921
57.03 20922
57.04 20922
57.05 20922
57.07 20922
57.08 20922
57.09 20922
57.10 20923
57.11 20923
57.12 20924
57.13 20924
57.14 20924
57.15 20924
57.16 20924
57.17 20927
57.18 20927
57.19 20927
57.20 20927
57.21 20927
57.22 20930
57.23 20930
57.24 20930
57.26 20931
57.27 20931
57.28 20931
57.29 20931
57.30 20933
57.31 20933
57.32 20933
57.33 20934
57.34 20934
57.35 20934
57.36 20936
57.37 20937
57.38 20937
57.39 20937
57.40 20937
57.41 20941
57.42 20941
57.44 20941
57.45 20942
57.46 20942
57.47 20942
57.48 20942
57.49 20942
57.50 20943
57.51 20943
57.52 20943
57.53 20943
57.54 20943
57.55 20943
57.56 20947
57.57 20949
57.58 20949
57.59 20952
57.60 20952
57.62 20955
57.63 20957
57.64 20957
57.65 20959
57.66 20962
57.67 20962
57.68 20963
57.69 20966
57.70 20969
57.71 20969
57.72 20969
57.73 20969
57.74 20969
57.75 20974
57.76 20975
57.77 20975
57.78 20975
57.80 20976
57.81 20976
57.82 20977
57.83 20977
57.84 20977
57.85 20977
57.86 20977
57.87 20977
57.88 20977
57.89 20977
57.90 20978
57.91 20978
57.92 20979
57.93 20982
57.94 20983
57.95 20983
57.96 20984
57.98 20984
57.99 20984
58.00 20984
58.01 20984
58.02 20984
58.03 20984
58.04 20984
58.05 20984
58.06 20984
58.07 20987
58.08 20987
58.09 20987
58.10 20992
58.11 20993
58.12 20993
58.13 20993
58.14 20993
58.15 20993
58.17 20993
58.18 20993
58.19 20993
58.20 20993
58.21 20993
58.22 20993
58.23 20993
58.24 20994
58.25 20994
58.26 20994
58.27 20998
58.28 21000
58.29 21001
58.30 21001
58.31 21002
58.32 21002
58.33 21002
58.35 21002
58.36 21002
58.37 21002
58.38 21002
58.39 21002
58.40 21002
58.41 21002
58.42 21005
58.43 21005
58.44 21005
58.45 21007
58.46 21007
58.47 21007
58.48 21011
58.49 21011
58.50 21015
58.51 21016
58.53 21016
58.54 21024
58.55 21024
58.56 21026
58.57 21026
58.58 21031
58.59 21039
58.60 21041
58.61 21041
58.62 21044
58.63 21046
58.64 21046
58.65 21048
58.66 21050
58.67 21051
58.68 21051
58.69 21051
58.71 21051
58.72 21051
58.73 21051
58.74 21051
58.75 21051
58.76 21051
58.77 21051
58.78 21051
58.79 21051
58.80 21052
58.81 21052
58.82 21053
58.83 21057
58.84 21058
58.85 21058
58.86 21059
58.87 21060
58.88 21063
58.90 21063
58.91 21064
58.92 21067
58.93 21069
58.94 21069
58.95 21070
58.96 21070
58.97 21072
58.98 21072
58.99 21072
59.00 21072
59.01 21077
59.02 21077
59.03 21077
59.04 21078
59.05 21078
59.06 21078
59.08 21078
59.09 21078
59.10 21078
59.11 21078
59.12 21078
59.13 21078
59.14 21078
59.15 21081
59.16 21081
59.17 21081
59.18 21084
59.19 21085
59.20 21085
59.21 21085
59.22 21085
59.23 21089
59.24 21090
59.26 21090
59.27 21091
59.28 21091
59.29 21091
59.30 21091
59.31 21092
59.32 21092
59.33 21092
59.34 21092
59.35 21092
59.36 21094
59.37 21096
59.38 21097
59.39 21097
59.40 21100
59.41 21101
59.42 21101
59.44 21101
59.45 21101
59.46 21101
59.47 21101
59.48 21101
59.49 21101
59.50 21101
59.51 21101
59.52 21101
59.53 21101
59.54 21105
59.55 21106
59.56 21106
59.57 21107
59.58 21107
59.59 21107
59.60 21107
59.62 21107
59.63 21107
59.64 21107
59.65 21107
59.66 21107
59.67 21107
59.68 21108
59.69 21108
59.70 21108
59.71 21112
59.72 21113
59.73 21113
59.74 21113
59.75 21113
59.76 21113
59.77 21113
59.78 21113
59.79 21113
59.81 21113
59.82 21113
59.83 21113
59.84 21113
59.85 21114
59.86 21114
59.87 21114
59.88 21115
59.89 21119
59.90 21120
59.91 21120
59.92 21120
59.93 21120
59.94 21120
59.95 21120
59.96 21120
59.97 21120
59.99 21120
60.00 21120
60.01 21120
60.02 21120
60.03 21122
60.04 21122
60.05 21122
60.06 21126
60.07 21127
60.08 21127
60.09 21128
60.10 21128
60.11 21131
60.12 21131
60.13 21131
60.14 21136
60.15 21137
60.17 21137
60.18 21141
60.19 21142
60.20 21142
60.21 21143
60.22 21143
60.23 21143
60.24 21148
60.25 21151
60.26 21151
60.27 21152
60.28 21155
60.29 21156
60.30 21159
60.31 21159
60.32 21163
60.33 21164
60.35 21166
60.36 21167
60.37 21168
60.38 21168
60.39 21169
60.40 21169
60.41 21169
60.42 21169
60.43 21180
60.44 21185
60.45 21186
60.46 21186
60.47 21189
60.48 21189
60.49 21193
60.50 21193
60.51 21193
60.53 21195
60.54 21198
60.55 21198
60.56 21198
60.57 21200
60.58 21200
60.59 21202
60.60 21202
60.61 21202
60.62 21205
60.63 21206
60.64 21207
60.65 21207
60.66 21207
60.67 21209
60.68 21210
60.69 21210
60.70 21216
60.72 21216
60.73 21219
60.74 21219
60.75 21220
60.76 21221
60.77 21221
60.78 21221
60.79 21221
60.80 21221
60.81 21225
60.82 21226
60.83 21226
60.84 21227
60.85 21227
60.86 21229
60.87 21230
60.88 21230
60.90 21230
60.91 21230
60.92 21230
60.93 21230
60.94 21232
60.95 21233
60.96 21233
60.97 21233
60.98 21233
60.99 21233
61.00 21238
61.01 21238
61.02 21238
61.03 21238
61.04 21239
61.05 21239
61.06 21239
61.08 21239
61.09 21239
61.10 21239
61.11 21239
61.12 21240
61.13 21240
61.14 21240
61.15 21241
61.16 21241
61.17 21241
61.18 21245
61.19 21245
61.20 21246
61.21 21249
61.22 21250
61.23 21253
61.24 21253
61.26 21255
61.27 21258
61.28 21261
61.29 21261
61.30 21262
61.31 21262
61.32 21263
61.33 21263
61.34 21263
61.35 21264
61.36 21268
61.37 21269
61.38 21269
61.39 21270
61.40 21271
61.41 21274
61.42 21274
61.44 21275
61.45 21278
61.46 21279
61.47 21279
61.48 21280
61.49 21280
61.50 21281
61.51 21283
61.52 21283
61.53 21283
61.54 21286
61.55 21286
61.56 21286
61.57 21291
61.58 21291
61.59 21293
61.60 21294
61.61 21294
61.63 21297
61.64 21299
61.65 21299
61.66 21300
61.67 21305
61.68 21312
61.69 21318
61.70 21319
61.71 21319
61.72 21322
61.73 21322
61.74 21322
61.75 21325
61.76 21326
61.77 21326
61.78 21327
61.79 21327
61.81 21328
61.82 21328
61.83 21328
61.84 21328
61.85 21328
61.86 21328
61.87 21328
61.88 21328
61.89 21328
61.90 21328
61.91 21328
61.92 21332
61.93 21333
61.94 21333
61.95 21333
61.96 21333
61.97 21333
61.99 21333
62.00 21333
62.01 21333
62.02 21333
62.03 21333
62.04 21333
62.05 21333
62.06 21333
62.07 21333
62.08 21333
62.09 21333
62.10 21338
62.11 21338
62.12 21338
62.13 21339
62.14 21339
62.15 21339
62.17 21339
62.18 21339
62.19 21339
62.20 21339
62.21 21339
62.22 21339
62.23 21339
62.24 21339
62.25 21339
62.26 21339
62.27 21343
62.28 21344
62.29 21344
62.30 21347
62.31 21348
62.32 21352
62.33 21352
62.35 21352
62.36 21355
62.37 21357
62.38 21357
62.39 21358
62.40 21360
62.41 21360
62.42 21360
62.43 21362
62.44 21362
62.45 21362
62.46 21362
62.47 21367
62.48 21367
62.49 21367
62.50 21368
62.51 21368
62.52 21368
62.54 21368
62.55 21368
62.56 21368
62.57 21368
62.58 21368
62.59 21368
62.60 21368
62.61 21369
62.62 21369
62.63 21369
62.64 21371
62.65 21371
62.66 21373
62.67 21373
62.68 21373
62.69 21373
62.70 21373
62.72 21373
62.73 21373
62.74 21373
62.75 21373
62.76 21373
62.77 21373
62.78 21373
62.79 21375
62.80 21375
62.81 21375
62.82 21377
62.83 21378
62.84 21378
62.85 21380
62.86 21380
62.87 21380
62.88 21380
62.90 21382
62.91 21385
62.92 21387
62.93 21387
62.94 21389
62.95 21389
62.96 21390
62.97 21393
62.98 21393
62.99 21393
63.00 21394
63.01 21395
63.02 21395
63.03 21395
63.04 21395
63.05 21399
63.06 21399
63.08 21399
63.09 21400
63.10 21400
63.11 21400
63.12 21401
63.13 21402
63.14 21403
63.15 21403
63.16 21404
63.17 21404
63.18 21405
63.19 21405
63.20 21405
63.21 21406
63.22 21408
63.23 21408
63.24 21408
63.26 21408
63.27 21408
63.28 21408
63.29 21408
63.30 21409
63.31 21410
63.32 21410
63.33 21410
63.34 21410
63.35 21410
63.36 21410
63.37 21410
63.38 21411
63.39 21411
63.40 21411
63.41 21411
63.42 21413
63.43 21413
63.45 21413
63.46 21413
63.47 21413
63.48 21413
63.49 21413
63.50 21414
63.51 21414
63.52 21414
63.53 21414
63.54 21414
63.55 21414
63.56 21417
63.57 21418
63.58 21419
63.59 21419
63.60 21419
63.61 21421
63.63 21424
63.64 21424
63.65 21428
63.66 21431
63.67 21431
63.68 21438
63.69 21443
63.70 21451
63.71 21454
63.72 21454
63.73 21454
63.74 21455
63.75 21455
63.76 21455
63.77 21458
63.78 21458
63.79 21458
63.81 21459
63.82 21460
63.83 21463
63.84 21463
63.85 21464
63.86 21466
63.87 21467
63.88 21467
63.89 21467
63.90 21471
63.91 21471
63.92 21472
63.93 21472
63.94 21472
63.95 21476
63.96 21476
63.97 21476
63.99 21476
64.00 21476
64.01 21478
64.02 21479
64.03 21479
64.04 21480
64.05 21480
64.06 21480
64.07 21480
64.08 21480
64.09 21480
64.10 21480
64.11 21484
64.12 21484
64.13 21484
64.14 21486
64.15 21486
64.17 21486
64.18 21490
64.19 21490
64.20 21494
64.21 21494
64.22 21495
64.23 21498
64.24 21501
64.25 21501
64.26 21501
64.27 21506
64.28 21514
64.29 21523
64.30 21526
64.31 21526
64.32 21534
64.33 21539
64.34 21542
64.36 21544
64.37 21546
64.38 21549
64.39 21553
64.40 21558
64.41 21561
64.42 21564
64.43 21569
64.44 21573
64.45 21577
64.46 21584
64.47 21590
64.48 21595
64.49 21601
64.50 21602
64.51 21607
64.52 21612
64.54 21618
64.55 21621
64.56 21624
64.57 21625
64.58 21625
64.59 21627
64.60 21627
64.61 21628
64.62 21632
64.63 21634
64.64 21636
64.65 21638
64.66 21638
64.67 21639
64.68 21641
64.69 21641
64.70 21643
64.72 21643
64.73 21644
64.74 21649
64.75 21652
64.76 21655
64.77 21660
64.78 21666
64.79 21670
64.80 21673
64.81 21677
64.82 21681
64.83 21685
64.84 21688
64.85 21691
64.86 21694
64.87 21700
64.88 21704
64.90 21708
64.91 21713
64.92 21719
64.93 21725
64.94 21729
64.95 21732
64.96 21737
64.97 21740
64.98 21746
64.99 21749
65.00 21754
65.01 21758
65.02 21764
65.03 21770
65.04 21775
65.05 21779
65.06 21783
65.08 21788
65.09 21792
65.10 21796
65.11 21800
65.12 21803
65.13 21807
65.14 21810
65.15 21813
65.16 21817
65.17 21818
65.18 21823
65.19 21829
65.20 21834
65.21 21839
65.22 21844
65.23 21850
65.24 21855
65.25 21861
65.27 21864
65.28 21870
65.29 21874
65.30 21880
65.31 21886
65.32 21891
65.33 21896
65.34 21900
65.35 21905
65.36 21909
65.37 21913
65.38 21915
65.39 21921
65.40 21921
65.41 21921
65.42 21922
65.43 21922
65.45 21925
65.46 21926
65.47 21928
65.48 21930
65.49 21930
65.50 21931
65.51 21931
65.52 21939
65.53 21941
65.54 21941
65.55 21944
65.56 21944
65.57 21945
65.58 21946
65.59 21946
65.60 21946
65.61 21947
65.63 21949
65.64 21949
65.65 21949
65.66 21952
65.67 21953
65.68 21956
65.69 21961
65.70 21970
65.71 21977
65.72 21982
65.73 21985
65.74 21988
65.75 21991
65.76 21998
65.77 22002
65.78 22009
65.79 22014
65.81 22018
65.82 22023
65.83 22027
65.84 22030
65.85 22033
65.86 22035
65.87 22035
65.88 22038
65.89 22038
65.90 22041
65.91 22044
65.92 22046
65.93 22051
65.94 22058
65.95 22060
65.96 22063
65.97 22067
65.99 22070
66.00 22075
66.01 22081
66.02 22084
66.03 22091
66.04 22099
66.05 22106
66.06 22109
66.07 22109
66.08 22110
66.09 22110
66.10 22113
66.11 22118
66.12 22125
66.13 22129
66.14 22131
66.15 22137
66.16 22142
66.18 22147
66.19 22153
66.20 22157
66.21 22163
66.22 22168
66.23 22169
66.24 22172
66.25 22176
66.26 22179
66.27 22180
66.28 22182
66.29 22189
66.30 22192
66.31 22197
66.32 22203
66.33 22206
66.34 22207
66.36 22209
66.37 22210
66.38 22214
66.39 22219
66.40 22223
66.41 22226
66.42 22230
66.43 22235
66.44 22239
66.45 22242
66.46 22244
66.47 22247
66.48 22251
66.49 22258
66.50 22265
66.51 22270
66.52 22276
66.54 22280
66.55 22286
66.56 22294
66.57 22298
66.58 22301
66.59 22307
66.60 22311
66.61 22314
66.62 22317
66.63 22325
66.64 22327
66.65 22330
66.66 22334
66.67 22337
66.68 22339
66.69 22341
66.70 22345
66.72 22348
66.73 22357
66.74 22363
66.75 22368
66.76 22375
66.77 22381
66.78 22386
66.79 22390
66.80 22394
66.81 22400
66.82 22408
66.83 22413
66.84 22418
66.85 22426
66.86 22433
66.87 22436
66.88 22440
66.90 22447
66.91 22450
66.92 22455
66.93 22459
66.94 22461
66.95 22465
66.96 22471
66.97 22475
66.98 22480
66.99 22483
67.00 22486
67.01 22489
67.02 22494
67.03 22498
67.04 22502
67.05 22504
67.06 22507
67.07 22511
67.09 22515
67.10 22516
67.11 22523
67.12 22527
67.13 22530
67.14 22531
67.15 22536
67.16 22540
67.17 22543
67.18 22547
67.19 22554
67.20 22559
67.21 22565
67.22 22567
67.23 22574
67.24 22582
67.25 22586
67.27 22592
67.28 22595
67.29 22599
67.30 22601
67.31 22604
67.32 22608
67.33 22610
67.34 22612
67.35 22615
67.36 22621
67.37 22623
67.38 22626
67.39 22629
67.40 22635
67.41 22638
67.42 22639
67.43 22644
67.45 22651
67.46 22656
67.47 22658
67.48 22664
67.49 22668
67.50 22670
67.51 22673
67.52 22675
67.53 22680
67.54 22685
67.55 22691
67.56 22694
67.57 22702
67.58 22704
67.59 22706
67.60 22712
67.61 22714
67.63 22717
67.64 22723
67.65 22731
67.66 22736
67.67 22739
67.68 22742
67.69 22749
67.70 22753
67.71 22759
67.72 22764
67.73 22768
67.74 22773
67.75 22775
67.76 22778
67.77 22780
67.78 22782
67.79 22784
67.81 22787
67.82 22792
67.83 22797
67.84 22804
67.85 22807
67.86 22811
67.87 22814
67.88 22815
67.89 22821
67.90 22826
67.91 22830
67.92 22834
67.93 22838
67.94 22845
67.95 22849
67.96 22851
67.97 22854
67.98 22858
68.00 22865
68.01 22868
68.02 22872
68.03 22876
68.04 22881
68.05 22887
68.06 22896
68.07 22900
68.08 22906
68.09 22912
68.10 22916
68.11 22921
68.12 22925
68.13 22930
68.14 22936
68.15 22938
68.16 22941
68.18 22943
68.19 22947
68.20 22949
68.21 22952
68.22 22957
68.23 22960
68.24 22963
68.25 22967
68.26 22971
68.27 22976
68.28 22980
68.29 22984
68.30 22987
68.31 22987
68.32 22993
68.33 22998
68.34 22999
68.36 23000
68.37 23003
68.38 23005
68.39 23013
68.40 23017
68.41 23024
68.42 23029
68.43 23034
68.44 23036
68.45 23038
68.46 23044
68.47 23049
68.48 23052
68.49 23056
68.50 23060
68.51 23063
68.52 23066
68.54 23070
68.55 23073
68.56 23075
68.57 23079
68.58 23084
68.59 23087
68.60 23092
68.61 23096
68.62 23100
68.63 23103
68.64 23107
68.65 23114
68.66 23119
68.67 23124
68.68 23127
68.69 23132
68.70 23134
68.72 23136
68.73 23140
68.74 23144
68.75 23147
68.76 23151
68.77 23157
68.78 23164
68.79 23169
68.80 23173
68.81 23177
68.82 23183
68.83 23186
68.84 23188
68.85 23193
68.86 23199
68.87 23202
68.88 23206
68.89 23207
68.91 23208
68.92 23212
68.93 23213
68.94 23215
68.95 23223
68.96 23228
68.97 23231
68.98 23236
68.99 23240
69.00 23244
69.01 23251
69.02 23251
69.03 23255
69.04 23258
69.05 23258
69.06 23258
69.07 23258
69.09 23260
69.10 23260
69.11 23260
69.12 23261
69.13 23262
69.14 23263
69.15 23264
69.16 23265
69.17 23266
69.18 23267
69.19 23267
69.20 23267
69.21 23268
69.22 23271
69.23 23273
69.24 23276
69.25 23279
69.27 23280
69.28 23283
69.29 23285
69.30 23289
69.31 23289
69.32 23289
69.33 23292
69.34 23293
69.35 23295
69.36 23295
69.37 23295
69.38 23298
69.39 23299
69.40 23299
69.41 23300
69.42 23300
69.43 23300
69.45 23300
69.46 23301
69.47 23301
69.48 23301
69.49 23301
69.50 23301
69.51 23301
69.52 23302
69.53 23302
69.54 23302
69.55 23305
69.56 23306
69.57 23306
69.58 23307
69.59 23307
69.60 23309
69.61 23309
69.63 23309
69.64 23310
69.65 23310
69.66 23310
69.67 23310
69.68 23311
69.69 23311
69.70 23311
69.71 23311
69.72 23311
69.73 23311
69.74 23314
69.75 23315
69.76 23315
69.77 23316
69.78 23316
69.79 23317
69.80 23318
69.82 23318
69.83 23318
69.84 23318
69.85 23318
69.86 23318
69.87 23318
69.88 23318
69.89 23319
69.90 23319
69.91 23319
69.92 23319
69.93 23323
69.94 23328
69.95 23328
69.96 23328
69.97 23329
69.98 23329
70.00 23331
70.01 23331
70.02 23331
70.03 23331
70.04 23331
70.05 23331
70.06 23331
70.07 23335
70.08 23335
70.09 23335
70.10 23335
70.11 23335
70.12 23335
70.13 23340
70.14 23340
70.15 23340
70.16 23341
70.18 23341
70.19 23343
70.20 23344
70.21 23344
70.22 23345
70.23 23345
70.24 23345
70.25 23346
70.26 23346
70.27 23346
70.28 23348
70.29 23348
70.30 23348
70.31 23353
70.32 23354
70.33 23354
70.34 23354
70.36 23354
70.37 23355
70.38 23355
70.39 23355
70.40 23356
70.41 23356
70.42 23356
70.43 23356
70.44 23356
70.45 23358
70.46 23359
70.47 23359
70.48 23362
70.49 23362
70.50 23363
70.51 23363
70.52 23363
70.54 23365
70.55 23367
70.56 23367
70.57 23372
70.58 23373
70.59 23374
70.60 23374
70.61 23375
70.62 23376
70.63 23377
70.64 23377
70.65 23378
70.66 23379
70.67 23379
70.68 23383
70.69 23383
70.70 23385
70.71 23386
70.73 23386
70.74 23392
70.75 23392
70.76 23394
70.77 23395
70.78 23400
70.79 23400
70.80 23403
70.81 23407
70.82 23409
70.83 23419
70.84 23427
70.85 23431
70.86 23436
70.87 23438
70.88 23440
70.89 23441
70.91 23443
70.92 23445
70.93 23449
70.94 23450
70.95 23451
70.96 23454
70.97 23454
70.98 23460
70.99 23462
71.00 23465
71.01 23470
71.02 23478
71.03 23484
71.04 23487
71.05 23489
71.06 23492
71.07 23495
71.09 23497
71.10 23499
71.11 23502
71.12 23503
71.13 23506
71.14 23510
71.15 23510
71.16 23512
71.17 23516
71.18 23519
71.19 23519
71.20 23522
71.21 23528
71.22 23531
71.23 23535
71.24 23539
71.25 23543
71.27 23544
71.28 23549
71.29 23553
71.30 23555
71.31 23557
71.32 23559
71.33 23561
71.34 23564
71.35 23569
71.36 23572
71.37 23575
71.38 23579
71.39 23581
71.40 23583
71.41 23586
71.42 23588
71.43 23589
71.45 23591
71.46 23594
71.47 23599
71.48 23601
71.49 23602
71.50 23605
71.51 23608
71.52 23610
71.53 23611
71.54 23614
71.55 23616
71.56 23619
71.57 23621
71.58 23624
71.59 23627
71.60 23635
71.61 23639
71.62 23641
71.64 23646
71.65 23647
71.66 23650
71.67 23653
71.68 23654
71.69 23659
71.70 23659
71.71 23663
71.72 23666
71.73 23672
71.74 23677
71.75 23679
71.76 23683
71.77 23684
71.78 23688
71.79 23691
71.80 23695
71.82 23696
71.83 23703
71.84 23710
71.85 23714
71.86 23721
71.87 23724
71.88 23727
71.89 23729
71.90 23729
71.91 23737
71.92 23741
71.93 23746
71.94 23748
71.95 23752
71.96 23760
71.97 23768
71.98 23770
72.00 23772
72.01 23775
72.02 23781
72.03 23782
72.04 23783
72.05 23785
72.06 23788
72.07 23788
72.08 23790
72.09 23792
72.10 23795
72.11 23796
72.12 23796
72.13 23797
72.14 23804
72.15 23804
72.16 23806
72.18 23808
72.19 23817
72.20 23817
72.21 23817
72.22 23819
72.23 23821
72.24 23826
72.25 23831
72.26 23832
72.27 23834
72.28 23837
72.29 23838
72.30 23841
72.31 23842
72.32 23845
72.33 23846
72.34 23849
72.36 23854
72.37 23859
72.38 23862
72.39 23865
72.40 23871
72.41 23873
72.42 23875
72.43 23877
72.44 23882
72.45 23885
72.46 23891
72.47 23894
72.48 23901
72.49 23905
72.50 23910
72.51 23914
72.52 23920
72.53 23925
72.55 23929
72.56 23933
72.57 23936
72.58 23938
72.59 23942
72.60 23946
72.61 23950
72.62 23957
72.63 23961
72.64 23964
72.65 23965
72.66 23967
72.67 23967
72.68 23970
72.69 23974
72.70 23975
72.71 23976
72.73 23979
72.74 23985
72.75 23992
72.76 23999
72.77 24004
72.78 24006
72.79 24010
72.80 24012
72.81 24015
72.82 24019
72.83 24020
72.84 24023
72.85 24026
72.86 24028
72.87 24032
72.88 24038
72.89 24041
72.91 24045
72.92 24047
72.93 24048
72.94 24052
72.95 24054
72.96 24057
72.97 24060
72.98 24063
72.99 24067
73.00 24070
73.01 24071
73.02 24076
73.03 24079
73.04 24085
73.05 24086
73.06 24089
73.07 24092
73.09 24092
73.10 24093
73.11 24098
73.12 24100
73.13 24106
73.14 24110
73.15 24114
73.16 24119
73.17 24122
73.18 24126
73.19 24128
73.20 24134
73.21 24138
73.22 24141
73.23 24146
73.24 24153
73.25 24156
73.26 24161
73.28 24166
73.29 24172
73.30 24179
73.31 24186
73.32 24192
73.33 24199
73.34 24202
73.35 24205
73.36 24207
73.37 24207
73.38 24212
73.39 24213
73.40 24218
73.41 24220
73.42 24222
73.43 24226
73.44 24228
73.46 24229
73.47 24231
73.48 24235
73.49 24239
73.50 24240
73.51 24243
73.52 24247
73.53 24252
73.54 24256
73.55 24258
73.56 24262
73.57 24266
73.58 24269
73.59 24276
73.60 24281
73.61 24284
73.62 24292
73.64 24299
73.65 24303
73.66 24306
73.67 24310
73.68 24315
73.69 24319
73.70 24320
73.71 24324
73.72 24329
73.73 24332
73.74 24335
73.75 24339
73.76 24346
73.77 24349
73.78 24352
73.79 24356
73.80 24362
73.82 24366
73.83 24370
73.84 24373
73.85 24378
73.86 24381
73.87 24384
73.88 24385
73.89 24387
73.90 24392
73.91 24396
73.92 24399
73.93 24406
73.94 24408
73.95 24413
73.96 24416
73.97 24420
73.98 24424
74.00 24427
74.01 24428
74.02 24433
74.03 24437
74.04 24440
74.05 24442
74.06 24446
74.07 24451
74.08 24453
74.09 24455
74.10 24459
74.11 24463
74.12 24468
74.13 24473
74.14 24478
74.15 24483
74.16 24487
74.17 24490
74.19 24493
74.20 24496
74.21 24498
74.22 24502
74.23 24508
74.24 24515
74.25 24518
74.26 24521
74.27 24524
74.28 24528
74.29 24532
74.30 24538
74.31 24542
74.32 24546
74.33 24553
74.34 24557
74.35 24562
74.37 24567
74.38 24572
74.39 24575
74.40 24579
74.41 24583
74.42 24588
74.43 24595
74.44 24598
74.45 24602
74.46 24604
74.47 24607
74.48 24610
74.49 24617
74.50 24621
74.51 24623
74.52 24625
74.53 24628
74.55 24629
74.56 24629
74.57 24639
74.58 24644
74.59 24644
74.60 24646
74.61 24650
74.62 24652
74.63 24656
74.64 24656
74.65 24658
74.66 24664
74.67 24668
74.68 24668
74.69 24672
74.70 24676
74.71 24680
74.73 24682
74.74 24686
74.75 24692
74.76 24697
74.77 24700
74.78 24703
74.79 24705
74.80 24708
74.81 24711
74.82 24716
74.83 24720
74.84 24723
74.85 24725
74.86 24728
74.87 24734
74.88 24741
74.89 24747
74.91 24753
74.92 24760
74.93 24763
74.94 24768
74.95 24769
74.96 24773
74.97 24778
74.98 24783
74.99 24787
75.00 24793
75.01 24797
75.02 24801
75.03 24803
75.04 24806
75.05 24808
75.06 24812
75.07 24815
75.08 24818
75.10 24822
75.11 24825
75.12 24830
75.13 24834
75.14 24838
75.15 24841
75.16 24845
75.17 24850
75.18 24854
75.19 24859
75.20 24862
75.21 24866
75.22 24871
75.23 24875
75.24 24877
75.25 24881
75.26 24886
75.28 24887
75.29 24892
75.30 24895
75.31 24900
75.32 24904
75.33 24906
75.34 24912
75.35 24917
75.36 24918
75.37 24923
75.38 24926
75.39 24930
75.40 24934
75.41 24937
75.42 24940
75.43 24943
75.44 24948
75.46 24951
75.47 24956
75.48 24958
75.49 24962
75.50 24963
75.51 24969
75.52 24974
75.53 24978
75.54 24980
75.55 24984
75.56 24987
75.57 24991
75.58 24996
75.59 24997
75.60 25001
75.61 25004
75.62 25005
75.64 25009
75.65 25012
75.66 25012
75.67 25016
75.68 25019
75.69 25024
75.70 25030
75.71 25031
75.72 25036
75.73 25037
75.74 25040
75.75 25045
75.76 25046
75.77 25050
75.78 25054
75.79 25055
75.80 25057
75.82 25061
75.83 25061
75.84 25061
75.85 25062
75.86 25064
75.87 25064
75.88 25064
75.89 25068
75.90 25068
75.91 25068
75.92 25068
75.93 25071
75.94 25071
75.95 25071
75.96 25073
75.97 25074
75.98 25074
75.99 25074
76.01 25077
76.02 25077
76.03 25077
76.04 25077
76.05 25080
76.06 25080
76.07 25080
76.08 25082
76.09 25083
76.10 25083
76.11 25083
76.12 25086
76.13 25086
76.14 25086
76.15 25086
76.16 25089
76.17 25089
76.19 25089
76.20 25090
76.21 25092
76.22 25092
76.23 25092
76.24 25095
76.25 25096
76.26 25096
76.27 25096
76.28 25099
76.29 25099
76.30 25099
76.31 25099
76.32 25101
76.33 25101
76.34 25101
76.35 25102
76.37 25104
76.38 25104
76.39 25104
76.40 25106
76.41 25107
76.42 25107
76.43 25107
76.44 25110
76.45 25110
76.46 25110
76.47 25110
76.48 25112
76.49 25112
76.50 25112
76.51 25113
76.52 25115
76.53 25115
76.55 25115
76.56 25118
76.57 25119
76.58 25121
76.59 25123
76.60 25124
76.61 25125
76.62 25132
76.63 25135
76.64 25138
76.65 25141
76.66 25145
76.67 25151
76.68 25155
76.69 25158
76.70 25163
76.71 25168
76.73 25173
76.74 25179
76.75 25182
76.76 25187
76.77 25192
76.78 25196
76.79 25199
76.80 25202
76.81 25205
76.82 25209
76.83 25215
76.84 25219
76.85 25223
76.86 25230
76.87 25233
76.88 25236
76.89 25238
76.90 25242
76.92 25246
76.93 25250
76.94 25257
76.95 25265
76.96 25268
76.97 25272
76.98 25276
76.99 25278
77.00 25280
77.01 25280
77.02 25280
77.03 25283
77.04 25285
77.05 25286
77.06 25286
77.07 25291
77.08 25293
77.10 25293
77.11 25296
77.12 25299
77.13 25303
77.14 25304
77.15 25308
77.16 25310
77.17 25313
77.18 25314
77.19 25318
77.20 25323
77.21 25327
77.22 25331
77.23 25333
77.24 25334
77.25 25335
77.26 25336
77.28 25342
77.29 25346
77.30 25350
77.31 25353
77.32 25355
77.33 25357
77.34 25361
77.35 25366
77.36 25367
77.37 25369
77.38 25370
77.39 25371
77.40 25372
77.41 25373
77.42 25375
77.43 25376
77.44 25378
77.46 25378
77.47 25379
77.48 25379
77.49 25381
77.50 25382
77.51 25382
77.52 25385
77.53 25387
77.54 25388
77.55 25390
77.56 25393
77.57 25397
77.58 25402
77.59 25402
77.60 25405
77.61 25408
77.62 25411
77.64 25419
77.65 25423
77.66 25426
77.67 25429
77.68 25430
77.69 25431
77.70 25433
77.71 25435
77.72 25440
77.73 25443
77.74 25445
77.75 25447
77.76 25450
77.77 25453
77.78 25457
77.79 25457
77.80 25462
77.81 25465
77.83 25465
77.84 25467
77.85 25467
77.86 25470
77.87 25473
77.88 25478
77.89 25480
77.90 25483
77.91 25487
77.92 25488
77.93 25491
77.94 25494
77.95 25496
77.96 25499
77.97 25502
77.98 25503
77.99 25506
78.01 25509
78.02 25509
78.03 25512
78.04 25515
78.05 25516
78.06 25519
78.07 25523
78.08 25525
78.09 25525
78.10 25529
78.11 25530
78.12 25535
78.13 25537
78.14 25537
78.15 25542
78.16 25545
78.17 25548
78.19 25550
78.20 25551
78.21 25555
78.22 25555
78.23 25556
78.24 25557
78.25 25558
78.26 25561
78.27 25563
78.28 25565
78.29 25566
78.30 25567
78.31 25568
78.32 25571
78.33 25575
78.34 25579
78.35 25583
78.37 25589
78.38 25594
78.39 25597
78.40 25602
78.41 25606
78.42 25609
78.43 25611
78.44 25612
78.45 25616
78.46 25617
78.47 25621
78.48 25625
78.49 25629
78.50 25634
78.51 25636
78.52 25641
78.53 25647
78.55 25650
78.56 25655
78.57 25659
78.58 25664
78.59 25667
78.60 25672
78.61 25675
78.62 25683
78.63 25685
78.64 25688
78.65 25696
78.66 25701
78.67 25705
78.68 25709
78.69 25718
78.70 25725
78.71 25728
78.72 25732
78.74 25734
78.75 25738
78.76 25739
78.77 25743
78.78 25748
78.79 25753
78.80 25757
78.81 25761
78.82 25763
78.83 25766
78.84 25768
78.85 25768
78.86 25775
78.87 25778
78.88 25782
78.89 25785
78.90 25789
78.92 25792
78.93 25798
78.94 25803
78.95 25808
78.96 25810
78.97 25813
78.98 25820
78.99 25822
79.00 25827
79.01 25829
79.02 25831
79.03 25832
79.04 25836
79.05 25838
79.06 25841
79.07 25844
79.08 25848
79.10 25851
79.11 25854
79.12 25858
79.13 25859
79.14 25859
79.15 25863
79.16 25865
79.17 25869
79.18 25873
79.19 25878
79.20 25882
79.21 25883
79.22 25886
79.23 25891
79.24 25897
79.25 25900
79.26 25902
79.28 25907
79.29 25916
79.30 25921
79.31 25924
79.32 25925
79.33 25931
79.34 25935
79.35 25940
79.36 25942
79.37 25947
79.38 25954
79.39 25957
79.40 25962
79.41 25967
79.42 25970
79.43 25975
79.44 25980
79.46 25987
79.47 25990
79.48 25996
79.49 26001
79.50 26004
79.51 26010
79.52 26012
79.53 26015
79.54 26018
79.55 26022
79.56 26024
79.57 26027
79.58 26029
79.59 26030
79.60 26031
79.61 26033
79.62 26034
79.63 26035
79.65 26036
79.66 26036
79.67 26041
79.68 26042
79.69 26043
79.70 26044
79.71 26045
79.72 26047
79.73 26047
79.74 26052
79.75 26057
79.76 26057
79.77 26058
79.78 26059
79.79 26059
79.80 26061
79.81 26061
79.83 26062
79.84 26065
79.85 26067
79.86 26068
79.87 26070
79.88 26071
79.89 26073
79.90 26077
79.91 26084
79.92 26085
79.93 26086
79.94 26087
79.95 26089
79.96 26089
79.97 26090
79.98 26090
79.99 26091
80.01 26096
80.02 26096
80.03 26098
80.04 26100
80.05 26103
80.06 26105
80.07 26105
80.08 26106
80.09 26106
80.10 26107
80.11 26107
80.12 26109
80.13 26109
80.14 26109
80.15 26109
80.16 26109
80.17 26110
80.19 26112
80.20 26113
80.21 26116
80.22 26118
80.23 26120
80.24 26122
80.25 26123
80.26 26123
80.27 26123
80.28 26124
80.29 26126
80.30 26130
80.31 26131
80.32 26131
80.33 26134
80.34 26134
80.35 26135
80.37 26135
80.38 26137
80.39 26137
80.40 26137
80.41 26137
80.42 26137
80.43 26137
80.44 26137
80.45 26137
80.46 26137
80.47 26139
80.48 26139
80.49 26139
80.50 26141
80.51 26142
80.52 26142
80.53 26145
80.54 26145
80.56 26148
80.57 26148
80.58 26148
80.59 26153
80.60 26155
80.61 26157
80.62 26157
80.63 26158
80.64 26162
80.65 26164
80.66 26166
80.67 26168
80.68 26169
80.69 26175
80.70 26177
80.71 26180
80.72 26185
80.74 26192
80.75 26195
80.76 26203
80.77 26208
80.78 26212
80.79 26219
80.80 26223
80.81 26230
80.82 26236
80.83 26238
80.84 26242
80.85 26247
80.86 26253
80.87 26256
80.88 26260
80.89 26264
80.90 26267
80.92 26269
80.93 26273
80.94 26277
80.95 26282
80.96 26287
80.97 26291
80.98 26294
80.99 26297
81.00 26300
81.01 26304
81.02 26307
81.03 26310
81.04 26312
81.05 26315
81.06 26318
81.07 26322
81.08 26328
81.10 26330
81.11 26334
81.12 26336
81.13 26340
81.14 26344
81.15 26350
81.16 26357
81.17 26363
81.18 26367
81.19 26374
81.20 26380
81.21 26387
81.22 26393
81.23 26398
81.24 26401
81.25 26407
81.26 26415
81.28 26419
81.29 26427
81.30 26431
81.31 26436
81.32 26438
81.33 26443
81.34 26448
81.35 26451
81.36 26455
81.37 26461
81.38 26465
81.39 26467
81.40 26471
81.41 26476
81.42 26482
81.43 26489
81.44 26493
81.45 26496
81.47 26499
81.48 26503
81.49 26506
81.50 26508
81.51 26513
81.52 26516
81.53 26519
81.54 26525
81.55 26533
81.56 26536
81.57 26539
81.58 26543
81.59 26550
81.60 26554
81.61 26558
81.62 26563
81.63 26568
81.65 26572
81.66 26576
81.67 26583
81.68 26586
81.69 26592
81.70 26599
81.71 26605
81.72 26609
81.73 26613
81.74 26618
81.75 26625
81.76 26629
81.77 26634
81.78 26637
81.79 26644
81.80 26648
81.81 26651
81.83 26654
81.84 26656
81.85 26662
81.86 26668
81.87 26672
81.88 26676
81.89 26679
81.90 26683
81.91 26687
81.92 26695
81.93 26699
81.94 26704
81.95 26707
81.96 26714
81.97 26720
81.98 26722
81.99 26727
82.01 26730
82.02 26734
82.03 26737
82.04 26743
82.05 26748
82.06 26754
82.07 26759
82.08 26764
82.09 26769
82.10 26775
82.11 26778
82.12 26784
82.13 26788
82.14 26794
82.15 26798
82.16 26800
82.17 26806
82.19 26811
82.20 26817
82.21 26820
82.22 26826
82.23 26831
82.24 26835
82.25 26842
82.26 26846
82.27 26849
82.28 26853
82.29 26859
82.30 26862
82.31 26866
82.32 26869
82.33 26871
82.34 26876
82.35 26881
82.36 26884
82.38 26886
82.39 26891
82.40 26898
82.41 26902
82.42 26908
82.43 26910
82.44 26917
82.45 26921
82.46 26925
82.47 26930
82.48 26933
82.49 26936
82.50 26942
82.51 26946
82.52 26949
82.53 26954
82.54 26958
82.56 26963
82.57 26968
82.58 26971
82.59 26975
82.60 26979
82.61 26983
82.62 26987
82.63 26991
82.64 26995
82.65 26996
82.66 27000
82.67 27005
82.68 27009
82.69 27011
82.70 27013
82.71 27013
82.72 27016
82.74 27018
82.75 27024
82.76 27028
82.77 27033
82.78 27039
82.79 27045
82.80 27047
82.81 27051
82.82 27054
82.83 27056
82.84 27062
82.85 27067
82.86 27071
82.87 27075
82.88 27081
82.89 27084
82.90 27091
82.92 27097
82.93 27102
82.94 27106
82.95 27108
82.96 27113
82.97 27119
82.98 27123
82.99 27129
83.00 27133
83.01 27136
83.02 27142
83.03 27152
83.04 27157
83.05 27162
83.06 27166
83.07 27170
83.08 27177
83.10 27181
83.11 27184
83.12 27189
83.13 27193
83.14 27199
83.15 27203
83.16 27210
83.17 27214
83.18 27218
83.19 27223
83.20 27229
83.21 27232
83.22 27237
83.23 27239
83.24 27246
83.25 27251
83.26 27252
83.27 27259
83.29 27263
83.30 27264
83.31 27270
83.32 27274
83.33 27280
83.34 27284
83.35 27289
83.36 27296
83.37 27301
83.38 27308
83.39 27313
83.40 27318
83.41 27324
83.42 27329
83.43 27332
83.44 27337
83.45 27339
83.47 27345
83.48 27350
83.49 27355
83.50 27358
83.51 27362
83.52 27365
83.53 27369
83.54 27372
83.55 27375
83.56 27379
83.57 27383
83.58 27388
83.59 27391
83.60 27393
83.61 27398
83.62 27401
83.63 27406
83.65 27410
83.66 27414
83.67 27417
83.68 27422
83.69 27428
83.70 27433
83.71 27435
83.72 27442
83.73 27448
83.74 27452
83.75 27458
83.76 27462
83.77 27466
83.78 27469
83.79 27472
83.80 27477
83.81 27481
83.83 27484
83.84 27487
83.85 27490
83.86 27495
83.87 27497
83.88 27502
83.89 27504
83.90 27509
83.91 27512
83.92 27515
83.93 27519
83.94 27523
83.95 27530
83.96 27535
83.97 27540
83.98 27546
83.99 27551
84.01 27557
84.02 27561
84.03 27565
84.04 27568
84.05 27573
84.06 27576
84.07 27581
84.08 27584
84.09 27587
84.10 27591
84.11 27595
84.12 27599
84.13 27603
84.14 27607
84.15 27612
84.16 27615
84.17 27618
84.18 27622
84.20 27625
84.21 27630
84.22 27635
84.23 27640
84.24 27645
84.25 27653
84.26 27660
84.27 27665
84.28 27670
84.29 27675
84.30 27678
84.31 27684
84.32 27688
84.33 27693
84.34 27698
84.35 27700
84.36 27706
84.38 27710
84.39 27716
84.40 27719
84.41 27722
84.42 27726
84.43 27730
84.44 27734
84.45 27739
84.46 27744
84.47 27747
84.48 27753
84.49 27757
84.50 27760
84.51 27764
84.52 27771
84.53 27776
84.54 27781
84.56 27786
84.57 27793
84.58 27797
84.59 27802
84.60 27806
84.61 27809
84.62 27811
84.63 27815
84.64 27820
84.65 27823
84.66 27829
84.67 27835
84.68 27837
84.69 27842
84.70 27845
84.71 27851
84.72 27853
84.74 27857
84.75 27862
84.76 27869
84.77 27874
84.78 27878
84.79 27881
84.80 27887
84.81 27891
84.82 27897
84.83 27901
84.84 27907
84.85 27912
84.86 27913
84.87 27918
84.88 27923
84.89 27926
84.90 27929
84.92 27936
84.93 27940
84.94 27944
84.95 27951
84.96 27957
84.97 27961
84.98 27963
84.99 27968
85.00 27970
85.01 27971
85.02 27976
85.03 27979
85.04 27981
85.05 27988
85.06 27995
85.07 28000
85.08 28004
85.09 28006
85.11 28012
85.12 28018
85.13 28022
85.14 28022
85.15 28029
85.16 28033
85.17 28038
85.18 28042
85.19 28046
85.20 28052
85.21 28057
85.22 28060
85.23 28062
85.24 28065
85.25 28068
85.26 28072
85.27 28078
85.29 28082
85.30 28086
85.31 28092
85.32 28097
85.33 28101
85.34 28105
85.35 28109
85.36 28113
85.37 28119
85.38 28125
85.39 28129
85.40 28132
85.41 28136
85.42 28141
85.43 28146
85.44 28151
85.45 28156
85.47 28162
85.48 28167
85.49 28171
85.50 28177
85.51 28183
85.52 28189
85.53 28192
85.54 28198
85.55 28203
85.56 28208
85.57 28212
85.58 28216
85.59 28220
85.60 28222
85.61 28226
85.62 28228
85.63 28233
85.65 28235
85.66 28238
85.67 28243
85.68 28249
85.69 28254
85.70 28259
85.71 28264
85.72 28272
85.73 28277
85.74 28280
85.75 28286
85.76 28290
85.77 28293
85.78 28298
85.79 28302
85.80 28306
85.81 28310
85.83 28315
85.84 28319
85.85 28324
85.86 28327
85.87 28329
85.88 28335
85.89 28339
85.90 28342
85.91 28348
85.92 28350
85.93 28354
85.94 28359
85.95 28363
85.96 28367
85.97 28371
85.98 28375
85.99 28378
86.00 28381
86.02 28384
86.03 28390
86.04 28397
86.05 28402
86.06 28407
86.07 28411
86.08 28415
86.09 28419
86.10 28422
86.11 28425
86.12 28429
86.13 28436
86.14 28439
86.15 28443
86.16 28447
86.17 28453
86.18 28457
86.20 28461
86.21 28467
86.22 28471
86.23 28474
86.24 28476
86.25 28480
86.26 28486
86.27 28490
86.28 28496
86.29 28501
86.30 28504
86.31 28510
86.32 28514
86.33 28517
86.34 28524
86.35 28531
86.36 28538
86.38 28544
86.39 28548
86.40 28551
86.41 28554
86.42 28560
86.43 28564
86.44 28570
86.45 28576
86.46 28580
86.47 28585
86.48 28589
86.49 28594
86.50 28597
86.51 28601
86.52 28605
86.53 28612
86.54 28613
86.56 28619
86.57 28623
86.58 28627
86.59 28632
86.60 28636
86.61 28643
86.62 28650
86.63 28652
86.64 28655
86.65 28660
86.66 28665
86.67 28668
86.68 28675
86.69 28680
86.70 28684
86.71 28688
86.72 28692
86.74 28700
86.75 28704
86.76 28709
86.77 28714
86.78 28720
86.79 28725
86.80 28731
86.81 28735
86.82 28738
86.83 28742
86.84 28747
86.85 28750
86.86 28756
86.87 28758
86.88 28761
86.89 28763
86.90 28765
86.91 28767
86.93 28771
86.94 28777
86.95 28781
86.96 28784
86.97 28787
86.98 28790
86.99 28794
87.00 28798
87.01 28801
87.02 28804
87.03 28807
87.04 28810
87.05 28816
87.06 28823
87.07 28825
87.08 28828
87.09 28829
87.11 28831
87.12 28838
87.13 28844
87.14 28849
87.15 28855
87.16 28861
87.17 28864
87.18 28868
87.19 28874
87.20 28879
87.21 28887
87.22 28893
87.23 28896
87.24 28901
87.25 28906
87.26 28907
87.27 28908
87.29 28916
87.30 28917
87.31 28922
87.32 28924
87.33 28926
87.34 28931
87.35 28935
87.36 28937
87.37 28942
87.38 28947
87.39 28953
87.40 28954
87.41 28957
87.42 28960
87.43 28967
87.44 28971
87.45 28977
87.47 28981
87.48 28985
87.49 28989
87.50 28990
87.51 28995
87.52 28999
87.53 29003
87.54 29005
87.55 29005
87.56 29010
87.57 29015
87.58 29016
87.59 29020
87.60 29024
87.61 29028
87.62 29032
87.63 29034
87.64 29038
87.66 29041
87.67 29041
87.68 29045
87.69 29048
87.70 29053
87.71 29053
87.72 29055
87.73 29057
87.74 29062
87.75 29063
87.76 29067
87.77 29070
87.78 29074
87.79 29079
87.80 29080
87.81 29086
87.82 29088
87.84 29089
87.85 29091
87.86 29095
87.87 29099
87.88 29103
87.89 29103
87.90 29105
87.91 29111
87.92 29115
87.93 29118
87.94 29119
87.95 29120
87.96 29126
87.97 29132
87.98 29137
87.99 29141
88.00 29144
88.02 29150
88.03 29154
88.04 29154
88.05 29156
88.06 29158
88.07 29161
88.08 29162
88.09 29163
88.10 29163
88.11 29164
88.12 29168
88.13 29169
88.14 29171
88.15 29174
88.16 29181
88.17 29185
88.18 29191
88.20 29192
88.21 29197
88.22 29202
88.23 29206
88.24 29207
88.25 29209
88.26 29211
88.27 29213
88.28 29218
88.29 29222
88.30 29226
88.31 29228
88.32 29233
88.33 29236
88.34 29238
88.35 29243
88.36 29244
88.38 29246
88.39 29251
88.40 29255
88.41 29257
88.42 29262
88.43 29263
88.44 29267
88.45 29270
88.46 29273
88.47 29275
88.48 29279
88.49 29284
88.50 29289
88.51 29296
88.52 29300
88.53 29304
88.54 29309
88.55 29315
88.57 29321
88.58 29326
88.59 29330
88.60 29336
88.61 29338
88.62 29342
88.63 29348
88.64 29351
88.65 29353
88.66 29359
88.67 29363
88.68 29364
88.69 29370
88.70 29373
88.71 29380
88.72 29386
88.73 29390
88.75 29394
88.76 29396
88.77 29403
88.78 29409
88.79 29413
88.80 29415
88.81 29420
88.82 29424
88.83 29428
88.84 29434
88.85 29438
88.86 29443
88.87 29448
88.88 29453
88.89 29458
88.90 29461
88.91 29464
88.93 29469
88.94 29474
88.95 29478
88.96 29481
88.97 29485
88.98 29487
88.99 29491
89.00 29496
89.01 29501
89.02 29505
89.03 29510
89.04 29513
89.05 29516
89.06 29521
89.07 29525
89.08 29528
89.09 29536
89.11 29544
89.12 29550
89.13 29556
89.14 29561
89.15 29565
89.16 29567
89.17 29570
89.18 29575
89.19 29580
89.20 29582
89.21 29585
89.22 29590
89.23 29595
89.24 29598
89.25 29598
89.26 29603
89.27 29606
89.29 29611
89.30 29614
89.31 29621
89.32 29624
89.33 29626
89.34 29627
89.35 29633
89.36 29634
89.37 29636
89.38 29638
89.39 29640
89.40 29642
89.41 29643
89.42 29646
89.43 29648
89.44 29650
89.45 29651
89.46 29652
89.48 29657
89.49 29660
89.50 29662
89.51 29663
89.52 29664
89.53 29666
89.54 29668
89.55 29669
89.56 29671
89.57 29672
89.58 29674
89.59 29677
89.60 29679
89.61 29682
89.62 29682
89.63 29682
89.64 29684
89.66 29685
89.67 29687
89.68 29688
89.69 29689
89.70 29690
89.71 29690
89.72 29692
89.73 29696
89.74 29696
89.75 29696
89.76 29699
89.77 29700
89.78 29700
89.79 29701
89.80 29701
89.81 29701
89.82 29701
89.84 29702
89.85 29702
89.86 29702
89.87 29702
89.88 29702
89.89 29702
89.90 29703
89.91 29703
89.92 29703
89.93 29706
89.94 29707
89.95 29707
89.96 29710
89.97 29710
89.98 29712
89.99 29713
90.00 29713
90.02 29715
90.03 29718
90.04 29718
90.05 29718
90.06 29719
90.07 29724
90.08 29726
90.09 29727
90.10 29728
90.11 29729
90.12 29729
90.13 29730
90.14 29732
90.15 29732
90.16 29736
90.17 29740
90.18 29743
90.20 29750
90.21 29755
90.22 29759
90.23 29761
90.24 29763
90.25 29764
90.26 29767
90.27 29769
90.28 29771
90.29 29773
90.30 29775
90.31 29779
90.32 29783
90.33 29784
90.34 29785
90.35 29786
90.36 29789
90.37 29791
90.39 29793
90.40 29794
90.41 29796
90.42 29801
90.43 29803
90.44 29807
90.45 29808
90.46 29809
90.47 29810
90.48 29810
90.49 29811
90.50 29814
90.51 29819
90.52 29823
90.53 29827
90.54 29833
90.55 29836
90.57 29837
90.58 29838
90.59 29841
90.60 29843
90.61 29845
90.62 29850
90.63 29855
90.64 29857
90.65 29861
90.66 29869
90.67 29876
90.68 29881
90.69 29889
90.70 29892
90.71 29897
90.72 29900
90.73 29906
90.75 29908
90.76 29911
90.77 29916
90.78 29919
90.79 29923
90.80 29926
90.81 29929
90.82 29934
90.83 29940
90.84 29943
90.85 29947
90.86 29950
90.87 29951
90.88 29955
90.89 29961
90.90 29965
90.91 29968
90.93 29972
90.94 29975
90.95 29978
90.96 29980
90.97 29983
90.98 29988
90.99 29992
91.00 29993
91.01 29996
91.02 30001
91.03 30007
91.04 30014
91.05 30020
91.06 30024
91.07 30030
91.08 30034
91.09 30038
91.11 30043
91.12 30047
91.13 30052
91.14 30056
91.15 30061
91.16 30069
91.17 30072
91.18 30077
91.19 30081
91.20 30082
91.21 30085
91.22 30090
91.23 30095
91.24 30100
91.25 30105
91.26 30110
91.27 30114
91.28 30120
91.30 30123
91.31 30128
91.32 30130
91.33 30130
91.34 30133
91.35 30139
91.36 30143
91.37 30148
91.38 30154
91.39 30160
91.40 30166
91.41 30172
91.42 30176
91.43 30181
91.44 30183
91.45 30187
91.46 30190
91.48 30197
91.49 30201
91.50 30207
91.51 30209
91.52 30214
91.53 30217
91.54 30220
91.55 30221
91.56 30225
91.57 30229
91.58 30234
91.59 30238
91.60 30243
91.61 30248
91.62 30251
91.63 30253
91.64 30256
91.66 30262
91.67 30267
91.68 30272
91.69 30275
91.70 30280
91.71 30283
91.72 30288
91.73 30294
91.74 30300
91.75 30303
91.76 30306
91.77 30311
91.78 30315
91.79 30321
91.80 30327
91.81 30328
91.82 30333
91.84 30337
91.85 30344
91.86 30347
91.87 30349
91.88 30352
91.89 30354
91.90 30357
91.91 30360
91.92 30363
91.93 30366
91.94 30371
91.95 30378
91.96 30383
91.97 30389
91.98 30395
91.99 30402
92.00 30407
92.02 30411
92.03 30415
92.04 30420
92.05 30426
92.06 30430
92.07 30433
92.08 30438
92.09 30444
92.10 30448
92.11 30452
92.12 30456
92.13 30462
92.14 30468
92.15 30474
92.16 30479
92.17 30482
92.18 30484
92.19 30486
92.21 30488
92.22 30489
92.23 30493
92.24 30497
92.25 30502
92.26 30508
92.27 30513
92.28 30515
92.29 30518
92.30 30522
92.31 30524
92.32 30526
92.33 30531
92.34 30536
92.35 30542
92.36 30543
92.37 30546
92.39 30549
92.40 30553
92.41 30556
92.42 30562
92.43 30565
92.44 30570
92.45 30575
92.46 30580
92.47 30584
92.48 30591
92.49 30597
92.50 30601
92.51 30605
92.52 30609
92.53 30615
92.54 30618
92.55 30622
92.57 30624
92.58 30628
92.59 30635
92.60 30640
92.61 30645
92.62 30650
92.63 30654
92.64 30658
92.65 30660
92.66 30665
92.67 30669
92.68 30674
92.69 30679
92.70 30684
92.71 30691
92.72 30696
92.73 30702
92.75 30708
92.76 30711
92.77 30718
92.78 30722
92.79 30726
92.80 30728
92.81 30733
92.82 30734
92.83 30739
92.84 30742
92.85 30747
92.86 30751
92.87 30755
92.88 30759
92.89 30761
92.90 30765
92.91 30768
92.93 30774
92.94 30777
92.95 30784
92.96 30787
92.97 30788
92.98 30790
92.99 30795
93.00 30800
93.01 30805
93.02 30808
93.03 30812
93.04 30819
93.05 30821
93.06 30829
93.07 30835
93.08 30838
93.09 30840
93.10 30843
93.12 30846
93.13 30852
93.14 30857
93.15 30861
93.16 30864
93.17 30866
93.18 30871
93.19 30874
93.20 30880
93.21 30884
93.22 30886
93.23 30892
93.24 30895
93.25 30900
93.26 30904
93.27 30908
93.28 30912
93.30 30915
93.31 30920
93.32 30926
93.33 30930
93.34 30934
93.35 30939
93.36 30944
93.37 30948
93.38 30954
93.39 30958
93.40 30963
93.41 30966
93.42 30968
93.43 30974
93.44 30978
93.45 30982
93.46 30986
93.48 30989
93.49 30995
93.50 31001
93.51 31007
93.52 31010
93.53 31013
93.54 31017
93.55 31018
93.56 31021
93.57 31024
93.58 31025
93.59 31029
93.60 31033
93.61 31040
93.62 31045
93.63 31048
93.64 31051
93.66 31053
93.67 31059
93.68 31062
93.69 31063
93.70 31065
93.71 31068
93.72 31072
93.73 31078
93.74 31083
93.75 31086
93.76 31088
93.77 31092
93.78 31096
93.79 31103
93.80 31108
93.81 31114
93.82 31120
93.84 31124
93.85 31130
93.86 31133
93.87 31138
93.88 31142
93.89 31147
93.90 31156
93.91 31162
93.92 31168
93.93 31172
93.94 31179
93.95 31185
93.96 31189
93.97 31196
93.98 31203
93.99 31208
94.00 31213
94.01 31219
94.03 31222
94.04 31228
94.05 31230
94.06 31232
94.07 31235
94.08 31237
94.09 31240
94.10 31244
94.11 31248
94.12 31250
94.13 31251
94.14 31254
94.15 31261
94.16 31265
94.17 31269
94.18 31275
94.19 31280
94.21 31286
94.22 31290
94.23 31293
94.24 31296
94.25 31301
94.26 31304
94.27 31308
94.28 31312
94.29 31318
94.30 31322
94.31 31328
94.32 31332
94.33 31336
94.34 31341
94.35 31347
94.36 31351
94.37 31357
94.39 31363
94.40 31370
94.41 31374
94.42 31378
94.43 31381
94.44 31384
94.45 31388
94.46 31391
94.47 31394
94.48 31396
94.49 31398
94.50 31402
94.51 31406
94.52 31409
94.53 31412
94.54 31418
94.55 31422
94.57 31426
94.58 31429
94.59 31434
94.60 31435
94.61 31438
94.62 31441
94.63 31445
94.64 31447
94.65 31451
94.66 31454
94.67 31457
94.68 31463
94.69 31465
94.70 31472
94.71 31477
94.72 31482
94.73 31486
94.75 31490
94.76 31495
94.77 31498
94.78 31503
94.79 31510
94.80 31514
94.81 31519
94.82 31526
94.83 31530
94.84 31534
94.85 31536
94.86 31540
94.87 31544
94.88 31548
94.89 31553
94.90 31554
94.91 31558
94.92 31563
94.94 31565
94.95 31567
94.96 31569
94.97 31574
94.98 31578
94.99 31583
95.00 31587
95.01 31591
95.02 31598
95.03 31603
95.04 31609
95.05 31614
95.06 31618
95.07 31623
95.08 31631
95.09 31636
95.10 31641
95.12 31645
95.13 31648
95.14 31652
95.15 31656
95.16 31662
95.17 31666
95.18 31669
95.19 31671
95.20 31673
95.21 31674
95.22 31676
95.23 31677
95.24 31681
95.25 31684
95.26 31686
95.27 31690
95.28 31692
95.30 31695
95.31 31698
95.32 31699
95.33 31701
95.34 31701
95.35 31702
95.36 31704
95.37 31705
95.38 31707
95.39 31709
95.40 31709
95.41 31710
95.42 31712
95.43 31714
95.44 31717
95.45 31718
95.46 31719
95.48 31720
95.49 31721
95.50 31724
95.51 31731
95.52 31733
95.53 31737
95.54 31739
95.55 31745
95.56 31749
95.57 31752
95.58 31753
95.59 31756
95.60 31762
95.61 31765
95.62 31769
95.63 31772
95.64 31775
95.66 31783
95.67 31786
95.68 31790
95.69 31794
95.70 31798
95.71 31799
95.72 31803
95.73 31803
95.74 31804
95.75 31808
95.76 31813
95.77 31817
95.78 31821
95.79 31827
95.80 31831
95.81 31834
95.82 31838
95.83 31842
95.85 31847
95.86 31851
95.87 31855
95.88 31858
95.89 31864
95.90 31869
95.91 31876
95.92 31880
95.93 31883
95.94 31888
95.95 31890
95.96 31892
95.97 31897
95.98 31901
95.99 31907
96.00 31910
96.01 31916
96.03 31922
96.04 31927
96.05 31932
96.06 31936
96.07 31941
96.08 31947
96.09 31952
96.10 31957
96.11 31963
96.12 31967
96.13 31970
96.14 31977
96.15 31980
96.16 31984
96.17 31986
96.18 31993
96.19 31997
96.21 32002
96.22 32007
96.23 32011
96.24 32015
96.25 32018
96.26 32022
96.27 32029
96.28 32034
96.29 32039
96.30 32042
96.31 32048
96.32 32054
96.33 32058
96.34 32065
96.35 32068
96.36 32074
96.37 32077
96.39 32082
96.40 32087
96.41 32093
96.42 32096
96.43 32099
96.44 32104
96.45 32107
96.46 32111
96.47 32114
96.48 32118
96.49 32121
96.50 32125
96.51 32129
96.52 32131
96.53 32135
96.54 32138
96.55 32142
96.57 32147
96.58 32148
96.59 32153
96.60 32157
96.61 32161
96.62 32165
96.63 32169
96.64 32174
96.65 32177
96.66 32181
96.67 32187
96.68 32191
96.69 32193
96.70 32199
96.71 32204
96.72 32209
96.73 32216
96.74 32221
96.76 32227
96.77 32232
96.78 32237
96.79 32242
96.80 32249
96.81 32255
96.82 32258
96.83 32263
96.84 32267
96.85 32269
96.86 32274
96.87 32280
96.88 32283
96.89 32287
96.90 32291
96.91 32295
96.92 32299
96.94 32303
96.95 32307
96.96 32313
96.97 32315
96.98 32319
96.99 32324
97.00 32329
97.01 32333
97.02 32339
97.03 32343
97.04 32346
97.05 32348
97.06 32352
97.07 32354
97.08 32359
97.09 32366
97.10 32371
97.12 32375
97.13 32381
97.14 32385
97.15 32388
97.16 32393
97.17 32397
97.18 32401
97.19 32406
97.20 32411
97.21 32416
97.22 32421
97.23 32424
97.24 32430
97.25 32433
97.26 32435
97.27 32441
97.28 32445
97.30 32449
97.31 32452
97.32 32456
97.33 32462
97.34 32467
97.35 32471
97.36 32475
97.37 32479
97.38 32481
97.39 32485
97.40 32491
97.41 32496
97.42 32499
97.43 32506
97.44 32512
97.45 32518
97.46 32521
97.48 32525
97.49 32527
97.50 32530
97.51 32534
97.52 32538
97.53 32544
97.54 32547
97.55 32551
97.56 32559
97.57 32565
97.58 32568
97.59 32572
97.60 32577
97.61 32579
97.62 32585
97.63 32591
97.64 32595
97.65 32599
97.67 32605
97.68 32611
97.69 32616
97.70 32619
97.71 32624
97.72 32629
97.73 32632
97.74 32637
97.75 32640
97.76 32645
97.77 32649
97.78 32652
97.79 32657
97.80 32662
97.81 32668
97.82 32674
97.83 32678
97.85 32686
97.86 32690
97.87 32695
97.88 32700
97.89 32705
97.90 32709
97.91 32712
97.92 32715
97.93 32723
97.94 32728
97.95 32733
97.96 32736
97.97 32742
97.98 32746
97.99 32750
98.00 32751
98.01 32752
98.03 32752
98.04 32759
98.05 32764
98.06 32768
98.07 32773
98.08 32777
98.09 32785
98.10 32792
98.11 32799
98.12 32804
98.13 32810
98.14 32816
98.15 32820
98.16 32825
98.17 32830
98.18 32835
98.19 32841
98.21 32847
98.22 32852
98.23 32857
98.24 32861
98.25 32864
98.26 32865
98.27 32868
98.28 32873
98.29 32875
98.30 32878
98.31 32883
98.32 32887
98.33 32891
98.34 32894
98.35 32899
98.36 32903
98.37 32907
98.39 32911
98.40 32917
98.41 32923
98.42 32926
98.43 32926
98.44 32927
98.45 32934
98.46 32937
98.47 32942
98.48 32946
98.49 32950
98.50 32954
98.51 32960
98.52 32967
98.53 32972
98.54 32978
98.55 32982
98.56 32991
98.58 32996
98.59 32999
98.60 33002
98.61 33005
98.62 33008
98.63 33012
98.64 33018
98.65 33023
98.66 33028
98.67 33030
98.68 33031
98.69 33033
98.70 33039
98.71 33042
98.72 33048
98.73 33051
98.74 33054
98.76 33058
98.77 33059
98.78 33060
98.79 33064
98.80 33070
98.81 33074
98.82 33079
98.83 33082
98.84 33088
98.85 33094
98.86 33099
98.87 33104
98.88 33109
98.89 33114
98.90 33116
98.91 33119
98.92 33121
98.94 33124
98.95 33127
98.96 33132
98.97 33137
98.98 33143
98.99 33148
99.00 33151
99.01 33154
99.02 33158
99.03 33163
99.04 33169
99.05 33172
99.06 33178
99.07 33184
99.08 33189
99.09 33195
99.10 33201
99.12 33204
99.13 33206
99.14 33209
99.15 33213
99.16 33214
99.17 33216
99.18 33222
99.19 33226
99.20 33231
99.21 33235
99.22 33240
99.23 33246
99.24 33249
99.25 33255
99.26 33256
99.27 33260
99.28 33264
99.30 33267
99.31 33272
99.32 33276
99.33 33278
99.34 33282
99.35 33285
99.36 33288
99.37 33290
99.38 33294
99.39 33301
99.40 33306
99.41 33311
99.42 33315
99.43 33320
99.44 33322
99.45 33324
99.46 33329
99.47 33329
99.49 33332
99.50 33336
99.51 33341
99.52 33345
99.53 33347
99.54 33351
99.55 33358
99.56 33361
99.57 33367
99.58 33374
99.59 33378
99.60 33383
99.61 33387
99.62 33390
99.63 33394
99.64 33398
99.65 33402
99.67 33408
99.68 33411
99.69 33417
99.70 33422
99.71 33428
99.72 33433
99.73 33438
99.74 33442
99.75 33445
99.76 33450
99.77 33457
99.78 33459
99.79 33463
99.80 33469
99.81 33473
99.82 33477
99.83 33482
99.85 33487
99.86 33491
99.87 33495
99.88 33501
99.89 33503
99.90 33506
99.91 33512
99.92 33515
99.93 33519
99.94 33525
99.95 33530
99.96 33535
99.97 33541
99.98 33548
99.99 33553
