0.00 0
0.01 16
0.02 27
0.03 37
0.04 44
0.05 55
0.06 58
0.07 64
0.08 67
0.09 70
0.10 75
0.11 79
0.12 91
0.13 101
0.14 111
0.15 119
0.16 127
0.17 134
0.18 141
0.19 152
0.20 158
0.21 161
0.23 165
0.24 178
0.25 185
0.26 190
0.27 198
0.28 208
0.29 214
0.30 219
0.31 224
0.32 232
0.33 238
0.34 241
0.35 243
0.36 247
0.37 250
0.38 252
0.39 254
0.40 260
0.41 263
0.42 268
0.43 271
0.44 275
0.45 281
0.46 285
0.47 290
0.48 293
0.49 295
0.50 302
0.51 305
0.52 307
0.53 311
0.54 314
0.55 321
0.56 325
0.57 327
0.58 329
0.59 330
0.60 330
0.61 333
0.62 333
0.63 337
0.64 338
0.66 341
0.67 342
0.68 348
0.69 352
0.70 356
0.71 357
0.72 359
0.73 360
0.74 365
0.75 369
0.76 372
0.77 379
0.78 386
0.79 390
0.80 398
0.81 403
0.82 406
0.83 411
0.84 416
0.85 422
0.86 425
0.87 429
0.88 431
0.89 435
0.90 437
0.91 441
0.92 444
0.93 446
0.94 449
0.95 449
0.96 452
0.97 458
0.98 461
0.99 464
1.00 469
1.01 473
1.02 479
1.03 480
1.04 484
1.05 487
1.06 492
1.07 497
1.08 500
1.10 504
1.11 507
1.12 512
1.13 516
1.14 518
1.15 520
1.16 525
1.17 527
1.18 535
1.19 544
1.20 549
1.21 551
1.22 554
1.23 559
1.24 562
1.25 566
1.26 572
1.27 574
1.28 576
1.29 579
1.30 582
1.31 590
1.32 593
1.33 593
1.34 599
1.35 602
1.36 603
1.37 606
1.38 606
1.39 607
1.40 609
1.41 610
1.42 611
1.43 611
1.44 614
1.45 617
1.46 619
1.47 622
1.48 627
1.49 630
1.50 634
1.51 644
1.53 651
1.54 658
1.55 664
1.56 665
1.57 665
1.58 666
1.59 667
1.60 672
1.61 674
1.62 676
1.63 680
1.64 684
1.65 684
1.66 684
1.67 685
1.68 686
1.69 686
1.70 686
1.71 687
1.72 687
1.73 688
1.74 692
1.75 692
1.76 692
1.77 692
1.78 694
1.79 695
1.80 695
1.81 697
1.82 699
1.83 699
1.84 700
1.85 701
1.86 702
1.87 702
1.88 704
1.89 704
1.90 706
1.91 706
1.92 706
1.93 707
1.94 707
1.95 708
1.97 708
1.98 711
1.99 711
2.00 712
2.01 714
2.02 714
2.03 714
2.04 714
2.05 714
2.06 714
2.07 716
2.08 716
2.09 717
2.10 717
2.11 718
2.12 718
2.13 719
2.14 721
2.15 722
2.16 722
2.17 722
2.18 722
2.19 723
2.20 723
2.21 724
2.22 724
2.23 725
2.24 727
2.25 728
2.26 729
2.27 729
2.28 729
2.29 729
2.30 730
2.31 730
2.32 731
2.33 731
2.34 733
2.35 733
2.36 735
2.37 737
2.38 738
2.39 738
2.41 740
2.42 741
2.43 742
2.44 742
2.45 743
2.46 743
2.47 744
2.48 744
2.49 749
2.50 750
2.51 751
2.52 753
2.53 763
2.54 768
2.55 772
2.56 778
2.57 781
2.58 785
2.59 785
2.60 785
2.61 786
2.62 786
2.63 786
2.64 791
2.65 791
2.66 793
2.67 795
2.68 799
2.69 803
2.70 806
2.71 806
2.72 806
2.73 806
2.74 806
2.75 810
2.76 810
2.77 810
2.78 810
2.79 810
2.80 810
2.81 810
2.82 813
2.84 813
2.85 813
2.86 813
2.87 813
2.88 816
2.89 818
2.90 820
2.91 824
2.92 827
2.93 827
2.94 827
2.95 828
2.96 828
2.97 829
2.98 829
2.99 829
3.00 829
3.01 829
3.02 829
3.03 829
3.04 829
3.05 829
3.06 830
3.07 830
3.08 832
3.09 832
3.10 833
3.11 833
3.12 835
3.13 835
3.14 835
3.15 836
3.16 837
3.17 838
3.18 838
3.19 838
3.20 838
3.21 838
3.22 838
3.23 838
3.24 838
3.25 838
3.26 838
3.28 840
3.29 840
3.30 840
3.31 841
3.32 841
3.33 841
3.34 841
3.35 841
3.36 841
3.37 842
3.38 842
3.39 843
3.40 844
3.41 844
3.42 845
3.43 846
3.44 846
3.45 847
3.46 847
3.47 847
3.48 847
3.49 848
3.50 848
3.51 849
3.52 850
3.53 851
3.54 852
3.55 853
3.56 853
3.57 853
3.58 853
3.59 854
3.60 854
3.61 855
3.62 856
3.63 856
3.64 857
3.65 858
3.66 858
3.67 860
3.68 860
3.69 860
3.71 863
3.72 864
3.73 864
3.74 864
3.75 865
3.76 865
3.77 865
3.78 865
3.79 865
3.80 867
3.81 868
3.82 869
3.83 869
3.84 870
3.85 870
3.86 870
3.87 871
3.88 874
3.89 876
3.90 876
3.91 879
3.92 880
3.93 884
3.94 884
3.95 884
3.96 884
3.97 884
3.98 884
3.99 884
4.00 884
4.01 884
4.02 884
4.03 884
4.04 884
4.05 886
4.06 887
4.07 887
4.08 887
4.09 887
4.10 888
4.11 890
4.12 892
4.13 895
4.15 897
4.16 897
4.17 897
4.18 898
4.19 899
4.20 900
4.21 900
4.22 900
4.23 900
4.24 900
4.25 900
4.26 900
4.27 900
4.28 900
4.29 902
4.30 902
4.31 902
4.32 904
4.33 904
4.34 905
4.35 906
4.36 907
4.37 908
4.38 908
4.39 909
4.40 909
4.41 910
4.42 910
4.43 910
4.44 910
4.45 911
4.46 911
4.47 911
4.48 911
4.49 911
4.50 911
4.51 911
4.52 911
4.53 913
4.54 913
4.55 913
4.56 913
4.58 913
4.59 913
4.60 914
4.61 914
4.62 915
4.63 915
4.64 915
4.65 916
4.66 917
4.67 917
4.68 918
4.69 918
4.70 918
4.71 918
4.72 919
4.73 919
4.74 920
4.75 921
4.76 921
4.77 922
4.78 923
4.79 923
4.80 923
4.81 923
4.82 924
4.83 924
4.84 924
4.85 924
4.86 924
4.87 926
4.88 927
4.89 927
4.90 928
4.91 929
4.92 929
4.93 932
4.94 932
4.95 932
4.96 932
4.97 934
4.98 935
4.99 935
5.00 935
5.02 935
5.03 935
5.04 937
5.05 937
5.06 937
5.07 938
5.08 938
5.09 938
5.10 938
5.11 944
5.12 944
5.13 946
5.14 947
5.15 949
5.16 952
5.17 953
5.18 953
5.19 953
5.20 953
5.21 953
5.22 953
5.23 953
5.24 954
5.25 954
5.26 956
5.27 956
5.28 956
5.29 958
5.30 958
5.31 958
5.32 958
5.33 958
5.34 958
5.35 962
5.36 962
5.37 964
5.38 968
5.39 970
5.40 970
5.41 970
5.42 971
5.43 971
5.44 972
5.46 972
5.47 972
5.48 972
5.49 972
5.50 972
5.51 972
5.52 972
5.53 973
5.54 974
5.55 974
5.56 974
5.57 976
5.58 976
5.59 976
5.60 977
5.61 978
5.62 978
5.63 979
5.64 979
5.65 980
5.66 980
5.67 980
5.68 980
5.69 980
5.70 980
5.71 980
5.72 980
5.73 980
5.74 981
5.75 981
5.76 981
5.77 981
5.78 981
5.79 981
5.80 981
5.81 981
5.82 981
5.83 981
5.84 982
5.85 982
5.86 983
5.87 984
5.89 984
5.90 985
5.91 986
5.92 986
5.93 987
5.94 987
5.95 987
5.96 987
5.97 987
5.98 987
5.99 989
6.00 990
6.01 991
6.02 991
6.03 991
6.04 991
6.05 992
6.06 992
6.07 993
6.08 993
6.09 994
6.10 994
6.11 995
6.12 995
6.13 996
6.14 996
6.15 999
6.16 999
6.17 999
6.18 1002
6.19 1003
6.20 1003
6.21 1003
6.22 1004
6.23 1005
6.24 1005
6.25 1005
6.26 1008
6.27 1009
6.28 1010
6.29 1010
6.30 1010
6.31 1010
6.33 1010
6.34 1010
6.35 1011
6.36 1013
6.37 1015
6.38 1015
6.39 1018
6.40 1018
6.41 1022
6.42 1022
6.43 1022
6.44 1023
6.45 1023
6.46 1023
6.47 1023
6.48 1023
6.49 1023
6.50 1024
6.51 1024
6.52 1024
6.53 1025
6.54 1026
6.55 1026
6.56 1026
6.57 1026
6.58 1027
6.59 1029
6.60 1030
6.61 1034
6.62 1036
6.63 1036
6.64 1036
6.65 1037
6.66 1037
6.67 1037
6.68 1037
6.69 1037
6.70 1037
6.71 1037
6.72 1037
6.73 1037
6.74 1037
6.76 1038
6.77 1039
6.78 1039
6.79 1040
6.80 1041
6.81 1041
6.82 1042
6.83 1043
6.84 1044
6.85 1044
6.86 1045
6.87 1045
6.88 1046
6.89 1046
6.90 1046
6.91 1046
6.92 1046
6.93 1046
6.94 1046
6.95 1046
6.96 1046
6.97 1046
6.98 1046
6.99 1046
7.00 1047
7.01 1048
7.02 1048
7.03 1048
7.04 1048
7.05 1048
7.06 1048
7.07 1049
7.08 1049
7.09 1049
7.10 1050
7.11 1050
7.12 1051
7.13 1052
7.14 1052
7.15 1052
7.16 1052
7.17 1052
7.18 1053
7.20 1054
7.21 1054
7.22 1054
7.23 1056
7.24 1056
7.25 1057
7.26 1057
7.27 1057
7.28 1058
7.29 1058
7.30 1058
7.31 1058
7.32 1060
7.33 1060
7.34 1061
7.35 1062
7.36 1062
7.37 1062
7.38 1065
7.39 1066
7.40 1066
7.41 1068
7.42 1069
7.43 1069
7.44 1069
7.45 1070
7.46 1071
7.47 1071
7.48 1071
7.49 1071
7.50 1072
7.51 1073
7.52 1073
7.53 1073
7.54 1074
7.55 1074
7.56 1074
7.57 1079
7.58 1080
7.59 1081
7.60 1081
7.61 1083
7.63 1083
7.64 1086
7.65 1086
7.66 1087
7.67 1087
7.68 1087
7.69 1087
7.70 1087
7.71 1087
7.72 1087
7.73 1087
7.74 1087
7.75 1087
7.76 1087
7.77 1089
7.78 1090
7.79 1091
7.80 1092
7.81 1092
7.82 1092
7.83 1092
7.84 1092
7.85 1092
7.86 1093
7.87 1096
7.88 1098
7.89 1100
7.90 1103
7.91 1103
7.92 1103
7.93 1103
7.94 1104
7.95 1105
7.96 1105
7.97 1105
7.98 1105
7.99 1106
8.00 1106
8.01 1106
8.02 1106
8.03 1106
8.04 1106
8.05 1106
8.07 1106
8.08 1107
8.09 1108
8.10 1108
8.11 1109
8.12 1110
8.13 1111
8.14 1111
8.15 1112
8.16 1113
8.17 1113
8.18 1114
8.19 1114
8.20 1115
8.21 1115
8.22 1116
8.23 1116
8.24 1116
8.25 1117
8.26 1117
8.27 1117
8.28 1117
8.29 1119
8.30 1119
8.31 1119
8.32 1120
8.33 1120
8.34 1120
8.35 1120
8.36 1120
8.37 1120
8.38 1121
8.39 1121
8.40 1122
8.41 1122
8.42 1123
8.43 1123
8.44 1123
8.45 1123
8.46 1124
8.47 1125
8.48 1125
8.49 1125
8.51 1126
8.52 1126
8.53 1126
8.54 1127
8.55 1128
8.56 1128
8.57 1129
8.58 1130
8.59 1130
8.60 1130
8.61 1130
8.62 1130
8.63 1130
8.64 1131
8.65 1131
8.66 1133
8.67 1133
8.68 1134
8.69 1135
8.70 1138
8.71 1138
8.72 1138
8.73 1140
8.74 1141
8.75 1141
8.76 1141
8.77 1142
8.78 1142
8.79 1142
8.80 1145
8.81 1147
8.82 1149
8.83 1152
8.84 1159
8.85 1165
8.86 1167
8.87 1171
8.88 1181
8.89 1186
8.90 1189
8.91 1197
8.92 1199
8.94 1203
8.95 1209
8.96 1213
8.97 1217
8.98 1220
8.99 1222
9.00 1226
9.01 1228
9.02 1228
9.03 1230
9.04 1231
9.05 1235
9.06 1241
9.07 1242
9.08 1243
9.09 1248
9.10 1250
9.11 1250
9.12 1252
9.13 1254
9.14 1260
9.15 1270
9.16 1274
9.17 1275
9.18 1279
9.19 1283
9.20 1289
9.21 1293
9.22 1301
9.23 1309
9.24 1316
9.25 1319
9.26 1323
9.27 1326
9.28 1333
9.29 1340
9.30 1347
9.31 1353
9.32 1357
9.33 1361
9.34 1365
9.35 1369
9.36 1376
9.38 1380
9.39 1386
9.40 1392
9.41 1396
9.42 1401
9.43 1403
9.44 1411
9.45 1417
9.46 1420
9.47 1426
9.48 1428
9.49 1434
9.50 1436
9.51 1441
9.52 1448
9.53 1454
9.54 1459
9.55 1466
9.56 1472
9.57 1477
9.58 1477
9.59 1478
9.60 1480
9.61 1480
9.62 1480
9.63 1480
9.64 1481
9.65 1481
9.66 1481
9.67 1486
9.68 1486
9.69 1487
9.70 1488
9.71 1490
9.72 1492
9.73 1493
9.74 1493
9.75 1493
9.76 1493
9.77 1493
9.78 1493
9.79 1493
9.81 1502
9.82 1507
9.83 1510
9.84 1514
9.85 1516
9.86 1524
9.87 1526
9.88 1531
9.89 1534
9.90 1538
9.91 1540
9.92 1540
9.93 1543
9.94 1549
9.95 1551
9.96 1552
9.97 1556
9.98 1558
9.99 1565
10.00 1568
10.01 1570
10.02 1574
10.03 1574
10.04 1574
10.05 1575
10.06 1575
10.07 1577
10.08 1577
10.09 1577
10.10 1577
10.11 1578
10.12 1579
10.13 1581
10.14 1582
10.15 1584
10.16 1587
10.17 1590
10.18 1590
10.19 1590
10.20 1591
10.21 1591
10.22 1592
10.23 1592
10.25 1592
10.26 1592
10.27 1592
10.28 1592
10.29 1592
10.30 1592
10.31 1592
10.32 1593
10.33 1594
10.34 1594
10.35 1595
10.36 1596
10.37 1598
10.38 1598
10.39 1599
10.40 1599
10.41 1599
10.42 1601
10.43 1601
10.44 1603
10.45 1603
10.46 1603
10.47 1603
10.48 1603
10.49 1604
10.50 1604
10.51 1604
10.52 1604
10.53 1605
10.54 1605
10.55 1605
10.56 1607
10.57 1607
10.58 1607
10.59 1607
10.60 1607
10.61 1607
10.62 1607
10.63 1607
10.64 1608
10.65 1608
10.66 1609
10.68 1609
10.69 1610
10.70 1610
10.71 1611
10.72 1611
10.73 1611
10.74 1611
10.75 1612
10.76 1613
10.77 1613
10.78 1614
10.79 1615
10.80 1615
10.81 1616
10.82 1616
10.83 1616
10.84 1617
10.85 1617
10.86 1618
10.87 1618
10.88 1619
10.89 1619
10.90 1621
10.91 1621
10.92 1623
10.93 1623
10.94 1626
10.95 1626
10.96 1626
10.97 1628
10.98 1629
10.99 1629
11.00 1630
11.01 1630
11.02 1631
11.03 1631
11.04 1631
11.05 1631
11.06 1633
11.07 1633
11.08 1633
11.09 1634
11.10 1634
11.12 1634
11.13 1634
11.14 1636
11.15 1640
11.16 1641
11.17 1641
11.18 1645
11.19 1646
11.20 1651
11.21 1651
11.22 1654
11.23 1654
11.24 1657
11.25 1658
11.26 1667
11.27 1675
11.28 1680
11.29 1689
11.30 1695
11.31 1696
11.32 1696
11.33 1696
11.34 1697
11.35 1700
11.36 1700
11.37 1700
11.38 1704
11.39 1706
11.40 1712
11.41 1714
11.42 1716
11.43 1720
11.44 1725
11.45 1729
11.46 1731
11.47 1735
11.48 1739
11.49 1744
11.50 1750
11.51 1751
11.52 1756
11.53 1756
11.54 1756
11.56 1756
11.57 1756
11.58 1758
11.59 1758
11.60 1760
11.61 1762
11.62 1766
11.63 1768
11.64 1768
11.65 1768
11.66 1768
11.67 1770
11.68 1770
11.69 1770
11.70 1770
11.71 1770
11.72 1770
11.73 1770
11.74 1770
11.75 1770
11.76 1770
11.77 1772
11.78 1772
11.79 1773
11.80 1774
11.81 1775
11.82 1775
11.83 1775
11.84 1776
11.85 1777
11.86 1777
11.87 1779
11.88 1779
11.89 1779
11.90 1779
11.91 1779
11.92 1779
11.93 1779
11.94 1781
11.95 1781
11.96 1781
11.97 1781
11.99 1781
12.00 1781
12.01 1782
12.02 1782
12.03 1782
12.04 1782
12.05 1782
12.06 1782
12.07 1782
12.08 1783
12.09 1783
12.10 1785
12.11 1785
12.12 1785
12.13 1785
12.14 1787
12.15 1787
12.16 1788
12.17 1788
12.18 1788
12.19 1788
12.20 1788
12.21 1788
12.22 1789
12.23 1789
12.24 1791
12.25 1791
12.26 1792
12.27 1792
12.28 1792
12.29 1792
12.30 1794
12.31 1794
12.32 1794
12.33 1794
12.34 1794
12.35 1797
12.36 1797
12.37 1798
12.38 1800
12.39 1801
12.40 1801
12.41 1803
12.43 1804
12.44 1804
12.45 1804
12.46 1804
12.47 1805
12.48 1805
12.49 1805
12.50 1808
12.51 1814
12.52 1816
12.53 1819
12.54 1822
12.55 1824
12.56 1829
12.57 1829
12.58 1833
12.59 1835
12.60 1838
12.61 1841
12.62 1842
12.63 1845
12.64 1848
12.65 1849
12.66 1851
12.67 1853
12.68 1853
12.69 1853
12.70 1854
12.71 1856
12.72 1856
12.73 1856
12.74 1857
12.75 1858
12.76 1859
12.77 1859
12.78 1862
12.79 1863
12.80 1868
12.81 1868
12.82 1869
12.83 1873
12.84 1876
12.86 1876
12.87 1883
12.88 1890
12.89 1891
12.90 1891
12.91 1891
12.92 1892
12.93 1892
12.94 1892
12.95 1892
12.96 1895
12.97 1896
12.98 1896
12.99 1896
13.00 1896
13.01 1896
13.02 1896
13.03 1896
13.04 1896
13.05 1896
13.06 1897
13.07 1904
13.08 1907
13.09 1909
13.10 1915
13.11 1923
13.12 1926
13.13 1931
13.14 1936
13.15 1941
13.16 1945
13.17 1949
13.18 1952
13.19 1955
13.20 1957
13.21 1959
13.22 1961
13.23 1963
13.24 1970
13.25 1976
13.26 1980
13.27 1984
13.28 1986
13.30 1990
13.31 1995
13.32 2001
13.33 2006
13.34 2013
13.35 2017
13.36 2022
13.37 2026
13.38 2033
13.39 2036
13.40 2041
13.41 2043
13.42 2047
13.43 2053
13.44 2055
13.45 2060
13.46 2063
13.47 2066
13.48 2070
13.49 2075
13.50 2078
13.51 2079
13.52 2083
13.53 2088
13.54 2092
13.55 2097
13.56 2101
13.57 2108
13.58 2114
13.59 2118
13.60 2124
13.61 2129
13.62 2133
13.63 2136
13.64 2141
13.65 2148
13.66 2152
13.67 2155
13.68 2156
13.69 2160
13.70 2165
13.71 2173
13.73 2173
13.74 2173
13.75 2173
13.76 2173
13.77 2173
13.78 2176
13.79 2177
13.80 2178
13.81 2180
13.82 2184
13.83 2184
13.84 2184
13.85 2185
13.86 2185
13.87 2186
13.88 2186
13.89 2186
13.90 2186
13.91 2186
13.92 2186
13.93 2186
13.94 2186
13.95 2187
13.96 2189
13.97 2191
13.98 2191
13.99 2193
14.00 2194
14.01 2194
14.02 2195
14.03 2195
14.04 2196
14.05 2196
14.06 2198
14.07 2198
14.08 2198
14.09 2199
14.10 2199
14.11 2200
14.12 2200
14.13 2200
14.14 2200
14.15 2201
14.17 2201
14.18 2202
14.19 2202
14.20 2202
14.21 2203
14.22 2204
14.23 2204
14.24 2204
14.25 2204
14.26 2204
14.27 2204
14.28 2205
14.29 2205
14.30 2205
14.31 2207
14.32 2207
14.33 2207
14.34 2208
14.35 2208
14.36 2208
14.37 2208
14.38 2208
14.39 2209
14.40 2209
14.41 2209
14.42 2210
14.43 2210
14.44 2211
14.45 2212
14.46 2212
14.47 2212
14.48 2212
14.49 2212
14.50 2213
14.51 2213
14.52 2214
14.53 2214
14.54 2214
14.55 2215
14.56 2217
14.57 2217
14.58 2220
14.59 2220
14.61 2220
14.62 2223
14.63 2224
14.64 2224
14.65 2224
14.66 2225
14.67 2225
14.68 2225
14.69 2226
14.70 2228
14.71 2230
14.72 2230
14.73 2230
14.74 2232
14.75 2232
14.76 2233
14.77 2233
14.78 2237
14.79 2242
14.80 2245
14.81 2252
14.82 2259
14.83 2263
14.84 2267
14.85 2273
14.86 2276
14.87 2279
14.88 2282
14.89 2283
14.90 2287
14.91 2290
14.92 2293
14.93 2294
14.94 2294
14.95 2296
14.96 2297
14.97 2297
14.98 2297
14.99 2297
15.00 2297
15.01 2297
15.02 2298
15.04 2299
15.05 2300
15.06 2300
15.07 2303
15.08 2304
15.09 2308
15.10 2308
15.11 2311
15.12 2314
15.13 2317
15.14 2318
15.15 2320
15.16 2320
15.17 2320
15.18 2321
15.19 2324
15.20 2327
15.21 2333
15.22 2334
15.23 2335
15.24 2335
15.25 2337
15.26 2337
15.27 2338
15.28 2338
15.29 2340
15.30 2341
15.31 2345
15.32 2346
15.33 2346
15.34 2346
15.35 2346
15.36 2346
15.37 2346
15.38 2346
15.39 2346
15.40 2346
15.41 2346
15.42 2347
15.43 2347
15.44 2347
15.45 2347
15.46 2347
15.48 2347
15.49 2349
15.50 2352
15.51 2354
15.52 2357
15.53 2357
15.54 2357
15.55 2357
15.56 2359
15.57 2360
15.58 2360
15.59 2360
15.60 2361
15.61 2362
15.62 2363
15.63 2363
15.64 2363
15.65 2364
15.66 2364
15.67 2364
15.68 2364
15.69 2366
15.70 2366
15.71 2367
15.72 2368
15.73 2369
15.74 2369
15.75 2370
15.76 2371
15.77 2372
15.78 2372
15.79 2373
15.80 2373
15.81 2374
15.82 2374
15.83 2375
15.84 2375
15.85 2375
15.86 2375
15.87 2375
15.88 2375
15.89 2375
15.91 2376
15.92 2376
15.93 2377
15.94 2378
15.95 2378
15.96 2378
15.97 2378
15.98 2378
15.99 2378
16.00 2379
16.01 2379
16.02 2380
16.03 2380
16.04 2381
16.05 2381
16.06 2382
16.07 2383
16.08 2383
16.09 2383
16.10 2383
16.11 2384
16.12 2384
16.13 2384
16.14 2385
16.15 2385
16.16 2387
16.17 2387
16.18 2388
16.19 2389
16.20 2389
16.21 2389
16.22 2390
16.23 2391
16.24 2391
16.25 2391
16.26 2391
16.27 2393
16.28 2393
16.29 2395
16.30 2396
16.31 2397
16.32 2397
16.33 2398
16.35 2400
16.36 2400
16.37 2400
16.38 2401
16.39 2401
16.40 2402
16.41 2402
16.42 2405
16.43 2410
16.44 2411
16.45 2411
16.46 2412
16.47 2412
16.48 2412
16.49 2412
16.50 2412
16.51 2413
16.52 2413
16.53 2414
16.54 2415
16.55 2417
16.56 2417
16.57 2421
16.58 2421
16.59 2424
16.60 2424
16.61 2427
16.62 2430
16.63 2433
16.64 2433
16.65 2439
16.66 2439
16.67 2439
16.68 2439
16.69 2440
16.70 2440
16.71 2441
16.72 2441
16.73 2442
16.74 2443
16.75 2444
16.76 2444
16.78 2444
16.79 2444
16.80 2444
16.81 2444
16.82 2444
16.83 2444
16.84 2444
16.85 2444
16.86 2444
16.87 2444
16.88 2444
16.89 2444
16.90 2444
16.91 2446
16.92 2446
16.93 2447
16.94 2450
16.95 2452
16.96 2452
16.97 2452
16.98 2453
16.99 2453
17.00 2454
17.01 2455
17.02 2455
17.03 2455
17.04 2455
17.05 2455
17.06 2455
17.07 2455
17.08 2455
17.09 2458
17.10 2458
17.11 2459
17.12 2459
17.13 2460
17.14 2461
17.15 2462
17.16 2462
17.17 2464
17.18 2464
17.19 2465
17.20 2465
17.22 2466
17.23 2466
17.24 2466
17.25 2466
17.26 2466
17.27 2466
17.28 2467
17.29 2467
17.30 2467
17.31 2467
17.32 2467
17.33 2468
17.34 2469
17.35 2469
17.36 2469
17.37 2469
17.38 2469
17.39 2469
17.40 2470
17.41 2470
17.42 2471
17.43 2471
17.44 2471
17.45 2471
17.46 2473
17.47 2473
17.48 2473
17.49 2473
17.50 2473
17.51 2474
17.52 2474
17.53 2474
17.54 2474
17.55 2475
17.56 2476
17.57 2477
17.58 2477
17.59 2477
17.60 2477
17.61 2477
17.62 2478
17.63 2478
17.65 2478
17.66 2479
17.67 2479
17.68 2480
17.69 2481
17.70 2482
17.71 2484
17.72 2486
17.73 2486
17.74 2488
17.75 2489
17.76 2489
17.77 2489
17.78 2490
17.79 2491
17.80 2491
17.81 2491
17.82 2492
17.83 2492
17.84 2492
17.85 2493
17.86 2494
17.87 2496
17.88 2498
17.89 2502
17.90 2503
17.91 2505
17.92 2506
17.93 2506
17.94 2506
17.95 2510
17.96 2514
17.97 2514
17.98 2515
17.99 2516
18.00 2516
18.01 2516
18.02 2516
18.03 2516
18.04 2516
18.05 2517
18.06 2518
18.07 2519
18.09 2519
18.10 2522
18.11 2524
18.12 2527
18.13 2527
18.14 2532
18.15 2532
18.16 2534
18.17 2535
18.18 2543
18.19 2549
18.20 2553
18.21 2553
18.22 2553
18.23 2553
18.24 2553
18.25 2553
18.26 2553
18.27 2553
18.28 2556
18.29 2557
18.30 2557
18.31 2557
18.32 2557
18.33 2557
18.34 2557
18.35 2557
18.36 2557
18.37 2557
18.38 2557
18.39 2557
18.40 2557
18.41 2557
18.42 2557
18.43 2559
18.44 2560
18.45 2561
18.46 2565
18.47 2566
18.48 2566
18.49 2566
18.50 2567
18.51 2567
18.53 2567
18.54 2567
18.55 2567
18.56 2567
18.57 2567
18.58 2567
18.59 2567
18.60 2567
18.61 2567
18.62 2570
18.63 2570
18.64 2571
18.65 2571
18.66 2572
18.67 2573
18.68 2573
18.69 2575
18.70 2575
18.71 2575
18.72 2577
18.73 2577
18.74 2578
18.75 2578
18.76 2578
18.77 2578
18.78 2580
18.79 2580
18.80 2580
18.81 2580
18.82 2580
18.83 2581
18.84 2581
18.85 2582
18.86 2582
18.87 2582
18.88 2582
18.89 2582
18.90 2582
18.91 2582
18.92 2583
18.93 2583
18.94 2584
18.96 2584
18.97 2585
18.98 2585
18.99 2586
19.00 2586
19.01 2586
19.02 2586
19.03 2586
19.04 2587
19.05 2587
19.06 2587
19.07 2588
19.08 2589
19.09 2590
19.10 2590
19.11 2590
19.12 2590
19.13 2590
19.14 2590
19.15 2591
19.16 2591
19.17 2591
19.18 2592
19.19 2592
19.20 2594
19.21 2595
19.22 2596
19.23 2598
19.24 2599
19.25 2599
19.26 2602
19.27 2603
19.28 2603
19.29 2603
19.30 2604
19.31 2604
19.32 2604
19.33 2604
19.34 2607
19.35 2607
19.36 2607
19.37 2607
19.38 2614
19.40 2615
19.41 2615
19.42 2616
19.43 2616
19.44 2618
19.45 2621
19.46 2622
19.47 2626
19.48 2631
19.49 2631
19.50 2636
19.51 2637
19.52 2640
19.53 2642
19.54 2646
19.55 2648
19.56 2648
19.57 2648
19.58 2648
19.59 2652
19.60 2652
19.61 2653
19.62 2655
19.63 2656
19.64 2657
19.65 2657
19.66 2657
19.67 2657
19.68 2657
19.69 2657
19.70 2661
19.71 2662
19.72 2663
19.73 2663
19.74 2666
19.75 2667
19.76 2669
19.77 2669
19.78 2670
19.79 2670
19.80 2670
19.81 2670
19.83 2670
19.84 2671
19.85 2671
19.86 2671
19.87 2671
19.88 2672
19.89 2675
19.90 2677
19.91 2682
19.92 2684
19.93 2684
19.94 2684
19.95 2684
19.96 2684
19.97 2684
19.98 2684
19.99 2684
20.00 2684
20.01 2684
20.02 2684
20.03 2684
20.04 2684
20.05 2684
20.06 2684
20.07 2685
20.08 2686
20.09 2688
20.10 2690
20.11 2693
20.12 2693
20.13 2693
20.14 2693
20.15 2694
20.16 2695
20.17 2695
20.18 2695
20.19 2695
20.20 2696
20.21 2698
20.22 2698
20.23 2698
20.24 2699
20.25 2699
20.27 2699
20.28 2699
20.29 2700
20.30 2700
20.31 2701
20.32 2702
20.33 2703
20.34 2704
20.35 2705
20.36 2705
20.37 2706
20.38 2706
20.39 2707
20.40 2707
20.41 2708
20.42 2708
20.43 2709
20.44 2709
20.45 2709
20.46 2709
20.47 2709
20.48 2709
20.49 2709
20.50 2709
20.51 2709
20.52 2710
20.53 2711
20.54 2711
20.55 2711
20.56 2711
20.57 2711
20.58 2711
20.59 2712
20.60 2712
20.61 2712
20.62 2712
20.63 2713
20.64 2713
20.65 2714
20.66 2714
20.67 2715
20.68 2715
20.70 2715
20.71 2716
20.72 2717
20.73 2717
20.74 2717
20.75 2719
20.76 2719
20.77 2720
20.78 2720
20.79 2720
20.80 2720
20.81 2721
20.82 2721
20.83 2721
20.84 2722
20.85 2722
20.86 2722
20.87 2724
20.88 2725
20.89 2726
20.90 2727
20.91 2729
20.92 2729
20.93 2731
20.94 2732
20.95 2732
20.96 2732
20.97 2733
20.98 2733
20.99 2734
21.00 2734
21.01 2735
21.02 2735
21.03 2735
21.04 2735
21.05 2735
21.06 2735
21.07 2736
21.08 2736
21.09 2736
21.10 2737
21.11 2737
21.12 2738
21.14 2738
21.15 2739
21.16 2739
21.17 2742
21.18 2742
21.19 2745
21.20 2745
21.21 2746
21.22 2746
21.23 2746
21.24 2746
21.25 2750
21.26 2753
21.27 2753
21.28 2753
21.29 2753
21.30 2753
21.31 2753
21.32 2753
21.33 2753
21.34 2755
21.35 2755
21.36 2755
21.37 2755
21.38 2755
21.39 2755
21.40 2755
21.41 2755
21.42 2755
21.43 2755
21.44 2755
21.45 2757
21.46 2763
21.47 2769
21.48 2776
21.49 2778
21.50 2781
21.51 2784
21.52 2784
21.53 2788
21.54 2794
21.55 2794
21.56 2800
21.58 2803
21.59 2808
21.60 2814
21.61 2817
21.62 2820
21.63 2821
21.64 2823
21.65 2829
21.66 2835
21.67 2841
21.68 2843
21.69 2843
21.70 2843
21.71 2843
21.72 2843
21.73 2845
21.74 2845
21.75 2846
21.76 2850
21.77 2851
21.78 2851
21.79 2851
21.80 2852
21.81 2852
21.82 2852
21.83 2853
21.84 2853
21.85 2853
21.86 2853
21.87 2853
21.88 2853
21.89 2854
21.90 2854
21.91 2854
21.92 2854
21.93 2855
21.94 2857
21.95 2857
21.96 2858
21.97 2860
21.98 2860
21.99 2860
22.01 2861
22.02 2862
22.03 2862
22.04 2863
22.05 2863
22.06 2864
22.07 2864
22.08 2864
22.09 2864
22.10 2864
22.11 2864
22.12 2864
22.13 2864
22.14 2864
22.15 2865
22.16 2865
22.17 2865
22.18 2866
22.19 2867
22.20 2867
22.21 2867
22.22 2867
22.23 2867
22.24 2867
22.25 2867
22.26 2868
22.27 2868
22.28 2869
22.29 2869
22.30 2870
22.31 2871
22.32 2871
22.33 2872
22.34 2872
22.35 2872
22.36 2872
22.37 2873
22.38 2873
22.39 2873
22.40 2873
22.41 2874
22.42 2875
22.43 2875
22.45 2875
22.46 2876
22.47 2876
22.48 2877
22.49 2877
22.50 2878
22.51 2878
22.52 2880
22.53 2880
22.54 2881
22.55 2882
22.56 2885
22.57 2885
22.58 2885
22.59 2888
22.60 2888
22.61 2888
22.62 2888
22.63 2889
22.64 2890
22.65 2890
22.66 2890
22.67 2892
22.68 2892
22.69 2892
22.70 2892
22.71 2892
22.72 2894
22.73 2894
22.74 2897
22.75 2898
22.76 2898
22.77 2898
22.78 2898
22.79 2898
22.80 2900
22.81 2903
22.82 2904
22.83 2904
22.84 2904
22.85 2904
22.86 2904
22.88 2904
22.89 2904
22.90 2904
22.91 2908
22.92 2908
22.93 2909
22.94 2909
22.95 2911
22.96 2912
22.97 2913
22.98 2913
22.99 2914
23.00 2914
23.01 2914
23.02 2914
23.03 2914
23.04 2914
23.05 2914
23.06 2914
23.07 2914
23.08 2914
23.09 2915
23.10 2916
23.11 2916
23.12 2917
23.13 2917
23.14 2917
23.15 2917
23.16 2917
23.17 2917
23.18 2917
23.19 2917
23.20 2918
23.21 2922
23.22 2930
23.23 2934
23.24 2938
23.25 2941
23.26 2945
23.27 2948
23.28 2949
23.29 2950
23.30 2950
23.32 2954
23.33 2956
23.34 2962
23.35 2962
23.36 2962
23.37 2962
23.38 2962
23.39 2962
23.40 2964
23.41 2964
23.42 2965
23.43 2968
23.44 2971
23.45 2971
23.46 2971
23.47 2972
23.48 2972
23.49 2972
23.50 2972
23.51 2972
23.52 2973
23.53 2973
23.54 2973
23.55 2973
23.56 2974
23.57 2974
23.58 2974
23.59 2974
23.60 2974
23.61 2976
23.62 2976
23.63 2978
23.64 2979
23.65 2979
23.66 2979
23.67 2980
23.68 2981
23.69 2981
23.70 2981
23.71 2982
23.72 2982
23.73 2982
23.75 2982
23.76 2983
23.77 2983
23.78 2983
23.79 2983
23.80 2983
23.81 2983
23.82 2983
23.83 2983
23.84 2983
23.85 2983
23.86 2983
23.87 2983
23.88 2983
23.89 2983
23.90 2983
23.91 2983
23.92 2985
23.93 2985
23.94 2986
23.95 2986
23.96 2987
23.97 2987
23.98 2988
23.99 2988
24.00 2988
24.01 2988
24.02 2988
24.03 2988
24.04 2989
24.05 2989
24.06 2990
24.07 2991
24.08 2992
24.09 2993
24.10 2993
24.11 2993
24.12 2993
24.13 2993
24.14 2994
24.15 2994
24.16 2995
24.17 2995
24.19 2995
24.20 2997
24.21 2998
24.22 2998
24.23 3001
24.24 3002
24.25 3002
24.26 3004
24.27 3005
24.28 3005
24.29 3005
24.30 3006
24.31 3007
24.32 3007
24.33 3010
24.34 3016
24.35 3018
24.36 3018
24.37 3018
24.38 3018
24.39 3018
24.40 3019
24.41 3019
24.42 3019
24.43 3019
24.44 3019
24.45 3019
24.46 3020
24.47 3024
24.48 3024
24.49 3024
24.50 3027
24.51 3027
24.52 3029
24.53 3030
24.54 3030
24.55 3030
24.56 3030
24.57 3030
24.58 3030
24.59 3030
24.60 3030
24.61 3030
24.63 3032
24.64 3032
24.65 3032
24.66 3032
24.67 3034
24.68 3035
24.69 3035
24.70 3035
24.71 3035
24.72 3035
24.73 3035
24.74 3035
24.75 3035
24.76 3036
24.77 3038
24.78 3039
24.79 3042
24.80 3045
24.81 3045
24.82 3045
24.83 3045
24.84 3046
24.85 3046
24.86 3046
24.87 3046
24.88 3046
24.89 3046
24.90 3046
24.91 3046
24.92 3046
24.93 3046
24.94 3047
24.95 3048
24.96 3048
24.97 3049
24.98 3050
24.99 3051
25.00 3051
25.01 3051
25.02 3052
25.03 3052
25.04 3053
25.06 3053
25.07 3055
25.08 3055
25.09 3056
25.10 3056
25.11 3056
25.12 3056
25.13 3056
25.14 3056
25.15 3056
25.16 3056
25.17 3056
25.18 3056
25.19 3057
25.20 3057
25.21 3057
25.22 3057
25.23 3057
25.24 3057
25.25 3058
25.26 3058
25.27 3059
25.28 3059
25.29 3060
25.30 3060
25.31 3061
25.32 3061
25.33 3062
25.34 3062
25.35 3062
25.36 3062
25.37 3062
25.38 3063
25.39 3063
25.40 3064
25.41 3065
25.42 3065
25.43 3065
25.44 3066
25.45 3066
25.46 3066
25.47 3067
25.48 3067
25.50 3067
25.51 3068
25.52 3068
25.53 3069
25.54 3070
25.55 3070
25.56 3073
25.57 3074
25.58 3074
25.59 3076
25.60 3077
25.61 3077
25.62 3077
25.63 3078
25.64 3078
25.65 3079
25.66 3079
25.67 3079
25.68 3079
25.69 3079
25.70 3079
25.71 3080
25.72 3080
25.73 3080
25.74 3081
25.75 3081
25.76 3081
25.77 3081
25.78 3083
25.79 3086
25.80 3086
25.81 3086
25.82 3089
25.83 3089
25.84 3091
25.85 3091
25.86 3091
25.87 3091
25.88 3091
25.89 3091
25.90 3091
25.91 3091
25.93 3091
25.94 3092
25.95 3092
25.96 3092
25.97 3092
25.98 3092
25.99 3093
26.00 3093
26.01 3093
26.02 3093
26.03 3093
26.04 3093
26.05 3096
26.06 3098
26.07 3099
26.08 3103
26.09 3103
26.10 3103
26.11 3103
26.12 3104
26.13 3105
26.14 3105
26.15 3105
26.16 3105
26.17 3105
26.18 3105
26.19 3105
26.20 3105
26.21 3105
26.22 3105
26.23 3106
26.24 3106
26.25 3108
26.26 3110
26.27 3110
26.28 3111
26.29 3112
26.30 3113
26.31 3113
26.32 3113
26.33 3113
26.34 3115
26.35 3115
26.37 3115
26.38 3116
26.39 3116
26.40 3117
26.41 3117
26.42 3117
26.43 3117
26.44 3117
26.45 3117
26.46 3118
26.47 3118
26.48 3120
26.49 3120
26.50 3120
26.51 3120
26.52 3120
26.53 3120
26.54 3120
26.55 3121
26.56 3121
26.57 3122
26.58 3122
26.59 3122
26.60 3123
26.61 3124
26.62 3124
26.63 3124
26.64 3124
26.65 3125
26.66 3126
26.67 3126
26.68 3126
26.69 3127
26.70 3128
26.71 3129
26.72 3129
26.73 3129
26.74 3129
26.75 3129
26.76 3130
26.77 3130
26.78 3131
26.80 3131
26.81 3133
26.82 3133
26.83 3134
26.84 3134
26.85 3136
26.86 3136
26.87 3137
26.88 3139
26.89 3140
26.90 3140
26.91 3141
26.92 3141
26.93 3142
26.94 3142
26.95 3142
26.96 3142
26.97 3142
26.98 3142
26.99 3143
27.00 3143
27.01 3143
27.02 3143
27.03 3144
27.04 3144
27.05 3144
27.06 3144
27.07 3150
27.08 3150
27.09 3151
27.10 3154
27.11 3154
27.12 3157
27.13 3157
27.14 3157
27.15 3163
27.16 3165
27.17 3165
27.18 3166
27.19 3170
27.20 3170
27.21 3170
27.22 3172
27.24 3173
27.25 3174
27.26 3175
27.27 3175
27.28 3177
27.29 3178
27.30 3178
27.31 3178
27.32 3180
27.33 3180
27.34 3180
27.35 3180
27.36 3180
27.37 3180
27.38 3182
27.39 3184
27.40 3186
27.41 3189
27.42 3189
27.43 3189
27.44 3189
27.45 3191
27.46 3191
27.47 3191
27.48 3192
27.49 3192
27.50 3192
27.51 3192
27.52 3193
27.53 3193
27.54 3195
27.55 3200
27.56 3205
27.57 3207
27.58 3211
27.59 3216
27.60 3222
27.61 3228
27.62 3234
27.63 3239
27.64 3248
27.65 3253
27.66 3262
27.68 3268
27.69 3273
27.70 3280
27.71 3285
27.72 3290
27.73 3292
27.74 3296
27.75 3301
27.76 3305
27.77 3311
27.78 3313
27.79 3320
27.80 3327
27.81 3331
27.82 3335
27.83 3341
27.84 3346
27.85 3349
27.86 3353
27.87 3358
27.88 3360
27.89 3363
27.90 3366
27.91 3370
27.92 3372
27.93 3379
27.94 3384
27.95 3389
27.96 3393
27.97 3399
27.98 3401
27.99 3403
28.00 3409
28.01 3415
28.02 3420
28.03 3424
28.04 3426
28.05 3429
28.06 3431
28.07 3436
28.08 3440
28.09 3443
28.11 3447
28.12 3451
28.13 3455
28.14 3459
28.15 3464
28.16 3466
28.17 3470
28.18 3474
28.19 3480
28.20 3485
28.21 3488
28.22 3491
28.23 3494
28.24 3496
28.25 3501
28.26 3507
28.27 3513
28.28 3517
28.29 3521
28.30 3525
28.31 3531
28.32 3537
28.33 3540
28.34 3545
28.35 3550
28.36 3553
28.37 3556
28.38 3560
28.39 3562
28.40 3566
28.41 3573
28.42 3577
28.43 3580
28.44 3582
28.45 3586
28.46 3589
28.47 3593
28.48 3596
28.49 3600
28.50 3605
28.51 3608
28.52 3612
28.53 3615
28.55 3621
28.56 3625
28.57 3629
28.58 3634
28.59 3638
28.60 3642
28.61 3644
28.62 3649
28.63 3656
28.64 3661
28.65 3665
28.66 3670
28.67 3676
28.68 3680
28.69 3683
28.70 3688
28.71 3692
28.72 3697
28.73 3699
28.74 3704
28.75 3712
28.76 3720
28.77 3726
28.78 3733
28.79 3737
28.80 3739
28.81 3744
28.82 3750
28.83 3757
28.84 3763
28.85 3767
28.86 3769
28.87 3772
28.88 3775
28.89 3778
28.90 3784
28.91 3786
28.92 3794
28.93 3800
28.94 3804
28.95 3811
28.96 3814
28.98 3820
28.99 3827
29.00 3830
29.01 3833
29.02 3838
29.03 3842
29.04 3847
29.05 3849
29.06 3852
29.07 3854
29.08 3855
29.09 3857
29.10 3860
29.11 3861
29.12 3865
29.13 3868
29.14 3872
29.15 3875
29.16 3876
29.17 3879
29.18 3880
29.19 3882
29.20 3882
29.21 3882
29.22 3886
29.23 3889
29.24 3894
29.25 3898
29.26 3904
29.27 3910
29.28 3914
29.29 3914
29.30 3914
29.31 3915
29.32 3918
29.33 3918
29.34 3918
29.35 3920
29.36 3921
29.37 3923
29.38 3923
29.39 3924
29.40 3925
29.42 3925
29.43 3926
29.44 3926
29.45 3927
29.46 3927
29.47 3928
29.48 3928
29.49 3928
29.50 3930
29.51 3930
29.52 3931
29.53 3931
29.54 3932
29.55 3932
29.56 3934
29.57 3934
29.58 3934
29.59 3934
29.60 3934
29.61 3934
29.62 3934
29.63 3936
29.64 3936
29.65 3937
29.66 3937
29.67 3937
29.68 3937
29.69 3938
29.70 3939
29.71 3939
29.72 3940
29.73 3940
29.74 3940
29.75 3940
29.76 3941
29.77 3941
29.78 3941
29.79 3941
29.80 3942
29.81 3943
29.82 3943
29.83 3943
29.85 3943
29.86 3943
29.87 3944
29.88 3944
29.89 3945
29.90 3945
29.91 3947
29.92 3947
29.93 3949
29.94 3950
29.95 3952
29.96 3952
29.97 3954
29.98 3955
29.99 3955
30.00 3955
30.01 3956
30.02 3956
30.03 3957
30.04 3957
30.05 3959
30.06 3962
30.07 3963
30.08 3969
30.09 3972
30.10 3975
30.11 3980
30.12 3986
30.13 3987
30.14 3990
30.15 3993
30.16 4000
30.17 4006
30.18 4011
30.19 4018
30.20 4024
30.21 4029
30.22 4033
30.23 4038
30.24 4043
30.25 4047
30.26 4051
30.27 4052
30.29 4054
30.30 4058
30.31 4060
30.32 4061
30.33 4063
30.34 4063
30.35 4063
30.36 4063
30.37 4063
30.38 4063
30.39 4066
30.40 4066
30.41 4067
30.42 4067
30.43 4070
30.44 4072
30.45 4074
30.46 4074
30.47 4079
30.48 4080
30.49 4081
30.50 4083
30.51 4085
30.52 4087
30.53 4087
30.54 4088
30.55 4088
30.56 4088
30.57 4088
30.58 4088
30.59 4090
30.60 4095
30.61 4098
30.62 4103
30.63 4107
30.64 4109
30.65 4110
30.66 4113
30.67 4121
30.68 4125
30.69 4132
30.70 4136
30.71 4140
30.73 4146
30.74 4150
30.75 4156
30.76 4160
30.77 4168
30.78 4176
30.79 4178
30.80 4179
30.81 4179
30.82 4179
30.83 4179
30.84 4179
30.85 4184
30.86 4188
30.87 4193
30.88 4198
30.89 4199
30.90 4199
30.91 4199
30.92 4199
30.93 4199
30.94 4201
30.95 4201
30.96 4203
30.97 4205
30.98 4208
30.99 4208
31.00 4208
31.01 4209
31.02 4209
31.03 4210
31.04 4210
31.05 4211
31.06 4211
31.07 4212
31.08 4212
31.09 4212
31.10 4212
31.11 4212
31.12 4215
31.13 4215
31.14 4215
31.16 4216
31.17 4217
31.18 4218
31.19 4218
31.20 4220
31.21 4220
31.22 4220
31.23 4222
31.24 4222
31.25 4224
31.26 4224
31.27 4225
31.28 4225
31.29 4225
31.30 4227
31.31 4227
31.32 4228
31.33 4228
31.34 4229
31.35 4229
31.36 4230
31.37 4231
31.38 4231
31.39 4231
31.40 4231
31.41 4231
31.42 4231
31.43 4232
31.44 4232
31.45 4233
31.46 4233
31.47 4234
31.48 4234
31.49 4235
31.50 4235
31.51 4236
31.52 4236
31.53 4236
31.54 4236
31.55 4236
31.56 4241
31.57 4243
31.58 4244
31.60 4245
31.61 4245
31.62 4246
31.63 4246
31.64 4246
31.65 4246
31.66 4247
31.67 4247
31.68 4247
31.69 4247
31.70 4249
31.71 4249
31.72 4250
31.73 4251
31.74 4255
31.75 4255
31.76 4255
31.77 4257
31.78 4257
31.79 4257
31.80 4257
31.81 4258
31.82 4260
31.83 4260
31.84 4261
31.85 4261
31.86 4262
31.87 4263
31.88 4263
31.89 4263
31.90 4265
31.91 4266
31.92 4268
31.93 4268
31.94 4268
31.95 4271
31.96 4272
31.97 4272
31.98 4272
31.99 4275
32.00 4276
32.01 4279
32.03 4279
32.04 4279
32.05 4279
32.06 4279
32.07 4280
32.08 4280
32.09 4280
32.10 4280
32.11 4280
32.12 4280
32.13 4280
32.14 4281
32.15 4281
32.16 4281
32.17 4281
32.18 4281
32.19 4282
32.20 4283
32.21 4285
32.22 4287
32.23 4290
32.24 4290
32.25 4290
32.26 4290
32.27 4291
32.28 4291
32.29 4291
32.30 4291
32.31 4291
32.32 4291
32.33 4291
32.34 4291
32.35 4291
32.36 4291
32.37 4291
32.38 4293
32.39 4293
32.40 4293
32.41 4295
32.42 4295
32.43 4296
32.44 4297
32.45 4297
32.47 4297
32.48 4299
32.49 4299
32.50 4300
32.51 4300
32.52 4300
32.53 4300
32.54 4300
32.55 4300
32.56 4300
32.57 4300
32.58 4300
32.59 4300
32.60 4300
32.61 4302
32.62 4302
32.63 4302
32.64 4302
32.65 4302
32.66 4302
32.67 4302
32.68 4303
32.69 4303
32.70 4304
32.71 4304
32.72 4304
32.73 4305
32.74 4306
32.75 4306
32.76 4307
32.77 4307
32.78 4307
32.79 4307
32.80 4307
32.81 4308
32.82 4308
32.83 4309
32.84 4310
32.85 4311
32.86 4311
32.87 4312
32.88 4312
32.90 4312
32.91 4313
32.92 4313
32.93 4313
32.94 4314
32.95 4314
32.96 4315
32.97 4315
32.98 4315
32.99 4317
33.00 4319
33.01 4319
33.02 4321
33.03 4322
33.04 4322
33.05 4322
33.06 4322
33.07 4322
33.08 4324
33.09 4324
33.10 4324
33.11 4325
33.12 4325
33.13 4326
33.14 4326
33.15 4326
33.16 4326
33.17 4326
33.18 4326
33.19 4330
33.20 4332
33.21 4332
33.22 4335
33.23 4335
33.24 4338
33.25 4338
33.26 4338
33.27 4338
33.28 4338
33.29 4338
33.30 4338
33.31 4338
33.32 4338
33.34 4338
33.35 4338
33.36 4338
33.37 4338
33.38 4341
33.39 4341
33.40 4341
33.41 4341
33.42 4341
33.43 4341
33.44 4342
33.45 4343
33.46 4346
33.47 4349
33.48 4349
33.49 4349
33.50 4349
33.51 4350
33.52 4351
33.53 4351
33.54 4351
33.55 4351
33.56 4351
33.57 4351
33.58 4351
33.59 4351
33.60 4351
33.61 4353
33.62 4354
33.63 4354
33.64 4355
33.65 4357
33.66 4358
33.67 4358
33.68 4359
33.69 4360
33.70 4360
33.71 4361
33.72 4361
33.73 4362
33.74 4362
33.75 4362
33.77 4364
33.78 4364
33.79 4365
33.80 4365
33.81 4366
33.82 4366
33.83 4367
33.84 4367
33.85 4369
33.86 4369
33.87 4370
33.88 4370
33.89 4370
33.90 4370
33.91 4370
33.92 4370
33.93 4370
33.94 4371
33.95 4371
33.96 4372
33.97 4372
33.98 4373
33.99 4373
34.00 4374
34.01 4374
34.02 4374
34.03 4374
34.04 4374
34.05 4375
34.06 4375
34.07 4376
34.08 4376
34.09 4377
34.10 4378
34.11 4378
34.12 4378
34.13 4378
34.14 4378
34.15 4379
34.16 4379
34.17 4380
34.18 4380
34.19 4381
34.21 4381
34.22 4383
34.23 4383
34.24 4386
34.25 4386
34.26 4386
34.27 4388
34.28 4389
34.29 4389
34.30 4389
34.31 4390
34.32 4391
34.33 4391
34.34 4391
34.35 4391
34.36 4392
34.37 4392
34.38 4392
34.39 4392
34.40 4392
34.41 4392
34.42 4392
34.43 4395
34.44 4395
34.45 4396
34.46 4397
34.47 4400
34.48 4401
34.49 4404
34.50 4404
34.51 4409
34.52 4411
34.53 4412
34.54 4413
34.55 4413
34.56 4413
34.57 4413
34.58 4417
34.59 4423
34.60 4428
34.61 4432
34.62 4436
34.63 4437
34.65 4437
34.66 4438
34.67 4438
34.68 4438
34.69 4438
34.70 4438
34.71 4439
34.72 4440
34.73 4442
34.74 4442
34.75 4446
34.76 4448
34.77 4449
34.78 4453
34.79 4453
34.80 4453
34.81 4453
34.82 4454
34.83 4455
34.84 4455
34.85 4455
34.86 4455
34.87 4455
34.88 4455
34.89 4455
34.90 4455
34.91 4455
34.92 4455
34.93 4456
34.94 4456
34.95 4457
34.96 4458
34.97 4459
34.98 4460
34.99 4461
35.00 4462
35.01 4462
35.02 4462
35.03 4463
35.04 4463
35.05 4464
35.06 4464
35.08 4464
35.09 4464
35.10 4465
35.11 4465
35.12 4465
35.13 4465
35.14 4465
35.15 4465
35.16 4465
35.17 4466
35.18 4467
35.19 4467
35.20 4467
35.21 4467
35.22 4467
35.23 4467
35.24 4468
35.25 4468
35.26 4468
35.27 4469
35.28 4469
35.29 4470
35.30 4471
35.31 4471
35.32 4471
35.33 4471
35.34 4471
35.35 4472
35.36 4473
35.37 4473
35.38 4473
35.39 4474
35.40 4475
35.41 4476
35.42 4476
35.43 4476
35.44 4476
35.45 4476
35.46 4477
35.47 4477
35.48 4478
35.49 4478
35.50 4478
35.52 4480
35.53 4481
35.54 4481
35.55 4483
35.56 4484
35.57 4484
35.58 4486
35.59 4487
35.60 4487
35.61 4487
35.62 4488
35.63 4488
35.64 4489
35.65 4489
35.66 4489
35.67 4489
35.68 4489
35.69 4490
35.70 4491
35.71 4491
35.72 4491
35.73 4494
35.74 4494
35.75 4494
35.76 4495
35.77 4498
35.78 4498
35.79 4499
35.80 4500
35.81 4502
35.82 4503
35.83 4504
35.84 4504
35.85 4505
35.86 4505
35.87 4505
35.88 4505
35.89 4505
35.90 4505
35.91 4505
35.92 4506
35.93 4506
35.95 4506
35.96 4508
35.97 4508
35.98 4508
35.99 4508
36.00 4508
36.01 4509
36.02 4511
36.03 4512
36.04 4514
36.05 4517
36.06 4517
36.07 4517
36.08 4518
36.09 4518
36.10 4518
36.11 4518
36.12 4518
36.13 4519
36.14 4519
36.15 4519
36.16 4519
36.17 4519
36.18 4519
36.19 4520
36.20 4520
36.21 4521
36.22 4522
36.23 4523
36.24 4523
36.25 4525
36.26 4525
36.27 4525
36.28 4525
36.29 4527
36.30 4527
36.31 4528
36.32 4528
36.33 4529
36.34 4529
36.35 4529
36.36 4529
36.37 4529
36.39 4529
36.40 4529
36.41 4530
36.42 4530
36.43 4530
36.44 4531
36.45 4531
36.46 4531
36.47 4531
36.48 4531
36.49 4531
36.50 4532
36.51 4532
36.52 4533
36.53 4533
36.54 4534
36.55 4535
36.56 4536
36.57 4536
36.58 4537
36.59 4537
36.60 4537
36.61 4537
36.62 4537
36.63 4537
36.64 4538
36.65 4539
36.66 4540
36.67 4541
36.68 4542
36.69 4542
36.70 4542
36.71 4542
36.72 4543
36.73 4543
36.74 4544
36.75 4544
36.76 4544
36.77 4545
36.78 4546
36.79 4546
36.80 4548
36.82 4549
36.83 4549
36.84 4551
36.85 4552
36.86 4552
36.87 4552
36.88 4553
36.89 4554
36.90 4554
36.91 4554
36.92 4554
36.93 4555
36.94 4555
36.95 4556
36.96 4556
36.97 4556
36.98 4556
36.99 4556
37.00 4557
37.01 4559
37.02 4559
37.03 4559
37.04 4563
37.05 4564
37.06 4567
37.07 4567
37.08 4571
37.09 4573
37.10 4574
37.11 4575
37.12 4581
37.13 4581
37.14 4581
37.15 4581
37.16 4582
37.17 4582
37.18 4582
37.19 4584
37.20 4585
37.21 4585
37.22 4585
37.23 4585
37.24 4587
37.26 4587
37.27 4588
37.28 4592
37.29 4592
37.30 4592
37.31 4592
37.32 4593
37.33 4593
37.34 4593
37.35 4593
37.36 4593
37.37 4593
37.38 4595
37.39 4595
37.40 4595
37.41 4595
37.42 4597
37.43 4597
37.44 4597
37.45 4598
37.46 4599
37.47 4599
37.48 4600
37.49 4602
37.50 4603
37.51 4603
37.52 4604
37.53 4604
37.54 4605
37.55 4605
37.56 4605
37.57 4606
37.58 4606
37.59 4606
37.60 4606
37.61 4607
37.62 4607
37.63 4607
37.64 4607
37.65 4607
37.66 4608
37.67 4609
37.68 4609
37.70 4609
37.71 4609
37.72 4609
37.73 4609
37.74 4609
37.75 4610
37.76 4611
37.77 4611
37.78 4611
37.79 4612
37.80 4613
37.81 4613
37.82 4614
37.83 4614
37.84 4614
37.85 4614
37.86 4615
37.87 4615
37.88 4616
37.89 4617
37.90 4617
37.91 4618
37.92 4618
37.93 4618
37.94 4619
37.95 4619
37.96 4619
37.97 4619
37.98 4620
37.99 4620
38.00 4622
38.01 4622
38.02 4624
38.03 4624
38.04 4628
38.05 4628
38.06 4628
38.07 4630
38.08 4631
38.09 4631
38.10 4631
38.11 4632
38.13 4633
38.14 4633
38.15 4635
38.16 4640
38.17 4645
38.18 4651
38.19 4652
38.20 4652
38.21 4654
38.22 4654
38.23 4654
38.24 4654
38.25 4654
38.26 4654
38.27 4654
38.28 4654
38.29 4659
38.30 4660
38.31 4660
38.32 4663
38.33 4663
38.34 4666
38.35 4666
38.36 4666
38.37 4667
38.38 4667
38.39 4667
38.40 4667
38.41 4667
38.42 4667
38.43 4671
38.44 4675
38.45 4682
38.46 4686
38.47 4687
38.48 4687
38.49 4689
38.50 4689
38.51 4689
38.52 4689
38.53 4689
38.54 4689
38.55 4691
38.57 4693
38.58 4695
38.59 4699
38.60 4699
38.61 4699
38.62 4699
38.63 4699
38.64 4699
38.65 4699
38.66 4700
38.67 4700
38.68 4700
38.69 4700
38.70 4700
38.71 4700
38.72 4700
38.73 4700
38.74 4701
38.75 4701
38.76 4702
38.77 4704
38.78 4705
38.79 4705
38.80 4706
38.81 4707
38.82 4707
38.83 4708
38.84 4708
38.85 4709
38.86 4709
38.87 4709
38.88 4709
38.89 4709
38.90 4710
38.91 4710
38.92 4710
38.93 4710
38.94 4711
38.95 4711
38.96 4711
38.97 4712
38.98 4712
39.00 4712
39.01 4712
39.02 4712
39.03 4712
39.04 4713
39.05 4713
39.06 4714
39.07 4714
39.08 4715
39.09 4715
39.10 4715
39.11 4715
39.12 4716
39.13 4717
39.14 4717
39.15 4717
39.16 4717
39.17 4718
39.18 4718
39.19 4719
39.20 4719
39.21 4720
39.22 4721
39.23 4721
39.24 4721
39.25 4721
39.26 4721
39.27 4723
39.28 4723
39.29 4723
39.30 4723
39.31 4725
39.32 4725
39.33 4727
39.34 4729
39.35 4729
39.36 4729
39.37 4731
39.38 4732
39.39 4733
39.40 4733
39.41 4734
39.42 4734
39.44 4734
39.45 4734
39.46 4735
39.47 4735
39.48 4736
39.49 4736
39.50 4736
39.51 4736
39.52 4736
39.53 4736
39.54 4736
39.55 4738
39.56 4738
39.57 4738
39.58 4740
39.59 4742
39.60 4744
39.61 4745
39.62 4745
39.63 4755
39.64 4758
39.65 4761
39.66 4761
39.67 4761
39.68 4761
39.69 4761
39.70 4761
39.71 4761
39.72 4763
39.73 4764
39.74 4764
39.75 4764
39.76 4766
39.77 4772
39.78 4777
39.79 4780
39.80 4785
39.81 4796
39.82 4799
39.83 4801
39.84 4802
39.85 4802
39.87 4808
39.88 4809
39.89 4809
39.90 4809
39.91 4809
39.92 4810
39.93 4811
39.94 4812
39.95 4815
39.96 4817
39.97 4817
39.98 4817
39.99 4818
40.00 4819
40.01 4819
40.02 4819
40.03 4819
40.04 4819
40.05 4819
40.06 4819
40.07 4819
40.08 4819
40.09 4819
40.10 4820
40.11 4821
40.12 4821
40.13 4823
40.14 4824
40.15 4825
40.16 4825
40.17 4826
40.18 4827
40.19 4827
40.20 4828
40.21 4828
40.22 4829
40.23 4829
40.24 4834
40.25 4835
40.26 4835
40.27 4835
40.28 4837
40.29 4837
40.31 4837
40.32 4837
40.33 4837
40.34 4837
40.35 4837
40.36 4838
40.37 4839
40.38 4839
40.39 4839
40.40 4839
40.41 4839
40.42 4847
40.43 4849
40.44 4850
40.45 4851
40.46 4851
40.47 4851
40.48 4852
40.49 4852
40.50 4853
40.51 4854
40.52 4854
40.53 4854
40.54 4855
40.55 4855
40.56 4855
40.57 4855
40.58 4855
40.59 4856
40.60 4857
40.61 4857
40.62 4858
40.63 4859
40.64 4859
40.65 4859
40.66 4859
40.67 4860
40.68 4860
40.69 4861
40.70 4861
40.71 4863
40.72 4863
40.73 4864
40.75 4866
40.76 4867
40.77 4868
40.78 4868
40.79 4870
40.80 4871
40.81 4871
40.82 4872
40.83 4872
40.84 4873
40.85 4873
40.86 4873
40.87 4873
40.88 4874
40.89 4874
40.90 4874
40.91 4874
40.92 4874
40.93 4874
40.94 4874
40.95 4878
40.96 4878
40.97 4879
40.98 4880
40.99 4882
41.00 4883
41.01 4885
41.02 4885
41.03 4885
41.04 4885
41.05 4885
41.06 4885
41.07 4885
41.08 4885
41.09 4885
41.10 4885
41.11 4885
41.12 4885
41.13 4887
41.14 4887
41.15 4887
41.16 4887
41.18 4887
41.19 4889
41.20 4889
41.21 4891
41.22 4893
41.23 4896
41.24 4896
41.25 4896
41.26 4897
41.27 4897
41.28 4898
41.29 4898
41.30 4898
41.31 4898
41.32 4898
41.33 4898
41.34 4898
41.35 4898
41.36 4898
41.37 4899
41.38 4899
41.39 4901
41.40 4902
41.41 4902
41.42 4903
41.43 4904
41.44 4905
41.45 4905
41.46 4905
41.47 4906
41.48 4906
41.49 4906
41.50 4906
41.51 4907
41.52 4907
41.53 4908
41.54 4908
41.55 4908
41.56 4908
41.57 4908
41.58 4908
41.59 4908
41.60 4908
41.62 4908
41.63 4908
41.64 4908
41.65 4908
41.66 4908
41.67 4908
41.68 4910
41.69 4910
41.70 4911
41.71 4911
41.72 4911
41.73 4911
41.74 4912
41.75 4912
41.76 4913
41.77 4913
41.78 4913
41.79 4914
41.80 4914
41.81 4914
41.82 4915
41.83 4916
41.84 4916
41.85 4917
41.86 4918
41.87 4918
41.88 4918
41.89 4918
41.90 4919
41.91 4919
41.92 4919
41.93 4920
41.94 4920
41.95 4921
41.96 4922
41.97 4923
41.98 4924
41.99 4925
42.00 4925
42.01 4927
42.02 4928
42.03 4928
42.05 4928
42.06 4929
42.07 4930
42.08 4930
42.09 4930
42.10 4930
42.11 4931
42.12 4932
42.13 4932
42.14 4932
42.15 4932
42.16 4932
42.17 4932
42.18 4932
42.19 4934
42.20 4934
42.21 4934
42.22 4937
42.23 4937
42.24 4940
42.25 4940
42.26 4949
42.27 4953
42.28 4955
42.29 4957
42.30 4957
42.31 4957
42.32 4957
42.33 4958
42.34 4964
42.35 4968
42.36 4973
42.37 4978
42.38 4984
42.39 4987
42.40 4989
42.41 4994
42.42 4995
42.43 5003
42.44 5007
42.45 5013
42.46 5015
42.47 5023
42.49 5030
42.50 5034
42.51 5034
42.52 5039
42.53 5045
42.54 5050
42.55 5052
42.56 5056
42.57 5061
42.58 5064
42.59 5065
42.60 5065
42.61 5065
42.62 5065
42.63 5065
42.64 5066
42.65 5067
42.66 5068
42.67 5071
42.68 5073
42.69 5073
42.70 5073
42.71 5074
42.72 5074
42.73 5075
42.74 5075
42.75 5075
42.76 5075
42.77 5075
42.78 5075
42.79 5075
42.80 5075
42.81 5075
42.82 5076
42.83 5076
42.84 5078
42.85 5079
42.86 5079
42.87 5080
42.88 5082
42.89 5083
42.90 5083
42.92 5083
42.93 5085
42.94 5085
42.95 5087
42.96 5087
42.97 5087
42.98 5087
42.99 5088
43.00 5088
43.01 5088
43.02 5088
43.03 5088
43.04 5088
43.05 5088
43.06 5088
43.07 5088
43.08 5089
43.09 5089
43.10 5089
43.11 5089
43.12 5089
43.13 5089
43.14 5089
43.15 5090
43.16 5090
43.17 5091
43.18 5091
43.19 5091
43.20 5092
43.21 5092
43.22 5092
43.23 5094
43.24 5094
43.25 5094
43.26 5095
43.27 5095
43.28 5095
43.29 5096
43.30 5096
43.31 5098
43.32 5099
43.33 5099
43.34 5099
43.36 5099
43.37 5099
43.38 5100
43.39 5100
43.40 5101
43.41 5101
43.42 5102
43.43 5102
43.44 5104
43.45 5104
43.46 5107
43.47 5107
43.48 5107
43.49 5109
43.50 5110
43.51 5110
43.52 5110
43.53 5111
43.54 5112
43.55 5112
43.56 5112
43.57 5112
43.58 5113
43.59 5115
43.60 5121
43.61 5125
43.62 5128
43.63 5128
43.64 5128
43.65 5128
43.66 5128
43.67 5128
43.68 5131
43.69 5134
43.70 5134
43.71 5134
43.72 5138
43.73 5138
43.74 5140
43.75 5140
43.76 5145
43.77 5145
43.78 5148
43.80 5148
43.81 5154
43.82 5154
43.83 5154
43.84 5158
43.85 5160
43.86 5162
43.87 5162
43.88 5162
43.89 5162
43.90 5162
43.91 5162
43.92 5163
43.93 5164
43.94 5166
43.95 5169
43.96 5171
43.97 5171
43.98 5171
43.99 5174
44.00 5176
44.01 5176
44.02 5176
44.03 5176
44.04 5176
44.05 5176
44.06 5176
44.07 5176
44.08 5176
44.09 5176
44.10 5178
44.11 5179
44.12 5179
44.13 5181
44.14 5182
44.15 5183
44.16 5183
44.17 5183
44.18 5184
44.19 5184
44.20 5186
44.21 5186
44.23 5186
44.24 5186
44.25 5186
44.26 5186
44.27 5187
44.28 5187
44.29 5187
44.30 5187
44.31 5187
44.32 5187
44.33 5187
44.34 5187
44.35 5187
44.36 5189
44.37 5190
44.38 5190
44.39 5190
44.40 5190
44.41 5190
44.42 5190
44.43 5191
44.44 5191
44.45 5192
44.46 5192
44.47 5193
44.48 5194
44.49 5195
44.50 5195
44.51 5195
44.52 5195
44.53 5195
44.54 5196
44.55 5196
44.56 5196
44.57 5197
44.58 5198
44.59 5198
44.60 5199
44.61 5199
44.62 5199
44.63 5199
44.64 5199
44.65 5200
44.67 5200
44.68 5200
44.69 5201
44.70 5201
44.71 5203
44.72 5203
44.73 5205
44.74 5206
44.75 5207
44.76 5207
44.77 5209
44.78 5211
44.79 5211
44.80 5211
44.81 5213
44.82 5213
44.83 5213
44.84 5213
44.85 5213
44.86 5213
44.87 5214
44.88 5214
44.89 5214
44.90 5217
44.91 5217
44.92 5217
44.93 5219
44.94 5220
44.95 5220
44.96 5220
44.97 5223
44.98 5224
44.99 5227
45.00 5227
45.01 5233
45.02 5233
45.03 5235
45.04 5236
45.05 5240
45.06 5240
45.07 5240
45.08 5240
45.10 5240
45.11 5240
45.12 5240
45.13 5241
45.14 5241
45.15 5242
45.16 5242
45.17 5242
45.18 5242
45.19 5243
45.20 5243
45.21 5245
45.22 5247
45.23 5250
45.24 5250
45.25 5250
45.26 5251
45.27 5251
45.28 5251
45.29 5251
45.30 5251
45.31 5251
45.32 5251
45.33 5251
45.34 5251
45.35 5251
45.36 5251
45.37 5253
45.38 5253
45.39 5254
45.40 5255
45.41 5255
45.42 5255
45.43 5256
45.44 5257
45.45 5257
45.46 5258
45.47 5258
45.48 5258
45.49 5258
45.50 5259
45.51 5259
45.52 5259
45.54 5259
45.55 5259
45.56 5259
45.57 5259
45.58 5259
45.59 5259
45.60 5259
45.61 5259
45.62 5260
45.63 5260
45.64 5260
45.65 5260
45.66 5260
45.67 5260
45.68 5260
45.69 5261
45.70 5261
45.71 5262
45.72 5262
45.73 5263
45.74 5263
45.75 5264
45.76 5265
45.77 5265
45.78 5265
45.79 5265
45.80 5265
45.81 5266
45.82 5266
45.83 5267
45.84 5268
45.85 5269
45.86 5269
45.87 5270
45.88 5271
45.89 5271
45.90 5271
45.91 5271
45.92 5272
45.93 5272
45.94 5273
45.95 5273
45.97 5275
45.98 5275
45.99 5277
46.00 5278
46.01 5279
46.02 5279
46.03 5280
46.04 5281
46.05 5282
46.06 5282
46.07 5284
46.08 5284
46.09 5285
46.10 5285
46.11 5288
46.12 5289
46.13 5295
46.14 5299
46.15 5300
46.16 5303
46.17 5307
46.18 5310
46.19 5313
46.20 5317
46.21 5322
46.22 5327
46.23 5333
46.24 5337
46.25 5337
46.26 5339
46.27 5339
46.28 5339
46.29 5339
46.30 5339
46.31 5339
46.32 5339
46.33 5339
46.34 5341
46.35 5343
46.36 5343
46.37 5345
46.38 5345
46.39 5347
46.41 5348
46.42 5348
46.43 5348
46.44 5348
46.45 5348
46.46 5348
46.47 5348
46.48 5348
46.49 5350
46.50 5350
46.51 5350
46.52 5352
46.53 5352
46.54 5352
46.55 5352
46.56 5352
46.57 5354
46.58 5354
46.59 5357
46.60 5360
46.61 5362
46.62 5362
46.63 5362
46.64 5363
46.65 5363
46.66 5364
46.67 5364
46.68 5364
46.69 5364
46.70 5364
46.71 5364
46.72 5364
46.73 5364
46.74 5364
46.75 5365
46.76 5365
46.77 5366
46.78 5367
46.79 5367
46.80 5369
46.81 5370
46.82 5371
46.84 5371
46.85 5371
46.86 5372
46.87 5372
46.88 5374
46.89 5374
46.90 5377
46.91 5378
46.92 5379
46.93 5379
46.94 5380
46.95 5380
46.96 5380
46.97 5380
46.98 5382
46.99 5382
47.00 5383
47.01 5383
47.02 5383
47.03 5383
47.04 5383
47.05 5385
47.06 5385
47.07 5386
47.08 5386
47.09 5387
47.10 5388
47.11 5389
47.12 5389
47.13 5389
47.14 5389
47.15 5390
47.16 5390
47.17 5391
47.18 5391
47.19 5392
47.20 5392
47.21 5394
47.22 5395
47.23 5396
47.24 5396
47.25 5397
47.26 5398
47.28 5400
47.29 5400
47.30 5401
47.31 5401
47.32 5402
47.33 5402
47.34 5402
47.35 5402
47.36 5403
47.37 5403
47.38 5404
47.39 5404
47.40 5404
47.41 5404
47.42 5404
47.43 5409
47.44 5410
47.45 5410
47.46 5412
47.47 5413
47.48 5416
47.49 5416
47.50 5416
47.51 5416
47.52 5416
47.53 5416
47.54 5416
47.55 5416
47.56 5416
47.57 5417
47.58 5417
47.59 5417
47.60 5418
47.61 5419
47.62 5419
47.63 5419
47.64 5421
47.65 5425
47.66 5429
47.67 5434
47.68 5437
47.69 5441
47.70 5443
47.72 5443
47.73 5443
47.74 5443
47.75 5443
47.76 5445
47.77 5446
47.78 5447
47.79 5451
47.80 5452
47.81 5452
47.82 5452
47.83 5453
47.84 5453
47.85 5454
47.86 5454
47.87 5454
47.88 5454
47.89 5454
47.90 5454
47.91 5454
47.92 5454
47.93 5454
47.94 5456
47.95 5456
47.96 5457
47.97 5457
47.98 5459
47.99 5460
48.00 5460
48.01 5461
48.02 5462
48.03 5462
48.04 5463
48.05 5463
48.06 5464
48.07 5464
48.08 5464
48.09 5464
48.10 5465
48.11 5465
48.12 5466
48.13 5466
48.15 5467
48.16 5467
48.17 5467
48.18 5468
48.19 5468
48.20 5469
48.21 5469
48.22 5469
48.23 5469
48.24 5469
48.25 5469
48.26 5469
48.27 5470
48.28 5470
48.29 5471
48.30 5471
48.31 5472
48.32 5472
48.33 5473
48.34 5473
48.35 5474
48.36 5474
48.37 5474
48.38 5474
48.39 5475
48.40 5475
48.41 5475
48.42 5476
48.43 5476
48.44 5477
48.45 5477
48.46 5477
48.47 5477
48.48 5478
48.49 5479
48.50 5479
48.51 5480
48.52 5480
48.53 5480
48.54 5481
48.55 5483
48.56 5483
48.57 5485
48.59 5486
48.60 5486
48.61 5488
48.62 5489
48.63 5489
48.64 5489
48.65 5490
48.66 5491
48.67 5491
48.68 5491
48.69 5492
48.70 5494
48.71 5496
48.72 5497
48.73 5498
48.74 5498
48.75 5498
48.76 5500
48.77 5500
48.78 5500
48.79 5500
48.80 5501
48.81 5504
48.82 5504
48.83 5505
48.84 5507
48.85 5508
48.86 5509
48.87 5509
48.88 5509
48.89 5510
48.90 5510
48.91 5510
48.92 5510
48.93 5510
48.94 5510
48.95 5510
48.96 5512
48.97 5512
48.98 5512
48.99 5513
49.00 5513
49.02 5513
49.03 5513
49.04 5513
49.05 5513
49.06 5515
49.07 5515
49.08 5517
49.09 5519
49.10 5521
49.11 5521
49.12 5521
49.13 5522
49.14 5522
49.15 5522
49.16 5522
49.17 5522
49.18 5522
49.19 5522
49.20 5522
49.21 5522
49.22 5522
49.23 5522
49.24 5523
49.25 5523
49.26 5525
49.27 5525
49.28 5525
49.29 5527
49.30 5527
49.31 5528
49.32 5528
49.33 5528
49.34 5530
49.35 5530
49.36 5531
49.37 5531
49.38 5531
49.39 5531
49.40 5531
49.41 5531
49.42 5531
49.43 5531
49.44 5531
49.46 5531
49.47 5531
49.48 5531
49.49 5532
49.50 5532
49.51 5532
49.52 5532
49.53 5532
49.54 5532
49.55 5532
49.56 5533
49.57 5533
49.58 5534
49.59 5534
49.60 5535
49.61 5535
49.62 5536
49.63 5536
49.64 5536
49.65 5537
49.66 5537
49.67 5537
49.68 5538
49.69 5538
49.70 5538
49.71 5538
49.72 5539
49.73 5540
49.74 5541
49.75 5542
49.76 5542
49.77 5542
49.78 5542
49.79 5543
49.80 5543
49.81 5544
49.82 5544
49.83 5545
49.84 5545
49.85 5546
49.86 5547
49.87 5548
49.89 5548
49.90 5549
49.91 5551
49.92 5552
49.93 5552
49.94 5553
49.95 5553
49.96 5554
49.97 5554
49.98 5554
49.99 5554
50.00 5556
50.01 5557
50.02 5557
50.03 5557
50.04 5557
50.05 5557
50.06 5557
50.07 5560
50.08 5562
50.09 5563
50.10 5563
50.11 5566
50.12 5566
50.13 5570
50.14 5570
50.15 5571
50.16 5573
50.17 5576
50.18 5576
50.19 5577
50.20 5586
50.21 5590
50.22 5590
50.23 5590
50.24 5591
50.25 5591
50.26 5591
50.27 5591
50.28 5593
50.29 5594
50.30 5594
50.31 5594
50.33 5595
50.34 5600
50.35 5604
50.36 5607
50.37 5611
50.38 5614
50.39 5622
50.40 5630
50.41 5634
50.42 5637
50.43 5641
50.44 5647
50.45 5649
50.46 5651
50.47 5653
50.48 5660
50.49 5664
50.50 5666
50.51 5669
50.52 5672
50.53 5675
50.54 5679
50.55 5683
50.56 5689
50.57 5693
50.58 5697
50.59 5702
50.60 5706
50.61 5715
50.62 5718
50.63 5724
50.64 5731
50.65 5735
50.66 5741
50.67 5747
50.68 5751
50.69 5757
50.70 5760
50.71 5764
50.72 5770
50.73 5777
50.74 5780
50.75 5782
50.77 5782
50.78 5782
50.79 5782
50.80 5782
50.81 5782
50.82 5784
50.83 5784
50.84 5786
50.85 5788
50.86 5791
50.87 5791
50.88 5791
50.89 5792
50.90 5792
50.91 5793
50.92 5793
50.93 5793
50.94 5793
50.95 5793
50.96 5793
50.97 5793
50.98 5793
50.99 5794
51.00 5796
51.01 5796
51.02 5797
51.03 5798
51.04 5798
51.05 5799
51.06 5800
51.07 5801
51.08 5801
51.09 5801
51.10 5803
51.11 5803
51.12 5804
51.13 5804
51.14 5804
51.15 5804
51.16 5804
51.17 5804
51.18 5805
51.20 5805
51.21 5805
51.22 5805
51.23 5806
51.24 5806
51.25 5806
51.26 5807
51.27 5808
51.28 5808
51.29 5808
51.30 5808
51.31 5808
51.32 5808
51.33 5809
51.34 5809
51.35 5809
51.36 5810
51.37 5810
51.38 5811
51.39 5812
51.40 5812
51.41 5812
51.42 5812
51.43 5812
51.44 5813
51.45 5813
51.46 5813
51.47 5814
51.48 5814
51.49 5814
51.50 5816
51.51 5816
51.52 5816
51.53 5816
51.54 5816
51.55 5817
51.56 5817
51.57 5818
51.58 5818
51.59 5820
51.60 5820
51.61 5821
51.62 5822
51.64 5824
51.65 5824
51.66 5824
51.67 5826
51.68 5827
51.69 5827
51.70 5827
51.71 5828
51.72 5828
51.73 5828
51.74 5829
51.75 5829
51.76 5829
51.77 5830
51.78 5830
51.79 5831
51.80 5832
51.81 5832
51.82 5832
51.83 5834
51.84 5837
51.85 5837
51.86 5837
51.87 5840
51.88 5840
51.89 5842
51.90 5842
51.91 5843
51.92 5843
51.93 5843
51.94 5843
51.95 5843
51.96 5843
51.97 5843
51.98 5845
51.99 5845
52.00 5845
52.01 5847
52.02 5847
52.03 5847
52.04 5847
52.05 5847
52.07 5847
52.08 5848
52.09 5849
52.10 5850
52.11 5853
52.12 5855
52.13 5855
52.14 5855
52.15 5856
52.16 5856
52.17 5857
52.18 5857
52.19 5857
52.20 5857
52.21 5857
52.22 5857
52.23 5857
52.24 5857
52.25 5858
52.26 5858
52.27 5858
52.28 5860
52.29 5861
52.30 5861
52.31 5862
52.32 5862
52.33 5864
52.34 5864
52.35 5864
52.36 5865
52.37 5866
52.38 5866
52.39 5866
52.40 5866
52.41 5867
52.42 5867
52.43 5867
52.44 5867
52.45 5867
52.46 5867
52.47 5867
52.48 5867
52.49 5867
52.51 5870
52.52 5870
52.53 5870
52.54 5870
52.55 5870
52.56 5870
52.57 5870
52.58 5871
52.59 5871
52.60 5872
52.61 5872
52.62 5873
52.63 5873
52.64 5874
52.65 5875
52.66 5876
52.67 5876
52.68 5876
52.69 5876
52.70 5876
52.71 5877
52.72 5878
52.73 5878
52.74 5879
52.75 5879
52.76 5880
52.77 5880
52.78 5880
52.79 5880
52.80 5881
52.81 5881
52.82 5881
52.83 5883
52.84 5883
52.85 5884
52.86 5884
52.87 5887
52.88 5888
52.89 5889
52.90 5889
52.91 5891
52.92 5892
52.94 5893
52.95 5893
52.96 5894
52.97 5894
52.98 5894
52.99 5894
53.00 5894
53.01 5895
53.02 5895
53.03 5895
53.04 5896
53.05 5896
53.06 5896
53.07 5896
53.08 5896
53.09 5898
53.10 5898
53.11 5898
53.12 5901
53.13 5902
53.14 5905
53.15 5905
53.16 5907
53.17 5911
53.18 5914
53.19 5914
53.20 5915
53.21 5915
53.22 5915
53.23 5916
53.24 5917
53.25 5923
53.26 5926
53.27 5932
53.28 5932
53.29 5932
53.30 5936
53.31 5940
53.32 5943
53.33 5943
53.34 5943
53.35 5943
53.36 5950
53.38 5956
53.39 5962
53.40 5966
53.41 5972
53.42 5980
53.43 5985
53.44 5990
53.45 6000
53.46 6003
53.47 6012
53.48 6017
53.49 6022
53.50 6028
53.51 6033
53.52 6037
53.53 6044
53.54 6050
53.55 6055
53.56 6060
53.57 6063
53.58 6069
53.59 6073
53.60 6077
53.61 6080
53.62 6084
53.63 6090
53.64 6095
53.65 6104
53.66 6109
53.67 6113
53.68 6118
53.69 6121
53.70 6126
53.71 6132
53.72 6137
53.73 6141
53.74 6146
53.75 6148
53.76 6152
53.77 6159
53.78 6164
53.79 6166
53.80 6169
53.82 6173
53.83 6177
53.84 6182
53.85 6186
53.86 6190
53.87 6191
53.88 6191
53.89 6191
53.90 6191
53.91 6191
53.92 6194
53.93 6196
53.94 6198
53.95 6201
53.96 6201
53.97 6201
53.98 6201
53.99 6202
54.00 6202
54.01 6202
54.02 6205
54.03 6205
54.04 6205
54.05 6206
54.06 6206
54.07 6206
54.08 6207
54.09 6212
54.10 6217
54.11 6223
54.12 6225
54.13 6230
54.14 6235
54.15 6238
54.16 6243
54.17 6245
54.18 6250
54.19 6254
54.20 6257
54.21 6263
54.22 6267
54.23 6267
54.25 6267
54.26 6268
54.27 6269
54.28 6271
54.29 6271
54.30 6272
54.31 6274
54.32 6274
54.33 6275
54.34 6276
54.35 6277
54.36 6277
54.37 6278
54.38 6278
54.39 6279
54.40 6279
54.41 6279
54.42 6279
54.43 6280
54.44 6280
54.45 6280
54.46 6281
54.47 6281
54.48 6282
54.49 6282
54.50 6282
54.51 6282
54.52 6283
54.53 6285
54.54 6285
54.55 6285
54.56 6285
54.57 6285
54.58 6285
54.59 6285
54.60 6285
54.61 6286
54.62 6286
54.63 6287
54.64 6287
54.65 6287
54.66 6288
54.67 6288
54.69 6288
54.70 6288
54.71 6288
54.72 6289
54.73 6290
54.74 6290
54.75 6290
54.76 6291
54.77 6292
54.78 6293
54.79 6293
54.80 6293
54.81 6293
54.82 6293
54.83 6294
54.84 6294
54.85 6294
54.86 6294
54.87 6296
54.88 6296
54.89 6298
54.90 6299
54.91 6302
54.92 6302
54.93 6303
54.94 6304
54.95 6304
54.96 6304
54.97 6305
54.98 6305
54.99 6306
55.00 6306
55.01 6308
55.02 6309
55.03 6310
55.04 6310
55.05 6310
55.06 6310
55.07 6310
55.08 6310
55.09 6310
55.10 6310
55.12 6310
55.13 6310
55.14 6310
55.15 6310
55.16 6310
55.17 6310
55.18 6310
55.19 6310
55.20 6310
55.21 6310
55.22 6310
55.23 6310
55.24 6310
55.25 6310
55.26 6310
55.27 6310
55.28 6310
55.29 6310
55.30 6310
55.31 6310
55.32 6310
55.33 6310
55.34 6310
55.35 6310
55.36 6310
55.37 6310
55.38 6310
55.39 6314
55.40 6314
55.41 6314
55.42 6314
55.43 6314
55.44 6314
55.45 6314
55.46 6314
55.47 6314
55.48 6314
55.49 6314
55.50 6314
55.51 6314
55.52 6317
55.53 6321
55.54 6322
55.56 6328
55.57 6334
55.58 6338
55.59 6342
55.60 6347
55.61 6352
55.62 6355
55.63 6358
55.64 6360
55.65 6368
55.66 6375
55.67 6382
55.68 6386
55.69 6391
55.70 6395
55.71 6400
55.72 6404
55.73 6410
55.74 6412
55.75 6412
55.76 6413
55.77 6413
55.78 6413
55.79 6415
55.80 6418
55.81 6424
55.82 6427
55.83 6429
55.84 6431
55.85 6432
55.86 6432
55.87 6432
55.88 6432
55.89 6436
55.90 6436
55.91 6436
55.92 6440
55.93 6440
55.94 6443
55.95 6443
55.96 6445
55.97 6450
55.99 6450
56.00 6452
56.01 6452
56.02 6452
56.03 6452
56.04 6452
56.05 6452
56.06 6452
56.07 6454
56.08 6454
56.09 6454
56.10 6454
56.11 6454
56.12 6455
56.13 6456
56.14 6457
56.15 6460
56.16 6462
56.17 6462
56.18 6462
56.19 6462
56.20 6463
56.21 6464
56.22 6464
56.23 6464
56.24 6464
56.25 6464
56.26 6464
56.27 6464
56.28 6464
56.29 6464
56.30 6465
56.31 6465
56.32 6466
56.33 6466
56.34 6467
56.35 6468
56.36 6468
56.37 6469
56.38 6469
56.39 6469
56.40 6470
56.41 6470
56.43 6471
56.44 6471
56.45 6471
56.46 6471
56.47 6472
56.48 6472
56.49 6472
56.50 6472
56.51 6472
56.52 6472
56.53 6472
56.54 6472
56.55 6472
56.56 6472
56.57 6473
56.58 6473
56.59 6473
56.60 6473
56.61 6473
56.62 6473
56.63 6474
56.64 6475
56.65 6475
56.66 6476
56.67 6476
56.68 6476
56.69 6477
56.70 6478
56.71 6478
56.72 6478
56.73 6478
56.74 6478
56.75 6479
56.76 6479
56.77 6479
56.78 6480
56.79 6481
56.80 6481
56.81 6482
56.82 6482
56.83 6482
56.84 6482
56.85 6483
56.87 6483
56.88 6484
56.89 6484
56.90 6486
56.91 6486
56.92 6487
56.93 6488
56.94 6489
56.95 6489
56.96 6490
56.97 6492
56.98 6492
56.99 6492
57.00 6493
57.01 6493
57.02 6494
57.03 6494
57.04 6494
57.05 6494
57.06 6495
57.07 6495
57.08 6495
57.09 6495
57.10 6496
57.11 6496
57.12 6496
57.13 6500
57.14 6500
57.15 6500
57.16 6501
57.17 6502
57.18 6503
57.19 6504
57.20 6504
57.21 6505
57.22 6505
57.23 6505
57.24 6505
57.25 6505
57.26 6505
57.27 6505
57.28 6507
57.30 6507
57.31 6507
57.32 6508
57.33 6508
57.34 6508
57.35 6509
57.36 6509
57.37 6510
57.38 6511
57.39 6512
57.40 6516
57.41 6519
57.42 6519
57.43 6519
57.44 6519
57.45 6519
57.46 6519
57.47 6519
57.48 6519
57.49 6519
57.50 6521
57.51 6521
57.52 6521
57.53 6521
57.54 6522
57.55 6522
57.56 6522
57.57 6524
57.58 6525
57.59 6525
57.60 6526
57.61 6526
57.62 6528
57.63 6528
57.64 6528
57.65 6529
57.66 6530
57.67 6530
57.68 6531
57.69 6531
57.70 6531
57.71 6532
57.72 6532
57.74 6532
57.75 6532
57.76 6532
57.77 6533
57.78 6533
57.79 6533
57.80 6534
57.81 6534
57.82 6534
57.83 6534
57.84 6534
57.85 6534
57.86 6535
57.87 6535
57.88 6536
57.89 6538
57.90 6538
57.91 6539
57.92 6539
57.93 6539
57.94 6540
57.95 6540
57.96 6540
57.97 6541
57.98 6541
57.99 6541
58.00 6542
58.01 6542
58.02 6543
58.03 6544
58.04 6544
58.05 6544
58.06 6544
58.07 6545
58.08 6545
58.09 6545
58.10 6546
58.11 6546
58.12 6546
58.13 6548
58.14 6549
58.15 6549
58.17 6550
58.18 6550
58.19 6550
58.20 6553
58.21 6554
58.22 6554
58.23 6554
58.24 6555
58.25 6556
58.26 6556
58.27 6556
58.28 6556
58.29 6557
58.30 6558
58.31 6558
58.32 6558
58.33 6558
58.34 6558
58.35 6558
58.36 6560
58.37 6561
58.38 6561
58.39 6561
58.40 6564
58.41 6564
58.42 6567
58.43 6567
58.44 6567
58.45 6567
58.46 6567
58.47 6567
58.48 6567
58.49 6567
58.50 6567
58.51 6568
58.52 6568
58.53 6568
58.54 6570
58.55 6570
58.56 6570
58.57 6570
58.58 6570
58.59 6571
58.61 6572
58.62 6573
58.63 6577
58.64 6577
58.65 6577
58.66 6577
58.67 6579
58.68 6579
58.69 6579
58.70 6579
58.71 6579
58.72 6579
58.73 6580
58.74 6580
58.75 6580
58.76 6580
58.77 6581
58.78 6582
58.79 6582
58.80 6583
58.81 6584
58.82 6585
58.83 6585
58.84 6586
58.85 6587
58.86 6587
58.87 6589
58.88 6589
58.89 6590
58.90 6590
58.91 6590
58.92 6590
58.93 6591
58.94 6591
58.95 6592
58.96 6592
58.97 6592
58.98 6592
58.99 6592
59.00 6593
59.01 6593
59.02 6595
59.04 6596
59.05 6596
59.06 6596
59.07 6596
59.08 6596
59.09 6596
59.10 6596
59.11 6596
59.12 6598
59.13 6598
59.14 6599
59.15 6599
59.16 6600
59.17 6600
59.18 6600
59.19 6600
59.20 6600
59.21 6601
59.22 6602
59.23 6602
59.24 6602
59.25 6603
59.26 6603
59.27 6604
59.28 6604
59.29 6604
59.30 6604
59.31 6604
59.32 6605
59.33 6605
59.34 6606
59.35 6606
59.36 6606
59.37 6608
59.38 6608
59.39 6609
59.40 6611
59.41 6612
59.42 6612
59.43 6614
59.44 6616
59.45 6616
59.46 6616
59.48 6616
59.49 6617
59.50 6618
59.51 6618
59.52 6618
59.53 6619
59.54 6619
59.55 6619
59.56 6619
59.57 6620
59.58 6620
59.59 6620
59.60 6621
59.61 6623
59.62 6623
59.63 6623
59.64 6626
59.65 6626
59.66 6628
59.67 6628
59.68 6628
59.69 6628
59.70 6628
59.71 6628
59.72 6628
59.73 6628
59.74 6629
59.75 6629
59.76 6629
59.77 6629
59.78 6631
59.79 6631
59.80 6632
59.81 6632
59.82 6632
59.83 6632
59.84 6632
59.85 6632
59.86 6632
59.87 6634
59.88 6635
59.89 6636
59.90 6640
59.92 6640
59.93 6640
59.94 6640
59.95 6641
59.96 6641
59.97 6641
59.98 6641
59.99 6641
60.00 6641
60.01 6641
60.02 6641
60.03 6641
60.04 6641
60.05 6643
60.06 6643
60.07 6643
60.08 6644
60.09 6646
60.10 6646
60.11 6647
60.12 6648
60.13 6649
60.14 6649
60.15 6650
60.16 6650
60.17 6652
60.18 6652
60.19 6652
60.20 6652
60.21 6652
60.22 6652
60.23 6652
60.24 6652
60.25 6652
60.26 6652
60.27 6652
60.28 6653
60.29 6653
60.30 6654
60.31 6655
60.32 6655
60.33 6655
60.35 6655
60.36 6655
60.37 6655
60.38 6655
60.39 6655
60.40 6656
60.41 6656
60.42 6657
60.43 6657
60.44 6658
60.45 6658
60.46 6659
60.47 6659
60.48 6659
60.49 6661
60.50 6661
60.51 6661
60.52 6662
60.53 6663
60.54 6664
60.55 6665
60.56 6665
60.57 6665
60.58 6665
60.59 6665
60.60 6667
60.61 6667
60.62 6667
60.63 6668
60.64 6668
60.65 6670
60.66 6670
60.67 6672
60.68 6673
60.69 6674
60.70 6674
60.71 6676
60.72 6678
60.73 6678
60.74 6678
60.75 6679
60.76 6679
60.77 6680
60.79 6680
60.80 6680
60.81 6680
60.82 6681
60.83 6681
60.84 6681
60.85 6681
60.86 6681
60.87 6681
60.88 6682
60.89 6684
60.90 6685
60.91 6685
60.92 6688
60.93 6688
60.94 6691
60.95 6691
60.96 6691
60.97 6691
60.98 6691
60.99 6691
61.00 6691
61.01 6691
61.02 6691
61.03 6691
61.04 6691
61.05 6691
61.06 6693
61.07 6693
61.08 6693
61.09 6693
61.10 6693
61.11 6694
61.12 6695
61.13 6696
61.14 6700
61.15 6701
61.16 6701
61.17 6701
61.18 6702
61.19 6702
61.20 6702
61.22 6702
61.23 6702
61.24 6702
61.25 6702
61.26 6702
61.27 6702
61.28 6702
61.29 6703
61.30 6703
61.31 6703
61.32 6704
61.33 6706
61.34 6706
61.35 6706
61.36 6707
61.37 6708
61.38 6708
61.39 6709
61.40 6709
61.41 6709
61.42 6709
61.43 6709
61.44 6709
61.45 6710
61.46 6710
61.47 6710
61.48 6710
61.49 6710
61.50 6710
61.51 6710
61.52 6710
61.53 6710
61.54 6710
61.55 6710
61.56 6710
61.57 6710
61.58 6710
61.59 6710
61.60 6710
61.61 6712
61.62 6712
61.63 6713
61.64 6713
61.66 6714
61.67 6715
61.68 6716
61.69 6716
61.70 6717
61.71 6717
61.72 6717
61.73 6717
61.74 6718
61.75 6718
61.76 6718
61.77 6719
61.78 6720
61.79 6722
61.80 6722
61.81 6722
61.82 6722
61.83 6724
61.84 6725
61.85 6725
61.86 6726
61.87 6727
61.88 6727
61.89 6727
61.90 6728
61.91 6728
61.92 6730
61.93 6731
61.94 6731
61.95 6734
61.96 6735
61.97 6735
61.98 6735
61.99 6735
62.00 6736
62.01 6736
62.02 6736
62.03 6736
62.04 6737
62.05 6737
62.06 6738
62.07 6738
62.09 6738
62.10 6738
62.11 6738
62.12 6740
62.13 6740
62.14 6741
62.15 6741
62.16 6743
62.17 6744
62.18 6745
62.19 6745
62.20 6745
62.21 6745
62.22 6745
62.23 6745
62.24 6745
62.25 6745
62.26 6747
62.27 6747
62.28 6747
62.29 6747
62.30 6748
62.31 6749
62.32 6749
62.33 6749
62.34 6749
62.35 6749
62.36 6749
62.37 6749
62.38 6751
62.39 6754
62.40 6754
62.41 6759
62.42 6759
62.43 6759
62.44 6759
62.45 6759
62.46 6759
62.47 6760
62.48 6760
62.49 6760
62.50 6760
62.51 6761
62.53 6761
62.54 6761
62.55 6761
62.56 6761
62.57 6762
62.58 6762
62.59 6764
62.60 6765
62.61 6765
62.62 6766
62.63 6767
62.64 6768
62.65 6768
62.66 6770
62.67 6770
62.68 6770
62.69 6770
62.70 6771
62.71 6771
62.72 6772
62.73 6772
62.74 6772
62.75 6772
62.76 6772
62.77 6772
62.78 6772
62.79 6772
62.80 6772
62.81 6774
62.82 6775
62.83 6775
62.84 6775
62.85 6775
62.86 6775
62.87 6775
62.88 6775
62.89 6775
62.90 6777
62.91 6777
62.92 6777
62.93 6777
62.94 6779
62.96 6779
62.97 6779
62.98 6779
62.99 6779
63.00 6780
63.01 6780
63.02 6780
63.03 6781
63.04 6783
63.05 6783
63.06 6784
63.07 6785
63.08 6785
63.09 6785
63.10 6785
63.11 6786
63.12 6786
63.13 6786
63.14 6787
63.15 6787
63.16 6788
63.17 6789
63.18 6789
63.19 6791
63.20 6793
63.21 6793
63.22 6795
63.23 6796
63.24 6797
63.25 6797
63.26 6798
63.27 6798
63.28 6799
63.29 6799
63.30 6799
63.31 6799
63.32 6800
63.33 6800
63.34 6800
63.35 6800
63.36 6801
63.37 6801
63.38 6802
63.40 6803
63.41 6804
63.42 6804
63.43 6806
63.44 6807
63.45 6809
63.46 6809
63.47 6809
63.48 6809
63.49 6809
63.50 6809
63.51 6809
63.52 6809
63.53 6809
63.54 6809
63.55 6809
63.56 6809
63.57 6812
63.58 6812
63.59 6812
63.60 6812
63.61 6812
63.62 6813
63.63 6817
63.64 6819
63.65 6822
63.66 6822
63.67 6822
63.68 6822
63.69 6822
63.70 6822
63.71 6822
63.72 6822
63.73 6822
63.74 6822
63.75 6822
63.76 6822
63.77 6822
63.78 6822
63.79 6823
63.80 6823
63.81 6823
63.82 6825
63.84 6826
63.85 6827
63.86 6827
63.87 6828
63.88 6829
63.89 6829
63.90 6830
63.91 6830
63.92 6832
63.93 6832
63.94 6832
63.95 6832
63.96 6832
63.97 6832
63.98 6832
63.99 6832
64.00 6832
64.01 6832
64.02 6833
64.03 6833
64.04 6833
64.05 6834
64.06 6836
64.07 6836
64.08 6836
64.09 6836
64.10 6836
64.11 6836
64.12 6837
64.13 6837
64.14 6838
64.15 6839
64.16 6839
64.17 6839
64.18 6840
64.19 6840
64.20 6841
64.21 6841
64.22 6841
64.23 6841
64.24 6842
64.25 6842
64.27 6843
64.28 6843
64.29 6844
64.30 6845
64.31 6845
64.32 6845
64.33 6845
64.34 6845
64.35 6847
64.36 6847
64.37 6848
64.38 6848
64.39 6848
64.40 6849
64.41 6850
64.42 6850
64.43 6852
64.44 6852
64.45 6852
64.46 6855
64.47 6856
64.48 6856
64.49 6856
64.50 6857
64.51 6858
64.52 6858
64.53 6858
64.54 6858
64.55 6858
64.56 6859
64.57 6859
64.58 6859
64.59 6859
64.60 6859
64.61 6859
64.62 6863
64.63 6863
64.64 6864
64.65 6865
64.66 6866
64.67 6867
64.68 6868
64.69 6868
64.71 6868
64.72 6868
64.73 6868
64.74 6868
64.75 6868
64.76 6868
64.77 6870
64.78 6870
64.79 6870
64.80 6873
64.81 6875
64.82 6881
64.83 6884
64.84 6889
64.85 6893
64.86 6898
64.87 6900
64.88 6900
64.89 6900
64.90 6900
64.91 6900
64.92 6902
64.93 6903
64.94 6904
64.95 6908
64.96 6909
64.97 6909
64.98 6909
64.99 6909
65.00 6909
65.01 6911
65.02 6912
65.03 6912
65.04 6912
65.05 6912
65.06 6913
65.07 6913
65.08 6914
65.09 6915
65.10 6915
65.11 6915
65.12 6915
65.14 6915
65.15 6915
65.16 6917
65.17 6918
65.18 6919
65.19 6919
65.20 6920
65.21 6921
65.22 6921
65.23 6923
65.24 6923
65.25 6924
65.26 6924
65.27 6924
65.28 6924
65.29 6924
65.30 6924
65.31 6925
65.32 6925
65.33 6925
65.34 6925
65.35 6925
65.36 6925
65.37 6925
65.38 6926
65.39 6926
65.40 6926
65.41 6926
65.42 6926
65.43 6926
65.44 6926
65.45 6928
65.46 6928
65.47 6929
65.48 6929
65.49 6929
65.50 6930
65.51 6931
65.52 6931
65.53 6932
65.54 6932
65.55 6932
65.56 6933
65.58 6933
65.59 6933
65.60 6934
65.61 6934
65.62 6935
65.63 6936
65.64 6936
65.65 6936
65.66 6936
65.67 6936
65.68 6937
65.69 6937
65.70 6937
65.71 6938
65.72 6938
65.73 6939
65.74 6941
65.75 6941
65.76 6943
65.77 6944
65.78 6944
65.79 6947
65.80 6947
65.81 6947
65.82 6947
65.83 6949
65.84 6949
65.85 6950
65.86 6950
65.87 6950
65.88 6951
65.89 6951
65.90 6951
65.91 6952
65.92 6952
65.93 6952
65.94 6952
65.95 6955
65.96 6955
65.97 6955
65.98 6955
65.99 6957
66.01 6958
66.02 6960
66.03 6960
66.04 6960
66.05 6960
66.06 6960
66.07 6960
66.08 6960
66.09 6960
66.10 6960
66.11 6960
66.12 6960
66.13 6960
66.14 6962
66.15 6962
66.16 6962
66.17 6962
66.18 6962
66.19 6964
66.20 6965
66.21 6966
66.22 6970
66.23 6970
66.24 6970
66.25 6970
66.26 6972
66.27 6972
66.28 6972
66.29 6972
66.30 6972
66.31 6972
66.32 6972
66.33 6972
66.34 6972
66.35 6972
66.36 6973
66.37 6974
66.38 6974
66.39 6975
66.40 6976
66.41 6977
66.42 6977
66.43 6977
66.45 6978
66.46 6978
66.47 6979
66.48 6979
66.49 6980
66.50 6980
66.51 6980
66.52 6980
66.53 6980
66.54 6980
66.55 6981
66.56 6981
66.57 6981
66.58 6981
66.59 6981
66.60 6982
66.61 6982
66.62 6982
66.63 6983
66.64 6983
66.65 6983
66.66 6983
66.67 6983
66.68 6983
66.69 6984
66.70 6984
66.71 6985
66.72 6986
66.73 6986
66.74 6987
66.75 6987
66.76 6987
66.77 6988
66.78 6988
66.79 6988
66.80 6989
66.81 6989
66.82 6989
66.83 6990
66.84 6990
66.85 6991
66.86 6992
66.87 6992
66.89 6992
66.90 6992
66.91 6993
66.92 6994
66.93 6994
66.94 6994
66.95 6994
66.96 6995
66.97 6996
66.98 6997
66.99 6997
67.00 6998
67.01 6999
67.02 6999
67.03 7002
67.04 7003
67.05 7003
67.06 7003
67.07 7003
67.08 7005
67.09 7005
67.10 7005
67.11 7005
67.12 7005
67.13 7005
67.14 7005
67.15 7005
67.16 7006
67.17 7006
67.18 7006
67.19 7009
67.20 7009
67.21 7010
67.22 7010
67.23 7013
67.24 7014
67.25 7015
67.26 7015
67.27 7017
67.28 7017
67.29 7017
67.30 7017
67.32 7021
67.33 7028
67.34 7028
67.35 7028
67.36 7030
67.37 7030
67.38 7032
67.39 7035
67.40 7042
67.41 7051
67.42 7056
67.43 7059
67.44 7059
67.45 7061
67.46 7062
67.47 7062
67.48 7062
67.49 7063
67.50 7066
67.51 7068
67.52 7070
67.53 7072
67.54 7076
67.55 7080
67.56 7082
67.57 7087
67.58 7092
67.59 7096
67.60 7105
67.61 7109
67.62 7114
67.63 7117
67.64 7122
67.65 7129
67.66 7133
67.67 7137
67.68 7138
67.69 7140
67.70 7148
67.71 7153
67.72 7157
67.73 7161
67.74 7163
67.76 7167
67.77 7171
67.78 7175
67.79 7178
67.80 7183
67.81 7186
67.82 7188
67.83 7193
67.84 7196
67.85 7203
67.86 7208
67.87 7209
67.88 7212
67.89 7218
67.90 7224
67.91 7229
67.92 7232
67.93 7239
67.94 7246
67.95 7250
67.96 7255
67.97 7259
67.98 7261
67.99 7263
68.00 7265
68.01 7267
68.02 7270
68.03 7274
68.04 7277
68.05 7284
68.06 7287
68.07 7290
68.08 7293
68.09 7297
68.10 7303
68.11 7308
68.12 7310
68.13 7315
68.14 7322
68.15 7324
68.16 7324
68.17 7324
68.19 7324
68.20 7325
68.21 7325
68.22 7326
68.23 7328
68.24 7330
68.25 7333
68.26 7337
68.27 7338
68.28 7339
68.29 7339
68.30 7340
68.31 7340
68.32 7341
68.33 7341
68.34 7342
68.35 7342
68.36 7342
68.37 7343
68.38 7343
68.39 7343
68.40 7346
68.41 7349
68.42 7353
68.43 7358
68.44 7365
68.45 7370
68.46 7370
68.47 7370
68.48 7372
68.49 7374
68.50 7375
68.51 7375
68.52 7376
68.53 7377
68.54 7377
68.55 7379
68.56 7379
68.57 7380
68.58 7380
68.59 7381
68.60 7381
68.61 7383
68.63 7383
68.64 7383
68.65 7383
68.66 7384
68.67 7384
68.68 7384
68.69 7384
68.70 7384
68.71 7385
68.72 7385
68.73 7386
68.74 7386
68.75 7387
68.76 7388
68.77 7388
68.78 7388
68.79 7388
68.80 7388
68.81 7388
68.82 7389
68.83 7389
68.84 7390
68.85 7390
68.86 7390
68.87 7390
68.88 7391
68.89 7391
68.90 7391
68.91 7392
68.92 7392
68.93 7392
68.94 7393
68.95 7393
68.96 7393
68.97 7393
68.98 7394
68.99 7395
69.00 7395
69.01 7395
69.02 7395
69.03 7396
69.04 7396
69.06 7396
69.07 7396
69.08 7397
69.09 7397
69.10 7399
69.11 7399
69.12 7400
69.13 7401
69.14 7404
69.15 7404
69.16 7405
69.17 7406
69.18 7407
69.19 7407
69.20 7407
69.21 7407
69.22 7409
69.23 7409
69.24 7411
69.25 7413
69.26 7415
69.27 7418
69.28 7425
69.29 7428
69.30 7429
69.31 7433
69.32 7435
69.33 7438
69.34 7443
69.35 7449
69.36 7455
69.37 7464
69.38 7468
69.39 7473
69.40 7478
69.41 7483
69.42 7486
69.43 7493
69.44 7497
69.45 7503
69.46 7511
69.47 7513
69.48 7518
69.50 7521
69.51 7526
69.52 7533
69.53 7536
69.54 7541
69.55 7547
69.56 7554
69.57 7559
69.58 7567
69.59 7572
69.60 7578
69.61 7581
69.62 7587
69.63 7594
69.64 7598
69.65 7603
69.66 7607
69.67 7612
69.68 7619
69.69 7623
69.70 7627
69.71 7632
69.72 7638
69.73 7642
69.74 7647
69.75 7650
69.76 7653
69.77 7658
69.78 7658
69.79 7658
69.80 7659
69.81 7659
69.82 7659
69.83 7659
69.84 7660
69.85 7660
69.86 7660
69.87 7664
69.88 7664
69.89 7666
69.90 7666
69.91 7669
69.92 7671
69.94 7673
69.95 7673
69.96 7676
69.97 7679
69.98 7680
69.99 7680
70.00 7684
70.01 7692
70.02 7696
70.03 7701
70.04 7702
70.05 7709
70.06 7709
70.07 7709
70.08 7709
70.09 7710
70.10 7710
70.11 7710
70.12 7711
70.13 7711
70.14 7711
70.15 7711
70.16 7712
70.17 7712
70.18 7712
70.19 7714
70.20 7715
70.21 7716
70.22 7720
70.23 7720
70.24 7720
70.25 7720
70.26 7720
70.27 7721
70.28 7721
70.29 7721
70.30 7721
70.31 7721
70.32 7721
70.33 7721
70.34 7721
70.35 7721
70.37 7722
70.38 7722
70.39 7722
70.40 7724
70.41 7725
70.42 7726
70.43 7726
70.44 7727
70.45 7728
70.46 7728
70.47 7729
70.48 7729
70.49 7731
70.50 7731
70.51 7731
70.52 7731
70.53 7731
70.54 7731
70.55 7731
70.56 7731
70.57 7731
70.58 7731
70.59 7731
70.60 7731
70.61 7731
70.62 7732
70.63 7733
70.64 7733
70.65 7733
70.66 7733
70.67 7733
70.68 7733
70.69 7734
70.70 7734
70.71 7735
70.72 7735
70.73 7736
70.74 7736
70.75 7736
70.76 7736
70.77 7737
70.78 7737
70.79 7737
70.81 7738
70.82 7738
70.83 7738
70.84 7738
70.85 7740
70.86 7741
70.87 7741
70.88 7742
70.89 7742
70.90 7742
70.91 7742
70.92 7743
70.93 7743
70.94 7743
70.95 7744
70.96 7744
70.97 7745
70.98 7746
70.99 7747
71.00 7748
71.01 7749
71.02 7749
71.03 7751
71.04 7752
71.05 7752
71.06 7752
71.07 7753
71.08 7754
71.09 7754
71.10 7754
71.11 7755
71.12 7755
71.13 7756
71.14 7756
71.15 7756
71.16 7756
71.17 7756
71.18 7756
71.19 7756
71.20 7760
71.21 7760
71.22 7760
71.24 7762
71.25 7763
71.26 7764
71.27 7765
71.28 7765
71.29 7766
71.30 7766
71.31 7766
71.32 7766
71.33 7766
71.34 7766
71.35 7766
71.36 7766
71.37 7766
71.38 7766
71.39 7768
71.40 7768
71.41 7768
71.42 7768
71.43 7768
71.44 7769
71.45 7771
71.46 7773
71.47 7776
71.48 7776
71.49 7776
71.50 7776
71.51 7777
71.52 7777
71.53 7777
71.54 7777
71.55 7777
71.56 7777
71.57 7777
71.58 7777
71.59 7777
71.60 7777
71.61 7778
71.62 7778
71.63 7778
71.64 7780
71.65 7781
71.66 7781
71.68 7782
71.69 7782
71.70 7783
71.71 7783
71.72 7784
71.73 7784
71.74 7784
71.75 7784
71.76 7784
71.77 7784
71.78 7784
71.79 7784
71.80 7784
71.81 7784
71.82 7784
71.83 7784
71.84 7784
71.85 7784
71.86 7784
71.87 7784
71.88 7784
71.89 7784
71.90 7784
71.91 7784
71.92 7784
71.93 7784
71.94 7786
71.95 7786
71.96 7787
71.97 7788
71.98 7788
71.99 7789
72.00 7789
72.01 7789
72.02 7790
72.03 7790
72.04 7790
72.05 7790
72.06 7791
72.07 7791
72.08 7792
72.09 7793
72.11 7793
72.12 7793
72.13 7795
72.14 7795
72.15 7795
72.16 7795
72.17 7796
72.18 7796
72.19 7797
72.20 7797
72.21 7797
72.22 7798
72.23 7798
72.24 7798
72.25 7800
72.26 7800
72.27 7800
72.28 7803
72.29 7803
72.30 7803
72.31 7803
72.32 7803
72.33 7805
72.34 7805
72.35 7805
72.36 7805
72.37 7806
72.38 7806
72.39 7806
72.40 7806
72.41 7806
72.42 7806
72.43 7806
72.44 7808
72.45 7808
72.46 7809
72.47 7809
72.48 7812
72.49 7812
72.50 7814
72.51 7814
72.52 7814
72.53 7814
72.55 7814
72.56 7814
72.57 7814
72.58 7814
72.59 7814
72.60 7815
72.61 7815
72.62 7815
72.63 7815
72.64 7816
72.65 7816
72.66 7816
72.67 7816
72.68 7816
72.69 7816
72.70 7818
72.71 7818
72.72 7819
72.73 7824
72.74 7825
72.75 7825
72.76 7825
72.77 7826
72.78 7826
72.79 7826
72.80 7826
72.81 7826
72.82 7826
72.83 7828
72.84 7828
72.85 7828
72.86 7828
72.87 7828
72.88 7829
72.89 7829
72.90 7830
72.91 7831
72.92 7832
72.93 7832
72.94 7833
72.95 7833
72.96 7833
72.97 7835
72.99 7835
73.00 7836
73.01 7836
73.02 7836
73.03 7836
73.04 7837
73.05 7837
73.06 7837
73.07 7837
73.08 7837
73.09 7837
73.10 7837
73.11 7838
73.12 7838
73.13 7838
73.14 7839
73.15 7839
73.16 7839
73.17 7839
73.18 7839
73.19 7839
73.20 7840
73.21 7840
73.22 7841
73.23 7841
73.24 7841
73.25 7841
73.26 7843
73.27 7843
73.28 7844
73.29 7844
73.30 7844
73.31 7844
73.32 7844
73.33 7845
73.34 7846
73.35 7846
73.36 7847
73.37 7848
73.38 7848
73.39 7848
73.40 7848
73.42 7848
73.43 7849
73.44 7849
73.45 7849
73.46 7850
73.47 7850
73.48 7851
73.49 7852
73.50 7853
73.51 7855
73.52 7856
73.53 7856
73.54 7859
73.55 7860
73.56 7860
73.57 7860
73.58 7861
73.59 7861
73.60 7861
73.61 7861
73.62 7861
73.63 7862
73.64 7863
73.65 7863
73.66 7863
73.67 7863
73.68 7863
73.69 7863
73.70 7863
73.71 7866
73.72 7866
73.73 7867
73.74 7867
73.75 7869
73.76 7869
73.77 7871
73.78 7871
73.79 7871
73.80 7871
73.81 7871
73.82 7871
73.83 7871
73.84 7871
73.86 7872
73.87 7872
73.88 7874
73.89 7874
73.90 7874
73.91 7875
73.92 7875
73.93 7876
73.94 7877
73.95 7877
73.96 7881
73.97 7882
73.98 7882
73.99 7882
74.00 7883
74.01 7883
74.02 7883
74.03 7883
74.04 7883
74.05 7883
74.06 7883
74.07 7883
74.08 7883
74.09 7883
74.10 7885
74.11 7886
74.12 7886
74.13 7887
74.14 7888
74.15 7888
74.16 7889
74.17 7891
74.18 7892
74.19 7892
74.20 7893
74.21 7893
74.22 7893
74.23 7893
74.24 7893
74.25 7893
74.26 7893
74.27 7893
74.29 7893
74.30 7893
74.31 7894
74.32 7894
74.33 7894
74.34 7894
74.35 7894
74.36 7895
74.37 7895
74.38 7895
74.39 7895
74.40 7895
74.41 7895
74.42 7895
74.43 7896
74.44 7896
74.45 7897
74.46 7897
74.47 7898
74.48 7898
74.49 7900
74.50 7900
74.51 7900
74.52 7900
74.53 7900
74.54 7900
74.55 7901
74.56 7901
74.57 7902
74.58 7902
74.59 7904
74.60 7905
74.61 7905
74.62 7905
74.63 7905
74.64 7905
74.65 7906
74.66 7906
74.67 7907
74.68 7908
74.69 7908
74.70 7909
74.71 7910
74.73 7910
74.74 7911
74.75 7911
74.76 7911
74.77 7913
74.78 7915
74.79 7915
74.80 7915
74.81 7915
74.82 7916
74.83 7917
74.84 7917
74.85 7917
74.86 7918
74.87 7919
74.88 7919
74.89 7919
74.90 7919
74.91 7919
74.92 7919
74.93 7919
74.94 7922
74.95 7922
74.96 7923
74.97 7925
74.98 7926
74.99 7928
75.00 7929
75.01 7929
75.02 7929
75.03 7929
75.04 7929
75.05 7929
75.06 7929
75.07 7929
75.08 7929
75.09 7929
75.10 7929
75.11 7929
75.12 7930
75.13 7930
75.14 7930
75.16 7930
75.17 7930
75.18 7932
75.19 7932
75.20 7933
75.21 7935
75.22 7937
75.23 7937
75.24 7937
75.25 7939
75.26 7939
75.27 7939
75.28 7939
75.29 7939
75.30 7939
75.31 7939
75.32 7939
75.33 7939
75.34 7939
75.35 7940
75.36 7941
75.37 7941
75.38 7942
75.39 7943
75.40 7943
75.41 7944
75.42 7945
75.43 7945
75.44 7945
75.45 7946
75.46 7946
75.47 7947
75.48 7947
75.49 7947
75.50 7947
75.51 7947
75.52 7947
75.53 7947
75.54 7948
75.55 7948
75.56 7948
75.57 7948
75.58 7948
75.60 7948
75.61 7949
75.62 7950
75.63 7950
75.64 7950
75.65 7950
75.66 7950
75.67 7950
75.68 7951
75.69 7951
75.70 7952
75.71 7952
75.72 7953
75.73 7953
75.74 7953
75.75 7954
75.76 7955
75.77 7955
75.78 7955
75.79 7955
75.80 7955
75.81 7955
75.82 7956
75.83 7956
75.84 7957
75.85 7957
75.86 7959
75.87 7959
75.88 7959
75.89 7960
75.90 7960
75.91 7960
75.92 7960
75.93 7961
75.94 7961
75.95 7962
75.96 7962
75.97 7964
75.98 7965
75.99 7967
76.00 7967
76.01 7968
76.02 7969
76.04 7970
76.05 7970
76.06 7971
76.07 7971
76.08 7972
76.09 7972
76.10 7972
76.11 7972
76.12 7973
76.13 7973
76.14 7973
76.15 7973
76.16 7974
76.17 7974
76.18 7974
76.19 7976
76.20 7976
76.21 7977
76.22 7978
76.23 7980
76.24 7984
76.25 7986
76.26 7986
76.27 7990
76.28 7990
76.29 7993
76.30 7993
76.31 7999
76.32 8005
76.33 8006
76.34 8006
76.35 8006
76.36 8007
76.37 8007
76.38 8007
76.39 8010
76.40 8013
76.41 8020
76.42 8020
76.43 8020
76.44 8021
76.45 8021
76.47 8021
76.48 8021
76.49 8021
76.50 8023
76.51 8023
76.52 8025
76.53 8028
76.54 8030
76.55 8030
76.56 8030
76.57 8031
76.58 8031
76.59 8032
76.60 8032
76.61 8032
76.62 8032
76.63 8032
76.64 8032
76.65 8032
76.66 8032
76.67 8032
76.68 8033
76.69 8033
76.70 8034
76.71 8035
76.72 8035
76.73 8036
76.74 8036
76.75 8037
76.76 8037
76.77 8039
76.78 8039
76.79 8039
76.80 8039
76.81 8039
76.82 8039
76.83 8039
76.84 8039
76.85 8039
76.86 8039
76.87 8039
76.88 8039
76.89 8039
76.91 8039
76.92 8039
76.93 8039
76.94 8040
76.95 8040
76.96 8040
76.97 8040
76.98 8040
76.99 8040
77.00 8041
77.01 8041
77.02 8042
77.03 8042
77.04 8043
77.05 8043
77.06 8044
77.07 8044
77.08 8045
77.09 8045
77.10 8045
77.11 8045
77.12 8046
77.13 8046
77.14 8046
77.15 8047
77.16 8049
77.17 8049
77.18 8049
77.19 8050
77.20 8050
77.21 8050
77.22 8051
77.23 8051
77.24 8051
77.25 8052
77.26 8052
77.27 8053
77.28 8054
77.29 8054
77.30 8056
77.31 8057
77.32 8057
77.34 8060
77.35 8062
77.36 8062
77.37 8062
77.38 8063
77.39 8063
77.40 8064
77.41 8064
77.42 8064
77.43 8064
77.44 8065
77.45 8065
77.46 8065
77.47 8065
77.48 8065
77.49 8067
77.50 8069
77.51 8070
77.52 8070
77.53 8073
77.54 8073
77.55 8075
77.56 8075
77.57 8075
77.58 8075
77.59 8075
77.60 8075
77.61 8075
77.62 8075
77.63 8075
77.64 8075
77.65 8075
77.66 8075
77.67 8077
77.68 8077
77.69 8077
77.70 8078
77.71 8078
77.72 8078
77.73 8078
77.74 8078
77.75 8078
77.76 8079
77.78 8080
77.79 8081
77.80 8085
77.81 8086
77.82 8086
77.83 8086
77.84 8086
77.85 8086
77.86 8086
77.87 8087
77.88 8087
77.89 8087
77.90 8087
77.91 8087
77.92 8087
77.93 8087
77.94 8088
77.95 8089
77.96 8089
77.97 8090
77.98 8091
77.99 8091
78.00 8091
78.01 8092
78.02 8093
78.03 8093
78.04 8094
78.05 8094
78.06 8095
78.07 8095
78.08 8095
78.09 8095
78.10 8095
78.11 8095
78.12 8095
78.13 8095
78.14 8095
78.15 8095
78.16 8095
78.17 8095
78.18 8095
78.19 8095
78.21 8096
78.22 8096
78.23 8096
78.24 8096
78.25 8096
78.26 8096
78.27 8097
78.28 8097
78.29 8099
78.30 8099
78.31 8100
78.32 8101
78.33 8101
78.34 8101
78.35 8103
78.36 8103
78.37 8103
78.38 8103
78.39 8104
78.40 8104
78.41 8105
78.42 8107
78.43 8108
78.44 8108
78.45 8109
78.46 8109
78.47 8109
78.48 8109
78.49 8110
78.50 8110
78.51 8110
78.52 8110
78.53 8110
78.54 8113
78.55 8114
78.56 8114
78.57 8115
78.58 8116
78.59 8116
78.60 8119
78.61 8120
78.62 8120
78.63 8120
78.65 8121
78.66 8122
78.67 8122
78.68 8122
78.69 8122
78.70 8122
78.71 8123
78.72 8123
78.73 8123
78.74 8124
78.75 8124
78.76 8124
78.77 8124
78.78 8126
78.79 8127
78.80 8127
78.81 8130
78.82 8131
78.83 8133
78.84 8133
78.85 8138
78.86 8138
78.87 8140
78.88 8140
78.89 8141
78.90 8144
78.91 8144
78.92 8144
78.93 8144
78.94 8144
78.95 8144
78.96 8145
78.97 8145
78.98 8145
78.99 8146
79.00 8151
79.01 8151
79.02 8153
79.03 8154
79.04 8156
79.05 8156
79.06 8158
79.08 8162
79.09 8164
79.10 8164
79.11 8164
79.12 8164
79.13 8164
79.14 8164
79.15 8164
79.16 8164
79.17 8164
79.18 8166
79.19 8166
79.20 8166
79.21 8166
79.22 8167
79.23 8168
79.24 8168
79.25 8169
79.26 8170
79.27 8170
79.28 8171
79.29 8172
79.30 8173
79.31 8173
79.32 8174
79.33 8174
79.34 8176
79.35 8176
79.36 8176
79.37 8176
79.38 8176
79.39 8176
79.40 8178
79.41 8178
79.42 8178
79.43 8178
79.44 8178
79.45 8178
79.46 8178
79.47 8179
79.48 8180
79.49 8180
79.50 8180
79.52 8180
79.53 8180
79.54 8180
79.55 8181
79.56 8181
79.57 8182
79.58 8182
79.59 8182
79.60 8183
79.61 8184
79.62 8184
79.63 8185
79.64 8185
79.65 8185
79.66 8185
79.67 8186
79.68 8186
79.69 8187
79.70 8187
79.71 8189
79.72 8189
79.73 8190
79.74 8190
79.75 8190
79.76 8190
79.77 8191
79.78 8191
79.79 8191
79.80 8191
79.81 8192
79.82 8194
79.83 8195
79.84 8196
79.85 8196
79.86 8197
79.87 8197
79.88 8200
79.89 8201
79.90 8201
79.91 8201
79.92 8201
79.93 8202
79.94 8202
79.96 8202
79.97 8202
79.98 8203
79.99 8204
80.00 8204
80.01 8206
80.02 8206
80.03 8206
80.04 8208
80.05 8208
80.06 8209
80.07 8209
80.08 8212
80.09 8213
80.10 8215
80.11 8215
80.12 8220
80.13 8221
80.14 8222
80.15 8223
80.16 8226
80.17 8226
80.18 8226
80.19 8226
80.20 8227
80.21 8227
80.22 8227
80.23 8229
80.24 8231
80.25 8236
80.26 8239
80.27 8246
80.28 8252
80.29 8256
80.30 8261
80.31 8264
80.32 8270
80.33 8272
80.34 8275
80.35 8279
80.36 8282
80.37 8284
80.39 8290
80.40 8294
80.41 8299
80.42 8303
80.43 8306
80.44 8311
80.45 8315
80.46 8321
80.47 8326
80.48 8331
80.49 8339
80.50 8345
80.51 8349
80.52 8354
80.53 8360
80.54 8366
80.55 8373
80.56 8378
80.57 8383
80.58 8389
80.59 8396
80.60 8398
80.61 8405
80.62 8410
80.63 8416
80.64 8422
80.65 8429
80.66 8433
80.67 8436
80.68 8441
80.69 8445
80.70 8447
80.71 8447
80.72 8448
80.73 8449
80.74 8451
80.75 8454
80.76 8456
80.77 8456
80.78 8456
80.79 8456
80.80 8457
80.81 8458
80.83 8458
80.84 8458
80.85 8458
80.86 8458
80.87 8458
80.88 8458
80.89 8458
80.90 8459
80.91 8460
80.92 8461
80.93 8461
80.94 8462
80.95 8463
80.96 8464
80.97 8464
80.98 8466
80.99 8467
81.00 8467
81.01 8468
81.02 8468
81.03 8469
81.04 8469
81.05 8469
81.06 8469
81.07 8469
81.08 8469
81.09 8469
81.10 8470
81.11 8470
81.12 8470
81.13 8470
81.14 8470
81.15 8470
81.16 8472
81.17 8473
81.18 8473
81.19 8473
81.20 8473
81.21 8473
81.22 8473
81.23 8474
81.24 8474
81.26 8474
81.27 8474
81.28 8476
81.29 8476
81.30 8477
81.31 8477
81.32 8479
81.33 8479
81.34 8479
81.35 8479
81.36 8480
81.37 8480
81.38 8480
81.39 8481
81.40 8482
81.41 8483
81.42 8483
81.43 8484
81.44 8484
81.45 8484
81.46 8485
81.47 8485
81.48 8485
81.49 8485
81.50 8485
81.51 8487
81.52 8488
81.53 8489
81.54 8491
81.55 8492
81.56 8492
81.57 8494
81.58 8495
81.59 8495
81.60 8495
81.61 8496
81.62 8497
81.63 8497
81.64 8497
81.65 8497
81.66 8498
81.67 8498
81.68 8498
81.70 8498
81.71 8500
81.72 8500
81.73 8500
81.74 8501
81.75 8502
81.76 8503
81.77 8503
81.78 8506
81.79 8506
81.80 8509
81.81 8509
81.82 8510
81.83 8510
81.84 8510
81.85 8510
81.86 8511
81.87 8511
81.88 8511
81.89 8511
81.90 8511
81.91 8511
81.92 8511
81.93 8511
81.94 8511
81.95 8511
81.96 8511
81.97 8513
81.98 8513
81.99 8514
82.00 8514
82.01 8516
82.02 8519
82.03 8520
82.04 8520
82.05 8520
82.06 8521
82.07 8521
82.08 8522
82.09 8522
82.10 8522
82.11 8522
82.13 8522
82.14 8522
82.15 8522
82.16 8522
82.17 8522
82.18 8524
82.19 8524
82.20 8526
82.21 8527
82.22 8527
82.23 8528
82.24 8529
82.25 8529
82.26 8530
82.27 8530
82.28 8532
82.29 8532
82.30 8533
82.31 8534
82.32 8534
82.33 8534
82.34 8535
82.35 8535
82.36 8535
82.37 8535
82.38 8535
82.39 8536
82.40 8536
82.41 8536
82.42 8537
82.43 8537
82.44 8537
82.45 8537
82.46 8537
82.47 8537
82.48 8538
82.49 8538
82.50 8540
82.51 8540
82.52 8540
82.53 8541
82.54 8542
82.55 8542
82.57 8542
82.58 8542
82.59 8542
82.60 8543
82.61 8544
82.62 8544
82.63 8545
82.64 8545
82.65 8547
82.66 8548
82.67 8548
82.68 8548
82.69 8548
82.70 8548
82.71 8549
82.72 8549
82.73 8550
82.74 8550
82.75 8550
82.76 8552
82.77 8553
82.78 8554
82.79 8556
82.80 8556
82.81 8556
82.82 8559
82.83 8559
82.84 8559
82.85 8559
82.86 8559
82.87 8559
82.88 8559
82.89 8559
82.90 8559
82.91 8559
82.92 8560
82.93 8560
82.94 8560
82.95 8561
82.96 8561
82.97 8561
82.98 8564
82.99 8567
83.01 8568
83.02 8568
83.03 8570
83.04 8570
83.05 8571
83.06 8571
83.07 8572
83.08 8572
83.09 8572
83.10 8572
83.11 8572
83.12 8572
83.13 8572
83.14 8572
83.15 8572
83.16 8572
83.17 8572
83.18 8572
83.19 8572
83.20 8573
83.21 8573
83.22 8573
83.23 8574
83.24 8574
83.25 8575
83.26 8576
83.27 8578
83.28 8580
83.29 8583
83.30 8583
83.31 8583
83.32 8584
83.33 8584
83.34 8584
83.35 8584
83.36 8584
83.37 8584
83.38 8584
83.39 8584
83.40 8584
83.41 8584
83.42 8584
83.44 8586
83.45 8587
83.46 8587
83.47 8588
83.48 8590
83.49 8591
83.50 8591
83.51 8591
83.52 8593
83.53 8593
83.54 8594
83.55 8594
83.56 8595
83.57 8595
83.58 8595
83.59 8595
83.60 8595
83.61 8595
83.62 8596
83.63 8597
83.64 8597
83.65 8597
83.66 8597
83.67 8597
83.68 8597
83.69 8598
83.70 8599
83.71 8599
83.72 8599
83.73 8599
83.74 8599
83.75 8599
83.76 8600
83.77 8600
83.78 8600
83.79 8600
83.80 8601
83.81 8601
83.82 8602
83.83 8602
83.84 8603
83.85 8603
83.86 8603
83.88 8604
83.89 8604
83.90 8604
83.91 8605
83.92 8605
83.93 8607
83.94 8607
83.95 8608
83.96 8608
83.97 8608
83.98 8608
83.99 8609
84.00 8609
84.01 8609
84.02 8610
84.03 8610
84.04 8612
84.05 8613
84.06 8614
84.07 8615
84.08 8616
84.09 8616
84.10 8619
84.11 8619
84.12 8619
84.13 8619
84.14 8619
84.15 8619
84.16 8619
84.17 8619
84.18 8619
84.19 8620
84.20 8621
84.21 8621
84.22 8621
84.23 8621
84.24 8621
84.25 8621
84.26 8621
84.27 8625
84.28 8625
84.29 8625
84.31 8625
84.32 8628
84.33 8629
84.34 8630
84.35 8630
84.36 8630
84.37 8630
84.38 8630
84.39 8630
84.40 8630
84.41 8630
84.42 8630
84.43 8631
84.44 8631
84.45 8631
84.46 8631
84.47 8632
84.48 8632
84.49 8633
84.50 8634
84.51 8635
84.52 8638
84.53 8640
84.54 8640
84.55 8640
84.56 8641
84.57 8641
84.58 8641
84.59 8641
84.60 8641
84.61 8641
84.62 8641
84.63 8641
84.64 8641
84.65 8641
84.66 8641
84.67 8643
84.68 8643
84.69 8643
84.70 8644
84.71 8646
84.72 8647
84.73 8647
84.75 8649
84.76 8650
84.77 8650
84.78 8652
84.79 8652
84.80 8652
84.81 8652
84.82 8653
84.83 8653
84.84 8653
84.85 8653
84.86 8654
84.87 8654
84.88 8654
84.89 8654
84.90 8654
84.91 8655
84.92 8655
84.93 8656
84.94 8658
84.95 8658
84.96 8658
84.97 8658
84.98 8658
84.99 8658
85.00 8659
85.01 8659
85.02 8659
85.03 8659
85.04 8660
85.05 8661
85.06 8661
85.07 8661
85.08 8663
85.09 8663
85.10 8663
85.11 8663
85.12 8664
85.13 8664
85.14 8665
85.15 8666
85.16 8667
85.18 8667
85.19 8668
85.20 8668
85.21 8668
85.22 8668
85.23 8669
85.24 8669
85.25 8670
85.26 8670
85.27 8670
85.28 8671
85.29 8672
85.30 8672
85.31 8675
85.32 8675
85.33 8675
85.34 8678
85.35 8678
85.36 8678
85.37 8678
85.38 8678
85.39 8679
85.40 8679
85.41 8679
85.42 8679
85.43 8680
85.44 8680
85.45 8680
85.46 8680
85.47 8680
85.48 8681
85.49 8681
85.50 8681
85.51 8684
85.52 8684
85.53 8685
85.54 8686
85.55 8688
85.56 8689
85.57 8691
85.58 8691
85.59 8692
85.60 8692
85.62 8692
85.63 8692
85.64 8692
85.65 8692
85.66 8692
85.67 8692
85.68 8692
85.69 8692
85.70 8692
85.71 8692
85.72 8692
85.73 8692
85.74 8692
85.75 8695
85.76 8695
85.77 8695
85.78 8696
85.79 8697
85.80 8699
85.81 8702
85.82 8702
85.83 8702
85.84 8702
85.85 8702
85.86 8702
85.87 8702
85.88 8702
85.89 8702
85.90 8702
85.91 8702
85.92 8702
85.93 8702
85.94 8702
85.95 8704
85.96 8705
85.97 8705
85.98 8706
85.99 8708
86.00 8708
86.01 8708
86.02 8709
86.03 8711
86.04 8711
86.06 8712
86.07 8712
86.08 8712
86.09 8712
86.10 8712
86.11 8712
86.12 8712
86.13 8712
86.14 8712
86.15 8714
86.16 8714
86.17 8714
86.18 8714
86.19 8714
86.20 8714
86.21 8714
86.22 8716
86.23 8716
86.24 8716
86.25 8716
86.26 8716
86.27 8716
86.28 8716
86.29 8716
86.30 8718
86.31 8718
86.32 8718
86.33 8718
86.34 8719
86.35 8719
86.36 8720
86.37 8720
86.38 8720
86.39 8721
86.40 8721
86.41 8721
86.42 8722
86.43 8722
86.44 8723
86.45 8724
86.46 8724
86.47 8724
86.49 8724
86.50 8724
86.51 8726
86.52 8726
86.53 8726
86.54 8726
86.55 8726
86.56 8727
86.57 8728
86.58 8729
86.59 8731
86.60 8732
86.61 8732
86.62 8734
86.63 8735
86.64 8735
86.65 8735
86.66 8735
86.67 8736
86.68 8736
86.69 8736
86.70 8736
86.71 8736
86.72 8737
86.73 8737
86.74 8737
86.75 8737
86.76 8737
86.77 8737
86.78 8737
86.79 8740
86.80 8740
86.81 8740
86.82 8740
86.83 8742
86.84 8742
86.85 8744
86.86 8744
86.87 8744
86.88 8744
86.89 8744
86.90 8744
86.91 8744
86.93 8744
86.94 8744
86.95 8744
86.96 8744
86.97 8744
86.98 8744
86.99 8744
87.00 8744
87.01 8744
87.02 8744
87.03 8746
87.04 8746
87.05 8746
87.06 8747
87.07 8748
87.08 8751
87.09 8754
87.10 8754
87.11 8754
87.12 8754
87.13 8754
87.14 8755
87.15 8755
87.16 8755
87.17 8755
87.18 8755
87.19 8755
87.20 8755
87.21 8755
87.22 8755
87.23 8757
87.24 8757
87.25 8757
87.26 8758
87.27 8760
87.28 8760
87.29 8760
87.30 8762
87.31 8763
87.32 8763
87.33 8764
87.34 8764
87.36 8764
87.37 8764
87.38 8764
87.39 8764
87.40 8765
87.41 8765
87.42 8765
87.43 8765
87.44 8765
87.45 8765
87.46 8765
87.47 8766
87.48 8766
87.49 8767
87.50 8767
87.51 8767
87.52 8767
87.53 8767
87.54 8767
87.55 8767
87.56 8768
87.57 8768
87.58 8769
87.59 8770
87.60 8770
87.61 8771
87.62 8772
87.63 8772
87.64 8772
87.65 8772
87.66 8772
87.67 8773
87.68 8774
87.69 8774
87.70 8775
87.71 8776
87.72 8776
87.73 8777
87.74 8777
87.75 8777
87.76 8777
87.77 8777
87.78 8779
87.80 8779
87.81 8779
87.82 8779
87.83 8781
87.84 8782
87.85 8785
87.86 8785
87.87 8786
87.88 8787
87.89 8787
87.90 8790
87.91 8790
87.92 8790
87.93 8790
87.94 8790
87.95 8790
87.96 8790
87.97 8790
87.98 8790
87.99 8790
88.00 8790
88.01 8790
88.02 8790
88.03 8791
88.04 8791
88.05 8791
88.06 8793
88.07 8796
88.08 8796
88.09 8798
88.10 8799
88.11 8800
88.12 8801
88.13 8802
88.14 8802
88.15 8802
88.16 8802
88.17 8802
88.18 8802
88.19 8802
88.20 8802
88.21 8802
88.23 8802
88.24 8802
88.25 8802
88.26 8804
88.27 8804
88.28 8804
88.29 8805
88.30 8807
88.31 8808
88.32 8812
88.33 8812
88.34 8812
88.35 8812
88.36 8812
88.37 8813
88.38 8813
88.39 8813
88.40 8813
88.41 8813
88.42 8813
88.43 8813
88.44 8813
88.45 8813
88.46 8814
88.47 8815
88.48 8815
88.49 8816
88.50 8817
88.51 8817
88.52 8818
88.53 8819
88.54 8821
88.55 8821
88.56 8822
88.57 8823
88.58 8824
88.59 8824
88.60 8824
88.61 8824
88.62 8824
88.63 8824
88.64 8824
88.65 8824
88.67 8824
88.68 8824
88.69 8824
88.70 8825
88.71 8825
88.72 8826
88.73 8827
88.74 8827
88.75 8827
88.76 8827
88.77 8827
88.78 8827
88.79 8828
88.80 8828
88.81 8829
88.82 8829
88.83 8830
88.84 8830
88.85 8831
88.86 8831
88.87 8832
88.88 8832
88.89 8832
88.90 8833
88.91 8833
88.92 8833
88.93 8834
88.94 8834
88.95 8835
88.96 8836
88.97 8836
88.98 8837
88.99 8837
89.00 8837
89.01 8839
89.02 8839
89.03 8839
89.04 8840
89.05 8840
89.06 8842
89.07 8842
89.08 8843
89.09 8844
89.11 8845
89.12 8845
89.13 8847
89.14 8848
89.15 8848
89.16 8848
89.17 8848
89.18 8848
89.19 8848
89.20 8848
89.21 8848
89.22 8849
89.23 8849
89.24 8849
89.25 8849
89.26 8850
89.27 8850
89.28 8850
89.29 8850
89.30 8854
89.31 8854
89.32 8855
89.33 8855
89.34 8858
89.35 8858
89.36 8859
89.37 8859
89.38 8859
89.39 8859
89.40 8859
89.41 8859
89.42 8859
89.43 8859
89.44 8859
89.45 8859
89.46 8859
89.47 8859
89.48 8861
89.49 8861
89.50 8861
89.51 8863
89.52 8864
89.54 8866
89.55 8868
89.56 8868
89.57 8868
89.58 8868
89.59 8869
89.60 8869
89.61 8869
89.62 8869
89.63 8869
89.64 8869
89.65 8869
89.66 8869
89.67 8869
89.68 8869
89.69 8871
89.70 8872
89.71 8872
89.72 8873
89.73 8875
89.74 8876
89.75 8876
89.76 8878
89.77 8879
89.78 8879
89.79 8880
89.80 8880
89.81 8881
89.82 8881
89.83 8881
89.84 8881
89.85 8881
89.86 8881
89.87 8881
89.88 8882
89.89 8882
89.90 8882
89.91 8882
89.92 8884
89.93 8884
89.94 8884
89.95 8885
89.96 8885
89.98 8885
89.99 8885
90.00 8885
90.01 8885
90.02 8886
90.03 8886
90.04 8887
90.05 8887
90.06 8888
90.07 8888
90.08 8889
90.09 8890
90.10 8891
90.11 8891
90.12 8891
90.13 8891
90.14 8891
90.15 8892
90.16 8893
90.17 8894
90.18 8895
90.19 8896
90.20 8896
90.21 8896
90.22 8896
90.23 8896
90.24 8898
90.25 8898
90.26 8898
90.27 8899
90.28 8899
90.29 8900
90.30 8901
90.31 8901
90.32 8903
90.33 8903
90.34 8903
90.35 8905
90.36 8907
90.37 8907
90.38 8907
90.39 8909
90.41 8909
90.42 8909
90.43 8909
90.44 8909
90.45 8909
90.46 8909
90.47 8909
90.48 8909
90.49 8910
90.50 8910
90.51 8910
90.52 8910
90.53 8913
90.54 8914
90.55 8914
90.56 8916
90.57 8916
90.58 8921
90.59 8921
90.60 8923
90.61 8925
90.62 8928
90.63 8928
90.64 8934
90.65 8939
90.66 8943
90.67 8948
90.68 8952
90.69 8952
90.70 8952
90.71 8952
90.72 8952
90.73 8952
90.74 8952
90.75 8953
90.76 8953
90.77 8954
90.78 8954
90.79 8956
90.80 8959
90.81 8961
90.82 8961
90.83 8961
90.85 8962
90.86 8962
90.87 8962
90.88 8962
90.89 8962
90.90 8962
90.91 8962
90.92 8962
90.93 8962
90.94 8962
90.95 8963
90.96 8964
90.97 8964
90.98 8966
90.99 8966
91.00 8967
91.01 8967
91.02 8969
91.03 8970
91.04 8970
91.05 8970
91.06 8971
91.07 8971
91.08 8971
91.09 8971
91.10 8971
91.11 8971
91.12 8972
91.13 8972
91.14 8972
91.15 8972
91.16 8972
91.17 8972
91.18 8972
91.19 8972
91.20 8972
91.21 8972
91.22 8972
91.23 8972
91.24 8972
91.25 8972
91.26 8972
91.28 8973
91.29 8973
91.30 8974
91.31 8974
91.32 8975
91.33 8975
91.34 8976
91.35 8976
91.36 8977
91.37 8977
91.38 8977
91.39 8977
91.40 8978
91.41 8978
91.42 8978
91.43 8978
91.44 8980
91.45 8980
91.46 8982
91.47 8983
91.48 8983
91.49 8983
91.50 8983
91.51 8984
91.52 8984
91.53 8985
91.54 8985
91.55 8986
91.56 8986
91.57 8987
91.58 8988
91.59 8989
91.60 8989
91.61 8990
91.62 8991
91.63 8991
91.64 8991
91.65 8991
91.66 8991
91.67 8992
91.68 8992
91.69 8992
91.70 8992
91.72 8993
91.73 8993
91.74 8993
91.75 8994
91.76 8994
91.77 8994
91.78 9001
91.79 9001
91.80 9002
91.81 9002
91.82 9004
91.83 9005
91.84 9007
91.85 9007
91.86 9007
91.87 9007
91.88 9007
91.89 9007
91.90 9007
91.91 9007
91.92 9007
91.93 9007
91.94 9007
91.95 9007
91.96 9007
91.97 9007
91.98 9008
91.99 9008
92.00 9008
92.01 9009
92.02 9009
92.03 9009
92.04 9010
92.05 9010
92.06 9012
92.07 9015
92.08 9017
92.09 9017
92.10 9017
92.11 9017
92.12 9017
92.13 9017
92.14 9017
92.16 9017
92.17 9017
92.18 9017
92.19 9017
92.20 9017
92.21 9017
92.22 9018
92.23 9019
92.24 9019
92.25 9021
92.26 9023
92.27 9023
92.28 9023
92.29 9025
92.30 9026
92.31 9026
92.32 9026
92.33 9028
92.34 9028
92.35 9029
92.36 9029
92.37 9029
92.38 9029
92.39 9029
92.40 9029
92.41 9030
92.42 9030
92.43 9030
92.44 9030
92.45 9030
92.46 9030
92.47 9031
92.48 9031
92.49 9032
92.50 9032
92.51 9032
92.52 9032
92.53 9032
92.54 9033
92.55 9033
92.56 9034
92.57 9034
92.59 9034
92.60 9034
92.61 9035
92.62 9035
92.63 9036
92.64 9036
92.65 9036
92.66 9037
92.67 9037
92.68 9038
92.69 9039
92.70 9040
92.71 9041
92.72 9042
92.73 9042
92.74 9042
92.75 9042
92.76 9042
92.77 9043
92.78 9043
92.79 9043
92.80 9044
92.81 9044
92.82 9047
92.83 9047
92.84 9049
92.85 9050
92.86 9051
92.87 9051
92.88 9053
92.89 9055
92.90 9055
92.91 9055
92.92 9056
92.93 9056
92.94 9056
92.95 9056
92.96 9056
92.97 9056
92.98 9056
92.99 9056
93.00 9056
93.01 9056
93.03 9056
93.04 9056
93.05 9056
93.06 9059
93.07 9063
93.08 9063
93.09 9063
93.10 9065
93.11 9065
93.12 9067
93.13 9067
93.14 9067
93.15 9067
93.16 9067
93.17 9067
93.18 9067
93.19 9067
93.20 9067
93.21 9067
93.22 9067
93.23 9067
93.24 9067
93.25 9067
93.26 9068
93.27 9068
93.28 9068
93.29 9068
93.30 9071
93.31 9071
93.32 9071
93.33 9072
93.34 9074
93.35 9075
93.36 9078
93.37 9078
93.38 9078
93.39 9078
93.40 9079
93.41 9079
93.42 9079
93.43 9079
93.44 9079
93.46 9079
93.47 9079
93.48 9079
93.49 9079
93.50 9079
93.51 9080
93.52 9081
93.53 9081
93.54 9083
93.55 9084
93.56 9085
93.57 9085
93.58 9086
93.59 9087
93.60 9087
93.61 9088
93.62 9088
93.63 9090
93.64 9090
93.65 9090
93.66 9090
93.67 9091
93.68 9091
93.69 9091
93.70 9092
93.71 9092
93.72 9092
93.73 9092
93.74 9092
93.75 9092
93.76 9093
93.77 9094
93.78 9094
93.79 9094
93.80 9094
93.81 9094
93.82 9094
93.83 9096
93.84 9096
93.85 9096
93.86 9096
93.87 9097
93.88 9097
93.90 9099
93.91 9099
93.92 9100
93.93 9100
93.94 9100
93.95 9100
93.96 9100
93.97 9100
93.98 9101
93.99 9102
94.00 9103
94.01 9104
94.02 9105
94.03 9105
94.04 9105
94.05 9105
94.06 9106
94.07 9106
94.08 9106
94.09 9107
94.10 9107
94.11 9108
94.12 9109
94.13 9109
94.14 9111
94.15 9112
94.16 9112
94.17 9114
94.18 9114
94.19 9114
94.20 9114
94.21 9114
94.22 9115
94.23 9115
94.24 9115
94.25 9115
94.26 9115
94.27 9116
94.28 9116
94.29 9116
94.30 9116
94.31 9116
94.33 9116
94.34 9116
94.35 9116
94.36 9118
94.37 9118
94.38 9118
94.39 9119
94.40 9119
94.41 9120
94.42 9120
94.43 9121
94.44 9121
94.45 9121
94.46 9121
94.47 9121
94.48 9121
94.49 9121
94.50 9121
94.51 9121
94.52 9121
94.53 9121
94.54 9121
94.55 9121
94.56 9121
94.57 9121
94.58 9121
94.59 9123
94.60 9123
94.61 9123
94.62 9124
94.63 9125
94.64 9127
94.65 9130
94.66 9130
94.67 9130
94.68 9130
94.69 9131
94.70 9131
94.71 9131
94.72 9131
94.73 9131
94.74 9131
94.75 9131
94.77 9131
94.78 9131
94.79 9131
94.80 9132
94.81 9133
94.82 9133
94.83 9134
94.84 9136
94.85 9137
94.86 9137
94.87 9138
94.88 9139
94.89 9139
94.90 9141
94.91 9141
94.92 9141
94.93 9141
94.94 9141
94.95 9141
94.96 9141
94.97 9141
94.98 9141
94.99 9141
95.00 9141
95.01 9141
95.02 9141
95.03 9141
95.04 9141
95.05 9141
95.06 9142
95.07 9142
95.08 9142
95.09 9142
95.10 9142
95.11 9142
95.12 9143
95.13 9143
95.14 9144
95.15 9144
95.16 9145
95.17 9145
95.18 9146
95.20 9146
95.21 9147
95.22 9147
95.23 9147
95.24 9148
95.25 9149
95.26 9149
95.27 9149
95.28 9150
95.29 9151
95.30 9152
95.31 9153
95.32 9153
95.33 9153
95.34 9153
95.35 9154
95.36 9154
95.37 9154
95.38 9155
95.39 9155
95.40 9156
95.41 9158
95.42 9158
95.43 9161
95.44 9162
95.45 9162
95.46 9165
95.47 9166
95.48 9166
95.49 9166
95.50 9167
95.51 9168
95.52 9168
95.53 9168
95.54 9168
95.55 9169
95.56 9169
95.57 9169
95.58 9169
95.59 9169
95.60 9169
95.61 9169
95.62 9169
95.64 9175
95.65 9176
95.66 9176
95.67 9177
95.68 9178
95.69 9182
95.70 9183
95.71 9183
95.72 9186
95.73 9188
95.74 9188
95.75 9192
95.76 9195
95.77 9195
95.78 9200
95.79 9202
95.80 9202
95.81 9205
95.82 9206
95.83 9207
95.84 9207
95.85 9211
95.86 9212
95.87 9215
95.88 9215
95.89 9219
95.90 9220
95.91 9221
95.92 9223
95.93 9227
95.94 9232
95.95 9235
95.96 9235
95.97 9235
95.98 9237
95.99 9238
96.00 9238
96.01 9238
96.02 9240
96.03 9244
96.04 9247
96.05 9250
96.06 9251
96.08 9256
96.09 9258
96.10 9262
96.11 9264
96.12 9267
96.13 9267
96.14 9269
96.15 9269
96.16 9270
96.17 9270
96.18 9271
96.19 9274
96.20 9277
96.21 9277
96.22 9277
96.23 9278
96.24 9278
96.25 9278
96.26 9278
96.27 9278
96.28 9278
96.29 9278
96.30 9278
96.31 9278
96.32 9278
96.33 9278
96.34 9280
96.35 9281
96.36 9281
96.37 9283
96.38 9284
96.39 9284
96.40 9285
96.41 9287
96.42 9288
96.43 9288
96.44 9288
96.45 9289
96.46 9290
96.47 9291
96.48 9291
96.49 9291
96.51 9291
96.52 9292
96.53 9292
96.54 9293
96.55 9293
96.56 9293
96.57 9293
96.58 9295
96.59 9295
96.60 9295
96.61 9296
96.62 9297
96.63 9297
96.64 9297
96.65 9297
96.66 9297
96.67 9297
96.68 9298
96.69 9298
96.70 9299
96.71 9299
96.72 9299
96.73 9300
96.74 9301
96.75 9301
96.76 9302
96.77 9302
96.78 9302
96.79 9302
96.80 9303
96.81 9303
96.82 9303
96.83 9304
96.84 9305
96.85 9306
96.86 9306
96.87 9306
96.88 9306
96.89 9307
96.90 9308
96.91 9308
96.92 9308
96.93 9308
96.95 9308
96.96 9310
96.97 9311
96.98 9311
96.99 9313
97.00 9315
97.01 9315
97.02 9317
97.03 9317
97.04 9317
97.05 9317
97.06 9318
97.07 9319
97.08 9319
97.09 9319
97.10 9319
97.11 9319
97.12 9319
97.13 9319
97.14 9323
97.15 9324
97.16 9324
97.17 9326
97.18 9326
97.19 9326
97.20 9327
97.21 9329
97.22 9329
97.23 9331
97.24 9331
97.25 9331
97.26 9331
97.27 9331
97.28 9331
97.29 9331
97.30 9331
97.31 9332
97.32 9332
97.33 9332
97.34 9332
97.35 9334
97.36 9334
97.38 9334
97.39 9336
97.40 9337
97.41 9340
97.42 9340
97.43 9340
97.44 9340
97.45 9341
97.46 9341
97.47 9341
97.48 9341
97.49 9341
97.50 9341
97.51 9341
97.52 9341
97.53 9341
97.54 9341
97.55 9342
97.56 9343
97.57 9343
97.58 9343
97.59 9346
97.60 9347
97.61 9347
97.62 9348
97.63 9349
97.64 9349
97.65 9350
97.66 9350
97.67 9351
97.68 9351
97.69 9351
97.70 9351
97.71 9352
97.72 9352
97.73 9352
97.74 9352
97.75 9352
97.76 9352
97.77 9352
97.78 9352
97.79 9352
97.80 9352
97.82 9353
97.83 9353
97.84 9353
97.85 9353
97.86 9353
97.87 9353
97.88 9354
97.89 9354
97.90 9354
97.91 9354
97.92 9356
97.93 9356
97.94 9357
97.95 9357
97.96 9359
97.97 9359
97.98 9359
97.99 9359
98.00 9360
98.01 9360
98.02 9360
98.03 9361
98.04 9362
98.05 9363
98.06 9364
98.07 9364
98.08 9364
98.09 9364
98.10 9365
98.11 9365
98.12 9366
98.13 9366
98.14 9366
98.15 9367
98.16 9368
98.17 9368
98.18 9369
98.19 9370
98.20 9370
98.21 9373
98.22 9374
98.23 9374
98.25 9374
98.26 9374
98.27 9376
98.28 9376
98.29 9376
98.30 9376
98.31 9376
98.32 9377
98.33 9377
98.34 9377
98.35 9377
98.36 9377
98.37 9377
98.38 9381
98.39 9382
98.40 9382
98.41 9382
98.42 9385
98.43 9385
98.44 9386
98.45 9386
98.46 9387
98.47 9387
98.48 9387
98.49 9387
98.50 9387
98.51 9387
98.52 9387
98.53 9387
98.54 9387
98.55 9387
98.56 9387
98.57 9387
98.58 9387
98.59 9387
98.60 9387
98.61 9387
98.62 9388
98.63 9388
98.64 9388
98.65 9390
98.66 9391
98.67 9392
98.69 9395
98.70 9395
98.71 9395
98.72 9395
98.73 9395
98.74 9395
98.75 9395
98.76 9395
98.77 9395
98.78 9395
98.79 9395
98.80 9395
98.81 9395
98.82 9395
98.83 9397
98.84 9397
98.85 9397
98.86 9399
98.87 9401
98.88 9401
98.89 9401
98.90 9402
98.91 9404
98.92 9404
98.93 9405
98.94 9405
98.95 9405
98.96 9405
98.97 9405
98.98 9405
98.99 9406
99.00 9406
99.01 9406
99.02 9406
99.03 9406
99.04 9406
99.05 9406
99.06 9406
99.07 9406
99.08 9406
99.09 9406
99.10 9406
99.11 9407
99.13 9407
99.14 9407
99.15 9407
99.16 9408
99.17 9408
99.18 9408
99.19 9408
99.20 9409
99.21 9409
99.22 9411
99.23 9411
99.24 9412
99.25 9412
99.26 9412
99.27 9413
99.28 9413
99.29 9414
99.30 9414
99.31 9415
99.32 9416
99.33 9417
99.34 9417
99.35 9418
99.36 9418
99.37 9418
99.38 9418
99.39 9419
99.40 9419
99.41 9420
99.42 9420
99.43 9421
99.44 9421
99.45 9422
99.46 9424
99.47 9424
99.48 9424
99.49 9427
99.50 9428
99.51 9428
99.52 9428
99.53 9429
99.54 9429
99.56 9430
99.57 9430
99.58 9430
99.59 9430
99.60 9431
99.61 9431
99.62 9431
99.63 9431
99.64 9431
99.65 9433
99.66 9435
99.67 9437
99.68 9437
99.69 9439
99.70 9439
99.71 9441
99.72 9441
99.73 9441
99.74 9441
99.75 9441
99.76 9441
99.77 9441
99.78 9441
99.79 9441
99.80 9441
99.81 9441
99.82 9441
99.83 9441
99.84 9443
99.85 9443
99.86 9445
99.87 9445
99.88 9446
99.89 9448
99.90 9451
99.91 9451
99.92 9451
99.93 9451
99.94 9451
99.95 9452
99.96 9452
99.97 9452
99.98 9452
100.00 9452
