In file included from /usr/include/c++/15/bits/ios_base.h:41,
                 from /usr/include/c++/15/ios:46,
                 from /usr/include/c++/15/bits/ostream.h:43,
                 from /usr/include/c++/15/ostream:42,
                 from /usr/include/c++/15/iostream:43,
                 from tests/fx2_weight_adaptive_neighbor_v1_unit.cpp:3:
/usr/include/c++/15/ext/atomicity.h: In function ‘bool fx2_weight_adaptive_neighbor_v1::__gnu_cxx::__is_single_threaded()’:
/usr/include/c++/15/ext/atomicity.h:54:14: error: ‘::__libc_single_threaded’ has not been declared; did you mean ‘fx2_weight_adaptive_neighbor_v1::__libc_single_threaded’?
   54 |     return ::__libc_single_threaded;
      |              ^~~~~~~~~~~~~~~~~~~~~~
      |              fx2_weight_adaptive_neighbor_v1::__libc_single_threaded
In file included from /usr/include/c++/15/ext/atomicity.h:40:
/usr/include/x86_64-linux-gnu/sys/single_threaded.h:29:13: note: ‘fx2_weight_adaptive_neighbor_v1::__libc_single_threaded’ declared here
   29 | extern char __libc_single_threaded;
      |             ^~~~~~~~~~~~~~~~~~~~~~
In file included from /usr/include/c++/15/bits/ios_base.h:43:
/usr/include/c++/15/bits/locale_classes.h: At global scope:
/usr/include/c++/15/bits/locale_classes.h:173:23: error: ‘string’ in namespace ‘fx2_weight_adaptive_neighbor_v1::std’ does not name a type
  173 |     locale(const std::string& __s) : locale(__s.c_str()) { }
      |                       ^~~~~~
/usr/include/c++/15/bits/locale_classes.h:187:45: error: ‘string’ in namespace ‘fx2_weight_adaptive_neighbor_v1::std’ does not name a type
  187 |     locale(const locale& __base, const std::string& __s, category __cat)
      |                                             ^~~~~~
/usr/include/c++/15/bits/locale_classes.h:255:5: error: ‘string’ does not name a type; did you mean ‘stdin’?
  255 |     string
      |     ^~~~~~
      |     stdin
/usr/include/c++/15/bits/locale_classes.h:310:24: error: ‘basic_string’ does not name a type
  310 |       operator()(const basic_string<_Char, _Traits, _Alloc>& __s1,
      |                        ^~~~~~~~~~~~
/usr/include/c++/15/bits/locale_classes.h:310:36: error: expected ‘,’ or ‘...’ before ‘<’ token
  310 |       operator()(const basic_string<_Char, _Traits, _Alloc>& __s1,
      |                                    ^
/usr/include/c++/15/bits/locale_classes.h: In constructor ‘fx2_weight_adaptive_neighbor_v1::std::locale::locale(const int&)’:
/usr/include/c++/15/bits/locale_classes.h:173:49: error: request for member ‘c_str’ in ‘__s’, which is of non-class type ‘const int’
  173 |     locale(const std::string& __s) : locale(__s.c_str()) { }
      |                                                 ^~~~~
/usr/include/c++/15/bits/locale_classes.h: In constructor ‘fx2_weight_adaptive_neighbor_v1::std::locale::locale(const fx2_weight_adaptive_neighbor_v1::std::locale&, const int&, category)’:
/usr/include/c++/15/bits/locale_classes.h:188:26: error: request for member ‘c_str’ in ‘__s’, which is of non-class type ‘const int’
  188 |     : locale(__base, __s.c_str(), __cat) { }
      |                          ^~~~~
/usr/include/c++/15/bits/locale_classes.h: At global scope:
/usr/include/c++/15/bits/locale_classes.h:388:33: error: ‘is_base_of_v’ was not declared in this scope; did you mean ‘std::is_base_of_v<_Base, _Derived>’?
  388 |     constexpr bool __is_facet = is_base_of_v<locale::facet, _Tp>;
      |                                 ^~~~~~~~~~~~
      |                                 std::is_base_of_v<_Base, _Derived>
In file included from /usr/include/c++/15/bits/move.h:37,
                 from /usr/include/c++/15/bits/stl_function.h:60,
                 from /usr/include/c++/15/functional:51,
                 from tests/fx2_weight_adaptive_neighbor_v1_unit.cpp:1:
/usr/include/c++/15/type_traits:3695:25: note: ‘std::is_base_of_v<_Base, _Derived>’ declared here
 3695 |   inline constexpr bool is_base_of_v = __is_base_of(_Base, _Derived);
      |                         ^~~~~~~~~~~~
/usr/include/c++/15/bits/locale_classes.h:388:59: error: expected primary-expression before ‘,’ token
  388 |     constexpr bool __is_facet = is_base_of_v<locale::facet, _Tp>;
      |                                                           ^
/usr/include/c++/15/bits/locale_classes.h:413:12: error: ‘__c_locale’ does not name a type; did you mean ‘locale’?
  413 |     static __c_locale                   _S_c_locale;
      |            ^~~~~~~~~~
      |            locale
/usr/include/c++/15/bits/locale_classes.h:444:24: error: ‘__c_locale’ has not been declared; did you mean ‘locale’?
  444 |     _S_create_c_locale(__c_locale& __cloc, const char* __s,
      |                        ^~~~~~~~~~
      |                        locale
/usr/include/c++/15/bits/locale_classes.h:445:24: error: ‘__c_locale’ has not been declared; did you mean ‘locale’?
  445 |                        __c_locale __old = 0);
      |                        ^~~~~~~~~~
      |                        locale
/usr/include/c++/15/bits/locale_classes.h:447:12: error: ‘__c_locale’ does not name a type; did you mean ‘locale’?
  447 |     static __c_locale
      |            ^~~~~~~~~~
      |            locale
/usr/include/c++/15/bits/locale_classes.h:451:25: error: ‘__c_locale’ has not been declared; did you mean ‘locale’?
  451 |     _S_destroy_c_locale(__c_locale& __cloc);
      |                         ^~~~~~~~~~
      |                         locale
/usr/include/c++/15/bits/locale_classes.h:453:12: error: ‘__c_locale’ does not name a type; did you mean ‘locale’?
  453 |     static __c_locale
      |            ^~~~~~~~~~
      |            locale
/usr/include/c++/15/bits/locale_classes.h:458:12: error: ‘__c_locale’ does not name a type; did you mean ‘locale’?
  458 |     static __c_locale
      |            ^~~~~~~~~~
      |            locale
In file included from /usr/include/c++/15/functional:50:
/usr/include/c++/15/bits/locale_classes.h:687:11: error: ‘__cxx11’ has not been declared
  687 |     class _GLIBCXX_NAMESPACE_CXX11 collate : public locale::facet
      |           ^~~~~~~~~~~~~~~~~~~~~~~~
/usr/include/c++/15/bits/locale_classes.h:687:44: error: expected unqualified-id before ‘:’ token
  687 |     class _GLIBCXX_NAMESPACE_CXX11 collate : public locale::facet
      |                                            ^
/usr/include/c++/15/bits/locale_classes.h:838:23: error: expected initializer before ‘<’ token
  838 |     locale::id collate<_CharT>::id;
      |                       ^
/usr/include/c++/15/bits/locale_classes.h:843:12: error: expected initializer before ‘<’ token
  843 |     collate<char>::_M_compare(const char*, const char*) const throw();
      |            ^
/usr/include/c++/15/bits/locale_classes.h:847:12: error: expected initializer before ‘<’ token
  847 |     collate<char>::_M_transform(char*, const char*, size_t) const throw();
      |            ^
/usr/include/c++/15/bits/locale_classes.h:852:12: error: expected initializer before ‘<’ token
  852 |     collate<wchar_t>::_M_compare(const wchar_t*, const wchar_t*) const throw();
      |            ^
/usr/include/c++/15/bits/locale_classes.h:856:12: error: expected initializer before ‘<’ token
  856 |     collate<wchar_t>::_M_transform(wchar_t*, const wchar_t*, size_t) const throw();
      |            ^
/usr/include/c++/15/bits/locale_classes.h:861:11: error: ‘__cxx11’ has not been declared
  861 |     class _GLIBCXX_NAMESPACE_CXX11 collate_byname : public collate<_CharT>
      |           ^~~~~~~~~~~~~~~~~~~~~~~~
/usr/include/c++/15/bits/locale_classes.h:861:51: error: expected unqualified-id before ‘:’ token
  861 |     class _GLIBCXX_NAMESPACE_CXX11 collate_byname : public collate<_CharT>
      |                                                   ^
In file included from /usr/include/c++/15/bits/locale_classes.h:896:
/usr/include/c++/15/bits/locale_classes.tcc:104:22: error: ‘basic_string’ does not name a type
  104 |     operator()(const basic_string<_CharT, _Traits, _Alloc>& __s1,
      |                      ^~~~~~~~~~~~
/usr/include/c++/15/bits/locale_classes.tcc:104:34: error: expected ‘,’ or ‘...’ before ‘<’ token
  104 |     operator()(const basic_string<_CharT, _Traits, _Alloc>& __s1,
      |                                  ^
/usr/include/c++/15/bits/locale_classes.tcc: In member function ‘bool fx2_weight_adaptive_neighbor_v1::std::locale::operator()(int) const’:
/usr/include/c++/15/bits/locale_classes.tcc:107:20: error: ‘collate’ in namespace ‘fx2_weight_adaptive_neighbor_v1::std’ does not name a template type [-Wtemplate-body]
  107 |       typedef std::collate<_CharT> __collate_type;
      |                    ^~~~~~~
/usr/include/c++/15/bits/locale_classes.tcc:108:13: error: ‘__collate_type’ does not name a type [-Wtemplate-body]
  108 |       const __collate_type& __collate = use_facet<__collate_type>(*this);
      |             ^~~~~~~~~~~~~~
/usr/include/c++/15/bits/locale_classes.tcc:109:15: error: ‘__collate’ was not declared in this scope; did you mean ‘collate’? [-Wtemplate-body]
  109 |       return (__collate.compare(__s1.data(), __s1.data() + __s1.length(),
      |               ^~~~~~~~~
      |               collate
/usr/include/c++/15/bits/locale_classes.tcc:109:33: error: ‘__s1’ was not declared in this scope; did you mean ‘__s8’? [-Wtemplate-body]
  109 |       return (__collate.compare(__s1.data(), __s1.data() + __s1.length(),
      |                                 ^~~~
      |                                 __s8
/usr/include/c++/15/bits/locale_classes.tcc:110:33: error: ‘__s2’ was not declared in this scope; did you mean ‘__s8’? [-Wtemplate-body]
  110 |                                 __s2.data(), __s2.data() + __s2.length()) < 0);
      |                                 ^~~~
      |                                 __s8
/usr/include/c++/15/bits/locale_classes.tcc: In function ‘const _Facet* fx2_weight_adaptive_neighbor_v1::std::__try_use_facet(const locale&)’:
/usr/include/c++/15/bits/locale_classes.tcc:128:7: error: expected ‘)’ before ‘ctype’ [-Wtemplate-body]
  128 |       _GLIBCXX_STD_FACET(ctype<char>);
      |       ^~~~~~~~~~~~~~~~~~
/usr/include/c++/15/bits/locale_classes.tcc:128:7: note: to match this ‘(’
  128 |       _GLIBCXX_STD_FACET(ctype<char>);
      |       ^~~~~~~~~~~~~~~~~~
/usr/include/c++/15/bits/locale_classes.tcc:128:7: error: expected ‘)’ before ‘ctype’ [-Wtemplate-body]
  128 |       _GLIBCXX_STD_FACET(ctype<char>);
      |       ^~~~~~~~~~~~~~~~~~
/usr/include/c++/15/bits/locale_classes.tcc:128:7: note: to match this ‘(’
  128 |       _GLIBCXX_STD_FACET(ctype<char>);
      |       ^~~~~~~~~~~~~~~~~~
/usr/include/c++/15/bits/locale_classes.tcc:128:7: error: expected primary-expression before ‘)’ token [-Wtemplate-body]
  128 |       _GLIBCXX_STD_FACET(ctype<char>);
      |       ^~~~~~~~~~~~~~~~~~
/usr/include/c++/15/bits/locale_classes.tcc:129:7: error: expected ‘)’ before ‘num_get’ [-Wtemplate-body]
  129 |       _GLIBCXX_STD_FACET(num_get<char>);
      |       ^~~~~~~~~~~~~~~~~~
/usr/include/c++/15/bits/locale_classes.tcc:129:7: note: to match this ‘(’
  129 |       _GLIBCXX_STD_FACET(num_get<char>);
      |       ^~~~~~~~~~~~~~~~~~
/usr/include/c++/15/bits/locale_classes.tcc:129:7: error: expected ‘)’ before ‘num_get’ [-Wtemplate-body]
  129 |       _GLIBCXX_STD_FACET(num_get<char>);
      |       ^~~~~~~~~~~~~~~~~~
/usr/include/c++/15/bits/locale_classes.tcc:129:7: note: to match this ‘(’
  129 |       _GLIBCXX_STD_FACET(num_get<char>);
      |       ^~~~~~~~~~~~~~~~~~
/usr/include/c++/15/bits/locale_classes.tcc:129:7: error: expected primary-expression before ‘)’ token [-Wtemplate-body]
  129 |       _GLIBCXX_STD_FACET(num_get<char>);
      |       ^~~~~~~~~~~~~~~~~~
/usr/include/c++/15/bits/locale_classes.tcc:130:7: error: expected ‘)’ before ‘num_put’ [-Wtemplate-body]
  130 |       _GLIBCXX_STD_FACET(num_put<char>);
      |       ^~~~~~~~~~~~~~~~~~
/usr/include/c++/15/bits/locale_classes.tcc:130:7: note: to match this ‘(’
  130 |       _GLIBCXX_STD_FACET(num_put<char>);
      |       ^~~~~~~~~~~~~~~~~~
/usr/include/c++/15/bits/locale_classes.tcc:130:7: error: expected ‘)’ before ‘num_put’ [-Wtemplate-body]
  130 |       _GLIBCXX_STD_FACET(num_put<char>);
      |       ^~~~~~~~~~~~~~~~~~
/usr/include/c++/15/bits/locale_classes.tcc:130:7: note: to match this ‘(’
  130 |       _GLIBCXX_STD_FACET(num_put<char>);
      |       ^~~~~~~~~~~~~~~~~~
/usr/include/c++/15/bits/locale_classes.tcc:130:7: error: expected primary-expression before ‘)’ token [-Wtemplate-body]
  130 |       _GLIBCXX_STD_FACET(num_put<char>);
      |       ^~~~~~~~~~~~~~~~~~
/usr/include/c++/15/bits/locale_classes.tcc:131:7: error: expected ‘)’ before ‘codecvt’ [-Wtemplate-body]
  131 |       _GLIBCXX_STD_FACET(codecvt<char, char, mbstate_t>);
      |       ^~~~~~~~~~~~~~~~~~
/usr/include/c++/15/bits/locale_classes.tcc:131:7: note: to match this ‘(’
  131 |       _GLIBCXX_STD_FACET(codecvt<char, char, mbstate_t>);
      |       ^~~~~~~~~~~~~~~~~~
/usr/include/c++/15/bits/locale_classes.tcc:131:7: error: expected ‘)’ before ‘codecvt’ [-Wtemplate-body]
  131 |       _GLIBCXX_STD_FACET(codecvt<char, char, mbstate_t>);
      |       ^~~~~~~~~~~~~~~~~~
/usr/include/c++/15/bits/locale_classes.tcc:131:7: note: to match this ‘(’
  131 |       _GLIBCXX_STD_FACET(codecvt<char, char, mbstate_t>);
      |       ^~~~~~~~~~~~~~~~~~
/usr/include/c++/15/bits/locale_classes.tcc:131:7: error: expected primary-expression before ‘)’ token [-Wtemplate-body]
  131 |       _GLIBCXX_STD_FACET(codecvt<char, char, mbstate_t>);
      |       ^~~~~~~~~~~~~~~~~~
/usr/include/c++/15/bits/locale_classes.tcc:132:7: error: expected ‘)’ before ‘collate’ [-Wtemplate-body]
  132 |       _GLIBCXX_STD_FACET(collate<char>);
      |       ^~~~~~~~~~~~~~~~~~
/usr/include/c++/15/bits/locale_classes.tcc:132:7: note: to match this ‘(’
  132 |       _GLIBCXX_STD_FACET(collate<char>);
      |       ^~~~~~~~~~~~~~~~~~
/usr/include/c++/15/bits/locale_classes.tcc:132:7: error: expected ‘)’ before ‘collate’ [-Wtemplate-body]
  132 |       _GLIBCXX_STD_FACET(collate<char>);
      |       ^~~~~~~~~~~~~~~~~~
/usr/include/c++/15/bits/locale_classes.tcc:132:7: note: to match this ‘(’
  132 |       _GLIBCXX_STD_FACET(collate<char>);
      |       ^~~~~~~~~~~~~~~~~~
/usr/include/c++/15/bits/locale_classes.tcc:132:7: error: expected primary-expression before ‘)’ token [-Wtemplate-body]
  132 |       _GLIBCXX_STD_FACET(collate<char>);
      |       ^~~~~~~~~~~~~~~~~~
/usr/include/c++/15/bits/locale_classes.tcc:133:7: error: expected ‘)’ before ‘moneypunct’ [-Wtemplate-body]
  133 |       _GLIBCXX_STD_FACET(moneypunct<char>);
      |       ^~~~~~~~~~~~~~~~~~
/usr/include/c++/15/bits/locale_classes.tcc:133:7: note: to match this ‘(’
  133 |       _GLIBCXX_STD_FACET(moneypunct<char>);
      |       ^~~~~~~~~~~~~~~~~~
/usr/include/c++/15/bits/locale_classes.tcc:133:7: error: expected ‘)’ before ‘moneypunct’ [-Wtemplate-body]
  133 |       _GLIBCXX_STD_FACET(moneypunct<char>);
      |       ^~~~~~~~~~~~~~~~~~
/usr/include/c++/15/bits/locale_classes.tcc:133:7: note: to match this ‘(’
  133 |       _GLIBCXX_STD_FACET(moneypunct<char>);
      |       ^~~~~~~~~~~~~~~~~~
/usr/include/c++/15/bits/locale_classes.tcc:133:7: error: expected primary-expression before ‘)’ token [-Wtemplate-body]
  133 |       _GLIBCXX_STD_FACET(moneypunct<char>);
      |       ^~~~~~~~~~~~~~~~~~
/usr/include/c++/15/bits/locale_classes.tcc:134:7: error: expected ‘)’ before ‘moneypunct’ [-Wtemplate-body]
  134 |       _GLIBCXX_STD_FACET(moneypunct<char, true>);
      |       ^~~~~~~~~~~~~~~~~~
/usr/include/c++/15/bits/locale_classes.tcc:134:7: note: to match this ‘(’
  134 |       _GLIBCXX_STD_FACET(moneypunct<char, true>);
      |       ^~~~~~~~~~~~~~~~~~
/usr/include/c++/15/bits/locale_classes.tcc:134:7: error: expected ‘)’ before ‘moneypunct’ [-Wtemplate-body]
  134 |       _GLIBCXX_STD_FACET(moneypunct<char, true>);
      |       ^~~~~~~~~~~~~~~~~~
/usr/include/c++/15/bits/locale_classes.tcc:134:7: note: to match this ‘(’
  134 |       _GLIBCXX_STD_FACET(moneypunct<char, true>);
      |       ^~~~~~~~~~~~~~~~~~
/usr/include/c++/15/bits/locale_classes.tcc:134:7: error: expected primary-expression before ‘)’ token [-Wtemplate-body]
  134 |       _GLIBCXX_STD_FACET(moneypunct<char, true>);
      |       ^~~~~~~~~~~~~~~~~~
/usr/include/c++/15/bits/locale_classes.tcc:135:7: error: expected ‘)’ before ‘money_get’ [-Wtemplate-body]
  135 |       _GLIBCXX_STD_FACET(money_get<char>);
      |       ^~~~~~~~~~~~~~~~~~
/usr/include/c++/15/bits/locale_classes.tcc:135:7: note: to match this ‘(’
  135 |       _GLIBCXX_STD_FACET(money_get<char>);
      |       ^~~~~~~~~~~~~~~~~~
/usr/include/c++/15/bits/locale_classes.tcc:135:7: error: expected ‘)’ before ‘money_get’ [-Wtemplate-body]
  135 |       _GLIBCXX_STD_FACET(money_get<char>);
      |       ^~~~~~~~~~~~~~~~~~
/usr/include/c++/15/bits/locale_classes.tcc:135:7: note: to match this ‘(’
  135 |       _GLIBCXX_STD_FACET(money_get<char>);
      |       ^~~~~~~~~~~~~~~~~~
/usr/include/c++/15/bits/locale_classes.tcc:135:7: error: expected primary-expression before ‘)’ token [-Wtemplate-body]
  135 |       _GLIBCXX_STD_FACET(money_get<char>);
      |       ^~~~~~~~~~~~~~~~~~
/usr/include/c++/15/bits/locale_classes.tcc:136:7: error: expected ‘)’ before ‘money_put’ [-Wtemplate-body]
  136 |       _GLIBCXX_STD_FACET(money_put<char>);
      |       ^~~~~~~~~~~~~~~~~~
/usr/include/c++/15/bits/locale_classes.tcc:136:7: note: to match this ‘(’
  136 |       _GLIBCXX_STD_FACET(money_put<char>);
      |       ^~~~~~~~~~~~~~~~~~
/usr/include/c++/15/bits/locale_classes.tcc:136:7: error: expected ‘)’ before ‘money_put’ [-Wtemplate-body]
  136 |       _GLIBCXX_STD_FACET(money_put<char>);
      |       ^~~~~~~~~~~~~~~~~~
/usr/include/c++/15/bits/locale_classes.tcc:136:7: note: to match this ‘(’
  136 |       _GLIBCXX_STD_FACET(money_put<char>);
      |       ^~~~~~~~~~~~~~~~~~
/usr/include/c++/15/bits/locale_classes.tcc:136:7: error: expected primary-expression before ‘)’ token [-Wtemplate-body]
  136 |       _GLIBCXX_STD_FACET(money_put<char>);
      |       ^~~~~~~~~~~~~~~~~~
/usr/include/c++/15/bits/locale_classes.tcc:137:7: error: expected ‘)’ before ‘numpunct’ [-Wtemplate-body]
  137 |       _GLIBCXX_STD_FACET(numpunct<char>);
      |       ^~~~~~~~~~~~~~~~~~
/usr/include/c++/15/bits/locale_classes.tcc:137:7: note: to match this ‘(’
  137 |       _GLIBCXX_STD_FACET(numpunct<char>);
      |       ^~~~~~~~~~~~~~~~~~
/usr/include/c++/15/bits/locale_classes.tcc:137:7: error: expected ‘)’ before ‘numpunct’ [-Wtemplate-body]
  137 |       _GLIBCXX_STD_FACET(numpunct<char>);
      |       ^~~~~~~~~~~~~~~~~~
/usr/include/c++/15/bits/locale_classes.tcc:137:7: note: to match this ‘(’
  137 |       _GLIBCXX_STD_FACET(numpunct<char>);
      |       ^~~~~~~~~~~~~~~~~~
/usr/include/c++/15/bits/locale_classes.tcc:137:7: error: expected primary-expression before ‘)’ token [-Wtemplate-body]
  137 |       _GLIBCXX_STD_FACET(numpunct<char>);
      |       ^~~~~~~~~~~~~~~~~~
/usr/include/c++/15/bits/locale_classes.tcc:138:7: error: expected ‘)’ before ‘time_get’ [-Wtemplate-body]
  138 |       _GLIBCXX_STD_FACET(time_get<char>);
      |       ^~~~~~~~~~~~~~~~~~
/usr/include/c++/15/bits/locale_classes.tcc:138:7: note: to match this ‘(’
  138 |       _GLIBCXX_STD_FACET(time_get<char>);
      |       ^~~~~~~~~~~~~~~~~~
/usr/include/c++/15/bits/locale_classes.tcc:138:7: error: expected ‘)’ before ‘time_get’ [-Wtemplate-body]
  138 |       _GLIBCXX_STD_FACET(time_get<char>);
      |       ^~~~~~~~~~~~~~~~~~
/usr/include/c++/15/bits/locale_classes.tcc:138:7: note: to match this ‘(’
  138 |       _GLIBCXX_STD_FACET(time_get<char>);
      |       ^~~~~~~~~~~~~~~~~~
/usr/include/c++/15/bits/locale_classes.tcc:138:7: error: expected primary-expression before ‘)’ token [-Wtemplate-body]
  138 |       _GLIBCXX_STD_FACET(time_get<char>);
      |       ^~~~~~~~~~~~~~~~~~
/usr/include/c++/15/bits/locale_classes.tcc:139:7: error: expected ‘)’ before ‘time_put’ [-Wtemplate-body]
  139 |       _GLIBCXX_STD_FACET(time_put<char>);
      |       ^~~~~~~~~~~~~~~~~~
/usr/include/c++/15/bits/locale_classes.tcc:139:7: note: to match this ‘(’
  139 |       _GLIBCXX_STD_FACET(time_put<char>);
      |       ^~~~~~~~~~~~~~~~~~
/usr/include/c++/15/bits/locale_classes.tcc:139:7: error: expected ‘)’ before ‘time_put’ [-Wtemplate-body]
  139 |       _GLIBCXX_STD_FACET(time_put<char>);
      |       ^~~~~~~~~~~~~~~~~~
/usr/include/c++/15/bits/locale_classes.tcc:139:7: note: to match this ‘(’
  139 |       _GLIBCXX_STD_FACET(time_put<char>);
      |       ^~~~~~~~~~~~~~~~~~
/usr/include/c++/15/bits/locale_classes.tcc:139:7: error: expected primary-expression before ‘)’ token [-Wtemplate-body]
  139 |       _GLIBCXX_STD_FACET(time_put<char>);
      |       ^~~~~~~~~~~~~~~~~~
/usr/include/c++/15/bits/locale_classes.tcc:140:7: error: expected ‘)’ before ‘messages’ [-Wtemplate-body]
  140 |       _GLIBCXX_STD_FACET(messages<char>);
      |       ^~~~~~~~~~~~~~~~~~
/usr/include/c++/15/bits/locale_classes.tcc:140:7: note: to match this ‘(’
  140 |       _GLIBCXX_STD_FACET(messages<char>);
      |       ^~~~~~~~~~~~~~~~~~
/usr/include/c++/15/bits/locale_classes.tcc:140:7: error: expected ‘)’ before ‘messages’ [-Wtemplate-body]
  140 |       _GLIBCXX_STD_FACET(messages<char>);
      |       ^~~~~~~~~~~~~~~~~~
/usr/include/c++/15/bits/locale_classes.tcc:140:7: note: to match this ‘(’
  140 |       _GLIBCXX_STD_FACET(messages<char>);
      |       ^~~~~~~~~~~~~~~~~~
/usr/include/c++/15/bits/locale_classes.tcc:140:7: error: expected primary-expression before ‘)’ token [-Wtemplate-body]
  140 |       _GLIBCXX_STD_FACET(messages<char>);
      |       ^~~~~~~~~~~~~~~~~~
/usr/include/c++/15/bits/locale_classes.tcc:143:7: error: expected ‘)’ before ‘ctype’ [-Wtemplate-body]
  143 |       _GLIBCXX_STD_FACET(ctype<wchar_t>);
      |       ^~~~~~~~~~~~~~~~~~
/usr/include/c++/15/bits/locale_classes.tcc:143:7: note: to match this ‘(’
  143 |       _GLIBCXX_STD_FACET(ctype<wchar_t>);
      |       ^~~~~~~~~~~~~~~~~~
/usr/include/c++/15/bits/locale_classes.tcc:143:7: error: expected ‘)’ before ‘ctype’ [-Wtemplate-body]
  143 |       _GLIBCXX_STD_FACET(ctype<wchar_t>);
      |       ^~~~~~~~~~~~~~~~~~
/usr/include/c++/15/bits/locale_classes.tcc:143:7: note: to match this ‘(’
  143 |       _GLIBCXX_STD_FACET(ctype<wchar_t>);
      |       ^~~~~~~~~~~~~~~~~~
/usr/include/c++/15/bits/locale_classes.tcc:143:7: error: expected primary-expression before ‘)’ token [-Wtemplate-body]
  143 |       _GLIBCXX_STD_FACET(ctype<wchar_t>);
      |       ^~~~~~~~~~~~~~~~~~
/usr/include/c++/15/bits/locale_classes.tcc:144:7: error: expected ‘)’ before ‘num_get’ [-Wtemplate-body]
  144 |       _GLIBCXX_STD_FACET(num_get<wchar_t>);
      |       ^~~~~~~~~~~~~~~~~~
/usr/include/c++/15/bits/locale_classes.tcc:144:7: note: to match this ‘(’
  144 |       _GLIBCXX_STD_FACET(num_get<wchar_t>);
      |       ^~~~~~~~~~~~~~~~~~
/usr/include/c++/15/bits/locale_classes.tcc:144:7: error: expected ‘)’ before ‘num_get’ [-Wtemplate-body]
  144 |       _GLIBCXX_STD_FACET(num_get<wchar_t>);
      |       ^~~~~~~~~~~~~~~~~~
/usr/include/c++/15/bits/locale_classes.tcc:144:7: note: to match this ‘(’
  144 |       _GLIBCXX_STD_FACET(num_get<wchar_t>);
      |       ^~~~~~~~~~~~~~~~~~
/usr/include/c++/15/bits/locale_classes.tcc:144:7: error: expected primary-expression before ‘)’ token [-Wtemplate-body]
  144 |       _GLIBCXX_STD_FACET(num_get<wchar_t>);
      |       ^~~~~~~~~~~~~~~~~~
/usr/include/c++/15/bits/locale_classes.tcc:145:7: error: expected ‘)’ before ‘num_put’ [-Wtemplate-body]
  145 |       _GLIBCXX_STD_FACET(num_put<wchar_t>);
      |       ^~~~~~~~~~~~~~~~~~
/usr/include/c++/15/bits/locale_classes.tcc:145:7: note: to match this ‘(’
  145 |       _GLIBCXX_STD_FACET(num_put<wchar_t>);
      |       ^~~~~~~~~~~~~~~~~~
/usr/include/c++/15/bits/locale_classes.tcc:145:7: error: expected ‘)’ before ‘num_put’ [-Wtemplate-body]
  145 |       _GLIBCXX_STD_FACET(num_put<wchar_t>);
      |       ^~~~~~~~~~~~~~~~~~
/usr/include/c++/15/bits/locale_classes.tcc:145:7: note: to match this ‘(’
  145 |       _GLIBCXX_STD_FACET(num_put<wchar_t>);
      |       ^~~~~~~~~~~~~~~~~~
/usr/include/c++/15/bits/locale_classes.tcc:145:7: error: expected primary-expression before ‘)’ token [-Wtemplate-body]
  145 |       _GLIBCXX_STD_FACET(num_put<wchar_t>);
      |       ^~~~~~~~~~~~~~~~~~
/usr/include/c++/15/bits/locale_classes.tcc:146:7: error: expected ‘)’ before ‘codecvt’ [-Wtemplate-body]
  146 |       _GLIBCXX_STD_FACET(codecvt<wchar_t, char, mbstate_t>);
      |       ^~~~~~~~~~~~~~~~~~
/usr/include/c++/15/bits/locale_classes.tcc:146:7: note: to match this ‘(’
  146 |       _GLIBCXX_STD_FACET(codecvt<wchar_t, char, mbstate_t>);
      |       ^~~~~~~~~~~~~~~~~~
/usr/include/c++/15/bits/locale_classes.tcc:146:7: error: expected ‘)’ before ‘codecvt’ [-Wtemplate-body]
  146 |       _GLIBCXX_STD_FACET(codecvt<wchar_t, char, mbstate_t>);
      |       ^~~~~~~~~~~~~~~~~~
/usr/include/c++/15/bits/locale_classes.tcc:146:7: note: to match this ‘(’
  146 |       _GLIBCXX_STD_FACET(codecvt<wchar_t, char, mbstate_t>);
      |       ^~~~~~~~~~~~~~~~~~
/usr/include/c++/15/bits/locale_classes.tcc:146:7: error: expected primary-expression before ‘)’ token [-Wtemplate-body]
  146 |       _GLIBCXX_STD_FACET(codecvt<wchar_t, char, mbstate_t>);
      |       ^~~~~~~~~~~~~~~~~~
/usr/include/c++/15/bits/locale_classes.tcc:147:7: error: expected ‘)’ before ‘collate’ [-Wtemplate-body]
  147 |       _GLIBCXX_STD_FACET(collate<wchar_t>);
      |       ^~~~~~~~~~~~~~~~~~
/usr/include/c++/15/bits/locale_classes.tcc:147:7: note: to match this ‘(’
  147 |       _GLIBCXX_STD_FACET(collate<wchar_t>);
      |       ^~~~~~~~~~~~~~~~~~
/usr/include/c++/15/bits/locale_classes.tcc:147:7: error: expected ‘)’ before ‘collate’ [-Wtemplate-body]
  147 |       _GLIBCXX_STD_FACET(collate<wchar_t>);
      |       ^~~~~~~~~~~~~~~~~~
/usr/include/c++/15/bits/locale_classes.tcc:147:7: note: to match this ‘(’
  147 |       _GLIBCXX_STD_FACET(collate<wchar_t>);
      |       ^~~~~~~~~~~~~~~~~~
/usr/include/c++/15/bits/locale_classes.tcc:147:7: error: expected primary-expression before ‘)’ token [-Wtemplate-body]
  147 |       _GLIBCXX_STD_FACET(collate<wchar_t>);
      |       ^~~~~~~~~~~~~~~~~~
/usr/include/c++/15/bits/locale_classes.tcc:148:7: error: expected ‘)’ before ‘moneypunct’ [-Wtemplate-body]
  148 |       _GLIBCXX_STD_FACET(moneypunct<wchar_t>);
      |       ^~~~~~~~~~~~~~~~~~
/usr/include/c++/15/bits/locale_classes.tcc:148:7: note: to match this ‘(’
  148 |       _GLIBCXX_STD_FACET(moneypunct<wchar_t>);
      |       ^~~~~~~~~~~~~~~~~~
/usr/include/c++/15/bits/locale_classes.tcc:148:7: error: expected ‘)’ before ‘moneypunct’ [-Wtemplate-body]
  148 |       _GLIBCXX_STD_FACET(moneypunct<wchar_t>);
      |       ^~~~~~~~~~~~~~~~~~
/usr/include/c++/15/bits/locale_classes.tcc:148:7: note: to match this ‘(’
  148 |       _GLIBCXX_STD_FACET(moneypunct<wchar_t>);
      |       ^~~~~~~~~~~~~~~~~~
/usr/include/c++/15/bits/locale_classes.tcc:148:7: error: expected primary-expression before ‘)’ token [-Wtemplate-body]
  148 |       _GLIBCXX_STD_FACET(moneypunct<wchar_t>);
      |       ^~~~~~~~~~~~~~~~~~
/usr/include/c++/15/bits/locale_classes.tcc:149:7: error: expected ‘)’ before ‘moneypunct’ [-Wtemplate-body]
  149 |       _GLIBCXX_STD_FACET(moneypunct<wchar_t, true>);
      |       ^~~~~~~~~~~~~~~~~~
/usr/include/c++/15/bits/locale_classes.tcc:149:7: note: to match this ‘(’
  149 |       _GLIBCXX_STD_FACET(moneypunct<wchar_t, true>);
      |       ^~~~~~~~~~~~~~~~~~
/usr/include/c++/15/bits/locale_classes.tcc:149:7: error: expected ‘)’ before ‘moneypunct’ [-Wtemplate-body]
  149 |       _GLIBCXX_STD_FACET(moneypunct<wchar_t, true>);
      |       ^~~~~~~~~~~~~~~~~~
/usr/include/c++/15/bits/locale_classes.tcc:149:7: note: to match this ‘(’
  149 |       _GLIBCXX_STD_FACET(moneypunct<wchar_t, true>);
      |       ^~~~~~~~~~~~~~~~~~
/usr/include/c++/15/bits/locale_classes.tcc:149:7: error: expected primary-expression before ‘)’ token [-Wtemplate-body]
  149 |       _GLIBCXX_STD_FACET(moneypunct<wchar_t, true>);
      |       ^~~~~~~~~~~~~~~~~~
/usr/include/c++/15/bits/locale_classes.tcc:150:7: error: expected ‘)’ before ‘money_get’ [-Wtemplate-body]
  150 |       _GLIBCXX_STD_FACET(money_get<wchar_t>);
      |       ^~~~~~~~~~~~~~~~~~
/usr/include/c++/15/bits/locale_classes.tcc:150:7: note: to match this ‘(’
  150 |       _GLIBCXX_STD_FACET(money_get<wchar_t>);
      |       ^~~~~~~~~~~~~~~~~~
/usr/include/c++/15/bits/locale_classes.tcc:150:7: error: expected ‘)’ before ‘money_get’ [-Wtemplate-body]
  150 |       _GLIBCXX_STD_FACET(money_get<wchar_t>);
      |       ^~~~~~~~~~~~~~~~~~
/usr/include/c++/15/bits/locale_classes.tcc:150:7: note: to match this ‘(’
  150 |       _GLIBCXX_STD_FACET(money_get<wchar_t>);
      |       ^~~~~~~~~~~~~~~~~~
/usr/include/c++/15/bits/locale_classes.tcc:150:7: error: expected primary-expression before ‘)’ token [-Wtemplate-body]
  150 |       _GLIBCXX_STD_FACET(money_get<wchar_t>);
      |       ^~~~~~~~~~~~~~~~~~
/usr/include/c++/15/bits/locale_classes.tcc:151:7: error: expected ‘)’ before ‘money_put’ [-Wtemplate-body]
  151 |       _GLIBCXX_STD_FACET(money_put<wchar_t>);
      |       ^~~~~~~~~~~~~~~~~~
/usr/include/c++/15/bits/locale_classes.tcc:151:7: note: to match this ‘(’
  151 |       _GLIBCXX_STD_FACET(money_put<wchar_t>);
      |       ^~~~~~~~~~~~~~~~~~
/usr/include/c++/15/bits/locale_classes.tcc:151:7: error: expected ‘)’ before ‘money_put’ [-Wtemplate-body]
  151 |       _GLIBCXX_STD_FACET(money_put<wchar_t>);
      |       ^~~~~~~~~~~~~~~~~~
/usr/include/c++/15/bits/locale_classes.tcc:151:7: note: to match this ‘(’
  151 |       _GLIBCXX_STD_FACET(money_put<wchar_t>);
      |       ^~~~~~~~~~~~~~~~~~
/usr/include/c++/15/bits/locale_classes.tcc:151:7: error: expected primary-expression before ‘)’ token [-Wtemplate-body]
  151 |       _GLIBCXX_STD_FACET(money_put<wchar_t>);
      |       ^~~~~~~~~~~~~~~~~~
/usr/include/c++/15/bits/locale_classes.tcc:152:7: error: expected ‘)’ before ‘numpunct’ [-Wtemplate-body]
  152 |       _GLIBCXX_STD_FACET(numpunct<wchar_t>);
      |       ^~~~~~~~~~~~~~~~~~
/usr/include/c++/15/bits/locale_classes.tcc:152:7: note: to match this ‘(’
  152 |       _GLIBCXX_STD_FACET(numpunct<wchar_t>);
      |       ^~~~~~~~~~~~~~~~~~
/usr/include/c++/15/bits/locale_classes.tcc:152:7: error: expected ‘)’ before ‘numpunct’ [-Wtemplate-body]
  152 |       _GLIBCXX_STD_FACET(numpunct<wchar_t>);
      |       ^~~~~~~~~~~~~~~~~~
/usr/include/c++/15/bits/locale_classes.tcc:152:7: note: to match this ‘(’
  152 |       _GLIBCXX_STD_FACET(numpunct<wchar_t>);
      |       ^~~~~~~~~~~~~~~~~~
/usr/include/c++/15/bits/locale_classes.tcc:152:7: error: expected primary-expression before ‘)’ token [-Wtemplate-body]
  152 |       _GLIBCXX_STD_FACET(numpunct<wchar_t>);
      |       ^~~~~~~~~~~~~~~~~~
/usr/include/c++/15/bits/locale_classes.tcc:153:7: error: expected ‘)’ before ‘time_get’ [-Wtemplate-body]
  153 |       _GLIBCXX_STD_FACET(time_get<wchar_t>);
      |       ^~~~~~~~~~~~~~~~~~
/usr/include/c++/15/bits/locale_classes.tcc:153:7: note: to match this ‘(’
  153 |       _GLIBCXX_STD_FACET(time_get<wchar_t>);
      |       ^~~~~~~~~~~~~~~~~~
/usr/include/c++/15/bits/locale_classes.tcc:153:7: error: expected ‘)’ before ‘time_get’ [-Wtemplate-body]
  153 |       _GLIBCXX_STD_FACET(time_get<wchar_t>);
      |       ^~~~~~~~~~~~~~~~~~
/usr/include/c++/15/bits/locale_classes.tcc:153:7: note: to match this ‘(’
  153 |       _GLIBCXX_STD_FACET(time_get<wchar_t>);
      |       ^~~~~~~~~~~~~~~~~~
/usr/include/c++/15/bits/locale_classes.tcc:153:7: error: expected primary-expression before ‘)’ token [-Wtemplate-body]
  153 |       _GLIBCXX_STD_FACET(time_get<wchar_t>);
      |       ^~~~~~~~~~~~~~~~~~
/usr/include/c++/15/bits/locale_classes.tcc:154:7: error: expected ‘)’ before ‘time_put’ [-Wtemplate-body]
  154 |       _GLIBCXX_STD_FACET(time_put<wchar_t>);
      |       ^~~~~~~~~~~~~~~~~~
/usr/include/c++/15/bits/locale_classes.tcc:154:7: note: to match this ‘(’
  154 |       _GLIBCXX_STD_FACET(time_put<wchar_t>);
      |       ^~~~~~~~~~~~~~~~~~
/usr/include/c++/15/bits/locale_classes.tcc:154:7: error: expected ‘)’ before ‘time_put’ [-Wtemplate-body]
  154 |       _GLIBCXX_STD_FACET(time_put<wchar_t>);
      |       ^~~~~~~~~~~~~~~~~~
/usr/include/c++/15/bits/locale_classes.tcc:154:7: note: to match this ‘(’
  154 |       _GLIBCXX_STD_FACET(time_put<wchar_t>);
      |       ^~~~~~~~~~~~~~~~~~
/usr/include/c++/15/bits/locale_classes.tcc:154:7: error: expected primary-expression before ‘)’ token [-Wtemplate-body]
  154 |       _GLIBCXX_STD_FACET(time_put<wchar_t>);
      |       ^~~~~~~~~~~~~~~~~~
/usr/include/c++/15/bits/locale_classes.tcc:155:7: error: expected ‘)’ before ‘messages’ [-Wtemplate-body]
  155 |       _GLIBCXX_STD_FACET(messages<wchar_t>);
      |       ^~~~~~~~~~~~~~~~~~
/usr/include/c++/15/bits/locale_classes.tcc:155:7: note: to match this ‘(’
  155 |       _GLIBCXX_STD_FACET(messages<wchar_t>);
      |       ^~~~~~~~~~~~~~~~~~
/usr/include/c++/15/bits/locale_classes.tcc:155:7: error: expected ‘)’ before ‘messages’ [-Wtemplate-body]
  155 |       _GLIBCXX_STD_FACET(messages<wchar_t>);
      |       ^~~~~~~~~~~~~~~~~~
/usr/include/c++/15/bits/locale_classes.tcc:155:7: note: to match this ‘(’
  155 |       _GLIBCXX_STD_FACET(messages<wchar_t>);
      |       ^~~~~~~~~~~~~~~~~~
/usr/include/c++/15/bits/locale_classes.tcc:155:7: error: expected primary-expression before ‘)’ token [-Wtemplate-body]
  155 |       _GLIBCXX_STD_FACET(messages<wchar_t>);
      |       ^~~~~~~~~~~~~~~~~~
/usr/include/c++/15/bits/locale_classes.tcc:158:7: error: expected ‘)’ before ‘codecvt’ [-Wtemplate-body]
  158 |       _GLIBCXX_STD_FACET(codecvt<char16_t, char, mbstate_t>);
      |       ^~~~~~~~~~~~~~~~~~
/usr/include/c++/15/bits/locale_classes.tcc:158:7: note: to match this ‘(’
  158 |       _GLIBCXX_STD_FACET(codecvt<char16_t, char, mbstate_t>);
      |       ^~~~~~~~~~~~~~~~~~
/usr/include/c++/15/bits/locale_classes.tcc:158:7: error: expected ‘)’ before ‘codecvt’ [-Wtemplate-body]
  158 |       _GLIBCXX_STD_FACET(codecvt<char16_t, char, mbstate_t>);
      |       ^~~~~~~~~~~~~~~~~~
/usr/include/c++/15/bits/locale_classes.tcc:158:7: note: to match this ‘(’
  158 |       _GLIBCXX_STD_FACET(codecvt<char16_t, char, mbstate_t>);
      |       ^~~~~~~~~~~~~~~~~~
/usr/include/c++/15/bits/locale_classes.tcc:158:7: error: expected primary-expression before ‘)’ token [-Wtemplate-body]
  158 |       _GLIBCXX_STD_FACET(codecvt<char16_t, char, mbstate_t>);
      |       ^~~~~~~~~~~~~~~~~~
/usr/include/c++/15/bits/locale_classes.tcc:159:7: error: expected ‘)’ before ‘codecvt’ [-Wtemplate-body]
  159 |       _GLIBCXX_STD_FACET(codecvt<char32_t, char, mbstate_t>);
      |       ^~~~~~~~~~~~~~~~~~
/usr/include/c++/15/bits/locale_classes.tcc:159:7: note: to match this ‘(’
  159 |       _GLIBCXX_STD_FACET(codecvt<char32_t, char, mbstate_t>);
      |       ^~~~~~~~~~~~~~~~~~
/usr/include/c++/15/bits/locale_classes.tcc:159:7: error: expected ‘)’ before ‘codecvt’ [-Wtemplate-body]
  159 |       _GLIBCXX_STD_FACET(codecvt<char32_t, char, mbstate_t>);
      |       ^~~~~~~~~~~~~~~~~~
/usr/include/c++/15/bits/locale_classes.tcc:159:7: note: to match this ‘(’
  159 |       _GLIBCXX_STD_FACET(codecvt<char32_t, char, mbstate_t>);
      |       ^~~~~~~~~~~~~~~~~~
/usr/include/c++/15/bits/locale_classes.tcc:159:7: error: expected primary-expression before ‘)’ token [-Wtemplate-body]
  159 |       _GLIBCXX_STD_FACET(codecvt<char32_t, char, mbstate_t>);
      |       ^~~~~~~~~~~~~~~~~~
/usr/include/c++/15/bits/locale_classes.tcc: In function ‘const _Facet& fx2_weight_adaptive_neighbor_v1::std::use_facet(const locale&)’:
/usr/include/c++/15/bits/locale_classes.tcc:230:7: error: there are no arguments to ‘__throw_bad_cast’ that depend on a template parameter, so a declaration of ‘__throw_bad_cast’ must be available [-Wtemplate-body]
  230 |       __throw_bad_cast();
      |       ^~~~~~~~~~~~~~~~
/usr/include/c++/15/bits/locale_classes.tcc:230:7: note: (if you use ‘-fpermissive’, G++ will accept your code, but allowing the use of an undeclared name is deprecated)
/usr/include/c++/15/bits/locale_classes.tcc: At global scope:
/usr/include/c++/15/bits/locale_classes.tcc:238:12: error: expected initializer before ‘<’ token
  238 |     collate<_CharT>::_M_compare(const _CharT*, const _CharT*) const throw ()
      |            ^
/usr/include/c++/15/bits/locale_classes.tcc:244:12: error: expected initializer before ‘<’ token
  244 |     collate<_CharT>::_M_transform(_CharT*, const _CharT*, size_t) const throw ()
      |            ^
/usr/include/c++/15/bits/locale_classes.tcc:249:12: error: expected initializer before ‘<’ token
  249 |     collate<_CharT>::
      |            ^
/usr/include/c++/15/bits/locale_classes.tcc:287:14: error: expected nested-name-specifier before ‘collate’
  287 |     typename collate<_CharT>::string_type
      |              ^~~~~~~
/usr/include/c++/15/bits/locale_classes.tcc:287:21: error: expected initializer before ‘<’ token
  287 |     typename collate<_CharT>::string_type
      |                     ^
/usr/include/c++/15/bits/locale_classes.tcc:377:12: error: expected initializer before ‘<’ token
  377 |     collate<_CharT>::
      |            ^
/usr/include/c++/15/bits/locale_classes.tcc:392:25: error: ‘collate’ is not a class template
  392 |   extern template class collate<char>;
      |                         ^~~~~~~
/usr/include/c++/15/bits/locale_classes.tcc:392:25: error: explicit instantiation of non-template type ‘fx2_weight_adaptive_neighbor_v1::std::collate’
/usr/include/c++/15/bits/locale_classes.tcc:393:25: error: ‘collate_byname’ is not a class template
  393 |   extern template class collate_byname<char>;
      |                         ^~~~~~~~~~~~~~
/usr/include/c++/15/bits/locale_classes.tcc:393:25: error: explicit instantiation of non-template type ‘fx2_weight_adaptive_neighbor_v1::std::collate_byname’
/usr/include/c++/15/bits/locale_classes.tcc:396:11: error: ‘fx2_weight_adaptive_neighbor_v1::std::collate’ is not a template
  396 |     const collate<char>*
      |           ^~~~~~~
/usr/include/c++/15/bits/locale_classes.tcc:397:21: error: ‘fx2_weight_adaptive_neighbor_v1::std::collate’ is not a template
  397 |     __try_use_facet<collate<char> >(const locale&) _GLIBCXX_NOTHROW;
      |                     ^~~~~~~
/usr/include/c++/15/bits/locale_classes.tcc:400:11: error: ‘fx2_weight_adaptive_neighbor_v1::std::collate’ is not a template
  400 |     const collate<char>&
      |           ^~~~~~~
/usr/include/c++/15/bits/locale_classes.tcc:401:15: error: ‘fx2_weight_adaptive_neighbor_v1::std::collate’ is not a template
  401 |     use_facet<collate<char> >(const locale&);
      |               ^~~~~~~
/usr/include/c++/15/bits/locale_classes.tcc:405:15: error: ‘fx2_weight_adaptive_neighbor_v1::std::collate’ is not a template
  405 |     has_facet<collate<char> >(const locale&);
      |               ^~~~~~~
/usr/include/c++/15/bits/locale_classes.tcc:408:25: error: ‘collate’ is not a class template
  408 |   extern template class collate<wchar_t>;
      |                         ^~~~~~~
/usr/include/c++/15/bits/locale_classes.tcc:408:25: error: explicit instantiation of non-template type ‘fx2_weight_adaptive_neighbor_v1::std::collate’
/usr/include/c++/15/bits/locale_classes.tcc:409:25: error: ‘collate_byname’ is not a class template
  409 |   extern template class collate_byname<wchar_t>;
      |                         ^~~~~~~~~~~~~~
/usr/include/c++/15/bits/locale_classes.tcc:409:25: error: explicit instantiation of non-template type ‘fx2_weight_adaptive_neighbor_v1::std::collate_byname’
/usr/include/c++/15/bits/locale_classes.tcc:412:11: error: ‘fx2_weight_adaptive_neighbor_v1::std::collate’ is not a template
  412 |     const collate<wchar_t>*
      |           ^~~~~~~
/usr/include/c++/15/bits/locale_classes.tcc:413:21: error: ‘fx2_weight_adaptive_neighbor_v1::std::collate’ is not a template
  413 |     __try_use_facet<collate<wchar_t> >(const locale&) _GLIBCXX_NOTHROW;
      |                     ^~~~~~~
/usr/include/c++/15/bits/locale_classes.tcc:416:11: error: ‘fx2_weight_adaptive_neighbor_v1::std::collate’ is not a template
  416 |     const collate<wchar_t>&
      |           ^~~~~~~
/usr/include/c++/15/bits/locale_classes.tcc:417:15: error: ‘fx2_weight_adaptive_neighbor_v1::std::collate’ is not a template
  417 |     use_facet<collate<wchar_t> >(const locale&);
      |               ^~~~~~~
/usr/include/c++/15/bits/locale_classes.tcc:421:15: error: ‘fx2_weight_adaptive_neighbor_v1::std::collate’ is not a template
  421 |     has_facet<collate<wchar_t> >(const locale&);
      |               ^~~~~~~
In file included from /usr/include/c++/15/bits/ios_base.h:48:
/usr/include/c++/15/system_error:64:51: error: expected class-name before ‘{’ token [-Wtemplate-body]
   64 |     struct is_error_code_enum : public false_type { };
      |                                                   ^
/usr/include/c++/15/system_error:68:56: error: expected class-name before ‘{’ token [-Wtemplate-body]
   68 |     struct is_error_condition_enum : public false_type { };
      |                                                        ^
/usr/include/c++/15/system_error:72:24: error: expected class-name before ‘{’ token
   72 |     : public true_type { };
      |                        ^
/usr/include/c++/15/system_error:129:13: error: ‘__cow_string’ does not name a type
  129 |     virtual __cow_string
      |             ^~~~~~~~~~~~
/usr/include/c++/15/system_error:135:13: error: ‘string’ does not name a type; did you mean ‘stdin’?
  135 |     virtual string
      |             ^~~~~~
      |             stdin
/usr/include/c++/15/system_error: In member function ‘bool fx2_weight_adaptive_neighbor_v1::std::_V2::error_category::operator<(const fx2_weight_adaptive_neighbor_v1::std::_V2::error_category&) const’:
/usr/include/c++/15/system_error:174:14: error: ‘less’ was not declared in this scope; did you mean ‘std::less’?
  174 |     { return less<const error_category*>()(this, &__other); }
      |              ^~~~
      |              std::less
/usr/include/c++/15/bits/stl_function.h:359:12: note: ‘std::less’ declared here
  359 |     struct less;
      |            ^~~~
/usr/include/c++/15/system_error:174:19: error: expected primary-expression before ‘const’
  174 |     { return less<const error_category*>()(this, &__other); }
      |                   ^~~~~
/usr/include/c++/15/system_error:174:19: error: expected ‘;’ before ‘const’
/usr/include/c++/15/system_error:174:40: error: expected unqualified-id before ‘>’ token
  174 |     { return less<const error_category*>()(this, &__other); }
      |                                        ^
/usr/include/c++/15/system_error: At global scope:
/usr/include/c++/15/system_error:229:11: error: ‘__enable_if_t’ does not name a type
  229 |         = __enable_if_t<is_error_code_enum<_ErrorCodeEnum>::value>;
      |           ^~~~~~~~~~~~~
/usr/include/c++/15/system_error:240:25: error: ‘_Check’ does not name a type
  240 |              typename = _Check<_ErrorCodeEnum>>
      |                         ^~~~~~
/usr/include/c++/15/system_error:240:31: error: expected ‘>’ before ‘<’ token
  240 |              typename = _Check<_ErrorCodeEnum>>
      |                               ^
/usr/include/c++/15/system_error:277:5: error: ‘string’ does not name a type; did you mean ‘stdin’?
  277 |     string
      |     ^~~~~~
      |     stdin
/usr/include/c++/15/system_error:340:5: error: ‘basic_ostream’ does not name a type
  340 |     basic_ostream<_CharT, _Traits>&
      |     ^~~~~~~~~~~~~
/usr/include/c++/15/system_error:360:11: error: ‘__enable_if_t’ does not name a type
  360 |         = __enable_if_t<is_error_condition_enum<_ErrorConditionEnum>::value>;
      |           ^~~~~~~~~~~~~
/usr/include/c++/15/system_error:373:25: error: ‘_Check’ does not name a type
  373 |              typename = _Check<_ErrorConditionEnum>>
      |                         ^~~~~~
/usr/include/c++/15/system_error:373:31: error: expected ‘>’ before ‘<’ token
  373 |              typename = _Check<_ErrorConditionEnum>>
      |                               ^
/usr/include/c++/15/system_error:410:5: error: ‘string’ does not name a type; did you mean ‘stdin’?
  410 |     string
      |     ^~~~~~
      |     stdin
/usr/include/c++/15/system_error:559:3: error: expected class-name before ‘{’ token
  559 |   {
      |   ^
/usr/include/c++/15/system_error:567:41: error: ‘string’ does not name a type; did you mean ‘stdin’?
  567 |     system_error(error_code __ec, const string& __what)
      |                                         ^~~~~~
      |                                         stdin
/usr/include/c++/15/system_error:580:63: error: ‘string’ does not name a type; did you mean ‘stdin’?
  580 |     system_error(int __v, const error_category& __ecat, const string& __what)
      |                                                               ^~~~~~
      |                                                               stdin
/usr/include/c++/15/system_error: In constructor ‘fx2_weight_adaptive_neighbor_v1::std::system_error::system_error(fx2_weight_adaptive_neighbor_v1::std::error_code)’:
/usr/include/c++/15/system_error:565:7: error: class ‘fx2_weight_adaptive_neighbor_v1::std::system_error’ does not have any field named ‘runtime_error’
  565 |     : runtime_error(__ec.message()), _M_code(__ec) { }
      |       ^~~~~~~~~~~~~
/usr/include/c++/15/system_error:565:26: error: ‘class fx2_weight_adaptive_neighbor_v1::std::error_code’ has no member named ‘message’
  565 |     : runtime_error(__ec.message()), _M_code(__ec) { }
      |                          ^~~~~~~
/usr/include/c++/15/system_error: In constructor ‘fx2_weight_adaptive_neighbor_v1::std::system_error::system_error(fx2_weight_adaptive_neighbor_v1::std::error_code, const int&)’:
/usr/include/c++/15/system_error:568:7: error: class ‘fx2_weight_adaptive_neighbor_v1::std::system_error’ does not have any field named ‘runtime_error’
  568 |     : runtime_error(__what + (": " + __ec.message())), _M_code(__ec) { }
      |       ^~~~~~~~~~~~~
/usr/include/c++/15/system_error:568:43: error: ‘class fx2_weight_adaptive_neighbor_v1::std::error_code’ has no member named ‘message’
  568 |     : runtime_error(__what + (": " + __ec.message())), _M_code(__ec) { }
      |                                           ^~~~~~~
/usr/include/c++/15/system_error: In constructor ‘fx2_weight_adaptive_neighbor_v1::std::system_error::system_error(fx2_weight_adaptive_neighbor_v1::std::error_code, const char*)’:
/usr/include/c++/15/system_error:571:7: error: class ‘fx2_weight_adaptive_neighbor_v1::std::system_error’ does not have any field named ‘runtime_error’
  571 |     : runtime_error(__what + (": " + __ec.message())), _M_code(__ec) { }
      |       ^~~~~~~~~~~~~
/usr/include/c++/15/system_error:571:43: error: ‘class fx2_weight_adaptive_neighbor_v1::std::error_code’ has no member named ‘message’
  571 |     : runtime_error(__what + (": " + __ec.message())), _M_code(__ec) { }
      |                                           ^~~~~~~
/usr/include/c++/15/system_error: In constructor ‘fx2_weight_adaptive_neighbor_v1::std::system_error::system_error(int, const fx2_weight_adaptive_neighbor_v1::std::_V2::error_category&)’:
/usr/include/c++/15/system_error:577:7: error: class ‘fx2_weight_adaptive_neighbor_v1::std::system_error’ does not have any field named ‘runtime_error’
  577 |     : runtime_error(error_code(__v, __ecat).message()),
      |       ^~~~~~~~~~~~~
/usr/include/c++/15/system_error:577:45: error: ‘class fx2_weight_adaptive_neighbor_v1::std::error_code’ has no member named ‘message’
  577 |     : runtime_error(error_code(__v, __ecat).message()),
      |                                             ^~~~~~~
/usr/include/c++/15/system_error: In constructor ‘fx2_weight_adaptive_neighbor_v1::std::system_error::system_error(int, const fx2_weight_adaptive_neighbor_v1::std::_V2::error_category&, const int&)’:
/usr/include/c++/15/system_error:581:7: error: class ‘fx2_weight_adaptive_neighbor_v1::std::system_error’ does not have any field named ‘runtime_error’
  581 |     : runtime_error(__what + (": " + error_code(__v, __ecat).message())),
      |       ^~~~~~~~~~~~~
/usr/include/c++/15/system_error:581:62: error: ‘class fx2_weight_adaptive_neighbor_v1::std::error_code’ has no member named ‘message’
  581 |     : runtime_error(__what + (": " + error_code(__v, __ecat).message())),
      |                                                              ^~~~~~~
/usr/include/c++/15/system_error: At global scope:
/usr/include/c++/15/system_error:609:12: error: ‘hash’ is not a class template
  609 |     struct hash<error_code>
      |            ^~~~
/usr/include/c++/15/system_error:610:25: error: expected template-name before ‘<’ token
  610 |     : public __hash_base<size_t, error_code>
      |                         ^
/usr/include/c++/15/system_error:610:25: error: expected ‘{’ before ‘<’ token
/usr/include/c++/15/system_error:626:12: error: ‘hash’ is not a class template
  626 |     struct hash<error_condition>
      |            ^~~~
/usr/include/c++/15/system_error:626:32: error: ‘fx2_weight_adaptive_neighbor_v1::std::hash’ is not a template
  626 |     struct hash<error_condition>
      |                                ^
/usr/include/c++/15/system_error:609:12: note: previous declaration here
  609 |     struct hash<error_code>
      |            ^~~~
/usr/include/c++/15/system_error:627:25: error: expected template-name before ‘<’ token
  627 |     : public __hash_base<size_t, error_condition>
      |                         ^
/usr/include/c++/15/bits/ios_base.h:238:69: error: expected class-name before ‘{’ token
  238 |   template <> struct is_error_code_enum<io_errc> : public true_type { };
      |                                                                     ^
/usr/include/c++/15/bits/ios_base.h:296:21: error: ‘string’ does not name a type; did you mean ‘stdin’?
  296 |       failure(const string& __str);
      |                     ^~~~~~
      |                     stdin
/usr/include/c++/15/bits/ios_base.h:300:21: error: ‘string’ does not name a type; did you mean ‘stdin’?
  300 |       failure(const string&, const error_code&);
      |                     ^~~~~~
      |                     stdin
/usr/include/c++/15/bits/ios_base.h:589:5: error: ‘streamsize’ does not name a type
  589 |     streamsize          _M_precision;
      |     ^~~~~~~~~~
/usr/include/c++/15/bits/ios_base.h:590:5: error: ‘streamsize’ does not name a type
  590 |     streamsize          _M_width;
      |     ^~~~~~~~~~
/usr/include/c++/15/bits/ios_base.h:764:5: error: ‘streamsize’ does not name a type
  764 |     streamsize
      |     ^~~~~~~~~~
/usr/include/c++/15/bits/ios_base.h:773:5: error: ‘streamsize’ does not name a type
  773 |     streamsize
      |     ^~~~~~~~~~
/usr/include/c++/15/bits/ios_base.h:788:5: error: ‘streamsize’ does not name a type
  788 |     streamsize
      |     ^~~~~~~~~~
/usr/include/c++/15/bits/ios_base.h:797:5: error: ‘streamsize’ does not name a type
  797 |     streamsize
      |     ^~~~~~~~~~
/usr/include/c++/15/bits/ios_base.h:303:57: error: could not convert ‘fx2_weight_adaptive_neighbor_v1::std::io_errc::stream’ from ‘fx2_weight_adaptive_neighbor_v1::std::io_errc’ to ‘const fx2_weight_adaptive_neighbor_v1::std::error_code&’
  303 |       failure(const char*, const error_code& = io_errc::stream);
      |                                                ~~~~~~~~~^~~~~~
      |                                                         |
      |                                                         fx2_weight_adaptive_neighbor_v1::std::io_errc
In file included from /usr/include/c++/15/ios:47:
/usr/include/c++/15/streambuf:56:5: error: ‘streamsize’ does not name a type
   56 |     streamsize
      |     ^~~~~~~~~~
/usr/include/c++/15/streambuf:147:20: error: ‘basic_ios’ is not a class template [-Wtemplate-body]
  147 |       friend class basic_ios<char_type, traits_type>;
      |                    ^~~~~~~~~
/usr/include/c++/15/streambuf:148:20: error: ‘basic_istream’ is not a class template [-Wtemplate-body]
  148 |       friend class basic_istream<char_type, traits_type>;
      |                    ^~~~~~~~~~~~~
/usr/include/c++/15/streambuf:149:20: error: ‘basic_ostream’ is not a class template [-Wtemplate-body]
  149 |       friend class basic_ostream<char_type, traits_type>;
      |                    ^~~~~~~~~~~~~
/usr/include/c++/15/streambuf:150:20: error: ‘istreambuf_iterator’ is not a class template [-Wtemplate-body]
  150 |       friend class istreambuf_iterator<char_type, traits_type>;
      |                    ^~~~~~~~~~~~~~~~~~~
/usr/include/c++/15/streambuf:151:20: error: ‘ostreambuf_iterator’ is not a class template [-Wtemplate-body]
  151 |       friend class ostreambuf_iterator<char_type, traits_type>;
      |                    ^~~~~~~~~~~~~~~~~~~
/usr/include/c++/15/streambuf:153:14: error: ‘streamsize’ does not name a type [-Wtemplate-body]
  153 |       friend streamsize
      |              ^~~~~~~~~~
/usr/include/c++/15/streambuf:157:36: error: ‘__enable_if’ in namespace ‘fx2_weight_adaptive_neighbor_v1::__gnu_cxx’ does not name a template type [-Wtemplate-body]
  157 |         friend typename __gnu_cxx::__enable_if<__is_char<_CharT2>::__value,
      |                                    ^~~~~~~~~~~
/usr/include/c++/15/streambuf:157:47: error: expected unqualified-id before ‘<’ token [-Wtemplate-body]
  157 |         friend typename __gnu_cxx::__enable_if<__is_char<_CharT2>::__value,
      |                                               ^
/usr/include/c++/15/streambuf:163:36: error: ‘__enable_if’ in namespace ‘fx2_weight_adaptive_neighbor_v1::__gnu_cxx’ does not name a template type [-Wtemplate-body]
  163 |         friend typename __gnu_cxx::__enable_if<__is_char<_CharT2>::__value,
      |                                    ^~~~~~~~~~~
/usr/include/c++/15/streambuf:163:47: error: expected unqualified-id before ‘<’ token [-Wtemplate-body]
  163 |         friend typename __gnu_cxx::__enable_if<__is_char<_CharT2>::__value,
      |                                               ^
/usr/include/c++/15/streambuf:169:36: error: ‘__enable_if’ in namespace ‘fx2_weight_adaptive_neighbor_v1::__gnu_cxx’ does not name a template type [-Wtemplate-body]
  169 |         friend typename __gnu_cxx::__enable_if<__is_char<_CharT2>::__value,
      |                                    ^~~~~~~~~~~
/usr/include/c++/15/streambuf:169:47: error: expected unqualified-id before ‘<’ token [-Wtemplate-body]
  169 |         friend typename __gnu_cxx::__enable_if<__is_char<_CharT2>::__value,
      |                                               ^
/usr/include/c++/15/streambuf:173:37: error: ‘istream’ has not been declared [-Wtemplate-body]
  173 |       friend void __istream_extract(istream&, char*, streamsize);
      |                                     ^~~~~~~
/usr/include/c++/15/streambuf:173:54: error: ‘streamsize’ has not been declared [-Wtemplate-body]
  173 |       friend void __istream_extract(istream&, char*, streamsize);
      |                                                      ^~~~~~~~~~
/usr/include/c++/15/streambuf:176:16: error: ‘basic_istream’ does not name a type; did you mean ‘basic_streambuf’? [-Wtemplate-body]
  176 |         friend basic_istream<_CharT2, _Traits2>&
      |                ^~~~~~~~~~~~~
      |                basic_streambuf
/usr/include/c++/15/streambuf:181:16: error: ‘basic_istream’ does not name a type; did you mean ‘basic_streambuf’? [-Wtemplate-body]
  181 |         friend basic_istream<_CharT2, _Traits2>&
      |                ^~~~~~~~~~~~~
      |                basic_streambuf
/usr/include/c++/15/streambuf:248:33: error: ‘streamsize’ has not been declared [-Wtemplate-body]
  248 |       pubsetbuf(char_type* __s, streamsize __n)
      |                                 ^~~~~~~~~~
/usr/include/c++/15/streambuf:292:7: error: ‘streamsize’ does not name a type [-Wtemplate-body]
  292 |       streamsize
      |       ^~~~~~~~~~
/usr/include/c++/15/streambuf:365:7: error: ‘streamsize’ does not name a type [-Wtemplate-body]
  365 |       streamsize
      |       ^~~~~~~~~~
/usr/include/c++/15/streambuf:458:7: error: ‘streamsize’ does not name a type [-Wtemplate-body]
  458 |       streamsize
      |       ^~~~~~~~~~
/usr/include/c++/15/streambuf:605:26: error: ‘streamsize’ has not been declared [-Wtemplate-body]
  605 |       setbuf(char_type*, streamsize)
      |                          ^~~~~~~~~~
/usr/include/c++/15/streambuf:662:15: error: ‘streamsize’ does not name a type [-Wtemplate-body]
  662 |       virtual streamsize
      |               ^~~~~~~~~~
/usr/include/c++/15/streambuf:678:15: error: ‘streamsize’ does not name a type [-Wtemplate-body]
  678 |       virtual streamsize
      |               ^~~~~~~~~~
/usr/include/c++/15/streambuf:755:15: error: ‘streamsize’ does not name a type [-Wtemplate-body]
  755 |       virtual streamsize
      |               ^~~~~~~~~~
/usr/include/c++/15/streambuf:809:20: error: ‘streamsize’ has not been declared [-Wtemplate-body]
  809 |       __safe_gbump(streamsize __n) { _M_in_cur += __n; }
      |                    ^~~~~~~~~~
/usr/include/c++/15/streambuf:812:20: error: ‘streamsize’ has not been declared [-Wtemplate-body]
  812 |       __safe_pbump(streamsize __n) { _M_out_cur += __n; }
      |                    ^~~~~~~~~~
/usr/include/c++/15/streambuf: In member function ‘void fx2_weight_adaptive_neighbor_v1::std::basic_streambuf<_CharT, _Traits>::swap(fx2_weight_adaptive_neighbor_v1::std::basic_streambuf<_CharT, _Traits>&)’:
/usr/include/c++/15/streambuf:828:14: error: ‘swap’ is not a member of ‘fx2_weight_adaptive_neighbor_v1::std’ [-Wtemplate-body]
  828 |         std::swap(_M_in_beg, __sb._M_in_beg);
      |              ^~~~
/usr/include/c++/15/streambuf:828:14: note: suggested alternatives:
In file included from /usr/include/c++/15/string:56,
                 from /usr/include/c++/15/stdexcept:41,
                 from tests/../lib/fx2_weight_format_v1.hpp:15,
                 from tests/../lib/fx2_weight_neighbor_v1.hpp:5,
                 from tests/../lib/fx2_weight_adaptive_neighbor_v1.hpp:5,
                 from tests/fx2_weight_adaptive_neighbor_v1_unit.cpp:2:
/usr/include/c++/15/bits/basic_string.h:4327:5: note:   ‘std::swap’
 4327 |     swap(basic_string<_CharT, _Traits, _Alloc>& __lhs,
      |     ^~~~
/usr/include/c++/15/bits/move.h:227:5: note:   ‘std::swap’
  227 |     swap(_Tp& __a, _Tp& __b)
      |     ^~~~
/usr/include/c++/15/bits/move.h:227:5: note:   ‘std::swap’
In file included from /usr/include/c++/15/exception:168,
                 from /usr/include/c++/15/stdexcept:40:
/usr/include/c++/15/bits/exception_ptr.h:229:5: note:   ‘std::__exception_ptr::swap’
  229 |     swap(exception_ptr& __lhs, exception_ptr& __rhs)
      |     ^~~~
/usr/include/c++/15/streambuf:829:14: error: ‘swap’ is not a member of ‘fx2_weight_adaptive_neighbor_v1::std’ [-Wtemplate-body]
  829 |         std::swap(_M_in_cur, __sb._M_in_cur);
      |              ^~~~
/usr/include/c++/15/streambuf:829:14: note: suggested alternatives:
/usr/include/c++/15/bits/basic_string.h:4327:5: note:   ‘std::swap’
 4327 |     swap(basic_string<_CharT, _Traits, _Alloc>& __lhs,
      |     ^~~~
/usr/include/c++/15/bits/move.h:227:5: note:   ‘std::swap’
  227 |     swap(_Tp& __a, _Tp& __b)
      |     ^~~~
/usr/include/c++/15/bits/move.h:227:5: note:   ‘std::swap’
/usr/include/c++/15/bits/exception_ptr.h:229:5: note:   ‘std::__exception_ptr::swap’
  229 |     swap(exception_ptr& __lhs, exception_ptr& __rhs)
      |     ^~~~
/usr/include/c++/15/streambuf:830:14: error: ‘swap’ is not a member of ‘fx2_weight_adaptive_neighbor_v1::std’ [-Wtemplate-body]
  830 |         std::swap(_M_in_end, __sb._M_in_end);
      |              ^~~~
/usr/include/c++/15/streambuf:830:14: note: suggested alternatives:
/usr/include/c++/15/bits/basic_string.h:4327:5: note:   ‘std::swap’
 4327 |     swap(basic_string<_CharT, _Traits, _Alloc>& __lhs,
      |     ^~~~
/usr/include/c++/15/bits/move.h:227:5: note:   ‘std::swap’
  227 |     swap(_Tp& __a, _Tp& __b)
      |     ^~~~
/usr/include/c++/15/bits/move.h:227:5: note:   ‘std::swap’
/usr/include/c++/15/bits/exception_ptr.h:229:5: note:   ‘std::__exception_ptr::swap’
  229 |     swap(exception_ptr& __lhs, exception_ptr& __rhs)
      |     ^~~~
/usr/include/c++/15/streambuf:831:14: error: ‘swap’ is not a member of ‘fx2_weight_adaptive_neighbor_v1::std’ [-Wtemplate-body]
  831 |         std::swap(_M_out_beg, __sb._M_out_beg);
      |              ^~~~
/usr/include/c++/15/streambuf:831:14: note: suggested alternatives:
/usr/include/c++/15/bits/basic_string.h:4327:5: note:   ‘std::swap’
 4327 |     swap(basic_string<_CharT, _Traits, _Alloc>& __lhs,
      |     ^~~~
/usr/include/c++/15/bits/move.h:227:5: note:   ‘std::swap’
  227 |     swap(_Tp& __a, _Tp& __b)
      |     ^~~~
/usr/include/c++/15/bits/move.h:227:5: note:   ‘std::swap’
/usr/include/c++/15/bits/exception_ptr.h:229:5: note:   ‘std::__exception_ptr::swap’
  229 |     swap(exception_ptr& __lhs, exception_ptr& __rhs)
      |     ^~~~
/usr/include/c++/15/streambuf:832:14: error: ‘swap’ is not a member of ‘fx2_weight_adaptive_neighbor_v1::std’ [-Wtemplate-body]
  832 |         std::swap(_M_out_cur, __sb._M_out_cur);
      |              ^~~~
/usr/include/c++/15/streambuf:832:14: note: suggested alternatives:
/usr/include/c++/15/bits/basic_string.h:4327:5: note:   ‘std::swap’
 4327 |     swap(basic_string<_CharT, _Traits, _Alloc>& __lhs,
      |     ^~~~
/usr/include/c++/15/bits/move.h:227:5: note:   ‘std::swap’
  227 |     swap(_Tp& __a, _Tp& __b)
      |     ^~~~
/usr/include/c++/15/bits/move.h:227:5: note:   ‘std::swap’
/usr/include/c++/15/bits/exception_ptr.h:229:5: note:   ‘std::__exception_ptr::swap’
  229 |     swap(exception_ptr& __lhs, exception_ptr& __rhs)
      |     ^~~~
/usr/include/c++/15/streambuf:833:14: error: ‘swap’ is not a member of ‘fx2_weight_adaptive_neighbor_v1::std’ [-Wtemplate-body]
  833 |         std::swap(_M_out_end, __sb._M_out_end);
      |              ^~~~
/usr/include/c++/15/streambuf:833:14: note: suggested alternatives:
/usr/include/c++/15/bits/basic_string.h:4327:5: note:   ‘std::swap’
 4327 |     swap(basic_string<_CharT, _Traits, _Alloc>& __lhs,
      |     ^~~~
/usr/include/c++/15/bits/move.h:227:5: note:   ‘std::swap’
  227 |     swap(_Tp& __a, _Tp& __b)
      |     ^~~~
/usr/include/c++/15/bits/move.h:227:5: note:   ‘std::swap’
/usr/include/c++/15/bits/exception_ptr.h:229:5: note:   ‘std::__exception_ptr::swap’
  229 |     swap(exception_ptr& __lhs, exception_ptr& __rhs)
      |     ^~~~
/usr/include/c++/15/streambuf:834:14: error: ‘swap’ is not a member of ‘fx2_weight_adaptive_neighbor_v1::std’ [-Wtemplate-body]
  834 |         std::swap(_M_buf_locale, __sb._M_buf_locale);
      |              ^~~~
/usr/include/c++/15/streambuf:834:14: note: suggested alternatives:
/usr/include/c++/15/bits/basic_string.h:4327:5: note:   ‘std::swap’
 4327 |     swap(basic_string<_CharT, _Traits, _Alloc>& __lhs,
      |     ^~~~
/usr/include/c++/15/bits/move.h:227:5: note:   ‘std::swap’
  227 |     swap(_Tp& __a, _Tp& __b)
      |     ^~~~
/usr/include/c++/15/bits/move.h:227:5: note:   ‘std::swap’
/usr/include/c++/15/bits/exception_ptr.h:229:5: note:   ‘std::__exception_ptr::swap’
  229 |     swap(exception_ptr& __lhs, exception_ptr& __rhs)
      |     ^~~~
/usr/include/c++/15/streambuf: At global scope:
/usr/include/c++/15/streambuf:852:5: error: ‘streamsize’ does not name a type
  852 |     streamsize
      |     ^~~~~~~~~~
/usr/include/c++/15/streambuf:857:5: error: ‘streamsize’ does not name a type
  857 |     streamsize
      |     ^~~~~~~~~~
In file included from /usr/include/c++/15/streambuf:867:
/usr/include/c++/15/bits/streambuf.tcc:49:5: error: ‘streamsize’ does not name a type
   49 |     streamsize
      |     ^~~~~~~~~~
/usr/include/c++/15/bits/streambuf.tcc:83:5: error: ‘streamsize’ does not name a type
   83 |     streamsize
      |     ^~~~~~~~~~
/usr/include/c++/15/bits/streambuf.tcc:120:5: error: ‘streamsize’ does not name a type
  120 |     streamsize
      |     ^~~~~~~~~~
/usr/include/c++/15/bits/streambuf.tcc:143:12: error: ‘streamsize’ does not name a type
  143 |     inline streamsize
      |            ^~~~~~~~~~
/usr/include/c++/15/bits/streambuf.tcc:154:45: error: wrong number of template arguments (1, should be 2)
  154 |   extern template class basic_streambuf<char>;
      |                                             ^
/usr/include/c++/15/streambuf:126:11: note: provided for ‘template<class _CharT, class _Traits> class fx2_weight_adaptive_neighbor_v1::std::basic_streambuf’
  126 |     class basic_streambuf
      |           ^~~~~~~~~~~~~~~
/usr/include/c++/15/bits/streambuf.tcc:157:5: error: ‘streamsize’ is not a template function
  157 |     streamsize
      |     ^~~~~~~~~~
/usr/include/c++/15/bits/streambuf.tcc:157:15: error: expected ‘;’ before ‘__copy_streambufs’
  157 |     streamsize
      |               ^
      |               ;
  158 |     __copy_streambufs(basic_streambuf<char>*,
      |     ~~~~~~~~~~~~~~~~~
/usr/include/c++/15/bits/streambuf.tcc:162:48: error: wrong number of template arguments (1, should be 2)
  162 |   extern template class basic_streambuf<wchar_t>;
      |                                                ^
/usr/include/c++/15/streambuf:126:11: note: provided for ‘template<class _CharT, class _Traits> class fx2_weight_adaptive_neighbor_v1::std::basic_streambuf’
  126 |     class basic_streambuf
      |           ^~~~~~~~~~~~~~~
/usr/include/c++/15/bits/streambuf.tcc:165:5: error: ‘streamsize’ is not a template function
  165 |     streamsize
      |     ^~~~~~~~~~
/usr/include/c++/15/bits/streambuf.tcc:165:15: error: expected ‘;’ before ‘__copy_streambufs’
  165 |     streamsize
      |               ^
      |               ;
  166 |     __copy_streambufs(basic_streambuf<wchar_t>*,
      |     ~~~~~~~~~~~~~~~~~
In file included from /usr/include/c++/15/bits/locale_facets.h:41,
                 from /usr/include/c++/15/bits/basic_ios.h:39,
                 from /usr/include/c++/15/ios:48:
/usr/include/c++/15/cwctype:84:11: error: ‘wctrans_t’ has not been declared in ‘::’
   84 |   using ::wctrans_t;
      |           ^~~~~~~~~
/usr/include/c++/15/cwctype:85:11: error: ‘wctype_t’ has not been declared in ‘::’
   85 |   using ::wctype_t;
      |           ^~~~~~~~
/usr/include/c++/15/cwctype:88:11: error: ‘iswalnum’ has not been declared in ‘::’
   88 |   using ::iswalnum;
      |           ^~~~~~~~
/usr/include/c++/15/cwctype:89:11: error: ‘iswalpha’ has not been declared in ‘::’
   89 |   using ::iswalpha;
      |           ^~~~~~~~
/usr/include/c++/15/cwctype:91:11: error: ‘iswblank’ has not been declared in ‘::’
   91 |   using ::iswblank;
      |           ^~~~~~~~
/usr/include/c++/15/cwctype:93:11: error: ‘iswcntrl’ has not been declared in ‘::’
   93 |   using ::iswcntrl;
      |           ^~~~~~~~
/usr/include/c++/15/cwctype:94:11: error: ‘iswctype’ has not been declared in ‘::’
   94 |   using ::iswctype;
      |           ^~~~~~~~
/usr/include/c++/15/cwctype:95:11: error: ‘iswdigit’ has not been declared in ‘::’
   95 |   using ::iswdigit;
      |           ^~~~~~~~
/usr/include/c++/15/cwctype:96:11: error: ‘iswgraph’ has not been declared in ‘::’
   96 |   using ::iswgraph;
      |           ^~~~~~~~
/usr/include/c++/15/cwctype:97:11: error: ‘iswlower’ has not been declared in ‘::’
   97 |   using ::iswlower;
      |           ^~~~~~~~
/usr/include/c++/15/cwctype:98:11: error: ‘iswprint’ has not been declared in ‘::’
   98 |   using ::iswprint;
      |           ^~~~~~~~
/usr/include/c++/15/cwctype:99:11: error: ‘iswpunct’ has not been declared in ‘::’
   99 |   using ::iswpunct;
      |           ^~~~~~~~
/usr/include/c++/15/cwctype:100:11: error: ‘iswspace’ has not been declared in ‘::’
  100 |   using ::iswspace;
      |           ^~~~~~~~
/usr/include/c++/15/cwctype:101:11: error: ‘iswupper’ has not been declared in ‘::’
  101 |   using ::iswupper;
      |           ^~~~~~~~
/usr/include/c++/15/cwctype:102:11: error: ‘iswxdigit’ has not been declared in ‘::’
  102 |   using ::iswxdigit;
      |           ^~~~~~~~~
/usr/include/c++/15/cwctype:103:11: error: ‘towctrans’ has not been declared in ‘::’
  103 |   using ::towctrans;
      |           ^~~~~~~~~
/usr/include/c++/15/cwctype:104:11: error: ‘towlower’ has not been declared in ‘::’
  104 |   using ::towlower;
      |           ^~~~~~~~
/usr/include/c++/15/cwctype:105:11: error: ‘towupper’ has not been declared in ‘::’
  105 |   using ::towupper;
      |           ^~~~~~~~
/usr/include/c++/15/cwctype:106:11: error: ‘wctrans’ has not been declared in ‘::’
  106 |   using ::wctrans;
      |           ^~~~~~~
/usr/include/c++/15/cwctype:107:11: error: ‘wctype’ has not been declared in ‘::’
  107 |   using ::wctype;
      |           ^~~~~~
In file included from /usr/include/c++/15/bits/locale_facets.h:50:
/usr/include/c++/15/bits/streambuf_iterator.h:56:11: error: ‘fx2_weight_adaptive_neighbor_v1::std::istreambuf_iterator’ is not a template
   56 |     class istreambuf_iterator
      |           ^~~~~~~~~~~~~~~~~~~
/usr/include/c++/15/streambuf:150:20: note: previous declaration here
  150 |       friend class istreambuf_iterator<char_type, traits_type>;
      |                    ^~~~~~~~~~~~~~~~~~~
/usr/include/c++/15/bits/streambuf_iterator.h:57:22: error: expected template-name before ‘<’ token
   57 |     : public iterator<input_iterator_tag, _CharT, typename _Traits::off_type,
      |                      ^
/usr/include/c++/15/bits/streambuf_iterator.h:236:22: error: ‘fx2_weight_adaptive_neighbor_v1::std::istreambuf_iterator’ is not a template
  236 |     operator==(const istreambuf_iterator<_CharT, _Traits>& __a,
      |                      ^~~~~~~~~~~~~~~~~~~
/usr/include/c++/15/bits/streambuf_iterator.h:237:22: error: ‘fx2_weight_adaptive_neighbor_v1::std::istreambuf_iterator’ is not a template
  237 |                const istreambuf_iterator<_CharT, _Traits>& __b)
      |                      ^~~~~~~~~~~~~~~~~~~
/usr/include/c++/15/bits/streambuf_iterator.h:244:22: error: ‘fx2_weight_adaptive_neighbor_v1::std::istreambuf_iterator’ is not a template
  244 |     operator!=(const istreambuf_iterator<_CharT, _Traits>& __a,
      |                      ^~~~~~~~~~~~~~~~~~~
/usr/include/c++/15/bits/streambuf_iterator.h:245:22: error: ‘fx2_weight_adaptive_neighbor_v1::std::istreambuf_iterator’ is not a template
  245 |                const istreambuf_iterator<_CharT, _Traits>& __b)
      |                      ^~~~~~~~~~~~~~~~~~~
/usr/include/c++/15/bits/streambuf_iterator.h:251:11: error: ‘fx2_weight_adaptive_neighbor_v1::std::ostreambuf_iterator’ is not a template
  251 |     class ostreambuf_iterator
      |           ^~~~~~~~~~~~~~~~~~~
/usr/include/c++/15/streambuf:151:20: note: previous declaration here
  151 |       friend class ostreambuf_iterator<char_type, traits_type>;
      |                    ^~~~~~~~~~~~~~~~~~~
/usr/include/c++/15/bits/streambuf_iterator.h:252:22: error: expected template-name before ‘<’ token
  252 |     : public iterator<output_iterator_tag, void, void, void, void>
      |                      ^
/usr/include/c++/15/bits/streambuf_iterator.h:339:25: error: ‘__enable_if’ in namespace ‘fx2_weight_adaptive_neighbor_v1::__gnu_cxx’ does not name a template type
  339 |     typename __gnu_cxx::__enable_if<__is_char<_CharT>::__value,
      |                         ^~~~~~~~~~~
/usr/include/c++/15/bits/streambuf_iterator.h:339:36: error: expected unqualified-id before ‘<’ token
  339 |     typename __gnu_cxx::__enable_if<__is_char<_CharT>::__value,
      |                                    ^
/usr/include/c++/15/bits/streambuf_iterator.h:356:25: error: ‘__enable_if’ in namespace ‘fx2_weight_adaptive_neighbor_v1::__gnu_cxx’ does not name a template type
  356 |     typename __gnu_cxx::__enable_if<__is_char<_CharT>::__value,
      |                         ^~~~~~~~~~~
/usr/include/c++/15/bits/streambuf_iterator.h:356:36: error: expected unqualified-id before ‘<’ token
  356 |     typename __gnu_cxx::__enable_if<__is_char<_CharT>::__value,
      |                                    ^
/usr/include/c++/15/bits/streambuf_iterator.h:368:25: error: ‘__enable_if’ in namespace ‘fx2_weight_adaptive_neighbor_v1::__gnu_cxx’ does not name a template type
  368 |     typename __gnu_cxx::__enable_if<__is_char<_CharT>::__value,
      |                         ^~~~~~~~~~~
/usr/include/c++/15/bits/streambuf_iterator.h:368:36: error: expected unqualified-id before ‘<’ token
  368 |     typename __gnu_cxx::__enable_if<__is_char<_CharT>::__value,
      |                                    ^
/usr/include/c++/15/bits/streambuf_iterator.h:380:25: error: ‘__enable_if’ in namespace ‘fx2_weight_adaptive_neighbor_v1::__gnu_cxx’ does not name a template type
  380 |     typename __gnu_cxx::__enable_if<__is_char<_CharT>::__value,
      |                         ^~~~~~~~~~~
/usr/include/c++/15/bits/streambuf_iterator.h:380:36: error: expected unqualified-id before ‘<’ token
  380 |     typename __gnu_cxx::__enable_if<__is_char<_CharT>::__value,
      |                                    ^
/usr/include/c++/15/bits/streambuf_iterator.h:415:25: error: ‘__enable_if’ in namespace ‘fx2_weight_adaptive_neighbor_v1::__gnu_cxx’ does not name a template type
  415 |     typename __gnu_cxx::__enable_if<__is_char<_CharT>::__value,
      |                         ^~~~~~~~~~~
/usr/include/c++/15/bits/streambuf_iterator.h:415:36: error: expected unqualified-id before ‘<’ token
  415 |     typename __gnu_cxx::__enable_if<__is_char<_CharT>::__value,
      |                                    ^
/usr/include/c++/15/bits/streambuf_iterator.h:435:25: error: ‘__enable_if’ in namespace ‘fx2_weight_adaptive_neighbor_v1::__gnu_cxx’ does not name a template type
  435 |     typename __gnu_cxx::__enable_if<__is_char<_CharT>::__value,
      |                         ^~~~~~~~~~~
/usr/include/c++/15/bits/streambuf_iterator.h:435:36: error: expected unqualified-id before ‘<’ token
  435 |     typename __gnu_cxx::__enable_if<__is_char<_CharT>::__value,
      |                                    ^
/usr/include/c++/15/bits/streambuf_iterator.h:475:25: error: ‘__enable_if’ in namespace ‘fx2_weight_adaptive_neighbor_v1::__gnu_cxx’ does not name a template type
  475 |     typename __gnu_cxx::__enable_if<__is_char<_CharT>::__value,
      |                         ^~~~~~~~~~~
/usr/include/c++/15/bits/streambuf_iterator.h:475:36: error: expected unqualified-id before ‘<’ token
  475 |     typename __gnu_cxx::__enable_if<__is_char<_CharT>::__value,
      |                                    ^
/usr/include/c++/15/bits/locale_facets.h:79:26: error: ‘__c_locale’ does not name a type; did you mean ‘locale’?
   79 |                    const __c_locale&) throw();
      |                          ^~~~~~~~~~
      |                          locale
/usr/include/c++/15/bits/locale_facets.h:85:26: error: ‘__c_locale’ does not name a type; did you mean ‘locale’?
   85 |                    const __c_locale&) throw();
      |                          ^~~~~~~~~~
      |                          locale
/usr/include/c++/15/bits/locale_facets.h:90:26: error: ‘__c_locale’ does not name a type; did you mean ‘locale’?
   90 |                    const __c_locale&) throw();
      |                          ^~~~~~~~~~
      |                          locale
/usr/include/c++/15/bits/locale_facets.h:95:26: error: ‘__c_locale’ does not name a type; did you mean ‘locale’?
   95 |                    const __c_locale&) throw();
      |                          ^~~~~~~~~~
      |                          locale
/usr/include/c++/15/bits/locale_facets.h:104:36: error: ‘streamsize’ has not been declared [-Wtemplate-body]
  104 |              const _CharT* __olds, streamsize __newlen, streamsize __oldlen);
      |                                    ^~~~~~~~~~
/usr/include/c++/15/bits/locale_facets.h:104:57: error: ‘streamsize’ has not been declared [-Wtemplate-body]
  104 |              const _CharT* __olds, streamsize __newlen, streamsize __oldlen);
      |                                                         ^~~~~~~~~~
/usr/include/c++/15/bits/locale_facets.h:123:5: error: ‘fx2_weight_adaptive_neighbor_v1::std::ostreambuf_iterator’ is not a template
  123 |     ostreambuf_iterator<_CharT>
      |     ^~~~~~~~~~~~~~~~~~~
/usr/include/c++/15/bits/locale_facets.h:124:13: error: ‘fx2_weight_adaptive_neighbor_v1::std::ostreambuf_iterator’ is not a template
  124 |     __write(ostreambuf_iterator<_CharT> __s, const _CharT* __ws, int __len)
      |             ^~~~~~~~~~~~~~~~~~~
/usr/include/c++/15/bits/locale_facets.h:124:41: error: ‘__s’ has incomplete type
  124 |     __write(ostreambuf_iterator<_CharT> __s, const _CharT* __ws, int __len)
      |             ~~~~~~~~~~~~~~~~~~~~~~~~~~~~^~~
/usr/include/c++/15/streambuf:151:20: note: forward declaration of ‘class fx2_weight_adaptive_neighbor_v1::std::ostreambuf_iterator’
  151 |       friend class ostreambuf_iterator<char_type, traits_type>;
      |                    ^~~~~~~~~~~~~~~~~~~
/usr/include/c++/15/bits/locale_facets.h:124:75: error: return type ‘class fx2_weight_adaptive_neighbor_v1::std::ostreambuf_iterator’ is incomplete
  124 |     __write(ostreambuf_iterator<_CharT> __s, const _CharT* __ws, int __len)
      |                                                                           ^
/usr/include/c++/15/bits/locale_facets.h:679:17: error: ‘basic_string’ was not declared in this scope
  679 |     class ctype<basic_string<_CharT, _Traits, _Alloc> >;
      |                 ^~~~~~~~~~~~
/usr/include/c++/15/bits/locale_facets.h:679:17: note: suggested alternatives:
In file included from /usr/include/c++/15/string:43:
/usr/include/c++/15/bits/stringfwd.h:74:11: note:   ‘std::__cxx11::basic_string’
   74 |     class basic_string;
      |           ^~~~~~~~~~~~
/usr/include/c++/15/string:78:13: note:   ‘std::pmr::basic_string’
   78 |       using basic_string = std::basic_string<_CharT, _Traits,
      |             ^~~~~~~~~~~~
/usr/include/c++/15/bits/locale_facets.h:679:53: error: wrong number of template arguments (3, should be 1)
  679 |     class ctype<basic_string<_CharT, _Traits, _Alloc> >;
      |                                                     ^
/usr/include/c++/15/bits/locale_facets.h:617:11: note: provided for ‘template<class _CharT> class fx2_weight_adaptive_neighbor_v1::std::ctype’
  617 |     class ctype : public __ctype_abstract_base<_CharT>
      |           ^~~~~
/usr/include/c++/15/bits/locale_facets.h:679:55: error: expected unqualified-id before ‘>’ token
  679 |     class ctype<basic_string<_CharT, _Traits, _Alloc> >;
      |                                                       ^
/usr/include/c++/15/bits/locale_facets.h:700:7: error: ‘__c_locale’ does not name a type; did you mean ‘locale’?
  700 |       __c_locale                _M_c_locale_ctype;
      |       ^~~~~~~~~~
      |       locale
/usr/include/c++/15/bits/locale_facets.h:741:23: error: expected ‘)’ before ‘__cloc’
  741 |       ctype(__c_locale __cloc, const mask* __table = 0, bool __del = false,
      |            ~          ^~~~~~~
      |                       )
/usr/include/c++/15/bits/locale_facets.h:1205:7: error: ‘__c_locale’ does not name a type; did you mean ‘locale’?
 1205 |       __c_locale                _M_c_locale_ctype;
      |       ^~~~~~~~~~
      |       locale
/usr/include/c++/15/bits/locale_facets.h:1240:23: error: expected ‘)’ before ‘__cloc’
 1240 |       ctype(__c_locale __cloc, size_t __refs = 0);
      |            ~          ^~~~~~~
      |                       )
/usr/include/c++/15/bits/locale_facets.h:1498:26: error: ‘string’ does not name a type; did you mean ‘stdin’? [-Wtemplate-body]
 1498 |       ctype_byname(const string& __s, size_t __refs = 0)
      |                          ^~~~~~
      |                          stdin
/usr/include/c++/15/bits/locale_facets.h: In constructor ‘fx2_weight_adaptive_neighbor_v1::std::ctype_byname<_CharT>::ctype_byname(const int&, size_t)’:
/usr/include/c++/15/bits/locale_facets.h:1499:26: error: request for member ‘c_str’ in ‘__s’, which is of non-class type ‘const int’ [-Wtemplate-body]
 1499 |       : ctype_byname(__s.c_str(), __refs) { }
      |                          ^~~~~
/usr/include/c++/15/bits/locale_facets.h: At global scope:
/usr/include/c++/15/bits/locale_facets.h:1517:26: error: ‘string’ does not name a type; did you mean ‘stdin’?
 1517 |       ctype_byname(const string& __s, size_t __refs = 0);
      |                          ^~~~~~
      |                          stdin
/usr/include/c++/15/bits/locale_facets.h:1535:26: error: ‘string’ does not name a type; did you mean ‘stdin’?
 1535 |       ctype_byname(const string& __s, size_t __refs = 0);
      |                          ^~~~~~
      |                          stdin
/usr/include/c++/15/bits/locale_facets.h:1687:15: error: ‘basic_string’ does not name a type [-Wtemplate-body]
 1687 |       typedef basic_string<_CharT>      string_type;
      |               ^~~~~~~~~~~~
/usr/include/c++/15/bits/locale_facets.h:1732:26: error: expected ‘)’ before ‘__cloc’ [-Wtemplate-body]
 1732 |       numpunct(__c_locale __cloc, size_t __refs = 0)
      |               ~          ^~~~~~~
      |                          )
/usr/include/c++/15/bits/locale_facets.h:1789:7: error: ‘string’ does not name a type; did you mean ‘stdin’? [-Wtemplate-body]
 1789 |       string
      |       ^~~~~~
      |       stdin
/usr/include/c++/15/bits/locale_facets.h:1802:7: error: ‘string_type’ does not name a type [-Wtemplate-body]
 1802 |       string_type
      |       ^~~~~~~~~~~
/usr/include/c++/15/bits/locale_facets.h:1815:7: error: ‘string_type’ does not name a type [-Wtemplate-body]
 1815 |       string_type
      |       ^~~~~~~~~~~
/usr/include/c++/15/bits/locale_facets.h:1857:15: error: ‘string’ does not name a type; did you mean ‘stdin’? [-Wtemplate-body]
 1857 |       virtual string
      |               ^~~~~~
      |               stdin
/usr/include/c++/15/bits/locale_facets.h:1870:15: error: ‘string_type’ does not name a type [-Wtemplate-body]
 1870 |       virtual string_type
      |               ^~~~~~~~~~~
/usr/include/c++/15/bits/locale_facets.h:1883:15: error: ‘string_type’ does not name a type [-Wtemplate-body]
 1883 |       virtual string_type
      |               ^~~~~~~~~~~
/usr/include/c++/15/bits/locale_facets.h:1889:30: error: ‘__c_locale’ has not been declared; did you mean ‘locale’? [-Wtemplate-body]
 1889 |       _M_initialize_numpunct(__c_locale __cloc = 0);
      |                              ^~~~~~~~~~
      |                              locale
/usr/include/c++/15/bits/locale_facets.h:1900:5: error: variable or field ‘_M_initialize_numpunct’ declared void
 1900 |     numpunct<char>::_M_initialize_numpunct(__c_locale __cloc);
      |     ^~~~~~~~~~~~~~
/usr/include/c++/15/bits/locale_facets.h:1900:44: error: ‘__c_locale’ was not declared in this scope; did you mean ‘std::__c_locale’?
 1900 |     numpunct<char>::_M_initialize_numpunct(__c_locale __cloc);
      |                                            ^~~~~~~~~~
      |                                            std::__c_locale
In file included from /usr/include/c++/15/bits/localefwd.h:42,
                 from /usr/include/c++/15/string:47:
/usr/include/x86_64-linux-gnu/c++/15/bits/c++locale.h:62:33: note: ‘std::__c_locale’ declared here
   62 |   typedef __locale_t            __c_locale;
      |                                 ^~~~~~~~~~
/usr/include/c++/15/bits/locale_facets.h:1908:5: error: variable or field ‘_M_initialize_numpunct’ declared void
 1908 |     numpunct<wchar_t>::_M_initialize_numpunct(__c_locale __cloc);
      |     ^~~~~~~~~~~~~~~~~
/usr/include/c++/15/bits/locale_facets.h:1908:47: error: ‘__c_locale’ was not declared in this scope; did you mean ‘std::__c_locale’?
 1908 |     numpunct<wchar_t>::_M_initialize_numpunct(__c_locale __cloc);
      |                                               ^~~~~~~~~~
      |                                               std::__c_locale
/usr/include/x86_64-linux-gnu/c++/15/bits/c++locale.h:62:33: note: ‘std::__c_locale’ declared here
   62 |   typedef __locale_t            __c_locale;
      |                                 ^~~~~~~~~~
/usr/include/c++/15/bits/locale_facets.h:1917:15: error: ‘basic_string’ does not name a type [-Wtemplate-body]
 1917 |       typedef basic_string<_CharT>      string_type;
      |               ^~~~~~~~~~~~
/usr/include/c++/15/bits/locale_facets.h:1935:29: error: ‘string’ does not name a type; did you mean ‘stdin’? [-Wtemplate-body]
 1935 |       numpunct_byname(const string& __s, size_t __refs = 0)
      |                             ^~~~~~
      |                             stdin
/usr/include/c++/15/bits/locale_facets.h: In constructor ‘fx2_weight_adaptive_neighbor_v1::std::__cxx11::numpunct_byname<_CharT>::numpunct_byname(const char*, size_t)’:
/usr/include/c++/15/bits/locale_facets.h:1926:13: error: ‘__c_locale’ was not declared in this scope; did you mean ‘std::__c_locale’? [-Wtemplate-body]
 1926 |             __c_locale __tmp;
      |             ^~~~~~~~~~
      |             std::__c_locale
/usr/include/x86_64-linux-gnu/c++/15/bits/c++locale.h:62:33: note: ‘std::__c_locale’ declared here
   62 |   typedef __locale_t            __c_locale;
      |                                 ^~~~~~~~~~
/usr/include/c++/15/bits/locale_facets.h:1927:38: error: ‘__tmp’ was not declared in this scope [-Wtemplate-body]
 1927 |             this->_S_create_c_locale(__tmp, __s);
      |                                      ^~~~~
/usr/include/c++/15/bits/locale_facets.h: In constructor ‘fx2_weight_adaptive_neighbor_v1::std::__cxx11::numpunct_byname<_CharT>::numpunct_byname(const int&, size_t)’:
/usr/include/c++/15/bits/locale_facets.h:1936:29: error: request for member ‘c_str’ in ‘__s’, which is of non-class type ‘const int’ [-Wtemplate-body]
 1936 |       : numpunct_byname(__s.c_str(), __refs) { }
      |                             ^~~~~
/usr/include/c++/15/bits/locale_facets.h: At global scope:
/usr/include/c++/15/bits/locale_facets.h:2163:24: error: ‘string’ has not been declared; did you mean ‘stdin’? [-Wtemplate-body]
 2163 |                        string&) const;
      |                        ^~~~~~
      |                        stdin
/usr/include/c++/15/bits/locale_facets.h:2172:27: error: ‘__enable_if’ in namespace ‘fx2_weight_adaptive_neighbor_v1::__gnu_cxx’ does not name a template type [-Wtemplate-body]
 2172 |       typename __gnu_cxx::__enable_if<__is_char<_CharT2>::__value, int>::__type
      |                           ^~~~~~~~~~~
/usr/include/c++/15/bits/locale_facets.h:2172:38: error: expected unqualified-id before ‘<’ token [-Wtemplate-body]
 2172 |       typename __gnu_cxx::__enable_if<__is_char<_CharT2>::__value, int>::__type
      |                                      ^
/usr/include/c++/15/bits/locale_facets.h:2194:27: error: ‘__enable_if’ in namespace ‘fx2_weight_adaptive_neighbor_v1::__gnu_cxx’ does not name a template type [-Wtemplate-body]
 2194 |       typename __gnu_cxx::__enable_if<!__is_char<_CharT2>::__value,
      |                           ^~~~~~~~~~~
/usr/include/c++/15/bits/locale_facets.h:2194:38: error: expected unqualified-id before ‘<’ token [-Wtemplate-body]
 2194 |       typename __gnu_cxx::__enable_if<!__is_char<_CharT2>::__value,
      |                                      ^
/usr/include/c++/15/bits/locale_facets.h:2524:32: error: ‘streamsize’ has not been declared [-Wtemplate-body]
 2524 |       _M_pad(char_type __fill, streamsize __w, ios_base& __io,
      |                                ^~~~~~~~~~
In file included from /usr/include/c++/15/bits/locale_facets.h:2701:
/usr/include/c++/15/bits/locale_facets.tcc: In member function ‘const fx2_weight_adaptive_neighbor_v1::std::__numpunct_cache<_CharT>* fx2_weight_adaptive_neighbor_v1::std::__use_cache<fx2_weight_adaptive_neighbor_v1::std::__numpunct_cache<_CharT> >::operator()(const fx2_weight_adaptive_neighbor_v1::std::locale&) const’:
/usr/include/c++/15/bits/locale_facets.tcc:59:28: error: ‘numpunct’ was not declared in this scope [-Wtemplate-body]
   59 |         const size_t __i = numpunct<_CharT>::id._M_id();
      |                            ^~~~~~~~
/usr/include/c++/15/bits/locale_facets.tcc:59:28: note: suggested alternatives:
/usr/include/c++/15/bits/localefwd.h:164:35: note:   ‘std::__cxx11::numpunct’
  164 |   template<typename _CharT> class numpunct;
      |                                   ^~~~~~~~
/usr/include/c++/15/bits/locale_facets.h:1680:11: note:   ‘fx2_weight_adaptive_neighbor_v1::std::__cxx11::numpunct’
 1680 |     class numpunct : public locale::facet
      |           ^~~~~~~~
/usr/include/c++/15/bits/locale_facets.tcc:59:43: error: expected primary-expression before ‘>’ token [-Wtemplate-body]
   59 |         const size_t __i = numpunct<_CharT>::id._M_id();
      |                                           ^
/usr/include/c++/15/bits/locale_facets.tcc:59:46: error: ‘::id’ has not been declared [-Wtemplate-body]
   59 |         const size_t __i = numpunct<_CharT>::id._M_id();
      |                                              ^~
/usr/include/c++/15/bits/locale_facets.tcc: In member function ‘void fx2_weight_adaptive_neighbor_v1::std::__numpunct_cache<_CharT>::_M_cache(const fx2_weight_adaptive_neighbor_v1::std::locale&)’:
/usr/include/c++/15/bits/locale_facets.tcc:84:13: error: ‘numpunct’ does not name a type [-Wtemplate-body]
   84 |       const numpunct<_CharT>& __np = use_facet<numpunct<_CharT> >(__loc);
      |             ^~~~~~~~
/usr/include/c++/15/bits/locale_facets.tcc:91:17: error: ‘string’ does not name a type; did you mean ‘stdin’? [-Wtemplate-body]
   91 |           const string& __g = __np.grouping();
      |                 ^~~~~~
      |                 stdin
/usr/include/c++/15/bits/locale_facets.tcc:92:30: error: ‘__g’ was not declared in this scope [-Wtemplate-body]
   92 |           _M_grouping_size = __g.size();
      |                              ^~~
/usr/include/c++/15/bits/locale_facets.tcc:98:48: error: ‘__numeric_traits’ is not a member of ‘fx2_weight_adaptive_neighbor_v1::__gnu_cxx’; did you mean ‘__gnu_cxx::__numeric_traits’? [-Wtemplate-body]
   98 |                                  != __gnu_cxx::__numeric_traits<char>::__max));
      |                                                ^~~~~~~~~~~~~~~~
In file included from /usr/include/c++/15/bits/stl_algobase.h:63,
                 from /usr/include/c++/15/bits/hashtable_policy.h:36,
                 from /usr/include/c++/15/bits/hashtable.h:37,
                 from /usr/include/c++/15/bits/unordered_map.h:33,
                 from /usr/include/c++/15/unordered_map:43,
                 from /usr/include/c++/15/functional:65:
/usr/include/c++/15/ext/numeric_traits.h:189:12: note: ‘__gnu_cxx::__numeric_traits’ declared here
  189 |     struct __numeric_traits
      |            ^~~~~~~~~~~~~~~~
/usr/include/c++/15/bits/locale_facets.tcc:98:65: error: expected primary-expression before ‘char’ [-Wtemplate-body]
   98 |                                  != __gnu_cxx::__numeric_traits<char>::__max));
      |                                                                 ^~~~
/usr/include/c++/15/bits/locale_facets.tcc:98:65: error: expected ‘)’ before ‘char’ [-Wtemplate-body]
   98 |                                  != __gnu_cxx::__numeric_traits<char>::__max));
      |                                                                 ^~~~
      |                                                                 )
/usr/include/c++/15/bits/locale_facets.tcc:97:33: note: to match this ‘(’
   97 |                              && (__grouping[0]
      |                                 ^
/usr/include/c++/15/bits/locale_facets.tcc:98:79: error: expected ‘)’ before ‘;’ token [-Wtemplate-body]
   98 |                                  != __gnu_cxx::__numeric_traits<char>::__max));
      |                                                                               ^
      |                                                                               )
/usr/include/c++/15/bits/locale_facets.tcc:95:29: note: to match this ‘(’
   95 |           _M_use_grouping = (_M_grouping_size
      |                             ^
/usr/include/c++/15/bits/locale_facets.tcc:100:17: error: ‘basic_string’ does not name a type [-Wtemplate-body]
  100 |           const basic_string<_CharT>& __tn = __np.truename();
      |                 ^~~~~~~~~~~~
/usr/include/c++/15/bits/locale_facets.tcc:101:30: error: ‘__tn’ was not declared in this scope [-Wtemplate-body]
  101 |           _M_truename_size = __tn.size();
      |                              ^~~~
/usr/include/c++/15/bits/locale_facets.tcc:105:17: error: ‘basic_string’ does not name a type [-Wtemplate-body]
  105 |           const basic_string<_CharT>& __fn = __np.falsename();
      |                 ^~~~~~~~~~~~
/usr/include/c++/15/bits/locale_facets.tcc:106:31: error: ‘__fn’ was not declared in this scope [-Wtemplate-body]
  106 |           _M_falsename_size = __fn.size();
      |                               ^~~~
/usr/include/c++/15/bits/locale_facets.tcc:110:30: error: ‘__np’ was not declared in this scope [-Wtemplate-body]
  110 |           _M_decimal_point = __np.decimal_point();
      |                              ^~~~
/usr/include/c++/15/bits/locale_facets.tcc: At global scope:
/usr/include/c++/15/bits/locale_facets.tcc:145:27: error: ‘string’ does not name a type; did you mean ‘stdin’?
  145 |                     const string& __grouping_tmp) throw ();
      |                           ^~~~~~
      |                           stdin
/usr/include/c++/15/bits/locale_facets.tcc:154:48: error: ‘string’ has not been declared; did you mean ‘stdin’? [-Wtemplate-body]
  154 |                      ios_base::iostate& __err, string& __xtrc) const
      |                                                ^~~~~~
      |                                                stdin
/usr/include/c++/15/bits/locale_facets.tcc: In member function ‘_InIter fx2_weight_adaptive_neighbor_v1::std::num_get<_CharT, _InIter>::_M_extract_float(_InIter, _InIter, fx2_weight_adaptive_neighbor_v1::std::ios_base&, fx2_weight_adaptive_neighbor_v1::std::ios_base::iostate&, int&) const’:
/usr/include/c++/15/bits/locale_facets.tcc:156:15: error: ‘char_traits’ does not name a type [-Wtemplate-body]
  156 |       typedef char_traits<_CharT>                       __traits_type;
      |               ^~~~~~~~~~~
/usr/include/c++/15/bits/locale_facets.tcc:213:7: error: ‘string’ was not declared in this scope [-Wtemplate-body]
  213 |       string __found_grouping;
      |       ^~~~~~
/usr/include/c++/15/bits/locale_facets.tcc:213:7: note: suggested alternatives:
/usr/include/c++/15/bits/stringfwd.h:79:33: note:   ‘std::string’
   79 |   typedef basic_string<char>    string;
      |                                 ^~~~~~
/usr/include/c++/15/string:80:11: note:   ‘std::pmr::string’
   80 |     using string    = basic_string<char>;
      |           ^~~~~~
/usr/include/c++/15/bits/locale_facets.tcc:215:9: error: ‘__found_grouping’ was not declared in this scope; did you mean ‘__add_grouping’? [-Wtemplate-body]
  215 |         __found_grouping.reserve(32);
      |         ^~~~~~~~~~~~~~~~
      |         __add_grouping
/usr/include/c++/15/bits/locale_facets.tcc:279:25: error: ‘__found_grouping’ was not declared in this scope; did you mean ‘__add_grouping’? [-Wtemplate-body]
  279 |                         __found_grouping += static_cast<char>(__sep_pos);
      |                         ^~~~~~~~~~~~~~~~
      |                         __add_grouping
/usr/include/c++/15/bits/locale_facets.tcc:286:32: error: request for member ‘clear’ in ‘__xtrc’, which is of non-class type ‘int’ [-Wtemplate-body]
  286 |                         __xtrc.clear();
      |                                ^~~~~
/usr/include/c++/15/bits/locale_facets.tcc:300:25: error: ‘__found_grouping’ was not declared in this scope; did you mean ‘__add_grouping’? [-Wtemplate-body]
  300 |                     if (__found_grouping.size())
      |                         ^~~~~~~~~~~~~~~~
      |                         __add_grouping
/usr/include/c++/15/bits/locale_facets.tcc:311:19: error: ‘__traits_type’ has not been declared [-Wtemplate-body]
  311 |                   __traits_type::find(__lit_zero, 10, __c);
      |                   ^~~~~~~~~~~~~
/usr/include/c++/15/bits/locale_facets.tcc:323:25: error: ‘__found_grouping’ was not declared in this scope; did you mean ‘__add_grouping’? [-Wtemplate-body]
  323 |                     if (__found_grouping.size() && !__found_dec)
      |                         ^~~~~~~~~~~~~~~~
      |                         __add_grouping
/usr/include/c++/15/bits/locale_facets.tcc:359:11: error: ‘__found_grouping’ was not declared in this scope; did you mean ‘__add_grouping’? [-Wtemplate-body]
  359 |       if (__found_grouping.size())
      |           ^~~~~~~~~~~~~~~~
      |           __add_grouping
/usr/include/c++/15/bits/locale_facets.tcc: In member function ‘_InIter fx2_weight_adaptive_neighbor_v1::std::num_get<_CharT, _InIter>::_M_extract_int(_InIter, _InIter, fx2_weight_adaptive_neighbor_v1::std::ios_base&, fx2_weight_adaptive_neighbor_v1::std::ios_base::iostate&, _ValueT&) const’:
/usr/include/c++/15/bits/locale_facets.tcc:382:17: error: ‘char_traits’ does not name a type [-Wtemplate-body]
  382 |         typedef char_traits<_CharT>                         __traits_type;
      |                 ^~~~~~~~~~~
/usr/include/c++/15/bits/locale_facets.tcc:383:26: error: ‘__add_unsigned’ has not been declared in ‘fx2_weight_adaptive_neighbor_v1::__gnu_cxx’ [-Wtemplate-body]
  383 |         using __gnu_cxx::__add_unsigned;
      |                          ^~~~~~~~~~~~~~
/usr/include/c++/15/bits/locale_facets.tcc:384:26: error: expected nested-name-specifier before ‘__add_unsigned’ [-Wtemplate-body]
  384 |         typedef typename __add_unsigned<_ValueT>::__type    __unsigned_type;
      |                          ^~~~~~~~~~~~~~
/usr/include/c++/15/bits/locale_facets.tcc:384:40: error: expected initializer before ‘<’ token [-Wtemplate-body]
  384 |         typedef typename __add_unsigned<_ValueT>::__type    __unsigned_type;
      |                                        ^
/usr/include/c++/15/bits/locale_facets.tcc:470:28: error: ‘__numeric_traits’ in namespace ‘fx2_weight_adaptive_neighbor_v1::__gnu_cxx’ does not name a template type [-Wtemplate-body]
  470 |         typedef __gnu_cxx::__numeric_traits<_ValueT> __num_traits;
      |                            ^~~~~~~~~~~~~~~~
/usr/include/c++/15/bits/locale_facets.tcc:471:9: error: ‘string’ was not declared in this scope [-Wtemplate-body]
  471 |         string __found_grouping;
      |         ^~~~~~
/usr/include/c++/15/bits/locale_facets.tcc:471:9: note: suggested alternatives:
/usr/include/c++/15/bits/stringfwd.h:79:33: note:   ‘std::string’
   79 |   typedef basic_string<char>    string;
      |                                 ^~~~~~
/usr/include/c++/15/string:80:11: note:   ‘std::pmr::string’
   80 |     using string    = basic_string<char>;
      |           ^~~~~~
/usr/include/c++/15/bits/locale_facets.tcc:473:11: error: ‘__found_grouping’ was not declared in this scope; did you mean ‘__add_grouping’? [-Wtemplate-body]
  473 |           __found_grouping.reserve(32);
      |           ^~~~~~~~~~~~~~~~
      |           __add_grouping
/usr/include/c++/15/bits/locale_facets.tcc:476:15: error: ‘__unsigned_type’ does not name a type [-Wtemplate-body]
  476 |         const __unsigned_type __max =
      |               ^~~~~~~~~~~~~~~
/usr/include/c++/15/bits/locale_facets.tcc:480:15: error: ‘__unsigned_type’ does not name a type [-Wtemplate-body]
  480 |         const __unsigned_type __smax = __max / __base;
      |               ^~~~~~~~~~~~~~~
/usr/include/c++/15/bits/locale_facets.tcc:481:9: error: ‘__unsigned_type’ was not declared in this scope [-Wtemplate-body]
  481 |         __unsigned_type __result = 0;
      |         ^~~~~~~~~~~~~~~
/usr/include/c++/15/bits/locale_facets.tcc:493:19: error: ‘__result’ was not declared in this scope [-Wtemplate-body]
  493 |               if (__result > __smax)
      |                   ^~~~~~~~
/usr/include/c++/15/bits/locale_facets.tcc:493:30: error: ‘__smax’ was not declared in this scope [-Wtemplate-body]
  493 |               if (__result > __smax)
      |                              ^~~~~~
/usr/include/c++/15/bits/locale_facets.tcc:498:48: error: ‘__max’ was not declared in this scope [-Wtemplate-body]
  498 |                   __testoverflow |= __result > __max - __digit;
      |                                                ^~~~~
/usr/include/c++/15/bits/locale_facets.tcc:519:23: error: ‘__found_grouping’ was not declared in this scope; did you mean ‘__add_grouping’? [-Wtemplate-body]
  519 |                       __found_grouping += static_cast<char>(__sep_pos);
      |                       ^~~~~~~~~~~~~~~~
      |                       __add_grouping
/usr/include/c++/15/bits/locale_facets.tcc:533:21: error: ‘__traits_type’ has not been declared [-Wtemplate-body]
  533 |                     __traits_type::find(__lit_zero, __len, __c);
      |                     ^~~~~~~~~~~~~
/usr/include/c++/15/bits/locale_facets.tcc:540:23: error: ‘__result’ was not declared in this scope [-Wtemplate-body]
  540 |                   if (__result > __smax)
      |                       ^~~~~~~~
/usr/include/c++/15/bits/locale_facets.tcc:540:34: error: ‘__smax’ was not declared in this scope [-Wtemplate-body]
  540 |                   if (__result > __smax)
      |                                  ^~~~~~
/usr/include/c++/15/bits/locale_facets.tcc:545:52: error: ‘__max’ was not declared in this scope [-Wtemplate-body]
  545 |                       __testoverflow |= __result > __max - __digit;
      |                                                    ^~~~~
/usr/include/c++/15/bits/locale_facets.tcc:559:13: error: ‘__found_grouping’ was not declared in this scope; did you mean ‘__add_grouping’? [-Wtemplate-body]
  559 |         if (__found_grouping.size())
      |             ^~~~~~~~~~~~~~~~
      |             __add_grouping
/usr/include/c++/15/bits/locale_facets.tcc:572:46: error: ‘__found_grouping’ was not declared in this scope; did you mean ‘__add_grouping’? [-Wtemplate-body]
  572 |         if ((!__sep_pos && !__found_zero && !__found_grouping.size())
      |                                              ^~~~~~~~~~~~~~~~
      |                                              __add_grouping
/usr/include/c++/15/bits/locale_facets.tcc:580:31: error: ‘__num_traits’ has not been declared [-Wtemplate-body]
  580 |             if (__negative && __num_traits::__is_signed)
      |                               ^~~~~~~~~~~~
/usr/include/c++/15/bits/locale_facets.tcc:581:21: error: ‘__num_traits’ has not been declared [-Wtemplate-body]
  581 |               __v = __num_traits::__min;
      |                     ^~~~~~~~~~~~
/usr/include/c++/15/bits/locale_facets.tcc:583:21: error: ‘__num_traits’ has not been declared [-Wtemplate-body]
  583 |               __v = __num_traits::__max;
      |                     ^~~~~~~~~~~~
/usr/include/c++/15/bits/locale_facets.tcc:587:31: error: ‘__result’ was not declared in this scope [-Wtemplate-body]
  587 |           __v = __negative ? -__result : __result;
      |                               ^~~~~~~~
/usr/include/c++/15/bits/locale_facets.tcc: In member function ‘virtual _InIter fx2_weight_adaptive_neighbor_v1::std::num_get<_CharT, _InIter>::do_get(iter_type, iter_type, fx2_weight_adaptive_neighbor_v1::std::ios_base&, fx2_weight_adaptive_neighbor_v1::std::ios_base::iostate&, float&) const’:
/usr/include/c++/15/bits/locale_facets.tcc:698:7: error: ‘string’ was not declared in this scope [-Wtemplate-body]
  698 |       string __xtrc;
      |       ^~~~~~
/usr/include/c++/15/bits/locale_facets.tcc:698:7: note: suggested alternatives:
/usr/include/c++/15/bits/stringfwd.h:79:33: note:   ‘std::string’
   79 |   typedef basic_string<char>    string;
      |                                 ^~~~~~
/usr/include/c++/15/string:80:11: note:   ‘std::pmr::string’
   80 |     using string    = basic_string<char>;
      |           ^~~~~~
/usr/include/c++/15/bits/locale_facets.tcc:699:7: error: ‘__xtrc’ was not declared in this scope [-Wtemplate-body]
  699 |       __xtrc.reserve(32);
      |       ^~~~~~
/usr/include/c++/15/bits/locale_facets.tcc:701:55: error: there are no arguments to ‘_S_get_c_locale’ that depend on a template parameter, so a declaration of ‘_S_get_c_locale’ must be available [-Wtemplate-body]
  701 |       std::__convert_to_v(__xtrc.c_str(), __v, __err, _S_get_c_locale());
      |                                                       ^~~~~~~~~~~~~~~
/usr/include/c++/15/bits/locale_facets.tcc: In member function ‘virtual _InIter fx2_weight_adaptive_neighbor_v1::std::num_get<_CharT, _InIter>::do_get(iter_type, iter_type, fx2_weight_adaptive_neighbor_v1::std::ios_base&, fx2_weight_adaptive_neighbor_v1::std::ios_base::iostate&, double&) const’:
/usr/include/c++/15/bits/locale_facets.tcc:713:7: error: ‘string’ was not declared in this scope [-Wtemplate-body]
  713 |       string __xtrc;
      |       ^~~~~~
/usr/include/c++/15/bits/locale_facets.tcc:713:7: note: suggested alternatives:
/usr/include/c++/15/bits/stringfwd.h:79:33: note:   ‘std::string’
   79 |   typedef basic_string<char>    string;
      |                                 ^~~~~~
/usr/include/c++/15/string:80:11: note:   ‘std::pmr::string’
   80 |     using string    = basic_string<char>;
      |           ^~~~~~
/usr/include/c++/15/bits/locale_facets.tcc:714:7: error: ‘__xtrc’ was not declared in this scope [-Wtemplate-body]
  714 |       __xtrc.reserve(32);
      |       ^~~~~~
/usr/include/c++/15/bits/locale_facets.tcc:716:55: error: there are no arguments to ‘_S_get_c_locale’ that depend on a template parameter, so a declaration of ‘_S_get_c_locale’ must be available [-Wtemplate-body]
  716 |       std::__convert_to_v(__xtrc.c_str(), __v, __err, _S_get_c_locale());
      |                                                       ^~~~~~~~~~~~~~~
/usr/include/c++/15/bits/locale_facets.tcc: In member function ‘virtual _InIter fx2_weight_adaptive_neighbor_v1::std::num_get<_CharT, _InIter>::do_get(iter_type, iter_type, fx2_weight_adaptive_neighbor_v1::std::ios_base&, fx2_weight_adaptive_neighbor_v1::std::ios_base::iostate&, long double&) const’:
/usr/include/c++/15/bits/locale_facets.tcc:745:7: error: ‘string’ was not declared in this scope [-Wtemplate-body]
  745 |       string __xtrc;
      |       ^~~~~~
/usr/include/c++/15/bits/locale_facets.tcc:745:7: note: suggested alternatives:
/usr/include/c++/15/bits/stringfwd.h:79:33: note:   ‘std::string’
   79 |   typedef basic_string<char>    string;
      |                                 ^~~~~~
/usr/include/c++/15/string:80:11: note:   ‘std::pmr::string’
   80 |     using string    = basic_string<char>;
      |           ^~~~~~
/usr/include/c++/15/bits/locale_facets.tcc:746:7: error: ‘__xtrc’ was not declared in this scope [-Wtemplate-body]
  746 |       __xtrc.reserve(32);
      |       ^~~~~~
/usr/include/c++/15/bits/locale_facets.tcc:748:55: error: there are no arguments to ‘_S_get_c_locale’ that depend on a template parameter, so a declaration of ‘_S_get_c_locale’ must be available [-Wtemplate-body]
  748 |       std::__convert_to_v(__xtrc.c_str(), __v, __err, _S_get_c_locale());
      |                                                       ^~~~~~~~~~~~~~~
/usr/include/c++/15/bits/locale_facets.tcc: In member function ‘virtual _InIter fx2_weight_adaptive_neighbor_v1::std::num_get<_CharT, _InIter>::do_get(iter_type, iter_type, fx2_weight_adaptive_neighbor_v1::std::ios_base&, fx2_weight_adaptive_neighbor_v1::std::ios_base::iostate&, void*&) const’:
/usr/include/c++/15/bits/locale_facets.tcc:767:26: error: ‘__conditional_type’ in namespace ‘fx2_weight_adaptive_neighbor_v1::__gnu_cxx’ does not name a template type [-Wtemplate-body]
  767 |       typedef __gnu_cxx::__conditional_type<(sizeof(void*)
      |                          ^~~~~~~~~~~~~~~~~~
/usr/include/c++/15/bits/locale_facets.tcc:772:7: error: ‘_UIntPtrType’ was not declared in this scope [-Wtemplate-body]
  772 |       _UIntPtrType __ul;
      |       ^~~~~~~~~~~~
/usr/include/c++/15/bits/locale_facets.tcc:773:57: error: ‘__ul’ was not declared in this scope; did you mean ‘__u8’? [-Wtemplate-body]
  773 |       __beg = _M_extract_int(__beg, __end, __io, __err, __ul);
      |                                                         ^~~~
      |                                                         __u8
/usr/include/c++/15/bits/locale_facets.tcc: At global scope:
/usr/include/c++/15/bits/locale_facets.tcc:805:27: error: ‘streamsize’ has not been declared [-Wtemplate-body]
  805 |     _M_pad(_CharT __fill, streamsize __w, ios_base& __io,
      |                           ^~~~~~~~~~
/usr/include/c++/15/bits/locale_facets.tcc: In member function ‘void fx2_weight_adaptive_neighbor_v1::std::num_put<_CharT, _OutIter>::_M_pad(_CharT, int, fx2_weight_adaptive_neighbor_v1::std::ios_base&, _CharT*, const _CharT*, int&) const’:
/usr/include/c++/15/bits/locale_facets.tcc:810:21: error: ‘char_traits’ was not declared in this scope [-Wtemplate-body]
  810 |       __pad<_CharT, char_traits<_CharT> >::_S_pad(__io, __fill, __new,
      |                     ^~~~~~~~~~~
/usr/include/c++/15/bits/locale_facets.tcc:810:21: note: suggested alternatives:
/usr/include/c++/15/bits/stl_algobase.h:325:12: note:   ‘std::char_traits’
  325 |     struct char_traits;
      |            ^~~~~~~~~~~
In file included from /usr/include/c++/15/string:44:
/usr/include/c++/15/bits/char_traits.h:113:12: note:   ‘__gnu_cxx::char_traits’
  113 |     struct char_traits
      |            ^~~~~~~~~~~
/usr/include/c++/15/bits/locale_facets.tcc:810:39: error: template argument 2 is invalid [-Wtemplate-body]
  810 |       __pad<_CharT, char_traits<_CharT> >::_S_pad(__io, __fill, __new,
      |                                       ^
/usr/include/c++/15/bits/locale_facets.tcc:810:41: error: expected unqualified-id before ‘>’ token [-Wtemplate-body]
  810 |       __pad<_CharT, char_traits<_CharT> >::_S_pad(__io, __fill, __new,
      |                                         ^
/usr/include/c++/15/bits/locale_facets.tcc: In member function ‘_OutIter fx2_weight_adaptive_neighbor_v1::std::num_put<_CharT, _OutIter>::_M_insert_int(_OutIter, fx2_weight_adaptive_neighbor_v1::std::ios_base&, _CharT, _ValueT) const’:
/usr/include/c++/15/bits/locale_facets.tcc:879:26: error: ‘__add_unsigned’ has not been declared in ‘fx2_weight_adaptive_neighbor_v1::__gnu_cxx’ [-Wtemplate-body]
  879 |         using __gnu_cxx::__add_unsigned;
      |                          ^~~~~~~~~~~~~~
/usr/include/c++/15/bits/locale_facets.tcc:880:26: error: expected nested-name-specifier before ‘__add_unsigned’ [-Wtemplate-body]
  880 |         typedef typename __add_unsigned<_ValueT>::__type __unsigned_type;
      |                          ^~~~~~~~~~~~~~
/usr/include/c++/15/bits/locale_facets.tcc:880:40: error: expected initializer before ‘<’ token [-Wtemplate-body]
  880 |         typedef typename __add_unsigned<_ValueT>::__type __unsigned_type;
      |                                        ^
/usr/include/c++/15/bits/locale_facets.tcc:898:15: error: ‘__unsigned_type’ does not name a type [-Wtemplate-body]
  898 |         const __unsigned_type __u = ((__v > 0 || !__dec)
      |               ^~~~~~~~~~~~~~~
/usr/include/c++/15/bits/locale_facets.tcc:901:50: error: ‘__u’ was not declared in this scope; did you mean ‘__u8’? [-Wtemplate-body]
  901 |         int __len = __int_to_char(__cs + __ilen, __u, __lit, __flags, __dec);
      |                                                  ^~~
      |                                                  __u8
/usr/include/c++/15/bits/locale_facets.tcc:924:35: error: ‘__numeric_traits’ is not a member of ‘fx2_weight_adaptive_neighbor_v1::__gnu_cxx’; did you mean ‘__gnu_cxx::__numeric_traits’? [-Wtemplate-body]
  924 |                     && __gnu_cxx::__numeric_traits<_ValueT>::__is_signed)
      |                                   ^~~~~~~~~~~~~~~~
/usr/include/c++/15/ext/numeric_traits.h:189:12: note: ‘__gnu_cxx::__numeric_traits’ declared here
  189 |     struct __numeric_traits
      |            ^~~~~~~~~~~~~~~~
/usr/include/c++/15/bits/locale_facets.tcc:924:59: error: expected primary-expression before ‘>’ token [-Wtemplate-body]
  924 |                     && __gnu_cxx::__numeric_traits<_ValueT>::__is_signed)
      |                                                           ^
/usr/include/c++/15/bits/locale_facets.tcc:924:62: error: ‘::__is_signed’ has not been declared [-Wtemplate-body]
  924 |                     && __gnu_cxx::__numeric_traits<_ValueT>::__is_signed)
      |                                                              ^~~~~~~~~~~
/usr/include/c++/15/bits/locale_facets.tcc:946:15: error: ‘streamsize’ does not name a type [-Wtemplate-body]
  946 |         const streamsize __w = __io.width();
      |               ^~~~~~~~~~
/usr/include/c++/15/bits/locale_facets.tcc:947:13: error: ‘__w’ was not declared in this scope; did you mean ‘__s’? [-Wtemplate-body]
  947 |         if (__w > static_cast<streamsize>(__len))
      |             ^~~
      |             __s
/usr/include/c++/15/bits/locale_facets.tcc:947:31: error: ‘streamsize’ does not name a type [-Wtemplate-body]
  947 |         if (__w > static_cast<streamsize>(__len))
      |                               ^~~~~~~~~~
/usr/include/c++/15/bits/locale_facets.tcc:954:14: error: ‘class fx2_weight_adaptive_neighbor_v1::std::ios_base’ has no member named ‘width’ [-Wtemplate-body]
  954 |         __io.width(0);
      |              ^~~~~
/usr/include/c++/15/bits/locale_facets.tcc: In member function ‘void fx2_weight_adaptive_neighbor_v1::std::num_put<_CharT, _OutIter>::_M_group_float(const char*, size_t, _CharT, const _CharT*, _CharT*, _CharT*, int&) const’:
/usr/include/c++/15/bits/locale_facets.tcc:980:11: error: ‘char_traits’ was not declared in this scope [-Wtemplate-body]
  980 |           char_traits<_CharT>::copy(__p2, __p, __len - __declen);
      |           ^~~~~~~~~~~
/usr/include/c++/15/bits/locale_facets.tcc:980:11: note: suggested alternatives:
/usr/include/c++/15/bits/stl_algobase.h:325:12: note:   ‘std::char_traits’
  325 |     struct char_traits;
      |            ^~~~~~~~~~~
/usr/include/c++/15/bits/char_traits.h:113:12: note:   ‘__gnu_cxx::char_traits’
  113 |     struct char_traits
      |            ^~~~~~~~~~~
/usr/include/c++/15/bits/locale_facets.tcc:980:29: error: expected primary-expression before ‘>’ token [-Wtemplate-body]
  980 |           char_traits<_CharT>::copy(__p2, __p, __len - __declen);
      |                             ^
/usr/include/c++/15/bits/locale_facets.tcc:980:32: error: ‘::copy’ has not been declared; did you mean ‘std::copy’? [-Wtemplate-body]
  980 |           char_traits<_CharT>::copy(__p2, __p, __len - __declen);
      |                                ^~~~
      |                                std::copy
In file included from /usr/include/c++/15/algorithm:89,
                 from tests/../lib/fx2_weight_format_v1.hpp:11:
/usr/include/c++/15/pstl/glue_algorithm_defs.h:135:1: note: ‘std::copy’ declared here
  135 | copy(_ExecutionPolicy&& __exec, _ForwardIterator1 __first, _ForwardIterator1 __last, _ForwardIterator2 __result);
      | ^~~~
/usr/include/c++/15/bits/locale_facets.tcc: In member function ‘_OutIter fx2_weight_adaptive_neighbor_v1::std::num_put<_CharT, _OutIter>::_M_insert_float(_OutIter, fx2_weight_adaptive_neighbor_v1::std::ios_base&, _CharT, char, _ValueT) const’:
/usr/include/c++/15/bits/locale_facets.tcc:1009:15: error: ‘streamsize’ does not name a type [-Wtemplate-body]
 1009 |         const streamsize __prec = __io.precision() < 0 ? 6 : __io.precision();
      |               ^~~~~~~~~~
/usr/include/c++/15/bits/locale_facets.tcc:1012:22: error: ‘__numeric_traits’ is not a member of ‘fx2_weight_adaptive_neighbor_v1::__gnu_cxx’; did you mean ‘__gnu_cxx::__numeric_traits’? [-Wtemplate-body]
 1012 |           __gnu_cxx::__numeric_traits<_ValueT>::__digits10;
      |                      ^~~~~~~~~~~~~~~~
/usr/include/c++/15/ext/numeric_traits.h:189:12: note: ‘__gnu_cxx::__numeric_traits’ declared here
  189 |     struct __numeric_traits
      |            ^~~~~~~~~~~~~~~~
/usr/include/c++/15/bits/locale_facets.tcc:1012:46: error: expected primary-expression before ‘>’ token [-Wtemplate-body]
 1012 |           __gnu_cxx::__numeric_traits<_ValueT>::__digits10;
      |                                              ^
/usr/include/c++/15/bits/locale_facets.tcc:1012:49: error: ‘::__digits10’ has not been declared [-Wtemplate-body]
 1012 |           __gnu_cxx::__numeric_traits<_ValueT>::__digits10;
      |                                                 ^~~~~~~~~~
/usr/include/c++/15/bits/locale_facets.tcc:1030:24: error: ‘__convert_from_v’ is not a member of ‘fx2_weight_adaptive_neighbor_v1::std’; did you mean ‘__convert_to_v’? [-Wtemplate-body]
 1030 |           __len = std::__convert_from_v(_S_get_c_locale(), __cs, __cs_size,
      |                        ^~~~~~~~~~~~~~~~
      |                        __convert_to_v
/usr/include/c++/15/bits/locale_facets.tcc:1030:41: error: there are no arguments to ‘_S_get_c_locale’ that depend on a template parameter, so a declaration of ‘_S_get_c_locale’ must be available [-Wtemplate-body]
 1030 |           __len = std::__convert_from_v(_S_get_c_locale(), __cs, __cs_size,
      |                                         ^~~~~~~~~~~~~~~
/usr/include/c++/15/bits/locale_facets.tcc:1031:49: error: ‘__prec’ was not declared in this scope [-Wtemplate-body]
 1031 |                                         __fbuf, __prec, __v);
      |                                                 ^~~~~~
/usr/include/c++/15/bits/locale_facets.tcc:1033:24: error: ‘__convert_from_v’ is not a member of ‘fx2_weight_adaptive_neighbor_v1::std’; did you mean ‘__convert_to_v’? [-Wtemplate-body]
 1033 |           __len = std::__convert_from_v(_S_get_c_locale(), __cs, __cs_size,
      |                        ^~~~~~~~~~~~~~~~
      |                        __convert_to_v
/usr/include/c++/15/bits/locale_facets.tcc:1033:41: error: there are no arguments to ‘_S_get_c_locale’ that depend on a template parameter, so a declaration of ‘_S_get_c_locale’ must be available [-Wtemplate-body]
 1033 |           __len = std::__convert_from_v(_S_get_c_locale(), __cs, __cs_size,
      |                                         ^~~~~~~~~~~~~~~
/usr/include/c++/15/bits/locale_facets.tcc:1042:28: error: ‘__convert_from_v’ is not a member of ‘fx2_weight_adaptive_neighbor_v1::std’; did you mean ‘__convert_to_v’? [-Wtemplate-body]
 1042 |               __len = std::__convert_from_v(_S_get_c_locale(), __cs, __cs_size,
      |                            ^~~~~~~~~~~~~~~~
      |                            __convert_to_v
/usr/include/c++/15/bits/locale_facets.tcc:1042:45: error: there are no arguments to ‘_S_get_c_locale’ that depend on a template parameter, so a declaration of ‘_S_get_c_locale’ must be available [-Wtemplate-body]
 1042 |               __len = std::__convert_from_v(_S_get_c_locale(), __cs, __cs_size,
      |                                             ^~~~~~~~~~~~~~~
/usr/include/c++/15/bits/locale_facets.tcc:1043:53: error: ‘__prec’ was not declared in this scope [-Wtemplate-body]
 1043 |                                             __fbuf, __prec, __v);
      |                                                     ^~~~~~
/usr/include/c++/15/bits/locale_facets.tcc:1045:28: error: ‘__convert_from_v’ is not a member of ‘fx2_weight_adaptive_neighbor_v1::std’; did you mean ‘__convert_to_v’? [-Wtemplate-body]
 1045 |               __len = std::__convert_from_v(_S_get_c_locale(), __cs, __cs_size,
      |                            ^~~~~~~~~~~~~~~~
      |                            __convert_to_v
/usr/include/c++/15/bits/locale_facets.tcc:1045:45: error: there are no arguments to ‘_S_get_c_locale’ that depend on a template parameter, so a declaration of ‘_S_get_c_locale’ must be available [-Wtemplate-body]
 1045 |               __len = std::__convert_from_v(_S_get_c_locale(), __cs, __cs_size,
      |                                             ^~~~~~~~~~~~~~~
/usr/include/c++/15/bits/locale_facets.tcc:1077:27: error: ‘char_traits’ was not declared in this scope [-Wtemplate-body]
 1077 |         const char* __p = char_traits<char>::find(__cs, __len, '.');
      |                           ^~~~~~~~~~~
/usr/include/c++/15/bits/locale_facets.tcc:1077:27: note: suggested alternatives:
/usr/include/c++/15/bits/stl_algobase.h:325:12: note:   ‘std::char_traits’
  325 |     struct char_traits;
      |            ^~~~~~~~~~~
/usr/include/c++/15/bits/char_traits.h:113:12: note:   ‘__gnu_cxx::char_traits’
  113 |     struct char_traits
      |            ^~~~~~~~~~~
/usr/include/c++/15/bits/locale_facets.tcc:1077:39: error: expected primary-expression before ‘char’ [-Wtemplate-body]
 1077 |         const char* __p = char_traits<char>::find(__cs, __len, '.');
      |                                       ^~~~
/usr/include/c++/15/bits/locale_facets.tcc:1096:13: error: ‘streamsize’ was not declared in this scope; did you mean ‘std::streamsize’? [-Wtemplate-body]
 1096 |             streamsize __off = 0;
      |             ^~~~~~~~~~
      |             std::streamsize
In file included from /usr/include/c++/15/bits/char_traits.h:44:
/usr/include/c++/15/bits/postypes.h:73:25: note: ‘std::streamsize’ declared here
   73 |   typedef ptrdiff_t     streamsize; // Signed integral type
      |                         ^~~~~~~~~~
/usr/include/c++/15/bits/locale_facets.tcc:1099:17: error: ‘__off’ was not declared in this scope; did you mean ‘__off_t’? [-Wtemplate-body]
 1099 |                 __off = 1;
      |                 ^~~~~
      |                 __off_t
/usr/include/c++/15/bits/locale_facets.tcc:1105:66: error: ‘__off’ was not declared in this scope; did you mean ‘__off_t’? [-Wtemplate-body]
 1105 |                            __lc->_M_thousands_sep, __wp, __ws2 + __off,
      |                                                                  ^~~~~
      |                                                                  __off_t
/usr/include/c++/15/bits/locale_facets.tcc:1113:15: error: ‘streamsize’ does not name a type [-Wtemplate-body]
 1113 |         const streamsize __w = __io.width();
      |               ^~~~~~~~~~
/usr/include/c++/15/bits/locale_facets.tcc:1114:13: error: ‘__w’ was not declared in this scope; did you mean ‘__p’? [-Wtemplate-body]
 1114 |         if (__w > static_cast<streamsize>(__len))
      |             ^~~
      |             __p
/usr/include/c++/15/bits/locale_facets.tcc:1114:31: error: ‘streamsize’ does not name a type [-Wtemplate-body]
 1114 |         if (__w > static_cast<streamsize>(__len))
      |                               ^~~~~~~~~~
/usr/include/c++/15/bits/locale_facets.tcc:1121:14: error: ‘class fx2_weight_adaptive_neighbor_v1::std::ios_base’ has no member named ‘width’ [-Wtemplate-body]
 1121 |         __io.width(0);
      |              ^~~~~
/usr/include/c++/15/bits/locale_facets.tcc: In member function ‘virtual _OutIter fx2_weight_adaptive_neighbor_v1::std::num_put<_CharT, _OutIter>::do_put(iter_type, fx2_weight_adaptive_neighbor_v1::std::ios_base&, char_type, bool) const’:
/usr/include/c++/15/bits/locale_facets.tcc:1151:17: error: ‘streamsize’ does not name a type [-Wtemplate-body]
 1151 |           const streamsize __w = __io.width();
      |                 ^~~~~~~~~~
/usr/include/c++/15/bits/locale_facets.tcc:1152:15: error: ‘__w’ was not declared in this scope; did you mean ‘__s’? [-Wtemplate-body]
 1152 |           if (__w > static_cast<streamsize>(__len))
      |               ^~~
      |               __s
/usr/include/c++/15/bits/locale_facets.tcc:1152:33: error: ‘streamsize’ does not name a type [-Wtemplate-body]
 1152 |           if (__w > static_cast<streamsize>(__len))
      |                                 ^~~~~~~~~~
/usr/include/c++/15/bits/locale_facets.tcc:1154:21: error: ‘streamsize’ does not name a type [-Wtemplate-body]
 1154 |               const streamsize __plen = __w - __len;
      |                     ^~~~~~~~~~
/usr/include/c++/15/bits/locale_facets.tcc:1157:59: error: ‘__plen’ was not declared in this scope; did you mean ‘__len’? [-Wtemplate-body]
 1157 |                                                         * __plen));
      |                                                           ^~~~~~
      |                                                           __len
/usr/include/c++/15/bits/locale_facets.tcc:1159:15: error: ‘char_traits’ was not declared in this scope [-Wtemplate-body]
 1159 |               char_traits<_CharT>::assign(__ps, __plen, __fill);
      |               ^~~~~~~~~~~
/usr/include/c++/15/bits/locale_facets.tcc:1159:15: note: suggested alternatives:
/usr/include/c++/15/bits/stl_algobase.h:325:12: note:   ‘std::char_traits’
  325 |     struct char_traits;
      |            ^~~~~~~~~~~
/usr/include/c++/15/bits/char_traits.h:113:12: note:   ‘__gnu_cxx::char_traits’
  113 |     struct char_traits
      |            ^~~~~~~~~~~
/usr/include/c++/15/bits/locale_facets.tcc:1159:33: error: expected primary-expression before ‘>’ token [-Wtemplate-body]
 1159 |               char_traits<_CharT>::assign(__ps, __plen, __fill);
      |                                 ^
/usr/include/c++/15/bits/locale_facets.tcc:1159:36: error: ‘::assign’ has not been declared [-Wtemplate-body]
 1159 |               char_traits<_CharT>::assign(__ps, __plen, __fill);
      |                                    ^~~~~~
/usr/include/c++/15/bits/locale_facets.tcc:1160:20: error: ‘class fx2_weight_adaptive_neighbor_v1::std::ios_base’ has no member named ‘width’ [-Wtemplate-body]
 1160 |               __io.width(0);
      |                    ^~~~~
/usr/include/c++/15/bits/locale_facets.tcc:1174:16: error: ‘class fx2_weight_adaptive_neighbor_v1::std::ios_base’ has no member named ‘width’ [-Wtemplate-body]
 1174 |           __io.width(0);
      |                ^~~~~
/usr/include/c++/15/bits/locale_facets.tcc: In member function ‘virtual _OutIter fx2_weight_adaptive_neighbor_v1::std::num_put<_CharT, _OutIter>::do_put(iter_type, fx2_weight_adaptive_neighbor_v1::std::ios_base&, char_type, const void*) const’:
/usr/include/c++/15/bits/locale_facets.tcc:1214:26: error: ‘__conditional_type’ in namespace ‘fx2_weight_adaptive_neighbor_v1::__gnu_cxx’ does not name a template type [-Wtemplate-body]
 1214 |       typedef __gnu_cxx::__conditional_type<(sizeof(const void*)
      |                          ^~~~~~~~~~~~~~~~~~
/usr/include/c++/15/bits/locale_facets.tcc:1220:44: error: ‘_UIntPtrType’ does not name a type [-Wtemplate-body]
 1220 |                           reinterpret_cast<_UIntPtrType>(__v));
      |                                            ^~~~~~~~~~~~
/usr/include/c++/15/bits/locale_facets.tcc: At global scope:
/usr/include/c++/15/bits/locale_facets.tcc:1247:36: error: ‘streamsize’ has not been declared [-Wtemplate-body]
 1247 |                                    streamsize __newlen, streamsize __oldlen)
      |                                    ^~~~~~~~~~
/usr/include/c++/15/bits/locale_facets.tcc:1247:57: error: ‘streamsize’ has not been declared [-Wtemplate-body]
 1247 |                                    streamsize __newlen, streamsize __oldlen)
      |                                                         ^~~~~~~~~~
/usr/include/c++/15/bits/locale_facets.tcc: In function ‘_CharT* fx2_weight_adaptive_neighbor_v1::std::__add_grouping(_CharT*, _CharT, const char*, size_t, const _CharT*, const _CharT*)’:
/usr/include/c++/15/bits/locale_facets.tcc:1303:45: error: ‘__numeric_traits’ is not a member of ‘fx2_weight_adaptive_neighbor_v1::__gnu_cxx’; did you mean ‘__gnu_cxx::__numeric_traits’? [-Wtemplate-body]
 1303 |              && __gbeg[__idx] != __gnu_cxx::__numeric_traits<char>::__max)
      |                                             ^~~~~~~~~~~~~~~~
/usr/include/c++/15/ext/numeric_traits.h:189:12: note: ‘__gnu_cxx::__numeric_traits’ declared here
  189 |     struct __numeric_traits
      |            ^~~~~~~~~~~~~~~~
/usr/include/c++/15/bits/locale_facets.tcc:1303:62: error: expected primary-expression before ‘char’ [-Wtemplate-body]
 1303 |              && __gbeg[__idx] != __gnu_cxx::__numeric_traits<char>::__max)
      |                                                              ^~~~
/usr/include/c++/15/bits/locale_facets.tcc:1303:62: error: expected ‘)’ before ‘char’ [-Wtemplate-body]
 1303 |              && __gbeg[__idx] != __gnu_cxx::__numeric_traits<char>::__max)
      |                                                              ^~~~
      |                                                              )
/usr/include/c++/15/bits/locale_facets.tcc:1301:13: note: to match this ‘(’
 1301 |       while (__last - __first > __gbeg[__idx]
      |             ^
/usr/include/c++/15/bits/locale_facets.tcc:1303:66: error: expected unqualified-id before ‘>’ token [-Wtemplate-body]
 1303 |              && __gbeg[__idx] != __gnu_cxx::__numeric_traits<char>::__max)
      |                                                                  ^
/usr/include/c++/15/bits/locale_facets.tcc: At global scope:
/usr/include/c++/15/bits/locale_facets.tcc:1334:61: error: wrong number of template arguments (1, should be 2)
 1334 |   extern template class _GLIBCXX_NAMESPACE_LDBL num_get<char>;
      |                                                             ^
/usr/include/c++/15/bits/locale_facets.h:1962:11: note: provided for ‘template<class _CharT, class _InIter> class fx2_weight_adaptive_neighbor_v1::std::num_get’
 1962 |     class num_get : public locale::facet
      |           ^~~~~~~
/usr/include/c++/15/bits/locale_facets.tcc:1335:61: error: wrong number of template arguments (1, should be 2)
 1335 |   extern template class _GLIBCXX_NAMESPACE_LDBL num_put<char>;
      |                                                             ^
/usr/include/c++/15/bits/locale_facets.h:2326:11: note: provided for ‘template<class _CharT, class _OutIter> class fx2_weight_adaptive_neighbor_v1::std::num_put’
 2326 |     class num_put : public locale::facet
      |           ^~~~~~~
/usr/include/c++/15/bits/locale_facets.tcc:1343:11: error: ‘numpunct’ is not a template function
 1343 |     const numpunct<char>*
      |           ^~~~~~~~
/usr/include/c++/15/bits/locale_facets.tcc:1343:19: error: expected ‘;’ before ‘<’ token
 1343 |     const numpunct<char>*
      |                   ^
      |                   ;
/usr/include/c++/15/bits/locale_facets.tcc:1347:23: error: wrong number of template arguments (1, should be 2)
 1347 |     const num_put<char>*
      |                       ^
/usr/include/c++/15/bits/locale_facets.h:2326:11: note: provided for ‘template<class _CharT, class _OutIter> class fx2_weight_adaptive_neighbor_v1::std::num_put’
 2326 |     class num_put : public locale::facet
      |           ^~~~~~~
/usr/include/c++/15/bits/locale_facets.tcc:1348:33: error: wrong number of template arguments (1, should be 2)
 1348 |     __try_use_facet<num_put<char> >(const locale&) _GLIBCXX_NOTHROW;
      |                                 ^
/usr/include/c++/15/bits/locale_facets.h:2326:11: note: provided for ‘template<class _CharT, class _OutIter> class fx2_weight_adaptive_neighbor_v1::std::num_put’
 2326 |     class num_put : public locale::facet
      |           ^~~~~~~
/usr/include/c++/15/bits/locale_facets.tcc:1348:5: error: template-id ‘__try_use_facet<<expression error> >’ for ‘const int* fx2_weight_adaptive_neighbor_v1::std::__try_use_facet(const locale&)’ does not match any template declaration
 1348 |     __try_use_facet<num_put<char> >(const locale&) _GLIBCXX_NOTHROW;
      |     ^~~~~~~~~~~~~~~~~~~~~~~~~~~~~~~
/usr/include/c++/15/bits/locale_classes.tcc:117:5: note: candidate is: ‘template<class _Facet> const _Facet* fx2_weight_adaptive_neighbor_v1::std::__try_use_facet(const locale&)’
  117 |     __try_use_facet(const locale& __loc) _GLIBCXX_NOTHROW
      |     ^~~~~~~~~~~~~~~
/usr/include/c++/15/bits/locale_facets.tcc:1351:23: error: wrong number of template arguments (1, should be 2)
 1351 |     const num_get<char>*
      |                       ^
/usr/include/c++/15/bits/locale_facets.h:1962:11: note: provided for ‘template<class _CharT, class _InIter> class fx2_weight_adaptive_neighbor_v1::std::num_get’
 1962 |     class num_get : public locale::facet
      |           ^~~~~~~
/usr/include/c++/15/bits/locale_facets.tcc:1352:33: error: wrong number of template arguments (1, should be 2)
 1352 |     __try_use_facet<num_get<char> >(const locale&) _GLIBCXX_NOTHROW;
      |                                 ^
/usr/include/c++/15/bits/locale_facets.h:1962:11: note: provided for ‘template<class _CharT, class _InIter> class fx2_weight_adaptive_neighbor_v1::std::num_get’
 1962 |     class num_get : public locale::facet
      |           ^~~~~~~
/usr/include/c++/15/bits/locale_facets.tcc:1352:5: error: template-id ‘__try_use_facet<<expression error> >’ for ‘const int* fx2_weight_adaptive_neighbor_v1::std::__try_use_facet(const locale&)’ does not match any template declaration
 1352 |     __try_use_facet<num_get<char> >(const locale&) _GLIBCXX_NOTHROW;
      |     ^~~~~~~~~~~~~~~~~~~~~~~~~~~~~~~
/usr/include/c++/15/bits/locale_classes.tcc:117:5: note: candidate is: ‘template<class _Facet> const _Facet* fx2_weight_adaptive_neighbor_v1::std::__try_use_facet(const locale&)’
  117 |     __try_use_facet(const locale& __loc) _GLIBCXX_NOTHROW
      |     ^~~~~~~~~~~~~~~
/usr/include/c++/15/bits/locale_facets.tcc:1359:11: error: ‘numpunct’ is not a template function
 1359 |     const numpunct<char>&
      |           ^~~~~~~~
/usr/include/c++/15/bits/locale_facets.tcc:1359:19: error: expected ‘;’ before ‘<’ token
 1359 |     const numpunct<char>&
      |                   ^
      |                   ;
/usr/include/c++/15/bits/locale_facets.tcc:1363:23: error: wrong number of template arguments (1, should be 2)
 1363 |     const num_put<char>&
      |                       ^
/usr/include/c++/15/bits/locale_facets.h:2326:11: note: provided for ‘template<class _CharT, class _OutIter> class fx2_weight_adaptive_neighbor_v1::std::num_put’
 2326 |     class num_put : public locale::facet
      |           ^~~~~~~
/usr/include/c++/15/bits/locale_facets.tcc:1364:27: error: wrong number of template arguments (1, should be 2)
 1364 |     use_facet<num_put<char> >(const locale&);
      |                           ^
/usr/include/c++/15/bits/locale_facets.h:2326:11: note: provided for ‘template<class _CharT, class _OutIter> class fx2_weight_adaptive_neighbor_v1::std::num_put’
 2326 |     class num_put : public locale::facet
      |           ^~~~~~~
/usr/include/c++/15/bits/locale_facets.tcc:1364:5: error: template-id ‘use_facet<<expression error> >’ for ‘const int& fx2_weight_adaptive_neighbor_v1::std::use_facet(const locale&)’ does not match any template declaration
 1364 |     use_facet<num_put<char> >(const locale&);
      |     ^~~~~~~~~~~~~~~~~~~~~~~~~
/usr/include/c++/15/bits/locale_classes.tcc:220:5: note: candidate is: ‘template<class _Facet> const _Facet& fx2_weight_adaptive_neighbor_v1::std::use_facet(const locale&)’
  220 |     use_facet(const locale& __loc)
      |     ^~~~~~~~~
/usr/include/c++/15/bits/locale_facets.tcc:1367:23: error: wrong number of template arguments (1, should be 2)
 1367 |     const num_get<char>&
      |                       ^
/usr/include/c++/15/bits/locale_facets.h:1962:11: note: provided for ‘template<class _CharT, class _InIter> class fx2_weight_adaptive_neighbor_v1::std::num_get’
 1962 |     class num_get : public locale::facet
      |           ^~~~~~~
/usr/include/c++/15/bits/locale_facets.tcc:1368:27: error: wrong number of template arguments (1, should be 2)
 1368 |     use_facet<num_get<char> >(const locale&);
      |                           ^
/usr/include/c++/15/bits/locale_facets.h:1962:11: note: provided for ‘template<class _CharT, class _InIter> class fx2_weight_adaptive_neighbor_v1::std::num_get’
 1962 |     class num_get : public locale::facet
      |           ^~~~~~~
/usr/include/c++/15/bits/locale_facets.tcc:1368:5: error: template-id ‘use_facet<<expression error> >’ for ‘const int& fx2_weight_adaptive_neighbor_v1::std::use_facet(const locale&)’ does not match any template declaration
 1368 |     use_facet<num_get<char> >(const locale&);
      |     ^~~~~~~~~~~~~~~~~~~~~~~~~
/usr/include/c++/15/bits/locale_classes.tcc:220:5: note: candidate is: ‘template<class _Facet> const _Facet& fx2_weight_adaptive_neighbor_v1::std::use_facet(const locale&)’
  220 |     use_facet(const locale& __loc)
      |     ^~~~~~~~~
/usr/include/c++/15/bits/locale_facets.tcc:1376:15: error: ‘numpunct’ was not declared in this scope
 1376 |     has_facet<numpunct<char> >(const locale&);
      |               ^~~~~~~~
/usr/include/c++/15/bits/locale_facets.tcc:1376:15: note: suggested alternatives:
/usr/include/c++/15/bits/localefwd.h:164:35: note:   ‘std::__cxx11::numpunct’
  164 |   template<typename _CharT> class numpunct;
      |                                   ^~~~~~~~
/usr/include/c++/15/bits/locale_facets.h:1680:11: note:   ‘fx2_weight_adaptive_neighbor_v1::std::__cxx11::numpunct’
 1680 |     class numpunct : public locale::facet
      |           ^~~~~~~~
/usr/include/c++/15/bits/locale_facets.tcc:1376:5: error: parse error in template argument list
 1376 |     has_facet<numpunct<char> >(const locale&);
      |     ^~~~~~~~~~~~~~~~~~~~~~~~
/usr/include/c++/15/bits/locale_facets.tcc:1376:5: error: template-id ‘has_facet<<expression error> >’ used as a declarator
/usr/include/c++/15/bits/locale_facets.tcc:1376:5: error: ‘template<class _Facet> bool fx2_weight_adaptive_neighbor_v1::std::has_facet(const locale&)’ is not a variable template
/usr/include/c++/15/bits/locale_facets.tcc:1376:29: error: expected ‘;’ before ‘>’ token
 1376 |     has_facet<numpunct<char> >(const locale&);
      |                             ^~
      |                             ;
/usr/include/c++/15/bits/locale_facets.tcc:1380:27: error: wrong number of template arguments (1, should be 2)
 1380 |     has_facet<num_put<char> >(const locale&);
      |                           ^
/usr/include/c++/15/bits/locale_facets.h:2326:11: note: provided for ‘template<class _CharT, class _OutIter> class fx2_weight_adaptive_neighbor_v1::std::num_put’
 2326 |     class num_put : public locale::facet
      |           ^~~~~~~
/usr/include/c++/15/bits/locale_facets.tcc:1380:5: error: template-id ‘has_facet<<expression error> >’ for ‘bool fx2_weight_adaptive_neighbor_v1::std::has_facet(const locale&)’ does not match any template declaration
 1380 |     has_facet<num_put<char> >(const locale&);
      |     ^~~~~~~~~~~~~~~~~~~~~~~~~
/usr/include/c++/15/bits/locale_classes.tcc:190:5: note: candidate is: ‘template<class _Facet> bool fx2_weight_adaptive_neighbor_v1::std::has_facet(const locale&)’
  190 |     has_facet(const locale& __loc) _GLIBCXX_USE_NOEXCEPT
      |     ^~~~~~~~~
/usr/include/c++/15/bits/locale_facets.tcc:1384:27: error: wrong number of template arguments (1, should be 2)
 1384 |     has_facet<num_get<char> >(const locale&);
      |                           ^
/usr/include/c++/15/bits/locale_facets.h:1962:11: note: provided for ‘template<class _CharT, class _InIter> class fx2_weight_adaptive_neighbor_v1::std::num_get’
 1962 |     class num_get : public locale::facet
      |           ^~~~~~~
/usr/include/c++/15/bits/locale_facets.tcc:1384:5: error: template-id ‘has_facet<<expression error> >’ for ‘bool fx2_weight_adaptive_neighbor_v1::std::has_facet(const locale&)’ does not match any template declaration
 1384 |     has_facet<num_get<char> >(const locale&);
      |     ^~~~~~~~~~~~~~~~~~~~~~~~~
/usr/include/c++/15/bits/locale_classes.tcc:190:5: note: candidate is: ‘template<class _Facet> bool fx2_weight_adaptive_neighbor_v1::std::has_facet(const locale&)’
  190 |     has_facet(const locale& __loc) _GLIBCXX_USE_NOEXCEPT
      |     ^~~~~~~~~
/usr/include/c++/15/bits/locale_facets.tcc:1389:64: error: wrong number of template arguments (1, should be 2)
 1389 |   extern template class _GLIBCXX_NAMESPACE_LDBL num_get<wchar_t>;
      |                                                                ^
/usr/include/c++/15/bits/locale_facets.h:1962:11: note: provided for ‘template<class _CharT, class _InIter> class fx2_weight_adaptive_neighbor_v1::std::num_get’
 1962 |     class num_get : public locale::facet
      |           ^~~~~~~
/usr/include/c++/15/bits/locale_facets.tcc:1390:64: error: wrong number of template arguments (1, should be 2)
 1390 |   extern template class _GLIBCXX_NAMESPACE_LDBL num_put<wchar_t>;
      |                                                                ^
/usr/include/c++/15/bits/locale_facets.h:2326:11: note: provided for ‘template<class _CharT, class _OutIter> class fx2_weight_adaptive_neighbor_v1::std::num_put’
 2326 |     class num_put : public locale::facet
      |           ^~~~~~~
/usr/include/c++/15/bits/locale_facets.tcc:1398:11: error: ‘numpunct’ is not a template function
 1398 |     const numpunct<wchar_t>*
      |           ^~~~~~~~
/usr/include/c++/15/bits/locale_facets.tcc:1398:19: error: expected ‘;’ before ‘<’ token
 1398 |     const numpunct<wchar_t>*
      |                   ^
      |                   ;
/usr/include/c++/15/bits/locale_facets.tcc:1402:26: error: wrong number of template arguments (1, should be 2)
 1402 |     const num_put<wchar_t>*
      |                          ^
/usr/include/c++/15/bits/locale_facets.h:2326:11: note: provided for ‘template<class _CharT, class _OutIter> class fx2_weight_adaptive_neighbor_v1::std::num_put’
 2326 |     class num_put : public locale::facet
      |           ^~~~~~~
/usr/include/c++/15/bits/locale_facets.tcc:1403:36: error: wrong number of template arguments (1, should be 2)
 1403 |     __try_use_facet<num_put<wchar_t> >(const locale&) _GLIBCXX_NOTHROW;
      |                                    ^
/usr/include/c++/15/bits/locale_facets.h:2326:11: note: provided for ‘template<class _CharT, class _OutIter> class fx2_weight_adaptive_neighbor_v1::std::num_put’
 2326 |     class num_put : public locale::facet
      |           ^~~~~~~
/usr/include/c++/15/bits/locale_facets.tcc:1403:5: error: template-id ‘__try_use_facet<<expression error> >’ for ‘const int* fx2_weight_adaptive_neighbor_v1::std::__try_use_facet(const locale&)’ does not match any template declaration
 1403 |     __try_use_facet<num_put<wchar_t> >(const locale&) _GLIBCXX_NOTHROW;
      |     ^~~~~~~~~~~~~~~~~~~~~~~~~~~~~~~~~~
/usr/include/c++/15/bits/locale_classes.tcc:117:5: note: candidate is: ‘template<class _Facet> const _Facet* fx2_weight_adaptive_neighbor_v1::std::__try_use_facet(const locale&)’
  117 |     __try_use_facet(const locale& __loc) _GLIBCXX_NOTHROW
      |     ^~~~~~~~~~~~~~~
/usr/include/c++/15/bits/locale_facets.tcc:1406:26: error: wrong number of template arguments (1, should be 2)
 1406 |     const num_get<wchar_t>*
      |                          ^
/usr/include/c++/15/bits/locale_facets.h:1962:11: note: provided for ‘template<class _CharT, class _InIter> class fx2_weight_adaptive_neighbor_v1::std::num_get’
 1962 |     class num_get : public locale::facet
      |           ^~~~~~~
/usr/include/c++/15/bits/locale_facets.tcc:1407:36: error: wrong number of template arguments (1, should be 2)
 1407 |     __try_use_facet<num_get<wchar_t> >(const locale&) _GLIBCXX_NOTHROW;
      |                                    ^
/usr/include/c++/15/bits/locale_facets.h:1962:11: note: provided for ‘template<class _CharT, class _InIter> class fx2_weight_adaptive_neighbor_v1::std::num_get’
 1962 |     class num_get : public locale::facet
      |           ^~~~~~~
/usr/include/c++/15/bits/locale_facets.tcc:1407:5: error: template-id ‘__try_use_facet<<expression error> >’ for ‘const int* fx2_weight_adaptive_neighbor_v1::std::__try_use_facet(const locale&)’ does not match any template declaration
 1407 |     __try_use_facet<num_get<wchar_t> >(const locale&) _GLIBCXX_NOTHROW;
      |     ^~~~~~~~~~~~~~~~~~~~~~~~~~~~~~~~~~
/usr/include/c++/15/bits/locale_classes.tcc:117:5: note: candidate is: ‘template<class _Facet> const _Facet* fx2_weight_adaptive_neighbor_v1::std::__try_use_facet(const locale&)’
  117 |     __try_use_facet(const locale& __loc) _GLIBCXX_NOTHROW
      |     ^~~~~~~~~~~~~~~
/usr/include/c++/15/bits/locale_facets.tcc:1414:11: error: ‘numpunct’ is not a template function
 1414 |     const numpunct<wchar_t>&
      |           ^~~~~~~~
/usr/include/c++/15/bits/locale_facets.tcc:1414:19: error: expected ‘;’ before ‘<’ token
 1414 |     const numpunct<wchar_t>&
      |                   ^
      |                   ;
/usr/include/c++/15/bits/locale_facets.tcc:1418:26: error: wrong number of template arguments (1, should be 2)
 1418 |     const num_put<wchar_t>&
      |                          ^
/usr/include/c++/15/bits/locale_facets.h:2326:11: note: provided for ‘template<class _CharT, class _OutIter> class fx2_weight_adaptive_neighbor_v1::std::num_put’
 2326 |     class num_put : public locale::facet
      |           ^~~~~~~
/usr/include/c++/15/bits/locale_facets.tcc:1419:30: error: wrong number of template arguments (1, should be 2)
 1419 |     use_facet<num_put<wchar_t> >(const locale&);
      |                              ^
/usr/include/c++/15/bits/locale_facets.h:2326:11: note: provided for ‘template<class _CharT, class _OutIter> class fx2_weight_adaptive_neighbor_v1::std::num_put’
 2326 |     class num_put : public locale::facet
      |           ^~~~~~~
/usr/include/c++/15/bits/locale_facets.tcc:1419:5: error: template-id ‘use_facet<<expression error> >’ for ‘const int& fx2_weight_adaptive_neighbor_v1::std::use_facet(const locale&)’ does not match any template declaration
 1419 |     use_facet<num_put<wchar_t> >(const locale&);
      |     ^~~~~~~~~~~~~~~~~~~~~~~~~~~~
/usr/include/c++/15/bits/locale_classes.tcc:220:5: note: candidate is: ‘template<class _Facet> const _Facet& fx2_weight_adaptive_neighbor_v1::std::use_facet(const locale&)’
  220 |     use_facet(const locale& __loc)
      |     ^~~~~~~~~
/usr/include/c++/15/bits/locale_facets.tcc:1422:26: error: wrong number of template arguments (1, should be 2)
 1422 |     const num_get<wchar_t>&
      |                          ^
/usr/include/c++/15/bits/locale_facets.h:1962:11: note: provided for ‘template<class _CharT, class _InIter> class fx2_weight_adaptive_neighbor_v1::std::num_get’
 1962 |     class num_get : public locale::facet
      |           ^~~~~~~
/usr/include/c++/15/bits/locale_facets.tcc:1423:30: error: wrong number of template arguments (1, should be 2)
 1423 |     use_facet<num_get<wchar_t> >(const locale&);
      |                              ^
/usr/include/c++/15/bits/locale_facets.h:1962:11: note: provided for ‘template<class _CharT, class _InIter> class fx2_weight_adaptive_neighbor_v1::std::num_get’
 1962 |     class num_get : public locale::facet
      |           ^~~~~~~
/usr/include/c++/15/bits/locale_facets.tcc:1423:5: error: template-id ‘use_facet<<expression error> >’ for ‘const int& fx2_weight_adaptive_neighbor_v1::std::use_facet(const locale&)’ does not match any template declaration
 1423 |     use_facet<num_get<wchar_t> >(const locale&);
      |     ^~~~~~~~~~~~~~~~~~~~~~~~~~~~
/usr/include/c++/15/bits/locale_classes.tcc:220:5: note: candidate is: ‘template<class _Facet> const _Facet& fx2_weight_adaptive_neighbor_v1::std::use_facet(const locale&)’
  220 |     use_facet(const locale& __loc)
      |     ^~~~~~~~~
/usr/include/c++/15/bits/locale_facets.tcc:1431:15: error: ‘numpunct’ was not declared in this scope
 1431 |     has_facet<numpunct<wchar_t> >(const locale&);
      |               ^~~~~~~~
/usr/include/c++/15/bits/locale_facets.tcc:1431:15: note: suggested alternatives:
/usr/include/c++/15/bits/localefwd.h:164:35: note:   ‘std::__cxx11::numpunct’
  164 |   template<typename _CharT> class numpunct;
      |                                   ^~~~~~~~
/usr/include/c++/15/bits/locale_facets.h:1680:11: note:   ‘fx2_weight_adaptive_neighbor_v1::std::__cxx11::numpunct’
 1680 |     class numpunct : public locale::facet
      |           ^~~~~~~~
/usr/include/c++/15/bits/locale_facets.tcc:1431:5: error: parse error in template argument list
 1431 |     has_facet<numpunct<wchar_t> >(const locale&);
      |     ^~~~~~~~~~~~~~~~~~~~~~~~~~~
/usr/include/c++/15/bits/locale_facets.tcc:1431:5: error: template-id ‘has_facet<<expression error> >’ used as a declarator
/usr/include/c++/15/bits/locale_facets.tcc:1431:5: error: ‘template<class _Facet> bool fx2_weight_adaptive_neighbor_v1::std::has_facet(const locale&)’ is not a variable template
/usr/include/c++/15/bits/locale_facets.tcc:1431:32: error: expected ‘;’ before ‘>’ token
 1431 |     has_facet<numpunct<wchar_t> >(const locale&);
      |                                ^~
      |                                ;
/usr/include/c++/15/bits/locale_facets.tcc:1435:30: error: wrong number of template arguments (1, should be 2)
 1435 |     has_facet<num_put<wchar_t> >(const locale&);
      |                              ^
/usr/include/c++/15/bits/locale_facets.h:2326:11: note: provided for ‘template<class _CharT, class _OutIter> class fx2_weight_adaptive_neighbor_v1::std::num_put’
 2326 |     class num_put : public locale::facet
      |           ^~~~~~~
/usr/include/c++/15/bits/locale_facets.tcc:1435:5: error: template-id ‘has_facet<<expression error> >’ for ‘bool fx2_weight_adaptive_neighbor_v1::std::has_facet(const locale&)’ does not match any template declaration
 1435 |     has_facet<num_put<wchar_t> >(const locale&);
      |     ^~~~~~~~~~~~~~~~~~~~~~~~~~~~
/usr/include/c++/15/bits/locale_classes.tcc:190:5: note: candidate is: ‘template<class _Facet> bool fx2_weight_adaptive_neighbor_v1::std::has_facet(const locale&)’
  190 |     has_facet(const locale& __loc) _GLIBCXX_USE_NOEXCEPT
      |     ^~~~~~~~~
/usr/include/c++/15/bits/locale_facets.tcc:1439:30: error: wrong number of template arguments (1, should be 2)
 1439 |     has_facet<num_get<wchar_t> >(const locale&);
      |                              ^
/usr/include/c++/15/bits/locale_facets.h:1962:11: note: provided for ‘template<class _CharT, class _InIter> class fx2_weight_adaptive_neighbor_v1::std::num_get’
 1962 |     class num_get : public locale::facet
      |           ^~~~~~~
/usr/include/c++/15/bits/locale_facets.tcc:1439:5: error: template-id ‘has_facet<<expression error> >’ for ‘bool fx2_weight_adaptive_neighbor_v1::std::has_facet(const locale&)’ does not match any template declaration
 1439 |     has_facet<num_get<wchar_t> >(const locale&);
      |     ^~~~~~~~~~~~~~~~~~~~~~~~~~~~
/usr/include/c++/15/bits/locale_classes.tcc:190:5: note: candidate is: ‘template<class _Facet> bool fx2_weight_adaptive_neighbor_v1::std::has_facet(const locale&)’
  190 |     has_facet(const locale& __loc) _GLIBCXX_USE_NOEXCEPT
      |     ^~~~~~~~~
/usr/include/c++/15/bits/basic_ios.h: In function ‘const _Facet& fx2_weight_adaptive_neighbor_v1::std::__check_facet(const _Facet*)’:
/usr/include/c++/15/bits/basic_ios.h:52:9: error: there are no arguments to ‘__throw_bad_cast’ that depend on a template parameter, so a declaration of ‘__throw_bad_cast’ must be available [-Wtemplate-body]
   52 |         __throw_bad_cast();
      |         ^~~~~~~~~~~~~~~~
/usr/include/c++/15/bits/basic_ios.h: At global scope:
/usr/include/c++/15/bits/basic_ios.h:69:11: error: ‘fx2_weight_adaptive_neighbor_v1::std::basic_ios’ is not a template
   69 |     class basic_ios : public ios_base
      |           ^~~~~~~~~
/usr/include/c++/15/streambuf:147:20: note: previous declaration here
  147 |       friend class basic_ios<char_type, traits_type>;
      |                    ^~~~~~~~~
In file included from /usr/include/c++/15/bits/basic_ios.h:531:
/usr/include/c++/15/bits/basic_ios.tcc:46:14: error: expected initializer before ‘<’ token
   46 |     basic_ios<_CharT, _Traits>::clear(iostate __state)
      |              ^
/usr/include/c++/15/bits/basic_ios.tcc:58:14: error: expected initializer before ‘<’ token
   58 |     basic_ios<_CharT, _Traits>::rdbuf(basic_streambuf<_CharT, _Traits>* __sb)
      |              ^
/usr/include/c++/15/bits/basic_ios.tcc:67:5: error: ‘fx2_weight_adaptive_neighbor_v1::std::basic_ios’ is not a template
   67 |     basic_ios<_CharT, _Traits>&
      |     ^~~~~~~~~
/usr/include/c++/15/bits/basic_ios.tcc:68:14: error: expected initializer before ‘<’ token
   68 |     basic_ios<_CharT, _Traits>::copyfmt(const basic_ios& __rhs)
      |              ^
/usr/include/c++/15/bits/basic_ios.tcc:119:14: error: expected initializer before ‘<’ token
  119 |     basic_ios<_CharT, _Traits>::imbue(const locale& __loc)
      |              ^
/usr/include/c++/15/bits/basic_ios.tcc:131:14: error: expected initializer before ‘<’ token
  131 |     basic_ios<_CharT, _Traits>::init(basic_streambuf<_CharT, _Traits>* __sb)
      |              ^
/usr/include/c++/15/bits/basic_ios.tcc:169:14: error: expected initializer before ‘<’ token
  169 |     basic_ios<_CharT, _Traits>::_M_cache_locale(const locale& __loc)
      |              ^
/usr/include/c++/15/bits/basic_ios.tcc:179:25: error: ‘basic_ios’ is not a class template
  179 |   extern template class basic_ios<char>;
      |                         ^~~~~~~~~
/usr/include/c++/15/bits/basic_ios.tcc:179:25: error: explicit instantiation of non-template type ‘fx2_weight_adaptive_neighbor_v1::std::basic_ios’
/usr/include/c++/15/bits/basic_ios.tcc:182:25: error: ‘basic_ios’ is not a class template
  182 |   extern template class basic_ios<wchar_t>;
      |                         ^~~~~~~~~
/usr/include/c++/15/bits/basic_ios.tcc:182:25: error: explicit instantiation of non-template type ‘fx2_weight_adaptive_neighbor_v1::std::basic_ios’
/usr/include/c++/15/bits/ostream.h:66:11: error: ‘fx2_weight_adaptive_neighbor_v1::std::basic_ostream’ is not a template
   66 |     class basic_ostream : virtual public basic_ios<_CharT, _Traits>
      |           ^~~~~~~~~~~~~
/usr/include/c++/15/streambuf:149:20: note: previous declaration here
  149 |       friend class basic_ostream<char_type, traits_type>;
      |                    ^~~~~~~~~~~~~
/usr/include/c++/15/bits/ostream.h:66:51: error: expected template-name before ‘<’ token
   66 |     class basic_ostream : virtual public basic_ios<_CharT, _Traits>
      |                                                   ^
/usr/include/c++/15/bits/ostream.h:541:11: error: ‘basic_ostream’ is not a class template
  541 |     class basic_ostream<_CharT, _Traits>::sentry
      |           ^~~~~~~~~~~~~
/usr/include/c++/15/bits/ostream.h:541:43: error: invalid use of incomplete type ‘class fx2_weight_adaptive_neighbor_v1::std::basic_ostream’
  541 |     class basic_ostream<_CharT, _Traits>::sentry
      |                                           ^~~~~~
/usr/include/c++/15/streambuf:149:20: note: forward declaration of ‘class fx2_weight_adaptive_neighbor_v1::std::basic_ostream’
  149 |       friend class basic_ostream<char_type, traits_type>;
      |                    ^~~~~~~~~~~~~
/usr/include/c++/15/bits/ostream.h:542:5: error: expected unqualified-id before ‘{’ token
  542 |     {
      |     ^
/usr/include/c++/15/bits/ostream.h:625:12: error: ‘fx2_weight_adaptive_neighbor_v1::std::basic_ostream’ is not a template
  625 |     inline basic_ostream<_CharT, _Traits>&
      |            ^~~~~~~~~~~~~
/usr/include/c++/15/bits/ostream.h:626:16: error: ‘fx2_weight_adaptive_neighbor_v1::std::basic_ostream’ is not a template
  626 |     operator<<(basic_ostream<_CharT, _Traits>& __out, _CharT __c)
      |                ^~~~~~~~~~~~~
/usr/include/c++/15/bits/ostream.h:635:12: error: ‘fx2_weight_adaptive_neighbor_v1::std::basic_ostream’ is not a template
  635 |     inline basic_ostream<_CharT, _Traits>&
      |            ^~~~~~~~~~~~~
/usr/include/c++/15/bits/ostream.h:636:16: error: ‘fx2_weight_adaptive_neighbor_v1::std::basic_ostream’ is not a template
  636 |     operator<<(basic_ostream<_CharT, _Traits>& __out, char __c)
      |                ^~~~~~~~~~~~~
/usr/include/c++/15/bits/ostream.h:641:12: error: ‘fx2_weight_adaptive_neighbor_v1::std::basic_ostream’ is not a template
  641 |     inline basic_ostream<char, _Traits>&
      |            ^~~~~~~~~~~~~
/usr/include/c++/15/bits/ostream.h:642:16: error: ‘fx2_weight_adaptive_neighbor_v1::std::basic_ostream’ is not a template
  642 |     operator<<(basic_ostream<char, _Traits>& __out, char __c)
      |                ^~~~~~~~~~~~~
/usr/include/c++/15/bits/ostream.h: In function ‘fx2_weight_adaptive_neighbor_v1::std::basic_ostream& fx2_weight_adaptive_neighbor_v1::std::operator<<(basic_ostream&, char)’:
/usr/include/c++/15/bits/ostream.h:645:16: error: there are no arguments to ‘__ostream_insert’ that depend on a template parameter, so a declaration of ‘__ostream_insert’ must be available [-Wtemplate-body]
  645 |         return __ostream_insert(__out, &__c, 1);
      |                ^~~~~~~~~~~~~~~~
/usr/include/c++/15/bits/ostream.h: At global scope:
/usr/include/c++/15/bits/ostream.h:652:12: error: ‘fx2_weight_adaptive_neighbor_v1::std::basic_ostream’ is not a template
  652 |     inline basic_ostream<char, _Traits>&
      |            ^~~~~~~~~~~~~
/usr/include/c++/15/bits/ostream.h:653:16: error: ‘fx2_weight_adaptive_neighbor_v1::std::basic_ostream’ is not a template
  653 |     operator<<(basic_ostream<char, _Traits>& __out, signed char __c)
      |                ^~~~~~~~~~~~~
/usr/include/c++/15/bits/ostream.h: In function ‘fx2_weight_adaptive_neighbor_v1::std::basic_ostream& fx2_weight_adaptive_neighbor_v1::std::operator<<(basic_ostream&, signed char)’:
/usr/include/c++/15/bits/ostream.h:654:21: error: no match for ‘operator<<’ (operand types are ‘fx2_weight_adaptive_neighbor_v1::std::basic_ostream’ and ‘char’) [-Wtemplate-body]
  654 |     { return (__out << static_cast<char>(__c)); }
      |               ~~~~~ ^~ ~~~~~~~~~~~~~~~~~~~~~~
      |               |        |
      |               |        char
      |               fx2_weight_adaptive_neighbor_v1::std::basic_ostream
/usr/include/c++/15/bits/ostream.h:654:21: note: there are 4 candidates
  654 |     { return (__out << static_cast<char>(__c)); }
      |               ~~~~~~^~~~~~~~~~~~~~~~~~~~~~~~~
/usr/include/c++/15/bits/ostream.h:626:5: note: candidate 1: ‘template<class _CharT, class _Traits> fx2_weight_adaptive_neighbor_v1::std::basic_ostream& fx2_weight_adaptive_neighbor_v1::std::operator<<(basic_ostream&, _CharT)’
  626 |     operator<<(basic_ostream<_CharT, _Traits>& __out, _CharT __c)
      |     ^~~~~~~~
/usr/include/c++/15/bits/ostream.h:626:5: note: template argument deduction/substitution failed:
/usr/include/c++/15/bits/ostream.h:654:45: note:   couldn’t deduce template parameter ‘_Traits’
  654 |     { return (__out << static_cast<char>(__c)); }
      |                                             ^
/usr/include/c++/15/bits/ostream.h:636:5: note: candidate 2: ‘template<class _CharT, class _Traits> fx2_weight_adaptive_neighbor_v1::std::basic_ostream& fx2_weight_adaptive_neighbor_v1::std::operator<<(basic_ostream&, char)’
  636 |     operator<<(basic_ostream<_CharT, _Traits>& __out, char __c)
      |     ^~~~~~~~
/usr/include/c++/15/bits/ostream.h:636:5: note: template argument deduction/substitution failed:
/usr/include/c++/15/bits/ostream.h:654:45: note:   couldn’t deduce template parameter ‘_CharT’
  654 |     { return (__out << static_cast<char>(__c)); }
      |                                             ^
/usr/include/c++/15/bits/ostream.h:642:5: note: candidate 3: ‘template<class _Traits> fx2_weight_adaptive_neighbor_v1::std::basic_ostream& fx2_weight_adaptive_neighbor_v1::std::operator<<(basic_ostream&, char)’
  642 |     operator<<(basic_ostream<char, _Traits>& __out, char __c)
      |     ^~~~~~~~
/usr/include/c++/15/bits/ostream.h:642:5: note: template argument deduction/substitution failed:
/usr/include/c++/15/bits/ostream.h:654:45: note:   couldn’t deduce template parameter ‘_Traits’
  654 |     { return (__out << static_cast<char>(__c)); }
      |                                             ^
/usr/include/c++/15/bits/ostream.h:653:5: note: candidate 4: ‘template<class _Traits> fx2_weight_adaptive_neighbor_v1::std::basic_ostream& fx2_weight_adaptive_neighbor_v1::std::operator<<(basic_ostream&, signed char)’
  653 |     operator<<(basic_ostream<char, _Traits>& __out, signed char __c)
      |     ^~~~~~~~
/usr/include/c++/15/bits/ostream.h:653:5: note: template argument deduction/substitution failed:
/usr/include/c++/15/bits/ostream.h:654:45: note:   couldn’t deduce template parameter ‘_Traits’
  654 |     { return (__out << static_cast<char>(__c)); }
      |                                             ^
/usr/include/c++/15/bits/ostream.h: At global scope:
/usr/include/c++/15/bits/ostream.h:657:12: error: ‘fx2_weight_adaptive_neighbor_v1::std::basic_ostream’ is not a template
  657 |     inline basic_ostream<char, _Traits>&
      |            ^~~~~~~~~~~~~
/usr/include/c++/15/bits/ostream.h:658:16: error: ‘fx2_weight_adaptive_neighbor_v1::std::basic_ostream’ is not a template
  658 |     operator<<(basic_ostream<char, _Traits>& __out, unsigned char __c)
      |                ^~~~~~~~~~~~~
/usr/include/c++/15/bits/ostream.h: In function ‘fx2_weight_adaptive_neighbor_v1::std::basic_ostream& fx2_weight_adaptive_neighbor_v1::std::operator<<(basic_ostream&, unsigned char)’:
/usr/include/c++/15/bits/ostream.h:659:21: error: no match for ‘operator<<’ (operand types are ‘fx2_weight_adaptive_neighbor_v1::std::basic_ostream’ and ‘char’) [-Wtemplate-body]
  659 |     { return (__out << static_cast<char>(__c)); }
      |               ~~~~~ ^~ ~~~~~~~~~~~~~~~~~~~~~~
      |               |        |
      |               |        char
      |               fx2_weight_adaptive_neighbor_v1::std::basic_ostream
/usr/include/c++/15/bits/ostream.h:659:21: note: there are 5 candidates
  659 |     { return (__out << static_cast<char>(__c)); }
      |               ~~~~~~^~~~~~~~~~~~~~~~~~~~~~~~~
/usr/include/c++/15/bits/ostream.h:626:5: note: candidate 1: ‘template<class _CharT, class _Traits> fx2_weight_adaptive_neighbor_v1::std::basic_ostream& fx2_weight_adaptive_neighbor_v1::std::operator<<(basic_ostream&, _CharT)’
  626 |     operator<<(basic_ostream<_CharT, _Traits>& __out, _CharT __c)
      |     ^~~~~~~~
/usr/include/c++/15/bits/ostream.h:626:5: note: template argument deduction/substitution failed:
/usr/include/c++/15/bits/ostream.h:659:45: note:   couldn’t deduce template parameter ‘_Traits’
  659 |     { return (__out << static_cast<char>(__c)); }
      |                                             ^
/usr/include/c++/15/bits/ostream.h:636:5: note: candidate 2: ‘template<class _CharT, class _Traits> fx2_weight_adaptive_neighbor_v1::std::basic_ostream& fx2_weight_adaptive_neighbor_v1::std::operator<<(basic_ostream&, char)’
  636 |     operator<<(basic_ostream<_CharT, _Traits>& __out, char __c)
      |     ^~~~~~~~
/usr/include/c++/15/bits/ostream.h:636:5: note: template argument deduction/substitution failed:
/usr/include/c++/15/bits/ostream.h:659:45: note:   couldn’t deduce template parameter ‘_CharT’
  659 |     { return (__out << static_cast<char>(__c)); }
      |                                             ^
/usr/include/c++/15/bits/ostream.h:642:5: note: candidate 3: ‘template<class _Traits> fx2_weight_adaptive_neighbor_v1::std::basic_ostream& fx2_weight_adaptive_neighbor_v1::std::operator<<(basic_ostream&, char)’
  642 |     operator<<(basic_ostream<char, _Traits>& __out, char __c)
      |     ^~~~~~~~
/usr/include/c++/15/bits/ostream.h:642:5: note: template argument deduction/substitution failed:
/usr/include/c++/15/bits/ostream.h:659:45: note:   couldn’t deduce template parameter ‘_Traits’
  659 |     { return (__out << static_cast<char>(__c)); }
      |                                             ^
/usr/include/c++/15/bits/ostream.h:653:5: note: candidate 4: ‘template<class _Traits> fx2_weight_adaptive_neighbor_v1::std::basic_ostream& fx2_weight_adaptive_neighbor_v1::std::operator<<(basic_ostream&, signed char)’
  653 |     operator<<(basic_ostream<char, _Traits>& __out, signed char __c)
      |     ^~~~~~~~
/usr/include/c++/15/bits/ostream.h:653:5: note: template argument deduction/substitution failed:
/usr/include/c++/15/bits/ostream.h:659:45: note:   couldn’t deduce template parameter ‘_Traits’
  659 |     { return (__out << static_cast<char>(__c)); }
      |                                             ^
/usr/include/c++/15/bits/ostream.h:658:5: note: candidate 5: ‘template<class _Traits> fx2_weight_adaptive_neighbor_v1::std::basic_ostream& fx2_weight_adaptive_neighbor_v1::std::operator<<(basic_ostream&, unsigned char)’
  658 |     operator<<(basic_ostream<char, _Traits>& __out, unsigned char __c)
      |     ^~~~~~~~
/usr/include/c++/15/bits/ostream.h:658:5: note: template argument deduction/substitution failed:
/usr/include/c++/15/bits/ostream.h:659:45: note:   couldn’t deduce template parameter ‘_Traits’
  659 |     { return (__out << static_cast<char>(__c)); }
      |                                             ^
/usr/include/c++/15/bits/ostream.h: At global scope:
/usr/include/c++/15/bits/ostream.h:716:12: error: ‘fx2_weight_adaptive_neighbor_v1::std::basic_ostream’ is not a template
  716 |     inline basic_ostream<_CharT, _Traits>&
      |            ^~~~~~~~~~~~~
/usr/include/c++/15/bits/ostream.h:717:16: error: ‘fx2_weight_adaptive_neighbor_v1::std::basic_ostream’ is not a template
  717 |     operator<<(basic_ostream<_CharT, _Traits>& __out, const _CharT* __s)
      |                ^~~~~~~~~~~~~
/usr/include/c++/15/bits/ostream.h: In function ‘fx2_weight_adaptive_neighbor_v1::std::basic_ostream& fx2_weight_adaptive_neighbor_v1::std::operator<<(basic_ostream&, const _CharT*)’:
/usr/include/c++/15/bits/ostream.h:723:38: error: ‘streamsize’ does not name a type [-Wtemplate-body]
  723 |                          static_cast<streamsize>(_Traits::length(__s)));
      |                                      ^~~~~~~~~~
/usr/include/c++/15/bits/ostream.h: At global scope:
/usr/include/c++/15/bits/ostream.h:728:5: error: ‘fx2_weight_adaptive_neighbor_v1::std::basic_ostream’ is not a template
  728 |     basic_ostream<_CharT, _Traits> &
      |     ^~~~~~~~~~~~~
/usr/include/c++/15/bits/ostream.h:729:16: error: ‘fx2_weight_adaptive_neighbor_v1::std::basic_ostream’ is not a template
  729 |     operator<<(basic_ostream<_CharT, _Traits>& __out, const char* __s);
      |                ^~~~~~~~~~~~~
/usr/include/c++/15/bits/ostream.h:733:12: error: ‘fx2_weight_adaptive_neighbor_v1::std::basic_ostream’ is not a template
  733 |     inline basic_ostream<char, _Traits>&
      |            ^~~~~~~~~~~~~
/usr/include/c++/15/bits/ostream.h:734:16: error: ‘fx2_weight_adaptive_neighbor_v1::std::basic_ostream’ is not a template
  734 |     operator<<(basic_ostream<char, _Traits>& __out, const char* __s)
      |                ^~~~~~~~~~~~~
/usr/include/c++/15/bits/ostream.h: In function ‘fx2_weight_adaptive_neighbor_v1::std::basic_ostream& fx2_weight_adaptive_neighbor_v1::std::operator<<(basic_ostream&, const char*)’:
/usr/include/c++/15/bits/ostream.h:740:38: error: ‘streamsize’ does not name a type [-Wtemplate-body]
  740 |                          static_cast<streamsize>(_Traits::length(__s)));
      |                                      ^~~~~~~~~~
/usr/include/c++/15/bits/ostream.h:739:9: error: there are no arguments to ‘__ostream_insert’ that depend on a template parameter, so a declaration of ‘__ostream_insert’ must be available [-Wtemplate-body]
  739 |         __ostream_insert(__out, __s,
      |         ^~~~~~~~~~~~~~~~
/usr/include/c++/15/bits/ostream.h: At global scope:
/usr/include/c++/15/bits/ostream.h:746:12: error: ‘fx2_weight_adaptive_neighbor_v1::std::basic_ostream’ is not a template
  746 |     inline basic_ostream<char, _Traits>&
      |            ^~~~~~~~~~~~~
/usr/include/c++/15/bits/ostream.h:747:16: error: ‘fx2_weight_adaptive_neighbor_v1::std::basic_ostream’ is not a template
  747 |     operator<<(basic_ostream<char, _Traits>& __out, const signed char* __s)
      |                ^~~~~~~~~~~~~
/usr/include/c++/15/bits/ostream.h: In function ‘fx2_weight_adaptive_neighbor_v1::std::basic_ostream& fx2_weight_adaptive_neighbor_v1::std::operator<<(basic_ostream&, const signed char*)’:
/usr/include/c++/15/bits/ostream.h:748:21: error: no match for ‘operator<<’ (operand types are ‘fx2_weight_adaptive_neighbor_v1::std::basic_ostream’ and ‘const char*’) [-Wtemplate-body]
  748 |     { return (__out << reinterpret_cast<const char*>(__s)); }
      |               ~~~~~ ^~ ~~~~~~~~~~~~~~~~~~~~~~~~~~~~~~~~~~
      |               |        |
      |               |        const char*
      |               fx2_weight_adaptive_neighbor_v1::std::basic_ostream
/usr/include/c++/15/bits/ostream.h:748:21: note: there are 9 candidates
  748 |     { return (__out << reinterpret_cast<const char*>(__s)); }
      |               ~~~~~~^~~~~~~~~~~~~~~~~~~~~~~~~~~~~~~~~~~~~
/usr/include/c++/15/bits/ostream.h:626:5: note: candidate 1: ‘template<class _CharT, class _Traits> fx2_weight_adaptive_neighbor_v1::std::basic_ostream& fx2_weight_adaptive_neighbor_v1::std::operator<<(basic_ostream&, _CharT)’
  626 |     operator<<(basic_ostream<_CharT, _Traits>& __out, _CharT __c)
      |     ^~~~~~~~
/usr/include/c++/15/bits/ostream.h:626:5: note: template argument deduction/substitution failed:
/usr/include/c++/15/bits/ostream.h:748:57: note:   couldn’t deduce template parameter ‘_Traits’
  748 |     { return (__out << reinterpret_cast<const char*>(__s)); }
      |                                                         ^
/usr/include/c++/15/bits/ostream.h:636:5: note: candidate 2: ‘template<class _CharT, class _Traits> fx2_weight_adaptive_neighbor_v1::std::basic_ostream& fx2_weight_adaptive_neighbor_v1::std::operator<<(basic_ostream&, char)’
  636 |     operator<<(basic_ostream<_CharT, _Traits>& __out, char __c)
      |     ^~~~~~~~
/usr/include/c++/15/bits/ostream.h:636:5: note: template argument deduction/substitution failed:
/usr/include/c++/15/bits/ostream.h:748:57: note:   couldn’t deduce template parameter ‘_CharT’
  748 |     { return (__out << reinterpret_cast<const char*>(__s)); }
      |                                                         ^
/usr/include/c++/15/bits/ostream.h:642:5: note: candidate 3: ‘template<class _Traits> fx2_weight_adaptive_neighbor_v1::std::basic_ostream& fx2_weight_adaptive_neighbor_v1::std::operator<<(basic_ostream&, char)’
  642 |     operator<<(basic_ostream<char, _Traits>& __out, char __c)
      |     ^~~~~~~~
/usr/include/c++/15/bits/ostream.h:642:5: note: template argument deduction/substitution failed:
/usr/include/c++/15/bits/ostream.h:748:57: note:   couldn’t deduce template parameter ‘_Traits’
  748 |     { return (__out << reinterpret_cast<const char*>(__s)); }
      |                                                         ^
/usr/include/c++/15/bits/ostream.h:653:5: note: candidate 4: ‘template<class _Traits> fx2_weight_adaptive_neighbor_v1::std::basic_ostream& fx2_weight_adaptive_neighbor_v1::std::operator<<(basic_ostream&, signed char)’
  653 |     operator<<(basic_ostream<char, _Traits>& __out, signed char __c)
      |     ^~~~~~~~
/usr/include/c++/15/bits/ostream.h:653:5: note: template argument deduction/substitution failed:
/usr/include/c++/15/bits/ostream.h:748:57: note:   couldn’t deduce template parameter ‘_Traits’
  748 |     { return (__out << reinterpret_cast<const char*>(__s)); }
      |                                                         ^
/usr/include/c++/15/bits/ostream.h:658:5: note: candidate 5: ‘template<class _Traits> fx2_weight_adaptive_neighbor_v1::std::basic_ostream& fx2_weight_adaptive_neighbor_v1::std::operator<<(basic_ostream&, unsigned char)’
  658 |     operator<<(basic_ostream<char, _Traits>& __out, unsigned char __c)
      |     ^~~~~~~~
/usr/include/c++/15/bits/ostream.h:658:5: note: template argument deduction/substitution failed:
/usr/include/c++/15/bits/ostream.h:748:57: note:   couldn’t deduce template parameter ‘_Traits’
  748 |     { return (__out << reinterpret_cast<const char*>(__s)); }
      |                                                         ^
/usr/include/c++/15/bits/ostream.h:717:5: note: candidate 6: ‘template<class _CharT, class _Traits> fx2_weight_adaptive_neighbor_v1::std::basic_ostream& fx2_weight_adaptive_neighbor_v1::std::operator<<(basic_ostream&, const _CharT*)’
  717 |     operator<<(basic_ostream<_CharT, _Traits>& __out, const _CharT* __s)
      |     ^~~~~~~~
/usr/include/c++/15/bits/ostream.h:717:5: note: template argument deduction/substitution failed:
/usr/include/c++/15/bits/ostream.h:748:57: note:   couldn’t deduce template parameter ‘_Traits’
  748 |     { return (__out << reinterpret_cast<const char*>(__s)); }
      |                                                         ^
/usr/include/c++/15/bits/ostream.h:729:5: note: candidate 7: ‘template<class _CharT, class _Traits> fx2_weight_adaptive_neighbor_v1::std::basic_ostream& fx2_weight_adaptive_neighbor_v1::std::operator<<(basic_ostream&, const char*)’
  729 |     operator<<(basic_ostream<_CharT, _Traits>& __out, const char* __s);
      |     ^~~~~~~~
/usr/include/c++/15/bits/ostream.h:729:5: note: template argument deduction/substitution failed:
/usr/include/c++/15/bits/ostream.h:748:57: note:   couldn’t deduce template parameter ‘_CharT’
  748 |     { return (__out << reinterpret_cast<const char*>(__s)); }
      |                                                         ^
/usr/include/c++/15/bits/ostream.h:734:5: note: candidate 8: ‘template<class _Traits> fx2_weight_adaptive_neighbor_v1::std::basic_ostream& fx2_weight_adaptive_neighbor_v1::std::operator<<(basic_ostream&, const char*)’
  734 |     operator<<(basic_ostream<char, _Traits>& __out, const char* __s)
      |     ^~~~~~~~
/usr/include/c++/15/bits/ostream.h:734:5: note: template argument deduction/substitution failed:
/usr/include/c++/15/bits/ostream.h:748:57: note:   couldn’t deduce template parameter ‘_Traits’
  748 |     { return (__out << reinterpret_cast<const char*>(__s)); }
      |                                                         ^
/usr/include/c++/15/bits/ostream.h:747:5: note: candidate 9: ‘template<class _Traits> fx2_weight_adaptive_neighbor_v1::std::basic_ostream& fx2_weight_adaptive_neighbor_v1::std::operator<<(basic_ostream&, const signed char*)’
  747 |     operator<<(basic_ostream<char, _Traits>& __out, const signed char* __s)
      |     ^~~~~~~~
/usr/include/c++/15/bits/ostream.h:747:5: note: template argument deduction/substitution failed:
/usr/include/c++/15/bits/ostream.h:748:57: note:   couldn’t deduce template parameter ‘_Traits’
  748 |     { return (__out << reinterpret_cast<const char*>(__s)); }
      |                                                         ^
/usr/include/c++/15/bits/ostream.h: At global scope:
/usr/include/c++/15/bits/ostream.h:751:12: error: ‘fx2_weight_adaptive_neighbor_v1::std::basic_ostream’ is not a template
  751 |     inline basic_ostream<char, _Traits> &
      |            ^~~~~~~~~~~~~
/usr/include/c++/15/bits/ostream.h:752:16: error: ‘fx2_weight_adaptive_neighbor_v1::std::basic_ostream’ is not a template
  752 |     operator<<(basic_ostream<char, _Traits>& __out, const unsigned char* __s)
      |                ^~~~~~~~~~~~~
/usr/include/c++/15/bits/ostream.h: In function ‘fx2_weight_adaptive_neighbor_v1::std::basic_ostream& fx2_weight_adaptive_neighbor_v1::std::operator<<(basic_ostream&, const unsigned char*)’:
/usr/include/c++/15/bits/ostream.h:753:21: error: no match for ‘operator<<’ (operand types are ‘fx2_weight_adaptive_neighbor_v1::std::basic_ostream’ and ‘const char*’) [-Wtemplate-body]
  753 |     { return (__out << reinterpret_cast<const char*>(__s)); }
      |               ~~~~~ ^~ ~~~~~~~~~~~~~~~~~~~~~~~~~~~~~~~~~~
      |               |        |
      |               |        const char*
      |               fx2_weight_adaptive_neighbor_v1::std::basic_ostream
/usr/include/c++/15/bits/ostream.h:753:21: note: there are 10 candidates
  753 |     { return (__out << reinterpret_cast<const char*>(__s)); }
      |               ~~~~~~^~~~~~~~~~~~~~~~~~~~~~~~~~~~~~~~~~~~~
/usr/include/c++/15/bits/ostream.h:626:5: note: candidate 1: ‘template<class _CharT, class _Traits> fx2_weight_adaptive_neighbor_v1::std::basic_ostream& fx2_weight_adaptive_neighbor_v1::std::operator<<(basic_ostream&, _CharT)’
  626 |     operator<<(basic_ostream<_CharT, _Traits>& __out, _CharT __c)
      |     ^~~~~~~~
/usr/include/c++/15/bits/ostream.h:626:5: note: template argument deduction/substitution failed:
/usr/include/c++/15/bits/ostream.h:753:57: note:   couldn’t deduce template parameter ‘_Traits’
  753 |     { return (__out << reinterpret_cast<const char*>(__s)); }
      |                                                         ^
/usr/include/c++/15/bits/ostream.h:636:5: note: candidate 2: ‘template<class _CharT, class _Traits> fx2_weight_adaptive_neighbor_v1::std::basic_ostream& fx2_weight_adaptive_neighbor_v1::std::operator<<(basic_ostream&, char)’
  636 |     operator<<(basic_ostream<_CharT, _Traits>& __out, char __c)
      |     ^~~~~~~~
/usr/include/c++/15/bits/ostream.h:636:5: note: template argument deduction/substitution failed:
/usr/include/c++/15/bits/ostream.h:753:57: note:   couldn’t deduce template parameter ‘_CharT’
  753 |     { return (__out << reinterpret_cast<const char*>(__s)); }
      |                                                         ^
/usr/include/c++/15/bits/ostream.h:642:5: note: candidate 3: ‘template<class _Traits> fx2_weight_adaptive_neighbor_v1::std::basic_ostream& fx2_weight_adaptive_neighbor_v1::std::operator<<(basic_ostream&, char)’
  642 |     operator<<(basic_ostream<char, _Traits>& __out, char __c)
      |     ^~~~~~~~
/usr/include/c++/15/bits/ostream.h:642:5: note: template argument deduction/substitution failed:
/usr/include/c++/15/bits/ostream.h:753:57: note:   couldn’t deduce template parameter ‘_Traits’
  753 |     { return (__out << reinterpret_cast<const char*>(__s)); }
      |                                                         ^
/usr/include/c++/15/bits/ostream.h:653:5: note: candidate 4: ‘template<class _Traits> fx2_weight_adaptive_neighbor_v1::std::basic_ostream& fx2_weight_adaptive_neighbor_v1::std::operator<<(basic_ostream&, signed char)’
  653 |     operator<<(basic_ostream<char, _Traits>& __out, signed char __c)
      |     ^~~~~~~~
/usr/include/c++/15/bits/ostream.h:653:5: note: template argument deduction/substitution failed:
/usr/include/c++/15/bits/ostream.h:753:57: note:   couldn’t deduce template parameter ‘_Traits’
  753 |     { return (__out << reinterpret_cast<const char*>(__s)); }
      |                                                         ^
/usr/include/c++/15/bits/ostream.h:658:5: note: candidate 5: ‘template<class _Traits> fx2_weight_adaptive_neighbor_v1::std::basic_ostream& fx2_weight_adaptive_neighbor_v1::std::operator<<(basic_ostream&, unsigned char)’
  658 |     operator<<(basic_ostream<char, _Traits>& __out, unsigned char __c)
      |     ^~~~~~~~
/usr/include/c++/15/bits/ostream.h:658:5: note: template argument deduction/substitution failed:
/usr/include/c++/15/bits/ostream.h:753:57: note:   couldn’t deduce template parameter ‘_Traits’
  753 |     { return (__out << reinterpret_cast<const char*>(__s)); }
      |                                                         ^
/usr/include/c++/15/bits/ostream.h:717:5: note: candidate 6: ‘template<class _CharT, class _Traits> fx2_weight_adaptive_neighbor_v1::std::basic_ostream& fx2_weight_adaptive_neighbor_v1::std::operator<<(basic_ostream&, const _CharT*)’
  717 |     operator<<(basic_ostream<_CharT, _Traits>& __out, const _CharT* __s)
      |     ^~~~~~~~
/usr/include/c++/15/bits/ostream.h:717:5: note: template argument deduction/substitution failed:
/usr/include/c++/15/bits/ostream.h:753:57: note:   couldn’t deduce template parameter ‘_Traits’
  753 |     { return (__out << reinterpret_cast<const char*>(__s)); }
      |                                                         ^
/usr/include/c++/15/bits/ostream.h:729:5: note: candidate 7: ‘template<class _CharT, class _Traits> fx2_weight_adaptive_neighbor_v1::std::basic_ostream& fx2_weight_adaptive_neighbor_v1::std::operator<<(basic_ostream&, const char*)’
  729 |     operator<<(basic_ostream<_CharT, _Traits>& __out, const char* __s);
      |     ^~~~~~~~
/usr/include/c++/15/bits/ostream.h:729:5: note: template argument deduction/substitution failed:
/usr/include/c++/15/bits/ostream.h:753:57: note:   couldn’t deduce template parameter ‘_CharT’
  753 |     { return (__out << reinterpret_cast<const char*>(__s)); }
      |                                                         ^
/usr/include/c++/15/bits/ostream.h:734:5: note: candidate 8: ‘template<class _Traits> fx2_weight_adaptive_neighbor_v1::std::basic_ostream& fx2_weight_adaptive_neighbor_v1::std::operator<<(basic_ostream&, const char*)’
  734 |     operator<<(basic_ostream<char, _Traits>& __out, const char* __s)
      |     ^~~~~~~~
/usr/include/c++/15/bits/ostream.h:734:5: note: template argument deduction/substitution failed:
/usr/include/c++/15/bits/ostream.h:753:57: note:   couldn’t deduce template parameter ‘_Traits’
  753 |     { return (__out << reinterpret_cast<const char*>(__s)); }
      |                                                         ^
/usr/include/c++/15/bits/ostream.h:747:5: note: candidate 9: ‘template<class _Traits> fx2_weight_adaptive_neighbor_v1::std::basic_ostream& fx2_weight_adaptive_neighbor_v1::std::operator<<(basic_ostream&, const signed char*)’
  747 |     operator<<(basic_ostream<char, _Traits>& __out, const signed char* __s)
      |     ^~~~~~~~
/usr/include/c++/15/bits/ostream.h:747:5: note: template argument deduction/substitution failed:
/usr/include/c++/15/bits/ostream.h:753:57: note:   couldn’t deduce template parameter ‘_Traits’
  753 |     { return (__out << reinterpret_cast<const char*>(__s)); }
      |                                                         ^
/usr/include/c++/15/bits/ostream.h:752:5: note: candidate 10: ‘template<class _Traits> fx2_weight_adaptive_neighbor_v1::std::basic_ostream& fx2_weight_adaptive_neighbor_v1::std::operator<<(basic_ostream&, const unsigned char*)’
  752 |     operator<<(basic_ostream<char, _Traits>& __out, const unsigned char* __s)
      |     ^~~~~~~~
/usr/include/c++/15/bits/ostream.h:752:5: note: template argument deduction/substitution failed:
/usr/include/c++/15/bits/ostream.h:753:57: note:   couldn’t deduce template parameter ‘_Traits’
  753 |     { return (__out << reinterpret_cast<const char*>(__s)); }
      |                                                         ^
/usr/include/c++/15/bits/ostream.h: At global scope:
/usr/include/c++/15/bits/ostream.h:814:9: error: ‘_Require’ does not name a type
  814 |       = _Require<is_class<_Tp>, __not_<is_same<_Tp, ios_base>>,
      |         ^~~~~~~~
/usr/include/c++/15/bits/ostream.h:818:23: error: ‘_Require_derived_from_ios_base’ does not name a type
  818 |            typename = _Require_derived_from_ios_base<_Os>,
      |                       ^~~~~~~~~~~~~~~~~~~~~~~~~~~~~~
/usr/include/c++/15/bits/ostream.h:818:53: error: expected ‘>’ before ‘<’ token
  818 |            typename = _Require_derived_from_ios_base<_Os>,
      |                                                     ^
/usr/include/c++/15/bits/ostream.h:835:53: error: template argument 3 is invalid
  835 |     inline __rvalue_stream_insertion_t<_Ostream, _Tp>
      |                                                     ^
/usr/include/c++/15/bits/ostream.h: In function ‘int fx2_weight_adaptive_neighbor_v1::std::operator<<(_Ostream&&, const _Tp&)’:
/usr/include/c++/15/bits/ostream.h:839:19: error: ‘move’ is not a member of ‘fx2_weight_adaptive_neighbor_v1::std’; did you mean ‘std::move’? [-Wtemplate-body]
  839 |       return std::move(__os);
      |                   ^~~~
/usr/include/c++/15/pstl/glue_algorithm_defs.h:354:1: note: ‘std::move’ declared here
  354 | move(_ExecutionPolicy&& __exec, _ForwardIterator1 __first, _ForwardIterator1 __last, _ForwardIterator2 __d_first);
      | ^~~~
/usr/include/c++/15/ostream: At global scope:
/usr/include/c++/15/ostream:65:12: error: ‘fx2_weight_adaptive_neighbor_v1::std::basic_ostream’ is not a template
   65 |     inline basic_ostream<_CharT, _Traits>&
      |            ^~~~~~~~~~~~~
/usr/include/c++/15/ostream:66:10: error: ‘fx2_weight_adaptive_neighbor_v1::std::basic_ostream’ is not a template
   66 |     endl(basic_ostream<_CharT, _Traits>& __os)
      |          ^~~~~~~~~~~~~
/usr/include/c++/15/ostream:77:12: error: ‘fx2_weight_adaptive_neighbor_v1::std::basic_ostream’ is not a template
   77 |     inline basic_ostream<_CharT, _Traits>&
      |            ^~~~~~~~~~~~~
/usr/include/c++/15/ostream:78:10: error: ‘fx2_weight_adaptive_neighbor_v1::std::basic_ostream’ is not a template
   78 |     ends(basic_ostream<_CharT, _Traits>& __os)
      |          ^~~~~~~~~~~~~
/usr/include/c++/15/ostream:87:12: error: ‘fx2_weight_adaptive_neighbor_v1::std::basic_ostream’ is not a template
   87 |     inline basic_ostream<_CharT, _Traits>&
      |            ^~~~~~~~~~~~~
/usr/include/c++/15/ostream:88:11: error: ‘fx2_weight_adaptive_neighbor_v1::std::basic_ostream’ is not a template
   88 |     flush(basic_ostream<_CharT, _Traits>& __os)
      |           ^~~~~~~~~~~~~
In file included from /usr/include/c++/15/ostream:294:
/usr/include/c++/15/bits/ostream.tcc:50:5: error: ‘fx2_weight_adaptive_neighbor_v1::std::basic_ostream’ is not a template
   50 |     basic_ostream<_CharT, _Traits>::sentry::
      |     ^~~~~~~~~~~~~
/usr/include/c++/15/bits/ostream.tcc:50:37: error: ‘::sentry’ has not been declared
   50 |     basic_ostream<_CharT, _Traits>::sentry::
      |                                     ^~~~~~
/usr/include/c++/15/bits/ostream.tcc:51:12: error: ‘fx2_weight_adaptive_neighbor_v1::std::basic_ostream’ is not a template
   51 |     sentry(basic_ostream<_CharT, _Traits>& __os)
      |            ^~~~~~~~~~~~~
/usr/include/c++/15/bits/ostream.tcc:51:48: error: return type ‘class fx2_weight_adaptive_neighbor_v1::std::basic_ostream’ is incomplete
   51 |     sentry(basic_ostream<_CharT, _Traits>& __os)
      |                                                ^
/usr/include/c++/15/bits/ostream.tcc: In function ‘void fx2_weight_adaptive_neighbor_v1::std::sentry(basic_ostream&)’:
/usr/include/c++/15/bits/ostream.tcc:52:7: error: only constructors take member initializers [-Wtemplate-body]
   52 |     : _M_ok(false), _M_os(__os)
      |       ^~~~~
/usr/include/c++/15/bits/ostream.tcc:59:9: error: ‘_M_ok’ was not declared in this scope [-Wtemplate-body]
   59 |         _M_ok = true;
      |         ^~~~~
/usr/include/c++/15/bits/ostream.tcc: At global scope:
/usr/include/c++/15/bits/ostream.tcc:66:7: error: ‘fx2_weight_adaptive_neighbor_v1::std::basic_ostream’ is not a template
   66 |       basic_ostream<_CharT, _Traits>&
      |       ^~~~~~~~~~~~~
/usr/include/c++/15/bits/ostream.tcc:66:37: error: too many template-parameter-lists
   66 |       basic_ostream<_CharT, _Traits>&
      |                                     ^
/usr/include/c++/15/bits/ostream.tcc:99:5: error: ‘fx2_weight_adaptive_neighbor_v1::std::basic_ostream’ is not a template
   99 |     basic_ostream<_CharT, _Traits>&
      |     ^~~~~~~~~~~~~
/usr/include/c++/15/bits/ostream.tcc:100:18: error: expected initializer before ‘<’ token
  100 |     basic_ostream<_CharT, _Traits>::
      |                  ^
/usr/include/c++/15/bits/ostream.tcc:113:5: error: ‘fx2_weight_adaptive_neighbor_v1::std::basic_ostream’ is not a template
  113 |     basic_ostream<_CharT, _Traits>&
      |     ^~~~~~~~~~~~~
/usr/include/c++/15/bits/ostream.tcc:114:18: error: expected initializer before ‘<’ token
  114 |     basic_ostream<_CharT, _Traits>::
      |                  ^
/usr/include/c++/15/bits/ostream.tcc:127:5: error: ‘fx2_weight_adaptive_neighbor_v1::std::basic_ostream’ is not a template
  127 |     basic_ostream<_CharT, _Traits>&
      |     ^~~~~~~~~~~~~
/usr/include/c++/15/bits/ostream.tcc:128:18: error: expected initializer before ‘<’ token
  128 |     basic_ostream<_CharT, _Traits>::
      |                  ^
/usr/include/c++/15/bits/ostream.tcc:156:5: error: ‘fx2_weight_adaptive_neighbor_v1::std::basic_ostream’ is not a template
  156 |     basic_ostream<_CharT, _Traits>&
      |     ^~~~~~~~~~~~~
/usr/include/c++/15/bits/ostream.tcc:157:18: error: expected initializer before ‘<’ token
  157 |     basic_ostream<_CharT, _Traits>::
      |                  ^
/usr/include/c++/15/bits/ostream.tcc:190:5: error: ‘fx2_weight_adaptive_neighbor_v1::std::basic_ostream’ is not a template
  190 |     basic_ostream<_CharT, _Traits>&
      |     ^~~~~~~~~~~~~
/usr/include/c++/15/bits/ostream.tcc:191:18: error: expected initializer before ‘<’ token
  191 |     basic_ostream<_CharT, _Traits>::
      |                  ^
/usr/include/c++/15/bits/ostream.tcc:224:5: error: ‘fx2_weight_adaptive_neighbor_v1::std::basic_ostream’ is not a template
  224 |     basic_ostream<_CharT, _Traits>&
      |     ^~~~~~~~~~~~~
/usr/include/c++/15/bits/ostream.tcc:225:18: error: expected initializer before ‘<’ token
  225 |     basic_ostream<_CharT, _Traits>::
      |                  ^
/usr/include/c++/15/bits/ostream.tcc:259:14: error: expected nested-name-specifier before ‘basic_ostream’
  259 |     typename basic_ostream<_CharT, _Traits>::pos_type
      |              ^~~~~~~~~~~~~
/usr/include/c++/15/bits/ostream.tcc:259:27: error: expected initializer before ‘<’ token
  259 |     typename basic_ostream<_CharT, _Traits>::pos_type
      |                           ^
/usr/include/c++/15/bits/ostream.tcc:271:5: error: ‘fx2_weight_adaptive_neighbor_v1::std::basic_ostream’ is not a template
  271 |     basic_ostream<_CharT, _Traits>&
      |     ^~~~~~~~~~~~~
/usr/include/c++/15/bits/ostream.tcc:272:18: error: expected initializer before ‘<’ token
  272 |     basic_ostream<_CharT, _Traits>::
      |                  ^
/usr/include/c++/15/bits/ostream.tcc:290:5: error: ‘fx2_weight_adaptive_neighbor_v1::std::basic_ostream’ is not a template
  290 |     basic_ostream<_CharT, _Traits>&
      |     ^~~~~~~~~~~~~
/usr/include/c++/15/bits/ostream.tcc:291:18: error: expected initializer before ‘<’ token
  291 |     basic_ostream<_CharT, _Traits>::
      |                  ^
/usr/include/c++/15/bits/ostream.tcc:310:5: error: ‘fx2_weight_adaptive_neighbor_v1::std::basic_ostream’ is not a template
  310 |     basic_ostream<_CharT, _Traits>&
      |     ^~~~~~~~~~~~~
/usr/include/c++/15/bits/ostream.tcc:311:16: error: ‘fx2_weight_adaptive_neighbor_v1::std::basic_ostream’ is not a template
  311 |     operator<<(basic_ostream<_CharT, _Traits>& __out, const char* __s)
      |                ^~~~~~~~~~~~~
/usr/include/c++/15/bits/ostream.tcc: In function ‘fx2_weight_adaptive_neighbor_v1::std::basic_ostream& fx2_weight_adaptive_neighbor_v1::std::operator<<(basic_ostream&, const char*)’:
/usr/include/c++/15/bits/ostream.tcc:319:33: error: ‘char_traits’ was not declared in this scope [-Wtemplate-body]
  319 |           const size_t __clen = char_traits<char>::length(__s);
      |                                 ^~~~~~~~~~~
/usr/include/c++/15/bits/ostream.tcc:319:33: note: suggested alternatives:
/usr/include/c++/15/bits/stl_algobase.h:325:12: note:   ‘std::char_traits’
  325 |     struct char_traits;
      |            ^~~~~~~~~~~
/usr/include/c++/15/bits/char_traits.h:113:12: note:   ‘__gnu_cxx::char_traits’
  113 |     struct char_traits
      |            ^~~~~~~~~~~
/usr/include/c++/15/bits/ostream.tcc:319:45: error: expected primary-expression before ‘char’ [-Wtemplate-body]
  319 |           const size_t __clen = char_traits<char>::length(__s);
      |                                             ^~~~
/usr/include/c++/15/bits/ostream.tcc: At global scope:
/usr/include/c++/15/bits/ostream.tcc:349:25: error: ‘basic_ostream’ is not a class template
  349 |   extern template class basic_ostream<char>;
      |                         ^~~~~~~~~~~~~
/usr/include/c++/15/bits/ostream.tcc:349:25: error: explicit instantiation of non-template type ‘fx2_weight_adaptive_neighbor_v1::std::basic_ostream’
/usr/include/c++/15/bits/ostream.tcc:350:19: error: ‘ostream’ is not a template function
  350 |   extern template ostream& endl(ostream&);
      |                   ^~~~~~~
/usr/include/c++/15/bits/ostream.tcc:350:26: error: expected ‘;’ before ‘&’ token
  350 |   extern template ostream& endl(ostream&);
      |                          ^
      |                          ;
/usr/include/c++/15/bits/ostream.tcc:351:19: error: ‘ostream’ is not a template function
  351 |   extern template ostream& ends(ostream&);
      |                   ^~~~~~~
/usr/include/c++/15/bits/ostream.tcc:351:26: error: expected ‘;’ before ‘&’ token
  351 |   extern template ostream& ends(ostream&);
      |                          ^
      |                          ;
/usr/include/c++/15/bits/ostream.tcc:352:19: error: ‘ostream’ is not a template function
  352 |   extern template ostream& flush(ostream&);
      |                   ^~~~~~~
/usr/include/c++/15/bits/ostream.tcc:352:26: error: expected ‘;’ before ‘&’ token
  352 |   extern template ostream& flush(ostream&);
      |                          ^
      |                          ;
/usr/include/c++/15/bits/ostream.tcc:353:19: error: ‘ostream’ is not a template function
  353 |   extern template ostream& operator<<(ostream&, char);
      |                   ^~~~~~~
/usr/include/c++/15/bits/ostream.tcc:353:26: error: expected ‘;’ before ‘&’ token
  353 |   extern template ostream& operator<<(ostream&, char);
      |                          ^
      |                          ;
/usr/include/c++/15/bits/ostream.tcc:354:19: error: ‘ostream’ is not a template function
  354 |   extern template ostream& operator<<(ostream&, unsigned char);
      |                   ^~~~~~~
/usr/include/c++/15/bits/ostream.tcc:354:26: error: expected ‘;’ before ‘&’ token
  354 |   extern template ostream& operator<<(ostream&, unsigned char);
      |                          ^
      |                          ;
/usr/include/c++/15/bits/ostream.tcc:355:19: error: ‘ostream’ is not a template function
  355 |   extern template ostream& operator<<(ostream&, signed char);
      |                   ^~~~~~~
/usr/include/c++/15/bits/ostream.tcc:355:26: error: expected ‘;’ before ‘&’ token
  355 |   extern template ostream& operator<<(ostream&, signed char);
      |                          ^
      |                          ;
/usr/include/c++/15/bits/ostream.tcc:356:19: error: ‘ostream’ is not a template function
  356 |   extern template ostream& operator<<(ostream&, const char*);
      |                   ^~~~~~~
/usr/include/c++/15/bits/ostream.tcc:356:26: error: expected ‘;’ before ‘&’ token
  356 |   extern template ostream& operator<<(ostream&, const char*);
      |                          ^
      |                          ;
/usr/include/c++/15/bits/ostream.tcc:357:19: error: ‘ostream’ is not a template function
  357 |   extern template ostream& operator<<(ostream&, const unsigned char*);
      |                   ^~~~~~~
/usr/include/c++/15/bits/ostream.tcc:357:26: error: expected ‘;’ before ‘&’ token
  357 |   extern template ostream& operator<<(ostream&, const unsigned char*);
      |                          ^
      |                          ;
/usr/include/c++/15/bits/ostream.tcc:358:19: error: ‘ostream’ is not a template function
  358 |   extern template ostream& operator<<(ostream&, const signed char*);
      |                   ^~~~~~~
/usr/include/c++/15/bits/ostream.tcc:358:26: error: expected ‘;’ before ‘&’ token
  358 |   extern template ostream& operator<<(ostream&, const signed char*);
      |                          ^
      |                          ;
/usr/include/c++/15/bits/ostream.tcc:360:19: error: ‘ostream’ is not a template function
  360 |   extern template ostream& ostream::_M_insert(long);
      |                   ^~~~~~~
/usr/include/c++/15/bits/ostream.tcc:360:26: error: expected ‘;’ before ‘&’ token
  360 |   extern template ostream& ostream::_M_insert(long);
      |                          ^
      |                          ;
/usr/include/c++/15/bits/ostream.tcc:361:19: error: ‘ostream’ is not a template function
  361 |   extern template ostream& ostream::_M_insert(unsigned long);
      |                   ^~~~~~~
/usr/include/c++/15/bits/ostream.tcc:361:26: error: expected ‘;’ before ‘&’ token
  361 |   extern template ostream& ostream::_M_insert(unsigned long);
      |                          ^
      |                          ;
/usr/include/c++/15/bits/ostream.tcc:362:19: error: ‘ostream’ is not a template function
  362 |   extern template ostream& ostream::_M_insert(bool);
      |                   ^~~~~~~
/usr/include/c++/15/bits/ostream.tcc:362:26: error: expected ‘;’ before ‘&’ token
  362 |   extern template ostream& ostream::_M_insert(bool);
      |                          ^
      |                          ;
/usr/include/c++/15/bits/ostream.tcc:366:19: error: ‘ostream’ is not a template function
  366 |   extern template ostream& ostream::_M_insert(long long);
      |                   ^~~~~~~
/usr/include/c++/15/bits/ostream.tcc:366:26: error: expected ‘;’ before ‘&’ token
  366 |   extern template ostream& ostream::_M_insert(long long);
      |                          ^
      |                          ;
/usr/include/c++/15/bits/ostream.tcc:367:19: error: ‘ostream’ is not a template function
  367 |   extern template ostream& ostream::_M_insert(unsigned long long);
      |                   ^~~~~~~
/usr/include/c++/15/bits/ostream.tcc:367:26: error: expected ‘;’ before ‘&’ token
  367 |   extern template ostream& ostream::_M_insert(unsigned long long);
      |                          ^
      |                          ;
/usr/include/c++/15/bits/ostream.tcc:370:19: error: ‘ostream’ is not a template function
  370 |   extern template ostream& ostream::_M_insert(double);
      |                   ^~~~~~~
/usr/include/c++/15/bits/ostream.tcc:370:26: error: expected ‘;’ before ‘&’ token
  370 |   extern template ostream& ostream::_M_insert(double);
      |                          ^
      |                          ;
/usr/include/c++/15/bits/ostream.tcc:371:19: error: ‘ostream’ is not a template function
  371 |   extern template ostream& ostream::_M_insert(long double);
      |                   ^~~~~~~
/usr/include/c++/15/bits/ostream.tcc:371:26: error: expected ‘;’ before ‘&’ token
  371 |   extern template ostream& ostream::_M_insert(long double);
      |                          ^
      |                          ;
/usr/include/c++/15/bits/ostream.tcc:372:19: error: ‘ostream’ is not a template function
  372 |   extern template ostream& ostream::_M_insert(const void*);
      |                   ^~~~~~~
/usr/include/c++/15/bits/ostream.tcc:372:26: error: expected ‘;’ before ‘&’ token
  372 |   extern template ostream& ostream::_M_insert(const void*);
      |                          ^
      |                          ;
/usr/include/c++/15/bits/ostream.tcc:375:25: error: ‘basic_ostream’ is not a class template
  375 |   extern template class basic_ostream<wchar_t>;
      |                         ^~~~~~~~~~~~~
/usr/include/c++/15/bits/ostream.tcc:375:25: error: explicit instantiation of non-template type ‘fx2_weight_adaptive_neighbor_v1::std::basic_ostream’
/usr/include/c++/15/bits/ostream.tcc:376:19: error: ‘wostream’ is not a template function
  376 |   extern template wostream& endl(wostream&);
      |                   ^~~~~~~~
/usr/include/c++/15/bits/ostream.tcc:376:27: error: expected ‘;’ before ‘&’ token
  376 |   extern template wostream& endl(wostream&);
      |                           ^
      |                           ;
/usr/include/c++/15/bits/ostream.tcc:377:19: error: ‘wostream’ is not a template function
  377 |   extern template wostream& ends(wostream&);
      |                   ^~~~~~~~
/usr/include/c++/15/bits/ostream.tcc:377:27: error: expected ‘;’ before ‘&’ token
  377 |   extern template wostream& ends(wostream&);
      |                           ^
      |                           ;
/usr/include/c++/15/bits/ostream.tcc:378:19: error: ‘wostream’ is not a template function
  378 |   extern template wostream& flush(wostream&);
      |                   ^~~~~~~~
/usr/include/c++/15/bits/ostream.tcc:378:27: error: expected ‘;’ before ‘&’ token
  378 |   extern template wostream& flush(wostream&);
      |                           ^
      |                           ;
/usr/include/c++/15/bits/ostream.tcc:379:19: error: ‘wostream’ is not a template function
  379 |   extern template wostream& operator<<(wostream&, wchar_t);
      |                   ^~~~~~~~
/usr/include/c++/15/bits/ostream.tcc:379:27: error: expected ‘;’ before ‘&’ token
  379 |   extern template wostream& operator<<(wostream&, wchar_t);
      |                           ^
      |                           ;
/usr/include/c++/15/bits/ostream.tcc:380:19: error: ‘wostream’ is not a template function
  380 |   extern template wostream& operator<<(wostream&, char);
      |                   ^~~~~~~~
/usr/include/c++/15/bits/ostream.tcc:380:27: error: expected ‘;’ before ‘&’ token
  380 |   extern template wostream& operator<<(wostream&, char);
      |                           ^
      |                           ;
/usr/include/c++/15/bits/ostream.tcc:381:19: error: ‘wostream’ is not a template function
  381 |   extern template wostream& operator<<(wostream&, const wchar_t*);
      |                   ^~~~~~~~
/usr/include/c++/15/bits/ostream.tcc:381:27: error: expected ‘;’ before ‘&’ token
  381 |   extern template wostream& operator<<(wostream&, const wchar_t*);
      |                           ^
      |                           ;
/usr/include/c++/15/bits/ostream.tcc:382:19: error: ‘wostream’ is not a template function
  382 |   extern template wostream& operator<<(wostream&, const char*);
      |                   ^~~~~~~~
/usr/include/c++/15/bits/ostream.tcc:382:27: error: expected ‘;’ before ‘&’ token
  382 |   extern template wostream& operator<<(wostream&, const char*);
      |                           ^
      |                           ;
/usr/include/c++/15/bits/ostream.tcc:384:19: error: ‘wostream’ is not a template function
  384 |   extern template wostream& wostream::_M_insert(long);
      |                   ^~~~~~~~
/usr/include/c++/15/bits/ostream.tcc:384:27: error: expected ‘;’ before ‘&’ token
  384 |   extern template wostream& wostream::_M_insert(long);
      |                           ^
      |                           ;
/usr/include/c++/15/bits/ostream.tcc:385:19: error: ‘wostream’ is not a template function
  385 |   extern template wostream& wostream::_M_insert(unsigned long);
      |                   ^~~~~~~~
/usr/include/c++/15/bits/ostream.tcc:385:27: error: expected ‘;’ before ‘&’ token
  385 |   extern template wostream& wostream::_M_insert(unsigned long);
      |                           ^
      |                           ;
/usr/include/c++/15/bits/ostream.tcc:386:19: error: ‘wostream’ is not a template function
  386 |   extern template wostream& wostream::_M_insert(bool);
      |                   ^~~~~~~~
/usr/include/c++/15/bits/ostream.tcc:386:27: error: expected ‘;’ before ‘&’ token
  386 |   extern template wostream& wostream::_M_insert(bool);
      |                           ^
      |                           ;
/usr/include/c++/15/bits/ostream.tcc:390:19: error: ‘wostream’ is not a template function
  390 |   extern template wostream& wostream::_M_insert(long long);
      |                   ^~~~~~~~
/usr/include/c++/15/bits/ostream.tcc:390:27: error: expected ‘;’ before ‘&’ token
  390 |   extern template wostream& wostream::_M_insert(long long);
      |                           ^
      |                           ;
/usr/include/c++/15/bits/ostream.tcc:391:19: error: ‘wostream’ is not a template function
  391 |   extern template wostream& wostream::_M_insert(unsigned long long);
      |                   ^~~~~~~~
/usr/include/c++/15/bits/ostream.tcc:391:27: error: expected ‘;’ before ‘&’ token
  391 |   extern template wostream& wostream::_M_insert(unsigned long long);
      |                           ^
      |                           ;
/usr/include/c++/15/bits/ostream.tcc:394:19: error: ‘wostream’ is not a template function
  394 |   extern template wostream& wostream::_M_insert(double);
      |                   ^~~~~~~~
/usr/include/c++/15/bits/ostream.tcc:394:27: error: expected ‘;’ before ‘&’ token
  394 |   extern template wostream& wostream::_M_insert(double);
      |                           ^
      |                           ;
/usr/include/c++/15/bits/ostream.tcc:395:19: error: ‘wostream’ is not a template function
  395 |   extern template wostream& wostream::_M_insert(long double);
      |                   ^~~~~~~~
/usr/include/c++/15/bits/ostream.tcc:395:27: error: expected ‘;’ before ‘&’ token
  395 |   extern template wostream& wostream::_M_insert(long double);
      |                           ^
      |                           ;
/usr/include/c++/15/bits/ostream.tcc:396:19: error: ‘wostream’ is not a template function
  396 |   extern template wostream& wostream::_M_insert(const void*);
      |                   ^~~~~~~~
/usr/include/c++/15/bits/ostream.tcc:396:27: error: expected ‘;’ before ‘&’ token
  396 |   extern template wostream& wostream::_M_insert(const void*);
      |                           ^
      |                           ;
In file included from /usr/include/c++/15/iostream:44:
/usr/include/c++/15/istream:62:11: error: ‘fx2_weight_adaptive_neighbor_v1::std::basic_istream’ is not a template
   62 |     class basic_istream : virtual public basic_ios<_CharT, _Traits>
      |           ^~~~~~~~~~~~~
/usr/include/c++/15/streambuf:148:20: note: previous declaration here
  148 |       friend class basic_istream<char_type, traits_type>;
      |                    ^~~~~~~~~~~~~
/usr/include/c++/15/istream:62:51: error: expected template-name before ‘<’ token
   62 |     class basic_istream : virtual public basic_ios<_CharT, _Traits>
      |                                                   ^
/usr/include/c++/15/istream:741:5: error: ‘fx2_weight_adaptive_neighbor_v1::std::basic_istream’ is not a template
  741 |     basic_istream<char>&
      |     ^~~~~~~~~~~~~
/usr/include/c++/15/istream:742:18: error: expected initializer before ‘<’ token
  742 |     basic_istream<char>::
      |                  ^
/usr/include/c++/15/istream:746:5: error: ‘fx2_weight_adaptive_neighbor_v1::std::basic_istream’ is not a template
  746 |     basic_istream<char>&
      |     ^~~~~~~~~~~~~
/usr/include/c++/15/istream:747:18: error: expected initializer before ‘<’ token
  747 |     basic_istream<char>::
      |                  ^
/usr/include/c++/15/istream:751:5: error: ‘fx2_weight_adaptive_neighbor_v1::std::basic_istream’ is not a template
  751 |     basic_istream<char>&
      |     ^~~~~~~~~~~~~
/usr/include/c++/15/istream:752:18: error: expected initializer before ‘<’ token
  752 |     basic_istream<char>::
      |                  ^
/usr/include/c++/15/istream:757:5: error: ‘fx2_weight_adaptive_neighbor_v1::std::basic_istream’ is not a template
  757 |     basic_istream<wchar_t>&
      |     ^~~~~~~~~~~~~
/usr/include/c++/15/istream:758:18: error: expected initializer before ‘<’ token
  758 |     basic_istream<wchar_t>::
      |                  ^
/usr/include/c++/15/istream:762:5: error: ‘fx2_weight_adaptive_neighbor_v1::std::basic_istream’ is not a template
  762 |     basic_istream<wchar_t>&
      |     ^~~~~~~~~~~~~
/usr/include/c++/15/istream:763:18: error: expected initializer before ‘<’ token
  763 |     basic_istream<wchar_t>::
      |                  ^
/usr/include/c++/15/istream:767:5: error: ‘fx2_weight_adaptive_neighbor_v1::std::basic_istream’ is not a template
  767 |     basic_istream<wchar_t>&
      |     ^~~~~~~~~~~~~
/usr/include/c++/15/istream:768:18: error: expected initializer before ‘<’ token
  768 |     basic_istream<wchar_t>::
      |                  ^
/usr/include/c++/15/istream:781:11: error: ‘basic_istream’ is not a class template
  781 |     class basic_istream<_CharT, _Traits>::sentry
      |           ^~~~~~~~~~~~~
/usr/include/c++/15/istream:781:43: error: invalid use of incomplete type ‘class fx2_weight_adaptive_neighbor_v1::std::basic_istream’
  781 |     class basic_istream<_CharT, _Traits>::sentry
      |                                           ^~~~~~
/usr/include/c++/15/streambuf:148:20: note: forward declaration of ‘class fx2_weight_adaptive_neighbor_v1::std::basic_istream’
  148 |       friend class basic_istream<char_type, traits_type>;
      |                    ^~~~~~~~~~~~~
/usr/include/c++/15/istream:782:5: error: expected unqualified-id before ‘{’ token
  782 |     {
      |     ^
/usr/include/c++/15/istream:846:5: error: ‘fx2_weight_adaptive_neighbor_v1::std::basic_istream’ is not a template
  846 |     basic_istream<_CharT, _Traits>&
      |     ^~~~~~~~~~~~~
/usr/include/c++/15/istream:847:16: error: ‘fx2_weight_adaptive_neighbor_v1::std::basic_istream’ is not a template
  847 |     operator>>(basic_istream<_CharT, _Traits>& __in, _CharT& __c);
      |                ^~~~~~~~~~~~~
/usr/include/c++/15/istream:850:12: error: ‘fx2_weight_adaptive_neighbor_v1::std::basic_istream’ is not a template
  850 |     inline basic_istream<char, _Traits>&
      |            ^~~~~~~~~~~~~
/usr/include/c++/15/istream:851:16: error: ‘fx2_weight_adaptive_neighbor_v1::std::basic_istream’ is not a template
  851 |     operator>>(basic_istream<char, _Traits>& __in, unsigned char& __c)
      |                ^~~~~~~~~~~~~
/usr/include/c++/15/istream: In function ‘fx2_weight_adaptive_neighbor_v1::std::basic_istream& fx2_weight_adaptive_neighbor_v1::std::operator>>(basic_istream&, unsigned char&)’:
/usr/include/c++/15/istream:852:20: error: no match for ‘operator>>’ (operand types are ‘fx2_weight_adaptive_neighbor_v1::std::basic_istream’ and ‘char’) [-Wtemplate-body]
  852 |     { return (__in >> reinterpret_cast<char&>(__c)); }
      |               ~~~~ ^~ ~~~~~~~~~~~~~~~~~~~~~~~~~~~~
      |               |       |
      |               |       char
      |               fx2_weight_adaptive_neighbor_v1::std::basic_istream
/usr/include/c++/15/istream:852:20: note: there are 2 candidates
  852 |     { return (__in >> reinterpret_cast<char&>(__c)); }
      |               ~~~~~^~~~~~~~~~~~~~~~~~~~~~~~~~~~~~~
/usr/include/c++/15/istream:847:5: note: candidate 1: ‘template<class _CharT, class _Traits> fx2_weight_adaptive_neighbor_v1::std::basic_istream& fx2_weight_adaptive_neighbor_v1::std::operator>>(basic_istream&, _CharT&)’
  847 |     operator>>(basic_istream<_CharT, _Traits>& __in, _CharT& __c);
      |     ^~~~~~~~
/usr/include/c++/15/istream:847:5: note: template argument deduction/substitution failed:
/usr/include/c++/15/istream:852:50: note:   couldn’t deduce template parameter ‘_Traits’
  852 |     { return (__in >> reinterpret_cast<char&>(__c)); }
      |                                                  ^
/usr/include/c++/15/istream:851:5: note: candidate 2: ‘template<class _Traits> fx2_weight_adaptive_neighbor_v1::std::basic_istream& fx2_weight_adaptive_neighbor_v1::std::operator>>(basic_istream&, unsigned char&)’
  851 |     operator>>(basic_istream<char, _Traits>& __in, unsigned char& __c)
      |     ^~~~~~~~
/usr/include/c++/15/istream:851:5: note: template argument deduction/substitution failed:
/usr/include/c++/15/istream:852:50: note:   couldn’t deduce template parameter ‘_Traits’
  852 |     { return (__in >> reinterpret_cast<char&>(__c)); }
      |                                                  ^
/usr/include/c++/15/istream: At global scope:
/usr/include/c++/15/istream:855:12: error: ‘fx2_weight_adaptive_neighbor_v1::std::basic_istream’ is not a template
  855 |     inline basic_istream<char, _Traits>&
      |            ^~~~~~~~~~~~~
/usr/include/c++/15/istream:856:16: error: ‘fx2_weight_adaptive_neighbor_v1::std::basic_istream’ is not a template
  856 |     operator>>(basic_istream<char, _Traits>& __in, signed char& __c)
      |                ^~~~~~~~~~~~~
/usr/include/c++/15/istream: In function ‘fx2_weight_adaptive_neighbor_v1::std::basic_istream& fx2_weight_adaptive_neighbor_v1::std::operator>>(basic_istream&, signed char&)’:
/usr/include/c++/15/istream:857:20: error: no match for ‘operator>>’ (operand types are ‘fx2_weight_adaptive_neighbor_v1::std::basic_istream’ and ‘char’) [-Wtemplate-body]
  857 |     { return (__in >> reinterpret_cast<char&>(__c)); }
      |               ~~~~ ^~ ~~~~~~~~~~~~~~~~~~~~~~~~~~~~
      |               |       |
      |               |       char
      |               fx2_weight_adaptive_neighbor_v1::std::basic_istream
/usr/include/c++/15/istream:857:20: note: there are 3 candidates
  857 |     { return (__in >> reinterpret_cast<char&>(__c)); }
      |               ~~~~~^~~~~~~~~~~~~~~~~~~~~~~~~~~~~~~
/usr/include/c++/15/istream:847:5: note: candidate 1: ‘template<class _CharT, class _Traits> fx2_weight_adaptive_neighbor_v1::std::basic_istream& fx2_weight_adaptive_neighbor_v1::std::operator>>(basic_istream&, _CharT&)’
  847 |     operator>>(basic_istream<_CharT, _Traits>& __in, _CharT& __c);
      |     ^~~~~~~~
/usr/include/c++/15/istream:847:5: note: template argument deduction/substitution failed:
/usr/include/c++/15/istream:857:50: note:   couldn’t deduce template parameter ‘_Traits’
  857 |     { return (__in >> reinterpret_cast<char&>(__c)); }
      |                                                  ^
/usr/include/c++/15/istream:851:5: note: candidate 2: ‘template<class _Traits> fx2_weight_adaptive_neighbor_v1::std::basic_istream& fx2_weight_adaptive_neighbor_v1::std::operator>>(basic_istream&, unsigned char&)’
  851 |     operator>>(basic_istream<char, _Traits>& __in, unsigned char& __c)
      |     ^~~~~~~~
/usr/include/c++/15/istream:851:5: note: template argument deduction/substitution failed:
/usr/include/c++/15/istream:857:50: note:   couldn’t deduce template parameter ‘_Traits’
  857 |     { return (__in >> reinterpret_cast<char&>(__c)); }
      |                                                  ^
/usr/include/c++/15/istream:856:5: note: candidate 3: ‘template<class _Traits> fx2_weight_adaptive_neighbor_v1::std::basic_istream& fx2_weight_adaptive_neighbor_v1::std::operator>>(basic_istream&, signed char&)’
  856 |     operator>>(basic_istream<char, _Traits>& __in, signed char& __c)
      |     ^~~~~~~~
/usr/include/c++/15/istream:856:5: note: template argument deduction/substitution failed:
/usr/include/c++/15/istream:857:50: note:   couldn’t deduce template parameter ‘_Traits’
  857 |     { return (__in >> reinterpret_cast<char&>(__c)); }
      |                                                  ^
/usr/include/c++/15/istream: At global scope:
/usr/include/c++/15/istream:863:23: error: ‘fx2_weight_adaptive_neighbor_v1::std::basic_istream’ is not a template
  863 |     __istream_extract(basic_istream<_CharT, _Traits>&, _CharT*, streamsize);
      |                       ^~~~~~~~~~~~~
/usr/include/c++/15/istream:863:65: error: ‘streamsize’ has not been declared
  863 |     __istream_extract(basic_istream<_CharT, _Traits>&, _CharT*, streamsize);
      |                                                                 ^~~~~~~~~~
/usr/include/c++/15/istream:865:8: error: variable or field ‘__istream_extract’ declared void
  865 |   void __istream_extract(istream&, char*, streamsize);
      |        ^~~~~~~~~~~~~~~~~
/usr/include/c++/15/istream:865:26: error: ‘istream’ was not declared in this scope; did you mean ‘std::istream’?
  865 |   void __istream_extract(istream&, char*, streamsize);
      |                          ^~~~~~~
      |                          std::istream
In file included from /usr/include/c++/15/bits/localefwd.h:43:
/usr/include/c++/15/iosfwd:142:41: note: ‘std::istream’ declared here
  142 |   typedef basic_istream<char>           istream;
      |                                         ^~~~~~~
/usr/include/c++/15/istream:865:34: error: expected primary-expression before ‘,’ token
  865 |   void __istream_extract(istream&, char*, streamsize);
      |                                  ^
/usr/include/c++/15/istream:865:36: error: expected primary-expression before ‘char’
  865 |   void __istream_extract(istream&, char*, streamsize);
      |                                    ^~~~
/usr/include/c++/15/istream:865:43: error: ‘streamsize’ was not declared in this scope; did you mean ‘std::streamsize’?
  865 |   void __istream_extract(istream&, char*, streamsize);
      |                                           ^~~~~~~~~~
      |                                           std::streamsize
/usr/include/c++/15/bits/postypes.h:73:25: note: ‘std::streamsize’ declared here
   73 |   typedef ptrdiff_t     streamsize; // Signed integral type
      |                         ^~~~~~~~~~
/usr/include/c++/15/istream:897:12: error: ‘fx2_weight_adaptive_neighbor_v1::std::basic_istream’ is not a template
  897 |     inline basic_istream<_CharT, _Traits>&
      |            ^~~~~~~~~~~~~
/usr/include/c++/15/istream:898:16: error: ‘fx2_weight_adaptive_neighbor_v1::std::basic_istream’ is not a template
  898 |     operator>>(basic_istream<_CharT, _Traits>& __in, _CharT* __s)
      |                ^~~~~~~~~~~~~
/usr/include/c++/15/istream: In function ‘fx2_weight_adaptive_neighbor_v1::std::basic_istream& fx2_weight_adaptive_neighbor_v1::std::operator>>(basic_istream&, _CharT*)’:
/usr/include/c++/15/istream:907:11: error: ‘__is_constant_evaluated’ is not a member of ‘fx2_weight_adaptive_neighbor_v1::std’; did you mean ‘std::__is_constant_evaluated’? [-Wtemplate-body]
  907 |           __glibcxx_assert(__n >= sizeof(_CharT));
      |           ^~~~~~~~~~~~~~~~
/usr/include/x86_64-linux-gnu/c++/15/bits/c++config.h:582:3: note: ‘std::__is_constant_evaluated’ declared here
  582 |   __is_constant_evaluated() _GLIBCXX_NOEXCEPT
      |   ^~~~~~~~~~~~~~~~~~~~~~~
/usr/include/c++/15/istream:907:11: error: ‘__glibcxx_assert_fail’ is not a member of ‘fx2_weight_adaptive_neighbor_v1::std’; did you mean ‘std::__glibcxx_assert_fail’? [-Wtemplate-body]
  907 |           __glibcxx_assert(__n >= sizeof(_CharT));
      |           ^~~~~~~~~~~~~~~~
/usr/include/x86_64-linux-gnu/c++/15/bits/c++config.h:652:3: note: ‘std::__glibcxx_assert_fail’ declared here
  652 |   __glibcxx_assert_fail()
      |   ^~~~~~~~~~~~~~~~~~~~~
/usr/include/c++/15/istream:915:11: error: ‘streamsize’ was not declared in this scope; did you mean ‘std::streamsize’? [-Wtemplate-body]
  915 |           streamsize __w = __in.width();
      |           ^~~~~~~~~~
      |           std::streamsize
/usr/include/c++/15/bits/postypes.h:73:25: note: ‘std::streamsize’ declared here
   73 |   typedef ptrdiff_t     streamsize; // Signed integral type
      |                         ^~~~~~~~~~
/usr/include/c++/15/istream:917:31: error: ‘__w’ was not declared in this scope; did you mean ‘__n’? [-Wtemplate-body]
  917 |           if (__in.good() && (__w <= 0 || __n < (size_t)__w))
      |                               ^~~
      |                               __n
/usr/include/c++/15/istream:931:11: error: ‘streamsize’ was not declared in this scope; did you mean ‘std::streamsize’? [-Wtemplate-body]
  931 |           streamsize __n = __gnu_cxx::__numeric_traits<streamsize>::__max;
      |           ^~~~~~~~~~
      |           std::streamsize
/usr/include/c++/15/bits/postypes.h:73:25: note: ‘std::streamsize’ declared here
   73 |   typedef ptrdiff_t     streamsize; // Signed integral type
      |                         ^~~~~~~~~~
/usr/include/c++/15/istream: At global scope:
/usr/include/c++/15/istream:940:12: error: ‘fx2_weight_adaptive_neighbor_v1::std::basic_istream’ is not a template
  940 |     inline basic_istream<char, _Traits>&
      |            ^~~~~~~~~~~~~
/usr/include/c++/15/istream:941:16: error: ‘fx2_weight_adaptive_neighbor_v1::std::basic_istream’ is not a template
  941 |     operator>>(basic_istream<char, _Traits>& __in, unsigned char* __s)
      |                ^~~~~~~~~~~~~
/usr/include/c++/15/istream: In function ‘fx2_weight_adaptive_neighbor_v1::std::basic_istream& fx2_weight_adaptive_neighbor_v1::std::operator>>(basic_istream&, unsigned char*)’:
/usr/include/c++/15/istream:942:19: error: no match for ‘operator>>’ (operand types are ‘fx2_weight_adaptive_neighbor_v1::std::basic_istream’ and ‘char*’) [-Wtemplate-body]
  942 |     { return __in >> reinterpret_cast<char*>(__s); }
      |              ~~~~ ^~ ~~~~~~~~~~~~~~~~~~~~~~~~~~~~
      |              |       |
      |              |       char*
      |              fx2_weight_adaptive_neighbor_v1::std::basic_istream
/usr/include/c++/15/istream:942:19: note: there are 5 candidates
  942 |     { return __in >> reinterpret_cast<char*>(__s); }
      |              ~~~~~^~~~~~~~~~~~~~~~~~~~~~~~~~~~~~~
/usr/include/c++/15/istream:847:5: note: candidate 1: ‘template<class _CharT, class _Traits> fx2_weight_adaptive_neighbor_v1::std::basic_istream& fx2_weight_adaptive_neighbor_v1::std::operator>>(basic_istream&, _CharT&)’
  847 |     operator>>(basic_istream<_CharT, _Traits>& __in, _CharT& __c);
      |     ^~~~~~~~
/usr/include/c++/15/istream:847:5: note: template argument deduction/substitution failed:
/usr/include/c++/15/istream:942:49: note:   couldn’t deduce template parameter ‘_Traits’
  942 |     { return __in >> reinterpret_cast<char*>(__s); }
      |                                                 ^
/usr/include/c++/15/istream:851:5: note: candidate 2: ‘template<class _Traits> fx2_weight_adaptive_neighbor_v1::std::basic_istream& fx2_weight_adaptive_neighbor_v1::std::operator>>(basic_istream&, unsigned char&)’
  851 |     operator>>(basic_istream<char, _Traits>& __in, unsigned char& __c)
      |     ^~~~~~~~
/usr/include/c++/15/istream:851:5: note: template argument deduction/substitution failed:
/usr/include/c++/15/istream:942:49: note:   couldn’t deduce template parameter ‘_Traits’
  942 |     { return __in >> reinterpret_cast<char*>(__s); }
      |                                                 ^
/usr/include/c++/15/istream:856:5: note: candidate 3: ‘template<class _Traits> fx2_weight_adaptive_neighbor_v1::std::basic_istream& fx2_weight_adaptive_neighbor_v1::std::operator>>(basic_istream&, signed char&)’
  856 |     operator>>(basic_istream<char, _Traits>& __in, signed char& __c)
      |     ^~~~~~~~
/usr/include/c++/15/istream:856:5: note: template argument deduction/substitution failed:
/usr/include/c++/15/istream:942:49: note:   couldn’t deduce template parameter ‘_Traits’
  942 |     { return __in >> reinterpret_cast<char*>(__s); }
      |                                                 ^
/usr/include/c++/15/istream:898:5: note: candidate 4: ‘template<class _CharT, class _Traits> fx2_weight_adaptive_neighbor_v1::std::basic_istream& fx2_weight_adaptive_neighbor_v1::std::operator>>(basic_istream&, _CharT*)’
  898 |     operator>>(basic_istream<_CharT, _Traits>& __in, _CharT* __s)
      |     ^~~~~~~~
/usr/include/c++/15/istream:898:5: note: template argument deduction/substitution failed:
/usr/include/c++/15/istream:942:49: note:   couldn’t deduce template parameter ‘_Traits’
  942 |     { return __in >> reinterpret_cast<char*>(__s); }
      |                                                 ^
/usr/include/c++/15/istream:941:5: note: candidate 5: ‘template<class _Traits> fx2_weight_adaptive_neighbor_v1::std::basic_istream& fx2_weight_adaptive_neighbor_v1::std::operator>>(basic_istream&, unsigned char*)’
  941 |     operator>>(basic_istream<char, _Traits>& __in, unsigned char* __s)
      |     ^~~~~~~~
/usr/include/c++/15/istream:941:5: note: template argument deduction/substitution failed:
/usr/include/c++/15/istream:942:49: note:   couldn’t deduce template parameter ‘_Traits’
  942 |     { return __in >> reinterpret_cast<char*>(__s); }
      |                                                 ^
/usr/include/c++/15/istream: At global scope:
/usr/include/c++/15/istream:946:12: error: ‘fx2_weight_adaptive_neighbor_v1::std::basic_istream’ is not a template
  946 |     inline basic_istream<char, _Traits>&
      |            ^~~~~~~~~~~~~
/usr/include/c++/15/istream:947:16: error: ‘fx2_weight_adaptive_neighbor_v1::std::basic_istream’ is not a template
  947 |     operator>>(basic_istream<char, _Traits>& __in, signed char* __s)
      |                ^~~~~~~~~~~~~
/usr/include/c++/15/istream: In function ‘fx2_weight_adaptive_neighbor_v1::std::basic_istream& fx2_weight_adaptive_neighbor_v1::std::operator>>(basic_istream&, signed char*)’:
/usr/include/c++/15/istream:948:19: error: no match for ‘operator>>’ (operand types are ‘fx2_weight_adaptive_neighbor_v1::std::basic_istream’ and ‘char*’) [-Wtemplate-body]
  948 |     { return __in >> reinterpret_cast<char*>(__s); }
      |              ~~~~ ^~ ~~~~~~~~~~~~~~~~~~~~~~~~~~~~
      |              |       |
      |              |       char*
      |              fx2_weight_adaptive_neighbor_v1::std::basic_istream
/usr/include/c++/15/istream:948:19: note: there are 6 candidates
  948 |     { return __in >> reinterpret_cast<char*>(__s); }
      |              ~~~~~^~~~~~~~~~~~~~~~~~~~~~~~~~~~~~~
/usr/include/c++/15/istream:847:5: note: candidate 1: ‘template<class _CharT, class _Traits> fx2_weight_adaptive_neighbor_v1::std::basic_istream& fx2_weight_adaptive_neighbor_v1::std::operator>>(basic_istream&, _CharT&)’
  847 |     operator>>(basic_istream<_CharT, _Traits>& __in, _CharT& __c);
      |     ^~~~~~~~
/usr/include/c++/15/istream:847:5: note: template argument deduction/substitution failed:
/usr/include/c++/15/istream:948:49: note:   couldn’t deduce template parameter ‘_Traits’
  948 |     { return __in >> reinterpret_cast<char*>(__s); }
      |                                                 ^
/usr/include/c++/15/istream:851:5: note: candidate 2: ‘template<class _Traits> fx2_weight_adaptive_neighbor_v1::std::basic_istream& fx2_weight_adaptive_neighbor_v1::std::operator>>(basic_istream&, unsigned char&)’
  851 |     operator>>(basic_istream<char, _Traits>& __in, unsigned char& __c)
      |     ^~~~~~~~
/usr/include/c++/15/istream:851:5: note: template argument deduction/substitution failed:
/usr/include/c++/15/istream:948:49: note:   couldn’t deduce template parameter ‘_Traits’
  948 |     { return __in >> reinterpret_cast<char*>(__s); }
      |                                                 ^
/usr/include/c++/15/istream:856:5: note: candidate 3: ‘template<class _Traits> fx2_weight_adaptive_neighbor_v1::std::basic_istream& fx2_weight_adaptive_neighbor_v1::std::operator>>(basic_istream&, signed char&)’
  856 |     operator>>(basic_istream<char, _Traits>& __in, signed char& __c)
      |     ^~~~~~~~
/usr/include/c++/15/istream:856:5: note: template argument deduction/substitution failed:
/usr/include/c++/15/istream:948:49: note:   couldn’t deduce template parameter ‘_Traits’
  948 |     { return __in >> reinterpret_cast<char*>(__s); }
      |                                                 ^
/usr/include/c++/15/istream:898:5: note: candidate 4: ‘template<class _CharT, class _Traits> fx2_weight_adaptive_neighbor_v1::std::basic_istream& fx2_weight_adaptive_neighbor_v1::std::operator>>(basic_istream&, _CharT*)’
  898 |     operator>>(basic_istream<_CharT, _Traits>& __in, _CharT* __s)
      |     ^~~~~~~~
/usr/include/c++/15/istream:898:5: note: template argument deduction/substitution failed:
/usr/include/c++/15/istream:948:49: note:   couldn’t deduce template parameter ‘_Traits’
  948 |     { return __in >> reinterpret_cast<char*>(__s); }
      |                                                 ^
/usr/include/c++/15/istream:941:5: note: candidate 5: ‘template<class _Traits> fx2_weight_adaptive_neighbor_v1::std::basic_istream& fx2_weight_adaptive_neighbor_v1::std::operator>>(basic_istream&, unsigned char*)’
  941 |     operator>>(basic_istream<char, _Traits>& __in, unsigned char* __s)
      |     ^~~~~~~~
/usr/include/c++/15/istream:941:5: note: template argument deduction/substitution failed:
/usr/include/c++/15/istream:948:49: note:   couldn’t deduce template parameter ‘_Traits’
  948 |     { return __in >> reinterpret_cast<char*>(__s); }
      |                                                 ^
/usr/include/c++/15/istream:947:5: note: candidate 6: ‘template<class _Traits> fx2_weight_adaptive_neighbor_v1::std::basic_istream& fx2_weight_adaptive_neighbor_v1::std::operator>>(basic_istream&, signed char*)’
  947 |     operator>>(basic_istream<char, _Traits>& __in, signed char* __s)
      |     ^~~~~~~~
/usr/include/c++/15/istream:947:5: note: template argument deduction/substitution failed:
/usr/include/c++/15/istream:948:49: note:   couldn’t deduce template parameter ‘_Traits’
  948 |     { return __in >> reinterpret_cast<char*>(__s); }
      |                                                 ^
/usr/include/c++/15/istream: At global scope:
/usr/include/c++/15/istream:986:27: error: expected template-name before ‘<’ token [-Wtemplate-body]
  986 |     : public basic_istream<_CharT, _Traits>,
      |                           ^
/usr/include/c++/15/istream:986:27: error: expected ‘{’ before ‘<’ token
/usr/include/c++/15/istream:1068:5: error: ‘fx2_weight_adaptive_neighbor_v1::std::basic_istream’ is not a template
 1068 |     basic_istream<_CharT, _Traits>&
      |     ^~~~~~~~~~~~~
/usr/include/c++/15/istream:1069:8: error: ‘fx2_weight_adaptive_neighbor_v1::std::basic_istream’ is not a template
 1069 |     ws(basic_istream<_CharT, _Traits>& __is);
      |        ^~~~~~~~~~~~~
/usr/include/c++/15/istream:1084:23: error: ‘_Require_derived_from_ios_base’ does not name a type
 1084 |            typename = _Require_derived_from_ios_base<_Is>,
      |                       ^~~~~~~~~~~~~~~~~~~~~~~~~~~~~~
/usr/include/c++/15/istream:1084:53: error: expected ‘>’ before ‘<’ token
 1084 |            typename = _Require_derived_from_ios_base<_Is>,
      |                                                     ^
/usr/include/c++/15/istream:1100:54: error: template argument 3 is invalid
 1100 |     inline __rvalue_stream_extraction_t<_Istream, _Tp>
      |                                                      ^
/usr/include/c++/15/istream: In function ‘int fx2_weight_adaptive_neighbor_v1::std::operator>>(_Istream&&, _Tp&&)’:
/usr/include/c++/15/istream:1103:20: error: ‘forward’ is not a member of ‘fx2_weight_adaptive_neighbor_v1::std’; did you mean ‘std::forward’? [-Wtemplate-body]
 1103 |       __is >> std::forward<_Tp>(__x);
      |                    ^~~~~~~
/usr/include/c++/15/bits/move.h:85:5: note: ‘std::forward’ declared here
   85 |     forward(typename std::remove_reference<_Tp>::type&& __t) noexcept
      |     ^~~~~~~
/usr/include/c++/15/istream:1103:31: error: expected primary-expression before ‘>’ token [-Wtemplate-body]
 1103 |       __is >> std::forward<_Tp>(__x);
      |                               ^
/usr/include/c++/15/istream:1104:19: error: ‘move’ is not a member of ‘fx2_weight_adaptive_neighbor_v1::std’; did you mean ‘std::move’? [-Wtemplate-body]
 1104 |       return std::move(__is);
      |                   ^~~~
/usr/include/c++/15/pstl/glue_algorithm_defs.h:354:1: note: ‘std::move’ declared here
  354 | move(_ExecutionPolicy&& __exec, _ForwardIterator1 __first, _ForwardIterator1 __last, _ForwardIterator2 __d_first);
      | ^~~~
In file included from /usr/include/c++/15/istream:1111:
/usr/include/c++/15/bits/istream.tcc: At global scope:
/usr/include/c++/15/bits/istream.tcc:51:5: error: ‘fx2_weight_adaptive_neighbor_v1::std::basic_istream’ is not a template
   51 |     basic_istream<_CharT, _Traits>::sentry::
      |     ^~~~~~~~~~~~~
/usr/include/c++/15/bits/istream.tcc:51:37: error: ‘::sentry’ has not been declared
   51 |     basic_istream<_CharT, _Traits>::sentry::
      |                                     ^~~~~~
/usr/include/c++/15/bits/istream.tcc:52:12: error: ‘fx2_weight_adaptive_neighbor_v1::std::basic_istream’ is not a template
   52 |     sentry(basic_istream<_CharT, _Traits>& __in, bool __noskip) : _M_ok(false)
      |            ^~~~~~~~~~~~~
/usr/include/c++/15/bits/istream.tcc:52:63: error: return type ‘class fx2_weight_adaptive_neighbor_v1::std::basic_istream’ is incomplete
   52 |     sentry(basic_istream<_CharT, _Traits>& __in, bool __noskip) : _M_ok(false)
      |                                                               ^
/usr/include/c++/15/bits/istream.tcc: In function ‘void fx2_weight_adaptive_neighbor_v1::std::sentry(basic_istream&, bool)’:
/usr/include/c++/15/bits/istream.tcc:52:67: error: only constructors take member initializers [-Wtemplate-body]
   52 |     sentry(basic_istream<_CharT, _Traits>& __in, bool __noskip) : _M_ok(false)
      |                                                                   ^~~~~
/usr/include/c++/15/bits/istream.tcc:63:25: error: ‘__int_type’ does not name a type [-Wtemplate-body]
   63 |                   const __int_type __eof = traits_type::eof();
      |                         ^~~~~~~~~~
/usr/include/c++/15/bits/istream.tcc:64:19: error: ‘__streambuf_type’ was not declared in this scope [-Wtemplate-body]
   64 |                   __streambuf_type* __sb = __in.rdbuf();
      |                   ^~~~~~~~~~~~~~~~
/usr/include/c++/15/bits/istream.tcc:64:37: error: ‘__sb’ was not declared in this scope; did you mean ‘__s8’? [-Wtemplate-body]
   64 |                   __streambuf_type* __sb = __in.rdbuf();
      |                                     ^~~~
      |                                     __s8
/usr/include/c++/15/bits/istream.tcc:65:19: error: ‘__int_type’ was not declared in this scope [-Wtemplate-body]
   65 |                   __int_type __c = __sb->sgetc();
      |                   ^~~~~~~~~~
/usr/include/c++/15/bits/istream.tcc:67:25: error: ‘__ctype_type’ does not name a type [-Wtemplate-body]
   67 |                   const __ctype_type& __ct = __check_facet(__in._M_ctype);
      |                         ^~~~~~~~~~~~
/usr/include/c++/15/bits/istream.tcc:68:27: error: ‘traits_type’ has not been declared [-Wtemplate-body]
   68 |                   while (!traits_type::eq_int_type(__c, __eof)
      |                           ^~~~~~~~~~~
/usr/include/c++/15/bits/istream.tcc:68:52: error: ‘__c’ was not declared in this scope [-Wtemplate-body]
   68 |                   while (!traits_type::eq_int_type(__c, __eof)
      |                                                    ^~~
/usr/include/c++/15/bits/istream.tcc:68:57: error: ‘__eof’ was not declared in this scope [-Wtemplate-body]
   68 |                   while (!traits_type::eq_int_type(__c, __eof)
      |                                                         ^~~~~
/usr/include/c++/15/bits/istream.tcc:69:29: error: ‘__ct’ was not declared in this scope [-Wtemplate-body]
   69 |                          && __ct.is(ctype_base::space,
      |                             ^~~~
/usr/include/c++/15/bits/istream.tcc:70:37: error: ‘traits_type’ has not been declared [-Wtemplate-body]
   70 |                                     traits_type::to_char_type(__c)))
      |                                     ^~~~~~~~~~~
/usr/include/c++/15/bits/istream.tcc:76:23: error: ‘traits_type’ has not been declared [-Wtemplate-body]
   76 |                   if (traits_type::eq_int_type(__c, __eof))
      |                       ^~~~~~~~~~~
/usr/include/c++/15/bits/istream.tcc:76:48: error: ‘__c’ was not declared in this scope [-Wtemplate-body]
   76 |                   if (traits_type::eq_int_type(__c, __eof))
      |                                                ^~~
/usr/include/c++/15/bits/istream.tcc:76:53: error: ‘__eof’ was not declared in this scope [-Wtemplate-body]
   76 |                   if (traits_type::eq_int_type(__c, __eof))
      |                                                     ^~~~~
/usr/include/c++/15/bits/istream.tcc:90:9: error: ‘_M_ok’ was not declared in this scope [-Wtemplate-body]
   90 |         _M_ok = true;
      |         ^~~~~
/usr/include/c++/15/bits/istream.tcc: At global scope:
/usr/include/c++/15/bits/istream.tcc:100:7: error: ‘fx2_weight_adaptive_neighbor_v1::std::basic_istream’ is not a template
  100 |       basic_istream<_CharT, _Traits>&
      |       ^~~~~~~~~~~~~
/usr/include/c++/15/bits/istream.tcc:100:37: error: too many template-parameter-lists
  100 |       basic_istream<_CharT, _Traits>&
      |                                     ^
/usr/include/c++/15/bits/istream.tcc:132:5: error: ‘fx2_weight_adaptive_neighbor_v1::std::basic_istream’ is not a template
  132 |     basic_istream<_CharT, _Traits>&
      |     ^~~~~~~~~~~~~
/usr/include/c++/15/bits/istream.tcc:133:18: error: expected initializer before ‘<’ token
  133 |     basic_istream<_CharT, _Traits>::
      |                  ^
/usr/include/c++/15/bits/istream.tcc:182:5: error: ‘fx2_weight_adaptive_neighbor_v1::std::basic_istream’ is not a template
  182 |     basic_istream<_CharT, _Traits>&
      |     ^~~~~~~~~~~~~
/usr/include/c++/15/bits/istream.tcc:183:18: error: expected initializer before ‘<’ token
  183 |     basic_istream<_CharT, _Traits>::
      |                  ^
/usr/include/c++/15/bits/istream.tcc:232:5: error: ‘fx2_weight_adaptive_neighbor_v1::std::basic_istream’ is not a template
  232 |     basic_istream<_CharT, _Traits>&
      |     ^~~~~~~~~~~~~
/usr/include/c++/15/bits/istream.tcc:233:18: error: expected initializer before ‘<’ token
  233 |     basic_istream<_CharT, _Traits>::
      |                  ^
/usr/include/c++/15/bits/istream.tcc:264:14: error: expected nested-name-specifier before ‘basic_istream’
  264 |     typename basic_istream<_CharT, _Traits>::int_type
      |              ^~~~~~~~~~~~~
/usr/include/c++/15/bits/istream.tcc:264:27: error: expected initializer before ‘<’ token
  264 |     typename basic_istream<_CharT, _Traits>::int_type
      |                           ^
/usr/include/c++/15/bits/istream.tcc:300:5: error: ‘fx2_weight_adaptive_neighbor_v1::std::basic_istream’ is not a template
  300 |     basic_istream<_CharT, _Traits>&
      |     ^~~~~~~~~~~~~
/usr/include/c++/15/bits/istream.tcc:301:18: error: expected initializer before ‘<’ token
  301 |     basic_istream<_CharT, _Traits>::
      |                  ^
/usr/include/c++/15/bits/istream.tcc:337:5: error: ‘fx2_weight_adaptive_neighbor_v1::std::basic_istream’ is not a template
  337 |     basic_istream<_CharT, _Traits>&
      |     ^~~~~~~~~~~~~
/usr/include/c++/15/bits/istream.tcc:338:18: error: expected initializer before ‘<’ token
  338 |     basic_istream<_CharT, _Traits>::
      |                  ^
/usr/include/c++/15/bits/istream.tcc:384:5: error: ‘fx2_weight_adaptive_neighbor_v1::std::basic_istream’ is not a template
  384 |     basic_istream<_CharT, _Traits>&
      |     ^~~~~~~~~~~~~
/usr/include/c++/15/bits/istream.tcc:385:18: error: expected initializer before ‘<’ token
  385 |     basic_istream<_CharT, _Traits>::
      |                  ^
/usr/include/c++/15/bits/istream.tcc:438:5: error: ‘fx2_weight_adaptive_neighbor_v1::std::basic_istream’ is not a template
  438 |     basic_istream<_CharT, _Traits>&
      |     ^~~~~~~~~~~~~
/usr/include/c++/15/bits/istream.tcc:439:18: error: expected initializer before ‘<’ token
  439 |     basic_istream<_CharT, _Traits>::
      |                  ^
/usr/include/c++/15/bits/istream.tcc:498:5: error: ‘fx2_weight_adaptive_neighbor_v1::std::basic_istream’ is not a template
  498 |     basic_istream<_CharT, _Traits>&
      |     ^~~~~~~~~~~~~
/usr/include/c++/15/bits/istream.tcc:499:18: error: expected initializer before ‘<’ token
  499 |     basic_istream<_CharT, _Traits>::
      |                  ^
/usr/include/c++/15/bits/istream.tcc:531:5: error: ‘fx2_weight_adaptive_neighbor_v1::std::basic_istream’ is not a template
  531 |     basic_istream<_CharT, _Traits>&
      |     ^~~~~~~~~~~~~
/usr/include/c++/15/bits/istream.tcc:532:18: error: expected initializer before ‘<’ token
  532 |     basic_istream<_CharT, _Traits>::
      |                  ^
/usr/include/c++/15/bits/istream.tcc:601:5: error: ‘fx2_weight_adaptive_neighbor_v1::std::basic_istream’ is not a template
  601 |     basic_istream<_CharT, _Traits>&
      |     ^~~~~~~~~~~~~
/usr/include/c++/15/bits/istream.tcc:602:18: error: expected initializer before ‘<’ token
  602 |     basic_istream<_CharT, _Traits>::
      |                  ^
/usr/include/c++/15/bits/istream.tcc:678:14: error: expected nested-name-specifier before ‘basic_istream’
  678 |     typename basic_istream<_CharT, _Traits>::int_type
      |              ^~~~~~~~~~~~~
/usr/include/c++/15/bits/istream.tcc:678:27: error: expected initializer before ‘<’ token
  678 |     typename basic_istream<_CharT, _Traits>::int_type
      |                           ^
/usr/include/c++/15/bits/istream.tcc:708:5: error: ‘fx2_weight_adaptive_neighbor_v1::std::basic_istream’ is not a template
  708 |     basic_istream<_CharT, _Traits>&
      |     ^~~~~~~~~~~~~
/usr/include/c++/15/bits/istream.tcc:709:18: error: expected initializer before ‘<’ token
  709 |     basic_istream<_CharT, _Traits>::
      |                  ^
/usr/include/c++/15/bits/istream.tcc:737:5: error: ‘streamsize’ does not name a type
  737 |     streamsize
      |     ^~~~~~~~~~
/usr/include/c++/15/bits/istream.tcc:769:5: error: ‘fx2_weight_adaptive_neighbor_v1::std::basic_istream’ is not a template
  769 |     basic_istream<_CharT, _Traits>&
      |     ^~~~~~~~~~~~~
/usr/include/c++/15/bits/istream.tcc:770:18: error: expected initializer before ‘<’ token
  770 |     basic_istream<_CharT, _Traits>::
      |                  ^
/usr/include/c++/15/bits/istream.tcc:804:5: error: ‘fx2_weight_adaptive_neighbor_v1::std::basic_istream’ is not a template
  804 |     basic_istream<_CharT, _Traits>&
      |     ^~~~~~~~~~~~~
/usr/include/c++/15/bits/istream.tcc:805:18: error: expected initializer before ‘<’ token
  805 |     basic_istream<_CharT, _Traits>::
      |                  ^
/usr/include/c++/15/bits/istream.tcc:840:18: error: expected initializer before ‘<’ token
  840 |     basic_istream<_CharT, _Traits>::
      |                  ^
/usr/include/c++/15/bits/istream.tcc:875:14: error: expected nested-name-specifier before ‘basic_istream’
  875 |     typename basic_istream<_CharT, _Traits>::pos_type
      |              ^~~~~~~~~~~~~
/usr/include/c++/15/bits/istream.tcc:875:27: error: expected initializer before ‘<’ token
  875 |     typename basic_istream<_CharT, _Traits>::pos_type
      |                           ^
/usr/include/c++/15/bits/istream.tcc:903:5: error: ‘fx2_weight_adaptive_neighbor_v1::std::basic_istream’ is not a template
  903 |     basic_istream<_CharT, _Traits>&
      |     ^~~~~~~~~~~~~
/usr/include/c++/15/bits/istream.tcc:904:18: error: expected initializer before ‘<’ token
  904 |     basic_istream<_CharT, _Traits>::
      |                  ^
/usr/include/c++/15/bits/istream.tcc:942:5: error: ‘fx2_weight_adaptive_neighbor_v1::std::basic_istream’ is not a template
  942 |     basic_istream<_CharT, _Traits>&
      |     ^~~~~~~~~~~~~
/usr/include/c++/15/bits/istream.tcc:943:18: error: expected initializer before ‘<’ token
  943 |     basic_istream<_CharT, _Traits>::
      |                  ^
/usr/include/c++/15/bits/istream.tcc:982:5: error: ‘fx2_weight_adaptive_neighbor_v1::std::basic_istream’ is not a template
  982 |     basic_istream<_CharT, _Traits>&
      |     ^~~~~~~~~~~~~
/usr/include/c++/15/bits/istream.tcc:983:16: error: ‘fx2_weight_adaptive_neighbor_v1::std::basic_istream’ is not a template
  983 |     operator>>(basic_istream<_CharT, _Traits>& __in, _CharT& __c)
      |                ^~~~~~~~~~~~~
/usr/include/c++/15/bits/istream.tcc: In function ‘fx2_weight_adaptive_neighbor_v1::std::basic_istream& fx2_weight_adaptive_neighbor_v1::std::operator>>(basic_istream&, _CharT&)’:
/usr/include/c++/15/bits/istream.tcc:985:15: error: ‘fx2_weight_adaptive_neighbor_v1::std::basic_istream’ is not a template [-Wtemplate-body]
  985 |       typedef basic_istream<_CharT, _Traits>            __istream_type;
      |               ^~~~~~~~~~~~~
/usr/include/c++/15/bits/istream.tcc:986:40: error: invalid use of incomplete type ‘__istream_type’ {aka ‘class fx2_weight_adaptive_neighbor_v1::std::basic_istream’} [-Wtemplate-body]
  986 |       typedef typename __istream_type::int_type         __int_type;
      |                                        ^~~~~~~~
/usr/include/c++/15/streambuf:148:20: note: forward declaration of ‘__istream_type’ {aka ‘class fx2_weight_adaptive_neighbor_v1::std::basic_istream’}
  148 |       friend class basic_istream<char_type, traits_type>;
      |                    ^~~~~~~~~~~~~
/usr/include/c++/15/bits/istream.tcc:988:32: error: invalid use of incomplete type ‘__istream_type’ {aka ‘class fx2_weight_adaptive_neighbor_v1::std::basic_istream’} [-Wtemplate-body]
  988 |       typename __istream_type::sentry __cerb(__in, false);
      |                                ^~~~~~
/usr/include/c++/15/streambuf:148:20: note: forward declaration of ‘__istream_type’ {aka ‘class fx2_weight_adaptive_neighbor_v1::std::basic_istream’}
  148 |       friend class basic_istream<char_type, traits_type>;
      |                    ^~~~~~~~~~~~~
/usr/include/c++/15/bits/istream.tcc:988:57: error: expression list treated as compound expression in initializer [-Wtemplate-body]
  988 |       typename __istream_type::sentry __cerb(__in, false);
      |                                                         ^
/usr/include/c++/15/bits/istream.tcc: At global scope:
/usr/include/c++/15/bits/istream.tcc:1015:23: error: ‘fx2_weight_adaptive_neighbor_v1::std::basic_istream’ is not a template
 1015 |     __istream_extract(basic_istream<_CharT, _Traits>& __in, _CharT* __s,
      |                       ^~~~~~~~~~~~~
/usr/include/c++/15/bits/istream.tcc:1016:23: error: ‘streamsize’ has not been declared
 1016 |                       streamsize __num)
      |                       ^~~~~~~~~~
/usr/include/c++/15/bits/istream.tcc: In function ‘void fx2_weight_adaptive_neighbor_v1::std::__istream_extract(basic_istream&, _CharT*, int)’:
/usr/include/c++/15/bits/istream.tcc:1018:15: error: ‘fx2_weight_adaptive_neighbor_v1::std::basic_istream’ is not a template [-Wtemplate-body]
 1018 |       typedef basic_istream<_CharT, _Traits>            __istream_type;
      |               ^~~~~~~~~~~~~
/usr/include/c++/15/bits/istream.tcc:1024:7: error: ‘streamsize’ was not declared in this scope; did you mean ‘std::streamsize’? [-Wtemplate-body]
 1024 |       streamsize __extracted = 0;
      |       ^~~~~~~~~~
      |       std::streamsize
/usr/include/c++/15/bits/postypes.h:73:25: note: ‘std::streamsize’ declared here
   73 |   typedef ptrdiff_t     streamsize; // Signed integral type
      |                         ^~~~~~~~~~
/usr/include/c++/15/bits/istream.tcc:1026:32: error: invalid use of incomplete type ‘__istream_type’ {aka ‘class fx2_weight_adaptive_neighbor_v1::std::basic_istream’} [-Wtemplate-body]
 1026 |       typename __istream_type::sentry __cerb(__in, false);
      |                                ^~~~~~
/usr/include/c++/15/streambuf:148:20: note: forward declaration of ‘__istream_type’ {aka ‘class fx2_weight_adaptive_neighbor_v1::std::basic_istream’}
  148 |       friend class basic_istream<char_type, traits_type>;
      |                    ^~~~~~~~~~~~~
/usr/include/c++/15/bits/istream.tcc:1026:57: error: expression list treated as compound expression in initializer [-Wtemplate-body]
 1026 |       typename __istream_type::sentry __cerb(__in, false);
      |                                                         ^
/usr/include/c++/15/bits/istream.tcc:1032:25: error: expected ‘;’ before ‘__width’ [-Wtemplate-body]
 1032 |               streamsize __width = __in.width();
      |                         ^~~~~~~~
      |                         ;
/usr/include/c++/15/bits/istream.tcc:1033:23: error: ‘__width’ was not declared in this scope; did you mean ‘wcwidth’? [-Wtemplate-body]
 1033 |               if (0 < __width && __width < __num)
      |                       ^~~~~~~
      |                       wcwidth
/usr/include/c++/15/bits/istream.tcc:1042:22: error: ‘__extracted’ was not declared in this scope [-Wtemplate-body]
 1042 |               while (__extracted < __num - 1
      |                      ^~~~~~~~~~~
/usr/include/c++/15/bits/istream.tcc:1052:19: error: ‘__extracted’ was not declared in this scope [-Wtemplate-body]
 1052 |               if (__extracted < __num - 1
      |                   ^~~~~~~~~~~
/usr/include/c++/15/bits/istream.tcc:1069:12: error: ‘__extracted’ was not declared in this scope [-Wtemplate-body]
 1069 |       if (!__extracted)
      |            ^~~~~~~~~~~
/usr/include/c++/15/bits/istream.tcc: At global scope:
/usr/include/c++/15/bits/istream.tcc:1077:5: error: ‘fx2_weight_adaptive_neighbor_v1::std::basic_istream’ is not a template
 1077 |     basic_istream<_CharT, _Traits>&
      |     ^~~~~~~~~~~~~
/usr/include/c++/15/bits/istream.tcc:1078:8: error: ‘fx2_weight_adaptive_neighbor_v1::std::basic_istream’ is not a template
 1078 |     ws(basic_istream<_CharT, _Traits>& __in)
      |        ^~~~~~~~~~~~~
/usr/include/c++/15/bits/istream.tcc: In function ‘fx2_weight_adaptive_neighbor_v1::std::basic_istream& fx2_weight_adaptive_neighbor_v1::std::ws(basic_istream&)’:
/usr/include/c++/15/bits/istream.tcc:1080:15: error: ‘fx2_weight_adaptive_neighbor_v1::std::basic_istream’ is not a template [-Wtemplate-body]
 1080 |       typedef basic_istream<_CharT, _Traits>            __istream_type;
      |               ^~~~~~~~~~~~~
/usr/include/c++/15/bits/istream.tcc:1082:40: error: invalid use of incomplete type ‘__istream_type’ {aka ‘class fx2_weight_adaptive_neighbor_v1::std::basic_istream’} [-Wtemplate-body]
 1082 |       typedef typename __istream_type::int_type         __int_type;
      |                                        ^~~~~~~~
/usr/include/c++/15/streambuf:148:20: note: forward declaration of ‘__istream_type’ {aka ‘class fx2_weight_adaptive_neighbor_v1::std::basic_istream’}
  148 |       friend class basic_istream<char_type, traits_type>;
      |                    ^~~~~~~~~~~~~
/usr/include/c++/15/bits/istream.tcc:1087:32: error: invalid use of incomplete type ‘__istream_type’ {aka ‘class fx2_weight_adaptive_neighbor_v1::std::basic_istream’} [-Wtemplate-body]
 1087 |       typename __istream_type::sentry __cerb(__in, true);
      |                                ^~~~~~
/usr/include/c++/15/streambuf:148:20: note: forward declaration of ‘__istream_type’ {aka ‘class fx2_weight_adaptive_neighbor_v1::std::basic_istream’}
  148 |       friend class basic_istream<char_type, traits_type>;
      |                    ^~~~~~~~~~~~~
/usr/include/c++/15/bits/istream.tcc:1087:56: error: expression list treated as compound expression in initializer [-Wtemplate-body]
 1087 |       typename __istream_type::sentry __cerb(__in, true);
      |                                                        ^
/usr/include/c++/15/bits/istream.tcc: At global scope:
/usr/include/c++/15/bits/istream.tcc:1131:25: error: ‘basic_istream’ is not a class template
 1131 |   extern template class basic_istream<char>;
      |                         ^~~~~~~~~~~~~
/usr/include/c++/15/bits/istream.tcc:1131:25: error: explicit instantiation of non-template type ‘fx2_weight_adaptive_neighbor_v1::std::basic_istream’
/usr/include/c++/15/bits/istream.tcc:1132:19: error: ‘istream’ is not a template function
 1132 |   extern template istream& ws(istream&);
      |                   ^~~~~~~
/usr/include/c++/15/bits/istream.tcc:1132:26: error: expected ‘;’ before ‘&’ token
 1132 |   extern template istream& ws(istream&);
      |                          ^
      |                          ;
/usr/include/c++/15/bits/istream.tcc:1133:19: error: ‘istream’ is not a template function
 1133 |   extern template istream& operator>>(istream&, char&);
      |                   ^~~~~~~
/usr/include/c++/15/bits/istream.tcc:1133:26: error: expected ‘;’ before ‘&’ token
 1133 |   extern template istream& operator>>(istream&, char&);
      |                          ^
      |                          ;
/usr/include/c++/15/bits/istream.tcc:1134:19: error: ‘istream’ is not a template function
 1134 |   extern template istream& operator>>(istream&, unsigned char&);
      |                   ^~~~~~~
/usr/include/c++/15/bits/istream.tcc:1134:26: error: expected ‘;’ before ‘&’ token
 1134 |   extern template istream& operator>>(istream&, unsigned char&);
      |                          ^
      |                          ;
/usr/include/c++/15/bits/istream.tcc:1135:19: error: ‘istream’ is not a template function
 1135 |   extern template istream& operator>>(istream&, signed char&);
      |                   ^~~~~~~
/usr/include/c++/15/bits/istream.tcc:1135:26: error: expected ‘;’ before ‘&’ token
 1135 |   extern template istream& operator>>(istream&, signed char&);
      |                          ^
      |                          ;
/usr/include/c++/15/bits/istream.tcc:1137:19: error: ‘istream’ is not a template function
 1137 |   extern template istream& istream::_M_extract(unsigned short&);
      |                   ^~~~~~~
/usr/include/c++/15/bits/istream.tcc:1137:26: error: expected ‘;’ before ‘&’ token
 1137 |   extern template istream& istream::_M_extract(unsigned short&);
      |                          ^
      |                          ;
/usr/include/c++/15/bits/istream.tcc:1138:19: error: ‘istream’ is not a template function
 1138 |   extern template istream& istream::_M_extract(unsigned int&);
      |                   ^~~~~~~
/usr/include/c++/15/bits/istream.tcc:1138:26: error: expected ‘;’ before ‘&’ token
 1138 |   extern template istream& istream::_M_extract(unsigned int&);
      |                          ^
      |                          ;
/usr/include/c++/15/bits/istream.tcc:1139:19: error: ‘istream’ is not a template function
 1139 |   extern template istream& istream::_M_extract(long&);
      |                   ^~~~~~~
/usr/include/c++/15/bits/istream.tcc:1139:26: error: expected ‘;’ before ‘&’ token
 1139 |   extern template istream& istream::_M_extract(long&);
      |                          ^
      |                          ;
/usr/include/c++/15/bits/istream.tcc:1140:19: error: ‘istream’ is not a template function
 1140 |   extern template istream& istream::_M_extract(unsigned long&);
      |                   ^~~~~~~
/usr/include/c++/15/bits/istream.tcc:1140:26: error: expected ‘;’ before ‘&’ token
 1140 |   extern template istream& istream::_M_extract(unsigned long&);
      |                          ^
      |                          ;
/usr/include/c++/15/bits/istream.tcc:1141:19: error: ‘istream’ is not a template function
 1141 |   extern template istream& istream::_M_extract(bool&);
      |                   ^~~~~~~
/usr/include/c++/15/bits/istream.tcc:1141:26: error: expected ‘;’ before ‘&’ token
 1141 |   extern template istream& istream::_M_extract(bool&);
      |                          ^
      |                          ;
/usr/include/c++/15/bits/istream.tcc:1145:19: error: ‘istream’ is not a template function
 1145 |   extern template istream& istream::_M_extract(long long&);
      |                   ^~~~~~~
/usr/include/c++/15/bits/istream.tcc:1145:26: error: expected ‘;’ before ‘&’ token
 1145 |   extern template istream& istream::_M_extract(long long&);
      |                          ^
      |                          ;
/usr/include/c++/15/bits/istream.tcc:1146:19: error: ‘istream’ is not a template function
 1146 |   extern template istream& istream::_M_extract(unsigned long long&);
      |                   ^~~~~~~
/usr/include/c++/15/bits/istream.tcc:1146:26: error: expected ‘;’ before ‘&’ token
 1146 |   extern template istream& istream::_M_extract(unsigned long long&);
      |                          ^
      |                          ;
/usr/include/c++/15/bits/istream.tcc:1149:19: error: ‘istream’ is not a template function
 1149 |   extern template istream& istream::_M_extract(float&);
      |                   ^~~~~~~
/usr/include/c++/15/bits/istream.tcc:1149:26: error: expected ‘;’ before ‘&’ token
 1149 |   extern template istream& istream::_M_extract(float&);
      |                          ^
      |                          ;
/usr/include/c++/15/bits/istream.tcc:1150:19: error: ‘istream’ is not a template function
 1150 |   extern template istream& istream::_M_extract(double&);
      |                   ^~~~~~~
/usr/include/c++/15/bits/istream.tcc:1150:26: error: expected ‘;’ before ‘&’ token
 1150 |   extern template istream& istream::_M_extract(double&);
      |                          ^
      |                          ;
/usr/include/c++/15/bits/istream.tcc:1151:19: error: ‘istream’ is not a template function
 1151 |   extern template istream& istream::_M_extract(long double&);
      |                   ^~~~~~~
/usr/include/c++/15/bits/istream.tcc:1151:26: error: expected ‘;’ before ‘&’ token
 1151 |   extern template istream& istream::_M_extract(long double&);
      |                          ^
      |                          ;
/usr/include/c++/15/bits/istream.tcc:1152:19: error: ‘istream’ is not a template function
 1152 |   extern template istream& istream::_M_extract(void*&);
      |                   ^~~~~~~
/usr/include/c++/15/bits/istream.tcc:1152:26: error: expected ‘;’ before ‘&’ token
 1152 |   extern template istream& istream::_M_extract(void*&);
      |                          ^
      |                          ;
/usr/include/c++/15/bits/istream.tcc:1154:44: error: wrong number of template arguments (1, should be 2)
 1154 |   extern template class basic_iostream<char>;
      |                                            ^
/usr/include/c++/15/istream:985:11: note: provided for ‘template<class _CharT, class _Traits> class fx2_weight_adaptive_neighbor_v1::std::basic_iostream’
  985 |     class basic_iostream
      |           ^~~~~~~~~~~~~~
/usr/include/c++/15/bits/istream.tcc:1157:25: error: ‘basic_istream’ is not a class template
 1157 |   extern template class basic_istream<wchar_t>;
      |                         ^~~~~~~~~~~~~
/usr/include/c++/15/bits/istream.tcc:1157:25: error: explicit instantiation of non-template type ‘fx2_weight_adaptive_neighbor_v1::std::basic_istream’
/usr/include/c++/15/bits/istream.tcc:1158:19: error: ‘wistream’ is not a template function
 1158 |   extern template wistream& ws(wistream&);
      |                   ^~~~~~~~
/usr/include/c++/15/bits/istream.tcc:1158:27: error: expected ‘;’ before ‘&’ token
 1158 |   extern template wistream& ws(wistream&);
      |                           ^
      |                           ;
/usr/include/c++/15/bits/istream.tcc:1159:19: error: ‘wistream’ is not a template function
 1159 |   extern template wistream& operator>>(wistream&, wchar_t&);
      |                   ^~~~~~~~
/usr/include/c++/15/bits/istream.tcc:1159:27: error: expected ‘;’ before ‘&’ token
 1159 |   extern template wistream& operator>>(wistream&, wchar_t&);
      |                           ^
      |                           ;
/usr/include/c++/15/bits/istream.tcc:1160:24: error: variable or field ‘__istream_extract’ declared void
 1160 |   extern template void __istream_extract(wistream&, wchar_t*, streamsize);
      |                        ^~~~~~~~~~~~~~~~~
/usr/include/c++/15/bits/istream.tcc:1160:41: error: expected ‘;’ before ‘(’ token
 1160 |   extern template void __istream_extract(wistream&, wchar_t*, streamsize);
      |                                         ^
      |                                         ;
/usr/include/c++/15/bits/istream.tcc:1162:19: error: ‘wistream’ is not a template function
 1162 |   extern template wistream& wistream::_M_extract(unsigned short&);
      |                   ^~~~~~~~
/usr/include/c++/15/bits/istream.tcc:1162:27: error: expected ‘;’ before ‘&’ token
 1162 |   extern template wistream& wistream::_M_extract(unsigned short&);
      |                           ^
      |                           ;
/usr/include/c++/15/bits/istream.tcc:1163:19: error: ‘wistream’ is not a template function
 1163 |   extern template wistream& wistream::_M_extract(unsigned int&);
      |                   ^~~~~~~~
/usr/include/c++/15/bits/istream.tcc:1163:27: error: expected ‘;’ before ‘&’ token
 1163 |   extern template wistream& wistream::_M_extract(unsigned int&);
      |                           ^
      |                           ;
/usr/include/c++/15/bits/istream.tcc:1164:19: error: ‘wistream’ is not a template function
 1164 |   extern template wistream& wistream::_M_extract(long&);
      |                   ^~~~~~~~
/usr/include/c++/15/bits/istream.tcc:1164:27: error: expected ‘;’ before ‘&’ token
 1164 |   extern template wistream& wistream::_M_extract(long&);
      |                           ^
      |                           ;
/usr/include/c++/15/bits/istream.tcc:1165:19: error: ‘wistream’ is not a template function
 1165 |   extern template wistream& wistream::_M_extract(unsigned long&);
      |                   ^~~~~~~~
/usr/include/c++/15/bits/istream.tcc:1165:27: error: expected ‘;’ before ‘&’ token
 1165 |   extern template wistream& wistream::_M_extract(unsigned long&);
      |                           ^
      |                           ;
/usr/include/c++/15/bits/istream.tcc:1166:19: error: ‘wistream’ is not a template function
 1166 |   extern template wistream& wistream::_M_extract(bool&);
      |                   ^~~~~~~~
/usr/include/c++/15/bits/istream.tcc:1166:27: error: expected ‘;’ before ‘&’ token
 1166 |   extern template wistream& wistream::_M_extract(bool&);
      |                           ^
      |                           ;
/usr/include/c++/15/bits/istream.tcc:1168:19: error: ‘wistream’ is not a template function
 1168 |   extern template wistream& wistream::_M_extract(long long&);
      |                   ^~~~~~~~
/usr/include/c++/15/bits/istream.tcc:1168:27: error: expected ‘;’ before ‘&’ token
 1168 |   extern template wistream& wistream::_M_extract(long long&);
      |                           ^
      |                           ;
/usr/include/c++/15/bits/istream.tcc:1169:19: error: ‘wistream’ is not a template function
 1169 |   extern template wistream& wistream::_M_extract(unsigned long long&);
      |                   ^~~~~~~~
/usr/include/c++/15/bits/istream.tcc:1169:27: error: expected ‘;’ before ‘&’ token
 1169 |   extern template wistream& wistream::_M_extract(unsigned long long&);
      |                           ^
      |                           ;
/usr/include/c++/15/bits/istream.tcc:1171:19: error: ‘wistream’ is not a template function
 1171 |   extern template wistream& wistream::_M_extract(float&);
      |                   ^~~~~~~~
/usr/include/c++/15/bits/istream.tcc:1171:27: error: expected ‘;’ before ‘&’ token
 1171 |   extern template wistream& wistream::_M_extract(float&);
      |                           ^
      |                           ;
/usr/include/c++/15/bits/istream.tcc:1172:19: error: ‘wistream’ is not a template function
 1172 |   extern template wistream& wistream::_M_extract(double&);
      |                   ^~~~~~~~
/usr/include/c++/15/bits/istream.tcc:1172:27: error: expected ‘;’ before ‘&’ token
 1172 |   extern template wistream& wistream::_M_extract(double&);
      |                           ^
      |                           ;
/usr/include/c++/15/bits/istream.tcc:1173:19: error: ‘wistream’ is not a template function
 1173 |   extern template wistream& wistream::_M_extract(long double&);
      |                   ^~~~~~~~
/usr/include/c++/15/bits/istream.tcc:1173:27: error: expected ‘;’ before ‘&’ token
 1173 |   extern template wistream& wistream::_M_extract(long double&);
      |                           ^
      |                           ;
/usr/include/c++/15/bits/istream.tcc:1174:19: error: ‘wistream’ is not a template function
 1174 |   extern template wistream& wistream::_M_extract(void*&);
      |                   ^~~~~~~~
/usr/include/c++/15/bits/istream.tcc:1174:27: error: expected ‘;’ before ‘&’ token
 1174 |   extern template wistream& wistream::_M_extract(void*&);
      |                           ^
      |                           ;
/usr/include/c++/15/bits/istream.tcc:1176:47: error: wrong number of template arguments (1, should be 2)
 1176 |   extern template class basic_iostream<wchar_t>;
      |                                               ^
/usr/include/c++/15/istream:985:11: note: provided for ‘template<class _CharT, class _Traits> class fx2_weight_adaptive_neighbor_v1::std::basic_iostream’
  985 |     class basic_iostream
      |           ^~~~~~~~~~~~~~
/usr/include/c++/15/iostream:64:10: error: ‘istream’ does not name a type
   64 |   extern istream cin;           ///< Linked to standard input
      |          ^~~~~~~
/usr/include/c++/15/iostream:65:10: error: ‘ostream’ does not name a type
   65 |   extern ostream cout;          ///< Linked to standard output
      |          ^~~~~~~
/usr/include/c++/15/iostream:66:10: error: ‘ostream’ does not name a type
   66 |   extern ostream cerr;          ///< Linked to standard error (unbuffered)
      |          ^~~~~~~
/usr/include/c++/15/iostream:67:10: error: ‘ostream’ does not name a type
   67 |   extern ostream clog;          ///< Linked to standard error (buffered)
      |          ^~~~~~~
/usr/include/c++/15/iostream:70:10: error: ‘wistream’ does not name a type
   70 |   extern wistream wcin;         ///< Linked to standard input
      |          ^~~~~~~~
/usr/include/c++/15/iostream:71:10: error: ‘wostream’ does not name a type
   71 |   extern wostream wcout;        ///< Linked to standard output
      |          ^~~~~~~~
/usr/include/c++/15/iostream:72:10: error: ‘wostream’ does not name a type
   72 |   extern wostream wcerr;        ///< Linked to standard error (unbuffered)
      |          ^~~~~~~~
/usr/include/c++/15/iostream:73:10: error: ‘wostream’ does not name a type
   73 |   extern wostream wclog;        ///< Linked to standard error (buffered)
      |          ^~~~~~~~
tests/fx2_weight_adaptive_neighbor_v1_unit.cpp:5:24: error: ‘function’ in namespace ‘fx2_weight_adaptive_neighbor_v1::std’ does not name a template type
    5 | void reject(const std::function<void()>& action) {
      |                        ^~~~~~~~
tests/fx2_weight_adaptive_neighbor_v1_unit.cpp:5:32: error: expected ‘,’ or ‘...’ before ‘<’ token
    5 | void reject(const std::function<void()>& action) {
      |                                ^
tests/fx2_weight_adaptive_neighbor_v1_unit.cpp: In function ‘void fx2_weight_adaptive_neighbor_v1::reject(int)’:
tests/fx2_weight_adaptive_neighbor_v1_unit.cpp:7:9: error: ‘action’ was not declared in this scope
    7 |   try { action(); } catch (const std::runtime_error&) { failed = true; }
      |         ^~~~~~
tests/fx2_weight_adaptive_neighbor_v1_unit.cpp:7:52: error: expected unqualified-id before ‘&’ token
    7 |   try { action(); } catch (const std::runtime_error&) { failed = true; }
      |                                                    ^
tests/fx2_weight_adaptive_neighbor_v1_unit.cpp:7:52: error: expected ‘)’ before ‘&’ token
    7 |   try { action(); } catch (const std::runtime_error&) { failed = true; }
      |                           ~                        ^
      |                                                    )
tests/fx2_weight_adaptive_neighbor_v1_unit.cpp:7:52: error: expected ‘{’ before ‘&’ token
tests/fx2_weight_adaptive_neighbor_v1_unit.cpp:7:53: error: expected primary-expression before ‘)’ token
    7 |   try { action(); } catch (const std::runtime_error&) { failed = true; }
      |                                                     ^
tests/fx2_weight_adaptive_neighbor_v1_unit.cpp: In function ‘int fx2_weight_adaptive_neighbor_v1::main()’:
tests/fx2_weight_adaptive_neighbor_v1_unit.cpp:41:54: error: cannot convert ‘fx2_weight_adaptive_neighbor_v1::main()::<lambda()>’ to ‘int’
   41 |           auto bad = encoded; bad.pop_back(); reject([&]{unpack(bad);});
      |                                                      ^~~~~~~~~~~~~~~~~
      |                                                      |
      |                                                      fx2_weight_adaptive_neighbor_v1::main()::<lambda()>
tests/fx2_weight_adaptive_neighbor_v1_unit.cpp:5:13: note: initializing argument 1 of ‘void fx2_weight_adaptive_neighbor_v1::reject(int)’
    5 | void reject(const std::function<void()>& action) {
      |             ^~~~~~~~~~~~~~~~~~~
tests/fx2_weight_adaptive_neighbor_v1_unit.cpp:42:51: error: cannot convert ‘fx2_weight_adaptive_neighbor_v1::main()::<lambda()>’ to ‘int’
   42 |           bad = encoded; bad.push_back(0); reject([&]{unpack(bad);});
      |                                                   ^~~~~~~~~~~~~~~~~
      |                                                   |
      |                                                   fx2_weight_adaptive_neighbor_v1::main()::<lambda()>
tests/fx2_weight_adaptive_neighbor_v1_unit.cpp:5:13: note: initializing argument 1 of ‘void fx2_weight_adaptive_neighbor_v1::reject(int)’
    5 | void reject(const std::function<void()>& action) {
      |             ^~~~~~~~~~~~~~~~~~~
tests/fx2_weight_adaptive_neighbor_v1_unit.cpp:43:45: error: cannot convert ‘fx2_weight_adaptive_neighbor_v1::main()::<lambda()>’ to ‘int’
   43 |           bad = encoded; bad[8] = 2; reject([&]{unpack(bad);});
      |                                             ^~~~~~~~~~~~~~~~~
      |                                             |
      |                                             fx2_weight_adaptive_neighbor_v1::main()::<lambda()>
tests/fx2_weight_adaptive_neighbor_v1_unit.cpp:5:13: note: initializing argument 1 of ‘void fx2_weight_adaptive_neighbor_v1::reject(int)’
    5 | void reject(const std::function<void()>& action) {
      |             ^~~~~~~~~~~~~~~~~~~
tests/fx2_weight_adaptive_neighbor_v1_unit.cpp:44:70: error: cannot convert ‘fx2_weight_adaptive_neighbor_v1::main()::<lambda()>’ to ‘int’
   44 |           bad = encoded; for (size_t i=13;i<17;++i) bad[i]=0; reject([&]{unpack(bad);});
      |                                                                      ^~~~~~~~~~~~~~~~~
      |                                                                      |
      |                                                                      fx2_weight_adaptive_neighbor_v1::main()::<lambda()>
tests/fx2_weight_adaptive_neighbor_v1_unit.cpp:5:13: note: initializing argument 1 of ‘void fx2_weight_adaptive_neighbor_v1::reject(int)’
    5 | void reject(const std::function<void()>& action) {
      |             ^~~~~~~~~~~~~~~~~~~
tests/fx2_weight_adaptive_neighbor_v1_unit.cpp:60:12: error: cannot convert ‘fx2_weight_adaptive_neighbor_v1::main()::<lambda()>’ to ‘int’
   60 |     reject([&]{pack(Bytes{15},1,'D');});
      |            ^~~~~~~~~~~~~~~~~~~~~~~~~~~
      |            |
      |            fx2_weight_adaptive_neighbor_v1::main()::<lambda()>
tests/fx2_weight_adaptive_neighbor_v1_unit.cpp:5:13: note: initializing argument 1 of ‘void fx2_weight_adaptive_neighbor_v1::reject(int)’
    5 | void reject(const std::function<void()>& action) {
      |             ^~~~~~~~~~~~~~~~~~~
tests/fx2_weight_adaptive_neighbor_v1_unit.cpp:61:12: error: cannot convert ‘fx2_weight_adaptive_neighbor_v1::main()::<lambda()>’ to ‘int’
   61 |     reject([&]{pack(Bytes{},0,'D');});
      |            ^~~~~~~~~~~~~~~~~~~~~~~~~
      |            |
      |            fx2_weight_adaptive_neighbor_v1::main()::<lambda()>
tests/fx2_weight_adaptive_neighbor_v1_unit.cpp:5:13: note: initializing argument 1 of ‘void fx2_weight_adaptive_neighbor_v1::reject(int)’
    5 | void reject(const std::function<void()>& action) {
      |             ^~~~~~~~~~~~~~~~~~~
tests/fx2_weight_adaptive_neighbor_v1_unit.cpp:62:12: error: cannot convert ‘fx2_weight_adaptive_neighbor_v1::main()::<lambda()>’ to ‘int’
   62 |     reject([&]{pack(Bytes{},1,'X');});
      |            ^~~~~~~~~~~~~~~~~~~~~~~~~
      |            |
      |            fx2_weight_adaptive_neighbor_v1::main()::<lambda()>
tests/fx2_weight_adaptive_neighbor_v1_unit.cpp:5:13: note: initializing argument 1 of ‘void fx2_weight_adaptive_neighbor_v1::reject(int)’
    5 | void reject(const std::function<void()>& action) {
      |             ^~~~~~~~~~~~~~~~~~~
tests/fx2_weight_adaptive_neighbor_v1_unit.cpp:63:12: error: cannot convert ‘fx2_weight_adaptive_neighbor_v1::main()::<lambda()>’ to ‘int’
   63 |     reject([&]{pack(Bytes(kSymbols+1),1,'D');});
      |            ^~~~~~~~~~~~~~~~~~~~~~~~~~~~~~~~~~~
      |            |
      |            fx2_weight_adaptive_neighbor_v1::main()::<lambda()>
tests/fx2_weight_adaptive_neighbor_v1_unit.cpp:5:13: note: initializing argument 1 of ‘void fx2_weight_adaptive_neighbor_v1::reject(int)’
    5 | void reject(const std::function<void()>& action) {
      |             ^~~~~~~~~~~~~~~~~~~
tests/fx2_weight_adaptive_neighbor_v1_unit.cpp:64:10: error: ‘cout’ is not a member of ‘fx2_weight_adaptive_neighbor_v1::std’
   64 |     std::cout << "{\"cases\":" << cases << ",\"state_boundaries\":" << boundaries;
      |          ^~~~
tests/fx2_weight_adaptive_neighbor_v1_unit.cpp:66:12: error: ‘cout’ is not a member of ‘fx2_weight_adaptive_neighbor_v1::std’
   66 |       std::cout << ",\"dependent_"<<arm<<"\":"<<pack(dependent,150,arm).size()
      |            ^~~~
tests/fx2_weight_adaptive_neighbor_v1_unit.cpp:68:10: error: ‘cout’ is not a member of ‘fx2_weight_adaptive_neighbor_v1::std’
   68 |     std::cout << ",\"exact_inverse\":true,\"repeat\":true,\"objective_credit_bytes\":0}\n";
      |          ^~~~
tests/fx2_weight_adaptive_neighbor_v1_unit.cpp:69:32: error: expected unqualified-id before ‘&’ token
   69 |   } catch (const std::exception& error) { std::cerr<<error.what()<<'\n'; return 1; }
      |                                ^
tests/fx2_weight_adaptive_neighbor_v1_unit.cpp:69:32: error: expected ‘)’ before ‘&’ token
   69 |   } catch (const std::exception& error) { std::cerr<<error.what()<<'\n'; return 1; }
      |           ~                    ^
      |                                )
tests/fx2_weight_adaptive_neighbor_v1_unit.cpp:69:32: error: expected ‘{’ before ‘&’ token
tests/fx2_weight_adaptive_neighbor_v1_unit.cpp:69:34: error: ‘error’ was not declared in this scope; did you mean ‘perror’?
   69 |   } catch (const std::exception& error) { std::cerr<<error.what()<<'\n'; return 1; }
      |                                  ^~~~~
      |                                  perror
tests/fx2_weight_adaptive_neighbor_v1_unit.cpp:70:1: error: no return statement in function returning non-void [-Werror=return-type]
   70 | }
      | ^
tests/fx2_weight_adaptive_neighbor_v1_unit.cpp: At global scope:
tests/fx2_weight_adaptive_neighbor_v1_unit.cpp:70:2: error: expected ‘}’ at end of input
   70 | }
      |  ^
tests/../lib/fx2_weight_adaptive_neighbor_v1.hpp:7:43: note: to match this ‘{’
    7 | namespace fx2_weight_adaptive_neighbor_v1 {
      |                                           ^
cc1plus: all warnings being treated as errors
