0.00 0
0.01 16
0.02 31
0.03 44
0.04 54
0.05 66
0.06 75
0.07 78
0.08 80
0.10 84
0.11 93
0.12 104
0.13 111
0.14 116
0.15 123
0.16 131
0.17 137
0.18 145
0.19 153
0.20 157
0.21 164
0.22 167
0.23 169
0.24 170
0.25 173
0.26 175
0.28 177
0.29 179
0.30 179
0.31 183
0.32 183
0.33 184
0.34 184
0.35 185
0.36 186
0.37 188
0.38 189
0.39 189
0.40 191
0.41 191
0.42 192
0.43 192
0.44 194
0.45 195
0.47 195
0.48 195
0.49 197
0.50 197
0.51 197
0.52 197
0.53 199
0.54 199
0.55 200
0.56 201
0.57 204
0.58 204
0.59 205
0.60 210
0.61 212
0.62 218
0.63 223
0.65 224
0.66 231
0.67 236
0.68 245
0.69 248
0.70 252
0.71 259
0.72 262
0.73 265
0.74 269
0.75 279
0.76 282
0.77 285
0.78 289
0.79 291
0.80 293
0.81 295
0.83 298
0.84 303
0.85 307
0.86 307
0.87 311
0.88 313
0.89 314
0.90 318
0.91 324
0.92 336
0.93 341
0.94 342
0.95 347
0.96 348
0.97 349
0.98 349
0.99 354
1.01 355
1.02 355
1.03 357
1.04 358
1.05 361
1.06 361
1.07 361
1.08 362
1.09 362
1.10 362
1.11 362
1.12 366
1.13 368
1.14 368
1.15 368
1.16 371
1.17 371
1.19 371
1.20 371
1.21 376
1.22 377
1.23 377
1.24 381
1.25 384
1.26 388
1.27 389
1.28 393
1.29 398
1.30 398
1.31 400
1.32 402
1.33 402
1.34 406
1.35 406
1.36 406
1.38 411
1.39 413
1.40 413
1.41 414
1.42 415
1.43 420
1.44 421
1.45 421
1.46 426
1.47 428
1.48 429
1.49 429
1.50 433
1.51 433
1.52 433
1.53 434
1.54 434
1.56 435
1.57 436
1.58 437
1.59 438
1.60 439
1.61 441
1.62 445
1.63 445
1.64 450
1.65 450
1.66 452
1.67 453
1.68 454
1.69 454
1.70 459
1.71 459
1.72 459
1.74 462
1.75 463
1.76 464
1.77 467
1.78 470
1.79 474
1.80 474
1.81 479
1.82 483
1.83 486
1.84 486
1.85 486
1.86 493
1.87 501
1.88 501
1.89 505
1.90 510
1.92 517
1.93 526
1.94 534
1.95 540
1.96 546
1.97 553
1.98 555
1.99 558
2.00 567
2.01 575
2.02 580
2.03 586
2.04 595
2.05 602
2.06 607
2.07 617
2.08 623
2.10 633
2.11 641
2.12 646
2.13 653
2.14 658
2.15 663
2.16 669
2.17 675
2.18 680
2.19 685
2.20 693
2.21 696
2.22 703
2.23 706
2.24 716
2.25 719
2.26 720
2.27 722
2.29 724
2.30 725
2.31 725
2.32 725
2.33 728
2.34 737
2.35 742
2.36 746
2.37 751
2.38 757
2.39 762
2.40 767
2.41 771
2.42 778
2.43 784
2.44 790
2.45 793
2.47 797
2.48 801
2.49 807
2.50 810
2.51 815
2.52 821
2.53 827
2.54 831
2.55 837
2.56 843
2.57 849
2.58 855
2.59 859
2.60 865
2.61 870
2.62 877
2.63 881
2.65 886
2.66 891
2.67 896
2.68 901
2.69 906
2.70 913
2.71 918
2.72 925
2.73 929
2.74 933
2.75 940
2.76 946
2.77 950
2.78 956
2.79 961
2.80 965
2.81 966
2.83 970
2.84 975
2.85 979
2.86 984
2.87 989
2.88 994
2.89 1002
2.90 1009
2.91 1016
2.92 1021
2.93 1023
2.94 1025
2.95 1030
2.96 1033
2.97 1040
2.98 1048
2.99 1052
3.01 1055
3.02 1056
3.03 1062
3.04 1069
3.05 1072
3.06 1077
3.07 1082
3.08 1087
3.09 1093
3.10 1097
3.11 1099
3.12 1102
3.13 1108
3.14 1113
3.15 1118
3.16 1125
3.17 1129
3.18 1134
3.20 1141
3.21 1149
3.22 1154
3.23 1156
3.24 1157
3.25 1158
3.26 1162
3.27 1167
3.28 1171
3.29 1175
3.30 1176
3.31 1184
3.32 1189
3.33 1194
3.34 1198
3.35 1203
3.36 1206
3.38 1212
3.39 1214
3.40 1215
3.41 1222
3.42 1229
3.43 1235
3.44 1238
3.45 1244
3.46 1250
3.47 1254
3.48 1259
3.49 1262
3.50 1267
3.51 1274
3.52 1280
3.53 1283
3.54 1289
3.56 1293
3.57 1297
3.58 1301
3.59 1307
3.60 1311
3.61 1316
3.62 1320
3.63 1324
3.64 1329
3.65 1334
3.66 1341
3.67 1347
3.68 1357
3.69 1361
3.70 1363
3.71 1365
3.72 1367
3.74 1371
3.75 1374
3.76 1379
3.77 1385
3.78 1388
3.79 1389
3.80 1398
3.81 1401
3.82 1403
3.83 1411
3.84 1412
3.85 1417
3.86 1420
3.87 1421
3.88 1426
3.89 1432
3.90 1437
3.92 1438
3.93 1441
3.94 1446
3.95 1449
3.96 1454
3.97 1461
3.98 1468
3.99 1471
4.00 1474
4.01 1474
4.02 1481
4.03 1490
4.04 1497
4.05 1501
4.06 1506
4.07 1512
4.08 1518
4.09 1523
4.11 1528
4.12 1533
4.13 1540
4.14 1548
4.15 1551
4.16 1558
4.17 1562
4.18 1566
4.19 1571
4.20 1576
4.21 1579
4.22 1587
4.23 1590
4.24 1596
4.25 1597
4.26 1600
4.27 1604
4.29 1611
4.30 1618
4.31 1626
4.32 1635
4.33 1638
4.34 1641
4.35 1644
4.36 1648
4.37 1652
4.38 1656
4.39 1659
4.40 1663
4.41 1667
4.42 1672
4.43 1677
4.44 1682
4.45 1689
4.47 1691
4.48 1697
4.49 1703
4.50 1707
4.51 1709
4.52 1715
4.53 1719
4.54 1725
4.55 1729
4.56 1734
4.57 1737
4.58 1740
4.59 1743
4.60 1746
4.61 1750
4.62 1755
4.63 1758
4.65 1761
4.66 1764
4.67 1769
4.68 1774
4.69 1777
4.70 1783
4.71 1786
4.72 1794
4.73 1799
4.74 1804
4.75 1808
4.76 1816
4.77 1824
4.78 1828
4.79 1831
4.80 1834
4.81 1836
4.83 1840
4.84 1847
4.85 1853
4.86 1859
4.87 1862
4.88 1864
4.89 1865
4.90 1867
4.91 1873
4.92 1880
4.93 1886
4.94 1891
4.95 1896
4.96 1900
4.97 1906
4.98 1913
4.99 1919
5.00 1924
5.02 1930
5.03 1936
5.04 1942
5.05 1946
5.06 1952
5.07 1957
5.08 1965
5.09 1971
5.10 1976
5.11 1980
5.12 1983
5.13 1989
5.14 1993
5.15 1998
5.16 2001
5.17 2006
5.18 2010
5.20 2016
5.21 2018
5.22 2023
5.23 2024
5.24 2030
5.25 2036
5.26 2036
5.27 2038
5.28 2043
5.29 2048
5.30 2053
5.31 2058
5.32 2064
5.33 2069
5.34 2072
5.35 2079
5.36 2084
5.38 2091
5.39 2095
5.40 2100
5.41 2104
5.42 2109
5.43 2117
5.44 2123
5.45 2129
5.46 2137
5.47 2141
5.48 2147
5.49 2154
5.50 2156
5.51 2160
5.52 2165
5.53 2170
5.54 2176
5.56 2179
5.57 2182
5.58 2187
5.59 2191
5.60 2196
5.61 2203
5.62 2208
5.63 2213
5.64 2217
5.65 2220
5.66 2221
5.67 2223
5.68 2223
5.69 2226
5.70 2231
5.71 2237
5.72 2242
5.74 2248
5.75 2252
5.76 2259
5.77 2263
5.78 2268
5.79 2272
5.80 2276
5.81 2283
5.82 2289
5.83 2292
5.84 2294
5.85 2303
5.86 2305
5.87 2309
5.88 2312
5.89 2319
5.90 2324
5.91 2328
5.93 2331
5.94 2333
5.95 2338
5.96 2344
5.97 2347
5.98 2354
5.99 2359
6.00 2362
6.01 2367
6.02 2370
6.03 2374
6.04 2377
6.05 2381
6.06 2384
6.07 2388
6.08 2391
6.09 2395
6.11 2399
6.12 2404
6.13 2408
6.14 2414
6.15 2417
6.16 2423
6.17 2427
6.18 2431
6.19 2436
6.20 2440
6.21 2443
6.22 2447
6.23 2451
6.24 2456
6.25 2459
6.26 2465
6.27 2470
6.29 2474
6.30 2477
6.31 2482
6.32 2486
6.33 2490
6.34 2492
6.35 2494
6.36 2494
6.37 2497
6.38 2502
6.39 2507
6.40 2511
6.41 2515
6.42 2520
6.43 2526
6.44 2531
6.45 2536
6.47 2540
6.48 2547
6.49 2550
6.50 2555
6.51 2562
6.52 2568
6.53 2572
6.54 2576
6.55 2581
6.56 2586
6.57 2589
6.58 2594
6.59 2598
6.60 2603
6.61 2607
6.62 2611
6.63 2612
6.65 2620
6.66 2623
6.67 2626
6.68 2632
6.69 2636
6.70 2640
6.71 2640
6.72 2645
6.73 2651
6.74 2657
6.75 2664
6.76 2670
6.77 2678
6.78 2683
6.79 2686
6.80 2690
6.81 2697
6.82 2702
6.84 2706
6.85 2713
6.86 2716
6.87 2722
6.88 2725
6.89 2729
6.90 2733
6.91 2737
6.92 2741
6.93 2747
6.94 2752
6.95 2758
6.96 2763
6.97 2770
6.98 2775
6.99 2780
7.00 2784
7.02 2789
7.03 2793
7.04 2797
7.05 2803
7.06 2809
7.07 2814
7.08 2819
7.09 2822
7.10 2823
7.11 2826
7.12 2830
7.13 2838
7.14 2842
7.15 2845
7.16 2847
7.17 2854
7.18 2860
7.20 2865
7.21 2867
7.22 2870
7.23 2874
7.24 2880
7.25 2883
7.26 2888
7.27 2891
7.28 2894
7.29 2899
7.30 2907
7.31 2915
7.32 2920
7.33 2922
7.34 2926
7.35 2927
7.36 2930
7.38 2934
7.39 2938
7.40 2942
7.41 2945
7.42 2950
7.43 2954
7.44 2960
7.45 2963
7.46 2970
7.47 2977
7.48 2985
7.49 2992
7.50 2996
7.51 3002
7.52 3005
7.53 3007
7.54 3012
7.56 3019
7.57 3022
7.58 3025
7.59 3028
7.60 3037
7.61 3044
7.62 3052
7.63 3058
7.64 3065
7.65 3069
7.66 3072
7.67 3075
7.68 3078
7.69 3080
7.70 3083
7.71 3088
7.72 3094
7.73 3098
7.75 3103
7.76 3107
7.77 3114
7.78 3120
7.79 3123
7.80 3127
7.81 3132
7.82 3138
7.83 3142
7.84 3149
7.85 3155
7.86 3162
7.87 3163
7.88 3168
7.89 3172
7.90 3177
7.91 3184
7.93 3188
7.94 3192
7.95 3199
7.96 3204
7.97 3211
7.98 3218
7.99 3223
8.00 3229
8.01 3233
8.02 3238
8.03 3243
8.04 3245
8.05 3253
8.06 3259
8.07 3264
8.08 3275
8.09 3279
8.11 3282
8.12 3285
8.13 3286
8.14 3292
8.15 3298
8.16 3303
8.17 3306
8.18 3311
8.19 3313
8.20 3316
8.21 3321
8.22 3325
8.23 3331
8.24 3336
8.25 3338
8.26 3343
8.27 3350
8.29 3355
8.30 3359
8.31 3365
8.32 3369
8.33 3373
8.34 3377
8.35 3382
8.36 3384
8.37 3388
8.38 3389
8.39 3394
8.40 3401
8.41 3407
8.42 3413
8.43 3417
8.44 3422
8.45 3429
8.47 3436
8.48 3445
8.49 3451
8.50 3453
8.51 3459
8.52 3463
8.53 3466
8.54 3472
8.55 3476
8.56 3480
8.57 3486
8.58 3491
8.59 3497
8.60 3500
8.61 3504
8.62 3508
8.63 3517
8.64 3521
8.66 3527
8.67 3531
8.68 3536
8.69 3541
8.70 3544
8.71 3547
8.72 3551
8.73 3555
8.74 3558
8.75 3563
8.76 3568
8.77 3571
8.78 3577
8.79 3582
8.80 3586
8.81 3589
8.82 3591
8.84 3595
8.85 3598
8.86 3603
8.87 3610
8.88 3613
8.89 3618
8.90 3624
8.91 3627
8.92 3631
8.93 3634
8.94 3638
8.95 3644
8.96 3650
8.97 3657
8.98 3663
8.99 3668
9.00 3671
9.02 3679
9.03 3684
9.04 3687
9.05 3693
9.06 3695
9.07 3698
9.08 3703
9.09 3705
9.10 3711
9.11 3715
9.12 3720
9.13 3724
9.14 3726
9.15 3730
9.16 3736
9.17 3740
9.18 3743
9.20 3746
9.21 3748
9.22 3752
9.23 3756
9.24 3759
9.25 3763
9.26 3767
9.27 3771
9.28 3777
9.29 3781
9.30 3786
9.31 3789
9.32 3794
9.33 3802
9.34 3807
9.35 3812
9.36 3820
9.38 3828
9.39 3829
9.40 3835
9.41 3842
9.42 3849
9.43 3856
9.44 3862
9.45 3867
9.46 3875
9.47 3878
9.48 3880
9.49 3884
9.50 3889
9.51 3895
9.52 3898
9.53 3902
9.54 3904
9.55 3907
9.57 3911
9.58 3915
9.59 3919
9.60 3921
9.61 3923
9.62 3926
9.63 3928
9.64 3933
9.65 3937
9.66 3940
9.67 3944
9.68 3949
9.69 3954
9.70 3959
9.71 3963
9.72 3970
9.73 3975
9.75 3979
9.76 3982
9.77 3985
9.78 3988
9.79 3992
9.80 3995
9.81 4000
9.82 4005
9.83 4010
9.84 4014
9.85 4018
9.86 4020
9.87 4020
9.88 4024
9.89 4027
9.90 4032
9.91 4036
9.93 4041
9.94 4048
9.95 4052
9.96 4055
9.97 4059
9.98 4062
9.99 4067
10.00 4070
10.01 4075
10.02 4080
10.03 4083
10.04 4087
10.05 4093
10.06 4098
10.07 4105
10.08 4109
10.09 4114
10.11 4119
10.12 4125
10.13 4130
10.14 4133
10.15 4137
10.16 4142
10.17 4146
10.18 4148
10.19 4150
10.20 4151
10.21 4155
10.22 4159
10.23 4163
10.24 4168
10.25 4172
10.26 4177
10.27 4182
10.29 4186
10.30 4190
10.31 4195
10.32 4199
10.33 4203
10.34 4207
10.35 4214
10.36 4217
10.37 4220
10.38 4222
10.39 4227
10.40 4232
10.41 4240
10.42 4244
10.43 4250
10.44 4254
10.45 4256
10.46 4260
10.48 4266
10.49 4271
10.50 4274
10.51 4281
10.52 4285
10.53 4289
10.54 4293
10.55 4298
10.56 4302
10.57 4309
10.58 4311
10.59 4314
10.60 4319
10.61 4323
10.62 4327
10.63 4335
10.64 4340
10.66 4344
10.67 4347
10.68 4352
10.69 4356
10.70 4360
10.71 4365
10.72 4368
10.73 4372
10.74 4376
10.75 4383
10.76 4389
10.77 4391
10.78 4396
10.79 4401
10.80 4405
10.81 4411
10.82 4416
10.84 4421
10.85 4423
10.86 4428
10.87 4431
10.88 4436
10.89 4440
10.90 4443
10.91 4452
10.92 4456
10.93 4461
10.94 4465
10.95 4467
10.96 4472
10.97 4474
10.98 4480
10.99 4483
11.00 4486
11.02 4490
11.03 4493
11.04 4496
11.05 4497
11.06 4502
11.07 4506
11.08 4510
11.09 4514
11.10 4518
11.11 4521
11.12 4526
11.13 4533
11.14 4538
11.15 4539
11.16 4545
11.17 4550
11.18 4553
11.20 4556
11.21 4561
11.22 4568
11.23 4574
11.24 4580
11.25 4584
11.26 4592
11.27 4598
11.28 4603
11.29 4608
11.30 4611
11.31 4616
11.32 4622
11.33 4625
11.34 4629
11.35 4633
11.36 4638
11.37 4642
11.39 4646
11.40 4652
11.41 4657
11.42 4660
11.43 4668
11.44 4675
11.45 4684
11.46 4692
11.47 4696
11.48 4699
11.49 4704
11.50 4710
11.51 4715
11.52 4721
11.53 4724
11.54 4728
11.55 4735
11.57 4739
11.58 4743
11.59 4747
11.60 4750
11.61 4754
11.62 4761
11.63 4765
11.64 4771
11.65 4777
11.66 4782
11.67 4787
11.68 4791
11.69 4794
11.70 4801
11.71 4806
11.72 4810
11.73 4814
11.75 4819
11.76 4822
11.77 4830
11.78 4835
11.79 4840
11.80 4846
11.81 4854
11.82 4859
11.83 4863
11.84 4866
11.85 4869
11.86 4872
11.87 4877
11.88 4883
11.89 4885
11.90 4888
11.91 4892
11.93 4898
11.94 4902
11.95 4908
11.96 4911
11.97 4915
11.98 4918
11.99 4923
12.00 4926
12.01 4927
12.02 4932
12.03 4935
12.04 4938
12.05 4940
12.06 4943
12.07 4945
12.08 4946
12.09 4949
12.11 4954
12.12 4959
12.13 4967
12.14 4972
12.15 4977
12.16 4984
12.17 4989
12.18 4992
12.19 4996
12.20 4998
12.21 5000
12.22 5006
12.23 5013
12.24 5017
12.25 5021
12.26 5026
12.27 5032
12.28 5036
12.30 5039
12.31 5043
12.32 5048
12.33 5055
12.34 5060
12.35 5064
12.36 5065
12.37 5067
12.38 5072
12.39 5077
12.40 5083
12.41 5088
12.42 5092
12.43 5098
12.44 5105
12.45 5108
12.46 5113
12.48 5119
12.49 5123
12.50 5128
12.51 5133
12.52 5139
12.53 5144
12.54 5150
12.55 5158
12.56 5162
12.57 5168
12.58 5175
12.59 5178
12.60 5186
12.61 5191
12.62 5199
12.63 5203
12.64 5208
12.66 5215
12.67 5222
12.68 5229
12.69 5234
12.70 5240
12.71 5247
12.72 5254
12.73 5259
12.74 5262
12.75 5266
12.76 5270
12.77 5275
12.78 5279
12.79 5282
12.80 5289
12.81 5294
12.82 5299
12.84 5305
12.85 5310
12.86 5312
12.87 5319
12.88 5323
12.89 5325
12.90 5329
12.91 5333
12.92 5336
12.93 5339
12.94 5346
12.95 5350
12.96 5352
12.97 5358
12.98 5362
12.99 5369
13.00 5374
13.02 5377
13.03 5382
13.04 5385
13.05 5389
13.06 5392
13.07 5396
13.08 5399
13.09 5403
13.10 5408
13.11 5412
13.12 5416
13.13 5421
13.14 5426
13.15 5432
13.16 5434
13.17 5439
13.18 5445
13.19 5448
13.21 5452
13.22 5455
13.23 5459
13.24 5464
13.25 5468
13.26 5473
13.27 5479
13.28 5484
13.29 5488
13.30 5492
13.31 5494
13.32 5498
13.33 5501
13.34 5506
13.35 5511
13.36 5516
13.37 5522
13.39 5526
13.40 5533
13.41 5538
13.42 5543
13.43 5547
13.44 5553
13.45 5554
13.46 5558
13.47 5563
13.48 5563
13.49 5569
13.50 5574
13.51 5578
13.52 5584
13.53 5590
13.54 5592
13.55 5596
13.57 5599
13.58 5602
13.59 5606
13.60 5611
13.61 5615
13.62 5620
13.63 5625
13.64 5631
13.65 5636
13.66 5641
13.67 5647
13.68 5651
13.69 5657
13.70 5662
13.71 5667
13.72 5674
13.73 5678
13.75 5682
13.76 5688
13.77 5692
13.78 5695
13.79 5699
13.80 5702
13.81 5707
13.82 5711
13.83 5715
13.84 5719
13.85 5722
13.86 5725
13.87 5734
13.88 5738
13.89 5743
13.90 5746
13.91 5751
13.93 5759
13.94 5764
13.95 5769
13.96 5774
13.97 5778
13.98 5784
13.99 5786
14.00 5788
14.01 5790
14.02 5795
14.03 5795
14.04 5799
14.05 5800
14.06 5805
14.07 5811
14.08 5814
14.09 5818
14.10 5822
14.12 5824
14.13 5828
14.14 5832
14.15 5835
14.16 5838
14.17 5840
14.18 5844
14.19 5850
14.20 5854
14.21 5859
14.22 5861
14.23 5868
14.24 5871
14.25 5876
14.26 5883
14.27 5888
14.28 5893
14.30 5899
14.31 5904
14.32 5908
14.33 5913
14.34 5916
14.35 5920
14.36 5925
14.37 5927
14.38 5933
14.39 5937
14.40 5942
14.41 5949
14.42 5954
14.43 5956
14.44 5960
14.45 5965
14.46 5970
14.48 5971
14.49 5973
14.50 5980
14.51 5988
14.52 5993
14.53 5997
14.54 6002
14.55 6008
14.56 6015
14.57 6022
14.58 6025
14.59 6028
14.60 6032
14.61 6033
14.62 6038
14.63 6040
14.64 6042
14.66 6044
14.67 6048
14.68 6056
14.69 6059
14.70 6063
14.71 6070
14.72 6076
14.73 6085
14.74 6091
14.75 6096
14.76 6099
14.77 6103
14.78 6107
14.79 6113
14.80 6118
14.81 6123
14.82 6130
14.83 6136
14.85 6143
14.86 6148
14.87 6152
14.88 6160
14.89 6164
14.90 6167
14.91 6169
14.92 6171
14.93 6175
14.94 6178
14.95 6182
14.96 6187
14.97 6188
14.98 6190
14.99 6192
15.00 6200
15.01 6203
15.03 6205
15.04 6210
15.05 6214
15.06 6218
15.07 6220
15.08 6223
15.09 6226
15.10 6230
15.11 6236
15.12 6238
15.13 6242
15.14 6245
15.15 6253
15.16 6257
15.17 6263
15.18 6269
15.19 6273
15.21 6276
15.22 6280
15.23 6285
15.24 6288
15.25 6294
15.26 6298
15.27 6302
15.28 6306
15.29 6311
15.30 6316
15.31 6320
15.32 6323
15.33 6327
15.34 6334
15.35 6338
15.36 6342
15.37 6348
15.39 6352
15.40 6356
15.41 6359
15.42 6365
15.43 6369
15.44 6373
15.45 6378
15.46 6382
15.47 6391
15.48 6396
15.49 6401
15.50 6406
15.51 6407
15.52 6411
15.53 6417
15.54 6420
15.55 6425
15.57 6429
15.58 6434
15.59 6438
15.60 6444
15.61 6448
15.62 6453
15.63 6456
15.64 6462
15.65 6468
15.66 6472
15.67 6478
15.68 6480
15.69 6484
15.70 6488
15.71 6492
15.72 6497
15.73 6502
15.74 6507
15.76 6511
15.77 6516
15.78 6521
15.79 6525
15.80 6530
15.81 6537
15.82 6542
15.83 6549
15.84 6553
15.85 6557
15.86 6562
15.87 6566
15.88 6570
15.89 6575
15.90 6579
15.91 6587
15.92 6593
15.94 6599
15.95 6603
15.96 6607
15.97 6611
15.98 6618
15.99 6623
16.00 6627
16.01 6632
16.02 6635
16.03 6637
16.04 6641
16.05 6645
16.06 6653
16.07 6654
16.08 6659
16.09 6661
16.10 6663
16.12 6666
16.13 6673
16.14 6677
16.15 6680
16.16 6684
16.17 6686
16.18 6688
16.19 6693
16.20 6697
16.21 6702
16.22 6707
16.23 6710
16.24 6715
16.25 6720
16.26 6724
16.27 6729
16.28 6732
16.30 6736
16.31 6740
16.32 6744
16.33 6748
16.34 6749
16.35 6753
16.36 6759
16.37 6765
16.38 6769
16.39 6773
16.40 6778
16.41 6783
16.42 6786
16.43 6794
16.44 6800
16.45 6807
16.46 6809
16.48 6810
16.49 6814
16.50 6819
16.51 6824
16.52 6830
16.53 6833
16.54 6834
16.55 6839
16.56 6842
16.57 6845
16.58 6848
16.59 6849
16.60 6851
16.61 6858
16.62 6862
16.63 6867
16.64 6872
16.65 6879
16.67 6886
16.68 6892
16.69 6897
16.70 6901
16.71 6908
16.72 6912
16.73 6917
16.74 6921
16.75 6926
16.76 6929
16.77 6932
16.78 6937
16.79 6942
16.80 6947
16.81 6951
16.82 6952
16.83 6958
16.85 6960
16.86 6963
16.87 6969
16.88 6974
16.89 6978
16.90 6983
16.91 6988
16.92 6995
16.93 6999
16.94 7005
16.95 7007
16.96 7011
16.97 7013
16.98 7020
16.99 7023
17.00 7028
17.01 7035
17.03 7038
17.04 7040
17.05 7045
17.06 7047
17.07 7052
17.08 7058
17.09 7063
17.10 7067
17.11 7071
17.12 7076
17.13 7082
17.14 7086
17.15 7094
17.16 7098
17.17 7104
17.18 7110
17.19 7116
17.21 7121
17.22 7126
17.23 7130
17.24 7135
17.25 7142
17.26 7147
17.27 7151
17.28 7154
17.29 7160
17.30 7162
17.31 7169
17.32 7175
17.33 7183
17.34 7188
17.35 7192
17.36 7196
17.37 7199
17.39 7206
17.40 7209
17.41 7212
17.42 7216
17.43 7223
17.44 7228
17.45 7231
17.46 7238
17.47 7242
17.48 7247
17.49 7250
17.50 7253
17.51 7258
17.52 7261
17.53 7264
17.54 7270
17.55 7275
17.56 7281
17.58 7284
17.59 7290
17.60 7298
17.61 7303
17.62 7307
17.63 7310
17.64 7315
17.65 7320
17.66 7324
17.67 7328
17.68 7332
17.69 7335
17.70 7342
17.71 7346
17.72 7352
17.73 7358
17.74 7363
17.76 7368
17.77 7371
17.78 7374
17.79 7378
17.80 7386
17.81 7390
17.82 7395
17.83 7399
17.84 7405
17.85 7408
17.86 7412
17.87 7414
17.88 7418
17.89 7424
17.90 7429
17.91 7432
17.92 7433
17.94 7440
17.95 7443
17.96 7447
17.97 7451
17.98 7455
17.99 7458
18.00 7462
18.01 7468
18.02 7472
18.03 7477
18.04 7480
18.05 7484
18.06 7486
18.07 7491
18.08 7495
18.09 7501
18.10 7504
18.12 7508
18.13 7513
18.14 7519
18.15 7522
18.16 7529
18.17 7535
18.18 7542
18.19 7549
18.20 7554
18.21 7558
18.22 7563
18.23 7569
18.24 7572
18.25 7577
18.26 7582
18.27 7586
18.28 7591
18.30 7596
18.31 7601
18.32 7608
18.33 7615
18.34 7621
18.35 7625
18.36 7631
18.37 7635
18.38 7638
18.39 7642
18.40 7651
18.41 7658
18.42 7662
18.43 7668
18.44 7674
18.45 7677
18.46 7682
18.47 7689
18.49 7696
18.50 7699
18.51 7704
18.52 7710
18.53 7718
18.54 7720
18.55 7724
18.56 7733
18.57 7740
18.58 7747
18.59 7752
18.60 7754
18.61 7757
18.62 7764
18.63 7766
18.64 7769
18.65 7773
18.67 7777
18.68 7781
18.69 7785
18.70 7789
18.71 7792
18.72 7797
18.73 7801
18.74 7805
18.75 7810
18.76 7815
18.77 7821
18.78 7825
18.79 7829
18.80 7830
18.81 7837
18.82 7844
18.83 7848
18.85 7849
18.86 7852
18.87 7856
18.88 7860
18.89 7865
18.90 7869
18.91 7875
18.92 7880
18.93 7885
18.94 7887
18.95 7896
18.96 7902
18.97 7908
18.98 7909
18.99 7912
19.00 7915
19.01 7920
19.03 7923
19.04 7929
19.05 7932
19.06 7937
19.07 7941
19.08 7942
19.09 7945
19.10 7950
19.11 7952
19.12 7953
19.13 7956
19.14 7961
19.15 7965
19.16 7973
19.17 7977
19.18 7983
19.19 7987
19.21 7989
19.22 7994
19.23 8000
19.24 8004
19.25 8009
19.26 8015
19.27 8020
19.28 8027
19.29 8029
19.30 8035
19.31 8040
19.32 8044
19.33 8049
19.34 8055
19.35 8063
19.36 8069
19.37 8073
19.38 8077
19.40 8080
19.41 8082
19.42 8086
19.43 8090
19.44 8092
19.45 8096
19.46 8099
19.47 8106
19.48 8113
19.49 8118
19.50 8123
19.51 8128
19.52 8133
19.53 8138
19.54 8142
19.55 8149
19.56 8158
19.58 8164
19.59 8170
19.60 8175
19.61 8180
19.62 8186
19.63 8193
19.64 8199
19.65 8204
19.66 8209
19.67 8213
19.68 8217
19.69 8218
19.70 8219
19.71 8225
19.72 8226
19.73 8230
19.74 8232
19.76 8241
19.77 8244
19.78 8250
19.79 8253
19.80 8257
19.81 8262
19.82 8265
19.83 8269
19.84 8274
19.85 8277
19.86 8281
19.87 8284
19.88 8290
19.89 8295
19.90 8298
19.91 8301
19.92 8303
19.94 8307
19.95 8309
19.96 8313
19.97 8318
19.98 8319
19.99 8322
20.00 8325
20.01 8328
20.02 8330
20.03 8334
20.04 8337
20.05 8341
20.06 8346
20.07 8353
20.08 8357
20.09 8360
20.10 8365
20.12 8370
20.13 8373
20.14 8379
20.15 8382
20.16 8385
20.17 8391
20.18 8396
20.19 8404
20.20 8411
20.21 8415
20.22 8417
20.23 8419
20.24 8421
20.25 8425
20.26 8428
20.27 8429
20.28 8432
20.29 8435
20.31 8440
20.32 8445
20.33 8453
20.34 8459
20.35 8464
20.36 8468
20.37 8472
20.38 8477
20.39 8481
20.40 8489
20.41 8494
20.42 8503
20.43 8504
20.44 8511
20.45 8517
20.46 8527
20.47 8529
20.49 8533
20.50 8538
20.51 8542
20.52 8546
20.53 8548
20.54 8556
20.55 8559
20.56 8565
20.57 8568
20.58 8570
20.59 8574
20.60 8576
20.61 8577
20.62 8579
20.63 8582
20.64 8586
20.65 8590
20.67 8595
20.68 8600
20.69 8606
20.70 8610
20.71 8617
20.72 8623
20.73 8628
20.74 8631
20.75 8637
20.76 8637
20.77 8643
20.78 8649
20.79 8651
20.80 8655
20.81 8657
20.82 8663
20.83 8668
20.85 8671
20.86 8674
20.87 8681
20.88 8684
20.89 8691
20.90 8697
20.91 8701
20.92 8705
20.93 8710
20.94 8714
20.95 8719
20.96 8725
20.97 8731
20.98 8735
20.99 8739
21.00 8741
21.01 8742
21.03 8744
21.04 8746
21.05 8752
21.06 8757
21.07 8761
21.08 8762
21.09 8765
21.10 8770
21.11 8772
21.12 8773
21.13 8780
21.14 8782
21.15 8786
21.16 8792
21.17 8795
21.18 8798
21.19 8806
21.20 8812
21.22 8818
21.23 8823
21.24 8828
21.25 8832
21.26 8835
21.27 8840
21.28 8845
21.29 8850
21.30 8856
21.31 8861
21.32 8864
21.33 8871
21.34 8877
21.35 8881
21.36 8886
21.37 8891
21.38 8896
21.40 8902
21.41 8904
21.42 8912
21.43 8916
21.44 8923
21.45 8927
21.46 8930
21.47 8937
21.48 8943
21.49 8947
21.50 8952
21.51 8956
21.52 8960
21.53 8965
21.54 8970
21.55 8973
21.56 8980
21.58 8985
21.59 8990
21.60 8996
21.61 9001
21.62 9007
21.63 9012
21.64 9016
21.65 9018
21.66 9022
21.67 9025
21.68 9030
21.69 9035
21.70 9038
21.71 9042
21.72 9046
21.73 9054
21.74 9057
21.76 9059
21.77 9065
21.78 9072
21.79 9080
21.80 9085
21.81 9090
21.82 9096
21.83 9099
21.84 9104
21.85 9109
21.86 9109
21.87 9113
21.88 9116
21.89 9117
21.90 9120
21.91 9123
21.92 9124
21.94 9126
21.95 9130
21.96 9131
21.97 9134
21.98 9137
21.99 9140
22.00 9143
22.01 9149
22.02 9150
22.03 9152
22.04 9153
22.05 9159
22.06 9162
22.07 9165
22.08 9169
22.09 9172
22.10 9175
22.11 9178
22.13 9183
22.14 9186
22.15 9189
22.16 9191
22.17 9194
22.18 9195
22.19 9200
22.20 9204
22.21 9210
22.22 9214
22.23 9216
22.24 9220
22.25 9222
22.26 9225
22.27 9228
22.28 9232
22.29 9234
22.31 9236
22.32 9239
22.33 9242
22.34 9249
22.35 9254
22.36 9259
22.37 9262
22.38 9263
22.39 9267
22.40 9268
22.41 9268
22.42 9271
22.43 9274
22.44 9276
22.45 9276
22.46 9278
22.47 9283
22.49 9286
22.50 9287
22.51 9287
22.52 9289
22.53 9294
22.54 9298
22.55 9299
22.56 9301
22.57 9304
22.58 9306
22.59 9309
22.60 9310
22.61 9313
22.62 9314
22.63 9323
22.64 9325
22.65 9326
22.67 9327
22.68 9328
22.69 9336
22.70 9338
22.71 9344
22.72 9345
22.73 9346
22.74 9348
22.75 9351
22.76 9357
22.77 9364
22.78 9368
22.79 9372
22.80 9378
22.81 9383
22.82 9389
22.83 9395
22.85 9405
22.86 9412
22.87 9417
22.88 9421
22.89 9422
22.90 9425
22.91 9433
22.92 9438
22.93 9440
22.94 9445
22.95 9451
22.96 9455
22.97 9458
22.98 9465
22.99 9468
23.00 9469
23.01 9474
23.02 9478
23.04 9481
23.05 9483
23.06 9488
23.07 9492
23.08 9494
23.09 9496
23.10 9504
23.11 9506
23.12 9511
23.13 9515
23.14 9522
23.15 9525
23.16 9533
23.17 9537
23.18 9540
23.19 9541
23.20 9544
23.22 9550
23.23 9553
23.24 9558
23.25 9562
23.26 9570
23.27 9576
23.28 9578
23.29 9584
23.30 9588
23.31 9592
23.32 9595
23.33 9600
23.34 9602
23.35 9605
23.36 9610
23.37 9617
23.38 9622
23.40 9629
23.41 9635
23.42 9640
23.43 9645
23.44 9652
23.45 9658
23.46 9663
23.47 9669
23.48 9675
23.49 9679
23.50 9681
23.51 9688
23.52 9691
23.53 9693
23.54 9699
23.55 9705
23.56 9710
23.58 9717
23.59 9725
23.60 9729
23.61 9733
23.62 9738
23.63 9740
23.64 9744
23.65 9747
23.66 9749
23.67 9752
23.68 9754
23.69 9756
23.70 9758
23.71 9760
23.72 9764
23.73 9768
23.74 9773
23.76 9774
23.77 9778
23.78 9779
23.79 9785
23.80 9789
23.81 9792
23.82 9795
23.83 9799
23.84 9808
23.85 9812
23.86 9819
23.87 9823
23.88 9828
23.89 9835
23.90 9838
23.91 9841
23.92 9843
23.93 9845
23.95 9846
23.96 9848
23.97 9849
23.98 9852
23.99 9853
24.00 9853
24.01 9857
24.02 9861
24.03 9862
24.04 9863
24.05 9866
24.06 9866
24.07 9867
24.08 9868
24.09 9874
24.10 9877
24.11 9879
24.13 9881
24.14 9883
24.15 9887
24.16 9892
24.17 9897
24.18 9904
24.19 9910
24.20 9918
24.21 9926
24.22 9930
24.23 9930
24.24 9931
24.25 9934
24.26 9936
24.27 9936
24.28 9938
24.29 9940
24.31 9944
24.32 9944
24.33 9947
24.34 9949
24.35 9951
24.36 9951
24.37 9954
24.38 9956
24.39 9956
24.40 9957
24.41 9958
24.42 9958
24.43 9960
24.44 9961
24.45 9961
24.46 9962
24.47 9962
24.49 9963
24.50 9963
24.51 9964
24.52 9964
24.53 9964
24.54 9964
24.55 9965
24.56 9965
24.57 9966
24.58 9966
24.59 9966
24.60 9967
24.61 9968
24.62 9969
24.63 9969
24.64 9971
24.65 9973
24.67 9975
24.68 9975
24.69 9980
24.70 9982
24.71 9983
24.72 9983
24.73 9985
24.74 9985
24.75 9985
24.76 9987
24.77 9987
24.78 9987
24.79 9989
24.80 9989
24.81 9989
24.82 9990
24.83 9991
24.84 9995
24.86 9995
24.87 9997
24.88 10001
24.89 10002
24.90 10002
24.91 10004
24.92 10004
24.93 10005
24.94 10005
24.95 10005
24.96 10005
24.97 10007
24.98 10009
24.99 10009
25.00 10009
25.01 10011
25.02 10013
25.04 10013
25.05 10014
25.06 10015
25.07 10015
25.08 10015
25.09 10015
25.10 10018
25.11 10018
25.12 10019
25.13 10019
25.14 10019
25.15 10022
25.16 10023
25.17 10023
25.18 10023
25.19 10024
25.20 10027
25.22 10028
25.23 10028
25.24 10029
25.25 10029
25.26 10029
25.27 10029
25.28 10030
25.29 10032
25.30 10032
25.31 10032
25.32 10032
25.33 10032
25.34 10032
25.35 10034
25.36 10034
25.37 10034
25.38 10036
25.40 10038
25.41 10040
25.42 10040
25.43 10040
25.44 10040
25.45 10040
25.46 10040
25.47 10041
25.48 10051
25.49 10051
25.50 10051
25.51 10051
25.52 10051
25.53 10051
25.54 10056
25.55 10057
25.56 10057
25.58 10058
25.59 10058
25.60 10059
25.61 10060
25.62 10060
25.63 10060
25.64 10060
25.65 10060
25.66 10060
25.67 10063
25.68 10065
25.69 10065
25.70 10065
25.71 10065
25.72 10065
25.73 10065
25.74 10069
25.75 10071
25.77 10071
25.78 10071
25.79 10071
25.80 10072
25.81 10072
25.82 10073
25.83 10073
25.84 10073
25.85 10073
25.86 10073
25.87 10073
25.88 10076
25.89 10076
25.90 10076
25.91 10081
25.92 10082
25.93 10082
25.95 10082
25.96 10082
25.97 10085
25.98 10085
25.99 10085
26.00 10085
26.01 10086
26.02 10086
26.03 10086
26.04 10086
26.05 10086
26.06 10086
26.07 10087
26.08 10087
26.09 10088
26.10 10092
26.11 10094
26.13 10094
26.14 10094
26.15 10094
26.16 10095
26.17 10095
26.18 10095
26.19 10095
26.20 10095
26.21 10095
26.22 10095
26.23 10095
26.24 10095
26.25 10095
26.26 10095
26.27 10098
26.28 10098
26.29 10100
26.31 10103
26.32 10104
26.33 10107
26.34 10107
26.35 10113
26.36 10115
26.37 10118
26.38 10118
26.39 10124
26.40 10127
26.41 10127
26.42 10135
26.43 10141
26.44 10148
26.45 10154
26.46 10158
26.47 10164
26.49 10172
26.50 10178
26.51 10186
26.52 10192
26.53 10197
26.54 10202
26.55 10210
26.56 10219
26.57 10226
26.58 10234
26.59 10239
26.60 10245
26.61 10247
26.62 10252
26.63 10258
26.64 10266
26.65 10271
26.66 10275
26.68 10277
26.69 10283
26.70 10288
26.71 10296
26.72 10300
26.73 10306
26.74 10311
26.75 10316
26.76 10323
26.77 10329
26.78 10334
26.79 10339
26.80 10344
26.81 10348
26.82 10352
26.83 10362
26.84 10368
26.86 10372
26.87 10377
26.88 10379
26.89 10385
26.90 10388
26.91 10392
26.92 10397
26.93 10402
26.94 10406
26.95 10411
26.96 10417
26.97 10422
26.98 10427
26.99 10430
27.00 10434
27.01 10440
27.02 10444
27.04 10450
27.05 10457
27.06 10461
27.07 10467
27.08 10473
27.09 10478
27.10 10483
27.11 10487
27.12 10492
27.13 10498
27.14 10501
27.15 10504
27.16 10508
27.17 10513
27.18 10519
27.19 10524
27.20 10530
27.22 10534
27.23 10539
27.24 10544
27.25 10549
27.26 10554
27.27 10560
27.28 10566
27.29 10571
27.30 10576
27.31 10579
27.32 10584
27.33 10591
27.34 10595
27.35 10601
27.36 10604
27.37 10611
27.38 10616
27.40 10619
27.41 10623
27.42 10625
27.43 10628
27.44 10629
27.45 10631
27.46 10636
27.47 10640
27.48 10645
27.49 10649
27.50 10653
27.51 10656
27.52 10661
27.53 10663
27.54 10666
27.55 10670
27.56 10673
27.57 10677
27.59 10683
27.60 10689
27.61 10696
27.62 10701
27.63 10705
27.64 10708
27.65 10711
27.66 10714
27.67 10719
27.68 10724
27.69 10730
27.70 10732
27.71 10737
27.72 10743
27.73 10748
27.74 10751
27.75 10755
27.77 10759
27.78 10765
27.79 10771
27.80 10776
27.81 10780
27.82 10784
27.83 10786
27.84 10788
27.85 10790
27.86 10790
27.87 10798
27.88 10801
27.89 10806
27.90 10808
27.91 10813
27.92 10817
27.93 10821
27.95 10825
27.96 10829
27.97 10834
27.98 10838
27.99 10840
28.00 10842
28.01 10849
28.02 10857
28.03 10862
28.04 10864
28.05 10871
28.06 10874
28.07 10879
28.08 10882
28.09 10887
28.10 10894
28.11 10901
28.13 10906
28.14 10909
28.15 10915
28.16 10919
28.17 10923
28.18 10928
28.19 10933
28.20 10938
28.21 10944
28.22 10950
28.23 10953
28.24 10961
28.25 10965
28.26 10968
28.27 10971
28.28 10974
28.29 10977
28.31 10981
28.32 10985
28.33 10990
28.34 10992
28.35 10997
28.36 10999
28.37 11004
28.38 11006
28.39 11010
28.40 11012
28.41 11013
28.42 11015
28.43 11017
28.44 11020
28.45 11024
28.46 11028
28.47 11034
28.48 11039
28.50 11042
28.51 11047
28.52 11051
28.53 11053
28.54 11059
28.55 11063
28.56 11068
28.57 11072
28.58 11076
28.59 11078
28.60 11084
28.61 11090
28.62 11095
28.63 11100
28.64 11103
28.65 11107
28.66 11109
28.68 11112
28.69 11114
28.70 11120
28.71 11124
28.72 11131
28.73 11139
28.74 11145
28.75 11152
28.76 11158
28.77 11163
28.78 11168
28.79 11173
28.80 11181
28.81 11188
28.82 11192
28.83 11196
28.84 11201
28.86 11207
28.87 11211
28.88 11213
28.89 11217
28.90 11224
28.91 11229
28.92 11234
28.93 11242
28.94 11247
28.95 11254
28.96 11260
28.97 11266
28.98 11270
28.99 11275
29.00 11277
29.01 11284
29.02 11289
29.04 11292
29.05 11300
29.06 11304
29.07 11309
29.08 11315
29.09 11320
29.10 11323
29.11 11326
29.12 11332
29.13 11334
29.14 11338
29.15 11345
29.16 11350
29.17 11355
29.18 11361
29.19 11365
29.20 11369
29.21 11373
29.23 11382
29.24 11388
29.25 11394
29.26 11400
29.27 11406
29.28 11411
29.29 11414
29.30 11422
29.31 11426
29.32 11430
29.33 11434
29.34 11439
29.35 11445
29.36 11451
29.37 11458
29.38 11461
29.39 11464
29.41 11467
29.42 11472
29.43 11475
29.44 11480
29.45 11485
29.46 11492
29.47 11496
29.48 11499
29.49 11506
29.50 11512
29.51 11516
29.52 11521
29.53 11527
29.54 11533
29.55 11538
29.56 11541
29.57 11548
29.59 11551
29.60 11559
29.61 11562
29.62 11569
29.63 11572
29.64 11579
29.65 11584
29.66 11591
29.67 11597
29.68 11603
29.69 11610
29.70 11616
29.71 11621
29.72 11626
29.73 11632
29.74 11638
29.75 11644
29.77 11651
29.78 11658
29.79 11661
29.80 11667
29.81 11671
29.82 11674
29.83 11679
29.84 11685
29.85 11690
29.86 11695
29.87 11697
29.88 11702
29.89 11706
29.90 11714
29.91 11716
29.92 11722
29.93 11726
29.95 11731
29.96 11736
29.97 11740
29.98 11743
29.99 11749
30.00 11753
30.01 11756
30.02 11760
30.03 11767
30.04 11771
30.05 11774
30.06 11778
30.07 11782
30.08 11788
30.09 11795
30.10 11801
30.11 11805
30.12 11811
30.14 11819
30.15 11823
30.16 11826
30.17 11833
30.18 11838
30.19 11843
30.20 11847
30.21 11852
30.22 11859
30.23 11864
30.24 11869
30.25 11872
30.26 11881
30.27 11884
30.28 11889
30.29 11894
30.30 11901
30.32 11905
30.33 11909
30.34 11914
30.35 11920
30.36 11925
30.37 11931
30.38 11934
30.39 11939
30.40 11945
30.41 11953
30.42 11958
30.43 11964
30.44 11969
30.45 11974
30.46 11980
30.47 11984
30.48 11989
30.50 11993
30.51 12000
30.52 12004
30.53 12008
30.54 12013
30.55 12018
30.56 12024
30.57 12029
30.58 12035
30.59 12042
30.60 12049
30.61 12053
30.62 12056
30.63 12062
30.64 12067
30.65 12072
30.66 12077
30.68 12081
30.69 12087
30.70 12092
30.71 12098
30.72 12102
30.73 12106
30.74 12111
30.75 12115
30.76 12121
30.77 12127
30.78 12132
30.79 12138
30.80 12145
30.81 12150
30.82 12152
30.83 12161
30.84 12165
30.86 12168
30.87 12173
30.88 12180
30.89 12184
30.90 12188
30.91 12194
30.92 12197
30.93 12202
30.94 12207
30.95 12211
30.96 12217
30.97 12221
30.98 12225
30.99 12230
31.00 12234
31.01 12236
31.02 12239
31.03 12243
31.05 12247
31.06 12249
31.07 12253
31.08 12258
31.09 12264
31.10 12271
31.11 12275
31.12 12277
31.13 12284
31.14 12288
31.15 12295
31.16 12300
31.17 12306
31.18 12308
31.19 12313
31.20 12319
31.21 12326
31.23 12329
31.24 12334
31.25 12337
31.26 12341
31.27 12343
31.28 12347
31.29 12352
31.30 12357
31.31 12362
31.32 12367
31.33 12372
31.34 12379
31.35 12384
31.36 12386
31.37 12389
31.38 12393
31.39 12397
31.41 12400
31.42 12407
31.43 12410
31.44 12412
31.45 12418
31.46 12424
31.47 12430
31.48 12436
31.49 12440
31.50 12443
31.51 12450
31.52 12454
31.53 12458
31.54 12465
31.55 12471
31.56 12477
31.57 12484
31.59 12490
31.60 12496
31.61 12501
31.62 12507
31.63 12513
31.64 12517
31.65 12521
31.66 12528
31.67 12533
31.68 12539
31.69 12547
31.70 12553
31.71 12557
31.72 12562
31.73 12566
31.74 12569
31.75 12575
31.77 12577
31.78 12584
31.79 12590
31.80 12595
31.81 12601
31.82 12607
31.83 12612
31.84 12616
31.85 12623
31.86 12627
31.87 12632
31.88 12637
31.89 12640
31.90 12644
31.91 12647
31.92 12652
31.93 12657
31.94 12660
31.96 12667
31.97 12672
31.98 12675
31.99 12680
32.00 12683
32.01 12687
32.02 12694
32.03 12702
32.04 12707
32.05 12712
32.06 12718
32.07 12723
32.08 12727
32.09 12731
32.10 12735
32.11 12740
32.12 12746
32.14 12752
32.15 12758
32.16 12762
32.17 12768
32.18 12772
32.19 12774
32.20 12779
32.21 12783
32.22 12788
32.23 12792
32.24 12796
32.25 12800
32.26 12805
32.27 12810
32.28 12816
32.29 12821
32.30 12826
32.32 12831
32.33 12835
32.34 12840
32.35 12843
32.36 12848
32.37 12852
32.38 12858
32.39 12862
32.40 12869
32.41 12873
32.42 12878
32.43 12883
32.44 12888
32.45 12893
32.46 12897
32.47 12900
32.48 12905
32.50 12909
32.51 12912
32.52 12915
32.53 12918
32.54 12922
32.55 12924
32.56 12932
32.57 12937
32.58 12940
32.59 12945
32.60 12951
32.61 12954
32.62 12959
32.63 12963
32.64 12967
32.65 12970
32.66 12977
32.68 12980
32.69 12984
32.70 12988
32.71 12993
32.72 12999
32.73 13004
32.74 13008
32.75 13013
32.76 13019
32.77 13024
32.78 13028
32.79 13033
32.80 13040
32.81 13046
32.82 13051
32.83 13057
32.84 13064
32.85 13070
32.87 13073
32.88 13079
32.89 13083
32.90 13087
32.91 13092
32.92 13092
32.93 13093
32.94 13098
32.95 13105
32.96 13108
32.97 13112
32.98 13115
32.99 13123
33.00 13129
33.01 13132
33.02 13136
33.03 13143
33.05 13148
33.06 13154
33.07 13159
33.08 13164
33.09 13170
33.10 13176
33.11 13182
33.12 13185
33.13 13191
33.14 13196
33.15 13199
33.16 13204
33.17 13208
33.18 13209
33.19 13213
33.20 13218
33.21 13224
33.23 13229
33.24 13234
33.25 13239
33.26 13244
33.27 13248
33.28 13252
33.29 13258
33.30 13261
33.31 13266
33.32 13273
33.33 13277
33.34 13281
33.35 13284
33.36 13286
33.37 13288
33.38 13294
33.39 13298
33.41 13306
33.42 13312
33.43 13319
33.44 13324
33.45 13329
33.46 13334
33.47 13341
33.48 13345
33.49 13352
33.50 13357
33.51 13360
33.52 13364
33.53 13368
33.54 13372
33.55 13375
33.56 13378
33.57 13386
33.59 13392
33.60 13396
33.61 13402
33.62 13403
33.63 13406
33.64 13411
33.65 13414
33.66 13420
33.67 13425
33.68 13430
33.69 13433
33.70 13438
33.71 13444
33.72 13449
33.73 13454
33.74 13456
33.75 13460
33.76 13464
33.78 13470
33.79 13475
33.80 13480
33.81 13486
33.82 13492
33.83 13495
33.84 13500
33.85 13505
33.86 13510
33.87 13516
33.88 13524
33.89 13529
33.90 13533
33.91 13537
33.92 13541
33.93 13542
33.94 13544
33.96 13547
33.97 13552
33.98 13557
33.99 13561
34.00 13566
34.01 13568
34.02 13575
34.03 13581
34.04 13585
34.05 13590
34.06 13595
34.07 13602
34.08 13607
34.09 13614
34.10 13618
34.11 13622
34.12 13627
34.14 13632
34.15 13635
34.16 13639
34.17 13642
34.18 13646
34.19 13652
34.20 13655
34.21 13661
34.22 13666
34.23 13670
34.24 13672
34.25 13676
34.26 13679
34.27 13683
34.28 13688
34.29 13693
34.30 13697
34.32 13700
34.33 13705
34.34 13711
34.35 13716
34.36 13722
34.37 13729
34.38 13732
34.39 13735
34.40 13737
34.41 13743
34.42 13746
34.43 13750
34.44 13751
34.45 13751
34.46 13755
34.47 13761
34.48 13762
34.50 13765
34.51 13770
34.52 13778
34.53 13780
34.54 13781
34.55 13781
34.56 13781
34.57 13781
34.58 13781
34.59 13787
34.60 13794
34.61 13795
34.62 13802
34.63 13806
34.64 13810
34.65 13815
34.66 13819
34.67 13822
34.69 13826
34.70 13831
34.71 13834
34.72 13839
34.73 13840
34.74 13845
34.75 13847
34.76 13853
34.77 13856
34.78 13860
34.79 13865
34.80 13868
34.81 13870
34.82 13875
34.83 13881
34.84 13886
34.85 13892
34.87 13896
34.88 13904
34.89 13910
34.90 13915
34.91 13921
34.92 13925
34.93 13930
34.94 13933
34.95 13936
34.96 13940
34.97 13944
34.98 13948
34.99 13953
35.00 13956
35.01 13959
35.02 13962
35.03 13968
35.05 13972
35.06 13975
35.07 13976
35.08 13980
35.09 13984
35.10 13989
35.11 13991
35.12 13992
35.13 13995
35.14 14000
35.15 14005
35.16 14009
35.17 14015
35.18 14020
35.19 14023
35.20 14030
35.21 14036
35.23 14043
35.24 14047
35.25 14051
35.26 14057
35.27 14060
35.28 14066
35.29 14072
35.30 14076
35.31 14079
35.32 14083
35.33 14086
35.34 14091
35.35 14097
35.36 14101
35.37 14103
35.38 14107
35.39 14111
35.41 14115
35.42 14120
35.43 14123
35.44 14126
35.45 14131
35.46 14135
35.47 14139
35.48 14143
35.49 14147
35.50 14150
35.51 14157
35.52 14161
35.53 14165
35.54 14168
35.55 14172
35.56 14179
35.57 14185
35.58 14191
35.60 14195
35.61 14201
35.62 14207
35.63 14210
35.64 14212
35.65 14219
35.66 14223
35.67 14227
35.68 14234
35.69 14238
35.70 14242
35.71 14244
35.72 14248
35.73 14255
35.74 14259
35.75 14262
35.76 14269
35.78 14273
35.79 14278
35.80 14284
35.81 14289
35.82 14294
35.83 14299
35.84 14303
35.85 14308
35.86 14314
35.87 14320
35.88 14326
35.89 14331
35.90 14336
35.91 14340
35.92 14343
35.93 14348
35.94 14355
35.96 14358
35.97 14365
35.98 14368
35.99 14377
36.00 14381
36.01 14384
36.02 14387
36.03 14393
36.04 14397
36.05 14402
36.06 14409
36.07 14412
36.08 14417
36.09 14420
36.10 14425
36.11 14432
36.12 14436
36.14 14441
36.15 14445
36.16 14452
36.17 14459
36.18 14465
36.19 14470
36.20 14476
36.21 14482
36.22 14486
36.23 14490
36.24 14494
36.25 14498
36.26 14501
36.27 14505
36.28 14511
36.29 14517
36.30 14524
36.32 14529
36.33 14532
36.34 14537
36.35 14542
36.36 14546
36.37 14551
36.38 14553
36.39 14559
36.40 14564
36.41 14568
36.42 14572
36.43 14577
36.44 14583
36.45 14589
36.46 14593
36.47 14597
36.48 14603
36.49 14607
36.51 14613
36.52 14618
36.53 14621
36.54 14622
36.55 14627
36.56 14630
36.57 14633
36.58 14637
36.59 14642
36.60 14646
36.61 14653
36.62 14655
36.63 14661
36.64 14666
36.65 14669
36.66 14671
36.67 14673
36.69 14677
36.70 14681
36.71 14683
36.72 14690
36.73 14694
36.74 14698
36.75 14705
36.76 14708
36.77 14712
36.78 14717
36.79 14720
36.80 14725
36.81 14729
36.82 14735
36.83 14740
36.84 14744
36.85 14744
36.87 14751
36.88 14758
36.89 14761
36.90 14765
36.91 14769
36.92 14775
36.93 14782
36.94 14792
36.95 14797
36.96 14799
36.97 14804
36.98 14807
36.99 14810
37.00 14816
37.01 14820
37.02 14824
37.03 14828
37.05 14834
37.06 14838
37.07 14843
37.08 14849
37.09 14854
37.10 14857
37.11 14861
37.12 14866
37.13 14872
37.14 14878
37.15 14882
37.16 14884
37.17 14887
37.18 14893
37.19 14898
37.20 14901
37.21 14904
37.23 14909
37.24 14913
37.25 14917
37.26 14921
37.27 14926
37.28 14930
37.29 14934
37.30 14936
37.31 14939
37.32 14943
37.33 14950
37.34 14953
37.35 14956
37.36 14960
37.37 14963
37.38 14967
37.39 14972
37.40 14976
37.42 14981
37.43 14985
37.44 14989
37.45 14991
37.46 14996
37.47 15000
37.48 15006
37.49 15009
37.50 15012
37.51 15016
37.52 15021
37.53 15026
37.54 15033
37.55 15039
37.56 15045
37.57 15049
37.58 15055
37.60 15060
37.61 15065
37.62 15072
37.63 15077
37.64 15081
37.65 15086
37.66 15091
37.67 15096
37.68 15098
37.69 15103
37.70 15109
37.71 15114
37.72 15118
37.73 15122
37.74 15128
37.75 15132
37.76 15136
37.78 15140
37.79 15144
37.80 15149
37.81 15151
37.82 15155
37.83 15164
37.84 15171
37.85 15177
37.86 15184
37.87 15188
37.88 15190
37.89 15196
37.90 15199
37.91 15200
37.92 15206
37.93 15210
37.94 15214
37.96 15218
37.97 15224
37.98 15230
37.99 15235
38.00 15242
38.01 15247
38.02 15250
38.03 15254
38.04 15258
38.05 15263
38.06 15267
38.07 15271
38.08 15277
38.09 15283
38.10 15290
38.11 15292
38.12 15298
38.14 15303
38.15 15309
38.16 15314
38.17 15320
38.18 15326
38.19 15330
38.20 15334
38.21 15340
38.22 15346
38.23 15351
38.24 15354
38.25 15356
38.26 15359
38.27 15362
38.28 15365
38.29 15368
38.30 15373
38.31 15376
38.33 15380
38.34 15385
38.35 15389
38.36 15392
38.37 15394
38.38 15399
38.39 15406
38.40 15410
38.41 15414
38.42 15419
38.43 15423
38.44 15425
38.45 15433
38.46 15439
38.47 15444
38.48 15450
38.49 15452
38.51 15453
38.52 15457
38.53 15464
38.54 15469
38.55 15474
38.56 15479
38.57 15481
38.58 15483
38.59 15486
38.60 15490
38.61 15491
38.62 15494
38.63 15494
38.64 15502
38.65 15505
38.66 15506
38.67 15510
38.69 15514
38.70 15516
38.71 15517
38.72 15523
38.73 15530
38.74 15534
38.75 15537
38.76 15542
38.77 15548
38.78 15554
38.79 15561
38.80 15566
38.81 15571
38.82 15576
38.83 15581
38.84 15586
38.85 15590
38.87 15595
38.88 15599
38.89 15602
38.90 15605
38.91 15609
38.92 15613
38.93 15615
38.94 15622
38.95 15626
38.96 15632
38.97 15635
38.98 15638
38.99 15643
39.00 15647
39.01 15653
39.02 15660
39.03 15665
39.05 15668
39.06 15673
39.07 15677
39.08 15678
39.09 15683
39.10 15684
39.11 15690
39.12 15691
39.13 15692
39.14 15693
39.15 15698
39.16 15704
39.17 15710
39.18 15715
39.19 15722
39.20 15726
39.21 15731
39.22 15737
39.24 15741
39.25 15749
39.26 15752
39.27 15756
39.28 15761
39.29 15765
39.30 15769
39.31 15774
39.32 15779
39.33 15784
39.34 15787
39.35 15790
39.36 15791
39.37 15793
39.38 15794
39.39 15796
39.40 15801
39.42 15807
39.43 15811
39.44 15815
39.45 15819
39.46 15825
39.47 15829
39.48 15833
39.49 15836
39.50 15836
39.51 15840
39.52 15845
39.53 15849
39.54 15854
39.55 15859
39.56 15861
39.57 15865
39.58 15870
39.60 15871
39.61 15876
39.62 15879
39.63 15883
39.64 15886
39.65 15889
39.66 15894
39.67 15898
39.68 15902
39.69 15905
39.70 15907
39.71 15911
39.72 15915
39.73 15918
39.74 15921
39.75 15925
39.76 15929
39.78 15931
39.79 15933
39.80 15937
39.81 15939
39.82 15941
39.83 15944
39.84 15947
39.85 15947
39.86 15950
39.87 15958
39.88 15963
39.89 15971
39.90 15977
39.91 15979
39.92 15979
39.93 15982
39.94 15983
39.96 15989
39.97 15996
39.98 15999
39.99 16003
40.00 16008
40.01 16012
40.02 16016
40.03 16017
40.04 16019
40.05 16022
40.06 16023
40.07 16030
40.08 16034
40.09 16035
40.10 16039
40.11 16043
40.12 16045
40.13 16049
40.15 16052
40.16 16056
40.17 16059
40.18 16065
40.19 16071
40.20 16074
40.21 16080
40.22 16084
40.23 16092
40.24 16093
40.25 16100
40.26 16106
40.27 16112
40.28 16119
40.29 16122
40.30 16124
40.31 16127
40.33 16131
40.34 16135
40.35 16136
40.36 16137
40.37 16138
40.38 16144
40.39 16150
40.40 16155
40.41 16161
40.42 16165
40.43 16174
40.44 16178
40.45 16178
40.46 16178
40.47 16181
40.48 16185
40.49 16189
40.51 16193
40.52 16200
40.53 16208
40.54 16211
40.55 16212
40.56 16217
40.57 16221
40.58 16228
40.59 16234
40.60 16238
40.61 16240
40.62 16243
40.63 16249
40.64 16251
40.65 16254
40.66 16256
40.67 16261
40.69 16263
40.70 16263
40.71 16266
40.72 16268
40.73 16275
40.74 16276
40.75 16282
40.76 16285
40.77 16290
40.78 16295
40.79 16300
40.80 16304
40.81 16305
40.82 16310
40.83 16317
40.84 16323
40.85 16332
40.87 16339
40.88 16347
40.89 16355
40.90 16356
40.91 16361
40.92 16366
40.93 16372
40.94 16376
40.95 16379
40.96 16381
40.97 16384
40.98 16387
40.99 16390
41.00 16394
41.01 16395
41.02 16395
41.03 16395
41.04 16398
41.06 16401
41.07 16406
41.08 16410
41.09 16418
41.10 16424
41.11 16430
41.12 16435
41.13 16438
41.14 16438
41.15 16438
41.16 16441
41.17 16442
41.18 16449
41.19 16456
41.20 16459
41.21 16463
41.22 16465
41.24 16469
41.25 16473
41.26 16476
41.27 16480
41.28 16482
41.29 16488
41.30 16493
41.31 16498
41.32 16501
41.33 16502
41.34 16504
41.35 16508
41.36 16509
41.37 16511
41.38 16514
41.39 16516
41.40 16518
41.42 16520
41.43 16524
41.44 16527
41.45 16533
41.46 16538
41.47 16539
41.48 16539
41.49 16540
41.50 16544
41.51 16544
41.52 16545
41.53 16545
41.54 16545
41.55 16548
41.56 16551
41.57 16555
41.58 16560
41.60 16561
41.61 16563
41.62 16565
41.63 16572
41.64 16574
41.65 16574
41.66 16582
41.67 16586
41.68 16586
41.69 16589
41.70 16590
41.71 16591
41.72 16591
41.73 16595
41.74 16597
41.75 16599
41.76 16606
41.78 16610
41.79 16610
41.80 16611
41.81 16611
41.82 16614
41.83 16615
41.84 16619
41.85 16622
41.86 16622
41.87 16623
41.88 16623
41.89 16624
41.90 16627
41.91 16628
41.92 16632
41.93 16632
41.94 16632
41.95 16633
41.97 16635
41.98 16637
41.99 16641
42.00 16649
42.01 16649
42.02 16649
42.03 16650
42.04 16651
42.05 16652
42.06 16657
42.07 16664
42.08 16666
42.09 16666
42.10 16666
42.11 16666
42.12 16670
42.13 16671
42.15 16671
42.16 16672
42.17 16675
42.18 16676
42.19 16678
42.20 16684
42.21 16691
42.22 16695
42.23 16698
42.24 16703
42.25 16704
42.26 16707
42.27 16714
42.28 16716
42.29 16722
42.30 16727
42.31 16734
42.33 16737
42.34 16744
42.35 16749
42.36 16754
42.37 16759
42.38 16766
42.39 16772
42.40 16776
42.41 16780
42.42 16786
42.43 16789
42.44 16796
42.45 16803
42.46 16806
42.47 16813
42.48 16818
42.49 16822
42.51 16827
42.52 16830
42.53 16835
42.54 16839
42.55 16843
42.56 16846
42.57 16849
42.58 16856
42.59 16861
42.60 16865
42.61 16871
42.62 16874
42.63 16878
42.64 16879
42.65 16881
42.66 16887
42.67 16892
42.69 16894
42.70 16898
42.71 16898
42.72 16905
42.73 16908
42.74 16914
42.75 16918
42.76 16920
42.77 16931
42.78 16936
42.79 16940
42.80 16945
42.81 16947
42.82 16950
42.83 16955
42.84 16958
42.85 16962
42.86 16967
42.88 16968
42.89 16974
42.90 16976
42.91 16981
42.92 16984
42.93 16991
42.94 16993
42.95 16999
42.96 17001
42.97 17003
42.98 17005
42.99 17008
43.00 17011
43.01 17017
43.02 17019
43.03 17024
43.04 17026
43.06 17029
43.07 17035
43.08 17038
43.09 17039
43.10 17045
43.11 17049
43.12 17055
43.13 17057
43.14 17059
43.15 17063
43.16 17066
43.17 17070
43.18 17077
43.19 17081
43.20 17086
43.21 17092
43.22 17098
43.24 17099
43.25 17100
43.26 17105
43.27 17109
43.28 17111
43.29 17113
43.30 17116
43.31 17123
43.32 17125
43.33 17128
43.34 17134
43.35 17136
43.36 17138
43.37 17143
43.38 17148
43.39 17153
43.40 17155
43.42 17159
43.43 17164
43.44 17167
43.45 17171
43.46 17173
43.47 17182
43.48 17188
43.49 17189
43.50 17190
43.51 17194
43.52 17195
43.53 17201
43.54 17208
43.55 17210
43.56 17217
43.57 17219
43.58 17223
43.60 17226
43.61 17228
43.62 17230
43.63 17234
43.64 17240
43.65 17246
43.66 17249
43.67 17251
43.68 17254
43.69 17258
43.70 17260
43.71 17266
43.72 17269
43.73 17270
43.74 17271
43.75 17272
43.76 17277
43.77 17279
43.79 17281
43.80 17285
43.81 17286
43.82 17287
43.83 17290
43.84 17297
43.85 17298
43.86 17304
43.87 17311
43.88 17312
43.89 17315
43.90 17319
43.91 17324
43.92 17327
43.93 17327
43.94 17329
43.95 17330
43.97 17335
43.98 17337
43.99 17339
44.00 17342
44.01 17344
44.02 17347
44.03 17348
44.04 17349
44.05 17349
44.06 17351
44.07 17353
44.08 17354
44.09 17354
44.10 17356
44.11 17357
44.12 17358
44.13 17358
44.15 17359
44.16 17359
44.17 17359
44.18 17359
44.19 17359
44.20 17360
44.21 17360
44.22 17360
44.23 17360
44.24 17360
44.25 17360
44.26 17362
44.27 17364
44.28 17364
44.29 17365
44.30 17365
44.31 17367
44.33 17367
44.34 17367
44.35 17367
44.36 17367
44.37 17367
44.38 17367
44.39 17367
44.40 17367
44.41 17367
44.42 17367
44.43 17367
44.44 17367
44.45 17368
44.46 17369
44.47 17369
44.48 17370
44.49 17370
44.50 17372
44.52 17373
44.53 17373
44.54 17373
44.55 17373
44.56 17373
44.57 17373
44.58 17374
44.59 17374
44.60 17374
44.61 17374
44.62 17374
44.63 17374
44.64 17377
44.65 17381
44.66 17383
44.67 17383
44.68 17383
44.70 17385
44.71 17387
44.72 17387
44.73 17391
44.74 17393
44.75 17394
44.76 17394
44.77 17396
44.78 17397
44.79 17398
44.80 17398
44.81 17399
44.82 17401
44.83 17402
44.84 17402
44.85 17403
44.86 17404
44.88 17404
44.89 17404
44.90 17405
44.91 17405
44.92 17405
44.93 17405
44.94 17405
44.95 17405
44.96 17406
44.97 17406
44.98 17406
44.99 17408
45.00 17409
45.01 17409
45.02 17409
45.03 17410
45.04 17411
45.06 17411
45.07 17411
45.08 17411
45.09 17411
45.10 17411
45.11 17411
45.12 17412
45.13 17412
45.14 17412
45.15 17412
45.16 17412
45.17 17412
45.18 17414
45.19 17415
45.20 17415
45.21 17415
45.22 17415
45.24 17417
45.25 17417
45.26 17417
45.27 17417
45.28 17417
45.29 17417
45.30 17417
45.31 17418
45.32 17418
45.33 17418
45.34 17418
45.35 17418
45.36 17418
45.37 17422
45.38 17423
45.39 17424
45.40 17424
45.41 17425
45.43 17425
45.44 17425
45.45 17425
45.46 17425
45.47 17425
45.48 17425
45.49 17425
45.50 17425
45.51 17428
45.52 17429
45.53 17429
45.54 17431
45.55 17431
45.56 17431
45.57 17435
45.58 17435
45.59 17439
45.61 17439
45.62 17440
45.63 17448
45.64 17448
45.65 17448
45.66 17452
45.67 17454
45.68 17459
45.69 17462
45.70 17468
45.71 17474
45.72 17481
45.73 17486
45.74 17490
45.75 17495
45.76 17498
45.77 17501
45.79 17510
45.80 17515
45.81 17519
45.82 17522
45.83 17524
45.84 17531
45.85 17539
45.86 17543
45.87 17549
45.88 17553
45.89 17555
45.90 17557
45.91 17561
45.92 17564
45.93 17568
45.94 17574
45.95 17583
45.97 17586
45.98 17590
45.99 17593
46.00 17597
46.01 17602
46.02 17608
46.03 17615
46.04 17619
46.05 17625
46.06 17630
46.07 17634
46.08 17639
46.09 17644
46.10 17648
46.11 17651
46.12 17657
46.13 17663
46.15 17669
46.16 17674
46.17 17678
46.18 17680
46.19 17686
46.20 17693
46.21 17696
46.22 17698
46.23 17703
46.24 17707
46.25 17711
46.26 17715
46.27 17719
46.28 17721
46.29 17726
46.30 17729
46.31 17734
46.32 17740
46.34 17748
46.35 17753
46.36 17758
46.37 17761
46.38 17765
46.39 17771
46.40 17775
46.41 17780
46.42 17785
46.43 17792
46.44 17796
46.45 17801
46.46 17809
46.47 17815
46.48 17822
46.49 17827
46.50 17832
46.52 17836
46.53 17840
46.54 17843
46.55 17847
46.56 17852
46.57 17858
46.58 17862
46.59 17867
46.60 17871
46.61 17876
46.62 17884
46.63 17891
46.64 17897
46.65 17901
46.66 17906
46.67 17910
46.68 17912
46.70 17914
46.71 17919
46.72 17923
46.73 17927
46.74 17931
46.75 17937
46.76 17942
46.77 17948
46.78 17952
46.79 17955
46.80 17957
46.81 17959
46.82 17965
46.83 17970
46.84 17976
46.85 17981
46.86 17988
46.88 17990
46.89 17996
46.90 18000
46.91 18005
46.92 18011
46.93 18017
46.94 18021
46.95 18025
46.96 18030
46.97 18036
46.98 18042
46.99 18047
47.00 18051
47.01 18057
47.02 18062
47.03 18067
47.04 18071
47.06 18075
47.07 18079
47.08 18083
47.09 18087
47.10 18092
47.11 18096
47.12 18099
47.13 18107
47.14 18112
47.15 18117
47.16 18118
47.17 18120
47.18 18126
47.19 18130
47.20 18136
47.21 18142
47.22 18144
47.23 18148
47.25 18153
47.26 18157
47.27 18160
47.28 18164
47.29 18167
47.30 18170
47.31 18176
47.32 18181
47.33 18186
47.34 18189
47.35 18194
47.36 18200
47.37 18204
47.38 18209
47.39 18213
47.40 18218
47.41 18225
47.43 18231
47.44 18232
47.45 18236
47.46 18241
47.47 18245
47.48 18251
47.49 18258
47.50 18263
47.51 18268
47.52 18274
47.53 18278
47.54 18282
47.55 18289
47.56 18294
47.57 18299
47.58 18304
47.59 18309
47.61 18316
47.62 18321
47.63 18329
47.64 18334
47.65 18338
47.66 18344
47.67 18351
47.68 18359
47.69 18370
47.70 18380
47.71 18388
47.72 18396
47.73 18402
47.74 18405
47.75 18408
47.76 18411
47.77 18417
47.79 18423
47.80 18429
47.81 18433
47.82 18438
47.83 18441
47.84 18445
47.85 18449
47.86 18457
47.87 18464
47.88 18468
47.89 18474
47.90 18478
47.91 18481
47.92 18483
47.93 18485
47.94 18489
47.95 18494
47.97 18497
47.98 18501
47.99 18507
48.00 18512
48.01 18517
48.02 18522
48.03 18526
48.04 18531
48.05 18534
48.06 18540
48.07 18542
48.08 18546
48.09 18552
48.10 18556
48.11 18559
48.12 18562
48.13 18567
48.14 18572
48.16 18578
48.17 18582
48.18 18588
48.19 18592
48.20 18597
48.21 18601
48.22 18605
48.23 18613
48.24 18617
48.25 18624
48.26 18627
48.27 18633
48.28 18638
48.29 18644
48.30 18651
48.31 18656
48.32 18663
48.34 18664
48.35 18668
48.36 18673
48.37 18681
48.38 18685
48.39 18690
48.40 18694
48.41 18698
48.42 18704
48.43 18711
48.44 18717
48.45 18721
48.46 18728
48.47 18737
48.48 18744
48.49 18747
48.50 18752
48.52 18757
48.53 18760
48.54 18766
48.55 18771
48.56 18777
48.57 18785
48.58 18792
48.59 18801
48.60 18805
48.61 18809
48.62 18809
48.63 18814
48.64 18818
48.65 18823
48.66 18824
48.67 18826
48.68 18828
48.70 18828
48.71 18830
48.72 18833
48.73 18835
48.74 18839
48.75 18843
48.76 18845
48.77 18849
48.78 18850
48.79 18851
48.80 18851
48.81 18852
48.82 18855
48.83 18856
48.84 18858
48.85 18861
48.86 18865
48.88 18868
48.89 18870
48.90 18871
48.91 18874
48.92 18876
48.93 18881
48.94 18886
48.95 18887
48.96 18889
48.97 18892
48.98 18892
48.99 18893
49.00 18895
49.01 18895
49.02 18896
49.03 18896
49.04 18896
49.05 18897
49.07 18898
49.08 18899
49.09 18900
49.10 18900
49.11 18900
49.12 18906
49.13 18907
49.14 18907
49.15 18907
49.16 18908
49.17 18909
49.18 18909
49.19 18909
49.20 18910
49.21 18910
49.22 18910
49.23 18910
49.25 18911
49.26 18912
49.27 18913
49.28 18913
49.29 18913
49.30 18913
49.31 18913
49.32 18919
49.33 18920
49.34 18920
49.35 18924
49.36 18924
49.37 18927
49.38 18928
49.39 18928
49.40 18931
49.41 18934
49.43 18934
49.44 18938
49.45 18939
49.46 18939
49.47 18942
49.48 18942
49.49 18942
49.50 18942
49.51 18946
49.52 18946
49.53 18946
49.54 18950
49.55 18951
49.56 18955
49.57 18955
49.58 18957
49.59 18959
49.61 18962
49.62 18962
49.63 18962
49.64 18967
49.65 18976
49.66 18978
49.67 18981
49.68 18984
49.69 18989
49.70 18989
49.71 18991
49.72 18996
49.73 18998
49.74 19000
49.75 19008
49.76 19015
49.77 19017
49.79 19019
49.80 19021
49.81 19026
49.82 19028
49.83 19031
49.84 19032
49.85 19032
49.86 19034
49.87 19037
49.88 19039
49.89 19041
49.90 19045
49.91 19049
49.92 19052
49.93 19053
49.94 19058
49.95 19063
49.96 19069
49.98 19072
49.99 19076
50.00 19079
50.01 19082
50.02 19088
50.03 19090
50.04 19093
50.05 19096
50.06 19100
50.07 19104
50.08 19110
50.09 19117
50.10 19120
50.11 19125
50.12 19130
50.13 19134
50.14 19141
50.16 19142
50.17 19147
50.18 19158
50.19 19162
50.20 19166
50.21 19169
50.22 19172
50.23 19175
50.24 19179
50.25 19183
50.26 19184
50.27 19188
50.28 19192
50.29 19198
50.30 19205
50.31 19209
50.32 19212
50.34 19216
50.35 19222
50.36 19228
50.37 19232
50.38 19236
50.39 19239
50.40 19241
50.41 19249
50.42 19251
50.43 19253
50.44 19259
50.45 19266
50.46 19271
50.47 19274
50.48 19280
50.49 19283
50.50 19287
50.52 19291
50.53 19295
50.54 19300
50.55 19308
50.56 19315
50.57 19323
50.58 19326
50.59 19331
50.60 19332
50.61 19338
50.62 19342
50.63 19348
50.64 19353
50.65 19357
50.66 19363
50.67 19368
50.68 19373
50.70 19378
50.71 19383
50.72 19388
50.73 19396
50.74 19401
50.75 19405
50.76 19409
50.77 19414
50.78 19419
50.79 19425
50.80 19431
50.81 19437
50.82 19442
50.83 19444
50.84 19448
50.85 19453
50.86 19456
50.87 19459
50.89 19462
50.90 19465
50.91 19470
50.92 19475
50.93 19478
50.94 19481
50.95 19483
50.96 19486
50.97 19495
50.98 19502
50.99 19506
51.00 19509
51.01 19514
51.02 19518
51.03 19524
51.04 19529
51.05 19533
51.07 19538
51.08 19540
51.09 19543
51.10 19547
51.11 19549
51.12 19552
51.13 19555
51.14 19559
51.15 19567
51.16 19574
51.17 19579
51.18 19586
51.19 19591
51.20 19598
51.21 19602
51.22 19604
51.23 19606
51.25 19611
51.26 19612
51.27 19614
51.28 19615
51.29 19620
51.30 19623
51.31 19632
51.32 19634
51.33 19638
51.34 19638
51.35 19642
51.36 19645
51.37 19646
51.38 19647
51.39 19650
51.40 19657
51.41 19660
51.43 19663
51.44 19668
51.45 19672
51.46 19675
51.47 19676
51.48 19679
51.49 19683
51.50 19686
51.51 19689
51.52 19692
51.53 19695
51.54 19700
51.55 19704
51.56 19706
51.57 19712
51.58 19715
51.59 19720
51.61 19725
51.62 19728
51.63 19731
51.64 19735
51.65 19739
51.66 19743
51.67 19744
51.68 19747
51.69 19751
51.70 19753
51.71 19755
51.72 19759
51.73 19763
51.74 19764
51.75 19769
51.76 19774
51.77 19779
51.78 19782
51.80 19785
51.81 19789
51.82 19792
51.83 19796
51.84 19799
51.85 19802
51.86 19806
51.87 19808
51.88 19812
51.89 19817
51.90 19823
51.91 19828
51.92 19830
51.93 19833
51.94 19840
51.95 19844
51.96 19848
51.98 19851
51.99 19857
52.00 19864
52.01 19872
52.02 19879
52.03 19882
52.04 19882
52.05 19885
52.06 19888
52.07 19891
52.08 19895
52.09 19900
52.10 19903
52.11 19908
52.12 19913
52.13 19919
52.14 19922
52.16 19924
52.17 19925
52.18 19929
52.19 19931
52.20 19935
52.21 19942
52.22 19943
52.23 19949
52.24 19951
52.25 19954
52.26 19956
52.27 19960
52.28 19961
52.29 19963
52.30 19965
52.31 19970
52.32 19972
52.34 19975
52.35 19977
52.36 19978
52.37 19979
52.38 19985
52.39 19990
52.40 19997
52.41 20004
52.42 20007
52.43 20014
52.44 20017
52.45 20021
52.46 20024
52.47 20028
52.48 20029
52.49 20030
52.50 20034
52.52 20037
52.53 20038
52.54 20039
52.55 20043
52.56 20046
52.57 20047
52.58 20051
52.59 20053
52.60 20056
52.61 20059
52.62 20059
52.63 20063
52.64 20067
52.65 20072
52.66 20077
52.67 20079
52.68 20084
52.69 20089
52.71 20093
52.72 20098
52.73 20103
52.74 20106
52.75 20106
52.76 20107
52.77 20111
52.78 20113
52.79 20116
52.80 20120
52.81 20123
52.82 20130
52.83 20134
52.84 20139
52.85 20143
52.86 20150
52.87 20157
52.89 20165
52.90 20170
52.91 20175
52.92 20182
52.93 20187
52.94 20191
52.95 20195
52.96 20201
52.97 20203
52.98 20206
52.99 20210
53.00 20215
53.01 20221
53.02 20225
53.03 20228
53.04 20232
53.05 20236
53.07 20238
53.08 20242
53.09 20248
53.10 20253
53.11 20257
53.12 20263
53.13 20269
53.14 20274
53.15 20278
53.16 20282
53.17 20283
53.18 20290
53.19 20293
53.20 20297
53.21 20305
53.22 20310
53.23 20313
53.25 20317
53.26 20323
53.27 20329
53.28 20331
53.29 20338
53.30 20340
53.31 20342
53.32 20346
53.33 20349
53.34 20352
53.35 20355
53.36 20355
53.37 20359
53.38 20362
53.39 20363
53.40 20363
53.41 20364
53.43 20364
53.44 20366
53.45 20373
53.46 20375
53.47 20377
53.48 20378
53.49 20380
53.50 20381
53.51 20388
53.52 20390
53.53 20391
53.54 20394
53.55 20397
53.56 20401
53.57 20404
53.58 20408
53.59 20412
53.60 20416
53.62 20421
53.63 20423
53.64 20424
53.65 20428
53.66 20432
53.67 20438
53.68 20443
53.69 20447
53.70 20453
53.71 20453
53.72 20457
53.73 20461
53.74 20465
53.75 20467
53.76 20471
53.77 20476
53.78 20483
53.80 20489
53.81 20492
53.82 20494
53.83 20499
53.84 20503
53.85 20508
53.86 20514
53.87 20517
53.88 20518
53.89 20519
53.90 20520
53.91 20521
53.92 20528
53.93 20532
53.94 20534
53.95 20536
53.96 20540
53.98 20542
53.99 20543
54.00 20543
54.01 20543
54.02 20544
54.03 20549
54.04 20549
54.05 20553
54.06 20553
54.07 20556
54.08 20558
54.09 20562
54.10 20565
54.11 20567
54.12 20568
54.13 20573
54.14 20574
54.16 20574
54.17 20575
54.18 20577
54.19 20578
54.20 20578
54.21 20579
54.22 20581
54.23 20581
54.24 20582
54.25 20584
54.26 20585
54.27 20586
54.28 20586
54.29 20587
54.30 20589
54.31 20594
54.32 20595
54.34 20595
54.35 20596
54.36 20596
54.37 20598
54.38 20604
54.39 20606
54.40 20606
54.41 20608
54.42 20612
54.43 20613
54.44 20614
54.45 20615
54.46 20616
54.47 20616
54.48 20616
54.49 20616
54.50 20616
54.51 20616
54.53 20616
54.54 20616
54.55 20616
54.56 20619
54.57 20619
54.58 20619
54.59 20623
54.60 20624
54.61 20624
54.62 20625
54.63 20625
54.64 20625
54.65 20625
54.66 20625
54.67 20625
54.68 20625
54.69 20625
54.71 20625
54.72 20625
54.73 20627
54.74 20627
54.75 20627
54.76 20631
54.77 20632
54.78 20632
54.79 20633
54.80 20633
54.81 20633
54.82 20633
54.83 20633
54.84 20633
54.85 20633
54.86 20633
54.87 20633
54.89 20633
54.90 20635
54.91 20635
54.92 20635
54.93 20639
54.94 20640
54.95 20640
54.96 20640
54.97 20640
54.98 20641
54.99 20642
55.00 20642
55.01 20642
55.02 20642
55.03 20642
55.04 20642
55.05 20643
55.07 20644
55.08 20644
55.09 20645
55.10 20645
55.11 20645
55.12 20647
55.13 20647
55.14 20647
55.15 20647
55.16 20648
55.17 20648
55.18 20648
55.19 20648
55.20 20648
55.21 20648
55.22 20648
55.23 20648
55.25 20648
55.26 20650
55.27 20650
55.28 20650
55.29 20653
55.30 20655
55.31 20656
55.32 20656
55.33 20656
55.34 20659
55.35 20660
55.36 20660
55.37 20663
55.38 20665
55.39 20666
55.40 20666
55.41 20669
55.42 20670
55.44 20670
55.45 20671
55.46 20671
55.47 20671
55.48 20675
55.49 20675
55.50 20675
55.51 20677
55.52 20677
55.53 20680
55.54 20680
55.55 20680
55.56 20680
55.57 20680
55.58 20680
55.59 20685
55.60 20685
55.62 20687
55.63 20688
55.64 20688
55.65 20690
55.66 20691
55.67 20691
55.68 20691
55.69 20691
55.70 20692
55.71 20692
55.72 20692
55.73 20692
55.74 20692
55.75 20692
55.76 20692
55.77 20692
55.78 20695
55.80 20695
55.81 20695
55.82 20698
55.83 20699
55.84 20699
55.85 20700
55.86 20700
55.87 20700
55.88 20700
55.89 20700
55.90 20700
55.91 20700
55.92 20700
55.93 20700
55.94 20700
55.95 20701
55.96 20701
55.98 20701
55.99 20705
56.00 20706
56.01 20706
56.02 20707
56.03 20707
56.04 20711
56.05 20712
56.06 20712
56.07 20712
56.08 20712
56.09 20712
56.10 20717
56.11 20724
56.12 20729
56.13 20734
56.14 20740
56.16 20746
56.17 20747
56.18 20747
56.19 20748
56.20 20748
56.21 20748
56.22 20753
56.23 20753
56.24 20753
56.25 20754
56.26 20754
56.27 20754
56.28 20754
56.29 20755
56.30 20755
56.31 20755
56.32 20755
56.33 20755
56.35 20755
56.36 20757
56.37 20757
56.38 20757
56.39 20760
56.40 20760
56.41 20760
56.42 20763
56.43 20764
56.44 20766
56.45 20766
56.46 20767
56.47 20767
56.48 20767
56.49 20767
56.50 20770
56.51 20770
56.53 20770
56.54 20771
56.55 20772
56.56 20772
56.57 20772
56.58 20774
56.59 20775
56.60 20775
56.61 20776
56.62 20777
56.63 20780
56.64 20780
56.65 20782
56.66 20785
56.67 20787
56.68 20787
56.69 20788
56.71 20789
56.72 20790
56.73 20790
56.74 20790
56.75 20790
56.76 20790
56.77 20790
56.78 20793
56.79 20794
56.80 20794
56.81 20794
56.82 20794
56.83 20798
56.84 20798
56.85 20798
56.86 20799
56.87 20799
56.89 20799
56.90 20799
56.91 20801
56.92 20801
56.93 20802
56.94 20802
56.95 20802
56.96 20802
56.97 20811
56.98 20812
56.99 20812
57.00 20812
57.01 20812
57.02 20815
57.03 20816
57.04 20816
57.05 20816
57.07 20816
57.08 20816
57.09 20816
57.10 20818
57.11 20818
57.12 20818
57.13 20818
57.14 20818
57.15 20818
57.16 20818
57.17 20820
57.18 20821
57.19 20821
57.20 20821
57.21 20821
57.22 20823
57.23 20824
57.24 20824
57.26 20825
57.27 20825
57.28 20825
57.29 20825
57.30 20827
57.31 20827
57.32 20827
57.33 20828
57.34 20828
57.35 20828
57.36 20829
57.37 20831
57.38 20831
57.39 20831
57.40 20831
57.41 20834
57.42 20836
57.44 20836
57.45 20836
57.46 20836
57.47 20836
57.48 20836
57.49 20836
57.50 20837
57.51 20837
57.52 20837
57.53 20837
57.54 20837
57.55 20837
57.56 20841
57.57 20842
57.58 20842
57.59 20846
57.60 20846
57.62 20849
57.63 20851
57.64 20851
57.65 20853
57.66 20856
57.67 20856
57.68 20856
57.69 20860
57.70 20863
57.71 20863
57.72 20863
57.73 20863
57.74 20863
57.75 20868
57.76 20868
57.77 20869
57.78 20869
57.80 20870
57.81 20871
57.82 20871
57.83 20871
57.84 20871
57.85 20871
57.86 20871
57.87 20871
57.88 20871
57.89 20871
57.90 20872
57.91 20872
57.92 20872
57.93 20876
57.94 20878
57.95 20878
57.96 20878
57.98 20878
57.99 20878
58.00 20878
58.01 20878
58.02 20878
58.03 20878
58.04 20878
58.05 20878
58.06 20878
58.07 20881
58.08 20881
58.09 20881
58.10 20886
58.11 20887
58.12 20887
58.13 20887
58.14 20887
58.15 20887
58.17 20887
58.18 20887
58.19 20888
58.20 20888
58.21 20888
58.22 20888
58.23 20888
58.24 20888
58.25 20888
58.26 20888
58.27 20892
58.28 20895
58.29 20895
58.30 20895
58.31 20896
58.32 20896
58.33 20896
58.35 20896
58.36 20896
58.37 20896
58.38 20896
58.39 20896
58.40 20896
58.41 20896
58.42 20899
58.43 20899
58.44 20899
58.45 20901
58.46 20902
58.47 20902
58.48 20905
58.49 20905
58.50 20909
58.51 20910
58.53 20910
58.54 20917
58.55 20918
58.56 20920
58.57 20921
58.58 20925
58.59 20933
58.60 20934
58.61 20934
58.62 20938
58.63 20940
58.64 20940
58.65 20943
58.66 20944
58.67 20944
58.68 20944
58.69 20945
58.71 20946
58.72 20946
58.73 20946
58.74 20946
58.75 20946
58.76 20946
58.77 20946
58.78 20946
58.79 20946
58.80 20946
58.81 20946
58.82 20947
58.83 20952
58.84 20952
58.85 20952
58.86 20953
58.87 20954
58.88 20957
58.90 20957
58.91 20959
58.92 20961
58.93 20963
58.94 20963
58.95 20965
58.96 20965
58.97 20966
58.98 20967
58.99 20967
59.00 20967
59.01 20971
59.02 20971
59.03 20971
59.04 20971
59.05 20971
59.06 20972
59.08 20972
59.09 20972
59.10 20972
59.11 20972
59.12 20972
59.13 20972
59.14 20972
59.15 20976
59.16 20976
59.17 20976
59.18 20979
59.19 20980
59.20 20980
59.21 20980
59.22 20980
59.23 20983
59.24 20984
59.26 20984
59.27 20985
59.28 20985
59.29 20985
59.30 20985
59.31 20986
59.32 20986
59.33 20986
59.34 20987
59.35 20987
59.36 20989
59.37 20991
59.38 20992
59.39 20992
59.40 20995
59.41 20995
59.42 20995
59.44 20995
59.45 20995
59.46 20995
59.47 20995
59.48 20995
59.49 20995
59.50 20995
59.51 20996
59.52 20996
59.53 20996
59.54 21000
59.55 21000
59.56 21000
59.57 21001
59.58 21001
59.59 21002
59.60 21002
59.62 21002
59.63 21002
59.64 21002
59.65 21002
59.66 21002
59.67 21002
59.68 21003
59.69 21003
59.70 21003
59.71 21007
59.72 21007
59.73 21007
59.74 21007
59.75 21008
59.76 21008
59.77 21008
59.78 21008
59.79 21008
59.81 21008
59.82 21008
59.83 21008
59.84 21008
59.85 21009
59.86 21009
59.87 21009
59.88 21010
59.89 21013
59.90 21014
59.91 21014
59.92 21015
59.93 21015
59.94 21015
59.95 21015
59.96 21015
59.97 21015
59.99 21015
60.00 21015
60.01 21015
60.02 21015
60.03 21017
60.04 21017
60.05 21017
60.06 21021
60.07 21021
60.08 21021
60.09 21022
60.10 21022
60.11 21026
60.12 21026
60.13 21026
60.14 21030
60.15 21032
60.17 21032
60.18 21035
60.19 21036
60.20 21036
60.21 21037
60.22 21037
60.23 21037
60.24 21043
60.25 21045
60.26 21046
60.27 21047
60.28 21050
60.29 21051
60.30 21054
60.31 21054
60.32 21058
60.33 21058
60.35 21061
60.36 21061
60.37 21062
60.38 21062
60.39 21063
60.40 21063
60.41 21063
60.42 21063
60.43 21074
60.44 21080
60.45 21081
60.46 21081
60.47 21084
60.48 21084
60.49 21087
60.50 21087
60.51 21087
60.53 21090
60.54 21092
60.55 21092
60.56 21093
60.57 21093
60.58 21093
60.59 21097
60.60 21097
60.61 21097
60.62 21100
60.63 21101
60.64 21101
60.65 21102
60.66 21102
60.67 21104
60.68 21106
60.69 21106
60.70 21111
60.72 21111
60.73 21113
60.74 21114
60.75 21114
60.76 21116
60.77 21116
60.78 21116
60.79 21117
60.80 21117
60.81 21120
60.82 21121
60.83 21121
60.84 21121
60.85 21121
60.86 21123
60.87 21124
60.88 21124
60.90 21125
60.91 21125
60.92 21125
60.93 21125
60.94 21127
60.95 21128
60.96 21128
60.97 21128
60.98 21128
60.99 21128
61.00 21132
61.01 21133
61.02 21133
61.03 21133
61.04 21134
61.05 21134
61.06 21134
61.08 21134
61.09 21134
61.10 21134
61.11 21134
61.12 21134
61.13 21134
61.14 21135
61.15 21136
61.16 21136
61.17 21136
61.18 21139
61.19 21140
61.20 21141
61.21 21144
61.22 21144
61.23 21147
61.24 21147
61.26 21150
61.27 21152
61.28 21155
61.29 21155
61.30 21157
61.31 21157
61.32 21157
61.33 21157
61.34 21157
61.35 21159
61.36 21162
61.37 21163
61.38 21163
61.39 21165
61.40 21165
61.41 21168
61.42 21168
61.44 21170
61.45 21172
61.46 21174
61.47 21174
61.48 21174
61.49 21174
61.50 21175
61.51 21178
61.52 21178
61.53 21178
61.54 21180
61.55 21181
61.56 21181
61.57 21185
61.58 21185
61.59 21188
61.60 21189
61.61 21189
61.63 21191
61.64 21194
61.65 21194
61.66 21194
61.67 21199
61.68 21206
61.69 21212
61.70 21213
61.71 21213
61.72 21216
61.73 21216
61.74 21216
61.75 21220
61.76 21221
61.77 21221
61.78 21221
61.79 21221
61.81 21221
61.82 21221
61.83 21221
61.84 21221
61.85 21221
61.86 21221
61.87 21221
61.88 21221
61.89 21222
61.90 21222
61.91 21222
61.92 21227
61.93 21227
61.94 21228
61.95 21228
61.96 21228
61.97 21228
61.99 21228
62.00 21228
62.01 21228
62.02 21228
62.03 21228
62.04 21228
62.05 21228
62.06 21229
62.07 21229
62.08 21229
62.09 21229
62.10 21233
62.11 21234
62.12 21234
62.13 21234
62.14 21234
62.15 21234
62.17 21234
62.18 21234
62.19 21234
62.20 21234
62.21 21234
62.22 21234
62.23 21234
62.24 21235
62.25 21235
62.26 21235
62.27 21238
62.28 21239
62.29 21239
62.30 21242
62.31 21243
62.32 21247
62.33 21247
62.35 21247
62.36 21250
62.37 21252
62.38 21252
62.39 21253
62.40 21255
62.41 21255
62.42 21255
62.43 21257
62.44 21257
62.45 21257
62.46 21257
62.47 21262
62.48 21262
62.49 21262
62.50 21263
62.51 21263
62.52 21263
62.54 21263
62.55 21263
62.56 21263
62.57 21263
62.58 21263
62.59 21263
62.60 21263
62.61 21264
62.62 21264
62.63 21264
62.64 21266
62.65 21267
62.66 21267
62.67 21269
62.68 21269
62.69 21269
62.70 21269
62.72 21269
62.73 21269
62.74 21269
62.75 21269
62.76 21269
62.77 21269
62.78 21269
62.79 21270
62.80 21270
62.81 21271
62.82 21272
62.83 21273
62.84 21273
62.85 21275
62.86 21275
62.87 21275
62.88 21275
62.90 21278
62.91 21280
62.92 21282
62.93 21282
62.94 21284
62.95 21284
62.96 21284
62.97 21288
62.98 21288
62.99 21288
63.00 21289
63.01 21290
63.02 21290
63.03 21290
63.04 21290
63.05 21294
63.06 21294
63.08 21294
63.09 21295
63.10 21295
63.11 21295
63.12 21296
63.13 21297
63.14 21298
63.15 21298
63.16 21299
63.17 21300
63.18 21300
63.19 21300
63.20 21301
63.21 21301
63.22 21303
63.23 21303
63.24 21303
63.26 21303
63.27 21303
63.28 21303
63.29 21304
63.30 21304
63.31 21305
63.32 21305
63.33 21305
63.34 21305
63.35 21305
63.36 21305
63.37 21305
63.38 21306
63.39 21306
63.40 21306
63.41 21306
63.42 21308
63.43 21308
63.45 21309
63.46 21309
63.47 21309
63.48 21309
63.49 21309
63.50 21309
63.51 21309
63.52 21309
63.53 21309
63.54 21309
63.55 21309
63.56 21312
63.57 21313
63.58 21314
63.59 21314
63.60 21315
63.61 21317
63.63 21319
63.64 21319
63.65 21323
63.66 21327
63.67 21327
63.68 21333
63.69 21339
63.70 21346
63.71 21349
63.72 21349
63.73 21350
63.74 21350
63.75 21350
63.76 21350
63.77 21352
63.78 21354
63.79 21354
63.81 21354
63.82 21355
63.83 21358
63.84 21358
63.85 21360
63.86 21361
63.87 21362
63.88 21362
63.89 21363
63.90 21366
63.91 21366
63.92 21367
63.93 21367
63.94 21367
63.95 21370
63.96 21370
63.97 21370
63.99 21370
64.00 21370
64.01 21373
64.02 21373
64.03 21373
64.04 21375
64.05 21375
64.06 21375
64.07 21375
64.08 21375
64.09 21375
64.10 21375
64.11 21379
64.12 21379
64.13 21379
64.14 21381
64.15 21382
64.17 21382
64.18 21385
64.19 21386
64.20 21389
64.21 21389
64.22 21390
64.23 21393
64.24 21396
64.25 21396
64.26 21396
64.27 21401
64.28 21409
64.29 21418
64.30 21421
64.31 21421
64.32 21429
64.33 21434
64.34 21437
64.36 21438
64.37 21441
64.38 21444
64.39 21447
64.40 21453
64.41 21456
64.42 21458
64.43 21463
64.44 21468
64.45 21472
64.46 21478
64.47 21484
64.48 21490
64.49 21495
64.50 21496
64.51 21501
64.52 21506
64.54 21513
64.55 21515
64.56 21518
64.57 21520
64.58 21520
64.59 21522
64.60 21522
64.61 21523
64.62 21527
64.63 21529
64.64 21531
64.65 21533
64.66 21533
64.67 21534
64.68 21536
64.69 21536
64.70 21538
64.72 21539
64.73 21539
64.74 21545
64.75 21547
64.76 21550
64.77 21555
64.78 21560
64.79 21565
64.80 21567
64.81 21572
64.82 21575
64.83 21579
64.84 21582
64.85 21585
64.86 21588
64.87 21594
64.88 21598
64.90 21602
64.91 21606
64.92 21613
64.93 21619
64.94 21623
64.95 21625
64.96 21631
64.97 21633
64.98 21640
64.99 21642
65.00 21648
65.01 21652
65.02 21657
65.03 21664
65.04 21668
65.05 21673
65.06 21678
65.08 21680
65.09 21686
65.10 21689
65.11 21693
65.12 21697
65.13 21700
65.14 21703
65.15 21706
65.16 21709
65.17 21712
65.18 21716
65.19 21722
65.20 21728
65.21 21733
65.22 21738
65.23 21743
65.24 21748
65.25 21754
65.27 21758
65.28 21763
65.29 21767
65.30 21773
65.31 21779
65.32 21784
65.33 21789
65.34 21793
65.35 21798
65.36 21802
65.37 21806
65.38 21809
65.39 21814
65.40 21814
65.41 21814
65.42 21815
65.43 21815
65.45 21818
65.46 21819
65.47 21821
65.48 21823
65.49 21823
65.50 21824
65.51 21824
65.52 21831
65.53 21834
65.54 21834
65.55 21837
65.56 21837
65.57 21837
65.58 21839
65.59 21840
65.60 21840
65.61 21840
65.63 21842
65.64 21842
65.65 21842
65.66 21845
65.67 21846
65.68 21850
65.69 21855
65.70 21863
65.71 21870
65.72 21875
65.73 21878
65.74 21880
65.75 21884
65.76 21891
65.77 21895
65.78 21901
65.79 21906
65.81 21910
65.82 21916
65.83 21919
65.84 21922
65.85 21925
65.86 21927
65.87 21927
65.88 21930
65.89 21930
65.90 21933
65.91 21936
65.92 21939
65.93 21943
65.94 21950
65.95 21952
65.96 21955
65.97 21958
65.99 21961
66.00 21967
66.01 21972
66.02 21976
66.03 21983
66.04 21991
66.05 21997
66.06 22000
66.07 22001
66.08 22001
66.09 22001
66.10 22005
66.11 22009
66.12 22016
66.13 22020
66.14 22022
66.15 22028
66.16 22033
66.18 22039
66.19 22045
66.20 22049
66.21 22054
66.22 22059
66.23 22060
66.24 22063
66.25 22067
66.26 22070
66.27 22072
66.28 22073
66.29 22079
66.30 22084
66.31 22088
66.32 22095
66.33 22097
66.34 22099
66.36 22101
66.37 22101
66.38 22107
66.39 22110
66.40 22114
66.41 22118
66.42 22121
66.43 22126
66.44 22130
66.45 22133
66.46 22136
66.47 22138
66.48 22142
66.49 22149
66.50 22156
66.51 22161
66.52 22167
66.54 22171
66.55 22177
66.56 22184
66.57 22189
66.58 22192
66.59 22197
66.60 22202
66.61 22205
66.62 22207
66.63 22216
66.64 22218
66.65 22221
66.66 22225
66.67 22228
66.68 22229
66.69 22232
66.70 22236
66.72 22239
66.73 22248
66.74 22254
66.75 22258
66.76 22265
66.77 22271
66.78 22276
66.79 22280
66.80 22284
66.81 22290
66.82 22298
66.83 22303
66.84 22308
66.85 22316
66.86 22322
66.87 22325
66.88 22330
66.90 22336
66.91 22339
66.92 22344
66.93 22348
66.94 22350
66.95 22355
66.96 22360
66.97 22364
66.98 22369
66.99 22372
67.00 22375
67.01 22378
67.02 22383
67.03 22387
67.04 22391
67.05 22392
67.06 22396
67.07 22401
67.09 22403
67.10 22405
67.11 22412
67.12 22416
67.13 22418
67.14 22420
67.15 22424
67.16 22428
67.17 22432
67.18 22435
67.19 22443
67.20 22448
67.21 22453
67.22 22455
67.23 22463
67.24 22470
67.25 22475
67.27 22480
67.28 22484
67.29 22487
67.30 22490
67.31 22493
67.32 22497
67.33 22499
67.34 22501
67.35 22504
67.36 22509
67.37 22512
67.38 22515
67.39 22518
67.40 22524
67.41 22527
67.42 22528
67.43 22533
67.45 22540
67.46 22544
67.47 22547
67.48 22553
67.49 22557
67.50 22559
67.51 22561
67.52 22563
67.53 22568
67.54 22574
67.55 22580
67.56 22582
67.57 22590
67.58 22592
67.59 22595
67.60 22600
67.61 22602
67.63 22605
67.64 22612
67.65 22619
67.66 22625
67.67 22628
67.68 22630
67.69 22637
67.70 22642
67.71 22648
67.72 22653
67.73 22656
67.74 22661
67.75 22663
67.76 22667
67.77 22669
67.78 22671
67.79 22673
67.81 22676
67.82 22680
67.83 22685
67.84 22692
67.85 22695
67.86 22698
67.87 22702
67.88 22703
67.89 22709
67.90 22713
67.91 22718
67.92 22723
67.93 22727
67.94 22733
67.95 22737
67.96 22739
67.97 22741
67.98 22746
68.00 22753
68.01 22756
68.02 22760
68.03 22763
68.04 22769
68.05 22775
68.06 22783
68.07 22788
68.08 22794
68.09 22799
68.10 22803
68.11 22808
68.12 22812
68.13 22816
68.14 22823
68.15 22825
68.16 22828
68.18 22829
68.19 22834
68.20 22836
68.21 22839
68.22 22844
68.23 22847
68.24 22849
68.25 22854
68.26 22857
68.27 22863
68.28 22866
68.29 22871
68.30 22874
68.31 22874
68.32 22879
68.33 22885
68.34 22885
68.36 22887
68.37 22889
68.38 22892
68.39 22900
68.40 22904
68.41 22911
68.42 22914
68.43 22920
68.44 22923
68.45 22924
68.46 22930
68.47 22936
68.48 22939
68.49 22942
68.50 22947
68.51 22950
68.52 22953
68.54 22956
68.55 22959
68.56 22962
68.57 22965
68.58 22970
68.59 22974
68.60 22979
68.61 22983
68.62 22986
68.63 22990
68.64 22993
68.65 23000
68.66 23005
68.67 23010
68.68 23014
68.69 23018
68.70 23020
68.72 23022
68.73 23027
68.74 23030
68.75 23034
68.76 23037
68.77 23043
68.78 23050
68.79 23055
68.80 23059
68.81 23063
68.82 23069
68.83 23071
68.84 23073
68.85 23078
68.86 23084
68.87 23087
68.88 23090
68.89 23092
68.91 23093
68.92 23096
68.93 23098
68.94 23099
68.95 23108
68.96 23112
68.97 23115
68.98 23120
68.99 23125
69.00 23129
69.01 23135
69.02 23136
69.03 23140
69.04 23142
69.05 23142
69.06 23143
69.07 23143
69.09 23144
69.10 23144
69.11 23145
69.12 23145
69.13 23146
69.14 23147
69.15 23148
69.16 23149
69.17 23151
69.18 23151
69.19 23152
69.20 23152
69.21 23153
69.22 23155
69.23 23158
69.24 23161
69.25 23163
69.27 23164
69.28 23168
69.29 23170
69.30 23173
69.31 23174
69.32 23174
69.33 23177
69.34 23178
69.35 23179
69.36 23179
69.37 23179
69.38 23183
69.39 23183
69.40 23183
69.41 23184
69.42 23184
69.43 23184
69.45 23184
69.46 23185
69.47 23185
69.48 23185
69.49 23185
69.50 23185
69.51 23185
69.52 23187
69.53 23187
69.54 23187
69.55 23190
69.56 23190
69.57 23190
69.58 23192
69.59 23192
69.60 23194
69.61 23194
69.63 23194
69.64 23194
69.65 23194
69.66 23194
69.67 23194
69.68 23196
69.69 23196
69.70 23196
69.71 23196
69.72 23196
69.73 23196
69.74 23199
69.75 23200
69.76 23200
69.77 23200
69.78 23200
69.79 23202
69.80 23202
69.82 23202
69.83 23203
69.84 23203
69.85 23203
69.86 23203
69.87 23203
69.88 23203
69.89 23203
69.90 23204
69.91 23204
69.92 23204
69.93 23208
69.94 23212
69.95 23213
69.96 23213
69.97 23213
69.98 23214
70.00 23215
70.01 23215
70.02 23216
70.03 23216
70.04 23216
70.05 23216
70.06 23216
70.07 23219
70.08 23220
70.09 23220
70.10 23220
70.11 23220
70.12 23220
70.13 23225
70.14 23225
70.15 23225
70.16 23226
70.18 23226
70.19 23228
70.20 23229
70.21 23229
70.22 23230
70.23 23230
70.24 23230
70.25 23231
70.26 23231
70.27 23231
70.28 23233
70.29 23234
70.30 23234
70.31 23237
70.32 23239
70.33 23239
70.34 23239
70.36 23239
70.37 23239
70.38 23239
70.39 23239
70.40 23240
70.41 23240
70.42 23240
70.43 23240
70.44 23240
70.45 23242
70.46 23244
70.47 23244
70.48 23246
70.49 23247
70.50 23247
70.51 23247
70.52 23247
70.54 23250
70.55 23251
70.56 23251
70.57 23256
70.58 23258
70.59 23258
70.60 23258
70.61 23259
70.62 23260
70.63 23261
70.64 23261
70.65 23263
70.66 23264
70.67 23264
70.68 23267
70.69 23267
70.70 23269
70.71 23270
70.73 23270
70.74 23276
70.75 23277
70.76 23279
70.77 23279
70.78 23284
70.79 23284
70.80 23288
70.81 23292
70.82 23294
70.83 23303
70.84 23311
70.85 23315
70.86 23320
70.87 23322
70.88 23324
70.89 23326
70.91 23327
70.92 23329
70.93 23333
70.94 23334
70.95 23335
70.96 23338
70.97 23339
70.98 23344
70.99 23346
71.00 23349
71.01 23353
71.02 23362
71.03 23367
71.04 23371
71.05 23373
71.06 23375
71.07 23379
71.09 23381
71.10 23383
71.11 23386
71.12 23387
71.13 23390
71.14 23394
71.15 23394
71.16 23396
71.17 23400
71.18 23403
71.19 23403
71.20 23406
71.21 23412
71.22 23415
71.23 23419
71.24 23423
71.25 23427
71.27 23428
71.28 23432
71.29 23437
71.30 23438
71.31 23440
71.32 23443
71.33 23445
71.34 23448
71.35 23452
71.36 23456
71.37 23458
71.38 23463
71.39 23465
71.40 23466
71.41 23470
71.42 23472
71.43 23472
71.45 23474
71.46 23477
71.47 23482
71.48 23483
71.49 23485
71.50 23488
71.51 23492
71.52 23493
71.53 23494
71.54 23498
71.55 23500
71.56 23502
71.57 23505
71.58 23507
71.59 23510
71.60 23518
71.61 23522
71.62 23524
71.64 23529
71.65 23529
71.66 23533
71.67 23536
71.68 23536
71.69 23542
71.70 23542
71.71 23546
71.72 23549
71.73 23554
71.74 23559
71.75 23562
71.76 23565
71.77 23566
71.78 23570
71.79 23573
71.80 23577
71.82 23579
71.83 23586
71.84 23593
71.85 23596
71.86 23603
71.87 23607
71.88 23609
71.89 23611
71.90 23612
71.91 23619
71.92 23623
71.93 23628
71.94 23631
71.95 23635
71.96 23643
71.97 23651
71.98 23653
72.00 23655
72.01 23658
72.02 23664
72.03 23665
72.04 23666
72.05 23668
72.06 23671
72.07 23671
72.08 23673
72.09 23675
72.10 23678
72.11 23679
72.12 23680
72.13 23681
72.14 23688
72.15 23688
72.16 23690
72.18 23692
72.19 23700
72.20 23700
72.21 23700
72.22 23702
72.23 23704
72.24 23709
72.25 23713
72.26 23715
72.27 23717
72.28 23719
72.29 23721
72.30 23724
72.31 23725
72.32 23728
72.33 23729
72.34 23732
72.36 23736
72.37 23742
72.38 23745
72.39 23748
72.40 23754
72.41 23756
72.42 23758
72.43 23761
72.44 23765
72.45 23768
72.46 23774
72.47 23776
72.48 23783
72.49 23787
72.50 23792
72.51 23796
72.52 23802
72.53 23807
72.55 23811
72.56 23814
72.57 23818
72.58 23820
72.59 23823
72.60 23827
72.61 23832
72.62 23838
72.63 23842
72.64 23844
72.65 23846
72.66 23848
72.67 23848
72.68 23850
72.69 23854
72.70 23856
72.71 23857
72.73 23860
72.74 23866
72.75 23873
72.76 23879
72.77 23884
72.78 23886
72.79 23890
72.80 23892
72.81 23894
72.82 23898
72.83 23900
72.84 23903
72.85 23906
72.86 23908
72.87 23912
72.88 23917
72.89 23920
72.91 23925
72.92 23927
72.93 23927
72.94 23931
72.95 23933
72.96 23936
72.97 23940
72.98 23943
72.99 23947
73.00 23949
73.01 23950
73.02 23955
73.03 23958
73.04 23964
73.05 23966
73.06 23968
73.07 23971
73.09 23971
73.10 23973
73.11 23977
73.12 23979
73.13 23984
73.14 23988
73.15 23993
73.16 23998
73.17 24001
73.18 24004
73.19 24007
73.20 24013
73.21 24016
73.22 24020
73.23 24025
73.24 24032
73.25 24036
73.26 24040
73.28 24045
73.29 24051
73.30 24058
73.31 24065
73.32 24071
73.33 24078
73.34 24081
73.35 24084
73.36 24085
73.37 24086
73.38 24091
73.39 24092
73.40 24097
73.41 24098
73.42 24101
73.43 24104
73.44 24107
73.46 24108
73.47 24110
73.48 24113
73.49 24118
73.50 24118
73.51 24122
73.52 24126
73.53 24130
73.54 24134
73.55 24136
73.56 24141
73.57 24144
73.58 24147
73.59 24154
73.60 24159
73.61 24162
73.62 24169
73.64 24177
73.65 24181
73.66 24184
73.67 24188
73.68 24193
73.69 24197
73.70 24198
73.71 24202
73.72 24207
73.73 24210
73.74 24213
73.75 24217
73.76 24224
73.77 24227
73.78 24230
73.79 24234
73.80 24241
73.82 24245
73.83 24248
73.84 24251
73.85 24256
73.86 24260
73.87 24263
73.88 24263
73.89 24266
73.90 24270
73.91 24274
73.92 24277
73.93 24284
73.94 24286
73.95 24290
73.96 24294
73.97 24298
73.98 24301
74.00 24304
74.01 24306
74.02 24311
74.03 24314
74.04 24317
74.05 24320
74.06 24323
74.07 24328
74.08 24331
74.09 24333
74.10 24337
74.11 24341
74.12 24346
74.13 24349
74.14 24356
74.15 24360
74.16 24365
74.17 24367
74.19 24371
74.20 24373
74.21 24375
74.22 24380
74.23 24385
74.24 24391
74.25 24395
74.26 24398
74.27 24401
74.28 24405
74.29 24409
74.30 24415
74.31 24419
74.32 24422
74.33 24429
74.34 24434
74.35 24438
74.37 24443
74.38 24448
74.39 24451
74.40 24455
74.41 24459
74.42 24464
74.43 24470
74.44 24474
74.45 24478
74.46 24480
74.47 24483
74.48 24486
74.49 24492
74.50 24496
74.51 24498
74.52 24501
74.53 24504
74.55 24505
74.56 24505
74.57 24515
74.58 24519
74.59 24520
74.60 24521
74.61 24525
74.62 24528
74.63 24530
74.64 24531
74.65 24533
74.66 24539
74.67 24543
74.68 24544
74.69 24547
74.70 24552
74.71 24555
74.73 24557
74.74 24561
74.75 24567
74.76 24573
74.77 24575
74.78 24578
74.79 24580
74.80 24583
74.81 24586
74.82 24591
74.83 24595
74.84 24598
74.85 24600
74.86 24602
74.87 24609
74.88 24616
74.89 24622
74.91 24627
74.92 24634
74.93 24637
74.94 24642
74.95 24642
74.96 24647
74.97 24652
74.98 24658
74.99 24661
75.00 24667
75.01 24671
75.02 24675
75.03 24677
75.04 24679
75.05 24682
75.06 24686
75.07 24689
75.08 24691
75.10 24696
75.11 24699
75.12 24704
75.13 24707
75.14 24711
75.15 24714
75.16 24718
75.17 24723
75.18 24727
75.19 24733
75.20 24736
75.21 24740
75.22 24745
75.23 24749
75.24 24750
75.25 24754
75.26 24759
75.28 24761
75.29 24766
75.30 24769
75.31 24774
75.32 24777
75.33 24780
75.34 24786
75.35 24790
75.36 24792
75.37 24796
75.38 24799
75.39 24804
75.40 24807
75.41 24811
75.42 24813
75.43 24817
75.44 24822
75.46 24825
75.47 24829
75.48 24831
75.49 24835
75.50 24836
75.51 24842
75.52 24847
75.53 24851
75.54 24853
75.55 24856
75.56 24860
75.57 24864
75.58 24868
75.59 24870
75.60 24873
75.61 24876
75.62 24878
75.64 24882
75.65 24884
75.66 24885
75.67 24888
75.68 24891
75.69 24896
75.70 24902
75.71 24903
75.72 24908
75.73 24909
75.74 24912
75.75 24917
75.76 24919
75.77 24922
75.78 24926
75.79 24927
75.80 24929
75.82 24933
75.83 24933
75.84 24934
75.85 24934
75.86 24937
75.87 24937
75.88 24937
75.89 24940
75.90 24940
75.91 24940
75.92 24940
75.93 24944
75.94 24944
75.95 24944
75.96 24945
75.97 24947
75.98 24947
75.99 24947
76.01 24949
76.02 24949
76.03 24949
76.04 24949
76.05 24952
76.06 24952
76.07 24952
76.08 24954
76.09 24955
76.10 24955
76.11 24955
76.12 24958
76.13 24958
76.14 24958
76.15 24958
76.16 24961
76.17 24961
76.19 24962
76.20 24962
76.21 24965
76.22 24965
76.23 24965
76.24 24967
76.25 24968
76.26 24968
76.27 24968
76.28 24971
76.29 24971
76.30 24971
76.31 24971
76.32 24973
76.33 24973
76.34 24973
76.35 24974
76.37 24976
76.38 24976
76.39 24976
76.40 24978
76.41 24979
76.42 24979
76.43 24979
76.44 24982
76.45 24982
76.46 24982
76.47 24982
76.48 24984
76.49 24984
76.50 24984
76.51 24985
76.52 24987
76.53 24987
76.55 24987
76.56 24989
76.57 24990
76.58 24992
76.59 24995
76.60 24996
76.61 24997
76.62 25004
76.63 25007
76.64 25010
76.65 25014
76.66 25017
76.67 25023
76.68 25026
76.69 25029
76.70 25035
76.71 25039
76.73 25045
76.74 25051
76.75 25054
76.76 25059
76.77 25063
76.78 25067
76.79 25070
76.80 25074
76.81 25077
76.82 25080
76.83 25086
76.84 25090
76.85 25094
76.86 25101
76.87 25104
76.88 25107
76.89 25108
76.90 25113
76.92 25117
76.93 25121
76.94 25128
76.95 25136
76.96 25139
76.97 25143
76.98 25147
76.99 25148
77.00 25150
77.01 25152
77.02 25152
77.03 25154
77.04 25156
77.05 25156
77.06 25157
77.07 25162
77.08 25164
77.10 25164
77.11 25166
77.12 25170
77.13 25174
77.14 25175
77.15 25179
77.16 25180
77.17 25183
77.18 25185
77.19 25189
77.20 25193
77.21 25197
77.22 25202
77.23 25204
77.24 25205
77.25 25206
77.26 25207
77.28 25213
77.29 25217
77.30 25221
77.31 25224
77.32 25226
77.33 25228
77.34 25232
77.35 25236
77.36 25238
77.37 25239
77.38 25240
77.39 25241
77.40 25242
77.41 25243
77.42 25246
77.43 25246
77.44 25248
77.46 25248
77.47 25250
77.48 25250
77.49 25251
77.50 25252
77.51 25252
77.52 25255
77.53 25257
77.54 25258
77.55 25260
77.56 25263
77.57 25267
77.58 25272
77.59 25273
77.60 25275
77.61 25278
77.62 25282
77.64 25289
77.65 25293
77.66 25296
77.67 25299
77.68 25300
77.69 25302
77.70 25304
77.71 25306
77.72 25310
77.73 25313
77.74 25315
77.75 25317
77.76 25321
77.77 25324
77.78 25327
77.79 25327
77.80 25332
77.81 25335
77.83 25335
77.84 25337
77.85 25337
77.86 25340
77.87 25343
77.88 25348
77.89 25350
77.90 25353
77.91 25357
77.92 25358
77.93 25361
77.94 25364
77.95 25366
77.96 25369
77.97 25371
77.98 25373
77.99 25376
78.01 25379
78.02 25379
78.03 25383
78.04 25385
78.05 25386
78.06 25389
78.07 25393
78.08 25395
78.09 25396
78.10 25399
78.11 25401
78.12 25405
78.13 25407
78.14 25407
78.15 25413
78.16 25415
78.17 25419
78.19 25420
78.20 25421
78.21 25425
78.22 25425
78.23 25426
78.24 25427
78.25 25428
78.26 25431
78.27 25433
78.28 25436
78.29 25437
78.30 25437
78.31 25438
78.32 25441
78.33 25445
78.34 25449
78.35 25453
78.37 25459
78.38 25464
78.39 25466
78.40 25471
78.41 25475
78.42 25478
78.43 25480
78.44 25481
78.45 25486
78.46 25487
78.47 25491
78.48 25495
78.49 25498
78.50 25504
78.51 25507
78.52 25510
78.53 25516
78.55 25520
78.56 25525
78.57 25529
78.58 25533
78.59 25536
78.60 25542
78.61 25545
78.62 25552
78.63 25555
78.64 25558
78.65 25565
78.66 25571
78.67 25575
78.68 25578
78.69 25587
78.70 25594
78.71 25596
78.72 25601
78.74 25603
78.75 25607
78.76 25608
78.77 25613
78.78 25616
78.79 25622
78.80 25625
78.81 25629
78.82 25631
78.83 25634
78.84 25636
78.85 25636
78.86 25643
78.87 25646
78.88 25650
78.89 25653
78.90 25657
78.92 25660
78.93 25666
78.94 25671
78.95 25676
78.96 25678
78.97 25681
78.98 25687
78.99 25690
79.00 25695
79.01 25696
79.02 25698
79.03 25701
79.04 25703
79.05 25705
79.06 25708
79.07 25711
79.08 25716
79.10 25718
79.11 25721
79.12 25725
79.13 25726
79.14 25727
79.15 25730
79.16 25733
79.17 25737
79.18 25740
79.19 25745
79.20 25749
79.21 25751
79.22 25753
79.23 25758
79.24 25764
79.25 25767
79.26 25770
79.28 25774
79.29 25783
79.30 25788
79.31 25791
79.32 25791
79.33 25797
79.34 25801
79.35 25806
79.36 25809
79.37 25813
79.38 25821
79.39 25823
79.40 25829
79.41 25834
79.42 25837
79.43 25841
79.44 25847
79.46 25853
79.47 25857
79.48 25862
79.49 25868
79.50 25870
79.51 25876
79.52 25878
79.53 25881
79.54 25884
79.55 25887
79.56 25890
79.57 25893
79.58 25894
79.59 25895
79.60 25897
79.61 25898
79.62 25900
79.63 25900
79.65 25901
79.66 25902
79.67 25907
79.68 25907
79.69 25908
79.70 25910
79.71 25910
79.72 25912
79.73 25913
79.74 25918
79.75 25922
79.76 25923
79.77 25923
79.78 25924
79.79 25925
79.80 25926
79.81 25927
79.83 25928
79.84 25930
79.85 25932
79.86 25934
79.87 25935
79.88 25936
79.89 25939
79.90 25942
79.91 25949
79.92 25951
79.93 25951
79.94 25952
79.95 25955
79.96 25955
79.97 25955
79.98 25956
79.99 25958
80.01 25962
80.02 25962
80.03 25964
80.04 25965
80.05 25969
80.06 25970
80.07 25971
80.08 25972
80.09 25972
80.10 25973
80.11 25973
80.12 25975
80.13 25975
80.14 25975
80.15 25976
80.16 25976
80.17 25976
80.19 25978
80.20 25978
80.21 25982
80.22 25984
80.23 25986
80.24 25988
80.25 25989
80.26 25989
80.27 25989
80.28 25989
80.29 25992
80.30 25996
80.31 25997
80.32 25997
80.33 26000
80.34 26001
80.35 26001
80.37 26002
80.38 26003
80.39 26003
80.40 26003
80.41 26003
80.42 26003
80.43 26003
80.44 26003
80.45 26003
80.46 26003
80.47 26005
80.48 26005
80.49 26005
80.50 26007
80.51 26008
80.52 26008
80.53 26011
80.54 26011
80.56 26014
80.57 26014
80.58 26014
80.59 26019
80.60 26020
80.61 26022
80.62 26022
80.63 26023
80.64 26028
80.65 26029
80.66 26032
80.67 26034
80.68 26035
80.69 26040
80.70 26043
80.71 26045
80.72 26051
80.74 26058
80.75 26060
80.76 26069
80.77 26074
80.78 26078
80.79 26084
80.80 26089
80.81 26095
80.82 26101
80.83 26104
80.84 26108
80.85 26112
80.86 26118
80.87 26122
80.88 26125
80.89 26129
80.90 26133
80.92 26134
80.93 26138
80.94 26142
80.95 26147
80.96 26152
80.97 26156
80.98 26159
80.99 26162
81.00 26166
81.01 26169
81.02 26172
81.03 26175
81.04 26177
81.05 26180
81.06 26183
81.07 26188
81.08 26193
81.10 26195
81.11 26199
81.12 26201
81.13 26204
81.14 26208
81.15 26213
81.16 26221
81.17 26227
81.18 26231
81.19 26238
81.20 26244
81.21 26250
81.22 26257
81.23 26262
81.24 26265
81.25 26271
81.26 26278
81.28 26283
81.29 26291
81.30 26295
81.31 26299
81.32 26302
81.33 26306
81.34 26311
81.35 26314
81.36 26318
81.37 26324
81.38 26328
81.39 26330
81.40 26334
81.41 26339
81.42 26344
81.43 26352
81.44 26355
81.45 26359
81.47 26362
81.48 26365
81.49 26368
81.50 26370
81.51 26375
81.52 26378
81.53 26381
81.54 26387
81.55 26395
81.56 26398
81.57 26401
81.58 26406
81.59 26412
81.60 26417
81.61 26420
81.62 26425
81.63 26430
81.65 26434
81.66 26439
81.67 26444
81.68 26448
81.69 26455
81.70 26461
81.71 26467
81.72 26471
81.73 26475
81.74 26480
81.75 26487
81.76 26491
81.77 26496
81.78 26500
81.79 26506
81.80 26510
81.81 26513
81.83 26516
81.84 26518
81.85 26524
81.86 26530
81.87 26534
81.88 26538
81.89 26541
81.90 26545
81.91 26548
81.92 26556
81.93 26561
81.94 26566
81.95 26568
81.96 26576
81.97 26581
81.98 26583
81.99 26588
82.01 26591
82.02 26595
82.03 26599
82.04 26605
82.05 26609
82.06 26616
82.07 26620
82.08 26625
82.09 26631
82.10 26636
82.11 26639
82.12 26645
82.13 26649
82.14 26654
82.15 26659
82.16 26662
82.17 26667
82.19 26672
82.20 26679
82.21 26681
82.22 26687
82.23 26692
82.24 26697
82.25 26703
82.26 26706
82.27 26710
82.28 26715
82.29 26720
82.30 26723
82.31 26726
82.32 26730
82.33 26732
82.34 26737
82.35 26741
82.36 26744
82.38 26747
82.39 26751
82.40 26758
82.41 26762
82.42 26768
82.43 26771
82.44 26777
82.45 26781
82.46 26786
82.47 26791
82.48 26794
82.49 26797
82.50 26803
82.51 26806
82.52 26809
82.53 26814
82.54 26818
82.56 26823
82.57 26828
82.58 26831
82.59 26835
82.60 26838
82.61 26843
82.62 26846
82.63 26850
82.64 26855
82.65 26855
82.66 26860
82.67 26865
82.68 26868
82.69 26871
82.70 26873
82.71 26873
82.72 26875
82.74 26877
82.75 26883
82.76 26888
82.77 26893
82.78 26899
82.79 26904
82.80 26906
82.81 26911
82.82 26914
82.83 26916
82.84 26921
82.85 26927
82.86 26931
82.87 26936
82.88 26941
82.89 26943
82.90 26950
82.92 26957
82.93 26962
82.94 26965
82.95 26967
82.96 26972
82.97 26979
82.98 26983
82.99 26989
83.00 26993
83.01 26996
83.02 27002
83.03 27010
83.04 27016
83.05 27020
83.06 27025
83.07 27029
83.08 27035
83.10 27039
83.11 27043
83.12 27048
83.13 27052
83.14 27058
83.15 27061
83.16 27067
83.17 27073
83.18 27076
83.19 27082
83.20 27087
83.21 27090
83.22 27095
83.23 27098
83.24 27105
83.25 27110
83.26 27111
83.27 27118
83.29 27121
83.30 27122
83.31 27129
83.32 27132
83.33 27137
83.34 27142
83.35 27147
83.36 27154
83.37 27159
83.38 27166
83.39 27171
83.40 27175
83.41 27182
83.42 27186
83.43 27190
83.44 27195
83.45 27197
83.47 27203
83.48 27208
83.49 27212
83.50 27216
83.51 27220
83.52 27223
83.53 27227
83.54 27230
83.55 27233
83.56 27236
83.57 27241
83.58 27245
83.59 27248
83.60 27251
83.61 27255
83.62 27258
83.63 27263
83.65 27267
83.66 27271
83.67 27275
83.68 27279
83.69 27284
83.70 27291
83.71 27292
83.72 27299
83.73 27305
83.74 27308
83.75 27315
83.76 27319
83.77 27323
83.78 27325
83.79 27329
83.80 27334
83.81 27337
83.83 27341
83.84 27344
83.85 27347
83.86 27352
83.87 27354
83.88 27359
83.89 27361
83.90 27365
83.91 27368
83.92 27372
83.93 27375
83.94 27380
83.95 27386
83.96 27391
83.97 27395
83.98 27401
83.99 27407
84.01 27412
84.02 27417
84.03 27421
84.04 27424
84.05 27429
84.06 27432
84.07 27436
84.08 27439
84.09 27443
84.10 27447
84.11 27450
84.12 27454
84.13 27457
84.14 27462
84.15 27467
84.16 27470
84.17 27472
84.18 27477
84.20 27480
84.21 27484
84.22 27490
84.23 27494
84.24 27501
84.25 27508
84.26 27514
84.27 27520
84.28 27525
84.29 27529
84.30 27533
84.31 27538
84.32 27543
84.33 27547
84.34 27552
84.35 27555
84.36 27560
84.38 27564
84.39 27570
84.40 27573
84.41 27576
84.42 27580
84.43 27584
84.44 27588
84.45 27593
84.46 27598
84.47 27601
84.48 27607
84.49 27610
84.50 27614
84.51 27617
84.52 27624
84.53 27629
84.54 27635
84.56 27640
84.57 27647
84.58 27651
84.59 27656
84.60 27660
84.61 27662
84.62 27665
84.63 27669
84.64 27673
84.65 27676
84.66 27682
84.67 27687
84.68 27690
84.69 27694
84.70 27697
84.71 27704
84.72 27705
84.74 27708
84.75 27715
84.76 27722
84.77 27727
84.78 27731
84.79 27734
84.80 27739
84.81 27743
84.82 27749
84.83 27753
84.84 27759
84.85 27764
84.86 27766
84.87 27769
84.88 27774
84.89 27778
84.90 27781
84.92 27787
84.93 27792
84.94 27797
84.95 27803
84.96 27809
84.97 27813
84.98 27815
84.99 27820
85.00 27822
85.01 27823
85.02 27827
85.03 27831
85.04 27833
85.05 27840
85.06 27847
85.07 27852
85.08 27856
85.09 27859
85.11 27863
85.12 27869
85.13 27873
85.14 27875
85.15 27881
85.16 27884
85.17 27889
85.18 27893
85.19 27897
85.20 27903
85.21 27908
85.22 27910
85.23 27913
85.24 27915
85.25 27919
85.26 27923
85.27 27929
85.29 27933
85.30 27937
85.31 27942
85.32 27947
85.33 27952
85.34 27955
85.35 27960
85.36 27964
85.37 27969
85.38 27976
85.39 27980
85.40 27983
85.41 27987
85.42 27992
85.43 27998
85.44 28001
85.45 28007
85.47 28013
85.48 28017
85.49 28022
85.50 28028
85.51 28033
85.52 28039
85.53 28043
85.54 28049
85.55 28054
85.56 28058
85.57 28063
85.58 28067
85.59 28070
85.60 28073
85.61 28077
85.62 28078
85.63 28083
85.65 28085
85.66 28088
85.67 28093
85.68 28099
85.69 28104
85.70 28109
85.71 28114
85.72 28122
85.73 28127
85.74 28130
85.75 28136
85.76 28140
85.77 28143
85.78 28148
85.79 28152
85.80 28156
85.81 28160
85.83 28164
85.84 28168
85.85 28173
85.86 28176
85.87 28180
85.88 28185
85.89 28189
85.90 28192
85.91 28198
85.92 28200
85.93 28203
85.94 28208
85.95 28212
85.96 28216
85.97 28221
85.98 28224
85.99 28227
86.00 28230
86.02 28233
86.03 28239
86.04 28246
86.05 28251
86.06 28256
86.07 28260
86.08 28263
86.09 28268
86.10 28271
86.11 28274
86.12 28278
86.13 28284
86.14 28287
86.15 28291
86.16 28296
86.17 28301
86.18 28306
86.20 28310
86.21 28315
86.22 28320
86.23 28322
86.24 28325
86.25 28328
86.26 28334
86.27 28338
86.28 28345
86.29 28350
86.30 28353
86.31 28358
86.32 28363
86.33 28366
86.34 28373
86.35 28379
86.36 28387
86.38 28393
86.39 28396
86.40 28399
86.41 28403
86.42 28408
86.43 28413
86.44 28419
86.45 28425
86.46 28429
86.47 28433
86.48 28437
86.49 28442
86.50 28446
86.51 28449
86.52 28453
86.53 28459
86.54 28460
86.56 28466
86.57 28470
86.58 28474
86.59 28480
86.60 28484
86.61 28490
86.62 28496
86.63 28499
86.64 28502
86.65 28507
86.66 28512
86.67 28515
86.68 28522
86.69 28527
86.70 28531
86.71 28535
86.72 28539
86.74 28547
86.75 28550
86.76 28556
86.77 28561
86.78 28566
86.79 28572
86.80 28578
86.81 28582
86.82 28585
86.83 28588
86.84 28594
86.85 28597
86.86 28603
86.87 28605
86.88 28608
86.89 28609
86.90 28612
86.91 28613
86.93 28619
86.94 28623
86.95 28628
86.96 28630
86.97 28633
86.98 28636
86.99 28640
87.00 28644
87.01 28648
87.02 28651
87.03 28654
87.04 28656
87.05 28662
87.06 28669
87.07 28671
87.08 28674
87.09 28675
87.11 28677
87.12 28684
87.13 28689
87.14 28695
87.15 28701
87.16 28707
87.17 28710
87.18 28714
87.19 28720
87.20 28725
87.21 28732
87.22 28738
87.23 28742
87.24 28746
87.25 28751
87.26 28752
87.27 28754
87.29 28761
87.30 28763
87.31 28767
87.32 28769
87.33 28771
87.34 28777
87.35 28780
87.36 28783
87.37 28788
87.38 28793
87.39 28797
87.40 28800
87.41 28802
87.42 28805
87.43 28812
87.44 28816
87.45 28822
87.47 28826
87.48 28830
87.49 28834
87.50 28835
87.51 28840
87.52 28845
87.53 28847
87.54 28850
87.55 28850
87.56 28855
87.57 28860
87.58 28861
87.59 28865
87.60 28869
87.61 28872
87.62 28877
87.63 28878
87.64 28883
87.66 28886
87.67 28887
87.68 28890
87.69 28893
87.70 28898
87.71 28899
87.72 28900
87.73 28902
87.74 28907
87.75 28908
87.76 28912
87.77 28915
87.78 28919
87.79 28924
87.80 28926
87.81 28930
87.82 28933
87.84 28934
87.85 28936
87.86 28940
87.87 28944
87.88 28948
87.89 28948
87.90 28949
87.91 28956
87.92 28960
87.93 28964
87.94 28964
87.95 28964
87.96 28971
87.97 28977
87.98 28982
87.99 28985
88.00 28989
88.02 28994
88.03 28998
88.04 28998
88.05 29000
88.06 29002
88.07 29006
88.08 29007
88.09 29008
88.10 29008
88.11 29009
88.12 29012
88.13 29013
88.14 29015
88.15 29019
88.16 29024
88.17 29029
88.18 29035
88.20 29037
88.21 29042
88.22 29046
88.23 29050
88.24 29051
88.25 29053
88.26 29055
88.27 29057
88.28 29062
88.29 29067
88.30 29070
88.31 29072
88.32 29077
88.33 29079
88.34 29082
88.35 29086
88.36 29087
88.38 29090
88.39 29094
88.40 29099
88.41 29101
88.42 29105
88.43 29106
88.44 29111
88.45 29113
88.46 29117
88.47 29119
88.48 29122
88.49 29127
88.50 29132
88.51 29139
88.52 29144
88.53 29147
88.54 29152
88.55 29158
88.57 29164
88.58 29170
88.59 29173
88.60 29179
88.61 29181
88.62 29185
88.63 29190
88.64 29194
88.65 29196
88.66 29201
88.67 29205
88.68 29206
88.69 29212
88.70 29215
88.71 29222
88.72 29227
88.73 29231
88.75 29236
88.76 29238
88.77 29245
88.78 29251
88.79 29255
88.80 29257
88.81 29262
88.82 29265
88.83 29270
88.84 29275
88.85 29280
88.86 29285
88.87 29290
88.88 29295
88.89 29299
88.90 29302
88.91 29305
88.93 29310
88.94 29315
88.95 29319
88.96 29321
88.97 29326
88.98 29329
88.99 29333
89.00 29337
89.01 29342
89.02 29346
89.03 29351
89.04 29354
89.05 29357
89.06 29362
89.07 29366
89.08 29369
89.09 29377
89.11 29385
89.12 29391
89.13 29397
89.14 29402
89.15 29407
89.16 29408
89.17 29411
89.18 29416
89.19 29421
89.20 29423
89.21 29426
89.22 29431
89.23 29435
89.24 29438
89.25 29439
89.26 29443
89.27 29446
89.29 29451
89.30 29455
89.31 29462
89.32 29464
89.33 29466
89.34 29467
89.35 29472
89.36 29475
89.37 29476
89.38 29478
89.39 29480
89.40 29481
89.41 29483
89.42 29486
89.43 29488
89.44 29490
89.45 29491
89.46 29492
89.48 29496
89.49 29500
89.50 29502
89.51 29503
89.52 29504
89.53 29506
89.54 29508
89.55 29509
89.56 29511
89.57 29511
89.58 29514
89.59 29517
89.60 29519
89.61 29522
89.62 29523
89.63 29523
89.64 29524
89.66 29525
89.67 29527
89.68 29528
89.69 29528
89.70 29529
89.71 29529
89.72 29532
89.73 29536
89.74 29536
89.75 29536
89.76 29538
89.77 29540
89.78 29540
89.79 29541
89.80 29541
89.81 29541
89.82 29541
89.84 29541
89.85 29541
89.86 29541
89.87 29541
89.88 29541
89.89 29541
89.90 29542
89.91 29542
89.92 29542
89.93 29546
89.94 29547
89.95 29547
89.96 29549
89.97 29549
89.98 29551
89.99 29553
90.00 29553
90.02 29555
90.03 29557
90.04 29558
90.05 29558
90.06 29558
90.07 29564
90.08 29566
90.09 29567
90.10 29568
90.11 29569
90.12 29569
90.13 29570
90.14 29572
90.15 29572
90.16 29576
90.17 29579
90.18 29582
90.20 29590
90.21 29594
90.22 29599
90.23 29600
90.24 29602
90.25 29604
90.26 29606
90.27 29608
90.28 29610
90.29 29613
90.30 29615
90.31 29619
90.32 29623
90.33 29623
90.34 29624
90.35 29625
90.36 29628
90.37 29630
90.39 29632
90.40 29633
90.41 29635
90.42 29639
90.43 29642
90.44 29646
90.45 29647
90.46 29648
90.47 29649
90.48 29649
90.49 29650
90.50 29653
90.51 29659
90.52 29663
90.53 29666
90.54 29672
90.55 29675
90.57 29676
90.58 29677
90.59 29679
90.60 29682
90.61 29684
90.62 29688
90.63 29694
90.64 29695
90.65 29699
90.66 29707
90.67 29714
90.68 29720
90.69 29727
90.70 29731
90.71 29735
90.72 29738
90.73 29744
90.75 29747
90.76 29749
90.77 29754
90.78 29758
90.79 29760
90.80 29763
90.81 29767
90.82 29772
90.83 29778
90.84 29780
90.85 29785
90.86 29787
90.87 29789
90.88 29792
90.89 29799
90.90 29802
90.91 29806
90.93 29809
90.94 29813
90.95 29816
90.96 29817
90.97 29820
90.98 29825
90.99 29829
91.00 29830
91.01 29833
91.02 29837
91.03 29844
91.04 29851
91.05 29857
91.06 29861
91.07 29867
91.08 29871
91.09 29874
91.11 29880
91.12 29884
91.13 29888
91.14 29892
91.15 29897
91.16 29905
91.17 29908
91.18 29913
91.19 29917
91.20 29918
91.21 29921
91.22 29926
91.23 29932
91.24 29937
91.25 29942
91.26 29946
91.27 29950
91.28 29956
91.30 29959
91.31 29964
91.32 29966
91.33 29967
91.34 29969
91.35 29975
91.36 29979
91.37 29985
91.38 29990
91.39 29996
91.40 30002
91.41 30008
91.42 30012
91.43 30017
91.44 30019
91.45 30023
91.46 30026
91.48 30033
91.49 30037
91.50 30043
91.51 30046
91.52 30050
91.53 30054
91.54 30056
91.55 30057
91.56 30062
91.57 30065
91.58 30069
91.59 30074
91.60 30079
91.61 30084
91.62 30087
91.63 30088
91.64 30092
91.66 30098
91.67 30103
91.68 30107
91.69 30111
91.70 30116
91.71 30119
91.72 30124
91.73 30130
91.74 30135
91.75 30139
91.76 30141
91.77 30147
91.78 30151
91.79 30156
91.80 30162
91.81 30164
91.82 30167
91.84 30172
91.85 30179
91.86 30182
91.87 30185
91.88 30187
91.89 30190
91.90 30192
91.91 30195
91.92 30198
91.93 30202
91.94 30206
91.95 30212
91.96 30218
91.97 30224
91.98 30230
91.99 30236
92.00 30243
92.02 30247
92.03 30251
92.04 30255
92.05 30261
92.06 30266
92.07 30269
92.08 30274
92.09 30279
92.10 30283
92.11 30287
92.12 30292
92.13 30297
92.14 30303
92.15 30309
92.16 30313
92.17 30317
92.18 30318
92.19 30321
92.21 30323
92.22 30324
92.23 30328
92.24 30332
92.25 30337
92.26 30343
92.27 30348
92.28 30349
92.29 30353
92.30 30357
92.31 30358
92.32 30361
92.33 30366
92.34 30371
92.35 30376
92.36 30379
92.37 30381
92.39 30384
92.40 30387
92.41 30390
92.42 30397
92.43 30400
92.44 30404
92.45 30409
92.46 30415
92.47 30418
92.48 30425
92.49 30432
92.50 30435
92.51 30439
92.52 30443
92.53 30449
92.54 30452
92.55 30457
92.57 30459
92.58 30463
92.59 30471
92.60 30474
92.61 30479
92.62 30484
92.63 30488
92.64 30491
92.65 30495
92.66 30500
92.67 30504
92.68 30509
92.69 30514
92.70 30519
92.71 30525
92.72 30531
92.73 30537
92.75 30542
92.76 30546
92.77 30552
92.78 30556
92.79 30560
92.80 30562
92.81 30567
92.82 30567
92.83 30573
92.84 30576
92.85 30581
92.86 30585
92.87 30589
92.88 30592
92.89 30594
92.90 30598
92.91 30602
92.93 30608
92.94 30611
92.95 30618
92.96 30621
92.97 30621
92.98 30624
92.99 30629
93.00 30634
93.01 30638
93.02 30642
93.03 30646
93.04 30652
93.05 30655
93.06 30662
93.07 30668
93.08 30671
93.09 30673
93.10 30676
93.12 30680
93.13 30685
93.14 30690
93.15 30694
93.16 30697
93.17 30699
93.18 30704
93.19 30708
93.20 30713
93.21 30716
93.22 30719
93.23 30725
93.24 30728
93.25 30732
93.26 30737
93.27 30741
93.28 30745
93.30 30749
93.31 30754
93.32 30759
93.33 30762
93.34 30767
93.35 30772
93.36 30776
93.37 30781
93.38 30786
93.39 30791
93.40 30795
93.41 30799
93.42 30801
93.43 30807
93.44 30811
93.45 30814
93.46 30818
93.48 30822
93.49 30827
93.50 30833
93.51 30839
93.52 30842
93.53 30845
93.54 30848
93.55 30849
93.56 30853
93.57 30855
93.58 30856
93.59 30861
93.60 30865
93.61 30871
93.62 30877
93.63 30879
93.64 30883
93.66 30885
93.67 30890
93.68 30894
93.69 30895
93.70 30897
93.71 30899
93.72 30904
93.73 30910
93.74 30914
93.75 30917
93.76 30919
93.77 30924
93.78 30928
93.79 30935
93.80 30940
93.81 30945
93.82 30952
93.84 30956
93.85 30962
93.86 30965
93.87 30969
93.88 30973
93.89 30979
93.90 30987
93.91 30994
93.92 30999
93.93 31004
93.94 31010
93.95 31017
93.96 31021
93.97 31028
93.98 31035
93.99 31040
94.00 31045
94.01 31050
94.03 31054
94.04 31059
94.05 31061
94.06 31064
94.07 31066
94.08 31067
94.09 31071
94.10 31075
94.11 31079
94.12 31080
94.13 31081
94.14 31085
94.15 31092
94.16 31096
94.17 31100
94.18 31107
94.19 31111
94.21 31117
94.22 31121
94.23 31124
94.24 31128
94.25 31132
94.26 31135
94.27 31139
94.28 31143
94.29 31148
94.30 31153
94.31 31159
94.32 31163
94.33 31166
94.34 31172
94.35 31178
94.36 31182
94.37 31188
94.39 31194
94.40 31201
94.41 31206
94.42 31210
94.43 31212
94.44 31216
94.45 31219
94.46 31223
94.47 31225
94.48 31228
94.49 31230
94.50 31234
94.51 31238
94.52 31240
94.53 31243
94.54 31249
94.55 31253
94.57 31257
94.58 31261
94.59 31265
94.60 31267
94.61 31270
94.62 31272
94.63 31276
94.64 31278
94.65 31282
94.66 31285
94.67 31288
94.68 31294
94.69 31296
94.70 31303
94.71 31308
94.72 31313
94.73 31317
94.75 31321
94.76 31326
94.77 31329
94.78 31334
94.79 31341
94.80 31345
94.81 31350
94.82 31357
94.83 31361
94.84 31365
94.85 31367
94.86 31372
94.87 31375
94.88 31379
94.89 31383
94.90 31385
94.91 31389
94.92 31395
94.94 31396
94.95 31397
94.96 31400
94.97 31406
94.98 31409
94.99 31414
95.00 31418
95.01 31422
95.02 31429
95.03 31434
95.04 31440
95.05 31444
95.06 31449
95.07 31454
95.08 31460
95.09 31466
95.10 31471
95.12 31474
95.13 31478
95.14 31482
95.15 31485
95.16 31491
95.17 31496
95.18 31498
95.19 31501
95.20 31502
95.21 31503
95.22 31505
95.23 31507
95.24 31511
95.25 31514
95.26 31516
95.27 31520
95.28 31522
95.30 31525
95.31 31528
95.32 31530
95.33 31531
95.34 31532
95.35 31533
95.36 31534
95.37 31535
95.38 31537
95.39 31538
95.40 31539
95.41 31540
95.42 31542
95.43 31543
95.44 31547
95.45 31548
95.46 31549
95.48 31550
95.49 31551
95.50 31553
95.51 31561
95.52 31563
95.53 31567
95.54 31569
95.55 31575
95.56 31579
95.57 31582
95.58 31584
95.59 31586
95.60 31593
95.61 31595
95.62 31598
95.63 31602
95.64 31605
95.66 31612
95.67 31616
95.68 31620
95.69 31624
95.70 31628
95.71 31630
95.72 31632
95.73 31633
95.74 31634
95.75 31638
95.76 31643
95.77 31647
95.78 31651
95.79 31656
95.80 31661
95.81 31664
95.82 31667
95.83 31672
95.85 31677
95.86 31681
95.87 31685
95.88 31688
95.89 31693
95.90 31699
95.91 31706
95.92 31709
95.93 31713
95.94 31718
95.95 31721
95.96 31723
95.97 31728
95.98 31731
95.99 31737
96.00 31741
96.01 31746
96.03 31752
96.04 31757
96.05 31762
96.06 31766
96.07 31771
96.08 31776
96.09 31782
96.10 31787
96.11 31793
96.12 31797
96.13 31799
96.14 31807
96.15 31810
96.16 31814
96.17 31816
96.18 31823
96.19 31828
96.21 31833
96.22 31837
96.23 31842
96.24 31845
96.25 31848
96.26 31852
96.27 31859
96.28 31864
96.29 31869
96.30 31873
96.31 31878
96.32 31884
96.33 31889
96.34 31895
96.35 31898
96.36 31903
96.37 31907
96.39 31911
96.40 31917
96.41 31922
96.42 31926
96.43 31929
96.44 31934
96.45 31936
96.46 31940
96.47 31943
96.48 31948
96.49 31951
96.50 31955
96.51 31959
96.52 31961
96.53 31964
96.54 31967
96.55 31971
96.57 31976
96.58 31977
96.59 31982
96.60 31985
96.61 31990
96.62 31994
96.63 31997
96.64 32003
96.65 32006
96.66 32010
96.67 32016
96.68 32020
96.69 32022
96.70 32028
96.71 32032
96.72 32038
96.73 32045
96.74 32050
96.76 32056
96.77 32061
96.78 32066
96.79 32071
96.80 32077
96.81 32083
96.82 32086
96.83 32091
96.84 32095
96.85 32097
96.86 32102
96.87 32108
96.88 32111
96.89 32115
96.90 32119
96.91 32123
96.92 32127
96.94 32131
96.95 32135
96.96 32141
96.97 32144
96.98 32147
96.99 32152
97.00 32156
97.01 32160
97.02 32167
97.03 32171
97.04 32174
97.05 32175
97.06 32179
97.07 32182
97.08 32186
97.09 32194
97.10 32198
97.12 32202
97.13 32208
97.14 32213
97.15 32215
97.16 32219
97.17 32224
97.18 32228
97.19 32232
97.20 32238
97.21 32243
97.22 32248
97.23 32251
97.24 32256
97.25 32259
97.26 32262
97.27 32267
97.28 32272
97.30 32276
97.31 32279
97.32 32282
97.33 32288
97.34 32293
97.35 32298
97.36 32302
97.37 32304
97.38 32307
97.39 32311
97.40 32317
97.41 32321
97.42 32325
97.43 32331
97.44 32337
97.45 32344
97.46 32347
97.48 32351
97.49 32353
97.50 32356
97.51 32360
97.52 32364
97.53 32370
97.54 32373
97.55 32377
97.56 32385
97.57 32390
97.58 32394
97.59 32398
97.60 32403
97.61 32404
97.62 32411
97.63 32417
97.64 32421
97.65 32424
97.67 32431
97.68 32436
97.69 32442
97.70 32445
97.71 32450
97.72 32454
97.73 32458
97.74 32462
97.75 32466
97.76 32470
97.77 32475
97.78 32477
97.79 32482
97.80 32488
97.81 32493
97.82 32500
97.83 32504
97.85 32511
97.86 32516
97.87 32521
97.88 32525
97.89 32530
97.90 32534
97.91 32536
97.92 32540
97.93 32548
97.94 32553
97.95 32558
97.96 32561
97.97 32566
97.98 32570
97.99 32574
98.00 32576
98.01 32577
98.03 32577
98.04 32584
98.05 32588
98.06 32592
98.07 32598
98.08 32602
98.09 32610
98.10 32616
98.11 32623
98.12 32628
98.13 32634
98.14 32640
98.15 32644
98.16 32649
98.17 32655
98.18 32660
98.19 32665
98.21 32671
98.22 32676
98.23 32681
98.24 32685
98.25 32688
98.26 32689
98.27 32692
98.28 32697
98.29 32699
98.30 32703
98.31 32707
98.32 32712
98.33 32716
98.34 32719
98.35 32723
98.36 32727
98.37 32731
98.39 32734
98.40 32741
98.41 32747
98.42 32750
98.43 32750
98.44 32751
98.45 32758
98.46 32761
98.47 32766
98.48 32769
98.49 32774
98.50 32778
98.51 32784
98.52 32791
98.53 32796
98.54 32801
98.55 32805
98.56 32815
98.58 32819
98.59 32822
98.60 32825
98.61 32828
98.62 32831
98.63 32835
98.64 32842
98.65 32846
98.66 32852
98.67 32852
98.68 32854
98.69 32856
98.70 32862
98.71 32865
98.72 32871
98.73 32873
98.74 32877
98.76 32881
98.77 32882
98.78 32883
98.79 32887
98.80 32892
98.81 32896
98.82 32902
98.83 32905
98.84 32911
98.85 32917
98.86 32922
98.87 32927
98.88 32932
98.89 32936
98.90 32938
98.91 32941
98.92 32944
98.94 32947
98.95 32949
98.96 32955
98.97 32960
98.98 32965
98.99 32970
99.00 32974
99.01 32977
99.02 32980
99.03 32986
99.04 32991
99.05 32994
99.06 33000
99.07 33006
99.08 33011
99.09 33017
99.10 33023
99.12 33026
99.13 33028
99.14 33031
99.15 33035
99.16 33037
99.17 33038
99.18 33043
99.19 33048
99.20 33052
99.21 33057
99.22 33062
99.23 33068
99.24 33071
99.25 33076
99.26 33077
99.27 33081
99.28 33085
99.30 33088
99.31 33093
99.32 33097
99.33 33099
99.34 33103
99.35 33106
99.36 33108
99.37 33111
99.38 33115
99.39 33122
99.40 33127
99.41 33132
99.42 33136
99.43 33141
99.44 33143
99.45 33145
99.46 33149
99.47 33150
99.49 33153
99.50 33157
99.51 33162
99.52 33166
99.53 33169
99.54 33171
99.55 33178
99.56 33182
99.57 33188
99.58 33195
99.59 33199
99.60 33204
99.61 33208
99.62 33211
99.63 33215
99.64 33218
99.65 33223
99.67 33228
99.68 33231
99.69 33237
99.70 33242
99.71 33249
99.72 33253
99.73 33258
99.74 33262
99.75 33266
99.76 33270
99.77 33277
99.78 33279
99.79 33283
99.80 33288
99.81 33293
99.82 33298
99.83 33302
99.85 33307
99.86 33311
99.87 33313
99.88 33321
99.89 33323
99.90 33326
99.91 33332
99.92 33335
99.93 33338
99.94 33345
99.95 33350
99.96 33355
99.97 33362
99.98 33368
99.99 33373
