0.00 0
0.01 16
0.02 31
0.03 43
0.04 54
0.05 65
0.06 75
0.07 77
0.08 80
0.10 84
0.11 93
0.12 104
0.13 110
0.14 116
0.15 122
0.16 131
0.17 137
0.18 144
0.19 152
0.20 156
0.21 163
0.22 166
0.23 168
0.24 170
0.25 173
0.26 175
0.28 177
0.29 179
0.30 179
0.31 182
0.32 182
0.33 183
0.34 183
0.35 185
0.36 185
0.37 186
0.38 188
0.39 188
0.40 190
0.41 190
0.42 191
0.43 191
0.44 193
0.45 193
0.47 194
0.48 194
0.49 196
0.50 196
0.51 197
0.52 197
0.53 198
0.54 198
0.55 199
0.56 200
0.57 203
0.58 203
0.59 203
0.60 209
0.61 212
0.62 217
0.63 221
0.65 223
0.66 230
0.67 234
0.68 244
0.69 247
0.70 251
0.71 257
0.72 261
0.73 264
0.74 269
0.75 278
0.76 282
0.77 284
0.78 288
0.79 290
0.80 291
0.81 294
0.83 297
0.84 302
0.85 306
0.86 306
0.87 310
0.88 311
0.89 314
0.90 318
0.91 324
0.92 336
0.93 341
0.94 342
0.95 347
0.96 348
0.97 349
0.98 349
0.99 353
1.01 355
1.02 355
1.03 357
1.04 359
1.05 361
1.06 361
1.07 361
1.08 361
1.09 362
1.10 362
1.11 362
1.12 366
1.13 368
1.14 368
1.15 368
1.16 371
1.17 371
1.19 371
1.20 371
1.21 376
1.22 378
1.23 378
1.24 382
1.25 384
1.26 389
1.27 389
1.28 393
1.29 398
1.30 399
1.31 400
1.32 403
1.33 403
1.34 407
1.35 407
1.36 407
1.38 412
1.39 413
1.40 413
1.41 415
1.42 415
1.43 421
1.44 422
1.45 422
1.46 427
1.47 429
1.48 430
1.49 430
1.50 434
1.51 434
1.52 434
1.53 435
1.54 435
1.56 436
1.57 437
1.58 439
1.59 439
1.60 440
1.61 442
1.62 446
1.63 446
1.64 451
1.65 451
1.66 453
1.67 454
1.68 455
1.69 455
1.70 460
1.71 460
1.72 460
1.74 463
1.75 464
1.76 465
1.77 468
1.78 471
1.79 475
1.80 475
1.81 481
1.82 484
1.83 487
1.84 488
1.85 488
1.86 494
1.87 502
1.88 502
1.89 506
1.90 512
1.92 519
1.93 528
1.94 535
1.95 541
1.96 547
1.97 554
1.98 556
1.99 560
2.00 568
2.01 577
2.02 583
2.03 587
2.04 596
2.05 603
2.06 608
2.07 617
2.08 624
2.10 633
2.11 641
2.12 646
2.13 654
2.14 658
2.15 664
2.16 669
2.17 675
2.18 680
2.19 686
2.20 693
2.21 696
2.22 703
2.23 706
2.24 716
2.25 719
2.26 720
2.27 722
2.29 724
2.30 725
2.31 725
2.32 725
2.33 728
2.34 737
2.35 742
2.36 746
2.37 752
2.38 757
2.39 762
2.40 767
2.41 771
2.42 778
2.43 783
2.44 789
2.45 791
2.47 796
2.48 800
2.49 807
2.50 810
2.51 814
2.52 820
2.53 827
2.54 831
2.55 837
2.56 843
2.57 848
2.58 854
2.59 859
2.60 864
2.61 869
2.62 877
2.63 881
2.65 886
2.66 891
2.67 896
2.68 900
2.69 905
2.70 912
2.71 917
2.72 925
2.73 929
2.74 932
2.75 939
2.76 946
2.77 950
2.78 956
2.79 961
2.80 965
2.81 966
2.83 970
2.84 975
2.85 979
2.86 984
2.87 989
2.88 994
2.89 1002
2.90 1009
2.91 1016
2.92 1021
2.93 1023
2.94 1025
2.95 1031
2.96 1033
2.97 1041
2.98 1048
2.99 1053
3.01 1055
3.02 1056
3.03 1062
3.04 1069
3.05 1072
3.06 1077
3.07 1082
3.08 1088
3.09 1094
3.10 1098
3.11 1099
3.12 1103
3.13 1109
3.14 1114
3.15 1118
3.16 1126
3.17 1130
3.18 1134
3.20 1142
3.21 1149
3.22 1155
3.23 1156
3.24 1157
3.25 1159
3.26 1163
3.27 1168
3.28 1172
3.29 1175
3.30 1176
3.31 1183
3.32 1190
3.33 1194
3.34 1198
3.35 1203
3.36 1207
3.38 1212
3.39 1214
3.40 1215
3.41 1222
3.42 1230
3.43 1236
3.44 1239
3.45 1245
3.46 1250
3.47 1255
3.48 1260
3.49 1263
3.50 1267
3.51 1275
3.52 1281
3.53 1284
3.54 1289
3.56 1293
3.57 1298
3.58 1302
3.59 1307
3.60 1311
3.61 1316
3.62 1320
3.63 1324
3.64 1330
3.65 1334
3.66 1341
3.67 1347
3.68 1357
3.69 1362
3.70 1363
3.71 1365
3.72 1368
3.74 1372
3.75 1374
3.76 1380
3.77 1385
3.78 1389
3.79 1390
3.80 1398
3.81 1402
3.82 1403
3.83 1411
3.84 1412
3.85 1416
3.86 1420
3.87 1421
3.88 1426
3.89 1432
3.90 1436
3.92 1438
3.93 1441
3.94 1446
3.95 1449
3.96 1455
3.97 1462
3.98 1469
3.99 1472
4.00 1474
4.01 1475
4.02 1482
4.03 1491
4.04 1498
4.05 1502
4.06 1507
4.07 1513
4.08 1519
4.09 1523
4.11 1529
4.12 1534
4.13 1541
4.14 1548
4.15 1552
4.16 1558
4.17 1563
4.18 1567
4.19 1572
4.20 1577
4.21 1580
4.22 1587
4.23 1591
4.24 1597
4.25 1598
4.26 1601
4.27 1606
4.29 1612
4.30 1620
4.31 1628
4.32 1636
4.33 1640
4.34 1642
4.35 1646
4.36 1649
4.37 1653
4.38 1657
4.39 1660
4.40 1665
4.41 1668
4.42 1673
4.43 1678
4.44 1684
4.45 1689
4.47 1693
4.48 1698
4.49 1704
4.50 1707
4.51 1710
4.52 1717
4.53 1720
4.54 1726
4.55 1730
4.56 1735
4.57 1738
4.58 1741
4.59 1745
4.60 1747
4.61 1751
4.62 1756
4.63 1759
4.65 1763
4.66 1766
4.67 1770
4.68 1776
4.69 1779
4.70 1785
4.71 1788
4.72 1795
4.73 1801
4.74 1806
4.75 1810
4.76 1818
4.77 1825
4.78 1829
4.79 1832
4.80 1835
4.81 1837
4.83 1842
4.84 1848
4.85 1854
4.86 1860
4.87 1863
4.88 1864
4.89 1865
4.90 1867
4.91 1874
4.92 1881
4.93 1887
4.94 1892
4.95 1898
4.96 1901
4.97 1906
4.98 1914
4.99 1919
5.00 1924
5.02 1930
5.03 1937
5.04 1943
5.05 1947
5.06 1952
5.07 1957
5.08 1966
5.09 1972
5.10 1976
5.11 1980
5.12 1984
5.13 1990
5.14 1994
5.15 1999
5.16 2001
5.17 2006
5.18 2010
5.20 2016
5.21 2019
5.22 2023
5.23 2025
5.24 2030
5.25 2036
5.26 2037
5.27 2038
5.28 2043
5.29 2048
5.30 2053
5.31 2058
5.32 2065
5.33 2070
5.34 2073
5.35 2079
5.36 2085
5.38 2091
5.39 2095
5.40 2100
5.41 2105
5.42 2110
5.43 2117
5.44 2123
5.45 2129
5.46 2136
5.47 2142
5.48 2148
5.49 2154
5.50 2156
5.51 2160
5.52 2165
5.53 2170
5.54 2175
5.56 2178
5.57 2182
5.58 2187
5.59 2192
5.60 2197
5.61 2203
5.62 2208
5.63 2213
5.64 2217
5.65 2220
5.66 2221
5.67 2223
5.68 2223
5.69 2226
5.70 2231
5.71 2237
5.72 2242
5.74 2248
5.75 2252
5.76 2259
5.77 2264
5.78 2268
5.79 2272
5.80 2276
5.81 2284
5.82 2289
5.83 2292
5.84 2295
5.85 2302
5.86 2305
5.87 2309
5.88 2312
5.89 2319
5.90 2324
5.91 2328
5.93 2330
5.94 2333
5.95 2338
5.96 2344
5.97 2347
5.98 2354
5.99 2359
6.00 2362
6.01 2367
6.02 2370
6.03 2374
6.04 2377
6.05 2381
6.06 2384
6.07 2388
6.08 2391
6.09 2395
6.11 2398
6.12 2404
6.13 2408
6.14 2414
6.15 2417
6.16 2423
6.17 2427
6.18 2430
6.19 2436
6.20 2441
6.21 2443
6.22 2447
6.23 2451
6.24 2456
6.25 2459
6.26 2465
6.27 2470
6.29 2473
6.30 2477
6.31 2482
6.32 2486
6.33 2490
6.34 2492
6.35 2494
6.36 2494
6.37 2497
6.38 2502
6.39 2507
6.40 2512
6.41 2516
6.42 2520
6.43 2527
6.44 2532
6.45 2536
6.47 2541
6.48 2547
6.49 2550
6.50 2555
6.51 2563
6.52 2568
6.53 2572
6.54 2576
6.55 2582
6.56 2587
6.57 2590
6.58 2594
6.59 2598
6.60 2603
6.61 2607
6.62 2612
6.63 2612
6.65 2621
6.66 2624
6.67 2627
6.68 2633
6.69 2636
6.70 2641
6.71 2641
6.72 2646
6.73 2652
6.74 2658
6.75 2665
6.76 2672
6.77 2678
6.78 2683
6.79 2687
6.80 2691
6.81 2697
6.82 2703
6.84 2707
6.85 2713
6.86 2717
6.87 2723
6.88 2725
6.89 2729
6.90 2733
6.91 2737
6.92 2741
6.93 2747
6.94 2752
6.95 2758
6.96 2763
6.97 2770
6.98 2775
6.99 2780
7.00 2784
7.02 2790
7.03 2793
7.04 2797
7.05 2803
7.06 2809
7.07 2814
7.08 2819
7.09 2822
7.10 2824
7.11 2826
7.12 2831
7.13 2837
7.14 2842
7.15 2845
7.16 2847
7.17 2854
7.18 2859
7.20 2865
7.21 2867
7.22 2870
7.23 2875
7.24 2880
7.25 2883
7.26 2888
7.27 2892
7.28 2895
7.29 2899
7.30 2907
7.31 2916
7.32 2920
7.33 2923
7.34 2926
7.35 2927
7.36 2931
7.38 2934
7.39 2939
7.40 2942
7.41 2946
7.42 2951
7.43 2955
7.44 2960
7.45 2964
7.46 2971
7.47 2978
7.48 2986
7.49 2992
7.50 2997
7.51 3003
7.52 3006
7.53 3007
7.54 3012
7.56 3020
7.57 3023
7.58 3026
7.59 3029
7.60 3038
7.61 3044
7.62 3053
7.63 3059
7.64 3066
7.65 3070
7.66 3073
7.67 3076
7.68 3079
7.69 3081
7.70 3085
7.71 3089
7.72 3095
7.73 3099
7.75 3104
7.76 3108
7.77 3115
7.78 3121
7.79 3124
7.80 3128
7.81 3134
7.82 3139
7.83 3144
7.84 3150
7.85 3157
7.86 3163
7.87 3164
7.88 3169
7.89 3173
7.90 3178
7.91 3185
7.93 3189
7.94 3193
7.95 3201
7.96 3206
7.97 3212
7.98 3220
7.99 3225
8.00 3230
8.01 3235
8.02 3239
8.03 3244
8.04 3246
8.05 3253
8.06 3260
8.07 3265
8.08 3276
8.09 3280
8.11 3284
8.12 3286
8.13 3287
8.14 3294
8.15 3299
8.16 3304
8.17 3307
8.18 3312
8.19 3314
8.20 3317
8.21 3323
8.22 3327
8.23 3332
8.24 3337
8.25 3340
8.26 3344
8.27 3352
8.29 3356
8.30 3360
8.31 3366
8.32 3370
8.33 3374
8.34 3378
8.35 3383
8.36 3385
8.37 3389
8.38 3390
8.39 3395
8.40 3401
8.41 3408
8.42 3414
8.43 3418
8.44 3423
8.45 3430
8.47 3437
8.48 3446
8.49 3452
8.50 3454
8.51 3460
8.52 3464
8.53 3467
8.54 3473
8.55 3477
8.56 3482
8.57 3487
8.58 3493
8.59 3498
8.60 3501
8.61 3505
8.62 3510
8.63 3518
8.64 3522
8.66 3528
8.67 3533
8.68 3537
8.69 3542
8.70 3545
8.71 3548
8.72 3552
8.73 3556
8.74 3559
8.75 3565
8.76 3569
8.77 3573
8.78 3578
8.79 3583
8.80 3587
8.81 3589
8.82 3593
8.84 3596
8.85 3599
8.86 3604
8.87 3611
8.88 3614
8.89 3619
8.90 3625
8.91 3628
8.92 3632
8.93 3635
8.94 3639
8.95 3645
8.96 3650
8.97 3658
8.98 3663
8.99 3669
9.00 3672
9.02 3680
9.03 3685
9.04 3689
9.05 3693
9.06 3697
9.07 3699
9.08 3703
9.09 3706
9.10 3712
9.11 3716
9.12 3721
9.13 3725
9.14 3727
9.15 3731
9.16 3737
9.17 3741
9.18 3744
9.20 3747
9.21 3749
9.22 3753
9.23 3757
9.24 3760
9.25 3764
9.26 3769
9.27 3773
9.28 3778
9.29 3783
9.30 3787
9.31 3791
9.32 3796
9.33 3803
9.34 3808
9.35 3813
9.36 3821
9.38 3829
9.39 3831
9.40 3836
9.41 3844
9.42 3851
9.43 3857
9.44 3863
9.45 3868
9.46 3875
9.47 3879
9.48 3881
9.49 3885
9.50 3891
9.51 3897
9.52 3899
9.53 3903
9.54 3906
9.55 3908
9.57 3912
9.58 3916
9.59 3920
9.60 3922
9.61 3925
9.62 3927
9.63 3930
9.64 3934
9.65 3939
9.66 3942
9.67 3945
9.68 3951
9.69 3956
9.70 3961
9.71 3964
9.72 3972
9.73 3977
9.75 3981
9.76 3984
9.77 3987
9.78 3990
9.79 3993
9.80 3996
9.81 4002
9.82 4007
9.83 4012
9.84 4016
9.85 4019
9.86 4021
9.87 4021
9.88 4025
9.89 4028
9.90 4034
9.91 4038
9.93 4043
9.94 4049
9.95 4054
9.96 4057
9.97 4061
9.98 4063
9.99 4068
10.00 4072
10.01 4076
10.02 4081
10.03 4084
10.04 4089
10.05 4094
10.06 4099
10.07 4107
10.08 4110
10.09 4115
10.11 4121
10.12 4127
10.13 4131
10.14 4134
10.15 4139
10.16 4144
10.17 4148
10.18 4150
10.19 4152
10.20 4152
10.21 4156
10.22 4160
10.23 4165
10.24 4170
10.25 4174
10.26 4179
10.27 4184
10.29 4187
10.30 4192
10.31 4197
10.32 4200
10.33 4205
10.34 4209
10.35 4215
10.36 4219
10.37 4222
10.38 4224
10.39 4228
10.40 4234
10.41 4241
10.42 4245
10.43 4252
10.44 4256
10.45 4257
10.46 4262
10.48 4268
10.49 4273
10.50 4276
10.51 4282
10.52 4286
10.53 4290
10.54 4294
10.55 4299
10.56 4303
10.57 4310
10.58 4312
10.59 4316
10.60 4320
10.61 4324
10.62 4329
10.63 4336
10.64 4342
10.66 4345
10.67 4349
10.68 4353
10.69 4357
10.70 4361
10.71 4366
10.72 4369
10.73 4373
10.74 4377
10.75 4384
10.76 4389
10.77 4392
10.78 4397
10.79 4402
10.80 4406
10.81 4412
10.82 4417
10.84 4421
10.85 4424
10.86 4428
10.87 4431
10.88 4436
10.89 4440
10.90 4445
10.91 4453
10.92 4458
10.93 4462
10.94 4466
10.95 4468
10.96 4473
10.97 4475
10.98 4481
10.99 4484
11.00 4488
11.02 4491
11.03 4495
11.04 4497
11.05 4498
11.06 4503
11.07 4508
11.08 4512
11.09 4515
11.10 4519
11.11 4522
11.12 4527
11.13 4534
11.14 4539
11.15 4541
11.16 4546
11.17 4552
11.18 4554
11.20 4557
11.21 4563
11.22 4569
11.23 4575
11.24 4581
11.25 4585
11.26 4593
11.27 4600
11.28 4604
11.29 4609
11.30 4613
11.31 4617
11.32 4623
11.33 4626
11.34 4630
11.35 4634
11.36 4640
11.37 4643
11.39 4648
11.40 4653
11.41 4658
11.42 4662
11.43 4669
11.44 4677
11.45 4686
11.46 4693
11.47 4698
11.48 4701
11.49 4705
11.50 4712
11.51 4717
11.52 4724
11.53 4726
11.54 4729
11.55 4737
11.57 4740
11.58 4745
11.59 4749
11.60 4752
11.61 4756
11.62 4762
11.63 4766
11.64 4773
11.65 4778
11.66 4784
11.67 4789
11.68 4792
11.69 4796
11.70 4803
11.71 4808
11.72 4812
11.73 4816
11.75 4821
11.76 4825
11.77 4832
11.78 4838
11.79 4842
11.80 4848
11.81 4856
11.82 4861
11.83 4865
11.84 4868
11.85 4872
11.86 4874
11.87 4879
11.88 4885
11.89 4887
11.90 4890
11.91 4893
11.93 4900
11.94 4904
11.95 4910
11.96 4913
11.97 4917
11.98 4920
11.99 4925
12.00 4928
12.01 4929
12.02 4934
12.03 4937
12.04 4940
12.05 4942
12.06 4945
12.07 4947
12.08 4948
12.09 4951
12.11 4956
12.12 4961
12.13 4969
12.14 4974
12.15 4980
12.16 4986
12.17 4991
12.18 4995
12.19 4998
12.20 5000
12.21 5003
12.22 5008
12.23 5015
12.24 5019
12.25 5023
12.26 5029
12.27 5035
12.28 5039
12.30 5041
12.31 5046
12.32 5051
12.33 5057
12.34 5062
12.35 5067
12.36 5068
12.37 5070
12.38 5075
12.39 5080
12.40 5086
12.41 5091
12.42 5095
12.43 5101
12.44 5108
12.45 5111
12.46 5116
12.48 5122
12.49 5126
12.50 5131
12.51 5136
12.52 5142
12.53 5147
12.54 5153
12.55 5160
12.56 5165
12.57 5170
12.58 5177
12.59 5181
12.60 5188
12.61 5193
12.62 5202
12.63 5205
12.64 5211
12.66 5218
12.67 5224
12.68 5232
12.69 5237
12.70 5242
12.71 5249
12.72 5256
12.73 5262
12.74 5265
12.75 5268
12.76 5272
12.77 5278
12.78 5281
12.79 5285
12.80 5292
12.81 5296
12.82 5302
12.84 5308
12.85 5312
12.86 5315
12.87 5322
12.88 5326
12.89 5329
12.90 5333
12.91 5336
12.92 5340
12.93 5342
12.94 5348
12.95 5352
12.96 5355
12.97 5361
12.98 5365
12.99 5371
13.00 5376
13.02 5380
13.03 5385
13.04 5388
13.05 5391
13.06 5394
13.07 5398
13.08 5402
13.09 5406
13.10 5411
13.11 5414
13.12 5419
13.13 5423
13.14 5429
13.15 5434
13.16 5436
13.17 5442
13.18 5447
13.19 5451
13.21 5454
13.22 5457
13.23 5461
13.24 5466
13.25 5470
13.26 5475
13.27 5482
13.28 5486
13.29 5490
13.30 5494
13.31 5497
13.32 5500
13.33 5504
13.34 5509
13.35 5513
13.36 5518
13.37 5524
13.39 5528
13.40 5535
13.41 5540
13.42 5546
13.43 5549
13.44 5555
13.45 5556
13.46 5561
13.47 5565
13.48 5566
13.49 5571
13.50 5576
13.51 5581
13.52 5586
13.53 5592
13.54 5594
13.55 5598
13.57 5601
13.58 5604
13.59 5608
13.60 5613
13.61 5616
13.62 5623
13.63 5627
13.64 5633
13.65 5637
13.66 5642
13.67 5649
13.68 5653
13.69 5659
13.70 5664
13.71 5669
13.72 5675
13.73 5680
13.75 5684
13.76 5691
13.77 5694
13.78 5697
13.79 5701
13.80 5704
13.81 5709
13.82 5712
13.83 5716
13.84 5721
13.85 5724
13.86 5727
13.87 5736
13.88 5739
13.89 5745
13.90 5749
13.91 5753
13.93 5761
13.94 5766
13.95 5771
13.96 5776
13.97 5780
13.98 5785
13.99 5788
14.00 5790
14.01 5793
14.02 5796
14.03 5797
14.04 5801
14.05 5802
14.06 5807
14.07 5812
14.08 5816
14.09 5820
14.10 5824
14.12 5826
14.13 5831
14.14 5834
14.15 5837
14.16 5840
14.17 5842
14.18 5846
14.19 5852
14.20 5856
14.21 5861
14.22 5863
14.23 5870
14.24 5873
14.25 5878
14.26 5884
14.27 5890
14.28 5895
14.30 5900
14.31 5906
14.32 5910
14.33 5915
14.34 5918
14.35 5921
14.36 5926
14.37 5928
14.38 5934
14.39 5939
14.40 5944
14.41 5950
14.42 5955
14.43 5957
14.44 5961
14.45 5967
14.46 5972
14.48 5972
14.49 5975
14.50 5982
14.51 5990
14.52 5995
14.53 5999
14.54 6004
14.55 6010
14.56 6017
14.57 6024
14.58 6027
14.59 6030
14.60 6034
14.61 6035
14.62 6040
14.63 6042
14.64 6044
14.66 6046
14.67 6050
14.68 6058
14.69 6060
14.70 6066
14.71 6073
14.72 6078
14.73 6087
14.74 6093
14.75 6099
14.76 6101
14.77 6106
14.78 6109
14.79 6116
14.80 6120
14.81 6125
14.82 6132
14.83 6138
14.85 6145
14.86 6150
14.87 6155
14.88 6162
14.89 6166
14.90 6169
14.91 6171
14.92 6173
14.93 6177
14.94 6180
14.95 6184
14.96 6189
14.97 6191
14.98 6192
14.99 6195
15.00 6202
15.01 6205
15.03 6207
15.04 6212
15.05 6216
15.06 6221
15.07 6222
15.08 6225
15.09 6229
15.10 6233
15.11 6239
15.12 6241
15.13 6244
15.14 6247
15.15 6255
15.16 6260
15.17 6265
15.18 6271
15.19 6275
15.21 6278
15.22 6282
15.23 6287
15.24 6291
15.25 6297
15.26 6301
15.27 6305
15.28 6308
15.29 6313
15.30 6318
15.31 6321
15.32 6326
15.33 6331
15.34 6337
15.35 6341
15.36 6347
15.37 6350
15.39 6355
15.40 6358
15.41 6362
15.42 6368
15.43 6372
15.44 6376
15.45 6381
15.46 6386
15.47 6394
15.48 6399
15.49 6404
15.50 6408
15.51 6410
15.52 6414
15.53 6419
15.54 6424
15.55 6428
15.57 6432
15.58 6437
15.59 6441
15.60 6448
15.61 6452
15.62 6456
15.63 6460
15.64 6466
15.65 6472
15.66 6476
15.67 6482
15.68 6484
15.69 6488
15.70 6491
15.71 6496
15.72 6501
15.73 6505
15.74 6510
15.76 6514
15.77 6520
15.78 6524
15.79 6529
15.80 6534
15.81 6541
15.82 6546
15.83 6553
15.84 6556
15.85 6561
15.86 6565
15.87 6570
15.88 6573
15.89 6578
15.90 6583
15.91 6590
15.92 6596
15.94 6602
15.95 6607
15.96 6610
15.97 6615
15.98 6621
15.99 6626
16.00 6631
16.01 6636
16.02 6638
16.03 6640
16.04 6644
16.05 6649
16.06 6657
16.07 6657
16.08 6662
16.09 6664
16.10 6666
16.12 6669
16.13 6676
16.14 6680
16.15 6683
16.16 6687
16.17 6689
16.18 6691
16.19 6696
16.20 6701
16.21 6705
16.22 6711
16.23 6715
16.24 6719
16.25 6724
16.26 6728
16.27 6732
16.28 6736
16.30 6739
16.31 6744
16.32 6748
16.33 6752
16.34 6754
16.35 6758
16.36 6763
16.37 6769
16.38 6773
16.39 6777
16.40 6782
16.41 6787
16.42 6791
16.43 6798
16.44 6804
16.45 6811
16.46 6813
16.48 6814
16.49 6818
16.50 6823
16.51 6828
16.52 6833
16.53 6837
16.54 6837
16.55 6843
16.56 6846
16.57 6849
16.58 6852
16.59 6853
16.60 6855
16.61 6861
16.62 6866
16.63 6871
16.64 6877
16.65 6882
16.67 6890
16.68 6896
16.69 6901
16.70 6906
16.71 6912
16.72 6916
16.73 6920
16.74 6925
16.75 6930
16.76 6933
16.77 6936
16.78 6941
16.79 6947
16.80 6951
16.81 6955
16.82 6956
16.83 6962
16.85 6964
16.86 6967
16.87 6973
16.88 6978
16.89 6982
16.90 6987
16.91 6993
16.92 6999
16.93 7004
16.94 7009
16.95 7011
16.96 7016
16.97 7018
16.98 7025
16.99 7028
17.00 7033
17.01 7039
17.03 7042
17.04 7045
17.05 7049
17.06 7052
17.07 7057
17.08 7063
17.09 7068
17.10 7072
17.11 7077
17.12 7081
17.13 7087
17.14 7091
17.15 7099
17.16 7103
17.17 7109
17.18 7115
17.19 7121
17.21 7125
17.22 7131
17.23 7135
17.24 7141
17.25 7148
17.26 7152
17.27 7156
17.28 7160
17.29 7165
17.30 7168
17.31 7174
17.32 7179
17.33 7188
17.34 7192
17.35 7197
17.36 7201
17.37 7204
17.39 7211
17.40 7214
17.41 7217
17.42 7221
17.43 7228
17.44 7233
17.45 7236
17.46 7242
17.47 7247
17.48 7252
17.49 7256
17.50 7258
17.51 7263
17.52 7266
17.53 7269
17.54 7275
17.55 7280
17.56 7286
17.58 7289
17.59 7295
17.60 7303
17.61 7308
17.62 7312
17.63 7315
17.64 7320
17.65 7326
17.66 7330
17.67 7333
17.68 7337
17.69 7340
17.70 7347
17.71 7351
17.72 7357
17.73 7363
17.74 7369
17.76 7373
17.77 7376
17.78 7379
17.79 7383
17.80 7390
17.81 7395
17.82 7400
17.83 7404
17.84 7410
17.85 7413
17.86 7416
17.87 7418
17.88 7423
17.89 7429
17.90 7434
17.91 7436
17.92 7438
17.94 7445
17.95 7448
17.96 7451
17.97 7455
17.98 7460
17.99 7463
18.00 7467
18.01 7473
18.02 7477
18.03 7482
18.04 7485
18.05 7489
18.06 7491
18.07 7496
18.08 7500
18.09 7506
18.10 7509
18.12 7514
18.13 7518
18.14 7524
18.15 7527
18.16 7534
18.17 7539
18.18 7547
18.19 7555
18.20 7559
18.21 7564
18.22 7568
18.23 7574
18.24 7577
18.25 7583
18.26 7587
18.27 7592
18.28 7596
18.30 7601
18.31 7607
18.32 7614
18.33 7621
18.34 7627
18.35 7631
18.36 7637
18.37 7641
18.38 7644
18.39 7648
18.40 7657
18.41 7663
18.42 7667
18.43 7673
18.44 7679
18.45 7683
18.46 7687
18.47 7695
18.49 7701
18.50 7705
18.51 7709
18.52 7716
18.53 7723
18.54 7726
18.55 7731
18.56 7739
18.57 7746
18.58 7753
18.59 7758
18.60 7760
18.61 7764
18.62 7770
18.63 7772
18.64 7774
18.65 7779
18.67 7783
18.68 7787
18.69 7791
18.70 7795
18.71 7798
18.72 7803
18.73 7807
18.74 7811
18.75 7815
18.76 7821
18.77 7827
18.78 7831
18.79 7835
18.80 7836
18.81 7843
18.82 7850
18.83 7853
18.85 7855
18.86 7858
18.87 7862
18.88 7866
18.89 7871
18.90 7875
18.91 7881
18.92 7886
18.93 7890
18.94 7893
18.95 7902
18.96 7908
18.97 7914
18.98 7915
18.99 7917
19.00 7921
19.01 7925
19.03 7929
19.04 7935
19.05 7938
19.06 7943
19.07 7946
19.08 7948
19.09 7951
19.10 7956
19.11 7959
19.12 7959
19.13 7963
19.14 7967
19.15 7972
19.16 7979
19.17 7983
19.18 7990
19.19 7994
19.21 7996
19.22 8000
19.23 8006
19.24 8010
19.25 8016
19.26 8022
19.27 8027
19.28 8033
19.29 8036
19.30 8041
19.31 8046
19.32 8051
19.33 8055
19.34 8062
19.35 8070
19.36 8075
19.37 8080
19.38 8084
19.40 8087
19.41 8089
19.42 8093
19.43 8095
19.44 8099
19.45 8102
19.46 8106
19.47 8113
19.48 8120
19.49 8125
19.50 8129
19.51 8134
19.52 8140
19.53 8144
19.54 8149
19.55 8155
19.56 8165
19.58 8171
19.59 8176
19.60 8181
19.61 8186
19.62 8192
19.63 8199
19.64 8205
19.65 8211
19.66 8215
19.67 8219
19.68 8223
19.69 8224
19.70 8225
19.71 8231
19.72 8232
19.73 8236
19.74 8239
19.76 8247
19.77 8251
19.78 8257
19.79 8260
19.80 8264
19.81 8268
19.82 8272
19.83 8275
19.84 8280
19.85 8283
19.86 8287
19.87 8290
19.88 8297
19.89 8301
19.90 8304
19.91 8308
19.92 8309
19.94 8313
19.95 8315
19.96 8320
19.97 8324
19.98 8325
19.99 8327
20.00 8330
20.01 8333
20.02 8337
20.03 8340
20.04 8344
20.05 8347
20.06 8352
20.07 8358
20.08 8363
20.09 8366
20.10 8372
20.12 8376
20.13 8379
20.14 8384
20.15 8388
20.16 8391
20.17 8396
20.18 8402
20.19 8409
20.20 8417
20.21 8421
20.22 8423
20.23 8425
20.24 8426
20.25 8431
20.26 8433
20.27 8435
20.28 8438
20.29 8441
20.31 8446
20.32 8451
20.33 8459
20.34 8464
20.35 8469
20.36 8474
20.37 8477
20.38 8483
20.39 8486
20.40 8495
20.41 8500
20.42 8508
20.43 8509
20.44 8516
20.45 8522
20.46 8532
20.47 8534
20.49 8538
20.50 8543
20.51 8547
20.52 8551
20.53 8553
20.54 8562
20.55 8565
20.56 8570
20.57 8573
20.58 8575
20.59 8578
20.60 8581
20.61 8582
20.62 8584
20.63 8587
20.64 8590
20.65 8595
20.67 8600
20.68 8605
20.69 8610
20.70 8615
20.71 8622
20.72 8627
20.73 8632
20.74 8636
20.75 8641
20.76 8642
20.77 8648
20.78 8653
20.79 8656
20.80 8660
20.81 8661
20.82 8667
20.83 8673
20.85 8676
20.86 8678
20.87 8685
20.88 8689
20.89 8696
20.90 8701
20.91 8706
20.92 8709
20.93 8715
20.94 8719
20.95 8724
20.96 8730
20.97 8736
20.98 8740
20.99 8744
21.00 8747
21.01 8748
21.03 8750
21.04 8752
21.05 8758
21.06 8763
21.07 8767
21.08 8767
21.09 8770
21.10 8775
21.11 8777
21.12 8778
21.13 8785
21.14 8787
21.15 8792
21.16 8798
21.17 8800
21.18 8803
21.19 8812
21.20 8817
21.22 8823
21.23 8828
21.24 8833
21.25 8837
21.26 8840
21.27 8845
21.28 8850
21.29 8855
21.30 8861
21.31 8866
21.32 8869
21.33 8876
21.34 8882
21.35 8886
21.36 8892
21.37 8897
21.38 8902
21.40 8908
21.41 8910
21.42 8917
21.43 8922
21.44 8928
21.45 8933
21.46 8936
21.47 8942
21.48 8948
21.49 8953
21.50 8958
21.51 8961
21.52 8965
21.53 8970
21.54 8975
21.55 8979
21.56 8986
21.58 8990
21.59 8995
21.60 9001
21.61 9006
21.62 9012
21.63 9017
21.64 9021
21.65 9024
21.66 9027
21.67 9030
21.68 9035
21.69 9040
21.70 9044
21.71 9048
21.72 9052
21.73 9059
21.74 9062
21.76 9064
21.77 9070
21.78 9077
21.79 9086
21.80 9090
21.81 9096
21.82 9101
21.83 9104
21.84 9109
21.85 9113
21.86 9115
21.87 9117
21.88 9120
21.89 9121
21.90 9124
21.91 9127
21.92 9129
21.94 9131
21.95 9134
21.96 9136
21.97 9139
21.98 9142
21.99 9145
22.00 9148
22.01 9153
22.02 9155
22.03 9156
22.04 9158
22.05 9163
22.06 9166
22.07 9169
22.08 9173
22.09 9176
22.10 9180
22.11 9183
22.13 9188
22.14 9191
22.15 9194
22.16 9195
22.17 9199
22.18 9200
22.19 9205
22.20 9208
22.21 9214
22.22 9219
22.23 9221
22.24 9224
22.25 9226
22.26 9228
22.27 9232
22.28 9237
22.29 9238
22.31 9241
22.32 9244
22.33 9246
22.34 9254
22.35 9259
22.36 9264
22.37 9267
22.38 9268
22.39 9271
22.40 9273
22.41 9273
22.42 9276
22.43 9278
22.44 9280
22.45 9281
22.46 9282
22.47 9287
22.49 9290
22.50 9291
22.51 9291
22.52 9294
22.53 9298
22.54 9302
22.55 9303
22.56 9305
22.57 9309
22.58 9310
22.59 9313
22.60 9314
22.61 9317
22.62 9318
22.63 9327
22.64 9330
22.65 9331
22.67 9331
22.68 9333
22.69 9341
22.70 9343
22.71 9348
22.72 9349
22.73 9350
22.74 9353
22.75 9355
22.76 9361
22.77 9368
22.78 9372
22.79 9377
22.80 9382
22.81 9387
22.82 9393
22.83 9399
22.85 9409
22.86 9417
22.87 9421
22.88 9425
22.89 9427
22.90 9429
22.91 9437
22.92 9442
22.93 9444
22.94 9450
22.95 9456
22.96 9460
22.97 9463
22.98 9470
22.99 9472
23.00 9474
23.01 9478
23.02 9482
23.04 9486
23.05 9488
23.06 9492
23.07 9496
23.08 9499
23.09 9500
23.10 9509
23.11 9511
23.12 9516
23.13 9520
23.14 9527
23.15 9530
23.16 9537
23.17 9542
23.18 9545
23.19 9546
23.20 9549
23.22 9554
23.23 9558
23.24 9563
23.25 9567
23.26 9574
23.27 9580
23.28 9582
23.29 9589
23.30 9593
23.31 9596
23.32 9599
23.33 9604
23.34 9607
23.35 9609
23.36 9614
23.37 9621
23.38 9627
23.40 9633
23.41 9640
23.42 9644
23.43 9650
23.44 9657
23.45 9663
23.46 9667
23.47 9674
23.48 9679
23.49 9684
23.50 9686
23.51 9692
23.52 9695
23.53 9697
23.54 9703
23.55 9710
23.56 9714
23.58 9721
23.59 9730
23.60 9734
23.61 9737
23.62 9743
23.63 9745
23.64 9749
23.65 9752
23.66 9754
23.67 9757
23.68 9759
23.69 9760
23.70 9763
23.71 9764
23.72 9769
23.73 9773
23.74 9777
23.76 9779
23.77 9782
23.78 9783
23.79 9790
23.80 9794
23.81 9797
23.82 9799
23.83 9804
23.84 9813
23.85 9817
23.86 9823
23.87 9827
23.88 9832
23.89 9839
23.90 9843
23.91 9846
23.92 9848
23.93 9849
23.95 9851
23.96 9853
23.97 9854
23.98 9856
23.99 9858
24.00 9858
24.01 9862
24.02 9865
24.03 9866
24.04 9868
24.05 9870
24.06 9870
24.07 9871
24.08 9873
24.09 9878
24.10 9881
24.11 9884
24.13 9886
24.14 9888
24.15 9892
24.16 9897
24.17 9902
24.18 9909
24.19 9914
24.20 9923
24.21 9931
24.22 9934
24.23 9934
24.24 9935
24.25 9938
24.26 9940
24.27 9940
24.28 9942
24.29 9945
24.31 9948
24.32 9948
24.33 9953
24.34 9954
24.35 9956
24.36 9956
24.37 9959
24.38 9961
24.39 9961
24.40 9962
24.41 9963
24.42 9963
24.43 9965
24.44 9966
24.45 9966
24.46 9967
24.47 9967
24.49 9968
24.50 9968
24.51 9969
24.52 9970
24.53 9970
24.54 9970
24.55 9970
24.56 9970
24.57 9971
24.58 9971
24.59 9971
24.60 9972
24.61 9973
24.62 9974
24.63 9974
24.64 9976
24.65 9978
24.67 9980
24.68 9980
24.69 9985
24.70 9987
24.71 9988
24.72 9988
24.73 9990
24.74 9990
24.75 9991
24.76 9992
24.77 9992
24.78 9992
24.79 9994
24.80 9995
24.81 9995
24.82 9996
24.83 9997
24.84 10001
24.86 10001
24.87 10002
24.88 10006
24.89 10008
24.90 10008
24.91 10010
24.92 10010
24.93 10011
24.94 10012
24.95 10012
24.96 10012
24.97 10013
24.98 10014
24.99 10014
25.00 10015
25.01 10017
25.02 10019
25.04 10019
25.05 10020
25.06 10020
25.07 10021
25.08 10021
25.09 10023
25.10 10024
25.11 10024
25.12 10025
25.13 10025
25.14 10025
25.15 10028
25.16 10029
25.17 10029
25.18 10029
25.19 10030
25.20 10033
25.22 10034
25.23 10034
25.24 10035
25.25 10035
25.26 10035
25.27 10035
25.28 10037
25.29 10038
25.30 10038
25.31 10038
25.32 10038
25.33 10038
25.34 10038
25.35 10040
25.36 10041
25.37 10041
25.38 10043
25.40 10043
25.41 10046
25.42 10046
25.43 10046
25.44 10046
25.45 10046
25.46 10046
25.47 10047
25.48 10057
25.49 10057
25.50 10057
25.51 10058
25.52 10058
25.53 10058
25.54 10062
25.55 10063
25.56 10063
25.58 10063
25.59 10064
25.60 10065
25.61 10066
25.62 10066
25.63 10066
25.64 10066
25.65 10066
25.66 10066
25.67 10069
25.68 10071
25.69 10071
25.70 10071
25.71 10071
25.72 10071
25.73 10071
25.74 10076
25.75 10077
25.77 10077
25.78 10078
25.79 10078
25.80 10079
25.81 10079
25.82 10080
25.83 10080
25.84 10080
25.85 10080
25.86 10080
25.87 10080
25.88 10082
25.89 10082
25.90 10082
25.91 10087
25.92 10088
25.93 10088
25.95 10088
25.96 10088
25.97 10091
25.98 10091
25.99 10091
26.00 10092
26.01 10092
26.02 10092
26.03 10092
26.04 10092
26.05 10092
26.06 10092
26.07 10093
26.08 10093
26.09 10094
26.10 10098
26.11 10100
26.13 10100
26.14 10100
26.15 10101
26.16 10101
26.17 10101
26.18 10101
26.19 10101
26.20 10101
26.21 10101
26.22 10101
26.23 10101
26.24 10102
26.25 10102
26.26 10102
26.27 10104
26.28 10104
26.29 10107
26.31 10109
26.32 10111
26.33 10113
26.34 10113
26.35 10119
26.36 10121
26.37 10124
26.38 10125
26.39 10131
26.40 10133
26.41 10133
26.42 10141
26.43 10147
26.44 10154
26.45 10160
26.46 10164
26.47 10170
26.49 10178
26.50 10185
26.51 10192
26.52 10198
26.53 10204
26.54 10209
26.55 10217
26.56 10225
26.57 10232
26.58 10241
26.59 10245
26.60 10251
26.61 10254
26.62 10259
26.63 10265
26.64 10272
26.65 10277
26.66 10282
26.68 10285
26.69 10289
26.70 10295
26.71 10303
26.72 10306
26.73 10313
26.74 10317
26.75 10323
26.76 10331
26.77 10336
26.78 10340
26.79 10346
26.80 10351
26.81 10354
26.82 10359
26.83 10369
26.84 10375
26.86 10379
26.87 10384
26.88 10386
26.89 10392
26.90 10394
26.91 10399
26.92 10404
26.93 10408
26.94 10413
26.95 10418
26.96 10423
26.97 10429
26.98 10434
26.99 10437
27.00 10441
27.01 10446
27.02 10450
27.04 10457
27.05 10463
27.06 10468
27.07 10474
27.08 10480
27.09 10485
27.10 10490
27.11 10494
27.12 10499
27.13 10504
27.14 10508
27.15 10510
27.16 10515
27.17 10521
27.18 10526
27.19 10531
27.20 10537
27.22 10542
27.23 10546
27.24 10551
27.25 10556
27.26 10562
27.27 10566
27.28 10573
27.29 10578
27.30 10583
27.31 10587
27.32 10591
27.33 10597
27.34 10603
27.35 10608
27.36 10611
27.37 10619
27.38 10623
27.40 10626
27.41 10630
27.42 10632
27.43 10635
27.44 10636
27.45 10638
27.46 10643
27.47 10647
27.48 10652
27.49 10656
27.50 10659
27.51 10662
27.52 10668
27.53 10670
27.54 10672
27.55 10676
27.56 10679
27.57 10684
27.59 10689
27.60 10695
27.61 10703
27.62 10707
27.63 10711
27.64 10714
27.65 10717
27.66 10720
27.67 10725
27.68 10731
27.69 10737
27.70 10738
27.71 10744
27.72 10750
27.73 10754
27.74 10758
27.75 10762
27.77 10766
27.78 10772
27.79 10778
27.80 10783
27.81 10788
27.82 10791
27.83 10793
27.84 10795
27.85 10797
27.86 10798
27.87 10805
27.88 10808
27.89 10813
27.90 10815
27.91 10820
27.92 10825
27.93 10828
27.95 10833
27.96 10837
27.97 10841
27.98 10845
27.99 10847
28.00 10849
28.01 10857
28.02 10865
28.03 10870
28.04 10873
28.05 10879
28.06 10882
28.07 10887
28.08 10890
28.09 10895
28.10 10902
28.11 10908
28.13 10913
28.14 10917
28.15 10923
28.16 10926
28.17 10931
28.18 10935
28.19 10941
28.20 10946
28.21 10952
28.22 10957
28.23 10961
28.24 10969
28.25 10973
28.26 10976
28.27 10979
28.28 10982
28.29 10985
28.31 10989
28.32 10993
28.33 10997
28.34 10999
28.35 11004
28.36 11007
28.37 11011
28.38 11014
28.39 11018
28.40 11020
28.41 11021
28.42 11023
28.43 11025
28.44 11028
28.45 11033
28.46 11035
28.47 11042
28.48 11047
28.50 11050
28.51 11055
28.52 11058
28.53 11060
28.54 11067
28.55 11071
28.56 11076
28.57 11080
28.58 11084
28.59 11087
28.60 11092
28.61 11099
28.62 11104
28.63 11108
28.64 11111
28.65 11115
28.66 11118
28.68 11120
28.69 11123
28.70 11129
28.71 11132
28.72 11139
28.73 11147
28.74 11153
28.75 11161
28.76 11167
28.77 11172
28.78 11176
28.79 11182
28.80 11189
28.81 11196
28.82 11201
28.83 11204
28.84 11209
28.86 11215
28.87 11219
28.88 11222
28.89 11225
28.90 11232
28.91 11237
28.92 11242
28.93 11250
28.94 11256
28.95 11263
28.96 11268
28.97 11274
28.98 11278
28.99 11283
29.00 11286
29.01 11292
29.02 11297
29.04 11300
29.05 11308
29.06 11312
29.07 11317
29.08 11322
29.09 11328
29.10 11330
29.11 11334
29.12 11340
29.13 11342
29.14 11346
29.15 11352
29.16 11358
29.17 11363
29.18 11369
29.19 11373
29.20 11376
29.21 11381
29.23 11390
29.24 11396
29.25 11402
29.26 11408
29.27 11414
29.28 11419
29.29 11422
29.30 11430
29.31 11434
29.32 11438
29.33 11442
29.34 11447
29.35 11453
29.36 11459
29.37 11465
29.38 11468
29.39 11472
29.41 11475
29.42 11479
29.43 11482
29.44 11488
29.45 11493
29.46 11499
29.47 11503
29.48 11506
29.49 11513
29.50 11519
29.51 11523
29.52 11528
29.53 11535
29.54 11541
29.55 11546
29.56 11548
29.57 11555
29.59 11559
29.60 11566
29.61 11569
29.62 11577
29.63 11580
29.64 11586
29.65 11592
29.66 11598
29.67 11605
29.68 11611
29.69 11618
29.70 11624
29.71 11628
29.72 11634
29.73 11639
29.74 11646
29.75 11652
29.77 11659
29.78 11666
29.79 11669
29.80 11675
29.81 11679
29.82 11682
29.83 11688
29.84 11694
29.85 11698
29.86 11703
29.87 11705
29.88 11710
29.89 11714
29.90 11722
29.91 11724
29.92 11730
29.93 11734
29.95 11739
29.96 11744
29.97 11747
29.98 11751
29.99 11756
30.00 11761
30.01 11765
30.02 11769
30.03 11775
30.04 11779
30.05 11782
30.06 11786
30.07 11790
30.08 11796
30.09 11803
30.10 11809
30.11 11813
30.12 11819
30.14 11827
30.15 11830
30.16 11834
30.17 11840
30.18 11846
30.19 11851
30.20 11855
30.21 11859
30.22 11867
30.23 11871
30.24 11876
30.25 11880
30.26 11888
30.27 11892
30.28 11897
30.29 11902
30.30 11909
30.32 11913
30.33 11917
30.34 11921
30.35 11927
30.36 11932
30.37 11938
30.38 11942
30.39 11946
30.40 11952
30.41 11960
30.42 11965
30.43 11971
30.44 11975
30.45 11981
30.46 11987
30.47 11992
30.48 11996
30.50 11999
30.51 12007
30.52 12011
30.53 12015
30.54 12020
30.55 12025
30.56 12031
30.57 12037
30.58 12043
30.59 12050
30.60 12056
30.61 12061
30.62 12063
30.63 12069
30.64 12074
30.65 12079
30.66 12084
30.68 12088
30.69 12094
30.70 12100
30.71 12105
30.72 12110
30.73 12114
30.74 12118
30.75 12122
30.76 12128
30.77 12134
30.78 12140
30.79 12145
30.80 12152
30.81 12157
30.82 12159
30.83 12168
30.84 12172
30.86 12175
30.87 12180
30.88 12187
30.89 12192
30.90 12196
30.91 12201
30.92 12205
30.93 12209
30.94 12215
30.95 12218
30.96 12224
30.97 12228
30.98 12232
30.99 12238
31.00 12242
31.01 12244
31.02 12247
31.03 12251
31.05 12255
31.06 12257
31.07 12261
31.08 12266
31.09 12271
31.10 12279
31.11 12283
31.12 12286
31.13 12292
31.14 12296
31.15 12303
31.16 12308
31.17 12314
31.18 12317
31.19 12322
31.20 12327
31.21 12334
31.23 12338
31.24 12342
31.25 12345
31.26 12349
31.27 12352
31.28 12356
31.29 12361
31.30 12365
31.31 12370
31.32 12375
31.33 12381
31.34 12387
31.35 12392
31.36 12395
31.37 12397
31.38 12401
31.39 12406
31.41 12409
31.42 12415
31.43 12419
31.44 12420
31.45 12426
31.46 12432
31.47 12438
31.48 12444
31.49 12448
31.50 12452
31.51 12458
31.52 12462
31.53 12466
31.54 12473
31.55 12479
31.56 12486
31.57 12493
31.59 12498
31.60 12504
31.61 12509
31.62 12516
31.63 12521
31.64 12525
31.65 12529
31.66 12536
31.67 12541
31.68 12548
31.69 12556
31.70 12561
31.71 12566
31.72 12571
31.73 12575
31.74 12578
31.75 12583
31.77 12585
31.78 12593
31.79 12598
31.80 12604
31.81 12609
31.82 12615
31.83 12620
31.84 12625
31.85 12631
31.86 12635
31.87 12640
31.88 12645
31.89 12648
31.90 12652
31.91 12656
31.92 12660
31.93 12665
31.94 12669
31.96 12675
31.97 12680
31.98 12683
31.99 12688
32.00 12692
32.01 12695
32.02 12703
32.03 12710
32.04 12715
32.05 12721
32.06 12727
32.07 12731
32.08 12735
32.09 12739
32.10 12743
32.11 12747
32.12 12754
32.14 12760
32.15 12766
32.16 12770
32.17 12776
32.18 12780
32.19 12783
32.20 12788
32.21 12791
32.22 12797
32.23 12801
32.24 12804
32.25 12808
32.26 12813
32.27 12818
32.28 12824
32.29 12829
32.30 12835
32.32 12840
32.33 12844
32.34 12848
32.35 12852
32.36 12856
32.37 12861
32.38 12866
32.39 12872
32.40 12877
32.41 12882
32.42 12886
32.43 12892
32.44 12897
32.45 12902
32.46 12906
32.47 12910
32.48 12914
32.50 12919
32.51 12921
32.52 12924
32.53 12927
32.54 12930
32.55 12933
32.56 12941
32.57 12946
32.58 12949
32.59 12954
32.60 12960
32.61 12963
32.62 12968
32.63 12972
32.64 12976
32.65 12979
32.66 12985
32.68 12989
32.69 12993
32.70 12997
32.71 13001
32.72 13007
32.73 13011
32.74 13016
32.75 13021
32.76 13027
32.77 13032
32.78 13036
32.79 13041
32.80 13047
32.81 13054
32.82 13059
32.83 13065
32.84 13072
32.85 13078
32.87 13081
32.88 13086
32.89 13091
32.90 13095
32.91 13100
32.92 13100
32.93 13101
32.94 13106
32.95 13113
32.96 13117
32.97 13120
32.98 13124
32.99 13131
33.00 13137
33.01 13140
33.02 13144
33.03 13151
33.05 13156
33.06 13162
33.07 13166
33.08 13172
33.09 13177
33.10 13184
33.11 13190
33.12 13194
33.13 13199
33.14 13204
33.15 13208
33.16 13212
33.17 13217
33.18 13218
33.19 13222
33.20 13226
33.21 13232
33.23 13237
33.24 13242
33.25 13248
33.26 13253
33.27 13256
33.28 13261
33.29 13266
33.30 13270
33.31 13274
33.32 13281
33.33 13285
33.34 13290
33.35 13293
33.36 13295
33.37 13296
33.38 13303
33.39 13307
33.41 13314
33.42 13320
33.43 13328
33.44 13332
33.45 13338
33.46 13343
33.47 13349
33.48 13354
33.49 13360
33.50 13366
33.51 13368
33.52 13372
33.53 13376
33.54 13380
33.55 13383
33.56 13386
33.57 13394
33.59 13401
33.60 13404
33.61 13410
33.62 13411
33.63 13415
33.64 13419
33.65 13423
33.66 13429
33.67 13434
33.68 13439
33.69 13442
33.70 13446
33.71 13452
33.72 13457
33.73 13463
33.74 13464
33.75 13468
33.76 13472
33.78 13478
33.79 13484
33.80 13489
33.81 13494
33.82 13500
33.83 13503
33.84 13508
33.85 13514
33.86 13518
33.87 13524
33.88 13532
33.89 13537
33.90 13541
33.91 13545
33.92 13549
33.93 13550
33.94 13551
33.96 13555
33.97 13560
33.98 13564
33.99 13569
34.00 13574
34.01 13577
34.02 13583
34.03 13588
34.04 13593
34.05 13598
34.06 13602
34.07 13609
34.08 13614
34.09 13621
34.10 13625
34.11 13629
34.12 13635
34.14 13639
34.15 13642
34.16 13646
34.17 13649
34.18 13654
34.19 13659
34.20 13663
34.21 13668
34.22 13674
34.23 13678
34.24 13680
34.25 13683
34.26 13687
34.27 13691
34.28 13696
34.29 13701
34.30 13705
34.32 13708
34.33 13713
34.34 13719
34.35 13724
34.36 13730
34.37 13736
34.38 13740
34.39 13743
34.40 13745
34.41 13750
34.42 13754
34.43 13757
34.44 13759
34.45 13759
34.46 13763
34.47 13768
34.48 13770
34.50 13772
34.51 13778
34.52 13785
34.53 13788
34.54 13788
34.55 13788
34.56 13788
34.57 13788
34.58 13788
34.59 13795
34.60 13801
34.61 13803
34.62 13810
34.63 13813
34.64 13817
34.65 13822
34.66 13826
34.67 13829
34.69 13833
34.70 13838
34.71 13841
34.72 13846
34.73 13848
34.74 13852
34.75 13855
34.76 13860
34.77 13863
34.78 13868
34.79 13872
34.80 13875
34.81 13878
34.82 13883
34.83 13888
34.84 13894
34.85 13900
34.87 13904
34.88 13912
34.89 13918
34.90 13923
34.91 13928
34.92 13932
34.93 13938
34.94 13940
34.95 13943
34.96 13948
34.97 13952
34.98 13956
34.99 13960
35.00 13964
35.01 13967
35.02 13969
35.03 13976
35.05 13980
35.06 13983
35.07 13984
35.08 13988
35.09 13992
35.10 13997
35.11 13999
35.12 13999
35.13 14002
35.14 14007
35.15 14013
35.16 14017
35.17 14023
35.18 14028
35.19 14031
35.20 14038
35.21 14044
35.23 14050
35.24 14055
35.25 14059
35.26 14064
35.27 14068
35.28 14074
35.29 14080
35.30 14084
35.31 14087
35.32 14091
35.33 14093
35.34 14099
35.35 14105
35.36 14108
35.37 14111
35.38 14115
35.39 14120
35.41 14123
35.42 14128
35.43 14130
35.44 14134
35.45 14139
35.46 14143
35.47 14148
35.48 14151
35.49 14155
35.50 14158
35.51 14166
35.52 14169
35.53 14172
35.54 14176
35.55 14180
35.56 14188
35.57 14193
35.58 14200
35.60 14204
35.61 14209
35.62 14215
35.63 14218
35.64 14221
35.65 14227
35.66 14232
35.67 14236
35.68 14243
35.69 14247
35.70 14251
35.71 14253
35.72 14257
35.73 14264
35.74 14269
35.75 14271
35.76 14277
35.78 14281
35.79 14287
35.80 14293
35.81 14297
35.82 14303
35.83 14308
35.84 14311
35.85 14318
35.86 14323
35.87 14329
35.88 14335
35.89 14339
35.90 14344
35.91 14349
35.92 14352
35.93 14357
35.94 14363
35.96 14367
35.97 14374
35.98 14378
35.99 14386
36.00 14390
36.01 14393
36.02 14396
36.03 14401
36.04 14406
36.05 14411
36.06 14417
36.07 14421
36.08 14426
36.09 14429
36.10 14434
36.11 14440
36.12 14445
36.14 14450
36.15 14455
36.16 14461
36.17 14468
36.18 14474
36.19 14479
36.20 14485
36.21 14491
36.22 14496
36.23 14499
36.24 14503
36.25 14507
36.26 14510
36.27 14514
36.28 14520
36.29 14526
36.30 14533
36.32 14538
36.33 14541
36.34 14547
36.35 14551
36.36 14556
36.37 14561
36.38 14562
36.39 14568
36.40 14573
36.41 14576
36.42 14581
36.43 14586
36.44 14592
36.45 14598
36.46 14602
36.47 14606
36.48 14612
36.49 14616
36.51 14622
36.52 14627
36.53 14629
36.54 14631
36.55 14636
36.56 14639
36.57 14642
36.58 14646
36.59 14650
36.60 14655
36.61 14662
36.62 14664
36.63 14670
36.64 14675
36.65 14678
36.66 14680
36.67 14682
36.69 14686
36.70 14690
36.71 14692
36.72 14700
36.73 14703
36.74 14707
36.75 14715
36.76 14718
36.77 14721
36.78 14726
36.79 14729
36.80 14734
36.81 14738
36.82 14744
36.83 14748
36.84 14752
36.85 14753
36.87 14760
36.88 14767
36.89 14769
36.90 14774
36.91 14777
36.92 14784
36.93 14791
36.94 14802
36.95 14805
36.96 14808
36.97 14813
36.98 14816
36.99 14820
37.00 14825
37.01 14829
37.02 14833
37.03 14837
37.05 14843
37.06 14847
37.07 14853
37.08 14858
37.09 14863
37.10 14866
37.11 14871
37.12 14876
37.13 14882
37.14 14887
37.15 14891
37.16 14893
37.17 14897
37.18 14902
37.19 14907
37.20 14910
37.21 14913
37.23 14918
37.24 14922
37.25 14926
37.26 14931
37.27 14935
37.28 14939
37.29 14943
37.30 14944
37.31 14948
37.32 14952
37.33 14959
37.34 14962
37.35 14966
37.36 14970
37.37 14973
37.38 14976
37.39 14981
37.40 14985
37.42 14990
37.43 14994
37.44 14996
37.45 15000
37.46 15004
37.47 15009
37.48 15015
37.49 15018
37.50 15021
37.51 15024
37.52 15028
37.53 15034
37.54 15041
37.55 15048
37.56 15054
37.57 15057
37.58 15064
37.60 15068
37.61 15074
37.62 15080
37.63 15086
37.64 15090
37.65 15095
37.66 15099
37.67 15104
37.68 15106
37.69 15111
37.70 15117
37.71 15122
37.72 15127
37.73 15130
37.74 15136
37.75 15141
37.76 15144
37.78 15148
37.79 15153
37.80 15157
37.81 15159
37.82 15163
37.83 15172
37.84 15180
37.85 15185
37.86 15192
37.87 15196
37.88 15199
37.89 15205
37.90 15208
37.91 15209
37.92 15215
37.93 15219
37.94 15222
37.96 15226
37.97 15233
37.98 15238
37.99 15244
38.00 15251
38.01 15255
38.02 15259
38.03 15263
38.04 15267
38.05 15271
38.06 15275
38.07 15280
38.08 15285
38.09 15292
38.10 15298
38.11 15300
38.12 15307
38.14 15312
38.15 15318
38.16 15323
38.17 15328
38.18 15334
38.19 15338
38.20 15342
38.21 15348
38.22 15355
38.23 15359
38.24 15363
38.25 15365
38.26 15367
38.27 15370
38.28 15373
38.29 15376
38.30 15381
38.31 15385
38.33 15389
38.34 15394
38.35 15398
38.36 15401
38.37 15403
38.38 15407
38.39 15414
38.40 15418
38.41 15423
38.42 15428
38.43 15432
38.44 15434
38.45 15442
38.46 15448
38.47 15453
38.48 15459
38.49 15461
38.51 15462
38.52 15466
38.53 15473
38.54 15478
38.55 15483
38.56 15488
38.57 15489
38.58 15493
38.59 15495
38.60 15498
38.61 15499
38.62 15502
38.63 15503
38.64 15511
38.65 15513
38.66 15515
38.67 15518
38.69 15523
38.70 15525
38.71 15526
38.72 15532
38.73 15539
38.74 15542
38.75 15546
38.76 15551
38.77 15556
38.78 15562
38.79 15570
38.80 15574
38.81 15580
38.82 15584
38.83 15590
38.84 15595
38.85 15599
38.87 15603
38.88 15607
38.89 15610
38.90 15614
38.91 15618
38.92 15621
38.93 15624
38.94 15631
38.95 15635
38.96 15641
38.97 15643
38.98 15646
38.99 15652
39.00 15656
39.01 15662
39.02 15669
39.03 15674
39.05 15677
39.06 15681
39.07 15686
39.08 15688
39.09 15691
39.10 15692
39.11 15698
39.12 15700
39.13 15700
39.14 15702
39.15 15707
39.16 15712
39.17 15719
39.18 15724
39.19 15730
39.20 15734
39.21 15739
39.22 15745
39.24 15749
39.25 15757
39.26 15760
39.27 15764
39.28 15769
39.29 15773
39.30 15777
39.31 15782
39.32 15787
39.33 15792
39.34 15796
39.35 15799
39.36 15800
39.37 15801
39.38 15802
39.39 15804
39.40 15809
39.42 15815
39.43 15819
39.44 15823
39.45 15828
39.46 15833
39.47 15838
39.48 15841
39.49 15844
39.50 15845
39.51 15848
39.52 15853
39.53 15858
39.54 15862
39.55 15867
39.56 15869
39.57 15873
39.58 15878
39.60 15880
39.61 15883
39.62 15887
39.63 15891
39.64 15894
39.65 15897
39.66 15902
39.67 15906
39.68 15910
39.69 15913
39.70 15915
39.71 15919
39.72 15922
39.73 15926
39.74 15928
39.75 15932
39.76 15937
39.78 15939
39.79 15941
39.80 15945
39.81 15946
39.82 15949
39.83 15952
39.84 15954
39.85 15955
39.86 15958
39.87 15966
39.88 15971
39.89 15979
39.90 15985
39.91 15986
39.92 15987
39.93 15989
39.94 15990
39.96 15997
39.97 16004
39.98 16007
39.99 16011
40.00 16016
40.01 16020
40.02 16023
40.03 16024
40.04 16027
40.05 16029
40.06 16031
40.07 16037
40.08 16041
40.09 16042
40.10 16046
40.11 16050
40.12 16052
40.13 16056
40.15 16059
40.16 16062
40.17 16066
40.18 16072
40.19 16078
40.20 16082
40.21 16087
40.22 16092
40.23 16099
40.24 16101
40.25 16107
40.26 16113
40.27 16119
40.28 16126
40.29 16130
40.30 16131
40.31 16135
40.33 16138
40.34 16142
40.35 16144
40.36 16145
40.37 16146
40.38 16151
40.39 16158
40.40 16163
40.41 16168
40.42 16173
40.43 16181
40.44 16186
40.45 16186
40.46 16186
40.47 16188
40.48 16192
40.49 16196
40.51 16200
40.52 16207
40.53 16216
40.54 16219
40.55 16219
40.56 16224
40.57 16229
40.58 16235
40.59 16241
40.60 16245
40.61 16248
40.62 16250
40.63 16256
40.64 16259
40.65 16261
40.66 16264
40.67 16268
40.69 16270
40.70 16272
40.71 16274
40.72 16276
40.73 16283
40.74 16284
40.75 16289
40.76 16293
40.77 16298
40.78 16303
40.79 16307
40.80 16311
40.81 16313
40.82 16318
40.83 16325
40.84 16331
40.85 16340
40.87 16347
40.88 16355
40.89 16362
40.90 16363
40.91 16368
40.92 16373
40.93 16379
40.94 16383
40.95 16386
40.96 16388
40.97 16392
40.98 16394
40.99 16398
41.00 16402
41.01 16402
41.02 16402
41.03 16402
41.04 16405
41.06 16409
41.07 16414
41.08 16418
41.09 16425
41.10 16432
41.11 16438
41.12 16443
41.13 16445
41.14 16445
41.15 16445
41.16 16449
41.17 16450
41.18 16457
41.19 16463
41.20 16467
41.21 16470
41.22 16473
41.24 16477
41.25 16481
41.26 16484
41.27 16487
41.28 16489
41.29 16495
41.30 16501
41.31 16506
41.32 16509
41.33 16510
41.34 16512
41.35 16515
41.36 16517
41.37 16518
41.38 16522
41.39 16524
41.40 16526
41.42 16527
41.43 16532
41.44 16535
41.45 16541
41.46 16546
41.47 16547
41.48 16547
41.49 16548
41.50 16553
41.51 16553
41.52 16553
41.53 16554
41.54 16554
41.55 16555
41.56 16559
41.57 16564
41.58 16567
41.60 16570
41.61 16571
41.62 16573
41.63 16579
41.64 16582
41.65 16582
41.66 16589
41.67 16594
41.68 16595
41.69 16598
41.70 16598
41.71 16599
41.72 16599
41.73 16603
41.74 16606
41.75 16608
41.76 16615
41.78 16618
41.79 16618
41.80 16619
41.81 16619
41.82 16622
41.83 16623
41.84 16627
41.85 16630
41.86 16630
41.87 16631
41.88 16631
41.89 16633
41.90 16635
41.91 16636
41.92 16640
41.93 16640
41.94 16640
41.95 16641
41.97 16644
41.98 16644
41.99 16649
42.00 16657
42.01 16657
42.02 16657
42.03 16658
42.04 16659
42.05 16660
42.06 16665
42.07 16672
42.08 16674
42.09 16674
42.10 16674
42.11 16674
42.12 16678
42.13 16679
42.15 16679
42.16 16681
42.17 16683
42.18 16684
42.19 16686
42.20 16692
42.21 16700
42.22 16703
42.23 16706
42.24 16711
42.25 16713
42.26 16716
42.27 16722
42.28 16724
42.29 16730
42.30 16736
42.31 16743
42.33 16746
42.34 16753
42.35 16757
42.36 16763
42.37 16767
42.38 16775
42.39 16781
42.40 16784
42.41 16788
42.42 16794
42.43 16797
42.44 16805
42.45 16811
42.46 16814
42.47 16822
42.48 16826
42.49 16830
42.51 16835
42.52 16838
42.53 16843
42.54 16848
42.55 16851
42.56 16854
42.57 16857
42.58 16864
42.59 16870
42.60 16874
42.61 16879
42.62 16882
42.63 16886
42.64 16888
42.65 16890
42.66 16896
42.67 16900
42.69 16902
42.70 16906
42.71 16907
42.72 16914
42.73 16917
42.74 16922
42.75 16927
42.76 16928
42.77 16939
42.78 16944
42.79 16949
42.80 16954
42.81 16956
42.82 16959
42.83 16964
42.84 16967
42.85 16971
42.86 16975
42.88 16977
42.89 16983
42.90 16984
42.91 16990
42.92 16994
42.93 17000
42.94 17002
42.95 17008
42.96 17011
42.97 17012
42.98 17014
42.99 17017
43.00 17020
43.01 17027
43.02 17029
43.03 17033
43.04 17036
43.06 17039
43.07 17044
43.08 17047
43.09 17048
43.10 17055
43.11 17058
43.12 17064
43.13 17066
43.14 17068
43.15 17073
43.16 17076
43.17 17080
43.18 17087
43.19 17091
43.20 17096
43.21 17102
43.22 17107
43.24 17109
43.25 17110
43.26 17114
43.27 17119
43.28 17121
43.29 17123
43.30 17126
43.31 17132
43.32 17134
43.33 17138
43.34 17143
43.35 17145
43.36 17148
43.37 17153
43.38 17157
43.39 17163
43.40 17165
43.42 17168
43.43 17174
43.44 17177
43.45 17181
43.46 17183
43.47 17192
43.48 17197
43.49 17198
43.50 17200
43.51 17204
43.52 17205
43.53 17211
43.54 17218
43.55 17219
43.56 17227
43.57 17229
43.58 17233
43.60 17236
43.61 17238
43.62 17240
43.63 17244
43.64 17250
43.65 17255
43.66 17258
43.67 17261
43.68 17264
43.69 17268
43.70 17270
43.71 17276
43.72 17279
43.73 17280
43.74 17281
43.75 17282
43.76 17286
43.77 17289
43.79 17291
43.80 17294
43.81 17296
43.82 17298
43.83 17300
43.84 17307
43.85 17308
43.86 17314
43.87 17322
43.88 17323
43.89 17324
43.90 17329
43.91 17334
43.92 17337
43.93 17337
43.94 17339
43.95 17340
43.97 17345
43.98 17347
43.99 17349
44.00 17351
44.01 17354
44.02 17358
44.03 17358
44.04 17359
44.05 17359
44.06 17361
44.07 17363
44.08 17364
44.09 17364
44.10 17366
44.11 17367
44.12 17369
44.13 17369
44.15 17369
44.16 17369
44.17 17369
44.18 17369
44.19 17369
44.20 17371
44.21 17371
44.22 17371
44.23 17371
44.24 17371
44.25 17371
44.26 17372
44.27 17374
44.28 17374
44.29 17375
44.30 17376
44.31 17377
44.33 17377
44.34 17377
44.35 17377
44.36 17377
44.37 17377
44.38 17377
44.39 17378
44.40 17378
44.41 17378
44.42 17378
44.43 17378
44.44 17378
44.45 17379
44.46 17380
44.47 17380
44.48 17381
44.49 17381
44.50 17382
44.52 17383
44.53 17383
44.54 17383
44.55 17383
44.56 17383
44.57 17383
44.58 17384
44.59 17384
44.60 17384
44.61 17384
44.62 17384
44.63 17384
44.64 17388
44.65 17392
44.66 17393
44.67 17393
44.68 17394
44.70 17395
44.71 17398
44.72 17398
44.73 17401
44.74 17404
44.75 17405
44.76 17405
44.77 17406
44.78 17408
44.79 17409
44.80 17409
44.81 17410
44.82 17412
44.83 17413
44.84 17413
44.85 17414
44.86 17415
44.88 17415
44.89 17415
44.90 17415
44.91 17415
44.92 17415
44.93 17415
44.94 17415
44.95 17416
44.96 17417
44.97 17417
44.98 17417
44.99 17419
45.00 17420
45.01 17420
45.02 17420
45.03 17421
45.04 17422
45.06 17422
45.07 17422
45.08 17422
45.09 17422
45.10 17422
45.11 17422
45.12 17424
45.13 17424
45.14 17424
45.15 17424
45.16 17424
45.17 17424
45.18 17425
45.19 17426
45.20 17426
45.21 17426
45.22 17427
45.24 17428
45.25 17428
45.26 17428
45.27 17428
45.28 17428
45.29 17428
45.30 17428
45.31 17429
45.32 17429
45.33 17429
45.34 17429
45.35 17429
45.36 17429
45.37 17433
45.38 17435
45.39 17435
45.40 17435
45.41 17436
45.43 17436
45.44 17436
45.45 17436
45.46 17436
45.47 17436
45.48 17436
45.49 17436
45.50 17436
45.51 17439
45.52 17440
45.53 17440
45.54 17442
45.55 17442
45.56 17442
45.57 17446
45.58 17446
45.59 17450
45.61 17451
45.62 17451
45.63 17459
45.64 17459
45.65 17460
45.66 17463
45.67 17466
45.68 17471
45.69 17474
45.70 17480
45.71 17485
45.72 17492
45.73 17497
45.74 17501
45.75 17506
45.76 17509
45.77 17512
45.79 17521
45.80 17526
45.81 17530
45.82 17534
45.83 17537
45.84 17542
45.85 17550
45.86 17555
45.87 17560
45.88 17564
45.89 17566
45.90 17569
45.91 17572
45.92 17575
45.93 17579
45.94 17586
45.95 17595
45.97 17598
45.98 17602
45.99 17604
46.00 17609
46.01 17614
46.02 17619
46.03 17627
46.04 17631
46.05 17637
46.06 17641
46.07 17645
46.08 17651
46.09 17656
46.10 17659
46.11 17662
46.12 17669
46.13 17675
46.15 17681
46.16 17685
46.17 17690
46.18 17692
46.19 17698
46.20 17705
46.21 17708
46.22 17711
46.23 17715
46.24 17719
46.25 17723
46.26 17728
46.27 17732
46.28 17734
46.29 17739
46.30 17741
46.31 17746
46.32 17753
46.34 17760
46.35 17766
46.36 17770
46.37 17773
46.38 17777
46.39 17783
46.40 17787
46.41 17792
46.42 17797
46.43 17804
46.44 17808
46.45 17814
46.46 17821
46.47 17828
46.48 17834
46.49 17839
46.50 17844
46.52 17849
46.53 17853
46.54 17856
46.55 17860
46.56 17865
46.57 17870
46.58 17875
46.59 17880
46.60 17884
46.61 17888
46.62 17897
46.63 17903
46.64 17909
46.65 17914
46.66 17919
46.67 17923
46.68 17925
46.70 17926
46.71 17932
46.72 17935
46.73 17939
46.74 17944
46.75 17949
46.76 17954
46.77 17960
46.78 17964
46.79 17967
46.80 17970
46.81 17972
46.82 17977
46.83 17982
46.84 17989
46.85 17994
46.86 18001
46.88 18003
46.89 18009
46.90 18013
46.91 18017
46.92 18024
46.93 18030
46.94 18034
46.95 18038
46.96 18043
46.97 18049
46.98 18055
46.99 18059
47.00 18063
47.01 18069
47.02 18075
47.03 18080
47.04 18084
47.06 18087
47.07 18091
47.08 18096
47.09 18100
47.10 18105
47.11 18109
47.12 18112
47.13 18120
47.14 18124
47.15 18129
47.16 18131
47.17 18133
47.18 18139
47.19 18142
47.20 18149
47.21 18154
47.22 18157
47.23 18161
47.25 18165
47.26 18169
47.27 18173
47.28 18177
47.29 18180
47.30 18182
47.31 18189
47.32 18194
47.33 18198
47.34 18202
47.35 18207
47.36 18213
47.37 18217
47.38 18222
47.39 18225
47.40 18230
47.41 18238
47.43 18243
47.44 18246
47.45 18249
47.46 18254
47.47 18258
47.48 18264
47.49 18270
47.50 18276
47.51 18280
47.52 18286
47.53 18291
47.54 18295
47.55 18302
47.56 18307
47.57 18312
47.58 18317
47.59 18322
47.61 18329
47.62 18334
47.63 18342
47.64 18347
47.65 18351
47.66 18357
47.67 18364
47.68 18372
47.69 18383
47.70 18392
47.71 18401
47.72 18409
47.73 18415
47.74 18418
47.75 18420
47.76 18423
47.77 18429
47.79 18435
47.80 18442
47.81 18445
47.82 18451
47.83 18453
47.84 18458
47.85 18462
47.86 18469
47.87 18476
47.88 18480
47.89 18486
47.90 18490
47.91 18494
47.92 18495
47.93 18497
47.94 18501
47.95 18506
47.97 18509
47.98 18513
47.99 18519
48.00 18524
48.01 18529
48.02 18534
48.03 18538
48.04 18543
48.05 18547
48.06 18552
48.07 18553
48.08 18558
48.09 18563
48.10 18568
48.11 18571
48.12 18574
48.13 18579
48.14 18584
48.16 18590
48.17 18593
48.18 18600
48.19 18604
48.20 18609
48.21 18613
48.22 18616
48.23 18624
48.24 18629
48.25 18636
48.26 18640
48.27 18644
48.28 18650
48.29 18656
48.30 18663
48.31 18668
48.32 18674
48.34 18676
48.35 18679
48.36 18685
48.37 18692
48.38 18697
48.39 18702
48.40 18706
48.41 18710
48.42 18716
48.43 18723
48.44 18729
48.45 18733
48.46 18740
48.47 18749
48.48 18755
48.49 18759
48.50 18764
48.52 18769
48.53 18771
48.54 18777
48.55 18783
48.56 18788
48.57 18797
48.58 18804
48.59 18813
48.60 18817
48.61 18820
48.62 18821
48.63 18826
48.64 18830
48.65 18835
48.66 18836
48.67 18838
48.68 18840
48.70 18840
48.71 18841
48.72 18845
48.73 18847
48.74 18851
48.75 18855
48.76 18857
48.77 18860
48.78 18862
48.79 18863
48.80 18863
48.81 18864
48.82 18867
48.83 18868
48.84 18870
48.85 18873
48.86 18876
48.88 18880
48.89 18882
48.90 18883
48.91 18885
48.92 18887
48.93 18893
48.94 18898
48.95 18899
48.96 18902
48.97 18903
48.98 18904
48.99 18905
49.00 18907
49.01 18907
49.02 18908
49.03 18908
49.04 18908
49.05 18909
49.07 18910
49.08 18911
49.09 18911
49.10 18911
49.11 18911
49.12 18918
49.13 18919
49.14 18919
49.15 18919
49.16 18919
49.17 18921
49.18 18921
49.19 18921
49.20 18922
49.21 18922
49.22 18922
49.23 18922
49.25 18923
49.26 18924
49.27 18924
49.28 18924
49.29 18924
49.30 18924
49.31 18924
49.32 18931
49.33 18932
49.34 18932
49.35 18936
49.36 18936
49.37 18939
49.38 18940
49.39 18940
49.40 18943
49.41 18946
49.43 18946
49.44 18950
49.45 18951
49.46 18951
49.47 18954
49.48 18955
49.49 18955
49.50 18955
49.51 18958
49.52 18959
49.53 18959
49.54 18962
49.55 18963
49.56 18968
49.57 18968
49.58 18969
49.59 18972
49.61 18974
49.62 18975
49.63 18975
49.64 18980
49.65 18989
49.66 18990
49.67 18993
49.68 18996
49.69 19001
49.70 19001
49.71 19003
49.72 19008
49.73 19010
49.74 19012
49.75 19020
49.76 19026
49.77 19029
49.79 19032
49.80 19032
49.81 19038
49.82 19040
49.83 19043
49.84 19043
49.85 19044
49.86 19045
49.87 19049
49.88 19050
49.89 19053
49.90 19057
49.91 19060
49.92 19064
49.93 19065
49.94 19069
49.95 19075
49.96 19081
49.98 19083
49.99 19088
50.00 19091
50.01 19094
50.02 19100
50.03 19102
50.04 19104
50.05 19108
50.06 19111
50.07 19116
50.08 19121
50.09 19129
50.10 19132
50.11 19136
50.12 19141
50.13 19145
50.14 19152
50.16 19154
50.17 19159
50.18 19169
50.19 19174
50.20 19177
50.21 19180
50.22 19183
50.23 19187
50.24 19191
50.25 19194
50.26 19196
50.27 19200
50.28 19204
50.29 19209
50.30 19217
50.31 19221
50.32 19224
50.34 19228
50.35 19234
50.36 19240
50.37 19244
50.38 19247
50.39 19250
50.40 19253
50.41 19260
50.42 19263
50.43 19264
50.44 19270
50.45 19277
50.46 19282
50.47 19286
50.48 19291
50.49 19295
50.50 19298
50.52 19302
50.53 19307
50.54 19312
50.55 19319
50.56 19326
50.57 19335
50.58 19338
50.59 19343
50.60 19344
50.61 19349
50.62 19354
50.63 19360
50.64 19364
50.65 19369
50.66 19375
50.67 19379
50.68 19385
50.70 19390
50.71 19395
50.72 19400
50.73 19408
50.74 19413
50.75 19417
50.76 19420
50.77 19425
50.78 19430
50.79 19437
50.80 19442
50.81 19449
50.82 19453
50.83 19456
50.84 19460
50.85 19465
50.86 19467
50.87 19470
50.89 19474
50.90 19477
50.91 19482
50.92 19487
50.93 19489
50.94 19493
50.95 19495
50.96 19497
50.97 19506
50.98 19514
50.99 19518
51.00 19520
51.01 19525
51.02 19529
51.03 19536
51.04 19541
51.05 19544
51.07 19550
51.08 19552
51.09 19555
51.10 19558
51.11 19560
51.12 19564
51.13 19566
51.14 19570
51.15 19579
51.16 19585
51.17 19591
51.18 19597
51.19 19602
51.20 19610
51.21 19614
51.22 19615
51.23 19618
51.25 19623
51.26 19624
51.27 19626
51.28 19627
51.29 19632
51.30 19635
51.31 19643
51.32 19646
51.33 19650
51.34 19650
51.35 19654
51.36 19657
51.37 19658
51.38 19659
51.39 19662
51.40 19669
51.41 19672
51.43 19675
51.44 19680
51.45 19684
51.46 19686
51.47 19688
51.48 19691
51.49 19695
51.50 19697
51.51 19701
51.52 19704
51.53 19707
51.54 19712
51.55 19716
51.56 19718
51.57 19723
51.58 19728
51.59 19733
51.61 19736
51.62 19740
51.63 19743
51.64 19748
51.65 19751
51.66 19755
51.67 19757
51.68 19759
51.69 19763
51.70 19766
51.71 19768
51.72 19772
51.73 19775
51.74 19776
51.75 19781
51.76 19786
51.77 19791
51.78 19794
51.80 19797
51.81 19801
51.82 19805
51.83 19808
51.84 19811
51.85 19814
51.86 19818
51.87 19820
51.88 19825
51.89 19829
51.90 19835
51.91 19839
51.92 19842
51.93 19845
51.94 19852
51.95 19856
51.96 19860
51.98 19863
51.99 19869
52.00 19877
52.01 19884
52.02 19891
52.03 19894
52.04 19894
52.05 19896
52.06 19901
52.07 19903
52.08 19907
52.09 19911
52.10 19915
52.11 19920
52.12 19925
52.13 19931
52.14 19933
52.16 19935
52.17 19937
52.18 19940
52.19 19942
52.20 19947
52.21 19953
52.22 19955
52.23 19960
52.24 19962
52.25 19965
52.26 19968
52.27 19972
52.28 19973
52.29 19975
52.30 19977
52.31 19981
52.32 19983
52.34 19986
52.35 19988
52.36 19988
52.37 19990
52.38 19997
52.39 20001
52.40 20008
52.41 20015
52.42 20019
52.43 20025
52.44 20028
52.45 20033
52.46 20036
52.47 20039
52.48 20040
52.49 20042
52.50 20045
52.52 20048
52.53 20050
52.54 20051
52.55 20054
52.56 20058
52.57 20058
52.58 20062
52.59 20064
52.60 20067
52.61 20070
52.62 20070
52.63 20072
52.64 20079
52.65 20083
52.66 20089
52.67 20091
52.68 20095
52.69 20101
52.71 20105
52.72 20110
52.73 20115
52.74 20117
52.75 20117
52.76 20118
52.77 20123
52.78 20125
52.79 20128
52.80 20132
52.81 20134
52.82 20142
52.83 20146
52.84 20151
52.85 20155
52.86 20162
52.87 20169
52.89 20176
52.90 20181
52.91 20187
52.92 20194
52.93 20199
52.94 20203
52.95 20207
52.96 20213
52.97 20215
52.98 20218
52.99 20222
53.00 20227
53.01 20233
53.02 20236
53.03 20240
53.04 20244
53.05 20248
53.07 20250
53.08 20254
53.09 20259
53.10 20264
53.11 20269
53.12 20275
53.13 20281
53.14 20286
53.15 20289
53.16 20294
53.17 20295
53.18 20301
53.19 20305
53.20 20309
53.21 20317
53.22 20322
53.23 20325
53.25 20328
53.26 20335
53.27 20341
53.28 20343
53.29 20350
53.30 20352
53.31 20354
53.32 20358
53.33 20362
53.34 20364
53.35 20367
53.36 20368
53.37 20372
53.38 20374
53.39 20376
53.40 20376
53.41 20376
53.43 20376
53.44 20378
53.45 20385
53.46 20387
53.47 20389
53.48 20390
53.49 20392
53.50 20393
53.51 20400
53.52 20402
53.53 20403
53.54 20406
53.55 20409
53.56 20413
53.57 20416
53.58 20419
53.59 20424
53.60 20428
53.62 20432
53.63 20435
53.64 20436
53.65 20441
53.66 20443
53.67 20450
53.68 20455
53.69 20457
53.70 20465
53.71 20465
53.72 20469
53.73 20472
53.74 20477
53.75 20478
53.76 20483
53.77 20488
53.78 20494
53.80 20500
53.81 20503
53.82 20506
53.83 20510
53.84 20514
53.85 20520
53.86 20525
53.87 20528
53.88 20530
53.89 20530
53.90 20531
53.91 20533
53.92 20539
53.93 20542
53.94 20545
53.95 20548
53.96 20551
53.98 20553
53.99 20554
54.00 20555
54.01 20555
54.02 20555
54.03 20560
54.04 20561
54.05 20564
54.06 20564
54.07 20568
54.08 20570
54.09 20573
54.10 20577
54.11 20578
54.12 20579
54.13 20584
54.14 20585
54.16 20585
54.17 20587
54.18 20588
54.19 20589
54.20 20590
54.21 20590
54.22 20593
54.23 20593
54.24 20593
54.25 20596
54.26 20596
54.27 20597
54.28 20597
54.29 20599
54.30 20600
54.31 20606
54.32 20606
54.34 20606
54.35 20607
54.36 20607
54.37 20610
54.38 20616
54.39 20617
54.40 20617
54.41 20620
54.42 20623
54.43 20625
54.44 20625
54.45 20626
54.46 20627
54.47 20627
54.48 20627
54.49 20627
54.50 20627
54.51 20627
54.53 20627
54.54 20627
54.55 20627
54.56 20630
54.57 20630
54.58 20630
54.59 20634
54.60 20635
54.61 20635
54.62 20636
54.63 20636
54.64 20636
54.65 20636
54.66 20636
54.67 20636
54.68 20636
54.69 20636
54.71 20636
54.72 20636
54.73 20639
54.74 20639
54.75 20639
54.76 20643
54.77 20643
54.78 20643
54.79 20644
54.80 20644
54.81 20644
54.82 20644
54.83 20644
54.84 20644
54.85 20644
54.86 20644
54.87 20644
54.89 20644
54.90 20645
54.91 20645
54.92 20645
54.93 20651
54.94 20651
54.95 20651
54.96 20652
54.97 20652
54.98 20653
54.99 20653
55.00 20653
55.01 20653
55.02 20653
55.03 20653
55.04 20653
55.05 20655
55.07 20656
55.08 20656
55.09 20656
55.10 20656
55.11 20656
55.12 20658
55.13 20659
55.14 20659
55.15 20659
55.16 20660
55.17 20660
55.18 20660
55.19 20660
55.20 20660
55.21 20660
55.22 20660
55.23 20660
55.25 20660
55.26 20662
55.27 20662
55.28 20662
55.29 20665
55.30 20667
55.31 20667
55.32 20667
55.33 20668
55.34 20670
55.35 20672
55.36 20672
55.37 20674
55.38 20677
55.39 20677
55.40 20677
55.41 20681
55.42 20682
55.44 20682
55.45 20682
55.46 20682
55.47 20682
55.48 20686
55.49 20687
55.50 20687
55.51 20688
55.52 20689
55.53 20692
55.54 20692
55.55 20693
55.56 20693
55.57 20693
55.58 20693
55.59 20697
55.60 20697
55.62 20699
55.63 20699
55.64 20699
55.65 20702
55.66 20703
55.67 20703
55.68 20704
55.69 20704
55.70 20704
55.71 20704
55.72 20704
55.73 20704
55.74 20704
55.75 20704
55.76 20704
55.77 20704
55.78 20707
55.80 20707
55.81 20707
55.82 20710
55.83 20711
55.84 20711
55.85 20712
55.86 20712
55.87 20712
55.88 20712
55.89 20712
55.90 20712
55.91 20712
55.92 20712
55.93 20712
55.94 20712
55.95 20713
55.96 20713
55.98 20713
55.99 20718
56.00 20719
56.01 20719
56.02 20719
56.03 20719
56.04 20723
56.05 20723
56.06 20723
56.07 20724
56.08 20724
56.09 20724
56.10 20729
56.11 20736
56.12 20741
56.13 20746
56.14 20752
56.16 20758
56.17 20759
56.18 20759
56.19 20759
56.20 20759
56.21 20759
56.22 20764
56.23 20765
56.24 20765
56.25 20766
56.26 20766
56.27 20766
56.28 20766
56.29 20767
56.30 20767
56.31 20767
56.32 20767
56.33 20767
56.35 20767
56.36 20769
56.37 20769
56.38 20769
56.39 20772
56.40 20772
56.41 20772
56.42 20775
56.43 20776
56.44 20778
56.45 20778
56.46 20779
56.47 20779
56.48 20779
56.49 20779
56.50 20781
56.51 20781
56.53 20781
56.54 20783
56.55 20784
56.56 20784
56.57 20784
56.58 20786
56.59 20787
56.60 20787
56.61 20788
56.62 20788
56.63 20792
56.64 20792
56.65 20793
56.66 20797
56.67 20799
56.68 20799
56.69 20799
56.71 20801
56.72 20802
56.73 20802
56.74 20802
56.75 20802
56.76 20802
56.77 20802
56.78 20805
56.79 20806
56.80 20806
56.81 20806
56.82 20806
56.83 20810
56.84 20810
56.85 20810
56.86 20811
56.87 20811
56.89 20811
56.90 20811
56.91 20813
56.92 20813
56.93 20815
56.94 20815
56.95 20815
56.96 20815
56.97 20823
56.98 20824
56.99 20824
57.00 20824
57.01 20824
57.02 20826
57.03 20828
57.04 20828
57.05 20828
57.07 20828
57.08 20828
57.09 20828
57.10 20830
57.11 20830
57.12 20830
57.13 20830
57.14 20830
57.15 20830
57.16 20830
57.17 20832
57.18 20833
57.19 20833
57.20 20833
57.21 20833
57.22 20835
57.23 20836
57.24 20836
57.26 20836
57.27 20836
57.28 20836
57.29 20836
57.30 20839
57.31 20839
57.32 20839
57.33 20840
57.34 20840
57.35 20840
57.36 20842
57.37 20843
57.38 20843
57.39 20843
57.40 20843
57.41 20847
57.42 20847
57.44 20847
57.45 20848
57.46 20848
57.47 20848
57.48 20848
57.49 20848
57.50 20848
57.51 20848
57.52 20848
57.53 20848
57.54 20848
57.55 20848
57.56 20852
57.57 20854
57.58 20854
57.59 20858
57.60 20858
57.62 20861
57.63 20862
57.64 20862
57.65 20865
57.66 20868
57.67 20868
57.68 20868
57.69 20872
57.70 20875
57.71 20875
57.72 20875
57.73 20875
57.74 20875
57.75 20879
57.76 20880
57.77 20881
57.78 20881
57.80 20882
57.81 20882
57.82 20882
57.83 20882
57.84 20882
57.85 20882
57.86 20882
57.87 20883
57.88 20883
57.89 20883
57.90 20884
57.91 20884
57.92 20884
57.93 20887
57.94 20889
57.95 20889
57.96 20889
57.98 20890
57.99 20890
58.00 20890
58.01 20890
58.02 20890
58.03 20890
58.04 20890
58.05 20890
58.06 20890
58.07 20892
58.08 20892
58.09 20892
58.10 20897
58.11 20898
58.12 20898
58.13 20899
58.14 20899
58.15 20899
58.17 20899
58.18 20899
58.19 20899
58.20 20899
58.21 20899
58.22 20899
58.23 20899
58.24 20899
58.25 20899
58.26 20899
58.27 20903
58.28 20905
58.29 20906
58.30 20906
58.31 20907
58.32 20907
58.33 20907
58.35 20907
58.36 20907
58.37 20907
58.38 20907
58.39 20907
58.40 20907
58.41 20907
58.42 20910
58.43 20910
58.44 20910
58.45 20912
58.46 20913
58.47 20913
58.48 20917
58.49 20917
58.50 20920
58.51 20921
58.53 20921
58.54 20929
58.55 20929
58.56 20932
58.57 20932
58.58 20937
58.59 20944
58.60 20946
58.61 20946
58.62 20949
58.63 20951
58.64 20951
58.65 20953
58.66 20955
58.67 20955
58.68 20955
58.69 20956
58.71 20956
58.72 20956
58.73 20956
58.74 20956
58.75 20956
58.76 20956
58.77 20956
58.78 20956
58.79 20956
58.80 20957
58.81 20957
58.82 20958
58.83 20962
58.84 20964
58.85 20964
58.86 20964
58.87 20965
58.88 20968
58.90 20968
58.91 20969
58.92 20971
58.93 20974
58.94 20974
58.95 20976
58.96 20976
58.97 20977
58.98 20978
58.99 20978
59.00 20978
59.01 20982
59.02 20982
59.03 20982
59.04 20983
59.05 20983
59.06 20983
59.08 20983
59.09 20983
59.10 20983
59.11 20983
59.12 20983
59.13 20983
59.14 20983
59.15 20986
59.16 20986
59.17 20986
59.18 20990
59.19 20990
59.20 20990
59.21 20991
59.22 20991
59.23 20994
59.24 20995
59.26 20995
59.27 20996
59.28 20996
59.29 20996
59.30 20996
59.31 20997
59.32 20997
59.33 20997
59.34 20998
59.35 20998
59.36 20999
59.37 21002
59.38 21003
59.39 21003
59.40 21005
59.41 21006
59.42 21006
59.44 21006
59.45 21006
59.46 21006
59.47 21006
59.48 21006
59.49 21006
59.50 21006
59.51 21006
59.52 21006
59.53 21006
59.54 21010
59.55 21011
59.56 21011
59.57 21012
59.58 21012
59.59 21012
59.60 21012
59.62 21012
59.63 21012
59.64 21012
59.65 21012
59.66 21012
59.67 21012
59.68 21013
59.69 21013
59.70 21013
59.71 21017
59.72 21018
59.73 21018
59.74 21018
59.75 21019
59.76 21019
59.77 21019
59.78 21019
59.79 21019
59.81 21019
59.82 21019
59.83 21019
59.84 21019
59.85 21019
59.86 21019
59.87 21019
59.88 21020
59.89 21024
59.90 21024
59.91 21024
59.92 21025
59.93 21025
59.94 21025
59.95 21025
59.96 21025
59.97 21025
59.99 21025
60.00 21025
60.01 21025
60.02 21025
60.03 21027
60.04 21027
60.05 21027
60.06 21032
60.07 21032
60.08 21032
60.09 21033
60.10 21033
60.11 21036
60.12 21036
60.13 21036
60.14 21041
60.15 21043
60.17 21043
60.18 21046
60.19 21047
60.20 21047
60.21 21048
60.22 21048
60.23 21048
60.24 21054
60.25 21056
60.26 21056
60.27 21057
60.28 21060
60.29 21062
60.30 21064
60.31 21064
60.32 21068
60.33 21069
60.35 21071
60.36 21072
60.37 21073
60.38 21073
60.39 21074
60.40 21074
60.41 21074
60.42 21074
60.43 21085
60.44 21090
60.45 21091
60.46 21091
60.47 21094
60.48 21094
60.49 21098
60.50 21098
60.51 21098
60.53 21101
60.54 21103
60.55 21103
60.56 21103
60.57 21105
60.58 21105
60.59 21108
60.60 21108
60.61 21108
60.62 21111
60.63 21111
60.64 21112
60.65 21112
60.66 21113
60.67 21115
60.68 21116
60.69 21116
60.70 21121
60.72 21122
60.73 21124
60.74 21124
60.75 21125
60.76 21127
60.77 21127
60.78 21127
60.79 21127
60.80 21127
60.81 21131
60.82 21131
60.83 21131
60.84 21132
60.85 21132
60.86 21134
60.87 21135
60.88 21135
60.90 21135
60.91 21135
60.92 21135
60.93 21136
60.94 21137
60.95 21138
60.96 21138
60.97 21138
60.98 21138
60.99 21138
61.00 21143
61.01 21143
61.02 21144
61.03 21144
61.04 21144
61.05 21144
61.06 21144
61.08 21144
61.09 21144
61.10 21144
61.11 21144
61.12 21144
61.13 21144
61.14 21145
61.15 21146
61.16 21146
61.17 21146
61.18 21150
61.19 21150
61.20 21151
61.21 21154
61.22 21155
61.23 21158
61.24 21158
61.26 21161
61.27 21163
61.28 21166
61.29 21166
61.30 21167
61.31 21167
61.32 21168
61.33 21168
61.34 21168
61.35 21169
61.36 21173
61.37 21174
61.38 21174
61.39 21175
61.40 21175
61.41 21179
61.42 21179
61.44 21180
61.45 21182
61.46 21184
61.47 21184
61.48 21185
61.49 21185
61.50 21186
61.51 21189
61.52 21189
61.53 21189
61.54 21191
61.55 21192
61.56 21192
61.57 21195
61.58 21196
61.59 21199
61.60 21199
61.61 21199
61.63 21202
61.64 21205
61.65 21205
61.66 21205
61.67 21210
61.68 21217
61.69 21223
61.70 21224
61.71 21224
61.72 21227
61.73 21227
61.74 21227
61.75 21231
61.76 21231
61.77 21231
61.78 21231
61.79 21231
61.81 21233
61.82 21233
61.83 21233
61.84 21233
61.85 21233
61.86 21233
61.87 21233
61.88 21233
61.89 21233
61.90 21233
61.91 21233
61.92 21238
61.93 21238
61.94 21238
61.95 21238
61.96 21239
61.97 21239
61.99 21239
62.00 21239
62.01 21239
62.02 21239
62.03 21239
62.04 21239
62.05 21239
62.06 21239
62.07 21239
62.08 21239
62.09 21239
62.10 21243
62.11 21244
62.12 21244
62.13 21244
62.14 21244
62.15 21244
62.17 21244
62.18 21244
62.19 21244
62.20 21244
62.21 21244
62.22 21244
62.23 21244
62.24 21245
62.25 21245
62.26 21245
62.27 21248
62.28 21249
62.29 21249
62.30 21252
62.31 21252
62.32 21257
62.33 21257
62.35 21257
62.36 21260
62.37 21262
62.38 21262
62.39 21263
62.40 21265
62.41 21265
62.42 21265
62.43 21267
62.44 21267
62.45 21267
62.46 21267
62.47 21272
62.48 21272
62.49 21272
62.50 21273
62.51 21273
62.52 21273
62.54 21273
62.55 21273
62.56 21273
62.57 21273
62.58 21273
62.59 21273
62.60 21273
62.61 21274
62.62 21274
62.63 21274
62.64 21276
62.65 21277
62.66 21278
62.67 21278
62.68 21278
62.69 21278
62.70 21278
62.72 21278
62.73 21278
62.74 21278
62.75 21278
62.76 21278
62.77 21278
62.78 21278
62.79 21280
62.80 21280
62.81 21281
62.82 21281
62.83 21283
62.84 21283
62.85 21285
62.86 21285
62.87 21285
62.88 21285
62.90 21287
62.91 21290
62.92 21292
62.93 21292
62.94 21294
62.95 21294
62.96 21295
62.97 21298
62.98 21298
62.99 21298
63.00 21299
63.01 21300
63.02 21300
63.03 21300
63.04 21300
63.05 21304
63.06 21304
63.08 21304
63.09 21305
63.10 21305
63.11 21305
63.12 21306
63.13 21307
63.14 21308
63.15 21308
63.16 21308
63.17 21309
63.18 21310
63.19 21310
63.20 21310
63.21 21310
63.22 21313
63.23 21313
63.24 21313
63.26 21313
63.27 21313
63.28 21313
63.29 21313
63.30 21313
63.31 21315
63.32 21315
63.33 21315
63.34 21315
63.35 21315
63.36 21315
63.37 21315
63.38 21316
63.39 21316
63.40 21316
63.41 21316
63.42 21318
63.43 21318
63.45 21318
63.46 21318
63.47 21318
63.48 21318
63.49 21318
63.50 21318
63.51 21319
63.52 21319
63.53 21319
63.54 21319
63.55 21319
63.56 21322
63.57 21323
63.58 21324
63.59 21324
63.60 21324
63.61 21326
63.63 21329
63.64 21329
63.65 21333
63.66 21336
63.67 21336
63.68 21343
63.69 21349
63.70 21356
63.71 21359
63.72 21359
63.73 21360
63.74 21360
63.75 21360
63.76 21360
63.77 21363
63.78 21364
63.79 21364
63.81 21364
63.82 21365
63.83 21368
63.84 21368
63.85 21370
63.86 21371
63.87 21373
63.88 21373
63.89 21373
63.90 21376
63.91 21376
63.92 21377
63.93 21377
63.94 21377
63.95 21381
63.96 21381
63.97 21381
63.99 21381
64.00 21381
64.01 21383
64.02 21384
64.03 21384
64.04 21385
64.05 21385
64.06 21385
64.07 21385
64.08 21385
64.09 21385
64.10 21385
64.11 21389
64.12 21389
64.13 21389
64.14 21390
64.15 21391
64.17 21391
64.18 21395
64.19 21395
64.20 21398
64.21 21398
64.22 21400
64.23 21403
64.24 21406
64.25 21406
64.26 21406
64.27 21411
64.28 21419
64.29 21428
64.30 21431
64.31 21431
64.32 21439
64.33 21444
64.34 21446
64.36 21448
64.37 21451
64.38 21454
64.39 21458
64.40 21463
64.41 21466
64.42 21469
64.43 21474
64.44 21478
64.45 21482
64.46 21488
64.47 21495
64.48 21500
64.49 21505
64.50 21506
64.51 21511
64.52 21517
64.54 21523
64.55 21526
64.56 21529
64.57 21530
64.58 21530
64.59 21532
64.60 21532
64.61 21534
64.62 21537
64.63 21539
64.64 21540
64.65 21543
64.66 21543
64.67 21544
64.68 21546
64.69 21546
64.70 21548
64.72 21549
64.73 21549
64.74 21555
64.75 21557
64.76 21560
64.77 21565
64.78 21570
64.79 21575
64.80 21577
64.81 21582
64.82 21585
64.83 21589
64.84 21593
64.85 21596
64.86 21599
64.87 21605
64.88 21609
64.90 21612
64.91 21617
64.92 21623
64.93 21629
64.94 21633
64.95 21635
64.96 21641
64.97 21643
64.98 21650
64.99 21653
65.00 21657
65.01 21662
65.02 21668
65.03 21674
65.04 21679
65.05 21683
65.06 21688
65.08 21691
65.09 21696
65.10 21700
65.11 21703
65.12 21707
65.13 21711
65.14 21713
65.15 21716
65.16 21720
65.17 21721
65.18 21726
65.19 21732
65.20 21738
65.21 21742
65.22 21748
65.23 21753
65.24 21758
65.25 21764
65.27 21767
65.28 21772
65.29 21777
65.30 21782
65.31 21788
65.32 21793
65.33 21798
65.34 21803
65.35 21808
65.36 21812
65.37 21815
65.38 21818
65.39 21823
65.40 21823
65.41 21823
65.42 21823
65.43 21823
65.45 21827
65.46 21828
65.47 21830
65.48 21832
65.49 21832
65.50 21833
65.51 21833
65.52 21841
65.53 21843
65.54 21843
65.55 21845
65.56 21846
65.57 21847
65.58 21849
65.59 21849
65.60 21849
65.61 21849
65.63 21851
65.64 21852
65.65 21852
65.66 21854
65.67 21855
65.68 21859
65.69 21864
65.70 21872
65.71 21879
65.72 21884
65.73 21887
65.74 21890
65.75 21893
65.76 21900
65.77 21905
65.78 21910
65.79 21915
65.81 21919
65.82 21925
65.83 21929
65.84 21932
65.85 21934
65.86 21936
65.87 21937
65.88 21940
65.89 21940
65.90 21943
65.91 21945
65.92 21948
65.93 21953
65.94 21960
65.95 21961
65.96 21965
65.97 21969
65.99 21971
66.00 21977
66.01 21982
66.02 21986
66.03 21993
66.04 22001
66.05 22007
66.06 22010
66.07 22011
66.08 22011
66.09 22011
66.10 22015
66.11 22019
66.12 22026
66.13 22030
66.14 22032
66.15 22038
66.16 22043
66.18 22049
66.19 22054
66.20 22058
66.21 22063
66.22 22069
66.23 22070
66.24 22073
66.25 22077
66.26 22079
66.27 22081
66.28 22083
66.29 22090
66.30 22094
66.31 22098
66.32 22104
66.33 22107
66.34 22108
66.36 22110
66.37 22111
66.38 22116
66.39 22120
66.40 22124
66.41 22127
66.42 22130
66.43 22135
66.44 22140
66.45 22143
66.46 22146
66.47 22147
66.48 22152
66.49 22159
66.50 22166
66.51 22171
66.52 22177
66.54 22181
66.55 22187
66.56 22194
66.57 22199
66.58 22202
66.59 22208
66.60 22212
66.61 22215
66.62 22217
66.63 22226
66.64 22228
66.65 22231
66.66 22235
66.67 22237
66.68 22239
66.69 22242
66.70 22246
66.72 22249
66.73 22258
66.74 22264
66.75 22268
66.76 22275
66.77 22281
66.78 22286
66.79 22290
66.80 22294
66.81 22300
66.82 22308
66.83 22313
66.84 22318
66.85 22326
66.86 22332
66.87 22335
66.88 22340
66.90 22346
66.91 22349
66.92 22354
66.93 22358
66.94 22361
66.95 22365
66.96 22370
66.97 22375
66.98 22380
66.99 22383
67.00 22385
67.01 22388
67.02 22393
67.03 22397
67.04 22401
67.05 22403
67.06 22406
67.07 22410
67.09 22414
67.10 22415
67.11 22422
67.12 22426
67.13 22429
67.14 22430
67.15 22435
67.16 22438
67.17 22442
67.18 22446
67.19 22453
67.20 22459
67.21 22464
67.22 22466
67.23 22473
67.24 22481
67.25 22485
67.27 22491
67.28 22494
67.29 22498
67.30 22500
67.31 22503
67.32 22507
67.33 22509
67.34 22511
67.35 22514
67.36 22519
67.37 22522
67.38 22525
67.39 22529
67.40 22534
67.41 22537
67.42 22539
67.43 22542
67.45 22550
67.46 22554
67.47 22556
67.48 22563
67.49 22567
67.50 22569
67.51 22571
67.52 22573
67.53 22578
67.54 22584
67.55 22590
67.56 22592
67.57 22600
67.58 22602
67.59 22604
67.60 22610
67.61 22613
67.63 22616
67.64 22621
67.65 22629
67.66 22635
67.67 22638
67.68 22641
67.69 22647
67.70 22652
67.71 22658
67.72 22663
67.73 22667
67.74 22671
67.75 22673
67.76 22677
67.77 22679
67.78 22681
67.79 22682
67.81 22686
67.82 22691
67.83 22695
67.84 22702
67.85 22705
67.86 22709
67.87 22712
67.88 22713
67.89 22719
67.90 22723
67.91 22728
67.92 22732
67.93 22736
67.94 22742
67.95 22747
67.96 22749
67.97 22751
67.98 22756
68.00 22762
68.01 22765
68.02 22769
68.03 22773
68.04 22778
68.05 22785
68.06 22793
68.07 22798
68.08 22803
68.09 22809
68.10 22812
68.11 22818
68.12 22822
68.13 22826
68.14 22833
68.15 22835
68.16 22838
68.18 22839
68.19 22843
68.20 22846
68.21 22848
68.22 22853
68.23 22857
68.24 22859
68.25 22863
68.26 22867
68.27 22873
68.28 22876
68.29 22881
68.30 22883
68.31 22884
68.32 22889
68.33 22894
68.34 22895
68.36 22896
68.37 22899
68.38 22901
68.39 22909
68.40 22913
68.41 22920
68.42 22925
68.43 22930
68.44 22932
68.45 22934
68.46 22940
68.47 22945
68.48 22948
68.49 22952
68.50 22956
68.51 22960
68.52 22962
68.54 22966
68.55 22969
68.56 22971
68.57 22975
68.58 22980
68.59 22983
68.60 22988
68.61 22992
68.62 22996
68.63 23000
68.64 23003
68.65 23010
68.66 23015
68.67 23021
68.68 23023
68.69 23028
68.70 23030
68.72 23032
68.73 23036
68.74 23039
68.75 23043
68.76 23046
68.77 23052
68.78 23060
68.79 23063
68.80 23068
68.81 23073
68.82 23079
68.83 23081
68.84 23083
68.85 23088
68.86 23094
68.87 23098
68.88 23101
68.89 23102
68.91 23102
68.92 23107
68.93 23109
68.94 23110
68.95 23118
68.96 23122
68.97 23125
68.98 23131
68.99 23136
69.00 23139
69.01 23146
69.02 23147
69.03 23150
69.04 23152
69.05 23152
69.06 23153
69.07 23153
69.09 23154
69.10 23154
69.11 23155
69.12 23155
69.13 23157
69.14 23158
69.15 23159
69.16 23160
69.17 23161
69.18 23161
69.19 23162
69.20 23162
69.21 23163
69.22 23166
69.23 23168
69.24 23172
69.25 23173
69.27 23175
69.28 23178
69.29 23180
69.30 23183
69.31 23184
69.32 23185
69.33 23187
69.34 23188
69.35 23190
69.36 23190
69.37 23190
69.38 23193
69.39 23193
69.40 23193
69.41 23194
69.42 23195
69.43 23195
69.45 23195
69.46 23196
69.47 23196
69.48 23196
69.49 23196
69.50 23196
69.51 23196
69.52 23197
69.53 23197
69.54 23197
69.55 23200
69.56 23201
69.57 23201
69.58 23202
69.59 23202
69.60 23204
69.61 23204
69.63 23204
69.64 23204
69.65 23205
69.66 23205
69.67 23205
69.68 23206
69.69 23206
69.70 23206
69.71 23206
69.72 23206
69.73 23206
69.74 23209
69.75 23210
69.76 23210
69.77 23211
69.78 23211
69.79 23212
69.80 23212
69.82 23212
69.83 23213
69.84 23213
69.85 23213
69.86 23213
69.87 23213
69.88 23213
69.89 23214
69.90 23214
69.91 23214
69.92 23214
69.93 23218
69.94 23222
69.95 23223
69.96 23223
69.97 23224
69.98 23224
70.00 23226
70.01 23226
70.02 23226
70.03 23226
70.04 23226
70.05 23226
70.06 23226
70.07 23230
70.08 23230
70.09 23230
70.10 23230
70.11 23230
70.12 23230
70.13 23235
70.14 23235
70.15 23235
70.16 23236
70.18 23236
70.19 23238
70.20 23239
70.21 23239
70.22 23240
70.23 23240
70.24 23240
70.25 23241
70.26 23241
70.27 23241
70.28 23243
70.29 23244
70.30 23244
70.31 23248
70.32 23250
70.33 23250
70.34 23250
70.36 23250
70.37 23250
70.38 23250
70.39 23250
70.40 23251
70.41 23251
70.42 23251
70.43 23251
70.44 23251
70.45 23253
70.46 23254
70.47 23254
70.48 23257
70.49 23258
70.50 23258
70.51 23258
70.52 23258
70.54 23260
70.55 23262
70.56 23262
70.57 23267
70.58 23268
70.59 23269
70.60 23269
70.61 23270
70.62 23271
70.63 23272
70.64 23272
70.65 23274
70.66 23274
70.67 23274
70.68 23278
70.69 23278
70.70 23280
70.71 23281
70.73 23281
70.74 23287
70.75 23288
70.76 23290
70.77 23290
70.78 23295
70.79 23295
70.80 23298
70.81 23302
70.82 23304
70.83 23314
70.84 23322
70.85 23325
70.86 23331
70.87 23333
70.88 23335
70.89 23337
70.91 23338
70.92 23340
70.93 23344
70.94 23345
70.95 23346
70.96 23349
70.97 23350
70.98 23355
70.99 23357
71.00 23360
71.01 23364
71.02 23373
71.03 23379
71.04 23382
71.05 23384
71.06 23386
71.07 23390
71.09 23392
71.10 23394
71.11 23397
71.12 23398
71.13 23401
71.14 23404
71.15 23405
71.16 23406
71.17 23411
71.18 23413
71.19 23414
71.20 23417
71.21 23423
71.22 23425
71.23 23429
71.24 23434
71.25 23438
71.27 23439
71.28 23443
71.29 23448
71.30 23449
71.31 23451
71.32 23453
71.33 23456
71.34 23458
71.35 23463
71.36 23466
71.37 23469
71.38 23474
71.39 23475
71.40 23477
71.41 23480
71.42 23482
71.43 23483
71.45 23485
71.46 23488
71.47 23493
71.48 23495
71.49 23496
71.50 23498
71.51 23502
71.52 23504
71.53 23505
71.54 23508
71.55 23510
71.56 23512
71.57 23515
71.58 23518
71.59 23521
71.60 23528
71.61 23532
71.62 23534
71.64 23539
71.65 23540
71.66 23543
71.67 23546
71.68 23546
71.69 23552
71.70 23552
71.71 23556
71.72 23559
71.73 23565
71.74 23569
71.75 23572
71.76 23575
71.77 23576
71.78 23580
71.79 23583
71.80 23586
71.82 23588
71.83 23595
71.84 23602
71.85 23604
71.86 23613
71.87 23616
71.88 23618
71.89 23621
71.90 23621
71.91 23629
71.92 23633
71.93 23637
71.94 23640
71.95 23645
71.96 23653
71.97 23660
71.98 23662
72.00 23665
72.01 23668
72.02 23674
72.03 23674
72.04 23675
72.05 23678
72.06 23680
72.07 23681
72.08 23683
72.09 23685
72.10 23688
72.11 23688
72.12 23689
72.13 23690
72.14 23697
72.15 23697
72.16 23699
72.18 23701
72.19 23709
72.20 23710
72.21 23710
72.22 23711
72.23 23713
72.24 23719
72.25 23723
72.26 23724
72.27 23727
72.28 23729
72.29 23731
72.30 23733
72.31 23734
72.32 23738
72.33 23738
72.34 23742
72.36 23746
72.37 23751
72.38 23755
72.39 23757
72.40 23763
72.41 23766
72.42 23767
72.43 23770
72.44 23774
72.45 23777
72.46 23783
72.47 23786
72.48 23792
72.49 23797
72.50 23802
72.51 23806
72.52 23812
72.53 23817
72.55 23821
72.56 23824
72.57 23827
72.58 23830
72.59 23834
72.60 23837
72.61 23842
72.62 23848
72.63 23852
72.64 23855
72.65 23856
72.66 23858
72.67 23858
72.68 23861
72.69 23864
72.70 23865
72.71 23866
72.73 23870
72.74 23876
72.75 23883
72.76 23889
72.77 23894
72.78 23897
72.79 23900
72.80 23902
72.81 23905
72.82 23909
72.83 23910
72.84 23913
72.85 23917
72.86 23918
72.87 23923
72.88 23928
72.89 23931
72.91 23935
72.92 23937
72.93 23938
72.94 23942
72.95 23944
72.96 23947
72.97 23951
72.98 23953
72.99 23957
73.00 23959
73.01 23960
73.02 23966
73.03 23969
73.04 23975
73.05 23976
73.06 23979
73.07 23981
73.09 23982
73.10 23983
73.11 23988
73.12 23990
73.13 23995
73.14 23999
73.15 24003
73.16 24008
73.17 24011
73.18 24015
73.19 24018
73.20 24024
73.21 24027
73.22 24031
73.23 24035
73.24 24042
73.25 24046
73.26 24050
73.28 24055
73.29 24062
73.30 24068
73.31 24075
73.32 24081
73.33 24088
73.34 24091
73.35 24094
73.36 24096
73.37 24096
73.38 24101
73.39 24102
73.40 24107
73.41 24109
73.42 24111
73.43 24115
73.44 24117
73.46 24118
73.47 24120
73.48 24123
73.49 24128
73.50 24129
73.51 24132
73.52 24136
73.53 24141
73.54 24145
73.55 24147
73.56 24151
73.57 24154
73.58 24158
73.59 24165
73.60 24169
73.61 24173
73.62 24180
73.64 24187
73.65 24191
73.66 24194
73.67 24198
73.68 24203
73.69 24207
73.70 24208
73.71 24212
73.72 24217
73.73 24220
73.74 24223
73.75 24227
73.76 24234
73.77 24237
73.78 24240
73.79 24244
73.80 24250
73.82 24254
73.83 24257
73.84 24261
73.85 24266
73.86 24269
73.87 24272
73.88 24272
73.89 24275
73.90 24280
73.91 24283
73.92 24287
73.93 24294
73.94 24295
73.95 24300
73.96 24303
73.97 24307
73.98 24311
74.00 24315
74.01 24316
74.02 24321
74.03 24324
74.04 24327
74.05 24330
74.06 24334
74.07 24338
74.08 24341
74.09 24343
74.10 24346
74.11 24350
74.12 24356
74.13 24360
74.14 24366
74.15 24370
74.16 24374
74.17 24376
74.19 24380
74.20 24383
74.21 24385
74.22 24389
74.23 24395
74.24 24401
74.25 24403
74.26 24407
74.27 24410
74.28 24414
74.29 24419
74.30 24425
74.31 24428
74.32 24432
74.33 24439
74.34 24444
74.35 24449
74.37 24453
74.38 24458
74.39 24461
74.40 24465
74.41 24469
74.42 24474
74.43 24481
74.44 24484
74.45 24488
74.46 24490
74.47 24493
74.48 24497
74.49 24503
74.50 24506
74.51 24509
74.52 24511
74.53 24514
74.55 24515
74.56 24515
74.57 24525
74.58 24530
74.59 24530
74.60 24532
74.61 24535
74.62 24538
74.63 24541
74.64 24542
74.65 24544
74.66 24549
74.67 24554
74.68 24554
74.69 24558
74.70 24562
74.71 24566
74.73 24568
74.74 24571
74.75 24577
74.76 24583
74.77 24586
74.78 24588
74.79 24590
74.80 24594
74.81 24596
74.82 24601
74.83 24605
74.84 24608
74.85 24611
74.86 24613
74.87 24619
74.88 24626
74.89 24633
74.91 24638
74.92 24645
74.93 24648
74.94 24653
74.95 24654
74.96 24658
74.97 24663
74.98 24668
74.99 24672
75.00 24677
75.01 24681
75.02 24685
75.03 24688
75.04 24690
75.05 24692
75.06 24696
75.07 24699
75.08 24701
75.10 24705
75.11 24709
75.12 24714
75.13 24718
75.14 24721
75.15 24724
75.16 24728
75.17 24733
75.18 24737
75.19 24743
75.20 24746
75.21 24750
75.22 24755
75.23 24759
75.24 24761
75.25 24764
75.26 24769
75.28 24771
75.29 24776
75.30 24779
75.31 24784
75.32 24788
75.33 24790
75.34 24796
75.35 24800
75.36 24802
75.37 24806
75.38 24809
75.39 24814
75.40 24818
75.41 24821
75.42 24824
75.43 24828
75.44 24832
75.46 24835
75.47 24839
75.48 24841
75.49 24845
75.50 24847
75.51 24853
75.52 24858
75.53 24861
75.54 24863
75.55 24867
75.56 24870
75.57 24874
75.58 24879
75.59 24880
75.60 24884
75.61 24887
75.62 24888
75.64 24892
75.65 24895
75.66 24895
75.67 24899
75.68 24902
75.69 24907
75.70 24913
75.71 24914
75.72 24919
75.73 24920
75.74 24923
75.75 24928
75.76 24930
75.77 24933
75.78 24937
75.79 24938
75.80 24941
75.82 24944
75.83 24944
75.84 24944
75.85 24944
75.86 24947
75.87 24947
75.88 24948
75.89 24951
75.90 24951
75.91 24951
75.92 24951
75.93 24954
75.94 24954
75.95 24955
75.96 24956
75.97 24957
75.98 24957
75.99 24957
76.01 24960
76.02 24960
76.03 24960
76.04 24960
76.05 24963
76.06 24963
76.07 24963
76.08 24965
76.09 24966
76.10 24966
76.11 24966
76.12 24969
76.13 24969
76.14 24969
76.15 24969
76.16 24972
76.17 24972
76.19 24973
76.20 24973
76.21 24975
76.22 24975
76.23 24975
76.24 24978
76.25 24978
76.26 24978
76.27 24978
76.28 24981
76.29 24981
76.30 24982
76.31 24982
76.32 24984
76.33 24984
76.34 24984
76.35 24985
76.37 24987
76.38 24987
76.39 24987
76.40 24989
76.41 24990
76.42 24990
76.43 24990
76.44 24993
76.45 24993
76.46 24993
76.47 24993
76.48 24995
76.49 24995
76.50 24995
76.51 24996
76.52 24998
76.53 24998
76.55 24998
76.56 25000
76.57 25001
76.58 25003
76.59 25005
76.60 25006
76.61 25008
76.62 25014
76.63 25017
76.64 25021
76.65 25024
76.66 25028
76.67 25034
76.68 25037
76.69 25040
76.70 25046
76.71 25049
76.73 25056
76.74 25062
76.75 25065
76.76 25069
76.77 25074
76.78 25078
76.79 25081
76.80 25085
76.81 25088
76.82 25091
76.83 25097
76.84 25101
76.85 25105
76.86 25112
76.87 25115
76.88 25118
76.89 25120
76.90 25124
76.92 25128
76.93 25132
76.94 25139
76.95 25147
76.96 25150
76.97 25154
76.98 25158
76.99 25159
77.00 25161
77.01 25163
77.02 25163
77.03 25165
77.04 25167
77.05 25167
77.06 25168
77.07 25173
77.08 25175
77.10 25176
77.11 25177
77.12 25181
77.13 25185
77.14 25186
77.15 25190
77.16 25192
77.17 25194
77.18 25196
77.19 25200
77.20 25204
77.21 25209
77.22 25213
77.23 25215
77.24 25216
77.25 25217
77.26 25219
77.28 25225
77.29 25228
77.30 25232
77.31 25235
77.32 25237
77.33 25240
77.34 25243
77.35 25248
77.36 25249
77.37 25251
77.38 25252
77.39 25253
77.40 25254
77.41 25255
77.42 25257
77.43 25257
77.44 25260
77.46 25260
77.47 25261
77.48 25262
77.49 25263
77.50 25264
77.51 25264
77.52 25267
77.53 25269
77.54 25270
77.55 25272
77.56 25275
77.57 25278
77.58 25283
77.59 25284
77.60 25287
77.61 25290
77.62 25293
77.64 25300
77.65 25305
77.66 25308
77.67 25311
77.68 25312
77.69 25313
77.70 25315
77.71 25317
77.72 25322
77.73 25325
77.74 25327
77.75 25328
77.76 25332
77.77 25336
77.78 25338
77.79 25339
77.80 25344
77.81 25347
77.83 25347
77.84 25349
77.85 25349
77.86 25352
77.87 25355
77.88 25360
77.89 25362
77.90 25364
77.91 25368
77.92 25369
77.93 25373
77.94 25376
77.95 25378
77.96 25380
77.97 25383
77.98 25384
77.99 25388
78.01 25390
78.02 25391
78.03 25394
78.04 25396
78.05 25398
78.06 25401
78.07 25405
78.08 25406
78.09 25407
78.10 25411
78.11 25412
78.12 25417
78.13 25418
78.14 25419
78.15 25424
78.16 25426
78.17 25430
78.19 25432
78.20 25432
78.21 25436
78.22 25436
78.23 25438
78.24 25438
78.25 25440
78.26 25442
78.27 25444
78.28 25447
78.29 25448
78.30 25449
78.31 25450
78.32 25452
78.33 25457
78.34 25461
78.35 25465
78.37 25470
78.38 25475
78.39 25477
78.40 25483
78.41 25488
78.42 25490
78.43 25492
78.44 25493
78.45 25497
78.46 25499
78.47 25502
78.48 25507
78.49 25510
78.50 25515
78.51 25518
78.52 25522
78.53 25528
78.55 25531
78.56 25536
78.57 25540
78.58 25545
78.59 25548
78.60 25553
78.61 25557
78.62 25564
78.63 25567
78.64 25570
78.65 25577
78.66 25582
78.67 25586
78.68 25589
78.69 25598
78.70 25605
78.71 25608
78.72 25612
78.74 25614
78.75 25618
78.76 25619
78.77 25624
78.78 25627
78.79 25633
78.80 25636
78.81 25640
78.82 25643
78.83 25646
78.84 25648
78.85 25648
78.86 25655
78.87 25658
78.88 25662
78.89 25665
78.90 25669
78.92 25672
78.93 25678
78.94 25682
78.95 25688
78.96 25690
78.97 25693
78.98 25699
78.99 25702
79.00 25707
79.01 25708
79.02 25710
79.03 25712
79.04 25715
79.05 25717
79.06 25720
79.07 25723
79.08 25728
79.10 25730
79.11 25733
79.12 25736
79.13 25738
79.14 25739
79.15 25742
79.16 25744
79.17 25749
79.18 25752
79.19 25757
79.20 25761
79.21 25762
79.22 25765
79.23 25770
79.24 25775
79.25 25779
79.26 25781
79.28 25786
79.29 25795
79.30 25800
79.31 25803
79.32 25803
79.33 25810
79.34 25813
79.35 25818
79.36 25820
79.37 25825
79.38 25832
79.39 25835
79.40 25840
79.41 25845
79.42 25848
79.43 25852
79.44 25858
79.46 25864
79.47 25868
79.48 25873
79.49 25879
79.50 25881
79.51 25887
79.52 25889
79.53 25892
79.54 25895
79.55 25899
79.56 25901
79.57 25904
79.58 25906
79.59 25907
79.60 25908
79.61 25910
79.62 25911
79.63 25911
79.65 25913
79.66 25913
79.67 25918
79.68 25919
79.69 25919
79.70 25920
79.71 25922
79.72 25923
79.73 25924
79.74 25929
79.75 25933
79.76 25934
79.77 25934
79.78 25935
79.79 25935
79.80 25937
79.81 25938
79.83 25939
79.84 25941
79.85 25943
79.86 25945
79.87 25946
79.88 25947
79.89 25949
79.90 25953
79.91 25960
79.92 25962
79.93 25962
79.94 25963
79.95 25966
79.96 25966
79.97 25966
79.98 25967
79.99 25968
80.01 25973
80.02 25973
80.03 25975
80.04 25976
80.05 25979
80.06 25981
80.07 25982
80.08 25983
80.09 25983
80.10 25984
80.11 25984
80.12 25985
80.13 25985
80.14 25986
80.15 25986
80.16 25986
80.17 25987
80.19 25988
80.20 25989
80.21 25993
80.22 25994
80.23 25996
80.24 25998
80.25 25999
80.26 25999
80.27 25999
80.28 25999
80.29 26003
80.30 26007
80.31 26008
80.32 26008
80.33 26011
80.34 26011
80.35 26012
80.37 26012
80.38 26013
80.39 26013
80.40 26013
80.41 26013
80.42 26014
80.43 26014
80.44 26014
80.45 26014
80.46 26014
80.47 26015
80.48 26015
80.49 26015
80.50 26018
80.51 26019
80.52 26019
80.53 26022
80.54 26022
80.56 26024
80.57 26025
80.58 26025
80.59 26030
80.60 26031
80.61 26033
80.62 26033
80.63 26034
80.64 26039
80.65 26041
80.66 26042
80.67 26045
80.68 26046
80.69 26051
80.70 26053
80.71 26055
80.72 26062
80.74 26068
80.75 26072
80.76 26080
80.77 26085
80.78 26088
80.79 26096
80.80 26099
80.81 26106
80.82 26112
80.83 26115
80.84 26119
80.85 26123
80.86 26129
80.87 26133
80.88 26136
80.89 26140
80.90 26143
80.92 26145
80.93 26149
80.94 26153
80.95 26158
80.96 26163
80.97 26167
80.98 26169
80.99 26173
81.00 26176
81.01 26180
81.02 26183
81.03 26186
81.04 26187
81.05 26191
81.06 26194
81.07 26198
81.08 26203
81.10 26206
81.11 26209
81.12 26212
81.13 26215
81.14 26219
81.15 26225
81.16 26232
81.17 26238
81.18 26242
81.19 26249
81.20 26254
81.21 26261
81.22 26267
81.23 26272
81.24 26275
81.25 26282
81.26 26289
81.28 26293
81.29 26302
81.30 26306
81.31 26310
81.32 26312
81.33 26317
81.34 26322
81.35 26326
81.36 26330
81.37 26335
81.38 26340
81.39 26342
81.40 26345
81.41 26350
81.42 26356
81.43 26363
81.44 26367
81.45 26371
81.47 26373
81.48 26377
81.49 26380
81.50 26382
81.51 26387
81.52 26389
81.53 26393
81.54 26399
81.55 26406
81.56 26410
81.57 26413
81.58 26417
81.59 26424
81.60 26428
81.61 26432
81.62 26437
81.63 26442
81.65 26446
81.66 26451
81.67 26457
81.68 26460
81.69 26467
81.70 26473
81.71 26479
81.72 26483
81.73 26487
81.74 26492
81.75 26499
81.76 26503
81.77 26508
81.78 26511
81.79 26517
81.80 26522
81.81 26525
81.83 26528
81.84 26529
81.85 26536
81.86 26541
81.87 26545
81.88 26549
81.89 26553
81.90 26557
81.91 26560
81.92 26568
81.93 26572
81.94 26577
81.95 26580
81.96 26587
81.97 26592
81.98 26595
81.99 26599
82.01 26602
82.02 26605
82.03 26610
82.04 26616
82.05 26620
82.06 26627
82.07 26632
82.08 26637
82.09 26642
82.10 26647
82.11 26650
82.12 26655
82.13 26660
82.14 26666
82.15 26670
82.16 26673
82.17 26678
82.19 26683
82.20 26690
82.21 26692
82.22 26698
82.23 26703
82.24 26707
82.25 26714
82.26 26717
82.27 26720
82.28 26726
82.29 26731
82.30 26735
82.31 26738
82.32 26741
82.33 26743
82.34 26748
82.35 26753
82.36 26756
82.38 26758
82.39 26762
82.40 26769
82.41 26773
82.42 26780
82.43 26782
82.44 26789
82.45 26792
82.46 26796
82.47 26802
82.48 26805
82.49 26808
82.50 26814
82.51 26818
82.52 26821
82.53 26825
82.54 26830
82.56 26834
82.57 26840
82.58 26843
82.59 26847
82.60 26850
82.61 26854
82.62 26858
82.63 26861
82.64 26866
82.65 26867
82.66 26871
82.67 26876
82.68 26880
82.69 26882
82.70 26884
82.71 26884
82.72 26887
82.74 26889
82.75 26895
82.76 26900
82.77 26904
82.78 26910
82.79 26916
82.80 26917
82.81 26922
82.82 26926
82.83 26927
82.84 26933
82.85 26937
82.86 26942
82.87 26947
82.88 26952
82.89 26954
82.90 26961
82.92 26968
82.93 26973
82.94 26977
82.95 26979
82.96 26984
82.97 26990
82.98 26994
82.99 27000
83.00 27004
83.01 27007
83.02 27013
83.03 27022
83.04 27027
83.05 27032
83.06 27037
83.07 27041
83.08 27047
83.10 27051
83.11 27055
83.12 27060
83.13 27064
83.14 27070
83.15 27073
83.16 27080
83.17 27085
83.18 27088
83.19 27093
83.20 27098
83.21 27102
83.22 27107
83.23 27110
83.24 27116
83.25 27121
83.26 27122
83.27 27129
83.29 27132
83.30 27133
83.31 27140
83.32 27144
83.33 27149
83.34 27153
83.35 27159
83.36 27165
83.37 27170
83.38 27178
83.39 27182
83.40 27187
83.41 27193
83.42 27198
83.43 27200
83.44 27206
83.45 27209
83.47 27214
83.48 27219
83.49 27224
83.50 27227
83.51 27231
83.52 27234
83.53 27238
83.54 27241
83.55 27244
83.56 27248
83.57 27252
83.58 27257
83.59 27260
83.60 27262
83.61 27267
83.62 27269
83.63 27274
83.65 27279
83.66 27282
83.67 27286
83.68 27291
83.69 27296
83.70 27302
83.71 27304
83.72 27310
83.73 27316
83.74 27320
83.75 27326
83.76 27331
83.77 27334
83.78 27337
83.79 27341
83.80 27346
83.81 27349
83.83 27352
83.84 27355
83.85 27358
83.86 27363
83.87 27365
83.88 27370
83.89 27372
83.90 27376
83.91 27379
83.92 27383
83.93 27386
83.94 27391
83.95 27397
83.96 27402
83.97 27407
83.98 27412
83.99 27418
84.01 27423
84.02 27427
84.03 27432
84.04 27435
84.05 27440
84.06 27443
84.07 27447
84.08 27451
84.09 27454
84.10 27458
84.11 27462
84.12 27466
84.13 27469
84.14 27473
84.15 27478
84.16 27481
84.17 27483
84.18 27488
84.20 27491
84.21 27495
84.22 27502
84.23 27506
84.24 27512
84.25 27519
84.26 27526
84.27 27531
84.28 27536
84.29 27540
84.30 27544
84.31 27549
84.32 27554
84.33 27558
84.34 27563
84.35 27566
84.36 27571
84.38 27576
84.39 27581
84.40 27584
84.41 27588
84.42 27592
84.43 27595
84.44 27600
84.45 27604
84.46 27609
84.47 27612
84.48 27618
84.49 27622
84.50 27625
84.51 27629
84.52 27635
84.53 27640
84.54 27646
84.56 27651
84.57 27658
84.58 27662
84.59 27667
84.60 27671
84.61 27673
84.62 27676
84.63 27680
84.64 27685
84.65 27688
84.66 27693
84.67 27699
84.68 27701
84.69 27706
84.70 27709
84.71 27715
84.72 27717
84.74 27721
84.75 27727
84.76 27733
84.77 27738
84.78 27742
84.79 27745
84.80 27750
84.81 27755
84.82 27761
84.83 27764
84.84 27770
84.85 27775
84.86 27777
84.87 27781
84.88 27785
84.89 27789
84.90 27792
84.92 27799
84.93 27804
84.94 27808
84.95 27815
84.96 27820
84.97 27825
84.98 27826
84.99 27831
85.00 27833
85.01 27835
85.02 27839
85.03 27842
85.04 27844
85.05 27852
85.06 27858
85.07 27863
85.08 27867
85.09 27870
85.11 27875
85.12 27881
85.13 27885
85.14 27887
85.15 27892
85.16 27896
85.17 27901
85.18 27905
85.19 27909
85.20 27915
85.21 27920
85.22 27923
85.23 27925
85.24 27927
85.25 27931
85.26 27935
85.27 27941
85.29 27945
85.30 27949
85.31 27954
85.32 27959
85.33 27964
85.34 27967
85.35 27972
85.36 27976
85.37 27981
85.38 27987
85.39 27992
85.40 27995
85.41 27999
85.42 28003
85.43 28010
85.44 28013
85.45 28019
85.47 28025
85.48 28029
85.49 28034
85.50 28040
85.51 28045
85.52 28052
85.53 28054
85.54 28060
85.55 28065
85.56 28070
85.57 28074
85.58 28078
85.59 28081
85.60 28084
85.61 28088
85.62 28090
85.63 28094
85.65 28097
85.66 28099
85.67 28104
85.68 28110
85.69 28115
85.70 28121
85.71 28126
85.72 28134
85.73 28138
85.74 28141
85.75 28148
85.76 28151
85.77 28154
85.78 28159
85.79 28164
85.80 28168
85.81 28171
85.83 28176
85.84 28180
85.85 28184
85.86 28188
85.87 28191
85.88 28196
85.89 28200
85.90 28203
85.91 28209
85.92 28211
85.93 28215
85.94 28220
85.95 28223
85.96 28228
85.97 28232
85.98 28235
85.99 28239
86.00 28242
86.02 28244
86.03 28250
86.04 28257
86.05 28262
86.06 28267
86.07 28271
86.08 28275
86.09 28279
86.10 28283
86.11 28285
86.12 28289
86.13 28296
86.14 28299
86.15 28303
86.16 28307
86.17 28312
86.18 28317
86.20 28321
86.21 28327
86.22 28331
86.23 28334
86.24 28337
86.25 28340
86.26 28346
86.27 28351
86.28 28356
86.29 28361
86.30 28364
86.31 28370
86.32 28374
86.33 28378
86.34 28384
86.35 28390
86.36 28398
86.38 28404
86.39 28408
86.40 28411
86.41 28414
86.42 28420
86.43 28424
86.44 28431
86.45 28436
86.46 28441
86.47 28445
86.48 28449
86.49 28453
86.50 28457
86.51 28461
86.52 28464
86.53 28471
86.54 28472
86.56 28478
86.57 28482
86.58 28486
86.59 28492
86.60 28495
86.61 28502
86.62 28508
86.63 28511
86.64 28513
86.65 28518
86.66 28523
86.67 28526
86.68 28533
86.69 28538
86.70 28542
86.71 28546
86.72 28550
86.74 28558
86.75 28562
86.76 28567
86.77 28572
86.78 28577
86.79 28583
86.80 28589
86.81 28593
86.82 28596
86.83 28600
86.84 28605
86.85 28608
86.86 28614
86.87 28616
86.88 28619
86.89 28621
86.90 28624
86.91 28625
86.93 28630
86.94 28634
86.95 28639
86.96 28642
86.97 28645
86.98 28649
86.99 28652
87.00 28656
87.01 28659
87.02 28662
87.03 28665
87.04 28667
87.05 28673
87.06 28680
87.07 28683
87.08 28685
87.09 28686
87.11 28689
87.12 28695
87.13 28701
87.14 28707
87.15 28712
87.16 28718
87.17 28722
87.18 28726
87.19 28732
87.20 28736
87.21 28744
87.22 28750
87.23 28753
87.24 28758
87.25 28763
87.26 28764
87.27 28765
87.29 28773
87.30 28774
87.31 28778
87.32 28780
87.33 28782
87.34 28788
87.35 28791
87.36 28794
87.37 28799
87.38 28804
87.39 28809
87.40 28811
87.41 28813
87.42 28817
87.43 28823
87.44 28827
87.45 28833
87.47 28836
87.48 28841
87.49 28845
87.50 28846
87.51 28851
87.52 28855
87.53 28858
87.54 28860
87.55 28861
87.56 28866
87.57 28870
87.58 28872
87.59 28875
87.60 28879
87.61 28883
87.62 28887
87.63 28889
87.64 28894
87.66 28897
87.67 28897
87.68 28901
87.69 28904
87.70 28908
87.71 28909
87.72 28911
87.73 28912
87.74 28918
87.75 28919
87.76 28922
87.77 28925
87.78 28930
87.79 28935
87.80 28936
87.81 28941
87.82 28944
87.84 28945
87.85 28947
87.86 28951
87.87 28954
87.88 28958
87.89 28959
87.90 28960
87.91 28967
87.92 28971
87.93 28975
87.94 28975
87.95 28976
87.96 28981
87.97 28988
87.98 28993
87.99 28996
88.00 29000
88.02 29005
88.03 29009
88.04 29009
88.05 29011
88.06 29013
88.07 29017
88.08 29018
88.09 29019
88.10 29019
88.11 29020
88.12 29023
88.13 29024
88.14 29026
88.15 29030
88.16 29036
88.17 29040
88.18 29046
88.20 29048
88.21 29054
88.22 29058
88.23 29061
88.24 29062
88.25 29064
88.26 29066
88.27 29068
88.28 29073
88.29 29078
88.30 29081
88.31 29083
88.32 29089
88.33 29091
88.34 29093
88.35 29098
88.36 29099
88.38 29101
88.39 29106
88.40 29110
88.41 29113
88.42 29117
88.43 29118
88.44 29123
88.45 29125
88.46 29129
88.47 29130
88.48 29134
88.49 29140
88.50 29145
88.51 29151
88.52 29155
88.53 29159
88.54 29164
88.55 29170
88.57 29176
88.58 29181
88.59 29185
88.60 29191
88.61 29193
88.62 29197
88.63 29202
88.64 29206
88.65 29208
88.66 29213
88.67 29217
88.68 29218
88.69 29225
88.70 29227
88.71 29234
88.72 29240
88.73 29244
88.75 29248
88.76 29250
88.77 29257
88.78 29264
88.79 29267
88.80 29269
88.81 29273
88.82 29277
88.83 29282
88.84 29287
88.85 29292
88.86 29297
88.87 29302
88.88 29307
88.89 29311
88.90 29314
88.91 29317
88.93 29322
88.94 29327
88.95 29331
88.96 29334
88.97 29338
88.98 29340
88.99 29344
89.00 29349
89.01 29353
89.02 29358
89.03 29363
89.04 29366
89.05 29369
89.06 29374
89.07 29378
89.08 29381
89.09 29388
89.11 29397
89.12 29403
89.13 29409
89.14 29414
89.15 29418
89.16 29420
89.17 29422
89.18 29428
89.19 29434
89.20 29434
89.21 29438
89.22 29442
89.23 29447
89.24 29450
89.25 29450
89.26 29455
89.27 29458
89.29 29462
89.30 29466
89.31 29474
89.32 29476
89.33 29478
89.34 29480
89.35 29485
89.36 29486
89.37 29488
89.38 29490
89.39 29491
89.40 29493
89.41 29495
89.42 29498
89.43 29500
89.44 29502
89.45 29503
89.46 29504
89.48 29508
89.49 29511
89.50 29514
89.51 29514
89.52 29516
89.53 29518
89.54 29520
89.55 29521
89.56 29523
89.57 29523
89.58 29526
89.59 29528
89.60 29530
89.61 29534
89.62 29534
89.63 29534
89.64 29536
89.66 29537
89.67 29539
89.68 29540
89.69 29541
89.70 29541
89.71 29542
89.72 29543
89.73 29548
89.74 29548
89.75 29548
89.76 29551
89.77 29552
89.78 29552
89.79 29553
89.80 29553
89.81 29553
89.82 29553
89.84 29553
89.85 29553
89.86 29553
89.87 29553
89.88 29553
89.89 29553
89.90 29554
89.91 29554
89.92 29554
89.93 29558
89.94 29559
89.95 29559
89.96 29561
89.97 29561
89.98 29563
89.99 29564
90.00 29564
90.02 29566
90.03 29569
90.04 29569
90.05 29569
90.06 29570
90.07 29575
90.08 29577
90.09 29579
90.10 29579
90.11 29580
90.12 29580
90.13 29582
90.14 29583
90.15 29584
90.16 29587
90.17 29591
90.18 29594
90.20 29602
90.21 29606
90.22 29610
90.23 29612
90.24 29614
90.25 29616
90.26 29618
90.27 29620
90.28 29623
90.29 29625
90.30 29627
90.31 29631
90.32 29635
90.33 29636
90.34 29636
90.35 29637
90.36 29641
90.37 29642
90.39 29644
90.40 29645
90.41 29647
90.42 29651
90.43 29654
90.44 29658
90.45 29660
90.46 29660
90.47 29661
90.48 29661
90.49 29663
90.50 29666
90.51 29671
90.52 29675
90.53 29679
90.54 29684
90.55 29687
90.57 29689
90.58 29689
90.59 29692
90.60 29695
90.61 29696
90.62 29701
90.63 29706
90.64 29707
90.65 29711
90.66 29719
90.67 29726
90.68 29732
90.69 29739
90.70 29743
90.71 29747
90.72 29751
90.73 29757
90.75 29759
90.76 29762
90.77 29766
90.78 29770
90.79 29774
90.80 29776
90.81 29779
90.82 29785
90.83 29790
90.84 29793
90.85 29797
90.86 29799
90.87 29802
90.88 29805
90.89 29811
90.90 29814
90.91 29818
90.93 29822
90.94 29825
90.95 29828
90.96 29830
90.97 29833
90.98 29838
90.99 29841
91.00 29842
91.01 29846
91.02 29850
91.03 29856
91.04 29864
91.05 29869
91.06 29873
91.07 29880
91.08 29883
91.09 29887
91.11 29893
91.12 29896
91.13 29901
91.14 29905
91.15 29910
91.16 29917
91.17 29921
91.18 29926
91.19 29930
91.20 29931
91.21 29934
91.22 29938
91.23 29944
91.24 29948
91.25 29954
91.26 29959
91.27 29963
91.28 29968
91.30 29971
91.31 29976
91.32 29979
91.33 29979
91.34 29982
91.35 29987
91.36 29992
91.37 29997
91.38 30003
91.39 30009
91.40 30014
91.41 30021
91.42 30024
91.43 30029
91.44 30032
91.45 30035
91.46 30039
91.48 30045
91.49 30050
91.50 30055
91.51 30058
91.52 30062
91.53 30066
91.54 30068
91.55 30070
91.56 30074
91.57 30077
91.58 30082
91.59 30087
91.60 30092
91.61 30096
91.62 30099
91.63 30102
91.64 30105
91.66 30110
91.67 30116
91.68 30120
91.69 30123
91.70 30128
91.71 30131
91.72 30136
91.73 30142
91.74 30148
91.75 30151
91.76 30154
91.77 30159
91.78 30163
91.79 30169
91.80 30175
91.81 30176
91.82 30180
91.84 30185
91.85 30191
91.86 30195
91.87 30196
91.88 30199
91.89 30202
91.90 30205
91.91 30208
91.92 30211
91.93 30214
91.94 30219
91.95 30226
91.96 30231
91.97 30237
91.98 30243
91.99 30249
92.00 30255
92.02 30259
92.03 30263
92.04 30268
92.05 30274
92.06 30279
92.07 30281
92.08 30287
92.09 30292
92.10 30295
92.11 30300
92.12 30304
92.13 30309
92.14 30316
92.15 30322
92.16 30326
92.17 30329
92.18 30331
92.19 30334
92.21 30335
92.22 30336
92.23 30340
92.24 30344
92.25 30349
92.26 30356
92.27 30360
92.28 30361
92.29 30365
92.30 30369
92.31 30371
92.32 30373
92.33 30379
92.34 30383
92.35 30390
92.36 30391
92.37 30393
92.39 30396
92.40 30400
92.41 30404
92.42 30409
92.43 30412
92.44 30417
92.45 30422
92.46 30427
92.47 30431
92.48 30438
92.49 30444
92.50 30448
92.51 30452
92.52 30456
92.53 30462
92.54 30465
92.55 30469
92.57 30471
92.58 30476
92.59 30483
92.60 30487
92.61 30492
92.62 30497
92.63 30501
92.64 30505
92.65 30508
92.66 30513
92.67 30517
92.68 30521
92.69 30527
92.70 30532
92.71 30538
92.72 30544
92.73 30550
92.75 30554
92.76 30559
92.77 30565
92.78 30569
92.79 30573
92.80 30575
92.81 30580
92.82 30580
92.83 30586
92.84 30589
92.85 30594
92.86 30598
92.87 30602
92.88 30605
92.89 30607
92.90 30611
92.91 30615
92.93 30621
92.94 30624
92.95 30631
92.96 30634
92.97 30634
92.98 30637
92.99 30642
93.00 30647
93.01 30652
93.02 30655
93.03 30659
93.04 30665
93.05 30668
93.06 30675
93.07 30682
93.08 30685
93.09 30687
93.10 30690
93.12 30693
93.13 30699
93.14 30704
93.15 30708
93.16 30710
93.17 30713
93.18 30718
93.19 30721
93.20 30727
93.21 30730
93.22 30733
93.23 30738
93.24 30741
93.25 30746
93.26 30751
93.27 30754
93.28 30758
93.30 30762
93.31 30767
93.32 30772
93.33 30776
93.34 30781
93.35 30785
93.36 30790
93.37 30795
93.38 30800
93.39 30804
93.40 30809
93.41 30812
93.42 30814
93.43 30820
93.44 30824
93.45 30828
93.46 30831
93.48 30835
93.49 30840
93.50 30846
93.51 30853
93.52 30855
93.53 30859
93.54 30861
93.55 30863
93.56 30867
93.57 30869
93.58 30871
93.59 30875
93.60 30878
93.61 30885
93.62 30890
93.63 30893
93.64 30897
93.66 30899
93.67 30904
93.68 30908
93.69 30909
93.70 30911
93.71 30913
93.72 30918
93.73 30924
93.74 30928
93.75 30931
93.76 30934
93.77 30938
93.78 30942
93.79 30948
93.80 30953
93.81 30960
93.82 30965
93.84 30970
93.85 30975
93.86 30979
93.87 30983
93.88 30987
93.89 30992
93.90 31001
93.91 31008
93.92 31013
93.93 31017
93.94 31023
93.95 31030
93.96 31034
93.97 31041
93.98 31048
93.99 31053
94.00 31058
94.01 31063
94.03 31067
94.04 31072
94.05 31075
94.06 31077
94.07 31080
94.08 31082
94.09 31085
94.10 31088
94.11 31092
94.12 31094
94.13 31095
94.14 31099
94.15 31106
94.16 31110
94.17 31113
94.18 31120
94.19 31124
94.21 31130
94.22 31135
94.23 31138
94.24 31141
94.25 31146
94.26 31148
94.27 31152
94.28 31157
94.29 31162
94.30 31166
94.31 31172
94.32 31177
94.33 31180
94.34 31186
94.35 31191
94.36 31195
94.37 31202
94.39 31208
94.40 31214
94.41 31219
94.42 31223
94.43 31226
94.44 31229
94.45 31233
94.46 31236
94.47 31238
94.48 31241
94.49 31243
94.50 31247
94.51 31251
94.52 31254
94.53 31257
94.54 31262
94.55 31266
94.57 31271
94.58 31274
94.59 31278
94.60 31280
94.61 31283
94.62 31285
94.63 31289
94.64 31291
94.65 31295
94.66 31297
94.67 31301
94.68 31306
94.69 31309
94.70 31316
94.71 31321
94.72 31326
94.73 31330
94.75 31334
94.76 31339
94.77 31342
94.78 31347
94.79 31354
94.80 31358
94.81 31363
94.82 31370
94.83 31374
94.84 31378
94.85 31380
94.86 31385
94.87 31388
94.88 31392
94.89 31397
94.90 31398
94.91 31402
94.92 31408
94.94 31409
94.95 31411
94.96 31413
94.97 31418
94.98 31422
94.99 31427
95.00 31431
95.01 31435
95.02 31442
95.03 31447
95.04 31453
95.05 31457
95.06 31462
95.07 31467
95.08 31474
95.09 31479
95.10 31484
95.12 31488
95.13 31492
95.14 31495
95.15 31499
95.16 31505
95.17 31509
95.18 31512
95.19 31514
95.20 31515
95.21 31517
95.22 31519
95.23 31520
95.24 31525
95.25 31528
95.26 31530
95.27 31534
95.28 31535
95.30 31539
95.31 31541
95.32 31543
95.33 31544
95.34 31545
95.35 31547
95.36 31547
95.37 31549
95.38 31551
95.39 31552
95.40 31552
95.41 31554
95.42 31556
95.43 31557
95.44 31561
95.45 31562
95.46 31563
95.48 31564
95.49 31565
95.50 31567
95.51 31574
95.52 31577
95.53 31581
95.54 31583
95.55 31588
95.56 31592
95.57 31595
95.58 31597
95.59 31599
95.60 31606
95.61 31609
95.62 31612
95.63 31615
95.64 31618
95.66 31626
95.67 31629
95.68 31633
95.69 31637
95.70 31641
95.71 31643
95.72 31645
95.73 31646
95.74 31648
95.75 31651
95.76 31656
95.77 31660
95.78 31664
95.79 31669
95.80 31674
95.81 31677
95.82 31680
95.83 31685
95.85 31690
95.86 31694
95.87 31697
95.88 31701
95.89 31706
95.90 31712
95.91 31719
95.92 31723
95.93 31726
95.94 31731
95.95 31734
95.96 31735
95.97 31741
95.98 31744
95.99 31750
96.00 31753
96.01 31759
96.03 31765
96.04 31769
96.05 31774
96.06 31779
96.07 31783
96.08 31789
96.09 31795
96.10 31800
96.11 31805
96.12 31810
96.13 31812
96.14 31819
96.15 31822
96.16 31826
96.17 31829
96.18 31835
96.19 31840
96.21 31845
96.22 31849
96.23 31854
96.24 31857
96.25 31860
96.26 31865
96.27 31872
96.28 31877
96.29 31881
96.30 31885
96.31 31891
96.32 31897
96.33 31901
96.34 31908
96.35 31911
96.36 31916
96.37 31919
96.39 31924
96.40 31930
96.41 31935
96.42 31939
96.43 31941
96.44 31946
96.45 31949
96.46 31953
96.47 31956
96.48 31960
96.49 31963
96.50 31967
96.51 31972
96.52 31973
96.53 31977
96.54 31980
96.55 31984
96.57 31988
96.58 31990
96.59 31995
96.60 31998
96.61 32002
96.62 32006
96.63 32010
96.64 32015
96.65 32019
96.66 32022
96.67 32028
96.68 32032
96.69 32034
96.70 32040
96.71 32045
96.72 32051
96.73 32057
96.74 32062
96.76 32068
96.77 32073
96.78 32078
96.79 32083
96.80 32089
96.81 32095
96.82 32099
96.83 32103
96.84 32107
96.85 32109
96.86 32114
96.87 32120
96.88 32122
96.89 32126
96.90 32131
96.91 32135
96.92 32139
96.94 32142
96.95 32147
96.96 32153
96.97 32155
96.98 32158
96.99 32163
97.00 32168
97.01 32172
97.02 32178
97.03 32183
97.04 32185
97.05 32187
97.06 32191
97.07 32193
97.08 32197
97.09 32205
97.10 32210
97.12 32214
97.13 32220
97.14 32224
97.15 32227
97.16 32230
97.17 32236
97.18 32240
97.19 32244
97.20 32250
97.21 32255
97.22 32260
97.23 32263
97.24 32268
97.25 32271
97.26 32274
97.27 32280
97.28 32284
97.30 32288
97.31 32291
97.32 32295
97.33 32299
97.34 32305
97.35 32310
97.36 32314
97.37 32317
97.38 32319
97.39 32324
97.40 32329
97.41 32334
97.42 32337
97.43 32344
97.44 32349
97.45 32355
97.46 32359
97.48 32363
97.49 32365
97.50 32368
97.51 32372
97.52 32376
97.53 32382
97.54 32385
97.55 32389
97.56 32397
97.57 32402
97.58 32406
97.59 32410
97.60 32414
97.61 32416
97.62 32423
97.63 32428
97.64 32433
97.65 32437
97.67 32443
97.68 32448
97.69 32454
97.70 32456
97.71 32462
97.72 32466
97.73 32470
97.74 32474
97.75 32477
97.76 32482
97.77 32486
97.78 32489
97.79 32494
97.80 32499
97.81 32505
97.82 32511
97.83 32516
97.85 32523
97.86 32528
97.87 32533
97.88 32537
97.89 32542
97.90 32546
97.91 32548
97.92 32552
97.93 32560
97.94 32565
97.95 32570
97.96 32573
97.97 32579
97.98 32583
97.99 32586
98.00 32588
98.01 32588
98.03 32589
98.04 32596
98.05 32600
98.06 32604
98.07 32610
98.08 32613
98.09 32622
98.10 32628
98.11 32635
98.12 32640
98.13 32646
98.14 32652
98.15 32656
98.16 32662
98.17 32667
98.18 32672
98.19 32676
98.21 32683
98.22 32688
98.23 32693
98.24 32697
98.25 32700
98.26 32701
98.27 32704
98.28 32709
98.29 32711
98.30 32715
98.31 32719
98.32 32723
98.33 32728
98.34 32731
98.35 32736
98.36 32739
98.37 32743
98.39 32747
98.40 32753
98.41 32759
98.42 32762
98.43 32763
98.44 32763
98.45 32770
98.46 32773
98.47 32778
98.48 32781
98.49 32786
98.50 32790
98.51 32796
98.52 32802
98.53 32808
98.54 32813
98.55 32817
98.56 32827
98.58 32831
98.59 32834
98.60 32837
98.61 32840
98.62 32843
98.63 32847
98.64 32853
98.65 32858
98.66 32863
98.67 32864
98.68 32866
98.69 32868
98.70 32873
98.71 32876
98.72 32882
98.73 32885
98.74 32888
98.76 32892
98.77 32893
98.78 32894
98.79 32898
98.80 32904
98.81 32907
98.82 32913
98.83 32916
98.84 32922
98.85 32928
98.86 32933
98.87 32938
98.88 32943
98.89 32947
98.90 32949
98.91 32952
98.92 32955
98.94 32958
98.95 32960
98.96 32966
98.97 32971
98.98 32977
98.99 32981
99.00 32985
99.01 32988
99.02 32992
99.03 32997
99.04 33003
99.05 33006
99.06 33012
99.07 33017
99.08 33022
99.09 33028
99.10 33035
99.12 33037
99.13 33039
99.14 33042
99.15 33046
99.16 33048
99.17 33050
99.18 33055
99.19 33059
99.20 33064
99.21 33068
99.22 33073
99.23 33079
99.24 33082
99.25 33087
99.26 33089
99.27 33093
99.28 33096
99.30 33100
99.31 33104
99.32 33109
99.33 33110
99.34 33115
99.35 33118
99.36 33119
99.37 33122
99.38 33127
99.39 33133
99.40 33138
99.41 33143
99.42 33147
99.43 33152
99.44 33155
99.45 33157
99.46 33161
99.47 33162
99.49 33163
99.50 33168
99.51 33173
99.52 33177
99.53 33179
99.54 33182
99.55 33189
99.56 33193
99.57 33199
99.58 33206
99.59 33210
99.60 33214
99.61 33219
99.62 33221
99.63 33226
99.64 33229
99.65 33233
99.67 33238
99.68 33242
99.69 33248
99.70 33253
99.71 33259
99.72 33263
99.73 33268
99.74 33272
99.75 33276
99.76 33281
99.77 33287
99.78 33290
99.79 33294
99.80 33299
99.81 33304
99.82 33308
99.83 33312
99.85 33317
99.86 33321
99.87 33325
99.88 33331
99.89 33334
99.90 33337
99.91 33342
99.92 33345
99.93 33349
99.94 33355
99.95 33360
99.96 33365
99.97 33372
99.98 33378
99.99 33383
