0.00 0
0.01 190
0.02 298
0.03 382
0.04 453
0.05 615
0.06 805
0.07 1007
0.08 1183
0.09 1368
0.10 1550
0.11 1733
0.12 1903
0.13 2093
0.14 2275
0.15 2443
0.16 2611
0.17 2798
0.18 2965
0.19 3163
0.20 3352
0.21 3543
0.22 3714
0.23 3898
0.24 4047
0.25 4215
0.26 4389
0.27 4551
0.28 4749
0.29 4927
0.30 5090
0.31 5306
0.32 5468
0.33 5642
0.34 5811
0.35 5976
0.36 6169
0.37 6322
0.38 6503
0.39 6681
0.40 6843
0.41 7015
0.42 7208
0.43 7389
0.44 7563
0.45 7767
0.46 7934
0.47 8102
0.48 8287
0.49 8434
0.50 8613
0.51 8774
0.52 8964
0.53 9130
0.54 9261
0.55 9365
0.56 9542
0.57 9732
0.58 9860
0.59 9960
0.60 9996
0.61 10032
0.62 10064
0.63 10091
0.64 10182
0.65 10397
0.66 10589
0.67 10752
0.68 10920
0.69 11075
0.70 11273
0.71 11467
0.72 11675
0.73 11864
0.74 12067
0.75 12254
0.76 12433
0.77 12640
0.78 12824
0.79 12997
0.80 13192
0.81 13375
0.82 13550
0.83 13732
0.84 13863
0.85 14029
0.86 14206
0.87 14394
0.88 14583
0.89 14750
0.90 14929
0.91 15102
0.92 15286
0.93 15459
0.94 15618
0.95 15788
0.96 15926
0.97 16060
0.98 16226
0.99 16392
1.00 16522
1.01 16618
1.02 16703
1.03 16885
1.04 17036
1.05 17189
1.06 17318
1.07 17372
1.08 17395
1.09 17421
1.10 17437
1.11 17589
1.12 17770
1.13 17960
1.14 18140
1.15 18327
1.16 18532
1.17 18723
1.18 18868
1.19 18920
1.20 18992
1.21 19126
1.22 19296
1.23 19485
1.24 19647
1.25 19778
1.26 19934
1.27 20059
1.28 20220
1.29 20374
1.30 20504
1.31 20592
1.32 20635
1.33 20655
1.34 20684
1.35 20711
1.36 20765
1.37 20800
1.38 20828
1.39 20847
1.40 20888
1.41 20906
1.42 20955
1.43 20989
1.44 21011
1.45 21026
1.46 21089
1.47 21131
1.48 21163
1.49 21220
1.50 21242
1.51 21272
1.52 21290
1.53 21314
1.54 21359
1.55 21392
1.56 21530
1.57 21655
1.58 21823
1.59 21927
1.60 22072
1.61 22230
1.62 22407
1.63 22564
1.64 22719
1.65 22883
1.66 23034
1.67 23157
1.68 23199
1.69 23222
1.70 23249
1.71 23294
1.72 23418
1.73 23532
1.74 23673
1.75 23775
1.76 23918
1.77 24055
1.78 24206
1.79 24347
1.80 24509
1.81 24649
1.82 24799
1.83 24927
1.84 24971
1.85 25005
1.86 25160
1.87 25254
1.88 25345
1.89 25438
1.90 25579
1.91 25720
1.92 25877
1.93 25953
1.94 26006
1.95 26063
1.96 26219
1.97 26406
1.98 26589
1.99 26759
2.00 26916
2.01 27101
2.02 27268
2.03 27435
2.04 27607
2.05 27777
2.06 27941
2.07 28117
2.08 28283
2.09 28463
2.10 28634
2.11 28789
2.12 28923
2.13 29042
2.14 29187
2.15 29351
2.16 29496
2.17 29551
2.18 29614
2.19 29719
2.20 29879
2.21 30050
2.22 30204
2.23 30369
2.24 30545
2.25 30704
2.26 30863
2.27 31039
2.28 31207
2.29 31357
2.30 31514
2.31 31609
2.32 31769
2.33 31947
2.34 32116
2.35 32281
2.36 32454
2.37 32633
2.38 32802
2.39 32955
2.40 33115
2.41 33283
2.42 33450
2.43 33618
2.44 33784
2.45 33962
2.46 34115
2.47 34255
2.48 34426
2.49 34591
2.50 34771
2.51 34927
2.52 35118
2.53 35266
2.54 35468
2.55 35647
2.56 35799
2.57 35940
2.58 36090
2.59 36251
2.60 36438
2.61 36620
2.62 36795
2.63 36958
2.64 37118
2.65 37319
2.66 37500
2.67 37678
2.68 37838
2.69 37886
2.70 37963
2.71 38069
2.72 38244
2.73 38333
2.74 38414
2.75 38553
2.76 38720
2.77 38894
2.78 39043
2.79 39203
2.80 39343
2.81 39492
2.82 39635
2.83 39804
2.84 39961
2.85 40109
2.86 40267
2.87 40443
2.88 40621
2.89 40714
2.90 40822
2.91 40887
2.92 40937
2.93 40986
2.94 41118
2.95 41239
2.96 41407
2.97 41547
2.98 41699
2.99 41864
3.00 42030
3.01 42200
3.02 42386
3.03 42543
3.04 42727
3.05 42891
3.06 43048
3.07 43214
3.08 43390
3.09 43544
3.10 43714
3.11 43890
3.12 44077
3.13 44267
3.14 44483
3.15 44671
3.16 44814
3.17 44988
3.18 45160
3.19 45338
3.20 45524
3.21 45689
3.22 45854
3.23 46013
3.24 46129
3.25 46230
3.26 46350
3.27 46455
3.28 46621
3.29 46749
3.30 46855
3.31 46996
3.32 47173
3.33 47234
3.34 47272
3.35 47345
3.36 47508
3.37 47541
3.38 47575
3.39 47593
3.40 47613
3.41 47637
3.42 47668
3.43 47783
3.44 47966
3.45 48155
3.46 48349
3.47 48396
3.48 48432
3.49 48494
3.50 48563
3.51 48672
3.52 48765
3.53 48883
3.54 48942
3.55 48984
3.56 49100
3.57 49248
3.58 49370
3.59 49545
3.60 49713
3.61 49865
3.62 49972
3.63 50134
3.64 50284
3.65 50456
3.66 50644
3.67 50813
3.68 50998
3.69 51190
3.70 51352
3.71 51553
3.72 51749
3.73 51950
3.74 52144
3.75 52333
3.76 52513
3.77 52681
3.78 52855
3.79 52982
3.80 52998
3.81 53184
3.82 53326
3.83 53480
3.85 53581
3.86 53696
3.87 53858
3.88 54011
3.89 54119
3.90 54202
3.91 54270
3.92 54313
3.93 54377
3.94 54536
3.95 54706
3.96 54864
3.97 55033
3.98 55179
3.99 55331
4.00 55494
4.01 55674
4.02 55841
4.03 56005
4.04 56163
4.05 56312
4.06 56488
4.07 56661
4.08 56826
4.09 56977
4.10 57129
4.11 57273
4.12 57453
4.13 57639
4.14 57838
4.15 58009
4.16 58154
4.17 58246
4.18 58346
4.19 58423
4.20 58496
4.21 58551
4.22 58624
4.23 58680
4.24 58761
4.25 58853
4.26 59013
4.27 59169
4.28 59284
4.29 59420
4.30 59540
4.31 59673
4.32 59726
4.33 59799
4.34 59965
4.35 60024
4.36 60065
4.37 60204
4.38 60367
4.39 60472
4.40 60582
4.41 60623
4.42 60645
4.43 60748
4.44 60911
4.45 61071
4.46 61232
4.47 61403
4.48 61533
4.49 61699
4.50 61866
4.51 62014
4.52 62049
4.53 62075
4.54 62097
4.55 62226
4.56 62351
4.57 62448
4.58 62555
4.59 62711
4.60 62884
4.61 63046
4.62 63203
4.63 63370
4.64 63571
4.65 63728
4.66 63858
4.67 63988
4.68 64046
4.69 64095
4.70 64166
4.71 64301
4.72 64407
4.73 64576
4.74 64705
4.75 64881
4.76 65072
4.77 65193
4.78 65336
4.79 65483
4.80 65557
4.81 65627
4.82 65746
4.83 65931
4.84 66076
4.85 66244
4.86 66413
4.87 66576
4.88 66707
4.89 66850
4.90 67016
4.91 67148
4.92 67305
4.93 67443
4.94 67581
4.95 67735
4.96 67907
4.97 68080
4.98 68226
4.99 68357
5.00 68518
5.01 68682
5.02 68805
5.03 68934
5.04 69091
5.05 69209
5.06 69342
5.07 69501
5.08 69642
5.09 69763
5.10 69925
5.11 70023
5.12 70220
5.13 70378
5.14 70521
5.15 70631
5.16 70727
5.17 70843
5.18 70942
5.19 71012
5.20 71127
5.21 71254
5.22 71336
5.23 71491
5.24 71630
5.25 71807
5.26 71946
5.27 71992
5.28 72086
5.29 72229
5.30 72363
5.31 72569
5.32 72787
5.33 72919
5.34 73016
5.35 73159
5.36 73258
5.37 73325
5.38 73415
5.39 73505
5.40 73610
5.41 73767
5.42 73837
5.43 73941
5.44 74014
5.45 74191
5.46 74343
5.47 74453
5.48 74591
5.49 74737
5.50 74864
5.51 74960
5.52 75111
5.53 75233
5.54 75415
5.55 75581
5.56 75763
5.57 75929
5.58 76098
5.59 76269
5.60 76414
5.61 76569
5.62 76711
5.63 76863
5.64 77038
5.65 77233
5.66 77335
5.67 77481
5.68 77655
5.69 77827
5.70 78013
5.71 78178
5.72 78355
5.73 78540
5.74 78708
5.75 78890
5.76 79070
5.77 79234
5.78 79394
5.79 79553
5.80 79705
5.81 79892
5.82 80077
5.83 80252
5.84 80429
5.85 80583
5.86 80760
5.87 80949
5.88 81130
5.89 81247
5.90 81419
5.91 81536
5.92 81584
5.93 81618
5.94 81683
5.95 81843
5.96 81993
5.97 82160
5.98 82317
5.99 82504
6.00 82680
6.01 82823
6.02 83008
6.03 83185
6.04 83385
6.05 83569
6.06 83754
6.07 83938
6.08 84129
6.09 84299
6.10 84434
6.11 84580
6.12 84723
6.13 84929
6.14 85107
6.15 85314
6.16 85509
6.17 85701
6.18 85871
6.19 86055
6.20 86229
6.21 86399
6.22 86540
6.23 86620
6.24 86690
6.25 86743
6.26 86805
6.27 86953
6.28 87145
6.29 87326
6.30 87497
6.31 87663
6.32 87745
6.33 87854
6.34 88016
6.35 88179
6.36 88380
6.37 88553
6.38 88740
6.39 88942
6.40 89107
6.41 89283
6.42 89462
6.43 89581
6.44 89735
6.45 89899
6.46 90076
6.47 90249
6.48 90422
6.49 90581
6.50 90747
6.51 90937
6.52 91115
6.53 91285
6.54 91462
6.55 91621
6.56 91776
6.57 91959
6.58 92107
6.59 92265
6.60 92435
6.61 92587
6.62 92752
6.63 92916
6.64 93102
6.65 93280
6.66 93450
6.67 93615
6.68 93792
6.69 93982
6.70 94136
6.71 94294
6.72 94464
6.73 94671
6.74 94853
6.75 95034
6.76 95196
6.77 95335
6.78 95479
6.79 95650
6.80 95735
6.81 95807
6.82 95881
6.83 95977
6.84 96125
6.85 96224
6.86 96385
6.87 96507
6.88 96555
6.89 96679
6.90 96848
6.91 97030
6.92 97189
6.93 97369
6.94 97536
6.95 97695
6.96 97857
6.97 98038
6.98 98192
6.99 98347
7.00 98496
7.01 98671
7.02 98806
7.03 98880
7.04 98991
7.05 99085
7.06 99181
7.07 99312
7.08 99460
7.09 99591
7.10 99712
7.11 99869
7.12 100019
7.13 100098
7.14 100225
7.15 100374
7.16 100444
7.17 100590
7.18 100737
7.19 100896
7.20 101032
7.21 101217
7.22 101369
7.23 101527
7.24 101692
7.25 101835
7.26 101997
7.27 102162
7.28 102304
7.29 102424
7.30 102563
7.31 102677
7.32 102743
7.33 102801
7.34 102862
7.35 102958
7.36 103039
7.37 103156
7.38 103290
7.39 103419
7.40 103569
7.41 103699
7.42 103858
7.43 103979
7.44 104137
7.45 104301
7.46 104448
7.47 104589
7.48 104712
7.49 104839
7.50 104965
7.51 105075
7.52 105209
7.53 105347
7.54 105498
7.55 105622
7.56 105765
7.57 105940
7.58 106080
7.59 106249
7.60 106399
7.61 106548
7.62 106681
7.63 106828
7.64 106975
7.65 107140
7.66 107286
7.67 107437
7.68 107599
7.69 107754
7.70 107883
7.71 108033
7.72 108180
7.73 108310
7.74 108463
7.75 108602
7.76 108742
7.77 108836
7.78 108882
7.79 108925
7.80 109028
7.81 109107
7.82 109222
7.83 109353
7.84 109471
7.85 109609
7.86 109746
7.87 109816
7.88 109874
7.89 109934
7.90 110004
7.91 110152
7.92 110299
7.93 110433
7.94 110558
7.95 110695
7.96 110795
7.97 110841
7.98 110966
7.99 111070
8.00 111230
8.01 111410
8.02 111569
8.03 111714
8.04 111779
8.05 111890
8.06 112075
8.07 112235
8.08 112424
8.09 112531
8.10 112735
8.11 112888
8.12 113070
8.13 113250
8.14 113389
8.15 113549
8.16 113750
8.17 113938
8.18 114071
8.19 114121
8.20 114157
8.21 114190
8.22 114231
8.23 114269
8.24 114308
8.25 114372
8.26 114480
8.27 114657
8.28 114764
8.29 114807
8.30 114858
8.31 114868
8.32 114902
8.33 114919
8.34 115017
8.35 115186
8.36 115381
8.37 115553
8.38 115707
8.39 115850
8.40 116038
8.41 116149
8.42 116214
8.43 116316
8.44 116448
8.45 116563
8.46 116656
8.47 116784
8.48 116937
8.49 117097
8.50 117236
8.51 117426
8.52 117585
8.53 117745
8.54 117918
8.55 118097
8.56 118280
8.57 118427
8.58 118617
8.59 118773
8.60 118921
8.61 119088
8.62 119234
8.63 119365
8.64 119512
8.65 119635
8.66 119776
8.67 119907
8.68 120003
8.69 120134
8.70 120299
8.71 120441
8.72 120607
8.73 120770
8.74 120882
8.75 120923
8.76 120978
8.77 121098
8.78 121178
8.79 121234
8.80 121297
8.81 121349
8.82 121403
8.83 121448
8.84 121494
8.85 121563
8.86 121627
8.87 121692
8.88 121739
8.89 121790
8.90 121851
8.91 121931
8.92 122029
8.93 122102
8.94 122228
8.95 122374
8.96 122503
8.97 122563
8.98 122601
8.99 122648
9.00 122714
9.01 122821
9.02 122938
9.03 122960
9.04 123050
9.05 123226
9.06 123412
9.07 123607
9.08 123778
9.09 123937
9.10 124066
9.11 124216
9.12 124416
9.13 124570
9.14 124645
9.15 124727
9.16 124871
9.17 125054
9.18 125241
9.19 125413
9.20 125578
9.21 125771
9.22 125952
9.23 126131
9.24 126273
9.25 126437
9.26 126592
9.27 126757
9.28 126900
9.29 127066
9.30 127226
9.31 127389
9.32 127553
9.33 127734
9.34 127911
9.35 128073
9.36 128238
9.37 128406
9.38 128575
9.39 128688
9.40 128813
9.41 128958
9.42 129109
9.43 129261
9.44 129413
9.45 129471
9.46 129540
9.47 129673
9.48 129825
9.49 129983
9.50 130163
9.51 130330
9.52 130471
9.53 130654
9.54 130786
9.55 130935
9.56 131074
9.57 131207
9.58 131361
9.59 131539
9.60 131708
9.61 131892
9.62 132067
9.63 132254
9.64 132428
9.65 132586
9.66 132751
9.67 132930
9.68 133100
9.69 133298
9.70 133404
9.71 133476
9.72 133522
9.73 133618
9.74 133745
9.75 133872
9.76 134016
9.77 134149
9.78 134271
9.79 134430
9.80 134526
9.81 134603
9.82 134669
9.83 134725
9.84 134768
9.85 134809
9.86 134855
9.87 134921
9.88 134953
9.89 134995
9.90 135048
9.91 135095
9.92 135140
9.93 135160
9.94 135177
9.95 135216
9.96 135238
9.97 135273
9.98 135324
9.99 135439
10.00 135580
10.01 135616
10.02 135673
10.03 135792
10.04 135941
10.05 136049
10.06 136145
10.07 136222
10.08 136288
10.09 136434
10.10 136601
10.11 136779
10.12 136899
10.13 137024
10.14 137147
10.15 137304
10.16 137445
10.17 137586
10.18 137752
10.19 137907
10.20 137986
10.21 138054
10.22 138086
10.23 138205
10.24 138304
10.25 138408
10.26 138544
10.27 138699
10.28 138829
10.29 138970
10.30 139101
10.31 139253
10.32 139411
10.33 139522
10.34 139615
10.35 139671
10.36 139704
10.37 139739
10.38 139760
10.39 139785
10.40 139808
10.41 139826
10.42 139850
10.43 139995
10.44 140179
10.45 140327
10.46 140490
10.47 140581
10.48 140724
10.49 140846
10.50 140912
10.51 140970
10.52 141068
10.53 141184
10.54 141340
10.55 141467
10.56 141606
10.57 141760
10.58 141955
10.59 142130
10.60 142293
10.61 142506
10.62 142610
10.63 142753
10.64 142889
10.65 143023
10.66 143189
10.67 143345
10.68 143493
10.69 143655
10.70 143800
10.71 143977
10.72 144136
10.73 144309
10.74 144499
10.75 144669
10.76 144829
10.77 144981
10.78 145155
10.79 145300
10.80 145476
10.81 145658
10.82 145840
10.83 145996
10.84 146174
10.85 146361
10.86 146518
10.87 146669
10.88 146829
10.89 146991
10.90 147125
10.91 147282
10.92 147431
10.93 147599
10.94 147781
10.95 147950
10.96 148064
10.97 148204
10.98 148335
10.99 148511
11.00 148626
11.01 148793
11.02 148905
11.03 148959
11.04 149001
11.05 149094
11.06 149246
11.07 149415
11.08 149591
11.09 149777
11.10 149948
11.11 150127
11.12 150290
11.13 150460
11.14 150622
11.15 150782
11.16 150968
11.17 151134
11.18 151295
11.19 151428
11.20 151598
11.21 151773
11.22 151946
11.23 152117
11.24 152293
11.25 152478
11.26 152647
11.27 152736
11.28 152891
11.29 153006
11.30 153135
11.31 153259
11.32 153402
11.33 153580
11.34 153717
11.35 153904
11.36 154090
11.37 154246
11.38 154398
11.39 154507
11.40 154572
11.41 154621
11.42 154699
11.43 154783
11.44 154880
11.45 154994
11.46 155150
11.47 155294
11.48 155431
11.49 155575
11.50 155716
11.51 155901
11.53 156038
11.54 156191
11.55 156331
11.56 156468
11.57 156625
11.58 156754
11.59 156898
11.60 157067
11.61 157211
11.62 157358
11.63 157510
11.64 157676
11.65 157834
11.66 157896
11.67 158004
11.68 158108
11.69 158268
11.70 158411
11.71 158561
11.72 158655
11.73 158730
11.74 158817
11.75 158906
11.76 158974
11.77 159019
11.78 159073
11.79 159240
11.80 159395
11.81 159486
11.82 159535
11.83 159584
11.84 159730
11.85 159897
11.86 160098
11.87 160292
11.88 160471
11.89 160635
11.90 160800
11.91 160983
11.92 161156
11.93 161333
11.94 161509
11.95 161700
11.96 161867
11.97 162046
11.98 162214
11.99 162395
12.00 162550
12.01 162679
12.02 162839
12.03 162984
12.04 163144
12.05 163250
12.06 163361
12.07 163453
12.08 163536
12.09 163682
12.10 163851
12.11 164025
12.12 164178
12.13 164351
12.14 164518
12.15 164669
12.16 164848
12.17 165033
12.18 165201
12.19 165342
12.20 165428
12.21 165541
12.22 165633
12.23 165777
12.24 165942
12.25 166026
12.26 166061
12.27 166102
12.28 166199
12.29 166320
12.30 166414
12.31 166517
12.32 166595
12.33 166718
12.34 166895
12.35 167092
12.36 167261
12.37 167422
12.38 167577
12.39 167736
12.40 167907
12.41 168078
12.42 168250
12.43 168420
12.44 168600
12.45 168735
12.46 168862
12.47 168921
12.48 169087
12.49 169227
12.50 169339
12.51 169364
12.52 169400
12.53 169551
12.54 169665
12.55 169773
12.56 169930
12.57 170085
12.58 170258
12.59 170424
12.60 170584
12.61 170763
12.62 170930
12.63 171097
12.64 171241
12.65 171382
12.66 171515
12.67 171669
12.68 171785
12.69 171923
12.70 172031
12.71 172170
12.72 172330
12.73 172504
12.74 172660
12.75 172758
12.76 172918
12.77 173023
12.78 173154
12.79 173250
12.80 173357
12.81 173548
12.82 173664
12.83 173709
12.84 173873
12.85 174016
12.86 174170
12.87 174358
12.88 174491
12.89 174597
12.90 174734
12.91 174793
12.92 174889
12.93 175063
12.94 175251
12.95 175418
12.96 175584
12.97 175729
12.98 175878
12.99 176036
13.00 176200
13.01 176334
13.02 176460
13.03 176632
13.04 176759
13.05 176787
13.06 176814
13.07 176966
13.08 177133
13.09 177196
13.10 177369
13.11 177532
13.12 177668
13.13 177871
13.14 178021
13.15 178175
13.16 178372
13.17 178572
13.18 178750
13.19 178818
13.20 178993
13.21 179198
13.22 179400
13.23 179576
13.24 179755
13.25 179935
13.26 180072
13.27 180241
13.28 180374
13.29 180502
13.30 180584
13.31 180734
13.32 180877
13.33 181055
13.34 181238
13.35 181401
13.36 181561
13.37 181711
13.38 181872
13.39 182024
13.40 182187
13.41 182314
13.42 182382
13.43 182538
13.44 182667
13.45 182823
13.46 182994
13.47 183140
13.48 183242
13.49 183358
13.50 183470
13.51 183515
13.52 183596
13.53 183641
13.54 183653
13.55 183758
13.56 183871
13.57 183964
13.58 184068
13.59 184160
13.60 184230
13.61 184347
13.62 184504
13.63 184668
13.64 184723
13.65 184845
13.66 185000
13.67 185111
13.68 185171
13.69 185251
13.70 185349
13.71 185495
13.72 185634
13.73 185792
13.74 185949
13.75 186086
13.76 186224
13.77 186379
13.78 186532
13.79 186670
13.80 186804
13.81 186965
13.82 187072
13.83 187211
13.84 187370
13.85 187518
13.86 187641
13.87 187771
13.88 187928
13.89 188064
13.90 188235
13.91 188368
13.92 188527
13.93 188663
13.94 188826
13.95 188944
13.96 189076
13.97 189205
13.98 189351
13.99 189427
14.00 189565
14.01 189712
14.02 189861
14.03 190027
14.04 190182
14.05 190349
14.06 190504
14.07 190678
14.08 190836
14.09 191001
14.10 191126
14.11 191223
14.12 191289
14.13 191442
14.14 191586
14.15 191651
14.16 191738
14.17 191874
14.18 191989
14.19 192072
14.20 192217
14.21 192380
14.22 192552
14.23 192739
14.24 192942
14.25 193139
14.26 193319
14.27 193527
14.28 193723
14.29 193906
14.30 194060
14.31 194209
14.32 194397
14.33 194582
14.34 194770
14.35 194957
14.36 195131
14.37 195298
14.38 195469
14.39 195641
14.40 195800
14.41 195945
14.42 196079
14.43 196123
14.44 196186
14.45 196265
14.46 196373
14.47 196514
14.48 196624
14.49 196779
14.50 196939
14.51 197100
14.52 197263
14.53 197431
14.54 197601
14.55 197751
14.56 197927
14.57 198082
14.58 198227
14.59 198416
14.60 198573
14.61 198761
14.62 198940
14.63 199129
14.64 199304
14.65 199485
14.66 199643
14.67 199790
14.68 199945
14.69 200099
14.70 200264
14.71 200429
14.72 200580
14.73 200765
14.74 200946
14.75 201101
14.76 201261
14.77 201437
14.78 201590
14.79 201767
14.80 201927
14.81 202082
14.82 202246
14.83 202417
14.84 202542
14.85 202643
14.86 202755
14.87 202842
14.88 202962
14.89 203046
14.90 203156
14.91 203312
14.92 203422
14.93 203569
14.94 203716
14.95 203840
14.96 203993
14.97 204154
14.98 204288
14.99 204420
15.00 204518
15.01 204581
15.02 204749
15.03 204929
15.04 205092
15.05 205173
15.06 205275
15.07 205439
15.08 205584
15.09 205676
15.10 205744
15.11 205877
15.12 205991
15.13 206074
15.14 206227
15.15 206367
15.16 206546
15.17 206699
15.18 206881
15.19 207051
15.20 207185
15.21 207334
15.22 207480
15.23 207639
15.24 207806
15.25 207968
15.26 208049
15.27 208173
15.28 208315
15.29 208401
15.30 208450
15.31 208587
15.32 208727
15.33 208815
15.34 208880
15.35 208989
15.36 209141
15.37 209333
15.38 209492
15.39 209594
15.40 209683
15.41 209809
15.42 209904
15.43 209944
15.44 210032
15.45 210174
15.46 210263
15.47 210391
15.48 210571
15.49 210749
15.50 210862
15.51 211022
15.52 211195
15.53 211254
15.54 211310
15.55 211449
15.56 211601
15.57 211781
15.58 211952
15.59 212013
15.60 212135
15.61 212245
15.62 212379
15.63 212536
15.64 212722
15.65 212911
15.66 213084
15.67 213230
15.68 213286
15.69 213438
15.70 213552
15.71 213692
15.72 213849
15.73 214030
15.74 214193
15.75 214338
15.76 214438
15.77 214591
15.78 214640
15.79 214777
15.80 214953
15.81 215145
15.82 215334
15.83 215484
15.84 215573
15.85 215675
15.86 215778
15.87 215869
15.88 215957
15.89 216051
15.90 216137
15.91 216247
15.92 216336
15.93 216419
15.94 216512
15.95 216596
15.96 216679
15.97 216765
15.98 216843
15.99 216927
16.00 217005
16.01 217096
16.02 217181
16.03 217261
16.04 217328
16.05 217430
16.06 217589
16.07 217645
16.08 217705
16.09 217827
16.10 217988
16.11 218119
16.12 218268
16.13 218394
16.14 218517
16.15 218643
16.16 218745
16.17 218849
16.18 218950
16.19 219071
16.20 219212
16.21 219350
16.22 219482
16.23 219636
16.24 219798
16.25 219911
16.26 220013
16.27 220101
16.28 220182
16.29 220262
16.30 220345
16.31 220457
16.32 220534
16.33 220624
16.34 220674
16.35 220731
16.36 220785
16.37 220822
16.38 220912
16.39 221039
16.40 221149
16.41 221310
16.42 221452
16.43 221620
16.44 221746
16.45 221832
16.46 221951
16.47 222100
16.48 222190
16.49 222304
16.50 222334
16.51 222437
16.52 222609
16.53 222781
16.54 222956
16.55 223125
16.56 223309
16.57 223474
16.58 223641
16.59 223780
16.60 223923
16.61 224039
16.62 224142
16.63 224245
16.64 224369
16.65 224476
16.66 224514
16.67 224609
16.68 224760
16.69 224920
16.70 225083
16.71 225234
16.72 225408
16.73 225575
16.74 225764
16.75 225970
16.76 226138
16.77 226219
16.78 226341
16.79 226453
16.80 226573
16.81 226726
16.82 226872
16.83 227015
16.84 227151
16.85 227301
16.86 227461
16.87 227613
16.88 227769
16.89 227906
16.90 228072
16.91 228231
16.92 228378
16.93 228508
16.94 228627
16.95 228741
16.96 228849
16.97 229007
16.98 229200
16.99 229358
17.00 229399
17.01 229513
17.02 229664
17.03 229791
17.04 229900
17.05 230035
17.06 230189
17.07 230350
17.08 230500
17.09 230664
17.10 230829
17.11 230980
17.12 231143
17.13 231272
17.14 231386
17.15 231534
17.16 231702
17.17 231846
17.18 231918
17.19 231994
17.20 232071
17.21 232149
17.22 232236
17.23 232372
17.24 232449
17.25 232529
17.26 232576
17.27 232631
17.28 232685
17.29 232783
17.30 232914
17.31 233057
17.32 233210
17.33 233390
17.34 233572
17.35 233747
17.36 233931
17.37 234112
17.38 234288
17.39 234464
17.40 234634
17.41 234811
17.42 234992
17.43 235165
17.44 235365
17.45 235549
17.46 235722
17.47 235880
17.48 236010
17.49 236155
17.50 236308
17.51 236375
17.52 236411
17.53 236477
17.54 236553
17.55 236612
17.56 236718
17.57 236863
17.58 237018
17.59 237161
17.60 237313
17.61 237476
17.62 237613
17.63 237781
17.64 237834
17.65 237891
17.66 238043
17.67 238211
17.68 238364
17.69 238512
17.70 238687
17.71 238764
17.72 238886
17.73 238963
17.74 238988
17.75 239009
17.76 239105
17.77 239267
17.78 239433
17.79 239593
17.80 239762
17.81 239867
17.82 240001
17.83 240141
17.84 240276
17.85 240433
17.86 240573
17.87 240716
17.88 240865
17.89 241030
17.90 241177
17.91 241278
17.92 241336
17.93 241384
17.94 241414
17.95 241438
17.96 241513
17.97 241629
17.98 241707
17.99 241795
18.00 241832
18.01 241928
18.02 242100
18.03 242204
18.04 242376
18.05 242551
18.06 242709
18.07 242761
18.08 242904
18.09 242986
18.10 243134
18.11 243235
18.12 243319
18.13 243447
18.14 243556
18.15 243678
18.16 243756
18.17 243865
18.18 243988
18.19 244110
18.20 244239
18.21 244359
18.22 244524
18.23 244692
18.24 244833
18.25 244920
18.26 244997
18.27 245107
18.28 245251
18.29 245418
18.30 245550
18.31 245722
18.32 245850
18.33 245993
18.34 246130
18.35 246230
18.36 246297
18.37 246347
18.38 246448
18.39 246582
18.40 246758
18.41 246901
18.42 247067
18.43 247222
18.44 247389
18.45 247545
18.46 247704
18.47 247875
18.48 248032
18.49 248101
18.50 248167
18.51 248257
18.52 248340
18.53 248432
18.54 248563
18.55 248712
18.56 248844
18.57 248993
18.58 249109
18.59 249162
18.60 249210
18.61 249340
18.62 249462
18.63 249640
18.64 249805
18.65 249987
18.66 250122
18.67 250251
18.68 250405
18.69 250583
18.70 250716
18.71 250829
18.72 250955
18.73 251106
18.74 251250
18.75 251401
18.76 251553
18.77 251658
18.78 251779
18.79 251911
18.80 252043
18.81 252179
18.82 252337
18.83 252487
18.84 252663
18.85 252785
18.86 252828
18.87 252929
18.88 253074
18.89 253214
18.90 253375
18.91 253474
18.92 253627
18.93 253788
18.94 253962
18.95 254131
18.96 254277
18.97 254420
18.98 254592
18.99 254736
19.00 254905
19.01 255060
19.02 255253
19.03 255420
19.04 255604
19.05 255781
19.06 255940
19.07 256045
19.08 256169
19.09 256317
19.10 256454
19.11 256614
19.12 256792
19.13 256957
19.14 257116
19.15 257280
19.16 257427
19.17 257566
19.18 257721
19.19 257855
19.21 257965
19.22 258097
19.23 258249
19.24 258396
19.25 258513
19.26 258640
19.27 258761
19.28 258880
19.29 258995
19.30 259108
19.31 259227
19.32 259356
19.33 259443
19.34 259507
19.35 259577
19.36 259709
19.37 259829
19.38 259959
19.39 260050
19.40 260192
19.41 260295
19.42 260352
19.43 260488
19.44 260598
19.45 260685
19.46 260765
19.47 260879
19.48 261017
19.49 261078
19.50 261215
19.51 261362
19.52 261546
19.53 261728
19.54 261916
19.55 262057
19.56 262216
19.57 262394
19.58 262559
19.59 262730
19.60 262869
19.61 263043
19.62 263199
19.63 263378
19.64 263523
19.65 263659
19.66 263808
19.67 263952
19.68 264118
19.69 264269
19.70 264435
19.71 264617
19.72 264782
19.73 264929
19.74 265078
19.75 265226
19.76 265395
19.77 265562
19.78 265725
19.79 265916
19.80 266091
19.81 266263
19.82 266407
19.83 266552
19.84 266735
19.85 266876
19.86 267027
19.87 267199
19.88 267319
19.89 267474
19.90 267664
19.91 267800
19.92 267930
19.93 268077
19.94 268238
19.95 268340
19.96 268462
19.97 268576
19.98 268682
19.99 268780
20.00 268908
20.01 269071
20.02 269157
20.03 269223
20.04 269325
20.05 269458
20.06 269596
20.07 269737
20.08 269887
20.09 269944
20.10 269983
20.11 270028
20.12 270055
20.13 270093
20.14 270168
20.15 270231
20.16 270327
20.17 270471
20.18 270661
20.19 270843
20.20 270994
20.21 271152
20.22 271310
20.23 271458
20.24 271613
20.25 271764
20.26 271904
20.27 272059
20.28 272218
20.29 272364
20.30 272511
20.31 272668
20.32 272821
20.33 273007
20.34 273157
20.35 273332
20.36 273471
20.37 273619
20.38 273768
20.39 273811
20.40 273845
20.41 273885
20.42 274007
20.43 274192
20.44 274357
20.45 274520
20.46 274696
20.47 274865
20.48 275052
20.49 275228
20.50 275390
20.51 275557
20.52 275713
20.53 275846
20.54 275977
20.55 276088
20.56 276262
20.57 276429
20.58 276600
20.59 276761
20.60 276969
20.61 277133
20.62 277282
20.63 277437
20.64 277564
20.65 277679
20.66 277845
20.67 277967
20.68 278011
20.69 278057
20.70 278096
20.71 278182
20.72 278257
20.73 278334
20.74 278462
20.75 278599
20.76 278724
20.77 278864
20.78 279002
20.79 279164
20.80 279329
20.81 279482
20.82 279571
20.83 279607
20.84 279649
20.85 279701
20.86 279843
20.87 279997
20.88 280147
20.89 280297
20.90 280410
20.91 280537
20.92 280605
20.93 280661
20.94 280688
20.95 280726
20.96 280844
20.97 280976
20.98 281110
20.99 281275
21.00 281409
21.01 281560
21.02 281699
21.03 281819
21.04 281937
21.05 282074
21.06 282268
21.07 282457
21.08 282635
21.09 282787
21.10 282938
21.11 283088
21.12 283244
21.13 283306
21.14 283348
21.15 283467
21.16 283622
21.17 283768
21.18 283921
21.19 284060
21.20 284179
21.21 284304
21.22 284423
21.23 284560
21.24 284684
21.25 284820
21.26 284966
21.27 285112
21.28 285285
21.29 285449
21.30 285587
21.31 285721
21.32 285878
21.33 286021
21.34 286165
21.35 286294
21.36 286385
21.37 286537
21.38 286682
21.39 286837
21.40 286983
21.41 287134
21.42 287258
21.43 287389
21.44 287493
21.45 287537
21.46 287584
21.47 287626
21.48 287655
21.49 287735
21.50 287811
21.51 287904
21.52 288024
21.53 288159
21.54 288315
21.55 288465
21.56 288640
21.57 288827
21.58 288966
21.59 289100
21.60 289194
21.61 289257
21.62 289388
21.63 289573
21.64 289754
21.65 289849
21.66 289992
21.67 290133
21.68 290312
21.69 290488
21.70 290625
21.71 290759
21.72 290893
21.73 291064
21.74 291200
21.75 291320
21.76 291429
21.77 291531
21.78 291623
21.79 291686
21.80 291778
21.81 291903
21.82 291950
21.83 291990
21.84 292019
21.85 292092
21.86 292149
21.87 292210
21.88 292315
21.89 292467
21.90 292584
21.91 292734
21.92 292891
21.93 293042
21.94 293196
21.95 293268
21.96 293351
21.97 293497
21.98 293638
21.99 293801
22.00 293962
22.01 294117
22.02 294248
22.03 294390
22.04 294522
22.05 294719
22.06 294910
22.07 295069
22.08 295172
22.09 295295
22.10 295344
22.11 295379
22.12 295410
22.13 295483
22.14 295544
22.15 295602
22.16 295735
22.17 295893
22.18 296008
22.19 296139
22.20 296243
22.21 296385
22.22 296547
22.23 296703
22.24 296805
22.25 296926
22.26 297077
22.27 297212
22.28 297329
22.29 297401
22.30 297529
22.31 297582
22.32 297625
22.33 297661
22.34 297754
22.35 297909
22.36 298075
22.37 298237
22.38 298399
22.39 298568
22.40 298728
22.41 298900
22.42 299093
22.43 299281
22.44 299451
22.45 299628
22.46 299772
22.47 299883
22.48 299939
22.49 300060
22.50 300220
22.51 300414
22.52 300568
22.53 300749
22.54 300938
22.55 301120
22.56 301301
22.57 301458
22.58 301631
22.59 301806
22.60 301985
22.61 302149
22.62 302319
22.63 302502
22.64 302670
22.65 302854
22.66 303028
22.67 303215
22.68 303381
22.69 303530
22.70 303686
22.71 303849
22.72 303970
22.73 304131
22.74 304242
22.75 304325
22.76 304352
22.77 304432
22.78 304595
22.79 304739
22.80 304885
22.81 305038
22.82 305220
22.83 305419
22.84 305599
22.85 305765
22.86 305955
22.87 306142
22.88 306329
22.89 306502
22.90 306694
22.91 306872
22.92 307059
22.93 307253
22.94 307418
22.95 307551
22.96 307688
22.97 307810
22.98 307894
22.99 307965
23.00 308123
23.01 308299
23.02 308481
23.03 308643
23.04 308823
23.05 309066
23.06 309298
23.07 309426
23.08 309537
23.09 309597
23.10 309612
23.11 309620
23.12 309628
23.13 309642
23.14 309729
23.15 309848
23.16 310003
23.17 310109
23.18 310271
23.19 310431
23.20 310603
23.21 310773
23.22 310928
23.23 311095
23.24 311258
23.25 311418
23.26 311588
23.27 311764
23.28 311938
23.29 312099
23.30 312268
23.31 312432
23.32 312599
23.33 312763
23.34 312935
23.35 313093
23.36 313266
23.37 313439
23.38 313623
23.39 313761
23.40 313923
23.41 314065
23.42 314220
23.43 314369
23.44 314538
23.45 314701
23.46 314836
23.47 314958
23.48 315105
23.49 315255
23.50 315390
23.51 315528
23.52 315685
23.53 315815
23.54 315964
23.55 316099
23.56 316230
23.57 316398
23.58 316504
23.59 316648
23.60 316771
23.61 316893
23.62 317014
23.63 317158
23.64 317283
23.65 317418
23.66 317547
23.67 317686
23.68 317824
23.69 317953
23.70 318090
23.71 318209
23.72 318348
23.73 318423
23.74 318587
23.75 318745
23.76 318808
23.77 318913
23.78 319026
23.79 319167
23.80 319304
23.81 319452
23.82 319569
23.83 319734
23.84 319861
23.85 319950
23.86 320088
23.87 320129
23.88 320265
23.89 320404
23.90 320544
23.91 320704
23.92 320856
23.93 321018
23.94 321189
23.95 321338
23.96 321487
23.97 321648
23.98 321798
23.99 321933
24.00 322074
24.01 322219
24.02 322344
24.03 322494
24.04 322660
24.05 322805
24.06 322974
24.07 323139
24.08 323278
24.09 323449
24.10 323612
24.11 323792
24.12 323964
24.13 324121
24.14 324278
24.15 324440
24.16 324613
24.17 324780
24.18 324911
24.19 325059
24.20 325181
24.21 325298
24.22 325437
24.23 325555
24.24 325612
24.25 325701
24.26 325805
24.27 325923
24.28 326075
24.29 326228
24.30 326375
24.31 326537
24.32 326671
24.33 326829
24.34 326958
24.35 327094
24.36 327216
24.37 327356
24.38 327490
24.39 327641
24.40 327787
24.41 327940
24.42 328073
24.43 328231
24.44 328375
24.45 328532
24.46 328681
24.47 328822
24.48 328963
24.49 329099
24.50 329235
24.51 329377
24.52 329522
24.53 329666
24.54 329800
24.55 329931
24.56 330056
24.57 330198
24.58 330334
24.59 330478
24.60 330629
24.61 330792
24.62 330901
24.63 331021
24.64 331160
24.65 331288
24.66 331411
24.67 331561
24.68 331700
24.69 331841
24.70 331930
24.71 332105
24.72 332255
24.73 332329
24.74 332408
24.75 332568
24.76 332744
24.77 332915
24.78 333089
24.79 333268
24.80 333429
24.81 333565
24.82 333741
24.83 333899
24.84 334082
24.85 334245
24.86 334402
24.87 334566
24.88 334707
24.89 334887
24.90 335052
24.91 335203
24.92 335359
24.93 335487
24.94 335628
24.95 335788
24.96 335938
24.97 336097
24.98 336260
24.99 336424
25.00 336568
25.01 336725
25.02 336892
25.03 337047
25.04 337216
25.05 337369
25.06 337521
25.07 337667
25.08 337818
25.09 337963
25.10 338096
25.11 338240
25.12 338371
25.13 338493
25.14 338651
25.15 338793
25.16 338979
25.17 339162
25.18 339343
25.19 339501
25.20 339660
25.21 339831
25.22 340007
25.23 340162
25.24 340320
25.25 340483
25.26 340643
25.27 340814
25.28 340965
25.29 341128
25.30 341300
25.31 341346
25.32 341385
25.33 341478
25.34 341593
25.35 341697
25.36 341810
25.37 341943
25.38 342084
25.39 342176
25.40 342357
25.41 342436
25.42 342576
25.43 342731
25.44 342887
25.45 343032
25.46 343181
25.47 343335
25.48 343505
25.49 343645
25.50 343804
25.51 343951
25.52 344117
25.53 344291
25.54 344458
25.55 344615
25.56 344775
25.57 344933
25.58 345103
25.59 345271
25.60 345445
25.61 345622
25.62 345797
25.63 345951
25.64 346107
25.65 346269
25.66 346420
25.67 346602
25.68 346781
25.69 346959
25.70 347134
25.71 347293
25.72 347420
25.73 347581
25.74 347763
25.75 347936
25.76 348112
25.77 348281
25.78 348469
25.79 348642
25.80 348808
25.81 348960
25.82 349108
25.83 349282
25.84 349413
25.85 349553
25.86 349680
25.87 349820
25.88 349958
25.89 350116
25.90 350260
25.91 350410
25.92 350518
25.93 350659
25.94 350778
25.95 350839
25.96 350936
25.97 351023
25.98 351087
25.99 351188
26.00 351331
26.01 351514
26.02 351668
26.03 351855
26.04 352018
26.05 352120
26.06 352215
26.07 352358
26.08 352501
26.09 352670
26.10 352847
26.11 353016
26.12 353184
26.13 353369
26.14 353493
26.15 353640
26.16 353787
26.17 353905
26.18 353965
26.19 354090
26.20 354229
26.21 354292
26.22 354373
26.23 354489
26.24 354564
26.25 354664
26.26 354811
26.27 354967
26.28 355039
26.29 355157
26.30 355233
26.31 355382
26.32 355533
26.33 355646
26.34 355745
26.35 355843
26.36 356037
26.37 356184
26.38 356340
26.39 356477
26.40 356632
26.41 356808
26.42 356954
26.43 357111
26.44 357283
26.45 357456
26.46 357641
26.47 357783
26.48 357989
26.49 358146
26.50 358318
26.51 358489
26.52 358583
26.53 358756
26.54 358891
26.55 359048
26.56 359220
26.57 359394
26.58 359543
26.59 359704
26.60 359837
26.61 359951
26.62 360109
26.63 360234
26.64 360291
26.65 360427
26.66 360538
26.67 360729
26.68 360917
26.69 360983
26.70 361109
26.71 361232
26.72 361392
26.73 361527
26.74 361641
26.75 361751
26.76 361813
26.77 361876
26.78 361914
26.79 361947
26.80 361974
26.81 361995
26.82 362138
26.83 362253
26.84 362333
26.85 362450
26.86 362613
26.88 362765
26.89 362871
26.90 362932
26.91 363039
26.92 363135
26.93 363197
26.94 363260
26.95 363313
26.96 363365
26.97 363390
26.98 363420
26.99 363447
27.00 363465
27.01 363482
27.02 363560
27.03 363636
27.04 363748
27.05 363877
27.06 364013
27.07 364146
27.08 364286
27.09 364440
27.10 364594
27.11 364729
27.12 364846
27.13 365039
27.14 365224
27.15 365402
27.16 365578
27.17 365762
27.18 365937
27.19 366131
27.20 366297
27.21 366467
27.22 366624
27.23 366800
27.24 366942
27.25 367071
27.26 367194
27.27 367329
27.28 367474
27.29 367524
27.30 367590
27.31 367722
27.32 367876
27.33 368039
27.34 368160
27.35 368291
27.36 368423
27.37 368562
27.38 368728
27.39 368898
27.40 369046
27.41 369217
27.42 369374
27.43 369513
27.44 369676
27.45 369853
27.46 370024
27.47 370180
27.48 370332
27.49 370470
27.50 370545
27.51 370569
27.52 370663
27.53 370746
27.54 370872
27.55 370993
27.56 371131
27.57 371303
27.58 371452
27.59 371590
27.60 371754
27.61 371888
27.62 371993
27.63 372054
27.64 372090
27.65 372117
27.66 372264
27.67 372423
27.68 372604
27.69 372761
27.70 372884
27.71 373028
27.72 373189
27.73 373354
27.74 373507
27.75 373618
27.76 373777
27.77 373962
27.78 374116
27.79 374193
27.80 374268
27.81 374334
27.82 374377
27.83 374475
27.84 374611
27.85 374792
27.86 374969
27.87 375142
27.88 375329
27.89 375522
27.90 375716
27.91 375903
27.92 376083
27.93 376266
27.94 376455
27.95 376641
27.96 376828
27.97 377025
27.98 377224
27.99 377412
28.00 377561
28.01 377718
28.02 377892
28.03 378058
28.04 378212
28.05 378372
28.06 378542
28.07 378725
28.08 378849
28.09 379016
28.10 379170
28.11 379310
28.12 379407
28.13 379490
28.14 379651
28.15 379797
28.16 379869
28.17 379909
28.18 379992
28.19 380151
28.20 380308
28.21 380464
28.22 380621
28.23 380774
28.24 380909
28.25 381087
28.26 381232
28.27 381387
28.28 381555
28.29 381740
28.30 381863
28.31 382022
28.32 382189
28.33 382352
28.34 382526
28.35 382716
28.36 382914
28.37 383102
28.38 383264
28.39 383429
28.40 383608
28.41 383747
28.42 383863
28.43 384023
28.44 384171
28.45 384279
28.46 384372
28.47 384454
28.48 384524
28.49 384578
28.50 384642
28.51 384760
28.52 384884
28.53 385000
28.54 385160
28.55 385305
28.56 385402
28.57 385437
28.58 385470
28.59 385584
28.60 385746
28.61 385885
28.62 386066
28.63 386241
28.64 386305
28.65 386378
28.66 386528
28.67 386678
28.68 386818
28.69 386949
28.70 386998
28.71 387019
28.72 387030
28.73 387037
28.74 387065
28.75 387182
28.76 387328
28.77 387480
28.78 387605
28.79 387664
28.80 387757
28.81 387872
28.82 388024
28.83 388166
28.84 388323
28.85 388491
28.86 388546
28.87 388559
28.88 388569
28.89 388579
28.90 388593
28.91 388633
28.92 388748
28.93 388864
28.94 389006
28.95 389138
28.96 389274
28.97 389413
28.98 389569
28.99 389693
29.00 389824
29.01 389948
29.02 390066
29.03 390211
29.04 390320
29.05 390433
29.06 390562
29.07 390657
29.08 390796
29.09 390952
29.10 391055
29.11 391178
29.12 391328
29.13 391518
29.14 391678
29.15 391849
29.16 392005
29.17 392182
29.18 392368
29.19 392538
29.20 392739
29.21 392929
29.22 393121
29.23 393294
29.24 393470
29.25 393625
29.26 393791
29.27 393956
29.28 394130
29.29 394311
29.30 394476
29.31 394653
29.32 394824
29.33 394989
29.34 395142
29.35 395245
29.36 395399
29.37 395550
29.38 395705
29.39 395798
29.40 395841
29.41 395952
29.42 396073
29.43 396208
29.44 396334
29.45 396450
29.46 396511
29.47 396608
29.48 396775
29.49 396963
29.50 397141
29.51 397324
29.52 397507
29.53 397682
29.54 397854
29.55 398007
29.56 398161
29.57 398264
29.58 398358
29.59 398488
29.60 398643
29.61 398779
29.62 398937
29.63 399072
29.64 399223
29.65 399378
29.66 399538
29.67 399671
29.68 399840
29.69 400002
29.70 400140
29.71 400296
29.72 400435
29.73 400545
29.74 400582
29.75 400631
29.76 400694
29.77 400836
29.78 400983
29.79 401159
29.80 401314
29.81 401462
29.82 401641
29.83 401804
29.84 401955
29.85 402118
29.86 402282
29.87 402461
29.88 402645
29.89 402835
29.90 403023
29.91 403210
29.92 403391
29.93 403580
29.94 403787
29.95 403938
29.96 404061
29.97 404231
29.98 404354
29.99 404423
30.00 404510
30.01 404645
30.02 404795
30.03 404943
30.04 405117
30.05 405275
30.06 405448
30.07 405640
30.08 405815
30.09 405970
30.10 406151
30.11 406320
30.12 406490
30.13 406665
30.14 406829
30.15 407013
30.16 407192
30.17 407354
30.18 407520
30.19 407665
30.20 407804
30.21 407960
30.22 408112
30.23 408193
30.24 408308
30.25 408399
30.26 408474
30.27 408634
30.28 408787
30.29 408943
30.30 409117
30.31 409284
30.32 409466
30.33 409623
30.34 409800
30.35 409952
30.36 410123
30.37 410282
30.38 410448
30.39 410563
30.40 410716
30.41 410822
30.42 410927
30.43 411020
30.44 411128
30.45 411300
30.46 411486
30.47 411669
30.48 411834
30.49 412020
30.50 412179
30.51 412343
30.52 412534
30.53 412628
30.54 412757
30.55 412886
30.56 413005
30.57 413173
30.58 413285
30.59 413341
30.60 413477
30.61 413647
30.62 413834
30.63 414010
30.64 414171
30.65 414341
30.66 414531
30.67 414699
30.68 414795
30.69 414822
30.70 414851
30.71 414900
30.72 415038
30.73 415178
30.74 415329
30.75 415512
30.76 415688
30.77 415825
30.78 415985
30.79 416153
30.80 416297
30.81 416464
30.82 416617
30.83 416777
30.84 416949
30.85 417097
30.86 417200
30.87 417271
30.88 417317
30.89 417370
30.90 417411
30.91 417503
30.92 417625
30.93 417751
30.94 417891
30.95 418033
30.96 418282
30.97 418485
30.98 418602
30.99 418779
31.00 418934
31.01 419110
31.02 419189
31.03 419267
31.04 419390
31.05 419507
31.06 419638
31.07 419777
31.08 419912
31.09 420055
31.10 420184
31.11 420277
31.12 420364
31.13 420435
31.14 420509
31.15 420609
31.16 420672
31.17 420715
31.18 420845
31.19 420981
31.20 421150
31.21 421323
31.22 421476
31.23 421624
31.24 421809
31.25 421976
31.26 422138
31.27 422289
31.28 422438
31.29 422619
31.30 422769
31.31 422926
31.32 423105
31.33 423265
31.34 423402
31.35 423577
31.36 423736
31.37 423881
31.38 424016
31.39 424158
31.40 424330
31.41 424484
31.42 424642
31.43 424820
31.44 424975
31.45 425130
31.46 425241
31.47 425382
31.48 425555
31.49 425696
31.50 425839
31.51 425989
31.52 426161
31.53 426328
31.54 426477
31.55 426607
31.56 426726
31.57 426788
31.58 426842
31.59 426952
31.60 427080
31.61 427244
31.62 427409
31.63 427567
31.64 427708
31.65 427787
31.66 427910
31.67 428071
31.68 428127
31.69 428259
31.70 428408
31.71 428552
31.72 428713
31.73 428880
31.74 429039
31.75 429194
31.76 429355
31.77 429509
31.78 429671
31.79 429806
31.80 429987
31.81 430178
31.82 430335
31.83 430476
31.84 430642
31.85 430793
31.86 430982
31.87 431173
31.88 431310
31.89 431475
31.90 431627
31.91 431777
31.92 431948
31.93 432086
31.94 432265
31.95 432433
31.96 432601
31.97 432779
31.98 432944
31.99 433096
32.00 433255
32.01 433456
32.02 433647
32.03 433817
32.04 433963
32.05 434123
32.06 434257
32.07 434400
32.08 434514
32.09 434674
32.10 434824
32.11 434891
32.12 435024
32.13 435073
32.14 435188
32.15 435295
32.16 435441
32.17 435604
32.18 435785
32.19 435958
32.20 436137
32.21 436316
32.22 436498
32.23 436671
32.24 436849
32.25 437007
32.26 437085
32.27 437178
32.28 437289
32.29 437457
32.30 437612
32.31 437753
32.32 437906
32.33 438067
32.34 438215
32.35 438338
32.36 438448
32.37 438580
32.38 438689
32.39 438818
32.40 438934
32.41 439056
32.42 439198
32.43 439337
32.44 439469
32.45 439635
32.46 439809
32.47 439991
32.48 440189
32.49 440362
32.50 440505
32.51 440590
32.52 440755
32.53 440927
32.54 441078
32.55 441236
32.56 441396
32.57 441555
32.58 441745
32.59 441900
32.60 442015
32.61 442154
32.62 442299
32.63 442409
32.64 442525
32.65 442680
32.66 442798
32.67 442860
32.68 442972
32.69 443089
32.70 443236
32.71 443389
32.72 443477
32.73 443544
32.74 443638
32.75 443806
32.76 443978
32.77 444141
32.78 444323
32.79 444507
32.80 444670
32.81 444828
32.82 444988
32.83 445156
32.84 445345
32.85 445530
32.86 445714
32.87 445915
32.88 446111
32.89 446250
32.90 446413
32.91 446563
32.92 446721
32.93 446842
32.94 446914
32.95 446980
32.96 447055
32.97 447217
32.98 447372
32.99 447542
33.00 447713
33.01 447915
33.02 448104
33.03 448242
33.04 448360
33.05 448529
33.06 448628
33.07 448659
33.08 448729
33.09 448868
33.10 449021
33.11 449219
33.12 449409
33.13 449568
33.14 449704
33.15 449845
33.16 449972
33.17 450063
33.18 450200
33.19 450301
33.20 450434
33.21 450590
33.22 450751
33.23 450891
33.24 451036
33.25 451120
33.26 451235
33.27 451322
33.28 451380
33.29 451535
33.30 451687
33.31 451843
33.32 452011
33.33 452185
33.34 452359
33.35 452451
33.36 452564
33.37 452645
33.38 452720
33.39 452854
33.40 453018
33.41 453185
33.42 453338
33.43 453499
33.44 453653
33.45 453742
33.46 453814
33.47 453945
33.48 454085
33.49 454245
33.50 454425
33.51 454576
33.52 454713
33.53 454866
33.54 454996
33.55 455153
33.56 455292
33.57 455409
33.58 455482
33.59 455565
33.60 455691
33.61 455743
33.62 455775
33.63 455886
33.64 456004
33.65 456167
33.66 456316
33.67 456493
33.68 456643
33.69 456781
33.70 456958
33.71 457051
33.72 457210
33.73 457349
33.74 457498
33.75 457631
33.76 457806
33.77 457943
33.78 458053
33.79 458210
33.80 458369
33.81 458519
33.82 458673
33.83 458769
33.84 458891
33.85 459004
33.86 459121
33.87 459274
33.88 459438
33.89 459556
33.90 459698
33.91 459790
33.92 459821
33.93 459874
33.94 459947
33.95 460003
33.96 460077
33.97 460160
33.98 460255
33.99 460359
34.00 460490
34.01 460630
34.02 460784
34.03 460943
34.04 461110
34.05 461278
34.06 461452
34.07 461618
34.08 461798
34.09 461981
34.10 462161
34.11 462349
34.12 462513
34.13 462686
34.14 462845
34.15 462985
34.16 463172
34.17 463314
34.18 463449
34.19 463553
34.20 463698
34.21 463868
34.22 464036
34.23 464169
34.24 464301
34.25 464434
34.26 464593
34.27 464759
34.28 464926
34.29 465076
34.30 465229
34.31 465355
34.32 465445
34.33 465541
34.34 465693
34.35 465828
34.36 465967
34.37 466114
34.38 466263
34.39 466391
34.40 466471
34.41 466601
34.42 466752
34.43 466881
34.44 467024
34.45 467158
34.46 467310
34.47 467444
34.48 467540
34.49 467604
34.50 467621
34.51 467639
34.52 467664
34.53 467776
34.54 467916
34.56 468073
34.57 468212
34.58 468348
34.59 468488
34.60 468613
34.61 468750
34.62 468878
34.63 469007
34.64 469152
34.65 469284
34.66 469420
34.67 469567
34.68 469725
34.69 469867
34.70 470009
34.71 470076
34.72 470127
34.73 470132
34.74 470137
34.75 470195
34.76 470338
34.77 470490
34.78 470594
34.79 470711
34.80 470812
34.81 470952
34.82 471137
34.83 471296
34.84 471462
34.85 471601
34.86 471759
34.87 471910
34.88 472040
34.89 472205
34.90 472355
34.91 472487
34.92 472583
34.93 472606
34.94 472767
34.95 472892
34.96 473034
34.97 473146
34.98 473266
34.99 473414
35.00 473589
35.01 473643
35.02 473743
35.03 473874
35.04 473966
35.05 474098
35.06 474219
35.07 474374
35.08 474486
35.09 474628
35.10 474761
35.11 474891
35.12 475068
35.13 475226
35.14 475322
35.15 475402
35.16 475484
35.17 475608
35.18 475734
35.19 475891
35.20 476070
35.21 476227
35.22 476372
35.23 476517
35.24 476671
35.25 476808
35.26 476947
35.27 477091
35.28 477242
35.29 477369
35.30 477529
35.31 477700
35.32 477818
35.33 477962
35.34 478128
35.35 478269
35.36 478405
35.37 478550
35.38 478704
35.39 478878
35.40 479027
35.41 479176
35.42 479318
35.43 479450
35.44 479590
35.45 479681
35.46 479805
35.47 479934
35.48 479956
35.49 480102
35.50 480285
35.51 480476
35.52 480647
35.53 480833
35.54 481008
35.55 481147
35.56 481281
35.57 481461
35.58 481628
35.59 481784
35.60 481941
35.61 482050
35.62 482195
35.63 482289
35.64 482389
35.65 482553
35.66 482714
35.67 482849
35.68 482926
35.69 482998
35.70 483149
35.71 483335
35.72 483510
35.73 483664
35.74 483824
35.75 483980
35.76 484114
35.77 484239
35.78 484358
35.79 484444
35.80 484534
35.81 484599
35.82 484721
35.83 484896
35.84 485038
35.85 485170
35.86 485348
35.87 485476
35.88 485610
35.89 485711
35.90 485879
35.91 486024
35.92 486143
35.93 486190
35.94 486229
35.95 486342
35.96 486519
35.97 486707
35.98 486883
35.99 487072
36.00 487274
36.01 487465
36.02 487663
36.03 487830
36.04 488006
36.05 488194
36.06 488375
36.07 488525
36.08 488686
36.09 488862
36.10 489037
36.11 489205
36.12 489380
36.13 489574
36.14 489778
36.15 489960
36.16 490129
36.17 490213
36.18 490338
36.19 490465
36.20 490629
36.21 490786
36.22 490957
36.23 491102
36.24 491283
36.25 491447
36.26 491517
36.27 491597
36.28 491687
36.29 491765
36.30 491908
36.31 492025
36.32 492077
36.33 492222
36.34 492381
36.35 492515
36.36 492617
36.37 492741
36.38 492847
36.39 492986
36.40 493065
36.41 493190
36.42 493343
36.43 493463
36.44 493649
36.45 493798
36.46 493994
36.47 494146
36.48 494230
36.49 494264
36.50 494341
36.51 494450
36.52 494592
36.53 494759
36.54 494890
36.55 495050
36.56 495211
36.57 495380
36.58 495532
36.59 495641
36.60 495806
36.61 495953
36.62 496118
36.63 496285
36.64 496469
36.65 496667
36.66 496848
36.67 496980
36.68 497141
36.69 497287
36.70 497455
36.71 497610
36.72 497731
36.73 497865
36.74 498037
36.75 498187
36.76 498304
36.77 498457
36.78 498588
36.79 498750
36.80 498905
36.81 499077
36.82 499260
36.83 499435
36.84 499604
36.85 499789
36.86 499925
36.87 500070
36.88 500229
36.89 500411
36.90 500601
36.91 500747
36.92 500886
36.93 501056
36.94 501222
36.95 501392
36.96 501557
36.97 501724
36.98 501890
36.99 502058
37.00 502238
37.01 502405
37.02 502549
37.03 502713
37.04 502866
37.05 503017
37.06 503196
37.07 503365
37.08 503482
37.09 503605
37.10 503741
37.11 503885
37.12 504037
37.13 504176
37.14 504303
37.15 504475
37.16 504603
37.17 504752
37.18 504872
37.19 505003
37.20 505122
37.21 505225
37.22 505291
37.23 505328
37.24 505462
37.25 505627
37.26 505767
37.27 505926
37.28 506068
37.29 506269
37.30 506468
37.31 506641
37.32 506801
37.33 506962
37.34 507121
37.35 507275
37.36 507383
37.37 507451
37.38 507494
37.39 507613
37.40 507768
37.41 507922
37.42 508001
37.43 508173
37.44 508340
37.45 508497
37.46 508661
37.47 508745
37.48 508780
37.49 508865
37.50 508955
37.51 509058
37.52 509148
37.53 509339
37.54 509529
37.55 509709
37.56 509858
37.57 510035
37.58 510207
37.59 510358
37.60 510510
37.61 510639
37.62 510785
37.63 510856
37.64 510927
37.65 510985
37.66 511032
37.67 511096
37.68 511247
37.69 511427
37.70 511571
37.71 511744
37.72 511868
37.73 511955
37.74 512089
37.75 512182
37.76 512225
37.77 512287
37.78 512337
37.79 512386
37.80 512508
37.81 512661
37.82 512786
37.83 512821
37.84 512865
37.85 512914
37.86 512970
37.87 513062
37.88 513224
37.89 513361
37.90 513522
37.91 513564
37.92 513630
37.93 513669
37.94 513726
37.95 513778
37.96 513923
37.97 514047
37.98 514079
37.99 514169
38.00 514292
38.01 514418
38.02 514556
38.03 514695
38.04 514839
38.05 514988
38.06 515127
38.07 515277
38.08 515416
38.09 515564
38.10 515702
38.11 515860
38.12 516004
38.13 516132
38.14 516287
38.15 516447
38.16 516596
38.17 516764
38.18 516892
38.19 517025
38.20 517185
38.21 517357
38.22 517504
38.23 517664
38.24 517758
38.25 517795
38.26 517892
38.27 518037
38.28 518219
38.29 518363
38.30 518527
38.31 518579
38.32 518617
38.33 518675
38.34 518749
38.35 518923
38.36 519093
38.37 519256
38.38 519460
38.39 519635
38.40 519819
38.41 519999
38.42 520183
38.43 520382
38.44 520576
38.45 520744
38.46 520919
38.47 521098
38.48 521261
38.49 521435
38.50 521596
38.51 521734
38.52 521874
38.53 522040
38.54 522172
38.55 522300
38.56 522449
38.57 522631
38.58 522794
38.59 522962
38.60 523086
38.61 523228
38.62 523365
38.63 523495
38.64 523634
38.65 523777
38.66 523874
38.67 523950
38.68 523987
38.69 524102
38.70 524215
38.71 524351
38.72 524518
38.73 524605
38.74 524664
38.75 524724
38.76 524773
38.77 524816
38.78 524857
38.79 524896
38.80 524943
38.81 525004
38.82 525046
38.83 525115
38.84 525229
38.85 525271
38.86 525362
38.87 525490
38.88 525637
38.89 525797
38.90 525957
38.91 526131
38.92 526223
38.93 526298
38.94 526423
38.95 526560
38.96 526718
38.97 526891
38.98 527003
38.99 527079
39.00 527256
39.01 527390
39.02 527489
39.03 527609
39.04 527738
39.05 527853
39.06 527966
39.07 528065
39.08 528146
39.09 528205
39.10 528276
39.11 528411
39.12 528565
39.13 528728
39.14 528873
39.15 529027
39.16 529198
39.17 529360
39.18 529543
39.19 529631
39.20 529762
39.21 529893
39.22 530002
39.23 530015
39.24 530062
39.25 530207
39.26 530283
39.27 530373
39.28 530465
39.29 530613
39.30 530681
39.31 530725
39.32 530837
39.33 530983
39.34 531106
39.35 531199
39.36 531379
39.37 531531
39.38 531616
39.39 531811
39.40 531974
39.41 532142
39.42 532327
39.43 532511
39.44 532686
39.45 532868
39.46 533030
39.47 533212
39.48 533399
39.49 533580
39.50 533749
39.51 533923
39.52 534076
39.53 534152
39.54 534219
39.55 534348
39.56 534501
39.57 534681
39.58 534863
39.59 535018
39.60 535169
39.61 535268
39.62 535358
39.63 535458
39.64 535565
39.65 535694
39.66 535744
39.67 535783
39.68 535866
39.69 536038
39.70 536206
39.71 536400
39.72 536585
39.73 536775
39.74 536965
39.75 537131
39.76 537324
39.77 537509
39.78 537678
39.79 537863
39.80 538030
39.81 538209
39.82 538422
39.83 538598
39.84 538771
39.85 538941
39.86 539117
39.87 539256
39.88 539402
39.89 539511
39.90 539614
39.91 539741
39.92 539856
39.93 539983
39.94 540069
39.95 540146
39.96 540301
39.97 540468
39.98 540600
39.99 540718
40.00 540882
40.01 541003
40.02 541108
40.03 541260
40.04 541321
40.05 541398
40.06 541552
40.07 541696
40.08 541737
40.09 541904
40.10 542066
40.11 542246
40.12 542370
40.13 542444
40.14 542554
40.15 542702
40.16 542863
40.17 543001
40.18 543123
40.19 543225
40.20 543320
40.21 543486
40.22 543614
40.23 543647
40.24 543657
40.25 543665
40.26 543671
40.27 543677
40.28 543681
40.29 543759
40.30 543846
40.31 543963
40.32 544045
40.33 544118
40.34 544262
40.35 544353
40.36 544431
40.37 544526
40.38 544577
40.39 544615
40.40 544686
40.41 544805
40.42 544915
40.43 545060
40.44 545236
40.45 545382
40.46 545434
40.47 545542
40.48 545636
40.49 545770
40.50 545916
40.51 546077
40.52 546244
40.53 546390
40.54 546519
40.55 546661
40.56 546829
40.57 546999
40.58 547173
40.59 547359
40.60 547527
40.61 547676
40.62 547850
40.63 548035
40.64 548231
40.65 548405
40.66 548539
40.67 548617
40.68 548710
40.69 548822
40.70 548861
40.71 548949
40.72 549057
40.73 549140
40.74 549210
40.75 549285
40.76 549429
40.77 549605
40.78 549777
40.79 549945
40.80 550113
40.81 550233
40.82 550301
40.83 550447
40.84 550594
40.85 550683
40.86 550772
40.87 550855
40.88 550944
40.89 551052
40.90 551175
40.91 551359
40.92 551538
40.93 551660
40.94 551709
40.95 551826
40.96 551945
40.97 552003
40.98 552050
40.99 552118
41.00 552203
41.01 552257
41.02 552400
41.03 552568
41.04 552655
41.05 552808
41.06 552909
41.07 553013
41.08 553120
41.09 553285
41.10 553390
41.11 553447
41.12 553590
41.13 553761
41.14 553949
41.15 554111
41.16 554279
41.17 554339
41.18 554449
41.19 554591
41.20 554728
41.21 554901
41.22 555058
41.23 555213
41.24 555362
41.25 555483
41.26 555526
41.27 555612
41.28 555765
41.29 555890
41.30 556045
41.31 556162
41.32 556268
41.33 556427
41.34 556566
41.35 556714
41.36 556756
41.37 556872
41.38 556974
41.39 557080
41.40 557230
41.41 557389
41.42 557538
41.43 557687
41.44 557864
41.45 558015
41.46 558153
41.47 558274
41.48 558428
41.49 558481
41.50 558528
41.51 558656
41.52 558815
41.53 558962
41.54 559096
41.55 559241
41.56 559400
41.57 559571
41.58 559705
41.59 559829
41.60 559974
41.61 560120
41.62 560289
41.63 560424
41.64 560533
41.65 560668
41.66 560820
41.67 560961
41.68 561000
41.69 561029
41.70 561114
41.71 561290
41.72 561445
41.73 561594
41.74 561727
41.75 561880
41.76 561990
41.77 562087
41.78 562187
41.79 562293
41.80 562388
41.81 562506
41.82 562609
41.83 562702
41.84 562797
41.85 562851
41.86 562898
41.87 562942
41.88 562993
41.89 563123
41.90 563159
41.91 563191
41.92 563253
41.93 563418
41.94 563572
41.95 563657
41.96 563816
41.97 563925
41.98 564031
41.99 564127
42.00 564244
42.01 564372
42.02 564513
42.03 564662
42.04 564775
42.05 564918
42.06 565069
42.07 565215
42.08 565374
42.09 565541
42.10 565697
42.11 565836
42.12 565999
42.13 566149
42.14 566319
42.15 566496
42.16 566662
42.17 566787
42.18 566872
42.19 566898
42.20 566995
42.21 567112
42.22 567247
42.24 567346
42.25 567457
42.26 567571
42.27 567698
42.28 567781
42.29 567860
42.30 567965
42.31 568036
42.32 568148
42.33 568247
42.34 568338
42.35 568440
42.36 568600
42.37 568733
42.38 568877
42.39 568973
42.40 569038
42.41 569144
42.42 569268
42.43 569399
42.44 569584
42.45 569778
42.46 569941
42.47 570098
42.48 570242
42.49 570383
42.50 570476
42.51 570620
42.52 570801
42.53 570965
42.54 571046
42.55 571146
42.56 571327
42.57 571489
42.58 571665
42.59 571819
42.60 571968
42.61 572108
42.62 572186
42.63 572334
42.64 572486
42.65 572652
42.66 572804
42.67 572925
42.68 573092
42.69 573220
42.70 573358
42.71 573401
42.72 573440
42.73 573542
42.74 573628
42.75 573675
42.76 573842
42.77 574000
42.78 574086
42.79 574204
42.80 574323
42.81 574471
42.82 574581
42.83 574703
42.84 574789
42.85 574866
42.86 574915
42.87 575065
42.88 575239
42.89 575385
42.90 575517
42.91 575684
42.92 575830
42.93 576008
42.94 576188
42.95 576314
42.96 576388
42.97 576464
42.98 576532
42.99 576663
43.00 576847
43.01 577006
43.02 577090
43.03 577181
43.04 577236
43.05 577353
43.06 577520
43.07 577680
43.08 577831
43.09 577998
43.10 578167
43.11 578334
43.12 578493
43.13 578682
43.14 578866
43.15 579053
43.16 579227
43.17 579402
43.18 579562
43.19 579744
43.20 579911
43.21 580092
43.22 580272
43.23 580423
43.24 580579
43.25 580745
43.26 580822
43.27 580941
43.28 581074
43.29 581194
43.30 581329
43.31 581461
43.32 581586
43.33 581685
43.34 581772
43.35 581879
43.36 581993
43.37 582099
43.38 582189
43.39 582280
43.40 582361
43.41 582457
43.42 582579
43.43 582643
43.44 582706
43.45 582753
43.46 582874
43.47 582965
43.48 583107
43.49 583265
43.50 583409
43.51 583575
43.52 583679
43.53 583772
43.54 583854
43.55 583961
43.56 584062
43.57 584160
43.58 584247
43.59 584363
43.60 584464
43.61 584494
43.62 584518
43.63 584593
43.64 584712
43.65 584841
43.66 584989
43.67 585112
43.68 585203
43.69 585286
43.70 585379
43.71 585471
43.72 585577
43.73 585686
43.74 585786
43.75 585872
43.76 585988
43.77 586008
43.78 586024
43.79 586047
43.80 586159
43.81 586291
43.82 586427
43.83 586569
43.84 586672
43.85 586745
43.86 586819
43.87 586902
43.88 587009
43.89 587113
43.90 587221
43.91 587333
43.92 587436
43.93 587530
43.94 587618
43.95 587708
43.96 587863
43.97 587896
43.98 587906
43.99 587919
44.00 587964
44.01 588107
44.02 588228
44.03 588355
44.04 588487
44.05 588615
44.06 588749
44.07 588858
44.08 588943
44.09 589021
44.10 589112
44.11 589218
44.12 589324
44.13 589422
44.14 589510
44.15 589616
44.16 589747
44.17 589828
44.18 589838
44.19 589849
44.20 589872
44.21 589993
44.22 590111
44.23 590225
44.24 590361
44.25 590506
44.26 590610
44.27 590693
44.28 590793
44.29 590911
44.30 591009
44.31 591108
44.32 591207
44.33 591296
44.34 591390
44.35 591448
44.36 591491
44.37 591536
44.38 591616
44.39 591746
44.40 591904
44.41 592042
44.42 592156
44.43 592231
44.44 592317
44.45 592405
44.46 592506
44.47 592614
44.48 592720
44.49 592811
44.50 592911
44.51 593006
44.52 593018
44.53 593027
44.54 593055
44.55 593190
44.56 593332
44.57 593486
44.58 593635
44.59 593802
44.60 593928
44.61 594052
44.62 594187
44.63 594323
44.64 594442
44.65 594591
44.66 594760
44.67 594926
44.68 595104
44.69 595270
44.70 595424
44.71 595512
44.72 595650
44.73 595797
44.74 595933
44.75 596022
44.76 596181
44.77 596249
44.78 596309
44.79 596469
44.80 596615
44.81 596779
44.82 596941
44.83 597097
44.84 597251
44.85 597400
44.86 597471
44.87 597612
44.88 597762
44.89 597922
44.90 598079
44.91 598263
44.92 598436
44.93 598578
44.94 598671
44.95 598769
44.96 598845
44.97 598975
44.98 599123
44.99 599185
45.00 599226
45.01 599324
45.02 599410
45.03 599486
45.04 599557
45.05 599653
45.06 599720
45.07 599835
45.08 599975
45.09 600094
45.10 600222
45.11 600363
45.12 600451
45.13 600535
45.14 600626
45.15 600734
45.16 600857
45.17 600951
45.18 601045
45.19 601117
45.20 601222
45.21 601246
45.22 601259
45.23 601279
45.24 601383
45.25 601511
45.26 601672
45.27 601858
45.28 602027
45.29 602183
45.30 602371
45.31 602526
45.32 602669
45.33 602806
45.34 602970
45.35 603124
45.36 603261
45.37 603425
45.38 603555
45.39 603719
45.40 603884
45.41 603997
45.42 604115
45.43 604165
45.44 604215
45.45 604288
45.46 604426
45.47 604592
45.48 604752
45.49 604903
45.50 605075
45.51 605215
45.52 605354
45.53 605530
45.54 605718
45.55 605880
45.56 606046
45.57 606177
45.58 606340
45.59 606484
45.60 606653
45.61 606776
45.62 606907
45.63 607076
45.64 607149
45.65 607263
45.66 607416
45.67 607554
45.68 607691
45.69 607874
45.70 608016
45.71 608151
45.72 608299
45.73 608460
45.74 608597
45.75 608768
45.76 608949
45.77 609114
45.78 609286
45.79 609453
45.80 609601
45.81 609772
45.82 609920
45.83 610092
45.84 610247
45.85 610380
45.86 610508
45.87 610652
45.88 610830
45.89 610973
45.90 611116
45.91 611275
45.92 611441
45.93 611562
45.94 611710
45.95 611852
45.96 612024
45.97 612165
45.98 612311
45.99 612471
46.00 612641
46.01 612787
46.02 612930
46.03 613095
46.04 613224
46.05 613389
46.06 613544
46.07 613725
46.08 613889
46.09 614073
46.10 614257
46.11 614402
46.12 614552
46.13 614710
46.14 614878
46.15 615052
46.16 615224
46.17 615393
46.18 615540
46.19 615698
46.20 615863
46.21 616000
46.22 616168
46.23 616272
46.24 616345
46.25 616357
46.26 616388
46.27 616542
46.28 616687
46.29 616813
46.30 616950
46.31 617095
46.32 617253
46.33 617404
46.34 617541
46.35 617676
46.36 617728
46.37 617781
46.38 617894
46.39 618013
46.40 618139
46.41 618276
46.42 618405
46.43 618505
46.44 618604
46.45 618703
46.46 618799
46.47 618902
46.48 618989
46.49 619081
46.50 619111
46.51 619118
46.52 619129
46.53 619231
46.54 619402
46.55 619519
46.56 619609
46.57 619758
46.58 619837
46.59 619867
46.60 619985
46.61 620120
46.62 620302
46.63 620495
46.64 620690
46.65 620884
46.66 621069
46.67 621216
46.68 621364
46.69 621492
46.70 621609
46.71 621738
46.72 621834
46.73 621864
46.74 621946
46.75 622082
46.76 622218
46.77 622356
46.78 622508
46.79 622687
46.80 622862
46.81 623058
46.82 623230
46.83 623393
46.84 623562
46.85 623686
46.86 623776
46.87 623900
46.88 624000
46.89 624130
46.90 624222
46.91 624299
46.92 624477
46.93 624661
46.94 624805
46.95 624888
46.96 625033
46.97 625181
46.98 625333
46.99 625496
47.00 625648
47.01 625810
47.02 625959
47.03 626117
47.04 626268
47.05 626379
47.06 626448
47.07 626577
47.08 626731
47.09 626888
47.10 627046
47.11 627216
47.12 627402
47.13 627595
47.14 627739
47.15 627875
47.16 627944
47.17 628072
47.18 628200
47.19 628332
47.20 628478
47.21 628635
47.22 628808
47.23 628960
47.24 629088
47.25 629179
47.26 629291
47.27 629440
47.28 629573
47.29 629752
47.30 629884
47.31 630003
47.32 630123
47.33 630248
47.34 630289
47.35 630340
47.36 630438
47.37 630575
47.38 630753
47.39 630930
47.40 631101
47.41 631271
47.42 631440
47.43 631527
47.44 631721
47.45 631901
47.46 632077
47.47 632191
47.48 632370
47.49 632530
47.50 632702
47.51 632830
47.52 632997
47.53 633163
47.54 633236
47.55 633404
47.56 633584
47.57 633671
47.58 633819
47.59 633940
47.60 634068
47.61 634226
47.62 634388
47.63 634523
47.64 634706
47.65 634839
47.66 634987
47.67 635144
47.68 635298
47.69 635412
47.70 635469
47.71 635532
47.72 635662
47.73 635804
47.74 635975
47.75 636172
47.76 636354
47.77 636542
47.78 636708
47.79 636891
47.80 637051
47.81 637224
47.82 637379
47.83 637554
47.84 637690
47.85 637786
47.86 637944
47.87 637986
47.88 638081
47.89 638208
47.90 638331
47.91 638476
47.92 638612
47.93 638734
47.94 638873
47.95 639020
47.96 639176
47.97 639297
47.98 639399
47.99 639508
48.00 639592
48.01 639641
48.02 639696
48.03 639741
48.04 639816
48.05 639845
48.06 640003
48.07 640182
48.08 640345
48.09 640530
48.10 640599
48.11 640690
48.12 640841
48.13 641007
48.14 641136
48.15 641172
48.16 641219
48.17 641405
48.18 641587
48.19 641745
48.20 641896
48.21 642043
48.22 642154
48.23 642290
48.24 642402
48.25 642517
48.26 642584
48.27 642612
48.28 642729
48.29 642766
48.30 642833
48.31 642987
48.32 643099
48.33 643261
48.34 643394
48.35 643466
48.36 643619
48.37 643768
48.38 643933
48.39 644099
48.40 644270
48.41 644437
48.42 644593
48.43 644754
48.44 644877
48.45 644922
48.46 644941
48.47 645080
48.48 645211
48.49 645308
48.50 645400
48.51 645492
48.52 645520
48.53 645556
48.54 645572
48.55 645675
48.56 645757
48.57 645912
48.58 646060
48.59 646213
48.60 646357
48.61 646502
48.62 646665
48.63 646813
48.64 646988
48.65 647151
48.66 647310
48.67 647472
48.68 647609
48.69 647774
48.70 647949
48.71 648125
48.72 648276
48.73 648451
48.74 648619
48.75 648792
48.76 648985
48.77 649144
48.78 649319
48.79 649482
48.80 649667
48.81 649827
48.82 649991
48.83 650116
48.84 650270
48.85 650434
48.86 650586
48.87 650733
48.88 650891
48.89 651064
48.90 651253
48.91 651407
48.92 651564
48.93 651745
48.94 651899
48.95 652079
48.96 652239
48.97 652400
48.98 652576
48.99 652723
49.00 652871
49.01 653030
49.02 653180
49.03 653335
49.04 653490
49.05 653648
49.06 653816
49.07 653968
49.08 654133
49.09 654295
49.10 654460
49.11 654615
49.12 654799
49.13 654963
49.14 655134
49.15 655313
49.16 655471
49.17 655630
49.18 655801
49.19 655973
49.20 656113
49.21 656275
49.22 656435
49.23 656586
49.24 656736
49.25 656882
49.26 657040
49.27 657190
49.28 657345
49.29 657514
49.30 657657
49.31 657760
49.32 657874
49.33 658032
49.34 658165
49.35 658316
49.36 658471
49.37 658587
49.38 658622
49.39 658660
49.40 658675
49.41 658684
49.42 658692
49.43 658702
49.44 658714
49.45 658727
49.46 658739
49.47 658752
49.48 658765
49.49 658773
49.50 658782
49.51 658806
49.52 658919
49.53 659048
49.54 659181
49.55 659245
49.56 659294
49.57 659362
49.58 659424
49.59 659527
49.60 659622
49.61 659684
49.62 659764
49.63 659832
49.64 659927
49.65 659960
49.66 660087
49.67 660159
49.68 660190
49.69 660208
49.70 660280
49.71 660400
49.72 660524
49.73 660632
49.74 660787
49.75 660904
49.76 661025
49.77 661039
49.78 661062
49.79 661072
49.80 661090
49.81 661212
49.82 661346
49.83 661463
49.84 661602
49.85 661734
49.86 661818
49.87 661897
49.88 661986
49.89 662103
49.90 662212
49.92 662290
49.93 662378
49.94 662481
49.95 662491
49.96 662497
49.97 662563
49.98 662663
49.99 662830
50.00 663023
50.01 663214
50.02 663382
50.03 663549
50.04 663721
50.05 663883
50.06 664085
50.07 664242
50.08 664408
50.09 664575
50.10 664751
50.11 664905
50.12 665083
50.13 665233
50.14 665393
50.15 665503
50.16 665569
50.17 665622
50.18 665753
50.19 665896
50.20 666051
50.21 666231
50.22 666388
50.23 666563
50.24 666717
50.25 666854
50.26 667030
50.27 667186
50.28 667344
50.29 667508
50.30 667667
50.31 667846
50.32 668014
50.33 668192
50.34 668333
50.35 668494
50.36 668678
50.37 668811
50.38 668953
50.39 669123
50.40 669262
50.41 669414
50.42 669529
50.43 669665
50.44 669829
50.45 669966
50.46 670018
50.47 670109
50.48 670207
50.49 670335
50.50 670428
50.51 670567
50.52 670733
50.53 670882
50.54 671044
50.55 671212
50.56 671384
50.57 671553
50.58 671705
50.59 671814
50.60 671921
50.61 672025
50.62 672078
50.63 672209
50.64 672350
50.65 672501
50.66 672623
50.67 672700
50.68 672810
50.69 672939
50.70 673085
50.71 673238
50.72 673356
50.73 673411
50.74 673482
50.75 673596
50.76 673753
50.77 673914
50.78 674082
50.79 674243
50.80 674348
50.81 674486
50.82 674619
50.83 674785
50.84 674949
50.85 675129
50.86 675297
50.87 675448
50.88 675601
50.89 675693
50.90 675832
50.91 675971
50.92 676145
50.93 676245
50.94 676317
50.95 676451
50.96 676606
50.97 676757
50.98 676906
50.99 677073
51.00 677151
51.01 677327
51.02 677489
51.03 677669
51.04 677850
51.05 678022
51.06 678170
51.07 678335
51.08 678522
51.09 678695
51.10 678893
51.11 679090
51.12 679283
51.13 679465
51.14 679648
51.15 679829
51.16 680035
51.17 680239
51.18 680410
51.19 680596
51.20 680757
51.21 680923
51.22 680980
51.23 681093
51.24 681257
51.25 681335
51.26 681503
51.27 681617
51.28 681753
51.29 681859
51.30 681944
51.31 682095
51.32 682242
51.33 682393
51.34 682561
51.35 682732
51.36 682881
51.37 683062
51.38 683222
51.39 683358
51.40 683474
51.41 683607
51.42 683702
51.43 683850
51.44 684000
51.45 684135
51.46 684265
51.47 684372
51.48 684498
51.49 684650
51.50 684823
51.51 684961
51.52 685076
51.53 685195
51.54 685334
51.55 685497
51.56 685651
51.57 685790
51.58 685925
51.59 686051
51.60 686205
51.61 686311
51.62 686455
51.63 686615
51.64 686767
51.65 686874
51.66 686979
51.67 687097
51.68 687171
51.69 687203
51.70 687275
51.71 687327
51.72 687420
51.73 687533
51.74 687646
51.75 687786
51.76 687910
51.77 687961
51.78 687992
51.79 688029
51.80 688094
51.81 688193
51.82 688281
51.83 688404
51.84 688549
51.85 688648
51.86 688757
51.87 688898
51.88 689003
51.89 689159
51.90 689308
51.91 689411
51.92 689516
51.93 689616
51.94 689765
51.95 689930
51.96 690086
51.97 690246
51.98 690316
51.99 690435
52.00 690555
52.01 690611
52.02 690787
52.03 690907
52.04 690957
52.05 691000
52.06 691123
52.07 691236
52.08 691379
52.09 691507
52.10 691589
52.11 691664
52.12 691768
52.13 691865
52.14 691965
52.15 692048
52.16 692133
52.17 692230
52.18 692253
52.19 692263
52.20 692287
52.21 692390
52.22 692436
52.23 692511
52.24 692644
52.25 692767
52.26 692891
52.27 693003
52.28 693109
52.29 693167
52.30 693324
52.31 693472
52.32 693621
52.33 693780
52.34 693955
52.35 694128
52.36 694312
52.37 694507
52.38 694675
52.39 694841
52.40 695005
52.41 695178
52.42 695329
52.43 695474
52.44 695556
52.45 695628
52.46 695763
52.47 695889
52.48 696005
52.49 696138
52.50 696270
52.51 696393
52.52 696465
52.53 696635
52.54 696810
52.55 696999
52.56 697168
52.57 697323
52.58 697452
52.59 697611
52.60 697774
52.61 697929
52.62 698055
52.63 698218
52.64 698385
52.65 698499
52.66 698571
52.67 698722
52.68 698895
52.69 699053
52.70 699220
52.71 699395
52.72 699552
52.73 699704
52.74 699814
52.75 699976
52.76 700131
52.77 700230
52.78 700314
52.79 700389
52.80 700557
52.81 700720
52.82 700807
52.83 700917
52.84 701029
52.85 701141
52.86 701325
52.87 701471
52.88 701576
52.89 701648
52.90 701814
52.91 702022
52.92 702200
52.93 702385
52.94 702563
52.95 702623
52.96 702649
52.97 702744
52.98 702850
52.99 702998
53.00 703173
53.01 703324
53.02 703474
53.03 703638
53.04 703798
53.05 703943
53.06 704102
53.07 704251
53.08 704373
53.09 704472
53.10 704555
53.11 704633
53.12 704764
53.13 704905
53.14 705049
53.15 705222
53.16 705363
53.17 705497
53.18 705673
53.19 705825
53.20 706006
53.21 706189
53.22 706349
53.23 706502
53.24 706623
53.25 706727
53.26 706810
53.27 706969
53.28 707123
53.29 707276
53.30 707347
53.31 707416
53.32 707575
53.33 707735
53.34 707892
53.35 708043
53.36 708212
53.37 708404
53.38 708570
53.39 708746
53.40 708911
53.41 709081
53.42 709238
53.43 709391
53.44 709541
53.45 709702
53.46 709840
53.47 709978
53.48 710141
53.49 710259
53.50 710317
53.51 710343
53.52 710430
53.53 710542
53.54 710672
53.55 710787
53.56 710894
53.57 711026
53.58 711147
53.59 711255
53.60 711343
53.61 711438
53.62 711529
53.63 711620
53.64 711724
53.65 711835
53.66 711918
53.67 711999
53.68 712111
53.69 712234
53.70 712251
53.71 712259
53.72 712293
53.73 712439
53.74 712556
53.75 712640
53.76 712799
53.77 712972
53.78 713139
53.79 713296
53.80 713469
53.81 713665
53.82 713849
53.83 714018
53.84 714192
53.85 714355
53.86 714541
53.87 714735
53.88 714897
53.89 715072
53.90 715258
53.91 715406
53.92 715549
53.93 715711
53.94 715869
53.95 716026
53.96 716208
53.97 716357
53.98 716532
53.99 716653
54.00 716776
54.01 716813
54.02 716904
54.03 717094
54.04 717270
54.05 717424
54.06 717571
54.07 717752
54.08 717953
54.09 718113
54.10 718281
54.11 718439
54.12 718620
54.13 718783
54.14 718934
54.15 719110
54.16 719292
54.17 719469
54.18 719634
54.19 719758
54.20 719863
54.21 719978
54.22 720138
54.23 720307
54.24 720453
54.25 720509
54.26 720631
54.27 720782
54.28 720966
54.29 721132
54.30 721295
54.31 721445
54.32 721597
54.33 721727
54.34 721890
54.35 722059
54.36 722206
54.37 722367
54.38 722525
54.39 722659
54.40 722707
54.41 722805
54.42 722953
54.43 723114
54.44 723283
54.45 723438
54.46 723591
54.47 723754
54.48 723925
54.49 724095
54.50 724278
54.51 724440
54.52 724554
54.53 724604
54.54 724700
54.55 724848
54.56 724932
54.57 725023
54.58 725152
54.59 725291
54.60 725403
54.61 725576
54.62 725640
54.63 725836
54.64 726012
54.65 726144
54.66 726346
54.67 726504
54.68 726589
54.69 726648
54.70 726811
54.71 726971
54.72 727128
54.73 727302
54.74 727428
54.75 727535
54.76 727643
54.77 727789
54.78 727921
54.79 728062
54.80 728203
54.81 728288
54.82 728362
54.83 728465
54.84 728639
54.85 728764
54.86 728918
54.87 729064
54.88 729223
54.89 729381
54.90 729549
54.91 729686
54.92 729810
54.93 729926
54.94 729978
54.95 730072
54.96 730243
54.97 730306
54.98 730423
54.99 730541
55.00 730707
55.01 730862
55.02 731021
55.03 731190
55.04 731360
55.05 731526
55.06 731693
55.07 731845
55.08 732035
55.09 732177
55.10 732353
55.11 732522
55.12 732688
55.13 732847
55.14 732991
55.15 733143
55.16 733247
55.17 733351
55.18 733503
55.19 733635
55.20 733749
55.21 733946
55.22 734097
55.23 734236
55.24 734385
55.25 734535
55.26 734725
55.27 734903
55.28 735093
55.29 735268
55.30 735453
55.31 735639
55.32 735813
55.33 735967
55.34 736134
55.35 736297
55.36 736422
55.37 736584
55.38 736757
55.39 736927
55.40 737102
55.41 737287
55.42 737445
55.43 737609
55.44 737802
55.45 737975
55.46 738155
55.47 738335
55.48 738465
55.49 738626
55.50 738785
55.51 738906
55.52 739061
55.53 739216
55.54 739368
55.55 739530
55.56 739685
55.57 739823
55.58 739990
55.59 740155
55.60 740307
55.61 740484
55.62 740647
55.63 740807
55.64 740972
55.65 741119
55.66 741263
55.67 741405
55.68 741572
55.69 741742
55.70 741887
55.71 742010
55.72 742157
55.73 742248
55.74 742449
55.75 742634
55.76 742805
55.77 742988
55.78 743033
55.79 743163
55.80 743328
55.81 743488
55.82 743635
55.83 743749
55.84 743836
55.85 743907
55.86 744039
55.87 744155
55.88 744274
55.89 744375
55.90 744446
55.91 744588
55.92 744729
55.93 744871
55.94 744945
55.95 745089
55.96 745260
55.97 745421
55.98 745559
55.99 745715
56.00 745848
56.01 745916
56.02 746040
56.03 746217
56.04 746375
56.05 746544
56.06 746683
56.07 746808
56.08 746929
56.09 747033
56.10 747108
56.11 747145
56.12 747189
56.13 747224
56.14 747253
56.15 747286
56.16 747344
56.17 747487
56.18 747644
56.19 747840
56.20 747946
56.21 747997
56.22 748053
56.23 748219
56.24 748380
56.25 748555
56.26 748730
56.27 748889
56.28 749047
56.29 749214
56.30 749379
56.31 749538
56.32 749684
56.33 749824
56.34 749983
56.35 750148
56.36 750298
56.37 750451
56.38 750577
56.39 750700
56.40 750850
56.41 750989
56.42 751100
56.43 751197
56.44 751326
56.45 751386
56.46 751419
56.47 751457
56.48 751570
56.49 751737
56.50 751839
56.51 751971
56.52 752054
56.53 752142
56.54 752263
56.55 752427
56.56 752575
56.57 752719
56.58 752866
56.59 752997
56.60 753136
56.61 753247
56.62 753338
56.63 753398
56.64 753514
56.65 753642
56.66 753801
56.67 753958
56.68 754097
56.69 754170
56.70 754326
56.71 754457
56.72 754620
56.73 754730
56.74 754830
56.75 754990
56.76 755140
56.77 755298
56.78 755452
56.79 755618
56.80 755769
56.81 755949
56.82 756110
56.83 756249
56.84 756359
56.85 756509
56.86 756657
56.87 756814
56.88 756959
56.89 757131
56.90 757309
56.91 757474
56.92 757649
56.93 757811
56.94 757970
56.95 758115
56.96 758261
56.97 758346
56.98 758435
56.99 758536
57.00 758584
57.01 758663
57.02 758764
57.03 758903
57.04 759018
57.05 759148
57.06 759312
57.07 759453
57.08 759625
57.09 759782
57.10 759915
57.11 760077
57.12 760221
57.13 760385
57.14 760546
57.15 760729
57.16 760904
57.17 761074
57.18 761240
57.19 761421
57.20 761593
57.21 761725
57.22 761869
57.23 762012
57.24 762169
57.25 762322
57.26 762449
57.27 762580
57.28 762765
57.29 762887
57.30 763010
57.31 763103
57.32 763158
57.33 763203
57.34 763254
57.35 763315
57.36 763406
57.37 763515
57.38 763621
57.39 763711
57.40 763806
57.41 763862
57.42 763881
57.43 763914
57.44 763932
57.45 763946
57.46 764022
57.47 764154
57.48 764282
57.49 764464
57.50 764588
57.51 764661
57.52 764677
57.53 764682
57.54 764709
57.55 764828
57.56 764903
57.57 764982
57.58 765112
57.60 765234
57.61 765314
57.62 765379
57.63 765460
57.64 765510
57.65 765647
57.66 765792
57.67 765964
57.68 766135
57.69 766294
57.70 766470
57.71 766643
57.72 766786
57.73 766917
57.74 767054
57.75 767202
57.76 767344
57.77 767473
57.78 767578
57.79 767627
57.80 767763
57.81 767908
57.82 768092
57.83 768255
57.84 768425
57.85 768591
57.86 768763
57.87 768927
57.88 769089
57.89 769258
57.90 769435
57.91 769600
57.92 769742
57.93 769908
57.94 770074
57.95 770228
57.96 770385
57.97 770539
57.98 770630
57.99 770708
58.00 770802
58.01 770955
58.02 771119
58.03 771296
58.04 771450
58.05 771610
58.06 771768
58.07 771948
58.08 772054
58.09 772118
58.10 772232
58.11 772351
58.12 772502
58.13 772623
58.14 772778
58.15 772915
58.16 773057
58.17 773188
58.18 773332
58.19 773489
58.20 773619
58.21 773766
58.22 773897
58.23 774041
58.24 774179
58.25 774279
58.26 774406
58.27 774578
58.28 774741
58.29 774897
58.30 775033
58.31 775205
58.32 775360
58.33 775540
58.34 775681
58.35 775844
58.36 775972
58.37 776073
58.38 776202
58.39 776304
58.40 776427
58.41 776537
58.42 776670
58.43 776790
58.44 776877
58.45 776929
58.46 777069
58.47 777257
58.48 777356
58.49 777476
58.50 777620
58.51 777794
58.52 777842
58.53 777896
58.54 777961
58.55 778066
58.56 778196
58.57 778318
58.58 778470
58.59 778647
58.60 778804
58.61 778936
58.62 779049
58.63 779101
58.64 779157
58.65 779200
58.66 779338
58.67 779495
58.68 779660
58.69 779813
58.70 779989
58.71 780142
58.72 780302
58.73 780476
58.74 780624
58.75 780750
58.76 780916
58.77 781091
58.78 781290
58.79 781453
58.80 781629
58.81 781806
58.82 781945
58.83 782101
58.84 782211
58.85 782303
58.86 782377
58.87 782433
58.88 782545
58.89 782646
58.90 782761
58.91 782881
58.92 783009
58.93 783146
58.94 783238
58.95 783316
58.96 783405
58.97 783504
58.98 783603
58.99 783707
59.00 783794
59.01 783887
59.02 783990
59.03 784035
59.04 784043
59.05 784048
59.06 784091
59.07 784228
59.08 784360
59.09 784551
59.10 784727
59.11 784886
59.12 785058
59.13 785218
59.14 785305
59.15 785345
59.16 785440
59.17 785572
59.18 785692
59.19 785804
59.20 785880
59.21 786011
59.22 786103
59.23 786244
59.24 786378
59.25 786457
59.26 786546
59.27 786636
59.28 786720
59.29 786796
59.30 786876
59.31 786956
59.32 787009
59.33 787012
59.34 787014
59.35 787085
59.36 787233
59.37 787371
59.38 787491
59.39 787607
59.40 787724
59.41 787816
59.42 787926
59.43 788035
59.44 788185
59.45 788352
59.46 788523
59.47 788684
59.48 788860
59.49 789014
59.50 789172
59.51 789286
59.52 789378
59.53 789488
59.54 789586
59.55 789723
59.56 789864
59.57 789948
59.58 790031
59.59 790117
59.60 790199
59.61 790297
59.62 790394
59.63 790471
59.64 790550
59.65 790629
59.66 790759
59.67 790779
59.68 790787
59.69 790807
59.70 790947
59.71 791043
59.72 791223
59.73 791412
59.74 791446
59.75 791510
59.76 791668
59.77 791836
59.78 791903
59.79 792016
59.80 792147
59.81 792290
59.82 792466
59.83 792610
59.84 792769
59.85 792886
59.86 792987
59.87 793121
59.88 793267
59.89 793435
59.90 793608
59.91 793728
59.92 793886
59.93 794034
59.94 794192
59.95 794363
59.96 794526
59.97 794673
59.98 794835
59.99 795007
60.00 795168
60.01 795346
60.02 795521
60.03 795690
60.04 795909
60.05 796070
60.06 796217
60.07 796359
60.08 796510
60.09 796691
60.10 796877
60.11 796992
60.12 797121
60.13 797232
60.14 797312
60.15 797366
60.16 797467
60.17 797587
60.18 797726
60.19 797862
60.20 798018
60.21 798150
60.22 798255
60.23 798368
60.24 798430
60.25 798507
60.26 798615
60.27 798728
60.28 798802
60.29 798931
60.30 799039
60.31 799196
60.32 799287
60.33 799329
60.34 799497
60.35 799660
60.36 799793
60.37 799933
60.38 800043
60.39 800190
60.40 800356
60.41 800490
60.42 800571
60.43 800643
60.44 800701
60.45 800756
60.46 800797
60.47 800846
60.48 800888
60.49 800936
60.50 801045
60.51 801174
60.52 801254
60.53 801313
60.54 801469
60.55 801639
60.56 801802
60.57 801972
60.58 802170
60.59 802373
60.60 802539
60.61 802715
60.62 802900
60.63 803081
60.64 803251
60.65 803399
60.66 803568
60.67 803685
60.68 803876
60.69 804039
60.70 804213
60.71 804392
60.72 804544
60.73 804711
60.74 804853
60.75 805015
60.76 805165
60.77 805332
60.78 805482
60.79 805651
60.80 805798
60.81 805954
60.82 806115
60.83 806261
60.84 806416
60.85 806587
60.86 806729
60.87 806880
60.88 807034
60.89 807145
60.90 807283
60.91 807457
60.92 807611
60.93 807750
60.94 807908
60.95 808066
60.96 808229
60.97 808367
60.98 808531
60.99 808686
61.00 808838
61.01 808983
61.02 809147
61.03 809293
61.04 809402
61.05 809549
61.06 809677
61.07 809778
61.08 809918
61.09 810061
61.10 810184
61.11 810337
61.12 810500
61.13 810671
61.14 810825
61.15 810993
61.16 811137
61.17 811313
61.18 811463
61.19 811625
61.20 811751
61.21 811912
61.22 812075
61.23 812224
61.24 812380
61.25 812543
61.26 812689
61.27 812840
61.28 812983
61.29 813133
61.30 813269
61.31 813451
61.32 813611
61.33 813722
61.34 813866
61.35 814025
61.36 814199
61.37 814344
61.38 814508
61.39 814659
61.40 814844
61.41 814924
61.42 815039
61.43 815185
61.44 815368
61.45 815499
61.46 815652
61.47 815808
61.48 815972
61.49 816089
61.50 816178
61.51 816217
61.52 816312
61.53 816430
61.54 816589
61.55 816722
61.56 816871
61.57 816931
61.58 816977
61.59 817020
61.60 817065
61.61 817177
61.62 817335
61.63 817445
61.64 817571
61.65 817651
61.66 817811
61.67 817969
61.68 818135
61.69 818326
61.70 818417
61.71 818578
61.72 818763
61.73 818930
61.74 818999
61.75 819081
61.76 819228
61.77 819318
61.78 819384
61.79 819509
61.80 819668
61.81 819799
61.82 819847
61.83 820000
61.84 820145
61.85 820344
61.86 820526
61.87 820690
61.88 820866
61.89 821038
61.90 821142
61.91 821231
61.92 821312
61.93 821415
61.94 821551
61.95 821747
61.96 821859
61.97 822054
61.98 822218
61.99 822314
62.00 822458
62.01 822630
62.02 822761
62.03 822897
62.04 823063
62.05 823218
62.06 823375
62.07 823510
62.08 823651
62.09 823743
62.10 823908
62.11 824047
62.12 824168
62.13 824263
62.14 824392
62.15 824516
62.16 824677
62.17 824846
62.18 825017
62.19 825181
62.20 825354
62.21 825505
62.22 825686
62.23 825852
62.24 826010
62.25 826167
62.26 826305
62.27 826482
62.28 826645
62.29 826790
62.30 826939
62.31 827120
62.32 827281
62.33 827451
62.34 827589
62.35 827727
62.36 827897
62.37 828041
62.38 828204
62.39 828367
62.40 828556
62.41 828729
62.42 828897
62.43 829010
62.44 829124
62.45 829256
62.46 829383
62.47 829501
62.48 829567
62.49 829596
62.50 829662
62.51 829748
62.52 829807
62.53 829849
62.54 829961
62.55 830069
62.56 830145
62.57 830328
62.58 830505
62.59 830622
62.60 830772
62.61 830919
62.62 831042
62.63 831172
62.64 831311
62.65 831360
62.66 831509
62.67 831660
62.68 831796
62.69 831875
62.70 831988
62.71 832077
62.72 832212
62.73 832377
62.74 832584
62.75 832674
62.76 832767
62.77 832910
62.78 833092
62.79 833221
62.80 833405
62.81 833549
62.82 833617
62.83 833723
62.84 833912
62.85 834114
62.86 834304
62.87 834490
62.88 834690
62.89 834849
62.90 835035
62.91 835196
62.92 835375
62.93 835569
62.94 835737
62.95 835893
62.96 836046
62.97 836246
62.98 836407
62.99 836565
63.00 836738
63.01 836923
63.02 837092
63.03 837251
63.04 837407
63.05 837583
63.06 837764
63.07 837935
63.08 838112
63.09 838313
63.10 838516
63.11 838659
63.12 838789
63.13 838949
63.14 839122
63.15 839300
63.16 839477
63.17 839652
63.18 839850
63.19 840032
63.20 840187
63.21 840369
63.22 840551
63.23 840708
63.24 840858
63.25 841064
63.26 841187
63.27 841279
63.28 841474
63.29 841607
63.30 841716
63.31 841834
63.32 841990
63.33 842153
63.34 842305
63.35 842470
63.36 842636
63.37 842810
63.38 842984
63.39 843119
63.40 843287
63.41 843454
63.42 843626
63.43 843805
63.44 843968
63.45 844133
63.46 844283
63.47 844411
63.48 844528
63.49 844635
63.50 844677
63.51 844714
63.52 844785
63.53 844949
63.54 845076
63.55 845111
63.56 845243
63.57 845442
63.58 845547
63.59 845615
63.60 845759
63.61 845906
63.62 845975
63.63 846114
63.64 846263
63.65 846426
63.66 846579
63.67 846721
63.68 846857
63.69 846973
63.70 847072
63.71 847182
63.72 847261
63.73 847304
63.74 847409
63.75 847569
63.76 847682
63.77 847740
63.78 847791
63.79 847958
63.80 848032
63.81 848164
63.82 848309
63.83 848429
63.84 848566
63.85 848737
63.86 848846
63.87 848945
63.88 849060
63.89 849159
63.90 849247
63.91 849303
63.92 849307
63.93 849309
63.94 849326
63.95 849452
63.96 849573
63.97 849688
63.98 849815
63.99 849957
64.00 850060
64.01 850132
64.02 850238
64.03 850326
64.04 850443
64.05 850552
64.06 850634
64.07 850721
64.08 850802
64.09 850805
64.10 850809
64.11 850832
64.12 850944
64.13 851069
64.14 851199
64.15 851331
64.16 851479
64.17 851571
64.18 851655
64.19 851734
64.20 851841
64.21 851951
64.22 852046
64.23 852133
64.24 852207
64.25 852291
64.26 852299
64.27 852304
64.28 852346
64.29 852512
64.30 852652
64.31 852752
64.32 852858
64.33 852983
64.34 853063
64.35 853206
64.36 853295
64.37 853381
64.38 853528
64.39 853676
64.40 853823
64.41 853969
64.42 854067
64.43 854111
64.44 854243
64.45 854389
64.46 854536
64.47 854709
64.48 854879
64.49 855018
64.50 855100
64.51 855128
64.52 855147
64.53 855280
64.54 855399
64.55 855521
64.56 855686
64.57 855838
64.58 855889
64.59 855965
64.60 856123
64.61 856305
64.62 856463
64.63 856587
64.64 856658
64.65 856844
64.66 857036
64.67 857223
64.68 857343
64.69 857452
64.70 857617
64.71 857760
64.72 857904
64.73 858032
64.74 858166
64.75 858233
64.76 858369
64.77 858500
64.78 858661
64.79 858847
64.80 859016
64.81 859210
64.82 859381
64.83 859545
64.84 859704
64.85 859881
64.86 860052
64.87 860221
64.88 860376
64.89 860526
64.90 860708
64.91 860862
64.92 861007
64.93 861157
64.94 861264
64.95 861328
64.96 861474
64.97 861649
64.98 861845
64.99 862034
65.00 862198
65.01 862351
65.02 862454
65.03 862511
65.04 862649
65.05 862721
65.06 862804
65.07 862901
65.08 863038
65.09 863195
65.10 863323
65.11 863464
65.12 863623
65.13 863773
65.14 863879
65.15 864001
65.16 864117
65.17 864223
65.18 864308
65.19 864356
65.20 864440
65.21 864516
65.22 864628
65.23 864778
65.24 864956
65.25 865089
65.27 865237
65.28 865377
65.29 865564
65.30 865722
65.31 865895
65.32 866069
65.33 866252
65.34 866422
65.35 866585
65.36 866755
65.37 866918
65.38 867088
65.39 867251
65.40 867418
65.41 867582
65.42 867753
65.43 867913
65.44 868069
65.45 868250
65.46 868423
65.47 868575
65.48 868708
65.49 868884
65.50 869037
65.51 869206
65.52 869288
65.53 869438
65.54 869551
65.55 869705
65.56 869888
65.57 869954
65.58 870125
65.59 870297
65.60 870473
65.61 870637
65.62 870800
65.63 870944
65.64 871114
65.65 871298
65.66 871476
65.67 871647
65.68 871794
65.69 871988
65.70 872152
65.71 872230
65.72 872331
65.73 872432
65.74 872496
65.75 872666
65.76 872809
65.77 872943
65.78 872979
65.79 872997
65.80 873085
65.81 873253
65.82 873428
65.83 873515
65.84 873597
65.85 873745
65.86 873861
65.87 873983
65.88 874127
65.89 874272
65.90 874420
65.91 874541
65.92 874683
65.93 874795
65.94 874945
65.95 875105
65.96 875242
65.97 875350
65.98 875509
65.99 875654
66.00 875799
66.01 875908
66.02 876058
66.03 876235
66.04 876381
66.05 876488
66.06 876640
66.07 876708
66.08 876767
66.09 876937
66.10 877088
66.11 877229
66.12 877359
66.13 877498
66.14 877643
66.15 877771
66.16 877880
66.17 877915
66.18 878018
66.19 878185
66.20 878363
66.21 878536
66.22 878688
66.23 878817
66.24 878859
66.25 878961
66.26 879100
66.27 879248
66.28 879390
66.29 879547
66.30 879647
66.31 879749
66.32 879815
66.33 879995
66.34 880156
66.35 880329
66.36 880517
66.37 880675
66.38 880833
66.39 881002
66.40 881159
66.41 881235
66.42 881269
66.43 881306
66.44 881336
66.45 881447
66.46 881615
66.47 881725
66.48 881810
66.49 881989
66.50 882177
66.51 882313
66.52 882384
66.53 882524
66.54 882687
66.55 882878
66.56 883048
66.57 883210
66.58 883389
66.59 883569
66.60 883756
66.61 883939
66.62 884108
66.63 884244
66.64 884418
66.65 884581
66.66 884744
66.67 884930
66.68 885090
66.69 885243
66.70 885311
66.71 885413
66.72 885560
66.73 885668
66.74 885823
66.75 885961
66.76 886126
66.77 886292
66.78 886466
66.79 886634
66.80 886827
66.81 887011
66.82 887215
66.83 887385
66.84 887534
66.85 887678
66.86 887840
66.87 888022
66.88 888187
66.89 888362
66.90 888526
66.91 888672
66.92 888754
66.93 888920
66.94 889055
66.95 889170
66.96 889358
66.97 889519
66.98 889577
66.99 889729
67.00 889884
67.01 890066
67.02 890256
67.03 890452
67.04 890651
67.05 890813
67.06 891002
67.07 891175
67.08 891339
67.09 891515
67.10 891667
67.11 891805
67.12 891917
67.13 891975
67.14 892115
67.15 892246
67.16 892362
67.17 892435
67.18 892502
67.19 892652
67.20 892731
67.21 892790
67.22 892961
67.23 893104
67.24 893250
67.25 893321
67.26 893403
67.27 893552
67.28 893697
67.29 893802
67.30 893950
67.31 894114
67.32 894246
67.33 894401
67.34 894545
67.35 894703
67.36 894851
67.37 894999
67.38 895139
67.39 895282
67.40 895371
67.41 895500
67.42 895585
67.43 895705
67.44 895857
67.45 895976
67.46 896069
67.47 896167
67.48 896341
67.49 896479
67.50 896585
67.51 896661
67.52 896801
67.53 896974
67.54 897140
67.55 897288
67.56 897472
67.57 897626
67.58 897685
67.59 897773
67.60 897954
67.61 898104
67.62 898251
67.63 898417
67.64 898566
67.65 898737
67.66 898892
67.67 899019
67.68 899202
67.69 899374
67.70 899568
67.71 899751
67.72 899915
67.73 900082
67.74 900260
67.75 900377
67.76 900546
67.77 900719
67.78 900867
67.79 901039
67.80 901215
67.81 901376
67.82 901552
67.83 901679
67.84 901861
67.85 902024
67.86 902184
67.87 902302
67.88 902422
67.89 902597
67.90 902762
67.91 902944
67.92 903090
67.93 903289
67.94 903445
67.95 903580
67.96 903663
67.97 903771
67.98 903876
67.99 903978
68.00 904157
68.01 904254
68.02 904379
68.03 904530
68.04 904693
68.05 904857
68.06 904999
68.07 905161
68.08 905330
68.09 905529
68.10 905672
68.11 905722
68.12 905806
68.13 905938
68.14 906119
68.15 906294
68.16 906463
68.17 906640
68.18 906736
68.19 906827
68.20 906890
68.21 906956
68.22 907046
68.23 907144
68.24 907261
68.25 907461
68.26 907609
68.27 907753
68.28 907915
68.29 908060
68.30 908141
68.31 908309
68.32 908472
68.33 908614
68.34 908814
68.35 908990
68.36 909151
68.37 909307
68.38 909447
68.39 909519
68.40 909628
68.41 909786
68.42 909947
68.43 910110
68.44 910267
68.45 910367
68.46 910527
68.47 910700
68.48 910880
68.49 911060
68.50 911231
68.51 911427
68.52 911605
68.53 911771
68.54 911945
68.55 912130
68.56 912299
68.57 912470
68.58 912625
68.59 912762
68.60 912916
68.61 913042
68.62 913139
68.63 913248
68.64 913375
68.65 913503
68.66 913634
68.67 913764
68.68 913867
68.69 913999
68.70 914104
68.71 914201
68.72 914325
68.73 914472
68.74 914619
68.75 914771
68.76 914912
68.77 914943
68.78 915007
68.79 915121
68.80 915280
68.81 915413
68.82 915586
68.83 915737
68.84 915882
68.85 916021
68.86 916173
68.87 916313
68.88 916475
68.89 916629
68.90 916780
68.91 916933
68.92 917054
68.93 917220
68.94 917329
68.95 917420
68.96 917576
68.97 917655
68.98 917719
68.99 917836
69.00 917977
69.01 918145
69.02 918301
69.03 918469
69.04 918525
69.05 918663
69.06 918842
69.07 919018
69.08 919063
69.09 919204
69.10 919320
69.11 919461
69.12 919597
69.13 919752
69.14 919935
69.15 920064
69.16 920106
69.17 920156
69.18 920218
69.19 920373
69.20 920530
69.21 920693
69.22 920821
69.23 920962
69.24 921085
69.25 921219
69.26 921257
69.27 921349
69.28 921466
69.29 921586
69.30 921716
69.31 921809
69.32 921883
69.33 921982
69.34 922079
69.35 922175
69.36 922272
69.37 922347
69.38 922473
69.39 922488
69.40 922492
69.41 922502
69.42 922601
69.43 922729
69.44 922876
69.45 923015
69.46 923158
69.47 923261
69.48 923347
69.49 923457
69.50 923547
69.51 923650
69.52 923748
69.53 923825
69.54 923910
69.55 923996
69.56 924002
69.57 924006
69.58 924045
69.59 924210
69.60 924364
69.61 924523
69.62 924681
69.63 924854
69.64 925013
69.65 925176
69.66 925329
69.67 925490
69.68 925641
69.69 925800
69.70 925930
69.71 926060
69.72 926140
69.73 926199
69.74 926345
69.75 926497
69.76 926652
69.77 926778
69.78 926892
69.79 926997
69.80 927083
69.81 927236
69.82 927349
69.83 927393
69.84 927505
69.85 927669
69.86 927830
69.87 927899
69.88 928046
69.89 928177
69.90 928365
69.91 928547
69.92 928709
69.93 928886
69.94 929081
69.95 929282
69.96 929459
69.97 929639
69.98 929817
69.99 929993
70.00 930176
70.01 930362
70.02 930530
70.03 930723
70.04 930890
70.05 931054
70.06 931226
70.07 931387
70.08 931552
70.09 931715
70.10 931902
70.11 932057
70.12 932198
70.13 932296
70.14 932377
70.15 932527
70.16 932685
70.17 932860
70.18 933038
70.19 933209
70.20 933388
70.21 933537
70.22 933705
70.23 933838
70.24 933973
70.25 934109
70.26 934234
70.27 934309
70.28 934320
70.29 934353
70.30 934504
70.31 934539
70.32 934576
70.33 934596
70.34 934663
70.35 934746
70.36 934769
70.37 934790
70.38 934883
70.39 935041
70.40 935217
70.41 935369
70.42 935447
70.43 935567
70.44 935681
70.45 935859
70.46 936034
70.47 936199
70.48 936292
70.49 936418
70.50 936545
70.51 936706
70.52 936871
70.53 937045
70.54 937214
70.55 937405
70.56 937552
70.57 937720
70.58 937892
70.59 938065
70.60 938205
70.61 938354
70.62 938499
70.63 938644
70.64 938816
70.65 939003
70.66 939173
70.67 939328
70.68 939486
70.69 939633
70.70 939808
70.71 939979
70.72 940147
70.73 940335
70.74 940492
70.75 940662
70.76 940844
70.77 941014
70.78 941194
70.79 941348
70.80 941511
70.81 941611
70.82 941674
70.83 941831
70.84 942006
70.85 942199
70.86 942377
70.87 942589
70.88 942778
70.89 942971
70.90 943175
70.91 943333
70.92 943429
70.93 943567
70.94 943761
70.95 943954
70.96 944136
70.97 944222
70.98 944335
70.99 944447
71.00 944580
71.01 944743
71.02 944911
71.03 945084
71.04 945243
71.05 945416
71.06 945593
71.07 945789
71.08 945955
71.09 946052
71.10 946183
71.11 946226
71.12 946366
71.13 946478
71.14 946588
71.15 946713
71.16 946858
71.17 946963
71.18 947048
71.19 947132
71.20 947247
71.21 947361
71.22 947456
71.23 947550
71.24 947639
71.25 947739
71.26 947842
71.27 947865
71.28 947885
71.29 947890
71.30 947986
71.31 948131
71.32 948271
71.33 948338
71.34 948470
71.35 948629
71.36 948820
71.37 948974
71.38 949130
71.39 949293
71.40 949442
71.41 949613
71.42 949643
71.43 949678
71.44 949768
71.45 949842
71.46 950003
71.47 950167
71.48 950341
71.49 950486
71.50 950648
71.51 950824
71.52 950936
71.53 950983
71.54 951104
71.55 951244
71.56 951385
71.57 951544
71.58 951713
71.59 951859
71.60 951970
71.61 952025
71.62 952057
71.63 952169
71.64 952317
71.65 952456
71.66 952588
71.67 952755
71.68 952872
71.69 952962
71.70 953042
71.71 953149
71.72 953252
71.73 953340
71.74 953419
71.75 953502
71.76 953605
71.77 953608
71.78 953610
71.79 953650
71.80 953787
71.81 953933
71.82 954087
71.83 954242
71.84 954433
71.85 954543
71.86 954615
71.87 954772
71.88 954940
71.89 955130
71.90 955301
71.91 955476
71.92 955638
71.93 955799
71.94 955980
71.95 956148
71.96 956306
71.97 956345
71.98 956350
71.99 956493
72.00 956660
72.01 956800
72.02 956926
72.03 957016
72.04 957094
72.05 957246
72.06 957399
72.07 957566
72.08 957746
72.09 957921
72.10 958093
72.11 958291
72.12 958460
72.13 958524
72.14 958662
72.15 958821
72.16 958945
72.17 959102
72.18 959246
72.19 959435
72.20 959618
72.21 959753
72.22 959900
72.23 960021
72.24 960138
72.25 960169
72.26 960264
72.27 960421
72.28 960582
72.29 960753
72.30 960919
72.31 961083
72.32 961241
72.33 961409
72.34 961568
72.35 961745
72.36 961917
72.37 962075
72.38 962233
72.39 962388
72.40 962543
72.41 962653
72.42 962756
72.43 962925
72.44 963059
72.45 963199
72.46 963352
72.47 963529
72.48 963671
72.49 963830
72.50 964011
72.51 964204
72.52 964393
72.53 964577
72.54 964745
72.55 964941
72.56 965131
72.57 965279
72.58 965394
72.59 965442
72.60 965518
72.61 965667
72.62 965710
72.63 965760
72.64 965836
72.65 965917
72.66 966037
72.67 966207
72.68 966363
72.69 966529
72.70 966660
72.71 966710
72.72 966761
72.73 966801
72.74 966888
72.75 967041
72.76 967140
72.77 967291
72.78 967457
72.79 967603
72.80 967779
72.81 967951
72.82 968119
72.83 968275
72.84 968386
72.85 968480
72.86 968561
72.87 968630
72.88 968754
72.89 968905
72.90 968997
72.91 969090
72.92 969178
72.93 969250
72.95 969280
72.96 969411
72.97 969559
72.98 969662
72.99 969725
73.00 969828
73.01 969918
73.02 969959
73.03 970024
73.04 970198
73.05 970372
73.06 970534
73.07 970708
73.08 970883
73.09 971054
73.10 971174
73.11 971243
73.12 971394
73.13 971573
73.14 971710
73.15 971861
73.16 972010
73.17 972153
73.18 972299
73.19 972418
73.20 972542
73.21 972692
73.22 972800
73.23 972930
73.24 973028
73.25 973093
73.26 973155
73.27 973319
73.28 973508
73.29 973634
73.30 973704
73.31 973832
73.32 973931
73.33 974068
73.34 974252
73.35 974416
73.36 974481
73.37 974626
73.38 974780
73.39 974971
73.40 975113
73.41 975259
73.42 975352
73.43 975504
73.44 975647
73.45 975802
73.46 975984
73.47 976174
73.48 976304
73.49 976347
73.50 976473
73.51 976615
73.52 976641
73.53 976765
73.54 976902
73.55 977022
73.56 977179
73.57 977313
73.58 977416
73.59 977517
73.60 977619
73.61 977715
73.62 977819
73.63 977899
73.64 977936
73.65 977939
73.66 977950
73.67 978036
73.68 978191
73.69 978330
73.70 978458
73.71 978595
73.72 978672
73.73 978751
73.74 978831
73.75 978916
73.76 979028
73.77 979132
73.78 979213
73.79 979305
73.80 979367
73.81 979454
73.82 979544
73.83 979561
73.84 979577
73.85 979651
73.86 979824
73.87 979946
73.88 980095
73.89 980258
73.90 980425
73.91 980564
73.92 980709
73.93 980843
73.94 980997
73.95 981162
73.96 981326
73.97 981445
73.98 981525
73.99 981652
74.00 981807
74.01 981957
74.02 982122
74.03 982303
74.04 982466
74.05 982597
74.06 982713
74.07 982740
74.08 982826
74.09 982946
74.10 983103
74.11 983259
74.12 983416
74.13 983569
74.14 983716
74.15 983850
74.16 984007
74.17 984163
74.18 984341
74.19 984473
74.20 984615
74.21 984762
74.22 984908
74.23 985069
74.24 985200
74.25 985313
74.26 985381
74.27 985469
74.28 985537
74.29 985621
74.30 985682
74.31 985743
74.32 985825
74.33 985940
74.34 985994
74.35 986088
74.36 986210
74.37 986330
74.38 986455
74.39 986586
74.40 986685
74.41 986789
74.42 986887
74.43 986982
74.44 987095
74.45 987184
74.46 987265
74.47 987296
74.48 987299
74.49 987301
74.50 987340
74.51 987471
74.52 987584
74.53 987712
74.54 987834
74.55 987960
74.56 988076
74.57 988180
74.58 988267
74.59 988345
74.60 988440
74.61 988534
74.62 988616
74.63 988697
74.64 988786
74.65 988878
74.66 988944
74.67 988945
74.68 988946
74.69 988978
74.70 989103
74.71 989243
74.72 989363
74.73 989499
74.74 989602
74.75 989672
74.76 989748
74.77 989843
74.78 989951
74.79 990060
74.80 990142
74.81 990223
74.82 990272
74.83 990274
74.84 990276
74.85 990307
74.86 990427
74.87 990545
74.88 990680
74.89 990807
74.90 990932
74.91 991021
74.92 991098
74.93 991184
74.94 991293
74.95 991381
74.96 991465
74.97 991562
74.98 991622
74.99 991623
75.00 991625
75.01 991676
75.02 991791
75.03 991863
75.04 991898
75.05 991966
75.06 992076
75.07 992191
75.08 992292
75.09 992370
75.10 992428
75.11 992476
75.12 992528
75.13 992674
75.14 992820
75.15 992979
75.16 993074
75.17 993216
75.18 993387
75.19 993530
75.20 993692
75.21 993806
75.22 993924
75.23 993972
75.24 994000
75.25 994111
75.26 994272
75.27 994435
75.28 994556
75.29 994637
75.30 994793
75.31 994944
75.32 995092
75.33 995247
75.34 995406
75.35 995566
75.36 995693
75.37 995810
75.38 995859
75.39 995902
75.40 995991
75.41 996094
75.42 996215
75.43 996366
75.44 996465
75.45 996533
75.46 996614
75.47 996692
75.48 996781
75.49 996871
75.50 996948
75.51 997028
75.52 997108
75.53 997189
75.54 997190
75.55 997191
75.56 997229
75.57 997342
75.58 997496
75.59 997659
75.60 997788
75.61 997900
75.62 998030
75.63 998218
75.64 998373
75.65 998463
75.66 998578
75.67 998669
75.68 998792
75.69 998836
75.70 998896
75.71 999011
75.72 999168
75.73 999355
75.74 999526
75.75 999730
75.76 999928
75.77 1000126
75.78 1000255
75.79 1000319
75.80 1000437
75.81 1000604
75.82 1000765
75.83 1000908
75.84 1001061
75.85 1001232
75.86 1001403
75.87 1001558
75.88 1001713
75.89 1001879
75.90 1002064
75.91 1002228
75.92 1002422
75.93 1002604
75.94 1002754
75.95 1002925
75.96 1003031
75.97 1003078
75.98 1003190
75.99 1003363
76.00 1003541
76.01 1003604
76.02 1003764
76.03 1003844
76.04 1003897
76.05 1003981
76.06 1004065
76.07 1004212
76.08 1004366
76.09 1004559
76.10 1004734
76.11 1004832
76.12 1004909
76.13 1005061
76.14 1005197
76.15 1005373
76.16 1005516
76.17 1005680
76.18 1005847
76.19 1006016
76.20 1006168
76.21 1006346
76.22 1006531
76.23 1006704
76.24 1006873
76.25 1006995
76.26 1007113
76.27 1007151
76.28 1007181
76.29 1007301
76.30 1007457
76.31 1007508
76.32 1007654
76.33 1007809
76.34 1007980
76.35 1008146
76.36 1008314
76.37 1008462
76.38 1008631
76.39 1008768
76.40 1008902
76.41 1009021
76.42 1009204
76.43 1009379
76.44 1009561
76.45 1009739
76.46 1009898
76.47 1010060
76.48 1010232
76.49 1010398
76.50 1010582
76.51 1010692
76.52 1010867
76.53 1011038
76.54 1011194
76.55 1011334
76.56 1011487
76.57 1011623
76.58 1011778
76.59 1011951
76.60 1012144
76.61 1012222
76.62 1012278
76.63 1012401
76.64 1012521
76.65 1012633
76.66 1012705
76.67 1012830
76.68 1012969
76.69 1013133
76.70 1013286
76.71 1013440
76.72 1013565
76.73 1013611
76.74 1013696
76.75 1013810
76.76 1013941
76.77 1014063
76.78 1014202
76.79 1014294
76.80 1014373
76.81 1014461
76.82 1014544
76.83 1014627
76.84 1014723
76.85 1014813
76.86 1014896
76.87 1014998
76.88 1015095
76.89 1015198
76.90 1015289
76.91 1015388
76.92 1015487
76.93 1015520
76.94 1015525
76.95 1015529
76.96 1015586
76.97 1015720
76.98 1015884
76.99 1016019
77.00 1016203
77.01 1016388
77.02 1016568
77.03 1016729
77.04 1016840
77.05 1016940
77.06 1017047
77.07 1017175
77.08 1017293
77.09 1017356
77.10 1017461
77.11 1017581
77.12 1017703
77.13 1017849
77.14 1017996
77.15 1018147
77.16 1018296
77.17 1018462
77.18 1018626
77.19 1018760
77.20 1018823
77.21 1018921
77.22 1019084
77.23 1019245
77.24 1019415
77.25 1019474
77.26 1019619
77.27 1019759
77.28 1019894
77.29 1019980
77.30 1020045
77.31 1020194
77.32 1020347
77.33 1020498
77.34 1020636
77.35 1020709
77.36 1020830
77.37 1021017
77.38 1021222
77.39 1021309
77.40 1021469
77.41 1021617
77.42 1021772
77.43 1021926
77.44 1022104
77.45 1022233
77.46 1022327
77.47 1022387
77.48 1022482
77.49 1022621
77.50 1022686
77.51 1022833
77.52 1022979
77.53 1023065
77.54 1023205
77.55 1023279
77.56 1023460
77.57 1023641
77.58 1023833
77.59 1023904
77.60 1023992
77.61 1024132
77.62 1024260
77.63 1024385
77.64 1024460
77.65 1024605
77.66 1024772
77.67 1024941
77.68 1025134
77.69 1025279
77.70 1025368
77.71 1025516
77.72 1025674
77.73 1025843
77.74 1026013
77.75 1026169
77.76 1026318
77.77 1026497
77.78 1026658
77.79 1026798
77.80 1026930
77.81 1027030
77.82 1027186
77.83 1027326
77.84 1027452
77.85 1027592
77.86 1027660
77.87 1027798
77.88 1027948
77.89 1028057
77.90 1028105
77.91 1028233
77.92 1028395
77.93 1028548
77.94 1028647
77.95 1028730
77.96 1028841
77.97 1028888
77.98 1029017
77.99 1029178
78.00 1029320
78.01 1029424
78.02 1029563
78.03 1029679
78.04 1029787
78.05 1029934
78.06 1030084
78.07 1030225
78.08 1030283
78.09 1030423
78.10 1030574
78.11 1030647
78.12 1030782
78.13 1030943
78.14 1031097
78.15 1031259
78.16 1031434
78.17 1031583
78.18 1031717
78.19 1031859
78.20 1031929
78.21 1032028
78.22 1032159
78.23 1032230
78.24 1032400
78.25 1032550
78.26 1032737
78.27 1032888
78.28 1033065
78.29 1033233
78.30 1033391
78.31 1033576
78.32 1033761
78.33 1033931
78.34 1034129
78.35 1034311
78.36 1034468
78.37 1034522
78.38 1034593
78.39 1034768
78.40 1034896
78.41 1034931
78.42 1035010
78.43 1035147
78.44 1035285
78.45 1035430
78.46 1035605
78.47 1035777
78.48 1035939
78.49 1036035
78.50 1036064
78.51 1036191
78.52 1036342
78.53 1036438
78.54 1036553
78.55 1036722
78.56 1036880
78.57 1037057
78.58 1037246
78.59 1037370
78.60 1037424
78.61 1037559
78.62 1037690
78.63 1037845
78.64 1037994
78.65 1038160
78.66 1038275
78.67 1038359
78.68 1038524
78.69 1038654
78.70 1038747
78.71 1038860
78.72 1038995
78.73 1039151
78.74 1039263
78.75 1039352
78.76 1039540
78.77 1039732
78.78 1039925
78.79 1040106
78.80 1040200
78.81 1040376
78.82 1040562
78.83 1040674
78.84 1040811
78.85 1040943
78.86 1041102
78.87 1041206
78.88 1041247
78.89 1041355
78.90 1041499
78.91 1041591
78.92 1041686
78.93 1041826
78.94 1041929
78.95 1042000
78.96 1042147
78.97 1042269
78.98 1042381
78.99 1042424
79.00 1042508
79.01 1042630
79.02 1042798
79.03 1042919
79.04 1042973
79.05 1043063
79.06 1043234
79.07 1043404
79.08 1043581
79.09 1043771
79.10 1043966
79.11 1044139
79.12 1044306
79.13 1044470
79.14 1044628
79.15 1044802
79.16 1044979
79.17 1045162
79.18 1045326
79.19 1045489
79.20 1045663
79.21 1045817
79.22 1045979
79.23 1046133
79.24 1046310
79.25 1046489
79.26 1046655
79.27 1046835
79.28 1047009
79.29 1047184
79.30 1047342
79.31 1047528
79.32 1047732
79.33 1047901
79.34 1048067
79.35 1048152
79.36 1048214
79.37 1048265
79.38 1048356
79.39 1048527
79.40 1048642
79.41 1048762
79.42 1048890
79.43 1049056
79.44 1049249
79.45 1049419
79.46 1049607
79.47 1049763
79.48 1049926
79.49 1050077
79.50 1050243
79.51 1050397
79.52 1050508
79.53 1050558
79.54 1050593
79.55 1050675
79.56 1050865
79.57 1051042
79.58 1051214
79.59 1051391
79.60 1051558
79.61 1051745
79.62 1051909
79.63 1052088
79.64 1052258
79.65 1052420
79.66 1052498
79.67 1052608
79.68 1052640
79.69 1052665
79.70 1052802
79.71 1052960
79.72 1053018
79.73 1053110
79.74 1053256
79.75 1053399
79.76 1053437
79.77 1053492
79.78 1053631
79.79 1053796
79.80 1053966
79.81 1054072
79.82 1054119
79.83 1054252
79.84 1054426
79.85 1054553
79.86 1054706
79.87 1054731
79.88 1054790
79.89 1054861
79.90 1054996
79.91 1055154
79.92 1055273
79.93 1055385
79.94 1055567
79.95 1055731
79.96 1055893
79.97 1056016
79.98 1056059
79.99 1056196
80.00 1056342
80.01 1056510
80.02 1056592
80.03 1056668
80.04 1056755
80.05 1056864
80.06 1056989
80.07 1057078
80.08 1057180
80.09 1057217
80.10 1057265
80.11 1057299
80.12 1057353
80.13 1057385
80.14 1057539
80.15 1057635
80.16 1057797
80.17 1057964
80.18 1058118
80.19 1058281
80.20 1058429
80.21 1058613
80.22 1058758
80.23 1058898
80.24 1058931
80.25 1058948
80.26 1058968
80.27 1059133
80.28 1059189
80.29 1059306
80.30 1059459
80.31 1059609
80.32 1059776
80.33 1059922
80.34 1060084
80.35 1060141
80.36 1060221
80.37 1060352
80.38 1060454
80.39 1060611
80.40 1060690
80.41 1060751
80.42 1060929
80.43 1061096
80.44 1061258
80.45 1061321
80.46 1061418
80.47 1061567
80.48 1061625
80.49 1061688
80.50 1061817
80.51 1061983
80.52 1062142
80.53 1062276
80.54 1062455
80.55 1062635
80.56 1062798
80.57 1062900
80.58 1062935
80.59 1063039
80.60 1063134
80.61 1063273
80.63 1063443
80.64 1063586
80.65 1063728
80.66 1063885
80.67 1064042
80.68 1064212
80.69 1064340
80.70 1064507
80.71 1064646
80.72 1064806
80.73 1064967
80.74 1065136
80.75 1065294
80.76 1065433
80.77 1065590
80.78 1065733
80.79 1065885
80.80 1065954
80.81 1065974
80.82 1065998
80.83 1066027
80.84 1066067
80.85 1066189
80.86 1066320
80.87 1066459
80.88 1066629
80.89 1066744
80.90 1066885
80.91 1066992
80.92 1067138
80.93 1067248
80.94 1067370
80.95 1067498
80.96 1067532
80.97 1067589
80.98 1067650
80.99 1067689
81.00 1067732
81.01 1067817
81.02 1067905
81.03 1068028
81.04 1068169
81.05 1068326
81.06 1068478
81.07 1068628
81.08 1068723
81.09 1068738
81.10 1068758
81.11 1068781
81.12 1068880
81.13 1069009
81.14 1069089
81.15 1069125
81.16 1069204
81.17 1069223
81.18 1069273
81.19 1069411
81.20 1069567
81.21 1069728
81.22 1069865
81.23 1070002
81.24 1070176
81.25 1070334
81.26 1070452
81.27 1070585
81.28 1070653
81.29 1070694
81.30 1070731
81.31 1070835
81.32 1070937
81.33 1071062
81.34 1071227
81.35 1071386
81.36 1071547
81.37 1071725
81.38 1071898
81.39 1072029
81.40 1072160
81.41 1072325
81.42 1072480
81.43 1072622
81.44 1072776
81.45 1072936
81.46 1073094
81.47 1073251
81.48 1073389
81.49 1073528
81.50 1073664
81.51 1073822
81.52 1073991
81.53 1074138
81.54 1074295
81.55 1074447
81.56 1074604
81.57 1074746
81.58 1074898
81.59 1075044
81.60 1075201
81.61 1075386
81.62 1075558
81.63 1075693
81.64 1075821
81.65 1075964
81.66 1076074
81.67 1076161
81.68 1076236
81.69 1076281
81.70 1076411
81.71 1076524
81.72 1076629
81.73 1076754
81.74 1076887
81.75 1077014
81.76 1077102
81.77 1077190
81.78 1077264
81.79 1077342
81.80 1077448
81.81 1077546
81.82 1077632
81.83 1077715
81.84 1077790
81.85 1077843
81.86 1077844
81.87 1077845
81.88 1077901
81.89 1078024
81.90 1078121
81.91 1078237
81.92 1078341
81.93 1078496
81.94 1078613
81.95 1078744
81.96 1078827
81.97 1078913
81.98 1078996
81.99 1079084
82.00 1079185
82.01 1079286
82.02 1079387
82.03 1079461
82.04 1079550
82.05 1079552
82.06 1079553
82.07 1079562
82.08 1079654
82.09 1079766
82.10 1079898
82.11 1080007
82.12 1080119
82.13 1080202
82.14 1080280
82.15 1080384
82.16 1080476
82.17 1080565
82.18 1080637
82.19 1080713
82.20 1080756
82.21 1080758
82.22 1080760
82.23 1080849
82.24 1080990
82.25 1081142
82.26 1081294
82.27 1081395
82.28 1081476
82.29 1081567
82.30 1081644
82.31 1081753
82.32 1081899
82.33 1082015
82.34 1082150
82.35 1082242
82.36 1082390
82.37 1082454
82.38 1082615
82.39 1082787
82.40 1082977
82.41 1083157
82.42 1083315
82.43 1083497
82.44 1083687
82.45 1083840
82.46 1084004
82.47 1084177
82.48 1084366
82.49 1084537
82.50 1084721
82.51 1084909
82.52 1085070
82.53 1085242
82.54 1085320
82.55 1085448
82.56 1085585
82.57 1085740
82.58 1085853
82.59 1085963
82.60 1086091
82.61 1086212
82.62 1086307
82.63 1086458
82.64 1086565
82.65 1086719
82.66 1086857
82.67 1087014
82.68 1087107
82.69 1087192
82.70 1087350
82.71 1087480
82.72 1087617
82.73 1087721
82.74 1087749
82.75 1087902
82.76 1088018
82.77 1088081
82.78 1088208
82.79 1088344
82.80 1088471
82.81 1088612
82.82 1088732
82.83 1088818
82.84 1088903
82.85 1088993
82.86 1089088
82.87 1089184
82.88 1089263
82.89 1089357
82.90 1089374
82.91 1089382
82.92 1089389
82.93 1089469
82.94 1089583
82.95 1089725
82.96 1089879
82.97 1090023
82.98 1090185
82.99 1090352
83.00 1090511
83.01 1090671
83.02 1090821
83.03 1090987
83.04 1091160
83.05 1091325
83.06 1091513
83.07 1091699
83.08 1091880
83.09 1092061
83.10 1092223
83.11 1092401
83.12 1092569
83.13 1092746
83.14 1092921
83.15 1093073
83.16 1093214
83.17 1093304
83.18 1093372
83.19 1093410
83.20 1093571
83.21 1093750
83.22 1093933
83.23 1094110
83.24 1094330
83.25 1094510
83.26 1094688
83.27 1094830
83.28 1094900
83.29 1095065
83.30 1095159
83.31 1095285
83.32 1095438
83.33 1095589
83.34 1095738
83.35 1095893
83.36 1096040
83.37 1096193
83.38 1096326
83.39 1096492
83.40 1096648
83.41 1096805
83.42 1096925
83.43 1097059
83.44 1097111
83.45 1097202
83.46 1097352
83.47 1097506
83.48 1097660
83.49 1097830
83.50 1097994
83.51 1098142
83.52 1098288
83.53 1098368
83.54 1098458
83.55 1098627
83.56 1098756
83.57 1098803
83.58 1098906
83.59 1099080
83.60 1099250
83.61 1099398
83.62 1099539
83.63 1099688
83.64 1099838
83.65 1099985
83.66 1100104
83.67 1100157
83.68 1100233
83.69 1100400
83.70 1100580
83.71 1100749
83.72 1100932
83.73 1101065
83.74 1101220
83.75 1101331
83.76 1101415
83.77 1101595
83.78 1101765
83.79 1101884
83.80 1101978
83.81 1102077
83.82 1102197
83.83 1102318
83.84 1102397
83.85 1102490
83.86 1102657
83.87 1102765
83.88 1102930
83.89 1103084
83.90 1103250
83.91 1103413
83.92 1103585
83.93 1103725
83.94 1103838
83.95 1103880
83.96 1103937
83.97 1104059
83.98 1104215
83.99 1104281
84.00 1104338
84.01 1104426
84.02 1104488
84.03 1104540
84.04 1104691
84.05 1104853
84.06 1105010
84.07 1105173
84.08 1105314
84.09 1105497
84.10 1105645
84.11 1105783
84.12 1105900
84.13 1106012
84.14 1106161
84.15 1106320
84.16 1106410
84.17 1106540
84.18 1106701
84.19 1106855
84.20 1106991
84.21 1107090
84.22 1107184
84.23 1107338
84.24 1107479
84.25 1107566
84.26 1107723
84.27 1107846
84.28 1107925
84.29 1108003
84.30 1108080
84.31 1108185
84.32 1108324
84.33 1108469
84.34 1108598
84.35 1108742
84.36 1108876
84.37 1109016
84.38 1109116
84.39 1109206
84.40 1109307
84.41 1109361
84.42 1109411
84.43 1109512
84.44 1109680
84.45 1109770
84.46 1109839
84.47 1109865
84.48 1109955
84.49 1110097
84.50 1110242
84.51 1110325
84.52 1110410
84.53 1110532
84.54 1110612
84.55 1110647
84.56 1110692
84.57 1110830
84.58 1110978
84.59 1111131
84.60 1111235
84.61 1111292
84.62 1111325
84.63 1111415
84.64 1111554
84.65 1111703
84.66 1111866
84.67 1112001
84.68 1112092
84.69 1112177
84.70 1112204
84.71 1112278
84.72 1112422
84.73 1112575
84.74 1112614
84.75 1112709
84.76 1112817
84.77 1112905
84.78 1112940
84.79 1112968
84.80 1113101
84.81 1113203
84.82 1113219
84.83 1113240
84.84 1113291
84.85 1113444
84.86 1113592
84.87 1113723
84.88 1113870
84.89 1113996
84.90 1114034
84.91 1114122
84.92 1114292
84.93 1114422
84.94 1114563
84.95 1114710
84.96 1114781
84.97 1114850
84.98 1114906
84.99 1114955
85.00 1115069
85.01 1115187
85.02 1115351
85.03 1115522
85.04 1115685
85.05 1115848
85.06 1116013
85.07 1116152
85.08 1116308
85.09 1116385
85.10 1116438
85.11 1116542
85.12 1116709
85.13 1116760
85.14 1116869
85.15 1116960
85.16 1117015
85.17 1117138
85.18 1117204
85.19 1117275
85.20 1117419
85.21 1117590
85.22 1117728
85.23 1117793
85.24 1117924
85.25 1118108
85.26 1118267
85.27 1118361
85.28 1118399
85.29 1118556
85.30 1118734
85.31 1118902
85.32 1119073
85.33 1119249
85.34 1119418
85.35 1119556
85.36 1119628
85.37 1119689
85.38 1119788
85.39 1119869
85.40 1119928
85.41 1120070
85.42 1120210
85.43 1120257
85.44 1120291
85.45 1120393
85.46 1120540
85.47 1120581
85.48 1120704
85.49 1120851
85.50 1121026
85.51 1121177
85.52 1121325
85.53 1121475
85.54 1121651
85.55 1121829
85.56 1122004
85.57 1122161
85.58 1122351
85.59 1122495
85.60 1122653
85.61 1122810
85.62 1122974
85.63 1123153
85.64 1123306
85.65 1123463
85.66 1123634
85.67 1123805
85.68 1123988
85.69 1124157
85.70 1124350
85.71 1124510
85.72 1124626
85.73 1124826
85.74 1125018
85.75 1125206
85.76 1125398
85.77 1125578
85.78 1125694
85.79 1125740
85.80 1125853
85.81 1125991
85.82 1126179
85.83 1126340
85.84 1126506
85.85 1126668
85.86 1126775
85.87 1126882
85.88 1127005
85.89 1127043
85.90 1127168
85.91 1127231
85.92 1127344
85.93 1127491
85.94 1127643
85.95 1127777
85.96 1127914
85.97 1128050
85.98 1128207
85.99 1128362
86.00 1128501
86.01 1128650
86.02 1128815
86.03 1128969
86.04 1129109
86.05 1129258
86.06 1129403
86.07 1129562
86.08 1129723
86.09 1129876
86.10 1130026
86.11 1130178
86.12 1130260
86.13 1130316
86.14 1130423
86.15 1130492
86.16 1130540
86.17 1130628
86.18 1130641
86.19 1130654
86.20 1130680
86.21 1130763
86.22 1130878
86.23 1131008
86.24 1131117
86.25 1131263
86.26 1131359
86.27 1131450
86.28 1131531
86.29 1131619
86.30 1131700
86.31 1131800
86.32 1131896
86.33 1131987
86.34 1132057
86.35 1132067
86.36 1132076
86.37 1132086
86.38 1132156
86.39 1132257
86.40 1132375
86.41 1132496
86.42 1132609
86.43 1132700
86.44 1132785
86.45 1132882
86.46 1132971
86.47 1133061
86.48 1133140
86.49 1133239
86.50 1133270
86.51 1133273
86.52 1133276
86.53 1133378
86.54 1133460
86.55 1133593
86.56 1133730
86.57 1133889
86.58 1134054
86.59 1134196
86.60 1134351
86.61 1134495
86.62 1134625
86.63 1134757
86.64 1134809
86.65 1134887
86.66 1135048
86.67 1135155
86.68 1135310
86.69 1135472
86.70 1135629
86.71 1135783
86.72 1135947
86.73 1136089
86.74 1136177
86.75 1136350
86.76 1136486
86.77 1136600
86.78 1136759
86.79 1136923
86.80 1137088
86.81 1137251
86.82 1137437
86.83 1137581
86.84 1137736
86.85 1137893
86.86 1137971
86.87 1138104
86.88 1138239
86.89 1138408
86.90 1138584
86.91 1138751
86.92 1138900
86.93 1139077
86.94 1139230
86.95 1139389
86.96 1139559
86.97 1139633
86.98 1139695
86.99 1139845
87.00 1140003
87.01 1140152
87.02 1140322
87.03 1140476
87.04 1140624
87.05 1140794
87.06 1140966
87.07 1141124
87.08 1141284
87.09 1141440
87.10 1141603
87.11 1141759
87.12 1141927
87.13 1142083
87.14 1142265
87.15 1142436
87.16 1142537
87.17 1142634
87.18 1142792
87.19 1142885
87.20 1143044
87.21 1143102
87.22 1143188
87.23 1143348
87.24 1143495
87.25 1143638
87.26 1143805
87.27 1143960
87.28 1144123
87.29 1144291
87.30 1144401
87.31 1144525
87.32 1144654
87.33 1144802
87.34 1144867
87.35 1144976
87.36 1145133
87.37 1145250
87.38 1145368
87.39 1145427
87.40 1145516
87.41 1145545
87.42 1145714
87.43 1145905
87.44 1146089
87.45 1146260
87.46 1146351
87.47 1146499
87.48 1146648
87.49 1146812
87.50 1146988
87.51 1147180
87.52 1147371
87.53 1147542
87.54 1147615
87.55 1147724
87.56 1147906
87.57 1148100
87.58 1148290
87.59 1148482
87.60 1148680
87.61 1148808
87.62 1148975
87.63 1149161
87.64 1149304
87.65 1149480
87.66 1149561
87.67 1149726
87.68 1149811
87.69 1149956
87.70 1150126
87.71 1150335
87.72 1150536
87.73 1150713
87.74 1150764
87.75 1150801
87.76 1150939
87.77 1151014
87.78 1151128
87.79 1151291
87.80 1151397
87.81 1151450
87.82 1151477
87.83 1151566
87.84 1151619
87.85 1151708
87.86 1151864
87.87 1151989
87.88 1152020
87.89 1152122
87.90 1152266
87.91 1152310
87.92 1152437
87.93 1152564
87.94 1152716
87.95 1152885
87.96 1153046
87.97 1153199
87.98 1153368
87.99 1153563
88.00 1153756
88.01 1153921
88.02 1154094
88.03 1154279
88.04 1154444
88.05 1154612
88.06 1154786
88.07 1154943
88.08 1155144
88.09 1155321
88.10 1155520
88.11 1155667
88.12 1155834
88.13 1155995
88.14 1156158
88.15 1156357
88.16 1156564
88.17 1156782
88.18 1156977
88.19 1157143
88.20 1157226
88.21 1157308
88.22 1157422
88.23 1157531
88.24 1157608
88.25 1157682
88.26 1157836
88.27 1157987
88.28 1158113
88.29 1158188
88.31 1158271
88.32 1158434
88.33 1158593
88.34 1158774
88.35 1158926
88.36 1159028
88.37 1159205
88.38 1159385
88.39 1159563
88.40 1159742
88.41 1159815
88.42 1159961
88.43 1160032
88.44 1160178
88.45 1160254
88.46 1160325
88.47 1160453
88.48 1160557
88.49 1160595
88.50 1160722
88.51 1160873
88.52 1161000
88.53 1161154
88.54 1161287
88.55 1161447
88.56 1161497
88.57 1161594
88.58 1161682
88.59 1161777
88.60 1161848
88.61 1161888
88.62 1162034
88.63 1162177
88.64 1162335
88.65 1162523
88.66 1162592
88.67 1162690
88.68 1162759
88.69 1162804
88.70 1162887
88.71 1162962
88.72 1163059
88.73 1163225
88.74 1163398
88.75 1163554
88.76 1163732
88.77 1163893
88.78 1164056
88.79 1164229
88.80 1164389
88.81 1164542
88.82 1164715
88.83 1164871
88.84 1165025
88.85 1165169
88.86 1165312
88.87 1165396
88.88 1165512
88.89 1165540
88.90 1165562
88.91 1165618
88.92 1165678
88.93 1165755
88.94 1165872
88.95 1166058
88.96 1166216
88.97 1166283
88.98 1166306
88.99 1166337
89.00 1166383
89.01 1166441
89.02 1166515
89.03 1166642
89.04 1166793
89.05 1166964
89.06 1167111
89.07 1167215
89.08 1167302
89.09 1167394
89.10 1167481
89.11 1167518
89.12 1167550
89.13 1167683
89.14 1167863
89.15 1168031
89.16 1168189
89.17 1168357
89.18 1168510
89.19 1168587
89.20 1168691
89.21 1168810
89.22 1168918
89.23 1169048
89.24 1169180
89.25 1169289
89.26 1169375
89.27 1169466
89.28 1169549
89.29 1169645
89.30 1169734
89.31 1169815
89.32 1169888
89.33 1169908
89.34 1169913
89.35 1169920
89.36 1169965
89.37 1170053
89.38 1170167
89.39 1170343
89.40 1170498
89.41 1170660
89.42 1170736
89.43 1170825
89.44 1170898
89.45 1170997
89.46 1171117
89.47 1171241
89.48 1171374
89.49 1171509
89.50 1171624
89.51 1171733
89.52 1171809
89.53 1171876
89.54 1171979
89.55 1172068
89.56 1172158
89.57 1172248
89.58 1172315
89.59 1172317
89.60 1172318
89.61 1172340
89.62 1172441
89.63 1172596
89.64 1172750
89.65 1172924
89.66 1173102
89.67 1173261
89.68 1173408
89.69 1173549
89.70 1173725
89.71 1173899
89.72 1174042
89.73 1174210
89.74 1174363
89.75 1174505
89.76 1174681
89.77 1174825
89.78 1174998
89.79 1175173
89.80 1175322
89.81 1175411
89.82 1175522
89.83 1175698
89.84 1175860
89.85 1176046
89.86 1176234
89.87 1176425
89.88 1176614
89.89 1176808
89.90 1176999
89.91 1177211
89.92 1177403
89.93 1177574
89.94 1177770
89.95 1177956
89.96 1178133
89.97 1178159
89.98 1178352
89.99 1178546
90.00 1178716
90.01 1178905
90.02 1179088
90.03 1179277
90.04 1179466
90.05 1179675
90.06 1179866
90.07 1180047
90.08 1180226
90.09 1180407
90.10 1180584
90.11 1180776
90.12 1180958
90.13 1181141
90.14 1181340
90.15 1181532
90.16 1181720
90.17 1181903
90.18 1182090
90.19 1182228
90.20 1182374
90.21 1182448
90.22 1182564
90.23 1182691
90.24 1182834
90.25 1182967
90.26 1183128
90.27 1183274
90.28 1183453
90.29 1183509
90.30 1183622
90.31 1183711
90.32 1183759
90.33 1183857
90.34 1183956
90.35 1184105
90.36 1184247
90.37 1184367
90.38 1184475
90.39 1184557
90.40 1184643
90.41 1184737
90.42 1184842
90.43 1184939
90.44 1185019
90.45 1185110
90.46 1185189
90.47 1185243
90.48 1185247
90.49 1185251
90.50 1185342
90.51 1185442
90.52 1185596
90.53 1185747
90.54 1185927
90.55 1186090
90.56 1186222
90.57 1186293
90.58 1186446
90.59 1186607
90.60 1186814
90.61 1187006
90.62 1187169
90.63 1187310
90.64 1187363
90.65 1187520
90.66 1187671
90.67 1187823
90.68 1187991
90.69 1188174
90.70 1188350
90.71 1188530
90.72 1188688
90.73 1188865
90.74 1189022
90.75 1189197
90.76 1189375
90.77 1189562
90.78 1189727
90.79 1189864
90.80 1190034
90.81 1190198
90.82 1190346
90.83 1190542
90.84 1190701
90.85 1190824
90.86 1190882
90.87 1191008
90.88 1191136
90.89 1191252
90.90 1191379
90.91 1191522
90.92 1191623
90.93 1191715
90.94 1191792
90.95 1191893
90.96 1192005
90.97 1192095
90.98 1192183
90.99 1192286
91.00 1192291
91.01 1192292
91.02 1192300
91.03 1192392
91.04 1192509
91.05 1192640
91.06 1192747
91.07 1192837
91.08 1192930
91.09 1193004
91.10 1193106
91.11 1193193
91.12 1193277
91.13 1193357
91.14 1193381
91.15 1193382
91.16 1193382
91.17 1193457
91.18 1193605
91.19 1193762
91.20 1193902
91.21 1193995
91.22 1194052
91.23 1194200
91.24 1194304
91.25 1194390
91.26 1194482
91.27 1194629
91.28 1194801
91.29 1194959
91.30 1195105
91.31 1195253
91.32 1195374
91.33 1195433
91.34 1195488
91.35 1195647
91.36 1195778
91.37 1195815
91.38 1195962
91.39 1196128
91.40 1196257
91.41 1196332
91.42 1196368
91.43 1196428
91.44 1196453
91.45 1196478
91.46 1196501
91.47 1196586
91.48 1196631
91.49 1196710
91.50 1196739
91.51 1196800
91.52 1196838
91.53 1196904
91.54 1196955
91.55 1197016
91.56 1197045
91.57 1197068
91.58 1197090
91.59 1197232
91.60 1197419
91.61 1197576
91.62 1197757
91.63 1197937
91.64 1198114
91.65 1198226
91.66 1198265
91.67 1198365
91.68 1198488
91.69 1198634
91.70 1198808
91.71 1198957
91.72 1199095
91.73 1199258
91.74 1199413
91.75 1199568
91.76 1199722
91.77 1199812
91.78 1199990
91.79 1200138
91.80 1200287
91.81 1200447
91.82 1200561
91.83 1200705
91.84 1200850
91.85 1200967
91.86 1201010
91.87 1201091
91.88 1201236
91.89 1201387
91.90 1201553
91.91 1201703
91.92 1201859
91.93 1202010
91.94 1202165
91.95 1202340
91.96 1202501
91.97 1202661
91.98 1202809
91.99 1202964
92.00 1203127
92.01 1203302
92.02 1203463
92.03 1203628
92.04 1203807
92.05 1203986
92.06 1204159
92.07 1204335
92.08 1204515
92.09 1204691
92.10 1204863
92.11 1205019
92.12 1205166
92.13 1205318
92.14 1205493
92.15 1205661
92.16 1205826
92.17 1205979
92.18 1206129
92.19 1206295
92.20 1206461
92.21 1206634
92.22 1206753
92.23 1206908
92.24 1207042
92.25 1207182
92.26 1207271
92.27 1207313
92.28 1207355
92.29 1207453
92.30 1207567
92.31 1207605
92.32 1207714
92.33 1207852
92.34 1207933
92.35 1208015
92.36 1208146
92.37 1208299
92.38 1208471
92.39 1208656
92.40 1208826
92.41 1208996
92.42 1209163
92.43 1209350
92.44 1209539
92.45 1209707
92.46 1209869
92.47 1210049
92.48 1210218
92.49 1210399
92.50 1210543
92.51 1210695
92.52 1210847
92.53 1210950
92.54 1210985
92.55 1211058
92.56 1211186
92.57 1211322
92.58 1211493
92.59 1211638
92.60 1211799
92.61 1211944
92.62 1212100
92.63 1212270
92.64 1212449
92.65 1212613
92.66 1212783
92.67 1212952
92.68 1213100
92.69 1213189
92.70 1213341
92.71 1213460
92.72 1213501
92.73 1213526
92.74 1213550
92.75 1213606
92.76 1213726
92.77 1213857
92.78 1214015
92.79 1214169
92.80 1214313
92.81 1214479
92.82 1214632
92.83 1214787
92.84 1214957
92.85 1215109
92.86 1215274
92.87 1215436
92.88 1215589
92.89 1215689
92.90 1215732
92.91 1215798
92.92 1215969
92.93 1216119
92.94 1216257
92.95 1216302
92.96 1216392
92.97 1216542
92.98 1216579
92.99 1216705
93.00 1216840
93.01 1216959
93.02 1217074
93.03 1217178
93.04 1217273
93.05 1217356
93.06 1217440
93.07 1217537
93.08 1217640
93.09 1217722
93.10 1217790
93.11 1217880
93.12 1217888
93.13 1217890
93.14 1217898
93.15 1217962
93.16 1218077
93.17 1218205
93.18 1218350
93.19 1218459
93.20 1218543
93.21 1218621
93.22 1218690
93.23 1218773
93.24 1218890
93.25 1219004
93.26 1219095
93.27 1219179
93.28 1219255
93.29 1219336
93.30 1219459
93.31 1219492
93.32 1219494
93.33 1219496
93.34 1219570
93.35 1219733
93.36 1219890
93.37 1220035
93.38 1220235
93.39 1220404
93.40 1220564
93.41 1220733
93.42 1220922
93.43 1221059
93.44 1221131
93.45 1221216
93.46 1221303
93.47 1221386
93.48 1221461
93.49 1221544
93.50 1221639
93.51 1221705
93.52 1221772
93.53 1221850
93.54 1221923
93.55 1222004
93.56 1222076
93.57 1222145
93.58 1222210
93.59 1222279
93.60 1222351
93.61 1222415
93.62 1222486
93.63 1222550
93.64 1222610
93.65 1222699
93.66 1222807
93.67 1222854
93.68 1222885
93.69 1222988
93.70 1223088
93.71 1223194
93.72 1223272
93.73 1223429
93.74 1223499
93.75 1223604
93.76 1223743
93.77 1223870
93.78 1224008
93.79 1224180
93.80 1224331
93.81 1224420
93.82 1224483
93.83 1224562
93.84 1224702
93.85 1224775
93.86 1224926
93.87 1225107
93.88 1225282
93.89 1225470
93.90 1225615
93.91 1225724
93.92 1225864
93.93 1225978
93.94 1226006
93.95 1226121
93.96 1226260
93.97 1226433
93.98 1226493
93.99 1226583
94.00 1226717
94.01 1226861
94.02 1226941
94.03 1227078
94.04 1227227
94.05 1227389
94.06 1227467
94.07 1227580
94.08 1227708
94.09 1227851
94.10 1228021
94.11 1228141
94.12 1228186
94.13 1228218
94.14 1228323
94.15 1228501
94.16 1228675
94.17 1228840
94.18 1228989
94.19 1229143
94.20 1229304
94.21 1229456
94.22 1229598
94.23 1229761
94.24 1229915
94.25 1230084
94.26 1230268
94.27 1230400
94.28 1230512
94.29 1230611
94.30 1230691
94.31 1230719
94.32 1230819
94.33 1230994
94.34 1231133
94.35 1231236
94.36 1231403
94.37 1231555
94.38 1231707
94.39 1231864
94.40 1232030
94.41 1232186
94.42 1232358
94.43 1232521
94.44 1232699
94.45 1232849
94.46 1233013
94.47 1233191
94.48 1233346
94.49 1233472
94.50 1233563
94.51 1233699
94.52 1233857
94.53 1234000
94.54 1234157
94.55 1234328
94.56 1234460
94.57 1234625
94.58 1234765
94.59 1234924
94.60 1235093
94.61 1235186
94.62 1235275
94.63 1235437
94.64 1235531
94.65 1235574
94.66 1235640
94.67 1235697
94.68 1235747
94.69 1235914
94.70 1236000
94.71 1236039
94.72 1236152
94.73 1236295
94.74 1236384
94.75 1236529
94.76 1236620
94.77 1236705
94.78 1236759
94.79 1236840
94.80 1237036
94.81 1237212
94.82 1237393
94.83 1237557
94.84 1237717
94.85 1237854
94.86 1237930
94.87 1238017
94.88 1238089
94.89 1238253
94.90 1238422
94.91 1238580
94.92 1238738
94.93 1238894
94.94 1239065
94.95 1239213
94.96 1239288
94.97 1239333
94.98 1239371
94.99 1239404
95.00 1239504
95.01 1239673
95.02 1239821
95.03 1239973
95.04 1240118
95.05 1240272
95.06 1240378
95.07 1240530
95.08 1240697
95.09 1240852
95.10 1241024
95.11 1241192
95.12 1241306
95.13 1241425
95.14 1241456
95.15 1241522
95.16 1241672
95.17 1241836
95.18 1241984
95.19 1242137
95.20 1242311
95.21 1242486
95.22 1242652
95.23 1242834
95.24 1242975
95.25 1243135
95.26 1243283
95.27 1243404
95.28 1243518
95.29 1243585
95.30 1243692
95.31 1243815
95.32 1243966
95.33 1244092
95.34 1244243
95.35 1244374
95.36 1244538
95.37 1244681
95.38 1244809
95.39 1244937
95.40 1245082
95.41 1245230
95.42 1245395
95.43 1245564
95.44 1245710
95.45 1245834
95.46 1245927
95.47 1246027
95.48 1246166
95.49 1246280
95.50 1246318
95.51 1246398
95.52 1246509
95.53 1246647
95.54 1246790
95.55 1246943
95.56 1247079
95.57 1247202
95.58 1247295
95.59 1247369
95.60 1247462
95.61 1247561
95.62 1247652
95.63 1247746
95.64 1247784
95.65 1247797
95.66 1247808
95.67 1247873
95.68 1248011
95.69 1248157
95.70 1248315
95.71 1248408
95.72 1248459
95.73 1248494
95.74 1248579
95.75 1248677
95.76 1248757
95.77 1248887
95.78 1249058
95.79 1249253
95.80 1249428
95.81 1249609
95.82 1249800
95.83 1249990
95.84 1250136
95.85 1250246
95.86 1250307
95.87 1250358
95.88 1250421
95.89 1250547
95.90 1250680
95.91 1250855
95.92 1250994
95.93 1251134
95.94 1251260
95.95 1251392
95.96 1251512
95.97 1251662
95.99 1251827
96.00 1252007
96.01 1252194
96.02 1252318
96.03 1252370
96.04 1252488
96.05 1252594
96.06 1252712
96.07 1252791
96.08 1252846
96.09 1253006
96.10 1253187
96.11 1253348
96.12 1253445
96.13 1253556
96.14 1253722
96.15 1253894
96.16 1254062
96.17 1254220
96.18 1254399
96.19 1254495
96.20 1254623
96.21 1254790
96.22 1254867
96.23 1254911
96.24 1255035
96.25 1255168
96.26 1255306
96.27 1255418
96.28 1255495
96.29 1255625
96.30 1255770
96.31 1255872
96.32 1255957
96.33 1256124
96.34 1256281
96.35 1256385
96.36 1256541
96.37 1256728
96.38 1256901
96.39 1257076
96.40 1257217
96.41 1257360
96.42 1257483
96.43 1257636
96.44 1257767
96.45 1257917
96.46 1257980
96.47 1258143
96.48 1258325
96.49 1258519
96.50 1258705
96.51 1258845
96.52 1258969
96.53 1259120
96.54 1259259
96.55 1259435
96.56 1259593
96.57 1259689
96.58 1259774
96.59 1259880
96.60 1259964
96.61 1260095
96.62 1260266
96.63 1260470
96.64 1260693
96.65 1260903
96.66 1261074
96.67 1261242
96.68 1261322
96.69 1261346
96.70 1261464
96.71 1261623
96.72 1261804
96.73 1262012
96.74 1262185
96.75 1262360
96.76 1262508
96.77 1262647
96.78 1262827
96.79 1262999
96.80 1263213
96.81 1263380
96.82 1263565
96.83 1263663
96.84 1263802
96.85 1263972
96.86 1264129
96.87 1264283
96.88 1264379
96.89 1264542
96.90 1264665
96.91 1264807
96.92 1264960
96.93 1265110
96.94 1265253
96.95 1265422
96.96 1265587
96.97 1265747
96.98 1265922
96.99 1266086
97.00 1266251
97.01 1266421
97.02 1266576
97.03 1266731
97.04 1266909
97.05 1267070
97.06 1267227
97.07 1267384
97.08 1267519
97.09 1267626
97.10 1267687
97.11 1267752
97.12 1267842
97.13 1268005
97.14 1268158
97.15 1268303
97.16 1268436
97.17 1268582
97.18 1268717
97.19 1268841
97.20 1268967
97.21 1269134
97.22 1269272
97.23 1269422
97.24 1269551
97.25 1269699
97.26 1269850
97.27 1269925
97.28 1270070
97.29 1270233
97.30 1270335
97.31 1270428
97.32 1270539
97.33 1270662
97.34 1270843
97.35 1271001
97.36 1271162
97.37 1271324
97.38 1271485
97.39 1271660
97.40 1271745
97.41 1271884
97.42 1272049
97.43 1272203
97.44 1272346
97.45 1272521
97.46 1272676
97.47 1272820
97.48 1272991
97.49 1273137
97.50 1273267
97.51 1273412
97.52 1273550
97.53 1273692
97.54 1273843
97.55 1273988
97.56 1274137
97.57 1274281
97.58 1274441
97.59 1274590
97.60 1274760
97.61 1274926
97.62 1275067
97.63 1275231
97.64 1275374
97.65 1275512
97.66 1275596
97.67 1275688
97.68 1275845
97.69 1276014
97.70 1276190
97.71 1276321
97.72 1276442
97.73 1276588
97.74 1276741
97.75 1276915
97.76 1277094
97.77 1277177
97.78 1277211
97.79 1277376
97.80 1277558
97.81 1277725
97.82 1277774
97.83 1277951
97.84 1278071
97.85 1278225
97.86 1278396
97.87 1278511
97.88 1278686
97.89 1278885
97.90 1279068
97.91 1279237
97.92 1279406
97.93 1279573
97.94 1279732
97.95 1279893
97.96 1280087
97.97 1280218
97.98 1280337
97.99 1280500
98.00 1280645
98.01 1280743
98.02 1280781
98.03 1280945
98.04 1281074
98.05 1281209
98.06 1281302
98.07 1281471
98.08 1281604
98.09 1281749
98.10 1281900
98.11 1282073
98.12 1282240
98.13 1282423
98.14 1282610
98.15 1282748
98.16 1282857
98.17 1283014
98.18 1283186
98.19 1283329
98.20 1283413
98.21 1283492
98.22 1283552
98.23 1283619
98.24 1283719
98.25 1283848
98.26 1283926
98.27 1284062
98.28 1284221
98.29 1284368
98.30 1284517
98.31 1284672
98.32 1284801
98.33 1284939
98.34 1285096
98.35 1285231
98.36 1285398
98.37 1285552
98.38 1285712
98.39 1285850
98.40 1286027
98.41 1286204
98.42 1286383
98.43 1286539
98.44 1286681
98.45 1286823
98.46 1286956
98.47 1287099
98.48 1287247
98.49 1287394
98.50 1287544
98.51 1287677
98.52 1287800
98.53 1287940
98.54 1288076
98.55 1288214
98.56 1288389
98.57 1288565
98.58 1288744
98.59 1288907
98.60 1289041
98.61 1289164
98.62 1289318
98.63 1289486
98.64 1289660
98.65 1289795
98.66 1289946
98.67 1290080
98.68 1290203
98.69 1290373
98.70 1290527
98.71 1290665
98.72 1290811
98.73 1290859
98.74 1290914
98.75 1291060
98.76 1291214
98.77 1291330
98.78 1291353
98.79 1291436
98.80 1291558
98.81 1291617
98.82 1291741
98.83 1291874
98.84 1291974
98.85 1292005
98.86 1292098
98.87 1292268
98.88 1292368
98.89 1292475
98.90 1292571
98.91 1292629
98.92 1292725
98.93 1292845
98.94 1292931
98.95 1292998
98.96 1293045
98.97 1293097
98.98 1293159
98.99 1293208
99.00 1293248
99.01 1293345
99.02 1293476
99.03 1293568
99.04 1293692
99.05 1293790
99.06 1293950
99.07 1294134
99.08 1294274
99.09 1294399
99.10 1294520
99.11 1294635
99.12 1294756
99.13 1294869
99.14 1294972
99.15 1295087
99.16 1295202
99.17 1295329
99.18 1295376
99.19 1295506
99.20 1295568
99.21 1295597
99.22 1295648
99.23 1295734
99.24 1295799
99.25 1295844
99.26 1295930
99.27 1296015
99.28 1296116
99.29 1296158
99.30 1296185
99.31 1296265
99.32 1296314
99.33 1296380
99.34 1296442
99.35 1296481
99.36 1296539
99.37 1296629
99.38 1296674
99.39 1296826
99.40 1297012
99.41 1297168
99.42 1297314
99.43 1297451
99.44 1297575
99.45 1297607
99.46 1297636
99.47 1297778
99.48 1297948
99.49 1298093
99.50 1298263
99.51 1298362
99.52 1298398
99.53 1298422
99.54 1298477
99.55 1298616
99.56 1298782
99.57 1298927
99.58 1299101
99.59 1299258
99.60 1299418
99.61 1299600
99.62 1299756
99.63 1299907
99.64 1300086
99.65 1300288
99.66 1300466
99.67 1300632
99.68 1300787
99.69 1300936
99.70 1301104
99.71 1301261
99.72 1301415
99.73 1301602
99.74 1301773
99.75 1301930
99.76 1302097
99.77 1302277
99.78 1302421
99.79 1302593
99.80 1302717
99.81 1302867
99.82 1303012
99.83 1303145
99.84 1303304
99.85 1303453
99.86 1303653
99.87 1303794
99.88 1303945
99.89 1304074
99.90 1304202
99.91 1304272
99.92 1304341
99.93 1304501
99.94 1304652
99.95 1304708
99.96 1304817
99.97 1304925
99.98 1305049
99.99 1305155
