pack_id,pair,row_id,source_file,source_tier,draft_origin,upstream_score,upstream_flags,source_len,target_len,length_ratio,naturalness,row_quality,exact_count,loose_count,source_count,frame_count,has_digit,has_time,has_year,has_date_word,has_semicolon,has_placeholder,punctuation_mismatch,copied_source,cluster_penalty,template_penalty,length_penalty,punctuation_penalty,lineage_penalty,prune_score,source,target_pos
04,en-es,70c585dca638f188e9447d5b8bc56003eaaba7cf75a70a3713ce18eb198cd298,projects/distillation/translation/training_data/gold_shards/gold_quality_4x640.shard_02_gold_core_b.jsonl,1000,,,,100,109,1.09,99.1562,1094.6562,4,4,4,4,0,0,0,0,0,0,0,0,31.5,0.0,0.211,0.0,0.0,31.711,The muralist spent three weeks painting a street scene that covered the entire side of the building.,La muralista pasó tres semanas pintando una escena callejera que cubría toda la fachada lateral del edificio.
04,en-es,7f838301925c4d7b0f3979c94b6e1c19ea082aa92cf0ef9a7629df6b4c6b1d5f,projects/distillation/translation/training_data/gold_shards/gold_quality_4x640.shard_02_gold_core_b.jsonl,1000,,,,98,109,1.1122,99.1562,1094.6562,4,4,4,4,0,0,0,0,0,0,0,0,31.5,0.0,0.211,0.0,0.0,31.711,The anesthesiologist monitored the patient's oxygen saturation throughout the four-hour procedure.,El anestesiólogo monitorizó la saturación de oxígeno del paciente durante las cuatro horas del procedimiento.
04,en-es,95879dd2c718769ba4474981d1ece428b9d07df665f3b426a08aa10b498cd97a,projects/distillation/translation/training_data/gold_shards/gold_quality_4x640.shard_02_gold_core_b.jsonl,1000,,,,95,109,1.1474,99.1562,1094.6562,4,4,4,4,0,0,0,0,0,0,0,0,31.5,0.0,0.211,0.0,0.0,31.711,The bankruptcy filing provides the company with protection from creditors while it reorganizes.,La declaración de quiebra proporciona a la empresa protección frente a los acreedores mientras se reorganiza.
04,en-es,9840c0ea58062031cea5994db080f9a962b100755cc80e148b0bdb5ff989087e,projects/distillation/translation/training_data/gold_shards/gold_quality_4x640.shard_02_gold_core_b.jsonl,1000,,,,93,109,1.172,99.1562,1094.6562,4,4,4,4,0,0,0,0,0,0,0,0,31.5,0.0,0.211,0.0,0.0,31.711,Natural language processing enables machines to understand and interpret human language data.,El procesamiento del lenguaje natural permite a las máquinas entender e interpretar datos de lenguaje humano.
04,en-es,a280da3eec02da4895e8789e15e846a8f4386078721380904757b433fa74d395,projects/distillation/translation/training_data/gold_shards/gold_quality_4x640.shard_01_gold_core_a.jsonl,1000,,,,96,109,1.1354,99.1562,1094.6562,4,4,4,4,0,0,0,0,0,0,0,0,31.5,0.0,0.211,0.0,0.0,31.711,"The street musician played a battered accordion, and passersby dropped coins into his open case.","El músico callejero tocaba un acordeón desvencijado, y los transeúntes dejaban monedas en su estuche abierto."
04,en-es,fd28d189d447ab31257142968f44efca991460e1c1da7ab0ba81d6be75544c59,projects/distillation/translation/training_data/gold_shards/gold_quality_4x640.shard_01_gold_core_a.jsonl,1000,,,,94,109,1.1596,99.1562,1094.6562,4,4,4,4,0,0,0,0,0,0,0,0,31.5,0.0,0.211,0.0,0.0,31.711,The tour guide pointed out the fossilized shells embedded in the limestone walls of the gorge.,El guía turístico señaló las conchas fosilizadas incrustadas en las paredes de piedra caliza del desfiladero.
04,en-es,30b784626e067828f1110bae72d713c26a3ccf49b0cf4ff4be7146c5da8846ee,projects/distillation/translation/training_data/gold_shards/gold_quality_4x640.shard_02_gold_core_b.jsonl,1000,,,,59,69,1.1695,99.2623,1094.7623,4,4,4,4,0,0,0,0,0,0,0,0,31.5,0.0,0.1844,0.0,0.0,31.6844,Please unplug the device before replacing the battery pack.,Desconecta el dispositivo antes de reemplazar el paquete de baterías.
04,en-es,56c1c019aabe75a459a05719d5a07d7fb0496ef29bbd3def023b8400f568465d,projects/distillation/translation/training_data/gold_shards/gold_quality_4x640.shard_02_gold_core_b.jsonl,1000,,,,59,70,1.1864,99.2623,1094.7623,4,4,4,4,0,0,0,0,0,0,0,0,31.5,0.0,0.1844,0.0,0.0,31.6844,"If the dashboard misses new events, resync the data source.","Si al panel le faltan eventos nuevos, resincroniza la fuente de datos."
04,en-es,a7320af4b0d69fe2a3ec2aa8cfd4b7fe0a7688b878b3452db2bb7675739a9cbd,projects/distillation/translation/training_data/gold_shards/gold_quality_4x640.shard_02_gold_core_b.jsonl,1000,,,,59,68,1.1525,99.2623,1094.7623,4,4,4,4,0,0,0,0,0,0,0,0,31.5,0.0,0.1844,0.0,0.0,31.6844,The project is currently in its final phase of development.,El proyecto se encuentra actualmente en su fase final de desarrollo.
04,en-es,acdeef1dba4a89346214dddf1731f6dc2c022e91ff25cb5854f800c141c8324c,projects/distillation/translation/training_data/gold_shards/gold_quality_4x640.shard_02_gold_core_b.jsonl,1000,,,,66,61,1.082,99.2857,1094.7857,4,4,4,4,0,0,0,0,0,0,0,0,31.5,0.0,0.1786,0.0,0.0,31.6786,I'm thinking about going back to school to get my master's degree.,Estoy pensando en volver a estudiar para obtener mi maestría.
04,en-es,d67e5cf25e55fad2e7bbe0bc0434b3cb1e91a300c0a43d159cbee5ba0606f977,projects/distillation/translation/training_data/gold_shards/gold_quality_4x640.shard_01_gold_core_a.jsonl,1000,,,,64,61,1.0492,99.2857,1094.7857,4,4,4,4,0,0,0,0,0,0,0,0,31.5,0.0,0.1786,0.0,0.0,31.6786,The new policy is intended to promote a more sustainable future.,La nueva política pretende promover un futuro más sostenible.
04,en-es,03e25690bbc2bbf07f1e1606483039675d5b17aa6ba28d9b3acc584cc2e223e8,projects/distillation/translation/training_data/gold_shards/gold_quality_4x640.shard_02_gold_core_b.jsonl,1000,,,,60,63,1.05,99.6311,1095.1311,4,4,4,4,0,0,0,0,0,0,0,0,31.5,0.0,0.0922,0.0,0.0,31.5922,The bridge offers a stunning view of the city and the river.,El puente ofrece una vista impresionante de la ciudad y el río.
04,en-es,21a813e4614cc97b6fcf6d7ac9021a745d06614a827d97ede0dc20144cc670cc,projects/distillation/translation/training_data/gold_shards/gold_quality_4x640.shard_01_gold_core_a.jsonl,1000,,,,60,70,1.1667,99.6311,1095.1311,4,4,4,4,0,0,0,0,0,0,0,0,31.5,0.0,0.0922,0.0,0.0,31.5922,"I forgot my umbrella at home, and now it's starting to pour.",Olvidé mi paraguas en casa y ahora está empezando a llover a cántaros.
04,en-es,4063af75ba31ac7cea9ab917d00d6408b95bef8d5d7026bed3875d9fe611cd75,projects/distillation/translation/training_data/gold_shards/gold_quality_4x640.shard_01_gold_core_a.jsonl,1000,,,,60,69,1.15,99.6311,1095.1311,4,4,4,4,0,0,0,0,0,0,0,0,31.5,0.0,0.0922,0.0,0.0,31.5922,"We shared a table with strangers, and left with new friends.","Compartimos mesa con desconocidos, y nos fuimos con nuevas amistades."
04,en-es,1a889e5c67a60a370eb600fc2e68305bbf5dd28ed6c8bb718530bd0cb86e6d4a,projects/distillation/translation/training_data/gold_shards/gold_quality_4x640.shard_02_gold_core_b.jsonl,1000,,,,65,62,1.0484,99.6429,1095.1429,4,4,4,4,0,0,0,0,0,0,0,0,31.5,0.0,0.0893,0.0,0.0,31.5893,The company is facing a lawsuit over its environmental practices.,La empresa enfrenta una demanda por sus prácticas ambientales.
04,en-es,5c903ccaa1d98839cb95632f7ce8d6abf8e7e399e4e9c3fea3b3849ef543f991,projects/distillation/translation/training_data/gold_shards/gold_quality_4x640.shard_01_gold_core_a.jsonl,1000,,,,64,62,1.0323,99.6429,1095.1429,4,4,4,4,0,0,0,0,0,0,0,0,31.5,0.0,0.0893,0.0,0.0,31.5893,"I'm feeling a bit under the weather today, so I might stay home.","Me siento un poco mal hoy, así que puede que me quede en casa."
04,es-en,01181cae0e782f25bd15eca29db841064794d998f5fad2b600ff4071099eec27,projects/distillation/translation/training_data/gold_shards/gold_quality_4x640.shard_01_gold_core_a.jsonl,1000,,,,94,83,1.1325,100.0,1095.5,4,4,4,4,0,0,0,0,0,0,0,0,31.5,0.0,0.0,0.0,0.0,31.5,La cumbre climática concluyó con un compromiso firme para proteger las reservas de agua dulce.,The climate summit concluded with a firm commitment to protect freshwater reserves.
04,es-en,014d540343957c33655a5d5fd57d8a3acbcb55203ba9f9401fc88a0dca24cc5a,projects/distillation/translation/training_data/gold_shards/gold_quality_4x640.shard_01_gold_core_a.jsonl,1000,,,,101,86,1.1744,100.0,1095.5,4,4,4,4,0,0,0,0,0,0,0,0,31.5,0.0,0.0,0.0,0.0,31.5,Las muestras de roca lunar analizadas en el laboratorio contienen minerales no hallados en la Tierra.,The lunar rock samples analyzed in the laboratory contain minerals not found on Earth.
04,es-en,02aaa79db206e775f4e06e4ba91a08eba0ad8011633b76613484ba0e6eed9739,projects/distillation/translation/training_data/gold_shards/gold_quality_4x640.shard_01_gold_core_a.jsonl,1000,,,,86,90,1.0465,100.0,1095.5,4,4,4,4,0,0,0,0,0,0,0,0,31.5,0.0,0.0,0.0,0.0,31.5,La encuadernadora cosió los pliegos a mano con hilo de lino para la edición artesanal.,The bookbinder sewed the signatures by hand with linen thread for the handcrafted edition.
04,es-en,02b82583cf59d7f008bd400113d57740dbbdc651f2e796f346c120a78f5c6f4d,projects/distillation/translation/training_data/gold_shards/gold_quality_4x640.shard_02_gold_core_b.jsonl,1000,,,,73,64,1.1406,100.0,1095.5,4,4,4,4,0,0,0,0,0,0,0,0,31.5,0.0,0.0,0.0,0.0,31.5,Especialistas recomiendan menos pantallas por la noche para dormir mejor.,Specialists recommend less screen time at night to sleep better.
04,en-es,05423937de705136a673fbc013c1f014ee86fac8e70d4070a4547ea187d2e7c7,projects/distillation/translation/training_data/gold_shards/gold_quality_4x640.shard_02_gold_core_b.jsonl,1000,,,,86,103,1.1977,100.0,1095.5,4,4,4,4,0,0,0,0,0,0,0,0,31.5,0.0,0.0,0.0,0.0,31.5,The non-disclosure agreement remains in effect for three years after the project ends.,El acuerdo de confidencialidad permanece vigente durante tres años después de que finalice el proyecto.
04,es-en,0657bb041d647afe2f0c8134e317b12eb67f6d5988d7366e4b625e13db8d00ac,projects/distillation/translation/training_data/gold_shards/gold_quality_4x640.shard_02_gold_core_b.jsonl,1000,,,,84,81,1.037,100.0,1095.5,4,4,4,4,0,0,0,0,0,0,0,0,31.5,0.0,0.0,0.0,0.0,31.5,Las tortugas marinas regresan cada año a la misma playa donde nacieron para desovar.,Sea turtles return every year to the same beach where they were born to lay eggs.
04,en-es,06d0b375c03e558d4bd4ea1d5086d536ab54ba6f2caf6a7f475742dba5ad3ea0,projects/distillation/translation/training_data/gold_shards/gold_quality_4x640.shard_01_gold_core_a.jsonl,1000,,,,85,85,1.0,100.0,1095.5,4,4,4,4,0,0,0,0,0,0,0,0,31.5,0.0,0.0,0.0,0.0,31.5,You can find unique vintage clothing in the small boutiques in the historic district.,Puedes encontrar ropa vintage única en las pequeñas boutiques del distrito histórico.
04,en-es,06ebe3ddc58908e28cff994fa395cd5f4b6afb17bc9698406c102377e36bc369,projects/distillation/translation/training_data/gold_shards/gold_quality_4x640.shard_02_gold_core_b.jsonl,1000,,,,92,99,1.0761,100.0,1095.5,4,4,4,4,0,0,0,0,0,0,0,0,31.5,0.0,0.0,0.0,0.0,31.5,The professor asked students to explain assumptions explicitly before defending the project.,La profesora pidió al alumnado explicar supuestos de forma explícita antes de defender el proyecto.
04,en-es,07ababe43fdaf653f841ca2cdcb538a17729e1e17bd29ff7f0399ee053ac3381,projects/distillation/translation/training_data/gold_shards/gold_quality_4x640.shard_02_gold_core_b.jsonl,1000,,,,91,106,1.1648,100.0,1095.5,4,4,4,4,0,0,0,0,0,0,0,0,31.5,0.0,0.0,0.0,0.0,31.5,The local council is considering a proposal to convert the old factory into an art gallery.,El consejo local está considerando una propuesta para convertir la antigua fábrica en una galería de arte.
04,en-es,07e16853883db69db5f2f9bb0e7f9ed1ab2e9e0e4ede5a0cd575be35571383b5,projects/distillation/translation/training_data/gold_shards/gold_quality_4x640.shard_01_gold_core_a.jsonl,1000,,,,62,63,1.0161,100.0,1095.5,4,4,4,4,0,0,0,0,0,0,0,0,31.5,0.0,0.0,0.0,0.0,31.5,"We changed plans due to wind, and visited a lighthouse museum.","Cambiamos de plan por el viento, y visitamos un museo del faro."
04,en-es,0971fc9407591edea9dc8d3abbed05f9a0fa41217c94791316f845f671787b8e,projects/distillation/translation/training_data/gold_shards/gold_quality_4x640.shard_01_gold_core_a.jsonl,1000,,,,70,77,1.1,100.0,1095.5,4,4,4,4,0,0,0,0,0,0,0,0,31.5,0.0,0.0,0.0,0.0,31.5,The scientists are analyzing the data collected during the expedition.,Los científicos están analizando los datos recopilados durante la expedición.
04,es-en,09ec1bcfa45a6912707d9d8969e98adb89cf1d167fe83ecb6e13433a82477c53,projects/distillation/translation/training_data/gold_shards/gold_quality_4x640.shard_01_gold_core_a.jsonl,1000,,,,100,101,1.01,100.0,1095.5,4,4,4,4,0,0,0,0,0,0,0,0,31.5,0.0,0.0,0.0,0.0,31.5,La tasa de desempleo ha alcanzado su nivel más bajo en una década según los últimos datos oficiales.,The unemployment rate has reached its lowest level in a decade according to the latest official data.
04,en-es,0a3a2fa9df27ed64d89a36ec367caff0f6321b39f3cde29dd412bac824690d70,projects/distillation/translation/training_data/gold_shards/gold_quality_4x640.shard_01_gold_core_a.jsonl,1000,,,,79,79,1.0,100.0,1095.5,4,4,4,4,0,0,0,0,0,0,0,0,31.5,0.0,0.0,0.0,0.0,31.5,The software license agreement prohibits the redistribution of the source code.,El acuerdo de licencia de software prohíbe la redistribución del código fuente.
04,es-en,0c9d88e0d249b25722b95eb02408dec9b9f61cf29fa5a51ab50f0c3e1856ae31,projects/distillation/translation/training_data/gold_shards/gold_quality_4x640.shard_01_gold_core_a.jsonl,1000,,,,85,71,1.1972,100.0,1095.5,4,4,4,4,0,0,0,0,0,0,0,0,31.5,0.0,0.0,0.0,0.0,31.5,Me alegro mucho de que finalmente hayas conseguido ese ascenso que tanto te merecías.,I'm very glad that you finally got that promotion you deserved so much.
04,en-es,0cb14f623c3bd2f94ddf29177a9590805d73d87a1358b6ee0a9965e9eeea8958,projects/distillation/translation/training_data/gold_shards/gold_quality_4x640.shard_01_gold_core_a.jsonl,1000,,,,69,79,1.1449,100.0,1095.5,4,4,4,4,0,0,0,0,0,0,0,0,31.5,0.0,0.0,0.0,0.0,31.5,"To be honest, I'm starting to regret my decision to move to the city.","Para ser honesto, empiezo a arrepentirme de mi decisión de mudarme a la ciudad."
04,es-en,0d935e80ac226fd06c0f01980cee759da3687a9b2492aedac7b13732b5bf8e08,projects/distillation/translation/training_data/gold_shards/gold_quality_4x640.shard_01_gold_core_a.jsonl,1000,,,,87,83,1.0482,100.0,1095.5,4,4,4,4,0,0,0,0,0,0,0,0,31.5,0.0,0.0,0.0,0.0,31.5,La artesana tejió un tapiz con motivos geométricos inspirados en diseños prehispánicos.,The artisan wove a tapestry with geometric motifs inspired by pre-Hispanic designs.
04,es-en,0e55a9ef37b2d7ff9553eb71a648f7a8db1a01bce90ee859fa7639da3ec81ddc,projects/distillation/translation/training_data/gold_shards/gold_quality_4x640.shard_02_gold_core_b.jsonl,1000,,,,99,92,1.0761,100.0,1095.5,4,4,4,4,0,0,0,0,0,0,0,0,31.5,0.0,0.0,0.0,0.0,31.5,La intérprete de lengua de signos facilitó la comunicación durante la conferencia de accesibilidad.,The sign language interpreter facilitated communication during the accessibility conference.
04,es-en,0fc61507952ad42b424c46a10c8b892c1fc05d9f62ba17ee4d37a88679188ba8,projects/distillation/translation/training_data/gold_shards/gold_quality_4x640.shard_02_gold_core_b.jsonl,1000,,,,94,85,1.1059,100.0,1095.5,4,4,4,4,0,0,0,0,0,0,0,0,31.5,0.0,0.0,0.0,0.0,31.5,La empresa está analizando la posibilidad de abrir nuevas delegaciones en el mercado asiático.,The company is analyzing the possibility of opening new branches in the Asian market.
04,en-es,10133e14a4b38211c60a2b1fbdb13d3d261198af3a702470e7538d52c9cdf1fc,projects/distillation/translation/training_data/gold_shards/gold_quality_4x640.shard_01_gold_core_a.jsonl,1000,,,,86,87,1.0116,100.0,1095.5,4,4,4,4,0,0,0,0,0,0,0,0,31.5,0.0,0.0,0.0,0.0,31.5,The nonprofit organization provides clean drinking water to remote villages in Africa.,La organización sin fines de lucro proporciona agua potable a aldeas remotas en África.
04,en-es,10574a68361d6695966f654fb81bb0d777423f6d41589bd472078cbdce634352,projects/distillation/translation/training_data/gold_shards/gold_quality_4x640.shard_02_gold_core_b.jsonl,1000,,,,69,80,1.1594,100.0,1095.5,4,4,4,4,0,0,0,0,0,0,0,0,31.5,0.0,0.0,0.0,0.0,31.5,The local market is famous for its fresh produce and handmade crafts.,El mercado local es famoso por sus productos frescos y artesanías hechas a mano.
04,en-es,10e56053ac0a1e31f3520d3cfa547f879b34159737f26976dbd4864452471706,projects/distillation/translation/training_data/gold_shards/gold_quality_4x640.shard_01_gold_core_a.jsonl,1000,,,,89,105,1.1798,100.0,1095.5,4,4,4,4,0,0,0,0,0,0,0,0,31.5,0.0,0.0,0.0,0.0,31.5,The startup received an additional round of funding to expand its operations into Europe.,La empresa emergente recibió una ronda adicional de financiación para expandir sus operaciones en Europa.
04,en-es,1366e33e7833831775dae50e58bd03b3bd53c297eb24041f8325ba1f548e7e8e,projects/distillation/translation/training_data/gold_shards/gold_quality_4x640.shard_02_gold_core_b.jsonl,1000,,,,80,92,1.15,100.0,1095.5,4,4,4,4,0,0,0,0,0,0,0,0,31.5,0.0,0.0,0.0,0.0,31.5,The software allows users to customize their workspace according to their needs.,El software permite a los usuarios personalizar su espacio de trabajo según sus necesidades.
04,en-es,13ee85c9c21b2b3c7f462d80e0e3de067a77210efa075741a138015d2ac9a1ff,projects/distillation/translation/training_data/gold_shards/gold_quality_4x640.shard_02_gold_core_b.jsonl,1000,,,,75,70,1.0714,100.0,1095.5,4,4,4,4,0,0,0,0,0,0,0,0,31.5,0.0,0.0,0.0,0.0,31.5,We skipped the highway and drove through villages painted in bright colors.,Evitamos la autopista y atravesamos pueblos pintados de colores vivos.
04,en-es,145420fe397776643e69aca7b02681597ea8c3d0424690a34a00f880406fdaff,projects/distillation/translation/training_data/gold_shards/gold_quality_4x640.shard_01_gold_core_a.jsonl,1000,,,,81,85,1.0494,100.0,1095.5,4,4,4,4,0,0,0,0,0,0,0,0,31.5,0.0,0.0,0.0,0.0,31.5,The sunset over the Mediterranean was a breathtaking display of gold and crimson.,El atardecer sobre el Mediterráneo fue una impresionante exhibición de oro y carmesí.
04,en-es,14e6f74c356bf9d2c12923e5e64065c19546cd78b4acadcbabf7f48929bf72a6,projects/distillation/translation/training_data/gold_shards/gold_quality_4x640.shard_01_gold_core_a.jsonl,1000,,,,95,104,1.0947,100.0,1095.5,4,4,4,4,0,0,0,0,0,0,0,0,31.5,0.0,0.0,0.0,0.0,31.5,The meteorologist warned of an approaching cold front that could bring freezing rain overnight.,La meteoróloga advirtió de un frente frío que se acercaba y podría traer lluvia helada durante la noche.
04,en-es,156dd16bed75fc97dfdb3405a719585c769dcd6a45b11f248c24057246aaae1f,projects/distillation/translation/training_data/gold_shards/gold_quality_4x640.shard_02_gold_core_b.jsonl,1000,,,,95,108,1.1368,100.0,1095.5,4,4,4,4,0,0,0,0,0,0,0,0,31.5,0.0,0.0,0.0,0.0,31.5,The professor asked students to check units in every equation before solving the lab worksheet.,La profesora pidió al alumnado comprobar unidades en cada ecuación antes de resolver la guía de laboratorio.
04,es-en,15a25a595991377f3db263bdbf49a654995ce8c4af7b179b521bc2f99d98f610,projects/distillation/translation/training_data/gold_shards/gold_quality_4x640.shard_01_gold_core_a.jsonl,1000,,,,92,82,1.122,100.0,1095.5,4,4,4,4,0,0,0,0,0,0,0,0,31.5,0.0,0.0,0.0,0.0,31.5,"La fuerte corriente marina arrastró al nadador, pero los socorristas lo rescataron a tiempo.","The strong sea current swept the swimmer away, but lifeguards rescued him in time."
04,en-es,17bef3aa5470c603fcb79766cf42aca7caa19d5f549480bed9dd89299d067f32,projects/distillation/translation/training_data/gold_shards/gold_quality_4x640.shard_01_gold_core_a.jsonl,1000,,,,89,97,1.0899,100.0,1095.5,4,4,4,4,0,0,0,0,0,0,0,0,31.5,0.0,0.0,0.0,0.0,31.5,"The moonlight danced upon the rippling water, casting long shadows across the empty pier.","La luz de la luna bailaba sobre el agua rizada, proyectando largas sombras sobre el muelle vacío."
04,es-en,17fb063cf7ab40354cf0706582d885ef752f19ae01700c546cab25c88c714148,projects/distillation/translation/training_data/gold_shards/gold_quality_4x640.shard_01_gold_core_a.jsonl,1000,,,,97,90,1.0778,100.0,1095.5,4,4,4,4,0,0,0,0,0,0,0,0,31.5,0.0,0.0,0.0,0.0,31.5,La cooperación internacional es esencial para abordar los desafíos globales del cambio climático.,International cooperation is essential to address the global challenges of climate change.
04,es-en,1a03a76bb6d336428c96b3f2e123e27e8851338cc541dbb1303c9a77a2db4c3e,projects/distillation/translation/training_data/gold_shards/gold_quality_4x640.shard_01_gold_core_a.jsonl,1000,,,,85,71,1.1972,100.0,1095.5,4,4,4,4,0,0,0,0,0,0,0,0,31.5,0.0,0.0,0.0,0.0,31.5,Estoy deseando que lleguen las vacaciones de verano para poder descansar en la playa.,I am looking forward to the summer holidays so I can rest on the beach.
04,en-es,1a07b637878fcb8aae93eea416ff50979e917cf02f7d8fc7f934c8963114c838,projects/distillation/translation/training_data/gold_shards/gold_quality_4x640.shard_02_gold_core_b.jsonl,1000,,,,79,80,1.0127,100.0,1095.5,4,4,4,4,0,0,0,0,0,0,0,0,31.5,0.0,0.0,0.0,0.0,31.5,The mayor promised to publish every contract online before the end of the year.,La alcaldesa prometió publicar todos los contratos en línea antes de fin de año.
04,en-es,1a2557191420013e4444eb9a1a544436770f956857cd90418568a69fa347d2c2,projects/distillation/translation/training_data/gold_shards/gold_quality_4x640.shard_01_gold_core_a.jsonl,1000,,,,71,79,1.1127,100.0,1095.5,4,4,4,4,0,0,0,0,0,0,0,0,31.5,0.0,0.0,0.0,0.0,31.5,The new technology could revolutionize the way we generate electricity.,La nueva tecnología podría revolucionar la forma en que generamos electricidad.
04,es-en,1a3ca1e16da9d0a7d26bbaf680a30821e03f38cd73653815b9e2b00ae76bd784,projects/distillation/translation/training_data/gold_shards/gold_quality_4x640.shard_02_gold_core_b.jsonl,1000,,,,100,104,1.04,100.0,1095.5,4,4,4,4,0,0,0,0,0,0,0,0,31.5,0.0,0.0,0.0,0.0,31.5,La junta directiva está estudiando las propuestas para la construcción de la nueva sede corporativa.,The board of directors is studying the proposals for the construction of the new corporate headquarters.
04,es-en,1a565e3f36b6d116cfe3436b646932f0f45619db0402de3064886ca4f6f63e2c,projects/distillation/translation/training_data/gold_shards/gold_quality_4x640.shard_01_gold_core_a.jsonl,1000,,,,95,85,1.1176,100.0,1095.5,4,4,4,4,0,0,0,0,0,0,0,0,31.5,0.0,0.0,0.0,0.0,31.5,La independencia del poder judicial es un pilar básico para el funcionamiento de la democracia.,The independence of the judiciary is a basic pillar for the functioning of democracy.
04,en-es,1b82c902baea941e4a4ca6ebb72d44b3ae1583b0a3ac2e2637563a2359220a31,projects/distillation/translation/training_data/gold_shards/gold_quality_4x640.shard_02_gold_core_b.jsonl,1000,,,,65,74,1.1385,100.0,1095.5,4,4,4,4,0,0,0,0,0,0,0,0,31.5,0.0,0.0,0.0,0.0,31.5,The new skyscraper is the tallest building in the city's skyline.,El nuevo rascacielos es el edificio más alto en el horizonte de la ciudad.
04,en-es,1c4726f56b1d95c67b3c1f9c82c8c9ce1e4225d74612435e2a3f52b17d96d973,projects/distillation/translation/training_data/gold_shards/gold_quality_4x640.shard_01_gold_core_a.jsonl,1000,,,,81,89,1.0988,100.0,1095.5,4,4,4,4,0,0,0,0,0,0,0,0,31.5,0.0,0.0,0.0,0.0,31.5,The professor asked students to review peer feedback before submitting revisions.,La profesora pidió al alumnado revisar comentarios de pares antes de entregar revisiones.
04,es-en,1f8446beb321a361b040be755dbbbc8bfdec7bb4e931f8f04ac25be1d018b0d4,projects/distillation/translation/training_data/gold_shards/gold_quality_4x640.shard_02_gold_core_b.jsonl,1000,,,,84,79,1.0633,100.0,1095.5,4,4,4,4,0,0,0,0,0,0,0,0,31.5,0.0,0.0,0.0,0.0,31.5,La junta electoral aprobó mesas de información itinerantes para votantes primerizos.,The electoral board approved traveling information desks for first-time voters.
04,es-en,2107b6298e2b9b5d3796accbf35908cdadbc9d4db8192ac0101e5d5bc6501a5a,projects/distillation/translation/training_data/gold_shards/gold_quality_4x640.shard_01_gold_core_a.jsonl,1000,,,,95,100,1.0526,100.0,1095.5,4,4,4,4,0,0,0,0,0,0,0,0,31.5,0.0,0.0,0.0,0.0,31.5,La antropóloga estudió los rituales funerarios de una comunidad indígena en la selva amazónica.,The anthropologist studied the funerary rituals of an indigenous community in the Amazon rainforest.
04,en-es,2182e81cc70de5f80bf66a721facda548c3263589f8bb183c6875ec8a808a132,projects/distillation/translation/training_data/gold_shards/gold_quality_4x640.shard_02_gold_core_b.jsonl,1000,,,,80,89,1.1125,100.0,1095.5,4,4,4,4,0,0,0,0,0,0,0,0,31.5,0.0,0.0,0.0,0.0,31.5,Urban developers are creating more pedestrian-friendly zones in the city center.,Los desarrolladores urbanos están creando más zonas peatonales en el centro de la ciudad.
04,es-en,21aed25f30af1631bd1d607e025e4b79b48e5d47ff63268fae053bfcdba087b9,projects/distillation/translation/training_data/gold_shards/gold_quality_4x640.shard_02_gold_core_b.jsonl,1000,,,,85,83,1.0241,100.0,1095.5,4,4,4,4,0,0,0,0,0,0,0,0,31.5,0.0,0.0,0.0,0.0,31.5,La calígrafa trazó las invitaciones de la ceremonia con pluma metálica y tinta sepia.,The calligrapher wrote the ceremony invitations with a metal nib pen and sepia ink.
04,en-es,23a8527c783c1de1b131d8d484eb118e4f6a828d5cf2f12dc0c5bbed0a561239,projects/distillation/translation/training_data/gold_shards/gold_quality_4x640.shard_01_gold_core_a.jsonl,1000,,,,65,67,1.0308,100.0,1095.5,4,4,4,4,0,0,0,0,0,0,0,0,31.5,0.0,0.0,0.0,0.0,31.5,The project was completed on time and within the original budget.,El proyecto se completó a tiempo y dentro del presupuesto original.
04,es-en,27853e1c0fd3400c9dfd5e8455296631b5e1880e7900f9277a271897c1dca18f,projects/distillation/translation/training_data/gold_shards/gold_quality_4x640.shard_02_gold_core_b.jsonl,1000,,,,94,93,1.0108,100.0,1095.5,4,4,4,4,0,0,0,0,0,0,0,0,31.5,0.0,0.0,0.0,0.0,31.5,"La huerta escolar enseña a los niños el ciclo de siembra, crecimiento y cosecha de hortalizas.","The school garden teaches children the cycle of planting, growing, and harvesting vegetables."
04,en-es,2835ea65416ab7b2b416d5db73313383182be7e036c9e37e671e9ffd28d9a598,projects/distillation/translation/training_data/gold_shards/gold_quality_4x640.shard_01_gold_core_a.jsonl,1000,,,,87,82,1.061,100.0,1095.5,4,4,4,4,0,0,0,0,0,0,0,0,31.5,0.0,0.0,0.0,0.0,31.5,The paramedic stabilized the patient's neck before transferring him onto the stretcher.,La paramédica estabilizó el cuello del paciente antes de trasladarlo a la camilla.
04,es-en,2998638a871e2db3983be0027a7b06f92025936841cbd42a95e5511102b04006,projects/distillation/translation/training_data/gold_shards/gold_quality_4x640.shard_02_gold_core_b.jsonl,1000,,,,77,68,1.1324,100.0,1095.5,4,4,4,4,0,0,0,0,0,0,0,0,31.5,0.0,0.0,0.0,0.0,31.5,Estoy buscando un regalo especial para el aniversario de bodas de mis padres.,I am looking for a special gift for my parents' wedding anniversary.
04,en-es,29d032de0f477cb11d767cc204bb43da25d8d5373b4b998a6223c32806b06089,projects/distillation/translation/training_data/gold_shards/gold_quality_4x640.shard_02_gold_core_b.jsonl,1000,,,,78,78,1.0,100.0,1095.5,4,4,4,4,0,0,0,0,0,0,0,0,31.5,0.0,0.0,0.0,0.0,31.5,The organ tuner spent the entire morning adjusting the pipes in the cathedral.,El afinador de órganos pasó toda la mañana ajustando los tubos de la catedral.
04,es-en,29d50461b5076258e186720d21853448b75e7b9242bdb756f7f39f10c78b9281,projects/distillation/translation/training_data/gold_shards/gold_quality_4x640.shard_01_gold_core_a.jsonl,1000,,,,82,85,1.0366,100.0,1095.5,4,4,4,4,0,0,0,0,0,0,0,0,31.5,0.0,0.0,0.0,0.0,31.5,La tatuadora dibujó el boceto a lápiz sobre la piel antes de empezar con la aguja.,The tattoo artist drew the pencil sketch on the skin before starting with the needle.
04,en-es,2af349fc5a0d16a3fbd5915f671391c911970cd3f1d13962dd6372a5cd4083dc,projects/distillation/translation/training_data/gold_shards/gold_quality_4x640.shard_01_gold_core_a.jsonl,1000,,,,84,88,1.0476,100.0,1095.5,4,4,4,4,0,0,0,0,0,0,0,0,31.5,0.0,0.0,0.0,0.0,31.5,The professor asked students to cite primary evidence before presenting conclusions.,La profesora pidió al alumnado citar evidencia primaria antes de presentar conclusiones.
04,es-en,2c7571923dbce91a4393821cf6dd4f62837cdb07ce97ae693b297eb070d46738,projects/distillation/translation/training_data/gold_shards/gold_quality_4x640.shard_02_gold_core_b.jsonl,1000,,,,90,87,1.0345,100.0,1095.5,4,4,4,4,0,0,0,0,0,0,0,0,31.5,0.0,0.0,0.0,0.0,31.5,La anestesióloga verificó la vía intravenosa antes de inducir la sedación para la cirugía.,The anesthesiologist checked the intravenous line before inducing sedation for surgery.
04,es-en,2e931e8626ec14be4b48e11277aa25afc79d204732ddaafcf7169e8e793358c7,projects/distillation/translation/training_data/gold_shards/gold_quality_4x640.shard_02_gold_core_b.jsonl,1000,,,,90,88,1.0227,100.0,1095.5,4,4,4,4,0,0,0,0,0,0,0,0,31.5,0.0,0.0,0.0,0.0,31.5,"Es asombroso ver cómo ha evolucionado la tecnología en las últimas dos décadas, ¿no crees?","It's amazing to see how technology has evolved in the last two decades, don't you think?"
04,en-es,2ea243ffdbe818d676e54a8a4c0461aaf6340433c8b30d7d54d0cb2eb51e4fbd,projects/distillation/translation/training_data/gold_shards/gold_quality_4x640.shard_02_gold_core_b.jsonl,1000,,,,66,67,1.0152,100.0,1095.5,4,4,4,4,0,0,0,0,0,0,0,0,31.5,0.0,0.0,0.0,0.0,31.5,The train station was crowded with commuters during the rush hour.,La estación de tren estaba llena de viajeros durante la hora punta.
04,es-en,3179069d0ee9b0e0102f66be975c8b7fd46bd74d5e2487f788fcf197edf7e615,projects/distillation/translation/training_data/gold_shards/gold_quality_4x640.shard_02_gold_core_b.jsonl,1000,,,,80,73,1.0959,100.0,1095.5,4,4,4,4,0,0,0,0,0,0,0,0,31.5,0.0,0.0,0.0,0.0,31.5,La joyera diseñó un collar de filigrana de plata inspirado en motivos vegetales.,The jeweler designed a silver filigree necklace inspired by plant motifs.
04,es-en,338e6d99bc469922476b881e75908d38b261460d232ebf48707406f1fdc901dd,projects/distillation/translation/training_data/gold_shards/gold_quality_4x640.shard_02_gold_core_b.jsonl,1000,,,,99,85,1.1647,100.0,1095.5,4,4,4,4,0,0,0,0,0,0,0,0,31.5,0.0,0.0,0.0,0.0,31.5,Esta nueva tecnología tiene el potencial de transformar radicalmente la industria de la automoción.,This new technology has the potential to radically transform the automotive industry.
04,es-en,350797ab4cde669c541fcbf726731af93fc02b4015d77e082e2a88bfb8231363,projects/distillation/translation/training_data/gold_shards/gold_quality_4x640.shard_01_gold_core_a.jsonl,1000,,,,95,80,1.1875,100.0,1095.5,4,4,4,4,0,0,0,0,0,0,0,0,31.5,0.0,0.0,0.0,0.0,31.5,La gestión eficiente del agua es una prioridad en las zonas afectadas por la sequía prolongada.,Efficient water management is a priority in areas affected by prolonged drought.
04,en-es,368ba9f611c6e15f71424087acd44232f07227f6883eb4e0f53a71e512e8dcf0,projects/distillation/translation/training_data/gold_shards/gold_quality_4x640.shard_01_gold_core_a.jsonl,1000,,,,74,79,1.0676,100.0,1095.5,4,4,4,4,0,0,0,0,0,0,0,0,31.5,0.0,0.0,0.0,0.0,31.5,The novel ends with a storm that sounds like applause against the windows.,La novela termina con una tormenta que suena como aplausos contra las ventanas.
04,en-es,372bca799bdc9141f06eda71710fac6f0f0b3451b985fdfa9c55552f87f673a2,projects/distillation/translation/training_data/gold_shards/gold_quality_4x640.shard_02_gold_core_b.jsonl,1000,,,,86,78,1.1026,100.0,1095.5,4,4,4,4,0,0,0,0,0,0,0,0,31.5,0.0,0.0,0.0,0.0,31.5,The marine biologist tagged the sea turtle and released it back into the warm current.,La bióloga marina marcó la tortuga marina y la devolvió a la corriente cálida.
04,en-es,379bd5f601aeee4107a826d47e27f831eb747ada332139a287238ffa9122c594,projects/distillation/translation/training_data/gold_shards/gold_quality_4x640.shard_01_gold_core_a.jsonl,1000,,,,84,96,1.1429,100.0,1095.5,4,4,4,4,0,0,0,0,0,0,0,0,31.5,0.0,0.0,0.0,0.0,31.5,The plumber replaced the corroded valve under the sink before it could cause a leak.,El fontanero reemplazó la válvula corroída debajo del fregadero antes de que provocara una fuga.
04,es-en,38543e17d7a6a708e5f56f97b95f8d9d630b6a0989a2bfa3a4fd34e427fa6ce5,projects/distillation/translation/training_data/gold_shards/gold_quality_4x640.shard_01_gold_core_a.jsonl,1000,,,,91,80,1.1375,100.0,1095.5,4,4,4,4,0,0,0,0,0,0,0,0,31.5,0.0,0.0,0.0,0.0,31.5,Los datos del informe sugieren que esta tendencia de crecimiento se mantendrá en el futuro.,The report data suggest that this growth trend will be maintained in the future.
04,es-en,38d3e1eea422b004c2ff6af6523fde2b3fc74a4e7c8edfbd66aab95c721025c8,projects/distillation/translation/training_data/gold_shards/gold_quality_4x640.shard_01_gold_core_a.jsonl,1000,,,,96,80,1.2,100.0,1095.5,4,4,4,4,0,0,0,0,0,0,0,0,31.5,0.0,0.0,0.0,0.0,31.5,La empresa está aplicando nuevos protocolos para garantizar la seguridad de todos sus empleados.,The company is applying new protocols to ensure the safety of all its employees.
04,es-en,3917af24846e631a8d5aa2dfbfd81a3aace553a0d2251e0d84852957d865811e,projects/distillation/translation/training_data/gold_shards/gold_quality_4x640.shard_01_gold_core_a.jsonl,1000,,,,96,86,1.1163,100.0,1095.5,4,4,4,4,0,0,0,0,0,0,0,0,31.5,0.0,0.0,0.0,0.0,31.5,La nueva normativa de la empresa limita el uso de las redes sociales durante la jornada laboral.,The company's new regulations limit the use of social networks during the working day.
04,es-en,3a47f5d04707c6c85f9486eb698f5300017476087de4f53682d312414d5f84d8,projects/distillation/translation/training_data/gold_shards/gold_quality_4x640.shard_02_gold_core_b.jsonl,1000,,,,79,71,1.1127,100.0,1095.5,4,4,4,4,0,0,0,0,0,0,0,0,31.5,0.0,0.0,0.0,0.0,31.5,Las granjas eólicas marinas generan electricidad sin ocupar terreno cultivable.,Offshore wind farms generate electricity without occupying arable land.
04,es-en,3adee0217b68ad9c881443ce64c0443b029b30a1a2b487dd83848b02f75445a0,projects/distillation/translation/training_data/gold_shards/gold_quality_4x640.shard_02_gold_core_b.jsonl,1000,,,,97,94,1.0319,100.0,1095.5,4,4,4,4,0,0,0,0,0,0,0,0,31.5,0.0,0.0,0.0,0.0,31.5,Este documental analiza en profundidad las causas y consecuencias de la crisis financiera global.,This documentary analyzes in depth the causes and consequences of the global financial crisis.
04,en-es,3bdba3940791e6996660e99e6a78f5419b16cd286bde0db82937de2574718222,projects/distillation/translation/training_data/gold_shards/gold_quality_4x640.shard_01_gold_core_a.jsonl,1000,,,,67,74,1.1045,100.0,1095.5,4,4,4,4,0,0,0,0,0,0,0,0,31.5,0.0,0.0,0.0,0.0,31.5,The user interface is intuitive and easy to navigate for beginners.,La interfaz de usuario es intuitiva y fácil de navegar para principiantes.
04,en-es,3ed6e1f38af5ecb39890ac73b874010396a54b54f74b2e9babf1cecf11263d5b,projects/distillation/translation/training_data/gold_shards/gold_quality_4x640.shard_01_gold_core_a.jsonl,1000,,,,78,83,1.0641,100.0,1095.5,4,4,4,4,0,0,0,0,0,0,0,0,31.5,0.0,0.0,0.0,0.0,31.5,The transport agency is piloting contactless fare gates across three stations.,La agencia de transporte está probando torniquetes sin contacto en tres estaciones.
04,es-en,3ef8ce732668b61ee3f7b42169f775c092b5ea77f40556e5d02fab6ce65c5191,projects/distillation/translation/training_data/gold_shards/gold_quality_4x640.shard_02_gold_core_b.jsonl,1000,,,,82,77,1.0649,100.0,1095.5,4,4,4,4,0,0,0,0,0,0,0,0,31.5,0.0,0.0,0.0,0.0,31.5,La doctora me explicó que la hidratación adecuada también reduce la fatiga mental.,The doctor explained to me that proper hydration also reduces mental fatigue.
04,es-en,41779b50aa8e92dbb6c7c0e0360ad9c7b16cf27907b64ad47041046cffb35d00,projects/distillation/translation/training_data/gold_shards/gold_quality_4x640.shard_02_gold_core_b.jsonl,1000,,,,75,76,1.0133,100.0,1095.5,4,4,4,4,0,0,0,0,0,0,0,0,31.5,0.0,0.0,0.0,0.0,31.5,La profesora corrigió el examen en clase para que entendiéramos cada error.,The teacher reviewed the exam in class so we could understand every mistake.
04,es-en,41fa7fb88bf5c758f326c3ed92b159bb33028f44b1253fa4e0397bc60d2b860a,projects/distillation/translation/training_data/gold_shards/gold_quality_4x640.shard_01_gold_core_a.jsonl,1000,,,,65,67,1.0308,100.0,1095.5,4,4,4,4,0,0,0,0,0,0,0,0,31.5,0.0,0.0,0.0,0.0,31.5,La supervisora pidió documentar cada cambio antes del despliegue.,The supervisor asked us to document every change before deployment.
04,en-es,4266f3ddd7fb6315acc19bda292a9de5ec46d44aac7cbaf2f1302323cb96b645,projects/distillation/translation/training_data/gold_shards/gold_quality_4x640.shard_02_gold_core_b.jsonl,1000,,,,74,85,1.1486,100.0,1095.5,4,4,4,4,0,0,0,0,0,0,0,0,31.5,0.0,0.0,0.0,0.0,31.5,The legal team is preparing the necessary documents for the court hearing.,El equipo legal está preparando los documentos necesarios para la audiencia judicial.
04,es-en,4476a1df238aa0aba974e1cd14351fc4f1a9a318c8a0bd505d65342326e0b7bf,projects/distillation/translation/training_data/gold_shards/gold_quality_4x640.shard_01_gold_core_a.jsonl,1000,,,,101,89,1.1348,100.0,1095.5,4,4,4,4,0,0,0,0,0,0,0,0,31.5,0.0,0.0,0.0,0.0,31.5,Los resultados del estudio indican una clara mejora en la salud de los pacientes tras el tratamiento.,The study results indicate a clear improvement in the health of patients after treatment.
04,es-en,450931ceb07176d58373d5ae0e3dd9bbb331db0eacce3dfa958c0a5b52ff9be6,projects/distillation/translation/training_data/gold_shards/gold_quality_4x640.shard_02_gold_core_b.jsonl,1000,,,,87,81,1.0741,100.0,1095.5,4,4,4,4,0,0,0,0,0,0,0,0,31.5,0.0,0.0,0.0,0.0,31.5,La agencia de protección civil aprobó simulacros trimestrales para municipios costeros.,The civil protection agency approved quarterly drills for coastal municipalities.
04,en-es,45833837eb1cb0de1d41045d84624f087872f915dac6d4a50029045c47062447,projects/distillation/translation/training_data/gold_shards/gold_quality_4x640.shard_02_gold_core_b.jsonl,1000,,,,90,91,1.0111,100.0,1095.5,4,4,4,4,0,0,0,0,0,0,0,0,31.5,0.0,0.0,0.0,0.0,31.5,The regional health authority announced a mobile vaccination campaign for remote villages.,La autoridad regional de salud anunció una campaña móvil de vacunación para aldeas remotas.
04,en-es,45b67a1efc0c3e081216b3c7b413f9d54b445cd913eec0ebd4e98363062b91f8,projects/distillation/translation/training_data/gold_shards/gold_quality_4x640.shard_02_gold_core_b.jsonl,1000,,,,74,73,1.0137,100.0,1095.5,4,4,4,4,0,0,0,0,0,0,0,0,31.5,0.0,0.0,0.0,0.0,31.5,The medical team performed a complex surgery that lasted over eight hours.,El equipo médico realizó una cirugía compleja que duró más de ocho horas.
04,es-en,46146603146a62a7e2b4286d151322598d7aef6289b4ddce710cfdb5848d9681,projects/distillation/translation/training_data/gold_shards/gold_quality_4x640.shard_02_gold_core_b.jsonl,1000,,,,95,94,1.0106,100.0,1095.5,4,4,4,4,0,0,0,0,0,0,0,0,31.5,0.0,0.0,0.0,0.0,31.5,La aplicación tiene una interfaz muy sencilla que permite a cualquiera usarla sin dificultades.,The application has a very simple interface that allows anyone to use it without difficulties.
04,es-en,4629aeaac90ba0625a27e32aa568f3cea55ddab9a784cbe8b22002d62d3e765f,projects/distillation/translation/training_data/gold_shards/gold_quality_4x640.shard_01_gold_core_a.jsonl,1000,,,,90,86,1.0465,100.0,1095.5,4,4,4,4,0,0,0,0,0,0,0,0,31.5,0.0,0.0,0.0,0.0,31.5,La alfarera preparó el barro con agua hasta lograr la consistencia ideal para el modelado.,The potter mixed the clay with water until reaching the ideal consistency for shaping.
04,en-es,46a25ba6c2d2d6fce2de0c4868e707b9bc79844ffd08f6c066b95bd1de522032,projects/distillation/translation/training_data/gold_shards/gold_quality_4x640.shard_01_gold_core_a.jsonl,1000,,,,70,76,1.0857,100.0,1095.5,4,4,4,4,0,0,0,0,0,0,0,0,31.5,0.0,0.0,0.0,0.0,31.5,"We followed a local recommendation, and found the best seafood market.","Seguimos una recomendación local, y encontramos el mejor mercado de marisco."
04,en-es,496f8602989196af2304745f1352d0c976c70ecfbe39b8b11d0a1d393ec1cbb7,projects/distillation/translation/training_data/gold_shards/gold_quality_4x640.shard_02_gold_core_b.jsonl,1000,,,,71,77,1.0845,100.0,1095.5,4,4,4,4,0,0,0,0,0,0,0,0,31.5,0.0,0.0,0.0,0.0,31.5,The landscape changed dramatically as we drove further into the desert.,El paisaje cambió drásticamente a medida que nos adentrábamos en el desierto.
04,en-es,4e0f1a394beede8f5e181b8b7eeee9e5072524cf3913c7e987c310edc2ca4a60,projects/distillation/translation/training_data/gold_shards/gold_quality_4x640.shard_02_gold_core_b.jsonl,1000,,,,92,97,1.0543,100.0,1095.5,4,4,4,4,0,0,0,0,0,0,0,0,31.5,0.0,0.0,0.0,0.0,31.5,The trade delegation visited several manufacturing plants to explore potential partnerships.,La delegación comercial visitó varias plantas de fabricación para explorar posibles asociaciones.
04,es-en,4e28af42535d55cc545b6beeb95ae40c2dff5a2e1b6d560afbe3029e7b6f97ab,projects/distillation/translation/training_data/gold_shards/gold_quality_4x640.shard_02_gold_core_b.jsonl,1000,,,,89,82,1.0854,100.0,1095.5,4,4,4,4,0,0,0,0,0,0,0,0,31.5,0.0,0.0,0.0,0.0,31.5,La economía social y solidaria promueve un modelo de desarrollo centrado en las personas.,The social and solidarity economy promotes a development model centered on people.
04,en-es,4e29a1bceb5bb6725079b029751a8c6982ccbb0d9af89696a0cd241b658ff7de,projects/distillation/translation/training_data/gold_shards/gold_quality_4x640.shard_01_gold_core_a.jsonl,1000,,,,94,101,1.0745,100.0,1095.5,4,4,4,4,0,0,0,0,0,0,0,0,31.5,0.0,0.0,0.0,0.0,31.5,The radiologist identified a hairline fracture in the wrist that the initial X-ray had missed.,El radiólogo identificó una microfractura en la muñeca que la radiografía inicial no había detectado.
04,en-es,4e46033b4616babaa1be64ca8acbf4487062d990c35bf5795f073942a60875c9,projects/distillation/translation/training_data/gold_shards/gold_quality_4x640.shard_02_gold_core_b.jsonl,1000,,,,83,82,1.0122,100.0,1095.5,4,4,4,4,0,0,0,0,0,0,0,0,31.5,0.0,0.0,0.0,0.0,31.5,The professor asked students to validate data sources before publishing dashboards.,La profesora pidió al alumnado validar fuentes de datos antes de publicar paneles.
04,es-en,4e62e54d5fd83ef7f14dc7d052752c1579e7302d7d96c7e4f5fe3c0217ce0bea,projects/distillation/translation/training_data/gold_shards/gold_quality_4x640.shard_01_gold_core_a.jsonl,1000,,,,85,87,1.0235,100.0,1095.5,4,4,4,4,0,0,0,0,0,0,0,0,31.5,0.0,0.0,0.0,0.0,31.5,La empresa cerró el trimestre con flujo de caja positivo por primera vez en dos años.,The company closed the quarter with positive cash flow for the first time in two years.
04,en-es,5114f69a2789b8dc6f13ffa25f62c70f64bf82bc3a5d6a01d074384f557b0ed0,projects/distillation/translation/training_data/gold_shards/gold_quality_4x640.shard_02_gold_core_b.jsonl,1000,,,,87,102,1.1724,100.0,1095.5,4,4,4,4,0,0,0,0,0,0,0,0,31.5,0.0,0.0,0.0,0.0,31.5,"The kennel owner feeds each dog according to its breed, size, and dietary requirements.","El dueño de la residencia canina alimenta a cada perro según su raza, tamaño y necesidades dietéticas."
04,en-es,5127cffef0a51737cbfe4a1d6662463f0ac73728c955ae6e3bb08ca41293823d,projects/distillation/translation/training_data/gold_shards/gold_quality_4x640.shard_01_gold_core_a.jsonl,1000,,,,81,92,1.1358,100.0,1095.5,4,4,4,4,0,0,0,0,0,0,0,0,31.5,0.0,0.0,0.0,0.0,31.5,"To reduce waste, the cafeteria switched to reusable containers and steel cutlery.","Para reducir residuos, la cafetería cambió a recipientes reutilizables y cubiertos de acero."
04,en-es,515702592b6d63d36f8f9fa9f2745517f2d7930b789e5e0044f01666d17d12ec,projects/distillation/translation/training_data/gold_shards/gold_quality_4x640.shard_02_gold_core_b.jsonl,1000,,,,73,77,1.0548,100.0,1095.5,4,4,4,4,0,0,0,0,0,0,0,0,31.5,0.0,0.0,0.0,0.0,31.5,The space agency is planning a manned mission to Mars in the next decade.,La agencia espacial planea una misión tripulada a Marte en la próxima década.
04,en-es,5299bfe58ec38b9b1e556c55a8257fa5a01667a797de7dd960ba8d722617cdea,projects/distillation/translation/training_data/gold_shards/gold_quality_4x640.shard_02_gold_core_b.jsonl,1000,,,,99,103,1.0404,100.0,1095.5,4,4,4,4,0,0,0,0,0,0,0,0,31.5,0.0,0.0,0.0,0.0,31.5,The mosaic in the courtyard depicts a mythological scene using thousands of hand-cut ceramic tiles.,El mosaico del patio representa una escena mitológica con miles de teselas de cerámica cortadas a mano.
04,es-en,54595751f852eea23f4d00758d3e4c75887d1879fbeaf12f7b92c99708ceac68,projects/distillation/translation/training_data/gold_shards/gold_quality_4x640.shard_02_gold_core_b.jsonl,1000,,,,87,76,1.1447,100.0,1095.5,4,4,4,4,0,0,0,0,0,0,0,0,31.5,0.0,0.0,0.0,0.0,31.5,Estoy pensando en matricularme en un curso de diseño gráfico para ampliar mi formación.,I am thinking of enrolling in a graphic design course to expand my training.
04,en-es,54798fb264cb8c8140b5647b543a682c3d9082c90593c58c9473e673e42a1934,projects/distillation/translation/training_data/gold_shards/gold_quality_4x640.shard_02_gold_core_b.jsonl,1000,,,,73,80,1.0959,100.0,1095.5,4,4,4,4,0,0,0,0,0,0,0,0,31.5,0.0,0.0,0.0,0.0,31.5,The judge requested additional testimony before ruling on the injunction.,El juez solicitó testimonio adicional antes de decidir sobre la medida cautelar.
04,en-es,5496ece5829c37c49d913683458fa79976ebcbf4d54e6caf11659e46b00d2e21,projects/distillation/translation/training_data/gold_shards/gold_quality_4x640.shard_01_gold_core_a.jsonl,1000,,,,69,82,1.1884,100.0,1095.5,4,4,4,4,0,0,0,0,0,0,0,0,31.5,0.0,0.0,0.0,0.0,31.5,The legal dispute was settled out of court for an undisclosed amount.,La disputa legal se resolvió fuera de los tribunales por una cantidad no revelada.
04,es-en,551243ff84715c8f8ab12e699182b3e09dea667ece44ab40bdc45aded4cea22c,projects/distillation/translation/training_data/gold_shards/gold_quality_4x640.shard_01_gold_core_a.jsonl,1000,,,,95,87,1.092,100.0,1095.5,4,4,4,4,0,0,0,0,0,0,0,0,31.5,0.0,0.0,0.0,0.0,31.5,La conferencia sobre inteligencia artificial aplicada a la educación fue sumamente inspiradora.,The conference on artificial intelligence applied to education was extremely inspiring.
04,en-es,55ffcfeedf20fbf54b9a12f7a55b8e363b942bdc61dead15c0e6bc57d5e59680,projects/distillation/translation/training_data/gold_shards/gold_quality_4x640.shard_02_gold_core_b.jsonl,1000,,,,69,81,1.1739,100.0,1095.5,4,4,4,4,0,0,0,0,0,0,0,0,31.5,0.0,0.0,0.0,0.0,31.5,The local park is a great place for families to spend their weekends.,El parque local es un gran lugar para que las familias pasen sus fines de semana.
04,es-en,5729e3b0b177b595c7a0c983c7f8cf665bc1c60c6d4def1bd7d44d49ce5d2054,projects/distillation/translation/training_data/gold_shards/gold_quality_4x640.shard_01_gold_core_a.jsonl,1000,,,,96,89,1.0787,100.0,1095.5,4,4,4,4,0,0,0,0,0,0,0,0,31.5,0.0,0.0,0.0,0.0,31.5,La compañía está ampliando su gama de servicios para incluir soluciones de transporte ecológico.,The company is expanding its range of services to include ecological transport solutions.
04,en-es,5749560aa134322f2beb45cf5035f11b728d4c187083abc389c7b4461687665f,projects/distillation/translation/training_data/gold_shards/gold_quality_4x640.shard_01_gold_core_a.jsonl,1000,,,,80,75,1.0667,100.0,1095.5,4,4,4,4,0,0,0,0,0,0,0,0,31.5,0.0,0.0,0.0,0.0,31.5,The tailor took in the waist and lengthened the sleeves to achieve a better fit.,El sastre ajustó la cintura y alargó las mangas para lograr un mejor corte.
04,es-en,5b3eb47cb305551cca8e9526cb8086f19331b0a062b2336a5f872b45996cd2dc,projects/distillation/translation/training_data/gold_shards/gold_quality_4x640.shard_01_gold_core_a.jsonl,1000,,,,90,79,1.1392,100.0,1095.5,4,4,4,4,0,0,0,0,0,0,0,0,31.5,0.0,0.0,0.0,0.0,31.5,La universidad ha inaugurado un nuevo centro de investigación dedicado a la energía solar.,The university has inaugurated a new research center dedicated to solar energy.
04,en-es,5ba24aa094ffd296a54caea2636309d66d463877e032e35b4ef2a9bb09afffe1,projects/distillation/translation/training_data/gold_shards/gold_quality_4x640.shard_02_gold_core_b.jsonl,1000,,,,71,76,1.0704,100.0,1095.5,4,4,4,4,0,0,0,0,0,0,0,0,31.5,0.0,0.0,0.0,0.0,31.5,The project was a success thanks to the hard work of everyone involved.,El proyecto fue un éxito gracias al arduo trabajo de todos los involucrados.
04,es-en,5cce7d06ec951616c7aee7dd7f11310a1863eb0a91c13b76bbc9d16c6fbcf9a2,projects/distillation/translation/training_data/gold_shards/gold_quality_4x640.shard_02_gold_core_b.jsonl,1000,,,,90,83,1.0843,100.0,1095.5,4,4,4,4,0,0,0,0,0,0,0,0,31.5,0.0,0.0,0.0,0.0,31.5,La industria farmacéutica está invirtiendo grandes sumas en la búsqueda de nuevas vacunas.,The pharmaceutical industry is investing large sums in the search for new vaccines.
04,es-en,5e66a2347129a74856668e115834c82274d5216822e6668d3bdabc471ede257b,projects/distillation/translation/training_data/gold_shards/gold_quality_4x640.shard_02_gold_core_b.jsonl,1000,,,,99,91,1.0879,100.0,1095.5,4,4,4,4,0,0,0,0,0,0,0,0,31.5,0.0,0.0,0.0,0.0,31.5,Los ornitólogos anillaron a las cigüeñas para rastrear sus rutas migratorias entre Europa y África.,Ornithologists banded the storks to track their migratory routes between Europe and Africa.
04,en-es,62b199c69702c4474c41b7fd78cf584c1b68953d58d5502cfec7fb53dff35f3c,projects/distillation/translation/training_data/gold_shards/gold_quality_4x640.shard_02_gold_core_b.jsonl,1000,,,,78,86,1.1026,100.0,1095.5,4,4,4,4,0,0,0,0,0,0,0,0,31.5,0.0,0.0,0.0,0.0,31.5,The judicial system must ensure that every citizen has access to a fair trial.,El sistema judicial debe garantizar que cada ciudadano tenga acceso a un juicio justo.
04,en-es,62b2595f1be42cc5cd6a6bc29a1a99b280d1f969dbdeca89b9ce33b59954d9ff,projects/distillation/translation/training_data/gold_shards/gold_quality_4x640.shard_01_gold_core_a.jsonl,1000,,,,78,81,1.0385,100.0,1095.5,4,4,4,4,0,0,0,0,0,0,0,0,31.5,0.0,0.0,0.0,0.0,31.5,The labor union is negotiating for better working conditions and higher wages.,El sindicato está negociando mejores condiciones de trabajo y salarios más altos.
04,en-es,660fc916afe16fc56b5db3b4af860b895c2fbd55104bdab3f0e698ca591e7c8e,projects/distillation/translation/training_data/gold_shards/gold_quality_4x640.shard_01_gold_core_a.jsonl,1000,,,,83,86,1.0361,100.0,1095.5,4,4,4,4,0,0,0,0,0,0,0,0,31.5,0.0,0.0,0.0,0.0,31.5,The sommelier suggested a dry Albariño to complement the grilled octopus appetizer.,El sumiller sugirió un Albariño seco para acompañar la entrada de pulpo a la parrilla.
04,en-es,672d85c75ddfa61550f3da64b90bef28e964e0138024ba9c5a2caba40eedffbc,projects/distillation/translation/training_data/gold_shards/gold_quality_4x640.shard_01_gold_core_a.jsonl,1000,,,,72,81,1.125,100.0,1095.5,4,4,4,4,0,0,0,0,0,0,0,0,31.5,0.0,0.0,0.0,0.0,31.5,"We missed the last train, so we shared a taxi and laughed the whole way.","Perdimos el último tren, así que compartimos un taxi y nos reímos todo el camino."
04,es-en,67436dd0cb3b1b17b509256a8192da348e45b7b37edab5c4186f0ce7e67d2141,projects/distillation/translation/training_data/gold_shards/gold_quality_4x640.shard_01_gold_core_a.jsonl,1000,,,,78,66,1.1818,100.0,1095.5,4,4,4,4,0,0,0,0,0,0,0,0,31.5,0.0,0.0,0.0,0.0,31.5,La agencia de vivienda aprobó subsidios escalonados para familias en alquiler.,The housing agency approved tiered subsidies for renting families.
04,en-es,67f8bc0de7d43f43e57c4dfa2522043b33f88767d0c3cea838f67f9cc6c9a06e,projects/distillation/translation/training_data/gold_shards/gold_quality_4x640.shard_02_gold_core_b.jsonl,1000,,,,83,88,1.0602,100.0,1095.5,4,4,4,4,0,0,0,0,0,0,0,0,31.5,0.0,0.0,0.0,0.0,31.5,The professor's lecture on quantum mechanics was both challenging and enlightening.,La lección del profesor sobre mecánica cuántica fue a la vez desafiante y esclarecedora.
04,es-en,6888738a3c6b2eab37939b276b6e82c8c208bcfd2a63d5b7bd4de6db67dd9678,projects/distillation/translation/training_data/gold_shards/gold_quality_4x640.shard_02_gold_core_b.jsonl,1000,,,,78,77,1.013,100.0,1095.5,4,4,4,4,0,0,0,0,0,0,0,0,31.5,0.0,0.0,0.0,0.0,31.5,Las empresas exportadoras piden estabilidad cambiaria para planificar compras.,Exporting companies are asking for exchange-rate stability to plan purchases.
04,es-en,68c60c154ebfcbdafd172ed76fda11a85e89f478b21ce5812f8564819b0c6920,projects/distillation/translation/training_data/gold_shards/gold_quality_4x640.shard_01_gold_core_a.jsonl,1000,,,,85,78,1.0897,100.0,1095.5,4,4,4,4,0,0,0,0,0,0,0,0,31.5,0.0,0.0,0.0,0.0,31.5,Estoy tan cansado después del viaje que necesito dormir al menos diez horas seguidas.,I am so tired after the trip that I need to sleep at least ten hours in a row.
04,es-en,6aa061c2f6439616b6211b982678c28f374aa12706d2e661b6d616bda97452eb,projects/distillation/translation/training_data/gold_shards/gold_quality_4x640.shard_01_gold_core_a.jsonl,1000,,,,94,81,1.1605,100.0,1095.5,4,4,4,4,0,0,0,0,0,0,0,0,31.5,0.0,0.0,0.0,0.0,31.5,La documentalista recopiló testimonios de supervivientes para un archivo de memoria histórica.,The documentarian collected survivor testimonies for a historical memory archive.
04,en-es,6b0531fd945a2a746f25e06938210a61281ab7d3224202d9a2e7403b02555138,projects/distillation/translation/training_data/gold_shards/gold_quality_4x640.shard_01_gold_core_a.jsonl,1000,,,,77,81,1.0519,100.0,1095.5,4,4,4,4,0,0,0,0,0,0,0,0,31.5,0.0,0.0,0.0,0.0,31.5,The technology startup is looking for experienced engineers to join its team.,La empresa de tecnología busca ingenieros experimentados para unirse a su equipo.
04,en-es,6b9e2ec3278b1a64a98629ed56f8500cfe752eef15a1be9f8e0203d5485415d3,projects/distillation/translation/training_data/gold_shards/gold_quality_4x640.shard_02_gold_core_b.jsonl,1000,,,,94,103,1.0957,100.0,1095.5,4,4,4,4,0,0,0,0,0,0,0,0,31.5,0.0,0.0,0.0,0.0,31.5,The playwright revised the third act after the audience feedback from the preview performance.,La dramaturga revisó el tercer acto después de los comentarios del público en la función de preestreno.
04,es-en,6bc22ce5e3e55b79517b3d480f6b3cb610bcd7a4403fe63ebf28fac8ab82369b,projects/distillation/translation/training_data/gold_shards/gold_quality_4x640.shard_01_gold_core_a.jsonl,1000,,,,80,71,1.1268,100.0,1095.5,4,4,4,4,0,0,0,0,0,0,0,0,31.5,0.0,0.0,0.0,0.0,31.5,"Las olas rompían con fuerza contra los acantilados, salpicando a los caminantes.","The waves crashed forcefully against the cliffs, splashing the walkers."
04,en-es,6d0c815d83d8889988173bd547db77ec7c1b74d7e91e6957db61c302ab86a3bf,projects/distillation/translation/training_data/gold_shards/gold_quality_4x640.shard_01_gold_core_a.jsonl,1000,,,,61,72,1.1803,100.0,1095.5,4,4,4,4,0,0,0,0,0,0,0,0,31.5,0.0,0.0,0.0,0.0,31.5,The sunset over the ocean was truly spectacular this evening.,El atardecer sobre el océano fue verdaderamente espectacular esta noche.
04,es-en,6f8cae397df0804002a9b2ed0bb3480195317884e58ea859c33c0d20989dfcff,projects/distillation/translation/training_data/gold_shards/gold_quality_4x640.shard_02_gold_core_b.jsonl,1000,,,,78,66,1.1818,100.0,1095.5,4,4,4,4,0,0,0,0,0,0,0,0,31.5,0.0,0.0,0.0,0.0,31.5,Especialistas recomiendan rutinas suaves de movilidad para mejorar equilibrio.,Specialists recommend gentle mobility routines to improve balance.
04,en-es,717c7d8106a400722194d3618de2262bc72ea73460c8279d70ff5fe71d902426,projects/distillation/translation/training_data/gold_shards/gold_quality_4x640.shard_01_gold_core_a.jsonl,1000,,,,69,73,1.058,100.0,1095.5,4,4,4,4,0,0,0,0,0,0,0,0,31.5,0.0,0.0,0.0,0.0,31.5,The technology allows for real-time monitoring of energy consumption.,La tecnología permite el monitoreo en tiempo real del consumo de energía.
04,es-en,71bc6b2128da40e55f18cb45c71161d8b5fee997651fc603201f0b7f1fc91f90,projects/distillation/translation/training_data/gold_shards/gold_quality_4x640.shard_02_gold_core_b.jsonl,1000,,,,100,97,1.0309,100.0,1095.5,4,4,4,4,0,0,0,0,0,0,0,0,31.5,0.0,0.0,0.0,0.0,31.5,La inspectora de aduanas retuvo el envío hasta verificar los certificados de origen de la mercancía.,The customs inspector held the shipment until verifying the merchandise's certificates of origin.
04,es-en,72ebfc25ee8104a484c3ea6cd71f1961e088d510fc9d968ee04acaa437a71469,projects/distillation/translation/training_data/gold_shards/gold_quality_4x640.shard_01_gold_core_a.jsonl,1000,,,,89,90,1.0112,100.0,1095.5,4,4,4,4,0,0,0,0,0,0,0,0,31.5,0.0,0.0,0.0,0.0,31.5,Especialistas recomiendan evitar ultraprocesados frecuentes para cuidar salud metabólica.,Specialists recommend avoiding frequent ultra-processed foods to support metabolic health.
04,es-en,72fc54922f4fa3b388db564efcb79de5a9bfb392b06322fc470548f3f2cc5107,projects/distillation/translation/training_data/gold_shards/gold_quality_4x640.shard_02_gold_core_b.jsonl,1000,,,,86,77,1.1169,100.0,1095.5,4,4,4,4,0,0,0,0,0,0,0,0,31.5,0.0,0.0,0.0,0.0,31.5,La taxidermista montó un águila real para el museo de ciencias naturales de la ciudad.,The taxidermist mounted a golden eagle for the city's natural science museum.
04,en-es,75f74af28ea1df8b81e468fae451b3db86c7aad11e2c7efeee2088acc2f27d57,projects/distillation/translation/training_data/gold_shards/gold_quality_4x640.shard_01_gold_core_a.jsonl,1000,,,,90,99,1.1,100.0,1095.5,4,4,4,4,0,0,0,0,0,0,0,0,31.5,0.0,0.0,0.0,0.0,31.5,The locksmith changed all the cylinders in the building after the master key went missing.,El cerrajero cambió todos los cilindros del edificio después de que desapareciera la llave maestra.
04,en-es,76112d17f4a8cb0bf2e4547ac79e4d9e6a3ef2653bab809a6e8d2c94c042be97,projects/distillation/translation/training_data/gold_shards/gold_quality_4x640.shard_02_gold_core_b.jsonl,1000,,,,64,72,1.125,100.0,1095.5,4,4,4,4,0,0,0,0,0,0,0,0,31.5,0.0,0.0,0.0,0.0,31.5,"We traveled with carry-on only, and left the airport in minutes.","Viajamos solo con equipaje de mano, y salimos del aeropuerto en minutos."
04,en-es,76b966c339cac92cf4a2f730266fac4a72b0087c6be48c1a2e19193e888220b1,projects/distillation/translation/training_data/gold_shards/gold_quality_4x640.shard_01_gold_core_a.jsonl,1000,,,,88,86,1.0233,100.0,1095.5,4,4,4,4,0,0,0,0,0,0,0,0,31.5,0.0,0.0,0.0,0.0,31.5,The speech therapist designed exercises to help the child overcome a persistent stutter.,La logopeda diseñó ejercicios para ayudar al niño a superar un tartamudeo persistente.
04,en-es,77010de94cc57d54db68b37549560f1e357d61d260d2044a94b4bab4a3e6e75f,projects/distillation/translation/training_data/gold_shards/gold_quality_4x640.shard_02_gold_core_b.jsonl,1000,,,,62,65,1.0484,100.0,1095.5,4,4,4,4,0,0,0,0,0,0,0,0,31.5,0.0,0.0,0.0,0.0,31.5,"We rode bicycles along the coast, and stopped for fresh fruit.","Recorrimos la costa en bicicleta, y paramos a comer fruta fresca."
04,es-en,78e4e7c94a3864f5f38d7735a717f05ddfbbb7332d4e83bbaf4b2a1dbc6e5629,projects/distillation/translation/training_data/gold_shards/gold_quality_4x640.shard_01_gold_core_a.jsonl,1000,,,,95,88,1.0795,100.0,1095.5,4,4,4,4,0,0,0,0,0,0,0,0,31.5,0.0,0.0,0.0,0.0,31.5,Es aconsejable consultar con un asesor financiero antes de realizar inversiones de alto riesgo.,It is advisable to consult with a financial advisor before making high-risk investments.
04,es-en,799b4320761dded9089a8348d5e10b55de7920463be0c4187f116f296d7559f8,projects/distillation/translation/training_data/gold_shards/gold_quality_4x640.shard_01_gold_core_a.jsonl,1000,,,,86,81,1.0617,100.0,1095.5,4,4,4,4,0,0,0,0,0,0,0,0,31.5,0.0,0.0,0.0,0.0,31.5,La guardia forestal cerró las rutas de senderismo tras avistar un oso pardo con crías.,The forest ranger closed the hiking trails after spotting a brown bear with cubs.
04,en-es,79b3fba8e474de417d895c358e728f42ec86eb77d1c1194f45fe62bd6e93d6f4,projects/distillation/translation/training_data/gold_shards/gold_quality_4x640.shard_01_gold_core_a.jsonl,1000,,,,93,101,1.086,100.0,1095.5,4,4,4,4,0,0,0,0,0,0,0,0,31.5,0.0,0.0,0.0,0.0,31.5,The physiotherapist used ultrasound therapy to reduce inflammation in the athlete's shoulder.,El fisioterapeuta utilizó terapia de ultrasonido para reducir la inflamación en el hombro del atleta.
04,es-en,7c12e7d89a5f6310c51d71786cbc8c1a7ada354942c5fe747022ae74dcbcf978,projects/distillation/translation/training_data/gold_shards/gold_quality_4x640.shard_02_gold_core_b.jsonl,1000,,,,85,77,1.1039,100.0,1095.5,4,4,4,4,0,0,0,0,0,0,0,0,31.5,0.0,0.0,0.0,0.0,31.5,Estaré localizable en el móvil durante todo el día por si surge cualquier imprevisto.,I will be reachable on my mobile all day in case any unforeseen event arises.
04,es-en,7c85fc088b029be335b79d34431708f372880b1461134f2f905ed7741816e24a,projects/distillation/translation/training_data/gold_shards/gold_quality_4x640.shard_01_gold_core_a.jsonl,1000,,,,94,82,1.1463,100.0,1095.5,4,4,4,4,0,0,0,0,0,0,0,0,31.5,0.0,0.0,0.0,0.0,31.5,La mediación es una herramienta eficaz para la resolución pacífica de conflictos comunitarios.,Mediation is an effective tool for the peaceful resolution of community conflicts.
04,es-en,7cfe1c5b13b46cd6166d9722ef593ddcf336d907ea43e4fc8712464c9d91b88d,projects/distillation/translation/training_data/gold_shards/gold_quality_4x640.shard_02_gold_core_b.jsonl,1000,,,,90,79,1.1392,100.0,1095.5,4,4,4,4,0,0,0,0,0,0,0,0,31.5,0.0,0.0,0.0,0.0,31.5,La matrona explicó los distintos métodos de alivio del dolor disponibles durante el parto.,The midwife explained the different pain relief methods available during labor.
04,en-es,7e746dbd7e98f37e8a0250f6e8173b5cf5e2fe4cdfd7303d5e4e1941fa1f004e,projects/distillation/translation/training_data/gold_shards/gold_quality_4x640.shard_02_gold_core_b.jsonl,1000,,,,84,92,1.0952,100.0,1095.5,4,4,4,4,0,0,0,0,0,0,0,0,31.5,0.0,0.0,0.0,0.0,31.5,The park ranger closed the trail after spotting fresh bear tracks near the campsite.,El guardabosques cerró el sendero tras detectar huellas frescas de oso cerca del campamento.
04,es-en,81f713f29a6f1dde6a79c39d1c364b31ce6e8dac1350aeedc35d3d161d6e87f4,projects/distillation/translation/training_data/gold_shards/gold_quality_4x640.shard_01_gold_core_a.jsonl,1000,,,,95,81,1.1728,100.0,1095.5,4,4,4,4,0,0,0,0,0,0,0,0,31.5,0.0,0.0,0.0,0.0,31.5,La restauración de ecosistemas degradados es necesaria para recuperar la biodiversidad perdida.,The restoration of degraded ecosystems is necessary to recover lost biodiversity.
04,es-en,86d2f8196863873004f7cde24c66bdb66a42fd88693f19201824af5dd3db4c28,projects/distillation/translation/training_data/gold_shards/gold_quality_4x640.shard_01_gold_core_a.jsonl,1000,,,,94,79,1.1899,100.0,1095.5,4,4,4,4,0,0,0,0,0,0,0,0,31.5,0.0,0.0,0.0,0.0,31.5,La agencia espacial ha anunciado el lanzamiento de un nuevo satélite de observación terrestre.,The space agency has announced the launch of a new Earth observation satellite.
04,en-es,86e64fc8424aa1b179ec81495e31fa1078424e1d699180cf6342772c68368dba,projects/distillation/translation/training_data/gold_shards/gold_quality_4x640.shard_01_gold_core_a.jsonl,1000,,,,78,88,1.1282,100.0,1095.5,4,4,4,4,0,0,0,0,0,0,0,0,31.5,0.0,0.0,0.0,0.0,31.5,The scientific community is excited about the potential of this new discovery.,La comunidad científica está entusiasmada con el potencial de este nuevo descubrimiento.
04,es-en,87d842dfea5711cfb1d5344e70d4c0524c1b481aa220e0f08ccfcc403dd46311,projects/distillation/translation/training_data/gold_shards/gold_quality_4x640.shard_02_gold_core_b.jsonl,1000,,,,85,86,1.0118,100.0,1095.5,4,4,4,4,0,0,0,0,0,0,0,0,31.5,0.0,0.0,0.0,0.0,31.5,La repostera decoró la tarta de bodas con flores de azúcar hechas a mano una por una.,The pastry chef decorated the wedding cake with sugar flowers made one by one by hand.
04,es-en,891b077011efc5803445cd1b07d4bef5fcb191b9dd07c972632d680a9ec0e214,projects/distillation/translation/training_data/gold_shards/gold_quality_4x640.shard_01_gold_core_a.jsonl,1000,,,,90,89,1.0112,100.0,1095.5,4,4,4,4,0,0,0,0,0,0,0,0,31.5,0.0,0.0,0.0,0.0,31.5,La asistente social gestionó plaza en una residencia para la persona mayor que vivía sola.,The social worker arranged a place in a care home for the elderly person who lived alone.
04,en-es,8938a0c3b89307369b1585b9d6633bbecfe7e78f03eb2bc9eac875e191cdf360,projects/distillation/translation/training_data/gold_shards/gold_quality_4x640.shard_02_gold_core_b.jsonl,1000,,,,73,77,1.0548,100.0,1095.5,4,4,4,4,0,0,0,0,0,0,0,0,31.5,0.0,0.0,0.0,0.0,31.5,"We chose a family-run guesthouse, and heard local stories over breakfast.","Elegimos una pensión familiar, y escuchamos historias locales en el desayuno."
04,es-en,8a8dc741408f26805bfcede8dd008371384b048f495aca9cec5114f0aee35580,projects/distillation/translation/training_data/gold_shards/gold_quality_4x640.shard_01_gold_core_a.jsonl,1000,,,,76,72,1.0556,100.0,1095.5,4,4,4,4,0,0,0,0,0,0,0,0,31.5,0.0,0.0,0.0,0.0,31.5,Los fósiles de trilobites hallados en la cantera datan del período Cámbrico.,The trilobite fossils found in the quarry date from the Cambrian period.
04,en-es,8bb8172bd6a43a30fcbe37472a22b45812396c647b205bdbcc84a48845e272b8,projects/distillation/translation/training_data/gold_shards/gold_quality_4x640.shard_02_gold_core_b.jsonl,1000,,,,75,81,1.08,100.0,1095.5,4,4,4,4,0,0,0,0,0,0,0,0,31.5,0.0,0.0,0.0,0.0,31.5,The stock market experienced high volatility following the economic report.,El mercado de valores experimentó una alta volatilidad tras el informe económico.
04,en-es,8c1816aad416486a2677ec06265abb0a54a92464516cf4aefd926448a50ff128,projects/distillation/translation/training_data/gold_shards/gold_quality_4x640.shard_02_gold_core_b.jsonl,1000,,,,80,91,1.1375,100.0,1095.5,4,4,4,4,0,0,0,0,0,0,0,0,31.5,0.0,0.0,0.0,0.0,31.5,The novel tells the story of a young artist's journey through industrial London.,La novela cuenta la historia del viaje de un joven artista a través del Londres industrial.
04,en-es,8c8858171141fc6d4169866b055d9273b6643d9f25d5650f3beffc25aa0b2b42,projects/distillation/translation/training_data/gold_shards/gold_quality_4x640.shard_01_gold_core_a.jsonl,1000,,,,73,86,1.1781,100.0,1095.5,4,4,4,4,0,0,0,0,0,0,0,0,31.5,0.0,0.0,0.0,0.0,31.5,The study explores the link between air pollution and respiratory health.,El estudio explora el vínculo entre la contaminación del aire y la salud respiratoria.
04,es-en,8cfb5388024194bbb84e914a988b97dcc4550fcbdc2fbecbb291bd762676e12f,projects/distillation/translation/training_data/gold_shards/gold_quality_4x640.shard_02_gold_core_b.jsonl,1000,,,,93,86,1.0814,100.0,1095.5,4,4,4,4,0,0,0,0,0,0,0,0,31.5,0.0,0.0,0.0,0.0,31.5,La coreógrafa incorporó movimientos de danza folclórica en una pieza de teatro contemporáneo.,The choreographer incorporated folk dance movements into a contemporary theater piece.
04,es-en,90b6b3d4387107b2adce7fbd2aaa6a4d3dc5664644aac2dd12bc7ebfd9a265ef,projects/distillation/translation/training_data/gold_shards/gold_quality_4x640.shard_01_gold_core_a.jsonl,1000,,,,73,70,1.0429,100.0,1095.5,4,4,4,4,0,0,0,0,0,0,0,0,31.5,0.0,0.0,0.0,0.0,31.5,La universidad ampliará las becas para estudiantes de primera generación.,The university will expand scholarships for first-generation students.
04,en-es,9691215a56de3fb41e3045aa353a01a79932a2c32fe922eac84542aa95d16879,projects/distillation/translation/training_data/gold_shards/gold_quality_4x640.shard_02_gold_core_b.jsonl,1000,,,,84,100,1.1905,100.0,1095.5,4,4,4,4,0,0,0,0,0,0,0,0,31.5,0.0,0.0,0.0,0.0,31.5,The optometrist detected early signs of glaucoma during a routine eye pressure test.,El optometrista detectó signos tempranos de glaucoma durante una prueba rutinaria de presión ocular.
04,es-en,97a6c0558b37ff4a69f79c6572a76442311ba9fb6335d6e5aac37fec86949a10,projects/distillation/translation/training_data/gold_shards/gold_quality_4x640.shard_02_gold_core_b.jsonl,1000,,,,92,81,1.1358,100.0,1095.5,4,4,4,4,0,0,0,0,0,0,0,0,31.5,0.0,0.0,0.0,0.0,31.5,La red de bibliotecas públicas aprobó aulas de alfabetización digital para personas mayores.,The public library network approved digital literacy classrooms for older adults.
04,en-es,994f92b92fc39819eb481a22a0f24eb9a5cf2f600f283e0f0d0c932ef1b20bf9,projects/distillation/translation/training_data/gold_shards/gold_quality_4x640.shard_01_gold_core_a.jsonl,1000,,,,87,89,1.023,100.0,1095.5,4,4,4,4,0,0,0,0,0,0,0,0,31.5,0.0,0.0,0.0,0.0,31.5,The puppeteer brought the marionettes to life with subtle movements of the control bar.,El titiritero dio vida a las marionetas con movimientos sutiles de la cruceta de control.
04,en-es,9ad8cb56e038a67406ee268d6147e9f8cc4c11bca898815beebc6c9a7eed5dc6,projects/distillation/translation/training_data/gold_shards/gold_quality_4x640.shard_01_gold_core_a.jsonl,1000,,,,92,78,1.1795,100.0,1095.5,4,4,4,4,0,0,0,0,0,0,0,0,31.5,0.0,0.0,0.0,0.0,31.5,The pediatrician noticed an irregular heartbeat during the child's routine wellness checkup.,El pediatra detectó un latido irregular durante el chequeo de rutina del niño.
04,es-en,9b7691311532e2a6d93b28ccca3c22d10d2552d847988b454e44c0d5c0298281,projects/distillation/translation/training_data/gold_shards/gold_quality_4x640.shard_02_gold_core_b.jsonl,1000,,,,95,103,1.0842,100.0,1095.5,4,4,4,4,0,0,0,0,0,0,0,0,31.5,0.0,0.0,0.0,0.0,31.5,La empresa ha recibido varias quejas de los vecinos por el ruido generado en sus instalaciones.,The company has received several complaints from neighbors about the noise generated at its facilities.
04,es-en,9c98a0bcec0d3f76ed2f73c18c61829c4b905f3552c1453b4304fd054beea432,projects/distillation/translation/training_data/gold_shards/gold_quality_4x640.shard_01_gold_core_a.jsonl,1000,,,,95,82,1.1585,100.0,1095.5,4,4,4,4,0,0,0,0,0,0,0,0,31.5,0.0,0.0,0.0,0.0,31.5,La ciudad será la sede del próximo congreso mundial sobre energías renovables y sostenibilidad.,The city will host the next world congress on renewable energy and sustainability.
04,es-en,9db7329632f0749e7e3abbf3539f794fd57a73efc6764967bbc3829f321bfb90,projects/distillation/translation/training_data/gold_shards/gold_quality_4x640.shard_01_gold_core_a.jsonl,1000,,,,94,85,1.1059,100.0,1095.5,4,4,4,4,0,0,0,0,0,0,0,0,31.5,0.0,0.0,0.0,0.0,31.5,La biodiversidad de la selva tropical es fundamental para el equilibrio ecológico del planeta.,The biodiversity of the rainforest is fundamental to the planet's ecological balance.
04,es-en,9e80f68aaf8f6160e0adbff72a0a69c306e6e41891f70c5ef449a717d76e6f8a,projects/distillation/translation/training_data/gold_shards/gold_quality_4x640.shard_02_gold_core_b.jsonl,1000,,,,85,90,1.0588,100.0,1095.5,4,4,4,4,0,0,0,0,0,0,0,0,31.5,0.0,0.0,0.0,0.0,31.5,La veterinaria operó de urgencia al gato después de que ingiriera un objeto punzante.,The veterinarian performed emergency surgery on the cat after it swallowed a sharp object.
04,es-en,a13a110a72241e127a4654d642de935a3e4aa3eaf446b9edcda9c003cb93df29,projects/distillation/translation/training_data/gold_shards/gold_quality_4x640.shard_02_gold_core_b.jsonl,1000,,,,95,95,1.0,100.0,1095.5,4,4,4,4,0,0,0,0,0,0,0,0,31.5,0.0,0.0,0.0,0.0,31.5,Estamos trabajando en el desarrollo de nuevos materiales más respetuosos con el medio ambiente.,We are working on the development of new materials that are more respectful of the environment.
04,en-es,a1832d5e268024405c986f06511056dc047fba80961fbf7cf3452a071647b1ad,projects/distillation/translation/training_data/gold_shards/gold_quality_4x640.shard_02_gold_core_b.jsonl,1000,,,,95,96,1.0105,100.0,1095.5,4,4,4,4,0,0,0,0,0,0,0,0,31.5,0.0,0.0,0.0,0.0,31.5,The professor asked students to prototype quickly on paper before building the digital version.,La profesora pidió al alumnado prototipar rápido en papel antes de construir la versión digital.
04,es-en,a27d19c0c814aa75a3799f634bd77ddd2818e47ee0e30f49d130a396c694a5e3,projects/distillation/translation/training_data/gold_shards/gold_quality_4x640.shard_01_gold_core_a.jsonl,1000,,,,94,84,1.119,100.0,1095.5,4,4,4,4,0,0,0,0,0,0,0,0,31.5,0.0,0.0,0.0,0.0,31.5,Es fundamental dormir al menos siete horas para que el cuerpo pueda recuperarse adecuadamente.,It is essential to sleep at least seven hours so that the body can recover properly.
04,en-es,a465563ebc6225df1be56698ed0d4bd75072b8ceae00f3ac38736200735ed713,projects/distillation/translation/training_data/gold_shards/gold_quality_4x640.shard_01_gold_core_a.jsonl,1000,,,,68,79,1.1618,100.0,1095.5,4,4,4,4,0,0,0,0,0,0,0,0,31.5,0.0,0.0,0.0,0.0,31.5,The study found that a positive attitude can improve overall health.,El estudio encontró que una actitud positiva puede mejorar la salud en general.
04,es-en,a4a5e75f45ff3990f9c78514dd26e345adaada7cbe45d29a46b20c112d50122a,projects/distillation/translation/training_data/gold_shards/gold_quality_4x640.shard_02_gold_core_b.jsonl,1000,,,,82,75,1.0933,100.0,1095.5,4,4,4,4,0,0,0,0,0,0,0,0,31.5,0.0,0.0,0.0,0.0,31.5,La vieja encina proyectaba una sombra alargada que parecía querer alcanzar el río.,The old oak tree cast a long shadow that seemed to want to reach the river.
04,es-en,a52e2bc6bfd2cccfd81cc4c16c2ebc8fabc2b3873da4329447e0c9a3f3fa6c81,projects/distillation/translation/training_data/gold_shards/gold_quality_4x640.shard_02_gold_core_b.jsonl,1000,,,,95,96,1.0105,100.0,1095.5,4,4,4,4,0,0,0,0,0,0,0,0,31.5,0.0,0.0,0.0,0.0,31.5,La salud mental es un aspecto fundamental del bienestar general que merece más atención social.,Mental health is a fundamental aspect of overall well-being that deserves more social attention.
04,es-en,a55a1f3dc57f89b620de7c44709fad5dbf94f2bfe9968c0c701969411b88a207,projects/distillation/translation/training_data/gold_shards/gold_quality_4x640.shard_01_gold_core_a.jsonl,1000,,,,98,98,1.0,100.0,1095.5,4,4,4,4,0,0,0,0,0,0,0,0,31.5,0.0,0.0,0.0,0.0,31.5,Los bomberos tardaron varias horas en sofocar el incendio que se declaró en el almacén industrial.,Firefighters took several hours to extinguish the fire that broke out in the industrial warehouse.
04,es-en,a5b7c74eb4b0fa524bda451f5f05cf9298ef05b16c5540126e6f8b8e427eb592,projects/distillation/translation/training_data/gold_shards/gold_quality_4x640.shard_02_gold_core_b.jsonl,1000,,,,92,81,1.1358,100.0,1095.5,4,4,4,4,0,0,0,0,0,0,0,0,31.5,0.0,0.0,0.0,0.0,31.5,La clave privada para acceder al sistema debe guardarse en un lugar seguro y no compartirse.,The private key to access the system must be kept in a safe place and not shared.
04,es-en,a74b01684def0b2f46ba32d8d6ec9921d9761a86802120d023bfabc663e86f50,projects/distillation/translation/training_data/gold_shards/gold_quality_4x640.shard_02_gold_core_b.jsonl,1000,,,,82,82,1.0,100.0,1095.5,4,4,4,4,0,0,0,0,0,0,0,0,31.5,0.0,0.0,0.0,0.0,31.5,La fisioterapeuta sugirió pausas activas cada cuarenta minutos de trabajo sentado.,The physical therapist suggested active breaks every forty minutes of seated work.
04,es-en,a74b6ffd7ae10bbb7099eda1fd96fcedce768455df4341ef884ba1fad4873912,projects/distillation/translation/training_data/gold_shards/gold_quality_4x640.shard_01_gold_core_a.jsonl,1000,,,,78,76,1.0263,100.0,1095.5,4,4,4,4,0,0,0,0,0,0,0,0,31.5,0.0,0.0,0.0,0.0,31.5,La figurinista confeccionó trajes de época para el elenco de la ópera barroca.,The costume maker crafted period costumes for the cast of the Baroque opera.
04,en-es,a8042f0e5377b97cefe227c7476a6820a95cb4a7f55edd7638a59df5f07bd29b,projects/distillation/translation/training_data/gold_shards/gold_quality_4x640.shard_01_gold_core_a.jsonl,1000,,,,76,83,1.0921,100.0,1095.5,4,4,4,4,0,0,0,0,0,0,0,0,31.5,0.0,0.0,0.0,0.0,31.5,The research team published their findings in a prestigious medical journal.,El equipo de investigación publicó sus hallazgos en una prestigiosa revista médica.
04,es-en,a8fd0d543fcdd4ccc2a3c46f6def0774a7df163d5ce7858e115a0777638e9fb2,projects/distillation/translation/training_data/gold_shards/gold_quality_4x640.shard_02_gold_core_b.jsonl,1000,,,,94,87,1.0805,100.0,1095.5,4,4,4,4,0,0,0,0,0,0,0,0,31.5,0.0,0.0,0.0,0.0,31.5,Este nuevo modelo de coche es mucho más eficiente y consume menos combustible que el anterior.,This new car model is much more efficient and consumes less fuel than the previous one.
04,en-es,a900d3245b7b18c3430205e9963a6904851b062abe2433b548d9d2d195dfed9e,projects/distillation/translation/training_data/gold_shards/gold_quality_4x640.shard_02_gold_core_b.jsonl,1000,,,,84,88,1.0476,100.0,1095.5,4,4,4,4,0,0,0,0,0,0,0,0,31.5,0.0,0.0,0.0,0.0,31.5,The trade agreement between the two nations is expected to boost bilateral commerce.,Se espera que el acuerdo comercial entre las dos naciones impulse el comercio bilateral.
04,en-es,ab5ffa351db2c34dc89957e618eccc5e1304b850f6063b0871000857dcefcda1,projects/distillation/translation/training_data/gold_shards/gold_quality_4x640.shard_02_gold_core_b.jsonl,1000,,,,71,68,1.0441,100.0,1095.5,4,4,4,4,0,0,0,0,0,0,0,0,31.5,0.0,0.0,0.0,0.0,31.5,The software is compatible with both Windows and Mac operating systems.,El software es compatible con los sistemas operativos Windows y Mac.
04,en-es,aba501874f70877e726f0cd03977607ecd4586d58572e04ca062b1d38af9cc29,projects/distillation/translation/training_data/gold_shards/gold_quality_4x640.shard_01_gold_core_a.jsonl,1000,,,,77,88,1.1429,100.0,1095.5,4,4,4,4,0,0,0,0,0,0,0,0,31.5,0.0,0.0,0.0,0.0,31.5,The project focuses on developing renewable energy solutions for rural areas.,El proyecto se centra en desarrollar soluciones de energía renovable para áreas rurales.
04,en-es,ac3b3292412ae267657154dc3185c0d4d631698a8387a6425349320a97933be1,projects/distillation/translation/training_data/gold_shards/gold_quality_4x640.shard_01_gold_core_a.jsonl,1000,,,,76,77,1.0132,100.0,1095.5,4,4,4,4,0,0,0,0,0,0,0,0,31.5,0.0,0.0,0.0,0.0,31.5,The peace treaty was signed after months of intense diplomatic negotiations.,El tratado de paz se firmó tras meses de intensas negociaciones diplomáticas.
04,es-en,ac67b1ab4507bc76d02b03a4aee139bb186f977d6541acbe6585727b9234b723,projects/distillation/translation/training_data/gold_shards/gold_quality_4x640.shard_01_gold_core_a.jsonl,1000,,,,90,93,1.0333,100.0,1095.5,4,4,4,4,0,0,0,0,0,0,0,0,31.5,0.0,0.0,0.0,0.0,31.5,La reacción entre los dos compuestos químicos generó una gran cantidad de vapor y energía.,The reaction between the two chemical compounds generated a large amount of steam and energy.
04,es-en,ad99e23d5253a62386d274ada8ca34bc7c1049659d558da0d54286c8d1feab85,projects/distillation/translation/training_data/gold_shards/gold_quality_4x640.shard_02_gold_core_b.jsonl,1000,,,,92,83,1.1084,100.0,1095.5,4,4,4,4,0,0,0,0,0,0,0,0,31.5,0.0,0.0,0.0,0.0,31.5,Los versos de la canción transmiten un mensaje de esperanza y superación ante la adversidad.,The song's verses convey a message of hope and overcoming in the face of adversity.
04,es-en,ae2c8e9563a322076dc3fdcd2633ad5e4c186591fa0c63644cf63cefa9979ee3,projects/distillation/translation/training_data/gold_shards/gold_quality_4x640.shard_01_gold_core_a.jsonl,1000,,,,76,66,1.1515,100.0,1095.5,4,4,4,4,0,0,0,0,0,0,0,0,31.5,0.0,0.0,0.0,0.0,31.5,La empresa de agua aprobó un plan de reparación urgente para redes antiguas.,The water utility approved an urgent repair plan for old networks.
04,en-es,aff3a0dedb7da0eb76ba598e11588313c8c3ab152dbd94bda77bf934eed37ccb,projects/distillation/translation/training_data/gold_shards/gold_quality_4x640.shard_01_gold_core_a.jsonl,1000,,,,82,98,1.1951,100.0,1095.5,4,4,4,4,0,0,0,0,0,0,0,0,31.5,0.0,0.0,0.0,0.0,31.5,"To save on electricity, set the thermostat two degrees higher during office hours.","Para ahorrar electricidad, ajusta el termostato dos grados más alto durante el horario de oficina."
04,es-en,b031124ad96fd56af30637dd7627bfe0d14f9cd9b14132399ba4f3dd62bec010,projects/distillation/translation/training_data/gold_shards/gold_quality_4x640.shard_01_gold_core_a.jsonl,1000,,,,93,78,1.1923,100.0,1095.5,4,4,4,4,0,0,0,0,0,0,0,0,31.5,0.0,0.0,0.0,0.0,31.5,La carretera principal permanecerá cortada al tráfico debido a las obras de mejora del firme.,The main road will remain closed to traffic due to pavement improvement works.
04,es-en,b22b56fa95b09c4bdfcde856e95097f93992f074f8e22f7b11cdd7ccf4157ed4,projects/distillation/translation/training_data/gold_shards/gold_quality_4x640.shard_02_gold_core_b.jsonl,1000,,,,98,82,1.1951,100.0,1095.5,4,4,4,4,0,0,0,0,0,0,0,0,31.5,0.0,0.0,0.0,0.0,31.5,La oficina de aviación civil aprobó protocolos revisados de seguridad para aeropuertos regionales.,The civil aviation office approved revised safety protocols for regional airports.
04,es-en,b5037a99b4218763100bafa07ff470190b4ab922e3d81cd0f69af9eb2aafb0fc,projects/distillation/translation/training_data/gold_shards/gold_quality_4x640.shard_01_gold_core_a.jsonl,1000,,,,78,74,1.0541,100.0,1095.5,4,4,4,4,0,0,0,0,0,0,0,0,31.5,0.0,0.0,0.0,0.0,31.5,La tarde cayó sobre el valle con una luz dorada que parecía detener el tiempo.,Evening fell over the valley with a golden light that seemed to stop time.
04,es-en,b65a2eff33c0f448042150eced92f86a72918d3acf53a8a5a29ade250c83ddde,projects/distillation/translation/training_data/gold_shards/gold_quality_4x640.shard_02_gold_core_b.jsonl,1000,,,,85,89,1.0471,100.0,1095.5,4,4,4,4,0,0,0,0,0,0,0,0,31.5,0.0,0.0,0.0,0.0,31.5,La modista ajustó el dobladillo del vestido de novia la mañana misma de la ceremonia.,The seamstress adjusted the hem of the wedding dress on the very morning of the ceremony.
04,es-en,b78be8ddae52b6457a733323127d70688665faaa13ae7661f333464466aeac0d,projects/distillation/translation/training_data/gold_shards/gold_quality_4x640.shard_02_gold_core_b.jsonl,1000,,,,97,88,1.1023,100.0,1095.5,4,4,4,4,0,0,0,0,0,0,0,0,31.5,0.0,0.0,0.0,0.0,31.5,La autoridad meteorológica prevé lluvias intensas en la cordillera durante todo el fin de semana.,The weather authority forecasts heavy rain in the mountain range throughout the weekend.
04,es-en,baf3e85bdf3b64f3a6145d26bffaf97149a1d08de23fe23928ba587dafeeee1a,projects/distillation/translation/training_data/gold_shards/gold_quality_4x640.shard_01_gold_core_a.jsonl,1000,,,,101,99,1.0202,100.0,1095.5,4,4,4,4,0,0,0,0,0,0,0,0,31.5,0.0,0.0,0.0,0.0,31.5,La meteoróloga explicó que el fenómeno de inversión térmica atrapa los contaminantes cerca del suelo.,The meteorologist explained that the thermal inversion phenomenon traps pollutants near the ground.
04,es-en,bcd694b48e16506a8162631b08e0cf815cf61240a28f7927a2e15958801694dd,projects/distillation/translation/training_data/gold_shards/gold_quality_4x640.shard_01_gold_core_a.jsonl,1000,,,,94,85,1.1059,100.0,1095.5,4,4,4,4,0,0,0,0,0,0,0,0,31.5,0.0,0.0,0.0,0.0,31.5,"Las placas tectónicas se desplazan solo unos centímetros al año, pero sus efectos son enormes.","Tectonic plates move only a few centimeters per year, but their effects are enormous."
04,es-en,be146f7f0b18d7c7f142ab1b1e94f465ad61df2a7b282ae315ee54593da3cb65,projects/distillation/translation/training_data/gold_shards/gold_quality_4x640.shard_02_gold_core_b.jsonl,1000,,,,63,67,1.0635,100.0,1095.5,4,4,4,4,0,0,0,0,0,0,0,0,31.5,0.0,0.0,0.0,0.0,31.5,La escuela técnica abrirá un curso nocturno de diseño de redes.,The technical school will open an evening course in network design.
04,en-es,bf3c425443d36a0597e413ad85599ef7ab8a71a4762fd499d0bd93bc5ec99160,projects/distillation/translation/training_data/gold_shards/gold_quality_4x640.shard_02_gold_core_b.jsonl,1000,,,,71,75,1.0563,100.0,1095.5,4,4,4,4,0,0,0,0,0,0,0,0,31.5,0.0,0.0,0.0,0.0,31.5,The smell of fresh bread always reminds me of my grandmother's kitchen.,El olor a pan recién horneado siempre me recuerda a la cocina de mi abuela.
04,es-en,bf4f48aaa45016ac8396ac30fe60fc4c32eafc548ed9366afbd9c800f4ce4242,projects/distillation/translation/training_data/gold_shards/gold_quality_4x640.shard_01_gold_core_a.jsonl,1000,,,,83,77,1.0779,100.0,1095.5,4,4,4,4,0,0,0,0,0,0,0,0,31.5,0.0,0.0,0.0,0.0,31.5,Especialistas recomiendan hacer pausas activas en oficina para proteger la espalda.,Specialists recommend taking active breaks at the office to protect the back.
04,en-es,c1bfda1a3f7763ba5fb30b98d05be44804037fb4bc3fc233b70d68ba80d96a1b,projects/distillation/translation/training_data/gold_shards/gold_quality_4x640.shard_02_gold_core_b.jsonl,1000,,,,87,84,1.0357,100.0,1095.5,4,4,4,4,0,0,0,0,0,0,0,0,31.5,0.0,0.0,0.0,0.0,31.5,The public transportation network is being expanded to reach underserved neighborhoods.,La red de transporte público se está expandiendo para llegar a barrios desatendidos.
04,en-es,c7ef7a21d82a7707fc23378157b14a9208f981d274b5868cf5972530f4022ffa,projects/distillation/translation/training_data/gold_shards/gold_quality_4x640.shard_02_gold_core_b.jsonl,1000,,,,101,103,1.0198,100.0,1095.5,4,4,4,4,0,0,0,0,0,0,0,0,31.5,0.0,0.0,0.0,0.0,31.5,The prime minister faced sharp criticism over the proposed changes to the national healthcare budget.,El primer ministro enfrentó duras críticas por los cambios propuestos al presupuesto nacional de salud.
04,es-en,c811cd7a0b1dc01f8220396c3a065fbdbb24b602da70cf127860f0914267bbbd,projects/distillation/translation/training_data/gold_shards/gold_quality_4x640.shard_02_gold_core_b.jsonl,1000,,,,84,76,1.1053,100.0,1095.5,4,4,4,4,0,0,0,0,0,0,0,0,31.5,0.0,0.0,0.0,0.0,31.5,La tapicera eligió un terciopelo azul oscuro para restaurar el sofá estilo art déco.,The upholsterer chose a dark blue velvet to restore the Art Deco-style sofa.
04,en-es,cc080fbde4adfebeb44d3c7dfb68916956630c44dd3c648b9a8c378782452485,projects/distillation/translation/training_data/gold_shards/gold_quality_4x640.shard_01_gold_core_a.jsonl,1000,,,,75,82,1.0933,100.0,1095.5,4,4,4,4,0,0,0,0,0,0,0,0,31.5,0.0,0.0,0.0,0.0,31.5,The legal framework for data protection is being updated across the region.,El marco legal para la protección de datos se está actualizando en toda la región.
04,en-es,cc80250f94c85e74f65f25a3bb0c9688e67097ae31f391c2207db465c2ff0fa5,projects/distillation/translation/training_data/gold_shards/gold_quality_4x640.shard_01_gold_core_a.jsonl,1000,,,,83,93,1.1205,100.0,1095.5,4,4,4,4,0,0,0,0,0,0,0,0,31.5,0.0,0.0,0.0,0.0,31.5,The university's new research center is dedicated to sustainable urban development.,El nuevo centro de investigación de la universidad se dedica al desarrollo urbano sostenible.
04,en-es,cd57fd38611d72404f93c0cfa8e801e7dda63ec05bb15c59b7a4aa342e120fb4,projects/distillation/translation/training_data/gold_shards/gold_quality_4x640.shard_02_gold_core_b.jsonl,1000,,,,77,88,1.1429,100.0,1095.5,4,4,4,4,0,0,0,0,0,0,0,0,31.5,0.0,0.0,0.0,0.0,31.5,The scent of pine needles and damp earth filled the air after the heavy rain.,El aroma de las agujas de pino y la tierra húmeda llenaba el aire tras la fuerte lluvia.
04,en-es,ce4b33bbced4725471fdd11020432c9b5d98ce8cb49186c73cd49205048c4c9a,projects/distillation/translation/training_data/gold_shards/gold_quality_4x640.shard_02_gold_core_b.jsonl,1000,,,,91,98,1.0769,100.0,1095.5,4,4,4,4,0,0,0,0,0,0,0,0,31.5,0.0,0.0,0.0,0.0,31.5,The merger between the two pharmaceutical giants is subject to rigorous antitrust scrutiny.,La fusión entre los dos gigantes farmacéuticos está sujeta a un riguroso escrutinio antimonopolio.
04,en-es,ce66c285441039d76fe9a98084dfdcb93c4584a90d3551affbb47959860993e1,projects/distillation/translation/training_data/gold_shards/gold_quality_4x640.shard_01_gold_core_a.jsonl,1000,,,,93,100,1.0753,100.0,1095.5,4,4,4,4,0,0,0,0,0,0,0,0,31.5,0.0,0.0,0.0,0.0,31.5,The lighthouse keeper logged wind speed and visibility every four hours throughout the night.,El farero registró la velocidad del viento y la visibilidad cada cuatro horas durante toda la noche.
04,es-en,d01aa2ad99b9394f79ef830be5fc2b91bdde76df2f4ab69046c460e7a41987d9,projects/distillation/translation/training_data/gold_shards/gold_quality_4x640.shard_02_gold_core_b.jsonl,1000,,,,97,95,1.0211,100.0,1095.5,4,4,4,4,0,0,0,0,0,0,0,0,31.5,0.0,0.0,0.0,0.0,31.5,La panadera preparó la masa del roscón de Reyes la noche anterior para que fermentara lentamente.,The baker prepared the dough for the Three Kings cake the night before so it would rise slowly.
04,es-en,d0e502bc35858daba7841e988cc34d4b12330c7d02aaa5e29f8511353b272ecf,projects/distillation/translation/training_data/gold_shards/gold_quality_4x640.shard_02_gold_core_b.jsonl,1000,,,,97,81,1.1975,100.0,1095.5,4,4,4,4,0,0,0,0,0,0,0,0,31.5,0.0,0.0,0.0,0.0,31.5,La deforestación ha provocado la pérdida del hábitat de numerosas especies endémicas en la selva.,Deforestation has caused habitat loss for numerous endemic species in the jungle.
04,es-en,d222480fccb35fa36010b65394688500e777ba37aba74c842cc2b453215bdda9,projects/distillation/translation/training_data/gold_shards/gold_quality_4x640.shard_02_gold_core_b.jsonl,1000,,,,89,87,1.023,100.0,1095.5,4,4,4,4,0,0,0,0,0,0,0,0,31.5,0.0,0.0,0.0,0.0,31.5,La auditoría de propiedad intelectual identificó varias marcas y patentes no registradas.,The intellectual property audit identified several unregistered trademarks and patents.
04,es-en,d2a169558bf7eafe510aee41c79d790b132beb90665e147024a75477b979d4ca,projects/distillation/translation/training_data/gold_shards/gold_quality_4x640.shard_02_gold_core_b.jsonl,1000,,,,101,91,1.1099,100.0,1095.5,4,4,4,4,0,0,0,0,0,0,0,0,31.5,0.0,0.0,0.0,0.0,31.5,La fonoaudióloga evaluó la capacidad auditiva del bebé mediante una prueba de emisiones otoacústicas.,The audiologist evaluated the baby's hearing ability through an otoacoustic emissions test.
04,en-es,d336643c7b56c0096681c2cc37b2e6fb4c0e33638d68192854134a906cc107d0,projects/distillation/translation/training_data/gold_shards/gold_quality_4x640.shard_02_gold_core_b.jsonl,1000,,,,93,105,1.129,100.0,1095.5,4,4,4,4,0,0,0,0,0,0,0,0,31.5,0.0,0.0,0.0,0.0,31.5,The professor asked students to compare at least two viewpoints before writing policy briefs.,La profesora pidió al alumnado comparar al menos dos perspectivas antes de escribir informes de política.
04,es-en,d35bcbac5269af5bf2f8281bb5097713fc7d9751f670393f3b8913c24623af58,projects/distillation/translation/training_data/gold_shards/gold_quality_4x640.shard_02_gold_core_b.jsonl,1000,,,,89,82,1.0854,100.0,1095.5,4,4,4,4,0,0,0,0,0,0,0,0,31.5,0.0,0.0,0.0,0.0,31.5,La descentralización administrativa busca acercar la toma de decisiones a los ciudadanos.,Administrative decentralization seeks to bring decision-making closer to citizens.
04,es-en,d35ef2d8bf57bb3f95da22681c9a416eda599a9daf3ec7de8db850fac354cd35,projects/distillation/translation/training_data/gold_shards/gold_quality_4x640.shard_01_gold_core_a.jsonl,1000,,,,97,84,1.1548,100.0,1095.5,4,4,4,4,0,0,0,0,0,0,0,0,31.5,0.0,0.0,0.0,0.0,31.5,La cartera de clientes de la consultoría incluye tanto a empresas locales como a multinacionales.,The consultancy's client portfolio includes both local companies and multinationals.
04,es-en,d3d3d6fc891e9d0470069f033b11781a7de434d7b6685582f6502747f66b8faa,projects/distillation/translation/training_data/gold_shards/gold_quality_4x640.shard_01_gold_core_a.jsonl,1000,,,,99,94,1.0532,100.0,1095.5,4,4,4,4,0,0,0,0,0,0,0,0,31.5,0.0,0.0,0.0,0.0,31.5,La empresa tecnológica está buscando perfiles con experiencia en el desarrollo de aplicaciones web.,The technology company is looking for profiles with experience in web application development.
04,en-es,d64093b58d3601c2c967e4bd1c5f2b1d6260641bb002c857702dad78e6e6b74f,projects/distillation/translation/training_data/gold_shards/gold_quality_4x640.shard_02_gold_core_b.jsonl,1000,,,,73,79,1.0822,100.0,1095.5,4,4,4,4,0,0,0,0,0,0,0,0,31.5,0.0,0.0,0.0,0.0,31.5,The judicial review process is essential for maintaining the rule of law.,El proceso de revisión judicial es esencial para mantener el estado de derecho.
04,es-en,d84b53bc93550755bddac1744c80c65d00b5db9344454457d40795576a321891,projects/distillation/translation/training_data/gold_shards/gold_quality_4x640.shard_02_gold_core_b.jsonl,1000,,,,79,72,1.0972,100.0,1095.5,4,4,4,4,0,0,0,0,0,0,0,0,31.5,0.0,0.0,0.0,0.0,31.5,Especialistas recomiendan disminuir sal en las cenas para controlar la presión.,Specialists recommend reducing salt at dinner to control blood pressure.
04,en-es,d9d738f718653b28b99df50de19c95e71cd94240c1a662041a79261add5acbda,projects/distillation/translation/training_data/gold_shards/gold_quality_4x640.shard_01_gold_core_a.jsonl,1000,,,,76,82,1.0789,100.0,1095.5,4,4,4,4,0,0,0,0,0,0,0,0,31.5,0.0,0.0,0.0,0.0,31.5,The painting depicts a peaceful rural scene in the early nineteenth century.,La pintura representa una escena rural pacífica a principios del siglo diecinueve.
04,es-en,dab9912b140f1d1554a9719d7add4e10f6ba34686e4092ced0ba57ee03ff75f5,projects/distillation/translation/training_data/gold_shards/gold_quality_4x640.shard_01_gold_core_a.jsonl,1000,,,,93,87,1.069,100.0,1095.5,4,4,4,4,0,0,0,0,0,0,0,0,31.5,0.0,0.0,0.0,0.0,31.5,La pequeña empresa familiar logró expandirse gracias a un crédito para emprendedores jóvenes.,The small family business managed to expand thanks to a credit for young entrepreneurs.
04,es-en,db3e4d3c1f10337e72a62c34992d1ee55ca07e5658d307a59fd2f1e13d458268,projects/distillation/translation/training_data/gold_shards/gold_quality_4x640.shard_01_gold_core_a.jsonl,1000,,,,99,87,1.1379,100.0,1095.5,4,4,4,4,0,0,0,0,0,0,0,0,31.5,0.0,0.0,0.0,0.0,31.5,La entidad bancaria dispone de una amplia gama de productos financieros con condiciones ventajosas.,The banking entity has a wide range of financial products with advantageous conditions.
04,es-en,dbb7483ef2986afc7324b88fbd2a0ec5b93007ee7e4af91bcfea9f584f168de6,projects/distillation/translation/training_data/gold_shards/gold_quality_4x640.shard_02_gold_core_b.jsonl,1000,,,,92,86,1.0698,100.0,1095.5,4,4,4,4,0,0,0,0,0,0,0,0,31.5,0.0,0.0,0.0,0.0,31.5,Especialistas recomiendan fuerza moderada dos veces por semana para preservar masa muscular.,Specialists recommend moderate strength training twice a week to preserve muscle mass.
04,es-en,dc0919b5913e3aae8691b4d6cf09eca7887639f8b479b953fc5c7194e2701071,projects/distillation/translation/training_data/gold_shards/gold_quality_4x640.shard_01_gold_core_a.jsonl,1000,,,,92,93,1.0109,100.0,1095.5,4,4,4,4,0,0,0,0,0,0,0,0,31.5,0.0,0.0,0.0,0.0,31.5,La directora de cine rodó la escena final al amanecer para aprovechar la luz natural dorada.,The film director shot the final scene at dawn to take advantage of the golden natural light.
04,es-en,dc13b68295d08e31fb560bafdf93f97b38af948c5cc3396e973d871b5dfc3d3a,projects/distillation/translation/training_data/gold_shards/gold_quality_4x640.shard_02_gold_core_b.jsonl,1000,,,,93,93,1.0,100.0,1095.5,4,4,4,4,0,0,0,0,0,0,0,0,31.5,0.0,0.0,0.0,0.0,31.5,La entidad financiera gestiona el patrimonio de miles de clientes con un enfoque conservador.,The financial entity manages the wealth of thousands of clients with a conservative approach.
04,es-en,dcd3f5161e31062b5d74be0f3e9e778cc4fd721d33fcb0f840b0e0417d1f75a2,projects/distillation/translation/training_data/gold_shards/gold_quality_4x640.shard_02_gold_core_b.jsonl,1000,,,,98,100,1.0204,100.0,1095.5,4,4,4,4,0,0,0,0,0,0,0,0,31.5,0.0,0.0,0.0,0.0,31.5,Este sistema inteligente permite controlar el consumo eléctrico del hogar desde el teléfono móvil.,This intelligent system allows controlling the home's electricity consumption from the mobile phone.
04,es-en,decfa63271e33914af065e92cd34abbff1a350facdc34f7a152b8e5d25cbad67,projects/distillation/translation/training_data/gold_shards/gold_quality_4x640.shard_01_gold_core_a.jsonl,1000,,,,97,95,1.0211,100.0,1095.5,4,4,4,4,0,0,0,0,0,0,0,0,31.5,0.0,0.0,0.0,0.0,31.5,La construcción de infraestructuras sostenibles reduce el impacto ambiental de las zonas urbanas.,The construction of sustainable infrastructure reduces the environmental impact of urban areas.
04,es-en,dfe0c4e38306383523c6531ee27b70d3bd1d03c778f97d1ec332a4bf75000ceb,projects/distillation/translation/training_data/gold_shards/gold_quality_4x640.shard_01_gold_core_a.jsonl,1000,,,,91,81,1.1235,100.0,1095.5,4,4,4,4,0,0,0,0,0,0,0,0,31.5,0.0,0.0,0.0,0.0,31.5,Especialistas recomiendan estiramientos de cuello y hombros para aliviar tensión acumulada.,Specialists recommend neck and shoulder stretches to relieve accumulated tension.
04,en-es,e1571fb7de2d188a6a5d038cb2bcfa59af939e7bbf8e0065ee175616913cafe3,projects/distillation/translation/training_data/gold_shards/gold_quality_4x640.shard_02_gold_core_b.jsonl,1000,,,,67,77,1.1493,100.0,1095.5,4,4,4,4,0,0,0,0,0,0,0,0,31.5,0.0,0.0,0.0,0.0,31.5,We booked a flexible ticket in case the conference schedule shifts.,Reservamos un billete flexible por si cambia el calendario de la conferencia.
04,es-en,e480db1d663e7c9689af5f6c5e665d8f4f0684f23ad3bb6e922a1dcfe3150b4e,projects/distillation/translation/training_data/gold_shards/gold_quality_4x640.shard_01_gold_core_a.jsonl,1000,,,,79,73,1.0822,100.0,1095.5,4,4,4,4,0,0,0,0,0,0,0,0,31.5,0.0,0.0,0.0,0.0,31.5,La oficina ambiental aprobó sensores de ruido urbano para corredores escolares.,The environment office approved urban noise sensors for school corridors.
04,en-es,e4e53913fe00f6e4844a16745c8b374840f836221c5605b400610ba5c60ceaa3,projects/distillation/translation/training_data/gold_shards/gold_quality_4x640.shard_02_gold_core_b.jsonl,1000,,,,93,99,1.0645,100.0,1095.5,4,4,4,4,0,0,0,0,0,0,0,0,31.5,0.0,0.0,0.0,0.0,31.5,The professor asked students to annotate difficult passages before joining discussion groups.,La profesora pidió al alumnado anotar pasajes difíciles antes de participar en grupos de discusión.
04,es-en,e5a97ba0e6d1b2a6121124c3ce9e8342bfa105fb532c1935b212333a0e0da65a,projects/distillation/translation/training_data/gold_shards/gold_quality_4x640.shard_01_gold_core_a.jsonl,1000,,,,75,66,1.1364,100.0,1095.5,4,4,4,4,0,0,0,0,0,0,0,0,31.5,0.0,0.0,0.0,0.0,31.5,Las autoridades confirmaron que el suministro de agua ya está restablecido.,Authorities confirmed that the water supply has now been restored.
04,en-es,e8903ed449a46c337ea6acf7932e4c58614be8456990f18579e2cf7df089199d,projects/distillation/translation/training_data/gold_shards/gold_quality_4x640.shard_01_gold_core_a.jsonl,1000,,,,83,98,1.1807,100.0,1095.5,4,4,4,4,0,0,0,0,0,0,0,0,31.5,0.0,0.0,0.0,0.0,31.5,The sculptor chiseled the marble block for weeks before the figure began to emerge.,El escultor cinceló el bloque de mármol durante semanas antes de que la figura empezara a emerger.
04,es-en,e99f66fcc9db10e5890f4a72c8131faff6f8aee902d19c6e474df3e92fef215f,projects/distillation/translation/training_data/gold_shards/gold_quality_4x640.shard_01_gold_core_a.jsonl,1000,,,,98,93,1.0538,100.0,1095.5,4,4,4,4,0,0,0,0,0,0,0,0,31.5,0.0,0.0,0.0,0.0,31.5,La filtración de datos sensibles ha puesto en entredicho la reputación de la compañía tecnológica.,The leak of sensitive data has called into question the reputation of the technology company.
04,en-es,e9f24ea58397d193c8333c59412d5f9c376823bf8e5dba51f9d93c6bc2b732bf,projects/distillation/translation/training_data/gold_shards/gold_quality_4x640.shard_02_gold_core_b.jsonl,1000,,,,84,91,1.0833,100.0,1095.5,4,4,4,4,0,0,0,0,0,0,0,0,31.5,0.0,0.0,0.0,0.0,31.5,The terms of the contract are subject to negotiation until both parties have signed.,Los términos del contrato están sujetos a negociación hasta que ambas partes hayan firmado.
04,es-en,eaecfb2a450cb0923b2ad07ff14dde99cd8d2e10639c2c97e5e284a55c39334d,projects/distillation/translation/training_data/gold_shards/gold_quality_4x640.shard_01_gold_core_a.jsonl,1000,,,,95,97,1.0211,100.0,1095.5,4,4,4,4,0,0,0,0,0,0,0,0,31.5,0.0,0.0,0.0,0.0,31.5,Lea atentamente el manual de usuario antes de proceder a la instalación del equipo informático.,Carefully read the user manual before proceeding with the installation of the computer equipment.
04,en-es,ecba30581d38ddfcb4a25fa36e3402b463c0f42f6ead2663acc909df1fb227f5,projects/distillation/translation/training_data/gold_shards/gold_quality_4x640.shard_01_gold_core_a.jsonl,1000,,,,101,98,1.0306,100.0,1095.5,4,4,4,4,0,0,0,0,0,0,0,0,31.5,0.0,0.0,0.0,0.0,31.5,The midwife monitored the contractions closely and guided the mother through each breathing exercise.,La comadrona vigiló las contracciones de cerca y guió a la madre en cada ejercicio de respiración.
04,es-en,ecfedf28859870cf85127dd66f029bb1d08e5c98897991002f771a6e30e6e254,projects/distillation/translation/training_data/gold_shards/gold_quality_4x640.shard_02_gold_core_b.jsonl,1000,,,,100,91,1.0989,100.0,1095.5,4,4,4,4,0,0,0,0,0,0,0,0,31.5,0.0,0.0,0.0,0.0,31.5,La protección de los derechos de propiedad intelectual incentiva la creación artística y científica.,The protection of intellectual property rights encourages artistic and scientific creation.
04,en-es,edd0a193e03e2a4b95a81f64cf79ac5a27a60fed735dd53c57fdaaf4a3835b39,projects/distillation/translation/training_data/gold_shards/gold_quality_4x640.shard_02_gold_core_b.jsonl,1000,,,,79,87,1.1013,100.0,1095.5,4,4,4,4,0,0,0,0,0,0,0,0,31.5,0.0,0.0,0.0,0.0,31.5,The seminar challenged us to separate data interpretation from personal belief.,El seminario nos retó a separar la interpretación de datos de las creencias personales.
04,es-en,efeefb4299a776f6ece3adaf6e8662c56a3c9928620cea2c1e07aa41cba376cd,projects/distillation/translation/training_data/gold_shards/gold_quality_4x640.shard_01_gold_core_a.jsonl,1000,,,,96,83,1.1566,100.0,1095.5,4,4,4,4,0,0,0,0,0,0,0,0,31.5,0.0,0.0,0.0,0.0,31.5,La imagen de marca de la compañía ha mejorado notablemente gracias a sus campañas de publicidad.,The company's brand image has improved notably thanks to its advertising campaigns.
04,es-en,eff8081807bd38b17fd442274214361343c31b82b663d6da57598056278db521,projects/distillation/translation/training_data/gold_shards/gold_quality_4x640.shard_02_gold_core_b.jsonl,1000,,,,95,89,1.0674,100.0,1095.5,4,4,4,4,0,0,0,0,0,0,0,0,31.5,0.0,0.0,0.0,0.0,31.5,Estoy muy impresionado con el nivel de detalle y la precisión que has mostrado en este informe.,I am very impressed with the level of detail and precision you have shown in this report.
04,en-es,f04dd077ac2e2238ebcadcc03c771f55af10161312aaff0b254ea64b20f2aad8,projects/distillation/translation/training_data/gold_shards/gold_quality_4x640.shard_02_gold_core_b.jsonl,1000,,,,74,86,1.1622,100.0,1095.5,4,4,4,4,0,0,0,0,0,0,0,0,31.5,0.0,0.0,0.0,0.0,31.5,The new model is significantly more energy-efficient than its predecessor.,El nuevo modelo es significativamente más eficiente energéticamente que su predecesor.
04,es-en,f5a60600f20b1f364f8d8dedbcc206a9764aa975885d4ef5706a7766ab423bbc,projects/distillation/translation/training_data/gold_shards/gold_quality_4x640.shard_01_gold_core_a.jsonl,1000,,,,80,88,1.1,100.0,1095.5,4,4,4,4,0,0,0,0,0,0,0,0,31.5,0.0,0.0,0.0,0.0,31.5,La óptica revisó la graduación y recomendó lentes progresivas para la presbicia.,The optician checked the prescription and recommended progressive lenses for presbyopia.
04,es-en,f5a7aa34b38c2deb7fd1325ace3e6d4fd447fddf2338df20d1560503c2d39876,projects/distillation/translation/training_data/gold_shards/gold_quality_4x640.shard_02_gold_core_b.jsonl,1000,,,,89,83,1.0723,100.0,1095.5,4,4,4,4,0,0,0,0,0,0,0,0,31.5,0.0,0.0,0.0,0.0,31.5,La investigación astronómica ha revelado la existencia de agua en estado sólido en Marte.,Astronomical research has revealed the existence of water in a solid state on Mars.
04,en-es,f786104f3d2468fed2abf505e33a4b9924eda8822fa59b3910f39b16a1208eae,projects/distillation/translation/training_data/gold_shards/gold_quality_4x640.shard_02_gold_core_b.jsonl,1000,,,,79,75,1.0533,100.0,1095.5,4,4,4,4,0,0,0,0,0,0,0,0,31.5,0.0,0.0,0.0,0.0,31.5,The security breach exposed the personal information of thousands of customers.,La brecha de seguridad expuso la información personal de miles de clientes.
04,en-es,f84745d5db924fed6f2876c3081038b1e6598a035486a9fec22aaaf615862191,projects/distillation/translation/training_data/gold_shards/gold_quality_4x640.shard_02_gold_core_b.jsonl,1000,,,,91,85,1.0706,100.0,1095.5,4,4,4,4,0,0,0,0,0,0,0,0,31.5,0.0,0.0,0.0,0.0,31.5,The pharmacist double-checked the dosage before dispensing the prescription to the patient.,La farmacéutica verificó dos veces la dosis antes de dispensar la receta al paciente.
04,es-en,f8913242d162ff4b6ad0108bb888ebb3c4a5bae8b90c1a51931892f30b914217,projects/distillation/translation/training_data/gold_shards/gold_quality_4x640.shard_02_gold_core_b.jsonl,1000,,,,87,85,1.0235,100.0,1095.5,4,4,4,4,0,0,0,0,0,0,0,0,31.5,0.0,0.0,0.0,0.0,31.5,La restauradora consolidó los pigmentos del mural renacentista con una resina especial.,The restorer consolidated the pigments of the Renaissance mural with a special resin.
04,en-es,fa322ec2678b1b2dad6cfc41dc775f75d551587ed30ffc088e7de7e46af0fab3,projects/distillation/translation/training_data/gold_shards/gold_quality_4x640.shard_02_gold_core_b.jsonl,1000,,,,91,98,1.0769,100.0,1095.5,4,4,4,4,0,0,0,0,0,0,0,0,31.5,0.0,0.0,0.0,0.0,31.5,Volcanic ash from the eruption disrupted flights across three continents for nearly a week.,La ceniza volcánica de la erupción interrumpió vuelos en tres continentes durante casi una semana.
04,es-en,fa4b9d1f92b33970479baea365966348f1e767bf46c61b60e03cc45776c6346d,projects/distillation/translation/training_data/gold_shards/gold_quality_4x640.shard_02_gold_core_b.jsonl,1000,,,,68,67,1.0149,100.0,1095.5,4,4,4,4,0,0,0,0,0,0,0,0,31.5,0.0,0.0,0.0,0.0,31.5,"Escogimos una pensión familiar, y aprendimos expresiones del barrio.","We chose a family guesthouse, and learned neighborhood expressions."
04,es-en,fab8f52b11c61ac66d257cde066859cdff52f60d31c1c5dfe6feac3760bb245f,projects/distillation/translation/training_data/gold_shards/gold_quality_4x640.shard_02_gold_core_b.jsonl,1000,,,,81,77,1.0519,100.0,1095.5,4,4,4,4,0,0,0,0,0,0,0,0,31.5,0.0,0.0,0.0,0.0,31.5,La aplicación nueva permite compartir recetas médicas con familiares autorizados.,The new app allows prescriptions to be shared with authorized family members.
04,es-en,fc0776ef8abbbfc1ce2e04f7ef321c4dcfd2167f1a58e4eac8c41bf35b62373e,projects/distillation/translation/training_data/gold_shards/gold_quality_4x640.shard_02_gold_core_b.jsonl,1000,,,,87,74,1.1757,100.0,1095.5,4,4,4,4,0,0,0,0,0,0,0,0,31.5,0.0,0.0,0.0,0.0,31.5,Especialistas recomiendan consultas preventivas periódicas para detectar riesgos antes.,Specialists recommend regular preventive checkups to detect risks earlier.
04,en-es,fd678349568c0e4fcffa1f3e988ba578ffe470ef051415b3ee6190bdf6d818ec,projects/distillation/translation/training_data/gold_shards/gold_quality_4x640.shard_01_gold_core_a.jsonl,1000,,,,88,84,1.0476,100.0,1095.5,4,4,4,4,0,0,0,0,0,0,0,0,31.5,0.0,0.0,0.0,0.0,31.5,The watchmaker disassembled the antique movement piece by piece under a magnifying lens.,El relojero desmontó el mecanismo antiguo pieza por pieza bajo una lente de aumento.
04,es-en,fd93b2dfaf26d062641e2815a63b00a93f940990fbf8c5fb30177156361f1fe9,projects/distillation/translation/training_data/gold_shards/gold_quality_4x640.shard_01_gold_core_a.jsonl,1000,,,,97,93,1.043,100.0,1095.5,4,4,4,4,0,0,0,0,0,0,0,0,31.5,0.0,0.0,0.0,0.0,31.5,La herrería del pueblo todavía fabrica herramientas agrícolas con métodos tradicionales de forja.,The village blacksmith shop still makes agricultural tools using traditional forging methods.
04,en-es,fdec902a5ea58528872b9d115af19101d81e0cfee912865a85f785e3cb683240,projects/distillation/translation/training_data/gold_shards/gold_quality_4x640.shard_01_gold_core_a.jsonl,1000,,,,84,79,1.0633,100.0,1095.5,4,4,4,4,0,0,0,0,0,0,0,0,31.5,0.0,0.0,0.0,0.0,31.5,The shoemaker stitched the leather sole by hand using a curved awl and waxed thread.,El zapatero cosió la suela de cuero a mano con una lezna curva e hilo encerado.
04,en-es,dbf7327a05ecd93f4f5c918cfcfc98854bec88da27a5346811a14fb1b6f347af,projects/distillation/translation/training_data/gold_shards/gold_quality_4x640.shard_02_gold_core_b.jsonl,1000,,,,61,60,1.0167,98.9286,1094.4286,1,4,4,4,0,0,0,0,0,0,0,0,25.5,0.0,0.2678,0.0,0.0,25.7678,What time is the meeting scheduled to begin tomorrow morning?,¿A qué hora está programada la reunión mañana por la mañana?
04,en-es,928f4bbe34d00b4ea221ee4bee21de14d8cb5a0724b72aee7a7670f56b15fb63,projects/distillation/translation/training_data/gold_shards/gold_quality_4x640.shard_02_gold_core_b.jsonl,1000,,,,60,62,1.0333,99.274,1094.774,1,4,4,4,0,0,0,0,0,0,0,0,25.5,0.0,0.1815,0.0,0.0,25.6815,The city council is debating whether to build a new stadium.,El ayuntamiento está debatiendo si construir un nuevo estadio.
04,en-es,fb5069ca9bc3be1b71027e4f962363b97fa2f711d89084812d6fc1eda54abea1,projects/distillation/translation/training_data/gold_shards/gold_quality_4x640.shard_01_gold_core_a.jsonl,1000,,,,67,61,1.0984,99.2857,1094.7857,1,4,4,4,0,0,0,0,0,0,0,0,25.5,0.0,0.1786,0.0,0.0,25.6786,"Her essay is concise, but every paragraph carries emotional weight.","Su ensayo es conciso, pero cada párrafo tiene peso emocional."
04,en-es,2255cbea1388d6e07d2a2a0199ee7beef105754c354b20e6549575b29b7bb92c,projects/distillation/translation/training_data/gold_shards/gold_quality_4x640.shard_01_gold_core_a.jsonl,1000,,,,60,67,1.1167,99.6311,1095.1311,1,4,4,4,0,0,0,0,0,0,0,0,25.5,0.0,0.0922,0.0,0.0,25.5922,"We can split the bill now, or I can send you my share later.","Podemos dividir la cuenta ahora, o puedo enviarte mi parte después."
04,en-es,3df2448218540c83e53ecf429033472ff75b5baf042e80296b48271c65d5511b,projects/distillation/translation/training_data/gold_shards/gold_quality_4x640.shard_01_gold_core_a.jsonl,1000,,,,60,64,1.0667,99.6311,1095.1311,1,4,4,4,0,0,0,0,0,0,0,0,25.5,0.0,0.0922,0.0,0.0,25.5922,"I'm going to start a new hobby, maybe gardening or painting.","Voy a empezar un nuevo pasatiempo, tal vez jardinería o pintura."
04,en-es,0330c267c1c847daa2fb5332af5b60cda846c900d40b76a64e53c4fa96d5d8fa,projects/distillation/translation/training_data/gold_shards/gold_quality_4x640.shard_02_gold_core_b.jsonl,1000,,,,76,90,1.1842,100.0,1095.5,1,4,4,4,0,0,0,0,0,0,0,0,25.5,0.0,0.0,0.0,0.0,25.5,We need to implement more effective waste management strategies in our city.,Necesitamos implementar estrategias de gestión de residuos más eficaces en nuestra ciudad.
04,en-es,0574240b1e83fcfbc26284d9ce7ff9004c2fba3dbc59601452b9c8f12d1ee7e6,projects/distillation/translation/training_data/gold_shards/gold_quality_4x640.shard_01_gold_core_a.jsonl,1000,,,,83,90,1.0843,100.0,1095.5,1,4,4,4,0,0,0,0,0,0,0,0,25.5,0.0,0.0,0.0,0.0,25.5,The professor asked students to define variables clearly before training the model.,La profesora pidió al alumnado definir variables con claridad antes de entrenar el modelo.
04,es-en,0f3532fa4dff2eacf72a320e840378b131f18952ea2924ae51ad04b937b9e6f1,projects/distillation/translation/training_data/gold_shards/gold_quality_4x640.shard_01_gold_core_a.jsonl,1000,,,,100,102,1.02,100.0,1095.5,1,4,4,4,0,0,0,0,0,0,0,0,25.5,0.0,0.0,0.0,0.0,25.5,La erupción del volcán cubrió de ceniza los pueblos cercanos y obligó a evacuar a miles de personas.,The volcanic eruption covered nearby villages in ash and forced the evacuation of thousands of people.
04,es-en,199c15919b11d1de0a4f6111e8898844cec7e833846c2f2485ae860dc8b325ca,projects/distillation/translation/training_data/gold_shards/gold_quality_4x640.shard_02_gold_core_b.jsonl,1000,,,,83,89,1.0723,100.0,1095.5,1,4,4,4,0,0,0,0,0,0,0,0,25.5,0.0,0.0,0.0,0.0,25.5,La neonatóloga monitorizó al prematuro durante sus primeras horas en la incubadora.,The neonatologist monitored the premature infant during its first hours in the incubator.
04,es-en,1b4524041da96556694dcd718e700b4345e23b2b96b5536d3e5bc56682d93879,projects/distillation/translation/training_data/gold_shards/gold_quality_4x640.shard_02_gold_core_b.jsonl,1000,,,,101,101,1.0,100.0,1095.5,1,4,4,4,0,0,0,0,0,0,0,0,25.5,0.0,0.0,0.0,0.0,25.5,Las próximas elecciones generales decidirán el rumbo político del país para los próximos cuatro años.,The upcoming general elections will decide the country's political direction for the next four years.
04,es-en,1ba0989c3e542c2f09306ab61b21b2a6e33701f3c0627216711d765caf8cff56,projects/distillation/translation/training_data/gold_shards/gold_quality_4x640.shard_01_gold_core_a.jsonl,1000,,,,101,91,1.1099,100.0,1095.5,1,4,4,4,0,0,0,0,0,0,0,0,25.5,0.0,0.0,0.0,0.0,25.5,La nueva ley de vivienda tiene como objetivo principal facilitar el acceso al alquiler a los jóvenes.,The main objective of the new housing law is to facilitate access to rent for young people.
04,en-es,2313a5bdb02daa0fd90cd32e9efb9a88bab37b912f6f8d4392f49803c07a2320,projects/distillation/translation/training_data/gold_shards/gold_quality_4x640.shard_01_gold_core_a.jsonl,1000,,,,69,80,1.1594,100.0,1095.5,1,4,4,4,0,0,0,0,0,0,0,0,25.5,0.0,0.0,0.0,0.0,25.5,The organization provides free legal services to low-income families.,La organización brinda servicios legales gratuitos a familias de bajos ingresos.
04,en-es,26f4ee8ee160a93c5846d74b62627ec87e9c76cb6fcbd661f3d21202ff9f5a6e,projects/distillation/translation/training_data/gold_shards/gold_quality_4x640.shard_01_gold_core_a.jsonl,1000,,,,89,92,1.0337,100.0,1095.5,1,4,4,4,0,0,0,0,0,0,0,0,25.5,0.0,0.0,0.0,0.0,25.5,The weaver threaded the loom with indigo-dyed cotton for the traditional textile pattern.,La tejedora enhebró el telar con algodón teñido de índigo para el patrón textil tradicional.
04,es-en,2b1ca4e0f801912c90bedb6fb332946965289b637b5bb4662fd106b8eb442090,projects/distillation/translation/training_data/gold_shards/gold_quality_4x640.shard_01_gold_core_a.jsonl,1000,,,,78,66,1.1818,100.0,1095.5,1,4,4,4,0,0,0,0,0,0,0,0,25.5,0.0,0.0,0.0,0.0,25.5,La agencia ferroviaria aprobó horarios reforzados para estaciones periféricas.,The rail agency approved reinforced timetables for outer stations.
04,es-en,2d365996a7d8d7402fef1b6b16f6559c603436e4c76a12d930686a2deeec3b23,projects/distillation/translation/training_data/gold_shards/gold_quality_4x640.shard_01_gold_core_a.jsonl,1000,,,,87,86,1.0116,100.0,1095.5,1,4,4,4,0,0,0,0,0,0,0,0,25.5,0.0,0.0,0.0,0.0,25.5,La biblioteca nacional alberga manuscritos de incalculable valor histórico y literario.,The national library houses manuscripts of incalculable historical and literary value.
04,es-en,2fa4631672ad1761b81d4ff4b80562d0269da62300f347431a96de07890b5086,projects/distillation/translation/training_data/gold_shards/gold_quality_4x640.shard_02_gold_core_b.jsonl,1000,,,,94,83,1.1325,100.0,1095.5,1,4,4,4,0,0,0,0,0,0,0,0,25.5,0.0,0.0,0.0,0.0,25.5,La helada tardía arruinó la floración de los almendros y redujo la producción de la temporada.,The late frost ruined the almond tree blossoms and reduced the season's production.
04,es-en,360dc4f9864cf5a7ecd8d6fce11b853ffe66aa90d497b18abd3fcec4478e33e9,projects/distillation/translation/training_data/gold_shards/gold_quality_4x640.shard_01_gold_core_a.jsonl,1000,,,,91,83,1.0964,100.0,1095.5,1,4,4,4,0,0,0,0,0,0,0,0,25.5,0.0,0.0,0.0,0.0,25.5,La historia narra las aventuras de un grupo de exploradores en busca de una ciudad perdida.,The story narrates the adventures of a group of explorers in search of a lost city.
04,es-en,3b46ce2b568ac033fc64cd6d124629e029ea9c83a20e20a8dd2c4ef82b8467e1,projects/distillation/translation/training_data/gold_shards/gold_quality_4x640.shard_02_gold_core_b.jsonl,1000,,,,79,72,1.0972,100.0,1095.5,1,4,4,4,0,0,0,0,0,0,0,0,25.5,0.0,0.0,0.0,0.0,25.5,Especialistas recomiendan desayunos con proteína para sostener energía matinal.,Specialists recommend protein-rich breakfasts to sustain morning energy.
04,en-es,471f81a0c5b6af1735110bd3a1461906ad8361d994c98cc070dea0932b236c58,projects/distillation/translation/training_data/gold_shards/gold_quality_4x640.shard_01_gold_core_a.jsonl,1000,,,,65,73,1.1231,100.0,1095.5,1,4,4,4,0,0,0,0,0,0,0,0,25.5,0.0,0.0,0.0,0.0,25.5,The study highlights the importance of early childhood education.,El estudio destaca la importancia de la educación en la primera infancia.
04,es-en,47ff03a98c35268b1a7679bc2a64c69ee690cc2c56a64d9ba24352ac031dbbb5,projects/distillation/translation/training_data/gold_shards/gold_quality_4x640.shard_01_gold_core_a.jsonl,1000,,,,87,81,1.0741,100.0,1095.5,1,4,4,4,0,0,0,0,0,0,0,0,25.5,0.0,0.0,0.0,0.0,25.5,"Me ha gustado mucho la película que me recomendaste, el final es totalmente inesperado.","I really liked the movie you recommended to me, the ending is totally unexpected."
04,en-es,4bfacb7696f2296fef860e8070610eba1725faa12778e27d3adc9a3500909af0,projects/distillation/translation/training_data/gold_shards/gold_quality_4x640.shard_01_gold_core_a.jsonl,1000,,,,96,91,1.0549,100.0,1095.5,1,4,4,4,0,0,0,0,0,0,0,0,25.5,0.0,0.0,0.0,0.0,25.5,The tattoo artist sterilized the needles and prepared the ink before starting the sleeve design.,La tatuadora esterilizó las agujas y preparó la tinta antes de comenzar el diseño de manga.
04,en-es,5b55492b37a1e5e442294da1e507393a6eac4b3410d3477e8513307e52edf625,projects/distillation/translation/training_data/gold_shards/gold_quality_4x640.shard_01_gold_core_a.jsonl,1000,,,,87,102,1.1724,100.0,1095.5,1,4,4,4,0,0,0,0,0,0,0,0,25.5,0.0,0.0,0.0,0.0,25.5,The sound engineer adjusted the reverb levels during the rehearsal in the concert hall.,El ingeniero de sonido ajustó los niveles de reverberación durante el ensayo en la sala de conciertos.
04,en-es,5c65aa9bbd611a8c1be5424e53db28d154f8a5436565ab4de0c137199709f038,projects/distillation/translation/training_data/gold_shards/gold_quality_4x640.shard_01_gold_core_a.jsonl,1000,,,,71,84,1.1831,100.0,1095.5,1,4,4,4,0,0,0,0,0,0,0,0,25.5,0.0,0.0,0.0,0.0,25.5,We are exploring new ways to reduce our carbon footprint at the office.,Estamos explorando nuevas formas de reducir nuestra huella de carbono en la oficina.
04,es-en,63278fd96db0aaf8b97c3b767d600189bece950d3361c5e2560633f5f1822c2c,projects/distillation/translation/training_data/gold_shards/gold_quality_4x640.shard_02_gold_core_b.jsonl,1000,,,,98,86,1.1395,100.0,1095.5,1,4,4,4,0,0,0,0,0,0,0,0,25.5,0.0,0.0,0.0,0.0,25.5,La solidaridad ciudadana es fundamental para superar las consecuencias de los desastres naturales.,Citizen solidarity is fundamental to overcoming the consequences of natural disasters.
04,en-es,65410ecf9a98652dc8f25c77a9bcc08820acaa8a608a15798cdd96ddabab775c,projects/distillation/translation/training_data/gold_shards/gold_quality_4x640.shard_02_gold_core_b.jsonl,1000,,,,82,77,1.0649,100.0,1095.5,1,4,4,4,0,0,0,0,0,0,0,0,25.5,0.0,0.0,0.0,0.0,25.5,The trade agreement will eliminate barriers to commerce between the two countries.,El acuerdo comercial eliminará las barreras al comercio entre los dos países.
04,es-en,659b825a28b739f47b2adb47add1f898fbfe1e2cadfd7ceef735c2ca5c845960,projects/distillation/translation/training_data/gold_shards/gold_quality_4x640.shard_02_gold_core_b.jsonl,1000,,,,93,84,1.1071,100.0,1095.5,1,4,4,4,0,0,0,0,0,0,0,0,25.5,0.0,0.0,0.0,0.0,25.5,Las acciones de la tecnológica subieron con fuerza tras el anuncio de sus resultados anuales.,The tech company's shares rose sharply after the announcement of its annual results.
04,en-es,6ca88ee06eaedcf3ee93214709625c5c3530c1cd8ab242386ffa32a953f29f8e,projects/distillation/translation/training_data/gold_shards/gold_quality_4x640.shard_01_gold_core_a.jsonl,1000,,,,74,84,1.1351,100.0,1095.5,1,4,4,4,0,0,0,0,0,0,0,0,25.5,0.0,0.0,0.0,0.0,25.5,The water utility announced a leakage detection program for old pipelines.,La empresa de agua anunció un programa de detección de fugas para tuberías antiguas.
04,en-es,6e42f4d2df3818cabb7b03f21ddbf78ae7faecd0c5c0d7f221bfa68027cdf8a3,projects/distillation/translation/training_data/gold_shards/gold_quality_4x640.shard_01_gold_core_a.jsonl,1000,,,,93,100,1.0753,100.0,1095.5,1,4,4,4,0,0,0,0,0,0,0,0,25.5,0.0,0.0,0.0,0.0,25.5,The regulatory framework for digital assets is still evolving across different jurisdictions.,El marco regulatorio para los activos digitales aún está evolucionando en diferentes jurisdicciones.
04,es-en,6f4cc900449b86d937d2d68dc09403f1d668b2f6e39db1bdc8b3092cd46ef62c,projects/distillation/translation/training_data/gold_shards/gold_quality_4x640.shard_02_gold_core_b.jsonl,1000,,,,93,84,1.1071,100.0,1095.5,1,4,4,4,0,0,0,0,0,0,0,0,25.5,0.0,0.0,0.0,0.0,25.5,La fundación ofrece asesoramiento legal gratuito a personas en situación de exclusión social.,The foundation offers free legal advice to people in situations of social exclusion.
04,en-es,7439e0ed86b01bf2154016b85818fdf059f031a21dababfec9fc742587e40c68,projects/distillation/translation/training_data/gold_shards/gold_quality_4x640.shard_02_gold_core_b.jsonl,1000,,,,85,95,1.1176,100.0,1095.5,1,4,4,4,0,0,0,0,0,0,0,0,25.5,0.0,0.0,0.0,0.0,25.5,The social worker connected the family with housing assistance and a local food bank.,La trabajadora social conectó a la familia con ayuda de vivienda y un banco de alimentos local.
04,es-en,7572a7056d83f0a02165e68093c3029f8dcac9dc1e621d2010fc8b93ad8fa037,projects/distillation/translation/training_data/gold_shards/gold_quality_4x640.shard_02_gold_core_b.jsonl,1000,,,,91,87,1.046,100.0,1095.5,1,4,4,4,0,0,0,0,0,0,0,0,25.5,0.0,0.0,0.0,0.0,25.5,La política exterior del país se centra en fortalecer los lazos con sus vecinos regionales.,The country's foreign policy focuses on strengthening ties with its regional neighbors.
04,es-en,795965782b7efbe21c4b786ff2dda48fbb4a5673f4f81cfeaa0b9c3468931f5a,projects/distillation/translation/training_data/gold_shards/gold_quality_4x640.shard_01_gold_core_a.jsonl,1000,,,,95,93,1.0215,100.0,1095.5,1,4,4,4,0,0,0,0,0,0,0,0,25.5,0.0,0.0,0.0,0.0,25.5,Los auditores detectaron irregularidades contables en las filiales de la empresa multinacional.,Auditors detected accounting irregularities in the subsidiaries of the multinational company.
04,es-en,7bf50c0e845381b5933defe499bd25f01ed25a0a66f7a0d7a884d8524d169b7b,projects/distillation/translation/training_data/gold_shards/gold_quality_4x640.shard_02_gold_core_b.jsonl,1000,,,,77,76,1.0132,100.0,1095.5,1,4,4,4,0,0,0,0,0,0,0,0,25.5,0.0,0.0,0.0,0.0,25.5,La universidad firmó acuerdos de intercambio con tres campus internacionales.,The university signed exchange agreements with three international campuses.
04,en-es,7c5136ea32b13dc4452b8bab20ad855025233fd2e88cb205ea1de1010f33d863,projects/distillation/translation/training_data/gold_shards/gold_quality_4x640.shard_02_gold_core_b.jsonl,1000,,,,80,83,1.0375,100.0,1095.5,1,4,4,4,0,0,0,0,0,0,0,0,25.5,0.0,0.0,0.0,0.0,25.5,The veterinarian administered a sedative before examining the dog's injured leg.,La veterinaria administró un sedante antes de examinar la pata lesionada del perro.
04,es-en,7d853275dae7c2187e35c3fd96b0424fd9fa25748301501ea646b796916ea141,projects/distillation/translation/training_data/gold_shards/gold_quality_4x640.shard_01_gold_core_a.jsonl,1000,,,,95,91,1.044,100.0,1095.5,1,4,4,4,0,0,0,0,0,0,0,0,25.5,0.0,0.0,0.0,0.0,25.5,La nueva ley de extranjería busca regularizar la situación de miles de trabajadores temporeros.,The new immigration law seeks to regularize the situation of thousands of seasonal workers.
04,es-en,7f7b37324b1133187acdbd007fecc1cb6b6ef1461336092e8a425d2fe47930d9,projects/distillation/translation/training_data/gold_shards/gold_quality_4x640.shard_02_gold_core_b.jsonl,1000,,,,94,89,1.0562,100.0,1095.5,1,4,4,4,0,0,0,0,0,0,0,0,25.5,0.0,0.0,0.0,0.0,25.5,Las cuevas kársticas del parque natural albergan formaciones de estalactitas de miles de años.,The karst caves in the natural park contain stalactite formations thousands of years old.
04,es-en,816b96e9124373bf2987d032ab6be738259ef3fcccba5e954f8c3f7692a74183,projects/distillation/translation/training_data/gold_shards/gold_quality_4x640.shard_01_gold_core_a.jsonl,1000,,,,100,89,1.1236,100.0,1095.5,1,4,4,4,0,0,0,0,0,0,0,0,25.5,0.0,0.0,0.0,0.0,25.5,La organización humanitaria envía suministros básicos a las zonas afectadas por el conflicto bélico.,The humanitarian organization sends basic supplies to areas affected by the war conflict.
04,es-en,82c05119d4c780b65999fb4e727d274c07daf79345e54bfb172ea464cc13df6f,projects/distillation/translation/training_data/gold_shards/gold_quality_4x640.shard_01_gold_core_a.jsonl,1000,,,,98,83,1.1807,100.0,1095.5,1,4,4,4,0,0,0,0,0,0,0,0,25.5,0.0,0.0,0.0,0.0,25.5,La estación de autobuses estaba abarrotada de gente debido al inicio de las vacaciones de Navidad.,The bus station was crowded with people due to the start of the Christmas holidays.
04,en-es,82da2abcf95537ca61f80e9e9bcc293114d0551f177066e899a3fb9d26628966,projects/distillation/translation/training_data/gold_shards/gold_quality_4x640.shard_02_gold_core_b.jsonl,1000,,,,65,75,1.1538,100.0,1095.5,1,4,4,4,0,0,0,0,0,0,0,0,25.5,0.0,0.0,0.0,0.0,25.5,We chose the overnight ferry to wake up directly in the old city.,Elegimos el ferry nocturno para despertar directamente en el casco antiguo.
04,es-en,8541d047b41515dc4238c0481e89cafd7e5d1fb267bc41c4eaae52abded91fb4,projects/distillation/translation/training_data/gold_shards/gold_quality_4x640.shard_02_gold_core_b.jsonl,1000,,,,91,76,1.1974,100.0,1095.5,1,4,4,4,0,0,0,0,0,0,0,0,25.5,0.0,0.0,0.0,0.0,25.5,La radióloga comparó las imágenes de resonancia magnética con las tomadas seis meses antes.,The radiologist compared the MRI images with those taken six months earlier.
04,es-en,899ae38a828568f0472cc0bc281816e6126dc2abd67c99aac1367dfc87a0f496,projects/distillation/translation/training_data/gold_shards/gold_quality_4x640.shard_02_gold_core_b.jsonl,1000,,,,89,101,1.1348,100.0,1095.5,1,4,4,4,0,0,0,0,0,0,0,0,25.5,0.0,0.0,0.0,0.0,25.5,La densa bruma matutina envolvía los viñedos y solo dejaba ver las cimas de los cipreses.,The thick morning haze enveloped the vineyards and only allowed the tops of the cypresses to be seen.
04,es-en,8d7d4b20f155704dd17319889dae9868737cadba7d9d9d6e25bf1f9d26b08118,projects/distillation/translation/training_data/gold_shards/gold_quality_4x640.shard_02_gold_core_b.jsonl,1000,,,,99,90,1.1,100.0,1095.5,1,4,4,4,0,0,0,0,0,0,0,0,25.5,0.0,0.0,0.0,0.0,25.5,Los microservicios se comunican a través de una red utilizando protocolos ligeros como REST o gRPC.,Microservices communicate over a network using lightweight protocols such as REST or gRPC.
04,en-es,8dc61f547c30e77502951e6192f4bdfe14a4670b237228994cec358c156a0a5a,projects/distillation/translation/training_data/gold_shards/gold_quality_4x640.shard_02_gold_core_b.jsonl,1000,,,,84,98,1.1667,100.0,1095.5,1,4,4,4,0,0,0,0,0,0,0,0,25.5,0.0,0.0,0.0,0.0,25.5,"The potter shaped the wet clay on the wheel, forming a bowl with smooth, even walls.","El alfarero moldeó la arcilla húmeda en el torno, formando un cuenco de paredes lisas y uniformes."
04,en-es,8e88d60c609916a3d4c3c23b16f12762d8b7443126f95cca6d887ffe0fc683cc,projects/distillation/translation/training_data/gold_shards/gold_quality_4x640.shard_01_gold_core_a.jsonl,1000,,,,86,95,1.1047,100.0,1095.5,1,4,4,4,0,0,0,0,0,0,0,0,25.5,0.0,0.0,0.0,0.0,25.5,You should definitely visit the local market if you want to try authentic street food.,Definitivamente deberías visitar el mercado local si quieres probar comida callejera auténtica.
04,es-en,8fdcda99d41bc91831d5acb06b76dd15a679a3292e15b5427929e90968d0beac,projects/distillation/translation/training_data/gold_shards/gold_quality_4x640.shard_01_gold_core_a.jsonl,1000,,,,98,91,1.0769,100.0,1095.5,1,4,4,4,0,0,0,0,0,0,0,0,25.5,0.0,0.0,0.0,0.0,25.5,La fusión entre los dos gigantes farmacéuticos está sujeta a un riguroso escrutinio antimonopolio.,The merger between the two pharmaceutical giants is subject to rigorous antitrust scrutiny.
04,es-en,934b5beb31804b9e0f9ffd93aa36f0c025729d4eaf5a41067a66baa9d2330dd7,projects/distillation/translation/training_data/gold_shards/gold_quality_4x640.shard_02_gold_core_b.jsonl,1000,,,,98,97,1.0103,100.0,1095.5,1,4,4,4,0,0,0,0,0,0,0,0,25.5,0.0,0.0,0.0,0.0,25.5,La escultora modeló la arcilla con las manos desnudas hasta crear un rostro lleno de expresividad.,The sculptor shaped the clay with her bare hands until she created a face full of expressiveness.
04,es-en,966961a7a1deb60f91b8cb83cd244b3aa9088d523112efec80877c0a9e4f3ccf,projects/distillation/translation/training_data/gold_shards/gold_quality_4x640.shard_02_gold_core_b.jsonl,1000,,,,90,90,1.0,100.0,1095.5,1,4,4,4,0,0,0,0,0,0,0,0,25.5,0.0,0.0,0.0,0.0,25.5,La rica historia de la región se manifiesta en la arquitectura de sus pueblos y castillos.,The rich history of the region is manifested in the architecture of its towns and castles.
04,es-en,9787a0d053d7d7a33a7a3cda4ec2fd27b133a38ff07b75af744f212a68d9ffa6,projects/distillation/translation/training_data/gold_shards/gold_quality_4x640.shard_01_gold_core_a.jsonl,1000,,,,92,86,1.0698,100.0,1095.5,1,4,4,4,0,0,0,0,0,0,0,0,25.5,0.0,0.0,0.0,0.0,25.5,La compañía ofrece un excelente plan de pensiones y seguro de vida para todos sus empleados.,The company offers an excellent pension plan and life insurance for all its employees.
04,es-en,9e067585254dc72404390d4a13b21ccfbb69f9d311d7bfc222e7375beda643b3,projects/distillation/translation/training_data/gold_shards/gold_quality_4x640.shard_02_gold_core_b.jsonl,1000,,,,89,79,1.1266,100.0,1095.5,1,4,4,4,0,0,0,0,0,0,0,0,25.5,0.0,0.0,0.0,0.0,25.5,Especialistas recomiendan mantener horarios de sueño estables para reducir fatiga diurna.,Specialists recommend keeping stable sleep schedules to reduce daytime fatigue.
04,es-en,9f71515882609cf7a640fcbc0b142478280359fa13aba4a90ece8a13eae62c06,projects/distillation/translation/training_data/gold_shards/gold_quality_4x640.shard_01_gold_core_a.jsonl,1000,,,,86,86,1.0,100.0,1095.5,1,4,4,4,0,0,0,0,0,0,0,0,25.5,0.0,0.0,0.0,0.0,25.5,La historia de este barrio está estrechamente ligada a la industria naval y al puerto.,The history of this neighborhood is closely linked to the naval industry and the port.
04,es-en,a09b2ce0a9731653eb7afa4a5c17adc327f31b8e703e4c0913d4895df331a471,projects/distillation/translation/training_data/gold_shards/gold_quality_4x640.shard_01_gold_core_a.jsonl,1000,,,,80,85,1.0625,100.0,1095.5,1,4,4,4,0,0,0,0,0,0,0,0,25.5,0.0,0.0,0.0,0.0,25.5,La tipógrafa diseñó un alfabeto original para la portada de la revista cultural.,The typographer designed an original typeface for the cover of the cultural magazine.
04,en-es,a5de56b5daa75921538e2874897a8a948be3c4e5836da1ebb75cca146d8e4a0c,projects/distillation/translation/training_data/gold_shards/gold_quality_4x640.shard_02_gold_core_b.jsonl,1000,,,,87,103,1.1839,100.0,1095.5,1,4,4,4,0,0,0,0,0,0,0,0,25.5,0.0,0.0,0.0,0.0,25.5,The telescope captured images of a distant nebula where stars are currently being born.,El telescopio capturó imágenes de una nebulosa distante donde las estrellas están naciendo actualmente.
04,en-es,adc95542f50e2c689201e01a30b85d8289a0a989b8b45ae3d634fe0222507f4a,projects/distillation/translation/training_data/gold_shards/gold_quality_4x640.shard_01_gold_core_a.jsonl,1000,,,,69,72,1.0435,100.0,1095.5,1,4,4,4,0,0,0,0,0,0,0,0,25.5,0.0,0.0,0.0,0.0,25.5,We bought museum passes online and avoided the queue at the entrance.,Compramos los pases del museo en línea y evitamos la cola de la entrada.
04,en-es,b07eaa41cf25836f03d380fb85ed2063f7afdc788744b6e90fb99c08f7f236c4,projects/distillation/translation/training_data/gold_shards/gold_quality_4x640.shard_01_gold_core_a.jsonl,1000,,,,76,80,1.0526,100.0,1095.5,1,4,4,4,0,0,0,0,0,0,0,0,25.5,0.0,0.0,0.0,0.0,25.5,"The teacher asked us to defend our argument with evidence, not just opinion.","La profesora nos pidió defender el argumento con evidencia, no solo con opinión."
04,en-es,b7323de0c840c87ca51bc83f9277f52bb5c7fbd2b0924e65cdf8d950639ed0eb,projects/distillation/translation/training_data/gold_shards/gold_quality_4x640.shard_02_gold_core_b.jsonl,1000,,,,92,106,1.1522,100.0,1095.5,1,4,4,4,0,0,0,0,0,0,0,0,25.5,0.0,0.0,0.0,0.0,25.5,The professor asked students to build a timeline of events before interpreting the conflict.,La profesora pidió al alumnado construir una línea de tiempo de eventos antes de interpretar el conflicto.
04,en-es,b773d74bf5549a0dada161ff81135240f37bbd21da840da9f9ca120e5f99ca70,projects/distillation/translation/training_data/gold_shards/gold_quality_4x640.shard_01_gold_core_a.jsonl,1000,,,,76,88,1.1579,100.0,1095.5,1,4,4,4,0,0,0,0,0,0,0,0,25.5,0.0,0.0,0.0,0.0,25.5,We took the coastal road at sunset and stopped for empanadas in a tiny town.,Tomamos la carretera costera al atardecer y paramos por empanadas en un pueblo diminuto.
04,en-es,b82e26cb5984b066b78fececda8700a29ba3ab60fbc77c2d639e4d5b8fa5ffe7,projects/distillation/translation/training_data/gold_shards/gold_quality_4x640.shard_01_gold_core_a.jsonl,1000,,,,99,107,1.0808,100.0,1095.5,1,4,4,4,0,0,0,0,0,0,0,0,25.5,0.0,0.0,0.0,0.0,25.5,The typographer chose a serif font with generous line spacing for the printed edition of the novel.,El tipógrafo eligió una fuente con serifas y un interlineado generoso para la edición impresa de la novela.
04,en-es,b87f9b8973ea1c545e6365b768b333eeda77a985b98bf3892690fe3e325f5593,projects/distillation/translation/training_data/gold_shards/gold_quality_4x640.shard_01_gold_core_a.jsonl,1000,,,,101,92,1.0978,100.0,1095.5,1,4,4,4,0,0,0,0,0,0,0,0,25.5,0.0,0.0,0.0,0.0,25.5,The mime artist drew a crowd in the square with nothing but white gloves and exaggerated expressions.,El mimo atrajo a una multitud en la plaza solo con guantes blancos y expresiones exageradas.
04,en-es,b8ea7c5cb7dc4a7bee2c5aadf48c5d595e140d36844bc9a5d6f7c3d0ee789cae,projects/distillation/translation/training_data/gold_shards/gold_quality_4x640.shard_02_gold_core_b.jsonl,1000,,,,69,81,1.1739,100.0,1095.5,1,4,4,4,0,0,0,0,0,0,0,0,25.5,0.0,0.0,0.0,0.0,25.5,The workshop covered citation ethics and responsible use of AI tools.,El taller abordó la ética de citación y el uso responsable de herramientas de IA.
04,en-es,bc9b374c9d78a261490e50d61ded627ea1a55dd7b9111a9e9061f620c2ae03b3,projects/distillation/translation/training_data/gold_shards/gold_quality_4x640.shard_01_gold_core_a.jsonl,1000,,,,78,91,1.1667,100.0,1095.5,1,4,4,4,0,0,0,0,0,0,0,0,25.5,0.0,0.0,0.0,0.0,25.5,The telecommunications industry is undergoing a period of rapid consolidation.,La industria de las telecomunicaciones está atravesando un periodo de rápida consolidación.
04,es-en,bd32474971fbc010dbb0a7c272b968d5e262cb1ae194e80423821c36efbb26a3,projects/distillation/translation/training_data/gold_shards/gold_quality_4x640.shard_02_gold_core_b.jsonl,1000,,,,99,88,1.125,100.0,1095.5,1,4,4,4,0,0,0,0,0,0,0,0,25.5,0.0,0.0,0.0,0.0,25.5,La inversión en educación es la clave para el desarrollo económico a largo plazo de cualquier país.,Investment in education is the key to the long-term economic development of any country.
04,en-es,bd498c26898668f664c1e1ae461114f045f644a7b6ecf6cb9b6e20e8b18c0fac,projects/distillation/translation/training_data/gold_shards/gold_quality_4x640.shard_02_gold_core_b.jsonl,1000,,,,70,76,1.0857,100.0,1095.5,1,4,4,4,0,0,0,0,0,0,0,0,25.5,0.0,0.0,0.0,0.0,25.5,We arrived before dawn and watched fishing boats return to the harbor.,Llegamos antes del amanecer y vimos regresar los barcos pesqueros al puerto.
04,es-en,c5ed37c3aa69df9fbcae87425ec406ba5f76a22c4e0cea7b76c86e8ba24f2782,projects/distillation/translation/training_data/gold_shards/gold_quality_4x640.shard_02_gold_core_b.jsonl,1000,,,,95,85,1.1176,100.0,1095.5,1,4,4,4,0,0,0,0,0,0,0,0,25.5,0.0,0.0,0.0,0.0,25.5,He estado pensando en volver a la universidad para estudiar una segunda carrera el próximo año.,I've been thinking about going back to university to study a second degree next year.
04,en-es,c5ed3ef254b9dd6f8d0f386e3807b921b2f4b9e1291cc3bf871c6f5f8023b0ac,projects/distillation/translation/training_data/gold_shards/gold_quality_4x640.shard_01_gold_core_a.jsonl,1000,,,,77,91,1.1818,100.0,1095.5,1,4,4,4,0,0,0,0,0,0,0,0,25.5,0.0,0.0,0.0,0.0,25.5,The student's hard work and dedication were rewarded with a full scholarship.,El arduo trabajo y la dedicación del estudiante fueron recompensados con una beca completa.
04,en-es,cc14116ba59516d15ce5cdb04740e58bf354fae4fc3dfe5d6831fac5fdf19e7f,projects/distillation/translation/training_data/gold_shards/gold_quality_4x640.shard_02_gold_core_b.jsonl,1000,,,,77,85,1.1039,100.0,1095.5,1,4,4,4,0,0,0,0,0,0,0,0,25.5,0.0,0.0,0.0,0.0,25.5,The tourism board announced shoulder-season discounts for domestic travelers.,La oficina de turismo anunció descuentos de temporada media para viajeros nacionales.
04,es-en,cc5650c5533de4f71fb7463207d5108b6352e6affee2880ac130efb40fe9f5cd,projects/distillation/translation/training_data/gold_shards/gold_quality_4x640.shard_02_gold_core_b.jsonl,1000,,,,92,99,1.0761,100.0,1095.5,1,4,4,4,0,0,0,0,0,0,0,0,25.5,0.0,0.0,0.0,0.0,25.5,La plaga de procesionaria del pino obligó al ayuntamiento a fumigar los bosques periurbanos.,The pine processionary caterpillar plague forced the city council to fumigate the suburban forests.
04,en-es,ce557d910f9e927beb074be59981eb01a0cd318dba6e28bea3751064165bd209,projects/distillation/translation/training_data/gold_shards/gold_quality_4x640.shard_02_gold_core_b.jsonl,1000,,,,85,94,1.1059,100.0,1095.5,1,4,4,4,0,0,0,0,0,0,0,0,25.5,0.0,0.0,0.0,0.0,25.5,The roofer replaced several cracked tiles and sealed the flashing around the chimney.,El techador reemplazó varias tejas agrietadas y selló el vierteaguas alrededor de la chimenea.
04,en-es,dc745b60a24d97b312ea5d1027ff330f5ea7587ef774defa15f6c6d034084507,projects/distillation/translation/training_data/gold_shards/gold_quality_4x640.shard_02_gold_core_b.jsonl,1000,,,,61,66,1.082,100.0,1095.5,1,4,4,4,0,0,0,0,0,0,0,0,25.5,0.0,0.0,0.0,0.0,25.5,"We walked through the old quarter, and found a tiny jazz bar.","Recorrimos el casco antiguo, y encontramos un pequeño bar de jazz."
04,en-es,e036ca4551eeec5fa54e8e6efb2a88defef330611e717b90ebba43577a45c788,projects/distillation/translation/training_data/gold_shards/gold_quality_4x640.shard_02_gold_core_b.jsonl,1000,,,,91,99,1.0879,100.0,1095.5,1,4,4,4,0,0,0,0,0,0,0,0,25.5,0.0,0.0,0.0,0.0,25.5,The taxidermist carefully preserved the plumage of the owl for the natural history exhibit.,El taxidermista conservó cuidadosamente el plumaje del búho para la exposición de historia natural.
04,es-en,e5fe7c363b7dd777bcb8ec9e1e0cc7f07ac422d4292540ece3b382ae723e6943,projects/distillation/translation/training_data/gold_shards/gold_quality_4x640.shard_01_gold_core_a.jsonl,1000,,,,79,67,1.1791,100.0,1095.5,1,4,4,4,0,0,0,0,0,0,0,0,25.5,0.0,0.0,0.0,0.0,25.5,Especialistas recomiendan registrar síntomas diarios para ajustar tratamientos.,Specialists recommend tracking symptoms daily to adjust treatments.
04,en-es,e6618d95d5a29f08e5573d96b179c1c5346eb4f4efda0d4ab59b2bcce2be159a,projects/distillation/translation/training_data/gold_shards/gold_quality_4x640.shard_01_gold_core_a.jsonl,1000,,,,84,94,1.119,100.0,1095.5,1,4,4,4,0,0,0,0,0,0,0,0,25.5,0.0,0.0,0.0,0.0,25.5,You really shouldn't miss the chance to see the sunrise from the top of the pyramid.,Realmente no deberías perderte la oportunidad de ver el amanecer desde la cima de la pirámide.
04,es-en,e82506c9d0578e27450a0b1056968da779cb3f6e0ba6ea4ae5cd22149fef47c2,projects/distillation/translation/training_data/gold_shards/gold_quality_4x640.shard_01_gold_core_a.jsonl,1000,,,,96,90,1.0667,100.0,1095.5,1,4,4,4,0,0,0,0,0,0,0,0,25.5,0.0,0.0,0.0,0.0,25.5,La implementación de energías renovables requiere una infraestructura de red moderna y flexible.,The implementation of renewable energy requires a modern and flexible grid infrastructure.
04,en-es,ebcaa6b31b468b4eebab0be91abc5f13c843202cdcfd28c62cf9f9aa06e0d78e,projects/distillation/translation/training_data/gold_shards/gold_quality_4x640.shard_02_gold_core_b.jsonl,1000,,,,61,71,1.1639,100.0,1095.5,1,4,4,4,0,0,0,0,0,0,0,0,25.5,0.0,0.0,0.0,0.0,25.5,"We booked seats by the window, and saw snow on distant peaks.","Reservamos asientos junto a la ventana, y vimos nieve en picos lejanos."
04,en-es,ef1dd969faf05e27f2b7d5836be9d9643979d8b736b60b94eb7cb64de959e024,projects/distillation/translation/training_data/gold_shards/gold_quality_4x640.shard_02_gold_core_b.jsonl,1000,,,,72,83,1.1528,100.0,1095.5,1,4,4,4,0,0,0,0,0,0,0,0,25.5,0.0,0.0,0.0,0.0,25.5,The renewable energy sector is creating thousands of new jobs each year.,El sector de las energías renovables está creando miles de nuevos empleos cada año.
04,en-es,f068366f80f16fbd84a5b9c4d54d530ac381894eb45ab42f9c3fd157c002540b,projects/distillation/translation/training_data/gold_shards/gold_quality_4x640.shard_01_gold_core_a.jsonl,1000,,,,78,85,1.0897,100.0,1095.5,1,4,4,4,0,0,0,0,0,0,0,0,25.5,0.0,0.0,0.0,0.0,25.5,The professor posted sample answers so students could compare their reasoning.,El profesor publicó respuestas modelo para que el alumnado comparara su razonamiento.
04,en-es,fb0dbd4e2c551005bfb574a5497184456a6e12eace9c52436aa77ad8b506566c,projects/distillation/translation/training_data/gold_shards/gold_quality_4x640.shard_02_gold_core_b.jsonl,1000,,,,98,86,1.1395,100.0,1095.5,1,4,4,4,0,0,0,0,0,0,0,0,25.5,0.0,0.0,0.0,0.0,25.5,The upholsterer stripped the old fabric from the armchair and measured the frame for new cushions.,El tapicero retiró la tela vieja del sillón y midió la estructura para cojines nuevos.
04,es-en,fde6463124cd1a4db77eb57bb9f3e820d66994f9ac77c0694037e79c15092298,projects/distillation/translation/training_data/gold_shards/gold_quality_4x640.shard_02_gold_core_b.jsonl,1000,,,,90,80,1.125,100.0,1095.5,1,4,4,4,0,0,0,0,0,0,0,0,25.5,0.0,0.0,0.0,0.0,25.5,"Llegaré en unos quince minutos, estoy esperando a que pase el siguiente tren de cercanías.","I'll be there in about fifteen minutes, I'm waiting for the next commuter train."
