0.00 0
0.01 29
0.02 53
0.03 72
0.04 90
0.05 106
0.06 121
0.07 137
0.08 154
0.09 169
0.10 184
0.11 198
0.12 212
0.13 230
0.14 248
0.15 266
0.16 283
0.17 297
0.18 315
0.19 329
0.20 346
0.21 362
0.22 379
0.23 394
0.24 410
0.26 424
0.27 437
0.28 447
0.29 460
0.30 474
0.31 488
0.32 501
0.33 513
0.34 526
0.35 539
0.36 555
0.37 568
0.38 582
0.39 593
0.40 613
0.41 628
0.42 642
0.43 653
0.44 667
0.45 680
0.46 691
0.47 705
0.48 722
0.49 737
0.50 753
0.51 765
0.52 777
0.53 793
0.54 808
0.55 823
0.56 834
0.57 848
0.58 863
0.59 879
0.60 891
0.61 906
0.62 917
0.63 930
0.64 943
0.65 957
0.66 970
0.67 986
0.68 1000
0.69 1014
0.70 1028
0.71 1040
0.72 1053
0.73 1068
0.75 1080
0.76 1092
0.77 1107
0.78 1119
0.79 1134
0.80 1147
0.81 1161
0.82 1174
0.83 1191
0.84 1203
0.85 1217
0.86 1229
0.87 1240
0.88 1253
0.89 1265
0.90 1275
0.91 1287
0.92 1297
0.93 1309
0.94 1320
0.95 1334
0.96 1347
0.97 1356
0.98 1370
0.99 1382
1.00 1395
1.01 1406
1.02 1419
1.03 1434
1.04 1446
1.05 1456
1.06 1469
1.07 1483
1.08 1496
1.09 1515
1.10 1528
1.11 1542
1.12 1553
1.13 1567
1.14 1582
1.15 1597
1.16 1610
1.17 1626
1.18 1643
1.19 1659
1.20 1675
1.21 1688
1.22 1704
1.24 1717
1.25 1732
1.26 1745
1.27 1757
1.28 1771
1.29 1783
1.30 1796
1.31 1810
1.32 1822
1.33 1834
1.34 1844
1.35 1854
1.36 1869
1.37 1882
1.38 1893
1.39 1907
1.40 1922
1.41 1935
1.42 1947
1.43 1959
1.44 1972
1.45 1982
1.46 1987
1.47 1994
1.48 2003
1.49 2011
1.50 2017
1.51 2023
1.52 2034
1.53 2049
1.54 2062
1.55 2073
1.56 2082
1.57 2095
1.58 2105
1.59 2114
1.60 2128
1.61 2136
1.62 2142
1.63 2152
1.64 2163
1.65 2175
1.66 2188
1.67 2198
1.68 2209
1.69 2218
1.70 2226
1.71 2233
1.73 2244
1.74 2254
1.75 2266
1.76 2276
1.77 2290
1.78 2301
1.79 2311
1.80 2316
1.81 2326
1.82 2337
1.83 2347
1.84 2355
1.85 2367
1.86 2378
1.87 2388
1.88 2399
1.89 2409
1.90 2416
1.91 2426
1.92 2439
1.93 2452
1.94 2461
1.95 2472
1.96 2483
1.97 2494
1.98 2506
1.99 2515
2.00 2523
2.01 2537
2.02 2548
2.03 2555
2.04 2566
2.05 2575
2.06 2584
2.07 2593
2.08 2603
2.09 2613
2.10 2623
2.11 2632
2.12 2643
2.13 2652
2.14 2661
2.15 2671
2.16 2685
2.17 2696
2.18 2706
2.19 2716
2.20 2725
2.22 2735
2.23 2747
2.24 2761
2.25 2774
2.26 2784
2.27 2792
2.28 2804
2.29 2818
2.30 2829
2.31 2837
2.32 2848
2.33 2863
2.34 2876
2.35 2892
2.36 2906
2.37 2921
2.38 2937
2.39 2951
2.40 2967
2.41 2981
2.42 2994
2.43 3009
2.44 3026
2.45 3041
2.46 3055
2.47 3071
2.48 3086
2.49 3102
2.50 3116
2.51 3131
2.52 3144
2.53 3158
2.54 3173
2.55 3186
2.56 3201
2.57 3214
2.58 3229
2.59 3242
2.60 3256
2.61 3273
2.62 3289
2.63 3305
2.64 3318
2.65 3334
2.66 3349
2.67 3364
2.68 3379
2.69 3392
2.71 3404
2.72 3419
2.73 3432
2.74 3449
2.75 3462
2.76 3475
2.77 3489
2.78 3504
2.79 3519
2.80 3536
2.81 3549
2.82 3565
2.83 3581
2.84 3596
2.85 3614
2.86 3628
2.87 3642
2.88 3655
2.89 3669
2.90 3684
2.91 3697
2.92 3712
2.93 3728
2.94 3743
2.95 3757
2.96 3772
2.97 3788
2.98 3801
2.99 3816
3.00 3830
3.01 3845
3.02 3861
3.03 3875
3.04 3887
3.05 3902
3.06 3912
3.07 3923
3.08 3935
3.09 3945
3.10 3955
3.11 3969
3.12 3981
3.13 3992
3.14 4002
3.15 4013
3.16 4023
3.17 4036
3.18 4049
3.20 4062
3.21 4073
3.22 4084
3.23 4095
3.24 4106
3.25 4116
3.26 4126
3.27 4137
3.28 4150
3.29 4165
3.30 4174
3.31 4185
3.32 4198
3.33 4208
3.34 4223
3.35 4235
3.36 4246
3.37 4262
3.38 4277
3.39 4290
3.40 4302
3.41 4316
3.42 4328
3.43 4342
3.44 4351
3.45 4362
3.46 4377
3.47 4389
3.48 4401
3.49 4414
3.50 4423
3.51 4435
3.52 4449
3.53 4461
3.54 4475
3.55 4490
3.56 4504
3.57 4517
3.58 4529
3.59 4541
3.60 4553
3.61 4564
3.62 4577
3.63 4588
3.64 4603
3.65 4614
3.66 4627
3.67 4641
3.69 4653
3.70 4663
3.71 4675
3.72 4688
3.73 4702
3.74 4711
3.75 4722
3.76 4733
3.77 4744
3.78 4757
3.79 4767
3.80 4778
3.81 4792
3.82 4806
3.83 4819
3.84 4832
3.85 4844
3.86 4857
3.87 4871
3.88 4883
3.89 4897
3.90 4908
3.91 4917
3.92 4929
3.93 4944
3.94 4956
3.95 4966
3.96 4977
3.97 4989
3.98 4998
3.99 5011
4.00 5025
4.01 5037
4.02 5051
4.03 5062
4.04 5072
4.05 5084
4.06 5097
4.07 5107
4.08 5119
4.09 5126
4.10 5137
4.11 5153
4.12 5170
4.13 5182
4.14 5194
4.15 5208
4.16 5219
4.18 5233
4.19 5245
4.20 5260
4.21 5275
4.22 5287
4.23 5300
4.24 5313
4.25 5328
4.26 5341
4.27 5357
4.28 5371
4.29 5382
4.30 5395
4.31 5406
4.32 5419
4.33 5433
4.34 5448
4.35 5463
4.36 5476
4.37 5489
4.38 5502
4.39 5513
4.40 5528
4.41 5540
4.42 5553
4.43 5566
4.44 5575
4.45 5589
4.46 5599
4.47 5613
4.48 5629
4.49 5641
4.50 5654
4.51 5669
4.52 5680
4.53 5694
4.54 5707
4.55 5721
4.56 5735
4.57 5749
4.58 5761
4.59 5772
4.60 5786
4.61 5800
4.62 5812
4.63 5823
4.64 5837
4.65 5848
4.67 5862
4.68 5874
4.69 5886
4.70 5898
4.71 5908
4.72 5920
4.73 5928
4.74 5942
4.75 5954
4.76 5969
4.77 5980
4.78 5989
4.79 5999
4.80 6010
4.81 6021
4.82 6031
4.83 6044
4.84 6059
4.85 6070
4.86 6085
4.87 6097
4.88 6108
4.89 6120
4.90 6134
4.91 6148
4.92 6163
4.93 6176
4.94 6189
4.95 6200
4.96 6213
4.97 6226
4.98 6238
4.99 6248
5.00 6260
5.01 6274
5.02 6286
5.03 6299
5.04 6313
5.05 6325
5.06 6337
5.07 6352
5.08 6362
5.09 6378
5.10 6387
5.11 6397
5.12 6409
5.13 6422
5.14 6434
5.16 6448
5.17 6461
5.18 6472
5.19 6486
5.20 6501
5.21 6513
5.22 6526
5.23 6539
5.24 6547
5.25 6558
5.26 6572
5.27 6585
5.28 6596
5.29 6606
5.30 6615
5.31 6628
5.32 6635
5.33 6646
5.34 6655
5.35 6666
5.36 6676
5.37 6688
5.38 6696
5.39 6705
5.40 6718
5.41 6730
5.42 6739
5.43 6751
5.44 6762
5.45 6772
5.46 6782
5.47 6790
5.48 6802
5.49 6810
5.50 6820
5.51 6830
5.52 6841
5.53 6853
5.54 6859
5.55 6870
5.56 6881
5.57 6890
5.58 6901
5.59 6917
5.60 6930
5.61 6939
5.62 6955
5.63 6967
5.64 6978
5.66 6991
5.67 7004
5.68 7015
5.69 7027
5.70 7040
5.71 7052
5.72 7065
5.73 7080
5.74 7095
5.75 7106
5.76 7119
5.77 7128
5.78 7142
5.79 7156
5.80 7166
5.81 7176
5.82 7187
5.83 7197
5.84 7207
5.85 7215
5.86 7224
5.87 7234
5.88 7246
5.89 7260
5.90 7273
5.91 7286
5.92 7300
5.93 7314
5.94 7327
5.95 7340
5.96 7355
5.97 7368
5.98 7384
5.99 7395
6.00 7407
6.01 7418
6.02 7426
6.03 7437
6.04 7445
6.05 7456
6.06 7466
6.07 7476
6.08 7483
6.09 7493
6.10 7501
6.11 7508
6.12 7518
6.13 7528
6.15 7535
6.16 7542
6.17 7553
6.18 7564
6.19 7573
6.20 7586
6.21 7599
6.22 7611
6.23 7621
6.24 7630
6.25 7642
6.26 7655
6.27 7667
6.28 7677
6.29 7687
6.30 7699
6.31 7709
6.32 7720
6.33 7731
6.34 7741
6.35 7752
6.36 7765
6.37 7775
6.38 7787
6.39 7799
6.40 7813
6.41 7827
6.42 7837
6.43 7850
6.44 7864
6.45 7879
6.46 7889
6.47 7905
6.48 7916
6.49 7931
6.50 7944
6.51 7956
6.52 7968
6.53 7982
6.54 7994
6.55 8007
6.56 8018
6.57 8028
6.58 8038
6.59 8049
6.60 8060
6.61 8070
6.62 8082
6.64 8095
6.65 8104
6.66 8118
6.67 8132
6.68 8142
6.69 8157
6.70 8166
6.71 8177
6.72 8191
6.73 8206
6.74 8219
6.75 8235
6.76 8248
6.77 8260
6.78 8270
6.79 8284
6.80 8298
6.81 8311
6.82 8323
6.83 8334
6.84 8345
6.85 8357
6.86 8367
6.87 8377
6.88 8389
6.89 8401
6.90 8414
6.91 8422
6.92 8433
6.93 8444
6.94 8455
6.95 8470
6.96 8479
6.97 8490
6.98 8501
6.99 8515
7.00 8526
7.01 8539
7.02 8550
7.03 8562
7.04 8577
7.05 8590
7.06 8603
7.07 8617
7.08 8632
7.09 8640
7.10 8647
7.11 8659
7.13 8670
7.14 8680
7.15 8693
7.16 8707
7.17 8718
7.18 8727
7.19 8742
7.20 8754
7.21 8762
7.22 8770
7.23 8779
7.24 8792
7.25 8805
7.26 8818
7.27 8829
7.28 8842
7.29 8858
7.30 8874
7.31 8886
7.32 8901
7.33 8915
7.34 8929
7.35 8941
7.36 8955
7.37 8970
7.38 8985
7.39 8999
7.40 9014
7.41 9027
7.42 9042
7.43 9056
7.44 9069
7.45 9083
7.46 9097
7.47 9107
7.48 9116
7.49 9124
7.50 9133
7.51 9141
7.52 9152
7.53 9162
7.54 9172
7.55 9180
7.56 9189
7.57 9198
7.58 9204
7.59 9210
7.60 9216
7.62 9224
7.63 9230
7.64 9240
7.65 9245
7.66 9250
7.67 9258
7.68 9264
7.69 9275
7.70 9284
7.71 9290
7.72 9299
7.73 9307
7.74 9314
7.75 9322
7.76 9331
7.77 9339
7.78 9348
7.79 9358
7.80 9363
7.81 9370
7.82 9378
7.83 9387
7.84 9394
7.85 9403
7.86 9411
7.87 9417
7.88 9424
7.89 9430
7.90 9437
7.91 9447
7.92 9459
7.93 9467
7.94 9475
7.95 9483
7.96 9490
7.97 9504
7.98 9513
7.99 9520
8.00 9526
8.01 9537
8.02 9548
8.03 9560
8.04 9571
8.05 9579
8.06 9587
8.07 9597
8.08 9606
8.09 9613
8.11 9622
8.12 9628
8.13 9636
8.14 9645
8.15 9654
8.16 9660
8.17 9668
8.18 9676
8.19 9683
8.20 9692
8.21 9698
8.22 9707
8.23 9714
8.24 9721
8.25 9733
8.26 9743
8.27 9752
8.28 9759
8.29 9771
8.30 9785
8.31 9800
8.32 9815
8.33 9829
8.34 9842
8.35 9854
8.36 9868
8.37 9881
8.38 9894
8.39 9903
8.40 9917
8.41 9930
8.42 9944
8.43 9958
8.44 9972
8.45 9989
8.46 10002
8.47 10014
8.48 10029
8.49 10040
8.50 10056
8.51 10069
8.52 10082
8.53 10097
8.54 10110
8.55 10128
8.56 10142
8.57 10157
8.58 10171
8.60 10185
8.61 10199
8.62 10210
8.63 10224
8.64 10238
8.65 10252
8.66 10265
8.67 10279
8.68 10292
8.69 10306
8.70 10321
8.71 10334
8.72 10346
8.73 10356
8.74 10368
8.75 10378
8.76 10389
8.77 10397
8.78 10406
8.79 10417
8.80 10426
8.81 10437
8.82 10446
8.83 10456
8.84 10472
8.85 10483
8.86 10497
8.87 10508
8.88 10520
8.89 10534
8.90 10545
8.91 10558
8.92 10567
8.93 10579
8.94 10593
8.95 10607
8.96 10621
8.97 10636
8.98 10644
8.99 10654
9.00 10668
9.01 10679
9.02 10691
9.03 10707
9.04 10724
9.05 10741
9.06 10756
9.07 10772
9.09 10790
9.10 10806
9.11 10823
9.12 10837
9.13 10854
9.14 10872
9.15 10887
9.16 10903
9.17 10917
9.18 10933
9.19 10950
9.20 10965
9.21 10980
9.22 10994
9.23 11011
9.24 11027
9.25 11044
9.26 11061
9.27 11076
9.28 11095
9.29 11112
9.30 11128
9.31 11142
9.32 11161
9.33 11176
9.34 11192
9.35 11208
9.36 11223
9.37 11240
9.38 11256
9.39 11270
9.40 11288
9.41 11305
9.42 11322
9.43 11340
9.44 11357
9.45 11372
9.46 11388
9.47 11401
9.48 11418
9.49 11433
9.50 11447
9.51 11464
9.52 11480
9.53 11497
9.54 11510
9.55 11526
9.56 11542
9.58 11557
9.59 11574
9.60 11592
9.61 11607
9.62 11623
9.63 11638
9.64 11654
9.65 11670
9.66 11684
9.67 11697
9.68 11712
9.69 11727
9.70 11741
9.71 11755
9.72 11772
9.73 11786
9.74 11802
9.75 11814
9.76 11831
9.77 11845
9.78 11859
9.79 11876
9.80 11893
9.81 11910
9.82 11925
9.83 11940
9.84 11954
9.85 11968
9.86 11983
9.87 11999
9.88 12013
9.89 12030
9.90 12044
9.91 12059
9.92 12072
9.93 12081
9.94 12092
9.95 12104
9.96 12118
9.97 12128
9.98 12137
9.99 12146
10.00 12153
10.01 12161
10.02 12171
10.03 12178
10.04 12187
10.05 12200
10.07 12209
10.08 12220
10.09 12234
10.10 12246
10.11 12258
10.12 12269
10.13 12277
10.14 12290
10.15 12301
10.16 12315
10.17 12325
10.18 12333
10.19 12341
10.20 12349
10.21 12360
10.22 12373
10.23 12382
10.24 12388
10.25 12394
10.26 12402
10.27 12411
10.28 12420
10.29 12428
10.30 12437
10.31 12445
10.32 12456
10.33 12463
10.34 12468
10.35 12475
10.36 12485
10.37 12493
10.38 12500
10.39 12511
10.40 12517
10.41 12522
10.42 12528
10.43 12540
10.44 12553
10.45 12561
10.46 12567
10.47 12576
10.48 12585
10.49 12593
10.50 12598
10.51 12607
10.52 12617
10.53 12627
10.54 12634
10.56 12643
10.57 12650
10.58 12657
10.59 12666
10.60 12673
10.61 12683
10.62 12692
10.63 12701
10.64 12709
10.65 12716
10.66 12729
10.67 12739
10.68 12749
10.69 12758
10.70 12768
10.71 12779
10.72 12790
10.73 12797
10.74 12804
10.75 12815
10.76 12826
10.77 12838
10.78 12847
10.79 12858
10.80 12869
10.81 12879
10.82 12888
10.83 12895
10.84 12904
10.85 12915
10.86 12924
10.87 12935
10.88 12943
10.89 12955
10.90 12961
10.91 12971
10.92 12980
10.93 12992
10.94 12999
10.95 13008
10.96 13017
10.97 13023
10.98 13033
10.99 13043
11.00 13053
11.01 13062
11.02 13070
11.03 13077
11.04 13089
11.06 13097
11.07 13108
11.08 13119
11.09 13129
11.10 13141
11.11 13151
11.12 13159
11.13 13169
11.14 13180
11.15 13190
11.16 13199
11.17 13212
11.18 13221
11.19 13234
11.20 13242
11.21 13254
11.22 13264
11.23 13270
11.24 13276
11.25 13284
11.26 13292
11.27 13300
11.28 13310
11.29 13322
11.30 13330
11.31 13342
11.32 13348
11.33 13356
11.34 13364
11.35 13373
11.36 13381
11.37 13395
11.38 13403
11.39 13412
11.40 13417
11.41 13429
11.42 13438
11.43 13445
11.44 13450
11.45 13461
11.46 13472
11.47 13477
11.48 13482
11.49 13490
11.50 13499
11.51 13512
11.52 13521
11.53 13531
11.55 13542
11.56 13554
11.57 13570
11.58 13581
11.59 13594
11.60 13605
11.61 13613
11.62 13622
11.63 13630
11.64 13635
11.65 13641
11.66 13648
11.67 13656
11.68 13666
11.69 13675
11.70 13683
11.71 13693
11.72 13704
11.73 13713
11.74 13723
11.75 13731
11.76 13741
11.77 13748
11.78 13759
11.79 13766
11.80 13775
11.81 13787
11.82 13795
11.83 13804
11.84 13812
11.85 13817
11.86 13825
11.87 13833
11.88 13839
11.89 13846
11.90 13854
11.91 13862
11.92 13870
11.93 13880
11.94 13891
11.95 13900
11.96 13909
11.97 13920
11.98 13932
11.99 13943
12.00 13953
12.01 13963
12.02 13972
12.04 13978
12.05 13984
12.06 13994
12.07 14004
12.08 14012
12.09 14023
12.10 14031
12.11 14044
12.12 14052
12.13 14060
12.14 14069
12.15 14078
12.16 14088
12.17 14097
12.18 14106
12.19 14116
12.20 14125
12.21 14134
12.22 14145
12.23 14154
12.24 14162
12.25 14172
12.26 14180
12.27 14189
12.28 14196
12.29 14203
12.30 14215
12.31 14225
12.32 14237
12.33 14246
12.34 14257
12.35 14265
12.36 14273
12.37 14282
12.38 14288
12.39 14297
12.40 14307
12.41 14316
12.42 14325
12.43 14331
12.44 14340
12.45 14351
12.46 14364
12.47 14375
12.48 14383
12.49 14395
12.50 14407
12.51 14416
12.53 14427
12.54 14436
12.55 14446
12.56 14455
12.57 14468
12.58 14476
12.59 14485
12.60 14494
12.61 14504
12.62 14513
12.63 14526
12.64 14535
12.65 14545
12.66 14557
12.67 14572
12.68 14583
12.69 14593
12.70 14609
12.71 14622
12.72 14635
12.73 14647
12.74 14660
12.75 14670
12.76 14684
12.77 14697
12.78 14707
12.79 14721
12.80 14734
12.81 14746
12.82 14757
12.83 14769
12.84 14782
12.85 14794
12.86 14807
12.87 14819
12.88 14830
12.89 14843
12.90 14854
12.91 14862
12.92 14876
12.93 14888
12.94 14899
12.95 14910
12.96 14924
12.97 14934
12.98 14944
12.99 14954
13.00 14965
13.02 14977
13.03 14986
13.04 14998
13.05 15006
13.06 15016
13.07 15023
13.08 15035
13.09 15049
13.10 15061
13.11 15071
13.12 15081
13.13 15090
13.14 15103
13.15 15117
13.16 15132
13.17 15145
13.18 15155
13.19 15163
13.20 15173
13.21 15184
13.22 15196
13.23 15204
13.24 15214
13.25 15228
13.26 15238
13.27 15245
13.28 15254
13.29 15267
13.30 15278
13.31 15291
13.32 15306
13.33 15316
13.34 15331
13.35 15341
13.36 15350
13.37 15361
13.38 15372
13.39 15384
13.40 15395
13.41 15407
13.42 15415
13.43 15424
13.44 15434
13.45 15445
13.46 15456
13.47 15468
13.48 15481
13.49 15495
13.51 15503
13.52 15515
13.53 15528
13.54 15537
13.55 15549
13.56 15563
13.57 15576
13.58 15588
13.59 15598
13.60 15610
13.61 15623
13.62 15635
13.63 15645
13.64 15657
13.65 15668
13.66 15682
13.67 15694
13.68 15706
13.69 15719
13.70 15733
13.71 15744
13.72 15760
13.73 15771
13.74 15783
13.75 15794
13.76 15806
13.77 15816
13.78 15827
13.79 15840
13.80 15853
13.81 15865
13.82 15877
13.83 15888
13.84 15899
13.85 15912
13.86 15922
13.87 15934
13.88 15944
13.89 15956
13.90 15968
13.91 15976
13.92 15985
13.93 15996
13.94 16008
13.95 16019
13.96 16029
13.97 16040
13.98 16052
14.00 16065
14.01 16077
14.02 16089
14.03 16102
14.04 16112
14.05 16124
14.06 16135
14.07 16149
14.08 16160
14.09 16170
14.10 16180
14.11 16192
14.12 16205
14.13 16216
14.14 16229
14.15 16241
14.16 16255
14.17 16266
14.18 16277
14.19 16288
14.20 16299
14.21 16313
14.22 16325
14.23 16335
14.24 16345
14.25 16358
14.26 16369
14.27 16379
14.28 16390
14.29 16398
14.30 16408
14.31 16420
14.32 16430
14.33 16444
14.34 16453
14.35 16465
14.36 16475
14.37 16485
14.38 16496
14.39 16507
14.40 16520
14.41 16528
14.42 16540
14.43 16549
14.44 16559
14.45 16569
14.46 16578
14.47 16588
14.49 16596
14.50 16606
14.51 16619
14.52 16630
14.53 16640
14.54 16649
14.55 16659
14.56 16669
14.57 16678
14.58 16687
14.59 16696
14.60 16704
14.61 16714
14.62 16725
14.63 16735
14.64 16743
14.65 16751
14.66 16760
14.67 16771
14.68 16782
14.69 16792
14.70 16798
14.71 16809
14.72 16817
14.73 16827
14.74 16838
14.75 16848
14.76 16857
14.77 16865
14.78 16876
14.79 16885
14.80 16897
14.81 16909
14.82 16920
14.83 16932
14.84 16940
14.85 16949
14.86 16960
14.87 16968
14.88 16977
14.89 16988
14.90 16998
14.91 17009
14.92 17022
14.93 17031
14.94 17041
14.95 17052
14.96 17061
14.98 17070
14.99 17079
15.00 17087
15.01 17096
15.02 17107
15.03 17113
15.04 17124
15.05 17134
15.06 17146
15.07 17157
15.08 17164
15.09 17173
15.10 17187
15.11 17196
15.12 17205
15.13 17216
15.14 17225
15.15 17236
15.16 17252
15.17 17261
15.18 17272
15.19 17287
15.20 17300
15.21 17311
15.22 17326
15.23 17337
15.24 17352
15.25 17363
15.26 17375
15.27 17387
15.28 17396
15.29 17406
15.30 17419
15.31 17430
15.32 17443
15.33 17458
15.34 17471
15.35 17482
15.36 17494
15.37 17507
15.38 17519
15.39 17530
15.40 17542
15.41 17552
15.42 17562
15.43 17574
15.44 17586
15.45 17600
15.47 17610
15.48 17620
15.49 17630
15.50 17642
15.51 17651
15.52 17663
15.53 17671
15.54 17679
15.55 17693
15.56 17707
15.57 17715
15.58 17724
15.59 17738
15.60 17749
15.61 17760
15.62 17772
15.63 17784
15.64 17795
15.65 17804
15.66 17814
15.67 17823
15.68 17832
15.69 17844
15.70 17854
15.71 17864
15.72 17876
15.73 17885
15.74 17896
15.75 17906
15.76 17915
15.77 17923
15.78 17938
15.79 17947
15.80 17957
15.81 17968
15.82 17981
15.83 17993
15.84 18010
15.85 18024
15.86 18037
15.87 18048
15.88 18060
15.89 18070
15.90 18082
15.91 18093
15.92 18106
15.93 18118
15.94 18130
15.96 18142
15.97 18154
15.98 18165
15.99 18175
16.00 18184
16.01 18197
16.02 18211
16.03 18225
16.04 18238
16.05 18251
16.06 18264
16.07 18272
16.08 18284
16.09 18295
16.10 18306
16.11 18316
16.12 18330
16.13 18343
16.14 18354
16.15 18365
16.16 18377
16.17 18387
16.18 18400
16.19 18413
16.20 18425
16.21 18437
16.22 18449
16.23 18457
16.24 18466
16.25 18476
16.26 18487
16.27 18498
16.28 18508
16.29 18521
16.30 18534
16.31 18546
16.32 18554
16.33 18563
16.34 18573
16.35 18586
16.36 18596
16.37 18607
16.38 18617
16.39 18629
16.40 18642
16.41 18653
16.42 18663
16.43 18677
16.44 18688
16.46 18700
16.47 18711
16.48 18719
16.49 18731
16.50 18742
16.51 18755
16.52 18766
16.53 18780
16.54 18788
16.55 18800
16.56 18808
16.57 18821
16.58 18832
16.59 18842
16.60 18854
16.61 18864
16.62 18876
16.63 18885
16.64 18895
16.65 18907
16.66 18918
16.67 18930
16.68 18942
16.69 18951
16.70 18963
16.71 18974
16.72 18986
16.73 18997
16.74 19009
16.75 19022
16.76 19036
16.77 19048
16.78 19060
16.79 19072
16.80 19086
16.81 19097
16.82 19110
16.83 19121
16.84 19130
16.85 19142
16.86 19153
16.87 19165
16.88 19175
16.89 19185
16.90 19199
16.91 19210
16.92 19222
16.93 19235
16.95 19247
16.96 19258
16.97 19270
16.98 19282
16.99 19293
17.00 19306
17.01 19317
17.02 19330
17.03 19343
17.04 19357
17.05 19370
17.06 19382
17.07 19392
17.08 19405
17.09 19415
17.10 19428
17.11 19442
17.12 19454
17.13 19464
17.14 19474
17.15 19486
17.16 19499
17.17 19509
17.18 19518
17.19 19532
17.20 19542
17.21 19552
17.22 19565
17.23 19574
17.24 19587
17.25 19597
17.26 19607
17.27 19619
17.28 19631
17.29 19642
17.30 19654
17.31 19666
17.32 19680
17.33 19691
17.34 19708
17.35 19719
17.36 19731
17.37 19741
17.38 19751
17.39 19763
17.40 19774
17.41 19788
17.42 19802
17.44 19813
17.45 19825
17.46 19835
17.47 19844
17.48 19854
17.49 19867
17.50 19878
17.51 19889
17.52 19900
17.53 19912
17.54 19922
17.55 19931
17.56 19941
17.57 19951
17.58 19963
17.59 19973
17.60 19985
17.61 19996
17.62 20007
17.63 20021
17.64 20033
17.65 20046
17.66 20057
17.67 20069
17.68 20083
17.69 20096
17.70 20107
17.71 20118
17.72 20129
17.73 20140
17.74 20150
17.75 20165
17.76 20174
17.77 20185
17.78 20195
17.79 20207
17.80 20217
17.81 20225
17.82 20237
17.83 20247
17.84 20257
17.85 20266
17.86 20273
17.87 20284
17.88 20293
17.89 20304
17.90 20317
17.91 20328
17.93 20339
17.94 20352
17.95 20363
17.96 20374
17.97 20385
17.98 20396
17.99 20407
18.00 20419
18.01 20429
18.02 20441
18.03 20453
18.04 20464
18.05 20474
18.06 20484
18.07 20497
18.08 20510
18.09 20521
18.10 20532
18.11 20544
18.12 20551
18.13 20561
18.14 20570
18.15 20582
18.16 20594
18.17 20604
18.18 20616
18.19 20629
18.20 20641
18.21 20653
18.22 20667
18.23 20677
18.24 20689
18.25 20701
18.26 20713
18.27 20724
18.28 20734
18.29 20744
18.30 20757
18.31 20765
18.32 20773
18.33 20784
18.34 20794
18.35 20804
18.36 20816
18.37 20827
18.38 20837
18.39 20845
18.40 20855
18.42 20869
18.43 20880
18.44 20893
18.45 20906
18.46 20921
18.47 20933
18.48 20944
18.49 20956
18.50 20966
18.51 20974
18.52 20983
18.53 20994
18.54 21004
18.55 21015
18.56 21029
18.57 21036
18.58 21046
18.59 21056
18.60 21065
18.61 21074
18.62 21083
18.63 21095
18.64 21105
18.65 21117
18.66 21129
18.67 21142
18.68 21150
18.69 21160
18.70 21174
18.71 21184
18.72 21199
18.73 21211
18.74 21223
18.75 21234
18.76 21245
18.77 21257
18.78 21270
18.79 21283
18.80 21293
18.81 21303
18.82 21315
18.83 21328
18.84 21339
18.85 21349
18.86 21359
18.87 21371
18.88 21383
18.89 21393
18.91 21404
18.92 21414
18.93 21423
18.94 21432
18.95 21443
18.96 21451
18.97 21463
18.98 21472
18.99 21480
19.00 21491
19.01 21503
19.02 21512
19.03 21519
19.04 21531
19.05 21541
19.06 21550
19.07 21564
19.08 21576
19.09 21587
19.10 21597
19.11 21606
19.12 21614
19.13 21624
19.14 21632
19.15 21641
19.16 21653
19.17 21663
19.18 21672
19.19 21680
19.20 21690
19.21 21699
19.22 21706
19.23 21717
19.24 21728
19.25 21740
19.26 21749
19.27 21759
19.28 21769
19.29 21779
19.30 21789
19.31 21800
19.32 21810
19.33 21821
19.34 21833
19.35 21843
19.36 21855
19.37 21867
19.38 21875
19.40 21885
19.41 21899
19.42 21910
19.43 21918
19.44 21931
19.45 21941
19.46 21952
19.47 21961
19.48 21974
19.49 21985
19.50 21994
19.51 22006
19.52 22015
19.53 22026
19.54 22040
19.55 22051
19.56 22061
19.57 22071
19.58 22081
19.59 22091
19.60 22102
19.61 22112
19.62 22124
19.63 22133
19.64 22143
19.65 22153
19.66 22164
19.67 22172
19.68 22183
19.69 22194
19.70 22204
19.71 22215
19.72 22229
19.73 22242
19.74 22255
19.75 22264
19.76 22275
19.77 22286
19.78 22299
19.79 22304
19.80 22312
19.81 22325
19.82 22338
19.83 22348
19.84 22362
19.85 22372
19.86 22380
19.87 22389
19.89 22402
19.90 22413
19.91 22423
19.92 22433
19.93 22445
19.94 22460
19.95 22472
19.96 22480
19.97 22491
19.98 22502
19.99 22511
20.00 22523
20.01 22531
20.02 22540
20.03 22547
20.04 22555
20.05 22564
20.06 22577
20.07 22589
20.08 22598
20.09 22607
20.10 22618
20.11 22629
20.12 22640
20.13 22650
20.14 22663
20.15 22675
20.16 22685
20.17 22696
20.18 22710
20.19 22720
20.20 22731
20.21 22741
20.22 22752
20.23 22763
20.24 22774
20.25 22784
20.26 22794
20.27 22808
20.28 22821
20.29 22832
20.30 22845
20.31 22855
20.32 22863
20.33 22872
20.34 22883
20.35 22893
20.36 22903
20.38 22914
20.39 22925
20.40 22935
20.41 22945
20.42 22955
20.43 22965
20.44 22975
20.45 22985
20.46 22997
20.47 23005
20.48 23016
20.49 23024
20.50 23032
20.51 23040
20.52 23048
20.53 23056
20.54 23067
20.55 23075
20.56 23089
20.57 23098
20.58 23106
20.59 23116
20.60 23123
20.61 23134
20.62 23147
20.63 23156
20.64 23167
20.65 23176
20.66 23182
20.67 23191
20.68 23201
20.69 23209
20.70 23222
20.71 23233
20.72 23242
20.73 23250
20.74 23260
20.75 23272
20.76 23283
20.77 23292
20.78 23303
20.79 23315
20.80 23325
20.81 23334
20.82 23344
20.83 23352
20.84 23361
20.85 23370
20.87 23380
20.88 23390
20.89 23400
20.90 23409
20.91 23418
20.92 23433
20.93 23445
20.94 23455
20.95 23468
20.96 23480
20.97 23493
20.98 23502
20.99 23516
21.00 23528
21.01 23540
21.02 23551
21.03 23559
21.04 23571
21.05 23583
21.06 23595
21.07 23606
21.08 23618
21.09 23627
21.10 23638
21.11 23649
21.12 23661
21.13 23670
21.14 23682
21.15 23692
21.16 23702
21.17 23710
21.18 23721
21.19 23732
21.20 23745
21.21 23755
21.22 23764
21.23 23774
21.24 23787
21.25 23799
21.26 23809
21.27 23820
21.28 23832
21.29 23841
21.30 23850
21.31 23863
21.32 23871
21.33 23882
21.34 23893
21.36 23904
21.37 23914
21.38 23922
21.39 23932
21.40 23941
21.41 23955
21.42 23968
21.43 23982
21.44 23994
21.45 24007
21.46 24022
21.47 24033
21.48 24047
21.49 24059
21.50 24069
21.51 24081
21.52 24092
21.53 24102
21.54 24112
21.55 24121
21.56 24134
21.57 24144
21.58 24158
21.59 24172
21.60 24185
21.61 24196
21.62 24208
21.63 24218
21.64 24230
21.65 24240
21.66 24252
21.67 24263
21.68 24275
21.69 24287
21.70 24297
21.71 24306
21.72 24316
21.73 24329
21.74 24339
21.75 24349
21.76 24360
21.77 24369
21.78 24379
21.79 24389
21.80 24400
21.81 24411
21.82 24422
21.83 24433
21.84 24446
21.86 24457
21.87 24469
21.88 24478
21.89 24488
21.90 24500
21.91 24511
21.92 24520
21.93 24533
21.94 24542
21.95 24552
21.96 24564
21.97 24571
21.98 24581
21.99 24593
22.00 24606
22.01 24618
22.02 24631
22.03 24642
22.04 24654
22.05 24664
22.06 24676
22.07 24687
22.08 24698
22.09 24710
22.10 24723
22.11 24735
22.12 24748
22.13 24760
22.14 24771
22.15 24783
22.16 24794
22.17 24807
22.18 24821
22.19 24832
22.20 24840
22.21 24850
22.22 24859
22.23 24870
22.24 24882
22.25 24897
22.26 24910
22.27 24921
22.28 24932
22.29 24947
22.30 24957
22.31 24967
22.32 24979
22.33 24988
22.35 24999
22.36 25009
22.37 25020
22.38 25032
22.39 25043
22.40 25054
22.41 25065
22.42 25074
22.43 25083
22.44 25091
22.45 25101
22.46 25110
22.47 25121
22.48 25131
22.49 25140
22.50 25150
22.51 25161
22.52 25171
22.53 25179
22.54 25191
22.55 25200
22.56 25208
22.57 25219
22.58 25226
22.59 25235
22.60 25247
22.61 25257
22.62 25268
22.63 25278
22.64 25286
22.65 25296
22.66 25309
22.67 25320
22.68 25330
22.69 25339
22.70 25349
22.71 25358
22.72 25368
22.73 25378
22.74 25389
22.75 25400
22.76 25409
22.77 25419
22.78 25429
22.79 25441
22.80 25449
22.81 25458
22.82 25467
22.84 25475
22.85 25483
22.86 25492
22.87 25503
22.88 25514
22.89 25524
22.90 25533
22.91 25540
22.92 25551
22.93 25561
22.94 25572
22.95 25581
22.96 25590
22.97 25600
22.98 25610
22.99 25619
23.00 25629
23.01 25636
23.02 25646
23.03 25660
23.04 25669
23.05 25681
23.06 25692
23.07 25703
23.08 25712
23.09 25721
23.10 25730
23.11 25742
23.12 25752
23.13 25765
23.14 25775
23.15 25786
23.16 25796
23.17 25808
23.18 25816
23.19 25827
23.20 25837
23.21 25848
23.22 25859
23.23 25868
23.24 25878
23.25 25889
23.26 25900
23.27 25911
23.28 25923
23.29 25935
23.30 25940
23.31 25951
23.33 25962
23.34 25972
23.35 25981
23.36 25991
23.37 25999
23.38 26008
23.39 26014
23.40 26026
23.41 26035
23.42 26044
23.43 26053
23.44 26062
23.45 26071
23.46 26079
23.47 26088
23.48 26100
23.49 26110
23.50 26121
23.51 26134
23.52 26147
23.53 26156
23.54 26167
23.55 26179
23.56 26187
23.57 26196
23.58 26205
23.59 26214
23.60 26222
23.61 26231
23.62 26240
23.63 26251
23.64 26259
23.65 26269
23.66 26278
23.67 26287
23.68 26296
23.69 26304
23.70 26317
23.71 26327
23.72 26335
23.73 26346
23.74 26356
23.75 26366
23.76 26375
23.77 26387
23.78 26394
23.79 26403
23.80 26414
23.82 26423
23.83 26433
23.84 26443
23.85 26455
23.86 26465
23.87 26475
23.88 26484
23.89 26494
23.90 26504
23.91 26514
23.92 26523
23.93 26532
23.94 26540
23.95 26549
23.96 26559
23.97 26566
23.98 26576
23.99 26583
24.00 26596
24.01 26606
24.02 26617
24.03 26627
24.04 26638
24.05 26648
24.06 26664
24.07 26676
24.08 26689
24.09 26701
24.10 26714
24.11 26728
24.12 26741
24.13 26751
24.14 26765
24.15 26778
24.16 26788
24.17 26804
24.18 26816
24.19 26826
24.20 26836
24.21 26847
24.22 26860
24.23 26869
24.24 26878
24.25 26885
24.26 26893
24.27 26905
24.28 26920
24.29 26933
24.31 26945
24.32 26959
24.33 26971
24.34 26981
24.35 26992
24.36 27004
24.37 27015
24.38 27025
24.39 27033
24.40 27046
24.41 27057
24.42 27069
24.43 27079
24.44 27090
24.45 27101
24.46 27110
24.47 27122
24.48 27133
24.49 27143
24.50 27154
24.51 27165
24.52 27175
24.53 27183
24.54 27195
24.55 27204
24.56 27216
24.57 27227
24.58 27238
24.59 27252
24.60 27264
24.61 27274
24.62 27288
24.63 27298
24.64 27313
24.65 27324
24.66 27334
24.67 27345
24.68 27357
24.69 27367
24.70 27380
24.71 27394
24.72 27405
24.73 27417
24.74 27427
24.75 27436
24.76 27450
24.77 27460
24.78 27472
24.80 27486
24.81 27499
24.82 27511
24.83 27523
24.84 27532
24.85 27543
24.86 27552
24.87 27565
24.88 27573
24.89 27584
24.90 27594
24.91 27604
24.92 27615
24.93 27625
24.94 27636
24.95 27646
24.96 27657
24.97 27669
24.98 27683
24.99 27695
25.00 27708
25.01 27719
25.02 27731
25.03 27742
25.04 27754
25.05 27765
25.06 27776
25.07 27786
25.08 27797
25.09 27807
25.10 27818
25.11 27828
25.12 27840
25.13 27853
25.14 27865
25.15 27878
25.16 27889
25.17 27901
25.18 27914
25.19 27926
25.20 27937
25.21 27947
25.22 27956
25.23 27967
25.24 27979
25.25 27988
25.26 28000
25.27 28009
25.29 28020
25.30 28029
25.31 28041
25.32 28052
25.33 28065
25.34 28074
25.35 28085
25.36 28096
25.37 28107
25.38 28117
25.39 28128
25.40 28138
25.41 28151
25.42 28162
25.43 28172
25.44 28185
25.45 28196
25.46 28208
25.47 28218
25.48 28231
25.49 28241
25.50 28252
25.51 28262
25.52 28270
25.53 28282
25.54 28293
25.55 28301
25.56 28309
25.57 28320
25.58 28330
25.59 28340
25.60 28350
25.61 28360
25.62 28370
25.63 28379
25.64 28391
25.65 28402
25.66 28412
25.67 28422
25.68 28434
25.69 28445
25.70 28458
25.71 28470
25.72 28481
25.73 28491
25.74 28503
25.75 28514
25.76 28527
25.78 28538
25.79 28547
25.80 28558
25.81 28570
25.82 28580
25.83 28587
25.84 28598
25.85 28607
25.86 28618
25.87 28626
25.88 28636
25.89 28646
25.90 28655
25.91 28666
25.92 28677
25.93 28685
25.94 28695
25.95 28705
25.96 28716
25.97 28728
25.98 28738
25.99 28750
26.00 28762
26.01 28773
26.02 28784
26.03 28794
26.04 28804
26.05 28816
26.06 28830
26.07 28839
26.08 28849
26.09 28859
26.10 28872
26.11 28885
26.12 28898
26.13 28910
26.14 28921
26.15 28932
26.16 28944
26.17 28955
26.18 28965
26.19 28974
26.20 28984
26.21 28996
26.22 29007
26.23 29017
26.24 29028
26.25 29041
26.27 29053
26.28 29066
26.29 29077
26.30 29091
26.31 29104
26.32 29114
26.33 29127
26.34 29137
26.35 29146
26.36 29156
26.37 29164
26.38 29175
26.39 29186
26.40 29198
26.41 29209
26.42 29219
26.43 29230
26.44 29241
26.45 29255
26.46 29264
26.47 29273
26.48 29284
26.49 29295
26.50 29306
26.51 29317
26.52 29326
26.53 29337
26.54 29346
26.55 29356
26.56 29367
26.57 29378
26.58 29387
26.59 29394
26.60 29401
26.61 29411
26.62 29421
26.63 29433
26.64 29442
26.65 29451
26.66 29461
26.67 29471
26.68 29481
26.69 29490
26.70 29499
26.71 29507
26.72 29515
26.73 29523
26.74 29530
26.76 29540
26.77 29550
26.78 29558
26.79 29567
26.80 29576
26.81 29584
26.82 29590
26.83 29603
26.84 29615
26.85 29626
26.86 29635
26.87 29646
26.88 29657
26.89 29669
26.90 29679
26.91 29687
26.92 29696
26.93 29706
26.94 29714
26.95 29723
26.96 29732
26.97 29740
26.98 29752
26.99 29762
27.00 29773
27.01 29784
27.02 29793
27.03 29805
27.04 29815
27.05 29827
27.06 29838
27.07 29848
27.08 29859
27.09 29868
27.10 29879
27.11 29889
27.12 29898
27.13 29909
27.14 29920
27.15 29931
27.16 29939
27.17 29950
27.18 29958
27.19 29968
27.20 29979
27.21 29987
27.22 29995
27.23 30005
27.24 30015
27.26 30025
27.27 30035
27.28 30048
27.29 30060
27.30 30071
27.31 30081
27.32 30091
27.33 30099
27.34 30110
27.35 30117
27.36 30125
27.37 30135
27.38 30145
27.39 30154
27.40 30164
27.41 30177
27.42 30188
27.43 30196
27.44 30207
27.45 30216
27.46 30223
27.47 30232
27.48 30242
27.49 30252
27.50 30262
27.51 30270
27.52 30277
27.53 30284
27.54 30292
27.55 30303
27.56 30314
27.57 30324
27.58 30334
27.59 30347
27.60 30355
27.61 30364
27.62 30373
27.63 30381
27.64 30391
27.65 30400
27.66 30411
27.67 30423
27.68 30433
27.69 30445
27.70 30454
27.71 30464
27.72 30474
27.73 30485
27.75 30495
27.76 30503
27.77 30512
27.78 30520
27.79 30528
27.80 30537
27.81 30546
27.82 30555
27.83 30564
27.84 30575
27.85 30588
27.86 30601
27.87 30611
27.88 30619
27.89 30628
27.90 30638
27.91 30647
27.92 30656
27.93 30667
27.94 30673
27.95 30681
27.96 30692
27.97 30701
27.98 30710
27.99 30718
28.00 30726
28.01 30735
28.02 30743
28.03 30755
28.04 30764
28.05 30774
28.06 30788
28.07 30799
28.08 30809
28.09 30819
28.10 30829
28.11 30838
28.12 30848
28.13 30858
28.14 30868
28.15 30879
28.16 30889
28.17 30897
28.18 30906
28.19 30914
28.20 30924
28.21 30935
28.22 30945
28.24 30958
28.25 30971
28.26 30982
28.27 30993
28.28 31002
28.29 31011
28.30 31020
28.31 31029
28.32 31038
28.33 31048
28.34 31057
28.35 31066
28.36 31074
28.37 31083
28.38 31090
28.39 31099
28.40 31109
28.41 31118
28.42 31127
28.43 31137
28.44 31148
28.45 31156
28.46 31168
28.47 31177
28.48 31185
28.49 31196
28.50 31206
28.51 31216
28.52 31224
28.53 31231
28.54 31239
28.55 31250
28.56 31262
28.57 31270
28.58 31277
28.59 31288
28.60 31296
28.61 31306
28.62 31316
28.63 31326
28.64 31336
28.65 31345
28.66 31354
28.67 31363
28.68 31372
28.69 31382
28.70 31392
28.71 31401
28.73 31411
28.74 31421
28.75 31432
28.76 31442
28.77 31451
28.78 31462
28.79 31471
28.80 31480
28.81 31489
28.82 31498
28.83 31507
28.84 31519
28.85 31529
28.86 31538
28.87 31547
28.88 31557
28.89 31567
28.90 31575
28.91 31587
28.92 31595
28.93 31604
28.94 31618
28.95 31629
28.96 31638
28.97 31647
28.98 31656
28.99 31665
29.00 31672
29.01 31689
29.02 31698
29.03 31709
29.04 31720
29.05 31729
29.06 31739
29.07 31751
29.08 31761
29.09 31771
29.10 31780
29.11 31790
29.12 31799
29.13 31808
29.14 31818
29.15 31825
29.16 31833
29.17 31843
29.18 31852
29.19 31862
29.20 31872
29.22 31882
29.23 31892
29.24 31904
29.25 31912
29.26 31922
29.27 31929
29.28 31939
29.29 31947
29.30 31954
29.31 31965
29.32 31974
29.33 31985
29.34 31995
29.35 32004
29.36 32016
29.37 32026
29.38 32036
29.39 32044
29.40 32055
29.41 32064
29.42 32072
29.43 32082
29.44 32092
29.45 32106
29.46 32115
29.47 32124
29.48 32136
29.49 32147
29.50 32157
29.51 32167
29.52 32177
29.53 32189
29.54 32199
29.55 32210
29.56 32220
29.57 32228
29.58 32239
29.59 32250
29.60 32259
29.61 32267
29.62 32278
29.63 32287
29.64 32296
29.65 32305
29.66 32315
29.67 32325
29.68 32336
29.69 32344
29.71 32354
29.72 32366
29.73 32377
29.74 32386
29.75 32395
29.76 32405
29.77 32415
29.78 32422
29.79 32431
29.80 32437
29.81 32447
29.82 32457
29.83 32467
29.84 32478
29.85 32488
29.86 32497
29.87 32506
29.88 32514
29.89 32524
29.90 32533
29.91 32543
29.92 32550
29.93 32558
29.94 32568
29.95 32577
29.96 32586
29.97 32594
29.98 32604
29.99 32611
30.00 32620
30.01 32631
30.02 32641
30.03 32650
30.04 32660
30.05 32666
30.06 32679
30.07 32691
30.08 32702
30.09 32713
30.10 32724
30.11 32732
30.12 32740
30.13 32749
30.14 32758
30.15 32765
30.16 32774
30.17 32781
30.18 32792
30.20 32802
30.21 32811
30.22 32819
30.23 32827
30.24 32837
30.25 32847
30.26 32855
30.27 32867
30.28 32876
30.29 32888
30.30 32899
30.31 32907
30.32 32916
30.33 32925
30.34 32932
30.35 32943
30.36 32954
30.37 32964
30.38 32972
30.39 32982
30.40 32994
30.41 33001
30.42 33009
30.43 33016
30.44 33028
30.45 33040
30.46 33049
30.47 33058
30.48 33065
30.49 33072
30.50 33080
30.51 33088
30.52 33100
30.53 33109
30.54 33118
30.55 33128
30.56 33139
30.57 33148
30.58 33157
30.59 33165
30.60 33174
30.61 33183
30.62 33191
30.63 33198
30.64 33206
30.65 33215
30.66 33228
30.67 33237
30.69 33247
30.70 33255
30.71 33264
30.72 33274
30.73 33282
30.74 33290
30.75 33297
30.76 33305
30.77 33315
30.78 33324
30.79 33331
30.80 33340
30.81 33350
30.82 33359
30.83 33368
30.84 33381
30.85 33390
30.86 33398
30.87 33410
30.88 33422
30.89 33431
30.90 33440
30.91 33449
30.92 33460
30.93 33472
30.94 33479
30.95 33489
30.96 33498
30.97 33505
30.98 33514
30.99 33524
31.00 33536
31.01 33548
31.02 33559
31.03 33566
31.04 33575
31.05 33583
31.06 33593
31.07 33602
31.08 33611
31.09 33618
31.10 33626
31.11 33635
31.12 33646
31.13 33655
31.14 33663
31.15 33672
31.16 33681
31.18 33691
31.19 33701
31.20 33708
31.21 33717
31.22 33726
31.23 33734
31.24 33741
31.25 33749
31.26 33759
31.27 33768
31.28 33775
31.29 33783
31.30 33792
31.31 33801
31.32 33810
31.33 33821
31.34 33830
31.35 33841
31.36 33852
31.37 33861
31.38 33871
31.39 33883
31.40 33893
31.41 33901
31.42 33910
31.43 33918
31.44 33925
31.45 33932
31.46 33944
31.47 33952
31.48 33962
31.49 33970
31.50 33978
31.51 33987
31.52 33997
31.53 34010
31.54 34022
31.55 34032
31.56 34038
31.57 34049
31.58 34063
31.59 34072
31.60 34080
31.61 34092
31.62 34100
31.63 34109
31.64 34117
31.65 34127
31.67 34136
31.68 34144
31.69 34151
31.70 34162
31.71 34171
31.72 34180
31.73 34190
31.74 34201
31.75 34211
31.76 34223
31.77 34232
31.78 34240
31.79 34249
31.80 34258
31.81 34268
31.82 34276
31.83 34286
31.84 34295
31.85 34305
31.86 34314
31.87 34322
31.88 34331
31.89 34340
31.90 34349
31.91 34355
31.92 34364
31.93 34374
31.94 34381
31.95 34392
31.96 34401
31.97 34410
31.98 34419
31.99 34429
32.00 34438
32.01 34447
32.02 34457
32.03 34464
32.04 34474
32.05 34483
32.06 34492
32.07 34500
32.08 34508
32.09 34515
32.10 34523
32.11 34532
32.12 34540
32.13 34550
32.14 34559
32.16 34571
32.17 34578
32.18 34586
32.19 34595
32.20 34606
32.21 34615
32.22 34623
32.23 34634
32.24 34644
32.25 34654
32.26 34665
32.27 34674
32.28 34683
32.29 34694
32.30 34702
32.31 34711
32.32 34719
32.33 34730
32.34 34739
32.35 34747
32.36 34756
32.37 34764
32.38 34771
32.39 34781
32.40 34791
32.41 34799
32.42 34808
32.43 34815
32.44 34824
32.45 34833
32.46 34841
32.47 34849
32.48 34858
32.49 34865
32.50 34873
32.51 34881
32.52 34888
32.53 34896
32.54 34904
32.55 34912
32.56 34921
32.57 34930
32.58 34939
32.59 34947
32.60 34954
32.61 34962
32.62 34972
32.63 34981
32.64 34989
32.66 34997
32.67 35004
32.68 35011
32.69 35017
32.70 35030
32.71 35040
32.72 35050
32.73 35056
32.74 35065
32.75 35076
32.76 35084
32.77 35091
32.78 35098
32.79 35107
32.80 35116
32.81 35123
32.82 35134
32.83 35146
32.84 35155
32.85 35162
32.86 35170
32.87 35179
32.88 35189
32.89 35197
32.90 35206
32.91 35215
32.92 35224
32.93 35233
32.94 35241
32.95 35250
32.96 35263
32.97 35273
32.98 35282
32.99 35292
33.00 35301
33.01 35310
33.02 35318
33.03 35324
33.04 35333
33.05 35343
33.06 35355
33.07 35363
33.08 35369
33.09 35379
33.10 35389
33.11 35399
33.12 35408
33.13 35416
33.15 35425
33.16 35434
33.17 35443
33.18 35454
33.19 35464
33.20 35471
33.21 35479
33.22 35488
33.23 35497
33.24 35505
33.25 35518
33.26 35528
33.27 35537
33.28 35545
33.29 35554
33.30 35562
33.31 35571
33.32 35578
33.33 35589
33.34 35597
33.35 35605
33.36 35615
33.37 35625
33.38 35631
33.39 35639
33.40 35650
33.41 35659
33.42 35671
33.43 35682
33.44 35693
33.45 35703
33.46 35711
33.47 35721
33.48 35730
33.49 35740
33.50 35749
33.51 35757
33.52 35767
33.53 35777
33.54 35786
33.55 35798
33.56 35808
33.57 35817
33.58 35826
33.59 35833
33.60 35842
33.61 35852
33.62 35858
33.64 35868
33.65 35875
33.66 35887
33.67 35898
33.68 35907
33.69 35915
33.70 35926
33.71 35938
33.72 35947
33.73 35956
33.74 35965
33.75 35976
33.76 35985
33.77 35993
33.78 36005
33.79 36014
33.80 36023
33.81 36030
33.82 36039
33.83 36047
33.84 36060
33.85 36069
33.86 36081
33.87 36091
33.88 36099
33.89 36110
33.90 36120
33.91 36129
33.92 36138
33.93 36146
33.94 36154
33.95 36165
33.96 36177
33.97 36188
33.98 36198
33.99 36210
34.00 36222
34.01 36235
34.02 36245
34.03 36256
34.04 36268
34.05 36278
34.06 36289
34.07 36301
34.08 36311
34.09 36320
34.10 36330
34.11 36336
34.13 36346
34.14 36355
34.15 36367
34.16 36377
34.17 36389
34.18 36401
34.19 36409
34.20 36418
34.21 36427
34.22 36436
34.23 36443
34.24 36453
34.25 36463
34.26 36472
34.27 36478
34.28 36487
34.29 36498
34.30 36508
34.31 36517
34.32 36529
34.33 36537
34.34 36547
34.35 36555
34.36 36567
34.37 36576
34.38 36584
34.39 36593
34.40 36602
34.41 36610
34.42 36619
34.43 36627
34.44 36636
34.45 36646
34.46 36654
34.47 36663
34.48 36673
34.49 36681
34.50 36692
34.51 36702
34.52 36713
34.53 36722
34.54 36732
34.55 36739
34.56 36752
34.57 36760
34.58 36769
34.59 36781
34.60 36789
34.62 36797
34.63 36803
34.64 36811
34.65 36824
34.66 36831
34.67 36838
34.68 36848
34.69 36857
34.70 36866
34.71 36876
34.72 36883
34.73 36895
34.74 36904
34.75 36912
34.76 36924
34.77 36933
34.78 36943
34.79 36951
34.80 36962
34.81 36971
34.82 36982
34.83 36992
34.84 37002
34.85 37011
34.86 37018
34.87 37028
34.88 37037
34.89 37044
34.90 37051
34.91 37063
34.92 37074
34.93 37085
34.94 37095
34.95 37104
34.96 37113
34.97 37120
34.98 37129
34.99 37140
35.00 37149
35.01 37159
35.02 37168
35.03 37174
35.04 37183
35.05 37191
35.06 37201
35.07 37210
35.08 37220
35.09 37230
35.11 37236
35.12 37245
35.13 37251
35.14 37261
35.15 37267
35.16 37275
35.17 37282
35.18 37294
35.19 37302
35.20 37310
35.21 37321
35.22 37329
35.23 37338
35.24 37344
35.25 37355
35.26 37362
35.27 37373
35.28 37381
35.29 37390
35.30 37398
35.31 37409
35.32 37420
35.33 37429
35.34 37439
35.35 37448
35.36 37460
35.37 37470
35.38 37481
35.39 37493
35.40 37503
35.41 37512
35.42 37522
35.43 37530
35.44 37539
35.45 37549
35.46 37560
35.47 37571
35.48 37579
35.49 37587
35.50 37598
35.51 37607
35.52 37616
35.53 37628
35.54 37635
35.55 37644
35.56 37653
35.57 37662
35.58 37671
35.60 37680
35.61 37689
35.62 37699
35.63 37706
35.64 37716
35.65 37726
35.66 37736
35.67 37744
35.68 37753
35.69 37761
35.70 37770
35.71 37780
35.72 37790
35.73 37798
35.74 37808
35.75 37820
35.76 37829
35.77 37837
35.78 37845
35.79 37854
35.80 37865
35.81 37872
35.82 37882
35.83 37890
35.84 37900
35.85 37909
35.86 37918
35.87 37926
35.88 37934
35.89 37942
35.90 37948
35.91 37958
35.92 37964
35.93 37972
35.94 37977
35.95 37984
35.96 37997
35.97 38007
35.98 38019
35.99 38026
36.00 38033
36.01 38043
36.02 38053
36.03 38062
36.04 38071
36.05 38082
36.06 38092
36.07 38101
36.09 38111
36.10 38119
36.11 38126
36.12 38133
36.13 38143
36.14 38152
36.15 38161
36.16 38172
36.17 38181
36.18 38191
36.19 38200
36.20 38211
36.21 38222
36.22 38234
36.23 38247
36.24 38261
36.25 38275
36.26 38287
36.27 38301
36.28 38314
36.29 38327
36.30 38339
36.31 38351
36.32 38365
36.33 38379
36.34 38394
36.35 38405
36.36 38418
36.37 38432
36.38 38442
36.39 38455
36.40 38466
36.41 38479
36.42 38493
36.43 38509
36.44 38522
36.45 38535
36.46 38546
36.47 38560
36.48 38572
36.49 38586
36.50 38600
36.51 38613
36.52 38627
36.53 38644
36.54 38656
36.55 38670
36.56 38682
36.58 38698
36.59 38712
36.60 38722
36.61 38735
36.62 38747
36.63 38761
36.64 38770
36.65 38784
36.66 38794
36.67 38805
36.68 38817
36.69 38833
36.70 38844
36.71 38858
36.72 38873
36.73 38886
36.74 38900
36.75 38913
36.76 38927
36.77 38941
36.78 38954
36.79 38968
36.80 38982
36.81 38994
36.82 39006
36.83 39019
36.84 39029
36.85 39042
36.86 39052
36.87 39063
36.88 39078
36.89 39092
36.90 39104
36.91 39118
36.92 39130
36.93 39141
36.94 39156
36.95 39169
36.96 39183
36.97 39194
36.98 39204
36.99 39215
37.00 39228
37.01 39237
37.02 39251
37.03 39260
37.04 39269
37.05 39281
37.07 39292
37.08 39304
37.09 39317
37.10 39327
37.11 39341
37.12 39352
37.13 39362
37.14 39375
37.15 39385
37.16 39398
37.17 39410
37.18 39420
37.19 39431
37.20 39442
37.21 39454
37.22 39464
37.23 39477
37.24 39487
37.25 39497
37.26 39510
37.27 39521
37.28 39528
37.29 39536
37.30 39546
37.31 39559
37.32 39573
37.33 39586
37.34 39596
37.35 39607
37.36 39618
37.37 39630
37.38 39642
37.39 39655
37.40 39667
37.41 39678
37.42 39689
37.43 39699
37.44 39706
37.45 39717
37.46 39730
37.47 39737
37.48 39748
37.49 39760
37.50 39772
37.51 39785
37.52 39797
37.53 39809
37.54 39816
37.56 39827
37.57 39837
37.58 39847
37.59 39856
37.60 39868
37.61 39880
37.62 39892
37.63 39903
37.64 39915
37.65 39925
37.66 39934
37.67 39947
37.68 39960
37.69 39967
37.70 39977
37.71 39988
37.72 39997
37.73 40009
37.74 40019
37.75 40030
37.76 40041
37.77 40051
37.78 40062
37.79 40074
37.80 40083
37.81 40094
37.82 40102
37.83 40114
37.84 40125
37.85 40133
37.86 40143
37.87 40154
37.88 40167
37.89 40174
37.90 40185
37.91 40197
37.92 40207
37.93 40217
37.94 40230
37.95 40242
37.96 40255
37.97 40265
37.98 40276
37.99 40287
38.00 40298
38.01 40310
38.02 40321
38.03 40334
38.04 40345
38.06 40360
38.07 40373
38.08 40385
38.09 40395
38.10 40405
38.11 40417
38.12 40429
38.13 40440
38.14 40450
38.15 40463
38.16 40473
38.17 40483
38.18 40494
38.19 40504
38.20 40512
38.21 40520
38.22 40529
38.23 40540
38.24 40549
38.25 40559
38.26 40568
38.27 40576
38.28 40581
38.29 40589
38.30 40602
38.31 40614
38.32 40625
38.33 40635
38.34 40647
38.35 40659
38.36 40670
38.37 40682
38.38 40695
38.39 40709
38.40 40717
38.41 40728
38.42 40740
38.43 40755
38.44 40769
38.45 40781
38.46 40796
38.47 40812
38.48 40824
38.49 40835
38.50 40846
38.51 40859
38.52 40869
38.53 40879
38.55 40891
38.56 40899
38.57 40909
38.58 40922
38.59 40934
38.60 40946
38.61 40953
38.62 40964
38.63 40976
38.64 40985
38.65 40996
38.66 41006
38.67 41017
38.68 41027
38.69 41040
38.70 41050
38.71 41060
38.72 41068
38.73 41079
38.74 41089
38.75 41096
38.76 41109
38.77 41124
38.78 41139
38.79 41156
38.80 41170
38.81 41182
38.82 41196
38.83 41209
38.84 41223
38.85 41236
38.86 41250
38.87 41263
38.88 41275
38.89 41289
38.90 41302
38.91 41316
38.92 41330
38.93 41344
38.94 41359
38.95 41368
38.96 41382
38.97 41397
38.98 41408
38.99 41422
39.00 41436
39.01 41449
39.02 41460
39.04 41472
39.05 41482
39.06 41495
39.07 41504
39.08 41517
39.09 41528
39.10 41539
39.11 41548
39.12 41560
39.13 41572
39.14 41584
39.15 41598
39.16 41612
39.17 41622
39.18 41633
39.19 41647
39.20 41663
39.21 41674
39.22 41688
39.23 41700
39.24 41711
39.25 41726
39.26 41738
39.27 41752
39.28 41761
39.29 41773
39.30 41785
39.31 41797
39.32 41807
39.33 41818
39.34 41832
39.35 41845
39.36 41857
39.37 41871
39.38 41883
39.39 41895
39.40 41908
39.41 41918
39.42 41931
39.43 41944
39.44 41954
39.45 41966
39.46 41980
39.47 41995
39.48 42006
39.49 42023
39.50 42035
39.51 42047
39.53 42058
39.54 42072
39.55 42085
39.56 42097
39.57 42109
39.58 42124
39.59 42138
39.60 42148
39.61 42159
39.62 42171
39.63 42186
39.64 42198
39.65 42210
39.66 42224
39.67 42237
39.68 42251
39.69 42260
39.70 42272
39.71 42286
39.72 42297
39.73 42312
39.74 42325
39.75 42339
39.76 42352
39.77 42364
39.78 42375
39.79 42388
39.80 42400
39.81 42411
39.82 42425
39.83 42442
39.84 42456
39.85 42471
39.86 42486
39.87 42499
39.88 42513
39.89 42530
39.90 42543
39.91 42555
39.92 42566
39.93 42578
39.94 42592
39.95 42605
39.96 42619
39.97 42633
39.98 42648
39.99 42665
40.00 42679
40.02 42692
40.03 42705
40.04 42715
40.05 42731
40.06 42744
40.07 42756
40.08 42770
40.09 42783
40.10 42794
40.11 42807
40.12 42818
40.13 42833
40.14 42845
40.15 42857
40.16 42869
40.17 42880
40.18 42894
40.19 42906
40.20 42921
40.21 42934
40.22 42947
40.23 42961
40.24 42976
40.25 42989
40.26 43004
40.27 43019
40.28 43030
40.29 43045
40.30 43058
40.31 43071
40.32 43085
40.33 43096
40.34 43107
40.35 43119
40.36 43135
40.37 43153
40.38 43164
40.39 43177
40.40 43191
40.41 43203
40.42 43215
40.43 43227
40.44 43239
40.45 43252
40.46 43267
40.47 43279
40.48 43290
40.49 43302
40.51 43317
40.52 43327
40.53 43339
40.54 43350
40.55 43362
40.56 43373
40.57 43385
40.58 43398
40.59 43410
40.60 43424
40.61 43437
40.62 43448
40.63 43459
40.64 43473
40.65 43483
40.66 43496
40.67 43509
40.68 43521
40.69 43532
40.70 43547
40.71 43559
40.72 43572
40.73 43587
40.74 43602
40.75 43614
40.76 43625
40.77 43637
40.78 43652
40.79 43667
40.80 43678
40.81 43691
40.82 43703
40.83 43712
40.84 43725
40.85 43736
40.86 43744
40.87 43754
40.88 43766
40.89 43775
40.90 43788
40.91 43797
40.92 43809
40.93 43823
40.94 43833
40.95 43841
40.96 43852
40.97 43866
40.98 43875
41.00 43889
41.01 43903
41.02 43913
41.03 43924
41.04 43936
41.05 43948
41.06 43960
41.07 43974
41.08 43986
41.09 43999
41.10 44010
41.11 44023
41.12 44033
41.13 44045
41.14 44058
41.15 44070
41.16 44085
41.17 44097
41.18 44110
41.19 44122
41.20 44133
41.21 44144
41.22 44153
41.23 44164
41.24 44177
41.25 44192
41.26 44200
41.27 44212
41.28 44225
41.29 44237
41.30 44249
41.31 44263
41.32 44275
41.33 44289
41.34 44303
41.35 44315
41.36 44330
41.37 44342
41.38 44352
41.39 44361
41.40 44375
41.41 44387
41.42 44399
41.43 44412
41.44 44423
41.45 44436
41.46 44448
41.47 44462
41.49 44476
41.50 44489
41.51 44502
41.52 44512
41.53 44524
41.54 44534
41.55 44544
41.56 44554
41.57 44571
41.58 44583
41.59 44593
41.60 44603
41.61 44615
41.62 44626
41.63 44636
41.64 44645
41.65 44656
41.66 44665
41.67 44675
41.68 44684
41.69 44694
41.70 44703
41.71 44717
41.72 44726
41.73 44735
41.74 44745
41.75 44755
41.76 44768
41.77 44775
41.78 44786
41.79 44796
41.80 44807
41.81 44820
41.82 44833
41.83 44845
41.84 44856
41.85 44865
41.86 44875
41.87 44883
41.88 44896
41.89 44908
41.90 44920
41.91 44934
41.92 44945
41.93 44954
41.94 44963
41.95 44973
41.96 44983
41.98 44996
41.99 45007
42.00 45018
42.01 45026
42.02 45041
42.03 45051
42.04 45061
42.05 45071
42.06 45083
42.07 45098
42.08 45107
42.09 45118
42.10 45126
42.11 45135
42.12 45144
42.13 45156
42.14 45167
42.15 45179
42.16 45192
42.17 45201
42.18 45209
42.19 45220
42.20 45229
42.21 45239
42.22 45250
42.23 45263
42.24 45273
42.25 45285
42.26 45297
42.27 45309
42.28 45321
42.29 45331
42.30 45343
42.31 45357
42.32 45367
42.33 45377
42.34 45391
42.35 45403
42.36 45414
42.37 45422
42.38 45432
42.39 45445
42.40 45458
42.41 45468
42.42 45481
42.43 45491
42.44 45501
42.45 45512
42.47 45522
42.48 45534
42.49 45547
42.50 45558
42.51 45566
42.52 45578
42.53 45587
42.54 45597
42.55 45607
42.56 45619
42.57 45626
42.58 45635
42.59 45645
42.60 45656
42.61 45666
42.62 45677
42.63 45690
42.64 45699
42.65 45711
42.66 45718
42.67 45725
42.68 45734
42.69 45748
42.70 45760
42.71 45769
42.72 45779
42.73 45786
42.74 45796
42.75 45807
42.76 45817
42.77 45825
42.78 45837
42.79 45844
42.80 45851
42.81 45862
42.82 45872
42.83 45884
42.84 45892
42.85 45900
42.86 45910
42.87 45918
42.88 45927
42.89 45937
42.90 45946
42.91 45955
42.92 45967
42.93 45977
42.94 45986
42.96 45993
42.97 46002
42.98 46009
42.99 46018
43.00 46027
43.01 46036
43.02 46044
43.03 46053
43.04 46061
43.05 46071
43.06 46083
43.07 46095
43.08 46105
43.09 46112
43.10 46122
43.11 46136
43.12 46142
43.13 46148
43.14 46156
43.15 46168
43.16 46175
43.17 46184
43.18 46193
43.19 46201
43.20 46210
43.21 46220
43.22 46230
43.23 46239
43.24 46250
43.25 46263
43.26 46274
43.27 46284
43.28 46293
43.29 46303
43.30 46314
43.31 46323
43.32 46332
43.33 46343
43.34 46350
43.35 46359
43.36 46371
43.37 46380
43.38 46390
43.39 46401
43.40 46415
43.41 46424
43.42 46433
43.43 46440
43.44 46448
43.46 46457
43.47 46467
43.48 46479
43.49 46491
43.50 46502
43.51 46512
43.52 46521
43.53 46529
43.54 46537
43.55 46547
43.56 46553
43.57 46561
43.58 46570
43.59 46577
43.60 46587
43.61 46599
43.62 46612
43.63 46623
43.64 46632
43.65 46642
43.66 46651
43.67 46659
43.68 46667
43.69 46677
43.70 46691
43.71 46707
43.72 46721
43.73 46734
43.74 46749
43.75 46762
43.76 46777
43.77 46789
43.78 46802
43.79 46814
43.80 46825
43.81 46838
43.82 46849
43.83 46864
43.84 46873
43.85 46885
43.86 46899
43.87 46911
43.88 46925
43.89 46940
43.90 46951
43.91 46965
43.92 46977
43.93 46990
43.95 47003
43.96 47015
43.97 47028
43.98 47043
43.99 47056
44.00 47072
44.01 47084
44.02 47095
44.03 47105
44.04 47116
44.05 47126
44.06 47141
44.07 47151
44.08 47161
44.09 47168
44.10 47179
44.11 47194
44.12 47205
44.13 47217
44.14 47227
44.15 47236
44.16 47249
44.17 47263
44.18 47275
44.19 47287
44.20 47300
44.21 47312
44.22 47324
44.23 47336
44.24 47350
44.25 47361
44.26 47371
44.27 47382
44.28 47392
44.29 47404
44.30 47414
44.31 47426
44.32 47436
44.33 47446
44.34 47457
44.35 47464
44.36 47475
44.37 47485
44.38 47495
44.39 47508
44.40 47516
44.41 47527
44.42 47540
44.44 47551
44.45 47566
44.46 47575
44.47 47587
44.48 47599
44.49 47611
44.50 47622
44.51 47634
44.52 47645
44.53 47659
44.54 47669
44.55 47678
44.56 47690
44.57 47703
44.58 47714
44.59 47722
44.60 47733
44.61 47746
44.62 47756
44.63 47765
44.64 47776
44.65 47790
44.66 47799
44.67 47810
44.68 47822
44.69 47832
44.70 47840
44.71 47850
44.72 47863
44.73 47876
44.74 47888
44.75 47899
44.76 47912
44.77 47921
44.78 47930
44.79 47939
44.80 47951
44.81 47963
44.82 47974
44.83 47988
44.84 48001
44.85 48014
44.86 48026
44.87 48036
44.88 48047
44.89 48059
44.90 48074
44.91 48090
44.93 48104
44.94 48116
44.95 48128
44.96 48141
44.97 48152
44.98 48165
44.99 48178
45.00 48188
45.01 48200
45.02 48209
45.03 48218
45.04 48231
45.05 48242
45.06 48256
45.07 48270
45.08 48285
45.09 48297
45.10 48307
45.11 48320
45.12 48332
45.13 48344
45.14 48355
45.15 48364
45.16 48374
45.17 48385
45.18 48396
45.19 48409
45.20 48419
45.21 48430
45.22 48440
45.23 48451
45.24 48462
45.25 48472
45.26 48480
45.27 48488
45.28 48500
45.29 48512
45.30 48524
45.31 48537
45.32 48547
45.33 48561
45.34 48574
45.35 48588
45.36 48598
45.37 48606
45.38 48616
45.39 48624
45.40 48634
45.42 48645
45.43 48660
45.44 48674
45.45 48687
45.46 48699
45.47 48708
45.48 48722
45.49 48733
45.50 48748
45.51 48761
45.52 48773
45.53 48786
45.54 48796
45.55 48807
45.56 48820
45.57 48831
45.58 48841
45.59 48852
45.60 48862
45.61 48872
45.62 48883
45.63 48894
45.64 48905
45.65 48913
45.66 48924
45.67 48932
45.68 48943
45.69 48953
45.70 48964
45.71 48979
45.72 48991
45.73 49003
45.74 49015
45.75 49027
45.76 49040
45.77 49052
45.78 49064
45.79 49073
45.80 49086
45.81 49101
45.82 49113
45.83 49123
45.84 49133
45.85 49141
45.86 49149
45.87 49156
45.88 49170
45.89 49183
45.91 49199
45.92 49215
45.93 49226
45.94 49239
45.95 49254
45.96 49267
45.97 49279
45.98 49286
45.99 49300
46.00 49312
46.01 49324
46.02 49338
46.03 49352
46.04 49366
46.05 49377
46.06 49390
46.07 49404
46.08 49417
46.09 49428
46.10 49442
46.11 49455
46.12 49468
46.13 49480
46.14 49493
46.15 49503
46.16 49514
46.17 49528
46.18 49541
46.19 49556
46.20 49571
46.21 49583
46.22 49597
46.23 49610
46.24 49624
46.25 49635
46.26 49649
46.27 49663
46.28 49673
46.29 49686
46.30 49700
46.31 49717
46.32 49728
46.33 49740
46.34 49751
46.35 49764
46.36 49776
46.37 49787
46.38 49800
46.40 49813
46.41 49827
46.42 49839
46.43 49850
46.44 49864
46.45 49878
46.46 49889
46.47 49901
46.48 49912
46.49 49925
46.50 49938
46.51 49952
46.52 49967
46.53 49979
46.54 49992
46.55 50004
46.56 50017
46.57 50031
46.58 50045
46.59 50054
46.60 50062
46.61 50072
46.62 50081
46.63 50095
46.64 50107
46.65 50120
46.66 50130
46.67 50139
46.68 50151
46.69 50163
46.70 50175
46.71 50186
46.72 50195
46.73 50206
46.74 50218
46.75 50230
46.76 50240
46.77 50251
46.78 50262
46.79 50270
46.80 50283
46.81 50292
46.82 50305
46.83 50316
46.84 50330
46.85 50340
46.86 50353
46.87 50365
46.89 50377
46.90 50388
46.91 50400
46.92 50408
46.93 50419
46.94 50433
46.95 50441
46.96 50455
46.97 50468
46.98 50482
46.99 50494
47.00 50507
47.01 50520
47.02 50530
47.03 50540
47.04 50551
47.05 50561
47.06 50571
47.07 50585
47.08 50596
47.09 50605
47.10 50614
47.11 50627
47.12 50640
47.13 50650
47.14 50661
47.15 50674
47.16 50686
47.17 50701
47.18 50711
47.19 50722
47.20 50737
47.21 50749
47.22 50760
47.23 50774
47.24 50786
47.25 50797
47.26 50807
47.27 50819
47.28 50830
47.29 50841
47.30 50850
47.31 50859
47.32 50871
47.33 50883
47.34 50894
47.35 50904
47.36 50914
47.38 50926
47.39 50938
47.40 50951
47.41 50965
47.42 50976
47.43 50989
47.44 50999
47.45 51008
47.46 51020
47.47 51031
47.48 51042
47.49 51055
47.50 51065
47.51 51072
47.52 51083
47.53 51093
47.54 51108
47.55 51116
47.56 51126
47.57 51137
47.58 51150
47.59 51160
47.60 51171
47.61 51182
47.62 51195
47.63 51205
47.64 51216
47.65 51225
47.66 51234
47.67 51245
47.68 51260
47.69 51271
47.70 51279
47.71 51293
47.72 51305
47.73 51319
47.74 51328
47.75 51341
47.76 51355
47.77 51369
47.78 51382
47.79 51398
47.80 51413
47.81 51427
47.82 51438
47.83 51450
47.84 51460
47.85 51470
47.87 51483
47.88 51493
47.89 51507
47.90 51521
47.91 51533
47.92 51544
47.93 51554
47.94 51568
47.95 51580
47.96 51592
47.97 51604
47.98 51615
47.99 51626
48.00 51640
48.01 51652
48.02 51663
48.03 51674
48.04 51683
48.05 51693
48.06 51703
48.07 51715
48.08 51729
48.09 51741
48.10 51755
48.11 51767
48.12 51778
48.13 51787
48.14 51798
48.15 51810
48.16 51821
48.17 51831
48.18 51844
48.19 51855
48.20 51869
48.21 51879
48.22 51889
48.23 51900
48.24 51913
48.25 51924
48.26 51937
48.27 51951
48.28 51960
48.29 51973
48.30 51985
48.31 52001
48.32 52013
48.33 52024
48.34 52037
48.36 52049
48.37 52061
48.38 52071
48.39 52084
48.40 52094
48.41 52105
48.42 52118
48.43 52133
48.44 52145
48.45 52159
48.46 52170
48.47 52185
48.48 52197
48.49 52210
48.50 52219
48.51 52232
48.52 52245
48.53 52258
48.54 52269
48.55 52281
48.56 52291
48.57 52302
48.58 52314
48.59 52327
48.60 52340
48.61 52351
48.62 52362
48.63 52377
48.64 52387
48.65 52401
48.66 52414
48.67 52425
48.68 52436
48.69 52448
48.70 52462
48.71 52475
48.72 52489
48.73 52500
48.74 52512
48.75 52525
48.76 52534
48.77 52545
48.78 52559
48.79 52575
48.80 52589
48.81 52602
48.82 52615
48.83 52628
48.84 52642
48.86 52657
48.87 52667
48.88 52680
48.89 52689
48.90 52701
48.91 52711
48.92 52723
48.93 52740
48.94 52753
48.95 52765
48.96 52779
48.97 52792
48.98 52804
48.99 52815
49.00 52829
49.01 52843
49.02 52856
49.03 52868
49.04 52883
49.05 52897
49.06 52911
49.07 52924
49.08 52938
49.09 52949
49.10 52962
49.11 52977
49.12 52988
49.13 52999
49.14 53011
49.15 53024
49.16 53035
49.17 53047
49.18 53056
49.19 53075
49.20 53085
49.21 53098
49.22 53109
49.23 53119
49.24 53132
49.25 53145
49.26 53158
49.27 53171
49.28 53186
49.29 53198
49.30 53213
49.31 53226
49.32 53239
49.33 53251
49.35 53263
49.36 53277
49.37 53290
49.38 53304
49.39 53320
49.40 53334
49.41 53346
49.42 53356
49.43 53368
49.44 53383
49.45 53394
49.46 53407
49.47 53421
49.48 53433
49.49 53446
49.50 53459
49.51 53473
49.52 53486
49.53 53500
49.54 53510
49.55 53523
49.56 53536
49.57 53550
49.58 53562
49.59 53575
49.60 53590
49.61 53601
49.62 53614
49.63 53627
49.64 53642
49.65 53655
49.66 53666
49.67 53677
49.68 53689
49.69 53702
49.70 53715
49.71 53728
49.72 53739
49.73 53751
49.74 53762
49.75 53773
49.76 53788
49.77 53800
49.78 53812
49.79 53825
49.80 53838
49.81 53853
49.82 53864
49.84 53877
49.85 53889
49.86 53901
49.87 53917
49.88 53929
49.89 53940
49.90 53953
49.91 53966
49.92 53976
49.93 53989
49.94 54002
49.95 54014
49.96 54026
49.97 54038
49.98 54049
49.99 54062
50.00 54074
50.01 54088
50.02 54102
50.03 54112
50.04 54124
50.05 54135
50.06 54146
50.07 54159
50.08 54170
50.09 54182
50.10 54192
50.11 54204
50.12 54216
50.13 54229
50.14 54240
50.15 54248
50.16 54261
50.17 54274
50.18 54285
50.19 54296
50.20 54307
50.21 54317
50.22 54327
50.23 54339
50.24 54350
50.25 54360
50.26 54370
50.27 54382
50.28 54393
50.29 54403
50.30 54418
50.31 54427
50.33 54438
50.34 54448
50.35 54459
50.36 54469
50.37 54481
50.38 54492
50.39 54504
50.40 54513
50.41 54525
50.42 54537
50.43 54546
50.44 54555
50.45 54566
50.46 54575
50.47 54585
50.48 54595
50.49 54608
50.50 54619
50.51 54630
50.52 54640
50.53 54651
50.54 54660
50.55 54670
50.56 54679
50.57 54689
50.58 54698
50.59 54709
50.60 54720
50.61 54729
50.62 54739
50.63 54750
50.64 54764
50.65 54774
50.66 54785
50.67 54797
50.68 54808
50.69 54821
50.70 54831
50.71 54843
50.72 54852
50.73 54863
50.74 54875
50.75 54884
50.76 54897
50.77 54906
50.78 54913
50.79 54923
50.80 54932
50.82 54942
50.83 54952
50.84 54962
50.85 54972
50.86 54984
50.87 54996
50.88 55008
50.89 55019
50.90 55030
50.91 55041
50.92 55051
50.93 55063
50.94 55074
50.95 55085
50.96 55099
50.97 55109
50.98 55124
50.99 55137
51.00 55148
51.01 55160
51.02 55169
51.03 55185
51.04 55193
51.05 55204
51.06 55214
51.07 55223
51.08 55235
51.09 55248
51.10 55257
51.11 55269
51.12 55280
51.13 55291
51.14 55302
51.15 55315
51.16 55326
51.17 55335
51.18 55344
51.19 55353
51.20 55363
51.21 55376
51.22 55387
51.23 55397
51.24 55410
51.25 55423
51.26 55435
51.27 55445
51.28 55458
51.29 55469
51.31 55479
51.32 55489
51.33 55502
51.34 55511
51.35 55521
51.36 55531
51.37 55539
51.38 55549
51.39 55560
51.40 55569
51.41 55581
51.42 55594
51.43 55609
51.44 55623
51.45 55637
51.46 55648
51.47 55657
51.48 55669
51.49 55682
51.50 55697
51.51 55710
51.52 55722
51.53 55733
51.54 55748
51.55 55759
51.56 55771
51.57 55784
51.58 55797
51.59 55807
51.60 55817
51.61 55827
51.62 55839
51.63 55850
51.64 55861
51.65 55873
51.66 55885
51.67 55897
51.68 55907
51.69 55919
51.70 55931
51.71 55944
51.72 55956
51.73 55966
51.74 55980
51.75 55991
51.76 56001
51.77 56013
51.78 56023
51.80 56034
51.81 56046
51.82 56055
51.83 56065
51.84 56079
51.85 56092
51.86 56107
51.87 56117
51.88 56126
51.89 56140
51.90 56151
51.91 56165
51.92 56176
51.93 56186
51.94 56195
51.95 56206
51.96 56217
51.97 56228
51.98 56239
51.99 56250
52.00 56263
52.01 56274
52.02 56284
52.03 56295
52.04 56306
52.05 56315
52.06 56326
52.07 56336
52.08 56346
52.09 56357
52.10 56370
52.11 56382
52.12 56392
52.13 56401
52.14 56411
52.15 56421
52.16 56433
52.17 56445
52.18 56455
52.19 56469
52.20 56480
52.21 56489
52.22 56500
52.23 56510
52.24 56521
52.25 56534
52.26 56545
52.27 56557
52.29 56568
52.30 56578
52.31 56589
52.32 56601
52.33 56610
52.34 56624
52.35 56638
52.36 56652
52.37 56663
52.38 56675
52.39 56691
52.40 56703
52.41 56715
52.42 56727
52.43 56738
52.44 56749
52.45 56760
52.46 56768
52.47 56779
52.48 56791
52.49 56804
52.50 56817
52.51 56829
52.52 56837
52.53 56844
52.54 56855
52.55 56866
52.56 56874
52.57 56885
52.58 56894
52.59 56908
52.60 56921
52.61 56928
52.62 56938
52.63 56951
52.64 56962
52.65 56972
52.66 56982
52.67 56995
52.68 57005
52.69 57018
52.70 57031
52.71 57044
52.72 57055
52.73 57068
52.74 57078
52.75 57088
52.76 57097
52.78 57106
52.79 57117
52.80 57131
52.81 57143
52.82 57153
52.83 57163
52.84 57176
52.85 57184
52.86 57196
52.87 57206
52.88 57216
52.89 57225
52.90 57233
52.91 57246
52.92 57258
52.93 57269
52.94 57278
52.95 57294
52.96 57307
52.97 57317
52.98 57328
52.99 57339
53.00 57346
53.01 57355
53.02 57363
53.03 57371
53.04 57385
53.05 57398
53.06 57407
53.07 57419
53.08 57427
53.09 57437
53.10 57448
53.11 57459
53.12 57467
53.13 57479
53.14 57491
53.15 57501
53.16 57512
53.17 57523
53.18 57532
53.19 57545
53.20 57556
53.21 57565
53.22 57579
53.23 57589
53.24 57603
53.25 57615
53.27 57625
53.28 57639
53.29 57652
53.30 57663
53.31 57675
53.32 57684
53.33 57695
53.34 57709
53.35 57721
53.36 57730
53.37 57740
53.38 57751
53.39 57761
53.40 57773
53.41 57786
53.42 57796
53.43 57807
53.44 57816
53.45 57825
53.46 57835
53.47 57846
53.48 57856
53.49 57866
53.50 57876
53.51 57887
53.52 57895
53.53 57904
53.54 57914
53.55 57924
53.56 57935
53.57 57949
53.58 57961
53.59 57972
53.60 57980
53.61 57990
53.62 58003
53.63 58014
53.64 58026
53.65 58035
53.66 58045
53.67 58054
53.68 58065
53.69 58078
53.70 58089
53.71 58102
53.72 58111
53.73 58119
53.74 58128
53.76 58139
53.77 58151
53.78 58162
53.79 58174
53.80 58184
53.81 58195
53.82 58207
53.83 58216
53.84 58227
53.85 58236
53.86 58247
53.87 58258
53.88 58267
53.89 58277
53.90 58288
53.91 58298
53.92 58308
53.93 58318
53.94 58330
53.95 58344
53.96 58354
53.97 58362
53.98 58374
53.99 58385
54.00 58399
54.01 58409
54.02 58419
54.03 58429
54.04 58439
54.05 58450
54.06 58459
54.07 58469
54.08 58478
54.09 58487
54.10 58494
54.11 58504
54.12 58513
54.13 58525
54.14 58536
54.15 58545
54.16 58552
54.17 58561
54.18 58572
54.19 58580
54.20 58589
54.21 58597
54.22 58613
54.23 58621
54.24 58630
54.26 58637
54.27 58648
54.28 58657
54.29 58665
54.30 58676
54.31 58688
54.32 58696
54.33 58706
54.34 58716
54.35 58727
54.36 58736
54.37 58749
54.38 58760
54.39 58770
54.40 58779
54.41 58790
54.42 58799
54.43 58809
54.44 58817
54.45 58826
54.46 58839
54.47 58850
54.48 58860
54.49 58869
54.50 58879
54.51 58890
54.52 58898
54.53 58908
54.54 58916
54.55 58926
54.56 58939
54.57 58947
54.58 58957
54.59 58966
54.60 58978
54.61 58987
54.62 58996
54.63 59005
54.64 59014
54.65 59022
54.66 59032
54.67 59042
54.68 59050
54.69 59061
54.70 59073
54.71 59082
54.72 59096
54.73 59106
54.75 59116
54.76 59124
54.77 59134
54.78 59145
54.79 59155
54.80 59167
54.81 59183
54.82 59193
54.83 59202
54.84 59213
54.85 59222
54.86 59231
54.87 59240
54.88 59249
54.89 59258
54.90 59269
54.91 59278
54.92 59290
54.93 59301
54.94 59314
54.95 59322
54.96 59332
54.97 59341
54.98 59352
54.99 59365
55.00 59374
55.01 59386
55.02 59398
55.03 59405
55.04 59416
55.05 59426
55.06 59433
55.07 59441
55.08 59451
55.09 59467
55.10 59476
55.11 59488
55.12 59497
55.13 59510
55.14 59522
55.15 59534
55.16 59544
55.17 59553
55.18 59561
55.19 59572
55.20 59583
55.21 59594
55.22 59602
55.24 59615
55.25 59625
55.26 59639
55.27 59655
55.28 59663
55.29 59680
55.30 59694
55.31 59706
55.32 59718
55.33 59732
55.34 59743
55.35 59752
55.36 59761
55.37 59769
55.38 59779
55.39 59790
55.40 59801
55.41 59815
55.42 59822
55.43 59831
55.44 59841
55.45 59848
55.46 59859
55.47 59865
55.48 59875
55.49 59883
55.50 59892
55.51 59902
55.52 59908
55.53 59915
55.54 59921
55.55 59929
55.56 59937
55.57 59943
55.58 59952
55.59 59961
55.60 59972
55.61 59982
55.62 59991
55.63 59997
55.64 60004
55.65 60013
55.66 60022
55.67 60032
55.68 60042
55.69 60052
55.70 60062
55.71 60068
55.73 60081
55.74 60091
55.75 60100
55.76 60108
55.77 60117
55.78 60123
55.79 60133
55.80 60141
55.81 60147
55.82 60154
55.83 60166
55.84 60174
55.85 60185
55.86 60197
55.87 60203
55.88 60212
55.89 60217
55.90 60228
55.91 60241
55.92 60252
55.93 60262
55.94 60274
55.95 60280
55.96 60289
55.97 60296
55.98 60304
55.99 60313
56.00 60318
56.01 60326
56.02 60333
56.03 60339
56.04 60349
56.05 60358
56.06 60368
56.07 60380
56.08 60390
56.09 60399
56.10 60408
56.11 60420
56.12 60431
56.13 60443
56.14 60453
56.15 60461
56.16 60469
56.17 60478
56.18 60488
56.19 60503
56.20 60517
56.22 60528
56.23 60539
56.24 60553
56.25 60566
56.26 60576
56.27 60587
56.28 60596
56.29 60605
56.30 60622
56.31 60636
56.32 60649
56.33 60661
56.34 60673
56.35 60682
56.36 60689
56.37 60697
56.38 60711
56.39 60723
56.40 60731
56.41 60742
56.42 60755
56.43 60770
56.44 60783
56.45 60794
56.46 60806
56.47 60815
56.48 60826
56.49 60838
56.50 60846
56.51 60856
56.52 60867
56.53 60879
56.54 60887
56.55 60897
56.56 60907
56.57 60919
56.58 60927
56.59 60936
56.60 60949
56.61 60959
56.62 60971
56.63 60980
56.64 60992
56.65 61003
56.66 61011
56.67 61026
56.68 61035
56.69 61045
56.71 61056
56.72 61066
56.73 61075
56.74 61083
56.75 61091
56.76 61100
56.77 61111
56.78 61122
56.79 61133
56.80 61140
56.81 61151
56.82 61156
56.83 61162
56.84 61171
56.85 61182
56.86 61193
56.87 61203
56.88 61212
56.89 61223
56.90 61232
56.91 61242
56.92 61253
56.93 61262
56.94 61268
56.95 61281
56.96 61292
56.97 61301
56.98 61309
56.99 61321
57.00 61332
57.01 61341
57.02 61349
57.03 61359
57.04 61367
57.05 61375
57.06 61388
57.07 61398
57.08 61409
57.09 61419
57.10 61427
57.11 61438
57.12 61447
57.13 61460
57.14 61468
57.15 61481
57.16 61489
57.17 61497
57.18 61504
57.20 61512
57.21 61518
57.22 61526
57.23 61537
57.24 61547
57.25 61557
57.26 61566
57.27 61578
57.28 61590
57.29 61601
57.30 61612
57.31 61619
57.32 61631
57.33 61641
57.34 61650
57.35 61660
57.36 61667
57.37 61676
57.38 61687
57.39 61697
57.40 61704
57.41 61717
57.42 61725
57.43 61735
57.44 61743
57.45 61749
57.46 61758
57.47 61765
57.48 61775
57.49 61785
57.50 61792
57.51 61804
57.52 61813
57.53 61824
57.54 61835
57.55 61844
57.56 61854
57.57 61864
57.58 61874
57.59 61884
57.60 61893
57.61 61905
57.62 61913
57.63 61924
57.64 61934
57.65 61947
57.66 61957
57.67 61966
57.69 61976
57.70 61987
57.71 61996
57.72 62007
57.73 62018
57.74 62025
57.75 62033
57.76 62046
57.77 62057
57.78 62067
57.79 62078
57.80 62087
57.81 62095
57.82 62104
57.83 62115
57.84 62123
57.85 62132
57.86 62139
57.87 62151
57.88 62161
57.89 62168
57.90 62175
57.91 62183
57.92 62190
57.93 62199
57.94 62207
57.95 62215
57.96 62228
57.97 62234
57.98 62245
57.99 62251
58.00 62264
58.01 62271
58.02 62281
58.03 62289
58.04 62294
58.05 62301
58.06 62310
58.07 62318
58.08 62325
58.09 62333
58.10 62343
58.11 62351
58.12 62359
58.13 62372
58.14 62383
58.15 62391
58.16 62400
58.18 62409
58.19 62419
58.20 62431
58.21 62443
58.22 62453
58.23 62459
58.24 62472
58.25 62484
58.26 62495
58.27 62508
58.28 62522
58.29 62537
58.30 62547
58.31 62563
58.32 62576
58.33 62585
58.34 62598
58.35 62611
58.36 62625
58.37 62639
58.38 62652
58.39 62665
58.40 62678
58.41 62689
58.42 62700
58.43 62716
58.44 62726
58.45 62735
58.46 62750
58.47 62762
58.48 62774
58.49 62786
58.50 62798
58.51 62810
58.52 62822
58.53 62834
58.54 62848
58.55 62860
58.56 62871
58.57 62886
58.58 62898
58.59 62911
58.60 62924
58.61 62935
58.62 62949
58.63 62961
58.64 62974
58.65 62986
58.67 62997
58.68 63006
58.69 63016
58.70 63027
58.71 63038
58.72 63049
58.73 63064
58.74 63075
58.75 63087
58.76 63097
58.77 63108
58.78 63118
58.79 63127
58.80 63136
58.81 63146
58.82 63161
58.83 63172
58.84 63180
58.85 63191
58.86 63203
58.87 63213
58.88 63223
58.89 63237
58.90 63250
58.91 63260
58.92 63272
58.93 63281
58.94 63293
58.95 63306
58.96 63317
58.97 63327
58.98 63340
58.99 63351
59.00 63363
59.01 63374
59.02 63386
59.03 63396
59.04 63409
59.05 63421
59.06 63431
59.07 63442
59.08 63456
59.09 63467
59.10 63480
59.11 63491
59.12 63505
59.13 63517
59.14 63531
59.16 63541
59.17 63552
59.18 63561
59.19 63575
59.20 63587
59.21 63599
59.22 63612
59.23 63625
59.24 63636
59.25 63649
59.26 63661
59.27 63672
59.28 63683
59.29 63697
59.30 63709
59.31 63723
59.32 63733
59.33 63744
59.34 63758
59.35 63769
59.36 63781
59.37 63794
59.38 63804
59.39 63816
59.40 63825
59.41 63833
59.42 63845
59.43 63855
59.44 63865
59.45 63875
59.46 63888
59.47 63898
59.48 63911
59.49 63921
59.50 63929
59.51 63939
59.52 63953
59.53 63965
59.54 63976
59.55 63986
59.56 63997
59.57 64011
59.58 64024
59.59 64037
59.60 64049
59.61 64062
59.62 64072
59.63 64084
59.64 64096
59.66 64108
59.67 64116
59.68 64126
59.69 64136
59.70 64147
59.71 64161
59.72 64173
59.73 64185
59.74 64195
59.75 64206
59.76 64218
59.77 64231
59.78 64244
59.79 64255
59.80 64268
59.81 64279
59.82 64292
59.83 64302
59.84 64315
59.85 64325
59.86 64335
59.87 64347
59.88 64358
59.89 64369
59.90 64381
59.91 64393
59.92 64405
59.93 64416
59.94 64427
59.95 64437
59.96 64446
59.97 64456
59.98 64463
59.99 64473
60.00 64480
60.01 64494
60.02 64507
60.03 64516
60.04 64525
60.05 64534
60.06 64544
60.07 64556
60.08 64565
60.09 64575
60.10 64587
60.11 64598
60.12 64606
60.13 64620
60.15 64630
60.16 64640
60.17 64652
60.18 64664
60.19 64673
60.20 64684
60.21 64697
60.22 64705
60.23 64716
60.24 64726
60.25 64738
60.26 64748
60.27 64758
60.28 64771
60.29 64784
60.30 64796
60.31 64810
60.32 64820
60.33 64834
60.34 64845
60.35 64854
60.36 64866
60.37 64879
60.38 64894
60.39 64900
60.40 64910
60.41 64918
60.42 64929
60.43 64943
60.44 64951
60.45 64963
60.46 64972
60.47 64981
60.48 64989
60.49 64998
60.50 65009
60.51 65023
60.52 65033
60.53 65044
60.54 65058
60.55 65070
60.56 65078
60.57 65093
60.58 65101
60.59 65111
60.60 65119
60.61 65129
60.62 65139
60.64 65149
60.65 65158
60.66 65170
60.67 65180
60.68 65189
60.69 65198
60.70 65211
60.71 65224
60.72 65231
60.73 65240
60.74 65250
60.75 65258
60.76 65268
60.77 65280
60.78 65293
60.79 65305
60.80 65318
60.81 65329
60.82 65340
60.83 65352
60.84 65360
60.85 65371
60.86 65378
60.87 65388
60.88 65402
60.89 65416
60.90 65425
60.91 65435
60.92 65448
60.93 65456
60.94 65466
60.95 65479
60.96 65487
60.97 65497
60.98 65508
60.99 65518
61.00 65531
61.01 65542
61.02 65550
61.03 65561
61.04 65572
61.05 65581
61.06 65592
61.07 65604
61.08 65611
61.09 65620
61.10 65628
61.11 65639
61.13 65650
61.14 65659
61.15 65669
61.16 65680
61.17 65691
61.18 65701
61.19 65711
61.20 65721
61.21 65731
61.22 65739
61.23 65749
61.24 65758
61.25 65768
61.26 65782
61.27 65792
61.28 65807
61.29 65819
61.30 65832
61.31 65843
61.32 65855
61.33 65867
61.34 65877
61.35 65891
61.36 65904
61.37 65915
61.38 65928
61.39 65940
61.40 65953
61.41 65963
61.42 65976
61.43 65989
61.44 66002
61.45 66014
61.46 66026
61.47 66039
61.48 66052
61.49 66063
61.50 66075
61.51 66086
61.52 66096
61.53 66110
61.54 66125
61.55 66138
61.56 66151
61.57 66163
61.58 66175
61.59 66189
61.60 66202
61.62 66213
61.63 66225
61.64 66237
61.65 66251
61.66 66265
61.67 66276
61.68 66286
61.69 66300
61.70 66317
61.71 66331
61.72 66346
61.73 66356
61.74 66370
61.75 66385
61.76 66397
61.77 66410
61.78 66426
61.79 66437
61.80 66448
61.81 66463
61.82 66473
61.83 66484
61.84 66498
61.85 66510
61.86 66523
61.87 66533
61.88 66544
61.89 66554
61.90 66565
61.91 66577
61.92 66588
61.93 66600
61.94 66611
61.95 66621
61.96 66633
61.97 66643
61.98 66655
61.99 66667
62.00 66675
62.01 66685
62.02 66695
62.03 66705
62.04 66715
62.05 66728
62.06 66740
62.07 66751
62.08 66759
62.09 66768
62.11 66779
62.12 66786
62.13 66797
62.14 66807
62.15 66814
62.16 66823
62.17 66836
62.18 66845
62.19 66855
62.20 66870
62.21 66880
62.22 66889
62.23 66900
62.24 66913
62.25 66924
62.26 66934
62.27 66946
62.28 66955
62.29 66966
62.30 66974
62.31 66987
62.32 67000
62.33 67010
62.34 67021
62.35 67032
62.36 67043
62.37 67056
62.38 67065
62.39 67076
62.40 67088
62.41 67100
62.42 67109
62.43 67120
62.44 67130
62.45 67137
62.46 67149
62.47 67158
62.48 67171
62.49 67184
62.50 67199
62.51 67208
62.52 67218
62.53 67227
62.54 67238
62.55 67249
62.56 67259
62.57 67270
62.58 67283
62.60 67296
62.61 67305
62.62 67316
62.63 67328
62.64 67339
62.65 67350
62.66 67362
62.67 67373
62.68 67382
62.69 67391
62.70 67404
62.71 67415
62.72 67427
62.73 67436
62.74 67449
62.75 67459
62.76 67469
62.77 67480
62.78 67489
62.79 67498
62.80 67509
62.81 67519
62.82 67531
62.83 67542
62.84 67554
62.85 67564
62.86 67575
62.87 67587
62.88 67595
62.89 67606
62.90 67617
62.91 67627
62.92 67638
62.93 67651
62.94 67662
62.95 67671
62.96 67682
62.97 67690
62.98 67699
62.99 67707
63.00 67719
63.01 67729
63.02 67740
63.03 67753
63.04 67759
63.05 67768
63.06 67779
63.07 67789
63.09 67802
63.10 67812
63.11 67824
63.12 67832
63.13 67842
63.14 67853
63.15 67861
63.16 67873
63.17 67881
63.18 67889
63.19 67900
63.20 67910
63.21 67923
63.22 67935
63.23 67946
63.24 67959
63.25 67967
63.26 67977
63.27 67987
63.28 67997
63.29 68010
63.30 68023
63.31 68033
63.32 68044
63.33 68052
63.34 68063
63.35 68073
63.36 68080
63.37 68090
63.38 68102
63.39 68113
63.40 68124
63.41 68136
63.42 68147
63.43 68158
63.44 68167
63.45 68179
63.46 68190
63.47 68202
63.48 68213
63.49 68223
63.50 68239
63.51 68249
63.52 68259
63.53 68270
63.54 68281
63.55 68291
63.56 68302
63.58 68312
63.59 68323
63.60 68334
63.61 68344
63.62 68357
63.63 68368
63.64 68379
63.65 68392
63.66 68401
63.67 68414
63.68 68425
63.69 68435
63.70 68448
63.71 68461
63.72 68472
63.73 68485
63.74 68497
63.75 68509
63.76 68520
63.77 68532
63.78 68545
63.79 68555
63.80 68568
63.81 68581
63.82 68593
63.83 68604
63.84 68615
63.85 68626
63.86 68639
63.87 68650
63.88 68662
63.89 68675
63.90 68686
63.91 68697
63.92 68708
63.93 68722
63.94 68735
63.95 68748
63.96 68761
63.97 68771
63.98 68783
63.99 68795
64.00 68806
64.01 68814
64.02 68826
64.03 68837
64.04 68849
64.05 68860
64.07 68873
64.08 68884
64.09 68896
64.10 68906
64.11 68920
64.12 68932
64.13 68945
64.14 68956
64.15 68971
64.16 68984
64.17 68994
64.18 69006
64.19 69021
64.20 69032
64.21 69043
64.22 69055
64.23 69066
64.24 69076
64.25 69088
64.26 69099
64.27 69110
64.28 69124
64.29 69135
64.30 69145
64.31 69156
64.32 69166
64.33 69177
64.34 69187
64.35 69194
64.36 69206
64.37 69215
64.38 69227
64.39 69241
64.40 69251
64.41 69261
64.42 69268
64.43 69280
64.44 69291
64.45 69301
64.46 69313
64.47 69323
64.48 69332
64.49 69342
64.50 69353
64.51 69364
64.52 69375
64.53 69384
64.54 69395
64.56 69408
64.57 69419
64.58 69432
64.59 69442
64.60 69453
64.61 69463
64.62 69474
64.63 69484
64.64 69497
64.65 69510
64.66 69522
64.67 69534
64.68 69545
64.69 69556
64.70 69566
64.71 69576
64.72 69586
64.73 69598
64.74 69611
64.75 69621
64.76 69631
64.77 69642
64.78 69652
64.79 69662
64.80 69670
64.81 69681
64.82 69694
64.83 69703
64.84 69711
64.85 69720
64.86 69730
64.87 69743
64.88 69756
64.89 69765
64.90 69777
64.91 69784
64.92 69796
64.93 69810
64.94 69822
64.95 69833
64.96 69844
64.97 69852
64.98 69863
64.99 69870
65.00 69877
65.01 69889
65.02 69899
65.03 69910
65.04 69921
65.06 69931
65.07 69943
65.08 69955
65.09 69962
65.10 69969
65.11 69980
65.12 69990
65.13 69999
65.14 70008
65.15 70016
65.16 70028
65.17 70038
65.18 70049
65.19 70059
65.20 70070
65.21 70079
65.22 70094
65.23 70104
65.24 70113
65.25 70124
65.26 70135
65.27 70144
65.28 70153
65.29 70164
65.30 70176
65.31 70188
65.32 70200
65.33 70210
65.34 70220
65.35 70231
65.36 70241
65.37 70251
65.38 70262
65.39 70274
65.40 70284
65.41 70292
65.42 70298
65.43 70313
65.44 70325
65.45 70337
65.46 70346
65.47 70358
65.48 70370
65.49 70382
65.50 70395
65.51 70405
65.52 70415
65.53 70425
65.55 70437
65.56 70447
65.57 70456
65.58 70468
65.59 70476
65.60 70485
65.61 70494
65.62 70505
65.63 70515
65.64 70526
65.65 70539
65.66 70552
65.67 70561
65.68 70574
65.69 70580
65.70 70591
65.71 70599
65.72 70608
65.73 70619
65.74 70627
65.75 70638
65.76 70646
65.77 70653
65.78 70663
65.79 70670
65.80 70680
65.81 70691
65.82 70704
65.83 70714
65.84 70725
65.85 70735
65.86 70745
65.87 70753
65.88 70762
65.89 70769
65.90 70778
65.91 70792
65.92 70804
65.93 70815
65.94 70826
65.95 70841
65.96 70851
65.97 70860
65.98 70871
65.99 70881
66.00 70891
66.01 70901
66.02 70909
66.04 70918
66.05 70929
66.06 70937
66.07 70948
66.08 70958
66.09 70967
66.10 70977
66.11 70986
66.12 71000
66.13 71009
66.14 71018
66.15 71025
66.16 71034
66.17 71046
66.18 71057
66.19 71065
66.20 71074
66.21 71083
66.22 71091
66.23 71100
66.24 71111
66.25 71120
66.26 71130
66.27 71141
66.28 71154
66.29 71165
66.30 71179
66.31 71194
66.32 71204
66.33 71218
66.34 71233
66.35 71248
66.36 71262
66.37 71275
66.38 71289
66.39 71299
66.40 71310
66.41 71325
66.42 71338
66.43 71353
66.44 71363
66.45 71374
66.46 71389
66.47 71402
66.48 71415
66.49 71427
66.50 71440
66.51 71456
66.53 71468
66.54 71479
66.55 71493
66.56 71503
66.57 71514
66.58 71526
66.59 71537
66.60 71550
66.61 71560
66.62 71572
66.63 71585
66.64 71596
66.65 71609
66.66 71619
66.67 71632
66.68 71643
66.69 71656
66.70 71668
66.71 71679
66.72 71691
66.73 71701
66.74 71715
66.75 71726
66.76 71736
66.77 71744
66.78 71756
66.79 71766
66.80 71778
66.81 71790
66.82 71802
66.83 71814
66.84 71828
66.85 71841
66.86 71852
66.87 71863
66.88 71877
66.89 71889
66.90 71902
66.91 71914
66.92 71925
66.93 71935
66.94 71947
66.95 71959
66.96 71972
66.97 71982
66.98 71992
66.99 72005
67.00 72017
67.02 72029
67.03 72042
67.04 72054
67.05 72066
67.06 72078
67.07 72090
67.08 72099
67.09 72111
67.10 72122
67.11 72131
67.12 72142
67.13 72154
67.14 72166
67.15 72176
67.16 72186
67.17 72197
67.18 72212
67.19 72223
67.20 72236
67.21 72247
67.22 72261
67.23 72273
67.24 72286
67.25 72300
67.26 72312
67.27 72327
67.28 72339
67.29 72354
67.30 72365
67.31 72378
67.32 72392
67.33 72406
67.34 72418
67.35 72432
67.36 72445
67.37 72456
67.38 72468
67.39 72479
67.40 72490
67.41 72500
67.42 72513
67.43 72525
67.44 72536
67.45 72550
67.46 72561
67.47 72575
67.48 72583
67.49 72597
67.51 72608
67.52 72619
67.53 72633
67.54 72644
67.55 72651
67.56 72661
67.57 72672
67.58 72683
67.59 72692
67.60 72704
67.61 72717
67.62 72730
67.63 72742
67.64 72752
67.65 72764
67.66 72778
67.67 72789
67.68 72799
67.69 72809
67.70 72820
67.71 72831
67.72 72842
67.73 72854
67.74 72866
67.75 72877
67.76 72888
67.77 72899
67.78 72910
67.79 72921
67.80 72935
67.81 72944
67.82 72955
67.83 72966
67.84 72978
67.85 72990
67.86 73002
67.87 73012
67.88 73022
67.89 73033
67.90 73043
67.91 73055
67.92 73064
67.93 73074
67.94 73088
67.95 73100
67.96 73111
67.97 73123
67.98 73133
68.00 73148
68.01 73161
68.02 73172
68.03 73183
68.04 73195
68.05 73205
68.06 73216
68.07 73228
68.08 73240
68.09 73252
68.10 73263
68.11 73273
68.12 73282
68.13 73294
68.14 73304
68.15 73315
68.16 73328
68.17 73339
68.18 73350
68.19 73361
68.20 73373
68.21 73386
68.22 73398
68.23 73408
68.24 73420
68.25 73433
68.26 73446
68.27 73456
68.28 73467
68.29 73480
68.30 73491
68.31 73501
68.32 73511
68.33 73522
68.34 73532
68.35 73540
68.36 73549
68.37 73560
68.38 73569
68.39 73580
68.40 73591
68.41 73601
68.42 73611
68.43 73623
68.44 73633
68.45 73644
68.46 73658
68.47 73670
68.49 73683
68.50 73694
68.51 73705
68.52 73717
68.53 73727
68.54 73739
68.55 73751
68.56 73762
68.57 73775
68.58 73786
68.59 73798
68.60 73812
68.61 73824
68.62 73839
68.63 73854
68.64 73866
68.65 73879
68.66 73893
68.67 73905
68.68 73916
68.69 73929
68.70 73944
68.71 73955
68.72 73964
68.73 73977
68.74 73987
68.75 74000
68.76 74014
68.77 74026
68.78 74036
68.79 74048
68.80 74059
68.81 74070
68.82 74079
68.83 74093
68.84 74105
68.85 74117
68.86 74128
68.87 74137
68.88 74150
68.89 74160
68.90 74172
68.91 74183
68.92 74195
68.93 74205
68.94 74217
68.95 74228
68.96 74240
68.98 74250
68.99 74264
69.00 74277
69.01 74291
69.02 74303
69.03 74315
69.04 74326
69.05 74340
69.06 74353
69.07 74365
69.08 74376
69.09 74390
69.10 74404
69.11 74417
69.12 74428
69.13 74440
69.14 74454
69.15 74470
69.16 74482
69.17 74495
69.18 74509
69.19 74522
69.20 74537
69.21 74550
69.22 74565
69.23 74581
69.24 74595
69.25 74609
69.26 74622
69.27 74636
69.28 74651
69.29 74664
69.30 74679
69.31 74694
69.32 74707
69.33 74722
69.34 74735
69.35 74749
69.36 74760
69.37 74775
69.38 74787
69.39 74802
69.40 74815
69.41 74831
69.42 74841
69.43 74852
69.44 74863
69.45 74871
69.47 74884
69.48 74896
69.49 74907
69.50 74919
69.51 74929
69.52 74940
69.53 74952
69.54 74961
69.55 74974
69.56 74987
69.57 75001
69.58 75013
69.59 75026
69.60 75038
69.61 75051
69.62 75065
69.63 75080
69.64 75094
69.65 75107
69.66 75120
69.67 75133
69.68 75146
69.69 75161
69.70 75171
69.71 75183
69.72 75196
69.73 75210
69.74 75221
69.75 75235
69.76 75248
69.77 75262
69.78 75275
69.79 75287
69.80 75300
69.81 75311
69.82 75324
69.83 75335
69.84 75347
69.85 75359
69.86 75372
69.87 75384
69.88 75394
69.89 75407
69.90 75418
69.91 75431
69.92 75443
69.93 75452
69.94 75463
69.96 75477
69.97 75489
69.98 75503
69.99 75515
70.00 75528
70.01 75539
70.02 75551
70.03 75567
70.04 75579
70.05 75589
70.06 75603
70.07 75617
70.08 75628
70.09 75641
70.10 75655
70.11 75670
70.12 75683
70.13 75697
70.14 75712
70.15 75724
70.16 75736
70.17 75748
70.18 75763
70.19 75775
70.20 75789
70.21 75803
70.22 75818
70.23 75834
70.24 75848
70.25 75862
70.26 75880
70.27 75893
70.28 75909
70.29 75923
70.30 75937
70.31 75955
70.32 75969
70.33 75982
70.34 75999
70.35 76014
70.36 76026
70.37 76042
70.38 76056
70.39 76069
70.40 76084
70.41 76098
70.42 76112
70.43 76126
70.44 76140
70.46 76153
70.47 76168
70.48 76180
70.49 76194
70.50 76209
70.51 76223
70.52 76236
70.53 76249
70.54 76261
70.55 76275
70.56 76288
70.57 76301
70.58 76313
70.59 76326
70.60 76340
70.61 76353
70.62 76364
70.63 76377
70.64 76390
70.65 76406
70.66 76419
70.67 76434
70.68 76445
70.69 76459
70.70 76471
70.71 76484
70.72 76496
70.73 76509
70.74 76523
70.75 76536
70.76 76550
70.77 76563
70.78 76575
70.79 76589
70.80 76601
70.81 76613
70.82 76625
70.83 76639
70.84 76651
70.85 76665
70.86 76680
70.87 76692
70.88 76705
70.89 76717
70.90 76730
70.91 76745
70.92 76758
70.93 76774
70.95 76786
70.96 76799
70.97 76814
70.98 76826
70.99 76840
71.00 76852
71.01 76867
71.02 76879
71.03 76890
71.04 76902
71.05 76914
71.06 76924
71.07 76937
71.08 76947
71.09 76959
71.10 76970
71.11 76982
71.12 76995
71.13 77007
71.14 77020
71.15 77031
71.16 77044
71.17 77057
71.18 77071
71.19 77084
71.20 77095
71.21 77106
71.22 77118
71.23 77133
71.24 77145
71.25 77158
71.26 77171
71.27 77183
71.28 77197
71.29 77209
71.30 77222
71.31 77234
71.32 77248
71.33 77259
71.34 77273
71.35 77288
71.36 77301
71.37 77315
71.38 77331
71.39 77345
71.40 77359
71.41 77372
71.42 77387
71.44 77399
71.45 77411
71.46 77426
71.47 77438
71.48 77452
71.49 77465
71.50 77477
71.51 77491
71.52 77503
71.53 77517
71.54 77531
71.55 77544
71.56 77556
71.57 77569
71.58 77583
71.59 77596
71.60 77609
71.61 77620
71.62 77631
71.63 77645
71.64 77657
71.65 77670
71.66 77680
71.67 77689
71.68 77702
71.69 77712
71.70 77727
71.71 77742
71.72 77756
71.73 77767
71.74 77781
71.75 77793
71.76 77806
71.77 77821
71.78 77831
71.79 77845
71.80 77860
71.81 77873
71.82 77889
71.83 77903
71.84 77916
71.85 77930
71.86 77942
71.87 77956
71.88 77971
71.89 77983
71.90 77997
71.91 78008
71.93 78022
71.94 78033
71.95 78047
71.96 78058
71.97 78071
71.98 78087
71.99 78101
72.00 78115
72.01 78130
72.02 78147
72.03 78161
72.04 78175
72.05 78190
72.06 78203
72.07 78218
72.08 78231
72.09 78244
72.10 78256
72.11 78270
72.12 78286
72.13 78302
72.14 78315
72.15 78327
72.16 78342
72.17 78355
72.18 78368
72.19 78379
72.20 78393
72.21 78405
72.22 78419
72.23 78432
72.24 78444
72.25 78458
72.26 78468
72.27 78479
72.28 78492
72.29 78502
72.30 78514
72.31 78524
72.32 78537
72.33 78551
72.34 78563
72.35 78578
72.36 78594
72.37 78608
72.38 78622
72.39 78635
72.40 78649
72.42 78662
72.43 78676
72.44 78689
72.45 78700
72.46 78713
72.47 78726
72.48 78739
72.49 78751
72.50 78767
72.51 78778
72.52 78793
72.53 78806
72.54 78822
72.55 78836
72.56 78848
72.57 78860
72.58 78875
72.59 78888
72.60 78904
72.61 78917
72.62 78932
72.63 78944
72.64 78957
72.65 78971
72.66 78984
72.67 78997
72.68 79009
72.69 79024
72.70 79036
72.71 79050
72.72 79061
72.73 79075
72.74 79086
72.75 79097
72.76 79111
72.77 79124
72.78 79137
72.79 79150
72.80 79165
72.81 79179
72.82 79188
72.83 79200
72.84 79213
72.85 79228
72.86 79243
72.87 79256
72.88 79265
72.89 79276
72.91 79287
72.92 79298
72.93 79313
72.94 79326
72.95 79342
72.96 79357
72.97 79372
72.98 79385
72.99 79401
73.00 79416
73.01 79430
73.02 79444
73.03 79456
73.04 79468
73.05 79481
73.06 79497
73.07 79510
73.08 79525
73.09 79539
73.10 79552
73.11 79564
73.12 79575
73.13 79589
73.14 79602
73.15 79614
73.16 79627
73.17 79640
73.18 79654
73.19 79667
73.20 79680
73.21 79695
73.22 79709
73.23 79721
73.24 79736
73.25 79750
73.26 79764
73.27 79780
73.28 79794
73.29 79808
73.30 79821
73.31 79835
73.32 79849
73.33 79863
73.34 79875
73.35 79891
73.36 79901
73.37 79916
73.38 79930
73.40 79943
73.41 79955
73.42 79970
73.43 79983
73.44 79993
73.45 80004
73.46 80014
73.47 80027
73.48 80037
73.49 80049
73.50 80061
73.51 80073
73.52 80082
73.53 80094
73.54 80111
73.55 80126
73.56 80141
73.57 80153
73.58 80166
73.59 80180
73.60 80194
73.61 80208
73.62 80224
73.63 80236
73.64 80250
73.65 80262
73.66 80275
73.67 80288
73.68 80302
73.69 80316
73.70 80333
73.71 80345
73.72 80359
73.73 80372
73.74 80384
73.75 80399
73.76 80411
73.77 80424
73.78 80439
73.79 80452
73.80 80464
73.81 80475
73.82 80488
73.83 80500
73.84 80514
73.85 80524
73.86 80536
73.87 80548
73.89 80560
73.90 80571
73.91 80584
73.92 80598
73.93 80609
73.94 80620
73.95 80632
73.96 80646
73.97 80663
73.98 80676
73.99 80688
74.00 80702
74.01 80716
74.02 80729
74.03 80743
74.04 80757
74.05 80770
74.06 80784
74.07 80801
74.08 80813
74.09 80826
74.10 80842
74.11 80857
74.12 80872
74.13 80883
74.14 80897
74.15 80909
74.16 80922
74.17 80935
74.18 80949
74.19 80964
74.20 80979
74.21 80990
74.22 81003
74.23 81015
74.24 81031
74.25 81048
74.26 81065
74.27 81081
74.28 81096
74.29 81111
74.30 81125
74.31 81139
74.32 81151
74.33 81166
74.34 81179
74.35 81192
74.36 81207
74.38 81220
74.39 81232
74.40 81245
74.41 81256
74.42 81269
74.43 81282
74.44 81297
74.45 81309
74.46 81323
74.47 81336
74.48 81349
74.49 81363
74.50 81377
74.51 81389
74.52 81403
74.53 81416
74.54 81427
74.55 81442
74.56 81451
74.57 81467
74.58 81482
74.59 81494
74.60 81507
74.61 81521
74.62 81534
74.63 81548
74.64 81560
74.65 81573
74.66 81586
74.67 81599
74.68 81608
74.69 81621
74.70 81637
74.71 81649
74.72 81662
74.73 81674
74.74 81687
74.75 81701
74.76 81711
74.77 81724
74.78 81737
74.79 81750
74.80 81761
74.81 81775
74.82 81789
74.83 81802
74.84 81816
74.85 81828
74.87 81842
74.88 81856
74.89 81871
74.90 81884
74.91 81898
74.92 81913
74.93 81929
74.94 81942
74.95 81955
74.96 81969
74.97 81983
74.98 81997
74.99 82007
75.00 82022
75.01 82036
75.02 82049
75.03 82060
75.04 82074
75.05 82085
75.06 82097
75.07 82112
75.08 82123
75.09 82137
75.10 82150
75.11 82162
75.12 82175
75.13 82188
75.14 82201
75.15 82213
75.16 82226
75.17 82236
75.18 82249
75.19 82260
75.20 82272
75.21 82285
75.22 82297
75.23 82311
75.24 82324
75.25 82336
75.26 82349
75.27 82361
75.28 82374
75.29 82386
75.30 82398
75.31 82416
75.32 82427
75.33 82441
75.34 82452
75.36 82463
75.37 82477
75.38 82492
75.39 82503
75.40 82516
75.41 82532
75.42 82544
75.43 82559
75.44 82572
75.45 82586
75.46 82597
75.47 82608
75.48 82622
75.49 82632
75.50 82643
75.51 82655
75.52 82665
75.53 82681
75.54 82693
75.55 82705
75.56 82718
75.57 82733
75.58 82745
75.59 82756
75.60 82768
75.61 82779
75.62 82791
75.63 82804
75.64 82816
75.65 82826
75.66 82840
75.67 82854
75.68 82867
75.69 82879
75.70 82891
75.71 82903
75.72 82918
75.73 82929
75.74 82940
75.75 82953
75.76 82963
75.77 82976
75.78 82991
75.79 83006
75.80 83018
75.81 83030
75.82 83043
75.83 83055
75.84 83067
75.86 83081
75.87 83094
75.88 83106
75.89 83121
75.90 83137
75.91 83149
75.92 83160
75.93 83172
75.94 83184
75.95 83198
75.96 83210
75.97 83223
75.98 83236
75.99 83247
76.00 83257
76.01 83272
76.02 83284
76.03 83297
76.04 83310
76.05 83325
76.06 83340
76.07 83355
76.08 83369
76.09 83382
76.10 83393
76.11 83406
76.12 83416
76.13 83430
76.14 83443
76.15 83456
76.16 83470
76.17 83482
76.18 83496
76.19 83510
76.20 83523
76.21 83538
76.22 83552
76.23 83567
76.24 83580
76.25 83593
76.26 83607
76.27 83619
76.28 83630
76.29 83643
76.30 83656
76.31 83668
76.32 83680
76.33 83692
76.35 83704
76.36 83717
76.37 83729
76.38 83742
76.39 83751
76.40 83766
76.41 83780
76.42 83794
76.43 83810
76.44 83822
76.45 83839
76.46 83853
76.47 83867
76.48 83882
76.49 83898
76.50 83910
76.51 83922
76.52 83936
76.53 83948
76.54 83963
76.55 83974
76.56 83987
76.57 84002
76.58 84016
76.59 84028
76.60 84043
76.61 84059
76.62 84072
76.63 84085
76.64 84099
76.65 84112
76.66 84124
76.67 84139
76.68 84153
76.69 84164
76.70 84176
76.71 84184
76.72 84194
76.73 84207
76.74 84220
76.75 84235
76.76 84245
76.77 84259
76.78 84271
76.79 84283
76.80 84299
76.81 84312
76.82 84325
76.84 84338
76.85 84351
76.86 84363
76.87 84376
76.88 84387
76.89 84398
76.90 84411
76.91 84424
76.92 84435
76.93 84447
76.94 84459
76.95 84471
76.96 84483
76.97 84495
76.98 84507
76.99 84519
77.00 84534
77.01 84547
77.02 84562
77.03 84574
77.04 84583
77.05 84594
77.06 84607
77.07 84621
77.08 84632
77.09 84645
77.10 84658
77.11 84670
77.12 84681
77.13 84692
77.14 84702
77.15 84714
77.16 84724
77.17 84740
77.18 84755
77.19 84768
77.20 84782
77.21 84798
77.22 84808
77.23 84823
77.24 84838
77.25 84852
77.26 84864
77.27 84876
77.28 84890
77.29 84903
77.30 84917
77.31 84928
77.33 84941
77.34 84954
77.35 84967
77.36 84976
77.37 84986
77.38 84998
77.39 85011
77.40 85022
77.41 85035
77.42 85047
77.43 85060
77.44 85074
77.45 85087
77.46 85100
77.47 85115
77.48 85128
77.49 85141
77.50 85153
77.51 85166
77.52 85178
77.53 85190
77.54 85203
77.55 85216
77.56 85227
77.57 85240
77.58 85253
77.59 85266
77.60 85277
77.61 85288
77.62 85300
77.63 85311
77.64 85322
77.65 85335
77.66 85347
77.67 85360
77.68 85374
77.69 85385
77.70 85401
77.71 85413
77.72 85428
77.73 85442
77.74 85455
77.75 85467
77.76 85481
77.77 85495
77.78 85509
77.79 85522
77.80 85534
77.82 85548
77.83 85559
77.84 85572
77.85 85586
77.86 85599
77.87 85613
77.88 85625
77.89 85638
77.90 85651
77.91 85664
77.92 85677
77.93 85691
77.94 85703
77.95 85715
77.96 85727
77.97 85739
77.98 85753
77.99 85768
78.00 85782
78.01 85795
78.02 85808
78.03 85819
78.04 85832
78.05 85847
78.06 85860
78.07 85871
78.08 85883
78.09 85897
78.10 85909
78.11 85924
78.12 85937
78.13 85947
78.14 85963
78.15 85977
78.16 85990
78.17 86002
78.18 86015
78.19 86028
78.20 86040
78.21 86052
78.22 86063
78.23 86076
78.24 86090
78.25 86101
78.26 86112
78.27 86126
78.28 86141
78.29 86154
78.31 86166
78.32 86178
78.33 86191
78.34 86204
78.35 86217
78.36 86229
78.37 86243
78.38 86255
78.39 86267
78.40 86281
78.41 86294
78.42 86305
78.43 86319
78.44 86333
78.45 86345
78.46 86356
78.47 86367
78.48 86379
78.49 86391
78.50 86407
78.51 86419
78.52 86434
78.53 86449
78.54 86465
78.55 86480
78.56 86495
78.57 86509
78.58 86523
78.59 86538
78.60 86550
78.61 86562
78.62 86576
78.63 86592
78.64 86605
78.65 86618
78.66 86632
78.67 86644
78.68 86655
78.69 86669
78.70 86683
78.71 86695
78.72 86706
78.73 86719
78.74 86732
78.75 86743
78.76 86753
78.77 86765
78.78 86776
78.80 86789
78.81 86805
78.82 86816
78.83 86830
78.84 86843
78.85 86855
78.86 86867
78.87 86878
78.88 86891
78.89 86904
78.90 86915
78.91 86926
78.92 86939
78.93 86952
78.94 86964
78.95 86976
78.96 86988
78.97 87000
78.98 87011
78.99 87022
79.00 87035
79.01 87047
79.02 87060
79.03 87070
79.04 87084
79.05 87102
79.06 87116
79.07 87130
79.08 87144
79.09 87157
79.10 87171
79.11 87185
79.12 87198
79.13 87214
79.14 87225
79.15 87236
79.16 87252
79.17 87269
79.18 87282
79.19 87296
79.20 87309
79.21 87322
79.22 87335
79.23 87348
79.24 87356
79.25 87366
79.26 87380
79.27 87393
79.29 87404
79.30 87417
79.31 87428
79.32 87442
79.33 87454
79.34 87467
79.35 87481
79.36 87493
79.37 87504
79.38 87515
79.39 87532
79.40 87546
79.41 87560
79.42 87572
79.43 87582
79.44 87595
79.45 87609
79.46 87623
79.47 87637
79.48 87649
79.49 87661
79.50 87672
79.51 87685
79.52 87697
79.53 87714
79.54 87727
79.55 87742
79.56 87755
79.57 87766
79.58 87780
79.59 87793
79.60 87806
79.61 87816
79.62 87831
79.63 87842
79.64 87858
79.65 87871
79.66 87882
79.67 87896
79.68 87906
79.69 87920
79.70 87933
79.71 87946
79.72 87958
79.73 87972
79.74 87983
79.75 87995
79.76 88009
79.78 88021
79.79 88032
79.80 88045
79.81 88058
79.82 88069
79.83 88085
79.84 88097
79.85 88110
79.86 88122
79.87 88136
79.88 88150
79.89 88163
79.90 88175
79.91 88187
79.92 88201
79.93 88213
79.94 88226
79.95 88240
79.96 88251
79.97 88263
79.98 88273
79.99 88286
80.00 88298
80.01 88309
80.02 88323
80.03 88334
80.04 88345
80.05 88355
80.06 88366
80.07 88377
80.08 88390
80.09 88401
80.10 88412
80.11 88423
80.12 88433
80.13 88442
80.14 88449
80.15 88462
80.16 88477
80.17 88487
80.18 88498
80.19 88512
80.20 88527
80.21 88541
80.22 88553
80.23 88564
80.24 88577
80.25 88590
80.27 88601
80.28 88615
80.29 88628
80.30 88642
80.31 88654
80.32 88667
80.33 88678
80.34 88695
80.35 88708
80.36 88724
80.37 88735
80.38 88748
80.39 88762
80.40 88776
80.41 88790
80.42 88803
80.43 88817
80.44 88829
80.45 88841
80.46 88856
80.47 88866
80.48 88876
80.49 88891
80.50 88904
80.51 88917
80.52 88931
80.53 88943
80.54 88956
80.55 88969
80.56 88982
80.57 88995
80.58 89007
80.59 89020
80.60 89033
80.61 89044
80.62 89054
80.63 89065
80.64 89077
80.65 89090
80.66 89104
80.67 89118
80.68 89130
80.69 89140
80.70 89154
80.71 89165
80.72 89178
80.73 89190
80.74 89202
80.76 89213
80.77 89226
80.78 89239
80.79 89251
80.80 89264
80.81 89277
80.82 89291
80.83 89302
80.84 89314
80.85 89325
80.86 89338
80.87 89350
80.88 89363
80.89 89374
80.90 89386
80.91 89399
80.92 89410
80.93 89426
80.94 89438
80.95 89454
80.96 89468
80.97 89480
80.98 89492
80.99 89508
81.00 89521
81.01 89537
81.02 89552
81.03 89568
81.04 89582
81.05 89595
81.06 89608
81.07 89622
81.08 89636
81.09 89650
81.10 89662
81.11 89673
81.12 89687
81.13 89700
81.14 89712
81.15 89728
81.16 89742
81.17 89758
81.18 89771
81.19 89784
81.20 89799
81.21 89812
81.22 89826
81.23 89839
81.24 89851
81.26 89867
81.27 89879
81.28 89892
81.29 89905
81.30 89917
81.31 89930
81.32 89944
81.33 89956
81.34 89970
81.35 89984
81.36 90000
81.37 90015
81.38 90028
81.39 90043
81.40 90056
81.41 90070
81.42 90083
81.43 90095
81.44 90107
81.45 90122
81.46 90136
81.47 90147
81.48 90160
81.49 90175
81.50 90188
81.51 90203
81.52 90214
81.53 90225
81.54 90238
81.55 90254
81.56 90266
81.57 90280
81.58 90293
81.59 90304
81.60 90320
81.61 90332
81.62 90344
81.63 90355
81.64 90367
81.65 90379
81.66 90391
81.67 90404
81.68 90417
81.69 90429
81.70 90440
81.71 90453
81.72 90463
81.73 90477
81.75 90491
81.76 90502
81.77 90515
81.78 90531
81.79 90546
81.80 90559
81.81 90575
81.82 90590
81.83 90603
81.84 90619
81.85 90634
81.86 90647
81.87 90661
81.88 90672
81.89 90686
81.90 90700
81.91 90713
81.92 90725
81.93 90739
81.94 90750
81.95 90764
81.96 90775
81.97 90788
81.98 90798
81.99 90811
82.00 90822
82.01 90835
82.02 90846
82.03 90858
82.04 90870
82.05 90882
82.06 90894
82.07 90908
82.08 90921
82.09 90935
82.10 90949
82.11 90961
82.12 90972
82.13 90988
82.14 91004
82.15 91016
82.16 91028
82.17 91042
82.18 91052
82.19 91065
82.20 91077
82.21 91091
82.22 91101
82.24 91114
82.25 91127
82.26 91139
82.27 91150
82.28 91160
82.29 91174
82.30 91189
82.31 91201
82.32 91213
82.33 91224
82.34 91237
82.35 91251
82.36 91264
82.37 91275
82.38 91287
82.39 91297
82.40 91313
82.41 91326
82.42 91338
82.43 91351
82.44 91368
82.45 91381
82.46 91394
82.47 91408
82.48 91421
82.49 91434
82.50 91448
82.51 91463
82.52 91477
82.53 91491
82.54 91505
82.55 91518
82.56 91534
82.57 91549
82.58 91562
82.59 91575
82.60 91590
82.61 91604
82.62 91620
82.63 91634
82.64 91649
82.65 91665
82.66 91678
82.67 91691
82.68 91706
82.69 91718
82.70 91736
82.71 91752
82.73 91767
82.74 91782
82.75 91795
82.76 91809
82.77 91822
82.78 91836
82.79 91848
82.80 91862
82.81 91875
82.82 91887
82.83 91903
82.84 91918
82.85 91932
82.86 91948
82.87 91962
82.88 91976
82.89 91989
82.90 92003
82.91 92017
82.92 92030
82.93 92043
82.94 92053
82.95 92064
82.96 92075
82.97 92086
82.98 92097
82.99 92107
83.00 92120
83.01 92128
83.02 92139
83.03 92152
83.04 92162
83.05 92177
83.06 92191
83.07 92205
83.08 92219
83.09 92233
83.10 92248
83.11 92261
83.12 92273
83.13 92284
83.14 92297
83.15 92311
83.16 92323
83.17 92334
83.18 92345
83.19 92359
83.20 92372
83.22 92384
83.23 92396
83.24 92410
83.25 92423
83.26 92436
83.27 92447
83.28 92461
83.29 92474
83.30 92486
83.31 92497
83.32 92510
83.33 92524
83.34 92534
83.35 92546
83.36 92557
83.37 92570
83.38 92581
83.39 92592
83.40 92604
83.41 92620
83.42 92633
83.43 92646
83.44 92661
83.45 92673
83.46 92684
83.47 92696
83.48 92707
83.49 92721
83.50 92733
83.51 92747
83.52 92756
83.53 92767
83.54 92779
83.55 92794
83.56 92804
83.57 92820
83.58 92832
83.59 92845
83.60 92856
83.61 92869
83.62 92880
83.63 92890
83.64 92902
83.65 92916
83.66 92927
83.67 92940
83.68 92955
83.69 92970
83.71 92982
83.72 92996
83.73 93009
83.74 93023
83.75 93036
83.76 93047
83.77 93061
83.78 93075
83.79 93091
83.80 93106
83.81 93120
83.82 93136
83.83 93153
83.84 93165
83.85 93179
83.86 93194
83.87 93210
83.88 93227
83.89 93240
83.90 93254
83.91 93269
83.92 93282
83.93 93297
83.94 93311
83.95 93327
83.96 93342
83.97 93358
83.98 93370
83.99 93383
84.00 93395
84.01 93410
84.02 93421
84.03 93435
84.04 93448
84.05 93463
84.06 93477
84.07 93492
84.08 93509
84.09 93524
84.10 93535
84.11 93552
84.12 93566
84.13 93580
84.14 93594
84.15 93609
84.16 93622
84.17 93637
84.18 93652
84.20 93668
84.21 93683
84.22 93698
84.23 93712
84.24 93727
84.25 93741
84.26 93757
84.27 93771
84.28 93785
84.29 93798
84.30 93814
84.31 93828
84.32 93842
84.33 93857
84.34 93869
84.35 93883
84.36 93897
84.37 93910
84.38 93925
84.39 93940
84.40 93951
84.41 93966
84.42 93980
84.43 93994
84.44 94008
84.45 94020
84.46 94035
84.47 94049
84.48 94063
84.49 94074
84.50 94089
84.51 94101
84.52 94115
84.53 94127
84.54 94140
84.55 94152
84.56 94164
84.57 94176
84.58 94188
84.59 94199
84.60 94213
84.61 94226
84.62 94237
84.63 94248
84.64 94260
84.65 94273
84.66 94287
84.67 94297
84.69 94311
84.70 94325
84.71 94338
84.72 94350
84.73 94362
84.74 94374
84.75 94386
84.76 94398
84.77 94414
84.78 94428
84.79 94442
84.80 94454
84.81 94466
84.82 94478
84.83 94490
84.84 94503
84.85 94516
84.86 94529
84.87 94543
84.88 94555
84.89 94568
84.90 94578
84.91 94592
84.92 94604
84.93 94618
84.94 94634
84.95 94647
84.96 94661
84.97 94675
84.98 94688
84.99 94701
85.00 94715
85.01 94726
85.02 94740
85.03 94752
85.04 94762
85.05 94777
85.06 94789
85.07 94801
85.08 94812
85.09 94821
85.10 94833
85.11 94848
85.12 94862
85.13 94875
85.14 94886
85.15 94898
85.16 94910
85.18 94922
85.19 94934
85.20 94947
85.21 94959
85.22 94968
85.23 94979
85.24 94992
85.25 95005
85.26 95016
85.27 95029
85.28 95040
85.29 95051
85.30 95062
85.31 95078
85.32 95091
85.33 95104
85.34 95116
85.35 95128
85.36 95138
85.37 95150
85.38 95162
85.39 95174
85.40 95186
85.41 95195
85.42 95208
85.43 95217
85.44 95229
85.45 95240
85.46 95254
85.47 95267
85.48 95280
85.49 95291
85.50 95303
85.51 95313
85.52 95322
85.53 95334
85.54 95347
85.55 95359
85.56 95370
85.57 95384
85.58 95396
85.59 95410
85.60 95424
85.61 95440
85.62 95455
85.63 95468
85.64 95482
85.65 95496
85.67 95509
85.68 95523
85.69 95535
85.70 95548
85.71 95562
85.72 95576
85.73 95590
85.74 95603
85.75 95615
85.76 95628
85.77 95641
85.78 95654
85.79 95667
85.80 95681
85.81 95696
85.82 95709
85.83 95720
85.84 95731
85.85 95746
85.86 95758
85.87 95772
85.88 95784
85.89 95796
85.90 95809
85.91 95821
85.92 95835
85.93 95848
85.94 95860
85.95 95873
85.96 95887
85.97 95898
85.98 95908
85.99 95920
86.00 95931
86.01 95943
86.02 95957
86.03 95971
86.04 95984
86.05 96000
86.06 96016
86.07 96031
86.08 96044
86.09 96056
86.10 96070
86.11 96083
86.12 96097
86.13 96110
86.14 96126
86.16 96139
86.17 96152
86.18 96162
86.19 96173
86.20 96185
86.21 96196
86.22 96208
86.23 96222
86.24 96233
86.25 96244
86.26 96255
86.27 96267
86.28 96279
86.29 96295
86.30 96310
86.31 96322
86.32 96335
86.33 96348
86.34 96363
86.35 96376
86.36 96390
86.37 96404
86.38 96415
86.39 96429
86.40 96442
86.41 96457
86.42 96470
86.43 96483
86.44 96495
86.45 96508
86.46 96521
86.47 96534
86.48 96549
86.49 96560
86.50 96572
86.51 96585
86.52 96596
86.53 96610
86.54 96626
86.55 96643
86.56 96655
86.57 96670
86.58 96684
86.59 96698
86.60 96711
86.61 96724
86.62 96739
86.63 96753
86.64 96767
86.66 96782
86.67 96798
86.68 96811
86.69 96824
86.70 96836
86.71 96850
86.72 96863
86.73 96877
86.74 96891
86.75 96904
86.76 96916
86.77 96927
86.78 96940
86.79 96953
86.80 96967
86.81 96980
86.82 96993
86.83 97003
86.84 97015
86.85 97029
86.86 97044
86.87 97058
86.88 97069
86.89 97083
86.90 97095
86.91 97108
86.92 97124
86.93 97138
86.94 97150
86.95 97164
86.96 97181
86.97 97197
86.98 97210
86.99 97224
87.00 97238
87.01 97252
87.02 97266
87.03 97280
87.04 97294
87.05 97309
87.06 97320
87.07 97336
87.08 97351
87.09 97364
87.10 97381
87.11 97393
87.12 97407
87.13 97421
87.15 97435
87.16 97451
87.17 97465
87.18 97481
87.19 97496
87.20 97513
87.21 97529
87.22 97543
87.23 97556
87.24 97571
87.25 97585
87.26 97598
87.27 97611
87.28 97625
87.29 97639
87.30 97655
87.31 97667
87.32 97682
87.33 97696
87.34 97709
87.35 97723
87.36 97737
87.37 97748
87.38 97761
87.39 97775
87.40 97787
87.41 97797
87.42 97810
87.43 97823
87.44 97836
87.45 97851
87.46 97866
87.47 97879
87.48 97893
87.49 97907
87.50 97923
87.51 97937
87.52 97951
87.53 97965
87.54 97979
87.55 97992
87.56 98005
87.57 98019
87.58 98032
87.59 98045
87.60 98058
87.61 98070
87.62 98083
87.64 98094
87.65 98109
87.66 98121
87.67 98134
87.68 98147
87.69 98163
87.70 98175
87.71 98189
87.72 98203
87.73 98215
87.74 98229
87.75 98241
87.76 98253
87.77 98265
87.78 98278
87.79 98292
87.80 98305
87.81 98317
87.82 98329
87.83 98343
87.84 98357
87.85 98368
87.86 98383
87.87 98396
87.88 98408
87.89 98420
87.90 98433
87.91 98446
87.92 98458
87.93 98472
87.94 98486
87.95 98498
87.96 98511
87.97 98527
87.98 98541
87.99 98554
88.00 98568
88.01 98582
88.02 98597
88.03 98609
88.04 98623
88.05 98636
88.06 98651
88.07 98664
88.08 98679
88.09 98692
88.10 98707
88.11 98720
88.13 98735
88.14 98751
88.15 98766
88.16 98780
88.17 98794
88.18 98806
88.19 98822
88.20 98838
88.21 98852
88.22 98865
88.23 98878
88.24 98890
88.25 98903
88.26 98915
88.27 98925
88.28 98938
88.29 98950
88.30 98962
88.31 98977
88.32 98988
88.33 99001
88.34 99015
88.35 99027
88.36 99041
88.37 99055
88.38 99069
88.39 99082
88.40 99095
88.41 99107
88.42 99119
88.43 99131
88.44 99143
88.45 99156
88.46 99169
88.47 99182
88.48 99194
88.49 99209
88.50 99224
88.51 99238
88.52 99250
88.53 99261
88.54 99274
88.55 99289
88.56 99304
88.57 99316
88.58 99330
88.59 99343
88.60 99358
88.62 99373
88.63 99389
88.64 99402
88.65 99414
88.66 99426
88.67 99438
88.68 99450
88.69 99462
88.70 99475
88.71 99489
88.72 99503
88.73 99518
88.74 99531
88.75 99545
88.76 99558
88.77 99571
88.78 99583
88.79 99594
88.80 99609
88.81 99620
88.82 99633
88.83 99643
88.84 99656
88.85 99671
88.86 99682
88.87 99695
88.88 99708
88.89 99720
88.90 99735
88.91 99748
88.92 99762
88.93 99774
88.94 99789
88.95 99803
88.96 99817
88.97 99829
88.98 99842
88.99 99854
89.00 99867
89.01 99879
89.02 99891
89.03 99905
89.04 99915
89.05 99928
89.06 99940
89.07 99952
89.08 99965
89.09 99975
89.11 99986
89.12 99996
89.13 100008
89.14 100019
89.15 100030
89.16 100041
89.17 100051
89.18 100071
89.19 100092
89.20 100105
89.21 100118
89.22 100130
89.23 100142
89.24 100154
89.25 100163
89.26 100171
89.27 100183
89.28 100195
89.29 100207
89.30 100218
89.31 100230
89.32 100244
89.33 100258
89.34 100267
89.35 100277
89.36 100289
89.37 100298
89.38 100309
89.39 100321
89.40 100332
89.41 100340
89.42 100355
89.43 100367
89.44 100383
89.45 100397
89.46 100412
89.47 100426
89.48 100440
89.49 100453
89.50 100467
89.51 100478
89.52 100493
89.53 100508
89.54 100523
89.55 100540
89.56 100554
89.57 100569
89.58 100583
89.60 100597
89.61 100611
89.62 100625
89.63 100638
89.64 100652
89.65 100664
89.66 100681
89.67 100693
89.68 100708
89.69 100718
89.70 100732
89.71 100744
89.72 100758
89.73 100770
89.74 100788
89.75 100802
89.76 100816
89.77 100831
89.78 100843
89.79 100857
89.80 100871
89.81 100887
89.82 100899
89.83 100913
89.84 100926
89.85 100939
89.86 100950
89.87 100964
89.88 100979
89.89 100989
89.90 101001
89.91 101019
89.92 101035
89.93 101047
89.94 101062
89.95 101076
89.96 101088
89.97 101101
89.98 101118
89.99 101131
90.00 101145
90.01 101161
90.02 101174
90.03 101187
90.04 101202
90.05 101212
90.06 101225
90.07 101238
90.09 101251
90.10 101263
90.11 101277
90.12 101290
90.13 101304
90.14 101317
90.15 101330
90.16 101342
90.17 101354
90.18 101366
90.19 101379
90.20 101390
90.21 101402
90.22 101415
90.23 101431
90.24 101443
90.25 101456
90.26 101464
90.27 101475
90.28 101486
90.29 101497
90.30 101510
90.31 101519
90.32 101530
90.33 101544
90.34 101554
90.35 101567
90.36 101576
90.37 101591
90.38 101606
90.39 101619
90.40 101632
90.41 101642
90.42 101656
90.43 101668
90.44 101679
90.45 101693
90.46 101708
90.47 101720
90.48 101733
90.49 101749
90.50 101761
90.51 101771
90.52 101782
90.53 101795
90.54 101808
90.55 101822
90.56 101835
90.58 101848
90.59 101859
90.60 101871
90.61 101885
90.62 101900
90.63 101915
90.64 101930
90.65 101945
90.66 101960
90.67 101974
90.68 101988
90.69 102002
90.70 102018
90.71 102032
90.72 102044
90.73 102059
90.74 102072
90.75 102085
90.76 102100
90.77 102115
90.78 102129
90.79 102144
90.80 102158
90.81 102172
90.82 102189
90.83 102203
90.84 102215
90.85 102227
90.86 102239
90.87 102251
90.88 102264
90.89 102276
90.90 102288
90.91 102300
90.92 102312
90.93 102324
90.94 102338
90.95 102350
90.96 102363
90.97 102376
90.98 102388
90.99 102401
91.00 102414
91.01 102428
91.02 102440
91.03 102453
91.04 102465
91.05 102480
91.07 102495
91.08 102507
91.09 102520
91.10 102532
91.11 102542
91.12 102556
91.13 102569
91.14 102580
91.15 102594
91.16 102607
91.17 102621
91.18 102636
91.19 102648
91.20 102660
91.21 102670
91.22 102685
91.23 102698
91.24 102710
91.25 102723
91.26 102737
91.27 102750
91.28 102762
91.29 102774
91.30 102786
91.31 102801
91.32 102812
91.33 102823
91.34 102838
91.35 102851
91.36 102862
91.37 102873
91.38 102886
91.39 102899
91.40 102914
91.41 102924
91.42 102937
91.43 102948
91.44 102961
91.45 102972
91.46 102983
91.47 102994
91.48 103006
91.49 103018
91.50 103030
91.51 103044
91.52 103055
91.53 103067
91.54 103078
91.56 103090
91.57 103100
91.58 103116
91.59 103128
91.60 103142
91.61 103153
91.62 103166
91.63 103180
91.64 103193
91.65 103203
91.66 103217
91.67 103229
91.68 103240
91.69 103252
91.70 103264
91.71 103280
91.72 103296
91.73 103308
91.74 103318
91.75 103332
91.76 103345
91.77 103361
91.78 103375
91.79 103388
91.80 103399
91.81 103411
91.82 103423
91.83 103435
91.84 103449
91.85 103460
91.86 103473
91.87 103484
91.88 103492
91.89 103504
91.90 103518
91.91 103531
91.92 103543
91.93 103556
91.94 103570
91.95 103585
91.96 103600
91.97 103615
91.98 103627
91.99 103640
92.00 103652
92.01 103668
92.02 103684
92.03 103697
92.04 103711
92.06 103723
92.07 103735
92.08 103748
92.09 103761
92.10 103776
92.11 103787
92.12 103801
92.13 103813
92.14 103827
92.15 103841
92.16 103854
92.17 103868
92.18 103880
92.19 103894
92.20 103909
92.21 103922
92.22 103935
92.23 103950
92.24 103965
92.25 103977
92.26 103989
92.27 104000
92.28 104013
92.29 104024
92.30 104041
92.31 104053
92.32 104065
92.33 104076
92.34 104088
92.35 104100
92.36 104116
92.37 104131
92.38 104145
92.39 104160
92.40 104176
92.41 104191
92.42 104206
92.43 104221
92.44 104234
92.45 104251
92.46 104269
92.47 104284
92.48 104297
92.49 104313
92.50 104329
92.51 104342
92.52 104356
92.53 104368
92.55 104383
92.56 104397
92.57 104411
92.58 104426
92.59 104441
92.60 104456
92.61 104470
92.62 104483
92.63 104498
92.64 104511
92.65 104525
92.66 104538
92.67 104551
92.68 104563
92.69 104578
92.70 104593
92.71 104609
92.72 104622
92.73 104638
92.74 104653
92.75 104667
92.76 104679
92.77 104695
92.78 104710
92.79 104724
92.80 104738
92.81 104752
92.82 104767
92.83 104780
92.84 104792
92.85 104807
92.86 104821
92.87 104836
92.88 104852
92.89 104866
92.90 104881
92.91 104895
92.92 104907
92.93 104918
92.94 104929
92.95 104945
92.96 104956
92.97 104970
92.98 104984
92.99 105001
93.00 105014
93.01 105027
93.02 105037
93.04 105050
93.05 105062
93.06 105078
93.07 105089
93.08 105101
93.09 105113
93.10 105125
93.11 105136
93.12 105145
93.13 105158
93.14 105168
93.15 105182
93.16 105195
93.17 105207
93.18 105216
93.19 105228
93.20 105237
93.21 105249
93.22 105262
93.23 105273
93.24 105285
93.25 105294
93.26 105305
93.27 105315
93.28 105325
93.29 105335
93.30 105345
93.31 105356
93.32 105372
93.33 105384
93.34 105398
93.35 105412
93.36 105424
93.37 105437
93.38 105449
93.39 105461
93.40 105473
93.41 105487
93.42 105499
93.43 105513
93.44 105525
93.45 105537
93.46 105549
93.47 105561
93.48 105575
93.49 105587
93.50 105600
93.51 105613
93.53 105626
93.54 105639
93.55 105651
93.56 105665
93.57 105680
93.58 105693
93.59 105710
93.60 105724
93.61 105736
93.62 105749
93.63 105760
93.64 105774
93.65 105786
93.66 105799
93.67 105812
93.68 105826
93.69 105837
93.70 105848
93.71 105862
93.72 105876
93.73 105890
93.74 105902
93.75 105914
93.76 105928
93.77 105943
93.78 105957
93.79 105967
93.80 105980
93.81 105993
93.82 106006
93.83 106018
93.84 106029
93.85 106040
93.86 106057
93.87 106068
93.88 106084
93.89 106097
93.90 106114
93.91 106126
93.92 106140
93.93 106153
93.94 106165
93.95 106178
93.96 106191
93.97 106204
93.98 106218
93.99 106232
94.00 106246
94.02 106258
94.03 106269
94.04 106283
94.05 106294
94.06 106305
94.07 106319
94.08 106333
94.09 106346
94.10 106360
94.11 106374
94.12 106388
94.13 106402
94.14 106416
94.15 106430
94.16 106444
94.17 106458
94.18 106471
94.19 106484
94.20 106499
94.21 106512
94.22 106527
94.23 106540
94.24 106554
94.25 106566
94.26 106579
94.27 106589
94.28 106602
94.29 106614
94.30 106624
94.31 106637
94.32 106649
94.33 106662
94.34 106673
94.35 106683
94.36 106696
94.37 106711
94.38 106723
94.39 106733
94.40 106745
94.41 106758
94.42 106773
94.43 106784
94.44 106799
94.45 106810
94.46 106825
94.47 106836
94.48 106849
94.49 106862
94.51 106874
94.52 106887
94.53 106897
94.54 106911
94.55 106922
94.56 106937
94.57 106949
94.58 106959
94.59 106972
94.60 106987
94.61 106999
94.62 107012
94.63 107024
94.64 107040
94.65 107056
94.66 107067
94.67 107081
94.68 107093
94.69 107106
94.70 107119
94.71 107132
94.72 107144
94.73 107159
94.74 107170
94.75 107181
94.76 107193
94.77 107204
94.78 107216
94.79 107230
94.80 107243
94.81 107255
94.82 107271
94.83 107284
94.84 107299
94.85 107311
94.86 107322
94.87 107334
94.88 107347
94.89 107360
94.90 107373
94.91 107386
94.92 107401
94.93 107415
94.94 107430
94.95 107444
94.96 107458
94.97 107471
94.98 107484
95.00 107495
95.01 107510
95.02 107524
95.03 107538
95.04 107554
95.05 107568
95.06 107583
95.07 107597
95.08 107612
95.09 107624
95.10 107637
95.11 107649
95.12 107663
95.13 107675
95.14 107689
95.15 107703
95.16 107714
95.17 107731
95.18 107744
95.19 107756
95.20 107766
95.21 107778
95.22 107790
95.23 107801
95.24 107811
95.25 107820
95.26 107831
95.27 107843
95.28 107856
95.29 107866
95.30 107879
95.31 107889
95.32 107903
95.33 107916
95.34 107927
95.35 107936
95.36 107947
95.37 107955
95.38 107968
95.39 107979
95.40 107995
95.41 108007
95.42 108021
95.43 108033
95.44 108046
95.45 108057
95.46 108068
95.47 108081
95.49 108094
95.50 108107
95.51 108119
95.52 108134
95.53 108148
95.54 108161
95.55 108175
95.56 108188
95.57 108204
95.58 108216
95.59 108229
95.60 108240
95.61 108256
95.62 108272
95.63 108285
95.64 108300
95.65 108313
95.66 108327
95.67 108339
95.68 108349
95.69 108361
95.70 108375
95.71 108390
95.72 108403
95.73 108414
95.74 108430
95.75 108446
95.76 108458
95.77 108472
95.78 108487
95.79 108501
95.80 108514
95.81 108528
95.82 108541
95.83 108554
95.84 108566
95.85 108580
95.86 108593
95.87 108606
95.88 108619
95.89 108633
95.90 108649
95.91 108660
95.92 108673
95.93 108684
95.94 108699
95.95 108715
95.96 108730
95.98 108744
95.99 108754
96.00 108765
96.01 108776
96.02 108788
96.03 108800
96.04 108812
96.05 108826
96.06 108843
96.07 108856
96.08 108870
96.09 108883
96.10 108899
96.11 108914
96.12 108927
96.13 108942
96.14 108957
96.15 108970
96.16 108984
96.17 109000
96.18 109013
96.19 109029
96.20 109045
96.21 109058
96.22 109073
96.23 109087
96.24 109101
96.25 109113
96.26 109124
96.27 109137
96.28 109150
96.29 109161
96.30 109175
96.31 109188
96.32 109201
96.33 109213
96.34 109224
96.35 109233
96.36 109243
96.37 109253
96.38 109266
96.39 109279
96.40 109290
96.41 109302
96.42 109314
96.43 109323
96.44 109335
96.45 109345
96.47 109357
96.48 109372
96.49 109383
96.50 109393
96.51 109406
96.52 109420
96.53 109431
96.54 109442
96.55 109455
96.56 109466
96.57 109476
96.58 109485
96.59 109497
96.60 109512
96.61 109520
96.62 109530
96.63 109544
96.64 109558
96.65 109572
96.66 109586
96.67 109598
96.68 109609
96.69 109624
96.70 109637
96.71 109652
96.72 109665
96.73 109677
96.74 109690
96.75 109704
96.76 109716
96.77 109730
96.78 109740
96.79 109753
96.80 109766
96.81 109778
96.82 109790
96.83 109803
96.84 109817
96.85 109831
96.86 109845
96.87 109858
96.88 109872
96.89 109886
96.90 109900
96.91 109910
96.92 109924
96.93 109938
96.94 109950
96.95 109966
96.97 109980
96.98 109993
96.99 110008
97.00 110021
97.01 110036
97.02 110048
97.03 110062
97.04 110074
97.05 110088
97.06 110100
97.07 110113
97.08 110126
97.09 110138
97.10 110151
97.11 110163
97.12 110178
97.13 110190
97.14 110201
97.15 110214
97.16 110226
97.17 110240
97.18 110252
97.19 110265
97.20 110278
97.21 110289
97.22 110298
97.23 110312
97.24 110323
97.25 110337
97.26 110348
97.27 110361
97.28 110371
97.29 110383
97.30 110394
97.31 110406
97.32 110418
97.33 110431
97.34 110444
97.35 110454
97.36 110464
97.37 110479
97.38 110490
97.39 110503
97.40 110519
97.41 110531
97.42 110543
97.43 110557
97.44 110571
97.46 110584
97.47 110595
97.48 110608
97.49 110623
97.50 110641
97.51 110654
97.52 110667
97.53 110684
97.54 110700
97.55 110714
97.56 110726
97.57 110737
97.58 110751
97.59 110764
97.60 110776
97.61 110793
97.62 110808
97.63 110822
97.64 110838
97.65 110852
97.66 110866
97.67 110877
97.68 110892
97.69 110908
97.70 110923
97.71 110936
97.72 110950
97.73 110964
97.74 110979
97.75 110991
97.76 111004
97.77 111020
97.78 111034
97.79 111048
97.80 111061
97.81 111075
97.82 111087
97.83 111101
97.84 111112
97.85 111124
97.86 111138
97.87 111151
97.88 111161
97.89 111173
97.90 111186
97.91 111199
97.92 111212
97.93 111228
97.95 111242
97.96 111255
97.97 111268
97.98 111281
97.99 111298
98.00 111310
98.01 111323
98.02 111336
98.03 111348
98.04 111363
98.05 111377
98.06 111390
98.07 111402
98.08 111417
98.09 111433
98.10 111448
98.11 111459
98.12 111474
98.13 111487
98.14 111499
98.15 111512
98.16 111524
98.17 111536
98.18 111548
98.19 111561
98.20 111575
98.21 111589
98.22 111599
98.23 111615
98.24 111627
98.25 111642
98.26 111656
98.27 111671
98.28 111688
98.29 111702
98.30 111715
98.31 111728
98.32 111742
98.33 111754
98.34 111768
98.35 111780
98.36 111795
98.37 111808
98.38 111821
98.39 111833
98.40 111849
98.41 111864
98.42 111879
98.44 111895
98.45 111907
98.46 111919
98.47 111932
98.48 111945
98.49 111956
98.50 111969
98.51 111983
98.52 111997
98.53 112012
98.54 112023
98.55 112036
98.56 112049
98.57 112064
98.58 112075
98.59 112089
98.60 112100
98.61 112111
98.62 112124
98.63 112137
98.64 112150
98.65 112167
98.66 112183
98.67 112195
98.68 112207
98.69 112220
98.70 112232
98.71 112244
98.72 112258
98.73 112273
98.74 112288
98.75 112301
98.76 112314
98.77 112327
98.78 112340
98.79 112355
98.80 112369
98.81 112384
98.82 112402
98.83 112417
98.84 112430
98.85 112446
98.86 112461
98.87 112473
98.88 112486
98.89 112501
98.90 112515
98.91 112529
98.93 112540
98.94 112552
98.95 112563
98.96 112575
98.97 112587
98.98 112597
98.99 112610
99.00 112621
99.01 112634
99.02 112646
99.03 112660
99.04 112674
99.05 112687
99.06 112700
99.07 112713
99.08 112724
99.09 112735
99.10 112747
99.11 112760
99.12 112772
99.13 112785
99.14 112797
99.15 112810
99.16 112822
99.17 112833
99.18 112844
99.19 112855
99.20 112868
99.21 112879
99.22 112890
99.23 112901
99.24 112915
99.25 112928
99.26 112939
99.27 112952
99.28 112964
99.29 112977
99.30 112990
99.31 113004
99.32 113017
99.33 113028
99.34 113042
99.35 113055
99.36 113068
99.37 113081
99.38 113092
99.39 113103
99.40 113116
99.42 113128
99.43 113141
99.44 113154
99.45 113168
99.46 113183
99.47 113197
99.48 113210
99.49 113224
99.50 113240
99.51 113255
99.52 113267
99.53 113282
99.54 113295
99.55 113309
99.56 113320
99.57 113333
99.58 113346
99.59 113362
99.60 113373
99.61 113387
99.62 113399
99.63 113413
99.64 113426
99.65 113439
99.66 113453
99.67 113469
99.68 113482
99.69 113498
99.70 113510
99.71 113522
99.72 113535
99.73 113550
99.74 113563
99.75 113576
99.76 113588
99.77 113602
99.78 113616
99.79 113629
99.80 113643
99.81 113656
99.82 113668
99.83 113680
99.84 113693
99.85 113709
99.86 113721
99.87 113736
99.88 113751
99.89 113765
99.91 113781
99.92 113794
99.93 113809
99.94 113825
99.95 113837
99.96 113850
99.97 113862
99.98 113876
99.99 113888
100.00 113902
