0.00 0
0.01 15
0.02 29
0.03 42
0.04 52
0.05 63
0.06 73
0.07 74
0.08 77
0.10 81
0.11 90
0.12 101
0.13 107
0.14 113
0.15 120
0.16 128
0.17 133
0.18 142
0.19 149
0.20 153
0.21 160
0.22 163
0.23 165
0.24 166
0.25 170
0.26 171
0.28 173
0.29 176
0.30 176
0.31 179
0.32 179
0.33 180
0.34 180
0.35 182
0.36 182
0.37 184
0.38 185
0.39 185
0.40 187
0.41 187
0.42 188
0.43 188
0.44 190
0.45 190
0.47 191
0.48 191
0.49 193
0.50 193
0.51 194
0.52 194
0.53 195
0.54 195
0.55 196
0.56 197
0.57 200
0.58 200
0.59 201
0.60 205
0.61 209
0.62 214
0.63 218
0.65 220
0.66 227
0.67 232
0.68 241
0.69 244
0.70 248
0.71 254
0.72 258
0.73 261
0.74 265
0.75 275
0.76 278
0.77 281
0.78 284
0.79 287
0.80 288
0.81 290
0.83 294
0.84 299
0.85 303
0.86 303
0.87 307
0.88 309
0.89 310
0.90 315
0.91 320
0.92 332
0.93 337
0.94 339
0.95 344
0.96 344
0.97 345
0.98 346
0.99 350
1.01 352
1.02 352
1.03 353
1.04 355
1.05 356
1.06 358
1.07 358
1.08 358
1.09 358
1.10 358
1.11 358
1.12 362
1.13 365
1.14 365
1.15 365
1.16 367
1.17 367
1.19 367
1.20 367
1.21 372
1.22 373
1.23 373
1.24 378
1.25 380
1.26 386
1.27 386
1.28 390
1.29 395
1.30 395
1.31 397
1.32 399
1.33 399
1.34 403
1.35 403
1.36 403
1.38 408
1.39 410
1.40 410
1.41 411
1.42 411
1.43 418
1.44 418
1.45 418
1.46 423
1.47 426
1.48 426
1.49 426
1.50 430
1.51 430
1.52 430
1.53 432
1.54 432
1.56 432
1.57 434
1.58 435
1.59 435
1.60 436
1.61 439
1.62 442
1.63 442
1.64 447
1.65 447
1.66 450
1.67 450
1.68 452
1.69 452
1.70 456
1.71 456
1.72 456
1.74 459
1.75 460
1.76 461
1.77 465
1.78 467
1.79 471
1.80 471
1.81 477
1.82 481
1.83 484
1.84 484
1.85 484
1.86 490
1.87 499
1.88 499
1.89 503
1.90 508
1.92 515
1.93 524
1.94 532
1.95 537
1.96 544
1.97 551
1.98 553
1.99 556
2.00 565
2.01 573
2.02 578
2.03 583
2.04 591
2.05 599
2.06 604
2.07 613
2.08 619
2.10 629
2.11 637
2.12 642
2.13 649
2.14 654
2.15 659
2.16 665
2.17 670
2.18 676
2.19 681
2.20 689
2.21 692
2.22 698
2.23 702
2.24 712
2.25 715
2.26 716
2.27 718
2.29 720
2.30 721
2.31 721
2.32 721
2.33 724
2.34 733
2.35 738
2.36 742
2.37 748
2.38 753
2.39 757
2.40 763
2.41 767
2.42 773
2.43 779
2.44 785
2.45 787
2.47 793
2.48 796
2.49 803
2.50 806
2.51 810
2.52 816
2.53 823
2.54 826
2.55 833
2.56 839
2.57 844
2.58 850
2.59 855
2.60 860
2.61 865
2.62 872
2.63 877
2.65 882
2.66 887
2.67 892
2.68 896
2.69 901
2.70 907
2.71 913
2.72 920
2.73 925
2.74 928
2.75 935
2.76 941
2.77 946
2.78 951
2.79 957
2.80 960
2.81 962
2.83 965
2.84 971
2.85 975
2.86 979
2.87 984
2.88 989
2.89 997
2.90 1005
2.91 1011
2.92 1016
2.93 1019
2.94 1020
2.95 1026
2.96 1028
2.97 1037
2.98 1044
2.99 1048
3.01 1051
3.02 1052
3.03 1058
3.04 1065
3.05 1068
3.06 1073
3.07 1078
3.08 1083
3.09 1089
3.10 1093
3.11 1094
3.12 1098
3.13 1104
3.14 1109
3.15 1114
3.16 1121
3.17 1126
3.18 1129
3.20 1137
3.21 1145
3.22 1150
3.23 1152
3.24 1153
3.25 1155
3.26 1158
3.27 1163
3.28 1167
3.29 1171
3.30 1172
3.31 1179
3.32 1185
3.33 1190
3.34 1194
3.35 1199
3.36 1202
3.38 1208
3.39 1210
3.40 1211
3.41 1217
3.42 1225
3.43 1231
3.44 1234
3.45 1240
3.46 1246
3.47 1250
3.48 1255
3.49 1258
3.50 1263
3.51 1270
3.52 1276
3.53 1279
3.54 1285
3.56 1288
3.57 1293
3.58 1298
3.59 1303
3.60 1307
3.61 1312
3.62 1316
3.63 1320
3.64 1325
3.65 1330
3.66 1337
3.67 1343
3.68 1353
3.69 1357
3.70 1359
3.71 1361
3.72 1363
3.74 1367
3.75 1370
3.76 1375
3.77 1380
3.78 1384
3.79 1384
3.80 1394
3.81 1397
3.82 1399
3.83 1406
3.84 1408
3.85 1412
3.86 1415
3.87 1416
3.88 1422
3.89 1428
3.90 1432
3.92 1434
3.93 1436
3.94 1441
3.95 1445
3.96 1450
3.97 1457
3.98 1464
3.99 1467
4.00 1470
4.01 1470
4.02 1477
4.03 1486
4.04 1492
4.05 1497
4.06 1502
4.07 1508
4.08 1514
4.09 1518
4.11 1523
4.12 1529
4.13 1536
4.14 1543
4.15 1547
4.16 1554
4.17 1558
4.18 1562
4.19 1567
4.20 1572
4.21 1575
4.22 1582
4.23 1586
4.24 1592
4.25 1593
4.26 1596
4.27 1601
4.29 1606
4.30 1614
4.31 1622
4.32 1631
4.33 1634
4.34 1637
4.35 1641
4.36 1644
4.37 1648
4.38 1652
4.39 1655
4.40 1660
4.41 1663
4.42 1668
4.43 1674
4.44 1678
4.45 1684
4.47 1688
4.48 1693
4.49 1699
4.50 1702
4.51 1705
4.52 1712
4.53 1715
4.54 1721
4.55 1725
4.56 1730
4.57 1732
4.58 1735
4.59 1740
4.60 1742
4.61 1746
4.62 1751
4.63 1754
4.65 1758
4.66 1761
4.67 1766
4.68 1770
4.69 1774
4.70 1779
4.71 1783
4.72 1790
4.73 1796
4.74 1800
4.75 1804
4.76 1812
4.77 1820
4.78 1824
4.79 1827
4.80 1829
4.81 1832
4.83 1837
4.84 1843
4.85 1849
4.86 1855
4.87 1858
4.88 1859
4.89 1861
4.90 1863
4.91 1868
4.92 1876
4.93 1882
4.94 1888
4.95 1893
4.96 1896
4.97 1901
4.98 1908
4.99 1915
5.00 1919
5.02 1926
5.03 1932
5.04 1938
5.05 1943
5.06 1947
5.07 1953
5.08 1961
5.09 1967
5.10 1971
5.11 1975
5.12 1979
5.13 1985
5.14 1990
5.15 1994
5.16 1997
5.17 2002
5.18 2005
5.20 2011
5.21 2014
5.22 2019
5.23 2020
5.24 2025
5.25 2031
5.26 2032
5.27 2034
5.28 2039
5.29 2043
5.30 2049
5.31 2054
5.32 2060
5.33 2065
5.34 2069
5.35 2075
5.36 2081
5.38 2087
5.39 2091
5.40 2095
5.41 2100
5.42 2106
5.43 2113
5.44 2118
5.45 2125
5.46 2132
5.47 2137
5.48 2143
5.49 2149
5.50 2151
5.51 2156
5.52 2161
5.53 2166
5.54 2172
5.56 2175
5.57 2178
5.58 2183
5.59 2188
5.60 2192
5.61 2199
5.62 2204
5.63 2209
5.64 2213
5.65 2215
5.66 2217
5.67 2219
5.68 2219
5.69 2222
5.70 2227
5.71 2232
5.72 2238
5.74 2244
5.75 2248
5.76 2254
5.77 2259
5.78 2264
5.79 2268
5.80 2272
5.81 2279
5.82 2285
5.83 2288
5.84 2291
5.85 2298
5.86 2301
5.87 2305
5.88 2308
5.89 2315
5.90 2320
5.91 2323
5.93 2326
5.94 2328
5.95 2334
5.96 2340
5.97 2343
5.98 2350
5.99 2355
6.00 2358
6.01 2363
6.02 2366
6.03 2370
6.04 2373
6.05 2376
6.06 2380
6.07 2384
6.08 2387
6.09 2391
6.11 2395
6.12 2400
6.13 2404
6.14 2410
6.15 2413
6.16 2418
6.17 2423
6.18 2426
6.19 2431
6.20 2437
6.21 2439
6.22 2443
6.23 2447
6.24 2452
6.25 2455
6.26 2461
6.27 2466
6.29 2469
6.30 2473
6.31 2478
6.32 2482
6.33 2485
6.34 2488
6.35 2489
6.36 2489
6.37 2493
6.38 2498
6.39 2502
6.40 2507
6.41 2512
6.42 2515
6.43 2522
6.44 2527
6.45 2532
6.47 2536
6.48 2543
6.49 2546
6.50 2551
6.51 2559
6.52 2563
6.53 2568
6.54 2571
6.55 2577
6.56 2582
6.57 2585
6.58 2590
6.59 2594
6.60 2599
6.61 2603
6.62 2607
6.63 2608
6.65 2616
6.66 2619
6.67 2622
6.68 2628
6.69 2632
6.70 2636
6.71 2637
6.72 2641
6.73 2647
6.74 2654
6.75 2660
6.76 2667
6.77 2674
6.78 2679
6.79 2682
6.80 2686
6.81 2692
6.82 2698
6.84 2702
6.85 2708
6.86 2712
6.87 2718
6.88 2721
6.89 2724
6.90 2729
6.91 2732
6.92 2737
6.93 2742
6.94 2748
6.95 2753
6.96 2758
6.97 2766
6.98 2771
6.99 2776
7.00 2780
7.02 2785
7.03 2789
7.04 2793
7.05 2799
7.06 2804
7.07 2809
7.08 2815
7.09 2818
7.10 2819
7.11 2822
7.12 2826
7.13 2833
7.14 2838
7.15 2840
7.16 2843
7.17 2850
7.18 2855
7.20 2860
7.21 2862
7.22 2866
7.23 2870
7.24 2876
7.25 2879
7.26 2884
7.27 2887
7.28 2890
7.29 2895
7.30 2902
7.31 2911
7.32 2915
7.33 2918
7.34 2921
7.35 2923
7.36 2926
7.38 2930
7.39 2934
7.40 2937
7.41 2941
7.42 2946
7.43 2950
7.44 2955
7.45 2959
7.46 2966
7.47 2973
7.48 2981
7.49 2987
7.50 2992
7.51 2998
7.52 3000
7.53 3002
7.54 3007
7.56 3015
7.57 3018
7.58 3021
7.59 3024
7.60 3033
7.61 3039
7.62 3048
7.63 3054
7.64 3061
7.65 3064
7.66 3068
7.67 3070
7.68 3073
7.69 3076
7.70 3079
7.71 3084
7.72 3089
7.73 3094
7.75 3099
7.76 3103
7.77 3110
7.78 3115
7.79 3118
7.80 3124
7.81 3128
7.82 3134
7.83 3138
7.84 3145
7.85 3150
7.86 3158
7.87 3159
7.88 3163
7.89 3168
7.90 3173
7.91 3180
7.93 3184
7.94 3188
7.95 3195
7.96 3201
7.97 3207
7.98 3214
7.99 3219
8.00 3225
8.01 3230
8.02 3234
8.03 3239
8.04 3241
8.05 3248
8.06 3255
8.07 3260
8.08 3271
8.09 3274
8.11 3279
8.12 3281
8.13 3282
8.14 3289
8.15 3294
8.16 3299
8.17 3301
8.18 3307
8.19 3309
8.20 3312
8.21 3317
8.22 3321
8.23 3327
8.24 3332
8.25 3334
8.26 3338
8.27 3346
8.29 3350
8.30 3354
8.31 3361
8.32 3364
8.33 3368
8.34 3373
8.35 3377
8.36 3380
8.37 3383
8.38 3384
8.39 3390
8.40 3396
8.41 3402
8.42 3408
8.43 3412
8.44 3417
8.45 3424
8.47 3432
8.48 3440
8.49 3445
8.50 3449
8.51 3454
8.52 3459
8.53 3461
8.54 3467
8.55 3471
8.56 3475
8.57 3482
8.58 3487
8.59 3492
8.60 3495
8.61 3499
8.62 3504
8.63 3512
8.64 3517
8.66 3523
8.67 3527
8.68 3531
8.69 3537
8.70 3539
8.71 3543
8.72 3546
8.73 3551
8.74 3554
8.75 3559
8.76 3563
8.77 3568
8.78 3572
8.79 3577
8.80 3581
8.81 3584
8.82 3587
8.84 3590
8.85 3593
8.86 3598
8.87 3605
8.88 3609
8.89 3613
8.90 3619
8.91 3623
8.92 3626
8.93 3629
8.94 3633
8.95 3640
8.96 3645
8.97 3652
8.98 3658
8.99 3664
9.00 3666
9.02 3674
9.03 3679
9.04 3683
9.05 3688
9.06 3691
9.07 3693
9.08 3698
9.09 3700
9.10 3707
9.11 3710
9.12 3716
9.13 3719
9.14 3721
9.15 3725
9.16 3731
9.17 3735
9.18 3739
9.20 3741
9.21 3744
9.22 3747
9.23 3751
9.24 3754
9.25 3758
9.26 3763
9.27 3767
9.28 3771
9.29 3777
9.30 3781
9.31 3785
9.32 3790
9.33 3798
9.34 3802
9.35 3807
9.36 3815
9.38 3823
9.39 3825
9.40 3830
9.41 3837
9.42 3845
9.43 3852
9.44 3856
9.45 3863
9.46 3870
9.47 3873
9.48 3875
9.49 3879
9.50 3884
9.51 3891
9.52 3893
9.53 3897
9.54 3900
9.55 3902
9.57 3906
9.58 3910
9.59 3914
9.60 3916
9.61 3918
9.62 3922
9.63 3924
9.64 3928
9.65 3933
9.66 3936
9.67 3939
9.68 3945
9.69 3950
9.70 3955
9.71 3958
9.72 3966
9.73 3970
9.75 3975
9.76 3978
9.77 3981
9.78 3983
9.79 3987
9.80 3990
9.81 3995
9.82 4001
9.83 4005
9.84 4010
9.85 4013
9.86 4016
9.87 4016
9.88 4019
9.89 4022
9.90 4028
9.91 4032
9.93 4037
9.94 4043
9.95 4048
9.96 4050
9.97 4055
9.98 4057
9.99 4062
10.00 4066
10.01 4070
10.02 4075
10.03 4078
10.04 4082
10.05 4088
10.06 4093
10.07 4100
10.08 4104
10.09 4109
10.11 4114
10.12 4121
10.13 4125
10.14 4128
10.15 4133
10.16 4138
10.17 4142
10.18 4143
10.19 4146
10.20 4146
10.21 4151
10.22 4155
10.23 4159
10.24 4163
10.25 4168
10.26 4173
10.27 4178
10.29 4182
10.30 4186
10.31 4191
10.32 4194
10.33 4199
10.34 4203
10.35 4209
10.36 4213
10.37 4215
10.38 4218
10.39 4223
10.40 4228
10.41 4235
10.42 4239
10.43 4245
10.44 4250
10.45 4252
10.46 4256
10.48 4262
10.49 4267
10.50 4270
10.51 4276
10.52 4280
10.53 4284
10.54 4289
10.55 4294
10.56 4298
10.57 4304
10.58 4307
10.59 4310
10.60 4315
10.61 4319
10.62 4323
10.63 4331
10.64 4336
10.66 4340
10.67 4343
10.68 4347
10.69 4352
10.70 4355
10.71 4361
10.72 4364
10.73 4367
10.74 4371
10.75 4379
10.76 4384
10.77 4386
10.78 4391
10.79 4396
10.80 4400
10.81 4407
10.82 4412
10.84 4416
10.85 4419
10.86 4423
10.87 4426
10.88 4431
10.89 4435
10.90 4440
10.91 4448
10.92 4452
10.93 4457
10.94 4461
10.95 4463
10.96 4467
10.97 4469
10.98 4475
10.99 4478
11.00 4482
11.02 4485
11.03 4489
11.04 4491
11.05 4492
11.06 4498
11.07 4502
11.08 4506
11.09 4510
11.10 4513
11.11 4516
11.12 4521
11.13 4529
11.14 4533
11.15 4534
11.16 4541
11.17 4546
11.18 4548
11.20 4552
11.21 4557
11.22 4564
11.23 4570
11.24 4576
11.25 4580
11.26 4588
11.27 4593
11.28 4598
11.29 4604
11.30 4607
11.31 4612
11.32 4617
11.33 4621
11.34 4624
11.35 4628
11.36 4633
11.37 4637
11.39 4642
11.40 4647
11.41 4652
11.42 4655
11.43 4664
11.44 4671
11.45 4680
11.46 4687
11.47 4692
11.48 4695
11.49 4699
11.50 4706
11.51 4711
11.52 4718
11.53 4720
11.54 4723
11.55 4730
11.57 4734
11.58 4739
11.59 4743
11.60 4745
11.61 4750
11.62 4756
11.63 4759
11.64 4767
11.65 4772
11.66 4778
11.67 4782
11.68 4786
11.69 4790
11.70 4797
11.71 4802
11.72 4806
11.73 4810
11.75 4815
11.76 4819
11.77 4826
11.78 4831
11.79 4836
11.80 4842
11.81 4849
11.82 4855
11.83 4858
11.84 4862
11.85 4865
11.86 4867
11.87 4873
11.88 4878
11.89 4881
11.90 4884
11.91 4888
11.93 4893
11.94 4898
11.95 4904
11.96 4907
11.97 4911
11.98 4913
11.99 4919
12.00 4921
12.01 4923
12.02 4927
12.03 4931
12.04 4933
12.05 4935
12.06 4939
12.07 4940
12.08 4942
12.09 4945
12.11 4949
12.12 4955
12.13 4963
12.14 4968
12.15 4973
12.16 4979
12.17 4984
12.18 4988
12.19 4991
12.20 4994
12.21 4996
12.22 5002
12.23 5009
12.24 5013
12.25 5017
12.26 5022
12.27 5028
12.28 5032
12.30 5035
12.31 5039
12.32 5045
12.33 5051
12.34 5056
12.35 5060
12.36 5061
12.37 5063
12.38 5068
12.39 5073
12.40 5079
12.41 5084
12.42 5088
12.43 5094
12.44 5101
12.45 5104
12.46 5109
12.48 5115
12.49 5119
12.50 5124
12.51 5129
12.52 5135
12.53 5140
12.54 5147
12.55 5154
12.56 5158
12.57 5164
12.58 5171
12.59 5175
12.60 5182
12.61 5186
12.62 5195
12.63 5199
12.64 5204
12.66 5211
12.67 5217
12.68 5225
12.69 5230
12.70 5236
12.71 5243
12.72 5250
12.73 5255
12.74 5258
12.75 5262
12.76 5266
12.77 5271
12.78 5275
12.79 5278
12.80 5285
12.81 5289
12.82 5295
12.84 5302
12.85 5306
12.86 5308
12.87 5315
12.88 5319
12.89 5323
12.90 5326
12.91 5329
12.92 5332
12.93 5335
12.94 5342
12.95 5346
12.96 5349
12.97 5354
12.98 5358
12.99 5365
13.00 5370
13.02 5373
13.03 5378
13.04 5381
13.05 5385
13.06 5387
13.07 5392
13.08 5395
13.09 5399
13.10 5405
13.11 5408
13.12 5412
13.13 5416
13.14 5422
13.15 5427
13.16 5430
13.17 5435
13.18 5440
13.19 5445
13.21 5447
13.22 5451
13.23 5455
13.24 5459
13.25 5464
13.26 5468
13.27 5475
13.28 5479
13.29 5484
13.30 5488
13.31 5490
13.32 5493
13.33 5497
13.34 5502
13.35 5506
13.36 5512
13.37 5517
13.39 5522
13.40 5529
13.41 5534
13.42 5539
13.43 5543
13.44 5548
13.45 5550
13.46 5554
13.47 5559
13.48 5560
13.49 5565
13.50 5570
13.51 5574
13.52 5579
13.53 5586
13.54 5588
13.55 5592
13.57 5594
13.58 5598
13.59 5602
13.60 5607
13.61 5611
13.62 5616
13.63 5621
13.64 5627
13.65 5631
13.66 5636
13.67 5643
13.68 5647
13.69 5653
13.70 5658
13.71 5662
13.72 5669
13.73 5674
13.75 5678
13.76 5684
13.77 5687
13.78 5690
13.79 5694
13.80 5698
13.81 5703
13.82 5706
13.83 5710
13.84 5714
13.85 5718
13.86 5720
13.87 5729
13.88 5734
13.89 5738
13.90 5742
13.91 5746
13.93 5754
13.94 5759
13.95 5765
13.96 5769
13.97 5774
13.98 5779
13.99 5781
14.00 5784
14.01 5786
14.02 5790
14.03 5790
14.04 5794
14.05 5796
14.06 5800
14.07 5806
14.08 5810
14.09 5814
14.10 5818
14.12 5820
14.13 5824
14.14 5827
14.15 5830
14.16 5833
14.17 5835
14.18 5839
14.19 5845
14.20 5849
14.21 5854
14.22 5857
14.23 5863
14.24 5866
14.25 5872
14.26 5878
14.27 5883
14.28 5888
14.30 5894
14.31 5899
14.32 5904
14.33 5907
14.34 5912
14.35 5915
14.36 5920
14.37 5922
14.38 5928
14.39 5932
14.40 5938
14.41 5944
14.42 5949
14.43 5951
14.44 5955
14.45 5960
14.46 5965
14.48 5966
14.49 5969
14.50 5975
14.51 5984
14.52 5989
14.53 5993
14.54 5997
14.55 6003
14.56 6010
14.57 6017
14.58 6021
14.59 6024
14.60 6027
14.61 6029
14.62 6033
14.63 6035
14.64 6037
14.66 6039
14.67 6043
14.68 6051
14.69 6054
14.70 6059
14.71 6066
14.72 6071
14.73 6081
14.74 6086
14.75 6092
14.76 6094
14.77 6099
14.78 6103
14.79 6109
14.80 6114
14.81 6118
14.82 6126
14.83 6131
14.85 6139
14.86 6143
14.87 6148
14.88 6155
14.89 6159
14.90 6162
14.91 6164
14.92 6167
14.93 6170
14.94 6173
14.95 6177
14.96 6183
14.97 6184
14.98 6185
14.99 6188
15.00 6195
15.01 6198
15.03 6200
15.04 6206
15.05 6210
15.06 6214
15.07 6215
15.08 6219
15.09 6222
15.10 6226
15.11 6232
15.12 6234
15.13 6238
15.14 6240
15.15 6249
15.16 6253
15.17 6259
15.18 6264
15.19 6269
15.21 6272
15.22 6276
15.23 6280
15.24 6284
15.25 6290
15.26 6294
15.27 6298
15.28 6302
15.29 6307
15.30 6312
15.31 6315
15.32 6319
15.33 6324
15.34 6330
15.35 6334
15.36 6340
15.37 6343
15.39 6348
15.40 6352
15.41 6356
15.42 6361
15.43 6364
15.44 6369
15.45 6374
15.46 6379
15.47 6387
15.48 6392
15.49 6397
15.50 6402
15.51 6404
15.52 6407
15.53 6413
15.54 6417
15.55 6421
15.57 6425
15.58 6431
15.59 6434
15.60 6440
15.61 6445
15.62 6449
15.63 6453
15.64 6458
15.65 6465
15.66 6468
15.67 6475
15.68 6477
15.69 6481
15.70 6485
15.71 6489
15.72 6494
15.73 6498
15.74 6503
15.76 6507
15.77 6513
15.78 6517
15.79 6522
15.80 6527
15.81 6534
15.82 6538
15.83 6546
15.84 6549
15.85 6554
15.86 6558
15.87 6563
15.88 6566
15.89 6571
15.90 6576
15.91 6583
15.92 6589
15.94 6595
15.95 6600
15.96 6603
15.97 6608
15.98 6614
15.99 6619
16.00 6624
16.01 6628
16.02 6631
16.03 6633
16.04 6637
16.05 6641
16.06 6649
16.07 6651
16.08 6655
16.09 6657
16.10 6659
16.12 6663
16.13 6669
16.14 6673
16.15 6676
16.16 6680
16.17 6682
16.18 6684
16.19 6689
16.20 6694
16.21 6698
16.22 6704
16.23 6708
16.24 6711
16.25 6717
16.26 6721
16.27 6725
16.28 6728
16.30 6732
16.31 6736
16.32 6741
16.33 6745
16.34 6746
16.35 6750
16.36 6756
16.37 6762
16.38 6765
16.39 6770
16.40 6774
16.41 6779
16.42 6783
16.43 6790
16.44 6796
16.45 6803
16.46 6805
16.48 6806
16.49 6810
16.50 6815
16.51 6820
16.52 6826
16.53 6830
16.54 6831
16.55 6836
16.56 6839
16.57 6841
16.58 6844
16.59 6845
16.60 6848
16.61 6853
16.62 6859
16.63 6864
16.64 6868
16.65 6875
16.67 6882
16.68 6889
16.69 6894
16.70 6898
16.71 6904
16.72 6908
16.73 6913
16.74 6917
16.75 6922
16.76 6925
16.77 6929
16.78 6933
16.79 6939
16.80 6944
16.81 6948
16.82 6948
16.83 6954
16.85 6956
16.86 6959
16.87 6965
16.88 6970
16.89 6975
16.90 6979
16.91 6985
16.92 6992
16.93 6995
16.94 7001
16.95 7003
16.96 7008
16.97 7010
16.98 7017
16.99 7020
17.00 7025
17.01 7032
17.03 7034
17.04 7037
17.05 7042
17.06 7044
17.07 7049
17.08 7055
17.09 7060
17.10 7063
17.11 7069
17.12 7073
17.13 7079
17.14 7083
17.15 7091
17.16 7095
17.17 7101
17.18 7107
17.19 7113
17.21 7118
17.22 7123
17.23 7127
17.24 7132
17.25 7139
17.26 7144
17.27 7148
17.28 7152
17.29 7156
17.30 7160
17.31 7166
17.32 7171
17.33 7179
17.34 7184
17.35 7189
17.36 7193
17.37 7196
17.39 7203
17.40 7206
17.41 7208
17.42 7213
17.43 7220
17.44 7224
17.45 7228
17.46 7234
17.47 7238
17.48 7244
17.49 7247
17.50 7250
17.51 7255
17.52 7258
17.53 7261
17.54 7267
17.55 7272
17.56 7278
17.58 7281
17.59 7287
17.60 7295
17.61 7299
17.62 7304
17.63 7307
17.64 7312
17.65 7317
17.66 7322
17.67 7325
17.68 7328
17.69 7332
17.70 7339
17.71 7343
17.72 7349
17.73 7355
17.74 7360
17.76 7365
17.77 7368
17.78 7371
17.79 7375
17.80 7382
17.81 7387
17.82 7392
17.83 7396
17.84 7402
17.85 7405
17.86 7408
17.87 7410
17.88 7415
17.89 7420
17.90 7426
17.91 7428
17.92 7430
17.94 7437
17.95 7440
17.96 7443
17.97 7447
17.98 7452
17.99 7455
18.00 7459
18.01 7464
18.02 7470
18.03 7474
18.04 7477
18.05 7481
18.06 7483
18.07 7488
18.08 7492
18.09 7498
18.10 7501
18.12 7506
18.13 7510
18.14 7516
18.15 7518
18.16 7526
18.17 7532
18.18 7539
18.19 7547
18.20 7551
18.21 7556
18.22 7560
18.23 7566
18.24 7569
18.25 7574
18.26 7579
18.27 7583
18.28 7588
18.30 7593
18.31 7599
18.32 7605
18.33 7612
18.34 7619
18.35 7622
18.36 7629
18.37 7632
18.38 7635
18.39 7640
18.40 7649
18.41 7655
18.42 7659
18.43 7665
18.44 7671
18.45 7674
18.46 7679
18.47 7686
18.49 7693
18.50 7697
18.51 7701
18.52 7708
18.53 7715
18.54 7717
18.55 7722
18.56 7731
18.57 7737
18.58 7744
18.59 7750
18.60 7751
18.61 7756
18.62 7762
18.63 7764
18.64 7766
18.65 7770
18.67 7774
18.68 7778
18.69 7782
18.70 7786
18.71 7789
18.72 7794
18.73 7799
18.74 7802
18.75 7807
18.76 7813
18.77 7818
18.78 7823
18.79 7826
18.80 7828
18.81 7834
18.82 7842
18.83 7845
18.85 7846
18.86 7850
18.87 7853
18.88 7858
18.89 7862
18.90 7867
18.91 7873
18.92 7878
18.93 7882
18.94 7884
18.95 7893
18.96 7899
18.97 7905
18.98 7907
18.99 7909
19.00 7913
19.01 7917
19.03 7921
19.04 7926
19.05 7930
19.06 7935
19.07 7938
19.08 7939
19.09 7942
19.10 7947
19.11 7950
19.12 7951
19.13 7954
19.14 7959
19.15 7963
19.16 7971
19.17 7975
19.18 7981
19.19 7985
19.21 7987
19.22 7992
19.23 7998
19.24 8001
19.25 8008
19.26 8014
19.27 8018
19.28 8025
19.29 8027
19.30 8033
19.31 8038
19.32 8042
19.33 8047
19.34 8053
19.35 8061
19.36 8067
19.37 8071
19.38 8075
19.40 8078
19.41 8080
19.42 8084
19.43 8087
19.44 8090
19.45 8094
19.46 8097
19.47 8104
19.48 8111
19.49 8116
19.50 8120
19.51 8126
19.52 8131
19.53 8136
19.54 8140
19.55 8147
19.56 8156
19.58 8162
19.59 8168
19.60 8173
19.61 8178
19.62 8184
19.63 8190
19.64 8196
19.65 8202
19.66 8206
19.67 8211
19.68 8215
19.69 8215
19.70 8217
19.71 8222
19.72 8224
19.73 8227
19.74 8230
19.76 8239
19.77 8242
19.78 8248
19.79 8251
19.80 8255
19.81 8260
19.82 8263
19.83 8267
19.84 8272
19.85 8275
19.86 8278
19.87 8282
19.88 8288
19.89 8293
19.90 8295
19.91 8299
19.92 8300
19.94 8305
19.95 8307
19.96 8311
19.97 8315
19.98 8316
19.99 8319
20.00 8322
20.01 8325
20.02 8328
20.03 8332
20.04 8335
20.05 8339
20.06 8343
20.07 8350
20.08 8354
20.09 8357
20.10 8362
20.12 8367
20.13 8370
20.14 8376
20.15 8379
20.16 8382
20.17 8388
20.18 8394
20.19 8401
20.20 8408
20.21 8412
20.22 8415
20.23 8416
20.24 8418
20.25 8423
20.26 8424
20.27 8426
20.28 8429
20.29 8432
20.31 8437
20.32 8443
20.33 8451
20.34 8456
20.35 8461
20.36 8466
20.37 8469
20.38 8474
20.39 8478
20.40 8486
20.41 8492
20.42 8500
20.43 8501
20.44 8508
20.45 8514
20.46 8524
20.47 8526
20.49 8530
20.50 8535
20.51 8539
20.52 8543
20.53 8545
20.54 8553
20.55 8556
20.56 8562
20.57 8565
20.58 8567
20.59 8571
20.60 8573
20.61 8574
20.62 8575
20.63 8579
20.64 8583
20.65 8587
20.67 8592
20.68 8597
20.69 8602
20.70 8607
20.71 8614
20.72 8620
20.73 8625
20.74 8628
20.75 8634
20.76 8634
20.77 8640
20.78 8646
20.79 8648
20.80 8652
20.81 8654
20.82 8660
20.83 8665
20.85 8668
20.86 8671
20.87 8678
20.88 8682
20.89 8688
20.90 8694
20.91 8698
20.92 8702
20.93 8707
20.94 8712
20.95 8716
20.96 8723
20.97 8728
20.98 8732
20.99 8737
21.00 8739
21.01 8740
21.03 8742
21.04 8744
21.05 8750
21.06 8754
21.07 8759
21.08 8759
21.09 8762
21.10 8767
21.11 8769
21.12 8770
21.13 8777
21.14 8779
21.15 8783
21.16 8789
21.17 8792
21.18 8796
21.19 8804
21.20 8809
21.22 8815
21.23 8820
21.24 8826
21.25 8830
21.26 8833
21.27 8837
21.28 8842
21.29 8847
21.30 8853
21.31 8858
21.32 8862
21.33 8868
21.34 8875
21.35 8879
21.36 8884
21.37 8889
21.38 8894
21.40 8900
21.41 8902
21.42 8908
21.43 8913
21.44 8920
21.45 8925
21.46 8928
21.47 8935
21.48 8941
21.49 8945
21.50 8950
21.51 8953
21.52 8957
21.53 8962
21.54 8968
21.55 8971
21.56 8978
21.58 8983
21.59 8988
21.60 8994
21.61 8998
21.62 9004
21.63 9009
21.64 9014
21.65 9016
21.66 9020
21.67 9023
21.68 9027
21.69 9033
21.70 9036
21.71 9040
21.72 9044
21.73 9051
21.74 9054
21.76 9057
21.77 9063
21.78 9070
21.79 9078
21.80 9083
21.81 9088
21.82 9093
21.83 9097
21.84 9102
21.85 9106
21.86 9107
21.87 9110
21.88 9113
21.89 9114
21.90 9117
21.91 9119
21.92 9121
21.94 9124
21.95 9127
21.96 9128
21.97 9132
21.98 9135
21.99 9138
22.00 9141
22.01 9146
22.02 9148
22.03 9149
22.04 9150
22.05 9155
22.06 9159
22.07 9162
22.08 9166
22.09 9169
22.10 9173
22.11 9175
22.13 9180
22.14 9183
22.15 9186
22.16 9188
22.17 9191
22.18 9192
22.19 9197
22.20 9201
22.21 9207
22.22 9211
22.23 9214
22.24 9217
22.25 9219
22.26 9222
22.27 9225
22.28 9230
22.29 9231
22.31 9233
22.32 9236
22.33 9238
22.34 9246
22.35 9251
22.36 9256
22.37 9259
22.38 9260
22.39 9264
22.40 9265
22.41 9265
22.42 9268
22.43 9271
22.44 9273
22.45 9273
22.46 9274
22.47 9279
22.49 9283
22.50 9284
22.51 9284
22.52 9286
22.53 9291
22.54 9295
22.55 9296
22.56 9298
22.57 9301
22.58 9303
22.59 9306
22.60 9307
22.61 9310
22.62 9311
22.63 9320
22.64 9322
22.65 9323
22.67 9324
22.68 9325
22.69 9333
22.70 9336
22.71 9341
22.72 9342
22.73 9342
22.74 9345
22.75 9348
22.76 9354
22.77 9361
22.78 9364
22.79 9369
22.80 9375
22.81 9380
22.82 9385
22.83 9392
22.85 9402
22.86 9409
22.87 9413
22.88 9417
22.89 9419
22.90 9422
22.91 9430
22.92 9434
22.93 9437
22.94 9442
22.95 9448
22.96 9453
22.97 9456
22.98 9462
22.99 9465
23.00 9467
23.01 9471
23.02 9474
23.04 9479
23.05 9480
23.06 9485
23.07 9489
23.08 9491
23.09 9493
23.10 9501
23.11 9504
23.12 9509
23.13 9513
23.14 9519
23.15 9523
23.16 9531
23.17 9534
23.18 9537
23.19 9539
23.20 9541
23.22 9547
23.23 9551
23.24 9555
23.25 9560
23.26 9567
23.27 9573
23.28 9575
23.29 9581
23.30 9586
23.31 9589
23.32 9592
23.33 9597
23.34 9600
23.35 9602
23.36 9607
23.37 9614
23.38 9619
23.40 9626
23.41 9633
23.42 9637
23.43 9642
23.44 9650
23.45 9655
23.46 9660
23.47 9666
23.48 9672
23.49 9676
23.50 9679
23.51 9685
23.52 9687
23.53 9690
23.54 9696
23.55 9702
23.56 9707
23.58 9714
23.59 9722
23.60 9727
23.61 9729
23.62 9735
23.63 9737
23.64 9741
23.65 9744
23.66 9746
23.67 9749
23.68 9751
23.69 9753
23.70 9755
23.71 9757
23.72 9761
23.73 9765
23.74 9770
23.76 9772
23.77 9775
23.78 9776
23.79 9783
23.80 9787
23.81 9789
23.82 9792
23.83 9797
23.84 9805
23.85 9809
23.86 9816
23.87 9820
23.88 9825
23.89 9832
23.90 9836
23.91 9839
23.92 9841
23.93 9842
23.95 9844
23.96 9845
23.97 9847
23.98 9849
23.99 9851
24.00 9851
24.01 9854
24.02 9858
24.03 9859
24.04 9860
24.05 9863
24.06 9863
24.07 9864
24.08 9865
24.09 9870
24.10 9874
24.11 9877
24.13 9879
24.14 9881
24.15 9884
24.16 9890
24.17 9895
24.18 9902
24.19 9908
24.20 9916
24.21 9923
24.22 9927
24.23 9927
24.24 9928
24.25 9932
24.26 9933
24.27 9934
24.28 9935
24.29 9938
24.31 9942
24.32 9942
24.33 9945
24.34 9947
24.35 9949
24.36 9949
24.37 9952
24.38 9954
24.39 9954
24.40 9955
24.41 9956
24.42 9956
24.43 9958
24.44 9959
24.45 9959
24.46 9960
24.47 9960
24.49 9962
24.50 9962
24.51 9962
24.52 9963
24.53 9963
24.54 9963
24.55 9963
24.56 9963
24.57 9964
24.58 9964
24.59 9964
24.60 9964
24.61 9966
24.62 9967
24.63 9967
24.64 9969
24.65 9972
24.67 9973
24.68 9973
24.69 9979
24.70 9980
24.71 9980
24.72 9981
24.73 9983
24.74 9983
24.75 9983
24.76 9985
24.77 9985
24.78 9985
24.79 9987
24.80 9988
24.81 9988
24.82 9989
24.83 9989
24.84 9994
24.86 9994
24.87 9996
24.88 9999
24.89 10001
24.90 10001
24.91 10003
24.92 10003
24.93 10004
24.94 10005
24.95 10005
24.96 10005
24.97 10006
24.98 10007
24.99 10007
25.00 10008
25.01 10010
25.02 10012
25.04 10012
25.05 10013
25.06 10013
25.07 10013
25.08 10013
25.09 10015
25.10 10017
25.11 10017
25.12 10018
25.13 10018
25.14 10018
25.15 10021
25.16 10022
25.17 10022
25.18 10022
25.19 10022
25.20 10026
25.22 10027
25.23 10027
25.24 10027
25.25 10027
25.26 10027
25.27 10027
25.28 10029
25.29 10030
25.30 10030
25.31 10030
25.32 10030
25.33 10030
25.34 10030
25.35 10032
25.36 10034
25.37 10034
25.38 10034
25.40 10036
25.41 10039
25.42 10039
25.43 10039
25.44 10039
25.45 10039
25.46 10039
25.47 10040
25.48 10049
25.49 10049
25.50 10049
25.51 10050
25.52 10050
25.53 10050
25.54 10055
25.55 10056
25.56 10056
25.58 10056
25.59 10056
25.60 10057
25.61 10058
25.62 10058
25.63 10059
25.64 10059
25.65 10059
25.66 10059
25.67 10061
25.68 10063
25.69 10063
25.70 10064
25.71 10064
25.72 10064
25.73 10064
25.74 10069
25.75 10070
25.77 10070
25.78 10070
25.79 10070
25.80 10072
25.81 10072
25.82 10072
25.83 10072
25.84 10072
25.85 10072
25.86 10072
25.87 10072
25.88 10075
25.89 10075
25.90 10075
25.91 10079
25.92 10080
25.93 10080
25.95 10081
25.96 10081
25.97 10083
25.98 10083
25.99 10083
26.00 10084
26.01 10084
26.02 10084
26.03 10084
26.04 10085
26.05 10085
26.06 10085
26.07 10086
26.08 10086
26.09 10086
26.10 10091
26.11 10092
26.13 10092
26.14 10093
26.15 10093
26.16 10093
26.17 10093
26.18 10093
26.19 10093
26.20 10093
26.21 10093
26.22 10093
26.23 10093
26.24 10094
26.25 10094
26.26 10094
26.27 10096
26.28 10097
26.29 10099
26.31 10101
26.32 10103
26.33 10106
26.34 10106
26.35 10112
26.36 10114
26.37 10117
26.38 10117
26.39 10123
26.40 10126
26.41 10126
26.42 10134
26.43 10140
26.44 10147
26.45 10153
26.46 10157
26.47 10163
26.49 10171
26.50 10176
26.51 10184
26.52 10190
26.53 10196
26.54 10201
26.55 10209
26.56 10218
26.57 10225
26.58 10233
26.59 10238
26.60 10244
26.61 10246
26.62 10251
26.63 10257
26.64 10264
26.65 10270
26.66 10274
26.68 10277
26.69 10282
26.70 10287
26.71 10295
26.72 10299
26.73 10305
26.74 10310
26.75 10315
26.76 10323
26.77 10328
26.78 10332
26.79 10339
26.80 10343
26.81 10347
26.82 10352
26.83 10361
26.84 10367
26.86 10371
26.87 10376
26.88 10378
26.89 10384
26.90 10387
26.91 10391
26.92 10396
26.93 10401
26.94 10405
26.95 10410
26.96 10416
26.97 10421
26.98 10426
26.99 10429
27.00 10433
27.01 10439
27.02 10442
27.04 10449
27.05 10455
27.06 10460
27.07 10466
27.08 10472
27.09 10477
27.10 10482
27.11 10486
27.12 10491
27.13 10496
27.14 10500
27.15 10502
27.16 10507
27.17 10513
27.18 10518
27.19 10523
27.20 10529
27.22 10533
27.23 10538
27.24 10542
27.25 10548
27.26 10554
27.27 10559
27.28 10565
27.29 10569
27.30 10575
27.31 10578
27.32 10582
27.33 10589
27.34 10594
27.35 10600
27.36 10603
27.37 10611
27.38 10615
27.40 10618
27.41 10622
27.42 10624
27.43 10627
27.44 10628
27.45 10630
27.46 10635
27.47 10639
27.48 10644
27.49 10648
27.50 10651
27.51 10654
27.52 10660
27.53 10662
27.54 10665
27.55 10669
27.56 10672
27.57 10676
27.59 10681
27.60 10687
27.61 10695
27.62 10699
27.63 10703
27.64 10706
27.65 10709
27.66 10712
27.67 10718
27.68 10723
27.69 10729
27.70 10730
27.71 10736
27.72 10742
27.73 10746
27.74 10750
27.75 10754
27.77 10758
27.78 10764
27.79 10770
27.80 10775
27.81 10779
27.82 10783
27.83 10785
27.84 10787
27.85 10789
27.86 10790
27.87 10797
27.88 10800
27.89 10804
27.90 10807
27.91 10812
27.92 10816
27.93 10820
27.95 10824
27.96 10829
27.97 10833
27.98 10837
27.99 10839
28.00 10842
28.01 10849
28.02 10857
28.03 10862
28.04 10864
28.05 10870
28.06 10874
28.07 10879
28.08 10882
28.09 10887
28.10 10894
28.11 10900
28.13 10905
28.14 10909
28.15 10915
28.16 10919
28.17 10922
28.18 10927
28.19 10933
28.20 10938
28.21 10944
28.22 10949
28.23 10953
28.24 10960
28.25 10965
28.26 10968
28.27 10970
28.28 10974
28.29 10976
28.31 10980
28.32 10985
28.33 10989
28.34 10991
28.35 10996
28.36 10998
28.37 11003
28.38 11006
28.39 11010
28.40 11012
28.41 11013
28.42 11015
28.43 11016
28.44 11019
28.45 11024
28.46 11027
28.47 11033
28.48 11039
28.50 11042
28.51 11047
28.52 11050
28.53 11052
28.54 11059
28.55 11063
28.56 11068
28.57 11071
28.58 11076
28.59 11078
28.60 11084
28.61 11090
28.62 11095
28.63 11100
28.64 11103
28.65 11106
28.66 11109
28.68 11111
28.69 11114
28.70 11120
28.71 11123
28.72 11131
28.73 11139
28.74 11145
28.75 11152
28.76 11159
28.77 11163
28.78 11168
28.79 11173
28.80 11180
28.81 11187
28.82 11192
28.83 11195
28.84 11200
28.86 11207
28.87 11211
28.88 11213
28.89 11217
28.90 11223
28.91 11229
28.92 11234
28.93 11241
28.94 11247
28.95 11254
28.96 11260
28.97 11266
28.98 11270
28.99 11274
29.00 11277
29.01 11283
29.02 11288
29.04 11292
29.05 11299
29.06 11303
29.07 11308
29.08 11314
29.09 11319
29.10 11322
29.11 11325
29.12 11331
29.13 11332
29.14 11337
29.15 11343
29.16 11350
29.17 11354
29.18 11360
29.19 11364
29.20 11368
29.21 11372
29.23 11381
29.24 11387
29.25 11393
29.26 11398
29.27 11404
29.28 11410
29.29 11414
29.30 11421
29.31 11425
29.32 11429
29.33 11433
29.34 11438
29.35 11444
29.36 11450
29.37 11456
29.38 11460
29.39 11463
29.41 11467
29.42 11471
29.43 11474
29.44 11479
29.45 11484
29.46 11490
29.47 11495
29.48 11498
29.49 11505
29.50 11511
29.51 11515
29.52 11519
29.53 11526
29.54 11532
29.55 11537
29.56 11540
29.57 11546
29.59 11550
29.60 11557
29.61 11561
29.62 11568
29.63 11571
29.64 11578
29.65 11583
29.66 11590
29.67 11596
29.68 11603
29.69 11609
29.70 11615
29.71 11619
29.72 11625
29.73 11631
29.74 11637
29.75 11644
29.77 11650
29.78 11657
29.79 11660
29.80 11666
29.81 11670
29.82 11674
29.83 11679
29.84 11685
29.85 11689
29.86 11695
29.87 11696
29.88 11701
29.89 11706
29.90 11713
29.91 11716
29.92 11721
29.93 11725
29.95 11730
29.96 11735
29.97 11739
29.98 11742
29.99 11748
30.00 11752
30.01 11756
30.02 11760
30.03 11767
30.04 11770
30.05 11774
30.06 11778
30.07 11781
30.08 11787
30.09 11795
30.10 11800
30.11 11805
30.12 11811
30.14 11818
30.15 11822
30.16 11826
30.17 11832
30.18 11837
30.19 11842
30.20 11847
30.21 11851
30.22 11859
30.23 11863
30.24 11868
30.25 11872
30.26 11880
30.27 11884
30.28 11889
30.29 11894
30.30 11901
30.32 11904
30.33 11908
30.34 11914
30.35 11919
30.36 11924
30.37 11930
30.38 11934
30.39 11938
30.40 11944
30.41 11952
30.42 11957
30.43 11963
30.44 11968
30.45 11974
30.46 11980
30.47 11984
30.48 11988
30.50 11992
30.51 11999
30.52 12004
30.53 12007
30.54 12011
30.55 12017
30.56 12023
30.57 12029
30.58 12035
30.59 12042
30.60 12048
30.61 12053
30.62 12055
30.63 12061
30.64 12066
30.65 12071
30.66 12076
30.68 12080
30.69 12087
30.70 12092
30.71 12097
30.72 12101
30.73 12106
30.74 12110
30.75 12114
30.76 12121
30.77 12126
30.78 12132
30.79 12138
30.80 12144
30.81 12149
30.82 12152
30.83 12160
30.84 12164
30.86 12168
30.87 12173
30.88 12179
30.89 12184
30.90 12188
30.91 12194
30.92 12198
30.93 12201
30.94 12207
30.95 12211
30.96 12217
30.97 12220
30.98 12225
30.99 12230
31.00 12234
31.01 12236
31.02 12239
31.03 12243
31.05 12247
31.06 12249
31.07 12253
31.08 12258
31.09 12264
31.10 12271
31.11 12275
31.12 12278
31.13 12284
31.14 12288
31.15 12295
31.16 12301
31.17 12306
31.18 12309
31.19 12313
31.20 12319
31.21 12326
31.23 12330
31.24 12334
31.25 12337
31.26 12341
31.27 12343
31.28 12348
31.29 12352
31.30 12357
31.31 12363
31.32 12367
31.33 12372
31.34 12379
31.35 12383
31.36 12387
31.37 12388
31.38 12393
31.39 12398
31.41 12401
31.42 12407
31.43 12411
31.44 12412
31.45 12418
31.46 12424
31.47 12430
31.48 12436
31.49 12440
31.50 12444
31.51 12450
31.52 12453
31.53 12458
31.54 12465
31.55 12471
31.56 12477
31.57 12485
31.59 12490
31.60 12496
31.61 12501
31.62 12508
31.63 12513
31.64 12517
31.65 12521
31.66 12528
31.67 12533
31.68 12540
31.69 12548
31.70 12554
31.71 12558
31.72 12563
31.73 12567
31.74 12570
31.75 12576
31.77 12578
31.78 12585
31.79 12590
31.80 12596
31.81 12600
31.82 12608
31.83 12612
31.84 12617
31.85 12623
31.86 12628
31.87 12633
31.88 12638
31.89 12641
31.90 12645
31.91 12648
31.92 12653
31.93 12658
31.94 12662
31.96 12667
31.97 12672
31.98 12675
31.99 12681
32.00 12684
32.01 12688
32.02 12695
32.03 12702
32.04 12708
32.05 12713
32.06 12719
32.07 12723
32.08 12728
32.09 12731
32.10 12735
32.11 12740
32.12 12746
32.14 12752
32.15 12758
32.16 12762
32.17 12769
32.18 12772
32.19 12774
32.20 12780
32.21 12783
32.22 12789
32.23 12793
32.24 12796
32.25 12801
32.26 12806
32.27 12811
32.28 12817
32.29 12821
32.30 12827
32.32 12832
32.33 12836
32.34 12841
32.35 12844
32.36 12848
32.37 12853
32.38 12859
32.39 12864
32.40 12870
32.41 12874
32.42 12878
32.43 12885
32.44 12889
32.45 12894
32.46 12898
32.47 12902
32.48 12906
32.50 12911
32.51 12912
32.52 12916
32.53 12918
32.54 12923
32.55 12925
32.56 12933
32.57 12938
32.58 12941
32.59 12947
32.60 12952
32.61 12956
32.62 12960
32.63 12963
32.64 12968
32.65 12972
32.66 12978
32.68 12981
32.69 12985
32.70 12989
32.71 12994
32.72 12999
32.73 13004
32.74 13008
32.75 13014
32.76 13019
32.77 13025
32.78 13029
32.79 13034
32.80 13040
32.81 13046
32.82 13051
32.83 13058
32.84 13065
32.85 13070
32.87 13074
32.88 13079
32.89 13084
32.90 13087
32.91 13092
32.92 13093
32.93 13093
32.94 13099
32.95 13106
32.96 13109
32.97 13113
32.98 13116
32.99 13124
33.00 13129
33.01 13133
33.02 13137
33.03 13143
33.05 13149
33.06 13155
33.07 13159
33.08 13165
33.09 13171
33.10 13177
33.11 13183
33.12 13187
33.13 13191
33.14 13197
33.15 13201
33.16 13205
33.17 13209
33.18 13211
33.19 13214
33.20 13219
33.21 13225
33.23 13230
33.24 13236
33.25 13241
33.26 13246
33.27 13249
33.28 13254
33.29 13259
33.30 13263
33.31 13267
33.32 13274
33.33 13278
33.34 13283
33.35 13286
33.36 13288
33.37 13289
33.38 13296
33.39 13299
33.41 13307
33.42 13313
33.43 13321
33.44 13325
33.45 13331
33.46 13336
33.47 13342
33.48 13346
33.49 13353
33.50 13358
33.51 13362
33.52 13365
33.53 13369
33.54 13373
33.55 13377
33.56 13379
33.57 13387
33.59 13394
33.60 13397
33.61 13403
33.62 13404
33.63 13408
33.64 13412
33.65 13416
33.66 13422
33.67 13427
33.68 13432
33.69 13435
33.70 13439
33.71 13445
33.72 13450
33.73 13456
33.74 13457
33.75 13462
33.76 13465
33.78 13471
33.79 13477
33.80 13481
33.81 13487
33.82 13493
33.83 13497
33.84 13502
33.85 13507
33.86 13510
33.87 13518
33.88 13525
33.89 13531
33.90 13534
33.91 13538
33.92 13542
33.93 13544
33.94 13545
33.96 13548
33.97 13553
33.98 13558
33.99 13563
34.00 13567
34.01 13570
34.02 13576
34.03 13582
34.04 13586
34.05 13591
34.06 13596
34.07 13603
34.08 13608
34.09 13614
34.10 13619
34.11 13623
34.12 13629
34.14 13633
34.15 13636
34.16 13640
34.17 13643
34.18 13647
34.19 13652
34.20 13656
34.21 13662
34.22 13667
34.23 13672
34.24 13673
34.25 13677
34.26 13680
34.27 13685
34.28 13690
34.29 13694
34.30 13699
34.32 13702
34.33 13707
34.34 13712
34.35 13717
34.36 13723
34.37 13730
34.38 13733
34.39 13736
34.40 13738
34.41 13744
34.42 13747
34.43 13751
34.44 13752
34.45 13752
34.46 13756
34.47 13761
34.48 13764
34.50 13766
34.51 13771
34.52 13779
34.53 13781
34.54 13781
34.55 13782
34.56 13782
34.57 13782
34.58 13782
34.59 13788
34.60 13794
34.61 13796
34.62 13803
34.63 13807
34.64 13810
34.65 13816
34.66 13820
34.67 13823
34.69 13827
34.70 13832
34.71 13835
34.72 13840
34.73 13841
34.74 13846
34.75 13849
34.76 13854
34.77 13857
34.78 13861
34.79 13865
34.80 13869
34.81 13871
34.82 13876
34.83 13882
34.84 13888
34.85 13893
34.87 13898
34.88 13905
34.89 13911
34.90 13917
34.91 13922
34.92 13926
34.93 13932
34.94 13934
34.95 13937
34.96 13941
34.97 13945
34.98 13949
34.99 13954
35.00 13958
35.01 13960
35.02 13963
35.03 13969
35.05 13973
35.06 13976
35.07 13977
35.08 13981
35.09 13985
35.10 13990
35.11 13992
35.12 13993
35.13 13997
35.14 14001
35.15 14006
35.16 14011
35.17 14016
35.18 14021
35.19 14025
35.20 14031
35.21 14037
35.23 14045
35.24 14048
35.25 14052
35.26 14058
35.27 14062
35.28 14067
35.29 14073
35.30 14077
35.31 14080
35.32 14084
35.33 14087
35.34 14093
35.35 14098
35.36 14102
35.37 14104
35.38 14109
35.39 14113
35.41 14116
35.42 14122
35.43 14124
35.44 14127
35.45 14133
35.46 14136
35.47 14141
35.48 14144
35.49 14148
35.50 14151
35.51 14159
35.52 14162
35.53 14166
35.54 14170
35.55 14173
35.56 14181
35.57 14186
35.58 14193
35.60 14197
35.61 14202
35.62 14208
35.63 14211
35.64 14214
35.65 14220
35.66 14225
35.67 14228
35.68 14235
35.69 14239
35.70 14244
35.71 14246
35.72 14250
35.73 14257
35.74 14261
35.75 14264
35.76 14270
35.78 14274
35.79 14280
35.80 14286
35.81 14290
35.82 14295
35.83 14300
35.84 14304
35.85 14310
35.86 14316
35.87 14322
35.88 14328
35.89 14332
35.90 14337
35.91 14341
35.92 14345
35.93 14350
35.94 14356
35.96 14360
35.97 14366
35.98 14370
35.99 14379
36.00 14383
36.01 14386
36.02 14389
36.03 14394
36.04 14399
36.05 14404
36.06 14410
36.07 14414
36.08 14419
36.09 14422
36.10 14427
36.11 14433
36.12 14438
36.14 14443
36.15 14447
36.16 14453
36.17 14461
36.18 14466
36.19 14472
36.20 14477
36.21 14483
36.22 14488
36.23 14492
36.24 14495
36.25 14500
36.26 14503
36.27 14507
36.28 14513
36.29 14519
36.30 14526
36.32 14531
36.33 14533
36.34 14539
36.35 14544
36.36 14548
36.37 14553
36.38 14555
36.39 14560
36.40 14566
36.41 14569
36.42 14574
36.43 14579
36.44 14585
36.45 14591
36.46 14595
36.47 14599
36.48 14605
36.49 14609
36.51 14614
36.52 14619
36.53 14622
36.54 14624
36.55 14629
36.56 14631
36.57 14634
36.58 14638
36.59 14643
36.60 14647
36.61 14654
36.62 14657
36.63 14662
36.64 14667
36.65 14670
36.66 14672
36.67 14674
36.69 14678
36.70 14682
36.71 14685
36.72 14692
36.73 14696
36.74 14699
36.75 14707
36.76 14710
36.77 14713
36.78 14718
36.79 14722
36.80 14726
36.81 14730
36.82 14736
36.83 14741
36.84 14745
36.85 14745
36.87 14752
36.88 14759
36.89 14761
36.90 14766
36.91 14770
36.92 14776
36.93 14784
36.94 14794
36.95 14798
36.96 14800
36.97 14806
36.98 14808
36.99 14812
37.00 14817
37.01 14822
37.02 14825
37.03 14830
37.05 14835
37.06 14839
37.07 14845
37.08 14850
37.09 14856
37.10 14859
37.11 14863
37.12 14868
37.13 14874
37.14 14879
37.15 14883
37.16 14885
37.17 14889
37.18 14894
37.19 14899
37.20 14903
37.21 14905
37.23 14910
37.24 14915
37.25 14918
37.26 14923
37.27 14927
37.28 14931
37.29 14936
37.30 14936
37.31 14940
37.32 14945
37.33 14951
37.34 14954
37.35 14958
37.36 14962
37.37 14965
37.38 14968
37.39 14974
37.40 14977
37.42 14982
37.43 14986
37.44 14989
37.45 14992
37.46 14997
37.47 15002
37.48 15007
37.49 15011
37.50 15013
37.51 15017
37.52 15022
37.53 15027
37.54 15034
37.55 15041
37.56 15046
37.57 15050
37.58 15057
37.60 15061
37.61 15067
37.62 15073
37.63 15079
37.64 15082
37.65 15087
37.66 15092
37.67 15097
37.68 15099
37.69 15104
37.70 15110
37.71 15115
37.72 15119
37.73 15122
37.74 15129
37.75 15133
37.76 15137
37.78 15140
37.79 15145
37.80 15150
37.81 15152
37.82 15156
37.83 15165
37.84 15171
37.85 15177
37.86 15185
37.87 15188
37.88 15191
37.89 15197
37.90 15200
37.91 15201
37.92 15206
37.93 15211
37.94 15214
37.96 15219
37.97 15225
37.98 15230
37.99 15236
38.00 15243
38.01 15248
38.02 15251
38.03 15255
38.04 15259
38.05 15263
38.06 15268
38.07 15272
38.08 15277
38.09 15284
38.10 15291
38.11 15293
38.12 15299
38.14 15304
38.15 15310
38.16 15315
38.17 15320
38.18 15326
38.19 15331
38.20 15334
38.21 15340
38.22 15347
38.23 15352
38.24 15355
38.25 15357
38.26 15360
38.27 15363
38.28 15366
38.29 15368
38.30 15374
38.31 15378
38.33 15381
38.34 15386
38.35 15390
38.36 15393
38.37 15396
38.38 15400
38.39 15406
38.40 15411
38.41 15415
38.42 15420
38.43 15424
38.44 15427
38.45 15434
38.46 15440
38.47 15444
38.48 15451
38.49 15454
38.51 15454
38.52 15459
38.53 15465
38.54 15470
38.55 15475
38.56 15480
38.57 15482
38.58 15485
38.59 15487
38.60 15491
38.61 15492
38.62 15495
38.63 15495
38.64 15503
38.65 15506
38.66 15508
38.67 15511
38.69 15515
38.70 15517
38.71 15518
38.72 15524
38.73 15531
38.74 15535
38.75 15538
38.76 15543
38.77 15549
38.78 15555
38.79 15562
38.80 15567
38.81 15572
38.82 15577
38.83 15581
38.84 15587
38.85 15591
38.87 15596
38.88 15599
38.89 15603
38.90 15605
38.91 15610
38.92 15613
38.93 15616
38.94 15623
38.95 15627
38.96 15633
38.97 15636
38.98 15639
38.99 15644
39.00 15648
39.01 15654
39.02 15661
39.03 15666
39.05 15669
39.06 15673
39.07 15678
39.08 15680
39.09 15683
39.10 15684
39.11 15690
39.12 15692
39.13 15692
39.14 15694
39.15 15699
39.16 15704
39.17 15711
39.18 15716
39.19 15722
39.20 15726
39.21 15732
39.22 15737
39.24 15741
39.25 15749
39.26 15752
39.27 15756
39.28 15761
39.29 15765
39.30 15769
39.31 15775
39.32 15779
39.33 15784
39.34 15788
39.35 15791
39.36 15792
39.37 15793
39.38 15794
39.39 15796
39.40 15801
39.42 15807
39.43 15811
39.44 15815
39.45 15820
39.46 15826
39.47 15830
39.48 15834
39.49 15836
39.50 15837
39.51 15841
39.52 15845
39.53 15850
39.54 15855
39.55 15860
39.56 15861
39.57 15865
39.58 15871
39.60 15872
39.61 15876
39.62 15879
39.63 15882
39.64 15886
39.65 15889
39.66 15894
39.67 15899
39.68 15902
39.69 15905
39.70 15908
39.71 15912
39.72 15915
39.73 15918
39.74 15921
39.75 15925
39.76 15929
39.78 15931
39.79 15934
39.80 15938
39.81 15939
39.82 15941
39.83 15944
39.84 15947
39.85 15948
39.86 15950
39.87 15958
39.88 15963
39.89 15972
39.90 15977
39.91 15979
39.92 15979
39.93 15982
39.94 15983
39.96 15989
39.97 15996
39.98 15999
39.99 16003
40.00 16009
40.01 16012
40.02 16016
40.03 16017
40.04 16019
40.05 16022
40.06 16023
40.07 16030
40.08 16034
40.09 16035
40.10 16039
40.11 16043
40.12 16045
40.13 16049
40.15 16052
40.16 16056
40.17 16060
40.18 16065
40.19 16071
40.20 16075
40.21 16080
40.22 16085
40.23 16092
40.24 16094
40.25 16100
40.26 16106
40.27 16112
40.28 16119
40.29 16123
40.30 16124
40.31 16128
40.33 16131
40.34 16135
40.35 16137
40.36 16138
40.37 16138
40.38 16144
40.39 16150
40.40 16156
40.41 16161
40.42 16165
40.43 16174
40.44 16178
40.45 16178
40.46 16178
40.47 16181
40.48 16184
40.49 16189
40.51 16193
40.52 16200
40.53 16209
40.54 16211
40.55 16212
40.56 16217
40.57 16221
40.58 16227
40.59 16234
40.60 16237
40.61 16240
40.62 16242
40.63 16249
40.64 16251
40.65 16254
40.66 16256
40.67 16261
40.69 16263
40.70 16264
40.71 16267
40.72 16269
40.73 16275
40.74 16276
40.75 16282
40.76 16285
40.77 16290
40.78 16295
40.79 16300
40.80 16304
40.81 16306
40.82 16311
40.83 16318
40.84 16324
40.85 16332
40.87 16339
40.88 16347
40.89 16355
40.90 16356
40.91 16361
40.92 16366
40.93 16372
40.94 16376
40.95 16379
40.96 16381
40.97 16385
40.98 16387
40.99 16391
41.00 16395
41.01 16395
41.02 16395
41.03 16395
41.04 16398
41.06 16401
41.07 16407
41.08 16410
41.09 16418
41.10 16425
41.11 16430
41.12 16436
41.13 16438
41.14 16438
41.15 16438
41.16 16442
41.17 16442
41.18 16449
41.19 16456
41.20 16459
41.21 16463
41.22 16465
41.24 16469
41.25 16473
41.26 16476
41.27 16480
41.28 16482
41.29 16488
41.30 16493
41.31 16498
41.32 16502
41.33 16502
41.34 16505
41.35 16508
41.36 16510
41.37 16511
41.38 16514
41.39 16517
41.40 16518
41.42 16519
41.43 16524
41.44 16528
41.45 16533
41.46 16538
41.47 16539
41.48 16539
41.49 16540
41.50 16545
41.51 16545
41.52 16545
41.53 16546
41.54 16546
41.55 16547
41.56 16551
41.57 16556
41.58 16560
41.60 16562
41.61 16563
41.62 16564
41.63 16572
41.64 16574
41.65 16574
41.66 16582
41.67 16587
41.68 16587
41.69 16590
41.70 16590
41.71 16591
41.72 16591
41.73 16595
41.74 16598
41.75 16600
41.76 16607
41.78 16610
41.79 16610
41.80 16611
41.81 16611
41.82 16614
41.83 16615
41.84 16619
41.85 16622
41.86 16622
41.87 16623
41.88 16623
41.89 16625
41.90 16627
41.91 16628
41.92 16632
41.93 16632
41.94 16632
41.95 16633
41.97 16636
41.98 16637
41.99 16642
42.00 16649
42.01 16650
42.02 16650
42.03 16651
42.04 16652
42.05 16652
42.06 16657
42.07 16665
42.08 16666
42.09 16666
42.10 16667
42.11 16667
42.12 16671
42.13 16672
42.15 16672
42.16 16673
42.17 16675
42.18 16676
42.19 16678
42.20 16684
42.21 16692
42.22 16695
42.23 16698
42.24 16703
42.25 16705
42.26 16708
42.27 16714
42.28 16717
42.29 16722
42.30 16728
42.31 16734
42.33 16738
42.34 16745
42.35 16750
42.36 16755
42.37 16759
42.38 16767
42.39 16773
42.40 16777
42.41 16780
42.42 16785
42.43 16789
42.44 16797
42.45 16804
42.46 16807
42.47 16814
42.48 16819
42.49 16823
42.51 16827
42.52 16830
42.53 16835
42.54 16840
42.55 16844
42.56 16846
42.57 16850
42.58 16856
42.59 16862
42.60 16866
42.61 16871
42.62 16874
42.63 16879
42.64 16880
42.65 16882
42.66 16889
42.67 16893
42.69 16894
42.70 16899
42.71 16899
42.72 16906
42.73 16910
42.74 16915
42.75 16919
42.76 16921
42.77 16932
42.78 16937
42.79 16941
42.80 16946
42.81 16948
42.82 16951
42.83 16957
42.84 16959
42.85 16963
42.86 16968
42.88 16969
42.89 16974
42.90 16977
42.91 16982
42.92 16986
42.93 16992
42.94 16994
42.95 17000
42.96 17003
42.97 17004
42.98 17006
42.99 17009
43.00 17012
43.01 17019
43.02 17021
43.03 17025
43.04 17028
43.06 17031
43.07 17036
43.08 17039
43.09 17040
43.10 17047
43.11 17051
43.12 17056
43.13 17058
43.14 17060
43.15 17065
43.16 17068
43.17 17072
43.18 17079
43.19 17083
43.20 17087
43.21 17094
43.22 17099
43.24 17101
43.25 17102
43.26 17106
43.27 17111
43.28 17113
43.29 17114
43.30 17118
43.31 17124
43.32 17127
43.33 17130
43.34 17135
43.35 17138
43.36 17140
43.37 17145
43.38 17149
43.39 17154
43.40 17157
43.42 17160
43.43 17166
43.44 17168
43.45 17173
43.46 17174
43.47 17183
43.48 17189
43.49 17190
43.50 17191
43.51 17196
43.52 17196
43.53 17203
43.54 17209
43.55 17212
43.56 17218
43.57 17220
43.58 17225
43.60 17227
43.61 17230
43.62 17232
43.63 17236
43.64 17242
43.65 17247
43.66 17250
43.67 17252
43.68 17256
43.69 17260
43.70 17261
43.71 17267
43.72 17270
43.73 17271
43.74 17273
43.75 17274
43.76 17278
43.77 17280
43.79 17282
43.80 17286
43.81 17288
43.82 17289
43.83 17291
43.84 17299
43.85 17300
43.86 17306
43.87 17313
43.88 17314
43.89 17316
43.90 17320
43.91 17325
43.92 17328
43.93 17329
43.94 17331
43.95 17332
43.97 17336
43.98 17338
43.99 17341
44.00 17344
44.01 17345
44.02 17349
44.03 17350
44.04 17351
44.05 17351
44.06 17352
44.07 17355
44.08 17356
44.09 17356
44.10 17358
44.11 17359
44.12 17360
44.13 17360
44.15 17361
44.16 17361
44.17 17361
44.18 17361
44.19 17361
44.20 17362
44.21 17362
44.22 17362
44.23 17362
44.24 17362
44.25 17362
44.26 17364
44.27 17366
44.28 17366
44.29 17367
44.30 17367
44.31 17369
44.33 17369
44.34 17369
44.35 17369
44.36 17369
44.37 17369
44.38 17369
44.39 17369
44.40 17369
44.41 17369
44.42 17369
44.43 17369
44.44 17369
44.45 17371
44.46 17371
44.47 17371
44.48 17372
44.49 17372
44.50 17374
44.52 17375
44.53 17375
44.54 17375
44.55 17375
44.56 17375
44.57 17375
44.58 17376
44.59 17376
44.60 17376
44.61 17376
44.62 17376
44.63 17376
44.64 17380
44.65 17383
44.66 17385
44.67 17385
44.68 17386
44.70 17387
44.71 17390
44.72 17390
44.73 17393
44.74 17396
44.75 17397
44.76 17397
44.77 17398
44.78 17400
44.79 17401
44.80 17401
44.81 17402
44.82 17404
44.83 17405
44.84 17405
44.85 17406
44.86 17406
44.88 17406
44.89 17406
44.90 17407
44.91 17407
44.92 17407
44.93 17407
44.94 17407
44.95 17408
44.96 17409
44.97 17409
44.98 17409
44.99 17411
45.00 17411
45.01 17411
45.02 17412
45.03 17412
45.04 17414
45.06 17414
45.07 17414
45.08 17414
45.09 17414
45.10 17414
45.11 17414
45.12 17415
45.13 17415
45.14 17415
45.15 17415
45.16 17415
45.17 17415
45.18 17417
45.19 17417
45.20 17417
45.21 17417
45.22 17418
45.24 17420
45.25 17420
45.26 17420
45.27 17420
45.28 17420
45.29 17420
45.30 17420
45.31 17421
45.32 17421
45.33 17421
45.34 17421
45.35 17421
45.36 17421
45.37 17425
45.38 17426
45.39 17426
45.40 17426
45.41 17427
45.43 17428
45.44 17428
45.45 17428
45.46 17428
45.47 17428
45.48 17428
45.49 17428
45.50 17428
45.51 17430
45.52 17431
45.53 17431
45.54 17433
45.55 17434
45.56 17434
45.57 17438
45.58 17438
45.59 17441
45.61 17442
45.62 17443
45.63 17450
45.64 17450
45.65 17451
45.66 17455
45.67 17457
45.68 17462
45.69 17466
45.70 17471
45.71 17477
45.72 17484
45.73 17488
45.74 17493
45.75 17498
45.76 17501
45.77 17504
45.79 17512
45.80 17518
45.81 17522
45.82 17525
45.83 17528
45.84 17534
45.85 17542
45.86 17546
45.87 17551
45.88 17555
45.89 17558
45.90 17560
45.91 17564
45.92 17567
45.93 17571
45.94 17578
45.95 17586
45.97 17589
45.98 17594
45.99 17596
46.00 17600
46.01 17605
46.02 17611
46.03 17618
46.04 17622
46.05 17628
46.06 17633
46.07 17637
46.08 17642
46.09 17648
46.10 17651
46.11 17654
46.12 17660
46.13 17666
46.15 17672
46.16 17677
46.17 17681
46.18 17684
46.19 17690
46.20 17696
46.21 17699
46.22 17702
46.23 17706
46.24 17710
46.25 17714
46.26 17719
46.27 17722
46.28 17725
46.29 17730
46.30 17732
46.31 17737
46.32 17744
46.34 17751
46.35 17757
46.36 17761
46.37 17764
46.38 17768
46.39 17774
46.40 17778
46.41 17783
46.42 17788
46.43 17795
46.44 17800
46.45 17805
46.46 17812
46.47 17818
46.48 17824
46.49 17830
46.50 17835
46.52 17840
46.53 17843
46.54 17847
46.55 17851
46.56 17855
46.57 17861
46.58 17866
46.59 17870
46.60 17874
46.61 17879
46.62 17888
46.63 17894
46.64 17900
46.65 17905
46.66 17910
46.67 17913
46.68 17916
46.70 17917
46.71 17922
46.72 17925
46.73 17930
46.74 17934
46.75 17940
46.76 17945
46.77 17951
46.78 17955
46.79 17957
46.80 17960
46.81 17962
46.82 17968
46.83 17973
46.84 17979
46.85 17985
46.86 17991
46.88 17994
46.89 17999
46.90 18003
46.91 18008
46.92 18014
46.93 18020
46.94 18023
46.95 18029
46.96 18033
46.97 18039
46.98 18045
46.99 18050
47.00 18054
47.01 18060
47.02 18065
47.03 18070
47.04 18074
47.06 18078
47.07 18082
47.08 18086
47.09 18090
47.10 18094
47.11 18099
47.12 18102
47.13 18110
47.14 18114
47.15 18119
47.16 18121
47.17 18123
47.18 18129
47.19 18133
47.20 18139
47.21 18144
47.22 18147
47.23 18151
47.25 18156
47.26 18160
47.27 18163
47.28 18167
47.29 18170
47.30 18173
47.31 18179
47.32 18185
47.33 18189
47.34 18192
47.35 18197
47.36 18204
47.37 18207
47.38 18212
47.39 18216
47.40 18221
47.41 18229
47.43 18234
47.44 18236
47.45 18239
47.46 18245
47.47 18248
47.48 18254
47.49 18261
47.50 18266
47.51 18271
47.52 18277
47.53 18281
47.54 18286
47.55 18291
47.56 18297
47.57 18302
47.58 18308
47.59 18312
47.61 18319
47.62 18325
47.63 18332
47.64 18337
47.65 18341
47.66 18348
47.67 18354
47.68 18362
47.69 18373
47.70 18383
47.71 18391
47.72 18399
47.73 18405
47.74 18408
47.75 18411
47.76 18414
47.77 18420
47.79 18426
47.80 18432
47.81 18436
47.82 18442
47.83 18444
47.84 18448
47.85 18452
47.86 18460
47.87 18467
47.88 18471
47.89 18476
47.90 18481
47.91 18485
47.92 18486
47.93 18488
47.94 18492
47.95 18496
47.97 18500
47.98 18504
47.99 18510
48.00 18515
48.01 18520
48.02 18525
48.03 18529
48.04 18533
48.05 18537
48.06 18543
48.07 18545
48.08 18550
48.09 18555
48.10 18559
48.11 18562
48.12 18565
48.13 18570
48.14 18575
48.16 18581
48.17 18584
48.18 18590
48.19 18594
48.20 18599
48.21 18603
48.22 18608
48.23 18615
48.24 18620
48.25 18627
48.26 18630
48.27 18635
48.28 18640
48.29 18647
48.30 18653
48.31 18658
48.32 18665
48.34 18667
48.35 18670
48.36 18675
48.37 18683
48.38 18688
48.39 18693
48.40 18697
48.41 18701
48.42 18706
48.43 18713
48.44 18719
48.45 18723
48.46 18730
48.47 18740
48.48 18746
48.49 18750
48.50 18754
48.52 18759
48.53 18762
48.54 18768
48.55 18773
48.56 18779
48.57 18788
48.58 18794
48.59 18803
48.60 18807
48.61 18811
48.62 18812
48.63 18817
48.64 18821
48.65 18825
48.66 18826
48.67 18828
48.68 18830
48.70 18830
48.71 18832
48.72 18836
48.73 18838
48.74 18841
48.75 18845
48.76 18848
48.77 18851
48.78 18852
48.79 18853
48.80 18853
48.81 18854
48.82 18858
48.83 18859
48.84 18861
48.85 18863
48.86 18867
48.88 18871
48.89 18873
48.90 18874
48.91 18876
48.92 18878
48.93 18883
48.94 18889
48.95 18890
48.96 18892
48.97 18894
48.98 18895
48.99 18895
49.00 18897
49.01 18898
49.02 18898
49.03 18899
49.04 18899
49.05 18899
49.07 18901
49.08 18901
49.09 18902
49.10 18902
49.11 18902
49.12 18908
49.13 18909
49.14 18909
49.15 18910
49.16 18910
49.17 18912
49.18 18912
49.19 18912
49.20 18912
49.21 18912
49.22 18912
49.23 18912
49.25 18914
49.26 18915
49.27 18915
49.28 18915
49.29 18915
49.30 18915
49.31 18915
49.32 18921
49.33 18922
49.34 18922
49.35 18926
49.36 18926
49.37 18929
49.38 18930
49.39 18930
49.40 18934
49.41 18936
49.43 18937
49.44 18941
49.45 18941
49.46 18941
49.47 18945
49.48 18945
49.49 18945
49.50 18945
49.51 18949
49.52 18950
49.53 18950
49.54 18953
49.55 18954
49.56 18958
49.57 18958
49.58 18960
49.59 18962
49.61 18965
49.62 18965
49.63 18965
49.64 18970
49.65 18979
49.66 18981
49.67 18984
49.68 18987
49.69 18991
49.70 18991
49.71 18994
49.72 18999
49.73 19001
49.74 19002
49.75 19010
49.76 19018
49.77 19020
49.79 19022
49.80 19023
49.81 19028
49.82 19030
49.83 19034
49.84 19034
49.85 19035
49.86 19036
49.87 19040
49.88 19041
49.89 19044
49.90 19048
49.91 19051
49.92 19054
49.93 19056
49.94 19060
49.95 19066
49.96 19071
49.98 19074
49.99 19078
50.00 19082
50.01 19085
50.02 19091
50.03 19092
50.04 19095
50.05 19099
50.06 19102
50.07 19107
50.08 19113
50.09 19120
50.10 19123
50.11 19127
50.12 19132
50.13 19137
50.14 19143
50.16 19145
50.17 19151
50.18 19160
50.19 19165
50.20 19168
50.21 19171
50.22 19175
50.23 19178
50.24 19182
50.25 19186
50.26 19188
50.27 19190
50.28 19195
50.29 19200
50.30 19208
50.31 19212
50.32 19215
50.34 19219
50.35 19225
50.36 19231
50.37 19235
50.38 19239
50.39 19242
50.40 19244
50.41 19252
50.42 19254
50.43 19256
50.44 19262
50.45 19268
50.46 19274
50.47 19277
50.48 19282
50.49 19286
50.50 19290
50.52 19293
50.53 19298
50.54 19303
50.55 19311
50.56 19318
50.57 19326
50.58 19329
50.59 19334
50.60 19335
50.61 19341
50.62 19345
50.63 19351
50.64 19355
50.65 19360
50.66 19366
50.67 19371
50.68 19376
50.70 19381
50.71 19387
50.72 19391
50.73 19399
50.74 19404
50.75 19408
50.76 19412
50.77 19417
50.78 19422
50.79 19428
50.80 19434
50.81 19440
50.82 19445
50.83 19447
50.84 19451
50.85 19457
50.86 19458
50.87 19461
50.89 19465
50.90 19468
50.91 19473
50.92 19478
50.93 19481
50.94 19484
50.95 19486
50.96 19489
50.97 19498
50.98 19505
50.99 19509
51.00 19511
51.01 19516
51.02 19520
51.03 19527
51.04 19532
51.05 19536
51.07 19541
51.08 19543
51.09 19546
51.10 19550
51.11 19552
51.12 19555
51.13 19558
51.14 19562
51.15 19570
51.16 19577
51.17 19582
51.18 19589
51.19 19594
51.20 19601
51.21 19605
51.22 19607
51.23 19609
51.25 19614
51.26 19615
51.27 19618
51.28 19619
51.29 19623
51.30 19627
51.31 19635
51.32 19637
51.33 19641
51.34 19641
51.35 19645
51.36 19649
51.37 19649
51.38 19650
51.39 19653
51.40 19661
51.41 19664
51.43 19667
51.44 19672
51.45 19676
51.46 19678
51.47 19680
51.48 19683
51.49 19687
51.50 19689
51.51 19693
51.52 19696
51.53 19699
51.54 19704
51.55 19708
51.56 19710
51.57 19715
51.58 19719
51.59 19724
51.61 19728
51.62 19732
51.63 19735
51.64 19739
51.65 19743
51.66 19747
51.67 19748
51.68 19750
51.69 19755
51.70 19757
51.71 19759
51.72 19763
51.73 19767
51.74 19768
51.75 19773
51.76 19778
51.77 19783
51.78 19786
51.80 19789
51.81 19792
51.82 19796
51.83 19800
51.84 19803
51.85 19806
51.86 19811
51.87 19812
51.88 19817
51.89 19821
51.90 19827
51.91 19831
51.92 19834
51.93 19837
51.94 19844
51.95 19848
51.96 19852
51.98 19855
51.99 19861
52.00 19869
52.01 19877
52.02 19883
52.03 19886
52.04 19886
52.05 19889
52.06 19893
52.07 19895
52.08 19899
52.09 19904
52.10 19907
52.11 19912
52.12 19917
52.13 19923
52.14 19926
52.16 19928
52.17 19929
52.18 19933
52.19 19935
52.20 19940
52.21 19945
52.22 19947
52.23 19953
52.24 19955
52.25 19957
52.26 19961
52.27 19964
52.28 19965
52.29 19967
52.30 19969
52.31 19973
52.32 19975
52.34 19979
52.35 19981
52.36 19981
52.37 19983
52.38 19989
52.39 19993
52.40 20001
52.41 20008
52.42 20011
52.43 20018
52.44 20020
52.45 20025
52.46 20028
52.47 20032
52.48 20033
52.49 20034
52.50 20037
52.52 20040
52.53 20042
52.54 20044
52.55 20047
52.56 20050
52.57 20051
52.58 20055
52.59 20057
52.60 20060
52.61 20063
52.62 20063
52.63 20066
52.64 20071
52.65 20075
52.66 20081
52.67 20083
52.68 20087
52.69 20093
52.71 20097
52.72 20102
52.73 20108
52.74 20110
52.75 20110
52.76 20111
52.77 20115
52.78 20117
52.79 20120
52.80 20124
52.81 20127
52.82 20134
52.83 20138
52.84 20143
52.85 20147
52.86 20155
52.87 20161
52.89 20169
52.90 20174
52.91 20179
52.92 20185
52.93 20192
52.94 20195
52.95 20199
52.96 20205
52.97 20207
52.98 20210
52.99 20214
53.00 20219
53.01 20225
53.02 20228
53.03 20232
53.04 20236
53.05 20240
53.07 20242
53.08 20246
53.09 20251
53.10 20256
53.11 20261
53.12 20267
53.13 20273
53.14 20278
53.15 20281
53.16 20285
53.17 20287
53.18 20293
53.19 20297
53.20 20301
53.21 20309
53.22 20314
53.23 20316
53.25 20321
53.26 20327
53.27 20333
53.28 20334
53.29 20342
53.30 20344
53.31 20346
53.32 20350
53.33 20353
53.34 20356
53.35 20359
53.36 20359
53.37 20364
53.38 20366
53.39 20367
53.40 20367
53.41 20368
53.43 20368
53.44 20370
53.45 20377
53.46 20379
53.47 20381
53.48 20382
53.49 20384
53.50 20384
53.51 20392
53.52 20394
53.53 20395
53.54 20398
53.55 20401
53.56 20405
53.57 20408
53.58 20412
53.59 20415
53.60 20420
53.62 20424
53.63 20427
53.64 20428
53.65 20433
53.66 20435
53.67 20442
53.68 20447
53.69 20450
53.70 20457
53.71 20457
53.72 20461
53.73 20465
53.74 20469
53.75 20470
53.76 20475
53.77 20479
53.78 20487
53.80 20493
53.81 20495
53.82 20498
53.83 20503
53.84 20506
53.85 20512
53.86 20518
53.87 20520
53.88 20522
53.89 20522
53.90 20524
53.91 20525
53.92 20532
53.93 20535
53.94 20538
53.95 20540
53.96 20544
53.98 20546
53.99 20547
54.00 20547
54.01 20548
54.02 20548
54.03 20553
54.04 20553
54.05 20557
54.06 20557
54.07 20561
54.08 20562
54.09 20566
54.10 20569
54.11 20571
54.12 20572
54.13 20577
54.14 20578
54.16 20578
54.17 20580
54.18 20581
54.19 20582
54.20 20582
54.21 20583
54.22 20586
54.23 20586
54.24 20586
54.25 20589
54.26 20589
54.27 20590
54.28 20590
54.29 20592
54.30 20594
54.31 20598
54.32 20599
54.34 20599
54.35 20600
54.36 20600
54.37 20602
54.38 20609
54.39 20611
54.40 20611
54.41 20613
54.42 20616
54.43 20618
54.44 20618
54.45 20619
54.46 20620
54.47 20620
54.48 20620
54.49 20620
54.50 20620
54.51 20620
54.53 20620
54.54 20620
54.55 20620
54.56 20623
54.57 20623
54.58 20623
54.59 20627
54.60 20628
54.61 20628
54.62 20629
54.63 20629
54.64 20629
54.65 20629
54.66 20629
54.67 20629
54.68 20629
54.69 20629
54.71 20629
54.72 20629
54.73 20631
54.74 20631
54.75 20631
54.76 20636
54.77 20636
54.78 20636
54.79 20637
54.80 20637
54.81 20637
54.82 20637
54.83 20637
54.84 20637
54.85 20637
54.86 20637
54.87 20637
54.89 20637
54.90 20639
54.91 20639
54.92 20639
54.93 20643
54.94 20644
54.95 20644
54.96 20645
54.97 20645
54.98 20646
54.99 20646
55.00 20646
55.01 20646
55.02 20646
55.03 20646
55.04 20646
55.05 20648
55.07 20649
55.08 20649
55.09 20649
55.10 20649
55.11 20649
55.12 20651
55.13 20651
55.14 20652
55.15 20652
55.16 20652
55.17 20652
55.18 20652
55.19 20652
55.20 20652
55.21 20652
55.22 20652
55.23 20653
55.25 20653
55.26 20654
55.27 20654
55.28 20654
55.29 20658
55.30 20659
55.31 20660
55.32 20660
55.33 20660
55.34 20663
55.35 20665
55.36 20665
55.37 20667
55.38 20669
55.39 20669
55.40 20670
55.41 20673
55.42 20674
55.44 20674
55.45 20674
55.46 20674
55.47 20674
55.48 20679
55.49 20680
55.50 20680
55.51 20681
55.52 20682
55.53 20684
55.54 20684
55.55 20686
55.56 20686
55.57 20686
55.58 20686
55.59 20689
55.60 20689
55.62 20692
55.63 20692
55.64 20692
55.65 20695
55.66 20696
55.67 20696
55.68 20696
55.69 20696
55.70 20696
55.71 20696
55.72 20696
55.73 20697
55.74 20697
55.75 20697
55.76 20697
55.77 20697
55.78 20700
55.80 20700
55.81 20700
55.82 20703
55.83 20703
55.84 20703
55.85 20705
55.86 20705
55.87 20705
55.88 20705
55.89 20705
55.90 20705
55.91 20705
55.92 20705
55.93 20705
55.94 20705
55.95 20706
55.96 20706
55.98 20706
55.99 20710
56.00 20711
56.01 20711
56.02 20712
56.03 20712
56.04 20716
56.05 20716
56.06 20716
56.07 20716
56.08 20716
56.09 20716
56.10 20722
56.11 20728
56.12 20734
56.13 20738
56.14 20745
56.16 20751
56.17 20751
56.18 20751
56.19 20752
56.20 20752
56.21 20752
56.22 20757
56.23 20758
56.24 20758
56.25 20759
56.26 20759
56.27 20759
56.28 20759
56.29 20759
56.30 20759
56.31 20759
56.32 20759
56.33 20759
56.35 20759
56.36 20761
56.37 20761
56.38 20761
56.39 20764
56.40 20764
56.41 20764
56.42 20768
56.43 20768
56.44 20770
56.45 20770
56.46 20771
56.47 20771
56.48 20771
56.49 20771
56.50 20774
56.51 20774
56.53 20774
56.54 20775
56.55 20776
56.56 20776
56.57 20776
56.58 20778
56.59 20779
56.60 20779
56.61 20780
56.62 20781
56.63 20784
56.64 20784
56.65 20786
56.66 20789
56.67 20791
56.68 20791
56.69 20792
56.71 20794
56.72 20795
56.73 20795
56.74 20795
56.75 20795
56.76 20795
56.77 20795
56.78 20797
56.79 20798
56.80 20798
56.81 20799
56.82 20799
56.83 20803
56.84 20803
56.85 20803
56.86 20803
56.87 20803
56.89 20803
56.90 20803
56.91 20806
56.92 20806
56.93 20807
56.94 20808
56.95 20808
56.96 20808
56.97 20815
56.98 20816
56.99 20816
57.00 20817
57.01 20817
57.02 20819
57.03 20820
57.04 20820
57.05 20821
57.07 20821
57.08 20821
57.09 20821
57.10 20822
57.11 20822
57.12 20822
57.13 20822
57.14 20822
57.15 20822
57.16 20822
57.17 20825
57.18 20826
57.19 20826
57.20 20826
57.21 20826
57.22 20828
57.23 20829
57.24 20829
57.26 20829
57.27 20829
57.28 20829
57.29 20829
57.30 20831
57.31 20831
57.32 20832
57.33 20833
57.34 20833
57.35 20833
57.36 20835
57.37 20835
57.38 20835
57.39 20836
57.40 20836
57.41 20839
57.42 20840
57.44 20840
57.45 20840
57.46 20840
57.47 20840
57.48 20840
57.49 20841
57.50 20841
57.51 20841
57.52 20841
57.53 20841
57.54 20841
57.55 20841
57.56 20845
57.57 20847
57.58 20847
57.59 20850
57.60 20850
57.62 20854
57.63 20855
57.64 20855
57.65 20858
57.66 20861
57.67 20861
57.68 20861
57.69 20865
57.70 20867
57.71 20867
57.72 20868
57.73 20868
57.74 20868
57.75 20872
57.76 20873
57.77 20873
57.78 20874
57.80 20875
57.81 20875
57.82 20875
57.83 20875
57.84 20875
57.85 20875
57.86 20875
57.87 20876
57.88 20876
57.89 20876
57.90 20877
57.91 20877
57.92 20877
57.93 20881
57.94 20881
57.95 20881
57.96 20883
57.98 20883
57.99 20883
58.00 20883
58.01 20883
58.02 20883
58.03 20883
58.04 20883
58.05 20883
58.06 20883
58.07 20885
58.08 20885
58.09 20885
58.10 20890
58.11 20891
58.12 20891
58.13 20891
58.14 20891
58.15 20891
58.17 20891
58.18 20891
58.19 20891
58.20 20891
58.21 20891
58.22 20891
58.23 20891
58.24 20891
58.25 20891
58.26 20891
58.27 20896
58.28 20898
58.29 20899
58.30 20899
58.31 20900
58.32 20900
58.33 20900
58.35 20900
58.36 20900
58.37 20900
58.38 20900
58.39 20900
58.40 20900
58.41 20900
58.42 20903
58.43 20903
58.44 20903
58.45 20905
58.46 20906
58.47 20906
58.48 20910
58.49 20910
58.50 20913
58.51 20914
58.53 20914
58.54 20922
58.55 20923
58.56 20924
58.57 20925
58.58 20930
58.59 20937
58.60 20939
58.61 20939
58.62 20942
58.63 20944
58.64 20944
58.65 20947
58.66 20948
58.67 20949
58.68 20949
58.69 20949
58.71 20949
58.72 20949
58.73 20949
58.74 20949
58.75 20949
58.76 20950
58.77 20950
58.78 20950
58.79 20950
58.80 20950
58.81 20950
58.82 20952
58.83 20956
58.84 20957
58.85 20957
58.86 20957
58.87 20958
58.88 20961
58.90 20961
58.91 20963
58.92 20965
58.93 20968
58.94 20968
58.95 20968
58.96 20968
58.97 20970
58.98 20971
58.99 20971
59.00 20971
59.01 20975
59.02 20976
59.03 20976
59.04 20976
59.05 20976
59.06 20976
59.08 20976
59.09 20976
59.10 20976
59.11 20976
59.12 20976
59.13 20976
59.14 20976
59.15 20980
59.16 20980
59.17 20980
59.18 20983
59.19 20983
59.20 20983
59.21 20984
59.22 20984
59.23 20987
59.24 20988
59.26 20988
59.27 20990
59.28 20990
59.29 20990
59.30 20990
59.31 20990
59.32 20990
59.33 20990
59.34 20990
59.35 20990
59.36 20993
59.37 20995
59.38 20996
59.39 20996
59.40 20998
59.41 20999
59.42 20999
59.44 20999
59.45 20999
59.46 20999
59.47 20999
59.48 20999
59.49 20999
59.50 20999
59.51 21000
59.52 21000
59.53 21000
59.54 21004
59.55 21004
59.56 21004
59.57 21005
59.58 21005
59.59 21005
59.60 21005
59.62 21005
59.63 21005
59.64 21005
59.65 21005
59.66 21005
59.67 21005
59.68 21007
59.69 21007
59.70 21007
59.71 21011
59.72 21011
59.73 21011
59.74 21011
59.75 21012
59.76 21012
59.77 21012
59.78 21012
59.79 21012
59.81 21012
59.82 21012
59.83 21012
59.84 21012
59.85 21012
59.86 21012
59.87 21012
59.88 21013
59.89 21017
59.90 21018
59.91 21018
59.92 21018
59.93 21018
59.94 21018
59.95 21018
59.96 21018
59.97 21018
59.99 21018
60.00 21018
60.01 21018
60.02 21018
60.03 21020
60.04 21020
60.05 21020
60.06 21025
60.07 21025
60.08 21025
60.09 21026
60.10 21026
60.11 21030
60.12 21030
60.13 21030
60.14 21034
60.15 21035
60.17 21036
60.18 21039
60.19 21041
60.20 21041
60.21 21041
60.22 21041
60.23 21041
60.24 21047
60.25 21049
60.26 21049
60.27 21050
60.28 21054
60.29 21055
60.30 21057
60.31 21057
60.32 21062
60.33 21062
60.35 21065
60.36 21065
60.37 21066
60.38 21066
60.39 21067
60.40 21067
60.41 21067
60.42 21067
60.43 21078
60.44 21083
60.45 21084
60.46 21084
60.47 21087
60.48 21088
60.49 21091
60.50 21091
60.51 21091
60.53 21094
60.54 21096
60.55 21096
60.56 21096
60.57 21098
60.58 21098
60.59 21101
60.60 21101
60.61 21101
60.62 21104
60.63 21105
60.64 21105
60.65 21105
60.66 21105
60.67 21108
60.68 21109
60.69 21109
60.70 21114
60.72 21115
60.73 21117
60.74 21117
60.75 21118
60.76 21120
60.77 21120
60.78 21120
60.79 21120
60.80 21120
60.81 21123
60.82 21124
60.83 21124
60.84 21125
60.85 21125
60.86 21126
60.87 21128
60.88 21128
60.90 21128
60.91 21128
60.92 21128
60.93 21129
60.94 21130
60.95 21131
60.96 21131
60.97 21131
60.98 21131
60.99 21131
61.00 21136
61.01 21136
61.02 21137
61.03 21137
61.04 21137
61.05 21138
61.06 21138
61.08 21138
61.09 21138
61.10 21138
61.11 21138
61.12 21138
61.13 21138
61.14 21138
61.15 21139
61.16 21139
61.17 21139
61.18 21143
61.19 21143
61.20 21144
61.21 21147
61.22 21148
61.23 21151
61.24 21151
61.26 21154
61.27 21156
61.28 21159
61.29 21159
61.30 21160
61.31 21160
61.32 21161
61.33 21161
61.34 21161
61.35 21162
61.36 21165
61.37 21167
61.38 21167
61.39 21168
61.40 21168
61.41 21171
61.42 21171
61.44 21173
61.45 21176
61.46 21177
61.47 21177
61.48 21178
61.49 21178
61.50 21179
61.51 21181
61.52 21181
61.53 21181
61.54 21184
61.55 21185
61.56 21185
61.57 21189
61.58 21189
61.59 21191
61.60 21192
61.61 21192
61.63 21195
61.64 21198
61.65 21198
61.66 21198
61.67 21203
61.68 21210
61.69 21216
61.70 21217
61.71 21217
61.72 21220
61.73 21220
61.74 21220
61.75 21224
61.76 21224
61.77 21224
61.78 21225
61.79 21225
61.81 21225
61.82 21225
61.83 21225
61.84 21225
61.85 21225
61.86 21225
61.87 21225
61.88 21225
61.89 21226
61.90 21226
61.91 21226
61.92 21230
61.93 21230
61.94 21231
61.95 21231
61.96 21231
61.97 21231
61.99 21231
62.00 21231
62.01 21232
62.02 21232
62.03 21232
62.04 21232
62.05 21232
62.06 21232
62.07 21232
62.08 21232
62.09 21232
62.10 21236
62.11 21236
62.12 21236
62.13 21237
62.14 21237
62.15 21237
62.17 21237
62.18 21237
62.19 21237
62.20 21237
62.21 21237
62.22 21237
62.23 21237
62.24 21238
62.25 21238
62.26 21238
62.27 21241
62.28 21242
62.29 21242
62.30 21245
62.31 21245
62.32 21250
62.33 21250
62.35 21250
62.36 21253
62.37 21255
62.38 21255
62.39 21255
62.40 21258
62.41 21258
62.42 21258
62.43 21260
62.44 21260
62.45 21260
62.46 21260
62.47 21265
62.48 21265
62.49 21265
62.50 21265
62.51 21265
62.52 21265
62.54 21265
62.55 21265
62.56 21265
62.57 21265
62.58 21265
62.59 21265
62.60 21265
62.61 21266
62.62 21266
62.63 21266
62.64 21269
62.65 21270
62.66 21270
62.67 21271
62.68 21271
62.69 21271
62.70 21271
62.72 21271
62.73 21271
62.74 21271
62.75 21271
62.76 21271
62.77 21271
62.78 21271
62.79 21273
62.80 21273
62.81 21273
62.82 21275
62.83 21275
62.84 21275
62.85 21277
62.86 21277
62.87 21277
62.88 21277
62.90 21280
62.91 21283
62.92 21284
62.93 21285
62.94 21287
62.95 21287
62.96 21288
62.97 21291
62.98 21291
62.99 21291
63.00 21292
63.01 21292
63.02 21292
63.03 21293
63.04 21293
63.05 21297
63.06 21297
63.08 21297
63.09 21298
63.10 21298
63.11 21298
63.12 21299
63.13 21300
63.14 21300
63.15 21300
63.16 21301
63.17 21302
63.18 21303
63.19 21303
63.20 21303
63.21 21303
63.22 21306
63.23 21306
63.24 21306
63.26 21306
63.27 21306
63.28 21306
63.29 21307
63.30 21307
63.31 21308
63.32 21308
63.33 21308
63.34 21308
63.35 21308
63.36 21308
63.37 21308
63.38 21309
63.39 21309
63.40 21309
63.41 21309
63.42 21311
63.43 21311
63.45 21311
63.46 21311
63.47 21311
63.48 21311
63.49 21311
63.50 21312
63.51 21312
63.52 21312
63.53 21312
63.54 21312
63.55 21312
63.56 21315
63.57 21316
63.58 21317
63.59 21317
63.60 21317
63.61 21319
63.63 21322
63.64 21322
63.65 21326
63.66 21330
63.67 21330
63.68 21336
63.69 21341
63.70 21349
63.71 21352
63.72 21352
63.73 21352
63.74 21353
63.75 21353
63.76 21353
63.77 21355
63.78 21356
63.79 21356
63.81 21357
63.82 21358
63.83 21360
63.84 21360
63.85 21362
63.86 21364
63.87 21365
63.88 21365
63.89 21366
63.90 21369
63.91 21369
63.92 21370
63.93 21370
63.94 21370
63.95 21374
63.96 21374
63.97 21374
63.99 21374
64.00 21375
64.01 21376
64.02 21377
64.03 21377
64.04 21377
64.05 21378
64.06 21378
64.07 21378
64.08 21378
64.09 21378
64.10 21378
64.11 21382
64.12 21382
64.13 21382
64.14 21384
64.15 21384
64.17 21384
64.18 21388
64.19 21388
64.20 21392
64.21 21392
64.22 21392
64.23 21396
64.24 21398
64.25 21398
64.26 21398
64.27 21404
64.28 21412
64.29 21421
64.30 21423
64.31 21423
64.32 21432
64.33 21437
64.34 21439
64.36 21441
64.37 21444
64.38 21447
64.39 21451
64.40 21456
64.41 21459
64.42 21462
64.43 21466
64.44 21471
64.45 21475
64.46 21481
64.47 21488
64.48 21493
64.49 21498
64.50 21499
64.51 21504
64.52 21510
64.54 21516
64.55 21518
64.56 21521
64.57 21522
64.58 21523
64.59 21525
64.60 21525
64.61 21526
64.62 21530
64.63 21532
64.64 21534
64.65 21536
64.66 21536
64.67 21537
64.68 21539
64.69 21539
64.70 21541
64.72 21541
64.73 21541
64.74 21547
64.75 21549
64.76 21553
64.77 21557
64.78 21562
64.79 21568
64.80 21570
64.81 21575
64.82 21578
64.83 21583
64.84 21586
64.85 21588
64.86 21591
64.87 21597
64.88 21602
64.90 21605
64.91 21609
64.92 21616
64.93 21622
64.94 21626
64.95 21628
64.96 21633
64.97 21636
64.98 21643
64.99 21646
65.00 21650
65.01 21655
65.02 21660
65.03 21667
65.04 21672
65.05 21676
65.06 21681
65.08 21684
65.09 21689
65.10 21692
65.11 21696
65.12 21699
65.13 21703
65.14 21706
65.15 21709
65.16 21712
65.17 21714
65.18 21719
65.19 21725
65.20 21730
65.21 21735
65.22 21741
65.23 21746
65.24 21751
65.25 21757
65.27 21759
65.28 21765
65.29 21769
65.30 21775
65.31 21781
65.32 21787
65.33 21791
65.34 21796
65.35 21801
65.36 21805
65.37 21808
65.38 21811
65.39 21816
65.40 21817
65.41 21817
65.42 21817
65.43 21817
65.45 21820
65.46 21821
65.47 21823
65.48 21825
65.49 21826
65.50 21826
65.51 21827
65.52 21834
65.53 21836
65.54 21836
65.55 21839
65.56 21839
65.57 21840
65.58 21842
65.59 21842
65.60 21842
65.61 21842
65.63 21845
65.64 21845
65.65 21845
65.66 21847
65.67 21848
65.68 21852
65.69 21856
65.70 21865
65.71 21872
65.72 21877
65.73 21880
65.74 21883
65.75 21886
65.76 21893
65.77 21898
65.78 21904
65.79 21908
65.81 21912
65.82 21918
65.83 21922
65.84 21925
65.85 21927
65.86 21929
65.87 21930
65.88 21933
65.89 21933
65.90 21936
65.91 21938
65.92 21941
65.93 21946
65.94 21953
65.95 21955
65.96 21958
65.97 21961
65.99 21964
66.00 21970
66.01 21975
66.02 21979
66.03 21986
66.04 21994
66.05 22000
66.06 22003
66.07 22004
66.08 22004
66.09 22004
66.10 22007
66.11 22012
66.12 22019
66.13 22023
66.14 22025
66.15 22031
66.16 22036
66.18 22042
66.19 22047
66.20 22051
66.21 22056
66.22 22062
66.23 22063
66.24 22066
66.25 22070
66.26 22072
66.27 22075
66.28 22076
66.29 22083
66.30 22086
66.31 22091
66.32 22097
66.33 22100
66.34 22101
66.36 22103
66.37 22104
66.38 22109
66.39 22113
66.40 22116
66.41 22120
66.42 22123
66.43 22128
66.44 22133
66.45 22136
66.46 22138
66.47 22140
66.48 22144
66.49 22152
66.50 22159
66.51 22163
66.52 22170
66.54 22173
66.55 22179
66.56 22187
66.57 22192
66.58 22194
66.59 22200
66.60 22204
66.61 22208
66.62 22210
66.63 22218
66.64 22220
66.65 22224
66.66 22227
66.67 22230
66.68 22232
66.69 22234
66.70 22239
66.72 22242
66.73 22250
66.74 22257
66.75 22261
66.76 22268
66.77 22274
66.78 22279
66.79 22283
66.80 22287
66.81 22293
66.82 22301
66.83 22306
66.84 22311
66.85 22318
66.86 22325
66.87 22328
66.88 22333
66.90 22339
66.91 22343
66.92 22347
66.93 22351
66.94 22353
66.95 22357
66.96 22363
66.97 22367
66.98 22372
66.99 22375
67.00 22378
67.01 22381
67.02 22386
67.03 22390
67.04 22394
67.05 22396
67.06 22399
67.07 22403
67.09 22407
67.10 22408
67.11 22415
67.12 22419
67.13 22421
67.14 22423
67.15 22428
67.16 22431
67.17 22435
67.18 22439
67.19 22446
67.20 22451
67.21 22457
67.22 22459
67.23 22465
67.24 22473
67.25 22478
67.27 22483
67.28 22487
67.29 22491
67.30 22493
67.31 22496
67.32 22499
67.33 22501
67.34 22504
67.35 22507
67.36 22512
67.37 22515
67.38 22517
67.39 22521
67.40 22526
67.41 22530
67.42 22531
67.43 22535
67.45 22543
67.46 22547
67.47 22549
67.48 22556
67.49 22560
67.50 22561
67.51 22564
67.52 22566
67.53 22571
67.54 22577
67.55 22583
67.56 22585
67.57 22593
67.58 22595
67.59 22597
67.60 22603
67.61 22605
67.63 22608
67.64 22614
67.65 22622
67.66 22627
67.67 22630
67.68 22633
67.69 22640
67.70 22644
67.71 22650
67.72 22655
67.73 22659
67.74 22663
67.75 22666
67.76 22669
67.77 22671
67.78 22673
67.79 22675
67.81 22679
67.82 22683
67.83 22688
67.84 22694
67.85 22698
67.86 22701
67.87 22704
67.88 22704
67.89 22711
67.90 22716
67.91 22720
67.92 22725
67.93 22729
67.94 22735
67.95 22740
67.96 22742
67.97 22743
67.98 22749
68.00 22755
68.01 22758
68.02 22762
68.03 22766
68.04 22771
68.05 22777
68.06 22786
68.07 22791
68.08 22796
68.09 22801
68.10 22805
68.11 22811
68.12 22815
68.13 22819
68.14 22825
68.15 22827
68.16 22830
68.18 22832
68.19 22836
68.20 22839
68.21 22841
68.22 22846
68.23 22850
68.24 22852
68.25 22856
68.26 22860
68.27 22866
68.28 22869
68.29 22874
68.30 22876
68.31 22876
68.32 22881
68.33 22887
68.34 22888
68.36 22889
68.37 22891
68.38 22894
68.39 22902
68.40 22906
68.41 22913
68.42 22918
68.43 22922
68.44 22925
68.45 22926
68.46 22932
68.47 22938
68.48 22941
68.49 22944
68.50 22949
68.51 22952
68.52 22955
68.54 22959
68.55 22962
68.56 22964
68.57 22968
68.58 22972
68.59 22976
68.60 22981
68.61 22984
68.62 22989
68.63 22992
68.64 22996
68.65 23002
68.66 23008
68.67 23013
68.68 23016
68.69 23020
68.70 23023
68.72 23024
68.73 23029
68.74 23032
68.75 23035
68.76 23039
68.77 23045
68.78 23052
68.79 23057
68.80 23061
68.81 23065
68.82 23071
68.83 23074
68.84 23076
68.85 23080
68.86 23087
68.87 23090
68.88 23093
68.89 23095
68.91 23096
68.92 23099
68.93 23101
68.94 23102
68.95 23111
68.96 23115
68.97 23118
68.98 23123
68.99 23128
69.00 23132
69.01 23138
69.02 23139
69.03 23142
69.04 23145
69.05 23145
69.06 23146
69.07 23146
69.09 23147
69.10 23147
69.11 23148
69.12 23148
69.13 23149
69.14 23150
69.15 23151
69.16 23152
69.17 23153
69.18 23154
69.19 23154
69.20 23155
69.21 23155
69.22 23158
69.23 23160
69.24 23164
69.25 23166
69.27 23167
69.28 23170
69.29 23173
69.30 23176
69.31 23176
69.32 23177
69.33 23179
69.34 23181
69.35 23182
69.36 23182
69.37 23182
69.38 23185
69.39 23186
69.40 23186
69.41 23186
69.42 23187
69.43 23187
69.45 23187
69.46 23188
69.47 23188
69.48 23188
69.49 23188
69.50 23188
69.51 23188
69.52 23189
69.53 23189
69.54 23189
69.55 23192
69.56 23193
69.57 23193
69.58 23194
69.59 23194
69.60 23196
69.61 23196
69.63 23196
69.64 23197
69.65 23197
69.66 23197
69.67 23197
69.68 23198
69.69 23198
69.70 23198
69.71 23198
69.72 23198
69.73 23198
69.74 23201
69.75 23202
69.76 23202
69.77 23203
69.78 23203
69.79 23204
69.80 23205
69.82 23205
69.83 23205
69.84 23205
69.85 23205
69.86 23205
69.87 23205
69.88 23205
69.89 23206
69.90 23206
69.91 23206
69.92 23206
69.93 23210
69.94 23215
69.95 23215
69.96 23215
69.97 23216
69.98 23216
70.00 23218
70.01 23218
70.02 23218
70.03 23218
70.04 23218
70.05 23218
70.06 23218
70.07 23222
70.08 23222
70.09 23222
70.10 23222
70.11 23222
70.12 23222
70.13 23227
70.14 23228
70.15 23228
70.16 23228
70.18 23228
70.19 23230
70.20 23231
70.21 23231
70.22 23232
70.23 23232
70.24 23232
70.25 23234
70.26 23234
70.27 23234
70.28 23236
70.29 23236
70.30 23236
70.31 23240
70.32 23242
70.33 23242
70.34 23242
70.36 23242
70.37 23242
70.38 23242
70.39 23242
70.40 23243
70.41 23243
70.42 23243
70.43 23243
70.44 23243
70.45 23245
70.46 23246
70.47 23246
70.48 23249
70.49 23249
70.50 23250
70.51 23250
70.52 23250
70.54 23252
70.55 23254
70.56 23254
70.57 23259
70.58 23260
70.59 23261
70.60 23261
70.61 23262
70.62 23263
70.63 23264
70.64 23264
70.65 23265
70.66 23266
70.67 23266
70.68 23269
70.69 23269
70.70 23272
70.71 23273
70.73 23273
70.74 23279
70.75 23279
70.76 23282
70.77 23282
70.78 23287
70.79 23287
70.80 23290
70.81 23294
70.82 23297
70.83 23306
70.84 23314
70.85 23317
70.86 23323
70.87 23325
70.88 23327
70.89 23329
70.91 23330
70.92 23332
70.93 23336
70.94 23337
70.95 23338
70.96 23341
70.97 23341
70.98 23346
70.99 23348
71.00 23351
71.01 23356
71.02 23365
71.03 23370
71.04 23374
71.05 23375
71.06 23378
71.07 23382
71.09 23383
71.10 23385
71.11 23388
71.12 23390
71.13 23392
71.14 23396
71.15 23397
71.16 23398
71.17 23402
71.18 23405
71.19 23405
71.20 23408
71.21 23414
71.22 23417
71.23 23421
71.24 23425
71.25 23429
71.27 23430
71.28 23435
71.29 23439
71.30 23440
71.31 23443
71.32 23445
71.33 23447
71.34 23450
71.35 23455
71.36 23458
71.37 23460
71.38 23465
71.39 23467
71.40 23469
71.41 23472
71.42 23474
71.43 23475
71.45 23476
71.46 23479
71.47 23484
71.48 23486
71.49 23488
71.50 23489
71.51 23494
71.52 23495
71.53 23496
71.54 23500
71.55 23502
71.56 23504
71.57 23507
71.58 23509
71.59 23512
71.60 23520
71.61 23524
71.62 23526
71.64 23531
71.65 23532
71.66 23535
71.67 23538
71.68 23538
71.69 23544
71.70 23545
71.71 23548
71.72 23551
71.73 23556
71.74 23562
71.75 23564
71.76 23568
71.77 23568
71.78 23572
71.79 23575
71.80 23579
71.82 23580
71.83 23587
71.84 23594
71.85 23598
71.86 23605
71.87 23608
71.88 23611
71.89 23613
71.90 23614
71.91 23621
71.92 23625
71.93 23630
71.94 23632
71.95 23637
71.96 23645
71.97 23652
71.98 23654
72.00 23657
72.01 23660
72.02 23666
72.03 23667
72.04 23667
72.05 23670
72.06 23673
72.07 23673
72.08 23675
72.09 23677
72.10 23680
72.11 23680
72.12 23682
72.13 23682
72.14 23689
72.15 23689
72.16 23690
72.18 23693
72.19 23701
72.20 23702
72.21 23702
72.22 23703
72.23 23705
72.24 23711
72.25 23715
72.26 23716
72.27 23718
72.28 23721
72.29 23722
72.30 23725
72.31 23726
72.32 23730
72.33 23730
72.34 23734
72.36 23738
72.37 23743
72.38 23747
72.39 23749
72.40 23755
72.41 23757
72.42 23760
72.43 23762
72.44 23766
72.45 23769
72.46 23775
72.47 23778
72.48 23785
72.49 23789
72.50 23794
72.51 23798
72.52 23804
72.53 23809
72.55 23813
72.56 23816
72.57 23819
72.58 23822
72.59 23826
72.60 23829
72.61 23834
72.62 23841
72.63 23844
72.64 23847
72.65 23848
72.66 23850
72.67 23851
72.68 23853
72.69 23856
72.70 23858
72.71 23859
72.73 23862
72.74 23868
72.75 23875
72.76 23881
72.77 23887
72.78 23889
72.79 23893
72.80 23895
72.81 23898
72.82 23901
72.83 23903
72.84 23906
72.85 23909
72.86 23911
72.87 23915
72.88 23920
72.89 23923
72.91 23928
72.92 23930
72.93 23930
72.94 23935
72.95 23936
72.96 23939
72.97 23943
72.98 23946
72.99 23950
73.00 23952
73.01 23952
73.02 23958
73.03 23961
73.04 23967
73.05 23969
73.06 23971
73.07 23974
73.09 23975
73.10 23976
73.11 23980
73.12 23982
73.13 23988
73.14 23992
73.15 23996
73.16 24001
73.17 24004
73.18 24008
73.19 24010
73.20 24016
73.21 24019
73.22 24023
73.23 24028
73.24 24035
73.25 24039
73.26 24043
73.28 24048
73.29 24054
73.30 24061
73.31 24068
73.32 24074
73.33 24081
73.34 24084
73.35 24086
73.36 24089
73.37 24089
73.38 24093
73.39 24095
73.40 24100
73.41 24102
73.42 24103
73.43 24107
73.44 24110
73.46 24111
73.47 24113
73.48 24116
73.49 24121
73.50 24121
73.51 24125
73.52 24129
73.53 24133
73.54 24137
73.55 24140
73.56 24144
73.57 24147
73.58 24150
73.59 24157
73.60 24162
73.61 24166
73.62 24173
73.64 24180
73.65 24184
73.66 24187
73.67 24191
73.68 24196
73.69 24199
73.70 24201
73.71 24205
73.72 24210
73.73 24213
73.74 24216
73.75 24220
73.76 24227
73.77 24230
73.78 24232
73.79 24237
73.80 24243
73.82 24247
73.83 24251
73.84 24254
73.85 24259
73.86 24262
73.87 24265
73.88 24265
73.89 24268
73.90 24272
73.91 24277
73.92 24280
73.93 24287
73.94 24288
73.95 24293
73.96 24296
73.97 24300
73.98 24304
74.00 24308
74.01 24309
74.02 24313
74.03 24317
74.04 24320
74.05 24322
74.06 24326
74.07 24331
74.08 24334
74.09 24336
74.10 24339
74.11 24343
74.12 24348
74.13 24353
74.14 24358
74.15 24363
74.16 24367
74.17 24369
74.19 24373
74.20 24376
74.21 24378
74.22 24382
74.23 24388
74.24 24394
74.25 24397
74.26 24400
74.27 24403
74.28 24407
74.29 24412
74.30 24417
74.31 24421
74.32 24425
74.33 24432
74.34 24437
74.35 24441
74.37 24445
74.38 24451
74.39 24453
74.40 24458
74.41 24462
74.42 24467
74.43 24473
74.44 24476
74.45 24480
74.46 24483
74.47 24486
74.48 24489
74.49 24495
74.50 24499
74.51 24501
74.52 24503
74.53 24507
74.55 24507
74.56 24507
74.57 24518
74.58 24522
74.59 24522
74.60 24524
74.61 24527
74.62 24530
74.63 24534
74.64 24534
74.65 24536
74.66 24542
74.67 24546
74.68 24546
74.69 24550
74.70 24554
74.71 24558
74.73 24560
74.74 24564
74.75 24569
74.76 24575
74.77 24578
74.78 24580
74.79 24583
74.80 24585
74.81 24587
74.82 24593
74.83 24597
74.84 24600
74.85 24603
74.86 24605
74.87 24611
74.88 24619
74.89 24625
74.91 24630
74.92 24637
74.93 24640
74.94 24645
74.95 24646
74.96 24650
74.97 24655
74.98 24659
74.99 24664
75.00 24669
75.01 24673
75.02 24677
75.03 24680
75.04 24682
75.05 24684
75.06 24688
75.07 24691
75.08 24693
75.10 24698
75.11 24701
75.12 24706
75.13 24710
75.14 24713
75.15 24717
75.16 24720
75.17 24725
75.18 24730
75.19 24735
75.20 24738
75.21 24742
75.22 24746
75.23 24751
75.24 24753
75.25 24757
75.26 24762
75.28 24764
75.29 24768
75.30 24772
75.31 24776
75.32 24780
75.33 24782
75.34 24788
75.35 24793
75.36 24794
75.37 24799
75.38 24802
75.39 24806
75.40 24810
75.41 24813
75.42 24816
75.43 24819
75.44 24824
75.46 24828
75.47 24831
75.48 24833
75.49 24838
75.50 24839
75.51 24845
75.52 24850
75.53 24853
75.54 24856
75.55 24858
75.56 24862
75.57 24866
75.58 24870
75.59 24873
75.60 24875
75.61 24879
75.62 24880
75.64 24884
75.65 24887
75.66 24888
75.67 24891
75.68 24895
75.69 24899
75.70 24905
75.71 24906
75.72 24911
75.73 24912
75.74 24915
75.75 24920
75.76 24922
75.77 24925
75.78 24929
75.79 24930
75.80 24932
75.82 24936
75.83 24936
75.84 24937
75.85 24937
75.86 24940
75.87 24940
75.88 24940
75.89 24943
75.90 24943
75.91 24943
75.92 24943
75.93 24946
75.94 24947
75.95 24947
75.96 24948
75.97 24950
75.98 24950
75.99 24950
76.01 24952
76.02 24952
76.03 24952
76.04 24952
76.05 24955
76.06 24955
76.07 24955
76.08 24957
76.09 24958
76.10 24958
76.11 24958
76.12 24961
76.13 24961
76.14 24961
76.15 24961
76.16 24964
76.17 24964
76.19 24965
76.20 24965
76.21 24967
76.22 24967
76.23 24967
76.24 24970
76.25 24971
76.26 24971
76.27 24971
76.28 24973
76.29 24973
76.30 24974
76.31 24974
76.32 24976
76.33 24976
76.34 24976
76.35 24977
76.37 24979
76.38 24979
76.39 24979
76.40 24981
76.41 24982
76.42 24982
76.43 24982
76.44 24985
76.45 24985
76.46 24985
76.47 24985
76.48 24987
76.49 24987
76.50 24987
76.51 24988
76.52 24990
76.53 24990
76.55 24990
76.56 24992
76.57 24993
76.58 24995
76.59 24998
76.60 24998
76.61 25000
76.62 25007
76.63 25009
76.64 25013
76.65 25016
76.66 25020
76.67 25026
76.68 25029
76.69 25033
76.70 25038
76.71 25042
76.73 25048
76.74 25054
76.75 25057
76.76 25062
76.77 25067
76.78 25071
76.79 25073
76.80 25077
76.81 25080
76.82 25084
76.83 25089
76.84 25093
76.85 25097
76.86 25103
76.87 25107
76.88 25110
76.89 25112
76.90 25116
76.92 25120
76.93 25124
76.94 25131
76.95 25139
76.96 25142
76.97 25146
76.98 25150
76.99 25152
77.00 25153
77.01 25155
77.02 25155
77.03 25157
77.04 25159
77.05 25160
77.06 25160
77.07 25165
77.08 25167
77.10 25168
77.11 25170
77.12 25173
77.13 25177
77.14 25178
77.15 25182
77.16 25184
77.17 25186
77.18 25188
77.19 25192
77.20 25196
77.21 25201
77.22 25204
77.23 25207
77.24 25208
77.25 25209
77.26 25210
77.28 25216
77.29 25220
77.30 25223
77.31 25227
77.32 25228
77.33 25231
77.34 25235
77.35 25240
77.36 25241
77.37 25242
77.38 25243
77.39 25245
77.40 25246
77.41 25246
77.42 25249
77.43 25250
77.44 25251
77.46 25252
77.47 25253
77.48 25253
77.49 25254
77.50 25255
77.51 25255
77.52 25258
77.53 25260
77.54 25261
77.55 25263
77.56 25267
77.57 25270
77.58 25275
77.59 25276
77.60 25278
77.61 25282
77.62 25285
77.64 25292
77.65 25296
77.66 25299
77.67 25302
77.68 25303
77.69 25304
77.70 25306
77.71 25309
77.72 25313
77.73 25316
77.74 25318
77.75 25320
77.76 25323
77.77 25327
77.78 25330
77.79 25330
77.80 25336
77.81 25338
77.83 25338
77.84 25340
77.85 25340
77.86 25343
77.87 25346
77.88 25351
77.89 25353
77.90 25356
77.91 25360
77.92 25360
77.93 25364
77.94 25367
77.95 25369
77.96 25372
77.97 25374
77.98 25376
77.99 25379
78.01 25382
78.02 25382
78.03 25385
78.04 25387
78.05 25389
78.06 25392
78.07 25396
78.08 25397
78.09 25398
78.10 25402
78.11 25403
78.12 25408
78.13 25409
78.14 25410
78.15 25415
78.16 25417
78.17 25421
78.19 25423
78.20 25424
78.21 25427
78.22 25427
78.23 25429
78.24 25430
78.25 25431
78.26 25433
78.27 25436
78.28 25438
78.29 25439
78.30 25440
78.31 25441
78.32 25443
78.33 25447
78.34 25452
78.35 25456
78.37 25461
78.38 25466
78.39 25468
78.40 25474
78.41 25478
78.42 25481
78.43 25483
78.44 25484
78.45 25488
78.46 25489
78.47 25493
78.48 25498
78.49 25500
78.50 25506
78.51 25509
78.52 25512
78.53 25519
78.55 25522
78.56 25528
78.57 25531
78.58 25535
78.59 25539
78.60 25544
78.61 25548
78.62 25554
78.63 25558
78.64 25561
78.65 25568
78.66 25573
78.67 25577
78.68 25580
78.69 25589
78.70 25596
78.71 25598
78.72 25603
78.74 25605
78.75 25609
78.76 25610
78.77 25615
78.78 25618
78.79 25624
78.80 25627
78.81 25631
78.82 25634
78.83 25637
78.84 25638
78.85 25639
78.86 25645
78.87 25649
78.88 25652
78.89 25655
78.90 25659
78.92 25662
78.93 25669
78.94 25673
78.95 25678
78.96 25680
78.97 25684
78.98 25690
78.99 25692
79.00 25697
79.01 25699
79.02 25701
79.03 25703
79.04 25705
79.05 25708
79.06 25711
79.07 25713
79.08 25718
79.10 25721
79.11 25723
79.12 25727
79.13 25728
79.14 25730
79.15 25732
79.16 25735
79.17 25739
79.18 25742
79.19 25748
79.20 25752
79.21 25753
79.22 25755
79.23 25760
79.24 25766
79.25 25769
79.26 25772
79.28 25777
79.29 25785
79.30 25790
79.31 25793
79.32 25794
79.33 25801
79.34 25804
79.35 25809
79.36 25811
79.37 25816
79.38 25823
79.39 25826
79.40 25832
79.41 25836
79.42 25839
79.43 25844
79.44 25849
79.46 25855
79.47 25859
79.48 25865
79.49 25870
79.50 25872
79.51 25878
79.52 25881
79.53 25884
79.54 25886
79.55 25890
79.56 25892
79.57 25895
79.58 25897
79.59 25898
79.60 25899
79.61 25901
79.62 25902
79.63 25903
79.65 25904
79.66 25904
79.67 25910
79.68 25910
79.69 25911
79.70 25912
79.71 25913
79.72 25915
79.73 25915
79.74 25920
79.75 25924
79.76 25925
79.77 25926
79.78 25927
79.79 25927
79.80 25929
79.81 25929
79.83 25931
79.84 25933
79.85 25935
79.86 25936
79.87 25938
79.88 25938
79.89 25941
79.90 25944
79.91 25952
79.92 25953
79.93 25953
79.94 25955
79.95 25957
79.96 25957
79.97 25958
79.98 25958
79.99 25960
80.01 25964
80.02 25964
80.03 25966
80.04 25967
80.05 25971
80.06 25973
80.07 25973
80.08 25974
80.09 25974
80.10 25975
80.11 25975
80.12 25977
80.13 25977
80.14 25978
80.15 25978
80.16 25978
80.17 25978
80.19 25980
80.20 25981
80.21 25984
80.22 25986
80.23 25988
80.24 25990
80.25 25991
80.26 25991
80.27 25991
80.28 25992
80.29 25994
80.30 25998
80.31 25999
80.32 25999
80.33 26002
80.34 26003
80.35 26003
80.37 26004
80.38 26005
80.39 26005
80.40 26005
80.41 26005
80.42 26005
80.43 26005
80.44 26005
80.45 26005
80.46 26005
80.47 26007
80.48 26007
80.49 26007
80.50 26009
80.51 26010
80.52 26010
80.53 26014
80.54 26014
80.56 26016
80.57 26016
80.58 26016
80.59 26022
80.60 26023
80.61 26024
80.62 26025
80.63 26026
80.64 26030
80.65 26032
80.66 26034
80.67 26036
80.68 26037
80.69 26042
80.70 26044
80.71 26047
80.72 26053
80.74 26059
80.75 26063
80.76 26071
80.77 26076
80.78 26080
80.79 26087
80.80 26091
80.81 26097
80.82 26103
80.83 26106
80.84 26110
80.85 26114
80.86 26120
80.87 26124
80.88 26128
80.89 26131
80.90 26135
80.92 26137
80.93 26140
80.94 26144
80.95 26149
80.96 26154
80.97 26158
80.98 26161
80.99 26163
81.00 26167
81.01 26171
81.02 26174
81.03 26177
81.04 26179
81.05 26182
81.06 26185
81.07 26189
81.08 26194
81.10 26197
81.11 26201
81.12 26203
81.13 26206
81.14 26210
81.15 26216
81.16 26223
81.17 26229
81.18 26233
81.19 26240
81.20 26246
81.21 26253
81.22 26258
81.23 26264
81.24 26267
81.25 26273
81.26 26280
81.28 26285
81.29 26293
81.30 26297
81.31 26301
81.32 26304
81.33 26308
81.34 26313
81.35 26317
81.36 26321
81.37 26326
81.38 26331
81.39 26333
81.40 26337
81.41 26341
81.42 26347
81.43 26354
81.44 26358
81.45 26362
81.47 26364
81.48 26367
81.49 26371
81.50 26373
81.51 26377
81.52 26381
81.53 26384
81.54 26389
81.55 26398
81.56 26401
81.57 26404
81.58 26408
81.59 26414
81.60 26420
81.61 26423
81.62 26427
81.63 26433
81.65 26437
81.66 26442
81.67 26448
81.68 26451
81.69 26457
81.70 26464
81.71 26470
81.72 26474
81.73 26478
81.74 26483
81.75 26490
81.76 26494
81.77 26499
81.78 26502
81.79 26509
81.80 26513
81.81 26516
81.83 26518
81.84 26521
81.85 26526
81.86 26533
81.87 26537
81.88 26540
81.89 26544
81.90 26548
81.91 26551
81.92 26559
81.93 26564
81.94 26568
81.95 26571
81.96 26578
81.97 26584
81.98 26586
81.99 26591
82.01 26594
82.02 26597
82.03 26601
82.04 26607
82.05 26611
82.06 26618
82.07 26623
82.08 26628
82.09 26633
82.10 26638
82.11 26641
82.12 26647
82.13 26651
82.14 26657
82.15 26661
82.16 26664
82.17 26670
82.19 26675
82.20 26681
82.21 26684
82.22 26689
82.23 26694
82.24 26699
82.25 26705
82.26 26709
82.27 26712
82.28 26717
82.29 26722
82.30 26726
82.31 26729
82.32 26732
82.33 26734
82.34 26739
82.35 26744
82.36 26747
82.38 26749
82.39 26753
82.40 26760
82.41 26764
82.42 26771
82.43 26773
82.44 26779
82.45 26784
82.46 26788
82.47 26793
82.48 26797
82.49 26799
82.50 26805
82.51 26809
82.52 26812
82.53 26816
82.54 26821
82.56 26825
82.57 26831
82.58 26834
82.59 26837
82.60 26841
82.61 26845
82.62 26849
82.63 26853
82.64 26857
82.65 26858
82.66 26862
82.67 26868
82.68 26871
82.69 26874
82.70 26875
82.71 26876
82.72 26878
82.74 26880
82.75 26886
82.76 26891
82.77 26895
82.78 26901
82.79 26907
82.80 26909
82.81 26913
82.82 26917
82.83 26918
82.84 26924
82.85 26929
82.86 26933
82.87 26938
82.88 26943
82.89 26946
82.90 26953
82.92 26959
82.93 26965
82.94 26968
82.95 26970
82.96 26975
82.97 26981
82.98 26985
82.99 26991
83.00 26995
83.01 26998
83.02 27004
83.03 27013
83.04 27018
83.05 27023
83.06 27028
83.07 27032
83.08 27039
83.10 27042
83.11 27046
83.12 27051
83.13 27055
83.14 27061
83.15 27064
83.16 27071
83.17 27076
83.18 27079
83.19 27085
83.20 27090
83.21 27093
83.22 27097
83.23 27101
83.24 27107
83.25 27112
83.26 27113
83.27 27121
83.29 27124
83.30 27125
83.31 27132
83.32 27135
83.33 27140
83.34 27145
83.35 27150
83.36 27156
83.37 27161
83.38 27169
83.39 27174
83.40 27179
83.41 27184
83.42 27189
83.43 27192
83.44 27198
83.45 27200
83.47 27205
83.48 27210
83.49 27215
83.50 27219
83.51 27222
83.52 27226
83.53 27230
83.54 27233
83.55 27236
83.56 27239
83.57 27244
83.58 27248
83.59 27252
83.60 27254
83.61 27258
83.62 27261
83.63 27266
83.65 27270
83.66 27274
83.67 27278
83.68 27282
83.69 27287
83.70 27293
83.71 27295
83.72 27302
83.73 27308
83.74 27312
83.75 27317
83.76 27322
83.77 27326
83.78 27329
83.79 27332
83.80 27337
83.81 27340
83.83 27344
83.84 27346
83.85 27349
83.86 27354
83.87 27356
83.88 27362
83.89 27363
83.90 27368
83.91 27371
83.92 27374
83.93 27378
83.94 27382
83.95 27389
83.96 27394
83.97 27398
83.98 27404
83.99 27410
84.01 27415
84.02 27419
84.03 27423
84.04 27426
84.05 27431
84.06 27435
84.07 27439
84.08 27442
84.09 27445
84.10 27449
84.11 27453
84.12 27457
84.13 27460
84.14 27465
84.15 27469
84.16 27472
84.17 27475
84.18 27479
84.20 27482
84.21 27487
84.22 27493
84.23 27497
84.24 27503
84.25 27510
84.26 27517
84.27 27521
84.28 27527
84.29 27532
84.30 27535
84.31 27540
84.32 27545
84.33 27549
84.34 27555
84.35 27558
84.36 27563
84.38 27567
84.39 27573
84.40 27575
84.41 27579
84.42 27583
84.43 27587
84.44 27591
84.45 27596
84.46 27600
84.47 27603
84.48 27609
84.49 27613
84.50 27616
84.51 27620
84.52 27627
84.53 27631
84.54 27637
84.56 27642
84.57 27649
84.58 27653
84.59 27658
84.60 27662
84.61 27665
84.62 27667
84.63 27671
84.64 27676
84.65 27679
84.66 27684
84.67 27690
84.68 27692
84.69 27697
84.70 27700
84.71 27706
84.72 27707
84.74 27712
84.75 27718
84.76 27725
84.77 27729
84.78 27733
84.79 27736
84.80 27742
84.81 27746
84.82 27752
84.83 27756
84.84 27762
84.85 27766
84.86 27768
84.87 27772
84.88 27777
84.89 27781
84.90 27783
84.92 27790
84.93 27795
84.94 27799
84.95 27806
84.96 27811
84.97 27816
84.98 27817
84.99 27822
85.00 27824
85.01 27825
85.02 27830
85.03 27833
85.04 27836
85.05 27843
85.06 27849
85.07 27853
85.08 27858
85.09 27861
85.11 27866
85.12 27872
85.13 27876
85.14 27878
85.15 27883
85.16 27887
85.17 27891
85.18 27896
85.19 27900
85.20 27905
85.21 27911
85.22 27913
85.23 27916
85.24 27918
85.25 27922
85.26 27926
85.27 27931
85.29 27935
85.30 27940
85.31 27945
85.32 27950
85.33 27954
85.34 27958
85.35 27962
85.36 27966
85.37 27972
85.38 27978
85.39 27983
85.40 27986
85.41 27989
85.42 27994
85.43 28000
85.44 28004
85.45 28010
85.47 28016
85.48 28020
85.49 28025
85.50 28031
85.51 28036
85.52 28042
85.53 28045
85.54 28051
85.55 28056
85.56 28060
85.57 28065
85.58 28069
85.59 28072
85.60 28075
85.61 28079
85.62 28081
85.63 28085
85.65 28088
85.66 28091
85.67 28095
85.68 28101
85.69 28106
85.70 28111
85.71 28116
85.72 28124
85.73 28129
85.74 28132
85.75 28139
85.76 28142
85.77 28145
85.78 28150
85.79 28154
85.80 28159
85.81 28162
85.83 28166
85.84 28171
85.85 28175
85.86 28179
85.87 28182
85.88 28187
85.89 28191
85.90 28194
85.91 28200
85.92 28202
85.93 28206
85.94 28211
85.95 28214
85.96 28219
85.97 28223
85.98 28226
85.99 28230
86.00 28233
86.02 28235
86.03 28241
86.04 28248
86.05 28253
86.06 28258
86.07 28262
86.08 28266
86.09 28270
86.10 28274
86.11 28276
86.12 28280
86.13 28287
86.14 28290
86.15 28294
86.16 28298
86.17 28303
86.18 28308
86.20 28312
86.21 28318
86.22 28322
86.23 28325
86.24 28328
86.25 28331
86.26 28337
86.27 28342
86.28 28347
86.29 28352
86.30 28356
86.31 28361
86.32 28365
86.33 28369
86.34 28375
86.35 28382
86.36 28389
86.38 28395
86.39 28398
86.40 28402
86.41 28405
86.42 28410
86.43 28415
86.44 28421
86.45 28427
86.46 28431
86.47 28436
86.48 28439
86.49 28444
86.50 28448
86.51 28451
86.52 28456
86.53 28462
86.54 28463
86.56 28469
86.57 28473
86.58 28476
86.59 28483
86.60 28486
86.61 28494
86.62 28500
86.63 28502
86.64 28505
86.65 28509
86.66 28515
86.67 28517
86.68 28524
86.69 28529
86.70 28534
86.71 28537
86.72 28542
86.74 28549
86.75 28553
86.76 28558
86.77 28564
86.78 28569
86.79 28574
86.80 28580
86.81 28584
86.82 28587
86.83 28591
86.84 28596
86.85 28599
86.86 28605
86.87 28607
86.88 28610
86.89 28612
86.90 28615
86.91 28616
86.93 28620
86.94 28626
86.95 28630
86.96 28632
86.97 28636
86.98 28639
86.99 28643
87.00 28647
87.01 28651
87.02 28653
87.03 28657
87.04 28659
87.05 28665
87.06 28671
87.07 28674
87.08 28676
87.09 28678
87.11 28680
87.12 28687
87.13 28692
87.14 28698
87.15 28703
87.16 28709
87.17 28713
87.18 28717
87.19 28723
87.20 28728
87.21 28735
87.22 28741
87.23 28744
87.24 28749
87.25 28754
87.26 28755
87.27 28756
87.29 28764
87.30 28765
87.31 28769
87.32 28771
87.33 28773
87.34 28779
87.35 28782
87.36 28785
87.37 28790
87.38 28795
87.39 28800
87.40 28802
87.41 28804
87.42 28808
87.43 28814
87.44 28818
87.45 28824
87.47 28828
87.48 28832
87.49 28836
87.50 28838
87.51 28842
87.52 28847
87.53 28849
87.54 28852
87.55 28852
87.56 28857
87.57 28862
87.58 28863
87.59 28867
87.60 28871
87.61 28875
87.62 28879
87.63 28881
87.64 28885
87.66 28888
87.67 28889
87.68 28892
87.69 28895
87.70 28900
87.71 28900
87.72 28902
87.73 28904
87.74 28909
87.75 28910
87.76 28914
87.77 28917
87.78 28921
87.79 28926
87.80 28928
87.81 28933
87.82 28935
87.84 28937
87.85 28938
87.86 28942
87.87 28945
87.88 28950
87.89 28950
87.90 28952
87.91 28958
87.92 28962
87.93 28966
87.94 28966
87.95 28966
87.96 28973
87.97 28979
87.98 28984
87.99 28987
88.00 28991
88.02 28996
88.03 29000
88.04 29000
88.05 29002
88.06 29004
88.07 29008
88.08 29009
88.09 29010
88.10 29010
88.11 29011
88.12 29014
88.13 29015
88.14 29017
88.15 29021
88.16 29027
88.17 29031
88.18 29037
88.20 29039
88.21 29044
88.22 29048
88.23 29052
88.24 29053
88.25 29055
88.26 29057
88.27 29059
88.28 29064
88.29 29068
88.30 29072
88.31 29074
88.32 29080
88.33 29081
88.34 29084
88.35 29089
88.36 29090
88.38 29092
88.39 29096
88.40 29101
88.41 29103
88.42 29107
88.43 29109
88.44 29113
88.45 29116
88.46 29119
88.47 29121
88.48 29125
88.49 29130
88.50 29135
88.51 29142
88.52 29146
88.53 29150
88.54 29154
88.55 29160
88.57 29167
88.58 29172
88.59 29175
88.60 29181
88.61 29183
88.62 29187
88.63 29193
88.64 29196
88.65 29199
88.66 29204
88.67 29208
88.68 29209
88.69 29215
88.70 29217
88.71 29225
88.72 29230
88.73 29234
88.75 29238
88.76 29240
88.77 29248
88.78 29254
88.79 29257
88.80 29259
88.81 29264
88.82 29268
88.83 29272
88.84 29278
88.85 29282
88.86 29288
88.87 29292
88.88 29297
88.89 29301
88.90 29304
88.91 29307
88.93 29313
88.94 29318
88.95 29322
88.96 29324
88.97 29329
88.98 29331
88.99 29335
89.00 29340
89.01 29344
89.02 29348
89.03 29353
89.04 29356
89.05 29359
89.06 29365
89.07 29369
89.08 29372
89.09 29379
89.11 29387
89.12 29393
89.13 29399
89.14 29404
89.15 29409
89.16 29410
89.17 29413
89.18 29419
89.19 29424
89.20 29425
89.21 29428
89.22 29432
89.23 29437
89.24 29440
89.25 29441
89.26 29445
89.27 29448
89.29 29453
89.30 29457
89.31 29464
89.32 29467
89.33 29468
89.34 29470
89.35 29475
89.36 29478
89.37 29478
89.38 29480
89.39 29482
89.40 29484
89.41 29486
89.42 29489
89.43 29490
89.44 29492
89.45 29493
89.46 29494
89.48 29499
89.49 29502
89.50 29504
89.51 29505
89.52 29506
89.53 29508
89.54 29510
89.55 29511
89.56 29513
89.57 29514
89.58 29516
89.59 29519
89.60 29521
89.61 29525
89.62 29525
89.63 29525
89.64 29526
89.66 29527
89.67 29529
89.68 29530
89.69 29531
89.70 29532
89.71 29532
89.72 29534
89.73 29538
89.74 29538
89.75 29538
89.76 29541
89.77 29542
89.78 29542
89.79 29543
89.80 29543
89.81 29543
89.82 29543
89.84 29543
89.85 29544
89.86 29544
89.87 29544
89.88 29544
89.89 29544
89.90 29544
89.91 29544
89.92 29544
89.93 29548
89.94 29549
89.95 29549
89.96 29552
89.97 29552
89.98 29554
89.99 29555
90.00 29555
90.02 29557
90.03 29560
90.04 29560
90.05 29560
90.06 29561
90.07 29566
90.08 29568
90.09 29569
90.10 29570
90.11 29571
90.12 29571
90.13 29572
90.14 29574
90.15 29574
90.16 29578
90.17 29581
90.18 29584
90.20 29592
90.21 29597
90.22 29601
90.23 29602
90.24 29604
90.25 29606
90.26 29608
90.27 29611
90.28 29613
90.29 29615
90.30 29617
90.31 29621
90.32 29626
90.33 29626
90.34 29627
90.35 29627
90.36 29631
90.37 29632
90.39 29635
90.40 29635
90.41 29637
90.42 29642
90.43 29644
90.44 29648
90.45 29650
90.46 29651
90.47 29651
90.48 29651
90.49 29653
90.50 29656
90.51 29661
90.52 29665
90.53 29668
90.54 29674
90.55 29677
90.57 29678
90.58 29680
90.59 29682
90.60 29685
90.61 29686
90.62 29691
90.63 29696
90.64 29697
90.65 29701
90.66 29709
90.67 29717
90.68 29722
90.69 29729
90.70 29733
90.71 29738
90.72 29741
90.73 29747
90.75 29749
90.76 29752
90.77 29756
90.78 29760
90.79 29764
90.80 29766
90.81 29769
90.82 29775
90.83 29780
90.84 29782
90.85 29787
90.86 29789
90.87 29791
90.88 29794
90.89 29800
90.90 29804
90.91 29808
90.93 29811
90.94 29815
90.95 29818
90.96 29819
90.97 29823
90.98 29827
90.99 29831
91.00 29832
91.01 29836
91.02 29840
91.03 29846
91.04 29854
91.05 29859
91.06 29864
91.07 29870
91.08 29873
91.09 29877
91.11 29882
91.12 29886
91.13 29891
91.14 29895
91.15 29900
91.16 29908
91.17 29911
91.18 29915
91.19 29920
91.20 29921
91.21 29924
91.22 29928
91.23 29934
91.24 29939
91.25 29944
91.26 29949
91.27 29952
91.28 29958
91.30 29961
91.31 29966
91.32 29968
91.33 29969
91.34 29972
91.35 29977
91.36 29982
91.37 29987
91.38 29992
91.39 29998
91.40 30004
91.41 30010
91.42 30015
91.43 30019
91.44 30022
91.45 30025
91.46 30028
91.48 30035
91.49 30039
91.50 30045
91.51 30047
91.52 30052
91.53 30056
91.54 30058
91.55 30060
91.56 30064
91.57 30067
91.58 30072
91.59 30076
91.60 30081
91.61 30085
91.62 30089
91.63 30091
91.64 30094
91.66 30100
91.67 30105
91.68 30110
91.69 30113
91.70 30118
91.71 30121
91.72 30126
91.73 30132
91.74 30137
91.75 30141
91.76 30143
91.77 30149
91.78 30153
91.79 30158
91.80 30164
91.81 30165
91.82 30170
91.84 30175
91.85 30181
91.86 30184
91.87 30187
91.88 30189
91.89 30191
91.90 30194
91.91 30197
91.92 30200
91.93 30203
91.94 30208
91.95 30215
91.96 30220
91.97 30226
91.98 30232
91.99 30239
92.00 30244
92.02 30249
92.03 30253
92.04 30257
92.05 30263
92.06 30268
92.07 30271
92.08 30276
92.09 30281
92.10 30284
92.11 30289
92.12 30293
92.13 30298
92.14 30305
92.15 30311
92.16 30315
92.17 30319
92.18 30320
92.19 30323
92.21 30325
92.22 30326
92.23 30329
92.24 30333
92.25 30339
92.26 30345
92.27 30349
92.28 30351
92.29 30355
92.30 30358
92.31 30360
92.32 30362
92.33 30368
92.34 30373
92.35 30379
92.36 30380
92.37 30382
92.39 30385
92.40 30389
92.41 30392
92.42 30398
92.43 30402
92.44 30405
92.45 30411
92.46 30416
92.47 30420
92.48 30427
92.49 30434
92.50 30437
92.51 30441
92.52 30445
92.53 30451
92.54 30453
92.55 30458
92.57 30460
92.58 30465
92.59 30472
92.60 30476
92.61 30481
92.62 30486
92.63 30490
92.64 30493
92.65 30497
92.66 30501
92.67 30505
92.68 30510
92.69 30515
92.70 30520
92.71 30527
92.72 30533
92.73 30538
92.75 30543
92.76 30547
92.77 30553
92.78 30557
92.79 30562
92.80 30564
92.81 30568
92.82 30569
92.83 30575
92.84 30578
92.85 30583
92.86 30587
92.87 30591
92.88 30594
92.89 30596
92.90 30600
92.91 30603
92.93 30610
92.94 30613
92.95 30620
92.96 30623
92.97 30623
92.98 30625
92.99 30631
93.00 30636
93.01 30640
93.02 30644
93.03 30648
93.04 30654
93.05 30657
93.06 30664
93.07 30670
93.08 30673
93.09 30676
93.10 30677
93.12 30682
93.13 30687
93.14 30693
93.15 30696
93.16 30699
93.17 30701
93.18 30706
93.19 30710
93.20 30715
93.21 30718
93.22 30721
93.23 30727
93.24 30730
93.25 30735
93.26 30739
93.27 30742
93.28 30747
93.30 30751
93.31 30755
93.32 30760
93.33 30765
93.34 30769
93.35 30774
93.36 30778
93.37 30783
93.38 30788
93.39 30793
93.40 30798
93.41 30800
93.42 30802
93.43 30808
93.44 30813
93.45 30816
93.46 30820
93.48 30823
93.49 30829
93.50 30835
93.51 30841
93.52 30844
93.53 30848
93.54 30850
93.55 30851
93.56 30855
93.57 30858
93.58 30859
93.59 30863
93.60 30867
93.61 30873
93.62 30879
93.63 30881
93.64 30885
93.66 30887
93.67 30892
93.68 30896
93.69 30897
93.70 30899
93.71 30901
93.72 30906
93.73 30912
93.74 30916
93.75 30920
93.76 30921
93.77 30926
93.78 30930
93.79 30937
93.80 30942
93.81 30948
93.82 30954
93.84 30958
93.85 30963
93.86 30967
93.87 30971
93.88 30975
93.89 30980
93.90 30990
93.91 30996
93.92 31001
93.93 31006
93.94 31012
93.95 31018
93.96 31022
93.97 31030
93.98 31036
93.99 31042
94.00 31047
94.01 31052
94.03 31055
94.04 31060
94.05 31063
94.06 31066
94.07 31068
94.08 31070
94.09 31073
94.10 31077
94.11 31080
94.12 31083
94.13 31084
94.14 31087
94.15 31094
94.16 31098
94.17 31102
94.18 31108
94.19 31113
94.21 31119
94.22 31123
94.23 31126
94.24 31129
94.25 31134
94.26 31137
94.27 31140
94.28 31145
94.29 31150
94.30 31155
94.31 31160
94.32 31164
94.33 31168
94.34 31174
94.35 31179
94.36 31184
94.37 31190
94.39 31196
94.40 31203
94.41 31207
94.42 31211
94.43 31214
94.44 31218
94.45 31221
94.46 31225
94.47 31226
94.48 31229
94.49 31231
94.50 31234
94.51 31239
94.52 31242
94.53 31245
94.54 31250
94.55 31254
94.57 31258
94.58 31262
94.59 31266
94.60 31267
94.61 31271
94.62 31273
94.63 31277
94.64 31279
94.65 31283
94.66 31285
94.67 31289
94.68 31295
94.69 31297
94.70 31304
94.71 31309
94.72 31314
94.73 31318
94.75 31322
94.76 31327
94.77 31330
94.78 31335
94.79 31341
94.80 31346
94.81 31351
94.82 31358
94.83 31362
94.84 31365
94.85 31368
94.86 31373
94.87 31375
94.88 31380
94.89 31384
94.90 31386
94.91 31390
94.92 31395
94.94 31397
94.95 31399
94.96 31401
94.97 31406
94.98 31410
94.99 31415
95.00 31419
95.01 31423
95.02 31430
95.03 31435
95.04 31441
95.05 31445
95.06 31450
95.07 31455
95.08 31462
95.09 31467
95.10 31472
95.12 31476
95.13 31479
95.14 31483
95.15 31487
95.16 31493
95.17 31497
95.18 31500
95.19 31502
95.20 31504
95.21 31505
95.22 31506
95.23 31508
95.24 31512
95.25 31515
95.26 31517
95.27 31521
95.28 31523
95.30 31527
95.31 31529
95.32 31531
95.33 31532
95.34 31533
95.35 31534
95.36 31535
95.37 31537
95.38 31538
95.39 31540
95.40 31540
95.41 31541
95.42 31543
95.43 31544
95.44 31548
95.45 31549
95.46 31550
95.48 31551
95.49 31553
95.50 31555
95.51 31562
95.52 31564
95.53 31568
95.54 31571
95.55 31576
95.56 31580
95.57 31583
95.58 31585
95.59 31587
95.60 31594
95.61 31596
95.62 31600
95.63 31603
95.64 31606
95.66 31614
95.67 31617
95.68 31620
95.69 31625
95.70 31629
95.71 31630
95.72 31633
95.73 31634
95.74 31635
95.75 31639
95.76 31644
95.77 31648
95.78 31651
95.79 31657
95.80 31662
95.81 31665
95.82 31668
95.83 31673
95.85 31678
95.86 31682
95.87 31685
95.88 31689
95.89 31694
95.90 31700
95.91 31707
95.92 31710
95.93 31714
95.94 31718
95.95 31722
95.96 31723
95.97 31728
95.98 31732
95.99 31737
96.00 31741
96.01 31746
96.03 31752
96.04 31757
96.05 31762
96.06 31766
96.07 31771
96.08 31776
96.09 31782
96.10 31787
96.11 31793
96.12 31797
96.13 31799
96.14 31806
96.15 31810
96.16 31814
96.17 31816
96.18 31823
96.19 31828
96.21 31833
96.22 31837
96.23 31842
96.24 31845
96.25 31848
96.26 31852
96.27 31859
96.28 31865
96.29 31869
96.30 31873
96.31 31879
96.32 31885
96.33 31889
96.34 31896
96.35 31899
96.36 31904
96.37 31908
96.39 31912
96.40 31918
96.41 31923
96.42 31926
96.43 31929
96.44 31934
96.45 31937
96.46 31940
96.47 31943
96.48 31948
96.49 31951
96.50 31955
96.51 31959
96.52 31961
96.53 31964
96.54 31968
96.55 31971
96.57 31976
96.58 31978
96.59 31983
96.60 31986
96.61 31990
96.62 31994
96.63 31998
96.64 32003
96.65 32007
96.66 32010
96.67 32016
96.68 32020
96.69 32022
96.70 32028
96.71 32033
96.72 32038
96.73 32045
96.74 32050
96.76 32056
96.77 32061
96.78 32066
96.79 32071
96.80 32077
96.81 32083
96.82 32087
96.83 32091
96.84 32095
96.85 32097
96.86 32102
96.87 32108
96.88 32111
96.89 32115
96.90 32119
96.91 32123
96.92 32126
96.94 32130
96.95 32135
96.96 32141
96.97 32144
96.98 32147
96.99 32152
97.00 32156
97.01 32160
97.02 32167
97.03 32171
97.04 32174
97.05 32176
97.06 32179
97.07 32182
97.08 32186
97.09 32194
97.10 32199
97.12 32203
97.13 32208
97.14 32213
97.15 32215
97.16 32220
97.17 32224
97.18 32229
97.19 32233
97.20 32238
97.21 32243
97.22 32248
97.23 32252
97.24 32257
97.25 32260
97.26 32262
97.27 32267
97.28 32272
97.30 32276
97.31 32279
97.32 32283
97.33 32289
97.34 32294
97.35 32298
97.36 32302
97.37 32305
97.38 32307
97.39 32312
97.40 32317
97.41 32322
97.42 32325
97.43 32332
97.44 32338
97.45 32344
97.46 32347
97.48 32352
97.49 32353
97.50 32357
97.51 32360
97.52 32364
97.53 32370
97.54 32373
97.55 32377
97.56 32385
97.57 32390
97.58 32394
97.59 32398
97.60 32403
97.61 32404
97.62 32411
97.63 32417
97.64 32421
97.65 32425
97.67 32431
97.68 32436
97.69 32442
97.70 32444
97.71 32450
97.72 32454
97.73 32457
97.74 32462
97.75 32465
97.76 32470
97.77 32474
97.78 32477
97.79 32482
97.80 32487
97.81 32493
97.82 32499
97.83 32504
97.85 32511
97.86 32516
97.87 32521
97.88 32525
97.89 32530
97.90 32534
97.91 32536
97.92 32540
97.93 32548
97.94 32553
97.95 32558
97.96 32561
97.97 32567
97.98 32571
97.99 32574
98.00 32576
98.01 32576
98.03 32577
98.04 32584
98.05 32588
98.06 32592
98.07 32598
98.08 32601
98.09 32610
98.10 32616
98.11 32623
98.12 32628
98.13 32634
98.14 32640
98.15 32644
98.16 32649
98.17 32654
98.18 32660
98.19 32665
98.21 32671
98.22 32676
98.23 32681
98.24 32685
98.25 32688
98.26 32689
98.27 32692
98.28 32696
98.29 32699
98.30 32702
98.31 32706
98.32 32711
98.33 32716
98.34 32718
98.35 32723
98.36 32726
98.37 32731
98.39 32734
98.40 32741
98.41 32747
98.42 32750
98.43 32750
98.44 32750
98.45 32758
98.46 32761
98.47 32766
98.48 32769
98.49 32774
98.50 32778
98.51 32784
98.52 32790
98.53 32795
98.54 32801
98.55 32805
98.56 32814
98.58 32818
98.59 32822
98.60 32825
98.61 32828
98.62 32831
98.63 32835
98.64 32841
98.65 32846
98.66 32851
98.67 32852
98.68 32853
98.69 32855
98.70 32861
98.71 32865
98.72 32869
98.73 32872
98.74 32876
98.76 32880
98.77 32881
98.78 32882
98.79 32885
98.80 32892
98.81 32895
98.82 32901
98.83 32904
98.84 32910
98.85 32916
98.86 32921
98.87 32926
98.88 32931
98.89 32935
98.90 32937
98.91 32940
98.92 32942
98.94 32945
98.95 32948
98.96 32953
98.97 32959
98.98 32964
98.99 32969
99.00 32973
99.01 32976
99.02 32979
99.03 32985
99.04 32990
99.05 32993
99.06 32999
99.07 33004
99.08 33009
99.09 33016
99.10 33022
99.12 33025
99.13 33026
99.14 33030
99.15 33034
99.16 33035
99.17 33037
99.18 33042
99.19 33047
99.20 33051
99.21 33055
99.22 33061
99.23 33067
99.24 33069
99.25 33075
99.26 33076
99.27 33080
99.28 33084
99.30 33087
99.31 33092
99.32 33096
99.33 33098
99.34 33102
99.35 33105
99.36 33107
99.37 33110
99.38 33114
99.39 33121
99.40 33126
99.41 33130
99.42 33135
99.43 33139
99.44 33142
99.45 33144
99.46 33148
99.47 33149
99.49 33151
99.50 33155
99.51 33161
99.52 33165
99.53 33167
99.54 33170
99.55 33177
99.56 33180
99.57 33186
99.58 33193
99.59 33198
99.60 33202
99.61 33207
99.62 33209
99.63 33213
99.64 33216
99.65 33221
99.67 33226
99.68 33230
99.69 33236
99.70 33241
99.71 33247
99.72 33251
99.73 33256
99.74 33260
99.75 33263
99.76 33269
99.77 33275
99.78 33278
99.79 33281
99.80 33287
99.81 33291
99.82 33296
99.83 33300
99.85 33305
99.86 33309
99.87 33312
99.88 33319
99.89 33322
99.90 33325
99.91 33330
99.92 33333
99.93 33337
99.94 33343
99.95 33348
99.96 33353
99.97 33360
99.98 33367
99.99 33371
