0.00 0
0.01 16
0.02 31
0.03 43
0.04 54
0.05 67
0.06 76
0.07 79
0.08 82
0.10 85
0.11 95
0.12 105
0.13 113
0.14 118
0.15 125
0.16 134
0.17 140
0.18 148
0.19 155
0.20 160
0.21 167
0.22 170
0.23 172
0.24 173
0.25 177
0.26 178
0.28 180
0.29 182
0.30 182
0.31 185
0.32 185
0.33 187
0.34 187
0.35 189
0.36 189
0.37 191
0.38 192
0.39 192
0.40 194
0.41 195
0.42 195
0.43 195
0.44 199
0.45 199
0.47 200
0.48 200
0.49 202
0.50 202
0.51 203
0.52 203
0.53 205
0.54 205
0.55 205
0.56 206
0.57 209
0.58 209
0.59 210
0.60 214
0.61 217
0.62 223
0.63 227
0.65 229
0.66 235
0.67 240
0.68 251
0.69 254
0.70 257
0.71 264
0.72 268
0.73 270
0.74 274
0.75 285
0.76 288
0.77 291
0.78 294
0.79 297
0.80 298
0.81 301
0.83 304
0.84 309
0.85 313
0.86 313
0.87 317
0.88 320
0.89 321
0.90 325
0.91 331
0.92 344
0.93 349
0.94 350
0.95 355
0.96 356
0.97 357
0.98 357
0.99 361
1.01 363
1.02 363
1.03 365
1.04 366
1.05 368
1.06 369
1.07 369
1.08 369
1.09 369
1.10 369
1.11 369
1.12 374
1.13 376
1.14 376
1.15 376
1.16 378
1.17 378
1.19 378
1.20 378
1.21 384
1.22 386
1.23 386
1.24 389
1.25 392
1.26 397
1.27 397
1.28 402
1.29 407
1.30 407
1.31 410
1.32 411
1.33 411
1.34 415
1.35 415
1.36 415
1.38 421
1.39 423
1.40 423
1.41 425
1.42 425
1.43 431
1.44 432
1.45 432
1.46 436
1.47 439
1.48 439
1.49 439
1.50 443
1.51 443
1.52 443
1.53 445
1.54 445
1.56 445
1.57 446
1.58 448
1.59 448
1.60 449
1.61 452
1.62 455
1.63 455
1.64 460
1.65 460
1.66 463
1.67 463
1.68 464
1.69 465
1.70 470
1.71 470
1.72 470
1.74 472
1.75 473
1.76 474
1.77 478
1.78 480
1.79 484
1.80 484
1.81 489
1.82 493
1.83 497
1.84 497
1.85 497
1.86 503
1.87 512
1.88 513
1.89 516
1.90 521
1.92 529
1.93 538
1.94 546
1.95 552
1.96 559
1.97 566
1.98 568
1.99 571
2.00 581
2.01 589
2.02 595
2.03 600
2.04 609
2.05 617
2.06 622
2.07 632
2.08 639
2.10 649
2.11 658
2.12 663
2.13 671
2.14 675
2.15 681
2.16 687
2.17 694
2.18 699
2.19 705
2.20 713
2.21 716
2.22 722
2.23 727
2.24 737
2.25 740
2.26 741
2.27 744
2.29 746
2.30 747
2.31 747
2.32 747
2.33 749
2.34 760
2.35 765
2.36 770
2.37 775
2.38 781
2.39 786
2.40 792
2.41 796
2.42 803
2.43 810
2.44 816
2.45 819
2.47 824
2.48 828
2.49 835
2.50 838
2.51 842
2.52 849
2.53 855
2.54 860
2.55 866
2.56 873
2.57 878
2.58 885
2.59 890
2.60 896
2.61 902
2.62 909
2.63 913
2.65 919
2.66 924
2.67 929
2.68 934
2.69 940
2.70 947
2.71 952
2.72 961
2.73 965
2.74 969
2.75 976
2.76 983
2.77 988
2.78 994
2.79 999
2.80 1003
2.81 1004
2.83 1007
2.84 1014
2.85 1018
2.86 1023
2.87 1028
2.88 1034
2.89 1042
2.90 1049
2.91 1057
2.92 1063
2.93 1065
2.94 1067
2.95 1074
2.96 1076
2.97 1084
2.98 1091
2.99 1095
3.01 1098
3.02 1099
3.03 1105
3.04 1112
3.05 1116
3.06 1120
3.07 1126
3.08 1131
3.09 1136
3.10 1141
3.11 1142
3.12 1146
3.13 1151
3.14 1157
3.15 1161
3.16 1170
3.17 1174
3.18 1179
3.20 1186
3.21 1194
3.22 1199
3.23 1201
3.24 1201
3.25 1204
3.26 1208
3.27 1213
3.28 1217
3.29 1222
3.30 1222
3.31 1231
3.32 1238
3.33 1242
3.34 1247
3.35 1251
3.36 1255
3.38 1260
3.39 1263
3.40 1264
3.41 1271
3.42 1279
3.43 1286
3.44 1289
3.45 1295
3.46 1302
3.47 1306
3.48 1311
3.49 1314
3.50 1319
3.51 1327
3.52 1333
3.53 1336
3.54 1342
3.56 1345
3.57 1351
3.58 1356
3.59 1360
3.60 1364
3.61 1370
3.62 1375
3.63 1378
3.64 1383
3.65 1388
3.66 1396
3.67 1402
3.68 1411
3.69 1416
3.70 1418
3.71 1420
3.72 1422
3.74 1426
3.75 1428
3.76 1435
3.77 1440
3.78 1445
3.79 1445
3.80 1455
3.81 1458
3.82 1460
3.83 1468
3.84 1469
3.85 1473
3.86 1477
3.87 1477
3.88 1482
3.89 1489
3.90 1494
3.92 1495
3.93 1498
3.94 1503
3.95 1507
3.96 1512
3.97 1520
3.98 1528
3.99 1531
4.00 1533
4.01 1534
4.02 1541
4.03 1551
4.04 1559
4.05 1563
4.06 1568
4.07 1574
4.08 1580
4.09 1586
4.11 1590
4.12 1596
4.13 1605
4.14 1613
4.15 1616
4.16 1623
4.17 1627
4.18 1631
4.19 1636
4.20 1642
4.21 1645
4.22 1653
4.23 1657
4.24 1662
4.25 1664
4.26 1666
4.27 1673
4.29 1679
4.30 1688
4.31 1696
4.32 1704
4.33 1708
4.34 1711
4.35 1716
4.36 1719
4.37 1724
4.38 1728
4.39 1732
4.40 1737
4.41 1741
4.42 1746
4.43 1752
4.44 1758
4.45 1764
4.47 1768
4.48 1773
4.49 1779
4.50 1783
4.51 1785
4.52 1792
4.53 1795
4.54 1802
4.55 1807
4.56 1813
4.57 1815
4.58 1818
4.59 1822
4.60 1824
4.61 1828
4.62 1834
4.63 1838
4.65 1842
4.66 1845
4.67 1851
4.68 1856
4.69 1859
4.70 1866
4.71 1869
4.72 1877
4.73 1883
4.74 1888
4.75 1892
4.76 1900
4.77 1908
4.78 1912
4.79 1915
4.80 1918
4.81 1920
4.83 1924
4.84 1931
4.85 1938
4.86 1943
4.87 1946
4.88 1948
4.89 1949
4.90 1951
4.91 1957
4.92 1965
4.93 1970
4.94 1977
4.95 1983
4.96 1987
4.97 1993
4.98 2000
4.99 2007
5.00 2012
5.02 2019
5.03 2026
5.04 2031
5.05 2036
5.06 2041
5.07 2046
5.08 2056
5.09 2062
5.10 2067
5.11 2071
5.12 2074
5.13 2081
5.14 2086
5.15 2091
5.16 2094
5.17 2099
5.18 2103
5.20 2109
5.21 2112
5.22 2117
5.23 2118
5.24 2124
5.25 2130
5.26 2131
5.27 2133
5.28 2139
5.29 2144
5.30 2150
5.31 2155
5.32 2161
5.33 2166
5.34 2170
5.35 2176
5.36 2182
5.38 2188
5.39 2192
5.40 2197
5.41 2202
5.42 2209
5.43 2216
5.44 2222
5.45 2229
5.46 2237
5.47 2243
5.48 2250
5.49 2256
5.50 2258
5.51 2262
5.52 2268
5.53 2275
5.54 2281
5.56 2284
5.57 2288
5.58 2294
5.59 2298
5.60 2303
5.61 2312
5.62 2317
5.63 2322
5.64 2326
5.65 2329
5.66 2331
5.67 2332
5.68 2333
5.69 2336
5.70 2341
5.71 2347
5.72 2353
5.74 2359
5.75 2363
5.76 2371
5.77 2377
5.78 2382
5.79 2386
5.80 2390
5.81 2398
5.82 2405
5.83 2408
5.84 2410
5.85 2418
5.86 2421
5.87 2425
5.88 2427
5.89 2435
5.90 2439
5.91 2443
5.93 2446
5.94 2449
5.95 2454
5.96 2461
5.97 2464
5.98 2472
5.99 2476
6.00 2480
6.01 2486
6.02 2489
6.03 2493
6.04 2496
6.05 2500
6.06 2503
6.07 2508
6.08 2511
6.09 2515
6.11 2519
6.12 2525
6.13 2530
6.14 2536
6.15 2539
6.16 2545
6.17 2550
6.18 2554
6.19 2559
6.20 2564
6.21 2566
6.22 2570
6.23 2574
6.24 2579
6.25 2583
6.26 2589
6.27 2595
6.29 2598
6.30 2602
6.31 2607
6.32 2611
6.33 2614
6.34 2617
6.35 2618
6.36 2618
6.37 2621
6.38 2626
6.39 2631
6.40 2636
6.41 2641
6.42 2645
6.43 2652
6.44 2658
6.45 2664
6.47 2668
6.48 2675
6.49 2678
6.50 2683
6.51 2691
6.52 2696
6.53 2701
6.54 2705
6.55 2711
6.56 2716
6.57 2720
6.58 2724
6.59 2727
6.60 2734
6.61 2738
6.62 2743
6.63 2744
6.65 2752
6.66 2755
6.67 2758
6.68 2765
6.69 2770
6.70 2774
6.71 2774
6.72 2778
6.73 2785
6.74 2791
6.75 2798
6.76 2805
6.77 2812
6.78 2817
6.79 2821
6.80 2825
6.81 2831
6.82 2837
6.84 2842
6.85 2847
6.86 2852
6.87 2858
6.88 2860
6.89 2864
6.90 2869
6.91 2873
6.92 2878
6.93 2884
6.94 2891
6.95 2896
6.96 2901
6.97 2909
6.98 2915
6.99 2920
7.00 2924
7.02 2931
7.03 2935
7.04 2939
7.05 2946
7.06 2952
7.07 2958
7.08 2963
7.09 2966
7.10 2968
7.11 2970
7.12 2974
7.13 2982
7.14 2986
7.15 2989
7.16 2991
7.17 2998
7.18 3004
7.20 3010
7.21 3012
7.22 3015
7.23 3021
7.24 3027
7.25 3030
7.26 3035
7.27 3040
7.28 3044
7.29 3049
7.30 3056
7.31 3065
7.32 3069
7.33 3072
7.34 3075
7.35 3076
7.36 3079
7.38 3082
7.39 3087
7.40 3090
7.41 3094
7.42 3100
7.43 3104
7.44 3110
7.45 3114
7.46 3121
7.47 3129
7.48 3137
7.49 3143
7.50 3149
7.51 3155
7.52 3157
7.53 3160
7.54 3165
7.56 3172
7.57 3175
7.58 3177
7.59 3181
7.60 3191
7.61 3199
7.62 3207
7.63 3215
7.64 3222
7.65 3226
7.66 3229
7.67 3232
7.68 3234
7.69 3237
7.70 3241
7.71 3246
7.72 3252
7.73 3256
7.75 3261
7.76 3265
7.77 3273
7.78 3278
7.79 3282
7.80 3286
7.81 3292
7.82 3297
7.83 3302
7.84 3309
7.85 3314
7.86 3321
7.87 3322
7.88 3327
7.89 3332
7.90 3337
7.91 3344
7.93 3348
7.94 3353
7.95 3361
7.96 3367
7.97 3372
7.98 3379
7.99 3385
8.00 3392
8.01 3396
8.02 3401
8.03 3407
8.04 3409
8.05 3417
8.06 3423
8.07 3428
8.08 3440
8.09 3444
8.11 3448
8.12 3450
8.13 3451
8.14 3457
8.15 3462
8.16 3467
8.17 3470
8.18 3475
8.19 3476
8.20 3480
8.21 3485
8.22 3490
8.23 3495
8.24 3501
8.25 3502
8.26 3508
8.27 3515
8.29 3520
8.30 3524
8.31 3532
8.32 3536
8.33 3541
8.34 3545
8.35 3550
8.36 3553
8.37 3557
8.38 3558
8.39 3563
8.40 3569
8.41 3576
8.42 3583
8.43 3587
8.44 3592
8.45 3600
8.47 3608
8.48 3617
8.49 3623
8.50 3625
8.51 3632
8.52 3637
8.53 3640
8.54 3646
8.55 3650
8.56 3655
8.57 3662
8.58 3667
8.59 3673
8.60 3677
8.61 3681
8.62 3685
8.63 3694
8.64 3699
8.66 3705
8.67 3709
8.68 3714
8.69 3720
8.70 3723
8.71 3726
8.72 3730
8.73 3736
8.74 3738
8.75 3743
8.76 3748
8.77 3752
8.78 3757
8.79 3763
8.80 3766
8.81 3770
8.82 3772
8.84 3776
8.85 3779
8.86 3785
8.87 3793
8.88 3796
8.89 3801
8.90 3807
8.91 3811
8.92 3814
8.93 3818
8.94 3822
8.95 3829
8.96 3834
8.97 3842
8.98 3849
8.99 3855
9.00 3858
9.02 3867
9.03 3872
9.04 3876
9.05 3882
9.06 3885
9.07 3887
9.08 3893
9.09 3895
9.10 3902
9.11 3905
9.12 3910
9.13 3915
9.14 3917
9.15 3921
9.16 3927
9.17 3931
9.18 3934
9.20 3937
9.21 3939
9.22 3944
9.23 3948
9.24 3951
9.25 3956
9.26 3961
9.27 3965
9.28 3970
9.29 3976
9.30 3982
9.31 3985
9.32 3991
9.33 3998
9.34 4003
9.35 4008
9.36 4017
9.38 4025
9.39 4027
9.40 4032
9.41 4040
9.42 4048
9.43 4056
9.44 4062
9.45 4068
9.46 4074
9.47 4078
9.48 4081
9.49 4085
9.50 4091
9.51 4099
9.52 4101
9.53 4105
9.54 4108
9.55 4110
9.57 4114
9.58 4119
9.59 4124
9.60 4125
9.61 4128
9.62 4131
9.63 4133
9.64 4138
9.65 4143
9.66 4146
9.67 4150
9.68 4155
9.69 4161
9.70 4167
9.71 4170
9.72 4177
9.73 4182
9.75 4186
9.76 4189
9.77 4193
9.78 4196
9.79 4199
9.80 4202
9.81 4208
9.82 4214
9.83 4218
9.84 4224
9.85 4226
9.86 4230
9.87 4230
9.88 4233
9.89 4236
9.90 4243
9.91 4247
9.93 4253
9.94 4260
9.95 4265
9.96 4267
9.97 4272
9.98 4275
9.99 4280
10.00 4284
10.01 4289
10.02 4294
10.03 4298
10.04 4303
10.05 4309
10.06 4315
10.07 4322
10.08 4325
10.09 4331
10.11 4336
10.12 4342
10.13 4347
10.14 4350
10.15 4355
10.16 4360
10.17 4364
10.18 4366
10.19 4368
10.20 4369
10.21 4373
10.22 4377
10.23 4382
10.24 4387
10.25 4392
10.26 4397
10.27 4402
10.29 4406
10.30 4411
10.31 4416
10.32 4420
10.33 4424
10.34 4430
10.35 4437
10.36 4441
10.37 4443
10.38 4446
10.39 4451
10.40 4456
10.41 4465
10.42 4469
10.43 4475
10.44 4479
10.45 4481
10.46 4485
10.48 4491
10.49 4497
10.50 4500
10.51 4507
10.52 4511
10.53 4516
10.54 4521
10.55 4526
10.56 4531
10.57 4537
10.58 4539
10.59 4543
10.60 4548
10.61 4553
10.62 4558
10.63 4566
10.64 4572
10.66 4576
10.67 4580
10.68 4584
10.69 4588
10.70 4591
10.71 4597
10.72 4601
10.73 4604
10.74 4609
10.75 4616
10.76 4622
10.77 4624
10.78 4629
10.79 4634
10.80 4638
10.81 4645
10.82 4651
10.84 4656
10.85 4659
10.86 4664
10.87 4666
10.88 4672
10.89 4677
10.90 4681
10.91 4690
10.92 4695
10.93 4701
10.94 4705
10.95 4707
10.96 4712
10.97 4714
10.98 4720
10.99 4723
11.00 4727
11.02 4732
11.03 4736
11.04 4738
11.05 4740
11.06 4745
11.07 4749
11.08 4754
11.09 4757
11.10 4761
11.11 4764
11.12 4770
11.13 4778
11.14 4783
11.15 4785
11.16 4791
11.17 4796
11.18 4799
11.20 4802
11.21 4808
11.22 4816
11.23 4823
11.24 4828
11.25 4833
11.26 4841
11.27 4848
11.28 4853
11.29 4860
11.30 4863
11.31 4868
11.32 4873
11.33 4877
11.34 4881
11.35 4886
11.36 4891
11.37 4895
11.39 4899
11.40 4905
11.41 4910
11.42 4915
11.43 4923
11.44 4930
11.45 4939
11.46 4947
11.47 4951
11.48 4954
11.49 4960
11.50 4966
11.51 4972
11.52 4979
11.53 4981
11.54 4985
11.55 4992
11.57 4996
11.58 5001
11.59 5006
11.60 5008
11.61 5013
11.62 5020
11.63 5024
11.64 5031
11.65 5037
11.66 5043
11.67 5047
11.68 5052
11.69 5056
11.70 5063
11.71 5069
11.72 5072
11.73 5077
11.75 5083
11.76 5087
11.77 5095
11.78 5101
11.79 5105
11.80 5111
11.81 5119
11.82 5125
11.83 5129
11.84 5132
11.85 5136
11.86 5138
11.87 5144
11.88 5148
11.89 5151
11.90 5154
11.91 5158
11.93 5165
11.94 5171
11.95 5177
11.96 5180
11.97 5185
11.98 5188
11.99 5193
12.00 5196
12.01 5197
12.02 5202
12.03 5206
12.04 5209
12.05 5211
12.06 5215
12.07 5216
12.08 5218
12.09 5221
12.11 5227
12.12 5232
12.13 5241
12.14 5246
12.15 5252
12.16 5260
12.17 5265
12.18 5269
12.19 5272
12.20 5274
12.21 5277
12.22 5283
12.23 5289
12.24 5293
12.25 5297
12.26 5304
12.27 5310
12.28 5314
12.30 5317
12.31 5322
12.32 5327
12.33 5334
12.34 5339
12.35 5344
12.36 5344
12.37 5347
12.38 5352
12.39 5358
12.40 5364
12.41 5369
12.42 5373
12.43 5379
12.44 5387
12.45 5391
12.46 5396
12.48 5401
12.49 5405
12.50 5410
12.51 5415
12.52 5421
12.53 5426
12.54 5433
12.55 5441
12.56 5446
12.57 5452
12.58 5459
12.59 5463
12.60 5471
12.61 5476
12.62 5485
12.63 5489
12.64 5495
12.66 5502
12.67 5508
12.68 5517
12.69 5522
12.70 5527
12.71 5534
12.72 5541
12.73 5546
12.74 5549
12.75 5553
12.76 5557
12.77 5563
12.78 5566
12.79 5569
12.80 5577
12.81 5581
12.82 5587
12.84 5594
12.85 5598
12.86 5601
12.87 5608
12.88 5612
12.89 5616
12.90 5619
12.91 5623
12.92 5627
12.93 5628
12.94 5635
12.95 5639
12.96 5642
12.97 5648
12.98 5652
12.99 5659
13.00 5664
13.02 5667
13.03 5672
13.04 5676
13.05 5679
13.06 5683
13.07 5686
13.08 5690
13.09 5695
13.10 5702
13.11 5706
13.12 5709
13.13 5714
13.14 5720
13.15 5725
13.16 5728
13.17 5732
13.18 5738
13.19 5742
13.21 5745
13.22 5748
13.23 5752
13.24 5757
13.25 5762
13.26 5768
13.27 5775
13.28 5780
13.29 5785
13.30 5788
13.31 5791
13.32 5795
13.33 5799
13.34 5804
13.35 5808
13.36 5814
13.37 5820
13.39 5824
13.40 5832
13.41 5837
13.42 5843
13.43 5847
13.44 5852
13.45 5854
13.46 5858
13.47 5864
13.48 5865
13.49 5870
13.50 5875
13.51 5879
13.52 5885
13.53 5892
13.54 5894
13.55 5899
13.57 5901
13.58 5905
13.59 5909
13.60 5915
13.61 5919
13.62 5924
13.63 5930
13.64 5937
13.65 5941
13.66 5947
13.67 5953
13.68 5957
13.69 5963
13.70 5969
13.71 5973
13.72 5981
13.73 5986
13.75 5991
13.76 5997
13.77 6000
13.78 6003
13.79 6007
13.80 6010
13.81 6016
13.82 6019
13.83 6024
13.84 6028
13.85 6032
13.86 6036
13.87 6044
13.88 6048
13.89 6054
13.90 6057
13.91 6062
13.93 6071
13.94 6076
13.95 6082
13.96 6086
13.97 6089
13.98 6095
13.99 6097
14.00 6099
14.01 6102
14.02 6106
14.03 6107
14.04 6111
14.05 6112
14.06 6117
14.07 6123
14.08 6127
14.09 6131
14.10 6135
14.12 6138
14.13 6142
14.14 6146
14.15 6149
14.16 6152
14.17 6153
14.18 6159
14.19 6165
14.20 6169
14.21 6175
14.22 6177
14.23 6184
14.24 6187
14.25 6193
14.26 6200
14.27 6206
14.28 6211
14.30 6217
14.31 6222
14.32 6226
14.33 6231
14.34 6235
14.35 6238
14.36 6243
14.37 6245
14.38 6251
14.39 6256
14.40 6261
14.41 6268
14.42 6273
14.43 6275
14.44 6279
14.45 6285
14.46 6289
14.48 6290
14.49 6292
14.50 6300
14.51 6308
14.52 6313
14.53 6317
14.54 6322
14.55 6329
14.56 6337
14.57 6344
14.58 6348
14.59 6351
14.60 6355
14.61 6357
14.62 6361
14.63 6363
14.64 6365
14.66 6367
14.67 6371
14.68 6379
14.69 6382
14.70 6388
14.71 6395
14.72 6400
14.73 6409
14.74 6415
14.75 6421
14.76 6424
14.77 6429
14.78 6432
14.79 6439
14.80 6444
14.81 6449
14.82 6457
14.83 6463
14.85 6470
14.86 6475
14.87 6480
14.88 6488
14.89 6492
14.90 6496
14.91 6497
14.92 6499
14.93 6503
14.94 6507
14.95 6511
14.96 6517
14.97 6518
14.98 6520
14.99 6522
15.00 6530
15.01 6533
15.03 6535
15.04 6541
15.05 6545
15.06 6550
15.07 6551
15.08 6554
15.09 6558
15.10 6562
15.11 6568
15.12 6571
15.13 6574
15.14 6577
15.15 6584
15.16 6590
15.17 6595
15.18 6601
15.19 6606
15.21 6609
15.22 6614
15.23 6618
15.24 6622
15.25 6629
15.26 6633
15.27 6637
15.28 6641
15.29 6646
15.30 6652
15.31 6656
15.32 6660
15.33 6665
15.34 6671
15.35 6676
15.36 6682
15.37 6685
15.39 6690
15.40 6694
15.41 6699
15.42 6705
15.43 6709
15.44 6713
15.45 6719
15.46 6723
15.47 6731
15.48 6736
15.49 6742
15.50 6747
15.51 6749
15.52 6753
15.53 6759
15.54 6763
15.55 6768
15.57 6773
15.58 6779
15.59 6784
15.60 6790
15.61 6795
15.62 6799
15.63 6804
15.64 6809
15.65 6816
15.66 6820
15.67 6826
15.68 6829
15.69 6833
15.70 6836
15.71 6840
15.72 6846
15.73 6851
15.74 6855
15.76 6861
15.77 6867
15.78 6871
15.79 6875
15.80 6881
15.81 6887
15.82 6892
15.83 6900
15.84 6904
15.85 6909
15.86 6913
15.87 6918
15.88 6922
15.89 6928
15.90 6933
15.91 6941
15.92 6948
15.94 6954
15.95 6959
15.96 6962
15.97 6967
15.98 6973
15.99 6979
16.00 6984
16.01 6988
16.02 6991
16.03 6993
16.04 6997
16.05 7002
16.06 7010
16.07 7011
16.08 7015
16.09 7018
16.10 7019
16.12 7023
16.13 7029
16.14 7032
16.15 7035
16.16 7040
16.17 7042
16.18 7044
16.19 7050
16.20 7054
16.21 7059
16.22 7066
16.23 7070
16.24 7074
16.25 7080
16.26 7084
16.27 7089
16.28 7093
16.30 7097
16.31 7101
16.32 7106
16.33 7110
16.34 7112
16.35 7116
16.36 7121
16.37 7128
16.38 7131
16.39 7135
16.40 7141
16.41 7147
16.42 7151
16.43 7159
16.44 7166
16.45 7174
16.46 7176
16.48 7177
16.49 7182
16.50 7188
16.51 7193
16.52 7200
16.53 7203
16.54 7204
16.55 7210
16.56 7212
16.57 7215
16.58 7219
16.59 7220
16.60 7222
16.61 7228
16.62 7233
16.63 7239
16.64 7246
16.65 7252
16.67 7259
16.68 7266
16.69 7272
16.70 7277
16.71 7283
16.72 7288
16.73 7293
16.74 7297
16.75 7302
16.76 7305
16.77 7309
16.78 7313
16.79 7319
16.80 7325
16.81 7328
16.82 7329
16.83 7335
16.85 7337
16.86 7340
16.87 7347
16.88 7352
16.89 7357
16.90 7361
16.91 7367
16.92 7374
16.93 7378
16.94 7384
16.95 7386
16.96 7391
16.97 7394
16.98 7401
16.99 7403
17.00 7409
17.01 7417
17.03 7419
17.04 7422
17.05 7428
17.06 7430
17.07 7435
17.08 7442
17.09 7447
17.10 7450
17.11 7456
17.12 7461
17.13 7468
17.14 7472
17.15 7480
17.16 7484
17.17 7490
17.18 7496
17.19 7502
17.21 7508
17.22 7513
17.23 7517
17.24 7522
17.25 7530
17.26 7535
17.27 7538
17.28 7543
17.29 7548
17.30 7551
17.31 7557
17.32 7563
17.33 7572
17.34 7577
17.35 7582
17.36 7586
17.37 7589
17.39 7597
17.40 7600
17.41 7602
17.42 7607
17.43 7614
17.44 7619
17.45 7623
17.46 7630
17.47 7635
17.48 7640
17.49 7644
17.50 7647
17.51 7651
17.52 7654
17.53 7658
17.54 7664
17.55 7670
17.56 7676
17.58 7680
17.59 7686
17.60 7695
17.61 7699
17.62 7703
17.63 7706
17.64 7713
17.65 7719
17.66 7723
17.67 7726
17.68 7730
17.69 7734
17.70 7741
17.71 7746
17.72 7752
17.73 7759
17.74 7766
17.76 7770
17.77 7772
17.78 7776
17.79 7781
17.80 7789
17.81 7794
17.82 7799
17.83 7803
17.84 7808
17.85 7812
17.86 7816
17.87 7818
17.88 7823
17.89 7830
17.90 7835
17.91 7838
17.92 7841
17.94 7847
17.95 7851
17.96 7855
17.97 7860
17.98 7865
17.99 7868
18.00 7872
18.01 7878
18.02 7883
18.03 7888
18.04 7891
18.05 7895
18.06 7897
18.07 7903
18.08 7907
18.09 7913
18.10 7917
18.12 7921
18.13 7926
18.14 7933
18.15 7936
18.16 7943
18.17 7948
18.18 7956
18.19 7965
18.20 7970
18.21 7974
18.22 7979
18.23 7984
18.24 7987
18.25 7993
18.26 7997
18.27 8003
18.28 8008
18.30 8014
18.31 8020
18.32 8027
18.33 8034
18.34 8041
18.35 8044
18.36 8051
18.37 8055
18.38 8058
18.39 8062
18.40 8072
18.41 8078
18.42 8082
18.43 8089
18.44 8096
18.45 8100
18.46 8105
18.47 8113
18.49 8119
18.50 8123
18.51 8128
18.52 8134
18.53 8142
18.54 8145
18.55 8149
18.56 8158
18.57 8164
18.58 8171
18.59 8177
18.60 8178
18.61 8183
18.62 8189
18.63 8190
18.64 8193
18.65 8198
18.67 8201
18.68 8205
18.69 8209
18.70 8214
18.71 8217
18.72 8222
18.73 8226
18.74 8231
18.75 8236
18.76 8242
18.77 8247
18.78 8251
18.79 8254
18.80 8256
18.81 8263
18.82 8271
18.83 8275
18.85 8276
18.86 8279
18.87 8283
18.88 8288
18.89 8293
18.90 8298
18.91 8304
18.92 8310
18.93 8316
18.94 8318
18.95 8328
18.96 8334
18.97 8340
18.98 8342
18.99 8345
19.00 8348
19.01 8353
19.03 8358
19.04 8363
19.05 8367
19.06 8372
19.07 8376
19.08 8376
19.09 8379
19.10 8384
19.11 8387
19.12 8387
19.13 8391
19.14 8396
19.15 8400
19.16 8408
19.17 8411
19.18 8418
19.19 8422
19.21 8425
19.22 8430
19.23 8437
19.24 8440
19.25 8446
19.26 8453
19.27 8458
19.28 8464
19.29 8467
19.30 8472
19.31 8478
19.32 8483
19.33 8488
19.34 8495
19.35 8503
19.36 8510
19.37 8514
19.38 8519
19.40 8522
19.41 8525
19.42 8529
19.43 8532
19.44 8536
19.45 8539
19.46 8542
19.47 8549
19.48 8555
19.49 8561
19.50 8566
19.51 8571
19.52 8577
19.53 8582
19.54 8587
19.55 8594
19.56 8603
19.58 8609
19.59 8615
19.60 8620
19.61 8625
19.62 8631
19.63 8638
19.64 8644
19.65 8651
19.66 8656
19.67 8661
19.68 8664
19.69 8665
19.70 8666
19.71 8672
19.72 8673
19.73 8678
19.74 8681
19.76 8690
19.77 8694
19.78 8701
19.79 8704
19.80 8708
19.81 8712
19.82 8716
19.83 8719
19.84 8724
19.85 8728
19.86 8732
19.87 8735
19.88 8742
19.89 8747
19.90 8750
19.91 8753
19.92 8754
19.94 8758
19.95 8760
19.96 8765
19.97 8770
19.98 8771
19.99 8774
20.00 8777
20.01 8781
20.02 8784
20.03 8788
20.04 8790
20.05 8794
20.06 8799
20.07 8806
20.08 8811
20.09 8814
20.10 8820
20.12 8825
20.13 8828
20.14 8835
20.15 8838
20.16 8842
20.17 8848
20.18 8853
20.19 8861
20.20 8869
20.21 8873
20.22 8875
20.23 8877
20.24 8878
20.25 8883
20.26 8886
20.27 8887
20.28 8890
20.29 8893
20.31 8898
20.32 8905
20.33 8914
20.34 8918
20.35 8925
20.36 8930
20.37 8933
20.38 8939
20.39 8943
20.40 8951
20.41 8957
20.42 8965
20.43 8966
20.44 8974
20.45 8980
20.46 8989
20.47 8992
20.49 8996
20.50 9001
20.51 9006
20.52 9010
20.53 9012
20.54 9021
20.55 9025
20.56 9030
20.57 9032
20.58 9034
20.59 9039
20.60 9041
20.61 9042
20.62 9044
20.63 9047
20.64 9051
20.65 9055
20.67 9061
20.68 9066
20.69 9072
20.70 9078
20.71 9085
20.72 9090
20.73 9096
20.74 9099
20.75 9105
20.76 9105
20.77 9112
20.78 9118
20.79 9120
20.80 9124
20.81 9127
20.82 9133
20.83 9139
20.85 9142
20.86 9145
20.87 9152
20.88 9156
20.89 9163
20.90 9169
20.91 9173
20.92 9176
20.93 9182
20.94 9186
20.95 9191
20.96 9198
20.97 9205
20.98 9209
20.99 9213
21.00 9215
21.01 9216
21.03 9218
21.04 9220
21.05 9227
21.06 9231
21.07 9236
21.08 9236
21.09 9239
21.10 9244
21.11 9246
21.12 9248
21.13 9255
21.14 9257
21.15 9263
21.16 9269
21.17 9272
21.18 9276
21.19 9283
21.20 9289
21.22 9295
21.23 9300
21.24 9306
21.25 9310
21.26 9313
21.27 9318
21.28 9323
21.29 9329
21.30 9335
21.31 9340
21.32 9344
21.33 9351
21.34 9359
21.35 9363
21.36 9368
21.37 9374
21.38 9379
21.40 9385
21.41 9387
21.42 9395
21.43 9400
21.44 9407
21.45 9411
21.46 9414
21.47 9421
21.48 9428
21.49 9432
21.50 9437
21.51 9441
21.52 9445
21.53 9450
21.54 9455
21.55 9459
21.56 9465
21.58 9470
21.59 9476
21.60 9482
21.61 9486
21.62 9493
21.63 9498
21.64 9503
21.65 9506
21.66 9509
21.67 9513
21.68 9517
21.69 9523
21.70 9526
21.71 9531
21.72 9535
21.73 9542
21.74 9546
21.76 9548
21.77 9554
21.78 9561
21.79 9569
21.80 9574
21.81 9579
21.82 9585
21.83 9589
21.84 9595
21.85 9599
21.86 9600
21.87 9603
21.88 9606
21.89 9607
21.90 9610
21.91 9613
21.92 9616
21.94 9619
21.95 9622
21.96 9623
21.97 9626
21.98 9629
21.99 9632
22.00 9635
22.01 9640
22.02 9642
22.03 9643
22.04 9644
22.05 9651
22.06 9654
22.07 9658
22.08 9662
22.09 9664
22.10 9669
22.11 9671
22.13 9676
22.14 9679
22.15 9682
22.16 9684
22.17 9687
22.18 9689
22.19 9693
22.20 9697
22.21 9704
22.22 9708
22.23 9711
22.24 9715
22.25 9716
22.26 9719
22.27 9724
22.28 9728
22.29 9730
22.31 9732
22.32 9735
22.33 9737
22.34 9745
22.35 9750
22.36 9755
22.37 9759
22.38 9759
22.39 9763
22.40 9765
22.41 9765
22.42 9769
22.43 9771
22.44 9773
22.45 9774
22.46 9775
22.47 9781
22.49 9784
22.50 9785
22.51 9785
22.52 9787
22.53 9791
22.54 9795
22.55 9796
22.56 9799
22.57 9802
22.58 9803
22.59 9807
22.60 9808
22.61 9811
22.62 9812
22.63 9822
22.64 9825
22.65 9825
22.67 9826
22.68 9827
22.69 9836
22.70 9838
22.71 9844
22.72 9845
22.73 9845
22.74 9849
22.75 9851
22.76 9857
22.77 9865
22.78 9868
22.79 9873
22.80 9879
22.81 9885
22.82 9890
22.83 9897
22.85 9907
22.86 9915
22.87 9920
22.88 9923
22.89 9926
22.90 9929
22.91 9938
22.92 9941
22.93 9945
22.94 9950
22.95 9957
22.96 9961
22.97 9964
22.98 9971
22.99 9973
23.00 9975
23.01 9980
23.02 9984
23.04 9988
23.05 9990
23.06 9995
23.07 9999
23.08 10002
23.09 10003
23.10 10012
23.11 10015
23.12 10020
23.13 10024
23.14 10030
23.15 10034
23.16 10042
23.17 10046
23.18 10049
23.19 10050
23.20 10053
23.22 10060
23.23 10063
23.24 10068
23.25 10073
23.26 10081
23.27 10087
23.28 10089
23.29 10096
23.30 10101
23.31 10104
23.32 10107
23.33 10113
23.34 10115
23.35 10118
23.36 10123
23.37 10131
23.38 10137
23.40 10144
23.41 10151
23.42 10156
23.43 10161
23.44 10169
23.45 10175
23.46 10179
23.47 10186
23.48 10191
23.49 10196
23.50 10198
23.51 10205
23.52 10208
23.53 10210
23.54 10216
23.55 10222
23.56 10227
23.58 10235
23.59 10243
23.60 10247
23.61 10251
23.62 10256
23.63 10258
23.64 10263
23.65 10266
23.66 10268
23.67 10271
23.68 10273
23.69 10275
23.70 10277
23.71 10279
23.72 10283
23.73 10288
23.74 10291
23.76 10293
23.77 10296
23.78 10297
23.79 10303
23.80 10308
23.81 10310
23.82 10313
23.83 10317
23.84 10326
23.85 10331
23.86 10337
23.87 10340
23.88 10346
23.89 10353
23.90 10357
23.91 10359
23.92 10361
23.93 10363
23.95 10365
23.96 10367
23.97 10368
23.98 10369
23.99 10372
24.00 10372
24.01 10376
24.02 10380
24.03 10381
24.04 10383
24.05 10385
24.06 10386
24.07 10388
24.08 10389
24.09 10394
24.10 10397
24.11 10399
24.13 10401
24.14 10403
24.15 10407
24.16 10413
24.17 10417
24.18 10424
24.19 10430
24.20 10438
24.21 10446
24.22 10449
24.23 10449
24.24 10450
24.25 10454
24.26 10455
24.27 10456
24.28 10457
24.29 10460
24.31 10463
24.32 10463
24.33 10468
24.34 10469
24.35 10471
24.36 10471
24.37 10474
24.38 10477
24.39 10477
24.40 10477
24.41 10478
24.42 10478
24.43 10480
24.44 10482
24.45 10482
24.46 10482
24.47 10482
24.49 10483
24.50 10484
24.51 10484
24.52 10485
24.53 10485
24.54 10485
24.55 10485
24.56 10485
24.57 10486
24.58 10486
24.59 10486
24.60 10487
24.61 10487
24.62 10489
24.63 10489
24.64 10491
24.65 10494
24.67 10496
24.68 10496
24.69 10500
24.70 10501
24.71 10502
24.72 10502
24.73 10505
24.74 10505
24.75 10505
24.76 10507
24.77 10507
24.78 10507
24.79 10509
24.80 10510
24.81 10510
24.82 10511
24.83 10512
24.84 10516
24.86 10516
24.87 10518
24.88 10521
24.89 10523
24.90 10523
24.91 10525
24.92 10525
24.93 10526
24.94 10526
24.95 10526
24.96 10527
24.97 10528
24.98 10529
24.99 10529
25.00 10530
25.01 10531
25.02 10534
25.04 10534
25.05 10535
25.06 10535
25.07 10535
25.08 10535
25.09 10537
25.10 10539
25.11 10539
25.12 10539
25.13 10539
25.14 10539
25.15 10543
25.16 10543
25.17 10543
25.18 10544
25.19 10544
25.20 10547
25.22 10549
25.23 10549
25.24 10549
25.25 10549
25.26 10549
25.27 10549
25.28 10551
25.29 10551
25.30 10551
25.31 10551
25.32 10551
25.33 10551
25.34 10551
25.35 10554
25.36 10555
25.37 10555
25.38 10556
25.40 10557
25.41 10559
25.42 10559
25.43 10560
25.44 10560
25.45 10560
25.46 10560
25.47 10560
25.48 10570
25.49 10570
25.50 10570
25.51 10570
25.52 10570
25.53 10570
25.54 10575
25.55 10576
25.56 10576
25.58 10577
25.59 10577
25.60 10578
25.61 10579
25.62 10579
25.63 10580
25.64 10580
25.65 10580
25.66 10580
25.67 10582
25.68 10584
25.69 10584
25.70 10584
25.71 10584
25.72 10584
25.73 10584
25.74 10589
25.75 10590
25.77 10590
25.78 10591
25.79 10591
25.80 10592
25.81 10592
25.82 10593
25.83 10593
25.84 10593
25.85 10593
25.86 10593
25.87 10593
25.88 10595
25.89 10595
25.90 10595
25.91 10600
25.92 10601
25.93 10601
25.95 10601
25.96 10601
25.97 10603
25.98 10604
25.99 10604
26.00 10604
26.01 10605
26.02 10605
26.03 10605
26.04 10605
26.05 10605
26.06 10605
26.07 10606
26.08 10606
26.09 10607
26.10 10611
26.11 10613
26.13 10613
26.14 10613
26.15 10614
26.16 10614
26.17 10614
26.18 10614
26.19 10614
26.20 10614
26.21 10614
26.22 10614
26.23 10614
26.24 10615
26.25 10615
26.26 10615
26.27 10617
26.28 10618
26.29 10620
26.31 10622
26.32 10624
26.33 10626
26.34 10626
26.35 10633
26.36 10635
26.37 10638
26.38 10638
26.39 10645
26.40 10647
26.41 10647
26.42 10655
26.43 10662
26.44 10669
26.45 10676
26.46 10680
26.47 10686
26.49 10696
26.50 10702
26.51 10709
26.52 10717
26.53 10723
26.54 10729
26.55 10737
26.56 10746
26.57 10754
26.58 10762
26.59 10767
26.60 10773
26.61 10776
26.62 10782
26.63 10788
26.64 10796
26.65 10802
26.66 10806
26.68 10809
26.69 10814
26.70 10819
26.71 10828
26.72 10832
26.73 10839
26.74 10844
26.75 10850
26.76 10859
26.77 10864
26.78 10870
26.79 10875
26.80 10880
26.81 10884
26.82 10889
26.83 10898
26.84 10904
26.86 10909
26.87 10914
26.88 10916
26.89 10923
26.90 10926
26.91 10931
26.92 10937
26.93 10941
26.94 10946
26.95 10951
26.96 10956
26.97 10962
26.98 10968
26.99 10971
27.00 10975
27.01 10981
27.02 10986
27.04 10992
27.05 10998
27.06 11003
27.07 11010
27.08 11016
27.09 11021
27.10 11026
27.11 11030
27.12 11035
27.13 11041
27.14 11045
27.15 11047
27.16 11052
27.17 11058
27.18 11063
27.19 11069
27.20 11076
27.22 11080
27.23 11085
27.24 11090
27.25 11096
27.26 11101
27.27 11107
27.28 11113
27.29 11119
27.30 11124
27.31 11129
27.32 11134
27.33 11140
27.34 11145
27.35 11151
27.36 11154
27.37 11163
27.38 11167
27.40 11170
27.41 11174
27.42 11176
27.43 11180
27.44 11181
27.45 11184
27.46 11189
27.47 11194
27.48 11199
27.49 11203
27.50 11207
27.51 11210
27.52 11216
27.53 11218
27.54 11221
27.55 11226
27.56 11229
27.57 11234
27.59 11240
27.60 11246
27.61 11254
27.62 11259
27.63 11264
27.64 11266
27.65 11269
27.66 11273
27.67 11279
27.68 11284
27.69 11291
27.70 11292
27.71 11298
27.72 11303
27.73 11308
27.74 11312
27.75 11316
27.77 11320
27.78 11326
27.79 11332
27.80 11338
27.81 11342
27.82 11346
27.83 11349
27.84 11351
27.85 11353
27.86 11353
27.87 11361
27.88 11364
27.89 11369
27.90 11373
27.91 11377
27.92 11383
27.93 11388
27.95 11392
27.96 11397
27.97 11402
27.98 11407
27.99 11409
28.00 11411
28.01 11420
28.02 11427
28.03 11433
28.04 11436
28.05 11443
28.06 11446
28.07 11451
28.08 11455
28.09 11461
28.10 11468
28.11 11475
28.13 11480
28.14 11484
28.15 11490
28.16 11494
28.17 11499
28.18 11504
28.19 11510
28.20 11515
28.21 11522
28.22 11528
28.23 11532
28.24 11540
28.25 11544
28.26 11546
28.27 11550
28.28 11553
28.29 11556
28.31 11560
28.32 11565
28.33 11570
28.34 11572
28.35 11577
28.36 11579
28.37 11584
28.38 11587
28.39 11591
28.40 11593
28.41 11594
28.42 11596
28.43 11597
28.44 11601
28.45 11606
28.46 11608
28.47 11615
28.48 11620
28.50 11623
28.51 11628
28.52 11631
28.53 11633
28.54 11640
28.55 11645
28.56 11650
28.57 11655
28.58 11660
28.59 11662
28.60 11668
28.61 11674
28.62 11679
28.63 11684
28.64 11688
28.65 11691
28.66 11695
28.68 11697
28.69 11700
28.70 11707
28.71 11710
28.72 11718
28.73 11725
28.74 11732
28.75 11740
28.76 11748
28.77 11752
28.78 11757
28.79 11762
28.80 11770
28.81 11777
28.82 11781
28.83 11785
28.84 11791
28.86 11798
28.87 11802
28.88 11804
28.89 11808
28.90 11814
28.91 11821
28.92 11826
28.93 11834
28.94 11840
28.95 11847
28.96 11853
28.97 11859
28.98 11864
28.99 11869
29.00 11872
29.01 11879
29.02 11884
29.04 11888
29.05 11895
29.06 11899
29.07 11904
29.08 11910
29.09 11916
29.10 11918
29.11 11922
29.12 11927
29.13 11930
29.14 11934
29.15 11941
29.16 11947
29.17 11952
29.18 11959
29.19 11964
29.20 11969
29.21 11973
29.23 11982
29.24 11989
29.25 11995
29.26 12002
29.27 12008
29.28 12014
29.29 12017
29.30 12026
29.31 12031
29.32 12035
29.33 12039
29.34 12044
29.35 12050
29.36 12057
29.37 12063
29.38 12067
29.39 12071
29.41 12074
29.42 12079
29.43 12082
29.44 12087
29.45 12092
29.46 12099
29.47 12104
29.48 12107
29.49 12115
29.50 12121
29.51 12125
29.52 12130
29.53 12137
29.54 12143
29.55 12150
29.56 12153
29.57 12159
29.59 12163
29.60 12170
29.61 12174
29.62 12182
29.63 12185
29.64 12192
29.65 12197
29.66 12204
29.67 12212
29.68 12218
29.69 12225
29.70 12231
29.71 12237
29.72 12242
29.73 12248
29.74 12254
29.75 12262
29.77 12268
29.78 12275
29.79 12279
29.80 12284
29.81 12288
29.82 12292
29.83 12297
29.84 12304
29.85 12308
29.86 12314
29.87 12316
29.88 12321
29.89 12326
29.90 12334
29.91 12337
29.92 12343
29.93 12346
29.95 12352
29.96 12358
29.97 12361
29.98 12365
29.99 12371
30.00 12376
30.01 12380
30.02 12384
30.03 12391
30.04 12395
30.05 12398
30.06 12401
30.07 12406
30.08 12412
30.09 12419
30.10 12425
30.11 12430
30.12 12437
30.14 12445
30.15 12450
30.16 12454
30.17 12460
30.18 12466
30.19 12471
30.20 12475
30.21 12480
30.22 12488
30.23 12493
30.24 12499
30.25 12503
30.26 12511
30.27 12515
30.28 12520
30.29 12526
30.30 12533
30.32 12537
30.33 12541
30.34 12547
30.35 12553
30.36 12558
30.37 12564
30.38 12568
30.39 12573
30.40 12580
30.41 12589
30.42 12594
30.43 12601
30.44 12606
30.45 12612
30.46 12618
30.47 12622
30.48 12627
30.50 12630
30.51 12638
30.52 12644
30.53 12648
30.54 12652
30.55 12658
30.56 12664
30.57 12670
30.58 12677
30.59 12685
30.60 12691
30.61 12696
30.62 12698
30.63 12705
30.64 12711
30.65 12716
30.66 12721
30.68 12725
30.69 12732
30.70 12738
30.71 12743
30.72 12747
30.73 12752
30.74 12756
30.75 12761
30.76 12767
30.77 12774
30.78 12780
30.79 12786
30.80 12793
30.81 12798
30.82 12801
30.83 12810
30.84 12814
30.86 12818
30.87 12823
30.88 12830
30.89 12835
30.90 12839
30.91 12845
30.92 12848
30.93 12852
30.94 12858
30.95 12862
30.96 12868
30.97 12872
30.98 12876
30.99 12882
31.00 12887
31.01 12888
31.02 12891
31.03 12896
31.05 12900
31.06 12902
31.07 12907
31.08 12911
31.09 12917
31.10 12924
31.11 12929
31.12 12932
31.13 12938
31.14 12942
31.15 12949
31.16 12955
31.17 12961
31.18 12963
31.19 12968
31.20 12974
31.21 12980
31.23 12985
31.24 12990
31.25 12993
31.26 12998
31.27 13000
31.28 13004
31.29 13009
31.30 13014
31.31 13020
31.32 13025
31.33 13031
31.34 13038
31.35 13043
31.36 13046
31.37 13048
31.38 13052
31.39 13057
31.41 13061
31.42 13069
31.43 13072
31.44 13074
31.45 13080
31.46 13087
31.47 13092
31.48 13098
31.49 13102
31.50 13106
31.51 13112
31.52 13116
31.53 13121
31.54 13128
31.55 13135
31.56 13141
31.57 13149
31.59 13155
31.60 13162
31.61 13166
31.62 13173
31.63 13179
31.64 13183
31.65 13187
31.66 13196
31.67 13202
31.68 13207
31.69 13216
31.70 13222
31.71 13227
31.72 13232
31.73 13236
31.74 13239
31.75 13245
31.77 13247
31.78 13255
31.79 13260
31.80 13265
31.81 13271
31.82 13277
31.83 13282
31.84 13286
31.85 13292
31.86 13298
31.87 13303
31.88 13308
31.89 13311
31.90 13314
31.91 13318
31.92 13323
31.93 13327
31.94 13332
31.96 13337
31.97 13343
31.98 13347
31.99 13352
32.00 13356
32.01 13359
32.02 13367
32.03 13374
32.04 13380
32.05 13386
32.06 13392
32.07 13397
32.08 13402
32.09 13405
32.10 13410
32.11 13416
32.12 13422
32.14 13428
32.15 13435
32.16 13439
32.17 13445
32.18 13449
32.19 13452
32.20 13457
32.21 13461
32.22 13467
32.23 13472
32.24 13475
32.25 13480
32.26 13485
32.27 13490
32.28 13496
32.29 13500
32.30 13506
32.32 13511
32.33 13515
32.34 13520
32.35 13524
32.36 13530
32.37 13535
32.38 13541
32.39 13547
32.40 13552
32.41 13557
32.42 13562
32.43 13569
32.44 13574
32.45 13580
32.46 13584
32.47 13588
32.48 13593
32.50 13598
32.51 13600
32.52 13603
32.53 13607
32.54 13611
32.55 13614
32.56 13621
32.57 13628
32.58 13630
32.59 13636
32.60 13641
32.61 13645
32.62 13651
32.63 13654
32.64 13659
32.65 13662
32.66 13669
32.68 13672
32.69 13676
32.70 13681
32.71 13685
32.72 13691
32.73 13696
32.74 13700
32.75 13706
32.76 13712
32.77 13717
32.78 13722
32.79 13726
32.80 13734
32.81 13740
32.82 13745
32.83 13751
32.84 13758
32.85 13765
32.87 13769
32.88 13774
32.89 13780
32.90 13783
32.91 13789
32.92 13789
32.93 13790
32.94 13795
32.95 13802
32.96 13806
32.97 13810
32.98 13814
32.99 13822
33.00 13828
33.01 13831
33.02 13836
33.03 13843
33.05 13848
33.06 13855
33.07 13860
33.08 13866
33.09 13873
33.10 13879
33.11 13885
33.12 13890
33.13 13895
33.14 13902
33.15 13906
33.16 13910
33.17 13915
33.18 13917
33.19 13921
33.20 13925
33.21 13931
33.23 13937
33.24 13941
33.25 13947
33.26 13953
33.27 13957
33.28 13961
33.29 13967
33.30 13971
33.31 13975
33.32 13982
33.33 13986
33.34 13991
33.35 13994
33.36 13997
33.37 13998
33.38 14004
33.39 14008
33.41 14017
33.42 14022
33.43 14030
33.44 14036
33.45 14041
33.46 14046
33.47 14054
33.48 14058
33.49 14064
33.50 14071
33.51 14074
33.52 14078
33.53 14083
33.54 14086
33.55 14089
33.56 14092
33.57 14100
33.59 14107
33.60 14111
33.61 14118
33.62 14119
33.63 14123
33.64 14127
33.65 14130
33.66 14136
33.67 14142
33.68 14147
33.69 14149
33.70 14154
33.71 14160
33.72 14166
33.73 14171
33.74 14173
33.75 14178
33.76 14182
33.78 14189
33.79 14196
33.80 14201
33.81 14206
33.82 14212
33.83 14216
33.84 14220
33.85 14225
33.86 14230
33.87 14238
33.88 14245
33.89 14250
33.90 14254
33.91 14258
33.92 14262
33.93 14263
33.94 14264
33.96 14268
33.97 14274
33.98 14279
33.99 14284
34.00 14288
34.01 14291
34.02 14297
34.03 14303
34.04 14307
34.05 14313
34.06 14318
34.07 14326
34.08 14332
34.09 14339
34.10 14344
34.11 14348
34.12 14354
34.14 14359
34.15 14362
34.16 14366
34.17 14370
34.18 14374
34.19 14379
34.20 14383
34.21 14389
34.22 14395
34.23 14400
34.24 14401
34.25 14405
34.26 14409
34.27 14413
34.28 14419
34.29 14424
34.30 14429
34.32 14432
34.33 14438
34.34 14444
34.35 14449
34.36 14455
34.37 14462
34.38 14465
34.39 14468
34.40 14470
34.41 14476
34.42 14480
34.43 14483
34.44 14484
34.45 14485
34.46 14489
34.47 14494
34.48 14496
34.50 14499
34.51 14504
34.52 14512
34.53 14514
34.54 14515
34.55 14515
34.56 14515
34.57 14515
34.58 14515
34.59 14521
34.60 14528
34.61 14530
34.62 14537
34.63 14541
34.64 14545
34.65 14550
34.66 14554
34.67 14557
34.69 14561
34.70 14566
34.71 14568
34.72 14574
34.73 14575
34.74 14579
34.75 14582
34.76 14587
34.77 14591
34.78 14595
34.79 14600
34.80 14603
34.81 14605
34.82 14611
34.83 14616
34.84 14621
34.85 14628
34.87 14632
34.88 14640
34.89 14646
34.90 14651
34.91 14656
34.92 14660
34.93 14667
34.94 14669
34.95 14672
34.96 14676
34.97 14680
34.98 14684
34.99 14688
35.00 14692
35.01 14695
35.02 14697
35.03 14704
35.05 14708
35.06 14711
35.07 14712
35.08 14718
35.09 14721
35.10 14727
35.11 14729
35.12 14730
35.13 14734
35.14 14737
35.15 14743
35.16 14748
35.17 14754
35.18 14759
35.19 14763
35.20 14770
35.21 14776
35.23 14784
35.24 14788
35.25 14794
35.26 14799
35.27 14803
35.28 14809
35.29 14813
35.30 14818
35.31 14821
35.32 14825
35.33 14828
35.34 14833
35.35 14839
35.36 14842
35.37 14846
35.38 14850
35.39 14855
35.41 14859
35.42 14864
35.43 14866
35.44 14870
35.45 14876
35.46 14880
35.47 14885
35.48 14889
35.49 14893
35.50 14896
35.51 14904
35.52 14907
35.53 14911
35.54 14916
35.55 14920
35.56 14928
35.57 14933
35.58 14940
35.60 14944
35.61 14950
35.62 14955
35.63 14958
35.64 14961
35.65 14968
35.66 14974
35.67 14977
35.68 14986
35.69 14989
35.70 14994
35.71 14997
35.72 15001
35.73 15008
35.74 15012
35.75 15015
35.76 15023
35.78 15027
35.79 15034
35.80 15040
35.81 15045
35.82 15050
35.83 15056
35.84 15060
35.85 15066
35.86 15071
35.87 15078
35.88 15084
35.89 15089
35.90 15094
35.91 15098
35.92 15102
35.93 15107
35.94 15114
35.96 15118
35.97 15124
35.98 15128
35.99 15137
36.00 15141
36.01 15144
36.02 15147
36.03 15153
36.04 15157
36.05 15163
36.06 15169
36.07 15174
36.08 15178
36.09 15182
36.10 15187
36.11 15193
36.12 15197
36.14 15202
36.15 15207
36.16 15214
36.17 15221
36.18 15227
36.19 15233
36.20 15239
36.21 15244
36.22 15249
36.23 15253
36.24 15256
36.25 15262
36.26 15265
36.27 15270
36.28 15276
36.29 15282
36.30 15289
36.32 15295
36.33 15298
36.34 15304
36.35 15309
36.36 15314
36.37 15319
36.38 15321
36.39 15327
36.40 15333
36.41 15336
36.42 15342
36.43 15346
36.44 15353
36.45 15360
36.46 15364
36.47 15369
36.48 15375
36.49 15379
36.51 15386
36.52 15390
36.53 15394
36.54 15396
36.55 15401
36.56 15403
36.57 15407
36.58 15411
36.59 15417
36.60 15422
36.61 15429
36.62 15432
36.63 15437
36.64 15442
36.65 15446
36.66 15448
36.67 15450
36.69 15454
36.70 15459
36.71 15461
36.72 15469
36.73 15473
36.74 15477
36.75 15485
36.76 15488
36.77 15491
36.78 15496
36.79 15500
36.80 15504
36.81 15509
36.82 15515
36.83 15520
36.84 15524
36.85 15525
36.87 15532
36.88 15538
36.89 15542
36.90 15546
36.91 15551
36.92 15557
36.93 15563
36.94 15575
36.95 15579
36.96 15581
36.97 15587
36.98 15590
36.99 15594
37.00 15599
37.01 15603
37.02 15607
37.03 15611
37.05 15617
37.06 15621
37.07 15625
37.08 15633
37.09 15638
37.10 15641
37.11 15645
37.12 15651
37.13 15658
37.14 15664
37.15 15668
37.16 15671
37.17 15674
37.18 15680
37.19 15685
37.20 15688
37.21 15691
37.23 15696
37.24 15701
37.25 15705
37.26 15709
37.27 15714
37.28 15718
37.29 15723
37.30 15724
37.31 15728
37.32 15733
37.33 15739
37.34 15743
37.35 15747
37.36 15751
37.37 15754
37.38 15757
37.39 15762
37.40 15766
37.42 15772
37.43 15775
37.44 15779
37.45 15781
37.46 15786
37.47 15792
37.48 15798
37.49 15801
37.50 15804
37.51 15809
37.52 15814
37.53 15820
37.54 15827
37.55 15834
37.56 15840
37.57 15844
37.58 15850
37.60 15855
37.61 15861
37.62 15867
37.63 15874
37.64 15878
37.65 15883
37.66 15887
37.67 15892
37.68 15895
37.69 15901
37.70 15907
37.71 15912
37.72 15917
37.73 15920
37.74 15927
37.75 15932
37.76 15936
37.78 15940
37.79 15945
37.80 15949
37.81 15951
37.82 15955
37.83 15964
37.84 15972
37.85 15978
37.86 15984
37.87 15988
37.88 15991
37.89 15998
37.90 16001
37.91 16002
37.92 16008
37.93 16012
37.94 16016
37.96 16020
37.97 16027
37.98 16032
37.99 16038
38.00 16046
38.01 16050
38.02 16055
38.03 16059
38.04 16063
38.05 16067
38.06 16071
38.07 16077
38.08 16083
38.09 16089
38.10 16097
38.11 16099
38.12 16105
38.14 16111
38.15 16117
38.16 16122
38.17 16128
38.18 16134
38.19 16139
38.20 16143
38.21 16150
38.22 16157
38.23 16161
38.24 16166
38.25 16167
38.26 16171
38.27 16174
38.28 16177
38.29 16179
38.30 16185
38.31 16189
38.33 16193
38.34 16198
38.35 16202
38.36 16205
38.37 16207
38.38 16211
38.39 16218
38.40 16223
38.41 16227
38.42 16233
38.43 16237
38.44 16240
38.45 16247
38.46 16254
38.47 16258
38.48 16264
38.49 16267
38.51 16268
38.52 16272
38.53 16279
38.54 16284
38.55 16290
38.56 16294
38.57 16297
38.58 16300
38.59 16303
38.60 16306
38.61 16307
38.62 16310
38.63 16310
38.64 16319
38.65 16322
38.66 16324
38.67 16327
38.69 16333
38.70 16334
38.71 16335
38.72 16343
38.73 16349
38.74 16354
38.75 16358
38.76 16364
38.77 16370
38.78 16375
38.79 16382
38.80 16389
38.81 16394
38.82 16399
38.83 16405
38.84 16410
38.85 16414
38.87 16419
38.88 16423
38.89 16426
38.90 16429
38.91 16433
38.92 16437
38.93 16440
38.94 16447
38.95 16451
38.96 16457
38.97 16459
38.98 16463
38.99 16470
39.00 16475
39.01 16481
39.02 16488
39.03 16493
39.05 16496
39.06 16500
39.07 16505
39.08 16507
39.09 16512
39.10 16513
39.11 16519
39.12 16520
39.13 16521
39.14 16522
39.15 16528
39.16 16533
39.17 16540
39.18 16546
39.19 16551
39.20 16557
39.21 16562
39.22 16568
39.24 16572
39.25 16580
39.26 16583
39.27 16589
39.28 16594
39.29 16598
39.30 16603
39.31 16608
39.32 16613
39.33 16619
39.34 16622
39.35 16625
39.36 16627
39.37 16628
39.38 16629
39.39 16632
39.40 16637
39.42 16643
39.43 16647
39.44 16651
39.45 16655
39.46 16661
39.47 16665
39.48 16669
39.49 16672
39.50 16673
39.51 16676
39.52 16681
39.53 16686
39.54 16690
39.55 16696
39.56 16698
39.57 16702
39.58 16708
39.60 16709
39.61 16712
39.62 16715
39.63 16720
39.64 16723
39.65 16726
39.66 16732
39.67 16736
39.68 16740
39.69 16743
39.70 16745
39.71 16749
39.72 16753
39.73 16757
39.74 16760
39.75 16765
39.76 16769
39.78 16770
39.79 16773
39.80 16777
39.81 16779
39.82 16782
39.83 16785
39.84 16788
39.85 16788
39.86 16791
39.87 16799
39.88 16804
39.89 16813
39.90 16819
39.91 16821
39.92 16822
39.93 16824
39.94 16827
39.96 16833
39.97 16841
39.98 16846
39.99 16851
40.00 16856
40.01 16860
40.02 16864
40.03 16865
40.04 16867
40.05 16872
40.06 16873
40.07 16880
40.08 16883
40.09 16884
40.10 16889
40.11 16894
40.12 16896
40.13 16900
40.15 16903
40.16 16907
40.17 16911
40.18 16918
40.19 16924
40.20 16927
40.21 16933
40.22 16937
40.23 16946
40.24 16948
40.25 16954
40.26 16961
40.27 16967
40.28 16974
40.29 16978
40.30 16980
40.31 16983
40.33 16987
40.34 16991
40.35 16993
40.36 16994
40.37 16995
40.38 17001
40.39 17007
40.40 17013
40.41 17019
40.42 17024
40.43 17033
40.44 17037
40.45 17037
40.46 17038
40.47 17040
40.48 17044
40.49 17049
40.51 17053
40.52 17059
40.53 17069
40.54 17072
40.55 17072
40.56 17078
40.57 17082
40.58 17089
40.59 17096
40.60 17100
40.61 17103
40.62 17106
40.63 17113
40.64 17115
40.65 17118
40.66 17121
40.67 17125
40.69 17127
40.70 17129
40.71 17132
40.72 17134
40.73 17141
40.74 17141
40.75 17148
40.76 17151
40.77 17156
40.78 17161
40.79 17166
40.80 17171
40.81 17173
40.82 17176
40.83 17183
40.84 17191
40.85 17200
40.87 17208
40.88 17217
40.89 17224
40.90 17226
40.91 17231
40.92 17236
40.93 17242
40.94 17246
40.95 17249
40.96 17251
40.97 17255
40.98 17256
40.99 17261
41.00 17265
41.01 17265
41.02 17265
41.03 17265
41.04 17268
41.06 17272
41.07 17277
41.08 17281
41.09 17289
41.10 17296
41.11 17302
41.12 17308
41.13 17311
41.14 17311
41.15 17311
41.16 17315
41.17 17316
41.18 17322
41.19 17330
41.20 17333
41.21 17337
41.22 17340
41.24 17344
41.25 17348
41.26 17351
41.27 17355
41.28 17357
41.29 17363
41.30 17369
41.31 17374
41.32 17378
41.33 17380
41.34 17381
41.35 17384
41.36 17387
41.37 17388
41.38 17392
41.39 17395
41.40 17397
41.42 17399
41.43 17404
41.44 17407
41.45 17413
41.46 17419
41.47 17419
41.48 17420
41.49 17421
41.50 17426
41.51 17426
41.52 17426
41.53 17427
41.54 17427
41.55 17429
41.56 17432
41.57 17438
41.58 17441
41.60 17444
41.61 17445
41.62 17447
41.63 17455
41.64 17457
41.65 17457
41.66 17465
41.67 17470
41.68 17470
41.69 17473
41.70 17473
41.71 17475
41.72 17475
41.73 17479
41.74 17482
41.75 17484
41.76 17493
41.78 17496
41.79 17497
41.80 17497
41.81 17497
41.82 17500
41.83 17502
41.84 17505
41.85 17509
41.86 17509
41.87 17510
41.88 17510
41.89 17512
41.90 17514
41.91 17515
41.92 17519
41.93 17519
41.94 17519
41.95 17520
41.97 17522
41.98 17524
41.99 17530
42.00 17538
42.01 17538
42.02 17538
42.03 17540
42.04 17541
42.05 17541
42.06 17546
42.07 17554
42.08 17555
42.09 17555
42.10 17556
42.11 17556
42.12 17560
42.13 17561
42.15 17562
42.16 17563
42.17 17565
42.18 17567
42.19 17568
42.20 17574
42.21 17582
42.22 17586
42.23 17588
42.24 17593
42.25 17595
42.26 17598
42.27 17605
42.28 17608
42.29 17614
42.30 17619
42.31 17627
42.33 17630
42.34 17638
42.35 17643
42.36 17648
42.37 17652
42.38 17660
42.39 17666
42.40 17671
42.41 17675
42.42 17681
42.43 17685
42.44 17693
42.45 17700
42.46 17703
42.47 17711
42.48 17716
42.49 17720
42.51 17725
42.52 17728
42.53 17734
42.54 17738
42.55 17742
42.56 17745
42.57 17748
42.58 17756
42.59 17761
42.60 17766
42.61 17771
42.62 17775
42.63 17779
42.64 17780
42.65 17782
42.66 17789
42.67 17793
42.69 17795
42.70 17799
42.71 17800
42.72 17807
42.73 17811
42.74 17817
42.75 17821
42.76 17823
42.77 17834
42.78 17840
42.79 17844
42.80 17850
42.81 17851
42.82 17854
42.83 17859
42.84 17863
42.85 17866
42.86 17872
42.88 17873
42.89 17879
42.90 17881
42.91 17887
42.92 17891
42.93 17898
42.94 17900
42.95 17906
42.96 17908
42.97 17910
42.98 17912
42.99 17915
43.00 17919
43.01 17925
43.02 17927
43.03 17932
43.04 17935
43.06 17938
43.07 17944
43.08 17947
43.09 17948
43.10 17955
43.11 17959
43.12 17965
43.13 17967
43.14 17969
43.15 17974
43.16 17977
43.17 17982
43.18 17989
43.19 17993
43.20 17997
43.21 18004
43.22 18010
43.24 18011
43.25 18012
43.26 18018
43.27 18023
43.28 18025
43.29 18027
43.30 18030
43.31 18037
43.32 18040
43.33 18044
43.34 18048
43.35 18052
43.36 18054
43.37 18060
43.38 18064
43.39 18070
43.40 18072
43.42 18077
43.43 18083
43.44 18086
43.45 18090
43.46 18092
43.47 18101
43.48 18107
43.49 18109
43.50 18111
43.51 18115
43.52 18116
43.53 18122
43.54 18129
43.55 18131
43.56 18138
43.57 18140
43.58 18145
43.60 18148
43.61 18151
43.62 18153
43.63 18157
43.64 18163
43.65 18168
43.66 18171
43.67 18174
43.68 18177
43.69 18182
43.70 18183
43.71 18189
43.72 18193
43.73 18194
43.74 18196
43.75 18197
43.76 18201
43.77 18204
43.79 18206
43.80 18209
43.81 18211
43.82 18213
43.83 18214
43.84 18221
43.85 18222
43.86 18229
43.87 18238
43.88 18239
43.89 18241
43.90 18245
43.91 18251
43.92 18254
43.93 18256
43.94 18257
43.95 18259
43.97 18263
43.98 18265
43.99 18269
44.00 18271
44.01 18273
44.02 18277
44.03 18277
44.04 18278
44.05 18278
44.06 18280
44.07 18282
44.08 18283
44.09 18283
44.10 18285
44.11 18286
44.12 18287
44.13 18287
44.15 18287
44.16 18287
44.17 18287
44.18 18287
44.19 18288
44.20 18289
44.21 18289
44.22 18289
44.23 18289
44.24 18289
44.25 18289
44.26 18290
44.27 18292
44.28 18292
44.29 18293
44.30 18293
44.31 18295
44.33 18295
44.34 18295
44.35 18295
44.36 18295
44.37 18295
44.38 18295
44.39 18295
44.40 18295
44.41 18295
44.42 18295
44.43 18295
44.44 18295
44.45 18296
44.46 18297
44.47 18297
44.48 18298
44.49 18298
44.50 18299
44.52 18300
44.53 18300
44.54 18300
44.55 18300
44.56 18300
44.57 18300
44.58 18301
44.59 18301
44.60 18301
44.61 18301
44.62 18301
44.63 18301
44.64 18305
44.65 18309
44.66 18310
44.67 18310
44.68 18311
44.70 18312
44.71 18315
44.72 18315
44.73 18318
44.74 18321
44.75 18322
44.76 18322
44.77 18323
44.78 18325
44.79 18326
44.80 18326
44.81 18327
44.82 18329
44.83 18330
44.84 18331
44.85 18331
44.86 18332
44.88 18332
44.89 18332
44.90 18333
44.91 18333
44.92 18333
44.93 18333
44.94 18333
44.95 18333
44.96 18334
44.97 18334
44.98 18334
44.99 18336
45.00 18337
45.01 18337
45.02 18337
45.03 18337
45.04 18339
45.06 18339
45.07 18339
45.08 18339
45.09 18339
45.10 18339
45.11 18339
45.12 18340
45.13 18340
45.14 18340
45.15 18340
45.16 18340
45.17 18340
45.18 18341
45.19 18342
45.20 18342
45.21 18343
45.22 18343
45.24 18344
45.25 18344
45.26 18344
45.27 18344
45.28 18344
45.29 18344
45.30 18344
45.31 18345
45.32 18345
45.33 18345
45.34 18345
45.35 18345
45.36 18345
45.37 18349
45.38 18350
45.39 18351
45.40 18351
45.41 18352
45.43 18352
45.44 18352
45.45 18352
45.46 18352
45.47 18352
45.48 18352
45.49 18352
45.50 18352
45.51 18355
45.52 18356
45.53 18356
45.54 18358
45.55 18358
45.56 18358
45.57 18363
45.58 18363
45.59 18366
45.61 18367
45.62 18368
45.63 18376
45.64 18376
45.65 18376
45.66 18381
45.67 18382
45.68 18387
45.69 18392
45.70 18397
45.71 18404
45.72 18411
45.73 18417
45.74 18422
45.75 18427
45.76 18431
45.77 18435
45.79 18443
45.80 18449
45.81 18454
45.82 18458
45.83 18462
45.84 18467
45.85 18474
45.86 18479
45.87 18485
45.88 18489
45.89 18492
45.90 18495
45.91 18498
45.92 18502
45.93 18507
45.94 18514
45.95 18522
45.97 18526
45.98 18530
45.99 18533
46.00 18538
46.01 18543
46.02 18548
46.03 18557
46.04 18560
46.05 18566
46.06 18571
46.07 18576
46.08 18582
46.09 18588
46.10 18591
46.11 18595
46.12 18600
46.13 18606
46.15 18612
46.16 18618
46.17 18623
46.18 18626
46.19 18632
46.20 18639
46.21 18642
46.22 18646
46.23 18651
46.24 18656
46.25 18660
46.26 18665
46.27 18669
46.28 18672
46.29 18677
46.30 18679
46.31 18685
46.32 18692
46.34 18700
46.35 18706
46.36 18711
46.37 18713
46.38 18718
46.39 18723
46.40 18729
46.41 18735
46.42 18740
46.43 18746
46.44 18751
46.45 18757
46.46 18765
46.47 18772
46.48 18779
46.49 18785
46.50 18790
46.52 18795
46.53 18800
46.54 18803
46.55 18807
46.56 18812
46.57 18818
46.58 18823
46.59 18828
46.60 18832
46.61 18837
46.62 18846
46.63 18852
46.64 18859
46.65 18864
46.66 18870
46.67 18874
46.68 18875
46.70 18878
46.71 18883
46.72 18886
46.73 18890
46.74 18895
46.75 18900
46.76 18906
46.77 18912
46.78 18916
46.79 18919
46.80 18921
46.81 18924
46.82 18930
46.83 18935
46.84 18942
46.85 18947
46.86 18954
46.88 18957
46.89 18963
46.90 18967
46.91 18972
46.92 18979
46.93 18985
46.94 18989
46.95 18994
46.96 19000
46.97 19006
46.98 19013
46.99 19017
47.00 19021
47.01 19028
47.02 19033
47.03 19039
47.04 19043
47.06 19047
47.07 19051
47.08 19055
47.09 19060
47.10 19065
47.11 19069
47.12 19074
47.13 19081
47.14 19085
47.15 19091
47.16 19094
47.17 19095
47.18 19102
47.19 19105
47.20 19112
47.21 19117
47.22 19120
47.23 19125
47.25 19130
47.26 19134
47.27 19138
47.28 19143
47.29 19147
47.30 19149
47.31 19155
47.32 19162
47.33 19166
47.34 19169
47.35 19175
47.36 19182
47.37 19186
47.38 19191
47.39 19195
47.40 19200
47.41 19208
47.43 19214
47.44 19216
47.45 19219
47.46 19224
47.47 19228
47.48 19235
47.49 19242
47.50 19248
47.51 19252
47.52 19259
47.53 19264
47.54 19268
47.55 19274
47.56 19279
47.57 19286
47.58 19291
47.59 19296
47.61 19303
47.62 19308
47.63 19315
47.64 19321
47.65 19325
47.66 19331
47.67 19338
47.68 19346
47.69 19359
47.70 19370
47.71 19378
47.72 19387
47.73 19393
47.74 19396
47.75 19398
47.76 19402
47.77 19408
47.79 19414
47.80 19421
47.81 19424
47.82 19430
47.83 19432
47.84 19437
47.85 19442
47.86 19450
47.87 19457
47.88 19461
47.89 19467
47.90 19473
47.91 19476
47.92 19477
47.93 19480
47.94 19484
47.95 19489
47.97 19492
47.98 19497
47.99 19503
48.00 19508
48.01 19514
48.02 19519
48.03 19524
48.04 19529
48.05 19532
48.06 19538
48.07 19540
48.08 19546
48.09 19552
48.10 19557
48.11 19559
48.12 19563
48.13 19569
48.14 19573
48.16 19580
48.17 19583
48.18 19589
48.19 19594
48.20 19599
48.21 19603
48.22 19608
48.23 19615
48.24 19621
48.25 19628
48.26 19631
48.27 19637
48.28 19643
48.29 19650
48.30 19657
48.31 19662
48.32 19668
48.34 19670
48.35 19674
48.36 19679
48.37 19687
48.38 19693
48.39 19698
48.40 19702
48.41 19707
48.42 19712
48.43 19719
48.44 19726
48.45 19730
48.46 19736
48.47 19746
48.48 19752
48.49 19756
48.50 19761
48.52 19766
48.53 19769
48.54 19776
48.55 19781
48.56 19787
48.57 19795
48.58 19803
48.59 19813
48.60 19818
48.61 19822
48.62 19822
48.63 19827
48.64 19832
48.65 19836
48.66 19837
48.67 19839
48.68 19841
48.70 19841
48.71 19843
48.72 19846
48.73 19848
48.74 19852
48.75 19857
48.76 19859
48.77 19862
48.78 19864
48.79 19865
48.80 19865
48.81 19866
48.82 19870
48.83 19871
48.84 19873
48.85 19876
48.86 19880
48.88 19884
48.89 19886
48.90 19887
48.91 19890
48.92 19892
48.93 19898
48.94 19904
48.95 19906
48.96 19908
48.97 19910
48.98 19911
48.99 19912
49.00 19914
49.01 19915
49.02 19915
49.03 19916
49.04 19916
49.05 19917
49.07 19918
49.08 19919
49.09 19919
49.10 19919
49.11 19919
49.12 19926
49.13 19926
49.14 19926
49.15 19927
49.16 19928
49.17 19929
49.18 19929
49.19 19929
49.20 19930
49.21 19930
49.22 19930
49.23 19930
49.25 19932
49.26 19933
49.27 19933
49.28 19933
49.29 19933
49.30 19933
49.31 19933
49.32 19938
49.33 19940
49.34 19940
49.35 19944
49.36 19944
49.37 19947
49.38 19948
49.39 19948
49.40 19951
49.41 19953
49.43 19954
49.44 19958
49.45 19959
49.46 19959
49.47 19963
49.48 19963
49.49 19963
49.50 19963
49.51 19967
49.52 19968
49.53 19968
49.54 19972
49.55 19972
49.56 19976
49.57 19976
49.58 19978
49.59 19980
49.61 19983
49.62 19983
49.63 19983
49.64 19989
49.65 19998
49.66 20000
49.67 20004
49.68 20006
49.69 20011
49.70 20011
49.71 20013
49.72 20018
49.73 20021
49.74 20022
49.75 20030
49.76 20038
49.77 20040
49.79 20043
49.80 20044
49.81 20049
49.82 20052
49.83 20054
49.84 20055
49.85 20055
49.86 20056
49.87 20060
49.88 20061
49.89 20064
49.90 20068
49.91 20072
49.92 20076
49.93 20076
49.94 20081
49.95 20087
49.96 20093
49.98 20096
49.99 20101
50.00 20105
50.01 20109
50.02 20114
50.03 20116
50.04 20119
50.05 20123
50.06 20126
50.07 20131
50.08 20137
50.09 20145
50.10 20149
50.11 20154
50.12 20159
50.13 20164
50.14 20170
50.16 20172
50.17 20178
50.18 20188
50.19 20193
50.20 20196
50.21 20200
50.22 20203
50.23 20208
50.24 20212
50.25 20217
50.26 20219
50.27 20224
50.28 20231
50.29 20236
50.30 20244
50.31 20249
50.32 20252
50.34 20255
50.35 20263
50.36 20269
50.37 20273
50.38 20278
50.39 20280
50.40 20284
50.41 20291
50.42 20294
50.43 20295
50.44 20302
50.45 20309
50.46 20314
50.47 20317
50.48 20323
50.49 20327
50.50 20331
50.52 20336
50.53 20340
50.54 20345
50.55 20353
50.56 20360
50.57 20369
50.58 20373
50.59 20378
50.60 20379
50.61 20385
50.62 20390
50.63 20396
50.64 20401
50.65 20406
50.66 20413
50.67 20417
50.68 20425
50.70 20429
50.71 20434
50.72 20440
50.73 20448
50.74 20454
50.75 20458
50.76 20462
50.77 20466
50.78 20472
50.79 20478
50.80 20484
50.81 20491
50.82 20496
50.83 20498
50.84 20502
50.85 20508
50.86 20511
50.87 20514
50.89 20518
50.90 20521
50.91 20526
50.92 20531
50.93 20534
50.94 20538
50.95 20540
50.96 20543
50.97 20552
50.98 20559
50.99 20564
51.00 20566
51.01 20572
51.02 20576
51.03 20584
51.04 20589
51.05 20593
51.07 20599
51.08 20600
51.09 20605
51.10 20609
51.11 20610
51.12 20614
51.13 20617
51.14 20620
51.15 20629
51.16 20637
51.17 20642
51.18 20648
51.19 20654
51.20 20660
51.21 20665
51.22 20667
51.23 20671
51.25 20675
51.26 20677
51.27 20679
51.28 20680
51.29 20685
51.30 20688
51.31 20697
51.32 20699
51.33 20703
51.34 20703
51.35 20707
51.36 20711
51.37 20711
51.38 20713
51.39 20715
51.40 20723
51.41 20727
51.43 20730
51.44 20735
51.45 20740
51.46 20743
51.47 20744
51.48 20748
51.49 20752
51.50 20756
51.51 20760
51.52 20762
51.53 20766
51.54 20771
51.55 20775
51.56 20776
51.57 20783
51.58 20787
51.59 20793
51.61 20797
51.62 20801
51.63 20804
51.64 20809
51.65 20813
51.66 20817
51.67 20818
51.68 20821
51.69 20825
51.70 20828
51.71 20830
51.72 20834
51.73 20838
51.74 20840
51.75 20844
51.76 20850
51.77 20855
51.78 20859
51.80 20861
51.81 20865
51.82 20869
51.83 20874
51.84 20876
51.85 20880
51.86 20884
51.87 20886
51.88 20892
51.89 20896
51.90 20902
51.91 20908
51.92 20911
51.93 20914
51.94 20921
51.95 20926
51.96 20930
51.98 20934
51.99 20940
52.00 20948
52.01 20957
52.02 20963
52.03 20966
52.04 20966
52.05 20969
52.06 20973
52.07 20975
52.08 20979
52.09 20985
52.10 20988
52.11 20995
52.12 20999
52.13 21006
52.14 21009
52.16 21011
52.17 21013
52.18 21017
52.19 21019
52.20 21024
52.21 21031
52.22 21032
52.23 21038
52.24 21040
52.25 21043
52.26 21046
52.27 21050
52.28 21052
52.29 21053
52.30 21055
52.31 21060
52.32 21062
52.34 21066
52.35 21068
52.36 21068
52.37 21071
52.38 21077
52.39 21081
52.40 21087
52.41 21095
52.42 21099
52.43 21105
52.44 21108
52.45 21113
52.46 21116
52.47 21120
52.48 21121
52.49 21123
52.50 21126
52.52 21130
52.53 21132
52.54 21134
52.55 21137
52.56 21140
52.57 21141
52.58 21145
52.59 21147
52.60 21151
52.61 21154
52.62 21154
52.63 21157
52.64 21163
52.65 21167
52.66 21174
52.67 21176
52.68 21180
52.69 21187
52.71 21191
52.72 21196
52.73 21202
52.74 21204
52.75 21204
52.76 21205
52.77 21210
52.78 21212
52.79 21215
52.80 21219
52.81 21222
52.82 21229
52.83 21233
52.84 21237
52.85 21241
52.86 21250
52.87 21257
52.89 21265
52.90 21270
52.91 21276
52.92 21283
52.93 21289
52.94 21293
52.95 21298
52.96 21305
52.97 21307
52.98 21311
52.99 21315
53.00 21320
53.01 21325
53.02 21329
53.03 21333
53.04 21337
53.05 21341
53.07 21342
53.08 21347
53.09 21352
53.10 21358
53.11 21363
53.12 21370
53.13 21376
53.14 21381
53.15 21385
53.16 21388
53.17 21390
53.18 21397
53.19 21402
53.20 21406
53.21 21414
53.22 21419
53.23 21422
53.25 21427
53.26 21434
53.27 21440
53.28 21442
53.29 21450
53.30 21452
53.31 21454
53.32 21458
53.33 21462
53.34 21465
53.35 21467
53.36 21468
53.37 21473
53.38 21474
53.39 21476
53.40 21477
53.41 21477
53.43 21477
53.44 21478
53.45 21486
53.46 21487
53.47 21490
53.48 21491
53.49 21494
53.50 21494
53.51 21501
53.52 21503
53.53 21504
53.54 21507
53.55 21511
53.56 21515
53.57 21517
53.58 21522
53.59 21525
53.60 21530
53.62 21534
53.63 21537
53.64 21538
53.65 21543
53.66 21546
53.67 21552
53.68 21556
53.69 21561
53.70 21568
53.71 21568
53.72 21572
53.73 21575
53.74 21580
53.75 21582
53.76 21587
53.77 21592
53.78 21598
53.80 21604
53.81 21607
53.82 21610
53.83 21615
53.84 21618
53.85 21625
53.86 21631
53.87 21635
53.88 21637
53.89 21637
53.90 21638
53.91 21640
53.92 21646
53.93 21650
53.94 21653
53.95 21656
53.96 21660
53.98 21662
53.99 21663
54.00 21663
54.01 21664
54.02 21664
54.03 21670
54.04 21670
54.05 21673
54.06 21674
54.07 21678
54.08 21680
54.09 21683
54.10 21687
54.11 21689
54.12 21690
54.13 21695
54.14 21697
54.16 21697
54.17 21699
54.18 21701
54.19 21703
54.20 21703
54.21 21705
54.22 21707
54.23 21708
54.24 21708
54.25 21711
54.26 21711
54.27 21713
54.28 21713
54.29 21715
54.30 21716
54.31 21722
54.32 21722
54.34 21722
54.35 21723
54.36 21724
54.37 21727
54.38 21733
54.39 21734
54.40 21734
54.41 21736
54.42 21740
54.43 21741
54.44 21741
54.45 21742
54.46 21743
54.47 21743
54.48 21743
54.49 21743
54.50 21743
54.51 21743
54.53 21743
54.54 21743
54.55 21743
54.56 21746
54.57 21746
54.58 21746
54.59 21750
54.60 21751
54.61 21751
54.62 21752
54.63 21752
54.64 21752
54.65 21752
54.66 21752
54.67 21752
54.68 21752
54.69 21752
54.71 21752
54.72 21752
54.73 21755
54.74 21755
54.75 21755
54.76 21758
54.77 21759
54.78 21759
54.79 21759
54.80 21759
54.81 21759
54.82 21759
54.83 21759
54.84 21759
54.85 21759
54.86 21759
54.87 21759
54.89 21759
54.90 21761
54.91 21761
54.92 21761
54.93 21766
54.94 21766
54.95 21766
54.96 21766
54.97 21766
54.98 21768
54.99 21768
55.00 21768
55.01 21768
55.02 21768
55.03 21768
55.04 21768
55.05 21770
55.07 21771
55.08 21771
55.09 21771
55.10 21771
55.11 21771
55.12 21773
55.13 21774
55.14 21774
55.15 21774
55.16 21774
55.17 21775
55.18 21775
55.19 21775
55.20 21775
55.21 21775
55.22 21775
55.23 21775
55.25 21775
55.26 21777
55.27 21777
55.28 21777
55.29 21780
55.30 21782
55.31 21782
55.32 21782
55.33 21782
55.34 21785
55.35 21787
55.36 21787
55.37 21788
55.38 21791
55.39 21791
55.40 21791
55.41 21795
55.42 21796
55.44 21796
55.45 21796
55.46 21796
55.47 21796
55.48 21800
55.49 21801
55.50 21802
55.51 21802
55.52 21802
55.53 21806
55.54 21806
55.55 21807
55.56 21807
55.57 21808
55.58 21808
55.59 21810
55.60 21810
55.62 21813
55.63 21814
55.64 21814
55.65 21816
55.66 21817
55.67 21817
55.68 21817
55.69 21817
55.70 21818
55.71 21818
55.72 21818
55.73 21818
55.74 21818
55.75 21818
55.76 21818
55.77 21818
55.78 21821
55.80 21821
55.81 21821
55.82 21824
55.83 21825
55.84 21825
55.85 21826
55.86 21826
55.87 21826
55.88 21826
55.89 21826
55.90 21826
55.91 21826
55.92 21826
55.93 21826
55.94 21826
55.95 21827
55.96 21827
55.98 21827
55.99 21831
56.00 21833
56.01 21833
56.02 21833
56.03 21833
56.04 21837
56.05 21837
56.06 21837
56.07 21837
56.08 21837
56.09 21837
56.10 21844
56.11 21851
56.12 21855
56.13 21860
56.14 21867
56.16 21874
56.17 21874
56.18 21874
56.19 21875
56.20 21875
56.21 21875
56.22 21880
56.23 21881
56.24 21881
56.25 21882
56.26 21882
56.27 21882
56.28 21882
56.29 21882
56.30 21882
56.31 21882
56.32 21882
56.33 21882
56.35 21882
56.36 21885
56.37 21885
56.38 21885
56.39 21888
56.40 21888
56.41 21888
56.42 21891
56.43 21892
56.44 21894
56.45 21894
56.46 21895
56.47 21895
56.48 21895
56.49 21895
56.50 21898
56.51 21898
56.53 21898
56.54 21899
56.55 21900
56.56 21900
56.57 21900
56.58 21903
56.59 21904
56.60 21904
56.61 21905
56.62 21906
56.63 21909
56.64 21909
56.65 21911
56.66 21914
56.67 21916
56.68 21916
56.69 21916
56.71 21918
56.72 21919
56.73 21919
56.74 21919
56.75 21919
56.76 21919
56.77 21919
56.78 21922
56.79 21923
56.80 21923
56.81 21923
56.82 21923
56.83 21927
56.84 21927
56.85 21927
56.86 21928
56.87 21928
56.89 21928
56.90 21928
56.91 21930
56.92 21930
56.93 21931
56.94 21932
56.95 21932
56.96 21932
56.97 21939
56.98 21941
56.99 21941
57.00 21941
57.01 21941
57.02 21943
57.03 21944
57.04 21944
57.05 21945
57.07 21945
57.08 21945
57.09 21945
57.10 21946
57.11 21946
57.12 21946
57.13 21946
57.14 21946
57.15 21946
57.16 21946
57.17 21949
57.18 21949
57.19 21949
57.20 21950
57.21 21950
57.22 21952
57.23 21953
57.24 21953
57.26 21953
57.27 21953
57.28 21953
57.29 21953
57.30 21955
57.31 21955
57.32 21955
57.33 21956
57.34 21956
57.35 21956
57.36 21958
57.37 21959
57.38 21959
57.39 21960
57.40 21960
57.41 21962
57.42 21964
57.44 21964
57.45 21964
57.46 21964
57.47 21964
57.48 21964
57.49 21964
57.50 21964
57.51 21964
57.52 21964
57.53 21964
57.54 21964
57.55 21964
57.56 21969
57.57 21971
57.58 21971
57.59 21974
57.60 21974
57.62 21977
57.63 21978
57.64 21978
57.65 21981
57.66 21984
57.67 21984
57.68 21984
57.69 21988
57.70 21990
57.71 21990
57.72 21991
57.73 21991
57.74 21991
57.75 21996
57.76 21996
57.77 21997
57.78 21997
57.80 21998
57.81 21999
57.82 21999
57.83 21999
57.84 21999
57.85 21999
57.86 21999
57.87 21999
57.88 21999
57.89 22000
57.90 22000
57.91 22000
57.92 22001
57.93 22004
57.94 22005
57.95 22005
57.96 22006
57.98 22006
57.99 22006
58.00 22006
58.01 22006
58.02 22006
58.03 22006
58.04 22006
58.05 22006
58.06 22006
58.07 22009
58.08 22009
58.09 22009
58.10 22013
58.11 22015
58.12 22015
58.13 22015
58.14 22015
58.15 22015
58.17 22015
58.18 22015
58.19 22015
58.20 22015
58.21 22015
58.22 22015
58.23 22015
58.24 22016
58.25 22016
58.26 22016
58.27 22020
58.28 22022
58.29 22023
58.30 22023
58.31 22024
58.32 22024
58.33 22024
58.35 22024
58.36 22024
58.37 22024
58.38 22024
58.39 22024
58.40 22024
58.41 22024
58.42 22026
58.43 22026
58.44 22026
58.45 22029
58.46 22030
58.47 22030
58.48 22033
58.49 22033
58.50 22037
58.51 22037
58.53 22037
58.54 22046
58.55 22046
58.56 22048
58.57 22049
58.58 22054
58.59 22061
58.60 22063
58.61 22063
58.62 22066
58.63 22068
58.64 22068
58.65 22071
58.66 22073
58.67 22073
58.68 22073
58.69 22074
58.71 22074
58.72 22074
58.73 22074
58.74 22074
58.75 22074
58.76 22074
58.77 22074
58.78 22074
58.79 22074
58.80 22074
58.81 22074
58.82 22076
58.83 22080
58.84 22081
58.85 22081
58.86 22081
58.87 22083
58.88 22085
58.90 22085
58.91 22087
58.92 22089
58.93 22092
58.94 22092
58.95 22093
58.96 22093
58.97 22095
58.98 22096
58.99 22096
59.00 22096
59.01 22099
59.02 22100
59.03 22100
59.04 22101
59.05 22101
59.06 22101
59.08 22101
59.09 22101
59.10 22101
59.11 22101
59.12 22101
59.13 22101
59.14 22101
59.15 22104
59.16 22104
59.17 22104
59.18 22107
59.19 22108
59.20 22108
59.21 22108
59.22 22108
59.23 22112
59.24 22112
59.26 22112
59.27 22114
59.28 22114
59.29 22114
59.30 22114
59.31 22114
59.32 22114
59.33 22114
59.34 22114
59.35 22114
59.36 22117
59.37 22119
59.38 22120
59.39 22120
59.40 22122
59.41 22123
59.42 22123
59.44 22123
59.45 22123
59.46 22123
59.47 22123
59.48 22123
59.49 22123
59.50 22123
59.51 22123
59.52 22123
59.53 22123
59.54 22127
59.55 22128
59.56 22128
59.57 22129
59.58 22129
59.59 22129
59.60 22129
59.62 22129
59.63 22129
59.64 22129
59.65 22129
59.66 22129
59.67 22129
59.68 22130
59.69 22130
59.70 22130
59.71 22134
59.72 22134
59.73 22134
59.74 22134
59.75 22135
59.76 22135
59.77 22135
59.78 22135
59.79 22135
59.81 22135
59.82 22135
59.83 22135
59.84 22135
59.85 22136
59.86 22136
59.87 22136
59.88 22136
59.89 22140
59.90 22141
59.91 22141
59.92 22141
59.93 22141
59.94 22141
59.95 22141
59.96 22141
59.97 22141
59.99 22141
60.00 22141
60.01 22141
60.02 22141
60.03 22143
60.04 22143
60.05 22143
60.06 22147
60.07 22147
60.08 22147
60.09 22148
60.10 22148
60.11 22152
60.12 22152
60.13 22152
60.14 22156
60.15 22158
60.17 22158
60.18 22162
60.19 22163
60.20 22163
60.21 22164
60.22 22164
60.23 22164
60.24 22170
60.25 22172
60.26 22173
60.27 22174
60.28 22177
60.29 22178
60.30 22181
60.31 22181
60.32 22185
60.33 22185
60.35 22188
60.36 22188
60.37 22189
60.38 22189
60.39 22190
60.40 22190
60.41 22190
60.42 22190
60.43 22202
60.44 22207
60.45 22208
60.46 22208
60.47 22212
60.48 22212
60.49 22215
60.50 22215
60.51 22215
60.53 22218
60.54 22220
60.55 22220
60.56 22220
60.57 22222
60.58 22222
60.59 22225
60.60 22225
60.61 22225
60.62 22228
60.63 22228
60.64 22229
60.65 22229
60.66 22229
60.67 22232
60.68 22233
60.69 22233
60.70 22238
60.72 22239
60.73 22241
60.74 22241
60.75 22241
60.76 22244
60.77 22244
60.78 22244
60.79 22244
60.80 22244
60.81 22247
60.82 22248
60.83 22248
60.84 22249
60.85 22249
60.86 22250
60.87 22252
60.88 22252
60.90 22252
60.91 22252
60.92 22252
60.93 22252
60.94 22254
60.95 22255
60.96 22255
60.97 22255
60.98 22255
60.99 22255
61.00 22260
61.01 22260
61.02 22261
61.03 22261
61.04 22262
61.05 22262
61.06 22262
61.08 22262
61.09 22262
61.10 22262
61.11 22262
61.12 22263
61.13 22263
61.14 22263
61.15 22263
61.16 22263
61.17 22263
61.18 22267
61.19 22267
61.20 22269
61.21 22272
61.22 22273
61.23 22275
61.24 22275
61.26 22278
61.27 22281
61.28 22283
61.29 22283
61.30 22285
61.31 22285
61.32 22285
61.33 22286
61.34 22286
61.35 22286
61.36 22291
61.37 22292
61.38 22292
61.39 22293
61.40 22294
61.41 22296
61.42 22296
61.44 22298
61.45 22301
61.46 22302
61.47 22302
61.48 22303
61.49 22303
61.50 22304
61.51 22306
61.52 22306
61.53 22306
61.54 22309
61.55 22310
61.56 22310
61.57 22314
61.58 22314
61.59 22316
61.60 22317
61.61 22317
61.63 22320
61.64 22322
61.65 22322
61.66 22322
61.67 22328
61.68 22336
61.69 22342
61.70 22342
61.71 22343
61.72 22346
61.73 22346
61.74 22346
61.75 22350
61.76 22350
61.77 22350
61.78 22351
61.79 22351
61.81 22351
61.82 22351
61.83 22351
61.84 22351
61.85 22351
61.86 22351
61.87 22351
61.88 22351
61.89 22352
61.90 22352
61.91 22352
61.92 22357
61.93 22357
61.94 22358
61.95 22358
61.96 22358
61.97 22358
61.99 22358
62.00 22358
62.01 22358
62.02 22358
62.03 22358
62.04 22358
62.05 22358
62.06 22358
62.07 22359
62.08 22359
62.09 22359
62.10 22362
62.11 22363
62.12 22363
62.13 22363
62.14 22363
62.15 22363
62.17 22363
62.18 22363
62.19 22363
62.20 22363
62.21 22363
62.22 22363
62.23 22363
62.24 22364
62.25 22364
62.26 22364
62.27 22367
62.28 22368
62.29 22368
62.30 22371
62.31 22372
62.32 22376
62.33 22376
62.35 22376
62.36 22379
62.37 22381
62.38 22381
62.39 22381
62.40 22384
62.41 22384
62.42 22384
62.43 22386
62.44 22386
62.45 22386
62.46 22386
62.47 22391
62.48 22391
62.49 22391
62.50 22392
62.51 22392
62.52 22392
62.54 22392
62.55 22392
62.56 22392
62.57 22392
62.58 22392
62.59 22392
62.60 22392
62.61 22392
62.62 22392
62.63 22392
62.64 22395
62.65 22396
62.66 22397
62.67 22397
62.68 22398
62.69 22398
62.70 22398
62.72 22398
62.73 22398
62.74 22398
62.75 22398
62.76 22398
62.77 22398
62.78 22398
62.79 22399
62.80 22399
62.81 22400
62.82 22403
62.83 22403
62.84 22403
62.85 22405
62.86 22405
62.87 22405
62.88 22405
62.90 22408
62.91 22410
62.92 22412
62.93 22412
62.94 22414
62.95 22414
62.96 22414
62.97 22418
62.98 22418
62.99 22418
63.00 22419
63.01 22420
63.02 22420
63.03 22420
63.04 22420
63.05 22424
63.06 22424
63.08 22425
63.09 22425
63.10 22425
63.11 22425
63.12 22426
63.13 22427
63.14 22428
63.15 22428
63.16 22429
63.17 22430
63.18 22431
63.19 22431
63.20 22431
63.21 22431
63.22 22433
63.23 22433
63.24 22434
63.26 22434
63.27 22434
63.28 22434
63.29 22434
63.30 22434
63.31 22435
63.32 22435
63.33 22435
63.34 22435
63.35 22435
63.36 22435
63.37 22436
63.38 22436
63.39 22436
63.40 22436
63.41 22437
63.42 22439
63.43 22439
63.45 22439
63.46 22439
63.47 22439
63.48 22439
63.49 22439
63.50 22439
63.51 22439
63.52 22439
63.53 22439
63.54 22439
63.55 22439
63.56 22442
63.57 22443
63.58 22444
63.59 22444
63.60 22445
63.61 22447
63.63 22449
63.64 22449
63.65 22454
63.66 22457
63.67 22457
63.68 22463
63.69 22470
63.70 22477
63.71 22481
63.72 22481
63.73 22482
63.74 22482
63.75 22482
63.76 22482
63.77 22485
63.78 22486
63.79 22486
63.81 22486
63.82 22487
63.83 22490
63.84 22490
63.85 22491
63.86 22493
63.87 22494
63.88 22494
63.89 22495
63.90 22498
63.91 22498
63.92 22499
63.93 22499
63.94 22499
63.95 22503
63.96 22503
63.97 22503
63.99 22503
64.00 22503
64.01 22505
64.02 22506
64.03 22506
64.04 22506
64.05 22506
64.06 22506
64.07 22507
64.08 22507
64.09 22507
64.10 22507
64.11 22511
64.12 22511
64.13 22511
64.14 22512
64.15 22513
64.17 22513
64.18 22517
64.19 22517
64.20 22521
64.21 22521
64.22 22522
64.23 22525
64.24 22528
64.25 22528
64.26 22528
64.27 22534
64.28 22542
64.29 22551
64.30 22554
64.31 22554
64.32 22562
64.33 22567
64.34 22570
64.36 22571
64.37 22575
64.38 22578
64.39 22581
64.40 22587
64.41 22590
64.42 22593
64.43 22599
64.44 22603
64.45 22609
64.46 22617
64.47 22623
64.48 22628
64.49 22633
64.50 22634
64.51 22639
64.52 22646
64.54 22653
64.55 22655
64.56 22658
64.57 22660
64.58 22661
64.59 22662
64.60 22663
64.61 22665
64.62 22668
64.63 22671
64.64 22672
64.65 22674
64.66 22674
64.67 22675
64.68 22677
64.69 22678
64.70 22680
64.72 22681
64.73 22681
64.74 22686
64.75 22688
64.76 22692
64.77 22697
64.78 22703
64.79 22708
64.80 22710
64.81 22715
64.82 22718
64.83 22722
64.84 22726
64.85 22729
64.86 22732
64.87 22739
64.88 22744
64.90 22748
64.91 22753
64.92 22760
64.93 22766
64.94 22770
64.95 22773
64.96 22780
64.97 22782
64.98 22789
64.99 22791
65.00 22796
65.01 22801
65.02 22806
65.03 22814
65.04 22819
65.05 22824
65.06 22830
65.08 22833
65.09 22837
65.10 22842
65.11 22845
65.12 22849
65.13 22853
65.14 22856
65.15 22858
65.16 22863
65.17 22865
65.18 22870
65.19 22876
65.20 22881
65.21 22887
65.22 22893
65.23 22898
65.24 22904
65.25 22910
65.27 22913
65.28 22918
65.29 22922
65.30 22928
65.31 22935
65.32 22941
65.33 22946
65.34 22950
65.35 22955
65.36 22959
65.37 22963
65.38 22965
65.39 22971
65.40 22971
65.41 22972
65.42 22972
65.43 22972
65.45 22975
65.46 22976
65.47 22978
65.48 22980
65.49 22980
65.50 22981
65.51 22981
65.52 22988
65.53 22990
65.54 22991
65.55 22993
65.56 22994
65.57 22994
65.58 22996
65.59 22996
65.60 22996
65.61 22997
65.63 22999
65.64 22999
65.65 22999
65.66 23001
65.67 23002
65.68 23006
65.69 23011
65.70 23020
65.71 23027
65.72 23032
65.73 23036
65.74 23039
65.75 23043
65.76 23050
65.77 23055
65.78 23061
65.79 23067
65.81 23070
65.82 23076
65.83 23080
65.84 23083
65.85 23086
65.86 23088
65.87 23089
65.88 23091
65.89 23092
65.90 23095
65.91 23098
65.92 23101
65.93 23105
65.94 23112
65.95 23114
65.96 23117
65.97 23121
65.99 23123
66.00 23129
66.01 23135
66.02 23139
66.03 23147
66.04 23155
66.05 23161
66.06 23165
66.07 23165
66.08 23166
66.09 23166
66.10 23170
66.11 23175
66.12 23182
66.13 23186
66.14 23188
66.15 23195
66.16 23200
66.18 23205
66.19 23211
66.20 23216
66.21 23221
66.22 23227
66.23 23227
66.24 23231
66.25 23235
66.26 23238
66.27 23240
66.28 23242
66.29 23249
66.30 23253
66.31 23257
66.32 23263
66.33 23266
66.34 23268
66.36 23269
66.37 23270
66.38 23277
66.39 23281
66.40 23285
66.41 23288
66.42 23292
66.43 23297
66.44 23301
66.45 23305
66.46 23308
66.47 23309
66.48 23315
66.49 23323
66.50 23330
66.51 23335
66.52 23341
66.54 23345
66.55 23352
66.56 23360
66.57 23364
66.58 23367
66.59 23374
66.60 23378
66.61 23382
66.62 23384
66.63 23393
66.64 23395
66.65 23398
66.66 23403
66.67 23405
66.68 23407
66.69 23410
66.70 23414
66.72 23417
66.73 23426
66.74 23433
66.75 23437
66.76 23444
66.77 23452
66.78 23456
66.79 23461
66.80 23465
66.81 23472
66.82 23478
66.83 23484
66.84 23489
66.85 23497
66.86 23504
66.87 23508
66.88 23513
66.90 23519
66.91 23523
66.92 23527
66.93 23532
66.94 23534
66.95 23539
66.96 23544
66.97 23548
66.98 23554
66.99 23557
67.00 23559
67.01 23562
67.02 23568
67.03 23572
67.04 23576
67.05 23578
67.06 23581
67.07 23586
67.09 23589
67.10 23591
67.11 23598
67.12 23603
67.13 23605
67.14 23607
67.15 23613
67.16 23616
67.17 23620
67.18 23625
67.19 23632
67.20 23638
67.21 23643
67.22 23645
67.23 23653
67.24 23661
67.25 23666
67.27 23672
67.28 23676
67.29 23679
67.30 23682
67.31 23685
67.32 23689
67.33 23692
67.34 23694
67.35 23697
67.36 23702
67.37 23705
67.38 23707
67.39 23711
67.40 23717
67.41 23720
67.42 23722
67.43 23726
67.45 23733
67.46 23738
67.47 23740
67.48 23747
67.49 23752
67.50 23754
67.51 23757
67.52 23758
67.53 23763
67.54 23770
67.55 23776
67.56 23778
67.57 23786
67.58 23788
67.59 23791
67.60 23796
67.61 23798
67.63 23801
67.64 23808
67.65 23816
67.66 23822
67.67 23825
67.68 23828
67.69 23835
67.70 23839
67.71 23846
67.72 23851
67.73 23856
67.74 23860
67.75 23862
67.76 23866
67.77 23867
67.78 23870
67.79 23871
67.81 23875
67.82 23879
67.83 23885
67.84 23891
67.85 23895
67.86 23899
67.87 23902
67.88 23903
67.89 23910
67.90 23915
67.91 23918
67.92 23925
67.93 23929
67.94 23935
67.95 23940
67.96 23942
67.97 23944
67.98 23949
68.00 23955
68.01 23959
68.02 23962
68.03 23967
68.04 23973
68.05 23979
68.06 23988
68.07 23992
68.08 23999
68.09 24005
68.10 24008
68.11 24015
68.12 24020
68.13 24024
68.14 24030
68.15 24033
68.16 24035
68.18 24038
68.19 24042
68.20 24045
68.21 24047
68.22 24053
68.23 24057
68.24 24059
68.25 24063
68.26 24067
68.27 24072
68.28 24075
68.29 24080
68.30 24082
68.31 24082
68.32 24088
68.33 24093
68.34 24095
68.36 24096
68.37 24099
68.38 24102
68.39 24110
68.40 24116
68.41 24123
68.42 24128
68.43 24135
68.44 24137
68.45 24139
68.46 24145
68.47 24151
68.48 24155
68.49 24158
68.50 24162
68.51 24166
68.52 24169
68.54 24173
68.55 24176
68.56 24179
68.57 24183
68.58 24189
68.59 24192
68.60 24199
68.61 24203
68.62 24207
68.63 24211
68.64 24214
68.65 24221
68.66 24227
68.67 24232
68.68 24235
68.69 24240
68.70 24242
68.72 24243
68.73 24248
68.74 24252
68.75 24256
68.76 24260
68.77 24265
68.78 24274
68.79 24278
68.80 24282
68.81 24287
68.82 24293
68.83 24296
68.84 24298
68.85 24303
68.86 24309
68.87 24313
68.88 24316
68.89 24318
68.91 24318
68.92 24322
68.93 24324
68.94 24325
68.95 24334
68.96 24338
68.97 24341
68.98 24346
68.99 24352
69.00 24356
69.01 24362
69.02 24364
69.03 24367
69.04 24369
69.05 24369
69.06 24370
69.07 24370
69.09 24371
69.10 24372
69.11 24372
69.12 24373
69.13 24374
69.14 24375
69.15 24376
69.16 24377
69.17 24378
69.18 24379
69.19 24379
69.20 24380
69.21 24380
69.22 24383
69.23 24385
69.24 24389
69.25 24391
69.27 24392
69.28 24395
69.29 24398
69.30 24401
69.31 24402
69.32 24403
69.33 24405
69.34 24407
69.35 24408
69.36 24408
69.37 24408
69.38 24411
69.39 24412
69.40 24412
69.41 24412
69.42 24413
69.43 24413
69.45 24413
69.46 24414
69.47 24414
69.48 24414
69.49 24414
69.50 24414
69.51 24414
69.52 24415
69.53 24415
69.54 24415
69.55 24418
69.56 24419
69.57 24419
69.58 24420
69.59 24420
69.60 24421
69.61 24422
69.63 24422
69.64 24422
69.65 24422
69.66 24422
69.67 24422
69.68 24424
69.69 24424
69.70 24424
69.71 24424
69.72 24424
69.73 24424
69.74 24427
69.75 24428
69.76 24428
69.77 24429
69.78 24429
69.79 24430
69.80 24430
69.82 24430
69.83 24431
69.84 24431
69.85 24431
69.86 24431
69.87 24431
69.88 24431
69.89 24432
69.90 24432
69.91 24432
69.92 24432
69.93 24436
69.94 24441
69.95 24442
69.96 24442
69.97 24442
69.98 24442
70.00 24444
70.01 24444
70.02 24444
70.03 24444
70.04 24444
70.05 24444
70.06 24444
70.07 24448
70.08 24448
70.09 24448
70.10 24448
70.11 24448
70.12 24448
70.13 24454
70.14 24454
70.15 24454
70.16 24454
70.18 24454
70.19 24456
70.20 24457
70.21 24457
70.22 24458
70.23 24458
70.24 24458
70.25 24460
70.26 24460
70.27 24460
70.28 24462
70.29 24463
70.30 24463
70.31 24467
70.32 24469
70.33 24469
70.34 24469
70.36 24469
70.37 24469
70.38 24469
70.39 24469
70.40 24470
70.41 24470
70.42 24470
70.43 24470
70.44 24470
70.45 24471
70.46 24472
70.47 24472
70.48 24475
70.49 24476
70.50 24476
70.51 24476
70.52 24476
70.54 24478
70.55 24480
70.56 24480
70.57 24485
70.58 24486
70.59 24487
70.60 24487
70.61 24488
70.62 24489
70.63 24489
70.64 24489
70.65 24491
70.66 24492
70.67 24492
70.68 24495
70.69 24495
70.70 24498
70.71 24498
70.73 24499
70.74 24505
70.75 24505
70.76 24508
70.77 24508
70.78 24513
70.79 24513
70.80 24517
70.81 24520
70.82 24523
70.83 24533
70.84 24541
70.85 24545
70.86 24551
70.87 24554
70.88 24556
70.89 24558
70.91 24560
70.92 24562
70.93 24566
70.94 24567
70.95 24568
70.96 24571
70.97 24572
70.98 24577
70.99 24580
71.00 24583
71.01 24589
71.02 24597
71.03 24604
71.04 24608
71.05 24609
71.06 24612
71.07 24615
71.09 24617
71.10 24620
71.11 24623
71.12 24625
71.13 24628
71.14 24632
71.15 24632
71.16 24634
71.17 24638
71.18 24641
71.19 24642
71.20 24646
71.21 24652
71.22 24656
71.23 24659
71.24 24663
71.25 24667
71.27 24669
71.28 24674
71.29 24680
71.30 24681
71.31 24683
71.32 24686
71.33 24689
71.34 24692
71.35 24697
71.36 24701
71.37 24703
71.38 24709
71.39 24710
71.40 24713
71.41 24716
71.42 24718
71.43 24719
71.45 24721
71.46 24724
71.47 24730
71.48 24731
71.49 24733
71.50 24736
71.51 24740
71.52 24742
71.53 24743
71.54 24746
71.55 24748
71.56 24751
71.57 24755
71.58 24757
71.59 24760
71.60 24770
71.61 24774
71.62 24777
71.64 24783
71.65 24785
71.66 24788
71.67 24791
71.68 24793
71.69 24799
71.70 24800
71.71 24803
71.72 24807
71.73 24813
71.74 24818
71.75 24820
71.76 24824
71.77 24824
71.78 24829
71.79 24833
71.80 24837
71.82 24839
71.83 24846
71.84 24853
71.85 24857
71.86 24864
71.87 24868
71.88 24870
71.89 24872
71.90 24873
71.91 24881
71.92 24884
71.93 24889
71.94 24892
71.95 24896
71.96 24904
71.97 24912
71.98 24914
72.00 24917
72.01 24920
72.02 24926
72.03 24928
72.04 24928
72.05 24930
72.06 24933
72.07 24933
72.08 24935
72.09 24938
72.10 24941
72.11 24941
72.12 24942
72.13 24943
72.14 24950
72.15 24950
72.16 24953
72.18 24955
72.19 24963
72.20 24964
72.21 24964
72.22 24965
72.23 24968
72.24 24974
72.25 24978
72.26 24979
72.27 24982
72.28 24984
72.29 24985
72.30 24988
72.31 24990
72.32 24992
72.33 24994
72.34 24997
72.36 25002
72.37 25006
72.38 25010
72.39 25013
72.40 25019
72.41 25022
72.42 25024
72.43 25027
72.44 25031
72.45 25034
72.46 25040
72.47 25043
72.48 25051
72.49 25055
72.50 25060
72.51 25064
72.52 25071
72.53 25076
72.55 25081
72.56 25084
72.57 25088
72.58 25091
72.59 25095
72.60 25099
72.61 25103
72.62 25109
72.63 25113
72.64 25116
72.65 25117
72.66 25120
72.67 25120
72.68 25123
72.69 25126
72.70 25128
72.71 25129
72.73 25132
72.74 25139
72.75 25147
72.76 25153
72.77 25159
72.78 25162
72.79 25168
72.80 25169
72.81 25172
72.82 25176
72.83 25178
72.84 25181
72.85 25185
72.86 25187
72.87 25192
72.88 25196
72.89 25200
72.91 25205
72.92 25207
72.93 25208
72.94 25212
72.95 25215
72.96 25218
72.97 25222
72.98 25224
72.99 25228
73.00 25230
73.01 25231
73.02 25237
73.03 25240
73.04 25246
73.05 25248
73.06 25252
73.07 25255
73.09 25256
73.10 25257
73.11 25261
73.12 25264
73.13 25270
73.14 25274
73.15 25278
73.16 25284
73.17 25287
73.18 25290
73.19 25293
73.20 25299
73.21 25303
73.22 25307
73.23 25312
73.24 25319
73.25 25322
73.26 25327
73.28 25332
73.29 25339
73.30 25346
73.31 25353
73.32 25360
73.33 25367
73.34 25370
73.35 25373
73.36 25375
73.37 25375
73.38 25379
73.39 25382
73.40 25387
73.41 25389
73.42 25390
73.43 25394
73.44 25397
73.46 25399
73.47 25400
73.48 25404
73.49 25409
73.50 25410
73.51 25415
73.52 25419
73.53 25424
73.54 25427
73.55 25429
73.56 25435
73.57 25438
73.58 25441
73.59 25450
73.60 25455
73.61 25459
73.62 25467
73.64 25474
73.65 25478
73.66 25481
73.67 25485
73.68 25490
73.69 25494
73.70 25495
73.71 25500
73.72 25505
73.73 25509
73.74 25512
73.75 25516
73.76 25524
73.77 25527
73.78 25530
73.79 25535
73.80 25542
73.82 25547
73.83 25551
73.84 25554
73.85 25559
73.86 25563
73.87 25566
73.88 25567
73.89 25570
73.90 25574
73.91 25578
73.92 25582
73.93 25589
73.94 25591
73.95 25596
73.96 25599
73.97 25604
73.98 25607
74.00 25611
74.01 25612
74.02 25617
74.03 25620
74.04 25623
74.05 25626
74.06 25630
74.07 25635
74.08 25639
74.09 25641
74.10 25645
74.11 25648
74.12 25654
74.13 25659
74.14 25664
74.15 25669
74.16 25674
74.17 25677
74.19 25680
74.20 25684
74.21 25688
74.22 25692
74.23 25698
74.24 25704
74.25 25707
74.26 25710
74.27 25713
74.28 25717
74.29 25721
74.30 25727
74.31 25731
74.32 25735
74.33 25742
74.34 25747
74.35 25753
74.37 25757
74.38 25764
74.39 25766
74.40 25771
74.41 25775
74.42 25779
74.43 25787
74.44 25791
74.45 25796
74.46 25798
74.47 25802
74.48 25805
74.49 25812
74.50 25816
74.51 25819
74.52 25822
74.53 25825
74.55 25826
74.56 25826
74.57 25836
74.58 25840
74.59 25840
74.60 25842
74.61 25847
74.62 25849
74.63 25853
74.64 25854
74.65 25855
74.66 25861
74.67 25865
74.68 25866
74.69 25870
74.70 25875
74.71 25879
74.73 25881
74.74 25886
74.75 25892
74.76 25898
74.77 25901
74.78 25903
74.79 25906
74.80 25909
74.81 25912
74.82 25918
74.83 25923
74.84 25926
74.85 25929
74.86 25931
74.87 25938
74.88 25945
74.89 25952
74.91 25958
74.92 25964
74.93 25967
74.94 25973
74.95 25974
74.96 25978
74.97 25983
74.98 25989
74.99 25993
75.00 25999
75.01 26004
75.02 26008
75.03 26011
75.04 26013
75.05 26015
75.06 26020
75.07 26023
75.08 26026
75.10 26031
75.11 26035
75.12 26040
75.13 26044
75.14 26048
75.15 26051
75.16 26056
75.17 26061
75.18 26065
75.19 26071
75.20 26073
75.21 26077
75.22 26083
75.23 26087
75.24 26089
75.25 26092
75.26 26098
75.28 26100
75.29 26105
75.30 26108
75.31 26115
75.32 26118
75.33 26121
75.34 26127
75.35 26131
75.36 26133
75.37 26138
75.38 26141
75.39 26145
75.40 26150
75.41 26153
75.42 26156
75.43 26159
75.44 26163
75.46 26168
75.47 26171
75.48 26174
75.49 26180
75.50 26181
75.51 26187
75.52 26192
75.53 26195
75.54 26198
75.55 26202
75.56 26205
75.57 26210
75.58 26216
75.59 26218
75.60 26221
75.61 26224
75.62 26225
75.64 26229
75.65 26231
75.66 26232
75.67 26235
75.68 26240
75.69 26245
75.70 26250
75.71 26252
75.72 26256
75.73 26258
75.74 26261
75.75 26266
75.76 26267
75.77 26271
75.78 26275
75.79 26276
75.80 26279
75.82 26282
75.83 26283
75.84 26283
75.85 26283
75.86 26287
75.87 26287
75.88 26287
75.89 26289
75.90 26289
75.91 26290
75.92 26290
75.93 26294
75.94 26294
75.95 26295
75.96 26296
75.97 26298
75.98 26298
75.99 26298
76.01 26301
76.02 26301
76.03 26301
76.04 26301
76.05 26304
76.06 26304
76.07 26304
76.08 26306
76.09 26306
76.10 26307
76.11 26307
76.12 26310
76.13 26310
76.14 26311
76.15 26311
76.16 26313
76.17 26313
76.19 26314
76.20 26315
76.21 26317
76.22 26317
76.23 26317
76.24 26320
76.25 26321
76.26 26321
76.27 26321
76.28 26324
76.29 26324
76.30 26324
76.31 26324
76.32 26326
76.33 26326
76.34 26326
76.35 26327
76.37 26330
76.38 26330
76.39 26330
76.40 26331
76.41 26333
76.42 26333
76.43 26333
76.44 26336
76.45 26336
76.46 26336
76.47 26336
76.48 26338
76.49 26338
76.50 26338
76.51 26338
76.52 26341
76.53 26341
76.55 26341
76.56 26343
76.57 26344
76.58 26347
76.59 26350
76.60 26350
76.61 26352
76.62 26358
76.63 26361
76.64 26365
76.65 26369
76.66 26373
76.67 26379
76.68 26382
76.69 26386
76.70 26391
76.71 26396
76.73 26402
76.74 26409
76.75 26412
76.76 26417
76.77 26422
76.78 26426
76.79 26429
76.80 26433
76.81 26436
76.82 26440
76.83 26445
76.84 26450
76.85 26454
76.86 26462
76.87 26465
76.88 26467
76.89 26469
76.90 26473
76.92 26478
76.93 26482
76.94 26490
76.95 26498
76.96 26501
76.97 26505
76.98 26510
76.99 26511
77.00 26513
77.01 26515
77.02 26515
77.03 26518
77.04 26520
77.05 26521
77.06 26521
77.07 26526
77.08 26527
77.10 26528
77.11 26531
77.12 26535
77.13 26538
77.14 26540
77.15 26544
77.16 26546
77.17 26548
77.18 26550
77.19 26554
77.20 26558
77.21 26562
77.22 26567
77.23 26569
77.24 26570
77.25 26571
77.26 26573
77.28 26579
77.29 26583
77.30 26586
77.31 26590
77.32 26591
77.33 26594
77.34 26598
77.35 26602
77.36 26604
77.37 26605
77.38 26607
77.39 26608
77.40 26610
77.41 26610
77.42 26613
77.43 26613
77.44 26616
77.46 26616
77.47 26617
77.48 26617
77.49 26619
77.50 26620
77.51 26620
77.52 26623
77.53 26625
77.54 26627
77.55 26629
77.56 26633
77.57 26636
77.58 26642
77.59 26643
77.60 26645
77.61 26648
77.62 26651
77.64 26659
77.65 26664
77.66 26667
77.67 26670
77.68 26671
77.69 26674
77.70 26676
77.71 26678
77.72 26683
77.73 26686
77.74 26689
77.75 26690
77.76 26693
77.77 26697
77.78 26700
77.79 26700
77.80 26705
77.81 26708
77.83 26709
77.84 26710
77.85 26710
77.86 26713
77.87 26717
77.88 26722
77.89 26725
77.90 26728
77.91 26732
77.92 26733
77.93 26736
77.94 26739
77.95 26742
77.96 26745
77.97 26748
77.98 26749
77.99 26753
78.01 26756
78.02 26757
78.03 26760
78.04 26762
78.05 26764
78.06 26768
78.07 26771
78.08 26773
78.09 26774
78.10 26778
78.11 26779
78.12 26784
78.13 26785
78.14 26785
78.15 26791
78.16 26794
78.17 26798
78.19 26800
78.20 26801
78.21 26804
78.22 26804
78.23 26806
78.24 26806
78.25 26808
78.26 26810
78.27 26812
78.28 26816
78.29 26817
78.30 26818
78.31 26819
78.32 26821
78.33 26827
78.34 26831
78.35 26835
78.37 26840
78.38 26846
78.39 26848
78.40 26853
78.41 26859
78.42 26862
78.43 26864
78.44 26866
78.45 26870
78.46 26871
78.47 26875
78.48 26880
78.49 26882
78.50 26889
78.51 26892
78.52 26896
78.53 26903
78.55 26907
78.56 26912
78.57 26916
78.58 26921
78.59 26924
78.60 26930
78.61 26933
78.62 26941
78.63 26944
78.64 26948
78.65 26956
78.66 26961
78.67 26966
78.68 26968
78.69 26978
78.70 26985
78.71 26987
78.72 26991
78.74 26994
78.75 26998
78.76 27000
78.77 27004
78.78 27008
78.79 27014
78.80 27018
78.81 27022
78.82 27024
78.83 27027
78.84 27029
78.85 27029
78.86 27036
78.87 27039
78.88 27043
78.89 27046
78.90 27050
78.92 27054
78.93 27062
78.94 27066
78.95 27072
78.96 27074
78.97 27078
78.98 27083
78.99 27086
79.00 27091
79.01 27092
79.02 27094
79.03 27097
79.04 27099
79.05 27101
79.06 27104
79.07 27107
79.08 27112
79.10 27114
79.11 27117
79.12 27121
79.13 27123
79.14 27124
79.15 27127
79.16 27129
79.17 27134
79.18 27137
79.19 27143
79.20 27146
79.21 27148
79.22 27150
79.23 27155
79.24 27162
79.25 27165
79.26 27167
79.28 27173
79.29 27182
79.30 27187
79.31 27190
79.32 27191
79.33 27199
79.34 27202
79.35 27208
79.36 27211
79.37 27215
79.38 27222
79.39 27225
79.40 27231
79.41 27236
79.42 27239
79.43 27244
79.44 27250
79.46 27257
79.47 27260
79.48 27266
79.49 27271
79.50 27273
79.51 27280
79.52 27282
79.53 27284
79.54 27288
79.55 27292
79.56 27295
79.57 27298
79.58 27300
79.59 27301
79.60 27302
79.61 27305
79.62 27306
79.63 27306
79.65 27307
79.66 27308
79.67 27315
79.68 27316
79.69 27316
79.70 27318
79.71 27319
79.72 27321
79.73 27322
79.74 27326
79.75 27331
79.76 27332
79.77 27332
79.78 27333
79.79 27334
79.80 27335
79.81 27337
79.83 27339
79.84 27341
79.85 27343
79.86 27344
79.87 27347
79.88 27348
79.89 27350
79.90 27353
79.91 27360
79.92 27362
79.93 27362
79.94 27363
79.95 27366
79.96 27366
79.97 27366
79.98 27367
79.99 27368
80.01 27372
80.02 27372
80.03 27374
80.04 27376
80.05 27380
80.06 27382
80.07 27382
80.08 27383
80.09 27383
80.10 27384
80.11 27384
80.12 27386
80.13 27386
80.14 27386
80.15 27387
80.16 27387
80.17 27387
80.19 27388
80.20 27390
80.21 27393
80.22 27395
80.23 27396
80.24 27399
80.25 27400
80.26 27400
80.27 27401
80.28 27401
80.29 27404
80.30 27408
80.31 27409
80.32 27409
80.33 27412
80.34 27412
80.35 27413
80.37 27413
80.38 27414
80.39 27414
80.40 27414
80.41 27414
80.42 27415
80.43 27415
80.44 27415
80.45 27415
80.46 27415
80.47 27416
80.48 27417
80.49 27417
80.50 27419
80.51 27420
80.52 27420
80.53 27423
80.54 27423
80.56 27425
80.57 27426
80.58 27426
80.59 27431
80.60 27432
80.61 27433
80.62 27434
80.63 27435
80.64 27440
80.65 27442
80.66 27444
80.67 27446
80.68 27448
80.69 27453
80.70 27456
80.71 27458
80.72 27465
80.74 27472
80.75 27475
80.76 27483
80.77 27488
80.78 27493
80.79 27500
80.80 27504
80.81 27510
80.82 27516
80.83 27520
80.84 27524
80.85 27529
80.86 27535
80.87 27539
80.88 27542
80.89 27546
80.90 27550
80.92 27553
80.93 27556
80.94 27560
80.95 27566
80.96 27571
80.97 27575
80.98 27579
80.99 27583
81.00 27586
81.01 27589
81.02 27593
81.03 27596
81.04 27598
81.05 27602
81.06 27604
81.07 27609
81.08 27615
81.10 27617
81.11 27621
81.12 27624
81.13 27627
81.14 27631
81.15 27637
81.16 27645
81.17 27651
81.18 27656
81.19 27663
81.20 27668
81.21 27676
81.22 27682
81.23 27687
81.24 27690
81.25 27697
81.26 27705
81.28 27709
81.29 27717
81.30 27722
81.31 27726
81.32 27729
81.33 27733
81.34 27739
81.35 27742
81.36 27746
81.37 27753
81.38 27757
81.39 27760
81.40 27764
81.41 27768
81.42 27774
81.43 27782
81.44 27785
81.45 27790
81.47 27792
81.48 27796
81.49 27799
81.50 27801
81.51 27806
81.52 27810
81.53 27813
81.54 27818
81.55 27826
81.56 27830
81.57 27832
81.58 27836
81.59 27844
81.60 27848
81.61 27852
81.62 27857
81.63 27862
81.65 27867
81.66 27871
81.67 27877
81.68 27880
81.69 27887
81.70 27893
81.71 27899
81.72 27904
81.73 27909
81.74 27914
81.75 27921
81.76 27925
81.77 27931
81.78 27934
81.79 27941
81.80 27945
81.81 27948
81.83 27951
81.84 27953
81.85 27959
81.86 27966
81.87 27970
81.88 27975
81.89 27978
81.90 27983
81.91 27987
81.92 27995
81.93 28000
81.94 28005
81.95 28009
81.96 28016
81.97 28022
81.98 28024
81.99 28029
82.01 28032
82.02 28037
82.03 28040
82.04 28047
82.05 28051
82.06 28058
82.07 28063
82.08 28069
82.09 28074
82.10 28079
82.11 28083
82.12 28089
82.13 28094
82.14 28100
82.15 28104
82.16 28107
82.17 28113
82.19 28119
82.20 28125
82.21 28128
82.22 28133
82.23 28138
82.24 28143
82.25 28150
82.26 28153
82.27 28157
82.28 28162
82.29 28168
82.30 28172
82.31 28175
82.32 28179
82.33 28182
82.34 28187
82.35 28192
82.36 28195
82.38 28197
82.39 28202
82.40 28209
82.41 28214
82.42 28219
82.43 28222
82.44 28229
82.45 28234
82.46 28238
82.47 28244
82.48 28248
82.49 28252
82.50 28257
82.51 28261
82.52 28265
82.53 28270
82.54 28274
82.56 28279
82.57 28286
82.58 28289
82.59 28293
82.60 28297
82.61 28301
82.62 28304
82.63 28309
82.64 28313
82.65 28314
82.66 28318
82.67 28324
82.68 28329
82.69 28332
82.70 28334
82.71 28334
82.72 28336
82.74 28338
82.75 28345
82.76 28350
82.77 28354
82.78 28360
82.79 28366
82.80 28368
82.81 28372
82.82 28376
82.83 28377
82.84 28383
82.85 28389
82.86 28393
82.87 28398
82.88 28404
82.89 28407
82.90 28414
82.92 28420
82.93 28426
82.94 28430
82.95 28433
82.96 28438
82.97 28445
82.98 28449
82.99 28455
83.00 28459
83.01 28462
83.02 28468
83.03 28477
83.04 28482
83.05 28487
83.06 28493
83.07 28496
83.08 28502
83.10 28507
83.11 28511
83.12 28516
83.13 28521
83.14 28527
83.15 28530
83.16 28537
83.17 28542
83.18 28546
83.19 28550
83.20 28556
83.21 28560
83.22 28565
83.23 28568
83.24 28575
83.25 28580
83.26 28582
83.27 28589
83.29 28592
83.30 28593
83.31 28600
83.32 28603
83.33 28609
83.34 28614
83.35 28619
83.36 28626
83.37 28631
83.38 28639
83.39 28644
83.40 28650
83.41 28655
83.42 28660
83.43 28664
83.44 28670
83.45 28672
83.47 28677
83.48 28682
83.49 28687
83.50 28692
83.51 28696
83.52 28699
83.53 28705
83.54 28708
83.55 28711
83.56 28715
83.57 28720
83.58 28726
83.59 28729
83.60 28732
83.61 28736
83.62 28738
83.63 28744
83.65 28749
83.66 28753
83.67 28758
83.68 28763
83.69 28769
83.70 28775
83.71 28777
83.72 28784
83.73 28790
83.74 28794
83.75 28800
83.76 28806
83.77 28810
83.78 28811
83.79 28816
83.80 28821
83.81 28824
83.83 28828
83.84 28831
83.85 28834
83.86 28840
83.87 28842
83.88 28847
83.89 28850
83.90 28854
83.91 28856
83.92 28860
83.93 28864
83.94 28869
83.95 28876
83.96 28881
83.97 28886
83.98 28892
83.99 28897
84.01 28904
84.02 28908
84.03 28912
84.04 28916
84.05 28921
84.06 28925
84.07 28930
84.08 28934
84.09 28937
84.10 28943
84.11 28948
84.12 28951
84.13 28954
84.14 28959
84.15 28964
84.16 28967
84.17 28970
84.18 28975
84.20 28978
84.21 28983
84.22 28989
84.23 28993
84.24 29001
84.25 29007
84.26 29014
84.27 29019
84.28 29025
84.29 29029
84.30 29033
84.31 29039
84.32 29044
84.33 29048
84.34 29054
84.35 29057
84.36 29062
84.38 29066
84.39 29072
84.40 29076
84.41 29080
84.42 29085
84.43 29089
84.44 29094
84.45 29098
84.46 29103
84.47 29106
84.48 29113
84.49 29116
84.50 29120
84.51 29125
84.52 29132
84.53 29137
84.54 29143
84.56 29148
84.57 29155
84.58 29159
84.59 29165
84.60 29169
84.61 29172
84.62 29174
84.63 29179
84.64 29184
84.65 29188
84.66 29193
84.67 29199
84.68 29202
84.69 29207
84.70 29210
84.71 29216
84.72 29218
84.74 29221
84.75 29229
84.76 29236
84.77 29242
84.78 29246
84.79 29249
84.80 29255
84.81 29260
84.82 29267
84.83 29271
84.84 29277
84.85 29282
84.86 29284
84.87 29288
84.88 29293
84.89 29296
84.90 29299
84.92 29307
84.93 29311
84.94 29316
84.95 29323
84.96 29329
84.97 29334
84.98 29336
84.99 29341
85.00 29342
85.01 29344
85.02 29349
85.03 29353
85.04 29355
85.05 29362
85.06 29369
85.07 29374
85.08 29378
85.09 29382
85.11 29387
85.12 29393
85.13 29397
85.14 29399
85.15 29405
85.16 29409
85.17 29414
85.18 29418
85.19 29422
85.20 29428
85.21 29433
85.22 29436
85.23 29438
85.24 29440
85.25 29443
85.26 29448
85.27 29455
85.29 29459
85.30 29464
85.31 29470
85.32 29475
85.33 29480
85.34 29484
85.35 29489
85.36 29493
85.37 29499
85.38 29506
85.39 29511
85.40 29515
85.41 29518
85.42 29524
85.43 29530
85.44 29534
85.45 29540
85.47 29546
85.48 29551
85.49 29556
85.50 29562
85.51 29567
85.52 29575
85.53 29577
85.54 29584
85.55 29589
85.56 29594
85.57 29598
85.58 29602
85.59 29606
85.60 29608
85.61 29613
85.62 29614
85.63 29619
85.65 29621
85.66 29624
85.67 29630
85.68 29636
85.69 29641
85.70 29647
85.71 29652
85.72 29661
85.73 29665
85.74 29669
85.75 29676
85.76 29680
85.77 29683
85.78 29689
85.79 29693
85.80 29698
85.81 29702
85.83 29706
85.84 29710
85.85 29716
85.86 29719
85.87 29722
85.88 29728
85.89 29733
85.90 29736
85.91 29741
85.92 29744
85.93 29747
85.94 29753
85.95 29757
85.96 29761
85.97 29766
85.98 29769
85.99 29772
86.00 29775
86.02 29778
86.03 29785
86.04 29792
86.05 29797
86.06 29803
86.07 29807
86.08 29811
86.09 29816
86.10 29820
86.11 29822
86.12 29827
86.13 29834
86.14 29838
86.15 29842
86.16 29847
86.17 29853
86.18 29858
86.20 29862
86.21 29867
86.22 29872
86.23 29876
86.24 29879
86.25 29882
86.26 29889
86.27 29894
86.28 29900
86.29 29905
86.30 29909
86.31 29914
86.32 29919
86.33 29922
86.34 29929
86.35 29936
86.36 29943
86.38 29949
86.39 29953
86.40 29957
86.41 29960
86.42 29966
86.43 29970
86.44 29977
86.45 29983
86.46 29988
86.47 29993
86.48 29997
86.49 30002
86.50 30006
86.51 30009
86.52 30013
86.53 30019
86.54 30020
86.56 30027
86.57 30032
86.58 30036
86.59 30043
86.60 30047
86.61 30054
86.62 30061
86.63 30064
86.64 30067
86.65 30072
86.66 30077
86.67 30080
86.68 30088
86.69 30092
86.70 30097
86.71 30101
86.72 30105
86.74 30112
86.75 30115
86.76 30121
86.77 30126
86.78 30133
86.79 30138
86.80 30144
86.81 30150
86.82 30153
86.83 30157
86.84 30163
86.85 30165
86.86 30172
86.87 30174
86.88 30178
86.89 30179
86.90 30182
86.91 30184
86.93 30189
86.94 30194
86.95 30200
86.96 30202
86.97 30205
86.98 30208
86.99 30211
87.00 30216
87.01 30220
87.02 30223
87.03 30226
87.04 30228
87.05 30234
87.06 30241
87.07 30243
87.08 30245
87.09 30246
87.11 30248
87.12 30254
87.13 30260
87.14 30267
87.15 30272
87.16 30279
87.17 30282
87.18 30286
87.19 30293
87.20 30298
87.21 30305
87.22 30312
87.23 30315
87.24 30320
87.25 30325
87.26 30326
87.27 30329
87.29 30336
87.30 30338
87.31 30342
87.32 30344
87.33 30346
87.34 30352
87.35 30356
87.36 30359
87.37 30363
87.38 30368
87.39 30374
87.40 30376
87.41 30379
87.42 30382
87.43 30388
87.44 30393
87.45 30399
87.47 30402
87.48 30408
87.49 30412
87.50 30414
87.51 30418
87.52 30423
87.53 30426
87.54 30429
87.55 30429
87.56 30434
87.57 30438
87.58 30440
87.59 30443
87.60 30448
87.61 30452
87.62 30455
87.63 30457
87.64 30462
87.66 30466
87.67 30466
87.68 30470
87.69 30473
87.70 30478
87.71 30479
87.72 30480
87.73 30482
87.74 30487
87.75 30488
87.76 30492
87.77 30495
87.78 30500
87.79 30505
87.80 30506
87.81 30511
87.82 30513
87.84 30515
87.85 30517
87.86 30521
87.87 30525
87.88 30529
87.89 30529
87.90 30531
87.91 30537
87.92 30543
87.93 30546
87.94 30547
87.95 30547
87.96 30554
87.97 30560
87.98 30565
87.99 30568
88.00 30572
88.02 30577
88.03 30582
88.04 30582
88.05 30584
88.06 30586
88.07 30590
88.08 30591
88.09 30592
88.10 30592
88.11 30593
88.12 30596
88.13 30598
88.14 30599
88.15 30603
88.16 30609
88.17 30614
88.18 30620
88.20 30622
88.21 30627
88.22 30632
88.23 30636
88.24 30637
88.25 30640
88.26 30641
88.27 30644
88.28 30649
88.29 30654
88.30 30658
88.31 30661
88.32 30668
88.33 30669
88.34 30672
88.35 30677
88.36 30679
88.38 30681
88.39 30686
88.40 30691
88.41 30694
88.42 30698
88.43 30700
88.44 30704
88.45 30707
88.46 30711
88.47 30713
88.48 30717
88.49 30723
88.50 30728
88.51 30736
88.52 30740
88.53 30744
88.54 30749
88.55 30755
88.57 30762
88.58 30768
88.59 30772
88.60 30777
88.61 30780
88.62 30785
88.63 30791
88.64 30795
88.65 30798
88.66 30803
88.67 30807
88.68 30809
88.69 30815
88.70 30819
88.71 30826
88.72 30833
88.73 30837
88.75 30843
88.76 30844
88.77 30852
88.78 30859
88.79 30863
88.80 30864
88.81 30869
88.82 30873
88.83 30878
88.84 30884
88.85 30889
88.86 30895
88.87 30901
88.88 30906
88.89 30910
88.90 30914
88.91 30918
88.93 30923
88.94 30928
88.95 30931
88.96 30934
88.97 30940
88.98 30942
88.99 30946
89.00 30952
89.01 30956
89.02 30961
89.03 30966
89.04 30969
89.05 30973
89.06 30978
89.07 30982
89.08 30985
89.09 30992
89.11 31000
89.12 31007
89.13 31013
89.14 31019
89.15 31024
89.16 31025
89.17 31028
89.18 31033
89.19 31039
89.20 31040
89.21 31044
89.22 31048
89.23 31053
89.24 31056
89.25 31057
89.26 31060
89.27 31063
89.29 31068
89.30 31072
89.31 31079
89.32 31082
89.33 31085
89.34 31086
89.35 31092
89.36 31094
89.37 31095
89.38 31097
89.39 31099
89.40 31100
89.41 31102
89.42 31106
89.43 31108
89.44 31110
89.45 31111
89.46 31112
89.48 31117
89.49 31120
89.50 31123
89.51 31125
89.52 31127
89.53 31129
89.54 31131
89.55 31133
89.56 31135
89.57 31135
89.58 31139
89.59 31142
89.60 31143
89.61 31148
89.62 31149
89.63 31149
89.64 31151
89.66 31152
89.67 31154
89.68 31155
89.69 31156
89.70 31157
89.71 31157
89.72 31160
89.73 31164
89.74 31164
89.75 31164
89.76 31167
89.77 31167
89.78 31167
89.79 31168
89.80 31168
89.81 31169
89.82 31169
89.84 31169
89.85 31169
89.86 31169
89.87 31169
89.88 31169
89.89 31169
89.90 31170
89.91 31170
89.92 31170
89.93 31175
89.94 31175
89.95 31175
89.96 31178
89.97 31178
89.98 31180
89.99 31181
90.00 31181
90.02 31183
90.03 31185
90.04 31185
90.05 31185
90.06 31187
90.07 31192
90.08 31194
90.09 31196
90.10 31196
90.11 31197
90.12 31197
90.13 31198
90.14 31199
90.15 31200
90.16 31204
90.17 31208
90.18 31212
90.20 31220
90.21 31225
90.22 31230
90.23 31232
90.24 31234
90.25 31236
90.26 31239
90.27 31241
90.28 31244
90.29 31246
90.30 31248
90.31 31253
90.32 31257
90.33 31257
90.34 31259
90.35 31259
90.36 31263
90.37 31266
90.39 31268
90.40 31269
90.41 31271
90.42 31276
90.43 31279
90.44 31283
90.45 31285
90.46 31285
90.47 31286
90.48 31286
90.49 31288
90.50 31291
90.51 31297
90.52 31301
90.53 31305
90.54 31311
90.55 31313
90.57 31315
90.58 31316
90.59 31318
90.60 31321
90.61 31322
90.62 31328
90.63 31334
90.64 31335
90.65 31340
90.66 31348
90.67 31356
90.68 31362
90.69 31369
90.70 31373
90.71 31378
90.72 31382
90.73 31389
90.75 31392
90.76 31395
90.77 31400
90.78 31404
90.79 31407
90.80 31410
90.81 31413
90.82 31418
90.83 31424
90.84 31427
90.85 31432
90.86 31435
90.87 31437
90.88 31441
90.89 31447
90.90 31452
90.91 31456
90.93 31459
90.94 31463
90.95 31466
90.96 31468
90.97 31471
90.98 31476
90.99 31479
91.00 31480
91.01 31484
91.02 31489
91.03 31495
91.04 31504
91.05 31509
91.06 31514
91.07 31521
91.08 31524
91.09 31529
91.11 31535
91.12 31539
91.13 31543
91.14 31548
91.15 31553
91.16 31561
91.17 31564
91.18 31570
91.19 31574
91.20 31576
91.21 31579
91.22 31584
91.23 31591
91.24 31596
91.25 31601
91.26 31606
91.27 31610
91.28 31616
91.30 31620
91.31 31625
91.32 31627
91.33 31628
91.34 31632
91.35 31637
91.36 31644
91.37 31650
91.38 31656
91.39 31662
91.40 31668
91.41 31675
91.42 31680
91.43 31685
91.44 31688
91.45 31692
91.46 31696
91.48 31703
91.49 31707
91.50 31713
91.51 31716
91.52 31720
91.53 31724
91.54 31727
91.55 31729
91.56 31734
91.57 31737
91.58 31743
91.59 31747
91.60 31752
91.61 31757
91.62 31760
91.63 31763
91.64 31766
91.66 31772
91.67 31778
91.68 31782
91.69 31786
91.70 31791
91.71 31795
91.72 31800
91.73 31806
91.74 31811
91.75 31815
91.76 31818
91.77 31824
91.78 31829
91.79 31834
91.80 31840
91.81 31841
91.82 31846
91.84 31852
91.85 31858
91.86 31862
91.87 31865
91.88 31868
91.89 31870
91.90 31873
91.91 31877
91.92 31879
91.93 31883
91.94 31887
91.95 31895
91.96 31900
91.97 31906
91.98 31913
91.99 31919
92.00 31925
92.02 31929
92.03 31934
92.04 31939
92.05 31945
92.06 31950
92.07 31952
92.08 31958
92.09 31964
92.10 31968
92.11 31973
92.12 31977
92.13 31983
92.14 31990
92.15 31996
92.16 32001
92.17 32005
92.18 32007
92.19 32009
92.21 32011
92.22 32013
92.23 32015
92.24 32021
92.25 32027
92.26 32033
92.27 32038
92.28 32039
92.29 32044
92.30 32048
92.31 32049
92.32 32052
92.33 32058
92.34 32063
92.35 32069
92.36 32071
92.37 32073
92.39 32076
92.40 32080
92.41 32084
92.42 32090
92.43 32093
92.44 32099
92.45 32104
92.46 32110
92.47 32114
92.48 32121
92.49 32128
92.50 32132
92.51 32136
92.52 32141
92.53 32147
92.54 32149
92.55 32155
92.57 32156
92.58 32161
92.59 32169
92.60 32172
92.61 32179
92.62 32183
92.63 32188
92.64 32192
92.65 32196
92.66 32201
92.67 32205
92.68 32210
92.69 32215
92.70 32220
92.71 32229
92.72 32234
92.73 32240
92.75 32245
92.76 32249
92.77 32255
92.78 32259
92.79 32265
92.80 32267
92.81 32273
92.82 32274
92.83 32280
92.84 32283
92.85 32289
92.86 32294
92.87 32298
92.88 32301
92.89 32304
92.90 32308
92.91 32312
92.93 32319
92.94 32322
92.95 32328
92.96 32331
92.97 32331
92.98 32334
92.99 32340
93.00 32345
93.01 32350
93.02 32354
93.03 32357
93.04 32365
93.05 32368
93.06 32376
93.07 32382
93.08 32386
93.09 32389
93.10 32392
93.12 32395
93.13 32400
93.14 32406
93.15 32410
93.16 32412
93.17 32415
93.18 32420
93.19 32424
93.20 32430
93.21 32433
93.22 32437
93.23 32442
93.24 32446
93.25 32451
93.26 32456
93.27 32459
93.28 32464
93.30 32468
93.31 32473
93.32 32479
93.33 32484
93.34 32488
93.35 32493
93.36 32498
93.37 32502
93.38 32507
93.39 32512
93.40 32516
93.41 32519
93.42 32522
93.43 32528
93.44 32532
93.45 32535
93.46 32540
93.48 32544
93.49 32549
93.50 32556
93.51 32563
93.52 32566
93.53 32570
93.54 32572
93.55 32573
93.56 32577
93.57 32580
93.58 32581
93.59 32586
93.60 32589
93.61 32597
93.62 32603
93.63 32605
93.64 32609
93.66 32611
93.67 32617
93.68 32620
93.69 32622
93.70 32624
93.71 32627
93.72 32631
93.73 32638
93.74 32643
93.75 32646
93.76 32649
93.77 32653
93.78 32657
93.79 32664
93.80 32669
93.81 32676
93.82 32683
93.84 32688
93.85 32693
93.86 32698
93.87 32705
93.88 32709
93.89 32714
93.90 32723
93.91 32730
93.92 32736
93.93 32741
93.94 32747
93.95 32754
93.96 32759
93.97 32766
93.98 32772
93.99 32778
94.00 32784
94.01 32788
94.03 32792
94.04 32798
94.05 32801
94.06 32803
94.07 32806
94.08 32808
94.09 32812
94.10 32815
94.11 32819
94.12 32821
94.13 32823
94.14 32826
94.15 32834
94.16 32837
94.17 32841
94.18 32848
94.19 32853
94.21 32860
94.22 32865
94.23 32867
94.24 32872
94.25 32877
94.26 32879
94.27 32884
94.28 32889
94.29 32894
94.30 32899
94.31 32905
94.32 32910
94.33 32914
94.34 32919
94.35 32925
94.36 32930
94.37 32937
94.39 32942
94.40 32949
94.41 32953
94.42 32958
94.43 32961
94.44 32964
94.45 32968
94.46 32972
94.47 32974
94.48 32977
94.49 32980
94.50 32984
94.51 32989
94.52 32991
94.53 32995
94.54 33002
94.55 33006
94.57 33011
94.58 33014
94.59 33018
94.60 33020
94.61 33023
94.62 33025
94.63 33029
94.64 33032
94.65 33036
94.66 33040
94.67 33043
94.68 33049
94.69 33051
94.70 33058
94.71 33063
94.72 33070
94.73 33074
94.75 33077
94.76 33083
94.77 33087
94.78 33091
94.79 33098
94.80 33103
94.81 33109
94.82 33116
94.83 33121
94.84 33125
94.85 33127
94.86 33133
94.87 33136
94.88 33140
94.89 33144
94.90 33147
94.91 33150
94.92 33156
94.94 33158
94.95 33159
94.96 33163
94.97 33168
94.98 33172
94.99 33177
95.00 33180
95.01 33185
95.02 33192
95.03 33197
95.04 33204
95.05 33208
95.06 33213
95.07 33218
95.08 33226
95.09 33231
95.10 33236
95.12 33240
95.13 33244
95.14 33248
95.15 33252
95.16 33258
95.17 33263
95.18 33264
95.19 33267
95.20 33269
95.21 33271
95.22 33273
95.23 33273
95.24 33278
95.25 33282
95.26 33283
95.27 33288
95.28 33289
95.30 33293
95.31 33296
95.32 33298
95.33 33300
95.34 33301
95.35 33302
95.36 33303
95.37 33304
95.38 33306
95.39 33307
95.40 33307
95.41 33309
95.42 33311
95.43 33313
95.44 33317
95.45 33317
95.46 33319
95.48 33320
95.49 33321
95.50 33324
95.51 33332
95.52 33334
95.53 33339
95.54 33341
95.55 33347
95.56 33350
95.57 33354
95.58 33356
95.59 33358
95.60 33365
95.61 33368
95.62 33371
95.63 33375
95.64 33379
95.66 33386
95.67 33390
95.68 33394
95.69 33399
95.70 33404
95.71 33405
95.72 33408
95.73 33409
95.74 33410
95.75 33414
95.76 33420
95.77 33424
95.78 33429
95.79 33435
95.80 33439
95.81 33442
95.82 33446
95.83 33451
95.85 33457
95.86 33460
95.87 33464
95.88 33468
95.89 33473
95.90 33479
95.91 33486
95.92 33490
95.93 33494
95.94 33499
95.95 33502
95.96 33504
95.97 33509
95.98 33514
95.99 33520
96.00 33523
96.01 33530
96.03 33535
96.04 33540
96.05 33545
96.06 33550
96.07 33554
96.08 33560
96.09 33566
96.10 33571
96.11 33577
96.12 33581
96.13 33584
96.14 33592
96.15 33595
96.16 33600
96.17 33601
96.18 33609
96.19 33614
96.21 33619
96.22 33623
96.23 33629
96.24 33632
96.25 33635
96.26 33640
96.27 33646
96.28 33653
96.29 33657
96.30 33661
96.31 33667
96.32 33673
96.33 33678
96.34 33685
96.35 33688
96.36 33693
96.37 33698
96.39 33702
96.40 33708
96.41 33713
96.42 33717
96.43 33720
96.44 33725
96.45 33728
96.46 33731
96.47 33735
96.48 33741
96.49 33743
96.50 33748
96.51 33752
96.52 33754
96.53 33758
96.54 33761
96.55 33766
96.57 33771
96.58 33774
96.59 33780
96.60 33783
96.61 33787
96.62 33792
96.63 33795
96.64 33801
96.65 33804
96.66 33808
96.67 33815
96.68 33819
96.69 33821
96.70 33828
96.71 33832
96.72 33839
96.73 33845
96.74 33850
96.76 33856
96.77 33862
96.78 33867
96.79 33872
96.80 33879
96.81 33886
96.82 33890
96.83 33894
96.84 33898
96.85 33900
96.86 33906
96.87 33912
96.88 33915
96.89 33919
96.90 33924
96.91 33928
96.92 33933
96.94 33937
96.95 33943
96.96 33950
96.97 33952
96.98 33956
96.99 33961
97.00 33966
97.01 33970
97.02 33976
97.03 33981
97.04 33984
97.05 33986
97.06 33990
97.07 33992
97.08 33997
97.09 34003
97.10 34008
97.12 34013
97.13 34019
97.14 34024
97.15 34026
97.16 34031
97.17 34037
97.18 34041
97.19 34047
97.20 34052
97.21 34057
97.22 34062
97.23 34066
97.24 34072
97.25 34075
97.26 34078
97.27 34083
97.28 34088
97.30 34093
97.31 34095
97.32 34100
97.33 34106
97.34 34113
97.35 34117
97.36 34122
97.37 34125
97.38 34128
97.39 34132
97.40 34139
97.41 34144
97.42 34147
97.43 34154
97.44 34161
97.45 34168
97.46 34171
97.48 34176
97.49 34178
97.50 34181
97.51 34185
97.52 34189
97.53 34195
97.54 34198
97.55 34202
97.56 34211
97.57 34216
97.58 34220
97.59 34223
97.60 34228
97.61 34230
97.62 34237
97.63 34243
97.64 34247
97.65 34251
97.67 34258
97.68 34264
97.69 34269
97.70 34273
97.71 34278
97.72 34283
97.73 34287
97.74 34293
97.75 34296
97.76 34301
97.77 34306
97.78 34308
97.79 34313
97.80 34319
97.81 34325
97.82 34331
97.83 34336
97.85 34344
97.86 34349
97.87 34353
97.88 34359
97.89 34363
97.90 34368
97.91 34371
97.92 34375
97.93 34383
97.94 34388
97.95 34394
97.96 34397
97.97 34403
97.98 34407
97.99 34411
98.00 34413
98.01 34414
98.03 34414
98.04 34421
98.05 34425
98.06 34430
98.07 34436
98.08 34440
98.09 34448
98.10 34454
98.11 34460
98.12 34466
98.13 34472
98.14 34478
98.15 34482
98.16 34489
98.17 34493
98.18 34498
98.19 34503
98.21 34509
98.22 34515
98.23 34520
98.24 34525
98.25 34528
98.26 34529
98.27 34532
98.28 34536
98.29 34539
98.30 34543
98.31 34547
98.32 34551
98.33 34555
98.34 34559
98.35 34564
98.36 34567
98.37 34571
98.39 34576
98.40 34583
98.41 34589
98.42 34592
98.43 34593
98.44 34593
98.45 34601
98.46 34603
98.47 34609
98.48 34612
98.49 34618
98.50 34621
98.51 34628
98.52 34635
98.53 34640
98.54 34645
98.55 34649
98.56 34659
98.58 34663
98.59 34666
98.60 34669
98.61 34672
98.62 34676
98.63 34680
98.64 34687
98.65 34692
98.66 34697
98.67 34699
98.68 34700
98.69 34702
98.70 34709
98.71 34712
98.72 34717
98.73 34720
98.74 34724
98.76 34729
98.77 34730
98.78 34731
98.79 34735
98.80 34741
98.81 34745
98.82 34751
98.83 34754
98.84 34760
98.85 34766
98.86 34771
98.87 34776
98.88 34781
98.89 34786
98.90 34788
98.91 34790
98.92 34794
98.94 34797
98.95 34799
98.96 34805
98.97 34810
98.98 34816
98.99 34822
99.00 34826
99.01 34829
99.02 34833
99.03 34838
99.04 34844
99.05 34847
99.06 34854
99.07 34860
99.08 34864
99.09 34871
99.10 34878
99.12 34881
99.13 34883
99.14 34886
99.15 34890
99.16 34892
99.17 34894
99.18 34901
99.19 34905
99.20 34910
99.21 34914
99.22 34920
99.23 34926
99.24 34929
99.25 34936
99.26 34937
99.27 34941
99.28 34945
99.30 34949
99.31 34953
99.32 34959
99.33 34961
99.34 34966
99.35 34970
99.36 34972
99.37 34975
99.38 34979
99.39 34986
99.40 34992
99.41 34998
99.42 35003
99.43 35008
99.44 35011
99.45 35014
99.46 35018
99.47 35019
99.49 35021
99.50 35025
99.51 35031
99.52 35036
99.53 35038
99.54 35041
99.55 35049
99.56 35052
99.57 35058
99.58 35065
99.59 35069
99.60 35074
99.61 35079
99.62 35082
99.63 35086
99.64 35089
99.65 35095
99.67 35100
99.68 35104
99.69 35110
99.70 35116
99.71 35121
99.72 35126
99.73 35131
99.74 35135
99.75 35139
99.76 35145
99.77 35152
99.78 35155
99.79 35160
99.80 35165
99.81 35170
99.82 35175
99.83 35179
99.85 35184
99.86 35188
99.87 35192
99.88 35200
99.89 35202
99.90 35205
99.91 35210
99.92 35214
99.93 35218
99.94 35224
99.95 35229
99.96 35235
99.97 35241
99.98 35248
99.99 35254
