pack_id,pair,row_id,source_file,source_tier,draft_origin,upstream_score,upstream_flags,source_len,target_len,length_ratio,naturalness,row_quality,exact_count,loose_count,source_count,frame_count,has_digit,has_time,has_year,has_date_word,has_semicolon,has_placeholder,punctuation_mismatch,copied_source,cluster_penalty,template_penalty,length_penalty,punctuation_penalty,lineage_penalty,prune_score,source,target_pos
06,en-es,f90fb3b88a30e59ad08aa68686bfb142d48ebe91d97cfb6f10d535cd1bb4d940,projects/distillation/translation/training_data/gold_shards/gold_quality_4x640.shard_01_gold_core_a.jsonl,1000,,,,63,93,1.4762,92.0,1080.0,4,4,11,11,0,0,0,0,0,0,0,0,63.0,0.0,4.2714,0.0,0.0,67.2714,Doctors recommend short walking breaks to lower sedentary risk.,Los médicos recomiendan pausas cortas para caminar para disminuir el riesgo del sedentarismo.
06,en-es,f4cb8baf2c9e7e3dc0c0545fb57f2abde7d197a73d6f7b1bc050e0be7ed0d999,projects/distillation/translation/training_data/gold_shards/gold_quality_4x640.shard_01_gold_core_a.jsonl,1000,,,,58,73,1.2586,95.8934,1083.8934,4,4,11,11,0,0,0,0,0,0,0,0,63.0,0.0,1.0267,0.0,0.0,64.0267,"At midnight, the station clocks sounded louder than usual.","Al anochecer, los relojes de la estación sonaron más fuerte de lo normal."
06,en-es,c86746225dbad0d42e62a374f4c3760acae7e8a636935506b5f19a24aaf020a7,projects/distillation/translation/training_data/gold_shards/gold_quality_4x640.shard_02_gold_core_b.jsonl,1000,,,,54,63,1.1667,97.418,1085.418,4,4,11,11,0,0,0,0,0,0,0,0,63.0,0.0,0.6455,0.0,0.0,63.6455,"At first light, the market woke in a hush of shutters.","Al primera luz, el mercado despertó en un susurro de persianas."
06,en-es,ba150b7c077470659a3c205722ccfb2a2ee431b5e1a3cb48425b88ca152bd3fc,projects/distillation/translation/training_data/gold_shards/gold_quality_4x640.shard_01_gold_core_a.jsonl,1000,,,,57,64,1.1228,98.5246,1086.5246,4,4,11,11,0,0,0,0,0,0,0,0,63.0,0.0,0.3688,0.0,0.0,63.3688,Let the paint cure for a day before mounting the shelves.,Deja que la pintura cure un día antes de montar las estanterías.
06,es-en,a1dd68bbd93992afb7423906eae8321d87c927a0774f17e5dfa4c85280d35c93,projects/distillation/translation/training_data/gold_shards/gold_quality_4x640.shard_02_gold_core_b.jsonl,1000,,,,69,60,1.15,98.9286,1086.9286,4,4,11,11,0,0,0,0,0,0,0,0,63.0,0.0,0.2678,0.0,0.0,63.2678,"Si la cola de impresión no avanza, reinicia el servicio de impresión.","If the print queue will not move, restart the print service."
06,es-en,061da75a6ba99c5279b58009ce24cc968145dec7ffca14772b4012e6bea2d942,projects/distillation/translation/training_data/gold_shards/gold_quality_4x640.shard_01_gold_core_a.jsonl,1000,,,,91,80,1.1375,100.0,1088.0,4,4,11,11,0,0,0,0,0,0,0,0,63.0,0.0,0.0,0.0,0.0,63.0,Los alumnos de último curso están muy concentrados estudiando para sus exámenes de ingreso.,The final year students are very concentrated studying for their entrance exams.
06,es-en,19c794484cf82f842771576ba6fd0956c2238df990d118a4443f689d0cdea478,projects/distillation/translation/training_data/gold_shards/gold_quality_4x640.shard_01_gold_core_a.jsonl,1000,,,,93,96,1.0323,100.0,1088.0,4,4,11,11,0,0,0,0,0,0,0,0,63.0,0.0,0.0,0.0,0.0,63.0,He decidido empezar a practicar yoga para mejorar mi flexibilidad y mi estado físico general.,I have decided to start practicing yoga to improve my flexibility and my general physical state.
06,en-es,1eb47c69259a11bc17002424005d26e8373bb24a3f9e369e6e04e80cc1030d33,projects/distillation/translation/training_data/gold_shards/gold_quality_4x640.shard_01_gold_core_a.jsonl,1000,,,,70,76,1.0857,100.0,1088.0,4,4,11,11,0,0,0,0,0,0,0,0,63.0,0.0,0.0,0.0,0.0,63.0,We are committed to building a diverse and inclusive work environment.,Estamos comprometidos a construir un entorno de trabajo diverso e inclusivo.
06,es-en,256d1e745a68e85eb426dcc2fb228b6560be6a642788b133564c6584e6d7850c,projects/distillation/translation/training_data/gold_shards/gold_quality_4x640.shard_01_gold_core_a.jsonl,1000,,,,88,102,1.1591,100.0,1088.0,4,4,11,11,0,0,0,0,0,0,0,0,63.0,0.0,0.0,0.0,0.0,63.0,Este monumento nacional recibe la visita de miles de turistas de todo el mundo cada año.,This national monument receives the visit of thousands of tourists from all over the world every year.
06,es-en,5ded3e6283900430e002868140c53023d195b0fe744793aff1d4295c7a43e69a,projects/distillation/translation/training_data/gold_shards/gold_quality_4x640.shard_02_gold_core_b.jsonl,1000,,,,90,75,1.2,100.0,1088.0,4,4,11,11,0,0,0,0,0,0,0,0,63.0,0.0,0.0,0.0,0.0,63.0,El consejo municipal aprobó un plan de sombra para parques para barrios con olas de calor.,The city council approved a shade plan for neighborhoods facing heat waves.
06,es-en,e0f68e4648be9887751681b596579e36731553eccc353b109f4caf18037ccf36,projects/distillation/translation/training_data/gold_shards/gold_quality_4x640.shard_01_gold_core_a.jsonl,1000,,,,89,91,1.0225,100.0,1088.0,4,4,11,11,0,0,0,0,0,0,0,0,63.0,0.0,0.0,0.0,0.0,63.0,¿Sería posible que me explicara con más detalle en qué consiste esta oferta de servicios?,Would it be possible for you to explain in more detail what this service offer consists of?
06,en-es,bf023613071ac367a39e967c2095f6127634094b336349f3e500e771750c5fea,projects/distillation/translation/training_data/gold_shards/gold_quality_4x640.shard_01_gold_core_a.jsonl,1000,,,,48,58,1.2083,90.4192,1078.4192,4,4,10,10,0,0,0,0,0,0,0,0,58.5,0.0,2.3952,0.0,0.0,60.8952,"At the storm's edge, a single window stayed lit.","Al borde de la tormenta, una sola ventana quedó encendida."
06,en-es,4cd2caded9340627fbe2682182013cedd66a5e24bb40132946e2cf1e49d078ea,projects/distillation/translation/training_data/gold_shards/gold_quality_4x640.shard_02_gold_core_b.jsonl,1000,,,,59,74,1.2542,96.2623,1084.2623,4,4,10,10,0,0,0,0,0,0,0,0,58.5,0.0,0.9344,0.0,0.0,59.4344,"At late evening, the harbor cranes stood like quiet giants.","Al noche cerrada, las grúas del puerto quedaron como gigantes silenciosos."
06,en-es,30d948d7354677491dbad9e26fcd7b42b93954c163e3b2a577695e6986951129,projects/distillation/translation/training_data/gold_shards/gold_quality_4x640.shard_01_gold_core_a.jsonl,1000,,,,70,86,1.2286,97.0,1085.0,4,4,10,10,0,0,0,0,0,0,0,0,58.5,0.0,0.75,0.0,0.0,59.25,The forest fire was finally contained after three days of fighting it.,El incendio forestal fue finalmente contenido después de tres días de lucha contra él.
06,es-en,1036c02802179be5e1faf35707e4bfd551073bbc3bd92b2f931f05949e631e0d,projects/distillation/translation/training_data/gold_shards/gold_quality_4x640.shard_01_gold_core_a.jsonl,1000,,,,95,80,1.1875,100.0,1088.0,4,4,10,10,0,0,0,0,0,0,0,0,58.5,0.0,0.0,0.0,0.0,58.5,"La tasa de inflación ha bajado ligeramente, lo que da un respiro a la economía de las familias.","The inflation rate has dropped slightly, giving a breather to families' economy."
06,en-es,12d7051b0d71cd7d9a91cb528ff99690bfe33a5269fa6b5216e2c846415ce1ca,projects/distillation/translation/training_data/gold_shards/gold_quality_4x640.shard_02_gold_core_b.jsonl,1000,,,,63,76,1.2063,97.0,1085.0,1,4,11,11,0,0,0,0,0,0,0,0,57.0,0.0,0.75,0.0,0.0,57.75,The librarian curated a shelf of first novels by local writers.,La bibliotecaria curó una estantería de primeras novelas de autores locales.
06,es-en,1c1db84474462b8440454e842768392de43d94654a0db143054dc9db40a1bf75,projects/distillation/translation/training_data/gold_shards/gold_quality_4x640.shard_02_gold_core_b.jsonl,1000,,,,82,74,1.1081,100.0,1088.0,1,4,11,11,0,0,0,0,0,0,0,0,57.0,0.0,0.0,0.0,0.0,57.0,El mercado prevé ingresos moderados en consumo mientras la demanda sigue desigual.,The market expects moderate consumer revenues while demand remains uneven.
06,es-en,7f86192cf0fefd950169eafd79a92a898715512f654c0cd8de99bef09ba5100c,projects/distillation/translation/training_data/gold_shards/gold_quality_4x640.shard_01_gold_core_a.jsonl,1000,,,,90,83,1.0843,100.0,1088.0,1,4,11,11,0,0,0,0,0,0,0,0,57.0,0.0,0.0,0.0,0.0,57.0,No dejes de visitar el mercado de abastos si quieres comprar productos frescos de la zona.,Don't miss visiting the local food market if you want to try authentic street food.
06,es-en,2004f673a1950cee39595c829883aaee600f038ba186814363e86159c9a90e83,,0,,,,83,79,1.0506,0.0,0.0,1,1,1,1,0,0,0,0,0,0,0,0,0.0,0.0,25.0,0.0,29.4,54.4,El albañil niveló cada hilera de ladrillos con cuidado antes de aplicar el mortero.,The bricklayer leveled each row of bricks carefully before applying the mortar.
06,es-en,3c7307ae8af8ec75980ce08c84448986854fce1a88d0bad45812bca91e0ac2de,,0,,,,70,59,1.1864,0.0,0.0,1,1,1,1,0,0,0,0,0,0,0,0,0.0,0.0,25.0,0.0,29.4,54.4,"Si aparece un error de conexión, espera un minuto y vuelve a intentar.","If a connection error appears, wait a minute and try again."
06,es-en,6f1e4c4a6ac6eb5dec3c94327124795a2cea06dd95202580eb817bb7f9b5e1c0,,0,,,,78,83,1.0641,0.0,0.0,1,1,1,1,0,0,0,0,0,0,0,0,0.0,0.0,25.0,0.0,29.4,54.4,La enfermera comprobó la tensión del paciente y anotó los valores en su ficha.,The nurse checked the patient's blood pressure and wrote the readings on his chart.
06,es-en,d2499e774fcd13e5d1611179564d6b4a1127518f47c8253c756189560cec0135,,0,,,,90,77,1.1688,0.0,0.0,1,1,1,1,0,0,0,0,0,0,0,0,0.0,0.0,25.0,0.0,29.4,54.4,El conductor del autobús esperó a que la señora mayor subiera antes de cerrar las puertas.,The bus driver waited for the elderly lady to board before closing the doors.
06,es-en,f0b9dc81ea1fac68d97adf3a665faf3584e6a6febb7a9ba0194763ef372a6989,,0,,,,74,70,1.0571,0.0,0.0,1,1,1,1,0,0,0,0,0,0,0,0,0.0,0.0,25.0,0.0,29.4,54.4,"Si el sistema marca un error de autenticación, renueva el token de acceso.","If the system shows an authentication error, refresh the access token."
06,en-es,1e4c7a4d5ee15032c340eadc5c1813144b28082ab916f8a65858dc9b609808ec,projects/distillation/translation/training_data/gold_shards/gold_quality_4x640.shard_01_gold_core_a.jsonl,1000,,,,82,101,1.2317,97.0,1086.5,4,4,8,8,0,0,0,0,0,0,0,0,49.5,0.0,0.75,0.0,0.0,50.25,The city council announced a temporary rent relief program for low-income tenants.,El ayuntamiento anunció un programa temporal de alivio de alquiler para inquilinos de bajos ingresos.
06,es-en,1cc7d74418333e1a56b7f07a6fd2355a0d9c5e3d45e43d6aea42e4309fa3aaf3,projects/distillation/translation/training_data/gold_shards/gold_quality_4x640.shard_02_gold_core_b.jsonl,1000,,,,96,85,1.1294,100.0,1089.5,4,4,8,8,0,0,0,0,0,0,0,0,49.5,0.0,0.0,0.0,0.0,49.5,El parlamento está tramitando una ley para fomentar el uso de vehículos eléctricos en la ciudad.,Parliament is processing a law to encourage the use of electric vehicles in the city.
06,en-es,c25a247d47d9eceec3e93e389b73dad87cef367cc8662389e50aace00215b6eb,projects/distillation/translation/training_data/gold_shards/gold_quality_4x640.shard_02_gold_core_b.jsonl,1000,,,,92,119,1.2935,86.6843,1077.6843,4,4,7,7,0,0,0,0,0,0,0,0,45.0,0.0,3.3289,0.0,0.0,48.3289,Equity crowdfunding allows startups to raise capital from a large number of small investors.,El crowdfunding de equidad permite a las empresas emergentes recaudar capital de un gran número de pequeños inversores.
06,en-es,bb9a2c29040aed448ffbd7295e70a1fc6452d93bcee63c6c233deaee54f6890a,projects/distillation/translation/training_data/gold_shards/gold_quality_4x640.shard_02_gold_core_b.jsonl,1000,,,,50,64,1.28,92.5855,1080.5855,1,1,11,11,0,0,0,0,0,0,0,0,45.0,0.0,1.8536,0.0,0.0,46.8536,"At moonrise, the rooftops looked washed in silver.","A la salida de la luna, los tejados parecieron lavados en plata."
06,en-es,543321c1266f7caaedce20a7ab3948e564ef550c1b0bf8a176f361767e6e3aee,projects/distillation/translation/training_data/gold_shards/gold_quality_4x640.shard_01_gold_core_a.jsonl,1000,,,,70,127,1.8143,75.1589,1070.6589,4,4,4,4,0,0,0,0,0,0,0,0,31.5,0.0,14.5674,0.0,0.0,46.0674,Bond yields fell after investors bet on slower inflation next quarter.,Los rendimientos de los bonos cayeron después de que los inversores apostaran por una inflación más lenta el próximo trimestre.
06,es-en,dfbc0d06217213a83b21a14d3a8d26c5c5512b24ddd4728df4132e2abe8e02c8,projects/distillation/translation/training_data/gold_shards/gold_quality_4x640.shard_01_gold_core_a.jsonl,1000,,,,102,84,1.2143,96.1562,1087.1562,4,4,7,7,0,0,0,0,0,0,0,0,45.0,0.0,0.961,0.0,0.0,45.9609,La ciudad amurallada fue en el pasado un enclave estratégico para el control de las rutas comerciales.,The walled city was in the past a strategic enclave for the control of trade routes.
06,en-es,1a92aa514e3da029faae0c943e940c954ced86997dad67f5ec8f312d96b80f6d,projects/distillation/translation/training_data/gold_shards/gold_quality_4x640.shard_01_gold_core_a.jsonl,1000,,,,88,100,1.1364,100.0,1089.5,4,4,4,4,1,0,0,0,0,0,0,0,31.5,12.0,0.0,0.0,0.0,43.5,The telecommunications company is upgrading its infrastructure to support 5G technology.,La empresa de telecomunicaciones está actualizando su infraestructura para admitir la tecnología 5G.
06,en-es,df3243ca87dcd287ba43c4d5708c9c17466968138d9ec977551f20d6be6937fc,projects/distillation/translation/training_data/gold_shards/gold_quality_4x640.shard_02_gold_core_b.jsonl,1000,,,,65,71,1.0923,100.0,1084.5,4,4,4,4,0,0,0,1,1,0,0,0,31.5,12.0,0.0,0.0,0.0,43.5,I can't believe it's already December; time is flying by so fast.,No puedo creer que ya estemos en diciembre; el tiempo vuela muy rápido.
06,en-es,c2bcbfd4cfae9a366af7cc4e30a9f442a565d85b4a7d67a7fe8c54bf94bb4d97,projects/distillation/translation/training_data/gold_shards/gold_quality_4x640.shard_01_gold_core_a.jsonl,1000,,,,80,135,1.6875,78.6335,1074.1335,4,4,4,4,0,0,0,0,0,0,0,0,31.5,0.0,11.4166,0.0,0.0,42.9166,Hybrid classes helped students keep up when transit strikes disrupted commuting.,Las clases híbridas ayudaron a los estudiantes a mantenerse al día cuando las huelgas de transporte interrumpieron los desplazamientos.
06,en-es,b9dd90039b0949d71678315bd3913e259a5b30a4ae0a06697a50428b108f7dab,projects/distillation/translation/training_data/gold_shards/gold_quality_4x640.shard_02_gold_core_b.jsonl,1000,,,,62,103,1.6613,92.0,1087.5,4,4,4,4,0,0,0,0,0,0,0,0,31.5,0.0,7.6032,0.0,0.0,39.1032,The new law aims to protect the rights of gig economy workers.,La nueva ley tiene como objetivo proteger los derechos de los trabajadores de la economía colaborativa.
06,es-en,8e8d23ab2c83461855376ce4be4643914c5bcc3bc146838084a68c6976f11925,projects/distillation/translation/training_data/gold_shards/gold_quality_4x640.shard_02_gold_core_b.jsonl,1000,,,,107,71,1.507,81.6627,1077.1627,4,4,4,4,0,0,0,0,0,0,0,0,31.5,0.0,7.4111,0.0,0.0,38.9111,La optimización del código del lado del cliente es crucial para mejorar la velocidad de carga de la página.,Client-side code optimization is crucial for improving page load speed.
06,en-es,86e062a58627ef139a57b9b8aae5c299ad1f18c27f52da373f2fe3e4923ef09d,projects/distillation/translation/training_data/gold_shards/gold_quality_4x640.shard_02_gold_core_b.jsonl,1000,,,,68,110,1.6176,90.3125,1085.8125,4,4,4,4,0,0,0,0,0,0,0,0,31.5,0.0,7.2395,0.0,0.0,38.7395,Analysts expect slower hiring in retail as wage pressure stabilizes.,Los analistas esperan contratación más lenta en comercio minorista mientras se estabiliza la presión salarial.
06,en-es,77b617e6bffa67ffbb60abe19fc3d07c3af57e48cdfa0698a08aa645ac225524,projects/distillation/translation/training_data/gold_shards/gold_quality_4x640.shard_02_gold_core_b.jsonl,1000,,,,102,144,1.4118,76.0736,1071.5736,4,4,4,4,0,0,0,0,0,0,0,0,31.5,0.0,7.0934,0.0,0.0,38.5934,The interest coverage ratio indicates a firm's ability to meet its interest obligations from earnings.,El índice de cobertura de intereses indica la capacidad de una empresa para cumplir con sus obligaciones de intereses a partir de las ganancias.
06,en-es,b22d9f38cf8cbda7ab49b039496b27e717b9bf34520fe64ffe7816fe300e9876,projects/distillation/translation/training_data/gold_shards/gold_quality_4x640.shard_02_gold_core_b.jsonl,1000,,,,87,127,1.4598,80.1589,1075.6589,4,4,4,4,0,0,0,0,0,0,0,0,31.5,0.0,6.9361,0.0,0.0,38.4361,The trade deficit narrowed as exports grew faster than imports during the last quarter.,El déficit comercial se redujo ya que las exportaciones crecieron más rápido que las importaciones durante el último trimestre.
06,en-es,e273d293ab303cbf6980dafa6ab316892da973fb1b60aed6a3936201a4199538,projects/distillation/translation/training_data/gold_shards/gold_quality_4x640.shard_02_gold_core_b.jsonl,1000,,,,55,61,1.1091,97.0726,1087.5726,4,4,4,4,0,0,0,0,1,0,0,0,31.5,6.0,0.7319,0.0,0.0,38.2319,I really like your new haircut; it suits you very well.,Realmente me gusta tu nuevo corte de pelo; te queda muy bien.
06,en-es,211ec1e2050063abf84fd346fc9c1a2ae17c3438b4c44ae7727aac354f76d75d,projects/distillation/translation/training_data/gold_shards/gold_quality_4x640.shard_02_gold_core_b.jsonl,1000,,,,108,135,1.25,73.0839,1068.5839,4,4,4,4,0,0,0,0,0,0,0,0,31.5,0.0,6.729,0.0,0.0,38.229,The yield curve inversion is often regarded by economists as a reliable predictor of an impending recession.,La inversión de la curva de rendimiento es a menudo considerada por los economistas como un predictor fiable de una recesión inminente.
06,es-en,2479bbb7ce8cfd25ec4317583a239f48a96de3578b87dfb9158c0745b18f2bc8,projects/distillation/translation/training_data/gold_shards/gold_quality_4x640.shard_02_gold_core_b.jsonl,1000,,,,123,87,1.4138,78.2665,1073.7665,4,4,4,4,0,0,0,0,0,0,0,0,31.5,0.0,6.5817,0.0,0.0,38.0817,El impuesto sobre las ganancias de capital se aplica al beneficio obtenido de la venta de activos que no son de inventario.,Capital gains tax applies to the profit realized from the sale of non-inventory assets.
06,en-es,abf8b83a582149b2378f49de2a79bab83f51963dc19c5b18b25b1477c82051ee,projects/distillation/translation/training_data/gold_shards/gold_quality_4x640.shard_02_gold_core_b.jsonl,1000,,,,92,131,1.4239,79.3962,1074.8962,4,4,4,4,0,0,0,0,0,0,0,0,31.5,0.0,6.4814,0.0,0.0,37.9814,Climate modeling helps scientists predict the long-term effects of greenhouse gas emissions.,El modelado climático ayuda a los científicos a predecir los efectos a largo plazo de las emisiones de gases de efecto invernadero.
06,en-es,a0d7cbe89d367a4e86579490b436589229b46283b5a154d8cb1a72bcacd9264e,projects/distillation/translation/training_data/gold_shards/gold_quality_4x640.shard_01_gold_core_a.jsonl,1000,,,,84,120,1.4286,81.4936,1076.9936,4,4,4,4,0,0,0,0,0,0,0,0,31.5,0.0,6.0409,0.0,0.0,37.5409,The city council approved a night bus route so hospital workers can get home safely.,El ayuntamiento aprobó una ruta nocturna de autobús para que el personal del hospital pueda volver a casa con seguridad.
06,es-en,0b5fac36e45280b39509165df193e84bd7de6ce676b9c11fad79a0ca87e11712,projects/distillation/translation/training_data/gold_shards/gold_quality_4x640.shard_02_gold_core_b.jsonl,1000,,,,93,87,1.069,100.0,1089.5,4,4,4,4,0,0,0,1,0,0,0,0,31.5,6.0,0.0,0.0,0.0,37.5,Me muero de ganas de que llegue el viernes para desconectar un poco del estrés de la oficina.,I'm dying for Friday to arrive so I can disconnect a bit from the stress of the office.
06,en-es,58f802aec4793c644f849a9896ddaf48a74d1794f993d05a5972f42eef3c5ce1,projects/distillation/translation/training_data/gold_shards/gold_quality_4x640.shard_02_gold_core_b.jsonl,1000,,,,68,63,1.0794,100.0,1089.5,4,4,4,4,0,0,0,1,0,0,0,0,31.5,6.0,0.0,0.0,0.0,37.5,The museum offers free admission on the first Sunday of every month.,El museo ofrece entrada gratuita el primer domingo de cada mes.
06,en-es,cc18657c23184e3bb13ecca3690ced431f8108fdbfea8c5140cc2c0243d272ce,projects/distillation/translation/training_data/gold_shards/gold_quality_4x640.shard_02_gold_core_b.jsonl,1000,,,,97,105,1.0825,100.0,1089.5,4,4,4,4,0,0,0,1,0,0,0,0,31.5,6.0,0.0,0.0,0.0,37.5,Migrating whales pass through these waters every October on their way to warmer breeding grounds.,Las ballenas migratorias pasan por estas aguas cada octubre en su camino hacia zonas de cría más cálidas.
06,es-en,7a61ef69700605b843f41518e4135dd0c890535e9c6cb347a1f030c8cb8635b1,projects/distillation/translation/training_data/gold_shards/gold_quality_4x640.shard_02_gold_core_b.jsonl,1000,,,,45,67,1.4889,86.0984,1081.5984,4,4,4,4,0,0,0,0,0,0,0,0,31.5,0.0,5.9754,0.0,0.0,37.4754,"Oye, avísame cuando salgas y te espero abajo.","Hey, let me know when you leave and I will wait for you downstairs."
06,es-en,d99ac47a6ccbb1b7b44d3411e38af9e3dba54755ab0de85d4b10788c0440f179,projects/distillation/translation/training_data/gold_shards/gold_quality_4x640.shard_02_gold_core_b.jsonl,1000,,,,136,113,1.2035,76.2883,1071.7883,4,4,4,4,0,0,0,0,0,0,0,0,31.5,0.0,5.9279,0.0,0.0,37.4279,La contenedorización permite a los desarrolladores empaquetar aplicaciones con todas sus dependencias para una implementación coherente.,Containerization allows developers to package applications with all their dependencies for consistent deployment.
06,en-es,eceb5be61eeddee9bd2d1429ae46644a73b6d0edd76747eab17a2cc06e75d465,projects/distillation/translation/training_data/gold_shards/gold_quality_4x640.shard_01_gold_core_a.jsonl,1000,,,,87,123,1.4138,80.9216,1076.4216,4,4,4,4,0,0,0,0,0,0,0,0,31.5,0.0,5.9179,0.0,0.0,37.4179,Capital gains tax applies to the profit realized from the sale of non-inventory assets.,El impuesto sobre las ganancias de capital se aplica al beneficio obtenido de la venta de activos que no son de inventario.
06,en-es,2148a459121813fa1777e64087976b3e5f19f6c820e1d4aa56598d9fddde87a6,projects/distillation/translation/training_data/gold_shards/gold_quality_4x640.shard_01_gold_core_a.jsonl,1000,,,,38,30,1.2667,76.7307,1072.2307,4,4,4,4,0,0,0,0,0,0,0,0,31.5,0.0,5.8173,0.0,0.0,37.3173,I'll meet you there in twenty minutes.,Te veo allí en veinte minutos.
06,en-es,63a5a105bd1ebe63e1ff6ca8d92cec724521f00fc81bb562be3c950178aba499,projects/distillation/translation/training_data/gold_shards/gold_quality_4x640.shard_01_gold_core_a.jsonl,1000,,,,51,77,1.5098,88.3115,1083.8115,4,4,4,4,0,0,0,0,0,0,0,0,31.5,0.0,5.7986,0.0,0.0,37.2986,"If the app freezes on login, clear cache and retry.","Si la app se bloquea al iniciar sesión, borra la caché y vuelve a intentarlo."
06,en-es,e6ec7a5058c581a68c5545b3b473e81f98b4d8b73499d8d178d21d176faa350e,projects/distillation/translation/training_data/gold_shards/gold_quality_4x640.shard_02_gold_core_b.jsonl,1000,,,,84,119,1.4167,81.6843,1077.1843,4,4,4,4,0,0,0,0,0,0,0,0,31.5,0.0,5.7789,0.0,0.0,37.2789,Analysts expect higher insurance costs for logistics firms as storm losses increase.,Los analistas esperan costes de seguro más altos para empresas logísticas mientras aumentan las pérdidas por tormentas.
06,en-es,15aab5da616e68ba04208be69bb0a4574822b168ba2c8a175ddbc19d92319c31,projects/distillation/translation/training_data/gold_shards/gold_quality_4x640.shard_01_gold_core_a.jsonl,1000,,,,87,122,1.4023,81.1123,1076.6123,4,4,4,4,0,0,0,0,0,0,0,0,31.5,0.0,5.6633,0.0,0.0,37.1633,The new privacy law requires websites to obtain explicit consent before tracking users.,La nueva ley de privacidad exige que los sitios web obtengan el consentimiento explícito antes de rastrear a los usuarios.
06,en-es,07e7b7172a60e663245d4891fa91fe1fcb99d222ea31799b70da22135a3a0f6e,projects/distillation/translation/training_data/gold_shards/gold_quality_4x640.shard_02_gold_core_b.jsonl,1000,,,,58,89,1.5345,90.8934,1086.3934,4,4,4,4,0,0,0,0,0,0,0,0,31.5,0.0,5.5973,0.0,0.0,37.0973,"If the battery drains overnight, turn off background sync.","Si la batería se descarga durante la noche, desactiva la sincronización en segundo plano."
06,en-es,60151825e577785cd387e45f493b1ba9224f47b0575faa937235a40b344e7c8a,projects/distillation/translation/training_data/gold_shards/gold_quality_4x640.shard_02_gold_core_b.jsonl,1000,,,,106,138,1.3019,78.8427,1074.3427,4,4,4,4,0,0,0,0,0,0,0,0,31.5,0.0,5.2893,0.0,0.0,36.7893,"Serverless computing abstracts the underlying infrastructure, allowing developers to focus solely on code.","La computación sin servidor abstrae la infraestructura subyacente, lo que permite a los desarrolladores centrarse únicamente en el código."
06,es-en,7091636698422734d154dfee0014c6f906830d733f2703ec6fdff07fe86a7051,projects/distillation/translation/training_data/gold_shards/gold_quality_4x640.shard_02_gold_core_b.jsonl,1000,,,,138,109,1.2661,79.2388,1074.7388,4,4,4,4,0,0,0,0,0,0,0,0,31.5,0.0,5.1903,0.0,0.0,36.6903,La estrategia de diversificación de cartera tiene como objetivo minimizar el riesgo idiosincrásico y maximizar los rendimientos esperados.,The portfolio diversification strategy aims to minimize idiosyncratic risk while maximizing expected returns.
06,es-en,0e5178a7a942166a2b48e94871c8ed1b7385d0b7a18d2b3dc4716002e604b775,projects/distillation/translation/training_data/gold_shards/gold_quality_4x640.shard_01_gold_core_a.jsonl,1000,,,,63,44,1.4318,85.2143,1080.7143,4,4,4,4,0,0,0,0,0,0,0,0,31.5,0.0,5.1692,0.0,0.0,36.6692,Los bancos endurecieron los criterios para créditos de consumo.,Banks tightened criteria for consumer loans.
06,en-es,e4760dbfd30d2b59b2e36a89270d4d0ff87efd34ebed57195ce191441071b6bd,projects/distillation/translation/training_data/gold_shards/gold_quality_4x640.shard_02_gold_core_b.jsonl,1000,,,,81,116,1.4321,85.25,1080.75,4,4,4,4,0,0,0,0,0,0,0,0,31.5,0.0,5.1653,0.0,0.0,36.6653,Venture capital firms are investing heavily in innovative biotechnology startups.,Las empresas de capital de riesgo están invirtiendo fuertemente en empresas emergentes de biotecnología innovadoras.
06,en-es,55852db6923808694601f78d011a07d29c6aea6f050ef2d07af518aa39c35304,projects/distillation/translation/training_data/gold_shards/gold_quality_4x640.shard_01_gold_core_a.jsonl,1000,,,,69,105,1.5217,92.0,1087.5,4,4,4,4,0,0,0,0,0,0,0,0,31.5,0.0,5.0913,0.0,0.0,36.5913,"To reset factory settings, hold both volume buttons for five seconds.","Para restablecer los ajustes de fábrica, mantén pulsados ambos botones de volumen durante cinco segundos."
06,en-es,a89672e1f6a9a023320b6e95d2ca4051c0d1a125d6d628af80b94c9377618782,projects/distillation/translation/training_data/gold_shards/gold_quality_4x640.shard_02_gold_core_b.jsonl,1000,,,,80,115,1.4375,86.0938,1081.5938,4,4,4,4,0,0,0,0,0,0,0,0,31.5,0.0,5.0515,0.0,0.0,36.5515,Analysts expect lower volatility in bond markets as inflation expectations cool.,Los analistas esperan menor volatilidad en los mercados de bonos mientras se enfrían las expectativas de inflación.
06,es-en,6bc2f644cea743f85ecd59d6cd1755f446525b6885443fee7f2256384aeb7313,projects/distillation/translation/training_data/gold_shards/gold_quality_4x640.shard_02_gold_core_b.jsonl,1000,,,,59,42,1.4048,83.7623,1079.2623,4,4,4,4,0,0,0,0,0,0,0,0,31.5,0.0,5.0451,0.0,0.0,36.5451,Reservamos entradas con horario para evitar aglomeraciones.,We reserved timed tickets to avoid crowds.
06,es-en,d9f41a6b1d6bcebacadcd358dfd36e2344227a853e3424dc1d618a182028e8b9,projects/distillation/translation/training_data/gold_shards/gold_quality_4x640.shard_01_gold_core_a.jsonl,1000,,,,138,106,1.3019,80.0825,1075.5825,4,4,4,4,0,0,0,0,0,0,0,0,31.5,0.0,4.9794,0.0,0.0,36.4794,"La computación sin servidor abstrae la infraestructura subyacente, lo que permite a los desarrolladores centrarse únicamente en el código.","Serverless computing abstracts the underlying infrastructure, allowing developers to focus solely on code."
06,es-en,366b8abfc70bdccd84e8b683e047123ce6e8b16578da466d0766f3ec7c3e7044,projects/distillation/translation/training_data/gold_shards/gold_quality_4x640.shard_02_gold_core_b.jsonl,1000,,,,69,48,1.4375,86.6429,1082.1429,4,4,4,4,0,0,0,0,0,0,0,0,31.5,0.0,4.9143,0.0,0.0,36.4143,"Si la copia de seguridad se detiene, comprueba el espacio disponible.","If the backup stops, check available disk space."
06,es-en,fce0d39686ed0ad0ecce5a854d323a7c17c5058faa6c5b1183d872da74a94dad,projects/distillation/translation/training_data/gold_shards/gold_quality_4x640.shard_02_gold_core_b.jsonl,1000,,,,134,104,1.2885,80.9316,1076.4316,4,4,4,4,0,0,0,0,0,0,0,0,31.5,0.0,4.7671,0.0,0.0,36.2671,El equilibrio de carga distribuye el tráfico de red entrante a través de múltiples servidores para garantizar una alta disponibilidad.,Load balancing distributes incoming network traffic across multiple servers to ensure high availability.
06,en-es,e623e9c9ec900a6c8928fccd5bb0de8fefeed695e88170464c00dc573e5ebccf,projects/distillation/translation/training_data/gold_shards/gold_quality_4x640.shard_02_gold_core_b.jsonl,1000,,,,68,102,1.5,92.0,1087.5,4,4,4,4,0,0,0,0,0,0,0,0,31.5,0.0,4.7,0.0,0.0,36.2,Analysts expect a rebound in travel bookings as fuel prices retreat.,Los analistas esperan un repunte en reservas de viaje mientras retroceden los precios del combustible.
06,en-es,9eeaf0d3864bbf813fd61214bb713faa10cd39ab54e62ffe3b5c904d276f692a,projects/distillation/translation/training_data/gold_shards/gold_quality_4x640.shard_02_gold_core_b.jsonl,1000,,,,90,126,1.4,85.3496,1080.8496,4,4,4,4,0,0,0,0,0,0,0,0,31.5,0.0,4.5626,0.0,0.0,36.0626,Modern curricula focus on developing soft skills alongside traditional academic knowledge.,Los planes de estudios modernos se centran en desarrollar habilidades blandas junto con el conocimiento académico tradicional.
06,en-es,c2be66a4566959c923563ae48b555f1bf1137fd5e5d9a3350c444ec10b4fa937,projects/distillation/translation/training_data/gold_shards/gold_quality_4x640.shard_01_gold_core_a.jsonl,1000,,,,71,119,1.6761,81.6843,1077.1843,1,4,4,4,0,0,0,0,0,0,0,0,25.5,0.0,10.4479,0.0,0.0,35.9479,Analysts expect selective M&A activity as financing conditions improve.,Los analistas esperan actividad selectiva de fusiones y adquisiciones mientras mejoran las condiciones de financiación.
06,en-es,4a00b364987831a4b6b8219ec07477e0ca022eaef175da7e3754df89b8bd7eda,projects/distillation/translation/training_data/gold_shards/gold_quality_4x640.shard_01_gold_core_a.jsonl,1000,,,,94,130,1.383,84.5869,1080.0869,4,4,4,4,0,0,0,0,0,0,0,0,31.5,0.0,4.4469,0.0,0.0,35.9469,Analysts expect tighter credit standards for small exporters as risk premiums remain elevated.,Los analistas esperan criterios de crédito más estrictos para pequeños exportadores mientras las primas de riesgo siguen elevadas.
06,en-es,0d373b423733ec86b621038cb15676f39c8f579ccce58abda31c4cb7a36136dc,projects/distillation/translation/training_data/gold_shards/gold_quality_4x640.shard_02_gold_core_b.jsonl,1000,,,,38,38,1.0,82.5878,1078.0878,4,4,4,4,0,0,0,0,0,0,0,0,31.5,0.0,4.353,0.0,0.0,35.853,I'm so happy for you and your success.,Estoy muy feliz por ti y por tu éxito.
06,es-en,2fe2294c3b706d17d0a00db6ed1c45f20ec464fd6d0bcca7eae0b44e6e45eacc,projects/distillation/translation/training_data/gold_shards/gold_quality_4x640.shard_01_gold_core_a.jsonl,1000,,,,126,99,1.2727,82.6297,1078.1297,4,4,4,4,0,0,0,0,0,0,0,0,31.5,0.0,4.3426,0.0,0.0,35.8426,Las prácticas de DevOps cierran la brecha entre el desarrollo de software y las operaciones de TI para una entrega más rápida.,DevOps practices bridge the gap between software development and IT operations for faster delivery.
06,en-es,28abeac2083eb8fc4f47139aa35a0c48fc2c8587d9899b1a1dd7b7610e8b8bfc,projects/distillation/translation/training_data/gold_shards/gold_quality_4x640.shard_01_gold_core_a.jsonl,1000,,,,50,71,1.42,87.9426,1083.4426,4,4,4,4,0,0,0,0,0,0,0,0,31.5,0.0,4.2743,0.0,0.0,35.7743,I can cook tonight if you handle the grocery list.,Yo puedo cocinar esta noche si tú te encargas de la lista de la compra.
06,es-en,46f22b4798d739e88ceedd2e35285cd40ca5e9d2a29411752f434fe2b6f3f608,projects/distillation/translation/training_data/gold_shards/gold_quality_4x640.shard_01_gold_core_a.jsonl,1000,,,,121,89,1.3596,83.691,1079.191,4,4,4,4,0,0,0,0,0,0,0,0,31.5,0.0,4.2492,0.0,0.0,35.7492,La computación en el borde procesa los datos más cerca de la fuente para reducir la latencia y el uso del ancho de banda.,Edge computing processes data closer to the source to reduce latency and bandwidth usage.
06,en-es,ff19f5db5b938b2156455351fab3ecd4910547a851c0efb604e1347f4896f7a9,projects/distillation/translation/training_data/gold_shards/gold_quality_4x640.shard_02_gold_core_b.jsonl,1000,,,,60,88,1.4667,91.6311,1087.1311,4,4,4,4,0,0,0,0,0,0,0,0,31.5,0.0,4.1922,0.0,0.0,35.6922,Doctors recommend mindful breathing to ease pre-exam stress.,Los médicos recomiendan respiración consciente para aliviar el estrés antes de exámenes.
06,en-es,464d0c013d3dce6eeb729d3b357d2739938dcaf4a91463d5733572c64aa05798,projects/distillation/translation/training_data/gold_shards/gold_quality_4x640.shard_02_gold_core_b.jsonl,1000,,,,66,97,1.4697,92.0,1087.5,4,4,4,4,0,0,0,0,0,0,0,0,31.5,0.0,4.1545,0.0,0.0,35.6545,You should back up your data regularly to prevent accidental loss.,Debe realizar copias de seguridad de sus datos con regularidad para evitar pérdidas accidentales.
06,en-es,4e003aa4bfd5fe3179b36813e44570c51e3578d2e669bced5708754f7043b9c6,projects/distillation/translation/training_data/gold_shards/gold_quality_4x640.shard_01_gold_core_a.jsonl,1000,,,,107,115,1.0748,83.7565,1079.2565,4,4,4,4,0,0,0,0,0,0,0,0,31.5,0.0,4.0609,0.0,0.0,35.5609,The amortization schedule shows the breakdown of principal and interest payments over the life of the loan.,El calendario de amortización muestra el desglose de los pagos de capital e intereses durante la vida del préstamo.
06,en-es,3901597a629e9339a1edac77d97761c12b3a1a786460a44084095fc6a24ecfe6,projects/distillation/translation/training_data/gold_shards/gold_quality_4x640.shard_02_gold_core_b.jsonl,1000,,,,69,101,1.4638,92.0,1087.5,4,4,4,4,0,0,0,0,0,0,0,0,31.5,0.0,4.0478,0.0,0.0,35.5478,A kernel update fixed the driver conflict that caused random reboots.,Una actualización del kernel corrigió el conflicto de controladores que causaba reinicios aleatorios.
06,en-es,3bf9afb66160281bb3da5f2fbcc9fcc2b8ff45cb34179c7f9a3f221da2d70e5b,projects/distillation/translation/training_data/gold_shards/gold_quality_4x640.shard_02_gold_core_b.jsonl,1000,,,,58,84,1.4483,90.8934,1086.3934,4,4,4,4,0,0,0,0,0,0,0,0,31.5,0.0,4.0456,0.0,0.0,35.5456,"If the service restarts too often, increase startup delay.","Si el servicio se reinicia con demasiada frecuencia, aumenta el retraso de arranque."
06,es-en,de470283fe42245d66432964131e4c74f4971361e0ceb10804aae68dd63a3dc1,projects/distillation/translation/training_data/gold_shards/gold_quality_4x640.shard_01_gold_core_a.jsonl,1000,,,,98,67,1.4627,92.0,1087.5,4,4,4,4,0,0,0,0,0,0,0,0,31.5,0.0,4.0284,0.0,0.0,35.5284,El aprendizaje basado en proyectos fomenta la autonomía y la capacidad de resolución de problemas.,Project-based learning fosters autonomy and problem-solving skills.
06,es-en,10142bf67c4c706d63356578bc3b751e6c801eaab0d8bfb877ca6310cef26598,projects/distillation/translation/training_data/gold_shards/gold_quality_4x640.shard_02_gold_core_b.jsonl,1000,,,,120,91,1.3187,83.9033,1079.4033,4,4,4,4,0,0,0,0,0,0,0,0,31.5,0.0,4.0242,0.0,0.0,35.5242,La tasa de rendimiento libre de riesgo se basa típicamente en el rendimiento de los bonos gubernamentales a largo plazo.,The risk-free rate of return is typically based on the yield of long-term government bonds.
06,es-en,9360d9e22a7daefe6145d80fe726fbe3933c09b007e2e37f1f9aef0fe32e1d0e,projects/distillation/translation/training_data/gold_shards/gold_quality_4x640.shard_01_gold_core_a.jsonl,1000,,,,120,92,1.3043,83.9033,1079.4033,4,4,4,4,0,0,0,0,0,0,0,0,31.5,0.0,4.0242,0.0,0.0,35.5242,Los gráficos vectoriales escalables mantienen su calidad independientemente de la resolución o el tamaño de la pantalla.,Scalable vector graphics maintain their quality regardless of the resolution or screen size.
06,en-es,848cbd17f4dfc6518aaaa4ea7cdd220c7ff6f4074980aa41c00f66a07265918a,projects/distillation/translation/training_data/gold_shards/gold_quality_4x640.shard_02_gold_core_b.jsonl,1000,,,,92,126,1.3696,85.3496,1080.8496,4,4,4,4,0,0,0,0,0,0,0,0,31.5,0.0,4.0148,0.0,0.0,35.5148,The stunt coordinator rehearsed the car chase sequence five times before the cameras rolled.,El coordinador de escenas de riesgo ensayó la secuencia de persecución de coches cinco veces antes de que rodaran las cámaras.
06,en-es,1ed1b141675786eb82cabb9bc9401b3c9fbeeb23453ac3e34fd6099cdec6b395,projects/distillation/translation/training_data/gold_shards/gold_quality_4x640.shard_02_gold_core_b.jsonl,1000,,,,54,77,1.4259,89.418,1084.918,4,4,4,4,0,0,0,0,0,0,0,0,31.5,0.0,4.0122,0.0,0.0,35.5122,"We missed the highway exit, and found a scenic detour.","Nos pasamos de la salida de la autopista, y encontramos un desvío panorámico."
06,en-es,db0a46e81f19464acc2b7b8b066a85b0292d36656c8845e0f53f6dd86f1d4b39,projects/distillation/translation/training_data/gold_shards/gold_quality_4x640.shard_02_gold_core_b.jsonl,1000,,,,87,120,1.3793,86.4936,1081.9936,4,4,4,4,0,0,0,0,0,0,0,0,31.5,0.0,3.9042,0.0,0.0,35.4042,Drought-resistant crop varieties are being developed to sustain yields in arid regions.,Se están desarrollando variedades de cultivos resistentes a la sequía para mantener los rendimientos en regiones áridas.
06,en-es,eb892cb8f36ad7e1d8a54c9c36ee32427ab17e67acf186082de847ecaf49b361,projects/distillation/translation/training_data/gold_shards/gold_quality_4x640.shard_02_gold_core_b.jsonl,1000,,,,92,125,1.3587,85.5403,1081.0403,4,4,4,4,0,0,0,0,0,0,0,0,31.5,0.0,3.7714,0.0,0.0,35.2714,Researchers found that sleep quality predicts exam performance better than total study time.,Los investigadores hallaron que la calidad del sueño predice mejor el rendimiento en exámenes que el tiempo total de estudio.
06,en-es,42dfb6bc3fbc2df6f58d9f1b4094a070ed809928f672a4fc5cc6f6322d953be0,projects/distillation/translation/training_data/gold_shards/gold_quality_4x640.shard_02_gold_core_b.jsonl,1000,,,,67,97,1.4478,92.0,1087.5,4,4,4,4,0,0,0,0,0,0,0,0,31.5,0.0,3.7597,0.0,0.0,35.2597,Analysts noted that profit margins narrowed despite higher revenue.,Los analistas señalaron que los márgenes de beneficio se estrecharon pese al aumento de ingresos.
06,es-en,6cd985b18a4d2b1329f1c14da32f2cc3cdbd29d2df5946ce1fd27c91254d40a2,projects/distillation/translation/training_data/gold_shards/gold_quality_4x640.shard_01_gold_core_a.jsonl,1000,,,,97,67,1.4478,92.0,1087.5,4,4,4,4,0,0,0,0,0,0,0,0,31.5,0.0,3.7597,0.0,0.0,35.2597,El crecimiento de las exportaciones ha impulsado la recuperación económica de la región este año.,Export growth has boosted the region's economic recovery this year.
06,es-en,1bdcf6c8ee49e1b332c189ef880917a859089759f809bb887c5b8bdca5d10372,projects/distillation/translation/training_data/gold_shards/gold_quality_4x640.shard_02_gold_core_b.jsonl,1000,,,,115,89,1.2921,84.9646,1080.4646,4,4,4,4,0,0,0,0,0,0,0,0,31.5,0.0,3.7588,0.0,0.0,35.2588,El fondo de capital de riesgo se centra en inversiones de Serie A en empresas de tecnología financiera disruptivas.,The venture capital fund focuses on Series A investments in disruptive fintech companies.
06,es-en,a2492e06603607f79fa2e1436f587de8c7429e1d3daf7e69018557e25ea95e06,projects/distillation/translation/training_data/gold_shards/gold_quality_4x640.shard_02_gold_core_b.jsonl,1000,,,,115,93,1.2366,84.9646,1080.4646,4,4,4,4,0,0,0,0,0,0,0,0,31.5,0.0,3.7588,0.0,0.0,35.2588,El banco central implementó una política monetaria restrictiva para frenar las crecientes presiones inflacionarias.,The central bank implemented a hawkish monetary policy to curb rising inflationary pressures.
06,en-es,05936802da891207244e6c8f8aafaf0b8d4c61b12d5a62bb047d071ef5ae53c2,projects/distillation/translation/training_data/gold_shards/gold_quality_4x640.shard_01_gold_core_a.jsonl,1000,,,,97,128,1.3196,84.9682,1080.4682,4,4,4,4,0,0,0,0,0,0,0,0,31.5,0.0,3.758,0.0,0.0,35.258,The debt-to-equity ratio is a key leverage metric used to assess a company's financial structure.,El ratio deuda-patrimonio es una métrica clave de apalancamiento utilizada para evaluar la estructura financiera de una empresa.
06,en-es,5cda2a21f939d8037c2ad20bede4b83c583b37740582f2f3527681860a0cec60,projects/distillation/translation/training_data/gold_shards/gold_quality_4x640.shard_02_gold_core_b.jsonl,1000,,,,101,128,1.2673,84.9682,1080.4682,4,4,4,4,0,0,0,0,0,0,0,0,31.5,0.0,3.758,0.0,0.0,35.258,Micro-loans have proven to be a vital tool for empowering female entrepreneurs in developing regions.,Los microcréditos han demostrado ser una herramienta vital para empoderar a las mujeres emprendedoras en regiones en desarrollo.
06,es-en,672d464f3e7f145791d350615f693dffc2a28c5cc0af49c16e4edeebf774d557,projects/distillation/translation/training_data/gold_shards/gold_quality_4x640.shard_02_gold_core_b.jsonl,1000,,,,114,93,1.2258,85.1769,1080.6769,4,4,4,4,0,0,0,0,0,0,0,0,31.5,0.0,3.7058,0.0,0.0,35.2058,"El bilingüismo en la infancia no solo mejora las habilidades lingüísticas, sino también la flexibilidad cognitiva.",Bilingualism in childhood not only improves linguistic skills but also cognitive flexibility.
06,en-es,09b743da0ef1ae78e6cf85e66db03a5b6d45ecc5e7d9a5b50bdd5d834bd4bfdd,projects/distillation/translation/training_data/gold_shards/gold_quality_4x640.shard_01_gold_core_a.jsonl,1000,,,,99,126,1.2727,85.3496,1080.8496,4,4,4,4,0,0,0,0,0,0,0,0,31.5,0.0,3.6626,0.0,0.0,35.1626,DevOps practices bridge the gap between software development and IT operations for faster delivery.,Las prácticas de DevOps cierran la brecha entre el desarrollo de software y las operaciones de TI para una entrega más rápida.
06,en-es,db4a40899e3203ccc8a60b036ae240cff09a110b4083101dea057535ad9d213f,projects/distillation/translation/training_data/gold_shards/gold_quality_4x640.shard_01_gold_core_a.jsonl,1000,,,,97,126,1.299,85.3496,1080.8496,4,4,4,4,0,0,0,0,0,0,0,0,31.5,0.0,3.6626,0.0,0.0,35.1626,The tenant is entitled to a full refund of the security deposit within thirty days of moving out.,El inquilino tiene derecho a un reembolso total del depósito de seguridad dentro de los treinta días posteriores a la mudanza.
06,es-en,85c0888c90364e8935e50e2337d30e381bd5fa0fa98d99b4365fe8a6f078359d,projects/distillation/translation/training_data/gold_shards/gold_quality_4x640.shard_02_gold_core_b.jsonl,1000,,,,110,81,1.358,86.0259,1081.5259,4,4,4,4,0,0,0,0,0,0,0,0,31.5,0.0,3.638,0.0,0.0,35.138,El transporte ferroviario de alta velocidad ofrece una alternativa sostenible a los vuelos de corta distancia.,High-speed rail transport offers a sustainable alternative to short-haul flights.
06,es-en,1d0b5209a98c2a64a65ce5a41ed285584fd0b65c856da9561036b698a52f0d7c,projects/distillation/translation/training_data/gold_shards/gold_quality_4x640.shard_02_gold_core_b.jsonl,1000,,,,51,41,1.2439,85.4543,1080.9543,4,4,4,4,0,0,0,0,0,0,0,0,31.5,0.0,3.6364,0.0,0.0,35.1364,"Al borde de tormenta, una ventana siguió encendida.","At the storm edge, one window stayed lit."
06,en-es,483ab9737f3d89d821a876e9e5e55c54c11a3d0804dcd7e30e534aac3c6aafef,projects/distillation/translation/training_data/gold_shards/gold_quality_4x640.shard_01_gold_core_a.jsonl,1000,,,,105,123,1.1714,85.5466,1081.0466,4,4,4,4,0,0,0,0,0,0,0,0,31.5,0.0,3.6134,0.0,0.0,35.1133,"A hedgehog crossed the garden path at dusk, pausing to sniff the air before disappearing into the bushes.","Un erizo cruzó el sendero del jardín al anochecer, deteniéndose a olfatear el aire antes de desaparecer entre los arbustos."
06,en-es,5d6085929014d1dba062b99f986677777f838616364dd97df89bc9ec5f2d0f55,projects/distillation/translation/training_data/gold_shards/gold_quality_4x640.shard_02_gold_core_b.jsonl,1000,,,,105,123,1.1714,85.5466,1081.0466,4,4,4,4,0,0,0,0,0,0,0,0,31.5,0.0,3.6134,0.0,0.0,35.1133,Recent studies indicate that mindfulness meditation can alleviate symptoms of chronic stress and anxiety.,Estudios recientes indican que la meditación de atención plena puede aliviar los síntomas del estrés crónico y la ansiedad.
06,en-es,8f100d26e4876bbae42abd6b1f4b3960714759f10096a04c3eca7fb4b82162f3,projects/distillation/translation/training_data/gold_shards/gold_quality_4x640.shard_01_gold_core_a.jsonl,1000,,,,96,124,1.2917,85.7309,1081.2309,4,4,4,4,0,0,0,0,0,0,0,0,31.5,0.0,3.5673,0.0,0.0,35.0673,The system architecture supports high-throughput data processing via distributed message queues.,La arquitectura del sistema admite el procesamiento de datos de alto rendimiento a través de colas de mensajes distribuidas.
06,en-es,6c443f950c66d15e240b36b3da399d36ea337817f99f0f1444ffa076b52347e4,projects/distillation/translation/training_data/gold_shards/gold_quality_4x640.shard_02_gold_core_b.jsonl,1000,,,,91,123,1.3516,85.9216,1081.4216,4,4,4,4,0,0,0,0,0,0,0,0,31.5,0.0,3.5493,0.0,0.0,35.0493,Students who participate in study abroad programs often develop greater cultural awareness.,Los estudiantes que participan en programas de estudio en el extranjero a menudo desarrollan una mayor conciencia cultural.
06,en-es,cb428a4c92ac18f6af170ed2104cb143abcbe2f03c82c9a0306862430e78288d,projects/distillation/translation/training_data/gold_shards/gold_quality_4x640.shard_02_gold_core_b.jsonl,1000,,,,98,123,1.2551,85.9216,1081.4216,4,4,4,4,0,0,0,0,0,0,0,0,31.5,0.0,3.5196,0.0,0.0,35.0196,The volatility of the cryptocurrency market makes it a high-risk investment for individual savers.,La volatilidad del mercado de criptomonedas lo convierte en una inversión de alto riesgo para los ahorradores individuales.
06,en-es,4fcbbfbb3bfe97553076f4d90669e63db376f7ba43d6b73b5afd459b17311cbf,projects/distillation/translation/training_data/gold_shards/gold_quality_4x640.shard_02_gold_core_b.jsonl,1000,,,,94,122,1.2979,86.1123,1081.6123,4,4,4,4,0,0,0,0,0,0,0,0,31.5,0.0,3.4719,0.0,0.0,34.9719,Deep-sea submersibles have mapped hydrothermal vents at depths exceeding four thousand meters.,Los sumergibles de aguas profundas han cartografiado fuentes hidrotermales a profundidades superiores a cuatro mil metros.
06,en-es,cd746c3f00d0f7ca4ec50632dbd9528f557c729608d4adcb7394b6ae75ba227e,projects/distillation/translation/training_data/gold_shards/gold_quality_4x640.shard_02_gold_core_b.jsonl,1000,,,,96,122,1.2708,86.1123,1081.6123,4,4,4,4,0,0,0,0,0,0,0,0,31.5,0.0,3.4719,0.0,0.0,34.9719,Version control systems like Git enable multiple developers to collaborate on the same codebase.,Los sistemas de control de versiones como Git permiten que múltiples desarrolladores colaboren en la misma base de código.
06,es-en,ecced9a347b0c693061ebf85156be6742f02da2a9d8ec85432c3eac21764f13a,projects/distillation/translation/training_data/gold_shards/gold_quality_4x640.shard_01_gold_core_a.jsonl,1000,,,,109,85,1.2824,86.2382,1081.7382,4,4,4,4,0,0,0,0,0,0,0,0,31.5,0.0,3.4404,0.0,0.0,34.9404,El impacto del cambio climático en la agricultura es una preocupación creciente para los productores locales.,The impact of climate change on agriculture is a growing concern for local producers.
06,en-es,4783b59ceb45093f3337d489b17837a7d02ad3654589a9f38eee57c5b984c780,projects/distillation/translation/training_data/gold_shards/gold_quality_4x640.shard_02_gold_core_b.jsonl,1000,,,,100,121,1.21,86.303,1081.803,4,4,4,4,0,0,0,0,0,0,0,0,31.5,0.0,3.4243,0.0,0.0,34.9243,The professor asked students to test hypotheses with small datasets before running full experiments.,La profesora pidió al alumnado probar hipótesis con conjuntos de datos pequeños antes de ejecutar experimentos completos.
06,en-es,ec2ee757890c97f446d5f8df036da4786c8fb18cd917ce432bca0f5e8af610f2,projects/distillation/translation/training_data/gold_shards/gold_quality_4x640.shard_02_gold_core_b.jsonl,1000,,,,99,121,1.2222,86.303,1081.803,4,4,4,4,0,0,0,0,0,0,0,0,31.5,0.0,3.4243,0.0,0.0,34.9243,Object-relational mapping simplifies the interaction between application code and database schemas.,El mapeo objeto-relacional simplifica la interacción entre el código de la aplicación y los esquemas de la base de datos.
06,en-es,6365f431c281073b2d6a5cac2524ac838d829324e21e901a9de8c4686725a470,projects/distillation/translation/training_data/gold_shards/gold_quality_4x640.shard_02_gold_core_b.jsonl,1000,,,,77,109,1.4156,91.1562,1086.6562,4,4,4,4,0,0,0,0,0,0,0,0,31.5,0.0,3.3915,0.0,0.0,34.8915,The agriculture ministry announced a drought insurance pilot for small farms.,El ministerio de agricultura anunció un piloto de seguro contra sequía para pequeñas explotaciones agrícolas.
06,es-en,72a8293e86a47e9906b2abfd951de38843647428c2822e890f2186455f18aae3,projects/distillation/translation/training_data/gold_shards/gold_quality_4x640.shard_02_gold_core_b.jsonl,1000,,,,122,102,1.1961,86.4788,1081.9788,4,4,4,4,0,0,0,0,0,0,0,0,31.5,0.0,3.3803,0.0,0.0,34.8803,Kubernetes es una plataforma de código abierto para automatizar el despliegue y escalado de aplicaciones contenedorizadas.,Kubernetes is an open-source platform for automating the deployment and scaling of containerized apps.
06,en-es,4ff561e4a1c47b2eb3ddf5c535b9b565172e47d171adef6777eff6c6001b4168,projects/distillation/translation/training_data/gold_shards/gold_quality_4x640.shard_01_gold_core_a.jsonl,1000,,,,92,120,1.3043,86.4936,1081.9936,4,4,4,4,0,0,0,0,0,0,0,0,31.5,0.0,3.3766,0.0,0.0,34.8766,Scalable vector graphics maintain their quality regardless of the resolution or screen size.,Los gráficos vectoriales escalables mantienen su calidad independientemente de la resolución o el tamaño de la pantalla.
06,en-es,6e646d176b4c33b2e2a571ba7715abb75dc4b337aeeb69532350f8f8108d05ab,projects/distillation/translation/training_data/gold_shards/gold_quality_4x640.shard_02_gold_core_b.jsonl,1000,,,,40,47,1.175,86.5398,1082.0398,4,4,4,4,0,0,0,0,0,0,0,0,31.5,0.0,3.3651,0.0,0.0,34.865,I had no idea you were such a good cook!,¡No tenía idea de que fueras tan buen cocinero!
06,es-en,1f52d5a6591c6e29cdb1429eb2e03f3c955199cc0267ae580dbe8126ff66848e,projects/distillation/translation/training_data/gold_shards/gold_quality_4x640.shard_01_gold_core_a.jsonl,1000,,,,45,42,1.0714,86.5984,1082.0984,4,4,4,4,0,0,0,0,0,0,0,0,31.5,0.0,3.3504,0.0,0.0,34.8504,"Al noche cerrada, el puerto respiró despacio.","At late night, the harbor breathed slowly."
06,en-es,fcf1b33976cf343a4aebf1bdbb41e54139c736054e450d11ec7e572eeb064aec,projects/distillation/translation/training_data/gold_shards/gold_quality_4x640.shard_02_gold_core_b.jsonl,1000,,,,66,94,1.4242,92.0,1087.5,4,4,4,4,0,0,0,0,0,0,0,0,31.5,0.0,3.3364,0.0,0.0,34.8364,Doctors recommend regular eye exams to catch vision changes early.,Los médicos recomiendan revisiones oculares periódicas para detectar pronto cambios de visión.
06,es-en,4ab5d97d05c60c199d3d601c93c29c9204f9c606ea932443eca088ef0e875297,projects/distillation/translation/training_data/gold_shards/gold_quality_4x640.shard_01_gold_core_a.jsonl,1000,,,,107,84,1.2738,86.6627,1082.1627,4,4,4,4,0,0,0,0,0,0,0,0,31.5,0.0,3.3343,0.0,0.0,34.8343,El odontólogo recomendó una limpieza profunda para eliminar el sarro acumulado bajo la línea de las encías.,The dentist recommended a deep cleaning to remove tartar buildup below the gum line.
06,en-es,86ff65fda99b9781076e886428b10efb42f98c8f8b5ee371e2b4ffa56154a30f,projects/distillation/translation/training_data/gold_shards/gold_quality_4x640.shard_01_gold_core_a.jsonl,1000,,,,97,119,1.2268,86.6843,1082.1843,4,4,4,4,0,0,0,0,0,0,0,0,31.5,0.0,3.3289,0.0,0.0,34.8289,Tectonic activity along the ridge has created a chain of volcanic islands over millions of years.,La actividad tectónica a lo largo de la dorsal ha creado una cadena de islas volcánicas a lo largo de millones de años.
06,en-es,fbe3daef10eb7756b098bc68bdbc302bd96bf0aff35e5d3c11c1279dae0fee9a,projects/distillation/translation/training_data/gold_shards/gold_quality_4x640.shard_02_gold_core_b.jsonl,1000,,,,98,119,1.2143,86.6843,1082.1843,4,4,4,4,0,0,0,0,0,0,0,0,31.5,0.0,3.3289,0.0,0.0,34.8289,Tidal power stations harness the predictable rise and fall of ocean tides to generate electricity.,Las centrales mareomotrices aprovechan la subida y bajada predecible de las mareas oceánicas para generar electricidad.
06,es-en,a9acea9eab56f55134d65fa1d8bbc3739b8a5c9537478bf0584a7c6e1a8b0d2d,projects/distillation/translation/training_data/gold_shards/gold_quality_4x640.shard_02_gold_core_b.jsonl,1000,,,,121,104,1.1635,86.691,1082.191,4,4,4,4,0,0,0,0,0,0,0,0,31.5,0.0,3.3272,0.0,0.0,34.8272,Las aplicaciones nativas de la nube aprovechan la escalabilidad y elasticidad de los entornos de computación distribuida.,Cloud-native applications leverage the scalability and elasticity of distributed computing environments.
06,en-es,fc1aa64b1df15cc2e1af1a82e80d5dfac2afa86c3ea963c774f77effe846d9ef,projects/distillation/translation/training_data/gold_shards/gold_quality_4x640.shard_01_gold_core_a.jsonl,1000,,,,104,121,1.1635,86.7717,1082.2717,4,4,4,4,0,0,0,0,0,0,0,0,31.5,0.0,3.3071,0.0,0.0,34.8071,Cloud-native applications leverage the scalability and elasticity of distributed computing environments.,Las aplicaciones nativas de la nube aprovechan la escalabilidad y elasticidad de los entornos de computación distribuida.
06,es-en,0152b00c7adefdc2748c27c6613f7b4d0854273d5fa845bfa7f25b76c3164292,projects/distillation/translation/training_data/gold_shards/gold_quality_4x640.shard_02_gold_core_b.jsonl,1000,,,,120,104,1.1538,86.9033,1082.4033,4,4,4,4,0,0,0,0,0,0,0,0,31.5,0.0,3.2742,0.0,0.0,34.7742,Los modelos de seguridad de confianza cero asumen que las amenazas podrían originarse tanto dentro como fuera de la red.,Zero-trust security models assume that threats could originate from both inside and outside the network.
06,es-en,dd59d574a1383ed85fca9108fc4a555816c64f39052459a4d69c9552ba53c1df,projects/distillation/translation/training_data/gold_shards/gold_quality_4x640.shard_02_gold_core_b.jsonl,1000,,,,120,101,1.1881,86.9033,1082.4033,4,4,4,4,0,0,0,0,0,0,0,0,31.5,0.0,3.2742,0.0,0.0,34.7742,"La fragmentación de datos implica la partición de una base de datos grande en partes más pequeñas, rápidas y manejables.","Data sharding involves partitioning a large database into smaller, faster, and more manageable parts."
06,en-es,b53106fdb21cd329763761aa46003ea4cd9873e585d4ae2dba9428c9102554a9,projects/distillation/translation/training_data/gold_shards/gold_quality_4x640.shard_01_gold_core_a.jsonl,1000,,,,108,111,1.0278,86.9192,1082.4192,4,4,4,4,0,0,0,0,0,0,0,0,31.5,0.0,3.2702,0.0,0.0,34.7702,The stonemason restored the crumbling arch of the medieval church using lime mortar and original techniques.,El cantero restauró el arco desmoronado de la iglesia medieval utilizando mortero de cal y técnicas originales.
06,es-en,bad92b9636e7c985182aabd730e03751c8b3ddd8f49f33c4b6adbc5af8ef5dfb,projects/distillation/translation/training_data/gold_shards/gold_quality_4x640.shard_01_gold_core_a.jsonl,1000,,,,55,41,1.3415,86.9297,1082.4297,4,4,4,4,0,0,0,0,0,0,0,0,31.5,0.0,3.2676,0.0,0.0,34.7676,La lluvia fina dibujaba círculos sobre el canal oscuro.,Fine rain drew circles on the dark canal.
06,en-es,fddc1f563b1149528178246a7acf204bf77a229c24faddd422ca7d16afa9790c,projects/distillation/translation/training_data/gold_shards/gold_quality_4x640.shard_02_gold_core_b.jsonl,1000,,,,104,120,1.1538,86.9624,1082.4624,4,4,4,4,0,0,0,0,0,0,0,0,31.5,0.0,3.2594,0.0,0.0,34.7594,Zero-trust security models assume that threats could originate from both inside and outside the network.,Los modelos de seguridad de confianza cero asumen que las amenazas podrían originarse tanto dentro como fuera de la red.
06,en-es,dbcbe836424dbdce47244b1fa1c011c69e87d80593d44724c6ba93ad07e0dc79,projects/distillation/translation/training_data/gold_shards/gold_quality_4x640.shard_02_gold_core_b.jsonl,1000,,,,62,88,1.4194,92.0,1087.5,4,4,4,4,0,0,0,0,0,0,0,0,31.5,0.0,3.2484,0.0,0.0,34.7484,The team worked around the clock to meet the project deadline.,El equipo trabajó las veinticuatro horas del día para cumplir con el plazo del proyecto.
06,es-en,6e64cb0a404747e592bec7123b49e57b18c12ece4f92c1539d0a12b3ff2a1175,projects/distillation/translation/training_data/gold_shards/gold_quality_4x640.shard_02_gold_core_b.jsonl,1000,,,,118,101,1.1683,87.3278,1082.8278,4,4,4,4,0,0,0,0,0,0,0,0,31.5,0.0,3.1681,0.0,0.0,34.6681,La cláusula de responsabilidad en el acuerdo de nivel de servicio limita los daños totales pagaderos por el proveedor.,The liability clause in the service level agreement limits the total damages payable by the provider.
06,es-en,274437599b75461999a3120978a96edcb0252ecc6a0bc455051bb79169b84620,projects/distillation/translation/training_data/gold_shards/gold_quality_4x640.shard_02_gold_core_b.jsonl,1000,,,,117,98,1.1939,87.5401,1083.0401,4,4,4,4,0,0,0,0,0,0,0,0,31.5,0.0,3.115,0.0,0.0,34.615,La programación reactiva es un paradigma declarativo relacionado con los flujos de datos y la propagación de cambios.,Reactive programming is a declarative paradigm concerned with data streams and change propagation.
06,es-en,bda4217bd7ff7069aa02efd138a8005f9b70489289e9e45f291da13dfb153a1c,projects/distillation/translation/training_data/gold_shards/gold_quality_4x640.shard_02_gold_core_b.jsonl,1000,,,,96,68,1.4118,92.0,1087.5,4,4,4,4,0,0,0,0,0,0,0,0,31.5,0.0,3.1118,0.0,0.0,34.6118,La ciberseguridad se ha convertido en una preocupación central para las instituciones bancarias.,Cybersecurity has become a central concern for banking institutions.
06,en-es,f8857640dae291209b001c5c3a72a337ed9cec53de2716e184816b04f53b0b66,projects/distillation/translation/training_data/gold_shards/gold_quality_4x640.shard_02_gold_core_b.jsonl,1000,,,,71,100,1.4085,92.0,1087.5,4,4,4,4,0,0,0,0,0,0,0,0,31.5,0.0,3.0521,0.0,0.0,34.5521,The company's CEO emphasized the importance of innovation and teamwork.,El director ejecutivo de la empresa enfatizó la importancia de la innovación y el trabajo en equipo.
06,es-en,bde25e1a3cef6e01971242232e2839d7ef7f93ec785536d2a29d2e0a9826b766,projects/distillation/translation/training_data/gold_shards/gold_quality_4x640.shard_02_gold_core_b.jsonl,1000,,,,115,97,1.1856,87.9646,1083.4646,4,4,4,4,0,0,0,0,0,0,0,0,31.5,0.0,3.0088,0.0,0.0,34.5088,Las canalizaciones de integración continua y despliegue continuo automatizan el proceso de lanzamiento de software.,Continuous integration and continuous deployment pipelines automate the software release process.
06,es-en,d59a278113bdf8f36a0470ae7ac1e9b7ca9b7bf1ace9a4a662cd5e1994633a69,projects/distillation/translation/training_data/gold_shards/gold_quality_4x640.shard_01_gold_core_a.jsonl,1000,,,,115,99,1.1616,87.9646,1083.4646,4,4,4,4,0,0,0,0,0,0,0,0,31.5,0.0,3.0088,0.0,0.0,34.5088,Los glaciares de la cordillera andina alimentan ríos que son la principal fuente de agua para millones de personas.,The glaciers of the Andean range feed rivers that are the main water source for millions of people.
06,en-es,6d807a3a5aa0856dac1db880249023bb8ba880dedb3a9bc50018a1eeb45d4a18,projects/distillation/translation/training_data/gold_shards/gold_quality_4x640.shard_01_gold_core_a.jsonl,1000,,,,43,48,1.1163,88.0035,1083.5035,4,4,4,4,0,0,0,0,0,0,0,0,31.5,0.0,2.9991,0.0,0.0,34.4991,"At sunrise, the city looked newly forgiven.","Al amanecer, la ciudad pareció recién perdonada."
06,en-es,1dd7ec6bc15a8f878d26dd37394b77b77a085b2755d94aaf23dfb80b6dfa4820,projects/distillation/translation/training_data/gold_shards/gold_quality_4x640.shard_02_gold_core_b.jsonl,1000,,,,74,104,1.4054,92.0,1087.5,4,4,4,4,0,0,0,0,0,0,0,0,31.5,0.0,2.9973,0.0,0.0,34.4973,The blacksmith hammered the glowing iron bar into a decorative gate hinge.,El herrero martilló la barra de hierro al rojo vivo hasta darle forma de bisagra decorativa para portón.
06,es-en,733bfbadc7fea90d7981a8dedd2d962e854cb4faa99618fb212fc199fc156bab,projects/distillation/translation/training_data/gold_shards/gold_quality_4x640.shard_01_gold_core_a.jsonl,1000,,,,113,101,1.1188,88.3892,1083.8892,4,4,4,4,0,0,0,0,0,0,0,0,31.5,0.0,2.9027,0.0,0.0,34.4027,El deber fiduciario requiere que los asesores de inversión actúen únicamente en el mejor interés de sus clientes.,The fiduciary duty requires investment advisors to act solely in the best interests of their clients.
06,es-en,9f420a6e74900693446ddc21bbc1b27522bdf86613276f458faa457ed3aacd7e,projects/distillation/translation/training_data/gold_shards/gold_quality_4x640.shard_02_gold_core_b.jsonl,1000,,,,113,98,1.1531,88.3892,1083.8892,4,4,4,4,0,0,0,0,0,0,0,0,31.5,0.0,2.9027,0.0,0.0,34.4027,La inversión en capital riesgo conlleva un alto grado de incertidumbre pero ofrece retornos potenciales elevados.,Venture capital investment entails a high degree of uncertainty but offers high potential returns.
06,es-en,c7af72cb0edbc570a246ae8be2de1428f69c31ff40ca34d672d556409c43fd29,projects/distillation/translation/training_data/gold_shards/gold_quality_4x640.shard_01_gold_core_a.jsonl,1000,,,,113,102,1.1078,88.3892,1083.8892,4,4,4,4,0,0,0,0,0,0,0,0,31.5,0.0,2.9027,0.0,0.0,34.4027,El fondo de pensiones diversificó sus activos para protegerse contra la inestabilidad de los mercados emergentes.,The pension fund diversified its assets to protect itself against the instability of emerging markets.
06,en-es,77628521de095b77bb85eda1ef70eb01dd43dc7591a6fc8a9d29484d4e25a1f4,projects/distillation/translation/training_data/gold_shards/gold_quality_4x640.shard_01_gold_core_a.jsonl,1000,,,,98,118,1.2041,88.5625,1084.0625,4,4,4,4,0,0,0,0,0,0,0,0,31.5,0.0,2.8594,0.0,0.0,34.3594,Quantum computing uses qubits to perform calculations far beyond the reach of classical computers.,La computación cuántica utiliza cúbits para realizar cálculos mucho más allá del alcance de las computadoras clásicas.
06,en-es,ef92aeacf80fd89a92deaaa2d747c6a6440637e0dee79d5554ed32462918b5e6,projects/distillation/translation/training_data/gold_shards/gold_quality_4x640.shard_02_gold_core_b.jsonl,1000,,,,95,118,1.2421,88.5625,1084.0625,4,4,4,4,0,0,0,0,0,0,0,0,31.5,0.0,2.8594,0.0,0.0,34.3594,Dividend reinvestment plans allow investors to accumulate shares without paying brokerage fees.,Los planes de reinversión de dividendos permiten a los inversores acumular acciones sin pagar comisiones de corretaje.
06,es-en,a34864564129f94db953d6492423598d86210fcf31a0c14137ccd4cc52eb5a91,projects/distillation/translation/training_data/gold_shards/gold_quality_4x640.shard_02_gold_core_b.jsonl,1000,,,,50,43,1.1628,88.7998,1084.2998,4,4,4,4,0,0,0,0,0,0,0,0,31.5,0.0,2.8,0.0,0.0,34.3,"Hicimos una parada corta, y probamos comida local.","We made a short stop, and tried local food."
06,es-en,e4bb45c127ceb554b4cdb96f2d18633b2c4d33ed0a4bb6ce4fff33042437dba2,projects/distillation/translation/training_data/gold_shards/gold_quality_4x640.shard_02_gold_core_b.jsonl,1000,,,,50,43,1.1628,88.7998,1084.2998,4,4,4,4,0,0,0,0,0,0,0,0,31.5,0.0,2.8,0.0,0.0,34.3,Salimos temprano para evitar filas en la frontera.,We left early to avoid lines at the border.
06,es-en,df2076d08e34f9a70b20960004645de2b5815ed3aae4cec4ae92b6b5259ee86e,projects/distillation/translation/training_data/gold_shards/gold_quality_4x640.shard_02_gold_core_b.jsonl,1000,,,,111,104,1.0673,88.8137,1084.3137,4,4,4,4,0,0,0,0,0,0,0,0,31.5,0.0,2.7966,0.0,0.0,34.2966,La sentencia ratifica la nulidad de las cláusulas que obligan al cliente a pagar gastos hipotecarios excesivos.,The ruling confirms the nullity of the clauses that force the client to pay excessive mortgage expenses.
06,en-es,3c414496a07cfc2fd5a99d2c07671943bfd5e3470f5cea4f174e29156fa467fc,projects/distillation/translation/training_data/gold_shards/gold_quality_4x640.shard_02_gold_core_b.jsonl,1000,,,,44,58,1.3182,88.9438,1084.4438,4,4,4,4,0,0,0,0,0,0,0,0,31.5,0.0,2.7641,0.0,0.0,34.264,How do I sign up for the company newsletter?,¿Cómo me registro en el boletín informativo de la empresa?
06,es-en,464fd6304294ab9ed9a7c5a15e7755cc56182f75bf7b03b0b525ea72df8ee916,projects/distillation/translation/training_data/gold_shards/gold_quality_4x640.shard_02_gold_core_b.jsonl,1000,,,,110,97,1.134,89.0259,1084.5259,4,4,4,4,0,0,0,0,0,0,0,0,31.5,0.0,2.7435,0.0,0.0,34.2435,La última actualización del sistema operativo incluye mejoras significativas en el rendimiento y la seguridad.,The latest operating system update includes significant improvements in performance and security.
06,es-en,70c89f0de91d389620bdd299e86c4b71fc9ca4099a1fe31f2b93e3498b3ba2ae,projects/distillation/translation/training_data/gold_shards/gold_quality_4x640.shard_01_gold_core_a.jsonl,1000,,,,110,98,1.1224,89.0259,1084.5259,4,4,4,4,0,0,0,0,0,0,0,0,31.5,0.0,2.7435,0.0,0.0,34.2435,Los radioastrónomos captaron una señal repetitiva procedente de una estrella de neutrones a miles de años luz.,Radio astronomers picked up a repetitive signal from a neutron star thousands of light-years away.
06,en-es,bc90d79c1d8357020ff817a650f4f3ddbdb2957f922717f8bcf2c101631dcc47,projects/distillation/translation/training_data/gold_shards/gold_quality_4x640.shard_01_gold_core_a.jsonl,1000,,,,82,114,1.3902,91.9375,1087.4375,4,4,4,4,0,0,0,0,0,0,0,0,31.5,0.0,2.74,0.0,0.0,34.24,Local authorities are implementing stricter regulations on plastic waste disposal.,Las autoridades locales están implementando regulaciones más estrictas sobre la eliminación de residuos plásticos.
06,en-es,cab2931c91fceee4a34c8302429651c9d41ca792959277e96856846763eb07be,projects/distillation/translation/training_data/gold_shards/gold_quality_4x640.shard_01_gold_core_a.jsonl,1000,,,,45,49,1.0889,89.0984,1084.5984,4,4,4,4,0,0,0,0,0,0,0,0,31.5,0.0,2.7254,0.0,0.0,34.2254,Could you please pass me the salt and pepper?,"¿Podrías pasarme la sal y la pimienta, por favor?"
06,es-en,28d967fe33cb97960ccab72f6d508ef9e3aa02fae8cbbdff6d8d39b826773803,projects/distillation/translation/training_data/gold_shards/gold_quality_4x640.shard_01_gold_core_a.jsonl,1000,,,,47,47,1.0,89.1218,1084.6218,4,4,4,4,0,0,0,0,0,0,0,0,31.5,0.0,2.7196,0.0,0.0,34.2195,¡Hacía siglos que no comía una paella tan rica!,I hadn't eaten such a delicious paella in ages!
06,es-en,15c1607f08e3de26fb8b80b4efbea2b150261e6c3db66ed7216b62b3dbdd55a6,projects/distillation/translation/training_data/gold_shards/gold_quality_4x640.shard_01_gold_core_a.jsonl,1000,,,,109,96,1.1354,89.2382,1084.7382,4,4,4,4,0,0,0,0,0,0,0,0,31.5,0.0,2.6904,0.0,0.0,34.1904,La memoria caché del navegador almacena archivos temporales para acelerar la carga de sitios web recurrentes.,The browser's cache memory stores temporary files to speed up the loading of recurring websites.
06,es-en,4fdbc0855a7c3f2fcccb73b3524be9641d77af5f60cdc34e2a1b963aa6541137,projects/distillation/translation/training_data/gold_shards/gold_quality_4x640.shard_02_gold_core_b.jsonl,1000,,,,109,93,1.172,89.2382,1084.7382,4,4,4,4,0,0,0,0,0,0,0,0,31.5,0.0,2.6904,0.0,0.0,34.1904,El procesamiento del lenguaje natural permite a las máquinas entender e interpretar datos de lenguaje humano.,Natural language processing enables machines to understand and interpret human language data.
06,es-en,89db90d62b48576e482c4eccef172d74e0bf16667fac9ee0d45a8eb96e1c54bf,projects/distillation/translation/training_data/gold_shards/gold_quality_4x640.shard_01_gold_core_a.jsonl,1000,,,,109,102,1.0686,89.2382,1084.7382,4,4,4,4,0,0,0,0,0,0,0,0,31.5,0.0,2.6904,0.0,0.0,34.1904,El psicólogo aplicó técnicas de exposición gradual para tratar la fobia del paciente a los espacios cerrados.,The psychologist applied gradual exposure techniques to treat the patient's phobia of enclosed spaces.
06,es-en,bdf1a71b3e7aee631025ad5ed392de4e80e2e314bef9cecf09078ddf2d73c082,projects/distillation/translation/training_data/gold_shards/gold_quality_4x640.shard_01_gold_core_a.jsonl,1000,,,,109,95,1.1474,89.2382,1084.7382,4,4,4,4,0,0,0,0,0,0,0,0,31.5,0.0,2.6904,0.0,0.0,34.1904,La declaración de quiebra proporciona a la empresa protección frente a los acreedores mientras se reorganiza.,The bankruptcy filing provides the company with protection from creditors while it reorganizes.
06,es-en,ed60e1ebd10ce7a8cf57ca6f27865d8f8ab251c79407be832b5c442fff02360c,projects/distillation/translation/training_data/gold_shards/gold_quality_4x640.shard_01_gold_core_a.jsonl,1000,,,,109,93,1.172,89.2382,1084.7382,4,4,4,4,0,0,0,0,0,0,0,0,31.5,0.0,2.6904,0.0,0.0,34.1904,La operadora de la grúa colocó los contenedores en la cubierta del buque siguiendo un plan de estiba preciso.,The crane operator placed the containers on the ship's deck following a precise stowage plan.
06,es-en,0145daf42ef6ae53ca22b5ac6d8227ff8b7ab9bd92a208c38cb055157356ade1,projects/distillation/translation/training_data/gold_shards/gold_quality_4x640.shard_02_gold_core_b.jsonl,1000,,,,108,94,1.1489,89.4505,1084.9505,4,4,4,4,0,0,0,0,0,0,0,0,31.5,0.0,2.6374,0.0,0.0,34.1374,Los títeres de sombra son una forma de teatro tradicional que se mantiene viva en varias culturas asiáticas.,Shadow puppets are a form of traditional theater that remains alive in several Asian cultures.
06,en-es,d8be307125742700768c4994a09f978f34c28925abe0ab2ac08941d6feba5403,projects/distillation/translation/training_data/gold_shards/gold_quality_4x640.shard_01_gold_core_a.jsonl,1000,,,,101,120,1.1881,89.4936,1084.9936,4,4,4,4,0,0,0,0,0,0,0,0,31.5,0.0,2.6266,0.0,0.0,34.1266,"Data sharding involves partitioning a large database into smaller, faster, and more manageable parts.","La fragmentación de datos implica la partición de una base de datos grande en partes más pequeñas, rápidas y manejables."
06,en-es,de281c48c0d702cd809d79eeb337cbddcb62040b0159d93cb45016baa18a34c0,projects/distillation/translation/training_data/gold_shards/gold_quality_4x640.shard_02_gold_core_b.jsonl,1000,,,,51,44,1.1591,89.5258,1085.0258,4,4,4,4,0,0,0,0,0,0,0,0,31.5,0.0,2.6185,0.0,0.0,34.1185,Are you still planning on going to the gym tonight?,¿Sigues planeando ir al gimnasio esta noche?
06,es-en,4258fc41605e953f876462b9e856e976306ae5ff118fdee5033dd7025dddf5ee,projects/distillation/translation/training_data/gold_shards/gold_quality_4x640.shard_02_gold_core_b.jsonl,1000,,,,107,99,1.0808,89.6627,1085.1627,4,4,4,4,0,0,0,0,0,0,0,0,31.5,0.0,2.5843,0.0,0.0,34.0843,El contrato incluye una cláusula de confidencialidad para proteger la información estratégica del proyecto.,The contract includes a confidentiality clause to protect the strategic information of the project.
06,es-en,de9592634d8d63c7bf07d05ed249002ba85be4c8e39715f7e9c87edb6c08e1f6,projects/distillation/translation/training_data/gold_shards/gold_quality_4x640.shard_02_gold_core_b.jsonl,1000,,,,107,91,1.1758,89.6627,1085.1627,4,4,4,4,0,0,0,0,0,0,0,0,31.5,0.0,2.5843,0.0,0.0,34.0843,La nutricionista explicó cómo leer las etiquetas para identificar azúcares ocultos en alimentos procesados.,The nutritionist explained how to read labels to identify hidden sugars in processed foods.
06,en-es,7c0f074561ef52d25d72b1b320f9f0e93c3fb475833e4032d40ad419ea45460e,projects/distillation/translation/training_data/gold_shards/gold_quality_4x640.shard_02_gold_core_b.jsonl,1000,,,,103,118,1.1456,89.875,1085.375,4,4,4,4,0,0,0,0,0,0,0,0,31.5,0.0,2.5312,0.0,0.0,34.0312,The psychologist explained how cognitive behavioral therapy can help reframe negative thought patterns.,La psicóloga explicó cómo la terapia cognitivo-conductual puede ayudar a reformular patrones de pensamiento negativos.
06,en-es,a0c800c0e7f89f59ca1a09354ed5be89f6ba5b11a16145bf4059ec4a9e6321b9,projects/distillation/translation/training_data/gold_shards/gold_quality_4x640.shard_02_gold_core_b.jsonl,1000,,,,48,49,1.0208,90.2049,1085.7049,4,4,4,4,0,0,0,0,0,0,0,0,31.5,0.0,2.4488,0.0,0.0,33.9488,I'm looking for a gift for my sister's birthday.,Busco un regalo para el cumpleaños de mi hermana.
06,es-en,5859dc56e4a1fed95949b02e257c325e21acfe07d5804f9a42e0ce48450e92df,projects/distillation/translation/training_data/gold_shards/gold_quality_4x640.shard_02_gold_core_b.jsonl,1000,,,,50,47,1.0638,90.2283,1085.7283,4,4,4,4,0,0,0,0,0,0,0,0,31.5,0.0,2.4429,0.0,0.0,33.9429,"Al toque de campana, el pasillo guardó un secreto.","At the bell strike, the corridor held a secret."
06,en-es,0f3cc4eedce5178175ce67b42709659eab22bb1d751d98091c5589e9ad5fc0b9,projects/distillation/translation/training_data/gold_shards/gold_quality_4x640.shard_01_gold_core_a.jsonl,1000,,,,86,116,1.3488,90.25,1085.75,4,4,4,4,0,0,0,0,0,0,0,0,31.5,0.0,2.4375,0.0,0.0,33.9375,The public transit authority announced an integrated fare card for suburban commuters.,La autoridad de transporte público anunció una tarjeta tarifaria integrada para personas que viajan desde suburbios.
06,en-es,bfcd7dc9b1ac03823b021988eaddff31be409cb32b3425e0889807b6106d980f,projects/distillation/translation/training_data/gold_shards/gold_quality_4x640.shard_01_gold_core_a.jsonl,1000,,,,90,116,1.2889,90.25,1085.75,4,4,4,4,0,0,0,0,0,0,0,0,31.5,0.0,2.4375,0.0,0.0,33.9375,The harbor pilot boarded the container ship to guide it safely through the narrow channel.,El práctico del puerto subió a bordo del buque portacontenedores para guiarlo de forma segura por el canal estrecho.
06,es-en,f0005603dab28389e5247ffe15385b1fc852c1543a0f6f3451aaa11a4d21a5e9,projects/distillation/translation/training_data/gold_shards/gold_quality_4x640.shard_02_gold_core_b.jsonl,1000,,,,48,66,1.375,92.2049,1087.7049,4,4,4,4,0,0,0,0,0,0,0,0,31.5,0.0,2.3988,0.0,0.0,33.8988,"Nos guio una vecina, y evitamos zonas saturadas.","We were guided by a local neighbor, and avoided overcrowded areas."
06,es-en,c3bd592c04d5e25ef6887a90ea6f33931ee6c7c6ee8e2c0ed5cde5bf2b1cf49b,projects/distillation/translation/training_data/gold_shards/gold_quality_4x640.shard_01_gold_core_a.jsonl,1000,,,,104,116,1.1154,90.7188,1086.2188,4,4,4,4,0,0,0,0,0,0,0,0,31.5,0.0,2.3203,0.0,0.0,33.8203,El uso de contenedores permite aislar las aplicaciones y facilitar su despliegue en diferentes entornos.,The use of containers allows for isolating applications and facilitating their deployment in different environments.
06,en-es,e1467a9f6a71789d54550f803639054e2daa66c2085107852c9b36ae5193d598,projects/distillation/translation/training_data/gold_shards/gold_quality_4x640.shard_01_gold_core_a.jsonl,1000,,,,102,118,1.1569,90.7188,1086.2188,4,4,4,4,0,0,0,0,0,0,0,0,31.5,0.0,2.3203,0.0,0.0,33.8203,The financial statements were audited by an independent firm to ensure compliance with GAAP standards.,Los estados financieros fueron auditados por una firma independiente para asegurar el cumplimiento de las normas GAAP.
06,en-es,aa0b30bfc25f750d049c4545f2160a0035118f54cbc36a8472bdcd49599dfb2a,projects/distillation/translation/training_data/gold_shards/gold_quality_4x640.shard_02_gold_core_b.jsonl,1000,,,,47,60,1.2766,90.7646,1086.2646,4,4,4,4,0,0,0,0,0,0,0,0,31.5,0.0,2.3088,0.0,0.0,33.8088,"We took a night bus, and saved one hotel night.","Tomamos un autobús nocturno, y ahorramos una noche de hotel."
06,es-en,c2881a45e51ebcba4c88448aeac9b04a646111e2567759a296961695d3d26688,projects/distillation/translation/training_data/gold_shards/gold_quality_4x640.shard_02_gold_core_b.jsonl,1000,,,,60,47,1.2766,90.9169,1086.4169,4,4,4,4,0,0,0,0,0,0,0,0,31.5,0.0,2.2708,0.0,0.0,33.7708,"Si el audio se escucha con eco, baja el volumen del altavoz.","If the audio has an echo, lower speaker volume."
06,es-en,7179687d0bbc5c862821e02d123287cad7416adef6dd166bda2affa2e8578c94,projects/distillation/translation/training_data/gold_shards/gold_quality_4x640.shard_01_gold_core_a.jsonl,1000,,,,48,51,1.0625,90.9192,1086.4192,4,4,4,4,0,0,0,0,0,0,0,0,31.5,0.0,2.2702,0.0,0.0,33.7702,"Gracias por el aviso, así pude salir con tiempo.","Thanks for the heads-up, that let me leave on time."
06,en-es,ca2a694e9aa4383e6a85ad781cf9f48ba6ffe2ef38bed0d5bfca3082f4bf25c0,projects/distillation/translation/training_data/gold_shards/gold_quality_4x640.shard_01_gold_core_a.jsonl,1000,,,,49,50,1.0204,90.9309,1086.4309,4,4,4,4,0,0,0,0,0,0,0,0,31.5,0.0,2.2673,0.0,0.0,33.7673,I'll send you the details as soon as I have them.,Te enviaré los detalles tan pronto como los tenga.
06,es-en,482c8ac68314b7a97359521423727d0e49183809431601961781b39beb06a5c7,projects/distillation/translation/training_data/gold_shards/gold_quality_4x640.shard_02_gold_core_b.jsonl,1000,,,,54,45,1.2,90.9895,1086.4895,4,4,4,4,0,0,0,0,0,0,0,0,31.5,0.0,2.2526,0.0,0.0,33.7526,"Salimos al amanecer, y evitamos el tráfico de entrada.","We left at dawn, and avoided inbound traffic."
06,en-es,00df3a13e3eed65a771fafa94f4b4203d6b50193faf8edb3112f77e91c3aa2f7,projects/distillation/translation/training_data/gold_shards/gold_quality_4x640.shard_01_gold_core_a.jsonl,1000,,,,89,115,1.2921,91.0938,1086.5938,4,4,4,4,0,0,0,0,0,0,0,0,31.5,0.0,2.2265,0.0,0.0,33.7266,The venture capital fund focuses on Series A investments in disruptive fintech companies.,El fondo de capital de riesgo se centra en inversiones de Serie A en empresas de tecnología financiera disruptivas.
06,en-es,57d637fd312a1adeb75f319494f333e2d1921f7e1a963e1e51bf9708e1adaa19,projects/distillation/translation/training_data/gold_shards/gold_quality_4x640.shard_02_gold_core_b.jsonl,1000,,,,86,115,1.3372,91.0938,1086.5938,4,4,4,4,0,0,0,0,0,0,0,0,31.5,0.0,2.2265,0.0,0.0,33.7266,Cybersecurity experts warn of an increase in sophisticated phishing attacks worldwide.,Los expertos en ciberseguridad advierten sobre un aumento de los ataques de phishing sofisticados en todo el mundo.
06,en-es,5f33905758d4f45cbcf00354b77bbbcc868d7c8422514c5a7a31283722a39b84,projects/distillation/translation/training_data/gold_shards/gold_quality_4x640.shard_01_gold_core_a.jsonl,1000,,,,86,115,1.3372,91.0938,1086.5938,4,4,4,4,0,0,0,0,0,0,0,0,31.5,0.0,2.2265,0.0,0.0,33.7266,Social media platforms are under scrutiny for their handling of user data and privacy.,Las plataformas de redes sociales están bajo escrutinio por su manejo de los datos de los usuarios y la privacidad.
06,en-es,b672a98e372dd0ccda1d73c8e0055bca827e1dbec472df726f20d4d7f6f4348e,projects/distillation/translation/training_data/gold_shards/gold_quality_4x640.shard_02_gold_core_b.jsonl,1000,,,,94,115,1.2234,91.0938,1086.5938,4,4,4,4,0,0,0,0,0,0,0,0,31.5,0.0,2.2265,0.0,0.0,33.7266,Wildfire smoke drifted across the valley and triggered air-quality warnings in three counties.,El humo de los incendios forestales se extendió por el valle y activó alertas de calidad del aire en tres condados.
06,en-es,de959f36af7a4db3eabcfdf8b84a19442b8925784825ccaae2499e314ef3ad41,projects/distillation/translation/training_data/gold_shards/gold_quality_4x640.shard_01_gold_core_a.jsonl,1000,,,,93,115,1.2366,91.0938,1086.5938,4,4,4,4,0,0,0,0,0,0,0,0,31.5,0.0,2.2265,0.0,0.0,33.7266,The central bank implemented a hawkish monetary policy to curb rising inflationary pressures.,El banco central implementó una política monetaria restrictiva para frenar las crecientes presiones inflacionarias.
06,en-es,ddd4be8d798877a99afadbf50ac00bc3d6650caa82fe3ec8712943f32dc3b905,projects/distillation/translation/training_data/gold_shards/gold_quality_4x640.shard_01_gold_core_a.jsonl,1000,,,,48,52,1.0833,91.2763,1086.7763,4,4,4,4,0,0,0,0,0,0,0,0,31.5,0.0,2.1809,0.0,0.0,33.6809,I'll be at home all day if you need to reach me.,Estaré en casa todo el día si necesitas contactarme.
06,es-en,62e2f04354bdd8ae707a124f2b50a4b47ab4bcc3436350fba725cf5060879499,projects/distillation/translation/training_data/gold_shards/gold_quality_4x640.shard_02_gold_core_b.jsonl,1000,,,,53,47,1.1277,91.3349,1086.8349,4,4,4,4,0,0,0,0,0,0,0,0,31.5,0.0,2.1663,0.0,0.0,33.6663,"Al anochecer, las persianas sonaron como olas breves.","At dusk, the shutters sounded like brief waves."
06,en-es,2de5be6418856e5754c433f471cd3a29ccd60475ed8d80bd2488bca53da7705e,projects/distillation/translation/training_data/gold_shards/gold_quality_4x640.shard_02_gold_core_b.jsonl,1000,,,,101,118,1.1683,91.5625,1087.0625,4,4,4,4,0,0,0,0,0,0,0,0,31.5,0.0,2.1094,0.0,0.0,33.6094,The liability clause in the service level agreement limits the total damages payable by the provider.,La cláusula de responsabilidad en el acuerdo de nivel de servicio limita los daños totales pagaderos por el proveedor.
06,en-es,97765c90d3fa91811c5c076b376cb2e88bb07cbe2420209f5a6edeff89d415e8,projects/distillation/translation/training_data/gold_shards/gold_quality_4x640.shard_02_gold_core_b.jsonl,1000,,,,101,118,1.1683,91.5625,1087.0625,4,4,4,4,0,0,0,0,0,0,0,0,31.5,0.0,2.1094,0.0,0.0,33.6094,The debate coach trained the students to structure their arguments with evidence and clear reasoning.,El preparador de debates entrenó a los estudiantes para estructurar sus argumentos con evidencia y razonamiento claro.
06,en-es,f455331941245b8bdbacd687a0d61a1d789bb866db32f8fdffa78103a6177181,projects/distillation/translation/training_data/gold_shards/gold_quality_4x640.shard_02_gold_core_b.jsonl,1000,,,,104,115,1.1058,91.5625,1087.0625,4,4,4,4,0,0,0,0,0,0,0,0,31.5,0.0,2.1094,0.0,0.0,33.6094,Ornithologists recorded the call of a species thought to be extinct in the region for over thirty years.,Los ornitólogos grabaron el canto de una especie que se creía extinta en la región desde hacía más de treinta años.
06,en-es,ea091a9431f9ea112ac0e70f165da4519f9c5fe2bb8e18de7c2bbae409d809a3,projects/distillation/translation/training_data/gold_shards/gold_quality_4x640.shard_02_gold_core_b.jsonl,1000,,,,51,50,1.02,91.6686,1082.1686,1,4,4,4,0,0,0,0,1,0,0,0,25.5,6.0,2.0829,0.0,0.0,33.5829,I really enjoyed the book; it was hard to put down.,Realmente disfruté el libro; fue difícil de dejar.
06,en-es,04da3e2b66e427ff8764aac8dc944de2d05d20100f4fde1a7a077c3c4216bfeb,projects/distillation/translation/training_data/gold_shards/gold_quality_4x640.shard_02_gold_core_b.jsonl,1000,,,,91,114,1.2527,91.9375,1087.4375,4,4,4,4,0,0,0,0,0,0,0,0,31.5,0.0,2.0156,0.0,0.0,33.5156,Please note that the discount code is only valid for purchases made through the mobile app.,Tenga en cuenta que el código de descuento solo es válido para compras realizadas a través de la aplicación móvil.
06,en-es,6c69e31012fc15f4cf5885b270a057c5f24fca9bfda7c942e3bf971d4097abc6,projects/distillation/translation/training_data/gold_shards/gold_quality_4x640.shard_01_gold_core_a.jsonl,1000,,,,87,114,1.3103,91.9375,1087.4375,4,4,4,4,0,0,0,0,0,0,0,0,31.5,0.0,2.0156,0.0,0.0,33.5156,The government is launching a new initiative to promote digital literacy among seniors.,El gobierno está lanzando una nueva iniciativa para promover la alfabetización digital entre las personas mayores.
06,en-es,f84eb611c98f49f86abc454a586d8b85b7d61c80cac6485450cd083ced1ca64d,projects/distillation/translation/training_data/gold_shards/gold_quality_4x640.shard_01_gold_core_a.jsonl,1000,,,,50,52,1.04,92.0141,1087.5141,4,4,4,4,0,0,0,0,0,0,0,0,31.5,0.0,1.9965,0.0,0.0,33.4965,"If the camera cannot focus, clean the lens gently.","Si la cámara no enfoca, limpia la lente con cuidado."
06,es-en,bd76efb62ae255c4504643d0ca4b01c1f13e0e8a4cb1f3e39899940886eafcc6,projects/distillation/translation/training_data/gold_shards/gold_quality_4x640.shard_01_gold_core_a.jsonl,1000,,,,55,47,1.1702,92.0726,1087.5726,4,4,4,4,0,0,0,0,0,0,0,0,31.5,0.0,1.9819,0.0,0.0,33.4819,No cierres la sesión mientras se sincronizan los datos.,Do not log out while the data is synchronizing.
06,en-es,71e96c7227190a66ced268121bea8aa0493b4d4ed04f37b5fc4010c09c9c6e94,projects/distillation/translation/training_data/gold_shards/gold_quality_4x640.shard_02_gold_core_b.jsonl,1000,,,,50,61,1.22,92.2283,1087.7283,4,4,4,4,0,0,0,0,0,0,0,0,31.5,0.0,1.9429,0.0,0.0,33.4429,I'm so glad we decided to take this trip together.,Me alegra mucho que hayamos decidido hacer este viaje juntos.
06,en-es,5381abecebefa76070638bf7ce3b198eb2901b7c7e607a6a379fd7da6b502661,projects/distillation/translation/training_data/gold_shards/gold_quality_4x640.shard_01_gold_core_a.jsonl,1000,,,,83,126,1.5181,80.3496,1075.8496,1,4,4,4,0,0,0,0,0,0,0,0,25.5,0.0,7.9379,0.0,0.0,33.4379,Analysts expect modest revenue growth next quarter as consumer demand stays uneven.,Los analistas esperan crecimiento moderado de ingresos el próximo trimestre mientras la demanda del consumidor sigue desigual.
06,es-en,fa932761f4c4284d8cfd9b9f1b6aebeff5b3e526c5636be0fbfbe3768558fed9,projects/distillation/translation/training_data/gold_shards/gold_quality_4x640.shard_01_gold_core_a.jsonl,1000,,,,50,53,1.06,92.3712,1087.8712,4,4,4,4,0,0,0,0,0,0,0,0,31.5,0.0,1.9072,0.0,0.0,33.4072,"Cambiamos de ruta, y descubrimos un mirador vacío.","We changed routes, and discovered an empty viewpoint."
06,en-es,436d8017ffbecc3831dde4e7565c72399a8d7cb80cfbf731242633fea35c7153,projects/distillation/translation/training_data/gold_shards/gold_quality_4x640.shard_01_gold_core_a.jsonl,1000,,,,99,117,1.1818,92.4062,1087.9062,4,4,4,4,0,0,0,0,0,0,0,0,31.5,0.0,1.8985,0.0,0.0,33.3984,The baker scored the top of each sourdough loaf with a razor blade before sliding it into the oven.,El panadero hizo cortes en la parte superior de cada hogaza de masa madre con una cuchilla antes de meterla al horno.
06,en-es,686c8bf72f081da0c7fb4eedfa238c05d0efb6c197f590ba62788bc485b90df3,projects/distillation/translation/training_data/gold_shards/gold_quality_4x640.shard_02_gold_core_b.jsonl,1000,,,,98,117,1.1939,92.4062,1087.9062,4,4,4,4,0,0,0,0,0,0,0,0,31.5,0.0,1.8985,0.0,0.0,33.3984,Reactive programming is a declarative paradigm concerned with data streams and change propagation.,La programación reactiva es un paradigma declarativo relacionado con los flujos de datos y la propagación de cambios.
06,es-en,15a76888f8d2bb15291ca31f8157d7a81a0debf6debcb1e26fbaefc35f804189,projects/distillation/translation/training_data/gold_shards/gold_quality_4x640.shard_02_gold_core_b.jsonl,1000,,,,53,51,1.0392,92.7635,1088.2635,4,4,4,4,0,0,0,0,0,0,0,0,31.5,0.0,1.8091,0.0,0.0,33.3091,"Si la señal de wifi cae, reinicia el punto de acceso.","If the wifi signal drops, restart the access point."
06,en-es,505bb60b5655a394127c95330bfbc08982372f227555dcdd6c58c1287af6e7fb,projects/distillation/translation/training_data/gold_shards/gold_quality_4x640.shard_01_gold_core_a.jsonl,1000,,,,93,113,1.2151,92.7812,1088.2812,4,4,4,4,0,0,0,0,0,0,0,0,31.5,0.0,1.8047,0.0,0.0,33.3047,The harbor master closed the port to all outgoing vessels until the storm warning was lifted.,El capitán del puerto cerró el acceso a todos los barcos salientes hasta que se levantara la alerta por tormenta.
06,en-es,a2416d30eb252d5eab8e77c192b6cd89fc89db21909849faabf8cf4f9ed8558a,projects/distillation/translation/training_data/gold_shards/gold_quality_4x640.shard_02_gold_core_b.jsonl,1000,,,,86,113,1.314,92.7812,1088.2812,4,4,4,4,0,0,0,0,0,0,0,0,31.5,0.0,1.8047,0.0,0.0,33.3047,Artificial intelligence is transforming the way we process and analyze large datasets.,La inteligencia artificial está transformando la forma en que procesamos y analizamos grandes conjuntos de datos.
06,es-en,f716f4bc1965e23ecc11d20f36067981181ee065fa8c001b1eadea617e13f6ea,projects/distillation/translation/training_data/gold_shards/gold_quality_4x640.shard_01_gold_core_a.jsonl,1000,,,,106,84,1.2619,92.7812,1088.2812,4,4,4,4,0,0,0,0,0,0,0,0,31.5,0.0,1.8047,0.0,0.0,33.3047,Las semillas modificadas para tolerar suelos salinos podrían transformar la agricultura en zonas costeras.,Seeds modified to tolerate salty soils could transform agriculture in coastal areas.
06,en-es,8dba6a911ab2d01a4ed1ddb36ef536b325ba58b45297f0c3ffe169585d75f608,projects/distillation/translation/training_data/gold_shards/gold_quality_4x640.shard_02_gold_core_b.jsonl,1000,,,,56,48,1.1667,92.7986,1088.2986,4,4,4,4,0,0,0,0,0,0,0,0,31.5,0.0,1.8004,0.0,0.0,33.3004,I'll give you a call as soon as I arrive at the station.,Te llamaré tan pronto como llegue a la estación.
06,en-es,f0ff5e9eb36ce4d965de3982341488c65731b38519f2264f1159dba33c0e582e,projects/distillation/translation/training_data/gold_shards/gold_quality_4x640.shard_02_gold_core_b.jsonl,1000,,,,48,57,1.1875,93.0621,1088.5621,4,4,4,4,0,0,0,0,0,0,0,0,31.5,0.0,1.7345,0.0,0.0,33.2345,"At the final bell, the corridor held its breath.","Al toque final de campana, el pasillo contuvo el aliento."
06,es-en,b0f87659c58b0c8a1c1d762e011e73c1d1d187d376bbb8b22f10e0d023384ae2,projects/distillation/translation/training_data/gold_shards/gold_quality_4x640.shard_02_gold_core_b.jsonl,1000,,,,54,51,1.0588,93.1323,1088.6323,4,4,4,4,0,0,0,0,0,0,0,0,31.5,0.0,1.7169,0.0,0.0,33.2169,"Alquilamos bicicletas, y recorrimos la costa completa.","We rented bicycles, and covered the full coastline."
06,en-es,5184c1b5e03fce6bed2e95029ea48cfc6b18ed9d9737f7ae73c8737bf09922ff,projects/distillation/translation/training_data/gold_shards/gold_quality_4x640.shard_01_gold_core_a.jsonl,1000,,,,97,116,1.1959,93.25,1088.75,4,4,4,4,0,0,0,0,0,0,0,0,31.5,0.0,1.6875,0.0,0.0,33.1875,Desalination plants along the coast now supply nearly forty percent of the city's drinking water.,Las plantas desalinizadoras de la costa suministran ahora casi el cuarenta por ciento del agua potable de la ciudad.
06,es-en,e78709d9a80f13728a4fca895c5261f9b80b87a61efea11eccca4a6bacc3b28a,projects/distillation/translation/training_data/gold_shards/gold_quality_4x640.shard_01_gold_core_a.jsonl,1000,,,,102,115,1.1275,93.25,1088.75,4,4,4,4,0,0,0,0,0,0,0,0,31.5,0.0,1.6875,0.0,0.0,33.1875,El ayuntamiento decidirá en la próxima sesión plenaria si aprueba la construcción del nuevo auditorio.,The city council will decide in the next plenary session whether to approve the construction of the new auditorium.
06,es-en,5ee157ed677cf06d03816bc0ef7d8005c5af92043291dd5a4b96404386118482,projects/distillation/translation/training_data/gold_shards/gold_quality_4x640.shard_02_gold_core_b.jsonl,1000,,,,144,102,1.4118,73.809,1069.309,1,4,4,4,0,0,0,0,0,0,0,0,25.5,0.0,7.6595,0.0,0.0,33.1595,El índice de cobertura de intereses indica la capacidad de una empresa para cumplir con sus obligaciones de intereses a partir de las ganancias.,The interest coverage ratio indicates a firm's ability to meet its interest obligations from earnings.
06,en-es,8afa3a0dcb654b4598d7b33cd285b464840c0cfd3a57e0750f27c26566ff1203,projects/distillation/translation/training_data/gold_shards/gold_quality_4x640.shard_02_gold_core_b.jsonl,1000,,,,69,53,1.3019,93.4286,1088.9286,4,4,4,4,0,0,0,0,0,0,0,0,31.5,0.0,1.6428,0.0,0.0,33.1428,"If you're heading to the kitchen, could you grab me a glass of water?","Si vas a la cocina, ¿podrías traerme un vaso de agua?"
06,en-es,da622279c692caae208cf250d6bb844712d41bde9795e43418e087f1b0ce0246,projects/distillation/translation/training_data/gold_shards/gold_quality_4x640.shard_01_gold_core_a.jsonl,1000,,,,50,56,1.12,93.4426,1088.9426,4,4,4,4,0,0,0,0,0,0,0,0,31.5,0.0,1.6394,0.0,0.0,33.1394,Can you help me move this table to the other room?,¿Puedes ayudarme a mover esta mesa a la otra habitación?
06,es-en,db35b3e8b0d11f1fbb711c75b71c39983c260cd84e8a4d992d0e71cbf7b290b1,projects/distillation/translation/training_data/gold_shards/gold_quality_4x640.shard_01_gold_core_a.jsonl,1000,,,,127,87,1.4598,77.4175,1072.9175,1,4,4,4,0,0,0,0,0,0,0,0,25.5,0.0,7.6215,0.0,0.0,33.1215,El déficit comercial se redujo ya que las exportaciones crecieron más rápido que las importaciones durante el último trimestre.,The trade deficit narrowed as exports grew faster than imports during the last quarter.
06,es-en,1a5fff2abb76f8bbff6627172cc91ba63eb50568cb27caf3fbd8be935c3af8ef,projects/distillation/translation/training_data/gold_shards/gold_quality_4x640.shard_02_gold_core_b.jsonl,1000,,,,57,49,1.1633,93.5246,1089.0246,4,4,4,4,0,0,0,0,0,0,0,0,31.5,0.0,1.6188,0.0,0.0,33.1188,"Si el mapa no carga, activa la ubicación del dispositivo.","If the map does not load, enable device location."
06,es-en,215a7a8bea8872c33f80bea8d9042dae0ed426839700a721110dc9f6753d96c7,projects/distillation/translation/training_data/gold_shards/gold_quality_4x640.shard_01_gold_core_a.jsonl,1000,,,,105,86,1.2209,93.625,1089.125,4,4,4,4,0,0,0,0,0,0,0,0,31.5,0.0,1.5938,0.0,0.0,33.0938,El consumo excesivo de azúcares procesados es uno de los principales factores de riesgo para la obesidad.,Excessive consumption of processed sugars is one of the main risk factors for obesity.
06,en-es,4912c4555223f4fb042903ba0a43e6648c28e9f50c489bd684ae68d2dc5317b4,projects/distillation/translation/training_data/gold_shards/gold_quality_4x640.shard_01_gold_core_a.jsonl,1000,,,,93,112,1.2043,93.625,1089.125,4,4,4,4,0,0,0,0,0,0,0,0,31.5,0.0,1.5938,0.0,0.0,33.0938,The scuba diver signaled her buddy before descending below the thermocline into colder water.,La buceadora hizo una señal a su compañero antes de descender por debajo de la termoclina hacia aguas más frías.
06,es-en,817f34049c17547b0ac5705cb4613a19241a14d83f3176d594d961e47d9723c2,projects/distillation/translation/training_data/gold_shards/gold_quality_4x640.shard_02_gold_core_b.jsonl,1000,,,,105,79,1.3291,93.625,1089.125,4,4,4,4,0,0,0,0,0,0,0,0,31.5,0.0,1.5938,0.0,0.0,33.0938,El marco jurídico que regula el comercio electrónico se está adaptando a las nuevas realidades digitales.,The legal framework regulating e-commerce is adapting to new digital realities.
06,en-es,ca456f242bee0cdd429d81ff7092bda7cc9b121c81cedf34e787628fd66711e3,projects/distillation/translation/training_data/gold_shards/gold_quality_4x640.shard_02_gold_core_b.jsonl,1000,,,,89,112,1.2584,93.625,1089.125,4,4,4,4,0,0,0,0,0,0,0,0,31.5,0.0,1.5938,0.0,0.0,33.0938,Critical pedagogy encourages students to question underlying power structures in society.,La pedagogía crítica alienta a los estudiantes a cuestionar las estructuras de poder subyacentes en la sociedad.
06,es-en,7f1fed9ad5e121d9dcba85fad72b668970c66cc7ebcd32665337f6f7d094f36a,projects/distillation/translation/training_data/gold_shards/gold_quality_4x640.shard_02_gold_core_b.jsonl,1000,,,,72,54,1.3333,93.7857,1089.2857,4,4,4,4,0,0,0,0,0,0,0,0,31.5,0.0,1.5536,0.0,0.0,33.0536,El equipo migró los registros históricos a almacenamiento de bajo costo.,The team migrated historical logs to low-cost storage.
06,en-es,64c2a05aa903eb9ae3a160717b1407f482ed3e1d0207ee313443450a62c54341,projects/distillation/translation/training_data/gold_shards/gold_quality_4x640.shard_02_gold_core_b.jsonl,1000,,,,51,56,1.098,93.8115,1089.3115,4,4,4,4,0,0,0,0,0,0,0,0,31.5,0.0,1.5471,0.0,0.0,33.0471,I need to find a new pair of shoes for the wedding.,Necesito encontrar un nuevo par de zapatos para la boda.
06,es-en,520302f52190bab7dafbe4bf559824b83aa582db5c7e0fcc8fdd1b14dc47dcc3,projects/distillation/translation/training_data/gold_shards/gold_quality_4x640.shard_01_gold_core_a.jsonl,1000,,,,52,55,1.0577,93.8232,1089.3232,4,4,4,4,0,0,0,0,0,0,0,0,31.5,0.0,1.5442,0.0,0.0,33.0442,El viento nocturno traía olor a sal y madera húmeda.,The night wind carried the smell of salt and damp wood.
06,es-en,bd2c1a1a71980dc0415f66df6814bd4ea30cbeb17c539d5ec9452140cfe9c7ac,projects/distillation/translation/training_data/gold_shards/gold_quality_4x640.shard_02_gold_core_b.jsonl,1000,,,,58,49,1.1837,93.8934,1089.3934,4,4,4,4,0,0,0,0,0,0,0,0,31.5,0.0,1.5267,0.0,0.0,33.0267,"Tomamos un ferry nocturno, y ahorramos una noche de hotel.","We took a night ferry, and saved one hotel night."
06,es-en,210a53ddc5cc157dbf36354c3ac4280362fefa2b090a845de37f318a8697cd8a,projects/distillation/translation/training_data/gold_shards/gold_quality_4x640.shard_02_gold_core_b.jsonl,1000,,,,44,69,1.5682,85.7295,1081.2295,1,4,4,4,0,0,0,0,0,0,0,0,25.5,0.0,7.4949,0.0,0.0,32.9949,Avísame cuando estés cerca y bajo a abrirte.,Let me know when you are close and I will come down to open the door.
06,en-es,8763c91dd5e490588b092d3722b3d02e9e906ff7d2839d32036d9781bea4d7ae,projects/distillation/translation/training_data/gold_shards/gold_quality_4x640.shard_02_gold_core_b.jsonl,1000,,,,97,115,1.1856,94.0938,1089.5938,4,4,4,4,0,0,0,0,0,0,0,0,31.5,0.0,1.4765,0.0,0.0,32.9766,Continuous integration and continuous deployment pipelines automate the software release process.,Las canalizaciones de integración continua y despliegue continuo automatizan el proceso de lanzamiento de software.
06,es-en,382818d579d66e21ac7618aee23f158251ecd1780fd4e41297a940c14cdfb130,projects/distillation/translation/training_data/gold_shards/gold_quality_4x640.shard_02_gold_core_b.jsonl,1000,,,,69,55,1.2545,94.1429,1089.6429,4,4,4,4,0,0,0,0,0,0,0,0,31.5,0.0,1.4643,0.0,0.0,32.9643,"Si el panel muestra datos antiguos, fuerza una sincronización manual.","If the dashboard shows stale data, force a manual sync."
06,en-es,338548f177e409d65d6aa435d862a57b0a464589df1c44bad7558fa8b4d7ed13,projects/distillation/translation/training_data/gold_shards/gold_quality_4x640.shard_01_gold_core_a.jsonl,1000,,,,53,55,1.0377,94.192,1089.692,4,4,4,4,0,0,0,0,0,0,0,0,31.5,0.0,1.452,0.0,0.0,32.952,We should grab a bite to eat before the movie starts.,Deberíamos comer algo antes de que empiece la película.
06,en-es,cd7284bae6bd6531371ee5492eed3218dffe6080f750d5849ae546ce0c0d7f72,projects/distillation/translation/training_data/gold_shards/gold_quality_4x640.shard_01_gold_core_a.jsonl,1000,,,,54,70,1.2963,94.418,1089.918,4,4,4,4,0,0,0,0,0,0,0,0,31.5,0.0,1.3955,0.0,0.0,32.8955,"If the map tiles do not render, refresh the API token.","Si los mosaicos del mapa no se renderizan, renueva el token de la API."
06,es-en,10fe36418a1d1c72c668c9ce2b5535a03e01a75ab41022b9ed6788bcc58029a1,projects/distillation/translation/training_data/gold_shards/gold_quality_4x640.shard_02_gold_core_b.jsonl,1000,,,,104,84,1.2381,94.4688,1089.9688,4,4,4,4,0,0,0,0,0,0,0,0,31.5,0.0,1.3828,0.0,0.0,32.8828,Los rescatistas de montaña localizaron al excursionista perdido gracias a la señal de su teléfono móvil.,Mountain rescuers located the lost hiker thanks to the signal from his mobile phone.
06,en-es,5325a7740ef7049c6c7e9f187941d70c1c94e3a5894ee14e0f0dfa0c98b7cf87,projects/distillation/translation/training_data/gold_shards/gold_quality_4x640.shard_01_gold_core_a.jsonl,1000,,,,86,111,1.2907,94.4688,1089.9688,4,4,4,4,0,0,0,0,0,0,0,0,31.5,0.0,1.3828,0.0,0.0,32.8828,The port authority delayed departures after dense fog reduced visibility to near zero.,La autoridad portuaria retrasó las salidas después de que una niebla densa redujera la visibilidad casi a cero.
06,es-en,a7be9ff331abaed610ba539b8688ad348556799c9ee60e9b0863e439b0be462c,projects/distillation/translation/training_data/gold_shards/gold_quality_4x640.shard_02_gold_core_b.jsonl,1000,,,,69,56,1.2321,94.5,1090.0,4,4,4,4,0,0,0,0,0,0,0,0,31.5,0.0,1.375,0.0,0.0,32.875,¿Cómo puedo configurar el control parental en este dispositivo móvil?,How can I set up parental control on this mobile device?
06,en-es,14c1c9f216d37d7f005dc251dbb07c8c729775036733ba0930db14f5b0f1a921,projects/distillation/translation/training_data/gold_shards/gold_quality_4x640.shard_02_gold_core_b.jsonl,1000,,,,50,59,1.18,94.5141,1090.0141,4,4,4,4,0,0,0,0,0,0,0,0,31.5,0.0,1.3715,0.0,0.0,32.8715,How do I get to the nearest post office from here?,¿Cómo llego a la oficina de correos más cercana desde aquí?
06,en-es,53da640e834ee05368c2d5b9b11596de7826f447359011b294baba48cdb6fcf1,projects/distillation/translation/training_data/gold_shards/gold_quality_4x640.shard_01_gold_core_a.jsonl,1000,,,,51,58,1.1373,94.5258,1090.0258,4,4,4,4,0,0,0,0,0,0,0,0,31.5,0.0,1.3685,0.0,0.0,32.8685,I'm really impressed with the quality of your work.,Estoy realmente impresionado con la calidad de tu trabajo.
06,es-en,352c6d35ed96ebb2caafbc85cf2f7b6fe9e5c378259d1b9770913681fc7ae3d0,projects/distillation/translation/training_data/gold_shards/gold_quality_4x640.shard_01_gold_core_a.jsonl,1000,,,,54,55,1.0185,94.5609,1090.0609,4,4,4,4,0,0,0,0,0,0,0,0,31.5,0.0,1.3598,0.0,0.0,32.8598,"Si el teclado responde lento, cierra procesos pesados.","If the keyboard responds slowly, close heavy processes."
06,en-es,f2b715b321f80930cdcbbd05a78313fe2b25570232801f999883d562e0c8fdc8,projects/distillation/translation/training_data/gold_shards/gold_quality_4x640.shard_02_gold_core_b.jsonl,1000,,,,56,53,1.0566,94.5843,1090.0843,4,4,4,4,0,0,0,0,0,0,0,0,31.5,0.0,1.3539,0.0,0.0,32.8539,"We took the first ferry, and watched the harbor wake up.","Tomamos el primer ferry, y vimos despertar el puerto."
06,es-en,4c8e55eacd6aff8f2da13258bd824ff9d076789fe735043d38295978050614c6,projects/distillation/translation/training_data/gold_shards/gold_quality_4x640.shard_02_gold_core_b.jsonl,1000,,,,58,51,1.1373,94.6077,1090.1077,4,4,4,4,0,0,0,0,0,0,0,0,31.5,0.0,1.3481,0.0,0.0,32.8481,Compramos pases diarios y recorrimos la ciudad en tranvía.,We bought day passes and explored the city by tram.
06,es-en,21f4c9c1462fd46b3337e667062a497f716b349f0ef83d65f81974fc06a33c2f,projects/distillation/translation/training_data/gold_shards/gold_quality_4x640.shard_01_gold_core_a.jsonl,1000,,,,74,57,1.2982,94.8571,1090.3571,4,4,4,4,0,0,0,0,0,0,0,0,31.5,0.0,1.2857,0.0,0.0,32.7857,"Si el navegador abre ventanas emergentes, bloquea extensiones sospechosas.","If the browser opens popups, block suspicious extensions."
06,es-en,858b622fa32e750d7d1ec05a7e36b779bad7697614fad9aacdf401718c0359a4,projects/distillation/translation/training_data/gold_shards/gold_quality_4x640.shard_01_gold_core_a.jsonl,1000,,,,73,57,1.2807,94.8571,1090.3571,4,4,4,4,0,0,0,0,0,0,0,0,31.5,0.0,1.2857,0.0,0.0,32.7857,La luz del amanecer bañaba las colinas con un resplandor dorado y cálido.,"The dawn light bathed the hills with a warm, golden glow."
06,en-es,9364942740379bd5d3fadd7d3eaeb73d0bd2088c4822dfe564a0b2922bbb3ef9,projects/distillation/translation/training_data/gold_shards/gold_quality_4x640.shard_02_gold_core_b.jsonl,1000,,,,54,56,1.037,94.918,1090.418,4,4,4,4,0,0,0,0,0,0,0,0,31.5,0.0,1.2705,0.0,0.0,32.7705,What's your favorite thing to do on a rainy afternoon?,¿Qué es lo que más te gusta hacer en una tarde lluviosa?
06,en-es,b36f0eb2d0c7523b07c3c4e47829297eecab1b6f24e2aba4e9154bac867886b7,projects/distillation/translation/training_data/gold_shards/gold_quality_4x640.shard_01_gold_core_a.jsonl,1000,,,,97,114,1.1753,94.9375,1090.4375,4,4,4,4,0,0,0,0,0,0,0,0,31.5,0.0,1.2656,0.0,0.0,32.7656,The volcanologist collected gas samples from fumaroles on the crater rim to assess eruption risk.,El vulcanólogo recogió muestras de gas de las fumarolas en el borde del cráter para evaluar el riesgo de erupción.
06,en-es,bed0200fd4ac35c3817db53c885c4f9fa4559b6a7e10a70c0a4e3bfafe3d8c01,projects/distillation/translation/training_data/gold_shards/gold_quality_4x640.shard_02_gold_core_b.jsonl,1000,,,,95,114,1.2,94.9375,1090.4375,4,4,4,4,0,0,0,0,0,0,0,0,31.5,0.0,1.2656,0.0,0.0,32.7656,The auctioneer's voice rose steadily as bidding on the antique desk reached unexpected heights.,La voz del subastador fue subiendo a medida que las pujas por el escritorio antiguo alcanzaban cifras inesperadas.
06,en-es,c185dfa15d79c20d9602b632c0ba8d6cd1d26329cf65e09580feab694717b8ad,projects/distillation/translation/training_data/gold_shards/gold_quality_4x640.shard_01_gold_core_a.jsonl,1000,,,,56,54,1.037,94.9415,1090.4415,4,4,4,4,0,0,0,0,0,0,0,0,31.5,0.0,1.2646,0.0,0.0,32.7646,The sunset painted the sky in shades of orange and pink.,El atardecer pintó el cielo en tonos naranjas y rosas.
06,es-en,8cc1c4addcdb60c1f774edc42fee68f58614aff9845eda66b432aad525e8ff86,projects/distillation/translation/training_data/gold_shards/gold_quality_4x640.shard_01_gold_core_a.jsonl,1000,,,,59,51,1.1569,94.9766,1090.4766,4,4,4,4,0,0,0,0,0,0,0,0,31.5,0.0,1.2558,0.0,0.0,32.7558,"En esta novela, el silencio dice más que cualquier diálogo.","In this novel, silence says more than any dialogue."
06,es-en,8d3b7574f48b201351640da025b90fbca6386193eec00a2a370e0ffc9660c4e8,projects/distillation/translation/training_data/gold_shards/gold_quality_4x640.shard_01_gold_core_a.jsonl,1000,,,,75,58,1.2931,95.2143,1090.7143,4,4,4,4,0,0,0,0,0,0,0,0,31.5,0.0,1.1964,0.0,0.0,32.6964,El cerrajero fabricó una copia de la llave antigua usando un molde de cera.,The locksmith made a copy of the old key using a wax mold.
06,es-en,8e6330ba28bf699135e0ecd32fd514a371baf5cacc8a1d75671554734399d1e4,projects/distillation/translation/training_data/gold_shards/gold_quality_4x640.shard_01_gold_core_a.jsonl,1000,,,,72,58,1.2414,95.2143,1090.7143,4,4,4,4,0,0,0,0,0,0,0,0,31.5,0.0,1.1964,0.0,0.0,32.6964,El parche de seguridad corrige una vulnerabilidad crítica del navegador.,The security patch fixes a critical browser vulnerability.
06,es-en,0acab2f6fa4bec715b47f2c58f66a1d09bcbbe1e651808c018482d99b9f15c5f,projects/distillation/translation/training_data/gold_shards/gold_quality_4x640.shard_01_gold_core_a.jsonl,1000,,,,103,81,1.2716,95.3125,1090.8125,4,4,4,4,0,0,0,0,0,0,0,0,31.5,0.0,1.1719,0.0,0.0,32.6719,El tribunal dictaminó que la empresa debe indemnizar a los trabajadores por las horas extras impagadas.,The court ruled that the company must compensate the workers for unpaid overtime.
06,es-en,e8880b2807a3e3033828c043951feceedf6603cde885f6b0599df1b83abaaa91,projects/distillation/translation/training_data/gold_shards/gold_quality_4x640.shard_02_gold_core_b.jsonl,1000,,,,103,79,1.3038,95.3125,1090.8125,4,4,4,4,0,0,0,0,0,0,0,0,31.5,0.0,1.1719,0.0,0.0,32.6719,Los desarrolladores de stack completo son competentes tanto en tecnologías de frontend como de backend.,Full-stack developers are proficient in both frontend and backend technologies.
06,es-en,d7af29cf19f31dd78756468ed05aeb193428e451c6d54a59178a8d19d6731d9c,projects/distillation/translation/training_data/gold_shards/gold_quality_4x640.shard_01_gold_core_a.jsonl,1000,,,,60,51,1.1765,95.3454,1090.8454,4,4,4,4,0,0,0,0,0,0,0,0,31.5,0.0,1.1637,0.0,0.0,32.6637,"Si el lector de códigos falla, actualiza el controlador USB.","If the barcode reader fails, update the USB driver."
06,es-en,e55cbe82e2c9547d6b826d7a2c0c3892dc74b5926f367ffcc190a2275cd5bc90,projects/distillation/translation/training_data/gold_shards/gold_quality_4x640.shard_01_gold_core_a.jsonl,1000,,,,72,59,1.2203,95.5714,1091.0714,4,4,4,4,0,0,0,0,0,0,0,0,31.5,0.0,1.1072,0.0,0.0,32.6072,"Para proteger tus datos, activa la autenticación en dos pasos hoy mismo.","To protect your data, enable two-step authentication today."
06,es-en,41f1e4b1c3421f50c0c25147b18ed0537d85be68292e1afba02a72468b9f27a4,projects/distillation/translation/training_data/gold_shards/gold_quality_4x640.shard_02_gold_core_b.jsonl,1000,,,,93,68,1.3676,97.0,1092.5,4,4,4,4,0,0,0,0,0,0,0,0,31.5,0.0,1.0676,0.0,0.0,32.5676,Los biólogos están estudiando el comportamiento de las aves migratorias en las zonas húmedas.,Biologists are studying the behavior of migratory birds in wetlands.
06,es-en,13b770242213d12d88d8d7ad4fdb538dd243e6fbef360551f2bd26ebe13c412f,projects/distillation/translation/training_data/gold_shards/gold_quality_4x640.shard_01_gold_core_a.jsonl,1000,,,,106,91,1.1648,95.7812,1091.2812,4,4,4,4,0,0,0,0,0,0,0,0,31.5,0.0,1.0547,0.0,0.0,32.5547,La autoridad de transporte metropolitano aprobó una tarifa integrada para personas con trasbordos diarios.,The metropolitan transport authority approved an integrated fare for daily transfer riders.
06,es-en,535844dfcd67792ed4c19434c8754a3cadbd8c4d60a784755d7ded6613ec8b56,projects/distillation/translation/training_data/gold_shards/gold_quality_4x640.shard_01_gold_core_a.jsonl,1000,,,,106,95,1.1158,95.7812,1091.2812,4,4,4,4,0,0,0,0,0,0,0,0,31.5,0.0,1.0547,0.0,0.0,32.5547,El sector de la energía eólica ha experimentado un avance tecnológico sin precedentes en la última década.,The wind energy sector has experienced unprecedented technological progress in the last decade.
06,es-en,bebe07fd0b4b6c0dae901926825a259a2b69f86024da5fce7c2831ac6c1c2f15,projects/distillation/translation/training_data/gold_shards/gold_quality_4x640.shard_02_gold_core_b.jsonl,1000,,,,106,97,1.0928,95.7812,1091.2812,4,4,4,4,0,0,0,0,0,0,0,0,31.5,0.0,1.0547,0.0,0.0,32.5547,Una arquitectura monolítica agrupa todos los componentes de una aplicación en una única unidad ejecutable.,A monolithic architecture bundles all components of an application into a single executable unit.
06,es-en,cb943e99ae7f16498184155417b4697cde98f02ddc4c3887650f3824e41da50b,projects/distillation/translation/training_data/gold_shards/gold_quality_4x640.shard_01_gold_core_a.jsonl,1000,,,,106,97,1.0928,95.7812,1091.2812,4,4,4,4,0,0,0,0,0,0,0,0,31.5,0.0,1.0547,0.0,0.0,32.5547,"Si quieres aprender rápido, practica veinte minutos diarios en lugar de estudiar solo los fines de semana.","If you want to learn quickly, practice twenty minutes a day instead of studying only on weekends."
06,en-es,d67e42eaf41939732590ffe473f40b7dab72f07c940ab6985edea95382de7117,projects/distillation/translation/training_data/gold_shards/gold_quality_4x640.shard_01_gold_core_a.jsonl,1000,,,,113,136,1.2035,71.8319,1067.3319,1,4,4,4,0,0,0,0,0,0,0,0,25.5,0.0,7.042,0.0,0.0,32.542,Containerization allows developers to package applications with all their dependencies for consistent deployment.,La contenedorización permite a los desarrolladores empaquetar aplicaciones con todas sus dependencias para una implementación coherente.
06,es-en,89ff034672e867f124d7589317f7d9e1e1d2b7a334a65df35d7a4412182a875c,projects/distillation/translation/training_data/gold_shards/gold_quality_4x640.shard_02_gold_core_b.jsonl,1000,,,,58,55,1.0545,96.0363,1091.5363,4,4,4,4,0,0,0,0,0,0,0,0,31.5,0.0,0.9909,0.0,0.0,32.4909,La marea subió en silencio y cubrió las rocas del malecón.,The tide rose in silence and covered the seawall rocks.
06,es-en,a69a3847a66ec9c6adc508d5a1a704f94369cc52453ef6dc810c2e282d2a5f10,projects/distillation/translation/training_data/gold_shards/gold_quality_4x640.shard_02_gold_core_b.jsonl,1000,,,,59,54,1.0926,96.048,1091.548,4,4,4,4,0,0,0,0,0,0,0,0,31.5,0.0,0.988,0.0,0.0,32.488,El programa de tutorías redujo el abandono en primer curso.,The tutoring program reduced first-year dropout rates.
06,es-en,528dcac7ead8b1ade014a524d3f8807ce285d45fbecd6e7ab989e4b30d8bdbdd,projects/distillation/translation/training_data/gold_shards/gold_quality_4x640.shard_02_gold_core_b.jsonl,1000,,,,102,80,1.275,96.1562,1091.6562,4,4,4,4,0,0,0,0,0,0,0,0,31.5,0.0,0.961,0.0,0.0,32.4609,Las velas de sebo se usaban en los barcos para iluminar las cubiertas durante las travesías nocturnas.,Tallow candles were used on ships to light the decks during nighttime crossings.
06,es-en,aa1e43143c40febe3fa927b52f66b4ccd8f64a531f0a7c1c24d4ac3ad4f96954,projects/distillation/translation/training_data/gold_shards/gold_quality_4x640.shard_01_gold_core_a.jsonl,1000,,,,102,84,1.2143,96.1562,1091.6562,4,4,4,4,0,0,0,0,0,0,0,0,31.5,0.0,0.961,0.0,0.0,32.4609,La inteligencia artificial está revolucionando el diagnóstico médico mediante el análisis de imágenes.,Artificial intelligence is revolutionizing medical diagnosis through image analysis.
06,es-en,e5620e3ea8b28e5630de7737f64cbe4ce3df1ce7b4c815352359f325e30de6e8,projects/distillation/translation/training_data/gold_shards/gold_quality_4x640.shard_02_gold_core_b.jsonl,1000,,,,102,80,1.275,96.1562,1091.6562,4,4,4,4,0,0,0,0,0,0,0,0,31.5,0.0,0.961,0.0,0.0,32.4609,El mercado de valores ha reaccionado con optimismo ante las noticias de la bajada de tipos de interés.,The stock market has reacted with optimism to the news of the interest rate cut.
06,es-en,f047135b9f950f9cd1faff7315aa80bc1bda1ba7c9fe1887c22ae310234e3068,projects/distillation/translation/training_data/gold_shards/gold_quality_4x640.shard_02_gold_core_b.jsonl,1000,,,,102,79,1.2911,96.1562,1091.6562,4,4,4,4,0,0,0,0,0,0,0,0,31.5,0.0,0.961,0.0,0.0,32.4609,La nueva ley de protección al consumidor prohíbe las cláusulas abusivas en los contratos de servicios.,The new consumer protection law prohibits abusive clauses in service contracts.
06,es-en,db999cf92aec33e9c3d808f915d86b1726686c002359f76d6ff0464eea3b53f6,projects/distillation/translation/training_data/gold_shards/gold_quality_4x640.shard_01_gold_core_a.jsonl,1000,,,,84,62,1.3548,96.6429,1092.1429,4,4,4,4,0,0,0,0,0,0,0,0,31.5,0.0,0.9264,0.0,0.0,32.4264,Especialistas recomiendan hidratarse de forma constante para evitar dolor de cabeza.,Specialists recommend consistent hydration to avoid headaches.
06,en-es,465ed2cf626b964022bcd9266f5dc37f536c0ae9b03f68c22eb2e1a8475a2e2f,projects/distillation/translation/training_data/gold_shards/gold_quality_4x640.shard_02_gold_core_b.jsonl,1000,,,,109,138,1.2661,72.2996,1067.7996,1,4,4,4,0,0,0,0,0,0,0,0,25.5,0.0,6.9251,0.0,0.0,32.4251,The portfolio diversification strategy aims to minimize idiosyncratic risk while maximizing expected returns.,La estrategia de diversificación de cartera tiene como objetivo minimizar el riesgo idiosincrásico y maximizar los rendimientos esperados.
06,es-en,49f5ea77ba0ec5ab06bde69490d24f5db061bdedcfddac94f2045386e6de943b,projects/distillation/translation/training_data/gold_shards/gold_quality_4x640.shard_02_gold_core_b.jsonl,1000,,,,105,104,1.0096,96.625,1092.125,4,4,4,4,0,0,0,0,0,0,0,0,31.5,0.0,0.8438,0.0,0.0,32.3438,La geóloga analizó las inclusiones del cuarzo para determinar las condiciones en que se formó el cristal.,The geologist analyzed the quartz inclusions to determine the conditions under which the crystal formed.
06,es-en,4ce32baeabdfc2b9ee7410369e661a14600ae1c82571a1df1b15c8c6510ed580,projects/distillation/translation/training_data/gold_shards/gold_quality_4x640.shard_02_gold_core_b.jsonl,1000,,,,105,90,1.1667,96.625,1092.125,4,4,4,4,0,0,0,0,0,0,0,0,31.5,0.0,0.8438,0.0,0.0,32.3438,El archivero restauró un mapa del siglo dieciséis que mostraba las primeras rutas comerciales atlánticas.,The archivist restored a sixteenth-century map showing the earliest Atlantic trade routes.
06,es-en,5bdade70c7dc571d23618bc32f525c33db750cf8183b6b86eb297cfc99ef5e35,projects/distillation/translation/training_data/gold_shards/gold_quality_4x640.shard_01_gold_core_a.jsonl,1000,,,,105,99,1.0606,96.625,1092.125,4,4,4,4,0,0,0,0,0,0,0,0,31.5,0.0,0.8438,0.0,0.0,32.3438,El biólogo marino etiquetó al tiburón ballena con un rastreador satelital para seguir su ruta migratoria.,The marine biologist tagged the whale shark with a satellite tracker to follow its migratory route.
06,es-en,9ea48159eb05385ed2073c95b95df16ed488973686124d1befff81e39096bb0b,projects/distillation/translation/training_data/gold_shards/gold_quality_4x640.shard_01_gold_core_a.jsonl,1000,,,,105,96,1.0938,96.625,1092.125,4,4,4,4,0,0,0,0,0,0,0,0,31.5,0.0,0.8438,0.0,0.0,32.3438,El grupo de investigación ha publicado un artículo muy relevante en una revista científica internacional.,The research group has published a very relevant article in an international scientific journal.
06,es-en,03a98077d91f733596330df8049eb2eabf397f46f57ef56f164d0aeaee154777,projects/distillation/translation/training_data/gold_shards/gold_quality_4x640.shard_01_gold_core_a.jsonl,1000,,,,89,69,1.2899,97.0,1092.5,4,4,4,4,0,0,0,0,0,0,0,0,31.5,0.0,0.75,0.0,0.0,32.25,"Para obtener un acabado uniforme, aplique la pintura con movimientos largos y constantes.","To achieve an even finish, apply the paint with long, steady strokes."
06,es-en,08d03b77c3dcd9ef102d42a7c570910f5c59f4eaf3d03d6755c074fde9ab4fdf,projects/distillation/translation/training_data/gold_shards/gold_quality_4x640.shard_01_gold_core_a.jsonl,1000,,,,82,68,1.2059,97.0,1092.5,4,4,4,4,0,0,0,0,0,0,0,0,31.5,0.0,0.75,0.0,0.0,32.25,Muchas familias están comparando tarifas de energía para reducir gastos mensuales.,Many families are comparing energy rates to reduce monthly expenses.
06,es-en,0e3a1f6026c02582159029fdd9b055eb614f97546cc14387142041f5ef082e1e,projects/distillation/translation/training_data/gold_shards/gold_quality_4x640.shard_02_gold_core_b.jsonl,1000,,,,88,69,1.2754,97.0,1092.5,4,4,4,4,0,0,0,0,0,0,0,0,31.5,0.0,0.75,0.0,0.0,32.25,Los analistas prevén volatilidad si continúan las tensiones comerciales internacionales.,Analysts foresee volatility if international trade tensions continue.
06,es-en,12bd42d61b2d2a560fa97a558ddc57a43cc117d3e88bbf32088432ce8731a387,projects/distillation/translation/training_data/gold_shards/gold_quality_4x640.shard_01_gold_core_a.jsonl,1000,,,,80,98,1.225,97.0,1092.5,4,4,4,4,0,0,0,0,0,0,0,0,31.5,0.0,0.75,0.0,0.0,32.25,No podré asistir a la reunión de mañana porque tengo una cita médica ineludible.,I will not be able to attend tomorrow's meeting because I have an unavoidable medical appointment.
06,es-en,36ffff225fcb255ba595aadb5f4b1aa75c12d8e40a5cddf156c19b40baab71ec,projects/distillation/translation/training_data/gold_shards/gold_quality_4x640.shard_02_gold_core_b.jsonl,1000,,,,85,69,1.2319,97.0,1092.5,4,4,4,4,0,0,0,0,0,0,0,0,31.5,0.0,0.75,0.0,0.0,32.25,Los mercados abrieron con cautela mientras se esperaba la decisión del banco central.,Markets opened cautiously while awaiting the central bank's decision.
06,es-en,3c620a95a399c0252eb179baddcb542e198b9a523d0b4b228027e2f5ebc98f21,projects/distillation/translation/training_data/gold_shards/gold_quality_4x640.shard_02_gold_core_b.jsonl,1000,,,,90,74,1.2162,97.0,1092.5,4,4,4,4,0,0,0,0,0,0,0,0,31.5,0.0,0.75,0.0,0.0,32.25,Nuestra organización está firmemente comprometida con la reducción de su huella ecológica.,Our organization is firmly committed to reducing its ecological footprint.
06,es-en,3ecd57dee355b4e44498e547d6723b9f96edf1739030b2a9a7dc1d82918bd2d0,projects/distillation/translation/training_data/gold_shards/gold_quality_4x640.shard_02_gold_core_b.jsonl,1000,,,,93,70,1.3286,97.0,1092.5,4,4,4,4,0,0,0,0,0,0,0,0,31.5,0.0,0.75,0.0,0.0,32.25,Un halcón peregrino se lanzó en picado desde lo alto del acantilado para capturar a su presa.,A peregrine falcon dove from the top of the cliff to capture its prey.
06,es-en,5ad56c64d82a2a167d2e70f4d335c50215f728f321bca0ca52f1aefbb20e3d6c,projects/distillation/translation/training_data/gold_shards/gold_quality_4x640.shard_02_gold_core_b.jsonl,1000,,,,79,65,1.2154,97.0,1092.5,4,4,4,4,0,0,0,0,0,0,0,0,31.5,0.0,0.75,0.0,0.0,32.25,Tenga en cuenta que los artículos en oferta no admiten devoluciones ni cambios.,Please note that items on sale do not allow returns or exchanges.
06,es-en,a17616ce54407e0f8766fdbd815f329ea641c71635b153dd5802120b6ea9166b,projects/distillation/translation/training_data/gold_shards/gold_quality_4x640.shard_01_gold_core_a.jsonl,1000,,,,88,72,1.2222,97.0,1092.5,4,4,4,4,0,0,0,0,0,0,0,0,31.5,0.0,0.75,0.0,0.0,32.25,Me alegro muchísimo de que al final hayáis podido venir a visitarnos este fin de semana.,I am very glad that you were finally able to come visit us this weekend.
06,es-en,a52dcaf7735ddf70514b69eb194b9bbc8713ec377d4b9dc7d82475f94f63ff6c,projects/distillation/translation/training_data/gold_shards/gold_quality_4x640.shard_01_gold_core_a.jsonl,1000,,,,92,72,1.2778,97.0,1092.5,4,4,4,4,0,0,0,0,0,0,0,0,31.5,0.0,0.75,0.0,0.0,32.25,Los jardines verticales en los edificios ayudan a reducir la temperatura interior en verano.,Vertical gardens on buildings help reduce indoor temperatures in summer.
06,es-en,b5128dacad3198e6e131f72d56cddba90bf62483d9104b263cd446676293c5a7,projects/distillation/translation/training_data/gold_shards/gold_quality_4x640.shard_02_gold_core_b.jsonl,1000,,,,101,82,1.2317,97.0,1092.5,4,4,4,4,0,0,0,0,0,0,0,0,31.5,0.0,0.75,0.0,0.0,32.25,Nuestro servicio de atención al cliente está comprometido con resolver sus dudas de manera eficiente.,Our customer service department is committed to resolving your doubts efficiently.
06,es-en,b52985562560e993d46cb035c1af14e48ba9d1166c4ae7a2899d7a944a5ec395,projects/distillation/translation/training_data/gold_shards/gold_quality_4x640.shard_01_gold_core_a.jsonl,1000,,,,98,77,1.2727,97.0,1092.5,4,4,4,4,0,0,0,0,0,0,0,0,31.5,0.0,0.75,0.0,0.0,32.25,Los mineros perforaron un nuevo túnel para acceder al yacimiento de cobre más profundo de la zona.,Miners drilled a new tunnel to access the deepest copper deposit in the area.
06,es-en,bb15548ea9d0425b65eacd50a2df8a38831401dc6c548a3c4167d306ceca364e,projects/distillation/translation/training_data/gold_shards/gold_quality_4x640.shard_02_gold_core_b.jsonl,1000,,,,76,63,1.2063,97.0,1092.5,4,4,4,4,0,0,0,0,0,0,0,0,31.5,0.0,0.75,0.0,0.0,32.25,"Reservamos asientos junto a la ventana, y vimos amanecer sobre las montañas.","We booked window seats, and watched sunrise over the mountains."
06,es-en,bebed07da99cef8cc4949bdf7dffe044d3a0617d9a750f756ec8c74466119423,projects/distillation/translation/training_data/gold_shards/gold_quality_4x640.shard_01_gold_core_a.jsonl,1000,,,,85,67,1.2687,97.0,1092.5,4,4,4,4,0,0,0,0,0,0,0,0,31.5,0.0,0.75,0.0,0.0,32.25,Verifique que la válvula de seguridad esté cerrada antes de abrir el depósito de gas.,Verify that the safety valve is closed before opening the gas tank.
06,es-en,c65d7a7ea354ae022d615c2bb670782e21a4afe858320a7d85f31afcbeeba2cb,projects/distillation/translation/training_data/gold_shards/gold_quality_4x640.shard_01_gold_core_a.jsonl,1000,,,,93,69,1.3478,97.0,1092.5,4,4,4,4,0,0,0,0,0,0,0,0,31.5,0.0,0.75,0.0,0.0,32.25,Los buzos de rescate localizaron los restos de la embarcación a quince metros de profundidad.,The rescue divers located the vessel remains at fifteen meters depth.
06,es-en,c78d30cef8817a4c0ca6c016b44fe4853ae531c6457a9702ec4ace0dc8cced6a,projects/distillation/translation/training_data/gold_shards/gold_quality_4x640.shard_02_gold_core_b.jsonl,1000,,,,101,80,1.2625,97.0,1092.5,4,4,4,4,0,0,0,0,0,0,0,0,31.5,0.0,0.75,0.0,0.0,32.25,Varios estudios demuestran que el contacto con la naturaleza reduce los niveles de estrés y ansiedad.,Several studies show that contact with nature reduces stress and anxiety levels.
06,es-en,c932412f1870b90ec06903c43722508e78dd43058238404aac5215429ce3fa0c,projects/distillation/translation/training_data/gold_shards/gold_quality_4x640.shard_02_gold_core_b.jsonl,1000,,,,76,63,1.2063,97.0,1092.5,4,4,4,4,0,0,0,0,0,0,0,0,31.5,0.0,0.75,0.0,0.0,32.25,"Si la app consume mucha batería, desactiva actualizaciones en segundo plano.","If the app drains too much battery, disable background updates."
06,es-en,de118286412cf70c8b654d911ef242083fea6f75eb8316f0690638c830a6de77,projects/distillation/translation/training_data/gold_shards/gold_quality_4x640.shard_02_gold_core_b.jsonl,1000,,,,100,77,1.2987,97.0,1092.5,4,4,4,4,0,0,0,0,0,0,0,0,31.5,0.0,0.75,0.0,0.0,32.25,Las tensiones comerciales entre las grandes potencias han afectado al precio de las materias primas.,Trade tensions between major powers have affected the price of raw materials.
06,es-en,e7c3db1e81f218730ed308da6e0ed45ae69173ae3a938a5e5e2e326e76e0ac04,projects/distillation/translation/training_data/gold_shards/gold_quality_4x640.shard_02_gold_core_b.jsonl,1000,,,,94,78,1.2051,97.0,1092.5,4,4,4,4,0,0,0,0,0,0,0,0,31.5,0.0,0.75,0.0,0.0,32.25,Mantener una vida activa y una alimentación equilibrada previene muchas enfermedades crónicas.,Maintaining an active life and a balanced diet prevents many chronic diseases.
06,en-es,14f446d28d19c58d29bf53b737a89fecd735b69c0bc65bdea93bc56378f86526,projects/distillation/translation/training_data/gold_shards/gold_quality_4x640.shard_01_gold_core_a.jsonl,1000,,,,110,133,1.2091,73.0408,1068.5408,1,4,4,4,0,0,0,0,0,0,0,0,25.5,0.0,6.7398,0.0,0.0,32.2398,The archivist digitized fragile parchment scrolls so scholars could study them without handling the originals.,El archivero digitalizó frágiles pergaminos enrollados para que los investigadores pudieran estudiarlos sin manipular los originales.
06,en-es,745ebc7d344e90f7403a3ff08b87bb8f96d6b658267e2d56b36a33f42369d8ff,projects/distillation/translation/training_data/gold_shards/gold_quality_4x640.shard_02_gold_core_b.jsonl,1000,,,,78,116,1.4872,85.25,1080.75,1,4,4,4,0,0,0,0,0,0,0,0,25.5,0.0,6.1567,0.0,0.0,31.6567,Biometric sensors can monitor heart rate and blood oxygen levels in real-time.,Los sensores biométricos pueden monitorear la frecuencia cardíaca y los niveles de oxígeno en sangre en tiempo real.
06,en-es,2c0d2e41d8af045505f9ca3820ee4452a4656d6ba295ea563074f90d24057359,projects/distillation/translation/training_data/gold_shards/gold_quality_4x640.shard_01_gold_core_a.jsonl,1000,,,,84,119,1.4167,81.6843,1077.1843,1,4,4,4,0,0,0,0,0,0,0,0,25.5,0.0,5.7789,0.0,0.0,31.2789,The municipal library network announced weekend literacy clinics for adult learners.,La red municipal de bibliotecas anunció clínicas de alfabetización de fin de semana para personas adultas en formación.
06,es-en,5ddc30a5f5f5c6b21848859ee4ba1a3948c4647de6c420608a2bc53306873518,projects/distillation/translation/training_data/gold_shards/gold_quality_4x640.shard_02_gold_core_b.jsonl,1000,,,,135,108,1.25,80.7193,1076.2193,1,4,4,4,0,0,0,0,0,0,0,0,25.5,0.0,4.8202,0.0,0.0,30.3202,La inversión de la curva de rendimiento es a menudo considerada por los economistas como un predictor fiable de una recesión inminente.,The yield curve inversion is often regarded by economists as a reliable predictor of an impending recession.
06,en-es,85f1fa3c2436b57669da4f6a8faade981488cf2d2ce6fe535517160e16549582,projects/distillation/translation/training_data/gold_shards/gold_quality_4x640.shard_02_gold_core_b.jsonl,1000,,,,104,134,1.2885,81.2929,1076.7929,1,4,4,4,0,0,0,0,0,0,0,0,25.5,0.0,4.6768,0.0,0.0,30.1768,Load balancing distributes incoming network traffic across multiple servers to ensure high availability.,El equilibrio de carga distribuye el tráfico de red entrante a través de múltiples servidores para garantizar una alta disponibilidad.
06,es-en,e5473303ec87ebbd866bf9c8d3c90e1d3cf153da316ad640070d1e619aa31cba,projects/distillation/translation/training_data/gold_shards/gold_quality_4x640.shard_02_gold_core_b.jsonl,1000,,,,128,97,1.3196,82.2052,1077.7052,1,4,4,4,0,0,0,0,0,0,0,0,25.5,0.0,4.4487,0.0,0.0,29.9487,El ratio deuda-patrimonio es una métrica clave de apalancamiento utilizada para evaluar la estructura financiera de una empresa.,The debt-to-equity ratio is a key leverage metric used to assess a company's financial structure.
06,en-es,611db4a08e6042574004e67dfbc7b858506947bc007c60ff9731dfe00e10b9f8,projects/distillation/translation/training_data/gold_shards/gold_quality_4x640.shard_02_gold_core_b.jsonl,1000,,,,51,73,1.4314,88.3115,1083.8115,1,4,4,4,0,0,0,0,0,0,0,0,25.5,0.0,4.3868,0.0,0.0,29.8868,"If your file upload stalls, try a wired connection.","Si la carga de archivos se queda atascada, prueba una conexión por cable."
06,es-en,8d617f4f14e1ba496faf6f7c8d02884f1417f5163e43f45cd2ee14af02377108,projects/distillation/translation/training_data/gold_shards/gold_quality_4x640.shard_02_gold_core_b.jsonl,1000,,,,122,96,1.2708,83.4788,1078.9788,1,4,4,4,0,0,0,0,0,0,0,0,25.5,0.0,4.1303,0.0,0.0,29.6303,Los sistemas de control de versiones como Git permiten que múltiples desarrolladores colaboren en la misma base de código.,Version control systems like Git enable multiple developers to collaborate on the same codebase.
06,es-en,55ab43e6fe5c40501e425341cead49a3f9462393f92f8c7bff2c27e23398a64b,projects/distillation/translation/training_data/gold_shards/gold_quality_4x640.shard_01_gold_core_a.jsonl,1000,,,,121,99,1.2222,83.691,1079.191,1,4,4,4,0,0,0,0,0,0,0,0,25.5,0.0,4.0772,0.0,0.0,29.5772,El mapeo objeto-relacional simplifica la interacción entre el código de la aplicación y los esquemas de la base de datos.,Object-relational mapping simplifies the interaction between application code and database schemas.
06,es-en,56db52d2152f8b3232c9ad694b1f0808e5631b5dd60b89bc26815d06aeb242e0,projects/distillation/translation/training_data/gold_shards/gold_quality_4x640.shard_02_gold_core_b.jsonl,1000,,,,121,98,1.2347,83.691,1079.191,1,4,4,4,0,0,0,0,0,0,0,0,25.5,0.0,4.0772,0.0,0.0,29.5772,La posición de liquidez de la empresa sigue siendo sólida a pesar de la reciente caída en los mercados de renta variable.,The company's liquidity position remains strong despite the recent downturn in the equity markets.
06,en-es,121b22e068db46f8f96c04b16783d9c45a57034fc2dafe442ea8f010cf684567,projects/distillation/translation/training_data/gold_shards/gold_quality_4x640.shard_01_gold_core_a.jsonl,1000,,,,101,133,1.3168,84.0148,1079.5148,1,4,4,4,0,0,0,0,0,0,0,0,25.5,0.0,3.9963,0.0,0.0,29.4963,Cartographers updated the coastal map after satellite imagery revealed significant shoreline erosion.,Los cartógrafos actualizaron el mapa costero después de que las imágenes satelitales revelaran una erosión significativa del litoral.
06,es-en,944c960fdfa38c1a2034a534db5d8a7f6de7953746a2741888857086d89e4ecd,projects/distillation/translation/training_data/gold_shards/gold_quality_4x640.shard_01_gold_core_a.jsonl,1000,,,,119,92,1.2935,84.1156,1079.6156,1,4,4,4,0,0,0,0,0,0,0,0,25.5,0.0,3.9711,0.0,0.0,29.4711,El crowdfunding de equidad permite a las empresas emergentes recaudar capital de un gran número de pequeños inversores.,Equity crowdfunding allows startups to raise capital from a large number of small investors.
06,en-es,f65ef02f04fcee2185e10ad9e16049c67a9d067536d6048e6fa50294f5c32f9d,projects/distillation/translation/training_data/gold_shards/gold_quality_4x640.shard_01_gold_core_a.jsonl,1000,,,,98,132,1.3469,84.2055,1079.7055,1,4,4,4,0,0,0,0,0,0,0,0,25.5,0.0,3.9486,0.0,0.0,29.4486,Online learning platforms have democratized access to specialized knowledge for students globally.,Las plataformas de aprendizaje en línea han democratizado el acceso al conocimiento especializado para estudiantes de todo el mundo.
06,en-es,07e5995da45818e87524c6f3c4c6bdfa282795c30287e490e222e2cc86cfe4ba,projects/distillation/translation/training_data/gold_shards/gold_quality_4x640.shard_01_gold_core_a.jsonl,1000,,,,90,123,1.3667,85.9216,1081.4216,1,4,4,4,0,0,0,0,0,0,0,0,25.5,0.0,3.8196,0.0,0.0,29.3196,Forensic accountants traced the missing funds through a chain of offshore shell companies.,Los contadores forenses rastrearon los fondos desaparecidos a través de una cadena de sociedades pantalla en el extranjero.
06,en-es,f7e64031a30fb9e5289c81905839b11f78043227b5a73258a4792221f11fb495,projects/distillation/translation/training_data/gold_shards/gold_quality_4x640.shard_02_gold_core_b.jsonl,1000,,,,97,128,1.3196,84.9682,1080.4682,1,4,4,4,0,0,0,0,0,0,0,0,25.5,0.0,3.758,0.0,0.0,29.258,Urban beekeeping has gained popularity as cities look for ways to support pollinator populations.,La apicultura urbana ha ganado popularidad a medida que las ciudades buscan formas de apoyar a las poblaciones de polinizadores.
06,en-es,1c8bb5aa897a55667495f49418939b1ba6605dc40a50b65f7bddf9b86176539b,projects/distillation/translation/training_data/gold_shards/gold_quality_4x640.shard_01_gold_core_a.jsonl,1000,,,,93,126,1.3548,85.3496,1080.8496,1,4,4,4,0,0,0,0,0,0,0,0,25.5,0.0,3.7497,0.0,0.0,29.2497,Legacy systems often require significant maintenance costs and lack modern security features.,Los sistemas heredados a menudo requieren costes de mantenimiento significativos y carecen de funciones de seguridad modernas.
06,en-es,d75a21dc3b813db61c28a79fd024f5f11b69234d3e4e63ce3bbccd37585432a5,projects/distillation/translation/training_data/gold_shards/gold_quality_4x640.shard_01_gold_core_a.jsonl,1000,,,,89,121,1.3596,86.303,1081.803,1,4,4,4,0,0,0,0,0,0,0,0,25.5,0.0,3.5962,0.0,0.0,29.0962,Edge computing processes data closer to the source to reduce latency and bandwidth usage.,La computación en el borde procesa los datos más cerca de la fuente para reducir la latencia y el uso del ancho de banda.
06,en-es,5a88a61bab1810f1f9efdde102c4b21b74952cbdb11cefc0379b1fcc2dffae48,projects/distillation/translation/training_data/gold_shards/gold_quality_4x640.shard_02_gold_core_b.jsonl,1000,,,,94,124,1.3191,85.7309,1081.2309,1,4,4,4,0,0,0,0,0,0,0,0,25.5,0.0,3.5673,0.0,0.0,29.0673,Several nations have pledged to reduce carbon emissions by fifty percent over the next decade.,Varias naciones se han comprometido a reducir las emisiones de carbono en un cincuenta por ciento durante la próxima década.
06,en-es,18e07f2a0008158ba1828d75328ac21d8b96de77fdd44bbaccc43b4f5b4ff813,projects/distillation/translation/training_data/gold_shards/gold_quality_4x640.shard_01_gold_core_a.jsonl,1000,,,,98,123,1.2551,85.9216,1081.4216,1,4,4,4,0,0,0,0,0,0,0,0,25.5,0.0,3.5196,0.0,0.0,29.0196,Hedging against currency fluctuations is a standard practice for international trade corporations.,La cobertura contra las fluctuaciones monetarias es una práctica estándar para las corporaciones de comercio internacional.
06,es-en,c1e214fd181cd6ea850207f57fdd5a6aa636367d0326823fe4690ebbd5facfe5,projects/distillation/translation/training_data/gold_shards/gold_quality_4x640.shard_01_gold_core_a.jsonl,1000,,,,110,86,1.2791,86.0259,1081.5259,1,4,4,4,0,0,0,0,0,0,0,0,25.5,0.0,3.4935,0.0,0.0,28.9935,La investigación en células madre abre nuevas posibilidades para el tratamiento de enfermedades degenerativas.,Stem cell research opens new possibilities for the treatment of degenerative diseases.
06,es-en,d2593e58bd01a6ec51028320b1a438738e3ddabbfd5e8491af1917f4560b2a5d,projects/distillation/translation/training_data/gold_shards/gold_quality_4x640.shard_02_gold_core_b.jsonl,1000,,,,56,41,1.3659,87.2986,1082.7986,1,4,4,4,0,0,0,0,0,0,0,0,25.5,0.0,3.4607,0.0,0.0,28.9607,"Al amanecer invernal, las chimeneas dibujaron humo azul.","At winter dawn, chimneys drew blue smoke."
06,en-es,6cc4a4d03e20647703ed2c4e4b638ae37c925a6121cb44f3d874a4ffbf2dbcaf,projects/distillation/translation/training_data/gold_shards/gold_quality_4x640.shard_01_gold_core_a.jsonl,1000,,,,96,121,1.2604,86.303,1081.803,1,4,4,4,0,0,0,0,0,0,0,0,25.5,0.0,3.4243,0.0,0.0,28.9243,The ski patrol checked avalanche conditions at dawn and decided to keep the upper slopes closed.,La patrulla de esquí verificó las condiciones de avalancha al amanecer y decidió mantener cerradas las pistas superiores.
06,en-es,71efcee38fd2e6f077a8d8337a89f5e6002ead3c0349116bdf6da9db38283952,projects/distillation/translation/training_data/gold_shards/gold_quality_4x640.shard_02_gold_core_b.jsonl,1000,,,,94,121,1.2872,86.303,1081.803,1,4,4,4,0,0,0,0,0,0,0,0,25.5,0.0,3.4243,0.0,0.0,28.9243,Investors reacted calmly after the company released stronger-than-expected quarterly earnings.,Los inversores reaccionaron con calma después de que la empresa publicara resultados trimestrales mejores de lo esperado.
06,en-es,7bb3ecf80535d13c88b6d30561f208f7e99292096c40eecf371919243086cb2d,projects/distillation/translation/training_data/gold_shards/gold_quality_4x640.shard_01_gold_core_a.jsonl,1000,,,,98,121,1.2347,86.303,1081.803,1,4,4,4,0,0,0,0,0,0,0,0,25.5,0.0,3.4243,0.0,0.0,28.9243,The company's liquidity position remains strong despite the recent downturn in the equity markets.,La posición de liquidez de la empresa sigue siendo sólida a pesar de la reciente caída en los mercados de renta variable.
06,es-en,b7c97b1ec47695c7e2bf5307d79bbbf04f2ae915463bd1dff73f2364564f69aa,projects/distillation/translation/training_data/gold_shards/gold_quality_4x640.shard_01_gold_core_a.jsonl,1000,,,,108,84,1.2857,86.4505,1081.9505,1,4,4,4,0,0,0,0,0,0,0,0,25.5,0.0,3.3874,0.0,0.0,28.8874,El dibujante de cómics entintó las viñetas con rotuladores de punta fina para dar profundidad a las sombras.,The comic artist inked the panels with fine-tip markers to add depth to the shadows.
06,en-es,0040e65002ab69a9bf36d91fda3932705477213dc910dfba3a0918745dcfd2dc,projects/distillation/translation/training_data/gold_shards/gold_quality_4x640.shard_02_gold_core_b.jsonl,1000,,,,95,120,1.2632,86.4936,1081.9936,1,4,4,4,0,0,0,0,0,0,0,0,25.5,0.0,3.3766,0.0,0.0,28.8766,"To maximize battery life, avoid exposing the device to extreme temperatures or direct sunlight.","Para maximizar la duración de la batería, evite exponer el dispositivo a temperaturas extremas o a la luz solar directa."
06,en-es,26cf1213edcc5a8aefaf724927055caa30dc97ce5e1a7d4b3d3345ac22547f7b,projects/distillation/translation/training_data/gold_shards/gold_quality_4x640.shard_02_gold_core_b.jsonl,1000,,,,91,120,1.3187,86.4936,1081.9936,1,4,4,4,0,0,0,0,0,0,0,0,25.5,0.0,3.3766,0.0,0.0,28.8766,The risk-free rate of return is typically based on the yield of long-term government bonds.,La tasa de rendimiento libre de riesgo se basa típicamente en el rendimiento de los bonos gubernamentales a largo plazo.
06,en-es,e4f90139b7691029c30f2f745685240740b35beee09dc11894182a2ffd1710cd,projects/distillation/translation/training_data/gold_shards/gold_quality_4x640.shard_01_gold_core_a.jsonl,1000,,,,94,120,1.2766,86.4936,1081.9936,1,4,4,4,0,0,0,0,0,0,0,0,25.5,0.0,3.3766,0.0,0.0,28.8766,Early detection of high cholesterol can significantly lower the risk of chronic heart disease.,La detección temprana del colesterol alto puede reducir significativamente el riesgo de enfermedades cardíacas crónicas.
06,es-en,ea273e42b2bb88f2641aee1efac91d07537f5b2ee1adb2319bd1b3cf27b383b4,projects/distillation/translation/training_data/gold_shards/gold_quality_4x640.shard_01_gold_core_a.jsonl,1000,,,,118,102,1.1569,87.3278,1082.8278,1,4,4,4,0,0,0,0,0,0,0,0,25.5,0.0,3.1681,0.0,0.0,28.6681,Los estados financieros fueron auditados por una firma independiente para asegurar el cumplimiento de las normas GAAP.,The financial statements were audited by an independent firm to ensure compliance with GAAP standards.
06,es-en,d79469b81b92f3e872b72e2a3b50032fbe111581b5b1457e76460b7fc2c12094,projects/distillation/translation/training_data/gold_shards/gold_quality_4x640.shard_02_gold_core_b.jsonl,1000,,,,115,107,1.0748,87.9646,1083.4646,1,4,4,4,0,0,0,0,0,0,0,0,25.5,0.0,3.0088,0.0,0.0,28.5088,El calendario de amortización muestra el desglose de los pagos de capital e intereses durante la vida del préstamo.,The amortization schedule shows the breakdown of principal and interest payments over the life of the loan.
06,en-es,76d652ca3382fd6fca9c510f2f65d4c797c3f241e406c3d8281af2597be9436b,projects/distillation/translation/training_data/gold_shards/gold_quality_4x640.shard_02_gold_core_b.jsonl,1000,,,,74,104,1.4054,92.0,1087.5,1,4,4,4,0,0,0,0,0,0,0,0,25.5,0.0,2.9973,0.0,0.0,28.4973,High-yield bonds offer greater returns but carry a higher risk of default.,Los bonos de alto rendimiento ofrecen mayores retornos pero conllevan un mayor riesgo de incumplimiento.
06,es-en,2001f1d34482bfc36b79538842d3bf0f8c6ab31a44b3e8c279e2ca6681009b41,projects/distillation/translation/training_data/gold_shards/gold_quality_4x640.shard_01_gold_core_a.jsonl,1000,,,,48,43,1.1163,88.0621,1083.5621,1,4,4,4,0,0,0,0,0,0,0,0,25.5,0.0,2.9845,0.0,0.0,28.4845,"Al amanecer, la ciudad pareció empezar de nuevo.","At sunrise, the city seemed to begin again."
06,en-es,b9bb9a46388d6edce3c84d6f0bc1484d6c7f0b0555797e8f28ddd05f8a07ccb2,projects/distillation/translation/training_data/gold_shards/gold_quality_4x640.shard_01_gold_core_a.jsonl,1000,,,,87,118,1.3563,88.5625,1084.0625,1,4,4,4,0,0,0,0,0,0,0,0,25.5,0.0,2.9732,0.0,0.0,28.4732,Machine learning algorithms can identify patterns in large datasets with high accuracy.,Los algoritmos de aprendizaje automático pueden identificar patrones en grandes conjuntos de datos con alta precisión.
06,en-es,141a7c2b67680f9eaec3dbfcf61e0054a2282b7e6e914549570920b18e5b75d0,projects/distillation/translation/training_data/gold_shards/gold_quality_4x640.shard_01_gold_core_a.jsonl,1000,,,,102,122,1.1961,88.2685,1083.7685,1,4,4,4,0,0,0,0,0,0,0,0,25.5,0.0,2.9329,0.0,0.0,28.4329,Kubernetes is an open-source platform for automating the deployment and scaling of containerized apps.,Kubernetes es una plataforma de código abierto para automatizar el despliegue y escalado de aplicaciones contenedorizadas.
06,es-en,6a0e7da2068a066d5fddde99a76880c552bf7bb4622871d8e48ba32e39323738,projects/distillation/translation/training_data/gold_shards/gold_quality_4x640.shard_01_gold_core_a.jsonl,1000,,,,42,50,1.1905,88.3489,1083.8489,1,4,4,4,0,0,0,0,0,0,0,0,25.5,0.0,2.9128,0.0,0.0,28.4128,¿Te apetece ir al cine este fin de semana?,Do you feel like going to the movies this weekend?
06,es-en,a59f555ec5ebb0b090b48c4a53d1d86997d9cb42861c85ebb1c7e2176b6b6ce4,projects/distillation/translation/training_data/gold_shards/gold_quality_4x640.shard_02_gold_core_b.jsonl,1000,,,,112,99,1.1313,88.6014,1084.1014,1,4,4,4,0,0,0,0,0,0,0,0,25.5,0.0,2.8497,0.0,0.0,28.3497,La infraestructura como código permite el aprovisionamiento y la gestión automatizados de los recursos técnicos.,Infrastructure as Code allows for the automated provisioning and management of technical resources.
06,en-es,7e36910cf259cce838ddcaaee8d1e73055115dafc029e55e42998ae7e21df7d7,projects/distillation/translation/training_data/gold_shards/gold_quality_4x640.shard_01_gold_core_a.jsonl,1000,,,,85,116,1.3647,90.25,1085.75,1,4,4,4,0,0,0,0,0,0,0,0,25.5,0.0,2.7022,0.0,0.0,28.2022,A colony of bats roosts in the limestone cave and emerges at dusk to feed on insects.,Una colonia de murciélagos se refugia en la cueva de piedra caliza y sale al anochecer para alimentarse de insectos.
06,en-es,93854df4d786dd1a2d7183e232af111a50d1f19b7904b4fa58f19c1139bf353b,projects/distillation/translation/training_data/gold_shards/gold_quality_4x640.shard_02_gold_core_b.jsonl,1000,,,,87,117,1.3448,89.4062,1084.9062,1,4,4,4,0,0,0,0,0,0,0,0,25.5,0.0,2.6485,0.0,0.0,28.1485,The beekeeper inspected each hive frame for signs of disease before the spring harvest.,El apicultor inspeccionó cada cuadro de la colmena en busca de signos de enfermedad antes de la cosecha de primavera.
06,es-en,f32d960f6c5b22067925cbf9c5d6b9d94617f6adae3323ea4a508472fbe56a6b,projects/distillation/translation/training_data/gold_shards/gold_quality_4x640.shard_01_gold_core_a.jsonl,1000,,,,108,90,1.2,89.4505,1084.9505,1,4,4,4,0,0,0,0,0,0,0,0,25.5,0.0,2.6374,0.0,0.0,28.1374,La educación artística es fundamental para desarrollar la creatividad y el pensamiento crítico en los niños.,Arts education is fundamental for developing creativity and critical thinking in children.
06,en-es,56d812147958b87d43b9e87db9c5d4701d3580ed039df6627132396236456d95,projects/distillation/translation/training_data/gold_shards/gold_quality_4x640.shard_01_gold_core_a.jsonl,1000,,,,101,120,1.1881,89.4936,1084.9936,1,4,4,4,0,0,0,0,0,0,0,0,25.5,0.0,2.6266,0.0,0.0,28.1266,The sailing instructor taught the beginners how to read wind direction from the telltales on the jib.,El instructor de vela enseñó a los principiantes a leer la dirección del viento a partir de los catavientos en el foque.
06,es-en,307b8fbab4444f56bcc831cdf56ad9b426cec72cb66db321ec9bb1b8a4c18e0b,projects/distillation/translation/training_data/gold_shards/gold_quality_4x640.shard_01_gold_core_a.jsonl,1000,,,,60,48,1.25,91.274,1086.774,1,4,4,4,0,0,0,0,0,0,0,0,25.5,0.0,2.1815,0.0,0.0,27.6815,La ciudad amaneció envuelta en una luz azulada y silenciosa.,"The city woke wrapped in a bluish, silent light."
06,en-es,875b6073373ecc3d9fd4d73b5f7eb865e553bd397f1bc6235b47245d3d101ea8,projects/distillation/translation/training_data/gold_shards/gold_quality_4x640.shard_01_gold_core_a.jsonl,1000,,,,99,118,1.1919,91.5625,1087.0625,1,4,4,4,0,0,0,0,0,0,0,0,25.5,0.0,2.1094,0.0,0.0,27.6094,The dietitian outlined a meal plan that balanced macronutrients without eliminating any food group.,La nutricionista elaboró un plan de comidas que equilibraba los macronutrientes sin eliminar ningún grupo alimenticio.
06,en-es,cf47c1dde534e3eafe34894781350a90b8058b5104e49839b3456ef02e8170c8,projects/distillation/translation/training_data/gold_shards/gold_quality_4x640.shard_01_gold_core_a.jsonl,1000,,,,49,61,1.2449,91.8595,1087.3595,1,4,4,4,0,0,0,0,0,0,0,0,25.5,0.0,2.0351,0.0,0.0,27.5351,Could you send me the meeting notes before lunch?,¿Podrías enviarme las notas de la reunión antes del almuerzo?
06,es-en,d93705aa1f8f899688492d41d2c30228f3ebb949893830eb4cbb5ca213ae5021,projects/distillation/translation/training_data/gold_shards/gold_quality_4x640.shard_02_gold_core_b.jsonl,1000,,,,63,51,1.2353,92.7143,1088.2143,1,4,4,4,0,0,0,0,0,0,0,0,25.5,0.0,1.8214,0.0,0.0,27.3214,"Si el formulario no se envía, verifica los campos obligatorios.","If the form will not submit, check required fields."
06,es-en,33fdccd4c70422dea26c48e1f9d698a849254f3a16b49bb05d60652ba5f81e34,projects/distillation/translation/training_data/gold_shards/gold_quality_4x640.shard_02_gold_core_b.jsonl,1000,,,,106,102,1.0392,95.7812,1091.2812,1,4,4,4,0,0,0,0,0,0,0,0,25.5,0.0,1.0547,0.0,0.0,26.5547,Perderse por los callejones de la judería es la mejor forma de conocer la verdadera historia de la ciudad.,Getting lost in the alleys of the Jewish quarter is the best way to know the true history of the city.
06,es-en,4b7330a6da960d4c8737ad5e59d7d6eae91ca877219714b859f31b8776125a93,projects/distillation/translation/training_data/gold_shards/gold_quality_4x640.shard_01_gold_core_a.jsonl,1000,,,,106,99,1.0707,95.7812,1091.2812,1,4,4,4,0,0,0,0,0,0,0,0,25.5,0.0,1.0547,0.0,0.0,26.5547,Las excavaciones revelaron un sistema de drenaje subterráneo construido por los romanos hace dos mil años.,The excavations revealed an underground drainage system built by the Romans two thousand years ago.
06,es-en,e6cd2f81113a2236ed5503aaabfd5d4741ebd0f27bd1c875576d593bd1041e74,projects/distillation/translation/training_data/gold_shards/gold_quality_4x640.shard_01_gold_core_a.jsonl,1000,,,,56,57,1.0179,96.0129,1091.5129,1,4,4,4,0,0,0,0,0,0,0,0,25.5,0.0,0.9968,0.0,0.0,26.4968,"No te olvides del cargador, que mañana salimos temprano.","Do not forget the charger, we are leaving early tomorrow."
06,es-en,c84da04787af858ba58269289cc237ea402a95837263cafc3956cf89a4d78769,projects/distillation/translation/training_data/gold_shards/gold_quality_4x640.shard_02_gold_core_b.jsonl,1000,,,,105,89,1.1798,96.625,1092.125,1,4,4,4,0,0,0,0,0,0,0,0,25.5,0.0,0.8438,0.0,0.0,26.3438,El guía del parque mostró a los visitantes las huellas de dinosaurio conservadas en la roca sedimentaria.,The park guide showed visitors the dinosaur footprints preserved in the sedimentary rock.
06,en-es,1423fdc8d1fbbefec9175294ebe688857d8f19df6ef927bf6cc6e837f6d116d7,projects/distillation/translation/training_data/gold_shards_draft/gold_natural_curated_shard04.jsonl,970,authored_curated,200.0,,98,99,1.0102,100.0,1067.0,3,3,3,3,0,0,0,0,0,0,0,0,21.0,0.0,0.0,0.0,0.3,21.3,The city council allocated funds to restore the historic cobblestone streets in the central plaza.,El ayuntamiento asignó fondos para restaurar las históricas calles adoquinadas en la plaza central.
