block,count,faction,seat,backend,treatment,score,winShare,firstProductiveProjectEra,productiveProjectEras,projectComputeGained,agiDeclared,capability,customers,trust,productions,report,reportSha256,outcomes,outcomesSha256
0,4,coalition_lab,0,greedy,baseline,14,0,,0,0,False,11,2,5,4,evidence/studies/simulation/20260906T215940659Z-tournament-0-19-0-b8f7d7ba3106-2038-construction-holdout-20260906-v1-block-0-1x4-baseline-a130b006-780b-4e77-bed0-bf959790bd2c.json,sha256:3a62df649298c36266aaa6c7401eacafa63a154d105ed30a1732069c6321e942,evidence/studies/simulation/20260906T215940659Z-tournament-0-19-0-b8f7d7ba3106-2038-construction-holdout-20260906-v1-block-0-1x4-baseline-a130b006-780b-4e77-bed0-bf959790bd2c-outcomes.json,sha256:51ae93b2c921e4cd71bc1cdc64a69d14310ad49a5332383a533caff36182161b
0,4,coalition_lab,0,greedy,infrastructure_plan_v1,30,1,3,2,6,True,11,3,6,4,evidence/studies/simulation/20260906T215941047Z-tournament-0-19-0-b8f7d7ba3106-2038-construction-holdout-20260906-v1-block-0-1x4-infrastructure-plan-v1-3453efd0-b34b-4dfa-8489-86f3bde97c04.json,sha256:eadb64fecd92309e943a9838e909f6ec798030f54947df5dc95358c2d5f4b93e,evidence/studies/simulation/20260906T215941047Z-tournament-0-19-0-b8f7d7ba3106-2038-construction-holdout-20260906-v1-block-0-1x4-infrastructure-plan-v1-3453efd0-b34b-4dfa-8489-86f3bde97c04-outcomes.json,sha256:73df7d74158338bd498d737fd9bfd733e0469efaa9e96abf5e8c5e8cda9ce885
0,4,coalition_lab,0,greedy,research_deploy_plan_v1,21,1,,0,0,False,8,4,6,4,evidence/studies/simulation/20260906T215941415Z-tournament-0-19-0-b8f7d7ba3106-2038-construction-holdout-20260906-v1-block-0-1x4-research-deploy-plan-v1-d449afdb-83a5-49d0-85b2-b08db83036b5.json,sha256:41dd5b023c8f81fe2535cfcf3dfc3e6d68ed10af334abf9de0d1697c3cf4468d,evidence/studies/simulation/20260906T215941415Z-tournament-0-19-0-b8f7d7ba3106-2038-construction-holdout-20260906-v1-block-0-1x4-research-deploy-plan-v1-d449afdb-83a5-49d0-85b2-b08db83036b5-outcomes.json,sha256:dd357bf7e5aa6eae4163ea26945920e7220565fd502c618b0c7c5a7e0de115f7
1,4,coalition_lab,0,weighted,baseline,14,0,,0,0,False,7,2,6,4,evidence/studies/simulation/20260906T215941793Z-tournament-0-19-0-b8f7d7ba3106-2038-construction-holdout-20260906-v1-block-1-1x4-baseline-1d072421-280b-4a96-8373-0e4a69a3b48c.json,sha256:2a09f09e3c1c57688c6b23f0eccdcc3bf814dd47d263f2d115afcd6082881f1a,evidence/studies/simulation/20260906T215941793Z-tournament-0-19-0-b8f7d7ba3106-2038-construction-holdout-20260906-v1-block-1-1x4-baseline-1d072421-280b-4a96-8373-0e4a69a3b48c-outcomes.json,sha256:49a1955144b84119df662e48f21896651e50125fd88694838b8ac1fb48968818
1,4,coalition_lab,0,weighted,infrastructure_plan_v1,21,0,,0,0,False,11,3,6,4,evidence/studies/simulation/20260906T215942166Z-tournament-0-19-0-b8f7d7ba3106-2038-construction-holdout-20260906-v1-block-1-1x4-infrastructure-plan-v1-9db48fd6-5496-499d-aebb-f4558376a492.json,sha256:0926c5eeb9474a1147f7eae178d6b79f761e3150848285e12565f213b998fe28,evidence/studies/simulation/20260906T215942166Z-tournament-0-19-0-b8f7d7ba3106-2038-construction-holdout-20260906-v1-block-1-1x4-infrastructure-plan-v1-9db48fd6-5496-499d-aebb-f4558376a492-outcomes.json,sha256:675f87b52d9ba3a62a04f2ef269efb9716f65b5b13dc0e8560cca90f5767c9a1
1,4,coalition_lab,0,weighted,research_deploy_plan_v1,23,0,,0,0,False,9,3,6,4,evidence/studies/simulation/20260906T215942540Z-tournament-0-19-0-b8f7d7ba3106-2038-construction-holdout-20260906-v1-block-1-1x4-research-deploy-plan-v1-7a885058-7361-4fd4-aa4b-e56dc4318740.json,sha256:392a4cdbdfdd857c571cea38f3efce3d3e79a26b6eb77a085388979741123afa,evidence/studies/simulation/20260906T215942540Z-tournament-0-19-0-b8f7d7ba3106-2038-construction-holdout-20260906-v1-block-1-1x4-research-deploy-plan-v1-7a885058-7361-4fd4-aa4b-e56dc4318740-outcomes.json,sha256:6b25bdf34d06e6a2d6332b21c44f2fd0d083f2ed49953f7ac778f6c33796e863
2,4,coalition_lab,1,greedy,baseline,17,0,,0,0,False,6,2,6,4,evidence/studies/simulation/20260906T215942888Z-tournament-0-19-0-b8f7d7ba3106-2038-construction-holdout-20260906-v1-block-2-1x4-baseline-679eaabf-274b-4ba6-bfd9-9c2964378737.json,sha256:8f0d3c188346e21bfcb19f931baff2fbc2dc654c380e9784fb2e3dfc5c0d2c6a,evidence/studies/simulation/20260906T215942888Z-tournament-0-19-0-b8f7d7ba3106-2038-construction-holdout-20260906-v1-block-2-1x4-baseline-679eaabf-274b-4ba6-bfd9-9c2964378737-outcomes.json,sha256:d82edf1ffaa5c05b0fc251da300375c192cb9f76cde91721b00a77a7f3ce6d6b
2,4,coalition_lab,1,greedy,infrastructure_plan_v1,28,1,3,2,6,True,11,4,4,4,evidence/studies/simulation/20260906T215943237Z-tournament-0-19-0-b8f7d7ba3106-2038-construction-holdout-20260906-v1-block-2-1x4-infrastructure-plan-v1-b298d1ce-3275-409d-bf82-dff91f8899c5.json,sha256:3d79db35ddeb3970e665af073319074574f5de49f33e998799908eb49cfd9add,evidence/studies/simulation/20260906T215943237Z-tournament-0-19-0-b8f7d7ba3106-2038-construction-holdout-20260906-v1-block-2-1x4-infrastructure-plan-v1-b298d1ce-3275-409d-bf82-dff91f8899c5-outcomes.json,sha256:9f742e1ab85a774a4664ea4f3dc002f8fa1a68519cf5e33ef2df2999de02e4e7
2,4,coalition_lab,1,greedy,research_deploy_plan_v1,22,1,,0,0,False,10,4,6,4,evidence/studies/simulation/20260906T215943576Z-tournament-0-19-0-b8f7d7ba3106-2038-construction-holdout-20260906-v1-block-2-1x4-research-deploy-plan-v1-3cac0f9f-5f43-4327-9c6f-e94e2fb061ab.json,sha256:872d60a7dbe8699287cf0476971084576803e2f53f4bb850ebd75ca28158e125,evidence/studies/simulation/20260906T215943576Z-tournament-0-19-0-b8f7d7ba3106-2038-construction-holdout-20260906-v1-block-2-1x4-research-deploy-plan-v1-3cac0f9f-5f43-4327-9c6f-e94e2fb061ab-outcomes.json,sha256:3756ae506dddfbdc6233d0e53b40382e6f5b8e52d00e38d23902c6140ba5b3a1
3,4,coalition_lab,1,weighted,baseline,9,0,,0,0,False,3,1,6,4,evidence/studies/simulation/20260906T215943929Z-tournament-0-19-0-b8f7d7ba3106-2038-construction-holdout-20260906-v1-block-3-1x4-baseline-5bb6e7b1-8882-42e6-b06f-95fb20c9ff4b.json,sha256:63ead6d191d7e500b6a6fea30856b59208c7b2ed6c275ca725355ba51e6f8307,evidence/studies/simulation/20260906T215943929Z-tournament-0-19-0-b8f7d7ba3106-2038-construction-holdout-20260906-v1-block-3-1x4-baseline-5bb6e7b1-8882-42e6-b06f-95fb20c9ff4b-outcomes.json,sha256:98cf44ac6d2c7cc62c85d8be1e285955e7048e47d8e6676fb464927604f7a572
3,4,coalition_lab,1,weighted,infrastructure_plan_v1,19,1,3,2,6,False,8,2,5,4,evidence/studies/simulation/20260906T215944284Z-tournament-0-19-0-b8f7d7ba3106-2038-construction-holdout-20260906-v1-block-3-1x4-infrastructure-plan-v1-6b6a72c8-341d-4987-a20a-09437318fb56.json,sha256:4b68f893b60d379273b6e2ee63fff7be818645b5a9be38d3569f00fcce6916cf,evidence/studies/simulation/20260906T215944284Z-tournament-0-19-0-b8f7d7ba3106-2038-construction-holdout-20260906-v1-block-3-1x4-infrastructure-plan-v1-6b6a72c8-341d-4987-a20a-09437318fb56-outcomes.json,sha256:e01895c3c9badd5db0ca37aff1f23797301c2182560c5add3ad92fcb7a379807
3,4,coalition_lab,1,weighted,research_deploy_plan_v1,21,1,,0,0,False,11,3,6,4,evidence/studies/simulation/20260906T215944642Z-tournament-0-19-0-b8f7d7ba3106-2038-construction-holdout-20260906-v1-block-3-1x4-research-deploy-plan-v1-d6784cdb-5bc5-4bbb-870e-6b763abd6c0e.json,sha256:27c3e73b0be688acf2934badc9a9d4ed30f212b277c2178a43b526c209bb08c0,evidence/studies/simulation/20260906T215944642Z-tournament-0-19-0-b8f7d7ba3106-2038-construction-holdout-20260906-v1-block-3-1x4-research-deploy-plan-v1-d6784cdb-5bc5-4bbb-870e-6b763abd6c0e-outcomes.json,sha256:984ecbcbe746c56df9ce09bba8e98aff05fd7d83ed6bef04ceba962ff2c6c6a5
4,4,coalition_lab,2,greedy,baseline,11,0,,0,0,False,5,2,6,4,evidence/studies/simulation/20260906T215944984Z-tournament-0-19-0-b8f7d7ba3106-2038-construction-holdout-20260906-v1-block-4-1x4-baseline-09f0ba24-0d97-49f7-bb38-896407863487.json,sha256:900e13f57ef01a72ff40ebdf51ae71d9e66f6be0d9e6c3e36c9b7bfdfc958266,evidence/studies/simulation/20260906T215944984Z-tournament-0-19-0-b8f7d7ba3106-2038-construction-holdout-20260906-v1-block-4-1x4-baseline-09f0ba24-0d97-49f7-bb38-896407863487-outcomes.json,sha256:a4f697e86930d73394dbc48f8b2b2e9f2fba96d19dfffc7a595a76ce2822a47b
4,4,coalition_lab,2,greedy,infrastructure_plan_v1,18,0,3,2,4,False,7,2,3,4,evidence/studies/simulation/20260906T215945338Z-tournament-0-19-0-b8f7d7ba3106-2038-construction-holdout-20260906-v1-block-4-1x4-infrastructure-plan-v1-34b99509-60dc-4876-b48e-8c3fc72ec78b.json,sha256:ce5099028bdd588d0ccb21725d545ab58c7ac4a4478c810f42226b5f42d01cd2,evidence/studies/simulation/20260906T215945338Z-tournament-0-19-0-b8f7d7ba3106-2038-construction-holdout-20260906-v1-block-4-1x4-infrastructure-plan-v1-34b99509-60dc-4876-b48e-8c3fc72ec78b-outcomes.json,sha256:cae19944703a6aea8e5cac505f365ebb86478c310e8baf0ffc54bd5b0301ffac
4,4,coalition_lab,2,greedy,research_deploy_plan_v1,22,1,,0,0,False,11,4,6,4,evidence/studies/simulation/20260906T215945684Z-tournament-0-19-0-b8f7d7ba3106-2038-construction-holdout-20260906-v1-block-4-1x4-research-deploy-plan-v1-56f776b0-2536-4001-92af-c594e17cdeff.json,sha256:323c8f69a178cabebf28ab678644790158a1bd6e1f3f7d77eeca82215da2971b,evidence/studies/simulation/20260906T215945684Z-tournament-0-19-0-b8f7d7ba3106-2038-construction-holdout-20260906-v1-block-4-1x4-research-deploy-plan-v1-56f776b0-2536-4001-92af-c594e17cdeff-outcomes.json,sha256:40e65bc9d782541911ad2c6ff077ead0a1388435e65da79bd418144543c4fb18
5,4,coalition_lab,2,weighted,baseline,14,0,,0,0,False,6,3,5,4,evidence/studies/simulation/20260906T215946044Z-tournament-0-19-0-b8f7d7ba3106-2038-construction-holdout-20260906-v1-block-5-1x4-baseline-76424585-9abe-44ab-b418-3575e1455930.json,sha256:e627d30ab83cb3af0253f5c6b23ba021221fcc274fef662d4982769d4f8d1b97,evidence/studies/simulation/20260906T215946044Z-tournament-0-19-0-b8f7d7ba3106-2038-construction-holdout-20260906-v1-block-5-1x4-baseline-76424585-9abe-44ab-b418-3575e1455930-outcomes.json,sha256:97ea7fb5bbd72f9efc2f7d4e1cff6198c36dd04c761d2b3fa8d6f802b30139e5
5,4,coalition_lab,2,weighted,infrastructure_plan_v1,12,0,,0,0,False,7,1,6,4,evidence/studies/simulation/20260906T215946414Z-tournament-0-19-0-b8f7d7ba3106-2038-construction-holdout-20260906-v1-block-5-1x4-infrastructure-plan-v1-62805eb3-5ec8-4e71-9cbc-ce43d0d2e92d.json,sha256:622e241a6e5cd1496537f986b704c62f4331423d92b2f73b2c609999b246cfc8,evidence/studies/simulation/20260906T215946414Z-tournament-0-19-0-b8f7d7ba3106-2038-construction-holdout-20260906-v1-block-5-1x4-infrastructure-plan-v1-62805eb3-5ec8-4e71-9cbc-ce43d0d2e92d-outcomes.json,sha256:49434ee7fa9533a916ba22eea94f526166c4b31b8ba1c6a917ecdee576460539
5,4,coalition_lab,2,weighted,research_deploy_plan_v1,12,0,,0,0,False,4,2,6,4,evidence/studies/simulation/20260906T215946771Z-tournament-0-19-0-b8f7d7ba3106-2038-construction-holdout-20260906-v1-block-5-1x4-research-deploy-plan-v1-52ecc4a3-1fd5-4096-bf61-8a98551be153.json,sha256:d46db29f5fe5cd47e503be788f51dd4923bd764bc4da087f54fb8e68c3c414d8,evidence/studies/simulation/20260906T215946771Z-tournament-0-19-0-b8f7d7ba3106-2038-construction-holdout-20260906-v1-block-5-1x4-research-deploy-plan-v1-52ecc4a3-1fd5-4096-bf61-8a98551be153-outcomes.json,sha256:6f4b1463a73b682d4bf3e66f91aff7d9d6f8632b57d44f58cd6b8e4cdec767e7
6,4,coalition_lab,3,greedy,baseline,17,0,,0,0,False,9,2,5,4,evidence/studies/simulation/20260906T215947123Z-tournament-0-19-0-b8f7d7ba3106-2038-construction-holdout-20260906-v1-block-6-1x4-baseline-1f010bd3-862e-4104-86fe-5c0ab918a16f.json,sha256:cc57f8dd18e843914327eee3ef82267175251a188eeaa2a9a18c81dbacf7fa80,evidence/studies/simulation/20260906T215947123Z-tournament-0-19-0-b8f7d7ba3106-2038-construction-holdout-20260906-v1-block-6-1x4-baseline-1f010bd3-862e-4104-86fe-5c0ab918a16f-outcomes.json,sha256:b43068796d451d29df9610d9131767983208cc44a57df83382b0e2a1b22c7471
6,4,coalition_lab,3,greedy,infrastructure_plan_v1,29,1,3,2,6,True,11,4,6,4,evidence/studies/simulation/20260906T215947477Z-tournament-0-19-0-b8f7d7ba3106-2038-construction-holdout-20260906-v1-block-6-1x4-infrastructure-plan-v1-f22ac549-7928-49af-be37-8a8349c3c0f4.json,sha256:52f4e0e49e30ab976fe77b13611924eed4485eba6245772e22792b68eabe767e,evidence/studies/simulation/20260906T215947477Z-tournament-0-19-0-b8f7d7ba3106-2038-construction-holdout-20260906-v1-block-6-1x4-infrastructure-plan-v1-f22ac549-7928-49af-be37-8a8349c3c0f4-outcomes.json,sha256:d61ed63315163b0a6da3c8d755cdc4f086a0834a16ab84c8db2a12c61f0f364c
6,4,coalition_lab,3,greedy,research_deploy_plan_v1,26,1,,0,0,False,12,4,6,4,evidence/studies/simulation/20260906T215947825Z-tournament-0-19-0-b8f7d7ba3106-2038-construction-holdout-20260906-v1-block-6-1x4-research-deploy-plan-v1-ee6e2357-5973-4155-a4b7-739ee25259a7.json,sha256:10138ee136e9f8401401377acb37e83f7af01b3421ea9e01075247a57dfedef5,evidence/studies/simulation/20260906T215947825Z-tournament-0-19-0-b8f7d7ba3106-2038-construction-holdout-20260906-v1-block-6-1x4-research-deploy-plan-v1-ee6e2357-5973-4155-a4b7-739ee25259a7-outcomes.json,sha256:2542e5aee0adf808a68356153027550ebc0eb8bbb6faf9005169e6618a5790de
7,4,coalition_lab,3,weighted,baseline,17,0,,0,0,False,9,3,6,4,evidence/studies/simulation/20260906T215948179Z-tournament-0-19-0-b8f7d7ba3106-2038-construction-holdout-20260906-v1-block-7-1x4-baseline-8cd4a2f0-3556-4184-9544-43cd35a8e66f.json,sha256:d90ee107a3b02c53067dd8c758cc172257ece3c33868b1b62e9080b0b709d475,evidence/studies/simulation/20260906T215948179Z-tournament-0-19-0-b8f7d7ba3106-2038-construction-holdout-20260906-v1-block-7-1x4-baseline-8cd4a2f0-3556-4184-9544-43cd35a8e66f-outcomes.json,sha256:2e3e34ddfda8403e9737e89733133191c13df68aefa931f6cb2bb738c5a8e7e5
7,4,coalition_lab,3,weighted,infrastructure_plan_v1,20,1,,0,0,False,12,2,6,4,evidence/studies/simulation/20260906T215948532Z-tournament-0-19-0-b8f7d7ba3106-2038-construction-holdout-20260906-v1-block-7-1x4-infrastructure-plan-v1-371ee034-4a0d-47d5-ad95-687a25f677ac.json,sha256:8f7f66d84399d8bf13c10579c483dc7f317602b22a6fa258649be94f8de0712e,evidence/studies/simulation/20260906T215948532Z-tournament-0-19-0-b8f7d7ba3106-2038-construction-holdout-20260906-v1-block-7-1x4-infrastructure-plan-v1-371ee034-4a0d-47d5-ad95-687a25f677ac-outcomes.json,sha256:7da97b1c07a23949daabe5425dacf359892da01456e99f4cebb747784913f62c
7,4,coalition_lab,3,weighted,research_deploy_plan_v1,14,0,,0,0,False,7,3,5,4,evidence/studies/simulation/20260906T215948879Z-tournament-0-19-0-b8f7d7ba3106-2038-construction-holdout-20260906-v1-block-7-1x4-research-deploy-plan-v1-7213bef9-ce2f-4d52-ba50-f4152d6255e6.json,sha256:6fd9297a8afcebe5e38c7cd1318f4ec2b6f07c1ece639f37d73135f595def00b,evidence/studies/simulation/20260906T215948879Z-tournament-0-19-0-b8f7d7ba3106-2038-construction-holdout-20260906-v1-block-7-1x4-research-deploy-plan-v1-7213bef9-ce2f-4d52-ba50-f4152d6255e6-outcomes.json,sha256:04bcf910987b6146d0695773e09f3ae5658730df0de6134daa82248120bba6de
8,4,platform_empire,0,greedy,baseline,14,0,,0,0,False,4,2,5,4,evidence/studies/simulation/20260906T215949218Z-tournament-0-19-0-b8f7d7ba3106-2038-construction-holdout-20260906-v1-block-8-1x4-baseline-54c65d80-cf9e-4778-a0d4-53f3267081a7.json,sha256:1edfd232cd2d3a7d6ac9d968cd0ac337357f1fc3d52a3dc8d32522fd84e09928,evidence/studies/simulation/20260906T215949218Z-tournament-0-19-0-b8f7d7ba3106-2038-construction-holdout-20260906-v1-block-8-1x4-baseline-54c65d80-cf9e-4778-a0d4-53f3267081a7-outcomes.json,sha256:3cdc5a44c2bf6f39cfb0bf2481cd13d2d26b3192e3523c992397c7078abc4f4a
8,4,platform_empire,0,greedy,infrastructure_plan_v1,19,0,3,2,6,False,8,3,4,4,evidence/studies/simulation/20260906T215949551Z-tournament-0-19-0-b8f7d7ba3106-2038-construction-holdout-20260906-v1-block-8-1x4-infrastructure-plan-v1-dd34a3f6-9d14-40d6-99f5-633699028339.json,sha256:8e4764bb4f1af6f01a456b4f9584578453b07e40023a39fad1f8caa2c9af12e2,evidence/studies/simulation/20260906T215949551Z-tournament-0-19-0-b8f7d7ba3106-2038-construction-holdout-20260906-v1-block-8-1x4-infrastructure-plan-v1-dd34a3f6-9d14-40d6-99f5-633699028339-outcomes.json,sha256:a39c956d29fb3ad0edd6a55d800bd37890dc3c520e1631e5891f3bef6e17d66b
8,4,platform_empire,0,greedy,research_deploy_plan_v1,20,0,,0,0,False,12,4,5,4,evidence/studies/simulation/20260906T215949883Z-tournament-0-19-0-b8f7d7ba3106-2038-construction-holdout-20260906-v1-block-8-1x4-research-deploy-plan-v1-c1edc461-f59e-4dcf-b0a8-447d67fab170.json,sha256:b70160eda08eb9cfd67b7a444f5c30646e1cc15fd3b2931a36aa80beee820cce,evidence/studies/simulation/20260906T215949883Z-tournament-0-19-0-b8f7d7ba3106-2038-construction-holdout-20260906-v1-block-8-1x4-research-deploy-plan-v1-c1edc461-f59e-4dcf-b0a8-447d67fab170-outcomes.json,sha256:be038b991ba919f4406b5d315c3dcc40d2c712d6222d314581582952894e0044
9,4,platform_empire,0,weighted,baseline,17,1,,0,0,False,11,3,6,4,evidence/studies/simulation/20260906T215950244Z-tournament-0-19-0-b8f7d7ba3106-2038-construction-holdout-20260906-v1-block-9-1x4-baseline-7f8ce708-8541-45d5-a919-1599d12e8126.json,sha256:750bd496baf39948e078c7b70b521c8a9c661a8ea401ecf12c3892008718194d,evidence/studies/simulation/20260906T215950244Z-tournament-0-19-0-b8f7d7ba3106-2038-construction-holdout-20260906-v1-block-9-1x4-baseline-7f8ce708-8541-45d5-a919-1599d12e8126-outcomes.json,sha256:39543697d71f4a9563aa5b16abfe09d046ec19627e7e23ef135913b133a2f53c
9,4,platform_empire,0,weighted,infrastructure_plan_v1,20,1,4,1,3,False,9,4,6,4,evidence/studies/simulation/20260906T215950594Z-tournament-0-19-0-b8f7d7ba3106-2038-construction-holdout-20260906-v1-block-9-1x4-infrastructure-plan-v1-f918d0b2-020a-4bdb-b707-4827713abf9b.json,sha256:2b3318d42e63364df54ff6e5578b1d05df5bb3324192e259d39833a948980516,evidence/studies/simulation/20260906T215950594Z-tournament-0-19-0-b8f7d7ba3106-2038-construction-holdout-20260906-v1-block-9-1x4-infrastructure-plan-v1-f918d0b2-020a-4bdb-b707-4827713abf9b-outcomes.json,sha256:1543c3c1c91f3d4fd388e8b6dc196c11cb867706f2ae0b6fac8977da5370f3e3
9,4,platform_empire,0,weighted,research_deploy_plan_v1,17,1,,0,0,False,10,4,5,4,evidence/studies/simulation/20260906T215950945Z-tournament-0-19-0-b8f7d7ba3106-2038-construction-holdout-20260906-v1-block-9-1x4-research-deploy-plan-v1-4ac34abd-2195-416b-b94d-309a88c52a15.json,sha256:1f04081b490f4dba7e875856debecc2a96005676dab91d3f0fbf9cec3ab90174,evidence/studies/simulation/20260906T215950945Z-tournament-0-19-0-b8f7d7ba3106-2038-construction-holdout-20260906-v1-block-9-1x4-research-deploy-plan-v1-4ac34abd-2195-416b-b94d-309a88c52a15-outcomes.json,sha256:eb41254623265c92cc77ee34772ddc27ab759127ad0a547d99fecbbe6ae7100e
10,4,platform_empire,1,greedy,baseline,11,0,,0,0,False,4,2,6,4,evidence/studies/simulation/20260906T215951286Z-tournament-0-19-0-b8f7d7ba3106-2038-construction-holdout-20260906-v1-block-10-1x4-baseline-eb0ae11f-8861-45a0-ad58-3b94ba2b63dc.json,sha256:fb21ea0f4469675608bd8ee734b2bf16a82e97ec4d785c5be2e778d17bacebcc,evidence/studies/simulation/20260906T215951286Z-tournament-0-19-0-b8f7d7ba3106-2038-construction-holdout-20260906-v1-block-10-1x4-baseline-eb0ae11f-8861-45a0-ad58-3b94ba2b63dc-outcomes.json,sha256:7a77edde4ebd5f9111568f347e70b38456911ab60ea69f29531adb9830854d90
10,4,platform_empire,1,greedy,infrastructure_plan_v1,26,1,3,2,3,True,10,3,3,4,evidence/studies/simulation/20260906T215951644Z-tournament-0-19-0-b8f7d7ba3106-2038-construction-holdout-20260906-v1-block-10-1x4-infrastructure-plan-v1-87182d91-937e-4058-b1cf-9318da8137a3.json,sha256:956791f3620a8004e8b9ca3931a32810f2af4395dfb996b7991566e3312e8488,evidence/studies/simulation/20260906T215951644Z-tournament-0-19-0-b8f7d7ba3106-2038-construction-holdout-20260906-v1-block-10-1x4-infrastructure-plan-v1-87182d91-937e-4058-b1cf-9318da8137a3-outcomes.json,sha256:75f85b05f47d150a4c197474c3d58c04dd323eb1211b75d0715860a702edecd3
10,4,platform_empire,1,greedy,research_deploy_plan_v1,23,1,,0,0,False,10,4,6,4,evidence/studies/simulation/20260906T215951984Z-tournament-0-19-0-b8f7d7ba3106-2038-construction-holdout-20260906-v1-block-10-1x4-research-deploy-plan-v1-04a81c73-6741-47b6-a5de-c5ed0ad03eda.json,sha256:ace3e64a178bb8372e9d9a581a72e4fadd39cc694de3d4db08536ce9a5b141e1,evidence/studies/simulation/20260906T215951984Z-tournament-0-19-0-b8f7d7ba3106-2038-construction-holdout-20260906-v1-block-10-1x4-research-deploy-plan-v1-04a81c73-6741-47b6-a5de-c5ed0ad03eda-outcomes.json,sha256:94410ba3eb65d11454c903350422fda1f773a42c33b6d5b50e3f42af41bb45a0
11,4,platform_empire,1,weighted,baseline,16,1,,0,0,False,7,3,6,4,evidence/studies/simulation/20260906T215952325Z-tournament-0-19-0-b8f7d7ba3106-2038-construction-holdout-20260906-v1-block-11-1x4-baseline-7b379cb2-6eff-45cb-915e-7ee9bcebc1f6.json,sha256:2203173809d4b0d939997e700337af4ca4e63a4c423d9b5a1f7c96f7aca1c0fd,evidence/studies/simulation/20260906T215952325Z-tournament-0-19-0-b8f7d7ba3106-2038-construction-holdout-20260906-v1-block-11-1x4-baseline-7b379cb2-6eff-45cb-915e-7ee9bcebc1f6-outcomes.json,sha256:38ab6c156cfe289d9688f5f801f51091716de408a2ade6f39f2754d835628cb6
11,4,platform_empire,1,weighted,infrastructure_plan_v1,18,0,3,2,6,False,12,4,3,4,evidence/studies/simulation/20260906T215952669Z-tournament-0-19-0-b8f7d7ba3106-2038-construction-holdout-20260906-v1-block-11-1x4-infrastructure-plan-v1-3287eed8-bf61-46b6-81fd-6354d56d421d.json,sha256:2ca516b88a9d65cc0df691ae6571cd000484dd422d8d830d6f065a9d0abf239a,evidence/studies/simulation/20260906T215952669Z-tournament-0-19-0-b8f7d7ba3106-2038-construction-holdout-20260906-v1-block-11-1x4-infrastructure-plan-v1-3287eed8-bf61-46b6-81fd-6354d56d421d-outcomes.json,sha256:db1aa1c780ecad2821f3730e5b3492a287fc3f698ad056918c67c29a18af9389
11,4,platform_empire,1,weighted,research_deploy_plan_v1,24,1,,0,0,False,12,4,6,4,evidence/studies/simulation/20260906T215953011Z-tournament-0-19-0-b8f7d7ba3106-2038-construction-holdout-20260906-v1-block-11-1x4-research-deploy-plan-v1-3b79cfc3-ce5c-4f30-9afb-911ae501c5aa.json,sha256:fa31128add27b5272f123c700f39a9cab4843429b2f29a0ad7564714c498589f,evidence/studies/simulation/20260906T215953011Z-tournament-0-19-0-b8f7d7ba3106-2038-construction-holdout-20260906-v1-block-11-1x4-research-deploy-plan-v1-3b79cfc3-ce5c-4f30-9afb-911ae501c5aa-outcomes.json,sha256:b73c932245c3483ae4b306b10eb42c0cf51f8ad5e878348182112f29c90a7fd0
12,4,platform_empire,2,greedy,baseline,17,0,,0,0,False,7,3,6,4,evidence/studies/simulation/20260906T215953349Z-tournament-0-19-0-b8f7d7ba3106-2038-construction-holdout-20260906-v1-block-12-1x4-baseline-03bd3a94-e175-4d97-aea9-db39711a3dd1.json,sha256:3d723fc29c8a66a9b132924fa105ef50d56ac4dd2af9ce81d6d122183b9aadbd,evidence/studies/simulation/20260906T215953349Z-tournament-0-19-0-b8f7d7ba3106-2038-construction-holdout-20260906-v1-block-12-1x4-baseline-03bd3a94-e175-4d97-aea9-db39711a3dd1-outcomes.json,sha256:74848fd6ea935c797d9ed3246a06b731c471602a619305babb8da1315fcaae6f
12,4,platform_empire,2,greedy,infrastructure_plan_v1,26,1,3,2,5,True,9,3,6,4,evidence/studies/simulation/20260906T215953694Z-tournament-0-19-0-b8f7d7ba3106-2038-construction-holdout-20260906-v1-block-12-1x4-infrastructure-plan-v1-53ecfb80-47f2-4b03-b973-6692dc420dbd.json,sha256:8ed0f05f994b3d2d86f608185c037b2c59fdfb641a158e8eafaf7b28180329f3,evidence/studies/simulation/20260906T215953694Z-tournament-0-19-0-b8f7d7ba3106-2038-construction-holdout-20260906-v1-block-12-1x4-infrastructure-plan-v1-53ecfb80-47f2-4b03-b973-6692dc420dbd-outcomes.json,sha256:2e94ceb5583658fb350c2092aebbfba83d46926154159e9ceb49e8bbe98a36b3
12,4,platform_empire,2,greedy,research_deploy_plan_v1,22,0,,0,0,False,10,4,6,4,evidence/studies/simulation/20260906T215954029Z-tournament-0-19-0-b8f7d7ba3106-2038-construction-holdout-20260906-v1-block-12-1x4-research-deploy-plan-v1-48d26bc8-caba-440b-be4d-baf3cffd5888.json,sha256:e2610b86e3226eb11792634fcba8fd5e3942de7716f1d9d534d78450a9694496,evidence/studies/simulation/20260906T215954029Z-tournament-0-19-0-b8f7d7ba3106-2038-construction-holdout-20260906-v1-block-12-1x4-research-deploy-plan-v1-48d26bc8-caba-440b-be4d-baf3cffd5888-outcomes.json,sha256:625df1f2a79fd798090ed42e03da47dc6c8199c3ce244a6fb88eabe069e2e106
13,4,platform_empire,2,weighted,baseline,13,0,,0,0,False,7,2,6,4,evidence/studies/simulation/20260906T215954383Z-tournament-0-19-0-b8f7d7ba3106-2038-construction-holdout-20260906-v1-block-13-1x4-baseline-b1b8a86b-b1a6-402b-95fe-67ab9977f489.json,sha256:d2cede16de28e84fd72d274dafda77035caa2a7711a0e7ded97cfec12bf72c0c,evidence/studies/simulation/20260906T215954383Z-tournament-0-19-0-b8f7d7ba3106-2038-construction-holdout-20260906-v1-block-13-1x4-baseline-b1b8a86b-b1a6-402b-95fe-67ab9977f489-outcomes.json,sha256:11c5535381d791e4c2cf9cbd50a392289a4a4d940cfe35b75702754a0b424643
13,4,platform_empire,2,weighted,infrastructure_plan_v1,25,1,4,1,3,True,10,3,6,4,evidence/studies/simulation/20260906T215954738Z-tournament-0-19-0-b8f7d7ba3106-2038-construction-holdout-20260906-v1-block-13-1x4-infrastructure-plan-v1-8c9eb9e5-b8fa-44a5-a72c-6c7e636eb463.json,sha256:e3d5abb734e73e44402f63637d6dfcb2da05efd6bb9c7d3ec327c109aacff1e9,evidence/studies/simulation/20260906T215954738Z-tournament-0-19-0-b8f7d7ba3106-2038-construction-holdout-20260906-v1-block-13-1x4-infrastructure-plan-v1-8c9eb9e5-b8fa-44a5-a72c-6c7e636eb463-outcomes.json,sha256:9925a0228423b53c37957656229211b70788f829203dd36115ada7173ac56022
13,4,platform_empire,2,weighted,research_deploy_plan_v1,20,1,,0,0,False,10,3,6,4,evidence/studies/simulation/20260906T215955090Z-tournament-0-19-0-b8f7d7ba3106-2038-construction-holdout-20260906-v1-block-13-1x4-research-deploy-plan-v1-c16d8910-db87-4197-af99-a3c2914591ad.json,sha256:e133298f03412532fe75135a02e0e3d920178c5f1d00d9bf1b623aee60096c2f,evidence/studies/simulation/20260906T215955090Z-tournament-0-19-0-b8f7d7ba3106-2038-construction-holdout-20260906-v1-block-13-1x4-research-deploy-plan-v1-c16d8910-db87-4197-af99-a3c2914591ad-outcomes.json,sha256:809f7c29ef0d5911a5f89828cfe8c4373984904ee44ec7f359d7e35ea58d3ab8
14,4,platform_empire,3,greedy,baseline,11,0,,0,0,False,3,1,5,4,evidence/studies/simulation/20260906T215955446Z-tournament-0-19-0-b8f7d7ba3106-2038-construction-holdout-20260906-v1-block-14-1x4-baseline-915f430f-054d-4698-b069-b66325a4c1e7.json,sha256:85dff399c1eefaa076afe4c905e127998e5d44c3c79c22fb5a4dd274a757fd26,evidence/studies/simulation/20260906T215955446Z-tournament-0-19-0-b8f7d7ba3106-2038-construction-holdout-20260906-v1-block-14-1x4-baseline-915f430f-054d-4698-b069-b66325a4c1e7-outcomes.json,sha256:7a116ab3903cb04823354e93473aa413616a81fc8e075b1922c94611c8ba8b7e
14,4,platform_empire,3,greedy,infrastructure_plan_v1,32,1,3,2,6,True,10,4,6,4,evidence/studies/simulation/20260906T215955802Z-tournament-0-19-0-b8f7d7ba3106-2038-construction-holdout-20260906-v1-block-14-1x4-infrastructure-plan-v1-7ac91a95-dd17-463d-a8db-ae494f377eab.json,sha256:b350c9693dad59da4f5a526066aa084cca635b4ca32dabf25a2c2ec3c43b2803,evidence/studies/simulation/20260906T215955802Z-tournament-0-19-0-b8f7d7ba3106-2038-construction-holdout-20260906-v1-block-14-1x4-infrastructure-plan-v1-7ac91a95-dd17-463d-a8db-ae494f377eab-outcomes.json,sha256:02cccc2765c2d60d8d120da635d0ef81d676f49d1fbf1693e089e6366345e503
14,4,platform_empire,3,greedy,research_deploy_plan_v1,26,1,,0,0,False,12,4,6,4,evidence/studies/simulation/20260906T215956152Z-tournament-0-19-0-b8f7d7ba3106-2038-construction-holdout-20260906-v1-block-14-1x4-research-deploy-plan-v1-d5d17483-19f7-4499-b243-4795b906099d.json,sha256:f565535fbbd2c9d2cb9d9a8731a9ff4ed27263132648d7172a4fed613ad6d5bb,evidence/studies/simulation/20260906T215956152Z-tournament-0-19-0-b8f7d7ba3106-2038-construction-holdout-20260906-v1-block-14-1x4-research-deploy-plan-v1-d5d17483-19f7-4499-b243-4795b906099d-outcomes.json,sha256:4cf9a9ae497a623dcaf62d36e25a6b6eebe58d0f068c16820067386f9aba124d
15,4,platform_empire,3,weighted,baseline,16,0,,0,0,False,9,3,4,4,evidence/studies/simulation/20260906T215956516Z-tournament-0-19-0-b8f7d7ba3106-2038-construction-holdout-20260906-v1-block-15-1x4-baseline-3033c2cc-8436-4886-8f81-ffd750500130.json,sha256:85908261d5b03168880925d35b651c0c0e719b8a67c5035ccbec7f80334a1d7b,evidence/studies/simulation/20260906T215956516Z-tournament-0-19-0-b8f7d7ba3106-2038-construction-holdout-20260906-v1-block-15-1x4-baseline-3033c2cc-8436-4886-8f81-ffd750500130-outcomes.json,sha256:60feea8a4ccd1b504065860d3378ba6330a6e4f134a281cf68a571b78407b595
15,4,platform_empire,3,weighted,infrastructure_plan_v1,15,0,3,2,6,False,7,2,3,4,evidence/studies/simulation/20260906T215956878Z-tournament-0-19-0-b8f7d7ba3106-2038-construction-holdout-20260906-v1-block-15-1x4-infrastructure-plan-v1-25f99a88-fb16-47e0-bea1-d66e029f5fa9.json,sha256:557f4388b8fb0e0f70b81a0a7f560e127f209a2f2105dae0e8de6995c38eb729,evidence/studies/simulation/20260906T215956878Z-tournament-0-19-0-b8f7d7ba3106-2038-construction-holdout-20260906-v1-block-15-1x4-infrastructure-plan-v1-25f99a88-fb16-47e0-bea1-d66e029f5fa9-outcomes.json,sha256:72e68ab0f4256cca8b20c24a3a07662fbaa008ce92a6d64054f16e600a4d5f6d
15,4,platform_empire,3,weighted,research_deploy_plan_v1,19,1,,0,0,False,6,3,6,4,evidence/studies/simulation/20260906T215957244Z-tournament-0-19-0-b8f7d7ba3106-2038-construction-holdout-20260906-v1-block-15-1x4-research-deploy-plan-v1-74ebdeb8-1a3b-4e52-95e8-d180ca3a79f3.json,sha256:cd9db7480969558412b9958e9517f74d3542a4a4ee544b4c28e41cfbd17622f6,evidence/studies/simulation/20260906T215957244Z-tournament-0-19-0-b8f7d7ba3106-2038-construction-holdout-20260906-v1-block-15-1x4-research-deploy-plan-v1-74ebdeb8-1a3b-4e52-95e8-d180ca3a79f3-outcomes.json,sha256:8128b74b9c479495cb559cfd9f2aef051c46cbbdb98a8ad843c2b3832b57199b
16,4,imperial_research_lab,0,greedy,baseline,17,0,,0,0,False,12,2,6,4,evidence/studies/simulation/20260906T215957598Z-tournament-0-19-0-b8f7d7ba3106-2038-construction-holdout-20260906-v1-block-16-1x4-baseline-4f053672-8588-478b-919d-f024d8ad9ff4.json,sha256:99fec8f72e740607fd8a423eb071a0d879f2237ecced025aa6de0eca8856e0d9,evidence/studies/simulation/20260906T215957598Z-tournament-0-19-0-b8f7d7ba3106-2038-construction-holdout-20260906-v1-block-16-1x4-baseline-4f053672-8588-478b-919d-f024d8ad9ff4-outcomes.json,sha256:1e93580425c579295e9c82bcb1f2335cad796e3ca62772409487b6a9ab1134ec
16,4,imperial_research_lab,0,greedy,infrastructure_plan_v1,18,0,3,2,4,False,8,3,0,4,evidence/studies/simulation/20260906T215957945Z-tournament-0-19-0-b8f7d7ba3106-2038-construction-holdout-20260906-v1-block-16-1x4-infrastructure-plan-v1-77c63ba5-99ce-439d-a323-719798ca7f03.json,sha256:91354f25f00b9e8db8fb875fdd6ba8e753455d0ed2ed9b6a0ceacc8ebc3d2c74,evidence/studies/simulation/20260906T215957945Z-tournament-0-19-0-b8f7d7ba3106-2038-construction-holdout-20260906-v1-block-16-1x4-infrastructure-plan-v1-77c63ba5-99ce-439d-a323-719798ca7f03-outcomes.json,sha256:76983381add584c3b2cca267b2789fbbd2dab6b6c73b709fd9084fae2b1dc1c7
16,4,imperial_research_lab,0,greedy,research_deploy_plan_v1,23,1,,0,0,False,12,4,6,4,evidence/studies/simulation/20260906T215958292Z-tournament-0-19-0-b8f7d7ba3106-2038-construction-holdout-20260906-v1-block-16-1x4-research-deploy-plan-v1-cb9e6cf0-9da0-4689-9d58-d51a4917f219.json,sha256:da9104cb459a177b5154570d572d5ad424fc3be682e8fdf5a46c10f7b5b000c1,evidence/studies/simulation/20260906T215958292Z-tournament-0-19-0-b8f7d7ba3106-2038-construction-holdout-20260906-v1-block-16-1x4-research-deploy-plan-v1-cb9e6cf0-9da0-4689-9d58-d51a4917f219-outcomes.json,sha256:284a42334d4478c1f330f2ea5d36228b70094a275c2e71b978cc67f4139d5fc8
17,4,imperial_research_lab,0,weighted,baseline,17,0,,0,0,False,6,2,6,4,evidence/studies/simulation/20260906T215958642Z-tournament-0-19-0-b8f7d7ba3106-2038-construction-holdout-20260906-v1-block-17-1x4-baseline-f2354e2b-5f25-4548-8e82-f9402521d09e.json,sha256:24c0bb5cde63ca6c72dfe3730eb407e669977a7cb41e4409d8a294b1b87bb1fe,evidence/studies/simulation/20260906T215958642Z-tournament-0-19-0-b8f7d7ba3106-2038-construction-holdout-20260906-v1-block-17-1x4-baseline-f2354e2b-5f25-4548-8e82-f9402521d09e-outcomes.json,sha256:5d46035ff5a960ce28923019c376cae7afb06cc36abfbd9e1616a5d7ccaae40f
17,4,imperial_research_lab,0,weighted,infrastructure_plan_v1,26,1,4,1,3,True,10,3,6,4,evidence/studies/simulation/20260906T215958992Z-tournament-0-19-0-b8f7d7ba3106-2038-construction-holdout-20260906-v1-block-17-1x4-infrastructure-plan-v1-12d632f9-a07e-4af5-8040-938e8aad7d16.json,sha256:aba2928a47da4863c0e1e54c6b08b2ecfb55cb1f50b3f2352d1ee472a5918ed2,evidence/studies/simulation/20260906T215958992Z-tournament-0-19-0-b8f7d7ba3106-2038-construction-holdout-20260906-v1-block-17-1x4-infrastructure-plan-v1-12d632f9-a07e-4af5-8040-938e8aad7d16-outcomes.json,sha256:6d23de16aab5639bd9e41c66de12c8726a63df08f9119cd559bb30611385c0d3
17,4,imperial_research_lab,0,weighted,research_deploy_plan_v1,25,1,,0,0,False,9,3,6,4,evidence/studies/simulation/20260906T215959341Z-tournament-0-19-0-b8f7d7ba3106-2038-construction-holdout-20260906-v1-block-17-1x4-research-deploy-plan-v1-9f389e91-6db6-4711-a007-0c28736e704a.json,sha256:396c046b27071dc0183725f4309ae3c674c73aa8088843eae4b668ba5f4de6bc,evidence/studies/simulation/20260906T215959341Z-tournament-0-19-0-b8f7d7ba3106-2038-construction-holdout-20260906-v1-block-17-1x4-research-deploy-plan-v1-9f389e91-6db6-4711-a007-0c28736e704a-outcomes.json,sha256:7266ec583b481e9d6a602b67a62161d14aac6979db386467ea155959fd46aaf1
18,4,imperial_research_lab,1,greedy,baseline,19,1,,0,0,False,9,2,6,4,evidence/studies/simulation/20260906T215959682Z-tournament-0-19-0-b8f7d7ba3106-2038-construction-holdout-20260906-v1-block-18-1x4-baseline-59e3e4cd-6c0f-4128-839e-675f1348105e.json,sha256:595d10a34fe42018136a06193f40dd63b38fe7186e95ee17ea654b2f20c113f6,evidence/studies/simulation/20260906T215959682Z-tournament-0-19-0-b8f7d7ba3106-2038-construction-holdout-20260906-v1-block-18-1x4-baseline-59e3e4cd-6c0f-4128-839e-675f1348105e-outcomes.json,sha256:2653de7493d7044636ea48c4e983da9550c8af706fb84288c2b9574a6d8742d3
18,4,imperial_research_lab,1,greedy,infrastructure_plan_v1,21,1,3,2,6,False,6,3,6,4,evidence/studies/simulation/20260906T220000018Z-tournament-0-19-0-b8f7d7ba3106-2038-construction-holdout-20260906-v1-block-18-1x4-infrastructure-plan-v1-19b73118-2e95-4294-830e-555233d3d6a8.json,sha256:a7663939f5a9140ef70dbe5aacae4037efdd5cf133dbbebd8075306eb6334d69,evidence/studies/simulation/20260906T220000018Z-tournament-0-19-0-b8f7d7ba3106-2038-construction-holdout-20260906-v1-block-18-1x4-infrastructure-plan-v1-19b73118-2e95-4294-830e-555233d3d6a8-outcomes.json,sha256:bebcd28d8531e14a0977a3af66f2b496c2284e7eda0202767fad54af76de10d6
18,4,imperial_research_lab,1,greedy,research_deploy_plan_v1,26,1,,0,0,False,12,4,6,4,evidence/studies/simulation/20260906T220000356Z-tournament-0-19-0-b8f7d7ba3106-2038-construction-holdout-20260906-v1-block-18-1x4-research-deploy-plan-v1-6117508d-24f7-4d32-afeb-f20cebb545b7.json,sha256:a12803f17a38b4cc6e1600fab674432441bccef4fc2623bc672b5f4b0dc021ae,evidence/studies/simulation/20260906T220000356Z-tournament-0-19-0-b8f7d7ba3106-2038-construction-holdout-20260906-v1-block-18-1x4-research-deploy-plan-v1-6117508d-24f7-4d32-afeb-f20cebb545b7-outcomes.json,sha256:2113fa4e2c2f6cc81b7a86cdd2ac1b18983b7e752dc7f75b003373b482f262e8
19,4,imperial_research_lab,1,weighted,baseline,13,0,,0,0,False,6,2,4,4,evidence/studies/simulation/20260906T220000722Z-tournament-0-19-0-b8f7d7ba3106-2038-construction-holdout-20260906-v1-block-19-1x4-baseline-9532ea79-0aad-48d8-9ca3-b7c710adbbb1.json,sha256:3c8d8e1747e5773d752235186c501649e713f4e26f3db42f3a02fd8c9beecdf3,evidence/studies/simulation/20260906T220000722Z-tournament-0-19-0-b8f7d7ba3106-2038-construction-holdout-20260906-v1-block-19-1x4-baseline-9532ea79-0aad-48d8-9ca3-b7c710adbbb1-outcomes.json,sha256:da3fd13cdbb714cf9045a72d9592b536d700ad738b0693a3a0fac37de80ddf58
19,4,imperial_research_lab,1,weighted,infrastructure_plan_v1,12,0,4,1,3,False,4,2,4,4,evidence/studies/simulation/20260906T220001088Z-tournament-0-19-0-b8f7d7ba3106-2038-construction-holdout-20260906-v1-block-19-1x4-infrastructure-plan-v1-d0c91239-dc4d-4974-8b4c-96f95194623c.json,sha256:1588dcebc42a9e63a07a04b16625d0395f78543c9831c0b7feb8db3e6e5ca4c7,evidence/studies/simulation/20260906T220001088Z-tournament-0-19-0-b8f7d7ba3106-2038-construction-holdout-20260906-v1-block-19-1x4-infrastructure-plan-v1-d0c91239-dc4d-4974-8b4c-96f95194623c-outcomes.json,sha256:3e627982d988f6d35dee38e988fb03a853486365ca170a4a57f5d61f10086665
19,4,imperial_research_lab,1,weighted,research_deploy_plan_v1,19,1,,0,0,False,9,3,6,4,evidence/studies/simulation/20260906T220001455Z-tournament-0-19-0-b8f7d7ba3106-2038-construction-holdout-20260906-v1-block-19-1x4-research-deploy-plan-v1-eb98d08a-5fc8-45b9-973a-842126dbef22.json,sha256:a92dcbd3f23b279ee03f7a2fc11e79918275fa99005f0871d4c446f09e64ad31,evidence/studies/simulation/20260906T220001455Z-tournament-0-19-0-b8f7d7ba3106-2038-construction-holdout-20260906-v1-block-19-1x4-research-deploy-plan-v1-eb98d08a-5fc8-45b9-973a-842126dbef22-outcomes.json,sha256:a77d96a1caed7b46a6e41e218846c15d8680689310a56e8ab28c95ee273baece
20,4,imperial_research_lab,2,greedy,baseline,15,0,,0,0,False,10,2,5,4,evidence/studies/simulation/20260906T220001797Z-tournament-0-19-0-b8f7d7ba3106-2038-construction-holdout-20260906-v1-block-20-1x4-baseline-7a2c24b7-faa2-41a0-8752-a1fd384de9f8.json,sha256:0a255862a9db50e99be97ec3f53d969f218a9e0257fd70b2cf0935271bdc9017,evidence/studies/simulation/20260906T220001797Z-tournament-0-19-0-b8f7d7ba3106-2038-construction-holdout-20260906-v1-block-20-1x4-baseline-7a2c24b7-faa2-41a0-8752-a1fd384de9f8-outcomes.json,sha256:0394615109bd7a90bd00a58604e8939db9ce583eabe374fe248d7f2fd39e9a49
20,4,imperial_research_lab,2,greedy,infrastructure_plan_v1,21,0,3,2,3,False,8,4,2,4,evidence/studies/simulation/20260906T220002140Z-tournament-0-19-0-b8f7d7ba3106-2038-construction-holdout-20260906-v1-block-20-1x4-infrastructure-plan-v1-ff128f37-8bae-4b43-93ad-dc39261a28ce.json,sha256:25c6e894a7de04f2fcafd6c0ff76d12991ff30c32ae14049148be06a832d234f,evidence/studies/simulation/20260906T220002140Z-tournament-0-19-0-b8f7d7ba3106-2038-construction-holdout-20260906-v1-block-20-1x4-infrastructure-plan-v1-ff128f37-8bae-4b43-93ad-dc39261a28ce-outcomes.json,sha256:ad5254f3e471bc8e98ac612e1a6e578598d4b3470ddb592f46fb98cd2b46dd21
20,4,imperial_research_lab,2,greedy,research_deploy_plan_v1,25,1,,0,0,False,12,4,6,4,evidence/studies/simulation/20260906T220002482Z-tournament-0-19-0-b8f7d7ba3106-2038-construction-holdout-20260906-v1-block-20-1x4-research-deploy-plan-v1-5f4eb110-83b9-46ee-9ba4-2f539325c4bf.json,sha256:0f6f6875dffbd4a2a8161c47f2359a2ba22c4630f97415c6378b8efe961ffb11,evidence/studies/simulation/20260906T220002482Z-tournament-0-19-0-b8f7d7ba3106-2038-construction-holdout-20260906-v1-block-20-1x4-research-deploy-plan-v1-5f4eb110-83b9-46ee-9ba4-2f539325c4bf-outcomes.json,sha256:9f95d289d5878bbcfaf726f742163eede944ffaa23578818f2d27b975ba20e97
21,4,imperial_research_lab,2,weighted,baseline,15,1,,0,0,False,5,2,6,4,evidence/studies/simulation/20260906T220002829Z-tournament-0-19-0-b8f7d7ba3106-2038-construction-holdout-20260906-v1-block-21-1x4-baseline-56581d42-b587-41c8-8043-f92544694b62.json,sha256:94e0e7581c54bae047773eacef5232ffbf76832ed5993b06fdeef3e4645db532,evidence/studies/simulation/20260906T220002829Z-tournament-0-19-0-b8f7d7ba3106-2038-construction-holdout-20260906-v1-block-21-1x4-baseline-56581d42-b587-41c8-8043-f92544694b62-outcomes.json,sha256:97f9775c4da6b1a4622010d27a3b503e7bd000320658f26951637dca888a692a
21,4,imperial_research_lab,2,weighted,infrastructure_plan_v1,24,1,3,2,6,True,12,1,6,4,evidence/studies/simulation/20260906T220003184Z-tournament-0-19-0-b8f7d7ba3106-2038-construction-holdout-20260906-v1-block-21-1x4-infrastructure-plan-v1-cab03d8b-3ced-4fdb-a9d7-b90bb758f223.json,sha256:3bc5a9985169394f503a4bdf64a6461d9f3c7c3b40f595fc5e09aeb8b00c1d45,evidence/studies/simulation/20260906T220003184Z-tournament-0-19-0-b8f7d7ba3106-2038-construction-holdout-20260906-v1-block-21-1x4-infrastructure-plan-v1-cab03d8b-3ced-4fdb-a9d7-b90bb758f223-outcomes.json,sha256:baae6ee2f132a421635c0c4c27c380758f95f3ef643f6db00555722b272dd2b2
21,4,imperial_research_lab,2,weighted,research_deploy_plan_v1,20,1,,0,0,False,9,3,6,4,evidence/studies/simulation/20260906T220003535Z-tournament-0-19-0-b8f7d7ba3106-2038-construction-holdout-20260906-v1-block-21-1x4-research-deploy-plan-v1-6da5f95e-f37c-4fb2-8fbd-a11dfd316609.json,sha256:724cba6f04e0c46df9988b8eee5cdce3e4ac355a0fed03c2d9f8be58058ce86f,evidence/studies/simulation/20260906T220003535Z-tournament-0-19-0-b8f7d7ba3106-2038-construction-holdout-20260906-v1-block-21-1x4-research-deploy-plan-v1-6da5f95e-f37c-4fb2-8fbd-a11dfd316609-outcomes.json,sha256:edc6bd6e67db6ec1c46c7fbb7a763e23421c99840b52c2c20f75442359319a93
22,4,imperial_research_lab,3,greedy,baseline,15,0,,0,0,False,5,2,6,4,evidence/studies/simulation/20260906T220003891Z-tournament-0-19-0-b8f7d7ba3106-2038-construction-holdout-20260906-v1-block-22-1x4-baseline-7262014e-d933-4f53-a8eb-59a9cf116e0a.json,sha256:5da23b7d16c0f03ca7f635c5314a51bc14b622b21eba4abdfe159adcd8aa5818,evidence/studies/simulation/20260906T220003891Z-tournament-0-19-0-b8f7d7ba3106-2038-construction-holdout-20260906-v1-block-22-1x4-baseline-7262014e-d933-4f53-a8eb-59a9cf116e0a-outcomes.json,sha256:522a22d641a71d1c57e248e030391f50c47d755252c9a65cc88ff1fb21eaf7e9
22,4,imperial_research_lab,3,greedy,infrastructure_plan_v1,27,1,3,2,6,True,12,3,5,4,evidence/studies/simulation/20260906T220004248Z-tournament-0-19-0-b8f7d7ba3106-2038-construction-holdout-20260906-v1-block-22-1x4-infrastructure-plan-v1-771c67fc-fbf5-4806-8196-d06164efa4fa.json,sha256:49ed372e95d0ab901bab7f837647c37d9d2b2552803c11b6b8ba066c55da2ec9,evidence/studies/simulation/20260906T220004248Z-tournament-0-19-0-b8f7d7ba3106-2038-construction-holdout-20260906-v1-block-22-1x4-infrastructure-plan-v1-771c67fc-fbf5-4806-8196-d06164efa4fa-outcomes.json,sha256:a4e81971671c330d127cb654ca66c47f554ca6ca3aea05b8f81334766a648666
22,4,imperial_research_lab,3,greedy,research_deploy_plan_v1,25,1,,0,0,False,12,4,6,4,evidence/studies/simulation/20260906T220004600Z-tournament-0-19-0-b8f7d7ba3106-2038-construction-holdout-20260906-v1-block-22-1x4-research-deploy-plan-v1-a382fcec-0bac-4371-9705-311aa98327f0.json,sha256:67ae5884a1815e9428d674b5360aa4e8a2abafc2c42a1daa8745a3e15422edb8,evidence/studies/simulation/20260906T220004600Z-tournament-0-19-0-b8f7d7ba3106-2038-construction-holdout-20260906-v1-block-22-1x4-research-deploy-plan-v1-a382fcec-0bac-4371-9705-311aa98327f0-outcomes.json,sha256:a8e18be1f21e2b7b4ba642d3119422126c0222e1770889fc897053be83b74811
23,4,imperial_research_lab,3,weighted,baseline,18,0,,0,0,False,11,3,4,4,evidence/studies/simulation/20260906T220004959Z-tournament-0-19-0-b8f7d7ba3106-2038-construction-holdout-20260906-v1-block-23-1x4-baseline-48636d2e-c522-4cb3-9fd8-7f50f199e829.json,sha256:26c1f56c4173dc7e8039382f7bacbcbe356e9f13e1a009155c61ea844f658ba5,evidence/studies/simulation/20260906T220004959Z-tournament-0-19-0-b8f7d7ba3106-2038-construction-holdout-20260906-v1-block-23-1x4-baseline-48636d2e-c522-4cb3-9fd8-7f50f199e829-outcomes.json,sha256:08be2b5018213a38b66d06b260744baf988a9b6f383a147999abfa183dc61214
23,4,imperial_research_lab,3,weighted,infrastructure_plan_v1,26,1,,0,0,True,11,4,6,4,evidence/studies/simulation/20260906T220005336Z-tournament-0-19-0-b8f7d7ba3106-2038-construction-holdout-20260906-v1-block-23-1x4-infrastructure-plan-v1-1fcb1bef-b70a-4851-a6ac-7400182210b7.json,sha256:c3340c2a64870ed2a128242f10c505e2e5becee9b3d558378937d2cd8a2d78be,evidence/studies/simulation/20260906T220005336Z-tournament-0-19-0-b8f7d7ba3106-2038-construction-holdout-20260906-v1-block-23-1x4-infrastructure-plan-v1-1fcb1bef-b70a-4851-a6ac-7400182210b7-outcomes.json,sha256:a346c1df7ce92dc7b812784367b26a57523a99b5543bbf3722cc06a10c5b32fd
23,4,imperial_research_lab,3,weighted,research_deploy_plan_v1,19,0,,0,0,False,12,4,4,4,evidence/studies/simulation/20260906T220005687Z-tournament-0-19-0-b8f7d7ba3106-2038-construction-holdout-20260906-v1-block-23-1x4-research-deploy-plan-v1-b391ca67-0e36-4076-b4b7-651d392177f0.json,sha256:e99b89ab5622513257ddc780e648a4a1b0271b0f62bd7cca0fd119bf9f9701e3,evidence/studies/simulation/20260906T220005687Z-tournament-0-19-0-b8f7d7ba3106-2038-construction-holdout-20260906-v1-block-23-1x4-research-deploy-plan-v1-b391ca67-0e36-4076-b4b7-651d392177f0-outcomes.json,sha256:2ea93ca8899a6de028f84e2d333ca4a3cecd20fa49f810c29f1fe4ea7abf00ec
24,4,vertical_empire,0,greedy,baseline,10,0,,0,0,False,6,2,3,4,evidence/studies/simulation/20260906T220006051Z-tournament-0-19-0-b8f7d7ba3106-2038-construction-holdout-20260906-v1-block-24-1x4-baseline-ba986ac8-fec6-4da1-868c-799d2873ad3e.json,sha256:08a29210fbcf2328bd41fec34d3a21971a4b69ea649d082e00400be26f66e98a,evidence/studies/simulation/20260906T220006051Z-tournament-0-19-0-b8f7d7ba3106-2038-construction-holdout-20260906-v1-block-24-1x4-baseline-ba986ac8-fec6-4da1-868c-799d2873ad3e-outcomes.json,sha256:c40e95bb1781ed843eea041f5697eb4223f6757029eec1f8834fb1760f0969fa
24,4,vertical_empire,0,greedy,infrastructure_plan_v1,24,1,3,2,4,True,9,4,4,4,evidence/studies/simulation/20260906T220006405Z-tournament-0-19-0-b8f7d7ba3106-2038-construction-holdout-20260906-v1-block-24-1x4-infrastructure-plan-v1-0b372616-9894-4e30-b960-2298b64e4073.json,sha256:933aa06e0c0c58cb657a0fcc9e4c19901451cd4ba11c2a43fb54c65bb282b6ae,evidence/studies/simulation/20260906T220006405Z-tournament-0-19-0-b8f7d7ba3106-2038-construction-holdout-20260906-v1-block-24-1x4-infrastructure-plan-v1-0b372616-9894-4e30-b960-2298b64e4073-outcomes.json,sha256:801f144bb52e4d58ca2cf7ed4f94bb56e3d534a3feaba837b9d01a63b175c477
24,4,vertical_empire,0,greedy,research_deploy_plan_v1,23,1,,0,0,False,12,4,6,4,evidence/studies/simulation/20260906T220006768Z-tournament-0-19-0-b8f7d7ba3106-2038-construction-holdout-20260906-v1-block-24-1x4-research-deploy-plan-v1-34ebc484-c688-419f-a12a-472d08b5c8e0.json,sha256:adcb2528fc7bdcd57413449753ab16e75fbe60bd21cf18e7ce15a7081c6d0a13,evidence/studies/simulation/20260906T220006768Z-tournament-0-19-0-b8f7d7ba3106-2038-construction-holdout-20260906-v1-block-24-1x4-research-deploy-plan-v1-34ebc484-c688-419f-a12a-472d08b5c8e0-outcomes.json,sha256:a446a00e8de33795f10c24f9ea043f0dacaaecddea216c09b17e8c3defcb193b
25,4,vertical_empire,0,weighted,baseline,9,0,,0,0,False,6,1,5,4,evidence/studies/simulation/20260906T220007122Z-tournament-0-19-0-b8f7d7ba3106-2038-construction-holdout-20260906-v1-block-25-1x4-baseline-4d9f593a-0df5-4693-b874-ddcd20b0b645.json,sha256:1c6fc8b57437f088ba2f557d8e470d38cbf81348b38f07fd9b454273ffd0df9c,evidence/studies/simulation/20260906T220007122Z-tournament-0-19-0-b8f7d7ba3106-2038-construction-holdout-20260906-v1-block-25-1x4-baseline-4d9f593a-0df5-4693-b874-ddcd20b0b645-outcomes.json,sha256:113e4914d0657ce8fdfedf31abd48fcf1dfb520fa2e560cc1829b7df99cbd9f3
25,4,vertical_empire,0,weighted,infrastructure_plan_v1,14,0,,0,0,False,5,2,6,4,evidence/studies/simulation/20260906T220007467Z-tournament-0-19-0-b8f7d7ba3106-2038-construction-holdout-20260906-v1-block-25-1x4-infrastructure-plan-v1-ff946aaf-b5f3-4032-adbd-14102ca992cf.json,sha256:ea53c7266f4ec8a82c628d2325a9b772ccdd190fef01a5540e42635cfd2d8b61,evidence/studies/simulation/20260906T220007467Z-tournament-0-19-0-b8f7d7ba3106-2038-construction-holdout-20260906-v1-block-25-1x4-infrastructure-plan-v1-ff946aaf-b5f3-4032-adbd-14102ca992cf-outcomes.json,sha256:89dae66c22e5fdfc6a2f942018cfb583de6752a8d85383bf23c974116e1468c8
25,4,vertical_empire,0,weighted,research_deploy_plan_v1,18,0,,0,0,False,7,3,6,4,evidence/studies/simulation/20260906T220007813Z-tournament-0-19-0-b8f7d7ba3106-2038-construction-holdout-20260906-v1-block-25-1x4-research-deploy-plan-v1-108207b6-297c-4147-acbb-26351d699f01.json,sha256:a6ac0f3001dd5a87fc4d08816883aeae1f44b4af67b97915362f1dd798a65f70,evidence/studies/simulation/20260906T220007813Z-tournament-0-19-0-b8f7d7ba3106-2038-construction-holdout-20260906-v1-block-25-1x4-research-deploy-plan-v1-108207b6-297c-4147-acbb-26351d699f01-outcomes.json,sha256:8a9276f8543b0758824c27f13a8f5725ccc8395cb2d1771e3bd57fe98d799ffb
26,4,vertical_empire,1,greedy,baseline,10,0,,0,0,False,7,2,3,4,evidence/studies/simulation/20260906T220008158Z-tournament-0-19-0-b8f7d7ba3106-2038-construction-holdout-20260906-v1-block-26-1x4-baseline-b93d74cb-9bae-41fd-9644-e3f6bec1adba.json,sha256:99730c8db5fdbb601552558159d7b745ae846f01df7a30534bfdccb4d2fd5f97,evidence/studies/simulation/20260906T220008158Z-tournament-0-19-0-b8f7d7ba3106-2038-construction-holdout-20260906-v1-block-26-1x4-baseline-b93d74cb-9bae-41fd-9644-e3f6bec1adba-outcomes.json,sha256:368006105169e7ed0a0b6428162430314297c7751329f7b69d2e1a7380d9e39b
26,4,vertical_empire,1,greedy,infrastructure_plan_v1,21,0,3,2,6,False,11,4,1,4,evidence/studies/simulation/20260906T220008500Z-tournament-0-19-0-b8f7d7ba3106-2038-construction-holdout-20260906-v1-block-26-1x4-infrastructure-plan-v1-748c4d5e-0d8c-482d-97e8-17b919faeb9b.json,sha256:25dae72648e6655e11964d19aa807e26101756ee250d62955772c87337aeef28,evidence/studies/simulation/20260906T220008500Z-tournament-0-19-0-b8f7d7ba3106-2038-construction-holdout-20260906-v1-block-26-1x4-infrastructure-plan-v1-748c4d5e-0d8c-482d-97e8-17b919faeb9b-outcomes.json,sha256:368f5d00238ad1830b88b71bc5927a165bfc6d5e20c0bdd903e25069ba42079e
26,4,vertical_empire,1,greedy,research_deploy_plan_v1,25,1,,0,0,False,12,4,6,4,evidence/studies/simulation/20260906T220008843Z-tournament-0-19-0-b8f7d7ba3106-2038-construction-holdout-20260906-v1-block-26-1x4-research-deploy-plan-v1-4eb58766-3b95-46ad-b713-f4fa6018d0ed.json,sha256:76023110a03605bb3d8daffa7a0368df62f00810f7a301ed4a9c417c54ad79d1,evidence/studies/simulation/20260906T220008843Z-tournament-0-19-0-b8f7d7ba3106-2038-construction-holdout-20260906-v1-block-26-1x4-research-deploy-plan-v1-4eb58766-3b95-46ad-b713-f4fa6018d0ed-outcomes.json,sha256:51d14ee71cd48227f28f24f5555df50a4fcc062c00a762e897b3bddab5318f5e
27,4,vertical_empire,1,weighted,baseline,12,0,,0,0,False,6,2,4,4,evidence/studies/simulation/20260906T220009188Z-tournament-0-19-0-b8f7d7ba3106-2038-construction-holdout-20260906-v1-block-27-1x4-baseline-93212eb8-90e0-4cfd-a666-90080a8189db.json,sha256:97572584daf1d130997938e60ca4a50f59a38d1f1eb6d1ac86e0863e9722d465,evidence/studies/simulation/20260906T220009188Z-tournament-0-19-0-b8f7d7ba3106-2038-construction-holdout-20260906-v1-block-27-1x4-baseline-93212eb8-90e0-4cfd-a666-90080a8189db-outcomes.json,sha256:e923b270b666eef11b4d3cfd5ffd528f3d1ecfe378515572b77ff2074eaf8964
27,4,vertical_empire,1,weighted,infrastructure_plan_v1,22,1,,0,0,False,9,4,6,4,evidence/studies/simulation/20260906T220009536Z-tournament-0-19-0-b8f7d7ba3106-2038-construction-holdout-20260906-v1-block-27-1x4-infrastructure-plan-v1-6428bc8e-f5c3-42a4-b7ba-71c78c567a1f.json,sha256:86bbaec239a75e2e854dc5ba7ec6a8638fc17c919f4def45e920ba1a247ef101,evidence/studies/simulation/20260906T220009536Z-tournament-0-19-0-b8f7d7ba3106-2038-construction-holdout-20260906-v1-block-27-1x4-infrastructure-plan-v1-6428bc8e-f5c3-42a4-b7ba-71c78c567a1f-outcomes.json,sha256:d49eb7841665f769b255f63777800c7cbee4691e81316136ce3c77ba1e8507b2
27,4,vertical_empire,1,weighted,research_deploy_plan_v1,19,1,,0,0,False,8,4,6,4,evidence/studies/simulation/20260906T220009892Z-tournament-0-19-0-b8f7d7ba3106-2038-construction-holdout-20260906-v1-block-27-1x4-research-deploy-plan-v1-2990187e-5fff-4385-8394-5ff1db5a46f2.json,sha256:31939aa5daf1049d54ca0dcf99d9b3780ca4a0c475aaf3b314dbcf0bad994c00,evidence/studies/simulation/20260906T220009892Z-tournament-0-19-0-b8f7d7ba3106-2038-construction-holdout-20260906-v1-block-27-1x4-research-deploy-plan-v1-2990187e-5fff-4385-8394-5ff1db5a46f2-outcomes.json,sha256:6c1eb5967bf982305199bc88229296b100677aa945b26eef18c54f861ecf00b4
28,4,vertical_empire,2,greedy,baseline,13,0,,0,0,False,5,2,6,4,evidence/studies/simulation/20260906T220010232Z-tournament-0-19-0-b8f7d7ba3106-2038-construction-holdout-20260906-v1-block-28-1x4-baseline-cc151f37-6f58-4070-8d82-0b20b135e994.json,sha256:a8bd9b83c5a1757656dc8e1906764ef94884e6070e4da3b87c031367e446ede9,evidence/studies/simulation/20260906T220010232Z-tournament-0-19-0-b8f7d7ba3106-2038-construction-holdout-20260906-v1-block-28-1x4-baseline-cc151f37-6f58-4070-8d82-0b20b135e994-outcomes.json,sha256:bc56f93da61fbe569dfa4790ac8ff3c88d39cff8893b4725ddbf005aef8013fc
28,4,vertical_empire,2,greedy,infrastructure_plan_v1,25,1,3,2,6,True,9,4,5,4,evidence/studies/simulation/20260906T220010575Z-tournament-0-19-0-b8f7d7ba3106-2038-construction-holdout-20260906-v1-block-28-1x4-infrastructure-plan-v1-0d9d2696-44f5-4d11-a4a8-bc0c95ed1b29.json,sha256:d078e5a0a9e2512af5f6fb94cc94701e53655036d947ab314231aecd620d11d6,evidence/studies/simulation/20260906T220010575Z-tournament-0-19-0-b8f7d7ba3106-2038-construction-holdout-20260906-v1-block-28-1x4-infrastructure-plan-v1-0d9d2696-44f5-4d11-a4a8-bc0c95ed1b29-outcomes.json,sha256:745a096c3951fbca82c3fb57d37064fc1ed1a65fc1c4bb653a671558a1cdebd4
28,4,vertical_empire,2,greedy,research_deploy_plan_v1,18,0,,0,0,False,10,4,4,4,evidence/studies/simulation/20260906T220010913Z-tournament-0-19-0-b8f7d7ba3106-2038-construction-holdout-20260906-v1-block-28-1x4-research-deploy-plan-v1-53c12c2b-aa8e-4d87-bb16-2f8672ee6be9.json,sha256:8a13d01413922ec5e246668f8972cf43c3a7cc654964996e0c5af64442d944ae,evidence/studies/simulation/20260906T220010913Z-tournament-0-19-0-b8f7d7ba3106-2038-construction-holdout-20260906-v1-block-28-1x4-research-deploy-plan-v1-53c12c2b-aa8e-4d87-bb16-2f8672ee6be9-outcomes.json,sha256:4caff43ff77f60f285b234cd0f91147606a13354091c4c319128e9c62897da73
29,4,vertical_empire,2,weighted,baseline,18,0,,0,0,False,12,3,5,4,evidence/studies/simulation/20260906T220011273Z-tournament-0-19-0-b8f7d7ba3106-2038-construction-holdout-20260906-v1-block-29-1x4-baseline-9426c804-3649-4311-ae41-a9f7b30e03eb.json,sha256:1c96b30566bf85c2a753bc43c11719a2b565032a7dcd950eb04594702975563e,evidence/studies/simulation/20260906T220011273Z-tournament-0-19-0-b8f7d7ba3106-2038-construction-holdout-20260906-v1-block-29-1x4-baseline-9426c804-3649-4311-ae41-a9f7b30e03eb-outcomes.json,sha256:d6c5d17d7a3cb69f5f10818266a689894907098f2b4d1b8f313839d5572d4689
29,4,vertical_empire,2,weighted,infrastructure_plan_v1,20,1,3,2,6,False,7,3,5,4,evidence/studies/simulation/20260906T220011633Z-tournament-0-19-0-b8f7d7ba3106-2038-construction-holdout-20260906-v1-block-29-1x4-infrastructure-plan-v1-d744d787-6509-41a2-bf64-4da6f4ab3455.json,sha256:179528a899cd615a34863ccaf5d1ad7d2ef85dae6b2d927a6c7b3a9743fbad29,evidence/studies/simulation/20260906T220011633Z-tournament-0-19-0-b8f7d7ba3106-2038-construction-holdout-20260906-v1-block-29-1x4-infrastructure-plan-v1-d744d787-6509-41a2-bf64-4da6f4ab3455-outcomes.json,sha256:a89e986786b6715361d0516011dd81657e1a641c5c6698dba4ba0307060e387c
29,4,vertical_empire,2,weighted,research_deploy_plan_v1,23,1,,0,0,False,12,4,6,4,evidence/studies/simulation/20260906T220011979Z-tournament-0-19-0-b8f7d7ba3106-2038-construction-holdout-20260906-v1-block-29-1x4-research-deploy-plan-v1-135138b6-7af5-414c-96e3-91ecaa9623fb.json,sha256:932ba3b6b9c5018a5377e475bd1f5476597410464f38eb2919465ab23672f313,evidence/studies/simulation/20260906T220011979Z-tournament-0-19-0-b8f7d7ba3106-2038-construction-holdout-20260906-v1-block-29-1x4-research-deploy-plan-v1-135138b6-7af5-414c-96e3-91ecaa9623fb-outcomes.json,sha256:406448879a401f821158fb6aea69bf60da745b3dbf58360dbe8e787898b35097
30,4,vertical_empire,3,greedy,baseline,17,0,,0,0,False,10,2,4,4,evidence/studies/simulation/20260906T220012314Z-tournament-0-19-0-b8f7d7ba3106-2038-construction-holdout-20260906-v1-block-30-1x4-baseline-987f549c-9c2b-415f-acde-76e3faab9fe0.json,sha256:6137e863d00e0f2d158b3efa7872c8751c1d0201d84853827471ecc71afc3854,evidence/studies/simulation/20260906T220012314Z-tournament-0-19-0-b8f7d7ba3106-2038-construction-holdout-20260906-v1-block-30-1x4-baseline-987f549c-9c2b-415f-acde-76e3faab9fe0-outcomes.json,sha256:435be35acec5811817840e38959321b2aa1183481bb336f34e0dfa9530ff7fc2
30,4,vertical_empire,3,greedy,infrastructure_plan_v1,34,1,3,2,6,True,12,4,4,4,evidence/studies/simulation/20260906T220012661Z-tournament-0-19-0-b8f7d7ba3106-2038-construction-holdout-20260906-v1-block-30-1x4-infrastructure-plan-v1-c7905162-b52e-43b3-92ee-4fa4e117960b.json,sha256:9dbc669c232b98f201727b2dce98b0a8d484e990959f6cfc7239e1d87c13afc5,evidence/studies/simulation/20260906T220012661Z-tournament-0-19-0-b8f7d7ba3106-2038-construction-holdout-20260906-v1-block-30-1x4-infrastructure-plan-v1-c7905162-b52e-43b3-92ee-4fa4e117960b-outcomes.json,sha256:e2201ea2dc94a22166180f5b437e9c1577336be390f7f95d8d413a11520a765b
30,4,vertical_empire,3,greedy,research_deploy_plan_v1,24,1,,0,0,False,12,4,6,4,evidence/studies/simulation/20260906T220013009Z-tournament-0-19-0-b8f7d7ba3106-2038-construction-holdout-20260906-v1-block-30-1x4-research-deploy-plan-v1-e1d7f94f-d381-4b01-9329-fd4aab8e11a0.json,sha256:e0ea06d0305da3fdb94508d2bd5743b9a7e0242d635b01c150ad5bbf07c76529,evidence/studies/simulation/20260906T220013009Z-tournament-0-19-0-b8f7d7ba3106-2038-construction-holdout-20260906-v1-block-30-1x4-research-deploy-plan-v1-e1d7f94f-d381-4b01-9329-fd4aab8e11a0-outcomes.json,sha256:69520c7781d97bec1dba1472bce1140f1bc9ba90b055d8af19f170db79c0d35d
31,4,vertical_empire,3,weighted,baseline,10,0,,0,0,False,6,1,3,4,evidence/studies/simulation/20260906T220013374Z-tournament-0-19-0-b8f7d7ba3106-2038-construction-holdout-20260906-v1-block-31-1x4-baseline-aeba4e11-781e-4932-9493-5f655b2f0400.json,sha256:6c9bea24fe1288349c9c02c3fee70a2ab45577e571d236d4c8020384918170eb,evidence/studies/simulation/20260906T220013374Z-tournament-0-19-0-b8f7d7ba3106-2038-construction-holdout-20260906-v1-block-31-1x4-baseline-aeba4e11-781e-4932-9493-5f655b2f0400-outcomes.json,sha256:93dc7c39ee000118dd69469cd0a7b98e15495533754f63b76c8f02d94e36eff1
31,4,vertical_empire,3,weighted,infrastructure_plan_v1,14,0,3,2,6,False,4,2,4,4,evidence/studies/simulation/20260906T220013735Z-tournament-0-19-0-b8f7d7ba3106-2038-construction-holdout-20260906-v1-block-31-1x4-infrastructure-plan-v1-61e2a673-1e4f-4bad-a390-76f5dce952fc.json,sha256:dbca2a37da0e4fc562fe904a4b98ad2de9d35418d74414bad4c1a77bde8d84b3,evidence/studies/simulation/20260906T220013735Z-tournament-0-19-0-b8f7d7ba3106-2038-construction-holdout-20260906-v1-block-31-1x4-infrastructure-plan-v1-61e2a673-1e4f-4bad-a390-76f5dce952fc-outcomes.json,sha256:68ff3af1fe59484ed6fad854894697a64846107c645485dcdf453faa38226c06
31,4,vertical_empire,3,weighted,research_deploy_plan_v1,23,1,,0,0,False,12,3,6,4,evidence/studies/simulation/20260906T220014095Z-tournament-0-19-0-b8f7d7ba3106-2038-construction-holdout-20260906-v1-block-31-1x4-research-deploy-plan-v1-1ff0a3e6-70e2-43b7-ba93-674105ff41cd.json,sha256:4562f8df75719ad13ba73a46064e7b809b3a43f543f149ca717e4f723112bed2,evidence/studies/simulation/20260906T220014095Z-tournament-0-19-0-b8f7d7ba3106-2038-construction-holdout-20260906-v1-block-31-1x4-research-deploy-plan-v1-1ff0a3e6-70e2-43b7-ba93-674105ff41cd-outcomes.json,sha256:430bfdc9be036be4ab7809d1484ef0cbd0636301829c6566dd8e708affb75293
32,4,safety_laboratory,0,greedy,baseline,17,0,,0,0,False,7,2,6,4,evidence/studies/simulation/20260906T220014443Z-tournament-0-19-0-b8f7d7ba3106-2038-construction-holdout-20260906-v1-block-32-1x4-baseline-6d8fb82a-b003-4441-becd-2457cfdf0797.json,sha256:4c0fdfc0043792783d924248cefff7fed2f219f019b412c99a5e33c936405310,evidence/studies/simulation/20260906T220014443Z-tournament-0-19-0-b8f7d7ba3106-2038-construction-holdout-20260906-v1-block-32-1x4-baseline-6d8fb82a-b003-4441-becd-2457cfdf0797-outcomes.json,sha256:420aad56c43fbf2e6aaeb6d5d969eee4115fcdf4371661f5a351ac3972b26f9f
32,4,safety_laboratory,0,greedy,infrastructure_plan_v1,31,1,3,2,6,True,12,4,6,4,evidence/studies/simulation/20260906T220014792Z-tournament-0-19-0-b8f7d7ba3106-2038-construction-holdout-20260906-v1-block-32-1x4-infrastructure-plan-v1-d3d617be-7c0b-4a0f-9c6b-1cf1dddb2cd0.json,sha256:ac917b43ab99654d0a6bb50d069e1053d5871aea7de7527197006dc786e9e60a,evidence/studies/simulation/20260906T220014792Z-tournament-0-19-0-b8f7d7ba3106-2038-construction-holdout-20260906-v1-block-32-1x4-infrastructure-plan-v1-d3d617be-7c0b-4a0f-9c6b-1cf1dddb2cd0-outcomes.json,sha256:51bfc0f15111e848871f14ccb45fbb94aba936b08c17df9e4aa4f2301a85b0b3
32,4,safety_laboratory,0,greedy,research_deploy_plan_v1,22,1,,0,0,False,11,4,6,4,evidence/studies/simulation/20260906T220015142Z-tournament-0-19-0-b8f7d7ba3106-2038-construction-holdout-20260906-v1-block-32-1x4-research-deploy-plan-v1-9cc754fc-b865-4ede-8009-aec196436141.json,sha256:75f8ba83a63543bb83412d9a9a860621b1f5d2836f6b007daec62bf0e8bc515a,evidence/studies/simulation/20260906T220015142Z-tournament-0-19-0-b8f7d7ba3106-2038-construction-holdout-20260906-v1-block-32-1x4-research-deploy-plan-v1-9cc754fc-b865-4ede-8009-aec196436141-outcomes.json,sha256:18fd4929333264dc44f3485b0e128c382b9e1b7b11230f33c5ccd14d1e6e65c1
33,4,safety_laboratory,0,weighted,baseline,11,0,,0,0,False,7,1,6,4,evidence/studies/simulation/20260906T220015507Z-tournament-0-19-0-b8f7d7ba3106-2038-construction-holdout-20260906-v1-block-33-1x4-baseline-98261d35-debc-4af2-8492-985b0fe7d92e.json,sha256:ce75533705d5bd32e27c9cff0d3811904127ff708dea544ad50cc3b049129f2d,evidence/studies/simulation/20260906T220015507Z-tournament-0-19-0-b8f7d7ba3106-2038-construction-holdout-20260906-v1-block-33-1x4-baseline-98261d35-debc-4af2-8492-985b0fe7d92e-outcomes.json,sha256:26f4c359d46f090860a32dfca5375db0e4ea7787e7de2428e699d79af57220c1
33,4,safety_laboratory,0,weighted,infrastructure_plan_v1,18,0,4,1,3,False,8,4,6,4,evidence/studies/simulation/20260906T220015888Z-tournament-0-19-0-b8f7d7ba3106-2038-construction-holdout-20260906-v1-block-33-1x4-infrastructure-plan-v1-70e70945-b2ab-4bd1-9890-d638e6167baa.json,sha256:e65aaf95fe83cfb22ac0beefde7b596d84869292a44d74da0de67d8e3cc9dfd0,evidence/studies/simulation/20260906T220015888Z-tournament-0-19-0-b8f7d7ba3106-2038-construction-holdout-20260906-v1-block-33-1x4-infrastructure-plan-v1-70e70945-b2ab-4bd1-9890-d638e6167baa-outcomes.json,sha256:dde7145d028b58bc0f10bf84b7332112f968a0d6a0779b8742a3e03af7c1ca03
33,4,safety_laboratory,0,weighted,research_deploy_plan_v1,19,1,,0,0,False,11,4,5,4,evidence/studies/simulation/20260906T220016248Z-tournament-0-19-0-b8f7d7ba3106-2038-construction-holdout-20260906-v1-block-33-1x4-research-deploy-plan-v1-82109e33-4576-430e-ac06-c0838668dd62.json,sha256:edc99ed507a365208b0dae0448ceec7b3069c99457e6a1fb4421b62a46c4d047,evidence/studies/simulation/20260906T220016248Z-tournament-0-19-0-b8f7d7ba3106-2038-construction-holdout-20260906-v1-block-33-1x4-research-deploy-plan-v1-82109e33-4576-430e-ac06-c0838668dd62-outcomes.json,sha256:7f5b9cf0f37020110cdf9401f6388d951961527a1493113ec6793ddf7bfbe9e4
34,4,safety_laboratory,1,greedy,baseline,16,0,,0,0,False,7,2,6,4,evidence/studies/simulation/20260906T220016594Z-tournament-0-19-0-b8f7d7ba3106-2038-construction-holdout-20260906-v1-block-34-1x4-baseline-4389efec-9d71-4d91-9071-f88e829545e1.json,sha256:f2dcda0eb949f85d62fd05f7bf6df7f686e7e843f8cdd6724c54b9e5b7788516,evidence/studies/simulation/20260906T220016594Z-tournament-0-19-0-b8f7d7ba3106-2038-construction-holdout-20260906-v1-block-34-1x4-baseline-4389efec-9d71-4d91-9071-f88e829545e1-outcomes.json,sha256:c4079435d4a4fbf303d72e6eced8c1d59b76693564e2ca566500d6cd217ec934
34,4,safety_laboratory,1,greedy,infrastructure_plan_v1,28,1,3,2,6,True,9,4,6,4,evidence/studies/simulation/20260906T220016948Z-tournament-0-19-0-b8f7d7ba3106-2038-construction-holdout-20260906-v1-block-34-1x4-infrastructure-plan-v1-5cb1a856-f9b2-481e-9012-7a4b9495498b.json,sha256:be706e27c9df192de3c0383323aa0a902ad54967686027c445009628eb059558,evidence/studies/simulation/20260906T220016948Z-tournament-0-19-0-b8f7d7ba3106-2038-construction-holdout-20260906-v1-block-34-1x4-infrastructure-plan-v1-5cb1a856-f9b2-481e-9012-7a4b9495498b-outcomes.json,sha256:75b3655f258dc516c6638a89ff95d57fb0352c3606af62a5155f65a178c37e6e
34,4,safety_laboratory,1,greedy,research_deploy_plan_v1,24,1,,0,0,False,12,4,6,4,evidence/studies/simulation/20260906T220017303Z-tournament-0-19-0-b8f7d7ba3106-2038-construction-holdout-20260906-v1-block-34-1x4-research-deploy-plan-v1-91f6ecd7-ddec-4863-81d5-45deb957ba36.json,sha256:df7064c6213a05fd3c27215272686a21f37f8e42cf95da98a567b24164da8f9c,evidence/studies/simulation/20260906T220017303Z-tournament-0-19-0-b8f7d7ba3106-2038-construction-holdout-20260906-v1-block-34-1x4-research-deploy-plan-v1-91f6ecd7-ddec-4863-81d5-45deb957ba36-outcomes.json,sha256:812f43be0c9a4dcbbb6c067ac256e26b644fa87c9bc66df26b1b4dc259c570a7
35,4,safety_laboratory,1,weighted,baseline,10,0,,0,0,False,3,1,6,4,evidence/studies/simulation/20260906T220017660Z-tournament-0-19-0-b8f7d7ba3106-2038-construction-holdout-20260906-v1-block-35-1x4-baseline-1fce9093-d44d-432f-95a1-f21e8e560bfc.json,sha256:f6f93d5521ffafa5e61244718be97920efffa7023f9bdd21f113a116a180832f,evidence/studies/simulation/20260906T220017660Z-tournament-0-19-0-b8f7d7ba3106-2038-construction-holdout-20260906-v1-block-35-1x4-baseline-1fce9093-d44d-432f-95a1-f21e8e560bfc-outcomes.json,sha256:8e77f2c8e01455588ed62eb14581488606cbac00c6769550cff9d889a2afa2f2
35,4,safety_laboratory,1,weighted,infrastructure_plan_v1,20,1,3,2,4,False,8,2,2,4,evidence/studies/simulation/20260906T220018011Z-tournament-0-19-0-b8f7d7ba3106-2038-construction-holdout-20260906-v1-block-35-1x4-infrastructure-plan-v1-0dc348de-6ab5-41ca-8c81-8652c4746548.json,sha256:1385fc7674244466f0f9005466febd3a39b83fce8778f5b3dd40ad476ba42efb,evidence/studies/simulation/20260906T220018011Z-tournament-0-19-0-b8f7d7ba3106-2038-construction-holdout-20260906-v1-block-35-1x4-infrastructure-plan-v1-0dc348de-6ab5-41ca-8c81-8652c4746548-outcomes.json,sha256:565b3488d616846afb2ac57a73965430802a6014fb221cc5da812ccfacea879b
35,4,safety_laboratory,1,weighted,research_deploy_plan_v1,18,1,,0,0,False,8,3,6,4,evidence/studies/simulation/20260906T220018369Z-tournament-0-19-0-b8f7d7ba3106-2038-construction-holdout-20260906-v1-block-35-1x4-research-deploy-plan-v1-d50c3aa6-05b0-4cd9-a9a7-baaef616f789.json,sha256:97092c51ff65381a8a7b50da4dd925ea00cdc618aeb59d51d61e48f2bee89981,evidence/studies/simulation/20260906T220018369Z-tournament-0-19-0-b8f7d7ba3106-2038-construction-holdout-20260906-v1-block-35-1x4-research-deploy-plan-v1-d50c3aa6-05b0-4cd9-a9a7-baaef616f789-outcomes.json,sha256:e629935f331ae15afa5957a6baad4a676dcbaca10ee3c8eca9a652e783d8d086
36,4,safety_laboratory,2,greedy,baseline,17,0,,0,0,False,10,2,6,4,evidence/studies/simulation/20260906T220018718Z-tournament-0-19-0-b8f7d7ba3106-2038-construction-holdout-20260906-v1-block-36-1x4-baseline-7278fcc7-290d-4c0a-b772-68370cbff514.json,sha256:e9a4f4a8aeaaa62aa9f5c571b39c428859229adc8145e7559dbf99114837bc21,evidence/studies/simulation/20260906T220018718Z-tournament-0-19-0-b8f7d7ba3106-2038-construction-holdout-20260906-v1-block-36-1x4-baseline-7278fcc7-290d-4c0a-b772-68370cbff514-outcomes.json,sha256:8870e79f9ae0dc4d5c8216a4b36785ea962b48d4069a5ad171fdeb23eb9c37f4
36,4,safety_laboratory,2,greedy,infrastructure_plan_v1,22,1,3,2,3,False,11,3,0,4,evidence/studies/simulation/20260906T220019103Z-tournament-0-19-0-b8f7d7ba3106-2038-construction-holdout-20260906-v1-block-36-1x4-infrastructure-plan-v1-7962f63d-9385-4ec3-86b4-20d83ee5a758.json,sha256:2be29d21aaaa4ad839ef7b23f8156b8853d007b285da4ea4862b7f7fbef6f536,evidence/studies/simulation/20260906T220019103Z-tournament-0-19-0-b8f7d7ba3106-2038-construction-holdout-20260906-v1-block-36-1x4-infrastructure-plan-v1-7962f63d-9385-4ec3-86b4-20d83ee5a758-outcomes.json,sha256:3d96554d8e3a3f3668b07771d5ac44c40e00f685bbb922418a505f6990b8e2c7
36,4,safety_laboratory,2,greedy,research_deploy_plan_v1,25,1,,0,0,False,12,4,6,4,evidence/studies/simulation/20260906T220019452Z-tournament-0-19-0-b8f7d7ba3106-2038-construction-holdout-20260906-v1-block-36-1x4-research-deploy-plan-v1-d9e98deb-321c-4e8f-b57c-2ec0409da775.json,sha256:c998604ff2efc2ba4391d704ac396a719a07d79e6b59b5b5afa9dea6cd3747ec,evidence/studies/simulation/20260906T220019452Z-tournament-0-19-0-b8f7d7ba3106-2038-construction-holdout-20260906-v1-block-36-1x4-research-deploy-plan-v1-d9e98deb-321c-4e8f-b57c-2ec0409da775-outcomes.json,sha256:81078a98bd1ed28da147dc6a7b4816181584c1eee87cff7a206abf52e0d1abcd
37,4,safety_laboratory,2,weighted,baseline,16,0,,0,0,False,4,2,6,4,evidence/studies/simulation/20260906T220019798Z-tournament-0-19-0-b8f7d7ba3106-2038-construction-holdout-20260906-v1-block-37-1x4-baseline-2260dcd8-6a41-4fe3-8294-6ea333b6ce6b.json,sha256:e85558dbfabe72df49ea180e7a1a44408d2bb96c0994cac34a1a0d55ccac6ff6,evidence/studies/simulation/20260906T220019798Z-tournament-0-19-0-b8f7d7ba3106-2038-construction-holdout-20260906-v1-block-37-1x4-baseline-2260dcd8-6a41-4fe3-8294-6ea333b6ce6b-outcomes.json,sha256:6966d6a4ad947e12c7473f9875b20da7509bc6dcf53c1b4fd321118d668fb82a
37,4,safety_laboratory,2,weighted,infrastructure_plan_v1,17,0,,0,0,False,5,2,6,4,evidence/studies/simulation/20260906T220020144Z-tournament-0-19-0-b8f7d7ba3106-2038-construction-holdout-20260906-v1-block-37-1x4-infrastructure-plan-v1-3257a3d2-5196-4c44-83b0-476ee7cc630e.json,sha256:4e18f906d4df47dcd0c0ed3579f4ea3a8acdcb01f42c9982cdbb4ee5f1e12c02,evidence/studies/simulation/20260906T220020144Z-tournament-0-19-0-b8f7d7ba3106-2038-construction-holdout-20260906-v1-block-37-1x4-infrastructure-plan-v1-3257a3d2-5196-4c44-83b0-476ee7cc630e-outcomes.json,sha256:ed278e6f659475a748ea47ddb4a3bd935f759bd1232802af5c6fc457cdbadbfc
37,4,safety_laboratory,2,weighted,research_deploy_plan_v1,15,0,,0,0,False,5,2,6,4,evidence/studies/simulation/20260906T220020491Z-tournament-0-19-0-b8f7d7ba3106-2038-construction-holdout-20260906-v1-block-37-1x4-research-deploy-plan-v1-11cad294-429b-484a-b91c-3358e6e5655a.json,sha256:4771051cb46b9526c1f9726b858c2ac0df23c25f2f1451b9438b7a953647bd2e,evidence/studies/simulation/20260906T220020491Z-tournament-0-19-0-b8f7d7ba3106-2038-construction-holdout-20260906-v1-block-37-1x4-research-deploy-plan-v1-11cad294-429b-484a-b91c-3358e6e5655a-outcomes.json,sha256:00e3cb46f75c04401fb3d875245e79a11224b50ba2924ffc67e1a8fadeae2729
38,4,safety_laboratory,3,greedy,baseline,17,0,,0,0,False,8,2,6,4,evidence/studies/simulation/20260906T220020843Z-tournament-0-19-0-b8f7d7ba3106-2038-construction-holdout-20260906-v1-block-38-1x4-baseline-bcef7835-a7f3-4c4e-b136-10cecaefd0a7.json,sha256:e6bb9200f20731980c6d746e158bf8551178cf7927787e869f8e4a15eae871d5,evidence/studies/simulation/20260906T220020843Z-tournament-0-19-0-b8f7d7ba3106-2038-construction-holdout-20260906-v1-block-38-1x4-baseline-bcef7835-a7f3-4c4e-b136-10cecaefd0a7-outcomes.json,sha256:bbb335bf19a5697f3f349ddbd379cf9f39bedd787bf6c2d5f2003cec8fd9009c
38,4,safety_laboratory,3,greedy,infrastructure_plan_v1,22,1,3,2,6,False,8,3,6,4,evidence/studies/simulation/20260906T220021187Z-tournament-0-19-0-b8f7d7ba3106-2038-construction-holdout-20260906-v1-block-38-1x4-infrastructure-plan-v1-a94f7829-c9f9-4f4c-8ce9-70aa54d221c5.json,sha256:ee1aaa096aeec4d809fe22f34ab05f7877c63d18e264efc644e35c548d142f3e,evidence/studies/simulation/20260906T220021187Z-tournament-0-19-0-b8f7d7ba3106-2038-construction-holdout-20260906-v1-block-38-1x4-infrastructure-plan-v1-a94f7829-c9f9-4f4c-8ce9-70aa54d221c5-outcomes.json,sha256:3aab618a5abc1f8ecc0630e7c18041b57629308de14f6ec2b8d14cbb48b4a3ff
38,4,safety_laboratory,3,greedy,research_deploy_plan_v1,25,1,,0,0,False,12,4,6,4,evidence/studies/simulation/20260906T220021525Z-tournament-0-19-0-b8f7d7ba3106-2038-construction-holdout-20260906-v1-block-38-1x4-research-deploy-plan-v1-d5956364-047a-42e7-9dbb-7fab9e4755c6.json,sha256:261229ce855147968560da0da3cbc3b0ff14d52b09e6a199af30a9304ff2a044,evidence/studies/simulation/20260906T220021525Z-tournament-0-19-0-b8f7d7ba3106-2038-construction-holdout-20260906-v1-block-38-1x4-research-deploy-plan-v1-d5956364-047a-42e7-9dbb-7fab9e4755c6-outcomes.json,sha256:e309f308095ef0d78ba040bbeb255a783b34dad8f1ec3ade2681e88c3becde7b
39,4,safety_laboratory,3,weighted,baseline,17,0,,0,0,False,8,2,6,4,evidence/studies/simulation/20260906T220021901Z-tournament-0-19-0-b8f7d7ba3106-2038-construction-holdout-20260906-v1-block-39-1x4-baseline-e6ba71d4-333a-4cee-87ce-d37307e9d31f.json,sha256:6a3f437e2acaa50328324d3f0b86aee6839881e8f6a5f0f9b97860b487d40f26,evidence/studies/simulation/20260906T220021901Z-tournament-0-19-0-b8f7d7ba3106-2038-construction-holdout-20260906-v1-block-39-1x4-baseline-e6ba71d4-333a-4cee-87ce-d37307e9d31f-outcomes.json,sha256:52cedfdb8297a0eb3dda8f6fc959ec67f0d61585411ca7bf4e2dc8ce2d9463de
39,4,safety_laboratory,3,weighted,infrastructure_plan_v1,20,1,3,2,5,False,11,2,3,4,evidence/studies/simulation/20260906T220022258Z-tournament-0-19-0-b8f7d7ba3106-2038-construction-holdout-20260906-v1-block-39-1x4-infrastructure-plan-v1-d427cf45-4074-4026-b8f4-234775eed95a.json,sha256:0ca281324f0c0bccdf0a3b9019a40fe8f08c456fb854f92cac0c215fc6ab2454,evidence/studies/simulation/20260906T220022258Z-tournament-0-19-0-b8f7d7ba3106-2038-construction-holdout-20260906-v1-block-39-1x4-infrastructure-plan-v1-d427cf45-4074-4026-b8f4-234775eed95a-outcomes.json,sha256:9981730dcc31cfa36ee0b36b5b785f62c9672b9a8ae26ac14213220d3945d40a
39,4,safety_laboratory,3,weighted,research_deploy_plan_v1,21,0,,0,0,False,11,3,6,4,evidence/studies/simulation/20260906T220022609Z-tournament-0-19-0-b8f7d7ba3106-2038-construction-holdout-20260906-v1-block-39-1x4-research-deploy-plan-v1-ad8e30bb-cca0-4707-906e-bcc483e7de31.json,sha256:78a75cea97d8439eb7e6af05614a6b5f0478616103fcc2c3addd8eee3da463d3,evidence/studies/simulation/20260906T220022609Z-tournament-0-19-0-b8f7d7ba3106-2038-construction-holdout-20260906-v1-block-39-1x4-research-deploy-plan-v1-ad8e30bb-cca0-4707-906e-bcc483e7de31-outcomes.json,sha256:007a70c1ea8c7d2711b5bd5199397c91244dc10e3870ea314689a034edb96a41
40,4,foundry,0,greedy,baseline,20,1,,0,0,False,10,2,6,4,evidence/studies/simulation/20260906T220022949Z-tournament-0-19-0-b8f7d7ba3106-2038-construction-holdout-20260906-v1-block-40-1x4-baseline-d6b9b0d6-7d18-411e-8afe-65543d318472.json,sha256:21b50ba9c38a7d6fe461aced2fc9937f8ba672f427f577d0bc8a5800075b8d03,evidence/studies/simulation/20260906T220022949Z-tournament-0-19-0-b8f7d7ba3106-2038-construction-holdout-20260906-v1-block-40-1x4-baseline-d6b9b0d6-7d18-411e-8afe-65543d318472-outcomes.json,sha256:db537c9d6a76937d6dba89cbdbc19f6aec0cd30ef8e8e987a379c5d76689ba07
40,4,foundry,0,greedy,infrastructure_plan_v1,28,1,3,2,6,True,12,4,6,4,evidence/studies/simulation/20260906T220023289Z-tournament-0-19-0-b8f7d7ba3106-2038-construction-holdout-20260906-v1-block-40-1x4-infrastructure-plan-v1-9bff1411-d881-4330-be8d-b2b8d890f6be.json,sha256:d501e3d3e3b65c5ed3fde0cbbb6abdf32dccd3214f5c66207a68b588ff76d547,evidence/studies/simulation/20260906T220023289Z-tournament-0-19-0-b8f7d7ba3106-2038-construction-holdout-20260906-v1-block-40-1x4-infrastructure-plan-v1-9bff1411-d881-4330-be8d-b2b8d890f6be-outcomes.json,sha256:3001b529552f01dee0ab5754e9ce2047bf8d738ce7f202a2cfd5ee832ff9ab6a
40,4,foundry,0,greedy,research_deploy_plan_v1,23,1,,0,0,False,12,4,6,4,evidence/studies/simulation/20260906T220023630Z-tournament-0-19-0-b8f7d7ba3106-2038-construction-holdout-20260906-v1-block-40-1x4-research-deploy-plan-v1-ffb94a8d-6932-4f54-9069-b760e1701b37.json,sha256:09cb88b7e2ddb8d4f0003644ca4f42affe8d395bd842741ff387745f6a3c5099,evidence/studies/simulation/20260906T220023630Z-tournament-0-19-0-b8f7d7ba3106-2038-construction-holdout-20260906-v1-block-40-1x4-research-deploy-plan-v1-ffb94a8d-6932-4f54-9069-b760e1701b37-outcomes.json,sha256:6623cc36ee2b2a49b9bce70e5121347ca9f487806e40d46bbc9f6d07b600daf6
41,4,foundry,0,weighted,baseline,11,0,,0,0,False,5,2,5,4,evidence/studies/simulation/20260906T220023989Z-tournament-0-19-0-b8f7d7ba3106-2038-construction-holdout-20260906-v1-block-41-1x4-baseline-3245dc90-a52d-427f-9569-ac362c71fb9a.json,sha256:66641e50f63c05d375ee61a6b8ec16b185808040722fedaeca211b391c62e8aa,evidence/studies/simulation/20260906T220023989Z-tournament-0-19-0-b8f7d7ba3106-2038-construction-holdout-20260906-v1-block-41-1x4-baseline-3245dc90-a52d-427f-9569-ac362c71fb9a-outcomes.json,sha256:5f0f4cd4b5bcf8e73e94c0382c08ae0941fca740225cdb2e9544c5ba6f5f3e09
41,4,foundry,0,weighted,infrastructure_plan_v1,21,0,4,1,3,False,6,3,6,4,evidence/studies/simulation/20260906T220024348Z-tournament-0-19-0-b8f7d7ba3106-2038-construction-holdout-20260906-v1-block-41-1x4-infrastructure-plan-v1-70bd99fe-911d-44ec-8145-4b6e1b91da5d.json,sha256:25a673ebea992c195b75016f7946dc72276e5db95baac35760a6a9583cc4d0b7,evidence/studies/simulation/20260906T220024348Z-tournament-0-19-0-b8f7d7ba3106-2038-construction-holdout-20260906-v1-block-41-1x4-infrastructure-plan-v1-70bd99fe-911d-44ec-8145-4b6e1b91da5d-outcomes.json,sha256:74f0fc52e7e850957bf33dd7acfb4db060f5a62742a41df0abee88016a10f937
41,4,foundry,0,weighted,research_deploy_plan_v1,18,0,,0,0,False,6,3,6,4,evidence/studies/simulation/20260906T220024707Z-tournament-0-19-0-b8f7d7ba3106-2038-construction-holdout-20260906-v1-block-41-1x4-research-deploy-plan-v1-d4a058d2-7fab-4c32-9b9a-bc9fa4b27479.json,sha256:787f2235a2e047c3f54ef3d54f0b8edb896698be74232acb5504a809789f4ed4,evidence/studies/simulation/20260906T220024707Z-tournament-0-19-0-b8f7d7ba3106-2038-construction-holdout-20260906-v1-block-41-1x4-research-deploy-plan-v1-d4a058d2-7fab-4c32-9b9a-bc9fa4b27479-outcomes.json,sha256:6f517b36536f25cd37ede9753fcbffd308c3afd1a618e26c9e69a7f6ef253ae0
42,4,foundry,1,greedy,baseline,16,0,,0,0,False,8,2,6,4,evidence/studies/simulation/20260906T220025075Z-tournament-0-19-0-b8f7d7ba3106-2038-construction-holdout-20260906-v1-block-42-1x4-baseline-7b94397c-e09c-446d-b7ef-c4dfddad20c1.json,sha256:4665aabbb9220aadb1b2d4dc588effaddd77e7e0ea37dbe44ed3e2e8e05f949b,evidence/studies/simulation/20260906T220025075Z-tournament-0-19-0-b8f7d7ba3106-2038-construction-holdout-20260906-v1-block-42-1x4-baseline-7b94397c-e09c-446d-b7ef-c4dfddad20c1-outcomes.json,sha256:8b2c81813a70138301a70f95e5d42c77cd41f0c91af7ceb4ac54842afd5e398b
42,4,foundry,1,greedy,infrastructure_plan_v1,32,1,3,2,6,True,12,4,6,4,evidence/studies/simulation/20260906T220025422Z-tournament-0-19-0-b8f7d7ba3106-2038-construction-holdout-20260906-v1-block-42-1x4-infrastructure-plan-v1-9d1d0055-25a7-49e2-b677-11b8e973002c.json,sha256:815e7de6223fbab92a523cdcf1d96ff3f14b421a5628b018aeca24bcad0050f5,evidence/studies/simulation/20260906T220025422Z-tournament-0-19-0-b8f7d7ba3106-2038-construction-holdout-20260906-v1-block-42-1x4-infrastructure-plan-v1-9d1d0055-25a7-49e2-b677-11b8e973002c-outcomes.json,sha256:3940c5841c8bcb12abb9195d31771f70a3cb1f7edbfa01c122f3e597e0dd7ead
42,4,foundry,1,greedy,research_deploy_plan_v1,25,0,,0,0,False,12,4,6,4,evidence/studies/simulation/20260906T220025768Z-tournament-0-19-0-b8f7d7ba3106-2038-construction-holdout-20260906-v1-block-42-1x4-research-deploy-plan-v1-96bb5170-f52f-45e2-af66-535171b81e49.json,sha256:c75f012c2e8cc05abe2f064d022c46702df988cd9bda7550ecfbfd52215a41c2,evidence/studies/simulation/20260906T220025768Z-tournament-0-19-0-b8f7d7ba3106-2038-construction-holdout-20260906-v1-block-42-1x4-research-deploy-plan-v1-96bb5170-f52f-45e2-af66-535171b81e49-outcomes.json,sha256:93e995cb47d58a81dca30437bec7253a191d74eadaf18cbde5788721bbf621c8
43,4,foundry,1,weighted,baseline,18,0,,0,0,False,9,4,5,4,evidence/studies/simulation/20260906T220026117Z-tournament-0-19-0-b8f7d7ba3106-2038-construction-holdout-20260906-v1-block-43-1x4-baseline-86b71def-8494-401c-947d-585be98875cb.json,sha256:5d31e91f63556e34b7531d80cf54051e0a400e8323c947455a84a305a66ee22a,evidence/studies/simulation/20260906T220026117Z-tournament-0-19-0-b8f7d7ba3106-2038-construction-holdout-20260906-v1-block-43-1x4-baseline-86b71def-8494-401c-947d-585be98875cb-outcomes.json,sha256:6ff3b71f724420afb372d007ff5e251c012004745421995612e5df2a429ce0bd
43,4,foundry,1,weighted,infrastructure_plan_v1,21,1,,0,0,False,7,3,6,4,evidence/studies/simulation/20260906T220026471Z-tournament-0-19-0-b8f7d7ba3106-2038-construction-holdout-20260906-v1-block-43-1x4-infrastructure-plan-v1-6d5eb384-f933-4e15-9ddf-d05f402af7a7.json,sha256:1179c1ea3c7066771e08f242d89ed857b7607302e7561b38ffe63a9000d3aa79,evidence/studies/simulation/20260906T220026471Z-tournament-0-19-0-b8f7d7ba3106-2038-construction-holdout-20260906-v1-block-43-1x4-infrastructure-plan-v1-6d5eb384-f933-4e15-9ddf-d05f402af7a7-outcomes.json,sha256:d4f2f25eec8e7a2f6378d2e497019e7913d98ae431e1a2c530104eecccd96fb0
43,4,foundry,1,weighted,research_deploy_plan_v1,22,1,,0,0,False,10,3,6,4,evidence/studies/simulation/20260906T220026832Z-tournament-0-19-0-b8f7d7ba3106-2038-construction-holdout-20260906-v1-block-43-1x4-research-deploy-plan-v1-f6ae2adf-76e7-4837-8c97-add6f1406722.json,sha256:29f113b94a7fa4d55213e3c5f9049923255fa7e679166a849fa41a037fe6e2a5,evidence/studies/simulation/20260906T220026832Z-tournament-0-19-0-b8f7d7ba3106-2038-construction-holdout-20260906-v1-block-43-1x4-research-deploy-plan-v1-f6ae2adf-76e7-4837-8c97-add6f1406722-outcomes.json,sha256:354539509cecf22776a3dc6593f69d5c4e1534d01765ee01d5b83cfc7b2fcf7a
44,4,foundry,2,greedy,baseline,20,1,,0,0,False,11,2,6,4,evidence/studies/simulation/20260906T220027188Z-tournament-0-19-0-b8f7d7ba3106-2038-construction-holdout-20260906-v1-block-44-1x4-baseline-9622cfdd-274d-4e4b-b48f-1463f6600e35.json,sha256:a6fcf77bb4439a1ffa10aded354b4dd671af51d370a46a0494d2f3b71dafa33b,evidence/studies/simulation/20260906T220027188Z-tournament-0-19-0-b8f7d7ba3106-2038-construction-holdout-20260906-v1-block-44-1x4-baseline-9622cfdd-274d-4e4b-b48f-1463f6600e35-outcomes.json,sha256:23aa1b60bfd2f213c582b30311d125be54911413a92ecca7da749a3b05ab0f8a
44,4,foundry,2,greedy,infrastructure_plan_v1,30,1,3,2,6,True,10,4,6,4,evidence/studies/simulation/20260906T220027540Z-tournament-0-19-0-b8f7d7ba3106-2038-construction-holdout-20260906-v1-block-44-1x4-infrastructure-plan-v1-d43b66d6-8ecf-4b52-8593-cd1fb3c5de3d.json,sha256:8db8a2381796ac0941545ff308d11f70d9eedefc5439f2b4afeaa6201b2f2c24,evidence/studies/simulation/20260906T220027540Z-tournament-0-19-0-b8f7d7ba3106-2038-construction-holdout-20260906-v1-block-44-1x4-infrastructure-plan-v1-d43b66d6-8ecf-4b52-8593-cd1fb3c5de3d-outcomes.json,sha256:fe9f1efa6395b1afe20aa46e525428132a03c3fa225f933e7480b7bdbcc4fa64
44,4,foundry,2,greedy,research_deploy_plan_v1,19,0,,0,0,False,8,4,6,4,evidence/studies/simulation/20260906T220027896Z-tournament-0-19-0-b8f7d7ba3106-2038-construction-holdout-20260906-v1-block-44-1x4-research-deploy-plan-v1-f88373b1-dc01-4bd0-be7f-c72ba0fe632f.json,sha256:df670ccd8f2ea12840e72b714058970bd2eb70138dc9c12bf5f39ded0bdab7f8,evidence/studies/simulation/20260906T220027896Z-tournament-0-19-0-b8f7d7ba3106-2038-construction-holdout-20260906-v1-block-44-1x4-research-deploy-plan-v1-f88373b1-dc01-4bd0-be7f-c72ba0fe632f-outcomes.json,sha256:4a96320b457f431920e5d1dc22e9339f7b15e346ddb8c1feebd07431e22ff7eb
45,4,foundry,2,weighted,baseline,16,0,,0,0,False,9,4,3,4,evidence/studies/simulation/20260906T220028259Z-tournament-0-19-0-b8f7d7ba3106-2038-construction-holdout-20260906-v1-block-45-1x4-baseline-4e94db52-624e-4835-b0f1-54a4d5285541.json,sha256:ce874038af0740f54f5fd2ec79aadf46ab068b3ca109c51f930a5c1007443b17,evidence/studies/simulation/20260906T220028259Z-tournament-0-19-0-b8f7d7ba3106-2038-construction-holdout-20260906-v1-block-45-1x4-baseline-4e94db52-624e-4835-b0f1-54a4d5285541-outcomes.json,sha256:9a17ff6651477c1890d763c3461094128b317a51086ed89110415203df961ffd
45,4,foundry,2,weighted,infrastructure_plan_v1,19,0,,0,0,False,11,4,5,4,evidence/studies/simulation/20260906T220028612Z-tournament-0-19-0-b8f7d7ba3106-2038-construction-holdout-20260906-v1-block-45-1x4-infrastructure-plan-v1-1979b67c-e0b5-4ba5-a4fc-644cad917a3f.json,sha256:cc7bfd354bf912785ffd46d83949aa797442b7085babc5d404da7f9b16b138f9,evidence/studies/simulation/20260906T220028612Z-tournament-0-19-0-b8f7d7ba3106-2038-construction-holdout-20260906-v1-block-45-1x4-infrastructure-plan-v1-1979b67c-e0b5-4ba5-a4fc-644cad917a3f-outcomes.json,sha256:ef7f5f5038941cf85893ffa88ad863173ba762fb26fa06b5777a4ba76fa0c527
45,4,foundry,2,weighted,research_deploy_plan_v1,21,1,,0,0,False,10,4,6,4,evidence/studies/simulation/20260906T220028959Z-tournament-0-19-0-b8f7d7ba3106-2038-construction-holdout-20260906-v1-block-45-1x4-research-deploy-plan-v1-490527df-fda9-404f-94c5-ef2265da4803.json,sha256:ebc983030f19b93229611f2b73951c93ee936c73d5857c83ce794951c643fa32,evidence/studies/simulation/20260906T220028959Z-tournament-0-19-0-b8f7d7ba3106-2038-construction-holdout-20260906-v1-block-45-1x4-research-deploy-plan-v1-490527df-fda9-404f-94c5-ef2265da4803-outcomes.json,sha256:76f3e11e02445b3e7a0480b1ad246a4e6e9d38ba35e4be24d799f93b613901e5
46,4,foundry,3,greedy,baseline,14,0,,0,0,False,7,2,6,4,evidence/studies/simulation/20260906T220029300Z-tournament-0-19-0-b8f7d7ba3106-2038-construction-holdout-20260906-v1-block-46-1x4-baseline-f4b51ddc-696b-4fd7-9911-a98bdfc402eb.json,sha256:edc26c9fdba916218917e6a6b433bc899d3e7d05fc6faf14865b36581fa7a8cb,evidence/studies/simulation/20260906T220029300Z-tournament-0-19-0-b8f7d7ba3106-2038-construction-holdout-20260906-v1-block-46-1x4-baseline-f4b51ddc-696b-4fd7-9911-a98bdfc402eb-outcomes.json,sha256:69a041b807e38b9ca3882e21d78d599d0b196fecdd3c7d9a7d41e66cdfb56870
46,4,foundry,3,greedy,infrastructure_plan_v1,31,1,3,2,3,True,12,4,6,4,evidence/studies/simulation/20260906T220029645Z-tournament-0-19-0-b8f7d7ba3106-2038-construction-holdout-20260906-v1-block-46-1x4-infrastructure-plan-v1-7ec8c793-fc84-422c-935b-1f9567d36a54.json,sha256:e3b1ed297652516c1e010642fd064b04b373086bdb08d6abce8d6000c668ab89,evidence/studies/simulation/20260906T220029645Z-tournament-0-19-0-b8f7d7ba3106-2038-construction-holdout-20260906-v1-block-46-1x4-infrastructure-plan-v1-7ec8c793-fc84-422c-935b-1f9567d36a54-outcomes.json,sha256:905dc01b61e6c6afbe6c351b4548ecda18c5db8175ae1121dad672c7b34ef82c
46,4,foundry,3,greedy,research_deploy_plan_v1,23,1,,0,0,False,11,4,6,4,evidence/studies/simulation/20260906T220029988Z-tournament-0-19-0-b8f7d7ba3106-2038-construction-holdout-20260906-v1-block-46-1x4-research-deploy-plan-v1-a0a4a745-11f1-406c-bc69-538bf488c88f.json,sha256:bcd57007fac249c24fe808e9af9fb1aad7df7fa73ae61ef83f714c6c0ef1335f,evidence/studies/simulation/20260906T220029988Z-tournament-0-19-0-b8f7d7ba3106-2038-construction-holdout-20260906-v1-block-46-1x4-research-deploy-plan-v1-a0a4a745-11f1-406c-bc69-538bf488c88f-outcomes.json,sha256:fdd5dc4e9e0dfad0dc69736035626fc8c1cb98ea45b73c50305b5343212bf8cc
47,4,foundry,3,weighted,baseline,15,0,,0,0,False,4,2,6,4,evidence/studies/simulation/20260906T220030354Z-tournament-0-19-0-b8f7d7ba3106-2038-construction-holdout-20260906-v1-block-47-1x4-baseline-5bd64682-2dd1-4f5f-8994-be2960e5bdce.json,sha256:2f8c70ef203105378316f5cb67b0334728b5bfc885a59c0eb73b5a5a138efc89,evidence/studies/simulation/20260906T220030354Z-tournament-0-19-0-b8f7d7ba3106-2038-construction-holdout-20260906-v1-block-47-1x4-baseline-5bd64682-2dd1-4f5f-8994-be2960e5bdce-outcomes.json,sha256:bf03a41aac67bb9f9e6916bc9f4afa526300afd0bc1965292525db9dd38c60a8
47,4,foundry,3,weighted,infrastructure_plan_v1,17,0,3,2,4,False,7,2,5,4,evidence/studies/simulation/20260906T220030714Z-tournament-0-19-0-b8f7d7ba3106-2038-construction-holdout-20260906-v1-block-47-1x4-infrastructure-plan-v1-aad21734-eda6-4703-a244-000bc1be0657.json,sha256:84b1904fb783a23617f404801f4432dc444810b7fccbd2ec111756032f89a6e2,evidence/studies/simulation/20260906T220030714Z-tournament-0-19-0-b8f7d7ba3106-2038-construction-holdout-20260906-v1-block-47-1x4-infrastructure-plan-v1-aad21734-eda6-4703-a244-000bc1be0657-outcomes.json,sha256:7738fd8eb12228fbc0ccaa0f51c5f160385fe1d53fb52021f21463b36f97b328
47,4,foundry,3,weighted,research_deploy_plan_v1,17,0,,0,0,False,7,3,6,4,evidence/studies/simulation/20260906T220031073Z-tournament-0-19-0-b8f7d7ba3106-2038-construction-holdout-20260906-v1-block-47-1x4-research-deploy-plan-v1-3661f73d-a012-435b-9a5b-8082461341ba.json,sha256:e2fc442168922f624d2c2211a75ac6d626073a434263b520a0a016b9e72a7a0e,evidence/studies/simulation/20260906T220031073Z-tournament-0-19-0-b8f7d7ba3106-2038-construction-holdout-20260906-v1-block-47-1x4-research-deploy-plan-v1-3661f73d-a012-435b-9a5b-8082461341ba-outcomes.json,sha256:fcd2c0163a00ab7d3aa9ef81af2eb64120104656c2098af86587530b34b7e4e3
48,2,coalition_lab,0,greedy,infrastructure_plan_v1,24,1,3,2,4,False,12,3,1,4,evidence/studies/simulation/20260906T220031390Z-tournament-0-19-0-b8f7d7ba3106-2038-construction-holdout-20260906-v1-block-48-1x2-infrastructure-plan-v1-77e492d4-1741-4676-b2fe-fdfb7c8cee9f.json,sha256:9b936bd185b92f54dbb83e8bdf182fd6e99ad89cf4789d471e9bfa1496129d0b,evidence/studies/simulation/20260906T220031390Z-tournament-0-19-0-b8f7d7ba3106-2038-construction-holdout-20260906-v1-block-48-1x2-infrastructure-plan-v1-77e492d4-1741-4676-b2fe-fdfb7c8cee9f-outcomes.json,sha256:27f23a6761a61443f07bb157f3c2fba6f59f41408afebe98e2824cb7d1bba95d
48,2,coalition_lab,0,greedy,research_deploy_plan_v1,25,1,,0,0,False,11,4,6,4,evidence/studies/simulation/20260906T220031700Z-tournament-0-19-0-b8f7d7ba3106-2038-construction-holdout-20260906-v1-block-48-1x2-research-deploy-plan-v1-0c13a332-cb7a-4462-bbd0-d0f12e510479.json,sha256:af8c82adfaed7a55e972250c868a85dafb132d2361b129967106057ca61d7399,evidence/studies/simulation/20260906T220031700Z-tournament-0-19-0-b8f7d7ba3106-2038-construction-holdout-20260906-v1-block-48-1x2-research-deploy-plan-v1-0c13a332-cb7a-4462-bbd0-d0f12e510479-outcomes.json,sha256:a59e6e01c02827b3e5919065efa678924ea49a380e61b52f997da626a12fc4eb
49,2,coalition_lab,0,weighted,infrastructure_plan_v1,23,1,3,2,6,False,12,3,6,4,evidence/studies/simulation/20260906T220032020Z-tournament-0-19-0-b8f7d7ba3106-2038-construction-holdout-20260906-v1-block-49-1x2-infrastructure-plan-v1-0391d352-39aa-4075-82f8-0aba963bea28.json,sha256:f009b8eef0b2d6d866123feb98269aa726c21fb6410bae3e61ccfa118c400051,evidence/studies/simulation/20260906T220032020Z-tournament-0-19-0-b8f7d7ba3106-2038-construction-holdout-20260906-v1-block-49-1x2-infrastructure-plan-v1-0391d352-39aa-4075-82f8-0aba963bea28-outcomes.json,sha256:190e0bd958f063ab498cb50f8e988d0c6129fde68c5d07d4233ff790a78d12f9
49,2,coalition_lab,0,weighted,research_deploy_plan_v1,20,1,,0,0,False,11,4,6,4,evidence/studies/simulation/20260906T220032338Z-tournament-0-19-0-b8f7d7ba3106-2038-construction-holdout-20260906-v1-block-49-1x2-research-deploy-plan-v1-e538a83b-393e-430c-bb1d-3d1da0358260.json,sha256:ea9ab4b43fc4673d2c95280315d8af1a05620fc2a3f4b61f5f8f0b5fe2d3fc6a,evidence/studies/simulation/20260906T220032338Z-tournament-0-19-0-b8f7d7ba3106-2038-construction-holdout-20260906-v1-block-49-1x2-research-deploy-plan-v1-e538a83b-393e-430c-bb1d-3d1da0358260-outcomes.json,sha256:df2891ce1dfd1d7b3536fc3c97bf4c958cf3b2a077238a0b96d4ebabd35c96db
50,2,platform_empire,0,greedy,infrastructure_plan_v1,13,0,3,2,6,False,3,1,5,4,evidence/studies/simulation/20260906T220032679Z-tournament-0-19-0-b8f7d7ba3106-2038-construction-holdout-20260906-v1-block-50-1x2-infrastructure-plan-v1-f19c6f63-d06d-47a8-84c3-613d4a9d3eb2.json,sha256:d33761ba37a2b85e12ec28bef1dfb23153801d46262e548be18cb82e070833d8,evidence/studies/simulation/20260906T220032679Z-tournament-0-19-0-b8f7d7ba3106-2038-construction-holdout-20260906-v1-block-50-1x2-infrastructure-plan-v1-f19c6f63-d06d-47a8-84c3-613d4a9d3eb2-outcomes.json,sha256:38dd251c56e174ff0f3030af80956f417bd10105104f3ec7c866214b287a2089
50,2,platform_empire,0,greedy,research_deploy_plan_v1,20,1,,0,0,False,6,3,6,4,evidence/studies/simulation/20260906T220032992Z-tournament-0-19-0-b8f7d7ba3106-2038-construction-holdout-20260906-v1-block-50-1x2-research-deploy-plan-v1-6bbbf1f4-d79d-489c-94c5-dd8c1770369f.json,sha256:89a887d416f9a703b777b6060e78f4028e1548aca2e78048e961cb5a3b1074c0,evidence/studies/simulation/20260906T220032992Z-tournament-0-19-0-b8f7d7ba3106-2038-construction-holdout-20260906-v1-block-50-1x2-research-deploy-plan-v1-6bbbf1f4-d79d-489c-94c5-dd8c1770369f-outcomes.json,sha256:581ddaac81e731113a85cb85f2f7887ac800b50b16d6e9c66c3ff2de53cd21e1
51,2,platform_empire,0,weighted,infrastructure_plan_v1,17,0,,0,0,False,6,3,6,4,evidence/studies/simulation/20260906T220033315Z-tournament-0-19-0-b8f7d7ba3106-2038-construction-holdout-20260906-v1-block-51-1x2-infrastructure-plan-v1-193ac9e4-76cd-4c4d-8688-93391e4abf40.json,sha256:258509f1663a85d800cd960eb8b60ce59ffa6caae13f356bde35be76ad418997,evidence/studies/simulation/20260906T220033315Z-tournament-0-19-0-b8f7d7ba3106-2038-construction-holdout-20260906-v1-block-51-1x2-infrastructure-plan-v1-193ac9e4-76cd-4c4d-8688-93391e4abf40-outcomes.json,sha256:862d5cfe0760a38977e59836c54229058b8e2b1d43c23e2af64efeb45cf8b702
51,2,platform_empire,0,weighted,research_deploy_plan_v1,22,1,,0,0,False,9,4,6,4,evidence/studies/simulation/20260906T220033633Z-tournament-0-19-0-b8f7d7ba3106-2038-construction-holdout-20260906-v1-block-51-1x2-research-deploy-plan-v1-f0f1cfdd-166f-4d24-8dce-fb689548f33a.json,sha256:802646e07d141a2f6369da8dcad4470bbc2fcaa6fd5726d44307cda1ba97ef76,evidence/studies/simulation/20260906T220033633Z-tournament-0-19-0-b8f7d7ba3106-2038-construction-holdout-20260906-v1-block-51-1x2-research-deploy-plan-v1-f0f1cfdd-166f-4d24-8dce-fb689548f33a-outcomes.json,sha256:c1b30a31cfa53590c92e1b51f9812eeb1e598a6cd28b30433b9992334856dffb
52,2,imperial_research_lab,0,greedy,infrastructure_plan_v1,24,1,3,2,2,False,8,3,3,4,evidence/studies/simulation/20260906T220033955Z-tournament-0-19-0-b8f7d7ba3106-2038-construction-holdout-20260906-v1-block-52-1x2-infrastructure-plan-v1-758764a1-c51f-4dbe-aa35-5afa58d24dc6.json,sha256:5e04afad835a3bb89faecf10b6900a4d661bb84cf75f1ee9ae8c6d6bd465cb28,evidence/studies/simulation/20260906T220033955Z-tournament-0-19-0-b8f7d7ba3106-2038-construction-holdout-20260906-v1-block-52-1x2-infrastructure-plan-v1-758764a1-c51f-4dbe-aa35-5afa58d24dc6-outcomes.json,sha256:387e0c4a41361a516faebdbd5b93224be4a637ea1a7f04361a8407044705801c
52,2,imperial_research_lab,0,greedy,research_deploy_plan_v1,26,1,,0,0,False,10,4,6,4,evidence/studies/simulation/20260906T220034291Z-tournament-0-19-0-b8f7d7ba3106-2038-construction-holdout-20260906-v1-block-52-1x2-research-deploy-plan-v1-b05c23a3-110a-435c-ad4f-ffd78eb2be6c.json,sha256:57a99a1af01fae6612a143a0254c9bacf1f1f846da620e76c0351a3cf4d0fd84,evidence/studies/simulation/20260906T220034291Z-tournament-0-19-0-b8f7d7ba3106-2038-construction-holdout-20260906-v1-block-52-1x2-research-deploy-plan-v1-b05c23a3-110a-435c-ad4f-ffd78eb2be6c-outcomes.json,sha256:e4410061d17c70bb1c45a81d726eff4c2c5fe98bb8442e62a1b7c8a7e70f7ad3
53,2,imperial_research_lab,0,weighted,infrastructure_plan_v1,24,1,3,2,3,False,7,3,5,4,evidence/studies/simulation/20260906T220034614Z-tournament-0-19-0-b8f7d7ba3106-2038-construction-holdout-20260906-v1-block-53-1x2-infrastructure-plan-v1-3ee69404-fa34-42bb-a6b3-d556858b6574.json,sha256:484d62332914daf5e8011e24f96ed863c678ee70ce0995ed63766b709e0e0fd9,evidence/studies/simulation/20260906T220034614Z-tournament-0-19-0-b8f7d7ba3106-2038-construction-holdout-20260906-v1-block-53-1x2-infrastructure-plan-v1-3ee69404-fa34-42bb-a6b3-d556858b6574-outcomes.json,sha256:6698ac13e2a10456a6856ea389650a56c4ba2e0bcf09455c771fd3c897ad857b
53,2,imperial_research_lab,0,weighted,research_deploy_plan_v1,25,1,,0,0,False,11,4,6,4,evidence/studies/simulation/20260906T220034936Z-tournament-0-19-0-b8f7d7ba3106-2038-construction-holdout-20260906-v1-block-53-1x2-research-deploy-plan-v1-ed1ff57e-f373-4a69-a277-956e4352efb4.json,sha256:ecdff4af304e0ae7c35ab92f8b108dfbf7370d34f87ff22dee7bd40affd397bd,evidence/studies/simulation/20260906T220034936Z-tournament-0-19-0-b8f7d7ba3106-2038-construction-holdout-20260906-v1-block-53-1x2-research-deploy-plan-v1-ed1ff57e-f373-4a69-a277-956e4352efb4-outcomes.json,sha256:b1d48c251c38075f9ad0fa7d5cae675f45bb80c9dcbdf6275710c3ef80057420
54,2,vertical_empire,0,greedy,infrastructure_plan_v1,30,1,3,2,6,True,12,3,5,4,evidence/studies/simulation/20260906T220035259Z-tournament-0-19-0-b8f7d7ba3106-2038-construction-holdout-20260906-v1-block-54-1x2-infrastructure-plan-v1-ee4cb1ba-72de-4f67-9fb8-72b9b8ea9ae7.json,sha256:91b8d407c685f66bb5c93bb3ff51d959836d377ff259b7a3f2eef340649d8a10,evidence/studies/simulation/20260906T220035259Z-tournament-0-19-0-b8f7d7ba3106-2038-construction-holdout-20260906-v1-block-54-1x2-infrastructure-plan-v1-ee4cb1ba-72de-4f67-9fb8-72b9b8ea9ae7-outcomes.json,sha256:1134aad64261ccbe4c59af2b11115302663c8b5fb30c326607d34b16d181ad05
54,2,vertical_empire,0,greedy,research_deploy_plan_v1,26,1,,0,0,False,12,4,6,4,evidence/studies/simulation/20260906T220035577Z-tournament-0-19-0-b8f7d7ba3106-2038-construction-holdout-20260906-v1-block-54-1x2-research-deploy-plan-v1-d49073f6-c118-4b5c-9503-a70cd388547f.json,sha256:3549463b44c849f0e0b15ee9102dea03ebd2ff5380d8f394a5932f34f180fcfc,evidence/studies/simulation/20260906T220035577Z-tournament-0-19-0-b8f7d7ba3106-2038-construction-holdout-20260906-v1-block-54-1x2-research-deploy-plan-v1-d49073f6-c118-4b5c-9503-a70cd388547f-outcomes.json,sha256:ff200c5cc742c9f4037aa209bb95102a4d21c6500bf315dc79d2aeb4c5e67128
55,2,vertical_empire,0,weighted,infrastructure_plan_v1,29,1,3,2,6,True,12,3,4,4,evidence/studies/simulation/20260906T220035909Z-tournament-0-19-0-b8f7d7ba3106-2038-construction-holdout-20260906-v1-block-55-1x2-infrastructure-plan-v1-d370b1e5-5af4-469e-a153-29705595a077.json,sha256:8105c65d61bfc608d014b3fba3cdbfdea43277b656709540dd00507723954b14,evidence/studies/simulation/20260906T220035909Z-tournament-0-19-0-b8f7d7ba3106-2038-construction-holdout-20260906-v1-block-55-1x2-infrastructure-plan-v1-d370b1e5-5af4-469e-a153-29705595a077-outcomes.json,sha256:ec502734f7f52e6e260afab572ba9d8a98333bf16d90301ee626660dc673ecb1
55,2,vertical_empire,0,weighted,research_deploy_plan_v1,22,1,,0,0,False,9,4,5,4,evidence/studies/simulation/20260906T220036223Z-tournament-0-19-0-b8f7d7ba3106-2038-construction-holdout-20260906-v1-block-55-1x2-research-deploy-plan-v1-e25e8e8c-5023-4535-9671-2540fa7e48ba.json,sha256:49abe57941a3754bf6beff7ed20b80300f7061a74704f950ed87591b443afbe1,evidence/studies/simulation/20260906T220036223Z-tournament-0-19-0-b8f7d7ba3106-2038-construction-holdout-20260906-v1-block-55-1x2-research-deploy-plan-v1-e25e8e8c-5023-4535-9671-2540fa7e48ba-outcomes.json,sha256:214a870447887b3c6cfd0cfbbf4dfcac41599bd5c5d297462a37d3077a9a710f
56,2,safety_laboratory,0,greedy,infrastructure_plan_v1,32,1,3,2,5,True,12,3,6,4,evidence/studies/simulation/20260906T220036541Z-tournament-0-19-0-b8f7d7ba3106-2038-construction-holdout-20260906-v1-block-56-1x2-infrastructure-plan-v1-90430f2c-fac2-4717-9d8c-e96689ce892c.json,sha256:8867567cc225cc3c4d21a9db33d8a6b13b152ca9b80474722d038053295a10f2,evidence/studies/simulation/20260906T220036541Z-tournament-0-19-0-b8f7d7ba3106-2038-construction-holdout-20260906-v1-block-56-1x2-infrastructure-plan-v1-90430f2c-fac2-4717-9d8c-e96689ce892c-outcomes.json,sha256:7447289a021d4b55de3bd47c5e8ae626cfcd46c1780ef7c2cdc44b2a3d0d640e
56,2,safety_laboratory,0,greedy,research_deploy_plan_v1,27,1,,0,0,False,12,4,6,4,evidence/studies/simulation/20260906T220036854Z-tournament-0-19-0-b8f7d7ba3106-2038-construction-holdout-20260906-v1-block-56-1x2-research-deploy-plan-v1-e2edd77a-59bc-4b92-84b3-212e3800499e.json,sha256:4ae5a8adb65d6175be15c3141f9d84cdc73e61af5e961e3c84c7da3f20cf40b1,evidence/studies/simulation/20260906T220036854Z-tournament-0-19-0-b8f7d7ba3106-2038-construction-holdout-20260906-v1-block-56-1x2-research-deploy-plan-v1-e2edd77a-59bc-4b92-84b3-212e3800499e-outcomes.json,sha256:4edccd260a44a85aba2c5be80fc63df7f87ff494903a1835d2adda20139b9f81
57,2,safety_laboratory,0,weighted,infrastructure_plan_v1,22,1,,0,0,False,9,3,6,4,evidence/studies/simulation/20260906T220037185Z-tournament-0-19-0-b8f7d7ba3106-2038-construction-holdout-20260906-v1-block-57-1x2-infrastructure-plan-v1-10901f45-fae8-40d4-b692-3c772008d948.json,sha256:48a21c3e80c393c37437f086c6dbbb46ec4438028baee59db29b1b47bfead9a1,evidence/studies/simulation/20260906T220037185Z-tournament-0-19-0-b8f7d7ba3106-2038-construction-holdout-20260906-v1-block-57-1x2-infrastructure-plan-v1-10901f45-fae8-40d4-b692-3c772008d948-outcomes.json,sha256:268343901bc8fa0e9b85033f6e175ad1b5a4a79d2154175aa11a6e5c638f861e
57,2,safety_laboratory,0,weighted,research_deploy_plan_v1,20,1,,0,0,False,9,3,6,4,evidence/studies/simulation/20260906T220037505Z-tournament-0-19-0-b8f7d7ba3106-2038-construction-holdout-20260906-v1-block-57-1x2-research-deploy-plan-v1-928ad61a-c031-4194-8e0c-e068eb943901.json,sha256:5d2fabb26b3389a13b89794b7f997c2a9c43e7f180178083edb1dc8b363b8b18,evidence/studies/simulation/20260906T220037505Z-tournament-0-19-0-b8f7d7ba3106-2038-construction-holdout-20260906-v1-block-57-1x2-research-deploy-plan-v1-928ad61a-c031-4194-8e0c-e068eb943901-outcomes.json,sha256:0c977dea15e6c25b084f985ed4fa7607f66becfc4b05a40660b97b267de41944
58,2,foundry,0,greedy,infrastructure_plan_v1,33,1,3,2,5,True,11,3,6,4,evidence/studies/simulation/20260906T220037828Z-tournament-0-19-0-b8f7d7ba3106-2038-construction-holdout-20260906-v1-block-58-1x2-infrastructure-plan-v1-8c53f1bd-911e-4b27-8822-c9a1b2ea28ce.json,sha256:32afde4b0aac44eb2af388bd84eb0cc72fff22d33ba32bce29544e2c5bc39315,evidence/studies/simulation/20260906T220037828Z-tournament-0-19-0-b8f7d7ba3106-2038-construction-holdout-20260906-v1-block-58-1x2-infrastructure-plan-v1-8c53f1bd-911e-4b27-8822-c9a1b2ea28ce-outcomes.json,sha256:96e1c177831f62761ef43b5914656218185e40170f321943bc519d1a9db6b9f2
58,2,foundry,0,greedy,research_deploy_plan_v1,25,1,,0,0,False,12,4,6,4,evidence/studies/simulation/20260906T220038145Z-tournament-0-19-0-b8f7d7ba3106-2038-construction-holdout-20260906-v1-block-58-1x2-research-deploy-plan-v1-a31f7965-09d7-46b2-b645-5eccb8384260.json,sha256:d1114fa1c765037d8df8737e0cfc55cf970e68393bb35e6946261dd3581fffe9,evidence/studies/simulation/20260906T220038145Z-tournament-0-19-0-b8f7d7ba3106-2038-construction-holdout-20260906-v1-block-58-1x2-research-deploy-plan-v1-a31f7965-09d7-46b2-b645-5eccb8384260-outcomes.json,sha256:ed4e810632e28997026c04bdab1c042576137248fa1b3aeddddea5b7294d233e
59,2,foundry,0,weighted,infrastructure_plan_v1,25,1,3,2,5,False,11,3,6,4,evidence/studies/simulation/20260906T220038477Z-tournament-0-19-0-b8f7d7ba3106-2038-construction-holdout-20260906-v1-block-59-1x2-infrastructure-plan-v1-5438352a-05e9-4ba9-9992-822c57ece27a.json,sha256:dd6d216d114aa511cc683d4630307263597bd5063a2405796e77ae0b8eb5340e,evidence/studies/simulation/20260906T220038477Z-tournament-0-19-0-b8f7d7ba3106-2038-construction-holdout-20260906-v1-block-59-1x2-infrastructure-plan-v1-5438352a-05e9-4ba9-9992-822c57ece27a-outcomes.json,sha256:9d9c2785bc885054a7c44bd6429ef88f351a950691221e163677757c778b85bd
59,2,foundry,0,weighted,research_deploy_plan_v1,24,1,,0,0,False,10,3,6,4,evidence/studies/simulation/20260906T220038798Z-tournament-0-19-0-b8f7d7ba3106-2038-construction-holdout-20260906-v1-block-59-1x2-research-deploy-plan-v1-01451895-7b00-479e-ae15-49f55cec96e8.json,sha256:074c1ade29ad25dad77ba2853e85aef2239dc87b5049b1a19fcc436ba13cbdd8,evidence/studies/simulation/20260906T220038798Z-tournament-0-19-0-b8f7d7ba3106-2038-construction-holdout-20260906-v1-block-59-1x2-research-deploy-plan-v1-01451895-7b00-479e-ae15-49f55cec96e8-outcomes.json,sha256:8d9a25b8e177cc9e5e4729fe56f77aa870b05399d3af2a394dd514cebc159472
60,3,coalition_lab,0,greedy,infrastructure_plan_v1,20,1,3,2,3,False,9,3,1,4,evidence/studies/simulation/20260906T220039136Z-tournament-0-19-0-b8f7d7ba3106-2038-construction-holdout-20260906-v1-block-60-1x3-infrastructure-plan-v1-740d7556-8a72-47e1-acb6-dfc19addd8bf.json,sha256:fb2c1f4d59170521b70be0e1b544f5499947bc9ae4f82f114f74d26ca12be68d,evidence/studies/simulation/20260906T220039136Z-tournament-0-19-0-b8f7d7ba3106-2038-construction-holdout-20260906-v1-block-60-1x3-infrastructure-plan-v1-740d7556-8a72-47e1-acb6-dfc19addd8bf-outcomes.json,sha256:da37eb077c55e8ed3f020fbd6c522875e241c76d30c0c8017c426194d7834839
60,3,coalition_lab,0,greedy,research_deploy_plan_v1,25,1,,0,0,False,10,4,6,4,evidence/studies/simulation/20260906T220039469Z-tournament-0-19-0-b8f7d7ba3106-2038-construction-holdout-20260906-v1-block-60-1x3-research-deploy-plan-v1-a0649798-9855-45af-9898-7c12634da88d.json,sha256:2ea46126526eea11619c6b0b4a597da358cbbf67dcc44b88e3f9b4dbe45973bf,evidence/studies/simulation/20260906T220039469Z-tournament-0-19-0-b8f7d7ba3106-2038-construction-holdout-20260906-v1-block-60-1x3-research-deploy-plan-v1-a0649798-9855-45af-9898-7c12634da88d-outcomes.json,sha256:4df9e3abd1690d3a221915b61fffef8b20217228be97accc17533313d6217376
61,3,coalition_lab,0,weighted,infrastructure_plan_v1,24,1,4,1,3,True,10,3,6,4,evidence/studies/simulation/20260906T220039814Z-tournament-0-19-0-b8f7d7ba3106-2038-construction-holdout-20260906-v1-block-61-1x3-infrastructure-plan-v1-db327c25-ccfe-425f-8cc1-388b000bb1f9.json,sha256:334e94d849c5bbdf7984ab27a68ef4c10d1a5ec1a3c2f43f7bca0536141e5761,evidence/studies/simulation/20260906T220039814Z-tournament-0-19-0-b8f7d7ba3106-2038-construction-holdout-20260906-v1-block-61-1x3-infrastructure-plan-v1-db327c25-ccfe-425f-8cc1-388b000bb1f9-outcomes.json,sha256:af9a30d231d79066a07f90e847ac100738827bde949e10f2e8ab5936b294020d
61,3,coalition_lab,0,weighted,research_deploy_plan_v1,19,0,,0,0,False,11,2,6,4,evidence/studies/simulation/20260906T220040159Z-tournament-0-19-0-b8f7d7ba3106-2038-construction-holdout-20260906-v1-block-61-1x3-research-deploy-plan-v1-3ab00998-4eb0-4b06-892f-6efe2a896d2b.json,sha256:f63ff3e0b1623cfe54de616d6ccff49a6fe453fd01c27f3142cb9837d2dd3fd2,evidence/studies/simulation/20260906T220040159Z-tournament-0-19-0-b8f7d7ba3106-2038-construction-holdout-20260906-v1-block-61-1x3-research-deploy-plan-v1-3ab00998-4eb0-4b06-892f-6efe2a896d2b-outcomes.json,sha256:d70d7e70175a10361ef14af221c78a2fa39290de94bb5452e670931c70249619
62,3,platform_empire,0,greedy,infrastructure_plan_v1,30,1,3,2,6,True,12,3,6,4,evidence/studies/simulation/20260906T220040501Z-tournament-0-19-0-b8f7d7ba3106-2038-construction-holdout-20260906-v1-block-62-1x3-infrastructure-plan-v1-d196f825-6683-4e18-b49d-f50d2612cc41.json,sha256:10cc97fd007a51c58eac3d9da66ea721f09b6e6b72e66298eb1ad778ba2de0f3,evidence/studies/simulation/20260906T220040501Z-tournament-0-19-0-b8f7d7ba3106-2038-construction-holdout-20260906-v1-block-62-1x3-infrastructure-plan-v1-d196f825-6683-4e18-b49d-f50d2612cc41-outcomes.json,sha256:9dacf5c86bb31a867774e96666a6eaeaaff126e354f82ca8b320f6ca9c4a1a13
62,3,platform_empire,0,greedy,research_deploy_plan_v1,25,1,,0,0,False,11,3,6,4,evidence/studies/simulation/20260906T220040834Z-tournament-0-19-0-b8f7d7ba3106-2038-construction-holdout-20260906-v1-block-62-1x3-research-deploy-plan-v1-13ba0821-9db9-4736-bf63-291c6938f9ac.json,sha256:a3dfd02f0c22f6128607368a511c5a8ba8a19f80dd758e1f7e999df5167567cf,evidence/studies/simulation/20260906T220040834Z-tournament-0-19-0-b8f7d7ba3106-2038-construction-holdout-20260906-v1-block-62-1x3-research-deploy-plan-v1-13ba0821-9db9-4736-bf63-291c6938f9ac-outcomes.json,sha256:db0229db0cc1121fdce48691f948bf303629aec004ac02a8240e60212efb8208
63,3,platform_empire,0,weighted,infrastructure_plan_v1,13,0,4,1,3,False,5,2,6,4,evidence/studies/simulation/20260906T220041177Z-tournament-0-19-0-b8f7d7ba3106-2038-construction-holdout-20260906-v1-block-63-1x3-infrastructure-plan-v1-cb348f0c-9831-46e7-abe8-ccc65a3a6538.json,sha256:ce7a75c0b2fa25351e2c9a88de65c9b248ae245ad203044466a4eeaf6e1502d2,evidence/studies/simulation/20260906T220041177Z-tournament-0-19-0-b8f7d7ba3106-2038-construction-holdout-20260906-v1-block-63-1x3-infrastructure-plan-v1-cb348f0c-9831-46e7-abe8-ccc65a3a6538-outcomes.json,sha256:c7262e18a47dd6f1e49dde79c26cede50dc8b5a908e0c43ee3c6167fdcb09ccc
63,3,platform_empire,0,weighted,research_deploy_plan_v1,20,1,,0,0,False,9,3,6,4,evidence/studies/simulation/20260906T220041518Z-tournament-0-19-0-b8f7d7ba3106-2038-construction-holdout-20260906-v1-block-63-1x3-research-deploy-plan-v1-94455ede-f7ff-4bd4-9b1d-b7ba453e5e16.json,sha256:500d29d51c79e3da34c4c89b5df963d6f1b8c57e956efc0617ac1a2849332c56,evidence/studies/simulation/20260906T220041518Z-tournament-0-19-0-b8f7d7ba3106-2038-construction-holdout-20260906-v1-block-63-1x3-research-deploy-plan-v1-94455ede-f7ff-4bd4-9b1d-b7ba453e5e16-outcomes.json,sha256:9e077a4a352255b09eec19e97577b5ce189ae2950dde8cd90eff7c8d7997763c
64,3,imperial_research_lab,0,greedy,infrastructure_plan_v1,28,1,3,2,3,True,9,3,6,4,evidence/studies/simulation/20260906T220041860Z-tournament-0-19-0-b8f7d7ba3106-2038-construction-holdout-20260906-v1-block-64-1x3-infrastructure-plan-v1-5a55b718-ac27-4981-8a70-bc37df8ebd3c.json,sha256:5fccfaf0bc63af18ad6ab742214efe8d5ef408f96b02bea4b0c0b63a2cc3a6d1,evidence/studies/simulation/20260906T220041860Z-tournament-0-19-0-b8f7d7ba3106-2038-construction-holdout-20260906-v1-block-64-1x3-infrastructure-plan-v1-5a55b718-ac27-4981-8a70-bc37df8ebd3c-outcomes.json,sha256:b3050e18ed196a9691b5a83746117098f2e811242514637b98bb422c1f76abc0
64,3,imperial_research_lab,0,greedy,research_deploy_plan_v1,27,1,,0,0,False,12,4,6,4,evidence/studies/simulation/20260906T220042192Z-tournament-0-19-0-b8f7d7ba3106-2038-construction-holdout-20260906-v1-block-64-1x3-research-deploy-plan-v1-51bcaf10-9a35-4a49-94d7-cebcbc5def5e.json,sha256:1f39e4119d5b979a7421647bbfd4bd58fb7b0d7a278be422ade22b4c1802f9d6,evidence/studies/simulation/20260906T220042192Z-tournament-0-19-0-b8f7d7ba3106-2038-construction-holdout-20260906-v1-block-64-1x3-research-deploy-plan-v1-51bcaf10-9a35-4a49-94d7-cebcbc5def5e-outcomes.json,sha256:7e30865d008d67120826ed57aa81928f2589fdf559cc8655af84023b7145f24d
65,3,imperial_research_lab,0,weighted,infrastructure_plan_v1,18,1,3,2,6,False,4,1,6,4,evidence/studies/simulation/20260906T220042531Z-tournament-0-19-0-b8f7d7ba3106-2038-construction-holdout-20260906-v1-block-65-1x3-infrastructure-plan-v1-d3dc64df-b6a5-4eeb-84f0-beefffd63479.json,sha256:1e17b1b7a2ffa1e8a8b62651d091ed86dda6fd5a91e351d902a6d7536a811cfd,evidence/studies/simulation/20260906T220042531Z-tournament-0-19-0-b8f7d7ba3106-2038-construction-holdout-20260906-v1-block-65-1x3-infrastructure-plan-v1-d3dc64df-b6a5-4eeb-84f0-beefffd63479-outcomes.json,sha256:5b8862ad128f068d1b7d966558af8866ceabaf8d29b821c0cd1f9f871b1e3eb0
65,3,imperial_research_lab,0,weighted,research_deploy_plan_v1,19,1,,0,0,False,8,3,6,4,evidence/studies/simulation/20260906T220042868Z-tournament-0-19-0-b8f7d7ba3106-2038-construction-holdout-20260906-v1-block-65-1x3-research-deploy-plan-v1-af2b656a-5b8e-4bdb-b639-2a800119216f.json,sha256:052498a0a50da366f469ebef62838b21869443cd47a40ce3f0e68704384cad01,evidence/studies/simulation/20260906T220042868Z-tournament-0-19-0-b8f7d7ba3106-2038-construction-holdout-20260906-v1-block-65-1x3-research-deploy-plan-v1-af2b656a-5b8e-4bdb-b639-2a800119216f-outcomes.json,sha256:ffa1e0e26fe7f0f0aed80564cb5275f1f9ccf47f3cf3969acfed1573bb59218e
66,3,vertical_empire,0,greedy,infrastructure_plan_v1,32,1,3,2,6,True,12,4,4,4,evidence/studies/simulation/20260906T220043203Z-tournament-0-19-0-b8f7d7ba3106-2038-construction-holdout-20260906-v1-block-66-1x3-infrastructure-plan-v1-841ac8b3-030e-4ac5-8067-1e94daecb2e3.json,sha256:6b146cfc250d3e9c61d12ebc1e748774e69af6998630e4c432b0ff1b548c8bf2,evidence/studies/simulation/20260906T220043203Z-tournament-0-19-0-b8f7d7ba3106-2038-construction-holdout-20260906-v1-block-66-1x3-infrastructure-plan-v1-841ac8b3-030e-4ac5-8067-1e94daecb2e3-outcomes.json,sha256:1147c393a8a839ba534c1744922f2e055b2b57b5d7f9df755f2754677ef4a8fa
66,3,vertical_empire,0,greedy,research_deploy_plan_v1,26,1,,0,0,False,12,4,6,4,evidence/studies/simulation/20260906T220043538Z-tournament-0-19-0-b8f7d7ba3106-2038-construction-holdout-20260906-v1-block-66-1x3-research-deploy-plan-v1-348932b9-4753-42a7-b4a6-dd3a5884d47c.json,sha256:d21b4d63c6d1fe63bbe2ae68a11409793c32b4959fd00734890f5137a14127a9,evidence/studies/simulation/20260906T220043538Z-tournament-0-19-0-b8f7d7ba3106-2038-construction-holdout-20260906-v1-block-66-1x3-research-deploy-plan-v1-348932b9-4753-42a7-b4a6-dd3a5884d47c-outcomes.json,sha256:9959d3784b7ab940d2eb497b4945804fbf7a65621fdc962619747fc04f3398fe
67,3,vertical_empire,0,weighted,infrastructure_plan_v1,28,1,3,2,5,True,10,4,6,4,evidence/studies/simulation/20260906T220043889Z-tournament-0-19-0-b8f7d7ba3106-2038-construction-holdout-20260906-v1-block-67-1x3-infrastructure-plan-v1-943bb56d-4bd2-4e38-9690-43b3f526c5c8.json,sha256:315854c24206da3429d068ef2ad7cca839d5967cf30d28e50ea8a81d5294257a,evidence/studies/simulation/20260906T220043889Z-tournament-0-19-0-b8f7d7ba3106-2038-construction-holdout-20260906-v1-block-67-1x3-infrastructure-plan-v1-943bb56d-4bd2-4e38-9690-43b3f526c5c8-outcomes.json,sha256:a5c30dd1c140f363e99381090096cfd7ca29fbce65430d8b78714cf911a63d2e
67,3,vertical_empire,0,weighted,research_deploy_plan_v1,22,1,,0,0,False,9,4,6,4,evidence/studies/simulation/20260906T220044234Z-tournament-0-19-0-b8f7d7ba3106-2038-construction-holdout-20260906-v1-block-67-1x3-research-deploy-plan-v1-3825fddd-9fa4-42c6-8a17-f380e86836e8.json,sha256:ca4b379d2269209b5b566b8177e919f8f9f9e7cda534d8544b839fd8d5d93d24,evidence/studies/simulation/20260906T220044234Z-tournament-0-19-0-b8f7d7ba3106-2038-construction-holdout-20260906-v1-block-67-1x3-research-deploy-plan-v1-3825fddd-9fa4-42c6-8a17-f380e86836e8-outcomes.json,sha256:91c23b2af03d0b8b148073797dd6ecad3edead117a6113c0d429079a0da5e274
68,3,safety_laboratory,0,greedy,infrastructure_plan_v1,21,1,3,2,6,False,8,3,6,4,evidence/studies/simulation/20260906T220044586Z-tournament-0-19-0-b8f7d7ba3106-2038-construction-holdout-20260906-v1-block-68-1x3-infrastructure-plan-v1-e94293a1-936e-453b-baa4-a761bfe396a1.json,sha256:0cb004c4b4aba5da81fe8a3f0b925c886d5055e6da9147e93373a4c7d730242b,evidence/studies/simulation/20260906T220044586Z-tournament-0-19-0-b8f7d7ba3106-2038-construction-holdout-20260906-v1-block-68-1x3-infrastructure-plan-v1-e94293a1-936e-453b-baa4-a761bfe396a1-outcomes.json,sha256:1c19369bea5099cb435815646f9230f0e1e0c6ad9b25222130a7088c4b6a69d7
68,3,safety_laboratory,0,greedy,research_deploy_plan_v1,23,1,,0,0,False,12,4,6,4,evidence/studies/simulation/20260906T220044918Z-tournament-0-19-0-b8f7d7ba3106-2038-construction-holdout-20260906-v1-block-68-1x3-research-deploy-plan-v1-f1fc0eb2-ea1e-4c8a-a0f1-f2b7ee9d49c9.json,sha256:a3969ffc4c2826a7e414d4a263526b0829bc3d10ab7f301d2f19aa16229fd762,evidence/studies/simulation/20260906T220044918Z-tournament-0-19-0-b8f7d7ba3106-2038-construction-holdout-20260906-v1-block-68-1x3-research-deploy-plan-v1-f1fc0eb2-ea1e-4c8a-a0f1-f2b7ee9d49c9-outcomes.json,sha256:451428648898c7fd207fbd2b81c15314802daaebdc4e13fc55545f3e4be11f0d
69,3,safety_laboratory,0,weighted,infrastructure_plan_v1,18,1,3,2,4,False,8,3,6,4,evidence/studies/simulation/20260906T220045248Z-tournament-0-19-0-b8f7d7ba3106-2038-construction-holdout-20260906-v1-block-69-1x3-infrastructure-plan-v1-56941828-841a-4616-9c9d-3f8b2d3ad965.json,sha256:d1c63c8a0702326db9914b1f2357bf31589a7ca2ef386a726fbb220258997bac,evidence/studies/simulation/20260906T220045248Z-tournament-0-19-0-b8f7d7ba3106-2038-construction-holdout-20260906-v1-block-69-1x3-infrastructure-plan-v1-56941828-841a-4616-9c9d-3f8b2d3ad965-outcomes.json,sha256:7b7f302e14ab2b9914abe5611577d95f5062928631b46592d3a5333306c8526c
69,3,safety_laboratory,0,weighted,research_deploy_plan_v1,20,1,,0,0,False,11,3,6,4,evidence/studies/simulation/20260906T220045575Z-tournament-0-19-0-b8f7d7ba3106-2038-construction-holdout-20260906-v1-block-69-1x3-research-deploy-plan-v1-ae720209-71bc-49cc-8273-e3709e55d038.json,sha256:6af7a303869327de45c428d39ae04778bd4eadaea345c060884f404f56e82a3c,evidence/studies/simulation/20260906T220045575Z-tournament-0-19-0-b8f7d7ba3106-2038-construction-holdout-20260906-v1-block-69-1x3-research-deploy-plan-v1-ae720209-71bc-49cc-8273-e3709e55d038-outcomes.json,sha256:7e0911aab52347f53efde591608709947f008c60b4bc7426bd86e383ccc65ec9
70,3,foundry,0,greedy,infrastructure_plan_v1,28,1,3,2,6,True,9,3,6,4,evidence/studies/simulation/20260906T220045912Z-tournament-0-19-0-b8f7d7ba3106-2038-construction-holdout-20260906-v1-block-70-1x3-infrastructure-plan-v1-53131132-076a-4bf8-b483-40c173741da7.json,sha256:d8e1c7b2bef36fd860c2d08f3884de0084104ea2e3d28df569ce1cb39e8d782c,evidence/studies/simulation/20260906T220045912Z-tournament-0-19-0-b8f7d7ba3106-2038-construction-holdout-20260906-v1-block-70-1x3-infrastructure-plan-v1-53131132-076a-4bf8-b483-40c173741da7-outcomes.json,sha256:f46ac9ab5e4ca1590af39cdf7e3148e43f7fdc06f301bacea3e7252a80ca95cc
70,3,foundry,0,greedy,research_deploy_plan_v1,19,0,,0,0,False,10,4,6,4,evidence/studies/simulation/20260906T220046241Z-tournament-0-19-0-b8f7d7ba3106-2038-construction-holdout-20260906-v1-block-70-1x3-research-deploy-plan-v1-13d96e70-6034-4601-9c7d-f39c454454b8.json,sha256:2d7bd17e5595cd7627fa58b3652ad01fc7970c47eee7e40d342507b188b33fbf,evidence/studies/simulation/20260906T220046241Z-tournament-0-19-0-b8f7d7ba3106-2038-construction-holdout-20260906-v1-block-70-1x3-research-deploy-plan-v1-13d96e70-6034-4601-9c7d-f39c454454b8-outcomes.json,sha256:1b68f98d1a9cbf06da62552f08709f628f2c194c283073307dbfe2a4a6a8ecae
71,3,foundry,0,weighted,infrastructure_plan_v1,27,1,3,2,4,True,10,4,6,4,evidence/studies/simulation/20260906T220046593Z-tournament-0-19-0-b8f7d7ba3106-2038-construction-holdout-20260906-v1-block-71-1x3-infrastructure-plan-v1-888866bf-175b-4110-9b7c-53091aefdb03.json,sha256:e545fd60758df33e4cb628830311fadd20f042c80c0ba2988bcad9115c56676c,evidence/studies/simulation/20260906T220046593Z-tournament-0-19-0-b8f7d7ba3106-2038-construction-holdout-20260906-v1-block-71-1x3-infrastructure-plan-v1-888866bf-175b-4110-9b7c-53091aefdb03-outcomes.json,sha256:99e7431a4da69aaab3329528272b888372c1b9558419b0e274c0c7711dcb95be
71,3,foundry,0,weighted,research_deploy_plan_v1,19,1,,0,0,False,8,4,6,4,evidence/studies/simulation/20260906T220046928Z-tournament-0-19-0-b8f7d7ba3106-2038-construction-holdout-20260906-v1-block-71-1x3-research-deploy-plan-v1-2c446bb6-adad-42e6-beee-49b88ffbf90f.json,sha256:19f75908dad6ad9ad3923a1e993b6c1f231524b9c8495a44df699eeecb4fc576,evidence/studies/simulation/20260906T220046928Z-tournament-0-19-0-b8f7d7ba3106-2038-construction-holdout-20260906-v1-block-71-1x3-research-deploy-plan-v1-2c446bb6-adad-42e6-beee-49b88ffbf90f-outcomes.json,sha256:9797017d165d8c798d0484d049dae90b07c668e8c5ac5bca7be682ad4ed90930
72,5,coalition_lab,0,greedy,infrastructure_plan_v1,14,0,3,2,3,False,4,2,0,4,evidence/studies/simulation/20260906T220047300Z-tournament-0-19-0-b8f7d7ba3106-2038-construction-holdout-20260906-v1-block-72-1x5-infrastructure-plan-v1-ec5c35ba-a34d-4f85-af67-8b2dcc520df2.json,sha256:7e5e02ea9dcca1ed510045d03e92535a9ee44c633fcda03fb1128e277ebbcc27,evidence/studies/simulation/20260906T220047300Z-tournament-0-19-0-b8f7d7ba3106-2038-construction-holdout-20260906-v1-block-72-1x5-infrastructure-plan-v1-ec5c35ba-a34d-4f85-af67-8b2dcc520df2-outcomes.json,sha256:86b902b83dd3732226fc5cf0589be9ceb6d1d14f4fd2897352ff2fb8e2231b9d
72,5,coalition_lab,0,greedy,research_deploy_plan_v1,14,0,,0,0,False,8,2,6,4,evidence/studies/simulation/20260906T220047661Z-tournament-0-19-0-b8f7d7ba3106-2038-construction-holdout-20260906-v1-block-72-1x5-research-deploy-plan-v1-e0ab4c25-c094-40d6-b9ff-7cc6e67e4c30.json,sha256:a6557dc03d420923bb2a29d6405e20ce918a2be665a9231534ee5ee87cc48e2f,evidence/studies/simulation/20260906T220047661Z-tournament-0-19-0-b8f7d7ba3106-2038-construction-holdout-20260906-v1-block-72-1x5-research-deploy-plan-v1-e0ab4c25-c094-40d6-b9ff-7cc6e67e4c30-outcomes.json,sha256:e63625abb85fdbee50b78f0604c248214094e7a332971216e665718fc3eb33af
73,5,coalition_lab,0,weighted,infrastructure_plan_v1,26,1,3,2,6,True,9,3,5,4,evidence/studies/simulation/20260906T220048049Z-tournament-0-19-0-b8f7d7ba3106-2038-construction-holdout-20260906-v1-block-73-1x5-infrastructure-plan-v1-f579e2f9-83e7-4e73-ac8b-82e9f09d936b.json,sha256:0fc829f6619060e4a6aa4bfc39cc8cb5351579248df1c6bda0366d6570f4a24c,evidence/studies/simulation/20260906T220048049Z-tournament-0-19-0-b8f7d7ba3106-2038-construction-holdout-20260906-v1-block-73-1x5-infrastructure-plan-v1-f579e2f9-83e7-4e73-ac8b-82e9f09d936b-outcomes.json,sha256:eb5c81cbde9a2491dd801e28cecafb0823c14fdfd24cb78ac1bd1388382f7faa
73,5,coalition_lab,0,weighted,research_deploy_plan_v1,22,1,,0,0,False,12,3,6,4,evidence/studies/simulation/20260906T220048421Z-tournament-0-19-0-b8f7d7ba3106-2038-construction-holdout-20260906-v1-block-73-1x5-research-deploy-plan-v1-42267149-52a5-4ad5-88e6-0182a77def22.json,sha256:ca9a83cdf3588466756497aa6ba8505959c260ce61773731e8027d3e76bfa8d2,evidence/studies/simulation/20260906T220048421Z-tournament-0-19-0-b8f7d7ba3106-2038-construction-holdout-20260906-v1-block-73-1x5-research-deploy-plan-v1-42267149-52a5-4ad5-88e6-0182a77def22-outcomes.json,sha256:bfb4ac28ae067de9d528cbe7f04b7f749b54824c822498e88d43507b03d6eac3
74,5,platform_empire,0,greedy,infrastructure_plan_v1,28,1,3,2,6,True,12,3,4,4,evidence/studies/simulation/20260906T220048794Z-tournament-0-19-0-b8f7d7ba3106-2038-construction-holdout-20260906-v1-block-74-1x5-infrastructure-plan-v1-e4d5a445-408a-4d13-b0b2-5648a29f8ebe.json,sha256:0666d8a9d9eaeff963c9cd8980bbfecab0844784c1e63c7405c76f91b78101a7,evidence/studies/simulation/20260906T220048794Z-tournament-0-19-0-b8f7d7ba3106-2038-construction-holdout-20260906-v1-block-74-1x5-infrastructure-plan-v1-e4d5a445-408a-4d13-b0b2-5648a29f8ebe-outcomes.json,sha256:f1eedc8257151355d010f18a887e3029f408d7d7729bc9e1e8899a4f650f622a
74,5,platform_empire,0,greedy,research_deploy_plan_v1,18,0,,0,0,False,10,4,4,4,evidence/studies/simulation/20260906T220049157Z-tournament-0-19-0-b8f7d7ba3106-2038-construction-holdout-20260906-v1-block-74-1x5-research-deploy-plan-v1-48d91ecd-c4ca-4034-a674-59dc391b6059.json,sha256:49770e9d0f576b96c924c3863aaf76d52368ea1aa00e689416dfae3427a04444,evidence/studies/simulation/20260906T220049157Z-tournament-0-19-0-b8f7d7ba3106-2038-construction-holdout-20260906-v1-block-74-1x5-research-deploy-plan-v1-48d91ecd-c4ca-4034-a674-59dc391b6059-outcomes.json,sha256:9bab7eed09236c9752b58862b0461eb4ddc0e3bb723df4411b4d3a5438a59c4c
75,5,platform_empire,0,weighted,infrastructure_plan_v1,16,0,3,2,4,False,8,3,2,4,evidence/studies/simulation/20260906T220049576Z-tournament-0-19-0-b8f7d7ba3106-2038-construction-holdout-20260906-v1-block-75-1x5-infrastructure-plan-v1-324eb173-d1ed-4a9c-8ffa-a4b66963e793.json,sha256:29e1a9139fdb547b8086a9ea451c43c2ae15d5cd5de5b58a6505eadded0610a7,evidence/studies/simulation/20260906T220049576Z-tournament-0-19-0-b8f7d7ba3106-2038-construction-holdout-20260906-v1-block-75-1x5-infrastructure-plan-v1-324eb173-d1ed-4a9c-8ffa-a4b66963e793-outcomes.json,sha256:e81c4fa6e744443235c9e99f80c7ba6a0966adff15fa44fa20c09f97beb9ee26
75,5,platform_empire,0,weighted,research_deploy_plan_v1,21,1,,0,0,False,9,4,6,4,evidence/studies/simulation/20260906T220049970Z-tournament-0-19-0-b8f7d7ba3106-2038-construction-holdout-20260906-v1-block-75-1x5-research-deploy-plan-v1-f0aeca6e-d8ad-428e-8308-1566948de962.json,sha256:5acb33c2105694f7bfe906cc770bfcaa6723bb22d265977a77a9a52a83a8196b,evidence/studies/simulation/20260906T220049970Z-tournament-0-19-0-b8f7d7ba3106-2038-construction-holdout-20260906-v1-block-75-1x5-research-deploy-plan-v1-f0aeca6e-d8ad-428e-8308-1566948de962-outcomes.json,sha256:75ce80055e0d2ecca8e2c898ecf849746cd08345ec48fe3181a789ef61942d63
76,5,imperial_research_lab,0,greedy,infrastructure_plan_v1,26,1,3,2,6,True,9,3,6,4,evidence/studies/simulation/20260906T220050349Z-tournament-0-19-0-b8f7d7ba3106-2038-construction-holdout-20260906-v1-block-76-1x5-infrastructure-plan-v1-61da1061-21e5-49a3-be80-a7c6bfead371.json,sha256:3ad26868d997550ff9b7c79ece6be859516ad267221f94f2ac964277e53adce1,evidence/studies/simulation/20260906T220050349Z-tournament-0-19-0-b8f7d7ba3106-2038-construction-holdout-20260906-v1-block-76-1x5-infrastructure-plan-v1-61da1061-21e5-49a3-be80-a7c6bfead371-outcomes.json,sha256:def84ae7818141fa2e6ec1990a8afe6ba51e3b07479be2f3a2d1d1794013111e
76,5,imperial_research_lab,0,greedy,research_deploy_plan_v1,25,1,,0,0,False,12,4,6,4,evidence/studies/simulation/20260906T220050706Z-tournament-0-19-0-b8f7d7ba3106-2038-construction-holdout-20260906-v1-block-76-1x5-research-deploy-plan-v1-2c5e85ec-a0bd-4351-a782-ec71d9863065.json,sha256:6076f3154ee4bb35a649590c0183ae84b06a74b87086b859390ecb2d8e63c5bc,evidence/studies/simulation/20260906T220050706Z-tournament-0-19-0-b8f7d7ba3106-2038-construction-holdout-20260906-v1-block-76-1x5-research-deploy-plan-v1-2c5e85ec-a0bd-4351-a782-ec71d9863065-outcomes.json,sha256:404a08f18adef0229fd0b2358b86da21be121938df50fbe37c10a5e3006de972
77,5,imperial_research_lab,0,weighted,infrastructure_plan_v1,21,1,3,2,4,False,10,2,0,4,evidence/studies/simulation/20260906T220051101Z-tournament-0-19-0-b8f7d7ba3106-2038-construction-holdout-20260906-v1-block-77-1x5-infrastructure-plan-v1-50e9f56b-60ef-46c9-8f03-8f4bdee9134b.json,sha256:4662773f8e1a26afdc37ffdbf55aa23ac6333db4d259c11699460853a173428e,evidence/studies/simulation/20260906T220051101Z-tournament-0-19-0-b8f7d7ba3106-2038-construction-holdout-20260906-v1-block-77-1x5-infrastructure-plan-v1-50e9f56b-60ef-46c9-8f03-8f4bdee9134b-outcomes.json,sha256:cd4f4802312de128242084f59d4f5d137ed7c48b4b67b9844a5461c6b45184ad
77,5,imperial_research_lab,0,weighted,research_deploy_plan_v1,20,1,,0,0,False,8,4,6,4,evidence/studies/simulation/20260906T220051475Z-tournament-0-19-0-b8f7d7ba3106-2038-construction-holdout-20260906-v1-block-77-1x5-research-deploy-plan-v1-bd311b12-4102-4627-9bc8-8377d021a043.json,sha256:84f1ef1cec460f18d23843d6e4bede10babec81ab9173a63f40b7e3d268bf34d,evidence/studies/simulation/20260906T220051475Z-tournament-0-19-0-b8f7d7ba3106-2038-construction-holdout-20260906-v1-block-77-1x5-research-deploy-plan-v1-bd311b12-4102-4627-9bc8-8377d021a043-outcomes.json,sha256:40135f11a1befca747fdd523f1245fd72d47ede46518abe9ce7bfe00a40d7527
78,5,vertical_empire,0,greedy,infrastructure_plan_v1,22,0,3,2,6,False,8,4,6,4,evidence/studies/simulation/20260906T220051859Z-tournament-0-19-0-b8f7d7ba3106-2038-construction-holdout-20260906-v1-block-78-1x5-infrastructure-plan-v1-30f0610b-781a-4952-b2ca-0058db0577c6.json,sha256:91cf1427a6fafb1a83b58611e4be5fa0c2ca52f5605b3f72e72d24de54f6d7cb,evidence/studies/simulation/20260906T220051859Z-tournament-0-19-0-b8f7d7ba3106-2038-construction-holdout-20260906-v1-block-78-1x5-infrastructure-plan-v1-30f0610b-781a-4952-b2ca-0058db0577c6-outcomes.json,sha256:bc6a1ba5061c3a40b63a651b74c3a8628ba9246d9a837d716133e8a954becb6b
78,5,vertical_empire,0,greedy,research_deploy_plan_v1,23,1,,0,0,False,12,4,6,4,evidence/studies/simulation/20260906T220052240Z-tournament-0-19-0-b8f7d7ba3106-2038-construction-holdout-20260906-v1-block-78-1x5-research-deploy-plan-v1-072f2758-c949-40fa-b0b5-eb6e72addc74.json,sha256:1edd67cf6683d90fee73f73a7ea00c537465469b18ef5ca435a5c02f93062cc4,evidence/studies/simulation/20260906T220052240Z-tournament-0-19-0-b8f7d7ba3106-2038-construction-holdout-20260906-v1-block-78-1x5-research-deploy-plan-v1-072f2758-c949-40fa-b0b5-eb6e72addc74-outcomes.json,sha256:17926aa937abde62090553b367838165f672ee0100b5c106f49beffe4847e19a
79,5,vertical_empire,0,weighted,infrastructure_plan_v1,23,1,4,1,3,True,9,3,6,4,evidence/studies/simulation/20260906T220052643Z-tournament-0-19-0-b8f7d7ba3106-2038-construction-holdout-20260906-v1-block-79-1x5-infrastructure-plan-v1-3ba920c9-bfde-4f19-b848-7f33c3942181.json,sha256:18f24dc5c0bc141ccdc2ef2fd5b59f9457038421c456e54b01b95c9ec410499b,evidence/studies/simulation/20260906T220052643Z-tournament-0-19-0-b8f7d7ba3106-2038-construction-holdout-20260906-v1-block-79-1x5-infrastructure-plan-v1-3ba920c9-bfde-4f19-b848-7f33c3942181-outcomes.json,sha256:653e183664713588f329b06354d11a0fd80b41f7b3c00755449c750dd6adb7d0
79,5,vertical_empire,0,weighted,research_deploy_plan_v1,19,1,,0,0,False,11,4,5,4,evidence/studies/simulation/20260906T220053030Z-tournament-0-19-0-b8f7d7ba3106-2038-construction-holdout-20260906-v1-block-79-1x5-research-deploy-plan-v1-d0fd1d60-2101-4c7b-9f5f-f5a2a5689073.json,sha256:cbf49529190a284d9cd2b05400fb52072f38fca3e420c35bb802790a65361af0,evidence/studies/simulation/20260906T220053030Z-tournament-0-19-0-b8f7d7ba3106-2038-construction-holdout-20260906-v1-block-79-1x5-research-deploy-plan-v1-d0fd1d60-2101-4c7b-9f5f-f5a2a5689073-outcomes.json,sha256:aae45492d2b469860bc358a0fe10d7d39550866fc69e90fd493ff31d9cf03d74
80,5,safety_laboratory,0,greedy,infrastructure_plan_v1,29,1,3,2,6,True,10,4,6,4,evidence/studies/simulation/20260906T220053393Z-tournament-0-19-0-b8f7d7ba3106-2038-construction-holdout-20260906-v1-block-80-1x5-infrastructure-plan-v1-264eee28-a378-4179-8429-a9504df9a834.json,sha256:5c9418d67ee6d60a11968f7ad265eed70a15f96108824d35d750a47c540d48fe,evidence/studies/simulation/20260906T220053393Z-tournament-0-19-0-b8f7d7ba3106-2038-construction-holdout-20260906-v1-block-80-1x5-infrastructure-plan-v1-264eee28-a378-4179-8429-a9504df9a834-outcomes.json,sha256:a273c6f6ed5bc229cf17f7d62e8561e76515f4797ad43e0eece09afe5fdd7dc7
80,5,safety_laboratory,0,greedy,research_deploy_plan_v1,26,1,,0,0,False,12,4,6,4,evidence/studies/simulation/20260906T220053750Z-tournament-0-19-0-b8f7d7ba3106-2038-construction-holdout-20260906-v1-block-80-1x5-research-deploy-plan-v1-8f29c111-9a71-473c-8001-06e239226ee1.json,sha256:98a8dc4cd681ae694d3c8c7566d76a466a23ceaf11c78ba38e74494d4526323a,evidence/studies/simulation/20260906T220053750Z-tournament-0-19-0-b8f7d7ba3106-2038-construction-holdout-20260906-v1-block-80-1x5-research-deploy-plan-v1-8f29c111-9a71-473c-8001-06e239226ee1-outcomes.json,sha256:9c38e5c6dcb78c38a02dd435096e3520d7398c6cb3d149f6b9d5ac62e3a257a0
81,5,safety_laboratory,0,weighted,infrastructure_plan_v1,17,0,4,1,3,False,8,3,6,4,evidence/studies/simulation/20260906T220054145Z-tournament-0-19-0-b8f7d7ba3106-2038-construction-holdout-20260906-v1-block-81-1x5-infrastructure-plan-v1-ca099794-2546-4ef3-9c7b-70ceff706110.json,sha256:02a4a16742bf240c951793bb0c3aa30353481c7ead32eacd0798f308d0d72de1,evidence/studies/simulation/20260906T220054145Z-tournament-0-19-0-b8f7d7ba3106-2038-construction-holdout-20260906-v1-block-81-1x5-infrastructure-plan-v1-ca099794-2546-4ef3-9c7b-70ceff706110-outcomes.json,sha256:69850b152b66c2c3cd6db21d632dab14923695ee070e51286756c54e000f9329
81,5,safety_laboratory,0,weighted,research_deploy_plan_v1,20,1,,0,0,False,9,4,6,4,evidence/studies/simulation/20260906T220054529Z-tournament-0-19-0-b8f7d7ba3106-2038-construction-holdout-20260906-v1-block-81-1x5-research-deploy-plan-v1-b3c2d84a-8f0d-465d-9ff5-e57dd9e55b54.json,sha256:f4dc552d78397f63391a6c8e0211586ba3f6ffe2c587ad204f75e149fa51ee36,evidence/studies/simulation/20260906T220054529Z-tournament-0-19-0-b8f7d7ba3106-2038-construction-holdout-20260906-v1-block-81-1x5-research-deploy-plan-v1-b3c2d84a-8f0d-465d-9ff5-e57dd9e55b54-outcomes.json,sha256:cd256e310d135325419db54480c669b1ecb9411603ea3fc0e66b5dc5c9d5e79b
82,5,foundry,0,greedy,infrastructure_plan_v1,34,1,3,2,4,True,12,4,6,4,evidence/studies/simulation/20260906T220054896Z-tournament-0-19-0-b8f7d7ba3106-2038-construction-holdout-20260906-v1-block-82-1x5-infrastructure-plan-v1-01937fbb-0912-4dcc-886e-c3b87f9f47eb.json,sha256:f34dc71b2abfca616e49a18d7c82276e3521095154e7fb8741856ec1ebe728f5,evidence/studies/simulation/20260906T220054896Z-tournament-0-19-0-b8f7d7ba3106-2038-construction-holdout-20260906-v1-block-82-1x5-infrastructure-plan-v1-01937fbb-0912-4dcc-886e-c3b87f9f47eb-outcomes.json,sha256:befd1bb2a038b2b92c9574bcf2d1f1067a30bea1c0255acb9c7c67d0316e7c30
82,5,foundry,0,greedy,research_deploy_plan_v1,27,1,,0,0,False,12,4,6,4,evidence/studies/simulation/20260906T220055251Z-tournament-0-19-0-b8f7d7ba3106-2038-construction-holdout-20260906-v1-block-82-1x5-research-deploy-plan-v1-19acd0d1-5405-42b6-8a7a-04df48b16d2f.json,sha256:0f6f45457f18791f7733b703413b5d463cb0bc19b7c7e35cad9f8b00ec9afe32,evidence/studies/simulation/20260906T220055251Z-tournament-0-19-0-b8f7d7ba3106-2038-construction-holdout-20260906-v1-block-82-1x5-research-deploy-plan-v1-19acd0d1-5405-42b6-8a7a-04df48b16d2f-outcomes.json,sha256:38df201750e22c5dc7ce529cea92965fd57831f7f9cb0b571d8b36436975baef
83,5,foundry,0,weighted,infrastructure_plan_v1,25,1,3,2,6,True,10,1,4,4,evidence/studies/simulation/20260906T220055644Z-tournament-0-19-0-b8f7d7ba3106-2038-construction-holdout-20260906-v1-block-83-1x5-infrastructure-plan-v1-abcfdb0a-1610-41f1-9a6d-17cdaec7139a.json,sha256:df1e8459fac1e22c33fc71e03e907064c8e959b22a55deac6e02c0aa9eef3556,evidence/studies/simulation/20260906T220055644Z-tournament-0-19-0-b8f7d7ba3106-2038-construction-holdout-20260906-v1-block-83-1x5-infrastructure-plan-v1-abcfdb0a-1610-41f1-9a6d-17cdaec7139a-outcomes.json,sha256:52ffc46620be459e958e4e07229c34309923ef8ae9b5a262323f5d40d9ba5e01
83,5,foundry,0,weighted,research_deploy_plan_v1,18,0,,0,0,False,10,3,6,4,evidence/studies/simulation/20260906T220056020Z-tournament-0-19-0-b8f7d7ba3106-2038-construction-holdout-20260906-v1-block-83-1x5-research-deploy-plan-v1-6083e977-82de-485b-a2a7-17070598d574.json,sha256:18f89c4709966dd5a5ae51b9a51ce30f3a48e326cca8887fd7b3ceb903d7edeb,evidence/studies/simulation/20260906T220056020Z-tournament-0-19-0-b8f7d7ba3106-2038-construction-holdout-20260906-v1-block-83-1x5-research-deploy-plan-v1-6083e977-82de-485b-a2a7-17070598d574-outcomes.json,sha256:b56133a0006a64d3252dd7b3af8effb9f5bda24f9fba69bee6d1b1ec8a3321e3
