0.00 0
0.01 16
0.02 31
0.03 44
0.04 53
0.05 66
0.06 75
0.07 77
0.08 80
0.10 83
0.11 93
0.12 103
0.13 109
0.14 115
0.15 122
0.16 130
0.17 137
0.18 144
0.19 152
0.20 156
0.21 163
0.22 166
0.23 168
0.24 169
0.25 173
0.26 174
0.28 177
0.29 179
0.30 179
0.31 182
0.32 182
0.33 183
0.34 183
0.35 185
0.36 185
0.37 187
0.38 188
0.39 188
0.40 190
0.41 190
0.42 191
0.43 191
0.44 193
0.45 193
0.47 194
0.48 194
0.49 196
0.50 196
0.51 197
0.52 197
0.53 198
0.54 198
0.55 198
0.56 200
0.57 203
0.58 203
0.59 204
0.60 209
0.61 212
0.62 218
0.63 222
0.65 223
0.66 230
0.67 235
0.68 244
0.69 247
0.70 251
0.71 258
0.72 261
0.73 264
0.74 269
0.75 278
0.76 282
0.77 284
0.78 288
0.79 290
0.80 292
0.81 294
0.83 298
0.84 302
0.85 306
0.86 306
0.87 310
0.88 312
0.89 314
0.90 318
0.91 324
0.92 336
0.93 340
0.94 342
0.95 347
0.96 348
0.97 349
0.98 349
0.99 353
1.01 355
1.02 355
1.03 357
1.04 358
1.05 361
1.06 361
1.07 361
1.08 362
1.09 362
1.10 362
1.11 362
1.12 366
1.13 368
1.14 368
1.15 368
1.16 371
1.17 371
1.19 371
1.20 371
1.21 376
1.22 378
1.23 378
1.24 382
1.25 384
1.26 389
1.27 389
1.28 393
1.29 398
1.30 399
1.31 401
1.32 403
1.33 403
1.34 407
1.35 407
1.36 407
1.38 412
1.39 413
1.40 413
1.41 415
1.42 415
1.43 421
1.44 422
1.45 422
1.46 427
1.47 429
1.48 430
1.49 430
1.50 434
1.51 434
1.52 434
1.53 436
1.54 436
1.56 436
1.57 437
1.58 439
1.59 439
1.60 440
1.61 442
1.62 446
1.63 446
1.64 451
1.65 451
1.66 453
1.67 454
1.68 455
1.69 455
1.70 460
1.71 460
1.72 460
1.74 463
1.75 464
1.76 465
1.77 469
1.78 471
1.79 475
1.80 475
1.81 481
1.82 484
1.83 487
1.84 488
1.85 488
1.86 495
1.87 503
1.88 503
1.89 507
1.90 512
1.92 519
1.93 528
1.94 535
1.95 541
1.96 547
1.97 555
1.98 556
1.99 560
2.00 569
2.01 576
2.02 582
2.03 586
2.04 595
2.05 603
2.06 607
2.07 617
2.08 624
2.10 633
2.11 641
2.12 646
2.13 653
2.14 658
2.15 663
2.16 669
2.17 675
2.18 680
2.19 685
2.20 693
2.21 696
2.22 702
2.23 706
2.24 716
2.25 719
2.26 720
2.27 722
2.29 724
2.30 725
2.31 725
2.32 725
2.33 728
2.34 737
2.35 741
2.36 746
2.37 752
2.38 757
2.39 761
2.40 767
2.41 771
2.42 778
2.43 783
2.44 789
2.45 791
2.47 797
2.48 800
2.49 807
2.50 810
2.51 814
2.52 820
2.53 827
2.54 830
2.55 836
2.56 843
2.57 848
2.58 854
2.59 859
2.60 864
2.61 869
2.62 876
2.63 880
2.65 886
2.66 891
2.67 896
2.68 900
2.69 906
2.70 912
2.71 917
2.72 924
2.73 929
2.74 932
2.75 939
2.76 945
2.77 950
2.78 956
2.79 961
2.80 964
2.81 965
2.83 969
2.84 975
2.85 979
2.86 984
2.87 988
2.88 993
2.89 1002
2.90 1008
2.91 1015
2.92 1021
2.93 1023
2.94 1024
2.95 1030
2.96 1033
2.97 1040
2.98 1048
2.99 1052
3.01 1055
3.02 1056
3.03 1062
3.04 1068
3.05 1072
3.06 1077
3.07 1082
3.08 1087
3.09 1093
3.10 1097
3.11 1098
3.12 1102
3.13 1108
3.14 1113
3.15 1117
3.16 1125
3.17 1130
3.18 1134
3.20 1142
3.21 1149
3.22 1154
3.23 1156
3.24 1157
3.25 1159
3.26 1162
3.27 1167
3.28 1171
3.29 1175
3.30 1176
3.31 1183
3.32 1189
3.33 1194
3.34 1198
3.35 1203
3.36 1206
3.38 1212
3.39 1214
3.40 1215
3.41 1221
3.42 1229
3.43 1235
3.44 1238
3.45 1244
3.46 1250
3.47 1254
3.48 1259
3.49 1262
3.50 1267
3.51 1275
3.52 1280
3.53 1282
3.54 1289
3.56 1292
3.57 1297
3.58 1301
3.59 1307
3.60 1311
3.61 1316
3.62 1320
3.63 1324
3.64 1330
3.65 1334
3.66 1341
3.67 1347
3.68 1357
3.69 1361
3.70 1363
3.71 1365
3.72 1367
3.74 1371
3.75 1373
3.76 1379
3.77 1385
3.78 1388
3.79 1389
3.80 1398
3.81 1401
3.82 1403
3.83 1410
3.84 1412
3.85 1416
3.86 1419
3.87 1420
3.88 1425
3.89 1432
3.90 1436
3.92 1438
3.93 1440
3.94 1445
3.95 1449
3.96 1454
3.97 1461
3.98 1468
3.99 1471
4.00 1474
4.01 1474
4.02 1481
4.03 1490
4.04 1497
4.05 1501
4.06 1506
4.07 1512
4.08 1518
4.09 1523
4.11 1527
4.12 1533
4.13 1540
4.14 1548
4.15 1551
4.16 1558
4.17 1562
4.18 1566
4.19 1571
4.20 1576
4.21 1579
4.22 1586
4.23 1590
4.24 1596
4.25 1597
4.26 1600
4.27 1605
4.29 1610
4.30 1618
4.31 1626
4.32 1635
4.33 1639
4.34 1641
4.35 1644
4.36 1648
4.37 1652
4.38 1656
4.39 1659
4.40 1664
4.41 1667
4.42 1672
4.43 1678
4.44 1682
4.45 1689
4.47 1692
4.48 1697
4.49 1703
4.50 1707
4.51 1709
4.52 1716
4.53 1719
4.54 1725
4.55 1729
4.56 1734
4.57 1737
4.58 1740
4.59 1743
4.60 1746
4.61 1750
4.62 1754
4.63 1759
4.65 1762
4.66 1764
4.67 1770
4.68 1774
4.69 1778
4.70 1783
4.71 1786
4.72 1794
4.73 1800
4.74 1805
4.75 1808
4.76 1816
4.77 1824
4.78 1828
4.79 1831
4.80 1834
4.81 1836
4.83 1841
4.84 1847
4.85 1853
4.86 1859
4.87 1862
4.88 1863
4.89 1865
4.90 1867
4.91 1873
4.92 1880
4.93 1885
4.94 1892
4.95 1897
4.96 1900
4.97 1905
4.98 1913
4.99 1919
5.00 1923
5.02 1930
5.03 1936
5.04 1942
5.05 1947
5.06 1952
5.07 1957
5.08 1965
5.09 1971
5.10 1976
5.11 1979
5.12 1983
5.13 1989
5.14 1994
5.15 1998
5.16 2001
5.17 2006
5.18 2009
5.20 2015
5.21 2018
5.22 2023
5.23 2024
5.24 2029
5.25 2035
5.26 2036
5.27 2038
5.28 2043
5.29 2047
5.30 2053
5.31 2058
5.32 2064
5.33 2069
5.34 2072
5.35 2078
5.36 2085
5.38 2090
5.39 2095
5.40 2100
5.41 2104
5.42 2110
5.43 2117
5.44 2122
5.45 2128
5.46 2136
5.47 2140
5.48 2147
5.49 2153
5.50 2155
5.51 2160
5.52 2165
5.53 2170
5.54 2176
5.56 2179
5.57 2182
5.58 2187
5.59 2192
5.60 2196
5.61 2203
5.62 2208
5.63 2213
5.64 2217
5.65 2220
5.66 2221
5.67 2222
5.68 2223
5.69 2226
5.70 2231
5.71 2237
5.72 2242
5.74 2248
5.75 2252
5.76 2259
5.77 2264
5.78 2268
5.79 2272
5.80 2276
5.81 2284
5.82 2289
5.83 2292
5.84 2295
5.85 2302
5.86 2305
5.87 2309
5.88 2312
5.89 2319
5.90 2324
5.91 2328
5.93 2330
5.94 2333
5.95 2338
5.96 2344
5.97 2347
5.98 2354
5.99 2359
6.00 2361
6.01 2367
6.02 2370
6.03 2374
6.04 2377
6.05 2381
6.06 2384
6.07 2388
6.08 2391
6.09 2395
6.11 2399
6.12 2404
6.13 2408
6.14 2414
6.15 2417
6.16 2423
6.17 2427
6.18 2430
6.19 2435
6.20 2441
6.21 2443
6.22 2447
6.23 2451
6.24 2456
6.25 2459
6.26 2465
6.27 2470
6.29 2473
6.30 2477
6.31 2482
6.32 2486
6.33 2490
6.34 2492
6.35 2494
6.36 2494
6.37 2497
6.38 2502
6.39 2506
6.40 2511
6.41 2516
6.42 2520
6.43 2526
6.44 2531
6.45 2536
6.47 2540
6.48 2547
6.49 2550
6.50 2555
6.51 2563
6.52 2568
6.53 2572
6.54 2576
6.55 2581
6.56 2586
6.57 2589
6.58 2593
6.59 2598
6.60 2603
6.61 2607
6.62 2611
6.63 2612
6.65 2620
6.66 2623
6.67 2626
6.68 2632
6.69 2637
6.70 2640
6.71 2641
6.72 2645
6.73 2651
6.74 2657
6.75 2664
6.76 2671
6.77 2678
6.78 2683
6.79 2686
6.80 2690
6.81 2697
6.82 2702
6.84 2706
6.85 2712
6.86 2716
6.87 2722
6.88 2725
6.89 2729
6.90 2733
6.91 2736
6.92 2741
6.93 2746
6.94 2752
6.95 2757
6.96 2763
6.97 2770
6.98 2775
6.99 2780
7.00 2784
7.02 2790
7.03 2793
7.04 2797
7.05 2803
7.06 2809
7.07 2814
7.08 2819
7.09 2822
7.10 2823
7.11 2826
7.12 2831
7.13 2837
7.14 2842
7.15 2845
7.16 2846
7.17 2854
7.18 2859
7.20 2865
7.21 2866
7.22 2870
7.23 2874
7.24 2880
7.25 2883
7.26 2887
7.27 2891
7.28 2894
7.29 2899
7.30 2906
7.31 2915
7.32 2919
7.33 2922
7.34 2926
7.35 2926
7.36 2930
7.38 2934
7.39 2938
7.40 2942
7.41 2945
7.42 2950
7.43 2954
7.44 2959
7.45 2963
7.46 2970
7.47 2977
7.48 2985
7.49 2991
7.50 2996
7.51 3001
7.52 3005
7.53 3006
7.54 3011
7.56 3019
7.57 3022
7.58 3025
7.59 3028
7.60 3037
7.61 3044
7.62 3052
7.63 3058
7.64 3065
7.65 3069
7.66 3072
7.67 3074
7.68 3077
7.69 3080
7.70 3083
7.71 3088
7.72 3094
7.73 3098
7.75 3103
7.76 3107
7.77 3114
7.78 3120
7.79 3123
7.80 3127
7.81 3133
7.82 3138
7.83 3143
7.84 3150
7.85 3156
7.86 3163
7.87 3163
7.88 3168
7.89 3172
7.90 3177
7.91 3184
7.93 3189
7.94 3193
7.95 3200
7.96 3205
7.97 3211
7.98 3218
7.99 3224
8.00 3229
8.01 3234
8.02 3238
8.03 3243
8.04 3245
8.05 3253
8.06 3259
8.07 3265
8.08 3275
8.09 3279
8.11 3283
8.12 3285
8.13 3286
8.14 3293
8.15 3298
8.16 3303
8.17 3306
8.18 3311
8.19 3313
8.20 3316
8.21 3321
8.22 3326
8.23 3332
8.24 3336
8.25 3338
8.26 3343
8.27 3350
8.29 3355
8.30 3359
8.31 3365
8.32 3369
8.33 3373
8.34 3377
8.35 3381
8.36 3384
8.37 3388
8.38 3389
8.39 3394
8.40 3400
8.41 3407
8.42 3412
8.43 3416
8.44 3421
8.45 3429
8.47 3436
8.48 3445
8.49 3450
8.50 3453
8.51 3458
8.52 3463
8.53 3465
8.54 3471
8.55 3476
8.56 3480
8.57 3486
8.58 3491
8.59 3496
8.60 3500
8.61 3504
8.62 3508
8.63 3517
8.64 3521
8.66 3527
8.67 3531
8.68 3536
8.69 3541
8.70 3543
8.71 3547
8.72 3550
8.73 3555
8.74 3558
8.75 3563
8.76 3568
8.77 3572
8.78 3577
8.79 3580
8.80 3585
8.81 3588
8.82 3591
8.84 3594
8.85 3597
8.86 3602
8.87 3610
8.88 3613
8.89 3617
8.90 3623
8.91 3627
8.92 3630
8.93 3633
8.94 3638
8.95 3644
8.96 3649
8.97 3656
8.98 3662
8.99 3668
9.00 3671
9.02 3679
9.03 3684
9.04 3687
9.05 3692
9.06 3695
9.07 3697
9.08 3702
9.09 3705
9.10 3711
9.11 3714
9.12 3720
9.13 3724
9.14 3726
9.15 3729
9.16 3735
9.17 3740
9.18 3743
9.20 3746
9.21 3748
9.22 3751
9.23 3756
9.24 3758
9.25 3763
9.26 3767
9.27 3771
9.28 3777
9.29 3781
9.30 3785
9.31 3789
9.32 3795
9.33 3802
9.34 3806
9.35 3811
9.36 3820
9.38 3827
9.39 3830
9.40 3835
9.41 3842
9.42 3849
9.43 3856
9.44 3861
9.45 3867
9.46 3874
9.47 3877
9.48 3880
9.49 3884
9.50 3889
9.51 3895
9.52 3898
9.53 3901
9.54 3904
9.55 3905
9.57 3910
9.58 3914
9.59 3919
9.60 3920
9.61 3922
9.62 3926
9.63 3928
9.64 3932
9.65 3937
9.66 3940
9.67 3943
9.68 3949
9.69 3954
9.70 3959
9.71 3963
9.72 3970
9.73 3975
9.75 3979
9.76 3982
9.77 3986
9.78 3988
9.79 3991
9.80 3994
9.81 4000
9.82 4005
9.83 4009
9.84 4014
9.85 4017
9.86 4020
9.87 4020
9.88 4023
9.89 4026
9.90 4033
9.91 4036
9.93 4041
9.94 4047
9.95 4052
9.96 4054
9.97 4059
9.98 4061
9.99 4066
10.00 4070
10.01 4075
10.02 4079
10.03 4083
10.04 4087
10.05 4093
10.06 4098
10.07 4105
10.08 4108
10.09 4114
10.11 4118
10.12 4125
10.13 4130
10.14 4132
10.15 4137
10.16 4142
10.17 4146
10.18 4148
10.19 4150
10.20 4151
10.21 4155
10.22 4159
10.23 4163
10.24 4168
10.25 4172
10.26 4177
10.27 4182
10.29 4186
10.30 4190
10.31 4195
10.32 4198
10.33 4203
10.34 4208
10.35 4213
10.36 4217
10.37 4220
10.38 4222
10.39 4227
10.40 4232
10.41 4240
10.42 4244
10.43 4250
10.44 4254
10.45 4256
10.46 4260
10.48 4267
10.49 4271
10.50 4274
10.51 4281
10.52 4284
10.53 4288
10.54 4293
10.55 4299
10.56 4302
10.57 4309
10.58 4311
10.59 4315
10.60 4318
10.61 4323
10.62 4327
10.63 4335
10.64 4340
10.66 4344
10.67 4347
10.68 4352
10.69 4356
10.70 4359
10.71 4365
10.72 4368
10.73 4372
10.74 4376
10.75 4383
10.76 4389
10.77 4391
10.78 4395
10.79 4401
10.80 4405
10.81 4411
10.82 4416
10.84 4420
10.85 4423
10.86 4427
10.87 4430
10.88 4435
10.89 4439
10.90 4444
10.91 4452
10.92 4456
10.93 4461
10.94 4465
10.95 4467
10.96 4471
10.97 4473
10.98 4479
10.99 4482
11.00 4485
11.02 4490
11.03 4493
11.04 4496
11.05 4497
11.06 4501
11.07 4506
11.08 4510
11.09 4514
11.10 4518
11.11 4521
11.12 4526
11.13 4533
11.14 4537
11.15 4539
11.16 4545
11.17 4550
11.18 4552
11.20 4556
11.21 4561
11.22 4568
11.23 4574
11.24 4580
11.25 4584
11.26 4592
11.27 4598
11.28 4602
11.29 4608
11.30 4612
11.31 4616
11.32 4622
11.33 4625
11.34 4628
11.35 4633
11.36 4638
11.37 4642
11.39 4646
11.40 4652
11.41 4656
11.42 4660
11.43 4668
11.44 4676
11.45 4685
11.46 4691
11.47 4696
11.48 4699
11.49 4704
11.50 4710
11.51 4715
11.52 4722
11.53 4725
11.54 4727
11.55 4734
11.57 4739
11.58 4743
11.59 4747
11.60 4750
11.61 4754
11.62 4760
11.63 4765
11.64 4771
11.65 4777
11.66 4782
11.67 4787
11.68 4791
11.69 4794
11.70 4801
11.71 4806
11.72 4810
11.73 4814
11.75 4819
11.76 4823
11.77 4830
11.78 4835
11.79 4840
11.80 4846
11.81 4854
11.82 4859
11.83 4862
11.84 4866
11.85 4870
11.86 4871
11.87 4877
11.88 4882
11.89 4885
11.90 4888
11.91 4892
11.93 4898
11.94 4903
11.95 4908
11.96 4911
11.97 4915
11.98 4918
11.99 4923
12.00 4926
12.01 4927
12.02 4931
12.03 4935
12.04 4938
12.05 4940
12.06 4943
12.07 4945
12.08 4946
12.09 4949
12.11 4954
12.12 4959
12.13 4967
12.14 4972
12.15 4978
12.16 4984
12.17 4989
12.18 4993
12.19 4996
12.20 4998
12.21 5001
12.22 5007
12.23 5013
12.24 5017
12.25 5021
12.26 5026
12.27 5032
12.28 5036
12.30 5039
12.31 5043
12.32 5049
12.33 5055
12.34 5060
12.35 5065
12.36 5066
12.37 5068
12.38 5073
12.39 5078
12.40 5084
12.41 5088
12.42 5092
12.43 5098
12.44 5105
12.45 5109
12.46 5114
12.48 5119
12.49 5124
12.50 5127
12.51 5133
12.52 5140
12.53 5144
12.54 5151
12.55 5158
12.56 5162
12.57 5168
12.58 5175
12.59 5179
12.60 5186
12.61 5191
12.62 5200
12.63 5203
12.64 5208
12.66 5215
12.67 5222
12.68 5229
12.69 5234
12.70 5240
12.71 5247
12.72 5254
12.73 5260
12.74 5263
12.75 5266
12.76 5270
12.77 5276
12.78 5279
12.79 5282
12.80 5290
12.81 5294
12.82 5299
12.84 5306
12.85 5310
12.86 5313
12.87 5320
12.88 5324
12.89 5327
12.90 5330
12.91 5334
12.92 5337
12.93 5340
12.94 5346
12.95 5350
12.96 5353
12.97 5358
12.98 5362
12.99 5369
13.00 5374
13.02 5377
13.03 5383
13.04 5385
13.05 5389
13.06 5392
13.07 5396
13.08 5399
13.09 5404
13.10 5409
13.11 5412
13.12 5416
13.13 5421
13.14 5427
13.15 5432
13.16 5434
13.17 5440
13.18 5445
13.19 5449
13.21 5452
13.22 5455
13.23 5459
13.24 5463
13.25 5468
13.26 5472
13.27 5479
13.28 5483
13.29 5488
13.30 5492
13.31 5495
13.32 5498
13.33 5501
13.34 5507
13.35 5510
13.36 5516
13.37 5522
13.39 5526
13.40 5533
13.41 5538
13.42 5544
13.43 5547
13.44 5552
13.45 5555
13.46 5559
13.47 5563
13.48 5564
13.49 5569
13.50 5574
13.51 5579
13.52 5584
13.53 5590
13.54 5592
13.55 5597
13.57 5599
13.58 5602
13.59 5606
13.60 5611
13.61 5615
13.62 5621
13.63 5625
13.64 5631
13.65 5635
13.66 5641
13.67 5647
13.68 5651
13.69 5656
13.70 5662
13.71 5666
13.72 5674
13.73 5678
13.75 5682
13.76 5689
13.77 5692
13.78 5695
13.79 5699
13.80 5702
13.81 5707
13.82 5710
13.83 5715
13.84 5718
13.85 5721
13.86 5725
13.87 5734
13.88 5738
13.89 5743
13.90 5746
13.91 5751
13.93 5758
13.94 5764
13.95 5769
13.96 5774
13.97 5778
13.98 5784
13.99 5785
14.00 5788
14.01 5790
14.02 5794
14.03 5795
14.04 5799
14.05 5800
14.06 5804
14.07 5810
14.08 5814
14.09 5818
14.10 5822
14.12 5824
14.13 5828
14.14 5831
14.15 5834
14.16 5837
14.17 5839
14.18 5843
14.19 5850
14.20 5854
14.21 5859
14.22 5861
14.23 5868
14.24 5871
14.25 5875
14.26 5882
14.27 5888
14.28 5893
14.30 5899
14.31 5904
14.32 5908
14.33 5913
14.34 5916
14.35 5919
14.36 5924
14.37 5926
14.38 5932
14.39 5937
14.40 5942
14.41 5948
14.42 5953
14.43 5955
14.44 5960
14.45 5965
14.46 5969
14.48 5971
14.49 5973
14.50 5980
14.51 5988
14.52 5993
14.53 5997
14.54 6002
14.55 6008
14.56 6015
14.57 6021
14.58 6025
14.59 6028
14.60 6032
14.61 6033
14.62 6037
14.63 6040
14.64 6041
14.66 6044
14.67 6048
14.68 6055
14.69 6059
14.70 6063
14.71 6070
14.72 6076
14.73 6085
14.74 6090
14.75 6096
14.76 6099
14.77 6103
14.78 6107
14.79 6114
14.80 6118
14.81 6123
14.82 6130
14.83 6136
14.85 6143
14.86 6148
14.87 6153
14.88 6159
14.89 6163
14.90 6167
14.91 6169
14.92 6171
14.93 6175
14.94 6178
14.95 6182
14.96 6186
14.97 6189
14.98 6190
14.99 6192
15.00 6200
15.01 6203
15.03 6205
15.04 6210
15.05 6214
15.06 6219
15.07 6220
15.08 6223
15.09 6227
15.10 6231
15.11 6237
15.12 6239
15.13 6242
15.14 6245
15.15 6253
15.16 6257
15.17 6263
15.18 6269
15.19 6273
15.21 6276
15.22 6281
15.23 6285
15.24 6288
15.25 6294
15.26 6299
15.27 6302
15.28 6306
15.29 6311
15.30 6316
15.31 6320
15.32 6324
15.33 6328
15.34 6334
15.35 6339
15.36 6344
15.37 6348
15.39 6352
15.40 6356
15.41 6360
15.42 6366
15.43 6369
15.44 6374
15.45 6379
15.46 6383
15.47 6391
15.48 6396
15.49 6402
15.50 6407
15.51 6408
15.52 6412
15.53 6417
15.54 6421
15.55 6425
15.57 6429
15.58 6435
15.59 6439
15.60 6445
15.61 6449
15.62 6454
15.63 6458
15.64 6463
15.65 6470
15.66 6473
15.67 6479
15.68 6481
15.69 6485
15.70 6489
15.71 6493
15.72 6499
15.73 6503
15.74 6507
15.76 6512
15.77 6518
15.78 6522
15.79 6526
15.80 6532
15.81 6538
15.82 6543
15.83 6550
15.84 6553
15.85 6558
15.86 6562
15.87 6567
15.88 6570
15.89 6576
15.90 6580
15.91 6587
15.92 6594
15.94 6600
15.95 6605
15.96 6608
15.97 6612
15.98 6619
15.99 6624
16.00 6628
16.01 6633
16.02 6635
16.03 6638
16.04 6641
16.05 6646
16.06 6654
16.07 6655
16.08 6659
16.09 6662
16.10 6663
16.12 6667
16.13 6674
16.14 6677
16.15 6681
16.16 6684
16.17 6687
16.18 6689
16.19 6694
16.20 6698
16.21 6703
16.22 6709
16.23 6712
16.24 6716
16.25 6722
16.26 6725
16.27 6730
16.28 6733
16.30 6736
16.31 6741
16.32 6745
16.33 6749
16.34 6751
16.35 6755
16.36 6760
16.37 6766
16.38 6770
16.39 6774
16.40 6779
16.41 6783
16.42 6787
16.43 6795
16.44 6801
16.45 6808
16.46 6809
16.48 6810
16.49 6815
16.50 6820
16.51 6825
16.52 6831
16.53 6834
16.54 6835
16.55 6840
16.56 6843
16.57 6846
16.58 6848
16.59 6850
16.60 6852
16.61 6858
16.62 6863
16.63 6868
16.64 6873
16.65 6879
16.67 6887
16.68 6893
16.69 6898
16.70 6902
16.71 6909
16.72 6913
16.73 6918
16.74 6922
16.75 6927
16.76 6930
16.77 6933
16.78 6937
16.79 6943
16.80 6948
16.81 6952
16.82 6953
16.83 6959
16.85 6961
16.86 6963
16.87 6970
16.88 6975
16.89 6979
16.90 6984
16.91 6989
16.92 6996
16.93 7000
16.94 7006
16.95 7008
16.96 7013
16.97 7014
16.98 7020
16.99 7025
17.00 7030
17.01 7036
17.03 7039
17.04 7041
17.05 7046
17.06 7049
17.07 7053
17.08 7059
17.09 7064
17.10 7068
17.11 7074
17.12 7077
17.13 7083
17.14 7087
17.15 7095
17.16 7100
17.17 7105
17.18 7111
17.19 7118
17.21 7123
17.22 7128
17.23 7132
17.24 7137
17.25 7144
17.26 7149
17.27 7152
17.28 7156
17.29 7161
17.30 7164
17.31 7170
17.32 7176
17.33 7184
17.34 7189
17.35 7194
17.36 7197
17.37 7200
17.39 7207
17.40 7211
17.41 7213
17.42 7217
17.43 7224
17.44 7229
17.45 7232
17.46 7239
17.47 7243
17.48 7248
17.49 7252
17.50 7255
17.51 7260
17.52 7262
17.53 7266
17.54 7271
17.55 7277
17.56 7282
17.58 7286
17.59 7291
17.60 7300
17.61 7304
17.62 7308
17.63 7311
17.64 7317
17.65 7322
17.66 7326
17.67 7330
17.68 7333
17.69 7337
17.70 7343
17.71 7347
17.72 7353
17.73 7360
17.74 7365
17.76 7370
17.77 7372
17.78 7376
17.79 7380
17.80 7387
17.81 7392
17.82 7396
17.83 7401
17.84 7406
17.85 7409
17.86 7413
17.87 7415
17.88 7419
17.89 7425
17.90 7430
17.91 7433
17.92 7435
17.94 7441
17.95 7445
17.96 7448
17.97 7452
17.98 7456
17.99 7459
18.00 7463
18.01 7469
18.02 7474
18.03 7479
18.04 7481
18.05 7486
18.06 7488
18.07 7493
18.08 7496
18.09 7503
18.10 7506
18.12 7510
18.13 7514
18.14 7520
18.15 7523
18.16 7530
18.17 7536
18.18 7543
18.19 7551
18.20 7556
18.21 7560
18.22 7564
18.23 7570
18.24 7574
18.25 7579
18.26 7583
18.27 7587
18.28 7592
18.30 7598
18.31 7603
18.32 7610
18.33 7617
18.34 7623
18.35 7627
18.36 7633
18.37 7637
18.38 7640
18.39 7644
18.40 7653
18.41 7660
18.42 7664
18.43 7670
18.44 7676
18.45 7679
18.46 7684
18.47 7690
18.49 7698
18.50 7701
18.51 7706
18.52 7712
18.53 7720
18.54 7722
18.55 7727
18.56 7735
18.57 7742
18.58 7749
18.59 7754
18.60 7755
18.61 7760
18.62 7766
18.63 7768
18.64 7770
18.65 7775
18.67 7779
18.68 7783
18.69 7787
18.70 7791
18.71 7794
18.72 7799
18.73 7803
18.74 7807
18.75 7811
18.76 7817
18.77 7823
18.78 7827
18.79 7831
18.80 7832
18.81 7838
18.82 7846
18.83 7850
18.85 7851
18.86 7854
18.87 7858
18.88 7862
18.89 7867
18.90 7871
18.91 7877
18.92 7883
18.93 7887
18.94 7889
18.95 7898
18.96 7904
18.97 7910
18.98 7911
18.99 7914
19.00 7917
19.01 7922
19.03 7925
19.04 7931
19.05 7934
19.06 7939
19.07 7943
19.08 7944
19.09 7947
19.10 7952
19.11 7955
19.12 7955
19.13 7959
19.14 7964
19.15 7968
19.16 7975
19.17 7979
19.18 7986
19.19 7989
19.21 7992
19.22 7996
19.23 8002
19.24 8006
19.25 8012
19.26 8018
19.27 8023
19.28 8030
19.29 8032
19.30 8037
19.31 8042
19.32 8047
19.33 8051
19.34 8058
19.35 8066
19.36 8071
19.37 8076
19.38 8080
19.40 8083
19.41 8085
19.42 8089
19.43 8092
19.44 8095
19.45 8098
19.46 8102
19.47 8109
19.48 8116
19.49 8121
19.50 8125
19.51 8130
19.52 8136
19.53 8141
19.54 8145
19.55 8151
19.56 8161
19.58 8167
19.59 8172
19.60 8178
19.61 8182
19.62 8188
19.63 8195
19.64 8201
19.65 8207
19.66 8211
19.67 8216
19.68 8219
19.69 8220
19.70 8221
19.71 8227
19.72 8228
19.73 8231
19.74 8235
19.76 8243
19.77 8246
19.78 8252
19.79 8256
19.80 8260
19.81 8264
19.82 8268
19.83 8271
19.84 8276
19.85 8280
19.86 8283
19.87 8287
19.88 8293
19.89 8297
19.90 8300
19.91 8304
19.92 8306
19.94 8309
19.95 8311
19.96 8316
19.97 8320
19.98 8321
19.99 8324
20.00 8327
20.01 8330
20.02 8333
20.03 8337
20.04 8340
20.05 8343
20.06 8347
20.07 8355
20.08 8359
20.09 8362
20.10 8367
20.12 8372
20.13 8375
20.14 8381
20.15 8384
20.16 8387
20.17 8392
20.18 8398
20.19 8406
20.20 8413
20.21 8417
20.22 8419
20.23 8420
20.24 8422
20.25 8427
20.26 8429
20.27 8431
20.28 8434
20.29 8437
20.31 8442
20.32 8448
20.33 8456
20.34 8461
20.35 8466
20.36 8470
20.37 8474
20.38 8479
20.39 8482
20.40 8491
20.41 8496
20.42 8505
20.43 8506
20.44 8513
20.45 8519
20.46 8528
20.47 8531
20.49 8535
20.50 8539
20.51 8544
20.52 8548
20.53 8549
20.54 8558
20.55 8561
20.56 8566
20.57 8569
20.58 8571
20.59 8575
20.60 8578
20.61 8578
20.62 8580
20.63 8583
20.64 8587
20.65 8591
20.67 8597
20.68 8602
20.69 8607
20.70 8612
20.71 8619
20.72 8624
20.73 8629
20.74 8633
20.75 8638
20.76 8638
20.77 8645
20.78 8650
20.79 8652
20.80 8657
20.81 8658
20.82 8664
20.83 8670
20.85 8673
20.86 8676
20.87 8682
20.88 8686
20.89 8693
20.90 8699
20.91 8703
20.92 8706
20.93 8712
20.94 8716
20.95 8721
20.96 8727
20.97 8733
20.98 8737
20.99 8741
21.00 8743
21.01 8744
21.03 8747
21.04 8748
21.05 8754
21.06 8759
21.07 8763
21.08 8763
21.09 8767
21.10 8771
21.11 8773
21.12 8775
21.13 8781
21.14 8784
21.15 8788
21.16 8794
21.17 8796
21.18 8800
21.19 8808
21.20 8814
21.22 8819
21.23 8824
21.24 8830
21.25 8834
21.26 8838
21.27 8842
21.28 8847
21.29 8851
21.30 8858
21.31 8863
21.32 8866
21.33 8873
21.34 8879
21.35 8883
21.36 8889
21.37 8894
21.38 8898
21.40 8904
21.41 8907
21.42 8914
21.43 8918
21.44 8925
21.45 8929
21.46 8933
21.47 8940
21.48 8945
21.49 8949
21.50 8955
21.51 8958
21.52 8962
21.53 8967
21.54 8972
21.55 8976
21.56 8983
21.58 8987
21.59 8992
21.60 8998
21.61 9003
21.62 9009
21.63 9014
21.64 9018
21.65 9021
21.66 9024
21.67 9027
21.68 9032
21.69 9037
21.70 9041
21.71 9045
21.72 9048
21.73 9055
21.74 9059
21.76 9061
21.77 9068
21.78 9074
21.79 9082
21.80 9087
21.81 9093
21.82 9098
21.83 9101
21.84 9106
21.85 9111
21.86 9112
21.87 9115
21.88 9117
21.89 9119
21.90 9122
21.91 9124
21.92 9126
21.94 9128
21.95 9131
21.96 9133
21.97 9136
21.98 9139
21.99 9142
22.00 9145
22.01 9150
22.02 9152
22.03 9153
22.04 9155
22.05 9160
22.06 9163
22.07 9167
22.08 9171
22.09 9173
22.10 9177
22.11 9180
22.13 9185
22.14 9188
22.15 9191
22.16 9193
22.17 9195
22.18 9197
22.19 9201
22.20 9205
22.21 9211
22.22 9216
22.23 9218
22.24 9221
22.25 9224
22.26 9226
22.27 9230
22.28 9234
22.29 9235
22.31 9238
22.32 9240
22.33 9243
22.34 9251
22.35 9256
22.36 9261
22.37 9264
22.38 9265
22.39 9268
22.40 9270
22.41 9270
22.42 9273
22.43 9276
22.44 9277
22.45 9278
22.46 9279
22.47 9284
22.49 9288
22.50 9289
22.51 9289
22.52 9291
22.53 9295
22.54 9300
22.55 9300
22.56 9303
22.57 9306
22.58 9307
22.59 9310
22.60 9311
22.61 9315
22.62 9316
22.63 9324
22.64 9327
22.65 9328
22.67 9329
22.68 9330
22.69 9338
22.70 9340
22.71 9345
22.72 9346
22.73 9347
22.74 9350
22.75 9352
22.76 9358
22.77 9366
22.78 9369
22.79 9374
22.80 9379
22.81 9385
22.82 9390
22.83 9396
22.85 9406
22.86 9414
22.87 9418
22.88 9422
22.89 9424
22.90 9426
22.91 9435
22.92 9439
22.93 9442
22.94 9447
22.95 9453
22.96 9458
22.97 9460
22.98 9467
22.99 9469
23.00 9471
23.01 9475
23.02 9479
23.04 9483
23.05 9485
23.06 9490
23.07 9494
23.08 9496
23.09 9497
23.10 9505
23.11 9508
23.12 9513
23.13 9517
23.14 9524
23.15 9528
23.16 9535
23.17 9539
23.18 9542
23.19 9543
23.20 9546
23.22 9552
23.23 9555
23.24 9560
23.25 9564
23.26 9571
23.27 9578
23.28 9579
23.29 9586
23.30 9590
23.31 9594
23.32 9597
23.33 9602
23.34 9604
23.35 9607
23.36 9612
23.37 9619
23.38 9624
23.40 9631
23.41 9637
23.42 9642
23.43 9646
23.44 9654
23.45 9660
23.46 9664
23.47 9671
23.48 9676
23.49 9681
23.50 9683
23.51 9689
23.52 9692
23.53 9695
23.54 9700
23.55 9707
23.56 9712
23.58 9719
23.59 9726
23.60 9731
23.61 9734
23.62 9739
23.63 9741
23.64 9745
23.65 9749
23.66 9750
23.67 9754
23.68 9756
23.69 9757
23.70 9760
23.71 9762
23.72 9766
23.73 9770
23.74 9775
23.76 9777
23.77 9780
23.78 9780
23.79 9788
23.80 9791
23.81 9794
23.82 9797
23.83 9801
23.84 9810
23.85 9814
23.86 9821
23.87 9825
23.88 9830
23.89 9837
23.90 9840
23.91 9843
23.92 9846
23.93 9847
23.95 9848
23.96 9849
23.97 9851
23.98 9853
23.99 9856
24.00 9856
24.01 9859
24.02 9862
24.03 9864
24.04 9865
24.05 9868
24.06 9868
24.07 9869
24.08 9870
24.09 9875
24.10 9879
24.11 9882
24.13 9883
24.14 9886
24.15 9889
24.16 9895
24.17 9899
24.18 9907
24.19 9912
24.20 9921
24.21 9928
24.22 9932
24.23 9932
24.24 9933
24.25 9936
24.26 9938
24.27 9938
24.28 9940
24.29 9942
24.31 9946
24.32 9946
24.33 9950
24.34 9952
24.35 9954
24.36 9954
24.37 9956
24.38 9959
24.39 9959
24.40 9959
24.41 9960
24.42 9960
24.43 9963
24.44 9964
24.45 9964
24.46 9965
24.47 9965
24.49 9966
24.50 9966
24.51 9967
24.52 9967
24.53 9967
24.54 9967
24.55 9968
24.56 9968
24.57 9968
24.58 9969
24.59 9969
24.60 9969
24.61 9970
24.62 9971
24.63 9971
24.64 9974
24.65 9976
24.67 9978
24.68 9978
24.69 9983
24.70 9985
24.71 9986
24.72 9986
24.73 9988
24.74 9988
24.75 9988
24.76 9990
24.77 9990
24.78 9990
24.79 9992
24.80 9992
24.81 9992
24.82 9994
24.83 9994
24.84 9998
24.86 9998
24.87 10000
24.88 10004
24.89 10005
24.90 10005
24.91 10008
24.92 10008
24.93 10008
24.94 10009
24.95 10009
24.96 10009
24.97 10011
24.98 10011
24.99 10012
25.00 10013
25.01 10014
25.02 10017
25.04 10017
25.05 10017
25.06 10017
25.07 10018
25.08 10018
25.09 10020
25.10 10022
25.11 10022
25.12 10022
25.13 10022
25.14 10022
25.15 10025
25.16 10026
25.17 10026
25.18 10027
25.19 10027
25.20 10030
25.22 10032
25.23 10032
25.24 10032
25.25 10032
25.26 10032
25.27 10032
25.28 10034
25.29 10034
25.30 10034
25.31 10034
25.32 10034
25.33 10034
25.34 10034
25.35 10037
25.36 10038
25.37 10038
25.38 10040
25.40 10041
25.41 10043
25.42 10043
25.43 10044
25.44 10044
25.45 10044
25.46 10044
25.47 10045
25.48 10054
25.49 10054
25.50 10054
25.51 10055
25.52 10055
25.53 10055
25.54 10060
25.55 10061
25.56 10061
25.58 10061
25.59 10061
25.60 10062
25.61 10063
25.62 10063
25.63 10063
25.64 10064
25.65 10064
25.66 10064
25.67 10067
25.68 10068
25.69 10068
25.70 10068
25.71 10068
25.72 10068
25.73 10068
25.74 10073
25.75 10074
25.77 10074
25.78 10075
25.79 10075
25.80 10076
25.81 10076
25.82 10077
25.83 10077
25.84 10077
25.85 10077
25.86 10077
25.87 10077
25.88 10079
25.89 10079
25.90 10079
25.91 10084
25.92 10085
25.93 10085
25.95 10085
25.96 10085
25.97 10088
25.98 10088
25.99 10088
26.00 10089
26.01 10089
26.02 10089
26.03 10089
26.04 10089
26.05 10089
26.06 10089
26.07 10091
26.08 10091
26.09 10091
26.10 10096
26.11 10097
26.13 10097
26.14 10098
26.15 10098
26.16 10098
26.17 10098
26.18 10098
26.19 10098
26.20 10098
26.21 10098
26.22 10098
26.23 10098
26.24 10099
26.25 10099
26.26 10099
26.27 10101
26.28 10102
26.29 10104
26.31 10106
26.32 10108
26.33 10110
26.34 10110
26.35 10117
26.36 10119
26.37 10122
26.38 10122
26.39 10128
26.40 10131
26.41 10131
26.42 10138
26.43 10144
26.44 10151
26.45 10157
26.46 10161
26.47 10168
26.49 10176
26.50 10182
26.51 10189
26.52 10195
26.53 10201
26.54 10206
26.55 10214
26.56 10223
26.57 10230
26.58 10238
26.59 10242
26.60 10248
26.61 10251
26.62 10256
26.63 10262
26.64 10269
26.65 10275
26.66 10279
26.68 10282
26.69 10286
26.70 10292
26.71 10300
26.72 10304
26.73 10310
26.74 10315
26.75 10320
26.76 10328
26.77 10333
26.78 10338
26.79 10344
26.80 10348
26.81 10351
26.82 10356
26.83 10366
26.84 10372
26.86 10376
26.87 10381
26.88 10383
26.89 10389
26.90 10392
26.91 10396
26.92 10401
26.93 10406
26.94 10410
26.95 10415
26.96 10420
26.97 10426
26.98 10431
26.99 10434
27.00 10438
27.01 10443
27.02 10447
27.04 10454
27.05 10460
27.06 10465
27.07 10471
27.08 10477
27.09 10482
27.10 10486
27.11 10491
27.12 10495
27.13 10501
27.14 10505
27.15 10507
27.16 10512
27.17 10518
27.18 10522
27.19 10527
27.20 10534
27.22 10538
27.23 10543
27.24 10547
27.25 10553
27.26 10558
27.27 10563
27.28 10569
27.29 10574
27.30 10580
27.31 10583
27.32 10587
27.33 10594
27.34 10599
27.35 10604
27.36 10608
27.37 10616
27.38 10620
27.40 10623
27.41 10627
27.42 10629
27.43 10631
27.44 10633
27.45 10635
27.46 10640
27.47 10644
27.48 10649
27.49 10653
27.50 10656
27.51 10659
27.52 10665
27.53 10667
27.54 10669
27.55 10674
27.56 10676
27.57 10681
27.59 10686
27.60 10692
27.61 10699
27.62 10704
27.63 10708
27.64 10711
27.65 10714
27.66 10717
27.67 10722
27.68 10728
27.69 10734
27.70 10735
27.71 10741
27.72 10747
27.73 10751
27.74 10755
27.75 10759
27.77 10762
27.78 10768
27.79 10775
27.80 10780
27.81 10784
27.82 10788
27.83 10790
27.84 10792
27.85 10794
27.86 10794
27.87 10802
27.88 10805
27.89 10810
27.90 10812
27.91 10817
27.92 10821
27.93 10825
27.95 10829
27.96 10834
27.97 10838
27.98 10842
27.99 10844
28.00 10846
28.01 10854
28.02 10861
28.03 10867
28.04 10869
28.05 10875
28.06 10878
28.07 10884
28.08 10887
28.09 10892
28.10 10898
28.11 10905
28.13 10910
28.14 10914
28.15 10919
28.16 10923
28.17 10927
28.18 10932
28.19 10938
28.20 10943
28.21 10949
28.22 10954
28.23 10958
28.24 10965
28.25 10970
28.26 10973
28.27 10975
28.28 10979
28.29 10981
28.31 10985
28.32 10990
28.33 10994
28.34 10996
28.35 11001
28.36 11003
28.37 11008
28.38 11011
28.39 11015
28.40 11017
28.41 11018
28.42 11020
28.43 11021
28.44 11025
28.45 11029
28.46 11031
28.47 11038
28.48 11043
28.50 11047
28.51 11052
28.52 11055
28.53 11057
28.54 11064
28.55 11068
28.56 11073
28.57 11076
28.58 11081
28.59 11083
28.60 11088
28.61 11095
28.62 11100
28.63 11105
28.64 11107
28.65 11111
28.66 11114
28.68 11117
28.69 11119
28.70 11125
28.71 11128
28.72 11135
28.73 11143
28.74 11149
28.75 11157
28.76 11164
28.77 11168
28.78 11173
28.79 11178
28.80 11185
28.81 11192
28.82 11197
28.83 11200
28.84 11205
28.86 11212
28.87 11216
28.88 11218
28.89 11221
28.90 11228
28.91 11233
28.92 11238
28.93 11246
28.94 11252
28.95 11259
28.96 11265
28.97 11271
28.98 11274
28.99 11279
29.00 11282
29.01 11288
29.02 11293
29.04 11296
29.05 11304
29.06 11308
29.07 11313
29.08 11319
29.09 11324
29.10 11327
29.11 11330
29.12 11336
29.13 11338
29.14 11343
29.15 11348
29.16 11355
29.17 11359
29.18 11365
29.19 11369
29.20 11373
29.21 11376
29.23 11386
29.24 11391
29.25 11397
29.26 11403
29.27 11410
29.28 11415
29.29 11418
29.30 11426
29.31 11430
29.32 11434
29.33 11438
29.34 11443
29.35 11449
29.36 11455
29.37 11461
29.38 11464
29.39 11468
29.41 11471
29.42 11476
29.43 11478
29.44 11484
29.45 11489
29.46 11495
29.47 11500
29.48 11503
29.49 11510
29.50 11516
29.51 11520
29.52 11524
29.53 11531
29.54 11537
29.55 11542
29.56 11545
29.57 11551
29.59 11555
29.60 11563
29.61 11566
29.62 11573
29.63 11576
29.64 11583
29.65 11588
29.66 11594
29.67 11601
29.68 11608
29.69 11614
29.70 11620
29.71 11624
29.72 11630
29.73 11635
29.74 11642
29.75 11649
29.77 11655
29.78 11662
29.79 11665
29.80 11671
29.81 11675
29.82 11678
29.83 11684
29.84 11690
29.85 11694
29.86 11700
29.87 11701
29.88 11706
29.89 11710
29.90 11718
29.91 11721
29.92 11726
29.93 11730
29.95 11735
29.96 11741
29.97 11744
29.98 11747
29.99 11752
30.00 11758
30.01 11761
30.02 11765
30.03 11772
30.04 11775
30.05 11779
30.06 11783
30.07 11786
30.08 11792
30.09 11799
30.10 11805
30.11 11809
30.12 11816
30.14 11823
30.15 11827
30.16 11830
30.17 11837
30.18 11842
30.19 11847
30.20 11852
30.21 11856
30.22 11864
30.23 11868
30.24 11873
30.25 11877
30.26 11885
30.27 11889
30.28 11894
30.29 11899
30.30 11906
30.32 11910
30.33 11913
30.34 11919
30.35 11924
30.36 11929
30.37 11935
30.38 11939
30.39 11943
30.40 11949
30.41 11957
30.42 11962
30.43 11968
30.44 11973
30.45 11979
30.46 11985
30.47 11989
30.48 11993
30.50 11996
30.51 12004
30.52 12009
30.53 12012
30.54 12017
30.55 12022
30.56 12028
30.57 12034
30.58 12040
30.59 12047
30.60 12053
30.61 12058
30.62 12060
30.63 12066
30.64 12071
30.65 12076
30.66 12081
30.68 12085
30.69 12092
30.70 12097
30.71 12102
30.72 12106
30.73 12111
30.74 12115
30.75 12120
30.76 12126
30.77 12131
30.78 12137
30.79 12143
30.80 12149
30.81 12154
30.82 12157
30.83 12165
30.84 12169
30.86 12173
30.87 12178
30.88 12184
30.89 12189
30.90 12193
30.91 12199
30.92 12202
30.93 12206
30.94 12212
30.95 12216
30.96 12221
30.97 12225
30.98 12229
30.99 12235
31.00 12239
31.01 12241
31.02 12244
31.03 12248
31.05 12252
31.06 12255
31.07 12258
31.08 12263
31.09 12269
31.10 12275
31.11 12279
31.12 12283
31.13 12289
31.14 12293
31.15 12300
31.16 12306
31.17 12311
31.18 12313
31.19 12319
31.20 12324
31.21 12331
31.23 12335
31.24 12339
31.25 12342
31.26 12346
31.27 12348
31.28 12353
31.29 12357
31.30 12362
31.31 12367
31.32 12371
31.33 12377
31.34 12384
31.35 12389
31.36 12391
31.37 12394
31.38 12398
31.39 12403
31.41 12406
31.42 12412
31.43 12415
31.44 12418
31.45 12423
31.46 12429
31.47 12435
31.48 12441
31.49 12445
31.50 12449
31.51 12455
31.52 12459
31.53 12463
31.54 12470
31.55 12476
31.56 12483
31.57 12489
31.59 12495
31.60 12501
31.61 12506
31.62 12513
31.63 12518
31.64 12522
31.65 12526
31.66 12533
31.67 12539
31.68 12545
31.69 12553
31.70 12559
31.71 12563
31.72 12568
31.73 12572
31.74 12575
31.75 12581
31.77 12582
31.78 12590
31.79 12596
31.80 12601
31.81 12606
31.82 12613
31.83 12618
31.84 12622
31.85 12628
31.86 12633
31.87 12637
31.88 12643
31.89 12646
31.90 12650
31.91 12653
31.92 12658
31.93 12663
31.94 12667
31.96 12672
31.97 12678
31.98 12681
31.99 12686
32.00 12689
32.01 12693
32.02 12700
32.03 12707
32.04 12713
32.05 12718
32.06 12724
32.07 12728
32.08 12733
32.09 12736
32.10 12740
32.11 12745
32.12 12751
32.14 12757
32.15 12763
32.16 12767
32.17 12774
32.18 12777
32.19 12780
32.20 12785
32.21 12788
32.22 12794
32.23 12798
32.24 12801
32.25 12806
32.26 12811
32.27 12816
32.28 12821
32.29 12826
32.30 12832
32.32 12837
32.33 12841
32.34 12846
32.35 12849
32.36 12854
32.37 12858
32.38 12864
32.39 12869
32.40 12875
32.41 12879
32.42 12883
32.43 12890
32.44 12894
32.45 12899
32.46 12903
32.47 12906
32.48 12912
32.50 12916
32.51 12918
32.52 12921
32.53 12923
32.54 12928
32.55 12930
32.56 12938
32.57 12944
32.58 12946
32.59 12952
32.60 12957
32.61 12960
32.62 12965
32.63 12969
32.64 12973
32.65 12977
32.66 12983
32.68 12986
32.69 12990
32.70 12994
32.71 12999
32.72 13005
32.73 13009
32.74 13013
32.75 13019
32.76 13024
32.77 13029
32.78 13034
32.79 13038
32.80 13045
32.81 13051
32.82 13057
32.83 13063
32.84 13070
32.85 13075
32.87 13079
32.88 13084
32.89 13089
32.90 13092
32.91 13097
32.92 13097
32.93 13098
32.94 13104
32.95 13111
32.96 13114
32.97 13118
32.98 13121
32.99 13128
33.00 13134
33.01 13138
33.02 13142
33.03 13148
33.05 13154
33.06 13159
33.07 13164
33.08 13170
33.09 13176
33.10 13181
33.11 13187
33.12 13192
33.13 13197
33.14 13202
33.15 13206
33.16 13210
33.17 13215
33.18 13216
33.19 13219
33.20 13224
33.21 13230
33.23 13235
33.24 13241
33.25 13245
33.26 13251
33.27 13254
33.28 13259
33.29 13264
33.30 13267
33.31 13272
33.32 13279
33.33 13283
33.34 13288
33.35 13290
33.36 13293
33.37 13294
33.38 13301
33.39 13305
33.41 13312
33.42 13318
33.43 13325
33.44 13330
33.45 13335
33.46 13341
33.47 13347
33.48 13351
33.49 13358
33.50 13364
33.51 13366
33.52 13370
33.53 13374
33.54 13378
33.55 13381
33.56 13384
33.57 13392
33.59 13399
33.60 13402
33.61 13408
33.62 13409
33.63 13413
33.64 13417
33.65 13421
33.66 13427
33.67 13431
33.68 13437
33.69 13440
33.70 13444
33.71 13450
33.72 13455
33.73 13460
33.74 13462
33.75 13466
33.76 13470
33.78 13477
33.79 13482
33.80 13487
33.81 13492
33.82 13498
33.83 13502
33.84 13507
33.85 13512
33.86 13516
33.87 13522
33.88 13530
33.89 13536
33.90 13539
33.91 13542
33.92 13547
33.93 13548
33.94 13549
33.96 13553
33.97 13559
33.98 13563
33.99 13568
34.00 13572
34.01 13575
34.02 13581
34.03 13587
34.04 13591
34.05 13596
34.06 13600
34.07 13607
34.08 13613
34.09 13619
34.10 13624
34.11 13628
34.12 13633
34.14 13638
34.15 13641
34.16 13644
34.17 13648
34.18 13652
34.19 13658
34.20 13661
34.21 13667
34.22 13672
34.23 13677
34.24 13678
34.25 13682
34.26 13685
34.27 13690
34.28 13694
34.29 13699
34.30 13704
34.32 13707
34.33 13712
34.34 13717
34.35 13722
34.36 13728
34.37 13735
34.38 13738
34.39 13742
34.40 13744
34.41 13748
34.42 13752
34.43 13756
34.44 13757
34.45 13757
34.46 13761
34.47 13767
34.48 13769
34.50 13771
34.51 13776
34.52 13784
34.53 13786
34.54 13786
34.55 13786
34.56 13786
34.57 13786
34.58 13787
34.59 13793
34.60 13800
34.61 13802
34.62 13808
34.63 13812
34.64 13816
34.65 13821
34.66 13825
34.67 13828
34.69 13832
34.70 13837
34.71 13840
34.72 13845
34.73 13846
34.74 13851
34.75 13854
34.76 13858
34.77 13862
34.78 13866
34.79 13871
34.80 13874
34.81 13876
34.82 13881
34.83 13887
34.84 13893
34.85 13898
34.87 13903
34.88 13910
34.89 13916
34.90 13921
34.91 13927
34.92 13931
34.93 13936
34.94 13939
34.95 13942
34.96 13946
34.97 13950
34.98 13954
34.99 13959
35.00 13962
35.01 13966
35.02 13967
35.03 13974
35.05 13978
35.06 13981
35.07 13982
35.08 13987
35.09 13990
35.10 13995
35.11 13997
35.12 13998
35.13 14001
35.14 14005
35.15 14011
35.16 14016
35.17 14021
35.18 14026
35.19 14030
35.20 14036
35.21 14042
35.23 14050
35.24 14054
35.25 14058
35.26 14063
35.27 14067
35.28 14073
35.29 14078
35.30 14083
35.31 14085
35.32 14089
35.33 14092
35.34 14098
35.35 14103
35.36 14107
35.37 14109
35.38 14114
35.39 14118
35.41 14122
35.42 14127
35.43 14129
35.44 14132
35.45 14137
35.46 14141
35.47 14146
35.48 14149
35.49 14153
35.50 14156
35.51 14164
35.52 14167
35.53 14171
35.54 14175
35.55 14178
35.56 14186
35.57 14191
35.58 14198
35.60 14202
35.61 14207
35.62 14213
35.63 14216
35.64 14219
35.65 14225
35.66 14230
35.67 14234
35.68 14240
35.69 14244
35.70 14249
35.71 14251
35.72 14255
35.73 14261
35.74 14266
35.75 14269
35.76 14276
35.78 14279
35.79 14286
35.80 14291
35.81 14296
35.82 14301
35.83 14306
35.84 14310
35.85 14315
35.86 14321
35.87 14327
35.88 14333
35.89 14338
35.90 14342
35.91 14347
35.92 14350
35.93 14355
35.94 14361
35.96 14365
35.97 14371
35.98 14375
35.99 14384
36.00 14387
36.01 14391
36.02 14394
36.03 14399
36.04 14404
36.05 14409
36.06 14415
36.07 14419
36.08 14424
36.09 14427
36.10 14432
36.11 14437
36.12 14443
36.14 14448
36.15 14452
36.16 14458
36.17 14465
36.18 14471
36.19 14477
36.20 14483
36.21 14488
36.22 14493
36.23 14497
36.24 14500
36.25 14505
36.26 14508
36.27 14512
36.28 14518
36.29 14524
36.30 14531
36.32 14536
36.33 14539
36.34 14544
36.35 14549
36.36 14553
36.37 14558
36.38 14560
36.39 14565
36.40 14571
36.41 14574
36.42 14579
36.43 14583
36.44 14590
36.45 14596
36.46 14600
36.47 14604
36.48 14610
36.49 14614
36.51 14620
36.52 14624
36.53 14627
36.54 14629
36.55 14634
36.56 14636
36.57 14639
36.58 14644
36.59 14648
36.60 14653
36.61 14659
36.62 14662
36.63 14667
36.64 14672
36.65 14675
36.66 14677
36.67 14679
36.69 14683
36.70 14688
36.71 14690
36.72 14697
36.73 14701
36.74 14705
36.75 14712
36.76 14715
36.77 14718
36.78 14723
36.79 14727
36.80 14731
36.81 14736
36.82 14741
36.83 14746
36.84 14750
36.85 14751
36.87 14758
36.88 14764
36.89 14767
36.90 14772
36.91 14775
36.92 14781
36.93 14789
36.94 14799
36.95 14803
36.96 14805
36.97 14811
36.98 14814
36.99 14817
37.00 14822
37.01 14827
37.02 14830
37.03 14835
37.05 14840
37.06 14845
37.07 14850
37.08 14855
37.09 14861
37.10 14864
37.11 14868
37.12 14873
37.13 14879
37.14 14884
37.15 14888
37.16 14891
37.17 14894
37.18 14899
37.19 14905
37.20 14907
37.21 14910
37.23 14916
37.24 14920
37.25 14924
37.26 14928
37.27 14932
37.28 14936
37.29 14941
37.30 14942
37.31 14945
37.32 14950
37.33 14956
37.34 14959
37.35 14963
37.36 14967
37.37 14970
37.38 14973
37.39 14979
37.40 14982
37.42 14988
37.43 14991
37.44 14995
37.45 14997
37.46 15002
37.47 15007
37.48 15013
37.49 15016
37.50 15019
37.51 15022
37.52 15027
37.53 15032
37.54 15039
37.55 15046
37.56 15051
37.57 15055
37.58 15062
37.60 15065
37.61 15072
37.62 15078
37.63 15084
37.64 15087
37.65 15092
37.66 15097
37.67 15102
37.68 15104
37.69 15109
37.70 15115
37.71 15120
37.72 15123
37.73 15127
37.74 15134
37.75 15138
37.76 15142
37.78 15145
37.79 15150
37.80 15155
37.81 15157
37.82 15161
37.83 15170
37.84 15177
37.85 15183
37.86 15190
37.87 15194
37.88 15196
37.89 15202
37.90 15205
37.91 15206
37.92 15212
37.93 15216
37.94 15220
37.96 15224
37.97 15230
37.98 15235
37.99 15241
38.00 15248
38.01 15253
38.02 15256
38.03 15260
38.04 15264
38.05 15268
38.06 15273
38.07 15277
38.08 15282
38.09 15289
38.10 15296
38.11 15298
38.12 15304
38.14 15309
38.15 15315
38.16 15320
38.17 15325
38.18 15332
38.19 15336
38.20 15339
38.21 15346
38.22 15352
38.23 15357
38.24 15361
38.25 15362
38.26 15364
38.27 15368
38.28 15371
38.29 15374
38.30 15379
38.31 15383
38.33 15386
38.34 15391
38.35 15396
38.36 15398
38.37 15401
38.38 15405
38.39 15412
38.40 15415
38.41 15420
38.42 15425
38.43 15429
38.44 15432
38.45 15439
38.46 15445
38.47 15450
38.48 15456
38.49 15459
38.51 15460
38.52 15464
38.53 15470
38.54 15475
38.55 15481
38.56 15485
38.57 15486
38.58 15490
38.59 15492
38.60 15496
38.61 15497
38.62 15500
38.63 15500
38.64 15508
38.65 15511
38.66 15513
38.67 15516
38.69 15520
38.70 15522
38.71 15523
38.72 15530
38.73 15536
38.74 15540
38.75 15544
38.76 15548
38.77 15554
38.78 15560
38.79 15567
38.80 15572
38.81 15577
38.82 15581
38.83 15587
38.84 15592
38.85 15596
38.87 15601
38.88 15604
38.89 15608
38.90 15611
38.91 15615
38.92 15618
38.93 15622
38.94 15628
38.95 15632
38.96 15638
38.97 15641
38.98 15644
38.99 15650
39.00 15653
39.01 15660
39.02 15666
39.03 15671
39.05 15674
39.06 15678
39.07 15684
39.08 15684
39.09 15689
39.10 15690
39.11 15696
39.12 15697
39.13 15697
39.14 15699
39.15 15704
39.16 15709
39.17 15716
39.18 15721
39.19 15727
39.20 15732
39.21 15737
39.22 15742
39.24 15747
39.25 15754
39.26 15757
39.27 15762
39.28 15767
39.29 15771
39.30 15775
39.31 15780
39.32 15784
39.33 15790
39.34 15793
39.35 15796
39.36 15797
39.37 15799
39.38 15799
39.39 15802
39.40 15807
39.42 15812
39.43 15816
39.44 15820
39.45 15825
39.46 15831
39.47 15835
39.48 15839
39.49 15841
39.50 15842
39.51 15846
39.52 15850
39.53 15855
39.54 15860
39.55 15865
39.56 15867
39.57 15870
39.58 15876
39.60 15877
39.61 15881
39.62 15884
39.63 15888
39.64 15891
39.65 15894
39.66 15900
39.67 15904
39.68 15907
39.69 15910
39.70 15913
39.71 15916
39.72 15920
39.73 15924
39.74 15926
39.75 15931
39.76 15935
39.78 15936
39.79 15939
39.80 15942
39.81 15944
39.82 15947
39.83 15949
39.84 15952
39.85 15953
39.86 15955
39.87 15963
39.88 15969
39.89 15977
39.90 15982
39.91 15984
39.92 15984
39.93 15987
39.94 15988
39.96 15995
39.97 16001
39.98 16004
39.99 16008
40.00 16014
40.01 16018
40.02 16021
40.03 16022
40.04 16024
40.05 16027
40.06 16028
40.07 16035
40.08 16039
40.09 16040
40.10 16044
40.11 16048
40.12 16050
40.13 16054
40.15 16057
40.16 16060
40.17 16065
40.18 16070
40.19 16076
40.20 16080
40.21 16086
40.22 16090
40.23 16097
40.24 16099
40.25 16106
40.26 16111
40.27 16117
40.28 16124
40.29 16128
40.30 16130
40.31 16133
40.33 16136
40.34 16140
40.35 16142
40.36 16143
40.37 16144
40.38 16149
40.39 16156
40.40 16161
40.41 16166
40.42 16171
40.43 16179
40.44 16183
40.45 16184
40.46 16184
40.47 16186
40.48 16190
40.49 16194
40.51 16198
40.52 16205
40.53 16214
40.54 16217
40.55 16217
40.56 16222
40.57 16226
40.58 16233
40.59 16239
40.60 16243
40.61 16246
40.62 16247
40.63 16254
40.64 16257
40.65 16259
40.66 16262
40.67 16266
40.69 16268
40.70 16270
40.71 16272
40.72 16274
40.73 16281
40.74 16281
40.75 16287
40.76 16290
40.77 16295
40.78 16300
40.79 16306
40.80 16310
40.81 16311
40.82 16316
40.83 16323
40.84 16329
40.85 16337
40.87 16344
40.88 16352
40.89 16360
40.90 16362
40.91 16366
40.92 16371
40.93 16377
40.94 16381
40.95 16384
40.96 16386
40.97 16390
40.98 16392
40.99 16395
41.00 16400
41.01 16400
41.02 16401
41.03 16401
41.04 16403
41.06 16407
41.07 16412
41.08 16416
41.09 16424
41.10 16430
41.11 16436
41.12 16441
41.13 16443
41.14 16443
41.15 16443
41.16 16447
41.17 16447
41.18 16454
41.19 16461
41.20 16465
41.21 16468
41.22 16471
41.24 16475
41.25 16478
41.26 16482
41.27 16485
41.28 16487
41.29 16493
41.30 16499
41.31 16503
41.32 16507
41.33 16508
41.34 16510
41.35 16513
41.36 16515
41.37 16516
41.38 16520
41.39 16522
41.40 16523
41.42 16525
41.43 16530
41.44 16533
41.45 16538
41.46 16544
41.47 16544
41.48 16545
41.49 16546
41.50 16550
41.51 16550
41.52 16550
41.53 16551
41.54 16551
41.55 16553
41.56 16556
41.57 16562
41.58 16565
41.60 16567
41.61 16568
41.62 16570
41.63 16578
41.64 16579
41.65 16579
41.66 16587
41.67 16592
41.68 16593
41.69 16595
41.70 16595
41.71 16597
41.72 16597
41.73 16600
41.74 16603
41.75 16605
41.76 16612
41.78 16615
41.79 16615
41.80 16616
41.81 16616
41.82 16619
41.83 16621
41.84 16625
41.85 16627
41.86 16627
41.87 16629
41.88 16629
41.89 16630
41.90 16632
41.91 16633
41.92 16637
41.93 16637
41.94 16637
41.95 16639
41.97 16641
41.98 16642
41.99 16647
42.00 16654
42.01 16655
42.02 16655
42.03 16656
42.04 16657
42.05 16657
42.06 16663
42.07 16670
42.08 16671
42.09 16671
42.10 16672
42.11 16672
42.12 16676
42.13 16677
42.15 16677
42.16 16678
42.17 16680
42.18 16682
42.19 16683
42.20 16689
42.21 16697
42.22 16701
42.23 16703
42.24 16708
42.25 16710
42.26 16713
42.27 16719
42.28 16722
42.29 16728
42.30 16733
42.31 16740
42.33 16743
42.34 16750
42.35 16755
42.36 16760
42.37 16764
42.38 16772
42.39 16778
42.40 16782
42.41 16786
42.42 16792
42.43 16794
42.44 16802
42.45 16809
42.46 16812
42.47 16819
42.48 16824
42.49 16828
42.51 16833
42.52 16836
42.53 16841
42.54 16845
42.55 16849
42.56 16852
42.57 16855
42.58 16862
42.59 16867
42.60 16871
42.61 16877
42.62 16880
42.63 16884
42.64 16885
42.65 16888
42.66 16894
42.67 16898
42.69 16900
42.70 16904
42.71 16905
42.72 16912
42.73 16915
42.74 16920
42.75 16924
42.76 16926
42.77 16937
42.78 16942
42.79 16947
42.80 16952
42.81 16954
42.82 16956
42.83 16962
42.84 16965
42.85 16968
42.86 16973
42.88 16975
42.89 16980
42.90 16982
42.91 16987
42.92 16991
42.93 16997
42.94 16999
42.95 17006
42.96 17008
42.97 17009
42.98 17012
42.99 17014
43.00 17018
43.01 17024
43.02 17026
43.03 17031
43.04 17033
43.06 17036
43.07 17042
43.08 17045
43.09 17046
43.10 17052
43.11 17056
43.12 17061
43.13 17064
43.14 17066
43.15 17070
43.16 17074
43.17 17078
43.18 17084
43.19 17088
43.20 17093
43.21 17099
43.22 17104
43.24 17106
43.25 17107
43.26 17111
43.27 17116
43.28 17118
43.29 17120
43.30 17123
43.31 17129
43.32 17132
43.33 17135
43.34 17140
43.35 17143
43.36 17145
43.37 17150
43.38 17154
43.39 17159
43.40 17162
43.42 17166
43.43 17171
43.44 17174
43.45 17178
43.46 17179
43.47 17189
43.48 17194
43.49 17196
43.50 17197
43.51 17201
43.52 17202
43.53 17208
43.54 17214
43.55 17217
43.56 17223
43.57 17226
43.58 17230
43.60 17233
43.61 17235
43.62 17237
43.63 17241
43.64 17247
43.65 17252
43.66 17255
43.67 17258
43.68 17261
43.69 17265
43.70 17267
43.71 17273
43.72 17275
43.73 17277
43.74 17278
43.75 17279
43.76 17283
43.77 17286
43.79 17288
43.80 17291
43.81 17293
43.82 17294
43.83 17297
43.84 17304
43.85 17305
43.86 17311
43.87 17318
43.88 17318
43.89 17322
43.90 17325
43.91 17331
43.92 17334
43.93 17334
43.94 17336
43.95 17337
43.97 17342
43.98 17344
43.99 17346
44.00 17349
44.01 17351
44.02 17354
44.03 17355
44.04 17356
44.05 17356
44.06 17358
44.07 17360
44.08 17361
44.09 17361
44.10 17363
44.11 17364
44.12 17366
44.13 17366
44.15 17366
44.16 17366
44.17 17366
44.18 17366
44.19 17366
44.20 17367
44.21 17367
44.22 17367
44.23 17367
44.24 17367
44.25 17367
44.26 17370
44.27 17371
44.28 17371
44.29 17372
44.30 17373
44.31 17374
44.33 17374
44.34 17374
44.35 17374
44.36 17374
44.37 17374
44.38 17374
44.39 17375
44.40 17375
44.41 17375
44.42 17375
44.43 17375
44.44 17375
44.45 17376
44.46 17376
44.47 17376
44.48 17377
44.49 17377
44.50 17379
44.52 17380
44.53 17380
44.54 17380
44.55 17380
44.56 17380
44.57 17380
44.58 17381
44.59 17381
44.60 17381
44.61 17381
44.62 17381
44.63 17381
44.64 17385
44.65 17389
44.66 17390
44.67 17390
44.68 17391
44.70 17393
44.71 17395
44.72 17395
44.73 17398
44.74 17401
44.75 17403
44.76 17403
44.77 17404
44.78 17405
44.79 17406
44.80 17406
44.81 17407
44.82 17409
44.83 17411
44.84 17411
44.85 17412
44.86 17412
44.88 17412
44.89 17412
44.90 17413
44.91 17413
44.92 17413
44.93 17413
44.94 17413
44.95 17413
44.96 17414
44.97 17414
44.98 17414
44.99 17416
45.00 17417
45.01 17417
45.02 17417
45.03 17418
45.04 17419
45.06 17419
45.07 17419
45.08 17419
45.09 17419
45.10 17419
45.11 17419
45.12 17421
45.13 17421
45.14 17421
45.15 17421
45.16 17421
45.17 17421
45.18 17422
45.19 17423
45.20 17423
45.21 17423
45.22 17424
45.24 17425
45.25 17425
45.26 17425
45.27 17425
45.28 17425
45.29 17425
45.30 17425
45.31 17426
45.32 17426
45.33 17426
45.34 17426
45.35 17426
45.36 17426
45.37 17430
45.38 17432
45.39 17432
45.40 17432
45.41 17433
45.43 17433
45.44 17433
45.45 17433
45.46 17433
45.47 17433
45.48 17433
45.49 17433
45.50 17433
45.51 17436
45.52 17436
45.53 17436
45.54 17439
45.55 17439
45.56 17439
45.57 17443
45.58 17443
45.59 17446
45.61 17448
45.62 17448
45.63 17456
45.64 17456
45.65 17457
45.66 17461
45.67 17463
45.68 17467
45.69 17471
45.70 17477
45.71 17482
45.72 17489
45.73 17494
45.74 17499
45.75 17503
45.76 17506
45.77 17510
45.79 17518
45.80 17523
45.81 17528
45.82 17530
45.83 17534
45.84 17539
45.85 17547
45.86 17552
45.87 17557
45.88 17561
45.89 17563
45.90 17565
45.91 17569
45.92 17572
45.93 17576
45.94 17583
45.95 17591
45.97 17595
45.98 17599
45.99 17601
46.00 17605
46.01 17610
46.02 17616
46.03 17624
46.04 17628
46.05 17633
46.06 17638
46.07 17642
46.08 17648
46.09 17653
46.10 17656
46.11 17659
46.12 17666
46.13 17671
46.15 17678
46.16 17682
46.17 17686
46.18 17689
46.19 17695
46.20 17701
46.21 17704
46.22 17707
46.23 17711
46.24 17716
46.25 17719
46.26 17725
46.27 17728
46.28 17730
46.29 17735
46.30 17738
46.31 17743
46.32 17749
46.34 17756
46.35 17762
46.36 17767
46.37 17770
46.38 17774
46.39 17780
46.40 17783
46.41 17789
46.42 17794
46.43 17800
46.44 17805
46.45 17811
46.46 17817
46.47 17824
46.48 17830
46.49 17835
46.50 17841
46.52 17845
46.53 17849
46.54 17852
46.55 17856
46.56 17861
46.57 17866
46.58 17870
46.59 17876
46.60 17880
46.61 17884
46.62 17894
46.63 17899
46.64 17906
46.65 17910
46.66 17915
46.67 17918
46.68 17921
46.70 17923
46.71 17928
46.72 17931
46.73 17935
46.74 17940
46.75 17945
46.76 17950
46.77 17956
46.78 17960
46.79 17963
46.80 17965
46.81 17968
46.82 17973
46.83 17978
46.84 17985
46.85 17990
46.86 17996
46.88 17999
46.89 18005
46.90 18009
46.91 18013
46.92 18020
46.93 18026
46.94 18029
46.95 18033
46.96 18039
46.97 18045
46.98 18051
46.99 18055
47.00 18059
47.01 18066
47.02 18070
47.03 18076
47.04 18079
47.06 18083
47.07 18087
47.08 18091
47.09 18096
47.10 18100
47.11 18105
47.12 18108
47.13 18116
47.14 18120
47.15 18124
47.16 18127
47.17 18129
47.18 18135
47.19 18138
47.20 18144
47.21 18150
47.22 18153
47.23 18157
47.25 18161
47.26 18165
47.27 18168
47.28 18173
47.29 18176
47.30 18179
47.31 18184
47.32 18190
47.33 18194
47.34 18197
47.35 18203
47.36 18209
47.37 18213
47.38 18217
47.39 18221
47.40 18226
47.41 18234
47.43 18239
47.44 18242
47.45 18244
47.46 18250
47.47 18254
47.48 18260
47.49 18266
47.50 18272
47.51 18277
47.52 18282
47.53 18287
47.54 18291
47.55 18297
47.56 18303
47.57 18308
47.58 18313
47.59 18318
47.61 18325
47.62 18330
47.63 18338
47.64 18342
47.65 18347
47.66 18353
47.67 18360
47.68 18367
47.69 18379
47.70 18388
47.71 18396
47.72 18405
47.73 18411
47.74 18414
47.75 18416
47.76 18419
47.77 18425
47.79 18431
47.80 18437
47.81 18442
47.82 18447
47.83 18450
47.84 18454
47.85 18458
47.86 18466
47.87 18472
47.88 18476
47.89 18482
47.90 18487
47.91 18490
47.92 18491
47.93 18493
47.94 18498
47.95 18502
47.97 18505
47.98 18509
47.99 18515
48.00 18521
48.01 18526
48.02 18530
48.03 18534
48.04 18539
48.05 18543
48.06 18548
48.07 18550
48.08 18555
48.09 18560
48.10 18565
48.11 18567
48.12 18571
48.13 18576
48.14 18580
48.16 18587
48.17 18590
48.18 18596
48.19 18600
48.20 18605
48.21 18609
48.22 18614
48.23 18621
48.24 18625
48.25 18632
48.26 18636
48.27 18640
48.28 18646
48.29 18652
48.30 18659
48.31 18664
48.32 18670
48.34 18672
48.35 18676
48.36 18681
48.37 18688
48.38 18693
48.39 18698
48.40 18702
48.41 18706
48.42 18712
48.43 18719
48.44 18725
48.45 18729
48.46 18736
48.47 18745
48.48 18752
48.49 18754
48.50 18760
48.52 18765
48.53 18768
48.54 18774
48.55 18779
48.56 18785
48.57 18793
48.58 18800
48.59 18809
48.60 18813
48.61 18816
48.62 18817
48.63 18822
48.64 18826
48.65 18830
48.66 18831
48.67 18834
48.68 18836
48.70 18836
48.71 18837
48.72 18841
48.73 18843
48.74 18846
48.75 18851
48.76 18853
48.77 18856
48.78 18858
48.79 18859
48.80 18859
48.81 18860
48.82 18864
48.83 18864
48.84 18866
48.85 18869
48.86 18872
48.88 18876
48.89 18878
48.90 18879
48.91 18882
48.92 18883
48.93 18889
48.94 18895
48.95 18895
48.96 18898
48.97 18900
48.98 18900
48.99 18901
49.00 18903
49.01 18903
49.02 18904
49.03 18904
49.04 18904
49.05 18905
49.07 18906
49.08 18907
49.09 18908
49.10 18908
49.11 18908
49.12 18914
49.13 18915
49.14 18915
49.15 18915
49.16 18916
49.17 18917
49.18 18917
49.19 18917
49.20 18918
49.21 18918
49.22 18918
49.23 18918
49.25 18919
49.26 18920
49.27 18920
49.28 18920
49.29 18920
49.30 18920
49.31 18920
49.32 18927
49.33 18928
49.34 18928
49.35 18932
49.36 18932
49.37 18935
49.38 18936
49.39 18936
49.40 18939
49.41 18942
49.43 18942
49.44 18946
49.45 18947
49.46 18947
49.47 18950
49.48 18951
49.49 18951
49.50 18951
49.51 18954
49.52 18955
49.53 18956
49.54 18958
49.55 18960
49.56 18963
49.57 18963
49.58 18965
49.59 18967
49.61 18970
49.62 18970
49.63 18971
49.64 18975
49.65 18985
49.66 18986
49.67 18990
49.68 18992
49.69 18997
49.70 18997
49.71 18999
49.72 19004
49.73 19006
49.74 19008
49.75 19016
49.76 19023
49.77 19026
49.79 19028
49.80 19028
49.81 19034
49.82 19036
49.83 19039
49.84 19040
49.85 19040
49.86 19041
49.87 19045
49.88 19047
49.89 19049
49.90 19053
49.91 19056
49.92 19060
49.93 19061
49.94 19065
49.95 19070
49.96 19077
49.98 19080
49.99 19084
50.00 19087
50.01 19091
50.02 19096
50.03 19098
50.04 19101
50.05 19104
50.06 19108
50.07 19113
50.08 19118
50.09 19125
50.10 19129
50.11 19133
50.12 19138
50.13 19142
50.14 19149
50.16 19150
50.17 19156
50.18 19166
50.19 19170
50.20 19174
50.21 19177
50.22 19180
50.23 19184
50.24 19187
50.25 19191
50.26 19193
50.27 19197
50.28 19201
50.29 19206
50.30 19214
50.31 19218
50.32 19221
50.34 19224
50.35 19231
50.36 19236
50.37 19240
50.38 19244
50.39 19247
50.40 19250
50.41 19257
50.42 19260
50.43 19261
50.44 19268
50.45 19274
50.46 19280
50.47 19283
50.48 19288
50.49 19292
50.50 19295
50.52 19299
50.53 19304
50.54 19308
50.55 19316
50.56 19323
50.57 19332
50.58 19335
50.59 19340
50.60 19341
50.61 19346
50.62 19351
50.63 19357
50.64 19361
50.65 19365
50.66 19372
50.67 19376
50.68 19382
50.70 19387
50.71 19392
50.72 19397
50.73 19404
50.74 19410
50.75 19414
50.76 19417
50.77 19423
50.78 19427
50.79 19434
50.80 19439
50.81 19445
50.82 19450
50.83 19453
50.84 19457
50.85 19461
50.86 19464
50.87 19467
50.89 19471
50.90 19474
50.91 19479
50.92 19484
50.93 19487
50.94 19490
50.95 19492
50.96 19494
50.97 19503
50.98 19511
50.99 19515
51.00 19517
51.01 19522
51.02 19526
51.03 19533
51.04 19538
51.05 19541
51.07 19547
51.08 19549
51.09 19552
51.10 19556
51.11 19557
51.12 19561
51.13 19563
51.14 19567
51.15 19576
51.16 19582
51.17 19588
51.18 19593
51.19 19599
51.20 19607
51.21 19611
51.22 19613
51.23 19616
51.25 19620
51.26 19621
51.27 19623
51.28 19624
51.29 19628
51.30 19632
51.31 19640
51.32 19643
51.33 19647
51.34 19647
51.35 19651
51.36 19654
51.37 19655
51.38 19656
51.39 19659
51.40 19666
51.41 19669
51.43 19673
51.44 19677
51.45 19682
51.46 19683
51.47 19685
51.48 19689
51.49 19692
51.50 19695
51.51 19699
51.52 19701
51.53 19705
51.54 19710
51.55 19714
51.56 19714
51.57 19721
51.58 19725
51.59 19730
51.61 19734
51.62 19737
51.63 19741
51.64 19745
51.65 19748
51.66 19752
51.67 19754
51.68 19756
51.69 19761
51.70 19763
51.71 19765
51.72 19769
51.73 19773
51.74 19774
51.75 19779
51.76 19783
51.77 19789
51.78 19792
51.80 19794
51.81 19799
51.82 19802
51.83 19806
51.84 19808
51.85 19812
51.86 19816
51.87 19818
51.88 19823
51.89 19827
51.90 19833
51.91 19836
51.92 19840
51.93 19843
51.94 19849
51.95 19854
51.96 19857
51.98 19860
51.99 19867
52.00 19874
52.01 19882
52.02 19889
52.03 19891
52.04 19892
52.05 19895
52.06 19898
52.07 19901
52.08 19905
52.09 19909
52.10 19913
52.11 19918
52.12 19923
52.13 19929
52.14 19932
52.16 19933
52.17 19935
52.18 19938
52.19 19940
52.20 19945
52.21 19951
52.22 19952
52.23 19958
52.24 19960
52.25 19963
52.26 19966
52.27 19970
52.28 19971
52.29 19973
52.30 19975
52.31 19979
52.32 19981
52.34 19984
52.35 19987
52.36 19987
52.37 19989
52.38 19995
52.39 19999
52.40 20006
52.41 20013
52.42 20017
52.43 20023
52.44 20026
52.45 20031
52.46 20034
52.47 20037
52.48 20038
52.49 20039
52.50 20043
52.52 20046
52.53 20046
52.54 20049
52.55 20052
52.56 20056
52.57 20057
52.58 20061
52.59 20062
52.60 20065
52.61 20068
52.62 20069
52.63 20072
52.64 20076
52.65 20081
52.66 20087
52.67 20089
52.68 20093
52.69 20099
52.71 20103
52.72 20107
52.73 20113
52.74 20115
52.75 20115
52.76 20116
52.77 20121
52.78 20123
52.79 20126
52.80 20130
52.81 20132
52.82 20140
52.83 20144
52.84 20149
52.85 20152
52.86 20160
52.87 20167
52.89 20174
52.90 20179
52.91 20185
52.92 20191
52.93 20197
52.94 20201
52.95 20205
52.96 20210
52.97 20213
52.98 20216
52.99 20220
53.00 20225
53.01 20231
53.02 20234
53.03 20238
53.04 20242
53.05 20246
53.07 20248
53.08 20251
53.09 20257
53.10 20262
53.11 20266
53.12 20272
53.13 20278
53.14 20284
53.15 20287
53.16 20291
53.17 20293
53.18 20299
53.19 20303
53.20 20307
53.21 20315
53.22 20320
53.23 20322
53.25 20327
53.26 20333
53.27 20339
53.28 20340
53.29 20348
53.30 20350
53.31 20351
53.32 20356
53.33 20359
53.34 20361
53.35 20365
53.36 20365
53.37 20369
53.38 20372
53.39 20373
53.40 20374
53.41 20374
53.43 20374
53.44 20375
53.45 20383
53.46 20384
53.47 20387
53.48 20388
53.49 20390
53.50 20391
53.51 20397
53.52 20399
53.53 20400
53.54 20403
53.55 20407
53.56 20411
53.57 20413
53.58 20417
53.59 20421
53.60 20425
53.62 20430
53.63 20433
53.64 20434
53.65 20438
53.66 20441
53.67 20448
53.68 20453
53.69 20456
53.70 20463
53.71 20463
53.72 20467
53.73 20470
53.74 20474
53.75 20476
53.76 20481
53.77 20486
53.78 20492
53.80 20498
53.81 20500
53.82 20503
53.83 20509
53.84 20512
53.85 20518
53.86 20523
53.87 20526
53.88 20528
53.89 20528
53.90 20529
53.91 20530
53.92 20538
53.93 20541
53.94 20544
53.95 20546
53.96 20550
53.98 20552
53.99 20552
54.00 20553
54.01 20553
54.02 20554
54.03 20559
54.04 20559
54.05 20562
54.06 20563
54.07 20566
54.08 20568
54.09 20571
54.10 20575
54.11 20576
54.12 20578
54.13 20582
54.14 20584
54.16 20584
54.17 20585
54.18 20587
54.19 20588
54.20 20588
54.21 20589
54.22 20591
54.23 20592
54.24 20592
54.25 20594
54.26 20594
54.27 20596
54.28 20596
54.29 20598
54.30 20599
54.31 20604
54.32 20605
54.34 20605
54.35 20606
54.36 20606
54.37 20608
54.38 20615
54.39 20616
54.40 20616
54.41 20618
54.42 20621
54.43 20623
54.44 20623
54.45 20625
54.46 20626
54.47 20626
54.48 20626
54.49 20626
54.50 20626
54.51 20626
54.53 20626
54.54 20626
54.55 20626
54.56 20628
54.57 20628
54.58 20629
54.59 20633
54.60 20633
54.61 20634
54.62 20635
54.63 20635
54.64 20635
54.65 20635
54.66 20635
54.67 20635
54.68 20635
54.69 20635
54.71 20635
54.72 20635
54.73 20637
54.74 20637
54.75 20637
54.76 20641
54.77 20642
54.78 20642
54.79 20643
54.80 20643
54.81 20643
54.82 20643
54.83 20643
54.84 20643
54.85 20643
54.86 20643
54.87 20643
54.89 20643
54.90 20645
54.91 20645
54.92 20645
54.93 20649
54.94 20650
54.95 20650
54.96 20650
54.97 20650
54.98 20651
54.99 20652
55.00 20652
55.01 20652
55.02 20652
55.03 20652
55.04 20652
55.05 20653
55.07 20655
55.08 20655
55.09 20655
55.10 20655
55.11 20655
55.12 20656
55.13 20657
55.14 20657
55.15 20657
55.16 20658
55.17 20658
55.18 20658
55.19 20658
55.20 20658
55.21 20658
55.22 20658
55.23 20658
55.25 20658
55.26 20660
55.27 20660
55.28 20660
55.29 20664
55.30 20665
55.31 20665
55.32 20665
55.33 20666
55.34 20669
55.35 20670
55.36 20670
55.37 20672
55.38 20675
55.39 20675
55.40 20676
55.41 20679
55.42 20679
55.44 20679
55.45 20680
55.46 20680
55.47 20680
55.48 20684
55.49 20686
55.50 20686
55.51 20686
55.52 20687
55.53 20690
55.54 20690
55.55 20691
55.56 20691
55.57 20692
55.58 20692
55.59 20694
55.60 20695
55.62 20697
55.63 20698
55.64 20698
55.65 20701
55.66 20701
55.67 20701
55.68 20702
55.69 20702
55.70 20702
55.71 20702
55.72 20702
55.73 20703
55.74 20703
55.75 20703
55.76 20703
55.77 20703
55.78 20705
55.80 20705
55.81 20705
55.82 20708
55.83 20709
55.84 20709
55.85 20710
55.86 20710
55.87 20711
55.88 20711
55.89 20711
55.90 20711
55.91 20711
55.92 20711
55.93 20711
55.94 20711
55.95 20711
55.96 20711
55.98 20711
55.99 20716
56.00 20717
56.01 20717
56.02 20717
56.03 20717
56.04 20722
56.05 20722
56.06 20722
56.07 20722
56.08 20722
56.09 20722
56.10 20728
56.11 20734
56.12 20739
56.13 20744
56.14 20750
56.16 20757
56.17 20757
56.18 20757
56.19 20758
56.20 20758
56.21 20758
56.22 20762
56.23 20763
56.24 20763
56.25 20765
56.26 20765
56.27 20765
56.28 20765
56.29 20765
56.30 20765
56.31 20765
56.32 20765
56.33 20765
56.35 20765
56.36 20767
56.37 20767
56.38 20767
56.39 20770
56.40 20771
56.41 20771
56.42 20773
56.43 20774
56.44 20776
56.45 20776
56.46 20777
56.47 20777
56.48 20777
56.49 20777
56.50 20779
56.51 20779
56.53 20779
56.54 20781
56.55 20782
56.56 20782
56.57 20782
56.58 20784
56.59 20785
56.60 20785
56.61 20786
56.62 20787
56.63 20789
56.64 20789
56.65 20791
56.66 20794
56.67 20797
56.68 20797
56.69 20797
56.71 20800
56.72 20800
56.73 20800
56.74 20800
56.75 20801
56.76 20801
56.77 20801
56.78 20803
56.79 20804
56.80 20804
56.81 20804
56.82 20805
56.83 20808
56.84 20808
56.85 20808
56.86 20809
56.87 20809
56.89 20809
56.90 20809
56.91 20811
56.92 20811
56.93 20813
56.94 20813
56.95 20813
56.96 20813
56.97 20821
56.98 20822
56.99 20822
57.00 20823
57.01 20823
57.02 20825
57.03 20826
57.04 20826
57.05 20827
57.07 20827
57.08 20827
57.09 20827
57.10 20828
57.11 20828
57.12 20828
57.13 20828
57.14 20828
57.15 20828
57.16 20828
57.17 20831
57.18 20831
57.19 20831
57.20 20832
57.21 20832
57.22 20833
57.23 20835
57.24 20835
57.26 20835
57.27 20835
57.28 20835
57.29 20835
57.30 20837
57.31 20837
57.32 20837
57.33 20839
57.34 20839
57.35 20839
57.36 20840
57.37 20841
57.38 20841
57.39 20842
57.40 20842
57.41 20845
57.42 20846
57.44 20846
57.45 20846
57.46 20846
57.47 20846
57.48 20846
57.49 20846
57.50 20847
57.51 20847
57.52 20847
57.53 20847
57.54 20847
57.55 20847
57.56 20850
57.57 20853
57.58 20853
57.59 20857
57.60 20857
57.62 20860
57.63 20861
57.64 20861
57.65 20864
57.66 20866
57.67 20867
57.68 20867
57.69 20870
57.70 20873
57.71 20873
57.72 20874
57.73 20874
57.74 20874
57.75 20878
57.76 20878
57.77 20879
57.78 20879
57.80 20880
57.81 20881
57.82 20881
57.83 20881
57.84 20881
57.85 20881
57.86 20881
57.87 20881
57.88 20881
57.89 20882
57.90 20882
57.91 20882
57.92 20882
57.93 20885
57.94 20888
57.95 20888
57.96 20888
57.98 20888
57.99 20888
58.00 20888
58.01 20888
58.02 20888
58.03 20888
58.04 20888
58.05 20888
58.06 20888
58.07 20891
58.08 20891
58.09 20891
58.10 20896
58.11 20897
58.12 20897
58.13 20897
58.14 20897
58.15 20897
58.17 20897
58.18 20898
58.19 20898
58.20 20898
58.21 20898
58.22 20898
58.23 20898
58.24 20898
58.25 20898
58.26 20898
58.27 20902
58.28 20904
58.29 20905
58.30 20905
58.31 20906
58.32 20906
58.33 20906
58.35 20906
58.36 20906
58.37 20906
58.38 20906
58.39 20906
58.40 20906
58.41 20906
58.42 20909
58.43 20909
58.44 20909
58.45 20911
58.46 20912
58.47 20912
58.48 20915
58.49 20915
58.50 20919
58.51 20920
58.53 20920
58.54 20928
58.55 20928
58.56 20931
58.57 20931
58.58 20936
58.59 20943
58.60 20945
58.61 20945
58.62 20948
58.63 20950
58.64 20950
58.65 20952
58.66 20954
58.67 20955
58.68 20955
58.69 20955
58.71 20955
58.72 20955
58.73 20955
58.74 20955
58.75 20955
58.76 20955
58.77 20955
58.78 20955
58.79 20955
58.80 20956
58.81 20956
58.82 20957
58.83 20962
58.84 20963
58.85 20963
58.86 20963
58.87 20964
58.88 20967
58.90 20967
58.91 20968
58.92 20970
58.93 20973
58.94 20974
58.95 20975
58.96 20975
58.97 20976
58.98 20977
58.99 20977
59.00 20977
59.01 20981
59.02 20981
59.03 20981
59.04 20982
59.05 20982
59.06 20982
59.08 20982
59.09 20982
59.10 20982
59.11 20982
59.12 20982
59.13 20982
59.14 20982
59.15 20985
59.16 20985
59.17 20985
59.18 20989
59.19 20989
59.20 20989
59.21 20989
59.22 20989
59.23 20992
59.24 20994
59.26 20994
59.27 20995
59.28 20995
59.29 20995
59.30 20995
59.31 20996
59.32 20996
59.33 20996
59.34 20996
59.35 20996
59.36 20998
59.37 21001
59.38 21002
59.39 21002
59.40 21004
59.41 21005
59.42 21005
59.44 21005
59.45 21005
59.46 21005
59.47 21005
59.48 21005
59.49 21005
59.50 21005
59.51 21005
59.52 21005
59.53 21005
59.54 21009
59.55 21009
59.56 21009
59.57 21011
59.58 21011
59.59 21011
59.60 21011
59.62 21011
59.63 21011
59.64 21011
59.65 21011
59.66 21011
59.67 21011
59.68 21012
59.69 21012
59.70 21012
59.71 21016
59.72 21017
59.73 21017
59.74 21017
59.75 21017
59.76 21017
59.77 21017
59.78 21017
59.79 21017
59.81 21017
59.82 21017
59.83 21017
59.84 21017
59.85 21018
59.86 21018
59.87 21018
59.88 21019
59.89 21022
59.90 21024
59.91 21024
59.92 21024
59.93 21024
59.94 21024
59.95 21024
59.96 21024
59.97 21024
59.99 21024
60.00 21024
60.01 21024
60.02 21024
60.03 21026
60.04 21026
60.05 21026
60.06 21030
60.07 21031
60.08 21031
60.09 21032
60.10 21032
60.11 21035
60.12 21035
60.13 21035
60.14 21040
60.15 21042
60.17 21042
60.18 21045
60.19 21046
60.20 21046
60.21 21047
60.22 21047
60.23 21047
60.24 21053
60.25 21055
60.26 21056
60.27 21056
60.28 21059
60.29 21060
60.30 21063
60.31 21063
60.32 21068
60.33 21068
60.35 21070
60.36 21071
60.37 21071
60.38 21071
60.39 21073
60.40 21073
60.41 21073
60.42 21073
60.43 21084
60.44 21089
60.45 21090
60.46 21090
60.47 21093
60.48 21094
60.49 21097
60.50 21097
60.51 21097
60.53 21099
60.54 21102
60.55 21102
60.56 21102
60.57 21104
60.58 21104
60.59 21106
60.60 21106
60.61 21106
60.62 21110
60.63 21110
60.64 21111
60.65 21111
60.66 21112
60.67 21114
60.68 21115
60.69 21115
60.70 21120
60.72 21121
60.73 21123
60.74 21123
60.75 21124
60.76 21126
60.77 21126
60.78 21126
60.79 21126
60.80 21126
60.81 21129
60.82 21130
60.83 21130
60.84 21131
60.85 21131
60.86 21133
60.87 21134
60.88 21134
60.90 21134
60.91 21134
60.92 21134
60.93 21135
60.94 21136
60.95 21137
60.96 21137
60.97 21137
60.98 21137
60.99 21137
61.00 21142
61.01 21142
61.02 21142
61.03 21142
61.04 21143
61.05 21144
61.06 21144
61.08 21144
61.09 21144
61.10 21144
61.11 21144
61.12 21144
61.13 21144
61.14 21144
61.15 21145
61.16 21145
61.17 21145
61.18 21149
61.19 21149
61.20 21150
61.21 21153
61.22 21154
61.23 21157
61.24 21157
61.26 21160
61.27 21162
61.28 21164
61.29 21164
61.30 21166
61.31 21166
61.32 21167
61.33 21167
61.34 21167
61.35 21168
61.36 21172
61.37 21173
61.38 21173
61.39 21174
61.40 21175
61.41 21178
61.42 21178
61.44 21179
61.45 21182
61.46 21183
61.47 21183
61.48 21184
61.49 21184
61.50 21185
61.51 21187
61.52 21187
61.53 21187
61.54 21190
61.55 21191
61.56 21191
61.57 21195
61.58 21195
61.59 21198
61.60 21198
61.61 21198
61.63 21201
61.64 21203
61.65 21203
61.66 21204
61.67 21209
61.68 21216
61.69 21222
61.70 21223
61.71 21223
61.72 21226
61.73 21226
61.74 21226
61.75 21230
61.76 21230
61.77 21230
61.78 21231
61.79 21231
61.81 21232
61.82 21232
61.83 21232
61.84 21232
61.85 21232
61.86 21232
61.87 21232
61.88 21232
61.89 21232
61.90 21232
61.91 21232
61.92 21236
61.93 21237
61.94 21237
61.95 21237
61.96 21237
61.97 21238
61.99 21238
62.00 21238
62.01 21238
62.02 21238
62.03 21238
62.04 21238
62.05 21238
62.06 21238
62.07 21238
62.08 21238
62.09 21238
62.10 21242
62.11 21242
62.12 21242
62.13 21243
62.14 21243
62.15 21243
62.17 21243
62.18 21243
62.19 21243
62.20 21243
62.21 21243
62.22 21243
62.23 21243
62.24 21244
62.25 21244
62.26 21244
62.27 21247
62.28 21248
62.29 21248
62.30 21251
62.31 21252
62.32 21255
62.33 21255
62.35 21255
62.36 21259
62.37 21261
62.38 21261
62.39 21261
62.40 21263
62.41 21264
62.42 21264
62.43 21266
62.44 21266
62.45 21266
62.46 21266
62.47 21270
62.48 21271
62.49 21271
62.50 21272
62.51 21272
62.52 21272
62.54 21272
62.55 21272
62.56 21272
62.57 21272
62.58 21272
62.59 21272
62.60 21272
62.61 21272
62.62 21272
62.63 21272
62.64 21275
62.65 21275
62.66 21277
62.67 21277
62.68 21277
62.69 21277
62.70 21277
62.72 21277
62.73 21277
62.74 21277
62.75 21277
62.76 21277
62.77 21277
62.78 21277
62.79 21279
62.80 21279
62.81 21279
62.82 21281
62.83 21281
62.84 21281
62.85 21283
62.86 21283
62.87 21283
62.88 21283
62.90 21286
62.91 21289
62.92 21290
62.93 21290
62.94 21293
62.95 21293
62.96 21294
62.97 21297
62.98 21297
62.99 21297
63.00 21298
63.01 21299
63.02 21299
63.03 21299
63.04 21299
63.05 21303
63.06 21303
63.08 21303
63.09 21304
63.10 21304
63.11 21304
63.12 21305
63.13 21305
63.14 21307
63.15 21307
63.16 21307
63.17 21308
63.18 21309
63.19 21309
63.20 21309
63.21 21309
63.22 21312
63.23 21312
63.24 21312
63.26 21312
63.27 21312
63.28 21312
63.29 21313
63.30 21313
63.31 21314
63.32 21314
63.33 21314
63.34 21314
63.35 21314
63.36 21314
63.37 21314
63.38 21315
63.39 21315
63.40 21315
63.41 21315
63.42 21317
63.43 21317
63.45 21317
63.46 21317
63.47 21317
63.48 21317
63.49 21317
63.50 21318
63.51 21318
63.52 21318
63.53 21318
63.54 21318
63.55 21318
63.56 21320
63.57 21322
63.58 21323
63.59 21323
63.60 21323
63.61 21325
63.63 21328
63.64 21328
63.65 21332
63.66 21335
63.67 21335
63.68 21342
63.69 21347
63.70 21355
63.71 21358
63.72 21358
63.73 21359
63.74 21359
63.75 21359
63.76 21359
63.77 21362
63.78 21363
63.79 21363
63.81 21363
63.82 21364
63.83 21365
63.84 21365
63.85 21368
63.86 21370
63.87 21371
63.88 21371
63.89 21372
63.90 21375
63.91 21375
63.92 21376
63.93 21376
63.94 21376
63.95 21380
63.96 21380
63.97 21380
63.99 21380
64.00 21380
64.01 21382
64.02 21383
64.03 21383
64.04 21383
64.05 21384
64.06 21384
64.07 21384
64.08 21384
64.09 21384
64.10 21384
64.11 21388
64.12 21388
64.13 21388
64.14 21389
64.15 21390
64.17 21390
64.18 21394
64.19 21394
64.20 21398
64.21 21398
64.22 21399
64.23 21402
64.24 21405
64.25 21405
64.26 21405
64.27 21410
64.28 21418
64.29 21427
64.30 21430
64.31 21430
64.32 21438
64.33 21442
64.34 21445
64.36 21447
64.37 21450
64.38 21453
64.39 21456
64.40 21461
64.41 21464
64.42 21468
64.43 21472
64.44 21477
64.45 21481
64.46 21487
64.47 21494
64.48 21499
64.49 21504
64.50 21505
64.51 21510
64.52 21515
64.54 21522
64.55 21524
64.56 21527
64.57 21529
64.58 21529
64.59 21530
64.60 21530
64.61 21533
64.62 21536
64.63 21538
64.64 21540
64.65 21542
64.66 21542
64.67 21543
64.68 21544
64.69 21545
64.70 21547
64.72 21547
64.73 21548
64.74 21553
64.75 21555
64.76 21559
64.77 21564
64.78 21569
64.79 21574
64.80 21576
64.81 21581
64.82 21583
64.83 21589
64.84 21591
64.85 21594
64.86 21598
64.87 21603
64.88 21608
64.90 21611
64.91 21616
64.92 21622
64.93 21628
64.94 21632
64.95 21634
64.96 21640
64.97 21642
64.98 21649
64.99 21652
65.00 21657
65.01 21661
65.02 21667
65.03 21673
65.04 21678
65.05 21682
65.06 21686
65.08 21690
65.09 21695
65.10 21698
65.11 21702
65.12 21706
65.13 21709
65.14 21712
65.15 21715
65.16 21718
65.17 21720
65.18 21725
65.19 21731
65.20 21736
65.21 21741
65.22 21747
65.23 21752
65.24 21757
65.25 21763
65.27 21766
65.28 21771
65.29 21776
65.30 21781
65.31 21787
65.32 21793
65.33 21797
65.34 21802
65.35 21807
65.36 21811
65.37 21814
65.38 21817
65.39 21822
65.40 21823
65.41 21823
65.42 21823
65.43 21823
65.45 21826
65.46 21827
65.47 21830
65.48 21831
65.49 21832
65.50 21832
65.51 21832
65.52 21840
65.53 21842
65.54 21842
65.55 21845
65.56 21845
65.57 21846
65.58 21847
65.59 21847
65.60 21847
65.61 21847
65.63 21850
65.64 21851
65.65 21851
65.66 21853
65.67 21855
65.68 21858
65.69 21862
65.70 21871
65.71 21878
65.72 21883
65.73 21886
65.74 21889
65.75 21892
65.76 21899
65.77 21904
65.78 21910
65.79 21915
65.81 21918
65.82 21924
65.83 21928
65.84 21931
65.85 21933
65.86 21935
65.87 21936
65.88 21939
65.89 21939
65.90 21942
65.91 21944
65.92 21947
65.93 21952
65.94 21959
65.95 21961
65.96 21963
65.97 21967
65.99 21970
66.00 21975
66.01 21981
66.02 21985
66.03 21992
66.04 21999
66.05 22006
66.06 22009
66.07 22009
66.08 22009
66.09 22009
66.10 22013
66.11 22018
66.12 22025
66.13 22029
66.14 22031
66.15 22037
66.16 22042
66.18 22047
66.19 22053
66.20 22057
66.21 22063
66.22 22068
66.23 22069
66.24 22072
66.25 22076
66.26 22078
66.27 22081
66.28 22082
66.29 22089
66.30 22092
66.31 22097
66.32 22103
66.33 22106
66.34 22108
66.36 22109
66.37 22110
66.38 22115
66.39 22119
66.40 22123
66.41 22126
66.42 22130
66.43 22134
66.44 22139
66.45 22141
66.46 22144
66.47 22146
66.48 22151
66.49 22158
66.50 22165
66.51 22169
66.52 22176
66.54 22179
66.55 22185
66.56 22193
66.57 22198
66.58 22201
66.59 22207
66.60 22210
66.61 22214
66.62 22215
66.63 22225
66.64 22227
66.65 22230
66.66 22233
66.67 22236
66.68 22238
66.69 22240
66.70 22245
66.72 22248
66.73 22257
66.74 22263
66.75 22267
66.76 22274
66.77 22280
66.78 22285
66.79 22289
66.80 22293
66.81 22299
66.82 22306
66.83 22312
66.84 22317
66.85 22325
66.86 22331
66.87 22335
66.88 22339
66.90 22345
66.91 22349
66.92 22353
66.93 22357
66.94 22359
66.95 22364
66.96 22369
66.97 22373
66.98 22379
66.99 22382
67.00 22384
67.01 22387
67.02 22392
67.03 22396
67.04 22400
67.05 22401
67.06 22405
67.07 22410
67.09 22413
67.10 22414
67.11 22421
67.12 22425
67.13 22428
67.14 22429
67.15 22434
67.16 22437
67.17 22441
67.18 22445
67.19 22452
67.20 22457
67.21 22463
67.22 22465
67.23 22472
67.24 22479
67.25 22484
67.27 22490
67.28 22493
67.29 22497
67.30 22499
67.31 22502
67.32 22505
67.33 22508
67.34 22510
67.35 22513
67.36 22518
67.37 22521
67.38 22524
67.39 22527
67.40 22532
67.41 22536
67.42 22537
67.43 22542
67.45 22549
67.46 22553
67.47 22555
67.48 22562
67.49 22566
67.50 22568
67.51 22570
67.52 22572
67.53 22576
67.54 22583
67.55 22589
67.56 22591
67.57 22599
67.58 22601
67.59 22603
67.60 22609
67.61 22611
67.63 22615
67.64 22620
67.65 22628
67.66 22633
67.67 22636
67.68 22639
67.69 22646
67.70 22651
67.71 22657
67.72 22661
67.73 22665
67.74 22670
67.75 22672
67.76 22675
67.77 22677
67.78 22679
67.79 22680
67.81 22685
67.82 22689
67.83 22694
67.84 22700
67.85 22704
67.86 22707
67.87 22710
67.88 22711
67.89 22718
67.90 22722
67.91 22727
67.92 22731
67.93 22735
67.94 22741
67.95 22745
67.96 22747
67.97 22750
67.98 22755
68.00 22761
68.01 22764
68.02 22768
68.03 22772
68.04 22777
68.05 22784
68.06 22792
68.07 22797
68.08 22802
68.09 22808
68.10 22811
68.11 22817
68.12 22821
68.13 22825
68.14 22832
68.15 22833
68.16 22836
68.18 22838
68.19 22842
68.20 22845
68.21 22847
68.22 22852
68.23 22856
68.24 22858
68.25 22862
68.26 22866
68.27 22872
68.28 22875
68.29 22880
68.30 22882
68.31 22883
68.32 22888
68.33 22893
68.34 22894
68.36 22895
68.37 22898
68.38 22900
68.39 22908
68.40 22912
68.41 22919
68.42 22924
68.43 22929
68.44 22931
68.45 22933
68.46 22939
68.47 22944
68.48 22947
68.49 22950
68.50 22955
68.51 22958
68.52 22961
68.54 22965
68.55 22967
68.56 22970
68.57 22974
68.58 22979
68.59 22982
68.60 22987
68.61 22991
68.62 22995
68.63 22998
68.64 23002
68.65 23009
68.66 23014
68.67 23019
68.68 23022
68.69 23027
68.70 23029
68.72 23030
68.73 23035
68.74 23038
68.75 23042
68.76 23046
68.77 23051
68.78 23059
68.79 23063
68.80 23067
68.81 23071
68.82 23078
68.83 23080
68.84 23082
68.85 23087
68.86 23093
68.87 23096
68.88 23099
68.89 23101
68.91 23102
68.92 23106
68.93 23107
68.94 23109
68.95 23117
68.96 23121
68.97 23124
68.98 23129
68.99 23134
69.00 23138
69.01 23145
69.02 23146
69.03 23149
69.04 23151
69.05 23152
69.06 23152
69.07 23152
69.09 23153
69.10 23154
69.11 23154
69.12 23155
69.13 23156
69.14 23157
69.15 23157
69.16 23158
69.17 23159
69.18 23160
69.19 23160
69.20 23161
69.21 23162
69.22 23164
69.23 23167
69.24 23170
69.25 23172
69.27 23173
69.28 23176
69.29 23179
69.30 23182
69.31 23183
69.32 23183
69.33 23185
69.34 23187
69.35 23188
69.36 23188
69.37 23188
69.38 23191
69.39 23192
69.40 23192
69.41 23193
69.42 23194
69.43 23194
69.45 23194
69.46 23195
69.47 23195
69.48 23195
69.49 23195
69.50 23195
69.51 23195
69.52 23196
69.53 23196
69.54 23196
69.55 23199
69.56 23199
69.57 23200
69.58 23200
69.59 23200
69.60 23202
69.61 23203
69.63 23203
69.64 23203
69.65 23203
69.66 23203
69.67 23203
69.68 23204
69.69 23205
69.70 23205
69.71 23205
69.72 23205
69.73 23205
69.74 23208
69.75 23209
69.76 23209
69.77 23209
69.78 23209
69.79 23210
69.80 23211
69.82 23211
69.83 23211
69.84 23211
69.85 23211
69.86 23211
69.87 23211
69.88 23211
69.89 23212
69.90 23212
69.91 23212
69.92 23212
69.93 23217
69.94 23221
69.95 23222
69.96 23222
69.97 23222
69.98 23223
70.00 23224
70.01 23224
70.02 23224
70.03 23224
70.04 23224
70.05 23224
70.06 23224
70.07 23228
70.08 23228
70.09 23228
70.10 23228
70.11 23228
70.12 23228
70.13 23234
70.14 23234
70.15 23234
70.16 23234
70.18 23234
70.19 23236
70.20 23237
70.21 23237
70.22 23238
70.23 23238
70.24 23238
70.25 23240
70.26 23240
70.27 23240
70.28 23242
70.29 23243
70.30 23243
70.31 23246
70.32 23248
70.33 23248
70.34 23248
70.36 23249
70.37 23249
70.38 23249
70.39 23249
70.40 23249
70.41 23249
70.42 23249
70.43 23249
70.44 23249
70.45 23252
70.46 23252
70.47 23252
70.48 23255
70.49 23256
70.50 23256
70.51 23256
70.52 23256
70.54 23259
70.55 23260
70.56 23260
70.57 23265
70.58 23266
70.59 23267
70.60 23267
70.61 23268
70.62 23269
70.63 23270
70.64 23270
70.65 23272
70.66 23273
70.67 23273
70.68 23276
70.69 23276
70.70 23278
70.71 23279
70.73 23279
70.74 23285
70.75 23285
70.76 23288
70.77 23288
70.78 23293
70.79 23294
70.80 23297
70.81 23300
70.82 23303
70.83 23312
70.84 23320
70.85 23324
70.86 23329
70.87 23331
70.88 23333
70.89 23335
70.91 23336
70.92 23338
70.93 23342
70.94 23343
70.95 23344
70.96 23347
70.97 23348
70.98 23353
70.99 23355
71.00 23358
71.01 23363
71.02 23371
71.03 23377
71.04 23380
71.05 23382
71.06 23384
71.07 23388
71.09 23390
71.10 23391
71.11 23394
71.12 23396
71.13 23399
71.14 23402
71.15 23403
71.16 23404
71.17 23409
71.18 23411
71.19 23412
71.20 23415
71.21 23421
71.22 23424
71.23 23427
71.24 23431
71.25 23435
71.27 23437
71.28 23441
71.29 23446
71.30 23447
71.31 23449
71.32 23451
71.33 23454
71.34 23456
71.35 23461
71.36 23465
71.37 23467
71.38 23472
71.39 23473
71.40 23475
71.41 23479
71.42 23481
71.43 23481
71.45 23483
71.46 23486
71.47 23491
71.48 23493
71.49 23494
71.50 23496
71.51 23500
71.52 23501
71.53 23503
71.54 23506
71.55 23508
71.56 23510
71.57 23513
71.58 23516
71.59 23519
71.60 23526
71.61 23530
71.62 23532
71.64 23537
71.65 23538
71.66 23541
71.67 23544
71.68 23545
71.69 23550
71.70 23551
71.71 23554
71.72 23557
71.73 23563
71.74 23568
71.75 23571
71.76 23574
71.77 23575
71.78 23579
71.79 23582
71.80 23585
71.82 23587
71.83 23594
71.84 23601
71.85 23605
71.86 23612
71.87 23615
71.88 23617
71.89 23620
71.90 23620
71.91 23628
71.92 23631
71.93 23637
71.94 23639
71.95 23643
71.96 23651
71.97 23659
71.98 23661
72.00 23663
72.01 23666
72.02 23673
72.03 23673
72.04 23674
72.05 23676
72.06 23679
72.07 23679
72.08 23681
72.09 23683
72.10 23687
72.11 23687
72.12 23688
72.13 23689
72.14 23696
72.15 23696
72.16 23698
72.18 23700
72.19 23708
72.20 23709
72.21 23709
72.22 23710
72.23 23712
72.24 23717
72.25 23722
72.26 23723
72.27 23725
72.28 23728
72.29 23729
72.30 23732
72.31 23733
72.32 23736
72.33 23737
72.34 23741
72.36 23745
72.37 23750
72.38 23753
72.39 23755
72.40 23762
72.41 23764
72.42 23766
72.43 23769
72.44 23773
72.45 23776
72.46 23781
72.47 23784
72.48 23791
72.49 23796
72.50 23801
72.51 23805
72.52 23811
72.53 23816
72.55 23820
72.56 23823
72.57 23826
72.58 23829
72.59 23832
72.60 23836
72.61 23841
72.62 23847
72.63 23851
72.64 23854
72.65 23855
72.66 23857
72.67 23857
72.68 23860
72.69 23863
72.70 23865
72.71 23866
72.73 23869
72.74 23875
72.75 23882
72.76 23888
72.77 23893
72.78 23896
72.79 23900
72.80 23901
72.81 23904
72.82 23908
72.83 23909
72.84 23912
72.85 23916
72.86 23918
72.87 23922
72.88 23927
72.89 23929
72.91 23934
72.92 23936
72.93 23937
72.94 23941
72.95 23943
72.96 23946
72.97 23950
72.98 23952
72.99 23956
73.00 23958
73.01 23960
73.02 23965
73.03 23968
73.04 23974
73.05 23976
73.06 23978
73.07 23981
73.09 23982
73.10 23983
73.11 23987
73.12 23989
73.13 23995
73.14 23999
73.15 24003
73.16 24008
73.17 24010
73.18 24014
73.19 24017
73.20 24023
73.21 24026
73.22 24030
73.23 24035
73.24 24042
73.25 24046
73.26 24050
73.28 24055
73.29 24061
73.30 24068
73.31 24074
73.32 24081
73.33 24088
73.34 24090
73.35 24093
73.36 24095
73.37 24096
73.38 24100
73.39 24102
73.40 24107
73.41 24108
73.42 24110
73.43 24114
73.44 24116
73.46 24118
73.47 24119
73.48 24123
73.49 24127
73.50 24128
73.51 24132
73.52 24136
73.53 24140
73.54 24144
73.55 24146
73.56 24151
73.57 24154
73.58 24157
73.59 24164
73.60 24169
73.61 24172
73.62 24179
73.64 24187
73.65 24191
73.66 24194
73.67 24197
73.68 24203
73.69 24206
73.70 24207
73.71 24212
73.72 24217
73.73 24219
73.74 24223
73.75 24227
73.76 24234
73.77 24237
73.78 24239
73.79 24244
73.80 24250
73.82 24254
73.83 24257
73.84 24260
73.85 24266
73.86 24269
73.87 24271
73.88 24272
73.89 24275
73.90 24279
73.91 24283
73.92 24287
73.93 24294
73.94 24295
73.95 24300
73.96 24303
73.97 24307
73.98 24311
74.00 24314
74.01 24315
74.02 24320
74.03 24324
74.04 24327
74.05 24329
74.06 24333
74.07 24338
74.08 24340
74.09 24343
74.10 24346
74.11 24350
74.12 24355
74.13 24360
74.14 24365
74.15 24370
74.16 24374
74.17 24377
74.19 24380
74.20 24383
74.21 24385
74.22 24389
74.23 24395
74.24 24401
74.25 24404
74.26 24407
74.27 24410
74.28 24414
74.29 24418
74.30 24424
74.31 24428
74.32 24432
74.33 24438
74.34 24443
74.35 24448
74.37 24452
74.38 24457
74.39 24460
74.40 24464
74.41 24468
74.42 24473
74.43 24480
74.44 24483
74.45 24487
74.46 24490
74.47 24492
74.48 24496
74.49 24502
74.50 24506
74.51 24508
74.52 24510
74.53 24513
74.55 24514
74.56 24514
74.57 24524
74.58 24529
74.59 24529
74.60 24530
74.61 24534
74.62 24537
74.63 24540
74.64 24541
74.65 24543
74.66 24548
74.67 24553
74.68 24553
74.69 24556
74.70 24561
74.71 24565
74.73 24567
74.74 24570
74.75 24576
74.76 24582
74.77 24585
74.78 24587
74.79 24589
74.80 24592
74.81 24595
74.82 24600
74.83 24604
74.84 24607
74.85 24610
74.86 24612
74.87 24618
74.88 24625
74.89 24632
74.91 24637
74.92 24644
74.93 24646
74.94 24652
74.95 24652
74.96 24657
74.97 24662
74.98 24667
74.99 24671
75.00 24675
75.01 24680
75.02 24684
75.03 24687
75.04 24688
75.05 24691
75.06 24695
75.07 24698
75.08 24700
75.10 24705
75.11 24708
75.12 24713
75.13 24717
75.14 24720
75.15 24723
75.16 24727
75.17 24732
75.18 24737
75.19 24742
75.20 24745
75.21 24748
75.22 24754
75.23 24758
75.24 24760
75.25 24763
75.26 24769
75.28 24770
75.29 24775
75.30 24778
75.31 24783
75.32 24787
75.33 24789
75.34 24795
75.35 24799
75.36 24801
75.37 24805
75.38 24808
75.39 24813
75.40 24817
75.41 24820
75.42 24823
75.43 24826
75.44 24831
75.46 24834
75.47 24838
75.48 24840
75.49 24844
75.50 24846
75.51 24852
75.52 24857
75.53 24860
75.54 24862
75.55 24866
75.56 24869
75.57 24873
75.58 24877
75.59 24880
75.60 24883
75.61 24886
75.62 24887
75.64 24891
75.65 24894
75.66 24894
75.67 24897
75.68 24901
75.69 24906
75.70 24912
75.71 24913
75.72 24918
75.73 24919
75.74 24922
75.75 24927
75.76 24929
75.77 24932
75.78 24936
75.79 24937
75.80 24939
75.82 24943
75.83 24943
75.84 24943
75.85 24944
75.86 24946
75.87 24947
75.88 24947
75.89 24949
75.90 24950
75.91 24950
75.92 24950
75.93 24953
75.94 24953
75.95 24953
75.96 24955
75.97 24957
75.98 24957
75.99 24957
76.01 24959
76.02 24959
76.03 24959
76.04 24959
76.05 24962
76.06 24962
76.07 24962
76.08 24964
76.09 24965
76.10 24965
76.11 24965
76.12 24968
76.13 24968
76.14 24968
76.15 24968
76.16 24971
76.17 24971
76.19 24971
76.20 24972
76.21 24974
76.22 24974
76.23 24974
76.24 24976
76.25 24977
76.26 24977
76.27 24977
76.28 24980
76.29 24980
76.30 24980
76.31 24980
76.32 24983
76.33 24983
76.34 24983
76.35 24984
76.37 24986
76.38 24986
76.39 24986
76.40 24988
76.41 24989
76.42 24989
76.43 24989
76.44 24991
76.45 24991
76.46 24991
76.47 24991
76.48 24994
76.49 24994
76.50 24994
76.51 24995
76.52 24997
76.53 24997
76.55 24997
76.56 24999
76.57 25000
76.58 25002
76.59 25004
76.60 25005
76.61 25007
76.62 25014
76.63 25016
76.64 25020
76.65 25023
76.66 25027
76.67 25032
76.68 25036
76.69 25039
76.70 25044
76.71 25049
76.73 25055
76.74 25061
76.75 25064
76.76 25068
76.77 25073
76.78 25077
76.79 25080
76.80 25084
76.81 25087
76.82 25090
76.83 25096
76.84 25100
76.85 25104
76.86 25111
76.87 25114
76.88 25117
76.89 25118
76.90 25123
76.92 25127
76.93 25131
76.94 25138
76.95 25146
76.96 25149
76.97 25152
76.98 25157
76.99 25158
77.00 25160
77.01 25161
77.02 25162
77.03 25163
77.04 25166
77.05 25166
77.06 25167
77.07 25172
77.08 25173
77.10 25174
77.11 25176
77.12 25180
77.13 25184
77.14 25184
77.15 25189
77.16 25191
77.17 25193
77.18 25195
77.19 25199
77.20 25203
77.21 25207
77.22 25211
77.23 25214
77.24 25215
77.25 25215
77.26 25217
77.28 25223
77.29 25227
77.30 25231
77.31 25234
77.32 25235
77.33 25238
77.34 25242
77.35 25246
77.36 25247
77.37 25249
77.38 25250
77.39 25251
77.40 25253
77.41 25253
77.42 25256
77.43 25256
77.44 25258
77.46 25258
77.47 25260
77.48 25260
77.49 25261
77.50 25262
77.51 25262
77.52 25265
77.53 25267
77.54 25268
77.55 25270
77.56 25273
77.57 25276
77.58 25282
77.59 25283
77.60 25285
77.61 25288
77.62 25291
77.64 25299
77.65 25303
77.66 25306
77.67 25309
77.68 25310
77.69 25311
77.70 25314
77.71 25316
77.72 25320
77.73 25323
77.74 25325
77.75 25326
77.76 25330
77.77 25333
77.78 25337
77.79 25337
77.80 25342
77.81 25345
77.83 25345
77.84 25347
77.85 25347
77.86 25350
77.87 25353
77.88 25358
77.89 25360
77.90 25363
77.91 25366
77.92 25367
77.93 25371
77.94 25374
77.95 25375
77.96 25378
77.97 25381
77.98 25382
77.99 25386
78.01 25389
78.02 25389
78.03 25392
78.04 25394
78.05 25396
78.06 25398
78.07 25403
78.08 25404
78.09 25405
78.10 25409
78.11 25410
78.12 25415
78.13 25416
78.14 25417
78.15 25422
78.16 25424
78.17 25428
78.19 25429
78.20 25431
78.21 25434
78.22 25434
78.23 25436
78.24 25437
78.25 25438
78.26 25440
78.27 25443
78.28 25445
78.29 25446
78.30 25447
78.31 25447
78.32 25450
78.33 25454
78.34 25459
78.35 25462
78.37 25468
78.38 25473
78.39 25475
78.40 25481
78.41 25485
78.42 25488
78.43 25490
78.44 25491
78.45 25495
78.46 25496
78.47 25500
78.48 25504
78.49 25507
78.50 25513
78.51 25516
78.52 25519
78.53 25525
78.55 25529
78.56 25534
78.57 25538
78.58 25542
78.59 25546
78.60 25551
78.61 25554
78.62 25561
78.63 25564
78.64 25568
78.65 25575
78.66 25580
78.67 25583
78.68 25587
78.69 25596
78.70 25603
78.71 25605
78.72 25609
78.74 25612
78.75 25616
78.76 25617
78.77 25622
78.78 25625
78.79 25631
78.80 25634
78.81 25638
78.82 25640
78.83 25643
78.84 25645
78.85 25646
78.86 25652
78.87 25655
78.88 25659
78.89 25662
78.90 25666
78.92 25669
78.93 25675
78.94 25680
78.95 25685
78.96 25686
78.97 25691
78.98 25697
78.99 25699
79.00 25703
79.01 25705
79.02 25707
79.03 25710
79.04 25712
79.05 25715
79.06 25717
79.07 25720
79.08 25725
79.10 25727
79.11 25730
79.12 25734
79.13 25735
79.14 25736
79.15 25739
79.16 25742
79.17 25746
79.18 25749
79.19 25755
79.20 25758
79.21 25760
79.22 25762
79.23 25767
79.24 25773
79.25 25776
79.26 25779
79.28 25783
79.29 25792
79.30 25797
79.31 25800
79.32 25801
79.33 25807
79.34 25811
79.35 25816
79.36 25818
79.37 25823
79.38 25830
79.39 25833
79.40 25838
79.41 25843
79.42 25846
79.43 25850
79.44 25857
79.46 25862
79.47 25866
79.48 25871
79.49 25877
79.50 25879
79.51 25885
79.52 25888
79.53 25890
79.54 25893
79.55 25897
79.56 25900
79.57 25902
79.58 25904
79.59 25905
79.60 25906
79.61 25908
79.62 25909
79.63 25910
79.65 25911
79.66 25911
79.67 25916
79.68 25917
79.69 25917
79.70 25919
79.71 25920
79.72 25921
79.73 25922
79.74 25927
79.75 25932
79.76 25932
79.77 25932
79.78 25933
79.79 25933
79.80 25935
79.81 25936
79.83 25938
79.84 25939
79.85 25941
79.86 25943
79.87 25945
79.88 25945
79.89 25948
79.90 25951
79.91 25959
79.92 25960
79.93 25960
79.94 25961
79.95 25964
79.96 25964
79.97 25965
79.98 25965
79.99 25967
80.01 25971
80.02 25971
80.03 25973
80.04 25975
80.05 25977
80.06 25980
80.07 25980
80.08 25981
80.09 25981
80.10 25982
80.11 25982
80.12 25983
80.13 25983
80.14 25985
80.15 25985
80.16 25985
80.17 25985
80.19 25987
80.20 25988
80.21 25991
80.22 25993
80.23 25994
80.24 25997
80.25 25998
80.26 25998
80.27 25998
80.28 25999
80.29 26001
80.30 26005
80.31 26006
80.32 26006
80.33 26009
80.34 26010
80.35 26010
80.37 26010
80.38 26011
80.39 26012
80.40 26012
80.41 26012
80.42 26012
80.43 26012
80.44 26012
80.45 26012
80.46 26012
80.47 26014
80.48 26014
80.49 26014
80.50 26016
80.51 26017
80.52 26017
80.53 26020
80.54 26020
80.56 26023
80.57 26023
80.58 26023
80.59 26029
80.60 26029
80.61 26031
80.62 26032
80.63 26033
80.64 26037
80.65 26039
80.66 26041
80.67 26043
80.68 26044
80.69 26049
80.70 26052
80.71 26054
80.72 26060
80.74 26067
80.75 26069
80.76 26078
80.77 26083
80.78 26087
80.79 26094
80.80 26097
80.81 26104
80.82 26110
80.83 26113
80.84 26117
80.85 26121
80.86 26127
80.87 26131
80.88 26134
80.89 26138
80.90 26142
80.92 26144
80.93 26147
80.94 26151
80.95 26156
80.96 26161
80.97 26165
80.98 26168
80.99 26171
81.00 26174
81.01 26178
81.02 26181
81.03 26184
81.04 26186
81.05 26189
81.06 26192
81.07 26196
81.08 26202
81.10 26204
81.11 26207
81.12 26210
81.13 26213
81.14 26217
81.15 26222
81.16 26230
81.17 26236
81.18 26240
81.19 26247
81.20 26253
81.21 26260
81.22 26265
81.23 26270
81.24 26274
81.25 26280
81.26 26287
81.28 26291
81.29 26300
81.30 26304
81.31 26308
81.32 26311
81.33 26315
81.34 26320
81.35 26324
81.36 26328
81.37 26333
81.38 26338
81.39 26340
81.40 26343
81.41 26348
81.42 26354
81.43 26361
81.44 26364
81.45 26368
81.47 26371
81.48 26375
81.49 26378
81.50 26380
81.51 26384
81.52 26388
81.53 26391
81.54 26396
81.55 26405
81.56 26408
81.57 26411
81.58 26415
81.59 26422
81.60 26426
81.61 26430
81.62 26435
81.63 26440
81.65 26444
81.66 26449
81.67 26455
81.68 26458
81.69 26465
81.70 26471
81.71 26477
81.72 26481
81.73 26485
81.74 26489
81.75 26497
81.76 26501
81.77 26506
81.78 26509
81.79 26516
81.80 26520
81.81 26523
81.83 26525
81.84 26527
81.85 26534
81.86 26540
81.87 26544
81.88 26547
81.89 26551
81.90 26555
81.91 26558
81.92 26566
81.93 26570
81.94 26575
81.95 26578
81.96 26585
81.97 26590
81.98 26593
81.99 26597
82.01 26600
82.02 26604
82.03 26608
82.04 26614
82.05 26618
82.06 26625
82.07 26630
82.08 26635
82.09 26640
82.10 26645
82.11 26648
82.12 26654
82.13 26658
82.14 26664
82.15 26668
82.16 26671
82.17 26676
82.19 26681
82.20 26688
82.21 26691
82.22 26696
82.23 26701
82.24 26706
82.25 26712
82.26 26716
82.27 26719
82.28 26724
82.29 26729
82.30 26733
82.31 26736
82.32 26739
82.33 26741
82.34 26746
82.35 26751
82.36 26754
82.38 26756
82.39 26760
82.40 26767
82.41 26771
82.42 26778
82.43 26780
82.44 26786
82.45 26791
82.46 26795
82.47 26800
82.48 26803
82.49 26806
82.50 26812
82.51 26816
82.52 26819
82.53 26824
82.54 26828
82.56 26832
82.57 26838
82.58 26841
82.59 26844
82.60 26848
82.61 26852
82.62 26856
82.63 26860
82.64 26864
82.65 26865
82.66 26869
82.67 26874
82.68 26878
82.69 26881
82.70 26882
82.71 26882
82.72 26885
82.74 26886
82.75 26893
82.76 26898
82.77 26902
82.78 26908
82.79 26914
82.80 26916
82.81 26920
82.82 26924
82.83 26925
82.84 26931
82.85 26936
82.86 26940
82.87 26945
82.88 26950
82.89 26952
82.90 26960
82.92 26966
82.93 26971
82.94 26975
82.95 26977
82.96 26982
82.97 26988
82.98 26992
82.99 26998
83.00 27002
83.01 27005
83.02 27011
83.03 27020
83.04 27025
83.05 27030
83.06 27035
83.07 27039
83.08 27045
83.10 27049
83.11 27053
83.12 27057
83.13 27061
83.14 27068
83.15 27071
83.16 27078
83.17 27083
83.18 27086
83.19 27092
83.20 27096
83.21 27100
83.22 27105
83.23 27108
83.24 27114
83.25 27119
83.26 27121
83.27 27128
83.29 27130
83.30 27132
83.31 27139
83.32 27142
83.33 27147
83.34 27152
83.35 27157
83.36 27164
83.37 27168
83.38 27175
83.39 27181
83.40 27185
83.41 27191
83.42 27196
83.43 27199
83.44 27205
83.45 27207
83.47 27212
83.48 27217
83.49 27222
83.50 27226
83.51 27229
83.52 27233
83.53 27237
83.54 27240
83.55 27243
83.56 27246
83.57 27250
83.58 27255
83.59 27258
83.60 27261
83.61 27265
83.62 27268
83.63 27272
83.65 27277
83.66 27281
83.67 27284
83.68 27289
83.69 27294
83.70 27300
83.71 27302
83.72 27309
83.73 27315
83.74 27318
83.75 27325
83.76 27329
83.77 27333
83.78 27335
83.79 27339
83.80 27344
83.81 27348
83.83 27351
83.84 27353
83.85 27357
83.86 27361
83.87 27364
83.88 27369
83.89 27371
83.90 27375
83.91 27378
83.92 27381
83.93 27385
83.94 27389
83.95 27396
83.96 27401
83.97 27405
83.98 27410
83.99 27417
84.01 27422
84.02 27427
84.03 27430
84.04 27433
84.05 27438
84.06 27442
84.07 27446
84.08 27449
84.09 27452
84.10 27456
84.11 27460
84.12 27464
84.13 27467
84.14 27472
84.15 27476
84.16 27479
84.17 27482
84.18 27486
84.20 27490
84.21 27494
84.22 27500
84.23 27504
84.24 27511
84.25 27517
84.26 27524
84.27 27529
84.28 27534
84.29 27539
84.30 27542
84.31 27548
84.32 27552
84.33 27557
84.34 27562
84.35 27564
84.36 27570
84.38 27574
84.39 27580
84.40 27583
84.41 27586
84.42 27590
84.43 27594
84.44 27598
84.45 27603
84.46 27607
84.47 27610
84.48 27616
84.49 27620
84.50 27623
84.51 27627
84.52 27633
84.53 27638
84.54 27644
84.56 27649
84.57 27656
84.58 27659
84.59 27665
84.60 27669
84.61 27672
84.62 27673
84.63 27677
84.64 27683
84.65 27686
84.66 27691
84.67 27697
84.68 27699
84.69 27704
84.70 27707
84.71 27714
84.72 27715
84.74 27719
84.75 27725
84.76 27731
84.77 27736
84.78 27740
84.79 27743
84.80 27749
84.81 27753
84.82 27759
84.83 27763
84.84 27769
84.85 27773
84.86 27775
84.87 27779
84.88 27784
84.89 27788
84.90 27790
84.92 27797
84.93 27802
84.94 27806
84.95 27813
84.96 27818
84.97 27823
84.98 27824
84.99 27829
85.00 27831
85.01 27833
85.02 27837
85.03 27840
85.04 27842
85.05 27850
85.06 27856
85.07 27861
85.08 27865
85.09 27868
85.11 27873
85.12 27879
85.13 27883
85.14 27884
85.15 27890
85.16 27894
85.17 27899
85.18 27903
85.19 27907
85.20 27913
85.21 27918
85.22 27920
85.23 27923
85.24 27925
85.25 27928
85.26 27933
85.27 27938
85.29 27943
85.30 27947
85.31 27952
85.32 27957
85.33 27961
85.34 27964
85.35 27969
85.36 27973
85.37 27979
85.38 27985
85.39 27989
85.40 27993
85.41 27996
85.42 28001
85.43 28007
85.44 28011
85.45 28017
85.47 28023
85.48 28027
85.49 28032
85.50 28038
85.51 28043
85.52 28049
85.53 28052
85.54 28058
85.55 28063
85.56 28068
85.57 28072
85.58 28076
85.59 28079
85.60 28082
85.61 28086
85.62 28088
85.63 28092
85.65 28095
85.66 28098
85.67 28102
85.68 28108
85.69 28113
85.70 28118
85.71 28124
85.72 28131
85.73 28136
85.74 28140
85.75 28145
85.76 28148
85.77 28152
85.78 28157
85.79 28161
85.80 28165
85.81 28169
85.83 28173
85.84 28177
85.85 28182
85.86 28186
85.87 28189
85.88 28194
85.89 28199
85.90 28201
85.91 28207
85.92 28209
85.93 28212
85.94 28218
85.95 28221
85.96 28226
85.97 28230
85.98 28232
85.99 28237
86.00 28240
86.02 28242
86.03 28248
86.04 28255
86.05 28260
86.06 28265
86.07 28269
86.08 28273
86.09 28277
86.10 28281
86.11 28283
86.12 28287
86.13 28294
86.14 28297
86.15 28301
86.16 28305
86.17 28310
86.18 28315
86.20 28319
86.21 28325
86.22 28329
86.23 28332
86.24 28335
86.25 28337
86.26 28344
86.27 28349
86.28 28354
86.29 28359
86.30 28362
86.31 28368
86.32 28372
86.33 28376
86.34 28382
86.35 28389
86.36 28395
86.38 28402
86.39 28406
86.40 28409
86.41 28412
86.42 28418
86.43 28422
86.44 28428
86.45 28434
86.46 28439
86.47 28442
86.48 28447
86.49 28451
86.50 28455
86.51 28458
86.52 28463
86.53 28469
86.54 28470
86.56 28476
86.57 28480
86.58 28483
86.59 28489
86.60 28493
86.61 28500
86.62 28507
86.63 28509
86.64 28512
86.65 28517
86.66 28522
86.67 28525
86.68 28532
86.69 28536
86.70 28541
86.71 28544
86.72 28549
86.74 28556
86.75 28560
86.76 28565
86.77 28570
86.78 28576
86.79 28581
86.80 28587
86.81 28591
86.82 28594
86.83 28598
86.84 28603
86.85 28606
86.86 28612
86.87 28615
86.88 28618
86.89 28619
86.90 28622
86.91 28623
86.93 28628
86.94 28633
86.95 28637
86.96 28639
86.97 28643
86.98 28646
86.99 28650
87.00 28654
87.01 28658
87.02 28660
87.03 28664
87.04 28666
87.05 28671
87.06 28678
87.07 28681
87.08 28683
87.09 28685
87.11 28687
87.12 28694
87.13 28699
87.14 28705
87.15 28710
87.16 28716
87.17 28720
87.18 28723
87.19 28730
87.20 28735
87.21 28742
87.22 28748
87.23 28751
87.24 28755
87.25 28761
87.26 28762
87.27 28764
87.29 28770
87.30 28772
87.31 28776
87.32 28778
87.33 28780
87.34 28786
87.35 28789
87.36 28793
87.37 28797
87.38 28802
87.39 28807
87.40 28809
87.41 28811
87.42 28815
87.43 28821
87.44 28825
87.45 28831
87.47 28835
87.48 28839
87.49 28843
87.50 28845
87.51 28849
87.52 28853
87.53 28856
87.54 28859
87.55 28859
87.56 28864
87.57 28868
87.58 28870
87.59 28874
87.60 28878
87.61 28882
87.62 28886
87.63 28887
87.64 28892
87.66 28895
87.67 28896
87.68 28900
87.69 28902
87.70 28907
87.71 28908
87.72 28909
87.73 28911
87.74 28916
87.75 28917
87.76 28921
87.77 28924
87.78 28929
87.79 28933
87.80 28935
87.81 28940
87.82 28941
87.84 28944
87.85 28945
87.86 28948
87.87 28952
87.88 28957
87.89 28957
87.90 28959
87.91 28965
87.92 28969
87.93 28973
87.94 28973
87.95 28974
87.96 28981
87.97 28986
87.98 28991
87.99 28995
88.00 28998
88.02 29004
88.03 29007
88.04 29007
88.05 29009
88.06 29011
88.07 29015
88.08 29016
88.09 29017
88.10 29017
88.11 29017
88.12 29021
88.13 29022
88.14 29024
88.15 29028
88.16 29034
88.17 29038
88.18 29044
88.20 29046
88.21 29051
88.22 29055
88.23 29059
88.24 29060
88.25 29062
88.26 29064
88.27 29066
88.28 29071
88.29 29075
88.30 29079
88.31 29081
88.32 29087
88.33 29088
88.34 29091
88.35 29096
88.36 29097
88.38 29098
88.39 29104
88.40 29108
88.41 29110
88.42 29115
88.43 29116
88.44 29120
88.45 29123
88.46 29126
88.47 29128
88.48 29132
88.49 29137
88.50 29142
88.51 29149
88.52 29153
88.53 29157
88.54 29161
88.55 29167
88.57 29174
88.58 29178
88.59 29183
88.60 29188
88.61 29190
88.62 29194
88.63 29200
88.64 29204
88.65 29206
88.66 29211
88.67 29214
88.68 29216
88.69 29222
88.70 29225
88.71 29231
88.72 29237
88.73 29241
88.75 29246
88.76 29247
88.77 29255
88.78 29261
88.79 29264
88.80 29266
88.81 29271
88.82 29275
88.83 29278
88.84 29284
88.85 29289
88.86 29294
88.87 29299
88.88 29304
88.89 29308
88.90 29312
88.91 29314
88.93 29320
88.94 29325
88.95 29329
88.96 29331
88.97 29336
88.98 29338
88.99 29342
89.00 29347
89.01 29351
89.02 29355
89.03 29360
89.04 29363
89.05 29366
89.06 29372
89.07 29376
89.08 29379
89.09 29387
89.11 29394
89.12 29401
89.13 29407
89.14 29412
89.15 29416
89.16 29417
89.17 29420
89.18 29426
89.19 29431
89.20 29432
89.21 29435
89.22 29440
89.23 29444
89.24 29447
89.25 29448
89.26 29452
89.27 29456
89.29 29460
89.30 29464
89.31 29471
89.32 29474
89.33 29475
89.34 29477
89.35 29482
89.36 29485
89.37 29485
89.38 29488
89.39 29489
89.40 29491
89.41 29493
89.42 29496
89.43 29498
89.44 29500
89.45 29500
89.46 29501
89.48 29506
89.49 29509
89.50 29511
89.51 29512
89.52 29513
89.53 29516
89.54 29517
89.55 29519
89.56 29520
89.57 29521
89.58 29523
89.59 29526
89.60 29528
89.61 29532
89.62 29532
89.63 29532
89.64 29533
89.66 29534
89.67 29536
89.68 29537
89.69 29538
89.70 29539
89.71 29539
89.72 29540
89.73 29545
89.74 29545
89.75 29545
89.76 29548
89.77 29549
89.78 29549
89.79 29550
89.80 29550
89.81 29551
89.82 29551
89.84 29551
89.85 29551
89.86 29551
89.87 29551
89.88 29551
89.89 29551
89.90 29552
89.91 29552
89.92 29552
89.93 29556
89.94 29556
89.95 29556
89.96 29559
89.97 29559
89.98 29561
89.99 29562
90.00 29562
90.02 29564
90.03 29567
90.04 29567
90.05 29567
90.06 29567
90.07 29573
90.08 29575
90.09 29576
90.10 29576
90.11 29578
90.12 29578
90.13 29580
90.14 29581
90.15 29581
90.16 29585
90.17 29588
90.18 29591
90.20 29599
90.21 29604
90.22 29608
90.23 29609
90.24 29612
90.25 29613
90.26 29616
90.27 29618
90.28 29620
90.29 29622
90.30 29624
90.31 29628
90.32 29633
90.33 29633
90.34 29634
90.35 29634
90.36 29638
90.37 29639
90.39 29642
90.40 29643
90.41 29644
90.42 29649
90.43 29652
90.44 29655
90.45 29657
90.46 29658
90.47 29658
90.48 29659
90.49 29660
90.50 29663
90.51 29668
90.52 29672
90.53 29675
90.54 29682
90.55 29684
90.57 29686
90.58 29687
90.59 29689
90.60 29691
90.61 29693
90.62 29697
90.63 29703
90.64 29704
90.65 29708
90.66 29717
90.67 29724
90.68 29729
90.69 29736
90.70 29740
90.71 29745
90.72 29748
90.73 29754
90.75 29756
90.76 29759
90.77 29763
90.78 29767
90.79 29771
90.80 29773
90.81 29776
90.82 29782
90.83 29787
90.84 29790
90.85 29794
90.86 29797
90.87 29799
90.88 29802
90.89 29808
90.90 29812
90.91 29815
90.93 29818
90.94 29823
90.95 29825
90.96 29827
90.97 29830
90.98 29835
90.99 29839
91.00 29839
91.01 29843
91.02 29847
91.03 29853
91.04 29861
91.05 29867
91.06 29871
91.07 29877
91.08 29881
91.09 29884
91.11 29890
91.12 29893
91.13 29898
91.14 29902
91.15 29907
91.16 29914
91.17 29918
91.18 29923
91.19 29927
91.20 29928
91.21 29931
91.22 29935
91.23 29941
91.24 29946
91.25 29951
91.26 29956
91.27 29960
91.28 29965
91.30 29968
91.31 29973
91.32 29976
91.33 29976
91.34 29979
91.35 29984
91.36 29989
91.37 29994
91.38 30000
91.39 30006
91.40 30011
91.41 30018
91.42 30022
91.43 30026
91.44 30029
91.45 30032
91.46 30036
91.48 30042
91.49 30046
91.50 30052
91.51 30055
91.52 30059
91.53 30063
91.54 30065
91.55 30067
91.56 30071
91.57 30074
91.58 30079
91.59 30083
91.60 30088
91.61 30093
91.62 30096
91.63 30098
91.64 30102
91.66 30107
91.67 30112
91.68 30117
91.69 30120
91.70 30125
91.71 30128
91.72 30133
91.73 30139
91.74 30144
91.75 30148
91.76 30150
91.77 30156
91.78 30160
91.79 30164
91.80 30171
91.81 30172
91.82 30177
91.84 30182
91.85 30188
91.86 30191
91.87 30194
91.88 30196
91.89 30198
91.90 30201
91.91 30205
91.92 30207
91.93 30211
91.94 30215
91.95 30222
91.96 30227
91.97 30233
91.98 30239
91.99 30246
92.00 30252
92.02 30256
92.03 30260
92.04 30264
92.05 30270
92.06 30275
92.07 30278
92.08 30283
92.09 30288
92.10 30292
92.11 30296
92.12 30300
92.13 30306
92.14 30312
92.15 30319
92.16 30322
92.17 30326
92.18 30328
92.19 30330
92.21 30332
92.22 30333
92.23 30336
92.24 30341
92.25 30346
92.26 30352
92.27 30356
92.28 30358
92.29 30362
92.30 30365
92.31 30367
92.32 30369
92.33 30375
92.34 30380
92.35 30386
92.36 30388
92.37 30389
92.39 30392
92.40 30396
92.41 30400
92.42 30406
92.43 30408
92.44 30413
92.45 30418
92.46 30423
92.47 30427
92.48 30434
92.49 30441
92.50 30444
92.51 30448
92.52 30452
92.53 30458
92.54 30461
92.55 30466
92.57 30467
92.58 30472
92.59 30479
92.60 30483
92.61 30488
92.62 30493
92.63 30497
92.64 30500
92.65 30504
92.66 30509
92.67 30512
92.68 30517
92.69 30522
92.70 30528
92.71 30534
92.72 30539
92.73 30545
92.75 30550
92.76 30554
92.77 30560
92.78 30565
92.79 30568
92.80 30571
92.81 30576
92.82 30576
92.83 30581
92.84 30585
92.85 30590
92.86 30594
92.87 30598
92.88 30601
92.89 30603
92.90 30607
92.91 30611
92.93 30617
92.94 30620
92.95 30627
92.96 30630
92.97 30630
92.98 30633
92.99 30638
93.00 30643
93.01 30648
93.02 30651
93.03 30655
93.04 30661
93.05 30664
93.06 30671
93.07 30677
93.08 30681
93.09 30683
93.10 30684
93.12 30689
93.13 30695
93.14 30699
93.15 30703
93.16 30706
93.17 30709
93.18 30713
93.19 30717
93.20 30722
93.21 30726
93.22 30729
93.23 30734
93.24 30737
93.25 30742
93.26 30746
93.27 30749
93.28 30754
93.30 30758
93.31 30762
93.32 30767
93.33 30772
93.34 30776
93.35 30780
93.36 30786
93.37 30790
93.38 30795
93.39 30800
93.40 30805
93.41 30808
93.42 30810
93.43 30816
93.44 30820
93.45 30823
93.46 30827
93.48 30830
93.49 30835
93.50 30842
93.51 30848
93.52 30851
93.53 30855
93.54 30857
93.55 30859
93.56 30862
93.57 30865
93.58 30866
93.59 30871
93.60 30874
93.61 30881
93.62 30886
93.63 30888
93.64 30892
93.66 30894
93.67 30900
93.68 30903
93.69 30904
93.70 30906
93.71 30909
93.72 30913
93.73 30919
93.74 30923
93.75 30927
93.76 30929
93.77 30933
93.78 30937
93.79 30944
93.80 30949
93.81 30955
93.82 30961
93.84 30965
93.85 30971
93.86 30974
93.87 30979
93.88 30983
93.89 30988
93.90 30997
93.91 31003
93.92 31008
93.93 31013
93.94 31019
93.95 31025
93.96 31030
93.97 31037
93.98 31044
93.99 31049
94.00 31054
94.01 31059
94.03 31062
94.04 31068
94.05 31071
94.06 31073
94.07 31075
94.08 31077
94.09 31080
94.10 31084
94.11 31088
94.12 31090
94.13 31091
94.14 31094
94.15 31101
94.16 31105
94.17 31109
94.18 31116
94.19 31120
94.21 31126
94.22 31130
94.23 31133
94.24 31136
94.25 31141
94.26 31144
94.27 31148
94.28 31152
94.29 31157
94.30 31162
94.31 31167
94.32 31172
94.33 31175
94.34 31181
94.35 31186
94.36 31191
94.37 31197
94.39 31203
94.40 31210
94.41 31214
94.42 31219
94.43 31221
94.44 31225
94.45 31228
94.46 31231
94.47 31233
94.48 31235
94.49 31238
94.50 31242
94.51 31246
94.52 31249
94.53 31252
94.54 31257
94.55 31261
94.57 31265
94.58 31269
94.59 31273
94.60 31275
94.61 31278
94.62 31280
94.63 31284
94.64 31286
94.65 31290
94.66 31293
94.67 31296
94.68 31302
94.69 31304
94.70 31311
94.71 31316
94.72 31321
94.73 31325
94.75 31329
94.76 31334
94.77 31337
94.78 31341
94.79 31349
94.80 31353
94.81 31358
94.82 31365
94.83 31369
94.84 31373
94.85 31375
94.86 31380
94.87 31383
94.88 31387
94.89 31392
94.90 31393
94.91 31397
94.92 31402
94.94 31404
94.95 31406
94.96 31408
94.97 31413
94.98 31417
94.99 31422
95.00 31426
95.01 31430
95.02 31437
95.03 31442
95.04 31448
95.05 31452
95.06 31457
95.07 31462
95.08 31469
95.09 31474
95.10 31479
95.12 31483
95.13 31487
95.14 31490
95.15 31494
95.16 31500
95.17 31504
95.18 31507
95.19 31509
95.20 31511
95.21 31512
95.22 31514
95.23 31516
95.24 31520
95.25 31523
95.26 31524
95.27 31529
95.28 31530
95.30 31534
95.31 31537
95.32 31538
95.33 31539
95.34 31540
95.35 31542
95.36 31542
95.37 31544
95.38 31545
95.39 31547
95.40 31547
95.41 31548
95.42 31551
95.43 31552
95.44 31556
95.45 31557
95.46 31557
95.48 31559
95.49 31560
95.50 31562
95.51 31569
95.52 31572
95.53 31575
95.54 31578
95.55 31583
95.56 31587
95.57 31590
95.58 31592
95.59 31594
95.60 31601
95.61 31603
95.62 31607
95.63 31610
95.64 31613
95.66 31621
95.67 31624
95.68 31628
95.69 31633
95.70 31636
95.71 31638
95.72 31641
95.73 31641
95.74 31643
95.75 31646
95.76 31651
95.77 31655
95.78 31659
95.79 31665
95.80 31669
95.81 31672
95.82 31675
95.83 31680
95.85 31685
95.86 31688
95.87 31692
95.88 31696
95.89 31701
95.90 31707
95.91 31714
95.92 31717
95.93 31721
95.94 31726
95.95 31729
95.96 31730
95.97 31735
95.98 31739
95.99 31745
96.00 31748
96.01 31754
96.03 31760
96.04 31764
96.05 31769
96.06 31773
96.07 31778
96.08 31784
96.09 31790
96.10 31794
96.11 31800
96.12 31804
96.13 31806
96.14 31814
96.15 31817
96.16 31821
96.17 31823
96.18 31830
96.19 31835
96.21 31840
96.22 31844
96.23 31849
96.24 31852
96.25 31855
96.26 31860
96.27 31867
96.28 31871
96.29 31876
96.30 31880
96.31 31886
96.32 31892
96.33 31896
96.34 31903
96.35 31906
96.36 31911
96.37 31915
96.39 31919
96.40 31925
96.41 31930
96.42 31933
96.43 31936
96.44 31941
96.45 31943
96.46 31947
96.47 31951
96.48 31955
96.49 31958
96.50 31962
96.51 31966
96.52 31968
96.53 31971
96.54 31975
96.55 31979
96.57 31983
96.58 31985
96.59 31990
96.60 31994
96.61 31997
96.62 32001
96.63 32005
96.64 32010
96.65 32014
96.66 32017
96.67 32023
96.68 32028
96.69 32030
96.70 32035
96.71 32040
96.72 32046
96.73 32052
96.74 32057
96.76 32063
96.77 32068
96.78 32073
96.79 32078
96.80 32084
96.81 32090
96.82 32094
96.83 32099
96.84 32102
96.85 32104
96.86 32109
96.87 32115
96.88 32118
96.89 32122
96.90 32127
96.91 32130
96.92 32134
96.94 32138
96.95 32142
96.96 32148
96.97 32151
96.98 32154
96.99 32159
97.00 32164
97.01 32168
97.02 32174
97.03 32178
97.04 32181
97.05 32183
97.06 32186
97.07 32189
97.08 32192
97.09 32201
97.10 32206
97.12 32210
97.13 32215
97.14 32220
97.15 32222
97.16 32227
97.17 32232
97.18 32236
97.19 32240
97.20 32245
97.21 32251
97.22 32255
97.23 32259
97.24 32264
97.25 32267
97.26 32270
97.27 32275
97.28 32280
97.30 32283
97.31 32286
97.32 32290
97.33 32296
97.34 32301
97.35 32305
97.36 32309
97.37 32312
97.38 32315
97.39 32319
97.40 32325
97.41 32329
97.42 32332
97.43 32339
97.44 32345
97.45 32352
97.46 32355
97.48 32358
97.49 32361
97.50 32364
97.51 32367
97.52 32372
97.53 32377
97.54 32380
97.55 32385
97.56 32393
97.57 32398
97.58 32401
97.59 32405
97.60 32410
97.61 32412
97.62 32418
97.63 32423
97.64 32428
97.65 32432
97.67 32438
97.68 32443
97.69 32449
97.70 32452
97.71 32457
97.72 32461
97.73 32465
97.74 32469
97.75 32473
97.76 32478
97.77 32482
97.78 32484
97.79 32489
97.80 32495
97.81 32500
97.82 32507
97.83 32511
97.85 32518
97.86 32523
97.87 32528
97.88 32532
97.89 32537
97.90 32541
97.91 32544
97.92 32547
97.93 32555
97.94 32560
97.95 32565
97.96 32568
97.97 32574
97.98 32578
97.99 32581
98.00 32583
98.01 32584
98.03 32584
98.04 32591
98.05 32595
98.06 32599
98.07 32605
98.08 32609
98.09 32617
98.10 32623
98.11 32630
98.12 32636
98.13 32642
98.14 32647
98.15 32650
98.16 32657
98.17 32661
98.18 32667
98.19 32672
98.21 32678
98.22 32683
98.23 32688
98.24 32692
98.25 32695
98.26 32696
98.27 32700
98.28 32704
98.29 32706
98.30 32710
98.31 32714
98.32 32718
98.33 32723
98.34 32726
98.35 32731
98.36 32734
98.37 32738
98.39 32742
98.40 32748
98.41 32754
98.42 32757
98.43 32757
98.44 32758
98.45 32764
98.46 32768
98.47 32773
98.48 32776
98.49 32781
98.50 32785
98.51 32791
98.52 32797
98.53 32803
98.54 32808
98.55 32812
98.56 32822
98.58 32826
98.59 32829
98.60 32831
98.61 32835
98.62 32837
98.63 32842
98.64 32848
98.65 32853
98.66 32858
98.67 32859
98.68 32861
98.69 32863
98.70 32868
98.71 32872
98.72 32877
98.73 32880
98.74 32883
98.76 32887
98.77 32888
98.78 32889
98.79 32893
98.80 32898
98.81 32903
98.82 32908
98.83 32911
98.84 32917
98.85 32923
98.86 32928
98.87 32933
98.88 32938
98.89 32942
98.90 32944
98.91 32947
98.92 32949
98.94 32953
98.95 32955
98.96 32961
98.97 32966
98.98 32971
98.99 32976
99.00 32980
99.01 32983
99.02 32987
99.03 32992
99.04 32998
99.05 33000
99.06 33006
99.07 33012
99.08 33016
99.09 33023
99.10 33029
99.12 33032
99.13 33033
99.14 33037
99.15 33041
99.16 33042
99.17 33044
99.18 33050
99.19 33054
99.20 33058
99.21 33062
99.22 33068
99.23 33074
99.24 33076
99.25 33082
99.26 33083
99.27 33087
99.28 33091
99.30 33094
99.31 33099
99.32 33103
99.33 33105
99.34 33109
99.35 33113
99.36 33115
99.37 33117
99.38 33122
99.39 33128
99.40 33133
99.41 33138
99.42 33142
99.43 33146
99.44 33149
99.45 33152
99.46 33156
99.47 33156
99.49 33159
99.50 33163
99.51 33168
99.52 33172
99.53 33174
99.54 33177
99.55 33184
99.56 33188
99.57 33194
99.58 33200
99.59 33205
99.60 33209
99.61 33214
99.62 33216
99.63 33220
99.64 33224
99.65 33228
99.67 33233
99.68 33238
99.69 33243
99.70 33248
99.71 33254
99.72 33258
99.73 33263
99.74 33268
99.75 33271
99.76 33276
99.77 33283
99.78 33285
99.79 33289
99.80 33294
99.81 33299
99.82 33303
99.83 33307
99.85 33312
99.86 33316
99.87 33320
99.88 33326
99.89 33329
99.90 33332
99.91 33337
99.92 33340
99.93 33344
99.94 33350
99.95 33355
99.96 33360
99.97 33367
99.98 33374
99.99 33379
