0.00 0
0.01 16
0.02 31
0.03 44
0.04 53
0.05 66
0.06 75
0.07 77
0.08 80
0.10 83
0.11 93
0.12 103
0.13 109
0.14 115
0.15 122
0.16 130
0.17 137
0.18 144
0.19 152
0.20 156
0.21 163
0.22 166
0.23 168
0.24 169
0.25 173
0.26 174
0.28 177
0.29 179
0.30 179
0.31 182
0.32 182
0.33 183
0.34 183
0.35 185
0.36 185
0.37 187
0.38 188
0.39 188
0.40 190
0.41 190
0.42 191
0.43 191
0.44 193
0.45 193
0.47 194
0.48 194
0.49 196
0.50 196
0.51 197
0.52 197
0.53 198
0.54 198
0.55 198
0.56 200
0.57 203
0.58 203
0.59 204
0.60 209
0.61 212
0.62 218
0.63 222
0.65 224
0.66 230
0.67 235
0.68 245
0.69 248
0.70 251
0.71 258
0.72 262
0.73 264
0.74 268
0.75 279
0.76 282
0.77 284
0.78 288
0.79 290
0.80 292
0.81 294
0.83 298
0.84 302
0.85 306
0.86 306
0.87 310
0.88 311
0.89 314
0.90 318
0.91 324
0.92 335
0.93 340
0.94 342
0.95 347
0.96 348
0.97 349
0.98 349
0.99 354
1.01 355
1.02 355
1.03 357
1.04 358
1.05 360
1.06 361
1.07 361
1.08 362
1.09 362
1.10 362
1.11 362
1.12 366
1.13 368
1.14 368
1.15 368
1.16 371
1.17 371
1.19 371
1.20 371
1.21 376
1.22 378
1.23 378
1.24 382
1.25 384
1.26 390
1.27 390
1.28 394
1.29 399
1.30 399
1.31 401
1.32 403
1.33 403
1.34 407
1.35 407
1.36 407
1.38 411
1.39 413
1.40 413
1.41 415
1.42 415
1.43 421
1.44 422
1.45 422
1.46 427
1.47 429
1.48 430
1.49 430
1.50 434
1.51 434
1.52 434
1.53 435
1.54 435
1.56 435
1.57 438
1.58 439
1.59 439
1.60 440
1.61 442
1.62 446
1.63 446
1.64 451
1.65 451
1.66 453
1.67 454
1.68 455
1.69 455
1.70 460
1.71 460
1.72 460
1.74 463
1.75 464
1.76 465
1.77 468
1.78 471
1.79 474
1.80 474
1.81 481
1.82 484
1.83 487
1.84 488
1.85 488
1.86 494
1.87 503
1.88 503
1.89 506
1.90 512
1.92 519
1.93 528
1.94 535
1.95 541
1.96 547
1.97 554
1.98 555
1.99 559
2.00 568
2.01 576
2.02 582
2.03 587
2.04 596
2.05 603
2.06 607
2.07 617
2.08 623
2.10 632
2.11 641
2.12 646
2.13 653
2.14 657
2.15 663
2.16 668
2.17 675
2.18 679
2.19 685
2.20 693
2.21 695
2.22 702
2.23 705
2.24 716
2.25 718
2.26 719
2.27 721
2.29 724
2.30 724
2.31 725
2.32 725
2.33 727
2.34 736
2.35 741
2.36 746
2.37 751
2.38 757
2.39 761
2.40 766
2.41 770
2.42 777
2.43 783
2.44 789
2.45 791
2.47 796
2.48 800
2.49 806
2.50 809
2.51 814
2.52 820
2.53 827
2.54 830
2.55 836
2.56 842
2.57 848
2.58 854
2.59 859
2.60 864
2.61 869
2.62 876
2.63 880
2.65 886
2.66 891
2.67 896
2.68 900
2.69 906
2.70 913
2.71 918
2.72 925
2.73 929
2.74 933
2.75 940
2.76 946
2.77 950
2.78 957
2.79 962
2.80 965
2.81 966
2.83 970
2.84 976
2.85 980
2.86 984
2.87 989
2.88 995
2.89 1003
2.90 1009
2.91 1016
2.92 1021
2.93 1023
2.94 1025
2.95 1031
2.96 1034
2.97 1041
2.98 1049
2.99 1053
3.01 1056
3.02 1057
3.03 1062
3.04 1069
3.05 1072
3.06 1078
3.07 1083
3.08 1088
3.09 1094
3.10 1098
3.11 1099
3.12 1103
3.13 1109
3.14 1114
3.15 1119
3.16 1126
3.17 1131
3.18 1135
3.20 1143
3.21 1150
3.22 1156
3.23 1157
3.24 1158
3.25 1160
3.26 1164
3.27 1168
3.28 1173
3.29 1176
3.30 1177
3.31 1185
3.32 1191
3.33 1195
3.34 1200
3.35 1204
3.36 1207
3.38 1213
3.39 1215
3.40 1216
3.41 1223
3.42 1230
3.43 1236
3.44 1240
3.45 1245
3.46 1251
3.47 1255
3.48 1260
3.49 1263
3.50 1269
3.51 1276
3.52 1282
3.53 1285
3.54 1291
3.56 1294
3.57 1298
3.58 1303
3.59 1308
3.60 1313
3.61 1317
3.62 1321
3.63 1325
3.64 1330
3.65 1335
3.66 1342
3.67 1349
3.68 1358
3.69 1363
3.70 1364
3.71 1366
3.72 1369
3.74 1372
3.75 1375
3.76 1380
3.77 1386
3.78 1390
3.79 1390
3.80 1399
3.81 1403
3.82 1405
3.83 1412
3.84 1414
3.85 1418
3.86 1421
3.87 1422
3.88 1428
3.89 1434
3.90 1438
3.92 1439
3.93 1442
3.94 1447
3.95 1451
3.96 1456
3.97 1463
3.98 1469
3.99 1472
4.00 1475
4.01 1476
4.02 1482
4.03 1491
4.04 1499
4.05 1503
4.06 1508
4.07 1514
4.08 1520
4.09 1524
4.11 1529
4.12 1534
4.13 1542
4.14 1550
4.15 1553
4.16 1560
4.17 1564
4.18 1568
4.19 1573
4.20 1578
4.21 1581
4.22 1588
4.23 1592
4.24 1598
4.25 1599
4.26 1602
4.27 1607
4.29 1613
4.30 1620
4.31 1629
4.32 1637
4.33 1640
4.34 1643
4.35 1647
4.36 1650
4.37 1654
4.38 1658
4.39 1661
4.40 1665
4.41 1669
4.42 1674
4.43 1680
4.44 1685
4.45 1691
4.47 1694
4.48 1699
4.49 1705
4.50 1709
4.51 1712
4.52 1718
4.53 1721
4.54 1728
4.55 1732
4.56 1736
4.57 1739
4.58 1742
4.59 1746
4.60 1748
4.61 1752
4.62 1757
4.63 1761
4.65 1765
4.66 1767
4.67 1772
4.68 1777
4.69 1780
4.70 1786
4.71 1789
4.72 1796
4.73 1802
4.74 1807
4.75 1810
4.76 1818
4.77 1826
4.78 1830
4.79 1833
4.80 1836
4.81 1838
4.83 1843
4.84 1849
4.85 1856
4.86 1861
4.87 1864
4.88 1866
4.89 1867
4.90 1869
4.91 1875
4.92 1882
4.93 1888
4.94 1894
4.95 1899
4.96 1903
4.97 1908
4.98 1915
4.99 1921
5.00 1926
5.02 1932
5.03 1938
5.04 1944
5.05 1949
5.06 1954
5.07 1959
5.08 1967
5.09 1974
5.10 1978
5.11 1981
5.12 1985
5.13 1991
5.14 1996
5.15 2000
5.16 2003
5.17 2008
5.18 2011
5.20 2018
5.21 2020
5.22 2025
5.23 2026
5.24 2031
5.25 2037
5.26 2038
5.27 2040
5.28 2045
5.29 2049
5.30 2055
5.31 2060
5.32 2066
5.33 2071
5.34 2075
5.35 2081
5.36 2087
5.38 2093
5.39 2097
5.40 2102
5.41 2106
5.42 2112
5.43 2119
5.44 2125
5.45 2131
5.46 2139
5.47 2143
5.48 2149
5.49 2156
5.50 2158
5.51 2162
5.52 2167
5.53 2172
5.54 2178
5.56 2181
5.57 2185
5.58 2189
5.59 2194
5.60 2199
5.61 2205
5.62 2210
5.63 2216
5.64 2220
5.65 2222
5.66 2224
5.67 2225
5.68 2226
5.69 2229
5.70 2233
5.71 2239
5.72 2244
5.74 2250
5.75 2255
5.76 2260
5.77 2266
5.78 2271
5.79 2274
5.80 2278
5.81 2286
5.82 2292
5.83 2295
5.84 2297
5.85 2305
5.86 2308
5.87 2312
5.88 2315
5.89 2322
5.90 2326
5.91 2330
5.93 2333
5.94 2335
5.95 2341
5.96 2346
5.97 2350
5.98 2356
5.99 2361
6.00 2364
6.01 2369
6.02 2372
6.03 2376
6.04 2380
6.05 2383
6.06 2387
6.07 2391
6.08 2394
6.09 2397
6.11 2402
6.12 2406
6.13 2410
6.14 2416
6.15 2419
6.16 2425
6.17 2429
6.18 2433
6.19 2438
6.20 2443
6.21 2445
6.22 2449
6.23 2453
6.24 2458
6.25 2462
6.26 2467
6.27 2473
6.29 2476
6.30 2479
6.31 2484
6.32 2489
6.33 2492
6.34 2495
6.35 2496
6.36 2496
6.37 2500
6.38 2504
6.39 2509
6.40 2514
6.41 2518
6.42 2522
6.43 2529
6.44 2534
6.45 2539
6.47 2542
6.48 2549
6.49 2552
6.50 2558
6.51 2565
6.52 2570
6.53 2574
6.54 2578
6.55 2584
6.56 2588
6.57 2591
6.58 2596
6.59 2600
6.60 2605
6.61 2609
6.62 2613
6.63 2614
6.65 2622
6.66 2625
6.67 2628
6.68 2634
6.69 2639
6.70 2643
6.71 2643
6.72 2647
6.73 2654
6.74 2660
6.75 2667
6.76 2673
6.77 2680
6.78 2685
6.79 2688
6.80 2693
6.81 2698
6.82 2704
6.84 2708
6.85 2714
6.86 2719
6.87 2724
6.88 2727
6.89 2730
6.90 2735
6.91 2738
6.92 2743
6.93 2749
6.94 2755
6.95 2760
6.96 2765
6.97 2772
6.98 2777
6.99 2782
7.00 2786
7.02 2791
7.03 2795
7.04 2799
7.05 2805
7.06 2811
7.07 2816
7.08 2821
7.09 2824
7.10 2825
7.11 2828
7.12 2833
7.13 2840
7.14 2844
7.15 2847
7.16 2848
7.17 2856
7.18 2862
7.20 2867
7.21 2868
7.22 2872
7.23 2876
7.24 2882
7.25 2885
7.26 2890
7.27 2893
7.28 2897
7.29 2902
7.30 2909
7.31 2918
7.32 2922
7.33 2925
7.34 2928
7.35 2930
7.36 2933
7.38 2937
7.39 2940
7.40 2944
7.41 2947
7.42 2952
7.43 2956
7.44 2961
7.45 2966
7.46 2972
7.47 2980
7.48 2987
7.49 2994
7.50 2999
7.51 3004
7.52 3007
7.53 3009
7.54 3014
7.56 3021
7.57 3024
7.58 3028
7.59 3030
7.60 3039
7.61 3046
7.62 3054
7.63 3061
7.64 3068
7.65 3072
7.66 3074
7.67 3077
7.68 3080
7.69 3082
7.70 3086
7.71 3091
7.72 3096
7.73 3100
7.75 3105
7.76 3109
7.77 3116
7.78 3122
7.79 3125
7.80 3130
7.81 3135
7.82 3141
7.83 3145
7.84 3152
7.85 3158
7.86 3165
7.87 3165
7.88 3170
7.89 3174
7.90 3179
7.91 3186
7.93 3190
7.94 3195
7.95 3202
7.96 3208
7.97 3213
7.98 3221
7.99 3226
8.00 3232
8.01 3236
8.02 3240
8.03 3245
8.04 3247
8.05 3255
8.06 3261
8.07 3267
8.08 3277
8.09 3281
8.11 3285
8.12 3288
8.13 3288
8.14 3295
8.15 3301
8.16 3306
8.17 3308
8.18 3313
8.19 3315
8.20 3318
8.21 3323
8.22 3328
8.23 3334
8.24 3339
8.25 3341
8.26 3345
8.27 3352
8.29 3357
8.30 3361
8.31 3367
8.32 3371
8.33 3375
8.34 3380
8.35 3384
8.36 3387
8.37 3390
8.38 3391
8.39 3396
8.40 3403
8.41 3409
8.42 3415
8.43 3419
8.44 3424
8.45 3431
8.47 3438
8.48 3447
8.49 3453
8.50 3456
8.51 3461
8.52 3466
8.53 3468
8.54 3474
8.55 3478
8.56 3482
8.57 3489
8.58 3493
8.59 3499
8.60 3502
8.61 3506
8.62 3510
8.63 3519
8.64 3523
8.66 3530
8.67 3534
8.68 3538
8.69 3543
8.70 3546
8.71 3549
8.72 3553
8.73 3557
8.74 3560
8.75 3566
8.76 3570
8.77 3574
8.78 3579
8.79 3584
8.80 3588
8.81 3591
8.82 3593
8.84 3597
8.85 3600
8.86 3604
8.87 3612
8.88 3615
8.89 3620
8.90 3625
8.91 3629
8.92 3632
8.93 3636
8.94 3640
8.95 3646
8.96 3652
8.97 3659
8.98 3664
8.99 3670
9.00 3673
9.02 3681
9.03 3686
9.04 3689
9.05 3695
9.06 3698
9.07 3700
9.08 3705
9.09 3707
9.10 3713
9.11 3717
9.12 3723
9.13 3726
9.14 3728
9.15 3732
9.16 3738
9.17 3742
9.18 3746
9.20 3748
9.21 3751
9.22 3754
9.23 3758
9.24 3761
9.25 3765
9.26 3770
9.27 3774
9.28 3779
9.29 3784
9.30 3788
9.31 3792
9.32 3797
9.33 3804
9.34 3810
9.35 3814
9.36 3823
9.38 3830
9.39 3833
9.40 3838
9.41 3845
9.42 3852
9.43 3858
9.44 3864
9.45 3869
9.46 3877
9.47 3881
9.48 3883
9.49 3887
9.50 3892
9.51 3899
9.52 3901
9.53 3905
9.54 3907
9.55 3910
9.57 3913
9.58 3918
9.59 3922
9.60 3924
9.61 3926
9.62 3929
9.63 3931
9.64 3936
9.65 3941
9.66 3944
9.67 3947
9.68 3952
9.69 3958
9.70 3963
9.71 3966
9.72 3974
9.73 3978
9.75 3982
9.76 3985
9.77 3989
9.78 3991
9.79 3994
9.80 3998
9.81 4003
9.82 4008
9.83 4013
9.84 4017
9.85 4020
9.86 4023
9.87 4023
9.88 4026
9.89 4029
9.90 4036
9.91 4039
9.93 4044
9.94 4050
9.95 4055
9.96 4058
9.97 4062
9.98 4064
9.99 4069
10.00 4073
10.01 4077
10.02 4082
10.03 4086
10.04 4090
10.05 4096
10.06 4101
10.07 4108
10.08 4112
10.09 4117
10.11 4122
10.12 4128
10.13 4133
10.14 4135
10.15 4140
10.16 4145
10.17 4149
10.18 4151
10.19 4153
10.20 4154
10.21 4158
10.22 4162
10.23 4166
10.24 4171
10.25 4175
10.26 4180
10.27 4185
10.29 4189
10.30 4193
10.31 4198
10.32 4202
10.33 4206
10.34 4210
10.35 4217
10.36 4220
10.37 4223
10.38 4225
10.39 4230
10.40 4236
10.41 4243
10.42 4247
10.43 4253
10.44 4257
10.45 4259
10.46 4263
10.48 4270
10.49 4275
10.50 4277
10.51 4284
10.52 4288
10.53 4292
10.54 4297
10.55 4302
10.56 4305
10.57 4312
10.58 4314
10.59 4318
10.60 4322
10.61 4327
10.62 4331
10.63 4338
10.64 4344
10.66 4348
10.67 4351
10.68 4355
10.69 4359
10.70 4363
10.71 4368
10.72 4372
10.73 4375
10.74 4379
10.75 4386
10.76 4392
10.77 4394
10.78 4399
10.79 4404
10.80 4408
10.81 4415
10.82 4419
10.84 4423
10.85 4426
10.86 4430
10.87 4434
10.88 4439
10.89 4442
10.90 4447
10.91 4455
10.92 4460
10.93 4464
10.94 4468
10.95 4470
10.96 4475
10.97 4477
10.98 4483
10.99 4486
11.00 4489
11.02 4493
11.03 4497
11.04 4499
11.05 4500
11.06 4505
11.07 4510
11.08 4514
11.09 4518
11.10 4521
11.11 4524
11.12 4529
11.13 4537
11.14 4541
11.15 4543
11.16 4548
11.17 4553
11.18 4555
11.20 4559
11.21 4565
11.22 4571
11.23 4578
11.24 4583
11.25 4587
11.26 4595
11.27 4601
11.28 4605
11.29 4612
11.30 4615
11.31 4619
11.32 4624
11.33 4628
11.34 4632
11.35 4636
11.36 4642
11.37 4645
11.39 4649
11.40 4655
11.41 4660
11.42 4663
11.43 4671
11.44 4679
11.45 4688
11.46 4695
11.47 4700
11.48 4702
11.49 4707
11.50 4714
11.51 4719
11.52 4725
11.53 4728
11.54 4731
11.55 4738
11.57 4742
11.58 4747
11.59 4751
11.60 4754
11.61 4758
11.62 4764
11.63 4768
11.64 4775
11.65 4780
11.66 4786
11.67 4791
11.68 4795
11.69 4798
11.70 4805
11.71 4810
11.72 4814
11.73 4818
11.75 4823
11.76 4827
11.77 4834
11.78 4839
11.79 4844
11.80 4850
11.81 4858
11.82 4863
11.83 4867
11.84 4870
11.85 4874
11.86 4876
11.87 4881
11.88 4886
11.89 4889
11.90 4892
11.91 4896
11.93 4902
11.94 4906
11.95 4912
11.96 4915
11.97 4919
11.98 4922
11.99 4927
12.00 4930
12.01 4931
12.02 4936
12.03 4939
12.04 4942
12.05 4944
12.06 4947
12.07 4949
12.08 4950
12.09 4953
12.11 4958
12.12 4963
12.13 4971
12.14 4975
12.15 4981
12.16 4988
12.17 4993
12.18 4997
12.19 4999
12.20 5002
12.21 5005
12.22 5010
12.23 5017
12.24 5021
12.25 5025
12.26 5030
12.27 5036
12.28 5040
12.30 5043
12.31 5047
12.32 5053
12.33 5059
12.34 5064
12.35 5068
12.36 5069
12.37 5072
12.38 5076
12.39 5082
12.40 5087
12.41 5092
12.42 5096
12.43 5102
12.44 5109
12.45 5113
12.46 5118
12.48 5123
12.49 5128
12.50 5132
12.51 5137
12.52 5144
12.53 5148
12.54 5155
12.55 5162
12.56 5166
12.57 5172
12.58 5179
12.59 5183
12.60 5190
12.61 5195
12.62 5203
12.63 5207
12.64 5213
12.66 5219
12.67 5226
12.68 5234
12.69 5239
12.70 5244
12.71 5251
12.72 5259
12.73 5264
12.74 5267
12.75 5270
12.76 5274
12.77 5280
12.78 5283
12.79 5287
12.80 5294
12.81 5298
12.82 5304
12.84 5311
12.85 5314
12.86 5317
12.87 5324
12.88 5328
12.89 5331
12.90 5335
12.91 5338
12.92 5342
12.93 5344
12.94 5350
12.95 5355
12.96 5357
12.97 5363
12.98 5367
12.99 5373
13.00 5378
13.02 5382
13.03 5387
13.04 5390
13.05 5393
13.06 5396
13.07 5400
13.08 5404
13.09 5408
13.10 5413
13.11 5416
13.12 5421
13.13 5425
13.14 5430
13.15 5436
13.16 5438
13.17 5444
13.18 5449
13.19 5452
13.21 5456
13.22 5459
13.23 5463
13.24 5468
13.25 5472
13.26 5477
13.27 5483
13.28 5487
13.29 5493
13.30 5496
13.31 5499
13.32 5502
13.33 5505
13.34 5511
13.35 5515
13.36 5520
13.37 5526
13.39 5530
13.40 5537
13.41 5542
13.42 5547
13.43 5551
13.44 5556
13.45 5558
13.46 5563
13.47 5567
13.48 5568
13.49 5573
13.50 5578
13.51 5582
13.52 5588
13.53 5594
13.54 5596
13.55 5600
13.57 5603
13.58 5606
13.59 5609
13.60 5615
13.61 5618
13.62 5624
13.63 5629
13.64 5635
13.65 5639
13.66 5644
13.67 5651
13.68 5654
13.69 5661
13.70 5666
13.71 5670
13.72 5677
13.73 5682
13.75 5686
13.76 5692
13.77 5696
13.78 5698
13.79 5703
13.80 5706
13.81 5711
13.82 5714
13.83 5718
13.84 5723
13.85 5726
13.86 5729
13.87 5738
13.88 5742
13.89 5747
13.90 5750
13.91 5755
13.93 5763
13.94 5768
13.95 5773
13.96 5778
13.97 5783
13.98 5788
13.99 5790
14.00 5792
14.01 5794
14.02 5799
14.03 5799
14.04 5803
14.05 5804
14.06 5809
14.07 5814
14.08 5819
14.09 5822
14.10 5826
14.12 5828
14.13 5833
14.14 5836
14.15 5839
14.16 5841
14.17 5844
14.18 5848
14.19 5854
14.20 5858
14.21 5863
14.22 5865
14.23 5872
14.24 5875
14.25 5880
14.26 5886
14.27 5892
14.28 5897
14.30 5903
14.31 5908
14.32 5912
14.33 5917
14.34 5920
14.35 5923
14.36 5929
14.37 5930
14.38 5937
14.39 5941
14.40 5946
14.41 5952
14.42 5957
14.43 5959
14.44 5963
14.45 5969
14.46 5973
14.48 5974
14.49 5977
14.50 5984
14.51 5992
14.52 5997
14.53 6001
14.54 6006
14.55 6012
14.56 6019
14.57 6026
14.58 6029
14.59 6032
14.60 6036
14.61 6037
14.62 6042
14.63 6044
14.64 6045
14.66 6048
14.67 6052
14.68 6060
14.69 6062
14.70 6068
14.71 6074
14.72 6080
14.73 6088
14.74 6095
14.75 6100
14.76 6103
14.77 6107
14.78 6111
14.79 6117
14.80 6122
14.81 6127
14.82 6134
14.83 6140
14.85 6147
14.86 6152
14.87 6157
14.88 6163
14.89 6168
14.90 6171
14.91 6172
14.92 6175
14.93 6179
14.94 6182
14.95 6186
14.96 6191
14.97 6193
14.98 6194
14.99 6196
15.00 6204
15.01 6207
15.03 6209
15.04 6214
15.05 6218
15.06 6223
15.07 6224
15.08 6227
15.09 6230
15.10 6235
15.11 6241
15.12 6243
15.13 6246
15.14 6249
15.15 6258
15.16 6261
15.17 6267
15.18 6273
15.19 6277
15.21 6280
15.22 6285
15.23 6289
15.24 6292
15.25 6299
15.26 6302
15.27 6306
15.28 6310
15.29 6315
15.30 6320
15.31 6324
15.32 6327
15.33 6332
15.34 6338
15.35 6343
15.36 6348
15.37 6352
15.39 6356
15.40 6360
15.41 6364
15.42 6370
15.43 6373
15.44 6378
15.45 6383
15.46 6387
15.47 6395
15.48 6400
15.49 6405
15.50 6410
15.51 6410
15.52 6416
15.53 6421
15.54 6425
15.55 6429
15.57 6434
15.58 6439
15.59 6442
15.60 6449
15.61 6453
15.62 6458
15.63 6461
15.64 6466
15.65 6473
15.66 6477
15.67 6483
15.68 6485
15.69 6489
15.70 6492
15.71 6496
15.72 6502
15.73 6506
15.74 6511
15.76 6515
15.77 6521
15.78 6525
15.79 6530
15.80 6535
15.81 6542
15.82 6546
15.83 6554
15.84 6557
15.85 6562
15.86 6566
15.87 6571
15.88 6574
15.89 6580
15.90 6584
15.91 6591
15.92 6597
15.94 6603
15.95 6608
15.96 6611
15.97 6616
15.98 6622
15.99 6627
16.00 6632
16.01 6637
16.02 6639
16.03 6642
16.04 6645
16.05 6650
16.06 6658
16.07 6659
16.08 6663
16.09 6665
16.10 6667
16.12 6671
16.13 6677
16.14 6681
16.15 6684
16.16 6688
16.17 6690
16.18 6692
16.19 6697
16.20 6702
16.21 6706
16.22 6712
16.23 6715
16.24 6720
16.25 6725
16.26 6729
16.27 6733
16.28 6736
16.30 6740
16.31 6744
16.32 6749
16.33 6753
16.34 6754
16.35 6758
16.36 6764
16.37 6770
16.38 6773
16.39 6778
16.40 6782
16.41 6787
16.42 6791
16.43 6798
16.44 6804
16.45 6811
16.46 6813
16.48 6814
16.49 6818
16.50 6823
16.51 6828
16.52 6834
16.53 6837
16.54 6838
16.55 6843
16.56 6847
16.57 6849
16.58 6852
16.59 6853
16.60 6855
16.61 6862
16.62 6867
16.63 6872
16.64 6877
16.65 6883
16.67 6890
16.68 6896
16.69 6902
16.70 6906
16.71 6912
16.72 6916
16.73 6921
16.74 6925
16.75 6930
16.76 6933
16.77 6937
16.78 6941
16.79 6947
16.80 6952
16.81 6956
16.82 6957
16.83 6962
16.85 6964
16.86 6967
16.87 6973
16.88 6978
16.89 6983
16.90 6987
16.91 6993
16.92 6999
16.93 7004
16.94 7010
16.95 7011
16.96 7016
16.97 7018
16.98 7025
16.99 7028
17.00 7034
17.01 7040
17.03 7043
17.04 7045
17.05 7050
17.06 7052
17.07 7057
17.08 7063
17.09 7068
17.10 7072
17.11 7077
17.12 7081
17.13 7088
17.14 7091
17.15 7099
17.16 7104
17.17 7109
17.18 7115
17.19 7122
17.21 7127
17.22 7131
17.23 7135
17.24 7141
17.25 7148
17.26 7152
17.27 7156
17.28 7160
17.29 7165
17.30 7168
17.31 7174
17.32 7180
17.33 7188
17.34 7193
17.35 7197
17.36 7202
17.37 7205
17.39 7211
17.40 7215
17.41 7217
17.42 7222
17.43 7228
17.44 7233
17.45 7237
17.46 7243
17.47 7248
17.48 7252
17.49 7256
17.50 7258
17.51 7264
17.52 7267
17.53 7270
17.54 7276
17.55 7281
17.56 7287
17.58 7290
17.59 7295
17.60 7304
17.61 7308
17.62 7313
17.63 7316
17.64 7321
17.65 7326
17.66 7330
17.67 7334
17.68 7337
17.69 7341
17.70 7347
17.71 7352
17.72 7357
17.73 7364
17.74 7370
17.76 7374
17.77 7377
17.78 7380
17.79 7384
17.80 7391
17.81 7396
17.82 7400
17.83 7405
17.84 7410
17.85 7413
17.86 7417
17.87 7419
17.88 7423
17.89 7429
17.90 7434
17.91 7437
17.92 7439
17.94 7446
17.95 7449
17.96 7452
17.97 7456
17.98 7461
17.99 7464
18.00 7468
18.01 7473
18.02 7478
18.03 7483
18.04 7486
18.05 7490
18.06 7492
18.07 7497
18.08 7501
18.09 7507
18.10 7510
18.12 7514
18.13 7518
18.14 7525
18.15 7528
18.16 7535
18.17 7540
18.18 7548
18.19 7556
18.20 7561
18.21 7565
18.22 7569
18.23 7575
18.24 7578
18.25 7584
18.26 7588
18.27 7593
18.28 7597
18.30 7603
18.31 7608
18.32 7615
18.33 7622
18.34 7628
18.35 7632
18.36 7638
18.37 7642
18.38 7645
18.39 7649
18.40 7658
18.41 7664
18.42 7669
18.43 7675
18.44 7681
18.45 7684
18.46 7688
18.47 7695
18.49 7702
18.50 7706
18.51 7711
18.52 7717
18.53 7725
18.54 7727
18.55 7732
18.56 7740
18.57 7747
18.58 7754
18.59 7759
18.60 7761
18.61 7765
18.62 7771
18.63 7773
18.64 7775
18.65 7780
18.67 7784
18.68 7788
18.69 7791
18.70 7796
18.71 7799
18.72 7804
18.73 7808
18.74 7811
18.75 7816
18.76 7822
18.77 7828
18.78 7832
18.79 7836
18.80 7837
18.81 7844
18.82 7852
18.83 7855
18.85 7856
18.86 7859
18.87 7863
18.88 7867
18.89 7872
18.90 7876
18.91 7882
18.92 7887
18.93 7892
18.94 7894
18.95 7903
18.96 7908
18.97 7915
18.98 7916
18.99 7919
19.00 7922
19.01 7927
19.03 7931
19.04 7936
19.05 7940
19.06 7944
19.07 7948
19.08 7949
19.09 7952
19.10 7957
19.11 7960
19.12 7960
19.13 7964
19.14 7969
19.15 7973
19.16 7981
19.17 7984
19.18 7991
19.19 7995
19.21 7997
19.22 8002
19.23 8007
19.24 8011
19.25 8018
19.26 8024
19.27 8028
19.28 8034
19.29 8037
19.30 8042
19.31 8047
19.32 8052
19.33 8057
19.34 8063
19.35 8071
19.36 8077
19.37 8081
19.38 8086
19.40 8089
19.41 8091
19.42 8095
19.43 8097
19.44 8101
19.45 8104
19.46 8108
19.47 8114
19.48 8121
19.49 8127
19.50 8131
19.51 8135
19.52 8141
19.53 8146
19.54 8151
19.55 8157
19.56 8166
19.58 8173
19.59 8178
19.60 8183
19.61 8188
19.62 8193
19.63 8200
19.64 8206
19.65 8212
19.66 8217
19.67 8221
19.68 8225
19.69 8226
19.70 8227
19.71 8233
19.72 8234
19.73 8237
19.74 8241
19.76 8249
19.77 8252
19.78 8258
19.79 8261
19.80 8266
19.81 8269
19.82 8273
19.83 8276
19.84 8281
19.85 8285
19.86 8288
19.87 8292
19.88 8298
19.89 8302
19.90 8306
19.91 8309
19.92 8311
19.94 8314
19.95 8316
19.96 8321
19.97 8325
19.98 8326
19.99 8329
20.00 8332
20.01 8335
20.02 8338
20.03 8342
20.04 8345
20.05 8348
20.06 8353
20.07 8360
20.08 8364
20.09 8367
20.10 8373
20.12 8377
20.13 8380
20.14 8386
20.15 8389
20.16 8392
20.17 8398
20.18 8403
20.19 8411
20.20 8418
20.21 8422
20.22 8424
20.23 8426
20.24 8427
20.25 8432
20.26 8435
20.27 8436
20.28 8439
20.29 8442
20.31 8447
20.32 8453
20.33 8461
20.34 8466
20.35 8471
20.36 8475
20.37 8479
20.38 8484
20.39 8488
20.40 8496
20.41 8501
20.42 8509
20.43 8510
20.44 8517
20.45 8523
20.46 8533
20.47 8535
20.49 8539
20.50 8544
20.51 8548
20.52 8552
20.53 8554
20.54 8563
20.55 8566
20.56 8571
20.57 8574
20.58 8576
20.59 8580
20.60 8582
20.61 8583
20.62 8585
20.63 8588
20.64 8592
20.65 8596
20.67 8601
20.68 8606
20.69 8612
20.70 8616
20.71 8623
20.72 8629
20.73 8634
20.74 8637
20.75 8642
20.76 8642
20.77 8649
20.78 8655
20.79 8657
20.80 8661
20.81 8663
20.82 8669
20.83 8674
20.85 8677
20.86 8680
20.87 8687
20.88 8690
20.89 8697
20.90 8703
20.91 8707
20.92 8711
20.93 8716
20.94 8721
20.95 8725
20.96 8732
20.97 8738
20.98 8742
20.99 8746
21.00 8748
21.01 8749
21.03 8751
21.04 8752
21.05 8759
21.06 8764
21.07 8768
21.08 8768
21.09 8772
21.10 8776
21.11 8778
21.12 8780
21.13 8786
21.14 8789
21.15 8793
21.16 8799
21.17 8802
21.18 8805
21.19 8813
21.20 8819
21.22 8824
21.23 8829
21.24 8835
21.25 8839
21.26 8842
21.27 8847
21.28 8852
21.29 8857
21.30 8863
21.31 8867
21.32 8871
21.33 8877
21.34 8884
21.35 8888
21.36 8893
21.37 8899
21.38 8903
21.40 8909
21.41 8911
21.42 8919
21.43 8923
21.44 8930
21.45 8934
21.46 8937
21.47 8944
21.48 8950
21.49 8954
21.50 8959
21.51 8962
21.52 8967
21.53 8972
21.54 8977
21.55 8980
21.56 8987
21.58 8992
21.59 8996
21.60 9003
21.61 9007
21.62 9014
21.63 9019
21.64 9023
21.65 9026
21.66 9028
21.67 9032
21.68 9037
21.69 9042
21.70 9045
21.71 9050
21.72 9053
21.73 9060
21.74 9064
21.76 9066
21.77 9072
21.78 9078
21.79 9087
21.80 9092
21.81 9097
21.82 9102
21.83 9106
21.84 9110
21.85 9114
21.86 9116
21.87 9119
21.88 9121
21.89 9123
21.90 9126
21.91 9129
21.92 9130
21.94 9133
21.95 9136
21.96 9137
21.97 9140
21.98 9143
21.99 9147
22.00 9150
22.01 9155
22.02 9157
22.03 9158
22.04 9159
22.05 9165
22.06 9167
22.07 9171
22.08 9175
22.09 9177
22.10 9182
22.11 9184
22.13 9189
22.14 9192
22.15 9195
22.16 9197
22.17 9200
22.18 9201
22.19 9206
22.20 9210
22.21 9215
22.22 9220
22.23 9222
22.24 9226
22.25 9228
22.26 9231
22.27 9234
22.28 9238
22.29 9240
22.31 9242
22.32 9245
22.33 9247
22.34 9255
22.35 9260
22.36 9265
22.37 9268
22.38 9269
22.39 9273
22.40 9273
22.41 9273
22.42 9277
22.43 9280
22.44 9281
22.45 9282
22.46 9283
22.47 9289
22.49 9292
22.50 9293
22.51 9293
22.52 9295
22.53 9300
22.54 9304
22.55 9305
22.56 9307
22.57 9310
22.58 9311
22.59 9314
22.60 9316
22.61 9319
22.62 9320
22.63 9329
22.64 9331
22.65 9332
22.67 9333
22.68 9334
22.69 9342
22.70 9345
22.71 9349
22.72 9351
22.73 9351
22.74 9354
22.75 9356
22.76 9362
22.77 9370
22.78 9373
22.79 9378
22.80 9383
22.81 9389
22.82 9394
22.83 9401
22.85 9411
22.86 9418
22.87 9423
22.88 9426
22.89 9428
22.90 9431
22.91 9439
22.92 9444
22.93 9446
22.94 9451
22.95 9457
22.96 9462
22.97 9465
22.98 9471
22.99 9473
23.00 9476
23.01 9480
23.02 9483
23.04 9488
23.05 9489
23.06 9494
23.07 9498
23.08 9500
23.09 9502
23.10 9510
23.11 9513
23.12 9518
23.13 9521
23.14 9529
23.15 9532
23.16 9540
23.17 9543
23.18 9546
23.19 9548
23.20 9551
23.22 9556
23.23 9560
23.24 9564
23.25 9569
23.26 9576
23.27 9582
23.28 9584
23.29 9590
23.30 9594
23.31 9597
23.32 9601
23.33 9606
23.34 9608
23.35 9611
23.36 9615
23.37 9623
23.38 9628
23.40 9634
23.41 9641
23.42 9645
23.43 9651
23.44 9658
23.45 9664
23.46 9669
23.47 9675
23.48 9680
23.49 9685
23.50 9687
23.51 9694
23.52 9696
23.53 9699
23.54 9705
23.55 9711
23.56 9715
23.58 9723
23.59 9731
23.60 9735
23.61 9738
23.62 9743
23.63 9746
23.64 9750
23.65 9753
23.66 9755
23.67 9758
23.68 9760
23.69 9761
23.70 9764
23.71 9766
23.72 9770
23.73 9774
23.74 9778
23.76 9780
23.77 9783
23.78 9784
23.79 9791
23.80 9795
23.81 9798
23.82 9800
23.83 9805
23.84 9813
23.85 9818
23.86 9825
23.87 9829
23.88 9833
23.89 9841
23.90 9844
23.91 9847
23.92 9849
23.93 9851
23.95 9852
23.96 9854
23.97 9855
23.98 9857
23.99 9859
24.00 9859
24.01 9863
24.02 9866
24.03 9867
24.04 9868
24.05 9872
24.06 9872
24.07 9873
24.08 9874
24.09 9880
24.10 9883
24.11 9885
24.13 9887
24.14 9889
24.15 9893
24.16 9899
24.17 9903
24.18 9910
24.19 9916
24.20 9924
24.21 9932
24.22 9935
24.23 9935
24.24 9936
24.25 9940
24.26 9942
24.27 9942
24.28 9943
24.29 9946
24.31 9949
24.32 9949
24.33 9954
24.34 9955
24.35 9957
24.36 9957
24.37 9959
24.38 9962
24.39 9962
24.40 9963
24.41 9964
24.42 9964
24.43 9966
24.44 9967
24.45 9967
24.46 9968
24.47 9968
24.49 9969
24.50 9969
24.51 9970
24.52 9971
24.53 9971
24.54 9971
24.55 9971
24.56 9971
24.57 9971
24.58 9972
24.59 9972
24.60 9973
24.61 9974
24.62 9975
24.63 9975
24.64 9977
24.65 9980
24.67 9982
24.68 9982
24.69 9987
24.70 9988
24.71 9989
24.72 9989
24.73 9991
24.74 9991
24.75 9992
24.76 9993
24.77 9993
24.78 9993
24.79 9995
24.80 9996
24.81 9996
24.82 9997
24.83 9997
24.84 10001
24.86 10001
24.87 10003
24.88 10006
24.89 10008
24.90 10008
24.91 10010
24.92 10010
24.93 10011
24.94 10012
24.95 10012
24.96 10012
24.97 10013
24.98 10015
24.99 10015
25.00 10015
25.01 10017
25.02 10020
25.04 10020
25.05 10021
25.06 10021
25.07 10021
25.08 10021
25.09 10023
25.10 10024
25.11 10024
25.12 10025
25.13 10025
25.14 10025
25.15 10028
25.16 10029
25.17 10029
25.18 10029
25.19 10030
25.20 10033
25.22 10034
25.23 10034
25.24 10035
25.25 10035
25.26 10035
25.27 10035
25.28 10037
25.29 10038
25.30 10038
25.31 10038
25.32 10038
25.33 10038
25.34 10038
25.35 10040
25.36 10041
25.37 10041
25.38 10043
25.40 10044
25.41 10046
25.42 10046
25.43 10046
25.44 10046
25.45 10046
25.46 10046
25.47 10047
25.48 10057
25.49 10057
25.50 10057
25.51 10057
25.52 10057
25.53 10057
25.54 10062
25.55 10063
25.56 10063
25.58 10063
25.59 10063
25.60 10065
25.61 10066
25.62 10066
25.63 10066
25.64 10066
25.65 10066
25.66 10066
25.67 10069
25.68 10071
25.69 10071
25.70 10071
25.71 10071
25.72 10071
25.73 10071
25.74 10076
25.75 10077
25.77 10077
25.78 10077
25.79 10077
25.80 10079
25.81 10079
25.82 10079
25.83 10079
25.84 10079
25.85 10079
25.86 10079
25.87 10079
25.88 10082
25.89 10082
25.90 10082
25.91 10087
25.92 10088
25.93 10088
25.95 10088
25.96 10088
25.97 10091
25.98 10091
25.99 10091
26.00 10092
26.01 10092
26.02 10092
26.03 10092
26.04 10092
26.05 10092
26.06 10092
26.07 10094
26.08 10094
26.09 10094
26.10 10098
26.11 10100
26.13 10100
26.14 10101
26.15 10101
26.16 10101
26.17 10101
26.18 10101
26.19 10101
26.20 10101
26.21 10101
26.22 10101
26.23 10101
26.24 10102
26.25 10102
26.26 10102
26.27 10105
26.28 10105
26.29 10107
26.31 10110
26.32 10111
26.33 10114
26.34 10114
26.35 10120
26.36 10122
26.37 10125
26.38 10125
26.39 10131
26.40 10134
26.41 10134
26.42 10141
26.43 10148
26.44 10154
26.45 10160
26.46 10164
26.47 10171
26.49 10179
26.50 10185
26.51 10192
26.52 10198
26.53 10204
26.54 10209
26.55 10216
26.56 10226
26.57 10232
26.58 10241
26.59 10245
26.60 10251
26.61 10254
26.62 10259
26.63 10265
26.64 10272
26.65 10278
26.66 10282
26.68 10284
26.69 10289
26.70 10295
26.71 10302
26.72 10307
26.73 10313
26.74 10318
26.75 10323
26.76 10330
26.77 10335
26.78 10340
26.79 10346
26.80 10351
26.81 10355
26.82 10359
26.83 10369
26.84 10375
26.86 10379
26.87 10384
26.88 10386
26.89 10392
26.90 10394
26.91 10399
26.92 10404
26.93 10408
26.94 10413
26.95 10418
26.96 10423
26.97 10429
26.98 10434
26.99 10437
27.00 10441
27.01 10447
27.02 10450
27.04 10457
27.05 10463
27.06 10468
27.07 10474
27.08 10480
27.09 10485
27.10 10489
27.11 10494
27.12 10499
27.13 10505
27.14 10508
27.15 10510
27.16 10515
27.17 10521
27.18 10526
27.19 10530
27.20 10537
27.22 10541
27.23 10546
27.24 10550
27.25 10556
27.26 10561
27.27 10567
27.28 10573
27.29 10577
27.30 10582
27.31 10586
27.32 10590
27.33 10597
27.34 10602
27.35 10607
27.36 10610
27.37 10618
27.38 10623
27.40 10625
27.41 10629
27.42 10631
27.43 10634
27.44 10635
27.45 10637
27.46 10642
27.47 10646
27.48 10651
27.49 10655
27.50 10658
27.51 10661
27.52 10667
27.53 10669
27.54 10671
27.55 10675
27.56 10678
27.57 10683
27.59 10688
27.60 10695
27.61 10702
27.62 10707
27.63 10711
27.64 10714
27.65 10716
27.66 10719
27.67 10725
27.68 10730
27.69 10736
27.70 10738
27.71 10743
27.72 10749
27.73 10754
27.74 10757
27.75 10761
27.77 10765
27.78 10771
27.79 10777
27.80 10782
27.81 10787
27.82 10790
27.83 10793
27.84 10795
27.85 10796
27.86 10797
27.87 10804
27.88 10807
27.89 10812
27.90 10814
27.91 10819
27.92 10824
27.93 10827
27.95 10832
27.96 10835
27.97 10840
27.98 10844
27.99 10846
28.00 10848
28.01 10856
28.02 10863
28.03 10869
28.04 10871
28.05 10877
28.06 10880
28.07 10886
28.08 10889
28.09 10894
28.10 10900
28.11 10907
28.13 10912
28.14 10916
28.15 10922
28.16 10925
28.17 10930
28.18 10934
28.19 10940
28.20 10945
28.21 10951
28.22 10956
28.23 10960
28.24 10967
28.25 10972
28.26 10974
28.27 10978
28.28 10981
28.29 10984
28.31 10987
28.32 10992
28.33 10996
28.34 10998
28.35 11003
28.36 11005
28.37 11010
28.38 11013
28.39 11016
28.40 11019
28.41 11020
28.42 11021
28.43 11023
28.44 11027
28.45 11031
28.46 11034
28.47 11040
28.48 11046
28.50 11048
28.51 11053
28.52 11057
28.53 11059
28.54 11065
28.55 11070
28.56 11074
28.57 11078
28.58 11083
28.59 11085
28.60 11090
28.61 11097
28.62 11102
28.63 11106
28.64 11109
28.65 11113
28.66 11116
28.68 11118
28.69 11120
28.70 11127
28.71 11130
28.72 11137
28.73 11146
28.74 11152
28.75 11159
28.76 11166
28.77 11170
28.78 11175
28.79 11180
28.80 11187
28.81 11194
28.82 11199
28.83 11202
28.84 11207
28.86 11213
28.87 11217
28.88 11219
28.89 11223
28.90 11229
28.91 11235
28.92 11240
28.93 11247
28.94 11253
28.95 11260
28.96 11266
28.97 11272
28.98 11276
28.99 11280
29.00 11284
29.01 11290
29.02 11295
29.04 11298
29.05 11306
29.06 11310
29.07 11315
29.08 11321
29.09 11325
29.10 11328
29.11 11332
29.12 11337
29.13 11340
29.14 11344
29.15 11350
29.16 11356
29.17 11361
29.18 11367
29.19 11371
29.20 11374
29.21 11379
29.23 11387
29.24 11394
29.25 11399
29.26 11406
29.27 11412
29.28 11417
29.29 11420
29.30 11428
29.31 11432
29.32 11436
29.33 11440
29.34 11445
29.35 11451
29.36 11457
29.37 11464
29.38 11467
29.39 11470
29.41 11474
29.42 11478
29.43 11481
29.44 11486
29.45 11491
29.46 11497
29.47 11502
29.48 11505
29.49 11511
29.50 11518
29.51 11522
29.52 11526
29.53 11533
29.54 11539
29.55 11544
29.56 11547
29.57 11553
29.59 11557
29.60 11564
29.61 11568
29.62 11575
29.63 11578
29.64 11584
29.65 11590
29.66 11596
29.67 11603
29.68 11610
29.69 11616
29.70 11622
29.71 11627
29.72 11632
29.73 11637
29.74 11644
29.75 11651
29.77 11657
29.78 11664
29.79 11668
29.80 11673
29.81 11677
29.82 11681
29.83 11686
29.84 11692
29.85 11696
29.86 11702
29.87 11703
29.88 11708
29.89 11713
29.90 11721
29.91 11722
29.92 11729
29.93 11732
29.95 11737
29.96 11743
29.97 11746
29.98 11749
29.99 11755
30.00 11760
30.01 11763
30.02 11767
30.03 11774
30.04 11778
30.05 11781
30.06 11785
30.07 11788
30.08 11794
30.09 11802
30.10 11807
30.11 11812
30.12 11818
30.14 11825
30.15 11829
30.16 11832
30.17 11839
30.18 11844
30.19 11849
30.20 11854
30.21 11858
30.22 11865
30.23 11869
30.24 11875
30.25 11878
30.26 11887
30.27 11890
30.28 11895
30.29 11901
30.30 11908
30.32 11911
30.33 11915
30.34 11920
30.35 11925
30.36 11931
30.37 11936
30.38 11940
30.39 11945
30.40 11951
30.41 11959
30.42 11963
30.43 11970
30.44 11974
30.45 11980
30.46 11986
30.47 11990
30.48 11994
30.50 11998
30.51 12005
30.52 12010
30.53 12013
30.54 12018
30.55 12023
30.56 12029
30.57 12035
30.58 12041
30.59 12048
30.60 12054
30.61 12059
30.62 12061
30.63 12067
30.64 12072
30.65 12077
30.66 12082
30.68 12087
30.69 12093
30.70 12098
30.71 12103
30.72 12108
30.73 12112
30.74 12117
30.75 12121
30.76 12127
30.77 12133
30.78 12139
30.79 12144
30.80 12151
30.81 12156
30.82 12158
30.83 12167
30.84 12171
30.86 12175
30.87 12179
30.88 12186
30.89 12190
30.90 12195
30.91 12200
30.92 12204
30.93 12208
30.94 12213
30.95 12217
30.96 12223
30.97 12227
30.98 12231
30.99 12237
31.00 12241
31.01 12242
31.02 12246
31.03 12250
31.05 12253
31.06 12256
31.07 12260
31.08 12265
31.09 12270
31.10 12277
31.11 12282
31.12 12284
31.13 12291
31.14 12295
31.15 12302
31.16 12307
31.17 12313
31.18 12315
31.19 12320
31.20 12326
31.21 12333
31.23 12336
31.24 12341
31.25 12344
31.26 12348
31.27 12350
31.28 12354
31.29 12359
31.30 12364
31.31 12369
31.32 12373
31.33 12379
31.34 12385
31.35 12390
31.36 12393
31.37 12395
31.38 12400
31.39 12404
31.41 12407
31.42 12413
31.43 12417
31.44 12419
31.45 12424
31.46 12431
31.47 12437
31.48 12443
31.49 12446
31.50 12450
31.51 12456
31.52 12460
31.53 12464
31.54 12472
31.55 12478
31.56 12484
31.57 12491
31.59 12496
31.60 12503
31.61 12507
31.62 12514
31.63 12519
31.64 12523
31.65 12527
31.66 12535
31.67 12540
31.68 12546
31.69 12554
31.70 12560
31.71 12564
31.72 12569
31.73 12573
31.74 12576
31.75 12582
31.77 12583
31.78 12591
31.79 12597
31.80 12602
31.81 12607
31.82 12613
31.83 12618
31.84 12623
31.85 12629
31.86 12634
31.87 12638
31.88 12643
31.89 12647
31.90 12651
31.91 12654
31.92 12658
31.93 12664
31.94 12667
31.96 12673
31.97 12678
31.98 12681
31.99 12687
32.00 12690
32.01 12694
32.02 12701
32.03 12708
32.04 12714
32.05 12719
32.06 12725
32.07 12729
32.08 12734
32.09 12738
32.10 12741
32.11 12746
32.12 12752
32.14 12758
32.15 12765
32.16 12768
32.17 12775
32.18 12778
32.19 12781
32.20 12786
32.21 12789
32.22 12795
32.23 12799
32.24 12802
32.25 12806
32.26 12812
32.27 12817
32.28 12823
32.29 12827
32.30 12833
32.32 12838
32.33 12842
32.34 12846
32.35 12849
32.36 12854
32.37 12859
32.38 12864
32.39 12870
32.40 12875
32.41 12880
32.42 12884
32.43 12890
32.44 12895
32.45 12900
32.46 12904
32.47 12907
32.48 12912
32.50 12917
32.51 12918
32.52 12922
32.53 12924
32.54 12928
32.55 12931
32.56 12938
32.57 12944
32.58 12947
32.59 12952
32.60 12957
32.61 12961
32.62 12966
32.63 12969
32.64 12974
32.65 12977
32.66 12983
32.68 12987
32.69 12991
32.70 12994
32.71 12999
32.72 13005
32.73 13009
32.74 13014
32.75 13019
32.76 13024
32.77 13030
32.78 13034
32.79 13039
32.80 13045
32.81 13052
32.82 13057
32.83 13063
32.84 13070
32.85 13076
32.87 13079
32.88 13084
32.89 13089
32.90 13093
32.91 13098
32.92 13098
32.93 13099
32.94 13104
32.95 13111
32.96 13115
32.97 13119
32.98 13122
32.99 13129
33.00 13135
33.01 13138
33.02 13142
33.03 13148
33.05 13154
33.06 13160
33.07 13164
33.08 13170
33.09 13176
33.10 13182
33.11 13188
33.12 13192
33.13 13197
33.14 13203
33.15 13206
33.16 13210
33.17 13215
33.18 13216
33.19 13220
33.20 13225
33.21 13231
33.23 13236
33.24 13241
33.25 13246
33.26 13251
33.27 13254
33.28 13259
33.29 13264
33.30 13268
33.31 13272
33.32 13279
33.33 13283
33.34 13288
33.35 13291
33.36 13293
33.37 13294
33.38 13301
33.39 13305
33.41 13312
33.42 13318
33.43 13325
33.44 13330
33.45 13335
33.46 13341
33.47 13347
33.48 13352
33.49 13358
33.50 13363
33.51 13367
33.52 13370
33.53 13374
33.54 13378
33.55 13381
33.56 13385
33.57 13392
33.59 13399
33.60 13402
33.61 13408
33.62 13410
33.63 13413
33.64 13418
33.65 13420
33.66 13427
33.67 13432
33.68 13437
33.69 13440
33.70 13444
33.71 13450
33.72 13455
33.73 13461
33.74 13462
33.75 13467
33.76 13470
33.78 13476
33.79 13482
33.80 13487
33.81 13492
33.82 13498
33.83 13501
33.84 13506
33.85 13512
33.86 13516
33.87 13523
33.88 13530
33.89 13536
33.90 13539
33.91 13543
33.92 13547
33.93 13548
33.94 13550
33.96 13553
33.97 13558
33.98 13563
33.99 13567
34.00 13572
34.01 13575
34.02 13580
34.03 13587
34.04 13591
34.05 13596
34.06 13600
34.07 13607
34.08 13612
34.09 13619
34.10 13623
34.11 13628
34.12 13633
34.14 13637
34.15 13640
34.16 13644
34.17 13648
34.18 13652
34.19 13657
34.20 13661
34.21 13666
34.22 13672
34.23 13676
34.24 13678
34.25 13681
34.26 13685
34.27 13689
34.28 13694
34.29 13699
34.30 13703
34.32 13707
34.33 13711
34.34 13717
34.35 13722
34.36 13728
34.37 13735
34.38 13738
34.39 13741
34.40 13743
34.41 13748
34.42 13752
34.43 13756
34.44 13757
34.45 13757
34.46 13760
34.47 13766
34.48 13767
34.50 13770
34.51 13776
34.52 13784
34.53 13786
34.54 13786
34.55 13786
34.56 13786
34.57 13786
34.58 13786
34.59 13792
34.60 13799
34.61 13801
34.62 13808
34.63 13812
34.64 13815
34.65 13821
34.66 13825
34.67 13827
34.69 13832
34.70 13837
34.71 13839
34.72 13845
34.73 13846
34.74 13850
34.75 13854
34.76 13858
34.77 13862
34.78 13866
34.79 13870
34.80 13874
34.81 13876
34.82 13881
34.83 13887
34.84 13893
34.85 13898
34.87 13903
34.88 13910
34.89 13915
34.90 13921
34.91 13926
34.92 13930
34.93 13936
34.94 13939
34.95 13942
34.96 13946
34.97 13949
34.98 13954
34.99 13959
35.00 13962
35.01 13965
35.02 13967
35.03 13974
35.05 13978
35.06 13981
35.07 13982
35.08 13986
35.09 13990
35.10 13995
35.11 13997
35.12 13997
35.13 14001
35.14 14005
35.15 14011
35.16 14015
35.17 14021
35.18 14026
35.19 14030
35.20 14036
35.21 14042
35.23 14049
35.24 14053
35.25 14057
35.26 14063
35.27 14067
35.28 14072
35.29 14078
35.30 14082
35.31 14085
35.32 14090
35.33 14092
35.34 14097
35.35 14103
35.36 14107
35.37 14109
35.38 14113
35.39 14117
35.41 14121
35.42 14126
35.43 14129
35.44 14132
35.45 14138
35.46 14141
35.47 14146
35.48 14149
35.49 14153
35.50 14156
35.51 14164
35.52 14167
35.53 14171
35.54 14174
35.55 14178
35.56 14186
35.57 14191
35.58 14197
35.60 14202
35.61 14207
35.62 14213
35.63 14215
35.64 14218
35.65 14225
35.66 14229
35.67 14233
35.68 14241
35.69 14244
35.70 14249
35.71 14251
35.72 14255
35.73 14261
35.74 14266
35.75 14269
35.76 14275
35.78 14279
35.79 14285
35.80 14290
35.81 14295
35.82 14300
35.83 14305
35.84 14309
35.85 14315
35.86 14321
35.87 14326
35.88 14333
35.89 14337
35.90 14342
35.91 14346
35.92 14349
35.93 14355
35.94 14361
35.96 14365
35.97 14371
35.98 14375
35.99 14384
36.00 14387
36.01 14390
36.02 14393
36.03 14399
36.04 14404
36.05 14409
36.06 14415
36.07 14419
36.08 14423
36.09 14426
36.10 14431
36.11 14438
36.12 14443
36.14 14447
36.15 14452
36.16 14458
36.17 14465
36.18 14471
36.19 14477
36.20 14482
36.21 14488
36.22 14493
36.23 14496
36.24 14500
36.25 14504
36.26 14508
36.27 14512
36.28 14518
36.29 14524
36.30 14531
36.32 14536
36.33 14539
36.34 14544
36.35 14549
36.36 14553
36.37 14558
36.38 14559
36.39 14565
36.40 14571
36.41 14574
36.42 14579
36.43 14584
36.44 14590
36.45 14596
36.46 14600
36.47 14604
36.48 14610
36.49 14614
36.51 14620
36.52 14625
36.53 14628
36.54 14629
36.55 14634
36.56 14636
36.57 14640
36.58 14644
36.59 14649
36.60 14653
36.61 14660
36.62 14662
36.63 14668
36.64 14672
36.65 14676
36.66 14678
36.67 14680
36.69 14684
36.70 14688
36.71 14691
36.72 14698
36.73 14702
36.74 14705
36.75 14713
36.76 14716
36.77 14719
36.78 14724
36.79 14727
36.80 14732
36.81 14736
36.82 14742
36.83 14747
36.84 14750
36.85 14751
36.87 14758
36.88 14764
36.89 14768
36.90 14772
36.91 14776
36.92 14781
36.93 14789
36.94 14799
36.95 14803
36.96 14805
36.97 14811
36.98 14814
36.99 14818
37.00 14823
37.01 14827
37.02 14831
37.03 14836
37.05 14841
37.06 14845
37.07 14851
37.08 14856
37.09 14861
37.10 14864
37.11 14869
37.12 14874
37.13 14880
37.14 14885
37.15 14889
37.16 14891
37.17 14894
37.18 14900
37.19 14905
37.20 14908
37.21 14911
37.23 14916
37.24 14920
37.25 14924
37.26 14929
37.27 14933
37.28 14937
37.29 14941
37.30 14943
37.31 14946
37.32 14950
37.33 14957
37.34 14960
37.35 14964
37.36 14968
37.37 14971
37.38 14974
37.39 14979
37.40 14983
37.42 14988
37.43 14992
37.44 14996
37.45 14998
37.46 15003
37.47 15007
37.48 15013
37.49 15016
37.50 15019
37.51 15022
37.52 15027
37.53 15032
37.54 15039
37.55 15046
37.56 15052
37.57 15055
37.58 15062
37.60 15066
37.61 15072
37.62 15078
37.63 15084
37.64 15088
37.65 15093
37.66 15097
37.67 15102
37.68 15104
37.69 15109
37.70 15115
37.71 15120
37.72 15124
37.73 15128
37.74 15134
37.75 15139
37.76 15142
37.78 15146
37.79 15151
37.80 15155
37.81 15157
37.82 15161
37.83 15170
37.84 15177
37.85 15183
37.86 15190
37.87 15194
37.88 15197
37.89 15203
37.90 15206
37.91 15207
37.92 15213
37.93 15217
37.94 15220
37.96 15224
37.97 15231
37.98 15236
37.99 15242
38.00 15249
38.01 15254
38.02 15257
38.03 15261
38.04 15265
38.05 15269
38.06 15273
38.07 15278
38.08 15283
38.09 15290
38.10 15296
38.11 15298
38.12 15305
38.14 15310
38.15 15316
38.16 15321
38.17 15326
38.18 15332
38.19 15336
38.20 15340
38.21 15346
38.22 15353
38.23 15357
38.24 15362
38.25 15363
38.26 15366
38.27 15368
38.28 15372
38.29 15374
38.30 15380
38.31 15384
38.33 15387
38.34 15392
38.35 15396
38.36 15399
38.37 15401
38.38 15406
38.39 15412
38.40 15417
38.41 15421
38.42 15426
38.43 15430
38.44 15433
38.45 15440
38.46 15447
38.47 15451
38.48 15456
38.49 15459
38.51 15460
38.52 15465
38.53 15471
38.54 15476
38.55 15482
38.56 15486
38.57 15488
38.58 15491
38.59 15493
38.60 15497
38.61 15498
38.62 15501
38.63 15501
38.64 15509
38.65 15511
38.66 15513
38.67 15516
38.69 15521
38.70 15523
38.71 15524
38.72 15530
38.73 15537
38.74 15541
38.75 15544
38.76 15549
38.77 15555
38.78 15560
38.79 15568
38.80 15573
38.81 15578
38.82 15582
38.83 15588
38.84 15593
38.85 15597
38.87 15602
38.88 15606
38.89 15608
38.90 15612
38.91 15616
38.92 15620
38.93 15622
38.94 15629
38.95 15633
38.96 15639
38.97 15642
38.98 15645
38.99 15650
39.00 15654
39.01 15660
39.02 15667
39.03 15672
39.05 15676
39.06 15679
39.07 15684
39.08 15686
39.09 15690
39.10 15691
39.11 15697
39.12 15698
39.13 15699
39.14 15700
39.15 15705
39.16 15711
39.17 15718
39.18 15723
39.19 15728
39.20 15733
39.21 15738
39.22 15744
39.24 15748
39.25 15756
39.26 15759
39.27 15763
39.28 15768
39.29 15772
39.30 15776
39.31 15781
39.32 15785
39.33 15790
39.34 15794
39.35 15797
39.36 15798
39.37 15800
39.38 15800
39.39 15803
39.40 15808
39.42 15814
39.43 15818
39.44 15821
39.45 15827
39.46 15832
39.47 15836
39.48 15840
39.49 15842
39.50 15843
39.51 15847
39.52 15852
39.53 15857
39.54 15861
39.55 15866
39.56 15868
39.57 15872
39.58 15877
39.60 15879
39.61 15882
39.62 15885
39.63 15889
39.64 15893
39.65 15896
39.66 15900
39.67 15905
39.68 15909
39.69 15912
39.70 15914
39.71 15917
39.72 15921
39.73 15925
39.74 15927
39.75 15931
39.76 15936
39.78 15937
39.79 15940
39.80 15944
39.81 15945
39.82 15947
39.83 15950
39.84 15953
39.85 15954
39.86 15956
39.87 15964
39.88 15969
39.89 15977
39.90 15983
39.91 15985
39.92 15985
39.93 15988
39.94 15989
39.96 15995
39.97 16002
39.98 16005
39.99 16009
40.00 16015
40.01 16018
40.02 16022
40.03 16023
40.04 16025
40.05 16028
40.06 16029
40.07 16036
40.08 16040
40.09 16041
40.10 16045
40.11 16049
40.12 16051
40.13 16056
40.15 16058
40.16 16062
40.17 16066
40.18 16071
40.19 16077
40.20 16081
40.21 16086
40.22 16091
40.23 16098
40.24 16100
40.25 16106
40.26 16112
40.27 16118
40.28 16125
40.29 16129
40.30 16131
40.31 16134
40.33 16137
40.34 16141
40.35 16143
40.36 16144
40.37 16144
40.38 16150
40.39 16157
40.40 16162
40.41 16167
40.42 16171
40.43 16180
40.44 16185
40.45 16185
40.46 16185
40.47 16187
40.48 16191
40.49 16195
40.51 16199
40.52 16206
40.53 16215
40.54 16218
40.55 16218
40.56 16223
40.57 16227
40.58 16234
40.59 16240
40.60 16244
40.61 16247
40.62 16249
40.63 16255
40.64 16257
40.65 16260
40.66 16263
40.67 16267
40.69 16269
40.70 16270
40.71 16272
40.72 16275
40.73 16281
40.74 16282
40.75 16288
40.76 16291
40.77 16296
40.78 16301
40.79 16306
40.80 16310
40.81 16312
40.82 16316
40.83 16324
40.84 16330
40.85 16338
40.87 16345
40.88 16353
40.89 16361
40.90 16362
40.91 16367
40.92 16372
40.93 16378
40.94 16382
40.95 16385
40.96 16387
40.97 16391
40.98 16393
40.99 16397
41.00 16401
41.01 16401
41.02 16401
41.03 16401
41.04 16404
41.06 16408
41.07 16413
41.08 16416
41.09 16425
41.10 16431
41.11 16436
41.12 16441
41.13 16444
41.14 16444
41.15 16444
41.16 16448
41.17 16449
41.18 16455
41.19 16462
41.20 16466
41.21 16469
41.22 16472
41.24 16476
41.25 16480
41.26 16483
41.27 16486
41.28 16488
41.29 16494
41.30 16500
41.31 16505
41.32 16508
41.33 16509
41.34 16511
41.35 16514
41.36 16516
41.37 16517
41.38 16521
41.39 16523
41.40 16524
41.42 16526
41.43 16531
41.44 16534
41.45 16540
41.46 16545
41.47 16545
41.48 16546
41.49 16547
41.50 16551
41.51 16551
41.52 16551
41.53 16552
41.54 16552
41.55 16554
41.56 16557
41.57 16563
41.58 16566
41.60 16569
41.61 16569
41.62 16571
41.63 16579
41.64 16580
41.65 16580
41.66 16588
41.67 16593
41.68 16594
41.69 16596
41.70 16596
41.71 16598
41.72 16598
41.73 16602
41.74 16604
41.75 16606
41.76 16613
41.78 16616
41.79 16617
41.80 16617
41.81 16617
41.82 16620
41.83 16622
41.84 16626
41.85 16629
41.86 16629
41.87 16630
41.88 16630
41.89 16631
41.90 16634
41.91 16634
41.92 16638
41.93 16639
41.94 16639
41.95 16640
41.97 16642
41.98 16643
41.99 16648
42.00 16656
42.01 16656
42.02 16656
42.03 16657
42.04 16658
42.05 16658
42.06 16664
42.07 16671
42.08 16672
42.09 16672
42.10 16673
42.11 16673
42.12 16677
42.13 16678
42.15 16678
42.16 16679
42.17 16681
42.18 16683
42.19 16684
42.20 16691
42.21 16698
42.22 16702
42.23 16705
42.24 16709
42.25 16712
42.26 16715
42.27 16721
42.28 16723
42.29 16729
42.30 16734
42.31 16741
42.33 16744
42.34 16752
42.35 16756
42.36 16762
42.37 16765
42.38 16773
42.39 16779
42.40 16782
42.41 16787
42.42 16792
42.43 16796
42.44 16803
42.45 16810
42.46 16812
42.47 16821
42.48 16825
42.49 16829
42.51 16834
42.52 16837
42.53 16842
42.54 16846
42.55 16850
42.56 16853
42.57 16856
42.58 16862
42.59 16868
42.60 16872
42.61 16878
42.62 16881
42.63 16885
42.64 16886
42.65 16888
42.66 16895
42.67 16899
42.69 16900
42.70 16905
42.71 16906
42.72 16913
42.73 16916
42.74 16921
42.75 16925
42.76 16927
42.77 16938
42.78 16943
42.79 16947
42.80 16953
42.81 16955
42.82 16957
42.83 16963
42.84 16965
42.85 16969
42.86 16974
42.88 16976
42.89 16981
42.90 16983
42.91 16988
42.92 16991
42.93 16998
42.94 17000
42.95 17007
42.96 17009
42.97 17011
42.98 17012
42.99 17015
43.00 17019
43.01 17025
43.02 17027
43.03 17032
43.04 17034
43.06 17037
43.07 17043
43.08 17045
43.09 17047
43.10 17053
43.11 17057
43.12 17063
43.13 17065
43.14 17067
43.15 17070
43.16 17075
43.17 17078
43.18 17086
43.19 17089
43.20 17094
43.21 17100
43.22 17106
43.24 17107
43.25 17108
43.26 17113
43.27 17117
43.28 17120
43.29 17122
43.30 17124
43.31 17131
43.32 17133
43.33 17136
43.34 17142
43.35 17144
43.36 17146
43.37 17151
43.38 17155
43.39 17161
43.40 17163
43.42 17167
43.43 17173
43.44 17175
43.45 17179
43.46 17181
43.47 17190
43.48 17195
43.49 17197
43.50 17198
43.51 17202
43.52 17203
43.53 17209
43.54 17216
43.55 17218
43.56 17224
43.57 17227
43.58 17231
43.60 17234
43.61 17236
43.62 17238
43.63 17242
43.64 17248
43.65 17253
43.66 17256
43.67 17258
43.68 17262
43.69 17266
43.70 17267
43.71 17274
43.72 17277
43.73 17278
43.74 17279
43.75 17280
43.76 17284
43.77 17287
43.79 17289
43.80 17292
43.81 17294
43.82 17296
43.83 17298
43.84 17305
43.85 17306
43.86 17312
43.87 17320
43.88 17321
43.89 17323
43.90 17327
43.91 17332
43.92 17335
43.93 17336
43.94 17337
43.95 17338
43.97 17343
43.98 17344
43.99 17347
44.00 17350
44.01 17352
44.02 17356
44.03 17356
44.04 17357
44.05 17357
44.06 17358
44.07 17360
44.08 17362
44.09 17363
44.10 17364
44.11 17365
44.12 17367
44.13 17367
44.15 17367
44.16 17367
44.17 17367
44.18 17367
44.19 17368
44.20 17369
44.21 17369
44.22 17369
44.23 17369
44.24 17369
44.25 17369
44.26 17370
44.27 17372
44.28 17372
44.29 17373
44.30 17374
44.31 17375
44.33 17375
44.34 17375
44.35 17375
44.36 17375
44.37 17375
44.38 17375
44.39 17376
44.40 17376
44.41 17376
44.42 17376
44.43 17376
44.44 17376
44.45 17377
44.46 17378
44.47 17378
44.48 17378
44.49 17378
44.50 17381
44.52 17381
44.53 17381
44.54 17381
44.55 17381
44.56 17381
44.57 17381
44.58 17382
44.59 17382
44.60 17382
44.61 17382
44.62 17382
44.63 17382
44.64 17386
44.65 17390
44.66 17391
44.67 17391
44.68 17392
44.70 17394
44.71 17397
44.72 17397
44.73 17400
44.74 17402
44.75 17404
44.76 17404
44.77 17405
44.78 17407
44.79 17407
44.80 17407
44.81 17408
44.82 17411
44.83 17412
44.84 17412
44.85 17413
44.86 17413
44.88 17413
44.89 17413
44.90 17414
44.91 17414
44.92 17414
44.93 17414
44.94 17414
44.95 17414
44.96 17415
44.97 17415
44.98 17415
44.99 17418
45.00 17418
45.01 17418
45.02 17419
45.03 17419
45.04 17421
45.06 17421
45.07 17421
45.08 17421
45.09 17421
45.10 17421
45.11 17421
45.12 17422
45.13 17422
45.14 17422
45.15 17422
45.16 17422
45.17 17422
45.18 17424
45.19 17424
45.20 17424
45.21 17425
45.22 17425
45.24 17426
45.25 17426
45.26 17426
45.27 17426
45.28 17426
45.29 17426
45.30 17426
45.31 17428
45.32 17428
45.33 17428
45.34 17428
45.35 17428
45.36 17428
45.37 17431
45.38 17433
45.39 17433
45.40 17433
45.41 17434
45.43 17434
45.44 17434
45.45 17434
45.46 17435
45.47 17435
45.48 17435
45.49 17435
45.50 17435
45.51 17437
45.52 17438
45.53 17438
45.54 17440
45.55 17440
45.56 17440
45.57 17444
45.58 17444
45.59 17448
45.61 17448
45.62 17449
45.63 17457
45.64 17457
45.65 17457
45.66 17461
45.67 17464
45.68 17468
45.69 17472
45.70 17477
45.71 17483
45.72 17490
45.73 17495
45.74 17500
45.75 17504
45.76 17507
45.77 17511
45.79 17519
45.80 17524
45.81 17528
45.82 17532
45.83 17535
45.84 17540
45.85 17548
45.86 17553
45.87 17558
45.88 17562
45.89 17565
45.90 17567
45.91 17570
45.92 17573
45.93 17577
45.94 17584
45.95 17592
45.97 17596
45.98 17600
45.99 17602
46.00 17606
46.01 17611
46.02 17617
46.03 17625
46.04 17629
46.05 17634
46.06 17639
46.07 17643
46.08 17649
46.09 17654
46.10 17657
46.11 17660
46.12 17667
46.13 17672
46.15 17678
46.16 17683
46.17 17687
46.18 17690
46.19 17695
46.20 17702
46.21 17705
46.22 17708
46.23 17712
46.24 17716
46.25 17720
46.26 17725
46.27 17728
46.28 17731
46.29 17736
46.30 17738
46.31 17744
46.32 17749
46.34 17756
46.35 17763
46.36 17768
46.37 17771
46.38 17774
46.39 17780
46.40 17783
46.41 17789
46.42 17794
46.43 17800
46.44 17806
46.45 17811
46.46 17818
46.47 17824
46.48 17831
46.49 17836
46.50 17841
46.52 17846
46.53 17850
46.54 17853
46.55 17857
46.56 17861
46.57 17867
46.58 17871
46.59 17876
46.60 17880
46.61 17885
46.62 17894
46.63 17900
46.64 17906
46.65 17910
46.66 17915
46.67 17919
46.68 17921
46.70 17923
46.71 17928
46.72 17931
46.73 17935
46.74 17940
46.75 17945
46.76 17951
46.77 17956
46.78 17960
46.79 17963
46.80 17966
46.81 17968
46.82 17974
46.83 17978
46.84 17985
46.85 17991
46.86 17997
46.88 17999
46.89 18005
46.90 18009
46.91 18013
46.92 18020
46.93 18026
46.94 18029
46.95 18034
46.96 18039
46.97 18045
46.98 18051
46.99 18055
47.00 18060
47.01 18065
47.02 18070
47.03 18076
47.04 18079
47.06 18083
47.07 18087
47.08 18091
47.09 18096
47.10 18100
47.11 18105
47.12 18108
47.13 18115
47.14 18119
47.15 18125
47.16 18126
47.17 18128
47.18 18134
47.19 18138
47.20 18144
47.21 18150
47.22 18152
47.23 18156
47.25 18161
47.26 18165
47.27 18168
47.28 18172
47.29 18175
47.30 18178
47.31 18184
47.32 18190
47.33 18194
47.34 18197
47.35 18203
47.36 18209
47.37 18212
47.38 18217
47.39 18221
47.40 18226
47.41 18234
47.43 18239
47.44 18241
47.45 18244
47.46 18250
47.47 18253
47.48 18260
47.49 18266
47.50 18272
47.51 18276
47.52 18282
47.53 18287
47.54 18291
47.55 18297
47.56 18302
47.57 18308
47.58 18313
47.59 18318
47.61 18325
47.62 18330
47.63 18337
47.64 18343
47.65 18347
47.66 18353
47.67 18360
47.68 18367
47.69 18379
47.70 18388
47.71 18397
47.72 18405
47.73 18411
47.74 18413
47.75 18416
47.76 18419
47.77 18425
47.79 18431
47.80 18438
47.81 18441
47.82 18447
47.83 18449
47.84 18454
47.85 18458
47.86 18465
47.87 18472
47.88 18476
47.89 18482
47.90 18487
47.91 18490
47.92 18491
47.93 18493
47.94 18498
47.95 18502
47.97 18505
47.98 18509
47.99 18515
48.00 18520
48.01 18526
48.02 18530
48.03 18534
48.04 18539
48.05 18543
48.06 18548
48.07 18550
48.08 18555
48.09 18560
48.10 18564
48.11 18566
48.12 18570
48.13 18575
48.14 18580
48.16 18586
48.17 18590
48.18 18596
48.19 18599
48.20 18605
48.21 18609
48.22 18613
48.23 18621
48.24 18625
48.25 18632
48.26 18635
48.27 18641
48.28 18646
48.29 18653
48.30 18659
48.31 18664
48.32 18671
48.34 18673
48.35 18676
48.36 18681
48.37 18689
48.38 18694
48.39 18698
48.40 18702
48.41 18707
48.42 18712
48.43 18719
48.44 18725
48.45 18730
48.46 18736
48.47 18746
48.48 18752
48.49 18756
48.50 18760
48.52 18765
48.53 18768
48.54 18774
48.55 18779
48.56 18785
48.57 18794
48.58 18801
48.59 18809
48.60 18814
48.61 18817
48.62 18817
48.63 18822
48.64 18827
48.65 18831
48.66 18832
48.67 18834
48.68 18836
48.70 18836
48.71 18838
48.72 18841
48.73 18844
48.74 18847
48.75 18851
48.76 18853
48.77 18857
48.78 18858
48.79 18859
48.80 18860
48.81 18860
48.82 18864
48.83 18865
48.84 18867
48.85 18869
48.86 18873
48.88 18877
48.89 18879
48.90 18880
48.91 18882
48.92 18884
48.93 18889
48.94 18895
48.95 18895
48.96 18898
48.97 18899
48.98 18901
48.99 18901
49.00 18903
49.01 18904
49.02 18904
49.03 18904
49.04 18904
49.05 18905
49.07 18907
49.08 18907
49.09 18908
49.10 18908
49.11 18908
49.12 18914
49.13 18915
49.14 18915
49.15 18915
49.16 18916
49.17 18918
49.18 18918
49.19 18918
49.20 18918
49.21 18918
49.22 18918
49.23 18918
49.25 18919
49.26 18921
49.27 18921
49.28 18921
49.29 18921
49.30 18921
49.31 18921
49.32 18927
49.33 18928
49.34 18928
49.35 18932
49.36 18932
49.37 18935
49.38 18936
49.39 18936
49.40 18939
49.41 18942
49.43 18942
49.44 18946
49.45 18947
49.46 18947
49.47 18950
49.48 18951
49.49 18951
49.50 18951
49.51 18954
49.52 18955
49.53 18956
49.54 18959
49.55 18960
49.56 18964
49.57 18964
49.58 18965
49.59 18968
49.61 18970
49.62 18970
49.63 18971
49.64 18976
49.65 18985
49.66 18987
49.67 18990
49.68 18992
49.69 18997
49.70 18997
49.71 18999
49.72 19004
49.73 19007
49.74 19009
49.75 19016
49.76 19024
49.77 19026
49.79 19028
49.80 19029
49.81 19035
49.82 19037
49.83 19040
49.84 19040
49.85 19041
49.86 19042
49.87 19045
49.88 19047
49.89 19050
49.90 19054
49.91 19058
49.92 19061
49.93 19062
49.94 19066
49.95 19072
49.96 19078
49.98 19081
49.99 19084
50.00 19088
50.01 19092
50.02 19097
50.03 19099
50.04 19102
50.05 19105
50.06 19109
50.07 19114
50.08 19119
50.09 19126
50.10 19130
50.11 19133
50.12 19138
50.13 19143
50.14 19150
50.16 19151
50.17 19157
50.18 19167
50.19 19171
50.20 19175
50.21 19178
50.22 19181
50.23 19185
50.24 19189
50.25 19192
50.26 19194
50.27 19198
50.28 19202
50.29 19207
50.30 19215
50.31 19218
50.32 19222
50.34 19225
50.35 19232
50.36 19237
50.37 19241
50.38 19246
50.39 19248
50.40 19251
50.41 19258
50.42 19261
50.43 19262
50.44 19268
50.45 19275
50.46 19280
50.47 19283
50.48 19288
50.49 19291
50.50 19296
50.52 19300
50.53 19304
50.54 19309
50.55 19317
50.56 19324
50.57 19332
50.58 19335
50.59 19340
50.60 19342
50.61 19347
50.62 19352
50.63 19357
50.64 19362
50.65 19366
50.66 19373
50.67 19377
50.68 19383
50.70 19388
50.71 19393
50.72 19398
50.73 19405
50.74 19411
50.75 19415
50.76 19418
50.77 19423
50.78 19428
50.79 19435
50.80 19440
50.81 19446
50.82 19451
50.83 19453
50.84 19457
50.85 19463
50.86 19465
50.87 19468
50.89 19472
50.90 19475
50.91 19480
50.92 19484
50.93 19487
50.94 19491
50.95 19492
50.96 19495
50.97 19504
50.98 19511
50.99 19516
51.00 19518
51.01 19522
51.02 19527
51.03 19533
51.04 19538
51.05 19542
51.07 19547
51.08 19549
51.09 19552
51.10 19556
51.11 19558
51.12 19561
51.13 19564
51.14 19568
51.15 19576
51.16 19583
51.17 19588
51.18 19595
51.19 19600
51.20 19608
51.21 19611
51.22 19613
51.23 19616
51.25 19621
51.26 19622
51.27 19624
51.28 19625
51.29 19629
51.30 19633
51.31 19641
51.32 19644
51.33 19647
51.34 19647
51.35 19652
51.36 19655
51.37 19656
51.38 19657
51.39 19660
51.40 19667
51.41 19671
51.43 19674
51.44 19678
51.45 19682
51.46 19685
51.47 19686
51.48 19690
51.49 19693
51.50 19696
51.51 19700
51.52 19702
51.53 19706
51.54 19711
51.55 19715
51.56 19716
51.57 19722
51.58 19726
51.59 19731
51.61 19736
51.62 19739
51.63 19743
51.64 19746
51.65 19750
51.66 19754
51.67 19756
51.68 19758
51.69 19762
51.70 19765
51.71 19767
51.72 19771
51.73 19774
51.74 19775
51.75 19780
51.76 19785
51.77 19790
51.78 19793
51.80 19796
51.81 19800
51.82 19803
51.83 19807
51.84 19810
51.85 19813
51.86 19817
51.87 19819
51.88 19824
51.89 19828
51.90 19835
51.91 19838
51.92 19841
51.93 19844
51.94 19851
51.95 19855
51.96 19859
51.98 19862
51.99 19868
52.00 19876
52.01 19883
52.02 19890
52.03 19892
52.04 19893
52.05 19896
52.06 19900
52.07 19902
52.08 19906
52.09 19911
52.10 19914
52.11 19919
52.12 19924
52.13 19930
52.14 19933
52.16 19935
52.17 19936
52.18 19939
52.19 19941
52.20 19947
52.21 19953
52.22 19954
52.23 19960
52.24 19962
52.25 19965
52.26 19968
52.27 19971
52.28 19972
52.29 19974
52.30 19976
52.31 19981
52.32 19983
52.34 19986
52.35 19988
52.36 19988
52.37 19990
52.38 19996
52.39 20000
52.40 20008
52.41 20015
52.42 20019
52.43 20025
52.44 20028
52.45 20032
52.46 20035
52.47 20039
52.48 20040
52.49 20041
52.50 20044
52.52 20048
52.53 20049
52.54 20051
52.55 20054
52.56 20058
52.57 20058
52.58 20062
52.59 20064
52.60 20067
52.61 20070
52.62 20071
52.63 20074
52.64 20079
52.65 20083
52.66 20089
52.67 20091
52.68 20095
52.69 20101
52.71 20105
52.72 20110
52.73 20115
52.74 20117
52.75 20117
52.76 20119
52.77 20123
52.78 20125
52.79 20128
52.80 20132
52.81 20134
52.82 20142
52.83 20147
52.84 20151
52.85 20155
52.86 20162
52.87 20169
52.89 20177
52.90 20182
52.91 20187
52.92 20194
52.93 20199
52.94 20203
52.95 20207
52.96 20213
52.97 20215
52.98 20218
52.99 20222
53.00 20228
53.01 20233
53.02 20237
53.03 20240
53.04 20245
53.05 20248
53.07 20250
53.08 20254
53.09 20260
53.10 20265
53.11 20269
53.12 20275
53.13 20282
53.14 20287
53.15 20290
53.16 20294
53.17 20295
53.18 20302
53.19 20306
53.20 20310
53.21 20318
53.22 20323
53.23 20325
53.25 20329
53.26 20336
53.27 20341
53.28 20343
53.29 20351
53.30 20353
53.31 20354
53.32 20358
53.33 20362
53.34 20365
53.35 20367
53.36 20368
53.37 20373
53.38 20375
53.39 20377
53.40 20377
53.41 20377
53.43 20377
53.44 20379
53.45 20386
53.46 20387
53.47 20390
53.48 20391
53.49 20393
53.50 20393
53.51 20400
53.52 20403
53.53 20404
53.54 20407
53.55 20410
53.56 20414
53.57 20416
53.58 20420
53.59 20424
53.60 20428
53.62 20433
53.63 20435
53.64 20436
53.65 20441
53.66 20444
53.67 20450
53.68 20456
53.69 20459
53.70 20465
53.71 20466
53.72 20469
53.73 20473
53.74 20477
53.75 20479
53.76 20483
53.77 20488
53.78 20494
53.80 20501
53.81 20504
53.82 20506
53.83 20511
53.84 20515
53.85 20520
53.86 20526
53.87 20529
53.88 20531
53.89 20531
53.90 20532
53.91 20533
53.92 20540
53.93 20544
53.94 20547
53.95 20549
53.96 20552
53.98 20554
53.99 20555
54.00 20556
54.01 20556
54.02 20557
54.03 20561
54.04 20562
54.05 20565
54.06 20566
54.07 20569
54.08 20571
54.09 20574
54.10 20577
54.11 20579
54.12 20580
54.13 20585
54.14 20586
54.16 20587
54.17 20588
54.18 20589
54.19 20590
54.20 20591
54.21 20591
54.22 20594
54.23 20594
54.24 20594
54.25 20597
54.26 20597
54.27 20598
54.28 20599
54.29 20600
54.30 20602
54.31 20607
54.32 20607
54.34 20608
54.35 20608
54.36 20609
54.37 20611
54.38 20617
54.39 20618
54.40 20618
54.41 20621
54.42 20625
54.43 20626
54.44 20626
54.45 20628
54.46 20628
54.47 20628
54.48 20628
54.49 20629
54.50 20629
54.51 20629
54.53 20629
54.54 20629
54.55 20629
54.56 20631
54.57 20631
54.58 20631
54.59 20636
54.60 20637
54.61 20637
54.62 20638
54.63 20638
54.64 20638
54.65 20638
54.66 20638
54.67 20638
54.68 20638
54.69 20639
54.71 20639
54.72 20639
54.73 20641
54.74 20641
54.75 20641
54.76 20645
54.77 20645
54.78 20645
54.79 20646
54.80 20646
54.81 20646
54.82 20646
54.83 20646
54.84 20646
54.85 20646
54.86 20646
54.87 20646
54.89 20646
54.90 20648
54.91 20648
54.92 20648
54.93 20652
54.94 20653
54.95 20653
54.96 20654
54.97 20654
54.98 20654
54.99 20655
55.00 20655
55.01 20655
55.02 20655
55.03 20655
55.04 20655
55.05 20656
55.07 20658
55.08 20658
55.09 20658
55.10 20658
55.11 20658
55.12 20660
55.13 20660
55.14 20660
55.15 20661
55.16 20661
55.17 20661
55.18 20661
55.19 20661
55.20 20661
55.21 20661
55.22 20661
55.23 20661
55.25 20661
55.26 20663
55.27 20663
55.28 20663
55.29 20667
55.30 20668
55.31 20669
55.32 20669
55.33 20669
55.34 20672
55.35 20673
55.36 20673
55.37 20676
55.38 20678
55.39 20679
55.40 20679
55.41 20682
55.42 20683
55.44 20683
55.45 20684
55.46 20684
55.47 20684
55.48 20688
55.49 20688
55.50 20688
55.51 20689
55.52 20690
55.53 20693
55.54 20693
55.55 20695
55.56 20695
55.57 20695
55.58 20695
55.59 20698
55.60 20698
55.62 20700
55.63 20701
55.64 20701
55.65 20703
55.66 20704
55.67 20704
55.68 20705
55.69 20705
55.70 20706
55.71 20706
55.72 20706
55.73 20706
55.74 20706
55.75 20706
55.76 20706
55.77 20706
55.78 20708
55.80 20708
55.81 20708
55.82 20711
55.83 20712
55.84 20712
55.85 20713
55.86 20713
55.87 20714
55.88 20714
55.89 20714
55.90 20714
55.91 20714
55.92 20714
55.93 20714
55.94 20714
55.95 20715
55.96 20715
55.98 20715
55.99 20719
56.00 20719
56.01 20719
56.02 20720
56.03 20721
56.04 20725
56.05 20725
56.06 20725
56.07 20725
56.08 20725
56.09 20725
56.10 20731
56.11 20737
56.12 20743
56.13 20747
56.14 20754
56.16 20760
56.17 20760
56.18 20760
56.19 20761
56.20 20761
56.21 20761
56.22 20766
56.23 20767
56.24 20767
56.25 20768
56.26 20768
56.27 20768
56.28 20768
56.29 20768
56.30 20768
56.31 20768
56.32 20768
56.33 20768
56.35 20768
56.36 20770
56.37 20770
56.38 20770
56.39 20773
56.40 20774
56.41 20774
56.42 20777
56.43 20777
56.44 20779
56.45 20779
56.46 20780
56.47 20780
56.48 20780
56.49 20780
56.50 20783
56.51 20783
56.53 20783
56.54 20784
56.55 20785
56.56 20785
56.57 20785
56.58 20788
56.59 20789
56.60 20789
56.61 20789
56.62 20790
56.63 20793
56.64 20793
56.65 20795
56.66 20798
56.67 20801
56.68 20801
56.69 20801
56.71 20803
56.72 20804
56.73 20804
56.74 20804
56.75 20804
56.76 20804
56.77 20804
56.78 20807
56.79 20808
56.80 20808
56.81 20808
56.82 20808
56.83 20812
56.84 20812
56.85 20812
56.86 20813
56.87 20813
56.89 20813
56.90 20813
56.91 20815
56.92 20815
56.93 20817
56.94 20817
56.95 20817
56.96 20817
56.97 20825
56.98 20826
56.99 20826
57.00 20827
57.01 20827
57.02 20829
57.03 20830
57.04 20830
57.05 20831
57.07 20831
57.08 20831
57.09 20831
57.10 20832
57.11 20832
57.12 20832
57.13 20832
57.14 20832
57.15 20832
57.16 20832
57.17 20835
57.18 20835
57.19 20835
57.20 20835
57.21 20835
57.22 20838
57.23 20839
57.24 20839
57.26 20839
57.27 20839
57.28 20839
57.29 20839
57.30 20841
57.31 20841
57.32 20841
57.33 20842
57.34 20842
57.35 20842
57.36 20844
57.37 20845
57.38 20845
57.39 20846
57.40 20846
57.41 20849
57.42 20850
57.44 20850
57.45 20850
57.46 20850
57.47 20850
57.48 20850
57.49 20850
57.50 20851
57.51 20851
57.52 20851
57.53 20851
57.54 20851
57.55 20851
57.56 20855
57.57 20857
57.58 20857
57.59 20861
57.60 20861
57.62 20863
57.63 20865
57.64 20865
57.65 20868
57.66 20870
57.67 20871
57.68 20871
57.69 20874
57.70 20877
57.71 20877
57.72 20877
57.73 20877
57.74 20877
57.75 20882
57.76 20883
57.77 20883
57.78 20883
57.80 20885
57.81 20885
57.82 20885
57.83 20885
57.84 20885
57.85 20885
57.86 20885
57.87 20885
57.88 20885
57.89 20886
57.90 20886
57.91 20886
57.92 20887
57.93 20890
57.94 20892
57.95 20892
57.96 20892
57.98 20892
57.99 20892
58.00 20892
58.01 20892
58.02 20892
58.03 20892
58.04 20892
58.05 20892
58.06 20892
58.07 20895
58.08 20895
58.09 20895
58.10 20900
58.11 20901
58.12 20901
58.13 20901
58.14 20901
58.15 20901
58.17 20901
58.18 20901
58.19 20901
58.20 20901
58.21 20901
58.22 20901
58.23 20901
58.24 20902
58.25 20902
58.26 20902
58.27 20906
58.28 20908
58.29 20909
58.30 20909
58.31 20909
58.32 20909
58.33 20910
58.35 20910
58.36 20910
58.37 20910
58.38 20910
58.39 20910
58.40 20910
58.41 20910
58.42 20912
58.43 20912
58.44 20912
58.45 20915
58.46 20916
58.47 20916
58.48 20920
58.49 20920
58.50 20923
58.51 20924
58.53 20924
58.54 20932
58.55 20932
58.56 20934
58.57 20934
58.58 20939
58.59 20947
58.60 20949
58.61 20949
58.62 20952
58.63 20954
58.64 20954
58.65 20957
58.66 20958
58.67 20959
58.68 20959
58.69 20959
58.71 20959
58.72 20959
58.73 20959
58.74 20959
58.75 20959
58.76 20959
58.77 20959
58.78 20959
58.79 20959
58.80 20960
58.81 20960
58.82 20961
58.83 20965
58.84 20966
58.85 20966
58.86 20967
58.87 20968
58.88 20971
58.90 20971
58.91 20972
58.92 20974
58.93 20977
58.94 20977
58.95 20979
58.96 20979
58.97 20980
58.98 20981
58.99 20981
59.00 20981
59.01 20985
59.02 20985
59.03 20985
59.04 20986
59.05 20986
59.06 20986
59.08 20986
59.09 20986
59.10 20986
59.11 20986
59.12 20986
59.13 20986
59.14 20986
59.15 20989
59.16 20989
59.17 20989
59.18 20993
59.19 20993
59.20 20993
59.21 20993
59.22 20993
59.23 20997
59.24 20998
59.26 20998
59.27 20999
59.28 20999
59.29 20999
59.30 20999
59.31 21000
59.32 21000
59.33 21000
59.34 21000
59.35 21000
59.36 21002
59.37 21005
59.38 21006
59.39 21006
59.40 21008
59.41 21009
59.42 21009
59.44 21009
59.45 21009
59.46 21009
59.47 21009
59.48 21009
59.49 21009
59.50 21009
59.51 21009
59.52 21009
59.53 21009
59.54 21013
59.55 21013
59.56 21013
59.57 21015
59.58 21015
59.59 21015
59.60 21015
59.62 21015
59.63 21015
59.64 21015
59.65 21015
59.66 21015
59.67 21015
59.68 21016
59.69 21016
59.70 21016
59.71 21020
59.72 21021
59.73 21021
59.74 21021
59.75 21021
59.76 21022
59.77 21022
59.78 21022
59.79 21022
59.81 21022
59.82 21022
59.83 21022
59.84 21022
59.85 21022
59.86 21022
59.87 21022
59.88 21023
59.89 21027
59.90 21027
59.91 21027
59.92 21028
59.93 21028
59.94 21028
59.95 21028
59.96 21028
59.97 21028
59.99 21028
60.00 21028
60.01 21028
60.02 21028
60.03 21030
60.04 21030
60.05 21030
60.06 21034
60.07 21034
60.08 21034
60.09 21035
60.10 21036
60.11 21039
60.12 21039
60.13 21039
60.14 21044
60.15 21045
60.17 21046
60.18 21049
60.19 21049
60.20 21049
60.21 21051
60.22 21051
60.23 21051
60.24 21056
60.25 21059
60.26 21059
60.27 21060
60.28 21063
60.29 21064
60.30 21067
60.31 21067
60.32 21071
60.33 21071
60.35 21074
60.36 21074
60.37 21076
60.38 21076
60.39 21076
60.40 21077
60.41 21077
60.42 21077
60.43 21088
60.44 21093
60.45 21094
60.46 21094
60.47 21097
60.48 21097
60.49 21101
60.50 21101
60.51 21101
60.53 21103
60.54 21106
60.55 21106
60.56 21106
60.57 21108
60.58 21108
60.59 21110
60.60 21110
60.61 21110
60.62 21113
60.63 21114
60.64 21114
60.65 21115
60.66 21115
60.67 21117
60.68 21119
60.69 21119
60.70 21124
60.72 21125
60.73 21127
60.74 21127
60.75 21127
60.76 21129
60.77 21129
60.78 21129
60.79 21129
60.80 21129
60.81 21133
60.82 21134
60.83 21134
60.84 21135
60.85 21135
60.86 21136
60.87 21138
60.88 21138
60.90 21138
60.91 21138
60.92 21138
60.93 21138
60.94 21140
60.95 21141
60.96 21141
60.97 21141
60.98 21141
60.99 21141
61.00 21145
61.01 21146
61.02 21146
61.03 21146
61.04 21147
61.05 21148
61.06 21148
61.08 21148
61.09 21148
61.10 21148
61.11 21148
61.12 21148
61.13 21148
61.14 21148
61.15 21149
61.16 21149
61.17 21149
61.18 21152
61.19 21153
61.20 21153
61.21 21157
61.22 21157
61.23 21160
61.24 21160
61.26 21163
61.27 21166
61.28 21168
61.29 21168
61.30 21170
61.31 21170
61.32 21170
61.33 21170
61.34 21170
61.35 21172
61.36 21175
61.37 21176
61.38 21176
61.39 21177
61.40 21178
61.41 21182
61.42 21182
61.44 21183
61.45 21185
61.46 21186
61.47 21186
61.48 21188
61.49 21188
61.50 21189
61.51 21191
61.52 21191
61.53 21191
61.54 21194
61.55 21195
61.56 21195
61.57 21198
61.58 21199
61.59 21202
61.60 21202
61.61 21202
61.63 21205
61.64 21207
61.65 21207
61.66 21208
61.67 21213
61.68 21220
61.69 21226
61.70 21227
61.71 21227
61.72 21230
61.73 21230
61.74 21230
61.75 21233
61.76 21234
61.77 21234
61.78 21235
61.79 21235
61.81 21236
61.82 21236
61.83 21236
61.84 21236
61.85 21236
61.86 21236
61.87 21236
61.88 21236
61.89 21236
61.90 21236
61.91 21236
61.92 21240
61.93 21240
61.94 21241
61.95 21241
61.96 21241
61.97 21242
61.99 21242
62.00 21242
62.01 21242
62.02 21242
62.03 21242
62.04 21242
62.05 21242
62.06 21242
62.07 21242
62.08 21242
62.09 21242
62.10 21246
62.11 21246
62.12 21246
62.13 21247
62.14 21247
62.15 21247
62.17 21247
62.18 21247
62.19 21247
62.20 21247
62.21 21247
62.22 21247
62.23 21247
62.24 21248
62.25 21248
62.26 21248
62.27 21251
62.28 21252
62.29 21252
62.30 21255
62.31 21256
62.32 21260
62.33 21260
62.35 21260
62.36 21263
62.37 21265
62.38 21265
62.39 21265
62.40 21268
62.41 21268
62.42 21268
62.43 21270
62.44 21270
62.45 21270
62.46 21270
62.47 21275
62.48 21275
62.49 21275
62.50 21276
62.51 21276
62.52 21276
62.54 21276
62.55 21276
62.56 21276
62.57 21276
62.58 21276
62.59 21276
62.60 21276
62.61 21277
62.62 21277
62.63 21277
62.64 21279
62.65 21280
62.66 21281
62.67 21281
62.68 21281
62.69 21281
62.70 21281
62.72 21281
62.73 21281
62.74 21281
62.75 21281
62.76 21281
62.77 21281
62.78 21281
62.79 21283
62.80 21283
62.81 21283
62.82 21285
62.83 21286
62.84 21286
62.85 21287
62.86 21288
62.87 21288
62.88 21288
62.90 21290
62.91 21293
62.92 21295
62.93 21295
62.94 21297
62.95 21297
62.96 21298
62.97 21301
62.98 21301
62.99 21302
63.00 21302
63.01 21303
63.02 21303
63.03 21303
63.04 21303
63.05 21307
63.06 21307
63.08 21308
63.09 21308
63.10 21308
63.11 21308
63.12 21309
63.13 21310
63.14 21311
63.15 21311
63.16 21312
63.17 21313
63.18 21313
63.19 21313
63.20 21314
63.21 21314
63.22 21316
63.23 21316
63.24 21316
63.26 21316
63.27 21316
63.28 21316
63.29 21316
63.30 21317
63.31 21318
63.32 21318
63.33 21318
63.34 21318
63.35 21318
63.36 21318
63.37 21318
63.38 21319
63.39 21319
63.40 21319
63.41 21319
63.42 21321
63.43 21321
63.45 21321
63.46 21321
63.47 21321
63.48 21321
63.49 21322
63.50 21322
63.51 21322
63.52 21322
63.53 21322
63.54 21322
63.55 21322
63.56 21325
63.57 21326
63.58 21327
63.59 21327
63.60 21327
63.61 21329
63.63 21332
63.64 21332
63.65 21336
63.66 21340
63.67 21340
63.68 21346
63.69 21351
63.70 21359
63.71 21362
63.72 21362
63.73 21363
63.74 21363
63.75 21363
63.76 21363
63.77 21366
63.78 21366
63.79 21366
63.81 21366
63.82 21368
63.83 21370
63.84 21370
63.85 21372
63.86 21374
63.87 21375
63.88 21375
63.89 21376
63.90 21379
63.91 21379
63.92 21380
63.93 21380
63.94 21380
63.95 21384
63.96 21384
63.97 21384
63.99 21384
64.00 21384
64.01 21386
64.02 21386
64.03 21386
64.04 21388
64.05 21388
64.06 21388
64.07 21388
64.08 21388
64.09 21388
64.10 21388
64.11 21392
64.12 21392
64.13 21392
64.14 21394
64.15 21394
64.17 21394
64.18 21398
64.19 21398
64.20 21402
64.21 21402
64.22 21403
64.23 21406
64.24 21409
64.25 21409
64.26 21409
64.27 21414
64.28 21422
64.29 21431
64.30 21434
64.31 21434
64.32 21442
64.33 21447
64.34 21450
64.36 21451
64.37 21455
64.38 21458
64.39 21461
64.40 21466
64.41 21469
64.42 21472
64.43 21477
64.44 21482
64.45 21486
64.46 21492
64.47 21498
64.48 21503
64.49 21509
64.50 21510
64.51 21515
64.52 21521
64.54 21527
64.55 21529
64.56 21532
64.57 21533
64.58 21534
64.59 21536
64.60 21536
64.61 21538
64.62 21541
64.63 21543
64.64 21545
64.65 21547
64.66 21547
64.67 21548
64.68 21549
64.69 21550
64.70 21552
64.72 21553
64.73 21553
64.74 21558
64.75 21560
64.76 21564
64.77 21569
64.78 21574
64.79 21579
64.80 21581
64.81 21586
64.82 21590
64.83 21594
64.84 21597
64.85 21600
64.86 21603
64.87 21609
64.88 21613
64.90 21616
64.91 21621
64.92 21627
64.93 21633
64.94 21637
64.95 21639
64.96 21645
64.97 21647
64.98 21654
64.99 21657
65.00 21661
65.01 21666
65.02 21672
65.03 21678
65.04 21683
65.05 21687
65.06 21691
65.08 21695
65.09 21700
65.10 21703
65.11 21707
65.12 21711
65.13 21714
65.14 21718
65.15 21720
65.16 21724
65.17 21725
65.18 21730
65.19 21736
65.20 21742
65.21 21747
65.22 21752
65.23 21757
65.24 21762
65.25 21768
65.27 21771
65.28 21777
65.29 21781
65.30 21786
65.31 21793
65.32 21798
65.33 21802
65.34 21807
65.35 21812
65.36 21816
65.37 21820
65.38 21822
65.39 21827
65.40 21828
65.41 21828
65.42 21828
65.43 21828
65.45 21832
65.46 21832
65.47 21835
65.48 21837
65.49 21837
65.50 21838
65.51 21838
65.52 21845
65.53 21847
65.54 21847
65.55 21850
65.56 21850
65.57 21851
65.58 21853
65.59 21853
65.60 21853
65.61 21853
65.63 21856
65.64 21856
65.65 21856
65.66 21859
65.67 21860
65.68 21863
65.69 21868
65.70 21877
65.71 21884
65.72 21888
65.73 21892
65.74 21894
65.75 21898
65.76 21905
65.77 21909
65.78 21915
65.79 21920
65.81 21924
65.82 21930
65.83 21933
65.84 21937
65.85 21939
65.86 21941
65.87 21941
65.88 21944
65.89 21944
65.90 21948
65.91 21950
65.92 21953
65.93 21958
65.94 21965
65.95 21967
65.96 21970
65.97 21973
65.99 21976
66.00 21982
66.01 21986
66.02 21991
66.03 21998
66.04 22006
66.05 22012
66.06 22015
66.07 22016
66.08 22016
66.09 22016
66.10 22020
66.11 22024
66.12 22031
66.13 22035
66.14 22037
66.15 22043
66.16 22048
66.18 22053
66.19 22060
66.20 22063
66.21 22069
66.22 22074
66.23 22074
66.24 22078
66.25 22082
66.26 22084
66.27 22087
66.28 22088
66.29 22094
66.30 22098
66.31 22103
66.32 22109
66.33 22112
66.34 22113
66.36 22115
66.37 22116
66.38 22121
66.39 22125
66.40 22128
66.41 22132
66.42 22136
66.43 22140
66.44 22144
66.45 22147
66.46 22150
66.47 22152
66.48 22157
66.49 22164
66.50 22170
66.51 22175
66.52 22181
66.54 22185
66.55 22191
66.56 22199
66.57 22204
66.58 22206
66.59 22212
66.60 22216
66.61 22220
66.62 22222
66.63 22230
66.64 22232
66.65 22236
66.66 22239
66.67 22242
66.68 22244
66.69 22246
66.70 22250
66.72 22253
66.73 22262
66.74 22268
66.75 22272
66.76 22279
66.77 22285
66.78 22291
66.79 22294
66.80 22298
66.81 22304
66.82 22312
66.83 22317
66.84 22323
66.85 22330
66.86 22337
66.87 22340
66.88 22344
66.90 22350
66.91 22354
66.92 22359
66.93 22363
66.94 22365
66.95 22369
66.96 22374
66.97 22379
66.98 22384
66.99 22387
67.00 22390
67.01 22392
67.02 22398
67.03 22401
67.04 22405
67.05 22407
67.06 22411
67.07 22415
67.09 22418
67.10 22420
67.11 22427
67.12 22431
67.13 22433
67.14 22435
67.15 22439
67.16 22443
67.17 22446
67.18 22450
67.19 22457
67.20 22462
67.21 22467
67.22 22470
67.23 22477
67.24 22485
67.25 22489
67.27 22495
67.28 22498
67.29 22502
67.30 22504
67.31 22507
67.32 22511
67.33 22513
67.34 22515
67.35 22518
67.36 22523
67.37 22526
67.38 22529
67.39 22532
67.40 22538
67.41 22541
67.42 22543
67.43 22547
67.45 22554
67.46 22558
67.47 22561
67.48 22567
67.49 22571
67.50 22573
67.51 22575
67.52 22577
67.53 22582
67.54 22588
67.55 22594
67.56 22596
67.57 22604
67.58 22606
67.59 22608
67.60 22614
67.61 22617
67.63 22620
67.64 22625
67.65 22633
67.66 22639
67.67 22642
67.68 22645
67.69 22651
67.70 22656
67.71 22662
67.72 22667
67.73 22671
67.74 22675
67.75 22678
67.76 22681
67.77 22683
67.78 22685
67.79 22686
67.81 22690
67.82 22694
67.83 22699
67.84 22706
67.85 22709
67.86 22712
67.87 22715
67.88 22716
67.89 22723
67.90 22728
67.91 22732
67.92 22737
67.93 22740
67.94 22746
67.95 22751
67.96 22753
67.97 22755
67.98 22759
68.00 22766
68.01 22769
68.02 22773
68.03 22777
68.04 22782
68.05 22789
68.06 22797
68.07 22802
68.08 22807
68.09 22813
68.10 22816
68.11 22822
68.12 22826
68.13 22830
68.14 22836
68.15 22838
68.16 22841
68.18 22843
68.19 22847
68.20 22849
68.21 22852
68.22 22857
68.23 22861
68.24 22862
68.25 22867
68.26 22871
68.27 22876
68.28 22880
68.29 22884
68.30 22887
68.31 22887
68.32 22892
68.33 22898
68.34 22898
68.36 22899
68.37 22902
68.38 22905
68.39 22912
68.40 22917
68.41 22924
68.42 22929
68.43 22933
68.44 22935
68.45 22937
68.46 22943
68.47 22949
68.48 22952
68.49 22955
68.50 22959
68.51 22963
68.52 22966
68.54 22970
68.55 22972
68.56 22974
68.57 22978
68.58 22983
68.59 22986
68.60 22992
68.61 22996
68.62 23000
68.63 23003
68.64 23007
68.65 23014
68.66 23019
68.67 23024
68.68 23027
68.69 23032
68.70 23034
68.72 23035
68.73 23039
68.74 23043
68.75 23047
68.76 23050
68.77 23056
68.78 23064
68.79 23068
68.80 23072
68.81 23076
68.82 23082
68.83 23085
68.84 23087
68.85 23092
68.86 23097
68.87 23101
68.88 23104
68.89 23106
68.91 23107
68.92 23110
68.93 23112
68.94 23113
68.95 23121
68.96 23126
68.97 23129
68.98 23134
68.99 23139
69.00 23143
69.01 23149
69.02 23150
69.03 23153
69.04 23156
69.05 23156
69.06 23156
69.07 23156
69.09 23158
69.10 23158
69.11 23159
69.12 23159
69.13 23160
69.14 23161
69.15 23162
69.16 23163
69.17 23164
69.18 23165
69.19 23165
69.20 23166
69.21 23167
69.22 23169
69.23 23171
69.24 23175
69.25 23177
69.27 23178
69.28 23181
69.29 23184
69.30 23187
69.31 23187
69.32 23188
69.33 23190
69.34 23191
69.35 23193
69.36 23193
69.37 23193
69.38 23196
69.39 23197
69.40 23197
69.41 23198
69.42 23199
69.43 23199
69.45 23199
69.46 23199
69.47 23199
69.48 23199
69.49 23199
69.50 23199
69.51 23199
69.52 23201
69.53 23201
69.54 23201
69.55 23204
69.56 23204
69.57 23204
69.58 23205
69.59 23205
69.60 23207
69.61 23207
69.63 23207
69.64 23208
69.65 23208
69.66 23208
69.67 23208
69.68 23209
69.69 23210
69.70 23210
69.71 23210
69.72 23210
69.73 23210
69.74 23213
69.75 23213
69.76 23213
69.77 23214
69.78 23214
69.79 23215
69.80 23216
69.82 23216
69.83 23216
69.84 23216
69.85 23216
69.86 23217
69.87 23217
69.88 23217
69.89 23217
69.90 23218
69.91 23218
69.92 23218
69.93 23221
69.94 23226
69.95 23227
69.96 23227
69.97 23227
69.98 23227
70.00 23229
70.01 23229
70.02 23229
70.03 23229
70.04 23229
70.05 23229
70.06 23229
70.07 23233
70.08 23233
70.09 23233
70.10 23234
70.11 23234
70.12 23234
70.13 23239
70.14 23239
70.15 23239
70.16 23240
70.18 23240
70.19 23241
70.20 23242
70.21 23242
70.22 23244
70.23 23244
70.24 23244
70.25 23245
70.26 23245
70.27 23245
70.28 23247
70.29 23248
70.30 23248
70.31 23252
70.32 23253
70.33 23253
70.34 23253
70.36 23254
70.37 23254
70.38 23254
70.39 23254
70.40 23255
70.41 23255
70.42 23255
70.43 23255
70.44 23255
70.45 23257
70.46 23258
70.47 23258
70.48 23261
70.49 23261
70.50 23261
70.51 23261
70.52 23262
70.54 23264
70.55 23266
70.56 23266
70.57 23271
70.58 23272
70.59 23273
70.60 23273
70.61 23274
70.62 23275
70.63 23275
70.64 23275
70.65 23277
70.66 23277
70.67 23277
70.68 23281
70.69 23281
70.70 23284
70.71 23284
70.73 23284
70.74 23291
70.75 23291
70.76 23293
70.77 23293
70.78 23299
70.79 23299
70.80 23302
70.81 23306
70.82 23308
70.83 23317
70.84 23325
70.85 23329
70.86 23334
70.87 23337
70.88 23339
70.89 23341
70.91 23342
70.92 23344
70.93 23348
70.94 23349
70.95 23350
70.96 23353
70.97 23354
70.98 23359
70.99 23361
71.00 23364
71.01 23369
71.02 23377
71.03 23383
71.04 23387
71.05 23388
71.06 23391
71.07 23394
71.09 23396
71.10 23398
71.11 23401
71.12 23403
71.13 23405
71.14 23409
71.15 23410
71.16 23411
71.17 23415
71.18 23418
71.19 23418
71.20 23421
71.21 23427
71.22 23430
71.23 23434
71.24 23438
71.25 23442
71.27 23443
71.28 23448
71.29 23452
71.30 23454
71.31 23456
71.32 23458
71.33 23460
71.34 23463
71.35 23468
71.36 23471
71.37 23473
71.38 23478
71.39 23480
71.40 23482
71.41 23485
71.42 23487
71.43 23488
71.45 23489
71.46 23492
71.47 23497
71.48 23499
71.49 23500
71.50 23503
71.51 23506
71.52 23508
71.53 23510
71.54 23513
71.55 23514
71.56 23516
71.57 23519
71.58 23522
71.59 23525
71.60 23533
71.61 23537
71.62 23538
71.64 23544
71.65 23545
71.66 23548
71.67 23551
71.68 23551
71.69 23557
71.70 23558
71.71 23561
71.72 23564
71.73 23570
71.74 23575
71.75 23577
71.76 23581
71.77 23581
71.78 23586
71.79 23588
71.80 23592
71.82 23594
71.83 23601
71.84 23608
71.85 23611
71.86 23619
71.87 23622
71.88 23625
71.89 23627
71.90 23627
71.91 23635
71.92 23639
71.93 23644
71.94 23646
71.95 23651
71.96 23658
71.97 23666
71.98 23669
72.00 23671
72.01 23674
72.02 23679
72.03 23681
72.04 23682
72.05 23684
72.06 23687
72.07 23687
72.08 23689
72.09 23691
72.10 23694
72.11 23695
72.12 23695
72.13 23696
72.14 23703
72.15 23703
72.16 23705
72.18 23707
72.19 23715
72.20 23716
72.21 23716
72.22 23717
72.23 23719
72.24 23725
72.25 23729
72.26 23731
72.27 23733
72.28 23735
72.29 23737
72.30 23740
72.31 23741
72.32 23744
72.33 23745
72.34 23748
72.36 23752
72.37 23758
72.38 23760
72.39 23763
72.40 23769
72.41 23771
72.42 23773
72.43 23776
72.44 23780
72.45 23782
72.46 23788
72.47 23792
72.48 23799
72.49 23803
72.50 23808
72.51 23812
72.52 23818
72.53 23823
72.55 23827
72.56 23830
72.57 23833
72.58 23836
72.59 23839
72.60 23843
72.61 23847
72.62 23854
72.63 23858
72.64 23861
72.65 23862
72.66 23864
72.67 23865
72.68 23867
72.69 23870
72.70 23872
72.71 23873
72.73 23876
72.74 23881
72.75 23888
72.76 23895
72.77 23900
72.78 23903
72.79 23907
72.80 23909
72.81 23911
72.82 23915
72.83 23916
72.84 23919
72.85 23923
72.86 23925
72.87 23929
72.88 23934
72.89 23937
72.91 23942
72.92 23943
72.93 23944
72.94 23948
72.95 23950
72.96 23953
72.97 23958
72.98 23960
72.99 23963
73.00 23965
73.01 23967
73.02 23972
73.03 23975
73.04 23981
73.05 23983
73.06 23985
73.07 23988
73.09 23988
73.10 23990
73.11 23994
73.12 23997
73.13 24002
73.14 24005
73.15 24010
73.16 24015
73.17 24018
73.18 24022
73.19 24024
73.20 24030
73.21 24034
73.22 24037
73.23 24042
73.24 24049
73.25 24053
73.26 24057
73.28 24062
73.29 24069
73.30 24075
73.31 24082
73.32 24088
73.33 24095
73.34 24098
73.35 24101
73.36 24103
73.37 24103
73.38 24107
73.39 24109
73.40 24115
73.41 24116
73.42 24118
73.43 24122
73.44 24124
73.46 24126
73.47 24128
73.48 24131
73.49 24135
73.50 24136
73.51 24139
73.52 24143
73.53 24148
73.54 24152
73.55 24154
73.56 24158
73.57 24162
73.58 24165
73.59 24172
73.60 24177
73.61 24180
73.62 24188
73.64 24195
73.65 24199
73.66 24201
73.67 24205
73.68 24210
73.69 24214
73.70 24215
73.71 24220
73.72 24225
73.73 24228
73.74 24231
73.75 24234
73.76 24241
73.77 24245
73.78 24247
73.79 24252
73.80 24258
73.82 24262
73.83 24266
73.84 24268
73.85 24274
73.86 24277
73.87 24280
73.88 24280
73.89 24283
73.90 24288
73.91 24291
73.92 24295
73.93 24301
73.94 24303
73.95 24308
73.96 24311
73.97 24315
73.98 24319
74.00 24323
74.01 24324
74.02 24329
74.03 24332
74.04 24335
74.05 24338
74.06 24341
74.07 24346
74.08 24348
74.09 24350
74.10 24353
74.11 24358
74.12 24363
74.13 24368
74.14 24373
74.15 24378
74.16 24382
74.17 24385
74.19 24388
74.20 24391
74.21 24393
74.22 24397
74.23 24402
74.24 24409
74.25 24412
74.26 24415
74.27 24418
74.28 24422
74.29 24426
74.30 24432
74.31 24436
74.32 24440
74.33 24447
74.34 24451
74.35 24456
74.37 24461
74.38 24466
74.39 24469
74.40 24473
74.41 24477
74.42 24482
74.43 24489
74.44 24492
74.45 24496
74.46 24498
74.47 24501
74.48 24505
74.49 24511
74.50 24514
74.51 24517
74.52 24519
74.53 24522
74.55 24523
74.56 24523
74.57 24533
74.58 24538
74.59 24538
74.60 24540
74.61 24544
74.62 24547
74.63 24550
74.64 24550
74.65 24552
74.66 24558
74.67 24562
74.68 24562
74.69 24566
74.70 24570
74.71 24574
74.73 24576
74.74 24579
74.75 24585
74.76 24591
74.77 24594
74.78 24596
74.79 24598
74.80 24602
74.81 24604
74.82 24609
74.83 24613
74.84 24616
74.85 24619
74.86 24621
74.87 24627
74.88 24634
74.89 24641
74.91 24646
74.92 24652
74.93 24655
74.94 24660
74.95 24660
74.96 24665
74.97 24671
74.98 24675
74.99 24680
75.00 24685
75.01 24689
75.02 24693
75.03 24696
75.04 24698
75.05 24700
75.06 24704
75.07 24707
75.08 24709
75.10 24714
75.11 24718
75.12 24722
75.13 24726
75.14 24729
75.15 24733
75.16 24736
75.17 24742
75.18 24746
75.19 24752
75.20 24754
75.21 24758
75.22 24763
75.23 24767
75.24 24769
75.25 24773
75.26 24777
75.28 24779
75.29 24784
75.30 24788
75.31 24792
75.32 24796
75.33 24798
75.34 24805
75.35 24809
75.36 24811
75.37 24814
75.38 24818
75.39 24822
75.40 24826
75.41 24829
75.42 24832
75.43 24836
75.44 24841
75.46 24844
75.47 24848
75.48 24850
75.49 24854
75.50 24855
75.51 24861
75.52 24866
75.53 24870
75.54 24872
75.55 24875
75.56 24878
75.57 24882
75.58 24887
75.59 24889
75.60 24892
75.61 24895
75.62 24896
75.64 24900
75.65 24903
75.66 24904
75.67 24907
75.68 24910
75.69 24915
75.70 24922
75.71 24923
75.72 24928
75.73 24929
75.74 24932
75.75 24937
75.76 24938
75.77 24941
75.78 24946
75.79 24946
75.80 24949
75.82 24952
75.83 24953
75.84 24953
75.85 24953
75.86 24956
75.87 24956
75.88 24956
75.89 24959
75.90 24960
75.91 24960
75.92 24960
75.93 24963
75.94 24963
75.95 24963
75.96 24965
75.97 24966
75.98 24966
75.99 24966
76.01 24969
76.02 24969
76.03 24969
76.04 24969
76.05 24972
76.06 24972
76.07 24972
76.08 24973
76.09 24974
76.10 24974
76.11 24974
76.12 24978
76.13 24978
76.14 24978
76.15 24978
76.16 24980
76.17 24980
76.19 24981
76.20 24981
76.21 24984
76.22 24984
76.23 24984
76.24 24986
76.25 24986
76.26 24986
76.27 24986
76.28 24990
76.29 24990
76.30 24990
76.31 24990
76.32 24993
76.33 24993
76.34 24993
76.35 24993
76.37 24995
76.38 24995
76.39 24995
76.40 24997
76.41 24998
76.42 24998
76.43 24998
76.44 25001
76.45 25001
76.46 25001
76.47 25001
76.48 25004
76.49 25004
76.50 25004
76.51 25004
76.52 25006
76.53 25006
76.55 25006
76.56 25008
76.57 25010
76.58 25011
76.59 25014
76.60 25014
76.61 25016
76.62 25023
76.63 25026
76.64 25029
76.65 25032
76.66 25036
76.67 25042
76.68 25045
76.69 25049
76.70 25054
76.71 25058
76.73 25064
76.74 25070
76.75 25073
76.76 25078
76.77 25083
76.78 25087
76.79 25090
76.80 25093
76.81 25096
76.82 25099
76.83 25106
76.84 25110
76.85 25114
76.86 25120
76.87 25124
76.88 25126
76.89 25128
76.90 25133
76.92 25137
76.93 25141
76.94 25148
76.95 25156
76.96 25159
76.97 25163
76.98 25167
76.99 25168
77.00 25170
77.01 25171
77.02 25172
77.03 25174
77.04 25176
77.05 25176
77.06 25177
77.07 25182
77.08 25184
77.10 25184
77.11 25186
77.12 25190
77.13 25194
77.14 25195
77.15 25199
77.16 25201
77.17 25203
77.18 25205
77.19 25209
77.20 25213
77.21 25218
77.22 25222
77.23 25223
77.24 25225
77.25 25226
77.26 25227
77.28 25233
77.29 25237
77.30 25241
77.31 25244
77.32 25246
77.33 25248
77.34 25252
77.35 25256
77.36 25258
77.37 25259
77.38 25260
77.39 25261
77.40 25262
77.41 25263
77.42 25265
77.43 25265
77.44 25268
77.46 25268
77.47 25270
77.48 25270
77.49 25271
77.50 25272
77.51 25272
77.52 25275
77.53 25277
77.54 25278
77.55 25280
77.56 25283
77.57 25287
77.58 25292
77.59 25293
77.60 25295
77.61 25298
77.62 25302
77.64 25309
77.65 25313
77.66 25316
77.67 25319
77.68 25320
77.69 25321
77.70 25323
77.71 25325
77.72 25330
77.73 25333
77.74 25335
77.75 25337
77.76 25341
77.77 25344
77.78 25347
77.79 25347
77.80 25352
77.81 25355
77.83 25355
77.84 25357
77.85 25357
77.86 25360
77.87 25363
77.88 25368
77.89 25371
77.90 25373
77.91 25376
77.92 25377
77.93 25381
77.94 25384
77.95 25386
77.96 25389
77.97 25391
77.98 25392
77.99 25396
78.01 25399
78.02 25399
78.03 25402
78.04 25404
78.05 25406
78.06 25409
78.07 25413
78.08 25414
78.09 25415
78.10 25419
78.11 25420
78.12 25424
78.13 25426
78.14 25427
78.15 25432
78.16 25434
78.17 25438
78.19 25440
78.20 25441
78.21 25443
78.22 25444
78.23 25446
78.24 25446
78.25 25448
78.26 25450
78.27 25452
78.28 25455
78.29 25456
78.30 25457
78.31 25457
78.32 25460
78.33 25464
78.34 25468
78.35 25472
78.37 25478
78.38 25483
78.39 25485
78.40 25491
78.41 25495
78.42 25498
78.43 25500
78.44 25501
78.45 25505
78.46 25506
78.47 25510
78.48 25515
78.49 25518
78.50 25523
78.51 25526
78.52 25529
78.53 25536
78.55 25539
78.56 25544
78.57 25548
78.58 25552
78.59 25556
78.60 25561
78.61 25564
78.62 25571
78.63 25574
78.64 25577
78.65 25584
78.66 25590
78.67 25593
78.68 25597
78.69 25606
78.70 25613
78.71 25615
78.72 25619
78.74 25622
78.75 25625
78.76 25627
78.77 25632
78.78 25635
78.79 25640
78.80 25644
78.81 25648
78.82 25650
78.83 25653
78.84 25654
78.85 25655
78.86 25662
78.87 25665
78.88 25669
78.89 25672
78.90 25676
78.92 25679
78.93 25685
78.94 25690
78.95 25695
78.96 25697
78.97 25700
78.98 25707
78.99 25709
79.00 25714
79.01 25715
79.02 25717
79.03 25720
79.04 25722
79.05 25725
79.06 25727
79.07 25730
79.08 25735
79.10 25737
79.11 25740
79.12 25744
79.13 25745
79.14 25746
79.15 25749
79.16 25752
79.17 25756
79.18 25759
79.19 25764
79.20 25769
79.21 25770
79.22 25772
79.23 25777
79.24 25783
79.25 25786
79.26 25789
79.28 25793
79.29 25801
79.30 25807
79.31 25810
79.32 25810
79.33 25817
79.34 25820
79.35 25826
79.36 25828
79.37 25832
79.38 25840
79.39 25842
79.40 25848
79.41 25853
79.42 25856
79.43 25860
79.44 25866
79.46 25872
79.47 25875
79.48 25881
79.49 25886
79.50 25888
79.51 25894
79.52 25897
79.53 25900
79.54 25902
79.55 25906
79.56 25909
79.57 25912
79.58 25913
79.59 25914
79.60 25915
79.61 25917
79.62 25919
79.63 25919
79.65 25920
79.66 25921
79.67 25926
79.68 25926
79.69 25927
79.70 25928
79.71 25929
79.72 25931
79.73 25931
79.74 25936
79.75 25941
79.76 25941
79.77 25941
79.78 25942
79.79 25943
79.80 25945
79.81 25945
79.83 25947
79.84 25949
79.85 25951
79.86 25952
79.87 25954
79.88 25955
79.89 25957
79.90 25960
79.91 25967
79.92 25969
79.93 25970
79.94 25971
79.95 25973
79.96 25973
79.97 25974
79.98 25974
79.99 25976
80.01 25980
80.02 25980
80.03 25982
80.04 25984
80.05 25987
80.06 25989
80.07 25989
80.08 25990
80.09 25990
80.10 25991
80.11 25991
80.12 25993
80.13 25993
80.14 25993
80.15 25993
80.16 25993
80.17 25994
80.19 25996
80.20 25997
80.21 26000
80.22 26002
80.23 26004
80.24 26006
80.25 26006
80.26 26006
80.27 26007
80.28 26007
80.29 26010
80.30 26015
80.31 26015
80.32 26015
80.33 26018
80.34 26019
80.35 26020
80.37 26020
80.38 26021
80.39 26021
80.40 26021
80.41 26021
80.42 26021
80.43 26021
80.44 26021
80.45 26021
80.46 26021
80.47 26023
80.48 26023
80.49 26023
80.50 26025
80.51 26026
80.52 26026
80.53 26030
80.54 26030
80.56 26032
80.57 26033
80.58 26033
80.59 26037
80.60 26038
80.61 26040
80.62 26041
80.63 26042
80.64 26046
80.65 26048
80.66 26050
80.67 26052
80.68 26053
80.69 26057
80.70 26060
80.71 26063
80.72 26068
80.74 26075
80.75 26078
80.76 26086
80.77 26092
80.78 26096
80.79 26102
80.80 26106
80.81 26112
80.82 26119
80.83 26121
80.84 26125
80.85 26130
80.86 26136
80.87 26139
80.88 26143
80.89 26146
80.90 26150
80.92 26152
80.93 26156
80.94 26159
80.95 26164
80.96 26169
80.97 26173
80.98 26176
80.99 26179
81.00 26183
81.01 26186
81.02 26190
81.03 26192
81.04 26194
81.05 26197
81.06 26200
81.07 26205
81.08 26210
81.10 26212
81.11 26216
81.12 26218
81.13 26221
81.14 26225
81.15 26231
81.16 26238
81.17 26244
81.18 26249
81.19 26255
81.20 26261
81.21 26268
81.22 26274
81.23 26279
81.24 26282
81.25 26289
81.26 26296
81.28 26300
81.29 26308
81.30 26312
81.31 26316
81.32 26319
81.33 26324
81.34 26329
81.35 26333
81.36 26337
81.37 26341
81.38 26346
81.39 26348
81.40 26352
81.41 26357
81.42 26363
81.43 26369
81.44 26373
81.45 26377
81.47 26379
81.48 26384
81.49 26387
81.50 26389
81.51 26393
81.52 26397
81.53 26400
81.54 26406
81.55 26413
81.56 26417
81.57 26420
81.58 26424
81.59 26431
81.60 26436
81.61 26439
81.62 26444
81.63 26448
81.65 26453
81.66 26458
81.67 26463
81.68 26467
81.69 26474
81.70 26480
81.71 26485
81.72 26490
81.73 26494
81.74 26499
81.75 26506
81.76 26510
81.77 26515
81.78 26518
81.79 26525
81.80 26529
81.81 26532
81.83 26535
81.84 26537
81.85 26543
81.86 26549
81.87 26553
81.88 26557
81.89 26560
81.90 26564
81.91 26567
81.92 26574
81.93 26579
81.94 26584
81.95 26587
81.96 26594
81.97 26599
81.98 26602
81.99 26606
82.01 26609
82.02 26613
82.03 26617
82.04 26623
82.05 26627
82.06 26634
82.07 26639
82.08 26643
82.09 26649
82.10 26654
82.11 26657
82.12 26663
82.13 26667
82.14 26673
82.15 26677
82.16 26681
82.17 26685
82.19 26690
82.20 26697
82.21 26700
82.22 26705
82.23 26710
82.24 26714
82.25 26721
82.26 26725
82.27 26728
82.28 26733
82.29 26738
82.30 26742
82.31 26745
82.32 26748
82.33 26750
82.34 26756
82.35 26760
82.36 26762
82.38 26765
82.39 26769
82.40 26777
82.41 26781
82.42 26787
82.43 26789
82.44 26796
82.45 26800
82.46 26804
82.47 26809
82.48 26813
82.49 26815
82.50 26821
82.51 26825
82.52 26828
82.53 26833
82.54 26837
82.56 26842
82.57 26847
82.58 26851
82.59 26854
82.60 26857
82.61 26862
82.62 26866
82.63 26870
82.64 26873
82.65 26874
82.66 26879
82.67 26884
82.68 26888
82.69 26890
82.70 26892
82.71 26892
82.72 26894
82.74 26896
82.75 26902
82.76 26907
82.77 26912
82.78 26918
82.79 26923
82.80 26925
82.81 26929
82.82 26933
82.83 26934
82.84 26940
82.85 26945
82.86 26949
82.87 26954
82.88 26960
82.89 26962
82.90 26969
82.92 26975
82.93 26981
82.94 26984
82.95 26986
82.96 26991
82.97 26998
82.98 27002
82.99 27008
83.00 27012
83.01 27014
83.02 27021
83.03 27029
83.04 27035
83.05 27040
83.06 27044
83.07 27049
83.08 27055
83.10 27059
83.11 27063
83.12 27067
83.13 27071
83.14 27077
83.15 27081
83.16 27088
83.17 27092
83.18 27095
83.19 27101
83.20 27106
83.21 27109
83.22 27114
83.23 27117
83.24 27124
83.25 27128
83.26 27130
83.27 27137
83.29 27140
83.30 27141
83.31 27148
83.32 27152
83.33 27157
83.34 27161
83.35 27166
83.36 27173
83.37 27178
83.38 27185
83.39 27191
83.40 27195
83.41 27201
83.42 27206
83.43 27209
83.44 27214
83.45 27217
83.47 27222
83.48 27226
83.49 27232
83.50 27235
83.51 27239
83.52 27242
83.53 27247
83.54 27249
83.55 27252
83.56 27256
83.57 27260
83.58 27265
83.59 27268
83.60 27270
83.61 27275
83.62 27277
83.63 27282
83.65 27287
83.66 27290
83.67 27294
83.68 27298
83.69 27304
83.70 27310
83.71 27312
83.72 27318
83.73 27324
83.74 27328
83.75 27334
83.76 27338
83.77 27343
83.78 27345
83.79 27349
83.80 27354
83.81 27357
83.83 27360
83.84 27363
83.85 27366
83.86 27371
83.87 27373
83.88 27378
83.89 27380
83.90 27385
83.91 27388
83.92 27391
83.93 27394
83.94 27399
83.95 27405
83.96 27410
83.97 27415
83.98 27420
83.99 27426
84.01 27432
84.02 27436
84.03 27440
84.04 27443
84.05 27448
84.06 27451
84.07 27455
84.08 27459
84.09 27462
84.10 27466
84.11 27470
84.12 27474
84.13 27477
84.14 27482
84.15 27486
84.16 27489
84.17 27491
84.18 27496
84.20 27499
84.21 27504
84.22 27509
84.23 27514
84.24 27520
84.25 27526
84.26 27534
84.27 27538
84.28 27543
84.29 27548
84.30 27552
84.31 27557
84.32 27562
84.33 27566
84.34 27571
84.35 27574
84.36 27579
84.38 27583
84.39 27589
84.40 27591
84.41 27595
84.42 27599
84.43 27603
84.44 27608
84.45 27612
84.46 27616
84.47 27619
84.48 27625
84.49 27629
84.50 27632
84.51 27636
84.52 27643
84.53 27648
84.54 27653
84.56 27658
84.57 27665
84.58 27669
84.59 27674
84.60 27678
84.61 27681
84.62 27683
84.63 27687
84.64 27692
84.65 27695
84.66 27700
84.67 27706
84.68 27708
84.69 27712
84.70 27716
84.71 27722
84.72 27724
84.74 27728
84.75 27733
84.76 27740
84.77 27745
84.78 27749
84.79 27752
84.80 27757
84.81 27762
84.82 27767
84.83 27772
84.84 27778
84.85 27782
84.86 27784
84.87 27788
84.88 27793
84.89 27796
84.90 27799
84.92 27806
84.93 27810
84.94 27815
84.95 27821
84.96 27827
84.97 27831
84.98 27833
84.99 27838
85.00 27839
85.01 27841
85.02 27845
85.03 27849
85.04 27851
85.05 27858
85.06 27865
85.07 27870
85.08 27874
85.09 27877
85.11 27882
85.12 27888
85.13 27891
85.14 27893
85.15 27899
85.16 27902
85.17 27907
85.18 27911
85.19 27916
85.20 27921
85.21 27927
85.22 27929
85.23 27932
85.24 27934
85.25 27937
85.26 27941
85.27 27947
85.29 27951
85.30 27955
85.31 27960
85.32 27965
85.33 27970
85.34 27973
85.35 27977
85.36 27982
85.37 27987
85.38 27994
85.39 27998
85.40 28002
85.41 28005
85.42 28010
85.43 28016
85.44 28020
85.45 28025
85.47 28031
85.48 28035
85.49 28040
85.50 28046
85.51 28051
85.52 28058
85.53 28061
85.54 28067
85.55 28071
85.56 28076
85.57 28081
85.58 28085
85.59 28088
85.60 28091
85.61 28095
85.62 28096
85.63 28101
85.65 28103
85.66 28106
85.67 28111
85.68 28117
85.69 28122
85.70 28127
85.71 28133
85.72 28140
85.73 28145
85.74 28149
85.75 28155
85.76 28158
85.77 28161
85.78 28167
85.79 28171
85.80 28175
85.81 28178
85.83 28182
85.84 28187
85.85 28192
85.86 28194
85.87 28198
85.88 28203
85.89 28208
85.90 28210
85.91 28216
85.92 28219
85.93 28222
85.94 28227
85.95 28231
85.96 28235
85.97 28239
85.98 28242
85.99 28246
86.00 28249
86.02 28252
86.03 28258
86.04 28264
86.05 28270
86.06 28274
86.07 28279
86.08 28282
86.09 28287
86.10 28291
86.11 28293
86.12 28297
86.13 28303
86.14 28306
86.15 28310
86.16 28315
86.17 28320
86.18 28324
86.20 28328
86.21 28334
86.22 28338
86.23 28341
86.24 28344
86.25 28347
86.26 28353
86.27 28358
86.28 28364
86.29 28368
86.30 28372
86.31 28377
86.32 28382
86.33 28385
86.34 28391
86.35 28398
86.36 28405
86.38 28411
86.39 28415
86.40 28418
86.41 28421
86.42 28427
86.43 28431
86.44 28438
86.45 28443
86.46 28448
86.47 28452
86.48 28456
86.49 28461
86.50 28464
86.51 28468
86.52 28472
86.53 28478
86.54 28479
86.56 28485
86.57 28489
86.58 28493
86.59 28499
86.60 28502
86.61 28510
86.62 28515
86.63 28518
86.64 28521
86.65 28525
86.66 28530
86.67 28533
86.68 28540
86.69 28545
86.70 28549
86.71 28553
86.72 28557
86.74 28565
86.75 28569
86.76 28574
86.77 28579
86.78 28584
86.79 28590
86.80 28595
86.81 28600
86.82 28603
86.83 28607
86.84 28611
86.85 28615
86.86 28621
86.87 28623
86.88 28626
86.89 28628
86.90 28630
86.91 28632
86.93 28637
86.94 28642
86.95 28646
86.96 28648
86.97 28651
86.98 28655
86.99 28658
87.00 28662
87.01 28666
87.02 28669
87.03 28672
87.04 28674
87.05 28680
87.06 28687
87.07 28689
87.08 28692
87.09 28693
87.11 28695
87.12 28702
87.13 28708
87.14 28714
87.15 28719
87.16 28725
87.17 28729
87.18 28732
87.19 28738
87.20 28743
87.21 28750
87.22 28756
87.23 28760
87.24 28764
87.25 28769
87.26 28769
87.27 28772
87.29 28779
87.30 28781
87.31 28785
87.32 28787
87.33 28789
87.34 28795
87.35 28798
87.36 28801
87.37 28806
87.38 28810
87.39 28815
87.40 28818
87.41 28820
87.42 28823
87.43 28829
87.44 28834
87.45 28839
87.47 28843
87.48 28848
87.49 28852
87.50 28853
87.51 28857
87.52 28862
87.53 28865
87.54 28867
87.55 28868
87.56 28872
87.57 28877
87.58 28878
87.59 28882
87.60 28886
87.61 28890
87.62 28894
87.63 28896
87.64 28900
87.66 28904
87.67 28904
87.68 28908
87.69 28911
87.70 28915
87.71 28916
87.72 28917
87.73 28919
87.74 28924
87.75 28925
87.76 28929
87.77 28932
87.78 28937
87.79 28941
87.80 28943
87.81 28948
87.82 28950
87.84 28952
87.85 28954
87.86 28958
87.87 28961
87.88 28965
87.89 28965
87.90 28967
87.91 28973
87.92 28978
87.93 28981
87.94 28981
87.95 28982
87.96 28988
87.97 28995
87.98 29000
87.99 29003
88.00 29007
88.02 29012
88.03 29016
88.04 29016
88.05 29018
88.06 29020
88.07 29023
88.08 29024
88.09 29025
88.10 29025
88.11 29027
88.12 29030
88.13 29031
88.14 29032
88.15 29036
88.16 29042
88.17 29046
88.18 29053
88.20 29054
88.21 29060
88.22 29064
88.23 29067
88.24 29068
88.25 29070
88.26 29072
88.27 29074
88.28 29079
88.29 29084
88.30 29087
88.31 29089
88.32 29094
88.33 29096
88.34 29099
88.35 29104
88.36 29105
88.38 29107
88.39 29112
88.40 29115
88.41 29117
88.42 29122
88.43 29124
88.44 29128
88.45 29130
88.46 29134
88.47 29135
88.48 29140
88.49 29145
88.50 29150
88.51 29157
88.52 29161
88.53 29165
88.54 29169
88.55 29176
88.57 29182
88.58 29187
88.59 29191
88.60 29196
88.61 29198
88.62 29203
88.63 29208
88.64 29212
88.65 29214
88.66 29219
88.67 29223
88.68 29224
88.69 29230
88.70 29233
88.71 29240
88.72 29246
88.73 29249
88.75 29254
88.76 29256
88.77 29263
88.78 29269
88.79 29272
88.80 29275
88.81 29278
88.82 29283
88.83 29287
88.84 29293
88.85 29298
88.86 29303
88.87 29308
88.88 29312
88.89 29317
88.90 29320
88.91 29323
88.93 29328
88.94 29333
88.95 29337
88.96 29340
88.97 29344
88.98 29346
88.99 29350
89.00 29355
89.01 29359
89.02 29363
89.03 29368
89.04 29371
89.05 29375
89.06 29380
89.07 29384
89.08 29387
89.09 29394
89.11 29402
89.12 29409
89.13 29415
89.14 29420
89.15 29424
89.16 29426
89.17 29428
89.18 29434
89.19 29439
89.20 29440
89.21 29443
89.22 29448
89.23 29452
89.24 29455
89.25 29456
89.26 29461
89.27 29463
89.29 29469
89.30 29472
89.31 29479
89.32 29482
89.33 29484
89.34 29485
89.35 29490
89.36 29493
89.37 29494
89.38 29496
89.39 29497
89.40 29499
89.41 29501
89.42 29504
89.43 29505
89.44 29508
89.45 29508
89.46 29510
89.48 29514
89.49 29517
89.50 29520
89.51 29520
89.52 29522
89.53 29524
89.54 29526
89.55 29526
89.56 29528
89.57 29529
89.58 29531
89.59 29534
89.60 29536
89.61 29540
89.62 29540
89.63 29540
89.64 29541
89.66 29542
89.67 29545
89.68 29545
89.69 29546
89.70 29547
89.71 29547
89.72 29549
89.73 29553
89.74 29554
89.75 29554
89.76 29557
89.77 29557
89.78 29557
89.79 29558
89.80 29558
89.81 29559
89.82 29559
89.84 29559
89.85 29559
89.86 29559
89.87 29559
89.88 29559
89.89 29559
89.90 29560
89.91 29560
89.92 29560
89.93 29564
89.94 29564
89.95 29564
89.96 29567
89.97 29567
89.98 29569
89.99 29570
90.00 29570
90.02 29572
90.03 29575
90.04 29575
90.05 29575
90.06 29576
90.07 29581
90.08 29583
90.09 29585
90.10 29585
90.11 29587
90.12 29587
90.13 29588
90.14 29589
90.15 29590
90.16 29594
90.17 29597
90.18 29600
90.20 29608
90.21 29613
90.22 29618
90.23 29619
90.24 29620
90.25 29622
90.26 29625
90.27 29627
90.28 29629
90.29 29632
90.30 29634
90.31 29638
90.32 29642
90.33 29643
90.34 29644
90.35 29644
90.36 29647
90.37 29649
90.39 29651
90.40 29652
90.41 29654
90.42 29659
90.43 29661
90.44 29665
90.45 29667
90.46 29668
90.47 29668
90.48 29669
90.49 29670
90.50 29673
90.51 29678
90.52 29682
90.53 29686
90.54 29692
90.55 29695
90.57 29696
90.58 29697
90.59 29699
90.60 29702
90.61 29704
90.62 29708
90.63 29714
90.64 29715
90.65 29719
90.66 29727
90.67 29734
90.68 29739
90.69 29747
90.70 29750
90.71 29755
90.72 29759
90.73 29764
90.75 29767
90.76 29769
90.77 29774
90.78 29777
90.79 29781
90.80 29783
90.81 29787
90.82 29792
90.83 29797
90.84 29800
90.85 29805
90.86 29807
90.87 29809
90.88 29812
90.89 29819
90.90 29822
90.91 29826
90.93 29829
90.94 29833
90.95 29836
90.96 29837
90.97 29840
90.98 29845
90.99 29849
91.00 29850
91.01 29853
91.02 29858
91.03 29864
91.04 29872
91.05 29877
91.06 29882
91.07 29888
91.08 29892
91.09 29895
91.11 29901
91.12 29904
91.13 29908
91.14 29913
91.15 29918
91.16 29925
91.17 29928
91.18 29934
91.19 29938
91.20 29939
91.21 29942
91.22 29947
91.23 29952
91.24 29957
91.25 29963
91.26 29967
91.27 29971
91.28 29977
91.30 29980
91.31 29985
91.32 29987
91.33 29988
91.34 29991
91.35 29996
91.36 30000
91.37 30006
91.38 30011
91.39 30017
91.40 30022
91.41 30029
91.42 30033
91.43 30037
91.44 30040
91.45 30043
91.46 30047
91.48 30054
91.49 30058
91.50 30063
91.51 30066
91.52 30071
91.53 30074
91.54 30076
91.55 30078
91.56 30082
91.57 30085
91.58 30090
91.59 30095
91.60 30100
91.61 30104
91.62 30107
91.63 30110
91.64 30113
91.66 30118
91.67 30124
91.68 30128
91.69 30132
91.70 30136
91.71 30140
91.72 30145
91.73 30151
91.74 30156
91.75 30160
91.76 30162
91.77 30168
91.78 30172
91.79 30177
91.80 30183
91.81 30184
91.82 30189
91.84 30194
91.85 30200
91.86 30204
91.87 30206
91.88 30208
91.89 30210
91.90 30214
91.91 30217
91.92 30219
91.93 30223
91.94 30227
91.95 30234
91.96 30239
91.97 30246
91.98 30251
91.99 30258
92.00 30264
92.02 30268
92.03 30272
92.04 30277
92.05 30283
92.06 30288
92.07 30290
92.08 30296
92.09 30301
92.10 30305
92.11 30309
92.12 30313
92.13 30318
92.14 30325
92.15 30331
92.16 30335
92.17 30339
92.18 30340
92.19 30343
92.21 30345
92.22 30346
92.23 30349
92.24 30353
92.25 30358
92.26 30365
92.27 30369
92.28 30370
92.29 30375
92.30 30379
92.31 30380
92.32 30382
92.33 30388
92.34 30392
92.35 30399
92.36 30401
92.37 30402
92.39 30405
92.40 30409
92.41 30413
92.42 30418
92.43 30421
92.44 30426
92.45 30431
92.46 30437
92.47 30440
92.48 30447
92.49 30454
92.50 30457
92.51 30461
92.52 30466
92.53 30471
92.54 30474
92.55 30479
92.57 30480
92.58 30485
92.59 30493
92.60 30496
92.61 30502
92.62 30506
92.63 30510
92.64 30514
92.65 30517
92.66 30522
92.67 30526
92.68 30531
92.69 30536
92.70 30541
92.71 30548
92.72 30553
92.73 30559
92.75 30564
92.76 30568
92.77 30574
92.78 30578
92.79 30582
92.80 30584
92.81 30589
92.82 30590
92.83 30595
92.84 30598
92.85 30603
92.86 30607
92.87 30611
92.88 30614
92.89 30616
92.90 30620
92.91 30624
92.93 30630
92.94 30633
92.95 30640
92.96 30643
92.97 30643
92.98 30646
92.99 30651
93.00 30656
93.01 30661
93.02 30664
93.03 30668
93.04 30674
93.05 30677
93.06 30684
93.07 30690
93.08 30694
93.09 30696
93.10 30698
93.12 30702
93.13 30708
93.14 30713
93.15 30717
93.16 30720
93.17 30722
93.18 30727
93.19 30730
93.20 30735
93.21 30739
93.22 30742
93.23 30747
93.24 30751
93.25 30755
93.26 30760
93.27 30762
93.28 30768
93.30 30772
93.31 30777
93.32 30782
93.33 30786
93.34 30790
93.35 30795
93.36 30799
93.37 30804
93.38 30809
93.39 30814
93.40 30818
93.41 30821
93.42 30824
93.43 30830
93.44 30833
93.45 30837
93.46 30841
93.48 30845
93.49 30850
93.50 30856
93.51 30862
93.52 30865
93.53 30868
93.54 30871
93.55 30872
93.56 30876
93.57 30879
93.58 30880
93.59 30885
93.60 30888
93.61 30895
93.62 30900
93.63 30903
93.64 30907
93.66 30908
93.67 30914
93.68 30917
93.69 30919
93.70 30920
93.71 30923
93.72 30928
93.73 30934
93.74 30938
93.75 30941
93.76 30943
93.77 30947
93.78 30952
93.79 30958
93.80 30963
93.81 30969
93.82 30975
93.84 30980
93.85 30985
93.86 30988
93.87 30993
93.88 30997
93.89 31002
93.90 31011
93.91 31017
93.92 31023
93.93 31027
93.94 31033
93.95 31039
93.96 31044
93.97 31051
93.98 31057
93.99 31063
94.00 31068
94.01 31073
94.03 31077
94.04 31082
94.05 31084
94.06 31087
94.07 31089
94.08 31091
94.09 31094
94.10 31098
94.11 31102
94.12 31104
94.13 31105
94.14 31109
94.15 31116
94.16 31119
94.17 31123
94.18 31129
94.19 31134
94.21 31140
94.22 31144
94.23 31147
94.24 31151
94.25 31156
94.26 31157
94.27 31162
94.28 31166
94.29 31171
94.30 31176
94.31 31181
94.32 31186
94.33 31190
94.34 31195
94.35 31200
94.36 31205
94.37 31211
94.39 31217
94.40 31224
94.41 31229
94.42 31233
94.43 31236
94.44 31240
94.45 31243
94.46 31247
94.47 31248
94.48 31251
94.49 31253
94.50 31257
94.51 31261
94.52 31264
94.53 31267
94.54 31272
94.55 31276
94.57 31281
94.58 31284
94.59 31288
94.60 31290
94.61 31292
94.62 31295
94.63 31299
94.64 31301
94.65 31305
94.66 31307
94.67 31311
94.68 31317
94.69 31319
94.70 31326
94.71 31331
94.72 31335
94.73 31340
94.75 31344
94.76 31349
94.77 31353
94.78 31357
94.79 31363
94.80 31368
94.81 31373
94.82 31380
94.83 31384
94.84 31388
94.85 31390
94.86 31396
94.87 31399
94.88 31403
94.89 31407
94.90 31409
94.91 31413
94.92 31418
94.94 31420
94.95 31421
94.96 31424
94.97 31428
94.98 31433
94.99 31438
95.00 31442
95.01 31445
95.02 31453
95.03 31457
95.04 31463
95.05 31468
95.06 31473
95.07 31477
95.08 31485
95.09 31490
95.10 31494
95.12 31499
95.13 31502
95.14 31506
95.15 31509
95.16 31516
95.17 31520
95.18 31522
95.19 31525
95.20 31526
95.21 31528
95.22 31529
95.23 31531
95.24 31535
95.25 31538
95.26 31540
95.27 31544
95.28 31546
95.30 31549
95.31 31552
95.32 31553
95.33 31555
95.34 31556
95.35 31557
95.36 31558
95.37 31559
95.38 31560
95.39 31562
95.40 31562
95.41 31564
95.42 31566
95.43 31567
95.44 31571
95.45 31572
95.46 31573
95.48 31574
95.49 31575
95.50 31578
95.51 31584
95.52 31587
95.53 31591
95.54 31593
95.55 31599
95.56 31602
95.57 31605
95.58 31607
95.59 31610
95.60 31616
95.61 31618
95.62 31622
95.63 31625
95.64 31629
95.66 31636
95.67 31640
95.68 31643
95.69 31648
95.70 31652
95.71 31653
95.72 31656
95.73 31657
95.74 31658
95.75 31661
95.76 31666
95.77 31671
95.78 31674
95.79 31680
95.80 31685
95.81 31687
95.82 31691
95.83 31696
95.85 31701
95.86 31705
95.87 31708
95.88 31711
95.89 31717
95.90 31723
95.91 31730
95.92 31733
95.93 31737
95.94 31742
95.95 31745
95.96 31746
95.97 31751
95.98 31755
95.99 31761
96.00 31764
96.01 31770
96.03 31775
96.04 31780
96.05 31785
96.06 31789
96.07 31794
96.08 31800
96.09 31805
96.10 31811
96.11 31816
96.12 31820
96.13 31823
96.14 31830
96.15 31833
96.16 31837
96.17 31839
96.18 31846
96.19 31851
96.21 31856
96.22 31860
96.23 31865
96.24 31868
96.25 31871
96.26 31875
96.27 31882
96.28 31888
96.29 31892
96.30 31896
96.31 31901
96.32 31907
96.33 31912
96.34 31918
96.35 31921
96.36 31926
96.37 31931
96.39 31935
96.40 31941
96.41 31945
96.42 31949
96.43 31952
96.44 31957
96.45 31960
96.46 31963
96.47 31966
96.48 31971
96.49 31974
96.50 31978
96.51 31982
96.52 31983
96.53 31987
96.54 31990
96.55 31994
96.57 31999
96.58 32000
96.59 32005
96.60 32009
96.61 32012
96.62 32017
96.63 32020
96.64 32025
96.65 32029
96.66 32033
96.67 32039
96.68 32043
96.69 32045
96.70 32051
96.71 32055
96.72 32061
96.73 32067
96.74 32072
96.76 32078
96.77 32083
96.78 32088
96.79 32093
96.80 32100
96.81 32106
96.82 32109
96.83 32114
96.84 32117
96.85 32120
96.86 32125
96.87 32130
96.88 32133
96.89 32137
96.90 32142
96.91 32145
96.92 32149
96.94 32153
96.95 32157
96.96 32164
96.97 32166
96.98 32169
96.99 32174
97.00 32179
97.01 32183
97.02 32189
97.03 32193
97.04 32196
97.05 32198
97.06 32202
97.07 32204
97.08 32209
97.09 32216
97.10 32221
97.12 32225
97.13 32230
97.14 32235
97.15 32237
97.16 32242
97.17 32247
97.18 32251
97.19 32255
97.20 32260
97.21 32265
97.22 32270
97.23 32274
97.24 32279
97.25 32282
97.26 32285
97.27 32290
97.28 32294
97.30 32298
97.31 32301
97.32 32305
97.33 32311
97.34 32316
97.35 32320
97.36 32324
97.37 32327
97.38 32330
97.39 32334
97.40 32340
97.41 32344
97.42 32348
97.43 32354
97.44 32360
97.45 32366
97.46 32370
97.48 32374
97.49 32376
97.50 32379
97.51 32383
97.52 32387
97.53 32393
97.54 32395
97.55 32400
97.56 32408
97.57 32413
97.58 32417
97.59 32420
97.60 32425
97.61 32427
97.62 32433
97.63 32439
97.64 32444
97.65 32448
97.67 32454
97.68 32459
97.69 32464
97.70 32467
97.71 32472
97.72 32477
97.73 32480
97.74 32485
97.75 32488
97.76 32493
97.77 32497
97.78 32500
97.79 32505
97.80 32510
97.81 32516
97.82 32522
97.83 32526
97.85 32534
97.86 32538
97.87 32543
97.88 32548
97.89 32552
97.90 32557
97.91 32559
97.92 32562
97.93 32571
97.94 32575
97.95 32581
97.96 32583
97.97 32589
97.98 32593
97.99 32596
98.00 32598
98.01 32599
98.03 32599
98.04 32606
98.05 32611
98.06 32614
98.07 32620
98.08 32624
98.09 32632
98.10 32639
98.11 32645
98.12 32651
98.13 32657
98.14 32662
98.15 32666
98.16 32672
98.17 32677
98.18 32682
98.19 32686
98.21 32693
98.22 32698
98.23 32704
98.24 32708
98.25 32710
98.26 32712
98.27 32715
98.28 32718
98.29 32721
98.30 32725
98.31 32730
98.32 32734
98.33 32738
98.34 32741
98.35 32746
98.36 32749
98.37 32753
98.39 32757
98.40 32763
98.41 32769
98.42 32772
98.43 32773
98.44 32773
98.45 32780
98.46 32783
98.47 32788
98.48 32792
98.49 32796
98.50 32800
98.51 32806
98.52 32812
98.53 32818
98.54 32823
98.55 32827
98.56 32836
98.58 32841
98.59 32843
98.60 32847
98.61 32850
98.62 32853
98.63 32857
98.64 32863
98.65 32868
98.66 32873
98.67 32874
98.68 32876
98.69 32877
98.70 32882
98.71 32886
98.72 32891
98.73 32894
98.74 32898
98.76 32902
98.77 32903
98.78 32904
98.79 32908
98.80 32913
98.81 32917
98.82 32923
98.83 32926
98.84 32931
98.85 32937
98.86 32942
98.87 32948
98.88 32952
98.89 32956
98.90 32959
98.91 32962
98.92 32964
98.94 32967
98.95 32969
98.96 32975
98.97 32980
98.98 32986
98.99 32991
99.00 32994
99.01 32997
99.02 33001
99.03 33006
99.04 33012
99.05 33015
99.06 33021
99.07 33026
99.08 33031
99.09 33038
99.10 33044
99.12 33047
99.13 33048
99.14 33052
99.15 33056
99.16 33057
99.17 33059
99.18 33064
99.19 33069
99.20 33073
99.21 33077
99.22 33083
99.23 33088
99.24 33091
99.25 33097
99.26 33098
99.27 33102
99.28 33106
99.30 33109
99.31 33114
99.32 33118
99.33 33120
99.34 33124
99.35 33127
99.36 33129
99.37 33132
99.38 33136
99.39 33143
99.40 33148
99.41 33153
99.42 33157
99.43 33162
99.44 33165
99.45 33166
99.46 33171
99.47 33171
99.49 33174
99.50 33177
99.51 33183
99.52 33187
99.53 33189
99.54 33192
99.55 33199
99.56 33202
99.57 33209
99.58 33215
99.59 33220
99.60 33225
99.61 33229
99.62 33232
99.63 33235
99.64 33239
99.65 33243
99.67 33249
99.68 33253
99.69 33258
99.70 33264
99.71 33269
99.72 33274
99.73 33279
99.74 33283
99.75 33286
99.76 33291
99.77 33298
99.78 33300
99.79 33304
99.80 33309
99.81 33314
99.82 33318
99.83 33322
99.85 33327
99.86 33331
99.87 33335
99.88 33342
99.89 33344
99.90 33347
99.91 33352
99.92 33356
99.93 33359
99.94 33365
99.95 33370
99.96 33375
99.97 33382
99.98 33388
99.99 33394
