0.00 0
0.01 16
0.02 30
0.03 42
0.04 52
0.05 65
0.06 74
0.07 76
0.08 79
0.10 82
0.11 92
0.12 102
0.13 108
0.14 115
0.15 121
0.16 130
0.17 136
0.18 144
0.19 151
0.20 155
0.21 162
0.22 165
0.23 167
0.24 168
0.25 172
0.26 173
0.28 175
0.29 177
0.30 177
0.31 180
0.32 180
0.33 182
0.34 182
0.35 183
0.36 184
0.37 185
0.38 186
0.39 186
0.40 188
0.41 189
0.42 190
0.43 190
0.44 192
0.45 192
0.47 193
0.48 193
0.49 195
0.50 195
0.51 196
0.52 196
0.53 197
0.54 197
0.55 198
0.56 199
0.57 202
0.58 202
0.59 202
0.60 207
0.61 211
0.62 216
0.63 221
0.65 222
0.66 229
0.67 234
0.68 243
0.69 246
0.70 251
0.71 257
0.72 261
0.73 263
0.74 268
0.75 278
0.76 280
0.77 284
0.78 287
0.79 290
0.80 291
0.81 294
0.83 297
0.84 301
0.85 305
0.86 305
0.87 310
0.88 312
0.89 313
0.90 317
0.91 323
0.92 335
0.93 340
0.94 341
0.95 346
0.96 347
0.97 348
0.98 348
0.99 353
1.01 355
1.02 355
1.03 357
1.04 358
1.05 360
1.06 360
1.07 360
1.08 361
1.09 361
1.10 361
1.11 361
1.12 365
1.13 367
1.14 367
1.15 367
1.16 370
1.17 370
1.19 370
1.20 370
1.21 375
1.22 377
1.23 377
1.24 380
1.25 383
1.26 389
1.27 389
1.28 393
1.29 397
1.30 398
1.31 400
1.32 402
1.33 402
1.34 406
1.35 406
1.36 406
1.38 411
1.39 413
1.40 413
1.41 414
1.42 415
1.43 421
1.44 422
1.45 422
1.46 426
1.47 429
1.48 430
1.49 430
1.50 433
1.51 433
1.52 434
1.53 435
1.54 435
1.56 435
1.57 437
1.58 438
1.59 438
1.60 440
1.61 442
1.62 445
1.63 445
1.64 450
1.65 451
1.66 453
1.67 453
1.68 455
1.69 455
1.70 460
1.71 460
1.72 460
1.74 463
1.75 464
1.76 464
1.77 468
1.78 471
1.79 475
1.80 475
1.81 480
1.82 484
1.83 487
1.84 488
1.85 488
1.86 494
1.87 503
1.88 503
1.89 506
1.90 512
1.92 519
1.93 527
1.94 535
1.95 541
1.96 547
1.97 554
1.98 556
1.99 559
2.00 568
2.01 576
2.02 582
2.03 586
2.04 596
2.05 602
2.06 607
2.07 617
2.08 623
2.10 632
2.11 640
2.12 646
2.13 653
2.14 657
2.15 663
2.16 668
2.17 674
2.18 679
2.19 685
2.20 693
2.21 695
2.22 702
2.23 706
2.24 716
2.25 718
2.26 720
2.27 721
2.29 724
2.30 724
2.31 725
2.32 725
2.33 728
2.34 737
2.35 741
2.36 746
2.37 751
2.38 757
2.39 761
2.40 767
2.41 770
2.42 777
2.43 783
2.44 789
2.45 791
2.47 796
2.48 800
2.49 807
2.50 810
2.51 814
2.52 820
2.53 827
2.54 830
2.55 837
2.56 843
2.57 848
2.58 854
2.59 860
2.60 864
2.61 870
2.62 877
2.63 881
2.65 886
2.66 891
2.67 896
2.68 900
2.69 906
2.70 912
2.71 917
2.72 924
2.73 929
2.74 932
2.75 939
2.76 946
2.77 950
2.78 956
2.79 961
2.80 964
2.81 965
2.83 969
2.84 975
2.85 979
2.86 984
2.87 989
2.88 994
2.89 1002
2.90 1009
2.91 1016
2.92 1021
2.93 1023
2.94 1025
2.95 1031
2.96 1033
2.97 1041
2.98 1048
2.99 1052
3.01 1055
3.02 1056
3.03 1062
3.04 1069
3.05 1072
3.06 1077
3.07 1082
3.08 1088
3.09 1093
3.10 1098
3.11 1099
3.12 1103
3.13 1109
3.14 1114
3.15 1118
3.16 1126
3.17 1131
3.18 1134
3.20 1141
3.21 1150
3.22 1155
3.23 1157
3.24 1158
3.25 1159
3.26 1163
3.27 1167
3.28 1172
3.29 1175
3.30 1176
3.31 1184
3.32 1190
3.33 1194
3.34 1199
3.35 1204
3.36 1207
3.38 1212
3.39 1214
3.40 1215
3.41 1222
3.42 1230
3.43 1235
3.44 1239
3.45 1245
3.46 1250
3.47 1255
3.48 1260
3.49 1263
3.50 1268
3.51 1275
3.52 1281
3.53 1284
3.54 1289
3.56 1293
3.57 1298
3.58 1302
3.59 1307
3.60 1311
3.61 1317
3.62 1321
3.63 1325
3.64 1330
3.65 1335
3.66 1342
3.67 1348
3.68 1358
3.69 1361
3.70 1364
3.71 1366
3.72 1368
3.74 1372
3.75 1374
3.76 1380
3.77 1385
3.78 1389
3.79 1390
3.80 1399
3.81 1402
3.82 1404
3.83 1411
3.84 1413
3.85 1417
3.86 1419
3.87 1421
3.88 1426
3.89 1432
3.90 1437
3.92 1438
3.93 1441
3.94 1446
3.95 1450
3.96 1455
3.97 1462
3.98 1469
3.99 1472
4.00 1474
4.01 1475
4.02 1481
4.03 1491
4.04 1498
4.05 1501
4.06 1507
4.07 1513
4.08 1519
4.09 1523
4.11 1528
4.12 1533
4.13 1541
4.14 1549
4.15 1552
4.16 1559
4.17 1562
4.18 1567
4.19 1572
4.20 1577
4.21 1580
4.22 1587
4.23 1591
4.24 1597
4.25 1598
4.26 1601
4.27 1605
4.29 1611
4.30 1619
4.31 1627
4.32 1635
4.33 1639
4.34 1642
4.35 1646
4.36 1649
4.37 1653
4.38 1657
4.39 1660
4.40 1664
4.41 1668
4.42 1673
4.43 1679
4.44 1684
4.45 1689
4.47 1693
4.48 1698
4.49 1704
4.50 1707
4.51 1710
4.52 1716
4.53 1720
4.54 1726
4.55 1730
4.56 1735
4.57 1737
4.58 1740
4.59 1744
4.60 1746
4.61 1751
4.62 1755
4.63 1759
4.65 1763
4.66 1765
4.67 1770
4.68 1775
4.69 1778
4.70 1784
4.71 1787
4.72 1794
4.73 1800
4.74 1805
4.75 1809
4.76 1817
4.77 1824
4.78 1829
4.79 1832
4.80 1834
4.81 1837
4.83 1841
4.84 1847
4.85 1854
4.86 1860
4.87 1863
4.88 1864
4.89 1865
4.90 1867
4.91 1873
4.92 1880
4.93 1886
4.94 1892
4.95 1897
4.96 1901
4.97 1906
4.98 1913
4.99 1919
5.00 1924
5.02 1930
5.03 1937
5.04 1942
5.05 1947
5.06 1952
5.07 1957
5.08 1966
5.09 1972
5.10 1976
5.11 1980
5.12 1984
5.13 1990
5.14 1994
5.15 1998
5.16 2001
5.17 2006
5.18 2010
5.20 2016
5.21 2018
5.22 2023
5.23 2025
5.24 2030
5.25 2036
5.26 2037
5.27 2038
5.28 2044
5.29 2048
5.30 2054
5.31 2059
5.32 2064
5.33 2070
5.34 2073
5.35 2080
5.36 2085
5.38 2091
5.39 2095
5.40 2100
5.41 2105
5.42 2110
5.43 2117
5.44 2123
5.45 2129
5.46 2137
5.47 2142
5.48 2148
5.49 2154
5.50 2156
5.51 2161
5.52 2166
5.53 2171
5.54 2176
5.56 2179
5.57 2183
5.58 2188
5.59 2192
5.60 2197
5.61 2203
5.62 2209
5.63 2214
5.64 2218
5.65 2220
5.66 2222
5.67 2223
5.68 2224
5.69 2227
5.70 2231
5.71 2237
5.72 2242
5.74 2248
5.75 2251
5.76 2259
5.77 2263
5.78 2268
5.79 2272
5.80 2276
5.81 2284
5.82 2289
5.83 2292
5.84 2295
5.85 2301
5.86 2305
5.87 2309
5.88 2312
5.89 2319
5.90 2324
5.91 2328
5.93 2330
5.94 2333
5.95 2338
5.96 2344
5.97 2347
5.98 2355
5.99 2359
6.00 2362
6.01 2367
6.02 2370
6.03 2374
6.04 2378
6.05 2381
6.06 2384
6.07 2389
6.08 2392
6.09 2395
6.11 2399
6.12 2404
6.13 2409
6.14 2414
6.15 2417
6.16 2423
6.17 2427
6.18 2431
6.19 2436
6.20 2441
6.21 2443
6.22 2447
6.23 2451
6.24 2456
6.25 2459
6.26 2465
6.27 2470
6.29 2474
6.30 2477
6.31 2481
6.32 2486
6.33 2489
6.34 2492
6.35 2494
6.36 2494
6.37 2497
6.38 2502
6.39 2506
6.40 2511
6.41 2516
6.42 2519
6.43 2526
6.44 2531
6.45 2536
6.47 2540
6.48 2547
6.49 2550
6.50 2555
6.51 2562
6.52 2568
6.53 2571
6.54 2576
6.55 2581
6.56 2586
6.57 2589
6.58 2594
6.59 2597
6.60 2603
6.61 2607
6.62 2611
6.63 2612
6.65 2620
6.66 2623
6.67 2626
6.68 2632
6.69 2636
6.70 2640
6.71 2641
6.72 2645
6.73 2651
6.74 2657
6.75 2664
6.76 2670
6.77 2677
6.78 2682
6.79 2686
6.80 2690
6.81 2696
6.82 2702
6.84 2706
6.85 2712
6.86 2716
6.87 2722
6.88 2724
6.89 2728
6.90 2733
6.91 2736
6.92 2740
6.93 2746
6.94 2752
6.95 2757
6.96 2762
6.97 2770
6.98 2775
6.99 2780
7.00 2784
7.02 2789
7.03 2793
7.04 2797
7.05 2803
7.06 2809
7.07 2814
7.08 2819
7.09 2822
7.10 2823
7.11 2826
7.12 2830
7.13 2837
7.14 2842
7.15 2845
7.16 2847
7.17 2854
7.18 2860
7.20 2864
7.21 2866
7.22 2870
7.23 2874
7.24 2880
7.25 2883
7.26 2888
7.27 2891
7.28 2894
7.29 2899
7.30 2906
7.31 2915
7.32 2919
7.33 2922
7.34 2926
7.35 2927
7.36 2930
7.38 2934
7.39 2938
7.40 2942
7.41 2945
7.42 2950
7.43 2954
7.44 2960
7.45 2964
7.46 2970
7.47 2978
7.48 2986
7.49 2992
7.50 2997
7.51 3002
7.52 3005
7.53 3007
7.54 3012
7.56 3019
7.57 3023
7.58 3025
7.59 3028
7.60 3037
7.61 3044
7.62 3052
7.63 3059
7.64 3065
7.65 3070
7.66 3072
7.67 3075
7.68 3078
7.69 3081
7.70 3084
7.71 3088
7.72 3094
7.73 3098
7.75 3102
7.76 3107
7.77 3114
7.78 3120
7.79 3123
7.80 3128
7.81 3133
7.82 3138
7.83 3143
7.84 3150
7.85 3155
7.86 3163
7.87 3164
7.88 3168
7.89 3172
7.90 3178
7.91 3184
7.93 3189
7.94 3193
7.95 3200
7.96 3206
7.97 3211
7.98 3219
7.99 3224
8.00 3230
8.01 3234
8.02 3238
8.03 3244
8.04 3246
8.05 3253
8.06 3259
8.07 3264
8.08 3276
8.09 3279
8.11 3283
8.12 3286
8.13 3286
8.14 3293
8.15 3299
8.16 3303
8.17 3305
8.18 3311
8.19 3313
8.20 3316
8.21 3321
8.22 3326
8.23 3332
8.24 3336
8.25 3338
8.26 3342
8.27 3350
8.29 3354
8.30 3358
8.31 3365
8.32 3368
8.33 3372
8.34 3377
8.35 3381
8.36 3384
8.37 3387
8.38 3389
8.39 3394
8.40 3400
8.41 3407
8.42 3413
8.43 3416
8.44 3421
8.45 3428
8.47 3435
8.48 3444
8.49 3450
8.50 3453
8.51 3458
8.52 3462
8.53 3465
8.54 3471
8.55 3475
8.56 3480
8.57 3486
8.58 3491
8.59 3496
8.60 3499
8.61 3503
8.62 3508
8.63 3517
8.64 3520
8.66 3526
8.67 3531
8.68 3535
8.69 3541
8.70 3543
8.71 3546
8.72 3550
8.73 3555
8.74 3557
8.75 3563
8.76 3568
8.77 3571
8.78 3576
8.79 3581
8.80 3585
8.81 3588
8.82 3590
8.84 3594
8.85 3597
8.86 3602
8.87 3609
8.88 3613
8.89 3617
8.90 3623
8.91 3627
8.92 3630
8.93 3633
8.94 3637
8.95 3643
8.96 3649
8.97 3656
8.98 3662
8.99 3668
9.00 3671
9.02 3679
9.03 3683
9.04 3687
9.05 3692
9.06 3695
9.07 3697
9.08 3702
9.09 3704
9.10 3711
9.11 3714
9.12 3720
9.13 3724
9.14 3725
9.15 3729
9.16 3735
9.17 3739
9.18 3742
9.20 3745
9.21 3748
9.22 3751
9.23 3756
9.24 3758
9.25 3762
9.26 3767
9.27 3771
9.28 3776
9.29 3781
9.30 3785
9.31 3788
9.32 3794
9.33 3801
9.34 3806
9.35 3811
9.36 3820
9.38 3827
9.39 3829
9.40 3834
9.41 3842
9.42 3849
9.43 3855
9.44 3861
9.45 3867
9.46 3874
9.47 3878
9.48 3880
9.49 3884
9.50 3889
9.51 3895
9.52 3898
9.53 3901
9.54 3904
9.55 3906
9.57 3910
9.58 3915
9.59 3919
9.60 3920
9.61 3923
9.62 3926
9.63 3928
9.64 3932
9.65 3937
9.66 3940
9.67 3943
9.68 3948
9.69 3954
9.70 3959
9.71 3963
9.72 3970
9.73 3975
9.75 3979
9.76 3981
9.77 3985
9.78 3988
9.79 3991
9.80 3995
9.81 4000
9.82 4005
9.83 4009
9.84 4014
9.85 4017
9.86 4020
9.87 4020
9.88 4023
9.89 4026
9.90 4032
9.91 4036
9.93 4041
9.94 4047
9.95 4052
9.96 4055
9.97 4059
9.98 4061
9.99 4066
10.00 4070
10.01 4075
10.02 4080
10.03 4083
10.04 4087
10.05 4093
10.06 4098
10.07 4105
10.08 4109
10.09 4114
10.11 4119
10.12 4125
10.13 4129
10.14 4132
10.15 4137
10.16 4142
10.17 4146
10.18 4148
10.19 4150
10.20 4151
10.21 4155
10.22 4159
10.23 4163
10.24 4168
10.25 4172
10.26 4178
10.27 4182
10.29 4186
10.30 4190
10.31 4195
10.32 4199
10.33 4203
10.34 4208
10.35 4214
10.36 4217
10.37 4220
10.38 4222
10.39 4227
10.40 4233
10.41 4240
10.42 4244
10.43 4250
10.44 4254
10.45 4256
10.46 4260
10.48 4266
10.49 4272
10.50 4274
10.51 4281
10.52 4285
10.53 4289
10.54 4294
10.55 4299
10.56 4302
10.57 4309
10.58 4311
10.59 4315
10.60 4319
10.61 4323
10.62 4328
10.63 4335
10.64 4341
10.66 4345
10.67 4348
10.68 4352
10.69 4356
10.70 4360
10.71 4365
10.72 4368
10.73 4371
10.74 4376
10.75 4383
10.76 4389
10.77 4391
10.78 4396
10.79 4401
10.80 4405
10.81 4411
10.82 4416
10.84 4420
10.85 4424
10.86 4427
10.87 4431
10.88 4436
10.89 4440
10.90 4444
10.91 4452
10.92 4457
10.93 4460
10.94 4465
10.95 4468
10.96 4472
10.97 4474
10.98 4480
10.99 4483
11.00 4486
11.02 4490
11.03 4494
11.04 4496
11.05 4497
11.06 4502
11.07 4507
11.08 4510
11.09 4514
11.10 4518
11.11 4521
11.12 4526
11.13 4533
11.14 4537
11.15 4539
11.16 4545
11.17 4550
11.18 4552
11.20 4556
11.21 4561
11.22 4568
11.23 4574
11.24 4580
11.25 4584
11.26 4592
11.27 4598
11.28 4603
11.29 4608
11.30 4611
11.31 4616
11.32 4622
11.33 4625
11.34 4629
11.35 4633
11.36 4639
11.37 4642
11.39 4646
11.40 4652
11.41 4657
11.42 4660
11.43 4668
11.44 4676
11.45 4685
11.46 4692
11.47 4696
11.48 4699
11.49 4704
11.50 4710
11.51 4716
11.52 4722
11.53 4725
11.54 4728
11.55 4735
11.57 4739
11.58 4743
11.59 4748
11.60 4750
11.61 4754
11.62 4761
11.63 4765
11.64 4772
11.65 4777
11.66 4783
11.67 4787
11.68 4791
11.69 4795
11.70 4802
11.71 4807
11.72 4810
11.73 4814
11.75 4819
11.76 4823
11.77 4830
11.78 4836
11.79 4840
11.80 4846
11.81 4854
11.82 4859
11.83 4863
11.84 4866
11.85 4870
11.86 4872
11.87 4877
11.88 4883
11.89 4886
11.90 4889
11.91 4892
11.93 4898
11.94 4903
11.95 4909
11.96 4911
11.97 4915
11.98 4918
11.99 4924
12.00 4926
12.01 4927
12.02 4932
12.03 4935
12.04 4938
12.05 4940
12.06 4943
12.07 4945
12.08 4946
12.09 4949
12.11 4954
12.12 4959
12.13 4967
12.14 4972
12.15 4977
12.16 4984
12.17 4989
12.18 4993
12.19 4996
12.20 4997
12.21 5001
12.22 5006
12.23 5013
12.24 5017
12.25 5021
12.26 5027
12.27 5032
12.28 5037
12.30 5039
12.31 5044
12.32 5049
12.33 5055
12.34 5060
12.35 5065
12.36 5066
12.37 5068
12.38 5072
12.39 5078
12.40 5084
12.41 5088
12.42 5092
12.43 5098
12.44 5105
12.45 5109
12.46 5114
12.48 5120
12.49 5124
12.50 5128
12.51 5134
12.52 5140
12.53 5145
12.54 5151
12.55 5158
12.56 5163
12.57 5168
12.58 5176
12.59 5179
12.60 5187
12.61 5191
12.62 5200
12.63 5203
12.64 5209
12.66 5216
12.67 5222
12.68 5230
12.69 5235
12.70 5240
12.71 5247
12.72 5255
12.73 5260
12.74 5263
12.75 5266
12.76 5270
12.77 5276
12.78 5279
12.79 5283
12.80 5290
12.81 5294
12.82 5300
12.84 5306
12.85 5310
12.86 5313
12.87 5320
12.88 5324
12.89 5327
12.90 5330
12.91 5334
12.92 5337
12.93 5340
12.94 5346
12.95 5350
12.96 5353
12.97 5358
12.98 5362
12.99 5369
13.00 5374
13.02 5377
13.03 5382
13.04 5386
13.05 5389
13.06 5392
13.07 5396
13.08 5399
13.09 5403
13.10 5409
13.11 5412
13.12 5416
13.13 5421
13.14 5426
13.15 5432
13.16 5434
13.17 5439
13.18 5445
13.19 5449
13.21 5452
13.22 5455
13.23 5459
13.24 5464
13.25 5468
13.26 5472
13.27 5479
13.28 5483
13.29 5488
13.30 5491
13.31 5494
13.32 5498
13.33 5501
13.34 5506
13.35 5510
13.36 5516
13.37 5521
13.39 5526
13.40 5533
13.41 5538
13.42 5544
13.43 5547
13.44 5552
13.45 5554
13.46 5558
13.47 5563
13.48 5563
13.49 5569
13.50 5573
13.51 5578
13.52 5583
13.53 5590
13.54 5592
13.55 5596
13.57 5599
13.58 5601
13.59 5606
13.60 5611
13.61 5614
13.62 5620
13.63 5625
13.64 5631
13.65 5635
13.66 5640
13.67 5647
13.68 5651
13.69 5655
13.70 5662
13.71 5666
13.72 5673
13.73 5678
13.75 5682
13.76 5688
13.77 5691
13.78 5694
13.79 5698
13.80 5702
13.81 5707
13.82 5710
13.83 5714
13.84 5718
13.85 5722
13.86 5725
13.87 5734
13.88 5738
13.89 5743
13.90 5746
13.91 5750
13.93 5758
13.94 5763
13.95 5769
13.96 5774
13.97 5778
13.98 5783
13.99 5785
14.00 5788
14.01 5790
14.02 5794
14.03 5795
14.04 5799
14.05 5800
14.06 5805
14.07 5810
14.08 5814
14.09 5818
14.10 5822
14.12 5824
14.13 5828
14.14 5832
14.15 5834
14.16 5837
14.17 5840
14.18 5844
14.19 5850
14.20 5854
14.21 5858
14.22 5860
14.23 5868
14.24 5871
14.25 5876
14.26 5882
14.27 5888
14.28 5893
14.30 5898
14.31 5903
14.32 5908
14.33 5912
14.34 5916
14.35 5919
14.36 5924
14.37 5926
14.38 5932
14.39 5937
14.40 5942
14.41 5948
14.42 5953
14.43 5955
14.44 5959
14.45 5965
14.46 5969
14.48 5970
14.49 5973
14.50 5980
14.51 5988
14.52 5993
14.53 5997
14.54 6002
14.55 6008
14.56 6015
14.57 6021
14.58 6025
14.59 6028
14.60 6032
14.61 6033
14.62 6038
14.63 6040
14.64 6042
14.66 6044
14.67 6048
14.68 6056
14.69 6059
14.70 6064
14.71 6071
14.72 6076
14.73 6085
14.74 6091
14.75 6097
14.76 6099
14.77 6104
14.78 6107
14.79 6113
14.80 6119
14.81 6123
14.82 6131
14.83 6136
14.85 6143
14.86 6148
14.87 6152
14.88 6160
14.89 6164
14.90 6168
14.91 6169
14.92 6172
14.93 6175
14.94 6178
14.95 6182
14.96 6187
14.97 6189
14.98 6190
14.99 6193
15.00 6201
15.01 6203
15.03 6205
15.04 6211
15.05 6215
15.06 6219
15.07 6221
15.08 6223
15.09 6227
15.10 6231
15.11 6237
15.12 6239
15.13 6243
15.14 6246
15.15 6254
15.16 6258
15.17 6264
15.18 6269
15.19 6274
15.21 6276
15.22 6281
15.23 6285
15.24 6289
15.25 6295
15.26 6298
15.27 6303
15.28 6306
15.29 6311
15.30 6317
15.31 6320
15.32 6324
15.33 6329
15.34 6335
15.35 6339
15.36 6344
15.37 6348
15.39 6353
15.40 6357
15.41 6361
15.42 6366
15.43 6370
15.44 6374
15.45 6379
15.46 6383
15.47 6392
15.48 6397
15.49 6402
15.50 6407
15.51 6409
15.52 6412
15.53 6418
15.54 6422
15.55 6425
15.57 6431
15.58 6435
15.59 6440
15.60 6446
15.61 6450
15.62 6455
15.63 6458
15.64 6464
15.65 6470
15.66 6474
15.67 6480
15.68 6482
15.69 6486
15.70 6490
15.71 6494
15.72 6499
15.73 6503
15.74 6508
15.76 6512
15.77 6518
15.78 6523
15.79 6527
15.80 6532
15.81 6539
15.82 6544
15.83 6551
15.84 6554
15.85 6559
15.86 6563
15.87 6568
15.88 6571
15.89 6577
15.90 6581
15.91 6588
15.92 6595
15.94 6600
15.95 6605
15.96 6608
15.97 6613
15.98 6619
15.99 6624
16.00 6629
16.01 6633
16.02 6636
16.03 6638
16.04 6642
16.05 6647
16.06 6655
16.07 6655
16.08 6660
16.09 6663
16.10 6664
16.12 6668
16.13 6675
16.14 6678
16.15 6681
16.16 6685
16.17 6687
16.18 6690
16.19 6694
16.20 6699
16.21 6704
16.22 6710
16.23 6713
16.24 6717
16.25 6723
16.26 6726
16.27 6731
16.28 6733
16.30 6738
16.31 6742
16.32 6746
16.33 6750
16.34 6751
16.35 6756
16.36 6761
16.37 6767
16.38 6771
16.39 6775
16.40 6780
16.41 6784
16.42 6788
16.43 6796
16.44 6802
16.45 6809
16.46 6810
16.48 6811
16.49 6816
16.50 6821
16.51 6826
16.52 6831
16.53 6835
16.54 6836
16.55 6841
16.56 6844
16.57 6846
16.58 6850
16.59 6851
16.60 6853
16.61 6859
16.62 6864
16.63 6869
16.64 6874
16.65 6881
16.67 6888
16.68 6894
16.69 6899
16.70 6903
16.71 6910
16.72 6913
16.73 6919
16.74 6923
16.75 6928
16.76 6931
16.77 6934
16.78 6939
16.79 6944
16.80 6949
16.81 6953
16.82 6954
16.83 6960
16.85 6962
16.86 6965
16.87 6970
16.88 6976
16.89 6980
16.90 6985
16.91 6990
16.92 6997
16.93 7001
16.94 7007
16.95 7009
16.96 7013
16.97 7015
16.98 7022
16.99 7025
17.00 7031
17.01 7037
17.03 7040
17.04 7042
17.05 7047
17.06 7050
17.07 7054
17.08 7060
17.09 7065
17.10 7068
17.11 7074
17.12 7077
17.13 7084
17.14 7088
17.15 7097
17.16 7101
17.17 7106
17.18 7112
17.19 7118
17.21 7124
17.22 7129
17.23 7133
17.24 7138
17.25 7145
17.26 7150
17.27 7153
17.28 7157
17.29 7161
17.30 7165
17.31 7171
17.32 7177
17.33 7185
17.34 7190
17.35 7194
17.36 7198
17.37 7201
17.39 7209
17.40 7212
17.41 7214
17.42 7219
17.43 7225
17.44 7230
17.45 7234
17.46 7240
17.47 7245
17.48 7249
17.49 7252
17.50 7256
17.51 7261
17.52 7264
17.53 7267
17.54 7272
17.55 7278
17.56 7283
17.58 7287
17.59 7293
17.60 7301
17.61 7305
17.62 7309
17.63 7312
17.64 7317
17.65 7323
17.66 7327
17.67 7330
17.68 7334
17.69 7337
17.70 7344
17.71 7348
17.72 7354
17.73 7360
17.74 7366
17.76 7371
17.77 7374
17.78 7377
17.79 7381
17.80 7388
17.81 7393
17.82 7398
17.83 7402
17.84 7407
17.85 7410
17.86 7414
17.87 7416
17.88 7420
17.89 7426
17.90 7431
17.91 7433
17.92 7436
17.94 7442
17.95 7445
17.96 7449
17.97 7453
17.98 7457
17.99 7461
18.00 7464
18.01 7470
18.02 7475
18.03 7480
18.04 7482
18.05 7486
18.06 7489
18.07 7494
18.08 7497
18.09 7503
18.10 7507
18.12 7511
18.13 7515
18.14 7521
18.15 7524
18.16 7531
18.17 7537
18.18 7544
18.19 7552
18.20 7557
18.21 7561
18.22 7565
18.23 7571
18.24 7575
18.25 7580
18.26 7584
18.27 7589
18.28 7593
18.30 7599
18.31 7604
18.32 7611
18.33 7618
18.34 7624
18.35 7627
18.36 7634
18.37 7638
18.38 7641
18.39 7645
18.40 7654
18.41 7660
18.42 7664
18.43 7670
18.44 7677
18.45 7680
18.46 7685
18.47 7692
18.49 7699
18.50 7702
18.51 7707
18.52 7713
18.53 7721
18.54 7723
18.55 7728
18.56 7737
18.57 7743
18.58 7750
18.59 7755
18.60 7757
18.61 7761
18.62 7767
18.63 7770
18.64 7771
18.65 7776
18.67 7780
18.68 7784
18.69 7788
18.70 7791
18.71 7795
18.72 7800
18.73 7804
18.74 7808
18.75 7812
18.76 7818
18.77 7824
18.78 7828
18.79 7831
18.80 7833
18.81 7840
18.82 7847
18.83 7851
18.85 7852
18.86 7855
18.87 7859
18.88 7863
18.89 7868
18.90 7872
18.91 7878
18.92 7884
18.93 7888
18.94 7890
18.95 7899
18.96 7905
18.97 7911
18.98 7912
18.99 7914
19.00 7918
19.01 7923
19.03 7927
19.04 7932
19.05 7935
19.06 7941
19.07 7944
19.08 7945
19.09 7948
19.10 7953
19.11 7956
19.12 7956
19.13 7960
19.14 7964
19.15 7969
19.16 7976
19.17 7980
19.18 7987
19.19 7990
19.21 7993
19.22 7997
19.23 8003
19.24 8007
19.25 8013
19.26 8019
19.27 8024
19.28 8030
19.29 8033
19.30 8038
19.31 8043
19.32 8047
19.33 8052
19.34 8059
19.35 8067
19.36 8072
19.37 8077
19.38 8081
19.40 8084
19.41 8086
19.42 8090
19.43 8093
19.44 8096
19.45 8099
19.46 8103
19.47 8110
19.48 8117
19.49 8122
19.50 8126
19.51 8131
19.52 8136
19.53 8142
19.54 8146
19.55 8152
19.56 8162
19.58 8168
19.59 8173
19.60 8178
19.61 8183
19.62 8189
19.63 8196
19.64 8202
19.65 8208
19.66 8212
19.67 8217
19.68 8220
19.69 8221
19.70 8222
19.71 8228
19.72 8229
19.73 8233
19.74 8236
19.76 8244
19.77 8247
19.78 8254
19.79 8257
19.80 8261
19.81 8265
19.82 8268
19.83 8272
19.84 8277
19.85 8281
19.86 8284
19.87 8287
19.88 8293
19.89 8298
19.90 8301
19.91 8305
19.92 8307
19.94 8310
19.95 8312
19.96 8316
19.97 8321
19.98 8322
19.99 8324
20.00 8328
20.01 8331
20.02 8333
20.03 8338
20.04 8341
20.05 8344
20.06 8349
20.07 8355
20.08 8360
20.09 8363
20.10 8368
20.12 8372
20.13 8376
20.14 8382
20.15 8385
20.16 8388
20.17 8393
20.18 8399
20.19 8407
20.20 8414
20.21 8417
20.22 8420
20.23 8422
20.24 8423
20.25 8428
20.26 8431
20.27 8432
20.28 8435
20.29 8438
20.31 8442
20.32 8449
20.33 8456
20.34 8461
20.35 8467
20.36 8471
20.37 8475
20.38 8480
20.39 8483
20.40 8492
20.41 8497
20.42 8505
20.43 8506
20.44 8514
20.45 8520
20.46 8529
20.47 8532
20.49 8535
20.50 8540
20.51 8544
20.52 8549
20.53 8550
20.54 8559
20.55 8562
20.56 8568
20.57 8570
20.58 8572
20.59 8576
20.60 8579
20.61 8579
20.62 8580
20.63 8584
20.64 8588
20.65 8592
20.67 8598
20.68 8603
20.69 8608
20.70 8612
20.71 8620
20.72 8625
20.73 8630
20.74 8634
20.75 8639
20.76 8640
20.77 8645
20.78 8651
20.79 8654
20.80 8658
20.81 8659
20.82 8665
20.83 8671
20.85 8674
20.86 8676
20.87 8683
20.88 8687
20.89 8693
20.90 8699
20.91 8704
20.92 8707
20.93 8713
20.94 8717
20.95 8722
20.96 8728
20.97 8734
20.98 8738
20.99 8742
21.00 8744
21.01 8745
21.03 8748
21.04 8749
21.05 8755
21.06 8760
21.07 8764
21.08 8765
21.09 8768
21.10 8772
21.11 8774
21.12 8776
21.13 8782
21.14 8785
21.15 8789
21.16 8795
21.17 8798
21.18 8801
21.19 8809
21.20 8815
21.22 8820
21.23 8825
21.24 8831
21.25 8835
21.26 8838
21.27 8843
21.28 8848
21.29 8853
21.30 8859
21.31 8864
21.32 8867
21.33 8874
21.34 8880
21.35 8884
21.36 8890
21.37 8895
21.38 8899
21.40 8905
21.41 8908
21.42 8915
21.43 8919
21.44 8926
21.45 8930
21.46 8933
21.47 8941
21.48 8946
21.49 8950
21.50 8955
21.51 8959
21.52 8963
21.53 8968
21.54 8973
21.55 8977
21.56 8984
21.58 8988
21.59 8993
21.60 8999
21.61 9004
21.62 9010
21.63 9015
21.64 9019
21.65 9022
21.66 9025
21.67 9029
21.68 9033
21.69 9038
21.70 9042
21.71 9046
21.72 9050
21.73 9057
21.74 9060
21.76 9062
21.77 9069
21.78 9075
21.79 9084
21.80 9088
21.81 9094
21.82 9099
21.83 9102
21.84 9107
21.85 9112
21.86 9113
21.87 9116
21.88 9119
21.89 9119
21.90 9122
21.91 9125
21.92 9127
21.94 9129
21.95 9132
21.96 9133
21.97 9137
21.98 9140
21.99 9143
22.00 9147
22.01 9151
22.02 9154
22.03 9154
22.04 9156
22.05 9161
22.06 9164
22.07 9168
22.08 9172
22.09 9174
22.10 9178
22.11 9181
22.13 9186
22.14 9189
22.15 9191
22.16 9194
22.17 9197
22.18 9198
22.19 9203
22.20 9207
22.21 9212
22.22 9217
22.23 9219
22.24 9222
22.25 9225
22.26 9228
22.27 9231
22.28 9235
22.29 9236
22.31 9239
22.32 9242
22.33 9244
22.34 9252
22.35 9257
22.36 9262
22.37 9265
22.38 9266
22.39 9269
22.40 9271
22.41 9271
22.42 9274
22.43 9277
22.44 9278
22.45 9279
22.46 9280
22.47 9286
22.49 9288
22.50 9289
22.51 9289
22.52 9292
22.53 9297
22.54 9301
22.55 9302
22.56 9304
22.57 9307
22.58 9308
22.59 9311
22.60 9312
22.61 9316
22.62 9317
22.63 9325
22.64 9328
22.65 9328
22.67 9330
22.68 9331
22.69 9339
22.70 9341
22.71 9346
22.72 9348
22.73 9348
22.74 9351
22.75 9353
22.76 9359
22.77 9367
22.78 9370
22.79 9374
22.80 9380
22.81 9386
22.82 9391
22.83 9397
22.85 9408
22.86 9415
22.87 9419
22.88 9422
22.89 9425
22.90 9427
22.91 9435
22.92 9440
22.93 9443
22.94 9448
22.95 9454
22.96 9459
22.97 9461
22.98 9468
22.99 9470
23.00 9472
23.01 9476
23.02 9480
23.04 9484
23.05 9486
23.06 9491
23.07 9495
23.08 9497
23.09 9498
23.10 9507
23.11 9509
23.12 9514
23.13 9518
23.14 9525
23.15 9528
23.16 9536
23.17 9540
23.18 9543
23.19 9544
23.20 9547
23.22 9553
23.23 9556
23.24 9561
23.25 9566
23.26 9573
23.27 9579
23.28 9581
23.29 9587
23.30 9591
23.31 9594
23.32 9598
23.33 9603
23.34 9605
23.35 9607
23.36 9613
23.37 9620
23.38 9625
23.40 9632
23.41 9638
23.42 9642
23.43 9647
23.44 9654
23.45 9661
23.46 9665
23.47 9672
23.48 9677
23.49 9682
23.50 9684
23.51 9691
23.52 9693
23.53 9696
23.54 9701
23.55 9708
23.56 9713
23.58 9720
23.59 9728
23.60 9733
23.61 9735
23.62 9741
23.63 9743
23.64 9747
23.65 9750
23.66 9752
23.67 9755
23.68 9757
23.69 9758
23.70 9761
23.71 9763
23.72 9767
23.73 9771
23.74 9776
23.76 9777
23.77 9781
23.78 9782
23.79 9788
23.80 9792
23.81 9795
23.82 9797
23.83 9802
23.84 9811
23.85 9814
23.86 9821
23.87 9826
23.88 9831
23.89 9837
23.90 9841
23.91 9844
23.92 9846
23.93 9848
23.95 9848
23.96 9851
23.97 9852
23.98 9854
23.99 9856
24.00 9857
24.01 9860
24.02 9863
24.03 9865
24.04 9866
24.05 9869
24.06 9869
24.07 9870
24.08 9871
24.09 9877
24.10 9880
24.11 9882
24.13 9884
24.14 9887
24.15 9890
24.16 9896
24.17 9900
24.18 9908
24.19 9913
24.20 9922
24.21 9929
24.22 9933
24.23 9933
24.24 9934
24.25 9937
24.26 9939
24.27 9939
24.28 9941
24.29 9943
24.31 9947
24.32 9947
24.33 9951
24.34 9953
24.35 9955
24.36 9955
24.37 9957
24.38 9960
24.39 9960
24.40 9961
24.41 9961
24.42 9961
24.43 9964
24.44 9965
24.45 9965
24.46 9965
24.47 9965
24.49 9967
24.50 9967
24.51 9968
24.52 9969
24.53 9969
24.54 9969
24.55 9969
24.56 9969
24.57 9969
24.58 9970
24.59 9970
24.60 9970
24.61 9972
24.62 9973
24.63 9973
24.64 9974
24.65 9977
24.67 9979
24.68 9979
24.69 9984
24.70 9986
24.71 9987
24.72 9987
24.73 9989
24.74 9989
24.75 9989
24.76 9991
24.77 9991
24.78 9991
24.79 9993
24.80 9994
24.81 9994
24.82 9994
24.83 9995
24.84 9999
24.86 9999
24.87 10001
24.88 10005
24.89 10006
24.90 10006
24.91 10009
24.92 10009
24.93 10009
24.94 10010
24.95 10010
24.96 10010
24.97 10011
24.98 10013
24.99 10013
25.00 10014
25.01 10015
25.02 10018
25.04 10018
25.05 10019
25.06 10019
25.07 10019
25.08 10019
25.09 10020
25.10 10022
25.11 10022
25.12 10023
25.13 10023
25.14 10023
25.15 10026
25.16 10027
25.17 10027
25.18 10027
25.19 10027
25.20 10031
25.22 10033
25.23 10033
25.24 10033
25.25 10033
25.26 10033
25.27 10033
25.28 10035
25.29 10036
25.30 10036
25.31 10036
25.32 10036
25.33 10036
25.34 10036
25.35 10038
25.36 10040
25.37 10040
25.38 10041
25.40 10042
25.41 10044
25.42 10044
25.43 10045
25.44 10045
25.45 10045
25.46 10045
25.47 10046
25.48 10055
25.49 10055
25.50 10055
25.51 10056
25.52 10056
25.53 10056
25.54 10061
25.55 10061
25.56 10061
25.58 10062
25.59 10062
25.60 10063
25.61 10064
25.62 10064
25.63 10065
25.64 10065
25.65 10065
25.66 10065
25.67 10067
25.68 10069
25.69 10069
25.70 10069
25.71 10070
25.72 10070
25.73 10070
25.74 10075
25.75 10076
25.77 10076
25.78 10076
25.79 10076
25.80 10077
25.81 10077
25.82 10078
25.83 10078
25.84 10078
25.85 10078
25.86 10078
25.87 10078
25.88 10080
25.89 10080
25.90 10080
25.91 10085
25.92 10086
25.93 10086
25.95 10086
25.96 10086
25.97 10089
25.98 10089
25.99 10089
26.00 10089
26.01 10090
26.02 10090
26.03 10090
26.04 10090
26.05 10090
26.06 10090
26.07 10092
26.08 10092
26.09 10092
26.10 10096
26.11 10098
26.13 10098
26.14 10099
26.15 10099
26.16 10099
26.17 10099
26.18 10099
26.19 10099
26.20 10099
26.21 10099
26.22 10099
26.23 10099
26.24 10100
26.25 10100
26.26 10100
26.27 10102
26.28 10103
26.29 10105
26.31 10107
26.32 10109
26.33 10112
26.34 10112
26.35 10118
26.36 10119
26.37 10123
26.38 10123
26.39 10129
26.40 10132
26.41 10132
26.42 10139
26.43 10145
26.44 10152
26.45 10158
26.46 10163
26.47 10168
26.49 10177
26.50 10183
26.51 10190
26.52 10196
26.53 10202
26.54 10207
26.55 10215
26.56 10224
26.57 10231
26.58 10239
26.59 10244
26.60 10249
26.61 10251
26.62 10257
26.63 10263
26.64 10270
26.65 10276
26.66 10280
26.68 10283
26.69 10287
26.70 10293
26.71 10301
26.72 10305
26.73 10310
26.74 10316
26.75 10321
26.76 10329
26.77 10334
26.78 10338
26.79 10345
26.80 10349
26.81 10353
26.82 10357
26.83 10367
26.84 10373
26.86 10377
26.87 10382
26.88 10384
26.89 10390
26.90 10393
26.91 10397
26.92 10402
26.93 10406
26.94 10411
26.95 10416
26.96 10421
26.97 10427
26.98 10432
26.99 10435
27.00 10439
27.01 10445
27.02 10448
27.04 10455
27.05 10461
27.06 10466
27.07 10471
27.08 10478
27.09 10483
27.10 10487
27.11 10492
27.12 10496
27.13 10502
27.14 10505
27.15 10508
27.16 10513
27.17 10519
27.18 10524
27.19 10528
27.20 10535
27.22 10539
27.23 10544
27.24 10549
27.25 10554
27.26 10559
27.27 10565
27.28 10570
27.29 10575
27.30 10581
27.31 10584
27.32 10588
27.33 10595
27.34 10600
27.35 10605
27.36 10609
27.37 10617
27.38 10621
27.40 10624
27.41 10627
27.42 10630
27.43 10633
27.44 10634
27.45 10636
27.46 10641
27.47 10645
27.48 10650
27.49 10654
27.50 10657
27.51 10660
27.52 10666
27.53 10668
27.54 10671
27.55 10674
27.56 10677
27.57 10682
27.59 10687
27.60 10693
27.61 10701
27.62 10705
27.63 10709
27.64 10712
27.65 10715
27.66 10718
27.67 10723
27.68 10729
27.69 10735
27.70 10736
27.71 10742
27.72 10748
27.73 10752
27.74 10756
27.75 10759
27.77 10763
27.78 10769
27.79 10776
27.80 10780
27.81 10785
27.82 10789
27.83 10791
27.84 10793
27.85 10795
27.86 10795
27.87 10803
27.88 10806
27.89 10811
27.90 10813
27.91 10818
27.92 10822
27.93 10826
27.95 10830
27.96 10835
27.97 10839
27.98 10843
27.99 10845
28.00 10847
28.01 10855
28.02 10862
28.03 10867
28.04 10870
28.05 10876
28.06 10879
28.07 10885
28.08 10887
28.09 10893
28.10 10899
28.11 10906
28.13 10911
28.14 10915
28.15 10920
28.16 10924
28.17 10928
28.18 10933
28.19 10939
28.20 10944
28.21 10950
28.22 10955
28.23 10959
28.24 10966
28.25 10971
28.26 10973
28.27 10976
28.28 10980
28.29 10982
28.31 10986
28.32 10991
28.33 10995
28.34 10997
28.35 11002
28.36 11004
28.37 11009
28.38 11011
28.39 11016
28.40 11018
28.41 11019
28.42 11021
28.43 11022
28.44 11026
28.45 11030
28.46 11033
28.47 11039
28.48 11045
28.50 11047
28.51 11053
28.52 11056
28.53 11058
28.54 11065
28.55 11069
28.56 11074
28.57 11077
28.58 11082
28.59 11084
28.60 11090
28.61 11096
28.62 11101
28.63 11106
28.64 11109
28.65 11112
28.66 11115
28.68 11117
28.69 11120
28.70 11126
28.71 11129
28.72 11137
28.73 11145
28.74 11150
28.75 11158
28.76 11164
28.77 11169
28.78 11174
28.79 11179
28.80 11186
28.81 11193
28.82 11197
28.83 11201
28.84 11207
28.86 11212
28.87 11216
28.88 11218
28.89 11222
28.90 11229
28.91 11234
28.92 11239
28.93 11247
28.94 11253
28.95 11260
28.96 11266
28.97 11272
28.98 11276
28.99 11280
29.00 11283
29.01 11289
29.02 11294
29.04 11297
29.05 11304
29.06 11309
29.07 11314
29.08 11320
29.09 11325
29.10 11327
29.11 11331
29.12 11336
29.13 11339
29.14 11343
29.15 11349
29.16 11356
29.17 11360
29.18 11366
29.19 11370
29.20 11374
29.21 11378
29.23 11387
29.24 11393
29.25 11399
29.26 11405
29.27 11410
29.28 11416
29.29 11420
29.30 11427
29.31 11431
29.32 11435
29.33 11439
29.34 11444
29.35 11450
29.36 11456
29.37 11462
29.38 11465
29.39 11469
29.41 11472
29.42 11477
29.43 11480
29.44 11485
29.45 11490
29.46 11496
29.47 11501
29.48 11504
29.49 11511
29.50 11517
29.51 11521
29.52 11525
29.53 11532
29.54 11538
29.55 11543
29.56 11546
29.57 11552
29.59 11556
29.60 11563
29.61 11567
29.62 11574
29.63 11577
29.64 11584
29.65 11589
29.66 11595
29.67 11602
29.68 11608
29.69 11615
29.70 11620
29.71 11625
29.72 11630
29.73 11636
29.74 11642
29.75 11650
29.77 11656
29.78 11662
29.79 11666
29.80 11672
29.81 11676
29.82 11680
29.83 11685
29.84 11691
29.85 11695
29.86 11700
29.87 11702
29.88 11707
29.89 11711
29.90 11719
29.91 11722
29.92 11727
29.93 11731
29.95 11736
29.96 11742
29.97 11745
29.98 11748
29.99 11754
30.00 11758
30.01 11762
30.02 11766
30.03 11773
30.04 11776
30.05 11779
30.06 11784
30.07 11787
30.08 11793
30.09 11800
30.10 11806
30.11 11811
30.12 11817
30.14 11824
30.15 11828
30.16 11832
30.17 11838
30.18 11843
30.19 11848
30.20 11853
30.21 11857
30.22 11864
30.23 11869
30.24 11874
30.25 11878
30.26 11886
30.27 11889
30.28 11895
30.29 11900
30.30 11907
30.32 11910
30.33 11915
30.34 11919
30.35 11925
30.36 11930
30.37 11936
30.38 11939
30.39 11944
30.40 11951
30.41 11958
30.42 11963
30.43 11969
30.44 11974
30.45 11980
30.46 11985
30.47 11990
30.48 11994
30.50 11998
30.51 12005
30.52 12010
30.53 12013
30.54 12018
30.55 12023
30.56 12029
30.57 12035
30.58 12041
30.59 12048
30.60 12054
30.61 12059
30.62 12061
30.63 12067
30.64 12072
30.65 12077
30.66 12082
30.68 12086
30.69 12092
30.70 12098
30.71 12103
30.72 12107
30.73 12111
30.74 12116
30.75 12121
30.76 12126
30.77 12133
30.78 12138
30.79 12143
30.80 12150
30.81 12155
30.82 12158
30.83 12166
30.84 12170
30.86 12174
30.87 12179
30.88 12185
30.89 12190
30.90 12194
30.91 12200
30.92 12204
30.93 12207
30.94 12213
30.95 12217
30.96 12223
30.97 12226
30.98 12231
30.99 12236
31.00 12240
31.01 12242
31.02 12245
31.03 12249
31.05 12252
31.06 12255
31.07 12259
31.08 12264
31.09 12270
31.10 12277
31.11 12281
31.12 12283
31.13 12290
31.14 12294
31.15 12301
31.16 12307
31.17 12312
31.18 12315
31.19 12319
31.20 12325
31.21 12332
31.23 12336
31.24 12340
31.25 12343
31.26 12347
31.27 12350
31.28 12354
31.29 12358
31.30 12363
31.31 12369
31.32 12373
31.33 12378
31.34 12385
31.35 12390
31.36 12392
31.37 12395
31.38 12399
31.39 12404
31.41 12406
31.42 12413
31.43 12417
31.44 12419
31.45 12424
31.46 12431
31.47 12437
31.48 12442
31.49 12446
31.50 12449
31.51 12456
31.52 12460
31.53 12463
31.54 12471
31.55 12477
31.56 12484
31.57 12491
31.59 12496
31.60 12503
31.61 12507
31.62 12514
31.63 12519
31.64 12523
31.65 12527
31.66 12535
31.67 12540
31.68 12546
31.69 12553
31.70 12560
31.71 12564
31.72 12569
31.73 12573
31.74 12576
31.75 12581
31.77 12583
31.78 12591
31.79 12597
31.80 12602
31.81 12607
31.82 12614
31.83 12619
31.84 12623
31.85 12629
31.86 12634
31.87 12639
31.88 12644
31.89 12647
31.90 12651
31.91 12654
31.92 12659
31.93 12664
31.94 12668
31.96 12673
31.97 12678
31.98 12682
31.99 12687
32.00 12690
32.01 12694
32.02 12701
32.03 12708
32.04 12714
32.05 12719
32.06 12725
32.07 12729
32.08 12734
32.09 12737
32.10 12741
32.11 12746
32.12 12752
32.14 12758
32.15 12764
32.16 12768
32.17 12775
32.18 12778
32.19 12781
32.20 12786
32.21 12789
32.22 12795
32.23 12799
32.24 12802
32.25 12807
32.26 12812
32.27 12817
32.28 12823
32.29 12827
32.30 12833
32.32 12838
32.33 12842
32.34 12847
32.35 12850
32.36 12855
32.37 12859
32.38 12865
32.39 12870
32.40 12875
32.41 12880
32.42 12884
32.43 12890
32.44 12895
32.45 12900
32.46 12904
32.47 12907
32.48 12913
32.50 12917
32.51 12919
32.52 12922
32.53 12925
32.54 12929
32.55 12931
32.56 12939
32.57 12945
32.58 12947
32.59 12953
32.60 12958
32.61 12962
32.62 12966
32.63 12970
32.64 12974
32.65 12977
32.66 12984
32.68 12987
32.69 12991
32.70 12995
32.71 13000
32.72 13005
32.73 13010
32.74 13014
32.75 13020
32.76 13025
32.77 13030
32.78 13035
32.79 13040
32.80 13046
32.81 13052
32.82 13057
32.83 13064
32.84 13071
32.85 13077
32.87 13080
32.88 13085
32.89 13090
32.90 13093
32.91 13098
32.92 13099
32.93 13099
32.94 13104
32.95 13111
32.96 13115
32.97 13119
32.98 13122
32.99 13130
33.00 13135
33.01 13138
33.02 13143
33.03 13149
33.05 13155
33.06 13161
33.07 13165
33.08 13171
33.09 13177
33.10 13183
33.11 13189
33.12 13192
33.13 13198
33.14 13203
33.15 13206
33.16 13211
33.17 13216
33.18 13217
33.19 13221
33.20 13225
33.21 13231
33.23 13236
33.24 13241
33.25 13247
33.26 13252
33.27 13255
33.28 13259
33.29 13265
33.30 13268
33.31 13273
33.32 13280
33.33 13284
33.34 13289
33.35 13292
33.36 13294
33.37 13295
33.38 13302
33.39 13306
33.41 13313
33.42 13319
33.43 13326
33.44 13331
33.45 13336
33.46 13342
33.47 13348
33.48 13353
33.49 13359
33.50 13364
33.51 13367
33.52 13371
33.53 13375
33.54 13379
33.55 13382
33.56 13385
33.57 13393
33.59 13400
33.60 13403
33.61 13409
33.62 13410
33.63 13414
33.64 13418
33.65 13421
33.66 13428
33.67 13433
33.68 13438
33.69 13440
33.70 13445
33.71 13451
33.72 13456
33.73 13462
33.74 13463
33.75 13467
33.76 13471
33.78 13478
33.79 13483
33.80 13487
33.81 13493
33.82 13499
33.83 13503
33.84 13508
33.85 13513
33.86 13517
33.87 13524
33.88 13531
33.89 13537
33.90 13540
33.91 13544
33.92 13549
33.93 13550
33.94 13551
33.96 13554
33.97 13559
33.98 13564
33.99 13568
34.00 13573
34.01 13576
34.02 13582
34.03 13588
34.04 13592
34.05 13597
34.06 13602
34.07 13609
34.08 13614
34.09 13620
34.10 13625
34.11 13629
34.12 13634
34.14 13639
34.15 13642
34.16 13646
34.17 13649
34.18 13653
34.19 13659
34.20 13662
34.21 13668
34.22 13673
34.23 13678
34.24 13679
34.25 13683
34.26 13686
34.27 13691
34.28 13696
34.29 13700
34.30 13705
34.32 13708
34.33 13713
34.34 13718
34.35 13723
34.36 13729
34.37 13736
34.38 13739
34.39 13743
34.40 13745
34.41 13749
34.42 13753
34.43 13757
34.44 13758
34.45 13758
34.46 13762
34.47 13768
34.48 13770
34.50 13772
34.51 13777
34.52 13785
34.53 13787
34.54 13787
34.55 13787
34.56 13787
34.57 13787
34.58 13787
34.59 13794
34.60 13801
34.61 13802
34.62 13809
34.63 13813
34.64 13817
34.65 13822
34.66 13826
34.67 13829
34.69 13833
34.70 13838
34.71 13841
34.72 13846
34.73 13847
34.74 13852
34.75 13855
34.76 13859
34.77 13863
34.78 13867
34.79 13872
34.80 13875
34.81 13877
34.82 13882
34.83 13888
34.84 13893
34.85 13899
34.87 13903
34.88 13911
34.89 13917
34.90 13923
34.91 13927
34.92 13932
34.93 13938
34.94 13940
34.95 13943
34.96 13947
34.97 13951
34.98 13955
34.99 13960
35.00 13964
35.01 13966
35.02 13969
35.03 13975
35.05 13979
35.06 13982
35.07 13983
35.08 13987
35.09 13991
35.10 13996
35.11 13997
35.12 13999
35.13 14003
35.14 14006
35.15 14011
35.16 14017
35.17 14023
35.18 14027
35.19 14030
35.20 14037
35.21 14043
35.23 14051
35.24 14055
35.25 14059
35.26 14064
35.27 14068
35.28 14074
35.29 14079
35.30 14083
35.31 14086
35.32 14091
35.33 14093
35.34 14098
35.35 14104
35.36 14108
35.37 14110
35.38 14114
35.39 14119
35.41 14123
35.42 14128
35.43 14130
35.44 14133
35.45 14139
35.46 14142
35.47 14147
35.48 14150
35.49 14154
35.50 14158
35.51 14165
35.52 14168
35.53 14172
35.54 14176
35.55 14179
35.56 14187
35.57 14192
35.58 14199
35.60 14203
35.61 14208
35.62 14214
35.63 14217
35.64 14220
35.65 14226
35.66 14231
35.67 14235
35.68 14242
35.69 14245
35.70 14250
35.71 14252
35.72 14256
35.73 14263
35.74 14267
35.75 14270
35.76 14277
35.78 14280
35.79 14287
35.80 14292
35.81 14297
35.82 14301
35.83 14307
35.84 14311
35.85 14317
35.86 14322
35.87 14328
35.88 14334
35.89 14338
35.90 14343
35.91 14347
35.92 14351
35.93 14356
35.94 14362
35.96 14366
35.97 14372
35.98 14376
35.99 14385
36.00 14389
36.01 14392
36.02 14395
36.03 14400
36.04 14404
36.05 14410
36.06 14416
36.07 14420
36.08 14424
36.09 14428
36.10 14433
36.11 14439
36.12 14444
36.14 14449
36.15 14453
36.16 14460
36.17 14466
36.18 14472
36.19 14478
36.20 14484
36.21 14489
36.22 14494
36.23 14498
36.24 14501
36.25 14506
36.26 14509
36.27 14513
36.28 14519
36.29 14525
36.30 14532
36.32 14537
36.33 14540
36.34 14546
36.35 14550
36.36 14554
36.37 14559
36.38 14561
36.39 14566
36.40 14572
36.41 14575
36.42 14580
36.43 14584
36.44 14591
36.45 14597
36.46 14601
36.47 14605
36.48 14611
36.49 14615
36.51 14621
36.52 14625
36.53 14628
36.54 14630
36.55 14634
36.56 14637
36.57 14640
36.58 14645
36.59 14649
36.60 14654
36.61 14660
36.62 14663
36.63 14668
36.64 14673
36.65 14677
36.66 14679
36.67 14680
36.69 14684
36.70 14689
36.71 14691
36.72 14698
36.73 14702
36.74 14706
36.75 14713
36.76 14716
36.77 14719
36.78 14724
36.79 14728
36.80 14732
36.81 14737
36.82 14742
36.83 14748
36.84 14751
36.85 14752
36.87 14759
36.88 14765
36.89 14769
36.90 14773
36.91 14776
36.92 14782
36.93 14790
36.94 14800
36.95 14804
36.96 14806
36.97 14811
36.98 14815
36.99 14818
37.00 14824
37.01 14828
37.02 14831
37.03 14836
37.05 14842
37.06 14846
37.07 14851
37.08 14857
37.09 14862
37.10 14865
37.11 14869
37.12 14874
37.13 14880
37.14 14885
37.15 14889
37.16 14892
37.17 14895
37.18 14900
37.19 14905
37.20 14909
37.21 14911
37.23 14916
37.24 14921
37.25 14924
37.26 14929
37.27 14933
37.28 14937
37.29 14942
37.30 14943
37.31 14946
37.32 14951
37.33 14957
37.34 14960
37.35 14964
37.36 14968
37.37 14971
37.38 14974
37.39 14980
37.40 14983
37.42 14989
37.43 14992
37.44 14996
37.45 14998
37.46 15003
37.47 15008
37.48 15014
37.49 15017
37.50 15020
37.51 15024
37.52 15028
37.53 15033
37.54 15040
37.55 15046
37.56 15052
37.57 15056
37.58 15062
37.60 15066
37.61 15072
37.62 15078
37.63 15085
37.64 15088
37.65 15093
37.66 15098
37.67 15103
37.68 15105
37.69 15110
37.70 15116
37.71 15121
37.72 15125
37.73 15129
37.74 15135
37.75 15139
37.76 15143
37.78 15146
37.79 15151
37.80 15156
37.81 15158
37.82 15162
37.83 15171
37.84 15178
37.85 15184
37.86 15191
37.87 15194
37.88 15197
37.89 15203
37.90 15206
37.91 15207
37.92 15213
37.93 15217
37.94 15221
37.96 15225
37.97 15231
37.98 15237
37.99 15242
38.00 15249
38.01 15254
38.02 15257
38.03 15261
38.04 15265
38.05 15269
38.06 15274
38.07 15278
38.08 15283
38.09 15290
38.10 15297
38.11 15299
38.12 15305
38.14 15310
38.15 15316
38.16 15321
38.17 15327
38.18 15332
38.19 15337
38.20 15340
38.21 15347
38.22 15353
38.23 15358
38.24 15362
38.25 15363
38.26 15366
38.27 15369
38.28 15372
38.29 15375
38.30 15379
38.31 15384
38.33 15387
38.34 15392
38.35 15397
38.36 15399
38.37 15401
38.38 15406
38.39 15413
38.40 15417
38.41 15421
38.42 15426
38.43 15430
38.44 15433
38.45 15440
38.46 15447
38.47 15451
38.48 15457
38.49 15460
38.51 15461
38.52 15465
38.53 15471
38.54 15476
38.55 15482
38.56 15486
38.57 15488
38.58 15491
38.59 15493
38.60 15498
38.61 15498
38.62 15501
38.63 15501
38.64 15509
38.65 15512
38.66 15514
38.67 15517
38.69 15522
38.70 15523
38.71 15524
38.72 15530
38.73 15537
38.74 15541
38.75 15545
38.76 15550
38.77 15555
38.78 15560
38.79 15568
38.80 15573
38.81 15578
38.82 15582
38.83 15588
38.84 15593
38.85 15597
38.87 15602
38.88 15606
38.89 15609
38.90 15612
38.91 15616
38.92 15619
38.93 15623
38.94 15629
38.95 15633
38.96 15639
38.97 15641
38.98 15645
38.99 15650
39.00 15655
39.01 15661
39.02 15667
39.03 15672
39.05 15675
39.06 15679
39.07 15685
39.08 15686
39.09 15689
39.10 15691
39.11 15697
39.12 15697
39.13 15697
39.14 15700
39.15 15705
39.16 15710
39.17 15717
39.18 15722
39.19 15728
39.20 15733
39.21 15738
39.22 15743
39.24 15748
39.25 15755
39.26 15758
39.27 15763
39.28 15768
39.29 15772
39.30 15776
39.31 15781
39.32 15785
39.33 15790
39.34 15794
39.35 15797
39.36 15798
39.37 15800
39.38 15800
39.39 15803
39.40 15807
39.42 15813
39.43 15817
39.44 15821
39.45 15826
39.46 15832
39.47 15836
39.48 15840
39.49 15843
39.50 15843
39.51 15847
39.52 15852
39.53 15856
39.54 15861
39.55 15865
39.56 15868
39.57 15872
39.58 15877
39.60 15879
39.61 15882
39.62 15885
39.63 15889
39.64 15892
39.65 15895
39.66 15901
39.67 15905
39.68 15908
39.69 15911
39.70 15914
39.71 15918
39.72 15921
39.73 15925
39.74 15927
39.75 15932
39.76 15936
39.78 15938
39.79 15940
39.80 15944
39.81 15945
39.82 15948
39.83 15950
39.84 15953
39.85 15954
39.86 15956
39.87 15964
39.88 15970
39.89 15978
39.90 15983
39.91 15985
39.92 15986
39.93 15988
39.94 15989
39.96 15996
39.97 16002
39.98 16006
39.99 16009
40.00 16015
40.01 16019
40.02 16022
40.03 16024
40.04 16025
40.05 16028
40.06 16030
40.07 16036
40.08 16040
40.09 16041
40.10 16045
40.11 16049
40.12 16051
40.13 16056
40.15 16058
40.16 16062
40.17 16066
40.18 16071
40.19 16078
40.20 16081
40.21 16086
40.22 16091
40.23 16098
40.24 16100
40.25 16107
40.26 16112
40.27 16118
40.28 16125
40.29 16129
40.30 16131
40.31 16134
40.33 16137
40.34 16141
40.35 16143
40.36 16144
40.37 16145
40.38 16150
40.39 16157
40.40 16162
40.41 16167
40.42 16172
40.43 16180
40.44 16185
40.45 16185
40.46 16185
40.47 16187
40.48 16191
40.49 16195
40.51 16199
40.52 16206
40.53 16215
40.54 16218
40.55 16218
40.56 16223
40.57 16227
40.58 16234
40.59 16240
40.60 16244
40.61 16247
40.62 16248
40.63 16255
40.64 16257
40.65 16260
40.66 16262
40.67 16267
40.69 16269
40.70 16270
40.71 16273
40.72 16275
40.73 16281
40.74 16282
40.75 16288
40.76 16291
40.77 16296
40.78 16301
40.79 16306
40.80 16311
40.81 16312
40.82 16317
40.83 16324
40.84 16330
40.85 16339
40.87 16346
40.88 16354
40.89 16361
40.90 16362
40.91 16367
40.92 16372
40.93 16379
40.94 16382
40.95 16385
40.96 16387
40.97 16391
40.98 16393
40.99 16397
41.00 16401
41.01 16401
41.02 16402
41.03 16402
41.04 16404
41.06 16408
41.07 16413
41.08 16417
41.09 16425
41.10 16431
41.11 16436
41.12 16442
41.13 16444
41.14 16444
41.15 16444
41.16 16448
41.17 16449
41.18 16455
41.19 16462
41.20 16466
41.21 16469
41.22 16472
41.24 16476
41.25 16480
41.26 16482
41.27 16486
41.28 16488
41.29 16494
41.30 16500
41.31 16505
41.32 16508
41.33 16509
41.34 16511
41.35 16514
41.36 16516
41.37 16517
41.38 16521
41.39 16522
41.40 16524
41.42 16526
41.43 16530
41.44 16534
41.45 16540
41.46 16545
41.47 16545
41.48 16546
41.49 16547
41.50 16551
41.51 16551
41.52 16551
41.53 16552
41.54 16552
41.55 16554
41.56 16557
41.57 16563
41.58 16566
41.60 16568
41.61 16570
41.62 16571
41.63 16578
41.64 16580
41.65 16580
41.66 16588
41.67 16593
41.68 16594
41.69 16596
41.70 16596
41.71 16598
41.72 16598
41.73 16601
41.74 16604
41.75 16606
41.76 16613
41.78 16616
41.79 16616
41.80 16617
41.81 16618
41.82 16620
41.83 16622
41.84 16625
41.85 16628
41.86 16628
41.87 16629
41.88 16629
41.89 16631
41.90 16634
41.91 16634
41.92 16638
41.93 16639
41.94 16639
41.95 16639
41.97 16642
41.98 16643
41.99 16648
42.00 16656
42.01 16656
42.02 16656
42.03 16657
42.04 16658
42.05 16658
42.06 16664
42.07 16671
42.08 16672
42.09 16672
42.10 16673
42.11 16673
42.12 16677
42.13 16678
42.15 16678
42.16 16679
42.17 16681
42.18 16683
42.19 16684
42.20 16691
42.21 16698
42.22 16702
42.23 16704
42.24 16709
42.25 16711
42.26 16714
42.27 16720
42.28 16723
42.29 16729
42.30 16734
42.31 16741
42.33 16744
42.34 16751
42.35 16756
42.36 16761
42.37 16765
42.38 16773
42.39 16779
42.40 16783
42.41 16787
42.42 16792
42.43 16795
42.44 16803
42.45 16810
42.46 16813
42.47 16821
42.48 16825
42.49 16829
42.51 16833
42.52 16836
42.53 16842
42.54 16846
42.55 16850
42.56 16853
42.57 16856
42.58 16862
42.59 16868
42.60 16872
42.61 16878
42.62 16881
42.63 16885
42.64 16886
42.65 16889
42.66 16895
42.67 16899
42.69 16901
42.70 16905
42.71 16906
42.72 16913
42.73 16916
42.74 16921
42.75 16925
42.76 16927
42.77 16938
42.78 16943
42.79 16948
42.80 16953
42.81 16955
42.82 16957
42.83 16963
42.84 16966
42.85 16969
42.86 16974
42.88 16976
42.89 16981
42.90 16983
42.91 16988
42.92 16992
42.93 16998
42.94 17000
42.95 17007
42.96 17009
42.97 17011
42.98 17013
42.99 17015
43.00 17019
43.01 17025
43.02 17027
43.03 17031
43.04 17034
43.06 17037
43.07 17043
43.08 17046
43.09 17047
43.10 17053
43.11 17057
43.12 17063
43.13 17064
43.14 17067
43.15 17071
43.16 17075
43.17 17079
43.18 17086
43.19 17089
43.20 17094
43.21 17100
43.22 17105
43.24 17107
43.25 17108
43.26 17113
43.27 17117
43.28 17119
43.29 17121
43.30 17124
43.31 17130
43.32 17133
43.33 17136
43.34 17141
43.35 17144
43.36 17146
43.37 17151
43.38 17155
43.39 17161
43.40 17163
43.42 17167
43.43 17172
43.44 17175
43.45 17179
43.46 17181
43.47 17190
43.48 17195
43.49 17197
43.50 17197
43.51 17202
43.52 17203
43.53 17209
43.54 17216
43.55 17218
43.56 17225
43.57 17227
43.58 17231
43.60 17234
43.61 17236
43.62 17238
43.63 17242
43.64 17248
43.65 17253
43.66 17256
43.67 17259
43.68 17262
43.69 17266
43.70 17268
43.71 17273
43.72 17277
43.73 17278
43.74 17279
43.75 17280
43.76 17284
43.77 17287
43.79 17289
43.80 17292
43.81 17294
43.82 17295
43.83 17297
43.84 17305
43.85 17306
43.86 17312
43.87 17320
43.88 17320
43.89 17323
43.90 17327
43.91 17332
43.92 17335
43.93 17336
43.94 17337
43.95 17338
43.97 17342
43.98 17345
43.99 17348
44.00 17350
44.01 17352
44.02 17355
44.03 17356
44.04 17357
44.05 17357
44.06 17359
44.07 17361
44.08 17363
44.09 17363
44.10 17364
44.11 17365
44.12 17367
44.13 17367
44.15 17367
44.16 17367
44.17 17367
44.18 17367
44.19 17367
44.20 17369
44.21 17369
44.22 17369
44.23 17369
44.24 17369
44.25 17369
44.26 17371
44.27 17372
44.28 17372
44.29 17373
44.30 17374
44.31 17375
44.33 17375
44.34 17375
44.35 17375
44.36 17375
44.37 17375
44.38 17375
44.39 17376
44.40 17376
44.41 17376
44.42 17376
44.43 17376
44.44 17376
44.45 17377
44.46 17378
44.47 17378
44.48 17379
44.49 17379
44.50 17380
44.52 17381
44.53 17381
44.54 17381
44.55 17381
44.56 17381
44.57 17381
44.58 17382
44.59 17382
44.60 17382
44.61 17382
44.62 17382
44.63 17382
44.64 17386
44.65 17390
44.66 17391
44.67 17391
44.68 17392
44.70 17393
44.71 17397
44.72 17397
44.73 17399
44.74 17402
44.75 17403
44.76 17404
44.77 17404
44.78 17406
44.79 17407
44.80 17407
44.81 17408
44.82 17410
44.83 17412
44.84 17412
44.85 17412
44.86 17413
44.88 17413
44.89 17413
44.90 17414
44.91 17414
44.92 17414
44.93 17414
44.94 17414
44.95 17414
44.96 17415
44.97 17415
44.98 17415
44.99 17417
45.00 17418
45.01 17418
45.02 17418
45.03 17419
45.04 17420
45.06 17420
45.07 17420
45.08 17420
45.09 17420
45.10 17420
45.11 17420
45.12 17422
45.13 17422
45.14 17422
45.15 17422
45.16 17422
45.17 17422
45.18 17423
45.19 17424
45.20 17424
45.21 17424
45.22 17425
45.24 17426
45.25 17426
45.26 17426
45.27 17426
45.28 17426
45.29 17426
45.30 17426
45.31 17427
45.32 17427
45.33 17427
45.34 17427
45.35 17427
45.36 17427
45.37 17431
45.38 17432
45.39 17433
45.40 17433
45.41 17434
45.43 17434
45.44 17434
45.45 17434
45.46 17434
45.47 17434
45.48 17434
45.49 17434
45.50 17434
45.51 17437
45.52 17437
45.53 17437
45.54 17440
45.55 17440
45.56 17440
45.57 17444
45.58 17444
45.59 17448
45.61 17448
45.62 17449
45.63 17457
45.64 17457
45.65 17458
45.66 17462
45.67 17463
45.68 17468
45.69 17472
45.70 17478
45.71 17483
45.72 17490
45.73 17495
45.74 17499
45.75 17504
45.76 17507
45.77 17511
45.79 17519
45.80 17524
45.81 17529
45.82 17532
45.83 17535
45.84 17540
45.85 17548
45.86 17553
45.87 17558
45.88 17562
45.89 17565
45.90 17567
45.91 17570
45.92 17573
45.93 17577
45.94 17584
45.95 17592
45.97 17596
45.98 17600
45.99 17602
46.00 17607
46.01 17611
46.02 17617
46.03 17625
46.04 17629
46.05 17634
46.06 17639
46.07 17643
46.08 17649
46.09 17654
46.10 17657
46.11 17660
46.12 17667
46.13 17673
46.15 17679
46.16 17683
46.17 17687
46.18 17690
46.19 17696
46.20 17702
46.21 17705
46.22 17708
46.23 17712
46.24 17716
46.25 17720
46.26 17726
46.27 17729
46.28 17731
46.29 17736
46.30 17739
46.31 17743
46.32 17750
46.34 17757
46.35 17763
46.36 17768
46.37 17771
46.38 17774
46.39 17780
46.40 17784
46.41 17790
46.42 17795
46.43 17801
46.44 17806
46.45 17812
46.46 17819
46.47 17825
46.48 17832
46.49 17836
46.50 17842
46.52 17846
46.53 17850
46.54 17853
46.55 17857
46.56 17862
46.57 17867
46.58 17872
46.59 17877
46.60 17881
46.61 17886
46.62 17895
46.63 17900
46.64 17906
46.65 17911
46.66 17916
46.67 17920
46.68 17922
46.70 17924
46.71 17929
46.72 17932
46.73 17936
46.74 17941
46.75 17945
46.76 17951
46.77 17957
46.78 17961
46.79 17964
46.80 17967
46.81 17969
46.82 17975
46.83 17979
46.84 17986
46.85 17991
46.86 17998
46.88 18000
46.89 18006
46.90 18010
46.91 18014
46.92 18021
46.93 18027
46.94 18030
46.95 18035
46.96 18040
46.97 18046
46.98 18052
46.99 18056
47.00 18061
47.01 18066
47.02 18071
47.03 18077
47.04 18081
47.06 18084
47.07 18088
47.08 18092
47.09 18095
47.10 18101
47.11 18105
47.12 18109
47.13 18116
47.14 18121
47.15 18126
47.16 18128
47.17 18130
47.18 18135
47.19 18139
47.20 18145
47.21 18151
47.22 18154
47.23 18158
47.25 18162
47.26 18166
47.27 18170
47.28 18174
47.29 18177
47.30 18180
47.31 18185
47.32 18191
47.33 18196
47.34 18199
47.35 18204
47.36 18210
47.37 18214
47.38 18219
47.39 18222
47.40 18228
47.41 18235
47.43 18240
47.44 18243
47.45 18246
47.46 18251
47.47 18254
47.48 18261
47.49 18267
47.50 18273
47.51 18277
47.52 18283
47.53 18288
47.54 18292
47.55 18298
47.56 18303
47.57 18309
47.58 18314
47.59 18319
47.61 18326
47.62 18331
47.63 18338
47.64 18344
47.65 18348
47.66 18354
47.67 18361
47.68 18368
47.69 18380
47.70 18390
47.71 18398
47.72 18406
47.73 18412
47.74 18415
47.75 18417
47.76 18420
47.77 18426
47.79 18432
47.80 18439
47.81 18443
47.82 18448
47.83 18450
47.84 18455
47.85 18458
47.86 18467
47.87 18473
47.88 18477
47.89 18483
47.90 18488
47.91 18491
47.92 18492
47.93 18494
47.94 18499
47.95 18503
47.97 18506
47.98 18510
47.99 18516
48.00 18521
48.01 18527
48.02 18531
48.03 18536
48.04 18540
48.05 18544
48.06 18549
48.07 18551
48.08 18556
48.09 18561
48.10 18566
48.11 18568
48.12 18572
48.13 18576
48.14 18581
48.16 18587
48.17 18591
48.18 18597
48.19 18601
48.20 18606
48.21 18610
48.22 18614
48.23 18621
48.24 18626
48.25 18633
48.26 18636
48.27 18641
48.28 18647
48.29 18653
48.30 18660
48.31 18665
48.32 18672
48.34 18673
48.35 18677
48.36 18682
48.37 18689
48.38 18694
48.39 18699
48.40 18703
48.41 18707
48.42 18712
48.43 18720
48.44 18726
48.45 18730
48.46 18737
48.47 18746
48.48 18752
48.49 18756
48.50 18761
48.52 18766
48.53 18769
48.54 18775
48.55 18780
48.56 18786
48.57 18794
48.58 18801
48.59 18810
48.60 18814
48.61 18818
48.62 18818
48.63 18823
48.64 18827
48.65 18832
48.66 18832
48.67 18835
48.68 18837
48.70 18837
48.71 18838
48.72 18842
48.73 18844
48.74 18848
48.75 18852
48.76 18854
48.77 18857
48.78 18859
48.79 18860
48.80 18860
48.81 18861
48.82 18865
48.83 18865
48.84 18867
48.85 18870
48.86 18873
48.88 18877
48.89 18879
48.90 18880
48.91 18882
48.92 18884
48.93 18890
48.94 18896
48.95 18896
48.96 18899
48.97 18901
48.98 18901
48.99 18901
49.00 18904
49.01 18904
49.02 18905
49.03 18905
49.04 18905
49.05 18906
49.07 18907
49.08 18908
49.09 18909
49.10 18909
49.11 18909
49.12 18914
49.13 18915
49.14 18915
49.15 18916
49.16 18917
49.17 18918
49.18 18918
49.19 18918
49.20 18918
49.21 18919
49.22 18919
49.23 18919
49.25 18920
49.26 18921
49.27 18921
49.28 18921
49.29 18921
49.30 18921
49.31 18921
49.32 18928
49.33 18929
49.34 18929
49.35 18933
49.36 18933
49.37 18936
49.38 18937
49.39 18937
49.40 18940
49.41 18943
49.43 18943
49.44 18947
49.45 18949
49.46 18949
49.47 18951
49.48 18952
49.49 18952
49.50 18952
49.51 18955
49.52 18956
49.53 18956
49.54 18960
49.55 18961
49.56 18964
49.57 18964
49.58 18966
49.59 18968
49.61 18971
49.62 18971
49.63 18972
49.64 18976
49.65 18986
49.66 18987
49.67 18991
49.68 18993
49.69 18998
49.70 18998
49.71 19000
49.72 19005
49.73 19007
49.74 19009
49.75 19017
49.76 19024
49.77 19027
49.79 19028
49.80 19030
49.81 19035
49.82 19038
49.83 19040
49.84 19041
49.85 19041
49.86 19043
49.87 19046
49.88 19048
49.89 19050
49.90 19054
49.91 19057
49.92 19061
49.93 19062
49.94 19066
49.95 19072
49.96 19078
49.98 19080
49.99 19085
50.00 19088
50.01 19092
50.02 19097
50.03 19099
50.04 19102
50.05 19105
50.06 19109
50.07 19114
50.08 19119
50.09 19126
50.10 19130
50.11 19134
50.12 19138
50.13 19143
50.14 19150
50.16 19151
50.17 19157
50.18 19167
50.19 19171
50.20 19175
50.21 19178
50.22 19181
50.23 19185
50.24 19188
50.25 19191
50.26 19194
50.27 19197
50.28 19202
50.29 19207
50.30 19215
50.31 19219
50.32 19222
50.34 19225
50.35 19232
50.36 19237
50.37 19241
50.38 19246
50.39 19248
50.40 19251
50.41 19258
50.42 19261
50.43 19263
50.44 19269
50.45 19275
50.46 19281
50.47 19284
50.48 19289
50.49 19293
50.50 19296
50.52 19300
50.53 19304
50.54 19310
50.55 19317
50.56 19324
50.57 19333
50.58 19336
50.59 19340
50.60 19342
50.61 19347
50.62 19351
50.63 19357
50.64 19362
50.65 19366
50.66 19373
50.67 19377
50.68 19383
50.70 19388
50.71 19393
50.72 19398
50.73 19406
50.74 19411
50.75 19415
50.76 19418
50.77 19424
50.78 19429
50.79 19435
50.80 19440
50.81 19446
50.82 19451
50.83 19453
50.84 19458
50.85 19463
50.86 19465
50.87 19468
50.89 19472
50.90 19475
50.91 19480
50.92 19484
50.93 19488
50.94 19491
50.95 19493
50.96 19495
50.97 19505
50.98 19512
50.99 19516
51.00 19518
51.01 19523
51.02 19526
51.03 19533
51.04 19539
51.05 19542
51.07 19548
51.08 19550
51.09 19553
51.10 19556
51.11 19558
51.12 19562
51.13 19564
51.14 19568
51.15 19577
51.16 19583
51.17 19589
51.18 19595
51.19 19600
51.20 19608
51.21 19611
51.22 19614
51.23 19616
51.25 19621
51.26 19622
51.27 19624
51.28 19625
51.29 19629
51.30 19633
51.31 19641
51.32 19644
51.33 19648
51.34 19648
51.35 19652
51.36 19655
51.37 19656
51.38 19657
51.39 19660
51.40 19667
51.41 19671
51.43 19674
51.44 19678
51.45 19683
51.46 19685
51.47 19686
51.48 19690
51.49 19693
51.50 19696
51.51 19700
51.52 19702
51.53 19706
51.54 19711
51.55 19715
51.56 19716
51.57 19722
51.58 19726
51.59 19731
51.61 19735
51.62 19738
51.63 19742
51.64 19746
51.65 19749
51.66 19753
51.67 19755
51.68 19757
51.69 19762
51.70 19764
51.71 19766
51.72 19770
51.73 19774
51.74 19775
51.75 19780
51.76 19785
51.77 19789
51.78 19793
51.80 19795
51.81 19799
51.82 19803
51.83 19806
51.84 19810
51.85 19813
51.86 19817
51.87 19819
51.88 19823
51.89 19828
51.90 19834
51.91 19838
51.92 19841
51.93 19844
51.94 19851
51.95 19855
51.96 19858
51.98 19862
51.99 19868
52.00 19875
52.01 19883
52.02 19889
52.03 19892
52.04 19893
52.05 19895
52.06 19899
52.07 19901
52.08 19906
52.09 19911
52.10 19914
52.11 19919
52.12 19923
52.13 19930
52.14 19932
52.16 19934
52.17 19936
52.18 19939
52.19 19941
52.20 19946
52.21 19952
52.22 19953
52.23 19959
52.24 19961
52.25 19964
52.26 19967
52.27 19971
52.28 19972
52.29 19974
52.30 19976
52.31 19981
52.32 19982
52.34 19986
52.35 19988
52.36 19988
52.37 19990
52.38 19996
52.39 20000
52.40 20007
52.41 20015
52.42 20018
52.43 20024
52.44 20027
52.45 20032
52.46 20035
52.47 20038
52.48 20039
52.49 20041
52.50 20044
52.52 20047
52.53 20049
52.54 20051
52.55 20053
52.56 20057
52.57 20057
52.58 20061
52.59 20063
52.60 20067
52.61 20069
52.62 20070
52.63 20073
52.64 20078
52.65 20082
52.66 20088
52.67 20090
52.68 20094
52.69 20100
52.71 20104
52.72 20108
52.73 20114
52.74 20116
52.75 20116
52.76 20118
52.77 20122
52.78 20124
52.79 20126
52.80 20131
52.81 20133
52.82 20141
52.83 20145
52.84 20150
52.85 20154
52.86 20161
52.87 20168
52.89 20175
52.90 20181
52.91 20186
52.92 20192
52.93 20198
52.94 20202
52.95 20206
52.96 20212
52.97 20214
52.98 20217
52.99 20221
53.00 20226
53.01 20232
53.02 20235
53.03 20239
53.04 20243
53.05 20246
53.07 20248
53.08 20253
53.09 20257
53.10 20263
53.11 20267
53.12 20273
53.13 20280
53.14 20285
53.15 20288
53.16 20292
53.17 20294
53.18 20300
53.19 20304
53.20 20308
53.21 20315
53.22 20320
53.23 20323
53.25 20328
53.26 20334
53.27 20339
53.28 20341
53.29 20349
53.30 20351
53.31 20352
53.32 20357
53.33 20360
53.34 20363
53.35 20366
53.36 20366
53.37 20371
53.38 20373
53.39 20374
53.40 20374
53.41 20375
53.43 20375
53.44 20376
53.45 20384
53.46 20385
53.47 20388
53.48 20389
53.49 20390
53.50 20391
53.51 20398
53.52 20401
53.53 20402
53.54 20404
53.55 20408
53.56 20412
53.57 20414
53.58 20418
53.59 20422
53.60 20426
53.62 20431
53.63 20434
53.64 20435
53.65 20439
53.66 20442
53.67 20449
53.68 20454
53.69 20457
53.70 20463
53.71 20463
53.72 20468
53.73 20471
53.74 20476
53.75 20477
53.76 20482
53.77 20486
53.78 20493
53.80 20499
53.81 20502
53.82 20505
53.83 20510
53.84 20513
53.85 20519
53.86 20524
53.87 20527
53.88 20529
53.89 20530
53.90 20530
53.91 20532
53.92 20539
53.93 20541
53.94 20545
53.95 20547
53.96 20550
53.98 20553
53.99 20553
54.00 20554
54.01 20554
54.02 20555
54.03 20560
54.04 20560
54.05 20563
54.06 20564
54.07 20567
54.08 20569
54.09 20573
54.10 20576
54.11 20578
54.12 20578
54.13 20583
54.14 20584
54.16 20585
54.17 20586
54.18 20588
54.19 20589
54.20 20589
54.21 20590
54.22 20592
54.23 20592
54.24 20593
54.25 20595
54.26 20596
54.27 20597
54.28 20597
54.29 20598
54.30 20600
54.31 20605
54.32 20606
54.34 20606
54.35 20607
54.36 20607
54.37 20609
54.38 20615
54.39 20617
54.40 20617
54.41 20619
54.42 20623
54.43 20624
54.44 20624
54.45 20626
54.46 20626
54.47 20626
54.48 20626
54.49 20627
54.50 20627
54.51 20627
54.53 20627
54.54 20627
54.55 20627
54.56 20629
54.57 20629
54.58 20629
54.59 20633
54.60 20635
54.61 20635
54.62 20636
54.63 20636
54.64 20636
54.65 20636
54.66 20636
54.67 20636
54.68 20636
54.69 20636
54.71 20636
54.72 20636
54.73 20638
54.74 20638
54.75 20638
54.76 20642
54.77 20643
54.78 20643
54.79 20644
54.80 20644
54.81 20644
54.82 20644
54.83 20644
54.84 20644
54.85 20644
54.86 20644
54.87 20644
54.89 20644
54.90 20646
54.91 20646
54.92 20646
54.93 20650
54.94 20651
54.95 20651
54.96 20651
54.97 20651
54.98 20653
54.99 20653
55.00 20653
55.01 20653
55.02 20653
55.03 20653
55.04 20653
55.05 20654
55.07 20655
55.08 20655
55.09 20655
55.10 20655
55.11 20655
55.12 20657
55.13 20658
55.14 20658
55.15 20659
55.16 20659
55.17 20659
55.18 20659
55.19 20659
55.20 20659
55.21 20659
55.22 20659
55.23 20659
55.25 20659
55.26 20661
55.27 20661
55.28 20661
55.29 20665
55.30 20666
55.31 20666
55.32 20666
55.33 20667
55.34 20670
55.35 20671
55.36 20671
55.37 20674
55.38 20676
55.39 20677
55.40 20677
55.41 20680
55.42 20681
55.44 20681
55.45 20682
55.46 20682
55.47 20682
55.48 20685
55.49 20685
55.50 20685
55.51 20688
55.52 20688
55.53 20691
55.54 20691
55.55 20692
55.56 20692
55.57 20692
55.58 20693
55.59 20696
55.60 20696
55.62 20698
55.63 20699
55.64 20699
55.65 20701
55.66 20701
55.67 20701
55.68 20703
55.69 20703
55.70 20703
55.71 20703
55.72 20703
55.73 20704
55.74 20704
55.75 20704
55.76 20704
55.77 20704
55.78 20706
55.80 20706
55.81 20706
55.82 20709
55.83 20710
55.84 20710
55.85 20711
55.86 20711
55.87 20712
55.88 20712
55.89 20712
55.90 20712
55.91 20712
55.92 20712
55.93 20712
55.94 20712
55.95 20713
55.96 20713
55.98 20713
55.99 20717
56.00 20718
56.01 20718
56.02 20718
56.03 20718
56.04 20723
56.05 20723
56.06 20723
56.07 20723
56.08 20723
56.09 20723
56.10 20728
56.11 20735
56.12 20740
56.13 20745
56.14 20751
56.16 20757
56.17 20758
56.18 20758
56.19 20759
56.20 20759
56.21 20759
56.22 20764
56.23 20765
56.24 20765
56.25 20765
56.26 20765
56.27 20766
56.28 20766
56.29 20766
56.30 20766
56.31 20766
56.32 20766
56.33 20766
56.35 20766
56.36 20768
56.37 20768
56.38 20768
56.39 20771
56.40 20772
56.41 20772
56.42 20774
56.43 20775
56.44 20777
56.45 20777
56.46 20778
56.47 20778
56.48 20778
56.49 20778
56.50 20780
56.51 20781
56.53 20781
56.54 20782
56.55 20782
56.56 20782
56.57 20782
56.58 20785
56.59 20786
56.60 20786
56.61 20787
56.62 20788
56.63 20791
56.64 20791
56.65 20792
56.66 20795
56.67 20798
56.68 20798
56.69 20798
56.71 20800
56.72 20802
56.73 20802
56.74 20802
56.75 20802
56.76 20802
56.77 20802
56.78 20804
56.79 20805
56.80 20805
56.81 20805
56.82 20806
56.83 20809
56.84 20809
56.85 20809
56.86 20810
56.87 20810
56.89 20810
56.90 20810
56.91 20812
56.92 20812
56.93 20814
56.94 20814
56.95 20814
56.96 20814
56.97 20822
56.98 20823
56.99 20823
57.00 20824
57.01 20824
57.02 20826
57.03 20827
57.04 20827
57.05 20828
57.07 20828
57.08 20828
57.09 20828
57.10 20829
57.11 20829
57.12 20829
57.13 20829
57.14 20829
57.15 20829
57.16 20829
57.17 20832
57.18 20832
57.19 20832
57.20 20833
57.21 20833
57.22 20835
57.23 20836
57.24 20836
57.26 20836
57.27 20836
57.28 20836
57.29 20836
57.30 20838
57.31 20838
57.32 20838
57.33 20839
57.34 20839
57.35 20839
57.36 20841
57.37 20842
57.38 20842
57.39 20843
57.40 20843
57.41 20846
57.42 20847
57.44 20847
57.45 20847
57.46 20847
57.47 20847
57.48 20847
57.49 20847
57.50 20847
57.51 20847
57.52 20847
57.53 20847
57.54 20847
57.55 20847
57.56 20852
57.57 20854
57.58 20854
57.59 20857
57.60 20857
57.62 20861
57.63 20862
57.64 20862
57.65 20865
57.66 20867
57.67 20868
57.68 20868
57.69 20871
57.70 20874
57.71 20874
57.72 20874
57.73 20875
57.74 20875
57.75 20879
57.76 20880
57.77 20880
57.78 20880
57.80 20881
57.81 20882
57.82 20882
57.83 20882
57.84 20882
57.85 20882
57.86 20882
57.87 20882
57.88 20882
57.89 20883
57.90 20883
57.91 20883
57.92 20884
57.93 20887
57.94 20889
57.95 20889
57.96 20889
57.98 20889
57.99 20889
58.00 20889
58.01 20889
58.02 20889
58.03 20889
58.04 20889
58.05 20889
58.06 20889
58.07 20892
58.08 20892
58.09 20892
58.10 20897
58.11 20898
58.12 20898
58.13 20898
58.14 20898
58.15 20898
58.17 20898
58.18 20898
58.19 20898
58.20 20898
58.21 20898
58.22 20898
58.23 20898
58.24 20899
58.25 20899
58.26 20899
58.27 20903
58.28 20905
58.29 20906
58.30 20906
58.31 20906
58.32 20906
58.33 20906
58.35 20906
58.36 20906
58.37 20906
58.38 20906
58.39 20906
58.40 20906
58.41 20907
58.42 20910
58.43 20910
58.44 20910
58.45 20912
58.46 20913
58.47 20913
58.48 20917
58.49 20917
58.50 20920
58.51 20921
58.53 20921
58.54 20929
58.55 20929
58.56 20932
58.57 20932
58.58 20937
58.59 20944
58.60 20946
58.61 20946
58.62 20949
58.63 20951
58.64 20951
58.65 20953
58.66 20955
58.67 20956
58.68 20956
58.69 20956
58.71 20956
58.72 20957
58.73 20957
58.74 20957
58.75 20957
58.76 20957
58.77 20957
58.78 20957
58.79 20957
58.80 20957
58.81 20957
58.82 20958
58.83 20962
58.84 20963
58.85 20963
58.86 20964
58.87 20965
58.88 20968
58.90 20968
58.91 20969
58.92 20972
58.93 20973
58.94 20973
58.95 20976
58.96 20976
58.97 20977
58.98 20978
58.99 20978
59.00 20978
59.01 20982
59.02 20983
59.03 20983
59.04 20983
59.05 20983
59.06 20983
59.08 20983
59.09 20983
59.10 20983
59.11 20983
59.12 20983
59.13 20983
59.14 20983
59.15 20986
59.16 20986
59.17 20986
59.18 20990
59.19 20990
59.20 20990
59.21 20990
59.22 20990
59.23 20994
59.24 20995
59.26 20995
59.27 20996
59.28 20996
59.29 20996
59.30 20996
59.31 20997
59.32 20997
59.33 20997
59.34 20997
59.35 20997
59.36 20999
59.37 21002
59.38 21003
59.39 21003
59.40 21005
59.41 21006
59.42 21006
59.44 21006
59.45 21006
59.46 21006
59.47 21006
59.48 21006
59.49 21006
59.50 21006
59.51 21007
59.52 21007
59.53 21007
59.54 21010
59.55 21011
59.56 21011
59.57 21012
59.58 21012
59.59 21012
59.60 21012
59.62 21012
59.63 21012
59.64 21012
59.65 21012
59.66 21012
59.67 21012
59.68 21013
59.69 21013
59.70 21013
59.71 21017
59.72 21018
59.73 21018
59.74 21018
59.75 21019
59.76 21019
59.77 21019
59.78 21019
59.79 21019
59.81 21019
59.82 21019
59.83 21019
59.84 21019
59.85 21019
59.86 21019
59.87 21019
59.88 21020
59.89 21024
59.90 21024
59.91 21024
59.92 21025
59.93 21025
59.94 21025
59.95 21025
59.96 21025
59.97 21025
59.99 21025
60.00 21025
60.01 21025
60.02 21025
60.03 21027
60.04 21027
60.05 21027
60.06 21031
60.07 21032
60.08 21032
60.09 21032
60.10 21032
60.11 21037
60.12 21037
60.13 21037
60.14 21041
60.15 21043
60.17 21043
60.18 21046
60.19 21047
60.20 21047
60.21 21048
60.22 21048
60.23 21048
60.24 21054
60.25 21056
60.26 21057
60.27 21057
60.28 21060
60.29 21062
60.30 21064
60.31 21064
60.32 21068
60.33 21069
60.35 21071
60.36 21071
60.37 21073
60.38 21073
60.39 21073
60.40 21073
60.41 21073
60.42 21073
60.43 21085
60.44 21090
60.45 21091
60.46 21091
60.47 21094
60.48 21095
60.49 21098
60.50 21098
60.51 21098
60.53 21101
60.54 21103
60.55 21103
60.56 21103
60.57 21105
60.58 21105
60.59 21108
60.60 21108
60.61 21108
60.62 21111
60.63 21111
60.64 21111
60.65 21112
60.66 21112
60.67 21115
60.68 21116
60.69 21116
60.70 21121
60.72 21121
60.73 21124
60.74 21124
60.75 21125
60.76 21127
60.77 21127
60.78 21127
60.79 21127
60.80 21127
60.81 21131
60.82 21131
60.83 21131
60.84 21132
60.85 21132
60.86 21134
60.87 21135
60.88 21135
60.90 21135
60.91 21135
60.92 21135
60.93 21136
60.94 21137
60.95 21138
60.96 21138
60.97 21138
60.98 21138
60.99 21138
61.00 21143
61.01 21143
61.02 21143
61.03 21143
61.04 21144
61.05 21145
61.06 21145
61.08 21145
61.09 21145
61.10 21145
61.11 21145
61.12 21145
61.13 21145
61.14 21145
61.15 21146
61.16 21146
61.17 21146
61.18 21150
61.19 21150
61.20 21151
61.21 21154
61.22 21155
61.23 21158
61.24 21158
61.26 21161
61.27 21163
61.28 21166
61.29 21166
61.30 21167
61.31 21167
61.32 21168
61.33 21168
61.34 21168
61.35 21169
61.36 21173
61.37 21174
61.38 21174
61.39 21175
61.40 21175
61.41 21179
61.42 21179
61.44 21180
61.45 21183
61.46 21184
61.47 21184
61.48 21185
61.49 21185
61.50 21186
61.51 21188
61.52 21188
61.53 21188
61.54 21191
61.55 21192
61.56 21192
61.57 21195
61.58 21195
61.59 21199
61.60 21199
61.61 21199
61.63 21202
61.64 21205
61.65 21205
61.66 21205
61.67 21209
61.68 21217
61.69 21223
61.70 21224
61.71 21224
61.72 21227
61.73 21227
61.74 21227
61.75 21230
61.76 21231
61.77 21231
61.78 21232
61.79 21232
61.81 21232
61.82 21232
61.83 21232
61.84 21232
61.85 21232
61.86 21232
61.87 21232
61.88 21232
61.89 21233
61.90 21233
61.91 21233
61.92 21237
61.93 21237
61.94 21238
61.95 21238
61.96 21238
61.97 21239
61.99 21239
62.00 21239
62.01 21239
62.02 21239
62.03 21239
62.04 21239
62.05 21239
62.06 21239
62.07 21239
62.08 21239
62.09 21239
62.10 21243
62.11 21243
62.12 21243
62.13 21244
62.14 21244
62.15 21244
62.17 21244
62.18 21244
62.19 21244
62.20 21244
62.21 21244
62.22 21244
62.23 21244
62.24 21245
62.25 21245
62.26 21245
62.27 21248
62.28 21249
62.29 21249
62.30 21252
62.31 21252
62.32 21257
62.33 21257
62.35 21257
62.36 21260
62.37 21262
62.38 21262
62.39 21262
62.40 21265
62.41 21265
62.42 21265
62.43 21267
62.44 21267
62.45 21267
62.46 21267
62.47 21272
62.48 21272
62.49 21272
62.50 21272
62.51 21272
62.52 21272
62.54 21272
62.55 21272
62.56 21272
62.57 21272
62.58 21272
62.59 21272
62.60 21272
62.61 21273
62.62 21274
62.63 21274
62.64 21276
62.65 21277
62.66 21278
62.67 21278
62.68 21278
62.69 21278
62.70 21278
62.72 21278
62.73 21278
62.74 21278
62.75 21278
62.76 21278
62.77 21278
62.78 21278
62.79 21280
62.80 21280
62.81 21280
62.82 21282
62.83 21283
62.84 21283
62.85 21284
62.86 21285
62.87 21285
62.88 21285
62.90 21287
62.91 21290
62.92 21292
62.93 21292
62.94 21294
62.95 21294
62.96 21295
62.97 21298
62.98 21298
62.99 21298
63.00 21299
63.01 21299
63.02 21299
63.03 21300
63.04 21300
63.05 21304
63.06 21304
63.08 21304
63.09 21305
63.10 21305
63.11 21305
63.12 21306
63.13 21307
63.14 21307
63.15 21307
63.16 21309
63.17 21309
63.18 21310
63.19 21310
63.20 21311
63.21 21311
63.22 21313
63.23 21313
63.24 21313
63.26 21313
63.27 21313
63.28 21313
63.29 21314
63.30 21314
63.31 21314
63.32 21314
63.33 21314
63.34 21314
63.35 21314
63.36 21314
63.37 21315
63.38 21316
63.39 21316
63.40 21316
63.41 21316
63.42 21318
63.43 21318
63.45 21318
63.46 21318
63.47 21318
63.48 21318
63.49 21318
63.50 21319
63.51 21319
63.52 21319
63.53 21319
63.54 21319
63.55 21319
63.56 21322
63.57 21323
63.58 21324
63.59 21324
63.60 21324
63.61 21326
63.63 21329
63.64 21329
63.65 21333
63.66 21336
63.67 21336
63.68 21343
63.69 21348
63.70 21356
63.71 21359
63.72 21359
63.73 21360
63.74 21360
63.75 21360
63.76 21360
63.77 21363
63.78 21364
63.79 21364
63.81 21364
63.82 21365
63.83 21368
63.84 21368
63.85 21369
63.86 21371
63.87 21372
63.88 21372
63.89 21373
63.90 21376
63.91 21376
63.92 21377
63.93 21377
63.94 21377
63.95 21381
63.96 21381
63.97 21381
63.99 21381
64.00 21381
64.01 21383
64.02 21384
64.03 21384
64.04 21385
64.05 21385
64.06 21385
64.07 21385
64.08 21385
64.09 21385
64.10 21385
64.11 21389
64.12 21389
64.13 21389
64.14 21390
64.15 21391
64.17 21391
64.18 21395
64.19 21395
64.20 21399
64.21 21399
64.22 21400
64.23 21403
64.24 21406
64.25 21406
64.26 21406
64.27 21411
64.28 21419
64.29 21428
64.30 21431
64.31 21431
64.32 21439
64.33 21444
64.34 21446
64.36 21448
64.37 21451
64.38 21454
64.39 21458
64.40 21462
64.41 21466
64.42 21468
64.43 21473
64.44 21478
64.45 21482
64.46 21488
64.47 21495
64.48 21500
64.49 21505
64.50 21506
64.51 21511
64.52 21517
64.54 21523
64.55 21525
64.56 21528
64.57 21529
64.58 21530
64.59 21532
64.60 21532
64.61 21534
64.62 21536
64.63 21539
64.64 21541
64.65 21543
64.66 21543
64.67 21544
64.68 21545
64.69 21545
64.70 21548
64.72 21549
64.73 21549
64.74 21554
64.75 21556
64.76 21560
64.77 21565
64.78 21570
64.79 21575
64.80 21577
64.81 21581
64.82 21585
64.83 21590
64.84 21593
64.85 21595
64.86 21599
64.87 21605
64.88 21608
64.90 21612
64.91 21617
64.92 21623
64.93 21629
64.94 21633
64.95 21635
64.96 21640
64.97 21643
64.98 21650
64.99 21652
65.00 21658
65.01 21662
65.02 21668
65.03 21674
65.04 21678
65.05 21683
65.06 21688
65.08 21691
65.09 21696
65.10 21699
65.11 21703
65.12 21706
65.13 21710
65.14 21713
65.15 21716
65.16 21720
65.17 21721
65.18 21726
65.19 21732
65.20 21737
65.21 21742
65.22 21748
65.23 21752
65.24 21758
65.25 21764
65.27 21767
65.28 21772
65.29 21777
65.30 21782
65.31 21788
65.32 21794
65.33 21798
65.34 21803
65.35 21808
65.36 21812
65.37 21815
65.38 21818
65.39 21823
65.40 21824
65.41 21824
65.42 21824
65.43 21824
65.45 21827
65.46 21827
65.47 21831
65.48 21833
65.49 21833
65.50 21833
65.51 21834
65.52 21840
65.53 21843
65.54 21843
65.55 21846
65.56 21846
65.57 21847
65.58 21849
65.59 21849
65.60 21849
65.61 21849
65.63 21852
65.64 21852
65.65 21852
65.66 21854
65.67 21856
65.68 21859
65.69 21864
65.70 21872
65.71 21879
65.72 21884
65.73 21887
65.74 21890
65.75 21893
65.76 21900
65.77 21905
65.78 21911
65.79 21916
65.81 21919
65.82 21925
65.83 21929
65.84 21932
65.85 21934
65.86 21937
65.87 21937
65.88 21940
65.89 21940
65.90 21943
65.91 21945
65.92 21948
65.93 21953
65.94 21960
65.95 21961
65.96 21965
65.97 21968
65.99 21971
66.00 21977
66.01 21982
66.02 21986
66.03 21993
66.04 22001
66.05 22007
66.06 22010
66.07 22011
66.08 22011
66.09 22011
66.10 22014
66.11 22019
66.12 22026
66.13 22030
66.14 22032
66.15 22038
66.16 22043
66.18 22049
66.19 22054
66.20 22058
66.21 22063
66.22 22069
66.23 22070
66.24 22073
66.25 22077
66.26 22079
66.27 22082
66.28 22083
66.29 22090
66.30 22094
66.31 22098
66.32 22104
66.33 22107
66.34 22109
66.36 22110
66.37 22111
66.38 22116
66.39 22120
66.40 22123
66.41 22127
66.42 22131
66.43 22136
66.44 22140
66.45 22142
66.46 22145
66.47 22147
66.48 22152
66.49 22159
66.50 22166
66.51 22170
66.52 22177
66.54 22180
66.55 22186
66.56 22194
66.57 22199
66.58 22202
66.59 22208
66.60 22211
66.61 22215
66.62 22217
66.63 22225
66.64 22228
66.65 22231
66.66 22235
66.67 22238
66.68 22239
66.69 22242
66.70 22246
66.72 22249
66.73 22258
66.74 22264
66.75 22268
66.76 22274
66.77 22281
66.78 22286
66.79 22289
66.80 22293
66.81 22300
66.82 22308
66.83 22313
66.84 22318
66.85 22325
66.86 22332
66.87 22336
66.88 22340
66.90 22346
66.91 22350
66.92 22354
66.93 22358
66.94 22360
66.95 22365
66.96 22370
66.97 22375
66.98 22380
66.99 22383
67.00 22386
67.01 22388
67.02 22393
67.03 22397
67.04 22401
67.05 22403
67.06 22406
67.07 22410
67.09 22413
67.10 22415
67.11 22422
67.12 22426
67.13 22429
67.14 22430
67.15 22435
67.16 22438
67.17 22442
67.18 22446
67.19 22453
67.20 22459
67.21 22464
67.22 22465
67.23 22473
67.24 22480
67.25 22485
67.27 22491
67.28 22494
67.29 22497
67.30 22500
67.31 22503
67.32 22506
67.33 22509
67.34 22511
67.35 22514
67.36 22519
67.37 22522
67.38 22524
67.39 22528
67.40 22533
67.41 22537
67.42 22537
67.43 22543
67.45 22550
67.46 22554
67.47 22556
67.48 22563
67.49 22566
67.50 22569
67.51 22571
67.52 22573
67.53 22578
67.54 22584
67.55 22590
67.56 22592
67.57 22600
67.58 22602
67.59 22604
67.60 22610
67.61 22612
67.63 22615
67.64 22621
67.65 22629
67.66 22634
67.67 22637
67.68 22640
67.69 22647
67.70 22652
67.71 22657
67.72 22662
67.73 22666
67.74 22670
67.75 22673
67.76 22677
67.77 22678
67.78 22681
67.79 22682
67.81 22685
67.82 22690
67.83 22695
67.84 22701
67.85 22704
67.86 22708
67.87 22711
67.88 22712
67.89 22719
67.90 22723
67.91 22728
67.92 22732
67.93 22736
67.94 22742
67.95 22747
67.96 22748
67.97 22751
67.98 22756
68.00 22762
68.01 22765
68.02 22769
68.03 22773
68.04 22778
68.05 22785
68.06 22793
68.07 22798
68.08 22803
68.09 22809
68.10 22812
68.11 22818
68.12 22822
68.13 22826
68.14 22833
68.15 22834
68.16 22837
68.18 22839
68.19 22843
68.20 22846
68.21 22848
68.22 22853
68.23 22857
68.24 22859
68.25 22863
68.26 22867
68.27 22873
68.28 22876
68.29 22881
68.30 22883
68.31 22884
68.32 22889
68.33 22894
68.34 22895
68.36 22896
68.37 22899
68.38 22901
68.39 22909
68.40 22914
68.41 22920
68.42 22925
68.43 22930
68.44 22932
68.45 22934
68.46 22939
68.47 22945
68.48 22948
68.49 22951
68.50 22956
68.51 22959
68.52 22962
68.54 22966
68.55 22969
68.56 22971
68.57 22975
68.58 22979
68.59 22983
68.60 22988
68.61 22992
68.62 22996
68.63 22999
68.64 23003
68.65 23010
68.66 23015
68.67 23020
68.68 23023
68.69 23028
68.70 23030
68.72 23031
68.73 23036
68.74 23039
68.75 23043
68.76 23047
68.77 23052
68.78 23060
68.79 23064
68.80 23068
68.81 23072
68.82 23079
68.83 23081
68.84 23083
68.85 23088
68.86 23094
68.87 23097
68.88 23100
68.89 23102
68.91 23103
68.92 23107
68.93 23108
68.94 23109
68.95 23118
68.96 23122
68.97 23125
68.98 23130
68.99 23135
69.00 23139
69.01 23145
69.02 23146
69.03 23150
69.04 23152
69.05 23153
69.06 23153
69.07 23153
69.09 23154
69.10 23155
69.11 23155
69.12 23156
69.13 23157
69.14 23158
69.15 23158
69.16 23160
69.17 23161
69.18 23161
69.19 23162
69.20 23162
69.21 23163
69.22 23165
69.23 23168
69.24 23171
69.25 23173
69.27 23174
69.28 23177
69.29 23180
69.30 23183
69.31 23184
69.32 23184
69.33 23186
69.34 23188
69.35 23189
69.36 23189
69.37 23189
69.38 23192
69.39 23193
69.40 23193
69.41 23194
69.42 23194
69.43 23194
69.45 23194
69.46 23196
69.47 23196
69.48 23196
69.49 23196
69.50 23196
69.51 23196
69.52 23197
69.53 23197
69.54 23197
69.55 23200
69.56 23200
69.57 23200
69.58 23202
69.59 23202
69.60 23203
69.61 23204
69.63 23204
69.64 23204
69.65 23204
69.66 23204
69.67 23204
69.68 23205
69.69 23206
69.70 23206
69.71 23206
69.72 23206
69.73 23206
69.74 23209
69.75 23209
69.76 23209
69.77 23210
69.78 23210
69.79 23211
69.80 23212
69.82 23212
69.83 23213
69.84 23213
69.85 23213
69.86 23213
69.87 23213
69.88 23213
69.89 23213
69.90 23214
69.91 23214
69.92 23214
69.93 23217
69.94 23222
69.95 23223
69.96 23223
69.97 23223
69.98 23224
70.00 23225
70.01 23225
70.02 23225
70.03 23225
70.04 23225
70.05 23225
70.06 23225
70.07 23229
70.08 23229
70.09 23229
70.10 23229
70.11 23229
70.12 23229
70.13 23234
70.14 23234
70.15 23234
70.16 23235
70.18 23235
70.19 23237
70.20 23238
70.21 23238
70.22 23239
70.23 23239
70.24 23239
70.25 23241
70.26 23241
70.27 23241
70.28 23243
70.29 23243
70.30 23243
70.31 23247
70.32 23249
70.33 23249
70.34 23249
70.36 23249
70.37 23250
70.38 23250
70.39 23250
70.40 23250
70.41 23250
70.42 23250
70.43 23250
70.44 23250
70.45 23252
70.46 23253
70.47 23253
70.48 23256
70.49 23257
70.50 23257
70.51 23257
70.52 23257
70.54 23260
70.55 23261
70.56 23261
70.57 23266
70.58 23267
70.59 23268
70.60 23268
70.61 23269
70.62 23270
70.63 23270
70.64 23271
70.65 23273
70.66 23274
70.67 23274
70.68 23277
70.69 23277
70.70 23279
70.71 23279
70.73 23279
70.74 23286
70.75 23286
70.76 23289
70.77 23289
70.78 23294
70.79 23294
70.80 23298
70.81 23301
70.82 23304
70.83 23313
70.84 23321
70.85 23325
70.86 23330
70.87 23333
70.88 23334
70.89 23336
70.91 23337
70.92 23339
70.93 23343
70.94 23344
70.95 23345
70.96 23348
70.97 23349
70.98 23354
70.99 23356
71.00 23359
71.01 23364
71.02 23372
71.03 23378
71.04 23381
71.05 23383
71.06 23386
71.07 23389
71.09 23391
71.10 23393
71.11 23396
71.12 23397
71.13 23400
71.14 23403
71.15 23404
71.16 23405
71.17 23410
71.18 23412
71.19 23413
71.20 23416
71.21 23422
71.22 23425
71.23 23428
71.24 23432
71.25 23437
71.27 23438
71.28 23442
71.29 23447
71.30 23448
71.31 23450
71.32 23452
71.33 23455
71.34 23458
71.35 23462
71.36 23466
71.37 23468
71.38 23473
71.39 23474
71.40 23476
71.41 23479
71.42 23482
71.43 23482
71.45 23484
71.46 23487
71.47 23492
71.48 23494
71.49 23495
71.50 23498
71.51 23501
71.52 23503
71.53 23504
71.54 23507
71.55 23509
71.56 23511
71.57 23514
71.58 23517
71.59 23520
71.60 23527
71.61 23531
71.62 23533
71.64 23538
71.65 23539
71.66 23542
71.67 23544
71.68 23546
71.69 23551
71.70 23552
71.71 23555
71.72 23559
71.73 23564
71.74 23569
71.75 23572
71.76 23575
71.77 23576
71.78 23580
71.79 23583
71.80 23586
71.82 23588
71.83 23595
71.84 23602
71.85 23606
71.86 23613
71.87 23616
71.88 23619
71.89 23620
71.90 23620
71.91 23629
71.92 23633
71.93 23638
71.94 23640
71.95 23644
71.96 23652
71.97 23660
71.98 23662
72.00 23664
72.01 23667
72.02 23674
72.03 23674
72.04 23675
72.05 23678
72.06 23680
72.07 23680
72.08 23683
72.09 23685
72.10 23687
72.11 23688
72.12 23689
72.13 23690
72.14 23697
72.15 23697
72.16 23699
72.18 23701
72.19 23709
72.20 23709
72.21 23709
72.22 23711
72.23 23713
72.24 23718
72.25 23723
72.26 23724
72.27 23726
72.28 23729
72.29 23730
72.30 23733
72.31 23734
72.32 23737
72.33 23738
72.34 23742
72.36 23746
72.37 23751
72.38 23754
72.39 23757
72.40 23763
72.41 23765
72.42 23767
72.43 23770
72.44 23774
72.45 23777
72.46 23782
72.47 23785
72.48 23792
72.49 23797
72.50 23802
72.51 23806
72.52 23812
72.53 23817
72.55 23820
72.56 23824
72.57 23827
72.58 23830
72.59 23833
72.60 23837
72.61 23842
72.62 23848
72.63 23852
72.64 23855
72.65 23856
72.66 23858
72.67 23859
72.68 23861
72.69 23864
72.70 23866
72.71 23867
72.73 23870
72.74 23876
72.75 23883
72.76 23889
72.77 23895
72.78 23897
72.79 23901
72.80 23902
72.81 23905
72.82 23909
72.83 23910
72.84 23913
72.85 23917
72.86 23919
72.87 23923
72.88 23928
72.89 23931
72.91 23935
72.92 23937
72.93 23938
72.94 23942
72.95 23943
72.96 23947
72.97 23951
72.98 23953
72.99 23957
73.00 23960
73.01 23960
73.02 23966
73.03 23969
73.04 23975
73.05 23977
73.06 23979
73.07 23982
73.09 23983
73.10 23983
73.11 23988
73.12 23990
73.13 23996
73.14 24000
73.15 24004
73.16 24009
73.17 24012
73.18 24016
73.19 24018
73.20 24024
73.21 24027
73.22 24031
73.23 24036
73.24 24043
73.25 24046
73.26 24051
73.28 24056
73.29 24062
73.30 24069
73.31 24075
73.32 24082
73.33 24089
73.34 24091
73.35 24094
73.36 24096
73.37 24096
73.38 24101
73.39 24103
73.40 24108
73.41 24109
73.42 24111
73.43 24115
73.44 24117
73.46 24119
73.47 24121
73.48 24124
73.49 24128
73.50 24129
73.51 24133
73.52 24137
73.53 24141
73.54 24145
73.55 24147
73.56 24151
73.57 24155
73.58 24158
73.59 24165
73.60 24170
73.61 24173
73.62 24181
73.64 24188
73.65 24192
73.66 24195
73.67 24199
73.68 24204
73.69 24207
73.70 24208
73.71 24213
73.72 24217
73.73 24221
73.74 24224
73.75 24228
73.76 24234
73.77 24238
73.78 24240
73.79 24244
73.80 24250
73.82 24255
73.83 24258
73.84 24262
73.85 24267
73.86 24270
73.87 24273
73.88 24273
73.89 24276
73.90 24280
73.91 24284
73.92 24287
73.93 24294
73.94 24296
73.95 24301
73.96 24304
73.97 24308
73.98 24312
74.00 24315
74.01 24316
74.02 24321
74.03 24325
74.04 24327
74.05 24330
74.06 24334
74.07 24338
74.08 24341
74.09 24343
74.10 24347
74.11 24351
74.12 24356
74.13 24361
74.14 24366
74.15 24370
74.16 24374
74.17 24377
74.19 24381
74.20 24384
74.21 24386
74.22 24390
74.23 24396
74.24 24401
74.25 24404
74.26 24408
74.27 24411
74.28 24415
74.29 24419
74.30 24425
74.31 24429
74.32 24433
74.33 24440
74.34 24444
74.35 24449
74.37 24453
74.38 24458
74.39 24461
74.40 24465
74.41 24469
74.42 24474
74.43 24481
74.44 24484
74.45 24488
74.46 24490
74.47 24493
74.48 24497
74.49 24503
74.50 24507
74.51 24509
74.52 24511
74.53 24514
74.55 24515
74.56 24515
74.57 24525
74.58 24530
74.59 24530
74.60 24532
74.61 24535
74.62 24538
74.63 24541
74.64 24542
74.65 24544
74.66 24550
74.67 24554
74.68 24554
74.69 24558
74.70 24562
74.71 24565
74.73 24568
74.74 24571
74.75 24577
74.76 24583
74.77 24586
74.78 24588
74.79 24590
74.80 24594
74.81 24596
74.82 24601
74.83 24605
74.84 24608
74.85 24610
74.86 24613
74.87 24619
74.88 24626
74.89 24633
74.91 24638
74.92 24645
74.93 24647
74.94 24653
74.95 24653
74.96 24658
74.97 24663
74.98 24667
74.99 24672
75.00 24677
75.01 24680
75.02 24684
75.03 24688
75.04 24689
75.05 24692
75.06 24696
75.07 24699
75.08 24701
75.10 24705
75.11 24709
75.12 24714
75.13 24718
75.14 24721
75.15 24724
75.16 24728
75.17 24733
75.18 24738
75.19 24743
75.20 24746
75.21 24750
75.22 24755
75.23 24759
75.24 24761
75.25 24764
75.26 24769
75.28 24771
75.29 24776
75.30 24779
75.31 24784
75.32 24788
75.33 24790
75.34 24796
75.35 24800
75.36 24802
75.37 24807
75.38 24809
75.39 24814
75.40 24817
75.41 24821
75.42 24824
75.43 24827
75.44 24832
75.46 24835
75.47 24839
75.48 24841
75.49 24846
75.50 24847
75.51 24852
75.52 24857
75.53 24861
75.54 24863
75.55 24867
75.56 24870
75.57 24874
75.58 24879
75.59 24880
75.60 24884
75.61 24887
75.62 24888
75.64 24892
75.65 24895
75.66 24895
75.67 24898
75.68 24902
75.69 24907
75.70 24913
75.71 24914
75.72 24919
75.73 24920
75.74 24923
75.75 24928
75.76 24930
75.77 24933
75.78 24937
75.79 24938
75.80 24940
75.82 24944
75.83 24944
75.84 24944
75.85 24944
75.86 24948
75.87 24948
75.88 24948
75.89 24951
75.90 24951
75.91 24951
75.92 24951
75.93 24954
75.94 24954
75.95 24955
75.96 24956
75.97 24957
75.98 24957
75.99 24957
76.01 24960
76.02 24960
76.03 24960
76.04 24960
76.05 24963
76.06 24963
76.07 24963
76.08 24965
76.09 24966
76.10 24966
76.11 24966
76.12 24969
76.13 24969
76.14 24969
76.15 24969
76.16 24972
76.17 24972
76.19 24972
76.20 24973
76.21 24975
76.22 24975
76.23 24975
76.24 24978
76.25 24978
76.26 24978
76.27 24978
76.28 24981
76.29 24981
76.30 24981
76.31 24981
76.32 24984
76.33 24984
76.34 24984
76.35 24984
76.37 24987
76.38 24987
76.39 24987
76.40 24989
76.41 24990
76.42 24990
76.43 24990
76.44 24992
76.45 24992
76.46 24992
76.47 24992
76.48 24995
76.49 24995
76.50 24995
76.51 24995
76.52 24998
76.53 24998
76.55 24998
76.56 25000
76.57 25001
76.58 25003
76.59 25006
76.60 25006
76.61 25007
76.62 25015
76.63 25017
76.64 25021
76.65 25024
76.66 25028
76.67 25033
76.68 25037
76.69 25040
76.70 25046
76.71 25050
76.73 25055
76.74 25062
76.75 25065
76.76 25070
76.77 25074
76.78 25078
76.79 25081
76.80 25085
76.81 25088
76.82 25091
76.83 25097
76.84 25101
76.85 25105
76.86 25112
76.87 25115
76.88 25118
76.89 25119
76.90 25124
76.92 25128
76.93 25132
76.94 25139
76.95 25147
76.96 25150
76.97 25154
76.98 25158
76.99 25159
77.00 25161
77.01 25162
77.02 25163
77.03 25165
77.04 25167
77.05 25167
77.06 25168
77.07 25173
77.08 25174
77.10 25175
77.11 25177
77.12 25181
77.13 25185
77.14 25186
77.15 25190
77.16 25192
77.17 25194
77.18 25196
77.19 25199
77.20 25204
77.21 25208
77.22 25212
77.23 25214
77.24 25216
77.25 25217
77.26 25218
77.28 25224
77.29 25228
77.30 25231
77.31 25235
77.32 25236
77.33 25239
77.34 25243
77.35 25247
77.36 25249
77.37 25250
77.38 25251
77.39 25252
77.40 25254
77.41 25254
77.42 25257
77.43 25257
77.44 25259
77.46 25259
77.47 25261
77.48 25261
77.49 25262
77.50 25263
77.51 25263
77.52 25266
77.53 25268
77.54 25269
77.55 25271
77.56 25274
77.57 25278
77.58 25283
77.59 25284
77.60 25286
77.61 25289
77.62 25292
77.64 25299
77.65 25304
77.66 25307
77.67 25310
77.68 25311
77.69 25312
77.70 25315
77.71 25317
77.72 25321
77.73 25324
77.74 25326
77.75 25327
77.76 25331
77.77 25335
77.78 25337
77.79 25338
77.80 25343
77.81 25346
77.83 25346
77.84 25348
77.85 25348
77.86 25350
77.87 25353
77.88 25359
77.89 25361
77.90 25364
77.91 25367
77.92 25368
77.93 25372
77.94 25375
77.95 25377
77.96 25379
77.97 25382
77.98 25384
77.99 25387
78.01 25389
78.02 25390
78.03 25393
78.04 25395
78.05 25397
78.06 25399
78.07 25403
78.08 25405
78.09 25406
78.10 25410
78.11 25411
78.12 25416
78.13 25417
78.14 25418
78.15 25423
78.16 25425
78.17 25429
78.19 25431
78.20 25432
78.21 25435
78.22 25435
78.23 25437
78.24 25437
78.25 25439
78.26 25441
78.27 25443
78.28 25446
78.29 25447
78.30 25448
78.31 25449
78.32 25451
78.33 25455
78.34 25460
78.35 25464
78.37 25469
78.38 25474
78.39 25476
78.40 25482
78.41 25486
78.42 25489
78.43 25491
78.44 25492
78.45 25496
78.46 25497
78.47 25501
78.48 25505
78.49 25508
78.50 25514
78.51 25517
78.52 25520
78.53 25527
78.55 25530
78.56 25535
78.57 25539
78.58 25543
78.59 25547
78.60 25552
78.61 25555
78.62 25562
78.63 25565
78.64 25569
78.65 25575
78.66 25581
78.67 25585
78.68 25588
78.69 25597
78.70 25604
78.71 25606
78.72 25611
78.74 25613
78.75 25617
78.76 25618
78.77 25623
78.78 25626
78.79 25632
78.80 25635
78.81 25639
78.82 25642
78.83 25644
78.84 25646
78.85 25646
78.86 25653
78.87 25656
78.88 25660
78.89 25663
78.90 25667
78.92 25670
78.93 25676
78.94 25681
78.95 25686
78.96 25688
78.97 25691
78.98 25698
78.99 25700
79.00 25705
79.01 25706
79.02 25708
79.03 25711
79.04 25713
79.05 25716
79.06 25718
79.07 25721
79.08 25726
79.10 25728
79.11 25731
79.12 25735
79.13 25736
79.14 25737
79.15 25740
79.16 25743
79.17 25747
79.18 25750
79.19 25756
79.20 25759
79.21 25761
79.22 25763
79.23 25768
79.24 25774
79.25 25777
79.26 25780
79.28 25784
79.29 25793
79.30 25798
79.31 25801
79.32 25802
79.33 25808
79.34 25811
79.35 25817
79.36 25819
79.37 25824
79.38 25831
79.39 25834
79.40 25839
79.41 25844
79.42 25847
79.43 25852
79.44 25857
79.46 25863
79.47 25867
79.48 25872
79.49 25878
79.50 25880
79.51 25886
79.52 25889
79.53 25891
79.54 25894
79.55 25898
79.56 25900
79.57 25903
79.58 25905
79.59 25906
79.60 25907
79.61 25909
79.62 25910
79.63 25910
79.65 25912
79.66 25912
79.67 25917
79.68 25918
79.69 25918
79.70 25920
79.71 25921
79.72 25923
79.73 25923
79.74 25928
79.75 25932
79.76 25933
79.77 25934
79.78 25935
79.79 25935
79.80 25936
79.81 25937
79.83 25939
79.84 25940
79.85 25943
79.86 25944
79.87 25946
79.88 25946
79.89 25949
79.90 25952
79.91 25959
79.92 25961
79.93 25961
79.94 25962
79.95 25965
79.96 25965
79.97 25966
79.98 25966
79.99 25968
80.01 25972
80.02 25972
80.03 25974
80.04 25976
80.05 25978
80.06 25980
80.07 25981
80.08 25982
80.09 25982
80.10 25983
80.11 25983
80.12 25985
80.13 25985
80.14 25986
80.15 25986
80.16 25986
80.17 25986
80.19 25988
80.20 25989
80.21 25992
80.22 25994
80.23 25995
80.24 25998
80.25 25999
80.26 25999
80.27 25999
80.28 25999
80.29 26002
80.30 26006
80.31 26007
80.32 26007
80.33 26010
80.34 26011
80.35 26011
80.37 26011
80.38 26013
80.39 26013
80.40 26013
80.41 26013
80.42 26013
80.43 26013
80.44 26013
80.45 26013
80.46 26013
80.47 26015
80.48 26015
80.49 26015
80.50 26017
80.51 26018
80.52 26018
80.53 26021
80.54 26021
80.56 26024
80.57 26024
80.58 26024
80.59 26030
80.60 26030
80.61 26032
80.62 26033
80.63 26034
80.64 26038
80.65 26040
80.66 26042
80.67 26044
80.68 26045
80.69 26050
80.70 26053
80.71 26055
80.72 26061
80.74 26068
80.75 26071
80.76 26079
80.77 26084
80.78 26088
80.79 26094
80.80 26098
80.81 26105
80.82 26111
80.83 26114
80.84 26118
80.85 26122
80.86 26128
80.87 26132
80.88 26136
80.89 26139
80.90 26143
80.92 26144
80.93 26148
80.94 26152
80.95 26157
80.96 26162
80.97 26166
80.98 26169
80.99 26172
81.00 26176
81.01 26179
81.02 26182
81.03 26185
81.04 26187
81.05 26190
81.06 26192
81.07 26197
81.08 26203
81.10 26205
81.11 26209
81.12 26211
81.13 26214
81.14 26218
81.15 26224
81.16 26231
81.17 26237
81.18 26241
81.19 26248
81.20 26253
81.21 26261
81.22 26266
81.23 26272
81.24 26275
81.25 26281
81.26 26288
81.28 26292
81.29 26301
81.30 26305
81.31 26309
81.32 26312
81.33 26316
81.34 26321
81.35 26325
81.36 26329
81.37 26334
81.38 26338
81.39 26340
81.40 26345
81.41 26349
81.42 26355
81.43 26362
81.44 26366
81.45 26370
81.47 26372
81.48 26375
81.49 26379
81.50 26381
81.51 26385
81.52 26389
81.53 26392
81.54 26397
81.55 26405
81.56 26409
81.57 26412
81.58 26416
81.59 26423
81.60 26428
81.61 26431
81.62 26436
81.63 26441
81.65 26445
81.66 26449
81.67 26456
81.68 26459
81.69 26465
81.70 26472
81.71 26477
81.72 26482
81.73 26486
81.74 26491
81.75 26498
81.76 26502
81.77 26507
81.78 26510
81.79 26517
81.80 26521
81.81 26524
81.83 26527
81.84 26528
81.85 26535
81.86 26541
81.87 26545
81.88 26548
81.89 26552
81.90 26556
81.91 26559
81.92 26567
81.93 26572
81.94 26576
81.95 26579
81.96 26586
81.97 26591
81.98 26594
81.99 26599
82.01 26601
82.02 26605
82.03 26609
82.04 26615
82.05 26619
82.06 26626
82.07 26631
82.08 26636
82.09 26641
82.10 26646
82.11 26649
82.12 26655
82.13 26659
82.14 26665
82.15 26669
82.16 26672
82.17 26678
82.19 26681
82.20 26689
82.21 26692
82.22 26697
82.23 26702
82.24 26707
82.25 26713
82.26 26717
82.27 26720
82.28 26725
82.29 26730
82.30 26734
82.31 26737
82.32 26740
82.33 26742
82.34 26747
82.35 26752
82.36 26755
82.38 26757
82.39 26761
82.40 26768
82.41 26772
82.42 26779
82.43 26781
82.44 26788
82.45 26792
82.46 26796
82.47 26801
82.48 26804
82.49 26807
82.50 26813
82.51 26817
82.52 26820
82.53 26825
82.54 26829
82.56 26833
82.57 26839
82.58 26842
82.59 26846
82.60 26849
82.61 26853
82.62 26857
82.63 26861
82.64 26865
82.65 26866
82.66 26870
82.67 26876
82.68 26879
82.69 26881
82.70 26883
82.71 26883
82.72 26885
82.74 26888
82.75 26894
82.76 26899
82.77 26903
82.78 26909
82.79 26915
82.80 26917
82.81 26921
82.82 26925
82.83 26926
82.84 26932
82.85 26937
82.86 26941
82.87 26946
82.88 26951
82.89 26954
82.90 26961
82.92 26967
82.93 26972
82.94 26976
82.95 26978
82.96 26983
82.97 26989
82.98 26993
82.99 26999
83.00 27003
83.01 27005
83.02 27012
83.03 27021
83.04 27026
83.05 27031
83.06 27036
83.07 27040
83.08 27046
83.10 27050
83.11 27054
83.12 27058
83.13 27063
83.14 27068
83.15 27072
83.16 27079
83.17 27084
83.18 27087
83.19 27093
83.20 27098
83.21 27101
83.22 27106
83.23 27109
83.24 27115
83.25 27120
83.26 27122
83.27 27128
83.29 27132
83.30 27133
83.31 27139
83.32 27143
83.33 27147
83.34 27153
83.35 27158
83.36 27165
83.37 27169
83.38 27177
83.39 27182
83.40 27187
83.41 27192
83.42 27196
83.43 27200
83.44 27206
83.45 27208
83.47 27213
83.48 27218
83.49 27223
83.50 27227
83.51 27230
83.52 27234
83.53 27238
83.54 27241
83.55 27243
83.56 27247
83.57 27251
83.58 27256
83.59 27259
83.60 27262
83.61 27266
83.62 27269
83.63 27274
83.65 27278
83.66 27282
83.67 27286
83.68 27290
83.69 27294
83.70 27301
83.71 27303
83.72 27310
83.73 27315
83.74 27319
83.75 27325
83.76 27330
83.77 27334
83.78 27336
83.79 27340
83.80 27345
83.81 27349
83.83 27352
83.84 27354
83.85 27358
83.86 27362
83.87 27365
83.88 27370
83.89 27372
83.90 27376
83.91 27379
83.92 27382
83.93 27386
83.94 27390
83.95 27397
83.96 27402
83.97 27406
83.98 27412
83.99 27417
84.01 27423
84.02 27427
84.03 27431
84.04 27434
84.05 27439
84.06 27443
84.07 27447
84.08 27450
84.09 27453
84.10 27457
84.11 27461
84.12 27465
84.13 27467
84.14 27473
84.15 27477
84.16 27480
84.17 27483
84.18 27487
84.20 27490
84.21 27495
84.22 27500
84.23 27505
84.24 27512
84.25 27517
84.26 27525
84.27 27530
84.28 27535
84.29 27539
84.30 27543
84.31 27549
84.32 27553
84.33 27558
84.34 27563
84.35 27565
84.36 27571
84.38 27575
84.39 27581
84.40 27583
84.41 27587
84.42 27590
84.43 27595
84.44 27599
84.45 27604
84.46 27608
84.47 27611
84.48 27617
84.49 27621
84.50 27624
84.51 27628
84.52 27634
84.53 27639
84.54 27645
84.56 27650
84.57 27657
84.58 27661
84.59 27666
84.60 27670
84.61 27673
84.62 27674
84.63 27679
84.64 27684
84.65 27687
84.66 27692
84.67 27697
84.68 27700
84.69 27705
84.70 27708
84.71 27714
84.72 27716
84.74 27720
84.75 27726
84.76 27732
84.77 27737
84.78 27741
84.79 27744
84.80 27749
84.81 27754
84.82 27760
84.83 27764
84.84 27770
84.85 27775
84.86 27776
84.87 27780
84.88 27785
84.89 27788
84.90 27791
84.92 27798
84.93 27803
84.94 27807
84.95 27814
84.96 27819
84.97 27824
84.98 27825
84.99 27830
85.00 27832
85.01 27833
85.02 27838
85.03 27841
85.04 27844
85.05 27851
85.06 27857
85.07 27862
85.08 27866
85.09 27869
85.11 27874
85.12 27880
85.13 27883
85.14 27886
85.15 27891
85.16 27895
85.17 27899
85.18 27904
85.19 27908
85.20 27913
85.21 27919
85.22 27921
85.23 27924
85.24 27926
85.25 27930
85.26 27934
85.27 27939
85.29 27943
85.30 27947
85.31 27953
85.32 27958
85.33 27962
85.34 27966
85.35 27970
85.36 27974
85.37 27980
85.38 27986
85.39 27991
85.40 27994
85.41 27998
85.42 28002
85.43 28008
85.44 28012
85.45 28018
85.47 28023
85.48 28028
85.49 28033
85.50 28038
85.51 28044
85.52 28050
85.53 28053
85.54 28059
85.55 28064
85.56 28068
85.57 28073
85.58 28077
85.59 28080
85.60 28083
85.61 28087
85.62 28088
85.63 28093
85.65 28095
85.66 28099
85.67 28103
85.68 28109
85.69 28114
85.70 28119
85.71 28125
85.72 28133
85.73 28137
85.74 28140
85.75 28146
85.76 28150
85.77 28153
85.78 28158
85.79 28162
85.80 28167
85.81 28170
85.83 28174
85.84 28178
85.85 28183
85.86 28187
85.87 28189
85.88 28194
85.89 28200
85.90 28202
85.91 28208
85.92 28210
85.93 28214
85.94 28219
85.95 28222
85.96 28227
85.97 28231
85.98 28234
85.99 28238
86.00 28241
86.02 28243
86.03 28249
86.04 28256
86.05 28261
86.06 28266
86.07 28270
86.08 28274
86.09 28278
86.10 28282
86.11 28284
86.12 28288
86.13 28295
86.14 28298
86.15 28302
86.16 28306
86.17 28311
86.18 28316
86.20 28320
86.21 28325
86.22 28330
86.23 28333
86.24 28336
86.25 28338
86.26 28345
86.27 28349
86.28 28355
86.29 28360
86.30 28363
86.31 28369
86.32 28373
86.33 28376
86.34 28383
86.35 28390
86.36 28397
86.38 28403
86.39 28407
86.40 28410
86.41 28413
86.42 28418
86.43 28423
86.44 28429
86.45 28435
86.46 28440
86.47 28443
86.48 28448
86.49 28452
86.50 28456
86.51 28460
86.52 28463
86.53 28470
86.54 28471
86.56 28477
86.57 28481
86.58 28485
86.59 28490
86.60 28494
86.61 28501
86.62 28508
86.63 28510
86.64 28513
86.65 28518
86.66 28523
86.67 28526
86.68 28533
86.69 28537
86.70 28542
86.71 28546
86.72 28550
86.74 28557
86.75 28561
86.76 28566
86.77 28571
86.78 28577
86.79 28582
86.80 28588
86.81 28593
86.82 28595
86.83 28599
86.84 28604
86.85 28607
86.86 28613
86.87 28615
86.88 28618
86.89 28620
86.90 28622
86.91 28624
86.93 28628
86.94 28634
86.95 28639
86.96 28640
86.97 28644
86.98 28648
86.99 28651
87.00 28655
87.01 28659
87.02 28661
87.03 28664
87.04 28666
87.05 28673
87.06 28679
87.07 28682
87.08 28684
87.09 28685
87.11 28688
87.12 28695
87.13 28701
87.14 28706
87.15 28711
87.16 28717
87.17 28721
87.18 28724
87.19 28731
87.20 28736
87.21 28743
87.22 28749
87.23 28752
87.24 28757
87.25 28762
87.26 28763
87.27 28764
87.29 28772
87.30 28773
87.31 28777
87.32 28779
87.33 28781
87.34 28787
87.35 28790
87.36 28793
87.37 28798
87.38 28802
87.39 28807
87.40 28810
87.41 28812
87.42 28816
87.43 28822
87.44 28826
87.45 28832
87.47 28836
87.48 28840
87.49 28844
87.50 28846
87.51 28850
87.52 28854
87.53 28857
87.54 28859
87.55 28860
87.56 28865
87.57 28869
87.58 28871
87.59 28874
87.60 28879
87.61 28883
87.62 28887
87.63 28889
87.64 28893
87.66 28896
87.67 28897
87.68 28900
87.69 28903
87.70 28908
87.71 28909
87.72 28910
87.73 28912
87.74 28917
87.75 28918
87.76 28922
87.77 28925
87.78 28929
87.79 28934
87.80 28936
87.81 28940
87.82 28943
87.84 28945
87.85 28946
87.86 28950
87.87 28954
87.88 28957
87.89 28957
87.90 28959
87.91 28966
87.92 28970
87.93 28974
87.94 28974
87.95 28975
87.96 28981
87.97 28987
87.98 28992
87.99 28996
88.00 28999
88.02 29004
88.03 29008
88.04 29008
88.05 29011
88.06 29012
88.07 29016
88.08 29017
88.09 29018
88.10 29018
88.11 29019
88.12 29022
88.13 29023
88.14 29025
88.15 29029
88.16 29035
88.17 29039
88.18 29045
88.20 29047
88.21 29052
88.22 29056
88.23 29060
88.24 29061
88.25 29063
88.26 29065
88.27 29067
88.28 29072
88.29 29077
88.30 29080
88.31 29082
88.32 29088
88.33 29089
88.34 29092
88.35 29097
88.36 29098
88.38 29100
88.39 29105
88.40 29109
88.41 29111
88.42 29116
88.43 29117
88.44 29121
88.45 29124
88.46 29127
88.47 29129
88.48 29133
88.49 29138
88.50 29143
88.51 29150
88.52 29154
88.53 29158
88.54 29162
88.55 29168
88.57 29174
88.58 29180
88.59 29184
88.60 29189
88.61 29191
88.62 29195
88.63 29201
88.64 29205
88.65 29207
88.66 29212
88.67 29216
88.68 29217
88.69 29223
88.70 29226
88.71 29233
88.72 29238
88.73 29242
88.75 29247
88.76 29248
88.77 29255
88.78 29262
88.79 29265
88.80 29267
88.81 29272
88.82 29276
88.83 29280
88.84 29286
88.85 29290
88.86 29296
88.87 29300
88.88 29305
88.89 29309
88.90 29313
88.91 29315
88.93 29321
88.94 29326
88.95 29329
88.96 29332
88.97 29337
88.98 29339
88.99 29343
89.00 29348
89.01 29352
89.02 29356
89.03 29361
89.04 29364
89.05 29368
89.06 29373
89.07 29377
89.08 29380
89.09 29387
89.11 29395
89.12 29401
89.13 29408
89.14 29412
89.15 29417
89.16 29419
89.17 29421
89.18 29427
89.19 29432
89.20 29433
89.21 29436
89.22 29441
89.23 29445
89.24 29448
89.25 29449
89.26 29453
89.27 29456
89.29 29461
89.30 29465
89.31 29472
89.32 29475
89.33 29477
89.34 29478
89.35 29483
89.36 29485
89.37 29486
89.38 29489
89.39 29490
89.40 29492
89.41 29494
89.42 29497
89.43 29498
89.44 29501
89.45 29501
89.46 29502
89.48 29507
89.49 29510
89.50 29512
89.51 29513
89.52 29515
89.53 29516
89.54 29518
89.55 29519
89.56 29521
89.57 29521
89.58 29524
89.59 29527
89.60 29529
89.61 29532
89.62 29533
89.63 29533
89.64 29534
89.66 29535
89.67 29537
89.68 29538
89.69 29539
89.70 29539
89.71 29540
89.72 29542
89.73 29546
89.74 29546
89.75 29546
89.76 29549
89.77 29549
89.78 29549
89.79 29551
89.80 29551
89.81 29551
89.82 29551
89.84 29552
89.85 29552
89.86 29552
89.87 29552
89.88 29552
89.89 29552
89.90 29553
89.91 29553
89.92 29553
89.93 29556
89.94 29557
89.95 29557
89.96 29560
89.97 29560
89.98 29562
89.99 29563
90.00 29563
90.02 29565
90.03 29568
90.04 29568
90.05 29568
90.06 29569
90.07 29574
90.08 29576
90.09 29578
90.10 29578
90.11 29579
90.12 29579
90.13 29580
90.14 29582
90.15 29582
90.16 29586
90.17 29590
90.18 29593
90.20 29600
90.21 29605
90.22 29609
90.23 29611
90.24 29613
90.25 29614
90.26 29617
90.27 29618
90.28 29621
90.29 29623
90.30 29625
90.31 29629
90.32 29634
90.33 29634
90.34 29635
90.35 29635
90.36 29639
90.37 29639
90.39 29643
90.40 29644
90.41 29645
90.42 29650
90.43 29652
90.44 29656
90.45 29658
90.46 29659
90.47 29659
90.48 29659
90.49 29661
90.50 29664
90.51 29669
90.52 29673
90.53 29677
90.54 29683
90.55 29685
90.57 29687
90.58 29688
90.59 29690
90.60 29693
90.61 29694
90.62 29699
90.63 29704
90.64 29706
90.65 29710
90.66 29717
90.67 29724
90.68 29730
90.69 29737
90.70 29741
90.71 29745
90.72 29749
90.73 29755
90.75 29757
90.76 29759
90.77 29764
90.78 29768
90.79 29772
90.80 29774
90.81 29777
90.82 29783
90.83 29788
90.84 29791
90.85 29795
90.86 29797
90.87 29800
90.88 29803
90.89 29809
90.90 29812
90.91 29816
90.93 29820
90.94 29824
90.95 29826
90.96 29828
90.97 29830
90.98 29836
90.99 29840
91.00 29840
91.01 29844
91.02 29848
91.03 29854
91.04 29861
91.05 29867
91.06 29872
91.07 29878
91.08 29882
91.09 29885
91.11 29891
91.12 29894
91.13 29899
91.14 29903
91.15 29908
91.16 29916
91.17 29919
91.18 29924
91.19 29928
91.20 29929
91.21 29932
91.22 29936
91.23 29942
91.24 29947
91.25 29952
91.26 29957
91.27 29961
91.28 29966
91.30 29969
91.31 29974
91.32 29977
91.33 29977
91.34 29980
91.35 29985
91.36 29990
91.37 29995
91.38 30001
91.39 30007
91.40 30012
91.41 30018
91.42 30022
91.43 30027
91.44 30030
91.45 30033
91.46 30037
91.48 30043
91.49 30047
91.50 30053
91.51 30056
91.52 30060
91.53 30064
91.54 30066
91.55 30068
91.56 30072
91.57 30075
91.58 30080
91.59 30084
91.60 30089
91.61 30094
91.62 30097
91.63 30100
91.64 30102
91.66 30108
91.67 30113
91.68 30117
91.69 30121
91.70 30125
91.71 30129
91.72 30134
91.73 30140
91.74 30145
91.75 30149
91.76 30151
91.77 30157
91.78 30160
91.79 30166
91.80 30172
91.81 30173
91.82 30178
91.84 30183
91.85 30189
91.86 30192
91.87 30194
91.88 30197
91.89 30199
91.90 30203
91.91 30206
91.92 30208
91.93 30212
91.94 30216
91.95 30223
91.96 30228
91.97 30234
91.98 30240
91.99 30246
92.00 30252
92.02 30257
92.03 30261
92.04 30265
92.05 30271
92.06 30276
92.07 30279
92.08 30284
92.09 30289
92.10 30293
92.11 30297
92.12 30301
92.13 30306
92.14 30313
92.15 30319
92.16 30323
92.17 30327
92.18 30329
92.19 30331
92.21 30333
92.22 30334
92.23 30337
92.24 30341
92.25 30347
92.26 30353
92.27 30358
92.28 30359
92.29 30363
92.30 30367
92.31 30368
92.32 30370
92.33 30376
92.34 30380
92.35 30387
92.36 30388
92.37 30390
92.39 30393
92.40 30397
92.41 30401
92.42 30406
92.43 30410
92.44 30414
92.45 30419
92.46 30424
92.47 30428
92.48 30435
92.49 30442
92.50 30446
92.51 30449
92.52 30453
92.53 30459
92.54 30462
92.55 30466
92.57 30468
92.58 30472
92.59 30480
92.60 30484
92.61 30489
92.62 30494
92.63 30498
92.64 30501
92.65 30504
92.66 30509
92.67 30514
92.68 30518
92.69 30523
92.70 30528
92.71 30535
92.72 30541
92.73 30546
92.75 30551
92.76 30555
92.77 30561
92.78 30566
92.79 30570
92.80 30572
92.81 30577
92.82 30577
92.83 30583
92.84 30586
92.85 30591
92.86 30595
92.87 30599
92.88 30602
92.89 30604
92.90 30608
92.91 30612
92.93 30618
92.94 30621
92.95 30628
92.96 30631
92.97 30631
92.98 30634
92.99 30639
93.00 30644
93.01 30649
93.02 30652
93.03 30656
93.04 30662
93.05 30665
93.06 30672
93.07 30678
93.08 30681
93.09 30684
93.10 30686
93.12 30690
93.13 30696
93.14 30701
93.15 30704
93.16 30707
93.17 30709
93.18 30714
93.19 30718
93.20 30723
93.21 30726
93.22 30729
93.23 30735
93.24 30738
93.25 30743
93.26 30747
93.27 30751
93.28 30755
93.30 30759
93.31 30763
93.32 30769
93.33 30773
93.34 30777
93.35 30781
93.36 30786
93.37 30791
93.38 30796
93.39 30801
93.40 30806
93.41 30809
93.42 30811
93.43 30816
93.44 30821
93.45 30824
93.46 30828
93.48 30832
93.49 30837
93.50 30843
93.51 30849
93.52 30852
93.53 30855
93.54 30858
93.55 30859
93.56 30863
93.57 30866
93.58 30867
93.59 30872
93.60 30875
93.61 30881
93.62 30887
93.63 30889
93.64 30893
93.66 30895
93.67 30900
93.68 30904
93.69 30905
93.70 30907
93.71 30909
93.72 30914
93.73 30920
93.74 30924
93.75 30928
93.76 30930
93.77 30934
93.78 30938
93.79 30945
93.80 30950
93.81 30956
93.82 30962
93.84 30966
93.85 30972
93.86 30975
93.87 30979
93.88 30984
93.89 30989
93.90 30997
93.91 31004
93.92 31009
93.93 31014
93.94 31020
93.95 31026
93.96 31031
93.97 31038
93.98 31045
93.99 31050
94.00 31055
94.01 31060
94.03 31064
94.04 31069
94.05 31071
94.06 31074
94.07 31076
94.08 31078
94.09 31081
94.10 31085
94.11 31089
94.12 31090
94.13 31092
94.14 31095
94.15 31102
94.16 31106
94.17 31110
94.18 31117
94.19 31121
94.21 31127
94.22 31131
94.23 31134
94.24 31138
94.25 31142
94.26 31145
94.27 31148
94.28 31153
94.29 31158
94.30 31163
94.31 31168
94.32 31173
94.33 31176
94.34 31182
94.35 31187
94.36 31192
94.37 31198
94.39 31204
94.40 31211
94.41 31215
94.42 31220
94.43 31222
94.44 31226
94.45 31229
94.46 31233
94.47 31235
94.48 31237
94.49 31239
94.50 31243
94.51 31247
94.52 31250
94.53 31253
94.54 31258
94.55 31263
94.57 31267
94.58 31270
94.59 31274
94.60 31275
94.61 31279
94.62 31281
94.63 31285
94.64 31288
94.65 31291
94.66 31293
94.67 31298
94.68 31303
94.69 31305
94.70 31312
94.71 31317
94.72 31322
94.73 31326
94.75 31330
94.76 31335
94.77 31338
94.78 31343
94.79 31349
94.80 31353
94.81 31359
94.82 31366
94.83 31370
94.84 31374
94.85 31376
94.86 31381
94.87 31384
94.88 31388
94.89 31392
94.90 31394
94.91 31398
94.92 31403
94.94 31405
94.95 31407
94.96 31409
94.97 31414
94.98 31418
94.99 31423
95.00 31427
95.01 31431
95.02 31438
95.03 31442
95.04 31449
95.05 31453
95.06 31458
95.07 31463
95.08 31470
95.09 31475
95.10 31480
95.12 31484
95.13 31488
95.14 31491
95.15 31495
95.16 31501
95.17 31505
95.18 31508
95.19 31510
95.20 31512
95.21 31513
95.22 31515
95.23 31516
95.24 31520
95.25 31524
95.26 31525
95.27 31529
95.28 31531
95.30 31535
95.31 31537
95.32 31538
95.33 31540
95.34 31541
95.35 31542
95.36 31543
95.37 31545
95.38 31546
95.39 31548
95.40 31548
95.41 31549
95.42 31552
95.43 31553
95.44 31557
95.45 31558
95.46 31558
95.48 31559
95.49 31560
95.50 31563
95.51 31570
95.52 31573
95.53 31576
95.54 31579
95.55 31584
95.56 31588
95.57 31591
95.58 31593
95.59 31595
95.60 31602
95.61 31605
95.62 31608
95.63 31611
95.64 31615
95.66 31622
95.67 31625
95.68 31629
95.69 31633
95.70 31637
95.71 31639
95.72 31641
95.73 31642
95.74 31644
95.75 31647
95.76 31652
95.77 31656
95.78 31660
95.79 31666
95.80 31670
95.81 31673
95.82 31676
95.83 31681
95.85 31686
95.86 31690
95.87 31693
95.88 31697
95.89 31702
95.90 31708
95.91 31715
95.92 31718
95.93 31722
95.94 31727
95.95 31730
95.96 31731
95.97 31736
95.98 31740
95.99 31746
96.00 31749
96.01 31755
96.03 31760
96.04 31765
96.05 31770
96.06 31774
96.07 31779
96.08 31785
96.09 31790
96.10 31795
96.11 31801
96.12 31805
96.13 31808
96.14 31815
96.15 31818
96.16 31822
96.17 31824
96.18 31831
96.19 31836
96.21 31841
96.22 31845
96.23 31850
96.24 31853
96.25 31856
96.26 31861
96.27 31867
96.28 31872
96.29 31877
96.30 31881
96.31 31886
96.32 31893
96.33 31897
96.34 31904
96.35 31907
96.36 31912
96.37 31916
96.39 31920
96.40 31926
96.41 31931
96.42 31934
96.43 31937
96.44 31942
96.45 31945
96.46 31948
96.47 31952
96.48 31956
96.49 31959
96.50 31963
96.51 31968
96.52 31969
96.53 31972
96.54 31976
96.55 31979
96.57 31984
96.58 31986
96.59 31991
96.60 31994
96.61 31998
96.62 32002
96.63 32006
96.64 32011
96.65 32015
96.66 32018
96.67 32024
96.68 32029
96.69 32031
96.70 32036
96.71 32041
96.72 32047
96.73 32053
96.74 32058
96.76 32064
96.77 32069
96.78 32074
96.79 32079
96.80 32085
96.81 32091
96.82 32095
96.83 32099
96.84 32103
96.85 32105
96.86 32110
96.87 32116
96.88 32119
96.89 32123
96.90 32127
96.91 32131
96.92 32135
96.94 32139
96.95 32143
96.96 32149
96.97 32152
96.98 32155
96.99 32160
97.00 32165
97.01 32169
97.02 32175
97.03 32179
97.04 32182
97.05 32184
97.06 32188
97.07 32190
97.08 32194
97.09 32202
97.10 32207
97.12 32211
97.13 32217
97.14 32221
97.15 32224
97.16 32228
97.17 32233
97.18 32237
97.19 32241
97.20 32246
97.21 32252
97.22 32256
97.23 32260
97.24 32264
97.25 32268
97.26 32270
97.27 32276
97.28 32280
97.30 32284
97.31 32287
97.32 32291
97.33 32297
97.34 32302
97.35 32306
97.36 32310
97.37 32313
97.38 32316
97.39 32320
97.40 32326
97.41 32330
97.42 32334
97.43 32340
97.44 32345
97.45 32353
97.46 32356
97.48 32359
97.49 32362
97.50 32365
97.51 32368
97.52 32373
97.53 32378
97.54 32381
97.55 32386
97.56 32394
97.57 32399
97.58 32402
97.59 32406
97.60 32411
97.61 32412
97.62 32419
97.63 32424
97.64 32429
97.65 32433
97.67 32439
97.68 32444
97.69 32450
97.70 32453
97.71 32458
97.72 32462
97.73 32466
97.74 32470
97.75 32474
97.76 32478
97.77 32483
97.78 32485
97.79 32490
97.80 32496
97.81 32501
97.82 32508
97.83 32512
97.85 32519
97.86 32524
97.87 32529
97.88 32533
97.89 32538
97.90 32542
97.91 32545
97.92 32548
97.93 32556
97.94 32561
97.95 32566
97.96 32569
97.97 32575
97.98 32579
97.99 32583
98.00 32584
98.01 32585
98.03 32585
98.04 32592
98.05 32596
98.06 32601
98.07 32606
98.08 32610
98.09 32618
98.10 32625
98.11 32631
98.12 32637
98.13 32642
98.14 32648
98.15 32652
98.16 32656
98.17 32663
98.18 32668
98.19 32673
98.21 32679
98.22 32684
98.23 32689
98.24 32693
98.25 32696
98.26 32697
98.27 32700
98.28 32705
98.29 32707
98.30 32711
98.31 32715
98.32 32719
98.33 32723
98.34 32727
98.35 32732
98.36 32735
98.37 32739
98.39 32743
98.40 32749
98.41 32755
98.42 32758
98.43 32758
98.44 32759
98.45 32766
98.46 32769
98.47 32774
98.48 32777
98.49 32782
98.50 32786
98.51 32792
98.52 32798
98.53 32803
98.54 32809
98.55 32813
98.56 32822
98.58 32826
98.59 32830
98.60 32833
98.61 32836
98.62 32839
98.63 32843
98.64 32849
98.65 32854
98.66 32859
98.67 32860
98.68 32862
98.69 32864
98.70 32869
98.71 32872
98.72 32878
98.73 32881
98.74 32884
98.76 32888
98.77 32889
98.78 32890
98.79 32894
98.80 32900
98.81 32904
98.82 32909
98.83 32912
98.84 32918
98.85 32924
98.86 32929
98.87 32934
98.88 32939
98.89 32943
98.90 32945
98.91 32948
98.92 32951
98.94 32954
98.95 32956
98.96 32961
98.97 32967
98.98 32972
98.99 32977
99.00 32981
99.01 32984
99.02 32988
99.03 32993
99.04 32998
99.05 33001
99.06 33007
99.07 33013
99.08 33018
99.09 33024
99.10 33030
99.12 33033
99.13 33035
99.14 33038
99.15 33042
99.16 33044
99.17 33045
99.18 33051
99.19 33055
99.20 33060
99.21 33063
99.22 33069
99.23 33075
99.24 33077
99.25 33084
99.26 33085
99.27 33089
99.28 33092
99.30 33096
99.31 33100
99.32 33105
99.33 33106
99.34 33111
99.35 33114
99.36 33116
99.37 33118
99.38 33123
99.39 33129
99.40 33134
99.41 33139
99.42 33143
99.43 33148
99.44 33151
99.45 33153
99.46 33156
99.47 33157
99.49 33160
99.50 33163
99.51 33169
99.52 33173
99.53 33175
99.54 33178
99.55 33185
99.56 33189
99.57 33195
99.58 33202
99.59 33205
99.60 33210
99.61 33215
99.62 33217
99.63 33221
99.64 33224
99.65 33229
99.67 33235
99.68 33238
99.69 33244
99.70 33249
99.71 33255
99.72 33260
99.73 33265
99.74 33269
99.75 33272
99.76 33277
99.77 33284
99.78 33286
99.79 33290
99.80 33295
99.81 33300
99.82 33304
99.83 33308
99.85 33313
99.86 33317
99.87 33321
99.88 33327
99.89 33330
99.90 33333
99.91 33338
99.92 33341
99.93 33345
99.94 33351
99.95 33356
99.96 33362
99.97 33368
99.98 33375
99.99 33380
